channel_name,channel_id,target_age
다이어트 과학자 최겸 Gyum Choi,UChXDq9Izwq-pTzeUWzwXL3A,health
한의사트레이너,UC_KjTyC5e0DFNxn6GIgBxcQ,health
블락스blocks,UC5qF47U0ErUHBgK4Rgy5ymA,health
김지만TV,UCCFD5pLnLB2oEb4tPm1YemA,health
김소영건강체조티비-Health gymnastics,UCSi2gkWNFwoMpb5Nu19EnpA,health
통증교정 수연쌤,UCafAiwzaq1wXHIJOCm4zSoQ,health
우수한 영양학,UCxkwgIYCm3vLlYITOzdByZg,health
빵느,UCRrZ5RYIalHLiHq5ftzxM6A,health
홍삼아 댄스&에어로빅,UCNcl4-NKaNrX0CBK3Gmd5Ag,health
약초1번지,UCvf59uLGe-VyEcoNsp15K0w,health
DENTIS_official,UCv5oPNeMFM1TY4RPv8DFpiw,health
보이스멘토소리방송,UCkJThHTYxa9g_NMuduvB59g,health
묘한의사,UCfoYhXOvlYcQ77DFjoKVShw,health
백세건강,UCDnD2G8DJDWC8l3PxV8Z-9w,health
한창수의 마음정비소,UCrYTwrtIYWH_woB6mbgoTqQ,health
꾸준명언,UC2V7hgTgygljIgJ562fqr2w,health
홍슐린 Hongsulin,UCCwxxUvGt5eV1d0oNQuoGew,health
1분운동프로젝트,UC64jajnyiD8I9X-5Sg8j3Xg,health
건강한 하루일기,UCGDjp1fHJsal8ytfTbugyGw,health
한국암웨이 | Amway Korea,UCFIvAd47LFnUAAQWsvfgLrw,health
김수연의 우아한 노화,UC-OldTguSguK0v-d21Tmryw,health
바이탈뷰티 VITALBEAUTIE,UC5u0ZAjYsDroA7OxPWusW8w,health
부산대학교병원,UCEIt2uHc6gErZ5OhM_4PD1Q,health
한님쌤 필라테스,UCwmRBz79DCVq3v8FHBcAyZQ,health
습관 교육자 호남두,UCiUGAEAdFdVklbAuNr4pBjA,health
서울아산병원,UC08tP3KIyCK9vYNZm5qQuiw,health
Go민정이,UCkIEhLQ_Qklj_5kI-2CVtLg,health
다이어트독학,UCYNbAXBuzpf1-EzWxZpxVkw,health
원더풀 마인드,UC_tSje-LM1-3KBrpnRCx-uA,health
남의철 DEEP & HIGH SPORTS,UChH-OfsKn49iR5NiFmKqlSg,health
DN.Beauty Spanish,UC6djDPQBnPKgQfabG1AWvVw,health
운동발전소,UCKcoIgqVJfhkM90ouK8TFaw,health
온케어닥터 이찬용: 암.자율신경.통증,UCrbB5oQTj3o8zkUUQMAOwHg,health
제니원장 요가수련과 철학,UCoNhtvmUg9TXjaSm9PHiRAg,health
정희원의 저속노화,UCxRSQfYmcVEI5jP3sOwnlpw,health
자율신경한의사 박원장,UCLZbDbQXnPlTVIqp9Nf7TdQ,health
내조왕,UCL6doUTgz_nSC05J5DBMmFQ,health
60세 이후 건강,UC4NBaUA6_-v7Ry4qFVkp5DQ,health
지식라디오,UCOGa-Jq_2wQmcefhlrztCJg,health
맨날청춘,UC0T7zY8PkU80wPYzN-50jFw,health
백세의지혜,UC0UzIcP-JjKBKZe22Nv_OCw,health
닥터홍선생 (OS Dr.Hong),UCv4rzc34JS1pl3CA9RvqXcg,health
"우리동네 유방이야기, 우유티비",UC8nMtNQnCoyo2T4-nz0iXZg,health
아름약사,UCsF_qb0oB4E3RRZsNtBMbpw,health
박미경TV,UCqkpNJhqVNLECwRQYSiNFCg,health
약드라이브,UCCGR6u27kI44_VWM1FJa7mw,health
헬스조선명의,UCtuElSetSJ8xdK2cSebqyzQ,health
파워 POWER,UC7656hu-O-1r8XiXU0e68ew,health
닥터 표TV Dr Pyo TV,UCgFupN0s5eAxvvgAFgvriRA,health
당뇨 극복하기 : 혈당연구소,UCF3foF-MPoSafImUPvN1etA,health
명상하는작은언니,UCMHZrwm4m_eKiGLfPFtY04w,health
손승도 힐링 TV,UCLaq_IZgG_w6emiu9FjSgWA,health
남성 파워 건강TV,UCCZtYfsHp_zsM58mMmfWoyA,health
KB라이프생명,UCrKJwnv6-psXk6AMDg5zX7A,health
몸짱 약사 민재원,UCukEBqgp_pY3VmyWV_MPxXg,health
곱슬전문 필헤어테크,UCSaqhjR-MsRqblP-tIaRWDg,health
박치열의 코멘터리,UCS1EqlF3NbRsn1rfWL_7_qA,health
Table tennis 빼롱요롱TV,UClEtrURnmlkh05XYsAroz1Q,health
명지병원-MYONGJI HOSPITAL,UCIRVUrwZPuVL05S9uBOpx8g,health
노후세계TV,UCq91_PZCktLCzztCGCEF4pQ,health
코비와 나,UCa1e1gqcJc69XD98HmGcmBQ,health
동네 트레이너 문씨 (메꿀다이어트짐 피트니스),UClGcmgF68662O9bAmKgi5fA,health
굿리치,UCOywTwTenIqiE3MqlOJQ9Fg,health
필라테스학교_PILATES SCHULE,UCegPcx8b176ex2LX3oZRKYw,health
알약TV-알통키우는약사,UCPAz1w9i2ajr4935hYNy8bA,health
연치코치,UCiSIIrRHrNv6muHyNBG7JIQ,health
구해줘암선생,UCZNP0D2Gr4g4weiWB5ZT_Wg,health
SMART Surgeries_분당서울대학교병원,UChSgAmSNGBsD-anFLLgaqtw,health
지혜백서,UCTWQLX_se9Go8SJFGQ0xNKQ,health
메이트언니들matewedding,UCMtAX_8rOh7b81TBWaWFEsg,health
am0950 아홉시오십분,UCcTsc3kxnGnq0FwFlFcNA4w,health
김가은 한의사의 오늘치유,UC4Qv1IkLa2QgAaDeILgy47A,health
ほのぼのラジオ,UCoEvqxj4MXmG71XAbWyAkWQ,health
경희신맥한의원,UCrJG7sgkVfICn-3_MeXiaRA,health
Dr. Robert의 건강 비결,UCKXeTKG2IZnB0CDx7REd9aQ,health
성선썰,UC7GZk0oofmBg3CtlFKKeQQg,health
대도농원,UCrib-_N4qDksH0s3gsJj9cw,health
박광범의 임플란트 수술방,UC4Nt63aVUVGDwcFMlMOxOyg,health
닥터 살루스,UCIJXye7VhSVT-7agMoZdMpQ,health
부산365mc - 지방이TV,UCN1A0pT9YtzTQBNPE6KxC8w,health
유소이 Soi makeup,UCo6ozRtUbiwYaPnf5WIBNNg,health
홈트닥터,UCaNATT80YRUcuCZ3Ln6awaw,health
학교체육진흥회,UCfnaxgFfqsLtv5piDLs12GQ,health
웰빙라이프TV,UCrOaUvaWKQPnaoUfJqI8Xqw,health
옥구,UCv3MuIE41RrT2m3PXi4kKFw,health
제일리핏케어,UCf_rpPJVcXa9xJ32s7Q4UEQ,health
Master Healer 성영주,UCx9owdsdbalU0ejMN0jDbkg,health
헬저씨,UCSA1fvrRfwWAgN-2iuGlQRQ,health
건국대학교병원,UCO73y3Xo_W4DB_pUImiYheA,health
참하지외과 CHARM VEIN CENTER,UCiHlyAgWpFxsedbIkTLtV1A,health
KK건강TV,UCegFIx1LTAYGAHvvGq8UGng,health
마음챙김TV (최현성),UCe_u11uVzBTf76xw_quR1cA,health
정세연의 라이프연구소,UCj8zZ1a8Lqtj4wY2bHbcIaQ,health
Healing Studio,UCbSfuDSl9YPBjubukvchZfQ,health
현실의 코덱스,UC0Ajz54XeAYdF8MlKLkIJqQ,health
꾸러기 건강닥터,UC897htqSWjwPSgfCaVmh_XA,health
Doctalk,UCaCYiweMo3xsNtTRW38icKA,health
별씽튜브,UC3vuKYYunHhPa9gq9kBWwsQ,health
JM WORKOUT : KIM JUNG MIN 김정민,UCYajbktFJOUlNeu2cIfGxGw,health
50대채널,UCM5fU-eTFFHkLopBY5tbe1A,health
오쿨리TV,UC9fmtKeuHczIsFisgYEnW-w,health
치아재TV,UCq26t4NQzTUlWJ8CrqHEglQ,health
이건민의 풍성한 이야기,UCMYFfUu0IHJTF7J4hE-1lGg,health
롯데홈쇼핑 롯튜브 ,UCwhegDfCyzBBKZnJgs6ggqw,health
에이핏 afit,UCRGZCFuFCwp2D_YKByrqRfw,health
하다,UClLrYUwV5coRpu-yLJ_E8uw,health
권은구_Kwon eun goo,UCv8PoI4yS3lLb5P-tGozVRw,health
경희의료원,UCSPd120sfHaijEkMmDNVdKQ,health
동영박사,UCXPiqdKeaCd1K82ZGg3ccVw,health
책도리TV,UCbaXu_mTn6ya_pabSkx7xxw,health
닥터 정직왕,UCK7EFcwENTp8vu42PVdRXGQ,health
"맞춤주치의, 닥터JM",UCnytxIobBmUuWf1kf8GiX4g,health
행복한의사 김정훈의 건강이야기,UCaPfNqobWHUC9fQTD1MShdg,health
연세신통TV,UCDp34bAXaJbo7PT1igMMQKg,health
잠백이,UCT69ogfZc8Io6NiBFwCOZPw,health
빅마우스TV,UCbMHdUkgLjutpY5tQYP40dw,health
메디맵,UC_IZTQQ7ScSP9oKbrDb3pMw,health
더끌림산부인과,UCYPiwyWGi-jbkpBAyQnYZSw,health
지혜건강소,UCYw0_UhBmb_zpu6BxXN8D1A,health
민이네다육,UCpvPF7Nm6dpEmi4WE4j72kQ,health
안과언니,UCP7OU6koPGdRgk7mCMv5dOQ,health
건강박사,UC2-gb53qXD1LgyRq0K36l8A,health
시니어생활수첩,UCupLKcszhhKwxF4rOcnlWYw,health
암알지TV방송,UCzr7QSvnOZ4yPG9GK-8_tUQ,health
퀴즈의 제왕,UCAfJcM064jZBOSdqnNI73xw,health
에너지힐링 Energy Healing,UC2qcq4kqvbbdHIoi5dEm-Eg,health
이지약사tv,UCCMFTDGarjgZLc1DlIbbvRg,health
용닥터,UCaeONHcrE9ie2ZPdGVv-Yyg,health
종부원리 Jongboo principle,UC7DmHPJiGzVxOYJt0qy7sUw,health
한국보훈복지의료공단,UCzU1v5rL8paTs1herRUgOTg,health
나근사설,UCFIWQ9OqK7FxawPFZEVnQog,health
지혜와성실,UCqUqYA4BKYcLFonQaUjNULQ,health
건희로운날들,UCl6FnZ-V6QJ0Amuwjydmvxg,health
초딩입맛자덕,UCg5uly-aCRfD6N7UgaOV3PQ,health
SOOD_ Edward Park,UCEcL8vvX2V0z2nM8oXQVIeQ,health
힐링트리뮤직 Healing Tree Music & Sounds,UC1RG7m8FwFKgB3IpfN3ccew,health
제우스남성의원 원장 이석영,UCPULZ1uKpIlx0228uMNFOEA,health
일동제약 그룹,UCptOgDFSSKYm-bHl7ijd8Lw,health
신경과전문의 박재현,UCFhliquzU-5I83gMrb-HIVw,health
"김경철의 웰케어: 잘먹고, 잘자기",UC-4yGit6ge_bXpyTqkCBxhA,health
다시 시작하는 재활(Restart Rehabilitation) ,UCVtnpN5cwtuYF-1EP72SsPw,health
오상신경외과의원,UCBe0N2MoWhVKHKEoYPl8XvQ,health
강하나 스트레칭_stretching,UCxHcczukcG21up2MBe8yP_Q,health
요리하는다이어터,UCUsoowBBnGAmhl0XBaFuQWA,health
근성장훈련소 MuscleCamp,UCO32LLnrAUlLuT-0KP4aP3A,health
Curistory,UCVSWDPRFLZZfvNG-KKk3LHQ,health
우주기,UCMpTteg2C4jYAhoSzFeEtZA,health
하나이비인후과병원,UCCOty33v-EPEnShT3975ZyA,health
비앤빛TV,UCHIH-Fu_7HLjE3SHkirGlig,health
서울대학교병원 강남센터,UC7b852QbNlkegn8GdSkYWZw,health
이재성 박사의 식탁보감,UCUIDRva6N0c3I10d9QOqefw,health
김주환의 내면소통,UCYNnQhFGE-EP0HrWRxMGUaw,health
채널당뇨왕,UCfTj5cD0quVuTpodSZUF73A,health
Yeji Psychology,UCVtmrt8prEpmjpy6Y7xSwGg,health
이음여성한의원 김우성 원장,UC-6BfHzSG1_ZfcQZn5PeoMg,health
노트성형외과,UC2OIyb2serotqDyEzQYyCtA,health
Elsa-log,UC2Kxg0lVzKB2-N7tXAVQhrw,health
요가강사김선아YOGA_SUNA,UC1UYZjFfhN9CVdOfRBlGsVA,health
두부다비 Dubu-Dabi,UC0yB3f_3UxzoCf-X36KhQ9Q,health
산개,UC1aqaZ-BRf5bjZzXs3enCvg,health
Practical Pain Management with Dr. Lee,UC1vLAG4_4x45e4BtXBZoIWg,health
"촛불배정규, 재은심리상담센터",UC6O_TSHwRzE8WdjsOC5jfJw,health
쉬운건강 (구 안지현TV) Health,UC3afH7DW6Pb4wEHdlNlOKQw,health
권원장 근육관리 [치유가],UCDjkAMGMzaYqmDuQUTD-vbQ,health
찐한의사,UCQt6bki_yeKaMS4hLm6YWlA,health
리틀약사,UC3iSLVH0MxHfwO69oHKpvog,health
JJ Linedance제이제이,UCeWNThqBvZOJi69eZkos2fQ,health
박민선 원장의 콩팥튜브,UCTRZZvftT1IuVyry1V9E1-A,health
이학민의 가슴 따뜻한 이야기,UCUnV1FVWY3u92tEYGqy17qA,health
클레어채 ClaireChai,UCsv1hWoDQNBkTnAJOQacXbw,health
건강되찾기 프로젝트 | EMS 근력PT,UCX-xku_pieGjA-PAxP02BIA,health
치아살리기 최용훈원장,UC4kdPomQaD-9gz0NynY_ddw,health
척추관절 바른TV-연세바른병원,UCWk_4bcnHBfO4V2syOOgo5g,health
카이안과,UCZ76XVvVdIMLuoMmgilklzQ,health
상쾌한의사 김성찬 ,UC9bhIPpJZFJhMh7e7BP7l9w,health
시니어건강회관2,UC34-Orqw21kiUkwR-v3scaw,health
ADHD 대표채널,UCi3bGxt2tQoGaTH2Wmbh81w,health
피지컬에셋,UCKgnUtkVL8o9U2h3451sBVA,health
멘탈탄탄 | 정신과의사의 멘탈 관리 채널 ,UCsZTB_r7ffbXIcnZmav2AFg,health
여의사의 산부인과 이야기.,UC-jDMqzWRJj16_HHyi4OX1Q,health
물리치료사.PT재석,UCsyhk1jx2eeafzMSYhQc9Mg,health
아침동산,UCuZQ7lJnqe-LBCVjy9OYBKw,health
Tempo:rest,UCSBBghDcPUpWl7ietzdL6EA,health
Relax Gently,UCHLxiySp_bOSL0TsUcPV0Iw,health
남녀의학연구소,UC9Bb-XcWooi5yVCng46xaZg,health
힐링루미나 Healing Lumina,UCY-OANuBvks2lBMgAfZgh6g,health
뇌가 편안해지는 시간,UC28xZyNPM9109MTC-QZ9etA,health
지혜백세,UCi3H9NCIKQ4IzcLBTGyD_1w,health
든든라디오,UC6dzCW8IGCSpRRP9lpBn_Ag,health
하루 당뇨식사,UCZqZNpYCBkjS3b59YW27BkA,health
1분팁,UCH4Recm0sHhd3bEc_r54YmA,health
Key Meditation,UCfulSi1BlEu5wETySe-EiHQ,health
내과전문의 닥터케이 Dr.K,UC9p63MYZE5nUKmr2RS0fNwA,health
Likesweetmango - Beautiful & Powerful Life,UC4Z0SLdvRc7s6oVO0ZpuQgw,health
시니어 지혜,UCZbGKOabnuCDGgfNlKqxm0g,health
한국인의 건강,UCgXALihpISmnxe7FDptwvlw,health
백세의 비밀,UCNtfFNmmBnjypX-XnDHeSjw,health
연세재활운동센터,UCdThhoXBOMyTLbaKz-tFgSQ,health
박서희 정신과의사,UCfW5yhlUy-DeU5tPym8xDNQ,health
박경숙 원장의 온통보감,UCKCLI9BYUThLn6MY23haVjA,health
백세건강채널,UCyb1ZjcHhqZm4_XDMAFB4Hw,health
건강박사의 장수노트,UCNvZm2nE9jzGmJwHC7ZnjpQ,health
근거중심이약사,UC_1FUQM1JpDniNWHP_7ua1A,health
키다리형,UChWJavW1PbvAkPTcB06EeIg,health
국민건강보험,UC7tsTpx4Ra-oJrjIb9ItBUA,health
당뇨TV#,UCXfilB-iiwh3jlew8eVzKRg,health
시니어빵빵,UCzgS8oh8QTjVwMbIPg4DKsQ,health
SNPE TV,UCyXuz3cs51oRt5i56MUQ7ow,health
지혜로운 당신 TV,UC2WzpFRsIJcN1drQdIbczQw,health
JUNGDAYEON,UCUyTqfwiT2sRpjxbfPyQF7g,health
YJ Care Clinic,UCRY4kdkYSPtsy6to4FEAaog,health
천약사의건강과 약이야기,UC4KS40p1OWvyA5kRNroC4Bg,health
네츄럴보디빌딩학과,UCHQj5T2MD6vD4K6Zc3We6pg,health
이상구박사의 뉴스타트강의,UCcf-zuaFCeROvAATf5UI0uA,health
인생이시트콤_고구마 VLOG,UCHYv07UtJkjSu3qDoo2he_Q,health
모멘트핏 록코치,UChku6cgDNkiIQWlyi1TgA8g,health
우리들병원TV,UC2ATsiBGQuX_ON58mu3utWw,health
اعمال يدويه وافكار حلوه كتير,UCAQFDZGmQQeZS4_2q5GZR9Q,health
약사남편,UCfrI61io4dNFArWf8DGOaDw,health
 건강한tv,UCtqwpBL2jE66ZpcWylbv08w,health
실버라디오_노후건강_시니어정보_노후지혜,UC7YpVJjhPta4sJcvGUutM_g,health
보담티비,UC66diRcDsDtXqFffHD3zcVQ,health
정형외과  전문의  선지호,UC6vLOP7CPkAdfA9qD9ViqiA,health
동아쏘시오그룹,UCjvjF9hnjwXUgig5EZxADyQ,health
Dentiumworld,UCvKSX42Fxb9t48Td8neg4YA,health
서울의료센터,UCBuNljfs8MtTpcRlG8YvD2Q,health
헝그리스포츠,UCE9sh6noNA7vBPSWPA4VFZg,health
다이어터윤,UCjf97H7AtbVfrX8-35Z302Q,health
바른의사 백승우,UCDy8IPYmRu6WbDUyAs1ffyg,health
임현우의 이어앤썰,UC-vK7SFuT0ZI4t4e9T7SOrw,health
좋은균 연구소,UCgDOVDGCIxLgrG34_rrjMjQ,health
비핏Bfit,UCUXlYdszhFOnKev2fdqZ7iA,health
나헌식TV,UCBfF9OOAAc-Vxv48qno9Tpg,health
볼매의사@닥터 히포크라타,UCyR65hQEudqUWENG5yNgTGw,health
시니어라디오TV,UCwa7pdbWG2PdpT6jqZc_fKw,health
야생화의신비 Wildflower Mystery,UCF9Ks4KdgTwnA6MuLboQESQ,health
고마온TV 건강자립,UCsRT6RCiTNrBvsJ_rJgJkYQ,health
카니비비안 carni_vivien,UCR8J54wOMKVKfuLIECaBFGQ,health
Dental Bean,UCXX2GqXsMEXnFRSxewFcGOA,health
유경쌤의 미소학개론,UCl1wbnBjMxh0Zw38FnAS7ng,health
아는성님,UCU4Y6hJ3GaAu0BBE4z8maRA,health
[ATOMY KOREA Official]애터미 공식 제품 채널,UCHwi1XQ7a0hWJ7RoDn9MAjQ,health
백세지혜연구소,UCWQcdyZjvns8Lg2WerORUQQ,health
선잘의 FM 라디오,UCnBGIDINHIxmvjA-14cmMwg,health
명탐정 쿠키,UC7KNZD0DkgDtAnZm0KCdhZQ,health
"우리 아이 마음 해결사, 우아해",UCc2258li2l4AUN25pIxXFTQ,health
DR.유미의 성(性)세포들,UCJkmwh-4kFkhxT_fNEGkhnw,health
매력적인 노년 이야기,UCRf1axswcRFRbFtpR1LqdkA,health
무강이,UCaMWoM36v8pKgVmyVn8W-1A,health
행복한기다림 미희TV,UCBfQfFkKkMCYjJ4aj0FqI8A,health
내귀에닥터,UCVYrNBxy9BiRseD5EtZGTng,health
엠디TV [20년 Only 가슴성형],UCEKTF51I3UiM19UetQqLxMQ,health
일타치의 임종우,UC65gC-98pIZzVtdHXI1zx7g,health
양악김선생,UCO3XpA23Aiw2sNXO0BPisLQ,health
통증안녕 기승전운동,UCpbJgWQKayHVUJMxDbV5o-g,health
체질닥터ㅣ8체질ㆍ추나요법 ASMR,UCtSDStpQsON-35lDKPl6hpw,health
힐링트리뮤직Healing Tree Music,UCP9coB9wlpJkqMHj8lXI5aw,health
튼튼백서,UCo0zgbbB9S00lvRUCQDFxyQ,health
HBS약초방송,UCdRcubzVjtptKPG6nJ773wA,health
KBS 생로병사의 비밀,UCiV4_cGVt-t-j6jMQ7RCrXw,health
플러스S맨,UCV9B-O-WMMBqA1LVKnonROA,health
난임닥터 비커밍,UCmVQQ7fvBU7gmLhC4a3oaNQ,health
시니어 닥터 톡스,UC4S5_P35PS22tT4CLVohSfw,health
뇌똑똑TV,UCQ7-HAZFih8Xi-iFiBL_0hg,health
안과 전문의 조성원,UC_xOayxX27Zbrqhh3h5-uuw,health
대교 뉴이프Plus / 뉴플 / Daekyo Newif Plus,UCrxsM1BYjOkGvBl_ic40uLQ,health
어떤약사,UCpY0_3SqKzxttWPaptnkBfQ,health
힘찬병원,UCyqvSbrRyaRq1TuRlwVXrzw,health
나다운 Wellness,UCZdgP1qedWzdm0ybhIz14Fw,health
고쳐줘 NOW,UCGyYH219gPS8hXJmaaZ0DeA,health
차병원 CHA Medical Center,UCHDoVNV6NkgjuiCyLIMmdqQ,health
대찬병원,UC8RE8q5jZfXUTw39dot8Sug,health
미소담한의학의 담적병,UCTLeIrdxl5-_pfV67kpvF3A,health
건강을 읽어드려요,UCXOgEhSgaJEVv9U5QMEjF8Q,health
톡투건강TV,UCVC21HvJs4W6FclmYr7pFGw,health
Basant,UCg_s4nYsikIr2X-f3T8JF7g,health
디지털 정원장,UCzoL9iedyHYxsE8mcliAH4g,health
수와진💗안상진TV,UCDrG6kIO-NiN80sQM8F9roQ,health
내친구 씽씽이,UC_Z8oaHxlxb95uVofCvg9NQ,health
의사친[의사사람친구],UC8EMF6H5YOCk-BdNEuYnkbA,health
효초TV,UCOoLHHnlDOU9yAPs2dcYNVA,health
비정상토크,UC7PnJvFZMMzzlA_H8f8sE6w,health
Isla Rune Pilates,UC1ll_4DblySYDARZcbOt3xg,health
Dr. Lee Min Soo,UCIPLKPZ1wUNiU2h3zc4iYSw,health
이웃집닥터,UCuikDblzbJZK2zkC1EDTKgQ,health
지혜호수,UC0bQR4Ad60pOmNYL8tSX0BA,health
모티브성형외과,UCXxA2tZh_noY5OwfruPt5sA,health
민티런 MintyRun,UCmafuqR6Iya-c0CPMOgApYA,health
이대영의 새길TV [척추·관절],UCb9w7aVmVpPCS-S2Y6Zf7AA,health
두발로병원,UC3gt-EL1djoai8qhtQVbqWA,health
앙광희,UCmp6jXENvNH-KUgRHNe-H0A,health
프리미티브의 전래식단 이야기,UCqaSH5Js_s80nIY3P_wqCcg,health
삼보리 명상원,UCrpGdXuJtGZqI8reS52iIZg,health
에스더기도운동,UC-SsCweblwxALNIMkoHCiPQ,health
다이어트하는 사람들,UCq4et6CG5dmP8f0xKJDYQ3g,health
류영석TV,UCtqzRZGIxJ3vFYcwMCl7HWQ,health
김훈하의 열방상담소,UCyBpgOlxyqZtb9Rxe6fAjJw,health
긍정닥터,UC-BXTTBjj5j5G_hIjEMyLEQ,health
우리동네 난임전문의이재호,UC2-LIM5Zz7_wKT4Q2Iu8GTA,health
수와진TV ,UC1nOUSU9iFgJ4vNHoS_spOQ,health
닥터까막눈,UC-NkfwYT0xOj0HFPctiRvtw,health
권도수,UC2kre6C4AHnLxiHhRlMKx6g,health
건기남TV,UCzqCV-5wGCu9jyJj1qJ_CHw,health
가정사건파일,UCctSb7vzR2Vbo1ZTlVPT_jw,health
이성미의 나는 꼰대다,UC4_CjZORO_saInjqd74Y7Sw,health
꿀서린,UC-YGAXCJEwNcTiEQahOQjVg,health
간들간들,UCHB_MKGzSK_NsfIDnErUJDw,health
안경고수 최병무,UCVACuI_hASpxT4KwQ98Vtdg,health
청아TV-아토피를 이겨낸 한의사 임은교,UCVkDsPSpnIeMoYuUZ_Gjw_w,health
캔서프리월드(암없는세상),UCTNRWtirVs4VcB4W5xyzITA,health
Dr. 배의 진료실,UCTZpc7F_5WBQlrUMK4DX7ug,health
하이안과TV-안질환 연구소,UCTjIyCaFYg3Mw35Am0v0JHA,health
지식밥상,UCUjimmVTQo9sPl8mL5Y15dg,health
코루쇼,UCLOxiP0uHdpnJx3Orxc2R5A,health
닥터프렌즈,UCVfLNEch9YxD4tX1L-crkMQ,health
브레이너 제이의 숙면 여행,UC5jSCU8FpKGr8P5Z-p-70lw,health
지혜담기,UC-jNukedHn0eyNPu1ACF49A,health
예서니까,UCgIjEp8G3-NVlboQuydlRvg,health
요가소년,UCkTRKCuFrRiXQm_gMG1uDvg,health
진약사톡,UCxA3KmxmYj6arNJJ4N8mJpA,health
동아제약 OFFICIAL,UCCMDP4zxreqQ3v5BAYK6KRg,health
자연드림,UCAcSJWSGz_oeIdKFNn8tI2g,health
유어리아 your ria,UC9KoN-Yb1swVddjsezLegxA,health
이복자챔피언 ,UCMvUCXTPcPEa7mf82Nt02WQ,health
"[대한결핵 및 호흡기학회] 건강한 숨, 행복한 삶",UCNEe0b1NWaZeYXyg238v0lg,health
오체안 TV,UC_2YuQN8sl7yFBj9BN-BVYQ,health
올라운더 장박사 ,UCEu0i8clLZcIIREJTa3HfEA,health
뮤직힐링테라피 MJ MUSIC HEALING THERAPY,UCFenHjfqkwDFalw73fHvjww,health
김춘식의 시니어라디오,UCja6IeCP44IBnTkgx5xSovA,health
실버건강TV,UCuI--bHbfz94ohBQhCzwhDQ,health
건강지식TV,UCzDs6GlAZsYlGbd_OUBdjmA,health
의사딸약사아빠,UCsZOzy-7j0uCb2ollAyDdSg,health
응꼬형,UCziD567hCcs0adzB1uaeGUw,health
Inner Healing Music,UCEoZf-AWt-L9m3pPEK6ywzA,health
바둑퀸,UCHDOgUy_a26vyO7jaGn7XmQ,health
매일매일 두뇌퀴즈,UCeuJyafhKHKe905pU0T1P1g,health
민쓰운초 Min's,UCKO29oHODNoM9uAtjk4VlTg,health
테리기자가 만난 베스트닥터,UC9UIlMm5Yk-ZDJIdTzoVYvg,health
조선일보 의학·건강,UCXg2PYJwE1cfhzxxei0DGmw,health
퀴즈백화점,UCVV33htEnK3wdDLo8nmnLVA,health
삐약이 퀴즈 / Chick Check Quiz,UCp96LDaTTajrILzaOA0wO2w,health
권의시선 : 치과의사 권낙현,UCdRgh9GCeMs8Bo86QMSuiuA,health
해부학적운동,UCTWX1gbz0zKIAdpWaBDudVw,health
줌마Hip,UCvETlb8vZ6c79ehLctLJIbg,health
하루백서,UCGRj74lcFcXF5V_NreIe8mA,health
천의마신 I Dr Glacier I 마취통증의학과 교수,UC9E5K_nlzKfdNqXpEI9ktpg,health
백년청춘,UCUCodQGkYPqph8AS40uy5pA,health
사랑과 생명,UC21OCqYEvXVbYf_n0pwlatQ,health
닥터힐러 최준하,UCMc61QsqMMWWajw7m9kZtFg,health
minimalize scars Korean -lumpdoctor이사부,UCFQtb7VzPKnRisKxAqO1wjw,health
정신건강의 숲 TV,UCsy_6x53CNBqdB3hMl9i_FQ,health
심밧드,UClyYfaJWHdCcZyg7fKFui-A,health
노후지혜,UCBvHgAwju2EvQnFl12NlVkg,health
건강생활,UCeae_8zNL3z0iDOZyIpAskA,health
Time Medic (타임메딕),UCYqdIlpFlB6uh_cpIYgo85g,health
비만탈출 연구소 - 다이어트 가이드,UCCkj5yY_oT24IXyBtkMUKUA,health
시니어 활력소,UC9v4OXZQEabcGzqfImbITpA,health
피지컬프로 Physical Pro,UC64f2yVYQsU1eILFcf65e7g,health
이명난청완치학교,UCY1mmvLNfLy_q_zBZ7IRsCQ,health
3분 건강 - 보약 같은 음식 소개,UCj_0hHY38sHNi_AN56UYm8A,health
백세지혜 라디오,UCL6Zzbr4z7o--eGUuFTWgJg,health
노후구조대,UComLZm2S10ZrzVbJahBnXqQ,health
하늘마을 힐링센터 TV,UCAjG6hYW3bTQIhNMXRZrrUg,health
피카토 Phycato,UCBaf_e26fqirvbTAX2H40Hg,health
책읽는 헬레네,UCt05Ox0ZndGh3rrDaNMx7RA,health
금단미인 GOLDBEAUTY,UC1JRg1-V2hKxEVzGV5_yrag,health
디어다빈_영양사의 다이어트,UC0NazDJj6HZnqXR9x9HiXEg,health
크고싶은다람쥐,UCxa00N4-xMuNZqPbTfnwYww,health
닥터 코뿔소 Dr. Rhino,UC92kH-aQbWRSLW2fhYwlSEg,health
스튜디오 상상인,UCEqaIYcv-1ES142qB8-xAjw,health
건강산책,UCfYcEPkXbrH7U5UhIA6YPmg,health
흥따Heungdda,UCbuNfuYVnPIRIce8VEzntGw,health
소년간호사,UCMbbDgoXKietxiTP16_3lFg,health
비뇨의학 TV- 이웅희,UCGFMlJcTiThlU379QG1nTJQ,health
닥터쓰리 - 한미일의사의 쉬운 의학,UCkpAw1Z13syiCKj_igxK_xA,health
메디신,UCrZcOEeiGy9aNKTQubd0uxg,health
Lotus Relaxing Music,UCSKZIx1DcvALon4jHTCxblA,health
허준할매건강TV,UCkYODaB_KpINXDiZSkJoI9A,health
"LJ비뇨기과_장수연 의학박사 확대, 조루 중점",UCfkXtllwgHldHAvoqe4BLSA,health
교정과 전문의 오소리TV,UCYCrDtDHcwQgMQs_awg56aw,health
디에이성형외과 D.A Plastic Surgery Korea,UC0wlA-w5JIt0G0EeWQf65AQ,health
지혜달빛,UCgfv-2OQwlBbTk1utIzXNjw,health
즐거운 노년 생활,UCZNcfiTmdzge15Fxd4CLXKw,health
다까는 안까 [강남브랜드안과],UCzF54hfpyHnOppq386t9njw,health
행복한꽃현아다육 Korean succulent plants,UCqC7PBcsyC1RjWYghkZLOZQ,health
이은아의 치매를 부탁해,UCL80zgXZuKgOt54-KUWeSqw,health
"오엘디 티비 - O,LD! TV",UCgay59pIcwhCHVprFjxXqfA,health
닥터고의 쓰리고TV,UCvpo0SeWU4WHYr4fnGXS__A,health
통찰의학 돈건통,UCQFbawnpUomGlls8SUq7uCg,health
암정복TV,UCydZ0hPnUI0n9tCFa3kJXnw,health
하루플란트치과,UCifZbsAK7qRZZI11PLAaQ0g,health
Dr.인수 팩트클리닉,UCgCBlyYP7tnQoFp4gjJvydw,health
머라클 MURACLE,UCfmYdGYK5yZkXehmxKsaLRw,health
뇌를 넘어서,UCmZidjvCGD4sOaQTuWLPN3g,health
히써니데이 Heesunny Day,UCbvVFf6f1NjAj2ItRlCnMEA,health
이슈왔당,UCYraWJcpDCC8AAunseHbJcQ,health
닥터장 채널,UCxwcZvx0ydoH1Xr-Vk3QNjQ,health
당뇨스쿨,UCZcVBt_bK384j_0iW1ARQtQ,health
한입건강,UCevBKgl8-nLrSfW59s92xcQ,health
몸이 예슬이야,UClGkQjxyUlq1trn9TlfQF4g,health
생활특성,UCmqDKYGQw0h9XYGaRbUuy7g,health
뉴스타트 박학근tv,UCGFPgroNdTYwy2j3KH5w14A,health
지혜의 편지,UCgk2IenDMIf53j-6WJB0Usg,health
무조건당신편,UCTp5fJVTDuFmf_dVfIMF7Nw,health
지금 명의,UCgGns5mTguUQYAZvVZ-wWpg,health
의사가 말하는 건강,UC5_R-HyIVAbvssbBvEQntUQ,health
스무디 다이어트 | 해독 장선생의 건강 루틴,UCDkbjIaqkEAQugZcWo4O_DA,health
건강백세뉴스,UC4XSoDFDKr8GOLtIOs1RW-Q,health
건강 스케치,UCDGiDdclwBxH0xWWSIyA4zA,health
일타퀴즈 표선생,UCg5Aq9v1veNYHA87l7I7PRg,health
건강 똑소리,UC_ZpSj2WGAEg_BnD1UpOUgw,health
건강백세TV,UCtu0acuC9eJeonExvLdybRw,health
박민수박사,UCc-6X3Z4msYR9Qt1vF4XH2g,health
Mellow Night,UCv3nPc6ezhkU2ydrSljiXHQ,health
당뇨병의 정석,UCsVB1GWF-NH-RTxJax8XA_Q,health
약초로 백세,UCC-eABUxQLWErgabW-IM0nQ,health
여네모,UC2ay36g9UbHyVHs4goETc8w,health
지혜로운 동행,UCktVWoECIiq_1o2dyUwG2Qg,health
소우주한방병원,UCfkI7-mN-3N2KFy88ddxfvA,health
서울예스병원,UCuIbvJLil8H5v-lGw5OIZbQ,health
낭만호구,UChKuP7Iw0bLekMRr4skZPuA,health
슬기로운 일상,UCeDdpKwew8y5xK7mrWNtV4A,health
우리 모두 튼튼,UCOUzm2Kw5nKAwyDd1ewjXwA,health
싴 - 내가 찾는 지식의 모든 것,UCjRFJmI_lFlLkEu0i2gCZtQ,health
분당차병원_CHA Bundang Medical Center,UCQnbEcKjCBh-lEdX18Jimgg,health
건강한 하루,UC4iSYAD44__BOG5MDuksOgw,health
몸신한의사 한진우,UCI-rCNlQcB1Z1XksQxMSBKA,health
김현욱의 지식의길,UC682EBeAEpHuXHcUAZ7IVjA,health
닥터리TV_비만 치료만 30년,UCIjwtJ_Ib0hMkarB2j9zYQg,health
명상가의 쉼터,UCofrUcsfPeC6rsJaLfstiSw,health
"토킹닥터스, 토닥",UCjy9K1vCRO73pFawKOLq1MA,health
지혜백년,UCE27Igr1GIxF3OVqsLyZQVQ,health
권혁수의 알러지스쿨,UCrilcgsaQxYFSPDuxORRL8A,health
epilates,UCbAzZlYBcFEG4F346NUpYtg,health
귀사남,UCMah8P8PJBAy8kXbrVgedqw,health
압구정서울성형외과,UCqNtVCL2u5Xvx74ymboxDyg,health
"운동하는의사, 닥터스핏",UCZ183HjAS3gpO0tpasKoSOA,health
김진오의 뉴헤어 프로젝트,UCB1_zmwX--s9ccT0dNNFe8g,health
지식팡팡,UC57BIGNyMlnD1T3jlYE02lQ,health
김약사TV,UCbnee-jEedrcVIAzO9vr8oQ,health
시니어 가이드,UCcibY0ceQKmlz6eOkOLx1Ig,health
새힘라디오,UCPkU9Vm1tNsQVT-LpuT_Ifg,health
노인 건강습관,UC51ZcfIoWR-FQR4AOLQ4Z1Q,health
발레하는 펄리나 PEARLINA,UCJSp4GqXKkQB2Um0hhgeM3Q,health
닥터덕 Dr Duk,UC9NCnL0ZJmx33uL5GtkvsyQ,health
지혜 안내서,UCdLYgYQU3W3XO8Z7Ov7TDUg,health
건강채널 민트TV,UCySY2OPx0a6dwa-VgF26Hog,health
강찬 교수와 함께하는 '정형외과와 발' 이야기,UCbFZGQ30KGGDGXu-M2ouC3Q,health
송도신도시 청춘4구당구TV,UC44IU9FLOYWYdA31ST-ZTvQ,health
알기쉬운 이비인후과 (Easy ENT),UCym5PVQyD12kIRART5VI-Cg,health
초기증상 자가진단,UC11DPi0BtPv7avqHlOGK2Zg,health
아만보! 아는 만큼 보인다,UCwqWwzG89LFOkZuODlT25gQ,health
닥터이걸의학TV,UC0uDCG39HbyPybXq--q4vfw,health
헬스인뉴스,UC4CeK6-TyIxmdY8GsTuGwow,health
재활의학과탑팀,UCWW--vYvkR604lbGg92J2_A,health
송준영,UChNDIHBxpkgcR1SqURb0MJg,health
 요가배 | 뇌과학 치유요가&마인드  ,UCSPI5jM1Y4-QeU5twweENJA,health
KSMO TV_그암이 알고 싶다,UCMAXvVcwlqs4hk4FnWBYO7A,health
탱자마미,UCMd7fLTSsu3R9POCqNPNXSQ,health
힐링무브 Healing move TV,UCjkTFSjTlZ3HfTYsh6axzSA,health
너너블리,UCyO1bz7I5ftf8V0FtSfKrqA,health
Dr.도도라파,UCRUf2cB7BnbJhjcEmDYsPEA,health
기역,UCaukJS52o7NLChYNUNC1RpQ,health
다시서다 - 체질한의사 장원장,UC9jtRNQ1W1ltvYL7iR03Hbw,health
광교 휴내과의원,UCb2nSnOVFmd2ziYz9QXxPHQ,health
박쌤의 개발새발,UCxOhohy2cZHuJ67leDWZMPw,health
재밌는 게임플레이,UCfrVbTUXWWYSps_OR-j8n0Q,health
질첵언니,UC63STh0D1LiBvKf7FPOgyyg,health
신재활의 무릎재생 ▶,UCI2XyZ4i_5ui7vM4QO95EIA,health
착한언니,UCLVrqcbE0yH-gJnhHnU3VIg,health
안아파연구소,UCucuiFF6L8tHrhbwfPe_Zcg,health
마이나슈TV,UCGdJG9d0OaF--aSYdB23ZMw,health
영양과학자 양과자,UCY-mXLM6DsS9cmSwlh0tqSA,health
하개월 hamonthly,UCYnxGaBJ2NrdBhjqjW1mtFQ,health
훈요가x요가트리니티 대치,UCaj3-or-1r_FgFDz1M_az0A,health
Queen Solmee,UCahWSp7DQGJfXU1UX2BuqBA,health
돈키호테박서흥,UCOSvlw3JVFZzl00NlQsR8BQ,health
Healthy Life Journal,UC_xYZxg-iR-7dvRq5lgELXw,health
"노후지혜TV_노후지혜, 노후이야기, 노후지식",UC6FvkZJBSdggqFvedVvrlpQ,health
별빛노후,UCkppaBlDkqm_wwbBbiH0CHw,health
Dr.고정아,UCoi9u6GXET-Oh4y81ooO31Q,health
민들레한의원 다이어트 피부,UCVQzUdTQcc_ziEphUsD3g0A,health
레이델,UCkYpGCnJfxXqJL80HxHZQng,health
8체질연구소,UCQXnPewQ9MDYJKlp_3gvVOg,health
한국심리교육원,UCsH24sxk9CMIwtsjqodI55A,health
실비스 SILVIS,UCuYbo04q59jhMWw9uPwVY0g,health
한동하채널-HANDONGHA Channel,UCAsZox6EymL3vaLqW69sSyw,health
One Day(어느날),UCCHjvngcFIEYLvypeHLvrpQ,health
암쏘왓,UC7MBoaHG-aV3_MRIrPMzahA,health
허브누리,UCvFWiQVFDPCahy2bs_G0sYg,health
푸드닥터 심선아TV ,UCb9bg9e0IZ0ToLtuLOR0img,health
습관연구소,UCZv4sCOPzI-1lj5nc78Pcbw,health
with EUNJI 은지,UCwPCE1Ct9KkbGRudNCfURVw,health
임지윤라인댄스 Jiyun Linedance,UCad-DXhhQL3WYdK_OjM4ulg,health
비니BINEE,UC8tr6-Eys0CjF9h-yAte9Gg,health
분석좌,UCvAcpJ1pNb_BtW5uO_zrL1Q,health
Gillette Korea 질레트코리아,UCsLPMQ1AUrQPduAV3RaPzWw,health
자생한방병원,UCpwd_VdrwtnanBP5V_ZK1Hg,health
연세우리병원TV,UC8FmfF0Lts4iq13nxKWwzBg,health
노년건강이야기,UCTFax5gXUo12B1NUFsAT4_Q,health
다이어트 해커 이서울,UC2CmamCD9CTWs4vo_t_gt9Q,health
산돌의 사랑방,UCcSOP99SWdfWWJjI1Cpm4JA,health
이세나 의사,UCg-FXS9pTbM4sNe4IfWymKw,health
신비한 지식,UCnrM8A56BoILYgaEAOJCZnA,health
아름다운 노년,UC7CeVJcJsKZZ2QOOh9n1srg,health
윔 스튜디오,UCcCCMZwS2XuPB9U1-ImGrKg,health
ミドリの間違い探し,UCyd3PoCl_I6nhjT_ebosXuw,health
닥터윤의 바디코드,UC9VvD7mZmX9AKPKMnlkMc-Q,health
박민천 채널 TV,UCLubZlH0ndj2sXlIl_UpesQ,health
분당서울대학교병원,UCzp_EKglYlon4-hOCF6tdfw,health
하제용대한민국 가장 힘 쎈 남자,UCFJEWuZbFj2eyD5FKcBlZnw,health
조은날하루 Joeunday,UCyN0Jud0f0xrrIwNsVYDU-g,health
유해헌터 강상욱 교수,UChvjYwcfwd_ZSpBgLlkoGpw,health
몸이편안하니 ,UC9gxwX8JWPGConRI1rW75Ug,health
황해연의 죽염건강법,UCTnMxgDGfaeEphIEoaCrm5Q,health
혈관구조대_청맥,UCGNtVzTi0VM4T_fOrXstv8w,health
지방쿸,UCDOgMBIqlZRyyImVB5U3ZMQ,health
여강사의운전교실,UCYM8YM6m_U-GURom-mQ4GUA,health
Wanhee 완희,UCOual_eH_ddguQGKbWc36YQ,health
폐암 무엇이든 물어보세요,UCUTt7wfoueMsWsqZup9CfvQ,health
CloudHospital TV,UCmk5WDc1-ZMPrzvjSpkAA2g,health
올리브 다육,UChsDyaSqUy1cbqw5CrmWP4g,health
울아들 _행복을 위한 빛나는 지혜,UCq3blAW0AsusU9nqmcXnRgA,health
다시봄안과 Dasibom Clinic,UCoTYFFk_IIhxRL6DNPhdKuQ,health
닥터딩요,UCedNxnMK3b2-_hzqLyo4stg,health
dahye Jeon 다혜밍,UC-yOit3UEMP454VsHaqf8ZA,health
대한심장TV,UCiDyclfrDIHe11ve7Gtdw_A,health
블랭크유 BLANK YOU,UCdo9o2TIHWX7PkS84Ez7cTA,health
가비쌤,UCdn9O0bDIC8lZtGkYePR5QQ,health
바른세상병원,UCBdio0WCeRqN6iSzODb_KOw,health
민이맘의다육산책,UCf35hICUHra9_xMSvI-9NCQ,health
네오바이오텍 / Neobiotech,UCutJAdRH5iOCff0mhP-JFHQ,health
질병관리청 아프지마TV,UCa7-3Zvxg-5Rfxgu3RQY_gw,health
자하연TV,UCsHHEnpc9lUZXPQZ5I8c-wA,health
새마을운동중앙회,UCr3zzzCBXhRjUTN5W0TqMRw,health
이재형원장의 통합 암 정보센터,UCkLmpaX74uSlp0Renj9va-A,health
샘 saem,UCyWSTXEurIIRwpNV9_iqovA,health
굿닥터인부산,UCvpwvsqUijWVIExvXfshWEA,health
아이루미TV,UC_nRrn_riuQbOKgAyb_IOWA,health
이화여자대학교 의료원,UCzg1Ive5NEVKeTEfiopLSUA,health
바른몸교수ㅣ목어깨 치료사,UC-cek_fEjw_l8gX9Ke0Q6Rg,health
통증요정 김학조,UCo_JzTom6eRlh7UttLZq4rg,health
양닥터,UCZMl1lsaz3HqqLWye8_VLdw,health
두뇌활력 연구소,UCDsHMTplRfN3voJtSV2X0rQ,health
린다이어트 Lean Diet,UCt4P18eL_MPmTpuTFA5xHCw,health
시니어건강학교,UCflvs-PqUNjSGvH9_QGKP3g,health
다육이노리터 succulent noriter TV,UCkkPLRLFmIbHdi0J9qAb8jg,health
귀코목수비대,UCjD40Jy0I0VOxfE_NmJE9Qw,health
건강구조대,UCatDnMlI2LI2dDb15BuZbAg,health
에일린 mind yoga,UCKmEDAD5k5KFMcY5wvGIeGQ,health
김소형채널H,UCuFGPhfJlIngZaC2BjLaJdQ,health
사랑합니다,UCLYKBuBeAFt12Bzy0X-aWMw,health
GREAT DETECTIVE COOKIE,UCKxQOhOP24zDieuNHDhPzZg,health
 시니어건강,UCgm7G6iEnUqX2IudIH2tiKQ,health
장길성,UCY6wFlA8TR2lRDXR_52kc0w,health
나는의사다,UCjegsOAf5nOCfLfMpLyNj0A,health
PM11 Studio - Relaxing Music,UCP4WsWqUQAWZb7e6J9G9YxA,health
엄마들을 위한 대사 다이어트 /  매일감비환 ,UC6Mf-wiyKvWup51wgGzjE4A,health
Sunny Funny Fitness,UCTAcO7MyXetuvExV7Lo_L6Q,health
김자영의 미토TV,UCBj6yA2pg3nVr4EjDcybHYA,health
유노튜브,UCrEe-LfBLXA1-bTGS4bWmtg,health
국가암지식정보센터,UCnHq2L1NAGMpb_VE_4wiSUQ,health
김범수교수의 발편한세상,UCwyQf2cWzx1xm7JWZrXcnUw,health
eunn ,UCtvF3qOM4qN3HKhDBt6Nhmw,health
대한건강,UC5etMYZqJUG_gS9F2wSc5Aw,health
"우리동네산부인과, 우리동산",UCpgoxljexZ23-K5dN0-6hVA,health
바른건강,UCkARt3BEOlHCNtLPVuKZgQA,health
엑스플랜트 (xplant.co.kr),UCEaJHTyVOTy-EnSiPojvQJg,health
Resoul Relaxing Music,UCNfx3Lk4eHKHIG9na9wxoTw,health
옥이네다육이,UCF89PBPRAyqDtps-IvAV6cg,health
이재영 박사,UCkfkyYKAQ_NoZWVuBM7eh4g,health
다시 청춘,UCWupWRVfGxqARiSDqZkMhog,health
백세시니어,UCRIEZCglywEHWUgti3zcnzA,health
"음경확대, 조루증 중점 비뇨기과 닥터코넬",UCcFfwiQzKWfSXPRm2uwTmmQ,health
탱크약사,UCnHz9L-dDd_snUdOoHnq_4Q,health
MSK MRI Jee Eun Lee,UC4bw7o0l2rhxn1GJZGDmT9w,health
지방흡입멘토,UC_-fuPCHE0FqKYxyzhiD39Q,health
스타씨드-starseed,UCm_iwtc0e3VbiTFRdsrzzPA,health
안까의사 [강남이오스안과],UCLH1kOXC0wBah9o6NeOroYw,health
포디랩 구원장,UC8kg8qjjXCe2r27AduZzE4A,health
와꾸짱쭈늬시즌2,UC8ioxxWdxfUq8cUKjozBkgg,health
씩씩TV SickSeekTV,UC8TdJIAyDUcuYr2AJ7UzCNg,health
JTBC Life,UCe-gh0jfKlR_EvsNyzYphww,health
이지아이 언어치료,UClZK1xZCHZl--IIB6K1nuHg,health
유방건강TV,UCaKrG62q19ueUKDo751PePg,health
닥터 조커,UCDEG9dOfuBfvUZHnV03fsTA,health
WITHPOP,UCmAu1qMmRgStKu1bewXOmOg,health
조우네 마음약국,UCUxmgtFk6xEoMz6OVqNIgxA,health
백세박사의 장수라이프,UC-XDC7d8CaIZmWQ4pxIOUqA,health
최일례tv,UCoJptJ2l3VYXdsE5xgz6RlQ,health
마이리즈스토리,UC_e0wZaIe8Z5e2ZSqN77B4g,health
FitBurst,UC00-W8j2qHJy83ONqoaM5xQ,health
코비진스,UC3l1qgrRx8vPan82wDc3kNg,health
질좋은 언니들,UCMyHgLyD-7EODGT4V7XATtw,health
Oneness Healing Sounds,UC3Yhzr4IRUyIPl0m_L1bkDw,health
루이빈치과 류지헌,UCmzK71U9c8w--ejwOTiELgg,health
쿠크닥스 : 멘탈 바사삭 클리닉,UCRU0BQP9sA2UAZYMsZdEyuA,health
시니어 튼튼생활,UC4k9vS4YntHp7mR3Qpl8CGg,health
강북연세병원,UCUjLTnftBc1ju9R6hah1lsw,health
무브나 Movena,UCTDFr-lur2d3dNBRwF0N_HA,health
1분도수 | 목 전문 도수치료사,UCWywSxMIVgYcE8lqPCwHWfg,health
정신과의사 정우열,UCXe8kMnNwdBFgW3Kb7baFcA,health
척추보안관TV,UCVfdslG41OZ7lEYjbfgIPrw,health
일지의 브레인TV,UCX7JS79iJ0AjpeP_21SpD3A,health
광벽의 소소행,UCLWGXTfHBcdV-nHhaXqBRwg,health
수호신당구레슨,UCkl4YH6GVz6QwT-XLXSMw-w,health
김아랑 Alang Kim,UCqLpXUYCykYLInJycJ9W3rA,health
DJ저요,UC2TkjSrLoQi8PgOTDwJzWgg,health
배석철의 비타민B3 LAB,UC_UTXwnRNWyyOpW2VH81GNg,health
"당뇨, 꺼져",UCrYkMzMwPwzEipZpXSedJJg,health
또이어트,UCxKLvDDM3gXxAvI5J8SGBsA,health
비비 진주 bb Jinju,UCuCQDwkymJKmMAk64x1Q9mA,health
뜯다,UCQxLSQdfRHevLsQstMsTa3g,health
발명 [롤토체스],UCcJliZnsRbNw4I4uWSGq_wA,health
정토종淨土宗  Pure Land Buddhism Korea,UCVgs5xVU3EoEvR6yNJoxQ_w,health
정우석,UCM5PEAoFtNy4GCL5WYAd1oA,health
나디연세외과Nadiclinic,UC10AAy7YJ5Qbq5rJyH6JW_w,health
Korean Heart Sutra,UCQeMqUr-7SfHTGAJo0mwE3g,health
쏙닥터 류수형,UCB19vKHElP-PgrUnSjtxeDw,health
닥터라이블리 - 모어댄뷰티,UCFfa_-Gvxe2yocNTTgwThyQ,health
빛나리_성악힐링마스터,UCRYnUUK7uJYO29FVz8T4e_A,health
만두형 정지현  JUNG JI HYUN,UCzSHnaKi1jVYmCeqmkTYkUQ,health
닥터광사부,UCtddk8OgBk2ijy7S4zkqoOQ,health
통증닥터백선생,UCDumz0HIZCJ9yQRf72KpN3w,health
중국탁구연구소,UCEn_SuU2BIzIzu7-x1vFv4A,health
Gabriel Dye,UC25yyLjZhqDaXarwOz-JjvA,health
퍼니헤어 본점,UC6qKucW_u3H-Wm7BI3uxogg,health
약사 메디슨맨 TV,UCr8tJHAIz4MOOwgdt8H0ceQ,health
닥터스토리,UCP5YHr1g0MoVPGfIR-w2p7g,health
굿닥터 김태균,UCuqvo3Sona-273f0XK2qbXw,health
닥터BTS의 유선방송,UCwumnYuvftvHHQcC9A3EexA,health
지식한상 ,UCw8hsZYZcasyyLrfOFP8D-w,health
육아한방,UCfCmwd1TAshuvZ5br2lBr1Q,health
올바른TV,UC4KBmiJIUVwV4-8Ah9NlJcA,health
용인세브란스병원,UCe7f-PQyyW8t31z9dhVGYMw,health
콩튜브,UCkF8erW7v2pDtWHkUsPbmPg,health
페이보릿 퀴즈 • Favorite Quiz,UCEVNDiFkaojXxgvYRmb9CHw,health
시니어 건강습관 ,UC6Luq_KN_-1L2TvWTEWzXoQ,health
휴바스코리아 HUBAS KOREA,UCPYwLhVKQ7X0l66Q2jUp2FQ,health
백세 인생 이야기,UC4rz8qyTQb_UGmRLuEgIacg,health
체인지TV ChangeTV,UCkX_5MkrSLN03J1rRyB2BNA,health
YoungsamKimDDS치과의사김영삼,UCuDuuJSFZPhzDnhXWZFuPTA,health
박지영박사의 건강돋보기TV,UCrc--8Z5wbsx5w4AWhdP8xw,health
수산나Dance & Fitness,UCyUyT0W276JnExRciVw764A,health
라리약사,UCtpOLiqLwtq9NCFTNiqL1gQ,health
옥황궁 장군신당,UCPxdUQxQ0mdcqrSgQSvEUwg,health
주유천하tv(번개),UClU89e_lsxVDqWcCinKF3fg,health
더스완성형외과,UCcdT51I_qiOr6wzw8F0ARAA,health
sarangkang_강사랑,UCPdxttikGBpKqnqteyCrh_w,health
홍순래 박사 TV (사주.작명.꿈해몽),UCKGiDTAcG-TkT5v6gBCoEEQ,health
더건강연세 재활운동센터,UCJBIx-AyBTe0lLfr9ssEe2Q,health
교보라이프플래닛,UCQuD_FVxA12mWP0V8hZjuEA,health
채찍단,UCV-h8UJ12Ed-pTi4_X9mDEA,health
백투에덴TV,UCoZihnVnmw1tMsXOgw0C_Pw,health
노후 예찬,UCgxx0kTeop5NUUjrHOiM0eg,health
허벌라이프,UCwm1cv3sQZkKVsUWvkPZafA,health
Music Drawing,UCe_z-lf1t3vPM0FE61ILj9A,health
RELAXING - 편안해지는 음악,UCl6lvhQwAPChMxvGtkXWHgg,health
오쿠ocoo,UCN-KjQV6Q1uNEjcFx8jZvHQ,health
더홈트,UCuiM9mzDJi1_R15rHepZyGg,health
유안티비,UCoYIXnzEHlfoKn9DSIqug3A,health
탁트임언어치료 (탁트임언어치료),UCSu-dq88EeczcuyQCSWUVkQ,health
제애정형외과 (구 금메달정형외과),UCYlDZTMBeZeKRJkDs41uHFA,health
황혼의 사랑,UCOFZMYjmT1SDAYjxS_P-y3w,health
지방흡입의 법칙-빼TV ,UCa_lZt0iz0hAoob_O1l3onQ,health
백세지혜길잡이,UCKm4_DlQnY6U6SXVeDGDMhw,health
백세시대건강,UC1eNPF-cAKFg-qzgmCsWC3Q,health
을지대학교병원,UCfoxBn16vNhDeOktAuya17Q,health
치아의본질 강정호,UCKRu9cuY5GZcpTBKxF4_nfw,health
서울부민병원,UCGvEE_C5SVxXL5qW0_UhZqA,health
전대미문스튜디오,UCv6nXR8A-wSidnF6H-2wQYg,health
김수진 Sujin Kim,UCl6OVdZRMW9RftYczBBXbjA,health
다고침TV,UCjGx_2Uou9af1Zzn2l8M3LQ,health
열강,UCU57eXJqnLIIra0FxiBVQ0Q,health
고운,UCermBTTTr559dzLc0QMlTSQ,health
닥터로미의성형노트,UCO_MXYZzB5vNkdcCWUXz5Rg,health
요가선생,UCwSqWpGQhwOM2GiibDsilww,health
K군 연애홀릭,UCI6XQ-Z1DWlkQqIf7RyEq4Q,health
이경희 TV,UC8kd0NdrjnZ2Ka2steSnsSA,health
간보는 의사언니 유정주,UClnndXUYc3AMKqIUN6BwefA,health
밀끌당구tv,UCky40rg5PLsCm7pbSWf1YTQ,health
강남 강원장,UCXLd-4PmJoGDOJxZqWp7GYw,health
백세건강TV,UCYHpIvm36CCixqH-svJDDaA,health
손제용의사생활,UC4Gs81NQVfqfnfxYXm5bJ0g,health
365노후건강,UCQPvsX6gTWhwMu1XXZULrsA,health
건나물TV,UC6xugt5HrbJpVMUQvnTkulw,health
티키타카 Tiki-Taka,UC_Gj-OX-QeE814ttqYbJ30A,health
부민병원,UCTXUOcXH33AxRSMInyVLriA,health
모디헤어플란트-모발이식·헤어라인교정,UCtjTk7R9heRWnVNS-KdgpxQ,health
뽀그리 bbori,UCRq4EGdUsNwepOHGoZgOUfw,health
선한목자병원 이창우 TV,UC-_CuutNtAACqG97cZMNUZg,health
콕선생님 (콕통증의학과),UC-deqx7nwzcJzRxQjUtMPiA,health
창원복지재단,UC16GoMyX3ViQYfBDGrTrAYQ,health
구동명TV,UC0Bt5U9hYnJujp8SeznYcsA,health
후후비당고한의원 - 대사질환 性지식채널,UC08pbeuzAK3uRsdrma3Gx0Q,health
닥터스TV_Central Seoul Eye Center,UC-lxBJ5w49nJyQZ1XeEpfSA,health
힐링과 건강의 시간,UC3--BXTHVDUvkPIfQs0xxXA,health
KBDCA 한국혈액암협회,UC20TsL1C5nhfcAx3JlgkZLQ,health
자율신경상담약사 이지향TV,UC0i_lpWj-xNPbLFqcpSaS6w,health
간현배 KanHyeonBae,UC3cSU8yLcDNZ419JNX--o4A,health
놀러와 약국,UC3WZiUWd3RRPOdBSQH0cJLw,health
이동욱의 백세건강 TV,UCpKHS8_xkkS23d23n3Wk8yw,health
운동하는코끼리,UC4e4ETQSeiKGXKhS-9zNjwQ,health
Dr. Dylan의 건강 비결,UC3454ef0lSLjBSjmKH0bs9A,health
시니어톡톡,UCoqkowjp8Fju5pB5DXrxlEQ,health
알쓸물치,UCm3IV_RvXMOWczBbarPSQSg,health
백세지혜클리닉,UCXoYS_H6BKhRtWr9OSCuGjQ,health
시니어시니어!,UCHhtRT2BHQvgIuxpuKiSLkw,health
백년의 약속,UCMH-1eX2Gc7R1lO0iTEdgxQ,health
내면의 각성,UCjWdV85QsIWEQcXiBwH42Ag,health
관절 알려주는 의사_뼈선생,UCgSEPdXabgtvuqTKK9k5FGA,health
맥스 리포트,UCzslvCCAlV_rhP_3CjAV3mQ,health
브레인바이츠,UC54kBMge_LJ6VtljXMOFvDQ,health
시그니처 테라피,UCbhJIg7hyNxVkn430nIAQbA,health
Beautiful Relaxing Piano,UCvhNnJwQzJzQL_-AI3L7jgg,health
예스건강티비,UCuVMBtgTvfP3E1-r7Xb7kTQ,health
입튜브,UCRgIczggxkiuMiOk1NOGF5A,health
밝음나눔안과,UCSFKRy_oaRKNVWLBuCRxS2g,health
닥터진TV,UCpEh_i7YoCmTGw0gQoPkO1A,health
건강해,UC9tzL_CdwT4wOMt5gdxmdEA,health
HIRA건강보험심사평가원,UCUAkzi_UHvcRBtePXePfsqA,health
너와 나의 은퇴학교,UCCgMUqWfLg3plThNaIemW8Q,health
지식의 맛,UCG5LBY-JUvHYotJ8ODBNsNw,health
EBS 건강,UCKdvqF-mmgiifS_pinO_bRA,health
소리탐정_쉽고 친절한 발성,UCKPQTCyNbavWRvuI61EPikA,health
제철건강,UCedl3ClIwMtTdmHeiiS1czg,health
Brain Quiz,UCvAV4gD1Ocgtp572RTwEjyw,health
의사가 말하는 습관,UCjIGsvWW_UOGJWTMzZ12qdw,health
닥터벨 DRBELL,UCdIdgmrsh3h40jvxDDbSu5Q,health
위담한방병원,UC0_vsuVa274JQur3FraxuaA,health
세브란스,UCIqNAJC8l8rCAXOZPyfyG0Q,health
보여주는 약사[ showing pharmacist ],UCtX7uYBau7hGA05yWWhW4hA,health
한국 비뇨기과 의사,UCFvqCNfCGvVsuU-DpNcIXNQ,health
Yunchan Lim - 수면 음악 프로듀서,UCdbicYdErYTR-J4ZTVz6kUg,health
건강 다다다 ㅣ 종근당건강 공식 유튜브,UCQZMRnlvOPXLKfQ0a0MdTIg,health
불교 노래 모음,UCT32yJHkouI8pecc0KJgd9A,health
서울대 보라매병원,UCUEoRTcgmZbaHY9BGw_iduA,health
진푸티 종사,UCWLFdU87k8fWTVGjTHdmhpA,health
제이수란,UCQb2SRRFEODl1bygGiMJGlg,health
Dr.살빠체 | 살빠지는 체질,UCXdiVIF47obg_2RodbrMI9Q,health
비타민신지니 VitaminJINY,UC9trbyGOOjJmMea3w6c-e2A,health
정하윤-개구리누나,UCJBVI_x_ecMZMFk-8zkxt8Q,health
지혜롭다 : 삶의 지혜와 인생사연을 담다,UCBqUpQhb5nVOI2g86TANmvA,health
서진원소장의 바른수면연구소,UCuDldvhPJRC3dzBICSsfNJQ,health
디아지트,UCJjwunfIpTvVsJrWIeiprlA,health
강북삼성병원,UClp4EdAwhySzqnMWjKnh0gw,health
무나홈트 Moona Workout,UCMA_DTVCzlALpD8hfGmYAlg,health
창발검사 [기생충검사],UCapWuAFvGYLUpQ5yD4ogpnA,health
박성준풍수연구소,UC0klmuY3t26aZDJ2nMUIMQA,health
대한뇌졸중학회 Korean Stroke Society ,UC2b86qNxANE_0lQ71WIS06w,health
라이브치과병원-LIVE dental hospital,UCQfnv5_Rrq7NPXMsuxu3Bpg,health
황상민의 심리상담소 : 황심소,UC7uH82-KbrcVDESEcOdR-Lg,health
울산대학교병원tv,UC8ROuDBSY2ZU5Vn-67dvLyA,health
라일락향기,UCAlsJY36tW83R5whyqXHZRQ,health
꽃차교실,UCBZFAkHXGvOH5QFsWNAUpTw,health
대웅제약,UCYYPkaH7fNysLdBjJa19v0Q,health
근막의 신 수키원장,UC9jP3qBjMc6Vfpxrt2BEd7g,health
서효원목사 말씀치유기도,UCCgMy7YlE8GOgb4OgFLHZzg,health
김둥 Kdoong,UCgg7EhQMvdAOnsDWtYShk8A,health
Pyeongkang,UCQIQp2EH6nOI8tjdOSmGujA,health
엘빅쭈,UCY1He4bONsPMrk42HkFaK7A,health
통증 해방일지,UC4fXvuz0piEYPKRQJzLJDJA,health
연세사랑병원,UCWoQqwKkrSm0ximdovQ0BGw,health
Michael Sealey,UC9GoqHypa-SDrGPMyeBkjKw,health
아이엠TV_마음공부,UCa8wnCd7PgB5ohcxwnl5zXw,health
이어드림,UCkjUtRF0YCo6JC9hpNn6XrA,health
불량청춘,UCtdOoRIMA4IXGc27INBiZiQ,health
디앤디댄스 & 홈핏 ,UCVoM4YN4pwYiQjv_OpMFEAg,health
유사나헬스사이언스코리아,UCy85dXvlDH-9H9puNRRGuxA,health
엔젤요가 hm yoga,UCGinIE64fsCIHQAV7qJGG0A,health
지혜를 구하다 : CBS 지식교양 채널,UCiUGplFMBmDuA1f9RNpoNwA,health
닥터U와 함께,UCDxgrjdpI7TWVf1G8uJOztQ,health
율무차,UCHP7gG3B9QE9DSEoBRXmDyQ,health
YURA LIFE,UCFnx5pb5KhDBfPwJiTq5M-w,health
세계적으로 유명한 운동 정보,UCo_-ny9SP5Pbz8KM1KKchbA,health
몸수리 (구 운동한입) ,UCJX6qbVj0RvvrjlumQBHGtQ,health
홍시약사 ,UCnLco7OATOdpjUNteNYtsfw,health
Music Therapist,UCQ1BvUkWenb7uSnLuM5wxgA,health
호감코드,UC0bvOTfZywOvh_1jCUB62Pw,health
최현규프로[Think 골프],UCRX6YLuWkLKbXfoWmZ3OF-Q,health
백세건강 상담실,UCtf7gOSRMLSTa_RwgZ-F67A,health
유웰의 쾌뇨드림,UCakdT6MrZrDTXrbgnpZtV_A,health
해통소 | 통증 해결해주는 연구소,UCoce22wGdMFOxvStdEruWyA,health
신바람건강정보,UCPjQRj2W1zYyrNYJQQwj4HA,health
Dr.전미경의 닥전TV,UCiYigCQLXMaTQ6GTatBAYPg,health
실버담소,UCbSh5s-riJpRuVyOI2uYTMA,health
닥터포유,UCKnp3hst7gwx47lyR3jqi6w,health
김예현_YEPI ,UCFtY0rnLZD6Ihy9YW2N4RfA,health
정수TV,UCIr22z2digISvq4xZPKrvBg,vlog
아침서가,UCgC0VXue9VSCXZDrsLQtBKQ,vlog
스마트한농부,UCLigSO1MhXVFCjHbKof729Q,vlog
촌스런TV. 천만원대 전원주택,UCRvZ_OYtexzkIFddh_FTGyw,vlog
현주zutube,UCJMMSPO-0YnhxRWfGOPmqvA,vlog
ONDO STUDIO,UCQt_7x3PYzs4FNHtYb43tRg,vlog
도나미-donam e,UCY6-BFVypIlf55oyJdC0WBA,vlog
금닥터,UCeMWIOj1VZhoIaQ6mkXUcgA,vlog
꿈돌이,UCTFg7L18_OehorWWU62iPSw,vlog
랄랄ralral,UCEX1cZB5TL7jyKejXdTXCKA,vlog
 Gizem Hwang,UCtNL81i7j91pppgWxlufbKQ,vlog
류꼼민,UCECTcrCbe1H-DQKUAFvEIBQ,vlog
헤이무,UCa5KbflziIj3gvCvz5CE0oA,vlog
일상 속 사심 Sewing HJ's Joy,UCpAda5_TH4KhAoCE3t1DVQA,vlog
멜봉 네덜란드 MelBong,UCz0F9ndJTA0eL2XyL5R8YNg,vlog
유지원,UCMh6-6fJhY0hpQMhfGNPGgA,vlog
효풍수지리회,UCPi3-1DWLuZfu8TUWN-8f0A,vlog
mansoo lee,UCycXBUtXYqh3l1zXMHUDm-g,vlog
심스아뜰리에,UCFGSI47BkphBXXak6I2Risw,vlog
유현SHINE,UCD-OvrYXC3uxq5xL9mKi2vQ,vlog
아넷맘 ,UCZZ5nb0gNE4nTWW7xcA_0zg,vlog
다다다패밀리,UCByWMbQ_HKD_iOJYSltT3UQ,vlog
주리온 일상토크,UCWfmj27GDYWNzsn6KQHVQmg,vlog
토게토게,UC0B6ch3-JcCiHHGjbL-g1IQ,vlog
김껄껄,UCkkytk6zJ92YxyC5t3AHQZg,vlog
김미선,UCirE2xLmVE5i8xSi_7bpvsA,vlog
츄발라Chuvalla,UCvQP9MKfJMAIZ6T5zJ9xlDw,vlog
타즈맨극장,UCk8rmqYhsOQ73iMGbbG3_Gw,vlog
Huslee huslee,UCnNZam83jmvJoOLxfbubsrQ,vlog
일상이의 일상,UC5TPgnKQyu1tvm12NGX5n_A,vlog
귀주부,UCjgcSuOh2vrY_70_pbU8_5w,vlog
서정한 테니스,UC8KekFOWdWqLrTPrxwHwXvQ,vlog
ondo온도,UCSn90DAxCF3yRs6mFK0-8TA,vlog
오르다공방,UCcxY_JtqBcVM8FXCSjCO07g,vlog
Kel Belter,UCN-8aLgP4EjepO3umjJNucQ,vlog
전원시대부동산 양평전원주택 매매 매물 ,UCJy6dpsf-5freA9Vm8Y-ckw,vlog
한샘박규리(서민경),UCzIOzU4ucHRsYrd6snF0uOg,vlog
혼술 가글이,UC0ip5gp3BUMOVcCR5i5-SPQ,vlog
용용썰썰,UCVKHm-zwPkX2m12vDaRCYDw,vlog
그냥혜,UC5iaVwMPNnYUkCqriaEDslQ,vlog
문션 Shawn,UCEnxfpmOmHn7HdOtEHwAMvg,vlog
용설바위솔 & RC팩토리,UCbp1nr4XXx2R3ZRRpq5pR7w,vlog
스테파니 미초바 Stefanie Michova,UCE-SXCe6SPpfRlpmngOjRNQ,vlog
여주하리부동산,UCfVYv8i5EfMByUlmc32kPVg,vlog
더좋은집 박성돈 대표,UCZkKnIz3RoYQoQjaSZhu4QQ,vlog
지니몬JINIMON,UCYpiChjgGyPt3WggIPNf29A,vlog
해그(haegg),UCYFGcC-iKw_7RrTS2b5HciQ,vlog
아임우 I am woo(임우현),UCk-nPRU8BWGi2qiFhJFRnEA,vlog
 디자이너 우앙 Oingt,UCsBsU2OW1f1J4d93JRP3IgA,vlog
련수 rreonsu,UCr_mn7RZVtY_ex_pUtDNRFw,vlog
디어코바늘 -Dear crochet,UCSCgRGUGixHLKEAHtoM5wVQ,vlog
Café Juseyo,UC8rAoDFByG3iqUKWS2I0guw,vlog
강화도수정부동산,UCV1C1P2TbMqX7knxbfSuQ-g,vlog
마인드풀tv,UCmt0FK5Mk4uODTQLdPBesdA,vlog
박민하 FUNPARK,UCBvg_vyLkXoNBElP-61vYog,vlog
안지민 Anji,UCsRLct-rRT_zmsav-M4IdwA,vlog
허윤미디어,UCGdBIFa-EHM-ctGs6qOyUdg,vlog
박선민,UCyhpx3KrF-eZ9R7kk6M8ulQ,vlog
Aylin YILDIZ,UCfA030EmqCfhsamYiAaWyOQ,vlog
Gina Everywhere,UC4OU85kg-ERLAtWPVztwvKg,vlog
아라자연농원,UCyswRsbcvUFDg0bs3XrmyDA,vlog
박현근 건축살롱,UCAhZO2o3gO_eRLNF6cr0HFQ,vlog
하이! 레이 Hi ! Rei Couple,UCclDkMizrI6O37Qf_CyI_RA,vlog
도울사주,UC68zOdIei8ezWkqs0xfUrNw,vlog
달봄사연,UC9CAwd4W-whe--Hm-tes8TQ,vlog
하수구공식티비,UC75W_OZGTDlwLfCwMDg34qQ,vlog
행복꽃순제,UCkxJKtognO7wRwYjGrbLSaw,vlog
잉크잉크 Ink inc.,UCsK7GYrtIpv1PGI5e44RilA,vlog
삽질하는두더지 ,UCR2_rReXL_GkiJXaccTGrLQ,vlog
고초희 Daily Chohees,UCyU9SS7OSXHox_ZRGBIVcCg,vlog
BlueCabinet,UCjnn2rEWOo2_fblxrdR71cA,vlog
걸리버TV,UChgRTd5p_CtPaJL2SQrIZEA,vlog
인생연재中,UC8GK-_qb3_i1PPw5ZEhUNMA,vlog
여자A 남자B WAMB,UCTKIUAl6O0TYTokDRVEKYvg,vlog
오은영의 버킷리스트,UCc8-vc45vK1-kUFZvii7s5g,vlog
세리티 Serity,UCSD0MKMFT0bZP4jj6c5ihMw,vlog
피기너스-쉽게배우는연애,UCliDkrsny0v-O5njKlW0ojQ,vlog
하루그린 harugreen,UCrZhIOwljSJY1RsU-J637Og,vlog
귀농스쿨,UCDKPGYPUBDbRpiiV4WcMt3w,vlog
부동산로그인,UCSWzXUOD9gYnC5kX4QQ5-pQ,vlog
나미,UCEJct_yv0Jf21EtGu0WXRpw,vlog
허니데이 HoneyDay,UCzn13a-rTjEVgnA6ngrVnnQ,vlog
simsim maru,UCBI-8xjglNLy5lQz7h1oQ2A,vlog
쿠바댁Cubadek,UCO5-r80INIPyegas4_Lsf2w,vlog
횡성둥지부동산 | 전원주택·시골집 매매 ,UC92p5suRlU7TfLY4H779Q-A,vlog
명품옷수선,UCm48o9RsS8pYT08vCUxbfAA,vlog
듀박스,UCObCgw6Xf1NyD79N-HsnAig,vlog
장주억,UCrMy-P1RyBHBNdoGDXTjWXA,vlog
🌈백복남TV🌈,UCymsfEqeanKtlGtyhgvHqqQ,vlog
예원로그 yewonlog,UCeKBFsBhdGPDGlJvetF6pBA,vlog
يوميات سماسماسيمو,UCJO_y-U4tB3pYY29NbnZH4A,vlog
오영주 OH!YOUNGJOO,UCFsSyiKOtZD7YNt8uXHRlzg,vlog
deemd 딤디,UCrFlv9c4LItVlIMCC2p6LOg,vlog
스튜디오 꾸미,UCoCypG-OUsdO_xX7LEwEctA,vlog
양평전원주택전문채널 - 길공인중개사,UC_pN77tYhUtaKU0qGfq9dZQ,vlog
Домулло Абдурахим OfficiaL,UC-ZzP_nw3iDK3G7XB591pmQ,vlog
공간치유,UCFV6KeZ7eT7xoPlP4mSAhGg,vlog
한나필름hannaFilm,UCte19Ut4oqvq3YglHKrVEjQ,vlog
에린남 Erinnam,UCDBst6RZE7Z6m4ROlSjr8Iw,vlog
TV박달재,UCFQcD_VjRLA_0Ej3qY4Ff6w,vlog
또히DDOHEE,UC8Zv-JxGPLW0oZG4ZQaFQlQ,vlog
우리데이 wooriday ,UCLt1_o4Y0WAZMTOAnJrfnCQ,vlog
금똥,UCg7IDG09xtiIPO4XvZKmMpA,vlog
미대오빠 귀촌 16년차,UCsdA5_pIg_lNlVJs57xxbpg,vlog
오늘도 다영,UCbBhEPM6IsrAONowCfx3LIw,vlog
연분홍YEONBUNHONG,UC58GUNps_MNTjEguFA1bThA,vlog
spy YoOnJI iN كوريا,UCQVLrz6za_aidRahNITXsOw,vlog
누구나부동산,UCblw2a-kVYB5rMDBqrpC7Cw,vlog
Taeyarh Leather,UCoYm6-xuLcHm2sW79qfPPJw,vlog
Keluarga  Mister Lee,UCk8ZuFVVxNugOzXIfMBJaCQ,vlog
슬이뷰,UC4RUS_IZjPOthrSel6zIT5A,vlog
난알아요_Orchidia,UCYMEjYhBYdAT62a04F60HyA,vlog
The Happier ,UCaNOpzcXUXmf4xpxdsDiDKA,vlog
홍천부동산 전원주택 토지매매 청산,UCBmgT-Dpy49SaKWaxZxWV9Q,vlog
대유맨 - 대한민국 NO.1 농사채널,UCAXaHdaiZykj4awF239IKTA,vlog
바꿔줘홈즈! 하우스파트너 부동산,UCvPVCItL5Rdu0MevPEI1RLg,vlog
코구CoGu,UCdSMuXiaeoHUqLXlPF9s-Og,vlog
자연TV - 여주자연농원,UCvTVi6z926HwwrzSjJItDtQ,vlog
:Dalgo 달고,UCvPksKjOq4YCOTpbhSMPYaw,vlog
풀포유fool4you4,UCFwMwz59SkciqHJwhLfKupg,vlog
노후의 은밀한 지혜,UCNQjoG69DzXnBBH_4H6EGdQ,vlog
판교도사 하이드 - 사주맛집,UCOaGl_0V_aoZI2z1bJ-JJ9A,vlog
콩이와 다꾸씨,UCm4A5QFndOAplBR6n25n4Og,vlog
퐁세 fonce,UCr80lTYxsgxPVLR_gHYHh_Q,vlog
연서네문구점,UCKIv-I50d-6fadUMem5DmYA,vlog
귀농귀촌부동산,UCH1oazs2SI9I0bYGRt1bmZQ,vlog
예푸른 야생화,UCE3Ec25Oql6JbIOsuK7ntsQ,vlog
청춘만물트럭,UCgGCnPMUwl3hwdATZW7Uqcg,vlog
로동복어,UCsHXnEd4VtCcKC0SN6ajBGA,vlog
신똘망_Keep a record,UCLrUPsfYlpbAG-27otO09rw,vlog
요이땅언니,UC0Wg9uKRzazdMd1w8soDJPA,vlog
연두빛농원,UCu8LewOMEr7URUht368YnCg,vlog
sassyinkorea,UCNrRJm0gWx69f8Ybdnsi23A,vlog
햇살 가득한 집-Garden,UCzTkrqcJWZA1wf_omhYvj5w,vlog
일월용신당TV,UCHgUQDEw41k6rqt5rvG6PgQ,vlog
사랑부동산,UC9fAoplZw076ibraZ2axAWw,vlog
햇님달님TV,UCyc3VtIKnPl5Vf0QeArcD9g,vlog
황금후추,UC7-OcYrWFVgLoRNlvEWpmyQ,vlog
Ch.염미솔,UCTE0eZVWVWCBki77zIRs6yg,vlog
강수지tv 살며사랑하며배우며,UCbzDJ6TPnGjYtRgFtzm36tA,vlog
사랑,UCfoT8an-RvrKQ9bYXB2Rebg,vlog
덕희,UCXYt9lJEYbV0mnDFm4x-GPw,vlog
Vivi Ribeiro ,UCl8uwqT4Eq3Tr4E8Mhy9pNQ,vlog
서앙주,UC_dgfXkx4imbPwU4C53v58A,vlog
세움디자인하우징,UCzQsRTJppUtjyx2tB5mQocg,vlog
시설워크,UCeu1qQFpDxvIA4csSEn7F-A,vlog
지유롭게,UCWKOpSuESpxuflb_zsm5W0Q,vlog
키다리아저씨의 종이접기,UCz2OI8bmcHCB9U6Kx4hQPNQ,vlog
쎈 언니의 부동산마을,UCFwAfY0bw8jxy68uxWpy2wQ,vlog
오키키 ㅇㅋㅋ,UCV19yBCFgPV7aJmd5sZ5lBQ,vlog
가우루Couple -Gauru-,UCDqCesFNo5HGmTfytNtDfug,vlog
챙유진,UCwOsFHOqafhNHQkgsPXWWlg,vlog
방구석갓생,UCSC8KssTsX-jYXVJOQA0gWQ,vlog
Esae,UCy7nTs_RpazVZvsK9ZcfxYQ,vlog
이반느,UC2eulKZIvwKemS8TesxsjsA,vlog
인테리어90,UCYex7BoSwk6RRjPxhkOlKiw,vlog
다인이공,UCs7Bw5CQK82AHhyMQ59NZWA,vlog
낭만도자기 - [최이장의좋은사람들],UCDy5ubqqGZaPLBkhnQJaKWA,vlog
REA,UCExWF19a72mRvVXef0Azwyg,vlog
나르 NAR,UC1gcFSdKkiIvL2iCi-_up6g,vlog
이상한 학생 정지웅,UCG39EQOwJQfHqtCHdFAVzjA,vlog
히요정,UCmg4wRLpa461MgCi3z9dhYw,vlog
라오스 행동대장,UCyq03wJMchkLS0g6675h6tw,vlog
셀렉미 - 미용구인구직,UCL3P9bZumh3UeC39YN7-BTw,vlog
후화후화 huhwa,UCCYDKnFE1p_AGPftCx3oE_Q,vlog
미니앤슈 Minnie&Shu,UCP_5A-IChRo-e0EpdYrP-8g,vlog
쨀,UCJyTenC4wIaKLDx7fFlIMDQ,vlog
금새록 필름 KEUMSAEROK FILM.,UCkIurgQHFr5O5ROzNdz4D8g,vlog
오정 O'Jeong,UCZNm4-u5Zwt5vDVfMGOs2Mg,vlog
최소우림 minimum rainforest,UCEL-6UyYFcmABv31Ou-UQGg,vlog
준성호네,UCyj5XVwazOh592neidDN9Eg,vlog
유이,UCpBUGTthwEQb68R0Yt3QeMQ,vlog
까밀라댁 Kamila,UC98nHfafUbls99bA51OSrXg,vlog
혜비 hye bbii,UCy2p5VW7PPQyGvPHXIkggDQ,vlog
시온맘,UCaZTqWFnlL7-oWug0ajX8ng,vlog
양평전원주택 급매물 전문! 양평가자TV,UCclROpoZdIhZ-npwaG-nf0w,vlog
삼줌마,UCCwOvmgSK8O2cXQ9tZFLX2g,vlog
보통날의 안녕 Annyeong,UCQ9MRH6QbfKum_kfbS7whnQ,vlog
땅집TV,UCAQjwwboPrtAj7GO_djgNtQ,vlog
충북땅 달인TV,UCCg14-XM-xAXQW8rIgWY0Ag,vlog
동인천 송현모사,UCmtU6avUIfZjduEBJQnONlQ,vlog
홈스타일링연구소,UCvi6kCny4vDxuKg28KJCVlA,vlog
강산재,UCnYnEVzUiEztBLgnakVftNQ,vlog
유부남,UCDBr5TfaSHWVnifL2uy2bEw,vlog
여은 Yeoeun,UCR0EnQuG4tYcO9Pj0hivXDQ,vlog
설2,UCEYe15ZhDefi2zjUa-Bwfew,vlog
인연부부,UCXRfCxn4KPZgqrxipLXwc0g,vlog
오로지 집생각,UCemfY-e9OL6BrgJqGsDMbiQ,vlog
금속탐지기 루이 ,UCZ_jNipLmp7HGnmoeKa-ytw,vlog
サラのHOKURO,UCBVVCHhTq-tjHgcPvTkCFhw,vlog
밍글minggeul,UClRj8_RufgPPy8k_LcVEjSg,vlog
술양갱의술생술사sojulife,UCcr0imcifivW5ydS0W9-eFw,vlog
살림하는 부산아빠,UC7NSdUyTzGQ3bEhbCDZOhmQ,vlog
태키,UCCcXoMLJYe5Wqc9UVGj8VUw,vlog
Garden in Seol 가든인설,UCtnUd1fATmgAWjGSZ3IfqaA,vlog
이하영의 프레젠트,UC7woC_U2uPkrmihnJhQ0dcg,vlog
오늘더행복on,UCBUvd7bi-SO5NiQNvpiVlHQ,vlog
나는살기로했다🎙,UCuw_gicJ_xOK74SLi5PF3JA,vlog
이솔이 leesolyi,UCGtZg0PSTp2HjihJND1M5JA,vlog
사연한스푼,UCGMHlTjMmf1UBOdzBKaA-4A,vlog
재지마인드 JazzyMind,UC40PwqWkMEpA8H-imJWbdwA,vlog
오백살ObaekSal,UCmLDB5sah8HbKx4rVIQf6vA,vlog
양평전원주택 급매물 전문.양평을보다TV,UCQwFouFlZ8d4vH9lEMYLu3Q,vlog
전영우,UCS4EsKphvKVWn5YH689nQ2Q,vlog
정리왕,UCmErD4mBSQUUIxHFB8RTJLA,vlog
길벗출판사,UC7xC5tux2ZHECaBY_yh3Kpg,vlog
소람 soram,UCiQv5x4DcBRvqTGAcDGt8gQ,vlog
북토크,UCCIOK_muw3wg0vWEAkBueAA,vlog
그냥낙타,UCpR0c5axY907CJqlpvcXvGw,vlog
오하은 HANNAH OH,UCndYfljpz2F8WB1uGONYLzw,vlog
마이티비 미얀마 MYANMAR,UCD_a9w37t75jDDgUv1zovNA,vlog
이네 enne,UCZt-3m2bvHxrhpa3tm1Qbag,vlog
허름한 허세,UCs0uX_kYTe0dv45TfpX51mA,vlog
앤드류의 연애심리,UCnwUunBH54uOXTO1cUOIXkA,vlog
과묵한 권운씨 SILENT KWON,UC8-L2qUsXQnSGLHvKK66PGQ,vlog
지혜사연,UCFTbwEBE_inipfS1WVRZOHA,vlog
금쪽부부 GOLDBUBU,UCWQdXoa2j1HrZKQQ_jgJQ9A,vlog
핑블리 Pinkvely,UCw-UpKqNXqUgfbTJAagJx2w,vlog
누나 older sister,UCaJGxEOO9COaLoMcY7YC9sA,vlog
서기채널,UCuajy72PSiVFbLHUrZXW3OA,vlog
김치와 바게뜨 / Kimchi & Baguette,UCXGXTy_GDJAlRTk9ypTHNKQ,vlog
ASL UY JOY SAVDO,UCY5bOa128gpWKM4EeDtjW_w,vlog
백제부동산공인중개사 본점,UCT7EGObNGNabVBtyF4aKkJQ,vlog
해뜨는TV 부동산이야기,UCvXOZUtxaqFIjcrk_jvzswg,vlog
돈이 되는 수석,UC8tkWNA3wfoa92HvXXfOujQ,vlog
우리동네홍보,UCssw5WCWqW5AzRBAmiCoi9A,vlog
더브라이언 The Brian,UCOe9T7ymLLB16IROjlXT3yQ,vlog
사연빛나라,UCMsfHRipuzVy7C7q4LVIELw,vlog
Desi Korean,UC493hWmdORG3p_q297LXtmQ,vlog
채류진,UCvONknB2jSjtlqDRdt5BoxA,vlog
자연애부동산 - 전원주택.시골집.촌집.토지,UCeEhx6YXOYz-BX-37tkCRyw,vlog
헤이런heyrun_handmade,UCYAxLMITjCuuVNyqVmFyEiw,vlog
miesandlouis,UCOtqXNFlGgE8u1iDymlx7KQ,vlog
나는 자연인이다,UCLtOnhCSyMjJHVrHu8C0niQ,vlog
로맨스다육,UCxbBP0tRdfQ67sttK316ZaA,vlog
올바른 길,UCnLMKcbjC1NW4eH_fhjtBvw,vlog
농촌브라더,UC4VwLPG_qb2FpO9fQ1CEFNg,vlog
골라주는 아저씨,UCYJjqNtsg25XTy1MBYY_5Uw,vlog
방구석 코실이 Kosil knits,UCP1Gkzend1exZsdQj7PTn0g,vlog
한케TV HanKateTV,UCj0XeNk7oyqVqUVpQo1vlVw,vlog
한민서,UCP9fVXa9MB2kC_nZolywB6w,vlog
사.읽.시,UCnqNuO-Q07lODRuGBVvFlFQ,vlog
썰프라이즈,UC7u8Qc_LHZ1eDUsKG7xFhxw,vlog
심플비 simple.B,UCJSBa7exUxGA3ZNoWEEx4lw,vlog
임아세 산다,UCCmHx5D1cS4ngDRbJdp8P8g,vlog
월드건축자재DIY,UCANbkO40IlYW1d_aiYuHlgA,vlog
소비요정,UCIm68umKEkiDhmRNF0CryOQ,vlog
싸다구TV 빌라의 모든정보!,UCDoTL_pndu118kDgTSDQi-g,vlog
뜨개작가 아빌 crochet ha'bil,UC3jwgTvj7HU6vpWGeNWZ82Q,vlog
나무 이야기,UC3sLhFtKp22u6LUwm2C_vhg,vlog
육각형,UC7W279Q-k3oV8o0W04ZZ4nw,vlog
Navico leather 나비코 가죽공방,UCMJSIGD3qI852xCugv0LHYw,vlog
이태니,UCC_a-rU0ruKcMs9pq8BQhzQ,vlog
숨비재제주농부 Jeju Farmer,UC3hUt6SONwK_PmDMz4s0u6A,vlog
All things,UCw6ztb067nDpbw1P_SaW3ug,vlog
란쟁이tv(꿈나무🎄),UCvPOBWo8Mlf8YEaKYIzeA0A,vlog
박병욱,UCLG9CEVMoKcmhm-p-xeZHyA,vlog
chips,UCO3TX40LZu3fBwFaT4fa6Og,vlog
방과후공예협회 how to make,UCKqR50wCkZGPrIGUrO1DZdQ,vlog
SilverSnow 실버스노우,UCHopQBo3N-fadSVQtOE3mzg,vlog
더좋은집 공인중개사사무소 박정수,UCO-50WyAJ2FbxsMXFYKklQA,vlog
유니언니 (정반대부부),UCUqxZlUNKhwAiGVAm20Z-Ew,vlog
찌니ZZINI,UCpQMjafQHahxW_ZyUu-eVrw,vlog
It's me GRASS 그래쓰,UClZYXrFXxFGu-mif_fGrIhQ,vlog
별리의 사랑의 징검다리TV연애or재회,UC_xGrHLhH1v9N9yYUfaFTDQ,vlog
COWAY,UC6fKqYWsBvP6yxmTrhjOB_Q,vlog
Q2HAN,UCxANYxgMTfJp3ZE8opnvJvQ,vlog
리치부부rich buboo,UCcjCsuRASLnhP_QHBrRXKIQ,vlog
미스터원의 필리핀 라이프 Mr Won,UCHjeWyDBp7kPuQUtC8DwAMg,vlog
고말숙GoMaLSooK,UCBonCFMS4AJk6u-630QMlqQ,vlog
혁삼이 HYUK32,UCcC5B8QQug7bKKzitVd5k0A,vlog
전통문화예술인 국모무당 박비주,UC5sqJqu1hVt2ce05_Ukajyg,vlog
Hola Abril,UCqkq6bkPUt7RlSKomnout7Q,vlog
오상종 TV,UCLsSA5wszy4gkb-ohcfnn_Q,vlog
"그림처럼_살림,일상vlog",UCL-AUQNGVO7eOyqaVN_tiMQ,vlog
건강법이금순 할머니의,UCss-HoxEtUtjby_xGTBgb4w,vlog
피글로그 Pigle's Vlog,UCwdZgECLGRyHszZemaxgXJA,vlog
Minkyeong 민경,UC5cEQbwa9RGuNrWE063DkwA,vlog
레베기의 이상한 아뜰리에 LEBEGI,UCzh04Oa_LSZE7t9eWj32Yvg,vlog
헤이두 Hejdoo,UCptluLxns9LnEl3bfTr0AnQ,vlog
원츄 wonchu,UCT8UPWYlQGEOwRInoXcXYhw,vlog
궁딱이,UC7EXvoPfSVfseKgZ6IeRbhw,vlog
한화손보,UCajNePVZOs19hdWEiB-HtfQ,vlog
DollyHouse돌리하우스,UChtwDtEs5QRSo0PZCqU11pw,vlog
히피이모 hippie,UC3x4kJfS_TtyS1m9JbeKgvA,vlog
힐링이네 healing flower,UC9TnyS7JsLOpgs0yZrijFHQ,vlog
yebaksa 예박사,UCi1F8NSUfAFU75vAtyy04mg,vlog
The Knitting,UCQbpD-z7--O2MLVTmqLu-LA,vlog
홀리숲 WHOLLY SOOP,UCO0f__Of7lEardv-ksfgmoA,vlog
조원더 wonder,UC7UWau_Sr4tMMgjlfG_RL0A,vlog
휴지마리,UCss14hLYqiBFBmEO12tnVYA,vlog
지혜사랑JIHYESARANG,UCpDzj4jej3Hfk32eiktOfdw,vlog
조송,UCQTqoER5HqOM0RPwTf8iEUw,vlog
서경_Seokyung,UC-lHKUJ8nv8EGZzee_AQv7Q,vlog
하우스로그 김민기PD,UC3H6vLnrRlTl66neBAYxwqQ,vlog
아노라 티비 ANORA TV,UC3LjppEHGINvQWTDXw4nK9A,vlog
글토크,UC0Ra5o9VIVNBpV7vK5G1tIw,vlog
정음이네 유니크가든 (평창군 봉평면),UC11MlP7_z_KBxjjcVvwzAyg,vlog
아워플레이스,UC150wrbriv2ljN3ETWyCkXg,vlog
제로일기 JERO ARCHIVE,UC0rqUDp7yZGvuL2E1WcVOBg,vlog
럽주LUVZOO,UC0npPpEAWpMJzh6aUkaZ8kA,vlog
종이쌤,UC2fAkS5LpM6t-5m7oAlY4HA,vlog
yulma,UC2OlsHTyajsytNVS_iF-IsQ,vlog
귀농TIME,UC0IcIKLm90A8rt2a_l7nNGQ,vlog
구제영 9Z0,UC-GJQhctQCPmHeSwE0LQWBQ,vlog
무아공간,UC21N67btsCUaCvpO-BwU4VQ,vlog
평창라이프,UC22v_JNs_jyCJu8D9pG3V9Q,vlog
주연2 ZUYONI,UC1YU436hXVXna8YuqQHCYKQ,vlog
SUBERRY,UCNU3RcaXchELrgx11PtXU7w,vlog
공감로그,UC37aFdxKvzCOJc0tdaiqGdA,vlog
MIJU 미주,UC0uKkX3b8iLj0_alk0IDYWA,vlog
아트박스 ARTBOX,UC-3Ys0zhdyTe1x6wLiokAMg,vlog
Hodune호두네,UC-AiG6EJlu-8_fTFkGL5euw,vlog
갈때까지간 남자-,UC-EGSdvtv-2DU0379QyjamQ,vlog
쪼만한마을jjomanhan,UCAAoF2T0cwxKxlApUZ8TmVw,vlog
kiu기우쌤,UCIZ5rCTYJ0s16FgT7OetVEQ,vlog
봄비,UCLpf2v9INharMB4vxW0bnPA,vlog
m58주연,UCCRKbnxzXpCujbsi5JI1lKQ,vlog
믕믕,UC9dI-HlU_NNOjnRU5ar5KiA,vlog
정서불안 김햄찌,UCU5Bngb-griCg_96ZXpXOgg,vlog
콩빈Cong Been,UCTmK4iKaaLWfh2gXrt1fH9g,vlog
데이라잇 SHOW,UC1Phnf3tWwDj1BSJ6p1tKBw,vlog
나무시장 연구소,UCUbsWtzuHkFkkZ0kEUhgYVg,vlog
실패는나의힘,UCUzCAJ9hXOzDeD3fo0J1dEg,vlog
조두명 Jodumi,UCbKa5wgu9jF1m2XrLA-rokA,vlog
서연이야 seoyeonea,UCWALkLIr_mSmw8UvJ3fOlSQ,vlog
공황남의 갑자기 떠나는 튀르키예 여행 LEEGAL,UC4oBHNe4MYZ92wPrxzj1ptQ,vlog
쓰까르,UCX14ZlyF0-tgVcDxLj-4ytA,vlog
백만장자의 심장,UCLfS9e3lqC7uaqgHhrEnNuQ,vlog
창하CHANGHA,UCX4H3pl79Gs0Y-fbqwXiyzw,vlog
도해의 lovemyself,UCVbF_J-jisZskmXZarw3ZKg,vlog
영희의 시골정원(Yeonghee),UCVqetnrFwUnpNj9PFuUkirA,vlog
여주둥지tv,UCVyIgWR6tlh-ZwflQ_B3emQ,vlog
산골여행,UCX3jMYyi3smD-ltueIQMawA,vlog
라엘 - 금성에서 온 남자,UCX22HRVAKHZgE3HJUL5ePsQ,vlog
학훈아빠김정식,UCWtNCaskjFxvD4itttUShMA,vlog
감성수채화TV [돈복 터지는 생활풍수],UC4ili64s3lt822PpnxOsKIg,vlog
오은영리포트 결혼지옥,UCXIgINn0-8z51wfIOQPnbtA,vlog
쇼니버셜스튜디오,UCXYSVOnmbCX76WsfrltRd2g,vlog
밝음이네,UCXlsM5Oj2lyuIFhrRkCfKWQ,vlog
꽃노트 flowernote,UCIMyDibeR_gEX2axikrmJGg,vlog
현슈가 HyeonSUGAR,UCQK5hc9dNy366XLTUefgZuA,vlog
오지는 오진다,UCeAnUT7zm00vcb1BS2-K8FQ,vlog
만송이지,UCq82JDz5u4y-TCCsBljrQvw,vlog
SK네트웍스,UCMQo25JGe40HNs6kK7LyphQ,vlog
백지📝 BaekG,UCmZNkL0Q-NIM9s6J41V-PlQ,vlog
픽하샘,UCbRktmo6EEDssOEbcM2ekmw,vlog
SH. Music 에스에이치 뮤직 🎶,UCmqWwhIuL8MnoEs9wLMQNQQ,vlog
준우,UCGrfaHcg6r4JWAZyo_cvKZQ,vlog
O’WON오원,UCHmjjd36Azgi_VYLNAxbsGg,vlog
하슈랜드TV Hasyuland,UCAIrSic8nEFkM1aN4Xs-X-A,vlog
피 P,UCYRMhqb9mHPxlt-g9AOoAcw,vlog
퀴니렐라 Queenyrella,UC7ge2FF_Q38iRlmbT4iEaZw,vlog
추억의 향기,UCpuFraFpdz0euS1o4Rz7Y3g,vlog
soboroo 소보루,UC12fGWQ1ATUMMqylsaF9oXg,vlog
오드라이프oddlife,UC9JU9mfYpg4KqxNZtD91GQg,vlog
MJ,UCpVps6_E2dyicwTs6Dz5kqg,vlog
리섭 LeeSeob,UCULRVjf5z_WoR106msn8HoA,vlog
남보라의 인생극장,UCs_fvcBBfaOP6vAJYeaD-0Q,vlog
예쁜곰팅 gom crochet,UCFPn7twIbSJ7Bt8QS_qkOTw,vlog
박소령,UCfBI_qChxxyt0m8EaM8S2IQ,vlog
귀농의신,UCmFZ0JAXaKCfPq33K8ASrNQ,vlog
한나네 hanna,UCfDSDiysUadrLFzudqizQNA,vlog
승아로운,UCw7ktC358ntLnOvoOT8vCJQ,vlog
개구리 영상툰,UCERmMK0D1mR7DoAc3D0oJhQ,vlog
오천만장자 KM,UCLQiChqRzLnMVyQGQrvvtVw,vlog
보경 BBOO,UCJfLWdULlr_IsHeYIuML6yA,vlog
buzesil0,UCJR4VRQrJ_7H2WC1EwV0dUA,vlog
녕온 nyungon,UC528OWb9nQ11GIZ_fVHcFHA,vlog
둥이둥이썰TV,UCDxEyk4J3pvhEdPuHirxuzw,vlog
일상기록,UCNwgTJ6toEg5W5ueJXK8rVA,vlog
땅파남 부동산,UCPoHJzDwvdVsPtyQb6ai3LQ,vlog
Joy Hyerin [조이혜린],UCuze5NwB5hfbq0KUVf8ToVQ,vlog
미숲Misup,UCYTqexXphw6Js7CG6IbMtLQ,vlog
잇다의 사랑수업,UCcou5aMzMr6OMsCDovjiAoA,vlog
제이제이,UCxp9XKFw-lMTlIa_2yrfdqQ,vlog
소수빈,UCabsEts6Lw1lrvCtA39dvYQ,vlog
다시봄이온다면,UCpxKFE9oELqla5brAM5pC-Q,vlog
랜드오브코리아 부동산중개 랜코,UC_VdLw_BWolOzK_k77KEhNQ,vlog
jiwonie,UC8FmEkDVHDJfYgcF0HPJhzg,vlog
베리베리팜 라리,UCiVmQYh3i61LsjQfO2V4Jpw,vlog
준영 JuneYoung,UCUAkcwj2MYRHgndCMAbRzAQ,vlog
나예,UCn5ZRmu2WJUegC_KzFZZpUQ,vlog
루나몬,UCMRi84XwoY7vRzJk2bSrUSw,vlog
조명꾼,UCzzf-JSnWlZpYfIcvHnGwHg,vlog
풍수와 운세의 조화,UCFr680kpP4mzpGGQvGlPZ1g,vlog
슬이인생 seul,UCZy2Q09DJC660j6k3yLwNMw,vlog
화초와이프 삶의 노트,UCN89clrY5LA_iSOvM1bBZQg,vlog
오늘나래 onl narae ,UCoj6GFZNoOOwUfaQ_iqQVQA,vlog
뚜벅이부동산,UCYbhADKhx1D1Zue484rLvlg,vlog
파니Pani,UCPEIG1tL9asHjHx5VXy2hwQ,vlog
아리다,UChApJgFjOa5TEBlSvfaZ6-g,vlog
로멘토디자인스튜디오,UCbKJOytZLhGgXEroZSmhPDw,vlog
올리버쌤,UCicKQUi8h4NI81wDmrDBD4A,vlog
부동산 스타짱TV,UClr9qq6_QKCyXQkyLD1Jy_A,vlog
밥값하는중 bobggab,UCTEZTuP7W0ys6bD6Bug-45w,vlog
Daily Joy조이,UCFMl5bkCJW5DLBt_yLOttFw,vlog
이은재,UCE0Z2REo3CLZi7uZNC6CyfA,vlog
삐루빼로,UCKFvoxDM0NoLChK9hCe7VfQ,vlog
THIS IS MATÉ 디씨즈마테,UCkUWGOon_2C5FBlIit1P-mg,vlog
은벼리,UChgVNRjVKEdca-dmlgdXt7A,vlog
소양강블루베리,UC9NKsA0GaMfGkS0z7cHvZjw,vlog
류아나뭐하나tv,UChhK5-YYtmpzftVP14SnMqQ,vlog
cardsu까르슈 살림,UCdx-E_m6lwJxxcqHEPNjJMg,vlog
덕빈이,UC-B-qH1gl6hrcUerXS-r_Ng,vlog
하우스컨설팅,UCMo8DeIF3I5stW_FOSVuHOw,vlog
창의적인 장인,UCw13HoWRx5rWGpf_ted8nHg,vlog
KIMYANGHOO김양후,UCQuzxYB1P1K6snCcLi6Ry1g,vlog
버스타그램,UCbbwYMxPh_4nsXzebiBfjHw,vlog
갓준,UCzM_kvv3Ux1A4hmaN4QWrZg,vlog
김줄리 Julie K,UCMkvonZrfvKRdX0M2uUgWYA,vlog
อยู่ไปไทยเกา Family kim 유바이타이카오,UCzNkd8oNhWrvqwcT0eFLe0Q,vlog
김달 (Moon),UCEwmUXNK69iAugMEahY7glA,vlog
간니닌니 패밀리,UCucybMZtilvYSg2_f3eAIHg,vlog
Yuli Leonor,UCwRgv7eKT_30IneO2UW_ocw,vlog
cute potato,UCUvRepaPmvQl4r7t7200t4A,vlog
경호아바이정원,UCfTTblgsyeoHcCSIxJBexIw,vlog
조찬희 ,UCMKn6ul1eu4iJ5bZytArywg,vlog
챌린지유 challenzyu,UCSDSUZEHygHRzqHiu7WlBGQ,vlog
코코아카 ココアカ,UCY8QZ0KUeyA53l_IafEPuiA,vlog
이해리해리,UCZdttNEAL5szMBSpbTYyPCA,vlog
이동팔,UC-Q5MOOQdVQEW7NQ18kgUgQ,vlog
카민디자인,UC_A1byBKeB3MIbixINb7cww,vlog
전승배,UCdIEYDgeVMLB9TP35anqi1w,vlog
THESUZY더수지,UC9FCaXbUy8yeg6clW1oHvSA,vlog
단순한 삶,UC9GTE0j_i1e1EZbxphU1zkQ,vlog
요양이 TV,UCcnG4Mp3vhrMeddy-skqNwA,vlog
여신tv 우아매력 팩트작가,UCDPSlshG_3_IanNc-QLebPg,vlog
양평서정이네 garden life,UC7Sh_tr98AkGVMiIOw29Whg,vlog
칙칙폭식,UCfg8pkTIrFdWm96s1fKyB5A,vlog
Chemka_mmm,UCrsOjxvec36uAfEVgtNeteQ,vlog
B Room 삐룸,UCTShSVFV1joRWdFFyirSlWg,vlog
산청라이프,UC8kWkdUDtyVv4K2hhh4w7KQ,vlog
순꾸락쟁이(sncurac),UCZ-gUg1CVh6k47FwR7-t7Nw,vlog
아바다,UCHJuIjFu98Wz2YGFbNJVsrw,vlog
디에이치TheH,UCwb0uAD5vMXt41n_8NGb5xQ,vlog
갓신내림받은 용궁대신,UCeMD7kBgAf-o6zCoculutxQ,vlog
경혜볼래,UCFWKPDyAZymaxUjowD39vtg,vlog
다빈 DABIN,UCWC1mWjz_z7jJ_IkFEeTP6Q,vlog
최유진YOUJEAN CHOI,UCa5TbZyFuu4dK6qxtA4Fhhg,vlog
진주별부동산,UCuwvPSFZ5WAgwKEiP1BigCA,vlog
사만다코코,UCpdAW0DkpV3diHXnmQdsi4g,vlog
리미Limmy,UC9_PMlBcTmDpRzLSzeFGfRg,vlog
채채하하,UC5x0e4Lh2fwP1GlJWeUo2NA,vlog
딥워크,UChEiBMuWunPDTvqSDl7WS2A,vlog
뉴마이하우스,UCw1lIyoeLTqCv0NYWJqr4Mw,vlog
한체스,UCIqoTU5-GUa3xerTnoHcsGA,vlog
Tuvvy 터비,UCBjVrewDNLSANajzpwAT11Q,vlog
신태디,UCywgkH0EHJ9KAWrWBs-DTJA,vlog
뉴아Newa,UCxLzKftAJzvjD0s09YfA7kA,vlog
비비디 한비디 부!,UCQsNvY_BBogqhHTncnQAWAQ,vlog
MastersFactory 마스터즈팩토리,UCX877UoogOr2SHtComianHg,vlog
조모모 jomomo,UCGBJsVeY5qFPPbLWB6I9tOw,vlog
nog7004,UCMqbQpo3fJQBxCb5hNW1JLg,vlog
청도의하루 ,UCwZwbPwb6K-PoVJTrr8gZCQ,vlog
lika,UCBwltdJzFXC3pNQGzifHFyA,vlog
식츙이 Choong-ee,UCBxonaSSO2PYbe79_rLU-fw,vlog
커피놉,UCbzwKeJNjtQB6RlyX44l-0A,vlog
약사보살 해연,UCbzkOrese-GTdJqcnblaJEQ,vlog
쏘비트[SoBit],UCtYIvIOtnoOUQHNft4Hm-MQ,vlog
흥농상사 이병민,UClhvXxYLZ1xket6NeKDk_UA,vlog
고현준,UCE3tniq6HmNveJGhOoClBSg,vlog
박지현 저장소,UCHsJs2nvsWqtVSBBbnrqUgg,vlog
미래있을유 miyoo,UCshS0SYpzjMQziTN05TlCNw,vlog
서랑뎅이농장,UCgMFd8-XDXynG26nfVY_R1A,vlog
열정PD 열정아빠,UCDoh80lzMCNaE3_lN6YS7PA,vlog
일어나안나,UCYDSNg7kQSyl3HvBqLLXjvg,vlog
2인칭 시점의 Haru,UCINvYGED--NCUwByoA6NkJA,vlog
수폴레옹,UCgDYwfJqctRIgqCkQLOW2tQ,vlog
혁이94,UCHt5-OvE8u8ustNULG_FUrw,vlog
청소고수,UCk4Lelrg8sETIFFl-SXv6jA,vlog
시유의 별과 아레테_Siyu Astrology,UC5VcfF1dZYIaMmITc_fpLfw,vlog
청초한두유커플DooYooCouple,UCCYSDvPUASnWN6eBTxLkyKQ,vlog
타로목욕탕,UCHyCS6bwLZCFWl1WfWk2ILA,vlog
이끼업끼 YoungJay,UCtW-MlaoNnnsBNcmbQx22xQ,vlog
다니로그,UCzF5y_CiEKzgl3ly-is47ZA,vlog
쌍문동애기선녀TV,UCEkyfybIGnHwiCjGO19VjuA,vlog
현부부 hyuncouple,UCsgc4PHqL6XgRshNNmBVwdA,vlog
새콤달콤,UCTBzHtU1vykoTNF-qnCPWoA,vlog
감성찾아삽만리 sapmanri,UCHhBukRCWSaBTcKolh2wN6Q,vlog
Sara_boutique,UCHgIMZBxF2I9rcKFkIa5E8Q,vlog
헤이킨heykin'couple,UChL_w4h_8RpHj2UYwRHZruQ,vlog
LET BE 렛비,UCd7am4s4VZdy8KxGbyUSM3w,vlog
임정핏,UCw7ZemcQtK2_uoSyyK_v3mw,vlog
인테리어SHOW,UCrfiD6ArN-EjVwlp_X2RYJg,vlog
문구대장정,UCTVFwnq2dziIqK14gUcYyqQ,vlog
검은별 공작소 B-Star Crafts,UCe3WAJnByFbaJ78TcFDe2cg,vlog
여백이,UCYCALGpQ_GXKEqPfUN3WahQ,vlog
다해살이 dahae's life,UCNovRsWJj479CA5JmD7RpoQ,vlog
Craft Story,UCPCBLJD4dTR2CzthhtcuX8Q,vlog
ღ,UCk-Hk1VrjDlyUqzPE0rLjaQ,vlog
썸타는부동산TV- 촌집 한옥 시골집,UCLs3LREYXuaOjPfgr0GOjOA,vlog
Jihanette,UCDoqD-GBvQWCIxrMDoJEcCg,vlog
연이 yeony,UCau0cVuXA5bCJOgPwjZRs5g,vlog
잘하는부동산,UC6HtNPMj7UqOPd1LAyfcksg,vlog
LawYoung 로영,UCX7EiQPtieeOSKDDWqLXO8A,vlog
만재ManJaeTv,UC6HC9jI3iukjMhHg00UJDPw,vlog
호테쏭 green house,UCDuroVQ0GzfgRGUChPHLa0w,vlog
BATH MASTER,UCJX6xd5FbDHaKQDSNXjxM0Q,vlog
침대점령 BED TAKER,UCLVII9BrZRohbGB9dV7Wc1A,vlog
백제부동산공인중개사 전주점,UCLYGpQ7ga8UgWaPXqidXThA,vlog
빽꼬미 bbaekcommi,UCP2fcaQIDIF7dEqsKi0W2_Q,vlog
초이프,UCNBHHamSDRKhpLMlsVoqNlw,vlog
차차 CHACHA,UCtYVDoOUTeZJDdevUAC6dCQ,vlog
꾸리와뚜지 Kuri&Tuji,UCHEsWb81e75sLSyROYC1SPA,vlog
수국 산골소년  🐰🌵,UChiPMHebWHmindGGb1U_QgQ,vlog
GEOGI Pop,UCWgInjBOoS0p4hDEXiA2Zxw,vlog
마선생,UCh0kCEM5e628e2VJ0Fds9pA,vlog
tamsew /탐나는쏘잉,UCxJFBCkJoABXzLb791Hddrw,vlog
선진부동산,UCv188oBfepnJOTl3uWmmNAQ,vlog
예쁜제라늄농장,UCpSyev52LwuvojiIDA6odsQ,vlog
나의 쓰레기 아저씨,UCbeBMwef70Vna8doUWiN4Vg,vlog
함백산도깨비,UCTEjAIs1SVn4DKU6-QD9GMg,vlog
심리연구실,UCAvsPirUHJoAQSYmt3_HrUQ,vlog
마니tv,UCbf-Ha1hVF_NMv891xmdUVQ,vlog
미운훈남,UChDyylC55uv3qiEVF4cgXYA,vlog
나는 사장님,UCx60821JEX9Aai1kRU-R8Xw,vlog
오리지널 레미 ORIGINAL REMY,UCo4ia3fXOoy2PCk6Ul0gErQ,vlog
Tendersmile Handmade,UCnlSmh_iFhTih_dAQ5Jdprg,vlog
Doha & Daan,UC6avpv7FFmllFfghyjyx3fg,vlog
사주나루  Official,UCIsWG7mR52s896E8TSZmOVA,vlog
남인숙 작가의 어른성장학교,UChudRMkm2uum22Tc1FepK_A,vlog
Fred Liu,UCCKidnYibSJ76cb_ROt4LpQ,vlog
아임플래너 | 블로그 강의 채널,UCXCBHI8Hg6XziXHtcWW4rIw,vlog
에바EVA,UCf3b81YFYvGMtx3KBrnpsLg,vlog
김락희 Rockhe Kim,UCjnc0AA4TKE1NiR6oPVGYnw,vlog
방울신궁,UCRmxfagn3ji-JSrNW2rwa-Q,vlog
셀프컴퍼니,UCbgIQNUuM0gHgo8HvBmcthw,vlog
"설비하는 힙스터,G형",UCpJ0ENEg6YtuPZ3V2IgLArA,vlog
시골의사TV,UCStaM_-Yv5yPMbfN65RcuCA,vlog
만월도전TV,UCtjMY_ppjsSwwGzUSJML4kA,vlog
프로공인,UC5ecxAa4_c5yIz3SM_eGaGA,vlog
주말에가는집,UCpifRu_t9JyfLuberyQEcmQ,vlog
소프트콘 디자인,UChFDJSCSFd5R6sdVW1ZywAA,vlog
자연을 닮은 사람들,UC3aYsblbkJMuKxPIzNMac_A,vlog
반딧불이팜 야생화꽃놀이터,UCZx3pYuBgCNS0tXHxPuu4PA,vlog
목포갈매기,UCe20dF5nRdIbFmELuc05tGg,vlog
참사랑정원이야기,UCU4IDNcUPJU6hxNvMJo2RaQ,vlog
작약꽃TV,UCgx-QXn63mJalj-BX8kAGpg,vlog
유쾌한집 강대호,UC6P4KtFPtSLSW5ss5E8vS1g,vlog
채널 탐라집,UCmLSeqbYpDqebEwd5gpRmfA,vlog
포스텔러 FORCETELLER,UCDVSUBZqhh1KV-ovGDBQ_iQ,vlog
뻑가 PPKKa,UClE2hKVqycauBKmXwawizEg,vlog
채우다201,UCif-JSRMPEr-LPHdC13FGvw,vlog
땅토지Tv,UCH1IClCqPjfM-_W_AzcM2oQ,vlog
마인드잇슈,UCBYV9xx9DGI8hgnWdCtBfDQ,vlog
비해상방 “무쇠보살”,UCZRWHyNQB5KBVNJ7GSLZEWw,vlog
밀양사랑티비,UCKjL7Q2EK9IfJvObfMz4Zwg,vlog
이정원의 정리TV,UCrDatcyUDnHTF3TxCZ2-Niw,vlog
발주남: 발가락으로 주식투자하는남자! ,UCJXY7RfznB2Kw9Xtx1qLr-A,vlog
지미네 옥상다육,UCMbkhKSxArtWUG8EbZUfyFQ,vlog
뚕뚕니💛,UC-kFNV7f0e1hURPkYWWP_Nw,vlog
내가살고싶은집,UCF5nSkVhVNw7aOcRpDLENlQ,vlog
운세 티비,UConqLQysw-ZFrokEp4YMTTA,vlog
서정가요TV ,UChZWlILGjNtG5c_NDnM0rmg,vlog
다육여사공방,UCbeWkd16TGFIeYFkf1yYO1w,vlog
오십의 지혜,UCE3oEDjGupLCLtZ_NStWygw,vlog
모래요정 다육식물,UCDXB-IuBNzl06GgtN6R22ig,vlog
마닐라 백가 Baek In Manila,UC_xqmCKBgZPcbazS_Obwxhg,vlog
차니Cha Ni,UCTVXT-qWsNjl9CbSwqAtWaQ,vlog
누수TV 수사반장 ,UC2151Vc0XU3d566cynLru0g,vlog
택주,UC2qz_dTtF_Z1Ef1NtvcpW3w,vlog
황룡갑,UC-KafR_WOgyxLK_2FBsP8-w,vlog
떡콩 DDUCK KONG,UC2XiVtvo5_pujDnmi41Xriw,vlog
홍성수지공인중개사,UC01MlDckXxG423FKIhAL1gw,vlog
강민혁 KANG MIN HYUK,UC1Cy-E5XMD8P4rjG2mI7kjQ,vlog
태산건축자재,UCNEtwDqeZLZlAUkbY0OFpFw,vlog
이야기 들려주는 새벽,UCbE_dan2Kb6nxby9Fmmehkw,vlog
하니얌 haniyam,UCg3fbghVDyzdmkJBR54VMjg,vlog
은수좋은날 eunsoo goodday,UCwZep-iW_1DnWQpAkAawlgw,vlog
한그림 HANgrimm,UCJilmacrqYKn_wNSWStdJRA,vlog
창기TV,UCC2KhAk9hOqbDzhN72C5Tug,vlog
살림연구소 오클,UCB9a8WTj8xN-Kg9t0x9Zr-g,vlog
감성공인중개사,UCsahJkSXPsbkDFGYH5x8u4A,vlog
Gmlsunny희선,UCfTbqC-Im3UE-jxTX0QNcCA,vlog
 이글수💕(천상인연ㆍ친구들아)콘서트tv뻑가요,UC1DVPgpFs4AYi5ntBEydrvQ,vlog
진진핑크,UC10eoKQi2OOaHccyGou4nsg,vlog
덤순이,UC12NiLxR_G1yYgRZQZJhntg,vlog
선정스런하루,UC3H6AXUcPH0hjFr1m9jkB8Q,vlog
지청목련,UC-yjT5qhjSWBfeupwjr3UrA,vlog
용인중전마마,UC-zQpZ6LsorWVi1nj0J5qDA,vlog
라이프컨설팅,UC0Elpj8Ib-yNfkaKaE9f1Nw,vlog
JACKDesenhos,UC0HQAlTYVdrYFTDznvOc8Yw,vlog
따로 ddalo,UC-ZHb-NYaQDuuguCEroL26w,vlog
Redwhale 빨간고래,UC27AsFI03XkFXz0vJ1tS0Pw,vlog
이소라테니스TV,UCzsVqcy46s0toNtu6ceO8OA,vlog
강철 멘탈 동기부여_박민호,UCY9xY7TMaWs35Lr4SEz6hBQ,vlog
슬롯실시간 김소장버스,UCb0IIfA9Qzk57KsCm4y5Nnw,vlog
더초록TheCHoRoK,UCHA-x0HRRIt1naBqWkNooSA,vlog
진아쌤,UC0a7yh7aC8JlhPSi2fD2LEA,vlog
하자씨,UCQZWzz6vKj1Jc3JOe7qa7RQ,vlog
simple life,UCVSEit-NUT1-vZe-tQR-N-A,vlog
농사친구,UCVGT1BEkyns0nPabsFgO18g,vlog
브랜디액션 | ACTION,UCURAgO0jG3i2QN0iC7Dh8nA,vlog
제롬JEROME,UC4wHL2jg-478ARVjhbC7tUw,vlog
부연사,UCWBEg0ZjbTdQG5_ddaW3p3w,vlog
엠티오의 내려놓기,UCWs5UA5FMGEFSsZmvQppOUQ,vlog
매일제히,UCWWnWFPkfXMIjxNhBu5qVtg,vlog
석구리,UCWfI4au8qQ_iiEk9JQtUzMQ,vlog
지지코 Jijiko,UCUPq3Nctzp52MKEXbC88i4Q,vlog
진꼰대,UCT433V5RRIlwHVv2t3Lv6PA,vlog
Kobeomsuk furniture,UCVOpX2P5wygh7sB1KXgh_5g,vlog
불륜연구소,UCWKHrQkNJkFkQn8A2lwpehw,vlog
유진비디오,UCX9dEYOmiPhsGMCwFzWk6GA,vlog
깡쓰TV,UCCoqRHn40Fp-VarJUaKTGlQ,vlog
영영이네🏡,UCGyEM1yA7RldKKxiaCEv31w,vlog
하늘선비의 마음다스림,UCRTJQZI71bItXACrdK6r96Q,vlog
KEIRA FLEUR,UCrNlS9rlHohTHAL39mg0KkQ,vlog
오늘의집,UCBKtitA1RwY7F32rCniV1dA,vlog
말많은소녀🎙️,UCXhl35cbCGyDHhCEyw4LeGQ,vlog
Pab Bibo II,UCaB8uJoIQMBTdGyu8LRqHdA,vlog
노브,UCyKBR2ZS_-IqrDP7emx_VHQ,vlog
역대최고,UCsZKm_zEpZHfOQIyqL8RH9Q,vlog
으냉이,UCfyFh8M_dN6ZsyNgEDrJq1g,vlog
유민님,UCaN2hWDtZZ15Jt9HdntN2tw,vlog
홀리씨즈교회,UC2Da2Hnatck20h9ZCfLJ9Sg,vlog
박종규 양봉 TV,UCyNLyfdhKwo1WCzwKCq7BTQ,vlog
소피아패밀리(Sophia family),UCdK23vzK74N6SzL9VIKR3MQ,vlog
임세모 IMSEMO,UCm7m_f1CNe_vF63F8THAHKA,vlog
소울정,UCOad7XBQl83FAzunMVN7Ujg,vlog
감성을 깨우는 나,UCXck88bCwUvAbHmaqzHCEYQ,vlog
강쥐G,UCMJiRC8ebr3BM1bqSGy3lXA,vlog
용월아재,UCI-uLpArGTlvqoS9r7A_H1A,vlog
백떠벌,UCHloDo2TlVAzleRVFvfKaWg,vlog
유세미의 직장수업,UCfdU2orCvmcPaCYSlvUo1Gw,vlog
Heesun Family Cuộc Sống Hàn Quốc,UCfk-n16w2NgDD4tvPZghvaQ,vlog
Chloe Kim,UCCZ91sTiNeNsr7XuGbLK3GQ,vlog
촌땅  ,UCmsl2t_C-NNlyYiPcqsOukQ,vlog
연애고수 TV,UCFbCrkuoJ0y4WfwOa6e5QHg,vlog
Nuria Ma,UCtoUJPkogTX7I0gTk5Ezf2g,vlog
김시훈,UC4RfN3UpRe9uD5e-yTd5i6A,vlog
kaiteki ART,UC2GS74txP1QN_pa3Svh1uHA,vlog
REC.O(내맘추) 매거진,UCrDvi0pUbKpfaFMgefjaSJw,vlog
튠앤피치_Tune&Pitch,UC7dD8AGsrjKkwkl5bqbilng,vlog
아옳이,UCE8SAlfZT-T8iwa7aOD8vaQ,vlog
SJSTORY,UCQWylDRwci5zpGZxLmgtbEg,vlog
HEYJOO,UCQzua_2QeaSarp8oCDk0f-g,vlog
Dollightful,UCitKV0ebZVbtU2nIPihDGMQ,vlog
다정이Dajung,UCkjsh6EUxDMRZazR2X9Fu4A,vlog
스튜디오 띵톡(Studio ThinkTalk),UCuAH0gINDq4qzK8lG1rcXJw,vlog
SunnysideSoop수프,UCwjoaVxMLUYvqNqff9v6wAA,vlog
정우하우징,UCog_i990g2cyqa7HOMOTlnw,vlog
raso라소기록,UCbQMVXzNomBTHmtHrI--3WA,vlog
리흔이 생기브,UCFtY8NtxTmaSR5oZx3OJrGg,vlog
sissel,UCEbJ7iAVK3GQrZ1cAc--ONg,vlog
Crochet MystiKotita 미스티코티타 코바늘 뜨개질,UCtLBjqy2KdEeke_YwesQZFw,vlog
윤그린,UCx82ohu9ATU_xBbz-464w0g,vlog
juyoung,UCrdWdj_pHhJ-YFq6KdlxKQw,vlog
해옥채널haeokChannel,UCu_B3xuSgALiD3yhQ8z-NdQ,vlog
신기율의 마음찻집,UCz1YUsEqbU886do7wbZ4rrg,vlog
_yourgift,UC66_zFbrg7r5MGHXs9LdHEg,vlog
작은정원,UC87dsNOBvQOsd6yCcx755Fg,vlog
韓国生活@スナツ,UCOwWPFsz7SluUV4h63bUWfQ,vlog
마음 풀고 가세요,UC8qGSmKMskYJDV4HJtYXmug,vlog
TV JOSIS티비조씨,UCBdA0P4J-8qNWJee6euYDYQ,vlog
김영자꽃피는마당,UCXjin_qpTI-4eBlL4lNB1vA,vlog
주주주미 jujujumi,UC_FRyL785J-iSPZWuK7EkcQ,vlog
야키토리 나오카,UC6_GtdcYMbb4gZS_u4KYw5w,vlog
민고영,UC4doHgl4BCXTw61U5E3Qtyw,vlog
Rena Hattori,UCpsm2MaE8RcGWnSLSfMLoQQ,vlog
조현근 CHOHYUNGEUN,UCC7HaIir---xbpHWKB_6Ixw,vlog
농사의여신申,UC_XRCj5miqjmRNPUnK-d5gw,vlog
사과잼와플,UCHv0zSBjC_QFwUZlaKSyXbw,vlog
꽉수빈,UCBjsuHP4F5izWwkzCZgb96g,vlog
라비올렛 LaViolette,UCkf9xQEHIYA9XQvMjZ-JgmQ,vlog
와럎 warap,UCa5ucWqL-1DAVG2_Ht60C3Q,vlog
단단_최소 기록의 법칙,UCK4OICTGcTcPh1n0kvF-CXg,vlog
Life-D 라잎디 ,UCnQYVuneI5kA0fWK4a2iPPA,vlog
전북하나로부동산,UCTKDMhvFRQbtwh-Wwntv_OA,vlog
소히조이soheejoy,UCG4N0UnPlBvWT_CTL4pQGAA,vlog
소리지 sorizi,UCR5ZJd2aRuBTXEmSEy2XaJQ,vlog
유녹 Yunok,UCgHt-fuKq9TwMHO9gkzS17g,vlog
세희희,UCI9unChLURHAxPrAGjXnV9w,vlog
이밍꾸 EMINGGU,UCBt2y4jx0JJ0Bt4dMssVM-w,vlog
몹스토리,UClRcq0OgdzEEwSqkti3k_1g,vlog
그 해 현진은,UCx5BHSUYjM65Ji7PzGK4wog,vlog
나는 가장주부_아들 키우는 싱글맘,UCEoXQ-aSOEfHa4H0oIinhMA,vlog
Armii Craft 아르미 공작소,UCljI2km1KhzVuiydkAXvEHw,vlog
리메이커 신빛나 (Building Remaker),UC5rzu9g5O37hnE5SDUFa21Q,vlog
매화보살 칠성암,UCl0hA5kao-ggo3HdYc0940A,vlog
로밍 모노 Roaming Mono,UC_c2192iCWc_fQytHcH4qXg,vlog
하늘지붕FABRIC,UCNWgi-c9nTj8Zh2B0-ZxdCQ,vlog
인생나날,UCtHooblia6W73O16zN7jxfw,vlog
여래사 도운스님,UCWO8BfiEFuWVT93Xh41M9Vg,vlog
친절한 무관심,UCZGGpf0MFY65wKC_kmTvU7g,vlog
박유니크 Mywaypark,UCa-ZDrYFKvQ-rZzjHz1iP0A,vlog
설아의날들 (Seola's Moments),UC6hIfm4cG58W0DLvvrrd9sQ,vlog
이안's 집꾸미기 레시피,UC2N3CXTXmq8g_oFhTjSbp2w,vlog
gukbapboi,UCNuNapZyvr7577LNM5DDbxQ,vlog
폭시TV,UCWii2OOGic3E1y8L0TbGYaw,vlog
"방구석 요괴 (과자먹방,우울,은둔 일기)",UCOmV3x8KDB7BTYVALuQ--2w,vlog
채린라벨 Cherry Park,UCgjhKcxZa_4v080XyYrg-9A,vlog
두룸살림,UCCni5h57bpyy5BRbOCzYklw,vlog
욕실천사,UCze7q4JWCL0EAZfKQgOYKFQ,vlog
우아 ooa,UCuCyoYs7OoNFbNa6uEEAh6A,vlog
"간편한살림,옆집언니마지",UCRvt89lr8VYa1A8ZqiTaJ1g,vlog
시금치,UCpZWJDl0X3A2Xzl9Vq_nN_A,vlog
인생철학관 만월보살,UCRn-MdUJS-3RryZl30I3wbg,vlog
꽃을 든 강쥐,UCBLzzqJASZl8dqU5kYfZ6qw,vlog
미란다TV,UCaxLRqNQ_Wxs1s0Szfi6o-A,vlog
베리트디자인,UCLJSj1_xnQAux5jZTXp8kSg,vlog
전채연 CHAEYEON JEON,UCM5rnpQbwaUo46y9Nkx3s2A,vlog
younme유나,UCNH35fnwP614NSIqkr2TQMA,vlog
쪼앤 JOANNE,UCunYvebTRsZOXfPSJL8DGfw,vlog
amandako,UC2a8ylUeUkGmlngU97G_7Zg,vlog
정재훈 농업채널,UCws18FXjms0whzz_GedRkng,vlog
바게트비비,UCfo_itS06jQrzJ55-HRTxig,vlog
대부도 포도나무부동산,UC5AAti0lV-W5kA6fSQ965bw,vlog
도파민선,UC6Frvw85kL1K3MNkod3fopQ,vlog
자민 jamin,UCh8C8QtVTA9tixs0_GTE3fA,vlog
주현주혀니 Joohyuny,UCrePMOPfWqU6nviA3gO1bXw,vlog
야심한 남자 : 남자 최적화,UCnILmyz1oXc7eZHUBRrlSLA,vlog
풍년드림,UC6FKUQzhcAL7ega9staa2FA,vlog
정지환,UCRiaJvKq7GVZMx0YGXPZmYA,vlog
수아빈홈 Suabin home,UCt-FE9tDYUM5TmLFBp2JMLw,vlog
징가이버 - 홈가드닝 Home Gardening,UCpIjmvxCOlMZp9jt9xK4Nug,vlog
연정일기,UCA5IojVE27RJpIPa8PgTNwQ,vlog
이엔농부,UCsBr_tdEPfWbMjYqCOnizAg,vlog
웨이비룸 Wavyroom,UCkAxZb4h4AmcBs1t_x1-ieA,vlog
니팅크루,UCg-li2ekc-S815g64gPDJwA,vlog
와이의 미니멀라이프,UCpSpp6gOJ1aKRtaRlA5FVSQ,vlog
멋찐 여사,UCnv8CNXPeqM-wXXPKuA-y2Q,vlog
종지부부,UCOw9AWMLleR-RZ7mHI8Ij4A,vlog
산골여자 Korean countryside life!,UCYr8GhlpCjONwztd-y-eI8A,vlog
sun_유선,UCXfLsffywj6KfE1WEvARfKQ,vlog
초록플라워 (난 키우기),UCF0OGKCKxRE-AqLJZZlHq9A,vlog
다육똘이사랑 Korean succulent plants ,UC5AAue7HqahlaAM3GhSKfqg,vlog
식물다큐 TV,UC6hMkBuTiGQqkfSPuDgEjZw,vlog
소탐대실,UChuNP1cNlhUkUOQzBbH-C_Q,vlog
민만두 minmandu,UCIBlvkGXh_FIghSJ1J8VDzQ,vlog
준설의 제왕 · 하수구 끝판왕 (주)현해환경,UCiWyZ5o_Dgpi8r7qCCrarqw,vlog
멀리사는 이야기 / 용용일기,UC9TNVDKrRG-VNl4l4kF7jUg,vlog
차차 CHA!,UCkBLIp5uxBkwSsxpNTnoXxg,vlog
희윰HEEYUM,UCx3WIf20OtHdUyoEyzoYk7g,vlog
안녕허마마,UChRaNSQmelU_4_dxLmMV0gw,vlog
하미마미 Hamimommy,UCy0229ISL-677SAuK_1In_A,vlog
하이디의 일상 (Vlog),UCym1V3Tl3zXjmLoYs2H-alg,vlog
이승석 Woodworker Lee,UC7jVcymR2DUn5ukPvPYgCxg,vlog
주간채권,UCLXgyAw9xqrwdeLMaLlEmPA,vlog
열일하는 붕어반장 tv,UCP9HTB4_AYFqz7bnaB8qG9A,vlog
하수구의제왕,UCJ8jC48ottslqAb5K4M9DAA,vlog
개빵녀 gaebbanggirl,UCQqp4uXVjJrtOa2OdqbusWw,vlog
타로하는웅이,UCLgwoY6YH4QrdFAlZOU5c6g,vlog
마보TV,UCe2PUQgI9wLdX8OLZZy5BXg,vlog
손예나,UCJwVHEWz8gebYJa-mCYYGJA,vlog
고현정,UCC7kOHXUEsZnRkBB8kt-lCw,vlog
윤다콩,UCn_NVsyWk_Gtsb7gvah09tA,vlog
5K,UCx853cvGNniVPBVFPrTpwdw,vlog
트윙폼 미니멀감성살림 한스푼,UC0jSz26MO9pqQx7nPcwc9sQ,vlog
토모토모TomoTomo,UCoQy2wS5aiKCk-rUXiLS-vQ,vlog
방바닥TV,UCl--b-WNcGqmZtt8V9GvC5g,vlog
강쌤철물,UCOrE-P2gXzll-lTt5XMk3Jw,vlog
Kim Oppaa,UCtN87hOlfJq2YAY2A3Cd6XQ,vlog
정윤 Cecilia ,UC_hQjyfNsRqPdPLGqRdqfbw,vlog
장돌뱅이,UCbOwfr-gLHJW-VXVHWNlNZg,vlog
찐PD,UCIsa2jlLoffVsKpy1c3WKbQ,vlog
합정초하HAPCHO,UCIjz1M7T6yjpfRMHVa9ViHw,vlog
도시탈출!!! 제천 천리안부동산TV,UCXTIbJ7Sc4YaxLY7Ho_kD4Q,vlog
자카JAKA,UCEmEynKA10ejHvD5b1kbPfg,vlog
슬로우플로우,UCPU31xuOo-Ir4AqdFQR8FHw,vlog
인생스토리,UCYVQ4DHBMhHFa3cDHC9YUrw,vlog
피나이티비 PINAYTV 한필가족,UCPDdt9Iv4cXPEQmyVU_96sw,vlog
김미정yourbeagle,UCfMhxm8wqoTxM0Jc4EJUG3w,vlog
수망구,UC-Q_jv2YDuzSY-zK2ZgRa4g,vlog
siyummy 시야미,UCOeG4ecxm8C6SfzouPz6ekA,vlog
동안닥터 박근식,UCibuoVf0SKRDXcgPiGJuwEA,vlog
민재민준파파,UCERF_jhRy4fuB25fyIWXmwQ,vlog
지혜의수목원,UCXV22aG3XQBEWQdMWnhM-OQ,vlog
생활마스터,UCBWdOatOvj-2393oWwc9vJA,vlog
김씨아저씨땅,UCRE6qDBSfn7mDIEV_HZlATA,vlog
딥가든,UCuIV-yHo2kXZ6h-pJdyOy0w,vlog
쭝궈아재,UCQsG1g0c9Q1FEejRn0sFL4w,vlog
종윤 JongYoon,UC-79Q4Wo8CeKRZ4qzpzr8gg,vlog
Benjie Sanchez,UCb6_ADtIu6iuSXdFpIAhJlQ,vlog
뭄챙이,UCDFmVwU2nNxy22vz1eaX8EA,vlog
싱믄,UCkbdj160TOyPTvgmnctF4Sg,vlog
미로다요,UCk0QjmSmVBo7r9vH6qHKuZQ,vlog
쑥스런tv,UC55PQJ9_r_wCrNaQTQFX_mg,vlog
예모_Yemo Jeomo,UCiV0Q71ZUrZeywW1SujhTVQ,vlog
최은경의 관리사무소,UCvbwfTVdUQ2Io_pfQKrZbUQ,vlog
취미 드럼 연습 일기 Drums practice,UCEkhutfm0Qnnc0VzJFnGDEw,vlog
인뿌삐의 우당탕탕 시트콤,UCoJONM6-PyuuGUd5Uy4xVJg,vlog
귀촌여자,UC9OgMtiUQ0hllnONT6m15Fw,vlog
evaforever 에바포에버,UCeAt8lYONm6gt0jsHtG9WZw,vlog
론정 ronjeong,UCtfnHliex_uPVTY1t2YQ4HA,vlog
후다닥요리,UC7ok_PMSTIY5Qg4ULxRoSNg,food
남자커피 Namja Coffee,UC85mXeWRaycnlFmrhBdaAlg,food
나랏궁 여무강신정,UCajLD-PJlWxl79EaU4CsEyA,food
엄마솜씨,UCxbB8MuYJIXrgao5duH677Q,food
내맘요리,UCoRzjhYrre-RDY4DD5Po6Rw,food
청년피자,UCwHedDHLt0IQjCn0X85kGsA,food
아린네TV,UC7uDUfjLT_h84MRke28t8tw,food
tattooist cokr,UC2bqeLsfzrNIy5hBwb05Ojg,food
엽동,UCflhJ_M35sFyC6agKg0jgnw,food
엉복치 ,UCFt9M6I69JMtrx6TbyxNiHA,food
맛상무,UC1r112Pr9Ngcg2NtcE946HQ,food
아워홈,UCP4BzKRlQDURtYDiuMSV_Xg,food
안그릭 AhnGreek,UCKMAypxln0KPUo8HW52NI2w,food
Edenilson Agricultor Pescador,UCBTgH-eBD4OzDVBw-yuif4w,food
집밥 종갓집 며느리,UCDoNR057xP_CTmIMjxzUuaA,food
데프콘TV,UCb4bVA5kBfTsZCLaN9iJqjQ,food
먹시미 Muksimi,UC9fnfz9S8ieKCfm1wHj0-pw,food
데일리서울 한강 라이브캠,UCQKQTgZJo3PlxA-9V1Z51XA,food
HYOMIN KOO구효민,UCpR5jOQT9_KGOC5KgQ9SWdQ,food
엄폴 삼촌 Uncle Umpaul,UC5p4fTVsY6a8UiUuppVFtZg,food
Gombom,UCoyhP9dnCyBhM2KByVGgqIw,food
미식도우미 샹키,UCLGqRC3E8cfGbP0wFi5ZfMw,food
산삼 능이 약초산행 TV,UCmPr2DAesVWT8f3YV7QpxUg,food
플루타,UCcGCvrBgqcfwQ3ET3mZpEJQ,food
MOCCA무비,UCRHbU_urWsx4mvSd-pokgMA,food
박가린 [PARK GARIN],UCrCGfHtMds2D53LWYUz2Z1w,food
КАСЯ КИМ,UCmI0zekAJGHrutOsNyNUGeg,food
청정원 푸드캐스트,UC0SI1QyV1HlA0aekZBouCWg,food
뚜란DDURAN,UC-zTNxmso34vOOpyyEEgL3w,food
양장금주부,UCKm-cusLT76t3t4s9OgCqcA,food
마녀맘 변미자,UC5gDYne32_mbynL6SbQEE6g,food
CombleTV,UCKNHPabDTb61BGZZOxP6Epw,food
J.Marda_제이마르다,UCHz0gSKEDgggYrC5KpYib5g,food
재료의 산책,UCzazTkyHgNWm4KYKIivPVDQ,food
웅뚜의 미얀마살이 Aungthu in Myanmar,UCr4rTXIfsJhAOaYOq0iBuTQ,food
MONGU 몽구,UCwsHvj437e3vHTigMqjdIpA,food
시골오후ohoo,UCx4QGhG6KrJlvRVqVujbSCQ,food
한국시골,UCemmEVQtHZmvCJ0kcIX4cIw,food
방데이지 Bang Daisy,UCcwv7zVVD5Zj4Mylxj9I2EQ,food
김복순,UCgw_dr9Y8mZ4uzJLXDVTBSw,food
부산 꿀꿀 부부,UCsobloiFXKwe0shJyG_J_GQ,food
얌코리아 YumKorea,UCdB_o5jXGuCVL_Zj7CRAhVg,food
꿀키honeykki,UCvQPUPoMK0Smj-OHeUe9SEw,food
다비나,UCT-tI_HRDfeJ0iV-10DQIfw,food
엄마의 요리백과,UCyUH1C9_ozagToXDxgGjFGg,food
와인 좀 한해,UCsTjitDbkUW20H3U20ITqaw,food
인천맛집상륙작전,UClsLP659P7Vhc1qQoo9vE3A,food
빈스푸드 Bin's Food,UChu1vY_Mb0XVpfkruXoaiWg,food
푸드에이전트,UC8YJM-QOD3deUqOQZHKgnhw,food
발효공방,UCs9EeGC_mA7Wz-eGiyOPCpQ,food
째링,UCb2wQgdDmoAbLdiBpJ8Ruiw,food
나진Najin,UC7KrS6xya8Tl8OeDVhf5sIQ,food
손맛할머니 sonmat,UCM8I0fLEuue4wvyk19EVBwA,food
빵야TV,UCPpSG1fTjURODZvlfsYuE9A,food
장사왕 임사부,UCBcjbe_WgoawLG53Ulb6npQ,food
쿡피아 Cookpia,UCyn7aoxdLNDZG2ZXXLoVCNQ,food
빅마마 이혜정,UCycoO2a67TSy0U_KshISieQ,food
윤숙희 YunSuki 혼술하는여자,UC9tS7GAw9w_AnhLbgldCWow,food
봄날의풍경🌸,UCqW6T6EET_RwXOUEWnNfsUQ,food
광마니,UCysVk8dzvSydsFklSu96HSg,food
요리슈 YORISHU,UCj8F8AXFrS0jpXWVkamylcA,food
King Food 킹푸드,UCNmcTEOEOW89YtxIPQG9qFg,food
자영업자스토리,UCyUJvPTlR-pklwT0APpFIhA,food
부천방송,UCOJtgNii4TaufnoA-01LmAA,food
표은지Eunji Pyoapple,UC9K0rLE1SMh86nVxzkCBpNA,food
INSOO & MAYU,UCzWD3TAXin3uyQPXlN3MVbw,food
볼매여사tv,UCh9CAn408GQhFx1d9Alydbg,food
Sangchil Korean food cooking,UCuLV0-SpvSA_fd60D8sX8jA,food
웍제이,UCNfRPuwW-hBNjZQc2tb9e3g,food
핫세[HotTube's Diary],UCT8SRDYYHwV4RwotrU00A0A,food
Eating what is Given 오스틴,UC_lPYQ5ddh506aZ9CcEUIig,food
슈왕 Chef_Shu Wang,UCUkEZPjq4BSwWc9MkucreuA,food
선식객 - Sik Agent,UCIf88IZHDFVQ0jG9qnY0NhA,food
남자의 취미,UCducfzODC9lt4cR0tZBOOxw,food
엄마의가정식,UCDLxnMLoGSRHYp7jsGVb2yg,food
노장금TV,UCtuFPfep1gUMJD1hieSkvyQ,food
뚱열이형,UCsNhrVZ3OnwsjjbgRYPOyMA,food
섬마을훈태TV,UCkBoDzncl64EZ-Ggh4g5pCw,food
아델코바늘 Adel Crochet,UCanfXQ5hNSHwMtxOgg6ihnQ,food
야가다 주호,UCSpj7T1DuVUA5U7DaLS9Lzg,food
진상처리반 [jinsang TV],UCsEphGNFU7nkVrgXsX-R7zg,food
라온살림Laon_salrim,UCopY5Bfjxcj9ZkVBtenX9aA,food
고봉이네 Gobong's Story,UCeCmOrVaCGwKGMIWP948WNw,food
떡볶퀸 Tteokbokqueen,UCAoyR-sL6B0S93AMR-HVTvg,food
방구석광부,UCqE1H2Rc6EIU2Fx5lzwLCdg,food
맛집오타쿠😋マッチブオタク,UCwyaafBJhy77UoFc8PrMLiA,food
FoodTory 푸드토리,UC5WgT84wRQkhKfUIJI6Pl2w,food
슈가레인 조한빛,UCY6-zah4BaTfM5lb5QbX_aA,food
양자야 yangja,UCsjXKHduDVkGGtHItRVlA-g,food
오-하리 O-Hari,UCO40W-yuMnpSUaN3Ti46F9A,food
까치가족 TV KKACHI Family,UCEOhtAkf0MbKP_dvUYWcPNg,food
사랑과 은혜,UCjJCcXQ1al2Wbq5mkVDYcaQ,food
마더쿡 Mother Cook,UCCKMOUzcg1qSXlJcd2jCemQ,food
(色示味) 푸다트 FoodArt,UCC0NzGgoVIdZoBd7QT4f7VA,food
CHEF OBANG,UCrUEXP6hWij1STtjO4MGLFA,food
비연Beeyeon,UCowzNAHxPyiZoIfodZCouiw,food
베이크앤미 BAKE & 米,UCuHLhPEAckdINL15Cwdj8wg,food
맛좋아연,UCJV_QOD5n-9AzrVGzZ_-mog,food
과나gwana,UCZVD--cl8FLRn7kmSudAuBA,food
상하이신 ShanghaiShin,UCDYcFxOUYQgFaFtu4I6_uyw,food
아리 AREE,UCTNjpHEtyz4PTFfYfYsv9SA,food
스튜디오 수제,UC4ZA57iJrf73bJlApKFeLRw,food
정인숙 자연 발효 밥상,UCK_eNXVz67P6zwPo28tb2GA,food
국전문거창,UC_68ISPbWhbx9So4YMtsORw,food
마시즘,UCKOwuJ5n5XcvCW3NbCwwd7Q,food
live fish fillet 거제도 수아아빠TV_ (dress Fish),UCUBJd6JEUqmjgttfWK78m_Q,food
맥형TV,UCFl-99LMN1M90gYtaRpT2sw,food
흑백리뷰,UC5T4b53jVkm07JbYoyYiu7A,food
もちちゃん,UCagvBNz5N09i3hrneuWgPmg,food
양희경의 딴집밥,UCfxSyqDWlIY4eyBPW64lZ5w,food
흥삼이네 Heungsam's Family,UC5XuQ-xiWAB6f-qu6gJMDBQ,food
웅이woongei,UCK72hqlUxI_E5VwL4cy8-ww,food
쿡잇파파 C.E.P.P,UCpGhouGKBKz8bulck-eFVhg,food
워커제이WALKER.J,UC7zXyx0M1Nz2qb7zgfOL0_Q,food
지순이네 jisoonhome,UCLIf2YCmdcDNNZ1flu0AwKA,food
팔숙이 palsook,UCI64Eh_rwWGNDOqrXAcSL8Q,food
햇살의정원,UCm1f4fAeBy7j26ksfrWrlMg,food
면부장,UCGrTTJzlqk0DCkaUckWaBPQ,food
쪼끄맹,UCVYfq00z2b38Z1EK9BMwsWg,food
집밥 korean home cooking,UCrpB5PigomcupI9PTRKioog,food
오렌즈OLENS,UC2OB5K-Rdmu01FuH-2tej3g,food
쿠키런,UCr-Eaw_CBpAqKHbzV_GidQQ,food
스마일살림,UCtaflAMl4wvwXseK56aweMg,food
와지트 WAZIT ,UCfFi7-7_41KLVYHJtZ_wbrg,food
생선선생 미스터S,UCGBf_AlWXkwfQ8R3lclRFbg,food
뇨리 티브이,UCRcj0GSaOmDdFukahVS4u1A,food
코우지 TV [더 상생],UCL12ddKeiBTMGZ_g6X7PhXw,food
반아트는 주행 중ㅣ酒行 中ㅣVanArt Alcohol Trip,UCbGLsl8gGB9Ly9lKDTRx5qA,food
HIU English 하이유 잉글리시 ,UCMpuf80FwKLHrELwDXqZH4w,food
네루짱NERU,UCfJvjZ4pYpxNQQEevBuY_XQ,food
여수MBCPrime,UCwWqBWIe72xKV016rcXGaaA,food
쩐슈,UCY3r5c2-cpUgXycsLFL2Xiw,food
“먹방 몬스터 울산마동석” 💥,UCb2DTKil5JT5zoQb5PFuVwA,food
나무 도감 공부,UCbwN-xWm7_1Nm6_t5zQ01zg,food
빵장금,UC_L8BUEwRI2DDb2eew5LK-A,food
돼지수산 158,UCRgBlQGkRnlx3Jxv-PNStSw,food
이계피 요리채널,UCepLjVoNirPHYWI5andIRPg,food
부엉이TV,UC8rHHiicfjVYf1Cjgbd5X8w,food
밥상차려주는남자,UCKRyhheRuLLDGuUn2YoFFFQ,food
묘미Myomi-텃밭,UCpC2tVXF7NFUDTFSep9ZIjA,food
Saeron Life,UCmnxRmoAsHpPQmbFD9OiouA,food
셰프애찬,UCPq6-xGm6uiuE8pCT1DO8UA,food
개구경tv,UCrUCuOfsoTDUox1bjoIyKwg,food
앵우[AengWoo],UCVRUiOBn68y0xJv5pT8qlOA,food
함께해요 맛나요리,UCVXx89z5j3gkQMGScNqmWjw,food
한지일TV,UC9FwiDmhOa95MDqUHso8uIg,food
데비마마 DEBBIEMAMA,UCkEm9nRSzZxB6FinIWnbJ2A,food
던킨 TV,UCsGLBBGRlBSCzRGYaEZTt0g,food
범프리카,UCEXeyLyyev4jxN4pwmr9Eiw,food
가평코난,UCNfLlYC7wObdSLrh7kUf4lA,food
인덕션 요리하는 남자,UCzd3wYTQRSAYI4mPylOerJQ,food
청산별곡TV,UC_9JXnGVBdN7NeAb7jgitcA,food
h퍼즐,UCrf62gEqaGK2saKj_oU5IYg,food
호치민주부 미영 HCMC JUBU,UCtKmp6x0aVJjp_ftiN70jmA,food
푸드투어FoodTour,UCqXgXRW_Mvzj8_o3DfObuyQ,food
[좋은남자],UCZ7GPhyPT-HK6bojnpdhSXQ,food
홍영기(young gee Hong),UCWuWpKhbGev8Za4J-jfdSXw,food
춘천약초TV Flower tea,UC57ykpQztHaV1yWcseWDMmw,food
정육왕 MeatCreator,UC1oXmhvYHVI2bApphh3IzuQ,food
효비HyoBee,UC60126GZFq0ALxVjTcl0QrQ,food
한국맛집여행,UCA9lrJO7IC-akkOrdG_kZew,food
숭부지🥢맛집쫓는 개드립퍼,UC1itlCNdWidgM9eUsuWjf5A,food
방랑자채널,UC6EVblMaNgsx5P9TuqlE9SQ,food
GS25 l 이리오너라,UCl0HemfAt7dShJRf59_cuGQ,food
예소리SSOL,UCxvX64o-lJ9m4Co9zm6druQ,food
정육점아지야meatman,UCW78wkSCCBpad3Yg3JZYy-A,food
나나&나 nana&na,UCxPsmOVI09rLoeB-Q5E4KiA,food
옥수수콩,UC1JKwATe3aSZUsuqFhnR5BA,food
시골마이라이프,UCyVsAOUWUWdIwOpIX0URsWg,food
VLOG 제제 (JEJE),UCSWpQJPREdwxwF0uRnOwimQ,food
이마트 LIVE,UCojm0qrKPoxt6lc6J4iDCrQ,food
우리의 한끼,UC31ZRIFnArPZMp78FmbFAXw,food
일극장,UC3zHBZWes6ZbnnciAekUVCw,food
세라는 술말려,UCmE4NuTfSISuz6UFiktosag,food
한솔요리학원,UC3h6PKGEW3kXppf-2Sz7P1Q,food
코지데이 CozyDay,UCEyuopMY0Lx5b5PgCH03FSQ,food
조재원,UC2o_y872S6YvaO1K8EYnoxg,food
-산라가만들다,UC55T49igez4-r1iv7bAJezw,food
김사원세끼,UC-x55HF1-IilhxZOzwJm7JA,food
yeolmoo열무,UC3S5RJSHvGtsnoyS3qUKUBQ,food
털난새우,UC13xb5Ehc9qS4Moey95DvHg,food
커핑포스트,UC0qnwwpDhqPmrYegf1bPO6A,food
자연음식산들바람,UC1IkVnd84Dj3L1w5JjryKJQ,food
나나먹방 Nana mukbang,UC2_hzdvP-j569djTquAed_Q,food
로루맘,UCzR42kASpewEQUIcSXxGZ_A,food
도이Doi _ 솔직리뷰,UC_btQZ67ZoF76xIHeOWsA2g,food
도던,UC5XELM2gMbAQ2rv_TI2PsLQ,food
 as it is _빗소리 asmr,UC8jEfwIP-gZz-xknBimbrhw,food
세상의 모든 와인 All that wine,UCTFjxmJVbIr-bqjyFkmdMAw,food
럭키 주키파 냥쌤,UCUSvedwAkAsR0Ii3qzsFz7A,food
삐유 _ 홈베이킹,UCWi8b84fdEWGagiw2LWTCRA,food
박일만,UCWBdy1Q13pbAENUtLJj4FWQ,food
Pohang.guy.포항.아재,UC1qHb86loeEHMY6rpW1vg0A,food
탁선장,UCQFFNPnL9-Cn8k6gGOiJicg,food
거루TV(GEO.RU),UCVIUkkWqnB4KQlGOF9Vy6LA,food
마스터셰프 신동민,UCVU7xNN0kCNnt0ed6_v8XkA,food
yedy101,UCVaPTUuJy7tFC8YAYW6GRqw,food
주당 김자케,UCXYCWK12UPsuA3w_VPNI6dQ,food
알콜인생 시비삼촌,UCXealIDwlGey002JgVml4Tw,food
에스피식 SPCHIC,UC8gfmaS0FWQlyEErd80sTQA,food
외식남[o_sik_nam],UCH5vnX7F488EZVmiGRewwdQ,food
GONGSAM TABLE 이공삼,UC2B5onlYkZ7IaVekR9yIB6w,food
hongsi 홍시,UCjZhSJP6ridQzH75e48wyIQ,food
빵딘 Breadin,UCkumyYu10MyI9brQokpPWyw,food
운오집,UCYXrU1RWpdv6RvxgMfg_0eg,food
또윤DDoyun,UCQ78pL5DDj0qTD_G9X2ntXg,food
결이다른사람들,UC8kiAbtD3GWNeMt8joM3x1Q,food
Kimbab Family,UCEbUaLtY-orZLMG9wOLfDLg,food
야미보이 Yummyboy,UCiiV8stcewhoCNyiErr7GtA,food
아투더빠 김서방,UCMhTqLSd-ltcimx6FJX_q7Q,food
임나,UCG-1INCBCaEE_nApARQa9Jg,food
Seo jiwoo ASMR 서지우,UCEdpGZuYOn_WdwGN1c5Cetg,food
판다큐,UCrNPMIais-sBkUpbDe7skPQ,food
딜라이트,UCHRrKBVVIuP9jqCCfC-Bu0Q,food
인생플러스,UCzbZkBVdQks4tGGGyOoqHeQ,food
헌터퐝,UCoPTIaKWLi3vtImEQrx32Ew,food
스타필드,UCzdHgBttzAIOKW0_CAiaMUQ,food
효닝 Hyoning,UC5jHGolFUNHe0HsCJEKbb3g,food
팔도 공식 채널,UCHE3u5tV5WPyYG6QzIRNwSQ,food
시나몬 cinnamon,UCP8PHFHYyoW-85iAm40w3_Q,food
캘리애 빠지다,UCcDZPjAsL2EBy_Lz45Lp8BQ,food
영양고추 연이네농원,UC_4zNDzvvzTwhxJkPPkVDIg,food
Soon Films 순필름,UCdGwDjTgbSwQDZ8dYOdrplg,food
한스 HANS,UCNIam-lUt69PyGWFDRYUuzA,food
초짜낚시,UC2p_1UG0IjoRfAo8rmVsmKQ,food
Zespri Korea,UCbXI3MhDwtjcXmFapjCEcJw,food
오조,UC1zn6wSMvwRt9-jOFEJ6yMg,food
한국 맥도날드,UCh-PIUDPlZkXnwU5zgX_oAw,food
버거킹,UCEKRI0fipK4LEgV98nI2CQA,food
올드패션 Old-Fashioned bakery,UCfeNRv3gLc0nnlzDQCs-qvw,food
롯데웰푸드 모락모락,UCpvT-53Ki7d9Z0PWKC6fGOA,food
부부세연_seyeon couple,UCh8wbl38bTgyiQPKlopZWZg,food
#품바매니아장털보TV,UCkhq-erzYr-Ki_OZUuNYaSA,food
monster gourmet,UCngw6cNCHiqRxv7wmLayH1w,food
풀무원 Pulmuone,UC1UebYbC2j7M_IUHADtqOag,food
임실 농사꾼,UC6W6gdJBFCdVwjexmWU713g,food
Hanh Nhan Channel( ẩm thực và đời sống CANADA),UCNI1my2ptSUdJvSEqxWYAXw,food
세컨맛집 Second_Matzip / HyewonLee,UCqsgN2Q4cL6k39UX0Cyll1A,food
참살이자연집밥,UCPo2CGTk0Ydw4UJEAAUY5dQ,food
하루아루TV HaruAruTV,UCBcFgDKnfyw8GjcHw90MlXA,food
한식집 Korean cuisine,UCCeYWi46_h-GhmbLneUnCAw,food
인아짱 Inah Eats,UCV6M_9-J7nuf13Igxn-DNww,food
장똘뱅이 [맛집],UCrJrMHnD1cwM_wrT3WufnWQ,food
리뷰타임즈#ReviewTimes,UChQCh4bvbkc34pkSSqpgkVw,food
고태후니,UCydpPyWKFJi3ljDX-4coz7Q,food
쏘대장,UCrktsSopGh4xCdK1WrIKG8g,food
늘밥 레시피,UCFdUCUUYqDzOU6NxOMpdC7w,food
설당먹 SUGARMUK,UCm1-w59_3Ksj5jqAkx-ebnA,food
신미부엌,UCum7ElakYnMKoxU05sjofIQ,food
알로아_홈,UCIvhV7YLzh0eGH0ejLrjt6A,food
정위스님의 채소한끼 Monk J's Vegetarian Recipe,UC9llwxFqOOcDZnAlPx8JuKg,food
Foodie Romance 푸디로맨스,UCqS5t1v9TzSIiZIBAEgPHcA,food
배고푸니,UCx4UjuynEjn4NC4OnXzkmdQ,food
韓国人ヨンヘ[韓国旅行 韓国グルメ最新情報],UCbriN-2SABqP_71XV8JG4IQ,food
Food KT,UCURWD7-9HZmZYZ0K3Vk00Jg,food
과장말고 사장하자,UCM5nKsD-ZcmURptptXeicYQ,food
58청춘 [58YH],UCXwGJ6ycKvNkUb8vmVrb1_w,food
장사반장,UCabbKaSrhHPblkH23JfdV_g,food
래안 농장,UCz3Q8WeFHhUtNvG1hU9ZX7g,food
언스페셜티,UCQbHLJN8rG_HPhnmvu61QaQ,food
오늘도 베이킹 Baking again today,UCeOwi85w01FOOi9VGOdlRaA,food
먹둥이 혜이니 MukDoong,UCsp-BK2eitBYzY5HgUrqK9w,food
JINRO Global,UCxZc01xmVRLeVYNI5iyhAsw,food
제당슈만,UCOV_BpGzvmH7ZtjQOWg0bSQ,food
김알파카 쉬운 인생,UC7AkdDZ21EXwL5vr4CmFvbA,food
푸드스토리 FoodStory,UCKjq5UrlxXqb7EgPwZl5JNg,food
바리스타홍 baristahong,UCh4TNvx1G97z66ohA-iHBSw,food
지탱크TV,UCP_Co2tfuSX_YJ3zkOCTNjA,food
요리무사,UCnYZduHHeDcsLE896a9aTlQ,food
쿠킹 프린세스 cooking ,UCVDjIdGqYxRUk-upINopUNQ,food
배말랭,UCZ1wYQHk1yVle18u8FA8AvA,food
[Mukgang] 먹갱,UCGOYrCwp_ks0b4f6XQwaS4Q,food
최송죽의 톡톡톡수다,UC9JqWNkkfQ39quNti8-PiYw,food
이정현의 집밥레스토랑 Home Cooking with JH,UC8ZirMMChf8BaKKbae3Sl4A,food
찐푸드 JJin Food,UCdz7HcTQOaHCoAEJBs-MlNQ,food
NellMoRecipe 넬모레시피,UCLKWqve7WEs1DYNvafcujbg,food
야미야미YumYum,UCU0OdLJZ61qZwt9P4g6nWPQ,food
니스일상NISS,UCYyBBZ9rBYjbA-oHENepISA,food
필드민,UCBEMf9Z0YlvXt913uWt64ag,food
칼맛나는TV,UCPZaUnhJWtirm_erLyRaiag,food
쑤롤로그 Sulolog,UCrSg5JNn9vwAWFgAe-TXHnA,food
먹보부부 Mukbo Bubu,UCA-0BOUSHN4Y69TbP3-vhhA,food
테드베어,UCGM5x3VQFHmQj1K6kSmp8Sg,food
착한밥상TV GoodTableTV,UCPKJ7p3024QrPHxItYIvnOQ,food
푸드인 Foodin,UCFXigv26l81ZBaKz6RakL0A,food
주제도 모르는 놈들,UCZk7hFXT_ZsCwChsYtJT-Tg,food
주부의 집밥 요리,UCecwU0Adb0SUQHQjxLygW-Q,food
jellainkorea 젤라인코리아 ,UClN1a2dpx5J8MX2czwyWzXw,food
"보상데이(엄마손맛,요리고수★) KOREAN K-FOOD TV",UCXxrIeCbAwSPpl8Uw_0LnOw,food
BenDeen,UC9d1Mz9bzCE-t_t0lPnrjPA,food
챔프형님,UC0i4Dv5c6u_hvwl_NV89zzQ,food
JUN PARK,UCZSH766U432soepRciQvd3A,food
마이뮤지엄,UCtp-eyUmR_qCqmB6AKDd1GA,food
잡식맨 JOBXICMAN,UCVILvX9vIp-vMFGmCYJtG3A,food
Emily in Korea,UCQZ0QEGFyXr_-0kEoLfeVjA,food
ХОЧИ МИРЗО OFFICIAL,UCQIRfILXbBeCi9qW1HOA0fA,food
ONFOOD 온푸드,UCSmhWBsryu1APvhg3xQT1oQ,food
아이비티비 IVYTV,UCCj5MHfasGt5fWcb0BKeXCQ,food
푸드스타일리스트김윤정 _ 그린테이블,UCnP8Ui8adDM1XWCRfZcEYOQ,food
아따아줌마TV_전라도할매 전통요리,UCEaMCxSN69-bZjwtSFYcghg,food
우따미tv - 웃음꽃다육 Korean succulent genius,UCPGlTVe2Alfxi919vgx6UUA,food
고팡 GopangTV,UC4M0r-r1pMcf57OdRgsWVkA,food
쏘울맛집,UC7fnIzjW2FdBO4sSY82c_iw,food
로하Roha,UCrRn4Vat9iyUGtl6jPjG3IA,food
엄비umbi,UCtBt0z5O7Y31JMm4QlcvqZQ,food
집밥 연진이,UC9As8K4u9PgAhrpt9yvH9Bg,food
푸디랜드 FoodieLand,UCHy8o-_zR_vHqpPN4uNUvkg,food
CU [씨유튜브],UCsM07dUwo0WOWhFbVsG8K6A,food
원필름(방송국),UC0jwU93UpwIyTlCzLn3N0nQ,food
설기양SULGI,UCIafb9ExBkh4WsCOagZssZA,food
롯데백화점,UCpBkdV5sGB9v80H8XTewtcg,food
포스코 스튜디오,UCGu-RtRyCaWQl32YoOh4WNg,food
Multi DO Challenge Korea,UC03Fp4_VFeH877272fjdihQ,food
메기간다효,UCpPB65X6Xhzmlx2A4DSQ-Jg,food
성공스토리,UCuV7tHJntXmXjIhbuYgFgsQ,food
전국집밥자랑,UCY60BF0M8RkXvmMQeKp2PSg,food
오돌 스튜디오,UCD5m0q_YTTvWthbAy1cCiEw,food
맛방_이성희 맛있는 방송,UCJSmPF7fqYgT-PXSUzZQYVQ,food
나휴숑 nahyushong,UCI0hqxU5ImdZa9gQ8kKyv1w,food
현주엽의 푸드코트,UCj515KkJRYCIUbenzrbuXgw,food
먹다,UC-sNR0PB3oZK0XpyJKprrdA,food
지수씨네,UCAGomVTpBAQpKW--78X_lyQ,food
울산남구여행,UCIHVckqVvKSxmtvP7qDBhaQ,food
이수길TV삶,UCB7x2bM7m_tJ-9avDahK7Ew,food
planD플랜디,UCPaApoLkmPqxCeZF7gjoc3w,food
AZ짱 손병호,UCEuayn5HiIrFA026a7dtlNQ,food
미미다육맘 ,UC9aAvktfybOVzccavCNYfIA,food
신애라이프 오디오성경 Shinaelife Audio Bible,UCjWXYUaa_IbqIoqu6u33tLw,food
츄미생활 chulife,UCAO40mq1_TWTdXTKWcLfbwg,food
자연인은경,UCzlwvfQeKPhODjgc2ZJU9dA,food
수연이네,UCFmJ5rrMym4HiJ0pc0hjVTQ,food
서엘맘 Seoel mom,UCbUC6-hNh1itGbgDa_e9kNg,food
범진뭐해,UCdStZGGtJlnvtPBLMjKOjSQ,food
산골맛집김선생과 제2의새마을운동 ,UCet4VXBGsHn8PRUOOhnCFgQ,food
이종임 스타일 채널,UCTIiGl3YTwzyEsArwlOExsg,food
덕이네이모,UCr4nfqTHGnHBdaBSWNG_buQ,food
쿠킹샘주방 Cooking Sam's Kitchen,UCjsxEVJ_Y2TkwP_oCekaz9g,food
똘맹타로,UCi4NDFWWMohmHMWxBd-06kA,food
사위TV_요리와 일상,UCcCs2Xsh15EOFRVpLNqHwug,food
배동성&전진주의 정밥TV,UC6RT0rczmhSSkWwQvh0hPnA,food
성시경 SUNG SI KYUNG,UCl23-Cci_SMqyGXE1T_LYUg,food
홈쿡쌤,UChRwTKp_mOTtqeJUeHgfZag,food
줌블리에 Jumvelier,UCxlfm7xSunwkslwJLS0VKsA,food
엄삼용eomsamyong,UCAlU6Ntbr3Lcsyf9tmSIkPA,food
독거또랭이,UCJx1ZEGRrmr2Rcfht8jOhGw,food
만리 manli,UCovVRKbRSpl6VaUbOYuvLAw,food
메리니즈부엌Meliniskitchen,UCB4JlWU3Vcev5pkyIdeBMRw,food
건강한 사계절밥상,UCNBFvWLTlPsK6rpRpBv6Ecg,food
[Toto Project] AI 육식토끼 토토의 미식 렌더링,UCLVAE_pcl33ELKMH-v3qKhw,food
jofer lorenz semillano,UCGCl-U-6ilCLV3KPoMQcW9g,food
가루씨의 집밥Garussi home cooking,UCvEuV4SJ4huzWHIkUmYIgnw,food
까망 레시피 kkamang,UC7X2eb6zU7YY_ccL1JYNKhg,food
도남이먹방Donam,UCftypYUp6boUauNi_P5WdZg,food
발효비책tv,UCBNWBGHXpYzoBqucDM1NOGg,food
(작사작곡가)골든아이#음원발매,UC48wNsIXU0ayfiAblWCKNGg,food
퇴근남유경우,UCqUvPiIkV6fnzOGXmiiUL4A,food
DDM ASMR 땅규,UCqGZm-olwtL1i4_1xmeeyXQ,food
조정현,UCXqsvL6DG5K2fVEvApbkUOQ,food
베트남 서기티비 SEOK2 TV -서기와 베트남사람들-,UCYdkpsHrZukaez4-VggOicg,food
마이천 MY1000,UCNI31C0aEEUD4cjC03w_xPA,food
작목반장,UCyiU2bARGxHy01g9-GdYeYQ,food
형만 HyungMan,UCsrwIw5KtyFm6Kvs21u-DFQ,food
ゆち유치,UC3Q2nVhbLW2USJtANr7vEhA,food
Condé Nast Traveler,UC3TIRH4PPSDde66Hg5wGh-w,food
밥상위의 국가대표 우리돼지 한돈,UC3VWjktKvTl4km6f8Q3KjWA,food
챔보,UCyyWcEhqfaqJQ56XdA44RYQ,food
각궁이의 맛난소식GakgungTV,UCNbLi9EPm4zYt3KuAcMv3Bw,food
맛난메뉴 Delicious menu,UCGtPnX9NC7zZvE_s7RhR0jA,food
창업의 형 김종구 대표,UCFKwOdHrCc1PJw-8BBPtHuA,food
커피하는 람쥐,UCKfu_os4wmPOQdisVqAqQTA,food
주토피아 - 어디에서도 들을 수 없는 술 이야기,UCQTLz_hauzjE4uheUy7ZBwA,food
집나간햄지 Wandering Hamzy,UC1EiHIhV6UDRWOY6BaEavdw,food
영자씨의 부엌Young-Ja's Kitchen,UC2gasvQVxOdRht9ykwhxwjw,food
육식맨 YOOXICMAN,UC0VR2v4TZeGcOrZHnmwbU_Q,food
은젤 월드 Eunzel World,UC0ry6ufHVkTnYM8XMPAHRsQ,food
팔짜🐷💕,UC0m-NshV3J3lA_mI8txWUuA,food
청담다육,UC-roLskJmtw_g8x26iPxDsA,food
차예련 chayeryun,UC-YuM9j7aT4pkXGICFurAiA,food
괴산투스타,UC-28TVh9o8HbBTUirBuNwHA,food
주들 Joodeul,UC-hZw14URZrz8rjDNqLepWA,food
Tasty Travel 맛있는 여행,UC084zOc5knHoHr81teIziwQ,food
살빼조DietJo,UC26QQCGh66xFU_NjhYLwdQQ,food
도른 에밀리 Emilie Dorn,UCh0SoBL5L5bEz3Hk-mQ3Dtg,food
삼성웰스토리,UC3bYyFXsojf9jdUG-aL9JVg,food
쑥쑥 SsookSsook,UC3egV8AyVrnwUEOkGZB-s2Q,food
아짱이와 배짱이 Inah Eats2,UCDxjRlCW3fxW5PXUMhGYKGA,food
백종원 PAIK JONG WON,UCyn-K7rZLXjGl7VXGweIlcA,food
"울산댁의 오늘저녁, K-mom's cuisine",UCS4Sy_Q_3WrNIIjE3xLFkbQ,food
CHAEWON Family Cuộc Sống Hàn Quốc,UCUQZ9QEumBLRCYa0rXcjoVg,food
곰슈슈 gomshushu,UC4xLr5O6zAt9nfi9zEzZZ0g,food
소믈리에 케이지,UCWCLWodKLFEgFa5PINdGbUA,food
박준면의 낯가림,UC5Cg42H0vqvXQ_XLxV5U7nA,food
면상호[NoodleFighter],UCX1iUx9aO9d57NC3aNU3qlA,food
유스뿅 /  YUSUKE,UCT3zf4NvPUUAfABV-RLtKtg,food
잼잇 Jam-Eat,UCTj67Hns0DZi6PmzzKR1MpQ,food
sini시니,UCTXuCSZxMDaneK7t6DVs21g,food
정호영의 오늘도 요리 Kitchen Caden,UCWyjY6ykM58LO5ipzRgIzGA,food
더들리,UCmJEpV4hLzGWLU5rrdOHMhQ,food
굿찌 GOODZZI,UCCuC3tJoSXBsX75wcLehsog,food
알콜솜,UC9jaCq6yEsds5PzY_Q3t17A,food
코지 COSY,UCcfKn5ex1g8zgK4eYtbReoA,food
봉이네집밥,UCBYPqdDhkxwtQ6GgqgkHrQA,food
한국 아빠의 맛있는 여행 Korean Dad Journey,UCjhb298FuLDckcZ6MEATkRQ,food
정겨운길,UC9t2C3PdplOsWFMiG8blm4g,food
로라식당,UCVO2DhlcXYIMJcTh6jmDJYA,food
빵타지아 BBangtasia,UCq7EVwNTnfkhyNttzPAPoyg,food
hy(한국야쿠르트),UCJvC_TykvjcmgulqsfAsAPQ,food
WhiskyNAVI,UC26XPHfafxDJtD8FL2cOjyw,food
엄지공주이야기,UC_xJyPezZcZB98N8bJcI64g,food
미팩TV미라클스토리,UCSumEwGVqyxK8paBkhgBLDA,food
롯데마트,UCvcEiiSBO-D0QX8vDJs1qzQ,food
애봉이,UCdwLMpZeFXN5ODyCO9warSw,food
운주우성스님의 템플라이프 Temple Life,UCXpmZe257wmJ8BiPtqI0siA,food
맛연사,UC0kLo6HUcwG3uwhqCaq6rNw,food
별난농사이야기,UCNirgeVfOTaY3GrtqueoIPA,food
만능아빠-TV,UCwi6btqNVsbWX6WFmqIoWBw,food
롯데칠성 LOTTE CHILSUNG,UCzKFT7cBIKO9Dapikf6e3ow,food
FisslerKorea 휘슬러 코리아,UCIEU1PTkQMCb7IMlT0_Hexg,food
제이손,UCznduEvnjcVsnYXUw8QK6YQ,food
Coca-Cola Korea,UCzCxSb_RYZuaiaP3u9QNR_A,food
한존 커플,UCpTh6MA0SreNSNzPcemY8wg,food
줄리엔강 엔강이형,UCFyzGa2KYUAwwuJU-z0EjnA,food
HalalKoreaBites,UC99CsOVET0eMkM_lwszLvOw,food
Mr박부장,UCHsIxFH8kFNz5MgbOZ_GrJA,food
맛즐 ; 조이풀푸드,UC-NiIeWEem2yb9Zq-p9glsg,food
수연이수연,UCJp74yNai3BP-_gZuDgsyAw,food
규리 KYULEE,UCeO-X7LzHBcO8NHKpvaIo9g,food
아르재이 (arrjaeyi),UCsKqR8SQu10cO6R-wzdVvpw,food
연로미,UCUoaVI36xr9ipyRiyILHoYg,food
비상금친구들,UCWRQ7bgo-gaBODRYlp3tvYg,food
크집사빨간맛,UCTZhDJG4P_ex9A40BKVSHoQ,food
거제폭격기,UC9rpMzC-SjMSrxhQElZDzTw,food
똘비 ddolbi,UC7_5wc5eeOXpt_WDheHgSjw,food
하지만알려줌,UCMZDNDG8_-04Km1V3UC_Nuw,food
빈쪽이,UCKX3Sk9drEK2TgdMD1_dNbg,food
86미미,UCzeN9YJZu-zwNYoylPxewHw,food
나진커플 Najin Couple,UCEDTb8RyfDp5I1DRB9hEIkg,food
이민간귤 LMGG,UCrGmzu_E2xDM92gUVzv2xHw,food
직업의달인,UCqwKDuZiOBV6EgD4CIxhh2g,food
후땡로드,UCJLMsInvp7j7ij5qCVlCB8w,food
서울 사는 남자,UCB6rLbWzClupm4FshWTnPRA,food
카리나의 삶,UCvD2njyGxgG9iG-RtmdsYTQ,food
먹두리 첫째,UC0ohH3nO4Xx7XtqoiaUEUxg,food
세계속한국인,UCk_S35G4UW5khtFvbA1iDxQ,food
강인 KANG IN,UCeTWemRIomXooZWz2zTxKzg,food
인생맛렙,UCWkHEwAkgjfkhoe1O6HQTvA,food
구자돌이 GUJA Eating,UCIkEh4R_U_s8RxANU_7UpnA,food
Narr Mu Lay,UC2c4pvCc8GF_rIhgOxgGD-Q,food
첫째아들,UCGL-5gylJg3G7T7epVBnhtQ,food
땅끝마을 임선생,UCH89iJse_8YRE31xtiu1byQ,food
요요핑키 YOYOPINKY,UCnZ_FOKhwrBq9LsCJbDl_Ig,food
엄마새 mommybird,UChohCCCKwaZAXrfmdurxdyA,food
"30년 집밥, 배여사",UCHmMtQ0B59EuRRANVhiOPqA,food
김효진,UC9o3fKRDPJGfRkJJFn8RiRg,food
최유라의 Hey Youra 헤이유라,UCZNkx1fBaATbag4LjI_UvnA,food
임해장,UC_yQCVU_68rWQiEpuuCSMlA,food
전영호셰프 식당 요리TV,UCtE3Ie5txXVyMTHAKWfUwcQ,food
솔라시도 solarsido,UCNx0TXIuGVEA_TWB5H2I6Lg,food
서진쿡쿡,UCG9sxoib1fJEcgv7nKcra3A,food
애주가TV참PD,UC5oft5dVf43M2cFmhpJLVGQ,food
버럭만득이,UCo_3dlrt49trusZQxZKQx2w,food
킴주아 KIMJUA,UCS5SSpJRrT5A6pEW3sjgh3g,food
광수엄마 건강요리,UCaA33Jxr-f6kWRf0NbwFEIA,food
침착맨 원본 박물관,UCewitUbsXnyjvJjGgxa0IYw,food
스마일분재경매,UCED-Ab4g1cIRU90xqVvrkHg,food
365일 치팅데이 레시피,UCm86mketHL5xaWMASFc_QVg,food
Cooking Kun,UCQXInJpYzNel0vxsU5QZqAw,food
"노영희의 철든 부엌, YoungHee's Kitchen",UCEX7K2E5FN-v_uEqZuiYN3g,food
나나 Nanasserie,UCAsHJbPbGENF_KJYhcdV0dw,food
포크밸리-부경양돈농협,UCgf50OM3In2c5bBXXS0YTQw,food
피기보이 PiggyBoy,UC4yDkTiEcy3hJ9LfCdx9Pkw,food
요리공수,UC0RNImusMRXzxoY598EYb0w,food
서하얀 seohayan,UC8Em6JHKZVbPf529G4nFAYw,food
산으로 간 달건 Mountain Gangster,UCZyGlONQHfpRicS_yrQB09A,food
ㅤ거제도 최군의 횟집 TV,UCKgCNBPk4lDIOquq17Jwg_g,food
박마담 parkmadam 뻔한인생주막 ,UCsZciD5J7zXGBfpqHebz_eA,food
금손주부 goldenhands jubu,UCqrxs9zXnkSKKJY75CjrXCg,food
승희얌 Yum,UCKA8TG2vauEYRHSQtzbBO4w,food
또딘또딘,UC5MEyyTTlz8d9M4AkpWx32Q,food
살림맨,UC7jL5tY32fARwuQf8y3lyXg,food
로빈의밥상,UCMSz_yah88yZMC6js2p149A,food
고기아재 GogiAzae,UCTnh0emT-bCQDQY_9q5yeEg,food
Melfe Borga,UC8Qbtlhyos3F4DTS3RcuyGw,food
보링이섬,UC_hQ4MSYn_u1ET2R-UoQiaQ,food
정인성의 커피생활,UCKOPS30hZVdViQLq3UIcgzQ,food
꿈꾸는할멈,UCU-AygfHBqYREQpilArKHZA,food
루다 테이블 Luda Table,UCFacbDFmny-7iNdIOdb5mvA,food
고요한 식당,UCjHNx24ZrAsHNmI4FCFxVgw,food
천뚱TV,UCF8W68PS2Ltz17lTDSptDvg,food
맛찾꾼 Yummy hunter,UCjF97oDlA-GXYE_j4Gw5c4g,food
청년 김행복(Kim.Happiest),UCD0ECOBOHWg1SVsgMz10Bcw,food
쯔양밖정원,UCHrX2qBKBuS2aUZkvr-UdxA,food
gardenhong,UC7HVRZzjNb8BKVgsqRZEG7A,food
한 잔 하는 MJ,UCoSbhHxhoy2CSAK9SsbdT6Q,food
달곰삼삼 우리애들밥,UCeDBzhU5pKttTSaMAXAAybA,food
Yummy Go 야미고,UCMeDHNjmybx1C4oNW4FiQ5w,food
먹어볼래TryToEat,UCTx3aCntDvkq-hGtOjKVSnQ,food
류니키친 Ryuniii Kitchen,UCci3ekONGGf4njfCemeGsLA,food
감자수산,UCoM3RvtOktRKl0tdKRDTrcw,food
자취요리 뱅_쉽고 편한 자취 요리,UCDGLSi-amZJzBLFoaC0IznA,food
애플쌤 Applessam,UCX-xq5-sxAAGlLm4OewIKOw,food
영차,UC7KOWCwcHv_uW_BvRs28SpA,food
천재소녀 KitchenStory,UCYPD-uRGTj9gvz5Ng_Uyfaw,food
독백tv,UCqnVjjcEHXk4Pj4XhMN7P3w,food
맛출장 | 마츠다의 맛있는 출장,UCd38-J2biRy64FGGIN8CKlw,food
서태승,UCDWMmcE_oPx4l6RgZ8JVkng,food
셰프 안성재 Chef Sung Anh,UCZffS3HZmQz18zuCWStcfSA,food
조시의 유학,UCUTILrcak54H05HoCtgFNHg,food
산촌tv,UCWveBrDFpKmAkMdGIDsX3GQ,food
기쁨가득tv,UCITHl51v1aGOi2vksmaLDcA,food
Su:Cream_수크림,UC3nqnlhR3C4sTsT0IROH4rA,food
김김푸드KFood,UC4A4MaASYX1WkFAhp0JCwLA,food
투밥스,UCZnC5XlhVApnUjZk6h0zmLA,food
완도수산,UCHWcpVmNBfWvKrAAK5RXGiA,food
릴리안뜨개질Lilian knitting&crochet,UCMZdWAFe2vlELIK3nDqgUzA,food
삼대장 Samdaejang,UCa56qkMvVvq1IMn4xbXaKEA,food
영월김삿갓,UC6KnqtxjfpKs9H4udPDBcEw,food
스토리테일러,UCJZGuNfcScNTG_y2p1P5MJg,food
서울우유 seoulmilk,UCPz4i66EweVQPddqYq7uULg,food
한식진흥원_ Korean Food Promotion Institute,UCMYWTWEIyAhd98yifsq6vEg,food
여수언니 정혜영 [Yeosu Unnie],UCrIxxmIq7logJFN6Bw_1KTA,food
Multi DO Joy Korean,UC965VtcQalsk45JoVHcyWDg,food
우리동네단골가게TV,UC2ZcQ-XHobjEiexhNcF5DHg,food
야코 やこ,UClhRyWfax9_XFGUZBpgXphA,food
환희다육,UCwUoV1cyNy0Gs9I3YWVrywA,food
The Food Club,UC_PbcoGSJzuFdOeAwS5x2vQ,food
정령왕,UClY2gt8hKK9uslND8Tur_1w,food
하음쿠킹 Haeum Cooking,UCWkI9Qcm3vfRY0bZw71ZzYw,food
한국의 멋/Amazing Korea,UCQMvqS3JDvRjo_5JfsXY1Gw,food
그냥 원두 커피,UCEjNO0arGJ_K-sTe1Pr9O6A,food
황제 이발소 皇帝理髪店 BANGKOK,UCqKtSWurKQ3TIUHdH7APTuQ,food
묘식당 Rabbit's,UC89ohZP3fITB0Hsb8jqNsMA,food
ひとりより,UCeiWTEUzY0hlbe4jFjNMPVQ,food
사군카페인,UCA7J-sgaaGD6BQKX4tYAn_g,food
노마에TV,UC8GBN6XX7ICoW0v9brxwNkQ,food
Lucky Doyun Family 🇰🇷,UCYVEmKA1m5Y6TiErpVv1RnQ,food
유수형 TV,UCVNbLEbA3nXhpg_HDEHEkZA,food
정개굴 Froggy,UCrNkpH9WudNrbsFN1AkL36g,food
단내솔솔 DANNE,UCKLyuCCluLY3X2xQezL7tng,food
🐕‍🦺아지이뿐이tv(한기형tv찐팬),UCTLkcm69bdWHTuJ7pC4OYHg,food
맛있겠다 Yummy,UCQA89gPDjJ-1M1o9bwdGF-g,food
지하루,UCxzhVyVe-SkugB4Krg5kJFQ,food
크림커넥션 Cream connection,UCA2v2d3gTJ5olUnrScG5QRQ,food
케이크업 ㅣ 케이크창업,UCoGAFJL-xxFsPzwYP04yCKg,food
정준하하하,UC8dFtyqgm7UqLcJD_sYVJ4w,food
맵하니Maphany,UCDCjSgKtKeFmWhsiAbHLNAw,food
검율농원,UCYZ6RAsAQhKq1oixpDTL3jw,food
윰쓰부엌,UCBePgk0RqTO0IiisQmaADEA,food
셰프이원일,UCDkgqnnsqu3yZFlyoF1J-3g,food
한국맛집K,UCkW3qWVwgkI7mL0eFPVOlPA,food
마리아주 [맛있는미담],UCKeVYAQKdY_YLSjxUrCuXcA,food
두리식탁Duri's table,UCw9v5IIv33ac21mQ89Z-hpw,food
Solecito,UCm8wI8rXC-csApZqkF4d5XA,food
이태리 파브리 Italy Fabri,UCza_sEjIhb1yhvVZEdEl6gA,food
키다리짬뽕아저씨,UCK_4dhuuChRz7ozliMjGQbQ,food
소이는라떼,UCeybtvnMOswZXLMTReEt0XQ,food
모모스커피,UC9f-9yDLgw5oea1DbKVRHXQ,food
여보클럽 미란마마,UCa8fqY6Azo62NQxafCSvYAg,food
마수와,UCL1Q845U-sKoH4H_bu9WvuQ,food
레시피 dream,UCQqxen9IRj-gmJlQXO8qZ_w,food
자취요리신 simple cooking,UCC9pQY_uaBSa0WOpMNJHbEQ,food
Starbucks Korea,UCaxvyTYdWaDXupmgj5ttDUQ,food
정슐랭,UCTIEKbNIqTxj8ip3NYw5xbw,food
버팀목TV[임윤희],UCBU6877IMgaEJTUXeVPwQOA,food
히밥heebab,UCA6KBBX8cLwYZNepxlE_7SA,food
차재chajae,UCLXCr6QsKjWwZZYR7hxqoFQ,food
청도푸드스쿨 FoodSchool,UC-Si8t5e1aiqvbKB7tDp9tQ,food
급급이티비,UC-ExekkkmQ1B6i-pDQQB6mA,food
텐 Ten,UC-IfewS80QpiZ1FApsmzvQw,food
주스맘 Ju's mom,UC11nkBY2j_paF1Da4T4b35w,food
두유노 양산,UC1s9TrLLlMTi9BJ4eymQtfg,food
알뜰한 쩡여사 [가계부 다이어트],UC1JED63XN5aVLun2FU1rgsQ,food
소담한베이킹 sodamhan baking,UC2d-ziX4vNVc4kPGEODwxZA,food
"까니짱 [ KANI, 蟹ちゃん]",UC2wZJuuD_WA9ps2FORco1EQ,food
[후찌양] Hujiyang,UC38wHW6G9TxDI65j21fcWHQ,food
오맘쿡  5mom cook,UCTdB43wF5rksLMYqZQ4aXUg,food
공혁준 RHDGURWNS,UCUXYT0CqvBx1ZysmxSW7EDQ,food
내복곰 Nebokgom,UC78s1vArhs1jZwf68_adITA,food
골드쿠폰라이브,UCRrVM6wIWVdXsVP4b669tBg,food
연홈 yeonhome,UCRdMRndxhmWcpLNKosr06Jg,food
혼자사는키큰언니,UCU_9UGoDcrSFYwyIs0iokKA,food
보보혼술,UCTNgfQZzW48KL-7718mKx6A,food
채널광주,UCX-Up3VNrObbGMXIIHuTsMQ,food
소소황 Cook & Eat,UCWrh9haWsTEAQF9UEg6AEFQ,food
재재의하루🐰🌵,UCXpnpuTHshZGZSt00GTlTrA,food
BAKET,UCVC3hxOueo2QDUWFtQe273w,food
휘토피아 htopia,UCWJ-2Qht_-dwHpB831FAF1g,food
수원맨,UCInY61WOcDu2edQvEWDryAQ,food
팀브라더스,UCIYNYv9ddZBg42gvyp8L2Iw,food
하링 HARING,UCzS7A-w-vmwjPMOb-_M1tVQ,food
쿠클티비(CoocleTV) - 건강한먹거리,UCWkWBF7yPoh4BoPro-80Wsg,food
유리조아Yurijoa,UCBpTprffc9A7KZyONCHQTIw,food
My Natural Food,UCymJsGYIOXj3bwo3yHGI5Ig,food
퀘스트빈,UCKUOPe2OATv2vlrAY8C4t7Q,food
ソウルグルメ서울미식가,UCArt-JeKVEkxbtLWo9eFLVA,food
야미이츠 Yummy Eats,UCSayfA1h6hQMRYYP_bPxl1A,food
감자매 Potato sister,UCDiohkMMUnwCMz8ZCJFT-cg,food
제이월드,UCfBazeBqkG8914bfC0oy_bA,food
지뉼랭가이드,UC50ac0_x8ZDoCSEpNV0p3-Q,food
Nebom 사계절의 네봄,UC6NrrEp1e3-A51SSinM3Y-Q,food
농협목우촌,UClk0Cpeq6rObz6aReNxZQTA,food
장향진의 나만 알고픈 약선요리,UCUl5aslyfnkps1nQiWyG4Rw,food
單單小姐Miss DanDan,UC5FyoQEHNVE39eooygqG97Q,food
대박언니 DAEBAKUNNIE,UC7I95AHA-Fwkedg3IK6GNcg,food
Tei's Happy House(태희의 해피 하우스),UCeUisiec4oauZ7ngZ-FSOCQ,food
쿄홈 kyohome,UCvebJb2Oa2mPUQCfy_zV_yA,food
율리 YULRI,UCiULanlNBXuMkaP9OiZWgYQ,food
주방대장 민쿡,UCEy9NE4it3Vnx5BHYSlPifQ,food
정대표 Ceojung,UC4rp3IXPhmQoYqZUCUMP6hA,food
풍자테레비,UCI5WgFSOVO9UJFcqQTiClHQ,food
채커피,UCT1xn_mNhQ7zWJxL_XO0sig,food
wineking 와인킹,UCb7KNFvMuvQz9LPRK4xyzfA,food
심방골주부 Korean Food Recipes,UCMXFSqYCTcB4iIJLwUJaBrQ,food
FoodyTrip 푸디트립,UCDBFchGuAOy5-2sy8nYMVxA,food
푸메Fume,UCbzI92w5vWa6mEj1dACfy6g,food
무니키친MoonyKitchen,UCQg7opkHC1IIHYsIRuivMbw,food
Akang Daniel,UCgakVU9m5b79W-uQjfK1_nQ,food
빠슐랭Barchelin,UCByHXQRqzgbygBTOM4mQz5Q,food
벌교꼬막왕자tv,UCBxTDF8MczrQhhp1TFEv1cQ,food
oh-pride 오프라이드 (오가나),UC8av1CNslnPQS3N08rkzzhQ,food
향순이TV,UCa67Zja7RwkHtD65jWs4wZw,food
방송태평양,UCZmhLlhec0rmzUN0iNt2CQA,food
디어루나 DearLuna,UCvV84e6p9Rd2itR1LlKc2DA,food
허인의 인과관계 (仁과관계),UC9T1tAdhIePOM8T2023_11w,food
홀썸모먼트 Wholesome Moment,UCKYqqROHe81oOqoKeAot8QQ,food
조하니,UCWYTovY3DwQQOpyZO18oYHg,food
Cream Park,UCzEe1UbKuJqbZk3XCBHmUwA,food
이봉원테레비,UCiP6DC506B35Xve6M22ScAA,food
그린씨 greensee ,UCNG_1Ap3uAQ_nwb-WaRctUA,food
잔업tv,UCzUIL4WH-OMRXYCC32K_p0A,food
영국남자 Korean Englishman,UCg-p3lQIqmhh7gHpyaOmOiQ,food
쉘위스키,UC71-L6-oKOdnXk8_6-7nNNg,food
뿜니버스,UCT9jz_2nJkrFIBs2L6LVfRA,food
키키키,UCHP6w2IkxZ84eQ2FCGa2ZlQ,food
징글징글 생물가족,UC8cS0b_5Hk5hfPEyv-XFD2g,food
예나러브 [Jun & Yena],UClCc-FOXA9xgBUz6HOQ8baA,food
우리집오늘의요리,UCA2Aoj5nHJcBukGWLMccK7Q,food
단미라탄,UC55_tv0_KXXslNlXGHlWxSQ,food
김군과친구들 Kim & Friends,UC0Vsfjmnz3ruCpSq3iQnKfA,food
김치빌더,UC6fgwVZ9e_tm0tPxQIVei2g,food
스트릿TV,UCBztIYIgMyDd0wBTP0meL5Q,food
숲PRO-TV,UC9Lbvm-2Bk9oMdo-wMwfmMw,food
요알남MingStar,UC26Cjrx8qycmKWCcLVMBylw,food
댝생,UCkcunEvzAxmlaLew-S3PlAw,food
Hanbit Cho,UCq6EbtLtwyF9ONFBqIkR4yw,food
식경이 SikKyung,UCPqJqF3DUyUN4842x_0xAxA,food
pawnkueen,UCHeOWAltKaWFUaGmRbepttg,food
미소miso,UCdmd8CgMCO6kxngzjTBRn0g,food
올댓스위츠,UCGXCbmJGjymzkJ_cuXocniA,food
잡혀주나,UCsRVg_a_CzZ7OUW_u3vYAYQ,food
소림사 주방장,UCNym9_2Jy9ujMA5i7_TV3CQ,food
민트하임:MintHeim,UCWztxgLv8qBa-1F8AYjuxGQ,food
로즈키친 Rose Kitchen,UCc0ot6V8iYwP4Svt6zRjZSQ,food
김술포차,UCU26eZ726Kobl4xOdYKPGhg,food
쪼야Cook,UCouHEKIqT6TVOpHpSfXm0bA,food
거뜬형,UCLU--jMqrtuEwHPHyj6e-fA,food
여니쿡 Yeoni cook,UCMw3PVVuWeW_AfX_UhPyvOw,food
꽃읽남TV_아이엠그린메이트,UCqVep1040CRtillAKB1ybxQ,food
뚜벅뚜벅 서부남,UCa3ktyzwbkR9Ej-Ux6eTfLA,food
주호다,UCCFLyWRmaMeQ0f4ndIeChOw,food
수요주식회 - 한 잔할까요?,UCfA58wxQoMZyRpDrwwMrq6w,food
프로세스 케이 Process K,UCoah0FMpaTxHpZlF09kqQmg,food
[대근대근] DAE KEUN,UC5G4rc0pwGP2H19m4ORaYPA,food
보리갱일상,UC7sx8_7xKREg6z4SzFyDg9Q,food
회사랑RawFishEater,UCoLPofyAZuuq6v4EWrWRguw,food
통령할미달장,UCBhR7WKMD50cxkTJ5CNaUGA,food
쑤니님(SSUNI),UCmd63ox9-xMTbMFHZQeDAhg,food
메주이평강TV,UCP2XVjARenm51dHJGWwugrw,food
용용먹방 YongYong,UCIYzQfZWi059RjaYgQUVLnw,food
푸른아오🌊AOBLUE,UCOgC0iCgdsDC0NV0KbTa7tg,food
옴마의요리 Omma’s Cook,UCqD9y739zx0R0lg7-hkkOkg,food
조빵이Jo_BB,UCNQrGj9AStmVtTOICoE1WcQ,food
성실푸드(Sung-Sil Food),UCQP_2Ckztg0vGmQdaedv4BQ,food
옥전농부(나무노래소통),UC6e9t_AGDGJfs_Zch7koxNA,food
비노이스타 Vinoista,UCho-kNWD5gnMRwh5hSWjofg,food
집나간아들 Runaway Son,UCn64fSqF2l4rkkjtQUpku2A,food
먹지희Mukjihee,UCgVbqwV517Dsu1cRbk2ZM3g,food
뚝딱Tooktak,UCkxvX8lNP_TkiLde378oHUg,food
푸드월드 Korean Street food,UC7zdkOtCFhPflymVkRL52NA,food
삼남자인삼농장,UCOx-mq0cHNKUqtZ2_dlSDmg,food
오뚜기 Daily,UCHvCHuXTg6yfQQ1QCeDQMLg,food
치킨왕 [내돈내산 치킨리뷰],UC0gwvfFwvPxoFk4rwPBiKWw,food
아기맹수 김시현,UCVvMCyrOr1i7pOpQpZ_fg1w,food
입질의추억TV jiminTV,UCY2uWQDCzn_ZE-JpTfDRR2A,food
반진tv,UC6EZKAzHbRuumr2DVx17LRw,food
리아버거가게,UCN728nR9XbzXICnHXUAvbbA,food
밥할머니.,UCjUKBQtBBJ_TocIkmpKwTBA,food
구름이네일상,UCNdERLUICkazXRMp0_ZSKMw,food
아메리칸 미트스토리,UCYqKok1NJsZ2KXBrelUwatA,food
해남고구마사랑방,UCk_3a-MuiKzU89FM-uyNPug,food
복부인,UCc__HbmQYkWOMWOQeofrLNw,food
꽃자매애미쿡,UCvHFhJQv7_8MSXX3JuZ7sZA,food
전문점 레시피 '파는맛',UC7JCi7Wcyfs7URQ0K6_8-gg,food
ㄴ신봉선ㄱ,UCQkIH55mkTKgecG2HTYAk1Q,food
쥬쥬레시피 joojoo,UCE-gE1KJ3qAjeQAD73UFUCA,food
향쿡 HYANG COOK,UCZB46K4sfmsenbUMYi16Q_A,food
스튜디오 몰링 Studio Malling,UCazHEBmumgKYsCWQ31Ja7TQ,food
조달환 JOLIFE ,UCvIDWCsWxTxB2GR_K0gz4uQ,food
남자들의 주부생활 men's cooking,UCaF0QcmXcjGva4vMmJEHRwQ,food
공영쇼핑,UCvbWX58vEJkKD42c2dcOpdQ,food
차돌아 시장가자(차돌TV),UCpp-U9PKCeO_QQgydrSSFmQ,food
감량쿡,UCrNAUGurVTV7B2JjKLA30Rw,food
헬로우미자씨,UCGeLzxKcBgluMK8_TS-qXUw,food
커디터,UCulzAK-hlL2B-jL-8JCQaiw,food
아하부장_JOHNCOOK,UCC7gQKTDa3VHZA4GoCAygUA,food
버거형,UCZTPmBCj8BLhn0DpzGaz4gA,food
서칸,UCuRvXWsaBrit58l75HGIhFQ,food
강용맹이(평범한식탁),UC4rTp2shItMJ2QMv7DIEcuw,food
택제이,UCuG75LBu_6f31eUAbn11CMw,food
찐아재,UCQ2fM6iGYUz2X495XgbuCTg,food
사에쨩,UC6DfdW0uxEzvj3gKEfZD4Pg,food
1분엄마 1 minute mom,UCFoIqYcGMVfWmvnOKzQsggw,food
먹보스 쭈엽이,UCLwCHoQ9h7DPXvLwx5XwTQg,food
양치승의 막튜브 (YangBoss MakTube),UCLLKtnB7J-Rz8ILuikyKbrw,food
라면남,UCIoUady0WOtA3JUc1GBLubg,food
드렁큰킴-Drunken Kim,UCi8nXB8vvV4HEaKCCdxnGxg,food
야루미YARUMI,UCCfQK8dSofNkR44hIhUNvgw,food
FoodieBoy 푸디보이,UCe1ZsGtbRx2pgajGzwB9L0A,food
라오스살이 - 쏭이TV,UC8Aorf1sr93dKb9TjZ5oqYA,food
민경장군,UCuLHDMXUqV5JR8Qv-FpwF8g,food
깡촌패밀리,UCPCznj9_ixMGsY_4oV9M12A,food
깡주은,UCcjmCG5tTegWwqcSDSkDevQ,food
경수진,UCJP4d2UJz2vwkbYKK_KeGug,food
시골 엄마,UCfEJT0blRTtcW_3WC8CO0PQ,food
동원TV,UCC3eqZIo6lqZQQAN9MO0LQA,food
리뷰하자매,UCroqwppBRDTc47YdJVvUHGg,food
쿠킹하루 Cooking Haru :),UCC8bTxyN2ZCfMzS_JAEClfA,food
카라미,UCK44QT7G-cXYfIgm93N93Sg,food
인디애나 주영 Indiana Jooyoung,UCvKncw7W98xGN9zZiAMzaWg,food
진상도 JINSANGDO,UCJY6kUxsQu0KuFok50AOt6Q,food
【大人の韓国グルメ】ココちゃんねる／코코채널,UCMfWUFKLLc_hibPzXzORZRQ,food
수정다육 Succulent plants,UCLN3-sTBFHRLhVtlVjZYG7g,food
달콩뜨개,UC-9IgSQy9KC6h5VwSaLz7Kg,food
한끼해요 Hanki Eats,UCOZLqwJ6tNXrFdQEmeVEcUw,food
NBS역전의부자농부,UCG4QzIn0LWD6_uOtfXsHqPw,food
Multi Do Korean,UCoxmZ8RbrywslMvt6zhjRDA,food
주부나라,UCzIOIStANWRgYa3BRuJOg8Q,food
alinalicooks Кореянка готовит,UCB1bgWqtUln-iJIoa2MpvKQ,food
숙키sookkie,UC7r8m1vZZDc3kp258gOcTUQ,food
거제도며느리 리나RINA(コジェ島ミョヌリ リナ),UCktCmRJ7cVEureEmZqs03UA,food
라멘괴인웅성,UCMSXTsIuYiaHgV6ONd4rnNw,food
셰프호윤 Chef Hoyoon,UC0x63Jy1Sy63grrf_Pq0WEg,food
말씀을 연주하라,UCocHz3k8kmulAGSE4r0Eeag,food
숟가락요리사,UCOzLa9yvxzFBfo7KLkIM6uA,food
ParkGH 박근하,UCDPpzXAYvwJifbfKYxdjZUA,food
꼬꼬PD가족[Kkokko PD Family],UCfugxK22rRKUWMtgYNTvzog,food
나하모니Da62,UC5N39ahEi9x6W-MYkOFSwIw,food
주류학개론 - 재미있는 술의 비하인드 스토리,UCB9wEdhMy5Mi8SLNBD-tUrQ,food
광덕아,UCdZX-lHiBTJNqUD0QlyHInw,food
손석민TV 맥가이버,UCs88b99szA58HnZX59W24Ng,food
혁이네집밥,UCYOFf3IQ8jaondMgnVDMluA,food
"K-Beauty&Koreanfood ,SecondFrime",UCtUop1lkHLDbJRwp295O5cg,food
이발소 베이커리,UCJ0ulEEvEfo6w7xyqwTJbyQ,food
배고픈 빵떡이 [Hungry B.D.],UC8xhsboNsLK75eLFkOV5Knw,food
솔바위 팜 [Korea Farm Story],UCg4Am0srDqvm0ETVGylGevQ,food
꿀주부 Honeyjubu,UCg_xrQ9KMN7wL4moBwuxZWw,food
Mini Forest 미니포레스트,UCvi9Edt8ecebffeFo6_73Qg,food
이선미의 집밥연구소,UCyt1nq6CXQt9U_E5Tae98Ag,food
격수형,UCxIWEubpNWCxvoo84BYZxgQ,food
그래 이맛이야 육수다,UC8Mr1yjDH-lmqx3QD3Hv8hA,food
FOODBOX 푸드박스 ,UCEii9gXvnQGFY81s8c0JnvQ,food
하오니의 빵탐험 Haoni,UCGbFD6WndSG-0Am8QSgXX4w,food
상남철,UCIJkBHmmcZ14_V-xLZxnoaA,food
일타쿠마,UChbZEmY6uHbTRHxu5g--c7Q,food
쿤키친 - Kun Kitchen,UC8pNp8mMr-GGOnGrVmzgSAA,food
술맛여행놈,UCZ-8O9WwagxNFj5Cc_TYfSw,food
껨돈,UC7qeL7v_NvJqHCGSTGfR_tw,food
술주하 / SULJUHA,UCfs-Jq8QqiIucFAM4mOdFJw,food
네네치킨,UCMEymWAglBpb7phxXGbmoHQ,food
개그우먼양귀비,UCjKYk0bQzmkS4fdkhkIy_Ow,food
금희랑,UCNU_hCPq-Wu8kCysHH_L1Xw,food
코지마,UCTykoSzR7BUci25hHm-bqgg,food
김진규쏘가리TV,UCJlOHsIkGlQUWPSdI9fJ88g,food
이금기,UCycPQe03GWW4z_ztaTA2ndw,food
오레오 코리아,UCP-KyzvJsKpjbWqg4qxmu2g,food
깐따삐야,UCLLo3MaJYSuyP5xLgM5Zr2w,food
도도,UCp-ifd8kAs9mE_haKkkBesA,food
은의 주방 eun kitchen,UCQ9qxrZs2QY5vf5uiLs79xw,food
NEMOJUN TV ネモジュンTV,UC3hCfqk-Yvz-SVbCRmVO5gw,food
속촌아씨,UCPFW4r1nmTdtQUsAJSno1iA,food
Pan K's The Pancake Artist,UCUHO_Qus2BYhVv9_oIwfHVQ,food
어서와 에스원,UCX6rMyY82f__0ShNyCCv4JQ,food
JJAEMI 째미,UCSg2Jqo_AGTtWHAMYxNf11g,food
"뜨고 싶은 셰프, 장호준",UCBt70E0BYBGTWz1mfGd28LQ,food
강화농장TV,UCIDqdiLg4JVsQooBVm2KSDw,food
수향TV [suhyangTV],UCUxXrqHwz836pHcRZRVJLhw,food
밥배,UCVQePGO5SEmgNueRWuFH6wQ,food
찬밥식당,UCWr-G5KdZtJjfSeVah_jLPQ,food
유키의 하루,UCTmKuUemu1o4fd8FJvFcZyQ,food
별별사람들,UC0q9s5LXh7-o5PCx1zw8avw,food
mini ovening 미니오브닝,UC0x8OvUA7PoCywqMOoik1sA,food
면상호[NoodleFighter] Daily,UC0Hg4meVusDFYRZwf7-yqfw,food
뉴욕밥상 New York Bapsang,UC0IQXb6AQHEVrY0CN5hbFhw,food
친절한 경자씨의 고추농장 이야기,UC01OsvJ4CXxkVUfCdHi9rpg,food
모개일상TV,UC2HnpRBh-6D0aFhu6YFL0IA,food
DURI MIMI,UC2esjW6TRjMYUSTeZuCNn_Q,food
헤헤tube,UC-NoF8L6ov3uFz-bpnIdTRw,food
쿠킹옥 Cooking OK Korean food,UC-XkCOyHVxyyzvqeEUDHN3Q,food
도라마코리아,UC-mvTI0H8QQPwXXF9P9Wmkw,food
코저트 Cossert,UC-pXaRbTkhOnOUjsv96QHMg,food
허상밥상,UC-v7n1v9g9Yze4ByTuvYGYQ,food
김꽃송 KIMGGOTSONG,UC-BTJQMF5SMAYfXVLEwPr3w,food
동우의 시간,UCzz2OFrZjGvoPq2WcpgeG_g,food
中国街头美食vlogs,UC1CbmfI_il0uY56Qvd-YJLg,food
영나미 베쏘,UCU0MrKoFa2SIkWLFnmPepWA,food
장하다 장민호,UCMwVpslitG_uJVsLwNkO3pw,food
스튜디오 통,UC3Hx4YCbeawwALYOOQckQCw,food
쏘소담_주부,UCUQ0pd9WteRbOoeoF1PPi1A,food
리스컴,UCa_VW4GBNduPQ14E7W2DgIA,food
가오니의 메뉴판GAONI,UCJ66AvaHJ2pHD_-AyUailuQ,food
미캉부부,UC5CJ8GK3WVxb4JMSD9DaZWg,food
뉴라이프 𝐍𝐞𝐰 𝐋𝐢𝐟𝐞,UC6vKU-AHjo4wQA2W-jfEJDA,food
소소한 힐링 smallhealing,UCsP5zSA0YRVaYkLUSO9BR-w,food
고은언니 한고은,UCPFW9tE-hAuyR4037csZAqg,food
삼플식당(Sam Simple Restaurant),UCNOt7fd2GVXqOlTRL19xTpg,food
호와수,UCwUI2b5vUxnkjS-w0GTK-xQ,food
[햄지]Hamzy,UCPKNKldggioffXPkSmjs5lQ,food
김원식 oppicial,UCGzSHBZfTka6CxoObbCgGfg,food
장보심 jangbosim,UCMBkzMdeGMGQkzD_2KLWmXQ,food
아브라함커피TV,UCAO9xCUicBwWCBs9rrXKi2w,food
헤이 주디 Hey Judy Eats,UCKOBBEXO5hVF-UnuZhkik8g,food
골든 글로우  Golden glow ,UCRqECJwcH6yvuPvYu0Q7hsg,food
노모어피자,UC52-_r6ABNonw0UURJmla7A,food
영종맘 - 안여사네,UCQE9yvnfE0KP8LCfPYfyd0g,food
농사기술센터,UCEWt7ifi8C0dP47z1k166hw,food
지미테이블 jimmytable,UCkahcTbfqg3HZ0EHyi356AQ,food
짱아남매 : 요똥이의 요리성장기,UCbOz826iZO71okvn0DRBt4Q,food
와인여신 _Wine Goddess,UCUGOEAzA0OxeWzPS6T1giCQ,food
와인이야기,UCxRgHV7dt9HNUDx227OA5PA,food
오르막길,UCGloQUvVcQ5UNMcpmyhkW_Q,food
지니킴,UCUaiiABtCRBTzU7MHSzaReA,food
진용이,UCujcx0yaAq5clbDlrIPc7Yg,food
세오의 일본살이,UCW93TxguFksJh7K4gZL6UqA,food
굿맨비뇨기과,UC9iTPYMRC9zysa_ifKiSX2g,food
세븐일레븐 I 7-Eleven Korea,UCt_ArME66SzU7I1IgQWHDDA,food
쿵맘,UCb8nDur5xUEH_CMjYCpWaDw,food
제주에디 Jeju Eddy,UCmp61ap5-dkuBBaIjfrYdVQ,food
귀요미 먹방,UCzw2juHzkWe_LHesUMz2IVA,food
kak seulgi 💛 어쩌다 인도네시아 ,UCA8mcfJOCYUNd9rcIH4f1Iw,food
Leplat  르쁠라,UCEGOcf_oGsSuswiQM5MyfhA,food
SyriSyri,UCcmfClzLKwv8zjSVLEpcGsA,food
한우자조금,UC7J5_YX7A-cm_kQYPlKRLvA,food
Candy DO Korean,UCBcNL2uRXr6J6vzm4tBhnBA,food
만기TV_돌아온 톰과 제리,UC8-j9z9PNF698D1m--Hqcrw,food
최금옥 약초밥상,UC88m4qVUbp4kw34Xsp5xD2Q,food
Mrs macarons마카롱여사,UCr5Kww9xqzPmSJTHyXl58YQ,food
둘기,UCKzhsob42r4pUTxR284lavA,food
써브웨이,UCRFQtwC3mob_ce5ggN_cVEA,food
요리왕비룡 Korean Food Cooking,UCcNUpInQt1tI3JC_oTPQ20w,food
박브루,UCAHFNLswhNYo3UHVejIgaMw,food
하윤알유 hayoon r u,UC_PwXJ8tOHrCodFA3qD1tkg,food
양봉고릴라,UCHW51Ow5MTEeC765NKgsc1A,food
박종신시장생활,UCxE8yct5mb76dQIWXkRaRug,food
배리나Lina bae,UCUUfhq_n7pctAX5LaMD0WUA,food
꼼유 KKOMYU,UCI7gZsAuzthtoMxlFdBDn2g,food
한송이tv[SsongiTube],UCG2KKCanr2bEsE8Xr8tR5bw,food
빵준서,UCzCtoDuY9gqQyIGoWx58a-w,food
지이,UC80ikPWMALRgpBZp0aRXs4w,food
Leeby리비,UCI3-5FX4IrRyniAiUnK1BWQ,food
흑삼TV_건강해지는 채널,UCr0OdTjLrssdraYJYTYd0wg,food
[좋은가족]제주리쉬네,UCM_wy4ABW79sPo4QfOoe-1A,food
야식이,UCsNVs68quFJMaDmR6frfUsQ,food
가마솥아재 ,UCepaQ4SbRkRyJR0E6qNgF0Q,food
효녀HYONYEO,UCYo5wuzNmJ3wrAvWSkYex_w,food
살림하는숙향이cookingsukhyang,UCHUslR8-HQ_7NIzQGL-uPyA,food
생선장수 박장군,UCH9Xp9Bu02wPe_LE6N_ZbUg,food
팝콘티비,UCjEGRIsJ7rh72t25p5j8rrA,food
교촌TV,UChcWXp8uJbcfq9EAIHp_bUw,food
미니얍!,UCU296hL1ktMbEVhTkIKsPhQ,food
LunLuns,UC6lNIbU1SSA9YjveOx9a_oA,food
JUNTV,UCNB-6ArklP1Mgg11-Og2zMg,food
덕자네집밥,UC6m9CiD1jU52di9WoFNcbOg,food
MAYO FOOD_마요푸드,UC8geGLvpV8Z7RFgOKVwkONw,food
