channel_name,channel_id,video_id,title,description,published_at,tags,category_id,default_language,duration,dimension,definition,caption,view_count,like_count,favorite_count,comment_count,privacy_status,license,embeddable,made_for_kids,topic_categories,thumbnail_url,thumbnail_path
후다닥요리,UC7ok_PMSTIY5Qg4ULxRoSNg,C5tKn3GzUMY,🔴 무르지 않고 끝까지 아삭아삭하게 오이깍두기 맛있게 만드는 방법,"🎁 옥소 스퀴즈 보통(양념통) 5개
1. 가격 : 25,900원
2. 택배비 : 3,500원

✔ ""후다닥 공구몰""에서 주문
 https://https://www.hoodadakshop.kr
☎ 피디 전화번호 : 010-4207-1235


🟣 ""후다닥 공구TV"" 구독하기 
https://www.youtube.com/@hoodadakTV

➰ 후다닥요리 ""밴드"" 가입하기
 https://band.us/@hoodadakcook

#후다닥공구TV",2026-03-26T09:22:32Z,,26,ko,PT1H43S,2d,hd,false,10173,622,0,39,public,youtube,True,False,"https://en.wikipedia.org/wiki/Food,https://en.wikipedia.org/wiki/Lifestyle_(sociology)",https://i.ytimg.com/vi/C5tKn3GzUMY/maxresdefault.jpg,thumbnails/후다닥요리/C5tKn3GzUMY.jpg
남자커피 Namja Coffee,UC85mXeWRaycnlFmrhBdaAlg,hpjBM8Ktu8U,전자레인지에 원두를 데워서 추출하면 맛이 달라집니다??,"누구든지 편하게 먹을 수 있는 에스프레소 액상커피 꼬소하이
https://smartstore.naver.com/ncccoffee/products/11502498749

남자커피가 직접 운영하는 커피용품샵
https://biendo.kr

다양한 커피 이야기를 나누는 남자커피 카페
https://cafe.naver.com/namjacoffee

검증된 맛있는 원두 구매
https://smartstore.naver.com/ncccoffee

남자커피 인스타
https://www.instagram.com/namja_coffee/

남자커피 채널 구독
https://www.youtube.com/channel/UC85mXeWRaycnlFmrhBdaAlg?view_as=subscriber

각종문의 
bakasa0817@gmail.com

#남자커피#홈카페#브루잉커피",2026-03-22T10:15:08Z,"남자커피,홈카페,브루잉,전자렌지커피,원두",26,ko,PT11M16S,2d,hd,false,54843,745,0,90,public,youtube,True,False,https://en.wikipedia.org/wiki/Food,https://i.ytimg.com/vi/hpjBM8Ktu8U/maxresdefault.jpg,thumbnails/남자커피NamjaCoffee/hpjBM8Ktu8U.jpg
나랏궁 여무강신정,UCajLD-PJlWxl79EaU4CsEyA,HvKTDzIj3IY,나랏궁 여무강신정 라이브 방송,"#여무강신정 #무당 #용한점집 #서울점집 #송파점집 #잠실점집 #유명한점집 #엑소시스트

🔔 여무 강신정입니다
🚩 신당 위치 : 서울시 송파구 ( 잠실 )
📞 예약문의 : 010 - 2188 - 1421

🔊 초심을 잃지 않고 항상 기도하며 
신령님의 옳은 말씀만 전하는 참된 무당이 되겠습니다.

모두 건강하시길 기원하며 복 받아 가세요 ^^",2026-03-08T22:00:20Z,,24,ko,PT59M2S,2d,hd,false,3388,101,0,5,public,youtube,True,False,,https://i.ytimg.com/vi/HvKTDzIj3IY/maxresdefault.jpg,thumbnails/나랏궁여무강신정/HvKTDzIj3IY.jpg
엄마솜씨,UCxbB8MuYJIXrgao5duH677Q,OsVcwAdsbuM,얼큰한 당면육개장~속이확~풀리는맛 탱글탱글 당면대파육개장,"[재료]
당면 70g
계란 2개
대파 2개
양파 반개
다진마늘 1스푼
물 1L
참치액 2스푼
국간장 2스푼
소금 조금
고춧가루 2스푼
식용유 2스푼
참기름 1스푼
후추






#육개장 #당면육개장#국요리",2026-03-24T09:23:36Z,"육개장,당면육개장,얼큰계란국,해장국,국물요리,육개장맛있게끓이기,집밥,밥반찬,밥도둑,요리,시원한국,간단한국,맛집,국밥,찌개,얼큰국,얼큰한,달걀국",22,ko,PT2M22S,2d,hd,false,1177,30,0,1,public,youtube,True,False,"https://en.wikipedia.org/wiki/Food,https://en.wikipedia.org/wiki/Lifestyle_(sociology)",https://i.ytimg.com/vi/OsVcwAdsbuM/maxresdefault.jpg,thumbnails/엄마솜씨/OsVcwAdsbuM.jpg
내맘요리,UCoRzjhYrre-RDY4DD5Po6Rw,l6Iwr2oFLv4,간장장어볶음,#CapCut 이 멋진 동영상을 CapCut으로 제작했습니다. 링크를 열어 시도해 보세요: capcut.com/tools/desktop-video-editor,2026-02-28T10:16:48Z,,24,ko,PT5M18S,2d,hd,false,31,0,0,0,public,youtube,True,False,"https://en.wikipedia.org/wiki/Food,https://en.wikipedia.org/wiki/Lifestyle_(sociology)",https://i.ytimg.com/vi/l6Iwr2oFLv4/maxresdefault.jpg,thumbnails/내맘요리/l6Iwr2oFLv4.jpg
청년피자,UCwHedDHLt0IQjCn0X85kGsA,-t1b5NXXQSU,청년피자에서 펼쳐지는 🍎성수동 애플베이컨 VS 옥수동 새우집🦐 맛대결,"🍎성수동 애플베이컨
얇게 겹겹이 쌓인 베이컨🥓
그 사이로 스며드는 달콤한 애플 소스🍎
묵직한 치즈의 풍미 🧀
피자 한판 담긴 성수동 힙한 골목 맛집 감성✨

🦐옥수동 새우집
탱글탱글 매콤한 새우🦐
달콤하게 톡톡 터지는 옥수수🌽
풍미 가득한 랍스터 크럼블 🦞
신선한 재료들이 모여 근사한 작품이 완성 ✨ 🍕",2026-03-27T01:11:10Z,"사업,창업,피자,프랜차이즈,소자본창업,고매출창업,고매출,소자본,청년피자",22,ko,PT1M9S,2d,hd,false,39,1,0,0,public,youtube,True,False,"https://en.wikipedia.org/wiki/Food,https://en.wikipedia.org/wiki/Lifestyle_(sociology)",https://i.ytimg.com/vi/-t1b5NXXQSU/maxresdefault.jpg,thumbnails/청년피자/-t1b5NXXQSU.jpg
아린네TV,UC7uDUfjLT_h84MRke28t8tw,xX7o3ACl7WA,이 오독오독한 맛!! 안 드셔보셨으면 말을 허지 마셔여ㅎㅎㅎ 울외장아찌 아닌 무장아찌 나가신다~~,"술지개미 속에서 빼낸 무 삐대서 잘 썰은 후에 물에다 담가우려서 알콜기 다 빼고 쫙 짠 후에..
막장, 고추장, 다진마늘, 매실액이나 설탕, 파다진 것, 통깨 넣고 잘 무쳐서 냉장고에 뒀다가 드셔보세요~
식감이 좋아서 맛도 좋으실 거에요~~

술지개미에 넣어두었던 무는
시간이 지날수록 단맛이 올라오고
수분이 빠져 오독오독해져요.
울외는 저장성이 떨어져서
수확하고나면 바로 담가야 하지만(수확후부터 바로 상태가 시들시들해지기 시작하니 시간지체하면 못먹어요^^)..
무는 저장성이 높으니
무도 있고 시간도 있고 술지개미도 있으시다면 담가드셔보는 것 추천합니다!!!ㅎㅎㅎ


그리고 썰어서 물에 담가두고 술맛을 빼야 더 맛나요. 장아찌 먹고 술취하면 안되잖아요 그죠?ㅋㅋㅋ


울외보다는 맛이 투박하긴하지만
특별한 느낌의 술지개미무장아찌..

맛나게 고고고~~♡♡♡",2026-02-20T00:01:11Z,,26,ko,PT2M58S,2d,hd,false,84,5,0,2,public,youtube,True,False,"https://en.wikipedia.org/wiki/Food,https://en.wikipedia.org/wiki/Lifestyle_(sociology)",https://i.ytimg.com/vi/xX7o3ACl7WA/maxresdefault.jpg,thumbnails/아린네TV/xX7o3ACl7WA.jpg
tattooist cokr,UC2bqeLsfzrNIy5hBwb05Ojg,BxdhyUDK57Y,라운드타투,,2026-02-15T05:21:59Z,,22,ko,PT16S,2d,hd,false,23,1,0,0,public,youtube,True,False,"https://en.wikipedia.org/wiki/Lifestyle_(sociology),https://en.wikipedia.org/wiki/Physical_fitness",https://i.ytimg.com/vi/BxdhyUDK57Y/maxresdefault.jpg,thumbnails/tattooistcokr/BxdhyUDK57Y.jpg
엽동,UCflhJ_M35sFyC6agKg0jgnw,GY8PKEodB9s,안녕하세요 엽동입니다,,2026-03-13T01:35:12Z,,22,ko,PT56S,2d,hd,false,128119,5348,0,509,public,youtube,True,False,https://en.wikipedia.org/wiki/Lifestyle_(sociology),https://i.ytimg.com/vi/GY8PKEodB9s/maxresdefault.jpg,thumbnails/엽동/GY8PKEodB9s.jpg
엉복치 ,UCFt9M6I69JMtrx6TbyxNiHA,pky6QhwjXC4,[세부여행] 웃음 가득한 캐셔닝 투어와 몇끼 먹었더라?,"안녕하세요 여러분
저는 이제 한국 들어갑니다!! 드디어 편집을 할 수 있겠어요!!
정말 와이파이가 안되서 미쳐 돌아가시는 줄 알았어요 
결국 이 영상도 기가 많은걸로 사서 핫스팟으로 올렸답니다ㅠㅠ
한국가서 좀 편집을 주 목적으로 진행해야될것같아요
아마 업로드가 주기적으로 모..못올라 갈 수도 있어요!! 죄송함돠!
그래도 영상 봐주셔서 감사합니다
사랑해요 여러분",2026-03-25T08:30:20Z,,22,ko,PT41M6S,2d,hd,false,357,8,0,1,public,youtube,True,False,"https://en.wikipedia.org/wiki/Lifestyle_(sociology),https://en.wikipedia.org/wiki/Tourism",https://i.ytimg.com/vi/pky6QhwjXC4/maxresdefault.jpg,thumbnails/엉복치/pky6QhwjXC4.jpg
맛상무,UC1r112Pr9Ngcg2NtcE946HQ,whqfU3J7NOg,마켓컬리 인기제품 모아봤습니다,"파스퇴르 밀크브륄레 런칭특가 할인 : https://www.kurly.com/goods/1002040014

[ 파스퇴르 밀크브륄레 제품 영상에는 유료광고가 포함되어 있습니다 ]

맛상무 인스타그램▶ https://www.instagram.com/matsangmu/
광고 및 문의▶ matsangmu@gmail.com 
해당 영상의 저작권은 맛상무 채널에 있으며 
영상을 영리 목적으로 사용 시 제재 받을 수 있습니다. 
비영리 목적 사용 시 반드시 출처를 남겨주시기 바랍니다.",2026-03-27T08:13:18Z,"맛상무,먹방,리뷰,푸드,mukbang,음식,맛집,food,신제품,마켓컬리,브륄레,파스퇴르,파스퇴르밀크브륄레,디저트,케익,우유",26,ko,PT9M36S,2d,hd,false,31969,687,0,64,public,youtube,True,False,,https://i.ytimg.com/vi/whqfU3J7NOg/maxresdefault.jpg,thumbnails/맛상무/whqfU3J7NOg.jpg
아워홈,UCP4BzKRlQDURtYDiuMSV_Xg,pvBjf2CoesE,[𝐁𝐢𝐭𝐞 𝐭𝐡𝐞 𝐁𝐞𝐚𝐭] 여기가 블루리본 맛집이에요? 듣는 순간 파인다이닝 되는 플레이리스트ㅣ바이트더비트 Playlist 🎧,"#DJ #playlist #블루리본 #급이다른미식

급식 최초 블루리본을 받은 아워홈!
그 시작을 선언하는 ‘급이 다른 미식’ 행사 현장의 MIX-SET🎶

스타 셰프를 비롯해 다양한 F&B 관계자들이
한자리에 모인 그 순간을
플레이리스트로 그대로 전해드립니다.

듣는 순간 파인다이닝이 되는 느좋 플레이리스트 🎧🍽️

BITE THE BEAT🎶
。
DJ ‪@broadplay‬

| 𝑷𝒍𝒂𝒚𝒍𝒊𝒔𝒕 𝒃𝒚 𝑶𝑼𝑹𝑯𝑶𝑴𝑬
00:01 Dive - Olivia Dean
02:54 the sun is you - jikamarie
06:21 Sunday Morning - Hamzaa
09:11 I Wish I Missed My Ex - Mahalia
12:15 Make It Better (Feat. Smokey Robinson) - Anderson .Paak
15:10 Just Vibe - Jeff Bernat
17:54 West Coast Love - Emotional Oranges
21:00 Window - Still Woozy
23:06 Genesis - Mnelia
26:04 The Way Things Were - edbl & Isaac Waddington
29:21 Sticks And Stones - Jacob Sigman
31:50 Unhinged - Masego
34:14 Like I Do - J.Tajor
36:27 Buying Time - Lucky Daye
-
  https://www.instagram.com/ourhome_mansion/
  https://www.instagram.com/ourhome.delicious/

© 이 채널의 모든 영상은 (주)아워홈에 의해 만들어졌습니다. 
모든 곡의 저작권은 원작자에게 돌아갑니다.

#아워홈 #BITETHEBEAT #바이트더비트
#아워홈 #급이다른미식 #아워홈급식연구소
#블루리본 #급식 #점심플리 #파인다이닝 #점심시간
#이지리스닝 #노동요 #급식실DJ #DJplaylist
#플레이리스트추천 #점심플레이리스트",2026-03-20T06:01:50Z,,24,ko,PT40M21S,2d,hd,false,144,7,0,1,public,youtube,True,False,"https://en.wikipedia.org/wiki/Music,https://en.wikipedia.org/wiki/Rhythm_and_blues,https://en.wikipedia.org/wiki/Soul_music",https://i.ytimg.com/vi/pvBjf2CoesE/maxresdefault.jpg,thumbnails/아워홈/pvBjf2CoesE.jpg
안그릭 AhnGreek,UCKMAypxln0KPUo8HW52NI2w,PG_EAPGsbAA,장사 브이로그 | 매진,"안녕하세요 여러분 안그릭입니다 : )

너무나 감사하게도 오픈 2시간 만에 전 품목 매진이 되었습니다..!!!

많은 분들께서 이렇게 큰 관심을 주시는 것은 분명 큰 행복입니다.

추가 물량은 월요일 1차 발송 끝낸 후 (대략 20:00 즈음) 풀도록 하겠습니다.

바쁜 주말에 시간 내주시어 진심으로 감사합니다.

항상 발전하는 안그릭이 되겠습니다!

즐거운 연휴되세요 : )

---

제휴 문의
인스타그램 : @ahn_greek
이메일 : davemailforwork@gmail.com",2024-05-04T07:25:00Z,"그릭요거트,안그릭,브이로그",26,ko,PT1M53S,2d,hd,false,12395,177,0,96,public,youtube,True,False,https://en.wikipedia.org/wiki/Lifestyle_(sociology),https://i.ytimg.com/vi/PG_EAPGsbAA/maxresdefault.jpg,thumbnails/안그릭AhnGreek/PG_EAPGsbAA.jpg
Edenilson Agricultor Pescador,UCBTgH-eBD4OzDVBw-yuif4w,L5Zzo2eMbsw,"O solo da região Nordeste é o melhor pra produção de frutos, eita terra rica e abençoada ","#sitio #nordeste #frutas #solo 
Apesar do clima quente e seco,a região Nordeste do Brasil é a melhor terra para plantar frutíferas, aqui no sítio,toda espécie de frutas que plantei deu certo,solo muito rico e abençoado.",2026-03-25T11:54:31Z,,24,pt-PT,PT30M40S,2d,hd,false,87,14,0,39,public,youtube,True,False,https://en.wikipedia.org/wiki/Lifestyle_(sociology),https://i.ytimg.com/vi/L5Zzo2eMbsw/maxresdefault.jpg,thumbnails/EdenilsonAgricultorPescador/L5Zzo2eMbsw.jpg
집밥 종갓집 며느리,UCDoNR057xP_CTmIMjxzUuaA,00UQihYI8X8,쌀누룩 열무김치 맛이 기가 막히는 유산균 김치,"안녕하세요!
종갓집 며느리 입니다.
봄이 오는지 입맛이 없어서 
산뜻한 열무김치를 맘았는데요.
쌀누룩을 넣은 열무김치가 숙성되니까 정말 맛있어요.
쓴맛이나 풋내 난다고 하시는 분들 이대로 담아 보세요.
만족 하실 거에요^^

만드는 재료( 1 큰술=15mm 1컵=200ml)
열무 2단 3kg
얼갈이 1단 1,8kg
무 500g
양파 2개 500g
쪽파 250g
사과 1 개 300g
홍 고추  10개 200g
고춧가루 2컵
다진 마늘  5 큰 술
생강청 1 큰 술 반 
통깨 5 큰 술 
새우젓 육젓 2 컵 400g
멸치 액젓 150ml
쌀누룩 1 컵 

육수물 3 리터+한식육수 4알 총 3,5리터
절임물 3리터+ 천일염 2 컵",2026-03-23T11:00:03Z,"열무김치,김치,열무김치담는법",26,ko,PT7M43S,2d,hd,true,14579,516,0,55,public,youtube,True,False,"https://en.wikipedia.org/wiki/Food,https://en.wikipedia.org/wiki/Lifestyle_(sociology)",https://i.ytimg.com/vi/00UQihYI8X8/maxresdefault.jpg,thumbnails/집밥종갓집며느리/00UQihYI8X8.jpg
데프콘TV,UCb4bVA5kBfTsZCLaN9iJqjQ,MOPibdPXBkc,"[전국자랑대회] 코쿤, 김대호 단골집 점검! | 동물원에서도 보기 힘든 파충류에게 집을 지어주는 남자","난 뱀이 무서워... 뱀술도 안 마실 거야!

취리히 동물원에서 보던 애들이 여깄네?
아니 여기 아마존 아니냐고(익스프레스 아님 주의)

그린트리 파이톤, 시코레 리프테일, 다트프록… 그리고 우리 게코
내가 오늘 완전 새로운 세상에 눈을 뜬 것 같거든
국내에 몇 쌍 없는 희귀한 일렉트릭 블루 데이게코부터 세상에서 제일 작은 카멜레온까지

 '나 혼자 산다'에서 너네들이 왜 그렇게 열광했는지
이제 알아버렸다 이 말이야!

이 많은 아이들을 사랑으로 키우는 국내 최고 플랜츠 아티스트 
삭 작가님 공방 ‘비오토프 갤러리’

정말 눈 돌아간다.. 그리고 완전 힐링돼!
테라리움, 비바리움 완전 정복하고 왔으니까 다들 영상 끝까지 봐줘

+ 세상에 단 하나밖에 없는 데프콘 테라리움 만들고 왔으니까
공방 가서 한 번 구경해달라 이 말이야

#데프콘 #나는솔로 #비바리움 
출연신청 & 비지니스 문의 : defconntv@gmail.com",2026-03-25T09:00:26Z,"데프콘,데프콘레전드,데프콘 랩,데프콘 먹방,데프콘 라이브,데프콘 조정,데프콘 유재석,데프콘 무한도전,데프콘 정형돈,데프콘 갱스터랩,힙합노래,힙합 모음,힙합 비트,예능,레전드,역대급,가성비,음악,래퍼,취미,여행,브이로그,바이크,투어,먹방,연예인,무한도전,1박2일,로드자전거 입문,로드자전거 라이딩,로드자전거 자세,로드자전거 개봉기,로드자전거 기어,로드자전거 가성비,로드자전거 공기압,자전거 라이딩,자전거 다이어트,자전거 타이어 교체,gta5 온라인,gta5 카지노 습격,gta5 스토리,게임 유튜버,게임 리뷰,게임 고인물,게임 그래픽,무접점 키보드,무접점 키보드 asmr,무접점 키보드 추천,무접점 키보드 타건,무접점 키보드 가성비,mtb,mtb용품,산악 자전거,전기 자전거,브롬톤,brompton,나는 솔로,emtb,수집,붕괴,붕괴 스타레일,호요버스,히메코",24,ko,PT30M28S,2d,hd,false,174830,803,0,69,public,youtube,True,False,"https://en.wikipedia.org/wiki/Hobby,https://en.wikipedia.org/wiki/Lifestyle_(sociology)",https://i.ytimg.com/vi/MOPibdPXBkc/maxresdefault.jpg,thumbnails/데프콘TV/MOPibdPXBkc.jpg
먹시미 Muksimi,UC9fnfz9S8ieKCfm1wHj0-pw,i5AfUTgbML8,"3일동안 성심당 빵'만' 먹고 몸무게 변화! 먹방 VLOG𓂃요즘 핫한 초코바게트부터🔥 안 유명한 숨겨진 빵까지🍞𓂃말차튀소, 주먹밥튀김, 포카피자, 초코폭탄빵, 티그레3종","하위 먹시미 윤이나입니당!

이번주 월요일에 다녀온 대전 성심!!!당!!!!!!!
저는 롯데백화점으로 다녀왔구요 :)
ㄴ 안가본 DCC점 빼고 전 지점 중 제 최애…
롯백 간 김에 롯백 시그니처 빵 위주로 사왔읍니다.
영상에 깜박하고 따로 기재를 못해서 타임라인에 이모지로 표시해둘게요!

하ㅏㅏㅏㅏㅏㅏ 역시나 성심당 빵들은 실패가 없네요.
이번에 20만원어치나 사왔는데 (오늘 영상 빵들은 약 6만원어치)
그래도 더 사올걸 하고 아쉬움이 남는거 있죠?ㅠㅠ
3일동안 성심당 빵 15종 zozi고 주변에 선물도 했더니 벌써 몇개 안 남았어요 흑흡
대전에 살면 언제든 먹을 수 있으니 이렇게 사재기할 일이 없겠죵,,

암튼 3일간 행복했습니다 (갑자기)
그럼 맛있고 배부른 하루 되세요 바위💛

ㅡ

0:00  몸무게 before
0:13  1. 초코버터바게트
1:52  2. 에그잠봉샌드위치
3:48  3. 말차튀소
5:31  4. 티라미수 티그레 ⭐️
6:07  5. 녹차 티그레 ⭐️
6:53  6. 초코 티그레 ⭐️
7:34  7. 감자치즈베이글 ⭐️
9:20  8. 찹쌀주먹밥
10:35  9. 김치찹쌀주먹밥
12:06  10. 버터갈릭에그볼 ⭐️
13:18  11. 쪼꼬뭉치 ⭐️
14:00  12. 토요빵
14:45  13. 쉬림프명란 포카피자 ⭐️
17:19  몸무게 after
17:28  14. 말차순정 ⭐️
18:32  15. 초코폭탄






🍔Instagram   https://www.instagram.com/yuneeena
🍕E-mail   muksimiyoon@gmail.com

🎧 Music provided by 브금대통령
Track : 잠자리잡기 - https://youtu.be/UkOw_oz0wGY
Track : 곰곰이 생각해보니 내가 곰이네 - https://youtu.be/bHYHYcBzI7Y
Track : 우리 똥강아지 - https://youtu.be/bn-EJr_Bo4Y
Track : 아쭈꾸임 - https://youtu.be/RONJ2CQJNro",2026-03-21T13:38:07Z,"먹방유튜버,먹방브이로그,디저트먹방",22,ko,PT20M57S,2d,hd,false,18709,266,0,28,public,youtube,True,False,"https://en.wikipedia.org/wiki/Food,https://en.wikipedia.org/wiki/Lifestyle_(sociology)",https://i.ytimg.com/vi/i5AfUTgbML8/maxresdefault.jpg,thumbnails/먹시미Muksimi/i5AfUTgbML8.jpg
데일리서울 한강 라이브캠,UCQKQTgZJo3PlxA-9V1Z51XA,jI7HkvlH7fA,"데일리서울 씨티앤팝 목요라디오 #52 ""이별 플레이리스트"" 특집","00:00

Instagram : @dailyseoul.live
http://www.instagram.com/dailyseoul.live 

배경음악 BGM: Epidemic Sound

Epidemic Sound 7일 시험 이용 링크 7-day free trial referral link: https://share.epidemicsound.com/g044zy",2026-03-13T02:54:40Z,,24,ko,PT2H18M16S,2d,hd,false,2745,61,0,1,public,youtube,True,False,https://en.wikipedia.org/wiki/Music,https://i.ytimg.com/vi/jI7HkvlH7fA/maxresdefault.jpg,thumbnails/데일리서울한강라이브캠/jI7HkvlH7fA.jpg
HYOMIN KOO구효민,UCpR5jOQT9_KGOC5KgQ9SWdQ,0RdzaVGeUYY,-7kg유지어터의 살 빠지는 찐 현실 루틴 ✩ 보통에서 복근.. 식단 / 운동 / 붓기 / 습관,"*이 영상은 잇더핏의 유료광고를 포함하고 있습니다

안농 애두라아!!!!!!!!!! 일주일 10만원 다엿 챌린지가 끝난 후....
남은 군살 정리를 위해 3일 정도 빡!!!!!!!!센 관리에 들어갔눈디요 히히
붓기 쫙 쫙 빠지면서 확실히 눈바디가 좋아진게 보이지 ? 🥹 so 만족스러와...
대존맛 및인 성분의 잇더핏 덕분에 입이 즐거운 다엿투였어ㅋ
(특히나 옥수수 맛과 더블 초코 맛은 제발 한 번 드셔보시길 .. 이마 빡빡 치게 되는 맛;;)
식스팩 비키니 girl이 되는 그 날 까지 .. 나랑 같이 건강 튼튼 다엿투 하자고!!!!!!!!!!!!!!!

🍇 단 4일, 구미들을 위한 잇더핏 특별 할인! 놓치지말기🍇
https://vo.la/ZVNPhRO

🍇 댓글 이벤트
💜 참여 방법 : 잇더핏 쉐이크 첫만남 기대 댓글 달고 정보 입력하면 끝!
💜 이벤트 일정 : 3/9(월)~3/12(목) , 3/16(월) 당첨자 발표
💜 이벤트 상품 : 잇더핏 단백질 쉐이크 스타터패키지(9종) 10명 증정
💜 정보 입력폼 : https://forms.gle/MFLp1gfQMHVDytgc9

---------------------------------------------------------------------------------------

♥insta : http://www.instagram.com/mean_ingless
♥contact : hyomeaningless@gmail.com",2026-03-09T13:00:10Z,"다이어트,여름,다이어트식단,유지어트,식단,운동,붓기,급찐급빠,급찐급빠식단,단쉐,단백질쉐이크,쉐이브,구효민,구효민다이어트,잇더핏,이벤트,댓글이벤트,구독자이벤트,복근,11자복근,diet",26,ko,PT19M3S,2d,hd,false,40292,0,0,334,public,youtube,True,False,"https://en.wikipedia.org/wiki/Food,https://en.wikipedia.org/wiki/Health,https://en.wikipedia.org/wiki/Lifestyle_(sociology)",https://i.ytimg.com/vi/0RdzaVGeUYY/maxresdefault.jpg,thumbnails/HYOMINKOO구효민/0RdzaVGeUYY.jpg
엄폴 삼촌 Uncle Umpaul,UC5p4fTVsY6a8UiUuppVFtZg,XJfitdEKAmE,채널링의 모든것 7가지 영상  All About Channeling 7things,,2026-03-08T05:04:33Z,,22,en,PT3M51S,2d,hd,false,126,12,0,2,public,youtube,True,False,,https://i.ytimg.com/vi/XJfitdEKAmE/maxresdefault.jpg,thumbnails/엄폴삼촌UncleUmpaul/XJfitdEKAmE.jpg
Gombom,UCoyhP9dnCyBhM2KByVGgqIw,4cBL1neLsKc,풍미가득 ‘촉촉한 초코칩 쿠키’ 진심 맛있어요!,"레시피는 아래에 있어요👇
◇ 이 포스팅은 쿠팡 파트너스 활동의 일환으로, 이에 따른 일정액의 수수료를 제공받습니다.

골드 커버￼￼춰 : https://link.coupang.com/a/ecmh3g
카카오 파우더 : https://link.coupang.com/a/ecmi8v
베이킹 파우더 : https://link.coupang.com/a/ecmj4e
무염 버터 : https://link.coupang.com/a/ecmngL
￼
---‐---------------------‐-------------------------------------------------

💌https://instagram.com/gombom_jaekyoung

• 좋아요와 구독은 콘텐츠 제작에 큰 힘이 됩니다 :)
• 레시피 사용 시 출처 표기 부탁드립니다.
• 영상의 2차 편집, 재업로드, 무단 사용을 금지합니다.
• 작업 과정이나 레시피 일부를 공유하실 때는 원본 영상 링크를 함께 첨부해주세요.

---------------------------------------------------------------------------

✔️촉촉한 초코칩 쿠키(21-22개 분량)

무염버터 121g 
소금 1g
황설탕 85g
달걀 52g
바닐라 익스트랙 2g
중력분 105g
베이킹 파우더 2g
베이킹 소다 1g
카카오 파우더 27g
골드 커버춰 or 밀크커버춰 77g
(위에 데코용은 별도)

1.버터를 냄비에 담고 중불에서 브라운 색이 될 때까지 가열한다.
2.태운 버터를 따뜻한 상태로 식힌 후, 황설탕•소금•실온 달걀•바닐라 익스트랙을 넣고 가볍게 섞는다.
3.가루류를 체 쳐서 넣고 날가루가 보이지 않을 때까지 섞는다.
4.커버춰를 넣고 섞은 뒤 냉장고에서 1시간 30분 휴지한다.
5.개당 20g씩 분할한 뒤 동그랗게 성형하고 커버춰를 올려 데코한다.
6.예열한 오븐에 넣고 170도에서 10분간 굽는다.

➰ 동그랗게 성형이 끝난 쿠키는 오븐을 예열하는 동안 냉장고에 넣어 단단하게 굳혀주면 구워지면서 많이 퍼지지 않아요
➰다 구워져 나온 쿠키는 틀 위에서 그대로 식혀주세요",2026-03-25T12:25:22Z,"촉촉한 초코칩,초코칩 쿠키,초코쿠키,브라운 버터,헤이즐넛 버터,초코쿠키 레시피,베이킹,휘낭시에,Choco,soft chocolate chip cookies,chocolate chip cookie recipe,초콜릿칩 쿠키,초코칩쿠키",24,ko,PT5M5S,2d,hd,false,778,39,0,4,public,youtube,True,False,"https://en.wikipedia.org/wiki/Food,https://en.wikipedia.org/wiki/Lifestyle_(sociology)",https://i.ytimg.com/vi/4cBL1neLsKc/maxresdefault.jpg,thumbnails/Gombom/4cBL1neLsKc.jpg
미식도우미 샹키,UCLGqRC3E8cfGbP0wFi5ZfMw,0eqOQb_zne0,"시간제한 없는 부산조개구이 무한리필 25,000원ㄷㄷ 사장님 남는 거 있나요? [명지]","🟢추가 정보는 더보기로!

#부산조개구이 #명지맛집 #부산무한리필 

가리비, 전복, 백합까지 싹 다 무제한?
명지 조개창고에서 수족관 통째로 털고 온 솔직 리뷰입니다.

📍 가게 정보

🏠 상호: 부산조개창고 명지점
🗺️ 주소: 부산 강서구 명지국제2로28번길 23 네오웨스턴스퀘어 2동 3층
📞 전화: 010-9375-3432 (※ 개인 휴대전화 번호로 되어 있으니 참고하세요!)
⏰ 영업시간: 평일 17:00 ~ 23:00 주말(토, 일): 12:00 ~ 23:00
❌ 휴무일: 연중무휴
💰 가격대:  
성인 : 25,000원 (중학생 이상)
초등학생 : 15,000원
미취학 아동: 8,000원
(※ 주류, 라면, 햇반 등은 별도 요금입니다!)


ㅡㅡㅡㅡㅡㅡㅡㅡㅡㅡㅡㅡㅡㅡㅡㅡㅡㅡㅡㅡㅡㅡㅡㅡㅡㅡㅡ

🟢인스타그램 -    https://www.instagram.com/misik_syangki  
🟢메일 - popo1542@gmail.com

ㅡㅡㅡㅡㅡㅡㅡㅡㅡㅡㅡㅡㅡㅡㅡㅡㅡㅡㅡㅡㅡㅡㅡㅡㅡㅡㅡ

[🟢식당리뷰 취지]
외식업 발전을 위해 긍정적이고 좋은 취지의 방향으로 식당을 소개합니다.
모든 식당은 대중의 눈높이로 중립에서 리뷰 합니다.

ㅡㅡㅡㅡㅡㅡㅡㅡㅡㅡㅡㅡㅡㅡㅡㅡㅡㅡㅡㅡㅡㅡㅡㅡㅡㅡㅡ

[🟢촬영은 어떻게 진행하나요?]
영상에 광고포함 표시가 없는한 촬영한 식당은 전부 광고가 아닙니다.
제가 직접 검색하거나 발굴한 곳들이고, 식사 비용도 직접 지불합니다.
방문하기 전에는 유튜브 채널을 미리 알리지 않고, 촬영 협의 없이 불시에 찾아갑니다.
이렇게 하는 이유는 식당의 평소 모습과 시스템을 그대로 보여드리기 위해서입니다.
물론 가끔 촬영 허락을 못 받는 경우도 있습니다.

ㅡㅡㅡㅡㅡㅡㅡㅡㅡㅡㅡㅡㅡㅡㅡㅡㅡㅡㅡㅡㅡㅡㅡㅡㅡㅡㅡ

[🟢식당은 어떻게 선별하나요?]
마케팅으로 잘 알려진 유명 식당보다는, 지역에서 입소문이 난 숨은 맛집을 우선적으로 찾고 있습니다.
또한, 오랜 시간 동안 운영된 노포식당도 방문하는데, 이는 오랜 세월 동안 유지된 이유가 하나라도 있는 식당이기 때문입니다
물론 이미 유명하지만 실력 있는 곳도 가끔 방문합니다.
SNS 리뷰도 참고하며, 구독자분들이 인스타 DM 이나 댓글등을 통해 추천해주시는 지역 맛집 중, 차별성이나 전문성이 느껴지는 곳은 네이버 지도에 즐겨찾기로 저장해둡니다.

ㅡㅡㅡㅡㅡㅡㅡㅡㅡㅡㅡㅡㅡㅡㅡㅡㅡㅡㅡㅡㅡㅡㅡㅡㅡㅡㅡ

[🟢영상을 시청하고 방문하는 시청자분들께 드리는 말씀] 

이 세상에 모든 사람을 만족시키는 맛집은 없습니다.
아주 장사가 잘되는 식당이라도 어떤 이유로 실패할 수 있습니다.

장사가 잘되는 식당에는 그만한 이유가 있습니다.
자신에게 맞는 식당을 찾아 방문하세요.

단점보다는 장점을 발견하려고 노력해 보세요.
식당을 단순히 맛집이 아닌, 나만의 맛집으로 만드는 것도 중요합니다.

식당을 방문할 때 너무 큰 기대를 하면 만족감이 떨어질 수 있습니다.

리뷰한 식당의 업주와 직원들의 서비스 마인드는
제 영상만으로는 완전히 검증할 수 없으며, 사람이 운영하기 때문에
그날그날 변동이 있을 수 있습니다.
다른 인터넷 자료들도 충분히 검토하고 방문하세요.",2026-03-25T08:15:01Z,"부산조개구이,명지맛집,부산명지맛집,조개창고,부산조개창고,명지조개창고,부산무한리필,명지무한리필,부산조개구이무한리필,가리비무한리필,전복무한리필,부산가볼만한곳,명지국제신도시맛집,부산맛집추천,조개구이먹방,샹키,Syangki,조개구이꿀팁,부산여행맛집,명지회식장소,미식도우미 샹키,부산맛집,부산노포,노포맛집,부산현지인맛집,부산로컬맛집,부산숨은맛집,나만알고싶은맛집,부산찐맛집,부산가성비맛집,부산술집,부산혼밥,부산밥집,아재맛집,노포투어,부산여행코스,솔직리뷰,맛집탐방,리얼먹방,먹방쇼츠,Shorts",19,ko,PT5M41S,2d,hd,false,721,32,0,5,public,youtube,True,False,"https://en.wikipedia.org/wiki/Food,https://en.wikipedia.org/wiki/Lifestyle_(sociology)",https://i.ytimg.com/vi/0eqOQb_zne0/maxresdefault.jpg,thumbnails/미식도우미샹키/0eqOQb_zne0.jpg
산삼 능이 약초산행 TV,UCmPr2DAesVWT8f3YV7QpxUg,uwbzEqy9ujg,산삼 능이 약초 산행 TV 홍보 영상 노래,"잣딸때 나무올라갈때 착용하는 승족기, 산삼 보관가방, 판매 약초 산행 장비 
네이버쇼핑
https://smartstore.naver.com/dalle02",2026-03-01T00:00:56Z,"Morel mushrooms,jungle,Mountain ginseng,능이버섯,능이버섯산행,꼬리겨우살이,상황버섯,박달상황버섯,말굽버섯,자연산 더덕,느타리,느타리버섯,자연산,느타리버섯염장,느타리찾는방법,자연산느타리,버섯,황절산삼,서리버섯,소나무잔나비,가지버섯,회색깔대기버섯,민자주방망이버섯,흰굴뚝버섯,송이버섯,송이,굽더더기버섯,능이,송이 싸리버섯,보라싸리,싸리버섯,송이싸리버섯,산삼산행,싸리 버섯,싸리버섯산행,송이싸리버섯채취,싸리버섯요리,능이 버섯,송이 버섯,송이버섯산행,산삼채취,심산행,산삼가격,채심,능이버섯채취,심마니,산삼 채취,목청,산삼구별법,산삼효능,산삼자생지역,산삼주,노봉방,산양삼,산양산삼,산도라지,하수오,백하수오,일엽초,미역취,취나물,당귀,목청채취,능이채취,송이채취,상황버섯채취,석이버섯,표고버섯,채취,판매",24,ko,PT4M47S,2d,hd,false,492,35,0,2,public,youtube,True,False,https://en.wikipedia.org/wiki/Lifestyle_(sociology),https://i.ytimg.com/vi/uwbzEqy9ujg/hqdefault.jpg,thumbnails/산삼능이약초산행TV/uwbzEqy9ujg.jpg
플루타,UCcGCvrBgqcfwQ3ET3mZpEJQ,nWDwRpeQgEQ,처음엔 혼자 다 해낼 수 있을 줄 알았다? ㅣ 플루타,"촬영, 편집, 가게 운영까지...
쉬는 시간까지 샵 운영에 에너지를 쓰고 계신가요?

알리는 건 전문가에게 맡기고, 사장님은 본업에만 집중하세요.
가장 확실한 마케팅 지름길, 플루타가 열어드립니다.

🚀 [플루타] 1:1 맞춤 상담하기
👉 https://fruta.kr/Contact

#플루타 #숏폼제작 #릴스제작 #미용실마케팅 #매출상승 #플레이스광고 #플레이스마케팅 #클립영상",2026-03-18T02:59:21Z,"플루타,숏폼제작,릴스제작,미용실마케팅,매출상승,플레이스광고,플레이스마케팅,클립영상,숏폼 영상 제작 비용,숏폼 제작 비용,유튜브 쇼츠 제작 비용,SNS 영상 제작 비용,숏폼 영상 외주,숏폼 콘텐츠 제작 외주,영상 제작 외주 업체,마케팅 영상 제작 업체,광고 영상 제작 업체,영상제작업체,숏폼제작업체,숏폼 마케팅,숏폼 광고,숏폼 콘텐츠 마케팅,유튜브 쇼츠 마케팅,인스타 릴스 마케팅,틱톡 마케팅 영상,브랜드 숏폼 마케팅,매출 올리는 숏폼,유튜브 쇼츠 영상 제작,인스타 릴스 영상 제작,틱톡 영상 제작,SNS 영상 제작,브랜드 유튜브 쇼츠 제작,기업 SNS 영상 제작,기업 홍보 영상 제작,숏폼,유튜브쇼츠제작",27,ko,PT37S,2d,hd,false,5205,3,0,1,public,youtube,True,False,,https://i.ytimg.com/vi/nWDwRpeQgEQ/maxresdefault.jpg,thumbnails/플루타/nWDwRpeQgEQ.jpg
MOCCA무비,UCRHbU_urWsx4mvSd-pokgMA,T31y9-Nl3Io,디아4 성전사 1렙부터 키우기,디아4 성전사 1렙부터 차근차근 하는법,2026-02-25T02:17:41Z,,27,ko,PT1H15M20S,2d,hd,false,7609,0,0,0,public,youtube,True,False,"https://en.wikipedia.org/wiki/Action-adventure_game,https://en.wikipedia.org/wiki/Action_game,https://en.wikipedia.org/wiki/Role-playing_video_game,https://en.wikipedia.org/wiki/Video_game_culture",https://i.ytimg.com/vi/T31y9-Nl3Io/maxresdefault.jpg,thumbnails/MOCCA무비/T31y9-Nl3Io.jpg
박가린 [PARK GARIN],UCrCGfHtMds2D53LWYUz2Z1w,AWowbUHL3cQ,진짜 쇼핑 할 생각 없었는데... 충동구매 갤러리아 쇼핑 언박싱🛍️,"광고&스폰문의 : garinit@naver.com
아프리카TV : https://afreeca.com/janjju
유튜브 : https://www.youtube.com/channel/UCrCGfHtMds2D53LWYUz2Z1w
인스타그램 : https://www.instagram.com/garin_ss

#박가린 #아프리카TV #유튜브 #janjju #TV #BJ #koreangirl #parkgarin #チクトク #韓国美女 #パクガリン #ダンス #Dance",2026-03-23T04:00:08Z,"아프리카tv,박가린,Korean girl,ParkGaRin,여캠,먹방,Mukbang,뷰티,가린,메이크업,makeup,beauty,eating show,janjju,BJ,korean girl,park garin,韓国美女,dance",24,ko,PT13M5S,2d,hd,false,5345,91,0,17,public,youtube,True,False,"https://en.wikipedia.org/wiki/Fashion,https://en.wikipedia.org/wiki/Lifestyle_(sociology)",https://i.ytimg.com/vi/AWowbUHL3cQ/maxresdefault.jpg,thumbnails/박가린PARKGARIN/AWowbUHL3cQ.jpg
КАСЯ КИМ,UCmI0zekAJGHrutOsNyNUGeg,XJ-ZUdJrDNA,НЕ ПОДЕЛИЛИ ПИЖАМУ|УРАВАЛА СЕБЕ РУБАШКУ,"«👵 Семейный и уютный канал “Кася Ким” — это простые рецепты, домашнее тепло и истории из жизни.
👩‍🍳 Тысячи зрителей приходят сюда за вдохновением и хорошим настроением!

📧 Для рекламы и сотрудничества: 
pianist196854@gmail.com 

https://t.me/kasyakimkorea

daniil.pyak434460@gmail.com",2026-03-26T13:43:47Z,,22,ru,PT15M41S,2d,hd,false,22949,1515,0,214,public,youtube,True,False,"https://en.wikipedia.org/wiki/Hobby,https://en.wikipedia.org/wiki/Lifestyle_(sociology)",https://i.ytimg.com/vi/XJ-ZUdJrDNA/hqdefault.jpg,thumbnails/КАСЯКИМ/XJ-ZUdJrDNA.jpg
청정원 푸드캐스트,UC0SI1QyV1HlA0aekZBouCWg,Dv_h4zW7zjc,"[청정원X임윤아] 30년간 알게 모르게 맛있게, 청정원 (30s Night)","지난 30년간 청정원은 
어떤 하루도 맛있게 보낼 수 있도록
우리 살아가는 모든 곳에 알게 모르게 함께해왔습니다.

앞으로도 변함없이
더 나은 맛, 더 맛있는 인생을 위해 함께하겠습니다.
오늘을 더 맛있게, 청정원 

🎬
두 사람의 밤에, 안주야
고된 여정 끝에, 호밍스
걱정되는 마음 옆에, 카레여왕

어떤 하루도 맛있게 보낼 수 있도록
우리 살아가는 모든 곳에
청정원이 있습니다

알게 모르게 맛있게

#청정원 #청정원30주년 #알게모르게맛있게 #임윤아",2026-02-28T23:00:48Z,"호밍스,순창,햇살담은,맛선생,카레여왕,안주야,홍초,임윤아,폭군의셰프,소녀시대윤아",26,ko,PT31S,2d,hd,false,1141876,112,0,16,public,youtube,True,False,https://en.wikipedia.org/wiki/Food,https://i.ytimg.com/vi/Dv_h4zW7zjc/maxresdefault.jpg,thumbnails/청정원푸드캐스트/Dv_h4zW7zjc.jpg
뚜란DDURAN,UC-zTNxmso34vOOpyyEEgL3w,wbZVPLy0PTc,뚜란) 고등어구이 동태찌개  손수제비 사리 넣어서 먹방 Godeungeo-gui(Grilled Mackerel)Spicy Pollack Soup korean Mukbang Asmr,"투네이션후원 : https://toon.at/donate/dduran2
트윕후원 : https://twip.kr/rkdgksrlf
후원이모티콘 : https://stickybomb.kr/home
선물후원: https://fancim.me/celeb/profile.aspx?cu_id=oayc2KJRxH8klVE0+M0rPw==
페북 : https://www.facebook.com/rkdgksrlf/
틱톡 : https://www.tiktok.com/@ddurantv?lang=ko-KR
인스타그램 : https://www.instagram.com/ddurantv/
E_mail : hangilpower@naver.com
#동태탕맛집 #맛집 #양평동맛집",2023-12-31T12:00:54Z,"먹방,리얼사운드,옥탑먹방,자취생먹방,일상먹방,한식먹방",22,ko,PT6M39S,2d,hd,false,4157,35,0,32,public,youtube,True,False,"https://en.wikipedia.org/wiki/Food,https://en.wikipedia.org/wiki/Lifestyle_(sociology)",https://i.ytimg.com/vi/wbZVPLy0PTc/maxresdefault.jpg,thumbnails/뚜란DDURAN/wbZVPLy0PTc.jpg
양장금주부,UCKm-cusLT76t3t4s9OgCqcA,ftWu5ceIz1w,💙환절기엔 하얀계란국 말고 ✔얼큰계란탕❗속까지 풀립니다💯,"양장금주부 가족여러분 오늘도 좋은일만~🍀

📢밀라이트 삼분육수&버섯분말 공동구매 안내

▪삼분육수 구매하러가기
https://shineocean66388.imweb.me/shop_view?idx=323

▪공동구매기간
2026.3.25 ~2026.3.31 (7일간)

▪공동구매구성
🔸코인형(3g*50정)
1개 공동구매가14,900 / 일반판매가 22,000
2개 공동구매가29,000 / 일반판매가 44,000
3개 공동구매가42,600 / 일반판매가 66,000
4개 55,600(무료배송)  / 일반판매가 88,000
8개 105,600(무료배송) / 일반판매가 176,000

🔸스틱형(4g*35포)
1개 공동구매가14,900 / 일반판매가 22,000
2개 공동구매가29,000 / 일반판매가 44,000
3개 공동구매가42,600 / 일반판매가 66,000
4개 55,600(무료배송)  / 일반판매가 88,000
8개 105,600(무료배송) / 일반판매가 176,000

🔸코인+스틱(혼합형)
코인1개+스틱1개 공동구매가29,000
코인1개+스틱2개 공동구매가42,600
코인2개+스틱1개 공동구매가42,600
코인2개+스틱2개 공동구매가55,00(무료배송)
코인3개+스틱1개 공동구매가55,600(무료배송)
코인1개+스틱3개 공동구매가55,600(무료배송)
코인4개+스틱4개 공동구매가105,600(무료배송)
코인6개+스틱2개 공동구매가105,600(무료배송)
코인2개+스틱6개 공동구매가105,600(무료배송)

🔸자연버섯분말(90g*1통)
1개 공동구매가18,900 / 일반판매가 22,900
3개 공동구매가56,700 / 일반판매가 66,000
6개 공동구매가107,400/ 일반판매가 137,400

📢인터넷주문이 어려우신분들은 문자주문 010-3489-5698로 ""양장금주부 공동구매 주문합니다""하고 문자남겨주시면 친절한 응대와 구매도움을 주실거예요^^

〓오늘의 요리는 “얼큰계란탕”입니다〓
요즘처럼 환절기엔 맑은 하얀계란국보다는 얼큰하고 시원한 대파듬뿍,당면까지넣은 푸짐하고 얼큰한 한그릇 얼큰계란탕이 최곱니다.

[재료]
계란3알
대파1뿌리(80g)
양파1/4개(50g)
당면(불리기전)60g
청양고추2개(선택)
식용유1큰술
들기름1큰술

[계란풀때]
국간장1큰술

[양념]
물6컵(1,200ml)
삼분육수(코인)2~3알
마늘1/2큰술
고춧가루1큰술반
국간장2큰술
참치액2큰술
후추톡톡3번

〓양념계량기준 〓
🥛계량컵200ml
🥄밥수저(큰술)
☕커피수저(티스푼)

📢이 콘텐츠는 ✔양장금주부에서 제작되었으며,해당 콘텐츠와 레시피는 양장금주부채널에서 저작권 보호를 받고 있습니다. 양장금주부채널 콘텐츠의 저작물을 동의없이 무단으로 복사/침해할 경우 저작권법에 의해 처벌 대상이 될 수 있습니다.",2026-03-25T06:00:34Z,"양장금 주부요리,양장금요리,양장금 요리,양장금,양장금 반찬,양장금 찌개,양장금주부 한식,한식 레시피,맛있는 한식 레시피,반찬,맛있는 반찬 만들기,반찬요리,밑반찬,맛있게만드는방법,맛있게만드는 법,집반찬,집밥,혼밥,간단요리,쉬운요리,빠른요리,요리초보,만드는법,자취음식,자취,황금레시피,레시피,오늘의레시피,집밥레시피,밥도둑,국요리,찌개,손님상차림,손님초대요리,요리채널,k food,k-food,korean recipes,koreanrecipe,korean style food,계란탕 레시피,계란국 레시피,계란국 간단 레시피,계란국 황금레시피,계란국 계란 풀기,계란국 레시피 코인육수,계란국 끓이는 법,얼큰계란탕 레시피,어묵국 끓이는 법,김칫국 시원하게 끓이는 법,맛있는 계란국,파육개장 맛있게 끓이는 법,당면듬뿍 얼큰계란탕,콩나물계란국,계란볶이 레시피,계란장 레시피,코인육수 잔치국수,멸치육수",26,ko,PT5M,2d,hd,false,57003,1312,0,71,public,youtube,True,False,"https://en.wikipedia.org/wiki/Food,https://en.wikipedia.org/wiki/Lifestyle_(sociology)",https://i.ytimg.com/vi/ftWu5ceIz1w/hqdefault.jpg,thumbnails/양장금주부/ftWu5ceIz1w.jpg
마녀맘 변미자,UC5gDYne32_mbynL6SbQEE6g,3Q3VCc856T4,해장국집보다 2배 더 맛있는 대박집 황금레시피ㅣ황태해장국,,2026-03-26T01:00:04Z,,22,ko,PT2M5S,2d,hd,false,2060,91,0,7,public,youtube,True,False,"https://en.wikipedia.org/wiki/Food,https://en.wikipedia.org/wiki/Lifestyle_(sociology)",https://i.ytimg.com/vi/3Q3VCc856T4/maxresdefault.jpg,thumbnails/마녀맘변미자/3Q3VCc856T4.jpg
CombleTV,UCKNHPabDTb61BGZZOxP6Epw,bDhZkgNX6TA,La갈비 전처리+수다,"꽁블 스토어팜  : https://smartstore.naver.com/comble2

[꽁블tv 지구촌집밥]
INSTAGRAM https://www.instagram.com/comble0/
BLOG http://www.comble.co.kr/
YOUTUBE  http://www.youtube.com/c/combletv
KAKAO STORY 꽁블/comble
E-MAIL comble2@naver.com

이 영상은 다운로드 및 2차 편집을 금합니다.",2026-02-09T16:01:30Z,"꽁블,comble,집밥,쿠킹클래스,요리,요리레시피,반찬,How to cook,레시피,Recipe introduction,How to eat deliciously,가정식,요리교실",26,ko,PT36M30S,2d,hd,false,875,25,0,2,public,youtube,True,False,"https://en.wikipedia.org/wiki/Food,https://en.wikipedia.org/wiki/Lifestyle_(sociology)",https://i.ytimg.com/vi/bDhZkgNX6TA/maxresdefault.jpg,thumbnails/CombleTV/bDhZkgNX6TA.jpg
J.Marda_제이마르다,UCHz0gSKEDgggYrC5KpYib5g,fzVqISk_SNI,봄맞이 건강 한 상! 제이마르다의 건강식 2종 추천,"안녕하세요 앰버님들~
여러분들의 앰버서더 제이마르다입니다!

이번주 서울 낮 평균 기온이 17도래요..
이제 정말 봄이 왔나봐요

그래서 오늘은 봄에 맛도 건강도
모두 챙길 수 있는 식품 2종을 소개해드리려고 해요 😉

특히 당박사 쌀은 건강 관리를 위한 쌀에 대한 거부감을
완전 없애준 제품이라 평소에 건강 관리에 관심 있으셨던 분들은
한 번 시도해보셔도 좋을 것 같아요!

혹시 엠버님들도 봄이 되면 꼭 챙겨먹는 음식이 있다면
댓글로 많이 알려주세요 ☺️

그리고 동성제약에서 엠버님들만을 위한 시크릿 할인 링크를 만들어주셨어요!
아래 링크를 통해서 당박사 쌀을 30% 할인된 가격으로 구매 가능하다고 하니
관심 있으신 분들 이번 기회에 한 번 드셔보세요 😍

- 당박사쌀 바로 구매하기: https://dseshop.co.kr/product/detail.html?product_no=1073#undefined?utm_source=YT&utm_medium=PPL&utm_campaign=j_marda
- 할인 기간: ~ 3/31(화)

[00:00] 하이라이트
[00:05] 시작
[00:25] 방앗간 청년🙋🏻‍♂️ | 압력으로 쪄서 볶은 쑥 미숫가루 
[03:36] 동성제약 | 당박사쌀 🌾
[08:15] 당박사쌀과 봄맞이 먹방🍚
[12:03] 엔딩

#봄준비 #봄맞이 #건강식 #쌀 #건강

본 영상은 동성제약의 유료광고를 포함하고 있습니다.

📢공지 보러가기
https://www.youtube.com/@제이마르다/community

📢구매처 바로가기
https://shop.srookpay.com/J_Marda_

📢구독하기
https://www.youtube.com/@제이마르다",2026-03-25T10:01:13Z,,26,ko,PT13M6S,2d,hd,false,3784,167,0,54,public,youtube,True,False,,https://i.ytimg.com/vi/fzVqISk_SNI/maxresdefault.jpg,thumbnails/JMarda_제이마르다/fzVqISk_SNI.jpg
재료의 산책,UCzazTkyHgNWm4KYKIivPVDQ,hsBliYOqF3I,"재료의 모험 : 첫 번째, 그릴드 봄나물 치즈 샌드위치","재료의 모험
(feat. PPL의 산책)

첫 번째, 그릴드 봄나물 치즈 샌드위치 

/ 2피스 분량 /
봄나물(여러 가지 섞는 것을 추천) 120g
*영상에서 사용한 나물: 머위, 쑥부쟁이, 유채
치즈 80g
*영상에서 사용한 치즈: 에멘탈, 프로볼로네
빵 4조각
올리브오일 3큰술
홀그레인 머스터드 1큰술
버터 10g
소금, 후추 적당량


1. 봄나물을 흐르는 물에서 세척한다. 무른 부분을 떼어낸다.
2. 프라이팬에 오일을 두르고 중불에서 1의 나물을 가볍게 볶는다. 소금, 후추로 간을 한다.
3. 빵을 썰고 한쪽 면에 버터를 바른다. 2조각은 반대쪽 면에 홀그레인 머스터드를 바른다.
4. 치즈를 얇게 슬라이스한다.
5. 팬에 버터가 아래로 가도록 빵을 2조각 올린 다음 치즈-나물-치즈 순으로 조립한다. 나머지 2조각을 덮어 무거운 것으로 샌드위치를 누른다. 
6. 한 면이 노릇하게 구워지면 뒤집어준다. 양면이 노릇해지면 꺼내어 먹기 좋은 크기로 썬다. 취향에 따라 레몬필을 갈아 올린다.


20260322



Starring ... YONA
Production ... CIC Studio
With the support of ... ?

재료의 모험(feat. PPL의 산책)과 함께할 브랜드를 모집합니다.
With the support of 의 빈자리에 들어오실 분은 yonayonakoh@gmail.com으로 문의주세요. 


___________________________________


📔재료의 산책, 두 번째 이야기 (2025)
: 사계를 담은 사진과 에세이, 37가지의 레시피
https://m.yes24.com/goods/detail/142227708

🍙Instagram 
https://www.instagram.com/yonayonakoh/",2026-03-22T00:00:44Z,,22,ko,PT3M41S,2d,hd,false,3149,187,0,22,public,youtube,True,False,"https://en.wikipedia.org/wiki/Food,https://en.wikipedia.org/wiki/Lifestyle_(sociology)",https://i.ytimg.com/vi/hsBliYOqF3I/maxresdefault.jpg,thumbnails/재료의산책/hsBliYOqF3I.jpg
웅뚜의 미얀마살이 Aungthu in Myanmar,UCr4rTXIfsJhAOaYOq0iBuTQ,o77FRkj7Yjk,နှင်းတွေကြားက ဂျယ်ဂျူခရီးစဉ်!!! ဂျယ်ဂျူရဲ့နာမည်ကြီးဆိုင်ကနေစသွားပါမယ် | 눈 내리는 날 제주 로컬 맛집 태광식당!!!,"နှင်းကျတဲ့နေ့မှာ စထွက်တဲ့ ဂျယ်ဂျူခရီးစဉ်!!
လည်ချောင်းလဲသွားပြီး နေလဲသိပ်မကောင်းပေမယ့် ဂျယ်ဂျူနာမည်ကြီးဆိုင်ကနေစသွားကြည့်ပါမယ်။
ကင်းမွန်ဝက်သားအစပ်ချက်နဲ့ ထမင်းကြော်ထိ!!
눈 내리는 날 출발한 제주 여행!!
목도 완전 가고...몸 상태도 안 좋지만 현지 맛집부터 가봅니다!!
한치+돼지고기 조합에 볶음밥까지!! 

✅️ကိုရီးယားသင်တန်းစုံစမ်းရန်(한국어 학원)
☎️09887777130(Viber) ☎️09887777140(Telegram)
✅️ကြော်ငြာများ/အလုပ်ကိစ္စ(비지니스 문의)📧aungthu7410@naver.com ☎️09772470208(Viber)
✅️미얀마 (골프)여행 문의 카톡: https://open.kakao.com/o/snonc7Lg

🎵Music provided by BGM President
🎵Track : Naptime! - https://youtu.be/3fBloNLBL2Y

#미얀마 #미얀마유튜버 #myanmar #koreanfood #mukbang #미얀마유튜브 #jejuisland",2026-03-25T11:33:09Z,"미얀마,여행,aungthu,웅뚜,myanmar,미얀마 여행,아웅뚜,aungthuinmyanmar,aungthu in myanmar,미얀마 양곤,myanmar yangon,myanmar travel,myanmar trip,myanmar life,미얀마 여자,미얀마 미인,미얀마 미녀,myanmar girl,미얀마 현재 상황,myanmar vlog,myanmar street food,myanmar people,myanmar market,korean mukbang,myanmar mukbang,미얀마어,미얀마어 배우기,미얀마어 회화,미얀마 유튜버,미얀마 최근상황,aung thu in myanmar,미얀마 한국인,mukbang,soju,소주,맥주,beer,미얀마 음식,미얀마 한국인 유튜버,버마,burma,미얀마 골프,미얀마 골프여행,골프여행,미얀마 골프투어,황제여행,동남아여행",24,my,PT8M17S,2d,hd,false,19278,762,0,28,public,youtube,True,False,"https://en.wikipedia.org/wiki/Food,https://en.wikipedia.org/wiki/Lifestyle_(sociology)",https://i.ytimg.com/vi/o77FRkj7Yjk/maxresdefault.jpg,thumbnails/웅뚜의미얀마살이AungthuinMyanmar/o77FRkj7Yjk.jpg
MONGU 몽구,UCwsHvj437e3vHTigMqjdIpA,yA_tK4yEyQ0,4K MUKBANG ASMR | BHC Double PoP Chicken & Cheese Ball BHC 더블팝 치킨 & 치즈 볼,"4K MUKBANG ASMR | BHC Double PoP Chicken & Cheese Ball BHC 더블팝 치킨 & 치즈 볼

📱 My Social Media :

» Instagram - https://www.instagram.com/__mongu___

» TicTok - https://www.tiktok.com/@mongu424

» Facebook - https://www.facebook.com/jung.youngkwan.7

📧For Business Inquiries: yon5642@naver.com




#BHC
#DoublePoP
#cheeseball
#mukbang   
#asmr 
#koreanchicken",2026-03-26T12:01:41Z,"ASMR MUKBANG,ASMR,MUKBANG,BHC,asmr youtube,Double PoP,asmr mukbang,mukbang asmr,Korean chicken,문복희,Chan Sori Asmr,cosy,hongyu,bonggil,Hamzy,zach choi,cheese ball,mongu,몽구,mongu몽구,cheeseball",22,en,PT9M23S,2d,hd,false,643,60,0,8,public,youtube,True,False,"https://en.wikipedia.org/wiki/Food,https://en.wikipedia.org/wiki/Lifestyle_(sociology)",https://i.ytimg.com/vi/yA_tK4yEyQ0/maxresdefault.jpg,thumbnails/MONGU몽구/yA_tK4yEyQ0.jpg
시골오후ohoo,UCx4QGhG6KrJlvRVqVujbSCQ,OjPMOaJI6CI,"40대 시골 여자 일상ㅣ겨울, 그리고 봄ㅣ 삼겹살과 미나리ㅣ봄 맞이 마당정리","#시골 #귀촌 #미나리삼겹살 

오늘은 눈 오는 풍경을 담아봤어요.
마당 정리하고 아부지랑 삼겹살에 미나리!!
항상 놀러와 주셔서 감사합니다!

@시골오후 채널의 모든 영상은 저작권 보호를 받습니다.
무단 도용, 2차 업로드, 다운로드를 금지합니다.

🎵Music provided by 브금대통령
🎵Track : With you - https://www.youtube.com/watch?v=p250Es-cJhI
🎵Track : Falling Snow -  https://www.youtube.com/watch?v=G1tIunm5eWA
🎵Track : In Spring - https://www.youtube.com/watch?v=PCmXxi3PKic
🎵Track : 할머니집 홍시 - https://www.youtube.com/watch?v=EvGxElH-qbM
🎵Track : 여름밤의 꿈 - https://www.youtube.com/watch?v=hC29Vt9u6T0
🎵Track : 여름밤의꿈(브금어게인Ver) -https://www.youtube.com/watch?v=EAdvb1YYKF0
🎵Track : 춘천이었다 -  https://www.youtube.com/watch?v=Vahh-GlTaYA",2026-03-20T09:16:00Z,,22,ko,PT20M7S,2d,hd,false,53742,3926,0,300,public,youtube,True,False,"https://en.wikipedia.org/wiki/Food,https://en.wikipedia.org/wiki/Lifestyle_(sociology)",https://i.ytimg.com/vi/OjPMOaJI6CI/maxresdefault.jpg,thumbnails/시골오후ohoo/OjPMOaJI6CI.jpg
한국시골,UCemmEVQtHZmvCJ0kcIX4cIw,wyTIVLDEeog,"봄 되면 무조건 해먹는 전… 배추전 이렇게 맛있었나요? ✔ 조용한 시골 오후, 배추전 하나로 충분했습니다","#배추 #농사 #한국시골 #전원생활

배추 : 무에 비해 초라한 뿌리가 있고, 그 위로 거대한 꽃과 같은 형태로 잎이 뭉쳐진 형상을 띠고 있다. 몸통은 흰색의 줄기부터 잎으로 올라갈수록 녹색이 된다. 생육기간은 품종에 따라 차이가 큰데, 50일에서 90일 정도다. 아삭한 식감에, 고소하고 은은한 단맛을 갖고 있다. 손질 전 바깥에 둘러싸고 있던 잎들은 질기고 맛이 없다. 배추 뿌리는 작지만 달짝지근하며, 무 향과 맛이 난다.

지금 한국에서 먹는 배추는 우장춘 박사의 품종개량으로 만들어진 배추로, 그 이전의 배추를 보면 절반도 안 되는 둘레를 가진 빈약한 생김새를 가지고 있다.
한편 배추를 무조건 김치로만 먹지는 않는다. 보쌈처럼 배추잎으로도 얼마든지 쌈을 싸먹을 수도 있으며, 국물요리에 넣으면 시원하고 은은한 단맛이 난다. 특히, 된장에 배추를 넣고 끓인 배춧국이 맛이 좋다. 다만 너무 오래 끓이면 특유의 쩐맛이 나니 주의할 것. 배추잎을 각종 장이나 나물류와 함께 겉절이로 해 먹을 수도 있고, 이걸로 비빔밥을 만들어 먹어도 맛있다. 충청도와 경상도 지방에서는 배추전이라고 해서 말 그대로 배추잎을 통째로 넣어 전으로 부쳐먹는다. 제삿상에도 종종 오르는 음식. 잘 알려지지 않은 궁중요리로 배추를 반으로 잘라 틈에 김장용 양념 넣듯이 여러 재료를 집어넣고 육수를 자작하게 부어 쪄먹는 요리도 있었다. 고추를 넣지 않아 담백하고 은은한 단맛이 나는 요리라고 한다. 일본 요리 중에는 이와 비슷한 조리법으로 만드는 밀푀유 나베라는 것이 있다",2026-03-23T09:01:25Z,yt:cc=on,22,ko,PT4M19S,2d,hd,false,142,3,0,3,public,youtube,True,False,"https://en.wikipedia.org/wiki/Food,https://en.wikipedia.org/wiki/Lifestyle_(sociology)",https://i.ytimg.com/vi/wyTIVLDEeog/maxresdefault.jpg,thumbnails/한국시골/wyTIVLDEeog.jpg
방데이지 Bang Daisy,UCcwv7zVVD5Zj4Mylxj9I2EQ,nr9wedSCgKk,퇴근이 무서운 고도비만 다이어터,"*잇더핏의 유료광고를 포함하고 있습니다.

🔗Instagram: https://www.instagram.com/lazzy_daisyy
🔗E-mail: qodrmf29@gmail.com


안녕하세요 방데이지입니다:)

밤티 다이어터 또왔어요😂

여전히 식단 밤티이긴 하지만서도
뭔가 서서히 저의 루틴이 잡혀가고 있는 것 같습니다!!! ㅎㅎ

요즘 운동을 뭘 시작해야하나 엄청 고민하고 있거든요..!
혹시라도 추천해주실 운동 있다면 마구 추천 부탁드려요.. 헤헷 🙇🏻‍♀️

그럼 오늘도 감사합니다 ❤️
다음 영상에서 만나요!


📌잇더핏 쉐이크 천만팩 판매 기념 프로모션 천만페스타 : https://vo.la/N3UryEO
📌단 일주일 동안만!! (3/22-3/28) 

🍀단, 7일 ! 전 제품 무료배송 + ~52% 할인
🍀구매 상품 별 본품 추가 제공 (쉐이크/로슈얼 등)
🍀신규회원 가입 시 24시간 즉시 적용 3,000원 쿠폰
🍀카카오 플러스 친구 추가 시 1,000원 추가 할인 쿠폰
🍀선착순 1,000명 한정 10,000원 쿠폰 지급",2026-03-22T11:02:50Z,"체질검사,살찌는체질,다이어트,고도비만,다이어트브이로그,고도비만다이어트,다이어트방법,체질다이어트,8체질,8체질검사,인바디,다이어트일상,먹방브이로그,봄동비빔밥,뚱뚱한여자,뱃살,급찐급빠,스위치온,살안빠지는이유,비만체질,체질개선,다이어트기록,살찌는이유,초고도비만,초고도비만다이어트,요요극복,다이어트요요,치팅데이,폭식,과식,폭식브이로그,살빼는법,살빼기,다이어트식단,다이어트운동,먹방,과체중,살크업,다이어트실패,다이어트성공,20키로요요",26,ko,PT23M1S,2d,hd,false,28015,645,0,146,public,youtube,True,False,"https://en.wikipedia.org/wiki/Food,https://en.wikipedia.org/wiki/Health,https://en.wikipedia.org/wiki/Lifestyle_(sociology)",https://i.ytimg.com/vi/nr9wedSCgKk/maxresdefault.jpg,thumbnails/방데이지BangDaisy/nr9wedSCgKk.jpg
김복순,UCgw_dr9Y8mZ4uzJLXDVTBSw,u17-7x0x_DI,"마라탕이랑 마라샹궈 같이 먹는 멋진 어른😎 | 곡물도감,21곡서리태가득콩물두유,카카오그래놀라,춘리마라탕,탕화쿵푸마라탕,마라샹궈,꿔바로우,까르보불닭,이탈리아,치즈크러스트수퍼시카고피자","매일 먹어도 매일 생각나는 마성의 곡물도감 두유x그래놀라..🥣
복덩이들을 위한 💗곡물도감 BIG이벤트💗

✅EVENT1 ⭐️쉿! 복덩이 한정 곡물도감 비밀링크 여기서만 만나요⭐️
바닥까지 싹싹 긁어먹은 꼬숩폭발 두유X그래놀라 그 조합 그대로🥰
👉 구매 링크: https://vo.la/B0V1xNI
📅 기간: 3/26(목) ~ 4/2(목)

✅EVENT2 곡물도감 먹고싶은 이유 남기고 두유 받아가자!🫘
영상 좋아요 + “먹고 싶은 이유” 댓글 적고 구글폼 작성까지!
👉https://forms.gle/w84YGNcN5akng4f2A

[유료광고를 포함하고 있습니다.]

00:00 춘리마라탕:셀프마라탕(매운맛3단계+마라2단계)+기본소고기+소고기추가+숙주+청경채+목이버섯+백목이버섯+중국당면2배+분모자+뉴진면+연근분모자+문어피시볼+새우+솔방울오징어추가+꿔바로우(중)+탕화쿵푸마라탕:셀프마라샹궈(사이즈:중+매운맛2단계+마라2단계)+숙주2배+솔방울오징어+중국당면+납작분모자+판다분모자+대왕치즈떡+새우+공기밥추가
09:42 [곡물도감]소개(21곡 서리태 두유x카카오 그래놀라)
10:05 [곡물도감]두유x그래놀라 꿀조합 소개
11:18 [곡물도감]두유 전메뉴+그래놀라 4종 먹방
14:58 [곡물도감]두유 중국당면 파스타(무가당 서리태 두유)
15:10 [곡물도감]두유 중국당면 파스타 먹방
18:34 [곡물도감]17cm 두유 빙수(21곡 서리태 두유x카카오 그래놀라)
18:40 [곡물도감]17cm 두유 빙수 먹방
20:49 이탈리아피자:치즈크러스트수퍼시카고피자(라지)+디핑소스5개추가+까르보불닭3개+치즈추가

🎵Music provided by 브금대통령
🎵Track : 산뜻하게 - https://www.youtube.com/watch?v=r_kIY9P7vAE
🎵Track : My Little Bear - https://www.youtube.com/watch?v=u9-81jfpdsU
🎵Track : Playground - https://www.youtube.com/watch?v=ofYhGhUt0cs
🎵Track : 하나 둘 셋 - https://www.youtube.com/watch?v=wkNnqbtQ25Y
🎵Track : Everyday Picnic - https://www.youtube.com/watch?v=h0HtDfVzIys
🎵Track : 오예 봄이다!! - https://www.youtube.com/watch?v=v6WhPBtAmJg
🎵Track : 딩동당딩동 - https://www.youtube.com/watch?v=XR8FOHqcJks
🎵Track : 빨래끝 - https://www.youtube.com/watch?v=28Tvz6WiNa8&pp=0gcJCR0AztywvtLA
🎵 Track : Koneko-chan - https://www.youtube.com/watch?v=a7U2odoh_Lk
🎵Track : Quiz Time - https://www.youtube.com/watch?v=1qjE0sl1ZcI
🎵Track : Motion Picture - https://www.youtube.com/watch?v=S2JOak2Fdaw
🎵Track : 우아한 나의산책 - https://www.youtube.com/watch?v=i-SqEknyz1Y
🎵Track : 빼빼로 행진곡 - https://www.youtube.com/watch?v=Za84Jmbs5so&pp=0gcJCR0AztywvtLA

#먹방 #먹방브이로그 #mukbang",2026-03-26T08:00:11Z,"yt:cc=on,먹방,먹방브이로그,폭식,폭식브이로그,먹방asmr",22,ko,PT28M50S,2d,hd,true,87401,0,0,387,public,youtube,True,False,"https://en.wikipedia.org/wiki/Food,https://en.wikipedia.org/wiki/Lifestyle_(sociology)",https://i.ytimg.com/vi/u17-7x0x_DI/maxresdefault.jpg,thumbnails/김복순/u17-7x0x_DI.jpg
부산 꿀꿀 부부,UCsobloiFXKwe0shJyG_J_GQ,iQq_AMBtk6Q,유명세만큼 맛있을까? 황리단길 핫플 솔직 리뷰 - 취향가옥,"웨이팅 10팀 실화?! 경주 황리단길 핫플 '취향가옥'에 다녀왔습니다.
방문 전 캐치테이블 앱으로 미리 원격 줄 서기 꼭 하세요! 저희처럼 당황하지 않으시길 바랍니다. 😂
비주얼 폭발하는 소고기 치즈 감자전부터 소갈비찜, 아란치니까지 68,500원 내돈내산 솔직 먹방 리뷰, 영상으로 확인해 주세요! 🍖

0:00 꿀 같은 휴일! 경주 황리단길 주차 꿀팁
0:53 취향가옥 도착 (※캐치테이블 원격 줄 서기 필수)
1:36 가게 내부 분위기 & 메뉴 주문
2:34 68,500원 한 상 차림 등장 (아란치니, 갈비찜, 감자전)
3:08 오늘의 메인, 소갈비찜 먹방 시작!
4:03 겉바속촉 끝판왕! 소고기 치즈 감자전
5:00 호불호 갈릴까? 날치알 아란치니
7:35 갈비찜 양념에 밥 비벼 먹는 본격 먹방
8:31 꿀꿀부부의 내돈내산 솔직 총평 & 별점!

💡식당정보💡
- 취향가옥
- 경북 경주시 포석로1095번길 7
- 0507-1459-1559

🎥 촬영장비
- 오즈모 포켓3

---------------------------------------------------------------------------------------------------------------------------

꿀꿀 부부는
""돼지처럼 잘 먹는다"" 와
""꿀처럼 달달한"" 부부라는
이중적인 뜻입니다!

분쟁유발, 비하, 어그로 및 선넘는 댓글은 삭제됩니다.

문의/광고 : usin1986@naver.com
인스타 : https://www.instagram.com/kkulkkul_busan

#경주맛집 #황리단길맛집 #경주황리단길맛집 #취향가옥 #경주여행 #황리단길 #내돈내산 #솔직리뷰 #부산꿀꿀부부 #부부유튜버",2026-03-22T22:30:21Z,"경주맛집,황리단길맛집,취향가옥,경주황리단길맛집,경주핫플,황리단길핫플,경주취향가옥,경주여행,경주가볼만한곳,소갈비찜,갈비찜맛집,감자전,치즈감자전,아란치니,황리단길밥집,경주웨이팅맛집,경주데이트,내돈내산,솔직리뷰,먹방,맛집탐방,맛집브이로그,부부유튜버,부산꿀꿀부부,꿀꿀부부,mukbang,koreanfood,gyeongju,황리단길",19,ko,PT9M56S,2d,hd,false,1064,4,0,2,public,youtube,True,False,"https://en.wikipedia.org/wiki/Food,https://en.wikipedia.org/wiki/Lifestyle_(sociology)",https://i.ytimg.com/vi/iQq_AMBtk6Q/maxresdefault.jpg,thumbnails/부산꿀꿀부부/iQq_AMBtk6Q.jpg
얌코리아 YumKorea,UCdB_o5jXGuCVL_Zj7CRAhVg,qODpA2tSv4I,일반 감자탕과는 전혀 다른 맑고 깔끔한 국물! 50년 노포 맛집에서 등뼈+라면사리+볶음밥까지 쓰리코스로 제대로 즐기고 왔습니다.,"채널 멤버쉽에 가입하고 전용 혜택을 누려보세요!
https://www.youtube.com/channel/UCdB_o5jXGuCVL_Zj7CRAhVg/join

👨🏾‍🍳오늘은 백악관 셰프, 셰프러쉬 님과 함께 50년 전통 감자탕 맛집에 다녀왔어요!

📍일미집 - 서울특별시 용산구 후암동 후암로 1-1

📨 셰프러쉬 섭외 및 채널 비지니스 문의 :
팀코리아나이즈(백악관 셰프 Andre Rush 공식 소속사)
team.koreanize@gmail.com 

👨🏾‍🍳""Chef Rush SNS:
Instagram: @realchefrush
Twitter/X: @realchefrush
TikTok: @chefrush
Facebook: Chef Andre Rush
Official Website: chefrush.com",2026-03-22T02:38:49Z,"감자탕,감자탕 맛집,노포 맛집,서울 노포 맛집,외국인 먹방,해외 먹방,해외 반응,외국인 한식,해외 한식,한식 맛집,용산 맛집",24,ko,PT18M41S,2d,hd,false,58866,1411,0,189,public,youtube,True,False,"https://en.wikipedia.org/wiki/Food,https://en.wikipedia.org/wiki/Lifestyle_(sociology)",https://i.ytimg.com/vi/qODpA2tSv4I/maxresdefault.jpg,thumbnails/얌코리아YumKorea/qODpA2tSv4I.jpg
꿀키honeykki,UCvQPUPoMK0Smj-OHeUe9SEw,JeTQ0q46pBM,"육즙터지는 길거리 만두, 성젠바오","오늘의 메뉴는 성젠바오입니다. 요즘 SNS에 이 만두가 많이 보이더라고요. 먹고 싶은데, 집 주변에 파는곳이 없어서 한번 만들어 봤습니다. 속은 육즙이 가득하고, 바닥은 바삭하고, 윗면은 찐빵같은것이 특징입니다. 

육즙이 가득한 만두라 한 입 베어부면 팡! 하고 터질 수 있으니 조심해서 먹어야 합니다. 쌀쌀할 때 먹기 좋으니 한번 만들어 보세요.

INSTAGRAM @honey_kki
E-MAIL honeykki@andrabbit@naver.com

이 영상의 다운로드 및 2차 편집을 금지합니다.

✔ Music provided by 셀바이뮤직
🎵 Title : 바람의 왈츠 by 데이바이피아노
https://sellbuymusic.com/md/mgwfwhc-ynkbhth",2025-11-02T12:22:01Z,"꿀키,k-food,korean food,cooking,baking,foodporn",26,ko,PT9M18S,2d,hd,true,45786,1343,0,55,public,youtube,True,False,"https://en.wikipedia.org/wiki/Food,https://en.wikipedia.org/wiki/Lifestyle_(sociology)",https://i.ytimg.com/vi/JeTQ0q46pBM/maxresdefault.jpg,thumbnails/꿀키honeykki/JeTQ0q46pBM.jpg
다비나,UCT-tI_HRDfeJ0iV-10DQIfw,X6XD4RmvgdM,나는 울고 남친은 웃고 힐링하러 떠난 부산 글램핑 여행,#커플 #여행 #부산,2026-03-22T11:23:34Z,,24,ko,PT9M45S,2d,hd,false,2478,44,0,34,public,youtube,True,False,"https://en.wikipedia.org/wiki/Food,https://en.wikipedia.org/wiki/Lifestyle_(sociology),https://en.wikipedia.org/wiki/Tourism",https://i.ytimg.com/vi/X6XD4RmvgdM/maxresdefault.jpg,thumbnails/다비나/X6XD4RmvgdM.jpg
엄마의 요리백과,UCyUH1C9_ozagToXDxgGjFGg,8V923S6xj_o,"당면은 잡채 말고 이렇게 만들어보세요, 놀라운 맛입니다 👍 멈출 수 없는 마성의 맛으로 더 이상 과자 사 달라 얘기를 안 합니다 !","#당면 #당면과자 #요리 

 안녕하세요 ~^^
오늘은 과자보다 10배 맛있고 안심하며 먹을 수 있는
정말 맛있는 당면 과자를 만들어보았습니다 😊
멈출 수 없는 양념 가루가 입혀진 바삭바삭한 당면의 맛에
아이도 어른도 더 이상 과자 사 달라 얘기를 안 합니다 👍


👏 '엄마의 요리백과' 밴드에 방문해보세요 🍀
https://band.us/band/92300370

--

🍀  이 콘텐츠는 '엄마의 요리백과' 채널에서 제작하였으며 
이 영상과 레시피는 저작권법의 보호를 받고 있습니다. 🍀
❗️이 영상과 레시피의 무단 도용 및 재편집, 업로드를 금지합니다 ❗️

--

 * 1스푼 15ml, 1티스푼 5ml 계량스푼을 사용했습니다.
( 일반 밥숟가락의 경우 1스푼이 9ml ~ 12ml 입니다. ) 


-재료

자른 당면 100g

고운 고춧가루 1과2/3스푼
마늘가루 1스푼
소금 2/3스푼
설탕 2/3스푼


🍀 오늘도 맛있는 요리와 함께 건강하고 행복한 하루 되세요 🍀",2026-03-22T16:05:07Z,"당면,당면과자,요리,당면요리,당면레시피,잡채,잡채레시피,당면활용요리,황금레시피,레시피,당면황금레시피,과자만들기,홈메이드,홈메이드과자,과자,건강식,건강요리,몸에좋은,간식,아이간식,술안주,밥반찬,반찬메뉴,밑반찬메뉴,반찬,밑반찬,집밥,집밥메뉴,쉬운요리,자취요리,반찬만들기,밑반찬만들기,도시락반찬,도시락,recipe,kfood,당면활용요리레시피",22,ko,PT3M50S,2d,hd,false,12918,155,0,3,public,youtube,True,False,"https://en.wikipedia.org/wiki/Food,https://en.wikipedia.org/wiki/Lifestyle_(sociology)",https://i.ytimg.com/vi/8V923S6xj_o/maxresdefault.jpg,thumbnails/엄마의요리백과/8V923S6xj_o.jpg
와인 좀 한해,UCsTjitDbkUW20H3U20ITqaw,gaTvw1sQYbU,바로 이 맛 아입니까~! 레드와인 취향 찾기 | 3~5만 원대 나라별 대표 품종 [와인좀한해],"#한해 #허경환 #와인 #와인추천 #와인리뷰 #와인좀한해 

[와인]
- 루이 라뚜르 부르고뉴 피노 누아 (프랑스)
- 캔달 잭슨 빈트너스 리저브 피노 누아 (미국)
- 빌라 안티노리 키안티 클라시코 리제르바 (이탈리아)
- 보데가스 란 레세르바 2018 (스페인)
- 까테나 자파타 까테나 말벡 (아르헨티나)
- 캔달 잭슨 빈트너스 리저브 카베르네 소비뇽 (미국)
- 샤또 라하예 생떼스테프 (프랑스)

좋아요👍 댓글💛

※지나친 음주는 뇌졸중, 기억력 손상이나 치매를 유발합니다. 임신 중 음주는 기형아 출생 위험을 높입니다.※",2026-03-26T10:00:00Z,,24,ko,PT25M18S,2d,hd,false,10373,326,0,59,public,youtube,True,False,"https://en.wikipedia.org/wiki/Food,https://en.wikipedia.org/wiki/Lifestyle_(sociology)",https://i.ytimg.com/vi/gaTvw1sQYbU/maxresdefault.jpg,thumbnails/와인좀한해/gaTvw1sQYbU.jpg
인천맛집상륙작전,UClsLP659P7Vhc1qQoo9vE3A,nMYbFwnQ-kw,"직접 만든 폴드포크를 아낌 없이 올려주는맛, 분위기, 가성비까지 잡은 타코 맛집","1. 제 개인적인 입맛으로 소개하는 영상입니다.
2. 방문 시 인터넷 리뷰를 추가로 참고 하시는 걸 추천 드립니다.
3. 유료 광고 표시가 없는 건 전부 내 돈 내산 혹은 일행한테 구걸해서 비용 지불 후 먹은 영상입니다.
4. 구독, 좋아요, 알림 설정 해주시면 감사하겠습니다
5. 시청해 주셔서 감사합니다
문의 : rbang@naver.com 

코너스타코
인천 서구 청라동 96-8
0507-1409-2101
토,일
11:00 - 22:00
21:30 라스트오더
화-금
11:00 - 22:00
14:30 - 16:00 브레이크타임
14:00, 21:30 라스트오더
월
정기휴무 (매주 월요일)


#데이트추천
#타코맛집
#taco
#코너스타코",2026-03-25T09:01:05Z,"인천맛집,청라맛집,서구맛집",26,ko,PT6M13S,2d,hd,false,1225,34,0,10,public,youtube,True,False,"https://en.wikipedia.org/wiki/Food,https://en.wikipedia.org/wiki/Lifestyle_(sociology)",https://i.ytimg.com/vi/nMYbFwnQ-kw/maxresdefault.jpg,thumbnails/인천맛집상륙작전/nMYbFwnQ-kw.jpg
빈스푸드 Bin's Food,UChu1vY_Mb0XVpfkruXoaiWg,KaRx-imfULw,"""오늘 야식은 순대다~!""마장동 큰손 종필엄마부터 인천 팔천순대까지!군침이 싹도는 순대 영상 몰아보기!/sundae/Korean Street food","오늘 야식은 순대다~!마장동 큰손 종필엄마부터 인천 팔천순대까지!군침이 싹도는 순대 영상 몰아보기!/sundae/Korean Street food

-항상 발로 뛰어다니는 빈스푸드 입니다^^
  영상을 재밌게 보셨다면 구독과 좋아요로 힘을 주세요^^
  (It's Bin's Food, always running on its feet^^
  If you enjoyed the video, please subscribe and like^^)

-Bin's Food 구독 : https://bit.ly/3iIGSEH

-[information]

00:00:00 종필엄마족발

00:16:31 팔천순대 구월모래내시장점

00:28:03 팔천순대전문 인천대리점


-위의 영상은 유료광고를 포함하고 있지 않습니다!

-E-Mail(촬영문의) : binsuk@hanmail.net

-카카오톡(촬영문의) : https://open.kakao.com/o/s7wAZoje

#종필엄마족발 #팔천순대 #순대맛집",2026-03-26T11:00:29Z,"종필엄마족발,종필엄마,팔천순대,순대,순대 맛집,팔천순대 맛집,순대 영상,순대 몰아보기,빈스푸드,빈스푸드 순대,한국길거리음식,sundae,Korean Street food,빈스푸드 종필엄마,족발,빈스푸드 몰아보기,끼룩푸드,찐푸드,푸디랜드",24,ko,PT40M34S,2d,hd,false,2061,51,0,3,public,youtube,True,False,"https://en.wikipedia.org/wiki/Food,https://en.wikipedia.org/wiki/Lifestyle_(sociology)",https://i.ytimg.com/vi/KaRx-imfULw/maxresdefault.jpg,thumbnails/빈스푸드BinsFood/KaRx-imfULw.jpg
푸드에이전트,UC8YJM-QOD3deUqOQZHKgnhw,qQm5u1lWArM,전국 3개 남은 자연별곡이 다시 부활했습니다!,"🍔레이지고메클럽 인터뷰 신청
contact@lazygourmet.club

🍀매장 : 자연별곡 가든파이브점
🍀주소 : 서울 송파구 충민로 66 NC백화점 송파점 영관 7층
🍀네이버 플레이스 : https://naver.me/xfaRk5ZR

🍟제보 받고 직접 가본 집만 올립니다!
🍟입맛에 따라 안맞을 수도 있습니다.
🍟레이지고메클럽 커뮤니티 홀더 추천 맛집도 올라옵니다!
*매장에서 식사권을 제공받고 촬영했습니다*

#맛집 #서울맛집 #food #자연별곡 #뷔페 #정자역맛집 #정자역 #뷔페 #뷔페리뷰",2024-07-24T13:30:25Z,,19,ko,PT10M41S,2d,hd,false,51676,391,0,68,public,youtube,True,False,"https://en.wikipedia.org/wiki/Food,https://en.wikipedia.org/wiki/Lifestyle_(sociology)",https://i.ytimg.com/vi/qQm5u1lWArM/maxresdefault.jpg,thumbnails/푸드에이전트/qQm5u1lWArM.jpg
발효공방,UCs9EeGC_mA7Wz-eGiyOPCpQ,n8KfzaFN1uY,상큼하고 향긋한 봄미나리 무침은 이렇게~ 한 번 먹기에 딱 좋아,"상큼 향긋하게 입 맛 돋우는 미나리 무침~
봄 미나리에 사과나 제주무, 양파를 함께 무치면 훨씬 식감 좋은 미나리무침이 됩니다",2026-03-26T05:41:57Z,"미나리,미나리무침,봄미나리,향긋한 미나리,미나리겉절이,미나리 나물",26,ko,PT2M40S,2d,hd,false,263,15,0,0,public,youtube,True,True,"https://en.wikipedia.org/wiki/Food,https://en.wikipedia.org/wiki/Lifestyle_(sociology)",https://i.ytimg.com/vi/n8KfzaFN1uY/maxresdefault.jpg,thumbnails/발효공방/n8KfzaFN1uY.jpg
째링,UCb2wQgdDmoAbLdiBpJ8Ruiw,a3uxxYZYBJs,먹방브이로그⌇치즈듬뿍 레전드 왕뚜껑국물라볶이+연어초밥20개•BBQ황금올리브 반반+삼양라면 해장•아구수육에 빠진요즘•집밥먹고 왕사남보는 엄미새데이트•스타벅스신메뉴추천 MUKBANG,"instagram : @cheleess_
📩 : cheleess@sandboxnetwork.net


00:00 [Day1] BBQ황올반반+라면해장
7:38 [Day1] 왕뚜껑 국물라볶이+연어초밥 20p
14:41 [Day1] 스타벅스 신메뉴
15:25 [Day2] 엄마집밥먹방
22:27 [Day2] 엄마랑 왕사남
23:30 [Day2] 돈튀기는집 아구수육
27:46 [Day3] 신마산아구찜 아구수육",2026-03-26T06:00:01Z,#kfood #mukbang #koreamukbang #koreanmukbang #asmr #eatingshow #koreanfood #먹방 #먹방브이로그 #일상먹방브이로그,22,ko,PT30M7S,2d,hd,false,77708,1036,0,154,public,youtube,True,False,"https://en.wikipedia.org/wiki/Food,https://en.wikipedia.org/wiki/Lifestyle_(sociology)",https://i.ytimg.com/vi/a3uxxYZYBJs/maxresdefault.jpg,thumbnails/째링/a3uxxYZYBJs.jpg
나진Najin,UC7KrS6xya8Tl8OeDVhf5sIQ,T4hMrr2ZwdE,챙길 건 다 챙기는 리얼 직장인 일상 🌿 화장하고 머리하고 도시락까지 싸기 (feat. 점심 뇸뇸),"#도시락
#브이로그
#일상
#쌩얼
#점심
#vlog
#Lunchbox
#Lunchtime",2026-03-15T12:00:55Z,"yt:cc=on,NAJIN,MUKBANG,EATING,KOREAN FOOD,먹방,vlog,브이로그,먹방브이로그,일상브이로그,house story,브이로그먹방,Eating show,talk show,talk,집,일상,일상이야기,요리,cooking,점심,lunch,lunch box,도시락,미화원,Bean rice,콩밥,저당밥솥,rice,Steamer,찜기,손마사지기,hand massager,화장,makeup,cremation,헤어,Hair,직장,rectal,계란찜기,미니찜기,미니밥솥,전자렌지밥솥,틴트,서리태,검은콩,삶은달걀,Lunch time,Hairstyle,steamed eggs,Steamed Carrots,화장하는법,화장품 추천,화장품,도시락 만들기,도시락 반찬,도시락 브이로그,도시락 먹방,도시락통,도시락 싸기,k beauty,k beauty makeup,자취생,자취생 브이로그,직장인 브이로그,직장인 도시락",22,ko,PT15M46S,2d,hd,true,26673,1244,0,182,public,youtube,True,False,"https://en.wikipedia.org/wiki/Food,https://en.wikipedia.org/wiki/Lifestyle_(sociology)",https://i.ytimg.com/vi/T4hMrr2ZwdE/maxresdefault.jpg,thumbnails/나진Najin/T4hMrr2ZwdE.jpg
손맛할머니 sonmat,UCM8I0fLEuue4wvyk19EVBwA,ChDDaUcQBO8,"형! 야외에서 떡볶이에 소주 한잔 할까? (왕떡볶이, 라면 먹방) Korean Giant Tteokbokki & Ramen Mukbang","** 자막을 켜면 요리 재료를 알수 있어요 **
** 레시피는 여기에 있어요 **
▶손맛할머니 시골살이 두번째 채널로 가기 (sonmat life) ↓↓↓
youtube.com/@sonmatlife
00:00 일상
05:28 요리
07:50 먹방
매주 목요일, 일요일 저녁 9시
메일주소 : feltboy@naver.com

[왕 떡볶이]
1. 대파 2대 반 갈라 4~5cm 길이로 썰어 놓고
2. 어묵 3장 먹기좋게 썰어 놓고
3. 가래떡 2팩 준비해 놓고
4. 팬에 식용유 두르고 고추장 2큰술, 간장 2큰술, 설탕 2큰술 넣고 중불에서 보글보글 끓어 오르면
5. 여기에 물 3컵 부어서 풀어준 다음 고춧가루 3큰술, 물엿(조청) 3큰술, 굴소스 2큰술, 후추 7~8번 넣고 섞어놓고
6. 떡 넣고 어묵, 대파 한쪽에 넣고 약불로 은근히 졸여주는데 떡이 눌러붙지 않게 주걱으로 중간중간 떼어주고
7. 양념이 걸쭉해질때까지 졸여주면 완성",2026-03-26T12:00:27Z,"yt:cc=on,형제먹방,야외먹방,떡볶이에소주,왕떡볶이,떡볶이먹방,라면먹방,분식먹방,길거리음식,집밥먹방,시골먹방,손맛할머니,소주한잔,매콤한먹방,한식먹방,korean giant tteokbokki,tteokbokki mukbang,ramen mukbang,korean street food,korean spicy food,outdoor mukbang,korean home food mukbang,countryside korean food",22,ko,PT18M28S,2d,hd,true,54026,3641,0,245,public,youtube,True,False,"https://en.wikipedia.org/wiki/Food,https://en.wikipedia.org/wiki/Lifestyle_(sociology)",https://i.ytimg.com/vi/ChDDaUcQBO8/maxresdefault.jpg,thumbnails/손맛할머니sonmat/ChDDaUcQBO8.jpg
빵야TV,UCPpSG1fTjURODZvlfsYuE9A,3aaHEbZBwEM,한치낚시 올해 심상치않습니다!!  벌써부터 이렇게 나온다고?!,"비지니스 💌 Instagram : @angler_teagong


🙏🏻 본 영상과 관련 없는 댓글, 보는 사람들에게 불편함을
 줄 수 있는 댓글은 삭제된다는 점 양해 부탁드립니다.

* I need your help to add subtitle for this video. If you can help me, 
please go to the link below and participate in making subtitles.

#한치낚시 #한치채비 #한치에기 #마카라삼봉에기
 #갑오징어낚시 #쭈꾸미낚시 #문어낚시
 #마카라에기 #낚시 
 #빵야tv #빵야 #선상낚시
 #태공이  #낚시동영상 
#실시간급상승",2026-03-24T09:00:06Z,,24,ko,PT14M7S,2d,hd,false,18184,401,0,41,public,youtube,True,False,"https://en.wikipedia.org/wiki/Hobby,https://en.wikipedia.org/wiki/Lifestyle_(sociology),https://en.wikipedia.org/wiki/Pet",https://i.ytimg.com/vi/3aaHEbZBwEM/maxresdefault.jpg,thumbnails/빵야TV/3aaHEbZBwEM.jpg
장사왕 임사부,UCBcjbe_WgoawLG53Ulb6npQ,rTm1oSvgimU,제가 다 말씀드리겠습니다... 대한민국 카페시장의 유일한 회생방안,"안녕하세요 장사왕 임사부입니다

한국에선 카페가 10만 점포가 넘는다고 합니다
하지만 이런 과잉 경쟁 속에서 수많은 카페들이 문을 닫고 있는데요

과연 오래도록 카페를 운영하고 싶다면 어떻게 해야 할까요?
오늘 그 방안들에 대해서 이야기 해보겠습니

--

🍚 임사부 샵인샵 문의를 원하시는 분이라면? 
https://www.limsaboo.com/?utm_source=... 

🍚 임사부 샵인샵에 대해 더 자세한 정보를 알고싶다면?
https://www.youtube.com/@임사부샵인샵임태현/videos  

🍚 저의 임사부샵인샵 '운영 철학'이 궁금하시다면?
https://blog.naver.com/e2236/223305761934

--

#자영업 #맛집 #배달 #장사 #카페",2026-03-26T12:01:32Z,"임사부,맛집,대박집,식당,장사,자영업,장사성공,창업,샵인샵,컨설팅,매출,쿠팡이츠,폐업,경기도,카페,커피,빵,베이커리,베이커리 카페,일본,스타벅스,대형카페,도토루,일본 커피",26,ko,PT11M40S,2d,hd,false,919,32,0,4,public,youtube,True,False,https://en.wikipedia.org/wiki/Food,https://i.ytimg.com/vi/rTm1oSvgimU/maxresdefault.jpg,thumbnails/장사왕임사부/rTm1oSvgimU.jpg
쿡피아 Cookpia,UCyn7aoxdLNDZG2ZXXLoVCNQ,K5ql8pQcKaM,봄맞이 냉장고 털이 해보세요~ 냉털채소스프,"#냉털채소스프 #이보은 #집밥레시피

이보은의 요리비법 Ep.370
냉털채소스프

[준비재료]
애호박 1/2개(150g), 당근 1/3개(100g), 
쇠고기 등심 200g, 방울토마토 20개, 마늘 5개, 
양파 1개, 무염버터 2큰술, 올리브오일 2큰술, 
쪽파 송송 썬 것 1/2컵 

(스프양념)
생수 6컵, 네모커리 1개(25g), 고춧가루 1큰술, 
진간장 2큰술, 맛술 2큰술, 소금1/2작은술, 
통후춧가루 곱게 빻은 것 1/2작은술

*1큰술=15cc, 1컵=200cc
===================================
00:00 - 오프닝 
00:33 - 재료소개 및 애호박, 당근 썰기
01:31 - 양파, 방울토마토, 마늘 썰기
03:02 - 쇠고기 등심 두드려 썰기
03:53 - 올리브오일, 무염버터 넣어 볶기
04:21 - 당근, 애호박, 고춧가루 넣어 볶기
05:12 - 방울토마토, 네모커리, 진간장, 맛술, 생수 넣어 끓이기 
06:51 - 쪽파, 소금, 후추 넣기
07:07 - 시식 및 끝인사
-----------------------------------------------
인스타 : https://www.instagram.com/shfk1212/?h......
카카오스토리 : https://story.kakao.com/ch/cookpia

[방송 출연]
화요일 아침 8시 채널 A 행복한아침
--------------------------------------------------------------

#요리연구가​​​​​​​​​​​​​​​​​​​​  #쿠킹클래스 
#마녀스프 #채소스프 #다이어트 #건강식단
#쉬운요리​​​​​​​​​​​​​​​​​​​​​ #엄마요리​​​​​​​​​​​​​​​​​​​​​​​​​​​​​​​​​​​​​​​​​ #제철요리 #쉬운반찬 
#요알못​​​​​​​​​​​​​​​​​​​​​ #자취생요리​​​​​​​​​​​​​​​​​​​​​ #자취​​​​​​​​​​​​​​​​​​​​​ #초보주부​​​​​​​​​​​​​​​​​​​​​ #신혼요​​리",2026-03-26T00:00:21Z,"이보은,잘차린한끼,레시피,푸드,요리,한식,레서피,반찬,집밥,집반찬,엄마,손맛,비결 쿡파아,cookpia,cooking,food,korean,cuisine,howtocook,foodstylist,foodclass,recipe,#집밥",26,ko,PT8M56S,2d,hd,false,1910,113,0,9,public,youtube,True,False,"https://en.wikipedia.org/wiki/Food,https://en.wikipedia.org/wiki/Lifestyle_(sociology)",https://i.ytimg.com/vi/K5ql8pQcKaM/maxresdefault.jpg,thumbnails/쿡피아Cookpia/K5ql8pQcKaM.jpg
빅마마 이혜정,UCycoO2a67TSy0U_KshISieQ,mnfuyerRUpc,70평생 처음입니다 빅마마가 앞치마 던지고 춤판 벌인 이유! #챌린지 #댄스 #아웅다웅,"안녕하세요, 이혜정입니다.
제가 이번에 정말 큰마음 먹고 사고(?) 한 번 쳤습니다!
70 평생 처음으로 댄스 챌린지에 도전해 봤는데요.

엄청난 경력을 가진 최고의 댄스 선생님을 모시고 야심 차게 시작했지만...
박자 맞추는 게 왜 이렇게 어려운가요? 😂
분명 머리로는 알겠는데, 몸이랑 마음이 따로 놀아서 정말 혼쭐이 났답니다.

과연 제가 끝까지 포기하지 않고 챌린지를 성공했을까요?
저의 좌충우돌 첫 댄스 도전기, 영상으로 확인해 주세요!
여러분도 보시면서 크게 한 번 웃으시고, 오늘도 맛있는 하루 되세요~",2026-03-25T09:01:07Z,#챌린지 #댄스 #아웅다웅 #도전,22,ko,PT14M26S,2d,hd,false,3715,98,0,5,public,youtube,True,False,"https://en.wikipedia.org/wiki/Hobby,https://en.wikipedia.org/wiki/Lifestyle_(sociology)",https://i.ytimg.com/vi/mnfuyerRUpc/maxresdefault.jpg,thumbnails/빅마마이혜정/mnfuyerRUpc.jpg
윤숙희 YunSuki 혼술하는여자,UC9tS7GAw9w_AnhLbgldCWow,e9ivDUDALg4,낄낄 여기는 아무도 몰랐을걸? 삘 받아서 2차까지.. 오늘은 여기 눕습니다,"E-mail▶  yun-yullia@daum.net
인스타그램▶ yunsuki_suki
감사합니다♬
Music provided by BGM president",2026-03-23T13:23:12Z,"혼술유튜버,혼술먹방,먹방,혼술다큐미짱,리얼리티먹방,mukbang,혼술녀,혼술다큐,혼술하는여자,eating show,리얼먹방,soju mukbang,소주,혼술,혼술유튜브,술방,소주먹방,혼술안주,alcohol mukbang,mukbang korean,mukbang korean food,モッパン,モクバン,asmr mukbang,Mukbang asmr,참이슬,soju,焼酎",22,ko,PT21M28S,2d,hd,false,98384,3204,0,202,public,youtube,True,False,"https://en.wikipedia.org/wiki/Food,https://en.wikipedia.org/wiki/Lifestyle_(sociology)",https://i.ytimg.com/vi/e9ivDUDALg4/maxresdefault.jpg,thumbnails/윤숙희YunSuki혼술하는여자/e9ivDUDALg4.jpg
봄날의풍경🌸,UCqW6T6EET_RwXOUEWnNfsUQ,mrU3ELgUSCs,4기 암 환자 이야기 | 추운 겨울이 지나고 나의 발 걸음도 조금은 가벼워 진듯하다 ,"안녕하세요:)
아직 밤에는 바람이 차갑습니다
완연한 봄이 오기전 감기 걸리시는 분들도 많이 계시더라고요 😷
우리 모든 님들 건강 잘 챙기셔요 
한주도 행복 가득 좋은일만 가득 하시기를 바랍니다 😊

#유튜브하는암환자 #4기암환자이야기 #암센터 #암전이 #50대암환자 #뼈전이 #암환자이야기 #항암중 ##호르몬수용체양성 #항호르몬제 #유방암 #다발성뼈전이 #항암약 #엑스지바 #4기암 #유방암초기#유방암수술 #졸라덱스 #8년차항암중 #전이암 #항암부작용 #통증 #암성통증 #유방암브이로그 #뼈전이환자유튜브 #뼈전이 통증 #암환자일상 #암환자브이로그",2026-03-23T13:01:21Z,,22,en,PT6M16S,2d,hd,false,666,0,0,113,public,creativeCommon,True,False,"https://en.wikipedia.org/wiki/Food,https://en.wikipedia.org/wiki/Health,https://en.wikipedia.org/wiki/Lifestyle_(sociology)",https://i.ytimg.com/vi/mrU3ELgUSCs/hqdefault.jpg,thumbnails/봄날의풍경/mrU3ELgUSCs.jpg
광마니,UCysVk8dzvSydsFklSu96HSg,W45KTPh3NRU,"사장님 경악! ""혼자 가능하다고?!"" 37년 전통 동네 중국집 짜장면 폭풍 먹방!","▼광마니 호출하기▼
E-mail : Kwangmanito@naver.com
Instagram : Kwangmanito

▼촬영 이야기▼
유튜브 시청자 여러분, 마니또 친구들 오늘도 열심히 사시느라 수고 많으셨습니다.
마니마니 광마니입니다~^^

오늘 방문한 곳은 경기도 안양시 만안구 박달동에 위치한 중화요리 전문점 '온양반점'입니다.
사장님 부부께서 37년 동안 안양 박달동을 지켜 온 중식당인데요.

길을 걷다가 외관만 봐도 들어가 보고 싶은 동네 노포 중국집이었습니다.
요새 짬뽕 잘하는 집, 탕수육 잘하는 집은 많이 가봤었는데 유독 짜장면 잘하는 집은 드물다고 느꼈는데요.
온양반점은 다른 음식도 맛있었지만 짜장면이 특히나 맛있어서 여러 종류의 짜장면을 맛보았습니다.
게다가 향수를 자극하는 케첩 소스의 옛날 탕수육도 먹으면서 감탄을 몇 번이나 했는지 모릅니다. 어허헣
바지락이 듬뿍 들어간 짬뽕은 술을 먹지 않아도 해장이 되는 것 같이 정말 시원하고 개운한 맛이었고, 기름에 튀겨진 듯한 계란프라이가 올라간 볶음밥도 꿀떡꿀떡 너무 맛있게 먹었습니다.

배달을 하지 않는 중식당이라 직접 가서 먹을 수밖에 없는 곳이었고요.
다음에 방문하게 되면 가족들과 함께하고 싶다는 생각이 들었던, 속이 편안하고 친절했던 온양반점이었습니다.

촬영을 허락해 주시고 식사 내내 친절하게 응대해 주신 사장님 부부께 감사함을 느낍니다.
오늘도 여러분 덕분에 유튜브를 할 수 있다는 사실에 하루하루 행복을 느끼며 지내고 있습니다.

1일 1광 잊지 마시고 오늘도 끼니 거르지 마시고 마니 마니 드세요.
늘 초심 잃지 않는 제가 되도록 노력할게요. ^^

#짜장면 #간짜장 #삼선짜장 #해물짬뽕 #탕수육 #볶음밥 #중국집 #대식가 #푸드파이터 #먹방 #mukbang #atingshow #foodfighter #foodchallenge

■ 온양반점
ㆍ경기도 안양시 만안구 박달로497번길 30 (박달동 103-2)
ㆍ매일 오전 11시 30분 ~ 오후 7시 (주말은 오후 7시 30분까지, 매주 화요일 정기휴무)
ㆍ0507-1426-1513

■ 가격
ㆍ짜장면 7,000원
ㆍ짬뽕 8,000원
ㆍ우동 8,000원
ㆍ간짜장 8,000원
ㆍ볶음밥 8,000원
ㆍ삼선짜장 12,000원
ㆍ탕수육(소) 20,000원
ㆍ군만두 7,000원
 ※ 곱빼기 1,000원 추가

■ 사용 장비 목록
ㆍ카메라 : 미러리스 캐논 RP, 캐논 M50
ㆍ렌즈 : 캐논 RF 15-35mm F2.8L IS USM, 캐논 EF-M 11-22mm  F4-5.6 IS STM
ㆍ휴대폰 : Galaxy S23 Ultra, Galaxy S10+, Galaxy S10, 아이폰16
ㆍ미니 삼각대 : 조비 고릴라포드 (JOBY GORILLA POD + 볼헤드 1K, 3K)
ㆍ큰 삼각대 : 레오포토 LX-225CT + XB32Q 10X 카본삼각대 트래블러
ㆍ오디오 : 녹음기(소니 ICD-TX650)
ㆍ편집 : 맥북프로 2021 16인치(파이널 컷), 삼성 오디세이(프리미어), 근성

■ BGM
ㆍBlue Ribbons - TrackTribe
ㆍHeavenly - Aakash Gandhi",2026-03-26T13:15:06Z,"먹방,짜장면 먹방,짬뽕 먹방,탕수육 먹방,중식 먹방,중국집 먹방,짜장면,유니짜장,삼선짜장,간짜장,짬뽕,해물짬뽕,바지락짬뽕,오징어짬뽕,우동,볶음밥,탕수육,케첩탕수육,옛날탕수육,맛집,동네 맛집,안양 맛집,안양 중국집,안양 중식당,안양 노포 중국집,안양 노포 중식당,안양 짜장면 맛집,안양 짬뽕 맛집,안양 우동 맛집,안양 탕수육 맛집,박달동 맛집,박달동 중국집,박달동 중식당,박달동 노포 중국집,박달동 노포 중식당,박달동 짜장면 맛집,박달동 짬뽕 맛집,박달동 우동 맛집,박달동 탕수육 맛집,중식,면요리,면치기,미식가,대식가,푸드파이터,먹방 유튜버,mukbang,eatingshow,foodfighter,foodchallenge",22,ko,PT33M47S,2d,hd,false,195215,8170,0,408,public,youtube,True,False,"https://en.wikipedia.org/wiki/Food,https://en.wikipedia.org/wiki/Lifestyle_(sociology)",https://i.ytimg.com/vi/W45KTPh3NRU/maxresdefault.jpg,thumbnails/광마니/W45KTPh3NRU.jpg
요리슈 YORISHU,UCj8F8AXFrS0jpXWVkamylcA,eDVfdhd0XW4,강호동의 그...봄동 비빔밥 만들어 먹었습니다,✅ 이 영상은 생성형 인공지능(AI)으로 제작됐습니다😘,2026-03-18T08:00:50Z,"애니메이션,만화,애니,ai,생성형,요리,레시피,1박2일,강호동,봄동비빔밥",24,ko,PT2M17S,2d,hd,false,1543,109,0,34,public,youtube,True,False,"https://en.wikipedia.org/wiki/Food,https://en.wikipedia.org/wiki/Lifestyle_(sociology)",https://i.ytimg.com/vi/eDVfdhd0XW4/maxresdefault.jpg,thumbnails/요리슈YORISHU/eDVfdhd0XW4.jpg
King Food 킹푸드,UCNmcTEOEOW89YtxIPQG9qFg,rTS1mLuqySQ,놀라운 행진 끝없이 찍혀나오는 한국 아이스크림,"놀라운 행진 끝없이 찍혀나오는 한국 아이스크림

Amazing Parade! Endless Korean Ice Cream Coming Out One After Another

끝없이 찍혀나오는 한국 아이스크림의 놀라운 생산 현장입니다.
부드러운 비주얼과 정교한 공정이 이어지는 아이스크림 공장을 영상에 담았습니다.
보기만 해도 시원해지는 한국 아이스크림 대량생산 과정을 함께 확인해보세요.

1. 떡돌이 떡순이의 찐 디저트 쫀득쫀득 국화빵 아이스크림! 신기한 아이스크림 제조 공장 / Amazing Rice Cake Ice Cream Factory / Korean food

위치 : 롯데삼강 아이스크림 공장

2. 올여름 더위는 빠삐코에 맡겨라! 더울수록 시원한맛! ♬빠빠라 빠빠라 바 삐삐리 빠삐코♪ / Amazing Chocolate Ice Cream Factory / Korean food

3. 당충전엔 구구콘? 초코바에서 영감 받아 만든 찐한 초코맛의 콘아이스크림 대량생산 현장 / chocolate ice cream factory / Korean food

#아이스크림　 #구구콘   #롯데삼강

여러분 감사합니다.
세상에 모든 특별한 음식을 여러분과 공유하고싶은 킹푸드입니다.
늘 놀라운 음식 이야기로 여러분의  눈과 귀, 입을 즐겁게 해드리겠습니다.
마음은 행복하고  
몸은 건강하게~!!
You are a king food family.

Thank you, everyone.
We are ""King food"" that want to share with you all the special food in the world.
We will always make you happy with amazing food stories.
I wish you good health, happiness, and peace
You are a king food family.

* 설정에서 HD 1080 화질로 보시면 더욱 선명한 영상 감상이 가능합니다

영상을 재밌게 보셨다면, 구독, 좋아요 꾹~
여러분의 “구독”과 “좋아요”가 더 좋은 영상을 만드는 밑 거름이 됩니다. 
그럼 행복한 하루 되세요 ^^

* You can enjoy clearer video by watching HD 1080 quality in Settings

If you enjoyed the video, subscribe, Okay ~
Your ""subscriptions"" and ""likes"" are the basis for making better videos.
Then have a happy day ^^

눈으로 음식을 먹는 재미!
Fun to eat food with eyes!

킹푸드 채널 멤버십 회원 가입 :  https://www.youtube.com/channel/UCNmcTEOEOW89YtxIPQG9qFg/join

비지니스 문의 메일 / business inquiry : lktaeone@naver.com",2026-03-26T13:30:00Z,"street food,Amazing food,아이스크림,한국아이스크림,아이스크림공장,한국디저트,소프트아이스크림,대량생산,식품공장,롯데삼강,구구콘,빠삐코,초콜릿아이스크림,디저트공장,ice cream,Korean ice cream,ice cream factory,Korean dessert,soft ice cream,mass production,food factory,Lotte Samkang,Gugu Cone,Papico,chocolate ice cream,dessert factory,アイスクリーム,韓国アイスクリーム,アイスクリーム工場,韓国デザート,ソフトアイスクリーム,大量生産,食品工場,ロッテサムガン,ググコーン,パピコ,デザート工場,kem,kem Hàn Quốc,nhà máy kem,kem mềm,sản xuất hàng loạt,nhà máy thực phẩm,kem sô cô la",19,ko,PT24M45S,2d,hd,true,9423,196,0,4,public,youtube,True,False,"https://en.wikipedia.org/wiki/Food,https://en.wikipedia.org/wiki/Lifestyle_(sociology)",https://i.ytimg.com/vi/rTS1mLuqySQ/maxresdefault.jpg,thumbnails/KingFood킹푸드/rTS1mLuqySQ.jpg
자영업자스토리,UCyUJvPTlR-pklwT0APpFIhA,uULv9f_syEg,23살에 푸드트럭으로 시작해 전국에 햄버거매장 160개만든 93년생.,"(40명 선착순) 왓더버거 15000원 쿠폰 받으러가기 
https://forms.gle/HHtBkYaj3P1CnbkFA 

23살, 졸업 후 갈 길을 몰라 막막했던 한 청년이 푸드트럭으로 장사를 시작했습니다. 
손에 굳은살이 박히고 친구들에게 '두꺼비 손'이라 불릴정도로 고된일을 하면서도 멈추지 않았던 열정. 
그리고 친오빠와 시작한 전격 사업화. 이제는 전국 163개 가맹점을 둔 '왓더버거'의 이사가 되어 
자영업의 새로운 패러다임을 제시합니다.

인건비 걱정 없는 자동화 시스템 도입부터, 비성수기에도 월 1억 매출을 찍는 마케팅 노하우까지! 
""가족이지 않은 관계를 유지하는 것이 가장 가족적인 경영""이라 말하는 
현실 남매의 독한 성공 스토리를 지금 공개합니다.

[타임라인]
00:00 하이라이트 : 패티 자동화 기기와 월 1억 매출의 비밀
00:54 왓더버거 안다빈 이사 자기소개
01:41 23살 푸드트럭으로 시작한 장사 인생
02:18 오늘 기준 가맹점 163개, 폭발적 성장의 이유
02:59 실제 점주님과의 통화: 자동화 기기 도입 후의 변화
04:40 1억 넘는 매장 사장님들의 공통된 가치관
05:45 지분 판매 후 다시 합류하게 된 사연
07:33 배달 비중 85% 매장에서 마진을 남기는 법
08:23 왓더버거 대표님 등장! (남매의 비즈니스 케미)
10:15 신메뉴 출시와 식자재 가격 방어 전략
12:35 1억 6천만 원을 투자한 '경영 자동화 AI' 프로그램
13:25 자영업자들을 위한 마케팅 루틴 조언
18:50 가족 경영, 어떻게 해야 성공할까?
20:10 시청자들에게 전하는 마지막 한마디

👉출연 신청 및 광고 문의 : minerva2086@naver.com
사연 주실 때 최대한 구체적으로 현재 상황, [신청자님의 스토리] 도 같이 보내주세요

👉자영업자 스토리 멤버십 가입
https://www.youtube.com/@jangsa_story/membership",2026-03-28T03:02:10Z,"자영업자스토리,장사의신,휴먼스토리,장사,소상공인,성공스토리,장사의여신,은현장,창업,부업,프랜차이즈,외식업,소자본창업,맛집창업,왓더버거,수제버거창업,푸드트럭성공,자동화매장,인건비절감,남매경영,안다빈이사,장사노하우,배달맛집전략",22,ko,PT21M6S,2d,hd,false,918,88,0,71,public,youtube,True,False,https://en.wikipedia.org/wiki/Food,https://i.ytimg.com/vi/uULv9f_syEg/maxresdefault.jpg,thumbnails/자영업자스토리/uULv9f_syEg.jpg
부천방송,UCOJtgNii4TaufnoA-01LmAA,z2FLJl-HgUU,향기네무료급식소를 돕기 위한 모금방송 3월15일,"오늘도 화이팅입니다.
다행히 하늘은 맑고 푸릅니다.
햇살이 있는 동안 따스할 것 같습니다.
이런 날엔 그나마 지나다니는 분들의 마음이
조금은 열리는 듯합니다.
오늘은 다른 날과 다르기를 바라며
오늘도 힘차게 달려봅니다.",2026-03-15T09:26:19Z,,24,ko,PT4H2M25S,2d,sd,false,325,17,0,0,public,youtube,True,False,https://en.wikipedia.org/wiki/Music,https://i.ytimg.com/vi/z2FLJl-HgUU/maxresdefault.jpg,thumbnails/부천방송/z2FLJl-HgUU.jpg
표은지Eunji Pyoapple,UC9K0rLE1SMh86nVxzkCBpNA,cIzKtmV53zY,다시!!! Redo!!,,2026-03-26T03:24:26Z,,24,ko,PT54M50S,2d,hd,false,16724,1239,0,44,public,youtube,True,False,https://en.wikipedia.org/wiki/Lifestyle_(sociology),https://i.ytimg.com/vi/cIzKtmV53zY/maxresdefault.jpg,thumbnails/표은지EunjiPyoapple/cIzKtmV53zY.jpg
INSOO & MAYU,UCzWD3TAXin3uyQPXlN3MVbw,Cc4Y-uTEtFA,韓国生活 🇰🇷 l オッパの両親の別荘がすごい..韓国のヤンヤンへ！日常vlog l 엄마 별장 보러 양양 같이 다녀왔어요✨,"韓国在住日韓夫婦インスマユです:)
前回の動画から少し時間が空いてしまいました💦

今日はオッパのご両親が別荘を立てているので
お家を見に行ってきました～！
出来上がりがとっても楽しみ！！
また完成したら、動画でもお見せしたいなあ:) 
(オッパのママのお家だけどｗｗ)

今日も見てくださってありがとうございます😊✨

여러분 안녕하세요~!
인수마유 입니다:)
엄마 별장보러 갔는데.... 대청소 하고 왔어요 ㅎㅎ
덕분에 밥도 맛있게 먹었네용 ㅎㅎㅎ

오늘도 봐주셔서 감사합니다~!!

thank you:)
Instagram：＠insoomayu",2026-03-25T13:26:59Z,,22,ja,PT9M25S,2d,hd,false,7480,342,0,11,public,youtube,True,False,"https://en.wikipedia.org/wiki/Food,https://en.wikipedia.org/wiki/Lifestyle_(sociology)",https://i.ytimg.com/vi/Cc4Y-uTEtFA/maxresdefault.jpg,thumbnails/INSOOMAYU/Cc4Y-uTEtFA.jpg
볼매여사tv,UCh9CAn408GQhFx1d9Alydbg,3W3mRdDcAp0,입맛 사로 잡는 삼치 이렇게 만들어 보세요,,2026-03-21T05:30:03Z,"#삼치엿장조림,#삼치,#삼치 맛있게 요리하는법,#삼치손질,#삼치구이,#삼치레시피,#삼치요리,#삼치조림",26,ko,PT6M52S,2d,hd,true,1072,94,0,106,public,youtube,True,False,"https://en.wikipedia.org/wiki/Food,https://en.wikipedia.org/wiki/Lifestyle_(sociology)",https://i.ytimg.com/vi/3W3mRdDcAp0/maxresdefault.jpg,thumbnails/볼매여사tv/3W3mRdDcAp0.jpg
Sangchil Korean food cooking,UCuLV0-SpvSA_fd60D8sX8jA,ypwDQHfKSA8,고추장아찌 힘들게 하지마세요✔️ 이 방법은 맛있는 고추장아찌 만들기 1등 레시피입니다,"고추장아찌 재료 및 계량기준:밥숟가락,계량컵

아삭이고추1kg
고추 잔류농약제거

믹싱볼에 고추담고 잠길때까지 물부어 식초3스푼 넣고 10분간 놔두고 깨끗하게 행궈주세요

장물재료

진간장600ml
알롤로스설탕300g
물200ml
레몬즙400ml
소주(골마지방지)200ml
매실청200ml

오늘도 시청해주신 한분한분께 진심으로 감사의 말씀 올립니다:)

#아삭이고추 #고추장아찌 #상칠요리사",2025-10-26T04:15:06Z,#korean food,27,ko,PT3M51S,2d,hd,false,2249,54,0,6,public,youtube,True,False,"https://en.wikipedia.org/wiki/Food,https://en.wikipedia.org/wiki/Lifestyle_(sociology)",https://i.ytimg.com/vi/ypwDQHfKSA8/maxresdefault.jpg,thumbnails/SangchilKoreanfoodcooking/ypwDQHfKSA8.jpg
웍제이,UCNfRPuwW-hBNjZQc2tb9e3g,KhNyq8IDJJg,대구에서 짬뽕에 진심이라는집 그리고 건너편 중국집,"대구 남구 대명동 2005-6
짬뽕에 진심인 사람들

050-71351-7786",2026-03-22T09:43:54Z,"맛집추천,간짜장맛집,짬뽕먹방,짬뽕맛집,가성비,대구짬뽕맛집,대명동맛집,대구맛집,남구맛집,명덕역맛집,경북예고맛집",19,ko,PT8M53S,2d,hd,false,25210,466,0,122,public,youtube,False,False,"https://en.wikipedia.org/wiki/Food,https://en.wikipedia.org/wiki/Lifestyle_(sociology)",https://i.ytimg.com/vi/KhNyq8IDJJg/maxresdefault.jpg,thumbnails/웍제이/KhNyq8IDJJg.jpg
핫세[HotTube's Diary],UCT8SRDYYHwV4RwotrU00A0A,WxRWImqbKaA,핫세 ✨8주년✨ 축하영상,"핫세  방송국 ♥ https://ch.sooplive.co.kr/skystar1220
핫세 인스타그램 ♥https://www.instagram.com/hotse_c
핫세 틱톡 ♥ https://www.tiktok.com/@hotse_c?_t=ZS-8uQPr6M9Bqq&_r=1

🎵Music provided by 브금대통령
🎵Track : Kid's Room -    • [브금대통령] (차분/밝은/Bright) Kid's Room [무료...",2026-02-27T08:18:33Z,"아프리카,아프리카tv,핫세,비제이핫세,핫튜브,먹방,쿡방,합방,mukbang,cook,korea food,맛집,골목식당,최군,케이,히밥,야루미,박진우,이가은,맨만숙,대륙남,금강연화",24,ko,PT20M5S,2d,hd,false,1343,48,0,10,public,youtube,True,False,https://en.wikipedia.org/wiki/Lifestyle_(sociology),https://i.ytimg.com/vi/WxRWImqbKaA/maxresdefault.jpg,thumbnails/핫세HotTubesDiary/WxRWImqbKaA.jpg
Eating what is Given 오스틴,UC_lPYQ5ddh506aZ9CcEUIig,8QZoJC54Ypo,"미국에서 가장 성공한 K-BBQ 오너 사이먼 킴, 1++ 안동 한우 앞에서 반응은?","--------------------------------------
구독은 사랑입니다 ❤️‪   (Social Media Links!)
👉 @EatingwhatisGiven 
👉https://www.instagram.com/eatingwhatisgiven
👉https://www.tiktok.com/@eatingwhatisgiven
--------------------------------------------
여러분은 이제 한국에서 가족의 수제 소시지를 살 수 있습니다!
You can now buy my family's handmade sausage in Korea!
https://en.thedutchhouse.co.kr/Sausages/?idx=13

https://smartstore.naver.com/thedutchhouse/products/5906408078

판매자 번호: 010-9502-0111
-------------------------------------
📍민속친한우불고기
https://naver.me/5bVjEXbq
--------------------------------------
Simon Kim is a legendary
사이먼 킴은 전설적인
Korean entrepreneur
한국인 기업가예요.
whose flagship Korean steakhouse “Cote”
그의 대표적인 한국식 스테이크하우스 “Cote”는
serves high level, Michelin starred
미쉐린 스타를 받은 수준 높은
Korean cuisine in New York City
한식을 뉴욕,
Miami, Las Vegas and Singapore
마이애미, 라스베이거스, 싱가포르에서 선보이고 있어요.
on his recent trip to Korea,
최근 한국에 왔을 때,
Simon asked me to host him on a short food tour
사이먼이 짧은 먹방 투어를 함께해 달라고 저에게 부탁했어요.
and I knew I had to introduce him
그래서 저는 꼭 그를
to my friend Minseok
제 친구 민석에게 소개해줘야겠다고 생각했어요.
2nd generation owner of Korea's
민석은 한국 최대 규모의
largest private Hanwoo farm
민간 한우 농장을 운영하는 2대째 주인이에요.
I arranged for us to take a trip
저는 우리 셋이 함께
to Andong to explore
안동으로 내려가서
how Korea makes some of the best beef in the world.
한국이 어떻게 세계 최고 수준의 소고기를 만드는지 알아보기로 했어요.
and of course, throw a massive hanwoo beef party
그리고 물론, 엄청난 한우 파티도 열어야죠.
with Simon and Minseok
사이먼과 민석이 함께하는 자리예요.
It's time to have the King of Korean Steakhouses
이제 한국 스테이크하우스의 왕과
to meet the King of Korean Hanwoo beef
한국 한우의 왕이 만날 시간이에요.
--------------------------------------------

#맛집 #맛집탐방 #외국인반응 #사이먼킴 #유퀴즈 #한우",2026-03-25T06:59:21Z,"외국인 먹방,외국인 반응,외국인코리아,외국인 리액션,맛집,맛집투어,맛집리뷰,맛집여행,맛집 영어로,맛집 탐방,맛집 리뷰,먹방,먹방 유튜버,외국인,외국인들,한국어자막,Eating What is given,Korean food,Korea,Food,Foodie,Food Reaction,Food review,Mukbang,korean mukbang,Simon Kim,Austin Givens,사이먼 킴,hanwoo,한우",22,ko,PT16M48S,2d,hd,false,23607,688,0,60,public,youtube,True,False,"https://en.wikipedia.org/wiki/Food,https://en.wikipedia.org/wiki/Lifestyle_(sociology)",https://i.ytimg.com/vi/8QZoJC54Ypo/maxresdefault.jpg,thumbnails/EatingwhatisGiven오스틴/8QZoJC54Ypo.jpg
슈왕 Chef_Shu Wang,UCUkEZPjq4BSwWc9MkucreuA,3MxJpgZqXDI,육즙 가득 김치고기만두 황금레시피 공개 #설날만두 #김치만두 #만두국,"#만두요리 #만두만들기 #만두빚기

✔슈기님은 30년 요리인생, 전문 한식조리사입니다🧑‍🍳

✅ 오늘의 셰프(Chef) : 슈기(Mom)
✅ 자막(Subtitles) : 막내(Lucy)

🧡재료🧡
- 돼지고기 300g
- 소고기 200g
- 두부 1모
- 김치 1/2포기
- 당면 120g
- 숙주 400g
- 만두피
- 대파 1대
- 계란 2개
- 부추 100g
- 진간장 3T
- 굴소스 2T
- 설탕 2T
- 다진마늘 2T
- 참기름 1T
- 맛술 2T
- 생강가루 약간
- 후추 약간

🧡Ingredient🧡
- 300g pork
- 200g beef
- 1 head of tofu
- 1/2 of kimchi
- 120g vermicelli
- 400g bean sprouts
- Dumpling skin
- 1 green onion
- 2 eggs
- 100g leek
- Dark soy sauce 3T
- Oyster sauce 2T
- 2T sugar
- 2T minced garlic
- Sesame oil 1T
- 2T cooking wine
- A little ginger powder
- some pepper

----------------------------------------------------------------------------------------------

⭐인스타그램(Instagram)
https://www.instagram.com/chef.shuwang/

🎁 비즈니스 문의(Business)
이메일 : cplucy3@naver.com
카카오채널 : https://pf.kakao.com/_xlfxkGb

🙇‍♀️답변이 늦을 수 있는 점, 양해부탁드려요!!",2026-02-12T07:14:55Z,"요리,레시피,음식,recipe,cook,cooking,슈기,집밥,간단요리,요리채널,Korean,Korean dish,Korean food,Korean recipe,asmr,cooking asmr,요리 asmr,먹방,mukbang,chef,chef recipe,food,김치만두,고기만두,왕만두,만두레시피,만두소만들기,김치요리,집만두,집밥요리,한식레시피,당면요리,두부요리,만두만드는법,요리유튜브,요리쇼츠,ShortsRecipe,KimchiMandu,KoreanDumplings,DumplingRecipe,HomemadeMandu,KoreanFood,HomeCooking,EasyRecipe,CookingShorts,FoodShorts,KFood,설날,명절,새해,떡국,떡만두국,만두국,김치만두국,이영자김치만두,전참시김치만두",26,ko,PT3M11S,2d,hd,false,324,15,0,11,public,youtube,True,False,"https://en.wikipedia.org/wiki/Food,https://en.wikipedia.org/wiki/Lifestyle_(sociology)",https://i.ytimg.com/vi/3MxJpgZqXDI/maxresdefault.jpg,thumbnails/슈왕Chef_ShuWang/3MxJpgZqXDI.jpg
선식객 - Sik Agent,UCIf88IZHDFVQ0jG9qnY0NhA,dvcWgWRhoZU,인천 송도에서 가볼 수 있는 그림같은 풍경의 카페! 갤러리에서 작품관람하며 커피 한 잔! #송도카페 #연수구카페 #옥련동카페 #아트리움 #송도아트리움,"*Business Email : fgoop800@naver.com

도심 속 드넓은 야외 정원과 갤러리를 품은
그림 같은 대형 저택 복합 문화 공간!
송도의 대형카페 아트리움!

정원카페 & 음료와 베이커리
루프탑, 갤러리 대관
드라마, 세미나까지 가능합니다.

주차장도 깔끔하게 분리되어
방문하기에도 편합니다.

주말 음료 반입이 가능한 2층 갤러리와
탁 트인 3층 루프탑 & 생동감 넘치는 야외 정원!

💕완벽한 미각의 균형, 아트리움 크림커피:
바닐라빈을 품은 100% 동물성 수제 크림이 밀도 있게 얹어집니다.
차가운 크림과 라떼의 온도가 섞이며
벨벳처럼 부드럽게 무너지는 기분 좋은 텍스처!

☕묵직함과 화사함의 공존, 샌프란시스코 블랜딩 아메리카노:
개인적으로 느끼기에 다크 초콜릿의 깊고 진한 무게감으로 시작해
체리 같은 화사함이 스치듯 피어오르는
정성스러운 로스팅의 커피 한 잔!

🥐과한 단맛을 뺀 본연의 결, 미니 몽블랑:
겉은 크루아상처럼 얇은 결이 바삭하게 부서지고,
속은 구름처럼 촉촉한 훌륭한 캔버스 같은 빵!

화사한 아메리카노를 들고
2층 갤러리로 이동해 차분한 조명 아래
전시된 작품을 감상하며 휴식을 가져보세요.


🚩네이버링크: https://naver.me/5k7z0Hrg
📷SNS: https://www.instagram.com/atriumgallerycafe
🗺️가게위치: 인천 연수구 청량로97번길 56 아트리움
⏱️영업시간:
매일 12:00 - 21:00

#송도카페 #연수구카페 #옥련동카페
#갤러리카페 #정원카페 #공간대관
#주차편한카페 #아트리움크림커피
#몽블랑 #힐링카페 #대형카페
#KoreanCafe #IncheonCafe #CafeTour
#SeoulSuburbs #DessertCafe",2026-03-26T04:58:37Z,"송도카페,연수구카페,옥련동카페,갤러리카페,정원카페,공간대관,주차편한카페,아트리움크림커피,몽블랑,힐링카페,대형카페,KoreanCafe,IncheonCafe,CafeTour,SeoulSuburbs,DessertCafe",19,ko,PT11M33S,2d,hd,false,7821,279,0,52,public,youtube,True,False,"https://en.wikipedia.org/wiki/Food,https://en.wikipedia.org/wiki/Lifestyle_(sociology),https://en.wikipedia.org/wiki/Tourism",https://i.ytimg.com/vi/dvcWgWRhoZU/maxresdefault.jpg,thumbnails/선식객-SikAgent/dvcWgWRhoZU.jpg
남자의 취미,UCducfzODC9lt4cR0tZBOOxw,j8cMbxzair4,"누가 집에서 '봄동'을 넣고, 72도 짜리 술을 만들어요","""남들 유행하는 거 절대 안 함"" 이었는데 사실, 봄동은 그냥 '제철 음식'인겨

요즘 많이들 드시고, 많이들 배달시키고, 많이들 찾는 #봄동비빔밥 
의 레시피와 함께, 자가양조하는 #봄동 을 넣은 Gin진입니다

18년 전에 호동이햄이 '배추가 고기보다 맛있네요' 할 때 그냥 방송천재인줄알았는데 고멘-
진짜 개맛있긴함.

[봄동 진(Gin) 레시피]

베이스: 보드카 1.75L 
부재료: 주니퍼베리 40g, 고수 씨앗 10g, 백후추10g, 흑후추10g, 생오렌지 껍질 114g, 마른오렌지껍질57g
+ 싱싱한 봄동 60g (노란 심지, 꼬갱이까지)
공정: 24시간 침출 후 증류 (증류 시 생수 300ml 추가)

*결론
봄동은 비빔밥으로도 맛있지만, 술로 만들면 몹시 즐거워집니다.",2026-03-17T12:22:26Z,"봄동,봄동 비빔밥,봄동비빔밥,yt:cc=on,오크통,참나무,국산 오크통,오크통 위스키,위스키,위스키 숙성,위스키 만들기,whisky,whiskey,paxarette,팍사레트,쉐리 와인,쉐리,셰리 와인,셰리,쉐리 위스키,증류기,위스키 만드는법,위스키 마시는법,소주 증류,증류식 소주,남취,남자의 취미,남취 위스키,남취 증류,증류 소주,희석식 소주,위스키 오크통,위스키 증류,술익는집,cider,사과 사이다,애플 사이다,와인 증류,40도 소주,버번,버번 위스키,버번위스키,뻥튀기 술,뻥튀기,강냉이 술,옥수수 술,옥수수 위스키,성심당,럼파이어,스미스앤크로스,럼 만들기,RUM,rum distill,rum dunder,dunder muck,보드카,누텔라,공냉식 증류기,가정용 증류기,진,봄베이,봄베이 사파이어,고든스 진,진토닉,진피즈,진 칵테일",26,ko,PT17M49S,2d,hd,true,34257,615,0,148,public,youtube,True,False,"https://en.wikipedia.org/wiki/Food,https://en.wikipedia.org/wiki/Lifestyle_(sociology)",https://i.ytimg.com/vi/j8cMbxzair4/maxresdefault.jpg,thumbnails/남자의취미/j8cMbxzair4.jpg
엄마의가정식,UCDLxnMLoGSRHYp7jsGVb2yg,6nMFSTvitas,청국장 맛있게 먹는 평생 레시피! '이건' 꼭 넣어줘야 맛이 살아나요,"🌿 1. 인트로
안녕하세요 😊
엄마의가정식입니다.
오늘은 구수한 집밥의 대표 메뉴
청국장찌개 끓여보겠습니다.
냄새는 조금 강하지만
한 번 끓이면 밥 한 공기 금방 비우게 되는
한국인의 밥도둑 찌개입니다.

🧺 2. 재료 준비
멸치
다시마 2조각
무 1도막
두부 반 개
애호박 반 개
청양고추 2개
홍고추 1개
대파 1대
청국장 200g

집에 있는 채소를 활용하면
더 맛있게 끓일 수 있습니다.

💧 3. 육수 만들기
냄비에 물을 붓고
멸치와 다시마를 넣어 육수를 먼저 끓여주세요.
물이 끓으면
다시마는 먼저 건져냅니다.

🥕 4. 무 먼저 넣기
무는 나박하게 썰어
육수에 먼저 넣어 끓여주세요.
무가 들어가면
국물이 훨씬 시원하고 깊어집니다.

💡 꿀팁 1
청국장찌개는
무를 먼저 끓여야
국물이 훨씬 깔끔하고 맛있어요.


📚 **엄마의가정식 요리책이 출간되었어요!**
1년 동안 정성껏 준비한 책에는 인기 반찬 레시피부터  
계절별 집밥, 특별한 음식, 그리고 영상에는 없는 **꿀팁**까지 가득 담았어요.  
‘엄마의가정식’을 사랑해주신 분들께 진심을 담아 추천드립니다.

🔗 [요리책 바로가기]  
https://naver.me/xkqXh5ob


#청국장 
#반찬 
#황금레시피",2026-03-10T10:49:47Z,"청국장,찌개,반찬,황금레시피,초간단요리,자취요리,한식,한식레시피,집밥,집밥레시피,찌개요리,찌개레시피,청국장찌개,청국장찌개레시피,청국장끓이는법,청국장요리,된장찌개,구수한찌개,밥도둑반찬,건강식,건강요리,전통한식,발효음식,한국전통음식,집밥요리,엄마의가정식,오늘뭐먹지,냉장고요리,간단한찌개,따뜻한국물요리",26,ko,PT5M28S,2d,hd,false,2705,85,0,4,public,youtube,True,False,"https://en.wikipedia.org/wiki/Food,https://en.wikipedia.org/wiki/Lifestyle_(sociology)",https://i.ytimg.com/vi/6nMFSTvitas/maxresdefault.jpg,thumbnails/엄마의가정식/6nMFSTvitas.jpg
노장금TV,UCtuFPfep1gUMJD1hieSkvyQ,iaQmrNkEG74,[초간단레시피] 칼질 딱 3번? 넣고 찌면 끝나는 역대급 '대패삼겹살 알배추술찜',"오늘은 냉동실에 잠자고 있는 대패삼겹살의 화려한 변신!
칼질 귀찮고 요리 자신 없는 분들도 무조건 성공하는 '초간단 대패 알배추술찜'을 준비했습니다.

재료 몇 개 안 들어가고 만들기도 너무 쉬운데, 맛은 고급 일식집 안 부러워요.
배추와 숙주를 듬뿍 넣어 기름기 걱정 없이, 죄책감 덜어내고 든든하게 즐겨보세요!

✨ 이런 분들께 추천해요!
-""오늘 저녁 뭐 먹지?"" 메뉴 고민 중인 분
-요리 초보지만 근사한 접대 요리를 내놓고 싶은 분
-다이어트 중인데 고기가 너무 당기는 분
-가성비 좋게 고급진 맛을 느끼고 싶은 분

#노고은 #요리연구가 #세상의모든레시피 #알배추술찜 #대패삼겹살레시피 #초간단요리 #자취요리 #다이어트레시피 #가성비요리 #저녁메뉴추천

요알못도 할 수 있는 레시피를 알려드리니 
행복한 요리하세요~
구독과 좋아요! 부탁드려요! 
감사합니다!!

인스타그램 https://www.instagram.com/nohcook/
브런치 https://brunch.co.kr/@chezgoeun
블로그 https://blog.naver.com/chezgoeun",2026-03-14T11:15:45Z,"노고은,노장금,장금,요리연구가,푸드디렉터,푸드콘텐츠디렉터,세상의모든레시피,방송레시피,레시피,요알못",26,ko,PT9M40S,2d,hd,false,702,5,0,0,public,youtube,True,False,"https://en.wikipedia.org/wiki/Food,https://en.wikipedia.org/wiki/Lifestyle_(sociology)",https://i.ytimg.com/vi/iaQmrNkEG74/maxresdefault.jpg,thumbnails/노장금TV/iaQmrNkEG74.jpg
뚱열이형,UCsNhrVZ3OnwsjjbgRYPOyMA,AYwH_XGUpjs,뚱열이형이 만난 예비후보 !,,2026-02-20T11:15:09Z,"생방송,뚱열,뚱열이",24,ko,PT1H20M27S,2d,hd,false,2110,267,0,26,public,youtube,True,False,"https://en.wikipedia.org/wiki/Politics,https://en.wikipedia.org/wiki/Society",https://i.ytimg.com/vi/AYwH_XGUpjs/maxresdefault.jpg,thumbnails/뚱열이형/AYwH_XGUpjs.jpg
섬마을훈태TV,UCkBoDzncl64EZ-Ggh4g5pCw,L5I5g5QP7Sc,자연산 회가 무한리필?? 부산에서 가장 미친 한식뷔페를 공개합니다!,"훈태의 일기📜

오늘은 역대급 부산 한식뷔페 한 곳을 다녀왔다.
부산 기장군 대변항에 위치한 한식뷔페
참조은식당이라는 곳을 다녀왔는데
여긴 1인 만원에 수 많은 해산물 반찬과 함께
회도 무한리필로 먹을 수 있는 곳이었다.
각종 생선구이와 함께
학꽁치가 나올때도 있고
멸치회가 나올때도 있고
여태 다닌 부산 한식뷔페 중
가장 말이 안되는 곳이었다.

🙏가실분은 꼭 한번 읽어주세요🙏

회는 조업상황에 따라 나올수도 있고
안나올수도 있습니다. 
( 1주일에 3~4회 정도 나온다고 함 ) 
제철에 따라 어종도 다를 수 있습니다
3월 이후로는 멸치회와 병어회가
자주 나올 예정이라고 합니다.
그리고 활어회센터에서 회를 사와서
식사값만 지불하고 회와 함께 식사도 가능하다고 합니다.
( 매운탕은 무료라고 하시네요 )

🔍정보🔍 

상호: 참조은식당
주소: 부산 기장군 기장읍 대변로 157
메뉴: 뷔페 1인 만원

👉 본 영상은 100% 내돈내산 영상입니다.
👉 구독자 사연 읽어드리는 시간 🥃훈태의 누런밤🥃
👉 훈태 궁금한 점 있으신분들께선  🥃훈태의 Q&A🥃
위 2가지중 사연혹은 내용을 인스타, 댓글, 메일 보내주시면 
선정후 영상에 올려드리도록 하겠습니다.
✔인스타   huntaetv
✔메일     huntaetv@gmail.com",2026-03-22T00:05:00Z,"부산맛집,한식뷔페,무한리필,기장맛집",22,ko,PT14M26S,2d,hd,false,292932,5649,0,605,public,youtube,True,False,"https://en.wikipedia.org/wiki/Food,https://en.wikipedia.org/wiki/Lifestyle_(sociology)",https://i.ytimg.com/vi/L5I5g5QP7Sc/maxresdefault.jpg,thumbnails/섬마을훈태TV/L5I5g5QP7Sc.jpg
아델코바늘 Adel Crochet,UCanfXQ5hNSHwMtxOgg6ihnQ,yVmwJJhoMC0,바람결 버킷햇~ 가벼운 데일리 코바늘 모자 예쁨 가득~crochet bucket hat,"재료 구매 https://sevy.co.kr/product/detail.html?product_no=4137&utm_source=youtube&utm_medium=social&utm_campaign=260325_collabo&utm_content=260325_collabo_hat

*패키지는 M : 2볼 구성. 머리둘레 56~57cm정도.(영상 속 모자 해당)
                 L : 3볼 구성. 손땀이 넉넉하시거나 조금 크게 뜨실분들은
                 M구성으로 실이 조~금 부족하니 L로 선택해 주세요~
(옵션에서 너트 라벨을 함께 구입하실수 있습니다)

*패키지 구매시 서술 도안을 다운 받으실수 있습니다~ (기호도안X)

""무거운 모자는 이제 안녕~
구멍으로 솔솔 스며드는 바람을 느끼며
가볍게 착용할수 있는 모자입니다.
봄,여름,가을 세계절 사용할수 있는 데일리 모자로 추천드려요~

* 아델 재료 패키지 모음 (쎄비)
https://www.sevy.co.kr/minishop/nalda21?cate_no=53
* 아델코바늘 스토어
https://smartstore.naver.com/byadel
* 아델 소통 채널
https://litt.ly/adelcrochet

*아델 코바늘 멤버쉽 가입하기
https://www.youtube.com/channel/UCanfXQ5hNSHwMtxOgg6ihnQ/join",2026-03-25T01:45:25Z,"코바늘모자,버킷햇뜨기,crochethat,butkethat",26,ko,PT57M37S,2d,hd,true,12783,479,0,63,public,youtube,True,False,"https://en.wikipedia.org/wiki/Fashion,https://en.wikipedia.org/wiki/Hobby,https://en.wikipedia.org/wiki/Lifestyle_(sociology)",https://i.ytimg.com/vi/yVmwJJhoMC0/maxresdefault.jpg,thumbnails/아델코바늘AdelCrochet/yVmwJJhoMC0.jpg
야가다 주호,UCSpj7T1DuVUA5U7DaLS9Lzg,6enIC2V0W8A,노가다 퇴근 후 혼술... 오늘도 버틴다,"📢야가다 주호 x 미닉스 구독자 이벤트 📢야가다 주호가 추천하는 끝판왕 음식물 처리기!
대용량부터 분쇄 성능까지.. 더플렌더MAX 강력 추천합니다!!
참여시간 단 30초!
미닉스가 신제품 출시를 기념해서 이벤트 경품 통 크~게 쏩니다❤️
※ 이벤트 기간 : 3/25 ~ 4/1

 🎁 Event 1. 야가다 주호 구독자 전용! 런칭 기념 (한정수량 비밀 특가)
구매 링크 : https://m.site.naver.com/23OLt

 🎁 Event 2. 야가다 주호x미닉스 끝판왕 음처기 ""더플렌더MAX"" 댓글 이벤트
참여 링크: https://m.site.naver.com/23OJ1


Step1. 유튜브 영상 보고 “미닉스에 대한 기대평” 댓글 달기 (좋아요 필수!) 
Step2. 본인 댓글 캡쳐하고 구글폼 제출하면 끝!
※ 경품: 미닉스 음식물처리기 더 플렌더 MAX 본품 (총 1명) 
※ 당첨자 연락은 익월 15일 내 진행 (문자 안내) (미 당첨자 분들에게는 별도 안내가 되지 않는 점 양해 부탁드립니다.)


한 뼘의 공간, 역대 최대 처리 용량! 음식물 처리의 혁신, 미닉스 '더 플렌더 MAX'

✔ 음식물 처리기 브랜드 1위 미닉스에서 나온 역대급 신작 
✔ 4인 가구 하루 치 음식물도 1회 작동으로 끝, 3L 대용량
✔ 대용량이라도 변함 없이 한 뼘 크기로 공간 차지 X
✔ 닭뼈, 전복 껍질까지 가루로 만드는 강력한 분쇄력 (3세대 블레이드)
✔ 500g 단 2시간에 처리하는 초고속
✔ 2세대 오토케어 시스템으로 처리 효율까지 지능형으로 케어 
✔ 일상 속 불편함 ZERO. 소음 없고 냄새 없음 
✔ 국내생산, 국내 품질관리소 운영으로 믿을만한 품질과 신속한 A/S 처리",2026-03-25T10:01:56Z,"미닉스,음식물처리기,반도체,먹방,브이로그",24,ko,PT10M39S,2d,hd,false,48023,1196,0,366,public,youtube,True,False,"https://en.wikipedia.org/wiki/Food,https://en.wikipedia.org/wiki/Lifestyle_(sociology)",https://i.ytimg.com/vi/6enIC2V0W8A/maxresdefault.jpg,thumbnails/야가다주호/6enIC2V0W8A.jpg
진상처리반 [jinsang TV],UCsEphGNFU7nkVrgXsX-R7zg,iAvStMF8XFc,LIVE)실시간 일본 대마도 이즈하라 술먹방 같이 한잔 하실분 오세요 경주 도쿄 오사카 서울 오동지 부천 김여포 꽃돼지 korea travel japan osaka 전주영웅,This stream is created with #PRISMLiveStudio,2026-02-04T15:05:07Z,,19,ko,PT5H8M,2d,hd,false,19574,0,0,0,public,youtube,True,False,"https://en.wikipedia.org/wiki/Food,https://en.wikipedia.org/wiki/Lifestyle_(sociology)",https://i.ytimg.com/vi/iAvStMF8XFc/hqdefault.jpg,thumbnails/진상처리반jinsangTV/iAvStMF8XFc.jpg
라온살림Laon_salrim,UCopY5Bfjxcj9ZkVBtenX9aA,eqhkoa6GZCU,🔅오늘은 밑반찬 만드는 날~!반찬 5가지 만들기 /부부의 주말 점심.저녁밥상/two meals a day’,"🔅버미큘라 테이블웨어 공구 𝗢𝗣𝗘𝗡!!
✔️구매링크:https://shop.vermicular.co.kr/Laon_salrim
🎈행사일시: 𝟮𝟬𝟮𝟲.𝟬𝟯.𝟮𝟲 오전 𝟵시~𝟮𝟵일(단,𝟰일간)
🎁사은품(행사 완료 후, 2주 뒤 추첨발표/사은품 발송은도 행사 완료 후, 2주 뒤 발송)
30만원 이상 구매 고객분들 중, 10분 추첨! 소모소모 원목 트레이 L사이즈 1개 증정!
🚚배송: 주문 순차적으로 발송(최대 일주일 소요 될 수 있습니다)
🎈행사제품
📌버미큘라 테이블 웨어 4가지 색상 중에 블랙 색상은 세트상품 구성에 없고 단품으로만 구매가능하세요
✳️세트제품
1️⃣2인 데일리 한식 세트 10P (화이트+그레이 세트 or 화이트+그린 세트)
가장 기본적으로 많이 사용하는 구성만 모아 놓았습니다
집들이 선물로도 최고❤️
어떤 제품을 선택해서 사용해야할 지 모르신다면, 2인 세트 구성을 먼저 구매하신 뒤, 추가로 필요하신 단품을 구매하시는 걸 추천드려요🥰
2️⃣2인 가츠동 세트 3P(화이트+그레이 세트 or 화이트+그린 세트)
2인이 간단하게 덮밥 한 그릇과 반찬 한 가지를 담아서 먹을 수 있게 구성한 세트입니다
덮밥,비빔밥뿐만아니라 카레를 담아도 좋고
양이 적은 분이라면 여기에 비빔국수나 잔치국수 담아도 좋습니다
3️⃣2인 솥밥 세트 4P(화이트+그레이 세트 or 화이트+그린 세트)
맛있는 솥밥을 지어서 솥밥과 국을 담거나 솥밥에 다른 반찬 2가지를 담아 내도 좋은 구성입니다
4️⃣2인 면기세트 3P
이 면기를 처음 봤을 때, 그릇의 곡선이 참 예쁘다는 생각을 했었어요^^
여기에 떡국,만둣국,갈비탕,곰탕,육개장등을 담아내도 예쁘지만, 또 여기에 샐러드를 담아보세요~
샐러드 그릇으로도 아주 딱 좋습니다🥰
✳️단품 제품
🔅단품 색상 4가지
딥 블루 블랙, 소프트 화이트,올리브 그린,포그 그레이
◽️라이스볼 후지 12사이즈
◽️라이스볼 테이퍼 11사이즈
◽️라이스볼 커브 11사이즈
◽️깊은 볼 림(14사이즈 / 17사이즈) :깊이감이 있어서 사용하기 아주 좋은 그릇이에요
◽️깊은 볼 커브(10/14/18사이즈)
◽️얕은 볼 커브 (9/15/21/27cm)
◽️얕은 볼 림(18/21/24cm)
◽️플랫 플레이트(15/18/21/24/27cm)
◽️커피컵/머그컵/수프컵
◽️카마쿠치 (7/9cm)
◽️유노미 티컵 / 텀블러",2026-03-26T00:00:00Z,"#주부일상,#주부브이로그,#침실관리,#vlog,#천연세정제,#roomtour,#pantry,#clenaing,#kitchenutensils,#kitchenware #무쇠냄비#주부루틴#주방용품추천#꼭사야하는#보관용기#베스트상품추천#냄비추천#프라이팬추천#살림준비 #청소루틴,#스타우브#집밥#집콕#kitchen#홈인테리어#이케아#솥밥#밥솥#유리용기#반찬용기#냉장실용기,#냉동실용기#일상브이로그 #살림이야기#수납정리#팬트리정리#침구정리#밑살림#셀프인테리어#요리로그 #살림로그,#브이로그#주부살림#살림#미니멀라이프 #모닝루틴#살림루틴#수납도구#주방공개#살림에세이 #주부#수납방법 #집꾸미기#청소,#소소한일상#살림일기#소소한행복#반찬만들기#집순이,#옷정리 #냉장고정리#친환경적 #살림의기록#홈브런치#온라인집들이,#랜선집들이#주방용품#청소습관#정리정돈#일상루틴 #소분용기#냉장고용기#베란다 #vlog#홈가든#홈테라스#베란다인테리어,#소스병#우드주방도구#양념병#요리레시피#koreanfood",26,ko,PT24M57S,2d,hd,true,16021,0,0,69,public,youtube,False,False,"https://en.wikipedia.org/wiki/Food,https://en.wikipedia.org/wiki/Lifestyle_(sociology)",https://i.ytimg.com/vi/eqhkoa6GZCU/maxresdefault.jpg,thumbnails/라온살림Laon_salrim/eqhkoa6GZCU.jpg
고봉이네 Gobong's Story,UCeCmOrVaCGwKGMIWP948WNw,YBOVNnRLV50,7천 원에 반찬만 15가지?! 81세 할머니의 40년 백반집,"청주의 오래된 동네에서 40년을 한결같이 지켜온 한 식당이 있습니다.

여든이 넘은 어머니가 정성껏 차려내는 15첩 밥상에는  
손님 한 사람 한 사람을 향한 따뜻한 마음과  
오랜 시간 이어온 손맛이 고스란히 담겨 있습니다.

단지 배를 채우는 곳이 아니라  
마음이 고플 때 찾게 되는 곳!

오늘도 누군가의 하루를 든든하게 채워주는  
앵천식당의 이야기입니다.


📍 앵천식당 
🏠 충북 청주시 상당구 중앙로 92 
📞 043-252-9911

#앵천식당 #청주맛집#청주식당 # 할머니손맛 #노포식당 #오래된식당 #시골밥상",2026-03-26T11:12:37Z,,19,ko,PT12M18S,2d,hd,true,218,6,0,2,public,youtube,True,False,"https://en.wikipedia.org/wiki/Food,https://en.wikipedia.org/wiki/Lifestyle_(sociology)",https://i.ytimg.com/vi/YBOVNnRLV50/maxresdefault.jpg,thumbnails/고봉이네GobongsStory/YBOVNnRLV50.jpg
떡볶퀸 Tteokbokqueen,UCAoyR-sL6B0S93AMR-HVTvg,GwCpFKlR6Tg,"전 충주맨, 김선태님의 충주 최애 맛집을 다녀왔습니다","충주 시장 야무지게 털어버리기😎

📌타임라인
00:00 🥖사과빵 절대 사수해!!
02:05  👓김선태님 최애 맛집, 오뚜기분식
03:56 튀김도 빼놓을 수 없지
05:19 시래기 듬뿍 충주식 순댓국!
06:55 갓성비 미쳐버린 만두집🥟
08:24 시장에서 호떡은 못 참지~
09:13 과일러버는 지나칠 수 없다..🍎
10:04 🍪충주사과 먹어봤는데..

-음식에 대한 평가는 개인적인 기준이니 참고만 해주시고, 자신의 입맛에 맞는 다양한 정보를 탐색한 후 방문하시는걸 추천드립니다.

-유료광고 미포함 영상은 모두 제돈제산입니다:)

-해당 영상의 저작권은 떡볶퀸 Tteokbokqueen 채널에 있습니다. 이 영상을 공유하는 것은 가능하나 허가 없이 변경/배포는 불가합니다.

💫INSTAGRAM 
 @tteokbokqueen  

💌E-MAIL
tteokqueen@naver.com

[Video Source Support]
Youtube channel ""freeticon""",2026-03-26T09:26:04Z,"떡볶이,떡볶이 맛집,떡볶퀸,떡볶퀸맛집,떡볶이 먹방,떡볶퀸 추천,떡볶퀸 레시피,떡볶이 레시피,떡볶이 실험,충주빵집,충주사과찰빵,충주사과빵,오뚜기분식,충주쫄면,충주떡볶이,충주자유시장,충주데이트코스,충주맛집추천,충주무학시장,충주순대국,충주만두,충주사과,충주공설시장,순옥튀김,충주튀김떡볶이,충주순대골목,중원순대,청풍순대,덕산순대,대성야채만두",22,ko,PT10M39S,2d,hd,false,74139,1047,0,121,public,youtube,False,False,"https://en.wikipedia.org/wiki/Food,https://en.wikipedia.org/wiki/Lifestyle_(sociology)",https://i.ytimg.com/vi/GwCpFKlR6Tg/maxresdefault.jpg,thumbnails/떡볶퀸Tteokbokqueen/GwCpFKlR6Tg.jpg
방구석광부,UCqE1H2Rc6EIU2Fx5lzwLCdg,T4adx2bZHps,군포 샤브샤브 맛집 🍲 뽕잎사랑 군포본점 버섯 스페셜 샤브 먹어본 후기 │ 따뜻한 국물 브이로그 ㅣ 26년03월19일,"군포에 있는 뽕잎사랑 군포본점에 다녀왔습니다.

오늘은 버섯 스페셜 샤브를 주문해서
여러 종류의 버섯과 고기, 그리고 육수가 만들어내는
샤브샤브의 흐름을 천천히 경험해봤습니다.

버섯이 들어가면서 육수의 풍미가 점점 깊어지고,
고기와 함께 먹을 때 식감의 조합이 자연스럽게 이어지는 메뉴였습니다.

특히 샤브샤브 특유의
끓이고, 익히고, 건져 먹는 과정이
식사를 더 여유롭게 만들어주는 느낌이었습니다.

✔ 뽕잎사랑 군포본점 방문 후기
✔ 버섯 스페셜 샤브 리얼 리뷰
✔ 군포 샤브샤브 맛집
✔ 따뜻한 국물 요리 브이로그

군포 근처에서 샤브샤브나
가볍게 즐길 수 있는 따뜻한 국물 요리를 찾고 있다면
참고해보셔도 좋을 것 같습니다.

영상이 도움이 되셨다면
구독과 좋아요 부탁드립니다.",2026-03-24T01:00:34Z,"군포맛집,군포샤브샤브,뽕잎사랑,뽕잎사랑군포본점,군포먹방,군포점심맛집,샤브샤브맛집,버섯샤브샤브,건강식맛집,군포외식,국물요리,맛집브이로그,군포브이로그,샤브샤브추천",26,ko,PT35M49S,2d,hd,true,545,0,0,0,public,creativeCommon,True,False,"https://en.wikipedia.org/wiki/Food,https://en.wikipedia.org/wiki/Lifestyle_(sociology)",https://i.ytimg.com/vi/T4adx2bZHps/hqdefault.jpg,thumbnails/방구석광부/T4adx2bZHps.jpg
맛집오타쿠😋マッチブオタク,UCwyaafBJhy77UoFc8PrMLiA,vL5Y9YKDG4g,현지 일본인들 3달씩 줄세우는 우리 고모의 비밀 한국식당/ 일본 후쿠오카,"일본에서 나고 자라셨지만, 한국과 한국 요리를 누구보다 깊이 사랑하시는 분.
오늘 여러분께 소개할 곳은 저희 고모가 운영하시는 후쿠오카의 작고 비밀스러운 한국 요리 전문점입니다.

조용한 주택가에 자리한 이곳은, 현지인들이 오랜 시간 대기하며 기꺼이 예약하는 찐 맛집이랍니다.
가까이서 지켜본 고모의 요리에는 절대 타협을 모르는 고집스러운 철학이 담겨 있어요.

단 한 포기의 채소, 한 점의 고기조차 완벽하지 않으면 가차 없이 버려지는 매서운 원칙.
하지만 그토록 엄격한 과정을 거쳐 완성된 요리는, 역설적이게도 가장 따뜻한 위로가 되어 일본 분들에게 진짜 한국의 맛과 감동을 선사하고 있습니다.

장인의 매서운 고집과 다정한 온기가 공존하는 곳.
고모의 따뜻한 식당에 여러분을 초대합니다.

🤗항상 촬영 후 가게의 사장님께는 ""영상을 보고 오신 분들이 방문하시면 꼭 잘 부탁드립니다""라는 말씀을 드리고 있어요.

🔹이곳 한국어 채널과 일본어 채널 2개를 운영하고 있습니다.
🔹본 영상은 유료광고를 포함하지 않습니다.
🔹구독과 좋아요 눌러주셔서 큰 힘이 됩니다. 정말 감사합니다.

| 식당정보 |
상호 / 景子庵(케이시안)
주소 / 福岡県福岡市東区西戸崎6-6-20
예약 / 090-4510-3566 (예약제)
코스 / 3,500엔 (약35,000원), 4,500엔 (45,000원),  5,500엔 (55,000원)

영업시간 / 12:00~15:00
JR 규슈 사이토자키역에서 도보 10분

【Google Maps】
https://maps.app.goo.gl/gqp5oGXGYL7cRxyH8?g_st=ic

 #일본여행 #일본맛집 #후쿠오카맛집

사용 마이크 / 젠하이저 PROFILE WIRELESS (프로파일 와이어리스)

| 비즈니스 문의 |
matjib.otaku@gmail.com",2026-03-26T10:27:30Z,"일본,일본여행,후쿠오카,후쿠오카여행,일본맛집,후쿠오카맛집,일본인반응,외국인반응,일본반응,일본여자,일본인,일본인먹방,외국인먹방,맛집,먹방,yt:cc=on",19,ko,PT13M30S,2d,hd,true,15403,1015,0,49,public,youtube,True,False,"https://en.wikipedia.org/wiki/Food,https://en.wikipedia.org/wiki/Lifestyle_(sociology)",https://i.ytimg.com/vi/vL5Y9YKDG4g/maxresdefault.jpg,thumbnails/맛집오타쿠マッチブオタク/vL5Y9YKDG4g.jpg
FoodTory 푸드토리,UC5WgT84wRQkhKfUIJI6Pl2w,zHBDa31nGSs,부안에서 이거 안 먹으면 손해입니다.. Amazing Korean Food  Braised pork buns,"전라북도 부안에서 현지인들이 추천하는 맛집,
번지농장 돌판아구찜에 다녀왔습니다.
오늘 먹은 메뉴는 아구찜 기본맛인데요,
돌판에 끓여 나오는 비주얼부터 남다르고
자극적이지 않은데도 계속 당기는 감칠맛이 인상적인 곳이었습니다.
✔️ 돌판에 나와서 끝까지 따뜻하게 먹는 아구찜
✔️ 비린 맛 없이 부드러운 아구 식감
✔️ 과하지 않은 양념인데 계속 당기는 맛
부안 여행 가시는 분들,
혹은 제대로 된 아구찜 찾고 계신 분들께 추천드립니다.
앞으로도 숨은 맛집, 제대로 된 맛집 계속 소개해드릴게요!

👉 구독 & 좋아요는 큰 힘이 됩니다 🙏

#부안맛집 #전북맛집 #아구찜맛집 #돌판아구찜 #번지농장돌판아구찜
#부안여행 #맛집추천 #먹방 #맛집탐방 #한국맛집
#kfood #koreanfood #mukbang #foodie #foodreview",2026-03-21T11:30:42Z,,22,ko,PT2M39S,2d,hd,false,152,1,0,0,public,youtube,True,False,"https://en.wikipedia.org/wiki/Food,https://en.wikipedia.org/wiki/Lifestyle_(sociology)",https://i.ytimg.com/vi/zHBDa31nGSs/maxresdefault.jpg,thumbnails/FoodTory푸드토리/zHBDa31nGSs.jpg
슈가레인 조한빛,UCY6-zah4BaTfM5lb5QbX_aA,aiJA3iX8E8s,🎹우리 사랑할까요? - 조한빛,"🎹""피아노 치는 셰프"" 조한빛입니다👨‍🍳 
🎹키보드: 우주 최강 커즈와일 MPS M1

🎵우리 사랑할까요?는 오래전에 디지털 싱글로 발매한 곡입니다. 눈감고 멜로디를 감상해주세요.

🎹키보드: 우주 최강 커즈와일 MPS M1
🎶무대: 북촌 원더쿠키 테라스 (사장님 장소협찬 감사합니다😆)

==================

🚨셰프의 도구/장비/재료🚨
▫️ 핸드믹서: https://m.site.naver.com/1hPS2
▫️ 스탠드믹서: https://m.site.naver.com/1hQaY
▫️ 푸드프로세서: https://m.site.naver.com/1hQbA
▫️ 핸드블렌더: https://m.site.naver.com/1hQbk
▫️ 마들렌팬: https://m.site.naver.com/1hQbK
▫️ 휘낭시에팬: https://m.site.naver.com/1hQbR
▫️ 청크잼: https://m.site.naver.com/1hSMg

🚨조한빛 파티시에 이력🚨
- 옥스퍼드 수학과 학부/석사
- 증권사 C사
- 전략 컨설팅 B사
- 게임사 N사
- 나카무라 서울
- 르노뜨르 서울
- 저서: 슈가레인 카페 디저트클래스, 슈가레인 케익 클래스

#피아노 #피아노커버 #Yungkai #blue #슈가레인 #조한빛",2026-03-21T00:24:53Z,,22,ko,PT4M33S,2d,hd,false,189,16,0,10,public,youtube,True,False,https://en.wikipedia.org/wiki/Music,https://i.ytimg.com/vi/aiJA3iX8E8s/maxresdefault.jpg,thumbnails/슈가레인조한빛/aiJA3iX8E8s.jpg
양자야 yangja,UCsjXKHduDVkGGtHItRVlA-g,qLAM1iAKERI,대구 서문시장 절대 혼자 가지마세요..,"와.. 대구 서문시장 역대급 진짜 미쳤습니다 
절대 혼자 가지마세요 여기 진짜 감당 안됩니다..ㅋㅋㅋㅋㅋㅋ

이메일 alstit@naver.com
인스타그램 yangjasoju (양자야)
[문의는 메일 및 인스타 메시지로 주세요]",2026-03-22T08:00:51Z,,22,ko,PT36M32S,2d,hd,false,120719,2644,0,525,public,youtube,True,False,"https://en.wikipedia.org/wiki/Food,https://en.wikipedia.org/wiki/Lifestyle_(sociology)",https://i.ytimg.com/vi/qLAM1iAKERI/maxresdefault.jpg,thumbnails/양자야yangja/qLAM1iAKERI.jpg
오-하리 O-Hari,UCO40W-yuMnpSUaN3Ti46F9A,67RaES5AEe0,"vlog🥐휴일 아침 겉바속쫀 버터떡 만들고 봄 한정 냉이김밥 만드는 일상, 돌아온 뿌링클 타임, 새로운 커피머신 구매하기","💌instagram :hari.moment
https://www.instagram.com/hari.moment
💌business e-mail : haridam1234@gmail.com 

안녕하세요 여러분 (｡･∀･)ﾉﾞ
이번 영상은 봄 맞이 냉이 김밥도 만들어 먹고 제 알고리즘을 장악해버린 버터떡 만들기에 도전하는 일상을 담아봤어요  (╹ڡ╹ ) 
저는 두 가지 틀을 사용했는데 미세한 차이로 밤 틀에 만든 게 더 쫀득하고 맛있었어요! (아마 밤 틀이 더 깊어서 그러지 않을까 추측 중이에요 🤔)

그럼 이번 영상도 재미있게 봐주시고 즐거운 하루 보내세요 ❤




#집밥브이로그 #요리브이로그",2026-03-25T09:15:01Z,"yt:cc=on,자취브이로그,일상브이로그,집밥,자취생브이로그,koreanfood,자취요리,mukbang,쿡방,cookbang,브이로그먹방,koreafoodvlog,koreanhomecooking",22,ko,PT21M10S,2d,hd,true,72767,2165,0,23,public,youtube,False,False,"https://en.wikipedia.org/wiki/Food,https://en.wikipedia.org/wiki/Lifestyle_(sociology)",https://i.ytimg.com/vi/67RaES5AEe0/maxresdefault.jpg,thumbnails/오-하리O-Hari/67RaES5AEe0.jpg
까치가족 TV KKACHI Family,UCEOhtAkf0MbKP_dvUYWcPNg,xEtLt35o8ls,"집에 왔더니 아내가 없네요... 우당탕탕 혼자 밥 해먹기 / 시골살이 브이로그 / (멍게비빔밥, 옛날통닭)","오늘도 까치가족의 시골 일상
영상 보러 와주셔서 감사합니다!
영상에 나온 주방도구 등 정보는 영상 왼쪽 하단 제품보기 및
설명란 참고해주세요!
많이 물어보시는 질문 및 예상 질문 ★
Q : 주방용품들(그릇 식기 조리도구 등) 어디서 사요?
A : 영상 왼쪽 하단에 제품태그 및
https://youtu.be/CZ4Qgb8BgvQ
https://youtu.be/rGQ7maepuao
영상 보시고 고정댓글을 참고 해주세요!!
고정댓글에 구매처 정리 해놓았습니다

Q : 까치파파 목이 왜 안움직여요? 눈빛이 이상해요
A : 강직성척추염 신체 장애가 있어서
목을 아예 못움직이다 보니
얼굴 근육 특히 눈근육을 많이 움직입니다 ~!
그래서 눈치 보이는 것 처럼 보일 수 있습니다.
Music provided by 브금대통령
Track :브금대통령 봄/기본좋은/
https://youtu.be/NPNuRxtDFM0?si=Auz-e3DTvdWxrfGu

Music provided by 브금대통령
Track : 귀여운 BGM 모음2
https://youtu.be/Gkh-wz-cHyg?si=OfZdOI5qoJXDtTqk 

Music provided by 브금대통령
Track : 코믹한 BGM 모음
https://youtu.be/M3j0QKsiIPc?si=sZp_qcfDO1HeGLOj

#웃긴가족 #멍게비빔밥 #시골살이브이로그",2026-03-22T09:59:20Z,"부부 먹방,가족 먹방,가족 먹방 유튜브,가족 먹방 유튜버,가족 유튜버,요리 레시피,요리 먹방,집밥,집밥먹방,집밥 요리,요리 브이로그,요리,일상 요리,시골가족,시골 유튜브,시골살이,부부 유튜버",22,ko,PT10M3S,2d,hd,false,12392,0,0,19,public,youtube,True,False,"https://en.wikipedia.org/wiki/Food,https://en.wikipedia.org/wiki/Lifestyle_(sociology)",https://i.ytimg.com/vi/xEtLt35o8ls/maxresdefault.jpg,thumbnails/까치가족TVKKACHIFamily/xEtLt35o8ls.jpg
사랑과 은혜,UCjJCcXQ1al2Wbq5mkVDYcaQ,6Az8D7K44cs,상도(6)/사랑과 은혜,조선 최고의 거상 임상옥 이야기,2026-03-25T11:30:10Z,,22,ko,PT33M54S,2d,hd,false,319,14,0,4,public,youtube,True,False,https://en.wikipedia.org/wiki/Knowledge,https://i.ytimg.com/vi/6Az8D7K44cs/maxresdefault.jpg,thumbnails/사랑과은혜/6Az8D7K44cs.jpg
마더쿡 Mother Cook,UCCKMOUzcg1qSXlJcd2jCemQ,iApyOsqnUhE,"뽀얀 국물 속 숨겨진 쫄깃함! 가리비 칼국수의 정석, 흑백가리비칼국수","가리비요리 #칼국수레시피 #비주얼요리 #해산물요리 #점심메뉴추천 #면요리 #제철가리비 #홈쿡 #마더쿡(Mother Cook) #마더쿡 #마더쿡하우스 

💙 마더쿡하우스 스마트 스토어 💙
( 영상 속 추천템, 직접 사용해보세요 )
https://smartstore.naver.com/mother_cook_house

[재료]
흑백가리비 1kg
생칼국수 350g
애호박 85g
당근 35g
청양고추 15g
대파 35g
간마늘 1큰술
국간장 1/2큰술
참치액젓 1/2큰술
후추 약간
물 1.5L",2026-03-26T01:15:04Z,"요리,집밥,마더쿡,쉬운요리",26,ko,PT3M47S,2d,hd,false,78,14,0,4,public,youtube,True,False,"https://en.wikipedia.org/wiki/Food,https://en.wikipedia.org/wiki/Lifestyle_(sociology)",https://i.ytimg.com/vi/iApyOsqnUhE/maxresdefault.jpg,thumbnails/마더쿡MotherCook/iApyOsqnUhE.jpg
(色示味) 푸다트 FoodArt,UCC0NzGgoVIdZoBd7QT4f7VA,T10VXTeM8-A,"피라미드에서 발견된 음식을 지금도 먹을 수 있다고?🍯 인류 최초의 달콤한 보물, 꿀 이야기｜푸다트 FoodArt","여러분, 혹시 3,000년 전 고대 피라미드에서 발견된 음식을 지금 바로 먹을 수 있다면 믿어지시나요?
거짓말 같지만, '신들의 이슬'이라 불리는 꿀이라면 가능한 이야기예요.🍯

우리가 지치고 힘든 날, 
입안 가득 퍼지는 꿀 한 스푼만큼 확실한 위로가 또 없죠. 
저도 촬영하면서 꿀의 황금빛 질감을 보고 있으면 마음이 참 편안해지더라고요.

소화도 잘되고 몸에도 좋은 꿀 한 스푼처럼, 
오늘 제 영상이 여러분의 하루에 달콤한 휴식을 취해보면 어떨까요?

🔔 맛있는 음식 이야기가 더 궁금하시다면? 
구독과 좋아요, 알림 설정으로 매주 흥미로운 음식 미스터리를 만나보세요!

#꿀이야기 #음식스토리텔링 #꿀효능 #플레이팅 #홈카페 #전통디저트 #건식식단 #푸다트 #Pudart",2026-03-24T21:22:29Z,,26,ko,PT2M8S,2d,hd,false,28,3,0,1,public,youtube,True,False,"https://en.wikipedia.org/wiki/Food,https://en.wikipedia.org/wiki/Lifestyle_(sociology)",https://i.ytimg.com/vi/T10VXTeM8-A/maxresdefault.jpg,thumbnails/色示味푸다트FoodArt/T10VXTeM8-A.jpg
CHEF OBANG,UCrUEXP6hWij1STtjO4MGLFA,nUatVxB59iw,Steamed tablea cupcake | Cupcake gamit ang steamer,,2026-03-28T02:00:00Z,,22,fil,PT3M28S,2d,hd,false,239,34,0,3,public,youtube,True,False,"https://en.wikipedia.org/wiki/Food,https://en.wikipedia.org/wiki/Lifestyle_(sociology)",https://i.ytimg.com/vi/nUatVxB59iw/maxresdefault.jpg,thumbnails/CHEFOBANG/nUatVxB59iw.jpg
비연Beeyeon,UCowzNAHxPyiZoIfodZCouiw,g2wnM5ikDps,힘들게 편입해놓고 1년반째 휴학 중인 반백수의 돼지런한🥘🍫먹방VLOG/짬뽕+크림탕수육/쫄면순두부+봄동비빔밥/두바이소금빵+먹물소금빵+갈릭바게트/스니커즈딸기+누텔라+두바이스프레드,"・Instagram 
@biyeonq

・E-mail
 beeyeon123@gmail.com

#먹방브이로그  #mukbang 
#요리브이로그  #cooking 

00:00 🍳휴학생의 아침
02:14 🥘엽기 닭볶음탕+당면+계란야채죽
07:39 🧇두바이 딸기 와플+두바이 와플+딸기누텔라 생크림 와플+딸기누텔라 와플
13:35 🫧설거지 하고 강쥐 산책하고 밥 먹이기
15:36 📚도서관
16:16 👨‍🎤알바
17:44 🍭알바 끝나고 나쵸랑 딸기 스니커즈에 누텔라+두바이 찍먹
20:52 🥘봄동 비빔밥+쫄면 순두부
26:10 🍰두바이소금빵+먹물소금빵+갈릭바게트
28:36 🍰할머니댁가서 봄동비빔밥 만들어드리고 막창이랑 마카롱 먹기
30:16 🥘 [홍란] 짬뽕+크림탕수육",2026-03-21T10:00:26Z,"モッパン,モッパンブイログ,韓国モッパン,韓国,韓国モッパンブイログ,Spicyfood,Spicy,먹방,먹방브이로그,학생,학생브이로그,학생먹방,비연,MUKBANGVLOG,MUKBANG,VLOG,EATING,EATINGVLOG,DESSERT,DESSERTVLOG,BIYEON,대학생,브이로그,디저트,디저트브이로그,집순이,빵순이,폭식,폭식브이로그,Cooking Vlog,COOKING,binge,BINGEVLOG,요리,요리브이로그,두바이소금빵,소금빵,두바이,먹물,먹물소금빵,갈릭바게트,갈릭,바게트,두바이와플,두바이딸기와플,딸기,누텔라,누텔라와플,딸기와플,와플,엽닭,엽기,닭볶음탕,엽기닭볶음탕,계란야채죽,계란,야채죽,죽,짬뽕,크림탕수육,크림,탕수육,가지튀김,튀김,가지,군만두,중국집,봄동,봄동비빔밥,비빔밥,순두부,순두부찌개,쫄면,쫄면순두부,면,카다이프,휴학,휴학생,휴학VLOG",22,ko,PT33M21S,2d,hd,false,139198,1187,0,148,public,youtube,True,False,"https://en.wikipedia.org/wiki/Food,https://en.wikipedia.org/wiki/Lifestyle_(sociology)",https://i.ytimg.com/vi/g2wnM5ikDps/maxresdefault.jpg,thumbnails/비연Beeyeon/g2wnM5ikDps.jpg
베이크앤미 BAKE & 米,UCuHLhPEAckdINL15Cwdj8wg,ZeD1aPpeFUk,촉촉한 말차쌀파운드케이크 만들기 & 말차아이싱 | 말차베이킹 | 쌀베이킹 | 글루텐프리 Matcha Rice Pound Cake,"촉촉한 말차쌀파운드케이크 만들기 
더보기 Click ! 

파운드케이크 좋아하시나요?💚
버터향 가득~ 묵직하면서 
촉촉한 파운드케이크 정말 좋아하는데
제 취향을 듬뿍 넣어 
말차쌀파운드케이크 레시피 만들었어요 
진한 말차에 촉촉함이 더해져서
한조각만 먹어야지 ! 하는데 멈출 수 없어요 
3조각은 기본으로 들어갑니다 😋
밀가루 없이 쌀가루로도 부서지지 않은
촉촉한 말차쌀파운드케이크 만들어보세요 ❣️

오늘도 영상 시청해주셔서 감사합니다 🙏🏻

건강한 쌀디저트습관 ‘베이크앤미’

✅ 말차쌀파운드케이크 레시피 (오란다틀 대)
무염버터 100g
설탕 90g
소금 1g
달걀 100g
박력쌀가루 70g
아몬드가루 20g
말차가루 10g
베이킹파우더 4g
동물성생크림 25g

말차아이싱
슈가파우더 80g
말차가루 9g
우유 25g
(덜 달게 얇게 바르고 싶다면
우유를 조금 더 추가해주세요)

구독과 좋아요는 영상 제작에 큰 힘이 됩니다 💪🏻
영상 레시피로 클래스 운영, 영상 2차 편집 및 무단 도용을 금지합니다!

🌾 베이크앤미 SNS
https://www.instagram.com/bake.n.mi

👩🏻‍🍳쌀베이킹클래스 예약 및 문의
http://pf.kakao.com/_xjGxcHs

📍베이크앤미 위치
경기도 이천시 이섭대천로 1305 

#말차베이킹 #말차파운드케이크 #쌀베이킹 #홈베이킹

https://www.youtube.com/watch?v=zdeBL_m8ZCo&t=34s",2026-01-08T11:35:20Z,"말차베이킹,말차파운드케이크,말차쌀파운드케이크,쌀파운드케이크,파운드케이크,홈베이킹,홈베이킹레시피,초보홈베이킹,말차베이킹레시피",26,ko,PT2M56S,2d,hd,false,1269,69,0,13,public,youtube,True,False,"https://en.wikipedia.org/wiki/Food,https://en.wikipedia.org/wiki/Lifestyle_(sociology)",https://i.ytimg.com/vi/ZeD1aPpeFUk/maxresdefault.jpg,thumbnails/베이크앤미BAKE米/ZeD1aPpeFUk.jpg
맛좋아연,UCJV_QOD5n-9AzrVGzZ_-mog,6kloanMVDUw,삿포로역 북광장 경비들도 긴장한 맛광대력 #삿포로여행#일본여행,,2026-03-01T09:20:53Z,,22,ko,PT19M25S,2d,hd,false,1219,31,0,15,public,youtube,True,False,https://en.wikipedia.org/wiki/Lifestyle_(sociology),https://i.ytimg.com/vi/6kloanMVDUw/maxresdefault.jpg,thumbnails/맛좋아연/6kloanMVDUw.jpg
과나gwana,UCZVD--cl8FLRn7kmSudAuBA,YC8w8IF3UJk,닭똥집,"닭똥집 
산사람 
노래: 과나 
기타: 전유준
베이스: 유영은 
드럼: 박영진 

작사,작곡,뮤직비디오 - 과나 

산사람 1집 들으러 가기: https://youtu.be/OoCgyrepJFE?si=PfJ7eyYdM8C7TZNw

인스타그램: @gwana9102",2026-03-18T08:14:20Z,,24,ko,PT5M58S,2d,hd,false,57159,2942,0,434,public,youtube,True,False,https://en.wikipedia.org/wiki/Music,https://i.ytimg.com/vi/YC8w8IF3UJk/maxresdefault.jpg,thumbnails/과나gwana/YC8w8IF3UJk.jpg
상하이신 ShanghaiShin,UCDYcFxOUYQgFaFtu4I6_uyw,ggojsiEMXPc,상하이 31만원/인 11코스 高밀도 오마카세..,상하이에서 저녁으로 다녀온 오마카세 영상입니다:),2026-03-09T05:08:04Z,"상하이맛집,omakase,오마카세,일본요리",22,ko,PT8M46S,2d,hd,false,6818,224,0,31,public,youtube,True,False,"https://en.wikipedia.org/wiki/Food,https://en.wikipedia.org/wiki/Lifestyle_(sociology)",https://i.ytimg.com/vi/ggojsiEMXPc/maxresdefault.jpg,thumbnails/상하이신ShanghaiShin/ggojsiEMXPc.jpg
아리 AREE,UCTNjpHEtyz4PTFfYfYsv9SA,Q_hE3bb17IE,"배달놉! 다이어터 직장인의 10가지 간단하고 건강한 냉이요리 모음zip.냉이파스타, 냉이솥밥, 냉이김밥, 냉이샌드위치,냉이페스토, 냉이볶음밥, 냉이크림, 냉이피자..그리고 냉이라면","안녕하세요
오랜만에 돌아와보니 봄이 되어있어요

봄 기념 냉이 브이로그..의도치 않았지만 너무많이 구매해버려 탄생하게 된 영상입니다 :)
추가로 끝에는 보너스 영상까지 있으니...! 기대! 아니 끝까지 봐주셔요 

기다려주셔서 감사해요
더운여름 건강 잘 챙기시고, 또만나요:)

#자취요리  #다이어트  #직장인 

[타임라인]
00:00 인트로
00:33 굴 냉이 파스타
03:41 비트 차지키 파스타
06:27 레몬파스타&살구 샐러드
08:55 냉이 크림
11:42 냉이크림피자
13:13 냉이페스토
14:33 냉이페스토 샌드위치
16:01 냉이페스토 파스타
17:19 냉이페스토 볶음밥
19:02 냉이라면

참고로 마지막 메뉴인 냉이라면은 아기맹수님 레시피 따라해봤어요 :) 

_____________________________

📍my new instagram :   / awelbyaree
   https://www.instagram.com/awelbyaree",2026-03-12T10:00:45Z,,26,ko,PT20M45S,2d,hd,true,2860,98,0,34,public,youtube,True,False,"https://en.wikipedia.org/wiki/Food,https://en.wikipedia.org/wiki/Lifestyle_(sociology)",https://i.ytimg.com/vi/Q_hE3bb17IE/maxresdefault.jpg,thumbnails/아리AREE/Q_hE3bb17IE.jpg
스튜디오 수제,UC4ZA57iJrf73bJlApKFeLRw,-rdQxOZgQCE,🚨또방문 특집🚨분노했던 분당 토박이들이 뛰쳐나와 추천해준 분당 로컬 찐맛집 | 또간집 EP.97,"풍자 댓글 폭주했던 분당 다시 왔당. SNS 핫플, 광고 맛집 전부 제외.
오직 맛부심으로 인터뷰하러 뛰쳐나온 분당 로컬들 추천으로만 완성한 역대급 찐맛집🔥
근본 한식 청국장, 비빔밥부터 퇴근푸드 돼지고기 목살 맛집, 어린 시절 추억 감성 다 잡은 경양식 돈까스까지. 
해 질 때까지 정자 야탑 수내 서현 샅샅이 뒤져 찾은 로컬 맛집들만 싹 담았습니다.

분당 또방문 특집, 과연 1등 종결 맛집이 나타났을까?

#풍자 #또간집 #먹방 #경기 #분당 #맛집
다음에 풍자가 먹으러 갈 곳은 어디? (힌트: 분당편 🍪)
또간집 98화 4/10(금) 오후 6시 30분 공개

[ 또간집 선서 ] 
✋🏻맛집 광고✋🏻 
✋🏻맛집 협찬✋🏻 
✋🏻맛집 비즈니스✋🏻 
안 받겠습니다.
 
하지만.. 풍자가 쫌.. 많이 먹어요.. -


 🙆‍♀️맛집 외 광고 / 협찬 / 비즈니스🙆‍♀️
suze.official@studiosuze.co.kr

※ English subtitles are available.
※ 영상 내에 등장하는 모든 출연자에 대한 무분별한 비난 및 욕설 등은 무통보 삭제될 수 있습니다.",2026-03-27T09:30:06Z,"ㄸㄱㅈ,맛집,마집,찐맛집,찌마깁,aktwlq,WLsaktwlq,ehrkswlq,EHrkswlq,EHrksqlq,또간집,도간집,두갑집,픙자,홍자,pungja,mukbang,먹방,여햐ㅐㅇ,또간딥,또 간 집,또 간,또 ㄱ,또갈집,또살집,또산집,Ehtkswlq,똑간집,한식,분당,성남,정자,야탑,수내,서현,이매,미금,판교,정자동,야식,저메추,점메추,경양식,돈까스,삼겹살,목살,청국장,된장찌개,집밥,a/s,as,민심회복",24,ko,PT40M10S,2d,hd,true,391448,5097,0,1573,public,youtube,True,False,"https://en.wikipedia.org/wiki/Food,https://en.wikipedia.org/wiki/Lifestyle_(sociology)",https://i.ytimg.com/vi/-rdQxOZgQCE/maxresdefault.jpg,thumbnails/스튜디오수제/-rdQxOZgQCE.jpg
정인숙 자연 발효 밥상,UCK_eNXVz67P6zwPo28tb2GA,XQmkHFfHrCU,"그냥 물에 타지 마세요, 이렇게 드세요! 천연식초음료 3가지 마시는 비법 공개","몸속 염증, 그냥 두지 마세요.

오늘은
혈관 건강을 살리는 천연식초음료를
집에서 쉽게 만드는 방법을 알려드립니다.

✔ 물에 타는 것보다 중요한 건 ‘방법’입니다
✔ 식초 효능을 200% 끌어올리는 핵심비법 공개!

📌 이런 분들 꼭 보세요
✔ 혈관 건강이 걱정되시는 분
✔ 피로가 쉽게 쌓이시는 분
✔ 건강하게 체질 개선하고 싶은 분

📌 재료
숙성식초 (토마토, 오디, 사과 등) 1.6L
양파 500g
마늘 500g
생강 500g
액소금 30ml
채수(음용시)
쌀요거트(음용시)

매일 한 잔으로
몸이 달라지는 경험, 시작해보세요 😊

👍 도움이 되셨다면 좋아요
💬 궁금한 점은 댓글로 남겨주세요
🔔 구독·알림 설정으로 발효 레시피 계속 만나보세요


#면역력음식 #시니어건강 #정인숙자연발효밥상 #천연식초음료 #식초효능 #혈관건강 #염증제거 #면역력강화 #건강습관 #발효음료 #자연발효 #건강레시피 #집에서만드는건강식
#시니어건강 #장건강 #피로회복 #혈당관리 #건강정보 #건강식단 #집밥레시피 #자연치유 #건강관리 #몸속독소
#FermentedDrink #VinegarDrink #HealthyAging #GutHealth #AntiInflammation #DetoxDrink #HealthyLifestyle #NaturalHealing #KoreanHealthFood #HomeRemedy
#発酵飲料 #酢ドリンク #健康習慣 #腸活 #免疫力アップ #疲労回復 #血管健康 #自然発酵 #健康レシピ #シニア健康",2026-03-27T08:30:11Z,,27,ko,PT10M18S,2d,hd,false,1532,100,0,5,public,creativeCommon,True,False,"https://en.wikipedia.org/wiki/Food,https://en.wikipedia.org/wiki/Lifestyle_(sociology)",https://i.ytimg.com/vi/XQmkHFfHrCU/maxresdefault.jpg,thumbnails/정인숙자연발효밥상/XQmkHFfHrCU.jpg
국전문거창,UC_68ISPbWhbx9So4YMtsORw,WTWDdwx9tec,단배추 삶으면서 하루 출발~ #추어탕,,2026-03-27T11:32:07Z,,24,ko,PT1H56M53S,2d,hd,false,679,20,0,1,public,youtube,True,False,"https://en.wikipedia.org/wiki/Food,https://en.wikipedia.org/wiki/Lifestyle_(sociology)",https://i.ytimg.com/vi/WTWDdwx9tec/maxresdefault.jpg,thumbnails/국전문거창/WTWDdwx9tec.jpg
마시즘,UCKOwuJ5n5XcvCW3NbCwwd7Q,vgJTri6I8_4,K-음료 한 입에 터진 독일식 리액션 (월드 음료 총회),"마시즘의 월드 음료 총회 호스트 은수저님과 
독일 대표 플로리안님, 튀르키예 대표(인듯한 대전 대표) 알파고님과 함께 한 세계의 역사 이야기
그리고  K-음료 평가까지! 

유머감각이 남다르다... 과연 가장 강한 인상을 남긴 한국 편의점 음료는 무엇일까요? 
전세계를 넘나드는 액체부심, 월드 음료 총회 3화에서 만나보세요.

#은수저 #알파고 #플로리안 
#월드음료총회 #마시즘",2026-03-27T09:46:27Z,"편의점,음료,음료리뷰,음료수,마시즘,은수저,알파고,플로리안,밀키스,한국반응,한국음료,외국인,해외반응,튀르키예,독일,케밥,아이란,튀르키예여행,독일여행",22,ko,PT18M36S,2d,hd,true,15883,83,0,40,public,youtube,True,False,https://en.wikipedia.org/wiki/Entertainment,https://i.ytimg.com/vi/vgJTri6I8_4/maxresdefault.jpg,thumbnails/마시즘/vgJTri6I8_4.jpg
live fish fillet 거제도 수아아빠TV_ (dress Fish),UCUBJd6JEUqmjgttfWK78m_Q,ATLyCYX86c4,시마아지 2.5kg 이건 놓치면 후회합니다.,"2.5kg 시마아지 국내 최저가 놓치면 후회합니다.
https://open.kakao.com/o/gpmDPyIh

욕지도 고등어 구매 단톡방
https://open.kakao.com/o/gzJKLY0g",2026-03-26T15:26:56Z,,26,ko,PT7M,2d,hd,false,2114,46,0,25,public,youtube,True,False,"https://en.wikipedia.org/wiki/Food,https://en.wikipedia.org/wiki/Lifestyle_(sociology),https://en.wikipedia.org/wiki/Pet",https://i.ytimg.com/vi/ATLyCYX86c4/maxresdefault.jpg,thumbnails/livefishfillet거제도수아아빠TV_dressFish/ATLyCYX86c4.jpg
맥형TV,UCFl-99LMN1M90gYtaRpT2sw,IaYso5DgkYI,망원시장 앞 망리단길 1층 상가에서 줄서는 가게 만들기! (창업 실전편),"""망원동 망리단길, 화려해 보이지만 임대료와 권리금은 상상을 초월합니다. 😱
이곳에서 보증금, 권리금, 시설비까지 단 4,500만 원으로 창업할 수 있을까요?

이번 영상에서는 맥형TV가 직접 발로 뛰며 찾아낸 '저비용 고효율' 입지의 비밀을 공개합니다.

✅ 오늘의 핵심 관전 포인트:

비용의 한계: 4,500만 원이라는 '말도 안 되는 예산'으로 1층 입점하기

입지의 마법: 대로변보다 무서운 '버스 정류장'의 낙수 효과

아이템의 적합성: 왜 시장 입구엔 '붕어빵'과 '모찌'인가?

리스크 관리: 2년 이상 지속 가능한 아이템을 고르는 법

'돈이 없어서 창업 못 한다'는 핑계를 쏙 들어가게 할 리얼 창업기, 지금 확인하세요! 🔥""

3. 타임라인 (Timestamps) 

00:00 인트로: 4,500만 원으로 망원동 창업이 가능할까?
00:16 힙한 동네 망원동 입성! 오늘의 미션 확인
00:52 500만 원 창업? 오해와 진실 (권리금/보증금의 벽)
02:01 버스 정류장이 상권보다 중요한 이유
03:04 잘되는 베이커리의 공통점: 줄 서는 심리
03:57 시장 감성과 찰떡궁합! 붕어빵 아이템 선정 이유
04:32 4평, 6평 소형 매장의 생존 전략
05:02 유행 타는 아이템? 2년 이상 갈 수 있는 비결
07:11 고양이 미용실을 디저트 가게로! (설비 및 전기 증설 문제)
08:06 버스 기다리는 사람들을 홀리는 '버터 향' 전략
09:08 원금 회수 2~5개월, 불가능을 가능케 하는 맥형의 솔루션

[비즈니스 및 문의 링크]

📍 [맥형TV] 광고문의 및 출연신청 : holidaybeer8@gmail.com
🎓 [맥형아카데미] 창업 상담 : https://link.inpock.co.kr/macbro
🍖맥형 브랜드 [감골연탄집] : http://www.xn-439a1py41drrdeyk.com/web/index.html
🥪맥형 브랜드 [모찌방앗간] : https://naver.me/GIIuJ5d8
🍕 맥형 브랜드 [롱타임노씨] : https://longtimenosee29.com
📞 창업 교육 및 문의 : 1899-1029 (평일 오전 10시 ~ 오후 7시)

#맥형 #창업 #자영업 #소자본창업 #디저트창업 #모찌방앗간 #상권분석 #망리단길맛집",2026-03-26T09:00:21Z,,26,ko,PT11M10S,2d,hd,false,1039,0,0,8,public,youtube,True,False,,https://i.ytimg.com/vi/IaYso5DgkYI/maxresdefault.jpg,thumbnails/맥형TV/IaYso5DgkYI.jpg
흑백리뷰,UC5T4b53jVkm07JbYoyYiu7A,Ujl8i_p7MMc,농심 신라면 말고 순라면이라고? 이게 정식 출시했어요?,"#흑백리뷰 #농심 #라면 
농심 순라면 리뷰 먹방",2026-03-27T08:00:23Z,"흑백리뷰,먹방,음식,푸드,먹방리뷰,음식리뷰,푸드리뷰,요리,농심,순라면,농심신상,신상라면,라면리뷰,해외판라면,순라면해외판,순라면컵라면,롯데마트신상,마트신상,편의점신상,신제품리뷰,라면비교,건면",24,ko,PT2M32S,2d,hd,true,116675,2195,0,88,public,youtube,True,False,"https://en.wikipedia.org/wiki/Food,https://en.wikipedia.org/wiki/Lifestyle_(sociology)",https://i.ytimg.com/vi/Ujl8i_p7MMc/maxresdefault.jpg,thumbnails/흑백리뷰/Ujl8i_p7MMc.jpg
もちちゃん,UCagvBNz5N09i3hrneuWgPmg,f6gsGNbCnRU,일본인이 디진다돈까스 완식하고 생긴 일…😳⁉️,"안녕하세요~모찌짱입니다!

영상을 봐 주셔서 감사합니다☺️✨
디진다돈까스에 이겼다고 생각했는데...
먹고 나서 진짜 고통스러운 시간을 보냈어요.

여러분도 맛있는 거 드시고 행복하세요!

__________________
📍온정돈까스 부평문화점
인천 부평구 부평대로12번길 8 1층
https://naver.me/5l28428O
__________________
🔗Instagram
♡모찌짱(もちちゃん)
@mochichang_korea
https://www.instagram.com/mochichang_korea/

🔗TikTok 
@mochichang_korea
https://www.tiktok.com/@mochichang_korea/

◼︎Bisiness Mail
ririshanfit@gmail.com
#일본인#한국여행 #먹방 #인천 #디진다돈까스",2026-03-27T10:00:59Z,,19,ko,PT24M39S,2d,hd,false,10176,1031,0,277,public,youtube,True,False,"https://en.wikipedia.org/wiki/Food,https://en.wikipedia.org/wiki/Lifestyle_(sociology)",https://i.ytimg.com/vi/f6gsGNbCnRU/maxresdefault.jpg,thumbnails/もちちゃん/f6gsGNbCnRU.jpg
양희경의 딴집밥,UCfxSyqDWlIY4eyBPW64lZ5w,FJ6wlmuhTC8,연근을 갈아서 수제비를? 쫄깃함의 차원이 다른 인생 레시피 (feat. 선재스님),"안녕하세요, '딴집밥 식구 여러분'👋
오늘은 뿌리채소의 보석, 
'연근'을 활용해 아주 특별한 수제비를 만들어보았어요.

연근을 곱게 갈지 않고 
적당히 식감을 살려 반죽하는 것이 핵심입니다!

간젓장과 삼분육수로 깊은 맛을 낸, 
자극적이지 않고 건강한 맛.
비 오는 날이나 뜨끈한 국물이 생각날 때, 

꼭 한번 따라 해 보세요.🥰

✅연근 수제비
1. 끓는 물에 삼분육수 두 포를 넣어준다
2. 버섯가루 한티스푼을 넣어준다
3. 간젓장을 밑간으로 넣어준다
4. 연근의 껍질을 필러로 벗겨 갈기 좋게 썰어준다
5. 잘 썰은 연근을 도깨비 방망이 통에 담은 후
물을 3분의 2정도 넣어준다
6. 도꺠비 방망이로 갈아준다 
   단, 곱게 갈지 않는다
7. 어느정도 간 연근에 밀가루를 1:1 비율로
   먼저 섞어 농도를 맞춰준다
8. 반죽에 간젓장으로 밑간을 해준다
9.육수가 끓으면 다진마늘을 넣어준다
10. 파를 넉넉하게 썰어 준비한다
11. 부드러운 쫄깃한 식감을 위해 반죽의 농도를 
      조절하여 국자나 숫가락으로 육수에 넣어준다
12. 소금으로 간을 맞춰준다
13. 국물이 팔팔 끓으면 파를 넣고 
     뚜껑을 덮어 우르륵 끓어준다
14. 들기름을 한바퀴 둘러준다

🌐 딴집 블로그
https://blog.naver.com/ddanzip_bab
🌐 딴집 인스타
 https://www.instagram.com/ddanzip_bab
🌐 네이버 스마트스토어 
https://smartstore.naver.com/ddanzipmall",2026-03-27T03:00:00Z,"양희경의딴집밥,연근수제비,연근요리,건강레시피,수제비황금레시피,속편한음식,간단요리,K푸드,삼분육수,들기름요리,제철채소,보양식,다이어트,식단,수제비,선재스님,양희경",22,ko,PT9M19S,2d,hd,false,3876,219,0,5,public,youtube,True,False,"https://en.wikipedia.org/wiki/Food,https://en.wikipedia.org/wiki/Lifestyle_(sociology)",https://i.ytimg.com/vi/FJ6wlmuhTC8/maxresdefault.jpg,thumbnails/양희경의딴집밥/FJ6wlmuhTC8.jpg
흥삼이네 Heungsam's Family,UC5XuQ-xiWAB6f-qu6gJMDBQ,S3keVNFjp_E,"부드러운 닭다리살을 솥뚜껑에 노릇노릇하게 구운 닭구이! 양파와 버섯, 꽈리고추까지~ (Grilled Chicken Thigh) 요리&먹방!! - Mukbang eating show","부드러운 닭다리살을 솥뚜껑에 노릇노릇하게 구운 닭구이! 양파와 버섯, 꽈리고추까지~
#닭구이 #닭다리살 

0:00 요리~
3:03 먹방~

좋아요&구독하기 한 번 씩 눌러주세요!!
흥삼이에게 큰 힘이 됩니다!!
Your [Subscribe&like] would mean a lot to the creator!!

각종 문의
이메일 문의 주소 : gmdtka78@naver.com
Instagram : https://www.instagram.com/heungsam_family/",2026-03-22T09:00:38Z,"흥삼,Rooftop,먹방,Mukbang,옥탑방,Cook,eatingshow,eating show,요리,쿡방,먹방 레전드,흥삼 먹방,mukbang korea,mukbang korean,mukbang korean food,mukbang reaction,吃播,食べ放題,Korea food,K food,가마솥 요리,솥뚜껑 요리,시골먹방,시골 먹방,가족먹방,가족 먹방,ASMR,asmr,ASMR eating show,Heungsam,Heungsam mukbang,4k,닭다리살구이,grilled chicken thigh,솥뚜껑닭구이,lid pan chicken grill,노릇한닭구이,golden grilled chicken,양파버섯구이,grilled onion and mushroom,꽈리고추구이,grilled shishito peppers,닭고기요리",22,ko,PT17M3S,2d,hd,true,308716,7369,0,200,public,youtube,True,False,"https://en.wikipedia.org/wiki/Food,https://en.wikipedia.org/wiki/Lifestyle_(sociology)",https://i.ytimg.com/vi/S3keVNFjp_E/maxresdefault.jpg,thumbnails/흥삼이네HeungsamsFamily/S3keVNFjp_E.jpg
웅이woongei,UCK72hqlUxI_E5VwL4cy8-ww,lv_TRsiCId0,새벽 3시에 배고파서 통수육 2KG 짜파게티 5개 파김치까지 먹방 MUKBANG,"#맛집 #먹방 #짜파게티

*인스타 woong__ei
*광고 및 협찬문의: woong_ei@naver.com
*공용&편집문의:97woongei@gmail.com
🍜웅이(후원) 투네이션: https://toon.at/donate/woong0619
오늘도 재밌게 봐주셨다면 좋아요💖 구독💖 눌러주시면 감사합니다!

✔모든 폰트와 BGM은 라이선스 취득 후 사용 중 입니다.
✔유언비어나 악의적인 댓글 및 인신공격은 신고 및 삭제와 차단이 될 수 있습니다.",2026-03-27T10:00:00Z,"먹방,웅이,MUKBANG,푸드파이터,EATING SHOW,ASMR,노포맛집",22,ko,PT11M44S,2d,hd,false,25295,1255,0,65,public,youtube,True,False,"https://en.wikipedia.org/wiki/Food,https://en.wikipedia.org/wiki/Lifestyle_(sociology)",https://i.ytimg.com/vi/lv_TRsiCId0/maxresdefault.jpg,thumbnails/웅이woongei/lv_TRsiCId0.jpg
쿡잇파파 C.E.P.P,UCpGhouGKBKz8bulck-eFVhg,ljXMqgXfXGA,콩나물무침 대파 넣지말고 '이걸' 둠뿍 넣으면 10배 맛있고 향긋합니다!,"콩나물 무칠땐 이건 꼭 넣어보세요!! 초초초 강추 입니다!

---- 재료 ----
미나리 200g
콩나물 300g

---- 양념 ----
맛소금 1/10스푼 1g
고춧가루 반스푼 3~4g
통깨 1스푼 4g
국간장 1스푼 8g
참기름 2스푼 10g

** 삼삼한 간입니다. 기호에 따라 맛소금 2~3꼬집 국간장 1스푼 정도 추가해보세요

😍😍두율이네 반찬값 지원사격은 요기요기😍😍
↓↓↓↓↓↓↓↓↓↓↓↓
https://www.youtube.com/channel/UCpGhouGKBKz8bulck-eFVhg/join

#콩나물무침 
#콩나물레시피 
#콩나물무침만들기",2026-03-27T23:00:56Z,"콩나물무침,콩나물무침 만들기,콩나물무침 레시피,콩나물무침 만드는법,콩나물무침 황금레시피,콩나물무침 김대석,콩나물무침 백종원,콩나물무침 물안생기게,콩나물무침 추추,콩나물무침 비룡,콩나물 무침,콩나물 무침 레시피,콩나물 무침 만들기,콩나물 요리,콩나물 레시피",26,ko,PT2M1S,2d,hd,false,170,15,0,1,public,youtube,True,False,"https://en.wikipedia.org/wiki/Food,https://en.wikipedia.org/wiki/Lifestyle_(sociology)",https://i.ytimg.com/vi/ljXMqgXfXGA/maxresdefault.jpg,thumbnails/쿡잇파파CEPP/ljXMqgXfXGA.jpg
워커제이WALKER.J,UC7zXyx0M1Nz2qb7zgfOL0_Q,tC8fW0BDzvY,남대문시장! 진짜 큰일! 국산이 중국산 보다 더싸네! 옷값이 과자값이야! #남대문시장 #시장 #동대문시장 #중국산 #국내산 #먹거리 #악세사리 #의류 #신발 #폭락 #쇼핑,남대문시장! 진짜 큰일! 국산이 중국산 보다 더싸네! 옷값이 과자값이야! #남대문시장 #시장 #동대문시장 #중국산 #국내산 #먹거리 #악세사리 #의류 #신발 #폭락 #쇼핑,2026-03-27T03:55:18Z,,22,ko,PT33M33S,2d,hd,false,17673,396,0,58,public,youtube,True,False,"https://en.wikipedia.org/wiki/Food,https://en.wikipedia.org/wiki/Lifestyle_(sociology)",https://i.ytimg.com/vi/tC8fW0BDzvY/maxresdefault.jpg,thumbnails/워커제이WALKERJ/tC8fW0BDzvY.jpg
지순이네 jisoonhome,UCLIf2YCmdcDNNZ1flu0AwKA,As296wVu5rg,"🍜새벽 라면에 술까지 먹는 부부 / 안주 레시피 / 굴해장파스타, 찜닭, 된장술밥, 고갈비, 들깨닭칼국수 / 사골육수 활용법 3가지","오늘은 저희 부부가 매일 하는 고민,
야식.. 결국 그렇게 됐고요…
새벽에 먹는 라면은 왜 이렇게 맛있는 거죠😭

다음날은
굴 듬뿍 넣고 해장 파스타부터 칼국수, 된장 술밥까지
이번 한 주는 이제껏 못 먹은 거 다 먹은 것 같아요🤣

오늘도 영상 보러 와주셔서 감사합니다🖤
좋은 밤 되세요 🌙

여러분은 오늘 야식 뭐 드세요..?


[타임 라인]
00:00-02:01 야식(파개장 라면)
02:01-03:18 굴 해장파스타(원팬파스타)
03:18-05:39 찜닭
05:39-07:31 일상
07:31-09:38 된장술밥
09:38-10:06 고구마 먹방
10:06-12:09 고갈비
12:09-12:29  간식품질검사시간
12:29-14:51 들깨 닭칼국수
14:51-16:25 돼지국밥

🎵Music provided by 브금대통령
🎵Music provided by 오늘의일기

🍜새벽 라면에 술까지 먹는 부부 / 안주 레시피 / 굴해장파스타, 찜닭, 된장술밥, 고갈비, 들깨닭칼국수 / 사골육수 활용법 3가지

#라면먹방 #집밥레시피 #자취생요리",2026-03-20T14:01:44Z,"자취생요리,지순이네,집밥레시피,새벽에라면끓여서술먹방,라면먹방,MUKBANG,사골육수활용법,굴해장파스타,찜닭,된장술밥,고갈비,들깨닭칼국수,파개장라면",26,ko,PT16M34S,2d,hd,true,6206,129,0,32,public,youtube,True,False,"https://en.wikipedia.org/wiki/Food,https://en.wikipedia.org/wiki/Lifestyle_(sociology)",https://i.ytimg.com/vi/As296wVu5rg/maxresdefault.jpg,thumbnails/지순이네jisoonhome/As296wVu5rg.jpg
팔숙이 palsook,UCI64Eh_rwWGNDOqrXAcSL8Q,sGUZUO_f-qQ,✔아무도 모릅니다. 간장 부으세요! 놀라운 일이 벌어집니다.【평생 써먹으세요】진미채장아찌,"🔔 진미채장아찌. (1T = 밥숟가락 / 1컵 = 200ml 종이컵)
진미채 300g, 청양고추 4개, 진간장 200ml (1컵), 사탕수수원당 1T (10g), 물엿 100ml (½컵), 물 400ml (2컵), 식초 3T, 소주 100ml (½컵), 미림 3T.
진미채장아찌 100g, 고추장 ½T, 고춧가루 ½T (4g), 다진 마늘 ⅓T (2g), 참기름 1T, 깨 ½T.

☑️ 깨는 볶은 참깨를 사용합니다.

✨진미채장아찌. (자세한 레시피는 영상을 참고하세요.)
1. 냄비에 진간장 200ml, 사탕수수원당 1T (10g), 물엿 100ml, 물 400ml 섞는다.
2. 뚜껑 닫고 센 불로 끓인다.
3. 끓으면 불 끄고 식초 3T, 소주 100ml 섞는다.
+ 완전히 식힌다.
4. 진미채를 물에 살짝 헹군다.
5. 예열한 팬에 진미채 넣고 중불로 2분 볶는다.
+ 볼에 옮기고 펼쳐서 완전히 식힌다.
6. 통에 진미채를 잘라 넣는다.
7. 미림 3T 넣고 섞어서 10분 놓아둔다.
8. 청양고추 썬다.
9. 진미채에 청양고추, 양념 넣는다.
10. 위를 누르고 뚜껑 닫는다. 김치냉장고 넣고 3일 숙성한다.
❤️ 추가 양념 없이 바로 먹어도 좋고, 추가 양념해서 먹어도 맛있어요.
11. 진미채장아찌 100g, 고추장 1/2T, 고춧가루 1/2T (4g), 다진 마늘 1/3T (2g), 참기름 1T, 깨 1/2T 섞는다.

#진미채요리 #진미채장아찌 #진미채장아찌만드는법

* 이 영상은 어떠한 경우에도 공식적인 허가 없이 영상의 일부 또는 전체를 복제, 전송, 배포하거나 변경하여 사용할 수 없습니다.",2026-03-28T01:45:00Z,"진미채,진미채 요리,진미채장아찌 레시피,진미채장아찌 만드는법,진미채장아찌 맛있게 만드는법,진미채장아찌,진미채간장장아찌,장아찌,반찬,요리,요리법,레시피,recipe,간단요리,쉬운요리,쉬운음식",26,ko,PT2M46S,2d,hd,true,1805,103,0,3,public,youtube,False,False,"https://en.wikipedia.org/wiki/Food,https://en.wikipedia.org/wiki/Lifestyle_(sociology)",https://i.ytimg.com/vi/sGUZUO_f-qQ/maxresdefault.jpg,thumbnails/팔숙이palsook/sGUZUO_f-qQ.jpg
햇살의정원,UCm1f4fAeBy7j26ksfrWrlMg,yvF49fvq9Kk,집 베란다에서 핀 봄꽃 가드닝,"베란다에서 시작된 작은 변화들이
오늘을 조금 더 따듯하게 만들어줍니다

햇살 아래 천천히 채워지는 공간,
조용히 스며드는 봄의 분위기를 담았습니다.

바쁜 하루 속에서 잠시 쉬어가고 싶을 때
집 베란다에서 핀 봄꽃 가드닝과 함께 해보세요.

영상이 마음에 드셨다면
구독과 좋아요, 알림설정으로
다음 이야기에도 함께 해주세요

작은 공간에 찾아온 봄 
베란다 가드닝 힐링 영상
by. 햇살의정원

#베란다가드닝 #홈가드닝 #플랜테리어 #힐링영상 #봄감성 #베란다꾸미기 #자연힐링 #꽃키우기 #봄꽃",2026-03-21T01:01:00Z,"베란다가드닝,베란다정원,봄가드닝,홈가드닝,가드닝브이로그,플랜테리어,집꾸미기,힐링영상,감성브이로그,일상브이로그,봄감성,꽃키우기,식물키우기,베란다꾸미기,홈카페감성,자연힐링,잔잔한영상,브이로그추천,힐링컨텐츠,감성영상,relaxingvideo,gardening,springvibes,plantlover,balconygarden",26,ko,PT6M26S,2d,hd,false,1225,57,0,18,public,youtube,True,False,https://en.wikipedia.org/wiki/Lifestyle_(sociology),https://i.ytimg.com/vi/yvF49fvq9Kk/maxresdefault.jpg,thumbnails/햇살의정원/yvF49fvq9Kk.jpg
면부장,UCGrTTJzlqk0DCkaUckWaBPQ,S9N14dKncAY,(퇴사함) 퇴사 전 마지막 영상입니다 수타짜장면 소주,,2026-03-22T04:12:00Z,,22,ko,PT8M43S,2d,hd,false,57715,1489,0,351,public,youtube,True,False,"https://en.wikipedia.org/wiki/Food,https://en.wikipedia.org/wiki/Lifestyle_(sociology)",https://i.ytimg.com/vi/S9N14dKncAY/maxresdefault.jpg,thumbnails/면부장/S9N14dKncAY.jpg
쪼끄맹,UCVYfq00z2b38Z1EK9BMwsWg,4hxE06AeWMA,푸딩젤리 덕후의 미니어처 만들기,"안녕하세요 쪼끄맹 구독자 여러분💗
새해 복 많이 받으세요-!
3월 중순에 드리는 새해 인사는 또 새롭네요😂

이번 영상은 저의 5번째 젤리 만들기 영상이에요
저는 유명한 푸딩젤리 덕후인데요~(하나도 안 유명함)
푸딩젤리가 너무 귀엽고 예뻐서 푸딩젤리 모양 가챠나
스티커나 메모지 같은 문구류도 모으고 직접 카페에 먹으러 가기도 하고..
아무튼 푸딩젤리 되게 좋아해요 ⸜( *ˊᵕˋ* )⸝

푸딩젤리 특유의 둥글둥글 꽃모양은 아주 일정하고 반듯하면서
황금 비율로 매끈해야 그 귀엽고 예쁜 느낌이 나오는데
그걸 핸드메이드로 완벽히 만들 엄두가 안 나서 여태 묵혀두고 있었죠,,(›´-`‹ ) 

그치만 언제까지나 미룰 수 없다‼️
젤리는 주기적으로 만들어야 한다‼️
나 쪼끄맹이다‼️
라는 마음가짐으로 만들어봤어요 ㅋㅋㅋㅋ

아 참, 푸딩젤리 제작하는 기간에 저와 약 10년간 동고동락했던
녹색 커팅매트가 사고로 중앙이 부왁 찢어지는 바람에 그만..
작별을 하게되었어요ㅠㅠ
제 첫 영상에서부터 나왔던 커팅매트였답니다..🥺
슬프지만 오랫동안 함께 했으니 새로운 마음으로 새 커팅매트와 새해 첫 영상을 함께 했어요!
새 커팅매트야 잘 부탁해~🫶🏻

ㅎㅎ 그럼 이번 영상도 재밌게 보셨길 바라며!
오늘도 행복한 하루 보내세요~ :9🍒🩵
.
.
.
.
.
.
.
.
쪼끄맹 인스타그램
☞http://www.instagram.com/jjokkeumaeng_miniature/

MUSIC:
Hiiragi Hanon
https://www.youtube.com/watch?v=o7so4GFJy0k&t=32s

효과음:
CC0 1.0 Universal made by DayDreamSound
https://youtu.be/kfnh9QAfDgA

#미니어처 #푸딩 #젤리",2026-03-19T09:00:09Z,,24,ko,PT6M22S,2d,hd,false,378,0,0,3,public,youtube,True,False,"https://en.wikipedia.org/wiki/Hobby,https://en.wikipedia.org/wiki/Lifestyle_(sociology)",https://i.ytimg.com/vi/4hxE06AeWMA/maxresdefault.jpg,thumbnails/쪼끄맹/4hxE06AeWMA.jpg
집밥 korean home cooking,UCrpB5PigomcupI9PTRKioog,GWFEk_jKfsE,이것만 알면 진짜 끝내줍니다! 국물맛이 100배 찐해져 한입먹고 난리부르쓰👍,#집밥,2026-03-27T23:00:15Z,"집밥,자취요리,간단요리,쉬운요리,초간단 반찬,새로운 반찬,아이디어 요리,명절음식,명절 남은 음식,밑반찬,밥도둑,스팸요리,어묵요리,고기요리,과일요리,다이어트요리,채식,혈당관리,혼밥,전자레인지 요리,김치,피클,장아찌,Korean home cooking,한국요리,나물반찬,food,life style,solo,지퍼백 요리,생활상식,특별한 요리,색다른 요리,한식,한국음식,백반,한국집밥,집밥 요리,집밥 요리 추천,집밥 백선생,백종원,집밥 레시피,약이 되는 음식,보약,명약,음식궁합,제철 요리,제철 채소,반찬 만들기,맛있는 집밥,집밥 추천",26,ko,PT2M43S,2d,hd,false,1590,86,0,2,public,youtube,True,False,"https://en.wikipedia.org/wiki/Food,https://en.wikipedia.org/wiki/Lifestyle_(sociology)",https://i.ytimg.com/vi/GWFEk_jKfsE/maxresdefault.jpg,thumbnails/집밥koreanhomecooking/GWFEk_jKfsE.jpg
오렌즈OLENS,UC2OB5K-Rdmu01FuH-2tej3g,s26Zwnd6jCQ,𝐆𝐋𝐎𝐖𝐘 𝐭𝐞𝐚𝐫 𝗠𝗜𝗡𝗜 𝐁𝐫𝐨𝐰𝐧 𝘄𝗶𝘁𝗵 𝗘𝗟𝗟𝗔,"#NEW #GLOWYTEARMINI #ella 

𝐆𝐋𝐎𝐖𝐘 𝐭𝐞𝐚𝐫 𝗠𝗜𝗡𝗜
𝐁𝐫𝐨𝐰𝐧 𝘄𝗶𝘁𝗵 𝗘𝗟𝗟𝗔

💦함수율 58%! 친수성 퍼스콘으로
안구 건조감 감소 효과!

✔얇은 써클라인
✔더블 하이라이트
✔12.7mm 그래픽 직경

눈물이 맺힌 듯한 눈빛을 연출하는 
[엘라의 글로이티어 미.니. 브라운 영상]
놓치지 말고 확인해보세요!👀

🤎부드러운 브라운 컬러의 신제품
글로이티어 미니 영상, 친구랑 [공유] 필수🙌

Don't miss the Glowy tear mini video and check it out!

𝐆𝐋𝐎𝐖𝐘 𝐭𝐞𝐚𝐫 𝗠𝗜𝗡𝗜
[1day, 1month l 12.7mm l Brown, Gray]

심의번호 : 조합-2026-08-057 (유효기간: 29.03.22)
※이 제품은 '의료기기(시력보정용 매일착용소프트콘택트렌즈)'이며, '사용상의 주의사항'과 '사용방법'을 잘 읽고 사용하십시오.

#오렌즈 #글로이티어미니 #미야오 #엘라 #하이라이트렌즈",2026-03-23T09:01:14Z,,26,ko,PT15S,2d,hd,false,108,6,0,0,public,youtube,True,False,https://en.wikipedia.org/wiki/Lifestyle_(sociology),https://i.ytimg.com/vi/s26Zwnd6jCQ/maxresdefault.jpg,thumbnails/오렌즈OLENS/s26Zwnd6jCQ.jpg
쿠키런,UCr-Eaw_CBpAqKHbzV_GidQQ,ySPxbR6uqNo,새로운 쿠키가 찾아왔어요 🪞 | 업데이트 티저,"새로운 쿠키가 찾아왔어요!
3월 29일 공개되는 업데이트 소개 영상에서 만나보세요 👻

#쿠키런 #오븐브레이크 #업데이트 #comingsoon",2026-03-27T03:00:59Z,"쿠키런,쿠키런: 오븐브레이크,데브시스터즈,Cookie Run,Cookie Run: Ovenbreak,Cookie Run: Ovenbreak Official,쿠키런: 오븐브레이크 공식,런게임,귀여운게임",20,ko,PT26S,2d,hd,false,10332,229,0,53,public,youtube,True,False,"https://en.wikipedia.org/wiki/Action_game,https://en.wikipedia.org/wiki/Video_game_culture",https://i.ytimg.com/vi/ySPxbR6uqNo/maxresdefault.jpg,thumbnails/쿠키런/ySPxbR6uqNo.jpg
스마일살림,UCtaflAMl4wvwXseK56aweMg,ntFUSJ4JmI0,출시하면서 난리난 다이소 꿀템 | 최대한 쟁여둬야하는 다이소 추천템,"사용해 보고 괜찮았던  다이소 추천템들입니다

[ 다이소 꿀템 ] 

진공유리 밀폐찬통                  품번 : 1069227,1069225,1069222/

무선충전패드                          품번 : 1067700

자석부착4칸 바구니               품번 : 1051567

벨벳주름 원형 쿠션                품번 : 1059189

물기제거기                             품번 : 1065434

치즈보관케이스                      품번 : 000404133

전동그라인더                         품번 : 1052154

고무나무양념통받침             품번 :  1048225 


#다이소 #다이소추천템 #다이소꿀템 #다이소신상",2026-03-22T01:30:44Z,,22,ko,PT10M7S,2d,hd,false,10906,86,0,3,public,youtube,True,False,https://en.wikipedia.org/wiki/Lifestyle_(sociology),https://i.ytimg.com/vi/ntFUSJ4JmI0/maxresdefault.jpg,thumbnails/스마일살림/ntFUSJ4JmI0.jpg
와지트 WAZIT ,UCfFi7-7_41KLVYHJtZ_wbrg,RGkAoj6tK9E,참고로 부업 아니고 본업입니다,"와인으로 가득한 우리만의 아지트, 와지트! 🍷

와지트 구독자 여러분! 영상 오래 기다리셨죠💗
이번에 잠시 휴재 기간을 가지면서
저 엄스트의 개인적인 일상을 낋여왔습니다😉
팀원 분들과 구독자 분들의 피드백을 모아모아 대대적인 개편이 진행될 예정이니,
많은 기대 부탁드릴게요!

오늘도 재밌게 봐주시고 아래 와지트 신라호텔 와인파티도 많은 참여 부탁드립니다😆

📢와지트 긴급공지📢

더현대 하이 와지트관 오픈을 기념하며 그동안 경험할 수 없었던 특별한 와인파티를 오픈합니다👏👏

신라호텔의 5코스 요리와 국가대표 노태정 소믈리에가 엄선한 4가지 와인페어링.특별한 미식의 여정으로 여러분들을 초대합니다🎉

바로 오늘! 3월 26일부터 아래 링크로 티켓을 예매하세요🎫
👉👉입장권 링크 : https://hi.thehyundai.com/product/40B0004330

❤️‍🔥 그럼 당일에 뵙겠습니다 많은 참여 부탁드려요❤️‍🔥

📅 일정 : 4.17(금) 오후 7시
🏨 장소 : 신라호텔 2F 다이너스티홀 (서울 중구 동호로 249)
🎫 입장권 가격 : 30만 원
- 신라호텔 5종 코스요리
- 웰컴 샴페인 1종
- 와인 페어링 4종 및 럭키드로우 이벤트 진행",2026-03-26T09:00:35Z,"현대백화점,와인웍스,와인추천,와인,와인정보,입문와인,와지트,와인선물,콜키지프리,와인가격,가성비와인,직장인,대기업,브이로그,현백,소믈리에,직장인브이로그,vlog",24,ko,PT8M4S,2d,hd,false,3171,139,0,29,public,youtube,True,False,https://en.wikipedia.org/wiki/Lifestyle_(sociology),https://i.ytimg.com/vi/RGkAoj6tK9E/maxresdefault.jpg,thumbnails/와지트WAZIT/RGkAoj6tK9E.jpg
생선선생 미스터S,UCGBf_AlWXkwfQ8R3lclRFbg,3lDtjJ9qCWU,도무지 이해가 안되는 이상한 봄주꾸미 마케팅(️⚠️주의:이걸 보면 입맛이 싹 가실수있음⚠️),"ㅅㅅ선생의 ㅅㅅ한 ㅅㅅ도감!!!
‘생선선생의 수상한 생선도감’, 어느덧 스무번째 영상입니다 🤔
예전 블로그 포스팅처럼 앞으로 맛보게 될 생선들을 하나하나 컬렉션해나가는 식으로 진행할 예정이고요.
열아홉번째 소재는 현시점 가장 핫한 수산물, ‘주꾸미’입니다.
새조개와 더불어 샤브샤브로 최고의 인기를 구가하며 ‘봄 제철 음식’의 대표주자로 통하는 주꾸미.
그런데 매년 갈수록 가격이 하늘로 치솟고 있다는데…
대체 왜 이런지 오늘은 지자체의 ‘수상한 마케팅’을 들여다 봤습니다. 그리고 역시나 수많은 TMI까지…
대한 자세한 내용은 영상을 통해 보시고…
오늘도 영상이 도움이 되었다면 구독과 좋아요 부탁드립니다😁
#생선선생 #생선도감 #주꾸미 #쭈꾸미 #수산시장 #미스터s #ㅅㅅㅅㅅ #소래포구 #빨대형 

* 영상에 등장하는 모든 어종들의 정보는 블로그에 다 정리되어 있으니, 궁금하신 분들은 참고하세요.
(현재 서로이웃 공개 상태이니, 이웃 요청 주세요^^)
* 블로그 https://m.blog.naver.com/ssss_mrs
* 인스타 https://instagram.com/ssss_mrs_
* 구독과 좋아요는 생선선생을 춤추게 합니다 😍
* 1080p으로 설정 후 시청해주시면 선명하게 보실 수 있습니다.

00:00 인트로
00:19 ‘쭈꾸미’는 틀린 말이다?
01:17 주꾸미, 너는 누구냐?!
02:23 맛 좋은 팔방미인 주꾸미
04:39 씨를 말리는 봄주꾸미 마케팅
05:31 결국 미쳐버린 주꾸미 가격
06:10 주꾸미를 잡는 다양한 방법
07:37 창과 방패, 낚시꾼 vs 어민
09:42 실효성이 없는 금어기
10:57 또다른 복병이 ‘문어’라고?
11:42 치어 방류사업, 그런데...
12:27 이제 원산지까지 위조를?!ㅠㅠ
13:08 ‘보물을 찾은 자’의 최후
14:28 아우트로",2026-03-25T09:00:04Z,,19,ko,PT15M33S,2d,hd,false,212754,2222,0,580,public,youtube,True,False,"https://en.wikipedia.org/wiki/Food,https://en.wikipedia.org/wiki/Lifestyle_(sociology),https://en.wikipedia.org/wiki/Pet",https://i.ytimg.com/vi/3lDtjJ9qCWU/maxresdefault.jpg,thumbnails/생선선생미스터S/3lDtjJ9qCWU.jpg
뇨리 티브이,UCRcj0GSaOmDdFukahVS4u1A,QniuESQA6OU,오늘 뭐 먹지? 먹거리 고민 해결해 주는 레시피 모음! 주방에서🎧 틀어두세요.,"안녕하세요, 뇨리티브이입니다! 🌱🥣

여러분의 든든한 요리 파트너가 되어드리기 위해, 뇨리티브이의 인기 쇼츠 레시피 정주행 라이브를 준비했습니다. 🎧✨

어묵으로 만든 요리에서 덮밥, 샐러드 요리까지!!
여러분들이 쉽게 따라  할 수 있도록 핵심 레시피들을 알차게 모았습니다.

주방 한편에 편하게 틀어두고, 뇨리티브이와 함께 더 즐겁고 맛있는 요리 시간을 만들어보세요. 

💡 라이브 에티켓

서로를 존중하는 따뜻한 대화를 부탁드려요.
레시피에 대해 궁금한 점은 언제든 채팅으로 남겨주세요!

📌 채널 안내
👍 구독과 좋아요는 다음 영상을 만드는 큰 힘이 됩니다!
🔔 알림 설정을 하시면 새로운 요리 소식을 가장 먼저 받으실 수 있어요.


🎵Music provided by 브금대통령
🎵Track : 날씨가 좋다 -   https://www.youtube.com/watch?v=cCFYoV906xQ

🎵Music provided by 브금대통령
🎵Track : Shall We Dance -    https://www.youtube.com/watch?v=HN3mUl6EQKE

🎵Music provided by 브금대통령
🎵Track : Butterfly's Wing  -    https://www.youtube.com/watch?v=uX0fHYUF8Sw",2026-03-27T03:16:06Z,"초간단요리,황금레시피,레시피,요리,맛있는음식,간단요리,식사,뭘먹지,뭐먹지,여기어때,맛집어디,하루한끼,한끼식사,삼시세끼,주방,kitchen,food,cooking,eating",26,ko,PT1H19M26S,2d,hd,false,2266,19,0,0,public,youtube,True,False,"https://en.wikipedia.org/wiki/Food,https://en.wikipedia.org/wiki/Lifestyle_(sociology)",https://i.ytimg.com/vi/QniuESQA6OU/maxresdefault.jpg,thumbnails/뇨리티브이/QniuESQA6OU.jpg
코우지 TV [더 상생],UCL12ddKeiBTMGZ_g6X7PhXw,BGgbbbJ1yfw,50만원 태웠습니다! 코우지 셰프의 솔직한 '돈값' 타령,"안녕하십니까!  코요미 여러분.
오늘은 2017년 미슐랭 3스타를 받고 지금은 투스타인 한식당 신라호텔 '라연'을 소개합니다.
오늘 영상에선 2026년 미슐랭 선정된 업장들 소개와
그중 어렵지 않게 예약이 가능한 곳들도 함께 정리해 봤습니다

그럼 오늘도 끝까지 재밌게 시청해 주시고
다음 번에 더 좋은 영상으로 찾아 뵙겠습니다!
감사합니다!


* 욕설, 콘텐츠와 상관 없는 내용, 외모 비하, 기본적인 에티켓이 없는 댓글은 삭제 처리 될 수 있습니다.

* 코우지tv 채널 구독하기  https://www.youtube.com/@kojitvseoul?sub_confirmation=1

* 코우지tv 인스타그램 https://www.instagram.com/sushikoji.official

🇰🇷 지란지교 No.3 막걸리 구매하기 👉🏼 https://m.smartstore.naver.com/limsugzu/products/10986158516

📔 코우지셰프의 요식업 경영 바이블 전자책보러가기 👉🏼  https://kmong.com/gig/537056


* 코우지TV 광고 및 협찬 문의 이메일 : nkfnb@naver.com


* 스시코우지 공식 인스타그램 :   /sushikoji.official  


* 코우지 클래스101 : https://class101.net/ko/products/5f5f12987ee30d00073383f1


*스시코우지 그룹 입사 이력서 접수 : sushikoji111@gmail.com


*쿠캣 X 스시코우지 고기교자만두 : https://cookatmarket.com/ko/product/detail?product_id=1006


*마켓컬리 스시코우지 회 2종 : https://www.kurly.com/search?sword=%EC%8B%9C%EC%98%A4%EC%A6%88%EB%A9%94


   BGM 출처
🎵Music provided by 브금대통령
 • Track : Simple  - https://youtu.be/RFDuzbSoU6Q
 • Track : [Royalty Free Music] Chicken Nuggets (Fun Children Snack)
 • Track : [Royalty Free Music] Cuban Sandwich (Food Truck Cute)
 • Track : [Royalty Free Music] Fly High (Cheer up Challenge Good)
 • Track : [Royalty Free Music] I Go Hawaii (Cute Sleep Funny)
 • Track : Blue Bossa -    • [브금대통령] (보사노바/재즈/Bright) Blue Bossa  ...  
 • Track : How to Tame a Wyvern -    • ""드래곤을 타고 하늘을 나는 기분이 궁금해?""   
🎵Music provided by 유튜브스튜디오
🎵Music provided by 오늘의 일기 -    • 야옹 귀여운 피아노 음악 모음집 🐱 (1시간, 중간광고x)",2026-03-24T09:00:11Z,"스시코우지,스시소라,코우지,오마카세,스시,초밥,뿌리를찾아서,줄서는식당,줄설식당,이자카야,키네,이자카야키네,우니,일식,이자카아키네,일본여행,sushi,omakase,하츠노스시,코우지tv,쇼츠,shorts,와사비,고추냉이,성게,니기리,스시오마카세,일본,지란지교,지란지교no3,하츠노스시바이코우지,회전초밥,나카무라코우지,나카무라,손선장,나선장,코우지셰프,초밥왕,스시소라그린,마카나이,스텝밀,참치,마구로,동원산업,동원참치,사케,페어링,막걸리,전통주,우리술,샤리,네타,토로,주토로,주도로,오토로,오도로,네기토로,와쇼쿠예인,스기타,미슐랭,미쉐린,초밥장인,교쿠,신라호텔,라연",22,ko,PT16M58S,2d,hd,false,15267,260,0,29,public,youtube,True,False,"https://en.wikipedia.org/wiki/Food,https://en.wikipedia.org/wiki/Lifestyle_(sociology)",https://i.ytimg.com/vi/BGgbbbJ1yfw/maxresdefault.jpg,thumbnails/코우지TV더상생/BGgbbbJ1yfw.jpg
반아트는 주행 중ㅣ酒行 中ㅣVanArt Alcohol Trip,UCbGLsl8gGB9Ly9lKDTRx5qA,opAjL39km6E,미친 트레이더스 가성비템 추천 드림!!,"* 반골단 멤버쉽 가입 : https://url.kr/qZEvMw
* 직접 후원 : https://toon.at/donate/vanart
(멤버쉽 가입은 컨텐츠 제작에 큰 힘이 됩니다^^)

- Contact (러브레터) -
* Instagram - https://www.instagram.com/vanart_whisky_travel
* E-Mail - vanart2023@naver.com

르뽀스키 E.147
트레이더스 마곡점

- 주의사항 -
1. 마지막 쿠키까지 다 드셔야 배부름.
2. 저흰 전문가가 아닌 일반소매자로써 그날 컨디션에 따라 지맘대로 평가함.
3. 구독은 무료! 좋아요, 댓글, 알림설정은 서비스!
4. 인스타도 있으니 놀러오셈!

#트레이더스 #위스키할인 #위스키가격정보 

- 편집 프로그램 -
파이널 컷 프로

- 장비 -
소니 FX3 / 갤럭시 23 울트라 / 인스타 360

- 음원 -
사이트 [아트리스트]
CA0NKM@AICOMPANY
B6HFA53A

* 과한 음주는 건강에 안 좋음. 저희처럼 되고 싶지 않으면 삼가시기 바람. 술튜버 주제에 올림.",2026-03-27T03:15:00Z,"위스키 가격,위스키 가격 비교,위스키 가격 정보,트레이더스 위스키,위스키 명절 세트,위스키 특가,트레이더스 위스키 명절 세트,더 글렌리벳,위스키 선물세트,조니워커 그린,조니워커 18년,발렌타인 마스터즈,발렌타인 17년,위스키 정보,위스키 리뷰,위스키 추천,클라이넬리쉬 de,글렌드로낙 12년,로얄브라클라 12년,올트모어 12년,위스키 가격정보,위스키 가격 하락,위스키 가격대별 추천,이마트 트레이더스 위스키 추천,트레이더스 추천,트레이더스 세일,트레이더스 할인,트레이더스 위스키 할인,트레이더스 위스키 특가",24,ko,PT8M3S,2d,hd,false,11249,155,0,20,public,youtube,True,False,"https://en.wikipedia.org/wiki/Food,https://en.wikipedia.org/wiki/Lifestyle_(sociology)",https://i.ytimg.com/vi/opAjL39km6E/hqdefault.jpg,thumbnails/반아트는주행중ㅣ酒行中ㅣVanArtAlcoholTrip/opAjL39km6E.jpg
HIU English 하이유 잉글리시 ,UCMpuf80FwKLHrELwDXqZH4w,T-ITkCFMolI,Korean Convenience Store Food Mukbang CVS Fried Chicken EATING SHOW by HIU 하이유,"Five mukbangs of HIU in a row. HIU has been eating a wide variety of yummy food. HIU had Ramen, Fried chicken and tteokbokki.

Join the channel and enjoy the benefits.
https://www.youtube.com/channel/UCMpuf80FwKLHrELwDXqZH4w/join

Let's eat, play and enjoy together with HIU♥",2026-03-27T05:00:00Z,"HIU,하이유,MUKBANG,CHALLENGE,HIU ENGLISH,하이유 잉글리시,RICE CAKE,food,Tteokbokki,Cheese,Spam,recipe,pizza,ramen,kimbap,chicken,sandwich,eating,Convenience store,MUKBANG ASMR,EATING,EATING SHOW,korean asmr,asmr mukbang,koreanfood,Fire Noodles,mukbang,korean food,spicy food,ramen mukbang,spicy noodles mukbang,DONA,도나,EATING SOUND,KOREAN FOOD,Buldak Fried Noodles,Dumplings,Triangular Gimbap,Shrimp Sushi,Flying Fish Roe Sushi,Fried Shrimp Udon,Pringles",22,en,PT16M52S,2d,hd,false,16051,151,0,12,public,youtube,True,False,"https://en.wikipedia.org/wiki/Food,https://en.wikipedia.org/wiki/Lifestyle_(sociology)",https://i.ytimg.com/vi/T-ITkCFMolI/maxresdefault.jpg,thumbnails/HIUEnglish하이유잉글리시/T-ITkCFMolI.jpg
네루짱NERU,UCfJvjZ4pYpxNQQEevBuY_XQ,q6333sCQCdk,일본인아내 배부르게 하고 혼자 간장게장 먹으려던 남편의 최후..,"📢 판매기간 : 3/27~4/27 까지!
🔗 유토피아 간장게장 사러가기 : https://mkt.shopping.naver.com/link/68fb43c29986066eaf25e8b5

엄청 배불러도 한입 먹은 순간
""오???""하고 밥 한공기 뚝딱하게 되는 유토피아 간장게장...🤤✨️
비린내 없고 짜지 않을 뿐만 아니라
손질이 엄청 잘 되어 있어서 먹기도 엄청 편합니다! 진짜 강력추천드려요🤍
이번에 광고주님이 최저가로 준비해주셨다고 하니
한번 드셔보시면 좋을 거 같아요😊👍

1통 정가 66,000원   ➡️  혜택가 32,600원 (배송료 별도)

2통 정가 132,000원  ➡️  혜택가 62,700 (배송비 무료)

3통 정가 198,000원  ➡️  혜택가 89,900 (배송비 무료)

🗓세라가 태어난 지 14개월 29일 (D+457)의 기록


🥟채널 멤버십 가입🥟
https://www.youtube.com/channel/UCfJvjZ4pYpxNQQEevBuY_XQ/join

오늘도 봐주셔서 너무너무 감사합니당!
구독과 좋아요 눌러주시면 힘이 됩니다🐻🤍

📧저희 채널 영상을 사용하실 때는 꼭 메일로 문의해주세요.
neru94@naver.com

📷네루 인스타그램
https://www.instagram.com/neru__chan/
⚽️비즈니스  문의
neru@sandboxnetwork.net

Kevin MacLeod의 Hall of the Mountain King에는 크리에이티브 커먼즈 저작자 표시 4.0 라이선스가 적용됩니다. https://creativecommons.org/licenses/by/4.0/
출처: http://incompetech.com/music/royalty-free/index.html?isrc=USUAN1200072
Kevin MacLeod의 Dance of the Sugar Plum Fairies에는 크리에이티브 커먼즈 저작자 표시 4.0 라이선스가 적용됩니다. https://creativecommons.org/licenses/by/4.0/
출처: http://incompetech.com/music/royalty-free/index.html?isrc=USUAN1100270
아티스트: http://incompetech.com/
-------------------------------------------------------------------

#네루짱 #간장게장 #게장맛집 #유토피아간장게장",2026-03-27T09:01:01Z,"국제커플,여자 먹방,일본인,일본아내,일본인 먹방,일본인 유부녀,국제결혼,간장게장",22,ko,PT15M5S,2d,hd,false,136746,5338,0,311,public,youtube,True,False,"https://en.wikipedia.org/wiki/Food,https://en.wikipedia.org/wiki/Lifestyle_(sociology)",https://i.ytimg.com/vi/q6333sCQCdk/maxresdefault.jpg,thumbnails/네루짱NERU/q6333sCQCdk.jpg
여수MBCPrime,UCwWqBWIe72xKV016rcXGaaA,NHyd2Rmd9dg,바다를 품은 동네 쫑포몬당마을  [어바웃 우리동네] 2026.3.25.(수),"[어바웃 우리동네]
아름다운 풍경과 정이 넘치는 마을. 과거에는 볼거리가 없는 마을이라고 쫑포라 불렸지만 지금은 새로운 볼거리가 넘쳐나는 곳. 바로 여수의 쫑포몬당마을이다. 여수 바다를 한 눈에 볼 수 있는 자산공원을 끼고 있어서 매일 관광객들도 넘쳐난다고 하는데... 지난해에는 마을에서 운영하는 카페도 오픈했다. 카페를 운영하는 어르신들의 평균 연령은 무려 75세. 마을 어르신들은 자신이 잘할 수 있는 음료를 만들고자 커피는 더치커피를 내리고, 마을에서 직접 담근 대추차. 그리고 마을의 자랑인 단풍을 표현한 단풍쿠키도 만들고 있다. 어르신들이 행복한 여수몬당마을로 떠나보자. 
#여수 #여수관광 #여수가볼만한곳 #쫑포 #여수몬당마을 #쫑포몬당마을 #마을카페 #커피 #대추차 #단풍쿠키 #단팥죽 #경치좋은곳 #바다 #마을 #자산공원",2026-03-27T01:05:42Z,"여수MBC,여수MBCPrime,여수MBC프라임,여수MBC Prime,여수MBC유튜브",22,ko,PT8M24S,2d,hd,false,52,2,0,0,public,youtube,True,False,"https://en.wikipedia.org/wiki/Lifestyle_(sociology),https://en.wikipedia.org/wiki/Tourism",https://i.ytimg.com/vi/NHyd2Rmd9dg/maxresdefault.jpg,thumbnails/여수MBCPrime/NHyd2Rmd9dg.jpg
쩐슈,UCY3r5c2-cpUgXycsLFL2Xiw,2tiMo2YcgsA,"| vlog | 요즘 현대인들은 술을 너무 많이 먹는다. 이 여자도 그렇다🤢 | 새조개+쭈꾸미 샤브샤브, 묵은지 차돌박이 삼합, 등심돈까스, 애호박 국수, 유부롤쌈, 김치볶음밥","#술먹방 #먹방브이로그 #음주브이로그 #다이어트 단

안녕하세요 쩐슈입니다🥹
오늘 영상도 시청해주셔서 감사합니다🫶🏻❤️",2026-03-27T00:40:44Z,"웃긴브이로그,여자혼술,집밥레시피,전슈,쩐수",22,ko,PT31M33S,2d,hd,false,10274,392,0,56,public,youtube,True,False,"https://en.wikipedia.org/wiki/Food,https://en.wikipedia.org/wiki/Lifestyle_(sociology)",https://i.ytimg.com/vi/2tiMo2YcgsA/maxresdefault.jpg,thumbnails/쩐슈/2tiMo2YcgsA.jpg
“먹방 몬스터 울산마동석” 💥,UCb2DTKil5JT5zoQb5PFuVwA,Wa1N97a0Oo4, 이리온 파김치 때문에 짜슐랭 5봉지 삭제됨ㅋㅋ,"https://m.smartstore.naver.com/comeonkimchi

동석이가 추천하는 이리온김치 추천드립니다",2026-03-27T09:40:45Z,,24,ko,PT7M21S,2d,hd,false,19931,917,0,137,public,youtube,True,False,"https://en.wikipedia.org/wiki/Food,https://en.wikipedia.org/wiki/Lifestyle_(sociology)",https://i.ytimg.com/vi/Wa1N97a0Oo4/maxresdefault.jpg,thumbnails/먹방몬스터울산마동석/Wa1N97a0Oo4.jpg
나무 도감 공부,UCbwN-xWm7_1Nm6_t5zQ01zg,yjR5gkdhchc,"길마가지나무의 어원, 이름의 유래, 학명 : 길막이나무, 길마, 겉언치,","2008 길마가지나무 Lonicera harae ( #길마기나무, #길막이나무, #길마가지, #숫명다래나무, #바지딸기, #꼬리볼레(제주 서귀포), #Early_blooming_ivory_honeysuckle) #인동과


{길마가지나무 : 이름의 유래와 어원}
{길마가 뭐예요?}
﻿
'한눈에 알아보는 우리 나무'라고 하는 책을 펼쳐서
저자 #박승철이 직접 '나무 도감 공부'를 하는 곳입니다.

★★★ 길마가지나무 정보 ★★★

길마가지나무 Lonicera harae 인동과


▶( #학명, #어원, #속명, #종소명, #명명자, #변종, #품종, #유래) 
길마가지나무 Lonicera harae 로니케라 하라에

길마 : 짐을 싣거나 수레를 끌기 위하여 소나 말 따위의 등에 얹는 기구.
https://terms.naver.com/entry.naver?docId=420167&cid=42961&categoryId=42961

◇1. ‘길마가지나무’는 열매 생김새가 
길마(짐을 실어 나르거나 수레를 끌기 위하여 소나 말의 등에 얹는 일종의 안장)를 만드는 
길맛가지와 비슷하여 길맛가지나무라 한 것이 
시간이 흐르면서 부르기 쉬운 길마가지나무로 변한 것이라고 합니다. 

◇2. 길마가지나무는 가지가 무성해지면 
산길 통행을 가로막아버리는 장애물이 되므로 
‘길을 막는 나무’라 하여 #길막이나무( #길마기나무)라고 
붙여진 이름이 점차 ‘길마가지나무’라고 변하였다고 합니다.

◇3. 다른 나무들이 아직 꽃이 피기 전인 이른 봄에
길마가지나무 꽃이 핀 옆을 지나가는 사람들이 
백서향의 향기 못지않은 아주 좋은 진한 꽃향기에 취해 
가던 길을 멈추어 향기를 맡게 되면 길이 막히게 된다고 하여 
길막이나무  길마가지나무가 되었다고 합니다.

◇ #속명(屬名) #Lonicera #로니케라는
로니케라(Lonicera)라는 독일 식물학자 
아담 로니세르(Adam Lonicer 1528.10.10~1586.5.29)를 기리기 위해 
그의 이름을 로마자로 표기한 것입니다.

◇ #종소명(種小名) #harae #하라에는
영어 hara와 관련이 있으며 '토끼'라는 뜻을 가지고 있습니다.
길마가지나무의 목, 과, 속을 보면 
Dipsacales (산토끼꽃목) → Caprifoliaceae (인동과) → Lonicera (인동속)이기 때문에 
#harae #하라에(토끼)라는 종소명이 붙었을 것으로 추측됩니다.

harae는 일본 신도(神道)에서 행해지는 
'신도의 정화 의례'에 대한 일반 용어이며, 
죄 뿐아나리 불행 또는 질병을 포함한 개념으로 
죄악과 부정을 제거할 목적을 두고 행해지는 의례에서 온 것으로 생각되나 
일본 식물학자 Hara의 이름에서 온 것으로 보는 견해도 있습니다.



***************

아래를 클릭하여 동영상 강의를 볼 수 있습니다.
https://youtu.be/yjR5gkdhchc
 






***************************************** 
▶유튜브 나무 도감 무료 구독하기 https://bit.ly/3hXthcy *****************************************",2026-03-27T10:01:18Z,"나무도감 공부,한눈에 알아보는 우리 나무,박승철,신개념 나무 도감,글항아리,산야초 공부,자연관찰,수목원의 나무,고궁의 나무,자생종,수입종,원예종,온실 나무,식물도감,나무박사,나무 정보,수목도감,공원의 나무,숲 해설사,숲 해설가,수목감별,나무백과사전,조경기능사,나무공부,나무의사,나무종류,나무이름",27,ko,PT10M24S,2d,hd,false,148,18,0,24,public,youtube,False,False,https://en.wikipedia.org/wiki/Religion,https://i.ytimg.com/vi/yjR5gkdhchc/hqdefault.jpg,thumbnails/나무도감공부/yjR5gkdhchc.jpg
빵장금,UC_L8BUEwRI2DDb2eew5LK-A,88ryMw4XjQY,전자레인지 1분 30초⁉️살안찌는 쿠키와 살빠지는 케이크 만들기 Microwave Diet Recipe ,"안녕하세요 빵장금 입니다🥰

오늘 여러분께 두가지‼️ 레시피를 알려드릴게요
쉽게 만들 수 있는 전자레인지 초간단❗️레시피❤️

제가 다이어트 전자레인지 간식 자주 알려 드렸었는데
이거 진짜 역대급 입니다😋

꼭 만들어 보세요
우리 구독자님들 항상 감사해요 🫶

재료는 그람수로 써 놓을게요

레시피 사용시 출처를 남겨주세요!!!!!


재료

💜쿠키

42g 아몬드가루 Almond flour 
34g 체다치즈 Cheddar sliced cheese 
10g 올리브유 Olive oil 
14g 알룰로스분말 Allulose powder 
소금 Salt 두꼬집
1/4tsp 베이킹파우더 Baking powder 
7g 코코아파우더 Cocoa powder 
1 달걀노른자 Egg yolk 


❤️케이크

41g 아몬드가루 Almond flour 
6g 코코아파우더 Cocoapowder 
17g 체다치즈 Cheddar sliced cheese 
14g 알룰로스분말 Allulose powder 
1 달걀 Egg
1/4tsp 베이킹파우더 Baking powder 
10g 올리브유 Olive oil 

#다이어트베이킹 #ketogenic #keto #전자레인지쿠키 #저당",2026-03-25T10:29:27Z,전자레인지 쿠키 살빠지는 노오븐 간식 저당 케이크 초간단 베이킹 저탄고지 노밀가루 ketogenic Microwave 다이어트 레시피 Healthy baking Low carb,22,ko,PT4M19S,2d,hd,false,3003,211,0,34,public,youtube,True,False,"https://en.wikipedia.org/wiki/Food,https://en.wikipedia.org/wiki/Lifestyle_(sociology)",https://i.ytimg.com/vi/88ryMw4XjQY/maxresdefault.jpg,thumbnails/빵장금/88ryMw4XjQY.jpg
돼지수산 158,UCRgBlQGkRnlx3Jxv-PNStSw,NanAfKhmpz4,돼지수산 158 라이브 스트리밍 중,"노량진 돼지수산 158

문의 전화 : 010-6478-3716",2026-03-27T17:50:36Z,,26,ko,PT54M14S,2d,sd,false,2075,9,0,0,public,youtube,True,False,,https://i.ytimg.com/vi/NanAfKhmpz4/maxresdefault_live.jpg,thumbnails/돼지수산158/NanAfKhmpz4.jpg
이계피 요리채널,UCepLjVoNirPHYWI5andIRPg,QQHEVSMUTUE,무설탕 카스테라 태빵 21호,"#따끈따끈베이커리 #따따베 #제빵 #애니요리 #애니메이션 #애니음식

오늘은 태빵 21호 무설탕 카스테라를 만들어 봤습니다.",2026-03-25T18:00:34Z,"따따베,따끈따끈베이커리,yakitate japan,제빵,제과,애니메이션,애니,만화,요리,음식,애니 리액션",24,ko,PT2M53S,2d,hd,false,38348,922,0,199,public,youtube,True,False,"https://en.wikipedia.org/wiki/Food,https://en.wikipedia.org/wiki/Lifestyle_(sociology)",https://i.ytimg.com/vi/QQHEVSMUTUE/maxresdefault.jpg,thumbnails/이계피요리채널/QQHEVSMUTUE.jpg
부엉이TV,UC8rHHiicfjVYf1Cjgbd5X8w,qSVifdJvv_o,내가 오늘 삼겹살을 먹어야만 하는 이유,,2026-03-27T12:25:40Z,,22,en,PT11M9S,2d,hd,false,2277,181,0,17,public,youtube,True,False,"https://en.wikipedia.org/wiki/Food,https://en.wikipedia.org/wiki/Lifestyle_(sociology)",https://i.ytimg.com/vi/qSVifdJvv_o/maxresdefault.jpg,thumbnails/부엉이TV/qSVifdJvv_o.jpg
밥상차려주는남자,UCKRyhheRuLLDGuUn2YoFFFQ,8f2QmbQfFRY,해물 없어도 이런 맛이 가능해? 순두부계란탕 정말 최고네요,"🔥 “해물 없어도 이 맛 난다고?” 순두부계란탕 미쳤습니다
집에 해물 없어서 고민하셨죠?그냥 이거 하세요.
재료 간단한데… 진짜 국물 미쳤습니다.
부드럽고 칼칼한데밥 그냥 두 공기 순삭입니다.

📝 계량 레시피

식용유 2T
양파 1/4개
대파 1/2대
마늘 1T
고춧가루 3T
물 600ml
코인육수 1개 (또는 가루육수 1T)
국간장 1T
참치액 1T
마른당면 한 줌
순두부 2팩
계란 3개
소금 약간
참기름 1T

💡 꿀팁 (이거 하나로 맛 갈립니다)
고춧가루 볶을 때 절대 센불 ❌ → 탄맛 나면 끝입니다
고추기름 향 올라오는 순간이 핵심 타이밍
당면 넣으면 국물 감칠맛이 훨씬 깊어짐
마지막 참기름 한스푼 = 풍미 완성

🔥 추가 꿀팁 (진짜 중요)
여기에 고추다짐이 한스푼 넣어보세요
감칠맛이 한 단계가 아니라 그냥 다른 음식 됩니다

#순두부계란탕 #순두부찌개 #간단요리 #집밥레시피
#국물요리 #자취요리 #초간단레시피 #밥도둑 
#고추다짐이 #매콤찬 #단디잇

먹는 걸로 장난치지 않겠습니다.
내 가족이 먹는다는 기준으로 만듭니다.
👉 영양사·요리사 부부의 단디 만든 먹거리
 https://mkt.shopping.naver.com/link/68826f2b17eb046efcf75367 
💥 밥차남의 제육잡채 구매링크 https://ndns.shop/creator/babchanam1
💥 밥상차려주는남자 멤버십 가입(응원 감사합니다!!)
https://www.youtube.com/channel/UCKRyhheRuLLDGuUn2YoFFFQ/join",2026-03-27T08:00:12Z,"밥차남,순두부계란탕,순두부요리,순두부찌개 만들기,순두부찌개 레시피,얼큰계란탕,순두부계란탕 레시피,밥차남 순두부찌개,밥상차려주는남자순두부,쉬운찌개만들기,해물없이 순두부찌개 만들기",26,ko,PT5M44S,2d,hd,false,3801,244,0,19,public,youtube,True,False,"https://en.wikipedia.org/wiki/Food,https://en.wikipedia.org/wiki/Lifestyle_(sociology)",https://i.ytimg.com/vi/8f2QmbQfFRY/maxresdefault.jpg,thumbnails/밥상차려주는남자/8f2QmbQfFRY.jpg
묘미Myomi-텃밭,UCpC2tVXF7NFUDTFSep9ZIjA,p1tDMde_R0E,초보 농부 90%가 실수하는 작물 배치! 망하지 않는 설계법 공개 🙅‍♂️🔥1년 농사가 100배 쉬워지는 텃밭 설계법🌱무엇을 어디에 심을까?,"안녕하세요, 묘미텃밭입니다. 😊
올해 텃밭, 무엇을 어디에 심을지 고민 많으셨죠?
제가 직접 겪은 시행착오를 바탕으로 **'무농약으로 실패 없는 작물 선정과 배치법'**을 아낌없이 담았습니다.
이 영상 하나면 2026년 텃밭 농사 준비, 완벽하게 끝내실 수 있습니다!

1:27  텃밭 작물 선택기준 5가지  
13:39  텃밭 배치도 그리기

**텃밭 스케줄표와 제가 가진 씨앗 관리 리스트**을 공유해 드립니다.
텃밭 스케줄표 https://bit.ly/Myomi-GardenSchedule
작물 씨앗 리스트 https://bit.ly/Myomi-GardenSeedList



#텃밭배치도 #텃밭작물추천 #주말농장 #무농약텃밭 #도시농부 #묘미 #2026농사준비

BGM
아티스트: http://audionautix.com/
아티스트: http://audionautix.com/
출처: http://incompetech.com/music/royalty-free/index.html?isrc=USUAN1500025
출처: http://incompetech.com/music/royalty-free/index.html?isrc=USUAN1400037
출처: http://incompetech.com/music/royalty-free/index.html?isrc=USUAN1400054
아티스트: http://incompetech.com/
출처: http://www.twinmusicom.org/song/302/carefree-melody
아티스트: http://www.twinmusicom.org",2026-03-17T05:43:34Z,"묘미,묘미채널,myomi,주말농장,도시농부,유기농텃밭,텃밭 가꾸기,텃밭,친환경 텃밭,채소가꾸기",26,ko,PT32M18S,2d,hd,false,7805,350,0,40,public,youtube,True,False,"https://en.wikipedia.org/wiki/Food,https://en.wikipedia.org/wiki/Lifestyle_(sociology)",https://i.ytimg.com/vi/p1tDMde_R0E/maxresdefault.jpg,thumbnails/묘미Myomi-텃밭/p1tDMde_R0E.jpg
Saeron Life,UCmnxRmoAsHpPQmbFD9OiouA,zRMiPKHN4nQ,"AMT 가격 인상 전🚨마지막+추가할인 한국,미국공구 막차알림 📣📣","많은 분의 주방 로망이자 명품 스테인리스로 사랑받는 AMT가 
4월 부터 전체적인 가격 인상을 앞두고 있다고 해요.
이 소식을 듣자마자 우리 구독자분들 생각이 가장 먼저 났습니다. 단 한 분이라도 인상 전 가격으로 챙겨드리고 싶은 마음에, 이번 공구를 서둘러 준비하게 되었습니다.
특히 이번에는 선택의 폭을 넓히기 위해 무려 45가지의 역대급 라인업을 구성했는데요.
단 10원이라도 더 좋은 가격에 보내드리고 싶은 마음에, 제가 가져갈 수 있는 부분들을 과감히 덜어내고  정말 치열하게 협의했습니다."" 일부 품목은 기존과 동일할 수 있지만, 전체적으로는 **어디에서도 보기 힘든 '역대급 구성과 가격'**이라고 자신 있게 약속드립니다.
가격이 오르기 전 마지막 기회인 만큼, 저도 정말 꼼꼼하게 준비했으니 기대해 주셔도 좋습니다! 
 🌿이번에 진행하는 공구는 특별가로 진행되기 때문에 4일만하고(10일날) 정확히 마감   할 예정입니다 

📍 AMT 한국 공구링크 
👉 https://beautiful12.shop.blogpay.co.kr/good/product_view?goodNum=2980039
     (궁금한 거 있으시면 구매링크안에 노랑색 카톡상담소에 물어보세요) 

📍AMT 미국 공구 링크 
👉  https://ourcasaroom.com/surl/P/122

미국분들은 궁금한 거 있으시면 구매링크 안에 노랑색 마크 카톡상담소에 들어가셔서 물어보세요 
결제가 불편한 분들은 eppneinocean@gmail.com 으로 문의해주세요 (벤모나 젤로가능해요)

📌 궁금한거 있으시면 구매링크 안에 노랑색 카톡상담소에 문의해보세요 (한국근무시간9~4시)
결제부터 배송까지 다 도와드릴거예요 
 
✨ 꼭 확인해 주세요!
1.이번 AMT 공동구매는 구매 완료 이벤트라는 형식적인 절차보다 **""실질적인 가격 혜택""**을 선택했어요 

2.신제품 'AMT 316Ti 스텐 그란트 16cm 편수냄비': 4월 15일부터 순차적으로 예약 배송됩니다.

3.배송 혜택: 국내는 물론 해외까지 전 지역 무료 배송으로 보내드려요.

4. 해외 거주 구독자분들께 200이상 구매하시는 분께 감사의 마음을 담아 관리용 **'크림 세정제'**를 선물로 함께 증정해 드립니다.


📌 제가 3월 중순부터 4월까지 개인적인 일정으로 혼자 한국에 방문하게 
되었어요.
 그래서 당분간은 긴 영상 대신 숏츠(Shorts)로 자주 인사드리려",2026-03-07T01:37:00Z,"에이엠티,AMT,스텐냄비,공동구매",22,ko,PT11M20S,2d,hd,true,9839,100,0,131,public,youtube,False,False,"https://en.wikipedia.org/wiki/Food,https://en.wikipedia.org/wiki/Lifestyle_(sociology)",https://i.ytimg.com/vi/zRMiPKHN4nQ/maxresdefault.jpg,thumbnails/SaeronLife/zRMiPKHN4nQ.jpg
셰프애찬,UCPq6-xGm6uiuE8pCT1DO8UA,ZUJ7ejlUMSM,"식탁 위의 진심, 셰프의 손맛을 언제 어디서나 | 셰프애찬","안녕하세요, 올바른 먹거리의 기준을 세우는 '셰프애찬'입니다.🧑‍🍳🍽️

셰프애찬은 단순한 반찬이 아닌, 누군가의 소중한 한 끼를 준비한다는 책임감으로 시작되었습니다. 우리가 매일 마주하는 식탁에는 만드는 이의 철학과 정성이 담겨야 한다고 믿습니다. 셰프애찬은 고객님과의 보이지 않는 약속을 지키기 위해 오늘도 가장 정직한 길을 걷겠습니다.

✅엄격한 HACCP 인증 공정으로 완성한 깨끗한 먹거리
✅꽁보리김치, 맵짤이 등 특허로 인정받은 독보적인 레시피
✅오너 셰프의 철학을 이어받은 전 직원의 섬세한 손길

재료의 신선함부터 고객의 식탁까지. 
셰프애찬의 약속은 오늘도 멈추지 않습니다.",2026-02-12T07:49:40Z,셰프애찬,26,ko,PT32S,2d,hd,false,146,5,0,0,public,youtube,True,False,https://en.wikipedia.org/wiki/Food,https://i.ytimg.com/vi/ZUJ7ejlUMSM/maxresdefault.jpg,thumbnails/셰프애찬/ZUJ7ejlUMSM.jpg
개구경tv,UCrUCuOfsoTDUox1bjoIyKwg,UOIeXY1bn80,#개구경tv #토종진돗개 #진돗개 #진도견 #반려견 #국견 #진돗개분양 #블랙탄 #재구 #반려견분양 #블랙탄분양 #재구분양 영상입니다.,분양문의-010-3498-4739,2026-03-25T11:18:25Z,,22,ko,PT16M14S,2d,hd,false,7304,111,0,22,public,youtube,True,False,"https://en.wikipedia.org/wiki/Lifestyle_(sociology),https://en.wikipedia.org/wiki/Pet",https://i.ytimg.com/vi/UOIeXY1bn80/maxresdefault.jpg,thumbnails/개구경tv/UOIeXY1bn80.jpg
앵우[AengWoo],UCVRUiOBn68y0xJv5pT8qlOA,SNm-9tD6dnw,집에서 즐기는 훈제 바베큐 텍사스 바베큐 먹방 Mukbang  social eating,"제품정보 = 
https://smartstore.naver.com/ingsbbq/products/10033541512
💖매일 생방송 진행중이니 구독과 옆에 종버튼 누르시고 전체알림 설정하셔서 놀러오세요~💖
💰 후원계좌  카카오뱅크 3333242244915
💰 투네이션 https://toon.at/donate/ghw510
⭐ Instagram = https://url.kr/r2zlco ⭐
📧비지니스문의  wktlr510@naver.com 📧
🔵 아프리카tv =https://url.kr/8ldmx1 🔵
유튜브멤버쉽
https://www.youtube.com/channel/UCVRUiOBn68y0xJv5pT8qlOA/join


#파티음식 #집들이음식 #캠핑

이 영상은 리뷰노트를 통하여 본 업체에서 제품 또는 서비스를 제공받아 제작된 영상입니다.



• Licence:

You’re free to use this song in any of your videos, but you must include the following in your video description (Copy & Paste):

Positive5 by PeriTune https://soundcloud.com/sei_peridot
Creative Commons — Attribution 3.0 Unported — CC BY 3.0 
http://creativecommons.org/licenses/b...
Music promoted by Audio Library",2024-06-02T02:51:57Z,"먹방,먹방 유튜버,리얼사운드,Real Sound,혼밥,집밥,korean mukbang,モクバン,K FOOD,다이어트전후,치팅데이,diet,다이어터,다이어터 먹방,vlog,다이어터 브이로그,유지어터 식단,유지어터 브이로그,유지어터 일반식,바디프로필,korea food,kfood,먹방브이로그,맛집,요리,요리 프로그램,ASMR,피트니스,실시간,생방송,생방,라이브,live,돼랑이,aengwoo,그자식,dwaerangi,KFOOD,eating show,쿡방,잉스바베큐,바베큐,훈제고기,훈제요리,훈제바베큐,돼지고기,훈제돼지고기,등갈비,스페어립,폭립,훈제삼겹살,파티 음식,집들이 음식,가성비 바베큐,홈파티 음식,손님 맞이 음식,가족모임 음식,캠핑,캠핑요리,Texas Barbecue,텍사스 바베큐,mukbang korean,korean food",22,ko,PT11M27S,2d,hd,false,8944,0,0,19,public,youtube,True,False,"https://en.wikipedia.org/wiki/Food,https://en.wikipedia.org/wiki/Lifestyle_(sociology)",https://i.ytimg.com/vi/SNm-9tD6dnw/maxresdefault.jpg,thumbnails/앵우AengWoo/SNm-9tD6dnw.jpg
함께해요 맛나요리,UCVXx89z5j3gkQMGScNqmWjw,gzxbugzn_4A,"무에 이것 안 넣으면 평생 후회합니다! 쪼글쪼글 아작아작 실패 없는 무김치 최고의 맛, 지금 바로 확인하세요","무에 이것 안 넣으면 평생 후회합니다! 쪼글쪼글 아작아작 실패 없는 무김치 최고의 맛, 지금 바로 확인하세요
✅요리 재료
무 6kg
물4L+간수뺀 천일염 3컵반
소주 1컵
고추씨 1컵반
월계수 잎 약간

무짠지 무침
무짠지 1kg
마늘 2쪽
쪽파 2뿌리
홍고추 1개
통깨 2큰술
고춧가루 1큰술
참기름 1큰술
청양고추 4개

✔️계량스푼 용량
     1작은술 = 5ml
     1큰술 = 15ml

💚맛나요리가 직접 운영하는 맛나요리몰💚
      https://mannarecipe.com/

💚맛나요리 1대1 문의 카카오톡 채팅방💚
      http://pf.kakao.com/_MxdRxhG/chat",2026-03-27T22:00:00Z,"무짠지,무 짠지,월동무,깍두기,무,무말랭이",26,ko,PT6M43S,2d,hd,false,9770,414,0,20,public,youtube,True,False,"https://en.wikipedia.org/wiki/Food,https://en.wikipedia.org/wiki/Lifestyle_(sociology)",https://i.ytimg.com/vi/gzxbugzn_4A/hqdefault.jpg,thumbnails/함께해요맛나요리/gzxbugzn_4A.jpg
한지일TV,UC9FwiDmhOa95MDqUHso8uIg,McjB18Oo5PA,한손엔 지팡이 짚고봉사 늘 오늘이 마지막봉사,,2026-03-27T23:43:46Z,,22,ko,PT8M17S,2d,hd,false,94,21,0,2,public,youtube,True,False,"https://en.wikipedia.org/wiki/Food,https://en.wikipedia.org/wiki/Lifestyle_(sociology)",https://i.ytimg.com/vi/McjB18Oo5PA/maxresdefault.jpg,thumbnails/한지일TV/McjB18Oo5PA.jpg
데비마마 DEBBIEMAMA,UCkEm9nRSzZxB6FinIWnbJ2A,FDp1BDNVXHE,"블랙 맛집 앤디앤뎁, 저랑 봄 신상 털러 갈래요? 🍁🛍️ (feat. 잠실 롯데백화점 쇼룸 투어)","🚨 앤디앤뎁 26SS 신상 할인 이벤트 🚨
마마님들을 위해 네고해온 봄 신상 🌸 100만원 이상 구매하면 앤디앤뎁 스카프까지!
자세한 내용은 아래 링크에서 확인하세요
🔗 https://is.gd/Fo7lmW


- 
안녕하세요, 데비마마예요😎
따뜻하고 화사한 봄을 맞아, 잠실의 아늑한 앤디앤뎁 매장에서 신상털이하고 왔어요.
새롭게 선보이는 New 로고와 블랙 재킷 명가답게 블랙 아우터 시리즈, 
그리고 한국인에게 딱 맞는 컬러들로 담아온 글로벌 트렌드까지!
소매 디테일로 연출하는 소소한 팁도 담아왔으니까요 
이번 영상도 끝까지 재미있게 봐주세요 🥰

+ 전국의 앤디앤뎁 매장 리스트예요. 
오프라인에서만 할인하는 제품들도 있으니, 가까운 매장이 있다면 직접 구경 오세요!

- 신세계백화점 (강남점 5F, 대구점 4F, 마산점 4F)
- 현대백화점 (목동점 3F, 천호점 4F, 신촌점 5F, 대구점 4F)
- 갤러리아백화점 (타임월드점 5F, 센터시티점 2F)
- 롯데백화점 (강남점 4F, 잠실점 3F, 대구점 3F)
- AK플라자 (분당점 2F, 수원점 3F)
- 대구백화점 (프라자점 4F)

- 

✉️ 협업 문의 debbiessam70@gmail.com 

#봄옷 #봄신상 #쇼룸투어 #앤디앤뎁",2026-03-27T12:00:18Z,"쇼룸투어,쇼룸 투어,앤디앤뎁,코트,케이프 코트,가죽자켓,가죽자켓 코디,현백 쇼룸투어,현대백화점,가을옷 추천,가을 여성복,키작녀 체형커버,여자 니트,윤원정,디자이너,디자이너 브이로그,디자이너 쇼핑몰,디자이너 쇼핑,겨울옷,겨울 코트,가을 코트,가을 코트 코디,가을 셔츠,겨울 셔츠,봄 신상,봄옷,봄코디,봄옷 하울,롯데백화점,롯백 쇼룸투어,봄 쇼핑,봄옷 쇼핑,봄옷 추천,봄 여성복,봄 트위드,봄 자켓,트렌치코트,봄 코트,봄 가디건",26,ko,PT14M34S,2d,hd,false,3984,114,0,12,public,youtube,True,False,"https://en.wikipedia.org/wiki/Fashion,https://en.wikipedia.org/wiki/Lifestyle_(sociology)",https://i.ytimg.com/vi/FDp1BDNVXHE/maxresdefault.jpg,thumbnails/데비마마DEBBIEMAMA/FDp1BDNVXHE.jpg
던킨 TV,UCsGLBBGRlBSCzRGYaEZTt0g,xcetKLuWO50,"26학번: ""던킨이 뭐예요...?"" 던킨 홍보하러 연대에 간 직원들 | 일일 도넛 동아리, 연세대학교 신촌 캠퍼스","🍩던킨TV 구독자 이벤트🍩

연세대에 던킨 동아리가 떴다!

3월 개강을 맞이해서 연세대 던키니들과
도넛도 만들고 퀴즈도 맞췄는데
재미있게 보셨나요? ♫

여러분들이 던킨 동아리 부스를 운영한다면
어떤 활동을 하고 싶나요?
댓글로 알려주세요🙌

(ex. 던킨 도넛 빨리 먹기 대회 하고 싶어요! 저 자신 있습니다!)

추첨을 통해 총 10분에게
던킨 모바일 교환권 1만 원권을 드립니다! 

☑️ 이벤트 기간 : 2026.3.27(금) ~ 2026.4.2(목)
☑️ 당첨자 발표 : 2026.4.8(수)
 
더 많은 던킨이 궁금하다면? 
• 던킨 인스타 : https://www.instagram.com/dunkin_kr/

[Timeline]
00:00 미리보던가
00:14 Intro
00:17 연세대학교 나온 아댈
01:04 던킨 동아리 모집 시작🍩
01:55 ★두바이왕자 실물 공개★
02:08 던킨 동아리 시간표
02:39 동아리 회장님이 직접 모집 중📢
02:50 첫 번째 인터뷰 당첨!!
04:07 두쫀먼 좋아하는 연대생 발견
05:35 인터뷰 해준 학생 스바시바(Спасибо)
06:43 캐나다에서 온 무반주 댄서
08:46 동아리 회장님들의 만남
10:16 던키니들로 꽉 찬 던킨 동아리 부스
11:47 연대 송도캠 VS 신촌캠
12:56 참여만 하면 던킨 개강 키트까지!
14:24 마지막 손님 입장
17:08 지금 지쳤나요? 네니요🚨
18:28 던킨TV 파이팅🧡",2026-03-27T09:01:07Z,,24,ko,PT19M7S,2d,hd,false,10485,48,0,58,public,youtube,True,False,,https://i.ytimg.com/vi/xcetKLuWO50/maxresdefault.jpg,thumbnails/던킨TV/xcetKLuWO50.jpg
범프리카,UCEXeyLyyev4jxN4pwmr9Eiw,pu7Fb9EGyUk,600년 전통 한국 대표 시장 -서울 남대문시장-,"아프리카TV의 먹방 NO.1을 떠나,
우리나라 최고의 먹방 NO.1을 꿈꾼다.
맛집탐방, 미션방송 컨텐츠 방송 범프리카!

--------------------------------------------------------------------------------------

● 기타 문의 : mcbeom@gmail.com

● 숲TV 방송(oopTV)
  - https://ch.sooplive.co.kr/120510

● 페이스북(Facebook)
  - https://www.facebook.com/bjbeom

● 인스타그램(instagram)
  - https://www.instagram.com/beomfreeca/?hl=ko

#남대문시장 #전통시장 #먹방",2026-03-26T08:03:53Z,"범프리카,맛집,맛집탐방,맛집추천,야외먹방,범프리카 먹방,범프리카 근황,먹방,asmr,먹방asmr,시장,시장먹방,전통시장,호떡,서울시장,도너츠,야채호떡,호떡먹방,갈치,갈치조림,생선구이,오뎅,계란빵",22,ko,PT21M35S,2d,hd,false,77917,1000,0,207,public,youtube,True,False,"https://en.wikipedia.org/wiki/Food,https://en.wikipedia.org/wiki/Lifestyle_(sociology)",https://i.ytimg.com/vi/pu7Fb9EGyUk/maxresdefault.jpg,thumbnails/범프리카/pu7Fb9EGyUk.jpg
마시즘,UCKOwuJ5n5XcvCW3NbCwwd7Q,rQauzWdOYEA,뉴 베가스 전설의 음료를 구했습니다⛺︎,"이 음료는 마시기 전
병뚜껑부터 확인해야 한다?

폴아웃 세계관의 전설
선셋 사르사파릴라 리뷰를 만나봅니다.

#폴라웃 #뉴베가스 #선셋사르사파릴라 #마시즘",2026-03-21T06:56:26Z,"편의점,음료,음료리뷰,음료수,마시즘",22,ko,PT3M26S,2d,hd,false,3210,143,0,64,public,youtube,True,False,,https://i.ytimg.com/vi/rQauzWdOYEA/maxresdefault.jpg,thumbnails/마시즘/rQauzWdOYEA.jpg
팔숙이 palsook,UCI64Eh_rwWGNDOqrXAcSL8Q,7qPREpEoNDo,✔미역국 이렇게 끓이면 보약입니다. 한 번 알면 절대 예전으로 못 돌아가요.【평생 써먹으세요】,"🔔 닭미역국. (1T = 밥숟가락)
건미역 20g, 닭 1마리 (900g), 물 1.6L, 멸치액젓 1T, 국간장 1T + 1T, 들기름 2T, 다진 마늘 1T (10g), 굵은소금 1/2T (5g).
물 2L, 생강 한쪽, 소주 50ml.

☑️ 모든 재료는 손질 후 씻어서 준비합니다.

✨닭미역국. (자세한 레시피는 영상을 참고하세요.)
1. 건미역에 물 넉넉하게 붓고 10분~20분 불린다.
2. 불린 미역을 씻는다.
3. 닭을 손질 후 씻는다.
4. 끓는 물 2L에 생강 한쪽, 닭 1마리 (900g), 소주 50ml 넣고 센 불로 2분 데친다.
5. 2분이 지나면 닭을 물에 헹군다.
6. 냄비에 미역을 잘라 넣는다.
7. 멸치액젓 1T, 국간장 1T, 들기름 2T 넣고 센 불로 볶는다.
+ 예열되고 지글지글 소리 나면 중불로 2분 30초 볶는다.
8. 닭, 물 1.6L 넣고 센 불로 끓인다.
9. 물이 끓으면 뚜껑 닫고 중불로 25분 끓인다.
10. 25분 후 국간장 1T, 다진 마늘 1T (10g), 굵은소금 1/2T (5g) 넣고 센 불로 1분 끓인다.

#미역요리 #미역국 #미역국맛있게끓이는방법

* 이 영상은 어떠한 경우에도 공식적인 허가 없이 영상의 일부 또는 전체를 복제, 전송, 배포하거나 변경하여 사용할 수 없습니다.",2026-03-27T01:45:00Z,"미역국,미역국 요리,미역국 레시피,미역국 만드는법,미역국 맛있게 만드는법,닭미역국,미역국 맛있게 끓이는방법,국,요리,요리법,레시피,recipe,간단요리,쉬운요리,쉬운음식",26,ko,PT2M44S,2d,hd,true,5350,200,0,7,public,youtube,False,False,"https://en.wikipedia.org/wiki/Food,https://en.wikipedia.org/wiki/Lifestyle_(sociology)",https://i.ytimg.com/vi/7qPREpEoNDo/maxresdefault.jpg,thumbnails/팔숙이palsook/7qPREpEoNDo.jpg
“먹방 몬스터 울산마동석” 💥,UCb2DTKil5JT5zoQb5PFuVwA,b3CJ7xJ_c0I,미친 식욕🔥 너구리 5봉지 + 총각김치 폭식 먹방,"https://m.smartstore.naver.com/comeonkimchi

동석이가 추천하는 이리온김치 추천드립니다",2026-03-26T09:34:25Z,,24,ko,PT7M7S,2d,hd,false,37563,1213,0,162,public,youtube,True,False,"https://en.wikipedia.org/wiki/Food,https://en.wikipedia.org/wiki/Lifestyle_(sociology)",https://i.ytimg.com/vi/b3CJ7xJ_c0I/maxresdefault.jpg,thumbnails/먹방몬스터울산마동석/b3CJ7xJ_c0I.jpg
쿠키런,UCr-Eaw_CBpAqKHbzV_GidQQ,4IddMQNxxNw,쿠키런 in 롯데월드 아쿠아리움🌊 바다모험전: 용궁의 보물을 찾아서!,"용감한 쿠키와 친구들과 함께 바다 속 용궁으로 보물을 찾아 떠나보아요! 

[쿠키런x롯데월드 아쿠아리움]
🗓️기간:  2026년 3월 27일(금) ~ 6월 7일(일)
📍롯데월드 아쿠아리움 
🎟️ 티켓 구매하기: only 쿠키런 팬을 위한 특별한 구성 
https://aqaticket.lotteworld.com/productList?cateSeq=1&eventCd=010079&eventSeq=1&eventShowSeq=1
(*방문 예정일을 3월 27일 이후로 선택시 쿠키런 패키지 티켓을 확인할 수 있습니다) 


[콜라보 스페셜 콘텐츠]
💎 용궁 보물 찾기 AR스탬프 투어
📷 포토타임&체험존
🍪 한정판 콜라보 굿즈 및 F&B

📣 더 자세한 이벤트 보러가기 https://aquarium.lotteworld.com/enjoy/event/detail?eventSeq=42

#쿠키런 #쿠키런X롯데월드아쿠아리움 #바다모험전 #쿠키런in잠실 #쿠키런이간다",2026-03-23T05:00:02Z,"쿠키런,쿠키런: 오븐브레이크,데브시스터즈,Cookie Run,Cookie Run: Ovenbreak,Cookie Run: Ovenbreak Official,쿠키런: 오븐브레이크 공식,런게임,귀여운게임",20,ko,PT30S,2d,hd,false,1645,84,0,9,public,youtube,True,False,"https://en.wikipedia.org/wiki/Action_game,https://en.wikipedia.org/wiki/Video_game_culture",https://i.ytimg.com/vi/4IddMQNxxNw/maxresdefault.jpg,thumbnails/쿠키런/4IddMQNxxNw.jpg
쿡잇파파 C.E.P.P,UCpGhouGKBKz8bulck-eFVhg,znYfUFwGz2o,이 '어묵' 한번먹고 완전 반해서 15년째 써먹는 '어묵볶음' 레시피,"이런 어묵볶음이 제일 맛있더라고요~ 젓가락이 계속가는 

마성의 어묵볶음 이렇게 만들면 정말 맛있어요

---- 재료 ----
어묵 250~260g
맛살 2줄 40g (또는 어묵 1장 추가)
양파반개 120g
참기름 1스푼 5g (완성전)
통깨 반스푼 2~3g (완성후)

---- 양념장 ----
진간장 2스푼 16g
멸치액젓 1스푼 8g
굴소스 1스푼 10g (없을땐 진간장 1스푼 대체)
미림 2스푼 16g
물엿 3스푼 30g
맹물 2스푼 12g
맛소금 1꼬집

---- 고추마늘기름 ---
고춧가루 1스푼 7g 
간마늘 반스푼 10g
대파 흰대 40g
식용유 2스푼 10g 

** 간을 삼삼하게 드시면 양념은 80~90%만
** 고추기름 있을땐 고춧가루,식요융 생략하고 고추기름에 마늘과 대파 볶기

😍😍두율이네 반찬값 지원사격은 요기요기😍😍
↓↓↓↓↓↓↓↓↓↓↓↓
https://www.youtube.com/channel/UCpGhouGKBKz8bulck-eFVhg/join

#어묵볶음 
#어묵볶음레시피 
#어묵볶음만들기",2026-03-25T23:00:16Z,"어묵볶음,어묵볶음 레시피,어묵볶음 맛있게 만드는법,어묵볶음 황금레시피,어묵볶음 김대석,어묵볶음 류수영,어묵볶음 백종원,어묵볶음 킴서울,어묵볶음 만들기,어묵볶음 간장,오뎅볶음,오뎅볶음 레시피,오뎅볶음 만들기,오뎅볶음 만드는법,어묵볶음 양념",26,ko,PT1M38S,2d,hd,false,1726,51,0,2,public,youtube,True,False,"https://en.wikipedia.org/wiki/Food,https://en.wikipedia.org/wiki/Lifestyle_(sociology)",https://i.ytimg.com/vi/znYfUFwGz2o/maxresdefault.jpg,thumbnails/쿡잇파파CEPP/znYfUFwGz2o.jpg
가평코난,UCNfLlYC7wObdSLrh7kUf4lA,wa55tszRgyI,"개울에 버려진 ""파이프""를 건졌더니 큰 놈이 툭 튀어 나왔습니다","안녕하세요 코난입니다. 오늘은 3월중순 개울에 물고기 잡으러 갔는데 공사장에서 떠내려온
빈 파이프에서 대물메기를 잡았습니다.
#공사장파이프#대물#민물고기",2026-03-20T00:02:42Z,"#VLLO,얼음치기,잉어,민물고기,민물장어,매운탕,족대질,통발설치방법,통발미끼,자급자족,얼음판,빙어낚시,구멍치기,가평계곡,가평펜션,전통어로,해루질,잠수,수중영상,엘프다이브35000,문어,가평,쏘가리,걸갱이,프리다이빙,잠수슈트,쭈꾸미,향어,싯가,쏘가리회,산천어,투망,투망치는방법,도루묵,빙어잡는방법,빙어포인트,송어축제,얼음축제,얼음치기하는방법,엘프다이브,시골,캠핑,노지캠핑,원투낚시,가평잣,먹방,가평스파펜션,문어잡는방법,해루질하는방법,도루묵포인트,스케이트,스피드스케이트,브라운송어,무지개송어,소양댐,염전해변,투망치는 방법,화진포,배스,유리어항항,유리어항,가평빠지,아침고요수목원,가평계곡추천,자라섬,남이섬,여름휴가,장마,다슬기포인트,다슬기잡는방법,다슬기가격,가평 캠핑장 추천,가평 캠핑장,자라섬축제,이슬축제,쁘띠프랑스,째즈페스티벌,은어,송이버섯,능이버섯,족구,다슬기,다슬기손질방법,장어포인트",22,ko,PT15M52S,2d,hd,false,9077,393,0,40,public,youtube,True,False,"https://en.wikipedia.org/wiki/Hobby,https://en.wikipedia.org/wiki/Lifestyle_(sociology),https://en.wikipedia.org/wiki/Pet",https://i.ytimg.com/vi/wa55tszRgyI/hqdefault.jpg,thumbnails/가평코난/wa55tszRgyI.jpg
인덕션 요리하는 남자,UCzd3wYTQRSAYI4mPylOerJQ,IJy5BHYZLPE,구형 아파트 월패드 도어락 무선 연결하는 방법 직방 도어락 무선 연동방법(SHS-ART120) 삼성도어락 셀프 설치,"#직방도어락 #삼성도어락 #월패드연동 #도어락무선연결 #월패드도어락 

오늘은 직방 도어락과 홈오토 월패드 무선 연동하는 방법을 알려드립니다.
구형 아파트나 월패드를 사용하는 집에서도 셀프로 작업이 가능합니다.
오늘 사용한 제품은
도어락 : 직방 어반 ZDX-U60
송신기 : SHS-ART120
월패드 : 대양디앤티 DHA-3007T
입니다.

핵심은 구형 월패드가 무접점릴레이 방식이냐를 확인부터 하시고 구매해서 설치해야 합니다.

궁금하신건 댓글 주시면 아는만큼 알려드릴께요.",2026-03-04T00:46:46Z,"구형아파트월패드,직방도어락,ZDXU60,SHSART120,월패드연동,홈오토도어락,무접점릴레이,도어락셀프설치,아파트도어락,도어락무선연결,월패드도어락,월패드무선연동,월패드도어락무선연결,삼성도어락,도어락무선연동,doorlock,samsungdoorlock,zigbang,zigbangdoorlock,doorlockwireless,doorlockwifi",26,ko,PT5M34S,2d,hd,false,1298,8,0,0,public,youtube,True,False,https://en.wikipedia.org/wiki/Technology,https://i.ytimg.com/vi/IJy5BHYZLPE/hqdefault.jpg,thumbnails/인덕션요리하는남자/IJy5BHYZLPE.jpg
청산별곡TV,UC_9JXnGVBdN7NeAb7jgitcA,AEobOIVA72M,#식물판 삼국지 식물들의 살벌한 전쟁(20260327) #산야초 #청산별곡 #들나물 #조팝나무 #삼잎국화 #단풍잎돼지풀 #가시박 #생태계교란종 식물,,2026-03-27T07:33:11Z,,27,ko,PT13M1S,2d,hd,false,1682,154,0,43,public,youtube,True,False,,https://i.ytimg.com/vi/AEobOIVA72M/maxresdefault.jpg,thumbnails/청산별곡TV/AEobOIVA72M.jpg
h퍼즐,UCrf62gEqaGK2saKj_oU5IYg,vrGKl9KTZYQ,힘든 일이 와도 버틸 수 있는 이유 (회복탄력성),"#회복탄력성 #힘들고지칠때 #강한멘탈
안녕하세요 이번영상에서는 힘든 일을 겪어도 다시 일어설 수 있는 힘, 회복탄력성에 대해 담아봤어요!
삶 속의 아픔과 감정을 외면하지 않고, 천천히 마주하는 과정과 저만의 회복방법을 이야기해봤는데요
조금이나마 도움이 되었으면 좋겠네요
그럼 다음 영상에서도 건강하게 찾아뵐게요...♥

Hello, in this video, I've captured the strength and resilience of getting back on your feet even though you're going through a hard time!
I talked about the process of facing the pain and emotions in life slowly and how to recover
I hope I can help you a little bit
Then I'll come back healthy in the next video...♥",2026-03-26T11:01:32Z,"회복탄력성,힘들때보는영상,멘탈강해지는법,멘탈강한사람특징,멘탈강한사람,멘탈강한여자,유리멘탈극복,유리멘탈기존쎄,강한멘탈만들기,강한멘탈동기부여",22,ko,PT2M1S,2d,hd,false,1224,0,0,11,public,youtube,True,False,https://en.wikipedia.org/wiki/Health,https://i.ytimg.com/vi/vrGKl9KTZYQ/maxresdefault.jpg,thumbnails/h퍼즐/vrGKl9KTZYQ.jpg
호치민주부 미영 HCMC JUBU,UCtKmp6x0aVJjp_ftiN70jmA,vMvZsDGSFyY,"일본 전통 마을 여행 ""시라카와고"", 일본 마트 쇼핑!","↓ 더보기란을 확인 해 주세요.

⊙ 다카야마 온천호텔
https://www.trip.com/t/Y8DBQfjJgT2
(이 링크를 통해 구매시 소정의 수수료를 제공받을 수 있습니다.)

⊙ 문의
kambab.lee@gmail.com

⊙ 인스타그램
https://www.instagram.com/miyoungleee
#호치민주부  #시라카와고  #일본마트 

⊙ 네이버블로그 
http://blog.naver.com/mmgrape920/ 


⊙ 사용한 음악",2026-03-24T06:25:50Z,"호치민 미영,미영미선,해외일상,한국가족,여행,일본 소도시 여행,시라카와고,다카야마,다카야마 온천여행,다카야마 맛집,일본 맛집,히다규 맛집,히다규 구이,수타우동,산마치 거리",19,ko,PT17M,2d,hd,false,2038,126,0,16,public,youtube,True,False,"https://en.wikipedia.org/wiki/Food,https://en.wikipedia.org/wiki/Lifestyle_(sociology),https://en.wikipedia.org/wiki/Tourism",https://i.ytimg.com/vi/vMvZsDGSFyY/maxresdefault.jpg,thumbnails/호치민주부미영HCMCJUBU/vMvZsDGSFyY.jpg
푸드투어FoodTour,UCqXgXRW_Mvzj8_o3DfObuyQ,bLRZku7kg9o,"쌀 반죽이 쫄깃한 면발로 변하는 마법 | 레미피(热米皮, Rè mǐ pí) / 1,300년전 당나라 황실도 먹었다 / 陈菲儿热米皮","🔍 상호
 陈菲儿热米皮

📍주소
시안시 장안구 원위안북로와 영화1로 교차로에서 북쪽으로 100m
西安市长安区文苑北路与樱花一路交叉口北100米

💵 가격
热米皮    : 8元  / 1,500 KRW  /  1.1 USD 
莱豆腐    : 5元  /   960 KRW  /    0.7 USD 
肉央犊    : 9元  / 1,700 KRW  / 1.25 USD

👊Foodtour 펜 서포트👊
🍵푸드투어를 위해 커피를 사주시면 채널을 운영하는데 큰 도움이 됩니다.🍵  
 https://www.buymeacoffee.com/foodtour_foodtour


👍 댓글 및 구독을 통해 이 채널을 돕고 전 세계의 더 멋진 길거리 음식 동영상을 시청하세요.

🙏 제 영상을 봐주셔서 정말 감사합니다. 즐거운 시간 보내세요!

❤️시청해주셔서 감사합니다",2025-07-13T12:46:39Z,"xian,중국 음식,chinese food video,chinese food youtube,xian streetfood,street food,西安街头美食,西安,시안,시안맛집,시안길거리음식,xian street food,중국 음식 레시피,热米皮,陈菲儿热米皮",19,ko,PT10M38S,2d,hd,false,334,9,0,2,public,youtube,True,False,"https://en.wikipedia.org/wiki/Food,https://en.wikipedia.org/wiki/Lifestyle_(sociology)",https://i.ytimg.com/vi/bLRZku7kg9o/maxresdefault.jpg,thumbnails/푸드투어FoodTour/bLRZku7kg9o.jpg
[좋은남자],UCZ7GPhyPT-HK6bojnpdhSXQ,v_NEDb6XLTs,[노브랜드] 랜더스데이 전 쉬어가는 26년 3월 마지막 전단행사~! 3/26~3/31일까지 비교하시고 알뜰  쇼핑하세요~!,"#꼬박꼬밥 #노브랜드 #노브랜드추천 #마트할인 
노브랜드 행사소식 #고래잇행사

@euddeume 

행사상품 비교해보시고 알뜰쇼핑에 도움 되셨으면 좋겠습니다.
구독,좋아요,알림설정 해주시면 
알뜰쇼핑에 도움이 조금이라도 될수있게 더 노력하겠습니다!

항상 감사합니다!

-좋은 남자-
협업 & 출연
비즈니스메일 : hys0213@naver.com",2026-03-26T16:24:57Z,"노브랜드,노브랜드행사,노브랜드점장,쇼핑좋은남자,노브랜드세일,nobrand,노브랜드추천,노브랜드할인,고래잇,고래잇행사,이마트,신세계,여깄자나요",26,ko,PT8M1S,2d,hd,false,11441,211,0,4,public,youtube,True,False,"https://en.wikipedia.org/wiki/Food,https://en.wikipedia.org/wiki/Lifestyle_(sociology)",https://i.ytimg.com/vi/v_NEDb6XLTs/maxresdefault.jpg,thumbnails/좋은남자/v_NEDb6XLTs.jpg
홍영기(young gee Hong),UCWuWpKhbGev8Za4J-jfdSXw,4Dxy0_mRld4,"회피형 연애 해본 사람?ㅣ연애상담ㅣ연애팟케스트 feat.슬리피,연예림","본 영상은 [유료광고]를 포함하지 않습니다.
💌contact💌 : tyd123@kisyning.com",2026-03-24T11:57:52Z,,24,ko,PT30M28S,2d,hd,false,2834,54,0,1,public,youtube,True,False,,https://i.ytimg.com/vi/4Dxy0_mRld4/maxresdefault.jpg,thumbnails/홍영기younggeeHong/4Dxy0_mRld4.jpg
춘천약초TV Flower tea,UC57ykpQztHaV1yWcseWDMmw,yYL60EvxdBg,어린 두릅나무 밭둑에 심기^^(중부지방은 지금이 적기),"두릅나무는 지금 심어야 해요^^
어린 두릅나무 식재방법~~^^
#두릅나무심기 #참두릅 #두릅나무심는방법",2026-03-26T22:00:59Z,"참두릅,두릅나무,두릅나무심는방법,두릅나무심는시기,강원도영서지역,1년생두릅나무",24,ko,PT4M11S,2d,hd,false,96,0,0,24,public,youtube,True,False,https://en.wikipedia.org/wiki/Lifestyle_(sociology),https://i.ytimg.com/vi/yYL60EvxdBg/maxresdefault.jpg,thumbnails/춘천약초TVFlowertea/yYL60EvxdBg.jpg
정육왕 MeatCreator,UC1oXmhvYHVI2bApphh3IzuQ,tVXkhDOvsVU,"인생급 삼겹살 ""산청목가"" 흑돼지가 서울에 왔다고? 그런데..","✔️정육왕 삼겹살 인생맛집 중 국내 유일한 가고시마 흑돼지의 피가 섞인
돼지고기를 먹을 수 있는 산청 목가의 흑돼지가 서울에 상륙했습니다.

✔️ ""고산식육점"" 위치 정보
네이버 : https://naver.me/5DDkPxaG

✔️본 영상은 협찬&광고 해당사항이 없습니다.
ㅡㅡㅡㅡㅡㅡㅡㅡㅡㅡㅡㅡㅡㅡㅡㅡㅡㅡㅡㅡㅡㅡㅡㅡㅡㅡㅡㅡㅡㅡㅡㅡㅡㅡㅡㅡㅡㅡ
✔️ ""정육왕 고단백 돼지안심 소세지"" 구매 정보
네이버 스토어 :  https://smartstore.naver.com/meat183/products/11702262818
1팩 단백질 함량 35g !! 헬스, 건강, 다이어트, 식단을 위해 만든
닭가슴살 소세지 보다 훨씬 맛있는 고단백 돼지안심 소세지.
ㅡㅡㅡㅡㅡㅡㅡㅡㅡㅡㅡㅡㅡㅡㅡㅡㅡㅡㅡㅡㅡㅡㅡㅡㅡㅡㅡㅡ
✔️인스타그램 - https://www.instagram.com/meat.creator/
✔️메일 - zzanggem@naver.com",2026-03-26T08:59:22Z,"정육왕,고산식육점,가고시마 흑돼지,산청 목가,목가 흑돼지,산청흑돼지,정막내",26,ko,PT13M46S,2d,hd,false,46540,515,0,152,public,youtube,True,False,"https://en.wikipedia.org/wiki/Food,https://en.wikipedia.org/wiki/Lifestyle_(sociology)",https://i.ytimg.com/vi/tVXkhDOvsVU/maxresdefault.jpg,thumbnails/정육왕MeatCreator/tVXkhDOvsVU.jpg
효비HyoBee,UC60126GZFq0ALxVjTcl0QrQ,O9FHa6HpIcU,"누가 청주를 노잼도시라 하였는가🔫 대유잼 맛집 도시 탕탕 │ 뚜벅이 1박2일 나혼자 청주여행 산더미과일 치킨집, 탕후루호떡, 우리케이크, 코끼리만두 고추만둣국 돈냉면 브이로그","#먹방 #브이로그 #먹방브이로그 #청주여행 #나홀로청주
안녕하세요!
갑자기 매운만두에 꽂혀서!!! 청주에 쏙 다녀왔어요
청주가 노잼도시라는 오명이 있던데, 
찾아보니 당일치기가 아까울정도로 먹을것, 할것이 많은거예요!
누가 노잼이라는 소문을 내었는가🔫
마카롱이랑 케이크 자기만 먹으려고~!~!🔫
청주에서 먹어야할 음식종류로만
초코케이크, 마카롱, 타르트, 매운만두, 간장삼겹살, 탕후루호떡 등등등....
너무 많은거예요~!
거기에 국립현대미술관, 정북동 토성, 옛청주역사박물관, 상당산성, 더글로리 바둑공원 촬영지 등등...
우리 청주 꿀잼인거 알아주라주~!
다들 청주 유잼도시 구경 한번 하고 가세요🩵

🧳1박2일 총 여행경비:
KTX: 37,000원
숙소: 32,000원
택시비: 14,300원
식비:156,300원
소품샵: 7,000원

✨인스타그램: hyobeing9
https://www.instagram.com/hyobeing9/

💌 협업 / 비즈니스 문의
hyobeing9@naver.com

💎멤버쉽 구독: 
https://www.youtube.com/channel/UC60126GZFq0ALxVjTcl0QrQ/join",2026-03-24T12:00:49Z,"먹방,효비,현실자매,브이로그,먹방브이로그,브이로그먹방,일상브이로그,자취생,자취생브이로그,자취브이로그,자취생자매,자취자매,mukbang,韩国菜,吃播,姐妹吃播,グルメ,番組,クバン,食べ放送,食べ放題,청주,청주여행,나홀로청주,나혼자 청주,청주 당일치기,청주먹방,청주만두,우리베이커리,청주 디저트,코끼리만두,청주삼겹살,국내여행,나홀로국내여행,나혼자국내여행",22,ko,PT34M33S,2d,hd,true,13876,310,0,70,public,youtube,True,False,"https://en.wikipedia.org/wiki/Food,https://en.wikipedia.org/wiki/Lifestyle_(sociology)",https://i.ytimg.com/vi/O9FHa6HpIcU/maxresdefault.jpg,thumbnails/효비HyoBee/O9FHa6HpIcU.jpg
한국맛집여행,UCA9lrJO7IC-akkOrdG_kZew,3hh2x5zNtKM,청양 맛집 베스트10 유명해서 사람들이 많이 방문하는곳 30개도 총정리,"충남 청양 맛집 베스트10 네비게이션 검색해서 사람들이 많이 방문하는곳 30개도 총정리 하였습니다 

#청양맛집 #청양군맛집 #청양맛집방문순위
#충남청양맛집",2026-03-26T05:21:45Z,,19,ko,PT3M44S,2d,hd,false,133,10,0,34,public,youtube,True,False,"https://en.wikipedia.org/wiki/Food,https://en.wikipedia.org/wiki/Lifestyle_(sociology)",https://i.ytimg.com/vi/3hh2x5zNtKM/maxresdefault.jpg,thumbnails/한국맛집여행/3hh2x5zNtKM.jpg
숭부지🥢맛집쫓는 개드립퍼,UC1itlCNdWidgM9eUsuWjf5A,wdrn2HyvPyw,현지인이 인정한 실패 없는 은평구 맛집!! 제가 직접 다녀왔습니다 (-_-'')/,"오늘은 뚠스커피를 운영하시는 뚠스형님 추천으로
은평구에 있는 보물같은 맛집들을 다녀왔습니다ㅎ
제 영상이 여러분의 외식에 조금이나마 도움이 되었으면 좋겠습니다^^

뚠스커피 - 서울 은평구 응암동 86-28

벙구갈비 신사본점- 서울 은평구 신사동 29-177

명가 - 서울 은평구 응암동 89-11

녹번꼼장어 - 서울 은평구 녹번동 212

#은평구맛집 #응암동맛집 #녹번동맛집",2026-03-23T10:44:21Z,"맛집리뷰,추천맛집,숨은맛집,나만아는맛집,서울맛집,가성비맛집,맛집추천,은평맛집,은평구맛집,응암동맛집,녹번동맛집,신사동맛집,벙구갈비,명가,은평구명가,은평벙구갈비,녹번꼼장어,뚠스커피,숭부지,음암동명가,갈비맛집,명태찜맛집,꼼장어맛집,은평구커피",24,ko,PT12M39S,2d,hd,false,14248,378,0,51,public,youtube,True,False,"https://en.wikipedia.org/wiki/Food,https://en.wikipedia.org/wiki/Lifestyle_(sociology)",https://i.ytimg.com/vi/wdrn2HyvPyw/hqdefault.jpg,thumbnails/숭부지맛집쫓는개드립퍼/wdrn2HyvPyw.jpg
방랑자채널,UC6EVblMaNgsx5P9TuqlE9SQ,fsdwYkTytok,속초 홍게 어시장 난리 날듯?  자숙 홍게 그만! 활 홍게  그맛은? 진짜 전부다 살아있다! 긴급 공개! Korean fish market channel ,"속초 홍게 어시장 난리 날듯?  자숙 홍게 그만! 활 홍게  그맛은? 진짜 전부다 살아있다! 긴급 공개! Korean fish market channel 

* 시청해주셔서 감사합니다! 
* 비지니스 문의 brj0404@naver.com 

#어시장
#수산시장
#속초
#주문진
#홍게
#대게
#소래포구
#낙지
#홍원항
#대명항
#도루묵
#주문진
#꽃게
#생새우
#오징어난전
#신진항
#오징어
#난전 
#노량진
#오징어회
#신진도
#강릉
#인천
#새우
#오이도
#해루질
#여행",2026-03-28T02:00:00Z,,19,ko,PT4M31S,2d,hd,false,148,10,0,0,public,youtube,True,False,"https://en.wikipedia.org/wiki/Food,https://en.wikipedia.org/wiki/Lifestyle_(sociology),https://en.wikipedia.org/wiki/Pet",https://i.ytimg.com/vi/fsdwYkTytok/maxresdefault.jpg,thumbnails/방랑자채널/fsdwYkTytok.jpg
GS25 l 이리오너라,UCl0HemfAt7dShJRf59_cuGQ,Caw-fSCAKGc,⋅˚₊‧ 𝟮𝟬𝟮𝟲 𝗚𝗦𝟮𝟱 스포츠 페스타 ‧₊˚⋅,"#GS25 #대한민국응원캠페인 #GS25스포츠페스타 #GS25Sportsfesta #Sportsfesta

⋅˚₊‧ 𝟮𝟬𝟮𝟲 𝗚𝗦𝟮𝟱 𝗦𝗣𝗢𝗥𝗧𝗦 𝗙𝗘𝗦𝗧𝗔 ‧₊˚⋅

올해는 그 어느 때보다
뜨거운 스포츠의 해⚾⚽🏃

대한민국을 하나로 만드는
짜릿한 경기들이 올 한 해
우리를 기다리고 있습니다✨

대한민국 대표 응원 캠페인
#GS25스포츠페스타 📢💜

모든 응원의 순간,
먹거리부터 결제 혜택까지
GS25와 함께 풍족하게 즐겨보세요!

#GS25 #대한민국응원캠페인 #GS25스포츠페스타 #GS25Sportsfesta #Sportsfesta",2026-03-27T08:20:01Z,,24,ko,PT40S,2d,hd,false,150,4,0,1,public,youtube,True,False,https://en.wikipedia.org/wiki/Sport,https://i.ytimg.com/vi/Caw-fSCAKGc/maxresdefault.jpg,thumbnails/GS25l이리오너라/Caw-fSCAKGc.jpg
예소리SSOL,UCxvX64o-lJ9m4Co9zm6druQ,EngbdTjoNBQ,[먹방vlog] 유행 따라가고 싶은 그냥 무생채에 진심인 사람 _ 봄동비빔밥+철판닭갈비+버터떡+뒷고기+서프라이즈 선물+토종백숙+홍천여행,"예소리 이메일 - amonni92@naver.com

가죽자켓 - 더오유
가디건 - closets
홀터넥 나시 - 위드아웃썸머
잠옷 - 울랄라
모자 - 아비에무아,노이쉬



⭐️예소리 인스타그램 : https://instagram.com/ys.ttol",2026-03-24T09:00:55Z,"먹방,mukbang,브이로그,vlog,예소리,예솔이,예솔,김예솔,먹는방송,리뷰,후기,무생채,무생채레시피,예소리무생채,양부자,뒷고기,홍천,홍천여행,비발디,비발디파크,대명비발디,닭갈비,철판닭갈비,봄동,봄동비빔밥,백숙,버터떡,토종닭,토종백숙,다이어트식,우삼겹배추찜,서프라이즈,크롬하츠,선물",22,ko,PT38M6S,2d,hd,false,83084,1134,0,143,public,youtube,True,False,"https://en.wikipedia.org/wiki/Food,https://en.wikipedia.org/wiki/Lifestyle_(sociology)",https://i.ytimg.com/vi/EngbdTjoNBQ/maxresdefault.jpg,thumbnails/예소리SSOL/EngbdTjoNBQ.jpg
정육점아지야meatman,UCW78wkSCCBpad3Yg3JZYy-A,7eKylnOQ7q0,버릴게 없다! 뼈없는 갈비편!,"#늑간살#한우갈비찜#뼈없는갈비
타임라인
인트로&발골시작00:00
시골도착&통통늑간살구이5:53
뼈없는갈비찜12:11

[브금 출처]

1. 브금대통령- bright whistle 
2. 브금대통령- Happy family 
3. 브금대통령- brunch ll 
4. 브금대통령- brunch 
5.브금대통령-뒤뚱뒤뚱
6.Make love not war-patino 
7. Glen canyon- dan Lebowitz 
8. sand castles- The Green orbs 
9. A heart warming cute song for everyday Scenes 
10.  Cheerful whistling jazz-cooking outdoor 
11. Speaking music with a feeling of running",2026-03-22T08:00:05Z,,22,ko,PT21M7S,2d,hd,false,65103,1505,0,128,public,youtube,True,False,"https://en.wikipedia.org/wiki/Food,https://en.wikipedia.org/wiki/Lifestyle_(sociology)",https://i.ytimg.com/vi/7eKylnOQ7q0/hqdefault.jpg,thumbnails/정육점아지야meatman/7eKylnOQ7q0.jpg
나나&나 nana&na,UCxPsmOVI09rLoeB-Q5E4KiA,qyX2BnElYaA,"Vlog | 명란크림우동, 최강록 카레우동, 토달볶음, BLT 샌드위치 | 새끼발가락 골절?!","좀 어이없지만 집에서 걷다가 생긴 뜻밖의 부상으로 푹 쉬고 있습니다. ㅠㅠ

#브이로그 #집밥 #탐조

00:00 명란크림우동
02:28 최강록 카레 우동
06:05 토마토달걀볶음 덮밥
08:21 말린 토마토 절임과 샌드위치
11:33 새끼발가락 골절
13:13 산책길 탐조
----------------------------------

- 최강록 카레우동 레시피 https://youtu.be/m2VkXUo7zuc?si=XLzQFeMIznsiMuk4
- 토마토달걀볶음 레시피 https://youtu.be/5uG-2C2pC8g?si=XWoIxd8Zg5dkKgl0
- 말린토마토절임 레시피 https://x.com/kittyabite/status/2013768614592045557?s=20

----------------------------------
- ​​Music by Josh Woodward ""Perfect Recipe""
  https://youtu.be/4tumh-Mhro8?si=cF7mJhgKId7zyILR
- Music by 브금대통령 ""Easy Little Waltz""
  https://youtu.be/0YnjXhUafc4?si=GmeyBJ1zzSmRC4qp
- Music by 오늘의 일기 ""Banana Pudding""
  https://youtu.be/1c39EKHR7iE?si=I6ri5zLHO75uCAuQ
- Music by  Oak Studios ""Into The Light""
  https://youtu.be/5nNVrUE4oDA?si=XI0MIn1a-QBKboQ4",2026-03-06T11:37:32Z,"korea,mukbang,브이로그,birdwatching,seoul",22,ko,PT17M29S,2d,hd,true,351,51,0,27,public,youtube,True,False,"https://en.wikipedia.org/wiki/Food,https://en.wikipedia.org/wiki/Lifestyle_(sociology)",https://i.ytimg.com/vi/qyX2BnElYaA/maxresdefault.jpg,thumbnails/나나나nanana/qyX2BnElYaA.jpg
옥수수콩,UC1JKwATe3aSZUsuqFhnR5BA,sNUoGyXB8WY,자취생존일기#18ㅣ아니 이게 말이 되네...🥬,"🎵Music provided by 브금대통령
🎵Track : 귀여운데 즐거울거야 -    • [Playlist] 귀여운데 즐거울거야",2026-03-21T10:10:35Z,,24,ko,PT3M58S,2d,hd,false,1968,89,0,15,public,youtube,True,False,"https://en.wikipedia.org/wiki/Food,https://en.wikipedia.org/wiki/Lifestyle_(sociology)",https://i.ytimg.com/vi/sNUoGyXB8WY/hqdefault.jpg,thumbnails/옥수수콩/sNUoGyXB8WY.jpg
시골마이라이프,UCyVsAOUWUWdIwOpIX0URsWg,NYot9ug8VNg,계곡에서 잡은 피라미 매운탕 끓여서 맛나게 먹어보자,"오랜만에 먹었는데 진짜 맛 미쳤다

#시골 #일상 #피라미 #매운탕 #먹방",2026-03-02T09:00:25Z,"일상,먹방,낚시,취미,시골,노총각",17,ko,PT15M57S,2d,hd,false,29913,1684,0,135,public,youtube,True,False,"https://en.wikipedia.org/wiki/Food,https://en.wikipedia.org/wiki/Lifestyle_(sociology)",https://i.ytimg.com/vi/NYot9ug8VNg/maxresdefault.jpg,thumbnails/시골마이라이프/NYot9ug8VNg.jpg
VLOG 제제 (JEJE),UCSWpQJPREdwxwF0uRnOwimQ,Z6ccCYMjt4s,대전 Hynn (박혜원) 무대 : 2025 유성온천 크리스마스 축제 251205 유림공원,"#유성온천 #크리스마스축제 #박혜원

축제 후기 보러가기
https://blog.naver.com/jeggange/224099860279


NAVER BLOG :  http://blog.naver.com/jeggange
INSTAGRAM  :  https://www.instagram.com/ppolroki",2025-12-06T05:46:28Z,,22,ko,PT6M1S,2d,hd,false,190,1,0,2,public,youtube,True,False,"https://en.wikipedia.org/wiki/Music,https://en.wikipedia.org/wiki/Music_of_Asia",https://i.ytimg.com/vi/Z6ccCYMjt4s/maxresdefault.jpg,thumbnails/VLOG제제JEJE/Z6ccCYMjt4s.jpg
이마트 LIVE,UCojm0qrKPoxt6lc6J4iDCrQ,yfFMZFo7C6E,랜더스 쇼핑페스타 압도적 득템 쇼!,"📣2026년, 랜더스 쇼핑페스타 압도적 득템 SHOW!📣
4/1(수)~ 4/12(일)까지 단, 12일간 상반기 압도적인 쇼핑 페스타가 온다!
상반기 최대 쇼핑 페스타인 랜더스 쇼핑페스타, 득템할 준비되셨나요?
압도적으로 준비했습니다. 할인도, 물량도, 혜택도 !
⠀
📅이마트 랜더스 쇼핑 페스타
4/1(수)-4/5(일)
⠀
📅랜더스 쇼핑 페스타
4/1(수)-4/12(일)
⠀
이마트 | G마켓 | SSG닷컴 | 신세계 백화점 | 트레이더스 | 스타벅스 | 옥션 | 신세계라이브쇼핑 | 신세계 프리미엄 아울렛 | 
신세계 I&C | 신세계면세점 | 이마트 에브리데이 | W컨셉 | 조선호텔앤리조트 | 이마트24 | 신세계V | 노브랜드 |
 까사미아 | 노브랜드버거 | 와인앤모어 | JW메리어트 | 스타필드 | 아쿠아필드 | JOSUN TASTE & STYLE | SSG Landers

📢전 그룹사 혜택 보러가기
https://event.ssg.com/eventDetail.ssg?nevntId=1000000021851&domainSiteNo=6005
📢댓글 달고 e머니 받기
https://eapp.emart.com/webapp/estory/8649?mode=comment&storeId=

#랜더스쇼핑페스타 #랜쇼페 #압도적 #득템 #압도적득템쇼",2026-03-23T02:15:55Z,,26,ko,PT1M1S,2d,hd,false,989,23,0,10,public,youtube,True,False,,https://i.ytimg.com/vi/yfFMZFo7C6E/hqdefault.jpg,thumbnails/이마트LIVE/yfFMZFo7C6E.jpg
우리의 한끼,UC31ZRIFnArPZMp78FmbFAXw,cVNXW14rpJE,5분만에 만드는 전자레인지 파스타 3가지,"📌원하는 영상으로 바로가기

00:18 파스타 삶는 것이 귀찮다면 ? 
00:27 파스타 삶는 방법
00:59 파스타 소분하기 (방법, 장점)
01:47 치즈 토마토 스파게티 만들기 
02:17 명란 크림 스파게티 만들기 
02:56 양배추 스파게티 만들기 

🍝치즈 토마토 스파게티 

• 냉동 스파게티 170g, 토마토 스파게티 소스 150g (10숟가락), 모짜렐라 치즈 80g 
☑️베이컨, 양파, 버섯 등 추가 재료를 넣어도 좋아요.

🍝명란 크림 스파게티 

• 냉동 스파게티 170g, 우유 100ml (반컵), 치킨스톡 0.5숟가락, 슬라이스 치즈 1장, 명란젓 1숟가락, 계란노른자 1개, 대파 약간, (크러쉬드 레드페퍼) 
☑️명란젓은 제품마다 염도가 다를 수 있어요. 취향껏 가감해주세요.

🍝양배추 스파게티 

• 냉동 스파게티 100g, 양배추 120g
• 양조간장 1, 굴소스 0.5, 스리라차소스 1, 알룰로스 0.5, 다진마늘 0.5 숟가락 


✅영상에서 사용한 제품 정보는 더보기란 링크에서 확인해주세요. 


#스파게티 #토마토스파게티 #명란파스타 #양배추",2026-03-07T06:58:34Z,"전자레인지요리,파스타만들기,토마토스파게티,명란파스타,양배추파스타,양배추요리,명란젓요리,양배추레시피",26,ko,PT3M33S,2d,hd,false,90901,2499,0,48,public,youtube,True,False,"https://en.wikipedia.org/wiki/Food,https://en.wikipedia.org/wiki/Lifestyle_(sociology)",https://i.ytimg.com/vi/cVNXW14rpJE/maxresdefault.jpg,thumbnails/우리의한끼/cVNXW14rpJE.jpg
오렌즈OLENS,UC2OB5K-Rdmu01FuH-2tej3g,mdOyv2lfTiw,𝑴𝑶𝑶𝑫 𝑵𝑰𝑮𝑯𝑻 Mood Choco🍫𝐰𝐢𝐭𝐡 𝗡𝗔𝗥𝗜𝗡,"#MOODNIGHT #NARIN

𝑴𝑶𝑶𝑫 𝑵𝑰𝑮𝑯𝑻 Mood Choco🍫
𝐰𝐢𝐭𝐡 𝗡𝗔𝗥𝗜𝗡

부드러운 초코 컬러와
선명한 써클라인으로
깊이 있는 눈빛 연출!

부드럽게 스며드는 애쉬빛 컬러의
[나린 무드초코 영상] 확인해보세요!🔍

𝑴𝑶𝑶𝑫 𝑵𝑰𝑮𝑯𝑻
[1day, 1month l 13.3mm l Mood Choco, Mood Brown, Mood Gray]

심의번호 : 조합-2026-06-059(유효기간 29.02.25), 조합-2026-06-058(유효기간 29.02.25)

※이 제품은 ’의료기기(시력보정용 매일착용소프트콘택트렌즈)‘이며, ’사용상의 주의사항‘과 ’사용방법‘을 잘 읽고 사용하십시오.

#오렌즈 #무드나잇 #미야오 #나린 #렌즈추천",2026-03-19T09:01:16Z,,26,ko,PT11S,2d,hd,false,160,9,0,0,public,youtube,True,False,https://en.wikipedia.org/wiki/Lifestyle_(sociology),https://i.ytimg.com/vi/mdOyv2lfTiw/maxresdefault.jpg,thumbnails/오렌즈OLENS/mdOyv2lfTiw.jpg
여수MBCPrime,UCwWqBWIe72xKV016rcXGaaA,4fJI-l484CQ,영화 〔열여덟 청춘〕 | 어바웃우리동네 문화카페 2026.3.25.(수),"열여덟 청춘
규칙보다 아이들의 ‘다름’을 먼저 보는 ‘별난 선생님’ 희주가 새로 부임한다. 반장도 사물함도 돌아가며 맡고, 휴대폰도 자율에 맡기자는 그의 파격 제안에 교실은 금세 한결 자유롭고 생기 있게 바뀐다. 하지만 그런 변화가 모두 반가운 것만은 아니다. 동료 교사들은 불안해하고, 뭐든 반듯해야 하는 우등생 경희는 고개를 갸웃한다. 한편, 엄마와 단둘이 사는 열여덟 순정은 집도 학교도 답답한 영락없는 사춘기 소녀. 졸업 후 아프리카로 떠나겠다는 엉뚱하지만 진지한 꿈을 품고 스와힐리어를 공부하며 차곡차곡 ‘탈출 계획’을 세우는 중이다. 그런 순정에게 자꾸만 다가오는 존재, 바로 오지랖 넓은 담임 희주. 그 관심이 귀찮기만 하다. 자유를 믿는 선생님, 벗어나고 싶은 학생, 흔들리면 안 된다고 믿는 우등생. 서로 다른 세 사람은 한 교실 안에서 부딪히며 조금씩 서로를 이해하기 시작한다. 그리고 그 만남은, 그들의 열여덟을 조금 다른 방향으로 이끈다.
감독 어일선 출연 전소민 김도연 액시",2026-03-27T01:05:40Z,"여수MBC,여수MBCPrime,여수MBC프라임,여수MBC Prime,여수MBC유튜브",22,ko,PT1M12S,2d,hd,false,113,0,0,0,public,youtube,True,False,"https://en.wikipedia.org/wiki/Entertainment,https://en.wikipedia.org/wiki/Film",https://i.ytimg.com/vi/4fJI-l484CQ/maxresdefault.jpg,thumbnails/여수MBCPrime/4fJI-l484CQ.jpg
스튜디오 수제,UC4ZA57iJrf73bJlApKFeLRw,6a4GfDj_SYw,새 프로그램 MC 인사 박습니다. l 간절한입 티저,"짜스 짜쓰 지유 와쪄염~
〈👄간절한입〉 새 MC 김지유가 인사 박습니다💥

숨만 쉬어도 나락가는(?) 유튜브 세계에서 첫 단독 맡은 김지유, 
신고식부터 또간집 5년차 MC 풍자한테 제대로 잡도리 당했습니다.

자라나는 새싹은 밟아놔야 한다는 본처 풍자의 검증과
절대 물러서지 않는 발칙한 후궁 김지유의 받아치기로 현장 초.토.화
과연 간절한 김지유는 한 치 양보 없는 기싸움 끝에 살아남아
게스트들의 간절한입을 제대로 이뤄줄 수 있을까?

#간절한입 #김지유 #풍자
======================================

본격 식욕 봉인해제 먹방 토크쇼 〈👄간절한입〉
뉴페이스 김지유의 활약이 궁금하다면

3/31(화) 오후 6시 30분
간절한입 올라온다!

👄게스트 출연 문의 / 협찬 / 비즈니스👄
suze.official@studiosuze.co.kr

======================================

스튜디오수제 공식 SNS 
➡ https://www.instagram.com/studiosuze.co.kr 
➡🐦/ https://x.com/suze_official

※ 본 영상과 무관한 내용의 댓글과 출연자에 대한 무분별한 욕설, 비난 및 조롱 등 악의적인 댓글은 무통보 삭제될 수 있습니다.",2026-03-20T01:00:06Z,"간절한입,rkswjfgksdlq,간절,먹방,음식,김지유,Kim Jiyu,천상여자,십이층,영업중,밸런스게임,밸겜,연애,피식대학,메타코미디,밈고리즘,폭스클럽,곽범,ph-1,김원훈,풍자,또간집,기싸움,성세천하,후궁,중전,티저,예능",24,ko,PT7M14S,2d,hd,true,301954,2108,0,190,public,youtube,True,False,"https://en.wikipedia.org/wiki/Entertainment,https://en.wikipedia.org/wiki/Television_program",https://i.ytimg.com/vi/6a4GfDj_SYw/maxresdefault.jpg,thumbnails/스튜디오수제/6a4GfDj_SYw.jpg
정인숙 자연 발효 밥상,UCK_eNXVz67P6zwPo28tb2GA,ArcQthbDNSs,3/26(목) 라이브 방송,"채널에 가입하여 혜택을 누려보세요.
https://www.youtube.com/channel/UCK_eNXVz67P6zwPo28tb2GA/join",2026-03-26T21:08:27Z,,27,ko,PT1H10M4S,2d,hd,false,1158,105,0,7,public,creativeCommon,True,False,"https://en.wikipedia.org/wiki/Food,https://en.wikipedia.org/wiki/Lifestyle_(sociology)",https://i.ytimg.com/vi/ArcQthbDNSs/maxresdefault.jpg,thumbnails/정인숙자연발효밥상/ArcQthbDNSs.jpg
일극장,UC3zHBZWes6ZbnnciAekUVCw,r76MXP7iGBg,여사친 고백 썰 해명하겠습니다,"신일국 인스타 - https://www.instagram.com/1.guk/
강예빈 인스타 - https://www.instagram.com/loveyebbi/
.
문의 : dlfrnr007@naver.com",2026-03-26T09:15:00Z,"강예빈,빈자리있어예,신일국,뷰티풀너드,mz를찾아서,작골듀오,진국이네,고백,해명,플러팅,썸,연애,정희수,희수형",23,ko,PT11M8S,2d,hd,false,54135,1108,0,189,public,youtube,True,False,https://en.wikipedia.org/wiki/Lifestyle_(sociology),https://i.ytimg.com/vi/r76MXP7iGBg/maxresdefault.jpg,thumbnails/일극장/r76MXP7iGBg.jpg
세라는 술말려,UCmE4NuTfSISuz6UFiktosag,j2_DoMN8WqQ,소주 10병 마시는 여자의 브이로그😇 숙취→해장→폭음 무한 굴레🔥트루엔 오엠비 바이오던스 보바 택배깡📦,"안녕하세요❣ 
오랜만에 찾아온 일상 브이로그..
는 뭔 브이로그가 먹는 거 밖에 없냐

화이팅해요 우리🥰

💌 Email : sera@sandboxnetwork.net
🙋🏻‍♀️ Instagram : @2sera (http://instagram.com/2sera)


#세라는술말려 #먹방 #먹방브이로그
#택배깡 #mukbang #vlog",2026-03-24T11:33:12Z,"먹방,맛집,브이로그,여행,여행브이로그,Vlog,일상",24,ko,PT15M25S,2d,hd,false,61419,1320,0,84,public,youtube,True,False,"https://en.wikipedia.org/wiki/Food,https://en.wikipedia.org/wiki/Lifestyle_(sociology)",https://i.ytimg.com/vi/j2_DoMN8WqQ/maxresdefault.jpg,thumbnails/세라는술말려/j2_DoMN8WqQ.jpg
한솔요리학원,UC3h6PKGEW3kXppf-2Sz7P1Q,S2hXxN3BYmI,[바리스타] 라떼아트는 롤링의 힘 + 각도 + 타이밍,"【 바리스타의 한 끗 차이 : 발산점 라떼아트 특강 】

단순히 예쁜 그림을 넘어
라인의 밀도와 흐름 컨트롤, 독보적인 퀄리티를 만드는 바리스타의 비밀은 무엇일까요?

거품을 쪼개는 미세한 롤링의 차이부터
""감으로 그리지 말고, 눈으로 직접 보고 컨트롤하세요""
대회장을 압도하는 멘탈 관리법까지!
뻔한 조언이 아닌, 실전에서 즉시 적용 가능한 하이엔드 테크닉을 제대로 전해드립니다. ☕✨

단 1번의 수업으로
라떼아트 ‘퀄리티 레벨’을 끌어올려보세요.


📍 타임라인 안내

00:00 | 독보적인 우유 질감의 비밀 (롤링 노하우) 🥛 
00:15 | 대회장에서 기 안 죽는 법! 바리스타 멘탈 관리 🦁 
00:30 | 실력이 폭발적으로 성장하는 '진짜' 준비법 🚀 
00:45 | 라떼아트에서 가장 중요한 포인트 (프린팅의 기술) 👀 

📍 라떼아트 실무와 자격증 취득
▶ https://www.hscook.com/product/productOffline.do?categoryCode=C0103005

#요리학원 #한솔요리학원#라떼아트 #바리스타 #스팀우유 #홈바리스타 #바리스타대회#커피레시피",2026-03-24T09:00:32Z,"한솔요리학원,국제바리스타자격증,바리스타자격증,바리스타자격증 실기,바리스타자격증 시험,국내바리스타자격증,커피자격증,SCA국제바리스타자격증,바리스타 실기,#요리학원,#디저트,#디저트캠프,#겨울방학캠프,#파티시에,#파티쉐,#현업파티시에,#요리특강,#학생요리,#요리학원수업,#제과수업,#디저트수업,#두쫀쿠,#두바이,#쫀득쿠키,#조리,#요리입시,#조리입시,#입시설명회,#조리진학,#조리대학 합격 비법,#조리학교 입시,#조리고 합격 전략,#호텔조리과,#호텔외식학과,#외식조리학과,#제과제빵학과,#조리대학,#2025학년되 입시전략,#조리학괏 입시준비,#조리핟과 입시준비,#조리대힉 합격비법,#조리대학 합겨비법,#호탤조리과,레시피,제과,천하제빵,베이크,오세성,#천하재빵",27,ko,PT1M57S,2d,hd,false,52,2,0,1,public,youtube,True,False,https://en.wikipedia.org/wiki/Food,https://i.ytimg.com/vi/S2hXxN3BYmI/maxresdefault.jpg,thumbnails/한솔요리학원/S2hXxN3BYmI.jpg
코지데이 CozyDay,UCEyuopMY0Lx5b5PgCH03FSQ,Wr48qXIe7vA,[임신 22-23주차] 눈에 띄게 커진 배크기👀✨단돈 3만원으로 주수거울 만들기🤍베이비하우스 가서 유모차 결정!,"🧸 Instagram
http://www.instagram.com/cozyday_couple


📧 E-mail
cozyday_couple@naver.com  (개인/비지니스 문의)


📸 Camera_Sony ZV-1M2 / iPhone 14pro
🖥️ Editing program_Premiere Pro CC


🦄말인형 구매처 : 밭디마켓
https://smartstore.naver.com/batti_market/products/10421848478?NaPm=ct%3Dmmrhipql%7Cci%3Dcheckout%7Ctr%3Drete%7Ctrx%3Dnull%7Chk%3Da30149218c2c29281904202dea59b7d548d21c23


🎧
-오늘의 일기
Maple Latte / https://www.youtube.com/watch?v=gd_JL_YYuTw&t=63s
Tea Time / https://www.youtube.com/watch?v=CvMTLSgJjiM
Good Morning / https://www.youtube.com/watch?v=ZmhQ2kwQw-Q&t=1s


#코지데이 #태교활동 #주수거울만들기


© 2018-2026 CozyDay All rights reserved",2026-03-15T11:00:48Z,"일상,임신,임산부,임신중기,브이로그,울산,베이비하우스,줄즈,데이5,레카론,신생아,카시트,토론,말인형,밭디마켓,애착인형,파센토,스프카레,포포,고추다대기,찰곤약떡볶이,곤약떡볶이,환갑케이크,환갑선물",22,ko,PT10M41S,2d,hd,false,9666,629,0,35,public,youtube,True,False,https://en.wikipedia.org/wiki/Lifestyle_(sociology),https://i.ytimg.com/vi/Wr48qXIe7vA/maxresdefault.jpg,thumbnails/코지데이CozyDay/Wr48qXIe7vA.jpg
조재원,UC2o_y872S6YvaO1K8EYnoxg,kszTXLlhbe8,너 예콩이 맞다냐? 엄청 컸다잉🔥 with. 예콩이,조재원 유튜브 구독!,2026-03-28T03:00:00Z,,23,ko,PT7M6S,2d,hd,false,5952,390,0,45,public,youtube,True,False,"https://en.wikipedia.org/wiki/Food,https://en.wikipedia.org/wiki/Humour,https://en.wikipedia.org/wiki/Lifestyle_(sociology)",https://i.ytimg.com/vi/kszTXLlhbe8/maxresdefault.jpg,thumbnails/조재원/kszTXLlhbe8.jpg
-산라가만들다,UC55T49igez4-r1iv7bAJezw,9s1zVVD3igc,"[텀블러백] 코바늘텀블러백, 네잎크로버백,  #crochet #crochetbag #crochetbagkorea","라라 뜨개 프렌즈 (네이버 뜨개 까페)
https://cafe.naver.com/yamedd

샘플정보 
면사 2가지 색상 (아이돌, 마카롱 등)
모사용 6호 코바늘

👉 타임라인
인트로 00:00
샘플정보 00:06
원형1단 01:15
원형2단 03:04
원형3단 04:07
네잎크로버 06:48
앞면 원형1단 12:19
앞면 원형2단 13:25
앞면 원형3단 16:58
연결1단 17:46
연결2단 21:10
네트1~9단 25:51
네트10단 28:54
보틀백 끈 31:23",2026-03-28T04:48:21Z,"crochet,knit,knitting,crochetkorea",26,ko,PT37M33S,2d,hd,false,117,23,0,1,public,youtube,True,False,"https://en.wikipedia.org/wiki/Hobby,https://en.wikipedia.org/wiki/Lifestyle_(sociology)",https://i.ytimg.com/vi/9s1zVVD3igc/maxresdefault.jpg,thumbnails/-산라가만들다/9s1zVVD3igc.jpg
김사원세끼,UC-x55HF1-IilhxZOzwJm7JA,Zse2y5FVTiI,"인당 20,000원 술안주 오지게 실하게 나오는 집","[식당정보]
초록달야식당
서울 강동구 암사길 67 1층 초록달야
https://naver.me/GMmaKnWC

📣[김사원세끼의 노포 투어]는 교보, 예스24, 알라딘 등 온오프라인 서점에서 절찬 판매중에 있습니다. 
📘예스24 https://bit.ly/4dql7Er
📙알라딘 https://bit.ly/3N7czYe
📗교보문고 https://bit.ly/3Y6432d

----------
- 취미로 유튜브 하고 있습니다
- 식당 광고는 절대로 하지 않습니다.
- 실제로는 회사를 다니고 있는 평범한 직장인입니다
- 문의 : kimsawon.sekki@gmail.com (식당에 대한 광고는 안 받습니다)
- 맛집 소개 채널 입니다 (리뷰X, 평가X)
----------

[BGM 정보]
Song : Peyruis - Palm Beach
Follow Artist : https://soundcloud.com/peyruis
Music promoted by DayDreamSound : 
https://youtu.be/1d5oi2A32Nc

#암사동맛집 #미친가성비 #동네찐맛집",2026-03-23T12:01:09Z,,24,ko,PT5M28S,2d,hd,false,90719,1999,0,166,public,youtube,True,False,"https://en.wikipedia.org/wiki/Food,https://en.wikipedia.org/wiki/Lifestyle_(sociology)",https://i.ytimg.com/vi/Zse2y5FVTiI/maxresdefault.jpg,thumbnails/김사원세끼/Zse2y5FVTiI.jpg
yeolmoo열무,UC3S5RJSHvGtsnoyS3qUKUBQ,5uod5Vh77UA,[파스타편] 한국식 파스타를 좋아하십니까?(*^ω^*) 순무의 도시락 [명란오이파스타. 낫또양배추파스타. 김치라구파스타],"안녕하세요, 열무언니 순무🫜입니다.
여러분은 한국식 파스타 좋아하시나요~? 정통 양식 파스타도 맛있지만, 의외로 자취생들이 쉽게 해먹을 수 있는 게 한국식파스타이지요. 그만큼 저희도 자주 해먹고 또 좋아해요.
이번에 만들어보니 바쁜 아침에도 간단하게 준비할 수 있어서 도시락 메뉴로 아주 딱이더라구요 😉
재료를 마음대로 추가할 수 있는 게 한국식 파스타의 매력인 만큼 메인재료만 조금씩 바꾸시면 쉽고 맛있게 도시락 준비가 가능하니까 여러분도 도전해보셔요!
그럼 다음 주 이 시간에 또 만나요💚
p.s.) 출근시간 변경으로 조명이 조금 어두울 수 있는 점 양해 부탁드립니다

00:00 인트로
00:19 명란오이파스타
02:38 낫또양배추파스타
04:45 김치라구파스타

📍정기업로드: 매주 토요일 19시

📨yeolmoo36@gmail.com

📝영상 내 정보
-새로 산 도시락 : 데어코 200 도시락통
-미니 후라이팬 : 알테인 프라이팬 20cm
-검은색 사각칼 : 에버리치 주방칼
-스텐칼 1 : 네오플램 올스텐 주방칼
-스텐칼 2 : 테팔 스테인레스 프리시젼 칼
-어글리어스 추천인 : 피망161933

#간단레시피 #한그릇요리 #한그릇레시피 #초간단음식 #초간단요리 #자취요리 #간단요리 #요리브이로그 #집밥브이로그 #도시락 #직장인도시락 #도시락메뉴추천 #KoreanFood #KFood #KoreanCuisine #KoreanCooking #KoreanRecipe  
#KoreanSoup #KoreanStew #韓国スープ #韓国鍋 #韩国汤 #韩国火锅  
#韓国焼肉 #サムギョプサル #韩国烤肉 #五花肉  
 #韓国ご飯 #ビビンバ #韩国拌饭 #韩国米饭  
 #韓国おやつ #韓国屋台 #韩国小吃 #韩国街头美食  
 #韓国おかず #キムチ #韩国泡菜 #韩国小菜",2026-03-21T10:00:09Z,,22,ko,PT7M13S,2d,hd,false,1670,59,0,8,public,youtube,True,False,"https://en.wikipedia.org/wiki/Food,https://en.wikipedia.org/wiki/Lifestyle_(sociology)",https://i.ytimg.com/vi/5uod5Vh77UA/maxresdefault.jpg,thumbnails/yeolmoo열무/5uod5Vh77UA.jpg
털난새우,UC13xb5Ehc9qS4Moey95DvHg,w-nUOXmi1qY,눈코입 가짜인간의 grwm ㅋ,"너무 tmi 가득한 영상인가 싶긴 하지만. . . 진지하게 보시진 않았으면 좋겠습니다🩷
아무것도 안해도 예쁘다~ 는 답정너식 말을 들으려고 하는 영상도 아니고
성형, 시술을 조장하는 영상은 더더욱 아니라는 점!!! 제 맘 다들 아시죠…?🥲

저는 매일 편집하면서 제 얼굴을 보기도 하고, 가끔 외모 지적의 댓글들도 있고 또 칭찬도 종종 받다보니 더욱 신경쓰이더라고요.. (그래서 저는 누가 예뻐보여도 외모 칭찬은 안하는 편ㅋㅋㅋㅋㅋ) 물론 저도 칭찬 받으면 기분 좋고 감사합니다요🫶🫶🫶 좋게 봐주시는 건 항상 너무 고마움!!!!!🫶 좋은이야기하지말란뜻이아님ㅠㅠㅠㅠ🥺🥺 제가 쫌 예민한 타입일지도 모르겠지만! 그런 말들이 쌓이다 보니까 저를 좋게 봐주시는 분들께 더 예뻐보이고 싶고(인간의 본능이겠죠?) 막 글터라고요~~~ㅎㅎ//

저때가 살이 찌기도 했고 연말 연초라 뭔가 미래 고민이 많았던 시점이라..
다른 것 보다 외모가 노력 없이 바꾸기 젤 쉽다보니 ㅎㅎ 그런 것들에만 신경쓰게 되더라고요.. 하핫
괜히 방구석에서 다른 유튜버, 인플루언서들이랑 나를 비교하기도 하고 또 졸업식 사진 올라오는 거 보면서 세상은 참 불공평하구나 ^^ 생각하기도 하구…….
또 릴스에 한창 성형시술 관련 후기가 많길래 모 여러여러 이유이자 변명이 겹쳐 ㅋㅋ 충동적으로 첫 시술을 해봤으나 큰 돈에 비해 만족하진 않았다는 것이 결론 허허ㅎㅎ 횡설수설이지만~~~~~ 그냥 가볍게 이야기 하면서 화장하는 영상입니다요

진지하게 생각 놉!!!!!!!!! ㅎㅎ

그럼 항상 감사합니다 🩷🩷🩷🩷🩷

ℹ️ 사용한 화장품
#아비브 부활초 미스트 세럼
#헤이네이처 아쿠아 블라스트 젤
#화랑 유자 스위트 립 볼류마이저 ⭐️
#머스테브 커버핏 팟 컨실러
#미샤 초보양 비비크림 21호
#웨이크메이크 워터 벨벳 커버 파운데이션 19 포슬린
#디어에이 퍼스널 싱글 컨실러 10 크리미 옐로우 ⭐️
#디어에이 퍼스널 싱글 컨실러 08 블루 헤이즈
#머스테브 에어리핏 파우더 아이브로우 03 라이트 브라운
#어바웃톤 블러 파우더 팩트 00 클리어
#폰즈 매직 비비 파우더 ⭐️
#컬러그램 틴도리 솜 블러셔 07 꼬숩땅콩 ⭐️
#글린트 하이라이터 피치문 ⭐️
#잉가 무드 아이즈 섀도우 팔레트 코랄 베이킹 \
#네이밍 플러피 볼륨 앤 쉐딩 듀오 클리어 쿨 그레이
#킬릿 펜슬 아이라이너 02 우디 브라운
#얼터너티브스테레오 바미 크림 치크 00 누디 애프리콧 ⭐️
#에뛰드 하트 팝 블러셔 피치스쿨
#하트퍼센트 도트 온 무드 립펜슬 05 애프리콧 코랄 
#하트퍼센트 도트 온 무드 원웨이 글로이 립틴트 피치밀크 ⭐️
#네이밍 시럽 멜팅 스틱 넬 ⭐️

✰ Instagram @ joogaeun
https://www.instagram.com/joogaeun

✰ Contact, 문의
joogaeun@lefericreator.com
joogaeunn@gmail.com",2026-03-20T11:01:44Z,,22,ko,PT11M42S,2d,hd,true,44491,633,0,182,public,youtube,True,False,https://en.wikipedia.org/wiki/Lifestyle_(sociology),https://i.ytimg.com/vi/w-nUOXmi1qY/maxresdefault.jpg,thumbnails/털난새우/w-nUOXmi1qY.jpg
커핑포스트,UC0qnwwpDhqPmrYegf1bPO6A,P7ltTMHT7BY,10년 커피하면서 가장 위기입니다. 꼭 보시고 대비하세요.,"희소성 있는 커피를 찾고, 알립니다.

희소성 있는 커피를 판매하는 블랙로드 온라인
https://www.blackroad.kr

커피를 예술로 경험할수 있는 커피 전시 예약 
블랙로드 성수 : https://m.booking.naver.com/booking/6/bizes/1136092/

이메일 및 인스타그램으로 문의 해주셔도 좋아요
Instagram: https://www.instagram.com/cuppingpost_ceo
Email: cuppingpost@naver.com",2026-03-27T01:31:31Z,"카페,창업,원두,납품,커피",26,ko,PT10M17S,2d,hd,false,3520,130,0,33,public,creativeCommon,True,False,,https://i.ytimg.com/vi/P7ltTMHT7BY/maxresdefault.jpg,thumbnails/커핑포스트/P7ltTMHT7BY.jpg
자연음식산들바람,UC1IkVnd84Dj3L1w5JjryKJQ,BN7UNLogZJw,자연음식 산들바람의 우엉 멸치 조림,"지난번에 우엉 조림하는 방법을 한번 해 드렸는데 
오늘은 조금 다른 방법으로 하는 것을 올려 드립니다
지금 우엉이 많이 나오는 시기이니 우엉을 이렇게 해드시고
또 연근도 비슷한 방법으로 해 드시면 됩니다.
많은 활용을 바랍니다.",2026-03-27T14:40:23Z,"약선요리,자연음식,산들바람,우엉,멸치,조림,우엉멸치조림",26,ko,PT7M36S,2d,hd,false,2476,210,0,2,public,youtube,False,False,"https://en.wikipedia.org/wiki/Food,https://en.wikipedia.org/wiki/Lifestyle_(sociology)",https://i.ytimg.com/vi/BN7UNLogZJw/maxresdefault.jpg,thumbnails/자연음식산들바람/BN7UNLogZJw.jpg
나나먹방 Nana mukbang,UC2_hzdvP-j569djTquAed_Q,c6-s7QmeU8g,"매운먹방♡ 선화동실비김치 배송 온 날~☺️ 오늘은 구수하게 콩국수랑 먹었어요~♡ 실비김치, 실비파김치, 배추전, 콩국수, 매운, 먹방. mukbang, spicy, kimchi.","동영상 품질에서 화질 1080p까지 지원됩니다.♡

CC자막(화면 상단에 톱니바퀴 누르시면 자막 설정)있어요.♡

구독. !!🤗 좋아요. !!🥰 알림. !!☺️
부탁 드려요. ~~💕💕💕💕
반갑습니다. ^-^
오늘은 오랜만에 콩국수 준비해 왔어요. ^-^
아이들이 콩국수 먹고 싶다고 해서,
만들어 주는데, 너무 맛있는거에요.
실비김치도 배송 온 김에,
겸사겸사 준비하게 되었어요. ^-^
굴겉절이 먹었을 때, 
먹고 남은 배추로 배추전도 부쳐 왔어요. !!
진짜 콩국수랑 실비김치 너무 맛있고,
잘 어울려요. !!!
오늘도 맛있는 한 끼였습니다. !!
항상 건강 조심 하시구요.
늘 감사드려요.♡♡♡♡♡♡♡


광고문의♡
luxury08080108@gmail.com
yjangelos@naver.com


#콩국수#선화동실비김치#실비김치#실비파김치#김치#배추전#매운#먹방#kimchi#mukbang#spicy#food#noodles",2026-03-26T14:19:59Z,"yt:cc=on,#실비김치,#실비파김치,#콩국수,#매운,#먹방,mukbang,spicy,kimchi,noodles",22,ko,PT21M11S,2d,hd,true,44475,1959,0,70,public,youtube,True,False,"https://en.wikipedia.org/wiki/Food,https://en.wikipedia.org/wiki/Lifestyle_(sociology)",https://i.ytimg.com/vi/c6-s7QmeU8g/maxresdefault.jpg,thumbnails/나나먹방Nanamukbang/c6-s7QmeU8g.jpg
로루맘,UCzR42kASpewEQUIcSXxGZ_A,rNu39wkdlJg,자막 有)김치 is 뭔들?! 왕갈비 김치찜에 미나리전,"안녕하세요~ 스트레스로 뭐든 뜯고 싶은 로루맘입니다🥰

요즘 환절기라 그런지 컨디션 난조에 쌓이는 스트레스도 풀 겸 왕갈비 한번 뜯었습니다!!
김치로 만드는 음식은 역시나 실패가 없는 것 같아요
그리고 요즘 제철 맞은 미나리로 향긋한 전까지 더해지니 입맛이 확!! 살아요 ㅎㅎ

이번 한주도 고생 많으셨습니다~ 저의 먹방이 조금이나마 힐링이 되시길 바라며 즐거운 주말 보내세요💕💕


여러분들의 소중한 피드백은 채널 발전에 무궁한 힘이 됩니다!! 
딱히 먹방의 기교는 없지만 다양한 먹거리로 눈과 입이 즐거운 채널을 위해 달려보겠습니다~🤗
여러분의 구독과 좋아요는 육아에 지친 저에게 박카스랍니다🥰 

많은 양을 최대한 처음부터 끝까지 맛있게 먹는 모습을 전해 드리고자 편집을 최소화 하다 보니 영상이 긴 점!! 양해 부탁드립니다...👋

#김치찜  #왕갈비김치찜 #미나리전 #집밥  #제철음식 #로루맘 #mukbang #吃播",2026-03-27T07:12:41Z,"제철 음식 먹방,봄 한상 먹방,대식가 먹방,김치찜 먹방,왕갈비김치찜 먹방,집에서 만들어 먹는 먹방,김치로 만드는 요리",24,ko,PT14M52S,2d,hd,true,9429,653,0,102,public,youtube,True,False,"https://en.wikipedia.org/wiki/Food,https://en.wikipedia.org/wiki/Lifestyle_(sociology)",https://i.ytimg.com/vi/rNu39wkdlJg/hqdefault.jpg,thumbnails/로루맘/rNu39wkdlJg.jpg
도이Doi _ 솔직리뷰,UC_btQZ67ZoF76xIHeOWsA2g,rVeIqc_9wCE,"엄마가 본인이 두고두고 보려고 직접 만든 돌잔치 성장동영상 (짱구, 콩알송, 딸바보송) ","제가 아이를 낳은 지 벌써 일년이 되었더라구요

어느새 아기가 돌이 되었습니다 하핫

시간 정말 빠르네요



사실 돌잔치 앞두고 
요즘도 육아전쟁으로 잠이 부족해서
영상 편집도 못하는데 성장 동영상을 만들 수 있을까!
고민하고 걱정했는데

그래도 제가 만드는 게 가장 베스트 일 거라 생각해서
(제가 가장 제가 찍은 영상들을 잘 활용할 수 있으니)

핸드폰 편집 어플 사용해서 ㅋㅋ 진짜 틈날때 마다 만들었어요.



어쩌다보니 사진도 많지만 영상 자료가 엄청 많아서 ㅋㅋ

욕심 많이 부려
제가 앞으로도 두고두고 추억하며 볼 수 있게
열심히 원없이 만들어 봤습니다 ㅋ


영상 편집은 캡컷으로 하고
앞쪽의 더빙은 클로바더빙으로 하였습니다


그 동안 일년의 기록
즐겁게 봐주세요❤️




이제 정말 아기가 돌이 지나면서
그동안 하지 못한 단유도 하려고 합니다

그럼 새벽에 일어나는 것도 줄어들 수 있다고 하니
제 시간도 좀 더 많아 질 수 있지 않을까 생각합니다😂

내 년에는 보다 더 자주 찾아올 수 있도록 노력할게요


언제나 여러 방면으로 응원해주셔서 감사합니다
여러분에게도 행복과 기쁨이 항상 함께하길 기원합니다🙏🏼


#성장동영상 #돌잔치영상 #돌아기 #돌잔치성장동영상 #엄마가만든 #성장일기 #콩알송 #딸바보송 #짱구성장동영상",2025-12-21T15:47:03Z,"성장동영상,돌잔치영상,돌아기,콩알송,딸바보송,엄마가만든,아기영상,성장일기",22,ko,PT7M58S,2d,hd,false,695,16,0,2,public,youtube,True,False,https://en.wikipedia.org/wiki/Lifestyle_(sociology),https://i.ytimg.com/vi/rVeIqc_9wCE/hqdefault.jpg,thumbnails/도이Doi_솔직리뷰/rVeIqc_9wCE.jpg
도던,UC5XELM2gMbAQ2rv_TI2PsLQ,4EIdrZFPPgU,살빼도 못생겨서 성형수술함,"내돈내산 성형수술 후기입니다.
영상은 꼭 처음부터 끝까지 보시길 추천드립니다.

개인적으로 살부터 빼고 성형하시길 추천드립니다
저처럼 빼도..없는 경우도 있지만^_^ 뺀 모습 알면 좋잖아요?
그리고 전 단백질 식품 리뷰어인만큼! 다이어트 식품도 함께 봐주시면 감사하겠습니다!

저는 그리고 제 성형 과정을
유튜버가 아니라면 공유하지 않았을 것 같습니다.
뭔가.. 이질감이 드는게 사실이니까요.
용기를 낸 저에게 좋아요..댓글...(굽신)
0:00 : 주의사항
0:43 : ￼병원선정과정
3:08 : 병원 상담
18:04 : 기간 설정
19:43 : 성형 1일차~30일차
32:00 : 코수술 후 친구들 반응
36:40 : 장단점 정리, 좋은 병원 고르는 방법


도던과 친구하기 😘
인스타그램 : dodun_official
비즈니스 이메일 : axecalibur2021@gmail.com

#남자코수술 #남자코성형 #남자성형 #남자코수술전후 #남자코성형전후 #코성형 #남자코성형브이로그",2026-03-17T11:45:01Z,,22,ko,PT41M15S,2d,hd,false,8711,156,0,176,public,youtube,True,False,https://en.wikipedia.org/wiki/Health,https://i.ytimg.com/vi/4EIdrZFPPgU/maxresdefault.jpg,thumbnails/도던/4EIdrZFPPgU.jpg
 as it is _빗소리 asmr,UC8jEfwIP-gZz-xknBimbrhw,28OtJEqrWDM,시골 장독대 빗소리/ 5분후 화면꺼짐,"볼륨을 조절해서 들어주세요~
그럼... 오늘도 평안한 밤 되시길 바래봅니다😊

Please adjust the volume and listen to it
Then... I hope you have a peaceful night. 😊",2026-03-26T12:00:03Z,"빗소리,rain,빗소리asmr,힐링",10,ko,PT2H14M,2d,hd,false,550,8,0,0,public,youtube,True,False,,https://i.ytimg.com/vi/28OtJEqrWDM/maxresdefault.jpg,thumbnails/asitis_빗소리asmr/28OtJEqrWDM.jpg
세상의 모든 와인 All that wine,UCTFjxmJVbIr-bqjyFkmdMAw,W5mKEvVz8Ew,샴페인 입문순서 (순서대로 TOP 8 추천 | 7만원대부터 30만원대),"이번시간에는 초보자용 샴페인부터
프리미엄 샴페인까지 샴페인 마시는 순서를
소개하고 8가지 와인추천을 해보려고 합니다.
마지막에 샴페인별 테이스팅 후기도 있으니
꼭 끝까지 시청부탁드립니다.

샴페인 입문순서로 7만원대 엔트리 샴페인을 시작으로
버블이 더 작고 촘촘한 10만원 샴페인으로 넘어갑니다.
빵향 브뤼오슈 향 중심의 엔트리급 샴페인이 지겨워질때
레몬,시트러스와 산도를 섬세하게 컨트롤하는
RM샴페인으로 넘어가고,
마지막에는 꽉찬 볼륨감과 긴 피니쉬, 발란스가 좋은
프리미엄 샴페인으로 마무리합니다.

1단계로 7만원대 NM샴페인입니다.
NM샴페인이란 포도를 구입해서 대량 생산하는
샴페인으로 항상 균일한 퀄리티는 유지합니다.
​
추천하는 샴페인으로 피노누아 비율이 높아
볼륨감이 있는 파이퍼하이직 에센셜
좀더 섬세한 스타일을 원하시는 분께는
로랑페리에를 추천합니다.

1단계 샴페인들이 버블이 투박하게 느껴질 때가 있습니다.
그러면 다음 단계는 향과 맛은 비슷하지만,
더 버블이 촘촘하고 입안을 자글자글 간지럽히는
10만원대 NM샴페인입니다.
​
요즘 가격이 좋아서 항상 추천하는 찰스하이직
전문가들도 가장 고급 샴페인에 가깝다는
볼랭저를 추천합니다.


이제 10만원 샴페인도 감흥이 없는 단계에 올때
자기밭에서 수확한 포도로 만드는 RM샴페인
을 접하게 됩니다.
NM샴페인과 다른점은 브뤼오슈, 바닐라향이 덜하고,
산도를 아주 섬세하게 컨트롤하는 스타일입니다.
블랑드블랑은 샤르도네 100%로 만들어
좀더 섬세하고, 부드러우며
블랑드누아는 피노누아, 피노뮈니에 적포도로
만들어 더 볼륨감있고, 스파이시한 향이 납니다.
블랑드블랑의 마법사 피에르페테르 샴페인과
최근 제가 빠져있는 콜레리 블랑드누아를 추천합니다.

이제 섬세한 산도보다 더 짜릿한 샴페인을
원하는 단계로 30만원 프리미엄 샴페인은
어떨지 궁금하게 됩니다.
10만원대 샴페인과 다른점은
버블이 거의 2배에 달하고, 산도, 아로마가
거의 10초 가까이 길게 이어지며, 발란스가
절정에 이르는 샴페인입니다.
​
좀 더 자극적인 돔페리뇽을 먼저 시도하고,
호불호가 가장 적은 크룩을 마지막으로 추천합니다.

이제 샴페인을 모두 마스터하신 후에는
편안한 다이닝에는 브뤼오슈향이 많이 나는 NM을 마시다가
스시, 회 페어링에는 RM샴페인을 즐기고,
아주 특별한 때에는 셀러링한 크룩을
집을 수 있는 샴페인 매니아가 되실 수 있습니다.

다음은 이탈리안 다이닝 누오토 광안리에서
샴페인 페어링입니다. 
​
#샴페인 #샴페인입문순서 #와인 #누오토광안리 #크룩 #champange",2026-03-21T11:12:32Z,,26,ko,PT6M43S,2d,hd,false,2362,45,0,3,public,youtube,True,False,"https://en.wikipedia.org/wiki/Food,https://en.wikipedia.org/wiki/Lifestyle_(sociology)",https://i.ytimg.com/vi/W5mKEvVz8Ew/hqdefault.jpg,thumbnails/세상의모든와인Allthatwine/W5mKEvVz8Ew.jpg
럭키 주키파 냥쌤,UCUSvedwAkAsR0Ii3qzsFz7A,grb_8JUY_c0,럭키 주키파 냥쌤 라이브 스트리밍 중,,2026-03-23T16:14:39Z,,22,ko,PT1H23M31S,2d,hd,false,7332,41,0,0,public,youtube,True,False,https://en.wikipedia.org/wiki/Lifestyle_(sociology),https://i.ytimg.com/vi/grb_8JUY_c0/maxresdefault.jpg,thumbnails/럭키주키파냥쌤/grb_8JUY_c0.jpg
삐유 _ 홈베이킹,UCWi8b84fdEWGagiw2LWTCRA,EHLt6McSY2A,"🎀너무 쉬운 마들렌 만들기! 단추 마들렌 선물세트☆｡ﾟ왕초보 추천 베이킹 | 초코맛, 피스타치오맛, 얼그레이맛 | 실리콘마들렌틀 활용법","담주는 무지 귀여운 ""단추 마들렌"" 어떠세요~~~? ☆(･ω･*)* ੈ✩‧₊˚
마들렌은 넘 간단해서 베이킹 입문으로 추천드린답니다아
(여러가지 맛으로 만들기 귀찮으시다면 기본맛으로만 만들어보세요🫶)
두쫀쿠 만들다 남은 코코아파우더 있으시다면, 초코맛 강추!! (๑ᵔ⤙ᵔ๑)

단추 마들렌 꾸미기 꿀팁 가득 다았으니
이번 영상도 기분 좋은 영상이 되시길 바라며☆.。.:*💗
궁금한게 있으시다면 편하게 댓글 주세요!! 

레시피 recipe ☆ﾟ. * ･ ｡ﾟ
🧵영상 속 마들렌 분량 (마들렌 약 50개 분량)
☆☆마들렌 만들기 과정 짱 쉬움!!!☆☆
1. 계란, 설탕, 꿀, 소금, 바닐라 익스트랙(선택) 넣고 살살 섞기 (설탕 녹을때까지)
2. 가루재료 넣고 섞기
3. (따뜻한) 녹인버터 넣고 섞기
4. 우유 넣기
추가로 얼그레이 찻잎, 피스타치오 스프레드, 코코아가루 넣어줬어요~
*실리콘틀) 미니오븐 기준, 200도 20분 굽기 + 틀 제거 후 10분 굽기 (일반오븐은 180도)

☆☆마들렌 재료 계량☆☆ (절반만 해도 충분해요!)
무염버터 240g
계란 240g
설탕 190g
소금 2g
꿀 24g
바닐라 익스트랙 약간 (생략 가능)
박력분 240g
베이킹 파우더 10g
우유 20g
-- 반죽 나누기 이후 (반죽 각각 300g)
1/3 → 초코맛 (코코아파우더 15g 추가)
1/3 → 얼그레이맛 (얼그레이 찻잎4g + 우유 10g 추가)
1/3 → 피스타치오맛 (피스타치오 스프레드 20g 추가)



🥣영상 속 재료 정보
✔️오븐
위즈웰 GL-18 미니오븐 (5년째 사용중!)

별 틀(8구) : 실리코마트 SF107 https://smartstore.naver.com/mipastry/products/2207651173?nl-query=실리코마트+SF107&nl-ts-pid=jj1epsqX5mkuUiEAnoC-238839&NaPm=ct%3Dmmhmfaw0%7Cci%3D5fce62a758f8ff7e3dc21f75ee1489789f099d9c%7Ctr%3Dsls%7Csn%3D547333%7Chk%3D39dc4596a89d58e3f3e51d052ed033525fd137d3
하트 틀(8구) : 실리코마트 SF087 https://link.coupang.com/a/d0lh32
(౨ৎ인터넷에 실리코마트 SF107, 실리코마트 SF087 치면 많이 나와요!)

영상속 무염버터 https://link.coupang.com/a/d0lPmx
소금 https://link.coupang.com/a/d0lU5W
박력분 https://link.coupang.com/a/d0lTD1
베이킹파우더 https://link.coupang.com/a/d0lSuN
꿀 https://link.coupang.com/a/d0lNus
얼그레이 티백 https://link.coupang.com/a/d0lXnA
코코아파우더 https://link.coupang.com/a/d0lZDT
피스타치오 스프레드 (수제, 두쫀쿠 영상 참고!)

영상 속 코팅초콜릿 : 다이소
영상 속 다크 초코펜 https://link.coupang.com/a/d0lGb5
영상 속 나머지 초코펜 : 다이소
유산지 https://link.coupang.com/a/d0l42r

리본 과자집게 https://link.coupang.com/a/d0qWSf (테무에도 팔아요!!)
핑크 전자저울 https://link.coupang.com/a/d0lJKs
키티 계량컵 https://link.coupang.com/a/d0lK9U
요술봉 소금통 https://link.coupang.com/a/d0lRcN
""이 포스팅은 쿠팡 파트너스 활동의 일환으로, 이에 따른 일정액의 수수료를 제공받습니다.""

☆ﾟ. * ･ ｡ﾟ
*영상 속 제품은 모두 내돈내산 제품이에요! 제가 깜빡한 정보가 있다면
 댓글로 남겨주시면 바로 찾아서 알려드릴게요!! ꒰՞˶ˊᵕˋ˶՞꒱

#마들렌만들기 #베이킹 #단추마들렌


📀타임라인
00:00 인트로
00:12 단추 마들렌틀 언박싱📦
00:53 힐링 계량 시간
01:55 초간단 마들렌 만들기
04:03 한가지 반죽으로 3가지맛 만들기
05:00 팬닝
06:00 굽기
07:00 단추 마들렌 꾸미기


music ----------
🎵 Music by kumii  https://www.youtube.com/@UCq7NThNapB4F3pE5TPH6DJw 
🎵Track : 공주의 하루 2 - https://www.youtube.com/watch?v=wXhyZxiG1zI
🎵Music provided by 브금대통령
좋은 음악 항상 감사합니다 🥰",2026-03-08T12:00:19Z,"베이킹,홈베이킹,cookingvlog,bakingvlog",22,ko,PT11M10S,2d,hd,true,52612,4910,0,88,public,youtube,True,False,"https://en.wikipedia.org/wiki/Food,https://en.wikipedia.org/wiki/Lifestyle_(sociology)",https://i.ytimg.com/vi/EHLt6McSY2A/maxresdefault.jpg,thumbnails/삐유_홈베이킹/EHLt6McSY2A.jpg
박일만,UCWBdy1Q13pbAENUtLJj4FWQ,-W-WcxXMYJQ,지금 담아 1년 내 먹는 토종갓김치는 지금이 딱 철입니다 이시기 놓치면 내년에 맛 볼 수 있어요,"토종갓김치 황금레시피
재료:토종갓3.4kg 천일염700g 무350g 사과2개
양파큰것1개 생강3톨 마늘10개
북새우젓1컵 풀국1컵 
 육수3컵고추가루3.5컵
매실청1/3컵 멸치진젓1컵 

1. 통종갓은 전잎등을 제거해 주세요.
2. 물에 한 번 씻어주세요.
3. 대야에 소금을 뿌린뒤 씻은 갓을 가지런히 담아주세요.
4. 중간중간 줄기 부분에만 소금을 뿌려주세요.
5. 맨위에 소금을 뿌려준 다음 갓이 절반정도 잠기게 물을 부어주세요.
6. 다시 위에 소금을 뿌려주세요.
-영상에서는 천일염 700g 썻어요
7. 무, 사과, 양파, 생강은 믹서에 갈기좋게 잘라주세요.
8. 잘라놓은 재료에 멸치액젓, 북새우젓, 풀국, 마늘과 육수를 넣고 믹서에 갈아주세요.
-풀국은 날이 따뜻할때는 밀가루, 날이 추워지고나서는 찹쌀을 써요
-육수는 3컵 들어갔어요
9. 고추가루 3.5컵, 매설청 1/3컵을 넣고 잘 섞어준 뒤 갓이 다 절여질때까지 숙성시켜주세요.
10. 갓을 절인지 한시간 정도 지났으면 위아래로 뒤집어주세요.
-중간에 한번더 뒤집어주세요
11. 갓이 거의다 절여졌으면 줄기부분을 주물러주세요.
12. 건져서 물에 두 번 씻어주세요.
13. 잎부분만 살짝씩 눌러 물기를 제거해주세요.
-시간여유가 있으시면 20분 정도 체에받쳐 물기를 빼주세요
14. 갓 잎부분과 양념간을 보고 부족하면 멸치액젓을 추가해주세요.
15. 갓에 양념을 발라주세요
json",2026-03-25T05:00:01Z,"돌산갓김치담그는법,돌산갓김치,여수돌산갓김치맛있게 담그는방법,박일만,토종찬맛집,갓김치,여수갓김치,박일만돌산갓김치,json,박일만토종갓김치",26,ko,PT12M9S,2d,hd,false,8148,490,0,38,public,youtube,True,False,"https://en.wikipedia.org/wiki/Food,https://en.wikipedia.org/wiki/Lifestyle_(sociology)",https://i.ytimg.com/vi/-W-WcxXMYJQ/maxresdefault.jpg,thumbnails/박일만/-W-WcxXMYJQ.jpg
Pohang.guy.포항.아재,UC1qHb86loeEHMY6rpW1vg0A,SeJihcmNR3Q,"Pohang Fisheries Cooperative, Republic of Korea #포항 #포항아재 #fishcutting","https://www.youtube.com/channel/UC1qHb86loeEHMY6rpW1vg0A/join
membership join please~

Pohang is the name of an area adjacent to the beach located in the southeastern part of Korea. 
I eat a lot of fresh seafood from the sea. 
There are many markets for seafood. 
Jukdo Market is huge markets also count on my fingers in Korea. 
Songdo Raw Fish Center is a place that deals with state-run natural seafood. 

The conversation in the video is just a private chat aimed at relaxing the tension between the scenes, but there is nothing important. 
I hope you will feel comfortable by grooming food ingredients.

#cuisine #cooking #dish",2026-01-27T10:27:04Z,"Korea,Korean,Seafood,Market,squid,octopus",19,ko,PT9M34S,2d,hd,false,2492,54,0,3,public,youtube,True,False,"https://en.wikipedia.org/wiki/Food,https://en.wikipedia.org/wiki/Hobby,https://en.wikipedia.org/wiki/Lifestyle_(sociology),https://en.wikipedia.org/wiki/Pet",https://i.ytimg.com/vi/SeJihcmNR3Q/maxresdefault.jpg,thumbnails/Pohangguy포항아재/SeJihcmNR3Q.jpg
탁선장,UCQFFNPnL9-Cn8k6gGOiJicg,_6jCUZmjl1k,"3월 27일, 꼭지미역, 배오징어, 말린 우럭, 말린 참조기, 말린 병어, 천일염, 멸치액젓, 쌈장(탁선장 남도농수산 생선카페 010 3167 7150. 010 9871 0441)","#탁선장 #미역 #배오징어 

※ 맛있는 미역 입니다. 

길이는 1m 50cm 이상 입니다. 

1kg에 약 30 줄기 내외 입니다. 

합포장 안됩니다. 

오후 4시 이전까지 입금해주셔야 발송 합니다. 

꼭지미역 2kg 31,000원 (00) 문준열님 썸씽님 
꼭지미역 1kg 21,000원 인자씨님 썸씽님 

더 자세한 안내는 동영상에서 확인 가능 하십니다.

(예금주: 탁광필 010 3167 7150 국민)
(예금주: 탁광필 356-1296-6176-33 농협)

...



※ 배에서 말린 오징어 입니다. 

사포닌이 묻어 있습니다. 

20마리 무게는 1.2~1.5kg 냉동 보관 하세요. 

(무게에 따라 가격이 다릅니다)

오후 4시 이전까지 입금해주셔야 발송 합니다. 

배오징어(10마리) 79,000원 민경오님 
배오징어(20마리) 148,000원 (10) 

더 자세한 안내는 동영상에서 확인 가능 하십니다.

(예금주: 탁광필 010 3167 7150 국민)
(예금주: 탁광필 356-1296-6176-33 농협)

... 


※ 천일염

국내산 신안 하의도 소금 입니다.

바코드 있으니 신안수협에서 이력확인 가능 하십니다.

간수 빠져서 무게 감량 차이 있습니다.

오후 4시 이전에 입금하셔야 오늘 발송 합니다.

천일염20kg 내외 판매가 : 30,000원 (00) 

더 자세한 안내는 동영상에서 확인 가능 하십니다.

(예금주: 탁광필 010 3167 7150 국민)
(예금주: 탁광필 356-1296-6176-33 농협)
...



※ 멸치액젓

생멸치75% 국내산 천일염25%
3년 숙성으로 맛이 좋습니다.
유통기한은 27년 10월이며 작업할때 수시로 바뀝니다.

오후 4시 이전에 입금하셔야 오늘 발송 합니다.

멸치액젓10kg 판매가 : 38,000원 (00) 

(예금주: 탁광필 010 3167 7150 국민)
(예금주: 탁광필 356-1296-6176-33 농협)

...



※ 쌈장

갈치67%입니다 (사진에 양념 표시 되어 있어요)
받으시면 냉장보관하세요 
드실때 덜어서 취향대로 쪽파,깨소금 넣어서 드세요. 
1kg은 그릇에 담고, 4kg은 봉지에 담겨져 있고, 16kg은 1깡 입니다.

유통기한은 수시로 바뀝니다.

오후 4시 이전에 입금하셔야 오늘 발송 합니다.

쌈장1kg 판매가 : 18,000원 (00) 홍영미님 
쌈장4kg 판매가 : 51,000원 
쌈장16kg 판매가 : 160,000원

더 자세한 안내는 동영상에서 확인 가능 하십니다.

(예금주: 탁광필 010 3167 7150 국민)
(예금주: 탁광필 356-1296-6176-33 농협)
...



● 카톡으로 문의, 주문 안내입니다(클릭) ● 
https://open.kakao.com/o/sGBUAx3e


신안군 임자면 전장포 어업
탁선장 010 3167 7150 . 010 9871 0441.
사업자 650-91-01495  통신판매신고 제2022-전남목포-0077호
식품 소분. 판매업 (제 2017-0503482호)
전남 목포시 양을로7번길 7
남도농수산
사무실 061 242 0472 . 팩스 010 242 0473  

카페에 가입하시면 더 자세한 안내. 판매를 보실 수 있습니다.
https://cafe.daum.net/namdo114com",2026-03-27T03:30:19Z,"참조기,민어,먹갈치,홍어,홍어회,세발낙지,전복,감성돔,광어,농어,돌돔,문어,방어,참치,다랑어,삼치,참돔,우럭,장어,전어,낙지,쥐치,가자미,갑오징어,고등어,생물,생선,꼬지,꽃게,암꽃게,숫꽃게,대구,달고기,딱돔,군평선이,복어,병어,산낙지,생새우,동백하,수협,어판장,위판장,서대,박대,아귀,아구,왕새우,자반고등어,중하새우,황석어,파조기,소금,천일염,갈치쌈장,갈치젓,갈치속젓,멸치액젓,병어젓,새우젓,황석어젓,참농어,제철수산물,제철해산물,자연산민어,민어회,흑산도홍어,참전복,미꾸라지,자연산,각굴,알굴,감태,매생이,꼬막,재첩,활문어,활꽃게,제철꽃게,가을숫꽃게,덕자,덕대,대청도홍어,흑산홍어,자연산방어,활방어,피조개,가리비,자연산전어,전어회,숭어,참숭어,홍합,새꼬막,자연산톳,새조개,목포먹갈치,선장,제철생선,개불,쫄복,졸복,붕장어,갯장어,하모,도다리,활어,선어,자연산대하,보리새우,오도리,굴비,보리굴비,참새우,자연산우럭,자연산농어,자연산참돔,자연산광어,밴댕이,웅어,간재미,가오리,능성어,새우",22,ko,PT3M42S,2d,hd,false,1413,74,0,4,public,youtube,True,False,"https://en.wikipedia.org/wiki/Food,https://en.wikipedia.org/wiki/Lifestyle_(sociology),https://en.wikipedia.org/wiki/Pet",https://i.ytimg.com/vi/_6jCUZmjl1k/maxresdefault.jpg,thumbnails/탁선장/_6jCUZmjl1k.jpg
거루TV(GEO.RU),UCVIUkkWqnB4KQlGOF9Vy6LA,-BJHj02jXPg,짜왕 5개 먹고 도전했다가 진짜 후회했습니다 ,"ramenchallenge / mukbang / eatingchallenge

짜왕 5봉 먹방 도전.
처음엔 자신 있었는데…
이건 진짜 인간 한계 테스트였습니다.
※ 따라 하지 마세요.

I challenged myself to eat 5 packs of Jjajang Ramen.
At first, it felt easy… then reality hit.
This was a real human limit test.

#짜왕 #짜왕5개 #먹방 #라면먹방 #도전먹방 #과식 #한계도전 #먹방쇼츠 #먹방도전
#라면 #리얼먹방 #폭식 #먹방유튜버
#jjajangmyeon #eatingchallenge #ramen #koreanfood #foodchallenge #bigeating
#overeat #food",2025-12-23T18:55:46Z,"짜왕먹방,라면5개먹방,짜장라면,korean mukbang",22,ko,PT13M12S,2d,hd,false,3804,0,0,8,public,youtube,True,False,"https://en.wikipedia.org/wiki/Food,https://en.wikipedia.org/wiki/Lifestyle_(sociology)",https://i.ytimg.com/vi/-BJHj02jXPg/hqdefault.jpg,thumbnails/거루TVGEORU/-BJHj02jXPg.jpg
마스터셰프 신동민,UCVU7xNN0kCNnt0ed6_v8XkA,PeilUeNrsyM,"마스터칼, 메탈을 찾으셨나요? | 글레스텐 X 마스터","#신동민셰프 #레시피 #요리 #요리사 #일식 #셰프

✉️ 비즈니스 문의 : 2519sdm@naver.com
📷 인스타그램 : https://www.instagram.com/chef.shindongmin",2026-03-26T09:46:48Z,"신동민셰프,레시피,요리,일식,셰프,손질,생선,나이프,글로벌나이프,셰프 칼,칼 소재,강재,요리칼,식칼,셰프나이프,규토,칼 사용법,흑백요리사",24,ko,PT10M32S,2d,hd,false,7047,108,0,28,public,youtube,True,False,"https://en.wikipedia.org/wiki/Food,https://en.wikipedia.org/wiki/Lifestyle_(sociology)",https://i.ytimg.com/vi/PeilUeNrsyM/maxresdefault.jpg,thumbnails/마스터셰프신동민/PeilUeNrsyM.jpg
yedy101,UCVaPTUuJy7tFC8YAYW6GRqw,SDF724sPibk,빈티지마당에서 스콘 만들기,"인스타그램 - https://www.instagram.com/yedy101/
브라켓테이블 - https://smartstore.naver.com/bracket_table
부산진구 서전로68번길 109

이 멘트 오랜만입니다..
새벽의 예끼.. 새끼들 예하..♡
오랜만에 업그레이드 베이킹 가져왔어욤.. ㅈㄴ맛있는 결스콘임다..
저처럼 가루 압수당하지 마시고.. 더 맛있게 만들어드셔주세요.(훗)
그럼 또 빵가지고 돌아올게요.. 안녕~! (so cool)

#스콘 #스콘레시피 #빈티지주방

------------------------------------------------------------
버터(butter) 200g
박력분(cake flour) 150g
중력분(all-purpose flour) 100g
아몬드가루(almond flour) 50g
베이킹파우더(baking powder) 5g
베이킹소다(baking soda) 1g
소금(salt) 5g
머스코바도(muscovado sugar) 50g
생크림(heavy cream) 160g
-----------------------------------------------------------",2026-03-09T16:40:55Z,"cottage life,cottage baking,주택 마당 인테리어,분노의홈카페,yedy101,브라켓테이블,빈티지 베이킹,팜하우스,farmhouse baking,스콘 만들기,결스콘,scone",22,ko,PT8M6S,2d,hd,false,30441,640,0,72,public,youtube,True,False,"https://en.wikipedia.org/wiki/Food,https://en.wikipedia.org/wiki/Hobby,https://en.wikipedia.org/wiki/Lifestyle_(sociology)",https://i.ytimg.com/vi/SDF724sPibk/maxresdefault.jpg,thumbnails/yedy101/SDF724sPibk.jpg
주당 김자케,UCXYCWK12UPsuA3w_VPNI6dQ,Iu5ObhlvAvQ,압구정 가성비 노포 맛집 (인당 15000원~),"오늘은 압구정의 가성비 맛집입니다
압구정역 3번출구에 있는 오대산이예요

인당 1만원대부터 6만원대 사이로
한식 코스 안주를 즐기실 수 있는데
절대 압구정스럽지 않은 가격이죠?

시청해주셔서 감사합니다.
노포들이 당신과 함께하기를
May no force be with you!

───────────────────────
■비즈니스 문의 : gimjacket@gmail.com
■김자케 인스타 :  https://instagram.com/gimjake_perweek    
■전국 덩세권지도 : https://naver.me/FkL8hsQV
■덩더덕 온라인구매 : https://smartstore.naver.com/deodeoksul
 *카카오선물하기, 술담화, 딸꾹에서도 구매할 수 있어요
───────────────────────",2026-03-02T02:49:39Z,"김자케,맛집,여행,브이로그,압구정,압구정 맛집,압구정 노포,압구정 술집,압구정 한식,술집,한식,압구정로데오,압구정역 맛집,압구정역 노포,압구정역 술집,압구정 회식,압구정 모임,압구정 낮술,낮술",19,ko,PT4M12S,2d,hd,false,16200,316,0,32,public,youtube,True,False,"https://en.wikipedia.org/wiki/Food,https://en.wikipedia.org/wiki/Lifestyle_(sociology)",https://i.ytimg.com/vi/Iu5ObhlvAvQ/maxresdefault.jpg,thumbnails/주당김자케/Iu5ObhlvAvQ.jpg
알콜인생 시비삼촌,UCXealIDwlGey002JgVml4Tw,oRmkkjoDZi4,방구석 알콜중독 폐인 시비삼촌의 금요일 실시간 혼술 술방 생방송 #술먹방 260327,"케이뱅크 100-300-376600 ××현
 투네이션 ☞ https://toon.at/donate/12coin

소주,맥주,막걸리 등을 마시는 술먹방 및 각종 술안주 먹방
간단하게 다양한 음식을 먹는 쇼츠먹방 B급도 아닌 C급감성

吃播 モッパン rượu शराब sharaab كحول #술먹방 #mukbang #shorts #먹방 #koreanfood #yummy

혼술,홈술,술안주,소주안주,안주용,술먹방,먹방,소주,맥주,막걸리,소주원샷",2026-03-27T15:47:33Z,,24,ko,PT4H57S,2d,hd,false,1526,41,0,1,public,creativeCommon,True,False,"https://en.wikipedia.org/wiki/Food,https://en.wikipedia.org/wiki/Lifestyle_(sociology)",https://i.ytimg.com/vi/oRmkkjoDZi4/maxresdefault.jpg,thumbnails/알콜인생시비삼촌/oRmkkjoDZi4.jpg
에스피식 SPCHIC,UC8gfmaS0FWQlyEErd80sTQA,D9iK57HFwSQ,한국인은 알다가다 모르겠네 ㅋㅋㅋ 디저트인데 안 달아서 맛있다고요?,"00:00 하이라이트
00:30 오프닝 인사 & 각국 디저트 토크
02:04 신기한 한국의 디저트 문화
07:33 한국적인 빵 시식 타임
14:02 세계적인 파리바게뜨
14:53 마무리 인사

🌍 세계 각국에서 모인 디저트 토크 타임!
영국, 독일, 일본, 터키 친구들이 한자리에 모여 각국의 디저트에 대해 이야기 합니다 ✨

이어지는 한국의 신기한 디저트 문화 이야기
⚡ 당충전부터 유행하는 디저트를 찾아 먹는 문화까지 🍰✨
외국인들의 시선에서 본 한국 디저트 문화는 과연 어떤 느낌일까요? 👀

드디어 시작된 K-디저트 체험 타임! 🔥 
파리바게뜨에서 준비한 한국 스타일 디저트를 직접 맛보는데요
쫀득 고소 깨찰빵, 그리고 찹쌀모카찰떡빵과 겉바속쫀의 정석 찹쌀꽈배기,
향긋한 쑥떡쿠키와 비주얼부터 설레는 딸기케이크까지 🍓

✨ 해외 700여 개 매장을 통해 글로벌하게 사랑받고 있는 파리바게뜨
한국 디저트의 매력은 이제 한국을 넘어 전 세계로 퍼지고 있습니다 🌏

각 나라의 디저트 문화 비교부터 K-디저트 리얼 시식 리액션! 🌍
마지막까지 놓치지 마세요 🎥✨

MADE by 상미당홀딩스",2026-03-27T05:00:00Z,"상미당,상미당홀딩스,spc,spc그룹,에스피씨,에스픽,에스피식,허영인,허진수,허희수,던킨,파리바게뜨,파리바게트,파바,빠바,디저트,한국디저트,외국인,외국인반응,대한외국인,외국인먹방,두쫀쿠,소금빵,K디저트,피터,나나세,프나르,에밀리,터키디저트,찰깨빵,찹쌀꽈배기,쑥떡쿠키,디저트먹방",24,ko,PT15M36S,2d,hd,true,37390,770,0,79,public,youtube,True,False,"https://en.wikipedia.org/wiki/Food,https://en.wikipedia.org/wiki/Lifestyle_(sociology)",https://i.ytimg.com/vi/D9iK57HFwSQ/maxresdefault.jpg,thumbnails/에스피식SPCHIC/D9iK57HFwSQ.jpg
외식남[o_sik_nam],UCH5vnX7F488EZVmiGRewwdQ,WWsbH7LX5mM,대전에서 역대급으로 곱이 가득찬 한우 곱창 맛집,"#맛집 #먹방 #대전맛집

* 주소 : 대전 서구 둔산동 1453
* 메뉴 : 한우곱창 모둠, 사장밥, 오징어김치칼국수, 볶음밥
* 영업시간
평일
16:00 - 01:00
00:00 라스트오더
주말
14:00 - 01:00
00:00 라스트오더

📌

* 외식남 채널에 가입하여 멤버쉽 혜택을 누려보세요.
https://www.youtube.com/channel/UCH5vnX7F488EZVmiGRewwdQ/join
--------------------------------------------------------------------------------------
외식남의 맛집 인스타그램 : https://www.instagram.com/daejeon_foodtown/
영상제작 및 광고 문의 - E-Mail : gx339s@naver.com
--------------------------------------------------------------------------------------",2025-12-30T09:30:19Z,"외식남,맛집탐방,맛집소개유튜버,맛집먹방,realsound,eating show,social eating,먹방,맛집",22,ko,PT9M,2d,hd,false,2946,60,0,6,public,youtube,True,False,"https://en.wikipedia.org/wiki/Food,https://en.wikipedia.org/wiki/Lifestyle_(sociology)",https://i.ytimg.com/vi/WWsbH7LX5mM/maxresdefault.jpg,thumbnails/외식남o_sik_nam/WWsbH7LX5mM.jpg
GONGSAM TABLE 이공삼,UC2B5onlYkZ7IaVekR9yIB6w,kxcQuNKqiMo,ASMR MUKBANG 자메이카 통다리 양념 치킨먹방! 짜파게티 탕수육 & 레시피 FRIED CHICKEN BLACK BEAN NOODLES EATING SOUND!,"#먹방 #ASMR #MUKBANG
🇰🇷안녕하세요 맛있는 음식이 가득한 공삼테이블입니다!
✉비지니스 메일 : gongsam203@gmail.com

----------------------------------------------------------------------------------
Instagram▶https://www.instagram.com/gongsam_table/
facebook▶https://www.facebook.com/GONGSAMTABLE203/
TikTok ▶https://www.tiktok.com/@gongsam_table
----------------------------------------------------------------------------------
🎵영상내 BGM은 상업적 용도로 무료 배포된 음원 또는 별도 라이선스를 구입 후 사용중입니다.",2026-03-26T13:01:18Z,"mukbang,eating show,real sound,spicy food,Korean food mukbang,food challenge,eating challenge,#mukbang,yt:cc=on,asmr,Barbecue Chicken,Seasoned Chicken,kimchi,Jjajangmyeon,Tangsuyuk",24,ko,PT18M23S,2d,hd,true,489914,11452,0,350,public,youtube,True,False,"https://en.wikipedia.org/wiki/Food,https://en.wikipedia.org/wiki/Lifestyle_(sociology)",https://i.ytimg.com/vi/kxcQuNKqiMo/maxresdefault.jpg,thumbnails/GONGSAMTABLE이공삼/kxcQuNKqiMo.jpg
hongsi 홍시,UCjZhSJP6ridQzH75e48wyIQ,9b_17QuOOss,"이사전 마지막 브이로그_re_수정_최종_진짜최종_파이널.mp4 / 불닭볶음면 + 푸라닭 고추마요 / 초코휘낭시에, 밥솥카레, 삼겹살","#집밥브이로그#요리브이로그#일상브이로그



🔖instagram : http://www.instagram.com/hhhongsiii
💌비지니스 메일 : hhhongsiii@sandbox.co.kr",2026-03-23T12:45:01Z,"자취생브이로그,자취생,집밥,집순이,집순이브이로그,집밥브이로그,자취,자취요리,vlog,요리브이로그,브이로그,자취요리브이로그,자취생요리,자취일상,자취브이로그,자취생 브이로그,집순이 브이로그,일상 브이로그,간단한 요리,간단 자취요리,일상브이로그,홍시,홍시브이로그,집밥 브이로그,요리 브이로그,자취생 요리,자취 요리,vlog 일상,먹방브이로그,먹방 브이로그,먹방,요리 vlog,자취생 vlog,집순이 vlog,간단자취요리,간단요리,자취방,감성브이로그,감성 브이로그,VLOG,koreanfood,koreanfoods,koreancountryvlog,koreanvlog,koreancoutryside",22,ko,PT15M5S,2d,hd,true,143352,2102,0,146,public,youtube,True,False,"https://en.wikipedia.org/wiki/Food,https://en.wikipedia.org/wiki/Lifestyle_(sociology)",https://i.ytimg.com/vi/9b_17QuOOss/maxresdefault.jpg,thumbnails/hongsi홍시/9b_17QuOOss.jpg
빵딘 Breadin,UCkumyYu10MyI9brQokpPWyw,SaIASwF2dr8,"10년차 제빵사가 먹어본 대전 빵집 솔직 후기 l 성심당 신상빵, 정동문화사, 몽심, 뮤제","빵딩이들~
부산에 이어 이번엔 빵의 도시 대전! 빵집 투어를 다녀왔어요 😊
빵집 4곳과 맛집 1곳 총 5곳의 자세한 리뷰는
영상에 전부 담았으니 재미있게 봐주시고,
또 보고 싶은 빵 투어 지역이 있다면 댓글로 달아주세요! 👍🏻
그럼 Bon appetit!

00:00 오프닝
00:09 정동문화사
04:56 뮤제 베이커리
10:35 몽심
11:05 성심당
11:55 오씨칼국수
13:04 몽심&성심당 리뷰

🍞 빵딘의 빵집 _ 오뜨르베이커리
https://www.instagram.com/autour_bakery/ 

💛 빵딘 인스타 
https://www.instagram.com/breadin__/

🥜 우도100% 오뜨르 땅콩버터
🔗https://mkt.shopping.naver.com/link/687e184751cd742fe03fe47f

📭 문의 - breadin1234@gmail.com
#대전 #대전빵집 #맛집 #대전맛집",2026-03-26T09:45:00Z,,22,ko,PT23M42S,2d,hd,false,38431,721,0,66,public,youtube,True,False,"https://en.wikipedia.org/wiki/Food,https://en.wikipedia.org/wiki/Lifestyle_(sociology)",https://i.ytimg.com/vi/SaIASwF2dr8/maxresdefault.jpg,thumbnails/빵딘Breadin/SaIASwF2dr8.jpg
운오집,UCYXrU1RWpdv6RvxgMfg_0eg,5LpkujTRzX0,스팸리조또|하루한끼 자취생요리|Easy Risotto Recipe,"제시주방

-재료2인분
스팸(또는 베이컨)
파마산가루(or 슬라이스치즈)
물 3/2컵
우유 3/2컵
소금
후추


#제시주방 #간단리조또 #간편요리 #easycook",2020-02-19T13:32:41Z,"제시주방,하루한끼,자취생요리,크림리조또,자취생 리조또,치즈밥,mukbang",26,ko,PT4M22S,2d,hd,false,10056,141,0,35,public,youtube,True,False,"https://en.wikipedia.org/wiki/Food,https://en.wikipedia.org/wiki/Lifestyle_(sociology)",https://i.ytimg.com/vi/5LpkujTRzX0/hqdefault.jpg,thumbnails/운오집/5LpkujTRzX0.jpg
또윤DDoyun,UCQ78pL5DDj0qTD_G9X2ntXg,6ZfO1jTzHRc,"허벅지 지방흡입 수술 3개월차 후기 Q&A (전후비교,붓기,바이오본드,압박복)","안녕하세요! 허벅지 지방흡입 수술을 하고 벌써 3개월차가 되었는데요
이제 붓기도 많이빠지고 이쯤이면 Q&A를 한번 가져보는게 좋을 것 같아서
저도 지흡 수술전에 많이 찾아보고 고민됐었던 부분들에 대하여 들고왔어요!!
그외에도 궁금하신부분들 있다면 댓글 많이 남겨주세요ㅎㅎ!! 

00:00 허벅지 지방흡입 수술전
00:03 허벅지 지방흡입 수술후
00:08 Q&A 인삿말
00:30 3개월차의 몸상태는 어떤지?
01:16 라인은 언제부터 이쁘다고 느껴지는지?
02:00 살이찌면 다시 그 부위로 찌는지?
02:50 압박복은 언제까지 입고 있었는지?
03:40 통증은 언제부터 없어졌는지?
04:34 운동은 언제부터 가능했고 지금은 어디까지 가능 한지?
05:11 솔직한 3개월차 만족도는?
05:54 혹시 후회한 적이 있는지?
06:40 지방흡입 고민하시는 분들에게 한마디
07:44 수술전~3개월차 몰아보기",2026-01-18T06:29:39Z,,22,ko,PT8M1S,2d,hd,false,345,5,0,2,public,youtube,True,False,https://en.wikipedia.org/wiki/Health,https://i.ytimg.com/vi/6ZfO1jTzHRc/maxresdefault.jpg,thumbnails/또윤DDoyun/6ZfO1jTzHRc.jpg
결이다른사람들,UC8kiAbtD3GWNeMt8joM3x1Q,KL48AN_DbsQ,왜 지금은 전수창업일까? 월 최대 매출 3억 조박사 소머리국밥 전수창업의 모든 것!,"각종 초기 비용과 위약금이 있는 프랜차이즈 대신 
자유도가 높고 유행타지 않는 전수창업을 통해 높은 매출을 달성하세요!",2025-06-24T05:51:30Z,"전수창업,조박사소머리국밥,소머리국밥창업,국밥창업,국밥전수창업,전수창업추천,마진높은창업,위약금없는창업,프랜차이즈단점",27,ko,PT3M30S,2d,hd,false,6483,3,0,1,public,youtube,True,False,https://en.wikipedia.org/wiki/Food,https://i.ytimg.com/vi/KL48AN_DbsQ/maxresdefault.jpg,thumbnails/결이다른사람들/KL48AN_DbsQ.jpg
Kimbab Family,UCEbUaLtY-orZLMG9wOLfDLg,4AmBBrYXRFo,SELAMAT IDUL FITRI DARI KOREA! 🙏,,2026-03-22T12:00:15Z,,22,id,PT16M9S,2d,hd,false,363988,16722,0,501,public,youtube,True,False,"https://en.wikipedia.org/wiki/Food,https://en.wikipedia.org/wiki/Lifestyle_(sociology)",https://i.ytimg.com/vi/4AmBBrYXRFo/maxresdefault.jpg,thumbnails/KimbabFamily/4AmBBrYXRFo.jpg
야미보이 Yummyboy,UCiiV8stcewhoCNyiErr7GtA,JXWRqOhtfZc,정교한 조리! 일본식 달콤한 디저트 / Exquisite Craftsmanship! Japanese Sweet Desserts,"00:00 정교한 기술, 수제 화과자 / traditional japanese sweets, flower cake

14:18 팥 앙금부터 직접 만드는, 찹쌀떡 도라야끼 / red bean pancake with rice cake

29:25 화과자 명인, 곶감을 넣어 만든 과일 화과자 / traditional japanese sweets, flower cake with dried persimmons

44:14 수제 말차 도라야끼, 세계 3대 요리학교 쉐프 / matcha dorayaki (red bean pancake)

54:14 일본식 새콤달달! 통 사과 탕후루 / japanese style sweet and sour whole apple candy

01:05:39 토핑 듬뿍! 일본 철판 아이스크림 / plenty of toppings! japanese ice cream roll",2026-03-25T20:45:00Z,,19,ko,PT1H23M39S,2d,hd,false,16855,424,0,13,public,youtube,True,False,"https://en.wikipedia.org/wiki/Food,https://en.wikipedia.org/wiki/Hobby,https://en.wikipedia.org/wiki/Lifestyle_(sociology)",https://i.ytimg.com/vi/JXWRqOhtfZc/maxresdefault.jpg,thumbnails/야미보이Yummyboy/JXWRqOhtfZc.jpg
아투더빠 김서방,UCMhTqLSd-ltcimx6FJX_q7Q,ZQxUHVhCB7c,2026. 01. 01 11:11 도대체 무슨일?,"안녕하세요 김서방 입니다^^
편집 늦었네요

2026. 01. 01 11:11 선양맨몸마라톤 뛰었습니다.
온몸이 얼고 입도 얼고..

영상봐주시는 모든분 2026년 파이팅!

#마라톤 #선양맨몸마라톤 #운동 #건강",2026-01-06T23:00:51Z,"마라톤,운동,건강,탁구,배드민턴,선양,달리기,1월1일,2026년,선양맨몸마라톤,샤브샤브,해루질,대전,엑스포,한빛탑,갑천,영하날씨,얼어죽음,근육,복근,해루질포인트,사랑,파이팅,대박",17,ko,PT10M52S,2d,hd,false,2526,255,0,83,public,creativeCommon,True,False,https://en.wikipedia.org/wiki/Lifestyle_(sociology),https://i.ytimg.com/vi/ZQxUHVhCB7c/hqdefault.jpg,thumbnails/아투더빠김서방/ZQxUHVhCB7c.jpg
임나,UCG-1INCBCaEE_nApARQa9Jg,KQlyq0VmExc,초코 파티 전🍫 햄버거 4개로 혈당 스파이크 예방하는 철저한 식단 관리‼️| 먹방브이로그(버거킹·두쫀쿠+두바이도넛·명랑핫도그·옛날통닭+김장김치·떡볶이·키리쉬·코스트코추천템),"안녕하세요, 초미녀🍫 임나입니다
이번 영상은 12월부터 1월 2월까지 3개월 동안
쫌쫌따리로 찍어 놓은 영상인데요🎥
사실 시작은 초코 특집이었지만 어쩌다 보니
혈당 스파이크 방지 특집이 되어버렸단 사실🫠

항상 스타필드 가서 먹었던 버거킹 햄버거를
오랜만에 집에서 먹으니까 넘맛꿀맛🍔이었고
또 햄버거가 탄단지 완벽한 완전식품이자냐요?
(아닐 수 있음 주의🤭 아닐시 버거 먹고 반성함)
아침부터 초코 파티 하기 약간 양심에 찔렸는데
미리 햄버거 든든하게 먹고 시작하니까
왠지 속도 더 편안한 것 같고(?) 좋더라고요👍

이때 한참 코스트코🛒를 자주 갈 때라 갈 때마다
눈에 밟히던 두바이 디저트를 비롯한
초코 꿀템✨들도 잔뜩 담아 왔는데 🍫🍫🍫
하.. 이게 바로 어른의 권력인가(짜릿)
코스트코 추천템까지 야물딱지게 담아 봤으니까
초미녀분들 많관부❤️

두바이가 땡기던 날 운명처럼 만난 역대급 꿀조합!
두바이도넛 + 두쫀쿠,, 절대 못 잊어🍩
퐁신한 도넛 안에 쫀득한 두쫀쿠까지 완벽 그 자체✨
하필 또 이 레전드 존맛 데이에 운명처럼 찾아온
존맛 빵해장도 진심 인생 떡볶이라고 할 수
있을 정도로 완내스🌈였고요
다시 생각해도 진짜 행복한 하루였따🥹

정말 오랜만에 먹어서 더 맛있었던 최애 케이크
키리쉬 먹방도 챙겨 왔으니까 케이크 먹방🍰
그리워하셨던 분들 재밌게 보셨으면 조켄네
시~원 칼칼한🌶️ 김치로 마무리까지 세상 완벽!!
자세한 건 영상으로 확인해 주시고
그럼 우리는 다음 영상으로 또 만나도록 해요🫶


초코 파티 전🍫 햄버거 4개로 혈당 스파이크 예방하는 철저한 식단 관리‼️| 먹방브이로그(버거킹·두쫀쿠+두바이도넛·명랑핫도그·옛날통닭+김장김치·떡볶이·키리쉬·코스트코추천템)


오늘도 제 영상을 봐주셔서 감사합니다 :)
다음 영상으로 또 뵈어요

📮hi_limna@naver.com
📸dede8282

📅 업로드 일정  
- 먹방 브이로그: 매주 화요일 밤 9시  
- 그 외 영상: 비정규 업로드 
(보통 일요일 밤 9시쯤 올라와요!)


00:00 🍔혈스 방지 건강 식단🫠
(버거킹에서 주문한
BLT 오믈렛 킹모닝,
콰트로 페퍼 큐브 스테이크,
치킨 치즈 마요,
콰트로 치즈 와퍼 버거,
어니언링,
터프 페퍼 치즈 프라이)
05:53 코스트코 초코 파티🍫
(미니초코룹스,
리터스포트 초코큐브,
햄릿 크리스피 벨지안 초콜릿 틴,
두바이 쫀득 찹쌀떡,
생모레 쉘인 딸기 크림 치즈,
폭스 초콜릿 쿠키)
12:29 레전드 두바이 꿀조합 발견🍩
(던킨 두바이 스타일 초콜릿 도넛,
두앤두 두쫀쿠)
16:26 레전드 빵해장까지🌭
(명랑핫도그에서 주문한
럭키 치즈 떡볶이 세트
착한 맛에 통모짜 핫도그 & 점보핫도그,
의성 마늘 크런치 핫도그는 추가 주문)
21:11 오랜만에 최애 초코 케이크🍰🍒
(노아베이커리 키리쉬)
25:05 🍗나 김치 너 사랑하냐🌶️?
(정통전기구이 통삼집 옥돌 전기구이 통닭,
종가집 배추김치 & 석박지)

https://www.youtube.com/watch?v=9jOee9_5_qk
https://www.youtube.com/watch?v=y9a-_rw83UI&t=78s
https://www.youtube.com/watch?v=fMeEq9P7EZ0&t=536s
https://www.youtube.com/watch?v=2Bf1X3r-bY8&t=831s
https://www.youtube.com/watch?v=zuHFFHSAJMo&t=20s
https://www.youtube.com/watch?v=Gxliu7GGnoo&t=58s
https://www.youtube.com/watch?v=dlsHdQtSHtk&t=27s


#먹방브이로그 #햄버거먹방 #코스트코추천",2026-03-24T11:45:02Z,"먹방브이로그,버거킹,코스트코추천템,두바이도넛,두쫀쿠,명랑핫도그,치킨먹방,떡볶이먹방,집밥먹방,김치먹방,키리쉬,초코케이크",22,ko,PT31M25S,2d,hd,true,17574,331,0,32,public,youtube,True,False,"https://en.wikipedia.org/wiki/Food,https://en.wikipedia.org/wiki/Lifestyle_(sociology)",https://i.ytimg.com/vi/KQlyq0VmExc/maxresdefault.jpg,thumbnails/임나/KQlyq0VmExc.jpg
Seo jiwoo ASMR 서지우,UCEdpGZuYOn_WdwGN1c5Cetg,Ono-fJ8KiyA,대창과 불닭볶음탕면,"#대창구이 
#대창
#불닭볶음탕면",2026-03-26T13:20:45Z,"#eockd,#eockdrndl",26,ko,PT4M48S,2d,hd,false,45319,1661,0,81,public,youtube,False,False,"https://en.wikipedia.org/wiki/Food,https://en.wikipedia.org/wiki/Lifestyle_(sociology)",https://i.ytimg.com/vi/Ono-fJ8KiyA/maxresdefault.jpg,thumbnails/SeojiwooASMR서지우/Ono-fJ8KiyA.jpg
판다큐,UCrNPMIais-sBkUpbDe7skPQ,zQdt_SduSzU,쪽잠자용 3분 알람 스터디카페 고3 수험생 여러분 화이팅! #쪽잠용 #스터디카페 #알람,시간이 긴 것은 알람 시간 포함이라 그래요. 화이팅!,2026-03-19T07:00:56Z,"여행,맛집,서울 맛집,마곡 맛집,샤브샤브,가성비 맛집,서울 가성비 맛집,강서구 맛집,발산역 맛집,마곡역 맛집,홍바이,샤브샤브 맛집,훠궈 맛집,서울 마곡 맛집,마곡 점심 맛집,마곡 발산 맛집,마곡,마곡나루 맛집,발산 맛집,마곡 고기집,마곡 샤브샤브,마곡 파스타,마곡동 맛집,마곡 솥밥,마곡 점심,마곡 맛집 추천,마곡 맛집 점심,마곡나루역 맛집,마곡나루역 근처 맛집,마곡 소고기 맛집,마곡 서울식물원 맛집,마곡 이색 맛집,마곡맛집 리스트,마곡맛집 점심,마곡맛집 저녁,발산 마곡맛집,강서구 마곡맛집,발산 마곡 맛집,마곡 맛집 가족모임,샤브샤브 무한리필,소담촌 샤브샤브,축령산,계곡물소리,자연휴양림,남양주,계곡물소리 10시간,계곡물소리 수면음악,계곡물소리 수면,계곡물소리 1시간,쪽잠용 알람,쪽잠용,쪽잠용 5분,쪽잠용 10분,쪽잠용 3분",27,ko,PT4M50S,2d,hd,false,1162,6,0,1,public,youtube,True,False,,https://i.ytimg.com/vi/zQdt_SduSzU/maxresdefault.jpg,thumbnails/판다큐/zQdt_SduSzU.jpg
딜라이트,UCHRrKBVVIuP9jqCCfC-Bu0Q,ZsmDcU5NzWo,Crispy Cookies and Moist Financiers – Why Korean Cookies Are So Popular / Korea Food,"🎥 Thanks for watching! 
Delight is a channel that enjoys relaxation and pleasure through food. Enjoy your time. :)

#koreanfood #koreanstreetfood #streetfoodkorea

📍Food Location
https://maps.app.goo.gl/D4PrWCaAhwJvyH2XA

📭 Delight contact E-mail 
delight.ofc@gmail.com

Copyrightⓒ 2024 Delight All Rights Reserved.",2026-03-26T03:00:29Z,"delight,딜라이트,korean street food,street food korea,korean food street,Korean dessert,asian dessert street food,food,street food,korean food,korea food,korean street,yummy korea food,recipe,mastet,america,길거리음식,한국음식,맛집,한국 음식,먹거리,분식,시장 맛집",19,en,PT20M6S,2d,hd,false,9277,206,0,5,public,youtube,True,False,"https://en.wikipedia.org/wiki/Food,https://en.wikipedia.org/wiki/Lifestyle_(sociology)",https://i.ytimg.com/vi/ZsmDcU5NzWo/maxresdefault.jpg,thumbnails/딜라이트/ZsmDcU5NzWo.jpg
인생플러스,UCzbZkBVdQks4tGGGyOoqHeQ,C5kuf0sAmWw,나이들수록 사람을 줄여야 하는 이유,,2026-03-08T22:07:13Z,,24,ko,PT2M48S,2d,hd,false,44,0,0,0,public,youtube,True,False,,https://i.ytimg.com/vi/C5kuf0sAmWw/hqdefault.jpg,thumbnails/인생플러스/C5kuf0sAmWw.jpg
헌터퐝,UCoPTIaKWLi3vtImEQrx32Ew,lMkzcL8gnT4,제가 드디어 잡았습니다!! 3일 동안 배를 타서 잡은 청새치를 먹어보자!,"라랑하는 곰퐝이 여러분!
해외편 많이 기다리셨죠?!
제가 이번엔 태국에 갔습니다!!
태국에서 뭘 잡았냐!! 바로!!
청새치를 잡았습니다!!
원래 태국엔 돛새치가 많아서 돛새치를 잡으러 간거였는데
정말 희박한 확률로 말도 안되게 청새치가 나왔습니다..!!!
미국에서 새치류 잡겠다고 1000만원 쓰고 입질 한 번 못 받았었는데
태국에서 3일 만에 드디어 잡았습니다! 그것도 청새치를!!!
정말 너무 행복했고 너무 즐거웠습니다!!
잡았던 과정들 영상에 열심히 담아봤으니
재미있게 봐주시면 감사드리겠습니다!
오늘도 좋은 하루 되세요!!
라랑해요!!

-----------------------------------------------------------------------------------------------------------------------------------
다양한 생물을 보여드리고 있습니다.
다양한 생물을 잡아서 요리 해 먹습니다.
잘 접하지 못 하는 바다 생물을 키웁니다.
그 어떤 생물 이라도 다 잡습니다.

항상 재미있게 할게요!

비즈니스 문의 - hunterfwang@naver.com
헌터퐝 인스타 - https://www.instagram.com/hunter_fwang",2026-03-28T03:00:39Z,"헌터퐝 청새치,청새치 낚시,트롤링 청새치,청새치 회,청새치 뿔 요리,개이빨참치,개이빨참치 회,트롤링 낚시",22,ko,PT38M11S,2d,hd,false,60079,2654,0,480,public,creativeCommon,False,False,"https://en.wikipedia.org/wiki/Food,https://en.wikipedia.org/wiki/Hobby,https://en.wikipedia.org/wiki/Lifestyle_(sociology),https://en.wikipedia.org/wiki/Pet",https://i.ytimg.com/vi/lMkzcL8gnT4/maxresdefault.jpg,thumbnails/헌터퐝/lMkzcL8gnT4.jpg
스타필드,UCzdHgBttzAIOKW0_CAiaMUQ,FR2-yV-sITs,별마당을 뒤흔든 월드클래스! 태권도 맛집 인정합니다 🥋 | 스타필드 수원 X 변재영 X 싸울아비,"세계 무대를 휩쓴 그들의 등장에
별마당 도서관의 공기마저 달라졌던 순간!

숨죽여 지켜보다 터져 나온 탄성,
눈앞에서 펼쳐진 압도적인 퍼포먼스까지✨

‘변재영’ 선수와 태권도 공연단 '싸울아비'가 증명한 자랑스러운 K-태권도의 위엄!

가슴 뜨거워졌던 그날의 현장을
영상으로 다시 한번 만나보세요🔥

#스타필드 #스타필드수원 #별마당도서관 #태권도 #싸울아비 #변재영",2026-02-13T08:00:16Z,"스타필드,스타필드 수원,수원 스타필드,별마당 도서관,태권도,태권도 시범단,태권도 겨루기,태권도 대회,태권도 공연,변재영,변재영 태권도,변재영 유퀴즈,변재영 국가대표,변재영 금메달,변재영 경기,변재영 인터뷰,국가대표 변재영,국가대표 태권도 변재영,변재영 선수,starfield,싸울아비 태권도,싸울아비 태권도 시범단,싸울아비 시범단",24,ko,PT1M58S,2d,hd,false,245134,62,0,29,public,youtube,True,False,"https://en.wikipedia.org/wiki/Entertainment,https://en.wikipedia.org/wiki/Performing_arts",https://i.ytimg.com/vi/FR2-yV-sITs/maxresdefault.jpg,thumbnails/스타필드/FR2-yV-sITs.jpg
효닝 Hyoning,UC5jHGolFUNHe0HsCJEKbb3g,iCgpjpa_9hE,해장에 최고 살얼음 가득 열무불냉면 북촌손만두 모듬만두 갈비만두 튀김만두 먹방 Spicy cold noodls Dumplings Koreanfood Mukbang,"🍽정보
안녕하세요! 효닝 입니다. 😊
오늘은 열무불냄면, 모듬만두를 준비했어요.
해장할때 저는 주로 얼큰한 음식을 먹는데요.
주로 마라탕, 김치찌개, 냉면, 얼큰국밥을 먹는 편이에요. 😁😁
오랜만에 과음을 했더니 냉면밖에 생각이 안나더라구요.
요즘 자주 시켜먹는 청년냉면에서 주문했구요.
곱빼기로 주문했더니 진짜로.. 양이 2배더라구요. 🤣🤣
사장님 인심 대박.. 👍👍
만두는 북촌손만두에서 주문했는데요. 모듬만두+갈비만두로 주문했어요.
역시 만두 전문점답게 만두가 맛있더라구요. 😁😁
특히 고기만두, 굴림만두가 맛있었어요.
튀김만두는 너무 바삭하게 튀겨져서 이가 부서지는 느낌.. 🤣🤣🤣
그래도 역시 튀김이라 그런지 맛있게 먹었네요.
오늘도 맛있게 잘먹었습니다.
시청해주신 여러분들 감사합니다. 건강하세요.💕💕

🎁영상 속 제품정보
청년냉면 열무불냉면
북촌손만두 모듬만두+갈비만두

💌광고문의
hyoning1004@naver.com
💌인스타그램
@hyoning_eats",2026-03-23T11:01:10Z,"먹방,Mukbang,asmr,eating sound,eating show,mukbang asmr,korean food,k food,korean food mukbang,kimchi,korean bbq,효닝,hyoning,효닝 먹방,hyoning mukbang,한식 먹방,집밥 먹방,밥 먹방,김치 먹방,kimchi asmr,yt:cc=on",24,ko,PT12M48S,2d,hd,true,61455,2746,0,104,public,youtube,True,False,"https://en.wikipedia.org/wiki/Food,https://en.wikipedia.org/wiki/Lifestyle_(sociology)",https://i.ytimg.com/vi/iCgpjpa_9hE/maxresdefault.jpg,thumbnails/효닝Hyoning/iCgpjpa_9hE.jpg
팔도 공식 채널,UCHE3u5tV5WPyYG6QzIRNwSQ,xH-sHL2s4Lc,(틈)ALD1(새) 틈새라면과 함께 ALL NEW HOT!🔥,"맵부심 제대로 자극하는 틈새라면,
(틈)ALD1(새) 스타일로 재해석했습니다 🌶

매운맛 좋아하는 분들 주목!
멤버들이 각자만의 스타일로 만든
특별한 레시피🍜

과연 어떤 맛일까요? 👀

가장 궁금한 맛을 댓글로 알려주세요!",2026-03-16T03:00:58Z,"팔도,paldo,틈새라면,틈새라면입문용,틈새라면모델,틈새라면알파드라이브원,ALPHADRIVEONE,ALD1,알파드라이브원,틈새라면빨계떡,틈새라면오리지널",24,ko,PT15S,2d,hd,false,3651335,612,0,56,public,youtube,True,False,"https://en.wikipedia.org/wiki/Food,https://en.wikipedia.org/wiki/Lifestyle_(sociology)",https://i.ytimg.com/vi/xH-sHL2s4Lc/maxresdefault.jpg,thumbnails/팔도공식채널/xH-sHL2s4Lc.jpg
시나몬 cinnamon,UCP8PHFHYyoW-85iAm40w3_Q,A0ihqFTpQv4,빡관리주간에 역대급 입맛좋다 .. +3kg.... ,"안냐세요 !!!!!!
🫰🏿🫰🏿😁
다들 봄준비 잘 하고있을랑가.....
전 왤케 입맜이 좋은지.. 아침에 눈떠서 뭐먹을지 생각으로
살고있어요 ^^.하

오늘 브이로그도 먹방 타이틀 붙여야될 거 가틈...
( 원래 이랬나 .....? 🤭 )

겟레디는 3번이나 갈아엎고 최최최종ver 편집중이니까
쬐끔만 기다랴주시소 💕💕
오늘도 감사합니다 💓



먹는 달바, 비거너리 탱탱젤리🌱
사실 저도 좋은 파운데이션, 쿠션만 고집했거든요? 근데 컨디션 안 좋으면 아무리 비싼 거 발라도 다 뜨고 밀리고..
결국 '속부터 차곡차곡' 채워주는 게 정답이더라고요!
그래서 전 미스트, 선크림으로 유명한 '달바'에서 만든 이너뷰티 비거너리로 채워요 🫰🏿🫰🏿
펩타이드를 먹을 수 있게 만들었다니 정말 달바 대단함..
그리고 무엇보다.. 이거 진짜x31831 너무 맛있어요!!! 🍇 상큼한 샤인머스캣 맛이라 그냥 디저트 먹는 느낌?
전 성분 100% 비건에 저당 젤리라 야식 먹고 싶을 때나 수업 중간에 가볍게 쏙 챙기기도 ㄴㅁ 좋아요. (맛있어서 한 박스 다 비울 뻔^^ ㅎㅎ)

3월 최대 63% 할인에 달바 미스트까지 주는 역대급 행사 중이라니까 이번 기회에 같이 먹는 관리 시작해요 !!!!!
먹는 관리 시작하기: https://mkt.shopping.naver.com/link/6880816651cd742fe03ff628

#비거너리 #먹는펩타이드

🕖
00:00 day1
06:57 day2
12:01 day3
15:26 day4
25:35 day5",2026-03-23T12:10:00Z,,22,ko,PT30M9S,2d,hd,false,10001,247,0,189,public,youtube,True,False,"https://en.wikipedia.org/wiki/Food,https://en.wikipedia.org/wiki/Lifestyle_(sociology)",https://i.ytimg.com/vi/A0ihqFTpQv4/maxresdefault.jpg,thumbnails/시나몬cinnamon/A0ihqFTpQv4.jpg
캘리애 빠지다,UCcDZPjAsL2EBy_Lz45Lp8BQ,8qF2wAd_LVo,"캘리그라피 문장 쓰기 연습 5 / 같은 문장, 다른 구도",#캘리그라피 #캘리그라피연습 #쿠레타케붓펜,2026-01-20T06:21:11Z,,26,ko,PT5M30S,2d,hd,false,1819,40,0,5,public,youtube,True,False,,https://i.ytimg.com/vi/8qF2wAd_LVo/maxresdefault.jpg,thumbnails/캘리애빠지다/8qF2wAd_LVo.jpg
영양고추 연이네농원,UC_4zNDzvvzTwhxJkPPkVDIg,_i8Z_11JhcA,26년 햇고춧가루 판매(농가직송) 햇고추가루 가격은~? 010-6288-3430 고추가격/고춧가루가격/국내산고춧가루/국산고춧가루/경북영양고추/고추농사/고추재배,"경북영양고추 입니다 .
문의전화는 010-6288-3430 입니다.
감사합니다 ~",2026-02-27T06:47:49Z,,22,ko,PT4M40S,2d,hd,false,553,18,0,5,public,youtube,True,False,,https://i.ytimg.com/vi/_i8Z_11JhcA/maxresdefault.jpg,thumbnails/영양고추연이네농원/_i8Z_11JhcA.jpg
Soon Films 순필름,UCdGwDjTgbSwQDZ8dYOdrplg,HDXuY1mN13g,Korean Style Donuts Collection,"00:00 Twist Doughnut Factory
09:56 Super-speed Twist Doughnuts and Doughnuts
21:42 Traditional Market Doughnuts and Twist Doughnuts
31:45 Twist Doughnut and Doughnut Master
45:16 Giant Twist Doughnut and Giant Hotteok
54:44 Famous Hotteok Specialty Shop
01:06:24 Traditional Market Sausage Hot Dog and Doughnuts
01:17:18 Traditional Market Doughnuts and Salad Bread",2026-03-21T14:00:22Z,,19,en,PT1H29M30S,2d,hd,false,17571,154,0,4,public,youtube,True,False,"https://en.wikipedia.org/wiki/Food,https://en.wikipedia.org/wiki/Lifestyle_(sociology)",https://i.ytimg.com/vi/HDXuY1mN13g/maxresdefault.jpg,thumbnails/SoonFilms순필름/HDXuY1mN13g.jpg
한스 HANS,UCNIam-lUt69PyGWFDRYUuzA,Yu_v28N_Ihg,달리면서 봄동비빔밥 만들어 먹음,"영상에서 소개드린 관절 케어, 에이스바이옴입니다!
[관절엔 아나파랙틴, 아나파랙틴 밤, 아나파랙틴 패치]
먹고·바르고·붙이기로 관리하실 분들은 아래 링크 참고하시면 됩니다

👉 https://mkt.shopping.naver.com/link/69aa555a09183d615917e1dc?nt_source=youtube&nt_medium=hans&nt_detail=comments&nt_keyword=1month

지금 52% 할인으로 진행 중이라
가볍게 시작해보시기 괜찮은 조건에요!

저도 직접 먹어보면서 느낀 점 위주로 담았으니까
관심 있으셨던 분들은 참고해보시면 좋을 것 같습니다

*본 영상은 유료광고를 포함하고 있습니다",2026-03-21T10:15:02Z,"봄동비빔밥,먹방마라톤,마라톤먹방,먹방런,서울마라톤,동아마라톤,서울동아마라톤,풀코스마라톤,하프코스마라톤,10km마라톤",24,ko,PT16M33S,2d,hd,false,127680,2059,0,282,public,youtube,True,False,"https://en.wikipedia.org/wiki/Food,https://en.wikipedia.org/wiki/Lifestyle_(sociology)",https://i.ytimg.com/vi/Yu_v28N_Ihg/maxresdefault.jpg,thumbnails/한스HANS/Yu_v28N_Ihg.jpg
초짜낚시,UC2p_1UG0IjoRfAo8rmVsmKQ,KJbiWConQzw,가성비 최고!! 단돈 만 오천원으로 하루 종일 낚시 할 수 있는 역대급 해상 펜션!,"민물의 어복을 받아 삼천포 해상좌대를 가봤습니다~
와.. 이거 뭐시여!! ㅎㅎㅎ 
큰 기대를 가지고 갔다가~~ 탈탈탈..
그래도 꽝없이 민물로 복귀 신나게 놀았습니다~
바다는 아직 때가 아닌거로 ㅎㅎ

문의 및 제보: ok5302@naver.com

#해상펜션 #좌대 #바다낚시 #붕어낚시",2026-03-18T08:00:31Z,"fishing,낚시,mukbang,korea,일상,취미,ChojjaTV,먹방,통발,족대,시골,24시간,Casting,민물장어,장어낚시,eel,오마카세,민물낚시,대물,대물낚시,브이로그,라면먹방,시골먹방,생활낚시,폭풍입질,바다낚시,루어낚시,술안주,섬낚시,코미디,꿀잼,낚시유튜버,문어낚시,캠핑낚시,초짜,외래어종,생태교란종,배스,블루길,피라냐,미국가재,카고낚시,구멍치기,뱀장어,갯바위",22,ko,PT18M43S,2d,hd,false,80449,2509,0,87,public,youtube,True,False,"https://en.wikipedia.org/wiki/Hobby,https://en.wikipedia.org/wiki/Lifestyle_(sociology),https://en.wikipedia.org/wiki/Pet",https://i.ytimg.com/vi/KJbiWConQzw/maxresdefault.jpg,thumbnails/초짜낚시/KJbiWConQzw.jpg
Zespri Korea,UCbXI3MhDwtjcXmFapjCEcJw,KZUrcdoVHxY,자연이 키운 아주 특별한 선물💝 제스프리 유기농 키위를 만나보세요!,"#제스프리 #유기농키위 #영양소밀도 #밀도푸드

제스프리만의 방법으로 자연과 함께 키우는
“제스프리 유기농 키위🥝”를 소개합니다!

유기농 키위는 기르는 과정부터 특별해요✨
자연의 소리에 귀 기울이고,
자연의 흐름과 속도에 맞춰 재배해
본연의 깊은 맛과 영양을 갖추었어요💝

가장 비옥한 환경에서 유기농 방식으로 길러
누구나 안심하고 즐길 수 있는 
제스프리의 유기농 썬골드키위💛와 그린키위💚!

자연이 선사하는 힘,
제스프리 유기농 키위와 함께 건강한 일상 만들어 보아요💪

20가지 천연 비타민과 미네랄이 빈틈없이 꽉! #Zespri",2025-09-03T08:00:31Z,,22,ko,PT45S,2d,hd,false,25391,20,0,1,public,youtube,True,False,,https://i.ytimg.com/vi/KZUrcdoVHxY/maxresdefault.jpg,thumbnails/ZespriKorea/KZUrcdoVHxY.jpg
오조,UC1zn6wSMvwRt9-jOFEJ6yMg,ojAcaMOOfxU,소리 개쩌는 5000칼로리 2미터? 쫀득 빵빵 두바이 베이글샌드 보고가세요,"다른거 더 사야징
.
(오.쪼.구.리 오조이즈백) 카카오 이모티콘이 출시되었습니다!
 https://sbsb.kr/FuvP2V
.
카카오 이모티콘 (오.쪼.라.구.요. 오조에요!)가 출시되었습니다!
https://sbsb.kr/Ozzojo
.
오조 인스타 계정 : OZOOJO
틱톡    : 오조
네이버 : https://tv.naver.com/ozochannel​​​​​​​​​
네이버 팬카페 : https://cafe.naver.com/iloveozo?viewT...
비지니스 문의 : oky040504@gmail.com",2025-10-18T10:01:31Z,"오조,두바이,두바이 초콜릿,초콜릿,베이글,샌드,간식,베이커리,뚱샌드,쫀득,누텔라,치즈크림,카다이프,피스타치오",26,ko,PT3M9S,2d,hd,false,33491,610,0,30,public,youtube,True,False,"https://en.wikipedia.org/wiki/Food,https://en.wikipedia.org/wiki/Lifestyle_(sociology)",https://i.ytimg.com/vi/ojAcaMOOfxU/hqdefault.jpg,thumbnails/오조/ojAcaMOOfxU.jpg
한국 맥도날드,UCh-PIUDPlZkXnwU5zgX_oAw,WY2QWLROhsI,오늘의 레시피는 베토디 바질크림치즈!(15’s),"오늘의 베이컨 토마토 디럭스 레시피🍔

진한 바질크림치즈와 
스윗 상큼 허니 토마토 소스로 풍미를 더한
NEW 베토디 바질크림치즈🍃

지금 맥도날드에서 만나보세요!

#맥도날드 #베토디바질크림치즈",2026-03-26T00:08:55Z,,24,ko,PT16S,2d,hd,true,2064435,103,0,0,public,youtube,True,False,https://en.wikipedia.org/wiki/Food,https://i.ytimg.com/vi/WY2QWLROhsI/maxresdefault.jpg,thumbnails/한국맥도날드/WY2QWLROhsI.jpg
버거킹,UCEKRI0fipK4LEgV98nI2CQA,UBVzup-s63U,[버거킹] 더 바삭한 더 크리스퍼™,"더 바삭하게 더 맛있게,
새롭게 돌아온 더 크리스퍼™!

바삭하고 매콤한 풍미의 패티에
감칠맛 폭발시켜 주는 마요소스,
토마토와 피클로 두꺼워진 볼륨까지!

지금 바로 버거킹에서 만나보세요!

#버거킹 #BURGERKING #THEKRISPPER
#더크리스퍼 #크리스퍼 #버거킹더크리스퍼 #노윤서",2026-01-29T00:00:05Z,,24,ko,PT36S,2d,hd,false,16115383,345,0,57,public,youtube,True,False,"https://en.wikipedia.org/wiki/Food,https://en.wikipedia.org/wiki/Lifestyle_(sociology)",https://i.ytimg.com/vi/UBVzup-s63U/maxresdefault.jpg,thumbnails/버거킹/UBVzup-s63U.jpg
올드패션 Old-Fashioned bakery,UCfeNRv3gLc0nnlzDQCs-qvw,FZLeFeu4Lbc,"시판보다 훨씬 맛있는 ""촉촉한 황치즈초코칩 쿠키"" 황치즈 가루 추천도 있어요","✔✔ ✔  / old___fashioned_  
suelee1202@naver.com
https://www.yes24.com/Product/Goods/113466819
*레시피를 퍼가실 때는 출처와 ""영상 링크""를 꼭 남겨주세요. 릴스와 인스타 DM으로 레시피 공유금지X, 제 레시피로 수업하지 마세요. (소상공인을 위한) 개인카페 판매가능
======================================

여러분 안녕하세요!

요즘 촉촉한 황치즈칩이 유행이라는데, 드셔보셨나요?
이 레시피는 훨씬 더 맛있으니 꼭 만들어보세요. 촉촉하고 단짠 밸런스도 완벽합니다!
(설탕을 줄이면 짠맛이 더 강해지고 식감도 달라지니 줄이지 않는 걸 추천드려요)

만드는 방법도 정말 간단해요!
사실 저는 황치즈를 그렇게 선호하지 않았고, 황치즈 파우더에 첨가물이 많아서 자주 먹지 않았는데
성분이 괜찮은 제품을 찾았어요(내돈내산)
냄새도 거슬리지 않고 꽤 괜찮더라고요 (남은건 요리할때 사용중ㅋㅋ)
가능하면 제가 사용한 재료로 만들어보시는 걸 추천드려요. 재료에 따라 맛이 조금씩 달라집니다!

재료 (14개 분량)
녹인버터 110g
달걀 40g
흰설탕 85g 
소금 1g
박력분 185g 
베이킹파우더 2g
황치즈가루 30g
파마산치즈가루 6g
바닐라빈 페이스트2g

화이트커버춰 60g
황치즈가루 9g

(평소 단거 좋아하시면 설탕90추천) 

✔예열된 오븐 170도에서 10~11분 구워주세요(컨벡션 기준)
✔완벽하게 식은 후 밀봉하여 보관해 주세요. 실온 4~5일 혹은 처음부터 냉동
 
==========================================
(쿠팡 파트너스 활동의 일환으로, 이에 따른 일정액의 수수료를 제공받습니다)
✔ 영상속 사용한재료
무염버터 https://link.coupang.com/a/d8cLTX
화이트초콜렛 https://link.coupang.com/a/d8cPdN
황치즈가루 https://link.coupang.com/a/d8cQGi
파마산치즈 https://link.coupang.com/a/d8cRhw
베이킹파우더 https://link.coupang.com/a/d8cSLI
유리볼 https://link.coupang.com/a/d8cUmv",2026-03-21T00:30:31Z,"황치즈칩 만들기,촉촉한황치즈쿠키,황치즈쿠키레시피,how to make cheddarcheese cookies,korean baking vlog,how to make cheese cookies",26,ko,PT4M3S,2d,hd,true,20104,746,0,96,public,youtube,True,False,"https://en.wikipedia.org/wiki/Food,https://en.wikipedia.org/wiki/Lifestyle_(sociology)",https://i.ytimg.com/vi/FZLeFeu4Lbc/maxresdefault.jpg,thumbnails/올드패션Old-Fashionedbakery/FZLeFeu4Lbc.jpg
롯데웰푸드 모락모락,UCpvT-53Ki7d9Z0PWKC6fGOA,lFFVw1GjPQY,"먹방 유튜버 쏘영과 함께한 [오늘 뭐 해먹지] 대단원 🔥｜오늘도 내일도, 뭐 해먹지? l #식사이론숯불향오븐치킨","[오늘 뭐 해먹지] 시리즈, 이번 편을 끝으로 한 챕터를 마무리합니다 🍽️
이번 특별편에는 먹방 유튜버 쏘영이 함께해
식사이론 숯불향 오븐치킨을 더 맛있게 즐기는 방법을 나눠봤어요 🔥

하지만 “오늘 뭐 해먹지?”라는 고민은 오늘로 끝이 아니죠.
앞으로도 계속될 여러분의 식사 고민, 모락모락 채널에서 더 쉽고, 더 맛있게 함께 풀어갈게요.

다음 이야기가 궁금하다면
👉 롯데웰푸드 모락모락 채널 구독하고 가장 먼저 만나보세요 ✨
여러분만의 오븐치킨 꿀조합이 있다면 댓글로 남겨주세요 💬

#식사이론 #오븐치킨 #식사이론숯불향오븐치킨매콤양념 #식사이론숯불향오븐치킨갈비양념 #치킨 #치밥
#먹방 #MUKBANG #쏘영 #직장인 #유튜버 #먹방 #먹방투어 #롯데웰푸드 #오늘뭐해먹지",2026-02-13T02:00:52Z,,24,ko,PT6M22S,2d,hd,false,113824,14,0,2,public,youtube,True,False,"https://en.wikipedia.org/wiki/Food,https://en.wikipedia.org/wiki/Lifestyle_(sociology)",https://i.ytimg.com/vi/lFFVw1GjPQY/maxresdefault.jpg,thumbnails/롯데웰푸드모락모락/lFFVw1GjPQY.jpg
부부세연_seyeon couple,UCh8wbl38bTgyiQPKlopZWZg,iE_B5Ozsp9M,SUB) 16주 임산부 나트랑 태교여행 👶🏻♥️ / 맛집투어 / 빈원더스 / 퓨전리조트 _ 16th week prenatal trip to Nha Trang,"구독과 좋아요는 사랑입니다
Subtitles can be selected in the settings

이메일  - msy1415@naver.com
부부세연 인스타 - https://www.instagram.com/seyeon_couple",2026-03-12T10:01:11Z,"부부세연,문세영,김태연,couple youtbe,커플여행,커플먹방,여행브이로그,부부 유튜브,신혼부부,여행지 추천,신혼여행 브이로그,허니문 브이로그,태교여행,나트랑 여행 브이로그,나트랑 숙소 추천,임산부 여행,비엣젯 항공 후기,16th week pregnant travel,seyeon couple",22,ko,PT26M23S,2d,hd,true,901,30,0,4,public,youtube,True,False,"https://en.wikipedia.org/wiki/Food,https://en.wikipedia.org/wiki/Lifestyle_(sociology),https://en.wikipedia.org/wiki/Tourism",https://i.ytimg.com/vi/iE_B5Ozsp9M/maxresdefault.jpg,thumbnails/부부세연_seyeoncouple/iE_B5Ozsp9M.jpg
#품바매니아장털보TV,UCkhq-erzYr-Ki_OZUuNYaSA,YoBY4FgFroM,#미실이품바 #안방마님 #트로트 #뽕짝메들리 #뽕짝 #뽕짝메들리 #뽕짝트롯트 #가요트놋트 #미스터뽕짝 #미스터트롯트 #각설이장털보 #장털보티비 #품바매니아장털보TV #장털보TV,#미실이품바 #미실이품바공연단 #소요산입구 #뽕짝트롯트 #뽕짝메들리 #트롯트뽕짝 #미스터뽕짝 #미스터트롯 #뽕짝트롯트 #트롯퀸 #가요트록트 #품바매니아장털보TV #각설이장털보 #장털보티비 #장털보TV,2026-03-22T15:06:11Z,,24,ko,PT34M57S,2d,hd,false,1366,14,0,1,public,youtube,False,False,"https://en.wikipedia.org/wiki/Music,https://en.wikipedia.org/wiki/Music_of_Asia",https://i.ytimg.com/vi/YoBY4FgFroM/hqdefault.jpg,thumbnails/품바매니아장털보TV/YoBY4FgFroM.jpg
monster gourmet,UCngw6cNCHiqRxv7wmLayH1w,r_Gr6W1ruIo,왜 개떡상했는지 이해 못했는데 이제 쪼끔 됨,마치 소금빵 두쫀쿠 버터떡처럼,2026-03-19T09:30:29Z,"스시,도쿄 맛집,일본 맛집,타베로그,아마모토,오마카세",22,ko,PT8M1S,2d,hd,false,6165,78,0,49,public,youtube,True,False,"https://en.wikipedia.org/wiki/Food,https://en.wikipedia.org/wiki/Lifestyle_(sociology)",https://i.ytimg.com/vi/r_Gr6W1ruIo/maxresdefault.jpg,thumbnails/monstergourmet/r_Gr6W1ruIo.jpg
풀무원 Pulmuone,UC1UebYbC2j7M_IUHADtqOag,LBnkVDGR4-s,"셀프 인테리어의 신, 셀프 인테리어의 권위자 I 김풍 X 자취남 ‘풀옵션’ EP.5","이것도? 저것도! 다 직접 만들었다고요?!🫢오늘은 한 수 배워가겠습니다.​
셀프 인테리어 권위자, 33만 유튜버의 알록달록 색감맛집 자취방!​
​
👨🏻‍🍳 취향 따라 조합 가능! 김풍’s 자취 요리​
🌮 프라이드두부 타코 with 풀무원지구식단 켄터키스타일 프라이드 두부
​
[ 🛒쫄깃한 결두부와 매콤짭짤한 시즈닝의 만남, 풀무원지구식단 켄터키스타일 프라이드두부 ]
https://bit.ly/3WyJDNI

자취생의 냉장고만은 풀옵션으로 채워 주집! ‘풀옵션’ 
앞으로도 유튜브 ‘풀무원 스튜디오’ 많관부~💚​
 
🔋’풀옵션’ 5화 이벤트🔋
가전 고를 때 내가 더 중요하게 생각하는 것은?
기능성 vs 디자인
댓글로 나의 우선순위와 그 이유를 공유해주세요!
→ 07:56 구간 참고

20명 추첨 커피 기프티콘을 드려요🫶🏻​
​
자세한 이벤트 참여 방법은 아래를 참고해주세요​
​
✔참여 방법​
· '풀무원 스튜디오' 채널을 구독한다!❇️​
· '풀옵션' 5화 영상을 시청하고 '좋아요'를 누른다👍🏻​
· 5화 영상 댓글에 정성 가득한 댓글을 남긴다💬​

✔참여 기간
· 2025년 11월 6일(목) ~ 2025년 11월 12일(수) 

✔당첨자 발표
· 2025년 11월 14일(금)

✔이벤트 상품
· 스타벅스 아이스 아메리카노 Tall 기프티콘 (20명) 

※당첨자는 11월 14일 본 영상 고정 댓글로 발표 예정입니다.
※상품은(커피 기프티콘)은 11월 중 발송 예정입니다.
※본 이벤트는 상황에 따라 기간 및 상품 내용이 사전 고지 없이 변동될 수 있습니다.
※채널 운영 목적에 맞지 않는 댓글 및 출연자에 대한 비방, 부적절한 표현, 과도한 욕설 등의 댓글은 개인 동의 없이 삭제될 수 있습니다.

#풀무원 #김풍 #자취남 #풀옵션 #풀무원스튜디오 #댓글이벤트 #이벤트",2025-11-06T08:00:33Z,,27,ko,PT21M10S,2d,hd,false,852467,572,0,339,public,youtube,True,False,"https://en.wikipedia.org/wiki/Food,https://en.wikipedia.org/wiki/Hobby,https://en.wikipedia.org/wiki/Lifestyle_(sociology)",https://i.ytimg.com/vi/LBnkVDGR4-s/maxresdefault.jpg,thumbnails/풀무원Pulmuone/LBnkVDGR4-s.jpg
임실 농사꾼,UC6W6gdJBFCdVwjexmWU713g,0tTM-KOnC4U,"돌판에 구워 더 맛있는 ""미나리 대패삼겹살&볶음밥""에 소주가 술술 넘어갑니다",#시골 #미나리삼겹살 #돌판 #대패삼겹살 #김치 #볶음밥 #먹방 #mukbang,2026-03-28T01:00:03Z,,24,ko,PT17M59S,2d,hd,false,11833,1452,0,97,public,youtube,True,False,"https://en.wikipedia.org/wiki/Food,https://en.wikipedia.org/wiki/Lifestyle_(sociology)",https://i.ytimg.com/vi/0tTM-KOnC4U/maxresdefault.jpg,thumbnails/임실농사꾼/0tTM-KOnC4U.jpg
Hanh Nhan Channel( ẩm thực và đời sống CANADA),UCNI1my2ptSUdJvSEqxWYAXw,Z_qtDHsG5Us,"2 MẸO LỘT VỎ TÔM CHỈ 30 GIÂY, NHANH THẦN TỐC",,2026-03-26T02:31:24Z,,22,vi,PT5M20S,2d,hd,false,3273,128,0,84,public,youtube,True,False,"https://en.wikipedia.org/wiki/Food,https://en.wikipedia.org/wiki/Lifestyle_(sociology)",https://i.ytimg.com/vi/Z_qtDHsG5Us/maxresdefault.jpg,thumbnails/HanhNhanChannelẩmthựcvàđờisốngCANADA/Z_qtDHsG5Us.jpg
세컨맛집 Second_Matzip / HyewonLee,UCqsgN2Q4cL6k39UX0Cyll1A,x_YsyIhU38I,[Vlog]힐송쳐치가는법/힐송셔틀버스/HowtogotoHillsongChurch,"안녕하세요 ! 오늘은 오랜만이 브이로그  : )
2024년 8월에 힐송쳐치에 다녀오며 영상을 찍었던걸 드디어 ! 업로드 합니다 ㅎㅎ
사실은 주변에서 힐송쳐치 어떻게 가야하는지 여쭤보시는분들이 많아서요 !!
#셔틀버스 가있다는걸 꼭 알려드리고 싶었어요 !!
호주 여행가시는분들은 꼭!! 가보시기를 추천드립니다
이 영상이 많은 도움 되시기를 바랍니다 : )
감사합니다 ☺️❤️
#hillsongchurch  #sydney #힐송쳐치",2026-03-13T17:10:12Z,,10,ko,PT15M9S,2d,hd,false,605,24,0,0,public,youtube,True,False,"https://en.wikipedia.org/wiki/Lifestyle_(sociology),https://en.wikipedia.org/wiki/Religion",https://i.ytimg.com/vi/x_YsyIhU38I/maxresdefault.jpg,thumbnails/세컨맛집Second_MatzipHyewonLee/x_YsyIhU38I.jpg
참살이자연집밥,UCPo2CGTk0Ydw4UJEAAUY5dQ,1T2bIrXS4uU,[무김치래시피][깍두기양념]시원한맛 무 김치 맛있게드세요 👍👍,#석박지#깍두기양념#무김치#김치양념래시피#시원한김치양념#양념래시피#,2026-03-19T02:00:00Z,"무우,섞박지,새우젓,멸치약저,대파,고추가루,찹쌀풀,배즙,집밥,한식요리,K-food",26,ko,PT3M45S,2d,hd,false,698,18,0,3,public,youtube,True,False,"https://en.wikipedia.org/wiki/Food,https://en.wikipedia.org/wiki/Lifestyle_(sociology)",https://i.ytimg.com/vi/1T2bIrXS4uU/maxresdefault.jpg,thumbnails/참살이자연집밥/1T2bIrXS4uU.jpg
하루아루TV HaruAruTV,UCBcFgDKnfyw8GjcHw90MlXA,LT2TTgMIvfk,타오바오 스퀴시 사기(?) 당했어요ㅠㅠ,"​@하루아루애니 채널에서 현재 방영중인 하파가 제작한 판타지 애니메이션 [몽글이] 많은 시청부탁드려요♥

[몽글이]1화 바로가기 https://youtu.be/80ZOapyNh6Y
[몽글이]2화 바로가기 https://youtu.be/Ya0990PdIok
[몽글이]3화 바로가기 https://youtu.be/7Ycsxn5BfCw
[몽글이]4화 바로가기 https://youtu.be/3P3kPfTw9Kc",2026-03-13T08:00:31Z,"스퀴시,Squishy,말랑이,슬라임,몽글이,보송이,하루아루,하루아루TV",24,ko,PT7M31S,2d,hd,false,2233,103,0,15,public,youtube,True,False,https://en.wikipedia.org/wiki/Lifestyle_(sociology),https://i.ytimg.com/vi/LT2TTgMIvfk/maxresdefault.jpg,thumbnails/하루아루TVHaruAruTV/LT2TTgMIvfk.jpg
한식집 Korean cuisine,UCCeYWi46_h-GhmbLneUnCAw,9WU3wy4ebyI,메뉴 원가 관리 프로그램 찾는다면 이 앱 사용해보세요 | 메뉴의기술,"✨한글 자막 켜시고 시청해주세요

이번 영상에서는 ""메뉴의기술""로 레시피를 쉽게 그리고 유용하게 작성하는 방법에 대해 알려드립니다
이 영상으로 어떻게 레시피를 작성해야 주방관리, 메뉴관리를 효율적으로 운영할 지 알아보는 시간을 가졌으면 좋겠습니다

------------------------------------------------------
✨""메뉴의기술"" 레시피 관리앱

👉 앱 다운로드: https://play.google.com/store/apps/details?id=com.recipe.tree_app
🎀 구글 플레이에 ""메뉴의기술""로 검색하셔도 됩니다
👉 사용법 영상: https://youtu.be/4-GFSC0DUmI

------------------------------------------------------

📂 PPT 자료 다운로드
https://cafe.naver.com/treeapp?iframe_url_utf8=%2FArticleRead.nhn%253Fclubid%3D31435739%2526articleid%3D19%2526menuid%3D5%2526boardtype%3DL

👉 글씨체
온글잎 레디오 볼펜체 Regular",2026-03-24T17:01:23Z,"메뉴 원가,레시피 원가,레시피 작성,레시피 만들기,메뉴의기술",26,ko,PT5M55S,2d,hd,true,16,2,0,0,public,youtube,False,False,https://en.wikipedia.org/wiki/Technology,https://i.ytimg.com/vi/9WU3wy4ebyI/hqdefault.jpg,thumbnails/한식집Koreancuisine/9WU3wy4ebyI.jpg
인아짱 Inah Eats,UCV6M_9-J7nuf13Igxn-DNww,B382lUVrCpM,"💗페퍼로니,게살크림피자🍕치즈오븐스파게티🍝 클램차우더스프 먹방🤍 Pepperoni & Creamy Crab pizza, Cheesy Baked Spaghetti MUKBANG","✴MAIL : in_ah_cho@naver.com
✴Instagram : @inahrang









#먹방 #Mukbang #KoreanFood #피자먹방 #피자먹방ASMR #배달먹방 #치즈러버 #치즈폭탄 #인아짱",2026-02-22T09:15:02Z,"yt:cc=on,eatingshow,korean mukbang,korean food,korean food mukbang,먹방,eating show,#스파게티먹방,#치즈오븐스파게티,선명희피자,#클램차우더,#양식먹방,#크림스프,#pizzamukbang,#cheesepull,#cheeselover,#asmreating,#clamchowder,#cheesebakedspaghetti,#eatingshow,#foodasmr",24,ko,PT11M1S,2d,hd,true,26170,1049,0,85,public,youtube,True,False,"https://en.wikipedia.org/wiki/Food,https://en.wikipedia.org/wiki/Lifestyle_(sociology)",https://i.ytimg.com/vi/B382lUVrCpM/maxresdefault.jpg,thumbnails/인아짱InahEats/B382lUVrCpM.jpg
장똘뱅이 [맛집],UCrJrMHnD1cwM_wrT3WufnWQ,aSWafgm3t3g,6000원으로 혜자스러운 정식뷔페맛집 식사합시다 금사동 회동동 한식뷔페 두루치기 미역국 혜자 #장똘뱅이#장돌뱅이#장똘102 광안리해운대#부산항대교#한식뷔페#부산맛집#장똘,"🌟 [상호명] 🌟식사합시다
📍 위치:금사동 회동동
🏠 주소:부산 금정구 회동동 155-1
🔗 네이버 지도 링크:https://naver.me/55rFkM9E
📞 전화번호:0507-1379-6665
💰 가격대:정식 6000원 (현금가격)
🅿️ 주차 가능 여부:골목주차
⏰ 영업시간:11:00~13:00

❗ 근거 없는 비방은 정중히 사절합니다.
방문 후기는 주관적일 수 있으며, 예의를 지켜주세요 😊

🚨 경고 🚨
본 채널 댓글 중 욕설, 허위사실 유포, 명예훼손, 모욕성 표현은
정보통신망법 및 형법에 따라 형사처벌 대상이 될 수 있습니다.
악의적인 댓글은 캡처 후 법적 조치가 진행될 수 있습니다.

협업문의&제보 메일주소 :  nubra9315@gmail.com 
카카오톡(오픈카톡)으로 문의바랍니다
협업문의 오픈카톡 https://open.kakao.com/o/s1oHXRLg
tube주소: https://www.youtube.com/channel/UCrJrMHnD1cwM_wrT3WufnWQ?view_as=subscriber 

🔎 해시태그 모음

#부산맛집 #부산여행 #광안리맛집 #해운대카페 #서면핫플 #남포동맛집
#동래맛집 #부산대맛집 #동아대맛집 #자갈치시장 #송도해수욕장
#장똘뱅이 #장돌뱅이 #부산국제영화제 #부산감성여행 #부산핫플#부산국제영화제#광안리#해운대#부산횟집#부산가볼만한곳",2026-03-22T08:05:00Z,"장똘벵이,장돌뱅이,장돌벵이,장똘,장똘뱅이,부산맛집,부산여행,장똘102,장돌102,식사합시다",24,ko,PT9M34S,2d,hd,false,7727,222,0,72,public,youtube,True,False,"https://en.wikipedia.org/wiki/Food,https://en.wikipedia.org/wiki/Lifestyle_(sociology)",https://i.ytimg.com/vi/aSWafgm3t3g/maxresdefault.jpg,thumbnails/장똘뱅이맛집/aSWafgm3t3g.jpg
리뷰타임즈#ReviewTimes,UChQCh4bvbkc34pkSSqpgkVw,U_j8DTd55IU,"안산에서 기름 넣기 좋은  ⛽안산제일싸주유소 HD현대오일뱅크 신도시셀프주유소📍 위치: 안산시 월피동 445-5 (다농마트 뒷편)💰 휘발유 1,729원 / 경유 1,679원","안산에서 기름 넣기 좋은 곳 찾으시나요? ⛽
안산제일싸주유소 HD현대오일뱅크 신도시셀프주유소

📍 위치: 안산시 월피동 445-5 (다농마트 뒷편)
💰 휘발유 1,729원 / 경유 1,679원

가격도 착하고 찾기도 쉬워요!
📹 찾아가는 영상도 준비되어 있으니 편하게 보고 방문하세요.

안산에서 가성비 좋은 주유는
안산제일싸주유소 신도시셀프주유소에서! 🚗

리뷰타임즈 
제품리뷰, 직업리뷰, 맛집, 회사소개등
문기영 010-4495-0112
mky5@nate.com 

트위터
https://twitter.com/010_4495

페이스북
https://www.facebook.com/mky579

인스타그램
https://www.instagram.com/gi_young_moon/

네이버블로그
https://blog.naver.com/mky5

T-Story
https://mky5.tistory.com/

다음블로그
https://blog.daum.net/mky579/",2026-03-08T06:06:54Z,"문기영,문기영79,리뷰타임즈,리뷰,리뷰영상,제품리뷰,안산,문기영라이프,음식리뷰,음식,맛집,문기영유튜브,유튜버,문기영유튜버,리뷰타임,문맛집,직업리뷰,리뷰Times,Review Times,Korean street food,Korean food,Korean restaurant,Product review,job review,Experience review,food review,korean youtuber,Korea,korean song,kpop,k-pop",26,ko,PT45S,2d,hd,false,33,0,0,0,public,youtube,True,False,,https://i.ytimg.com/vi/U_j8DTd55IU/maxresdefault.jpg,thumbnails/리뷰타임즈ReviewTimes/U_j8DTd55IU.jpg
고태후니,UCydpPyWKFJi3ljDX-4coz7Q,7c_zhlj081s,결혼... 사주에는 올해 아니면 40살이라네요,"좋은 이야기만 기억에 남기고 나머지는 다 잊었습니다
정말요...🤣

------------------------------------------------------------------------------------------
웃소 https://www.youtube.com/c/Wootso
인스타그램 https://www.instagram.com/tae_hoonhoon/
비즈니스 문의 taehoon@wootso.com",2026-03-07T08:30:07Z,"웃소,웃소 태훈,고태후니,고태훈,고태후니 결혼,고태훈 결혼,고태훈 연애,태훈 무니,사주,결혼 사주,연애 사주,고태후니 사주",24,ko,PT12M29S,2d,hd,false,66250,1478,0,131,public,youtube,True,False,https://en.wikipedia.org/wiki/Lifestyle_(sociology),https://i.ytimg.com/vi/7c_zhlj081s/maxresdefault.jpg,thumbnails/고태후니/7c_zhlj081s.jpg
쏘대장,UCrktsSopGh4xCdK1WrIKG8g,pf0TMk1ndHw,준착살단 봄동비빔밥 만들기,비지니스 문의: creators@iambrand.co.kr,2026-03-21T09:41:25Z,"쏘대장,조매력,케인,옌룡,착살단,봄동비빔밥,집들이,차돌된장찌개,쿡방,착살단합방",22,ko,PT9M11S,2d,hd,false,42476,1188,0,255,public,youtube,True,False,"https://en.wikipedia.org/wiki/Food,https://en.wikipedia.org/wiki/Lifestyle_(sociology)",https://i.ytimg.com/vi/pf0TMk1ndHw/maxresdefault.jpg,thumbnails/쏘대장/pf0TMk1ndHw.jpg
늘밥 레시피,UCFdUCUUYqDzOU6NxOMpdC7w,VrAF5vBmSXc,한번 먹으면 계속 생각나는 감칠맛 폭발 카레 레시피!💯 이렇게 먹으면 밥 두 그릇 뚝딱입니다!,"[토마토카레 레시피]

✔️ 재료
고형 카레 4조각, 양파 3개, 소고기 200g, 방울토마토 12개, 그린빈 100g, 식용유 3스푼, 버터 1조각, 물 600ml, 후추

✔️ 소고기 밑간용
맛술 1스푼, 소금, 후추 약간씩


#카레레시피 #토마토카레 #집밥 #요리레시피",2026-03-15T12:40:00Z,,22,ko,PT2M20S,2d,hd,false,337,13,0,3,public,youtube,True,False,"https://en.wikipedia.org/wiki/Food,https://en.wikipedia.org/wiki/Lifestyle_(sociology)",https://i.ytimg.com/vi/VrAF5vBmSXc/maxresdefault.jpg,thumbnails/늘밥레시피/VrAF5vBmSXc.jpg
설당먹 SUGARMUK,UCm1-w59_3Ksj5jqAkx-ebnA,Oj_BRMZa5yc,외모강박 먹방 브이로그,"https://www.instagram.com/sugarmuckk/

#먹방브이로그 #다이어트브이로그 #vlog",2026-03-08T07:10:01Z,"먹방,먹방 브이로그,브이로그,외모정병,Vlog,Mukbang vlog,디저트 먹방,다이어트,다이어트 브이로그,빵먹방,명랑핫도그",22,ko,PT5M4S,2d,hd,false,20305,351,0,99,public,youtube,True,False,"https://en.wikipedia.org/wiki/Food,https://en.wikipedia.org/wiki/Lifestyle_(sociology)",https://i.ytimg.com/vi/Oj_BRMZa5yc/maxresdefault.jpg,thumbnails/설당먹SUGARMUK/Oj_BRMZa5yc.jpg
신미부엌,UCum7ElakYnMKoxU05sjofIQ,tadIBSmydj4,"✨️ 톳 이렇게 볶아줬더니 밥반찬, 술안주로 좋아요 👏👏","#톳요리 #톳볶음 #밥반찬 #술안주 #쉬운반찬 #쉬운요리 #변비에좋은음식 #다이어트음식 

 《재료》

톳 데쳐서 180g
고추기름 
양파  1/2개
마늘 1숟가락 
국간장 1숟가락 
참치액젓 1숟가락 
들기름 
통깨 
※고추기름은 기호에따라 추가하세요",2026-02-07T03:10:00Z,"톳요리,톳나물,톳무침,톳볶음,쉬운반찬,쉬운요리,밥반찬,밑반찬,다이어트음식,변비에좋은음식,술안주",26,ko,PT1M15S,2d,hd,false,561,10,0,3,public,youtube,True,False,"https://en.wikipedia.org/wiki/Food,https://en.wikipedia.org/wiki/Lifestyle_(sociology)",https://i.ytimg.com/vi/tadIBSmydj4/maxresdefault.jpg,thumbnails/신미부엌/tadIBSmydj4.jpg
알로아_홈,UCIvhV7YLzh0eGH0ejLrjt6A,W5rJbQRD5lQ,탄산음료 끊고 이거 마십니다 첨가물 0% 워터케피어 만드는 법 공개,"안녕하세요 구독자 여러분. 
오늘은 첨가물 없이 탄산음료를 만드는 과정을 소개합니다. 

바로 워터 캐피어인데요, 

그레인과 설탕만 있으면 간단히 만들수 있으니
여러분도 집에서 간단하게 만들어 보세요!

타임라인 

인트로 00:00
워터캐피어 소개 00:50
워터캐피어 만들기 02:00
워터캐피어 주의 사항 15:13
마무리 16:22

영상 속 캐피어 그레인 정보 (아이허브 구매) 

캐피어 그레인 : https://iherb.co/KWUAYWFZ
제가 사용하는 설탕 : https://iherb.co/Hh1pDhWN
(백설탕 하셔도 됩니다!)

그럼 오늘도 건강하세요!",2026-03-26T00:55:22Z,"water kefir,무첨가,탄산음료,발효음료,유산균",26,ko,PT17M37S,2d,hd,false,2559,13,0,10,public,youtube,True,False,"https://en.wikipedia.org/wiki/Food,https://en.wikipedia.org/wiki/Lifestyle_(sociology)",https://i.ytimg.com/vi/W5rJbQRD5lQ/maxresdefault.jpg,thumbnails/알로아_홈/W5rJbQRD5lQ.jpg
정위스님의 채소한끼 Monk J's Vegetarian Recipe,UC9llwxFqOOcDZnAlPx8JuKg,YpKrcl2fMRk,봄나물 중 최고 맛있는 건 OO 머위네요! 머위 간장무침 vs 고추장 무침 정위스님 채식 레시피,"머위나물 만드는 법

1. 머위는 지저분한 줄기 끝을 떼내고 시든 잎을 제거해 다듬습니다. 
2. 깨끗한 물이 나올 때까지 두세번 씻어 둡니다. 
3. 넓적한 냄비에 물을 넉넉히 부어 끓이다가 소금을 넣고 머위를 넣습니다.    
4. 뚜껑을 닫고 1-2분 정도 삶습니다. 줄기가 탁 끊어질 정도가 되면 적당히 삶아진 것입니다. 
5. 찬물에 머위를 두세번 헹군 후 손으로 꼭 짜 물기를 없앱니다. 

간장 무침
1. 머위를 탈탈 털어 놓고 집간장(국간장)을 넣어 조몰락조몰락 무칩니다. 간장만 넣었을 때 좀 짠 듯하게 넣어야 나중에 간이 쏙 잘 뱁니다. 
2. 깨소금 약간 넣어 살살 무치다가 마지막에 참기름을 넣어 탈탈 털어가며 무칩니다. 참기름을 넉넉하게 넣어야 맛있고, 봄나물에는 파, 마늘 양념은 하지 않습니다. 

고추장 무침
1. 고추장 3:효소(알룰로스나 매실액) 1:물엿 1:통깨 약간을 넣고 섞어둡니다. 
2. 머위를 탈탈 털어 놓고 1의 고추장과 식초를 넣고 깨소금을 추가해 살살 무칩니다. 고추장 무침은 딱 먹을만큼만 무쳐서 바로 다 드시도록 하세요. 

정위스님 채식 레시피 머위 나물 무침 반찬 봄나물

ⓒ 2026. 정위스님, 디에디션. all right reserved.
이 영상 내용의 전부 또는 일부를 재사용하려면 출연자와 제작사 양측의 동의를 얻어야 합니다.",2026-03-22T10:37:24Z,"정위스님,머위나물,머위무침,봄나물,봄나물레시피,봄나물무침,간장무침,고추장무침,채식,레시피,반찬",26,ko,PT9M40S,2d,hd,true,7729,320,0,17,public,youtube,False,False,"https://en.wikipedia.org/wiki/Food,https://en.wikipedia.org/wiki/Lifestyle_(sociology)",https://i.ytimg.com/vi/YpKrcl2fMRk/maxresdefault.jpg,thumbnails/정위스님의채소한끼MonkJsVegetarianRecipe/YpKrcl2fMRk.jpg
Foodie Romance 푸디로맨스,UCqS5t1v9TzSIiZIBAEgPHcA,lDJZXTuAyF8,코코넛볼 메이킹 | Coconut ball making,,2025-12-22T07:29:56Z,,22,en,PT3M14S,2d,hd,false,67,4,0,2,public,youtube,True,False,"https://en.wikipedia.org/wiki/Food,https://en.wikipedia.org/wiki/Lifestyle_(sociology)",https://i.ytimg.com/vi/lDJZXTuAyF8/maxresdefault.jpg,thumbnails/FoodieRomance푸디로맨스/lDJZXTuAyF8.jpg
배고푸니,UCx4UjuynEjn4NC4OnXzkmdQ,l2fXBVLAOSM,[대구맛집] 지금껏 먹어 본 잔치국수 중에 여기가 1등!!!(feat. 사리는 무조건 미리 추가하세요!!),,2026-03-26T11:00:00Z,,22,ko,PT5M6S,2d,hd,false,2420,54,0,12,public,youtube,True,False,"https://en.wikipedia.org/wiki/Food,https://en.wikipedia.org/wiki/Lifestyle_(sociology)",https://i.ytimg.com/vi/l2fXBVLAOSM/maxresdefault.jpg,thumbnails/배고푸니/l2fXBVLAOSM.jpg
韓国人ヨンヘ[韓国旅行 韓国グルメ最新情報],UCbriN-2SABqP_71XV8JG4IQ,zRASnkna7uo,テレビ取材一切お断り！日本にある伯母の韓国料理店！白と黒のスプーン級,"今日は、特別で大切な場所へ皆さんをご案内します。
実はここ、私の伯母が営む韓国料理のお店です。
ドアを開けた瞬間、韓国ならではの香ばしい匂いと、あたたかい空気がふわっと包み込んでくれる…そんな素敵な空間です。
韓国旅行のあのワクワクが恋しい！という方には、きっと心安らぐ癒しの場所になるはずです。

忙しい一日の終わりに、この動画が皆さんにとってホッと一息つける時間や、お腹が空いちゃうような楽しいひとときになれたら嬉しいです。
もし動画を楽しんでいただけたら、ぜひグッドボタンとチャンネル登録をお願いします！
それから、皆さんが一番「恋しいなぁ」と思う韓国の風景や雰囲気、ぜひコメント欄でいっぱい教えてくださいね。
ひとつずつ読ませていただきます！

🔹こちらの日本語チャンネルと韓国語チャンネルの2つを運営しています。
🔹この動画には有料広告は含まれていません。
🔹チャンネル登録といいね！を押してくださると大きな力になります。よろしくお願いいたします。

| メニュー |
ポッサムコース / 3,500円 、4,500円、5,500円

| お店情報 |
店名 / 景子庵　
住所 / 福岡県福岡市東区西戸崎6-6-20
営業時間 / 12:00~15:00 (完全予約制)
予約 / 090-4510-3566

JR九州 西戸崎駅から徒歩10分
【西戸崎店Google Maps】
https://maps.app.goo.gl/gqp5oGXGYL7cRxyH8?g_st=ic


お仕事のご依頼等お問い合わせはこちらまで
matjib.otaku@gmail.com
⚠️個人的なメールは返信できません。

イラスト / AMERICAN LEMONADE(アメレモ)

#韓国旅行＃韓国グルメ #モッパン",2026-03-25T10:01:46Z,"福岡,韓国,韓国旅行,韓国料理,モッパン,韓国グルメ,韓国旅行 最新情報,ソウル,ソウルグルメ,韓国観光,韓国食べ歩き,韓国市場,韓国ローカルグルメ,韓国 食べ物,韓国旅行おすすめ,韓国ひとり旅,韓国一人旅,韓国ご飯,韓国情報,韓国女子,yt:cc=on",19,ja,PT13M30S,2d,hd,true,5205,241,0,31,public,youtube,True,False,"https://en.wikipedia.org/wiki/Food,https://en.wikipedia.org/wiki/Lifestyle_(sociology)",https://i.ytimg.com/vi/zRASnkna7uo/maxresdefault.jpg,thumbnails/韓国人ヨンヘ韓国旅行韓国グルメ最新情報/zRASnkna7uo.jpg
Food KT,UCURWD7-9HZmZYZ0K3Vk00Jg,h3qv4ZxR9Qk,14kg 넘는 특방어 부터 싱싱한 활 오징어 까지 순식간에 썰어버리는 전설의 남창 칼잡이 몰아보기 Korean Sashimi Master,"00:00 주문 폭주! 5월 농어부터 우럭까지 순식간에 썰어버리는 전설의 남창 칼잡이 광어,도다리, 밀치,장어 Korean Sashimi master

16:58 겨울 10kg 넘는 겨울철 대방어를 순식간에 썰어 버리는 남창 칼잡이 횟썰기 대방어 ,밀치,도다리, 광어, 뱀장어 ,꼼장어 korean sashimi master

38:25 싱싱한 활오징어 부터 3kg 대물 장어까지 순식간에 썰어 버리는 전설의 남창 칼잡이 ( 전어 , 대물장어,오징어,광어) Korean Sashimi Master

53:46 14kg 넘는 특대방어를 순식간에 썰어버리는 남창 칼잡이 횟썰기 달인 대방어,숭어 Korean Sashimi Master

1:09:15 하루에 50kg 가을 전어를 순식간에 썰어버리는 남창 칼잡이 달인 광어 도시락 ( 전어,붕장어,도다리 , 광어)",2026-03-04T10:01:04Z,,22,ko,PT1H19M9S,2d,hd,false,20252,191,0,4,public,youtube,True,False,"https://en.wikipedia.org/wiki/Food,https://en.wikipedia.org/wiki/Hobby,https://en.wikipedia.org/wiki/Lifestyle_(sociology),https://en.wikipedia.org/wiki/Pet",https://i.ytimg.com/vi/h3qv4ZxR9Qk/maxresdefault.jpg,thumbnails/FoodKT/h3qv4ZxR9Qk.jpg
과장말고 사장하자,UCM5nKsD-ZcmURptptXeicYQ,z132WsVnt6g,"1년동안 이원일 셰프를 기다린 사장님, 매출은 높은데 적자도 높다..대체 왜 이런 걸까..?[양식집 컨설팅 ep1]","#이원일 #성수맛집 #창업

1년동안 이원일 셰프를 기다렸다는 사장님, 빚은 1억 6천을 넘어었다..매출이 4천을 넘지만 매달 적자가 쌓이고 있다고 한다. 음식맛 만큼은 최고인듯한데...
도대체 뭐가 문제일까..?

*가게 정보*
매장명:소랑호젠
가게 위치: 서울 성동구 성수동1가 656-3

비즈니스 및  무료 컨설팅 신청은? worldexpo_19@naver.com

🗓프랜차이즈 창업박람회 : 2026. 5. 7 ~ 9 마곡 코엑스 전시장
👉사전등록 신청 홈페이지 : https://www.franchisemagok.co.kr/

시청해주셔서 감사합니다!

#컨설팅 #파스타 #스테이크",2026-03-25T10:01:31Z,,19,ko,PT33M27S,2d,hd,false,141025,2378,0,491,public,youtube,True,False,"https://en.wikipedia.org/wiki/Food,https://en.wikipedia.org/wiki/Lifestyle_(sociology)",https://i.ytimg.com/vi/z132WsVnt6g/maxresdefault.jpg,thumbnails/과장말고사장하자/z132WsVnt6g.jpg
58청춘 [58YH],UCXwGJ6ycKvNkUb8vmVrb1_w,LfnrMhWw_-k,"미얀마 마지막 날, 한 가족의 초대… 잊지 못할 순간","#미얀마여행 #동남아여행 #불교문화 #감동여행 #여행브이로그

25일간의 미얀마 여행 마지막 이야기입니다. 
여행 막바지, 한 가족의 초대로 불교 기부 행사에 함께하며 수도원에서 그들의 삶과 신앙을 가까이에서 경험했습니다. 

진심 어린 환대와 따뜻한 식사까지… 
끝까지 저를 맞아주신 미얀마 사람들의 마음을 잊지 못할 것 같습니다. 
함께해주셔서 감사합니다.",2026-03-25T10:00:35Z,"#길거리음식,#streetfood,koreanfood,한국음식,tteokbokki,asianfood,kimbap,Pork feet,pork belly,Bulgogi,Hotteok,कोरियाई भोजन,सड़क का भोजन,món ăn hàn quốc,thức ăn đường phố,Корейская еда,уличная забегаловка,К-еда,Koreanisches Essen,Straßenessen,K-Food,k-thực phẩm,comida coreana,comida de la calle,k-comida,کورین کھانا,گلی کا کھانا,k-کھانا,makanan Korea,makanan jalanan,k-makanan,韓国料理,ストリートフード,อาหารเกาหลี,은퇴자,여행,배낭여행,음식여행,부부여행,시니어배낭여행,호화여행,기차여행,대한민국구석구석,5일장,5일장터,전통시장,재래시장,시장구경",19,ko,PT30M33S,2d,hd,false,480,29,0,7,public,youtube,True,False,"https://en.wikipedia.org/wiki/Food,https://en.wikipedia.org/wiki/Lifestyle_(sociology),https://en.wikipedia.org/wiki/Tourism",https://i.ytimg.com/vi/LfnrMhWw_-k/maxresdefault.jpg,thumbnails/58청춘58YH/LfnrMhWw_-k.jpg
장사반장,UCabbKaSrhHPblkH23JfdV_g,rJ10wu_DUbs,"대기업도 탐냈던 ""정해인 단골집"" 브랜드가 4평 김밥집으로 쪼그라든 이유  |  아가서울 2부","▶ '장사반장'의 정체가 궁금하다면!? 네이버 검색창에 '임형재' 또는 '엠브로컴퍼니' 검색~🍀

한 평생 고생만 해오던 사장님...
기회와 운이 따라줘서 시작한 가맹사업 
가맹점 7개 확장 앞으로의 길은 꽃길일 줄 알았지만
이어지는 처참한 배신과 8년 전부터 시작된 사기와 압류 그리고 협박의 굴레 속에서

사장님이 지켜낸 건 오직 가족과 이 4평 남짓한 가게뿐이었습니다

“너 인생 망쳐줄게”
가맹 브랜드의 이름을 뺏기고 쫓겨난 골목 끝자락
성실함이 죄가 되었던 사장님에게 장사반장이 건넨 뼈아픈 조언

이번 영상은 가족을 지키기 위해 모든걸 포기한 사장님의 가슴 속 고백과
다시 일어서기 위한 장사반장의 냉철한 솔루션을 담았습니다

매출 잡는 전문 수사팀, 장사반장😎
긴급출동~~~🚨 
#장사반장 #자영업자 #자영업 #자영업현실 #프랜차이즈  #휴먼다큐 #아가서울

[타임라인]

00:00 [하이라이트]
00:58 [협박을 당했다구요...?]
02:41 [공간과 아름다움을 추구하는 공간 '아가서울']
03:44 [토크타임: 첫 가맹사업 (먼치)에 대해서]
05:25 [작다고 안하면 안돼요 이거 '꼭' 잡아야 합니다]
06:17 [과거를 절대 외면하지 마세요]
07:40 [사장님은 착한게 아니에요]
09:01 [본격적인 메뉴 피드백]
12:40 [기록을 남긴다 생각하세요]
13:16 [배달...양날의 검]
14:26 [엔딩]

▶ 아가서울
🔸주소 : 서울 강서구 등촌동 654-16
🔸연락처 : 0507-1447-0969
🔸영업시간 :  월~금 10:00~24:00 (일요일 정기휴무)
                               토 10:00~15:00

▶ '장사반장'의 정체가 궁금하다면!? 
 🔸네이버 검색창에 '임형재' 또는 '엠브로컴퍼니' 검색~🍀
 🔸인스타그램 : https://www.instagram.com/sale0410/
 🔸출연 및 광고 문의 : gyuls_eem@naver.com
 🔸출연 신청서 작성 https://forms.gle/5aKXEVjYgFhnHUHH9

🔅 본 솔루션은 무료 진행되는 '소상공인 지원 활동'입니다🔅",2026-03-20T10:55:00Z,"장사반장,임형재,장사,30대자영업자,휴먼스토리,자영업,자영업자,창업,사장,외식,초보창업자,폐업,휴먼다큐,다큐,자영업현실,이야기,사연,가족,골목식당,프랜차이즈",24,ko,PT16M33S,2d,hd,false,608,13,0,5,public,youtube,True,False,"https://en.wikipedia.org/wiki/Food,https://en.wikipedia.org/wiki/Lifestyle_(sociology)",https://i.ytimg.com/vi/rJ10wu_DUbs/maxresdefault.jpg,thumbnails/장사반장/rJ10wu_DUbs.jpg
래안 농장,UCz3Q8WeFHhUtNvG1hU9ZX7g,UhuqTMMWd3E,봄당근 파종하기 #주말농장 #봄당근,,2026-03-22T12:40:02Z,"당근,봄당근",26,ko,PT3M3S,2d,hd,false,382,13,0,10,public,youtube,True,False,"https://en.wikipedia.org/wiki/Food,https://en.wikipedia.org/wiki/Lifestyle_(sociology)",https://i.ytimg.com/vi/UhuqTMMWd3E/maxresdefault.jpg,thumbnails/래안농장/UhuqTMMWd3E.jpg
언스페셜티,UCQbHLJN8rG_HPhnmvu61QaQ,-8lfukbjAZQ,제주도 로컬 주민들이 사랑하는 로스터리 [무우수 커피 로스터스],"#핸드드립 #홈카페 #에스프레소
https://unspecialty.com/product/detail.html?product_no=566

3월 스몰 월픽은 '무우수 커피 로스터스'입니다.
무우수 커피 로스터스의 커피는 이번 3월, 언스페셜티 스몰월픽을 통해 만나보실 수 있습니다.

Timestamp

00:00 Intro
00:51 무우수 커피 로스터스 소개
01:17 무우수가 추구하는 커피
01:47 무우수의 단골 손님들
02:45 무우수의 하우스 블렌드
03:27 3월 스몰월픽 컨셉
04:35 언스페셜티 블렌드
06:31 무우수가 추천하는 라인업
09:32 이벤트 소개
10:29 마지막 한 마디",2026-03-17T15:29:57Z,,26,ko,PT11M19S,2d,hd,false,2426,40,0,10,public,youtube,True,False,,https://i.ytimg.com/vi/-8lfukbjAZQ/maxresdefault.jpg,thumbnails/언스페셜티/-8lfukbjAZQ.jpg
오늘도 베이킹 Baking again today,UCeOwi85w01FOOi9VGOdlRaA,fIC2hr0w57o,두바이 디저트 중 원탑👍 두바이 피스타치오 바스크 치즈케이크 레시피(with 필라델피아 크림치즈),"#두쫀쿠#두바이#바스크치즈케이크#피스타치오#피스타치오바치케#바치케



▽▼ 더보기란을 꼭 확인해주세요  please click on the down below ▽▼

▶ 화질  2160p로 설정 후 시청해주세요 ◀

☆""좋아요""와 ""구독""은 영상 제작에 큰 힘이 됩니다. ^^  ""좋아요""와 ""구독""버튼 꾹- 눌러주세요 ~❤


◆ 레시피 무단도용을 금지합니다. 레시피 클래스사용 금지. 레시피는 꼭 영상 출처를 남기고 사용해주세요. ◆
◆ 영상의 재 업로드 및 2차 편집을 금지합니다 ◆


인스타그램 -  https://www.instagram.com/baking_again_today

비지니스 문의 :  audwlsg@naver.com



* 이 영상은 (주)동서에서 제품을 지원받아 제작된 영상입니다 *



안녕하세요! 오늘도 베이킹입니다. 😊
한동안 정말 핫했던 두쫀쿠의 인기가 이제야 좀 잠잠해진 것 같아요. ㅎㅎ

오늘은 두바이 디저트 느낌의 피스타치오 바스크 치즈케이크를 만들어봤어요.

테스트로 처음 한 입 먹어봤을 때 피스타치오의 고급스럽고 진한 풍미가 확 느껴져서 깜짝 놀랐어요.
여기에 두바이 스타일로 카다이프 필링을 올려봤는데 바삭한 카다이프와 크리미한 바스크 치즈케이크의 식감 대비가 정말 매력적이더라고요. ㅎㅎ

이번 피스타치오 바스크 치즈케이크는 필라델피아 크림치즈를 사용해 만들어봤어요.
적당한 산미와 진한 풍미가 피스타치오와 잘 어우러져 정말 맛있었어요!

만드는 과정은 크게 어렵지 않지만 정말 고급스럽고 풍부한 맛을 느낄 수 있어서 자주 만들게 될 것 같은 케이크예요. ㅎㅎ

비주얼도 맛도 고급스러운 두바이 피스타치오 바스크 치즈케이크, 꼭 한번 만들어보세요!

그럼 오늘도 즐거운 베이킹 되시길 바랍니다. 😊


* 사용한 제품 * ( 쿠팡 파트너스 활동의 일환으로 이에 따른 일정액의 수수료를 제공받습니다.)
- 필라델피아 크림치즈(블록형) : ( https://link.coupang.com/a/d8gW8O )
- 분리형 원형팬 : ( https://link.coupang.com/a/d8gYu5 )
- 구운 카다이프 : ( https://link.coupang.com/a/d8gZlz )
- 100% 피스타치오 페이스트 : ( https://link.coupang.com/a/d8g3fS )
- 옥수수전분 : ( https://link.coupang.com/a/d8g37P )
- 화이트 커버춰 초콜릿 : ( https://link.coupang.com/a/d8g4Ro )
- 다크 커버춰 초콜릿 : ( https://link.coupang.com/a/d8g5gO )
- 생크림 : ( https://link.coupang.com/a/d8g5Fv )
- 피스타치오 : ( https://link.coupang.com/a/d8g6rD )




🧀 두바이 피스타치오 바스크 치즈케이크 🧀
 ▶ 재료 ◀ 지름 15cm 높이7cm 원형1호팬 1개 분량

✏ 바스크 치즈케이크 반죽
필라델피아 크림치즈 400g
설탕 125g
피스타치오 페이스트 120g
옥수수전분 11g
달걀 160g
생크림 220g

✏ 카다이프 필링
화이트 커버춰 초콜릿 30g
피스타치오 페이스트 80g
구운 카다이프 55g

✏ 데코용 가나슈 
생크림 20g
다크 커버춰 초콜릿 20g


다진 피스타치오(데코용으로 생략가능합니다)


◼ 보관방법 ◼
- 냉장보관해주시고 3-4일 안에 드시면 됩니다. 



♪ BGM : 오늘의 일기 - https://youtu.be/F2_l1QXJLJc?si=ckdgi0neibC9TD0O",2026-03-21T10:44:43Z,"피스타치오 케이크,피스타치오 바스크 치즈케이크,pistachio cake,두쫀쿠,바스크 치즈케이크,두바이,두바이 디저트,두바이 쫀득 쿠키,피스타치오 디저트,Pistachio cake,Pistachio Basque cheesecake,Dujjonku,Basque cheesecake,Dubai,Dubai dessert,Dubai chewy cookie,Pistachio dessert,베이킹 레시피,baking recipe,dessert recipe",22,ko,PT8M9S,2d,hd,true,6710,241,0,9,public,youtube,True,False,"https://en.wikipedia.org/wiki/Food,https://en.wikipedia.org/wiki/Lifestyle_(sociology)",https://i.ytimg.com/vi/fIC2hr0w57o/maxresdefault.jpg,thumbnails/오늘도베이킹Bakingagaintoday/fIC2hr0w57o.jpg
먹둥이 혜이니 MukDoong,UCsp-BK2eitBYzY5HgUrqK9w,tCwVE_MFT5A,[먹방 브이로그] 출산 후 생리는요.... 아기랑 버터떡 투어! 윤달베이커리 코코로나인 두두리두팡 에이블리팝업 땅콩버터 보밀당 맘모스빵 디저트 mukbang vlog,"안녕하세요 먹둥이혜이니입니다 :

무월경극복 컨텐츠를 다뤄온 제가 생각하보니 출산 후 생리를 잘하는지 안 알려 드렸더라구용??
생각보다 궁금해하시는 분들이 많이 계셔서 공개적으로 알려드립니다 !
봄이 와서 그런지 들뜬 기분에? 일상을 많이 찍게 돼서 이번 영상에는 아가랑 함께한 일상이 많이 담겼네용 ㅎㅎ
이뿌게 봐주시구 그럼 다음 영상에서 또 만나용 ❤️

🌸타임라인 & 먹리스트🌸
00:00 우리 동네 버터떡 투어🧈
04:04 꼬북칩 멕시칸콘버터맛!! 붕어빵&땅콩버터🤎

07:26 [보밀당] 택배오자마자 먹어보기 😆

11:55 [윤달베이커리] 커피코코넛 & 제주말차번 삼각이
(생리 하나요 ??)

15:27 [두두리두팡] 뚜이크 2종

17:52 [윤달베이커리] 피스타치오빼빼로 & [널담] 뚱낭시에
20:50 [고반식당] 8개월만에 불판고기 🥹🥹
21:48 [투썸] 블루베리요거트 케이크

22:16 [코코로나인] 푸딩 2종 & 블론디바 3종




이메일 : 7945gpdlsdl@naver.com
🍰인스타그램 : muckdoong_hyeinee (실시간 먹일상 공유 중 ❤️)



#먹방 #먹방브이로그 #mukbang #vlog #mukbangvlog #브이로그 #폭식브이로그 #빵먹방 #디저트먹방 #육아 #육아브이로그 #윤달베이커리 #버터떡 #보밀당 #코코로나인 #두두리두팡 #비건케이크 #땅콩버터 #투썸케이크",2026-03-26T12:15:00Z,,22,ko,PT27M33S,2d,hd,false,7811,103,0,14,public,youtube,True,False,"https://en.wikipedia.org/wiki/Food,https://en.wikipedia.org/wiki/Lifestyle_(sociology)",https://i.ytimg.com/vi/tCwVE_MFT5A/maxresdefault.jpg,thumbnails/먹둥이혜이니MukDoong/tCwVE_MFT5A.jpg
JINRO Global,UCxZc01xmVRLeVYNI5iyhAsw,kqlAzyWhHRw,JINRO Limited Edition is Coming,"The party just got more interesting.

Drink Responsibly.

#JINRO #soju #newflavor #limitededition",2026-03-23T04:00:48Z,,24,en,PT11S,2d,hd,false,86038,2,0,1,public,youtube,True,False,"https://en.wikipedia.org/wiki/Electronic_music,https://en.wikipedia.org/wiki/Music",https://i.ytimg.com/vi/kqlAzyWhHRw/maxresdefault.jpg,thumbnails/JINROGlobal/kqlAzyWhHRw.jpg
제당슈만,UCOV_BpGzvmH7ZtjQOWg0bSQ,X_IFbjQyKbs,밀라노에서 한식.. 주나요? | 먹히는 이유 ep.1,"낯선 도시, 낯선 환경. 그곳에서 선수들은 무엇을 먹고 경기를 준비할까요?

지금 마무리를 향해 달려가고 있는 2026 밀라노·코르티나담페초 동계올림픽 현장. CJ제일제당은 대한체육회와 함께 선수들이 평소와 같은 ‘한 끼’를 이어갈 수 있도록 식재료를 지원했습니다.

설탕과 장류 같은 기본 양념부터 김치, 반찬류, 간편식까지. 멀리 떨어진 해외에서도 익숙한 맛을 느끼도록 돕는 것. 경기력은 결국, 이런 가장 기본적인 부분에서 시작되지 않을까요?

#cj제일제당 #밀라노 #국가대표",2026-02-20T04:43:32Z,"cj제일제당,CJ제일제당,밀라노,올림픽,밀라노올림픽,동계올림픽,쇼트트랙,스피드스케이팅,스노보드,최민정,최가온,빙상,경기,운동,메달,대한민국,국가대표,선수단,밥,식단,선수촌,한식,K-푸드,도시락,식재료지원,도시락지원,음식,식사,파리올림픽,채식,비비고,bibigo,제일제당",22,ko,PT3M2S,2d,hd,false,267960,42,0,0,public,youtube,True,False,"https://en.wikipedia.org/wiki/Food,https://en.wikipedia.org/wiki/Lifestyle_(sociology)",https://i.ytimg.com/vi/X_IFbjQyKbs/maxresdefault.jpg,thumbnails/제당슈만/X_IFbjQyKbs.jpg
김알파카 쉬운 인생,UC7AkdDZ21EXwL5vr4CmFvbA,dBTwMsnNf3U,"파주의 '아주 약간만' 숨겨진 맛집! 어차피 네이버지도에 다 나와있음 문산 야단법석 생선요리, 와동동 와동버거, 콰이어트라이트 LP카페, 하조이짬뽕, 금촌 본고기한마당","파주의 '아주 약간만' 숨겨진 맛집! 어차피 네이버지도에 다 나와있음 문산 야단법석 생선요리, 와동동 와동버거, 콰이어트라이트 LP카페, 하조이짬뽕, 금촌 본고기한마당
#먹방브이로그 #파주맛집 #하조이짬뽕

네이버 지도 링크 (단순 정보 제공)
00:01 문산 야단법석 생선요리전문 https://naver.me/GRo1XkPY
06:14 와동버거 https://naver.me/FG7ABnix
10:37 콰이어트라이트 LP까페 https://naver.me/GSDAGCWv
13:11 기절고기국수 https://naver.me/FEUst7t2
19:35 하조이짬뽕 파주본점 https://naver.me/FK5vH1lJ
24:44 금촌 본고기한마당 https://naver.me/5UTAwqeT",2026-03-15T07:01:33Z,,22,ko,PT31M9S,2d,hd,true,13583,344,0,25,public,youtube,True,False,"https://en.wikipedia.org/wiki/Food,https://en.wikipedia.org/wiki/Lifestyle_(sociology)",https://i.ytimg.com/vi/dBTwMsnNf3U/hqdefault.jpg,thumbnails/김알파카쉬운인생/dBTwMsnNf3U.jpg
푸드스토리 FoodStory,UCKjq5UrlxXqb7EgPwZl5JNg,ZEeB9UgpjGs,"""사장님 그만주세요!!"" 무서울 정도로 미친듯이 쌓아주는 역대급 잔치국수, 비빔국수, 칼국수 국수 맛집 몰아보기! / Korean traditional noodle master","🔎Information
00:00 곱빼기 절대 시키지 마세요! 무서울 정도로 퍼주는 역대급 산더미 잔치국수, 비빔국수, 만두 / korean traditional noodles

10:16 해물쟁반만 3천개씩 팔리는? 월매출 1억! 바다보면서 먹는 눈과 입이 행복한 해물칼국수 끝판왕 / Amazing! Seafood noodles

22:47 아침부터 줄서서 먹는 국수집? 백종원이 인정한 초대형 무쇠솥에 만드는 역대급 할머니 칼국수 / handmade kalguksu(noodles)

33:04 주말에는 예약없이 먹기 힘든 중국집? 매실청까지 직접 담그는! 가성비 좋은 코스요리로 소문난 중화요리집 / Chinese Course Meal

48:45 4시간자고 운영하는 2500원 할머니 국수집? 새벽 5시부터 육수까지 직접 만드는 노부부 밀면, 비빔밀면, 짜장면 / Wheat Noodles

57:36 54년 된 76세 할머니 국수집? 지하상가에서 가장 오래된 할머니 잔치국수, 비빔국수, 순대, 만둣국 / Korean Noodles

01:06:44 곱빼기가 공짜지만 절대로 시키지 마세요! 미친듯이 쌓아주는 역대급 산더미 부추국수 / Amazing! Korean Chives noodles

01:20:02 짬뽕, 탕수육 안파는 중국집? 미쳤습니다! 300도 돌판에 올리는 역대급 해산물 돌판 짜장면 / Seafood Black Bean Noodle

항상 맛있는 영상을 보여드리기 위해 노력하는 푸드스토리입니다 :)
시청해 주셔서 감사합니다. 구독과 좋아요는 큰 힘이 됩니다!❤️
🔔  푸드스토리 구독 : https://youtube.com/c/foodstory95

Thank you so much for Watching my Videos :)
Have a good time and feel free to Subscribe my Channel!❤️
🔔  FoodStory Subscribe : https://youtube.com/c/foodstory95

💌 촬영 요청 및 비즈니스 문의 : dlrtm238@naver.com

✔️화면 상단에서 고화질(HDor4K)로 선택하시면 더 선명하게 보실 수 있습니다.
#국수 #짜장면 #칼국수 #잔치국수 #비빔국수",2026-03-26T11:00:59Z,"한국길거리음식,길거리음식,음식,맛집,가성비,푸드,요리,먹거리,거리음식,한국요리,여행,맛집추천,korean street food,street food,food,street,korean,travel,events,korea,korea food,recipe,cooking,푸드스토리,yummy,yt:cc=on,국수,잔치국수,비빔국수,칼국수,수제비,새알수제비,칼만두,서문시장 국수,할머니 국수,국수 먹방,국수 양념장,국수 만들기,국수 삶는법,국수 레시피,잔치국수 먹방,잔치국수 양념장,잔치국수 만들기,잔치국수 육수,잔치국수 맛집,국수 맛집,잔치국수 레시피,비빔국수 만들기,칼국수 만들기,칼국수 레시피,칼국수 맛집,칼국수 양념장,수제비 반죽,수제비 만들기,수제비 레시피,백종원 수제비,국수 달인,잔치국수 달인,파전,해물파전,파전 만들기,파전 백종원,해물파전 맛집,대구 국수 맛집",19,ko,PT1H39M46S,2d,hd,true,3790,76,0,2,public,youtube,True,False,"https://en.wikipedia.org/wiki/Food,https://en.wikipedia.org/wiki/Lifestyle_(sociology)",https://i.ytimg.com/vi/ZEeB9UgpjGs/maxresdefault.jpg,thumbnails/푸드스토리FoodStory/ZEeB9UgpjGs.jpg
바리스타홍 baristahong,UCh4TNvx1G97z66ohA-iHBSw,QmKS-Ea5Kr8,[바리스타2급] 라떼아트 하트 배경 만들기 |  간단한 방법 & 자세한 설명 & 반복 연습 💪🏻✨,"#바리스타 #라떼아트 #latteart

한국커피협회 바리스타 2급 실기시험 대비
카푸치노 라떼아트 기초 하트 모양을 위한
배경 만들기 영상입니다.

배경 만들기는 라떼아트의 첫 단추인 만큼
중요한 부분인데요,
초간단 방법과 함께 원리와 이유 설명,
반복 연습까지 알차게 담아봤습니다.🤍

수업 보조 영상으로도 활용 가능하며
예습, 복습 영상으로도 좋을 것 같아요.

영상 보면서 같이 연습해 볼까요?

궁금한 점은 언제든지 댓글 남겨주세요.💌",2026-03-17T01:00:00Z,"바리스타 2급 라떼아트,바리스타 2급 카푸치노,바리스타2급실기동영상,라떼아트,라떼아트 하트,라떼아트 기초,라떼아트 안정화,바리스타 2급 카푸치노 라떼아트,latte art,latte art heart,barista",27,ko,PT9M56S,2d,hd,false,1154,41,0,8,public,youtube,True,False,"https://en.wikipedia.org/wiki/Food,https://en.wikipedia.org/wiki/Hobby,https://en.wikipedia.org/wiki/Lifestyle_(sociology)",https://i.ytimg.com/vi/QmKS-Ea5Kr8/maxresdefault.jpg,thumbnails/바리스타홍baristahong/QmKS-Ea5Kr8.jpg
지탱크TV,UCP_Co2tfuSX_YJ3zkOCTNjA,NWNYJONG-5A,"📌 그대...떠나도 1,900만뷰~🎊 축하합니다~","🎤 김호중 가수를 응원하는 ""트바로티 아리스 지탱크TV"" 입니다. 
📌자율구독 (국민)342302-04-240911 한상우 
✌️멤버십 가입 클릭👉 https://www.youtube.com/c/지탱크TV  

📌 지탱크TV는 여러분과 함께  
김호중의 길을 응원하고 기억합니다.

💬 영상이 좋았다면 ‘좋아요’와 ‘구독’,  
그리고 ‘공유’로 함께 마음을 모아주세요!

🔔 매주 화요일,금요일 밤9시30분 실시간 방송✌️ 
전체알림 설정으로 함께해 주세요!

링크바이오 https://linkbio.co/khjmedia


📌실시간방송모음 : https://www.youtube.com/watch?v=zP2xNxPJdkI&list=PLNvXcSR8tv7YJc-3-WdbbayLQkXkw7xDq
📌하이라이트영상모음 :https://www.youtube.com/watch?v=YOdAm5aYYJk&list=PLNvXcSR8tv7bP4vO9mGZQRXvf-8eRqR9q
#김호중 #지탱크TV #아리스 #김호중팬카페 #김호중공식팬카페 #김호중팬클럽 #김호중무대 
#김호중노래 #테너김호중  #팬의힘 #표현력장인 #감동무대  #팬심전달 #김호중응원 #트바로티 #트바로티아리스 #아리스",2026-03-25T14:01:45Z,"#김호중,#지탱크,#아리스,김호중,테너 김호중,김호중 노래,김호중 무대,김호중 천상재회,김호중 콘서트,아리스,김호중 팬클럽,지탱크TV,미스터트롯,미스터트롯 김호중,감동 무대,레전드 무대,표현력 장인,트바로티,클래식 가수,발라드 가수,K트로트,K클래식,팬의 힘,김호중 응원,김호중 스밍,멜론 스밍,유튜브 뮤직,팬 활동,팬 응원,팬덤 문화,김호중 사랑해,김호중 이야기,김호중 팬심,감동 이야기,김호중 사랑,김호중 진심,김호중 마음,팬의 감정,김호중과 함께,김호중 위로,김호중 해외,김호중 글로벌,한국 가수,글로벌 팬덤,김호중 해외 반응,아리스 글로벌,김호중 세계 무대,김호중 차트,김호중 1위,한터차트,음원차트,김호중 기록,김호중 성과,멜론스밍",22,ko,PT1H2M39S,2d,hd,false,4050,1360,0,13,public,youtube,True,False,,https://i.ytimg.com/vi/NWNYJONG-5A/maxresdefault.jpg,thumbnails/지탱크TV/NWNYJONG-5A.jpg
요리무사,UCnYZduHHeDcsLE896a9aTlQ,FCMoxkcKyIU,미나리전 레시피 미나리 고유의 맛을 살리고 바삭함도 살리는 비법,"#미나리전 #미나리요리 #미나리전레시피 

미나리전 레시피 재료 

미나리 반 단 ( 줄기는 줄기대로, 잎은 잎대로 2가지 방법으로 색다르게 부쳐보세요 )
오징어 한 마리 
황태가루 한 컵 
식용유 넉넉하게 + 들기름도 넉넉하게 섞어주세요

오징어 밑간 ( 맛술 1큰술 + 다진마늘 1작은술 + 참기름 1작은술 + 소금 한꼬집 )

반죽재료 

메밀가루 50그램 
전분 2큰술 
물 120ml
다진마늘 1큰술 

반죽의 농도는 재료가 엉겨 붙을 정도로 해주면 좋습니다. 

미나리전 레시피 영상에 사용된 음원은 오늘도 브금대통령 님의 음원을 사용했습니다.

Music provided by 브금대통령
Track : 우리의 봄은 - https://youtu.be/LlXvBM5DkYg

Music provided by 브금대통령
Track : 다시 봄 - https://youtu.be/wgOYdYs6mE8

#미나리전만들기 #미나리전부치기 #미나리전황금레시피 #미나리전바삭하게",2026-03-28T00:45:00Z,"미나리전 레시피,미나리전 만들기,미나리전 부치는법,미나리전 황금레시피,미나리 요리,미나리 전 레시피,미나리 전 바삭하게 부치는 법,미나리 전 만드는법,미나리전 바삭하게 하는법,미나리,미나리 레시피,미나리 전 만들기,미나리전 맛있게 만드는 법",26,ko,PT6M26S,2d,hd,true,1283,208,0,22,public,youtube,False,False,"https://en.wikipedia.org/wiki/Food,https://en.wikipedia.org/wiki/Lifestyle_(sociology)",https://i.ytimg.com/vi/FCMoxkcKyIU/maxresdefault.jpg,thumbnails/요리무사/FCMoxkcKyIU.jpg
쿠킹 프린세스 cooking ,UCVDjIdGqYxRUk-upINopUNQ,CfqmOKkB5HA,"채소찜 이렇게 먹고 허리가 홀쭉해졌어요!! 배부르게 먹어도 살 안쪄요 (ft, 채소찜 비빔밥, 달래장 만드는 법)","안녕하세요
쿠킹프린세스입니다
봄 계절에 어울리는 채소 듬뿍!! 채소 본연의 맛 그대로 즐길 수 있는 채소찜 비빔밥 레시피입니다
달래장과 함께 드셔보세요
든든하게 먹어도 건강도 챙기면서 살도 빠져요^^

재료
봄동 170g
느타리버섯 200g
콩나물 300g
시금치 100g
당근 170g
그외 밥 적당히, 달걀 후라이

달래장 : 달래 40g , 진간장 5T , 알룰로스 1T , 참기름 1T , 물 2T , 갈은 깨 1T , 고추가루 1/2T",2026-03-26T09:52:07Z,"채소찜,채소비빔밥,달래 채소 비빔밥,달래장 만들기,채소 찌는법,야채 찌는법,야채찜,야채 비빔밥",26,ko,PT3M23S,2d,hd,false,7915,101,0,2,public,youtube,True,False,"https://en.wikipedia.org/wiki/Food,https://en.wikipedia.org/wiki/Lifestyle_(sociology)",https://i.ytimg.com/vi/CfqmOKkB5HA/maxresdefault.jpg,thumbnails/쿠킹프린세스cooking/CfqmOKkB5HA.jpg
배말랭,UCZ1wYQHk1yVle18u8FA8AvA,8dZl8mlLxUk,밥솥으로만 삼시세끼를 만들어 먹어보자!,"밥솥으로 세끼 만들어 먹을 수 있다? 없다?

비즈니스 및 각종 문의 : malraeng4247@naver.com

인스타그램 : https://www.instagram.com/baebae_geonwoo
페이스북: https://www.facebook.com/baemalrang

#배말랭 #배씨표류기 #3도4촌 #자취 #생존 #귀촌",2026-03-26T11:00:11Z,"배말랭,별다먹,백수,자취,핫소스,생존,배씨표류기,원룸,베란다,월세5만원,배건우,밥솥세끼,밥솥,세끼",23,ko,PT14M47S,2d,hd,false,213905,2747,0,159,public,youtube,True,False,"https://en.wikipedia.org/wiki/Food,https://en.wikipedia.org/wiki/Lifestyle_(sociology)",https://i.ytimg.com/vi/8dZl8mlLxUk/maxresdefault.jpg,thumbnails/배말랭/8dZl8mlLxUk.jpg
[Mukgang] 먹갱,UCGOYrCwp_ks0b4f6XQwaS4Q,EUd_p15gb7Y,sns에서 욕먹는 최악의 라면 TOP4 먹어봤습니다😱과연 1위는..? Ramen eating show,"💌 오늘의 메뉴 : 신라면 너구리 짜파게티 팔도비빔면 
💜 좋아요와 구독은 먹갱에게 큰 힘이됩니다! 💜
💖 먹갱 채널 멤버십 가입 💖
https://www.youtube.com/channel/UCGOYrCwp_ks0b4f6XQwaS4Q/join

📣타인을 비방하는 악의적 모욕적인 댓글과 지속적인 괴롭힘은
사전 고지없이 차단되거나 삭제 신고 될 수 있습니다.

🐷 먹갱_먹방갱스터 MUKGANG_MUKBANG 🐷
👉협찬광고 문의메일 : vv23235288@gmail.com
👉인스타그램 : https://www.instagram.com/mukgang29
👉Tik Tok : https://www.tiktok.com/@vv23235288

#라면 #라면먹방 #mukbang

🎵Music provided by 브금대통령
🎵Track : 덤앤더머 – https://youtu.be/wfD42CYa8Sw
🎵Track : Troublemaker – https://youtu.be/qbkzFmDa3PY
🎵Track : Tom's Plan 2 – https://youtu.be/dQl76P95PQM
🎵Track : 뭐라는거야 – https://youtu.be/DAfWMCuPwRs
🎵Track : 비틀비틀 – https://youtu.be/kkTYGStJ968
🎵Track : 무료배송 – https://youtu.be/Z5PVraeiz7Y

🎄Music provided by 오늘의 일기
🎄Track : You’re Sweeter Than Apple Pie – https://www.youtube.com/watch?v=gHkUYdUiRVs&t=587s
🎄Track : A Little Thanks - https://www.youtube.com/watch?v=Oo8EjT0M4rY&t=451s",2026-03-26T09:57:20Z,"Mukbang,Mukgang,Korean eating show,Korean food,Korean restaurant,food,Food fighter,Ramen,Ramen eating show,noodle eating show,Street food,Eating show VLOG,VLOG,family,Family Vlog,Korea,famous restaurant,tzuyang,Hamzy,ASMR,amiami,モッパン,Asmr eating show,먹갱,먹방,먹갱먹방,맛집,맛집추천,맛집리뷰,한국맛집,브이로그,먹방브이로그,라면,라면먹방,신라면,너구리,짜파게티,비빔면,팔도비빔면",22,ko,PT19M,2d,hd,true,22473,954,0,341,public,youtube,True,False,"https://en.wikipedia.org/wiki/Food,https://en.wikipedia.org/wiki/Lifestyle_(sociology)",https://i.ytimg.com/vi/EUd_p15gb7Y/maxresdefault.jpg,thumbnails/Mukgang먹갱/EUd_p15gb7Y.jpg
최송죽의 톡톡톡수다,UC9JqWNkkfQ39quNti8-PiYw,C6UURFlzsA8,추억을 부르는 이음식의 정체는?,,2026-03-07T06:00:21Z,,22,ko,PT10M6S,2d,hd,false,828,91,0,8,public,youtube,True,False,"https://en.wikipedia.org/wiki/Food,https://en.wikipedia.org/wiki/Lifestyle_(sociology)",https://i.ytimg.com/vi/C6UURFlzsA8/maxresdefault.jpg,thumbnails/최송죽의톡톡톡수다/C6UURFlzsA8.jpg
이정현의 집밥레스토랑 Home Cooking with JH,UC8ZirMMChf8BaKKbae3Sl4A,qLBqWj86oJQ,"요리고수 이정현이 쓰는 ‘진짜’ 주방템 l 살림고수 이정현의 JAJU로운 삶, 요리고수 1편","#광고 드디어 공개해요☺️
요리하면서 “이거 진짜 편하다” 싶었던 아이템들✨

이번에 JAJU랑 함께하면서
제가 실제로 집에서 쓰는 제품들로 촬영했어요

요리는 결국 도구도 중요하더라구요
조금 더 쉽고, 더 맛있어지는 집밥의 비밀…!

요리고수 1편, 같이 보실래요?

그리고 이번에 준비된 혜택도 있으니까
꼭 받아가시고 같이 써보세요

✨ JAJU X 이정현 특별 프로모션 ✨
요리고수의 아이템, 지금 바로 만나보세요
JAJU 공식몰에서 최대 15% 할인 혜택 진행 중!

지금 바로 확인해보세요✨
링크:   https://www.shinsegaev.com/gate/goGate.siv?disp_divi_cd=20&rtnUrl=/shop/initPlanShop.siv?disp_ctg_no=2602225373

#이정현 #자주 #무연마스텐팬 #주물냄비 #요리컵",2026-03-22T12:00:01Z,"이정현,자주,무연마스텐팬,주물냄비,요리컵,JAJU,편스토랑",24,ko,PT15M,2d,hd,false,37310,642,0,55,public,youtube,True,False,"https://en.wikipedia.org/wiki/Food,https://en.wikipedia.org/wiki/Lifestyle_(sociology)",https://i.ytimg.com/vi/qLBqWj86oJQ/maxresdefault.jpg,thumbnails/이정현의집밥레스토랑HomeCookingwithJH/qLBqWj86oJQ.jpg
찐푸드 JJin Food,UCdz7HcTQOaHCoAEJBs-MlNQ,1XRd5ciWCNQ,하루 200개 완판! 미국식 핫도그에 미친 사장님이 만든? 역대급 칠리 치즈 핫도그집 / American chili cheese hot dog / korean street food,"🎥 하루 200개 완판! 미국식 핫도그에 미친 사장님이 만든? 역대급 칠리 치즈 핫도그집 / American chili cheese hot dog / korean street food


😘안녕하세요! 가성비 좋은 길거리 음식과 '찐맛집'을 찾아 소개하는 [찐푸드] 입니다. 영상 즐겁게 시청하시고 행복한 하루 보내세요:)♥
Hello. I'm [JJIN-Food]. Finding and introducing street food and delicious restaurants is my great happiness. Enjoy the video and have a good day:)♥


ℹ️ Information
핫도그 전문점 필리코리 샌드위치

🗺️위치 
경기 김포시 풍무로 125 C동 1층 ""필리코리""

💲 Price (가격):
S&S 핫도그 6,900원
콘치즈 핫도그 7,500원
피자독 8,500원
칠리독 8,900원
조선 칠리독 7,900원
불고기 핫도그 7,900원
햄에그 사라다빵 4,500원

🚀 Naver Map
https://naver.me/5fItflyj

💌 무료 업체 촬영 요청 및 맛집 제보
       e-mail - moto12345@naver.com


#핫도그 #칠리핫도그 #길거리음식",2026-03-26T10:00:03Z,"길거리음식,food,음식,korean,맛집,가성비,푸드,street,먹거리,한국,한국길거리음식,한국요리,요리,여행,맛집추천,travel,events,korean street food,street food,snacks,recipe,cooking,korea,korea food,핫도그,hotdog,칠리치즈,불고기핫도그,피자핫도그,콘치즈핫도그,콘치즈,hot dog,미국핫도그,cheese hot dog,chili cheese hot dog,Chili hot dog,Chili,American hot dog,American chili hot dog,Meat hot dog,Corn cheese,cheese,Making hot dogs,sausage hot dog,Street hot dogs,sausage,칠리 핫도그,치즈핫도그",19,ko,PT22M28S,2d,hd,false,80590,1244,0,29,public,youtube,True,False,"https://en.wikipedia.org/wiki/Food,https://en.wikipedia.org/wiki/Lifestyle_(sociology)",https://i.ytimg.com/vi/1XRd5ciWCNQ/maxresdefault.jpg,thumbnails/찐푸드JJinFood/1XRd5ciWCNQ.jpg
NellMoRecipe 넬모레시피,UCLKWqve7WEs1DYNvafcujbg,8qzFimCfp5M,이 빨간 면을 먹고도 다음날이 가벼웠던 이유,"하루 종일 밖에 있다가 들어온 날.
현관에서 배달 앱을 켰다가, 토마토 하나를 먼저 꺼냈다.
거창하진 않지만, 배달 대신 선택한 20분의 저녁이었다.

완숙 토마토 하나에 남은 체리 토마토를 더하고,
달걀은 넉넉히 3개.
면이 들어갈 자리를 계산해 소스를 먼저 만들었다.

우동 대신 칼국수 면을 사용했다.
전분을 따로 빼지 않고 그대로 넣어 소스를 붙잡게 하는 방식.
식사를 마칠 때쯤엔 국물 없이 면에 찰싹 달라붙는 농도로 정리된다.

묵직하지만 과하지 않고,
배달을 대신하기에 충분했던 저녁.

이런 날은,
이 정도 수고면 충분하다는 생각이 든다.

🧾 사용한 재료
토마토 1개
체리 토마토 한 줌
달걀 3개
칼국수 면 1인분
페페론치노
굴소스
소금
후추

🔹 이런 분들께 추천해요
– 배달 대신 집에서 빠르게 한 끼 해결하고 싶은 날
– 토마토가 애매하게 하나 남았을 때
– 면 요리를 소스 중심으로 먹고 싶은 날

#토마토달걀볶음
#토달볶음
#간단저녁메뉴
#지속가능한식사
#간단요리

비즈니스 문의: nellmorecipe@gmail.com
협업 및 기타 문의는 이메일로 부탁드립니다.",2026-02-14T11:00:12Z,,26,ko,PT3M59S,2d,hd,false,1385,46,0,6,public,youtube,True,False,"https://en.wikipedia.org/wiki/Food,https://en.wikipedia.org/wiki/Lifestyle_(sociology)",https://i.ytimg.com/vi/8qzFimCfp5M/maxresdefault.jpg,thumbnails/NellMoRecipe넬모레시피/8qzFimCfp5M.jpg
야미야미YumYum,UCU0OdLJZ61qZwt9P4g6nWPQ,H1WYasM1gwg,지구상에서 가장 특이하게 파는 라면집?! 반응이 미쳤습니다!! Korean street food,"지구상에서 가장 특이하게 파는 라면집?!
반응이 미쳤습니다!!
Korean street food

컵라면 볶음밥",2026-03-22T10:45:01Z,"라면,라면집,street food,korean food,라면볶음밥",19,ko,PT5M12S,2d,hd,false,3849,49,0,7,public,youtube,True,False,"https://en.wikipedia.org/wiki/Food,https://en.wikipedia.org/wiki/Lifestyle_(sociology)",https://i.ytimg.com/vi/H1WYasM1gwg/maxresdefault.jpg,thumbnails/야미야미YumYum/H1WYasM1gwg.jpg
니스일상NISS,UCYyBBZ9rBYjbA-oHENepISA,Bs6Kx-Oc9G8,🖤흑임자맛 캔디 헨리넥 스웨터 뜨개로그/홍또닛/Candy Henley Sweater Knitting Vlog,"🩵영상 속 착장 정보🩵
_아래에 적어놓지 않은 옷들은 모두 구매한 옷들입니다:)
00:42 다이아몬드 아란가디건_Hello, Hygge Life
01:51 암스테르담 가디건_할리데이 니팅클럽
02:35 캐슈넛 가디건_호호수님
04:11 보리 스웨터_두루미 디자인
05:36 일랑일랑 가디건_여다울님
09:52 로우키 가디건_김대리님
13:59 튈르리 가디건_수민님
16:13 밴쿠버 스웨터_책 ‘김대리의 취향니트’
16:57 새별가디건_새별님

🧶
캔디 헨리넥 스웨터 2번 사이즈_홍또닛 작가님_도아니티에서 구매
라라뜨개에서 받은 서비스실_정보X
바늘이야기_아이싱단추 18mm
니트프로 진저 6.0mm/5.0mm
🧶

☎️인스타그램
niss_knitttt

🙋🏻‍♀️업무용 메일
nissvlog11@naver.com

#캔디헨리넥스웨터 #홍또닛 #헨리넥스웨터 
#candyhenleysweater #라라뜨개 #모헤어스웨터 #모헤어
#뜨개브이로그#knittingvlog
#뜨개로그",2026-03-25T08:00:09Z,,22,ko,PT19M53S,2d,hd,false,3042,73,0,5,public,youtube,True,False,"https://en.wikipedia.org/wiki/Fashion,https://en.wikipedia.org/wiki/Hobby,https://en.wikipedia.org/wiki/Lifestyle_(sociology)",https://i.ytimg.com/vi/Bs6Kx-Oc9G8/maxresdefault.jpg,thumbnails/니스일상NISS/Bs6Kx-Oc9G8.jpg
필드민,UCBEMf9Z0YlvXt913uWt64ag,I-UlE4DTr9o,1인 1메뉴 1음료 주문하면 디저트 무제한인 서울드래곤시티 THE26🔥,"안녕하세요, 필드민입니다.

오늘은 서울드래곤시티의 다이닝 공간인 THE26를 방문했는데요!
맛있는 스테이크와 매콤한 파스타, 마지막에는 디저트까지 배부르게 먹을 수 있는 곳이었어요.

특히 이번 영상에는 구독자분들을 위한 이벤트가 준비되어 있으니 놓치지 말고 참여해보세요🔥

💌 field.min02@gmail.com

#서울드래곤시티 #호캉스",2026-02-28T13:52:43Z,,19,ko,PT7M44S,2d,hd,false,3687,133,0,47,public,youtube,True,False,"https://en.wikipedia.org/wiki/Food,https://en.wikipedia.org/wiki/Lifestyle_(sociology)",https://i.ytimg.com/vi/I-UlE4DTr9o/hqdefault.jpg,thumbnails/필드민/I-UlE4DTr9o.jpg
칼맛나는TV,UCPZaUnhJWtirm_erLyRaiag,LM9fZB2PHm4,"점농어가 우럭,밀치,강도다리와 동급~🤔","요즘 양식 점농어가 많이 좋아졌습니다.
그런데 가격은 일반 잡어와 동급으로 하락???",2026-03-25T13:56:40Z,,22,ko,PT15M57S,2d,hd,false,3765,108,0,44,public,youtube,True,False,"https://en.wikipedia.org/wiki/Food,https://en.wikipedia.org/wiki/Lifestyle_(sociology),https://en.wikipedia.org/wiki/Pet",https://i.ytimg.com/vi/LM9fZB2PHm4/maxresdefault.jpg,thumbnails/칼맛나는TV/LM9fZB2PHm4.jpg
쑤롤로그 Sulolog,UCrSg5JNn9vwAWFgAe-TXHnA,3HKfNbVk5J0,"타이베이에 가면 꼭 가야 할 곳! 4,500원에 위스키를?!","#대만 #위스키 #대만여행 #대만위스키

*鼎泰豐 新生店
https://maps.app.goo.gl/R7daHvb7y8qVtp1F8?g_st=ic

*珈品洋酒
https://maps.app.goo.gl/WbUSpZZxiuzQEcJw9?g_st=ic

*50嵐
https://maps.app.goo.gl/ptCbD44z167rGTWU8?g_st=ic

*OMAR威士忌館
https://maps.app.goo.gl/8BUEd2eD5T6iQV81A?g_st=ic

*安德斯葡式蛋撻
https://maps.app.goo.gl/tPYcvFCSWDBtjtL66?g_st=ic

*香堤大道廣場
https://maps.app.goo.gl/hAJaKUyQpt5XJyp39?g_st=ic

*雙月食品社
https://maps.app.goo.gl/M7pDfpNyQ8ePXe5R7?g_st=ic",2026-03-22T13:15:00Z,"대만,대만위스키,타이베이여행,대만리쿼샵,스태그,가품양주,오마르,버번위스키,위스키,대만여행",26,ko,PT7M40S,2d,hd,false,8947,0,0,66,public,youtube,False,False,"https://en.wikipedia.org/wiki/Food,https://en.wikipedia.org/wiki/Lifestyle_(sociology),https://en.wikipedia.org/wiki/Tourism",https://i.ytimg.com/vi/3HKfNbVk5J0/maxresdefault.jpg,thumbnails/쑤롤로그Sulolog/3HKfNbVk5J0.jpg
먹보부부 Mukbo Bubu,UCA-0BOUSHN4Y69TbP3-vhhA,L_nRsBKoCPs,집에서 즐기는 고퀄리티 연어 코스! 초밥부터 회까지 야무지게 먹기 Salmon sushi and salmon sashimi Cooking Mukbang,"안녕하세요 여러분😊

오늘은 얼마전부터 자꾸 생각나던 
연어를 한 상 가득 차려봤어요🍣
연어 1kg 사다가 먹기 좋게 회도 썰고, 
단초물 조절해서 연어초밥도 직접 만들어봤는데 
비주얼부터가 너무 만족스럽네요

입안에 넣자마자 살살 녹는 그 부드러운 맛... 
다들 아시죠? ㅎㅎ
두툼하게 썰어서 그런지 식감도 좋고, 
초밥이랑 같이 먹으니까 끝도 없이 들어가더라고요 
역시 연어는 집에서 푸짐하게 먹는 게 최고인 것 같아요😋

오늘도 영상 보시면서 함께 
힐링하는 시간 되셨으면 좋겠습니다

구독과 좋아요 잊으신거 아니죠? 
저희에게 정말 큰 힘이 된답니다
모두 모두 감사드려요 

Hello everyone😊

Today, I prepared a table full of salmon, something I've been thinking about for a while now🍣

I bought 1kg of salmon, sliced ​​it into bite-sized pieces, and even made my own salmon sushi by adjusting the vinegar dressing.

I'm already so satisfied with the visuals alone.

That soft taste that melts in your mouth the moment you put it in...

You all know what I mean, right? Haha.

Maybe because I sliced ​​it thickly, the texture is great, and eating it with the sushi made me want to keep eating endlessly.

As expected, eating salmon generously at home is the best😋

I hope you have a relaxing time watching this video today.

You haven't forgotten to subscribe and like, have you?

It really gives us a lot of strength.

Thank you all so much!

#연어회 #초밥만들기 #집밥",2026-03-26T11:25:01Z,"yt:cc=on,집밥먹방,연어손질법,연어회 만들기,연어초밥 만드는 법,회 써는 법,Sushi,Sashimi,EatingShow",22,ko,PT19M31S,2d,hd,true,9855,639,0,47,public,youtube,True,False,"https://en.wikipedia.org/wiki/Food,https://en.wikipedia.org/wiki/Lifestyle_(sociology),https://en.wikipedia.org/wiki/Pet",https://i.ytimg.com/vi/L_nRsBKoCPs/maxresdefault.jpg,thumbnails/먹보부부MukboBubu/L_nRsBKoCPs.jpg
테드베어,UCGM5x3VQFHmQj1K6kSmp8Sg,UEWTkHVpWxI,우리엄마 김치가 유명한이유 :),,2025-12-17T10:15:03Z,"테드,테드베어,먹방,스맨파,어때,강릉,강릉맛집,맛집,맛집추천,김장,김치,브이로그",22,ko,PT14M17S,2d,hd,false,9915,205,0,26,public,youtube,True,False,"https://en.wikipedia.org/wiki/Food,https://en.wikipedia.org/wiki/Lifestyle_(sociology)",https://i.ytimg.com/vi/UEWTkHVpWxI/maxresdefault.jpg,thumbnails/테드베어/UEWTkHVpWxI.jpg
착한밥상TV GoodTableTV,UCPKJ7p3024QrPHxItYIvnOQ,2kc6UhY564c,유명 감자탕집 비법 레시피,"감자탕 or 뼈해장국 레시피

돼지목뼈 1.2kg
돼지등뼈 2.1kg
월계수 3장
생강 조금(손가락 한마디 정도)
통후추 1T
배추우거지 2kg
다진마늘 1T(크게)
다진생강 조금
쌈장 2T+1T(크게)
소금 1T+1T(크게)
미원 1T(크게)
가는 고춧가루 4T(크게)
소고기시즈닝 1T(크게)

구수한 맛과 담백한 맛이 좋은 유명 감자탕집 레시피 입니다.
영상 시청하시고 설명 참고해서 만들어 보세요.
가정마다 솥의 사이즈가 다르므로 물 양은 뼈가 잠기게 넣으면 됩니다.
취향에 따라서 사리와 들깨가루를 넣으시면 됩니다.

#감자탕, #감자탕끓이는법, #감자탕레시피, #뼈해장국",2026-03-20T03:00:07Z,"감자탕,뼈다귀탕,뼈해장국,감자탕 레시피,감자탕 만들기,뼈다귀해장국,돼지뼈 요리,탕,한식,감자탕 끓이는법,korean food,cooking,감자탕 황금레시피,해장국,우거지감자탕,요리,사뎅이,뜨끈이,감자탕 끓이는 방법,뼈해장국 레시피,우거지해장국,뼈다귀해장국 레시피,감자탕 맛있게 끓이는법,뼈다귀감자탕,등뼈감자탕,해장국 레시피",24,ko,PT12M26S,2d,hd,false,9432,309,0,18,public,youtube,False,False,"https://en.wikipedia.org/wiki/Food,https://en.wikipedia.org/wiki/Lifestyle_(sociology)",https://i.ytimg.com/vi/2kc6UhY564c/maxresdefault.jpg,thumbnails/착한밥상TVGoodTableTV/2kc6UhY564c.jpg
푸드인 Foodin,UCFXigv26l81ZBaKz6RakL0A,aPunYq7u3Pg,요즘 시대 5000원에 국수와 연탄불고기까지?! 가성비갑! 국수집과 매콤함에 중독성 돋는 떡볶이 분식과 꼬치까지 맛집 BEST! / Korean food / Street food,"요즘 시대 5000원에 국수와 연탄불고기까지?! 가성비갑! 국수집과 매콤함에 중독성 돋는 떡볶이 분식과 꼬치까지 맛집 BEST! / Korean food / Street food

00:00 서남시장 바우떡볶이
17:28 너구리국수 연탄불고기
23:23 구미선산5일장 꼬치
31:33 광주 양동시장 양동순대

💡 화면 상단에서 고화질(HD or 4K)로 선택하시면 더 선명하게 보실 수 있습니다. 
💌 비즈니스 문의: foodin79@gmail.com

#국수 #연탄불고기 #떡볶이 #streetfood",2026-03-25T09:15:00Z,"food in,foodin,푸드인,Korean street food,street food,market food,Asian food,Asia food,FOOD IN,한국길거리음식,길거리음식,맛집소개,맛집,Korean food,Korean local food,Korean market food,Korean traditional food,delicious,tasty,4k,4K,yt:cc=on,대구 맛집,너구리국수,향촌동맛집,대구맛집,맛집추천,2000원국수,국수,국수맛집,가성비,가성비맛집,연탄불고기,불고기,연탄불고기맛집,서남시장,서남시장맛집,시장,시장맛집,바우떡볶이,떡볶이,떡볶이맛집,분식,분식집,오뎅맛집,오뎅,어묵,어묵맛집,튀김,고구마튀김,오징어튀김,꼬치,닭꼬치,닭똥집,양동시장,양동시장맛집,순대,양동순대,순대맛집,간,오소리,허파,돼지부속물",19,ko,PT43M28S,2d,hd,false,5532,74,0,3,public,youtube,False,False,"https://en.wikipedia.org/wiki/Food,https://en.wikipedia.org/wiki/Lifestyle_(sociology)",https://i.ytimg.com/vi/aPunYq7u3Pg/maxresdefault.jpg,thumbnails/푸드인Foodin/aPunYq7u3Pg.jpg
주제도 모르는 놈들,UCZk7hFXT_ZsCwChsYtJT-Tg,ZKpc6rBAeCc,청나라 황실 & 중국 고위 간부에게만 납품되던 '그 고량주' 중국 현지에서 직접 먹어봤습니다,"협업 문의: joomonom@gmail.com

청나라 황실 가문의 이름 '아이씬주로'
세관에서도 ""왜 당신이 이 술을 가지고 있냐""고 알아봤던 그 술
이 이름을 걸고 있는 400년 전통의 양조장에 초청 받았습니다!
먹고 마시고 자고 먹고 마시고 자는 것 밖에 안했는데...
뭘 마시고 있는지 살짝 소개해드립니다 😊

0:00 중국 본토에서 춰제끼는 워씅시
1:00 아이씬주로 탐방 소감
3:05 아이씬주로 '1호'
5:17 대청장향
7:08 사장주 22년
9:22 억빠 아니고 진짜 맛있는 아이씬주로

컷 편집, 자막 및 효과: 대라

* 지나친 음주는 암 발생의 원인이 됩니다. 청소년 음주는 성장과 뇌 발달을 저해하며, 임신 중 음주는 태아의 기형 발생이나 유산의 위험을 높입니다.

#고량주 #백주 #중국",2026-03-22T08:00:36Z,"위스키,술먹방,주모놈,주제놈,백주,고량주,아이신주로,수정방,마오타이,연태",22,ko,PT12M7S,2d,hd,false,2478,102,0,18,public,youtube,True,False,"https://en.wikipedia.org/wiki/Food,https://en.wikipedia.org/wiki/Lifestyle_(sociology)",https://i.ytimg.com/vi/ZKpc6rBAeCc/maxresdefault.jpg,thumbnails/주제도모르는놈들/ZKpc6rBAeCc.jpg
주부의 집밥 요리,UCecwU0Adb0SUQHQjxLygW-Q,4_9ult76Mzc,뱃살 쏙 빠지는 역대급 맛있는 쌈밥 야외갈때 도시락으로👍,"#상추요리 #버섯요리 #맛있는도시락 
재료 
2인분
밥 한공기 반
청상추 16장
팽이버섯 200g
양파 반개
홍피망 또는 파프리카 반개
청피망 작은것 1개
소금 반 찻술
참기름 1큰술
올리브유 조금

달래장 재료
달래 40g
고추장 4큰술
양조식초 1큰술
꿀1작은술
통깨 큰술",2026-03-18T04:28:09Z,,22,ko,PT4M48S,2d,hd,false,1270,13,0,1,public,youtube,True,False,"https://en.wikipedia.org/wiki/Food,https://en.wikipedia.org/wiki/Lifestyle_(sociology)",https://i.ytimg.com/vi/4_9ult76Mzc/maxresdefault.jpg,thumbnails/주부의집밥요리/4_9ult76Mzc.jpg
jellainkorea 젤라인코리아 ,UClN1a2dpx5J8MX2czwyWzXw,2hjDcgaXk98,바삭한 군만두를 기대하던 캐나다부모님 앞에 만두전골을 내려놓았더니..,"한국 만두를 너무 사랑하는 캐나다가족에게 만두전골을 끓여드렸더니..
재미있게 봐주세요 :)

#만두전골 #외국인만두 #외국인만두전골 #외국인한식반응 

🎵Music provided by 브금대통령",2026-03-26T08:50:57Z,"만두,비비고만두,비비고만두 외국인 반응,외국인 비비고만두 반응,만두전골,외국인 만두전골,만두전골 외국인 반응,외국인 한식 반응,한식 외국인 먹방,만두전골 레시피",22,ko,PT14M22S,2d,hd,false,158441,11380,0,519,public,youtube,False,False,"https://en.wikipedia.org/wiki/Food,https://en.wikipedia.org/wiki/Lifestyle_(sociology)",https://i.ytimg.com/vi/2hjDcgaXk98/maxresdefault.jpg,thumbnails/jellainkorea젤라인코리아/2hjDcgaXk98.jpg
"보상데이(엄마손맛,요리고수★) KOREAN K-FOOD TV",UCXxrIeCbAwSPpl8Uw_0LnOw,fEqct1Hr1ZA,"요즘 ""오이"" 이렇게 하세요! 오이소박이 보다 훨씬 맛있어요! ""오이김치"" 맛있게 담그는법,황금레시피(봄오이김치,쉬운 오이소박이) Cucumber Kimchi","✔️아래 레시피와 영상을 꼭! 비교해서 함께 보시며, 맛있게 만들어 드세요!
✔️Please compare the recipe below with the video, and enjoy it!

✅ 더 다양한 ""집밥 영상""이 궁금하시다면? (아래 링크 클릭!) 
( If you're curious about more diverse videos? Click the link below! )
https://www.youtube.com/playlist?list=PLlZAwORY9jjJHcrkh-jKo4WE1c4Kuft-B

✔️""오이김치""진짜~꿀팁 레시피!(오이소박이 맛이 나는 오이김치)
(한식집밥 40여년 경력,엄마의 손맛 비법)

✅""오이소박이""대신에 이렇게 담그세요!
오이로 하는 반찬중에 제일 맛있어요! 입맛이 확~사는!""오이""이렇게 하세요!

오이 10개
오이를 깨끗이 세척해 준비
양끝 제거후 세로로 길게 반을 갈라주세요
영상처럼 세로로 길게 4등분후 씨를 제거후 4등분으로 썰기
(씨를 제거하면 식감이 더 아삭해요)

천일염 4스푼 넣어 버무려 주세요
물 2컵 부어서 잘 섞어주세요
절이는 중간에 2~3번 섞어 뒤집어 주세요(총 30~40분간 절입니다)

※오늘의 꿀팁!(무우를 채썰어 넣어주세요, 맛이 더 시원해져요)
무우150g, 3cm길이로 채 썰어주세요

큰양파1/2개, 부추150g, 쪽파 약간, 3cm길이로 썰어주세요

절여진 오이에 그대로 물을 부어 헹굽니다
헹군후 채에 받쳐 물기를  빼주세요

-양념 만들기-(오이의 물기가 제거되는 동안 양념 만들기)
고추가루7~8스푼,새우젓2스푼,멸치액젓4스푼,메실청4스푼,
다진마늘3스푼,생강청1작은술을 잘 섞어주세요

썰어 놓은 야채들 다 넣고 잘 섞어주세요
(버무리다 보면 야채에서 수분이 나와요)
촉촉히 물기가 생겼을때 오이를 넣고 버무리기(가볍게 버무려 주세요)

취향껏 원당 또는 설탕 추가해 단맛 조절
(저희는 원당1스푼과 배1/4개도 갈아 넣었어요)

통에 옮겨 담고 취향껏 숙성해 냉장보관

맛있게 만들어 드세요. 감사합니다!
(구독,좋아요,댓글,알림설정은 영상제작에 많은 도움이 됩니다.)

✅양념,재료 계량 기준: 
일반 종이컵 200ml
1컵(Cup)= 200ml 
일반 밥수저
큰술: 15ml
작은술: 5ml

(✔️ 모든 야채,식재료는 깨끗하게 씻어서 준비합니다.)

✅""보상데이 유튜브"" 영상제작비 후원하기
(후원계좌 302-1120-3322-11 농협 이정*)
✅ 영상 아래쪽, 쿠팡 제품 링크중 아무 제품이나 눌러 쿠팡으로 이동후, 
필요하신 제품을 평상시 처럼 쿠팡에서 주문하듯이 구매하시면 
수수료로 인하여, 채널 영상제작에 도움이 됩니다.
✅""보상데이 유튜브"" 영상제작비 후원하기(아주 저렴한~월 회원가입)
✔링크클릭: https://www.youtube.com/channel/UCXxrIeCbAwSPpl8Uw_0LnOw/join
✔그리고 댓글 쓰실때, 보상데이에게 후원 할 수 있는 
기능(♡Thanks$) 이 생겼습니다.
여러분의 후원으로 인해 더 다양한 재료를 이용해 
맛있는 음식을 선보이겠습니다.감사합니다~!😍
✅There is a function Thanks button that can be sponsored in the comments.And the membership function of the channel was created.
Thanks to your support, we will present delicious food using more diverse ingredients.Thank you.😍

✅해외에서 오신분들은 댓글을 보시면 외국어 레시피를 보실수 있습니다!
(If you're from abroad, you can see foreign language recipes in the comments!)

✅비즈니스,협찬,광고 문의 이메일  : partkor7@gmail.com

🚫비방하는 악의적, 모욕적인 댓글은 사전 고지없이 
차단되거나 삭제될 수 있습니다.
(Malicious or offensive comments that slander may 
be blocked or deleted without prior notice.)

🚫저희 유튜브 채널의 모든 영상은 ""보상세상""에서 제작하였으며, 
저작권법의 보호를 받고 있습니다.이 영상과 레시피를 무단 도용하거나 
재편집 및 업로드 하는 것을 금지합니다.(All rights reserved)

#오이김치황금레시피 #오이소박이맛있게담그는법 #오이김치담그는법
#오이요리 #오이소박이담그는법 #반찬레시피추천 #요리레시피",2026-03-16T09:05:17Z,"요리레시피,반찬만들기,요리,집밥,음식레시피,한식레시피,반찬레시피,요리연구가,엄마의손맛,집밥레시피,한식,반찬,먹방,korean food,k food,cooking,recipes,오이소박이 맛있게 담그는법,오이소박이 맛있게 만드는법,오이김치 맛있게 담그는법,부추오이김치 담그는법,봄오이김치 레시피,오이소박이 황금레시피,오이김치 담그는법,오이김치 맛있게 만드는법,오이김치 황금레시피,오이김치 레시피,오이소박이 레시피,오이 반찬 레시피,오이 요리,오이 반찬 추천,오이 요리법,오이김치 양념 레시피,오이소박이 양념 레시피,봄오이,반찬레시피 추천,밑반찬 레시피 추천",26,ko,PT4M37S,2d,hd,false,268446,3059,0,63,public,youtube,True,False,"https://en.wikipedia.org/wiki/Food,https://en.wikipedia.org/wiki/Lifestyle_(sociology)",https://i.ytimg.com/vi/fEqct1Hr1ZA/maxresdefault.jpg,thumbnails/보상데이엄마손맛요리고수KOREANK-FOODTV/fEqct1Hr1ZA.jpg
장사반장,UCabbKaSrhHPblkH23JfdV_g,KWuZoLedhI8,8년 내내 사기당하고 뺏겼습니다...사기와 압류 끝에 지켜낸 마지막 4평 가게 ㅣ 아가서울 1부,"▶ '장사반장'의 정체가 궁금하다면!? 네이버 검색창에 '임형재' 또는 '엠브로컴퍼니' 검색~🍀

“성실함이 고통이었던 적은 처음이에요..”

37세, 8년 차 청년 사장님.
누구보다 정직하게 땀 흘렸고, 덕트 청소, 배달일 까지 하며 버텨온 세월.
하지만 돌아온 건 배신과 상처, 그리고 텅 빈 통장이었습니다.

사장님 가족의 마지막 보루, '아가서울'
이름에 담긴 눈물과, 제발 아무 일도 없기를 바랐던 간절한 시작.

이번 영상은 사기 오해와 폐업의 위기 속에서도 부모님을 위해 다시 일어서려는
사장님의 지난 8년의 기록을 함께 따라가 봅니다.

매출 잡는 전문 수사팀, 장사반장😎
긴급출동~~~🚨 
#자영업자 #자영업 #자영업현실 #휴먼다큐 #아가서울

[ 타임라인 ]

00:00 [하이라이트]
00:41 [인트로]
01:04 [가게 오픈]
01:44 [현재 가게 상황]
02:43 [꿈 대신 주방을 선택해야 했던 이유]
03:45 [늘 미안한 마음, 어머니와 함께하는 4평 공간]
04:51 [김밥대장님을 부르고 싶어요]
05:24 [왜 김밥을?]
06:46 [바닥에서 시작해 일궈낸 첫번째 기적]
08:01 [점심장사 개시]
09:49 [""한순간에 사기꾼이 되어버렸습니다""]
13:33 [가족을 위해 버텼지만,  또 다시 무너진...]
17:01 [ '아가서울' 브레이크 타임]
18:16 [밤에 더 아름다운 '아가서울']
19:56 [제발 아무일도 없기를...'아가서울'의 시작]
20:30 [가격을 싸게 책정한 이유]
21:31 [여기는 우리 가족의 마지막 보루입니다...]
22:56 [솔루션을 신청할 수밖에 없었던 사연]
24:26 [살면서 처음이에요...]
26:06 [차라리 혼이라도 나고 싶었어요...]
27:15 [대한민국 모든 자영업자 사장님을 응원합니다]

▶ 아가서울
🔸주소 : 서울 강서구 등촌동 654-16
🔸연락처 : 0507-1447-0969
🔸영업시간 :  월~금 10:00~24:00 (일요일 정기휴무)
                               토 10:00~15:00

▶ '장사반장'의 정체가 궁금하다면!? 
 🔸네이버 검색창에 '임형재' 또는 '엠브로컴퍼니' 검색~🍀
 🔸인스타그램 : https://www.instagram.com/sale0410/
 🔸출연 및 광고 문의 : gyuls_eem@naver.com
 🔸출연 신청서 작성 https://forms.gle/5aKXEVjYgFhnHUHH9

🔅 본 솔루션은 무료 진행되는 '소상공인 지원 활동'입니다🔅",2026-02-27T10:48:05Z,"장사반장,임형재,장사,30대자영업자,휴먼스토리,자영업,자영업자,창업,사장,외식,초보창업자,폐업,휴먼다큐,다큐,자영업현실,이야기,사연,가족",22,ko,PT28M1S,2d,hd,false,1448,47,0,26,public,youtube,True,False,https://en.wikipedia.org/wiki/Food,https://i.ytimg.com/vi/KWuZoLedhI8/maxresdefault.jpg,thumbnails/장사반장/KWuZoLedhI8.jpg
테드베어,UCGM5x3VQFHmQj1K6kSmp8Sg,mln2a2fYxDE,보고싶었어요💪🏾🤭,"약손명가 올리밴드 : https://yaksonhealthcare.com/ollilira
약손명가 SNS : https://www.instagram.com/yaksonhc_official/",2025-11-26T09:01:23Z,"테드,어때,테드베어,약손명가,올리리라,올리밴드,올리패치,피부관리,탄력관리,EMS,마닐라,맛집,리프팅,남자피부",22,ko,PT17M35S,2d,hd,false,8584,244,0,39,public,youtube,True,False,"https://en.wikipedia.org/wiki/Health,https://en.wikipedia.org/wiki/Lifestyle_(sociology)",https://i.ytimg.com/vi/mln2a2fYxDE/maxresdefault.jpg,thumbnails/테드베어/mln2a2fYxDE.jpg
먹보부부 Mukbo Bubu,UCA-0BOUSHN4Y69TbP3-vhhA,dj3WbLKW4ig,치킨 한 마리 가격으로 통다리 산더미! 가성비 터지는 수제 통다리 치킨 먹방 Whole leg fried chicken Cooking&Mukbang,"안녕하세요 여러분😊

오늘은 갑자기 통다리 치킨이 너무 당겨서 집에서 직접 튀겨봤어요🍗
다리가 큼직해서 여러 번 나눠 튀기느라 시간은 좀 걸렸지만, 갓 튀겨져 나온 비주얼 보니까 기분이 너무 좋아지는 거 있죠?

속까지 잘 익었을까 살짝 걱정했는데, 한 입 베어 무니까 육즙이 장난 아니더라고요. 역시 튀긴 건 집에서 바로 먹는 게 제일 맛있는거 같아요

여기에 쫀득한 치즈볼까지 곁들였더니 정말 세상 부러울 게 없었답니다
바삭바삭 소리까지 맛있는 치킨 먹방, 영상으로 재밌게 봐주세요

오늘도 소중한 발걸음 진심으로 감사드리구요 ❤️
구독과 좋아요는 저희에게 정말 큰 힘이 됩니다

Hello everyone😊

Today, I suddenly had a strong craving for whole chicken legs, so I tried frying them myself at home🍗

Since the legs were quite large, it took a little time to fry them in batches, but seeing the freshly fried visuals just made me feel so happy, you know?

I was a little worried about whether they were cooked all the way through, but when I took a bite, the juices were incredible. As expected, fried food tastes best when eaten right at home.

Adding some chewy cheese balls to the mix made me feel like I had absolutely nothing to envy in the world.

Please enjoy the video of this chicken mukbang, where even the crispy sound is delicious.

Thank you so much for your valuable support today ❤️

Subscribing and liking gives us a huge boost of strength.

#통다리치킨 #치즈볼 #치킨만들기 #후라이드치킨",2026-03-19T11:25:01Z,"yt:cc=on,튀김먹방,닭다리튀김,통다리튀김,장각튀김,후라이드치킨,닭튀김만드는법,치킨만드는법,FriedChicken,CheeseBalls",22,ko,PT19M53S,2d,hd,true,13621,938,0,76,public,youtube,True,False,"https://en.wikipedia.org/wiki/Food,https://en.wikipedia.org/wiki/Lifestyle_(sociology)",https://i.ytimg.com/vi/dj3WbLKW4ig/maxresdefault.jpg,thumbnails/먹보부부MukboBubu/dj3WbLKW4ig.jpg
착한밥상TV GoodTableTV,UCPKJ7p3024QrPHxItYIvnOQ,2BS-eD-y3fg,"비싼 고기집 안 가고 이거 하나 사서 실컷 드세요, 누구나 쉽게 먹을수 있는 한우갈비살 손질, 보관 방법","#갈비살, #소갈비살, #소갈비, #갈비, #한우",2026-03-08T06:15:01Z,"갈비살,갈비살 손질,소갈비,소갈비살,한우,갈비 손질,집에서 소갈비,소갈비살 손질 방법,소갈비살 손질,갈비,한우갈비,한우갈비살,갈빗살,늑간살,갈비살 손질하는 방법,갈비살 손질법,소고기",24,ko,PT8M7S,2d,hd,false,972,29,0,3,public,youtube,False,False,"https://en.wikipedia.org/wiki/Food,https://en.wikipedia.org/wiki/Lifestyle_(sociology)",https://i.ytimg.com/vi/2BS-eD-y3fg/maxresdefault.jpg,thumbnails/착한밥상TVGoodTableTV/2BS-eD-y3fg.jpg
BenDeen,UC9d1Mz9bzCE-t_t0lPnrjPA,Xnw0VCdFYww,Cheese Filled Fried Chicken,,2026-03-26T19:00:00Z,"bendeen,ben deen,mukbang,muckbang,eating show,asmr,food,eat with me,korea,korean",22,en,PT6M16S,2d,hd,false,42402,2367,0,239,public,youtube,True,False,"https://en.wikipedia.org/wiki/Food,https://en.wikipedia.org/wiki/Lifestyle_(sociology)",https://i.ytimg.com/vi/Xnw0VCdFYww/maxresdefault.jpg,thumbnails/BenDeen/Xnw0VCdFYww.jpg
챔프형님,UC0i4Dv5c6u_hvwl_NV89zzQ,a_mBNC1JR1o,"카페 기본 메뉴, 요거트 스무디 제대로 만드는 법(이거 하나만 잘해도 매출오릅니다)","카페 메뉴에서 빠지지 않는 기본 음료,
요거트 스무디 레시피입니다.

요거트 스무디는 단순해 보이지만
비율 하나로 맛, 식감, 재구매율이 완전히 달라지는 메뉴입니다.

이번 영상에서는
카페에서 바로 사용할 수 있는
요거트 스무디 기본 황금비율을 정리해드립니다.

👉 객단가 상승 + 재구매율 확보에 좋은 메뉴입니다.

특히 배달 메뉴로도 안정적이라
카페 운영하시는 분들이라면
기본으로 가져가야 하는 메뉴 중 하나입니다.

💬 여러분, 듣고싶은 레시피나 궁금한 레시피가 있으신가요?
댓글에 남겨주시면 반영해서 제작하겠습니다.

—

👇 원두 납품 & 메뉴 컨설팅 문의 👇
http://champspace.kr

✔ Contact
1️⃣ Instagram : @kangchamp.kr
2️⃣ Store : https://smartstore.naver.com/champspace
3️⃣ E-Mail : champspace@naver.com

—

제작 : 강민서, 브이유컴퍼니, 스튜디오넥스트
영상 저작권 : 챔프스페이스 커피로스터스
저작자와의 협의 및 동의가 없는 영상 사용을 금합니다.

—

#카페레시피 #요거트스무디 #카페메뉴 #카페사장님 #배달메뉴 #카페운영 #신메뉴 #카페창업 #챔프형님",2026-03-25T09:23:54Z,,22,ko,PT12M24S,2d,hd,false,1562,59,0,8,public,youtube,True,False,https://en.wikipedia.org/wiki/Food,https://i.ytimg.com/vi/a_mBNC1JR1o/maxresdefault.jpg,thumbnails/챔프형님/a_mBNC1JR1o.jpg
#품바매니아장털보TV,UCkhq-erzYr-Ki_OZUuNYaSA,7m-N0yvIHJM,#아미새품바 #트로트 #뽕짝메들리 #뽕짝 #뽕짝트롯트 #가요메들리 #미스터트롯 #트롯트 #뽕짝 가요#트롯퀸 #미스터뽕짝 #미스터가요 #트롯트가요 #트롯산책 #품바매니아장털보TV,#아미새품바 #소요산입구 #뽕짝트롯트 #뽕짝메들리 #트로트뽕짝 #미스터뽕짝 #미스터트롯트 #미스터트롯트 #미스터가요 #트롯트가요 #트롯퀸 #각설이장털보 #장털보티비 #품바매니아장털보TV #장털보TV,2026-03-22T14:46:05Z,,24,ko,PT33M27S,2d,hd,false,144,4,0,1,public,youtube,False,False,"https://en.wikipedia.org/wiki/Music,https://en.wikipedia.org/wiki/Music_of_Asia",https://i.ytimg.com/vi/7m-N0yvIHJM/maxresdefault.jpg,thumbnails/품바매니아장털보TV/7m-N0yvIHJM.jpg
팔도 공식 채널,UCHE3u5tV5WPyYG6QzIRNwSQ,zjbf6Qw5Jt4,"[왕뚜껑 X FAKER] '페이커'도 웃게 한 맛, 만능 페어링 왕뚜껑 국물라볶이🍜","큰 용기가 있기에, 더 큰 놀라움이 담긴다.
그래서 나왔습니다!!

팔도 왕뚜껑 국물라볶이🍜

치즈, 계란, 소시지, 만두, 삼각김밥
아무거나 다 잘어울리는 만능 페어링으로
왕뚜껑 라볶이는 질리지 않거든?

대상혁도 웃게 한 맛,,
왕뚜껑 국물라볶이 드셔 보실래요?

뚜껑에 덜어먹는~ 팔도 왕뚜껑~ 국물라볶이~🎵",2026-03-09T08:01:05Z,"팔도,paldo,왕뚜껑,팔도왕뚜껑,페이커,왕뚜껑모델,왕뚜껑페이커,페이커왕뚜껑,왕뚜껑국물라볶이,팔도라볶이,왕뚜껑라볶이,페이커라볶이",24,ko,PT22S,2d,hd,false,2469301,763,0,145,public,youtube,True,False,https://en.wikipedia.org/wiki/Food,https://i.ytimg.com/vi/zjbf6Qw5Jt4/maxresdefault.jpg,thumbnails/팔도공식채널/zjbf6Qw5Jt4.jpg
한국 맥도날드,UCh-PIUDPlZkXnwU5zgX_oAw,C-kmTzX-wcM,"당신을 위해 방금 만든 맛있는 버거, JUST MADE FOR YOU(30’s)","🤔가장 맛있는 버거는?
🙋🏻‍♀️방금 만든 맥도날드 버거!

더 맛있는 버거를 위한 맥도날드의 노력!

✔️주문 즉시 제품을 만들기 시작하는 Made for you 시스템으로 맛과 품질을 지키고
✔️ 버거의 맛과 퀄리티를 책임지는 그릴 마스터가 빈틈 없이 완성도를 체크하고 있습니다

정말 맛있는 버거를 위한 맥도날드의 진심과 노력을
방금 만든 버거로 직접 경험하세요💛

#맥도날드 #가장맛있는버거 #JustMadeForYou",2026-03-26T00:08:49Z,,24,ko,PT30S,2d,hd,true,3191222,29,0,0,public,youtube,True,False,https://en.wikipedia.org/wiki/Food,https://i.ytimg.com/vi/C-kmTzX-wcM/maxresdefault.jpg,thumbnails/한국맥도날드/C-kmTzX-wcM.jpg
Hanh Nhan Channel( ẩm thực và đời sống CANADA),UCNI1my2ptSUdJvSEqxWYAXw,CXRnk8OdQeM,"BÁNH BỘT LỌC CẤP TỐC LÀM BẰNG BÁNH TRÁNG, DẺO DAI NGON",,2026-03-21T02:30:38Z,,22,vi,PT10M57S,2d,hd,false,2418,129,0,87,public,youtube,True,False,"https://en.wikipedia.org/wiki/Food,https://en.wikipedia.org/wiki/Lifestyle_(sociology)",https://i.ytimg.com/vi/CXRnk8OdQeM/maxresdefault.jpg,thumbnails/HanhNhanChannelẩmthựcvàđờisốngCANADA/CXRnk8OdQeM.jpg
쏘대장,UCrktsSopGh4xCdK1WrIKG8g,BJ7Ej2OhagE,진짜 오리가 사는 카페ㅣ강릉 디코이덕,"강릉에 오리 카페가 있다고 해서 친구들과 다녀왔습니다🥰

비지니스 문의: creators@iambrand.co.kr",2026-03-15T08:04:43Z,"쏘대장,옌룡,스냅주스,강릉,오리카페,디코이덕,콜덕,흑조,흑고니,미꾸라지먹이체험,오리사료체험,길감자,이색카페,데이트카페,강릉 동물원",22,ko,PT12M13S,2d,hd,false,14754,517,0,53,public,youtube,True,False,"https://en.wikipedia.org/wiki/Hobby,https://en.wikipedia.org/wiki/Lifestyle_(sociology)",https://i.ytimg.com/vi/BJ7Ej2OhagE/maxresdefault.jpg,thumbnails/쏘대장/BJ7Ej2OhagE.jpg
고태후니,UCydpPyWKFJi3ljDX-4coz7Q,Wa1WJ6wTtrc,극한의 J 친구와 시간표 바꿔 하루살기ㅋㅋㅋ 영하 12도에서 러닝,"성희야 대체 어떤 하루를 보내는거야..?
삼겹살에 쏘주도 한잔 하고 그러자

00:00 인트로 & 시간표 확인
06:02 기상 후 공복유산소
08:36 샤워
09:21 브런치 카페에서 식사
14:09 전시 감상
16:24 쇼핑 타임
17:59 네일 아트
22:37 저녁 만들어 먹기
26:55 과일 먹으며 TV 시청
29:18 인스타 업로드
31:26 독서와 함께 잘 준비

------------------------------------------------------------------------------------------
웃소 https://www.youtube.com/c/Wootso
인스타그램 https://www.instagram.com/tae_hoonhoon/
비즈니스 문의 taehoon@wootso.com",2026-02-16T10:00:47Z,"웃소,웃소 태훈,고태후니,고태훈,피글로그,웃소 하루바꾸기,웃소 하루살기,고태후니 피글로그 바꾸기,고태후니 일상바꾸기,성희 소정 바꾸기,태훈 성희 바꾸기,고태후니 하루살기,웃소 태훈 성희,피글로그 하루살기,웃소 하루살기,성희 웃소,웃소 성희,웃소 태훈 성희,웃소 하루바꾸기,웃소 성격 바꾸기,하루살기,웃소 성격 따라하기,웃소 자식으로 살기,웃소 한발뛰기,웃소 옷장바꿔 생각해봐,피글로그 하루살기,웃소 하루,웃소 부산,웃소 성격,웃소 바꾸기,웃소 간식,고태후니 하루살기,태훈으로 하루살기,웃소 소정",24,ko,PT33M30S,2d,hd,false,182980,3630,0,231,public,youtube,True,False,"https://en.wikipedia.org/wiki/Food,https://en.wikipedia.org/wiki/Lifestyle_(sociology)",https://i.ytimg.com/vi/Wa1WJ6wTtrc/maxresdefault.jpg,thumbnails/고태후니/Wa1WJ6wTtrc.jpg
롯데웰푸드 모락모락,UCpvT-53Ki7d9Z0PWKC6fGOA,xVi2p0r1cKw,직장인 유튜버 딸을 위해 아빠가 꺼낸 조회수 떡상템ㅣ오늘 뭐 해먹지 EP.5 l #요리킥_만능소스,"실버 버튼이 목표라며 유튜브를 시작한 우리 딸
직장인 컨셉을 살려 밀프랩이다 뭐다 하는데, 아직 한참 멀어 보인다.
요리킥 만능 소스로 만든 밀프랩 레시피 영상을 올렸을 뿐인데, 이걸로 협업 제안이 온다고?

#요리킥 #만능소스 #만능간장양념 #만능고추장양념 #양념 #소스
#밀프랩 #도시락 #점심 #직장인 #유튜버 #먹방 #먹방투어
#롯데웰푸드 #오늘뭐해먹지",2026-01-26T06:00:49Z,,24,ko,PT5M5S,2d,hd,false,72932,37,0,42,public,youtube,True,False,"https://en.wikipedia.org/wiki/Food,https://en.wikipedia.org/wiki/Lifestyle_(sociology)",https://i.ytimg.com/vi/xVi2p0r1cKw/maxresdefault.jpg,thumbnails/롯데웰푸드모락모락/xVi2p0r1cKw.jpg
JUN PARK,UCZSH766U432soepRciQvd3A,Aya4XixmxIM,트롯트의맛  / 동백아가씨 / 방랑시인김삿갓 / 눈물의연평도 / 할미꽃사연 / 처녀뱃사공/가버린영아,"안녕하세요~변함없는격려와  응원해주심에 깊은감사드림니다~
아름답고 행복가득한 나날되십시요~",2026-03-28T03:00:14Z,,22,ko,PT17M6S,2d,hd,false,9,3,0,1,public,youtube,True,False,"https://en.wikipedia.org/wiki/Music,https://en.wikipedia.org/wiki/Music_of_Asia",https://i.ytimg.com/vi/Aya4XixmxIM/maxresdefault.jpg,thumbnails/JUNPARK/Aya4XixmxIM.jpg
세컨맛집 Second_Matzip / HyewonLee,UCqsgN2Q4cL6k39UX0Cyll1A,uTqcHeO9Hak,M5 맥북에어 언박싱 🤗,,2026-03-12T00:18:14Z,"#세컨맛집,라이브스트리밍",24,ko,PT28M30S,2d,hd,false,1754,18,0,4,public,youtube,True,False,"https://en.wikipedia.org/wiki/Lifestyle_(sociology),https://en.wikipedia.org/wiki/Technology",https://i.ytimg.com/vi/uTqcHeO9Hak/maxresdefault.jpg,thumbnails/세컨맛집Second_MatzipHyewonLee/uTqcHeO9Hak.jpg
참살이자연집밥,UCPo2CGTk0Ydw4UJEAAUY5dQ,YhMOlW2VifM,[실패없는찰밥래시피]방앗간 찰밥보다 맛있다고 소문난~고슬고슬 찰밥👍👍,#찰밥#찰밥만들기#찰밥하는법#찰밥비율#고슬고슬찰밥#정월대보름#팥밥#,2026-02-27T07:10:19Z,"삶은팥,찰밥,팥밥,설탕,소금,전기압력밥솥,약밤,한식요리,집밥,K-food",26,ko,PT2M17S,2d,hd,false,1466,8,0,3,public,youtube,True,False,"https://en.wikipedia.org/wiki/Food,https://en.wikipedia.org/wiki/Lifestyle_(sociology)",https://i.ytimg.com/vi/YhMOlW2VifM/maxresdefault.jpg,thumbnails/참살이자연집밥/YhMOlW2VifM.jpg
버거킹,UCEKRI0fipK4LEgV98nI2CQA,SQ4tWNjYM-0,[버거킹] 새로워진 크리스퍼 Coming soon,"새로워진 크리스퍼로
버거킹이 다소 시끄러워질 수 있음
 
Coming soon
26.01.29
 
#버거킹 #BURGERKING #크리스퍼 #노윤서",2026-01-26T00:00:16Z,,24,ko,PT16S,2d,hd,false,3249627,44,0,5,public,youtube,True,False,https://en.wikipedia.org/wiki/Food,https://i.ytimg.com/vi/SQ4tWNjYM-0/maxresdefault.jpg,thumbnails/버거킹/SQ4tWNjYM-0.jpg
마이뮤지엄,UCtp-eyUmR_qCqmB6AKDd1GA,1HnSqJBvqWM,"이상훈 토이뮤지엄, 인천에서 더 근사해졌다","이상훈 토이뮤지엄
인천 서구 건지로 90 1층


고객 여러분의 취미까지 생각하는 마이뮤지엄 장식장입니다.
기타 궁금한 사항은 문의 주세요.
마이뮤지엄 031-938-3177
http://www.mymuseum.kr
#마이뮤지엄 #장식장 #진열장",2026-02-02T02:00:01Z,"최민기,마이뮤지엄,레고장식장,피규어장식장,진열장,마뮤,마뮤티비,레고,피규어,키덜트",24,ko,PT9M49S,2d,hd,false,7256,0,0,10,public,youtube,True,False,"https://en.wikipedia.org/wiki/Hobby,https://en.wikipedia.org/wiki/Lifestyle_(sociology)",https://i.ytimg.com/vi/1HnSqJBvqWM/hqdefault.jpg,thumbnails/마이뮤지엄/1HnSqJBvqWM.jpg
58청춘 [58YH],UCXwGJ6ycKvNkUb8vmVrb1_w,aWJTv8U-1HA,태풍에 잠긴 미얀마 교회… 그래도 예배는 멈추지 않았습니다,"#미얀마 #양곤교회 #침수교회 #추수감사절예배 #58청춘

버스에서 우연히 만난 젊은 목사님의 초대로 양곤 외곽에 있는 작은 교회를 방문했습니다. 

그러나 미얀마를 덮친 태풍으로 교회 입구와 1층이 모두 물에 잠긴 상태였습니다. 
그럼에도 불구하고 예배당이 있는 2층에서 교인들은 추수감사절 예배를 드리고 있었습니다. 

교인 대부분이 친인척으로 이루어진 작은 개척교회였습니다. 
어려운 환경 속에서도 믿음을 지키며 예배를 드리는 모습이 마음에 깊이 남았습니다.

이 작은 교회가 언젠가 자립할 수 있도록 누군가의 따뜻한 도움이 이어지기를 바라봅니다. 

과연 이 교회에도 기적 같은 일이 일어날 수 있을까요?

교회명 (Church name)
Able Life Worship Center

목사님 : Mr. Suan Cin Hau
Mobile NO: - 9109429132728

Address:
88/A, (12) Ward, Bago Road, Hlaingthayar Tsp., Yangon, Myanmar.

매달 도움을 주시면 미얀마  목사님에게 전달하겠습니다. 
(미얀마 목사님에게 카카오뱅크 계좌 개설을 하라고 알려 드렸습니다만 시간이 걸리네요)
목사님은 웨스트 유니온 뱅크을 사용한다는데  우리에겐 익숙치 않아서요...
그래서 아래 계좌로 후원해 주시면 제가 유니온 뱅크로 송금하겠습니다.
카카오뱅크 3333-05-9445729 이철수",2026-03-20T10:00:02Z,"#길거리음식,#streetfood,koreanfood,한국음식,tteokbokki,asianfood,kimbap,Pork feet,pork belly,Bulgogi,Hotteok,कोरियाई भोजन,सड़क का भोजन,món ăn hàn quốc,thức ăn đường phố,Корейская еда,уличная забегаловка,К-еда,Koreanisches Essen,Straßenessen,K-Food,k-thực phẩm,comida coreana,comida de la calle,k-comida,کورین کھانا,گلی کا کھانا,k-کھانا,makanan Korea,makanan jalanan,k-makanan,韓国料理,ストリートフード,อาหารเกาหลี,은퇴자,여행,배낭여행,음식여행,부부여행,시니어배낭여행,호화여행,기차여행,대한민국구석구석,5일장,5일장터,전통시장,재래시장,시장구경",19,ko,PT32M,2d,hd,false,1375,58,0,25,public,youtube,True,False,"https://en.wikipedia.org/wiki/Religion,https://en.wikipedia.org/wiki/Society",https://i.ytimg.com/vi/aWJTv8U-1HA/maxresdefault.jpg,thumbnails/58청춘58YH/aWJTv8U-1HA.jpg
Food KT,UCURWD7-9HZmZYZ0K3Vk00Jg,droOI-WeyTI,"12kg 대왕 문어 달인 부터 대만 치킨 스프 ,노부부 달인 까지 Asian Street Food","00:00 12kg 대왕 문어 달인 전문점 달인 Giant Octopus Master

08:02 승승장구 해운대 시장을 평정한 회 썰기 달인 전설의 칼잡이 Amazing Fish Cutting master

34:29 연탄 아궁이 난로 대만 치킨 스프, 노부부 달인 Chicken Soup Master 

40:30  대만 양념 돼지 갈비 칼잡이 고기 핫도그 빵 Taiwanese Grilled Pork Hot dog Master

46:31  방콕에서 유명한 레인보우 크라페 Famous Thailand Rainbow Crape 

47:47  대만 전통 진빵 달인 Traditional steamed bread making skills

49:10  줄서서 먹는 대만 아침 계란전 단빙 Famous Taiwan Egg Pancake

50:34 43년 경력 수제 어묵 최강 달인 43 years of experience A master at making fish cakes",2026-02-01T11:01:03Z,,22,ko,PT1H1M10S,2d,hd,false,2601,41,0,0,public,youtube,True,False,"https://en.wikipedia.org/wiki/Food,https://en.wikipedia.org/wiki/Lifestyle_(sociology)",https://i.ytimg.com/vi/droOI-WeyTI/maxresdefault.jpg,thumbnails/FoodKT/droOI-WeyTI.jpg
설당먹 SUGARMUK,UCm1-w59_3Ksj5jqAkx-ebnA,O0gZpfCc-2w,탄수화물 먹방 브이로그,"https://www.instagram.com/sugarmuckk/


#먹방브이로그 #브이로그 #디저트 #다이어트 #다이어트브이로그 #vlog",2026-02-13T04:30:21Z,"먹방,먹방 브이로그,브이로그,다이어트,다이어트 브이로그,Vlog,Mukbang,일상 브이로그,크리스마스,Christmas vlog,디저트 먹방,빵 먹방",22,ko,PT10M58S,2d,hd,false,24695,452,0,201,public,youtube,True,False,"https://en.wikipedia.org/wiki/Food,https://en.wikipedia.org/wiki/Lifestyle_(sociology)",https://i.ytimg.com/vi/O0gZpfCc-2w/maxresdefault.jpg,thumbnails/설당먹SUGARMUK/O0gZpfCc-2w.jpg
칼맛나는TV,UCPZaUnhJWtirm_erLyRaiag,-xUd1ZzvdVM,"""홍감팽"" 회,탕,구이 스페셜로 맛보세요~👍",백번의 말보다 콕 한번 드셔보시길 바랍니다.,2026-03-22T11:29:32Z,,22,ko,PT16M45S,2d,hd,false,4075,126,0,47,public,youtube,True,False,"https://en.wikipedia.org/wiki/Food,https://en.wikipedia.org/wiki/Lifestyle_(sociology),https://en.wikipedia.org/wiki/Pet",https://i.ytimg.com/vi/-xUd1ZzvdVM/maxresdefault.jpg,thumbnails/칼맛나는TV/-xUd1ZzvdVM.jpg
잡식맨 JOBXICMAN,UCVILvX9vIp-vMFGmCYJtG3A,ccaBdiCSkQE,현시점 가장 웨이팅 긴 중식당 가봤습니다 (feat. 짜장 짬뽕 밀키트 리뷰),"🔹철가방요리사 임태훈셰프의 짜장면/짬뽕 ""최저가"" 링크 : https://what-a-drop.com/product/detail.html?product_no=17
🔹한정 기간 : 3/25(수)~3/31(화) 

📢도량 밀키트 매진으로 인한 예약 판매 안내📢
현재 도량 밀키트 프로모션 물량이 3일 만에 전량 매진되어 부득이하게 
3/27 금요일 19:00 현 시간부로 남은 기간까지(~3/31 화요일) 구매 건은 4/2 목요일부터 순차 출고될 예정입니다.  

다시 한번 뜨거운 관심과 화력을 보여주신 구독자분들께 진심으로 감사드리며, 
최대한 빨리 배송될 수 있도록 최선을 다하겠습니다.

어디서도 볼 수 없는 단독 최저가! 어떤 구성을 선택하셔도 1인분 5,000원대라는 매력적인 가격에 구매하실 수 있습니다. 
짜장+짬뽕 섞인 구성도 최초로 만들어주셨다고 합니다

① [여기서만 구매 가능한 구성] 짜장면 1개+짬뽕 1개 23,550원(총 4인분) 
② [단독 최저가/1인분당 5천원대] 짜장면 3개 30,450원(총 6인분) / 짬뽕 3개 35,490원(총 6인분) 


육식맨(홈쿠킹&푸드트립) : https://www.youtube.com/@YOOXICMAN
잡식맨(일상&라이브&쇼츠) : https://www.youtube.com/@JOBXICMAN
인스타그램 : https://www.instagram.com/yooxicman/",2026-03-25T09:01:00Z,"육식맨,잡식맨,YOOXICMAN,JOBXICMAN,도량,철가방요리사,흑백요리사,중식당,중화요리,중국집,임태훈,짜장면,짜장,짬뽕",24,ko,PT18M55S,2d,hd,false,300843,3310,0,317,public,youtube,True,False,"https://en.wikipedia.org/wiki/Food,https://en.wikipedia.org/wiki/Lifestyle_(sociology)",https://i.ytimg.com/vi/ccaBdiCSkQE/maxresdefault.jpg,thumbnails/잡식맨JOBXICMAN/ccaBdiCSkQE.jpg
Emily in Korea,UCQZ0QEGFyXr_-0kEoLfeVjA,NRw7e8wjC74,"So You Bathe, Then Feast? Is this really a Thing","본 영상의 배경음악은 KineMaster 애셋 스토어에서 제공하는 ‘Sweet Lies’ 무료 음원을 사용하고 있으며, 라이선스 조건을 준수하여 합법적으로 사용하고 있습니다.
The background music in this video is ‘Sweet Lies,’ a royalty-free track provided by the KineMaster Asset Store, and it is used in compliance with its licensing terms.


Hello everyone! 
Welcome back to the channel…In the heart of Matsuyama, where ancient legends drift like steam into the evening sky, lies one of Japan’s oldest and most beloved hot springs—Dōgo Kan Onsen. For over a thousand years, travelers, poets, and emperors have come here seeking rest, healing, and a moment of quiet in a fast moving world.
The iconic wooden bathhouse, with its timeless charm, stands as a living piece of history. Its corridors whisper stories of the past—of noble families who bathed here, of writers inspired by its warmth, and of the gentle waters said to have soothed the spirits of generations.
Today, Dōgo Onsen remains a sanctuary where tradition and hospitality meet. And after the bath, the journey reaches its peak with an extraordinary kaiseki meal—more than dinner, it’s a culinary performance. Each course is crafted with seasonal ingredients at their absolute peak, arranged with the precision of an artist and the soul of Japanese tradition. Every bite reflects the mountains, the sea, and the deep cultural heritage of the city Ehime.
Join us as we step into this world of history, relaxation, and unforgettable flavor
Thank you so much for watching today’s video. I truly appreciate you spending your time with me. If you enjoyed this episode, please consider subscribing to the channel and tapping the notification bell—it really helps me continue sharing these food and travel stories with you. 
I’ll be bringing you more delicious discoveries and exciting adventures from Korea and beyond, so stay tuned.
See you in the next one!
Address: Dogo Kan Onsen
7-26 Dogotakocho, Matsuyama, Ehime-ken, 790-0841 Japan",2026-02-14T11:10:16Z,"Dogoonsen,Matsuyama,ehimejapan,japanhotspring,onsenlife,visit Japan,kaiseki,japanfood,ryokan,travelvlog,마쓰야마,도고칸,온천,카이세끼,도고온천",22,en,PT13M21S,2d,hd,false,12578,31,0,10,public,youtube,True,False,"https://en.wikipedia.org/wiki/Food,https://en.wikipedia.org/wiki/Lifestyle_(sociology),https://en.wikipedia.org/wiki/Tourism",https://i.ytimg.com/vi/NRw7e8wjC74/maxresdefault.jpg,thumbnails/EmilyinKorea/NRw7e8wjC74.jpg
쑤롤로그 Sulolog,UCrSg5JNn9vwAWFgAe-TXHnA,6HfwbXUaVyQ,또또또 간 대만 여행! 위스키 할인도 받고 무료 위스키도 받아 가세요♥️,"#대만  #위스키 #대만위스키 

안녕하세요~ 쑤롤로그입니다!^^

오늘은 많은 분들이 기다리고 계신 대만 위스키 투어영상인데요. 쑤롤로그 구독자분들은 위한 위스키 증정 및 할인 이벤트 소식도 가지고 왔으니 영상 끝까지 재미있게 봐 주세요~ 🙇🏻‍♀️✨ 구독과 좋아요, 댓글은 저에게 큰 힘이 됩니다:D! 감사합니다~🐰💕

*% ARABICA 台北象山店
https://maps.app.goo.gl/PmBu2DW7Eni7vTsW9?g_st=ic

*酒隱
https://maps.app.goo.gl/ruYZqxdrEk4fczyw8?g_st=ic

*地一牛肉麵
https://maps.app.goo.gl/N95ixfJVPjhPa6Rw7?g_st=ic


*噶瑪蘭威士忌酒吧
https://maps.app.goo.gl/oV1aYggibt34Uqk1A?g_st=ic",2026-03-15T12:35:00Z,"대만,대만위스키,대만리쿼샵,위스키,카발란,스태그,웰러,버번위스키,면세점,타이베이여행",26,ko,PT10M18S,2d,hd,false,13385,0,0,102,public,youtube,False,False,"https://en.wikipedia.org/wiki/Food,https://en.wikipedia.org/wiki/Lifestyle_(sociology),https://en.wikipedia.org/wiki/Tourism",https://i.ytimg.com/vi/6HfwbXUaVyQ/maxresdefault.jpg,thumbnails/쑤롤로그Sulolog/6HfwbXUaVyQ.jpg
ХОЧИ МИРЗО OFFICIAL,UCQIRfILXbBeCi9qW1HOA0fA,1niaN2icPj8,ХОЧИ МИРЗО САВОЛУ ЧАВОБ 24 МАРТ 2026 МАХСУС БАРОИ ЗАНХО ,"#Эхтиромона_Хохиш_Наворо_ПахнКунед#

Саволу чавоб 24 март 2026 Хочи мирзо 

Ютуб ХОЧИ МИРЗО OFFICIAL 
https://www.youtube.com/channel/UCQIRfILXbBeCi9qW1HOA0fA

Ютуб  Домулло Абдурахим official 
https://www.youtube.com/channel/UC-ZzP_nw3iDK3G7XB591pmQ

Саволу Чавоб Нав 2020 👇

Кисми 1 https://youtu.be/-Bew7wwUTGY
Кисми 2 https://youtu.be/BBLMkpT-3SY
Кисми 3 https://youtu.be/yOebUIcHxIE
Кисми 4 https://youtu.be/BGGK9kbAWPo
Кисми 5 https://youtu.be/RoWhv6aycCk
Кисми 6 https://youtu.be/1ggB1GD2BJw
Кисми 7 https://youtu.be/O0eOZBKm9Gk

© ҲОҶИ МИРЗО ОФИЦИАЛ. Ҳамаи хуқуқҳои муаллиф ҳимоя шудаанд. Тамоми маводи ин канал ( аз он ҷумла тарҳаш ) моликияти хусусии буда, нусхабардори  дар дигар  каналҳо  бидуни ичозати пешакии соҳибҳуқуқ манъ аст.

© ХОЧИ МИРЗО ОФИЦИАЛ. Все материалы данного канала являются объектами авторского права (в том числе дизайн). Запрещается копирование,  (в том числе путем копирования на другие каналы ) или любое иное использование информации и  без предварительного согласия правообладателя.

© HOJI MIRZO OFFICIAL . All materials in this channel are subject to copyright (including design). It is forbidden to copy (including by copying to other channels) or any other use of information and objects without the prior consent of the copyright holder

#хочи_мирзо_2021
#хочи_мирзо_дарбораи_занушавхар
#хочи_мирзо_саволу_чавов2021
#хочи_мирзо_зино
#хочи_мирзо_хазратиУмар
#хочи_мирзо_саволу_чавоб2020
#хочи_мирзо_амри_маъруф
​#хочи_мирзо_азоби_кабр
#хочи_мирзо_аллох_дар_кучост
#хочи_мирзо_арак_нуш
#хочи_мирзо_абу_ханифа
#хочи_мирзо_азоби_дузах
#хочи_мирзо_бенамоз
#хочи_мирзо_барои_занхо
#хочи_мирзо_бехтарин_суханхо
#хочи_мирзо_бодиловар_сафаров
#хочи_мирзо_буса_кардани_шармгохи_зан
#хочи_мирзо_вадиловар_сафаров
#хочи_мирзо_вафоти_пайгамбар
#хочи_мирзо_вучуди_худо
#хочи_мирзо_вакти_марг
#хочи_мирзо_видео
#хочи_мирзо_газал_2020
#хочи_мирзо_гариби 
#хочи_мирзо_гайбат
#хочи_мирзо_гиря_кард
#хочи_мирзо_дар_бораи_намоз
#хочи_мирзо_дачол
#хочи_мирзо_эшони_сирочиддин
#хочи_мирзо_эхтироми_падару_модар
#хочи_мирзо_эхтироми_зан
#хочи_мирзо_эшони_нуриддинчон
#хочи_мирзо_эшони_нуриддин
#хочи_мирзо_желатин
#хочи_мирзо_зану_шавхар
#хочи_мирзо_зино_бозани_бегона
#хочи_мирзо_зани_хуб
#хочи_мирзо_зани_зинокор
#хочи_мирзо_зани_рус_гирифтан
#хочи_мирзо_зани_дуюм
#хочи_мирзо_идрис
#хочи_мирзо_имом_хусайн
#хочи_мирзо_исо
#хочи_мирзо_нодухтар
#хочи_мирзо_кисса
#хочи_мирзо_киёмат
#хочи_мирзо_киссаи_мухаммад_сав
#хочи_мирзо_киссаи_бехтарин
#хочи_мирзо_либоси_зан
#Хочи_Мирзо_халол_ё_харом
#хочи_мирзо_модар
#хочи_мирзо_марг 
#хочи_мирзо_макрон
#хочи_мирзо_мавлуд
#хочи_мирзо_мункар_ва_накир
#хочи_мирзо_нав
#хочи_мирзо_намоз
#хочи_мирзо_нур_тв
#хочи_мирзо_никох 
#хочи_мирзо_ошики
#хочи_мирзо_охири_дунё
#хочи_мирзо_одами_бе_риш
#хочи_мирзо_одами_карздор
#хочи_мирзо_падар
#хочи_мирзо_пайгамбар
#хочи_мирзо_пайдоиши_одам
#хочи_мирзо_видео
#хочи_мирзо_газал_2020
#хочи_мирзо_гариби
#хочи_мирзо_гайбат 
#хочи_мирзо_гиря_кард
#хочи_мирзо_дар_бораи_намоз
#хочи_мирзо_дачол 
#хочи_мирзо_эшони_сирочиддин
#хочи_мирзо_эхтироми_падару_модар
#хочи_мирзо_эхтироми_зан
#хочи_мирзо_эшони_нуриддинчон
#хочи_мирзо_эшони_нуриддин
#хочи_мирзо_желатин
#хочи_мирзо_зану_шавхар
#хочи_мирзо_зино_бо_зани_бегона
#хочи_мирзо_зани_хуб
#хочи_мирзо_зани_зинокор
#хочи_мирзо_зани_рус_гирифтан
#хочи_мирзо_зани_дуюм
#хочи_мирзо_идрис",2026-03-24T04:12:13Z,,22,tg,PT26M47S,2d,sd,false,6763,29,0,5,public,youtube,True,False,https://en.wikipedia.org/wiki/Religion,https://i.ytimg.com/vi/1niaN2icPj8/hqdefault.jpg,thumbnails/ХОЧИМИРЗОOFFICIAL/1niaN2icPj8.jpg
ONFOOD 온푸드,UCSmhWBsryu1APvhg3xQT1oQ,v2qQP-WQ2x8,"30년 국밥팔아 빌딩 두채 샀다는 국밥집?! 기술 배워간 사람만 100명이 넘는! 소문난 순대국, 왕족발집 / Sundae Rice Soup - Korean Street Food","세상은 넓고 맛집은 많다! 다양한 길거리 음식과 맛집을 찾아 소개하는 ""온푸드""입니다.  
맛있는 영상 즐겁게 시청하시고 행복한 하루되세요~
The world is vast, and there are countless delicious places to eat! OnFood introduces you to a variety of street foods and amazing restaurants. 
Enjoy our delicious videos and have a wonderful day!

📢
1.00:00 서울 광진구 - 소문난 왕족발
2.13:16 경북 구미 - 선산 오일장 달인 도너츠

""이 채널을 구독하시면 다양한 길거리 음식과 맛있는 음식들을 만나보실 수 있습니다. 
구독하고 맛있는 여정을 함께하세요!""
“If you subscribe to this channel, you can enjoy a variety of street food and delicious foods. 
Subscribe and join us on a delicious journey!""

🔔 [ 온푸드 구독하기 / onfood Subscribe ]  :  https://bit.ly/32WflpQ 💖

💌 촬영 제안 및 제보 받습니다.
: onfood_ofc@naver.com",2026-03-24T09:01:25Z,"food,street food,korean street food,길거리음식,온푸드,onfood,on food,korean food,여행,yummy food,Korea,가성비,음식,맛집,푸드,한국요리,요리,맛집추천,recipe,korean street food making,태국길거리음식,thai street food",19,ko,PT28M4S,2d,hd,false,49906,295,0,23,public,youtube,True,False,"https://en.wikipedia.org/wiki/Food,https://en.wikipedia.org/wiki/Lifestyle_(sociology)",https://i.ytimg.com/vi/v2qQP-WQ2x8/maxresdefault.jpg,thumbnails/ONFOOD온푸드/v2qQP-WQ2x8.jpg
아이비티비 IVYTV,UCCj5MHfasGt5fWcb0BKeXCQ,yYg6tgUSrWg,"아이비, 두 달 동안 미국 살기 도전! 영어 공부가 웬 말이야","#미국일상 #브이로그 #영어공부 


@greentee.park
@creativei_official

✅영상의 저작권은 아이비티비에 있으며 상업적 용도의 사용을 금지합니다.",2026-03-26T09:01:21Z,"아이비,아이비티비,미국브이로그,베버리힐즈",22,ko,PT26M55S,2d,hd,false,15161,367,0,65,public,youtube,True,False,https://en.wikipedia.org/wiki/Lifestyle_(sociology),https://i.ytimg.com/vi/yYg6tgUSrWg/maxresdefault.jpg,thumbnails/아이비티비IVYTV/yYg6tgUSrWg.jpg
푸드스타일리스트김윤정 _ 그린테이블,UCnP8Ui8adDM1XWCRfZcEYOQ,cI5pVDrexGs,유자향 가득한 greentable seasons 촬영 푸드스타일리스트 하루 ㅣ 선물하기 좋은 유자단지,"+그린테이블 시즌스 영상은 한국의 로컬 식재료로 그 계절 가장 관심이 가고 알려드리고 싶은 요리를 만들고 있어요. 많은 관심과 사랑 부탁드려요 :)

상큼한 향 가득한 유자를 보고 있으면 또 겨울이 왔구나 싶어요.
소복하게 내린 눈, 마른 가지, 따뜻한 아랫목, 벽난로와 유자차 한잔
올해는 착즙기를 더해 더 간단하게 유자청을 담가 보았어요.
짧은 영상이지만 본영상과 함께 봐주시길요

그린테이블은 레시피 개발에서부터 스타일링까지 함께하는
프로젝트들을 애정하고 콘텐츠 제작을 진행하고 있어요.
일하며 만들다 보니 부족하지만 미래의 푸드스타일리스트에게 도움이 되길 바라봅니다 :)

아이폰으로 찍은 영상이라 핸드폰으로 보는 걸 추천 드려요.
오른쪽 상단의 설정에서 재생설정을 누르시고 화질을 높은 화질이나 고화질로 
설정하면 좀 더 나은 화질로 보실 수 있습니다.
그럼 또 다음 영상에서 만나요~


Greentable season's 
• 컨텐츠 제작 : greentable 김윤정
• 영상 촬영 + 편집 : 2H 김윤호

_
www.gtable.net
greentable@hanmail.net
@greentable_cooking_studio


* 이 영상의 다운로드 및 2차 편집을 금지합니다.
©2025 by greentable. All rights are reserved.

#유자 #선물요리 #유자단지",2025-12-08T08:10:00Z,"유자단자 만드는법,유자단자 만들기,푸드스타일리스트 김윤정,광고 촬영,음식 디자인,유자,유자청,선물요리,선물추천",26,ko,PT2M14S,2d,hd,false,104,3,0,2,public,youtube,True,False,"https://en.wikipedia.org/wiki/Food,https://en.wikipedia.org/wiki/Lifestyle_(sociology)",https://i.ytimg.com/vi/cI5pVDrexGs/maxresdefault.jpg,thumbnails/푸드스타일리스트김윤정_그린테이블/cI5pVDrexGs.jpg
아따아줌마TV_전라도할매 전통요리,UCEaMCxSN69-bZjwtSFYcghg,uRZBzCTF000,전라도할매 대박난 봄동비빔밥 레시피,#봄동비빔밥 #봄동겉절이 #봄동겉절이비빔밥 #강호동,2026-03-20T02:23:00Z,,22,ko,PT6M,2d,hd,false,700,37,0,8,public,youtube,True,False,"https://en.wikipedia.org/wiki/Food,https://en.wikipedia.org/wiki/Lifestyle_(sociology)",https://i.ytimg.com/vi/uRZBzCTF000/maxresdefault.jpg,thumbnails/아따아줌마TV_전라도할매전통요리/uRZBzCTF000.jpg
우따미tv - 웃음꽃다육 Korean succulent genius,UCPGlTVe2Alfxi919vgx6UUA,8PzsFNLlO9o,"다육이 비상!! 지금 우리집 다육식물 에도 충들의 습격을 받았을수 있어요! 바로 확인해보세요! SucculentGarde, 다육이, 多肉植物, Echeveria,","안녕하세요. 우따미에요ㅎㅎ

매장주소 첨부합니다ㅎㅎ

주소 경남 김해시 대동면 대동로 736-2

오늘도 영상봐주셔서 정말감사합니다♡

#다육이 #겨울다육이관리 #힐링영상#다육이 #多肉植物 #Succulents #여름다육이 #라울 #다육이키우기 #1월다육이 #Echeveria #다육이이벤트 #다육식물 #다육이용어 #다육이합식 #수제화분 #겨울다육이 #가을다육이",2026-03-22T11:00:00Z,"힐링영상,다육이,多肉植物,Succulents,여름다육이,라울,다육이키우기,9월다육이,Echeveria,다육이이벤트,다육식물,다육이용어,다육이합식,가을다육,다육이물들이기,수제화분",27,ko,PT10M37S,2d,hd,false,264,0,0,0,public,youtube,True,False,https://en.wikipedia.org/wiki/Lifestyle_(sociology),https://i.ytimg.com/vi/8PzsFNLlO9o/hqdefault.jpg,thumbnails/우따미tv-웃음꽃다육Koreansucculentgenius/8PzsFNLlO9o.jpg
고팡 GopangTV,UC4M0r-r1pMcf57OdRgsWVkA,GhUEPgyoW6A,청량리시장에 힐링하러 갔다가 멘탈이 너덜너덜했지만 맛집으로 극복v #혼술 #가성비 #청량리맛집,"팡하! 고팡입니다 오랜만에 시장의 활기를 느끼고 싶어서 청량리시장에 갔는데요 우여곡절 황당한 일이 있었지만 크흠..  제가 어렸을때부터 친척분들한테서 사랑을 많이 받고자라서 어르신들이랑 담소나누고 하는걸 참 좋아하는데요 그냥 앞으로 제가 더 조심하고 경계해야겠다고..느꼈습니당..
아무튼! 참조은콩 오리는 진짜 고기는 부드럽고 껍데기는 쫄깃하고 가성비까지 미쳐버린 맛집이었구요! 충청도식당은 추억의 고향만두라면 아주 얼큰하니 맛있고 반찬이 실해서 빨뚜랑 행복하게 먹었습니당♡ 시청해주셔서 감사합니다♡

[참조은,콩]
왕산로33길 16 1층
영업시간 11:00-21:00(정확하지 않음)

[충청도식당]
서울 동대문구 경동시장로12길 26
영업시간 매일 06:00 - 19:00

[고흥아줌매] [옥자식당] 폐업

광고문의♡ gopangtv@naver.com
소주값지원♡ 토스뱅크 100124375795",2026-03-22T06:00:20Z,"혼술,혼술 먹방,술먹방,여자 혼자,여자 혼술,혼술 여자,여행 V로그,혼술 V로그,노포 맛집,서울 노포,매운 음식,오늘 뭐 먹지,고팡,국내여행,매운음식,오늘 뭐먹지,중화동 할머니,가성비맛집,혼술브이로그,신설동 동아마트,만두맛집,왕만두,가맥집,동대문구맛집,가성비 맛집,서울 노포 맛집,분식,서울 가맥집,혼술먹방,신설동맛집,동대문맛집,야장맛집,야장,서울야장,매운냉명,매운냉면,청량리 할머니냉면,할냉,청량리 할냉,청량리 야끼만두,기태네 만두,짱구네만두,청량리 다미옥,냉면맛집,매운냉면맛집,도가니탕,국밥맛집,청량리시장,청량히청과물시장,성시경청량리,청량리 성시경,참조은콩,참좋은통,참좋은콩,오리바베뷰,오리바베큐,훈제오리,청량리 오리,가성비,충청도식당,청량리 충청도식당,청량리 참조은콩,청량리 야장,청량리 가성비,청량리 옥자식당,청량리 고흥아줌매,먹방,mukbang",22,ko,PT20M2S,2d,hd,false,50888,1642,0,565,public,youtube,True,False,"https://en.wikipedia.org/wiki/Food,https://en.wikipedia.org/wiki/Lifestyle_(sociology)",https://i.ytimg.com/vi/GhUEPgyoW6A/maxresdefault.jpg,thumbnails/고팡GopangTV/GhUEPgyoW6A.jpg
최송죽의 톡톡톡수다,UC9JqWNkkfQ39quNti8-PiYw,tjxtwRp8LtI,즐길줄알고 놀줄아는 북한아줌마 친구들,,2026-03-04T04:53:20Z,,22,ko,PT15M38S,2d,hd,false,2762,260,0,19,public,youtube,True,False,https://en.wikipedia.org/wiki/Lifestyle_(sociology),https://i.ytimg.com/vi/tjxtwRp8LtI/maxresdefault.jpg,thumbnails/최송죽의톡톡톡수다/tjxtwRp8LtI.jpg
쏘울맛집,UC7fnIzjW2FdBO4sSY82c_iw,RnELtYoF_m8,서울 한복판에서 무쇠 가마솥에 푹 끓인 국밥을 먹을 수 있는 집,"동대문이 보이긴 하지만 위치는 종로 창신동입니다.
서울 종로 가마솥에 푹 끓인 진하고 구수한 국밥과
제대로된 허파볶음에 소주를 들이부을 수 있는 집이에요.

황해집
서울 종로구 종로46길 17 황해집(원조허파)
서울 종로구 창신동 444-3
02-764-5607

순대국
소머리국밥
내장탕
서울맛집
동대문맛집
쏘울맛집
국밥맛집
허파볶음
korean food

채널에 가입하여 혜택을 누려보세요.
https://www.youtube.com/channel/UC7fnIzjW2FdBO4sSY82c_iw/join

#소머리국밥맛집 #순대국맛집 #서울맛집#내장탕맛집 #동대문맛집 #쏘울맛집 #국밥맛집",2026-03-16T11:03:07Z,"맛집,노포,쏘울맛집,순대국 맛집,소머리국밥 맛집,내장탕 맛집,국밥 맛집,종로 맛집,동대문 맛집,창신동 맛집,서울 맛집",22,ko,PT6M28S,2d,hd,false,25445,737,0,53,public,youtube,True,False,"https://en.wikipedia.org/wiki/Food,https://en.wikipedia.org/wiki/Lifestyle_(sociology)",https://i.ytimg.com/vi/RnELtYoF_m8/maxresdefault.jpg,thumbnails/쏘울맛집/RnELtYoF_m8.jpg
로하Roha,UCrRn4Vat9iyUGtl6jPjG3IA,JZ1fRUSGsBY,"[일상 브이로그] 장독대 없이 동치미 담그는 법, 봄동으로 위장한 탄수화물 파티, JMT 다이어트 사과 샐러드, 두 아이 육아","[Instagram]  https://www.instagram.com/bemybela
[Business mail]  rohabear@gmail.com
→단순 '제품 무상 제공'(협찬, 브랜드 선물) 문의는 받지 않습니다😊

*170ml 종이컵, 일반 밥 숟가락으로 계량합니다.
*영상 오른쪽 위 점 세개를 눌러,  [화질] - [고급] - [2160p]로 시청해 주세요:)


-모든 주방 용품 정보
https://youtu.be/06nwM4qkwfM
-그릇 & 주방 정리
https://youtu.be/w5CkxlBImbo
-주방 꾸미기
https://youtu.be/PP6FvqO9Mvg
-절대 실패없는 레시피 모음 1
https://youtu.be/Cl4TNFHcYzQ
-절대 실패없는 레시피 모음 2
https://youtu.be/JBJ-aHKvZQo
-절대 실패없는 레시피 모음 3
https://youtu.be/4Zq0BalVfIk
-절대 실패없는 레시피 모음 4
https://youtu.be/gAod1jdRzmA
-절대 실패없는 레시피 모음 5
https://youtu.be/LqPgg7GSrj4
-절대 실패없는 레시피 모음 6
https://youtu.be/0kr41cs9zis
-레시피 안 보고 요리하는 법
https://youtu.be/Hr5vMjTM5Jw",2026-03-22T12:35:00Z,"봄동비빔밥,봄동된장국,동치미,동치미 황금레시피,동치미국수,동치미요리,봄동요리,사과샐러드,사과땅콩버터샐러드,다이어트요리",22,ko,PT20M41S,2d,hd,true,66697,950,0,136,public,youtube,True,False,"https://en.wikipedia.org/wiki/Food,https://en.wikipedia.org/wiki/Lifestyle_(sociology)",https://i.ytimg.com/vi/JZ1fRUSGsBY/maxresdefault.jpg,thumbnails/로하Roha/JZ1fRUSGsBY.jpg
엄비umbi,UCtBt0z5O7Y31JMm4QlcvqZQ,f0bBfcFl4UY,지갑은 얇아도 국밥 먹을 돈은 있지 (오늘도 나를 위로해주는건 소박한 순대국에 소주한잔),"#혼술 #먹방 #순대국

📍성환이화시장
📍엄니순대


-----------------------
인스타그램 umbisoju
메일 umbisoju@naver.com

🎵bgm
브금대통령
아트리스트 https://artlist.io/umbi-2544494
(링크를 통해 가입시 2개월 연장 혜택)",2026-03-24T09:30:33Z,"혼술먹방,낮술,술먹방,소주먹방,먹방브이로그,혼술브이로그,음주브이로그,낮술먹방,MUKBANG,순대국소주,국밥에소주",22,ko,PT18M57S,2d,hd,false,57262,1894,0,233,public,youtube,True,False,"https://en.wikipedia.org/wiki/Food,https://en.wikipedia.org/wiki/Lifestyle_(sociology)",https://i.ytimg.com/vi/f0bBfcFl4UY/maxresdefault.jpg,thumbnails/엄비umbi/f0bBfcFl4UY.jpg
NellMoRecipe 넬모레시피,UCLKWqve7WEs1DYNvafcujbg,d-lpj6VTl80,"남은 것부터 비우고 싶어서, 접시의 바닥에서 시작한 한 끼","남아 있는 감자는 세 알.
그중 하나는 감자 수프로,
하나는 오늘 접시의 바닥으로 썼습니다.

매시는 보통 사이드로 덜어 먹지만
오늘은 접시 아래에 넓게 깔아 플레이팅 했습니다.
아래에 매시를 두면
위에 올린 재료의 풍미가 바닥까지 자연스럽게 스며들고,
첫 입부터 마지막까지 맛의 흐름이 끊기지 않습니다.
원 플레이트 구성을 선호하는 저만의 방식이기도 합니다.

조금 귀찮더라도 재료마다의 순서를 나누는 일.
이 번거로운 과정을 굳이 고집하는 이유는
공들인 순서만큼 입안에서 느껴지는 맛의 밀도는 분명히 다르기 때문에.

모든 끼니에 힘을 줄 수는 없지만
가끔은 효율보다
‘제대로 먹고 있다’는 느낌이 더 중요할 때가 있어요.

오늘은 그런 날이었습니다.😉

🧾 사용한 재료
감자, 우유, 버터, 마늘, 새우, 브로콜리니, 올리브유, 소금, 후추, 넛맥(선택)

🔹 이런 분들께 추천해요
냉장고에 남은 재료를 끝까지 쓰고 싶은 날
복잡하지 않지만 허투루 먹고 싶지 않은 끼니에

#감자요리
#원플레이트
#집밥기록
#남은재료활용
#하루한끼

비즈니스 문의: nellmorecipe@gmail.com
협업 및 기타 문의는 이메일로 부탁드립니다.",2026-02-07T11:01:05Z,,26,ko,PT4M29S,2d,hd,false,2529,88,0,7,public,youtube,True,False,"https://en.wikipedia.org/wiki/Food,https://en.wikipedia.org/wiki/Lifestyle_(sociology)",https://i.ytimg.com/vi/d-lpj6VTl80/maxresdefault.jpg,thumbnails/NellMoRecipe넬모레시피/d-lpj6VTl80.jpg
집밥 연진이,UC9As8K4u9PgAhrpt9yvH9Bg,JXbc6JloyLg,🛒 이마트 트레이더스 55만원 장보기 🔥,"이마트 트레이더스에서 55만원 장보기 했어요 🛒
대용량 위주로 구매해서 식비 절약이 가능할지 직접 테스트해봅니다!

냉장고 절반 채우기 프로젝트 진행 중이고,
버리는 식재료 없이 냉장고 파먹기로 얼마나 버틸 수 있을지도 함께 보여드릴게요.

✔ 4인가구 식비 절약
✔ 대용량 장보기 추천템
✔ 냉장고 파먹기 루틴
✔ 식비 절약 → 투자 연결

여러분은 코스트코 vs 트레이더스 어디가 더 가성비 좋다고 생각하세요?
댓글로 알려주세요 😊


#식비절약 #냉장고파먹기 #코스트코 #이마트트레이더스 #트레이더스장보기 
#이마트트레이더스장보기 #트레이더스추천템 #대용량장보기 #식비아끼기 
#장보기브이로그 #가성비장보기 #4인가구식비 #대형마트장보기 
#코스트코추천템 #트레이더스vs코스트코 #절약브이로그 #냉장고정리 
#한달식비 #장보기하울 #식비줄이기 #절약생활 #마트추천템 #대용량식재료 #일주일장보기 #한달장보기",2026-03-25T03:41:42Z,,22,ko,PT11M32S,2d,hd,false,7521,167,0,47,public,youtube,True,False,"https://en.wikipedia.org/wiki/Food,https://en.wikipedia.org/wiki/Lifestyle_(sociology)",https://i.ytimg.com/vi/JXbc6JloyLg/maxresdefault.jpg,thumbnails/집밥연진이/JXbc6JloyLg.jpg
푸드스토리 FoodStory,UCKjq5UrlxXqb7EgPwZl5JNg,OZVbdxeimnY,"길거리음식 끝판왕! 인기 많은 떡볶이, 튀김, 김밥, 순대, 어묵, 호 분식맛집 몰아보기 TOP9 / Top 9 Popular Street Foods in Korea","🔎Information

00:00 떡볶이, 튀김, 분식 최강자가 나타났다! 역대급 수제튀김, 가래떡 떡볶이, 양념오뎅, 호떡 / spicy rice cake Tteokbokki

30:10 한달에 김밥만 10000개?! 역대급 꼬마 김밥, 떡볶이, 수제 튀김, 오뎅 분식 맛집 / spicy rice cake Tteokbokki

41:49 줄서서 먹는 역대급 수제 튀김 달인 분식집? 격이 다른 수제튀김, 떡볶이, 순대 / Amazing skill of fried master

53:38 떡볶이에 인생을 걸었다! 연매출 40억! 3개월 기다려야 먹는 역대급 사과떡볶이 대량생산과정 / Korean Tteokbokki Factory

01:08:51 온가족이 똘똘 뭉쳤다! 없어서 못판다는 떡볶이, 튀김, 어묵, 순대, 닭꼬치 시장 분식집 / spicy rice cake Tteokbokki

01:19:10 하루에 콩나물만 50박스? 오뎅 1개 먹어도 콩나물폭탄이 무한리필! 매운어묵으로 대박난 오일장 부부 어묵집 / spicy fish cake

01:35:52 일매출 200만원찍는 떡볶이집? 방송타고 대박난 떡볶이, 튀김, 순대, 어묵 손담비 떡볶이 / spicy rice cake Tteokbokki

01:46:53 한달 30000개 팔리는 떡볶이? 재료부터 넘사벽! 떡볶이 식품 공장 대량생산 과정 / tteokbokki meal-kit factory

02:06:11 하루 30판씩 팔리는 떡볶이? 아침부터 줄서서 먹는 떡볶이, 튀김, 어묵, 김밥 분식 맛집 / spicy rice cake Tteokbokki

항상 맛있는 영상을 보여드리기 위해 노력하는 푸드스토리입니다 :)
시청해 주셔서 감사합니다. 구독과 좋아요는 큰 힘이 됩니다!❤️
🔔  푸드스토리 구독 : https://youtube.com/c/foodstory95

Thank you so much for Watching my Videos :)
Have a good time and feel free to Subscribe my Channel!❤️
🔔  FoodStory Subscribe : https://youtube.com/c/foodstory95

💌 촬영 요청 및 비즈니스 문의 : dlrtm238@naver.com

✔️화면 상단에서 고화질(HDor4K)로 선택하시면 더 선명하게 보실 수 있습니다.
#떡볶이 #분식 #길거리음식",2026-03-22T10:00:34Z,"한국길거리음식,길거리음식,음식,맛집,가성비,푸드,요리,먹거리,거리음식,한국요리,여행,맛집추천,korean street food,street food,food,street,korean,travel,events,korea,korea food,recipe,cooking,푸드스토리,yummy,yt:cc=on,한국,snacks,떡볶이,순대,튀김,어묵,오뎅,분식,분식맛집,김밥,떡볶이 맛집,떡볶이 레시피,떡볶이 만들기,떡볶이 소스,가래떡 떡볶이,쌀떡,밀떡,수제튀김",19,ko,PT2H21M8S,2d,hd,true,4678,94,0,3,public,youtube,True,False,"https://en.wikipedia.org/wiki/Food,https://en.wikipedia.org/wiki/Lifestyle_(sociology)",https://i.ytimg.com/vi/OZVbdxeimnY/maxresdefault.jpg,thumbnails/푸드스토리FoodStory/OZVbdxeimnY.jpg
이정현의 집밥레스토랑 Home Cooking with JH,UC8ZirMMChf8BaKKbae3Sl4A,362fkpo_QUM,글래드X이정현의 소.신.식탁. 소중한 사람들을 위한 신선한 식탁이 차려집니다!,"*광고*서아의 깜짝 선물에 보답하기 위한 감동 쿠키, 남편과의 소중한 시간을 위한 비법 소스 타다키, 나를 위한 계절 보양 솥밥, 그리고 소중한 여러분들을 위한 샌드위치 비법까지~ 

소중한 사람들과 함께 나누는 신선한 식탁을 글래드 프레스앤씰 매직랩과 함께 정성껏 차려봤어요!

매직랩 만나보기
https://www.magicwrap.co.kr/m/item/planning.detail.html?idx=215

#이정현 #쿠키 #고구마바나나쿠키 #타다키 #글레이즈채끝타다키 #솥밥 #문어전복솥밥 #샌드위치 #애플브리치즈샌드위치 #레시피 #베이킹 #브런치 #간식 #집밥 #글래드 #프레스앤씰 #매직랩 #신선보관 #밀폐보관 #식재료소분

고구마 바나나 건강 쿠키 00:00
글레이즈 채끝 타다키 04:54
문어 전복 솥밥 10:56
애플 브리치즈 샌드위치 17:16",2025-11-12T00:07:57Z,,24,ko,PT19M17S,2d,hd,false,15215,414,0,37,public,youtube,True,False,"https://en.wikipedia.org/wiki/Food,https://en.wikipedia.org/wiki/Lifestyle_(sociology)",https://i.ytimg.com/vi/362fkpo_QUM/maxresdefault.jpg,thumbnails/이정현의집밥레스토랑HomeCookingwithJH/362fkpo_QUM.jpg
필드민,UCBEMf9Z0YlvXt913uWt64ag,EhgCkj1Uk38,AI가 말아주는 호텔 라운지 칵테일...? 여의도 페어몬트 호텔 M29,"#페어몬트 #여의도 #칵테일

안녕하세요, 필드민입니다.
오늘은 페어몬트 앰배서더 서울 호텔 개관 5주년을 기념해 M29의 행사에 다녀왔어요!

2026년 2월에는 AI 큐레이션 칵테일 5종 + 푸드 페어링 5종 구성으로
'AI meets M29' 라는 프로모션을 운영중인데요,

과연... AI는 어떤 종류의 칵테일을 제안했을까요?
영상을 통해 확인해주세요!",2026-02-15T12:05:53Z,"페어몬트호텔,페어몬트,M29,페어몬트라운지,칵테일,여의도칵테일,라운지바,페어몬트앰배서더서울,여의도칵테일바",19,ko,PT7M39S,2d,hd,false,550,27,0,15,public,youtube,True,False,"https://en.wikipedia.org/wiki/Food,https://en.wikipedia.org/wiki/Lifestyle_(sociology)",https://i.ytimg.com/vi/EhgCkj1Uk38/hqdefault.jpg,thumbnails/필드민/EhgCkj1Uk38.jpg
찐푸드 JJin Food,UCdz7HcTQOaHCoAEJBs-MlNQ,w6n-PVtoxwE,겉바속촉 끝판왕! 인기 많은 치킨요리 TOP 3 / Famous chicken in Korea / korean street food,"🎥 겉바속촉 끝판왕! 인기 많은 치킨요리 TOP 3 / Famous chicken in Korea / korean street food


😘안녕하세요! 가성비 좋은 길거리 음식과 '찐맛집'을 찾아 소개하는 [찐푸드] 입니다. 영상 즐겁게 시청하시고 행복한 하루 보내세요:)♥
Hello. I'm [JJIN-Food]. Finding and introducing street food and delicious restaurants is my great happiness. Enjoy the video and have a good day:)♥


ℹ️ Information
인기 많은 치킨요리 TOP3


💌 무료 업체 촬영 요청 및 맛집 제보
       e-mail - moto12345@naver.com


#치킨 #chicken #새우튀김",2026-03-22T10:01:19Z,"길거리음식,food,음식,korean,맛집,가성비,푸드,street,먹거리,한국,한국길거리음식,한국요리,요리,여행,맛집추천,travel,events,korean street food,street food,snacks,recipe,cooking,korea,korea food,치킨,닭강정,새우,짜장면,통닭,새우튀김,튀김,치킨짜장면,중식,chicken,Korean chicken,noodle,Chinese food,Fried shrimp,Fried food,Fried,Spicy chicken,Dakgangjeong,Fried chicken,Korean Fried Chicken,Chicken noodles",19,ko,PT43M53S,2d,hd,false,88169,1092,0,17,public,youtube,True,False,"https://en.wikipedia.org/wiki/Food,https://en.wikipedia.org/wiki/Lifestyle_(sociology)",https://i.ytimg.com/vi/w6n-PVtoxwE/maxresdefault.jpg,thumbnails/찐푸드JJinFood/w6n-PVtoxwE.jpg
푸디랜드 FoodieLand,UCHy8o-_zR_vHqpPN4uNUvkg,6K1w5qFRf_k,2026년 코리아 버거 챔피언십에서 본선 직행한! 수제 베이컨까지 만드는 동네 버거집? 등. 맛있는 수제버거 영상 몰아보기┃BEST3 Burger/Korean street food,"😋 2026년 코리아 버거 챔피언십에서 본선 직행한! 수제 베이컨까지 만드는 동네 버거집? 등. 맛있는 수제버거 영상 몰아보기┃BEST3 Cheese Burger / Korean street food


[ 💬 Time Information ]

** 푸디랜드에 업로드된 [ 수제버거 ] 영상들 몰아보기 **

** 2026년 코리아 버거 챔피언십에서 
    본선 6위로 직행한 버거집은 '쩝스버거' 입니다. **

😋   00:00   10평짜리 동네 버거집에서 수제 베이컨까지? 푸틴도 만들어파는 국제요리경연대회 수상한 사장님의 수제 버거집┃a bacon cheese burger/Korean street food
🚩 위치(Location)
      서울 노원구 상계로 91 1층 102호 '쩝스버거'
      : https://naver.me/x1gGnlgE
      : https://maps.app.goo.gl/kgr4QrQSD9n9QUJA8


😋  26:41   5900원짜리 치즈버거 원재료값만 4000원? 고 물가 마진율 따윈 신경 안쓴다! 원육부터 소스 다 만드는 뉴욕식버거┃homemade burger/Korean street food
🚩 위치(Location)
       서울 도봉구 마들로 657 1층 101-4호 '버거브라더'
      : http://naver.me/5cTAhSlE
      : https://goo.gl/maps/3kjtiygYusonoCH1A


😋  43:45   햄버거 먹으면 나초가 무한리필? 직접만든 치즈소스와 생소고기 갈아만든 미국식 딥치즈 햄버거┃Deep Cheese Burger / Korean street food
🚩 위치(Location)
      인천 남동구 예술로204번길 19 구월프라움아트 1층 106호 '체다페퍼' 
      : https://naver.me/FSO4jQKc
      : https://goo.gl/maps/pjw4JHNusge8xAjs8


❤️ 푸디랜드는 다양한 길거리 음식들을 맛있고 즐겁게 소개하고 있습니다!
💌 촬영 요청 및 제보(Foodieland contact E-mail)
      :  foodieland88@gmail.com


⛔ 알려드립니다! (Announcement)
👍🏻 영상을 재밌게 보셨다면 '구독과 좋아요' 부탁드려요.^^
🔔 푸디랜드 구독 (FoodieLand subscribe : / @foodieland )
❤️ 푸디랜드는 다양한 길거리 음식들을 맛있고 즐겁게 소개하고 있습니다!
❤️생생한 ASMR 팅글 사운드로 영상을 더 맛있게 즐겨보세요!
✅ 본 영상은 유료 광고를 포함하고 있지 않음을 알려드립니다.  


🔎 #수제버거 #치즈버거 #Burger #Koreanfood",2026-03-15T12:15:01Z,"한국길거리음식,시장맛집,먹거리,KoreanFood,KoreanMarketFood,StreetFood,길거리음식,korean,street,food,travel,korea,korea food,음식,맛집,가성비,푸드,events,한국,한국요리,요리,여행,한국거리음식,맛집추천,street food,korean street food,거리음식,cooking,recipe,street foods around the world,seoul street food,ASMR,팅글,street food in South Korea,food processing,수제버거 맛집,치즈버거 맛집,코리안 버거 챔피언십,미국식 치즈버거",19,ko,PT1H2M37S,2d,hd,false,30033,466,0,12,public,youtube,True,False,"https://en.wikipedia.org/wiki/Food,https://en.wikipedia.org/wiki/Lifestyle_(sociology)",https://i.ytimg.com/vi/6K1w5qFRf_k/maxresdefault.jpg,thumbnails/푸디랜드FoodieLand/6K1w5qFRf_k.jpg
김알파카 쉬운 인생,UC7AkdDZ21EXwL5vr4CmFvbA,aljCUltvRfQ,"공복이 뭔지 모르는 여자의 돼지런한 일상! 대림동 란주우육면 향라육슬, 방배동 메종엠오 디저트, 하우스오브신세계 청담 구경, 베통 소금빵, 집에서 문어라면 끓여먹기","공복이 뭔지 모르는 여자의 돼지런한 일상! 대림동 란주우육면 향라육슬, 방배동 메종엠오 디저트, 하우스오브신세계 청담 구경, 베통 소금빵, 집에서 문어라면 끓여먹기
#먹방브이로그 #란주우육면 #하우스오브신세계청담

*네이버 지도 링크입니다.
00:16 대림동 란주우육면 https://naver.me/G9rJdKXI
04:31 방배동 메종엠오 https://naver.me/xWTntm3N
09:19 하우스오브신세계 청담 https://naver.me/FxCbn4aq
12:30 베통 소금빵 https://naver.me/GNREllTH
13:19 문어라면 끓이기",2026-03-01T07:38:22Z,,22,ko,PT16M54S,2d,hd,true,13777,379,0,32,public,youtube,True,False,"https://en.wikipedia.org/wiki/Food,https://en.wikipedia.org/wiki/Lifestyle_(sociology)",https://i.ytimg.com/vi/aljCUltvRfQ/hqdefault.jpg,thumbnails/김알파카쉬운인생/aljCUltvRfQ.jpg
CU [씨유튜브],UCsM07dUwo0WOWhFbVsG8K6A,jSKo5cLsZEM,자다가도 (버터)떡이 생기면 🐶꿀이지~! | [톡! 까놓고 신상리뷰💬],"쫀득함, 달콤함, 짭짤함 다 챙긴 이번 주 라인업
눈에 띄는 화제템부터 든든한 한 끼 메뉴까지🔥

3월 4주차 CU 신상품을
지금 바로 만나보세요🔥

📌 이번 주 신상 라인업
00:00 3월4주차 CU신상
01:08 스스스모찌샌드 4,600원
02:55 K치즈제육핫도그 4,300원
04:30 쌈추비빔밥 4,400원
06:28 요거트티라미수케익/요거트쿠앤크케익 4,700원
08:45 버터모찌 3,000원
09:55 소금버터떡 2,200원
11:18 405 두바이당근빵 5,700원
13:09 이번 주 PICK
14:20 이번 주 신상 요약(가격, 출시일)

#CU #씨유 #CU신상 #톡까놓고신상리뷰
#맛상무 #이송경 #편의점먹방 
#편의점신상 #편의점리뷰 #당신의_좋은친구_CU",2026-03-23T10:56:04Z,"CU편의점,CU,씨유,헤이루,Heyroo",20,ko,PT15M39S,2d,hd,false,27357,58,0,13,public,youtube,True,False,"https://en.wikipedia.org/wiki/Food,https://en.wikipedia.org/wiki/Lifestyle_(sociology)",https://i.ytimg.com/vi/jSKo5cLsZEM/maxresdefault.jpg,thumbnails/CU씨유튜브/jSKo5cLsZEM.jpg
원필름(방송국),UC0jwU93UpwIyTlCzLn3N0nQ,RiM2ZkTKsKo,서울에서 유명하고 다양한 라면 맛집 14곳을 선정하였습니다! Ramen restaurant #서울라면맛집 #라면맛집 #라면 #라면집 #서울맛집 #서울라면집 #퓨전라면 #라면추천,"안녕하세요. 원필름 채널입니다.
제가 올린 영상들은 제가 직접가서 제 돈내고 먹은 곳들입니다.
주관적인 리뷰이니 참고만 하시길 바랍니다.

00:00 인트로
00:30 라면점빵(경복궁역)
01:30 경춘자의 라면땡기는 날(안국)
02:30 레알라면(회기)
03:30 틈새라면 명동본점(명동)
04:30 라면전문점(효창공원역)
05:30 뚝배기라면(용산)
06:30 신계치라면(신촌)
07:30 성미다방(광장시장)
08:30 수목식당(흑석동)
09:30 돈까스가 땡길때(서대문)
10:30 외할머니라면(서대문)
11:30 모퉁이집(강남역)
12:30 삼숙이라면(종각역)
13:30 한강라면(한강)

인플루언서 - https://in.naver.com/kkj12486
인스타그램 - https://www.instagram.com/kkj12486

많은 구독과 좋아요/공유는 제게 힘이 됩니다^^",2026-03-27T02:00:20Z,"원필름,음식,맛집,라면,라면맛집,서울라면,서울라면맛집,라면집,서울라면집,서울맛집,뚝배기라면,퓨전라면",22,ko,PT15M1S,2d,hd,false,170,11,0,4,public,youtube,True,False,"https://en.wikipedia.org/wiki/Food,https://en.wikipedia.org/wiki/Lifestyle_(sociology)",https://i.ytimg.com/vi/RiM2ZkTKsKo/maxresdefault.jpg,thumbnails/원필름방송국/RiM2ZkTKsKo.jpg
설기양SULGI,UCIafb9ExBkh4WsCOagZssZA,4NfKdTBZ9BY,ASMR MUKBANG| 직접 만든 가래떡 떡볶이 허니콤보 양념치킨 김말이 튀김 먹방 & 레시피 FRIED CHICKEN AND Tteokbokki EATING,"#먹방 #ASMR #MUKBANG

❤SULGIES❤ 가입하기 https://www.youtube.com/channel/UCIafb9ExBkh4WsCOagZssZA/join
합동 방송 및 광고, 협찬 문의는 아래 메일로 연락해주세요 :)
비즈니스메일 sulgiyang0329@gmail.com
인스타 https://www.instagram.com/sulgiiiii
틱톡  https://www.tiktok.com/@sulgiiiii

I prepared subtitles. Please turn on the subtitles.❤️
字幕を用意しました。
Nên mình đã chuẩn bị phụ đề. Mở phụ đề lên đi.
เตรียมซับไตเติ้ลมาแล้ว เปิดซับไตเติ้ลให้หน่อย
Mereka mempersiapkan teks. Tolong nyalakan teks.",2026-03-27T12:30:04Z,"yt:cc=on,eating,ASMR,MUKBANG,MUKBANG ASMR,먹방,EATING,EATING SHOW,korean mukbang,korean asmr,asmr mukbang,koreanfood,Tteokbokki,Fried Chicken,Crunch Fried Buldak roll,French fries,Whole Rice cake,가래떡,떡볶이,불닭,Garaetteok",22,ko,PT14M40S,2d,hd,true,45936,1805,0,102,public,youtube,True,False,"https://en.wikipedia.org/wiki/Food,https://en.wikipedia.org/wiki/Lifestyle_(sociology)",https://i.ytimg.com/vi/4NfKdTBZ9BY/maxresdefault.jpg,thumbnails/설기양SULGI/4NfKdTBZ9BY.jpg
롯데백화점,UCpBkdV5sGB9v80H8XTewtcg,zIvZIbyFObw,롯데백화점 채용 | Make your NEXT [Value],"매일 변화하는 유통 환경 속에서 고객 경험을 기획하고, 
브랜드와 고객의 가치를 연결하는 롯데백화점 마케팅 직무의 이야기를 만나보세요. 
롯데백화점은 언제든 여러분의 NEXT STEP을 함께할 준비가 되어 있습니다. 

더 넓은 가능성을 꿈꾸고 있다면, 
지금 롯데백화점에서 여러분의 비전을 펼치세요. 

Make your NEXT [        ] Your vision, Our stage.  
✅모집 일정 : 26.03.04(수)~26.03.27(금) 23:00 
✅모집 직무 : 영업/MD, 마케팅 
✅롯데백화점 온/오프라인 채용설명회 
- 온라인 라이브 채용설명회 : 03.12(목) 14:00
- 오프라인 채용설명회 : 03.17(화) 및 03.18(수) 
※ 자세한 사항은 롯데백화점 채용 페이지에서 확인하세요! 
✅2026년 상반기 롯데백화점 채용 홈페이지 
https://bit.ly/3Ot84vi",2026-03-12T08:40:10Z,,24,ko,PT6M24S,2d,hd,false,5604,19,0,1,public,youtube,True,False,https://en.wikipedia.org/wiki/Business,https://i.ytimg.com/vi/zIvZIbyFObw/maxresdefault.jpg,thumbnails/롯데백화점/zIvZIbyFObw.jpg
포스코 스튜디오,UCGu-RtRyCaWQl32YoOh4WNg,Aeg0IC6FZAo,사바나 최초 공개! 코가 두 개로 갈라지는 ‘똑끼리’의 정체는? 🐘🐘 | 제철사파리 EP.1,"드넓은 철의 대지, 이곳 사바나에는 인간이 아닌 존재들이 살고 있습니다. 두둥-✨

그중에서도 압도적인 비주얼로 시선을 싹 쓸어버리는 주인공,
선재 코끼리 등판! 뿌우우~ (🐘: 오늘 밤 주인공은 나야 나)

제각각인 물건의 모양을 파악해 단 20mm의 오차도 없이 집어내는 섬세한 코놀림은 기본!
수 톤짜리 짐을 들고 질주해도 흔들림을 꽉~👊🏻 잡아버리는
‘안티스웨이(Anti-Sway)’ 기술까지 탑재한 점잖고 똑똑한 녀석이죠.

힘 + 지능 + 매너를 전부 갖춘 선재 코끼리의 평화로운 사바나 라이프. 🌿
지금 바로 영상으로 만나보세요! 📹

✅ 포스코에 대해 더 알고 싶다면?
포스코 미디어센터: https://bit.ly/4a7i2JL 
포스코 페이스북: https://www.facebook.com/HELLOPOSCO
포스코 인스타그램: https://www.instagram.com/hello_posco/

#제철사파리 #사파리 #선재크레인 #선재
#무인크레인 #크레인 #포항제철소
#포스코 #POSCO",2026-02-27T06:00:22Z,,24,ko,PT3M21S,2d,hd,true,491197,256,0,36,public,youtube,True,False,,https://i.ytimg.com/vi/Aeg0IC6FZAo/maxresdefault.jpg,thumbnails/포스코스튜디오/Aeg0IC6FZAo.jpg
Multi DO Challenge Korea,UC03Fp4_VFeH877272fjdihQ,hCeAf1LB2DY,나 vs 할머니 초콜릿음식 도전 | 브레인로트 배틀 Multi DO Challenge,"모두가 초콜릿을 좋아해요! 새로운 챌린지에 참여하세요. 여기에 많은 챌린지가 있습니다!

재미있고 맛있게 보세요! 
Thanks for watching!",2026-03-27T01:06:00Z,"챌린지,도전,multido,challenge,Multi DO 챌린지,MultiDO 챌린지,multi do,multi do challenge korean,한국말,음식,영상,웃긴,장난,농담,누가 먼저라도,funny video,prank,food challenge",22,ko,PT12M48S,2d,hd,false,11274,48,0,1,public,youtube,True,False,"https://en.wikipedia.org/wiki/Food,https://en.wikipedia.org/wiki/Lifestyle_(sociology)",https://i.ytimg.com/vi/hCeAf1LB2DY/maxresdefault.jpg,thumbnails/MultiDOChallengeKorea/hCeAf1LB2DY.jpg
메기간다효,UCpPB65X6Xhzmlx2A4DSQ-Jg,oGRk9MAZqbc,[LIVE]또 제거하면 이란이 바뀔까?,"#메기간다효 #메간 #메기live 

💟후원 : https://toon.at/donate/gandahyo/
💟 메기 멤버십 : 
https://www.youtube.com/channel/UCpPB65X6Xhzmlx2A4DSQ-Jg/join/


🐸 간다효 채팅규칙 : https://cafe.naver.com/ganada0811/668
📧 간다효 문의 : gandahyo@gmail.com

All rights reserved® Made by YOUTUBE GANDA.HYO",2026-03-13T14:25:19Z,"메기,메기라이브,돼지메기,간다효",24,ko,PT1M45S,2d,hd,false,3501,62,0,15,public,youtube,True,False,,https://i.ytimg.com/vi/oGRk9MAZqbc/maxresdefault.jpg,thumbnails/메기간다효/oGRk9MAZqbc.jpg
성공스토리,UCuV7tHJntXmXjIhbuYgFgsQ,QaJLeJLtql0,12년차 술집 때려치고 라멘집 차려서 초대박난 44살,"무료출연문의 : a.success.storie@gmail.com

업계 최저가 광고문의 : 
a.success.storie@gmail.com

영상 속 가게 정보

면식당
서울 관악구 봉천동 1658-15
https://xn--ok1bw5ltqh.com/


(배너)
소형평수 구워주는 고기집 산장삼겹
http://xn--y89ap29abb365c.com/

하나의 창업비용으로 두가지 브랜드를 동시에 창업 ""피자덕&빙품달""
https://pizzaduck.kr/

업종변경 3천만원 남대포소갈비살
https://xn--w39as1gp5bwxsf3c7qb120f.com/

오직 리퍼연구소에서만 LG그램,갤럭시북 69만원!
https://www.refurlab.com/

10호점 한정 특별혜택!
전지점 평균매출 3,915만원 돌파한 배달카페 ""플러스82"" 알아보기
https://www.cafeplus82.com",2026-03-27T06:00:14Z,"장사의신,휴먼스토리,30대자영업자이야기",22,ko,PT15M17S,2d,hd,true,13597,233,0,30,public,youtube,True,False,"https://en.wikipedia.org/wiki/Food,https://en.wikipedia.org/wiki/Lifestyle_(sociology)",https://i.ytimg.com/vi/QaJLeJLtql0/maxresdefault.jpg,thumbnails/성공스토리/QaJLeJLtql0.jpg
전국집밥자랑,UCY60BF0M8RkXvmMQeKp2PSg,A69babtvW7s,밥에 싸악 얹어 먹으면 최고! 돼지고기 차슈 레시피🥓 | 전국집밥자랑 ep.85,"집에서 되게 간단하게 조리해서 밥 위에 쓱 올리기만 하면 근사한 차슈덮밥 한 상이 완성되거든요. 자꾸만 생각나는 완벽한 단짠의 조화, 오늘 꼭 한번 경험해 보시길 추천드려요~~

[😋돼지고기 차슈 재료]
・ 돼지고기 앞다리살 800g
・ 양조간장 70ml(종이컵 1/3컵 정도 / 싱겁게 먹고 싶다면 60ml)
・ 알룰로스 60ml
・ 소주 60ml

*남은 소스로 야채볶음 만들기 추가재료*
・ 청경채
・ 숙주

#전국집밥자랑 #차슈 #집밥레시피

[😋타임라인]
[00:00] 하이라이트 및 오늘의 요리사
[00:21] 고기 익히기
[01:31] 소스 만들기
[02:30] 마무리
[02:49] 차슈 시식 타임
[03:06] 남은 소스 활용법
[03:40] 야채볶음 더한 차슈 시식 타임
[04:01] 출연 신청 및 모집

---------------------------

[유튜브 '전국집밥자랑' 출연자 모집 공유]
채널 링크: https://youtube.com/channel/UCY60BF0M8RkXvmMQeKp2PSg?si=ublzNHUhbkEjp0lL
성함:
나이:
사는 곳:
연락처:
자신 있는 요리:
특별한 사연:
출연료: 40만원
소개비: 10만원
연락처: 010-2047-5524
(카톡으로 신청 부탁드립니다)",2026-03-28T01:00:00Z,"전국집밥자랑,전국살림자랑,정리마켓,집밥레시피,집밥메뉴,집밥 추천,집밥,집밥먹방,집밥메뉴추천,집밥만들기,밥도둑,황금레시피,차슈 만들기,차슈덮밥,차슈키트,차슈,차슈덮밥 만들기,차슈덮밥 소스,차슈동,차슈 레시피,차슈 소스,차슈라멘 만들기,차슈동 만들기,차슈덮밥 레시피,차슈덮밥 먹방,차슈덮밥 맛집,수육 차슈덮밥,조림요리,술안주,술안주 만들기,술안주 추천,술안주 요리,술안주 레시피,술안주 먹방,술안주 라면,술안주 배달음식,간단 술안주 레시피,간단한 술안주 레시피,다이어트 술안주 레시피,편의점 술안주 레시피,집들이 술안주 레시피,밥반찬,밥반찬만들기,밥반찬추천,밥반찬종류,밥반찬레시피,밥반찬월드컵,밥반찬먹방,밥반찬없을때,밥반찬쿠팡,자취요리,자취생반찬,자취생간단요리",26,ko,PT4M22S,2d,hd,false,1170,64,0,3,public,youtube,True,False,"https://en.wikipedia.org/wiki/Food,https://en.wikipedia.org/wiki/Lifestyle_(sociology)",https://i.ytimg.com/vi/A69babtvW7s/maxresdefault.jpg,thumbnails/전국집밥자랑/A69babtvW7s.jpg
오돌 스튜디오,UCD5m0q_YTTvWthbAy1cCiEw,guuj7b4Eqf8,또 결혼식을 해야 한다고?? 대체 결혼식을 몇번이나???,"오돌 스튜디오에서는 한국에서 활동하는 최고의 외국인 엔터테이너들과 함께 다채로운 이야기와 특별한 순간을 전해드립니다! 🌍🎬
우리의 영상이 재미있고 유익했다면, 여러분의 작은 응원이 큰 힘이 됩니다.

📌 구독 ❤️ | 좋아요 👍 | 알림 설정 🔔 눌러주시면 더 많은 콘텐츠를 만날 수 있어요! 🥰

📢 커뮤니티 가이드라인
오돌 스튜디오는 건강하고 긍정적인 소통 공간을 지향합니다.
🚫 출연자 및 타인을 향한 비방, 인신공격, 차별적 발언은 경고 없이 삭제될 수 있습니다.
서로를 존중하며 즐겁게 소통하는 문화에 동참해주세요! 🙌

📩 비즈니스 및 협업 문의:
✉️ jayhan@5stones.co.kr

오돌 스튜디오와 함께하는 글로벌한 이야기, 앞으로도 많은 기대 부탁드립니다! 🌟✨",2026-03-27T08:45:00Z,"#외국인반응,#오돌스튜디오,#파이브스톤즈이엔티,#알파고시나씨,#외국인크리에이터",24,ko,PT9M35S,2d,hd,false,131,10,0,3,public,youtube,True,False,https://en.wikipedia.org/wiki/Entertainment,https://i.ytimg.com/vi/guuj7b4Eqf8/maxresdefault.jpg,thumbnails/오돌스튜디오/guuj7b4Eqf8.jpg
맛방_이성희 맛있는 방송,UCJSmPF7fqYgT-PXSUzZQYVQ,mAHho2LkmHc,대전 숨어있는 수제비맛집 3곳 어디?,,2026-03-22T03:21:02Z,,19,ko,PT11M30S,2d,hd,false,4778,88,0,12,public,youtube,True,False,"https://en.wikipedia.org/wiki/Food,https://en.wikipedia.org/wiki/Lifestyle_(sociology)",https://i.ytimg.com/vi/mAHho2LkmHc/maxresdefault.jpg,thumbnails/맛방_이성희맛있는방송/mAHho2LkmHc.jpg
나휴숑 nahyushong,UCI0hqxU5ImdZa9gQ8kKyv1w,ct4H2VlTy4s,[진주 로컬 현지인 맛집] 대안동 중앙시장 누룽시대 Part 2 수제 순대 내장 찰순대 모듬순대 병천순대 고기순대 Korean sundae pork intestines tripe,"🔎Information


◼️ 상호(store name) :  대안동 중앙시장 누룽시대

◼️ 위치(Location) : 경남 진주시 진주대로1070번길 12-4 대안동 8-43
   🗺️ google map :  
   🗺️    naver map :  https://naver.me/GhwXo6wC


✔️화면 상단에서 고화질(HDor4K)로 선택하시면 더 선명하게 보실 수 있습니다.
✔️본 영상은 유료광고를 포함하고 있지 않음을 알려드립니다.


#누룽시대#진주중앙시장#순대#",2026-03-27T10:00:00Z,,19,ko,PT3M26S,2d,hd,false,159,7,0,0,public,youtube,True,False,"https://en.wikipedia.org/wiki/Food,https://en.wikipedia.org/wiki/Lifestyle_(sociology)",https://i.ytimg.com/vi/ct4H2VlTy4s/maxresdefault.jpg,thumbnails/나휴숑nahyushong/ct4H2VlTy4s.jpg
현주엽의 푸드코트,UCj515KkJRYCIUbenzrbuXgw,SYKSZBvGY5U,간단하게 육전 1.2kg!!! BUT 현주엽이 속 터질 뻔한 이유는? #현주엽 #육전,"#현주엽 #육전 #먹방

문의 : foodcourtjju@gmail.com

※도를 넘은 악의적인 비방, 비난의 댓글은 삭제합니다",2026-03-25T11:00:00Z,"현주엽,현주엽tv,현주엽 고기,현주엽 먹방,현주엽 레전드,현주엽 고기 먹방,먹방,히밥,먹보스,mukbang,정호영,소고기,푸드트립,먹보스쭈엽이,현주엽 안정환,현주엽 레전드 먹방,현주엽의푸드코트,농구,쭈엽,박광재,주엽,안정환,요리,쯔양,캄보디아,아빠하고나하고,전현무,육전,육전 만들기,육전만들기,소고기육전,육전 레시피,육전 파채,육전소스,육전맛있게만드는법,육전 만드는법,육전 백종원,명절 육전,육전만드는법",22,ko,PT15M36S,2d,hd,false,92012,3328,0,120,public,youtube,True,False,"https://en.wikipedia.org/wiki/Food,https://en.wikipedia.org/wiki/Lifestyle_(sociology)",https://i.ytimg.com/vi/SYKSZBvGY5U/maxresdefault.jpg,thumbnails/현주엽의푸드코트/SYKSZBvGY5U.jpg
먹다,UC-sNR0PB3oZK0XpyJKprrdA,0O8JdKFfSXc,“아직도 삼겹살 드세요? 돈 버리는 짓입니다” 스테이크가 더 싼 충격적 이유,"삼겹살 2만원 시대! 그런데 스테이크는 1만3000원부터?
외식 업계 완전 역전 현상. 가성비 고기를 찾는 소비자, 1억원대로 창업을 준비 중인 예비 사장님이라면  꼭 봐야 할 현실 비교 영상입니다.

#스테이크창업 #외식창업 #창업아이템 #2026트렌드 #저가스테이크 #헤비스테이크 #가성비스테이크 #코지하우스

🧠박성훈
저서 《누가 내 돈을 훔쳤을까》, 《모르면 불편한 돈의 교양》, 《경제시그널》
팟캐스트《경제브리핑 불편한 진실》진행",2026-03-27T09:00:00Z,,22,ko,PT4M59S,2d,hd,false,66,0,0,5,public,youtube,True,False,,https://i.ytimg.com/vi/0O8JdKFfSXc/maxresdefault.jpg,thumbnails/먹다/0O8JdKFfSXc.jpg
로하Roha,UCrRn4Vat9iyUGtl6jPjG3IA,fH5o5FK4f7Y,"[여행 브이로그] 나트랑 1위 리조트 - 식스센스 닌반베이🏝️/동양의 몰디브?, 리조트 파산시키기, 풀빌라에서  깜놀한 이벤트(N), 아기랑 베트남 여행","[Instagram]  https://www.instagram.com/bemybela
[Business mail]  rohabear@gmail.com
→단순 '제품 무상 제공'(협찬, 브랜드 선물) 문의는 받지 않습니다😊

*170ml 종이컵, 일반 밥 숟가락으로 계량합니다.
*영상 오른쪽 위 점 세개를 눌러,  [화질] - [고급] - [2160p]로 시청해 주세요:)

[영상 속 정보]
옷: 제이드몽
시계: 엠포리오 알마니, 폴스미스

-모든 주방 용품 정보
https://youtu.be/06nwM4qkwfM
-그릇 & 주방 정리
https://youtu.be/w5CkxlBImbo
-주방 꾸미기
https://youtu.be/PP6FvqO9Mvg
-절대 실패없는 레시피 모음 1
https://youtu.be/Cl4TNFHcYzQ
-절대 실패없는 레시피 모음 2
https://youtu.be/JBJ-aHKvZQo
-절대 실패없는 레시피 모음 3
https://youtu.be/4Zq0BalVfIk
-절대 실패없는 레시피 모음 4
https://youtu.be/gAod1jdRzmA
-절대 실패없는 레시피 모음 5
https://youtu.be/LqPgg7GSrj4
-절대 실패없는 레시피 모음 6
https://youtu.be/0kr41cs9zis
-레시피 안 보고 요리하는 법
https://youtu.be/Hr5vMjTM5Jw",2026-03-08T13:27:04Z,,22,ko,PT37M14S,2d,hd,true,58558,722,0,88,public,youtube,True,False,"https://en.wikipedia.org/wiki/Lifestyle_(sociology),https://en.wikipedia.org/wiki/Tourism",https://i.ytimg.com/vi/fH5o5FK4f7Y/maxresdefault.jpg,thumbnails/로하Roha/fH5o5FK4f7Y.jpg
쏘울맛집,UC7fnIzjW2FdBO4sSY82c_iw,K4WmNykwu5I,"서울 종로3가에서 짬뽕 제일 잘하는 노포 중식집 (feat. 군만두, 유산슬, 탕수육)","찾아가는 길 10번 출구가 아니라 15번 출구입니다!

서울 종로3가 오래된 중식 맛집
합리적인 가격과 퀄리티 높은 음식의 중식 맛집

1. 서호장
서울 종로구 수표로 91-1
서울 종로구 관수동 13-1
02-2265-5329

2. 미동식당
서울 서대문구 충정로6길 59 서소문아파트 1층 6호
서울 서대문구 미근동 215
02-313-0958

종로3가 맛집
서울맛집
짬뽕맛집
중식맛집
군만두 맛집
중식맛집
짬뽕 1등
이자카야
korean food

채널에 가입하여 혜택을 누려보세요.
https://www.youtube.com/channel/UC7fnIzjW2FdBO4sSY82c_iw/join

#종로3가맛집 #중식맛집 #서울맛집 #짬뽕맛집 #짜장면맛집 #군만두맛집 #짬뽕1등",2026-02-24T20:15:49Z,"맛집,노포,쏘울맛집,종로3가 맛집,짬뽕 맛집,탕수육 맛집,군만두 맛집,유산슬 맛집,서울 맛집",22,ko,PT5M39S,2d,hd,false,30215,796,0,48,public,youtube,True,False,"https://en.wikipedia.org/wiki/Food,https://en.wikipedia.org/wiki/Lifestyle_(sociology)",https://i.ytimg.com/vi/K4WmNykwu5I/maxresdefault.jpg,thumbnails/쏘울맛집/K4WmNykwu5I.jpg
고팡 GopangTV,UC4M0r-r1pMcf57OdRgsWVkA,oZJHloo07Hg,여기 가시려면 위장 단디 비우고 가셔야합니다 #혼술 #유박사곱창 #구리맛집,"팡하! 오늘은 건물 1층,2층,3층까지 건물전체가 곱창집인 유박사 곱창에 다녀왔어요오!
적당한 돼지의 쿰쿰함과 무엇보다 양이 정말 푸짐하고 직원분들도 너무너무 친절하시더라구용!
이번편도 시청해주셔서 정말 감사합니당♡

[유박사 곱창]
경기 구리시 안골로103번길 56 1층 2층 3층
영업시간 매일 10:00 - 다음 날 01:00

광고문의♡ gopangtv@naver.com
소주값지원♡ 토스뱅크 100124375795",2026-03-11T08:00:53Z,"혼술,혼술 먹방,술먹방,여자 혼자,여자 혼술,혼술 여자,여행 V로그,혼술 V로그,면목동 맛집,중랑구 맛집,면목 동원 시장,노포 맛집,서울 노포,수구레전골,매운 음식,이모네 실내 포차,매운 음식 잘하는 곳,매운 안주,오늘 뭐 먹지,전골 맛집,매운 전골,고팡,국내여행,뼈해장국,가성비맛집,묵동맛집,태릉입구맛집,국밥맛집,해장굿맛집,해장국맛집,빨뚜,빨간뚜껑,참이슬 오리지날,혼술 브이로그,추대감네,추대감네 감자탕,묵동 추대감네,태릉입구 추대감네,뼈해장국 맛집,해장 맛집,순대국맛집,순대국밥,국밥,국밥충,매운해장국,매운뼈해장국,반주,반주맛집,진해장국,창동 진해장국,가성비,창동맛집,도봉구맛집,진해장국 창동,구리맛집,구리전통시장,구리곱창,유박사,구리 유박사,구리 유박사곱창,구리 이모네곱창,구리 삼촌네곱창,곱창맛집,돼지곱창,매운음식,안주,야채곱창,오돌뼈,매운음식맛집,알곱창,구리 곱창",22,ko,PT9M11S,2d,hd,false,8459,422,0,62,public,youtube,True,False,"https://en.wikipedia.org/wiki/Food,https://en.wikipedia.org/wiki/Lifestyle_(sociology)",https://i.ytimg.com/vi/oZJHloo07Hg/maxresdefault.jpg,thumbnails/고팡GopangTV/oZJHloo07Hg.jpg
지수씨네,UCAGomVTpBAQpKW--78X_lyQ,9PdH3fpRxzQ,"사는 거 좋아하는 부부의 봄옷 쇼핑 하울🛍️워크재킷, 후드, 모자, 반지 등등","날 풀리고 봄냄새 나기 시작하니 
자꾸 뭔가 사고 싶더라구요..???

지수씨 박서방 각자 취향껏 쇼핑한 봄옷 하울 같이 봐주실래요?🩷 참..소이 아이템도 있어요! 혹시나 서운해 할까봐 소이 옷도 당연히 샀지요 ㅋㅋㅋㅋㅋㅋㅋ

00:00 조용한 오프닝
00:42 렉토 워크재킷
01:50 마이큐오빠가 선물해준 워크재킷
02:34 르몽생미셸 워크재킷
03:29 헤이그 후드
04:25 헤이그 스트라이프와플티셔츠
04:58 토니웩 셔츠
05:55 토니웩 슬리브리스
06:34 제임스펄스
07:24 타일레 플레어 트라우저
08:21 앤유 나이보더 워싱 데님팬츠
09:28 유니클로 가디건
10:42 비아플레인 셔츠
12:52 르메르 반지
13:31 타케오키쿠치 빈티지 셔츠
14:23 크로쉐안트 레터캡
15:39 ARKA 소이옷",2026-03-25T10:00:25Z,,22,ko,PT18M2S,2d,hd,false,18146,377,0,59,public,youtube,True,False,"https://en.wikipedia.org/wiki/Fashion,https://en.wikipedia.org/wiki/Lifestyle_(sociology)",https://i.ytimg.com/vi/9PdH3fpRxzQ/maxresdefault.jpg,thumbnails/지수씨네/9PdH3fpRxzQ.jpg
ONFOOD 온푸드,UCSmhWBsryu1APvhg3xQT1oQ,WQNAPYS0yHg,9000원짜리 초가성비 한식뷔페?! 35가지 메뉴를 직원 없이 온가족이 만드는 지역 1등 한식뷔페/Only $6!Popular All-You-Can-Eat Korean Buffet,"세상은 넓고 맛집은 많다! 다양한 길거리 음식과 맛집을 찾아 소개하는 ""온푸드""입니다.  
맛있는 영상 즐겁게 시청하시고 행복한 하루되세요~
The world is vast, and there are countless delicious places to eat! OnFood introduces you to a variety of street foods and amazing restaurants. 
Enjoy our delicious videos and have a wonderful day!

📢

1.00:00 인천 연수구 ""진수성찬""
2.24:38 경북 구미 ""선산 오일장 핫도그""

""이 채널을 구독하시면 다양한 길거리 음식과 맛있는 음식들을 만나보실 수 있습니다. 
구독하고 맛있는 여정을 함께하세요!""
“If you subscribe to this channel, you can enjoy a variety of street food and delicious foods. 
Subscribe and join us on a delicious journey!""

🔔 [ 온푸드 구독하기 / onfood Subscribe ]  :  https://bit.ly/32WflpQ 💖

💌 촬영 제안 및 제보 받습니다.
: onfood_ofc@naver.com",2026-03-19T09:00:49Z,"food,street food,korean street food,길거리음식,온푸드,onfood,on food,korean food,여행,yummy food,Korea,가성비,음식,맛집,푸드,한국요리,요리,맛집추천,recipe,korean street food making,태국길거리음식,thai street food",19,ko,PT34M40S,2d,hd,false,21479,198,0,18,public,youtube,True,False,"https://en.wikipedia.org/wiki/Food,https://en.wikipedia.org/wiki/Lifestyle_(sociology)",https://i.ytimg.com/vi/WQNAPYS0yHg/maxresdefault.jpg,thumbnails/ONFOOD온푸드/WQNAPYS0yHg.jpg
울산남구여행,UCIHVckqVvKSxmtvP7qDBhaQ,WPwQKKe031Q,울산 찐로컬 맛집 + 360도 회전 카페🌀 흐린 날 울산 여행 코스,"날씨가 흐린 날에도 즐기기 좋은
울산 남구 여행 코스 소개해드립니다☔

​🕒 영상 타임라인
​00:00 영상 미리보기
00:29 시작
00:56 점심식사 - 미진돌곱창
02:00 🔦 태화강 동굴피아
05:20 ☕️ 태화강 전망대 카페

📍 미진돌곱창 / 울산 남구 삼산로228번길 17
진짜 돌판에 구워주는 곱창 맛집이라 더 쫀득하고 고소했어요.
웨이팅이 많은 편이라 울산 사람들은 대부분 아는 찐 로컬 맛집 추천!
 
📍 동굴피아 / 울산 남구 신정동 1540-1
일제강점기 때 방공호로 사용되던 동굴을
이색 체험 공간으로 만든 장소예요.
진짜 동굴 탐험하는 느낌이라 재밌답니다.

📍 태화강전망대 카페 / 울산 남구 무거동 1293
태화강을 파노라마처럼 한눈에 볼 수 있는 전망 카페입니다.
카페가 360도로 천천히 회전해서
다양한 풍경을 실시간으로 감상할 수 있는 게 특징!
뷰도 좋고 커피도 맛있어요💗

혼자서도 부담 없이 즐기기 좋은 울산 남구 코스✨
여러분도 울산 남구에 놀러 오셔서 직접 한 번 즐겨보세요!
궁금한 점은 댓글 남겨주세요👇


울산 남구 공식 관광 인스타그램 
https://www.instagram.com/ulsan__go
울산 남구 공식 관광 블로그
https://blog.naver.com/ulsan_namgu_tour
울산 남구 공식 관광 페이스북
https://www.facebook.com/UlsanGo/",2026-03-06T11:30:26Z,"울산남구여행,울산여행,울산맛집,울산혼여행,울산가볼만한곳,비오는날여행,미진돌곱창,태화강전망대카페,태화강동굴피아,울산실내데이트,혼자여행,이색카페,울산핫플,koreatravel,ulsan,혼밥,혼여행",24,ko,PT6M22S,2d,hd,false,507,11,0,3,public,youtube,True,False,"https://en.wikipedia.org/wiki/Food,https://en.wikipedia.org/wiki/Lifestyle_(sociology),https://en.wikipedia.org/wiki/Tourism",https://i.ytimg.com/vi/WPwQKKe031Q/maxresdefault.jpg,thumbnails/울산남구여행/WPwQKKe031Q.jpg
이수길TV삶,UCB7x2bM7m_tJ-9avDahK7Ew,YnjVbevWzrc,"伝統市場 삼척중앙시장5일장날 어머니장터, 수산물장터, 먹거리장터, 잡화장터 견문록♡삶2499/Samcheok traditional market, korea","강원특별자치도 삼척시 전통시장 삼척중앙시장 5일장날에 나온 각종 농수산물, 먹거리 등등 만나보고 왔습니다. 

#전통시장 #오일장 #장날 #삼척 #어머니 #장터 #농산물 #수산물 #문어 #홍게 #대게 #시세 

#传统市场 #韩国传统市场 #市場 #伝統市場 #韓国 #卸売場 #小売り#ソウル #マーケット #魚市場 #水産物 #相場 #ホトック 
ㅡㅡㅡㅡㅡㅡㅡㅡㅡㅡㅡㅡㅡㅡㅡㅡㅡㅡㅡㅡㅡㅡ
방송섭외: 이수길 
영상감독: 이수길 
영상촬영: 이수길 
영상편집: 이수길 
영상홍보: 이수길 
촬영기기:  Samsung Galaxy S22 Ultra  
영상시간: 00시간 29분 26초",2026-03-27T08:30:13Z,"전통시장,오일장,장날,수산물,농산물,문어 시세",27,ko,PT29M26S,2d,hd,false,679,31,0,0,public,youtube,True,False,"https://en.wikipedia.org/wiki/Food,https://en.wikipedia.org/wiki/Lifestyle_(sociology)",https://i.ytimg.com/vi/YnjVbevWzrc/maxresdefault.jpg,thumbnails/이수길TV삶/YnjVbevWzrc.jpg
planD플랜디,UCPaApoLkmPqxCeZF7gjoc3w,t4XsqXrdIBo,뚜벅이의 제주도 여행🌺  일하다 떠난 제주 브이로그✈️ 비와도 알차게 놀기. 제주 숙소 추천! 짐배송 서비스 대참사,"🌷 @_plan_d
https://www.instagram.com/_plan_d/
안녕하세요 여러분 
이번 영상은 내내 비오는 제주를 뚜벅이로 여행하는 일상을 담았어요
요청으로 편집했지만 제주에 온 친구와 만나기도 하고
비와서 체력적으로 힘들까 걱정했지만 관광을 안해서 그런지
오히려 잘 쉬다가는 느낌이었어요 
그럼 이번에도 편히 봐주세요🧡 

👖착장정보👜
아이보리 이너티 │ 얀13
데님 │ 파사드패턴
흰 집업 │ 마시모두띠
그레이 점퍼 │ 티메이커
크로스백 │ 세이모온도
네이비 니트 │  FRRW
모자 │  린에비뉴
연보라 가디건 │  로라로라
스커트 │  룩캐스트



🥪영상에 나온것들🍲
Day 1.
비오는날 제주 │  에메랄드 호텔  │  야키토리 사카메

Day 2.
우진해장국 │  짐캐리 │  픽업베이커리
오보에 │  제주동문시장 │  제라헌 땅콩크림떡
우도땅콩 │  귤떡 │   다이제 우도땅콩맛
딱새우회 │  쏘머치모어 │  동백 몽블랑
세화해변 │   청파식당 │  고등어회
구좌 하나로마트 │  호텔 홀라인 평대점 │  

Day 3.
평대성게국수
성게밥 │  군소볶음 │  리틀스프링스테이
파앤이스트 │  풍림다방 │  송당회관

Day 4
송당의 아침 │  레이식당 │  톳파스타 │ 
톳소금 │   우무 공항점





#제주여행 #뚜벅이제주여행  #koreanvlog 


🤍비지니스 메일
pland@sandbox.co.kr
해당 메일은 샌드박스에서 확인합니다



🍽NEW키친투어 영상🍽 주방용품 정보는 여기 참고해주세요🥪
https://youtu.be/oa-DN2ls1YU


컨텐츠 제작의 마무리는 컨텐츠플라이! 글로벌 진출을 위한 최고의 파트너,
CONTENTSFLY에서 제작되었습니다.
https://www.contentsfly.com",2026-03-27T11:01:26Z,,22,ko,PT48M34S,2d,hd,true,149894,7716,0,309,public,youtube,True,False,"https://en.wikipedia.org/wiki/Food,https://en.wikipedia.org/wiki/Lifestyle_(sociology),https://en.wikipedia.org/wiki/Tourism",https://i.ytimg.com/vi/t4XsqXrdIBo/maxresdefault.jpg,thumbnails/planD플랜디/t4XsqXrdIBo.jpg
AZ짱 손병호,UCEuayn5HiIrFA026a7dtlNQ,m_mkB8quIcM,천만 원으로 영화 찍는 거 가능? 단편 영화의 역습🎬 | 무빌리지 브랜드 필름M 비하인드 | 아재짱 손병호,"✨ 한국 영화의 미래, 단편 영화를 위해 뭉쳤다! ✨ 
손병호가 참여한 무빌리지 브랜드 필름 M 촬영 비하인드를
김형균 감독, 이명준 배우, 권영진 배우, 김원석 배우와 함께 털어봤습니다.
한국 단편 영화의 부흥을 위해 
예산 천만 원으로 일궈낸 기적 같은 이야기들! 
대리운전하면서도 꿈을 포기하지 못한 배우들의 이야기까지
지금 바로 확인하세요!

⏰ 무빌리지 브랜드 필름 M 비하인드썰.zip
00:00 하이라이트🎬 짠내 나는 배우들의 비하인드 
00:23 오프닝🍻 무빌리지 단편 영화 플랫폼 소개
01:30 감독님과 배우 3인 소개 타임
02:20 질소 커피 나이샷 콜드브루+맥주 조합은?
03:25 아재짱의 단골집 노포 평창동 절벽
03:55 단편 영화 무빌리지M 작품 소개
05:33 단편 영화의 현실, 그리고 애써준 스태프들
07:37 권영진 배우가 이 작품에 합류하게 된 계기는?
08:26 아이돌 준비하다 배우로 방향 튼 사연은?
09:03 배우 생활 중 겪은 통편집과 대리운전 일화
10:55 꿈을 접을 수 없던 배우들의 아픔
11:27 현장에서 제일 행복한 배우들의 이야기
12:13 무빌리지M 앞으로의 목표는 극장 개봉?
12:44 한국 단편 영화의 붐을 기원하며 건배
13:15 쿠키🎤 아이돌 연습생 시절 노래 한 소절

✅ 구독 + 좋아요 + 알림 설정은 사랑입니다 😎

💌비즈니스 문의 : June@ozstudio.net

#손병호 #무빌리지M #단편영화 #독립영화 #영화비하인드",2026-03-26T08:00:44Z,"손병호,AZ손병호,아재,아재손병호,손병호게임,“손병호 게임”,아재짱손병호,배우손병호,“배우 손병호”,az짱,az짱손병호,아저씨,아저씨유튜버,중년배우,중년유튜버,중년브이로그,악역,귀궁,서울예대,조연배우,라디오스타,서울예대82학번,무빌리지,무빌리지M,단편영화,김형균감독,이명준,권영진,김원석,영화비하인드,배우비하인드,독립영화,브랜드필름,한국영화,단편영화플랫폼,무명배우,영화인,한국단편영화,칸영화제,칸라이언즈,콜드브루,나이샷콜드브루,질소커피,대리운전썰,평창동절벽,코레아노스",24,ko,PT13M50S,2d,hd,false,840,65,0,16,public,youtube,True,False,"https://en.wikipedia.org/wiki/Entertainment,https://en.wikipedia.org/wiki/Film",https://i.ytimg.com/vi/m_mkB8quIcM/maxresdefault.jpg,thumbnails/AZ짱손병호/m_mkB8quIcM.jpg
미미다육맘 ,UC9aAvktfybOVzccavCNYfIA,V3a2YjGhS64,#미미네옥상다육소식💗옥상다육이 계속 정리하다보니 시간 기는줄도 모르고 컴컴해지네요#옥상노지다육🩷26.3.27/korean succulents plants 🪴 ,"게시일 2026.3.27
#미미네옥상다육소식 #옥상노지다육 #옥상다육키우기 #옥상다육플분으로계속분갈이",2026-03-27T10:09:39Z,,24,ko,PT16M27S,2d,hd,false,814,77,0,9,public,youtube,True,False,"https://en.wikipedia.org/wiki/Hobby,https://en.wikipedia.org/wiki/Lifestyle_(sociology)",https://i.ytimg.com/vi/V3a2YjGhS64/maxresdefault.jpg,thumbnails/미미다육맘/V3a2YjGhS64.jpg
신애라이프 오디오성경 Shinaelife Audio Bible,UCjWXYUaa_IbqIoqu6u33tLw,HHeY2XYhKOs,3월 28일 누군가에게 상처 받았을 때ㅣ힘든 관계를 통해 자라납니다,#매일기도 #조정민 #두란노,2026-03-27T21:00:24Z,"차인표,연예인,생활,초간단,요리,Shin,Shinaera,신애라이프,Shinaelife,celeb,life,초간단 레시피,마태복음,오디오성경,신애라 성경,신애라 기독교,신애라 내레이션,audio bible,korean bible,christianity,bible verses,jesus,gospel,daily bible,daily verses,매일 성경,성경 통독,오디오바이블,scripture,audio gospel,복음 성경,마가,mark,마가복음,복음,사도요한,요한,창세기,구약성경,구약,old testament,ot,성경 낭독,주님은 나의 최고봉,my utmost for his highness,meditation,묵상,명상,매일 묵상,bible meditation,오스왈드 챔버스,Oswald Chambers,어 성경이 읽어지네,어성경이읽어지네,구약 설명,바이블스터디,genesis",22,ko,PT2M28S,2d,hd,false,261,52,0,8,public,youtube,True,False,"https://en.wikipedia.org/wiki/Religion,https://en.wikipedia.org/wiki/Society",https://i.ytimg.com/vi/HHeY2XYhKOs/maxresdefault.jpg,thumbnails/신애라이프오디오성경ShinaelifeAudioBible/HHeY2XYhKOs.jpg
츄미생활 chulife,UCAO40mq1_TWTdXTKWcLfbwg,LN7mmyqOQyo,매운차돌짬뽕으로 해장하려고 했는데 숙취가 방해하는 먹방,"영상 속 제품 정보 👉 https://litt.ly/chulife
Instagram@chuuuuulife
contact. tnqlsl0330@gmail.com

💓 오늘도 시청해주셔서 감사합니다💓 
💓구독과 좋아요는 사랑입니다💓

#차돌짬뽕 #짬뽕 #해장 #먹방 #매운먹방 #mukbang #eatingshow #eatingsounds #asmr #asmrfood #food #foodie",2026-03-22T12:00:26Z,,22,ko,PT7M46S,2d,hd,false,6723,0,0,46,public,youtube,True,False,"https://en.wikipedia.org/wiki/Food,https://en.wikipedia.org/wiki/Lifestyle_(sociology)",https://i.ytimg.com/vi/LN7mmyqOQyo/maxresdefault.jpg,thumbnails/츄미생활chulife/LN7mmyqOQyo.jpg
자연인은경,UCzlwvfQeKPhODjgc2ZJU9dA,FGM4PcNEuvI,여보 명이나물이랑 더덕 이제 먹어보자,,2026-03-26T22:00:10Z,,22,ko,PT14M48S,2d,hd,false,19039,1261,0,103,public,youtube,True,False,"https://en.wikipedia.org/wiki/Food,https://en.wikipedia.org/wiki/Lifestyle_(sociology)",https://i.ytimg.com/vi/FGM4PcNEuvI/maxresdefault.jpg,thumbnails/자연인은경/FGM4PcNEuvI.jpg
수연이네,UCFmJ5rrMym4HiJ0pc0hjVTQ,rkcAzkFFvLc,1살 아기에게도 필요한 성교육? 영유아 성고민 전부 물어보고 왔습니다!👶🏻,"무물 진행했을 때 많은 부모님이 같은 고민을 하고 계시는 걸 보고
하루빨리 이 영상을 업로드하고 싶었어요🥹

즐겁고 편안한 성교육 상담을 진행해 주신 한혜선 강사님의
영유아 성교육 도서 [엄마 성교육의 힘] 선물 이벤트도 많은 참여 부탁드립니다🫶🏻

✨도서 이벤트 안내
- 이벤트 기간 : 3월 27일 ~ 4월 2일 
- 추첨을 통해 10분께 드립니다!
- 참여 방법 : 성교육 영상 후기를 댓글로 남긴 후, 구글폼 작성!
   🔗 구글폼 : https://forms.gle/RBbC8zbkAp9oQWf37


#수연이네 #사남매 #육아 #푸른아우성",2026-03-27T10:01:08Z,"수연이네,사남매,육아,요리,집밥,레시피,브이로그,VLOG,일상,힐링,cooking,recipe,korean food,유아 성교육,아동 성교육,성교육,성상담,푸른 아우성,영유아 성교육,유아 자위,부부 관계 목격,남매 성문제,남매 성교육,디지털 범죄,영유아 교육,인성 교육,성문제,성희롱,성폭행,유아 교육,육아 정보,상담",26,ko,PT25M35S,2d,hd,false,10349,323,0,70,public,youtube,True,False,https://en.wikipedia.org/wiki/Health,https://i.ytimg.com/vi/rkcAzkFFvLc/maxresdefault.jpg,thumbnails/수연이네/rkcAzkFFvLc.jpg
서엘맘 Seoel mom,UCbUC6-hNh1itGbgDa_e9kNg,LRR6uCKdfXI,"프로 유지어터의 애사비 찐추천템 Top4🍎 내돈내산 정착템들 공유🙌🏻 (광고❌ 맛, 성분, 가성비, 젤리스틱 / 혈당관리, 다이어트, 사과식초, 완벽 비교)","오랜만에 추천템 영상이죠
전부터 벼르다 벼르다 드디어🥹

더 이상은 미룰수 없다 싶어서ㅋ
종업식날 촬영하고 틈틈이 편집했지요 ◡̈

혈당관리만 신경써도 유지가 훨씬 쉽더라구요!
이것 말고도 괜찮은 애사비 제품 있으면
언제든지 또 마구마구 추천해주세요🙌🏻

오늘 날씨가 갑자기 너무 추워졌는데
모두들 감기 조심하시구- 방학도 화이팅💕


00:00 혈당관리 치트키 애사비
00:33 애사비 논문철회 / 효능에 대한 개인적 생각
01:05 애사비를 고르는 기준 두가지
02:51 첫번째 글루어트 애플사이다비니거
03:49 두번째 라이블링 애사비 클렌즈
04:45 세번째 비비랩 애사비 탱글 포켓 젤리
06:03 밀잇 젤리컷 / 티젠 애사비 / 퓨어스 젤리스틱
06:36 네번째 써니펀치 알로애사비
08:02 방학도 화이팅
⠀
⠀",2026-01-21T05:42:36Z,"애사비,애플사이다비니거,애사비추천,혈당관리,다이어트",22,ko,PT8M20S,2d,hd,false,7458,118,0,51,public,youtube,True,False,"https://en.wikipedia.org/wiki/Health,https://en.wikipedia.org/wiki/Lifestyle_(sociology)",https://i.ytimg.com/vi/LRR6uCKdfXI/maxresdefault.jpg,thumbnails/서엘맘Seoelmom/LRR6uCKdfXI.jpg
범진뭐해,UCdStZGGtJlnvtPBLMjKOjSQ,duPugBQ8_0I,🔴 참PD 인생 소스 등판! 아리아케 호우오우 돈코츠 라멘&국밥 실시간 먹방,#실시간먹방 #참PD추천 #돈코츠라멘 #범진뭐해 #라이브먹방 #아리아케호우오우 #소통방송,2026-03-27T19:51:46Z,,24,ko,PT1H26M17S,2d,hd,false,238,9,0,0,public,youtube,True,False,"https://en.wikipedia.org/wiki/Food,https://en.wikipedia.org/wiki/Lifestyle_(sociology)",https://i.ytimg.com/vi/duPugBQ8_0I/maxresdefault.jpg,thumbnails/범진뭐해/duPugBQ8_0I.jpg
산골맛집김선생과 제2의새마을운동 ,UCet4VXBGsHn8PRUOOhnCFgQ,4M-KCOqLzFc,#산골맛집김선생 #정글가든 #청소 #자연밥상 #왕언니 #시작 #300명의힐링 #자연의선물 #잡초밥상 #건강한먹거리 ,김선생 다시 많은 세상 공부를 하고 성장된 모습으로 성숙해졔 다시 300명의 가족들과 돌아왔다,2026-03-26T22:58:40Z,,27,ko,PT47M18S,2d,hd,false,473,41,0,3,public,youtube,True,False,"https://en.wikipedia.org/wiki/Food,https://en.wikipedia.org/wiki/Lifestyle_(sociology)",https://i.ytimg.com/vi/4M-KCOqLzFc/maxresdefault.jpg,thumbnails/산골맛집김선생과제2의새마을운동/4M-KCOqLzFc.jpg
이종임 스타일 채널,UCTIiGl3YTwzyEsArwlOExsg,rtAHP9ofr7A,[ENG SUB]EP.557-우엉채볶음) 천연 인슐린 우엉~ 어떻게 먹으면 맛있을까요,"#우엉 #반찬 #이종임스타일

식감 아삭아삭해서 밥반찬으로 정말 좋은 우엉채볶음 😊🥢
조금 번거롭게 느껴졌던 과정을 줄여서
누구나 쉽게 만들 수 있는 방법으로 소개해요 👩‍🍳✨
그리고 당 섭취를 줄여야 하는 분들도 부담 없이 드실 수 있도록
당을 낮춘 레시피도 함께 알려드립니다 👍🌿
건강한 반찬, 하지만 맛까지 포기하지 않는 방법!
지금 바로 만들어 보세요 😊🍚🥄


✨우엉조림✨
https://youtu.be/-6ZHnEIpwTU?si=I_JrjYVxtLgQFpy7

✨우엉고추장볶음✨
https://youtu.be/i07T6pXldsk


================================

👩‍🍳 재료 및 분량
채 썬 우엉 200g, 꽈리고추 6개,
물 3컵, 소금 1작은술,
참기름 ½큰술, 통깨 1작은술,
쌀 올리고당 1큰술

양념)
맛간장 2½큰술, 대파 10cm,
다진 마늘 1큰술, 식용유 1큰술,
다시마 물 1½컵 


👩‍🍳 만드는 방법
1. 우엉은 손질하여 씻고 채칼로 짧게 채 썬다
2. 꽈리고추 1cm 길이로 썰고 대파는 송송 썬다
3. 끓는 물에 소금을 풀고 우엉을 4~5분 삶은 후 건져 물기를 제거한다
4. 팬에 기름을 두르고 대파와 마늘을 먼저 볶은 후 우엉도 함께 볶는다
5. 맛간장과 다시마물을 붓고 5분간 끓인 흐 꽈리고추를 넣고 볶는다
6. 참기름과 통깨를 넣어 완성한다",2026-03-27T06:00:00Z,"시니어요리,가족모임요리,시니어,어르신,시니어라이프,시니어시티즌라이프매거진,이종임,요리,라이프,푸드,레시피,전통,오방색,비법,손맛,대대로,수도요리학원,하선정,하숙정,수도요리",26,ko,PT8M2S,2d,hd,true,1450,92,0,13,public,youtube,True,False,"https://en.wikipedia.org/wiki/Food,https://en.wikipedia.org/wiki/Lifestyle_(sociology)",https://i.ytimg.com/vi/rtAHP9ofr7A/maxresdefault.jpg,thumbnails/이종임스타일채널/rtAHP9ofr7A.jpg
덕이네이모,UCr4nfqTHGnHBdaBSWNG_buQ,_4ud2ddLAkA,전라도 욕쟁이 이모  2부 노래방  소통,This stream is created with #PRISMLiveStudio,2026-03-27T03:49:36Z,,24,ko,PT1H33M47S,2d,hd,false,5504,143,0,22,public,youtube,True,False,https://en.wikipedia.org/wiki/Lifestyle_(sociology),https://i.ytimg.com/vi/_4ud2ddLAkA/hqdefault.jpg,thumbnails/덕이네이모/_4ud2ddLAkA.jpg
쿠킹샘주방 Cooking Sam's Kitchen,UCjsxEVJ_Y2TkwP_oCekaz9g,dQNKqh2husU,"이젠, 유명 김밥집 웨이팅 줄 서지 마세요!","이젠, 유명 김밥집 웨이팅 줄 서지 마세요!
김밥 초보자도 쉽게 마는 법을 
절대 놓치지 마세요!
정말 쉽고 값싸고 맛있는 김밥을 만들어 볼게요!
정말 맛있어요!
일주일에 3번을 만들어 먹었다는 사실!!
중독됩니다.

오늘도 맛있는 레시피와 함께 건강한 하루되세요!

[재료]
*밥숟가락 계량 (T=5g) / 커피스푼 계량 (t=2.5g)
유부
밥 150g
참기름 1t
소금 두 꼬집
김밥용 김
단무지, 우엉 (선택)

참기름 1t
식용유 2t
간장 1t
올리고당 2t

fried tofu
150g rice
1t sesame oil
two pinches of salt
laver for gimbap
pickled radish, burdock (optional)

1t sesame oil
2t cooking oil 
1t soy sauce
2t cooking syrup (oligosaccharide)


#김밥 #gimbap #김밥레시피 
#유부김밥 #김밥만드는법 
#쿠킹샘영상 #조미김김밥  
#김밥마는법 #kimbap 


----------------------------------
Connect with COOKING SAM
yummyjoyent@gmail.com

쿠킹샘 – 인스타그램  (instagram)
http://www.instagram.com/cooking_sam_kitchen

쿠킹샘주방 – 유튜브
https://youtube.com/@cookingsam







*music provided by 브금대통령
*track :  Brunch ll   https://youtu.be/XlhBXAMHUz8",2026-03-21T12:00:58Z,"김밥,간단김밥,유부,유부레시피,tofu,fried tofu,gimbap,kimbap,쿠킹샘,쿠킹샘주방,쿠킹샘키친,쿠킹샘레시피,쿠킹샘주방레시피,쿠킹샘키친레시피,쿠킹샘주방영상,쿠킹샘키친영상,쿠킹샘키친요리,쿠킹샘영상,cookingsam,cookingsamkitchen,cookingsam’s kitchen,cookingsam video,cookingsam’s recipes,cookingsam recipes,yt:cc=on,cooking,cookingchannel,cookingvideo,cookingathome,cookingtips,cookingvideos,cookingshow,김밥만들기,김밥싸기,도시락만들기,도시락,lunch box,분식,분식메뉴,김밥집,김밥마는법,making gimbap,초간단김밥,김밥예쁘게마는법,쿠킹샘김밥,김밥양념,유부튀김,유부김밥,tofu gimbap,다이어트김밥,두부김밥,간단김밥만들기,김밥재료,김밥황금조합,유부김밥만들기,김밥맛있게만들기",26,ko,PT3M58S,2d,hd,false,4464,59,0,58,public,youtube,False,False,"https://en.wikipedia.org/wiki/Food,https://en.wikipedia.org/wiki/Lifestyle_(sociology)",https://i.ytimg.com/vi/dQNKqh2husU/maxresdefault.jpg,thumbnails/쿠킹샘주방CookingSamsKitchen/dQNKqh2husU.jpg
똘맹타로,UCi4NDFWWMohmHMWxBd-06kA,U6-NKmLNU0Q,[타로] 4월의 가장 기쁜 소식🎉,"[타임스탬프]

인트로  0:00

오늘 사용한 카드 0:42

카드 파일 선택  1:33

카드 이미지 선택 1:41

카드파일 번호 공개 1:50

1번카드  1:58

3번카드  9:11

4번카드  15:08

5번카드  20:55

8번카드  25:40

🔖영상에서 사용한 카드🔖
- Horoscope Belline
- GOLDEN UNIVERSAL TAROT © of images belong to Lo Scarabeo
- FABLE HEDGEHOG TAROT
-  Universal Waite TAROT DECK
- 소울메세지카드 : 타로마스터 정회도 제작 한국어 오라클카드 / 판매처: 소울소사이어 , 링크 -https://m.smartstore.naver.com/tacaso/products/5341754248 
썸네일 - 미리캔버스
영상편집 - vllo",2026-03-23T11:00:00Z,"#타로,#타로카드,#tarot,#제너럴리딩,#운세타로,#운세,#4월운세,#4월,#2026,#똘맹타로,#타로리딩,#신점,#소름돋는예언",22,ko,PT30M51S,2d,hd,false,2669,313,0,26,public,youtube,True,False,https://en.wikipedia.org/wiki/Lifestyle_(sociology),https://i.ytimg.com/vi/U6-NKmLNU0Q/maxresdefault.jpg,thumbnails/똘맹타로/U6-NKmLNU0Q.jpg
사위TV_요리와 일상,UCcCs2Xsh15EOFRVpLNqHwug,4RuME2crHd0,쪽파말이무침 황금레시피 | 입맛 살리는 봄의 선물! 아삭하고 매콤달콤한 쪽파강회무침,"안녕하세요. 오늘도 찾아주셔서 감사합니다.
오늘은 손님 초대 요리로도 손색없고, 식탁 위에 올려두면 꽃처럼 예쁜 '쪽파말이무침'을 준비했습니다. 쪽파를 알맞게 데치는 비법부터, 입에 착 붙는 양념장 비법까지 모두 담았습니다.
매콤달콤하면서도 쪽파 특유의 향긋함이 살아있어 밥 한 그릇 뚝딱 비우게 될 거예요.
가족들을 위해 정성껏 말아 내놓으면 ""어머, 정성이 대단하다!""는 칭찬 꼭 들으실 겁니다.
오늘도 맛있는 식사 하시고, 늘 건강하세요!

[재료]
1. 주재료: 쪽파 400g(손질 후 무게)
2. 양념재료: 고춧가루 1큰술, 다진마늘 1/2큰술, 양조간장 2큰술, 까나리액젓 1큰술, 매실청 2큰술, 고추장 1큰술, 식초 1큰술, 통깨 1큰술, 참기름 1큰술
3. 데치기 용: 물 1.4리터, 천일염 1큰술

[만드는 방법]
1. 쪽파 손질하기: 쪽파는 뿌리를 자르고 껍질을 벗겨 물에 2번 깨끗이 씻어 준비합니다.
2. 물 끓이기: 냄비에 물 1.4L를 넣고 끓이다가, 물이 끓어오르면 천일염 1큰술을 넣습니다.
3. 쪽파 데치기: 끓는 물에 쪽파의 흰 뿌리 부분부터 먼저 담그고, 잠시 후 잎 부분까지 모두 넣어 총 30초 정도 살짝 데칩니다.
4. 열기 식히기: 데친 쪽파는 즉시 찬물에 헹궈 열기를 식힌 후, 물기를 꼭 짜서 준비합니다.
5. 예쁘게 말아주기: 쪽파를 한 줄기씩 돌돌 감아 풀리지 않게 고정해 줍니다.
6. 양념장 만들기: 볼에 고춧가루, 다진 마늘, 간장, 액젓, 매실청, 고추장, 식초, 통깨, 참기름을 분량대로 섞어 양념장을 만듭니다.
7. 버무려 마무리: 만들어둔 양념장에 쪽파를 넣어 조물조물 가볍게 버무려 완성합니다.

#쪽파요리 #쪽파말이무침 #쪽파강회 #밑반찬만들기 #집밥레시피",2026-03-20T06:12:55Z,"쪽파말이무침,쪽파요리,쪽파,밑반찬 황금레시피,3월 제철음식,손님상차림 메뉴,건강한 반찬,간단한 밑반찬,봄나물무침,고추장 양념 비법,사위티비,나물무침",26,ko,PT4M14S,2d,hd,false,10213,80,0,6,public,youtube,True,False,"https://en.wikipedia.org/wiki/Food,https://en.wikipedia.org/wiki/Lifestyle_(sociology)",https://i.ytimg.com/vi/4RuME2crHd0/maxresdefault.jpg,thumbnails/사위TV_요리와일상/4RuME2crHd0.jpg
배동성&전진주의 정밥TV,UC6RT0rczmhSSkWwQvh0hPnA,VKaAaF9jzgM,[공구오픈] 드디어 찾아온 핀일로 스텐냄비 8차 공구! 절대 놓쳐선 안되는 사은품 혜택까지!?,"📢정밥TV × 핀일로 8차 공구 OPEN📢
# 모노라이트 공식 스토어 https://shop.srookpay.com/monolight

사랑하는 정밥지기 여러분~ 많이 기다리셨지요!? 
드디어 소개해드리는 핀일로 스텐냄비 공구입니다👉🏻👈🏻

앵콜요청 폭발 316TI 통5중 스텐냄비 뿐 아니라 
이번에 처음 선보이는 ""핀일로 멀티팟""까지 이번 구성에서 한 번에 만나보세요~

그리고 정밥지기님들을 위한 특권!
첫 날 10만원 이상 구매하신 선착순 100분께는
""핀일로 스프레드 나이프(화이트)""를 증정해드리는 이벤트도 하니! 

손꼽아 기다리셨던 분들 절대! 절대! 놓치지 마세요!💕

*제품 구성*
[ 고메류 ]
[블랙에디션] 라이스팟 Low 바디 + Hi 바디 + 뚜껑 : 138,000원
컴포트팟 + 로스트팬 SET : 210,000원
고메 라이스팟 Hi : 97,000원
고메 라이스팟 Low : 88,000원
고메 스튜팟 : 110,000원
고메 컴포트팟 : 138,000원
고메 로스트팬 : 92,000원
NEW 멀티팟(본체냄비+타공망) : 90,000원
NEW 멀티팟 트윈세트(본체냄비2+타공망2) : 170,000원

[ 액세서리류 ]
호박스텐뚜껑 : 44,000원
고메 그릴망 : 8,000원
밥주걱(화이트) : 14,000원
밥주걱(블랙) : 14,000원
밥주걱(올리브) : 16,000원
미니국자 : 8,000원
미니뒤집개 : 8,000원
찜기 16cm : 13,500원
찜기 24cm : 15,500원
돔유리뚜껑 16cm : 7,500원
돔유리뚜껑 24cm : 9,500원
찜기세트 16cm : 20,000원
찜기세트 24cm : 24,000원

🚚10만원 이상 구매 시 무료배송🚚

00:00 오프닝 
01:13 사은품 소개1
02:07 : 라이스팟(Hi, Low), 블랙에디션, 스튜팟
08:26 : 멀티팟
11:09 : 컴포트팟, 로스트팬, 스튜팟, 세트
15:15 : 찜기
17:35 : 미니국자, 미니뒤집개, 밥주걱(3종)
21:05 : 사은품 소개2
21:17 : 마무리

#배동성전진주 #전진주 #스텐냄비 

📞 공구제품 구매문의 : 1688-4025
⚡ 카카오톡 채팅문의 : http://pf.kakao.com/_xmULjb/chat
💌 광고문의 메일주소 : jeongbaptv@monolight.co.kr",2026-03-26T01:30:35Z,"반찬,정밥tv,정밥TV,정밥티비,전진주 레시피,배동성,전진주,배동성 전진주,전진주 배동성,전진주 요리연구가,정밥지기,전진주요리연구가,전진주 요리,전진주 공동구매,정밥지기 공구,배동성 전진주 정밥tv,공동구매,주방용품,주방용품 추천,주방용품 공동구매,주방용품 공구,주방용품 정리,주방용품 소개,주방 용품,스테인리스 세척,316ti 스테인레스,316ti 냄비,솥밥 레시피,명란솥밥 레시피,전복솥밥 레시피,스테이크 솥밥,가지솥밥 레시피,솥밥 짓는법,솥밥 냄비,솥밥 냄비 추천,핀일로,핀일로 냄비,핀일로 스텐냄비,핀일로 스텐팬,핀일로 통5중,냄비밥,스텐냄비 세척법,스텐 연마제 제거,스텐냄비 추천,스텐,냄비추천,냄비,스테인리스,스테인리스 연마제 제거,스테인리스 냄비,냄비 추천,인덕션 냄비,316ti,316Ti,핀일로 공동구매,핀일로공구,핀일로공동구매,핀일로 공구",22,ko,PT23M32S,2d,hd,false,5767,176,0,57,public,youtube,True,False,"https://en.wikipedia.org/wiki/Food,https://en.wikipedia.org/wiki/Lifestyle_(sociology)",https://i.ytimg.com/vi/VKaAaF9jzgM/maxresdefault.jpg,thumbnails/배동성전진주의정밥TV/VKaAaF9jzgM.jpg
성시경 SUNG SI KYUNG,UCl23-Cci_SMqyGXE1T_LYUg,MoL5J011Lk4,2026 성시경 콘서트 '축가' l CONCERT SPOT VIDEO,"[공연 정보]
• 공연일시: 2026년 5월 2일(토) 오후 7시 |  5월 3일(일) 오후 7시 | 5월 5일(화) 오후 7시
• 공연장소: 연세대학교 노천극장
• 티켓오픈: 2026년 4월 1일(수) 오후 8시
• 예매처: NOL 티켓(구.인터파크 티켓)

-------

‘성큼’ 이라는 말이 있어요

발을 크게 놀려 걷거나,
어떤 일이 생각보다 빠르게 다가오는 모양을
나타내는 부사죠

그래요 ‘성큼’ 봄이네요

잠시 일하던 손을 놓고
잊고 있던 것들을 생각해 봅니다

눈부신 햇살이 얼굴에 닿는 감촉,
따스한 바람이 얇은 겉옷 사이를 스치는 느낌,
그리고 곁에 있는 누군가와 나란히 걷는 한때,
초록과 봄의 그 술렁거리는 시간들

어떤 5월이 설레지 않았을까마는
우리가 함께하는 올해의 5월은
아마 조금 더 기대해도 좋지 않을까요

반가운 마음만 가져오세요
로맨틱한 봄날과 포근한 노래는 저희가 준비해 둘게요
큰 걸음으로 ‘성큼’ 마중 나가 있을게요

세상 가장 아름다운 날에
가장 아름다운 모습으로

행복이 ‘성큼’ 다가오는,
봄의 한가운데 2026 성시경 콘서트 [축가]",2026-03-28T05:00:30Z,"성시경,성시경유튜브,SUNGSIKYUNG,SSK,ソンシギョン,成始璄",24,ko,PT1M38S,2d,hd,false,1093,315,0,41,public,youtube,True,False,"https://en.wikipedia.org/wiki/Music,https://en.wikipedia.org/wiki/Religion",https://i.ytimg.com/vi/MoL5J011Lk4/maxresdefault.jpg,thumbnails/성시경SUNGSIKYUNG/MoL5J011Lk4.jpg
홈쿡쌤,UChRwTKp_mOTtqeJUeHgfZag,kXaBtYk4F0k,"봄향기 담은 식탁, 가자미 쑥국 만드는 법 (도다리 대신 깊은 맛)","#가자미쑥국 #쑥국레시피 #봄제철요리 #집밥레시피 #건강식단 #쑥요리 #생선국 #한식레시피 #봄밥상 #홈쿡
봄이 되면 가장 먼저 떠오르는 식재료 중 하나가 바로 쑥입니다.
향긋한 쑥과 담백한 생선을 함께 끓인 국은
환절기 입맛을 살리고 몸을 따뜻하게 해주는 대표적인 봄 보양식입니다.
보통 쑥국 하면 도다리를 떠올리지만,
오늘은 구하기 쉽고 담백한 가자미로 깊고 깔끔한 쑥국을 끓여보았습니다.

※가자미쑥국 레시피
▶ 재료 (Ingredients)
가자미 2마리 (Flatfish 2)
쑥 한 줌 (Mugwort a handful)
양파 1/2개 (Onion 1/2)
실파 약간 (Green onion a little)
쌀뜨물 4컵 (Rice water 4 cups)
동전육수 1개 (Coin broth cube 1)
멸치액젓 2숟가락 (Anchovy fish sauce 2 tbsp)
들깨가루 2숟가락 (Perilla powder 2 tbsp)
마늘 약간 (Garlic a little)
후추 약간 (Pepper a little)
✔ 만드는 순서 (Instructions)
㉠ 쌀뜨물, 동전육수를 넣고 끓여준다.
Boil rice water with broth cube.
㉡ 쑥은 이물질을 제거한 후 2~3번 씻어둔다.
Wash mugwort 2–3 times after removing impurities.
㉢ 가자미도 내장을 빼내고 씻어 물기를 빼둔다.
Clean and drain flatfish after removing guts.
㉣ 양파, 실파도 썰어 준비한다.
Slice onion and green onion.
㉤ 육수가 끓으면 액젓으로 간을 해 준다.
Season with fish sauce when broth boils.
㉥ 들깨가루도 풀어준다.
Add perilla powder.
㉦ 가자미, 후추를 넣어준다.
Add fish and pepper.
㉧ 마늘, 양파, 실파도 넣어준다.
Add garlic, onion, and green onion.
㉨ 먹기 직전에 쑥을 넣고 한소끔 끓여준다.
Add mugwort at the end and boil briefly.
㉩ 그릇에 담아낸다.
Serve in a bowl.

✔ 요리 포인트
쑥은 오래 끓이면 향이 날아가므로 마지막에 넣는 것이 중요합니다.
쌀뜨물을 사용하면 비린내를 잡고 국물이 훨씬 깊어집니다.
들깨가루는 고소함과 영양을 동시에 더해줍니다.

✔ 건강 정보
쑥은 식이섬유와 비타민이 풍부해 면역력 강화에 도움
가자미는 단백질이 풍부하고 지방이 적어 담백한 생선
들깨는 오메가3 지방산이 풍부해 혈관 건강에 도움


도다리가 아니어도 충분히 깊고 향긋한 봄 쑥국을 즐길 수 있습니다.
가자미와 쑥의 조합은 부담 없이 즐기기 좋은 건강한 집밥 메뉴입니다.
봄 제철 식재료로 가족 식탁에 따뜻한 한 끼를 준비해 보세요.",2026-03-27T09:45:17Z,"요리,가족,집밥,쉬운 요리,yt:cc=on,봄향기,건강식탁,가자미쑥국,직접캔쑥,간단집밥",22,ko,PT6M13S,2d,hd,false,171,21,0,19,public,youtube,True,False,"https://en.wikipedia.org/wiki/Food,https://en.wikipedia.org/wiki/Lifestyle_(sociology)",https://i.ytimg.com/vi/kXaBtYk4F0k/maxresdefault.jpg,thumbnails/홈쿡쌤/kXaBtYk4F0k.jpg
줌블리에 Jumvelier,UCxlfm7xSunwkslwJLS0VKsA,NwD7HRuHIEY,(공구)뉴트리미 영양제 라방,"📌 구매하러 가기
https://nutrime.co.kr/goods/view?no=287",2026-03-26T00:10:59Z,"줌블리에,쇼핑메이트,쇼핑 노하우,쇼핑노하우,라이프스타일,줌블리에 공구,살림,살림템,4050,3050,쇼핑 하울",26,ko,PT57M11S,2d,hd,false,146,0,0,0,public,youtube,True,False,https://en.wikipedia.org/wiki/Lifestyle_(sociology),https://i.ytimg.com/vi/NwD7HRuHIEY/maxresdefault.jpg,thumbnails/줌블리에Jumvelier/NwD7HRuHIEY.jpg
엄삼용eomsamyong,UCAlU6Ntbr3Lcsyf9tmSIkPA,hYemxvVbWog,오이도먹방,"This stream is created with #PRISMLiveStudio
#먹방#엄삼용#시장#베트남#일본#태국#라이브#술먹방#제주도#여행#주식#비트코인#리니지클래식#부천#오사카#시장먹방#쇼츠라이브#도쿄#방콕#다낭#호치민#하노이#시장먹방#필리핀#푸드파이터#캄보디아#라오스#중국",2026-03-27T12:23:22Z,,24,ko,PT2H40M57S,2d,hd,false,6118,145,0,1,public,youtube,True,False,"https://en.wikipedia.org/wiki/Food,https://en.wikipedia.org/wiki/Lifestyle_(sociology)",https://i.ytimg.com/vi/hYemxvVbWog/maxresdefault.jpg,thumbnails/엄삼용eomsamyong/hYemxvVbWog.jpg
독거또랭이,UCJx1ZEGRrmr2Rcfht8jOhGw,EBP-0Fqw_cI,입장하는순간 행복해지는 초가성비 착한 빵집!!,"행복뜨레

주소
인천 남동구 백범로169번길 12
인천2만수역 2번 출구에서 464m미터

영업시간 

아침 6부터 밤 10시까지  
일요일휴무

전화번호
032-229-6908",2026-03-27T08:30:05Z,"인천 가성비 맛집,인천 맛집,인천 가성비,가성비,갓성비,가심비,가격파괴,혼밥,고물가,혼밥러,착한식당,인천,동네빵집,빵집,인천 빵집,빵지순례,가성비 빵집,가성비 빵,행복뜨레,행복뜨래,만수역,만수동,만수역 맛집,만수동 맛집,인천 가성비 빵,만수동맛집,남동구맛집",24,ko,PT12M55S,2d,hd,false,6954,292,0,72,public,youtube,True,False,"https://en.wikipedia.org/wiki/Food,https://en.wikipedia.org/wiki/Lifestyle_(sociology)",https://i.ytimg.com/vi/EBP-0Fqw_cI/maxresdefault.jpg,thumbnails/독거또랭이/EBP-0Fqw_cI.jpg
만리 manli,UCovVRKbRSpl6VaUbOYuvLAw,IzHq0iS_dcQ,"""밥그릇은 9갠데 왜 사람이 혼자야??!!!😲"" ""혼자 다 먹었어요..ㅋㅋㅋ🤣"" 부대볶음 4인분에 부대찌개 2인분에 밥 셀 수 없이 많이 먹었습니다 ㅋㅋㅋ 만리 한식 먹방","#부대찌개 #부대볶음 #한식 #만리 #먹방 

✨비즈니스메일 : manli@alohamedia.co.kr
✨먹방 인스타그램 : @manlipig
✨일상 인스타그램 :@ddolife_mj

안녕하세요 여러분! 만리입니다~ 오늘은 친구가 추천해준 부대볶음 먹방인데요 
제가 부대찌개를 진짜 좋아하고 만빠도 좋아해서 어릴 때부터 정말 많이 먹었는데 부대볶음은 먹은 적이 딱 한번 있었던 것 같아요 이번이 생에 2번째 부대볶음이었는데 진짜 너~~~무 맛있어서 밥을 왕창 먹어버렸어요 ㅋㅋㅋ 오늘도 밥만리 아주 야무지게 먹었으니 지켜봐 주세요! 
오늘도 시청해 주셔서 진심으로 감사합니다❤",2026-03-26T09:55:07Z,"만리,밥만리,만리 먹방,만리먹방,manli,korean food,korean mukbang,korean eatingshow,food,food fighter,eatingshow,eating challenge,밥만리 먹방,대식가,manli mukbang,asmr,eating video,만리밥먹방,야외먹방,도전먹방,푸파,많이먹기,koreafood,eating,mukbang,koreanmukbang,foodfight,푸드파이터,푸드파이팅,돈쭐내러왔습니다만리,먹방,리얼사운드,realsound,챌린지,challenge,foodchallenge,부대찌개,부대찌개먹방,부대볶음,의정부부대찌개,만리부대찌개,부대찌개라면,라면,라면먹방,한식,한식먹방,만리라면,만리한식,만리한식먹방,밥만리밥먹방",22,ko,PT21M16S,2d,hd,false,113446,4306,0,152,public,youtube,True,False,"https://en.wikipedia.org/wiki/Food,https://en.wikipedia.org/wiki/Lifestyle_(sociology)",https://i.ytimg.com/vi/IzHq0iS_dcQ/maxresdefault.jpg,thumbnails/만리manli/IzHq0iS_dcQ.jpg
메리니즈부엌Meliniskitchen,UCB4JlWU3Vcev5pkyIdeBMRw,i6liIh7Tym4,주말 점심 고민 끝! 햄버거보다 맛있는 치즈 제육 밥버거🍔🔥,"아이들은 물론 어른들 입맛까지 싹 잡아버리는 역대급 레시피☺️
주말 점심에 햄버거 대신 먹기 좋은 제육 밥버거입니다. 
4구 팬을 활용해 모양도 예쁘고 맛도 정갈해서 온 가족이 함께 즐기기 딱이에요👏

오늘의 준비물~!!

- 소고기 다짐육 300g (주먹밥 6개 분량)
- 고추장 1.5큰술
- 간장 1.5큰술
- 설탕 1.5큰술
- 다진마늘 1큰술
- 식초 살짝
- 계란 2개 + 소금
- 밥 200g + 소금, 참기름 (주먹밥 2개 분량)
- 치즈

❤️남은 고기는 반찬이나 쌈밥으로 함께먹어도 좋습니다
💙고기는 바짝 구워주세요. 불끄고 식초 한방울 넣고 섞기. 깔끔한 맛을 더해줍니다
🧡약불 세팅후 계란을 부워주세요
💛모두 맛있게 드세요

오늘도 시청해주셔서 감사합니다♡
좋아요와 구독 그리고 알림설정은 사랑입니다 ♡
문의💌: melinis@naver.com
Instagram: https://www.instagram.com/meliniskitchen/

🎵Music provided by 브금대통령
🎵Track : 호두까기인형 - https://www.youtube.com/watch?v=ZLFno1R1bPg

#제육밥버거 #4구팬 #주말점심 #밥버거 #메리니즈부엌 #간단레시피 #kfood",2026-03-27T11:00:55Z,"밥버거,햄버거 대신 밥버거,햄버거,제육볶음,제육 밥버거,제육 주먹밥,주먹밥,도시락,도시락 밥버거,간단 도시락,도시락 제육볶음,원형 4구팬 레시피,주말 점심 레시피,주말 점심 도시락,제육밥버거,밥버거만들기,4구팬,4구팬레시피,주말점심메뉴,아이들간식,간단한점심,제육볶음레시피,치즈제육,햄버거대신,자취요리,도시락메뉴,메리니즈부엌,RiceBurger,JeyukBokkeum,KoreanFood",26,ko,PT2M18S,2d,hd,true,1822,108,0,1,public,youtube,True,False,"https://en.wikipedia.org/wiki/Food,https://en.wikipedia.org/wiki/Lifestyle_(sociology)",https://i.ytimg.com/vi/i6liIh7Tym4/maxresdefault.jpg,thumbnails/메리니즈부엌Meliniskitchen/i6liIh7Tym4.jpg
건강한 사계절밥상,UCNBFvWLTlPsK6rpRpBv6Ecg,oJ67_eTzJnE,쑥국 이것과 같이 끓여 보세요. 걸쭉하고 구수한게 너무 맛있어요.. mugwort potato soup,"봄 향기 가득한 쑥과 포슬포슬한 감자가 어우러진 쑥 감자국 레시피입니다.
쓴맛 없이 향긋하게 끓이는 꿀팁부터 깊은 맛을 살리는 비법까지 알려드려요.
집에서 간단하게 건강한 한 끼 만들어보세요!

재료
쑥 100g
감자 1개
청양고추 1개
대파 흰부분 1줄
된장 2T
들깨가루 3T
간마늘 1T
참치액젓 1T
쌀뜨물:물 1L+쌀가루 1T

1.쑥은 단단한 줄기쪽만 잘라내고 깨끗이 씻고 송송 썰어 주세요.
2.물 1L와 쌀가루 1T로 쌀뜨물 만들어 주세요.
3.냄비에 동전육수 1개와 쌀뜨물, 된장 넣어 끓여 주세요.
4.끓이는 사이 대파와 청양고추는 어슷 썰어 주세요.
5.육수가 끓으면 감자와 간마늘 넣고 끓여 주세요.
6.끓으면 쑥과 들깨가루, 참치액젓 넣고 끓이다 대파 넣어 완성합니다.

#쑥요리 #쑥국 #건강한사계절밥상",2026-03-27T07:00:29Z,"쑥요리,쑥국,쑥국 끓이는법,쑥된장국,쑥감자국,쑥된장국끓이는법,국요리,쑥다듬는법,봄나물요리,제철 쑥요리,3월 제철음식,건강한 사계절밥상",26,ko,PT3M26S,2d,hd,false,37,6,0,0,public,youtube,True,False,"https://en.wikipedia.org/wiki/Food,https://en.wikipedia.org/wiki/Lifestyle_(sociology)",https://i.ytimg.com/vi/oJ67_eTzJnE/hqdefault.jpg,thumbnails/건강한사계절밥상/oJ67_eTzJnE.jpg
[Toto Project] AI 육식토끼 토토의 미식 렌더링,UCLVAE_pcl33ELKMH-v3qKhw,JZgfJaqOb6E,뚝배기를 뚫고 나오는 왕갈빗대🍖 서울 갈비탕 찐 맛집 BEST 7 (가성비부터 골프채 갈비탕까지),"찬 바람 불 때, 든든하게 몸보신하고 싶을 때 가장 먼저 생각나는 음식! 바로 보글보글 끓는 진한 국물과 야들야들한 고기가 일품인 '갈비탕'이죠? 🍲

오늘은 9천 원대 가성비 끝판왕 갈비탕부터, 뚝배기 밖으로 튀어나오는 거대한 '골프채 갈비탕', 그리고 얼큰함으로 무장한 '홍갈비탕'까지! 여러분의 소중한 한 끼를 완벽하게 책임져 줄 [서울 갈비탕 찐 맛집 베스트 7]을 싹 다 모아왔습니다.

뜨끈한 국물에 밥 한 공기 뚝딱 말아먹고 싶은 분들, 오늘 저녁 메뉴는 이 영상 하나로 끝내세요! 시청하시기 전에 구독과 좋아요 꾹 눌러주시는 것 잊지 마시고요! ❤️

⏱️ 타임라인 (원하시는 맛집을 바로 확인해 보세요!)
00:00 든든한 소울푸드, 갈비탕 맛집 투어 출발!
00:18 [명동] 명품설렁탕본점 - 9,000원의 갓성비! 푸짐한 백립 갈비탕
01:46 [영등포] 뉴타운갈비탕 - 공룡 뼈대 같은 거대한 비주얼과 얼큰 홍갈비탕
03:13 [남대문] 서울한우 남대문점 - 한우 고깃집의 고급진 맑은 국물과 해장 국밥
04:27 [양재역] 명갈비곰탕 - 매일 가마솥에서 직접 끓여낸 구수한 갈비곰탕
05:52 [봉천동] 육해장 - 15,000원에 즐기는 압도적 크기 '골프채 갈비탕'
07:09 [봉천동] 새서울갈비탕 - 큼직한 고기 통째로! 단짠단짠 밥도둑 갈비찜까지
08:40 [성동구] 갈비탕단하나 - 오직 갈비탕 하나로 승부! 장작불 가마솥 진국",2026-03-27T08:30:00Z,"서울맛집,갈비탕맛집,국밥맛집,서울갈비탕,왕갈비탕,골프채갈비탕,가성비맛집,명동맛집,영등포맛집,남대문시장맛집,양재역맛집,봉천동맛집,성동구맛집,먹방,맛집추천,보양식,뜨끈한국물,해장국밥,현지인맛집,갈비찜맛집",26,ko,PT10M15S,2d,hd,false,301,10,0,0,public,youtube,True,False,"https://en.wikipedia.org/wiki/Food,https://en.wikipedia.org/wiki/Lifestyle_(sociology)",https://i.ytimg.com/vi/JZgfJaqOb6E/maxresdefault.jpg,thumbnails/TotoProjectAI육식토끼토토의미식렌더링/JZgfJaqOb6E.jpg
jofer lorenz semillano,UCGCl-U-6ilCLV3KPoMQcW9g,gGncUoWk6oI,jofer lorenz semillano is live!silent Screencast on ai world,"Join this channel to get access to perks:
https://www.youtube.com/channel/UCGCl-U-6ilCLV3KPoMQcW9g/join",2026-03-27T06:31:23Z,,24,en,PT10H45M51S,2d,hd,false,35,3,0,0,public,youtube,True,False,,https://i.ytimg.com/vi/gGncUoWk6oI/maxresdefault.jpg,thumbnails/joferlorenzsemillano/gGncUoWk6oI.jpg
가루씨의 집밥Garussi home cooking,UCvEuV4SJ4huzWHIkUmYIgnw,ZTdFrJRziAs,두릅 초장에만 찍어먹지마세요! 이방법은 봄내내 써먹습니다,"재료
찹두릅 550g (손질시 450g)

간장 소스
양조간장 1.5컵(300ml)
설탕 1컵(190g)
현미식초 1컵(200ml)
소주 1컵(200ml)
물 1컵(200ml)

#두릅 #두릅장아찌 #두릅요리
#참두릅 #두릅장아찌담는법 #두릅손질
#찹두릅요리 #장아찌 #장아찌레시피",2026-03-26T07:08:00Z,"요리,푸드,food,recipe,cook,cooking,homecooking,레시피,집밥,두릅,두릅장아찌,두릅요리,참두릅,두릅장아찌담는법,두릅손질,찹두릅요리,장아찌,장아찌레시피",22,ko,PT5M40S,2d,hd,false,11372,138,0,4,public,youtube,True,False,"https://en.wikipedia.org/wiki/Food,https://en.wikipedia.org/wiki/Lifestyle_(sociology)",https://i.ytimg.com/vi/ZTdFrJRziAs/maxresdefault.jpg,thumbnails/가루씨의집밥Garussihomecooking/ZTdFrJRziAs.jpg
까망 레시피 kkamang,UC7X2eb6zU7YY_ccL1JYNKhg,dRr_qLbwX_o,위즈웰 루미2 오븐 공동 구매 ￼| 브라운버터 솔티 ￼스콘 만들기 홈베이킹 ￼| 까망레시피,"안녕하세요 까망입니다.
풍미 가득! 부드러워 더욱 맛있는
브라운버터 솔티 스콘을
위즈웰 루미2 오븐으로 만들었어요!

홈베이커들의 꿈, 벤츠급 오븐
더욱 강력해진 루미2오븐입니다 :) 


⭐베이킹오븐 까망픽, 위즈웰 대용량 베이킹이 가능한 오븐입니다.

⭐제과, 제빵, 발효, 효소, 건조, 컨벡션 모두가능
까망레시피와 함께하는 위즈웰 오븐 베이킹 즐거운시간되세요.


-----


📌 까망단독 공동구매 
일정 : 26년 3월 25일 오전 10시 ~ 3월 29일 자정까지

⬇️위즈웰 루미2오븐(최저가)
https://flowing.space/kkamang

[구매이벤트1️⃣] 
내돈내산 후기 작성 시 ‘🎁네이버포인트 1만원’ 증정!

[구매이벤트2️⃣] 
구매 후 댓글에 [구매확인+폰번호 뒷4자리] 남겨주세요!
3명 추첨해 🍗치킨쿠폰 보내드릴게요!!



----


✨대용량 루미2오븐은 설치기사님이 직접 방문하여 원하는 장소에 무료설치해드려요.
제품구매 후 일정조율 후 방문하여 설치 받으실 수 있습니다.
서울 / 경기(이천, 여주 제외) 4~7일 소요(주말, 공휴일 제외)
그외 지역 : 6~10일 소요(주말, 공휴일 제외)


📢위즈웰 루미2오븐 이런분들께 추천드려요❗
✔베이킹 대량생산을 하고싶은 분
✔고른 열전도, 완성도 높은 베이킹 하고싶은 분
✔금액때문에 벤츠급오븐 구매가 어려웠던 분
✔요리/베이킹 좋아하는 분들
✔상하 온도조절 및 다양한기능의 오븐을 찾는 분
✔깔끔한 디자인을 선호하는 분


🖤영상화질 2160p(4K) 시청부탁드립니다🖤

-----------------------------------------------------


[브라운버터 솔티 스콘] 13개 분량
박력분 500g
베이킹파우더 15g
차가운 무염버터 100g
차가운 브라운버터 100g(태우기 전 120g)
설탕 75g
소금 3g 
바닐라익스트랙 5g 
차가운 생크림 160g

+ 윗면에 바를 우유
+ 구운 뒤 바를 메이플시럽
+ 토핑용 말돈 소금



❤️해당영상 2차 편집을 금합니다 / 레시피 사용시 출처를 밝혀주세요.



-----------------------------------------------------


키친에이드 푸드프로세서 - https://link.coupang.com/a/eaBe68
페이장브레통 물레버터 - https://link.coupang.com/a/eaBnt5
메이플조 메이플시럽 - https://link.coupang.com/a/WABlb
루미낙 코스모스볼 23cm - https://coupa.ng/b9C7BE
루미낙 코스모스볼 20cm - https://coupa.ng/b9C7Fl
말돈 소금 - https://link.coupang.com/a/eaBpIs
소금빵(시오빵) 8구 판 - https://link.coupang.com/a/eaBtlE
깊은 마들렌 12구 - https://link.coupang.com/a/eaBujp
옥수수 식빵팬 - https://link.coupang.com/a/eaBuWL
오발 12구 팬 - https://link.coupang.com/a/eaBvVG
메이플 피칸 생지 - https://link.coupang.com/a/eaBxh3


위 링크로 구매하시면 저에게 소정의 수익금이 지급됩니다.

-----------------------------------------------------



📌까망샵. https://flowing.space/kkamang
📌instagram. https://www.instagram.com/s._.h218/reels/
📌NAVER. https://IN.NAVER.COM/S._.H218
📌TikTok. https://www.tiktok.com/@kkamang155?_t=8W5Rg8lEvhp&_r=1",2026-03-25T01:00:00Z,"홈베이킹,루미오븐,루미2오븐,위즈웰오븐,베이킹오븐,홈베이킹 대량생산,대량생산,스콘만들기,스콘레시피,스콘맛집,브라운버터,태운버터,버터 스콘,플레인 스콘,시오빵,소금빵,미니메이플피칸,옥수수식빵,마들렌,마들렌굽기,버터떡 만들기,베이킹 레시피,까망 레시피,까망레시피 오븐공구,까망레시피 공동구매,까망레시피 공구,베이킹 도구,베이킹 준비물,베이킹 초보,초보 베이킹,오븐 공구,베이킹 오븐 추천,오븐 추천,오븐 후기,오븐 사용방법,오븐 사용기,오븐 청소,baking,ovean,bakin recipe,인헨스,인헨스오븐,스메그오븐,벤츠급오븐,가정용오븐,대형오븐,대용량오븐,빵 대량생산,빵만들기,쿠키만들기",26,ko,PT7M15S,2d,hd,true,1393,40,0,25,public,youtube,True,False,"https://en.wikipedia.org/wiki/Food,https://en.wikipedia.org/wiki/Lifestyle_(sociology)",https://i.ytimg.com/vi/dRr_qLbwX_o/maxresdefault.jpg,thumbnails/까망레시피kkamang/dRr_qLbwX_o.jpg
도남이먹방Donam,UCftypYUp6boUauNi_P5WdZg,2vIbto6MwPk,웃음이 많은 아들이랑 봄동 비빔밥 대신 청경채 비빔밥 먹방!,"# 부족한 영상 잘 봐주셔서 감사합니다 :D
# 항상 좋은 일만 가득하시 길 바랍니다 ^ ^)/
# instargram ★ donami0521
& 비즈니스 문의: 025870@Naver.com

# Thank you for watching the video that I lack. :D
# I wish you all the best in the world ^ ^)/

#dadandson #babymukbang #아기먹방 #아빠아들",2026-03-26T10:29:41Z,,22,ko,PT8M7S,2d,hd,true,2847,157,0,41,public,youtube,True,False,"https://en.wikipedia.org/wiki/Food,https://en.wikipedia.org/wiki/Lifestyle_(sociology)",https://i.ytimg.com/vi/2vIbto6MwPk/maxresdefault.jpg,thumbnails/도남이먹방Donam/2vIbto6MwPk.jpg
발효비책tv,UCBNWBGHXpYzoBqucDM1NOGg,30zXphV45Fg,"#약밥, 누구나 #손쉽게, 밥하듯이 #찰밥, 하면 되니까 #약식, 무조건 만들어 보세요. 힘겹게 #고두밥, 쪄서 하지 않아도 맛짱!","#약밥, #약식, #찰밥, #찹쌀밥,

약밥의 효능은 영상말미에 올렸습니다.

재료는 찹쌀 5컵 800g, 껍질 깐 밤 10개, 껍질 벗긴 땅콩 1컵, 대추 7개, 흑설탕 5큰술, 진간장 7큰술, 참기름 3큰술, 잣1/2컵, 물 600ml를 준비합니다.",2026-03-26T19:48:39Z,"#발효비책tv,#약밥,#찹밥,#찹쌀밥,#땅콩밥,#대추밥,#약식",26,ko,PT2M2S,2d,hd,false,128,56,0,120,public,youtube,True,False,"https://en.wikipedia.org/wiki/Food,https://en.wikipedia.org/wiki/Lifestyle_(sociology)",https://i.ytimg.com/vi/30zXphV45Fg/hqdefault.jpg,thumbnails/발효비책tv/30zXphV45Fg.jpg
(작사작곡가)골든아이#음원발매,UC48wNsIXU0ayfiAblWCKNGg,Z1KgOgWBC6A,(신타로#영타로점사#각종고민상담#상담비기부채널),,2026-03-28T00:59:16Z,,24,ko,PT1H47M56S,2d,hd,false,109,19,0,0,public,creativeCommon,True,False,,https://i.ytimg.com/vi/Z1KgOgWBC6A/maxresdefault.jpg,thumbnails/작사작곡가골든아이음원발매/Z1KgOgWBC6A.jpg
퇴근남유경우,UCqUvPiIkV6fnzOGXmiiUL4A,dPrEEqZKz2Q,"월급날, 기분 2배로 좋아지는 방법.","속 시원한 음식물처리!🤗

🚧 퇴근남 유경우 X 미닉스  한정 수량 구독자 특가 💖
퇴근하고 구매하러가기 ➡️ https://m.site.naver.com/241TC

※ 이벤트 기간 : 3/27 ~ 4/3 (단, 일주일 특가)
※ **[선착순 50명] 더 플렌더 MAX 전용 하드락 필터 추가 증정 !**
※  준비한 물량이 적어 이벤트 종료 전 품절 상태일 수 있습니다. 구독자 분들의 너른 양해 바랍니다

🅥 음식물 처리기 1위 브랜드 미닉스의 역작, 더 플렌더 MAX
🅥 한뼘 크기에서 실현한 대용량 3L, 4인가구도 거뜬
🅥 닭뼈, 전복 껍질까지 가루로 만드는 강력한 분쇄력 (3세대 블레이드)
🅥 2세대 오토케어 시스템으로 처리 효율까지 지능형으로 케어
🅥 주방옆, 자기전 작동도 🆗 소음 ❌ 냄새 ❌
🅥 국내생산, 국내 품질관리소 운영으로 믿을만한 품질과 신속한 A/S 처리

𝙀𝙑𝙀𝙉𝙏! 🚧구독자분들을 위한 이벤트  ➡️ https://m.site.naver.com/241Xi
𝗦𝗧𝗘𝗣𝟭 재밌게 영상 시청 후 미닉스가 언급되도록 댓글 작성 ! 
𝗦𝗧𝗘𝗣𝟮 본인 댓글 캡쳐하고 구글폼 제출하면 끝!

🎁 선물 : 미닉스 더 플렌더 MAX (1명)
※ 당첨자 선정 : 익월 30일 내 문자 발표 (미 당첨자 별도 안내 X )








BGM provided by BGM president",2026-03-27T08:00:02Z,,22,ko,PT16M58S,2d,hd,false,61408,1468,0,125,public,youtube,True,False,"https://en.wikipedia.org/wiki/Food,https://en.wikipedia.org/wiki/Lifestyle_(sociology)",https://i.ytimg.com/vi/dPrEEqZKz2Q/maxresdefault.jpg,thumbnails/퇴근남유경우/dPrEEqZKz2Q.jpg
DDM ASMR 땅규,UCqGZm-olwtL1i4_1xmeeyXQ,4bOM6r9902A,ASMR MUKBANG FRIED CHICKEN & FRIES & NUGGETS & CHEESE BALLS,"Please enjoy it and subscribe.💖

⭐Instagram: ddm_ddang
#mukbang #asmreating #friedchicken 


비즈니스 문의: nobal600@gmail.com",2026-03-27T11:02:00Z,"먹방,mukbang,asmreating,yt:cc=on,咀嚼音,friedchicken,치킨",22,en,PT10M23S,2d,hd,true,23787,950,0,41,public,youtube,True,False,"https://en.wikipedia.org/wiki/Food,https://en.wikipedia.org/wiki/Lifestyle_(sociology)",https://i.ytimg.com/vi/4bOM6r9902A/maxresdefault.jpg,thumbnails/DDMASMR땅규/4bOM6r9902A.jpg
조정현,UCXqsvL6DG5K2fVEvApbkUOQ,hVUlTUkRe8s,"""이것만 먹고 몸 키웠다.."" 멸치에서 보디빌더까지 과정 l PX 군대 음식","충성! 자랑스러운 대한육군 에이스 조정현 입니다🪖 
오늘은 PX 군대 음식을 먹어보면서 군대 썰을 준비 해 봤습니다
언제나 고생하고 계신 국군장병분들 감사드립니다.🙇‍♂️

댓글로 남자 구독자분들 재밌는 군대 썰 있으시면 들려 주십쇼!
답글과 하트로 보답하겠습니다 ㅎㅎ🙏
----------------------------------------------
#조정현 #군대 #먹방 #PX
📧비즈니스 문의: henry@hrgroup.network",2026-03-25T11:00:00Z,,22,ko,PT11M41S,2d,hd,false,11085,221,0,83,public,youtube,True,False,"https://en.wikipedia.org/wiki/Food,https://en.wikipedia.org/wiki/Lifestyle_(sociology)",https://i.ytimg.com/vi/hVUlTUkRe8s/maxresdefault.jpg,thumbnails/조정현/hVUlTUkRe8s.jpg
베트남 서기티비 SEOK2 TV -서기와 베트남사람들-,UCYdkpsHrZukaez4-VggOicg,wdoT29RssTY,한국 여행 보내준다는 말 한마디에... 주방에 괴물들이 나타났습니다 (실화),"푸꾸옥 서기포차 서기입니다. 직원들 사기 좀 올려주려다 제 지갑이 거덜 나게 생겼네요.
한국 여행에 진심인 베트남 청년들의 눈물 나는 신메뉴 전쟁! 과연 누가 한국행 티켓을 거머쥘까요?

#서기포차 #베트남서기티비 #푸꾸옥맛집 #한국여행 #신메뉴개발 #동기부여",2026-03-25T05:27:30Z,"호치민,베트남여자,베트남헌팅,베트남다낭,여행,국제커플,국제결혼",22,ko,PT18M,2d,hd,false,28762,2259,0,168,public,youtube,True,False,"https://en.wikipedia.org/wiki/Food,https://en.wikipedia.org/wiki/Lifestyle_(sociology)",https://i.ytimg.com/vi/wdoT29RssTY/maxresdefault.jpg,thumbnails/베트남서기티비SEOK2TV-서기와베트남사람들-/wdoT29RssTY.jpg
이수길TV삶,UCB7x2bM7m_tJ-9avDahK7Ew,uKktGAJX0Tc,"水産市場 울진죽변항 활어시장/반건조시장, 어머니손맛밥집 견문록♡삶2492/Uljin Jukbyeon port fish market, korea","경상북도 울진군 죽변면 죽변항 일원에 반건조 생선과 수협 직판 수산물 그리고 고향의 어머니 손맛으로 가격도 좋고 맛도 좋은 집밥 맛집을 만나보고 왔습니다. 

#传统市场 #韩国传统市场 #市場 #伝統市場 #韓国 #卸売場 #小売り#ソウル #マーケット #魚市場 #水産物 #相場 #ホトック 
ㅡㅡㅡㅡㅡㅡㅡㅡㅡㅡㅡㅡㅡㅡㅡㅡㅡㅡㅡㅡㅡㅡ
방송섭외: 이수길 
영상감독: 이수길 
영상촬영: 이수길 
영상편집: 이수길 
영상홍보: 이수길 
촬영기기:  Samsung Galaxy S22 Ultra  
영상시간: 00시간 26분 56초",2026-03-21T10:39:39Z,"전통시장,수산시장 수산물 시세,반건조생선,가자미,밥집 맛집",27,ko,PT26M54S,2d,hd,false,1806,53,0,0,public,youtube,True,False,"https://en.wikipedia.org/wiki/Food,https://en.wikipedia.org/wiki/Lifestyle_(sociology),https://en.wikipedia.org/wiki/Pet",https://i.ytimg.com/vi/uKktGAJX0Tc/maxresdefault.jpg,thumbnails/이수길TV삶/uKktGAJX0Tc.jpg
AZ짱 손병호,UCEuayn5HiIrFA026a7dtlNQ,XBU1nO2TlUU,62년생 아재가 집사 카페 가면 생기는 일 (Feat. 루이비 손) | 로판 실사화 MZ 문화 체험 | 아재짱 손병호,"✨요즘 MZ들 사이에서 인기라는 집사 카페, 직접 가봤습니다✨
홍대 한복판에서 마치 로맨틱 판타지 속 대저택 같은 공간에 들어가
직접 막내 집사 ‘루이비 손’이 되어
아가씨들을 모시고, 음료도 서빙하고, 
사진까지 꾸며드리는 이색 체험까지 해봤어요.
과연 회장 전문 배우 손병호는 훌륭한 집사가 될 수 있을까요?

⏰ 아재의 홍대 집사 카페 체험.zip
00:00 하이라이트🎬 로판 세계관 적응에 어질~
00:26 오프닝☕ 홍대에서 나이샷 콜드브루 커피 한잔
01:32 루치펠 대저택 입성✨ “로판 속으로 입장”
02:20 존잘 집사 등장! 회장님 대접 받는 손병호
03:23 집사 세계관 적응하는 아재 대만족
06:20 갑작스런 신분 하락?! 막내 집사 ‘루이비 손’ 탄생
07:00 집사 선배님들에게 배우는 집사 예절 
09:00 아가씨 마중 & 응대 실전 테스트
10:00 손병호 게임으로 아가씨들과 친해지기
11:34 아가씨 이름 지어주기 미션
12:10 단체사진 촬영 & 꾸며서 선물하기
13:07 집사 체험 마무리💬 “사람을 대해야 하는 자세 배웠다”
13:35 쿠키🐶 강아지 집사 루이와의 만남

✅ 구독 + 좋아요 + 알림 설정은 사랑입니다 😎

💌비즈니스 문의 : June@ozstudio.net

#손병호 #집사카페 #집사체험 #MZ핫플 #루치펠대저택",2026-03-19T12:37:21Z,"손병호,AZ손병호,아재,아재손병호,손병호게임,“손병호 게임”,아재짱손병호,배우손병호,“배우 손병호”,az짱,az짱손병호,아저씨,아저씨유튜버,중년배우,중년유튜버,중년브이로그,악역,귀궁,서울예대,조연배우,라디오스타,서울예대82학번,집사카페,집사카페체험,쿠로,카이엘,루이,루시,홍대카페,이색카페,루치펠연남저택,루치펠대저택,애프터눈티,홍대데이트,MZ핫플,집사체험,홍대핫플,로판감성,홍대놀거리,서울데이트,서울카페추천,카페투어,나이샷콜드브루,질소커피",24,ko,PT14M10S,2d,hd,false,8974,74,0,13,public,youtube,True,False,https://en.wikipedia.org/wiki/Lifestyle_(sociology),https://i.ytimg.com/vi/XBU1nO2TlUU/maxresdefault.jpg,thumbnails/AZ짱손병호/XBU1nO2TlUU.jpg
성공스토리,UCuV7tHJntXmXjIhbuYgFgsQ,qkmJjdRjXgA,"4,000만 원으로 피자집 차려서 월 1억 대박난 33살","무료출연문의 : a.success.storie@gmail.com

업계 최저가 광고문의 : 
a.success.storie@gmail.com

영상 속 가게 정보

피자덕
경남 김해시 삼문동 578-5
https://pizzaduck.kr/


(배너)
하나의 창업비용으로 두가지 브랜드를 동시에 창업 ""피자덕&빙품달""
https://pizzaduck.kr/

소형평수 구워주는 고기집 산장삼겹
http://xn--y89ap29abb365c.com/

오직 리퍼연구소에서만 LG그램,갤럭시북 69만원!
https://www.refurlab.com/

업종변경 3천만원 남대포소갈비살
https://xn--w39as1gp5bwxsf3c7qb120f.com/

10호점 한정 특별혜택!
전지점 평균매출 3,915만원 돌파한 배달카페 ""플러스82"" 알아보기
https://www.cafeplus82.com",2026-03-24T06:00:40Z,"장사의신,휴먼스토리,30대자영업자이야기",22,ko,PT16M3S,2d,hd,true,70134,431,0,109,public,youtube,True,False,"https://en.wikipedia.org/wiki/Food,https://en.wikipedia.org/wiki/Lifestyle_(sociology)",https://i.ytimg.com/vi/qkmJjdRjXgA/maxresdefault.jpg,thumbnails/성공스토리/qkmJjdRjXgA.jpg
마이천 MY1000,UCNI31C0aEEUD4cjC03w_xPA,VTYfSj61Fo8,마포의 보물같은 노포골목!? 야장까지 가능한 갈매기 골목에서 낮술 한잔,"✨마이천 디자인, 숙취해소 행오버 빈티지 캡✨
구매 링크는 여기로! https://forms.gle/4yftoSeVckT9huYS6

마이천 인스타그램 : https://instagram.com/my_1000style

협찬 & 문의 : 2agari.pd@gmail.com

* 다가생구이 서울본점 : 서울 마포구 새창로4길 16-10 1층
* 참복집 : 서울 마포구 만리재로1길 14

#마포맛집 #공덕맛집 #갈매기골목 #갈매기살맛집 #노포맛집",2026-03-25T09:00:46Z,"마포 맛집,공덕 맛집,마포 노포 맛집,공덕 노포 맛집,마포 공덕 맛집,공덕역 맛집,마포 갈매기골목,공덕 갈매기골목,갈매기살 맛집,공덕 야장,마포 야장,혼술,청국장 맛집,비빔밥 맛집,복불고기,복지리 맛집,다가생구이,공덕 다가생구이,전주 다가생구이",24,ko,PT15M35S,2d,hd,false,7360,271,0,47,public,youtube,True,False,"https://en.wikipedia.org/wiki/Food,https://en.wikipedia.org/wiki/Lifestyle_(sociology)",https://i.ytimg.com/vi/VTYfSj61Fo8/maxresdefault.jpg,thumbnails/마이천MY1000/VTYfSj61Fo8.jpg
현주엽의 푸드코트,UCj515KkJRYCIUbenzrbuXgw,fpiUjB2qyDo,"🚨고삐 풀린 윤코치, 소주로 폭주!!!🚨  [우모크]","#현주엽 #윤코치 #술방

촬영협조 : 한우오마카세 우모크 (서울 강남구 언주로170길 22 지하 2층)

문의 : foodcourtjju@gmail.com

※도를 넘은 악의적인 비방, 비난의 댓글은 삭제합니다",2026-03-18T08:00:46Z,"현주엽,현주엽tv,현주엽 레전드,현주엽 고기,현주엽 먹방,현주엽의푸드코트,현주엽 고기 먹방,현주엽 안정환,현주엽 감독,먹방,mukbang,먹보스쭈엽이,쭈엽이,농구,쭈엽,mukboss,히밥,안정환,박광재,현주엽 레전드 먹방,윤코치,윤정수,맛만볼까,윤정수코치,eating show,씨름,맘모스코치,씨름코치,소주,윤코치의맛만볼까,소고기,맛집,운동부,우모크,압구정맛집,한우오마카세,오마카세추천,압구정로데오맛집,오마카세,먹보스,주엽,koreanfood,쭈엽티비,정호영,hyunjooyup",22,ko,PT25M3S,2d,hd,false,569419,9300,0,526,public,youtube,True,False,"https://en.wikipedia.org/wiki/Food,https://en.wikipedia.org/wiki/Lifestyle_(sociology)",https://i.ytimg.com/vi/fpiUjB2qyDo/maxresdefault.jpg,thumbnails/현주엽의푸드코트/fpiUjB2qyDo.jpg
작목반장,UCyiU2bARGxHy01g9-GdYeYQ,5FlVr7ZkNAc,새싹삼 200평 농장에서 일년에 4억 벌 수 있는 이유,"#새싹삼

전남 광양에 새싹삼 농가를 찾았습니다.
200평 면적의 하우스에서 새싹삼 묘삼 20만주를 키웁니다.
전국의 식당과 개인 고객들에게 판매하고 있습니다.

새싹삼 재배와 체험교육농장 운영으로 4억이 넘는 연매출을 올리고 있습니다.
재배와 판로, 묘삼관리 등 새싹삼에 대한 모든 것을 함께 들어보시죠!

믿고 먹을 수 있는 GAP인증 새싹삼 구매는? (농장 직송)
https://smartstore.naver.com/sammuruji


00:00 새싹삼 농장 미리보기
00:27  Q. 자기소개 해주세요 
00:38  Q. 농장규모가 어떻게 되나요? 
00:43  Q. 새싹삼이 뭔가요? 
01:07  Q. 새싹삼 재배환경은 어떤가요? 
01:17  Q. 새싹삼 전용 상토가 있나요?  
01:48  Q. 새싹삼 VS 인삼 효능차이는?
02:07  Q. 새싹삼은 어떤 맛인가요?
02:15  Q. 묘삼 식재는 어떻게 하나요? 
02:22  Q. 200평 하우스에 묘삼이 몇 주 정도 심어져 있나요? 
02:37  Q. 새싹삼 생산량과 가격이 어떻게 되나요? 
02:47  Q. 새싹삼 상품의 기준은? 
02:57  Q. 새싹삼 선별과 판로는 어떻게 되나요?
03:17  Q. 묘삼은 어디서 구하나요?
03:30  Q. 삼무루지 새싹삼 농장에 인증이 있나요?
03:40  Q. 200평 농장 운영에 인력은 몇 명이 필요한가요? 
04:11  Q. 새싹삼 물관리, 영양관리는 어떻게 하나요?
04:27  Q. 새싹삼 재배에서 가장 어려운 점은?
04:46  Q. 새싹삼 수확 후 세척은 어떻게 하나요?
04:55  Q. 좋은 새싹삼 고르는 팁은? 
05:34  Q. 언제부터 새싹삼 농사를 시작했나요? 
05:41  Q. 원래 무슨 일 하셨나요? 
05:46  Q. 귀농 과정에서 어려운 점은? 
06:33  Q. 새싹삼 판로의 시행착오는? 
06:54  Q. 새싹삼 작물 자체의 유행 우려는 없나요? 
07:15  Q. 치열한 경쟁 속 차별화 전략은? 
07:31  Q. 13년 새싹삼 농사 노하우가 있다면?
07:45  Q. 새싹삼 농업현장교수, 신지식 농업인이시라고요?
08:06  Q. 새싹삼 초보농부들이 실패하는 가장 큰 이유는? 
08:36  Q. 집에서도 새싹삼을 재배할 수 있나요?
09:23  Q. 새싹삼을 귀농작물로 추천하시나요? 
09:33  Q. 광양을 귀농지로 선택한 이유는? 
10:03  Q. 귀농 후 가장 만족스러운 점은? 
10:36  Q. 새싹삼 농장에 정원을 만든 이유는? 
10:46  Q. 꿈꾸는 귀농 목표는?  
11:06  Q. 치유농업과도 연결할 수 있다고요?
11:44  Q. 체험 교육장에는 어떤 프로그램이 있나요? 
11:51  Q. 가공품은 어떤 게 있나요? 
12:23  Q. 6차산업, 가공사업 진입 팁이 있다면?
13:10  Q. 전체 매출이 얼마나 되나요? 
13:31  Q. 삼무루지 새싹삼 농원을 찾아주시는 분들께  
13:50  새싹삼 무료나눔 댓글 이벤트

👨‍🌾농장과 농산물을 홍보하고 싶은 농부님!
작목반장이 도와드립니다.
https://naver.me/xVBkgBN6

기업 및 공공기관 홍보영상 조회수가 안나와서 고민인가요?
아래로 연락주시면 저희가 도와드립니다.
메일:  rayjung3@gmail.com
전화 070-8064-3418",2026-03-14T11:13:02Z,"새싹인삼,묘삼,새싹쌈,새싹삼키우기,애기삼,새싹삼효능,치유농장,6차산업,체험학습,귀농귀촌",24,ko,PT14M10S,2d,hd,false,90414,759,0,52,public,youtube,True,False,,https://i.ytimg.com/vi/5FlVr7ZkNAc/maxresdefault.jpg,thumbnails/작목반장/5FlVr7ZkNAc.jpg
먹다,UC-sNR0PB3oZK0XpyJKprrdA,wBcYvWiomeY,'커피 파는 게 아닙니다' 사모펀드가 저가 커피 브랜드를 미친듯이 사는 이유,"단순히 싸게 파는 시대는 끝났습니다. 이제 저가 커피는 IT 기술과 거대 자본이 결합한 ‘시스템 전쟁’의 무대입니다. 왜 사모펀드는 수천억 원을 들여 커피 브랜드를 사들이는지, 특히 저가커피 창업 고민 중이시라면 끝까지 보세요!

#저가커피 #사모펀드 #매머드커피 #텐퍼센트커피 #커피창업 #프랜차이즈 #은퇴창업 #메가커피 #컴포즈커피

🧠박성훈
저서 《누가 내 돈을 훔쳤을까》, 《모르면 불편한 돈의 교양》, 《경제시그널》
팟캐스트《경제브리핑 불편한 진실》진행",2026-03-25T09:00:00Z,"저가커피,사모펀드,매머드커피,텐퍼센트커피,커피창업,프랜차이즈,은퇴창업,메가커피,컴포즈커피",22,ko,PT5M45S,2d,hd,false,216,0,0,14,public,youtube,True,False,https://en.wikipedia.org/wiki/Business,https://i.ytimg.com/vi/wBcYvWiomeY/maxresdefault.jpg,thumbnails/먹다/wBcYvWiomeY.jpg
planD플랜디,UCPaApoLkmPqxCeZF7gjoc3w,o0CGtDOyGrE,"셀프생일상🥳 차려 잘먹는 자취일상. 생일선물 소개🎁 소고기달래솥밥, 해방촌 이태원 나들이","🌷 @_plan_d
https://www.instagram.com/_plan_d/
안녕하세요 여러분
이번 영상은 생일을 맞이해 소박하게 챙겨보는 일상을 담았어요
어릴땐 언니랑 생일이 4일 차이나서 같이 초를 불었는데 
성인이 되고 스스로 단독 축하상을 차릴 수 있어서 좋더라고요ㅎㅎ
허리통증 이슈로 편집이 조금 오래걸렸어요 기다려주셔서 감사합니다
그럼 이번에도 편히 봐주세요🧡


👖착장정보👜
원피스 │ 얀13
가디건│  드파운드
코트│ 링서울
가방│ 폴렌느
 


🥪영상에 나온것들🍲
 찹쌀떡 수플레 팬케이크 │ 말차 찹쌀떡 수플레 팬케이크│  해방촌 토터스
두바이 모찌수플레│  무자기│  띵스위러브│  
TWL│  우영미 플래그십 스토어 │ RSVP
가락시장 우주식품│  달래 스테이크 솥밥│  시오콘부 육회
라이스페이퍼 육회│  미역국│  카카오톡 선물하기 생일선물




#LivingAlonevlog #koreanvlog


🤍비지니스 메일
pland@sandbox.co.kr
해당 메일은 샌드박스에서 확인합니다



🍽NEW키친투어 영상🍽 주방용품 정보는 여기 참고해주세요🥪
https://youtu.be/oa-DN2ls1YU


컨텐츠 제작의 마무리는 컨텐츠플라이! 글로벌 진출을 위한 최고의 파트너,
CONTENTSFLY에서 제작되었습니다.
https://www.contentsfly.com",2026-03-13T11:01:27Z,,22,ko,PT37M21S,2d,hd,true,587299,18217,0,970,public,youtube,True,False,"https://en.wikipedia.org/wiki/Food,https://en.wikipedia.org/wiki/Lifestyle_(sociology)",https://i.ytimg.com/vi/o0CGtDOyGrE/maxresdefault.jpg,thumbnails/planD플랜디/o0CGtDOyGrE.jpg
형만 HyungMan,UCsrwIw5KtyFm6Kvs21u-DFQ,VgyQeFQJmD0,ASMR MUKBANG KFC 양념치킨 햄버거 스낵랩 감자튀김 & BURGER & FRIED CHICKEN & SNACK WRAP EATING!!,"#mukbang #food #koreanfood #korean #chicken #cooking #kfc #burger 

안녕하세요 여러분!🙋‍♂️
오늘은 집에서 샌드위치를 만들어 먹고 싶은 거예요...😂
그래서 마트에 들러서 재료를 사고 집으로 돌아가려 했는데...🤔
KFC가 보여서 참지 못하고 햄버거와 치킨을 구매했습니다!!☺️☺️
그리고 집에서는 또띠아를 이용해서 샌드위치를 만들었고👍👍
소시지도 넣고, 고기도 넣고, 치킨도 넣어서 3가지 종류로 만들었어요!😍😍
집에서 간단하게 만들 수 있는데 맛도 있고 포만감도 좋아서 자주 만들어 먹을 것 같아요!🎊🎊
오늘도 시청해 주셔서 감사합니다!🙋‍♂️🙋‍♂️
다음에는 어떤 음식을 먹을까요!?🤔🤔
-----------------------------------------------------------------------------------------
🎵영상 내 BGM은 상업적 용도로 라이선스를 구입 후 사용중입니다.🎵",2026-03-27T13:00:40Z,"MUKBANG,koreanmukbang,asmr,eatingshow,eating,yt:cc=on,Hyungman,korean food,Korean Food recipe,food,Korean,Korean Food,Recipe,Korean Food Recipe,KFC,Crispy,Chicken,burger,sandwich,Snack Lab,sausage,Egg tart",22,ko,PT14M59S,2d,hd,true,7617,504,0,43,public,youtube,True,False,"https://en.wikipedia.org/wiki/Food,https://en.wikipedia.org/wiki/Lifestyle_(sociology)",https://i.ytimg.com/vi/VgyQeFQJmD0/maxresdefault.jpg,thumbnails/형만HyungMan/VgyQeFQJmD0.jpg
ゆち유치,UC3Q2nVhbLW2USJtANr7vEhA,c6c-uEUrYZ0,【韓国留学vlog🇰🇷】また韓国に来ちゃった理由❓人生3度目の韓国生活がついに始まりました🥹🍰🥐🍜‼️,"みんな今日も来てくれて本当にありがとう😭💗
ついに韓国留学生活vlogです🇰🇷

編集しながらめちゃくちゃママに会いたくなった、、（ ;  ; ）
もちろん父にも👨🏼‍🦳笑

韓国でのこんな生活が見たい‼️
とかあればまたコメントでも教えてください！

インスタにも美味しいお店とか載せて行こうと思っているので、良ければ遊びに来てください🫶

いつもコメント,DMにとっってもパワー貰ってます、、！大好き！！！☃️

【サブチャン🤭】https://youtube.com/@user-bn1so6id9u

【Instagram】https://www.instagram.com/yukimogmog

【お手紙・贈り物の送り先】
株式会社Carry On
〒150-0001
東京都渋谷区神宮前6-12-20 J6Frontビル6F
「株式会社Carry On　ゆち유치」宛
※冷蔵・冷凍が必要な、なま物の受付はできません。

【お仕事のご依頼等】
https://carry0n.co.jp/contact/corporation/

お問い合わせ✍️
yrssl421mrzhu@gmail.com",2026-03-24T11:55:25Z,,24,ja,PT24M12S,2d,hd,false,110009,2039,0,295,public,youtube,True,False,"https://en.wikipedia.org/wiki/Food,https://en.wikipedia.org/wiki/Lifestyle_(sociology)",https://i.ytimg.com/vi/c6c-uEUrYZ0/maxresdefault.jpg,thumbnails/ゆち유치/c6c-uEUrYZ0.jpg
Condé Nast Traveler,UC3TIRH4PPSDde66Hg5wGh-w,nAubZHFv-KM,Do Elijah Wood & Sarah Michelle Gellar Know Their Movie Locations | Condé Nast Traveler,"‘Ready or Not 2: Here I Come’ stars Elijah Wood and Sarah Michelle Gellar join Condé Nast Traveler to test their movie location knowledge. The actors revisit their most iconic filming locations and try to guess the real-world locations–from The Shire in The Lord of the Rings to Sunnydale High in Buffy the Vampire Slayer–find out if the actors can remember their movies and shows, and where they filmed them.

00:00 Intro
00:11 Scream 2
01:12 Deep Impact
02:21 Cruel Intentions
03:08 The Lord of the Rings
04:52 Buffy the Vampire Slayer
05:55 Eternal Sunshine of the Spotless Mind
07:18 I Know What You Did Last Summer
08:30 Green Street Hooligans
09:41 Ready or Not 2
10:55 Yellowjackets


Still haven’t subscribed to Condé Nast Traveler on YouTube? ►► http://bit.ly/cntraveleryoutubesub

ABOUT CONDE NAST TRAVELER
Expert travel tips, destination guides, videos, and the best of food, fashion, and design from around the world.",2026-03-27T16:00:05Z,"behind the scenes movies,buffy reboot,buffy the vampire slayer,conde nast traveler,condé nast traveler,cruel intentions,elijah wood,elijah wood frodo,elijah wood wigs,eternal sunshine of the spotless mind,film locations,filming locations explained,frodo baggins,hollywood filming locations,i know what you did last summer,iconic film locations,lord of the rings,movie locations,ready or not movie,sarah michelle gellar,scream 2,travel,yellowjackets",24,en,PT12M43S,2d,hd,true,6795,214,0,10,public,youtube,True,False,"https://en.wikipedia.org/wiki/Entertainment,https://en.wikipedia.org/wiki/Film,https://en.wikipedia.org/wiki/Tourism",https://i.ytimg.com/vi/nAubZHFv-KM/maxresdefault.jpg,thumbnails/CondéNastTraveler/nAubZHFv-KM.jpg
밥상위의 국가대표 우리돼지 한돈,UC3VWjktKvTl4km6f8Q3KjWA,emjGeliXkGw,"역시 한돈은 다르다, 오늘 저녁은 한돈🥓","한돈 농가의 정성과 책임감으로
돼지농장은 깨끗하고 세심하게 관리되고 있습니다.

언제나 우리 식탁 가까이 함께하는 한돈,
건강함은 더하고 신선함은 그대로 즐겨보세요.",2026-03-18T08:00:47Z,,29,ko,PT1M4S,2d,hd,false,205975,20,0,1,public,creativeCommon,True,False,"https://en.wikipedia.org/wiki/Food,https://en.wikipedia.org/wiki/Lifestyle_(sociology)",https://i.ytimg.com/vi/emjGeliXkGw/maxresdefault.jpg,thumbnails/밥상위의국가대표우리돼지한돈/emjGeliXkGw.jpg
맛방_이성희 맛있는 방송,UCJSmPF7fqYgT-PXSUzZQYVQ,PxLy8Zx2d5k,대덕대학교 2026년 조리사 입문 착복식,대덕대학교 K-외식조리과 2026년 신입생 조리입문 착복식 행사,2026-03-21T00:20:55Z,,19,ko,PT4M36S,2d,hd,false,55,7,0,4,public,youtube,True,False,https://en.wikipedia.org/wiki/Society,https://i.ytimg.com/vi/PxLy8Zx2d5k/maxresdefault.jpg,thumbnails/맛방_이성희맛있는방송/PxLy8Zx2d5k.jpg
서엘맘 Seoel mom,UCbUC6-hNh1itGbgDa_e9kNg,aJHqhwySZ20,"새해 안녕, 방학전 연말🎄유지어터 딸셋맘 일상 (홈트, 필라테스, 두쫀쿠 택배맛집, 크리스마스 파티, 성탄 합창, 송구영신예배, 떡국 한상, 브이로그, Vlog)","여러분 주말 잘 보내고 계신가요 ◡̈
새해도 벌써 열흘이나 지났다니🙊

저는 초딩언니들의 방학 시작으로
초큼은 분주한 나날들을 보내고 있네요
(우리 동지분들..  함께 화이팅🥹)

늦었지만 한번 더 해피뉴이어!
추운 날씨 건강 조심하셔요💕

00:00 Intro
00:26 크리스마스이브 필라테스 오브 아딥크
01:46 두바이쫀득쿠키 3층다락방 매니비니
02:48 성탄절 합창단 멤피스바베큐
04:49 크리스마스 파티
06:07 연말일상 키카데이트 송구영신예배
08:07 새해 첫 아침 떡국한상",2026-01-10T08:46:52Z,,22,ko,PT10M41S,2d,hd,false,5273,94,0,36,public,youtube,True,False,"https://en.wikipedia.org/wiki/Food,https://en.wikipedia.org/wiki/Hobby,https://en.wikipedia.org/wiki/Lifestyle_(sociology)",https://i.ytimg.com/vi/aJHqhwySZ20/maxresdefault.jpg,thumbnails/서엘맘Seoelmom/aJHqhwySZ20.jpg
챔보,UCyyWcEhqfaqJQ56XdA44RYQ,Vh-5Rnp3FCE,흑백요리사 통편집자가 군산시 요리 도전,"안녕하세요, 흑백요리사 시즌1에서 (거의) 통편집된 챔보입니다.

이번에는 군산시 대표 메뉴 두 가지에 도전해 봤습니다.
첫 번째는 꽃게 갓김치 부대찌개,
두 번째는 박대가스입니다.

사실 저는 해산물을 특별히 좋아하지 않는 편인데요, 과연 이 두 가지 메뉴를 맛있게 살릴 수 있었을까요? 🤔",2025-12-30T09:00:58Z,"챔보,껌이지,군산시,요리,꽃게 갓김치 부대 찌개,박대가스",24,ko,PT12M,2d,hd,false,4997,96,0,13,public,youtube,True,False,"https://en.wikipedia.org/wiki/Food,https://en.wikipedia.org/wiki/Lifestyle_(sociology)",https://i.ytimg.com/vi/Vh-5Rnp3FCE/maxresdefault.jpg,thumbnails/챔보/Vh-5Rnp3FCE.jpg
메기간다효,UCpPB65X6Xhzmlx2A4DSQ-Jg,fsXhKHUGL4A,2018년과 2026년의 메기,"#메기 #돼지메기 #메기간다효 


💘 메기 인스타 https://www.instagram.com/gandahyo/
🐸 메기 카페 : https://cafe.naver.com/ganada0811
📧 메기 문의 : gandahyo@gmail.com

All rights reserved® Made by YOUTUBE GANDA.HYO",2026-02-08T14:05:53Z,"돼지메기,메기,간다효,메기간다효",24,ko,PT35S,2d,hd,false,9198,298,0,157,public,youtube,True,False,,https://i.ytimg.com/vi/fsXhKHUGL4A/maxresdefault.jpg,thumbnails/메기간다효/fsXhKHUGL4A.jpg
배동성&전진주의 정밥TV,UC6RT0rczmhSSkWwQvh0hPnA,G3ScKMRjfZA,정밥지기 집이라면 다 있는 그 재료! 배PD님도 반한 시래기코다리찜 레시피 대오픈✨,"안녕하세요 정밥지기 여러분~🤗🤍
이제는 정말 바람 끝이 보드라워진 게 완연한 봄이네요! 🌸 시간이 참 빠르죠?

오늘은 우리 배PD님이 세상에서 제일 좋아하는 최애 메뉴를 드디어 공개합니다! 💛
다른 반찬은 아예 식탁에 올릴 필요도 없어요.
냄비 가득 푹 지져낸 이 '시래기코다리찜' 하나면 오늘 식사는 끝!

정밥지기라면 집에 다 있다는 재료로 만든 이번 레시피!
재료는 다 냉장고 속에 있는 것들이어서 준비하시기 쉽고!
깊은 맛을 내는 한 끗 차이 레시피까지 함께 보여드려요~
우리 정밥지기 여러분, 오늘 저녁엔 온 가족 입맛 확 살려보시는 건 어떨까요?
지금 바로 시작해 볼게요~✨

*영상에서 활용한 부드러운 시래기 구매하러가기*
(~3/31(화) 자정)
: https://srok.kr/gh32q

*재료*
코다리 2~3마리
무 1/4개
양파 1개
꽈리고추 1봉지
대파 1대
얼린 홍고추 2개
마늘 10쪽
물 500ml

*양념장*
고춧가루 4큰술
백간장 4큰술
국간장 1큰술
올리고당 4큰술
맛술 3큰술
생강가루

*시래기 양념장*
된장 2큰술
고춧가루 1큰술
참치액 1큰술
들기름 2큰술 

00:00 오프닝
02:31 재료 소개
03:40 재료 손질
08:19 조리 시작
11:48 완성
12:30 맛있게 먹겠습니다

#배동성전진주 #전진주 #시래기코다리찜

Music provided by 브금저장소 [BGM Storage]
Track: Flower garden - https://youtu.be/bs_vteOHZWo

[Video Source Support]
Youtube channel ""freeticon""

📞 공구제품 구매문의 : 1688-4025
⚡ 카카오톡 채팅문의 : http://pf.kakao.com/_xmULjb/chat
💌 광고문의 메일주소 : jeongbaptv@monolight.co.kr",2026-03-23T01:40:00Z,"반찬,정밥tv,정밥TV,정밥티비,전진주 레시피,배동성,전진주,배동성 전진주,전진주 배동성,명절음식,한식,가정식,간단요리,반찬추천,쉬운반찬,쉬운요리,전진주 집밥레시피,집밥레시피,한식대가,건강식,요리연구가,전진주 요리연구가,다이어트식단,저염식 식단,집밥 반찬,정밥지기,전진주요리연구가,전진주 요리,전진주 공동구매,정밥지기 공구,배동성 전진주 정밥tv,공동구매,주방용품,주방용품 추천,전진주공동구매,시래기,펀치볼시래기,시래기공구,코다리,코다리찜,시래기코다리,시래기코다리찜,핀일로,핀일로 공구,핀일로 냄비,핀일로 고메,컴포트팟,핀일로 컴포트팟,고메 컴포트팟,박기모,조방낙지,박기모 조방낙지,낙곱새,삶은 시래기,코다리 손질법,코다리 손질하기,코다리 손질,코다리 비린맛 제거",22,ko,PT14M27S,2d,hd,false,5724,284,0,15,public,youtube,True,False,"https://en.wikipedia.org/wiki/Food,https://en.wikipedia.org/wiki/Lifestyle_(sociology)",https://i.ytimg.com/vi/G3ScKMRjfZA/maxresdefault.jpg,thumbnails/배동성전진주의정밥TV/G3ScKMRjfZA.jpg
각궁이의 맛난소식GakgungTV,UCNbLi9EPm4zYt3KuAcMv3Bw,dhHRwQuzfFo,"요즘 물가에 초밥 10p 6,800원 가성비 끝판왕 초밥집에 직접 가봤습니다","인천 동암에 놀라운 가격으로 초밥을 먹을 수 있는 곳을 소개하겠습니다.
점심특선으로 초밥 10개를 6,800원으로 먹을 수 있는 곳입니다.

초밥나라
인천 부평구 열우물로 71 1층
동암역 2번 출구에서 525m
화 ~ 일 11:00 ~ 21:00
(14:30 ~ 16:30 브레이크타임, 매주 월 휴무)

요즘 초밥 값이 너무 비싸다고 생각이 드신다면 여기 방문하면 딱 입니다.
점심특선에 초밥 10개를 6,800원으로 먹을 수 있다고 하는데 평일 뿐만 아니라 주말에도 먹을 수 있다고 합니다.
진짜 이 정도로 팔고하면 남는 것이 있을까 걱정이 되고 하는데요.
그럼 점심 특선으로 나오는 초밥은 어떻게 나오는지 영상으로 보시죠.

점심특선 초밥 10개 6,800원
모듬초밥 10개 9,800원
해물김치우동 9,800원
                                       
#인천맛집 #동암맛집 #초밥 #초밥나라 #가성비

위 영상은 내돈내산으로 진행되며 촬영 허가를 받았습니다.
좋아요와 구독으로 저에게 힘을 실어주세요.
앞으로도 새로운 맛집과 색다른 음식을 선보이겠습니다.
인스타그램 : 유튜브 전용 - https://www.instagram.com/gakgung2_foods
                     인천맛집 전용 - https://www.instagram.com/inbu_gakgung2
블로그 : https://blog.naver.com/gakgungtv
촬영 또는 광고, 협찬 문의는 이메일 또는 인스타그램 DM으로 보내주세요.
이메일 : gakgungtv@gmail.com

Kevin MacLeod의 Aurea Carmina에는 크리에이티브 커먼즈 저작자 표시 4.0 라이선스가 적용됩니다. https://creativecommons.org/licenses/by/4.0/

출처: http://incompetech.com/music/royalty-free/index.html?isrc=USUAN1400006

아티스트: http://incompetech.com/

출처: http://incompetech.com/music/royalty-free/index.html?isrc=USUAN1400006

아티스트: http://incompetech.com/",2026-03-22T09:15:02Z,"맛집소개,이색맛집,음식소개,이색음식,전국 맛집,수도권 맛집,서울 맛집,인천 맛집,경기 맛집,먹방,혼밥,혼술,가성비,가성비 맛집,부평맛집,동암,동암맛집,초밥,초밥맛집,점심특선,초밥나라,동암 초밥나라,가성비 초밥,각궁이,각궁이의이색맛집,각궁이의맛난소식",26,ko,PT4M56S,2d,hd,false,637,40,0,26,public,youtube,True,False,"https://en.wikipedia.org/wiki/Food,https://en.wikipedia.org/wiki/Lifestyle_(sociology)",https://i.ytimg.com/vi/dhHRwQuzfFo/maxresdefault.jpg,thumbnails/각궁이의맛난소식GakgungTV/dhHRwQuzfFo.jpg
맛난메뉴 Delicious menu,UCGtPnX9NC7zZvE_s7RhR0jA,UZgPx5KGwts,새송이버섯 이렇게 하면 고기보다 맛있어서 계속 찾게 됩니다! 요즘 이거 때문에… 너무 맛있어서 난리입니다,"🥦재료
브로콜리-60g
새송이버섯-70g
양파-약간
계란-2개
소금
후추
마늘-1작은술
들깨가루-1/2스푼
라이스페이퍼-2장
모짜렐라 눈꽃치즈
아보카도 오일

🥫TIP
- 브로콜리는 되도록 작게 썰어주셔야 금방 익어요.
- 마늘은 야채와 함께 먼저 넣어 볶아주시면 좋아요.
  (마늘향이 강할 수 있어요)
-라이스페이퍼는 물을 적셔 올려줬어요.

오늘 영상이 도움이 되셨다면, 맛난메뉴 구독과 좋아요 잊지마세요👍

🚫영상의 재업로드 및 2차 편집을 금지합니다. 
- 적발시 법적인 책임을 물을 수 있습니다.
- 모든 저작권은 맛난메뉴에 있습니다.",2026-03-26T11:54:57Z,,26,ko,PT2M53S,2d,hd,false,4970,133,0,4,public,youtube,False,False,"https://en.wikipedia.org/wiki/Food,https://en.wikipedia.org/wiki/Lifestyle_(sociology)",https://i.ytimg.com/vi/UZgPx5KGwts/maxresdefault.jpg,thumbnails/맛난메뉴Deliciousmenu/UZgPx5KGwts.jpg
창업의 형 김종구 대표,UCFKwOdHrCc1PJw-8BBPtHuA,OEtnLVY5mP4,비행기 진상 탑승객..ㅋㅋㅋ｜EP134,"☎️ 창업문의: 010-5384-7177 
     (꼭 문자 남겨주세요.24시간가능)
✉️상담문의/신청 : kjgchangsin@gmail.com

🔸김종구 부산어묵
🔸김종구 식맛치킨·전기바베큐
🔸김종구 닭칼국수육보쌈
🔸김종구 어묵짜장면&가락우동

소자본 창업은 하고 싶은데 겁이 나는 예비 창업자분들
매장 상권은 좋지만 장사가 잘 되지 않아서 업종변경을 
원하시는 분들께 컨설팅 해드립니다
(상권에 맞는 업종이 선택 되어야 합니다)

#김종구식맛치킨 #김종구 #천세라 #전기바베큐 #김종구닭칼국수육보쌈 #김종구부산어묵 #김종구 어묵짜장면&가락우동 #창업 #자영업자 #30대자영업자 #40대자영업자 #50대자영업자 #프랜차이즈 #옛날통닭 #전기구이 #누룽지통닭 #치킨 #통닭 #오뎅 #어묵 #부산어묵 #떡볶이 #튀김 #순대 #떡튀순 #소자본창업 #30대대표 #상권분석 #업종변경",2026-03-23T13:54:03Z,"창업,자영업,자영업자,30대자영업자,40대자영업자,50대자영업자,프랜차이즈,장사,옛날통닭,전기구이,누룽지통닭,부산어묵,오뎅,치킨,통닭,떡볶이,순대,튀김,떡튀순,김종구식맛치킨,김종구부산어묵,소자본창업,상권분석,업종변경,30대대표",22,ko,PT7M55S,2d,hd,false,8587,25,0,10,public,youtube,True,False,"https://en.wikipedia.org/wiki/Food,https://en.wikipedia.org/wiki/Lifestyle_(sociology)",https://i.ytimg.com/vi/OEtnLVY5mP4/hqdefault.jpg,thumbnails/창업의형김종구대표/OEtnLVY5mP4.jpg
커피하는 람쥐,UCKfu_os4wmPOQdisVqAqQTA,t5p2iELuXFk,커피 질문 및 소통해요~~~,"----------------------
✍ 온라인 강의 '람쥐클래스' | https://ramgclass.com
✍ 오프라인 교육문의 | https://pf.kakao.com/_xbxoyNb

🎁 커피쇼핑몰 람쥐몰 | https://coffeeramg.com/

✅ 네이버 카페[람쥐의 커피광장] | https://cafe.naver.com/coffeeramg

🔗 인스타 : https://instagram.com/coffee.ram_g

♥ 멤버십 가입 : https://bit.ly/48OVZoV

📞 협업 제안 이메일 : famous_coffee@naver.com",2026-03-27T04:27:56Z,"바리스타자격증,카페창업,바리스타,바리스타학원,바리스타2급,커피교육,커피강의,커피,아메리카노세팅,barista,coffee,cafestartup,coffee education,coffee training,라떼아트,latteart,home barista,coffee tutorial,espresso recipe,how to make coffee,barista skills,learn coffee,coffee guide,barista for beginners,espresso tips,beginner espresso guide,americano recipe,how to make americano,how to start a cafe,opening a coffee shop,coffee business,barista tips,coffee gear,barista tools,커피장비,에스프레소머신,cafe",27,ko,PT2H8M,2d,hd,false,1341,29,0,1,public,youtube,True,False,,https://i.ytimg.com/vi/t5p2iELuXFk/maxresdefault.jpg,thumbnails/커피하는람쥐/t5p2iELuXFk.jpg
산골맛집김선생과 제2의새마을운동 ,UCet4VXBGsHn8PRUOOhnCFgQ,eOf5d7vVu3Q,#족발 #원조왕족발 #훈제고사머리 #산골맛집김선생 ,"30년 단골손님들 산초와 도라지 약초등을 넣고 끓인 육수에서 만든 원조왕족발을
어떤 족박집 체인점등이 들어와도 결국
진실한 먹거리와 정성과 덤으로 주시는는
마음들은 가족같은 단골고객들이 30년동안 이어지고 있기 때문입니다
많은 댓글로 응원해 주세요 댓글로  조언이나 어떤 충고도 좋습니다 100개이상 댓글 다신 가족님들은 선물과 혜택 드리겠습니다 
감사와사랑을 보냅니다",2026-03-22T14:12:38Z,,27,ko,PT7M47S,2d,hd,false,853,24,0,4,public,youtube,True,False,"https://en.wikipedia.org/wiki/Food,https://en.wikipedia.org/wiki/Lifestyle_(sociology)",https://i.ytimg.com/vi/eOf5d7vVu3Q/maxresdefault.jpg,thumbnails/산골맛집김선생과제2의새마을운동/eOf5d7vVu3Q.jpg
똘맹타로,UCi4NDFWWMohmHMWxBd-06kA,y8hkRsxQmls,[타로] 곧 당신에게 오는 천금같은 기회✨,"[타임스탬프]

인트로  0:00

오늘 사용한 카드 0:46

카드 파일 선택  1:53

스톤 선택 2:01

카드파일 번호 공개 2:08

1번카드  2:16

2번카드  9:07

3번카드  14:48

4번카드  21:13

5번카드  25:55

🔖영상에서 사용한 카드🔖
- Pastoral Tarot
- GOLDEN ART NOUVEAU TAROT
- Waite Candy Tarot
- 소울메세지카드 : 타로마스터 정회도 제작 한국어 오라클카드 / 판매처: 소울소사이어 , 링크 -https://m.smartstore.naver.com/tacaso/products/5341754248 
썸네일 - 미리캔버스
영상편집 - vllo",2026-03-08T11:00:00Z,"#타로,#타로카드,#금,#돈,#부자,#횡재,#반전,#역전,#똘맹타로,#tarot,#제너럴리딩,#운명,#찬스,#기회",22,ko,PT30M21S,2d,hd,false,1563,225,0,14,public,youtube,True,False,https://en.wikipedia.org/wiki/Lifestyle_(sociology),https://i.ytimg.com/vi/y8hkRsxQmls/maxresdefault.jpg,thumbnails/똘맹타로/y8hkRsxQmls.jpg
사위TV_요리와 일상,UCcCs2Xsh15EOFRVpLNqHwug,AiwxisocxGw,"꽈리고추 버섯볶음, 이렇게 볶으면 밥 한 그릇 금방입니다 | 집밥 반찬, 간단 밑반찬","오늘은 집에서 간단하게 만들 수 있는 밑반찬, 꽈리고추 버섯볶음을 소개합니다.
꽈리고추의 은은한 매콤함과 느타리버섯, 새송이버섯의 쫄깃한 식감이 잘 어울려 밥과 함께 먹기 좋은 집밥 반찬입니다. 고기 없이도 맛있고 입맛 없을 때 먹기 좋은 건강한 반찬입니다.
집에 있는 재료로 간단하게 만들어 보세요.

[재료]
1. 주재료: 꽈리고추 200g(손질 전), 느타리버섯 200g(손질 전), 새송이버섯 1개(110g)
2. 양념장 재료: 양조간장 2큰술, 참치액 1큰술, 설탕 1큰술, 다진 마늘 1큰술, 통깨 1작은술, 참기름 1큰술, 후추 약간
3. 추가 재료: 통깨 1큰술, 물 2큰술

[만드는 방법]
1. 꽈리고추는 꼭지를 떼고 깨끗이 씻은 뒤 반으로 자릅니다.
2. 느타리버섯은 밑동을 자르고 먹기 좋게 떼어 둡니다.
3. 새송이버섯은 길이를 반으로 자른 뒤 굵게 채 썹니다.
4. 양념장 만들기: 간장, 참치액, 설탕, 다진 마늘, 통깨, 참기름, 후추를 섞어 양념장을 만듭니다. 
5. 손질한 느타리버섯과 새송이버섯에 양념장 절반을 넣고 약 10분 정도 재워 둡니다.
6. 손질한 꽈리고추에도  나머지 양념장을 넣고 약 10분 정도 재워 둡니다.
7. 팬에 양념에 재워 둔 버섯을 먼저 볶은 뒤 따로 담아 둡니다.
8. 같은 팬에 양념에 재워 둔 꽈리고추를 충분히 볶은 뒤, 볶아 둔 버섯을 넣고 함께 살짝 볶습니다.
9. 불을 끄고 통깨를 넣어 마무리합니다.

[요리팁]
버섯을 볶으면서 나온 국물은 버리지 말고, 꽈리고추를 볶을 때 함께 사용하면 더 맛있습니다.

#꽈리고추버섯볶음 #꽈리고추요리 #버섯볶음 #느타리버섯요리 #새송이버섯요리 #집밥반찬 #밑반찬만들기 #간단반찬 #나물요리 #건강반찬 #집밥레시피 #한국집밥 #반찬만들기 #버섯요리 #꽈리고추반찬",2026-03-13T22:00:09Z,"꽈리고추버섯볶음,꽈리고추요리,버섯볶음,느타리버섯요리,새송이버섯요리,집밥반찬,밑반찬만들기,간단반찬,나물요리,건강반찬,집밥레시피,한국집밥,반찬만들기,버섯요리,꽈리고추반찬",26,ko,PT6M15S,2d,hd,false,275,15,0,2,public,youtube,True,False,"https://en.wikipedia.org/wiki/Food,https://en.wikipedia.org/wiki/Lifestyle_(sociology)",https://i.ytimg.com/vi/AiwxisocxGw/maxresdefault.jpg,thumbnails/사위TV_요리와일상/AiwxisocxGw.jpg
이종임 스타일 채널,UCTIiGl3YTwzyEsArwlOExsg,uyMyQ9OZepQ,"[ENG SUB]EP.556-봄동나물된장국) 봄동 하나로 나물도 즐기고, 따뜻한 국으로도 즐길 수 있어요","#봄동 #국 #이종임스타일 #봄동나물

봄에 꼭 먹어야 할 가성비 최고 봄채소 🌱 봄동 😊
부드럽고 달큰해서 그냥 먹어도 맛있고, 나물로 무쳐도 맛있고 🥗
국으로 끓이면 또 시원하고 깊은 맛까지 낼 수 있어서
활용도가 정말 좋아요 🍲✨
한 가지 재료로 나물도 즐기고, 따뜻한 국도 즐길 수 있는
봄철 밥상에 딱 어울리는 착한 식재료 👍
요즘 같은 봄철에는 제철 음식으로 건강도 챙기고 🌼
부담 없는 가격으로 맛있게 즐겨보세요 😋💛

================================

👩‍🍳 재료 및 분량  (3~4인분)
봄동 200g, 바지락 300g,
달래 30g, 된장 1큰술,
멸치다시마육수 5컵

나물 양념)
된장 ½큰술, 다진 마늘 ½큰술,
다진 파 1큰술, 고춧가루 1작은술,
깨소금 1작은술, 참기름 1작은술


👩‍🍳 만드는 법
1. 봄동은 깨끗이 씻어, 바지락은 해감을 제거하여 준비한다
2. 달래는 굵은 부분을 두드린 후 3cm 길이로 썬다
3. 봄동을 3분 정도 찐 후 한 김 식혀 먹기 좋은 크기로 찢는다
4. 봄동에 분량의 나물 양념을 넣어 무친다
5. 육수에 바지락을 넣고 끓이다가 조가비가 벌어지면 건진다
6. 육수에 된장을 풀고 봄동나물을 넣고 중불에서 4~5분 끓인다
7. 달래와 바지락을 넣고 살짝 더 끓여 완성한다",2026-03-24T06:00:00Z,"시니어요리,가족모임요리,시니어,어르신,시니어라이프,시니어시티즌라이프매거진,이종임,요리,라이프,푸드,레시피,전통,오방색,비법,손맛,대대로,수도요리학원,하선정,하숙정,수도요리",26,ko,PT7M3S,2d,hd,true,1781,98,0,11,public,youtube,True,False,"https://en.wikipedia.org/wiki/Food,https://en.wikipedia.org/wiki/Lifestyle_(sociology)",https://i.ytimg.com/vi/uyMyQ9OZepQ/maxresdefault.jpg,thumbnails/이종임스타일채널/uyMyQ9OZepQ.jpg
성시경 SUNG SI KYUNG,UCl23-Cci_SMqyGXE1T_LYUg,DdUamCiDqq4,성시경의 부를텐데 l 이석훈 온유,"00:00 Ment
08:24 사랑이란 건 - 이석훈
13:40 너의 모든 순간 - 온유
35:42 She - 이석훈
40:13 TOUGH LOVE - 온유

성시경의 부를텐데 들으며 경탁주 한 잔 🍶🎶
경탁주 사러가기 ➤ https://bit.ly/3OmFFqC

경고: 지나친 음주는 뇌졸중, 기억력 손상이나 치매를 유발합니다. 임신 중 음주는 기형아 출생 위험을 높입니다.

#경 #경탁주 #kyung #경탁주12도 #경탁주로제 #경탁주로제12도",2026-03-27T09:00:06Z,"성시경,성시경유튜브,SUNGSIKYUNG,SSK,ソンシギョン,成始璄",24,ko,PT43M6S,2d,hd,false,70795,4553,0,522,public,youtube,True,False,"https://en.wikipedia.org/wiki/Music,https://en.wikipedia.org/wiki/Music_of_Asia",https://i.ytimg.com/vi/DdUamCiDqq4/maxresdefault.jpg,thumbnails/성시경SUNGSIKYUNG/DdUamCiDqq4.jpg
주토피아 - 어디에서도 들을 수 없는 술 이야기,UCQTLz_hauzjE4uheUy7ZBwA,V0YsH7cSaRY,주토피아 채널의 올해 프로젝트 주절주절,#주토피아 #구독자이벤트 #위스키보겸 #프로젝트 #주절주절 #whisky #bar #몰트위스키 #뽕따 #싱글몰트 #온더락 #맛집 #하이볼,2026-03-27T07:00:22Z,,26,ko,PT11M7S,2d,hd,false,4081,245,0,85,public,youtube,True,False,https://en.wikipedia.org/wiki/Lifestyle_(sociology),https://i.ytimg.com/vi/V0YsH7cSaRY/maxresdefault.jpg,thumbnails/주토피아-어디에서도들을수없는술이야기/V0YsH7cSaRY.jpg
덕이네이모,UCr4nfqTHGnHBdaBSWNG_buQ,jpqCYBNdRZE,전라도 욕쟁이 이모  장어탕 열무비빔밥 먹방 및 소통,This stream is created with #PRISMLiveStudio,2026-03-26T10:00:54Z,,24,ko,PT2H2M7S,2d,hd,false,29377,578,0,9,public,youtube,True,False,"https://en.wikipedia.org/wiki/Food,https://en.wikipedia.org/wiki/Lifestyle_(sociology)",https://i.ytimg.com/vi/jpqCYBNdRZE/hqdefault.jpg,thumbnails/덕이네이모/jpqCYBNdRZE.jpg
집나간햄지 Wandering Hamzy,UC1EiHIhV6UDRWOY6BaEavdw,v8bEQX-yyUg,"임신 아니에요...나홀로 폭식 브이로그🤣 | 마라로제떡볶이,LA갈비,두쫀쿠,만둣국,카레,혼밥","#햄지 #vlog #hamzy 

각국어 번역 자막 제작 : 
컨텐츠 제작의 마무리는 컨텐츠플라이! 글로벌 진출을 위한 최고의 파트너,
CONTENTSFLY에서 제작되었습니다.
https://www.contentsfly.com
[추천링크]
https://contentsfly.com/invite?p=Uhts...",2026-03-27T12:00:00Z,"yt:cc=on,hamzy,mukbang,vlog,trip,travel,korean food,korea,korean culture,먹방,일상,브이로그,여행,맛집,혼술,랜선여행,Hamzy Vlog,야외먹방,외식,hamzyhome,home vlog,일상브이로그,반려견,강아지,푸들,휴일,햄지,Hamzyhome,Korea food,Korea culture,집순이,야식,커플,남자친구,Vlog,고양이,야외음식,요리,음식,햄지먹방,햄지브이로그,야외,집 브이로그,햄지 집,Hamzy,만둣국,마라로제떡볶이,김장김치,LA갈비,혼밥브이로그,혼밥,집밥,햄지집밥,햄지밥,카레,마라떡볶이,엽떡 마라떡볶이,마라엽떡",19,ko,PT23M28S,2d,hd,true,67057,3128,0,192,public,youtube,True,False,"https://en.wikipedia.org/wiki/Food,https://en.wikipedia.org/wiki/Lifestyle_(sociology)",https://i.ytimg.com/vi/v8bEQX-yyUg/maxresdefault.jpg,thumbnails/집나간햄지WanderingHamzy/v8bEQX-yyUg.jpg
영자씨의 부엌Young-Ja's Kitchen,UC2gasvQVxOdRht9ykwhxwjw,TkNhMhR8dXc,"동태조림, 부서짐없이 뼈와살이 쏙 분리되는비법! 가성비 최고!","🔸 모두를 위한 키친&리빙 플랫폼 홀센피그: https://horsenpig.com 
#동태조림
손질 동태 900g
식용유 2T
진간장 4T
생강청 1T
설탕 1T
고춧가루 2T
참기름 2T
대파 1뿌리
청양고추 3개

✅ 영자씨의부엌 YouTube: https://www.youtube.com/c/영자씨의부엌
-
이 영상은 '영자씨의 부엌'에서 제작한 저작물이며, 해당 저작물은 저작권의 보호를 받고 있습니다. 저작권자의 허락 없이 무단으로 도용할 경우 저작권법에 의해 처벌 대상이 될 수 있으며, 저작권 보호를 위해 법적조치를 취할 수 있습니다.",2026-03-27T12:00:43Z,"한식,반찬,밑반찬,영자씨의 부엌,Korean recipes,Korean mom,K-food,Korean style food,banchan,자취음식,Korean Traditional Food Recipe,youngja's kitchen,동태조림,동태,조림,코다리조림,코다리요리",26,ko,PT1M20S,2d,hd,false,16207,210,0,5,public,youtube,True,False,"https://en.wikipedia.org/wiki/Food,https://en.wikipedia.org/wiki/Lifestyle_(sociology)",https://i.ytimg.com/vi/TkNhMhR8dXc/maxresdefault.jpg,thumbnails/영자씨의부엌Young-JasKitchen/TkNhMhR8dXc.jpg
육식맨 YOOXICMAN,UC0VR2v4TZeGcOrZHnmwbU_Q,t_PUFBP2FQw,홈메이드 시오라멘 : 최고의 기술과 최고의 재료가 만들어낸 극상의 감칠맛 (塩ラーメン),"🔽재료 목록과 조리도구 정리🔽
(아래 제휴 링크로 구매 시 수수료를 받아 채널 운영에 도움이 됩니다.)
✅ 휴대용 가스버너: 이와타니 슬림 가스버너
https://link.coupang.com/a/eaJFrB

✅ 고기 그물망: 미트 넷
https://naver.me/IDkS1f9f

✅ 면포: 요리용 면 보자기
https://naver.me/Fns8iwou

✅ 도마 : 파커 아사히
https://link.coupang.com/a/eavn26

✅ 거름채: 거품 망 채
https://link.coupang.com/a/eav7xQ

✅ 저울 : 타임모어 저울
https://naver.me/5jXdjTZI

✅ 전기 주전자 : 펠로우 드립포트
https://link.coupang.com/a/eawmGI

✅ 스테인레스 곰솥 : 휘슬러 곰솥
https://link.coupang.com/a/eawGfs

✅ 1구 인덕션 : 삼성 인덕션
 https://link.coupang.com/a/cLjDSK

✅ 계량스푼  : 스테인레스 계량 스푼 
https://naver.me/5jXdjTZI

✅ 칼 : 글로벌 나이프 
https://naver.me/5S9NwQpC

✅ 검정 장갑 : 브릭글로 니트릴 장갑 
https://naver.me/xsZ4YVgT

✅ 스테인레스 집게  : 트라이앵글 집게
https://lounge.kurly.com/link/GipF-mJfX

[시오라멘 재료 목록]
8인분 레시피

[소금 양념장]
말린 관자 25g https://link.coupang.com/a/eawX35
다시마 10g https://link.coupang.com/a/eatGpc
물 100g
청주 100g
설탕 10g https://link.coupang.com/a/eatIRT
소금 30g (다양한 소금을 섞어쓸 수록 좋음) https://link.coupang.com/a/eauPJl
⇨ 물 추가해서 최종 200g 양념장 추출
(한국인 염도를 고려한 버전)

[차슈 & 맛계란]
삼겹살 1kg
진간장 150g https://link.coupang.com/a/eaw0uP
청주 60g
미림 60g https://link.coupang.com/a/eatU3O
계란 원하는 만큼

[다시마 육수]
다시마 40  https://link.coupang.com/a/eatGpc
표고버섯 6 https://link.coupang.com/a/eatYa8
⇨ 2리터 추출

[라멘 육수]
다시마 육수 2리터
등뼈 1kg
닭뼈 1kg
대파 1대 https://link.coupang.com/a/eat0T0
양파 1개 https://link.coupang.com/a/eat2mW
마늘 8알 https://link.coupang.com/a/eat3uj
생강 손가락 1개 분량 https://link.coupang.com/a/eat5Qs
식초 2테이블스푼 https://link.coupang.com/a/eat7SN
청주 100g
물 3.5리터
다진 닭가슴살 200g
⇨ 4리터 추출
4리터 기준 매우 진한 육수이기 때문에
하코다테 유명 라멘 중 옅은 곳 기준이면
5~6리터로 희석해도 충분함

[합체]
1인분 1그릇 기준
소금 양념장 2테이블스푼
라멘 육수 300~350g
라멘 면 100~120g 제품 https://link.coupang.com/a/eaulR6
차슈 원하는 만큼
멘마(죽순) 원하는 만큼 https://link.coupang.com/a/eaugyF
대파 약간 https://link.coupang.com/a/eat0T0
(그외 시금치, 나루토 어묵 등 자유 추가)

소금 양념장과 라멘 육수를 따로 만들기 때문에
염도 조절이 자유로움
사용한 다시마, 관자, 소금에 따라서
염도가 꽤 다를 수 있기 때문에
결국 한 그릇 말아보고 나서
짜면 육수 추가, 싱거우면 양념장 추가

육식맨 (홈쿠킹&푸드트립) : https://www.youtube.com/@YOOXICMAN
잡식맨 (일상&리뷰&쇼츠) : https://www.youtube.com/@JOBXICMAN
인스타그램 : https://www.instagram.com/yooxicman/
비즈니스 메일 : yooxicman@gmail.com

[육식맨 YOOXICMAN 채널 소개]
고기 없이 못 사는 육식주의자를 위한 본격 육식 요리 채널!!!
평범한 아파트 가정집에서 평범하지 않은 고기 요리에 도전합니다!

[육식맨 영상의 4대 목표]
◇ 참 보기 좋고 먹어 보고 싶은 육식
◇ 군더더기, 시간 낭비 없이 깔끔한 영상 편집
◇ 흥미로우면서 진실한 리액션
◇ 꽤 도움이 되며 부담스럽지 않은 요리 정보

[BGM]
유튜브 저작권 해결되는 구독형 유료 음원 사이트 Epidemic Sound
https://share.epidemicsound.com/g7t89r",2026-03-24T09:01:23Z,"요리,레시피,육식,고기,육식맨,고기요리,YOOXICMAN,라멘,塩ラーメン,시오라멘,시오 라멘,라멘 만들기,라멘 레시피,하코다테,函館塩ラーメン",24,ko,PT18M48S,2d,hd,false,298034,4292,0,566,public,youtube,True,False,"https://en.wikipedia.org/wiki/Food,https://en.wikipedia.org/wiki/Lifestyle_(sociology)",https://i.ytimg.com/vi/t_PUFBP2FQw/maxresdefault.jpg,thumbnails/육식맨YOOXICMAN/t_PUFBP2FQw.jpg
은젤 월드 Eunzel World,UC0ry6ufHVkTnYM8XMPAHRsQ,HECM4OCDD5g,강아지사료추천 동결건조사료 아마존 1위! 스텔라앤츄이스 후기,"유료 광고를 포함하고 있으며 리뷰는 유튜버의 감상으로 솔직하게 제작되었습니다.

[스텔라앤츄이스] 디너패티 156g
터키 디너패티 : https://stellaandchewys-korea.co.kr/product/%ED%84%B0%ED%82%A4-%EB%94%94%EB%84%88%ED%8C%A8%ED%8B%B0-55oz156g/53/category/1/display/2/?icid=MAIN.product_listmain_1

사료 먹이다 화식으로 바꿔 먹이면
처음에는 맛있게 먹는데 그것도 또 질려하는 푸들아기의 입맛을 아시나요?
그래서 저는 조조가 알러지 없이 맛있게 먹을 수 있는 화식, 동결건조사료들에 관심이 많아요. 한가지만 계속 먹일 수는 없어서 좋은 제품을 돌려먹이려 하거든요.
스텔라앤츄이스도 조조의 식단에 추가입니다.

강아지사료추천, 동결건조사료, 리얼후기

● 스튜디오 은젤 블로그 : https://blog.naver.com/promisingstudioeunze
● 트위치 생방송  : https://www.twitch.tv/eunzel
● 은젤 인스타그램  :  https://www.instagram.com/eunbar/
● 영상 업로드 일정  :  평일 오후 5시, 주말 정오 
● 업무메일 :  qldmdmsql@naver.com

상상력 쑤욱, 놀면서 배우는 창의력 동화 [신비한 502 잡화점]
예스24 - https://bit.ly/3IJcZQ8 
교보문고 - https://bit.ly/3wFPsx5 
알라딘 - http://aladin.kr/p/qfSZa 
영풍문고 - https://bit.ly/3JLr8h5 

자막 #나눔템플릿
콘텐츠 제작 by 스튜디오 은젤",2026-03-24T09:23:21Z,"은젤,은젤월드,eunzel,강아지사료추천,동결건조사료,스텔라앤츄이스,강아지건강사료,강아지프리미엄사료,강아지단백질사료,디너패티,반려견사료,강아지사료리뷰,강아지사료먹방",24,ko,PT3M26S,2d,hd,false,85,10,0,2,public,youtube,True,False,"https://en.wikipedia.org/wiki/Food,https://en.wikipedia.org/wiki/Lifestyle_(sociology),https://en.wikipedia.org/wiki/Pet",https://i.ytimg.com/vi/HECM4OCDD5g/maxresdefault.jpg,thumbnails/은젤월드EunzelWorld/HECM4OCDD5g.jpg
팔짜🐷💕,UC0m-NshV3J3lA_mI8txWUuA,WN1rVilYiJE,집최고,,2026-03-27T17:23:30Z,,24,ko,PT38M37S,2d,sd,false,1856,19,0,0,public,youtube,True,False,,https://i.ytimg.com/vi/WN1rVilYiJE/maxresdefault_live.jpg,thumbnails/팔짜/WN1rVilYiJE.jpg
청담다육,UC-roLskJmtw_g8x26iPxDsA,QRJAiKrGY9s,청담다육 라이브방송 (☎️010 4122 3663) #선인장 #아프리카식물 #cactus #サボテン #succulent,This stream is created with #PRISMLiveStudio,2026-03-26T06:52:26Z,,24,ko,PT3H2M50S,2d,hd,false,364,27,0,0,public,youtube,True,False,https://en.wikipedia.org/wiki/Lifestyle_(sociology),https://i.ytimg.com/vi/QRJAiKrGY9s/maxresdefault.jpg,thumbnails/청담다육/QRJAiKrGY9s.jpg
차예련 chayeryun,UC-YuM9j7aT4pkXGICFurAiA,_1YHsXr8fRw,"파우치만 N개? 파워 J 차예련의 왓츠인마이백 | 꿀템, 간식 파우치, 주부템, 필수 영양제, 약추천, What’s in My Bag","안녕하세요~ 차예련입니다:)
오늘은 오랜만에 ‘왓츠 인 마이 백’을 준비했어요!

요즘 제가 가방 속에 꼭 넣어 다니는 찐템들만 쏙쏙 골라서 공유해봤습니다
딸 인아의 간식부터 요즘 애정하는 화장품들까지! 전부 다 담아왔어요 ㅎㅎ

그리고 구독자 여러분을 위해 제가 소개해드린 이너비 피디알엔 리즈 (PDRN RISE) 댓글 이벤트도 준비했어요💙

오늘 영상도 재미있게 봐주시고,
구독과 좋아요도 꼭 부탁드릴게요 💕

💙 이너비 피디알엔 리즈 4/1까지 시크릿 특가로 만나보세요! 💙
https://mkt.shopping.naver.com/link/69c2278101c5cd3461ab3c99

#차예련PDRN #먹는PDRN #이너비피디알엔리즈

💖구독자 분들을 위해 준비한 댓글 EVENT💖
✅ 차예련 채널 구독 필수! 오늘 영상 끝까지 보신 분들~!
이번 영상의 감상평을 댓글로 달아주세요!
10분께 '이너비 피디알엔 리즈 (PDRN RISE)' 보내드릴게요✨

✅ 이벤트 기간: 4/1(수) 23:59까지
✅ 당첨자는 다음 콘텐츠 내 더보기란 발표

🎁 ['바퀜 진공밀폐용기'] 당첨자 🎁
@KimJunghyun-j4i
@숭이-f9i
@jju-z6b
@jungrolee366
@user_dd9jv8om6q

-----
인스타그램
https://www.instagram.com/chayeryun/

비지니스 문의: offtype@3ycorp.kr

#차예련 #chayeryun #주상욱 #주차부부
© 2026 3Y, Cha Yeryun. All rights reserved.",2026-03-25T10:07:23Z,"차예련,차장금,차주부,주상욱,편스토랑,chayeryun,영양제추천,꿀템,필수템,신박템,여배우,살림템,신박한,애정템,약국템,영양제,뷰티템,화장품",22,ko,PT13M47S,2d,hd,true,48912,582,0,130,public,youtube,True,False,https://en.wikipedia.org/wiki/Lifestyle_(sociology),https://i.ytimg.com/vi/_1YHsXr8fRw/maxresdefault.jpg,thumbnails/차예련chayeryun/_1YHsXr8fRw.jpg
괴산투스타,UC-28TVh9o8HbBTUirBuNwHA,nltlpWBsqWg,피톤치드로 피부샤워하는곳 치악산,"국립공원 치악산 구룡사앞의 울창한 전나무숲은 산책하기 좋게
산책로를 조성해놓았는데 그 길을 걸으면 숲에서 쏟아지는 피톤치드를
온몸으로 느낄 수 있다.",2026-03-23T04:36:40Z,"귀농귀촌,여행,맛집,치악산,구룡사,피톤치드",22,ko,PT20M8S,2d,hd,false,265,10,0,8,public,youtube,True,False,"https://en.wikipedia.org/wiki/Hobby,https://en.wikipedia.org/wiki/Lifestyle_(sociology),https://en.wikipedia.org/wiki/Tourism",https://i.ytimg.com/vi/nltlpWBsqWg/hqdefault.jpg,thumbnails/괴산투스타/nltlpWBsqWg.jpg
주들 Joodeul,UC-hZw14URZrz8rjDNqLepWA,4gBKxm55Frk,6년차 캠퍼 화목난로 왜 이제서야 선택한 이유,"안녕하세요. 주들 입니다.
캠핑시작한지 6년차인데 이제서야 첫 화목난로를 사용하는데요
지금까지 화목난로를 망설였던 이유 

이번 영상도 즐겁게 봐주세요.
구독 좋아요~ 부탁드려요.

[e-mai]협업문의
joodeul@gmail.com

[Instagram]
주들 https://www.instagram.com/joodeul/",2026-01-05T11:05:34Z,"#캠핑,#감성캠핑,#가족캠핑,#camping vlog,우드앤번,화목난로,장박,장박텐트,쿠디 에어텐트,쿠디 파밀리아,에어텐트,장박 텐트,장박캠핑,화목난로 추천,캠핑 화목난로 추천,캠핑장비,캠핑 청소기,화목난로 청소,camping,camp,camper",19,ko,PT9M50S,2d,hd,false,25111,207,0,34,public,youtube,True,False,"https://en.wikipedia.org/wiki/Food,https://en.wikipedia.org/wiki/Lifestyle_(sociology),https://en.wikipedia.org/wiki/Tourism",https://i.ytimg.com/vi/4gBKxm55Frk/maxresdefault.jpg,thumbnails/주들Joodeul/4gBKxm55Frk.jpg
Tasty Travel 맛있는 여행,UC084zOc5knHoHr81teIziwQ,gQDeYfWT3vE,"역대급 무제한 뷔페! 무제한 대왕 조개구이, 10가지 무제한 중식 뷔페, 소고기 무한리필 편백찜, Amazing All-You-Can-Eat! clams, buffet, beef","역대급 무제한 뷔페! 무제한 대왕 조개구이, 단돈 만원 10가지 무제한 중식 뷔페, 소고기 무한리필 편백찜, Amazing All-You-Can-Eat! clams, buffet, beef
Amazing All-You-Can-Eat! Unlimited grilled clams, Chinese buffet, Unlimited steamed beef
[역대급 무제한 뷔페!] [Amazing All-You-Can-Eat!]
1. 00:00 | 전라도 대왕 조개구이, 신선하고 푸짐한 무제한 대왕 조개구이 | 인천 중구 월미문화로 27 1층 대왕조개 | 가격 : 무한리필 조개구이 2인 59000원
00:00 | Awesome Seafood in Korea, Unlimited grilled clams | Price: Unlimited grilled clams for two (USD $40)
2. 05:02 | 팬더웍, 연매출 20억! 단돈 만원에 즐기는 10가지 무제한 중식 뷔페, 복음밥, 탕수육, 짜장면, 짬뽕, | 가격 : 10000원
05:02 | Amazing Unlimited Chinese buffet in Korea, Egg fried rice, Sweet and sour pork, Chinese noodles | Price: USD $8
3. 10:23 | 일공공샤브, 무제한으로 먹는 소고기 편백찜, 소고기 무한리필, 샤브샤브, 월남쌈 | 경기 성남시 수정구 성남대로 1522 | 가격 : 22000원
10:23 | Amazing Unlimited steamed beef in Korea, Steamed cypress beef, Beef Shabu Shabu | Price : USD $17

#무제한뷔페 #대왕조개구이 #중식뷔페 #소고기편백찜 #샤브샤브 #탕수육 #짜장면 #짬뽕 #푸짐한맛집 #맛집투어 #AllYouCanEat #GrilledClams #ChineseBuffet #SteamedBeef #BeefShabuShabu #SweetAndSourPork #FriedRice #Noodles #EpicFood #KoreanFood #自助餐 #烤蛤蜊 #中餐自助 #牛肉 #蒸牛肉 #火锅 #糖醋排骨 #炒饭 #面条 #美食探店",2026-03-26T13:01:09Z,"Tasty Travel,길거리음식,food,Korea,Korean,음식,맛집,먹방,dish,cuisine,디저트,dessert,분식,recipe,cooking,making food,street food,korean street food,korean food,맛있는 여행,muckbang,무제한 뷔페,대왕 조개구이,중식 뷔페,소고기 편백찜,샤브샤브,탕수육,짜장면,짬뽕,푸짐한,AllYouCanEat,GrilledClams,ChineseBuffet,SteamedBeef,BeefShabuShabu,SweetAndSourPork,FriedRice,Noodles,EpicFood,KoreanFood,自助餐,烤蛤蜊,中餐自助,牛肉,蒸牛肉,火锅,糖醋排骨,炒饭,面条,美食",19,ko,PT13M36S,2d,hd,false,4802,98,0,0,public,youtube,True,False,"https://en.wikipedia.org/wiki/Food,https://en.wikipedia.org/wiki/Lifestyle_(sociology)",https://i.ytimg.com/vi/gQDeYfWT3vE/maxresdefault.jpg,thumbnails/TastyTravel맛있는여행/gQDeYfWT3vE.jpg
살빼조DietJo,UC26QQCGh66xFU_NjhYLwdQQ,5kWD2K0gynU,[일상 브이로그] 길 가다가 120만원짜리 아이폰 받아본 사람? 저요..🤳 다시 살 빠진 근황/코재재수술 상담썰👃🏻/요즘 정착한 아침루틴☀️,"✅Mail:  juynn99@gmail.com
✅Insta:  www.instagram.com/ju.ynn

☑️욕설, 허위사실, 싸움조장 댓글은 비공개 처리됩니다.
.
.

00:00 요즘 정착한 모닝루틴 ☀️
06:40 식단 관리? 식욕 다스리는 법? 🤔
10:33 사고펄화채 먹으며 코재재수술 상담썰 👃🏻
14:53 성수 갔다가 아이폰 받은썰 📱
.
.
🎵Music provided by 브금대통령
🎵Track : 치즈조각 -https://youtu.be/oViOPO72QF8?si=Kn6TFE_qRs8ag3p7
🎵Track : 오늘 날씨 맑음 -https://youtu.be/eFShUAHuA5s?si=Z0wI8fpt2JhAItik
🎵Track : Confusing Road -https://youtu.be/ydPppyQQdPc?si=XziY7rurh43mMmZm",2026-03-22T14:29:32Z,,22,ko,PT17M42S,2d,hd,false,187329,2070,0,3277,public,youtube,True,False,"https://en.wikipedia.org/wiki/Food,https://en.wikipedia.org/wiki/Lifestyle_(sociology)",https://i.ytimg.com/vi/5kWD2K0gynU/maxresdefault.jpg,thumbnails/살빼조DietJo/5kWD2K0gynU.jpg
도른 에밀리 Emilie Dorn,UCh0SoBL5L5bEz3Hk-mQ3Dtg,Ld1pHJSifNk,"카드 주고 ""마음대로 쓰세요"" 한마디에.. 독일여자 결국 미쳐버렸습니다ㅋㅋ","#독일여자 #도른 #에밀리

⭐ 이 영상은 경기도청 @ggholics 의 제작 지원을 받았습니다.
⭐ 장바구니 물가 부담은 작게, 혜택은 통크게! 2026년 상반기 경기 살리기 통큰세일! (3/20~29일)
⭐ 참여 점포는 아래 링크에서 확인하시고, 할인 혜택받으러 GO GO!
https://www.gmr.or.kr//base/sale/list2?menuLevel=2&menuNo=63

안녕하세요 여러분~~~
도른 에밀리입니다!!!!!

오늘은 중요한 날이에요..!
바로 바로.. 통큰 세일을 하는 날이거든요!!!!!
이 날만을 기다렸습니다아!!

저는 집에서 해먹는 걸 좋아하기도 하고
밖에서 사 먹는건 너무 비싸서
평소에 외식을 정말 안하는데요!!

그런데 오늘만큼은 통큰 세일을 핑계로
무한 외식을 하러 수원에 다녀왔습니다ㅋㅋㅋ

국밥, 빵, 커피, 짜장면, 오미자 차, 닭꼬치, 피자…
배가 터질 때 까지 먹기만 하고 왔습니닷!!!

오늘 영상도 재미있게 봐주시구~~
구독 좋아요도 잊지 마세요!!!

그럼 뾰로롱~~

문의
메일 : emilieclass06@gmail.com
인스타 : https://instagram.com/_emilie_in_seoul_?utm_medium=copy_link",2026-03-20T09:00:00Z,"도른 에밀리,에밀리,독일여자,국제커플,독일 여자,외국인 반응,외국인,독일 에밀리,외국인 여자친구,국제부부,외국인반응,해외반응,독일 여자친구,외국인 여자,도른,독일 여친,유럽여자,독일,에밀리 독일,유럽 여자,외국여자,독일반응,독일 반응,외국 여자,독일인,독일 한국,한국 독일,독일 미녀,독일 유튜버,국제 커플,외국 여자친구,외국인 친구,독일 여자 에밀리,외국인 며느리,멜리나,독일 친구,독일 가족,한국 초대,독일 언니,통큰세일,순대국,돌판짜장,행리단길,버터떡,닭꼬치,피자,수원 화성",24,ko,PT26M38S,2d,hd,false,94312,7850,0,714,public,youtube,True,False,https://en.wikipedia.org/wiki/Lifestyle_(sociology),https://i.ytimg.com/vi/Ld1pHJSifNk/maxresdefault.jpg,thumbnails/도른에밀리EmilieDorn/Ld1pHJSifNk.jpg
삼성웰스토리,UC3bYyFXsojf9jdUG-aL9JVg,Ne-d0yytk60,삼성웰스토리 채용담당자 X 현직자의 리얼 토크쇼,"삼성웰스토리 채용의 모든 것, 궁금하셨죠?🤔

현직자가 전하는 생생한 직무 이야기부터 채용담당자가 직접 밝히는 합격 꿀팁까지!
취준생 여러분의 궁금했던 모든 것을 알려드립니다!

지금 바로 영상으로 확인하고, 삼성웰스토리의 내일을 함께하세요! 🚀

#삼성웰스토리 #삼성웰스토리채용 #채용Q&A",2026-03-05T05:23:51Z,"삼성웰스토리,웰스토리,samsungwelstory,welstory",26,ko,PT7M18S,2d,hd,false,34027,27,0,0,public,youtube,True,False,https://en.wikipedia.org/wiki/Business,https://i.ytimg.com/vi/Ne-d0yytk60/maxresdefault.jpg,thumbnails/삼성웰스토리/Ne-d0yytk60.jpg
쑥쑥 SsookSsook,UC3egV8AyVrnwUEOkGZB-s2Q,ua3v8DJS6BU,봄제철도다리에모지리제대로혼쭐났숨돠!!! ｜ 모먹티비 EP.8,"날치기범은못잡았지만 제철맞은도다리구이로
집나간입맛은 확실히잡아왔숨다!
열분들도 봄도다리모지리레시피로 잡수시고건강하십쇼!

00:00 모지리 씨 발견
02:34 겸사겸사 모먹티비 시작
02:56 봄 도다리 요리 포포몬쓰
07:16 버섯 솥밥
08:14 도다리구이
09:06 버섯 솥밥+도다리구이
10:18 총각김치
10:46 도다리 발골
11:45 고추냉이 대결
12:52 총각김치 2차
13:54 숭늉
14:48 후식 레몬즙
15:19 모지리에게 봄 도다리란?
15:38 모지리에게 스킨1004란?

ㅡㅡㅡ
[채널 '쑥쑥' of 안테나플러스]
연출 | 조은진 조수빈 이상민 김수빈
작가 | 김송화 최수정 정채휴 박세연
마케터 | 서예리나

ㅡㅡㅡ
👇’안테나플러스’ 소식 보러가기
[https://instagram.com/ddeun._.ddeun]
#쑥쑥 #SsookSsook #모먹티비 #양세찬 #Yangsechan #봄 #제철음식 #도다리 #도다리구이 #먹방

※ 본 영상은 상업적 용도로 사용할 수 없습니다.

※ 본 콘텐츠와 무관한 내용의 댓글과 출연자에 대한 무분별한 욕설, 비난 및 조롱 등 악의적인 댓글은 무통보 삭제될 수 있습니다.",2026-03-27T13:00:00Z,,23,ko,PT16M34S,2d,hd,false,43815,1389,0,106,public,youtube,True,False,"https://en.wikipedia.org/wiki/Food,https://en.wikipedia.org/wiki/Lifestyle_(sociology)",https://i.ytimg.com/vi/ua3v8DJS6BU/maxresdefault.jpg,thumbnails/쑥쑥SsookSsook/ua3v8DJS6BU.jpg
아짱이와 배짱이 Inah Eats2,UCDxjRlCW3fxW5PXUMhGYKGA,whsL_AZ6Tc4,"일주일 내내 이것만 먹을 수 있을 거 같아요! 제육쌈밥,청국장 먹방🤤(ft.깍두기레시피) Stir-fried spicy pork, Cheonggukjang mukbang",#mukbang  #제육볶음  #청국장  #쌈밥  #먹방  #집밥  #소울푸드,2023-12-04T10:42:01Z,"yt:cc=on,eatingshow,mukbang,korean mukbang,제육볶음 먹방,제육볶음 만들기,제육볶음 레시피,청국장 먹방,집밥 먹방,한식 먹방,김치 먹방,쌈밥 먹방,청국장 만들기,cheonggukjang,cheonggukjang mukbang,stir-fried spicy pork,ssam mukbang,spicy pork mukbang,kimchi mukbang,bean paste stew mukbang,jjigae mukbang",24,ko,PT23M42S,2d,hd,true,36782,1069,0,91,public,youtube,True,False,"https://en.wikipedia.org/wiki/Food,https://en.wikipedia.org/wiki/Lifestyle_(sociology)",https://i.ytimg.com/vi/whsL_AZ6Tc4/maxresdefault.jpg,thumbnails/아짱이와배짱이InahEats2/whsL_AZ6Tc4.jpg
백종원 PAIK JONG WON,UCyn-K7rZLXjGl7VXGweIlcA,6aW-RQxFds8,[백종원 시장이 되다_예산 36화] 먹을 게 더 늘었습니다… 예산시장 신메뉴 8종 최초 공개🌸🍴,"#예산 #시장이되다 #백종원 

26년 상반기! 예산시장에 핫한🔥 신상 8종이 찾아왔습니다 🎉

3월 말이면 벚꽃이 만개하는 예산🌸
벚꽃 구경도 하고, 예산시장에서
맛있는 음식과 함께 든든한 한 끼까지
좋은 추억 남겨보세요 🤍

_

00:50 호불호 없는 맛, 인생순대 등극✨ [예산순대집] 수제 순대
01:39 예산 빵지순례 필수코스🥐 [예당소금빵] 신상 소금빵 3종
03:07 부침개도 아닌데 하나만 먹어도 든든😳 [오가면간식집] 고기호떡
04:09 이건 마치 뜨거운 카스텔라..? 🍳 [이신복명품꽈배기] 계란빵
04:47 담백하고 고소하고 달콤한 완벽 조합 🤍 [예당타르트] 에그타르트
05:22 프랑스 ‘테린느’ & 한국 ‘떡’의 특별한 만남 🇫🇷🇰🇷 [고려떡집] 떡린느
06:12 바삭한 페이스트리에 라구소스 듬뿍🍖 [애플양과점] 미트파이
07:00 예당호 출렁다리를 담은 시그니처🌉 [으뜸샌드] 신상 2종",2026-03-27T08:00:00Z,"디저트,대표,신메뉴,2026,예산시장,순대,소금빵,호떡,계란빵,에그타르트,떡린느,미트파이,으뜸샌드,빵지순례",22,ko,PT8M38S,2d,hd,false,13763,0,0,0,public,youtube,True,False,"https://en.wikipedia.org/wiki/Food,https://en.wikipedia.org/wiki/Lifestyle_(sociology)",https://i.ytimg.com/vi/6aW-RQxFds8/maxresdefault.jpg,thumbnails/백종원PAIKJONGWON/6aW-RQxFds8.jpg
"울산댁의 오늘저녁, K-mom's cuisine",UCS4Sy_Q_3WrNIIjE3xLFkbQ,5zbrhEbKliM,💥감자 갈아 넣었더니 쫀득함이 미쳤다! 봄 쑥전 이렇게 부치세요,"쑥전입니다

재료
쑥(다듬은 후) 400g, 감자 2개(300g), 양파 0.5개(90g)

감자, 양파 갈때 
물 1큰술

반죽
쑥, 튀김가루 2/3컵, 갈은감자, 소금 0.5티스푼

* 계량 기준 *
1큰술은 일반 성인 한 숟가락입니다 

#쑥전 #봄나물 #술안주",2026-03-24T05:45:02Z,"쑥요리,막걸리안주,술안주,아침식사,아이들간식,도시락,영양간식,햇쑥,쑥떡",22,ko,PT2M28S,2d,hd,false,2513,68,0,2,public,youtube,True,False,"https://en.wikipedia.org/wiki/Food,https://en.wikipedia.org/wiki/Lifestyle_(sociology)",https://i.ytimg.com/vi/5zbrhEbKliM/maxresdefault.jpg,thumbnails/울산댁의오늘저녁K-momscuisine/5zbrhEbKliM.jpg
CHAEWON Family Cuộc Sống Hàn Quốc,UCUQZ9QEumBLRCYa0rXcjoVg,wfw5JPj9GOg,Mukbang Gà Đen Hấp Hành Ngon Hết Sẩy [Chaewon Family],"Mukbang Gà Đen Hấp Hành Ngon Hết Sẩy

CHAEWON Family Cuộc Sống Hàn Quốc xin chào tất cả mọi người.
Đây là nơi mình chia sẻ những vlog cuộc sống gia đình mình, những món ăn Hàn, Việt. Rất cảm ơn sự theo dõi của mọi người. Đừng quên nhấn đăng ký và like, comment cùng mình nha  ♥♥

▶ Subscribe : http://bitly.kr/ZOhyLm
▶ Facebook : http://www.facebook.com/jennifer.pham.777158
▶ Fanpage : http://www.facebook.com/Chaewon.viethan/

#CHAEWONTV #HanQuoc #Mukbang #Gàđen #bycônương",2026-03-27T12:00:00Z,"chaewon family,chaewon tv,chaewon family cuộc sống hàn quốc,cuộc sống hàn quốc,cuoc song han quoc,mukbang,vlog gia đình,hàn quốc việt nam,mukbang đồ hàn,nấu món hàn,đồ ăn hàn quốc,Mukbang lẩu nấm thịt bò,Chảo lẩu nấm thịt bò,Chảo lẩu nấm thịt bò kiểu Hàn Quốc",24,vi,PT7M33S,2d,hd,false,1661,90,0,0,public,youtube,True,False,"https://en.wikipedia.org/wiki/Food,https://en.wikipedia.org/wiki/Lifestyle_(sociology)",https://i.ytimg.com/vi/wfw5JPj9GOg/maxresdefault.jpg,thumbnails/CHAEWONFamilyCuộcSốngHànQuốc/wfw5JPj9GOg.jpg
곰슈슈 gomshushu,UC4xLr5O6zAt9nfi9zEzZZ0g,T72yjbRVfro,김천 여행 먹방 브이로그 | 진짜 김천 맛집 8군데 먹어보기🐡 복어탕 생갈비 메추리 명태불고기 소곱창 짬뽕 꼬마김밥,"이번 먹방 브이로그 에서는 김천 맛집 탐방을 다녀왔어요~ 열심히 조사한 김천 여행 이었는데 완전 맛있었습니다

*이 영상은 유료광고 및 협찬을 일절 포함하고 있지 않습니다

🍖타임라인
01:32 조일복집
07:28 골목길식당(황금시장)
14:16 청심식당
18:07 옛날집
21:51 운집
25:13 명희네집
29:03 오단이꼬마김밥
30:14 양조장카페

🙏🏻 따로 유료광고를 하고 있지 않습니다... 곰슈슈 멤버십 가입을 해주시면 채널 성장에 큰 도움이 되고 있습니다💕

멤버십 가입하기👉 https://www.youtube.com/channel/UC4xLr5O6zAt9nfi9zEzZZ0g/join

🧸 업로드 요일: 매주 목요일 저녁 7~8시 사이에 업로드

#먹방 #먹방브이로그 #김천맛집 #김천 #여행 #국내여행",2026-03-26T11:01:07Z,"먹방,먹방 브이로그,김천 맛집,김천맛집,김천,여행,김천 여행,브이로그,국내 여행,vlog,맛집,부부,곰슈슈",22,ko,PT31M43S,2d,hd,false,22519,840,0,82,public,youtube,True,False,"https://en.wikipedia.org/wiki/Food,https://en.wikipedia.org/wiki/Lifestyle_(sociology)",https://i.ytimg.com/vi/T72yjbRVfro/maxresdefault.jpg,thumbnails/곰슈슈gomshushu/T72yjbRVfro.jpg
소믈리에 케이지,UCWCLWodKLFEgFa5PINdGbUA,wSeYsc0r0p8,이마트 만원대 사케 블라인드! 가성비 1등 찾았습니다 👏,"구독과 좋아요, 알림설정은 채널 운영에 큰 힘이 됩니다! 
한국 술의 세계화를 위해 앞으로도 열심히 하겠습니다. 

케이지 멤버십 살펴보기 
https://www.youtube.com/channel/UCWCLWodKLFEgFa5PINdGbUA/join

0:00 인트로 
0:27 제품 훑어보기 
1:41 관전 포인트 
3:00 1R 첫인상
4:48 1R 시음
7:08 2R 첫인상 
8:31 2R 시음
11:05 결선 
12:47 최종 결과 

#사케추천 #이마트 #간바레오또상

- 카오리하나야구 준마이 16,800원 
(제조일로부터 약 7개월)
- 오니고로시 14,800원 → 9,800원 
(제조일로부터 약 2개월)
- 하쿠시카 준마이긴죠 16,800원 
(제조일로부터 약 4개월)
- 히카리 마사무네 12,800원 
(제조일로부터 약 7개월)
- 간바레오또상 16,800원 
(제조일로부터 약 5개월)
- 스모 12,200원 → 10,200원 (CU 구매) 
(제조일로부터 약 4개월)
- 월계관 준마이 17,800원 
(제조일로부터 약 4개월)
- 국휘 후츠슈 레드 29,800원 →17,880원 
(제조일로부터 약 4개월 추정 - 도장 지워짐)",2026-03-23T09:01:14Z,,26,ko,PT14M17S,2d,hd,false,23463,389,0,72,public,youtube,True,False,https://en.wikipedia.org/wiki/Food,https://i.ytimg.com/vi/wSeYsc0r0p8/maxresdefault.jpg,thumbnails/소믈리에케이지/wSeYsc0r0p8.jpg
박준면의 낯가림,UC5Cg42H0vqvXQ_XLxV5U7nA,D2v14lRxlpc,[낯가리는 요리] 비빔밥과 고추장떡,"📌한우 소고기 볶음 고추장 https://smartstore.naver.com/jangsugom/products/13166124817

--------------------------------------------------------------------------------------
🎥제작 studionritnrit@gmail.com
🌐협업 문의 respect20171101@gmail.com",2026-03-25T02:00:00Z,,22,ko,PT28M10S,2d,hd,false,108752,2688,0,671,public,youtube,True,False,"https://en.wikipedia.org/wiki/Food,https://en.wikipedia.org/wiki/Lifestyle_(sociology)",https://i.ytimg.com/vi/D2v14lRxlpc/maxresdefault.jpg,thumbnails/박준면의낯가림/D2v14lRxlpc.jpg
면상호[NoodleFighter],UCX1iUx9aO9d57NC3aNU3qlA,Fl--1gLuy6Q,소주 두병 원샷하게 만드는 시원한 냉면 매운쫄면 맛있는 고기 먹방 korean spicy noodles mukbang eating show,"스트레스와 더위를 확 날려버릴 화끈한 매운맛 불비빔쫄면 불비빔냉면 벌집삼겹살 청양마요 갈비구이 껍데기 등 소주 두 병 원샷하게 만드는 화끈한 먹방 찍었습니다. 여러분들 덕분에 정말 맛있게 잘 먹었습니다. 오늘도 감사합니다!

육식사관학교 https://yuksik.co.kr/
- 이 영상은 육식사관학교의 유료광고 영상입니다 -

#매운냉면먹방 #매운쫄면먹방 #매운음식먹방",2026-03-27T11:15:00Z,"매운먹방,매운먹방 asmr,매운음식,먹방,먹방 asmr,asmr 먹방,레전드먹방,korean,mukbang,eating show,asmr mukbang,korean asmr,noodles mukbang,noodles asmr,면상호,면상호김치,면상호 김치,면상호 매운김치,면상호 실비김치,면상호 김치먹방,김치먹방,김치먹방 면상호,김치 먹방,김치 먹방 면상호,먹방면상호,냉면 먹방,냉면 먹방 면상호,냉면 먹방 asmr,냉면먹방,냉면먹방 면상호,냉면먹방 asmr,매운 냉면 먹방,매운 냉면 먹방 asmr,매운 냉면 먹방 면상호,매운냉면 먹방,매운냉면 먹방 asmr,매운냉면 먹방 면상호,매운냉면먹방,매운냉면먹방 면상호,매운냉면먹방 asmr,불냉면 먹방,불냉면 먹방 asmr,불냉면 먹방 면상호,불냉면먹방,불냉면먹방 면상호,육식사관학교,삼겹살먹방,쫄면 먹방,매운쫄면먹방,고기냉면",22,ko,PT23M23S,2d,hd,false,24360,920,0,54,public,youtube,True,False,"https://en.wikipedia.org/wiki/Food,https://en.wikipedia.org/wiki/Lifestyle_(sociology)",https://i.ytimg.com/vi/Fl--1gLuy6Q/maxresdefault.jpg,thumbnails/면상호NoodleFighter/Fl--1gLuy6Q.jpg
유스뿅 /  YUSUKE,UCT3zf4NvPUUAfABV-RLtKtg,6P48jgRhbYg,일본에서 먹으면 안되는 한국음식을 만들어봤다..,,2026-03-20T10:00:20Z,"#유스뿅,#유스케,#육회,#일본인,#일본인반응",24,ko,PT13M33S,2d,hd,false,5110,384,0,47,public,youtube,True,False,"https://en.wikipedia.org/wiki/Food,https://en.wikipedia.org/wiki/Lifestyle_(sociology)",https://i.ytimg.com/vi/6P48jgRhbYg/maxresdefault.jpg,thumbnails/유스뿅YUSUKE/6P48jgRhbYg.jpg
잼잇 Jam-Eat,UCTj67Hns0DZi6PmzzKR1MpQ,7oImac-YZ-E,주영석과 장경주의 점수 차이 단 2점! TOP7 그 영광의 자리에 올라갈 사람은 누구?!｜#천하제빵 #주영석 #장경주,"#천하제빵 #이석원 #노희영 #김나래 #나폴리맛피아 #미미 #이다희 #잼잇
 
천하제빵 8회
 @JamEat_MBN  
 @MBN_Entertainment",2026-03-24T11:57:53Z,"mbn,mbn 예능,예능,예능 하이라이트,jameat,잼잇,모음집",24,ko,PT11M1S,2d,hd,false,1832,7,0,1,public,youtube,True,False,"https://en.wikipedia.org/wiki/Entertainment,https://en.wikipedia.org/wiki/Television_program",https://i.ytimg.com/vi/7oImac-YZ-E/maxresdefault.jpg,thumbnails/잼잇Jam-Eat/7oImac-YZ-E.jpg
sini시니,UCTXuCSZxMDaneK7t6DVs21g,7jgMxQ4Ha0Y,줄 서서 기다리는 망원동 맛집덜... (feat. 망원시장 & 카카오프렌즈),"❤ 시니언즈 커뮤니티 놀러가기 - https://buly.kr/9iHbqwb
❤인스타그램- https://instagram.com/sini_ck
❤멤버십 가입 - https://www.youtube.com/channel/UCTXuCSZxMDaneK7t6DVs21g/join

#시니sini #망원시장 #시장먹방



00:00 오프닝 ~ 망원시장 칼국수 + 비빔쫄면
02:38 망원시장 돈까스
05:15 망원시장 무균이썰(?) + 카페공명 (스콘 + 소금빵)
11:26 망원시장 떡갈비
13:40 홍대 카카오프렌즈 짭균이(?)
15:13 투떰즈업 샌드베이글
20:29 투떰즈업 맘모스롤


제 영상 봐주셔서 감사합니다 :-) 



본 영상은 무단 공개 또는 배포를 엄격히 금지합니다.
Unauthorized communication or distribution 
of all videos is strictly prohibited.
この動画は無断公開または配布を禁じております。


This video is not sponsored
この動画は有料広告が含まっておりません。
본 영상은 유료광고가 포함 되어 있지 않습니다",2026-03-25T10:30:00Z,"요리의시니,sinicook,시니sini,일상,먹방,여행,시니 먹방,mukbang,먹방vlog,vlog,일상vlog,푸로그,food vlog,데이트vlog,나홀로여행,여행 vlog,망원시장,망원동 맛집,망원동 빵집,투떰즈업,후와후와,어글리베이커리",22,ko,PT24M,2d,hd,true,47853,758,0,60,public,youtube,True,False,"https://en.wikipedia.org/wiki/Food,https://en.wikipedia.org/wiki/Lifestyle_(sociology)",https://i.ytimg.com/vi/7jgMxQ4Ha0Y/maxresdefault.jpg,thumbnails/sini시니/7jgMxQ4Ha0Y.jpg
정호영의 오늘도 요리 Kitchen Caden,UCWyjY6ykM58LO5ipzRgIzGA,M5Q1qSQjeW0,흑백요리사2 정호영 셰프가 인정한 짜장라면은?,#정호영 #짜파게티 #짜장라면,2026-03-27T08:00:13Z,"정호영,카덴,연희동 맛집,이자카야,우동 카덴,비스트로 카덴,일식,caden,udon,셰프,chef,츠지,오사카,미슐랭,냉장고를 부탁해,일식셰프,요리사,로바타야,연희동 카덴,쉐프,요리학교,알토란,연희동 이자카야,한국호텔관광실용전문학교,한호전,최고의 요리비결,맛있는 녀석들,스타 셰프,정호영 셰프,사시미,일식의 모든것,요리의 모든것,홈쿠킹,쿡방,사장님귀는당나귀귀",26,ko,PT8M18S,2d,hd,false,9206,284,0,30,public,youtube,True,False,"https://en.wikipedia.org/wiki/Food,https://en.wikipedia.org/wiki/Lifestyle_(sociology)",https://i.ytimg.com/vi/M5Q1qSQjeW0/maxresdefault.jpg,thumbnails/정호영의오늘도요리KitchenCaden/M5Q1qSQjeW0.jpg
더들리,UCmJEpV4hLzGWLU5rrdOHMhQ,3C0S1Nvab7M,국내에서 가장 비싼 중식당에서 1인 50만원 코스 먹어보기(후덕죽 셰프님 예전 42년 근무),"* 본 영상은 개인 사비로 다녀 온 영상으로, 광고 또는 협찬 영상이 아닙니다.
* Instagram : https://www.instagram.com/dudely_08
* Email : dudely610@gmail.com

-----------------------------------------

00:00 잡설
05:00 음식

자막이 보이지 않으실 경우, 
영상 설정에서 자막을 켜 주시면 보실 수 있습니다.
영상 봐 주셔서 감사드립니다!

#팔선 #신라호텔",2026-03-24T09:15:00Z,yt:cc=on,24,ko,PT15M46S,2d,hd,true,379900,4032,0,432,public,youtube,True,False,"https://en.wikipedia.org/wiki/Food,https://en.wikipedia.org/wiki/Lifestyle_(sociology)",https://i.ytimg.com/vi/3C0S1Nvab7M/maxresdefault.jpg,thumbnails/더들리/3C0S1Nvab7M.jpg
굿찌 GOODZZI,UCCuC3tJoSXBsX75wcLehsog,5ilW_Jb9a4c,절대 보지마세요!! 결국 물 올립니다..🔥 제철 굴라면ㅣ얼큰 꽃게라면ㅣ불닭미역탕면ㅣ순두부열라면ㅣ까르보불닭ㅣ육회 비빔면ㅣ최애 라면먹방,"💜GOODzzi instagram :https://www.instagram.com/goodzzi._.v/ 💜

하찌님들! 오늘은 오랜만에 라면 먹방 모음집이에요!
제가 한동안 몸이 계속 안 좋아서 ㅠ_ㅠ 영상 촬영을 못 했어요! ㅠㅠㅠㅠ
식도염이랑 후두염이랑 겹쳐서 숨 쉴 때마다 기침이 ㅠ_ㅠ…
정말 잘 안 낫네요....
그래서 당분간 촬영이 어려워요 😭
매번 밥 먹고 바로 혜이 재운다고 누워 있다가 잠들고 그래서 그런 것 같아요….
거의 회복되려다가 며칠 전 혜이가 독감 이슈가 있어서 또 며칠 잠을 못 자고 그러다 보니 더 심해졌어요…😭
식도염이 한 번 걸리면 좀 오래 가고 재발도 잘 된다고 하더라구요..
빨리 괜찮아질 수 있도록 노력할게요!! ㅠ_ㅠ
대신 쇼츠는 촬영해 둔 여유분이 있어서 계속 올라갈 예정입니다!!
아쉽지만 당분간만 쇼츠로 만나요오….!
오늘도 시청 감사드리고,
다들 꽃샘추위 감기 조심하세요! ❤️


Hazzi friends! Today I’m sharing a ramen mukbang compilation for the first time in a while!
I haven’t been able to film videos lately because I haven’t been feeling well for quite some time ㅠ_ㅠ
I have both esophagitis and laryngitis, so I keep coughing every time I breathe ㅠ_ㅠ…
It’s really not getting better very easily....
So it’s going to be difficult for me to film for a little while 😭
After eating, I usually lie down while putting Hyei to sleep and end up falling asleep myself, so I think that may have made it worse….
I was almost recovering, but a few days ago Hyei had a flu issue, so I couldn’t sleep well for a few days again, and it got worse…😭
They say once you get esophagitis, it can last a long time and easily come back.
I’ll do my best to recover as quickly as possible!! ㅠ_ㅠ
Instead, I already have some Shorts videos filmed, so those will continue to be uploaded!!
It’s a bit sad, but for now we’ll meet through Shorts for a while…!
Thank you so much for watching today,
and please be careful not to catch a cold during this chilly early spring weather! ❤️


#라면먹방 #라면 #불닭볶음면 #Buldak
비즈니스 문의 : kimrang777@gmail.com
비즈니스 문의 : kimrang777@gmail.com
------------------------",2026-03-12T12:56:53Z,"굿찌,goodzzi,여자먹방,ASMR,EATING SHOW,먹방,yt:cc=on,mukbang,real sound,korean mukbang,koreafood,eating sound,라면먹방,라면 먹방,라면asmr,buldak,buldak ramen,buldak noodles,spicy korean noodles",22,ko,PT21M42S,2d,hd,false,63654,2020,0,57,public,youtube,True,False,"https://en.wikipedia.org/wiki/Food,https://en.wikipedia.org/wiki/Lifestyle_(sociology)",https://i.ytimg.com/vi/5ilW_Jb9a4c/maxresdefault.jpg,thumbnails/굿찌GOODZZI/5ilW_Jb9a4c.jpg
알콜솜,UC9jaCq6yEsds5PzY_Q3t17A,AghbjhTPf54,육퇴 후 마라탕(에서 벌레가...),"#마라탕 #육퇴 

소독이들 안녕!!!
나 빨리 왔지?!!!
아기 낮잠 재우고 신나게 먹고있었는데 벌레 나와버림 ㅠㅠ
먹을까 말까 고민하다가.................(영상에서 확인해줘!!ㅎㅎ)
앞으로 아기 잘 때 먹방 좀 찍어보도록 할겡!!
그럼 해피 주말💗💗💗💗💗


✨✨✨✨✨✨✨✨✨✨✨✨✨✨
💚알콜솜 인스타그램 : @S2sohyunS2
👶🏻동뉴니 인스타그램 : @dongnyu.ni
👩🏻‍💻광고 및 비즈니스 문의 : alcoholsom@gmail.com",2026-03-27T09:55:40Z,"yt:cc=on,혼술,먹방,마라탕,마라탕먹방,마라탕 먹방,마라탕 먹방 asmr,마라탕 asmr,임산부 마라탕,임신 마라탕,육퇴,육퇴 마라탕,육퇴 후",22,ko,PT7M27S,2d,hd,true,1107,40,0,10,public,youtube,True,False,"https://en.wikipedia.org/wiki/Food,https://en.wikipedia.org/wiki/Lifestyle_(sociology)",https://i.ytimg.com/vi/AghbjhTPf54/maxresdefault.jpg,thumbnails/알콜솜/AghbjhTPf54.jpg
코지 COSY,UCcfKn5ex1g8zgK4eYtbReoA,7NuX_HY-aD4,품절 대란(겨우 구했다…)🔥 명랑핫도그 치즈스틱 3종 & 치즈폭탄 떡볶이 먹방 ASMR | KOREAN CORN DOG,"😋 Instagram: cosy__2.88_
😋 비즈니스 문의 : cosycommunication@gmail.com

여러분 안녕하세요~!🤗 코지입니다.
새로운 영상은 매주 월요일과 목요일 밤 10시에 업로드하려고 노력하고 있습니다.^_^

오늘은 요즘 한국의 칠리스로 유명세를 탄!
명랑 핫도그의 치즈스틱 3종을 가져왔습니다.ㅎㅎ
와 진짜... 품절 대란이라서 배달은 절대 불가능...
매장 다 전화해서 가능한 곳 겨우 찾아가지구 바로 차타고 달려갔다구욥!!!
과연 그 맛은...?!?

그럼 오늘도 시청해주셔서 정말 감사합니다.
언제나 안전하고 행복하시길 바랄게요.🧡
#명랑핫도그먹방 #명랑핫도그치즈스틱 #명랑핫도그 칠리스

**********메뉴 & 가격**********
:: 명랑핫도그
럭키 치즈 떡볶이 : 13,400원 / 꼬마통모짜 세트 : 6,900원 /
오리지널 치즈스틱 2ea : 9,000원 / 내슈빌 치즈스틱 2ea : 9,000원 /
치폴레 치즈스틱 2ea : 9,000원 .





😋 Instagram: cosy__2.88_
😋 Business inquiries: cosycommunication@gmail.com

Hello Friends! This is Cosy.🤗
I am trying to upload a new video every Monday and Thursday night 10pm.^_^

Today, I brought three types of cheese sticks from Myungrang Hotdog, which is currently famous as the ""Chilis of Korea.""
They were sold out at every store, so I barely managed to get them after several phone calls.
Plus, I added spicy cheese tteokbokki~

Then thank you very much for watching today. To make better videos, I will always do my best~
And Hope you are always Healthy and happy.


-----------------------------------------------
Song : Hyerin Lee - Tongtong
Data source: https://gongu.copyright.or.kr
Music promoted by DayDreamSound : https://youtu.be/1EjTsqD5w0s
CC-BY 3.0 https://goo.gl/Y8U8b9
-----------------------------------------------
Song : ANΩ - Ooh
Contact : mi6104303@gmail.com
Music Download Link [DayDreamSound] : https://youtu.be/MJ-Xm-KX-y4
----------------------------------------------",2026-03-23T13:00:10Z,"asmr mukbang,mukbang,eating sound,yt:cc=on,ASMR 먹방,명랑핫도그 럭키치즈떡볶이,핫도그 먹방,Korean Corn Dog ASMR,Korean Mukbang,TTEOKBOKKI ASMR,TTEOKBOKKI Mukbang",22,ko,PT12M41S,2d,hd,true,58257,1514,0,41,public,youtube,True,False,"https://en.wikipedia.org/wiki/Food,https://en.wikipedia.org/wiki/Lifestyle_(sociology)",https://i.ytimg.com/vi/7NuX_HY-aD4/maxresdefault.jpg,thumbnails/코지COSY/7NuX_HY-aD4.jpg
봉이네집밥,UCBYPqdDhkxwtQ6GgqgkHrQA,DoWIZCYdIQs,닭볶음탕  애호박전 쿡방먹방 아침밥 #봉이와 함께# 봉이네집밥# 라이브 # 소통#  일상방송#집밥#,This stream is created with #PRISMLiveStudio,2026-03-27T00:59:02Z,,24,ko,PT2H57M53S,2d,hd,false,27764,595,0,2,public,youtube,True,False,"https://en.wikipedia.org/wiki/Food,https://en.wikipedia.org/wiki/Lifestyle_(sociology)",https://i.ytimg.com/vi/DoWIZCYdIQs/maxresdefault.jpg,thumbnails/봉이네집밥/DoWIZCYdIQs.jpg
한국 아빠의 맛있는 여행 Korean Dad Journey,UCjhb298FuLDckcZ6MEATkRQ,Y9IEwSYjzqI,한국에 사는 두 아이의 아빠가 보여드리는 생활,"한국에서 아빠의 삶은 어떤지 잘 알 수 있습니다.
다양항 상황에 대해 구경할 수 있는 영상들입니다.",2026-03-24T15:01:03Z,"#아빠의요리,#한국요리,#쉬운요리,#취미,#음식,#아이반찬",24,ko,PT5M31S,2d,hd,false,43,3,0,1,public,youtube,True,False,"https://en.wikipedia.org/wiki/Food,https://en.wikipedia.org/wiki/Lifestyle_(sociology)",https://i.ytimg.com/vi/Y9IEwSYjzqI/maxresdefault.jpg,thumbnails/한국아빠의맛있는여행KoreanDadJourney/Y9IEwSYjzqI.jpg
정겨운길,UC9t2C3PdplOsWFMiG8blm4g,UO26mmKmrug,인천 모래내시장 장터 풍경입니다. 사람들이 참 많네요. 만물 시장 같네요.,인천 모래내시장 장터 풍경입니다. 사람들이 참 많네요. 만물 시장 같네요. 과일을 파는 마트가 여러곳이고 규모도 제법 있습니다.,2026-03-28T04:34:33Z,"시장,장터,모래내시장",19,ko,PT12M18S,2d,hd,false,112,16,0,5,public,youtube,True,False,"https://en.wikipedia.org/wiki/Food,https://en.wikipedia.org/wiki/Lifestyle_(sociology)",https://i.ytimg.com/vi/UO26mmKmrug/maxresdefault.jpg,thumbnails/정겨운길/UO26mmKmrug.jpg
로라식당,UCVO2DhlcXYIMJcTh6jmDJYA,FIxzS_oRIMA,남은 보쌈으로 만드는 고기국수,"✨Instagram : rola_bistro
✨E-mail : rolabistro@naver.com
화질은 높은화질로 설정해서 시청해주세요

👀 카메라 & 편집 프로그램
카메라 - 캐논 파워샷 G7X Mark3
프로그램 - 어도비 프리미어프로

👀 BGM
브금대통령 - 가을안부
https://youtu.be/PKLs9Qfldrg

※ 타유튜버 언급, 광고성 댓글, 욕설 및 비방글, 개인정보 포함 댓글은 삭제될 수 있습니다. 참고 부탁드립니다.

💕재료
사골곰탕팩, 남은 보쌈고기, 대파, 다진마늘, 후추, 소면, 참치액

💕만드는 방법
1. 소면을 탱글탱글하게 삶아준다.
2.사골곰탕팩과 고기를 냄비에 넣고 끓여주다가 참치액 넣어준다.
3.고기가 떨어질정도로 끓여줬으면 소면 위에 붓고 고명 올리면 끝

#남은보쌈요리 #고기국수만들기 #고기국수",2025-08-26T15:32:59Z,"남은보쌈요리,고기국수만들기,남은보쌈,고기국수",26,ko,PT2M33S,2d,hd,false,318,12,0,4,public,youtube,True,False,"https://en.wikipedia.org/wiki/Food,https://en.wikipedia.org/wiki/Lifestyle_(sociology)",https://i.ytimg.com/vi/FIxzS_oRIMA/maxresdefault.jpg,thumbnails/로라식당/FIxzS_oRIMA.jpg
빵타지아 BBangtasia,UCq7EVwNTnfkhyNttzPAPoyg,3OzCBeeuywo,쭉~ 늘어나는 스트링 치즈빵 만들기,"#스트링치즈빵#치즈빵 만들기#베이킹 레시피

오늘 막 구운 🧀 스트링 치즈빵 나왔어요
고소한 빵 속 쭉~ 늘어나는 치즈 한가득
따뜻할 때 꼭 드셔보세요✨
커피랑 찰떡인 치즈빵 준비됐어요 ☕


[스트링치즈빵]

[재료]
탕종
강력분 150g
설탕 10g
소금 10g
물 138g

본반죽
강력분 350g
설탕 30g
제빵개량제 5g
탈지분유 15g
드라이 이스트 10g
버터 30g
물 210g

스트림 치즈 24개
팔마산가는슈레드 치즈 240g


(마늘소스)
버터 44g
설탕 22g
생크림 7g
마요네즈 3g
연유 10g
간마늘 7g
달걀 20g



🎵Music provided by 브금대통령
🎵Track : Brunch -    • [요리에 어울리는 편안한 감성 음악] Brunch | 요리하고 싶은 날

*사용한 재료 (쿠팡 파트너스 활동의 일환으로, 이에 따른 일정액의 수수료를 제공받습니다.)
스트링치즈 : https://www.coupang.com/vp/products/8599928194?
팔마산 가는 슈레드치즈 :https://www.coupang.com/vp/products/8202970992?
버터 : https://www.coupang.com/vp/products/27832331?",2026-03-24T06:04:51Z,"제과제빵만들기,베이킹레시피,홈베이킹,제과실기동영상,쉬운베이킹,쿠키,케이크,제빵실기동영상,스트링치즈빵,yt:cc=on,팔마산슈레드,치즈꼬물이",27,ko,PT11M28S,2d,hd,true,559,31,0,3,public,youtube,True,False,"https://en.wikipedia.org/wiki/Food,https://en.wikipedia.org/wiki/Lifestyle_(sociology)",https://i.ytimg.com/vi/3OzCBeeuywo/maxresdefault.jpg,thumbnails/빵타지아BBangtasia/3OzCBeeuywo.jpg
hy(한국야쿠르트),UCJvC_TykvjcmgulqsfAsAPQ,1TZ18eCH04Q,[hy] “저 번호 좀 알려주세요!” 김연경 선수에게 궁금한 번호는?,"“저 번호 좀 알려주세요!”
“저도 번호 좀 알려주세요!”
김연경 선수에게 궁금한건 연락처가 아니라, 균주번호!

같은 이름의 유산균이라도 균주번호에 따라
기능과 효능이 달라질 수 있다는 사실! 

그래서 이제는 단순히 ‘유산균’이 아니라 
어떤 균주인지, 어떤 번호인지 확인하는 것이 중요합니다.

이제 프로바이오틱스를 고를 때 균주번호를 꼭 확인하세요!
프로바이오틱스를 알고싶다면? https://www.hy.co.kr/assets/strain-numbers/introduce",2026-03-19T05:38:23Z,"#hy,#에치와이,#한국야쿠르트,#야쿠르트,#프레시매니저,#프레딧",26,ko,PT31S,2d,hd,false,417,26,0,5,public,youtube,True,False,"https://en.wikipedia.org/wiki/Entertainment,https://en.wikipedia.org/wiki/Health",https://i.ytimg.com/vi/1TZ18eCH04Q/maxresdefault.jpg,thumbnails/hy한국야쿠르트/1TZ18eCH04Q.jpg
WhiskyNAVI,UC26XPHfafxDJtD8FL2cOjyw,uXJPItptPXk,[사설] 할 말이 있습니다,"쉴새없이 빠르게 다가오는 AI 열풍이 여러 산업에 맞닿으며 수많은 충돌이 일어나고 있는 바빠바빠 현대사회입니다.
그러한 부분에 있어서, 어떠한 인사이트를 가지고 살아야 할지, 저도 모르지만 주절 주절 해보는 영상이고, 앞으로 어떻게 할까를 가지고 주절 주절.. 하는 영상이네요.
항상 시청해주셔서 감사합니다.",2026-03-25T09:00:00Z,,26,ko,PT20M15S,2d,hd,false,3254,100,0,39,public,youtube,True,False,,https://i.ytimg.com/vi/uXJPItptPXk/maxresdefault.jpg,thumbnails/WhiskyNAVI/uXJPItptPXk.jpg
엄지공주이야기,UC_xJyPezZcZB98N8bJcI64g,XN_F1rbZxmA,🏠🍬과자집 꾸미기!/무료도안/헨젤과그레텔/종이인형놀이🧁,"★그림도안★

디지털도안(크티-무료도안) : https://ctee.kr/item/store/87073
**디지털도안을 직접 다운로드받고 인쇄해주세요.

★종이도안(스마트스토어) : https://smartstore.naver.com/umji_princessstory/products/13303705333
**스마트스토어와 쿠팡은 인쇄된 종이도안을 배송해드립니다. 프린트가 없는 분들은 이용해주세요~

★엄지공주이야기 인스타그램★
https://www.instagram.com/umji_princessstory/

★Video Source Support]
Youtube channel ""freeticon""

★ 재접착테이프 :러블리마미의 말랑이 양면재접착테이프입니다.  https://smartstore.naver.com/lovelymommy/products/5393591109


#종이인형놀이 #엄지공주이야기 #종이인형놀이 #동화이야기 #헨젤과그레텔 #이야기만들기 #동화
#인형놀이 #소근육놀이 #엄마표놀이 #과자집꾸미기",2026-03-25T12:02:12Z,,24,ko,PT10M40S,2d,hd,false,1375,17,0,0,public,youtube,True,True,"https://en.wikipedia.org/wiki/Hobby,https://en.wikipedia.org/wiki/Lifestyle_(sociology)",https://i.ytimg.com/vi/XN_F1rbZxmA/maxresdefault.jpg,thumbnails/엄지공주이야기/XN_F1rbZxmA.jpg
미팩TV미라클스토리,UCSumEwGVqyxK8paBkhgBLDA,OBPRUzlF4e0,금요일저녁입니다.오늘이 목요일인줄~깜놀🤔가방 받으셨죠,"🙋🏻‍♀️이런 분께 꼭 추천드려요
✅집중력이 필요한 학생이나 직장인
✅자주 깜빡깜빡하는 분
✅기억력 개선이 필요한 분
✅다리가 자주 저리거나 부종이 있는 분
✅신경퇴행성 질환이 걱정되는 분
✅강력한 항산화, 항노화를 원하는 분

[뇌 건강 메모리 포뮬러 구성 & 가격]

✅ 1박스 구매시 (30일분) 
107,000원 - 80,000원

✅ 3박스 구매시
 321,000원 - 189,000원 (41%)

✅ 5박스 구매시
535,000원 - 349,000원  
(사은품 86,000원 프로럭스 헤어 마스크증정🎁)

✅️3박스 X 2세트 구매시(6박스)/378.000원
42% 즉시할인 + 사은품 86,000원 상당의 프로럭스 헤어 마스크 무료 증정 !✨️추천합니다 


구매링크입니다
https://mkt.shopping.naver.com/link/69b908c982def66d8b2d624a

링크 구매 안되시는 분들은
010 9478 5656
으로 문자주세요 💌",2026-03-27T23:42:10Z,,24,ko,PT46M56S,2d,hd,false,125,8,0,10,public,youtube,True,False,"https://en.wikipedia.org/wiki/Hobby,https://en.wikipedia.org/wiki/Lifestyle_(sociology)",https://i.ytimg.com/vi/OBPRUzlF4e0/maxresdefault.jpg,thumbnails/미팩TV미라클스토리/OBPRUzlF4e0.jpg
롯데마트,UCvcEiiSBO-D0QX8vDJs1qzQ,Ajo7J8odd8M,"메가급으로 통 크게!🎊 롯데마트·슈퍼 '메가통큰' (0326~0401, 6s)","이번 통큰은 MEGA급으로 즐기자!
롯데마트&롯데슈퍼 '메가통큰' 🛒🎉

📝 1주차(0326~0401) 행사상품 CHECK
🍖 한우 ""전품목""이 50%
🍊 큰 치킨 1마리도 50%
🥚 계란 2판이 11,980원
🦀 活대게 50%, 올리브유 1L는 9,990원으로!
🍜 인기 먹거리와 생필품 최대 50% 할인부터 1+1

3월 26일(목)부터 4월 8일(수)까지,
2주 동안 MEGA급 혜택이 펼쳐진다!

롯데마트&롯데슈퍼에서 만나요! 💘
(방문 전 매장별 의무 휴업일을 꼭 확인하세요!)

🔗메가통큰 바로가기 : https://lottemartzetta.onelink.me/8d6p/m1qfffgp",2026-03-24T00:40:45Z,"롯데마트,lottemart,롯데마트몰,lottemartmall",26,ko,PT7S,2d,hd,false,1181896,7,0,0,public,youtube,True,False,https://en.wikipedia.org/wiki/Food,https://i.ytimg.com/vi/Ajo7J8odd8M/maxresdefault.jpg,thumbnails/롯데마트/Ajo7J8odd8M.jpg
애봉이,UCdwLMpZeFXN5ODyCO9warSw,JUX2dSEE0Ts,왕갈비짜빠게티🍖풀페거상2주차 #풀페이스거상 #아이디,,2026-03-15T19:41:43Z,,24,en-US,PT1H9M49S,2d,hd,false,3423,899,0,6,public,youtube,True,False,"https://en.wikipedia.org/wiki/Food,https://en.wikipedia.org/wiki/Lifestyle_(sociology)",https://i.ytimg.com/vi/JUX2dSEE0Ts/maxresdefault.jpg,thumbnails/애봉이/JUX2dSEE0Ts.jpg
운주우성스님의 템플라이프 Temple Life,UCXpmZe257wmJ8BiPtqI0siA,9qK9zYsbFuw,아보카도로 만드는 간단 샌드위치 - 아보카도의 맛을 업그레이드 시켜줄 **넣고 맛있게 만들어 보세요. #아보카도 #샌드위치 #사찰음식,"영양가 많은 아보카도를 이용하여 간편하게 샌드위치를 만들어 보세요.
간식으로도 손님용 식간음식으로도 손색이 없습니다.
맛있고 건강한 샌드위치 만들어 보세요.
#샌드위치 #아보카도 #아보카도샌드위치 #바나나샌드위치 #바나나요리 #아보카도요리",2026-03-26T11:32:00Z,"아보카도,샌드위치",22,ko,PT7M34S,2d,hd,false,37,8,0,0,public,youtube,True,False,"https://en.wikipedia.org/wiki/Food,https://en.wikipedia.org/wiki/Lifestyle_(sociology)",https://i.ytimg.com/vi/9qK9zYsbFuw/maxresdefault.jpg,thumbnails/운주우성스님의템플라이프TempleLife/9qK9zYsbFuw.jpg
맛연사,UC0kLo6HUcwG3uwhqCaq6rNw,KjUGnZJnKU4,"2틀 뒤에 꺼내 먹어도 갓 복은 듯 부드러운 명엽채볶음 황금레시피, 반찬가게 사장님 오열 중 #밑반찬 #반찬 #명엽채 #요리","채널에 멤버십 가입하여 혜택을 누려보세요.
(댓글시 빠른 답변/ 회원 레벨 표시/ 다양한 실전업소레시피 혜택/ 영상 매달 업로드)
https://www.youtube.com/channel/UC0kLo6HUcwG3uwhqCaq6rNw/join

맛연사 셰프 31년 노하우 공개 합니다. 가정용, 업소용레시피를 집에서도 
쉽게 만들수 있도록 계량화 했습니다.      - 맛을 연구하는 사람들 -
------------------------------------------------------------------------------------------------------------------------
2틀 뒤에 꺼내 먹어도 갓 복은 듯 부드러운 명엽채볶음 황금레시피, 반찬가게 사장님 오열 중 #밑반찬 #반찬 #명엽채 #요리 

 🍽 맛연사 / 설렁탕 전문점 전수창업: 
      https://youtu.be/fhbVEkWiilU?si=LFFBVfmfeBYbJugG
🍜 맛연사 / 양평해장국 전수창업:
      https://youtu.be/IYbHNG6V9Bw?si=srS5aQgNjU0OObxl
😈 식당창업 / 업소용레시피 구매 상담문의: 010, 2321, 6322 주세요(맛연사)
 ----------------------------------------------------------------------------------------------------------
# 맛연사냉면(밀키트) 네이버 스마트 스토어 구매 가능하십니다. 
https://smartstore.naver.com/monomoa/products/6887271187
# 냉면 (업소용 벌크) : https://me2.do/Gz2vi4nB (5kg 벌크 / 0.8mm기계면사리)
# 냉면 (가정용) 밀키트 : https://me2.do/G4wUWAo0 
# 맛연사 막국수(업소용벌크) 구매 링크: https://me2.do/FBJk117y
# 밀키트,업소용 냉면 / 만드는 영상 보기: https://youtu.be/h7p_NUpGOhM

구매문의  👉전화문의 1688-4025 / 010-6876-8281 (가정용밀키트, 업소용,식당)
(영업시간: 평일 오전 10:00 ~ 오후 6:00 까지) 
업소용 벌크 제품의 경우 아래 구성으로 판매하고 있으니 페이지 둘러 
보시면 됩니다.  
--------------------------------------------------------------------------------------------------------------------------- 
맛연사 홈 계정 링크:https://litt.ly/sinheeyong739
맛연사/  블로그  https://blog.naver.com/tg778

 🍽 맛연사의 요리는 그램수로 만드시는 것을 추천 드립니다. (권장) 
🍜 맛연사 채널은 유튜브, 인스타, 틱톡 채널에서만 보실 수 있습니다. 
😈 이 영상을 무단 도용하거나 재편집 및 업로드 하는 것을 금지합니다.",2026-03-26T10:00:28Z,"맛연사,업소용레시피,맛연사 레시피,창업,식당창업,전수창업,요리,레시피,맛연사 명엽채볶음,명엽채볶음,명엽채볶음 황금레시피,명엽채고추장볶음,명엽채,맛연사 명엽채,실채볶음,실채무침,오징어실채조림,명엽채 볶음 레시피,명엽채 볶음,korean side dish,명엽채간장볶음,명엽채볶음 양념,명엽채볶음 만들기,명엽채 볶음 만들기,명태볶음,마른반찬종류,마른반찬 추천,명엽채볶음 레시피,명엽채간장조림",26,ko,PT5M54S,2d,hd,false,507,35,0,5,public,youtube,True,False,"https://en.wikipedia.org/wiki/Food,https://en.wikipedia.org/wiki/Lifestyle_(sociology)",https://i.ytimg.com/vi/KjUGnZJnKU4/maxresdefault.jpg,thumbnails/맛연사/KjUGnZJnKU4.jpg
별난농사이야기,UCNirgeVfOTaY3GrtqueoIPA,IallLmhWrL0,음성 수박 수직 재배 견학후 진천 농다리축제 출렁다리 와보니 넘 좋아요~,,2026-03-27T19:28:06Z,,24,ko,PT53M12S,2d,hd,false,1855,2,0,0,public,youtube,True,False,"https://en.wikipedia.org/wiki/Lifestyle_(sociology),https://en.wikipedia.org/wiki/Tourism",https://i.ytimg.com/vi/IallLmhWrL0/maxresdefault.jpg,thumbnails/별난농사이야기/IallLmhWrL0.jpg
만능아빠-TV,UCwi6btqNVsbWX6WFmqIoWBw,5UB8I5wF_mY,언제 어디서나 바로 과일주스를 만들어 드세요. 텀블러와 블렌더가 하나로~ 오셀렉트 텀블렌더,"운동 후에도, 산책 중에도, 근무 중에도 언제든 어디서든 신선한 주스를 만들 수 있는 신박한 아이템!!
블렌더로 갈고, 텀블러로 사용이 가능한 '오셀렉트 텀블렌더'
강력한 3중 6각 블레이드로 얼음까지 한번에 갈아 시원한 음료를 만들어 보세요.
♣제품 구매사이트 ↓↓↓
https://smartstore.naver.com/ohjin/products/12337743461",2026-03-21T01:18:27Z,"오진양행,믹서기,직장인필수템,운동필수템,자취필수템,등하교필수템,출퇴근필수템,텀블렌더출시,신제품출시",26,ko,PT4M32S,2d,hd,false,21,1,0,0,public,youtube,True,False,"https://en.wikipedia.org/wiki/Food,https://en.wikipedia.org/wiki/Lifestyle_(sociology)",https://i.ytimg.com/vi/5UB8I5wF_mY/hqdefault.jpg,thumbnails/만능아빠-TV/5UB8I5wF_mY.jpg
롯데칠성 LOTTE CHILSUNG,UCzKFT7cBIKO9Dapikf6e3ow,_gs7ils-7ZA,"🍊상큼한 한 모금, 델몬트 콜드🍇","롯데칠성✨ 상큼함이 살아있는 순간
🥤 Del Monte Cold Orange & Grape, 얼음 위에 가득! 🍊🍇
❄️ 100% 과즙의 상큼함과 신선함을 즐겨보세요. 😍

#롯데칠성음료 #DelMonte #델몬트 #콜드오렌지 #콜드포도 #상큼한한모금 #주스",2026-03-16T02:27:06Z,롯데칠성,24,ko,PT28S,2d,hd,false,582,10,0,0,public,youtube,True,False,https://en.wikipedia.org/wiki/Food,https://i.ytimg.com/vi/_gs7ils-7ZA/hqdefault.jpg,thumbnails/롯데칠성LOTTECHILSUNG/_gs7ils-7ZA.jpg
FisslerKorea 휘슬러 코리아,UCIEU1PTkQMCb7IMlT0_Hexg,HZNPjr_hzU0,휘슬러 𝑭𝒊𝒔𝒔𝒍𝒆𝒓 - 𝑴𝒂𝒅𝒆 𝑭𝒐𝒓 𝒀𝒐𝒖𝒓 𝑴𝒐𝒎𝒆𝒏𝒕𝒔,"당신의 요리가 빛나는 순간,
휘슬러가 함께 합니다.

#휘슬러 #휘슬러코리아 #fissler #madeforyourmoments",2026-02-26T01:23:17Z,"휘슬러,휘슬러코리아,Fissler,FisslerKorea",26,ko,PT1M7S,2d,hd,false,78116,10,0,0,public,youtube,True,False,"https://en.wikipedia.org/wiki/Food,https://en.wikipedia.org/wiki/Lifestyle_(sociology)",https://i.ytimg.com/vi/HZNPjr_hzU0/maxresdefault.jpg,thumbnails/FisslerKorea휘슬러코리아/HZNPjr_hzU0.jpg
제이손,UCznduEvnjcVsnYXUw8QK6YQ,u37VddOfJtU,김치찌개 냄새 많이 난다. 근데 1996년 김치면 맛은 안 남,"김치 향만 많이 난다. 
기름기가 너무 많음
팔도 김치면 1996년 사발면 쉰 시큼한 김치면 맛은 아님",2026-02-27T00:40:29Z,,26,ko,PT3M15S,2d,hd,false,541,8,0,2,public,youtube,True,False,"https://en.wikipedia.org/wiki/Food,https://en.wikipedia.org/wiki/Lifestyle_(sociology)",https://i.ytimg.com/vi/u37VddOfJtU/hqdefault.jpg,thumbnails/제이손/u37VddOfJtU.jpg
Coca-Cola Korea,UCzCxSb_RYZuaiaP3u9QNR_A,kQxvpLcvikQ,[#코카콜라] 학교에서도 코-크 타임 15’,"혼자 스크롤 내리던 사람들 주목!
뷔와 함께하는 코-크 타임으로 기분 UP!

코카-콜라와 함께, 친구들과 함께!
함께 올라갈 시간, 코카-콜라 Coke TIME!

#코카콜라 #코카콜라제로 #코크타임 #coketime #V",2026-03-23T07:01:32Z,,24,ko,PT16S,2d,hd,false,5546764,7318,0,310,public,youtube,True,False,https://en.wikipedia.org/wiki/Entertainment,https://i.ytimg.com/vi/kQxvpLcvikQ/maxresdefault.jpg,thumbnails/Coca-ColaKorea/kQxvpLcvikQ.jpg
한존 커플,UCpTh6MA0SreNSNzPcemY8wg,pQL0TlC6TSw,"""아이 체중이 적대요.."" 속상한 사우디 아내 위해 한우를 처음 사줬더니 반응이..?","병원 검진을 갔는데 아기 체중까지 미달이라는 소식에 아내의 마음은 더 무거워졌는데요.
그런 아내를 기운 차리게 하려고 인생 첫 한우를 사주러 갔습니다! 

과연 사우디 아내는 한국 최고의 소고기 맛에 어떤 반응을 보였을까요?
위기를 기회로 바꾼 사우디 아내의 파란만장한 하루, 재밌게봐주세요

0:00 한우먹을게 쏭
0:06 증명사진촬영
0:52 기차카페
1:27 하난 사우디시민 인증
2:09 비자연장 실패
3:24 사우디아내의 인생 첫 한우

#사우디아내 #국제커플 #한우먹방 #임신중기 #국제결혼",2026-03-24T23:30:30Z,,22,ko,PT10M28S,2d,hd,false,27323,1579,0,62,public,youtube,True,False,"https://en.wikipedia.org/wiki/Food,https://en.wikipedia.org/wiki/Lifestyle_(sociology)",https://i.ytimg.com/vi/pQL0TlC6TSw/maxresdefault.jpg,thumbnails/한존커플/pQL0TlC6TSw.jpg
줄리엔강 엔강이형,UCFyzGa2KYUAwwuJU-z0EjnA,LJwKurKzBFs,🍽 이것만 먹으면 운동한거나 다름 없다! 옌강셰프의 남자 사료 '맨 키블' 레시피 대.공.개!,"🍽 안녕하세요 엔강셰프임니다!

오늘은 최강 영양 음식 '보이 키블'을 만드러 봐씁니다
'보이 키블(Boy Kibble)'은 시간과 비용을 아끼면서
영양소를 챙길 수 이씁니다!

여러분도 저 따라서 한번 만드러 머거보세요!
제 레시피 공개합니다!",2026-03-26T10:32:14Z,"줄리엔강,셰프,흑백요리사,요리,요리브이로그,먹방,단백질,운동,쉐이크,보이키블,덮밥,맛집,먹방브이로그,요리로그,안성재,윤남노,정지선,이연복,레이먼킴,아기맹수,남자,음식,레시피,최현석,나폴리맛피아,다이어트,프로틴,샐러드,고구마,정어리,브로콜리,계란,모수,조서형,미쉐린,탄수화물,지방,비빔밥,오운완,소고기,인간사료,상남자",23,ko,PT7M54S,2d,hd,false,46302,83,0,39,public,youtube,True,False,"https://en.wikipedia.org/wiki/Food,https://en.wikipedia.org/wiki/Lifestyle_(sociology)",https://i.ytimg.com/vi/LJwKurKzBFs/maxresdefault.jpg,thumbnails/줄리엔강엔강이형/LJwKurKzBFs.jpg
HalalKoreaBites,UC99CsOVET0eMkM_lwszLvOw,1jA8o_Fzi8Q,인천 알라딘 케밥 이프타르｜Ramadan Iftar Dinner at Syrian & Jordanian Halal Restaurant,"라마단 기간, 해가 진 후 시작되는 식사 **이프타르(Iftar)**를
인천 서구에 위치한 요르단·시리아 할랄 식당
**알라딘 케밥(Aladdin Kebab)**에서 경험했습니다.

이프타르는 단순한 저녁 식사가 아니라
하루의 금식을 마치고 나누는 의미 있는 식탁입니다.

이 영상에서는 다양한 중동 음식과 함께
사람들의 삶과 문화, 환대의 순간을 담았습니다.

✔ 라마단 문화가 궁금한 분
✔ 할랄 음식과 중동 식문화를 알고 싶은 분
✔ 무슬림으로서 한국에서 식사할 곳을 찾는 분들께
도움이 되길 바랍니다.

📍 위치: 인천 서구 원당대로301번길 3 1층
☪️ Halal Food / Muslim Friendly
🌙 Ramadan Iftar

시청해주셔서 감사합니다.

During Ramadan, I experienced **Iftar**, the meal that begins after sunset, at **Aladdin Kebab**, a Jordanian-Syrian Halal restaurant located in Seo-gu, Incheon.

Iftar is not just dinner,
it is a meaningful meal shared after a day of fasting.

This video captures a variety of Middle Eastern dishes,
the lives of the people, their culture, and moments of hospitality.

✔ For those curious about Ramadan culture
✔ For those who want to learn about Halal food and Middle Eastern food culture
✔ For those who are Muslims looking for a place to eat in Korea
I hope this video is helpful.

📍 Location: 1F, 3 Wondang-daero 301beon-gil, Seo-gu, Incheon
☪️ Halal Food / Muslim Friendly
🌙 Ramadan Iftar

Thank you for watching.

Ramazan ayında, Incheon'un Seo-gu bölgesinde bulunan Ürdün-Suriye helal restoranı **Aladdin Kebab**'ta, gün batımından sonra başlayan **iftar** yemeğini deneyimledim.

İftar sadece akşam yemeği değil,
oruçlu bir günün ardından paylaşılan anlamlı bir yemektir.

Bu video, çeşitli Orta Doğu yemeklerini,
insanların yaşamlarını, kültürlerini ve misafirperverlik anlarını yansıtıyor.

✔ Ramazan kültürü hakkında meraklı olanlar için
✔ Helal yemek ve Orta Doğu yemek kültürü hakkında bilgi edinmek isteyenler için
✔ Kore'de yemek yiyebilecekleri bir yer arayan Müslümanlar için
Umarım bu video faydalı olur.

📍 Konum: 1F, 3 Wondang-daero 301beon-gil, Seo-gu, Incheon
☪️ Helal Yemek / Müslüman Dostu
🌙 Ramazan İftarı

İzlediğiniz için teşekkür ederim.

Во время Рамадана я побывала на **Ифтаре**, трапезе, которая начинается после захода солнца, в **Aladdin Kebab**, иорданско-сирийском халяльном ресторане, расположенном в районе Согу, Инчхон.

Ифтар — это не просто ужин,
это значимая трапеза, которой делятся после дня поста.

В этом видео представлены различные блюда ближневосточной кухни,
жизнь людей, их культура и моменты гостеприимства.

✔ Для тех, кто интересуется культурой Рамадана
✔ Для тех, кто хочет узнать о халяльной еде и ближневосточной кулинарной культуре
✔ Для мусульман, ищущих место, где можно поесть в Корее
Надеюсь, это видео будет полезным.

📍 Адрес: 1 этаж, 3 Wondang-daero, 301beon-gil, Согу, Инчхон
☪️ Халяльная еда / Подходит для мусульман
🌙 Ифтар в Рамадан

Спасибо за просмотр.

خلال شهر رمضان، خضتُ تجربة الإفطار، الوجبة التي تبدأ بعد غروب الشمس، في مطعم ""علاء الدين كباب""، وهو مطعم أردني-سوري حلال يقع في حي سيو-غو بمدينة إنتشون.

الإفطار ليس مجرد عشاء،

بل هو وجبة مميزة تُشارك بعد يوم من الصيام.

يُقدم هذا الفيديو مجموعة متنوعة من أطباق الشرق الأوسط،

وحياة الناس، وثقافتهم، ولحظات كرم الضيافة.

✔ لمن يرغب في التعرف على ثقافة رمضان
✔ لمن يرغب في معرفة المزيد عن الطعام الحلال وثقافة الطعام في الشرق الأوسط
✔ للمسلمين الباحثين عن مكان لتناول الطعام في كوريا
أتمنى أن يكون هذا الفيديو مفيدًا.

📍 الموقع: الطابق الأول، 3 ووندانغ-دايرو 301 بيون-غيل، حي سيو-غو، إنتشون
☪️ طعام حلال / مناسب للمسلمين
🌙 إفطار رمضان

شكرًا لكم على المشاهدة.

#Ramadan
#Iftar
#HalalFood
#MiddleEasternFood
#SyrianFood
#JordanianFood
#HalalKorea
#라마단
#이프타르
#할랄음식
#중동음식
#무슬림친화",2026-02-27T08:47:45Z,"#Halal,#HalalFood,#Kebab,#HalalKorea,#UzbekFood,#TurkishKebab,#IndianHalal,#CentralAsianFood,#UzbekCuisine,#TurkishCuisine,#MaghrebCuisine,#MashreqCuisine,#LevantCuisine",19,ru,PT18M58S,2d,hd,false,34183,62,0,6,public,creativeCommon,True,False,"https://en.wikipedia.org/wiki/Food,https://en.wikipedia.org/wiki/Lifestyle_(sociology)",https://i.ytimg.com/vi/1jA8o_Fzi8Q/maxresdefault.jpg,thumbnails/HalalKoreaBites/1jA8o_Fzi8Q.jpg
Mr박부장,UCHsIxFH8kFNz5MgbOZ_GrJA,kboAGYCD_wY,동내 후배 골로보내기,"오늘 동네 후배랑 소맥 한잔 간다

#소맥 #소맥한잔 #퇴근후 #한잔각 #술스타그램 #일상 #소소한행복 #동네술 #동네후배 #오늘한잔 #술자리 #맥주 #소주 #소주맥주 #술한잔 #힐링타임 #저녁시간 #먹스타그램 #술먹방 #짠 #건배 #쌍문동",2026-03-17T08:36:13Z,,24,ko,PT11M19S,2d,hd,false,181,13,0,13,public,youtube,True,False,"https://en.wikipedia.org/wiki/Food,https://en.wikipedia.org/wiki/Lifestyle_(sociology)",https://i.ytimg.com/vi/kboAGYCD_wY/maxresdefault.jpg,thumbnails/Mr박부장/kboAGYCD_wY.jpg
맛즐 ; 조이풀푸드,UC-NiIeWEem2yb9Zq-p9glsg,N_kaC_a-Ajw,고소한 콘치즈 통밀 브래드 만들기,"고소한 콘치즈 통밀 브래드 만들기

고소한 통밀 브래드 위에 달콤한 옥수수와
짭짤한 치즈를 듬뿍 올려 만든 콘치즈 브래드입니다.

간단한 재료로 집에서도 쉽게 만들 수 있는
든든한 브런치 메뉴예요.

겉은 바삭하고 속은 고소한 콘치즈의 조합,
여러분도 꼭 한번 만들어 드셔보세요

↓↓조이풀 푸드에서 구매하실수 있습니다.↓↓
https://www.joyfulfood.co.kr/product/...
https://link.inpock.co.kr/joyfulfood1

쉬젤 러반 다용도 스테인리스 양면도마-XL (31.5*45cm)
https://joyfulfood.co.kr/surl/O/39319",2026-03-05T21:16:25Z,"#콘치즈,#통밀브래드,#브런치레시피,#간단요리,#집밥레시피,#홈브런치,#콘치즈레시피,#치즈요리,#간단간식,#홈쿡,#요리영상,#집에서요리,#조이풀푸드,#joyfulfood,#맛즐",26,ko,PT1M10S,2d,hd,false,133,0,0,1,public,youtube,True,False,"https://en.wikipedia.org/wiki/Food,https://en.wikipedia.org/wiki/Lifestyle_(sociology)",https://i.ytimg.com/vi/N_kaC_a-Ajw/maxresdefault.jpg,thumbnails/맛즐조이풀푸드/N_kaC_a-Ajw.jpg
수연이수연,UCJp74yNai3BP-_gZuDgsyAw,sIWPIbrHlFQ,"배고파서 진짜 호온났네 (먹방 브이로그) 황금올리브치킨,열무비빔국수,삼겹살,겉절이,명란젓,티라미수케이크빙수,크림치즈볼  ","instagram: @suyeonie_o
email: zpdlfjq@naver.com
blog : https://m.blog.naver.com/suyeonie_o
노래채널 https://www.youtube.com/@suyeonie_oq

https://youtube.com/@bgmpresident
https://youtube.com/@msound2757
https://youtube.com/@oneul274",2026-03-12T10:30:37Z,,22,ko,PT10M36S,2d,hd,false,26987,267,0,20,public,youtube,True,False,"https://en.wikipedia.org/wiki/Food,https://en.wikipedia.org/wiki/Lifestyle_(sociology)",https://i.ytimg.com/vi/sIWPIbrHlFQ/maxresdefault.jpg,thumbnails/수연이수연/sIWPIbrHlFQ.jpg
규리 KYULEE,UCeO-X7LzHBcO8NHKpvaIo9g,78o8b6nt-1E,"먹방 브이로그ㅣ고자극 먹방,신상 두바이과자 총집합, 당면추가 해장엽떡, 마라샹궈, 슈프림치킨 치밥","이영상은 럭키클로버 유료광고를 포함하고 있습니다.

👉🏻 링크 : https://buly.kr/9tCU8YZ
 기간 : ~3/27(금) 밤 12시까지 !! (딱 일주일)
❤️규리가 매일 먹는 찐! 붓기템❤️

✅1. 전체 구매자 랜덤 5명
매일매잇 브이컷 본품 1박스 추가증정 
  
✅2. 10만원 이상 구매자 선착순 5명
매일매잇 브이컷 본품 1박스 추가증정 

#먹방브이로그 #먹방vlog #먹방 #두바이과자

sns🌊 https://www.instagram.com/kyulee333/
contact🌊 kyulee333@gmail.com

오늘도 시간 내주시고 함께해주셔서 진심으로 감사드립니다🍀",2026-03-21T08:00:02Z,"규리,mukbang korean food,mukbang korean,Mukbang eating show,먹방 브이로그,먹방,먹방 vlog,브이로그,일상 브이로그,일상 vlog,규리 브이로그,엽떡 먹방,마라샹궈 먹방,슈프림 먹방,자극 먹방,두바이 과자 먹방,과자 먹방,신상 과자,치킨 먹방,엽기떡볶이 먹방,매운음식 먹방,디저트 먹방,과자리뷰,두쫀쿠 과자,두바이 과자 리뷰",22,ko,PT20M49S,2d,hd,false,24744,0,0,60,public,youtube,True,False,"https://en.wikipedia.org/wiki/Food,https://en.wikipedia.org/wiki/Lifestyle_(sociology)",https://i.ytimg.com/vi/78o8b6nt-1E/maxresdefault.jpg,thumbnails/규리KYULEE/78o8b6nt-1E.jpg
아르재이 (arrjaeyi),UCsKqR8SQu10cO6R-wzdVvpw,zyOPH7T9-2U,Day LOG 🇰🇷 Diet 💪🏻 누워만 있었는데 체지방 1.6kg 감소? 칼로리바 다이어트로 여름 준비 시작!✨,"건강하게 다이어트를 시작하고 싶은 분들이
요즘 많이 찾는 칼로리바 다이어트를 직접 경험해봤어요! 👀

칼로리바 효창 웰니스 대치직영점에서 진행한
십사일동안칼로리바 프로그램 후기와 함께
누워서30분다이어트로 알려진 머슬렌더 리얼 후기까지! 

올 여름 관리는 칼로리바 어떠셔요?!💛

𝐢𝐧𝐬𝐭𝐚𝐠𝐫𝐚𝐦 
Contents  ➡ https://www.instagram.com/arrjaeyi._ /
Jaeyi ➡ https://www.instagram.com/a_j615/

📩 𝐛𝐮𝐬𝐢𝐧𝐞𝐬𝐬 
surabayaunni@gmail.com
contact@nodecomms.com",2026-03-27T20:47:33Z,"surabaya,surabayaunni,hanbi,indonesia,youtuberkorea,reaction,culture,mukbang,beauty,talk,koreanreaction,Korean,kculture,kfood,kfashion,kbeauty,ktrend,haul,jaeyi,대치칼로리바,십사일동안칼로리바,칼로리바,머슬렌더,칼로리바효창웰니스직영점,누워서30분다이어트,다이어트,칼로리바다이어트,caloriebar",22,ko,PT3M16S,2d,hd,false,6,2,0,0,public,youtube,True,False,"https://en.wikipedia.org/wiki/Health,https://en.wikipedia.org/wiki/Lifestyle_(sociology)",https://i.ytimg.com/vi/zyOPH7T9-2U/maxresdefault.jpg,thumbnails/아르재이arrjaeyi/zyOPH7T9-2U.jpg
연로미,UCUoaVI36xr9ipyRiyILHoYg,UxnBChjZe0Y,왕초단 모집,#연우마려워 #연크루 #술먹방 #보겸 #LGBT #켈리 #최고다영만,2026-03-22T08:25:55Z,,24,ko,PT1H43M35S,2d,hd,false,3360,60,0,1,public,youtube,True,False,https://en.wikipedia.org/wiki/Lifestyle_(sociology),https://i.ytimg.com/vi/UxnBChjZe0Y/maxresdefault.jpg,thumbnails/연로미/UxnBChjZe0Y.jpg
비상금친구들,UCWRQ7bgo-gaBODRYlp3tvYg,Qx77_w40uX8,당일대출 💸10분 만에 200만원 나도 진짜 가능할까?🔍,"당일대출 💸10분 만에 200만원 나도 진짜 가능할까?🔍

당장 현금은 필요한데
여기저기서 당일대출 방법만 조회하고 있니?

한 군데 안 되면
다른 앱 깔고 다시 조회하고...
반복되는 작업 이제 그만해🙅🏻‍♂️

난 당일대출 말고 다른 방식으로 해결 방법을 찾았어💭

휴대폰 한도를 현금으로 교환하는 방법인데,
속도나 접근성 때문에 나 말고도
당일대출 대체 수단으로 관심 가지는 사람들이 늘고 있더라👀

✅복잡한 심사 과정 없음
✅신용 정보 영향 없음
✅10분 컷 빠른 루트
✅무직자도 이용가능

👉시간없고 복잡한거 싫어하는 너를 위해
내가 영상 아래 고정 댓글에 알잘딱깔센 정리해 뒀으니 꼭 확인해줘!


#당일대출 #당일급전마련 #비대면당일대출",2026-03-26T09:52:46Z,"당일대출후기,당일대출빠른곳,24시대출,빠른입금,비상금대출,긴급자금마련,통신한도대출,비상금친구들,당일대출,무직자당일대출,소액대출,즉시대출,당일입금대출,저신용자대출,모바일대출,24시간대출,직장인당일대출,정부지원대출,비대면대출,당일대출가능한곳,300만원대출,연체자대출가능한곳,대출비교사이트,신용대출,인터넷대출",26,ko,PT2M1S,2d,hd,false,4266,0,0,2,public,youtube,True,False,,https://i.ytimg.com/vi/Qx77_w40uX8/maxresdefault.jpg,thumbnails/비상금친구들/Qx77_w40uX8.jpg
크집사빨간맛,UCTZhDJG4P_ex9A40BKVSHoQ,iFSirLeQym8,따뜻한 녹차 한 잔을 마시며 오늘도 대양을 꿈꾸는...,"내 이름은 데이브 멋진 다이버지. 
 
[ 크언니의 빨간맛 이야기와 게임 라이브 ] 
매주 일요일 저녁 8시 ~ (가끔 7시에 시작함) 
선거, 어린이날, 부처님 오신날, 여름 휴가, 크리스마스 등에는 
조금 일찍 시작. 

[ 그 밖에 ] 
* 출장 가면 출장지 식당 라이브 ( 로밍폰으로 진행하니 저화질 이해 바람) 
* 가끔 쇼핑 하울 라이브
* 너무 귀여운 고양이를 보았을 때 긴급 라이브 등

* 언니의 트위터 https://twitter.com/LuvcatClaire
* 팬아트는 크집사 카페 http://cafe.daum.net/claireluvcat",2026-03-22T13:49:13Z,"크집사,야옹키친,밀키트,요리,레시피,파멸,디저트,저녁,먹방,쿡방,Claireluvcat,빨간맛,야옹식당,크언니,야옹섬,직장인브이로그,vlog,출장로그",20,ko,PT1H58M43S,2d,hd,false,3408,196,0,5,public,youtube,True,False,"https://en.wikipedia.org/wiki/Action_game,https://en.wikipedia.org/wiki/Role-playing_video_game,https://en.wikipedia.org/wiki/Video_game_culture",https://i.ytimg.com/vi/iFSirLeQym8/maxresdefault.jpg,thumbnails/크집사빨간맛/iFSirLeQym8.jpg
거제폭격기,UC9rpMzC-SjMSrxhQElZDzTw,OCVR6L2nYow,거제도 일상 먹방 면접교섭,"--------------------------------------------

인스타 : @djgreat77
비즈니스 문의 : ttt7713@naver.com
촬영장비 : 오즈모 포켓3, 소니 FDR-AX700
편집 : 파이널컷 프로",2026-03-28T04:40:06Z,,24,ko,PT3H57M26S,2d,hd,false,11306,113,0,0,public,youtube,True,False,https://en.wikipedia.org/wiki/Lifestyle_(sociology),https://i.ytimg.com/vi/OCVR6L2nYow/maxresdefault.jpg,thumbnails/거제폭격기/OCVR6L2nYow.jpg
똘비 ddolbi,UC7_5wc5eeOXpt_WDheHgSjw,9kq-b-d6G3M,"”내돈내산💸“ 요청 많았던 밀프렙 용기 솔직 비교, 후기🛒✨ㅣ유리용기부터 실리콘, 플라스틱, 전자레인지 사용가능한 스텐 도시락까지!🥊","📢안녕하세요.ꈍ◡ꈍ♥ 

채널에 놀러와주신분들 감사드리구요!🌱
만나서 반가웠어요, 그럼 다음 영상에서 또 만나요🤍

⏰타임라인⏰
00:00 미리보기👀
00:36 아띠홈 플라스틱 도시락 용기
01:38 다이소 말랑핏 용기
02:17 다이소 실리콘 용기 타원형
03:06 실리콘 도시락 용기
04:04 네오플램 내열유리 용기
05:13 락엔락 유리용기
06:05 미르코리아 유리병
06:44 모노테일 스텐 전자레인지 용기


*영상 속에 나온 제품들 정보 정리!*
[아띠홈 플라스틱] 크림+버터 8개 14,900원
-장점: 가벼움, 저렴함, 색깔이 감성있어서 예쁨, 사이즈도 큼직해서 이것저것 담기 좋음
-단점: 색배임 있음(업체 설명에는 햇빛에 두면 색깔이 사라진다고 함), 기름기 있는 음식 전자레인지 오래 돌리면 녹음, 밀폐력 아쉬움

[다이소 실리콘 용기 타원형 250ml] 1055501 / 2,000원
-장점: 가벼움, 노란색이 예쁨, 저렴함
-단점: 플래티넘 실리콘을 썼는지 정보가 자세히 나오지 않음, 밥 돌릴 때 실리콘 특유의 냄새가 나지만 밥에 배이지는 않음

[다이소 휘어지는 말랑핏 저장용기 900ml 그레이] 1,000원
-장점: 가벼움, 저렴함
-단점: 색배임, 플라스틱 소재라는 점

[다이소 진공 저장 용기 결착형 640ml] 2,000원
-장점: 진공이지만 저렴함
-단점: 플라스틱이라 전자레인지 사용 불가, 샐러드 소량만 담을 수 있음

[땡스소윤 밀폐용기]
-장점: 튀어나오는 손잡이가 없어서 좁은 냉동고에 수납 정리하기가 좋음
-단점: 플라스틱이라 색배임 있음, 기름기 많은 음식 한번에 닦기 어려움

[실리샵 국산 플래티넘 실리콘 도시락통 전자레인지용기 500ml] 라이트 그레이 ₩14,920원
-장점: 가벼움, 사이즈 좋음, 감성적으로 예쁨
-단점: 색배임, 기름기 세척이 너무 어려움, 밀폐력 아쉬움

[리브유 실리콘 도시락 500ml+ 밀폐용기 세트300ml] 베이지 23,020원 
-장점: 가벼움, 사이즈 좋음, 감성적으로 예쁨
-단점: 색배임, 기름기 세척이 너무 어려움, 밀폐력 아쉬움

[락앤락 탑클라스 실리콘 직사각 밀폐용기 630ml] 4개-25,800원
-장점: 뚜껑 열기 쉬움, 유리라서 환경호르몬 걱정 없음, 고무패킹 설거지 안해도 됨
-단점: 무거움, 밀폐력 아쉬움

[네오플램 코모도 내열유리 직사각 밀폐용기 600ml] 4개 20,400
-장점: 밀폐력 좋음, 뚜껑이 투명해서 음식 찾기 쉬움, 환경호르몬 걱정 없음
-단점: 고무패킹 설거지 필요, 한번에 잘 닫기가 어려움, 무거움

[소스 유리병 미르코리아 헥사 실리콘 사각 보틀 유리병 240ml] 6개 13,970(개당 2,300원)
-장점: 유리라서 환경호르몬 걱정 없음, 드레싱이나 주스 담기 좋음 
-단점: 무거움, 깨질 수 있음

[모노테일 무연마 스텐 304 전자레인지용기] 14,610원
-장점: 304 스텐이라 오래 사용 가능, 유리에 비해 가벼움, 전자레인지 사용 가능
-단점: 뚜껑 여는게 쉽지 않음, 얼면 엄청 차가워짐






📢주방용품 정보
1탄✨(냄비, 후라이팬, 도마, 그릇, 소분용)
https://youtu.be/LLnxod_rrtQ?si=2lzHyObre_cClGBt
2탄✨(키친크로스, 음쓰통, 그릇, 냄비받침대, 배수망, 양념 그릇, 에프)
https://youtu.be/EUmAefyYqis?si=ClB-Fllsnz0uoaVy
3탄✨ (나무 쟁반, 소스볼, 그릇)
https://youtu.be/lm3YH2b95e4?si=m2TAuAewyK5vVj6w

✉️: kimddolbi@gmail.com


🎧Bgm : 
Oneul -    • 추울 땐 달달구리 귀여운 음악 | 귀여운음악, 브이로그음악, Cut...  
   • 포닥포닥 니트의 계절 (Cozy Sweater) | 귀여운음악, 브...  
샛별 - 타코야끼 /    • ✨샛별 - 타코야끼✨(Royalty Free Music)  
Oneul -    • 매일매일 딸기해 | 귀여운음악, 브이로그음악, Cute Cozy P...  
Oneul -    • 추울 땐 달달구리 귀여운 음악 | 귀여운음악, 브이로그음악, Cut...  
샛별 - Melon Pudding /    • ✨샛별 - Melon Pudding🍈✨(Royalty Free Mu...  
Oneul -    • 딸기만큼 사랑해🍓 (Strawberry Much) | 똥땅똥땅 귀여...  

#집밥 #자취요리 #한그릇요리 #집밥브이로그 #자취브이로그",2026-03-26T10:00:14Z,"요리,음식,요리하기,집밥,자취브이로그,집밥 브이로그,똘비,한그릇집밥,한그릇요리,밀프렙,밀프렙용기,밀프렙용기추천,용기추천",26,ko,PT8M9S,2d,hd,true,53628,1696,0,81,public,youtube,False,False,"https://en.wikipedia.org/wiki/Food,https://en.wikipedia.org/wiki/Lifestyle_(sociology)",https://i.ytimg.com/vi/9kq-b-d6G3M/maxresdefault.jpg,thumbnails/똘비ddolbi/9kq-b-d6G3M.jpg
하지만알려줌,UCMZDNDG8_-04Km1V3UC_Nuw,0iz_1ZTS4-Q,"양고기, 부산에서 이 가격 처음 봤습니다","[부산 양고기 맛집]

※ 이 영상은 광고·협찬 없이
직접 방문 후 제작했습니다.

맛은 개인차가 있을 수 있으며, 음식에 대한 이야기는 주관적인 시선으로 솔직하게 말씀드립니다.

#부산맛집 #부산대맛집 #양고기먹방 #양고기맛집 #마라탕 #마라샹궈먹방

1. 장전동 애한마음고기집
주소: 부산 금정구 부산대학로38번길 66 1층(장전동, 청수원룸)
🍲양고기모둠 400g 30,0 / 각 부위별 주문시 100g 8,5
⏰오후 15시~ 오후 11시 30분
🙅매일 영업
☎ 051-513-6975
🚘부산대역북측공영주차장

[챕터]
00:00 부산 양고기 맛집 인트로
00:45 양고기 가격 파괴의 이유
03:34 양고기 먹방 시작
06:22 마라샹궈 먹방
07:31 다음화 예고편",2026-03-25T08:00:01Z,,24,ko,PT8M5S,2d,hd,false,9035,281,0,107,public,youtube,True,False,"https://en.wikipedia.org/wiki/Food,https://en.wikipedia.org/wiki/Lifestyle_(sociology)",https://i.ytimg.com/vi/0iz_1ZTS4-Q/maxresdefault.jpg,thumbnails/하지만알려줌/0iz_1ZTS4-Q.jpg
빈쪽이,UCKX3Sk9drEK2TgdMD1_dNbg,XytcTqkq81E,여일 봄도다리회에 혼술 했어요.,"3/16 ~ 3/20 
주주총회 하러 외국 나갑니다 :)",2026-03-15T11:05:17Z,,22,ko,PT11M6S,2d,hd,false,6512,131,0,202,public,youtube,True,False,"https://en.wikipedia.org/wiki/Food,https://en.wikipedia.org/wiki/Lifestyle_(sociology)",https://i.ytimg.com/vi/XytcTqkq81E/maxresdefault.jpg,thumbnails/빈쪽이/XytcTqkq81E.jpg
86미미,UCzeN9YJZu-zwNYoylPxewHw,bpI-6VB5WJs,오랜만이에요 대낮에 소내장탕에 소주한잔 하고 뻗었어요  시골집 아줌마 술먹방,"안녕하세요 86미미에요 1년만에 인사드려요!
오늘 간만에 대낮부터 국밥에 소주한잔 했는데 뻗어버렸네요

여러분 영상속 소내장탕 너무 맛있어보이죠?
아로가 소내장탕 이랑 순대스테이크에요~
저처럼 국밥 땡기실때 한번 드셔보세요^^
https://smartstore.naver.com/aroga_kr

#먹방#술먹방#아줌마#국밥#소주",2026-03-17T11:39:43Z,"먹방,술먹방,86미미,국밥,아줌마",22,en-US,PT10M32S,2d,hd,false,35792,706,0,73,public,youtube,True,False,"https://en.wikipedia.org/wiki/Food,https://en.wikipedia.org/wiki/Lifestyle_(sociology)",https://i.ytimg.com/vi/bpI-6VB5WJs/maxresdefault.jpg,thumbnails/86미미/bpI-6VB5WJs.jpg
나진커플 Najin Couple,UCEDTb8RyfDp5I1DRB9hEIkg,A-o8iTcP-NA,불맛 제대로 입힌 짜장면에 새콤달콤 바삭한 칠리새우 먹방,오랜시간 기다려 주시고 시청해 주셔서 감사합니다 😍😍,2026-03-24T11:00:19Z,"MUKBANG,EATING SHOW,KOREAN MUKBANG,KOREAN FOOD,mukbang korean,HOMEMADE FOOD,KOREAN HOME MEALS,korean food mukbang,korean food recipes,먹방,리얼먹방,커플먹방,나진커플,웃긴커플,짜장면,짜장면 만들기,짜장면 먹방,jajangmyeon,jajangmyeon mukbang,jajangmyeon recipe,jajangmyeon korean food,black bean noodles,black bean noodles mukbang,yt:cc=on,간짜장,간짜장 먹방,짜장면 소주,짜장면 소주 먹방,짜장면 칠리새우,짜장면 칠리새우 먹방,칠리새우,칠리새우 먹방,깐쇼새우,깐쇼새우 먹방,칠리새우 만들기,중식,중식 먹방,K FOOD,K FOOD MUKBANG,칠리새우 레시피,K FOOD COOKING",22,ko,PT23M15S,2d,hd,true,17198,1164,0,142,public,youtube,True,False,"https://en.wikipedia.org/wiki/Food,https://en.wikipedia.org/wiki/Lifestyle_(sociology)",https://i.ytimg.com/vi/A-o8iTcP-NA/maxresdefault.jpg,thumbnails/나진커플NajinCouple/A-o8iTcP-NA.jpg
이민간귤 LMGG,UCrGmzu_E2xDM92gUVzv2xHw,a3zSujzazRk,한국 만두와 이런 차이가?! 80년 전통 긴자 노포의 압도적인 왕교자 🥟 | 도쿄 맛집 여행,"#도쿄맛집 #도쿄여행 #긴자맛집

안녕하세요! 이민간귤입니다🍊🐟

오늘은 도쿄 긴자의 오래된 왕교자가 유명한 맛집에 다녀왔습니다🥟
역시 군만두는 언제 먹어도 맛있네요.

함께 가시죠!


※입맛에는 개인차이, 경험차이가 있습니다.
※모든 영상에는 저의 개인적인 의견이 다분히 포함되어 있습니다.
※여러분의 구독, 좋아요, 댓글은 영상 제작에 큰 힘이 됩니다.


이민간귤 인스타그램 ⇨ https://www.instagram.com/lmgg_official
이민간귤 스레드 ⇨ https://www.threads.net/@lmgg_official


🚩긴자 텐류 본점 (銀座天龍 本店)
⇨ https://maps.app.goo.gl/cbHzHeNtNg7ZZhAz9
⇨ 〒104-0061 Tokyo, Chuo City, Ginza, 2 Chome−5−19 ヒューリック銀座二丁目ビル ４F 柳 通ビル",2026-02-20T23:00:00Z,"도쿄맛집,도쿄여행,일본맛집,일본여행,도쿄현지인맛집,일본현지인맛집,도쿄맛집여행,일본맛집여행,일본요리,일본음식,도쿄로컬맛집,일본로컬맛집,yt:cc=on,긴자맛집,일본만두,일본교자,일본군만두,긴자만두,긴자교자,긴자군만두,일본식중화요리,일본중화요리,일본식만두,긴자,도쿄브이로그,교자맛집,긴자텐류,왕교자,긴자왕교자,일본노포,긴자쇼핑,보행자천국,도쿄가볼만한곳,일본먹방,일본생활,스부타,일본탕수육,도쿄데이트코스,gyoza,japanesefood,japaneats,dumplings,tokyoeats,ginzafood,foodporn,hiddengem,tokyotrip,exploretokyo,ginzastreet,銀座天龍,焼き餃子,일본식탕수육,수부타",19,ko,PT12M39S,2d,hd,true,11462,254,0,46,public,youtube,True,False,"https://en.wikipedia.org/wiki/Food,https://en.wikipedia.org/wiki/Lifestyle_(sociology)",https://i.ytimg.com/vi/a3zSujzazRk/maxresdefault.jpg,thumbnails/이민간귤LMGG/a3zSujzazRk.jpg
직업의달인,UCqwKDuZiOBV6EgD4CIxhh2g,8E81ipXpJDM,“외도하는 사람은 딱 3가지 특징이 있어요” 20년차 형사가 불륜 전문 탐정으로 일하며 알아낸 외도하는 사람들의 특징 3가지 [맥가이버 탐정]ㅣ외도부부,"✅ 출연자 : 박민호 탐정님 (맥가이버 탐정 사무소)
✅ 연락처 : 02-584-1141
________________________________________________

이제 주먹구구식 처리는 그만,
프리미엄 밀착 관리로 여유로운 시간을 벌어주는
대표님만의 도약 발판, 선율회계법인과 함께하세요.

✔ 사업자등록부터 함께
✔ 돌려받을 세금 유무 확인
✔ 연말 전 손익 안내로 세금 대비
✔ 기존 세무사로부터 이관처리까지 손쉽게!
상담신청 링크  https://naver.me/x4GCy5uf


[출연 및 배너문의]
- e-mail : jadalin53@gmail.com

▬▬▬▬▬▬▬▬▬▬▬▬▬▬▬▬▬▬▬▬▬▬▬▬▬▬▬▬▬
🎵Music provided by 브금대통령
🎵Track : Fly High -    • [Royalty Free Music] Fly High (도전/힘찬/...  
▬▬▬▬▬▬▬▬▬▬▬▬▬▬▬▬▬▬▬▬▬▬▬▬▬▬▬▬▬


#직업의달인 #탐정들의영업비밀 #탐정 #외도상담 #외도 #외도증거 #사업 #사업가 #창업 #경찰 #형사",2026-03-22T12:15:00Z,"탐정,탐정들의영업비밀,외도,불륜,외도부부",26,ko,PT15M42S,2d,hd,false,2477,43,0,4,public,youtube,True,False,,https://i.ytimg.com/vi/8E81ipXpJDM/maxresdefault.jpg,thumbnails/직업의달인/8E81ipXpJDM.jpg
후땡로드,UCJLMsInvp7j7ij5qCVlCB8w,roTRiPUa7no,부산에 이런곳이??!! 찐로컬 시장..노포동 오시게5일장,"📍 가는 법 

위치: 부산 지하철 1호선 노포역 하차 (종점이라 졸아도 괜찮음!)

장날: 매달 끝자리 2일, 7일 (2, 7, 12, 17, 22, 27일)에만 열리는 5일장!",2026-03-07T18:10:08Z,"부산맛집,오시게장날,오시게시장,오시게,노포동,노포역,시장투어,부산시장,전국오일장,오일장,5일장,오시게5일장,부전시장,남창시장,양산시장,서울시장,광장시장,벚꽃시장,꽃시장,매화시장,미나리시장,봄동비빔밥,봄동시장,노포맛집,부산노포식당,오시게봄동,부선여향,부산여행,부산근교나들이,봄나들이",19,ko,PT6M43S,2d,hd,false,31974,211,0,11,public,youtube,True,False,"https://en.wikipedia.org/wiki/Food,https://en.wikipedia.org/wiki/Lifestyle_(sociology)",https://i.ytimg.com/vi/roTRiPUa7no/maxresdefault.jpg,thumbnails/후땡로드/roTRiPUa7no.jpg
서울 사는 남자,UCB6rLbWzClupm4FshWTnPRA,j2Bwa7qk37I,가격이 전부는 아니더라고요.,"[예약 링크]
https://app.catchtable.co.kr/ct/shop/happy_point_guro from=share&type=DINING",2026-03-19T13:25:21Z,"서울맛집,스시맛집,오마카세,초밥맛집,스시 오마카세",22,ko,PT3M41S,2d,hd,false,15305,302,0,30,public,youtube,True,False,"https://en.wikipedia.org/wiki/Food,https://en.wikipedia.org/wiki/Lifestyle_(sociology)",https://i.ytimg.com/vi/j2Bwa7qk37I/maxresdefault.jpg,thumbnails/서울사는남자/j2Bwa7qk37I.jpg
카리나의 삶,UCvD2njyGxgG9iG-RtmdsYTQ,A0speDZTvsU,독일 아내에게 결혼기념일과 생일선물 없다고 했다가 최신 삼성폰을 깜짝 선물했더니..,"#국제커플 #카리나의삶 #갤럭시s26 #광고

갤럭시 S26과 함께한 이번 서프라이즈도 대성공 했네요 ㅎㅎ
여러분도 초기 구매 하셔서 혜택 꼭 받아 보시길 바랍니다:)

갤럭시 S26 시리즈 구매하러 가기 : https://www.samsung.com/sec/smartphones/galaxy-s26-secret/buy/?samsungstore=00050183

초기 구매 혜택
'New 갤럭시 AI 구독클럽' 가입시 최대 50% 잔존가 보상!
(*울트라 기준 반납시 최대 잔존가 보상금액 약 94만원, 12개월형, 구독료 감안)
갤럭시 버즈4 시리즈 10% 할인 쿠폰
케이스&액세서리 30% 할인 쿠폰까지
오늘도 영상 시청해 주셔서 감사드립니다!

--

카리나의 삶 속으로(회원) : https://www.youtube.com/channel/UCvD2njyGxgG9iG-RtmdsYTQ/join
이메일 : tngh5531@gmail.com
블로그 : https://blog.naver.com/tngh3214

--
Kevin MacLeod의 음악에는 크리에이티브 커먼즈 저작자 표시 4.0 라이선스가 적용됩니다.
https://creativecommons.org/licenses/by/4.0/
출처: http://incompetech.com/music/royalty-free/index.html?isrc=USUAN1400034
아티스트: http://incompetech.com/",2026-03-11T08:00:09Z,,22,ko,PT14M58S,2d,hd,true,41078,3515,0,66,public,youtube,True,False,https://en.wikipedia.org/wiki/Lifestyle_(sociology),https://i.ytimg.com/vi/A0speDZTvsU/maxresdefault.jpg,thumbnails/카리나의삶/A0speDZTvsU.jpg
먹두리 첫째,UC0ohH3nO4Xx7XtqoiaUEUxg,9HeX5kq3cZM,늦은저녁 먹었어요  아주 맛잇게,,2026-02-28T02:00:07Z,,22,ko,PT19M32S,2d,hd,false,24076,1157,0,114,public,youtube,True,False,"https://en.wikipedia.org/wiki/Food,https://en.wikipedia.org/wiki/Lifestyle_(sociology)",https://i.ytimg.com/vi/9HeX5kq3cZM/maxresdefault.jpg,thumbnails/먹두리첫째/9HeX5kq3cZM.jpg
세계속한국인,UCk_S35G4UW5khtFvbA1iDxQ,36PPWyfbg6c,기본 월세만 수 천만원인 홍콩에서 한식당 10개 하는 30대 대표님의 하루,"#해외요식업 #해외창업 #홍콩맛집 

오늘의 주인공, 노현석 님
회사명 : (홍콩) BMJ
매장명 : (홍콩) 삼식, 제주식, 도톰, 한양, 솔솥, BBQ치킨
인스타 : @samsicguy_
이메일 : samsicss1512@gmail.com

안녕하세요 [세계 속 한국인] 김PD입니다!
저는 여행을 하다보니 해외에 살고 계신 한국분들에 대해 관심을 가지게 되었습니다.
많은 대륙을 다녀보니 사람 사는 게 다 비슷하다고 생각이 들면서도
한국인 분들을 뵐 때마다 고향을 떠나 타지 생활을 하는 것이
멋있기도하며 존경스럽기도 할 때가 많이 있었습니다.

자랑스러운 여러분들의 해외 생활을 보여주세요!

*해외에 있는 한국인 분들을 찾아갑니다!
출연 문의 :shmedia0121@gmail.com (메일 주실 때는 연락처를 꼭 남겨주셔야합니다!)
출연 조건 : 한국 외 아시아, 유럽, 아프리카, 아메리카, 오세아니아 국가에 거주 중이신 분",2026-03-28T02:45:00Z,"세계속한국인,해외이민,해외창업,이민현실,휴먼스토리,해외 한국 반응,직업의모든것,머니멘터리,어썸코리아,홍콩근황,홍콩역사,해외사업,해외창업비용,홍콩창업,해외한식당창업비용,인터뷰,유퀴즈,해외이민비용,동남아창업비용,홍콩부동산,홍콩맛집,홍콩여행,홍콩중국,홍콩국가보안법,국밥맛집,유퀴즈컵밥,성공스토리,동기부여영상,사업컨설팅,창업컨설팅,프랜차이즈창업",22,ko,PT28M12S,2d,hd,false,1296,75,0,9,public,youtube,True,False,"https://en.wikipedia.org/wiki/Food,https://en.wikipedia.org/wiki/Lifestyle_(sociology)",https://i.ytimg.com/vi/36PPWyfbg6c/maxresdefault.jpg,thumbnails/세계속한국인/36PPWyfbg6c.jpg
강인 KANG IN,UCeTWemRIomXooZWz2zTxKzg,Cl3Gj2hnhjs,[SUB] 강인 첫 팬미팅 투어 STUNNING TOGETHER 비하인드 | EP.1,"강인이 데뷔 후 첫 단독 팬미팅 투어를 통해 각국의 팬 분들을 직접 만나고 돌아왔습니다.

이번 영상에서는 무대 위의 순간들과 그 여정 속 뒷 이야기들을 함께 담았습니다.
오랜만에 팬 분들과 더욱 가까이에서 함께한 특별한 순간, 그리고 그때의 기억들을 영상으로 전합니다.

미공개 데모 곡을 처음으로 선보였던 순간까지
이번 투어의 다양한 모습들을 즐겁게 감상해주세요!
2편도 많은 기대 부탁드립니다!",2026-03-25T09:00:15Z,"강인,슈퍼주니어,KANGIN,김영운,SJ,SUPERJUNIOR,슈주,베트남,팬미팅투어,강인팬미팅",22,ko,PT14M41S,2d,hd,true,2705,504,0,100,public,youtube,True,False,"https://en.wikipedia.org/wiki/Music,https://en.wikipedia.org/wiki/Music_of_Asia",https://i.ytimg.com/vi/Cl3Gj2hnhjs/maxresdefault.jpg,thumbnails/강인KANGIN/Cl3Gj2hnhjs.jpg
인생맛렙,UCWkHEwAkgjfkhoe1O6HQTvA,jO6nhzrzUww,"여수 밤바다는 반칙, 삼합은 포기 못하지, 해상 케이블카에서 바라본 야경","여수밤바다
#여수여행",2025-12-31T13:23:34Z,yt:cc=on,22,ko,PT2M13S,2d,hd,true,59,1,0,0,public,youtube,True,False,"https://en.wikipedia.org/wiki/Food,https://en.wikipedia.org/wiki/Lifestyle_(sociology),https://en.wikipedia.org/wiki/Tourism",https://i.ytimg.com/vi/jO6nhzrzUww/maxresdefault.jpg,thumbnails/인생맛렙/jO6nhzrzUww.jpg
구자돌이 GUJA Eating,UCIkEh4R_U_s8RxANU_7UpnA,wVbN6E7Ua1Q,꾸덕한 블루베리 레어치즈케이크🫐 달달 스모어 쿠키 ASMR Eating Sound,"⏰ 타임라인
00:00 🫐 블루베리 레어 치즈케이크(26,000원)
03:12 스틱 퍼지 브라우니(3개 / 10,000원)
04:51 크리스피 스모어 쿠키(트레이더스)
07:09 케이크 한 조각 더!

🧾 아이디어스 '헬로아이' 에서 구매했어요.",2026-03-23T10:01:18Z,"yt:cc=on,저당디저트,키토케이크,케이크먹방,브라우니,디저트 먹방,노토킹,keto",24,ko,PT8M46S,2d,hd,true,6931,272,0,41,public,youtube,True,False,"https://en.wikipedia.org/wiki/Food,https://en.wikipedia.org/wiki/Lifestyle_(sociology)",https://i.ytimg.com/vi/wVbN6E7Ua1Q/maxresdefault.jpg,thumbnails/구자돌이GUJAEating/wVbN6E7Ua1Q.jpg
Narr Mu Lay,UC2c4pvCc8GF_rIhgOxgGD-Q,q-YLpFGSF4Y,ငါးပြေမချဥ်ဟင်း ဟင်းအိုးမချခင်တည်းက ဗိုက်ဆာနေခဲ့တာ ဗူးညွှန့်ဟင်းခါးပါတော့ ထမင်းမြိန်ပြီပေါ့😋🥰,ငါးပြေမချဥ်ဟင်း ဟင်းအိုးမချခင်တည်းက ဗိုက်ဆာနေခဲ့တာ ဗူးညွှန့်ဟင်းခါးပါတော့ ထမင်းမြိန်ပြီပေါ့😋🥰,2026-03-20T11:30:46Z,,22,my,PT7M15S,2d,hd,false,64500,2685,0,81,public,youtube,True,False,"https://en.wikipedia.org/wiki/Food,https://en.wikipedia.org/wiki/Lifestyle_(sociology),https://en.wikipedia.org/wiki/Pet",https://i.ytimg.com/vi/q-YLpFGSF4Y/maxresdefault.jpg,thumbnails/NarrMuLay/q-YLpFGSF4Y.jpg
첫째아들,UCGL-5gylJg3G7T7epVBnhtQ,X0LOEauJTA8,처음으로 말씀드리는 요리사 첫째아들이 아닌 인간 이승훈의 첫 속이야기. (큐앤에이),"채널에 가입하시면 영상제작에 큰 힘이됩니다!
https://www.youtube.com/channel/UCGL-5gylJg3G7T7epVBnhtQ/join",2026-03-25T13:23:45Z,"첫째아들,요리사",26,ko,PT5M26S,2d,hd,false,16456,809,0,106,public,youtube,True,False,"https://en.wikipedia.org/wiki/Food,https://en.wikipedia.org/wiki/Lifestyle_(sociology)",https://i.ytimg.com/vi/X0LOEauJTA8/maxresdefault.jpg,thumbnails/첫째아들/X0LOEauJTA8.jpg
땅끝마을 임선생,UCH89iJse_8YRE31xtiu1byQ,nbX9oFSD6KI,"우유와 잣을 넣어 만든 '잣타락죽', 정말 고소하고 맛있어요!","안녕하세요 여러분! 오늘은 잣죽과 타락죽을 합친 '잣타락죽'을 만들어봤어요~ 농도를 맞추는 꿀팁도 꼼꼼히 알려드렸으니 꼭 한 번 만들어보세요! 정말 맛있답니다~👍

*재료*
멥쌀 1컵, 물 2컵, 우유 2컵, 잣 반컵, 소금 또는 꿀 약간(선택)

📌저희 콘텐츠(영상/설명문구/촬영화면) 무단 복제·재편집을 금지합니다. 요리 레시피 자체는 공유의 가치가 있지만, 저희 고유한 방식과 표현은 소중한 창작물입니다.
----------------------------------------------------------------------------------------
그리고 제가 직접 몇 개월간 써보고, 찐으로 좋아서 주변에 강추하는 
'하라다 키요이' 행주!
이번주 동안 공구 진행 중입니다~^^ 오픈하고 정말 많은 분들이 좋아해주셔서 저도 놀랐습니다.😄

고급 순면, 일본 국민템으로 유명해서 주변에서 일본 여행 간다고 하면
꼭 사오라고 부탁한다는 제품이라더라구요👍

📌 하라다 키요이 행주 공동구매 일정 : 3/23(월) ~ 3/29(일)
✅ 구매 링크 : https://srok.kr/gh7PX

☎️ CS 문의 : http://pf.kakao.com/_livqn/chat
(*카톡문의 가능시간 : 평일 오전 9시 ~ 오후 5시 / 점심시간: 오후 12시~1시)


🌸 하라다 키요이 행주 — 왜 그렇게 유명할까요? 🌸

원단과 원단 사이에 공기층을 살려 부드럽고 통기성이 뛰어난
전통적인 ‘모기장 직조 기술’을 적용했다고 해요~

한 겹 한 겹 층층히 엮인 거즈 조직이 
물기와 기름기를 말끔히 닦아냅니다👍

🌟 특히 오염에 정말 강해서 신기해요!

김가루 / 고춧가루 / 반찬 국물 / 김치 양념 등
막 닦아도

 물로 슥슥 빨면
✨신기할 정도로 바로 깨끗!✨

저도 처음 써보고 놀랐어요😳

✔️ 물 흡수력이 정말 뛰어나요
✔️ 닦고 나면 물자국 없이 깔끔
✔️ 통기성이 좋아 금방 보송하게 건조
✔️ 냄새가 잘 나지 않아요
✔️ 오래 쓸수록 보들보들 부드러워짐

🌼 그리고 무엇보다… 정말 예쁩니다.

❌ 숨겨두는 행주
⭕️ 걸어두고 싶은 행주

디자인이 다양해서 취향대로 고를 수 있고
주방 분위기가 훨씬 깔끔해 보여요 😊

손님 오실 때도 민망하지 않아요 👍

👉 봄에 행주 하나 바꿨을 뿐인데
설거지 후 정리, 식탁 닦기, 물기 제거가
훨씬 편해져서 생활 만족도가 확 올라갑니다💛


🎁이번에 구매하신 분들을 위한 '깜짝 선물' 소식!!🎁
구매해주신 분들 중 5명께 추첨을 통해 ""레벤호프 미니 스파츌라""를 보내드립니다.


❤️공구 제품:

① 카야 7겹 기슈 비장탄 행주 30×30cm (3P)
➡️ 숙련된 장인이 만든 '기슈 비장탄' 행주는 숯의 자연적인 정화력 덕분에 천연 항균 탈취 효과가 더 높아요.

② 카야 7겹 프린트 행주 세트 (코지블루/옐로우팝) 30×30cm (4P)
➡️ 디자인 고르기 힘드실 때, 4개 세트로 구성된 이거 하나 사시면 딱이에요!

③ 카야 7겹 프린트 행주 단품 30×40cm
➡️ 원하는 디자인 단품 선택이 가능해요. 어떤 걸 고르셔도 참 예쁠 거예요^^ 하지만 마찬가지로 성능도 최고. 얼룩이 순식간에 사라져요.

④ 순면 8겹 거즈 행주 28×28cm (2P)
➡️ 부드럽고 섬세한 순면 100%가 무려 8겹! 귀여운 디자인 2개가 세트예요. 저는 그릇닦고 컵, 찻잔 닦을 때 이게 너무 좋았어요.


🌻 쓸수록 부드럽고 폭신해지는 행주

디자인이 다양하고 예쁜 게 정말 많아서
주방에 무심하게 툭 두어도 인테리어가 됩니다 ✨

🎥 임선생이 소개하는 자세한 제품 설명을 보고 싶으시다면, ""풋마늘무침"" 영상 뒷부분을 참고해주시기 바랍니다☺️
📺'풋마늘무침': https://youtu.be/k7bEMUaKg2o

🧚‍♀️사용 팁🧚‍♀️
✔️ 처음에는 풀기가 있어 빳빳할 수 있으나, 2~3회 세탁 후 부드러워집니다.
✔️ 삶으면 변색될 수 있으니, 끓인 물을 한김 식혀 약 15초 담갔다 건조하면 위생적으로 사용 가능합니다.

#타락죽 #잣타락죽 #잣죽

🎵Music provided by 브금대통령
🎵Track : 5월의 데이트 - https://youtu.be/TvrsS-JlJHg
*자막편집: Vrew

#타락죽만들기 #우유죽 #잣우유죽 #궁중음식 #궁중타락죽 #타락죽레시피 #타락죽만드는법
#땅끝마을 #해남댁 #해남임선생 #땅끝임선생 #임승정 #KFOOD  #kfood #땅끝마을임선생",2026-03-27T10:47:21Z,"땅끝마을,땅끝맛,땅끝의맛,궁중음식,조선왕조궁중음식,땅끝의 맛,조선왕조 궁중음식,궁중음식이수자,임선생요리,요리임선생,음식임선생,땅끝임선생,땅끝요리,땅끝임선,임선생,해남,땅끝,타락죽,우유죽,잣죽,잣타락죽,잣우유죽",26,ko,PT5M31S,2d,hd,false,2867,198,0,11,public,youtube,True,False,"https://en.wikipedia.org/wiki/Food,https://en.wikipedia.org/wiki/Lifestyle_(sociology)",https://i.ytimg.com/vi/nbX9oFSD6KI/maxresdefault.jpg,thumbnails/땅끝마을임선생/nbX9oFSD6KI.jpg
요요핑키 YOYOPINKY,UCnZ_FOKhwrBq9LsCJbDl_Ig,bmVbS6rM5-E,장어덮밥에 불닭피자까지... 길게 낋여온 먹방 브이로그 🔥,#브이로그#다이어트#고도비만#여행#먹방브이로그 #집밥먹방 #현실부부 #부부대화 #자존감 #일상브이로그 #주부브이로그 #고도비만주부 #요리,2026-03-23T09:33:52Z,"브이로그,다이어트,고도비만,여행,자존감,먹방브이로그,집밥먹방,현실부부,현실집밥,일상",24,ko,PT41M5S,2d,hd,false,39544,900,0,146,public,youtube,True,False,"https://en.wikipedia.org/wiki/Food,https://en.wikipedia.org/wiki/Lifestyle_(sociology)",https://i.ytimg.com/vi/bmVbS6rM5-E/maxresdefault.jpg,thumbnails/요요핑키YOYOPINKY/bmVbS6rM5-E.jpg
엄마새 mommybird,UChohCCCKwaZAXrfmdurxdyA,zmE14ZN8apY,주방에 1억 써보고 진심으로 추천하는 주방용품 best 21✨ 쓰면 쓸수록 돈이 하나도 안아까워요,"#주방용품 #주방꿀템 #주방도구 

🌿새로운 형태의 무쇠그릇,
프렘 시그니처 플레온 무쇠접시 
런칭기념 엄마새 전용 특가 링크, 혜택 놓치지 마세요👍
https://prem.kitchen/surl/P/55

00:00 오프닝
00:29 휘슬러 압력솥 
01:52 프렘 시그니처 플레온 무쇠접시
03:19 스타우브/르크루제
05:29 그릇 (이도,소일베이커, 온더클레이, 오든크래프트, 코지타벨리니, 에뚜알퓨터)
09:34 커트러리 (사브르, 장네론라귀올,이케아,젓가락) 


메일 : mommybird23@naver.com
인스타그램 : @mommybird__",2026-03-27T13:14:44Z,,26,ko,PT12M,2d,hd,false,2542,52,0,4,public,youtube,True,False,"https://en.wikipedia.org/wiki/Food,https://en.wikipedia.org/wiki/Lifestyle_(sociology)",https://i.ytimg.com/vi/zmE14ZN8apY/maxresdefault.jpg,thumbnails/엄마새mommybird/zmE14ZN8apY.jpg
"30년 집밥, 배여사",UCHmMtQ0B59EuRRANVhiOPqA,UjrRchHjsRk,"""유레카"" 외칠 인생메뉴, 아롱사태 수육전골, 초딩입맛까지 사로잡았어요!","안녕하세요? 
오늘은 정말 자신있게 맛 보장하는 아롱사태 수육전골이에요.
주말에 온 가족 둘러앉아 건강하고 푸짐하게 한번 드셔 보세요.

▶ 수육재료 : 한우 아롱사태 700g, 대파1대, 양파 1/2개, 통후추 15알, 마늘 7~8개, 다시마 3~4조각, 소주1잔(소주잔)

▶ 전골야채: 알배기배추 7~8장(좋아하시면 추가), 부추 1줌, 팽이버섯 1봉지(소), 느타리버섯 (1팩), 대파 반대, 저는 깜박하고 대파를 빼먹었는데 넣으시면 훨씬 맛있어요.

▶ 전골육수: 고기 삶아낸 육수 700ml + 국간장 1~1.5T, 소금 약간 (맛소금 쓰시면 극강의 맛)

▶ 특제소스 : 양조간장 3T, 식초 1T(사과니 다시마니 가미된 식초 말고 그냥 일반 양조식초), 원당 1T(설탕, 알룰로스로 대체 가능), 물2T, 대파 5cm 잘게 다짐, 청양고추 1개 다짐, 연겨자 1/4T 

▶ 조리방법 (중요 TIP 확인)
1. 찬물에 설탕 1T 를 잘 풀어서 고기를 넣고 1시간 가량 핏물 빼주세요

2. 고기가 충분히 잠길 정도의 깊은 냄비에 위 수육재료 모두 넣고, 물 1.5L 부어서 뚜껑열고 팔팔 끓여 잡내를 날려주고, 떠오르는 거품도 걷어주세요.

3. 뚜껑덮고 중약불에서 1시간 은근히 삶아주세요. 냄비는 되도록 두껍고 묵직한 냄비를 쓰시는게 좋아요. 아롱사태는 고기가 익으면서 길이가 쪼그라들어서 공처럼 옆으로 면적이 늘어나니, 냄비 높이가 낮은거면  고기를 세로로 잘라서 삶아주셔야 고기가 물 안에 푹 잠겨요. 

4. 1신 삶아주신 후, 바로 고기를 꺼내지 마시고, 그 물에서 최소 30분~1시간은 뜸 들여 주시면서 고기를 자연스럽게 식혀 주세요. 진짜 육즙도 가둬지고 야들야들 하니 인생 수육 보장합니다.

5. 위 소스 재료 참고해서 소스 만들어 주시되 단맛은 기호에 맞게 가감해주세요.

6. 배추는 먹기 좋은 크기로 썰고, 부추도 5~6cm 길이로 잘라주세요. 버섯도 밑둥 자르고 손질!

7. 미지근하게 열기 남아있는 고기를 최대한 얇게 썰어주세요

8. 전골팬 바닥에 배추와 버섯 올리고 편썰기한 고기를 얹어 주신 후, 배추만 살캉하게 익으면 부추올려 드시면 됩니다.",2026-03-27T00:30:22Z,,26,en-US,PT4M22S,2d,hd,false,2166,127,0,9,public,youtube,True,False,"https://en.wikipedia.org/wiki/Food,https://en.wikipedia.org/wiki/Lifestyle_(sociology)",https://i.ytimg.com/vi/UjrRchHjsRk/maxresdefault.jpg,thumbnails/30년집밥배여사/UjrRchHjsRk.jpg
김효진,UC9o3fKRDPJGfRkJJFn8RiRg,ObWiJ3g3I2k,눈설탕에 예티까지? 얼마나 오래 달리려고.. 그랜드 챔피언스 리그 4강전 시작!,"이메일 문의 : rlagywls6166@gmail.com

후원 링크 : https://toon.at/donate/637154808456174373

카톡 오픈채팅방 : https://open.kakao.com/o/g49wF00b

1:1 오픈채팅 : https://open.kakao.com/o/sigCB2Of

아웃트로 bgm
Music: TheFatRat & JJD - Prelude (VIP Edit)
Watch the official music video: https://tinyurl.com/tfrpreludeVIP
Follow TheFatRat: https://ffm.bio/thefatrat

#쿠키런 #오븐브레이크 #cookierun",2026-03-27T02:01:50Z,"쿠키런,오븐브레이크,김효진,쿠키런 오븐브레이크,쿠키런 랜드,모바일게임,cookierun,쿠키런오븐브레이크,쿠키런 공략,쿠키런 버그,떼탈출 사막 요구르카,쿠키런 업데이트,쿠키런 신규쿠키,쿠키런 신규보물,쿠키런 트로피 매칭,쿠키런 꿀팁,쿠키런 노하우,쿠키런 코인버는법,우정런,쿠키런 크리스탈,쿠키런 쿠폰,마법사들의 도시 떼탈출,쿠키런 무과금,쿠키런 조합추천,쿠키런 손크로,쿠키런 빌드,마오븐,슈가티어,떼탈출,커스텀런,챔피언스리그,마스터랜드,무지개큐브,코인벌이,쿠키런팁,쿠키런잘하는법,쿠키런랭커,길드전,아레나,쿠키의도전,훈련소,요구르카,마도시,계정평가,랭커조합,떼탈출조합,랜덤떼탈출,신규쿠키,유물작,쿠키런 챔스,Crown길드,쿠키런 리뷰,쿠키런 과금,쿠키런 PC,쿠키런 계정,쿠키런 스펙,쿠키런 무과금계정,쿠키런 보물,보물티어,쿠키티어,펫티어,레전드쿠키,레전드펫",20,ko,PT5M35S,2d,hd,false,3159,53,0,9,public,youtube,True,False,,https://i.ytimg.com/vi/ObWiJ3g3I2k/maxresdefault.jpg,thumbnails/김효진/ObWiJ3g3I2k.jpg
최유라의 Hey Youra 헤이유라,UCZNkx1fBaATbag4LjI_UvnA,beHtd1GVMC4,아들의 결혼이 내게 가르쳐준 것들ㅣ그 어렵다는 명동성당 결혼식 당첨! 결혼준비 과정에서 느꼈던 초보 시어머니의 심경고백? 며느리를 며느리라 부르기 싫다!,"얼마 전 시어머니가 된 유라. 
짧은 영상에도 많은 분들이 축하와 격려를 보내주셔서 감사했습니다.
숨가쁜 1,2월의 바쁜 일정을 마치고 3월이 되어 돌아보는 아들의 결혼.
초보 시어머니 유라의 심경고백, 들어볼까요?

#아들의결혼식",2026-03-28T02:00:20Z,"최유라,헤이유라,시어머니,며느리,결혼식,명동성당결혼식,성당결혼식,혼수준비",22,ko,PT13M21S,2d,hd,false,6023,318,0,21,public,youtube,False,False,https://en.wikipedia.org/wiki/Lifestyle_(sociology),https://i.ytimg.com/vi/beHtd1GVMC4/maxresdefault.jpg,thumbnails/최유라의HeyYoura헤이유라/beHtd1GVMC4.jpg
임해장,UC_yQCVU_68rWQiEpuuCSMlA,5Cx11tkZfrg,충주맨 김선태의 충주 대표 vs 전현무계획의 김천 시장순대국 [국밥대전8강],"비지니스 문의
• limcommceo@gmail.com

멤버십 제휴점
셰프의 포차 - 결제금액의 10% 할인
PPK키친 - PPK막걸리 1병 무료
기와집 - 결제금액의 5% 할인
소곱친구 - 결제금액의 5% 할인
제주할망돈가 반월점 - 결제금액의 10% 할인
박달박가네 숯불껍데기 수원매탄점 - 결제금액의 10% 할인
백년광명순대국 - 국밥류 1천원 할인",2026-03-22T08:00:12Z,"수원맛집,수원현지인맛집,임대표의맛집탐방,임대표,국밥대전,임대표의 맛집탐방,충주맛집,충주국밥,동량병천순대,김천맛집,김천국밥,아포국밥,평화시장맛집,순대국밥맛집,돼지국밥성지,노포맛집,국밥투어,가성비맛집",24,ko,PT17M34S,2d,hd,false,1329,43,0,34,public,youtube,True,False,"https://en.wikipedia.org/wiki/Food,https://en.wikipedia.org/wiki/Lifestyle_(sociology)",https://i.ytimg.com/vi/5Cx11tkZfrg/maxresdefault.jpg,thumbnails/임해장/5Cx11tkZfrg.jpg
전영호셰프 식당 요리TV,UCtE3Ie5txXVyMTHAKWfUwcQ,aNJ5iwKilzA,초계국수 육수 관리 방법,초계국수 막국수와 동일한 육수를 관리하는 방법입니다. 육수 관리에서 최고 알아두어야 될 사항들이라고 보시면 됩니다.,2026-03-28T02:01:01Z,,26,ko,PT4M25S,2d,hd,false,28,1,0,0,public,youtube,True,False,https://en.wikipedia.org/wiki/Food,https://i.ytimg.com/vi/aNJ5iwKilzA/maxresdefault.jpg,thumbnails/전영호셰프식당요리TV/aNJ5iwKilzA.jpg
솔라시도 solarsido,UCNx0TXIuGVEA_TWB5H2I6Lg,WOY6tWNBoNo,데뷔 13년차의 Q&A,"정말 오랜만에 Q&A를 해봤어요.
재밌게 봐주세요!

SUBSCRIBE NOW.
https://bit.ly/2tmvGES

#솔라시도 #Solarsido",2026-03-26T09:00:00Z,"솔라시도,솔라,Solar,솔라시도Solarsido,solarsido,마마무 솔라,MAMAMOO Solar,Q&A,데뷔13년차,아이돌",22,ko,PT12M38S,2d,hd,true,7966,1115,0,135,public,youtube,True,False,https://en.wikipedia.org/wiki/Entertainment,https://i.ytimg.com/vi/WOY6tWNBoNo/maxresdefault.jpg,thumbnails/솔라시도solarsido/WOY6tWNBoNo.jpg
서진쿡쿡,UCG9sxoib1fJEcgv7nKcra3A,vGiABN2xtOM,서진쿡쿡 라이브 스트리밍 중,,2026-03-28T03:42:49Z,,26,ko,PT1H34M20S,2d,sd,false,5,7,0,0,public,creativeCommon,True,False,"https://en.wikipedia.org/wiki/Food,https://en.wikipedia.org/wiki/Lifestyle_(sociology)",https://i.ytimg.com/vi/vGiABN2xtOM/maxresdefault_live.jpg,thumbnails/서진쿡쿡/vGiABN2xtOM.jpg
애주가TV참PD,UC5oft5dVf43M2cFmhpJLVGQ,Mg15_l5B1pc,치킨값보다 저렴하게 이걸 다 먹을 수 있다고..ㄷㄷ?!,"* 본 영상은 미트프로젝트의 유료 광고를 포함하고 있습니다.

진짜 가성비 좋게 잘 나온 철판 닭갈비랑 제육볶음 가져왔습니다!
녹진이 여러분들도 든든하고 맛있게 즐겨보세요!

✅ 미트프로젝트X참PD 전용 할인 링크
 https://meatproject.com/goods/goods_list.php?cateCd=001020

- 춘천식 철판 닭갈비 1팩 
13,250원 → 10,900원 (17% 할인) → 10% 적립시 실구매가 9,810원

- 더 진한 제육볶음 1팩 
8,000원 → 7,200원 (10% 할인) → 10% 적립시 실구매가 6,480원

✅ 회원혜택
 - 신규회원 첫 구매 시 바삭 통 육포 무료 증정
 - 결제금액 10% 무제한 적립

#닭갈비 #철판닭갈비 #제육볶음 #미트프로젝트

참피디가 직접 운영하는 녹진이 특별 안주 할인몰
핵이득마켓 구경가기 - https://ndns.shop/

핵이득마켓 어플 다운로드
안드로이드전용
 https://play.google.com/store/apps/details?id=com.cafe24.ec.plusndns2021
아이폰전용
https://apps.apple.com/kr/app/%ED%95%B5%EC%9D%B4%EB%93%9D%EB%A7%88%EC%BC%93/id1581544007

참피디 Q&A 2025 최신판
https://youtu.be/W1V2oJP3pbQ?si=Gk2ih5B1XmpALDn_


광고 섭외 문의(답변을 못드려도 양해부탁드립니다.)
 MAIL - champd@goodworklab.co.kr
 INSTAGRAM - ilovechampd",2026-03-25T08:00:31Z,"갑각류,참피디,고인턴,맛집리뷰,서울맛집,무한리필맛집,무한리필,밀키트리뷰,밀키트추천,대게,킹크랩,랍스타,꽃게,간장게장,참현종,간단요리,맛집,서울 맛집",26,ko,PT12M48S,2d,hd,false,56385,727,0,69,public,youtube,True,False,"https://en.wikipedia.org/wiki/Food,https://en.wikipedia.org/wiki/Lifestyle_(sociology)",https://i.ytimg.com/vi/Mg15_l5B1pc/maxresdefault.jpg,thumbnails/애주가TV참PD/Mg15_l5B1pc.jpg
버럭만득이,UCo_3dlrt49trusZQxZKQx2w,KPOdNtuiMms,생기충만 두번째 이야기#백대종# #찐남생 #충재#돼지기쁨  #남양주#먹살만 먹태 #강원도 ,여행#남양주#구리#태국만득#경기도#먹살만먹태#김삭은#오동지#백대종#먹방#찐남생#김향비#이머니#행배#서칸#중검#투깝이#여포#김용국처럼#노가다간#삐꿍#소라월드#학두#대전#애견#조성근#시수기릿#중검무대뽀조성근#찐남생#박공,2026-03-27T10:26:14Z,,24,ko,PT10H59M16S,2d,hd,false,28624,528,0,0,public,youtube,True,False,,https://i.ytimg.com/vi/KPOdNtuiMms/hqdefault.jpg,thumbnails/버럭만득이/KPOdNtuiMms.jpg
킴주아 KIMJUA,UCS5SSpJRrT5A6pEW3sjgh3g,gZ-2met-CGk,🇨🇦vlog/ 친구 회사 연말파티 따라가서 술 파티 하기 🫠  놀기만 하다 끝나는 크리스마스에오 |캐나다워홀 ,"안녕하세요 ˃̵ ᴗ ˂̵✦
캐나다 워홀 온 킴주아입니다",2026-03-23T10:01:04Z,"캐나다워홀,캐나다 워홀 브이로그,밴쿠버 워홀,밴쿠버 워홀 브이로그,워홀 브이로그,워홀,워킹 홀리데이,워킹 홀리데이 브이로그",19,en-US,PT7M36S,2d,hd,false,104,9,0,2,public,youtube,True,False,"https://en.wikipedia.org/wiki/Food,https://en.wikipedia.org/wiki/Hobby,https://en.wikipedia.org/wiki/Lifestyle_(sociology)",https://i.ytimg.com/vi/gZ-2met-CGk/hqdefault.jpg,thumbnails/킴주아KIMJUA/gZ-2met-CGk.jpg
광수엄마 건강요리,UCaA33Jxr-f6kWRf0NbwFEIA,X5txzO_a1aU,오이 부추무침 이렇게 드셔보세요 오이 부추무침 맛있게 버무리는방법 무침요리 오이 부추무침요리 밑반찬요리 무침 오이 부추무침만드는법 오이 부추무침 만드는방법 오이 부추무침 만들기,"#오이무침#오이부추무침#오이부추무침맛있게버무리는방법#무침요리#오이부추무침요리#밑반찬요리#겉절이요리#오이부추무침만드는법#오이부추무침만드는방법#오이부추무침만들기#황금레시피#레시피

재료:
오이 3 개,
부추 50g,
양파 70g,
대파 50g,
청양고추 2 개,

양념:
고춧가루 2 수저,
진간장 반 수저,
참치액 1 수저,
다진마늘 반 수저,
매실청 반 수저,
황설탕 반 수저,
참기름 1 수저,
통깨 반 수저,",2026-03-27T06:30:00Z,"오이무침,오이부추무침,초보자도쉽게,오이부추무침맛있게버무러는방법,쉬운요리,무침요리,오이부추무침요리,간단한요리,밑반찬요리,겉절이요리,황금레시피,초간단요리,쉽게,레시피",26,ko,PT5M11S,2d,hd,false,211,7,0,0,public,youtube,True,False,"https://en.wikipedia.org/wiki/Food,https://en.wikipedia.org/wiki/Lifestyle_(sociology)",https://i.ytimg.com/vi/X5txzO_a1aU/maxresdefault.jpg,thumbnails/광수엄마건강요리/X5txzO_a1aU.jpg
침착맨 원본 박물관,UCewitUbsXnyjvJjGgxa0IYw,zn8bdTYBflc,송출컴 OBS가 불안정한듯 합니다 죄송합니다,"▶2026년 침착맨 개인방송 원본
https://www.youtube.com/playlist?list=PLa-pNFfK2krKSo1BzEmZzm28uxr_gk5Sv

▶이전 침착맨 개인방송 원본
https://www.youtube.com/playlist?list=PLa-pNFfK2krIyg4p5sseksriBNoZov8T5
https://youtube.com/playlist?list=PLa-pNFfK2krIr5v-N2BMi_pCcQTICFyFP&feature=shared
https://www.youtube.com/playlist?list=PLa-pNFfK2krIRxS4CtLb7BsPTIgeAemjL
https://www.youtube.com/playlist?list=PLa-pNFfK2krIvgs7e9RbMemKltzwX8Y7c
https://youtube.com/playlist?list=PLa-pNFfK2krLVBNdqku9vZqWsRvNOTM-I
https://youtube.com/playlist?list=PLa-pNFfK2krKIUX63mVp5AKXlYBKaTrtt
https://youtube.com/playlist?list=PLa-pNFfK2krJg87risrobz9HJ7vPcYOZh
https://youtube.com/playlist?list=PLif_jr7pPZABK37yMmoJSFr4FWdSfi09f
https://youtube.com/playlist?list=PLif_jr7pPZADZ0IDVn9fufWOs-TCksYu_
https://youtube.com/playlist?list=PLif_jr7pPZACM7asaxTezOvcj3CtfABYS
https://youtube.com/playlist?list=PLif_jr7pPZADFoVxHadsnGdbh2P_6C_bV",2026-02-27T09:31:13Z,,24,ko,PT3M8S,2d,hd,false,18043,169,0,69,public,youtube,True,False,,https://i.ytimg.com/vi/zn8bdTYBflc/maxresdefault.jpg,thumbnails/침착맨원본박물관/zn8bdTYBflc.jpg
스마일분재경매,UCED-Ab4g1cIRU90xqVvrkHg,YLQkJpI9ufU,😊3월 23일(月) 219회차 Live 방송 【스마일분재경매(韓国の盆栽/Korean Bonsai)】,"【스마일분재경매】

■1/3주 토*일*월요일 오후 5시
(토)(일)(월) : 분재   (월) : 분재+특수목+각종 정원수

■반갑습니다. 미소농원 대표 정귀순입니다. 시대의 흐름에 조응하여 유튜브 실시간 경매장을  개장하였습니다. 보유하고 있는 분재, 특수목들을 바탕으로, 여러 소장자님들의 소중한 작품도 위탁 경매하고 있습니다. 많은 관심과 참여 부탁드립니다.

■아래 링크로 들어오셔서 구독을 신청해 주시고, 010-9966-9413으로 [닉네임+실명+배송받으실 주소]를 보내시면 등록이 완료됩니다. 회원가입을 하셔야 낙찰 받으실 수 있습니다.

■경매장주소 : 경남 창원시 의창구 동읍 화양리 933

■소품택배 가능합니다.
택배 배송비 8천원입니다.
중*대품 화물 배송비 8만원입니다.
(단, 강원도, 제주도는 별도 공지.)

■ 방송 후 낙찰취소시, 위약금 20%가 부과됩니다. 무분별한 낙찰후 취소로 인해 영업손실은 물론 진행상의 애로사항이 많은 관계로, 불가피하게 일정한 제재를 할 수밖에 없음을 양해해 주시기 바랍니다

■링크
https://www.youtube.com/@user-ib9hr9nl2j/streams",2026-03-23T14:33:54Z,"분재,경매,경남 스마일 분재 경매장,스마일분재,경남분재장,창원분재,실시간분재",24,ko,PT6H38M16S,2d,hd,false,7446,160,0,0,public,youtube,True,False,https://en.wikipedia.org/wiki/Lifestyle_(sociology),https://i.ytimg.com/vi/YLQkJpI9ufU/maxresdefault.jpg,thumbnails/스마일분재경매/YLQkJpI9ufU.jpg
365일 치팅데이 레시피,UCm86mketHL5xaWMASFc_QVg,NUu8mr6hQ4w,소금빵 사먹으면 손해입니다. #모닝빵 #소금빵,"#요리레시피 #모닝빵 #소금빵 #소금빵🥐 #간식 #간식추천

괜히 고소하면서 짭짤한 빵이 생각나는 날!
밖에 나가 사 오기엔 조금 귀찮고,
그렇다고 그냥 넘기기엔 마음이 아쉬울 때 있잖아요.

모닝빵 바닥에 십자로 칼집을 내고
반을 2/3 정도만 살짝 갈라
속에 버터와 치즈를 넣어준 다음,
위에는 녹인 버터를 부드럽게 바르고
굵은 소금을 톡톡 얹은 뒤
에어프라이어 160도에서 7분 구웠어요.

버터 향이 은은하게 퍼지는데
침샘 폭ㅋ발ㅋ

겉은 바삭하고 치즈가 쭉 늘어나고,
속은 촉촉하고 짭짤한 그 맛.

모닝빵이 이렇게 변신할 줄은 몰랐어요.

특별한 재료는 없지만
마음은 꽤 든든해지는 그런 간식 ❤️

• 모닝빵 6개
• 버터 70g(10g * 7)
• 슬라이스 모짜렐라 2장 (6조각으로 나누기)
• 펄소금 or 굵은소금",2026-03-16T00:37:43Z,,22,ko,PT2M42S,2d,hd,false,477,21,0,8,public,youtube,True,False,"https://en.wikipedia.org/wiki/Food,https://en.wikipedia.org/wiki/Lifestyle_(sociology)",https://i.ytimg.com/vi/NUu8mr6hQ4w/maxresdefault.jpg,thumbnails/365일치팅데이레시피/NUu8mr6hQ4w.jpg
Cooking Kun,UCQXInJpYzNel0vxsU5QZqAw,F6YhhNzc2gs,If you have 1 Sweet Potato and an egg! Try this Easy Sweet Potato Recipes! Simple and so delicious!,"If you have 1 Sweet Potato and an egg! Try this Easy Sweet Potato Recipes! Simple and so delicious! Cooking Kun!

Welcome to Cooking Kun channel!
Today I introduce to you an Simple, Easy and so delicious sweet potato recipes!
If you have 1 sweet potato and an egg, you can create an incredibly easy and delicious meal in minutes! This simple sweet potato recipe is perfect for breakfast, a light lunch, or a quick snack. With a crispy outside and a soft, flavorful center, it’s both comforting and satisfying. Try this easy sweet potato recipe today and enjoy a wholesome homemade dish that’s simple yet so delicious!

Recipes :
Sweet potatoes 320g
Microwave for 3-5 minutes
Tofu 200g
Black pepper 1/6 tsp
Salt 1/4 tsp
Chili powder 1/2 tsp
Onion powder 1/2 tsp
Cornstarch 3 tbsp
Eggs 2
Cooking oil 1 tbsp
Fry for 9-10 minutes
#cookingkun #cookingkunrecipes #potatorecipes #crispyfrenchfries #frenchfries #potatosnack 
Thank you for visiting my channel.
This is a channel where you can find delicious dishes with easy recipes..
Subscriptions and likes are a big boost to us. Thank you very much. 🙏🏻
Facebook :: https://www.facebook.com/CookingKun27",2026-03-27T12:30:23Z,"potato Recipes,potato chips,french fries,potato,crispy french fries recipe,Amazing Potato Recipes,Potato Snacks,recipes,easy recipes,yt:cc=on,dessert recipe,dessert,french fries recipe,Easy,Recipes,Simple recipes,cooking,kitchen,yummy food,make,bake,cooking kun,potato snacks recipes,sweet sweet potato recipe,sweet potato dishes,sweet potato baked,sweet potato chips",26,en,PT3M24S,2d,hd,true,1826,46,0,10,public,youtube,True,False,"https://en.wikipedia.org/wiki/Food,https://en.wikipedia.org/wiki/Lifestyle_(sociology)",https://i.ytimg.com/vi/F6YhhNzc2gs/maxresdefault.jpg,thumbnails/CookingKun/F6YhhNzc2gs.jpg
"노영희의 철든 부엌, YoungHee's Kitchen",UCEX7K2E5FN-v_uEqZuiYN3g,UBc-efSX464,"왕초보를 위한 기초요리 시리즈/ 초간단 봄 디저트, 쑥튀김  “A super easy 10 minute spring dessert: crispy deep fried mugwort”","지난 주 도디리쑥국 많이 해드셨나요? 이번 주는 쑥튀김이예요. 재료도 정말 간단하고, 십분이면 뚝딱 만들 수 있는 봄에만 먹을 수 있는 봄디저트. 정말 봅 향기를 그대로 즐기는 초간단 봄 디저트입니다. 봄 향기를 드셔보세요^^ 

쑥튀김
재료(4인분)
쑥 50g
찹쌀가루 2/3컵
소금 약간
식용유 적당량
잣가루 약간
만들기
1. 쑥 손질하기 
쑥은 밑동을 잘라내고 씻어서 물기를 턴다.

2. 식용유 불에 올려 예열하기 
식용유를 튀김 냄비에 부어서 불에 올린다.

3. 튀김옷 만들기 
물기를 턴 쑥에 찹쌀가루를 1/3컵 넣고 물을 살짝 뿌려 찹쌀가루를 묻힌다. 소금을 뿌려 간한 뒤 남은 찹쌀가루를 넣고 버무린다,

4. 튀기기 
찹쌀가루를 고루 묻힌 쑥을 예열된 식용유에 넣어 튀긴다. 하얗게 꽃이 피듯 튀기는 것이 포인트. 건져서 뜨거울 때 소금을 뿌린다.

5. 그릇에 담기 
그릇에 담고 잣가루를 살짝 뿌린다.

Mugwort Fritters
Ingredients (serves 4)
• Mugwort 50 g
• Glutinous rice flour 2/3 cup
• A pinch of salt
• Cooking oil, as needed
• Ground pine nuts, a little

Instructions
1. Preparing the mugwort
Trim off the tough ends of the mugwort, wash it, and shake off the excess water.
2. Preheating the oil
Pour cooking oil into a deep frying pot and heat it up.
3. Making the batter
Put 1/3 cup of glutinous rice flour onto the mugwort with the moisture shaken off, sprinkle a little water over it, and coat the mugwort with the flour. Season with salt, then add the remaining glutinous rice flour and toss to coat evenly.
4. Deep frying
Put the flour coated mugwort into the preheated oil and deep fry. The key is to fry it until the coating blooms and turns a pale white color, like flowers opening. Take it out and sprinkle with salt while it is still hot.
5. Plating
Transfer to a plate and lightly sprinkle with ground pine nuts.


* 영상은 매주 목요일 업로드 됩니다 
* 좋은 레시피로 좋은 분들과 멋진 시간 즐기세요 
* 구독과 좋아요 부탁드려요 
* 궁금한 부분 댓글도 언제나 환영합니다. 

비즈니스문의 minkkim001@thecrew2023.com 
02rohyh@gmail.com 
Roh02s 그릇 서울 강남구 삼성로 126길 6 보고재빌딩 1층 

• #쑥튀김 #바사삭 #바삭 #봄디저트 #봄향기 #봄내음 #봄맛 #통영맛 #온가족건강요리 #지금이제철 #주말요리 #주말집밥 #주말에뭐해먹지? #왕초보요리 #눈이즐겁고 #속도편하고 #입맛되살리는 #최고다이어트식 #해장국 #복을빌어요 #속이따뜻한요리 #다이어트추천요리 #면역력요리 #간에보약 #정말쉬워요 #맛있어요 #약아님요리예요 #참맛있어요 #여름제철요리 #노영희의_철든부엌 #제철재료 #품격한식 #정말쉬워요 #최고의미식 #여름별미 #건강한맛 #이번주요리 #구독과좋아요^^ #매주목요일업로드 #알고싶은요리다있음 #랜선쿠킹클래스 #KoreanSideDish #GarlicChive #PerillaLeaf #HealthyFamilyMeal #SeasonalRecipe #WinterRecipe #WeekendCooking #HomeCooking #EasyKoreanFood #DietFriendly #ComfortFood #HangoverFood #ImmuneBoosting #KoreanHealthyFood #SummerTonic #LiverHealth #SoEasy #SoTasty #KoreanCuisine #TraditionalKoreanFood #HealthyAndDelicious #SeasonalIngredients #KFood #CookingClass #SubscribeAndLike #Koreanfood #Hansik #gimbaq # Ricesoup #weekendcooking #koreancookking #deepfriedmugwort
#crispy, #crunchy #springdessert #scentofspring / #springfragrance#smellofspring / #springaroma #tasteofspring / #springflavor",2026-03-26T06:00:15Z,,26,ko,PT6M33S,2d,hd,true,1669,83,0,17,public,youtube,True,False,"https://en.wikipedia.org/wiki/Food,https://en.wikipedia.org/wiki/Lifestyle_(sociology)",https://i.ytimg.com/vi/UBc-efSX464/hqdefault.jpg,thumbnails/노영희의철든부엌YoungHeesKitchen/UBc-efSX464.jpg
나나 Nanasserie,UCAsHJbPbGENF_KJYhcdV0dw,KoNdlEKLFYg,"성수 맛집에서 요즘 유행하는 거 다 먹어보기✨ | 찐맛 두바이 초코바게트 발견! 버터떡 만들기, GRWM, 메디큐브 팝업, 기초템 추천","#성수 #성수맛집 #버터떡
#초코바게트 #gwrm #나나 

안녕하세요 여러분 :)
오늘은 성수 맛집도 다니고
집에서 버터떡도 만드는 일상을 가지고 왔어요!
소소하게 요즘 새로 바꾼 화장품도 소개해보고
메디큐브 팝업도 다녀왔는데 예쁜 제품들이 진짜 많더라구요🌷
거기에다 찐맛 두바이 초코 바게트와
프렌치토스트 맛집까지 발견하고요😍
그럼 오늘 영상도 봐주셔서 정말 감사하고
우린 다음 영상에서 만나요💖

🥐버터떡 레시피🥐

버터 30g
우유 210ml
건식 찹쌀가루 160g
타피오카전분 40g
계란 1개
설탕 60g
바닐라익스트랙 1작은술
소금 1g

1. 계란과 우유는 실온 보관한다
2. 버터는 녹인다
3. 타피오카전분, 찹쌀가루는 체쳐둔다
4. 계란과 설탕을 섞고 우유와 
녹인 버터를 넣어 섞고 가루류를 모두 넣어 섞고
바닐러익스트랙트, 소금을 넣고 섞는다
5. 반죽을 체에 거른다
6. 버터칠을 꼼꼼히 한 틀에 반죽을 붓는다
(마들렌틀, 밤마들렌틀, 휘낭시에틀 다 가능)
7. 180도 미리 예열한 오븐에서 30분 굽고 뒤집어서 10분 굽는다
8. 식혀서 연유와 먹으면 끝!

00:00 인트로
00:15 성수맛집, 메디큐브행사
05:43 나이트케어 루틴, 치아관리
08:13 기초제품 추천
10:13 순살게장덮밥
10:38 버터떡 만들기
12:24 GRWM
20:34 석촌 맛집, 미크 프렌치토스트, 팡즈

🌷Instagram: @nanasserie
🌷E-mail: nanasserie@dmil.kr​​

Height: 158cm
Camera: Canon m50, I-phone 16Pro
Edit Program: Premiere Pro 2020


🎵Music provided by 브금대통령
🎵Track : 버섯마을 - https://www.youtube.com/watch?v=iNZqY3NJ5SM  
🎵Track : 나비와 강아지 - https://www.youtube.com/watch?v=5JK7OWpUc-4
🎵Music provided by 브금대통령
🎵Track : 붕어빵 -    • [배고파지는 귀여운음악] 붕어빵 💕
https://www.youtube.com/watch?v=Id_qRi0WjAY

🎬Produced by Nana",2026-03-26T12:30:22Z,"나나,nanasserie,브이로그,vlog,성수 맛집,성수 팝업,성수 핫플,서울 브이로그,성수 브이로그,메디큐브,버터떡 만들기,초코바게트,성수카페,성수 빵집,성수 맛집 추천,기초템 소개,gwrm,초코바게트 맛집,Seongsu Vlog,Seoungsu",22,ko,PT22M22S,2d,hd,true,7061,167,0,28,public,youtube,True,False,"https://en.wikipedia.org/wiki/Food,https://en.wikipedia.org/wiki/Lifestyle_(sociology)",https://i.ytimg.com/vi/KoNdlEKLFYg/maxresdefault.jpg,thumbnails/나나Nanasserie/KoNdlEKLFYg.jpg
포크밸리-부경양돈농협,UCgf50OM3In2c5bBXXS0YTQw,CfCVDZ7bJro,[양돈교육] 자·육·비 구간의 사양관리 2강 – 이유자돈의 영양 관리,"자·육·비 구간의 사양관리 2강
 : 이유자돈의 영양 관리

문의 : 양돈종합지원실 055-320-4737",2026-03-20T02:45:00Z,,26,ko,PT11M26S,2d,hd,false,115,2,0,0,public,youtube,True,False,https://en.wikipedia.org/wiki/Knowledge,https://i.ytimg.com/vi/CfCVDZ7bJro/maxresdefault.jpg,thumbnails/포크밸리-부경양돈농협/CfCVDZ7bJro.jpg
피기보이 PiggyBoy,UC4yDkTiEcy3hJ9LfCdx9Pkw,CQtuPuP7Q0o,굳지않는 떡? 입 안에서 터지는 쫀득한 꿀떡 만드는 과정 making rice cake factory mass production factory- korean street food,"굳지않는 떡! 입 안에서 톡톡 터지는 쫀득한 꿀떡,바람떡 만드는 과정 making rice cake factory mass production - korean street food

직접 발로 뛰며 맛있는 음식을 촬영하는 피기보이입니다.
항상 더 나은 영상을 만들도록 노력하겠습니다.
영상 재밌고 맛있게 봐주시면 감사하겠습니다!

Shooting videos all about street food traveling abroad.
Always trying to make good quality videos.
Hope to watch my videos deliciously!
--------------------------------------------------------------------------------
* 매장 정보 *
🧡[위치] - 충남 청양군 운곡면 청신로 889 (보약떡집), 대한민국
💛[가격]
 - 꿀떡 500g KRW 5,900 (USD 4.0)
 - 바람떡 500g KRW 5,900 (USD 4.0)
 - 꿀떡 500g 2팩 KRW 9,900 (USD 6.7)
 - 바람떡 500g 2팩 KRW 9,900 (USD 6.7)

💙[특가 구매링크] - https://link24.kr/C0BXjxd
💌피기보이 이메일 - piggyboy44@gmail.com",2026-03-13T15:16:52Z,"한국 길거리 음식,korean street food,yt:cc=on,보약떡집,바람떡,꿀떡,굳지않는떡,꿀떡 맛집,바람떡 맛집,korean traditional rice cake,rice cake,korean tteok,ggultteok,making tteok",19,ko,PT10M52S,2d,hd,true,65126,333,0,11,public,youtube,True,False,"https://en.wikipedia.org/wiki/Food,https://en.wikipedia.org/wiki/Lifestyle_(sociology)",https://i.ytimg.com/vi/CQtuPuP7Q0o/maxresdefault.jpg,thumbnails/피기보이PiggyBoy/CQtuPuP7Q0o.jpg
요리공수,UC0RNImusMRXzxoY598EYb0w,ZZUozHfYtT4,모두 구독자분들 덕분 입니다❤️,"생방송투데이
결국 타버린 나🔥
그리고 요리공수 업장 '고기스타 망치'

하루아침에 만들어진 결과는 아닙니다.
5년동안 한길을 걸었습니다.
장사만 한 게 아니라
'나' 와 '내마장을 알리는 일을
단 하루도 소홀히 하지 않았습니다.

메뉴 하나를 만들어도
이야기가 있어야 했고,
고기 한점을 구워도
기술이 있어야 했습니다.

이건 운이 아닙니다.
쌓아온 시간의 결과입니다.

작게 시작해도 
방향이 맞으면
결국 기회는 옵니다.

이제 시작입니다.
요리공수를 응원해주셔서 감사합니다!",2025-12-20T07:00:37Z,"요리공수,토마호크,토마호크스테이크,생방송투데이,이천맛집,스테이크맛집,이천아울렛맛집,연탄불고기",26,ko,PT6M34S,2d,hd,false,1833,65,0,17,public,youtube,True,False,"https://en.wikipedia.org/wiki/Food,https://en.wikipedia.org/wiki/Lifestyle_(sociology)",https://i.ytimg.com/vi/ZZUozHfYtT4/maxresdefault.jpg,thumbnails/요리공수/ZZUozHfYtT4.jpg
서하얀 seohayan,UC8Em6JHKZVbPf529G4nFAYw,BsVjW3j30t4,봄맞이 집 청소 같이 해요✨🌿 (침실·욕실 루틴),"안녕하세요, 서하얀입니다🤍

이번 영상은 봄을 맞아
침실과 욕실을 정리하는 저의 청소 루틴을 담아봤어요🙂

침구를 가볍게 정리하고 관리하는 방법부터,
바닥을 깔끔하게 정돈하는 과정까지 차근차근 담았고요✨

매일 사용하는 욕실도더 산뜻하게 유지할 수 있도록
제가 평소에 하는 청소 방법들을 함께 정리해봤습니다🧼

평소에 집을 어떻게 관리하는지 궁금하셨던 분들께
가볍게 참고가 되었으면 좋겠습니다🤍

오늘도 함께해주셔서 감사합니다🙏

⏰타임라인⏰
00:00 인트로
00:54 침구관리법
07:37 바닥 청소 꿀팁🧹
10:02 욕실 청소 루틴
15:01 클로징

#서하얀 #임창정 #봄맞이 #봄맞이청소 #청소 #집청소 #침실청소 #욕실청소 #변기청소 #하수구청소 #화장실청소 #청소루틴 #청소꿀팁 #청소꿀템 #침구관리 #호텔침구 #침구갈기 #침구교체 #바닥청소 #수면꿀팁

🧹문의: hayansday@gmail.com",2026-03-27T09:00:14Z,"서하얀,임창정,육아브이로그,현실육아,워킹맘,패션,뷰티,라이프스타일,요리,육아,키즈",22,ko,PT15M27S,2d,hd,false,5087,142,0,10,public,youtube,True,False,"https://en.wikipedia.org/wiki/Hobby,https://en.wikipedia.org/wiki/Lifestyle_(sociology)",https://i.ytimg.com/vi/BsVjW3j30t4/maxresdefault.jpg,thumbnails/서하얀seohayan/BsVjW3j30t4.jpg
산으로 간 달건 Mountain Gangster,UCZyGlONQHfpRicS_yrQB09A,62468LpAPBI,잠시 음방,"#산으로간달건 #억달이형 #그들이사는세계 #비열한삼거리 #허미노 #잡솨 #애주가pd #술먹방#소통 #낭만 #명현만 #추성훈 #네플렉스 #김형인 #박쥐 #임종문 
#성시경",2026-03-27T00:44:47Z,,24,ko,PT27M7S,2d,hd,false,2462,23,0,0,public,youtube,True,False,,https://i.ytimg.com/vi/62468LpAPBI/hqdefault.jpg,thumbnails/산으로간달건MountainGangster/62468LpAPBI.jpg
ㅤ거제도 최군의 횟집 TV,UCKgCNBPk4lDIOquq17Jwg_g,-UZe3My0G-8,도다리 쑥국을 봄에 먹는 이유??,정답 : 쑥이 제철입니다.^^,2026-03-27T03:00:00Z,,24,ko,PT16M51S,2d,hd,false,2353,114,0,10,public,youtube,True,False,"https://en.wikipedia.org/wiki/Food,https://en.wikipedia.org/wiki/Lifestyle_(sociology),https://en.wikipedia.org/wiki/Pet",https://i.ytimg.com/vi/-UZe3My0G-8/maxresdefault.jpg,thumbnails/ㅤ거제도최군의횟집TV/-UZe3My0G-8.jpg
박마담 parkmadam 뻔한인생주막 ,UCsZciD5J7zXGBfpqHebz_eA,LVNVp_slKm0,베트남하노이#깁스15일차#오징어#호텔계약#초밥박마담#금주#혼술#먹방#parkmadam#korean#mukbang,"채널에 가입하여 혜택을 누려보세요.
https://www.youtube.com/channel/UCsZciD5J7zXGBfpqHebz_eA/join",2026-03-27T08:45:03Z,,24,en,PT5H19M7S,2d,hd,false,7322,218,0,2,public,youtube,True,False,"https://en.wikipedia.org/wiki/Food,https://en.wikipedia.org/wiki/Lifestyle_(sociology)",https://i.ytimg.com/vi/LVNVp_slKm0/hqdefault.jpg,thumbnails/박마담parkmadam뻔한인생주막/LVNVp_slKm0.jpg
금손주부 goldenhands jubu,UCqrxs9zXnkSKKJY75CjrXCg,zq_HJuEB4wg,"직장인 필수템 신박한 텀블러 자취생 필수템 텀플렌더 하나로 해결 건강주스 바로 만들어 마시세요 텀블렌더, 텀블러, 블렌더","텀블러와 블렌더가 한번에!

https://smartstore.naver.com/ohjin/products/12337743461

##자취필수템 #신박템 #건강주스 #믹서기추천 #오진양행",2026-03-21T08:57:32Z,"추천템,신박템,오진양행,믹서기,직장인필수템,운동필수템,자취필수템,등하교필수템,출퇴근필수템,텀블렌더출시,신제품출시",26,ko,PT3M12S,2d,hd,false,746,12,0,1,public,youtube,True,False,"https://en.wikipedia.org/wiki/Food,https://en.wikipedia.org/wiki/Lifestyle_(sociology)",https://i.ytimg.com/vi/zq_HJuEB4wg/maxresdefault.jpg,thumbnails/금손주부goldenhandsjubu/zq_HJuEB4wg.jpg
승희얌 Yum,UCKA8TG2vauEYRHSQtzbBO4w,jXPB6RVLdBg,"[먹방브이로그] 엽기닭발을 먹는 사람들을 질투하고 시기하고..👿 (무뼈국물닭발, 묵은지김치찜, bbq 뿜치킹, 불닭게티, 쭈꾸미, 곱도리탕)","〰타임라인〰
00:00 [닭발에미치다] 무뼈국물닭발
04:16 [bbq] 뿜치킹
07:28 승쿡🍚 묵은지김치찜!
10:31 [계근상] 곱도리탕
13:27 [두암골세꼬시] 제철 쭈꾸미🐙
14:30 불닭게티와 남은치킨

📌인스타 ID : 010_sh_yum
📌욕설 및 비난하는 내용의 댓글은 신고 및 삭제됩니다.

출처
🎵Music provided by 브금대통령
🎵Track : 사르르 녹는 귀여운 bgm 모음 3탄! -
https://www.youtube.com/watch?v=czajaQpTBds&t=0s

🎵Music provided by 브금대통령
🎵Track : 귀여운 BGM 모음 -
https://www.youtube.com/watch?v=hgNrf9QqAA0&t=0s

🎵Music provided by 브금대통령
🎵Track : 귀여운 음악 모음집 4
https://www.youtube.com/watch?v=xBZQ8hDtXZo&t=0s

🎵Music provided by 브금대통령
🎵Track : 웃긴 BGM 모음집 2탄 -
https://www.youtube.com/watch?v=UGuVT0I-wZ4&t=0s

#먹방브이로그 #브이로그 #먹방

✉️ : shyum517@treasurehunter.co.kr",2026-03-23T12:15:37Z,"먹방브이로그,브이로그,먹방,엽기국물닭발,국물무뼈닭발,곱도리탕,계근상,김치찜,쭈꾸미,불닭게티,뿜치킹",22,ko,PT17M27S,2d,hd,false,16459,199,0,38,public,youtube,True,False,"https://en.wikipedia.org/wiki/Food,https://en.wikipedia.org/wiki/Lifestyle_(sociology)",https://i.ytimg.com/vi/jXPB6RVLdBg/maxresdefault.jpg,thumbnails/승희얌Yum/jXPB6RVLdBg.jpg
또딘또딘,UC5MEyyTTlz8d9M4AkpWx32Q,WYTW7wZNPHQ,또딘또딘의 10만번째 구독자를 찾습니다!!!!!!!,,2026-03-27T15:37:39Z,,22,ko,PT2H46M12S,2d,sd,false,11059,649,0,36,public,youtube,True,False,,https://i.ytimg.com/vi/WYTW7wZNPHQ/maxresdefault_live.jpg,thumbnails/또딘또딘/WYTW7wZNPHQ.jpg
살림맨,UC7jL5tY32fARwuQf8y3lyXg,ZEyU_X-TpUk,코스트코 도대체 왜 이제 나온건가요?🥫 연회비는 이렇게 뽑아야죠! 이번 신상 이건 꼭 드셔보세요🙌🏻 코스트코 푸드코트 겨냥하여 등장한 핫도그 실화?🌭🙅🏻‍♂️,"본 콘텐츠는 블랙포레 광고를 포함하고 있습니다

#코스트코 #코스트코신상 #코스트코추천

코스트코 도대체 왜 이제 나온건가요?🥫 연회비는 이렇게 뽑아야죠! 이번 신상 이건 꼭 드셔보세요🙌🏻 코스트코 푸드코트 겨냥하여 등장한 핫도그 실화?🌭🙅🏻‍♂️ 

산마르자노 토마토 - 16,990원
존쿡델리 핫도그 소세지 - 13,790원
블랙포레 루트파워 샴푸 - 24,990원 👉🏻 19,990원
(4월 12일까지 - 5천원 할인행사 진행중)
믹스넛 스프레드 - 12,490원
딸기 바움쿠헨 - 18,490원
와규육포 - 16,990원

26년 3월 코스트코 고척점 기준이니 이 점 참고 부탁드리고, 세일기간은 제품별로 상이할 수 있습니다.

국매 유명 탈모 커뮤니티 ""대다모""에서 1등 탈모완화샴푸로 요즘 탈모인들에게 엄청 핫한 샴푸인데요🧴
4월 12일까지 5천원 세일된 19,990원에 겟하실 수 있습니다🙌🏻

🥫 에그인헬 레시피 👨🏻‍🍳
올리브오일 두르고 마늘 6개(슬라이스) + 양파 1/4 + 페퍼론치노 3개(선택) 볶다가
산 마르자노 토마토 1캔(800g) 넣고 으깨며 끓이기 
계란 4개 톡 + 바질 올려 익히면 끝! 🔥

🎁이벤트 안내
댓글에 블랙포레 루트파워 샴푸 기대평을 남겨 주시면 추첨 통해 블랙포레 500ml 샴푸를 10분께 보내드립니다 🎁

그리고 어제부터 시작된 퓨도토 올리브오일 공구가 진행중입니다✨

아래 링크에서 가격 및 구성과 자세한 내용 확인 가능하오니 아래 링크 확인 부탁드립니다✅

⬇️🫒퓨도토 올리브오일 구매링크🫒⬇️
https://bit.ly/4627ET4

📅공구기간
3월 26일~ 3월 30일 (5일간)

그럼 오늘 영상 시청도 정말정말 감사드리고~ 블랙포레 이벤트 많은 참여 부탁드립니다!

영상이 도움이 되셨다면 구독 좋아요 알림설정 잊지마세요~

이번 주말도 행복한 한주되세요~

감사합니다🩷

바이~

#블렉포레 #루트파워샴푸 #탈모샴푸 #코스트코샴푸추천 #코스트코샴푸",2026-03-27T11:00:00Z,"살림브이로그,살림 브이로그,살림,요리,청소,코스트코,코스트코 추천템,코스트코추천템,코스트코 추천,코스트코추천,코스트코브이로그,코스트코 브이로그,코스트코 꿀템,costcohaul,costco haul,코스트코 고기,코스트코 음식,코스트코 먹을것,코스트코 요리,코스트코 장보기,장보기,마트,생활,생활용품,생활용품 리뷰,리뷰,제품 리뷰,생활 제품,요리 브이로그,일상 브이로그,퓨도토올리브오일,올리브오일,올리브오일추천,코스트코 올리브오일,코스트코 올리브오일 추천,올리브오일 공동구매,퓨도토,이탈리아 올리브오일,엑스트라버진,엑스트라버진올리브오일",22,ko,PT14M10S,2d,hd,false,26069,401,0,40,public,youtube,True,False,"https://en.wikipedia.org/wiki/Food,https://en.wikipedia.org/wiki/Lifestyle_(sociology)",https://i.ytimg.com/vi/ZEyU_X-TpUk/maxresdefault.jpg,thumbnails/살림맨/ZEyU_X-TpUk.jpg
로빈의밥상,UCMSz_yah88yZMC6js2p149A,0sJSHNm4JoI,요새 피로가 안풀린다면 꼭 드세요! 갱년기에 가장 좋은 요리,"#전복죽 #전복손질 #로빈의밥상
여러분 몸에 좋은 전복죽 드셔보신적 있으시죠?
그런데 사먹으려면 전복 조금 넣고 15000원은 기본으로 받잖아요?
그래서 집에서 한번 끓여 먹으려고 하면 엄두가 안나는데요.
전복 손질이 어려워서가 아닙니다.
전복 손질에 기준이 없어서 그래요.

하루 200알 넘게 닦아본 사람이 알려드리는 전복 손질.
오늘 영상 하나로 평생 기준 잡아드릴게요.

사 먹는 것보다 진하고,
전복죽 파는 곳도 모르는 비법까지
다 알려드리겠습니다.

[재료 계량]
전복 6
당싹미(또는 현미) 500g
물 2L
물미역 적당량
삼분육수 3
블루베리 와인 소금 2꼬집
미림 반 큰술
참기름 1.5큰술
올리브오일 1큰술
무염버터 100g 이상
깨소금 적당량

[만드는 방법]
1. 전복 발 부분을 빡빡한 솔로 한 방향으로만 밀어서 닦는다
2. 하얗게 보일 때까지 닦아야 때가 완전히 제거된다
3. 뜨거운 물에 껍질 아래만 잠기게 3~4분 담근다
4. 숟가락으로 둥근 부분 반대쪽에서 밀어 살을 분리한다
5. 내장은 손으로 떼어내고 모래주머니와 입은 제거한다
6. 내장에 미림 반 큰술 넣고 곱게 갈아둔다
7. 전복살은 뜨거운 물에 2~3분 데쳐 식도까지 제거한다
8. 당싹미는 가볍게 헹궈 물 2L와 함께 끓인다
9. 끓으면 삼분육수 3알, 소금 2꼬집 넣고 중불로 줄인다
10. 물미역은 민물에 살짝 녹여 잘게 썰어 넣는다
11. 갈아둔 내장을 넣고 15~20분 더 끓인다
12. 참기름, 올리브오일 넣고 한 번 더 끓인다
13. 불 끄고 버터 100g 이상 넣어 녹이며 섞는다
14. 데친 전복을 슬라이스해서 올리고 깨소금 뿌린다

로빈의밥상 식구님들,
전복죽이 비싸서 못 먹는 게 아니라 손질 기준이 없어서 못 만드는 겁니다.
오늘 알려드린 대로 하시면 사 먹는 것보다 진하고 전복도 넉넉하게 드실 수 있어요.

몸이 안 좋으시거나 기력이 떨어지신 분들,
오늘 이 전복죽 한 그릇이면 됩니다.
사 먹는 거랑은 정성이 다르잖아요.

멤버십에서는 평소에 못 했던 뒷이야기,
라이브 돌려보기, 더 깊은 내용의 영상까지
가장 먼저 만나보실 수 있습니다.
생활 기준 더 배우고 싶으신 분들은 멤버십에서 만나요.
👉 https://www.youtube.com/channel/UCMSz_yah88yZMC6js2p149A/join

ⓒ 로빈의밥상 All Rights Reserved.
본 영상의 콘텐츠(영상, 이미지, 음성, 자막 등)는 저작권법의 보호를 받으며,
무단 전재, 복제, 배포, 2차 가공을 금합니다.

[챕터]
00:00 인트로
01:07 전복 손질 기준 잡기
04:36 당싹미와 전복죽 준비
07:53 전복 신선도 확인하는 법
08:27 전복죽 본격 조리
12:08 전복 슬라이스와 미역 손질
16:01 전복의 영양과 효능
18:00 전복죽 맛내기 핵심 팁
21:13 버터로 풍미 올리는 법
24:35 마무리와 따뜻한 한마디

#AbaloneRicePorridge #AbaloneCleaning #RobynTable
Have you ever given up trying to make abalone porridge at home?

It's not because cleaning abalone is hard.
It's because you didn't have the right standard for cleaning abalone.

I'm sharing abalone cleaning tips from someone who's cleaned over 200 abalones a day.
This one video will set your standard for life.

Richer than what you buy at restaurants,
and I'll even share secrets that abalone porridge shops don't know.

[Ingredients]
Abalone 6
Dangssakmi (or brown rice) 500g
Water 2L
Fresh seaweed as needed
Sambun stock cubes 3
Blueberry wine salt 2 pinches
Mirin 1/2 tbsp
Sesame oil 1.5 tbsp
Olive oil 1 tbsp
Unsalted butter 100g or more
Roasted sesame seeds as needed

[Directions]
1. Scrub the abalone's foot with a stiff brush in one direction only
2. Keep scrubbing until you see the white flesh clearly
3. Place in hot water with just the shell submerged for 3-4 minutes
4. Insert a spoon on the opposite side of the round part and push to separate the meat
5. Pull off the intestines by hand and remove the sand sac and mouth
6. Blend the intestines with 1/2 tbsp mirin until smooth
7. Blanch the abalone meat in hot water for 2-3 minutes and remove the esophagus
8. Rinse Dangssakmi lightly and boil with 2L of water
9. Once boiling, add 3 stock cubes and 2 pinches of salt, then reduce to medium heat
10. Thaw fresh seaweed briefly in fresh water and chop finely before adding
11. Add the blended intestines and simmer for 15-20 more minutes
12. Add sesame oil and olive oil, then bring to a boil once more
13. Turn off heat and stir in at least 100g of butter until melted
14. Slice the blanched abalone, place on top, and sprinkle with roasted sesame seeds

Dear Robyn's Table family,
It's not that abalone porridge is too expensive to make.
It's that you didn't have the right standard for cleaning abalone.
Follow today's method and you'll have richer porridge with more abalone than any restaurant.

If you're feeling under the weather or low on energy,
one bowl of this abalone porridge is all you need.
There's a difference between buying food and making it with care.

Join the membership for behind-the-scenes stories,
live stream replays, and exclusive in-depth content.
If you want to learn more life standards, let's meet in the membership.
👉 https://www.youtube.com/channel/UCMSz_yah88yZMC6js2p149A/join

ⓒ Robyn's Table All Rights Reserved.
All content in this video (video, images, audio, subtitles, etc.) is protected by copyright law.
Unauthorized reproduction, copying, distribution, or modification is prohibited.",2026-03-27T09:00:04Z,,26,ko,PT26M17S,2d,hd,true,9345,494,0,15,public,youtube,False,False,"https://en.wikipedia.org/wiki/Food,https://en.wikipedia.org/wiki/Lifestyle_(sociology)",https://i.ytimg.com/vi/0sJSHNm4JoI/maxresdefault.jpg,thumbnails/로빈의밥상/0sJSHNm4JoI.jpg
고기아재 GogiAzae,UCTnh0emT-bCQDQY_9q5yeEg,mV0hih2AWYg,고깃집 사장님들이 점심 장사를 포기하는 이유,"점심시간인데… 고깃집에 불이 꺼져 있습니다.

""점심 장사 안 합니다""

예전엔 상상도 못 했던 말이 지금은 현실이 됐습니다.
하루 매출의 절반을 책임지던 점심 장사를
사장님들이 스스로 포기하고 있습니다.

도대체 왜 이런 일이 벌어지고 있을까요?

✅ 오늘 영상에서 다루는 내용
- 수십 년간 유지된 고깃집 공식이 왜 무너졌는가
- 점심 장사를 포기하게 만드는 3가지 핵심 이유
- 인건비·재료비·회전율… 숫자로 보는 현실
- 외식업의 미래, 앞으로 어떻게 바뀌는가

10팀을 받아도 남는 게 없는 구조.
잘못하면 매출이 아니라 손실이 되는 시간.

지금 고깃집의 점심은
""하면 좋은 시간""이 아니라
""하면 위험한 시간""이 되어버렸습니다.

외식업 전체가 흔들리는 지금,
살아남는 장사의 조건이 완전히 바뀌고 있습니다.

👇 요즘 주변 식당, 점심 장사 줄어든 것 같으신가요?
댓글로 여러분의 생각을 남겨주세요!

----------------------------------
🔔 구독과 좋아요는 더 좋은 콘텐츠를 만드는 힘이 됩니다
---------------------------------

#고깃집 #점심장사 #외식업현실 #자영업 #소상공인
#고깃집사장님 #외식업트렌드 #자영업현실 #점심영업포기
#인건비 #물가상승 #외식업위기 #삼겹살 #식당운영
#자영업자 #장사현실 #외식창업 #회전율 #점심특선
#장사트렌드 #식당창업 #요식업 #외식업변화 #자영업꿀팁

✅️맛집추천 및 문의(GogiAzae contact E-mail) : meatuncle@naver.com

▶️고기아재 GogiAzae는 다양한 맛집과 고기꿀팁의 정보를 공유합니다!
영상이 유익하였다면 ""구독과좋아요"" 부탁드립니다~^^

Hello. This is a channel that introduces the most common food and restaurants in korea. Thank you for visiting my channel. Have a good time and feel free to subscribe my channel.",2026-03-25T10:01:09Z,"고기아재,맛집,돼지갈비,소갈비,갈비,갈비찜,고기,육식,고기요리,고기매니아,고기먹방",25,ko,PT8M58S,2d,hd,false,2303,51,0,10,public,youtube,True,False,"https://en.wikipedia.org/wiki/Food,https://en.wikipedia.org/wiki/Lifestyle_(sociology)",https://i.ytimg.com/vi/mV0hih2AWYg/maxresdefault.jpg,thumbnails/고기아재GogiAzae/mV0hih2AWYg.jpg
Melfe Borga,UC8Qbtlhyos3F4DTS3RcuyGw,lO0QLdbtCFg,Ito na ngayon ang breed ko sa Kanawayon Hatch,"Mga pa sisiw ko Kanawayon Hatch ang linyada
#subscribers #backyard #pets #farming #breeding #livestock",2026-03-06T04:00:56Z,"Sisiw,Chicken chicks,Brooder for Day ol chick,Farmer,backyard,Chickens,Animals,Pet caring,Petcare,Raising Chickens",24,fil,PT34S,2d,hd,false,517,29,0,5,public,youtube,True,False,"https://en.wikipedia.org/wiki/Lifestyle_(sociology),https://en.wikipedia.org/wiki/Pet",https://i.ytimg.com/vi/lO0QLdbtCFg/maxresdefault.jpg,thumbnails/MelfeBorga/lO0QLdbtCFg.jpg
보링이섬,UC_hQ4MSYn_u1ET2R-UoQiaQ,esJQttb1kEI,쿠킹덤 쿠키들의 상쾌한 아침 (블사의 여정 S 8화),#cookierunkingdom #쿠키런 #쿠키런킹덤 #쿠킹덤 #cookierun #crk #쉐도우밀크 #쉐도우밀크쿠키 #쉐밀,2026-03-28T05:00:24Z,,20,ko,PT3M3S,2d,hd,false,45,2,0,2,public,youtube,True,False,https://en.wikipedia.org/wiki/Video_game_culture,https://i.ytimg.com/vi/esJQttb1kEI/maxresdefault.jpg,thumbnails/보링이섬/esJQttb1kEI.jpg
정인성의 커피생활,UCKOPS30hZVdViQLq3UIcgzQ,AGXyD8sNjlA,커피 좋아하신다면 지금 당장 이곳을 방문하셔야 합니다! (2026 코리아커피위크),"물방울 여러분
이번 영상은 더 현대 서울에서 열린 2026 코리아 커피위크 팝업 행사장에 다녀왔습니다
방문하고 싶었지만 방문하지 못한 분들 혹은 방문 예정이신 분들은 영상 참고해 보시면 좋을것 같아요
영상촬영에 도움주신 많은 분들께 감사의 인사를 전합니다

저희는 다양한 커피문화를 존중하며
여러분들의 즐거운 커피생활을 응원합니다

룰커피 인스타그램
http://instagram.com/lullcoffee_
정인성 인스타그램
http://instagram.com/inssong_jung
 커피 구매 룰커피 스마트스토어
http://smartstore.naver.com/lullcoffee

커피원두 공급을 원하시는 사업자 회원 분들 (룰프렌즈)
혹은 광고, 협찬, 협업 관련은
카카오채널 “룰커피” , 인스타그램 메시지 or lullcoffee@naver.com 으로 연락주세요

00:00 시작
00:26 코리아커피위크
02:30 핸드드립 스페셜 클래스
02:49 더 밀크
03:15 커피몽타주
04:09 필그림커피
04:57 메뉴팩트커피
05:44 헤베커피
06:38 리프레쉬랩
06:58 폰트커피
07:47 마그마커피
08:40 나무사이로
09:25 유의미커피로스터즈
10:19 파스텔커피웍스
11:27 로우키커피
13:00 클라리멘토
14:32 커피스니퍼
16:23 기미사
16:33 마지막으로

#커피팝업 #커피색은블루 #코리아커피위크",2026-03-18T16:00:15Z,"커피,카페,스페셜티커피,커피팝업,팝업,더현대서울,코리아커피위크,커피색은 블루,2026 코리아커피위크,코리아 커피위크 더 현대,더현대서울 커피 팝업,커피 팝업,커피행사,로스팅,홈카페,하리오,로우키커피,스페셜티커피 로스터리,커피 행사,정인성의 커피생활,카페쇼,커피엑스포,커피팝업 더 현대",22,ko,PT17M55S,2d,hd,false,4444,110,0,21,public,youtube,True,False,"https://en.wikipedia.org/wiki/Food,https://en.wikipedia.org/wiki/Lifestyle_(sociology)",https://i.ytimg.com/vi/AGXyD8sNjlA/maxresdefault.jpg,thumbnails/정인성의커피생활/AGXyD8sNjlA.jpg
꿈꾸는할멈,UCU-AygfHBqYREQpilArKHZA,esEgAN96wKs,412.봄맞이떡#쑥설기떡#봄#꿈꾸는할멈,"아래를 누르시면 블로그도 보실수있습니다.

쑥설기
https://m.blog.naver.com/yoriteacher/224223197874

봄맞이야기
https://m.blog.naver.com/yoriteacher/224226182447",2026-03-22T23:59:31Z,,22,ko,PT3M39S,2d,hd,false,3039,137,0,17,public,youtube,True,False,"https://en.wikipedia.org/wiki/Food,https://en.wikipedia.org/wiki/Lifestyle_(sociology)",https://i.ytimg.com/vi/esEgAN96wKs/maxresdefault.jpg,thumbnails/꿈꾸는할멈/esEgAN96wKs.jpg
루다 테이블 Luda Table,UCFacbDFmny-7iNdIOdb5mvA,DBn3Tb-rI08,아침 대신 토마토랑 계란을 이렇게 드세요! 갱년기에 좋은 10분만에 간단하고 맛있는 다이어트 레시피👍다이어트 식단,"🎁 영상에서 사용한 제품 정보는 자막 왼편을 터치하셔서 제품 보기를 클릭하시거나, 설명란에 더보기를 클릭하시면 보실 수 있습니다. 시청해 주셔서 감사합니다🙏😊❤️

✔️ 토마토와 당근을 기름에 볶아 흡수율을 높인 조합
✔️ 라이코펜 + 베타카로틴 + 단백질까지 한 번에
✔️ 속 편하고 부담 없는 아침 한 끼 / 다이어트 식단
✔️ 별거 아닌데 계속 생각나는 중독성 있는 맛
✔️ 밥 없이도 충분히 든든한 포만감 레시피



💡 꿀팁

✔️ 당근 먼저 볶기
→ 당근이 더 단단해서 먼저 익혀야 식감이 자연스럽게 맞음

✔️ 토마토는 완전히 무르기 직전까지만
→ 너무 죽이면 식감 없어지고 물만 많아짐

✔️ 자작해질 때 계란 투입
→ 수분 + 기름 + 단백질 조합으로 부드럽게 익음

✔️ 뚜껑 닫고 약불
→ 계란이 촉촉하게 익고 퍽퍽함 방지



🍳 만드는 법 
1.당근은 채 썰고, 토마토는 먹기 좋게 썰어줍니다.
2.팬에 올리브유를 두르고 다진 마늘을 먼저 볶아 향을 내주세요.
3.당근을 넣고 볶다가 살짝 투명해질 때까지 익혀줍니다.
4.토마토를 넣고 함께 볶아주세요.
5.토마토가 살짝 물러지면서 수분이 나와 자작해질 때까지 볶습니다.
6.계란 3개를 톡 깨서 올리고 뚜껑을 닫아주세요.
7.계란이 촉촉하게 익으면 완성입니다.



🍅재료
토마토 3~4개
계란 3개
당근 1개
올리브유
마늘
대파
소금, 후추


🍅I n g r e d i e n t s
3~4 tomatoes
3 eggs
1 carrot
Garlic
Green onion
Salt, Pepper



#토마토 #계란 
#집밥 #요리레시피
#요리 #레시피 
#다이어트요리 
#다이어트식단
#간단요리 
#건강요리
#recipe #cooking #food




⭐⭐ 함께 보면 좋은 다이어트 레시피 영상들 ⭐⭐

 https://youtu.be/1wmvO-6wAac

 https://youtu.be/JWiysX7uPrY

 https://youtu.be/6e6ymhQykWg

 https://youtu.be/-gHKE9ClK4g

 https://youtu.be/4DlLRQOjYVo





💌구독 www.youtube.com/@LudaTable
Copyright © 루다 테이블 Luda Table. All rights reserved.







⚠️이 영상의 콘텐츠는 정보 제공의 목적으로만 제공되며 전문적인 의학적 조언, 진단 또는 치료를 대체하기 위한 것이 아닙니다.
이 영상에 사용된 성분에 알레르기가 없는지 확인하시고 의학적 의문사항이 있는 경우 반드시 의사와 상의하십시오. 
이 채널은 이 영상과 관련된 콘텐츠로 인해 발생한 모든 피해, 부작용 또는 질병에 대해 책임을 지지 않습니다.

DISCLAIMER:  
please make sure you're not allergic to any of the ingredients used in this video.
The content is offered on an informational basis only, and is not intended to be a substitute for professional medical advice.
This video is only intended for an informational purpose.Readers are subjected to use this information on their own risk.
this channel doesn't take any responsibility for any harm, side effects or illness caused by the content related to this video, please be sure to check with your medical practitioner if you have any medically related questions.",2026-03-27T22:51:23Z,,22,ko,PT2M53S,2d,hd,false,5724,199,0,7,public,youtube,True,False,"https://en.wikipedia.org/wiki/Food,https://en.wikipedia.org/wiki/Lifestyle_(sociology)",https://i.ytimg.com/vi/DBn3Tb-rI08/maxresdefault.jpg,thumbnails/루다테이블LudaTable/DBn3Tb-rI08.jpg
고요한 식당,UCjHNx24ZrAsHNmI4FCFxVgw,yZY9B84Nagw,올해 이 영화보다 재밌는 영화는 없을 겁니다 [프로젝트 헤일메리 리뷰],#프로젝트헤일메리 #라이언고슬링 #순수재미GOAT,2026-03-25T14:49:46Z,"프로젝트헤일메리,프로젝트헤일메리리뷰,프로젝트헤일메리후기,라이언고슬링,라이언고슬링영화,마션,앤디위어,SF영화추천,블록버스터추천,영화리뷰,영화추천,2026영화추천,아이맥스추천,헐리우드영화추천,순수재미GOAT,순수재미,올해최고영화,영화관가야하는이유,탑건매버릭급,재밌는영화,고요한식당,영화감상,SF추천,외계인영화,버디무비,우주영화",24,ko,PT13M56S,2d,hd,false,4393,150,0,76,public,youtube,True,False,"https://en.wikipedia.org/wiki/Entertainment,https://en.wikipedia.org/wiki/Film",https://i.ytimg.com/vi/yZY9B84Nagw/maxresdefault.jpg,thumbnails/고요한식당/yZY9B84Nagw.jpg
천뚱TV,UCF8W68PS2Ltz17lTDSptDvg,9XYE1Cb-1cg,four뚱 포차먹방 (ft. 천잠매샾 뚱's),,2026-02-27T08:29:24Z,"포장마차,먹방",24,ko,PT7M7S,2d,hd,false,36940,1115,0,28,public,youtube,True,False,"https://en.wikipedia.org/wiki/Food,https://en.wikipedia.org/wiki/Lifestyle_(sociology)",https://i.ytimg.com/vi/9XYE1Cb-1cg/maxresdefault.jpg,thumbnails/천뚱TV/9XYE1Cb-1cg.jpg
맛찾꾼 Yummy hunter,UCjF97oDlA-GXYE_j4Gw5c4g,t8JiZB-XmYg,[온천장맛집] 부산 사람은 이 정도는 나와야 횟집 이라고 합니다,"상호 : 금호회관
전화번호 : 010-8374-1134
주소 : 부산 금정구 부곡동 391-1
영업시간 : 11:30 ~ 22:30
휴무일 : 매주 일요일
브레이크타임 : 15:00 ~ 16:30
대표메뉴 : 모듬회, 회비빔밥, 회정식,
영상문의 : chujang79@gmail.com",2026-03-28T04:00:45Z,"부산맛집,맛찾꾼,금정구맛집,부곡동맛집,온천장맛집,모듬회맛집,횟집,부산횟집,금호회관,회정식,오시게맛집,오시게장터맛집,온천장역맛집",22,ko,PT5M,2d,hd,false,383,34,0,10,public,youtube,True,False,"https://en.wikipedia.org/wiki/Food,https://en.wikipedia.org/wiki/Lifestyle_(sociology)",https://i.ytimg.com/vi/t8JiZB-XmYg/maxresdefault.jpg,thumbnails/맛찾꾼Yummyhunter/t8JiZB-XmYg.jpg
청년 김행복(Kim.Happiest),UCD0ECOBOHWg1SVsgMz10Bcw,7aRHZWKN57Q,"2026 추천 🐕 애견동반가능 양양,속초 여행 (애견동반 바다) 여행 _ 동호해변 #동호해수욕장 #애견동반여행","그해 여름,
2025년 7월 29일.강원도 양양 동호해변 애견비치로 가족여행을 다녀왔습니다.

반려견과 함께했던 여행이자
아버지와 함께한 마지막 여름 여행이었습니다.

눈이 내리는 오늘, (25.1.13)
그 여름 바다를 다시 보며
그리움과 따뜻함이 함께 떠오릅니다.

이 영상을 다시 보면서,
이제는 직접 볼 수 없는 아버지지만
항상 마음속에 살아 계시고,
여전히 사랑하고 있다는 걸
다시 한 번 느끼게 됩니다.

이 영상이
여러분의 하루에도
작은 위로가 되었으면 좋겠습니다..

#가족여행 #반려견 #댕댕이 #애견동반여행
#강원도여행 #양양 #속초 #동호해변 #반려견 동반여행 #추울때보는영상 #따뜻한이야기 #따뜻한겨울 #따뜻한위로 #애견비치 #애견전용비치 #애견가능식당 #속초애견가능횟집 #강아지동반
#애견비치 #바다여행 #여름여행
#가족브이로그 #여행브이로그 #애견가능숙소
#감성영상 #힐링영상 #추억 #위로영상
#마지막여행 #아버지 #동명항맛집
#그리움 #강아지동반여행 #힐링 #속초맛집 #동명항
#한국여행 #여행기록 #추운날보는영상 #양양여행 #강원도여행추천 #애견영상 #강아지여행 #속초여행
#감성브이로그 #여름바다
#여행추천 #국내여행 #가족여행 #동호해수욕장 
#펫동반 #펫여행 #청년김행복",2026-01-13T09:00:20Z,"청년김행복,김행복,행복라이프,새로운직업,속초아이파크,스끼다시천국,양양애견동반,속초애견동반,강아지숙소,속초애견동반가능,반려견비치,반려견전용,지현택,강원도여행,강원도애견동반,속초애견가능식당,애견동반,애견가능,애견전용,댕댕이,추울날보는영상,추울때보는영상,동명항,속초아이파크호텔,속초애견동반숙소,강아지가능,동호해변,동호해수욕장,동호애견비치,양양바다,애견비치,강원도추천여행지,양양맛집,속초맛집,가족여행,애견동반비치,애견동반여행,속초애견가능숙소,양양바다추천,양양근황,겨울여행,강원도여행지,양양여행,속초여행,강아지동반여행,강아지동반바다,반려견과여행,동명항맛집",19,ko,PT12M21S,2d,hd,false,1163,13,0,13,public,youtube,True,False,"https://en.wikipedia.org/wiki/Lifestyle_(sociology),https://en.wikipedia.org/wiki/Pet,https://en.wikipedia.org/wiki/Tourism",https://i.ytimg.com/vi/7aRHZWKN57Q/maxresdefault.jpg,thumbnails/청년김행복KimHappiest/7aRHZWKN57Q.jpg
쯔양밖정원,UCHrX2qBKBuS2aUZkvr-UdxA,g98drH_GIlA,디저트의 천국 홍콩🇭🇰 간식 도장깨기👊 줄서서 먹는 에그타르트와 빙수 와플 망고사고다 진짜..,"각국어 번역 자막 제작 : 
컨텐츠 제작의 마무리는 컨텐츠플라이! 글로벌 진출을 위한 최고의 파트너,
CONTENTSFLY에서 제작되었습니다.
https://www.contentsfly.com

비지니스 메일:gardenm1120@gmail.com",2026-03-22T10:10:05Z,"real sound,리얼사운드,social eating,mukbang,eating show,먹방,맛집,쯔양,v-log,브이로그,쯔양 브이로그,쯔양 v-log,쯔양 vlog",22,ko,PT13M26S,2d,hd,true,338891,9376,0,256,public,youtube,False,False,"https://en.wikipedia.org/wiki/Food,https://en.wikipedia.org/wiki/Lifestyle_(sociology)",https://i.ytimg.com/vi/g98drH_GIlA/maxresdefault.jpg,thumbnails/쯔양밖정원/g98drH_GIlA.jpg
gardenhong,UC7HVRZzjNb8BKVgsqRZEG7A,fbmhjru04go,"3월달 양파, 마늘 관리 방법 누구나 쉽게 할 수 있어요","주말 농장 텃밭 농사 누구나 전문가가 될 수 있어요,
만늘 양파 관리하는 방법 입니다 ,특별하지는 않아도 꼭 필요한 것들입니다,

#3월양파마늘관리방법 #마늘양파추비방법 #숯양파, 벌마늘",2026-03-21T13:30:56Z,,22,ko,PT6M23S,2d,hd,false,2045,41,0,4,public,youtube,True,False,,https://i.ytimg.com/vi/fbmhjru04go/maxresdefault.jpg,thumbnails/gardenhong/fbmhjru04go.jpg
한 잔 하는 MJ,UCoSbhHxhoy2CSAK9SsbdT6Q,rRQNVgi9meE,오랜만의 라이브이니만큼 굉장한 라인업을 준비했습니다.,,2026-03-14T15:56:18Z,,19,ko,PT3H38M3S,2d,hd,false,1263,101,0,7,public,youtube,True,False,"https://en.wikipedia.org/wiki/Food,https://en.wikipedia.org/wiki/Lifestyle_(sociology)",https://i.ytimg.com/vi/rRQNVgi9meE/maxresdefault.jpg,thumbnails/한잔하는MJ/rRQNVgi9meE.jpg
달곰삼삼 우리애들밥,UCeDBzhU5pKttTSaMAXAAybA,cOZPmIOkjv0,아침밥. 담백하고 슴슴한 닭가슴살미역국. 누구나 좋아할 햄계란말이,"닭가슴살미역국
닭가슴살, 미역, 팽이버섯, 다진마늘, 국간장, 소금, 참기름, 코인육수
햄계란말이
슬라이스햄, 계란, 소금, 식용유

《달곰삼삼네 삼 남매 집밥 레시피》
온 / 오프라인 서점에서 만나요!

📚 『달곰삼삼네 삼 남매 집밥 레시피』 구매하러 가기
알라딘 : https://url.kr/gx8z8x
예스24 : https://url.kr/qyzmik
교보문고 : https://url.kr/vqfu4p",2026-03-20T06:04:07Z,,26,ko,PT4M28S,2d,hd,false,772,28,0,6,public,youtube,False,False,"https://en.wikipedia.org/wiki/Food,https://en.wikipedia.org/wiki/Lifestyle_(sociology)",https://i.ytimg.com/vi/cOZPmIOkjv0/maxresdefault.jpg,thumbnails/달곰삼삼우리애들밥/cOZPmIOkjv0.jpg
Yummy Go 야미고,UCMeDHNjmybx1C4oNW4FiQ5w,ldYJxlgswDI,외국인도 놀라는 한식뷔페 스케일! This is the scale of a Korean buffet,외국인도 놀라는 한식뷔페 스케일! This is the scale of a Korean buffet,2026-03-21T13:01:18Z,"japanese street food,korean fried chicken,Korean buffet,Asian street food,vietnamese street food,베트남 길거리음식,태국길거리음식,thai street food,Taiwanese street food,대만 길거리음식,말레이시아길거리음식,malaysian street food,인도네시아길거리음식,페낭길거리음식,pinang,Penang street food,Singapore street food,싱가포르길거리음식,한식뷔페,야미고뷔페",19,ko,PT11M47S,2d,hd,false,1577,61,0,3,public,youtube,True,False,"https://en.wikipedia.org/wiki/Food,https://en.wikipedia.org/wiki/Lifestyle_(sociology)",https://i.ytimg.com/vi/ldYJxlgswDI/maxresdefault.jpg,thumbnails/YummyGo야미고/ldYJxlgswDI.jpg
먹어볼래TryToEat,UCTx3aCntDvkq-hGtOjKVSnQ,_XSTcUu5F24,스팸 6000kcal로 실비김치 튀기기,"스팸기름에 튀긴 실비김치 액기스

[재료 및 조리도구 정보 모음]
업소용 스팸, 실비김치, 봄동, 모짜렐라 치즈, 올리브, 홍합, 무, 청양고추, 다진마늘, 또띠아, 방울토마토, 루꼴라, 스파게티, 토마토소스

[BGM] Artlist

[영상 저작권] 먹어볼래TryToEat (영상 무단도용 금지)

[비즈니스 문의] 
이메일: trytoeat222@naver.com
인스타: @trytoeat222",2026-03-15T10:45:03Z,"실비김치,스팸,spicy kimchi,spam",22,ko,PT9M24S,2d,hd,false,543701,6082,0,484,public,youtube,True,False,"https://en.wikipedia.org/wiki/Food,https://en.wikipedia.org/wiki/Lifestyle_(sociology)",https://i.ytimg.com/vi/_XSTcUu5F24/maxresdefault.jpg,thumbnails/먹어볼래TryToEat/_XSTcUu5F24.jpg
류니키친 Ryuniii Kitchen,UCci3ekONGGf4njfCemeGsLA,Dhfz5W9Dg10,도쿄 10년차🙌🏻무조건 들리는 리빙샵 추천✨나만 알고 싶은 도쿄 쇼핑 여행 | 라이프 스타일 편집샵 & 소품샵 총정리 Tokyo shopping vlog,"✔️ 구독과 좋아요👍는 영상 제작에 큰 힘이 돼요💕

📷 instagram : https://www.instagram.com/ryuniiii/
💌 e-mail : silver412bk@gmail.com

도쿄 여행 10년차💗

도쿄에서 신혼 생활을 보내고,
그 이후로도 1년에 몇 번씩 도쿄를 오가며

많은 분들이 문의 주셨던
제가 매번 들르는 리빙샵과
감도 높은 라이프스타일 편집샵을 정리해봤어요 :)

영상 쭈르르 보다보면
저랑 같이 도쿄 여행하는 느낌이 들거예요🙋🏻‍♀️

긴자에 가면 꼭 들러야 하는 ‘긴자식스’부터
도쿄 최신 랜드마크 ‘아자부다이 힐즈’,
그리고 최근 오픈한 신상 핫플 ‘뉴우먼 다카나와’까지

꼭 가봐야 할 곳들만 모아 소개해드릴게요✨
저만 믿고 따라오세요💗  

이번 영상 반응이 좋으면
후쿠오카 리빙샵 + 맛집 여행도
시리즈로 이어서 소개해볼게요 :)

👉 좋아요 꾹👍 + 댓글은 필수입니다앙 +_+
궁금한 점은 언제든 편하게 남겨주세요!


00:00 시작

00:33 Blue Bottle Coffee Roppongi
https://share.google/oiDWUXqavbjg8cVVg

1:30 Azabudai Hills, Tokyo
https://share.google/xoc4jW4JfrjoAQNPv

2:52 okume dashi
https://share.google/dME92IWDXy5JVgISX

4:12 Azabudai Hills Market
https://share.google/rog9rNGKf2AyxbARv

6:10 IntertWine KM 山仁
https://tabelog.com/kr/tokyo/A1307/A130701/13295209/

6:51 THE CONRAN SHOP
https://share.google/fOh8AjdL1BwxkQpTm

8:03 ORby Restaurant
https://share.google/8uFyGQuru0GkPV5qa

10:12 SABOE TOKYO
https://share.google/OR6uY4KRJt54GXLSu

10:54 Ogawa Coffee
https://share.google/PNTdQxqObN7plpPYn

11:51 The Conran Shop Daikanyama
https://share.google/wQaRA0F0veTI10kV1

12:30 NEWoMan TAKANAWA
https://share.google/JlADpmfBJbsjKUIAg

12:34 버미큘라 레스토랑
14:45 버미큘라 플래그쉽 스토어
https://share.google/quDfvkivta62TV0mc

16:50 아코메야 도쿄
https://share.google/JsrFo5yGhK8S383xw

17:49 mina perhonen elavaⅡ
https://www.mina-perhonen.jp/elava/elava2/

18:27 mina perhonen elavaⅠ
https://share.google/UNYSeOzL9dO1qvN8N

18:58 ginza six
https://share.google/85tfHTmvS7KztkbCq

26:10 Tokyo Midtown Roppongi
https://share.google/50mEfnqwDL45D4Xsw

26:21 Time & style
https://share.google/xmP0NmwGg8N6udNJr

27:15 Kayanoya, Tokyo Midtown
https://share.google/HOmpQAvTcvcLaE6r5

28:21 Pond Gallery Tokyo
https://share.google/EQwef16cN3Rpz3PEl


❤️ 류니키친 구독자 선물 이벤트 ❤️

아래 퀴즈의 정답을 맞혀보세요!
정답자 중 추첨을 통해

버미큘라 신상 냄비 (1분)
버미큘라 신상 테이블웨어 (4분)

총 5분께 선물을 드립니다 🎁

📌 퀴즈
이번 영상에 나온 버미큘라 신상 냄비의 이름은?
(4월 초 류니키친에서 런칭 예정입니다✨)

👉 정답을 아시는 분들은 댓글로 남겨주세요!

다들 참여하셔서 선물 꼭 받아가기룽🎁🎁🎁


#도쿄 #도쿄여행 #주방용품",2026-03-26T12:49:53Z,"도쿄,도쿄여행,도쿄 브이로그,도쿄 리빙샵,리빙샵,라이프 스타일,라이프 스타일 샵,소품샵,일본 리빙샵,일본 살림템,일본 주방용품,도쿄 살림템,살림템,주방용품,무인양품,무인양품 주방,muji,muji kitchen,무인양품 추천템,여행 브이로그,일본여행,후쿠오카 여행,후쿠오카,후쿠오카 쇼핑,도쿄 쇼핑,도쿄 편집샵,주부 브이로그,살림 브이로그,일본 여행,도쿄 쇼핑리스트,돈키호테,돈키호테 추천,돈키호테 쇼핑리스트,일본여행 쇼핑,일본 쇼핑,도쿄 여행,후쿠오카 주방용품,살림꿀템,살림템추천,살림살이,살림템 추천,살림,다이소 주방용품,신혼집,calm vlog,recycle idea,내돈내산,신혼그릇,신혼살림,don quijote japan,Shopping at Don Quijote,리빙샵 추천,집밥 브이로그,tokyo,Tokyo shopping",22,ko,PT29M6S,2d,hd,false,2590,106,0,75,public,youtube,True,False,https://en.wikipedia.org/wiki/Lifestyle_(sociology),https://i.ytimg.com/vi/Dhfz5W9Dg10/maxresdefault.jpg,thumbnails/류니키친RyuniiiKitchen/Dhfz5W9Dg10.jpg
감자수산,UCoM3RvtOktRKl0tdKRDTrcw,UkHFY8q5qNk,기름가자미 작업,"채널에 가입하여 혜택을 누려보세요.
https://www.youtube.com/channel/UCoM3RvtOktRKl0tdKRDTrcw/join",2026-03-27T13:16:30Z,,24,ko,PT11H55M,2d,hd,false,8148,105,0,0,public,youtube,True,False,https://en.wikipedia.org/wiki/Lifestyle_(sociology),https://i.ytimg.com/vi/UkHFY8q5qNk/hqdefault.jpg,thumbnails/감자수산/UkHFY8q5qNk.jpg
크집사빨간맛,UCTZhDJG4P_ex9A40BKVSHoQ,snq6x4Ns80Y,"언니 아직 살아있어! (튀르키예에 다녀왔어, 감기도 걸렸지!)","그런게 있다. 
브이로그를 만들어 올리려고 했는데 머리가 깨져서 그만...
 
[ 크언니의 빨간맛 이야기와 게임 라이브 ] 
매주 일요일 저녁 8시 ~ (가끔 7시에 시작함) 
선거, 어린이날, 부처님 오신날, 여름 휴가, 크리스마스 등에는 
조금 일찍 시작. 

[ 그 밖에 ] 
* 출장 가면 출장지 식당 라이브 ( 로밍폰으로 진행하니 저화질 이해 바람) 
* 가끔 쇼핑 하울 라이브
* 너무 귀여운 고양이를 보았을 때 긴급 라이브 등

* 언니의 트위터 https://twitter.com/LuvcatClaire
* 팬아트는 크집사 카페 http://cafe.daum.net/claireluvcat",2026-03-15T14:28:35Z,"크집사,야옹키친,밀키트,요리,레시피,파멸,디저트,저녁,먹방,쿡방,Claireluvcat,빨간맛,야옹식당,크언니,야옹섬,직장인브이로그,vlog,출장로그",22,ko,PT1H42M26S,2d,hd,false,4268,288,0,8,public,youtube,True,False,https://en.wikipedia.org/wiki/Lifestyle_(sociology),https://i.ytimg.com/vi/snq6x4Ns80Y/maxresdefault.jpg,thumbnails/크집사빨간맛/snq6x4Ns80Y.jpg
자취요리 뱅_쉽고 편한 자취 요리,UCDGLSi-amZJzBLFoaC0IznA,ZQplt4Ml00w,제육은 이렇게 드세요. 돈 모으기 가장 쉽습니다.,"#자취 #자취생 #자취요리 #간단요리 

0:00 제육 밀프랩 오프닝
0:26 제육 밀프랩 고기_ 보먹돼란?
01:06 제육 밀프랩 만들기
02:17 초간단 제육 만들기
02:40 자취생 음쓰 처리기 추천
02:59 앞다리 레시피 1_ 타코
03:41 앞다리 레시피 2_ 마트 시식코너 구이
04:28 앞다리 레시피 3_ 앞다리 고추볶음
04:57 제육 밀프랩 엔딩",2026-03-25T09:15:07Z,"고기,고기요리,레시피,밀프랩,도시락,직장인,제육,제육쳐돌이,제육볶음,제육덮밥,간단요리,초간단요리,간단레시피,초간단레시피,남자요리,자취요리,자취생요리",26,ko,PT5M24S,2d,hd,false,6184,197,0,14,public,creativeCommon,True,False,"https://en.wikipedia.org/wiki/Food,https://en.wikipedia.org/wiki/Lifestyle_(sociology)",https://i.ytimg.com/vi/ZQplt4Ml00w/maxresdefault.jpg,thumbnails/자취요리뱅_쉽고편한자취요리/ZQplt4Ml00w.jpg
엄지공주이야기,UC_xJyPezZcZB98N8bJcI64g,heWhgHBIXek,(동화이야기)헨젤과 그레텔/과자로 만든 집을 먹어보자!,"★그림도안★

디지털도안(크티-무료도안) : https://ctee.kr/item/store/86279
**디지털도안을 직접 다운로드받고 인쇄해주세요.

★종이도안(스마트스토어) : https://smartstore.naver.com/umji_princessstory/products/13273693814
**스마트스토어와 쿠팡은 인쇄된 종이도안을 배송해드립니다. 프린트가 없는 분들은 이용해주세요~

★엄지공주이야기 인스타그램★
https://www.instagram.com/umji_princessstory/

★Video Source Support]
Youtube channel ""freeticon""

★ 재접착테이프 :러블리마미의 말랑이 양면재접착테이프입니다.  https://smartstore.naver.com/lovelymommy/products/5393591109


#종이인형놀이 #엄지공주이야기 #종이인형놀이 #동화이야기 #헨젤과그레텔 #이야기만들기 #동화
#인형놀이 #소근육놀이 #엄마표놀이",2026-03-19T04:43:52Z,,24,ko,PT39M58S,2d,hd,false,755,13,0,0,public,youtube,True,True,"https://en.wikipedia.org/wiki/Entertainment,https://en.wikipedia.org/wiki/Film",https://i.ytimg.com/vi/heWhgHBIXek/maxresdefault.jpg,thumbnails/엄지공주이야기/heWhgHBIXek.jpg
미팩TV미라클스토리,UCSumEwGVqyxK8paBkhgBLDA,Ap_VF8cHz_I, 손에 폰 들고 폰 찾으셨나요? 그거 건망증 아닙니다 [경도 인지장애 자가 체크] #메모리포뮬러 ,"""내 스마트폰 어디 갔지?""
 방금 전까지 손에 들고 있던 물건을 찾거나, 하려던 말이 입가에서만 맴돈 적 있으신가요?
단순한 건망증이라고 웃어넘기셨다면, 지금 당장 뇌 건강을 점검하셔야 합니다. 
의학계에서는 이런 증상의 반복을 치매 전 단계인
 '경도 인지장애'의 신호로 봅니다.
뇌세포가 파괴되고 혈류가 막히기 시작했다는 몸의 절박한 구조 요청입니다.
지금 이 골든타임을 놓치면 잃어버린 기억력은 다시 돌아오지 않습니다.
꽉 막힌 뇌혈관을 뚫어주고 신경망을 보호하는 
내 뇌를 지키는 골든타임을 확보하세요.

🙋🏻‍♀️이런 분께 꼭 추천드려요
✅집중력이 필요한 학생이나 직장인
✅자주 깜빡깜빡하는 분
✅기억력 개선이 필요한 분
✅다리가 자주 저리거나 부종이 있는 분
✅신경퇴행성 질환이 걱정되는 분
✅강력한 항산화, 항노화를 원하는 분

[뇌 건강 메모리 포뮬러 구성 & 가격]

✅ 1박스 구매시 (30일분) 
107,000원 - 80,000원

✅ 3박스 구매시
 321,000원 - 189,000원 (41%)

✅ 5박스 구매시
535,000원 - 349,000원  
(사은품 86,000원 프로럭스 헤어 마스크증정🎁)

✅️3박스 X 2세트 구매시(6박스)/378.000원
42% 즉시할인 + 사은품 86,000원 상당의 프로럭스 헤어 마스크 무료 증정 !✨️추천합니다 


구매링크입니다
https://mkt.shopping.naver.com/link/69b908c982def66d8b2d624a

링크 구매 안되시는 분들은
010 9478 5656
으로 문자주세요 💌",2026-03-26T17:05:43Z,,24,ko,PT10M28S,2d,hd,false,1568,321,0,10,public,youtube,True,False,https://en.wikipedia.org/wiki/Health,https://i.ytimg.com/vi/Ap_VF8cHz_I/maxresdefault.jpg,thumbnails/미팩TV미라클스토리/Ap_VF8cHz_I.jpg
애봉이,UCdwLMpZeFXN5ODyCO9warSw,sN6tdyDt5Ok,‼️따라하지말것‼️ 두쫀쿠만들기 #돌쫀쿠🔥🍩 #두쫀쿠만들기,,2026-02-18T08:41:37Z,,24,en-US,PT1H26M13S,2d,hd,false,9170,1387,0,4,public,youtube,True,False,"https://en.wikipedia.org/wiki/Food,https://en.wikipedia.org/wiki/Lifestyle_(sociology)",https://i.ytimg.com/vi/sN6tdyDt5Ok/maxresdefault.jpg,thumbnails/애봉이/sN6tdyDt5Ok.jpg
Coca-Cola Korea,UCzCxSb_RYZuaiaP3u9QNR_A,fSLuewaXUTg,[#코카콜라] 학교에서도 코-크 타임 Full,"혼자 스크롤 내리던 사람들 주목!
뷔와 함께하는 코-크 타임으로 기분 UP!

코카-콜라와 함께, 친구들과 함께!
함께 올라갈 시간, 코카-콜라 Coke TIME!

#코카콜라 #코카콜라제로 #코크타임 #coketime #V",2026-03-23T07:01:29Z,,24,ko,PT47S,2d,hd,false,105165,26086,0,1390,public,youtube,True,False,https://en.wikipedia.org/wiki/Entertainment,https://i.ytimg.com/vi/fSLuewaXUTg/maxresdefault.jpg,thumbnails/Coca-ColaKorea/fSLuewaXUTg.jpg
별난농사이야기,UCNirgeVfOTaY3GrtqueoIPA,UIWad1t0iVI,충북 음성군 대소면 농업기술원 수직 수박재배 견학,,2026-03-27T18:00:17Z,,24,ko,PT1H18M54S,2d,hd,false,793,8,0,0,public,youtube,True,False,,https://i.ytimg.com/vi/UIWad1t0iVI/maxresdefault.jpg,thumbnails/별난농사이야기/UIWad1t0iVI.jpg
애플쌤 Applessam,UCX-xq5-sxAAGlLm4OewIKOw,p7W832h9-mk,"🇰🇷🇲🇾We went to a library in Malaysia… and Didn’t Expect This!! 말레이시아 도서관, 이렇게 다를 줄은 몰랐어요!","🇰🇷🇲🇾We went to a library in Malaysia… and Didn’t Expect This!! 말레이시아 도서관, 이렇게 다를 줄은 몰랐어요!",2025-10-23T12:12:30Z,"Malaysia Korean,Malaysia library,Korean in Malaysia,Korean blog,말레이시아 일상,말레이시아,도서관,말레이시아 도서관,말레이시아 브이로그",24,ko,PT10M2S,2d,hd,false,37794,913,0,109,public,youtube,True,False,https://en.wikipedia.org/wiki/Lifestyle_(sociology),https://i.ytimg.com/vi/p7W832h9-mk/maxresdefault.jpg,thumbnails/애플쌤Applessam/p7W832h9-mk.jpg
한국 아빠의 맛있는 여행 Korean Dad Journey,UCjhb298FuLDckcZ6MEATkRQ,mxYeNlJ_vUA,한국에 사는 두 아이의 아빠가 보여드리는 생활,"한국에서 아빠의 삶은 어떤지 잘 알 수 있습니다.
다양항 상황에 대해 구경할 수 있는 영상들입니다.",2026-03-17T15:01:30Z,"#아빠의요리,#한국요리,#쉬운요리,#취미,#음식,#아이반찬",24,ko,PT4M39S,2d,hd,false,7411,16,0,4,public,youtube,True,False,"https://en.wikipedia.org/wiki/Food,https://en.wikipedia.org/wiki/Lifestyle_(sociology)",https://i.ytimg.com/vi/mxYeNlJ_vUA/maxresdefault.jpg,thumbnails/한국아빠의맛있는여행KoreanDadJourney/mxYeNlJ_vUA.jpg
롯데칠성 LOTTE CHILSUNG,UCzKFT7cBIKO9Dapikf6e3ow,9Azkzck0EI4,[아이시스] 최초의 초경량 생수가 만들어지는 과정,"🌿아이시스는 플라스틱 저감과 탄소 배출 감소를 위해 끊임없이 실천하고 있습니다.

아이시스는 사라지는 중🫧
생수 대표 브랜드, 아이시스가
꾸준히 사라져 온 진짜 이유는?

아이시스는 '업계 최초'로 라벨을 없애고,
2008년 제품 대비 페트 무게를 53% 줄이고
국내 최초로 9.4g 초경량 페트를 개발하는 등
플라스틱 사용량을 줄여오고 있습니다.

배우 유승호가 추천하는
가장 쉬운 일상 속 플라스틱 저감 방법!
🩷초경량 아이시스 

더 얇게, 더 가볍게
지구의 부담도 더 적게
아이시스는 사라지는 중🫧

플라스틱 저감, 아이시스와 함께 하세요🩵",2025-11-26T10:33:54Z,"아이시스,초경량아이시스,아이시스는사라지는중,ICIS,생수,무라벨",24,ko,PT7M27S,2d,hd,false,1645,47,0,8,public,youtube,False,False,https://en.wikipedia.org/wiki/Health,https://i.ytimg.com/vi/9Azkzck0EI4/maxresdefault.jpg,thumbnails/롯데칠성LOTTECHILSUNG/9Azkzck0EI4.jpg
만능아빠-TV,UCwi6btqNVsbWX6WFmqIoWBw,NpcKMbpMwZM,"퓨어턴28 퍼퓸 핸드크림ㅣ주름미백이중기능성 핸드크림. 기능성핸드크림, 아로마핸드크림","유화를 그리는 사람이라 손이 많이 거칠고 습진도 생겨서 관리가 필요했는데요.
이번에 주름개선·미백 이중 가능성 핸드크림이 있어서 사용해 봤어요.
퓨어턴28 퍼퓸 핸드크림 추천합니다.
■ 직접 구매 후 사용해 보세요.
https://pureturn28.co.kr/surl/P/26
#기능성핸드크림 #아로마핸드크림",2026-02-23T06:42:23Z,"퓨어턴28,퍼퓸핸드크림,시어버터핸드크림,기능성핸드크림,아로마핸드크림",26,ko,PT4M34S,2d,hd,false,27,3,0,0,public,youtube,True,False,https://en.wikipedia.org/wiki/Lifestyle_(sociology),https://i.ytimg.com/vi/NpcKMbpMwZM/hqdefault.jpg,thumbnails/만능아빠-TV/NpcKMbpMwZM.jpg
정겨운길,UC9t2C3PdplOsWFMiG8blm4g,eftGR9901e8,2026년 3월 26일 목요일 소래포구 어시장 시세입니다. 난전어시장 오늘 물때는요.? 생새우 오르나요.? 꽃게는요.? 그외어시장은 오가가는 손님 어서오세요...!? ㅋ~~~!!!,"난전어시장 : 생새우, 활우럭, 활광어, 활도다리, 활삼식이, 활물메기, 쫄장게, 박하지, 활낙지, 활복어, 등 다수 수산물 팝니다. 그외어시장 : 활어, 선어, 건어, 각갑류, 연체류 등 수산물 팔구요",2026-03-26T03:33:13Z,"소래,소래포구,소래포구 어시장,소래포구 난전 어시장,소래포구 시세,소래포구 근황,seafood market,traditional fish market,Sorae Port Korean Traditional Fish Market,Korean traditional seafood local market",19,ko,PT16M55S,2d,hd,false,7397,192,0,22,public,youtube,True,False,"https://en.wikipedia.org/wiki/Food,https://en.wikipedia.org/wiki/Lifestyle_(sociology),https://en.wikipedia.org/wiki/Pet",https://i.ytimg.com/vi/eftGR9901e8/maxresdefault.jpg,thumbnails/정겨운길/eftGR9901e8.jpg
요리공수,UC0RNImusMRXzxoY598EYb0w,CplxOd7x3rw,요리공수 라이브 스트리밍 중,,2025-11-27T16:40:38Z,,26,ko,PT26M,2d,hd,false,927,49,0,44,public,youtube,True,False,"https://en.wikipedia.org/wiki/Food,https://en.wikipedia.org/wiki/Lifestyle_(sociology)",https://i.ytimg.com/vi/CplxOd7x3rw/maxresdefault.jpg,thumbnails/요리공수/CplxOd7x3rw.jpg
영차,UC7KOWCwcHv_uW_BvRs28SpA,zkjgV0EAlPc,근손실 없이 체지방만 빼는 법,"🍪 영차 X 플로에 쿠키 마켓 🍪
▶ 최저가 구매링크 👉 https://ploe.co.kr/surl/P/103

예상보다 훨씬 많은 분이 구매해 주셔서 정말 감사합니다. 
보내주신 성원에 보답하고자 브랜드 측과 긴밀히 협의한 끝에
단 한 분이라도 더 최저가 혜택을 챙겨가실 수 있도록 
마켓 기간을 어렵게 (연장)했습니다!

📅 마켓 기간 3/19(목) ~ 3/31(화)(연장)

▶ 마켓 구성
1) 아몬드바닐라 1BOX(10개) + 더블초코 1BOX(10개) + 초코칩 1BOX(10개)
🍪 정상가 114,000 → 할인가 53,000 (54% 할인🔥) ✅무료배송

2) 아몬드바닐라 2BOX(20개)
🍪 정상가 76,000 → 할인가 39,900 (48% 할인🔥) ✅무료배송

3) 더블초코 2BOX(20개)
🍪 정상가 76,000 → 할인가 39,900 (48% 할인🔥) ✅무료배송

4) 초코칩 2BOX(20개)
🍪 정상가 76,000 → 할인가 39,900 (48% 할인🔥) ✅무료배송

5) 아몬드바닐라 1BOX(10개)
🍪 정상가 38,000 → 할인가 23,900 (37% 할인🔥)

6) 더블초코 1BOX(10개)
🍪 정상가 38,000 → 할인가 23,900 (37% 할인🔥)

7) 초코칩 1BOX(10개)
🍪 정상가 38,000 → 할인가 23,900 (37% 할인🔥)

🎁 구매 인증 이벤트
1. 참여방법
제품 구매 후 아래 URL 폼 제출(4/1(수)까지)
🔗 https://forms.gle/TGW6mLmXQzqfsVPy5

2. 당첨자 혜택(10명)
당첨자 플로에 프로틴 업 쿠키(초코칩) 1BOX

📌당첨자 발표 4/15(수) 개별 전달 (2주 내 발송)

📌 참고사항
- 배송비 3만원 미만 주문 시 3,500원 배송 별도
(도서산간 +5000원, 제주지역 +3000원)
- 공식몰 쿠폰 및 적립금 사용 불가

⏰ 상품 유통기한
아몬드바닐라: 2026-06-14 (메인구성)
더블초코: 2026-06-22 (메인구성)
초코칩: 2026-06-30 (메인구성)

▶ 이벤트 & 할인 정보 카톡 플친 👉 http://pf.kakao.com/_vUxjHG
▶ 요즘 먹는 영양제(아이허브 장바구니 목록) 👉 https://iherb.co/2vFryqAd

00:00 인트로
00:19 1일 차
02:56 2일 차
05:32 3일 차
07:32 4일 차
09:40 5일 차
11:18 6일 차
11:26 7일 차
12:44 마켓 안내 & 결과",2026-03-19T09:30:00Z,"영차,다이어트,근손실,체지방,일주일,일주일루틴,일주일다이어트,치팅,족발,치팅데이,식단",22,ko,PT14M45S,2d,hd,false,40725,728,0,128,public,youtube,True,False,"https://en.wikipedia.org/wiki/Food,https://en.wikipedia.org/wiki/Health,https://en.wikipedia.org/wiki/Lifestyle_(sociology)",https://i.ytimg.com/vi/zkjgV0EAlPc/maxresdefault.jpg,thumbnails/영차/zkjgV0EAlPc.jpg
승희얌 Yum,UCKA8TG2vauEYRHSQtzbBO4w,vMLlxNshhwQ,"[먹방브이로그] 여자들은 음식을 찢어🐻 (중국당면 크림파스타, 닭갈비, 맘스터치, 광주맛집, 두찜 로제닭발, 짬뽕, 탕수육)","〰타임라인〰
00:00 [마들푸드춘천닭갈비] 닭갈비엔 우동사리다
03:37 [맘스터치] 왕크왕맛
06:31 [어니스트식스티] 광주 양식 맛집
08:45 [신락원] 돼지파티 해장 드가자
11:08 승쿡🍚 중국당면 크림파스타
14:11 여자들의 파티

📌인스타 ID : 010_sh_yum
📌욕설 및 비난하는 내용의 댓글은 신고 및 삭제됩니다.

출처
🎵Music provided by 브금대통령
🎵Track : 사르르 녹는 귀여운 bgm 모음 3탄! -
https://www.youtube.com/watch?v=czajaQpTBds&t=0s

🎵Music provided by 브금대통령
🎵Track : 귀여운 BGM 모음 -
https://www.youtube.com/watch?v=hgNrf9QqAA0&t=0s

🎵Music provided by 브금대통령
🎵Track : 귀여운 음악 모음집 4
https://www.youtube.com/watch?v=xBZQ8hDtXZo&t=0s

🎵Music provided by 브금대통령
🎵Track : 웃긴 BGM 모음집 2탄 -
https://www.youtube.com/watch?v=UGuVT0I-wZ4&t=0s

#먹방브이로그 #브이로그 #먹방

✉️ : shyum517@treasurehunter.co.kr",2026-03-09T12:15:19Z,"먹방브이로그,브이로그,먹방,중국당면크림파스타,닭갈비,맘스터치,두찜로제닭발,피자스쿨",22,ko,PT18M39S,2d,hd,false,21667,223,0,53,public,youtube,True,False,"https://en.wikipedia.org/wiki/Food,https://en.wikipedia.org/wiki/Lifestyle_(sociology)",https://i.ytimg.com/vi/vMLlxNshhwQ/maxresdefault.jpg,thumbnails/승희얌Yum/vMLlxNshhwQ.jpg
천재소녀 KitchenStory,UCYPD-uRGTj9gvz5Ng_Uyfaw,xgU8i6_emmw,"내가 지금 행복한 이유☘️피클 맛있게 만드는 법, 대파장아찌🫜 돌아온 부부 피자단, 감자뽈뽀","🌿천재소녀가 직접 만들고 수입하는 제품들입니다
지니어스 키친 https://geniuskitchen.co.kr/

👉저온압착해서 만든 지니어스 국산 참기름, 들기름 31일 저녁 7시 오픈합니다!
👉맛간장과 육수는 3월말 입고 될 예정이에요
🇺🇸육수의 기본은 미국 FDA 승인절차 마치고 아마존 입점 예정입니다
미국에 계신 분들 조금만 더 기다려 주세요(배타고 가는데 오래걸려요ㅠ)

냉장고 속 야채들 조금씨 꺼내서 피클 만들고
피자반죽해서  잠봉피자, 치즈피자 구워먹었어요💕
집에서 만들어 먹으면 좋은재료 마음껏 듬뿍올려 먹을 수 있어서 더 맛있죠
감자넣고 만드는 간단한 뽈뽀도 한번 만들어 보세요
좋아하는 거, 맛있는 거 드시고 행복한 하루 보내시면 좋겠습니다

항상 응원해 주시고 격려해 주셔서 진심으로 감사드립니다💕
https://www.instagram.com/geniuskitchen_official
🔺인스타 팔로우 하시면 이벤트 알림설정이 쉬워요

⭕️지니어스키친 고객센터  ☎️1533-9618
👉고객센터 운영시간
평일 오전 9시 ~ 오후 18시
점심시간 오후 12시~오후 1시






#cooking #kfood #브런치 #화덕피자 #오이피클 #대파피클 #요리브이로그",2026-03-24T10:00:15Z,,22,ko,PT20M,2d,hd,true,50680,1222,0,119,public,youtube,True,False,"https://en.wikipedia.org/wiki/Food,https://en.wikipedia.org/wiki/Lifestyle_(sociology)",https://i.ytimg.com/vi/xgU8i6_emmw/maxresdefault.jpg,thumbnails/천재소녀KitchenStory/xgU8i6_emmw.jpg
최유라의 Hey Youra 헤이유라,UCZNkx1fBaATbag4LjI_UvnA,MXsweeFf_eE,"진짜 청소하는 봄맞이 대청소 브이로그ㅣ나만 아는 뒤집고 싶은 바로 거기! 빌트인 벽장, 욕실장, 부엌 후드 기름때... 영상을 뚫고 나오는 반짝 반짝 개운함! 정리 욕구 뿜뿜!","봄을 맞아, '집을 뒤집고 싶다' 말하던 유라, 드디어 뒤집었습니다! ㅎㅎ
봄맞이 청소하면서 혼자 찍은 영상들을 모아 봤어요.
이제는 혼자서도 잘 찍는 5년차 유튜버 유라.
카메라 고정해놓고 전투적으로 청소하는 모습 보실 수 있습니다ㅎㅎ
이 영상 보고 나시면 대청소 욕구 뿜뿜하실 걸요? 

#봄맞이대청소",2026-03-21T02:00:16Z,"최유라,헤이유라,청소,살림 브이로그,대청소,부엌 청소,기름때,옷장 정리,집들이,봄맞이,목련,꽃꽂이,산수유",26,ko,PT9M36S,2d,hd,false,37143,532,0,25,public,youtube,False,False,"https://en.wikipedia.org/wiki/Hobby,https://en.wikipedia.org/wiki/Lifestyle_(sociology)",https://i.ytimg.com/vi/MXsweeFf_eE/maxresdefault.jpg,thumbnails/최유라의HeyYoura헤이유라/MXsweeFf_eE.jpg
Melfe Borga,UC8Qbtlhyos3F4DTS3RcuyGw,QZXquglRcTw,Ito po ang bagong materiales ko(RRZN Kanawayon Hatch)Authentic,"Namiss ko po kayo mga Katuka,maraming salamat kay Youtube at nakabalik na ang monetization ko,magbabalik na po ako dito sa pag gawa ng content 
Thankyou po sa inyong walang sawang suporta at sa mga bago pa lang dito sa aking channel 
wag nyo po kalimutang mag Subscribe 
Godbless you po
""Sanay masaya ka lang""
#subscribers 
#livestock 
#farming 
#backyard",2026-03-05T05:16:48Z,"Chickens,Farmlife,Backyard farming,Nature,Daily vlog,Environment,Happy vlog,Kinds of Chickens,Tagalog Vlog,Filipino Vlogger,Philippines,Surigao City",24,en,PT10M3S,2d,hd,false,4940,255,0,30,public,youtube,True,False,https://en.wikipedia.org/wiki/Lifestyle_(sociology),https://i.ytimg.com/vi/QZXquglRcTw/hqdefault.jpg,thumbnails/MelfeBorga/QZXquglRcTw.jpg
금손주부 goldenhands jubu,UCqrxs9zXnkSKKJY75CjrXCg,a5h9GfR_KIg,봄동 비빔밥에 이걸 넣으면 킥이에요! 삼겹살 김치볶음밥 김볶음 계란말이 묵무침에 김볶음을 뿌려만 주세요 ,"봄동비빔밥엔 김볶음이 킥🤨

https://mkt.shopping.naver.com/link/698c1c6a92a45c3c29779bdf

#봄동비빔밥 #추천템#혼밥템#해농김볶음",2026-03-04T13:07:58Z,"추천템,봄동비빔밥,아이반찬,혼밥템,주먹밥재료,김볶음,김볶음반찬,간편식,맛있는김",26,ko,PT3M7S,2d,hd,false,865,14,0,1,public,youtube,True,False,"https://en.wikipedia.org/wiki/Food,https://en.wikipedia.org/wiki/Lifestyle_(sociology)",https://i.ytimg.com/vi/a5h9GfR_KIg/maxresdefault.jpg,thumbnails/금손주부goldenhandsjubu/a5h9GfR_KIg.jpg
또딘또딘,UC5MEyyTTlz8d9M4AkpWx32Q,C__MkWW6YbE,경상도 아빠랑 봉화 맛집에서.. 아빠가 좀 변했어요?,"#봉화맛집 #강원반점 #쟁반짜장먹방 #혼술 

업로드가 늦었죠.
알코올을 곁들인 일상 영상입니다 ㅎㅎ
쟁반짜장이 맛있어요. 

상호 : 강원반점
위치: 경북 봉화군 봉화읍 봉화로 1153 봉화시외버스터미널

영업시간은 전화해보고 방문하기.

시청해주셔서 감사합니다!",2026-03-25T10:30:06Z,"봉화,경북봉화,봉화맛집,봉화가볼만한곳,봉화축제,강원반점,봉화노포식당,영주맛집,안동맛집,예천맛집,봉화버스버미널,혼술,술먹방,혼술브이로그,일상브이로그,시골브이로그,가족브이로그,대구혼술,대구맛집,쟁반짜장,봉화중국집추천,경북가볼만한곳",22,ko,PT18M47S,2d,hd,false,31220,1333,0,202,public,youtube,True,False,"https://en.wikipedia.org/wiki/Food,https://en.wikipedia.org/wiki/Lifestyle_(sociology)",https://i.ytimg.com/vi/C__MkWW6YbE/maxresdefault.jpg,thumbnails/또딘또딘/C__MkWW6YbE.jpg
독백tv,UCqnVjjcEHXk4Pj4XhMN7P3w,F5V6s1_rJbM,독백tv 라이브 스트리밍 중!!빚갚는 그날까지~슬럼프 극뽁중!!,독백tv 라이브방송 #2025년한해수고하셨습니다 #빚쟁이와혼술 #수다 #오늘도 즐겁게 #음악 #혼술 #소통 #수다 #40중년 #백수 #나는솔로 #포항참문어 #구룡포해풍수산 #249회,2026-02-10T22:24:52Z,,24,ko,PT4H55M33S,2d,hd,false,8566,71,0,2,public,youtube,True,False,"https://en.wikipedia.org/wiki/Music,https://en.wikipedia.org/wiki/Music_of_Asia",https://i.ytimg.com/vi/F5V6s1_rJbM/maxresdefault.jpg,thumbnails/독백tv/F5V6s1_rJbM.jpg
맛출장 | 마츠다의 맛있는 출장,UCd38-J2biRy64FGGIN8CKlw,lddkiGQ-R48,마포 50년 복어튀김 맛집에서 400병 한정 분주한 마츠다 부장님 | [마츠다 부장님의 한국 맛집 출장] 부영각,"🤙맛출장 게스트 지원 및 비즈니스 문의 : matsuda@thealmighty.co.kr
🙇‍♀️기획&제작 : 더올마이티(The Almighty)

마츠다 부장님이 맛있게 먹은 곳 : 부영각
https://share.google/LSIKvqxLrJrBLJIgo

*본 영상과 무관한 내용의 댓글 및 허위사실, 출연자에 대한 과한 욕설, 비난 및 조롱 등 악의적인 댓글은 무통보 삭제될 수 있습니다.

#마츠다 #맛출장 #마츠다부장 #마포 #중식",2026-03-27T10:00:19Z,"마츠다,마츠다부장,맛출장,오사카부장,직장인,퇴근길,술먹방,먹방,혼술,노포맛집,서울노포,김치전,동동주,막걸리,mukbang,koreanfood,streetfood,맛집,마부장,한국 맛집 투어,한국 술 문화,서울 여행 코스,일본인 한국 여행,한국,일본,로컬여행,오사카,오사사,술자리,소주,맥주,사케,술집,요리,중식,중국집",22,ko,PT23M18S,2d,hd,false,6150,290,0,28,public,youtube,True,False,"https://en.wikipedia.org/wiki/Food,https://en.wikipedia.org/wiki/Lifestyle_(sociology)",https://i.ytimg.com/vi/lddkiGQ-R48/maxresdefault.jpg,thumbnails/맛출장마츠다의맛있는출장/lddkiGQ-R48.jpg
서태승,UCDWMmcE_oPx4l6RgZ8JVkng,dwnNyxsoMFw,"""ㅈ됐네..""경북 구미 단골과 사장의만남..""진짜 잘하시네""트로트 가수 황준과 민지홍의 노래대결!!그리고 마지막 쉬야 사건까지..!!","투네이션 후원하기 ▶https://toon.at/donate/only27400247

#김해꼬마",2026-03-08T04:24:55Z,,22,ko,PT21M28S,2d,hd,false,5399,60,0,11,public,youtube,True,False,"https://en.wikipedia.org/wiki/Music,https://en.wikipedia.org/wiki/Music_of_Asia",https://i.ytimg.com/vi/dwnNyxsoMFw/maxresdefault.jpg,thumbnails/서태승/dwnNyxsoMFw.jpg
땅끝마을 임선생,UCH89iJse_8YRE31xtiu1byQ,k7bEMUaKg2o,봄에는 '풋마늘' 사오셔서 이렇게 무쳐보세요! 너무 쉽고 맛있습니다~(+하라다키요이 행주 공구),"안녕하세요 여러분! 오늘은 요즘 제철인 풋마늘을 가지고 정말 잘 어울리는 김을 넣어 참 간단한 반찬 한가지를 만들어봤어요😊 진짜 쉽고 맛있으니 제철일때 꼭 드셔보세요~^^

*재료*
풋마늘 100g, 김 4장
*양념: 국간장 1작은술, 참치액 2작은술, 생들기름 2작은술, 참기름 1작은술(참기름 2작은술, 생들기름 1작은술도 괜찮아요), 깨소금 1큰술

📌저희 콘텐츠(영상/설명문구/촬영화면) 무단 복제·재편집을 금지합니다. 요리 레시피 자체는 공유의 가치가 있지만, 저희 고유한 방식과 표현은 소중한 창작물입니다.
----------------------------------------------------------------------------------------
그리고 요즘 정말 문의가 많았던 행주!
제가 직접 몇 개월간 써보고 찐으로 좋아서 가져왔어요.

주변에서 일본 여행 간다고 하면
꼭 사오라고 부탁한다는 제품이라더라구요👍

고급 순면, 일본 국민템
“하라다 키요이"" 행주 공구를 일주일간 진행합니다 💛

📌 하라다 키요이 행주 공동구매 일정 : 3/23(월) ~ 3/29(일)
✅ 구매 링크 : https://srok.kr/gh7PX

☎️ CS 문의 : http://pf.kakao.com/_livqn/chat
(*카톡문의 가능시간 : 평일 오전 9시 ~ 오후 5시 / 점심시간: 오후 12시~1시)


🌸 하라다 키요이 행주 — 왜 그렇게 유명할까요? 🌸

원단과 원단 사이에 공기층을 살려 부드럽고 통기성이 뛰어난
전통적인 ‘모기장 직조 기술’을 적용했다고 해요~

한 겹 한 겹 층층히 엮인 거즈 조직이 
물기와 기름기를 말끔히 닦아냅니다👍

🌟 특히 오염에 정말 강해서 신기해요!

김가루 / 고춧가루 / 반찬 국물 / 김치 양념 등
막 닦아도

 물로 슥슥 빨면
✨신기할 정도로 바로 깨끗!✨

저도 처음 써보고 놀랐어요😳

✔️ 물 흡수력이 정말 뛰어나요
✔️ 닦고 나면 물자국 없이 깔끔
✔️ 통기성이 좋아 금방 보송하게 건조
✔️ 냄새가 잘 나지 않아요
✔️ 오래 쓸수록 보들보들 부드러워짐

🌼 그리고 무엇보다… 정말 예쁩니다.

❌ 숨겨두는 행주
⭕️ 걸어두고 싶은 행주

디자인이 다양해서 취향대로 고를 수 있고
주방 분위기가 훨씬 깔끔해 보여요 😊

손님 오실 때도 민망하지 않아요 👍

👉 봄에 행주 하나 바꿨을 뿐인데
설거지 후 정리, 식탁 닦기, 물기 제거가
훨씬 편해져서 생활 만족도가 확 올라갑니다💛


❤️공구 제품:

① 카야 7겹 기슈 비장탄 행주 30×30cm (3P)
➡️ 숙련된 장인이 만든 '기슈 비장탄' 행주는 숯의 자연적인 정화력 덕분에 천연 항균 탈취 효과가 더 높아요.

② 카야 7겹 프린트 행주 세트 (코지블루/옐로우팝) 30×30cm (4P)
➡️ 디자인 고르기 힘드실 때, 4개 세트로 구성된 이거 하나 사시면 딱이에요!

③ 카야 7겹 프린트 행주 단품 30×40cm
➡️ 원하는 디자인 단품 선택이 가능해요. 어떤 걸 고르셔도 참 예쁠 거예요^^ 하지만 마찬가지로 성능도 최고. 얼룩이 순식간에 사라져요.

④ 순면 8겹 거즈 행주 28×28cm (2P)
➡️ 부드럽고 섬세한 순면 100%가 무려 8겹! 귀여운 디자인 2개가 세트예요. 저는 그릇닦고 컵, 찻잔 닦을 때 이게 너무 좋았어요.


🌻 쓸수록 부드럽고 폭신해지는 행주

디자인이 다양하고 예쁜 게 정말 많아서
주방에 무심하게 툭 두어도 인테리어가 됩니다 ✨

🎥 임선생이 소개하는 자세한 제품 설명을 보고 싶으시다면, 영상 뒷부분을 참고해주시기 바랍니다☺️

🧚‍♀️사용 팁🧚‍♀️
✔️ 처음에는 풀기가 있어 빳빳할 수 있으나, 2~3회 세탁 후 부드러워집니다.
✔️ 삶으면 변색될 수 있으니, 끓인 물을 한김 식혀 약 15초 담갔다 건조하면 위생적으로 사용 가능합니다.

#풋마늘무침 #김풋마늘무침 #김풋마늘

🎵Music provided by 브금대통령
🎵Track : 5월의 데이트 - https://youtu.be/TvrsS-JlJHg
🎵Music provided by 브금대통령
🎵Track : 써니사이드업 - https://youtu.be/x7uK5IwqqIw
*자막편집: Vrew

#풋마늘무침하는법 #풋마늘 #풋마늘반찬 #풋마늘요리 #풋마늘나물 #김나물 #하라다키요이 #행주공구 #하라다키요이공구
#땅끝마을 #해남댁 #해남임선생 #땅끝임선생 #임승정 #KFOOD  #kfood #땅끝마을임선생",2026-03-23T09:35:56Z,"땅끝마을,땅끝맛,땅끝의맛,궁중음식,조선왕조궁중음식,땅끝의 맛,조선왕조 궁중음식,궁중음식이수자,임선생요리,요리임선생,음식임선생,땅끝임선생,땅끝요리,땅끝임선,임선생,해남,땅끝,풋마늘무침,풋마늘나물,김풋마늘무침,김풋마늘,풋마늘,하라다키요이,하라다키요이공구,행주",26,ko,PT7M49S,2d,hd,false,22279,651,0,49,public,youtube,True,False,"https://en.wikipedia.org/wiki/Food,https://en.wikipedia.org/wiki/Lifestyle_(sociology)",https://i.ytimg.com/vi/k7bEMUaKg2o/maxresdefault.jpg,thumbnails/땅끝마을임선생/k7bEMUaKg2o.jpg
요요핑키 YOYOPINKY,UCnZ_FOKhwrBq9LsCJbDl_Ig,AFkICl2d6Os,신상버거 5종 털어서 먹어봤어요! 초고도비만 아줌미 햄버거 몇개나 먹을 까?,"결국 남편이랑 버거 세개씩 먹음..다음에 더 먹을수 있나 도전함ㅋㅋ
요즘 물가 미쳤는데… 수제버거가 3,900원인거 실화냐고요 🍔
직접 먹어봤는데 가격 생각하면 진짜 말 안됨…
그냥 싸기만 한 게 아니라 패티도 제대로고 소스도 맛있어서 솔직히 좀 놀랐어요
저는 개인적으로
👉 새우카츠 들어간 골드(미라클파워)랑
👉 불고기 들어간 그린(샤이닝불고기) 맛있었고
사이드도 은근 중요하잖아요…
치즈링이랑 어니언링 같이 먹으면 그냥 끝남 🧀🧅
그리고 스리마요 소스 이거 은근 치트키라서
찍어 먹으면 맛 확 살아나요…👍
요즘처럼 외식 부담될 때
가볍게 먹기 괜찮은 느낌이라 한번 가보셔도 좋을 듯해요!
✔️ 매장 방문 특가라서 참고하셔야 하고
✔️ 이벤트도 같이 하고 있어서 관심 있으신 분들은 참여해보셔도 좋을 것 같아요 :)

🎁 [릴스 이벤트] 10만 포인트의 주인공은? 💸
 ✅ 참여 방법
 1️⃣ 인스타/유튜브에서 '왓더레인저' 오디오 검색 후 사용! 🎵
 2️⃣ 왓더레인저 메뉴 인증샷 또는 릴스 촬영! 
3️⃣ #왓더버거 #왓더레인저 태그 달고 업로드! 
🎁 경품 : 왓더버거 10만 포인트 (추첨 30명) 
📍 안내 : 프로필 링크(@what_the_burger)에서 참여 방법 확인! 지금 바로 가까운 매장에서 #왓더레인저를 만나보세요! 🏃

#왓더버거 #왓더레인저


#브이로그#다이어트#고도비만#여행#먹방브이로그 #집밥먹방 #현실부부 #부부대화 #자존감 #일상브이로그 #주부브이로그 #고도비만주부 #햄버거먹방 #수제버거",2026-03-19T10:30:07Z,"브이로그,다이어트,고도비만,여행,자존감,먹방브이로그,집밥먹방,현실부부,현실집밥,일상",24,ko,PT12M29S,2d,hd,false,22389,534,0,94,public,youtube,True,False,"https://en.wikipedia.org/wiki/Food,https://en.wikipedia.org/wiki/Lifestyle_(sociology)",https://i.ytimg.com/vi/AFkICl2d6Os/maxresdefault.jpg,thumbnails/요요핑키YOYOPINKY/AFkICl2d6Os.jpg
엄마새 mommybird,UChohCCCKwaZAXrfmdurxdyA,eftXayRzJ-Y,코스트코 연회비 뽕뽑는 그릇/주방용품 35가지 👀보이면 냉큼 카트에 담아야할 품절대란 비밀 아이템,"#코스트코 #코스트코추천템 #주방용품 

00:00 지난주 난리났던 냄비/후라이팬 정보
00:20 보이면 쓸어담아야할 그릇들
03:21 보관용기/밀폐용기
05:06 주방꿀템
06:07 커피잔, 컵, 와인잔
07:44 칼, 가위
08:26 기타 주방용품 추천템

메일 : mommybird23@naver.com
인스타그램 : @mommybird__",2026-03-20T14:28:52Z,,26,ko,PT11M9S,2d,hd,false,16068,146,0,4,public,youtube,True,False,"https://en.wikipedia.org/wiki/Food,https://en.wikipedia.org/wiki/Lifestyle_(sociology)",https://i.ytimg.com/vi/eftXayRzJ-Y/maxresdefault.jpg,thumbnails/엄마새mommybird/eftXayRzJ-Y.jpg
"30년 집밥, 배여사",UCHmMtQ0B59EuRRANVhiOPqA,lHAV46uVIZo,비빔밥 이렇게 간단합니다. 야채 일일이 볶지 마세요!,"집밥여사님들 안녕하세요?
집에 야채랑 고추장만 있을대 초 스피드로 만드는 비빔밥, 야채들 일일이 볶지않고 한번에 쪄서 정말 간단하게 해 먹는 방법인데요, 진짜 담백하고 깔금한 맛으로 드실 수 있어요.

▶ 재료 (3인분)
  포항초시금치 5뿌리, 당근 반개(약 80g),애호박1토막반(약 90g), 무 1토막(약 100g), 느타리버섯 100g, 콩나물 크게 두줌 

▶ 조리방법 
1. 당근과 애호박, 무는 너무 굵지않게 가늘게 채 썰어주세요. 애호박 속은 찌개 끓일때 넣으면 되니 단단한 부분만 채 썰어 주세요.
2. 시금치 반 잘라주시고, 느타리버섯도 결대로 찢어주세요.
3. 김이오른 찜기에 야채 모두 넣고, 콩나물도 크게 두줌 얹어 콩나물 머리가 익을 정도로, 딱 3분만 쪄서 한김 식혀주세요. 절대로 야채가 푹 쪄 지면 않되요.
4. 밥한공기 넣고 찐 야채 기호데로 올려 고추장에 참기름 넣고 비벼드시면 됩니다",2026-03-23T22:34:14Z,,26,en-US,PT3M16S,2d,hd,false,112279,2189,0,96,public,youtube,True,False,"https://en.wikipedia.org/wiki/Food,https://en.wikipedia.org/wiki/Lifestyle_(sociology)",https://i.ytimg.com/vi/lHAV46uVIZo/maxresdefault.jpg,thumbnails/30년집밥배여사/lHAV46uVIZo.jpg
김효진,UC9o3fKRDPJGfRkJJFn8RiRg,gOVU9vYadvI,간만에 무난한 맵이 나왔네요.. 그랜드 챔피언스 리그 8강전 시작!,"이메일 문의 : rlagywls6166@gmail.com

후원 링크 : https://toon.at/donate/637154808456174373

카톡 오픈채팅방 : https://open.kakao.com/o/g49wF00b

1:1 오픈채팅 : https://open.kakao.com/o/sigCB2Of

아웃트로 bgm
Music: TheFatRat & JJD - Prelude (VIP Edit)
Watch the official music video: https://tinyurl.com/tfrpreludeVIP
Follow TheFatRat: https://ffm.bio/thefatrat

#쿠키런 #오븐브레이크 #cookierun",2026-03-25T01:35:43Z,"쿠키런,오븐브레이크,김효진,쿠키런 오븐브레이크,쿠키런 랜드,모바일게임,cookierun,쿠키런오븐브레이크,쿠키런 공략,쿠키런 버그,떼탈출 사막 요구르카,쿠키런 업데이트,쿠키런 신규쿠키,쿠키런 신규보물,쿠키런 트로피 매칭,쿠키런 꿀팁,쿠키런 노하우,쿠키런 코인버는법,우정런,쿠키런 크리스탈,쿠키런 쿠폰,마법사들의 도시 떼탈출,쿠키런 무과금,쿠키런 조합추천,쿠키런 손크로,쿠키런 빌드,마오븐,슈가티어,떼탈출,커스텀런,챔피언스리그,마스터랜드,무지개큐브,코인벌이,쿠키런팁,쿠키런잘하는법,쿠키런랭커,길드전,아레나,쿠키의도전,훈련소,요구르카,마도시,계정평가,랭커조합,떼탈출조합,랜덤떼탈출,신규쿠키,유물작,쿠키런 챔스,Crown길드,쿠키런 리뷰,쿠키런 과금,쿠키런 PC,쿠키런 계정,쿠키런 스펙,쿠키런 무과금계정,쿠키런 보물,보물티어,쿠키티어,펫티어,레전드쿠키,레전드펫",20,ko,PT4M35S,2d,hd,false,3059,27,0,7,public,youtube,True,False,,https://i.ytimg.com/vi/gOVU9vYadvI/maxresdefault.jpg,thumbnails/김효진/gOVU9vYadvI.jpg
셰프 안성재 Chef Sung Anh,UCZffS3HZmQz18zuCWStcfSA,Xy_WnyTkh-o,[ENG] 출출 세포 달래러 왔습니다🍴남매 케미 자랑하는 김고은&안성재의 봄맞이 달래 된장찌개&초간단 차돌박이 볶음 레시피 공개ㅣ안성재거덩요👨‍🍳,"안녕하세요, 안성재입니다.
오늘은 [유미의 세포들 시즌3]로 돌아온 김고은 님이 찾아주셨습니다.

김고은 님께서 봄에 맞는 향긋한 감자 달래 된장찌개를 준비해오셨는데요.
저도 김고은 님의 된장찌개와 곁들일 초간단 차돌박이 디시를 만들어 보았습니다.

김고은 님의 시원시원한 성격처럼 요리도 뚝딱뚝딱 만들어 가는 과정이 재밌었는데요.

이븐이 분들도 봄을 맞아 집에서 달래 된장찌개와 초간단 차돌박이 볶음을 만들어 보시면 좋을 것 같습니다.

그럼, 오늘도 재미있게 시청해 주세요.
다음 주에 또 뵙겠습니다.
*
* 
*
🍳스테니에서 대박 큰 거 왔어요!!
스테니와의 두번째 만남💕 혜택도 두배🎁
최대 할인 57% + 구독자 🎟️ 시크릿쿠폰 10%

https://bit.ly/4uRoNJl
📌 쿠폰 코드 : CHEF325 (⚠️ 네이버페이 사용 시, 할인코드 적용 불가)
📌 이벤트 기간 : 3/25 ~ 3/31 (단, 일주일)

✅ 출시 500일만에 50만개 판매! 홈쇼핑 4회 연속 매진!
✅ 인덕션, 하이라이터, 화로, 오븐 사용 🙆🏻‍♀️ 심지어 식기세척기도 OK
✅ 바닥만 5중이 아닌 팬 전체가 통5중으로 높은 열보존 & 적은 변형으로 오래오래 사용
✅ 국내 최초 무연마제 스텐팬, 안전한 국산 제품으로 편한 AS
*
*
*
매주 수요일 6시 45분,
이븐하게 만나요🍽

#안성재 #김고은 #유미의세포들 #스테니 #달래된장찌개 #차돌박이볶음 #셰프안성재 #유료광고포함

🍴문의 사항 : studioslam.ytb@gmail.com

🍴본 채널에 대한 허위 사실과 출연자에 대한 무분별한 욕설, 비난 등의 악의적인 댓글은 무통보 삭제될 수 있습니다.",2026-03-25T09:45:00Z,"안성재,안성재셰프,김고은,배우,유미의세포들,유미,스타작가,된장찌개레시피,차돌박이레시피,봄나물,달래된장찌개,한식,스테니,스텐팬,무연마제,스테니스탠팬,후라이팬,셰프안성재,안성재유튜브,쉐프,쉐프안성재,흑백요리사,안성재식당,모수,미슐랭,미슐랭2스타,안성재모수,넷플릭스,흑수저,백수저,음식,먹방,맛집,이븐,이븐하게,레시피,푸드,food,chef,chefsunganh,sunganh,안성재채널,안성재셰프유튜브,브이로그,anhsungjae,안성재요리,유튜브안성재,덩요,셰프안성재chefsunganh,셰프안성재채널,요리,안성재브이로그,안성재밖성재,밖성재,먹방브이로그",24,ko,PT27M27S,2d,hd,true,407971,6700,0,528,public,youtube,True,False,"https://en.wikipedia.org/wiki/Food,https://en.wikipedia.org/wiki/Lifestyle_(sociology)",https://i.ytimg.com/vi/Xy_WnyTkh-o/maxresdefault.jpg,thumbnails/셰프안성재ChefSungAnh/Xy_WnyTkh-o.jpg
조시의 유학,UCUTILrcak54H05HoCtgFNHg,RchyQ8YMSes,난생처음 가본 중국집… 미국 동생들 신세계 경험했습니다 🍜🔥,"가족과 함께하는 평범한 일상이 가장 아름다운 순간입니다. 작은 것에 감사하고, 서로를 위해 살아가는 이야기. 조시의 유학으로 여러분을 매주 초대합니다.

사랑하는 여러분 안녕하세요, 조시입니다 😊 이번주는 남쇼 이틀차 일정을 마치고 갔던 중국집에서의 추억을 전해드려요. 오징어 같은 해물은 평생 먹어본 적 없어 무서워하던 동생들도 한번 도전해보고 아주 좋아하네요. 항상 열린 마음으로 뭐든지 도전할 줄 아는 동생들이 사랑스럽습니다. 모두 감사와 즐거움이 넘치는 하루 되시길 바라며 다음주 금요일에 또 뵙겠습니다! 

항상 감사하고 사랑합니다,
조시 드림",2026-03-27T02:00:19Z,,24,ko,PT12M10S,2d,hd,false,38849,2157,0,65,public,youtube,True,False,"https://en.wikipedia.org/wiki/Food,https://en.wikipedia.org/wiki/Lifestyle_(sociology)",https://i.ytimg.com/vi/RchyQ8YMSes/maxresdefault.jpg,thumbnails/조시의유학/RchyQ8YMSes.jpg
산촌tv,UCWveBrDFpKmAkMdGIDsX3GQ,CEJEaEZlgPM,2026년3월3일 #폭설 산촌네집 #cctv ,젖은 눈이 30cm 이상 왔어요 오전엔 눈치우기 운동 쫑이가 눈을 좋아하네요 #눈,2026-03-03T02:25:01Z,,26,ko,PT1M50S,2d,hd,false,1448,73,0,14,public,youtube,True,False,https://en.wikipedia.org/wiki/Lifestyle_(sociology),https://i.ytimg.com/vi/CEJEaEZlgPM/maxresdefault.jpg,thumbnails/산촌tv/CEJEaEZlgPM.jpg
기쁨가득tv,UCITHl51v1aGOi2vksmaLDcA,-6rEooFJpYM,#  💥심약자 시청주의💥 우럭회떠요,This stream is created with #PRISMLiveStudio,2026-03-27T12:19:23Z,,24,ko,PT54M36S,2d,hd,false,33772,39,0,2,public,youtube,True,False,"https://en.wikipedia.org/wiki/Food,https://en.wikipedia.org/wiki/Lifestyle_(sociology),https://en.wikipedia.org/wiki/Pet",https://i.ytimg.com/vi/-6rEooFJpYM/maxresdefault.jpg,thumbnails/기쁨가득tv/-6rEooFJpYM.jpg
Su:Cream_수크림,UC3nqnlhR3C4sTsT0IROH4rA,AD1FhtFB9OI,포르치니 크림 뇨끼 🍄‍🟫| 입이 호강하는 홈스토랑 메뉴 레시피,"세상 고급진 찐한 향! 포르치니 크림 뇨끼 🍄‍🟫

* 재료 (1.5인분)
(감자 뇨끼) 감자 350g, 계란노른자 1알, 강력분 3큰술, 넛맥가루 1꼬집, 소금 1/2작은술, 그라나파다노 1/2컵
+ 버터 10g, 식용유
(포르치니 크림 소스) 건 포르치니 15g, 뚜거운 물, 양파 1/4개, 올리브오일 1큰술, 다진마늘 1/2큰술, 소금, 후추, 생크림 150ml,  그라나파다노, 버터
(토핑) 그라나파다노, 트러플오일, 파슬리, 후추

💵비즈니스 문의💵
인스타그램 su.cream.s2
이메일 ippeun825@naver.com",2026-03-26T08:00:06Z,"뇨끼,뇨끼 레시피,파스타,파스타 레시피,뇨끼 만들기,감자 뇨끼,감자요리,감자 뇨끼 레시피,감자 뇨끼 만들기,크림 뇨끼,버섯 크림 뇨끼,버섯 파스타,크림 뇨끼 레시피,브런치,브런치레시피,브런치 만들기,브런치 메뉴,Gnocchi recipe,Gnocchi,Creamy,Pasta,Brunch idea,Recipe",22,ko,PT3M8S,2d,hd,false,197,14,0,3,public,youtube,True,False,"https://en.wikipedia.org/wiki/Food,https://en.wikipedia.org/wiki/Lifestyle_(sociology)",https://i.ytimg.com/vi/AD1FhtFB9OI/maxresdefault.jpg,thumbnails/SuCream_수크림/AD1FhtFB9OI.jpg
김김푸드KFood,UC4A4MaASYX1WkFAhp0JCwLA,uBHolZ10Qbg,중국집 계란볶음밥,"중국집 계란볶음밥

위치(google map)
https://maps.app.goo.gl/dTaeEQ6LiVKnEAU76",2026-03-08T05:51:03Z,,22,ko,PT8M18S,2d,hd,false,326,14,0,1,public,youtube,True,False,"https://en.wikipedia.org/wiki/Food,https://en.wikipedia.org/wiki/Lifestyle_(sociology)",https://i.ytimg.com/vi/uBHolZ10Qbg/maxresdefault.jpg,thumbnails/김김푸드KFood/uBHolZ10Qbg.jpg
투밥스,UCZnC5XlhVApnUjZk6h0zmLA,c-i3zR5Gt54,1만원 회정식 vs 1.5만원 간장게장정식 승자는!?,"1만원 회정식 vs 1.5만원 간장게장정식 승자는!?

요즘 같은 고물가 시대에
“이게 진짜 가능한 가격이야?” 싶었던
인천 가성비 맛집 2곳을 털고 왔습니다.

첫 번째는 점심 한정 10,000원 회정식.
두툼~하고 쫄깃한 광어&숭어회에
초밥, 알밥, 그리고 라면사리까지 들어간 매운탕까지…
이 가격에 이 구성이면 진짜 반칙입니다.

두 번째는 15,000원 간장게장 정식.
짜지 않고 고소한 살 꽉 찬 간장게장에
겉바속촉 가자미구이,
그리고 전문점 뺨치는 제육볶음까지…
밥 두 공기 각 나오는 구성입니다.

만원 vs 만오천원.
가성비 끝판왕들의 맞대결에서
과연 밥대표의 선택은 어디였을까요?

역시 대식가, 미식가들이 살기 좋은 동네 'Welcome to Incheon!' 

1️⃣  통영수산물회센타
🔗 네이버 지도: https://naver.me/5RctcYvb
📍 인천 계양구 계산로 125
📍 점심특선 회정식 (10,000원 / 12~14시 한정)

2️⃣  돈타래게장정식
🔗 네이버 지도: https://naver.me/FDQXGZHm
📍 인천 부평구 열우물로 59
📍 간장게장 정식 (15,000원)

#인천맛집 #가성비맛집 #회정식 #간장게장 #투밥스",2026-03-27T09:00:41Z,"맛집,가성비맛집,맛집소개,맛집추천,맛집소개유튜버,가성비,투밥스,투밥,TwoBobs,로컬맛집,솔직후기,내돈내산,먹방,Mukbang,K-Food,노포식당,여행,가성비여행,국내여행,가성비식당,만원회정식,1만원회정식,만오천원간장게장,간장게장정식,회정식맛집,간장게장맛집,가성비끝판왕,점심특선,혼밥맛집,가성비식당추천,리얼리뷰,역대급가성비,만원의행복,가성비최강,인천맛집,인천가성비맛집,통영수산,돈타래,서구맛집,남동구맛집",19,ko,PT13M57S,2d,hd,false,30097,904,0,94,public,youtube,True,False,"https://en.wikipedia.org/wiki/Food,https://en.wikipedia.org/wiki/Lifestyle_(sociology)",https://i.ytimg.com/vi/c-i3zR5Gt54/maxresdefault.jpg,thumbnails/투밥스/c-i3zR5Gt54.jpg
완도수산,UCHWcpVmNBfWvKrAAK5RXGiA,0lBiOsQil8I,3/27일 왕특대전복 활전복 엄청 싱싱합니다 #전복 #활전복 #완도전복 #뻘낙지 #홍어 #고추장멸치 ,,2026-03-27T01:32:13Z,,22,ko,PT1M53S,2d,hd,false,250,7,0,0,public,youtube,True,False,"https://en.wikipedia.org/wiki/Food,https://en.wikipedia.org/wiki/Lifestyle_(sociology),https://en.wikipedia.org/wiki/Pet",https://i.ytimg.com/vi/0lBiOsQil8I/hqdefault.jpg,thumbnails/완도수산/0lBiOsQil8I.jpg
릴리안뜨개질Lilian knitting&crochet,UCMZdWAFe2vlELIK3nDqgUzA,R9eIQBJ4LMU,릴리안뜨개질Lilian knitting&crochet 라이브 스트리밍 중,,2026-03-24T01:21:38Z,,27,ko,PT29M6S,2d,hd,false,75,2,0,0,public,youtube,True,False,"https://en.wikipedia.org/wiki/Hobby,https://en.wikipedia.org/wiki/Lifestyle_(sociology)",https://i.ytimg.com/vi/R9eIQBJ4LMU/maxresdefault.jpg,thumbnails/릴리안뜨개질Lilianknittingcrochet/R9eIQBJ4LMU.jpg
삼대장 Samdaejang,UCa56qkMvVvq1IMn4xbXaKEA,23L5j27USwo,그만할 때 됐나 봐요... 폭룡적인 배달 헬파티 이거 맞나요? - 운빨ㅈ망먹방 - ep.55,"이 운명의 나선은 어디서 끝날까
---------------------------------------------------------------------
경원 인스타그램 ☞  woney2ny
재영 인스타그램 ☞  nowzero92
도윤 인스타그램 ☞  creyoon

#삼대장 #먹방 #운빨먹방 #운빨ㅈ망먹방 #먹방브이로그 #예능 #mukbang #challenge",2026-03-27T11:00:01Z,"삼대장,삼대장 운빨,운빨ㅈ망먹방,운빨먹방,배달 먹방,먹방 브이로그,mukbang,감스트,파뿌리,파뿌리 24,문복희,쯔양,히밥,유노,야식이,광마니,대식가",24,ko,PT39M32S,2d,hd,false,92960,1609,0,394,public,youtube,True,False,"https://en.wikipedia.org/wiki/Food,https://en.wikipedia.org/wiki/Lifestyle_(sociology)",https://i.ytimg.com/vi/23L5j27USwo/maxresdefault.jpg,thumbnails/삼대장Samdaejang/23L5j27USwo.jpg
영월김삿갓,UC6KnqtxjfpKs9H4udPDBcEw,GQOlo3Toh9E,영월김삿갓 랭이무침 라이브 먹방,,2026-03-27T23:55:20Z,,22,ko,PT2H26M22S,2d,hd,false,543,46,0,2,public,youtube,True,False,"https://en.wikipedia.org/wiki/Food,https://en.wikipedia.org/wiki/Lifestyle_(sociology)",https://i.ytimg.com/vi/GQOlo3Toh9E/hqdefault.jpg,thumbnails/영월김삿갓/GQOlo3Toh9E.jpg
스토리테일러,UCJZGuNfcScNTG_y2p1P5MJg,7voMwJ5zgfU,[EVENT] 여그. 서 랜~쇼페인지 쇼핑.축제 헌다고? 명화 누님과 기강 잡으러 다닌 하루 | 홍보신3 EP.6,"압도적 득템쇼로 무장한
신세계그룹의 상반기 쇼핑 대축제 
랜더스 쇼핑페스타! 

홍보신이 랜쇼페를 검증하고 잡도리(?)하기 위해
특.별.히 이명화씨(랄랄)를 모셔왔는데요

랜쇼페 담당자들은 과연
홍보신과 명화 누님을 만족 시킬 수 있을까요? 
지금 영상에서 확인해 보세요!

🎉2026 랜더스 쇼핑페스타🎉
기간 : 2026년 4월 1일(수) ~ 4월 12일(일)
혜택 미리보기 : https://event.ssg.com/eventDetail.ssg?nevntId=1000000021851&domainSiteNo=6005

❤댓글 이벤트❤

압도적 득템쇼 2026 랜쇼페! 
영상에 소개된 스타템, 슈퍼스타템 중 가장 득템하고 싶은 것은 무엇인가요? 
댓글 남겨주신 분 중 세 분을 선정하여 신세계상품권 3만원권을 드립니다!

📢이벤트 참여 방법📢
1. 스토리테일러 채널 구독 (♥필수♥)
2. 본 영상 좋아요👍🏻
3. 득템하고 싶은 제품과 시청소감을 댓글로 남긴다

기간 : 2026년 3월 27일(금) ~ 4월 3일(금)
당첨자 발표 : 4월 6일(월) 대댓글 개별 발표

당첨자로 선정된 분 중 기간 내 정보 미발신시 당첨이 취소될 수 있습니다.
다계정 중복 참여 시 당첨에 제한이 있을 수 있습니다.

여러분들의 구독과 좋아요는 사랑입니다😍

#홍보신 #신세계그룹 #랜더스쇼핑페스타 #압도적득템쇼 #랜쇼페  #랄랄 

00:00 하이라이트
00:10 오프닝
00:44 58년생 개띠 건물주 등장
02:11 시그널
02:27 첫 번째 검증 체크리스트
04:51 랜쇼페 담당자들 잡도리
06:48 스타필드 랜쇼페 혜택
07:22 SSG.COM 랜쇼페 혜택
08:59 G마켓 랜쇼페 혜택
09:46 랜쇼페가 준비한 압도적 상품
11:11 두 번째 검증 체크리스트
12:49 스타템 검증 1. 수산
14:06 스타템 검증 2. 헤비 앤 텐더
16:41 스타템 검증 3. 와인
19:52 세 번째 검증 체크리스트
20:57 오늘의 검증 결과는?
21:01 엔딩",2026-03-27T03:00:02Z,"신세계그룹,홍보신,랜쇼페,랜더스쇼핑페스타,랄랄,이명화,압도적득템쇼,득템쇼,스타템,슈퍼스타템,이마트와인,이마트연어,이마트고기,헤비앤텐더,랜쇼페스타필드,랜쇼페쓱닷컴,랜쇼페G마켓,네고왕,달라스튜디오,전과자,풍자,또간집,채널십오야,나영석,십오야,이서진,쯔양,히밥,ralral,쇼핑,신세계,백화점,신세계강남,강남신세계,스타필드,스타필드하남,스타필드수원,이마트,emart,무한도전,할인,세일,특가",26,ko,PT21M30S,2d,hd,false,158735,0,0,116,public,youtube,True,False,https://en.wikipedia.org/wiki/Lifestyle_(sociology),https://i.ytimg.com/vi/7voMwJ5zgfU/maxresdefault.jpg,thumbnails/스토리테일러/7voMwJ5zgfU.jpg
서울우유 seoulmilk,UCPz4i66EweVQPddqYq7uULg,xpAg9fe6eBk,당신을 위한 듀오안 오리지널x배우'이규형',"새롭게 리뉴얼된 듀오안 
프리미엄 유산균 듀오락과 푸룬주스 농축액이 함유된 듀오안 오리지널 💜

#서울우유#듀오안#서울우유듀오안#듀오안오리지널#듀오락#유산균발효유#이규형#푸룬주스발효유
 

서울우유 공식 인스타그램 바로가기 : https://www.instagram.com/seoulmilk_official/",2025-12-09T07:50:38Z,,22,ko,PT25S,2d,hd,false,809,4,0,2,public,youtube,True,False,https://en.wikipedia.org/wiki/Entertainment,https://i.ytimg.com/vi/xpAg9fe6eBk/hqdefault.jpg,thumbnails/서울우유seoulmilk/xpAg9fe6eBk.jpg
한식진흥원_ Korean Food Promotion Institute,UCMYWTWEIyAhd98yifsq6vEg,bKedRVWgsKc,2025년 해외 우수 한식당 워크숍&지정서 수여식,"🏆해외 우수 한식당 워크숍 & 지정서 수여식
⠀
지난 2월, 2025년 우수 한식당으로 선정된 7개소의 대표님들과 셰프님들이 한자리에 모였습니다. 한식에 대한 이해와 전문성을 더했던 뜻깊은 시간! 그 현장을 영상으로 만나보세요! 🎥

📍 싱가포르
내음 · 서울 레스토랑 · 엄용백
📍 LA
대도식당 · 바루 · 수원갈비
📍 파리
순그릴 샹젤리제

🌐 Excellent Korean Restaurant Workshop & Designation Ceremony
⠀
Last February, representatives and chefs from the seven restaurants selected for 2025 gathered to enhance their understanding and expertise in Korean cuisine. Watch the highlights from the event! ✨
⠀
⠀
#한식진흥원 #Koreanfoodpromotioninstitute​
#한식 #Hansik #Koreanfood #Kfood​
#해외우수한식당 #excellentkoreanrestaurant",2026-03-27T01:00:22Z,,29,ko,PT4M26S,2d,hd,false,47,6,0,0,public,youtube,True,False,"https://en.wikipedia.org/wiki/Business,https://en.wikipedia.org/wiki/Food,https://en.wikipedia.org/wiki/Lifestyle_(sociology)",https://i.ytimg.com/vi/bKedRVWgsKc/maxresdefault.jpg,thumbnails/한식진흥원_KoreanFoodPromotionInstitute/bKedRVWgsKc.jpg
여수언니 정혜영 [Yeosu Unnie],UCrIxxmIq7logJFN6Bw_1KTA,D8cPfrAapqM,SUB)먹방VLOG)버섯매운탕칼국수+알배기 쭈꾸미숙회🐙육회+치즈볶음밥 핫템🔥당일생산[창억떡]호박인절미&냉동떡 비교리뷰 모듬찰떡+동부찰떡 황치즈시리즈🧀택배휘낭시에 MUKBANG❤️,"여러분❤️오늘은 식사일기를 가지고 왔어요 :)

이번 영상은
정말 맛있는 밀키트,
요즘 제철인 알 꽉 찬 주꾸미,
완전 핫한 당일 생산 창억 호박 인절미에 
단종소식으로 몸값이 엄청 올랐다가 재생산 소식 들린
황치즈 디저트.. 
거기에 강릉 휘낭시에 맛집까지 

뭐 하나 거를 타선이 없는 맛도리들로 꾹꾹 눌러 담은
식사일기입니닷❤️

앞으로는 한 달에 3개 정도 영상이 꾸준히 업도르될 수 있도록
스케줄을 짜놨으니 우리 좀 더 자주 보도록 해요!

저는 업로드 해놓고 
서울 출장, 부산 출장, 광주 야구장, 은채랑 대전 여행까지 잘 다녀올게요!
그러고는 바로 맛있는 영상 만들어지는 데로 찾아오겠습니닷 :)

다들 날씨 따뜻해졌으니 운동 더 열심히 하시구~ ㅎㅎ
곧 다가올 벚꽃도 만끽하시길 바랄게요!

아 참, 지난 영상에 소개된 초코롤퐁도 정말 많이 사랑해 주셔서 감사해요 ㅠㅠ
요즘 초코롤퐁 인기가 어마어마해서 품절 대란이고 난리네요..🥹 
드셔보신 분들이 입소문을 더 많이 내주신 거 같아요! 
감사합니다 정말🙇‍♀️ 다 봄나리들 덕분이에요 ㅠㅠ 흑흑

아무튼!! 
오늘도 귀한 시간 내어 보러 와주셔서 감사하구
다음 주도 예쁜 날들로 가득하시길 바랄게요!!

무조건 응원하고 무조건 사랑합니다❤️



추신 : 간혹 댓글이나 대댓글로 서로 기분 상하는 말들을 하는 경우 삭제하겠습니다..! 




⋱⋰ ⋱⋰ ⋱⋰ ⋱⋰ ⋱⋰ ⋱⋰ ⋱⋰ ⋱⋰ ⋱⋰ ⋱⋰ ⋱⋰


▶ 인스타그램 Instagram  👉🏻 https://www.instagram.com/yeosu.unnie 

▶ 이메일 Email 👉🏻 likejhy@naver.com 

▶ [봄날엔] 스마트 스토어 👉🏻  https://brand.naver.com/bomnaln

▶ [봄날엔] 자사몰 👉🏻 https://happybomnal.com/ 

▶ [해핏] 자사몰 👉🏻 https://happeat.co.kr/ 

▶ [봄나리 베이커리] 스마트 스토어 👉🏻 https://smartstore.naver.com/bomnarybakery

▶ [나의 봄날인 너에게]도서 구매링크  ↓↓↓
https://product.kyobobook.co.kr/detail/S000201550393 

▶ 마켓컬리 추천인 아이디 👉🏻 likejhy
 

⋱⋰ ⋱⋰ ⋱⋰ ⋱⋰ ⋱⋰ ⋱⋰ ⋱⋰ ⋱⋰ ⋱⋰ ⋱⋰ ⋱⋰


🖍타임라인
00:00 인트로❤️

00:46 [가양칼국수]버섯매운탕칼국수+샤브샤브 고기+알배기 쭈꾸미🐙

14:59 K-디저트 치즈 볶음밥🍚+육회❤️

19:07 살짝 TMI😏

23:28 탄산타임+_+

23:55 SNS 유행템 [창억떡]🔥

25:37 [창억떡] 당일 생산 구매 꿀팁💡

28:31 당일 생산 [창억떡]호박 인절미🎃

30:49 냉동 [창억떡]호박 인절미와 비교🧐

32:47 [창억떡]호박 인절미🎃맛있게 먹는 꿀팁

38:29 당일생산&냉동 [창억떡]모듬찰떡
+냉동 [창억떡]동부찰떡 +연유🤍

44:27 [오리온] 치즈공방 시리즈 에프굽🧀
촉촉한 황치즈 칩+마켓오 브라우니 체다&까망베르맛
+[벤슨] 저지밀크&말돈솔트 아이스크림🍦

49:22 [임당동162]휘낭시에&마들렌💕

50:39 [임당동162]고메버터 휘낭시에🧈

51:14 [임당동162]카라멜피칸 휘낭시에🥜

52:15 [임당동162]시나몬초코칩 휘낭시에🤎

53:18 [임당동162]무화과크림치즈 휘낭시에🧀

53:55 [임당동162]밀키바닐라 마들렌

54:41 [임당동162]구운옥수수 마들렌

55:48 [임당동162]래밍턴 마들렌

56:30 마무리 인사💕





-맛 평가는 어디까지나 제 입맛에 따른 개인적인 의견이니, 참고만 해주세요!🙏🏻



↓여수언니 두번째 채널(Yeosu Unnie’s second channel)↓
https://www.youtube.com/@BomnalUnnie

각국어 번역 자막 제작 : 
컨텐츠 제작의 마무리는 컨텐츠플라이! 글로벌 진출을 위한 최고의 파트너,
CONTENTSFLY에서 제작되었습니다.
https://www.contentsfly.com



Subtitles are in the process, I appreciate your patience
자막은 작업 중입니다, 조금만 기다려주세요
Subtitles can be selected in the settings
설정에서 자막을 선택할 수 있습니다",2026-03-22T10:00:20Z,"먹방,eatingshow,여수,브이로그,mukbang,vlog,여수언니,yeosu,디저트,korean food,여수맛집,yeosuunnie,yeosusister,빵순이,돼지파티,여수언니정혜영,モッパン,mukbang korean,korean mukbang,#モッパン,#mukbang,#koreanfood,#eatingshow,#먹방,정혜영,real sound,#real sound,#마켓컬리,#여자먹방,#realsound,dessert,#dessert,#빵,#vlog,봄날엔약과,약과,bomnal&,봄날엔디저트,해핏,봄날엔,가양칼국수,버섯매운탕,여의도가양칼국수,주꾸미,주꾸미숙회,쭈꾸미,쭈꾸미숙회,육회,볶음밥,창억,창억떡,창억떡집,당일생산창억떡,창억떡호박인절미,당일생산호박인절미,당일생산창억호박인절미,냉동창억떡,냉동호박인절미,모듬찰떡,동부찰떡,오리온황치즈,황치즈칩,마켓오브라우니황치즈,임당동162,강릉임당동162,강릉휘낭시에,휘낭시에택배,휘낭시에맛집",22,ko,PT57M59S,2d,hd,false,149747,1855,0,149,public,youtube,True,False,"https://en.wikipedia.org/wiki/Food,https://en.wikipedia.org/wiki/Lifestyle_(sociology)",https://i.ytimg.com/vi/D8cPfrAapqM/maxresdefault.jpg,thumbnails/여수언니정혜영YeosuUnnie/D8cPfrAapqM.jpg
Multi DO Joy Korean,UC965VtcQalsk45JoVHcyWDg,fJLzDYTpEAI,100 개의 음식 층 | 쉬운 비밀 해킹 및 가제트 Multi DO Joy,"우리는 새로운 요리에 도전합니다! 우리와 함께 하세요, 정말 재미있을 거예요!

친구들과 공유하십시오! 이와 같은 더 멋진 동영상을 보려면 YouTube 페이지인 Multi DO Joy Challenge를 구독하는 것을 잊지 마세요!

재미있고 맛있게 보세요!",2026-03-27T04:06:00Z,"challenge,challenges,prank,pranks,다 마,multido joy,multi do joy,챌린지,음식 챌린지,funny,for 24 hours,24 hours,DIY,craft,awkward",22,ko,PT18M4S,2d,hd,false,1735,13,0,1,public,youtube,True,False,"https://en.wikipedia.org/wiki/Food,https://en.wikipedia.org/wiki/Lifestyle_(sociology)",https://i.ytimg.com/vi/fJLzDYTpEAI/maxresdefault.jpg,thumbnails/MultiDOJoyKorean/fJLzDYTpEAI.jpg
우리동네단골가게TV,UC2ZcQ-XHobjEiexhNcF5DHg,1VduCETJAHg,[제주 헤어샵 추천] 감각+센스 끝판왕! 두피 클리닉부터 헤어스타일까지 #워크룸오브퍼프,"N플레이스 : https://naver.me/FFGR82zm

인생 헤어 스타일 찾을 수 있는 인생 헤어샵
#워크룸오브퍼프 원장님은 우리가 언제 어디서나 어떤 모습이든
만족할 수 있도록 헤어스타일을 만들어주셔..⭐
상한 머리에는 두피 클리닉으로 생기를 불어 넣어주시고,
무슨 머리를 할 지 몰라도 추천을 통해 딱딱 인생 헤어 만나게 해주심..♥️😉
이 감각.. 센스.. 그냥 최고다.. 한 번 방문하면 요기 정착하게 될거야 

🏠 제주 제주시 노형4길 6 1층 101호
☎ 0507-1335-0341

#노형동미용실 #노형미용실 #제주헤어샵 #제주시미용실 #제주남자머리 #제주여자머리 #제주레이어드컷 #제주헤어샵 #제주미용실",2025-02-27T07:29:51Z,,19,ko,PT15S,2d,hd,false,43,0,0,0,public,youtube,True,False,,https://i.ytimg.com/vi/1VduCETJAHg/maxresdefault.jpg,thumbnails/우리동네단골가게TV/1VduCETJAHg.jpg
야코 やこ,UClhRyWfax9_XFGUZBpgXphA,8zK5e0o8Sz4,인생 첫 과메기를 먹어본 일본인의 반응 ,"안녕하세요! 한국에 사는 일본인 야코입니다!!
이번에 처음으로 포항 다녀왔는데요!! 포항을 왜 지금까지 안 갔던건지,,
앞으로 자주 가야겠어요 ㅎㅎ

처음으로 먹어본 과메기.. ㅎㅎ 
과연 어땠는지 영상 재밌게 봐주세요 !!

영상 재밌게 봐주세요🐒🧡
구독 많이 ! 부탁드려요 !!

매장정보 お店情報

[네이버지도]
과메기 クァメギ
https://naver.me/5HkaEKEV

물회 ムルフェ
https://naver.me/GNWk9cZY

🪡Instagram :  
https://www.instagram.com/yako.8__s2/#

📩문의 (お仕事ご依頼)
 biz_japan@doohocorp.com

#야코#yako#일본인#포항여행#과메기#일본어공부#韓国旅行#韓国地方旅行#ポハン#韓国グルメ#韓国語勉強",2026-03-15T11:31:20Z,,22,ko,PT10M8S,2d,hd,false,33156,3079,0,327,public,youtube,True,False,"https://en.wikipedia.org/wiki/Food,https://en.wikipedia.org/wiki/Lifestyle_(sociology)",https://i.ytimg.com/vi/8zK5e0o8Sz4/hqdefault.jpg,thumbnails/야코やこ/8zK5e0o8Sz4.jpg
환희다육,UCwUoV1cyNy0Gs9I3YWVrywA,NrZDMEujTe0,26. 3.  25  환희다육 [Live] 점빵문열어요 🎤  오이소 보이소 즐기소 예~💃💃💃,눈길이 머무는 화분 그리고 그안에  담긴 작은 정원까지 ....취향을 담아가시는 시간이 되실겁니다~~~🤗🤗🤗This stream is created with #PRISMLiveStudio,2026-03-25T08:30:39Z,,24,ko,PT3H29M49S,2d,hd,false,757,0,0,0,public,youtube,True,False,"https://en.wikipedia.org/wiki/Hobby,https://en.wikipedia.org/wiki/Lifestyle_(sociology)",https://i.ytimg.com/vi/NrZDMEujTe0/hqdefault.jpg,thumbnails/환희다육/NrZDMEujTe0.jpg
The Food Club,UC_PbcoGSJzuFdOeAwS5x2vQ,I4K6suHTOls,4년 연속 미슐랭 획득! 겉바속촉 돼지고기 튀김부터 신선한 해물까지 들어가는 전설의 똠얌라면 / Tom Yum Ramen | Thailand food,"#똠얌라면#미슐랭#스트리트푸드파이터#방콕#태국
ℹ️ Information 
한국사람이면 누구나 반하게되는 똠양라면이에요.
돼지고기 튀김부터 신선한 해물까지 들어있는 똠얌라면을 맛보실수 있는기회!
방콕에서 만나요 🤗 

🔎Business name 
▶ 란 쩨오 쭐라

📍Address 
▶ https://goo.gl/maps/CvD8v7mEZ7xw3Q2S8

💰Price 
▶ 똠얌마마 (똠얌라면) THB 800

🔴The Food Club Information 💬 
E-mail ▶ thefoodclub365@gmail.com 
Instagram ▶ thefoodclub365 Copyright 

© 2021 by The Food Club. All right reserved. 
☞ Do not Reup (Unauthorized reproduction is a violation of applicable law)

 🎬Thank you for Like and Subscribe❣",2026-03-21T10:50:57Z,"food,street food,cook,cooking,tasty,yummy,travel,길거리음식,맛집,먹거리,여행,yummy food,korean food,Cook,길거리 음식,한국음식,Korean street food,japanese food,수제,recipes,맛집 추천,음식,homemade,korean recipes,korean chicken,street of food,recipe to,snacks,spicy korean rice,korean fried food,best street foods,Koreanseafood,kfood,대만,Taiwan,야시장,night market,Taipei,Tainan,타이중,China,Chinese,korea,sea food,달인,chicken,푸디클럽,푸드클럽,food club,foodclub,bangkok food,thai food,night life,thai",19,ko,PT57M26S,2d,hd,false,59074,365,0,8,public,youtube,True,False,"https://en.wikipedia.org/wiki/Food,https://en.wikipedia.org/wiki/Lifestyle_(sociology)",https://i.ytimg.com/vi/I4K6suHTOls/maxresdefault.jpg,thumbnails/TheFoodClub/I4K6suHTOls.jpg
정령왕,UClY2gt8hKK9uslND8Tur_1w,dCgalDuLPz0,누군가는 거짓말을 하고 있다,"생방송 치지직 https://chzzk.naver.com/live/a9b3377345a2a37e68a6072ba5e77fec
네이버 카페 https://cafe.naver.com/lljh0328
#먹방 #흑돼재짜글이",2026-03-28T02:31:21Z,"먹방,정령왕,정령왕임,흑돼지짜글이,짜글이,콩나물불고기,콩불",22,ko,PT9M10S,2d,hd,false,2599,61,0,68,public,youtube,True,False,"https://en.wikipedia.org/wiki/Food,https://en.wikipedia.org/wiki/Lifestyle_(sociology)",https://i.ytimg.com/vi/dCgalDuLPz0/maxresdefault.jpg,thumbnails/정령왕/dCgalDuLPz0.jpg
애플쌤 Applessam,UCX-xq5-sxAAGlLm4OewIKOw,o68L6dvgNiI,🇲🇾🇰🇷 We tried Malaysia number one food Nasi Lemak and sambal 말레이시아 삼발 너무 맛있어요!!,Can Koreans Handle McDonald’s Nasi Lemak Sambal? 말레이시아 맥도날드에서 먹어본 나시르막,2025-08-25T12:20:21Z,"Malaysia food mukbang,Malaysia Korean,Korean in Malaysia,말레이시아 브이로그,나시르막,말레이시아 맥도날드,Apple in Malaysia,Korean react to,Korean family in Malaysia",24,ko,PT11M16S,2d,hd,false,5944,321,0,33,public,youtube,True,False,"https://en.wikipedia.org/wiki/Food,https://en.wikipedia.org/wiki/Lifestyle_(sociology)",https://i.ytimg.com/vi/o68L6dvgNiI/maxresdefault.jpg,thumbnails/애플쌤Applessam/o68L6dvgNiI.jpg
하음쿠킹 Haeum Cooking,UCWkI9Qcm3vfRY0bZw71ZzYw,dOQxbhgOXs0,The eggplant that drives everyone crazy! The best eggplant recipe! Quick dinner,"➡️➡️➡️ Activate subtitles(cc) and choose your language ⬅️⬅️⬅️


You can make delicious eggplant without using an oven or frying it in oil!
This is full of buttery flavor and my family loves it😍


❖ Ingredients
- 2 eggplants
- 2 1/2 tbsp butter
- 1 tbsp olive oil
- 2 cloves of garlic 
- 2 tbsp soy sauce
- 1 tbsp oyster sauce
- 1/2 tbsp sugar
- 2 tbsp water
- green onions


❖ Tip
1. I recommend using oyster sauce, but if you don't have it, you can substitute it with soy sauce.
2. After adding the sauce, cook them over low heat
3. If the eggplant is too dry while cooking, you can add a little more olive oil






▻ Copyright 2026. Haeum Cooking. All rights reserved.
   (Re-uploading and secondary editing of the video is prohibited.)

▻ 💕Instagram: https://www.instagram.com/imhaeumi

▻ 💌 Business email : unihesuiz@gmail.com









#eggplantrecipe #eggplant #easyrecipe",2026-02-18T12:12:35Z,"eggplant,eggplantrecipes,garlicbuttereggplant,butteredeggplant,grilledeggplant,pan-friedeggplant,withoutmeat,deliciouseggplant,dinnerrecipe,easyrecipe,가지,가지요리,가지레시피,가지황금레시피,가지구이,갈릭버터가지구이,저녁식사,간단요리,yt:cc=on",26,en,PT3M5S,2d,hd,true,2848,125,0,5,public,youtube,False,False,"https://en.wikipedia.org/wiki/Food,https://en.wikipedia.org/wiki/Lifestyle_(sociology)",https://i.ytimg.com/vi/dOQxbhgOXs0/maxresdefault.jpg,thumbnails/하음쿠킹HaeumCooking/dOQxbhgOXs0.jpg
한국의 멋/Amazing Korea,UCQMvqS3JDvRjo_5JfsXY1Gw,Ud5jdK9mofQ,피넛 버터의 고소함과 담백함이 일품! 통통 피넛 쿠키 만들기,"#간단레시피 #피넛쿠키 #땅콩 #흑임자 #간식 #피넛버터

오늘은 피넛버터를 넣어 만드는 간단 쿠키 레시피를 가져와봤어요
간단하게 만들 수 있으니 꼭 한번씩 해보세요~ ^^",2026-03-09T09:00:40Z,"한국의멋,한국,한과,건강,건강식품,간식,DIY,요리,레시피,전통과자,전통과자만들기,음식,수제,선물,식품,아이간식,과자,푸드,건강한음식,견과류,다이어트,다이어트식품,웰빙식품,한국과자,한국간식,k푸드,디저트,조리법,디저트 레시피,과자만들기,전통과자레시피,건강한 간식,선물용,한과 만드는 법,한과 만들기,전통한과,Korea Dessert,수제 한과,수제 과자,수제 디저트,명절,명절과자,명절선물,간식선물,과자추천,간식추천,디저트추천,고소한과자,고소한간식,골다공증예방,암예방,암,다이어트간식,다이어트디저트,수제한과,한과만들기,수제과자,노화예방,호두,과자선물,치매,치매예방,비만,비만예방,체중감량,체중,비타민E,피부관리,피부미용,미용,슈퍼푸드,콜레스테롤수치개선,간단레시피,전통간식,홈베이킹,수제간식,빵,베이킹,쑥,영양,김치,물,돼지고기,로스트포크,고기,샌드위치,랩,또띠아,피넛버터,땅콩,통통피넛 쿠키",22,ko,PT9M15S,2d,hd,false,3851,6,0,22,public,youtube,True,False,"https://en.wikipedia.org/wiki/Food,https://en.wikipedia.org/wiki/Lifestyle_(sociology)",https://i.ytimg.com/vi/Ud5jdK9mofQ/maxresdefault.jpg,thumbnails/한국의멋AmazingKorea/Ud5jdK9mofQ.jpg
그냥 원두 커피,UCEjNO0arGJ_K-sTe1Pr9O6A,rGZ9t56xM5M,'커피 초보자들' 에게 완벽한 원두 5가지,"실패없는 홈카페 입문을 위한 추천원두를 추천하고, 각각의 특징들을 상세히 설명한다.

🔻step.1-1 과테말라 키체 중강배전
https://mkt.shopping.naver.com/link/6835544eab37d3625243fec9
🔻step.1-2 콜롬비아 막달레나 중배전
https://mkt.shopping.naver.com/link/6835545d814c2c37cf00b6d1
🔻step.2 케냐 AA 중강배전
https://mkt.shopping.naver.com/link/69b158c6ec95f8347a2283bc
🔻step.3 에티오피아 예가체프 중배전
https://mkt.shopping.naver.com/link/6835545defd7a65d55482a4e
🔻step.4 브라질 카라멜라도 중강배전
https://mkt.shopping.naver.com/link/6835545db84505306af936aa
🔻step.5 과테말라 키체 약한 강배전
https://mkt.shopping.naver.com/link/6835545d62fffc0a4a4afd8e
🔻step.6 에티오피아 바샤 베켈레 중약배전
https://mkt.shopping.naver.com/link/6835545c62fffc0a4a4afd8a

🔻JB's Pick 핸드드립 추천 도구
https://mkt.shopping.naver.com/link/6835586bb84505306af936da

채널에 가입하여 혜택을 누려보세요.
https://www.youtube.com/channel/UCEjNO0arGJ_K-sTe1Pr9O6A/join

[Video Source Support]
Youtube channel ""freeticon"" : https://www.youtube.com/c/Freeticon

[image Source Support]
flaticon : https://www.flaticon.com",2026-03-21T11:35:39Z,,26,ko,PT13M23S,2d,hd,false,4495,158,0,29,public,youtube,True,False,"https://en.wikipedia.org/wiki/Food,https://en.wikipedia.org/wiki/Lifestyle_(sociology)",https://i.ytimg.com/vi/rGZ9t56xM5M/maxresdefault.jpg,thumbnails/그냥원두커피/rGZ9t56xM5M.jpg
황제 이발소 皇帝理髪店 BANGKOK,UCqKtSWurKQ3TIUHdH7APTuQ,TB9d58uSaAE,베트남 이발소 - 방콕 황제 이발소 DB 2편,"영상 503 - 태국 방콕에 위치한 황제 이발소 - DB 관리사가 친절한 서비스를 선보입니다. 
**이 영상은 방콕 황제 이발소에서 촬영되지 않았습니다.**

방문하시면 최선을 다해 모시겠습니다.

주소: 8, 24 Ratchadaphisek Rd, Khwaeng Khlong Toei, Khlong Toei, Bangkok 10110
구글맵: https://g.page/hwangjae2?share
전화번호: +66 02-120-7409
영업시간: 오전 10시부터 10시30분까지
홈페이지: https://m.blog.naver.com/kangsh3333/221651881965
가격 - 90분 서비스 700밧

서비스: Washing the foot, Shaving, Facial Massage, Ear Cleaning, Finger/Toe Nail Grooming, Arm/Leg Massage, Back Massage, Shampoo/Dry

#황제이발소, #베트남이발소, #방콕마사지",2026-03-25T17:00:41Z,"베트남 이발소,황제 이발소,황제,방콕,Vietnam Barber Shop,Vietnamese Barber Shop,Vietnam massage,Barber Shop,Massage,vietnam barber shop,vietnam,thailand,vietnamese,thai,oil massage,thai massage,barbershop,barber shop,barber,shop,aroma,spa,therapy,magical massage,magical,ASMR,asmr,Bangkok,Saigon,베트남마사지,이발소,이발관,베트남,태국,베트남식,태국식,오일 마사지,태국 마사지,아로마,스파,테라피,Friseur,Öl,magisch,glücklich,祝い,イーパル,ベトナム,タイ,油菓子,硫酸,トウモロコシ,ポールマッサージ,アロマ,スパイス,治療,バンコク,ホーチミン,ダナン,プーケット,パタヤ,ホアヒン",19,ko,PT20M21S,2d,hd,false,550,13,0,0,public,youtube,True,False,https://en.wikipedia.org/wiki/Lifestyle_(sociology),https://i.ytimg.com/vi/TB9d58uSaAE/maxresdefault.jpg,thumbnails/황제이발소皇帝理髪店BANGKOK/TB9d58uSaAE.jpg
묘식당 Rabbit's,UC89ohZP3fITB0Hsb8jqNsMA,u_nSF1bSuYk,이 방법 왜 이제 알았을까?80대 할머니도 평생 이 방법은 처음이래요! 지금 아니면 내년 봄까지 또 기다리는 봄동 레시피 2가지 봄동계란전 봄동김전,"🥬 시든 봄동, 버리지 마세요!

봄동 유행이라 잔뜩 사놨더니 금방 시들어버리죠 😭
근데 이거 오히려 전으로 부치면 더 맛있습니다!

수분 빠진 봄동은 낭창해져서 식감이 훨씬 부드럽고
전으로 부치면 달큰함 + 고소함이 더 살아나요 👍

특히 김이랑 같이 먹으면
👉 미네랄 + 비타민 균형
👉 지용성 비타민 흡수율 증가
👉 장 건강까지 챙길 수 있는 조합이에요

봄동 끝물, 이렇게 꼭 드셔보세요 💛

🥚 1. 봄동 계란전
🛒 재료
봄동 잎 10장
계란 3개 (초란은 4개)
청양고추 1개
홍고추 1개
식용유
🥣 소스
진간장 2스푼
굴소스 약간
올리고당 0.5~1스푼
전분가루 0.5스푼
후추 톡톡
참기름 1스푼
물 80~100ml
👩‍🍳 만드는 방법

① 봄동은 깨끗이 씻어 물기 제거
② 팬에 식용유 두르고 봄동을 방사형으로 펼치기
③ 계란 풀어서 위에 붓고 고추 올리기
④ 약불에서 뚜껑 덮고 천천히 익히기
⑤ 밑면 익으면 뒤집기
⑥ 소스 넣고 살짝 졸여 걸쭉해지면 완성
⑦ 먹기 좋게 잘라서 드세요

🍳 2. 봄동 김전
🛒 재료
봄동 채썬 것
곱창김 3장 (취향껏 더 추가 가능)
부침가루 1국자
물 적당량
식용유

👉 김 좋아하시면 봄동 : 김 = 1:1도 추천!

👩‍🍳 만드는 방법

① 봄동은 채 썰기
② 김은 잘게 찢기
③ 부침가루 + 물 넣어 반죽 만들기
④ 팬에 식용유 두르고 반죽 올리기
⑤ 앞뒤로 노릇하게 부치면 완성

🥣 초간장
물 2스푼
진간장 1스푼
식초 0.5스푼
올리고당 0.5스푼
💡 오늘의 포인트

✔ 시든 봄동 → 전으로 부치면 오히려 더 맛있어요
✔ 김과 함께 먹으면 영양까지 완벽
✔ 고소함 + 감칠맛 제대로 살아나는 조합

👉 봄동 끝물, 이렇게 꼭 활용해보세요 💛
👉 저장해두시면 장보기 전에 진짜 도움됩니다!

✅이 영상은 '묘식당'에서 제작한 저작물이며, 해당 저작물은 저작권의 보호를 받고 있습니다. 
      저작권자의 허락 없는 무단 도용 및 2차 편집을 금합니다.
      단, 출처를 정확하게 명시한 영상은 언제든지 공유 가능합니다.
      묘식당은 언제나 여러분의 건강한 식탁을 응원합니다!
#봄동요리 #봄동전 #김전 #집밥레시피 #묘식당",2026-03-27T12:08:49Z,"묘식당,봄동전,야채전,봄동부침개,김전,계란전",26,ko,PT4M25S,2d,hd,false,3138,81,0,1,public,youtube,True,False,"https://en.wikipedia.org/wiki/Food,https://en.wikipedia.org/wiki/Lifestyle_(sociology)",https://i.ytimg.com/vi/u_nSF1bSuYk/hqdefault.jpg,thumbnails/묘식당Rabbits/u_nSF1bSuYk.jpg
ひとりより,UCeiWTEUzY0hlbe4jFjNMPVQ,w3y74sAGLD0,チーズの海に沈めたバーキン×KFCで背徳感爆キマり🧀💛🍯,"本日もご視聴ありがとうございました❣️

__________________________________________

Email:hitorikimchi@gmail.com
Instagram:https://www.instagram.com/hitoriyori1
TikTok:https://www.tiktok.com/@hitoriyori

Music provided by 브금대통령
https://youtube.com/@bgmpresident?feature=shared

#먹방 #モッパン #モクバン #MUKBANG

__________________________________________",2026-03-27T13:03:00Z,"バーガーキング,バーキン,KFC,まるかじりケンタ,ケンタッキー,ケンチキ,チキン,韓国,チーズソース,チェダーチーズ,咀嚼音,ASMR,bBurgerKing,hamburgerfried chicken,potato,japanesegirls,먹방,일본인,햄버거,버거킹,리얼사운드,치킨,치즈소스,일본 여자,다이어트,폭식,치팅데이,10000칼로리,まるかじりケンタ期間限定,ポテト",22,ja,PT14M22S,2d,hd,true,6432,335,0,31,public,youtube,True,False,"https://en.wikipedia.org/wiki/Food,https://en.wikipedia.org/wiki/Lifestyle_(sociology)",https://i.ytimg.com/vi/w3y74sAGLD0/maxresdefault.jpg,thumbnails/ひとりより/w3y74sAGLD0.jpg
맛출장 | 마츠다의 맛있는 출장,UCd38-J2biRy64FGGIN8CKlw,YFvso2f_l3I,소주+마츠다 비어 = 술꾼들 눈 돌아갈 새로운 소맥 등장 (ft.부영각) | [마츠다 부장님의 한국 맛집 출장],"🤙맛출장 게스트 지원 및 비즈니스 문의 : matsuda@thealmighty.co.kr
🙇‍♀️기획&제작 : 더올마이티(The Almighty)

*본 영상과 무관한 내용의 댓글 및 허위사실, 출연자에 대한 과한 욕설, 비난 및 조롱 등 악의적인 댓글은 무통보 삭제될 수 있습니다.

#마츠다 #맛출장 #마츠다부장 #맛집 #맛집추천 #음식 #술안주 #신사 #일본",2026-03-20T10:00:54Z,"마츠다,마츠다부장,맛출장,오사카부장,직장인,퇴근길,술먹방,먹방,혼술,노포맛집,서울노포,김치전,동동주,막걸리,mukbang,koreanfood,streetfood,맛집,마부장,한국 맛집 투어,한국 술 문화,서울 여행 코스,일본인 한국 여행,한국,일본,로컬여행,오사카,오사사,술자리,소주,맥주,사케,술집,요리",22,ko,PT4M36S,2d,hd,false,7147,896,0,19,public,youtube,True,False,"https://en.wikipedia.org/wiki/Food,https://en.wikipedia.org/wiki/Lifestyle_(sociology)",https://i.ytimg.com/vi/YFvso2f_l3I/maxresdefault.jpg,thumbnails/맛출장마츠다의맛있는출장/YFvso2f_l3I.jpg
서태승,UCDWMmcE_oPx4l6RgZ8JVkng,tVSSdcMfBP4,"""종로 레전드 총출동!!"" 외발 비둘기사건!! 엿순이누님 출연료사건!!이태원 클럽 출동에 경찰출동 이태원사건까지!! 하루에 레전드 갱신!!","투네이션 후원하기 ▶https://toon.at/donate/only27400247

#김해꼬마",2026-02-28T04:44:21Z,,22,ko,PT16M40S,2d,hd,false,4457,82,0,8,public,youtube,True,False,https://en.wikipedia.org/wiki/Lifestyle_(sociology),https://i.ytimg.com/vi/tVSSdcMfBP4/maxresdefault.jpg,thumbnails/서태승/tVSSdcMfBP4.jpg
사군카페인,UCA7J-sgaaGD6BQKX4tYAn_g,7SpH9JwgJxQ,"학점 관리 망한 대학생, 7년 후 생각","제가 운영하는 업체입니다 https://omelas-coffee.com/

Insta : @sa_cheolje
E-mail : saga1994@naver.com
오멜라스 커피 로스팅 공장

대학생 시절 학점 관리 안한 이유와 그에 대한 생각
대학생 4학년이 되며 카페 창업 후 7년이 지났다.
대학교, 학점, 창업과 취업. 어떤 모습이며, 어떤 생각일까?",2026-03-27T09:30:02Z,"학점 2점대,학점 낮은데 취업,학점 낮은 이유 면접,대학생 창업,학점 관리",26,ko,PT8M36S,2d,hd,false,537,33,0,6,public,youtube,True,False,,https://i.ytimg.com/vi/7SpH9JwgJxQ/maxresdefault.jpg,thumbnails/사군카페인/7SpH9JwgJxQ.jpg
노마에TV,UC8GBN6XX7ICoW0v9brxwNkQ,GEeUczZL_XU,[술먹방]대구 40년 전통 선지국1등 해장하러 왔습니다/부부식당 #shorts,"채널에 가입하여 혜택을 누려보세요.
https://www.youtube.com/channel/UC8GBN6XX7ICoW0v9brxwNkQ/joinThis stream is created with #PRISMLiveStudio",2026-03-28T03:46:44Z,,24,ko,PT52M22S,2d,sd,false,94,15,0,0,public,youtube,True,False,"https://en.wikipedia.org/wiki/Food,https://en.wikipedia.org/wiki/Lifestyle_(sociology)",https://i.ytimg.com/vi/GEeUczZL_XU/hqdefault_live.jpg,thumbnails/노마에TV/GEeUczZL_XU.jpg
Lucky Doyun Family 🇰🇷,UCYVEmKA1m5Y6TiErpVv1RnQ,wwhmboK7Gj0,My Korean Family Buko Salad as Favorite Filipino Dessert! | Paldong Paldo sa sarap! | FILIPINO FOOD,"#koreantriedfilipinofood 
#bukosalad!
#filipinofood!",2026-03-27T10:00:06Z,,22,en,PT15M47S,2d,hd,false,27590,1219,0,131,public,youtube,True,False,"https://en.wikipedia.org/wiki/Food,https://en.wikipedia.org/wiki/Lifestyle_(sociology)",https://i.ytimg.com/vi/wwhmboK7Gj0/maxresdefault.jpg,thumbnails/LuckyDoyunFamily/wwhmboK7Gj0.jpg
유수형 TV,UCVNbLEbA3nXhpg_HDEHEkZA,Mmt1ZVM-8Rw,이 영상을 보면 분재 구입 후 후회하지 않는 법을 알 수 있습니다. 분재에 대한 기본 지식 해설 #분재고르기 #분재학교 #분재교육 #분재설명 #분재구입 #분재알기 #수목감별,"김천 수인정 양창호 회장님댁 분재원입니다.
깨끗한 시설에서 훌륭한 분재들이 많이 있습니다.
좋은 분재 설명과 함께 감상 하시기 바랍니다.

구독과 좋아요, 알람설정 부탁드립니다!!!

[임당 블로그]
http://blog.naver.com/bansai1572 

[유수형TV 유튜브 채널]
https://www.youtube.com/channel/UCVNb... 

[인스타그램]
bonsai_school

[유수형분재학교]
경기도 평택시 만세로 1626-26
 T. 010-5337-1572",2026-03-23T21:00:19Z,"분재고르기,분재선택,분재구입,분재학교,분재교육,분재설명,분재해설,분재감별,수목감별,좋은분재고르기",26,ko,PT53M5S,2d,hd,false,4684,135,0,13,public,youtube,True,False,https://en.wikipedia.org/wiki/Lifestyle_(sociology),https://i.ytimg.com/vi/Mmt1ZVM-8Rw/maxresdefault.jpg,thumbnails/유수형TV/Mmt1ZVM-8Rw.jpg
정개굴 Froggy,UCrNkpH9WudNrbsFN1AkL36g,LtT1a7_S8DE,봄동 비빔밥 이거 진짜 미쳤네요 소주를 안깔수가 없...,"[Contact]
인스타그램&틱톡 @gaegul.sool
이메일 misoareumi@naver.com

🎵Music provided by 브금대통령
🎵Track : 냥냥한느낌 - https://youtu.be/SKX7tQpoWkA?si=q6btW56aHT_rsyWA
🎵Track : not my fault - https://youtu.be/Ib3J-zWDI-M?si=kqWmPoTt-evA421-",2026-03-22T01:30:15Z,"봄동비빔밥,소주안주,집술먹방",24,ko,PT8M51S,2d,hd,false,3658,200,0,41,public,youtube,True,False,"https://en.wikipedia.org/wiki/Food,https://en.wikipedia.org/wiki/Lifestyle_(sociology)",https://i.ytimg.com/vi/LtT1a7_S8DE/maxresdefault.jpg,thumbnails/정개굴Froggy/LtT1a7_S8DE.jpg
단내솔솔 DANNE,UCKLyuCCluLY3X2xQezL7tng,7Z4DbdJMVwE,만화를 찢고 나온 비주얼💝 꿈빛파티시엘 속 '장미차 초콜릿' 만들기,"•[CC] Subtitles: EN / JP / ID / FR Available🌎🤍
#꿈빛파티시엘 #홈베이킹
많은 사랑 주신 장미차 봉봉! 풀 버전으로 구워왔어요
화이트데이를 맞아 만들어 보세요..🩷

💌𝒮𝒩𝒮 & 𝒞𝑜𝓃𝓉𝒶𝒸𝓉
•이메일: mmm98429@gmail.com
•인스타그램:   / dannesolsol  

⏱️타임스탬프 𝒯𝒾𝓂ℯ 𝓈𝓉𝒶𝓂𝓅
00:00 
00:38 초콜릿 쉘
05:25 핫초코☕
06:32 장미차 가나슈
9:36 초콜릿 디스크
14:32 완성하기

📕단내솔솔 홈베이킹 레시피 북
•교보문고: https://product.kyobobook.co.kr/detai...

🍴재료 ℐ𝓃ℊ𝓇ℯ𝒹𝒾ℯ𝓃𝓉𝓈
•초콜릿 쉘
카카오 버터 50g
초콜릿용 색소 2.5g
밀크 커버춰 400g
 
•장미차 가나슈
생크림 130g
장미 홍차 6g (티백 3개)
밀크 커버춰 100g

•화이트 가나슈
화이트 커버춰 100g
생크림 33g

💭레시피의 상업적 사용, 영상의 2차 편집 및 재 업로드를 금지합니다.

🎵음악 제공 ℬ𝒢ℳ
[브금대통령] 
𝐋𝐚 𝐒𝐚𝐢𝐬𝐨𝐧 𝐃𝐞 𝐑𝐨𝐬𝐞 https://www.youtube.com/watch?v=04n-KyIXmhE
Memory Of Spring https://www.youtube.com/watch?v=D5KsD-x9gz0&t=4s
5월의 정원 https://www.youtube.com/watch?v=Q6yVJaEBd6M
봄의 녹턴 https://www.youtube.com/watch?v=8RqyzqDJt1Y",2026-03-07T09:00:14Z,"꿈빛파티시엘,화이트데이,초콜릿만들기,홈베이킹,베이킹,단내솔솔",26,ko,PT18M6S,2d,hd,true,62820,2147,0,106,public,youtube,True,False,"https://en.wikipedia.org/wiki/Food,https://en.wikipedia.org/wiki/Hobby,https://en.wikipedia.org/wiki/Lifestyle_(sociology)",https://i.ytimg.com/vi/7Z4DbdJMVwE/maxresdefault.jpg,thumbnails/단내솔솔DANNE/7Z4DbdJMVwE.jpg
🐕‍🦺아지이뿐이tv(한기형tv찐팬),UCTLkcm69bdWHTuJ7pC4OYHg,A6sQff75uuM,#수라간떡잔치 #떡구경오세요#전국택배 저염저당떡 #환자식떡 #건강떡#식사용떡 (천연재료사용)방부제사용 안합니다,,2026-03-26T11:59:40Z,,24,ko,PT8M14S,2d,hd,false,82,22,0,25,public,youtube,True,False,"https://en.wikipedia.org/wiki/Food,https://en.wikipedia.org/wiki/Lifestyle_(sociology)",https://i.ytimg.com/vi/A6sQff75uuM/maxresdefault.jpg,thumbnails/아지이뿐이tv한기형tv찐팬/A6sQff75uuM.jpg
영차,UC7KOWCwcHv_uW_BvRs28SpA,dwigbLSAEzM,매일 디저트를 먹으면 어떻게 될까?,"▶ 이벤트 & 할인 정보 카톡 플친 👉 http://pf.kakao.com/_vUxjHG
▶ 요즘 먹는 영양제(아이허브 장바구니 목록) 👉 https://iherb.co/2vFryqAd

00:00 인트로
00:11 1일 차
02:17 2일 차
04:02 3일 차
06:46 4일 차
09:15 5일 차
10:13 마무리 & 결과",2026-03-12T09:30:00Z,"영차,다이어트,디저트,디저트다이어트,케이크,뜨레쥬르,생초코초코케이크,식단,설빙,팥인절미,초코브라우니,두쫀쿠,호두과자,크리스피,도넛,베스킨라빈스,베라,투썸,아이스박스",22,ko,PT11M24S,2d,hd,false,91333,1383,0,230,public,youtube,True,False,"https://en.wikipedia.org/wiki/Food,https://en.wikipedia.org/wiki/Lifestyle_(sociology)",https://i.ytimg.com/vi/dwigbLSAEzM/maxresdefault.jpg,thumbnails/영차/dwigbLSAEzM.jpg
맛있겠다 Yummy,UCQA89gPDjJ-1M1o9bwdGF-g,3bDH5HKEEVE,"한적한 골목에서 만난 인생 볶음밥, 짬뽕! 재야의 무림고수 중식당!","#맛있겠다구례 #구례맛집 #구례중국집

#신풍중화요리
*전남 구례군 구례읍 구례2길 85 지도
(전남 구례군 구례읍 봉북리 1448-3)
*061-782-5549
*자세한 영업시간은 전화문의 해주셔요~

 🧡 촬영신청, 숨은맛집추천 및 기타 등등
 : hanbangtv1@gmail.com 

🌈오늘도 맛있게 보시고
행복한 하루 되시길 바랍니다~
감사합니다🧡🧡🧡

This is a channel that introduces 
the most common food and restaurants in Korea.
Thank you for visiting my channel~",2026-03-27T14:47:02Z,"맛있겠다,Yummy,맛있겠다 yummy",19,ko,PT9M57S,2d,hd,false,31615,858,0,78,public,youtube,True,False,"https://en.wikipedia.org/wiki/Food,https://en.wikipedia.org/wiki/Lifestyle_(sociology)",https://i.ytimg.com/vi/3bDH5HKEEVE/hqdefault.jpg,thumbnails/맛있겠다Yummy/3bDH5HKEEVE.jpg
지하루,UCxzhVyVe-SkugB4Krg5kJFQ,DVdoH2iKLOE,귀인을 찾아라,,2026-03-27T15:04:21Z,,22,ko,PT2H26M30S,2d,hd,false,595,25,0,0,public,youtube,True,False,,https://i.ytimg.com/vi/DVdoH2iKLOE/maxresdefault.jpg,thumbnails/지하루/DVdoH2iKLOE.jpg
완도수산,UCHWcpVmNBfWvKrAAK5RXGiA,3oKVzTsgpOo,3/26일 판매생선 목포 먹갈치 물량이 터졌습니다! #먹갈치 #5미특대먹갈치 #4미특대먹갈치 #3미왕특대먹갈치 #갈치 #목포먹갈치 #파조기 #홍어 ,,2026-03-25T23:32:52Z,,22,ko,PT4M24S,2d,hd,false,680,16,0,0,public,youtube,True,False,"https://en.wikipedia.org/wiki/Food,https://en.wikipedia.org/wiki/Lifestyle_(sociology)",https://i.ytimg.com/vi/3oKVzTsgpOo/hqdefault.jpg,thumbnails/완도수산/3oKVzTsgpOo.jpg
삼대장 Samdaejang,UCa56qkMvVvq1IMn4xbXaKEA,sPe_TDEuaW0,팔도비빔면 더블루 1팩 + 삼겹살 500g 혼자서 가능? 불가능?,"비빔면 더블루 물건이다.
---------------------------------------------------------------------
경원 인스타그램 ☞  woney2ny
재영 인스타그램 ☞  nowzero92
도윤 인스타그램 ☞  creyoon

#삼대장 #비빔면 #비빔면더블루 #삼겹살 #먹방 #도전먹방 #도전 #challenge #mukbang #먹방브이로그 #가능불가능 #라면",2026-03-25T11:01:33Z,"삼대장,삼대장 먹방,삼대장 챌린지,먹방,먹방 브이로그,가능 불가능,비빔면,비빔면 더블루,삼겹살,파뿌리,쯔양,광마니,문복희,브이로그,유노,야식이,challenge,도전,도전 먹방",24,ko,PT19M24S,2d,hd,false,138918,1896,0,282,public,youtube,True,False,"https://en.wikipedia.org/wiki/Food,https://en.wikipedia.org/wiki/Lifestyle_(sociology)",https://i.ytimg.com/vi/sPe_TDEuaW0/maxresdefault.jpg,thumbnails/삼대장Samdaejang/sPe_TDEuaW0.jpg
영월김삿갓,UC6KnqtxjfpKs9H4udPDBcEw,DjSG-eUKAFw,김삿갓면 고령이신 90할머님 댁에서,,2026-03-27T07:12:58Z,,22,ko,PT4M26S,2d,hd,false,148,11,0,6,public,youtube,True,False,https://en.wikipedia.org/wiki/Lifestyle_(sociology),https://i.ytimg.com/vi/DjSG-eUKAFw/maxresdefault.jpg,thumbnails/영월김삿갓/DjSG-eUKAFw.jpg
크림커넥션 Cream connection,UCA2v2d3gTJ5olUnrScG5QRQ,KybUvBSO1I8,cafe vlog/ 9년차 카페사장 브이로그 / 크림 맛집 / 아인슈페너 맛집 / 피스타치오 / 말차 맛집 / 음료제조 / 카페창업 / 카페레시피 / 카페음료,"#cafevlog #카페브이로그 #카페사장 #카페알바 #koreacafevlog 

안녕하세요 여러분 ㅎㅎ 잘지내셨나요!?
오랜만에 영상 만들어왔어요 ㅎㅎ
쌓인 영상들이 한뭉태기인데 요즘 너무 바빠서 도저히 편집을 못하고 있네요 ㅠㅠ
최대한 빨리해서 다음영상은 더 재밌고 알찬내용들로 가지고 올게요 ㅎㅎ
오늘 영상도 재밌게 시청해주시면 감사하겠습니다!

크림커넥션 홈페이지 : https://www.creamconnection.co.kr/
카페창업 메뉴교육 클래스 : https://blog.naver.com/msttyncatt/223501027357
협찬 및 카페컨설팅,메뉴컨설팅 문의 = 메일 : alwaysyth@nate.com
비버 인스타그램 : https://www.instagram.com/taehyeons_daily
크림커넥션 인스타그램 : https://www.instagram.com/cream_connection_coffee
비버 서식지  : 이태원동 342-3번지 크림커넥션",2026-02-27T05:59:37Z,"카페브이로그,카페알바 브이로그,카페사장 브이로그,카페사장,카페알바,브이로그,카페 브이로그,한국카페,korea cafe,디저트카페,dessert cafe,백색소음,ASMR,NO BGM,경리단길 카페,이태원카페,테이크아웃,음료제조,카페ASMR,얼음소리,피스타치오,카페창업,카페레시피,카페메뉴,카페음료,카페창업컨설팅,자영업자브이로그,개인카페,크림커넥션,아인슈페너,아인슈페너맛집,크림커피,크림라떼,말차,말차라떼,말차맛집,피스타치오라떼",22,ko,PT11M28S,2d,hd,false,1806,92,0,3,public,youtube,True,False,"https://en.wikipedia.org/wiki/Food,https://en.wikipedia.org/wiki/Hobby,https://en.wikipedia.org/wiki/Lifestyle_(sociology)",https://i.ytimg.com/vi/KybUvBSO1I8/maxresdefault.jpg,thumbnails/크림커넥션Creamconnection/KybUvBSO1I8.jpg
케이크업 ㅣ 케이크창업,UCoGAFJL-xxFsPzwYP04yCKg,1oniYuhQucw,짤주머니 없을때 10년치 노하우 대방출합니다. 우리끼리만 알아요,"#케이크창업 #케이크 #창업이야기 #케이크만들기 

베이커리 현장 경험이 있으신 분이라면
자연스럽게 알게 되는 것들이지만,
누가 알려주지 않으면 정말 끝까지 모르는 것들만 한 번 정리해봤어요.

이거 말고도 짤주머니에 관련된 이야기는 너무너무 많지만
이번 영상에서는 정말 꼭 필요한 핵심만 골라서 1편으로 담아봤습니다ㅎㅎ
반응이 좋다면 조금 더 디테일한 팁들로 2편, 3편도 만들어볼 생각이에요 :)

현장 경험을 충분히 쌓고 창업할 수 있다면 가장 좋겠지만,
현실적으로는 언제까지나 창업을 미룰 수는 없잖아요.

10년 동안 제가 여기저기 현장을 다니며 실제로 사용했던 저의 짤주머니 경험을
최대한 간결하게, 사장님들께 바로 도움이 되게 영상으로 담아봤습니다.

그럼 오븐 앞에서 부자 되는 그날까지,
케이크업업!! 🎂🔥
사장님들 화이팅입니다!

📩 jce94666@gmail.com

00:00 인트로
00:54 짤주머니가 없을때
02:20 모양깍지가 없을때
03:50 현장 꿀팁 1 
05:19 현장 꿀팁 2 
06:10 깍지 바꾸는법
07:55 꼬르네 만드는법
11:00 꼬르네 사용법",2026-02-05T12:00:06Z,"쇼트닝크림,케이크,케이크아이싱,케이크연습,케이크만들기,케익만들기,케잌아이싱,동물성생크림,크림아이싱,생크림케이크만들기,생크림케이크,집에서케이크만들기,집에서케이크,케이크아이싱하기,케이크연습하는법,케이크창업,케이크사장,케이크집사장,쇼트닝크림만들기,레터링케이크,레터링연습,파이핑연습,레터링케이크만들기,레터링케이크연습,나무케이크,버터크림케이크,케이크대회,케잌,캐이크,캐이크만들기,케이크도구,케이크만드는도구,베이킹도구,베이킹초보,초보베이킹도구,창업준비,소자본창업,카페창업,파티쉐,베이커리창업,도구,베이킹꿀팁,저울,휘퍼,창업,생크림,휘핑크림,버터크림,이탈리안버터크림,버터크림만들기,버터크림레시피,꽃크림,맛있는버터크림,케이크집,1인창업,1인사장,케이크공방,짤주머니,깍지,짤주머니대체,모양깍지,짤주,크림짜기,모양크림짜기,케이크데코",22,ko,PT12M58S,2d,hd,false,2685,110,0,16,public,youtube,True,False,"https://en.wikipedia.org/wiki/Food,https://en.wikipedia.org/wiki/Lifestyle_(sociology)",https://i.ytimg.com/vi/1oniYuhQucw/maxresdefault.jpg,thumbnails/케이크업ㅣ케이크창업/1oniYuhQucw.jpg
정준하하하,UC8dFtyqgm7UqLcJD_sYVJ4w,qg1TuBS42Nc,식신 정준하가 20년 전부터 다니던 도쿄 맛집 대공개,"믿먹 식신 정준하 픽 도쿄 찍먹 맛집 🍽️

📍츠케멘 야스베에 아카사카점 
일본 〒107-0052 Tokyo, Minato City, Akasaka, 6 Chome−3−19 オリオンビル
https://share.google/tLTde5OkUVRAIjjod

📍오 바카날
일본 〒102-0094 Tokyo, Chiyoda City, Kioicho, 4−1 １F
https://share.google/1kXB7RvdLIwhuSDQF

📍中国ラーメン揚州商人 新橋店
일본 〒105-0004 Tokyo, Minato City
Shinbashi, 4 Chome−10−1 ＳＢ新橋ビル １Ｆ
https://maps.app.goo.gl/HNggz8TQEBKTj8Cd9

#정준하 #먹방 #맛집 #일본 #일본여행 #도쿄 #도쿄여행 #일본맛집",2026-03-24T10:00:00Z,"정준하,정준하하하,무한도전,무한도전레전드,놀면뭐하니,놀뭐정준하,정준하유튜브,정준하먹방,식신,놀면뭐하니정준하,식신로드,정과장,정총무,무도레전드,박명수,유재석,한국예능,무도,먹방,여행,여행유튜버,한국여행,맛집추천,미국여행,일본여행,태국여행,여행맛집추천,시애틀,시애틀맛집,하와수,오분순삭,쉼표클럽,맛집여행,맛집투어,일본,도쿄,도쿄맛집,도쿄여행,신사이바시맛집,신사이바시,정준하맛집",19,ko,PT11M47S,2d,hd,true,50599,703,0,63,public,youtube,True,False,"https://en.wikipedia.org/wiki/Food,https://en.wikipedia.org/wiki/Lifestyle_(sociology)",https://i.ytimg.com/vi/qg1TuBS42Nc/maxresdefault.jpg,thumbnails/정준하하하/qg1TuBS42Nc.jpg
맵하니Maphany,UCDCjSgKtKeFmWhsiAbHLNAw,nR-ZkZhILxE,한달 식비 1000만원 넘는 여자의 하루,"이메일rpssamo@naver.com
시청해주셔서 감사합니다❤️
THANK YOU ❤️",2026-03-27T12:00:00Z,"맵하니,먹방,spicy,mukbang",24,ko,PT18M5S,2d,hd,false,67606,2903,0,186,public,youtube,True,False,"https://en.wikipedia.org/wiki/Food,https://en.wikipedia.org/wiki/Lifestyle_(sociology)",https://i.ytimg.com/vi/nR-ZkZhILxE/maxresdefault.jpg,thumbnails/맵하니Maphany/nR-ZkZhILxE.jpg
검율농원,UCYZ6RAsAQhKq1oixpDTL3jw,Hk5XUJEtd_E,국내산 육수용 멸치 &  볶음용 멸치 저렴하게 판매합니다,"This stream is created with #PRISMLiveStudio

#검율농원 #검율마켓 #남해안멸치 #볶음용멸치 #국산멸치 #건홍합 #남해안건홍합 #국산홍합 #멸치추천 #건어물세트 #집반찬추천 #국물용재료 #볶음멸치 #건어물쇼핑 #산지직송 #수산물직거래 #집밥재료 #반찬재료 #요리재료 #가성비식재료 #식자재추천 #온라인장보기 #밥반찬 #주부추천 #검율농원라이브 #유튜브라이브판매 #라이브커머스",2026-03-26T11:18:08Z,,24,ko,PT1H36M22S,2d,hd,false,12921,147,0,3,public,youtube,True,False,"https://en.wikipedia.org/wiki/Food,https://en.wikipedia.org/wiki/Lifestyle_(sociology)",https://i.ytimg.com/vi/Hk5XUJEtd_E/hqdefault.jpg,thumbnails/검율농원/Hk5XUJEtd_E.jpg
윰쓰부엌,UCBePgk0RqTO0IiisQmaADEA,KMQRxcPnCAI,오독오독 씹는 맛이 일품 오만둥이 장아찌 | 오만둥이,"안녕하세요 윰쓰부엌입니다

오만둥이 장아찌를 만들어 봤어요

[재료]
오만둥이 350g
양파 1개 
고추 2개
베트남 건고추 4개
월계수잎 1장
통후추 10알

[간장물]
진간장 200ml
소주 100ml
식초 100ml
매실청100ml
설탕 30ml

양념은 입맛에 맞게 조절해 주세요
영상 시청해 주셔서 감사합니다

#오만둥이 #오만둥이장아찌
#장아찌 #해산물장아찌

--------------------------------------------------------------
[계량스푼] 
1T = 15ml = 15cc = 1테이블스푼 = 1큰술
1t = 5ml = 5cc = 1티스푼 = 1작은술
--------------------------------------------------------------

[음악]
🎵Music provided by 브금대통령
🎵Track : 가을 향기- https://youtu.be/VMd2jalgJh8",2026-03-27T12:55:00Z,"윰쓰부엌,요리,살림,주부,반찬,윰쓰,dbaTm,윰스,부엌,부억,레시피,쉬운요리,국물요리,찌개,찌게,카페,까페,이색요리,무침,복음,뽁음,오만둥이,오만동이,짱아치,짱아지,오만둥이장아찌,미더덕,멍게사촌,미더덕사촌,dhaksehddl,해산물,가짜미더덕",26,ko,PT3M40S,2d,hd,false,54,12,0,0,public,youtube,False,False,"https://en.wikipedia.org/wiki/Food,https://en.wikipedia.org/wiki/Lifestyle_(sociology)",https://i.ytimg.com/vi/KMQRxcPnCAI/maxresdefault.jpg,thumbnails/윰쓰부엌/KMQRxcPnCAI.jpg
셰프이원일,UCDkgqnnsqu3yZFlyoF1J-3g,3s-BoyNcv6Y,삼겹살을 찍어 먹었을 때 가장 맛있는 소금은?,"#이원일 #셰프 #레시피 #맛집  #이원일식탁

이번 시간은 소금학개론 심화편입니다.
어떤 소금이 삼겹살과 제일 잘어울리는지 영상에서 확인해 보세요.

📪 협업 문의 ➡️ chef211tv@gmail.com
🍚 이원일식탁 ➡️ https://app.catchtable.co.kr/ct/shop/211table
📍셰프이원일 맛지도 ➡️ https://naver.me/GHYS21bE
📍구독자 추천 맛지도 :  https://naver.me/xLsAYWzu",2026-03-26T10:43:18Z,"셰프,이원일,맛집,이원일식탁,레시피,한식,요리",22,ko,PT24M47S,2d,hd,false,16738,325,0,56,public,youtube,True,False,"https://en.wikipedia.org/wiki/Food,https://en.wikipedia.org/wiki/Lifestyle_(sociology)",https://i.ytimg.com/vi/3s-BoyNcv6Y/maxresdefault.jpg,thumbnails/셰프이원일/3s-BoyNcv6Y.jpg
한국맛집K,UCkW3qWVwgkI7mL0eFPVOlPA,uIJsAF-90sM,국내산 김치에 제주산 돼지고기 앞다리살이 듬뿍! 짜글이 맛 비법은? | KBS 260310 방송,"[ 케맛픽 PICK - 생생정보 ]
[장사의 신] 30년 내공의 맛, 돼지김치짜글이
2026.03.10 방송

상호명 : 제주생고기짜글이엔두루치기 오산본점
주소 : 경기 오산시 엘지로 234
전화 : 0507-1384-9174

▫️재미있게 보셨다면 '구독 & 좋아요' 눌러 주세요.
▫️채널 원칙에 따라 영상이 ‘비공개’ 될 수 있습니다. 
▫️출연자에 대한 욕설 및 비방 댓글은 즉시 삭제됩니다.
▫️사전 고지 없이 댓글이 ‘사용 중지’ 될 수 있습니다. 

#한국맛집k #생생정보 #짜글이 #돼지김치짜글이 #오산맛집

Copyright ⓒ KBS. All rights reserved. 
무단 전재, 재배포 및 이용(AI 학습 포함) 금지",2026-03-28T02:15:07Z,"한국음식,한식,korean food,korean street food,노포,먹방,mukbang,맛집,요리,생생정보,경기도 오산시,오산시,돼지김치짜글이,김치짜글이,짜글이,오산맛집,짜글이맛집,한국의맛,제주산 돼지고기,국내산 김치,돼지고기 앞다리살,제주산 앞다리살",19,ko,PT14M41S,2d,hd,false,1036,39,0,1,public,youtube,True,False,"https://en.wikipedia.org/wiki/Food,https://en.wikipedia.org/wiki/Lifestyle_(sociology)",https://i.ytimg.com/vi/uIJsAF-90sM/maxresdefault.jpg,thumbnails/한국맛집K/uIJsAF-90sM.jpg
마리아주 [맛있는미담],UCKeVYAQKdY_YLSjxUrCuXcA,AHkgw7RqNjE,SNS에서 핫한 킹크랩 무제한 뷔페는 어떨까?,"- 업장명 : 카니잔마이 신주쿠점
- 전화 : 03-6279-4800
- 주소 : 東京都新宿区西新宿1-3-2 ヨドバシカメラ大ガードビル 2F・3F
           도쿄도 신주쿠구 니시신주쿠 1-3-2 요도바시 카메라 대가드 빌딩 2층·3층
- 영업시간_ 연중무휴 11:00~23:30               
                

▶ 궁금한사항은 인스타로 빠르게!!
- @mariage_in
▶ 비즈니스 제안은 메일부탁드립니다
- foodbarcode@naver.com


#카니잔마이 #킹크랩뷔페 #일본여행 #도쿄맛집 

–––––––––––––––––––––––––––––––––
▶ 나만의 맛집 제보     mariage@foodbarcode.kr
▶ 마리아주 블로그      https://blog.naver.com/joongoa
–––––––––––––––––––––––––––––––––",2026-03-27T02:21:05Z,"마리아주,맛미담,마리아주의맛있는미담,맛집,카니잔마이,신주쿠맛집,도쿄맛집,일본여행,도쿄여행,킹크랩맛집,킹크랩뷔페,킹크랩무한리필,무한리필,무제한,킹크랩무제한",22,ko,PT8M42S,2d,hd,false,6915,146,0,16,public,youtube,True,False,"https://en.wikipedia.org/wiki/Food,https://en.wikipedia.org/wiki/Lifestyle_(sociology)",https://i.ytimg.com/vi/AHkgw7RqNjE/maxresdefault.jpg,thumbnails/마리아주맛있는미담/AHkgw7RqNjE.jpg
두리식탁Duri's table,UCw9v5IIv33ac21mQ89Z-hpw,a_ateMkdHuU,스팸 주먹밥 레시피 이걸로 정착하세요! 맛있게 만드는 또 다른 방법🍙,"🥢맛있는 김밥 레시피 모음 바로가기
https://www.youtube.com/playlist?list=PLP_ZQjNqa1DFD5CR-on2MmQtX_W9yjH5S

🍀좋아요와 구독은 채널에 큰 힘이 됩니다🙇‍♀️🙆‍♀️
🍀이 영상이 유용했다면 링크를 공유해보세요😊

- 스팸 계란 주먹밥 -

♤재료
스팸(또는 통조림 햄) 170g
간장 1, 미림 1, 올리고당 1 큰술 씩
계란2개
맛소금 한 꼬집

미지근한 밥 300g(한 공기 반)
참기름 1, 마요네즈 1 큰술 씩,
소금, 깨, 김가루 약간

♤Ingredients
Spam (or canned ham) 170g
1 Tbsp each of soy sauce, mirim, oligosaccharide
2 eggs
a pinch of salt

warm rice 300g (one and a half bowl)
1 Tbsp each of  sesame oil, mayonnaise
some salt, sesame and seaweed flakes

♤레시피
1. 계란에 소금을 넣고 잘 푼 다음 스크램블을 만든다.
2. 스팸을 작게 썬다.
3. 팬에 스팸을 노릇노릇하게 구운 다음
  간장, 미림, 올리고당으로 양념하고 졸인다.
4. 만질 수 있을 만큼 따듯한 밥에 스크램블, 스팸,
   참기름, 마요네즈, 소금, 깨를 넣고 섞는다.
5. 김가루를 넣고 손으로 버무린다.
6. 먹기 좋은 크기로 동그랗게 주먹밥을 빚는다.

 
#스팸주먹밥 #주먹밥레시피 #주먹밥 #스팸계란주먹밥


♡인스타그램 → https://www.instagram.com/duri_table_/

※이 영상을 다운받아 편집, 재업로드, 도용하는 것을 금지합니다※

-본 영상과 무관한 내용의 댓글이나 무분별한 욕설 등 악의적인 댓글은 무통보 삭제될 수 있습니다.",2026-03-24T12:00:06Z,"주먹밥레시피,스팸주먹밥만들기,스팸계란주먹밥만들기,주먹밥,스팸주먹밥,스팸계란주먹밥,스팸달걀주먹밥,주먹밥만들기,초간단주먹밥,스팸요리,스팸레시피,집밥,Korean Recipes",26,ko,PT2M9S,2d,hd,true,2275,52,0,7,public,youtube,True,False,"https://en.wikipedia.org/wiki/Food,https://en.wikipedia.org/wiki/Lifestyle_(sociology)",https://i.ytimg.com/vi/a_ateMkdHuU/maxresdefault.jpg,thumbnails/두리식탁Duristable/a_ateMkdHuU.jpg
릴리안뜨개질Lilian knitting&crochet,UCMZdWAFe2vlELIK3nDqgUzA,4UAjrZ0fStw,릴리안뜨개질Lilian knitting&crochet 라이브 스트리밍 중,,2026-03-23T02:47:14Z,,27,ko,PT1H32M8S,2d,hd,false,8285,27,0,0,public,youtube,True,False,"https://en.wikipedia.org/wiki/Hobby,https://en.wikipedia.org/wiki/Lifestyle_(sociology)",https://i.ytimg.com/vi/4UAjrZ0fStw/maxresdefault.jpg,thumbnails/릴리안뜨개질Lilianknittingcrochet/4UAjrZ0fStw.jpg
Solecito,UCm8wI8rXC-csApZqkF4d5XA,TGq_QF_4PZU,Pasé Halloween en Nueva York disfrazada de Catrina 🇲🇽✨,"Hola todos! Yo soy Sol, Bienvenidos al canal de Solecito😍🌞
Soy coreana que vive en México! Espero que les gusten mis videos 🤩🤩

🌞Instagram🌞@solecito_1211
🌞contacto🌞 seolha91@gmail.com",2025-11-28T22:00:27Z,"solecito,sol,somos unnies,coreanovlogs,kenrovlogs,coreana,sujini amiga,chingu amiga,cocinando corea",24,es,PT9M33S,2d,hd,false,4702,444,0,63,public,youtube,True,False,"https://en.wikipedia.org/wiki/Hobby,https://en.wikipedia.org/wiki/Lifestyle_(sociology)",https://i.ytimg.com/vi/TGq_QF_4PZU/maxresdefault.jpg,thumbnails/Solecito/TGq_QF_4PZU.jpg
이태리 파브리 Italy Fabri,UCza_sEjIhb1yhvVZEdEl6gA,53oUJUL53Ms,난생처음 맞춤 안경... 근데 인생 안경이 될 것 같다,"*본 영상은 브리즘과 함께 제작되었습니다

얼마 전에 안경을 새로 바꿨는데
많은 분들이 알아봐 주시고
예쁘다고 해주셔서 너무 기뻤어요 😊

이번에 맞춘 안경 브랜드는 '브리즘' 입니다.

확실히 제 얼굴형에 맞게 제작되는 맞춤 안경이라
기존에 안경 쓰면서 불편했던 부분도 많이 개선돼서 대만족!

이번 영상에는 브리즘 안경 맞추는 과정과 착용 후기를 담아봤어요
안경 바꾸기 고민 중이거나 맞춤 안경 궁금하신 분들께도움이 되면 좋겠습니다

그리고 하나 더! 
파브리X브리즘 콜라보한 'Fabri' 안경도 출시하니까 많관부♥

↓할인 링크도 아래에 정리해둘게요↓

👓이태리 파브리 구독자 브리즘 1O% 할인받기
안경, 선글라스, 렌즈 포함 전제품 결제금액 10% 할인

기간 : 26.03.26 ~ 26.04.30까지 (결제일 기준)
방법 : 방문 예약 시 요청사항란에 [파브리] 입력하면 끝!
바로 가기 👉 https://go.breezm.com/fabri

★파브리 디자인 런칭 이벤트★
신규 디자인 'Fabri'를 구매하시는 모든 분들께 파브리 셰프의 사인을 템플 안쪽에 무료로 담아드립니다

-
00:00 인트로
00:35 인생 안경 찾은 썰
02:04 브리즘 안경 맞추는 방법
05:07 브리즘 안경 어떻게 만들어질까?
07:21 'Fabri' 안경 탄생 썰

#파브리 #패션 #안경",2026-03-26T08:00:02Z,"파브리,이탈리아,미슐랭,셰프,야식,페라리,서울맛집,외국인맛집,한국,한국관광,장사천재,장사천재2,장사천재 파브리,백종원,외국인,맛집,레시피,흑백요리사,흑백요리사 파브리,미슐랭1스타,백패커,빽패커,백패커2 파브리,Fabrizio Ferrari,Korean food,Seoul restaurants,Seoul tourism,Korean tourism,Korean culture,foreigners,Italian cuisine,Italian food,recipes,Paik Jong Won,Michelin 1 star,Michelin,넷플릭스 파브리,넷플릭스,netflix,ferrari,먹방,mukbang,브리즘,브리즘안경,맞춤안경,안경추천,안경후기,안경바꾸기,안경브랜드,맞춤안경후기,데일리안경,안경스타일,안경코디,패션안경",22,ko,PT11M28S,2d,hd,false,4730,274,0,29,public,youtube,True,False,"https://en.wikipedia.org/wiki/Fashion,https://en.wikipedia.org/wiki/Lifestyle_(sociology)",https://i.ytimg.com/vi/53oUJUL53Ms/maxresdefault.jpg,thumbnails/이태리파브리ItalyFabri/53oUJUL53Ms.jpg
키다리짬뽕아저씨,UCK_4dhuuChRz7ozliMjGQbQ,u10-qZUW9is,204 수림식당 (서울 마포구 서교동) 중식맛집 리뷰 by 키다리짬뽕아저씨,"접니다. 
중식 면음식중에 탄탄면이 있어요. 우리나라 탄탄면들은 사실 국물이 많아요.
사실 탄탄면은 국물이 적거나 거의없이, 비벼먹는게 정석입니다.
중식당 메뉴중에 '비빔탄탄면', '탄탄비빔면' 같은게 있으면, 드셔보세요. 맛있습니다.

물론 오늘 소개하는 식당도 그렇고, 다른곳도 그렇지만
오리지날과는 차이가 있어요. 그래도 국물적게 비비는게 더 맛있다는게
제 개인적인 생각입니다.

여기 꽤 좋아요. 단
매운거 싫다고, 테이블에 있는 마라소스, 산초, 식초등을 넣지 않으면
그냥 평범할 수 있습니다. 
평양냉면은 식초나 겨자 안넣어도, 육향 본질을 즐길수 있기에 괜찮습니다. 
근데, 이 음식은 사천양념이 없으면 아무 의미가 없시봉.

#키다리짬뽕아저씨
#탄탄면
#수림식당",2026-03-21T12:35:14Z,"키다리 짬뽕,짬뽕 아저씨,키다리 짬뽕 아저씨,수림식당,부산 수림식당,홍대 수림식당,홍대 맛집,홍대입구역 맛집,상수역 맛집,서교동 맛집,홍대 중국집,홍대 짬뽕,홍대 중식당,홍대입구역 짬뽕,홍대입구역 중국집,홍대입구역 중식당,상수역 짬뽕,상수역 중국집,상수역 중식당,서교동 중국집,서교동 중식당,탄탄면,탄탄면 맛집,비빔 탄탄면,탄탄 비빔면,비빔탄탄면,탄탄비빔면,마포 중국집,가지튀김 맛집,가지 맛집,가지 만두,가지 만두 맛집,가지만두,가지만두 맛집,가지 튀김 맛집,동해장,왕가 동해장,왕가동해장,송죽약방,수원 송죽약방,경파,서울 경파,서초구 경파,사천음식,사천음식 맛집,사천 음식 맛집,사천 음식,마라 맛집,마파 맛집,마라맛집,마포 탄탄면,마포구 맛집,마포구 짬뽕,마포구 중국집,마포구 중식당,유퀴즈 맛집",19,ko,PT9M,2d,hd,false,9734,285,0,91,public,youtube,True,False,"https://en.wikipedia.org/wiki/Food,https://en.wikipedia.org/wiki/Lifestyle_(sociology)",https://i.ytimg.com/vi/u10-qZUW9is/maxresdefault.jpg,thumbnails/키다리짬뽕아저씨/u10-qZUW9is.jpg
소이는라떼,UCeybtvnMOswZXLMTReEt0XQ,igZGGCzpaT0,"반박 시 PT쌤과 한편 취급함/ 솔직히 여기까지는 식단 맞잖아/ 두바이쫀득떡,이모야킨지로,감자탕,돈까스,플로에,스타벅스치아바타치즈어쩌구,아사이볼,틴베이크베이글,머드스콘,세이류,자라",,2026-03-22T08:00:44Z,,22,ko,PT9M29S,2d,hd,false,21217,250,0,72,public,youtube,True,False,"https://en.wikipedia.org/wiki/Food,https://en.wikipedia.org/wiki/Lifestyle_(sociology)",https://i.ytimg.com/vi/igZGGCzpaT0/maxresdefault.jpg,thumbnails/소이는라떼/igZGGCzpaT0.jpg
독백tv,UCqnVjjcEHXk4Pj4XhMN7P3w,bJouvMr_RwA,독백tv 라이브 스트리밍 중!!빚갚는 그날까지~슬럼프 극뽁중!!,독백tv 라이브방송 #2025년한해수고하셨습니다 #빚쟁이와혼술 #수다 #오늘도 즐겁게 #음악 #혼술 #소통 #수다 #40중년 #백수 #나는솔로 #포항참문어 #구룡포해풍수산 #248회,2026-02-09T02:35:20Z,,24,ko,PT46M31S,2d,hd,false,4561,36,0,0,public,youtube,True,False,,https://i.ytimg.com/vi/bJouvMr_RwA/maxresdefault.jpg,thumbnails/독백tv/bJouvMr_RwA.jpg
서울우유 seoulmilk,UCPz4i66EweVQPddqYq7uULg,Schj-xPdKwk,당신을 위한 듀오안 화이바x배우'이규형',"새롭게 리뉴얼된 듀오안 
프리미엄 유산균 듀오락과 식이섬유 5.5g 함유된 듀오안 화이바 💚

#서울우유#듀오안#서울우유듀오안#듀오안화이바#듀오락#유산균발효유#이규형#식이섬유발효유
 


서울우유 공식 인스타그램 바로가기 :  https://www.instagram.com/seoulmilk_official/",2025-12-09T07:48:32Z,,22,ko,PT24S,2d,hd,false,393,5,0,0,public,youtube,True,False,,https://i.ytimg.com/vi/Schj-xPdKwk/maxresdefault.jpg,thumbnails/서울우유seoulmilk/Schj-xPdKwk.jpg
모모스커피,UC9f-9yDLgw5oea1DbKVRHXQ,qTzdyEZqM5s,월드 기준에 맞춰 준비하고 경험하는 것 | KCTC 인터뷰,"🌏 Subtitles: [EN/JP/CN/ES] & more! (Check Settings - CC)

오는 3월 24일 영도에서 열리는 KCTC(컵테이스터스 국내 대회)는 
한국 커피 씬의 역동성을 보여주는 소중한 자리입니다. 
모모스커피는 이번 대회가 세계 무대(WCTC)와 발맞추어 나가는 
기분 좋은 변화에 작은 힘을 보태게 되었습니다.


이번 변화는 2021년 세계 정상에 섰던 추경하 바리스타의 
개인적인 고민에서 시작되었습니다. 
3년의 시간을 쏟아부어 챔피언이라는 타이틀을 얻었지만, 
돌이켜보니 미리 주어진 정보가 오히려 감각을 제한하고 유연함을 떨어뜨리는 
방해물이 되기도 한다는 것을 무대 위에서 몸소 체험했기 때문입니다.


이러한 깨달음을 바탕으로, 추경하 바리스타는 
우리 선수들이 어떤 환경에서도 대응력을 발휘할 수 있는 
'본질적인 실력'을 쌓길 바라는 마음을 담아 ‘생두 정보 비공개’라는 
새로운 도전을 회사에 제안했습니다. 
모모스커피는 이 진심 어린 제안에 깊이 공감하며, 
오직 커피 그 자체에만 몰입할 수 있는 환경을 위해 
모든 팀원이 뜻을 모아 이번 스폰서가 되어보길 결정하게 되었습니다.


사라진 정보의 자리에 나만의 감각으로 
커피를 식별해내는 단단한 경험과 성장의 기록이 채워지길 바라며 
부산이라는 새로운 무대, 그리고 새로운 도전을 앞두고 있는 모든 선수분들을 진심으로 응원합니다.

[타임라인]
00:00 - 인트로 
00:13 - Q1. 세계 챔피언 확정의 순간, 기분이 어떠셨나요?
01:10 - Q2. 세계 무대를 경험하고 다시 본 한국 대회, 가장 인상적인 차이가 있었나요?
02:44 - Q3. 두 대회의 결정적인 차이는 무엇인가요?
03:24 - Q4. ‘생두 정보 비공개’를 제안하신 이유와, 이것이 바꿀 대회의 모습은 어떨까요?
04:35 - Q5. 부산에서 열린 첫 국가대표 선발전, 남다른 의미가 있을 것 같은데 어떠신가요?
05:24 - Q6. 대회에 참가하는 선수들에게 응원의 한마디 해주시죠!

#모모스커피 #KCTC #컵테이스터스 #추경하 

ⓒmomoscoffee",2026-03-27T02:00:00Z,"모모스커피,momoscoffee,모모스,momos",22,ko,PT6M6S,2d,hd,true,587,41,0,19,public,youtube,True,False,https://en.wikipedia.org/wiki/Lifestyle_(sociology),https://i.ytimg.com/vi/qTzdyEZqM5s/maxresdefault.jpg,thumbnails/모모스커피/qTzdyEZqM5s.jpg
여보클럽 미란마마,UCa8fqY6Azo62NQxafCSvYAg,j27SI4WSpVo,트젠 미란마마 357일차  ◀2026.3.27 금요일▶ #미래마마 #트랜스젠더 #여보클럽 #이태원,트젠 미란마마 357일차  ◀2026.3.27 금요일▶ #미래마마 #트랜스젠더 #여보클럽 #이태원,2026-03-27T15:29:38Z,,24,ko,PT3H12M55S,2d,hd,false,99954,494,0,18,public,youtube,True,False,https://en.wikipedia.org/wiki/Lifestyle_(sociology),https://i.ytimg.com/vi/j27SI4WSpVo/hqdefault.jpg,thumbnails/여보클럽미란마마/j27SI4WSpVo.jpg
마수와,UCL1Q845U-sKoH4H_bu9WvuQ,eLLxxQJbV0w,오이깍두기 황금비율 공개! 밥도둑 반찬 만들기,"아삭하고 시원한 오이깍두기 레시피입니다. 
입맛 없을 때 밥이 술술 들어가는 반찬이에요.

누구나 실패 없이 만들수 있는 초간단 레시피.
집에서 꼭 한번 만들어보세요. 


오이깍두기 레시피

재료: 오이 5개, 부추 한 줌, 양파 1개, 굵은 소금 1T

양념: 설탕 1T, 고춧가루 3T, 다진마늘 1T, 멸치액젓 2T

* 재료는 기호에 맞게 양을 조절해주세요.




문의메일: hj860820@naver.com 





#오이깍두기 #오이송송이 #오이무침만들기 #오이요리 #김치레시피 #반찬만들기 #요리레시피 #한식  #간단요리 #밥도둑 #집밥 #집밥레시피 #밥도둑반찬 #반찬 #반찬레시피 #밑반찬만들기 #자취요리 #한끼식사 #집쿡 #homecooking #CucumberKimchi #koreanfood",2026-03-27T09:44:05Z,"오이깍두기,오이송송이,오이무침 만들기,오이요리,김치 레시피,집밥,반찬 만들기,요리 레시피,한식,집밥 레시피,간단요리,밥도둑,밥도둑 반찬,반찬,반찬 레시피,밑반찬 만들기,자취요리,한끼식사,집쿡,homecooking,Cucumber Kimchi,korean food",22,ko,PT1M41S,2d,hd,false,100,9,0,0,public,youtube,False,False,"https://en.wikipedia.org/wiki/Food,https://en.wikipedia.org/wiki/Lifestyle_(sociology)",https://i.ytimg.com/vi/eLLxxQJbV0w/hqdefault.jpg,thumbnails/마수와/eLLxxQJbV0w.jpg
한식진흥원_ Korean Food Promotion Institute,UCMYWTWEIyAhd98yifsq6vEg,QqEcv08H9K0,[World's Excellent Korean Restaurant] Um Yong Baek | 엄용백 | 해외 우수 한식당 | 싱가포르한식당,"#UmYongBaek #Hansik #Koreanfood #singapore

The Ministry of Agriculture, Food and Rural Affairs and the Korean Food Promotion Institute annually recognize outstanding Korean restaurants abroad by awarding them ‘The World's Excellent Korean Restaurants Award.’
In 2025,  'Um Yong Baek' was selected as one of the prestigious awardees.
 
농림축산식품부와 한식진흥원은 매년 '해외 우수 한식당 지정제' 사업을 통해 우수한 해외 한식당을 선정하고 지원하는 사업을 진행해 오고 있습니다.
싱가포르에서 '해외 우수 한식당'으로 선정된 '엄용백'를 소개합니다.


📍 한식진흥원의 더 많은 소식은 아래에서 확인하실 수 있습니다.
🍚 한식포털: https://www.hansik.or.kr
📸 인스타그램:  https://www.instagram.com/hansik_official/  
📖 매거진 ‘한식 읽기 좋은 날’: https://www.hansik.or.kr/magazines/list


#한식진흥원 #KFPI #해외우수한식당 #ExcellentKoreanRestaurant #엄용백 #UmYongBaek #한식 #한식당 #KFood #KoreanCuisine #KoreanRestaurant #싱가포르한식당",2026-03-20T01:00:22Z,,29,ko,PT1M1S,2d,hd,false,74,1,0,0,public,youtube,True,False,"https://en.wikipedia.org/wiki/Food,https://en.wikipedia.org/wiki/Lifestyle_(sociology)",https://i.ytimg.com/vi/QqEcv08H9K0/maxresdefault.jpg,thumbnails/한식진흥원_KoreanFoodPromotionInstitute/QqEcv08H9K0.jpg
여수언니 정혜영 [Yeosu Unnie],UCrIxxmIq7logJFN6Bw_1KTA,RMDhS1E9HCM,SUB)한입혜영😋9화+먹방VLOG)김치찜+영미화김밥4종🍙[봄날엔]신제품🎉두쫀떡 피넛버터맛&피스타치오&황치즈+초코퐁당 초코초코 롤케이크+봄나리베이커리 샘플테스트🧈 MUKBANG❤️,"여러분❤️ 오늘은 오랜만에 한입혜영😋 영상을 가지고 왔어요 :)

초코퐁당 두쫀떡 피넛버터맛 궁금해하시는 분들도 많았고,
이번에 새롭게 초코퐁당 초코초코 롤케이크를 선보이게 됐거든요!🍫
(줄여서 ‘초코롤퐁’으로 부르기로!)

또 4월 초에 출시 예정인 두쫀떡 피스타치오맛이랑 
좀 더 보완해서 출시 예정인 황치즈 맛도 같이 먹어봤구요!

황치즈 디저트 먹는 김에 요즘 핫한 
오리온 황치즈 시리즈도 먹어봤습니닷 +_+

아니 근데.. 오리온 황치즈 시리즈 진짜 맛있는데 
출시한지 얼마 안 돼서 오늘부로 단종이라고 하더라구요.. 이거 실환가요? ㅠㅠ
오랜만에 정말 맛도리 황치즈 디저트가 나왔다고 생각했는데… 
오리온은 다시 판매를 재개해달라!!! 흑흑

아무튼.. 다시 초코롤퐁 이야기를 해보자면
초코케이크 좋아하시는 분들 모두 모여보세요😍
진짜 진짜 진짜 맛있는 초코 롤케이크가 탄생했거든요!

-얇은 시트지에 꾸덕하고 진한 초코 크림을 가득
-거기에 식감 천재 오독오독한 초코칩 듬뿍
-마무리로 겉면을 초코 코팅으로 감싼
-어메이징한 녀석이에요🍫❤️ 

과일이나 좋아하는 재료들을 올려 꾸며서 먹기에도 좋고
우유 말먹하면 기가 막힌 이 녀석도 소개합니닷!
(초코롤퐁은 3/11(수) 출시)

그리고 오늘의 빵해장으로 김치찜과 김밥을 먹었는데…
정말 탁월한 선택이었어요!

오늘도 귀한 시간 내어 저를 보러 와주셔서 감사하구요 :)
저는 다음 영상으로 식사일기 준비해서 가지고 올게요!
맛도리들 잘 써치해서 맛있게 완성시켜 올테니 좀만 기둘려봐요❤️

다들 오늘 하루도 고생 많으셨구요!
운동 합시다 모두~~ 헤헷

무조거 응원하고 무조건 싸랑해요🫶🏻
뿅~



추신 : 간혹 댓글이나 대댓글로 서로 기분 상하는 말들을 하는 경우 삭제하겠습니다..! 




⋱⋰ ⋱⋰ ⋱⋰ ⋱⋰ ⋱⋰ ⋱⋰ ⋱⋰ ⋱⋰ ⋱⋰ ⋱⋰ ⋱⋰


▶ 인스타그램 Instagram  👉🏻 https://www.instagram.com/yeosu.unnie 

▶ 이메일 Email 👉🏻 likejhy@naver.com 

▶ [봄날엔] 스마트 스토어 👉🏻  https://brand.naver.com/bomnaln

▶ [봄날엔] 자사몰 👉🏻 https://happybomnal.com/ 

▶ [해핏] 자사몰 👉🏻 https://happeat.co.kr/ 

▶ [봄나리 베이커리] 스마트 스토어 👉🏻 https://smartstore.naver.com/bomnarybakery

▶ [나의 봄날인 너에게]도서 구매링크  ↓↓↓
https://product.kyobobook.co.kr/detail/S000201550393 

▶ 마켓컬리 추천인 아이디 👉🏻 likejhy
 

⋱⋰ ⋱⋰ ⋱⋰ ⋱⋰ ⋱⋰ ⋱⋰ ⋱⋰ ⋱⋰ ⋱⋰ ⋱⋰ ⋱⋰

SUB) A Bite With Hyeyoung😋EP. 9 + Mukbang Vlog) bomnal& New Product + Samples, Gimbap & Kimchi Jjim


🖍타임라인
00:00 인트로❤️

00:42 돌아온 한입혜영😋

01:33 [봄날엔] 초코퐁당 두바이 쫀득떡 피넛버터맛🥜

04:45 두쫀떡 피넛버터맛 꿀조합
+[벤슨]저지밀크 & 말돈솔트 아이스크림🍦

06:46 [봄날엔] 신제품 테스트 리뷰
초코퐁당 두바이 쫀득떡 피스타치오맛& 황치즈맛💚🧡

09:48 [오리온] 치즈공방 시리즈
촉촉한 황치즈 칩+마켓오 브라우니 체다&까망베르맛🧀

13:45 식감천재 [농심] 바삭 츄리 고튀🍠

15:59 [봄날엔] 신제품 탄생🎉
초코퐁당 초코초코 롤케이크🍫

17:35 초코롤퐁 꿀조합+딸기🍓

19:49 초코롤퐁 꿀조합+우유말먹🥛
+몰티저스+초코룹스+우유말먹🥛

22:44 [봄나리 베이커리] 테스트메뉴 소개

24:05 오랜만에 TMI타임😏
(넘기실 분들은 30:04로~)

30:04 [봄나리 베이커리] 테스트메뉴
휘낭시에&버터떡🧈

34:35 빵해장🔥
아삭아삭 김치찜+흰쌀밥🍚

38:37 김치찜&[영미화]김밥 4종
영미화 김밥+말린 느타리 버섯 김밥+진미채김밥+씨앗 들깨 멸치 김밥

43:59 여수언니의 화장학개론💄

46:48 밀키스 제로 탄산타임+_+

47:27 마무리 인사💕




-맛 평가는 어디까지나 제 입맛에 따른 개인적인 의견이니, 참고만 해주세요!🙏🏻



↓여수언니 두번째 채널(Yeosu Unnie’s second channel)↓
https://www.youtube.com/@BomnalUnnie

각국어 번역 자막 제작 : 
컨텐츠 제작의 마무리는 컨텐츠플라이! 글로벌 진출을 위한 최고의 파트너,
CONTENTSFLY에서 제작되었습니다.
https://www.contentsfly.com



Subtitles are in the process, I appreciate your patience
자막은 작업 중입니다, 조금만 기다려주세요
Subtitles can be selected in the settings
설정에서 자막을 선택할 수 있습니다",2026-03-10T10:00:44Z,"먹방,eatingshow,여수,브이로그,mukbang,vlog,여수언니,yeosu,디저트,korean food,여수맛집,yeosuunnie,yeosusister,빵순이,돼지파티,여수언니정혜영,モッパン,mukbang korean,korean mukbang,#モッパン,#mukbang,#koreanfood,#eatingshow,#먹방,정혜영,real sound,#real sound,#마켓컬리,#여자먹방,#realsound,dessert,#dessert,#빵,#vlog,봄날엔약과,약과,bomnal&,봄날엔구름크림떡,봄날엔디저트,구름크림떡,초코초꾸떡,미니약과,해핏,봄날엔,초코퐁당두바이쫀득떡,두쫀떡,두쫀떡피넛버터맛,오리온황치즈,두쫀떡피스타치오맛,두쫀떡황치즈맛,촉촉한황치즈칩,마켓오브라우니황치즈,고튀,봄날엔신제품,한입혜영,초코퐁당초코초코롤케이크,초코롤퐁,봄나리베이커리,버터떡,휘낭시에,김치찜,영미화김밥,김밥",22,ko,PT49M16S,2d,hd,true,206640,2142,0,237,public,youtube,True,False,"https://en.wikipedia.org/wiki/Food,https://en.wikipedia.org/wiki/Lifestyle_(sociology)",https://i.ytimg.com/vi/RMDhS1E9HCM/maxresdefault.jpg,thumbnails/여수언니정혜영YeosuUnnie/RMDhS1E9HCM.jpg
광수엄마 건강요리,UCaA33Jxr-f6kWRf0NbwFEIA,hCpLuHj0Eew,이제 대파김치 이렇게 드셔보세요 대파김치 맛있게 담그는법 대파 김치요리 밑반찬요리 무침요리 겉절이요리 대파김치 만드는법 대파김치 만드는방법 대파김피 만들기 황금레시피 레시피,"#대파#대파김치#대파김치맛있게담그는방법#김치요리#밑반찬요리#무침요리#겉절이요리#김치#대파김치만드는법#대파김치만드는방법#대파김치만들기#황금레시피#레시피

재료:
대파 350g,
양파 35g,
생강 4g,

양념:
고춧가루 2 수저,
까나리 액젓 2 수저,
다진마늘 반 수저,
매실청 3 수저,
참치액 1 수저,
추젓 반 수저,
통깨 1 수저,",2026-03-23T06:30:20Z,"대파,대파김치,대파김치맛있게담그는방법,김치요리,밑반찬요리,무침요리,겉절이요리,김치,초보자도쉽게,대파김치만드는법,대파김치만드는방법,쉽게,대파김치만들기,황금레시피,레시피,초간단요리,쉬운요리,간단한요리",26,ko,PT3M41S,2d,hd,false,1820,32,0,1,public,youtube,True,False,"https://en.wikipedia.org/wiki/Food,https://en.wikipedia.org/wiki/Lifestyle_(sociology)",https://i.ytimg.com/vi/hCpLuHj0Eew/maxresdefault.jpg,thumbnails/광수엄마건강요리/hCpLuHj0Eew.jpg
침착맨 원본 박물관,UCewitUbsXnyjvJjGgxa0IYw,sSmwDIPDWCk,"2025년 12월 31일 2부 | 지키기 힘든 신년 계획 월드컵, 롤","▶2025년 침착맨 개인방송 원본
https://www.youtube.com/playlist?list=PLa-pNFfK2krIyg4p5sseksriBNoZov8T5

▶이전 침착맨 개인방송 원본
https://youtube.com/playlist?list=PLa-pNFfK2krIr5v-N2BMi_pCcQTICFyFP&feature=shared
https://www.youtube.com/playlist?list=PLa-pNFfK2krIRxS4CtLb7BsPTIgeAemjL
https://www.youtube.com/playlist?list=PLa-pNFfK2krIvgs7e9RbMemKltzwX8Y7c
https://youtube.com/playlist?list=PLa-pNFfK2krLVBNdqku9vZqWsRvNOTM-I
https://youtube.com/playlist?list=PLa-pNFfK2krKIUX63mVp5AKXlYBKaTrtt
https://youtube.com/playlist?list=PLa-pNFfK2krJg87risrobz9HJ7vPcYOZh
https://youtube.com/playlist?list=PLif_jr7pPZABK37yMmoJSFr4FWdSfi09f
https://youtube.com/playlist?list=PLif_jr7pPZADZ0IDVn9fufWOs-TCksYu_
https://youtube.com/playlist?list=PLif_jr7pPZACM7asaxTezOvcj3CtfABYS
https://youtube.com/playlist?list=PLif_jr7pPZADFoVxHadsnGdbh2P_6C_bV",2025-12-31T15:41:44Z,,24,ko,PT5H43M43S,2d,hd,false,139476,980,0,205,public,youtube,True,False,,https://i.ytimg.com/vi/sSmwDIPDWCk/maxresdefault.jpg,thumbnails/침착맨원본박물관/sSmwDIPDWCk.jpg
레시피 dream,UCQqxen9IRj-gmJlQXO8qZ_w,ul6Z8gRnkSk,작은카페가 살아남는 법/ 샌드위치 카페 브랜드스토리 만들기,"작은 카페가 살아남으려면 맛보다 먼저 기억에 남아야 합니다.
“건강한 재료”, “수제”, “정성” 같은 말만으로는 고객의 관심을 끌기 어렵습니다.
고객은 우리 가게 설명보다 “내 문제가 해결되는가”에 더 반응합니다.
이 영상에서는 세계적 스토리 전략가의 관점으로 기억되는 카페 만드는 방법을 알려드립니다.
가격 경쟁에 끌려가지 않고 선택받는 카페가 되고 싶다면 꼭 보세요~




#카페창업#카페메뉴#베이글샌드위치 #소자본창업 #개인카페#샌드위치창업",2026-03-27T07:20:40Z,"샌드위치 만들기,샐러드카페,레시피,샌드위치 카페창업,카페메뉴,자영업자,샌드위치 레시피,베이글 샌드위치,당근라페 샌드위치,샌드위치카페,소자본창업,샌드위치",22,ko,PT11M42S,2d,hd,false,348,19,0,1,public,youtube,True,False,https://en.wikipedia.org/wiki/Food,https://i.ytimg.com/vi/ul6Z8gRnkSk/maxresdefault.jpg,thumbnails/레시피dream/ul6Z8gRnkSk.jpg
이태리 파브리 Italy Fabri,UCza_sEjIhb1yhvVZEdEl6gA,eZv8VvphWuE,저 이탈리아에 돌아갈 수 있을까요...?,"*본 영상은 오뚜기의 지원을 받아 제작되었습니다

제 친구들 재밌게 보셨나요?

여러분들도 한번 맛보면 좋을 거 같아서
제가 할인 링크도 가져왔어요~ 많관부♥

----------------------------------------------------------

오뚜기가 일냈다! 🇮🇹🍕
집에서도 제대로 된 이탈리아 피자를 먹을 수 있게 됐어요
이탈리아 셰프 파브리도 반해버린,
오뚜기 피자 이딸리아나 3종을 만나보세요 😁

🍕 오뚜기 피자 이딸리아나 3종 할인 기획전
▶️ https://www.youtube.com/shopcollection/SCUCeka_Lxex6yk1EnHKtgDJXHaYHcIEX1wxw?scp=EAM%3D

🍕 이태리 파브리 채널 구독자 댓글 이벤트
피자 이딸리아나에 대한 기대평을 댓글로 남겨주시면
추첨을 통해 오뚜기 피자 이딸리아나를 선물로 보내드립니다!

📌 댓글 이벤트 참여방법
1. '이태리 파브리' 채널 구독과 영상 좋아요는 필수!
2. 영상 속 오뚜기 피자 이딸리아나에 대한 기대평 or 나만의 '오뚜기 피자 이딸리아나 꿀조합' 댓글 남기기
  (ex. ""이탈리아 피자를 집에서 맛볼 수 있다니!"", ""금요일 밤 맥주랑 오뚜기 피자 조합은 못 참죠!"")

3. 댓글을 캡쳐한 후 아래 링크를 통해 응모하면 끝!
https://docs.google.com/forms/d/e/1FAIpQLSflwRnEUxm6EVzJzj_jPtq9q-bClJPdJfR0WJQMJKE5spN9ww/viewform


✅ 참여 기간 : 2026년 3월 12일 목요일 ~ 3월 16일 월요일
✅ 당첨자 발표 : 2026년 3월 18일 수요일, 유튜브 커뮤니티 및 개별 안내
✅ 경품 : 오뚜기 피자 이딸리아나 3종세트 (20명)
                 다양한 맛을 즐기실 수 있도록 오뚜기 피자 이딸리아나 3종세트를 보내드립니다!

-
00:00 오늘 뭐 해요?
00:11 오뚜기 피자 광고 타임
00:38 오뚜기 피자 리뷰
05:17 셋 중에 가장 맛있는 피자?
05:48 피자 나무위키 도전
07:02 인생 첫 K-피자
09:27 나폴리 피자 탄생
10:45 킹세종 도와주세요!
12:12 이벤트 있어요✨

#오뚜기 #이딸리아나 #이탈리아피자",2026-03-12T08:00:45Z,"파브리,이탈리아,미슐랭,셰프,야식,페라리,서울맛집,외국인맛집,한국,한국관광,장사천재,장사천재2,장사천재 파브리,백종원,외국인,맛집,레시피,흑백요리사,흑백요리사 파브리,미슐랭1스타,백패커,빽패커,백패커2 파브리,Fabrizio Ferrari,Korean food,Seoul restaurants,Seoul tourism,Korean tourism,Korean culture,foreigners,Italian cuisine,Italian food,recipes,Paik Jong Won,Michelin 1 star,Michelin,넷플릭스 파브리,넷플릭스,netflix,ferrari,먹방,mukbang,피자,한국피자,이탈리아피자,나폴리피자,오뚜기피자,냉동피자,냉동피자추천,pizza",22,ko,PT12M50S,2d,hd,true,73627,1998,0,621,public,youtube,True,False,"https://en.wikipedia.org/wiki/Food,https://en.wikipedia.org/wiki/Lifestyle_(sociology)",https://i.ytimg.com/vi/eZv8VvphWuE/maxresdefault.jpg,thumbnails/이태리파브리ItalyFabri/eZv8VvphWuE.jpg
황제 이발소 皇帝理髪店 BANGKOK,UCqKtSWurKQ3TIUHdH7APTuQ,FNQiI90bPIw,베트남 이발소 - 방콕 황제 이발소 DB 1편,"영상 502 - 태국 방콕에 위치한 황제 이발소 - DB 관리사가 친절한 서비스를 선보입니다. 
**이 영상은 방콕 황제 이발소에서 촬영되지 않았습니다.**

방문하시면 최선을 다해 모시겠습니다.

주소: 8, 24 Ratchadaphisek Rd, Khwaeng Khlong Toei, Khlong Toei, Bangkok 10110
구글맵: https://g.page/hwangjae2?share
전화번호: +66 02-120-7409
영업시간: 오전 10시부터 10시30분까지
홈페이지: https://m.blog.naver.com/kangsh3333/221651881965
가격 - 90분 서비스 700밧

서비스: Washing the foot, Shaving, Facial Massage, Ear Cleaning, Finger/Toe Nail Grooming, Arm/Leg Massage, Back Massage, Shampoo/Dry

#황제이발소, #베트남이발소, #방콕마사지",2026-03-22T13:00:23Z,"베트남 이발소,황제 이발소,황제,방콕,Vietnam Barber Shop,Vietnamese Barber Shop,Vietnam massage,Barber Shop,Massage,vietnam barber shop,vietnam,thailand,vietnamese,thai,oil massage,thai massage,barbershop,barber shop,barber,shop,aroma,spa,therapy,magical massage,magical,ASMR,asmr,Bangkok,Saigon,베트남마사지,이발소,이발관,베트남,태국,베트남식,태국식,오일 마사지,태국 마사지,아로마,스파,테라피,Friseur,Öl,magisch,glücklich,祝い,イーパル,ベトナム,タイ,油菓子,硫酸,トウモロコシ,ポールマッサージ,アロマ,スパイス,治療,バンコク,ホーチミン,ダナン,プーケット,パタヤ,ホアヒン",19,ko,PT20M21S,2d,hd,false,946,19,0,0,public,youtube,True,False,https://en.wikipedia.org/wiki/Lifestyle_(sociology),https://i.ytimg.com/vi/FNQiI90bPIw/maxresdefault.jpg,thumbnails/황제이발소皇帝理髪店BANGKOK/FNQiI90bPIw.jpg
맛찾꾼 Yummy hunter,UCjF97oDlA-GXYE_j4Gw5c4g,BCqMs7sBPYI,[해운대맛집] 30년 전통 역대급 로컬 가성비 생아구찜,"상호 : 선명아구찜
전화번호 : 051-784-0123
주소 : 부산 해운대구 재송동 1054-28
영업시간 : 11:00 ~ 22:00
휴무일 : 매주 목요일
브레이크타임 : 없음
대표메뉴 : 아구찜, 해물아구찜, 아구수육
영상문의 : chujang79@gmail.com",2026-03-25T08:00:08Z,"맛찾꾼,해운대맛집,부산맛집,재송동맛집,아구찜맛집,선명아구찜,해물찜,해물찜맛집,아구찜",22,ko,PT5M,2d,hd,false,1251,53,0,18,public,youtube,True,False,"https://en.wikipedia.org/wiki/Food,https://en.wikipedia.org/wiki/Lifestyle_(sociology)",https://i.ytimg.com/vi/BCqMs7sBPYI/maxresdefault.jpg,thumbnails/맛찾꾼Yummyhunter/BCqMs7sBPYI.jpg
청년 김행복(Kim.Happiest),UCD0ECOBOHWg1SVsgMz10Bcw,K1Xdfk_Agoc,"""KTX타고 대구에서 직송 온 뭉티기 먹어봤습니다!!","서울 수유에서 대구의 맛을 그대로 느낄 수 있는 곳,
바로 소문난육회집 수유본점입니다.

대구에서 KTX 직송으로 올라오는 신선한, 이 집의 진짜 메인은 ‘뭉티기’.

뭉티기만 유명한 게 아니고,
꾸리살로 만든 향긋한 미나리육회,
부드럽고 깔끔한 육사시미까지
곁들이면 완성되는 한 상의 조화가 정말 놀라웠습니다.

오늘도 맛있는 한 끼가 큰 힐링이 된 하루였습니다.
여러분께도 이 행복이 그대로 닿았으면 좋겠습니다.
영상 즐겁게 봐주세요!

👉 더 많은 맛집 여행은 ‘청년 김행복’ 채널에서 계속됩니다.

#대구뭉티기 #미나리육회 #꾸리살 #우둔살 #육회맛집 #수유맛집 #육사시미 #소문난육회집
#대구직송 #뭉티기맛집 #수유본점 #수유역맛집 #서울맛집추천 #강북맛집 #생고기 #육사시미맛집 #미나리육회맛집 #고기맛집추천 #맛집브이로그 #ktx직송 #생생정보통 #대구음식
#수유핫플 #서울고기맛집  #한우육회 #육사시미 #뭉티기 #맛집탐방 #맛집여행 #rawmeat

#KoreanFood #KoreanCuisine #FoodieLife #SeoulEats #RawBeef
#FoodVlog #TravelForFood #asianfoodlovers #FoodPornDaily #MustEat
#맛집기록 #브이로그맛집 #서울핫플 #먹방투어 #김행복 #청년김행복",2025-12-05T11:04:17Z,"청년김행복,김행복,행복라이프,나혼자한다,청년도전,맛집여행,맛집탐방,김행복맛집,수유역맛집,맛집리뷰,뭉티기,대구뭉티기,꾸리살,우둔살,한우육회,한우육사시미,미나리육회,수유역술집,청년맛집,뭉티기세트,소문난육회집,수유본점,먹방유튜버,mukbang,korean sashimi,식당로고송,맛집홍보송,음식점홍보송,홍보송,로고송,ktx특송,당일도축,육회맛집,육사시미,생고기,음식 생생정보통",22,ko,PT10M55S,2d,hd,false,435,12,0,7,public,youtube,True,False,"https://en.wikipedia.org/wiki/Food,https://en.wikipedia.org/wiki/Lifestyle_(sociology)",https://i.ytimg.com/vi/K1Xdfk_Agoc/maxresdefault.jpg,thumbnails/청년김행복KimHappiest/K1Xdfk_Agoc.jpg
자취요리신 simple cooking,UCC9pQY_uaBSa0WOpMNJHbEQ,JnXCqn9Sxxw,저는 이걸로 150만원 아꼈습니다.,"닭라면을 만들어 보자

[재료]
닭다리살 정육 200g, 꼬꼬면, 대파

[만드는 법]
1. 닭다리살 정육에 소금, 후추를 뿌려주고 잠시 기다려줍니다.
2. 팬에 닭다리살 구워준 뒤 진간장 1/2스푼만 둘러 간장향을 더해주고 빼줍니다.
3. 물 500ml, 꼬꼬면을 넣고 맛있게 끓여준 뒤 면만 빼줍니다.
4. 숙주 한줌을 넣고 30초만 데쳐줍니다.
5. 면 위로 다 부어주고 닭다리살, 대파, 삶은 계란, 다진마늘 소량, 후추를 곁들여줍니다.

#닭다리살
#라면

채널 멤버십 표시로 이름 옆에 후라이팬을 달아보세요 🍳
https://www.youtube.com/channel/UCC9pQY_uaBSa0WOpMNJHbEQ/join",2026-03-26T09:09:45Z,"자취요리,간단요리",26,ko,PT54S,2d,hd,false,22674,509,0,25,public,youtube,True,False,"https://en.wikipedia.org/wiki/Food,https://en.wikipedia.org/wiki/Lifestyle_(sociology)",https://i.ytimg.com/vi/JnXCqn9Sxxw/maxresdefault.jpg,thumbnails/자취요리신simplecooking/JnXCqn9Sxxw.jpg
Starbucks Korea,UCaxvyTYdWaDXupmgj5ttDUQ,97p8PHjm6rY,스타벅스 커뮤니티 스토어를 소개합니다.,"스타벅스의 특별한 사회공헌 매장, 커뮤니티 스토어를 소개합니다.

스타벅스 커뮤니티 스토어는 지역사회의 긍정적인 변화와 장기적인 발전에 기여하기 위해
매장의 수익금을 지역사회에 환원하는 이익공유형 매장으로,
차별화된 스타벅스의 글로벌 사회공헌 모델입니다.

 '커뮤니티 스토어'라는 이름에 내포되어 있듯이, 커뮤니티 스토어는 지역사회와 소통하는 열린 공간으로써,
전 세계 각 지역의 특성에 따른 연계 기관과 함께 다양한 프로그램을 운영하고 있습니다.

📍커뮤니티 스토어 1호점 : 대학로점
-2014년 10월 오픈
-초록우산과 함께 청년인재 양성 지원

📍커뮤니티 스토어 2호점 : 성수역점
-2020년 5월 오픈
-초록우산과 함께 청년인재 양성 지원

📍커뮤니티 스토어 3호점 : 서울대치과병원점
-2021년 12월 오픈
-하트-하트재단과 함께 장애인 고용 증진 및 장애인식개선 활동 전개

📍커뮤니티 스토어 4호점 : 적선점
-2022년 11월 오픈
-아름다운재단과 함께 자립준비청년 지원

📍커뮤니티 스토어 5호점 : 경동1960점
-2022년 12월 오픈
-동반성장위원회, 경동시장상인회, 케이디마켓주식회사와 함께 경동시장 상생 활성화

📍커뮤니티 스토어 6호점 : 독립문역점
-2023년 8월 오픈
-국가보훈부, 한국사회복지협의회와 함께 국가유공자 후손 지원

📍커뮤니티 스토어 7호점 : 제주세화DT점
-2023년 11월 오픈
-환경재단과 함께 친환경 활동 전개

📍커뮤니티 스토어 8호점 : 종로R점
-2024년 1월 오픈
-JA Korea와 함께 청년취업 활성화

📍커뮤니티 스토어 9호점 : 환구단점
-2024년 7월 오픈
-국가유산청, 문화유산국민신탁과 함께 국가유산 보호 활동 전개

📍커뮤니티 스토어 10호점 : 광장마켓점
-2025년 5월 오픈
-동반성장위원회, 광장시장상인총연합회, 광장주식회사와 광장시장 활성화

📍커뮤니티 스토어 11호점 : 고대안암병원점
-2025년 11월 오픈
-고대안암병원과 청년 건강 증진 지원

스타벅스는 앞으로도 커뮤니티 스토어를 통해 지역사회와 상생하겠습니다.",2026-02-03T04:29:41Z,"스타벅스,starbucks,스타벅스 코리아,Starbucks Korea,Starbucks Coffee Korea",26,ko,PT3M42S,2d,hd,false,1623,47,0,5,public,youtube,True,False,https://en.wikipedia.org/wiki/Business,https://i.ytimg.com/vi/97p8PHjm6rY/maxresdefault.jpg,thumbnails/StarbucksKorea/97p8PHjm6rY.jpg
정슐랭,UCTIEKbNIqTxj8ip3NYw5xbw,Q8afb7poEnc,[인천송도맛집] 송도 일본식 라멘 맛집 찾으신다면 여기입니다🍜👍,"[ 💬 Information ]
금
11:00 - 21:00
20:30 라스트오더
토
11:00 - 21:00
20:30 라스트오더
일
11:00 - 21:00
20:30 라스트오더
월
11:00 - 21:00
20:30 라스트오더
화
11:00 - 21:00
20:30 라스트오더
수
11:00 - 21:00
20:30 라스트오더
목
11:00 - 21:00
20:30 라스트오더

💰 가격(Price)
: 새우새우세트 / 16,5
: 에비돈코츠(새우탕멘) / 11,5
: 울트라아멘 / 14,5
: 울트라동 / 14,5
 
🚩 위치(Location)
: 인천 연수구 송도미래로11번길 27 에이동 지상1층 에이104호
: https://naver.me/5Ag4Nfbu
- - - - - - - - - - - - - - - 😋 - - - - - - - - - - - - - - - -
💌 촬영 요청 및 제보(Jungchelin contact E-mail)
      : jungrakho@gmail.com
      : cooinginseoul@naver.com

 #인천송도맛집 #인천송도라멘 #인천송도일식 #인천대입구역맛집 #송도신도시맛집 #큐슈울트라아멘송도스마트스퀘어점",2026-03-27T12:00:40Z,"맛집,맛집추천,여행코스,현지인맛집,분조카,카페추천,koreafood,먹방,저메추",19,ko,PT7M49S,2d,hd,false,1281,112,0,0,public,youtube,True,False,"https://en.wikipedia.org/wiki/Food,https://en.wikipedia.org/wiki/Lifestyle_(sociology)",https://i.ytimg.com/vi/Q8afb7poEnc/maxresdefault.jpg,thumbnails/정슐랭/Q8afb7poEnc.jpg
버팀목TV[임윤희],UCBU6877IMgaEJTUXeVPwQOA,JalJr5zTcSI,지긋지긋한 불면증때문에 고생하신다고요? 요즘제철입니다 #멜라초 #산괴불주머니 #불면증,#불면증 #멜라초 #산괴불주머니 안녕하세요 불면증 때문에 너무고생하시는분들 관심가저보세요~~,2026-03-23T10:05:57Z,"#불면증,#산괴불주머니,#멜라초,#면라초,#괴불주머니,.#알칼로이드,#수면장애",27,ko,PT6M51S,2d,hd,false,336,56,0,9,public,youtube,True,False,https://en.wikipedia.org/wiki/Health,https://i.ytimg.com/vi/JalJr5zTcSI/maxresdefault.jpg,thumbnails/버팀목TV임윤희/JalJr5zTcSI.jpg
스마일분재경매,UCED-Ab4g1cIRU90xqVvrkHg,fJ3xot_mmDM,😊3월 22일(日) 218회차 Live 방송 【스마일분재경매(韓国の盆栽/Korean Bonsai)】,"【스마일분재경매】

■1/3주 토*일*월요일 오후 5시
(토)(일)(월) : 분재   (월) : 분재+특수목+각종 정원수

■반갑습니다. 미소농원 대표 정귀순입니다. 시대의 흐름에 조응하여 유튜브 실시간 경매장을  개장하였습니다. 보유하고 있는 분재, 특수목들을 바탕으로, 여러 소장자님들의 소중한 작품도 위탁 경매하고 있습니다. 많은 관심과 참여 부탁드립니다.

■아래 링크로 들어오셔서 구독을 신청해 주시고, 010-9966-9413으로 [닉네임+실명+배송받으실 주소]를 보내시면 등록이 완료됩니다. 회원가입을 하셔야 낙찰 받으실 수 있습니다.

■경매장주소 : 경남 창원시 의창구 동읍 화양리 933

■소품택배 가능합니다.
택배 배송비 8천원입니다.
중*대품 화물 배송비 8만원입니다.
(단, 강원도, 제주도는 별도 공지.)

■ 방송 후 낙찰취소시, 위약금 20%가 부과됩니다. 무분별한 낙찰후 취소로 인해 영업손실은 물론 진행상의 애로사항이 많은 관계로, 불가피하게 일정한 제재를 할 수밖에 없음을 양해해 주시기 바랍니다

■링크
https://www.youtube.com/@user-ib9hr9nl2j/streams",2026-03-22T14:31:49Z,"분재,경매,경남 스마일 분재 경매장,스마일분재,경남분재장,창원분재,실시간분재",24,ko,PT6H36M37S,2d,hd,false,8582,169,0,4,public,youtube,True,False,https://en.wikipedia.org/wiki/Lifestyle_(sociology),https://i.ytimg.com/vi/fJ3xot_mmDM/maxresdefault.jpg,thumbnails/스마일분재경매/fJ3xot_mmDM.jpg
히밥heebab,UCA6KBBX8cLwYZNepxlE_7SA,KGwgHzdk0ho,한 끼에 초밥만 270개 먹었던 히밥이 6년 동안 다닌 초밥 단골집 먹방,#히밥 #히밥먹방 #초밥,2026-03-27T08:30:11Z,"heebab,히밥,히밥먹방,도전먹방,mukbang,eating show,eating,초밥먹방,스시 먹방,대왕 초밥,여우골,히밥 초밥,히밥 도전먹방",22,ko,PT18M32S,2d,hd,true,133119,3926,0,197,public,youtube,True,False,"https://en.wikipedia.org/wiki/Food,https://en.wikipedia.org/wiki/Lifestyle_(sociology)",https://i.ytimg.com/vi/KGwgHzdk0ho/maxresdefault.jpg,thumbnails/히밥heebab/KGwgHzdk0ho.jpg
365일 치팅데이 레시피,UCm86mketHL5xaWMASFc_QVg,EjVrJoyt0S4,요즘 한국인들 단체로 봄동비빔밥에 미쳤습니다,"#요리레시피#봄동 #봄동비빔밥 #점심 #점심메뉴추천 #점메추

요즘 제 알고리즘을 박살내버린 봄동비빔밥,
점심에 저도 결국 먹어봤어요.

고기보다 맛있다길래 솔직히 조금은 의심했거든요.
그런데요… 진짜더라고요.🙄

아삭하게 씹히는 봄동에
매콤달콤한 양념이 부드럽게 감기고,
참기름 향이 은은하게 올라오는데
반숙 계란 노른자까지 톡 터지니까
밥이 정말 술술 넘어가요.

채소 한 그릇인데도 이렇게 입에 착착 감기다니
괜히 더 기분이 좋아졌어요.

• 봄동 300g(손질 후)
• 고춧가루 3스푼
• 설탕 2스푼
• 액젓 2스푼
• 간장 1스푼
• 다진마늘 1스푼
• 맛소금 1스푼
• 참기름 2스푼
• 통깨
• 계란 후라이 2개

봄동은 먹기 좋게 썰어 양념과 가볍게 무쳐주세요.
따뜻한 밥 위에 듬뿍 올리고
계란 후라이 두 개 얹어 노른자 터뜨려
조심히 비벼주면 완성입니다.

고기 없이도 충분히 든든한 한 그릇.
요즘 왜 다들 봄동을 비비는지,
한 번 드셔보시면 바로 아실 거예요. 🌿",2026-02-24T02:23:08Z,,22,ko,PT3M8S,2d,hd,false,281,18,0,1,public,youtube,True,False,"https://en.wikipedia.org/wiki/Food,https://en.wikipedia.org/wiki/Lifestyle_(sociology)",https://i.ytimg.com/vi/EjVrJoyt0S4/maxresdefault.jpg,thumbnails/365일치팅데이레시피/EjVrJoyt0S4.jpg
ひとりより,UCeiWTEUzY0hlbe4jFjNMPVQ,JA9fxBggTTU,史上最高にうまいもったり明太クリームパスタを作ってしまった・・・,"0:00 COOKING
2:00 MUKBANG

本日もご視聴ありがとうございました❣️

__________________________________________

Email:hitorikimchi@gmail.com
Instagram:https://www.instagram.com/hitoriyori1
TikTok:https://www.tiktok.com/@hitoriyori

Music provided by 브금대통령
https://youtube.com/@bgmpresident?feature=shared

#먹방 #モッパン #モクバン #MUKBANG

__________________________________________",2026-03-23T13:17:50Z,"明太子,明太クリームパスタ,クリームパスタ,パスタ,夜ご飯,もったり,明太子パスタ,イタリアン,Recipe,명란,크림파스타,파스타,일본인,일본 여자,일본인 여자친구,cream pasta",22,ja,PT10M2S,2d,hd,true,14828,595,0,55,public,youtube,True,False,"https://en.wikipedia.org/wiki/Food,https://en.wikipedia.org/wiki/Lifestyle_(sociology)",https://i.ytimg.com/vi/JA9fxBggTTU/maxresdefault.jpg,thumbnails/ひとりより/JA9fxBggTTU.jpg
ㅤ거제도 최군의 횟집 TV,UCKgCNBPk4lDIOquq17Jwg_g,AwhqxGEwEE8,"영등철 장사, 힘들다 힘들어..","영등철은 바다 보릿고개입니다.
얼른 넘어가길 바래봅니다.^^",2026-03-24T01:45:00Z,,24,ko,PT9M29S,2d,hd,false,4558,180,0,14,public,youtube,True,False,"https://en.wikipedia.org/wiki/Lifestyle_(sociology),https://en.wikipedia.org/wiki/Pet",https://i.ytimg.com/vi/AwhqxGEwEE8/maxresdefault.jpg,thumbnails/ㅤ거제도최군의횟집TV/AwhqxGEwEE8.jpg
차재chajae,UCLXCr6QsKjWwZZYR7hxqoFQ,pxH_u_w_pr8,차재 고민상담해드림 #실시간#라이브#소통#음악#고민상담#음방,"toon.at/donate/chajenna0808
고민상담",2026-03-27T03:39:06Z,,24,ko,PT1H49M26S,2d,hd,false,1176,72,0,0,public,youtube,True,False,https://en.wikipedia.org/wiki/Lifestyle_(sociology),https://i.ytimg.com/vi/pxH_u_w_pr8/hqdefault.jpg,thumbnails/차재chajae/pxH_u_w_pr8.jpg
청도푸드스쿨 FoodSchool,UC-Si8t5e1aiqvbKB7tDp9tQ,2YhkJRqLGhc,"[ENG] 청도중고등학교 레전드 급식! ""흰 눈이 내리던 어느날~"" 겨울 학교 급식 하이라이트! 📹🎬 / Winter School Lunch Highlights","🥣🍚🏫 학교주소 : 경상북도 청도군 청도읍 청화로 219-21 청도중고등학교
🏫 Address : Cheongdo high school, 219-21 Cheonghwa-ro, Cheongdogun, korea

✔ 전국의 모든 학생들이 부러워하는 청도중고등학교 명품급식!
✔ 활기차고 생생한 학교 급식 현장!

😍We will do our best to serve the most nutritious and delicious meals in the world😍

🎬 부대찌개🥩
🔎 00:00 부대찌개🥩 (Army base stew)
Amazing Korean school lunch / K-food / Korean school cafeteria

🎬 마라탕🍲
🔎 13:29 마라탕🍲 (Maratang, spicy hot pot)
Amazing Korean school lunch / K-food / Korean school cafeteria

🎬 김치찌개🍗
🔎 25:26 김치찌개🍗 (Kimchi stew)
Amazing Korean school lunch / K-food / Korean school cafeteria

🎬 된장찌개🍲
🔎 22:17 된장찌개🍲 (Seafood soybean paste stew)
Amazing Korean school lunch / K-food / Korean school cafeteria


#단체급식 #학교급식 #학교 #먹방 #몰아보기 #대리만족 #겨울 #겨울급식 #겨울음식 #부대찌개 #마라탕 #김치찌개 #된장찌개 #핸드메이드 #마라탕먹방",2026-03-13T09:00:06Z,"청도중고등학교,레전드급식,학교급식,단체급식",22,ko,PT48M10S,2d,hd,false,4193,56,0,6,public,youtube,True,False,"https://en.wikipedia.org/wiki/Food,https://en.wikipedia.org/wiki/Lifestyle_(sociology)",https://i.ytimg.com/vi/2YhkJRqLGhc/maxresdefault.jpg,thumbnails/청도푸드스쿨FoodSchool/2YhkJRqLGhc.jpg
급급이티비,UC-ExekkkmQ1B6i-pDQQB6mA,TlN-TFxkrO8,(부산맛집)아니 공짜로 주는 이기 또 미쳤는데예~(feat.부산 사상에서 제일 안 유명한 돼지국밥 먹어보기),"채널에 가입하여 혜택을 누려보세요.
https://www.youtube.com/channel/UC-ExekkkmQ1B6i-pDQQB6mA/join

부산 사상에 모임이 있어서 갔다가 
겸사 겸사 영상도 준비했습니다~
맛있는것도 먹고 천상 유튜버라서 
부산에 간김에 안 유명한 돼지국밥은 또 어떤 맛일지 궁금 해서 
재미 삼아 2부로 나누어 준비했습니다
그럴리 없겠지만 혹시나 1부가 재미 없었다면 
실수로 2부는 재미있을수도 있으니
많은 관심 부탁드리고
구독과 좋아요는 무료입니다
무료 인심 팍팍 부탁드립니다~~^^

#부산 맛집
#김해통닭
#사상구맛집
#창원 맛집
#김해 맛집
#마산 맛집
#진해 맛집
#부산노포통닭",2026-03-25T08:15:02Z,"부산 맛집,부산맛집,김해통닭,사상구맛집,부산노포통닭,부산노포치킨,창원 맛집,마산 맛집,진해 맛집,창원맛집,진해맛집,마산맛집,시장통닭",19,ko,PT9M31S,2d,hd,false,6507,186,0,38,public,youtube,True,False,"https://en.wikipedia.org/wiki/Food,https://en.wikipedia.org/wiki/Lifestyle_(sociology)",https://i.ytimg.com/vi/TlN-TFxkrO8/maxresdefault.jpg,thumbnails/급급이티비/TlN-TFxkrO8.jpg
텐 Ten,UC-IfewS80QpiZ1FApsmzvQw,UYXxnpzi7zw,1인 36만 5천원인데 가장 돈이 안 아까운 파인다이닝 손종원 쉐프님의 이타닉가든 리뷰,"흑백요리사2와 냉장고를 부탁해 시즌2에 출연하고 계신 
손종원 쉐프님의 이타닉가든 디너 코스 리뷰입니다.

💸
👉 내 지원금 알아보기 https://ajd.kr/652gc
👉 카드현금 캐시백 최대 20만원 셀프 신청 https://ajd.kr/dFtuJ

카드 캐시백부터 약정 지난 인터넷, 정수기, 휴대폰까지
가만히 두면 최대 148만원 손해입니다!
(인터넷TV 48 + 정수기 30 + 휴대폰 최대지원금 + 카드 20)
- 26년 3월 기준, 카드사 조건 변동 가능

아정당을 믿을 수 있는 이유는?
✅ 다른 곳보다 혜택 적으면 차액 120% 보상
✅ 365일 24시간 무료 상담 & 초고속 설치
✅ 이사·청소까지 한 번에! 불만족 시 전액환불 ‘보장이사’

📞 무료 전화상담 : 1833-3504
💬 3초 카톡상담 : https://ajd.kr/czhWu
---------------------------------------------------------------------------------------

*휴대폰은 아정당 모바일 혜택 (1844-1777)
https://ictmarket.or.kr:8443/precon/pop_CertIcon.do?PRECON_REQ_ID=PRE0000197329&YN=1

#인터넷가입 #정수기렌탈 #휴대폰 #이사 #청소 #아정당",2026-03-04T09:48:48Z,"yt:cc=on,손종원,손종원 쉐프,손종원 셰프,손종원 쉐프 레스토랑,손종원 쉐프 식당,이타닉가든,손종원 쉐프 이타닉가든,라망시크레,손종원 라망시크레,모수,밍글스,모수 서울,흑백요리사,흑백요리사2,흑백요리사 시즌2,냉장고를 부탁해,냉부2,냉부,냉부 시즌2,최강록,최강록 쉐프,요리괴물,후덕죽 쉐프",22,ko,PT16M19S,2d,hd,true,97612,0,0,170,public,youtube,True,False,"https://en.wikipedia.org/wiki/Food,https://en.wikipedia.org/wiki/Lifestyle_(sociology)",https://i.ytimg.com/vi/UYXxnpzi7zw/maxresdefault.jpg,thumbnails/텐Ten/UYXxnpzi7zw.jpg
주스맘 Ju's mom,UC11nkBY2j_paF1Da4T4b35w,FfzMM4puFxs,아들셋 잘 먹는 비빔밥 | 나물 반찬이랑 청국장 찌개 | 냉이김밥 맛있게 만들어 먹기🌱 ,"안녕하세요^^
아들셋 주‘s를 키우고 있는 주스맘 입니다🌱

이제 정말 봄냄새가 나요😍
봄이 왔습니다 여러분~~~♥️

한국인 이라면 주기적으로 꼭 먹어줘야 하는 
비빔밥!!
고추장 없이도 달콤 짭쪼롬 하게 고기 소보로를 만들어
아이들 어릴때 부터 함께 비빔밥을 먹어 왔는데요~
처음 시작은 이게 고기비빔밥 인지
모를 정도로 나물은 조금씩만 넣어서 먹다보면,
조금씩 천천히 나물과 친해질 수 있을거에요💚
저희집도 막내는 여전히..
시금치는 싫어합니다..😁

찹쌀을 넣어 찰밥을 지어 
나물과 함께 먹으면 정말 맛있어요 : )

요즘 냉이도 너무 맛있죠^^
나물로 무쳐 먹어도 맛있지만
요즘 냉이 김밥에 넣어 먹으면 정말 맛있는 것 같아요🥰

그럼, 
이번주도 수고하셨습니다♥️
시청해 주셔서 감사합니다😀

#집밥
#아들셋
#비빔밥
#냉이김밥


🎧bgm

🎵Oneul :https://youtu.be/8GKR-i1MMsc?si=AM2IW39MmzaSKOQU
https://youtu.be/K4JY9uR9-Fo?si=I7zXx4gBzldt_qbZ",2026-03-27T12:10:00Z,"집밥,아들셋,삼형제,아들맘,집밥 브이로그,냉이김밥,봄나물,나물 무치기,나물 레시피,나물 맛있게 하기,미역줄기",22,ko,PT20M33S,2d,hd,false,1439,41,0,10,public,youtube,True,False,"https://en.wikipedia.org/wiki/Food,https://en.wikipedia.org/wiki/Lifestyle_(sociology)",https://i.ytimg.com/vi/FfzMM4puFxs/maxresdefault.jpg,thumbnails/주스맘Jusmom/FfzMM4puFxs.jpg
두유노 양산,UC1s9TrLLlMTi9BJ4eymQtfg,7Y_v0kuVyyg,가격 안 보고 골라도 됩니다,"#양산맛집 #오슬로파크맛집 #물금파스타 #양산롤링파스타 #롤링파스타양산부산대점

👉상호명 : 롤링파스타 양산부산대점
🔎주소 : 경남 양산시 물금읍 범구로 14 D동 1층 1호, 2호, 3호
☎연락처 : 0507-1427-7791
⏰영업시간 : 10:30~20:50
🌳브레이크 타임 : 없음
❌휴무일 : 연중 무휴

대표메뉴  
✔불닭 크림 파스타 : 9,500원
✔우삼겹 도리아 : 8,900원
✔리코타 치즈 샐러드 : 6,000원
✔롤링 함박 스테이크 : 12,900원
✔갈릭스틱 : 3,500원
✔피타 브레드 : 3,500원
✔청포도 에이드 : 3,500원
✔콘 스프 : 3,500원",2026-03-27T11:00:15Z,"양산맛집,양산가성비맛집,물금맛집,양산물금맛집,양산범어맛집,양산석산맛집,경남맛집,김해맛집,부산맛집,부산근처맛집,화명동맛집",22,ko,PT9M27S,2d,hd,false,2029,90,0,24,public,youtube,True,False,"https://en.wikipedia.org/wiki/Food,https://en.wikipedia.org/wiki/Lifestyle_(sociology)",https://i.ytimg.com/vi/7Y_v0kuVyyg/maxresdefault.jpg,thumbnails/두유노양산/7Y_v0kuVyyg.jpg
알뜰한 쩡여사 [가계부 다이어트],UC1JED63XN5aVLun2FU1rgsQ,EbU8Wdcu50Q,"[집밥 브이로그] 며칠 집밥 먹고 행복했는데 또 떠나는 남자? / 삼겹한판, 봄동비빔밥, 봄동전","#가족브이로그 #절약브이로그 #집밥브이로그 #봄동비빔밥  #봄동전 #백사장3 #삼겹한판




(이메일)
stopline2@naver.com

(instagram)
www.instagram.com/mrszzung",2026-03-25T11:06:33Z,,26,ko,PT20M2S,2d,hd,false,5982,242,0,26,public,youtube,True,False,"https://en.wikipedia.org/wiki/Food,https://en.wikipedia.org/wiki/Lifestyle_(sociology)",https://i.ytimg.com/vi/EbU8Wdcu50Q/maxresdefault.jpg,thumbnails/알뜰한쩡여사가계부다이어트/EbU8Wdcu50Q.jpg
소담한베이킹 sodamhan baking,UC2d-ziX4vNVc4kPGEODwxZA,HFn4xGqZoAg,기본이 맛있으면 뭘 만들어도 다 맛있다.,"기본을 잘 만들줄 알아야
크림을 샌딩하거나, 안에 넣거나, 아이싱을 해도
더 맛있는 제품이 됩니다.

기본을 잘 만들줄 아는 우리가 되어 보자구요!


지름 ⌀18cm 높이8cm 쉬폰케이크 1대분
스메그 ALFA43K 160℃/40분

※ 레시피

흰자 100g
노른자 45g
설탕A 25g
설탕B 55g
박력분 40g
강력분 20g
베이킹파우더 2g
실론티파우더 5g
포도씨유 55g
얼그레이티 3g
우유 65g

※ BGM : 오늘의 일기
https://www.youtube.com/@oneul274",2025-11-13T09:21:58Z,"시폰,쉬폰,쉬폰레시피,시폰레시피,쉬폰케이크 만들기,쉬폰케이크 레시피,쉬폰 만드는법,chiffon cake,chiffon cake recipe,how to make chiffon",26,ko,PT12M47S,2d,hd,false,2199,131,0,23,public,youtube,True,False,"https://en.wikipedia.org/wiki/Food,https://en.wikipedia.org/wiki/Lifestyle_(sociology)",https://i.ytimg.com/vi/HFn4xGqZoAg/maxresdefault.jpg,thumbnails/소담한베이킹sodamhanbaking/HFn4xGqZoAg.jpg
"까니짱 [ KANI, 蟹ちゃん]",UC2wZJuuD_WA9ps2FORco1EQ,-dazFFjtDa0,신당동 떡볶이 스타일로 만든 즉석떡볶이와 야끼만두 먹방😋MUKBANG,"오늘도 시청해 주셔서 감사합니다❤️

E-mail : G-NI@sandbox.co.kr        INSTA : g_niiiiiii

💟 ↓까니짱 2번째 채널 - 가은아 뭐하니↓ 💟
https://www.youtube.com/channel/UC0v9RmyOEr-J8kuu95nQZZw?view_as=subscriber

#먹방 #떡볶이 #asmr #mukbang #먹방asmr #먹방브이로그 #레시피 #asmrsounds #asmrvideo #asmrfood #eating #eatingshow #eatingsounds #recipes #foodie #foodlover #foodbloggerbd",2026-03-24T12:45:12Z,,22,ko,PT13M55S,2d,hd,true,87633,3302,0,183,public,youtube,True,False,"https://en.wikipedia.org/wiki/Food,https://en.wikipedia.org/wiki/Lifestyle_(sociology)",https://i.ytimg.com/vi/-dazFFjtDa0/maxresdefault.jpg,thumbnails/까니짱KANI蟹ちゃん/-dazFFjtDa0.jpg
[후찌양] Hujiyang,UC38wHW6G9TxDI65j21fcWHQ,0uMSCSnCB7k,구수한 콩비지찌개에 달래 꼬막장 김에 싸먹어요 ~파김치랑 소세지도 있어요~  먹방 MUKBANG,"안녕하세요. 여러분~
오늘은 비지찌개 백반을 먹어보았어요^^
꼬막 달래장이 너무 맛있어서 혼났네요 ^^
달래장 강추입니다^^
봄봄봄 이잖아요^^
항상 시청해주셔서 감사합니다.
행복한 하루되세요 ^^",2026-03-26T08:10:59Z,,22,ko,PT9M51S,2d,hd,true,8743,473,0,15,public,youtube,True,False,"https://en.wikipedia.org/wiki/Food,https://en.wikipedia.org/wiki/Lifestyle_(sociology)",https://i.ytimg.com/vi/0uMSCSnCB7k/hqdefault.jpg,thumbnails/후찌양Hujiyang/0uMSCSnCB7k.jpg
오맘쿡  5mom cook,UCTdB43wF5rksLMYqZQ4aXUg,qw6iLTHm5ws,오맘쿡  5mom cook 라이브 스트리밍 중,,2026-03-27T23:17:07Z,,22,ko,PT1H2M26S,2d,hd,false,2999,13,0,0,public,youtube,True,False,"https://en.wikipedia.org/wiki/Food,https://en.wikipedia.org/wiki/Lifestyle_(sociology)",https://i.ytimg.com/vi/qw6iLTHm5ws/maxresdefault.jpg,thumbnails/오맘쿡5momcook/qw6iLTHm5ws.jpg
공혁준 RHDGURWNS,UCUXYT0CqvBx1ZysmxSW7EDQ,DkMne0eP8cw,이제서야 말씀드립니다,,2026-03-27T08:56:34Z,,24,ko,PT22M55S,2d,hd,false,22582,387,0,135,public,youtube,True,False,,https://i.ytimg.com/vi/DkMne0eP8cw/maxresdefault.jpg,thumbnails/공혁준RHDGURWNS/DkMne0eP8cw.jpg
내복곰 Nebokgom,UC78s1vArhs1jZwf68_adITA,vrdNdh3S2Yg,버터떡에 갇혀버린 바쁜 카페 일상... | 코스트코 장보고 다양한 디저트 만들기,"안녕하세요 :) 
상하이 버터떡으로 요즘 또 바쁘게 지내고 있어요.ㅎㅎ 
영상 기다려주셔서 정말 감사합니다. 🥰
오늘도 재밌게 시청해 주세요! 

좋아요💗와 댓글은 내복곰에게 큰 힘이 됩니다😚

내복곰 8종 쿠키 세트 주문하기https://smartstore.naver.com/nebokgom/products/8524820562

[Instagram]
https://www.instagram.com/nebokgom_cake/ 
@nebokgom_cake

https://www.instagram.com/nebokgom_cafe/
@nebokgom_cafe (카페계정)

[Blog]
https://blog.naver.com/bear6670

[Email]
kwj712@gmail.com

Music♪
- Epidemic Sound
courtesy of www.epidemicsound.com",2026-03-27T08:15:05Z,"#DessertVlog,#디저트브이로그,#BakingDiaries,#HealingRecipes,#CafeTour,#BakingIdeas,#베이킹아이디어,#DessertInspiration,#HealingMoments,#CafeCulture -,#BakingTutorials,#베이킹튜토리얼,#DessertIdeas,#BakingChallenges,#CafeReviews,#BakingTips,#베이킹팁,#DessertDecor,#디저트장식,#CafeLovers,#BakingInspiration,#HealingASMR,#DessertRecipes,#디저트레시피,#CafeVibes,#HealingSounds,베이킹,디저트,baking,desserts,baking compilation,dessert therapy,desserts compilation,oreo cupcake,두쫀쿠,두바이 쫀득 쿠키,버터떡,상하이버터떡,butter mochi",26,ko,PT14M15S,2d,hd,true,24183,1025,0,28,public,youtube,True,False,"https://en.wikipedia.org/wiki/Food,https://en.wikipedia.org/wiki/Lifestyle_(sociology)",https://i.ytimg.com/vi/vrdNdh3S2Yg/maxresdefault.jpg,thumbnails/내복곰Nebokgom/vrdNdh3S2Yg.jpg
골드쿠폰라이브,UCRrVM6wIWVdXsVP4b669tBg,jEWKMOHVCHA,인생 인생포기 인생포기하지마 먹방 라방 스타 대전 소통  라방 영웅 전주  라이브 술방 술먹방 고민 상담 26.3.17,"채널에 가입하여 혜택을 누려보세요.
https://www.youtube.com/channel/UCRrVM6wIWVdXsVP4b669tBg/join",2026-03-17T20:24:48Z,,22,en,PT5H20M51S,2d,hd,false,3483,61,0,2,public,youtube,True,False,https://en.wikipedia.org/wiki/Lifestyle_(sociology),https://i.ytimg.com/vi/jEWKMOHVCHA/maxresdefault.jpg,thumbnails/골드쿠폰라이브/jEWKMOHVCHA.jpg
연홈 yeonhome,UCRdMRndxhmWcpLNKosr06Jg,BrJKj5XT8nQ,일주일 점심 도시락 [우동],"우동 도시락에 참고한 책은 『맛있는 우동 한 그릇』이에요. 다음 영상은 봄 채소 도시락으로 찾아올게요!

0:00 계란말이 우동
2:16 소고기 마 우동
4:47 닭 가라아게 무 우동
6:47 치즈 우동


https://youtu.be/iapOa_whcns?si=DoUblCDrCmbDQ7j6


contact
•insta: @yeon__home
•blog: https://blog.naver.com/syheo2932
•email: toyeonhome@gmail.com",2026-03-18T11:39:53Z,"직장인 도시락,도시락 브이로그,일주일 도시락,Lunchboxvlog,간편한 도시락,お弁当記録,우동 도시락",22,ko,PT8M4S,2d,hd,false,7075,225,0,20,public,youtube,True,False,"https://en.wikipedia.org/wiki/Food,https://en.wikipedia.org/wiki/Lifestyle_(sociology)",https://i.ytimg.com/vi/BrJKj5XT8nQ/maxresdefault.jpg,thumbnails/연홈yeonhome/BrJKj5XT8nQ.jpg
혼자사는키큰언니,UCU_9UGoDcrSFYwyIs0iokKA,IvPutwo7OMA,"아파도 끼니는 포기 못하는 돼식좌의 집밥 24시 / 실비김치비빔밥&뭇국, 경상도식잔치국수, 어묵잡채, 도토리묵사발","00:16 경상도식 잔치국수(곱빼기)
05:01 실비김치비빔밥 & 뭇국
10:26 어묵잡채
16:12 도토리묵사바


#집밥브이로그 #요리브이로그 #먹방브이로그 #일상브이로그



E-mail : tallsisterlivingalone@gmail.com",2026-03-21T10:00:32Z,"1인가구브이로그,먹방,먹방브이로그,요리,요리브이로그,요리먹방,자취브이로그,절약,절약브이로그,자취",22,ko,PT20M4S,2d,hd,false,32442,772,0,60,public,youtube,True,False,"https://en.wikipedia.org/wiki/Food,https://en.wikipedia.org/wiki/Lifestyle_(sociology)",https://i.ytimg.com/vi/IvPutwo7OMA/maxresdefault.jpg,thumbnails/혼자사는키큰언니/IvPutwo7OMA.jpg
보보혼술,UCTNgfQZzW48KL-7718mKx6A,wbTERpFab0A,줄줄이 퇴사에 연이은 송별회 후 만취😰 찜방삼쏘 매운짬뽕 해장,"#혼술 #해장먹방  #짬뽕먹방
해장이 필요해요...
왜냐면 연이은 퇴사에 줄줄이 송별회거든요ㅠㅠ
해장에는 짬뽕이죠~
신길동에 포차 분위기에서 맛난 매운짬뽕 혼술

사업제안, 광고는  DM이나 메일주세요^^
인스타 : https://www.instagram.com/bobohonsul
메일 : wndlsrhd0326@gmail.com

#혼술먹방 #혼술 #술먹방브이로그 #혼술브이로그 #혼술여자 #혼술유튜브
#혼술안주 #술먹방여자 #매운음식먹방 #해장짬뽕 #매운짬뽕먹방 #해장추천",2026-03-22T10:15:09Z,"혼술,혼술브이로그,먹방,혼술먹방,먹방asmr,분식먹방,분식집먹방,편의점먹방,편의점술안주,술먹방,술먹방취함,술먹방브이로그,혼술여자,혼술유튜버,혼술맛집,혼술안주,술먹방유튜버,술먹방유튜브,낮술,낮술먹방,먹방유튜버,먹방브이로그,술안주먹방,혼술 여자,혼술 유튜버,혼술할때영상,여자혼술브이로그,혼술먹방 유튜버,혼술먹방유튜버,여자혼술먹방,혼술윤숙희,혼술먹방브이로그,술먹방여자,술먹방만취,먹방혼술,혼술소주,여자먹방,여자혼술,술안주,여자먹방브이로그,여자혼술유튜버,혼술먹방여자,혼술회,회먹방술,여자술먹방,혼자술먹방,술먹방혼술,술먹방여자유튜버,직장인혼술,혼술안주추천,직장인브이로그,직장인술먹방,낮술브이로그,맛집추천,삼겹살먹방,회먹방,맛집먹방,소주먹방,소주안주,노포술먹방,노포맛집,혼밥먹방,혼밥브이로그,낮술안주,낮술혼술,노포먹방,노포맛집먹방,분식혼술,분식안주,안주먹방,국밥먹방,국밥소주,시장먹방,시장먹거리,시장먹방브이로그,노포식당,시장맛집,짬뽕먹방,해장먹방,매운짬뽕먹방,매운먹방,해장음식,해장짬뽕,해장추천",22,ko,PT13M5S,2d,hd,false,9550,388,0,69,public,youtube,True,False,"https://en.wikipedia.org/wiki/Food,https://en.wikipedia.org/wiki/Lifestyle_(sociology)",https://i.ytimg.com/vi/wbTERpFab0A/maxresdefault.jpg,thumbnails/보보혼술/wbTERpFab0A.jpg
채널광주,UCX-Up3VNrObbGMXIIHuTsMQ,trFxb5e3hiI,광주 사람들만 가는 애호박찌개… “이거까지 준다고?” 미쳤다 진짜 [서울여자 광주맛집 EP.9],"안녕하세요, 채널광주입니다.
채널광주 PD와 이수영 아나운서가 함께하는
오늘은 서울여자 오늘은 광주맛집 시리즈 9번째 영상입니다.

광주 맛집을 가장 잘 아는 채널광주 PD가 직접 데려간 곳에서
리얼한 반응 그대로 담았습니다.
재밌게 보셨다면 구독 · 좋아요 · 댓글로 응원 부탁드려요 🙌

📍 영상에 나온 광주맛집
하나회관
광주 북구 동문대로 146-10 (두암동)
https://naver.me/xpjq1X1B",2026-03-20T09:27:45Z,"노잼광주,광주맛집,광주핫플,광주소식,채널광주,애호박찌게,광주애호박찌개",22,ko,PT9M32S,2d,hd,false,7024,220,0,51,public,youtube,True,False,"https://en.wikipedia.org/wiki/Food,https://en.wikipedia.org/wiki/Lifestyle_(sociology)",https://i.ytimg.com/vi/trFxb5e3hiI/maxresdefault.jpg,thumbnails/채널광주/trFxb5e3hiI.jpg
소소황 Cook & Eat,UCWrh9haWsTEAQF9UEg6AEFQ,oBzuUSPOxJc,🍱반찬가게에서 가장 많이 팔린 🍚밥도둑 끝판왕! 절대 실패없는 매콤짭짤 [감자어묵조림],"감자와 어묵을 이렇게 드세요! 매콤짭짤 밥도둑 끝판왕 감자어묵조림 레시피

양념은 계량스푼과 계량 컵 기준입니다.

계량스푼 1큰술 = 15ml
일반숟가락 1스푼 = 10ml
계량스푼 1작은술 = 5ml
계량컵 1컵 = 200ml
종이컵 1컵 = 180ml

재료

감자 4개(450g)
어묵 3장
양파 1/2개
청양고추 2개
쪽파 약간
물 1컵(200ml)
참기름 1큰술

양념:
진간장 3큰술
고추장 2큰술
고춧가루 2큰술
맛술 2큰술
물엿 2큰술
다진마늘 1큰술
후추

Ingredient

4 potatoes (450g)
3 pieces of fish cake
1/2 onions
2 chili peppers
chives
1 cup of water (200ml)
1 tablespoon of sesame oil

Seasoning:
3 tablespoons of soy sauce
2 tablespoons of red pepper paste
2 tablespoons of red pepper powder
2 tablespoons of cooking wine
2 tablespoons of starch syrup
1 tablespoon of minced garlic
Pepper


#감자어묵조림#감자조림#황금레시피",2026-03-27T23:30:24Z,"감자어묵조림 만들기,감자어묵조림 레시피,감자조림 레시피,감자조림 만들기,반찬만들기,반찬요리,어묵요리,감자요리,korean food,korean food recipes,potato recipes,braised potato recipes,side dish recipes",26,ko,PT2M27S,2d,hd,false,3122,221,0,13,public,youtube,True,False,"https://en.wikipedia.org/wiki/Food,https://en.wikipedia.org/wiki/Lifestyle_(sociology)",https://i.ytimg.com/vi/oBzuUSPOxJc/maxresdefault.jpg,thumbnails/소소황CookEat/oBzuUSPOxJc.jpg
재재의하루🐰🌵,UCXpnpuTHshZGZSt00GTlTrA,xCOwzGdtJ3I,🍀꼬룡모임 마지막날 갔던 홍종흔 명장 베이커리 ㅣ 만화책방 가서 책도 읽었지만 영상은 없고🙄 명륜진사갈비 가서 저녁 먹고 끝난 여행! 친구들아 조만간 또 만나자🤍,,2026-03-26T07:02:19Z,,22,ko,PT4M44S,2d,hd,false,336,47,0,45,public,youtube,True,False,"https://en.wikipedia.org/wiki/Food,https://en.wikipedia.org/wiki/Lifestyle_(sociology)",https://i.ytimg.com/vi/xCOwzGdtJ3I/hqdefault.jpg,thumbnails/재재의하루/xCOwzGdtJ3I.jpg
BAKET,UCVC3hxOueo2QDUWFtQe273w,oDvihdNbflI,버터떡 실패 이유 무조건 해결! 유명 빵집 뺨치는 쫀득바삭 황금 비율✨ #baket #shanghaibuttermochi,"겉은 바삭하고 속은 미치도록 쫀득한(Insanely Chewy!)
인생 버터떡 레시피예요
안녕하세요! 
오늘은 찹쌀가루와 버터의 환상적인 만남, '버터떡'을 준비했어요
섞어서 굽기만 하면 끝나는 초간단 레시피인데, 
한 번 맛보면 절대 잊을 수 없는 극강의 쫀득함을 가졌어요!!
아! 상하이 버터떡에는 계란이 안들어가는게 포인트였어요!!
집에서 누구나 쉽게 만들 수 있는 K-디저트의 매력에 빠져보세요! 🤤
영상이 도움이 되셨다면 👍좋아요와 구독, 🔔알림 설정 부탁드립니다! 여러분의 응원이 큰 힘이 됩니다.


누구나 쉽게 만드는 베이커리 플랫폼, 베이켓
BAKET - https://bit.ly/3yUVgnF
IG - https://www.instagram.com/baket_official

#베이켓 #홈베이킹 #베이커리 #디저트#버터떡 #쫀득쫀득 #buttermochi #koreanricecake #mochi",2026-03-27T09:15:00Z,"베이커리,디저트,홈베이킹,레시피,냉동생지,베이켓,baket,baking,recipe,dessert,Croissant",26,ko,PT7M14S,2d,hd,true,463,15,0,4,public,youtube,True,False,"https://en.wikipedia.org/wiki/Food,https://en.wikipedia.org/wiki/Lifestyle_(sociology)",https://i.ytimg.com/vi/oDvihdNbflI/maxresdefault.jpg,thumbnails/BAKET/oDvihdNbflI.jpg
휘토피아 htopia,UCWJ-2Qht_-dwHpB831FAF1g,BWFYo6XX83I,한식 좋아하는 미국인 남편 친구들과의 새해 파티🇺🇸 나 오늘 취할게 여보...,"너무 웃긴 에릭 친구들... 다음엔 어떤 음식을 해줘야할까요🤭

🍄‍🟫어머님표 스터프드 머쉬룸 레시피🍄‍🟫
1. 키친타올을 살짝 적셔 양송이 버섯 표면의 흙을 닦아낸다
2. 버섯 밑동을 떼어내 잘게 다진다
3. 중불에서 다진 양파와 다진 마늘을 볶다가 소금, 후추로 간한다
4. 소시지를 추가해 같이 볶는다 (존슨빌 이탈리안 소시지(매운맛) 추천)
5. 소시지가 반쯤 익으면 다진 버섯 밑동을 넣어 함께 볶는다
6. 소시지가 거의 다 익으면 불을 끄고 빵가루, 파마산, 허브가루를 넣어 잘 섞는다
7. 버섯 안에 스터핑(속재료)을 가득 채운다
8. 위에 빵가루와 파마산 가루를 한번 더 뿌린다
9. 전체적으로 오일 스프레이를 한번 뿌린 뒤 오븐에서 굽는다 (350°F / 175°C에서 20분)

📮E-mail | 0906thgnl@gmail.com
💌Instagram | https://www.instagram.com/h_topia_/

[Music Provided by] 브금대통령, 아트리스트, 에피데믹사운드
[Video Source Support] Youtube channel ""freeticon""",2026-03-15T07:58:44Z,"한미부부,국제부부,한미커플,국제커플,먹방,한식먹방,한식요리,요리,mukbang,미국살이,미국서부,엘에이,신혼부부,요리브이로그",19,ko,PT40M5S,2d,hd,false,311846,11495,0,517,public,youtube,True,False,"https://en.wikipedia.org/wiki/Food,https://en.wikipedia.org/wiki/Lifestyle_(sociology)",https://i.ytimg.com/vi/BWFYo6XX83I/maxresdefault.jpg,thumbnails/휘토피아htopia/BWFYo6XX83I.jpg
수원맨,UCInY61WOcDu2edQvEWDryAQ,BKOdNfoT9HU,홍도~ 이건 반칙이지! 풍경 해산물 끝판왕~~ 그 귀한 홍삼.자연산전복.뿔소라 모듬 3만원에 먹은 썰~,"자연이 선사한 선물의 섬 홍도여행 1편입니다.
이곳은 단순한 여행지가 아니라, 해양 생태계가 만들어낸 살아있는 자연 유산입니다.  홍도 주변 해역은 난류와 한류가 교차하는 지점으로, 다양한 어종과 풍부한 해산물이 형성되는 최적의 환경을 갖추고 있는 천연보호구역입니다.

비경.절경.풍경 그리고 해녀촌의 먹거리까지  담아보았으니
재미있게 시청해주시고...
가시는길 구독 좋아요 부탁드립니다.
시청해주셔서 감사합니다.

촬영일 : 2026.03.27(금) 

● 구독 https://www.youtube.com/@suwonman
● 문의 jechan8100@gmail.com

수원맨 채널

#수산시장 #홍도 #해산물",2026-03-28T02:11:00Z,"홍도,홍도여행,수원맨,수산물,수산시장,해산물,홍해삼,흑산도,홍도비경,홍도바다,홍도해녀촌,해녀촌,홍도수산물,fish market,seafood,자연산전복,전복,홍도전복,뿔소라,홍도절경,홍도풍경,홍도 가볼만한곳,한국섬여행,섬여행,신안가볼만한곳,천사섬,1004,흑산도홍도,여객선,목포여객선,홍도가는방법,홍도스ㅜㄱ박,홍도숙박시설,남문팰리스,홍도남문펠리스",19,ko,PT8M5S,2d,hd,false,2414,134,0,14,public,youtube,True,False,"https://en.wikipedia.org/wiki/Food,https://en.wikipedia.org/wiki/Lifestyle_(sociology),https://en.wikipedia.org/wiki/Pet,https://en.wikipedia.org/wiki/Tourism",https://i.ytimg.com/vi/BKOdNfoT9HU/maxresdefault.jpg,thumbnails/수원맨/BKOdNfoT9HU.jpg
팀브라더스,UCIYNYv9ddZBg42gvyp8L2Iw,GaQdUTknlnA,전국에서 신메뉴가 제일 빨리 나온다는 애슐리 오픈런 하고 왔습니다,"📌애슐리퀸즈 성수낙낙점
서울 성동구 아차산로17길 48 지하1층 RB110~RB114호

#팀브라더스 #무한리필 #애슐리

💗팀브 멤버십 가입하기💗
https://www.youtube.com/channel/UCIYNYv9ddZBg42gvyp8L2Iw/join

📝팀브커뮤니티 : https://teambrothers.kr/

🥃아재한끼 보러 가기 :   @AZrestaurant 

💪INSTAGRAM : 
팀브라더스 : https://www.instagram.com/teambrothers_official/
범 : https://www.instagram.com/beom_ucallme/
김: https://www.instagram.com/gnsl6616

💪비즈니스 메일 : com.tbro@gmail.com",2026-03-28T03:00:00Z,"팀브라더스,먹방,범피디,김피디,애슐리",24,ko,PT13M11S,2d,hd,false,4635,156,0,21,public,youtube,True,False,"https://en.wikipedia.org/wiki/Food,https://en.wikipedia.org/wiki/Lifestyle_(sociology)",https://i.ytimg.com/vi/GaQdUTknlnA/maxresdefault.jpg,thumbnails/팀브라더스/GaQdUTknlnA.jpg
하링 HARING,UCzS7A-w-vmwjPMOb-_M1tVQ,jmoWdhwAdWU,그래요... 저 맥북프로 질렀어요🤪 / MacBook M1 Pro 14인치 같이 뜯어봐요!! / 맥북케이스,"다음은 뭘 리뷰할까요?!!


+) 할아버지!! 선물 감사합니다❤️ 너무 잘 쓰고 있어요!!!



[Video Source Support]
Youtube channel ""freeticon"" : https://www.youtube.com/c/Freeticon",2022-06-01T07:06:49Z,"맥북,MacBook,맥북프로,14인치,윈도우 맥북,맥북하울,애플,Apple",24,ko,PT7M56S,2d,hd,false,9576,88,0,0,public,youtube,True,False,"https://en.wikipedia.org/wiki/Lifestyle_(sociology),https://en.wikipedia.org/wiki/Technology",https://i.ytimg.com/vi/jmoWdhwAdWU/maxresdefault.jpg,thumbnails/하링HARING/jmoWdhwAdWU.jpg
쿠클티비(CoocleTV) - 건강한먹거리,UCWkWBF7yPoh4BoPro-80Wsg,lvELQZoljX4,진짜 통영의 맛! 이순자 어머님의 3월 쿠킹클래스 유곽/봄동겉절이/양념장어구이 [엄마의 엄마로부터 #76] #유곽 #봄동 #장어구이 #통영음식 #봄동비빔밥,"3월 쿠킹클래스는 전국에서 오신 좋은분들과 함께 잘 마무리 되었습니다.
참석해주신 모든분들께 감사인사 드립니다. 
이번에는 한참 관심의 대상이던 유곽, 봄동과 몸에좋고 맛도 좋은 장어로 메뉴를 구성하였습니다.
처음이라 다소 서툴고 어수선한 분위기가 있었지만 좋은 시간이었습니다.
자세한 조리법은 이전의 영상을 보시면 좋을것같아 영상 중간중간에 링크를 걸었습니다. 참고바랍니다.

4월에는 현재 참석하신분들이 계속 진행하기를 원하시고 대기인원도 있는 관계로 더이상 모집을 하지 않습니다. 
이후 혹시 결원이 생기면 공지드리겠습니다. 

영상속 사용한 제품들 구입처 알려드립니다. 
전통간장, 전통된장 - 광이원
어간장(멸간장 대용) - 두도식품",2026-03-21T01:00:55Z,"레시피,맛있는,한식,Korean,food,korean food,건강식,보양식,요리,recipe,자연식,슬로푸드,몸에좋은,아이들이 좋아하는,약초요리,자연,요리비법,비법,slow food,반찬,조리법,요리법,힐링,음식,간식,korea,사찰음식,쉬운요리,간장,된장,장담그기,건강음식,담그다,K-food,한국음식",26,ko,PT19M22S,2d,hd,false,1772,35,0,1,public,creativeCommon,True,False,"https://en.wikipedia.org/wiki/Food,https://en.wikipedia.org/wiki/Lifestyle_(sociology)",https://i.ytimg.com/vi/lvELQZoljX4/maxresdefault.jpg,thumbnails/쿠클티비CoocleTV-건강한먹거리/lvELQZoljX4.jpg
유리조아Yurijoa,UCBpTprffc9A7KZyONCHQTIw,QhgttsV2SWI,24시간 집사 체험 캐스트하우스 고양이와 속박하는 숙소,"고양이들이랑 24시간 같이 살면 생기는 일 🐱😂

(광고 X)
캐스트하우스
인천 연수구 아트센터대로168번길 101
https://naver.me/GO6y53GO


Instagram | https://instagram.com/yurijoa520/
TikTok| https://tiktok.com/@yurijoa
SOOP방송|   https://bj.afreecatv.com/yurijoa520

Business Email: yurijoa520@gmail.com

소개
이름 : 유리, 안아영[광동어 발음]
국적 : 홍캐인 (홍콩캐나다인)
나이 : 삼겹살",2026-03-26T10:00:00Z,"yurijoa,유리조아,유리조아생방송,한국여행,여행,한국,홍콩 여자,홍콩,홍콩유리,대한민국,외국인 생활,외국인,혼여,먹방,홍콩인,한국음식 먹방,vlog,living in korea,korea,hong kong,24시간 집사 체험 캐스트하우스 고양이와 속박하는 숙소",19,en,PT14M42S,2d,hd,false,11781,877,0,64,public,creativeCommon,True,False,"https://en.wikipedia.org/wiki/Food,https://en.wikipedia.org/wiki/Lifestyle_(sociology),https://en.wikipedia.org/wiki/Pet",https://i.ytimg.com/vi/QhgttsV2SWI/maxresdefault.jpg,thumbnails/유리조아Yurijoa/QhgttsV2SWI.jpg
My Natural Food,UCymJsGYIOXj3bwo3yHGI5Ig,aljqWyrxS2s,"Life in jungle, Snails boiled with Chili sauce, Eating delicious in jungle","Welcome to My channel this video I want to show you about: Life in jungle, Snails boiled with Chili sauce, Eating delicious in jungle
Mostly we do cooking in forest, Survival Foods or the way to find food in jungle.
Hope you enjoy with my videos and Subscribe my channel 
Click here :https://www.youtube.com/c/MyNaturalFood
Prohibited: All videos are owned by (My Natural Food). Please don't re-upload if you don't want to get any copyright issues.
@Foodmyvillage
@NisaLifestyle

Thank you for watching My videos
Please Good Luck every time.

#snail #viralvideo #cooking #survivalskills #adventure #food #amazing #eating #viral",2026-03-22T14:14:26Z,"Life in jungle,Snails boiled with Chili sauce,Eating delicious in jungle,Eating delicious,Snails,snail eating",24,en,PT8M21S,2d,hd,false,3150,66,0,3,public,youtube,True,False,"https://en.wikipedia.org/wiki/Food,https://en.wikipedia.org/wiki/Lifestyle_(sociology)",https://i.ytimg.com/vi/aljqWyrxS2s/maxresdefault.jpg,thumbnails/MyNaturalFood/aljqWyrxS2s.jpg
퀘스트빈,UCKUOPe2OATv2vlrAY8C4t7Q,9Rqq9EjYfb8,커피 원두 팔아서 포르쉐 살 수 있을까?,"✓ 퀘스트빈 원두 구매 & 샘플 신청하기!
https://questbean.com

✓ 원두 납품 상담하기!
031-797-2990 / 010-6480-2990",2026-02-26T09:43:49Z,"원두 납품,자동화설비,로스팅,포르쉐911",26,ko,PT15M52S,2d,hd,false,1772,51,0,15,public,youtube,True,False,,https://i.ytimg.com/vi/9Rqq9EjYfb8/maxresdefault.jpg,thumbnails/퀘스트빈/9Rqq9EjYfb8.jpg
ソウルグルメ서울미식가,UCArt-JeKVEkxbtLWo9eFLVA,1pjIBOeNDos,【正直レビュー】広蔵市場の人気店！失敗しないメニューの選び方,"虎先生ジョン 広蔵市場店
住所　 ソウル特別市 鐘路区 鐘路32キル 15 , 市場内
アクセス 鐘路5街駅８番出口から徒歩３分、広蔵市場
営業時間　 12：00～23：00
電話番号 +82-2-2269-2207
Google map.
https://maps.app.goo.gl/UGvVjVZkw5Va8Tgk8

こんにちは！ソウルグルメです😊
今回は「ブルーリボン」を獲得した、広蔵市場（カンジャンケジャン）の超有名店に行ってきました！

伝統酒の種類が豊富で、一人飲みにもぴったりな雰囲気は最高だったんですが…肝心の料理の味が、正直「名声の割にはちょっと残念…？」という結果に😢

代表メニューのユッケは少し惜しく、海苔巻きは個人的におすすめできません。でも、肉チヂミ（ユッジョン）は美味しかったですよ！

SNSの映え写真や名声だけを信じて訪れる日本の視聴者の皆さんがガッカリしないよう、忖度なしのリアルな感想を動画にしました。

「海苔巻きは避けて、ユッケと肉チヂミを頼む！」という失敗しないオーダー法も紹介しています。広蔵市場で失敗したくない方は、ぜひ行く前にチェックしてみてくださいね！

👍参考になったら、チャンネル登録と高評価をお願いします！

#ソウルグルメ #韓国グルメ #韓国旅行 #広蔵市場 #ユッケ",2026-03-21T02:00:01Z,"ソウルグルメ,韓国グルメ,韓国旅行,韓国観光,韓国人,日韓交流,韓日交流,韓国食べ物,韓国料理,韓国男,韓国語,韓国情報,韓国VLOG,韓流,KPOP,韓国旅行情報,韓国観光情報,韓国グルメおすすめ,韓国おすすめ,ソウルグルメおすすめ,ソウルおすすめ,韓国美味しい店,ソウル美味しい店,明洞,江南,タッカンマリ,東大門,韓国人ユーチューブ,韓国人ユーチューバー,クァンジャンシジャン,カンジャンケジャン,ソウル一人旅,ユッケ,肉チヂミ,韓国伝統酒,一人飲み,正直レビュー,ブルーリボン,韓国名店,広蔵市場おすすめ,広蔵市場美味しい店,広蔵市場ユッケ,広蔵市場チヂミ,チョンノ,広蔵市場グルメ,ユッケ通り,マッコリ,ソウル一人飯,ローカルグルメ,韓国ローカル,広蔵市場名店,広蔵市場おすすめ店,広蔵市場レビュー,渡韓,渡韓記録,ガチレビュー,韓国旅行注意,リアルな韓国,広蔵市場 ユッケ,広蔵市場 朝ごはん,広蔵市場 洪林,広蔵市場 トッポギ,広蔵市場 夜,広蔵市場 ノースフェイス,広蔵市場 カルグクス,広蔵市場,カンジャンシジャンユッケ,カンジャンシジャンおすすめ",19,ja,PT13M58S,2d,hd,false,3809,110,0,14,public,youtube,True,False,"https://en.wikipedia.org/wiki/Food,https://en.wikipedia.org/wiki/Lifestyle_(sociology)",https://i.ytimg.com/vi/1pjIBOeNDos/maxresdefault.jpg,thumbnails/ソウルグルメ서울미식가/1pjIBOeNDos.jpg
야미이츠 Yummy Eats,UCSayfA1h6hQMRYYP_bPxl1A,nUm8XqMa1Rs,"불황일수록 더 푸짐하게? 진짜로 다 걸고 여기가 전국 1등! 500원 부침개부터 줄서서 먹는 부추전, 배추전, 파전 맛집 모음 / Korean Traditional Jeon","📢 Information
00:00 진짜로 다 걸고 여기가 전국 1등! 사장님이 봉사 정신으로 판매하는 3000원 부침개 맛집 Korean Traditional Jeon

10:07 부침개가 1장에 500원?! 23년동안 하루 200개만 한정 판매하는 부침개 사장님 Famous Grandma Chive Pancake

18:49 아침부터 줄서서 먹는? 불황일수록 더 푸짐하게! 사장님이 봉사정신으로 판매하는 1500원 부침개 맛집 / Famous $1 Korean Traditional Food Jeon

33:59 오징어전으로 대박난 전집? 줄서서 먹는 대왕 부추전, 배추전, 오징어전, 녹두전 / korean traditional Jeon

세상의 모든 음식을 소개하는 야미이츠 입니다
오늘도 시청해 주셔서 감사합니다❤️
🔔 야미이츠 구독 : www.youtube.com/@yummyeats77

I am Yummy Eats, introducing all the food in the world😊
Thank you for watching and cheering❤️
🔔 Yummy Eats Subscribe : www.youtube.com/@yummyeats77

✔️화면 상단에서 고화질(HDor4K)로 선택하시면 더 선명하게 보실 수 있습니다.
#길거리음식 #부침개 #파전",2026-03-26T10:01:12Z,"한국길거리음식,길거리음식,음식,맛집,가성비,푸드,요리,먹거리,거리음식,한국요리,여행,맛집추천,korean street food,street food,food,street,korean,travel,events,korea,korea food,recipe,cooking,yummy,yummy eats,야미이츠,yt:cc=on,부추전,배추전,오징어전,파전,해물파전,부침개,호박전,깻잎전,전집,전통시장,시장 맛집,부침개 맛집,부추전 맛집,배추전 맛집,오징어전 맛집,파전 맛집,해물파전 맛집",19,ko,PT45M23S,2d,hd,true,3256,50,0,0,public,youtube,True,False,"https://en.wikipedia.org/wiki/Food,https://en.wikipedia.org/wiki/Lifestyle_(sociology)",https://i.ytimg.com/vi/nUm8XqMa1Rs/maxresdefault.jpg,thumbnails/야미이츠YummyEats/nUm8XqMa1Rs.jpg
감자매 Potato sister,UCDiohkMMUnwCMz8ZCJFT-cg,gGjq3VtsXrA,둘이서 1일 12메뉴 먹은🏕 캠핑 먹방 브이로그 | 한우소곱창 성게김밥 숯불닭꼬치 봄동비빔밥 곱창타코 해장라면+라죽 토스트 야채고로케 꽈배기 버터떡 영도맛집 Mukbang VLOG,"안녕하세요오 당나귀님들🩷
오랜만에 캠핑을 다녀왔습니다
부산 영도구에서 운영하는 캠핑장이 있더라구요
시설도 너무 깨끗하고 대중교통으로 이용하기도
좋아보였습니다 멋진 부신항대교 아래에서 
술이 술술 들어가고 분위기가 좋아서 그런지
음식들도 너무 맛있게 먹었어요
여러분 캠핑가셔서 곱창 드셔보세요!! 
곱창타코도 강추구요 닭꼬치도 숯불향이 
싸악 감돌면서 짱짱 맛있었습니다 
이제 곧 벚꽃이 만개할 때가 되었네요 
꽃놀이도 다녀와야겠습니다🌸
오늘 영상 재미있게 봐주시구요
시청해주시는 모든 분들 항상 감사드립니다💕

🎈정보
춘식이 에어레이팅 구매링크
https://mkt.shopping.naver.com/link/69c33165bae80b60f30cbd49
캠핑장 : 영도 마리노 캠핑 (홈페이지에서 예약)

⭐고정업로드는 수요일 그 외엔 랜덤업로드
⭐감자매 인스타그램 https://www.instagram.com/gamja_sister

📧saedy333@naver.com

#캠핑 #먹방 #먹방브이로그 #부산 #가족브이로그 #요리먹방 #Mukbang #VLOG",2026-03-25T09:00:00Z,"먹방,브이로그,먹방 브이로그,자취 브이로그,집밥 먹방,Mukbang,VLOG,술먹방,요리먹방,여행 먹방,여행 브이로그,맛집,감자매,부산,부산맛집,가족브이로그",22,ko,PT38M59S,2d,hd,false,67052,1514,0,134,public,youtube,True,False,"https://en.wikipedia.org/wiki/Food,https://en.wikipedia.org/wiki/Lifestyle_(sociology),https://en.wikipedia.org/wiki/Tourism",https://i.ytimg.com/vi/gGjq3VtsXrA/maxresdefault.jpg,thumbnails/감자매Potatosister/gGjq3VtsXrA.jpg
제이월드,UCfBazeBqkG8914bfC0oy_bA,xz2CpL2DTFw,"[vlog] 초1 맘 집밥 브이로그👩‍🍳✨,10살 8살 형제,소고기 소보로,애호박밥,떡갈비 김밥,김치찌개","여러분 안녕하세요 승아예요🙆🏻‍♀️🩷
오늘 영상도 찾아와주셔서 감사합니다!

----------💛


👦🏻제이월드 Instagram : y971221_
https://www.instagram.com/y971221_/

🧸승아의 일상 insta: sseung._.aaa
https://www.instagram.com/sseung._.aaa/

🌈Email : jworld971221@gmail.com


----------- BGM🎵🩵🤍


초코우유에 소금-오늘의 일기
https://youtu.be/Zg4CvI0o2P8?si=tWy1tot4qG9AC7RA

동글동글 내 마음- 오늘의 일기
https://youtu.be/SapDzvCF2Io?si=MFZTF-J-WSjpihgh

멋쟁이 토마토-오늘의 일기
https://youtu.be/OX7bMeSBho4?si=-DRl54j6zn1Wyskx

https://youtu.be/USyzku4zt5U?si=YMQ9R3ie9DW8VX1C
버터가 사르륵- 오늘의 일기

https://youtu.be/trrtZGfJtKA?si=NlrXcvUB9iiZkmYN
매일매일 여름해-오늘의 일기

새콤달달 스무디볼-오늘의 일기
https://youtu.be/5xgZ5YDBJT4?si=AwXM7WDW_4Ua_Yox

추울 땐 달달구리 귀여운 음악-오늘의 일기
https://youtu.be/hl0zD5A6H_A?si=ToU4w1F74ZIcH9hT",2026-03-22T12:32:26Z,,22,ko,PT21M26S,2d,hd,false,23364,355,0,109,public,youtube,True,False,"https://en.wikipedia.org/wiki/Food,https://en.wikipedia.org/wiki/Lifestyle_(sociology)",https://i.ytimg.com/vi/xz2CpL2DTFw/maxresdefault.jpg,thumbnails/제이월드/xz2CpL2DTFw.jpg
지뉼랭가이드,UC50ac0_x8ZDoCSEpNV0p3-Q,qOEtQ72M5e0,원가 절감 논란? 초심 잃었다는 '돌아온 혜자도시락' 근황,"혜자스럽다의 원조! GS 혜자도시락을 먹어보았습니다

#혜자도시락 #편의점도시락 #도시락맛집 #가성비맛집 #서울맛집 #본도시락 #cu도시락 #gs25도시락 #한솥도시락 #세븐일레븐도시락",2026-03-19T11:01:26Z,"윤호찌,백종원,빅페이스,더들리,김사원세끼,쯔양,풍자,또간집,히밥,미니로운생활,먹방,서울 맛집,맛상무,흑백리뷰,가성비 맛집,흑백요리사2,맛집 추천,연돈,돈까스 맛집,서울 맛집 추천,섬마을훈태,서울 가성비 맛집,흑돈,흑백요리사,한솥도시락,치킨마요,최강록,손종원,연돈 근황,GS도시락,cu도시락,세븐일레븐 도시락,도시락 먹방,한솥 도시락,편의점,cu 편의점,gs도시락,김밥,본도시락,홍대맛집,마포맛집,맛집유튜버,신촌맛집,편의점도시락,백종원 도시락,안성재,두쫀쿠",24,ko,PT5M11S,2d,hd,false,17035,68,0,12,public,youtube,True,False,"https://en.wikipedia.org/wiki/Food,https://en.wikipedia.org/wiki/Lifestyle_(sociology)",https://i.ytimg.com/vi/qOEtQ72M5e0/maxresdefault.jpg,thumbnails/지뉼랭가이드/qOEtQ72M5e0.jpg
Nebom 사계절의 네봄,UC6NrrEp1e3-A51SSinM3Y-Q,u9aGE06uYek,"🥙 윤기좔좔 육전 & 새콤달콤 비빔면 신박한 샌드위치 만드는 집순이 일상. 순살갈비찜, 감자피자, 명란김밥, 치품송, 오레오 케이크, 들깨미역국","Music provided by 브금대통령
Track : Paesaggio Italiano - https://www.youtube.com/watch?v=9PRnPdgNhMI&list=RD9PRnPdgNhMI&start_radio=1
shushubobo -my bad https://www.youtube.com/watch?v=2y786NRi0w0

#요리브이로그 #일상브이로그  #집밥브이로그",2026-03-08T14:05:09Z,"요리 브이로그,일상 브이로그,일상,요리브이로그,vlog,요리 vlog,Cooking,집밥브이로그,집순이브이로그,자취브이로그,자취일상,자취생브이로그,집밥",22,ko,PT29M5S,2d,hd,true,74342,2154,0,48,public,youtube,True,False,"https://en.wikipedia.org/wiki/Food,https://en.wikipedia.org/wiki/Lifestyle_(sociology)",https://i.ytimg.com/vi/u9aGE06uYek/maxresdefault.jpg,thumbnails/Nebom사계절의네봄/u9aGE06uYek.jpg
농협목우촌,UClk0Cpeq6rObz6aReNxZQTA,VR2BpZp_jBs,"[ASMR] 보글보글 끓는 한우 사골국물에,,, 고기국수 후루룩🎧","잘 익은 목!소리 ASMR🎧 

담백하면서도 구수한 사골 국물에
고소한 삼겹살이 더해져
부담 없이 들어가는 고기국수🍜

주부9단 한우 사골 곰탕을 이용한
한우사골 고기국수 ASMR✨
이제 직접 만들어볼까요?

먼저, 팬에 삼겹살을 올려
지글지글- 노릇하게 구워주세요.
먹기 좋게 썰어 준비해두고요

냄비에 주부9단 한우 사골 곰탕을 붓고
대파와 함께 보글보글 끓여줍니다🔥

소면을 삶아 찬물에 헹궈 
탱글하게 준비!

그릇에 소면을 담고
구수한 사골 국물을 부은 뒤
노릇한 삼겹살을 듬뿍 올리면 
후루룩 들어가는 고기국수 완성🍜

소리까지 맛있는 한우사골 고기국수,
목우촌과 함께 따뜻하게 한 그릇 어떠세요? 

🎧생생한 사운드를 영상으로 경험해보세요!
(이어폰 착용 필수!♥)

영상에 나온 다양한 목우촌 제품은 목우촌몰 및 목우촌 네이버 스마트 스토어에서 확인 가능합니다!",2026-03-05T08:00:25Z,,24,ko,PT3M25S,2d,hd,false,110762,72,0,0,public,youtube,True,False,"https://en.wikipedia.org/wiki/Food,https://en.wikipedia.org/wiki/Lifestyle_(sociology)",https://i.ytimg.com/vi/VR2BpZp_jBs/maxresdefault.jpg,thumbnails/농협목우촌/VR2BpZp_jBs.jpg
장향진의 나만 알고픈 약선요리,UCUl5aslyfnkps1nQiWyG4Rw,0phkaRpBtzI,달래어묵무침 / 장향진의 약선요리 / 달래로 봄을 입은 어묵요리,"#장향진의나만알고픈약선요리 #약선요리 #면역력에좋은음식 #달래 #어묵 #알리신 #항균 #혈관건강 #춘곤증 #피로회복



어묵은 언제나 구입할 수 있고 
손쉽게 조리해서 먹을 수 있는 편리한 식품입니다. 
다만 품질상 생선의 함량이 높은 것을 구입해야 하며, 
뜨거운 물에 순간적으로 데쳐서 사용하는 것이 좋습니다. 
오늘은 봄철의 대표적인 채소인 달래와 함께 
무침 요리로 만들었습니다. 
달래는 혈관 건강과 피로 회복에 도움이 됩니다. 
달래의 향미로 봄을 느끼시고 춘곤증과도 작별하세요. 



*이 영상의 다운로드 및 2차 편집을 금지합니다.*
FACEBOOK: www.facebook.com/damijae


Instagram: www.instagram.com/damijae2004",2026-03-26T03:00:01Z,"料理,건강,제철음식,약선요리,k-food,phytochemical,korea,korean food,cook,food,건강요리,健康料理,Healthy food,장향진의 약선요리,장향진,다미재,제철요리,건강정보,효능,recipe,vegan,vegan recipe,면역력에 좋은 음식,건강음식,암환우식단,암환자식단,암에 좋은 음식,한식,다이어트 요리 레시피,면역력 높이는 음식 레시피,natural makeup tutorial korean korean reading practice,how to order food in korean,꼭 먹어봐야 하는 음식,restaurant conversation in korean,두고두고 먹을 수 있는 요리",26,ko,PT4M37S,2d,hd,false,85,10,0,0,public,youtube,True,False,"https://en.wikipedia.org/wiki/Food,https://en.wikipedia.org/wiki/Lifestyle_(sociology)",https://i.ytimg.com/vi/0phkaRpBtzI/maxresdefault.jpg,thumbnails/장향진의나만알고픈약선요리/0phkaRpBtzI.jpg
單單小姐Miss DanDan,UC5FyoQEHNVE39eooygqG97Q,lIaArC1Ldjw,台灣人移居韓國後的生活🇰🇷這才是我真實的日常👩🏻‍💻自己開車去工作+煮婦的一天| Korea vlog ,"每三個月就開團一次的celimax來啦💚
它們家是我住韓國快5年來持續有在用的商品！
棉片在韓國已經是很紅的保養品
因為他可以當作化妝水+面膜還能輕擦臉去角質
CP值非常高✨
他們家的產品都是為了痘痘敏感肌打造的
像我是敏感混合肌 長期用下來完全不刺激

我的團購都是跟韓國總公司合作
不用怕買到品質不好的假貨(最近網路上太多了🥲）
大家可以趁團購趕快買起來🛒
3/23-29限時購買連結：
https://bit.ly/4bHj0x9

🏠P.ARK 咖啡廳피아크
📍부산 영도구 해양로195번길 180 피아크
☎️ 0507-1423-7045

🏠魚板漢堡 비킹후스
📍부산 동구 중앙대로196번길 10 부산역라마다앙코르호텔 2층 비킹후스
☎️ 070-8668-1711

🏠MOMOS影島店 모모스커피 로스터리&커피바
📍부산 영도구 봉래나루로 160 모모스커피
☎️ 051-512-7036

🏠三進魚板 삼진어묵 본점
📍부산 영도구 태종로99번길 36 
☎️ 051-715-5865

🏠刀削麵店 영도면옥
📍부산 영도구 해양로 205-1 1층
☎️ 0507-1383-5213

🏠影島星巴克스타벅스 영도청학DT점
📍부산 영도구 태종로 373 (청학동)
☎️ 1522-3232

🥨𝐈𝐧𝐬𝐭𝐚𝐠𝐫𝐚𝐦: missdandan98
https://www.instagram.com/missdandan98

🥐𝐅𝐚𝐜𝐞𝐛𝐨𝐨𝐤: 單單小姐
https://www.facebook.com/immissdandan/

🥞𝐂𝐨𝐧𝐭𝐚𝐜𝐭 𝐦𝐞: immissdandan@gmail.com",2026-03-23T11:01:18Z,,22,ko,PT27M4S,2d,hd,false,39076,982,0,73,public,youtube,True,False,"https://en.wikipedia.org/wiki/Food,https://en.wikipedia.org/wiki/Lifestyle_(sociology)",https://i.ytimg.com/vi/lIaArC1Ldjw/maxresdefault.jpg,thumbnails/單單小姐MissDanDan/lIaArC1Ldjw.jpg
대박언니 DAEBAKUNNIE,UC7I95AHA-Fwkedg3IK6GNcg,gkm4fushHck,ไม่เผ็ดไม่อร่อย🔥 ผู้หญิงเกาหลีทำส้มตำปลาร้าใส่หมึกสายกับกุ้งสด โคตรเผ็ด! แม่เกาหลีกินแล้วตกใจเลย 555,"#คนต่างชาติกินอาหารไทย #ส้มตำปลาร้า #알쭈꾸미 #somtum #태국먹방 


ไม่เผ็ดไม่อร่อย🔥 ผู้หญิงเกาหลีทำส้มตำปลาร้าใส่หมึกสายกับกุ้งสด โคตรเผ็ด! แม่เกาหลีกินแล้วตกใจเลย 555

Thank you for your support❤ 
kakaobank 3333311005535 ㅎㅁㅈ
ดูคลิปให้สนุกนะคะ ขอบคุณค่ะ

อย่าลืมกดติดตาม กดไลค์ แล้วเปิดแจ้งเตือนด้วยนะคะ ทุกคน~!
https://www.facebook.com/hellodaebakunnie
https://www.instagram.com/daebakunnie_official

•Licence:––––––––––––––––––––––––––––––

※노골적인 성적농담 및 이유없는 증오심 표출은 예고없이 삭제합니다.
※เราจะลบข้อความที่หยาบคาย ข้อความที่ไม่ดี ไปจนถึงข้อความที่อาจจะนำไปสู่การโต้เถียงและเป็นประเด็นออก โดยไม่แจ้งให้ทราบล่วงหน้านะคะ",2026-03-26T12:01:13Z,"แทบักออนนี่,대박언니,daebak unnie,태국유튜버,thaifood,eating sound,eating,asmr,eating korea,thailand,bangkok,태국여행,방콕여행,태국음식먹방,food vlog,คนต่างชาติกินอาหารไทย,อาหารอีสาน,เกาหลีกินส้มตำ,สะใภ้เกาหลี,쏨땀,매운쏨땀,해산물소스,태국음식먹방유튜버,Cloud 11,thai food recipes,somtam mukbang,두쫀쿠,쭈꾸미알,webfoot octopus,매운음식먹방,해장먹방,spicy mukbang,태국언니,방콕 해산물,red mukbang,มะละกอ,พัทยา,파타야 수원왕갈비,파타야 맛집,엄마먹방,알쭈꾸미 냉이",22,th,PT15M21S,2d,hd,false,7844,841,0,114,public,youtube,True,False,"https://en.wikipedia.org/wiki/Food,https://en.wikipedia.org/wiki/Lifestyle_(sociology)",https://i.ytimg.com/vi/gkm4fushHck/maxresdefault.jpg,thumbnails/대박언니DAEBAKUNNIE/gkm4fushHck.jpg
Tei's Happy House(태희의 해피 하우스),UCeUisiec4oauZ7ngZ-FSOCQ,WVGqqkwhWEA,클래식 아디다스 져지 어디있니?! 쪼꼬미 언니와 포옹한 이유?!.TEI,"아디다스 파이어 버드 져지 어디가야 살수 있을까요
쪼꼬미언니와 재미있는 시간!!",2026-03-10T09:00:48Z,"아디다스,아디다스져지,클래식 아디다스 져지,파이어버드,인형뽑기,브이로그,태희의해피하우스,패션",24,ko,PT7M11S,2d,hd,false,1043,19,0,6,public,youtube,True,False,"https://en.wikipedia.org/wiki/Fashion,https://en.wikipedia.org/wiki/Lifestyle_(sociology)",https://i.ytimg.com/vi/WVGqqkwhWEA/maxresdefault.jpg,thumbnails/TeisHappyHouse태희의해피하우스/WVGqqkwhWEA.jpg
쿄홈 kyohome,UCvebJb2Oa2mPUQCfy_zV_yA,IjdHlc9CrLU,역시 집이 최고야🏡 새 조명 설치하고 지글지글 감바스🍤와 향긋한 카레 냄새로 채운 집순이의 일상 브이로그,"7년에 만든 레시피를 보며 뚝배기에 지글지글 끓여낸 그 시절 내 인생 감바스부터, 드디어 맞이한 이케아 바름블릭스트 조명까지💡
호떡이과 함께한 강원도 소노펫 여행과 밤에 정성껏 만든 구운 야채 커리 등 저의 소중한 일상 조각들을 모아 엮은 브이로그.
오늘도 함께해 주셔서 감사합니다!🙏

🕰 Time Line
00:00 인트로✨
00:21 거실에서 LP듣기😉
01:12 호떡이 짐싸기🐾
01:56 강원도 1박 2일 여행💚
05:12 바름블릭스트 조명 설치🌞
08:12 구운야채 카레 만들기🍚
11:56 모닝 드립커피🥃
14:34 데스크 체어 조립🔧
16:58 뚝배기 감바스 알 아히요 만들기🍤

📌 Instagram: https://instagram.com/mm_fave
📧 e-mail : mmfave@naver.com

ⓒ2026 쿄홈 kyohome All Rights Reserved.

🎵Music provided by 브금대통령
🎵Track : Just Walking -    • [밝고 Groovy한 음악] Just Walking | 봄 날에 우리 걸어요❤  
🎵Track : 올림픽공원 -    • 올림픽공원 | 잔잔한 뉴에이지 피아노🎹  
🎵Track : 오늘도 축배를 -    • [잔잔한데 힘나는 음악] 오늘도 축배를 🍻 | 오늘도 고생한 당신을 위해! 건배!  

#집순이브이로그 #일상브이로그 #요리브이로그 #데스크테리어 #홈카페 #감바스만들기 #카레만들기 #집밥",2026-03-16T11:45:44Z,,26,ko,PT22M15S,2d,hd,true,576,19,0,5,public,youtube,True,False,"https://en.wikipedia.org/wiki/Food,https://en.wikipedia.org/wiki/Lifestyle_(sociology)",https://i.ytimg.com/vi/IjdHlc9CrLU/maxresdefault.jpg,thumbnails/쿄홈kyohome/IjdHlc9CrLU.jpg
율리 YULRI,UCiULanlNBXuMkaP9OiZWgYQ,v--5y-ExDKE,[ENG/JPN]💸율돈율산 관리하는 내가 좋🤙🏻다👍🏻/자기관리 추천템,"🌀 instagram
https://instagram.com/yulri_0i

🌀 contact
yulri@dmil.kr

🍫코코밥 COCOBAB 
https://lifeb.kr/

*이 영상에는 스킨1004의 유료광고가 포함 되어 있습니다.

스킨1004에서 새로 출시된 요 앰플은! 
흡수가 어려운 히알루론산을 모공보다 2,500배나 작은 초미세 입자로 만들어서
피부 깊숙이 빠르게 흡수되는 앰플이예요 💦

*️⃣스킨1004 공식몰 런칭 프로모션 (~3/25)
- 히알루-테카 플럼핑 앰플 50ml 
- 29,000 ➡️ 16,400 (43% off)
➡️https://vo.la/L4VZu8Q

1. 수분보충 추천템
별하수 보리차 진액 480g
https://link.coupang.com/a/d1MIZC

-------------------------------------------------

2. 헤어관리 추천템 
커리쉴 실키 오일 세럼 70ml 
https://naver.me/F1ajL7up

-------------------------------------------------

3. 바디관리 추천템
유리아크림
약국에서 구매가능/5,000원대

고운발 명품 풋크림
https://link.coupang.com/a/d2gCRJ

넥가드닥터- 거북목 교정템
https://naver.me/F5seLUEh

-------------------------------------------------

5. 피부관리
스킨천사1004 히알루-테카 플럼핑 앰플 50ml
https://naver.me/FAAZfEd4

크리스마  페이스타올
https://link.coupang.com/a/d2h18O

-------------------------------------------------

6. 이너뷰티 영양제
 나우푸드 커큐민 베지 캡슐
 https://link.coupang.com/a/d5cj6J

 GC녹십자웰빙 PNT 액상 마그네슘
 https://link.coupang.com/re/SHARESDPNUL?pageKey=7442540847&itemId=19356424818&vendorItemId=94064700899

올록담 올리브3 EVOO 지중해 올리브오일 캡슐
https://link.coupang.com/a/d5cmBM",2026-03-22T11:54:52Z,"자기관리,자기관리템,건강루틴,이너뷰티,영양제추천,피부관리,헤어케어,바디케어,수분보충,보리차,헤어오일,풋크림,넥케어,거북목교정,앰플추천,히알루론산,마그네슘,커큐민,올리브오일,면역력,항산화,만성염증,웰니스,헬시라이프,데일리루틴,건강한삶,올인원케어,뷰티템추천,약국템,건강챙기기,自己管理,自己管理アイテム,健康ルーティン,インナービューティー,サプリメントおすすめ,スキンケア,ヘアケア,ボディケア,水分補給,麦茶,ヘアオイル,フットクリーム,ネックケア,ストレートネック矯正,アンプルおすすめ,ヒアルロン酸,マグネシウム,クルクミン,オリーブオイル,免疫力,抗酸化,慢性炎症,ウェルネス,ヘルシーライフ,デイリールーティン,健康的な暮らし,オールインワンケア,ビューティーアイテムおすすめ,薬局アイテム,健康管理,selfcare,selfcareproducts,healthyroutine,innerbeauty,supplementsrecommendation,skincare,haircare,bodycare,hydration,barleytea,율리",24,ko,PT10M15S,2d,hd,true,15586,313,0,25,public,youtube,True,False,https://en.wikipedia.org/wiki/Lifestyle_(sociology),https://i.ytimg.com/vi/v--5y-ExDKE/maxresdefault.jpg,thumbnails/율리YULRI/v--5y-ExDKE.jpg
주방대장 민쿡,UCEy9NE4it3Vnx5BHYSlPifQ,HaeHuWH3jIA,생선구이집 장사 쉽게하는 방법,"주방설계 / 음식점 창업/ 브랜딩 컨설팅/ 음식점 경영개선
문의 카카오톡 kdmincook
문자 문의 010 9186 2277

🔽성공하는 주방을 만드세요🔽
🍚 26번의 창업 실패와 20년 장수 운영의 노하우를 담았습니다.
🍚 복잡한 동선을 걷어내고, 수익을 극대화하는 '주방의 법칙'
🍚 주방대장 민쿡이 직접 설계하는 실전 주방 컨설팅

📍 무료 컨설팅 신청 링크
▼▼▼▼▼▼▼▼▼▼▼
 https://cafe.naver.com/tlsdyddlsrhddb/2846

📍 식당성공회 채널 바로가기
▼▼▼▼▼▼▼▼▼▼▼▼
http://pf.kakao.com/_UhAxjxd/chat

음식점 창업 마케팅 운영 바이블 [식당 운영의 신 / 저자 주방대장 민쿡(민강현)]
📕📖📕📖📕📖📕📖📕
교보 https://bit.ly/3DSJcrb
예스24 https://bit.ly/4j5uJIH
알라딘 http://bit.ly/421anu0

식당인들만의 모임 네이버 카페 식당성공회 가입하기
▼▼▼▼▼▼▼▼▼▼▼
https://cafe.naver.com/tlsdyddlsrhddb

채널에 가입하여 혜택을 누려보세요.
https://www.youtube.com/channel/UCEy9NE4it3Vnx5BHYSlPifQ/join
카카오톡 '식당성공회' 검색 후 친구 추가 후 상담 신청.
 
국내 최초 !!
국내 유일 !!
식당 창업 주방 설계 전문가 ""키친 디렉터 민쿡""입니다. 
언제든 연락 주시면 최선을 다해 행복한 주방 설계 도와드리겠습니다.
*질문 남겨주시면 답변 영상 제작해서 올려 드립니다",2026-03-16T12:00:36Z,"식당창업,음식점창업,음식점마케팅,외식창업,외식업마케팅,외식업창업,민쿡,식당성공회,식당폐업,키친디렉터,주방컨설팅,식당인테리어,음식점인테리어,고깃집창업,카페창업,창업아이템,식당경영,외식경영,직원관리,장사,창업성공사례,프랜차이즈창업,상권,입지,권리금,계약,돈버는법,장사로돈벌기,부자되기,배달,외식세무,식당창업성공,외식컨설팅",26,ko,PT10M21S,2d,hd,false,3342,63,0,6,public,youtube,True,False,"https://en.wikipedia.org/wiki/Business,https://en.wikipedia.org/wiki/Food,https://en.wikipedia.org/wiki/Lifestyle_(sociology)",https://i.ytimg.com/vi/HaeHuWH3jIA/maxresdefault.jpg,thumbnails/주방대장민쿡/HaeHuWH3jIA.jpg
정대표 Ceojung,UC4rp3IXPhmQoYqZUCUMP6hA,Ce0gVNO3Ruc,한 번 만들면 평생 만들게 될겁니다  야채만 있어도 훌륭한 안주가 됩니다  주변사람들한테 다 뺏깁니다 #초장 #초고추장,"안녕하세요 정대표입니다
이번 영상은 오래전 올린 초장레시피의 짧은 버전입니다
맛은 더 좋아졌구요 
꼭 만들어 보세요 
주변사람들한테 요리사 소리 듣습니다

[재료]
태양초 고추장 1kg
환만식초 500ml
설탕 300g
다진마늘 70g
물엿 70g
통깨 큰스푼 1개 
후추
다진생강 큰스푼 1개
진간장 20ml
참기름 60ml

[요리법]
고추장을 제외한 모든 재료를 잘 섞어줍니다
통깨는 꼭 갈아서 넣구요
다진생강은 즙만 짜서 넣구요
설탕이 잘 녹을 정도로 충분히 섞어준 다음
마지막에 고추장을 넣어야 좋아요

회든 야채든 뭐든 찍으면 그냥 술안주 됩니다
꼭 만들어 보세요

시청해 주셔서 감사합니다",2026-03-20T20:17:10Z,,26,ko,PT4M19S,2d,hd,false,14128,574,0,23,public,youtube,True,False,"https://en.wikipedia.org/wiki/Food,https://en.wikipedia.org/wiki/Lifestyle_(sociology)",https://i.ytimg.com/vi/Ce0gVNO3Ruc/maxresdefault.jpg,thumbnails/정대표Ceojung/Ce0gVNO3Ruc.jpg
풍자테레비,UCI5WgFSOVO9UJFcqQTiClHQ,P0RDzKHsWp8,🇯🇵일식 중식 디저트까쥐~ |요코하마 차이나타운 맛집정리 | 일본가성비 오마카세 | 칼디 내돈내산 추천템 ,"#풍자  #요코하마 #일본여행

📌영상 및 영상의 캡쳐 이미지는 제작사와 사전 합의되지 않은 상업적 용도의 사용은 어떤 경우에도 절대 불가합니다. 무단 사용시 법적 조치를 받을 수 있습니다.

📌풍자인스타그램 https://www.instagram.com/bjpj0122?igsh=cml0NzQ3bGkzcHgy

🎵Music provided by @bgmpresident @mewpot",2026-03-23T09:00:35Z,"요코하마,일본,일본여행,요코하마 차이나타운,차이나타운,맛집,먹방,여행,풍자,또간집,전참시,칼디,오마카세",23,ko,PT23M36S,2d,hd,false,154181,2159,0,240,public,youtube,True,False,"https://en.wikipedia.org/wiki/Food,https://en.wikipedia.org/wiki/Lifestyle_(sociology)",https://i.ytimg.com/vi/P0RDzKHsWp8/hqdefault.jpg,thumbnails/풍자테레비/P0RDzKHsWp8.jpg
채커피,UCT1xn_mNhQ7zWJxL_XO0sig,JGfnne1-qVs,두쫀쿠 지나고 이제는 뭐가 트렌드 디저트 일까 ?,"바리스타 교육 신청
https://m.place.naver.com/place/1351114459/home

블랙그라운드커피랩 개인 원두 구매
https://smartstore.naver.com/blackground

- 카페 원두납품 및 컨설팅 문의 -
010-6371-7556
채희수
https://m.place.naver.com/place/1351114459/home

' 고소한 커피의 중심 '
' 과학 기반 실전 커피 교육 '
' 효율 중심 전문 카페 창업컨설팅 '

 블랙그라운드커피랩

채커피 추천 커피 장비!!

https://link.coupang.com/a/cSCHVz 
레벨링 디스트리뷰터
https://m.place.naver.com/place/1351114459/home
탬퍼
https://link.coupang.com/a/cSCMVm
퍼넬
https://link.coupang.com/a/cSCPsK
니들 디스트리뷰션
https://link.coupang.com/a/cZUSPZ
에스프레소 저울
https://link.coupang.com/a/cZUTyp
브루잉 저울
https://link.coupang.com/a/cZUTyp
가성비 디스트리뷰션
https://link.coupang.com/a/cZUTyp
커핑 장비 (볼,스푼)

유튜브 촬영 장비

https://link.coupang.com/a/cZUTyp
DJI 오즈모 액션 5 액션캠 및 무선 마이크
https://link.coupang.com/a/cZUTyp
소니 A7C2 카메라
https://link.coupang.com/a/cZUWjn
소니 2070G 렌즈
https://link.coupang.com/a/cZUWjn
후지필름 X-M5 번들킷
https://link.coupang.com/a/cZUWjn
룩스패드 조명
https://link.coupang.com/a/cZUWjn
울란지 카본 삼각대
https://link.coupang.com/a/cZUXK3
다용도 문어발 삼각대

""이 포스팅은 쿠팡 파트너스 활동의 일환으로, 이에 따른 일정액의 수수료를 제공받습니다.""






-----------------------------------------------------------------------------------------------
#바리스타 #커피 #원두",2026-03-18T11:00:36Z,"바리스타,핸드드립,라떼,에스프레소,커피,블랙그라운드커피랩,채희수,커피머신,취미,심심할때,원두커피,카페,맛집,운동,일상",26,ko,PT13M2S,2d,hd,true,111,7,0,0,public,youtube,True,False,"https://en.wikipedia.org/wiki/Food,https://en.wikipedia.org/wiki/Hobby,https://en.wikipedia.org/wiki/Lifestyle_(sociology)",https://i.ytimg.com/vi/JGfnne1-qVs/maxresdefault.jpg,thumbnails/채커피/JGfnne1-qVs.jpg
wineking 와인킹,UCb7KNFvMuvQz9LPRK4xyzfA,IweTOMudwgE,인생이 가장 행복해지는 순간- 독일 프라이부르크,"독일 프라이부르크의 한 식당. 
인생을 치유하기에 좋은 곳이었습니다. 
여러분도 기회되면 한 번 들러보세요~

#인생치유식당 #프라이부르크 #독일식당추천",2026-03-16T09:16:18Z,,22,ko,PT32M26S,2d,hd,true,28883,780,0,118,public,youtube,True,False,"https://en.wikipedia.org/wiki/Food,https://en.wikipedia.org/wiki/Lifestyle_(sociology)",https://i.ytimg.com/vi/IweTOMudwgE/maxresdefault.jpg,thumbnails/wineking와인킹/IweTOMudwgE.jpg
심방골주부 Korean Food Recipes,UCMXFSqYCTcB4iIJLwUJaBrQ,fWh6mFPGL6M,시중과 차원이 다른 첨가물 0%의 프리미엄 국내산 두유를 만나보세요,"🟩 국내산 특등급 서리태와 약콩을 전통 맷돌방식으로 껍질까지 갈아넣어
원액 99.7%의 순수한 영양성분만을 넣은 첨가물이 완전히 배제되어 있는
자연스러운 콩 본연의 맛을 살린 담백하고 걸쭉한 100% 원액 두유입니다.
#두유 #서리태 #약콩 #청자5호 #약선콩 #대학두유 #공동구매 #심방골주부 

🟧 인위적인 단맛을 비우고, 고소함을 채운 순수 함량 100% 두유이기 때문에
특히나 혈당관리로 힘드신 분들과, 당뇨로 고생하시는 분들께도 추천드려요.

🟫 든든한 아침 식사 대용이나, 공복에도 마시기 좋고, 출근 전에도 드시면
포만감으로 식사를 대체할 수 있으며 1포를 드셔 보시면 속이 정말 든든해요.

➡️ 강원도 정선과 평창의 농가와 상생하며 서울대학교 평창 캠퍼스 에서
직접 만든, 결이 다른 프리미엄 두유인 대학 두유 2종을 직접 만나보세요.

📆 공구기간 및 제품 구성 : 03.26 (목) ~ 04.02 (목) 8일간 진행됩니다.

🔗 공구 주소 : http://rul.kr/25VnV1 (지금부터 구매 가능합니다)

☎️ 전화주문 : 1577-3460 (평일 오전9시 ~ 오후6시 주문 가능)
(점심시간 : 오후1시 ~ 오후2시 → 이 시간에는 주문 불가능해요)

➡️ 제품은 2가지로써 서리태 두유와 약콩 두유가 있으며 세트가 있습니다.

🟫 국산 서리태 100% 대학 서리태 오리지널 두유 190ml X 15포 1박스
🟫 국산 약콩 100% 대학 약콩 오리지널 두유 190ml X 15포 1박스

📢 [SET] 대학두유 대학약콩 + 서리태 (1박스 + 1박스 총 30포)

1세트 : 정상가 94,000원 → 공구 판매가격 45,000원 (52% 할인)
2세트 : 정상가 188,000원 → 공구 판매가격 90,000원 (52% 할인)
3세트 : 정상가 282,000원 → 공구 판매가격 132,000원 (53% 할인)
4세트 : 정상가 376,000원 → 공구 판매가격 174,000원 (54% 할인)
5세트 : 정상가 470,000원 → 공구 판매가격 210,000원 (55% 할인)

🟫 서리태 두유와. 약콩두유 단품으로도 구매 가능합니다. [가격은 동일]

📢 [단품] 대학두유 서리태 오리지널 (1박스 190ml 15포)
📢 [단품] 대학두유 대학약콩 오리지널 (1박스 190ml 15포)

2박스 : 정상가 94,000원 → 공구 판매가격 45,000원 (52% 할인)
3박스 : 정상가 141,000원 → 공구 판매가격 66,000원 (53% 할인)
4박스 : 정상가 188,000원 → 공구 판매가격 87,000원 (54% 할인)
5박스 : 정상가 235,000원 → 공구 판매가격 105,000원 (55% 할인)

00:00 대학두유 공동구매 소개
00:33 대학두유의 특징 및 강점 소개
05:12 직접 1포씩 따라서 보여드릴께요
06:53 원액 그대로의 맛을 담은 프리미엄 두유
08:10 이런분들이 드시면 정말 좋습니다
11:16 제품 구성 및 가격 소개
12:42 주문방법
13:22 우유를 구독해서 드시는 것과 가격차이가 없습니다
14:02 대학두유 공구에 대해서 드리고 싶은 말씀

📌 영상 속 레시피 그대로 따라 하시면  
따뜻한 집밥 요리를 어렵지 않게 완성할 수 있어요.

🎥 영상 공유는 언제든지 환영입니다.  
출처를 명시해 주신다면 자유롭게 사용하셔도 좋습니다.
**출처 : Youtube 심방골주부**

⚠️ 단, 심방골주부 채널의 모든 영상과 자료는 직접 제작한 콘텐츠이며  
무단 사용, 다운로드, 재편집 및 재배포는 금지되어 있습니다.  
사전 협의 없이 사용하실 경우 경고없이 법적 조치가 이루어질 수 있습니다.",2026-03-26T06:15:05Z,"심방골주부,심방골주부요리,한식,집밥,레시피,황금레시피,recipe,korean food,반찬,음식,대학두유,서리태,약콩,청자5호,약선콩,공동구매,프리미엄",26,ko,PT17M31S,2d,hd,false,1242,60,0,6,public,youtube,True,False,"https://en.wikipedia.org/wiki/Food,https://en.wikipedia.org/wiki/Health,https://en.wikipedia.org/wiki/Lifestyle_(sociology)",https://i.ytimg.com/vi/fWh6mFPGL6M/maxresdefault.jpg,thumbnails/심방골주부KoreanFoodRecipes/fWh6mFPGL6M.jpg
FoodyTrip 푸디트립,UCDBFchGuAOy5-2sy8nYMVxA,YOFrzNYSYXM,Overwhelming Vividness! Fantastic Fish Cutting Masters Video Compilation,"😋 Amazing Fish Cutting Masters Video Compilation

🍉 List
00:00 Seafood Master's Amazing Cutting Skills
10:16 Amazing Sushi Shop in the Fish Market
29:54 17kg Giant Octopus
40:15 Special Grilled Seafood Combo
52:38 Amazing Charcoal-Grilled EEL
01:06:12 Amazing Street Squid Restaurant

❤️ Join channel membership ❤️
https://www.youtube.com/@FoodyTrip/join

💌 Contact FoodyTrip : goodymob@naver.com

✅ This video does not contain advertisements.",2026-03-21T12:00:49Z,"street food,korean street food,길거리음식,korean food,cooking videos,food asmr",19,en,PT1H16M15S,2d,hd,false,3110,89,0,4,public,youtube,True,False,"https://en.wikipedia.org/wiki/Food,https://en.wikipedia.org/wiki/Lifestyle_(sociology),https://en.wikipedia.org/wiki/Pet",https://i.ytimg.com/vi/YOFrzNYSYXM/maxresdefault.jpg,thumbnails/FoodyTrip푸디트립/YOFrzNYSYXM.jpg
푸메Fume,UCbzI92w5vWa6mEj1dACfy6g,yuoCPJ9Vas0,ASMR MUKBANG | 칠리스 내슈빌핫 모짜렐라스틱 🌶️ 치즈볶음면 먹방! CHEESE PULL 🧀 Chili's Mozzarella Sticks & Cheesy Noodles,"#먹방 #asmr #mukbang

- 문의메일 / Email : fumeyamyam@summitus-kr.com
- Instagram : http://instagram.com/fume_yamyam
- Tiktok : http://vt.tiktok.com/ZSe3FhKck/
- Twitter : https://twitter.com/FUME_yamyam
- 오픈 채팅방 / Chat with FUME : https://discord.gg/zGNcYgDdnV

01:51 EAT!

[BGM]
🎵Music provided by 브금대통령 
🎵Track : 브금의숲 - https://youtu.be/bVMW54kAO94
Oneul  • Little Fairy Garden : https://youtu.be/hVIkaViRijI?si=Asp1HblBT6H7veUi
Oneul  • Bungeo_ppang : https://youtu.be/jZ9vAAiAIUc?si=8AD1OKJHWf32Fu_N",2026-03-26T13:01:41Z,"먹방,푸메,mukbang,korean mukbang,asmr,yt:cc=on,Hàn Quốc asmr,Hàn Quốc mukbang,khana khane wala video,asmr eating,eating show,eating asmr,mukbang asmr,food asmr,eating challenge,asmr mukbang,칠리스 치즈스틱,칠리스 치즈스틱 먹방,칠리스 먹방,칠리스,칠리스 모짜렐라,칠리스 모짜렐라 스틱,칠리스 모짜렐라 스틱 만들기,칠리스 모짜렐라 스틱 먹방,칠리스 모짜렐라 먹방,치즈스틱 먹방,치즈스틱 먹방 asmr,치즈스틱 먹방 푸메,chilis mozzarella sticks asmr,chilis mozzarella sticks mukbang,chilis mozzarella sticks,mozzarella sticks mukbang,mozzarella sticks",24,ko,PT12M55S,2d,hd,true,99583,0,0,124,public,youtube,True,False,"https://en.wikipedia.org/wiki/Food,https://en.wikipedia.org/wiki/Lifestyle_(sociology)",https://i.ytimg.com/vi/yuoCPJ9Vas0/maxresdefault.jpg,thumbnails/푸메Fume/yuoCPJ9Vas0.jpg
무니키친MoonyKitchen,UCQg7opkHC1IIHYsIRuivMbw,CdFyq4TF7NY,수천만원 쓰고 깨달은 조리도구에 '미친' 20년 차 주부의 평생 정착템! 내돈내산,"#무니키친 #주방용품 #주방수납

🙋🏻‍♀️ 자주 질문하시는 조리도구, 주방용품
https://linkon.id/MoonyKitchen

👉🏻 무니키친의 일상채널 '살림템 육아템'
https://www.youtube.com/@MoonyDay.

🌟 Instagram
https://www.instagram.com/lunechoi/

👩🏻 위대하신 구독자 시청자 여러분💜 
20년간 요리와 살림을 하면서 결국 곁에 남은 '평생 살림템'들을 소개합니다.

안녕하세요, 무니키친입니다. 주방도구에 진심이라 참 많이도 사고 써봤던 것 같아요. 
그 수많은 시행착오 끝에, 결국 제 주방에 마지막까지 남은 15가지 도구들을 정리해 보았습니다.

유행에 휩쓸리지 않고 오래도록 곁에 두고 쓸 수 있는, 20년 차 주부의 내공이 담긴 진짜 정착템들이에요. 
살림 유목민 생활을 끝내고 싶은 분들께 작은 도움이 되었으면 좋겠습니다.
오늘도 무니키친과 함께해 주셔서 감사합니다. 
건강하고 따뜻한 하루 보내세요!

👩🏻‍🍳 추천하는 영상
양배추와 당근 요리 https://youtu.be/1J8DWxYV3Mg
양배추 당근 밀프렙 https://youtu.be/uQzG4Oga4uA

다이어트 김밥 요리 모음 https://youtu.be/_C0jsMt_b7M
다이어트 밥 요리 모음 https://youtu.be/HeUBLYRbhw0

두부와 계란 요리 모음 3탄 https://youtu.be/DGxt2YA1Dco
두부와 계란 요리 모음 2탄 https://youtu.be/suNM0ONPBW8
두부와 계란 요리 모음 1탄 https://youtu.be/mbBlIj0NaSU

양배추 요리 모음 3탄 https://youtu.be/pCD_AA2-04A
양배추 요리 모음 2탄 https://youtu.be/0S7NnxwRU94
양배추 요리 모음 1탄 https://youtu.be/rdDjW3U4tGM

🙅🏻‍♀️ 모욕, 비방 댓글, 특정 사이트 언급 또는 광고성 댓글은 무통보 삭제됩니다.

⛔️ 영상의 무단 도용,  2차 편집 및 재업로드를 금지합니다. 적발시 법적인 책임을 물을 수 있으며 모든 저작권은 무니키친에 있습니다.

👉🏻 무니키친의 일상채널 '살림템 육아템'
https://youtu.be/Tzv19jS_vr0

♥️ '먹으면서 살빠지는 저탄수화물 레시피' 강의 들어보기 ( Online Class)
https://class101.app/e/moonykitchen-class

------------------------------------------------------------------------
#MoonyKitchen #Kitchenware #KitchenOrganization

🌟 Instagram
https://www.instagram.com/lunechoi/

👉🏻 Moony's daily life
https://www.youtube.com/@MoonyDay.

👩🏻 Hello to my wonderful subscribers and viewers 💜

Introducing the ""Forever Kitchen Essentials"" that have stayed by my side through 20 years of cooking and homemaking. 

Hello, this is Moony Kitchen. 
Because I’ve always been passionate about kitchen tools, I’ve bought and tried countless items over the years. 
After many trials and errors, I’ve finally curated the 15 tools that have earned a permanent spot in my kitchen.

These are true ""staple items"" born from 20 years of experience—timeless pieces that remain reliable regardless of passing trends. 
I hope this video helps those who are tired of searching for the right tools and want to settle into a more settled, intentional kitchen life.
Thank you for joining Moony Kitchen again today. Wishing you a healthy and warm day!

👩🏻‍🍳 Recommended Video
Cabbage and Carrot Dishes https://youtu.be/1J8DWxYV3Mg
Cabbage & Carrot Meal-Prep https://youtu.be/uQzG4Oga4uA

https://youtu.be/_C0jsMt_b7M
https://youtu.be/HeUBLYRbhw0

https://youtu.be/DGxt2YA1Dco
https://youtu.be/suNM0ONPBW8
https://youtu.be/mbBlIj0NaSU

 https://youtu.be/0S7NnxwRU94
 https://youtu.be/rdDjW3U4tGM
 https://youtu.be/pCD_AA2-04A

✔︎ Translated language
I spent $10,000+ on kitchen tools‼️ Here are the 15 I’ll use for life 🤩
Ich habe über 10.000 Dollar für Küchenutensilien ausgegeben‼️ Hier sind die 15, die ich mein Leben lang benutzen werde 🤩
Я потратила более 10 000 долларов на кухонные принадлежности‼️ Вот 15 из них, которые я буду использовать всю жизнь 🤩
Saya membelanjakan lebih $10,000 untuk peralatan dapur‼️ Berikut adalah 15 yang akan saya gunakan seumur hidup 🤩
Tôi đã chi hơn 10.000 đô la cho dụng cụ nhà bếp‼️ Đây là 15 món đồ tôi sẽ dùng suốt đời 🤩
¡Gasté más de $10,000 en utensilios de cocina! Aquí están los 15 que usaré para siempre 🤩
أنفقتُ أكثر من ١٠٠٠٠ دولار على أدوات المطبخ! إليكم ١٥ أداة سأستخدمها مدى الحياة 🤩
Я витратив понад 10 000 доларів на кухонне приладдя‼️ Ось 15, якими я користуватимуся все життя 🤩
Ho speso più di 10.000 dollari in utensili da cucina‼️ Ecco i 15 che userò per tutta la vita 🤩
Aku menghabiskan lebih dari $10.000 untuk peralatan dapur‼️ Ini dia 15 peralatan yang akan kupakai seumur hidup 🤩
キッチン用品に1万ドル以上も費やしちゃった‼️一生使い続ける15点をご紹介します🤩
我花了超過1萬美元買廚房用具‼ ️以下是我這輩子都會用到的15件🤩
ខ្ញុំបានចំណាយប្រាក់ជាង ១០,០០០ ដុល្លារលើឧបករណ៍ផ្ទះបាយ‼️ នេះគឺជាឧបករណ៍ចំនួន ១៥ ដែលខ្ញុំនឹងប្រើពេញមួយជីវិត 🤩
ฉันใช้เงินไปกว่า 10,000 ดอลลาร์กับอุปกรณ์ครัว‼️ นี่คือ 15 ชิ้นที่ฉันจะใช้ไปตลอดชีวิต 🤩
Mutfak gereçlerine 10.000 dolardan fazla harcadım‼️ İşte ömür boyu kullanacağım 15 tanesi 🤩
Gastei mais de 10 mil dólares em utensílios de cozinha‼️ Aqui estão os 15 que usarei para sempre 🤩
Wydałem ponad 10 000 dolarów na przybory kuchenne‼️ Oto 15, których będę używać przez całe życie 🤩
J'ai dépensé plus de 10 000 $ en ustensiles de cuisine ! Voici les 15 que j'utiliserai toute ma vie 🤩
Gumastos ako ng mahigit $10,000 sa mga gamit sa kusina‼️ Narito ang 15 na gagamitin ko habang buhay 🤩
मैंने किचन टूल्स पर $10,000+ खर्च किए हैं‼️ ये रहे वो 15 टूल्स जिन्हें मैं ज़िंदगी भर इस्तेमाल करूंगी 🤩

⛔️ Unauthorized theft of this video or 2nd edit and reupload is prohibited.
You will be held legally responsible for copyright violations.
COPYRIGHT ⓒ MoonyKitchen ALL RIGHTS RESERVED.

✔︎ Thanks for good music.

📱Contact
instagram https://www.instagram.com/lunechoi
blog https://blog.naver.com/lunechoi
TikTok https://www.tiktok.com/@moonykitchen
email lunechoi@naver.com",2026-03-23T09:17:58Z,"다이어트 식단,건강 요리,간단 요리,체중 감량,살 빼기,저탄수화물,초 간단 요리,자취 요리,5분 요리,집밥,채소 요리,밀프렙,Healthy Recipes,Healthy Food,Weight Loss,Easy Recipes,Korean Cooking,Low Carb,cabbage recipes,tofu recipes,egg recipes,살림 브이로그,주부 브이로그,주방용품 추천,조리도구 추천,살림템,내돈내산,정착템,평생템,주방 정리,필수 조리도구,주방 수납,주방용품 리뷰,인생템,실용주의 살림,조리도구 리뷰,살림 유목민,Homemaking,Kitchen Essentials,Kitchen Vlog,Minimal Kitchen,Product Review,Kitchen Tool,Kitchenware,Cooking Utensil,양배추 요리",26,ko,PT8M16S,2d,hd,true,50039,1080,0,78,public,youtube,True,False,"https://en.wikipedia.org/wiki/Food,https://en.wikipedia.org/wiki/Lifestyle_(sociology)",https://i.ytimg.com/vi/CdFyq4TF7NY/maxresdefault.jpg,thumbnails/무니키친MoonyKitchen/CdFyq4TF7NY.jpg
Akang Daniel,UCgakVU9m5b79W-uQjfK1_nQ,WkpAat9sj8g,PERTAMA KALI BUKBER DENGAN SUAMI KOREA DI OOO!!!,"PERTAMA KALI BUKBER DENGAN SUAMI KOREA DI OOO!!!

Semoga teman"" suka video kami kedepannya juga. 
Terima kasih :)

IG: @jdaniel1122

🎵Music provided by 브금대통령
🎵Track : 오늘도 축배를 -https://youtu.be/lgvkYH3D_RA

#koreanindonesiancouple #orangkorea #internationalcouple",2026-03-12T12:01:01Z,,24,ms,PT19M57S,2d,hd,false,1718,118,0,6,public,youtube,True,False,"https://en.wikipedia.org/wiki/Food,https://en.wikipedia.org/wiki/Lifestyle_(sociology)",https://i.ytimg.com/vi/WkpAat9sj8g/maxresdefault.jpg,thumbnails/AkangDaniel/WkpAat9sj8g.jpg
빠슐랭Barchelin,UCByHXQRqzgbygBTOM4mQz5Q,TEFkKVI-LMQ,The Sound of a Perfect Highball [ASMR],"Take a moment to relax with the crisp sounds of a perfect highball. 🥃
(완벽한 하이볼 한 잔과 함께 잠시 쉬어가는 시간 되시길 바랍니다.)

🎧 Best with headphones (ASMR)
(이어폰으로 감상하시면 더 생생한 소리를 들으실 수 있습니다.)

This video is not sponsored.


#Highball #Whisky #Bartender #Cocktail #ASMR #CocktailASMR #Satisfying #Barchelin",2026-03-27T10:00:26Z,"Highball,ASMR,Barchelin,Whiskey,Cocktail,How to make highball",26,ko,PT1M10S,2d,hd,false,220,38,0,7,public,youtube,True,False,"https://en.wikipedia.org/wiki/Food,https://en.wikipedia.org/wiki/Lifestyle_(sociology)",https://i.ytimg.com/vi/TEFkKVI-LMQ/maxresdefault.jpg,thumbnails/빠슐랭Barchelin/TEFkKVI-LMQ.jpg
벌교꼬막왕자tv,UCBxTDF8MczrQhhp1TFEv1cQ,JFFuIc4xFWE,씨 말랐다더니? 벌교에서 싹쓸이 해봤습니다.,"오늘은 벌교 갯벌에서 자연산 키조개 해루질 다녀왔습니다.

직접 뻘배를 타고 갯벌을 뒤져보니
엄청난 사이즈의 키조개들이 나왔습니다.

요즘 씨가 말랐다고 하는데
과연 벌교는 어떨지 직접 확인해봤습니다.

잡고 바로 먹는 자연산의 맛까지
끝까지 봐주세요!

👍 구독과 좋아요는 큰 힘이 됩니다

[문의 : chundeng2@naver.com]",2026-03-25T08:00:25Z,"키조개,해루질,seafood,조개잡이,갯벌체험,먹방",22,ko,PT25M42S,2d,hd,false,26240,2243,0,156,public,youtube,True,False,"https://en.wikipedia.org/wiki/Food,https://en.wikipedia.org/wiki/Hobby,https://en.wikipedia.org/wiki/Lifestyle_(sociology)",https://i.ytimg.com/vi/JFFuIc4xFWE/maxresdefault.jpg,thumbnails/벌교꼬막왕자tv/JFFuIc4xFWE.jpg
oh-pride 오프라이드 (오가나),UC8av1CNslnPQS3N08rkzzhQ,S3T18Y6Do6c,830마력 신형 페라리 12칠린드리 리얼 출고기,"안녕하세요 오프라이드 오가나입니다.
풀 영상은 유튜브 채널 ‘오늘도 오가나’에서 확인하실 수 있습니다.
구독과 좋아요 부탁드립니다.",2026-03-24T08:45:00Z,,2,ko,PT3M5S,2d,hd,false,18268,0,0,27,public,youtube,True,False,"https://en.wikipedia.org/wiki/Lifestyle_(sociology),https://en.wikipedia.org/wiki/Vehicle",https://i.ytimg.com/vi/S3T18Y6Do6c/maxresdefault.jpg,thumbnails/oh-pride오프라이드오가나/S3T18Y6Do6c.jpg
향순이TV,UCa67Zja7RwkHtD65jWs4wZw,jLteOOwmMHA,[여자낚시꾼]향순배 향어낚시대회 도장골낚시터,"#향어낚시​#향어낚시동영상​ #낚시방송​ #낚시영상​
#낚시동영상​ #낚시유튜브​ #낚시유튜버 #여조사 #향어터
#낚시하는여조사​#대물낚시​#향어낚시꾼 #Fishing #freshwater fishing #carp fishing 
#여자낚시꾼 #향어#낚시#여자낚시#민물여조자#민물여자낚시꾼",2025-06-15T01:22:11Z,"향순이,낚시터,낚시대,조황,향어,붕어,잉어,메기,쏘가리,꺽지,민물낚시,낚시,여조사,여자낚시,여자낚시인,여자낚시꾼,낚시유튜브,낚시방송,특종,경보,대박,특보,중요,뉴스,민물대,낚시터정보,낚시사랑,물반고기반,노지낚시,하우스낚시,향어낚시,붕어밖시,잉어낚시,대물,대물터,떡밥,미끼,포천낚시,양주낚시,춘천낚시,서울낚시,경기낚시,가평낚시,양어장,여자낚시유튜버,낚시유튜버,여자유튜버,여조사유튜버",17,ko,PT5M35S,2d,hd,false,656,34,0,10,public,youtube,True,False,"https://en.wikipedia.org/wiki/Hobby,https://en.wikipedia.org/wiki/Lifestyle_(sociology)",https://i.ytimg.com/vi/jLteOOwmMHA/maxresdefault.jpg,thumbnails/향순이TV/jLteOOwmMHA.jpg
방송태평양,UCZmhLlhec0rmzUN0iNt2CQA,Akv4ywyggYQ,해운대특산품전시판매장(Haeundae Specialty Products Exhibition and Sales Center),,2026-03-17T07:14:03Z,,24,ko,PT1M9S,2d,hd,false,21,0,0,0,public,youtube,True,False,,https://i.ytimg.com/vi/Akv4ywyggYQ/maxresdefault.jpg,thumbnails/방송태평양/Akv4ywyggYQ.jpg
디어루나 DearLuna,UCvV84e6p9Rd2itR1LlKc2DA,oFUXYEG6Uu0,디어루나 DearLuna 라이브 스트리밍 중,,2026-03-14T02:37:26Z,,22,ko,PT40M49S,2d,hd,false,88,10,0,0,public,youtube,True,False,https://en.wikipedia.org/wiki/Lifestyle_(sociology),https://i.ytimg.com/vi/oFUXYEG6Uu0/maxresdefault.jpg,thumbnails/디어루나DearLuna/oFUXYEG6Uu0.jpg
허인의 인과관계 (仁과관계),UC9T1tAdhIePOM8T2023_11w,MJhprp0ewCk,레몬소금으로 뭐하죠? 해산물화이트소스그라탕 ,"레몬소금 활용법 2탄, 
레몬소금과 크리미한 화이트소스가 절묘한 조화를 이루는 해산물그라탕 레시피입니다

좋아하는 해산물과 채소를 아무거나 잔뜩 넣고 만드시면 되는데요
레몬소금이 해산물과 크림소스의 맛을 어떻게 변화시키는지 체험해보세요


저는 2인분 기준으로
굴 10알 홍합 10알 백합조개 6개 새우6개 
마늘 한톨, 파슬리줄기나 셀러리 약간 
감자 1개 연근 1/2개 컬리플라워 1/6개 
숏파스타 (푸실리나 펜네, 리가테) 한줌 
밀가루 20g 버터 20g 우유 200ml 넛맥 또는 후추 약간
사용했습니다만,
집에 갖고 계신 오븐팬의 크기에 맞춰 재료의 양은 얼마든지 자유롭게 변형하셔도 다 맛있습니다.
단, 밀가루 20g 버터 20g 우유 200ml  비율은 지켜주세요. 자세한 내용은 영상에서! 


모든 재료와 도구는 직접 구입했거나 평소 두오모에서 사용하는 것입니다 

굴, 홍합은 제가 요즘 아주 반해버린 수산물 스토어 '아는어부' 싱싱스에서 구입했습니다  https://smartstore.naver.com/singsings777
그린컬리플라워 https://www.ssg.com/item/itemView.ssg?itemId=1000577829252
그린컬리플라워를 못구하실때는 보통의 흰색 컬리플라워도 물론 좋습니다",2026-03-01T13:30:19Z,,26,ko,PT8M29S,2d,hd,false,2899,130,0,7,public,youtube,True,False,"https://en.wikipedia.org/wiki/Food,https://en.wikipedia.org/wiki/Lifestyle_(sociology)",https://i.ytimg.com/vi/MJhprp0ewCk/maxresdefault.jpg,thumbnails/허인의인과관계仁과관계/MJhprp0ewCk.jpg
홀썸모먼트 Wholesome Moment,UCKYqqROHe81oOqoKeAot8QQ,RWel3TuFwp4,영양사가 말하는 유행 식단의 함정과 공통점. 수많은 식단 중 결국 살아남는 건 '이것'뿐 입니다.,"안녕하세요, 홀썸입니다. 

티토크가 벌써 13번째 시간을 맞이 하게 되었어요!
이번에 만나본 전문가는 스포츠 영양사로 활동하고 
우수한 영양학이라는 채널을 운영하고 계시는 '이호욱 (우수)' 영양사님 이십니다. 

전반적으로 잘못 알려진 영양상식, 대체당, 식단, 단백질 섭취, 이 외 다양한
요소에 대해서 재미있게 이야기 나눠 봤습니다.

여러분에게도 의미있는 시간이면 좋겠네요!

⏱️타임스탬프
00:00~00:33 미리보기
00:34~01:03 13번째 주제 '영양'
01:04~01:22 인사말
01:23~04:33 Q1. 어떻게 영양사가 되셨는지요?
04:34~08:55 Q2. 가장 많이 보시는 잘못된 영양 상식
08:56~12:40 Q3. 늘어난 대체당 섭취에 대한 생각
12:41~14:36 Q4. 어떤 이슈로 영양사님을 많이 찾아오시나요?
14:37~17:51 Q5. 여러가지 다이어트 식단을 바라보는 우수님의 생각
17:52~19:33 Q6. 수많은 식단들의 공통점
19:34~22:51 Q7. 단백질 섭취의 중요성
22:52~26:13 Q8. 단백질을 잘 챙겨 먹을 수 있는 팁
26:14~33:47 Q9. 식단 이외에 건강에 영향을 미치는 요소
33:48~35:30 Q10. 구독자들께 하고 싶은 말씀
35:31~35:50 마무리

영상이 마음에 드셨다면 구독과 좋아요! 부탁드립니다. ❤️

▪️인스타그램 Instagram: @_wholesome_moment
▪️웹사이트 Website: wholesomelife.me
▪️이메일 email: wholesomemoment23@gmail.com

Filmed by Wholesome
Edited by J

BGM: https://artlist.io",2026-03-24T11:00:45Z,#건강한음식#웰니스#wellness,22,ko,PT35M51S,2d,hd,false,3600,124,0,20,public,youtube,True,False,https://en.wikipedia.org/wiki/Health,https://i.ytimg.com/vi/RWel3TuFwp4/maxresdefault.jpg,thumbnails/홀썸모먼트WholesomeMoment/RWel3TuFwp4.jpg
조하니,UCWYTovY3DwQQOpyZO18oYHg,R0fPs6oljoY,부산 브이로그 겸 맛집 털고 다니는 일상☘️,"음원출처
https://www.youtube.com/watch?v=tPxR7npln9w

https://www.youtube.com/watch?v=tA-t_wpcqlE",2026-03-03T11:52:07Z,,22,en,PT11M8S,2d,hd,false,48436,1611,0,88,public,youtube,True,False,"https://en.wikipedia.org/wiki/Food,https://en.wikipedia.org/wiki/Lifestyle_(sociology)",https://i.ytimg.com/vi/R0fPs6oljoY/maxresdefault.jpg,thumbnails/조하니/R0fPs6oljoY.jpg
Cream Park,UCzEe1UbKuJqbZk3XCBHmUwA,t4DyhNo17iw,"버터런으로 뉴스에 나오다.. (컬렉트피시스 촬영, 신상과자 털어오기 🍪)","안녕하세요!!
요즘 다시 러닝하니까 입맛이 너무 너무 좋아서 하루종일 배가 고픈데..ㅋㅋ

뭔가 제가 과자나 젤리 먹는 것도 궁금해 하시는거 같아서
요즘 제가 맛있게 먹고 있는 과자들도 찍어봤어요!

그럼 재밌게 봐주세요 :)",2026-03-20T09:01:19Z,"#촉촉한황치즈칩,#솔티바닐라,#빼빼로,#신상과자",22,ko,PT19M47S,2d,hd,false,22676,343,0,93,public,youtube,True,False,"https://en.wikipedia.org/wiki/Food,https://en.wikipedia.org/wiki/Lifestyle_(sociology)",https://i.ytimg.com/vi/t4DyhNo17iw/maxresdefault.jpg,thumbnails/CreamPark/t4DyhNo17iw.jpg
이봉원테레비,UCiP6DC506B35Xve6M22ScAA,lf7UbcHbgpQ,테슬라로 공동묘지에 갔더니...,#이봉원 #테슬라 #공동묘지,2026-03-26T08:57:33Z,"이봉원,박미선,봉짬뽕,동사이몽,테슬라,fsd,자율주행,모델x,개그맨,이봉원테레비,이봉원의봉짬뽕,FSD업데이트,시골길자율주행,테슬라귀신,공동묘지",24,ko,PT8M5S,2d,hd,false,6812,213,0,27,public,youtube,True,False,https://en.wikipedia.org/wiki/Lifestyle_(sociology),https://i.ytimg.com/vi/lf7UbcHbgpQ/maxresdefault.jpg,thumbnails/이봉원테레비/lf7UbcHbgpQ.jpg
그린씨 greensee ,UCNG_1Ap3uAQ_nwb-WaRctUA,5Bmpvahn4rE,[이사준비] 무브먼트랩 노량진 세컨드마켓 가구투어ㅣ빈티지가구 편집샵ㅣ잭슨카멜레온 쇼파ㅣMovement lab,"#이사준비#가구투어#리퍼브가구#인테리어

𝐂𝐨𝐧𝐭𝐚𝐜𝐭 toms0907@naver.com

이사준비하면서 다녀온 무브먼트랩 세컨드마켓 가구투어영상입니다
직접 눈으로보고 가격도 비교해보고 컨디션도 꼼꼼히 체크해봤어요

잭슨카멜레온, 무니토, 오블리크테이블,바이헤이데이,매직볼트등 브랜드별 쇼파나 테이블을 리퍼브제품으로 가성비있는 가격으로 만나볼수있는 가구편집샵 무브먼드랩 노량진점입니다

여름에 이사하고 이제까지 정신없이 보내다보니 늦은영상이지만
이사를 앞두거나 신혼가구를 준비하고계신 분들께 도움이 되시길바랍니다;)",2026-03-03T12:58:42Z,,22,ko,PT8M58S,2d,hd,false,160,8,0,2,public,youtube,True,False,"https://en.wikipedia.org/wiki/Hobby,https://en.wikipedia.org/wiki/Lifestyle_(sociology)",https://i.ytimg.com/vi/5Bmpvahn4rE/maxresdefault.jpg,thumbnails/그린씨greensee/5Bmpvahn4rE.jpg
잔업tv,UCzUIL4WH-OMRXYCC32K_p0A,EC_mQjbWx0Y,#김용빈화려한무대멋진공연#관객과함께흥바람,,2026-03-02T03:46:40Z,,22,ko,PT31M41S,2d,hd,false,15148,889,0,65,public,youtube,True,False,"https://en.wikipedia.org/wiki/Music,https://en.wikipedia.org/wiki/Music_of_Asia",https://i.ytimg.com/vi/EC_mQjbWx0Y/maxresdefault.jpg,thumbnails/잔업tv/EC_mQjbWx0Y.jpg
영국남자 Korean Englishman,UCg-p3lQIqmhh7gHpyaOmOiQ,bA6GZDrge00,British Footballers Stunned by REAL Korean BBQ! 🇰🇷,"Last time, he stole the show with one thing… Kloud beer🍺🤩
So we had to bring him back.
This time, our footballers are taking on a full Korean meal!

지난번, 클라우드 맥주에 진심이었던 그 선수… 🍺🤩
결국 다시 돌아왔습니다! 이번엔 한식 풀코스로 준비해 봤습니다.",2026-03-18T12:45:53Z,"Korean,영국남자,영국,조쉬,올리,Josh,Ollie,KoreanEnglish,English,Man,englishman,food,음식,외국인,반응,영상,웃긴,남자,외국,도전,매운,조니,조엘,신부님,크리스,올리아빠,해물,치킨,삼겹살,korean,BBQ,fried,chicken,라면,불닭볶음면,미친남자,영국학생,영국고등학생,아르망,맥스,koreanfood",23,en,PT14M2S,2d,hd,false,976877,37968,0,1095,public,youtube,True,False,"https://en.wikipedia.org/wiki/Food,https://en.wikipedia.org/wiki/Lifestyle_(sociology)",https://i.ytimg.com/vi/bA6GZDrge00/maxresdefault.jpg,thumbnails/영국남자KoreanEnglishman/bA6GZDrge00.jpg
쉘위스키,UC71-L6-oKOdnXk8_6-7nNNg,PHwdRKMYvws,한국에서 못 구하는 위스키 천국 | 미국 여행 버번 탐방!,"미국 여행에서 만난 인생 위스키를 공개합니다!
미국 뉴욕 여행을 앞두고 있다면 꼭 참고하세요
스태그를 찾기 어려웠던 분들은 이 영상에서 
저렴하게 구할 수 있는 리쿼샵을 소개합니다 :) 

#위스키 #버번 #스태그 #위스키트렌드
#위스키추천 #버번위스키 #위스키입문 #위스키정보
#쉘위스키 #whisky #whiskey

📍쉘위스키 네이버 카페 : https://cafe.naver.com/shallwhisky
📍쉘위스키 인스타그램 https://www.instagram.com/shallwhisky 

영상속에 나온 블로그를 참고하세요! 
https://blog.naver.com/bomd85/224176887541",2026-03-28T03:00:49Z,"yt:cc=on,스태그,미국여행,버번,위스키,뉴욕,뉴욕리쿼샵,뉴욕여행,whisky,58wine",26,ko,PT10M48S,2d,hd,true,345,14,0,4,public,youtube,True,False,https://en.wikipedia.org/wiki/Lifestyle_(sociology),https://i.ytimg.com/vi/PHwdRKMYvws/maxresdefault.jpg,thumbnails/쉘위스키/PHwdRKMYvws.jpg
뿜니버스,UCT9jz_2nJkrFIBs2L6LVfRA,BJfmxRtad_0,버터떡?! 제 점수는요…,"버터떡 보다는 찹쌀떡🤣


💬뿜이네생각💬
https://youtube.com/playlist?list=PLcazg-njEj2SzS37WSA9g8uzj64DWJn-r&si=2ayUjxlQ-zvTac7G

😍우당탕탕 뿜선생님의 요리 교실😁
https://youtube.com/playlist?list=PLcazg-njEj2RdlhSiKzvLJeeID22ItsRV&si=G86mFKDnW7crvcY4

👻우당탕탕 뿜이로그
https://youtube.com/playlist?list=PLcazg-njEj2R15HC9BpFZ0hm_7Xj6hGJl&si=8zO-TssU3aSJdpCh

#뿜니버스 #신혼부부 #버터떡",2026-03-25T13:00:18Z,"신혼부부,신혼부부 브이로그,일상브이로그,뿜니버스,먹방브이로그,브이로그,먹방 브이로그,커플 브이로그,뿜이,요리 브이로그,버터떡",24,ko,PT9M12S,2d,hd,false,7180,187,0,64,public,youtube,True,False,"https://en.wikipedia.org/wiki/Food,https://en.wikipedia.org/wiki/Lifestyle_(sociology)",https://i.ytimg.com/vi/BJfmxRtad_0/maxresdefault.jpg,thumbnails/뿜니버스/BJfmxRtad_0.jpg
키키키,UCHP6w2IkxZ84eQ2FCGa2ZlQ,0jqSyLrmWM8,"반대 남녀 모음집 (모텔, 바퀴벌레 잡아줘, 라면 먹을래, 한번만 하자)","#반대남녀 #코미디 #키키키 #스케치코미디 #먹방

비즈니스
shotcomedy1@gmail.com",2026-03-21T07:30:01Z,"180초,하이픽션,웃기시네,웃고리즘,숏박스,구혜리,먹방,mukbang,와큐먹방,먹케치,구혜리먹방,혜리먹방,와큐,맵하니,상여자들,매운먹방,쯔양",24,ko,PT12M23S,2d,hd,false,3395,143,0,24,public,youtube,True,False,https://en.wikipedia.org/wiki/Lifestyle_(sociology),https://i.ytimg.com/vi/0jqSyLrmWM8/maxresdefault.jpg,thumbnails/키키키/0jqSyLrmWM8.jpg
징글징글 생물가족,UC8cS0b_5Hk5hfPEyv-XFD2g,YNgAycDaSF4,너무 맛있는 나사이...역대 급 봄나물!,매화 필 무렵 늦기 전에 꼭 먹어보세요,2026-03-08T03:57:48Z,"좁쌀냉이,황새냉이,냉이,봄나물,돼지고기겉절이,봄나물겉절이,엄마와봄나물,나사이,냉이방언,냉이사투리,주말농장,농장,봄제철음식,쑥국,냉이된장국,냉이겉저리,냉이효능,봄나물캐기",22,ko,PT11M51S,2d,hd,false,30601,627,0,49,public,youtube,False,False,"https://en.wikipedia.org/wiki/Food,https://en.wikipedia.org/wiki/Lifestyle_(sociology)",https://i.ytimg.com/vi/YNgAycDaSF4/maxresdefault.jpg,thumbnails/징글징글생물가족/YNgAycDaSF4.jpg
예나러브 [Jun & Yena],UClCc-FOXA9xgBUz6HOQ8baA,BdcXcdGuqPQ,난생처음 솥뚜껑에 구운 김치 삼겹살 맛보더니 바로 다이어트 포기하는 외국인 아내와 처형ㅋㅋ,"❤예나러브❤ 구독자 전용 초특가 비밀링크 👉 https://rebrand.ly/9oiykmi
✔단 7일 동안만 진행하는 초특가 할인 이벤트 (3/26~4/1)
✔쿠폰까지 알뜰하게! 최대 62% 할인

🎁[예나러브SET] 추천 - 허리편한케어 V2 + 목편한케어 플라잉
✔5만원 상당 마그네슘 시너지 크림 증정!
✔뭉친 목어깨부터 허리까지 한 방에 시원~하게 풀어줘요 💪

시청해주셔서 감사합니다~^^

📧e-mail 
jskat1298@gmail.com


🎵Music provided by 브금대통령
🎵Track : Confusing Road - https://www.youtube.com/watch?v=ydPppyQQdPc
🎵Track : Ready To Nap - https://www.youtube.com/watch?v=UZE2a9gTsDk
🎵Track : 그 빵은 내꺼야 - https://www.youtube.com/watch?v=Jyh4ETOLIhQ
🎵Track : 뒤뚱뒤뚱 - https://www.youtube.com/watch?v=X_88SH4Z_CQ

#국제부부 #국제커플 #삼겹살",2026-03-26T10:30:14Z,"국제부부,국제커플,외국인반응,해외반응,삼겹살 먹방,외국인 먹방,외국인 반응,해외 반응,솥뚜껑 삼겹살,한식",22,ko,PT17M58S,2d,hd,false,110135,8477,0,280,public,youtube,True,False,"https://en.wikipedia.org/wiki/Food,https://en.wikipedia.org/wiki/Lifestyle_(sociology)",https://i.ytimg.com/vi/BdcXcdGuqPQ/maxresdefault.jpg,thumbnails/예나러브JunYena/BdcXcdGuqPQ.jpg
우리집오늘의요리,UCA2Aoj5nHJcBukGWLMccK7Q,8S_KW1dEipc,"건강 우엉 반찬 2가지✅우엉, 볶거나 조리지 마세요! 소화가 잘 되는 참깨우엉무침 들깨우엉무침 | 면역력강화✦항산화✦해독✦혈당조절✦장건강강 우엉 반찬 2가지","0:18 참깨 우엉 무침
2:47 들깨 우엉 무침

우엉을 볶거나 조리지 않고 찜으로 조리해 만드는 건강한 우엉 무침 2가지입니다.
참깨 양념과 들깨 양념 두 가지 방법으로 만들어 고소하면서도 담백하게 즐길 수 있는 반찬입니다.

우엉은 식이섬유가 풍부한 채소로 장 건강과 소화에 도움이 되는 식재료입니다.
채 썬 우엉을 찜기에 쪄서 사용하면 기름을 사용하지 않아 볶음보다 담백하고, 조림보다 나트륨 부담이 적은 조리법입니다.

또한 우엉을 찌면 섬유질이 부드러워져 식감이 좋아지고 양념도 잘 어우러집니다.
참깨 무침은 고소하고 새콤달콤한 맛으로,
들깨 무침은 부드럽고 고소한 풍미로 즐길 수 있습니다.

입맛이 없을 때 입맛을 살려주는 건강 반찬으로 추천드립니다.
냉장 보관하면 3~4일 정도 두고 먹기 좋은 밑반찬입니다.

[참깨 우엉 무침]
▶ 재료
우엉 150g

- 양념-
진간장 2큰술
식초 1½ 큰술
미림 1 큰술
원당 2 큰술
참깨 5큰술

큰술=테이블스푼(계량수저)=Tbsp / 15ml
작은술=티스푼(계량수저)=tsp / 5ml

▶ 조리 순서
1. 우엉은 깨끗이 씻어 흙을 제거합니다.
2. 채칼이나 칼로 약 4~5mm 두께로 채 썰어줍니다.
3. 김이 오른 찜기에 넣어 약 15분 정도 쪄줍니다.
4. 찐 우엉은 꺼내 한 김 식혀주세요.
5. 진간장, 식초, 미림, 원당으로 양념을 만듭니다.
6. 참깨를 곱게 갈아 준비합니다.
7. 식힌 우엉에 양념을 넣어 가볍게 버무립니다.
8. 갈아 둔 참깨가루를 넣고 골고루 버무립니다.
9. 두었다 드실 때는 가볍게 한번 섞어 드세요.

※ 당이 부담되시면 알룰로스나 스테비아 같은 대체당으로 만들어보세요.

[들깨 우엉 무침]
▶ 재료
우엉 150g
깻잎 5장

- 양념 -
국간장 2작은술
들기름 2큰술
들깨가루 3큰술
마요네즈 1작은술
다진 마늘 1작은술

큰술=테이블스푼(계량수저)=Tbsp / 15ml
작은술=티스푼(계량수저)=tsp / 5ml

▶ 조리 순서
1. 우엉은 깨끗이 씻어 흙을 제거합니다.
2. 채칼이나 칼로 약 4~5mm 두께로 채 썰어줍니다.
3. 김이 오른 찜기에 넣어 약 15분 정도 쪄줍니다.
4. 찐 우엉은 꺼내 한 김 식혀주세요.
5. 깻잎을 잘게 썰어 준비합니다.
6. 국간장, 들기름, 들깨가루, 마요네즈, 다진 마늘로 양념을 만듭니다.
7. 식힌 우엉에 양념을 넣어 가볍게 버무립니다.
8. 깻잎을 넣고 가볍게 버무립니다.
9. 통 들깨도 곁들이면 더 고소하게 즐기실 수 있습니다.

※ 부족한 간은 소금으로 맞춰주세요.

#우엉조림 #우엉무침 #건강반찬
우엉 조림 맛있게 만드는 법, 우엉조림 맛있게 하는법, 반찬만들기, 밑반찬종류 만들기, 건강한 반찬, 제철반찬, 반찬종류, 밑반찬 만들기, 우엉 샐러드, 우리집오늘의요리, 오늘의요리, 우리집 오늘의요리, 우엉, 우엉반찬, 우엉 요리, 우엉찜, 건강요리, 
식이섬유 많은 음식, 변비, 우엉나물, 소화가 잘 되는 반찬",2026-03-15T04:42:27Z,,26,ko,PT5M10S,2d,hd,true,4384,148,0,9,public,youtube,True,False,"https://en.wikipedia.org/wiki/Food,https://en.wikipedia.org/wiki/Lifestyle_(sociology)",https://i.ytimg.com/vi/8S_KW1dEipc/maxresdefault.jpg,thumbnails/우리집오늘의요리/8S_KW1dEipc.jpg
단미라탄,UC55_tv0_KXXslNlXGHlWxSQ,blUSufbfgvk,[단미라탄] 복조리 만들기,,2026-01-21T23:57:36Z,,22,ko,PT26M56S,2d,hd,false,483,26,0,4,public,youtube,True,False,"https://en.wikipedia.org/wiki/Hobby,https://en.wikipedia.org/wiki/Lifestyle_(sociology)",https://i.ytimg.com/vi/blUSufbfgvk/maxresdefault.jpg,thumbnails/단미라탄/blUSufbfgvk.jpg
김군과친구들 Kim & Friends,UC0Vsfjmnz3ruCpSq3iQnKfA,UNX5gho2BoQ,인생 첫 한식에 충격이 큰 인도여자 🇳🇵,"예전 이별 후 힐링하러 네팔 갔을때 영상입니다.
영상들이 많이 늦어 죄송합니다!

------------------------------------------------

✨️ 친구들 맛난거 후원하기 ✨️
- 친구들에게 모든 가이드를 무료로 진행 하고 있습니다. 
- 다른 일을 하며 현재는 유튜브를 취미로 진행 중 이라 영상이 늦을 수 있답니다.
- 구독자님들의 후원은 제가 가이드를 계속 할 수 있는 큰 힘이 된답니다 :)
*(후원금은 모두 친구들과의 가이드 비용으로 사용 됩니다)*
【멤버쉽】 유튜브 멤버쉽 가입으로 김군 채널 정기 후원
【계좌】 하나은행 743-910006-67305 김*구 
*후원 후 이메일로도 알려주시면 감사의 인사 드리겠습니다 ^^*

------------------------------------------------

*[영상 시청 시 참고 할 점]*
영상은 친구들에게 한국을 보여주는 제 일상을 유튜브에 담은 것 뿐 입니다.
제가 전문 가이드는 아니라 가끔은 한국에 대한 설명도 부족 할 수 있고, 
또한, 억지스러운 리액션 유도 방송이 아니라 가끔은 재미가 없을 수도 있어요~
이런 점 참고 하고 시청 부탁드려요 ^^

또한, 아래 글들은 차단 될 수 있으니 참고 부탁드려요!
- 지나친 정치 이야기
- 지나친 지적 질(한글, 영어, 역사, 말투, 등)
- 외모 비방 

------------------------------------------------

이 영상은 뮤팟에서 제공한 음원 소스를 사용했습니다.
달콤한 휴식 시간 - Download: mewc.at/songs/9733
초봄에 고개 내민 새싹 - Download: mewc.at/songs/6365
장난감 마을 - Download: mewc.at/songs/6087
나는야 개구쟁이 - Download: mewc.at/songs/9731
Slowlife (Full Version) - Download: mewc.at/songs/6153
🎫 추천인 코드: mewc.at/ref/i7jn
위의 URL을 통해 구독하시면 2개월 추가 혜택! 저와 함께 뮤팟 혜택을 받아요~🎁

📧Email: annyeong.hanguk.official@gmail.com

#한국음식 #외국인반응 #한국",2026-03-11T10:48:18Z,"안녕 한국,외국인 반응,한국 여행,한식,한국음식,외국인",19,ko,PT13M40S,2d,hd,false,5942,426,0,13,public,youtube,True,False,"https://en.wikipedia.org/wiki/Food,https://en.wikipedia.org/wiki/Lifestyle_(sociology)",https://i.ytimg.com/vi/UNX5gho2BoQ/maxresdefault.jpg,thumbnails/김군과친구들KimFriends/UNX5gho2BoQ.jpg
김치빌더,UC6fgwVZ9e_tm0tPxQIVei2g,R3S0H1phAEs,김치빌더-(김일홍 선생님의 오겹살전)편 대한민국 조리기능장 레시피 지식공유!!,"#오겹살 요리#오겹살#오겹살 수육#오겹살 에어프라이어#오겹살 먹방#오겹살 제육볶늠#오겹살 굽기#오겹살 김치찌개#오겹살 숩기#오겹살 김치찌개#오겹살 김치찜#오겹살 삼겹살 차이#삼겹살 먹방#삼겹살 에어프라이어#삼겹살 요리#삼겹살 제육볶음#삼겹살 수육#삼겹살 김치찌개#삼겹살 김치찜#삼겹살 덮밥#오겹살 김치찌개









#여름배추김치#여름김장김치#장김치#장김치 레시피
#김치빌더 김장김치#김치빌더 파김치#김치빌더 열무김치#김치빌더 겉절이#김치빌더 오이소박이#김치빌더 동치미#김치빌더 장김치#김치빌더 오이지#김치빌더 열무김치 맛있게 담는법









#시금치무침#시금치된장국#시금치요리#시금치나물#리음티#시금치파스타#시금차캰#시금차국 맛있게 끓이는법#시금치무침 만드는법#시금치무침 만드는법#시금치볶움#시금치국#열무김치#열무비빔국수#열무얼갈이김치#열무물김치#열무김치 레시피#열무김치 맛있게 담그는법#열무김치 황금레시피#열무김치#열무김치볶음#열무비빔밥#열무비빔밥 레시피#열무김치 초간단 레시피#열무김치 조림#김치#김치볶음밥#김치 만드는법#김치찌개 끓이는법#맛있는김치 담그는법#김치말이 국수#김치 만들기#김치 담그기#김치#김치찌개#김치국수#김치볶음밥#열무물김치#열무김치#열무김치 맛있게 담는법#열무얼갈이김치 담그는법#열무비빔국수#열무물김치 맛있게담그는법#열무국수#시원한 열무김치 만드는법
김치 담그기 황금 레시피 #김장김치속 활용법# 열무김치맛나게 담는법#대박집 레시피#맛김치담그는법#김치국 맛있게 끓이는법#김치 신김치로 만들기#배추포기김치 담는법#고수김치 레시피
#열무물김치#열무물김치 담그는법#열무물김치 맛있게 담는법#열무물국수#열무물김치담그는법#열무물김치 황금레시피#열무물냉면#열무물김치 맛있게 담는법 김대석#열무물김치 맛있게 담는법 비룡#열무물김치 맛있게 담는법


#동네한바퀴#6시내고향#생생정보통#알토란#아침마당#동네한바퀴#절임배추#해남절임배추#수요미식회#한식대첩#
#동치미#동치미 맛있게담그는법#동치미국수#동치미 물김치 담그는법#동치미 물국수#동치미김치#동치미김치말이국수#동치미 황금레시피#동치미국물 효능#동치미국물#동치미국물만들기#동치미국물활용법#배추겉절이 맛있게 감그는법#배추겉절아#배추겉절이 황금레시피#배추겉절이 영념#배추겉절이 담그는법#배추겉절이 절이기#배추겉절이 백종원#대아농원#조리기능장#쉐프#6시내고향#동네한바퀴
#시래기된장국#시래기무침#시래기지짐#알토란 시래기지짐이#시래기지짐 레시피#김수미 시래기지짐#단배추된장국#돼지고기 시래기 된장국#배추시래기된장국#시래기된장무침#시래기삶는법#무청된장국#시래기국밥#김수미 시래기된장국#시래기된장찌개#사골시래기된장국#시래기나물볶음#펀치볼 시래기#시래기국 맛있게 끓이는법#시래기고등어조림#시래기감자탕#시래기국#시래기밥#과메기
#꽈리고추조림#꽈리고추#꽈리고추 무침#꽈리고추멸치조림#꽈리고추 어묵볶음#꽈리고추볶음 맛있게 만드는법#고춧잎볶음#노지꽈리고추#메주콩심는시기#메주#메주담그는방법#된장찌개#된장찌개 맛있게 끓이는 방법#된장찌개 레시피#된장국#된장술밥#됨장담그는방법#고추장담그는법#고추장볶음#고추장만들기#간장계란밥#간장게장#청국장찌개 맛있게 끓이는법#청국장 끓이기#청국장띄우는법#청국장효능#청국장 맛있게 끓이는 법#청국장맛있게끓이는 방법#청국장찌개#청국장가루#재래식된장#재래식된장 추천#재래식 고추장
#메주콩심는시기#메주#메주담그는방법#된장찌개#된장찌개 맛있게 끓이는 방법#된장찌개 레시피#된장국#된장술밥#됨장담그는방법#고추장담그는법#고추장볶음#고추장만들기#간장계란밥#간장게장#청국장찌개 맛있게 끓이는법#청국장 끓이기#청국장띄우는법#청국장효능#청국장 맛있게 끓이는 법#청국장맛있게끓이는 방법#청국장찌개#청국장가루#재래식된장#재래식된장 추천#재래식 고추장 담그는법#재래식간장#재래식고추장#정들콩#강화도맛집#강화도맛집 청국장#장단콩 효능#
#홍산마늘#올마늘#의성마늘#의성맛집#마늘쫑 레시피#마늘쫑#마늘쫑 맛있게 만드는법#마늘요리#마늘쫑 짱아찌#맛집#새우젓#열무김치#열무김치 맛있게담그는법#열무김치 국수#열무김치볶음#열무김치#김치빌더#김치빌더김명희#김치빌더 열무김치#김치빌더 김장김치#김치빌더 동치미#김치빌더 겉절이#김치빌더 오이소박이#김치빌더 김치#김치빌더 파김치#김치빌더오이지 비빔밥#열무물냉면#열무김치담그는법#열무김치요리#열무#koreanfood#밥도둑#초보주부#새댁#집밥#자취생#ASMR#겉절이#겉절이담그는법#겉절이맛있게담그는법#겉절이양념#겉절이레시피#겉절이만들기#겉절이김치만드는법#겉절이만들기#겉절이김치#김장김치#배추김치#김장김치레시피#파김치#파김치맛있게담그는법#파김치요리#파전#파김치담그는법#파김치레시피#요리#주말#취미#한식파김치초간단레시피#모든김치#열무김치#오이소박이#총각김치#동치미#대파김치#깍두기무생채#시골집밥#구수한된장국#호박볶음#멸치볶음#시레기#조기된장국#요리맛있게하는법#김장김치#수육#김장김치맛있게담그는법#김치요리#파김치담그는법",2026-03-15T07:16:05Z,,22,ko,PT10M29S,2d,hd,false,103,4,0,0,public,youtube,True,False,"https://en.wikipedia.org/wiki/Food,https://en.wikipedia.org/wiki/Lifestyle_(sociology)",https://i.ytimg.com/vi/R3S0H1phAEs/maxresdefault.jpg,thumbnails/김치빌더/R3S0H1phAEs.jpg
스트릿TV,UCBztIYIgMyDd0wBTP0meL5Q,TWJR25bV8zg,[ 필수영상 ] 나스닥&비트코인 대위기ON,"#비트코인 #차트분석 #SHORTS

📣 [STREET's comment]
이번 영상은 멤바십 없이 전체공개로 하였읍니다 형님덜

✅ Street Link Tree
: https://linktr.ee/YoutubeStreetTV

 👉 Contact Us via Telegram
Telegram : t.me/Youtube_StreetTV

🎵 Music - 브금대통령
🎵 Track  - Saturday Night
🎵  Link   -  https://www.youtube.com/watch?v=HeDXb9g2w3c

⚠️Notice on Virtual Asset Trading⚠️
1. Virtual assets are not legal tender and are not government-guaranteed.

2. Trading involves high volatility and a significant risk of loss; please exercise caution.

3. All investment decisions and results are the sole responsibility of the participant.

4. Illegal activities (e.g., credit card misuse, using borrowed-name accounts) are strictly prohibited.",2026-03-28T01:59:05Z,"비트코인,리플,이오스,비트코인캐시,비트코인에스브이,라이트코인,스텔라루멘,트론,이더리움,이더리움클래식,에이다,체인링크,BTC,XRP,EOS,BCH,BSV,LTC,XLM,TRX,ETH,ETC,ADA,LINK,가상화폐,암호화폐,투자,폴카닷,DOT,비체인,VET,쎄타토큰,THETA,쎄타퓨엘,TFUEL,쿼크체인,앵커,칠리즈,픽셀,샌드박스,스와이프,QKC,PXL,CHZ,ANKR,카바,KAVA,XEM,엔진코인,ENJ,NFT,DEFI,도지코인,DOGE,비트토렌트,BTT,MED,메디블록,ORBS,오브스,오뽀가디언,큰형님코인,코인탐정사무소,슈콘,교수점쟁이,코박토큰,퀴즈톡,람다,엔도르,알파쿼크,메탈,모스코인,피르마체인,썸씽,플레이댑,밀크,휴먼스케이프,센티넬프로토콜,아하토큰,메타디움,아이콘,보라,페이코인,도지,업비트,빗썸,거래소,#스트릿tv,#streettv",24,ko,PT30M16S,2d,hd,false,831,15,0,10,public,youtube,True,False,,https://i.ytimg.com/vi/TWJR25bV8zg/maxresdefault.jpg,thumbnails/스트릿TV/TWJR25bV8zg.jpg
숲PRO-TV,UC9Lbvm-2Bk9oMdo-wMwfmMw,PqiNzoljF80,달나라 계수나무의 정체는?,"#계수나무 #목서 #육계나무
한자 '桂(계)'라는 글자 속에 숨겨진 세 가지 나무의 정체부터, 일본어 번역이 만든 기막힌 이름의 유래, 그리고 달나라 오강 전설의 진짜 주인공까지! '나무'를 통해 읽어보는 흥미진진한 역사와 문화 이야기를 지금 바로 만나보세요.

★숲프로TV 구독하기 https://www.youtube.com/@horim?sub_confirmation=1 

★추천 동영상
https://youtu.be/zUEfa6adMPk
https://youtu.be/7aWAND5AiHM
https://youtu.be/4irLwYyKWB8
https://youtu.be/ZGoWNKRQ1tw
https://youtu.be/qVufu1rXQ10
https://youtu.be/F58gUmpkjE0
https://youtu.be/pxHGFLbUr7E
https://youtu.be/Rrt_6YyMjFA
https://youtu.be/I9HyJb7knQQ

▶숲연구가 황호림 박사의 블로그 https://blog.naver.com/easyjava
▶숲연구가 황호림 박사의 페이스북 https://www.facebook.com/soupro",2026-03-18T23:21:15Z,"황호림,들꽃,야생화,나무,숲,숲이야기,멸종위기식물,Albizia_kalkora,나무이야기,희귀식물,난대숲,상록수,난대수,정원수,보호수,천연기념물,광주천,숲프로,숲PRO,원림,상록활엽수,왕자귀나무,봄나물,민속식물,나물정보,힐링,healing,목재,wood,garden,동북아숲문화원,나물,forest,나무나물,멸종위기종,정원가꾸기,나무 이름 유래,황호림 시집,전통산림정보지식,AI음악,숲에 가면 나도 시인,장아찌,금목서,계수나무,육계나무",27,ko,PT5M19S,2d,hd,false,651,59,0,8,public,youtube,True,False,https://en.wikipedia.org/wiki/Lifestyle_(sociology),https://i.ytimg.com/vi/PqiNzoljF80/maxresdefault.jpg,thumbnails/숲PRO-TV/PqiNzoljF80.jpg
요알남MingStar,UC26Cjrx8qycmKWCcLVMBylw,JP0WFd9DRVc,탱글함이 살아있는 주꾸미볶음 양념 비법,"#주꾸미볶음 #주꾸미레시피 #주꾸미반찬

낙지볶음보다 더 맛있다고?  주꾸미볶음의 황금 양념 비율과 볶는 순서의 모든 노하우 가져가세요.

* 재료  * 

주꾸미 300g, 밀가루 1숟가락, 양파 1/2개, 대파 1/2대, 청주 1숟가락

*양념*

굵은 고춧가루 3숟가락, 고추자 1숟가락, 참치액 1숟가락, 진간장 1숟가락, 다진 마늘 1숟가락, 올리고당 2숟가락, 맛술 1숟가락, 후춧가루 조금

*만드는 법*
1. 주꾸미를 준비한다.
2. 주꾸미의 머리 부분은 잘라준다.
3. 자른 머리는 뒤집어서 내장을 제거한다.
4. 다리 가운데 이빨을 제거한다.
5. 손질한 주꾸미에 밀가루를 넣고 문질러 준다.
6. 밀가루를 묻힌 주꾸미는 깨끗한 물에 2~3회 씻는다.
7. 양파는 채 썬다.
8. 대파는 3~4cm 길이로 자른다.
9. 굵은 고춧가루, 고추장, 참치액, 진간장, 다진 마늘, 올리고당, 맛술, 후춧가루를 넣고 양념을 만든다.
10. 끓는 물에 청주를 넣고 주꾸미를 10초 데친다.
11. 데친 주꾸미는 찬물에 씻어 준다.
12. 팬에 기름을 두르고 양파, 대파를 넣고 센 불로 볶는다.
13. 야채의 향이 나면 주꾸미, 양념을 넣고 센 불로 볶는다.

*이 영상의 다운로드 및 2차 편집을 금지합니다.*
* 2026 by 요알남 MingStar. All rights are reserved.*",2026-03-26T00:49:05Z,"주꾸미볶음,주꾸미볶음 양념,주꾸미볶음 레시피,주꾸미볶음 만들기,주꾸미야채볶음,쭈꾸미볶음 요리,간단 쭈꾸미볶음,쭈꾸미 볶음,초간단 쭈꾸미볶음,주꾸미요리,쭈꾸미 볶음 만드는 법,쭈꾸미 볶음 만들기,쭈꾸미 레시피,쭈꾸미양념,간단한 쭈꾸미볶음",26,ko,PT2M,2d,hd,false,73,7,0,1,public,youtube,True,False,"https://en.wikipedia.org/wiki/Food,https://en.wikipedia.org/wiki/Lifestyle_(sociology)",https://i.ytimg.com/vi/JP0WFd9DRVc/maxresdefault.jpg,thumbnails/요알남MingStar/JP0WFd9DRVc.jpg
댝생,UCkcunEvzAxmlaLew-S3PlAw,MLK05HCYjJY,뭐해? 헌터시험 보러 가야지 !,"취업? 결혼? 시험? 무슨 소리 하는 거야... 헌터 시험 보러 가야지 !
@youjunglan 





#hunterxhunter #cosplay #헌터헌터 #관악산 #등산",2026-02-25T11:00:43Z,"헌터헌터,코스프레,곤 코스프레,키르아 코스프레,헌터헌터 코스프레,등산,관악산 등산,관악산,hunterxhunter,killua,gon,cosplay,korea,브이로그,코스프레 브이로그,등산 브이로그",24,ko,PT9M58S,2d,hd,false,111545,4284,0,529,public,youtube,True,False,"https://en.wikipedia.org/wiki/Hobby,https://en.wikipedia.org/wiki/Lifestyle_(sociology)",https://i.ytimg.com/vi/MLK05HCYjJY/hqdefault.jpg,thumbnails/댝생/MLK05HCYjJY.jpg
Hanbit Cho,UCq6EbtLtwyF9ONFBqIkR4yw,w6Y35m3ObX4,Shall We Fall in Love? - Hanbit Cho | Original Piece by Hanbit Cho🎹,"Shall We Fall in Love? - Hanbit Cho
📖Hanbit's Original
🎹Keyboard Kurzweil MPS M1

This is my second piano single, released in 2014. 

================

★Online Class★
https://hanbitcho.com/product

-------------------------------
★My Ingredients★
Dark Couverture Chocolate: https://amzn.to/3nmcJxJ
White Couverture Chocolate: https://amzn.to/3Gf8zQU
Valhrona Cocoa Powder: https://amzn.to/3lPdvnc 
Snow Sugar: https://amzn.to/2Znp7p5
Ghirardelli Chocolate Sauce: https://amzn.to/3DNN1J5

★My Equipments★
Madeleine/Financier/Baton Pans:
◽️ Shopee: https://litt.ly/hanbitcho
◽️ Non-Shopee countries: https://bit.ly/476BROn
Oven: UNOX Bakerlux Shop.Pro Convection oven
Handmixer: Luxel or Tornado Standmixer: KitchenAid 5 Qrt Bowl-Lift or Kenwood 7 Qrt (https://amzn.to/3hSMblB)
Silicone Mat: https://amzn.to/3olzHJK
Perforated Silicone Mat (Mesh): https://amzn.to/3ollr3W
Hand Blender: Braun MQ 7035X (https://amzn.to/3nWy3Mj)
Food Processor: Hanil (https://amzn.to/2XNxWYg)
Stand Blender: Vitamix QuietOne (https://amzn.to/3nTtBxK)
Stainless Steel Whisk: https://amzn.to/43ca8JV
Infrared Thermometer: https://amzn.to/3hW52fS
Leveling Bar: Not the same levelling bar as mine but closest I could find: https://amzn.to/3zwAHu4
Zester: Microplane (https://amzn.to/3EGD9Ck)
Whisk: Matfer
◽️ Shopee: https://litt.ly/hanbitcho
◽️ Non-Shopee countries: https://bit.ly/476BROn

---------------------------------------------------

★ABOUT ME★
Hi! I’m Hanbit, professional pastry chef and CEO of Sugar Lane Baking Academy based in Seoul, Korea. Funny enough, my background had nothing to do with baking - far from it. I studied mathematics at university and then worked in finance, strategy consulting and IT. Then one day in 2018, I quit my job and enrolled at a pastry school. I have loved it ever since!

As my story suggests, I really enjoy being a pastry chef and I am keen to share the joy of baking with as many people as possible. Baking can seem daunting at first but as long as you take it step-by-step anyone can do it - even someone with no baking background like myself managed to become a professional pastry chef!

I'll try my best to include detailed explanations and tips in my recipes so that you will be able to bake amazing desserts. I aim to create videos that can be enjoyed by people at all levels - those who bake for fun as well as those who want to get more serious.
 
★Instagram★
@sugarlane.korea

★Online Courses★
https://hanbitcho.com/

#piano #pastry #hanbitcho #sugarlane",2026-03-22T05:02:04Z,,26,en,PT4M33S,2d,hd,false,1868,175,0,50,public,youtube,True,False,"https://en.wikipedia.org/wiki/Classical_music,https://en.wikipedia.org/wiki/Music",https://i.ytimg.com/vi/w6Y35m3ObX4/maxresdefault.jpg,thumbnails/HanbitCho/w6Y35m3ObX4.jpg
식경이 SikKyung,UCPqJqF3DUyUN4842x_0xAxA,Gtu0o_6BU6U,짜파게티와 파김치를 밀어 넣을 때 행복함은 이루 말할 수 없습니다.,"#짜파게티먹방 #짜계치 #짜계치먹방 #파김치먹방 #파김치 #라밥 #리얼먹방 #리얼리티 #소울푸드 #꿀조합 #리얼먹방 #쌀밥 #밥도둑 #밥도둑반찬 #고봉밥 #대접밥 #먹방 #김치 #김치먹방 #집밥 #집밥먹방 #한식 #한식먹방 #요리먹방 #egg #rice #noodles #asmr #mukbang #cooking #koreanfood #kimchI #eatingshow #eatingsounds 

안녕하세요 식경입니다!!
오늘도 영상 시청해주셔서 감사합니다!!!

Email : asdasd9246@naver.com",2026-03-26T07:30:05Z,,22,ko,PT8M23S,2d,hd,false,10877,723,0,29,public,youtube,True,False,"https://en.wikipedia.org/wiki/Food,https://en.wikipedia.org/wiki/Lifestyle_(sociology)",https://i.ytimg.com/vi/Gtu0o_6BU6U/maxresdefault.jpg,thumbnails/식경이SikKyung/Gtu0o_6BU6U.jpg
pawnkueen,UCHeOWAltKaWFUaGmRbepttg,a90NqznnKxU,Hidden Gem | Korea's Hidden Rose Factory - Inside Gyeonggi's Flower Research Center,"Big thanks to @경기도농업기술원  for the invite!

#koreanstyle #travelkorea #hiddengemskorea #koreanstyle #koreanlanguage #korean #rose #rosegarden",2026-03-20T02:45:00Z,"korea roses,korean roses,rose lab korea,korean agriculture,rose varieties,lab grown rose,flower farm korea,kore flower industry,how roses are made,flower science,plant research lab,agriculture technology,plant breeding,flower innovation,how flowers are grown,greenhouse flowers,korea travel,south korea vlog,unique places in korea,korea experience,life in korea,korea culture,꽃길만 걷자,satisfying video,thornless rose,beautiful roses",24,en,PT3M51S,2d,hd,true,288,15,0,14,public,youtube,True,False,https://en.wikipedia.org/wiki/Lifestyle_(sociology),https://i.ytimg.com/vi/a90NqznnKxU/maxresdefault.jpg,thumbnails/pawnkueen/a90NqznnKxU.jpg
미소miso,UCdmd8CgMCO6kxngzjTBRn0g,8xFTQy45TCk,"두쫀쿠 막차 타기ㅣ녹쫀쿠, 흑쫀쿠, 두바이 쫀득빵, 마라탕, 김치찜, 햅쌀와플, 로투스 와플, 연어회, 포케","insta @miso109kgg
문의 miso@sandboxnetwork.net

#먹방 #먹방브이로그 #일상 

00:00 [이웃집 통통이] 두바이 쫀득빵, 두쫀쿠🍫
3:39 [탕화쿵푸]마라탕+맥주❤️‍🔥
7:47 김치찜🔥
12:48 [카페인중독] 햅쌀와플, 로투스와플🧇
17:26 연어회, 타코야끼🍣
22:01 [그리너] 우삼겹 포케🥗",2026-03-21T09:00:50Z,,22,ko,PT24M49S,2d,hd,false,38909,297,0,81,public,youtube,True,False,"https://en.wikipedia.org/wiki/Food,https://en.wikipedia.org/wiki/Lifestyle_(sociology)",https://i.ytimg.com/vi/8xFTQy45TCk/maxresdefault.jpg,thumbnails/미소miso/8xFTQy45TCk.jpg
올댓스위츠,UCGXCbmJGjymzkJ_cuXocniA,9_tTWaDJT9s,봄을 담은 쿠키박스 🌸 선물용 8가지 쿠키 만들기 | Spring Cookie Box,"#쿠키박스만들기 #쿠키박스 #쿠키만들기 #벚꽃쿠키만들기 #선물용쿠키만들기

봄 느낌 가득 담은 쿠키박스를 만들어봤어요.

이번 영상은 꽤 오래 준비했는데
촬영과 편집이 생각보다 길어졌어요 ㅠ.ㅜ
그 사이에 날씨가 많이 따뜻해져서 (🤣🤣)
지금 시기에 잘 어울리는 영상이 된 것 같아 기분이 좋네요ㅎㅎ

봄에 어울리는 식감, 모양, 맛을 기준으로
쿠키 구성을 잡아봤어요
레시피는 아래에 정리해둘게요

소개해드린 구성 외에도
좋아하는 쿠키를 추가해서
자유롭게 채워보셔도 좋을 것 같아요

궁금한 점은 언제든 댓글로 남겨주세요!



🍪 버터링 쿠키 (170℃ 12~14분)

1) 바닐라 버터링
무염버터 125g
슈가파우더 60g
노른자 40g
박력분 160g
바닐라빈 1개
코팅용 딸기초콜릿 100g
스프링클 약간

2) 쇼콜라 버터링
무염버터 125g
슈가파우더 60g
노른자 40g
박력분 135g
코코아파우더 20g
소금 약간
코팅용 다크초콜릿 100g
스프링클 약간



🍪 벚꽃 머랭쿠키 (80℃ 2시간)

1) 딸기 벚꽃 머랭
흰자 70g
설탕 70g
슈가파우더 70g
딸기파우더 35g
레몬즙 5g

2) 바닐라 벚꽃 머랭
흰자 70g
설탕 70g
슈가파우더 70g
바닐라페이스트 5g
(혹은 디종 바닐라)
레몬즙 5g

스프링클 적당량



🍪 말차 쿠키 (170℃ 약 13분)

무염버터 110g
슈가파우더 55g
소금 2g
바닐라페이스트 약간
탈지분유 10g
강력분 25g
박력분 115g
말차파우더 5g
(오설록 말차 사용)


🍪 너츠 쿠키 (175℃ 약 18분)
(팬 사이즈 26×18×1.3cm)

무염버터 150g
유기농 원당 100g
소금 2g
바닐라빈 1개
전란 30g
박력분 260g
베이킹파우더 2g
건크랜베리 60g
구운 헤이즐넛 50g
피스타치오 50g

겉면용 황설탕 적당량



🍪 견과류 크로캉 쿠키 (160℃ 약 20분)
(약 68~70개 분량)

견과류 240g (피칸 95g + 헤이즐넛 145g)
박력분 16g
시나몬파우더 1~2g
흰자 32g
설탕 80g
버터 25g
소금 1~2g



🍪 벚꽃 아이싱 쿠키 (170℃ 약 13분)
(지퍼백 17.7×18.8cm 기준 2장 분량)

무염버터 80g
박력분 190g
아몬드파우더 48g
전란 40g
슈가파우더 88g
소금 1g
바닐라페이스트 약간

아이싱
흰자 30g
슈가파우더 120g
레몬즙 2g
식용색소 적당량
크리스탈슈가 적당량



※ 해당 원당은 협찬으로 제공받은 제품이며, 영상 내에 일부 노출이 포함되어 있습니다

자연정미의 유기농 원당을 사용해봤는데요
평소 머스코바도와 케인슈가를 자주 사용하는 편이라
각각의 특징을 비교하면서 사용해봤어요

머스코바도는 풍미는 좋지만 입자가 고와서 식감이 아쉽고,
케인슈가는 식감은 좋지만 입자가 커서 반죽에 쓰기엔 부담이 있었거든요

이번에 사용한 원당은 입자 크기가 적당해서 반죽에 잘 어울리고
은은한 향도 자연스럽게 올라오는 편이라 사용감이 괜찮았어요!
참고용으로 봐주시면 좋을 것 같고,
저도 꼭 촬영이 아니더라도 베이킹할 때 종종 사용할 것 같아요☺️



📍쿠키박스 보관 방법

쿠키는 습기에 매우 약하기 때문에
보관 시 가장 중요한 것은 ‘습기 차단’입니다

직사광선을 피해 서늘하고 건조한 곳에서
실온 보관하는 것을 권장드리고
실리카겔(건조제)을 함께 넣어주면
바삭한 식감을 더 오래 유지할 수 있어요
(영상에서는 납작한 카드형 실리카겔을 사용했어요!)

실리카겔은 쿠키와 직접 닿지 않도록
유산지로 한 번 분리해주는 것이 좋습니다

쿠키 종류가 다양할 경우에는
수분이 많은 쿠키와 바삭한 쿠키를
함께 보관하지 않는 것이 좋습니다
(예: 머랭과 잼/가나슈가 들어간 쿠키)

냉장 보관은 내부에 수분이 생겨
식감이 쉽게 변할 수 있으므로 권장하지 않습니다

보관 기간은 쿠키 종류에 따라 다르지만
일반적으로 실온에서 약 5~7일 정도 보관 가능합니다.


📣인스타그램  @a_t_sweets
https://www.instagram.com/a_t_sweets
✉️비즈니스 문의 allthatsweets2724@gmail.com

🎬 Video Source Support: YouTube channel ""freeticon""

#CookieBox
#ButterCookies
#SpringDesserts
#BakingRecipe
#HomemadeCookies",2026-03-25T10:51:01Z,"쿠키만들기,쿠키박스,쿠키박스만들기,틴케이스,쿠키틴,쿠키틴케이스,쿠키틴케이스만들기,쿠키박스레시피,봄쿠키,봄베이킹,벚꽃,벚꽃쿠키만들기,벚꽃쿠키,벚꽃머랭,벚꽃머랭쿠키,아이싱쿠키,아이싱쿠키만들기,아이싱레시피,아이싱쿠키레시피,말차쿠키,크로캉,버터링쿠키,버터링쿠키만들기,바닐라머랭,바닐라머랭쿠키,바닐라머랭쿠키만들기,프렌치머랭쿠키,크로캉쿠키",26,ko,PT19M4S,2d,hd,true,1071,90,0,23,public,youtube,True,False,"https://en.wikipedia.org/wiki/Food,https://en.wikipedia.org/wiki/Lifestyle_(sociology)",https://i.ytimg.com/vi/9_tTWaDJT9s/maxresdefault.jpg,thumbnails/올댓스위츠/9_tTWaDJT9s.jpg
잡혀주나,UCsRVg_a_CzZ7OUW_u3vYAYQ,0qAhdAIqk2E,아무도 없던 그 자리… 결국 일이 터졌다,"📢본 영상은  쿠팡 파트너스 활동의 일환으로, 이에 따른 일정액의 수수료를 제공받습니다.

잡혀주나  PICK 장비 (핵심)
장비는 아래 링크에서 확인할 수 있습니다.

🎣 원투 낚시대 (블루앤피씨 아이서프 스타리즈 LED 30-450)
https://link.coupang.com/a/d38J2C

🎣 시마노 불스아이 원투 릴
https://link.coupang.com/a/d39cDY

🎣 초원투 쿠씨 원투 채비
https://link.coupang.com/a/d39CR3

🎣서프스텐드 네모 선반 받침대
https://link.coupang.com/a/ea02Rk

🎣 낚시 조끼
https://link.coupang.com/a/d38o48


🏕 캠핑 장비

🔥 캠핑 해바라기 강염 휴대용 가스 버너 가방 세트
https://link.coupang.com/a/d37xmH

🔥 컨테이너 접이식 가스버너
https://link.coupang.com/a/d38FqG

🪑 초경량 캠핑 의자
https://link.coupang.com/a/d38DbE

🍳 영상에서 사용한 요리 장비

🍳 나무 도마
https://link.coupang.com/a/d36Klw


🔋 기타 사용 장비

🔋 블루에티 미니 파워뱅크
https://link.coupang.com/a/d39J82

#원투낚시 #바다낚시 #차박 #낚시포인트

좋은 원투낚시 포인트에서 혼자 낚시했습니다.
비어있는 자리에서 캐스팅해본 실제 현장입니다.
원투낚시, 바다낚시, 포인트 정보 영상입니다.

🎬 오늘의 낚시 영상 타임라인

00:00 엑기스 오프닝
01:10 포인트 설명
01:41 포인트 정경
02:31 포인트 캡처
03:24 첫 캐스팅
03:39 우측 갯바위 포인트 체크
04:56 첫 힐링 타임
06:06 첫 입질
08:08 하이라이트
13:15 마지막 조항 
14:17 요리준비 컷
14:50 요리 시작
16:41 요리 하이라이트
17:58 오늘의 요리완성
19:09 먹방 시작
22:46 오늘의 감성 한마디
25:11 아침 뷰 다음날 모닝 컷 
26:21 아침 첫 캐스팅 
26:40 마무리 중요정보 이벤트 설명 멘트
27:41 잡혀주나를 찾아라~경품 이벤트


잡혀주나가 바다에서 이야기했다면
희망주나는 마음에서 이야기합니다

여러분의 삶에 작은 도움이 되길 바라며
👉 https://www.youtube.com/@희망주나HopeJuna

영상제작(컨텐츠) 후원 : 우리은행 1002 735 870 269 (송치윤)

문의 : e-mail : juna201115@gmail.com
          Instagram : japhyeo_juna
          TikTok : @jabhyeojuna3

👇 잡혀주나 인스타그램 보러가기
https://www.instagram.com/japhyeo_juna?igsh=N2pjNWFhM2Jtc2Vo

👇 잡혀주나 TikTok 보러가기
https://www.tiktok.com/@jabhyeojuna3

* 본 영상과 관련 없는 댓글, 불편함을 줄수있는 댓글은 삭제된다는 점 양해 부탁드립니다.

* 이 영상 저작권은 잡혀주나에 있습니다. (영상 2차편집 및 무단 업로드 금지)
  본 영상을 공유하실 땐 유튜브 링크를 사용해주세요.






➱ 자막 : #나눔템플릿
            https://www.youtube.com/c/쟈니클래스",2026-03-22T06:00:04Z,"낚시,바다낚시,낚시포인트,차박,원투낙시",22,ko,PT28M47S,2d,hd,false,18626,561,0,182,public,youtube,True,False,"https://en.wikipedia.org/wiki/Food,https://en.wikipedia.org/wiki/Hobby,https://en.wikipedia.org/wiki/Lifestyle_(sociology),https://en.wikipedia.org/wiki/Tourism",https://i.ytimg.com/vi/0qAhdAIqk2E/maxresdefault.jpg,thumbnails/잡혀주나/0qAhdAIqk2E.jpg
소림사 주방장,UCNym9_2Jy9ujMA5i7_TV3CQ,Lr9Klp5I2-4,"연습 많이 된다🔤😅 토종 한국인의 영어로만 말해본 자취 일상☀️ | 더현대 코코로카라, 헤이티, 홍대 인도네시아 식당, 편의점 먹방, 집 데이트, 장보고 병원가는 초밀착 브이로그!","00:00 네일아트 받는 날 GRWM
02:03 네일 받기
02:38 여의도 더현대 저녁 데이트 (아메리칸 차이니즈, 코코로카라 푸딩)
06:32 다음날 나갈 준비
07:02 택배 부치기
07:15 홍대 인도네시아 음식 맛집
08:49 커피빈 카작
09:14 헤이티 처음 마셔보기 (보보밀크티, 클라우드 그레이프)
10:02 일욜 집 영화 데이트 (과자 먹방)
12:01 탱글 갈릭오일 파스타 라면 솔직후기💀
13:40 내가 만든 비프스튜와 우즈벡 빵
14:31 여성의학과 초음파 검사 받으러 가는 날
15:42 노브랜드 장보기
18:28 즉석짜장면 저녁먹기
20:05 쿠팡깡 (먼슬리 플래너 추천, 최애 시리얼) +더이상 새해 계획을 안 세우는 이유
22:59 시리얼 먹어보기
--------------------------
인스타그램 https://www.instagram.com/jubomjang/
--------------------------
비즈니스 문의: parkmyun9500@gmail.com",2026-03-23T09:00:33Z,,22,ko,PT23M15S,2d,hd,false,12493,187,0,88,public,youtube,True,False,"https://en.wikipedia.org/wiki/Food,https://en.wikipedia.org/wiki/Lifestyle_(sociology)",https://i.ytimg.com/vi/Lr9Klp5I2-4/maxresdefault.jpg,thumbnails/소림사주방장/Lr9Klp5I2-4.jpg
민트하임:MintHeim,UCWztxgLv8qBa-1F8AYjuxGQ,iFKFgWbkslE,ENG)나 카드값 안 괜찮은데? 자취생의 그릇 쇼핑 폭주🔥소스 미쳐버린 바삭한 크림 새우와🦐알고리즘 도배된 주먹밥 만들기🍘선반 설치 & 미뤄왔던 라벨링 작업하는 자취 일상,"💌 e-mail: mintheim15@gmail.com


#요리브이로그​ #자취 브이로그​ 
#자취요리 #크림새우 #자취생브이로그
#그릇쇼핑",2026-03-25T11:01:21Z,"자취브이로그,요리브이로그,자취생 요리,alone in Seoul,seoul vlog,koreanvlog,LivingAlonevlog,자취요리,자취생브이로그,백수 브이로그",22,ko,PT28M14S,2d,hd,true,31227,1633,0,118,public,youtube,True,False,"https://en.wikipedia.org/wiki/Food,https://en.wikipedia.org/wiki/Lifestyle_(sociology)",https://i.ytimg.com/vi/iFKFgWbkslE/maxresdefault.jpg,thumbnails/민트하임MintHeim/iFKFgWbkslE.jpg
로즈키친 Rose Kitchen,UCc0ot6V8iYwP4Svt6zRjZSQ,Q3-a2istuXA,3월 24일 오늘 아침 9시 소래포구 난전어시장 수산물 Soraepogu (Nanjeon Fish Market) seafood market in Korea,"#소래포구#소래젓갈종합시장#꽃게시세#꽃게가격#난전어시장#소래포구어시장#추젓가격#수산시장#새우젓시세#활새우#생새우가격#낙지#간장게장#양념게장#천일염#가격#주꾸미가격
#김장#꽃게탕 #요리#집밥#1인가구#밑반찬#만들기#먹방#혼술#혼밥#요리브이로그#혼술브이로그#혼술먹방#술먹방#홈술#mukbang#다이어트#맛집#집밥먹방#일상브이로그#반찬거리#1인가구브이로그#쏘울맛집#소울푸드#알찬집밥#홈쿠킹 #중장년층#독거노인#60대#브이로그#korean#homecooking#rosekitchen#후다닥요리#1분요리#시니어#저속노화#음식#70대#건강#식품#건강한식사법##Incheon#당뇨전단계#시니어요리#단톡방#레시피#fishmarket#korea#5060#50대#건강밥상#신장기능#회복#신장좋아지는법#신장건강개선후기#신장에좋은음식#무가당#통밀빵#부평#자연식물식#나는질병없이살기로했다#어느채식의사의고백#비건#혈관#헬스장#70대#블루베리#올리브유#단백질#운동#운동#통밀빵#베이글#오븐#체험담#치유#채식식단#렌틸콩#변비해결법#비건식단",2026-03-24T02:00:20Z,"독거남,혼술,혼밥,집밥,요리,먹방,요리브이로그,혼술먹방,혼술브이로그,홈술,mukbang,1인가구,애주가tv,애주가,노총각,맛집,집밥먹방,중장년층,술먹방,독거노인,일상브이로그,반찬거리,안주거리,1인가구브이로그,쏘울맛집,소울푸드,알찬집밥,홈쿠킹,koreanhomecooking,만들기,rosekitchen,후다닥요리,1분요리,시니어요리,시니어,주부요리,단톡방,레시피,밑반찬,당뇨전단걔,뇌경색,다이어트,Incheon,fishmarket,korea,5060,50대,60대,건강한식사법,건강밥상,건강,식품,어느채식의사의고백,나는질병없이살기로했다,자연식물식,채식,부평,신장에좋은음식,신장기능수치,좋아지는법,무가당,통밀빵,베이글,비건,70대,혈관,블루베리,운동,헬스장,단백질,올리브유,오븐,체험담,소래포구,소래젓갈종합시장,꽃게시세,꽃게가격,난전어시장,소래포구어시장,추젓가격,수산시장,새우젓시세,활새우,생새우가격,낙지,간장게장,양념게장,천일염,가격,주꾸미가격,김장,꽃게탕",22,ko,PT14M33S,2d,hd,true,3843,49,0,5,public,youtube,True,False,"https://en.wikipedia.org/wiki/Food,https://en.wikipedia.org/wiki/Lifestyle_(sociology),https://en.wikipedia.org/wiki/Pet",https://i.ytimg.com/vi/Q3-a2istuXA/hqdefault.jpg,thumbnails/로즈키친RoseKitchen/Q3-a2istuXA.jpg
김술포차,UCU26eZ726Kobl4xOdYKPGhg,w5wJuYLPCdI,면목시장 29년 된 포차에서 돼지 특수부위에 혼술,"소원이네포차 : 서울특별시 중랑구 면목로37길 5 (면목시장)
오거리공원 바로 뒷편 d-8호

Instagram - kimsul_pocha
email - kimsul_pocha@naver.com
메인 카메라- 고프로 11 
보조 카메라- 소니 ZV-1m2, 아이폰 11pro
마이크- ICD-TX660

✔영상과 관계없는 악의적인 댓글 및 욕설은 신고, 삭제될 수 있습니다

지나친 음주는 뇌졸중, 기억력 손상이나 치매를 유발합니다.
임신 중 음주는 기형아 출생 위험을 높입니다.",2026-03-22T11:01:25Z,"혼술,혼술먹방,혼술브이로그",22,ko,PT20M3S,2d,hd,false,38356,1119,0,137,public,youtube,True,False,"https://en.wikipedia.org/wiki/Food,https://en.wikipedia.org/wiki/Lifestyle_(sociology)",https://i.ytimg.com/vi/w5wJuYLPCdI/maxresdefault.jpg,thumbnails/김술포차/w5wJuYLPCdI.jpg
쪼야Cook,UCouHEKIqT6TVOpHpSfXm0bA,sa6O-OPOkJs,쉽고 맛있는 콩나물요리. 물 한방울 필요 없이 이렇게 맛있다고? 콩나물볶음 비법 공개.,"안녕하세요. 쪼야cook입니다.
 오늘은 콩나물을 물에 삶아서 하는 번거로움 없이 바로 콩나물을 넣어서 맛있게 볶음으로 해먹는 요리를 만들어 봤습니다.


콩나물볶음재료
콩나물 500g
당근 조금
청양고추 3개(소)
들기름 1T
참기름 1T
다진마늘 1T
고춧가루 2T
참치액 2T
진간장 3T
올리고당 1T
통깨 1,1/2T

#콩나물 #콩나물요리 #집밥 #초간단요리 #밑반찬요리 #밑반찬요리 #집밥 #레시피 #볶음 #볶음요리#입맛살리는요리#한식요리  #밥반찬추천#중독되는맛#별미레시피#물없이콩나물볶음 #아삭한콩나물볶음 #집밥요리 #반찬만들기 #콩나물볶음 #요리꿀팁 #초보요리 #자취요리 #요리비법 #생활꿀팁 #엄마레시피 #한식반찬 #이맛이뭐지 #집밥감성",2025-10-17T08:30:27Z,,22,ko,PT3M10S,2d,hd,false,116,0,0,0,public,youtube,True,False,"https://en.wikipedia.org/wiki/Food,https://en.wikipedia.org/wiki/Lifestyle_(sociology)",https://i.ytimg.com/vi/sa6O-OPOkJs/maxresdefault.jpg,thumbnails/쪼야Cook/sa6O-OPOkJs.jpg
거뜬형,UCLU--jMqrtuEwHPHyj6e-fA,ZjcWSXBovS0,벌집에 꼬챙이를 찔러봐야 하는 이유?,토종벌통을 내검하여 충분한 먹이가 있는지 확인해보는 영상입니다.#bee #토종벌 #먹이,2026-03-14T11:01:00Z,,22,ko,PT8M11S,2d,hd,false,2973,42,0,11,public,youtube,True,False,https://en.wikipedia.org/wiki/Lifestyle_(sociology),https://i.ytimg.com/vi/ZjcWSXBovS0/hqdefault.jpg,thumbnails/거뜬형/ZjcWSXBovS0.jpg
여니쿡 Yeoni cook,UCMw3PVVuWeW_AfX_UhPyvOw,phdBihmMIXY,무 반죽 치아바타 겁나 쉬운 방법! 매일 만들어 먹어요!,"홈메이드 치아바타 만들기 요리ASMR

🥣재료
-강력분 250g
-물 190g
-엑스트라 버진 올리브오일 8g
-설탕 8g
-소금 5g
-인스턴트 드라이 이스트 3g


🔔이 영상이 마음에 드셨다면 좋아요를 눌러주세요.👍 채널 발전에 도움이 될 수 있습니다.
💬레시피에 대해 궁금한 점은 댓글로 달아주시면 답변해 드리겠습니다.
📌채널을 구독하고 알림 설정하여 간단하고 맛있는 레시피가 포함된 새 동영상을 놓치지 마세요.

시청해 주셔서 감사합니다.🧡
#치아바타 #무반죽 #레시피 #ASMR",2025-09-30T13:01:38Z,"simple cooking,Yoney Cook,간단요리,여니쿡,쉬운요리,맛있는요리,Yeonicook,치아바타,레시피,Ciabatta Recipe",26,ko,PT3M29S,2d,hd,true,4155,210,0,20,public,youtube,True,False,"https://en.wikipedia.org/wiki/Food,https://en.wikipedia.org/wiki/Lifestyle_(sociology)",https://i.ytimg.com/vi/phdBihmMIXY/maxresdefault.jpg,thumbnails/여니쿡Yeonicook/phdBihmMIXY.jpg
꽃읽남TV_아이엠그린메이트,UCqVep1040CRtillAKB1ybxQ,YV6ZoQAU40c,※이것도 모르고 식물을 키운다고??!🫢※ X시간 동안 물을 줘야 살아나는 이유💦ㅣ수많은 데이터로 알아낸 결과!,"식물 안죽이는 사람들의 특징

🌸꽃읽남의 자연에세이 베스트셀러 '오늘은식물'
- 교보문고
https://product.kyobobook.co.kr/detail/S000212003206
- 예스24
https://www.yes24.com/Product/Goods/124630787
- 알라딘
http://aladin.kr/p/pQ6QJ

🌸5만 구독자의 선택! 온라인 식물스토어 '무료배송 그린테리어'
https://smartstore.naver.com/mynameksg

🌸식집사들과 함께하는 '오픈채팅방'
https://open.kakao.com/o/gXXCf78d

'좋아요' 한번씩만 꼭 부탁드립니다.
'구독'과 '알림설정' 하시면 꾸준한 식물 관리가 가능해집니다.

** 비즈니스메일 : mynameksg@naver.com
** 인스타그램&스레드 : @iamgreenmate 

00:00 시작
01:24 죽이는 3가지 공통점
03:43 안죽이는 3가지 공통점
04:04 적당한 저면관수 시간은?
05:37 식물 죽이는 행동들

#저면관수 #식물키우는위치 #식물안죽이는방법",2025-10-04T06:00:28Z,"저면관수,식물 살리는 방법,식물 키우는 방법,식물 잘자라는 방법,식물 안죽는 방법",26,ko,PT6M41S,2d,hd,false,2217,86,0,9,public,youtube,True,False,https://en.wikipedia.org/wiki/Lifestyle_(sociology),https://i.ytimg.com/vi/YV6ZoQAU40c/maxresdefault.jpg,thumbnails/꽃읽남TV_아이엠그린메이트/YV6ZoQAU40c.jpg
뚜벅뚜벅 서부남,UCa3ktyzwbkR9Ej-Ux6eTfLA,kMJHpbZD1Fc,"죽기전에 꼭 간다는 그곳 가다가 배멀미로 내가 먼저 죽을듯 튀르키예 700년 전 오스만 제국으로 시간 여행, 주말르크즉 마을 부르사 이스켄데르 요거트 케밥","1. 이스탄불에서 부르사 이동하기 🚌🚢
버스 예약: OBILET (웹사이트 예약 추천, 앱은 결제 오류가 잦아요!)
결제 안 될 경우: OMIO 또는 FLIX 앱 사용
페리 예약 (Ferry):
IDO 페리: (https://www.ido.com.tr/en/) 카디쿄이, 카바타쉬, 예니카피 탑승 가능 (시간은 좀 더 소
요)
BUDO 페리: (https://budo.burulas.com) 쾌속선 약 1시간 50분 소요 (※ 주의: 멀미가 심할 수 있
습니다!)

2. 부르사항에서 시내 들어가기 🚌
F3 버스 (추천): 항구 쪽 'Lider Kokorec' 매장 앞 노란 버스 줄에서 탑승
요금: 비자/마스터카드 약 106.25리라 (교통카드 시 더 저렴)
소요시간: 약 30분 (하루 운행 대수가 적으니 시간표 확인 필수!)
대안 경로: 1M 버스 → Emek역 하차 → M1 지하철 환승
꿀팁: 튀르키예 대중교통은 구글맵보다 'Moovit' 앱이 훨씬 정확합니다.

3. 주말르크즉(Cumalıkızık) 마을 가는 법 ️
방법 1 (메트로+돌무쉬): M2 메트로(Kestel행) 탑승 → 주말르크즉역 하차 → 오른쪽 출구 정류장
에서 2번 돌무쉬 탑승 (자주 다님)
방법 2 (버스): 울루자미 트램역에서 10-D 버스 탑승 (배차 간격 약 1시간)
방법 3: 일행이 있다면 택시 이용도 편리합니다.
 - 괴즐레메 맛집 : Sultan Gözleme Evi & Yöresel Ürünler (맛있어요)
- 칼 산곳 : Dadas Knife
 튀르키예 전통 칼, 다른곳 보다 저렴, 추천하진 않아요)
  55FF+W2 Yıldırım, 부루사 튀르키예

4. 숙소 정보 (가성비 5성급 힐링) 🏨
쉐라톤 부르사 (Sheraton Bursa): 한국보다 저렴한 가격에 누리는 5성급의 여유
알로프트 부르사 (Aloft Bursa): 좀 더 실속 있는 가격의 숙소
Tip: 두 호텔은 같은 메리어트 계열이라 알로프트 투숙객도 저렴한 가격에 5성급 조식 뷔페를 즐
길 수 있습니다!
- 주변 상권 발달, 신도시라 분위기 상당히 좋은 곳. 

[오늘의 뚜벅이 코스 요약]
새벽 버스터미널 → 부르사항 도착 → 시내 이동 → 주말르크즉 마을
(700년 역사) → 호텔 휴식 → 시내 투어(울루자미, 코자 한, 토파네 언덕, 예실 튀르베) → 이스켄
데르 케밥(원조의 맛!)

이스켄데르 원조집
 İSKENDER Tarihi Ahşap Dükkan  구글 위치는  53J9+XF Osmangazi, 부루사 튀르키예 
고기 양은 많은편이라 둘이간다둘이간다면 하나 시켜서 사이드메뉴 추가해보세요. 

부르사 가볼만한곳 
올드타운을 한바퀴 돌는 트램타고 도시구경 구경하는 재미도 있어요. (환승안되는점 아쉬움)

🏛️ 역사와 신성함의 공간
울루 자미 (Ulu Camii): 20개의 거대한 돔이 압도적인 '부르사의 심장'이자 오스만 초기 건축의 정수를 보여주는 대사원
예실 튀르베 (Green Tomb): '초록색' 타일이 보석처럼 빛나는 술탄 메흐메트 1세의 영묘로, 부르사의 상징과도 같은 곳
예실 자미 (Green Mosque): 영묘 바로 옆, 정교한 타일 장식과 고요한 분위기가 매력적인 예술적인 사원
오스만 & 오르한 가지 영묘: 오스만 제국을 세운 아버지와 아들이 잠든 곳으로, 제국의 뿌리를 만나는 가장 신성한 장소

🛍️ 삶의 활기와 낭만
코자 한 (Koza Han): 과거 실크로드의 종착지였던 비단 시장으로, 마당에서 차이 한 잔 마시며 쉬어가기 딱 
그랜드 바자르 (Bursa Grand Bazaar): 금방, 옷감, 향신료 등 현지인들의 활기가 넘치는 부르사 최대의 전통 시장
이르간드 다리 (Irgandı Bridge): 다리 위에 상점이 늘어선 세계에 몇 안 되는 독특한 구조의 다리로, 아기자기한 공예품

🔭 풍경과 휴식
토파네 시계탑 (Tophane Clock Tower): 도시 전체가 내려다보이는 최고의 전망대로, 해 질 녘 야경을 담기에 가장 완벽한 스팟
울루다그 (Uludağ): 케이블카(Teleferik)를 타고 올라가며 즐기는 절경과 겨울 스키, 여름 하이킹으로 유명한 부르사의 진산
주말르크즉 (Cumalıkızık): 네가 다녀온 700년 된 유네스코 마을로, 오스만 제국 초기 주거 양식이 그대로 살아있는 야외 박물관

✨ 구독과 좋아요는 여정에 큰 힘이 됩니다! 
00:00 인트로
00:30 부르사 페리
01:50 주말르크즉
02:30 주말르크즉 맛집
03:55 부르사 관광지
05:37 부르사 쉐라톤
06:19 이스켄데르 케밥 원조

촬영장비
갤럭시 플립6, 고프로11, BOYAMIC 무선마이크",2026-03-22T07:15:01Z,"부르사,튀르키예 여행,터키 여행,주말르크즉,Cumalıkızık,Bursa,이스켄데르 케밥,원조 케밥,오스만 제국,유네스코 세계문화유산,세계 여행,튀르키예 일주,부르사 맛집,부르사 1박 2일,이스탄불 근교 여행,부르사 가는 법,터키 페리 멀미,주말르크즉 맛집,괴즐레메,퀴네페,터키 디저트,튀르키예 물가,터키 호텔 추천,부르사 5성급 호텔,울루 자미,코자 한,토파네 언덕,예실 튀르베,그린 부르사,튀르키예 역사 여행,뚜벅이 여행,해외여행 브이로그,중년 여행,은퇴 후 세계여행,배낭여행,터키 자유여행,부르사 여행 코스,튀르키예 미식 여행,백종원 케밥,스트리트 푸드 파이터 터키,터키 아침식사,카흐발트,터키 길거리 음식,부르사 쇼핑,기념품 실패,튀르키예 실시간 상황,여행 팁,여행 유튜버,뚜벅뚜벅 서부남,이스탄불에서 부르사 가는방법",19,ko,PT8M21S,2d,hd,true,595,16,0,2,public,youtube,True,False,"https://en.wikipedia.org/wiki/Food,https://en.wikipedia.org/wiki/Lifestyle_(sociology),https://en.wikipedia.org/wiki/Tourism",https://i.ytimg.com/vi/kMJHpbZD1Fc/maxresdefault.jpg,thumbnails/뚜벅뚜벅서부남/kMJHpbZD1Fc.jpg
주호다,UCCFLyWRmaMeQ0f4ndIeChOw,FoJmeoayeB4,실패 없는 대구 로컬 맛집 TOP5 (레전드 보장),"*이 영상의 저작권은 해당 채널에 있습니다. 해당 영상을 별도의 허가 없이 사용 및 2차 편집을 금지하며, 허가 문의는 다음 주소로 부탁드립니다.
business mail : juhoda@creativebebom.kr

ⓒ 2022-2026. 주호다 All rights reserved",2026-03-23T10:00:20Z,"주호다,한주호,퀸주호,주호,먹방,먹방 투어,맛집,맛집 투어,주호다 먹방,주호다 채널,남자 먹방 채널,주호다 맛집,대구 맛집,대구 유명 맛집,대구 로컬 맛집,대구 찐맛집,줄서는 맛집,줄서는 식당,대구 줄서는 식당,대구 또간집,대구 현지 맛집,대구 디저트 맛집,대구 유명 식당,대구 맛집 추천,맛집 추천,주호다 추천 맛집,주호다 야식네씨,먹방 브이로그,대구 음식,대구 로컬 식당,또간집,풍자 또간집,또간집 대구,또간집 대구편,또갈집,또갈집 대구,대구 또갈집,대구 여행,여행 맛집,로컬 여행 맛집,로컬 맛집,현지인 추천,현지인 추천 맛집,대구 현지인 추천 맛집",22,ko,PT21M11S,2d,hd,false,131209,2374,0,205,public,youtube,True,False,"https://en.wikipedia.org/wiki/Food,https://en.wikipedia.org/wiki/Lifestyle_(sociology)",https://i.ytimg.com/vi/FoJmeoayeB4/maxresdefault.jpg,thumbnails/주호다/FoJmeoayeB4.jpg
수요주식회 - 한 잔할까요?,UCfA58wxQoMZyRpDrwwMrq6w,0leSRHpr9XM,이 형들 아직 일하고 있었구나.. 하이랜드파크 캐스크스트렝스 헤더 리뷰,"🔥 지속가능한 크리에이티브를 위한,
돈 안드는 후원 ‘구독’ 👉 https://www.youtube.com/channel/UCfA58wxQoMZyRpDrwwMrq6w?sub_confirmation=1

🚀 더 좋은 콘텐츠를 위한 투자,
멤버십 ‘가입’ 👉 https://www.youtube.com/channel/UCfA58wxQoMZyRpDrwwMrq6w/join",2026-03-18T08:16:07Z,"수요주식회,위스키,위스키 리뷰,스카치위스키,싱글몰트,싱글몰트 위스키,싱글몰트 위스키 추천,스카치 위스키 추천,스카치 위스키 리뷰,하이랜드파크,오크니,하이랜드파크 헤더,하이랜드파크 CS,하이랜드파크 CS 헤더,웬즈데이위스키클럽,대전 오드비",26,ko,PT11M35S,2d,hd,false,1010,44,0,6,public,youtube,True,False,https://en.wikipedia.org/wiki/Lifestyle_(sociology),https://i.ytimg.com/vi/0leSRHpr9XM/maxresdefault.jpg,thumbnails/수요주식회-한잔할까요/0leSRHpr9XM.jpg
프로세스 케이 Process K,UCoah0FMpaTxHpZlF09kqQmg,nJUbfcBLo3o,Process of Making a ship out of glass fiber. Amazing Korean FRP Fishing Boat Shipyard,"Process of Making a ship out of glass fiber. Amazing Korean FRP Fishing Boat Shipyard

📢 information in the video (FRP Fishing Boat Shipyard)
Homepage : https://bit.ly/4dugg8J
Youtube : www.youtube.com/@haewon-marine
Instagram : https://www.instagram.com/haewon_marine

🎬문의 (Contact Us)
▶processk22@gmail.com

🎥 Copyright(C) 2022. Process K. all rights reserved.",2026-03-20T01:26:38Z,"yt:cc=on,프로세스 케이,making process,FRP Fishing Boat,lass fiber,조선소",26,en,PT21M32S,2d,hd,true,365607,2387,0,0,public,youtube,True,False,"https://en.wikipedia.org/wiki/Hobby,https://en.wikipedia.org/wiki/Lifestyle_(sociology)",https://i.ytimg.com/vi/nJUbfcBLo3o/maxresdefault.jpg,thumbnails/프로세스케이ProcessK/nJUbfcBLo3o.jpg
[대근대근] DAE KEUN,UC5G4rc0pwGP2H19m4ORaYPA,zMWVfL7CiDg,피자스쿨 새로운 꿀조합 오랜만에 돌아온 불닭볶음면에 콘치즈 피자 새로운 꿀조합♥️pizza  Buldak Mukbang (Eating Show),"#피자스쿨 #꿀조합 #리얼사운드 

요즘 많은 생각이 들어서 바쁘네요.ㅠㅠ 항상 제 영상 시청해 주셔서 감사합니다!",2026-02-22T10:38:01Z,,22,ko,PT10M30S,2d,hd,false,1879,48,0,26,public,youtube,True,False,"https://en.wikipedia.org/wiki/Food,https://en.wikipedia.org/wiki/Lifestyle_(sociology)",https://i.ytimg.com/vi/zMWVfL7CiDg/maxresdefault.jpg,thumbnails/대근대근DAEKEUN/zMWVfL7CiDg.jpg
보리갱일상,UC7sx8_7xKREg6z4SzFyDg9Q,GzZnw4tm_f0,"나혼자 종로 🍡 광장시장부터 익선동까지 혼밥, 혼카페 제대로 즐긴 날 vlog","혼자 종로 투어를 다녀왔어요!
제가 다녀온 곳과 음식들 그리고 느낀점을 적어보았습니다!


1. 60년 전통떡집(광장시장)
서울 종로구 창경궁로 88

- 찹쌀떡 / 6개 4,500원
제일 인기있는 떡으로 주문과 동시에 커다란 떡떵어리를 뚝떼어서
팥소를 넣고 오므려 포장해주신다~
떡은 정말 쫄~~깃하고 부드러우며 별로 달지 않은 팥소가 아주 잘 어울린다!
오전중으로 품절되는 경우가 많다

- 두텁떡 / 6개 4,000원
쫄깃하면서도 잘 끊어지는 찹쌀떡과는 전혀 다른 느낌이고
안에 부드러운 소와 견과류가 들어있다! 달기는 조금더 있지만
많이 단 편은 아니다

- 고구마떡 / 4개 3,000원
자주빛이 아주 곱고 예쁘다, 고명이 촉촉하게 붙어 있고
속은 아이보리+노란색 이다
아주 쫄깃하고 오사쯔 같은 고구마향이 진하게 나면서
달달하고 맛있다! 커피나 우유랑 먹으면 꿀맛!
위에 두 떡에 비교하면 많이 달달! 달달한 고구마맛 좋아하면 추천!




2. 전라도 횟집(광장시장)
서울 종로구 창경궁로 88 광장시장

- 모듬회 1인 / 15,000원
멍게, 소라, 문어, 아나고, 연어, 광어
신선도도 괜찮았고, 멍게 소라, 광어, 아나고는 늘 먹던 맛이었고
문어삶은거는 다른곳보다 좀 더 촉촉하고 맛있었고
제일 맛있었던건 연어!
도톰하게 썰려 있어고 고소하고 맛있었다~
1인회를 파는곳이 많지 않은데, 1인으로 모든 해산물을 즐길 수 있고
시장에 앉아서 먹는 경험이 아주 좋았다!
(**사장님이 이쁘고 친절하시다**)


3. 엠마
서울 종로구 대학로 4

40년 전통 빵집으로 옛날 빵집 특유의 정감가는 빵들이 있었고
종류도 꽤 많았다
구입한건 팥빵과 왕모찌

- 왕모찌
엠마에서 빵보다 유명한데 정말 크고 묵직하다
팥은 적당히 달고 떡피가 아주 얇았다!
팥을 좋아하는 사람에겐 최고의 떡일것 같다~

- 팥빵
보통의 팥빵맛!



4. 류강현 커피집
서울 종로구 동호로38길 18

원두 종류가 많고 메뉴판에 외부음식취식이 가능하다고 적혀있다
(*개인적으로는 간단한 디저트 위주로 가능하지 않을까 싶다*)
원두 종류가 다양하고 핸드드립커피가 6,000원으로 가격도 좋다
추천의 추천으로 에티오피아 아라차 내추럴을 마셨고~ 괜찮았다!
한쪽 벽면에 잔이 가득 있는데 잔을 골라서 마실 수 있어서 좋았다!
*평일 점심시간이 되자 사람들이 꽤 많았다*

5. 종로 강남한의원 더 쌍화
서울 종로구 종로 252-3
여기는 독특한 곳인데 처음에는 한의원에서 처방하던 쌍화탕을 일반인들이 카페처럼 편하게 즐길 수 있도록 카페를 만들었어요~
맞은편엔 진짜 한의원도 운영하고 있는 곳이에요
일반적으로 파는 쌍화탕이 아닌 한약같은 진한 맛이 특징이에요!

- 황실세트 10,000원
쌍화탕, 홍삼커피, 환(?), 금귤 샐러드, 과일과 떡등 간단한 한접시
쌍화탕은 정말 한약을 들이키는 맛으로, 건강을 생각하며 열심히 먹었다
홍삼 커피는 쌍화탕을 먹고 나니 연하게 느껴져서 정확한 맛은 기억이 나질 않는다
이런 세트는 처음이라 새롭고 맛도 괜찮았다! (*먹고나면 배가 꽤 부르다)
가야금 소리가 들릴것 같은 인테리어에
90년대 인기가요가 틀어져 있어서 그게 제일 재밌었다 


6. 익선동 한옥거리

평일에도 북적북적하다 
좁은 골목길 양쪽으로 가게들이 가득한데
구경하는 재미가 아주 좋다!
유행하는 디저트가 먹고 싶다면 여길 가면 될것 같다는 생각을 했다
없는 디저트가 없다! 소품샵이랑 작은 옷가게들도 있고
제일 좋았던건 마당, 정원이 꾸며져 있는 카페들 이었다
입구가 있고 그 안쪽으로 작은 정원으로 들어가면 카페 정문이 보인다
이런 형태여서 그런지 골목이 복작복작해도 가게 안을 바라보면
여유롭고 평화로운 느낌이 들었다
(*물론 주말은 어떨지 모르겠다;;*)
미로같은 길이 많으니 지도를 잘 보고 다니면 좋을것 같다


7. 엄용백 돼지국밥
서울 종로구 인사동3길 20

지도를 보면서 가게를 찾고 있을때쯤 풍경소리가 울렸다
가게를 보고 너무 예뻐서 감탄하고 들어갔다
고즈넉 하다는게 이런걸 보고 하는 말이 아닐까 생각이 들었다
날씨가 따듯하면 야외석도 좋을것 같다!

맑은 돼지국밥 (13,000)
고기양이 생각보다 좋았고!
국물은 맑고 깔끔했다 토렴식이라 안에 흰쌀밥이 말아져 있었다
호불호 없이 맛있게 먹을것 같은 국밥
(*파가 없이 고기만 있어서 참 좋았다*)





Music
오늘의 일기 
Oneul -별의 시선 (Starry Night) - https://youtu.be/8O6h4fzzjhQ?si=2z6z9baErJErx5sw
Oneul - Cheese Cracker - https://youtu.be/8AOGz1dStkc?si=TDeEmOGSfYSb08gM
Oneul - Birthday Cupcakes - https://youtu.be/Y42GwjeWwXo?si=1zBrCQExA--OlcbO
Oneul - Perfect Tulip - https://youtu.be/0MpTh5vocGE?si=12554ZKKOkd93Z6C
Oneul - 피자 한 조각 냠 - https://youtu.be/9eBQLapGMLA?si=m6zHUGiZUhrZWO8h
Oneul - 어푸 우주를 헤엄쳐 🚀 (Astronaut)-  https://youtu.be/rF10ka2vZtk?si=8OP2x-2-uHRQ_4g_
Oneul - 풍선을 타고 날아가요🎈(Balloon Party) -https://youtu.be/50aQhSiclOk?si=xhrN0Rxp3ALvvNCR
Oneul - 빨갛고 초록한 수박 (Watermelon) - https://youtu.be/0jrN5pYE3vw?si=oC0YGJqYWs28_-A2
Oneul - 너는 나의 오아시스 (Oasis) - https://youtu.be/uUuYWnqnZkc?si=jkwxurvle7bBxaIX
Oneul - 온 세상 고양이 엉덩이 흔들어~(Don’t go too far)  - https://youtu.be/5kp5mMXV_Hg?si=_QpNCtXmrw8EzxGf
Oneul - 버터 맥주 한잔 (Butter Beer) - https://youtu.be/NOsbsZLbT1Q?si=0NDpm1hTBJ6FvmkX
Oneul - 여름밤을 향해 치얼스 🥂 - https://youtu.be/NFem2l-vdps?si=czfcGWSrMMwOUCFD
Oneul - 달콤보들 시나몬롤 (Cinnamon Rolls) - https://youtu.be/xt0QEzAqyh8?si=kYvtw3AXxsJneGwz
Oneul - 포닥포닥 수면양말을 꺼내주세요 (Fuzzy Socks) - https://youtu.be/IgVvAgC05Sg?si=r_g2qW8WHdKlMQ5c
Oneul - 옴뇸뇸 달걀 이불 포근해 (Dosirak) - https://youtu.be/ikyRAzhBKFY?si=_MxWM3SETM4_vGqs
Oneul - 청량한 여름, 밝고 귀여운 피아노 (Cherry Pick) - https://youtu.be/HZ3Oeew8RIo?si=kId4nGBt5q_NZlpn
Oneul - 미친고구마 구경하러 오세요! 🍠Sweet Potato - https://youtu.be/CqFxSzAy9FM?si=zgh_13akUzENRKlo
Oneul - 빨래 할 때 들어주세요. (Let's laundry) - https://youtu.be/_mvAYK3GWSE?si=6bvvcpkN-YzqeRy2
Oneul - 꽁냥꽁냥💜 (Saturday in Spring) - https://youtu.be/odpUqhTRDWA?si=MMtfQTYYgJbU0gUv
Oneul - Cake Five - https://youtu.be/8TOz6Y-Sv1o?si=CVjCmt1eRthyjhdb
Oneul - 보통날 (Ordinary Day) - https://youtu.be/GbUhCBh8boc?si=z2AhYiKwxqE1fyaa
Oneul - 기쁨이 가득 넘쳐요 (Joy)  - https://youtu.be/-H6Fe3ptT7k?si=O5MbHYlOKY5ko7P5
Oneul - 춤추는 토끼 (Dance Dance) - https://youtu.be/innWjVSYcc4?si=RIarSU5jmr2CGcoJ
Oneul - 행복한 말차 그린티 🌿(Matcha Green Tea) - https://youtu.be/uCu-iSspKYA?si=RHNuQGrvEAc9jkbE
Oneul - 로켓 발사! (Good Morning) - https://youtu.be/ZmhQ2kwQw-Q?si=Ts0YxSq5ZoHrzfox
Oneul - 축제로구나! (Festival) - https://youtu.be/LHoHSfS0Bs8?si=dBrRR3RcAAMoCf6_
Oneul - 바질 스콘 (Basil Scone) - https://youtu.be/F2_l1QXJLJc?si=QWFtcq6QDHwCekiV",2026-03-28T00:30:00Z,"보리갱일상,혼자 종로,혼자 서울,떡투어,종로 맛집,종로 엠마,쌍화탕거리,종로 강남한의원,광장시장,전라도횟집,60년전통떡집,엄용백 돼지국밥",22,ko,PT20M,2d,hd,false,714,74,0,27,public,youtube,True,False,"https://en.wikipedia.org/wiki/Food,https://en.wikipedia.org/wiki/Lifestyle_(sociology)",https://i.ytimg.com/vi/GzZnw4tm_f0/maxresdefault.jpg,thumbnails/보리갱일상/GzZnw4tm_f0.jpg
회사랑RawFishEater,UCoLPofyAZuuq6v4EWrWRguw,5LzM9rMT888,"단새우, 관자, 연어&광어회, 소갈비가 무제한인데 3만원 중반대?? 진짜 평일 점심의 축복입니다...","줄거리 : 평일 점심 중 대한민국에서 최고 갓성비 뷔페

*식당정보
- 식당명 : 마리나블루키친 뷔페
- 식당위치 : 부산 해운대구 해운대해변로 154 마리나동원 4층 마리나블루키친 (오렌지상가 주차가능)
- 전화번호 : 0507-1332-1115
- 영업시간 : 11:30-21:00(점심, 저녁 각 3시간씩 운영) *브레이크 타임 있음
- 리뷰 메뉴 : 평일 점심(인당 35,800원)

#회사랑 #가성비",2026-03-26T09:00:14Z,"회사랑,회맛집,횟집,가성비,초밥,회먹방",22,ko,PT13M30S,2d,hd,false,115589,1442,0,104,public,youtube,True,False,"https://en.wikipedia.org/wiki/Food,https://en.wikipedia.org/wiki/Lifestyle_(sociology)",https://i.ytimg.com/vi/5LzM9rMT888/maxresdefault.jpg,thumbnails/회사랑RawFishEater/5LzM9rMT888.jpg
통령할미달장,UCBhR7WKMD50cxkTJ5CNaUGA,ryRG4utU7l8,설탕 1도 넣지 않은 수세미배즙 . 누구나 맛있게 먹을 수 있고 효과 좋아요.,"배와 수세미를 이용한 수세미배즙 만들어 봤습니다.

그동안은 수세미 발효액을 만들어 먹었는데 설탕 부담없이 먹을 수 있도록 만들었을 때 먹기도 좋고 효과도 좋았습니다.
영상을 11월에 찍어 놓았는데 업로드를 하지 못했습니다. 이제 봄이. 왔는데요. 이영상 보시고 수세미  몇 포기 심어 만들어 보세요. 심을 곳이 없다면 수세미 나는 계절에 구입해서 만들어 보세요.",2026-03-05T13:55:55Z,,27,ko,PT10M20S,2d,hd,false,291,24,0,2,public,youtube,True,False,"https://en.wikipedia.org/wiki/Food,https://en.wikipedia.org/wiki/Lifestyle_(sociology)",https://i.ytimg.com/vi/ryRG4utU7l8/hqdefault.jpg,thumbnails/통령할미달장/ryRG4utU7l8.jpg
쑤니님(SSUNI),UCmd63ox9-xMTbMFHZQeDAhg,npKWxYac1Js,"""겉바속촉 돈까스에 카레 듬뿍 레전드 한끼"" 양배추로 양심 챙기기 vs 튀김 폭주 미친식감 카리야포크카레(약간 매운맛)",,2026-03-24T13:18:44Z,"양배추샐러드먹방,돈까스먹방,카레먹방,새우투김먹방,쑤니님먹방,쑤니먹방,매운김치먹방,김치먹방,파김치먹방,일상먹방,mukbang,koreanfood mukbang,korean_kimchi mukbang",22,ko,PT7M59S,2d,hd,false,1585,0,0,0,public,youtube,True,False,"https://en.wikipedia.org/wiki/Food,https://en.wikipedia.org/wiki/Lifestyle_(sociology)",https://i.ytimg.com/vi/npKWxYac1Js/maxresdefault.jpg,thumbnails/쑤니님SSUNI/npKWxYac1Js.jpg
메주이평강TV,UCP2XVjARenm51dHJGWwugrw,fZUAgj1glIQ,장 담글 때 소금물 몇 번 부어야 할까요? 아구까지 채우는 이유,"안녕하세요.
전주 모악산 자락에서 전통 메주를 만들고 장을 담그고 있는
메주이평강입니다.

항아리에 메주를 넣고 소금물을 붓다 보면
생각보다 여러 번 붓게 됩니다.

메주가 소금물 위로 떠오르면
공기와 닿는 부분에서
곰팡이가 생길 가능성이 높습니다.

전통 장 담그기는
비율도 중요하지만
메주가 뜨지 않도록 관리하는 것이 핵심입니다.

전통 방식으로 장을 담그시는 분들께
이 영상이 도움이 되었으면 좋겠습니다.

전주 모악산 자락
혜미강 전통발효식품 메주이평강

문의
010-6774-2739",2026-03-15T23:00:45Z,"장담그는방법,장담그기,소금물비율,소금물양,소금양,된장담그기,간장담그기,된장만들기,간장만들기,메주,국산메주",26,ko,PT3M4S,2d,hd,false,3207,55,0,7,public,youtube,True,False,"https://en.wikipedia.org/wiki/Food,https://en.wikipedia.org/wiki/Lifestyle_(sociology)",https://i.ytimg.com/vi/fZUAgj1glIQ/maxresdefault.jpg,thumbnails/메주이평강TV/fZUAgj1glIQ.jpg
용용먹방 YongYong,UCIYzQfZWi059RjaYgQUVLnw,soObIinb7mU,"일상 먹방 브이로그:) 설렁탕에 깍두기 말아먹는사람~💕 나야나~~ 별 거 없는 일상 먹방 브이로그 설렁탕, 닭갈비, 맥도날드, 불닭볶음탕면, 형제초밥 먹방 mukbang v-log","일상 먹방 브이로그:) 설렁탕에 깍두기 말아먹는사람~💕 나야나~~ 별 거 없는 일상 먹방 브이로그 설렁탕, 닭갈비, 맥도날드, 불닭볶음탕면, 형제초밥 먹방 mukbang v-log

#mukbang #일상먹방브이로그 #먹방브이로그 

안녕하세요 지니님들~😆 오늘은 별 거 없는 일상 먹방 브이로그입니다~ㅋㅋ 아니 원래 일찍 올리려고했는데~ 굽네몰 닭가슴살 업로드 하고 하려고 늦어졌네용🤣 굽네몰에서 새로 나온 닭가슴살 정말 맛있으니까 많은 구매 부탁드려요~😄 그리고 다음 브이로그는 쿠팡밥만 모아서 가지고 오려고 해용~😄 그럼 오늘도 이렇게 시청해 주신 여러분 정말 감사드리고 구독과 좋아요👍 부탁드려요🙏 감사합니다~💕 ps.🔥특가 프로모션이랑 구매 인증 이벤트🔥도 함께 진행하니까 특가로 구매하시고 구글 폼 작성까지 꼭!! 하셔서 경품 받아가세용~💕

🎁① 용용먹방 구독자님들만을 위한 비밀 특가 링크🎁(~3/30)
https://link24.kr/BTRFwIz

🎁② 구매 인증 이벤트 참여 구글 폼🎁(~4/2)
https://forms.gle/ofbRAhP8RPstAdaU8

🍗경품 : 굽네몰 베스트 제품 맛보기팩(10명)

1) 더보기란 내 히든 링크를 통해 구매하기
2) 구글폼 작성하기
3) 이벤트 기간 종료 후 커뮤니티를 통해 당첨자 발표
------------------------------------------------------------
※인신공격이나 너무 심한 악플들은 삭제 및 차단합니다😡(피드백 말고 너무 심한 악플이용) 그리고 제가 삭제 안 해도 유튜브에서 자동으로 걸러지는 것도 있더라고요~! 오해 노노!※
-----------------------------------------------------------


광고 문의
Email - ajffk5196@gmail.com
instagram - http://instagram.com/dragons_91",2026-03-24T11:01:30Z,"먹방,Mukbang,spicymukbang,koreafood,koreanfood,매운음식먹방,김치먹방,김치,한국음식먹방,kimchi,spicykimchi,kimchimukbang,매운김치먹방,먹방브이로그,일상먹방브이로그,일상브이로그,굽네몰,고바삭,설렁탕,맥도날드,형제초밥",22,ko,PT38M52S,2d,hd,false,30270,1258,0,85,public,youtube,True,False,"https://en.wikipedia.org/wiki/Food,https://en.wikipedia.org/wiki/Lifestyle_(sociology)",https://i.ytimg.com/vi/soObIinb7mU/maxresdefault.jpg,thumbnails/용용먹방YongYong/soObIinb7mU.jpg
푸른아오🌊AOBLUE,UCOgC0iCgdsDC0NV0KbTa7tg,f6xtLElbvEk, 잘못된 불닭볶음면 일본인 먹방.. 한강에서 응급실 갈 뻔했스무니다;;,"한국생활4년차의 일본모델 아오입니다🇯🇵
항상 많은 구독, 좋아요, 댓글 감사합니다🧜🏻‍♀️🌊



激辛シリーズ👇
매운시리즈👇

https://youtu.be/d70j4CioXiE?si=gJ6INxKuBLfbLuQI

https://youtu.be/GHh47ah_4no?si=yvttOHfoBW0vCdy5



こちらもみてね👇
이 영상도 봐주세요👇

https://youtu.be/q5A-pKeG4OM?si=u7Nsq15Bz37wrUay

https://youtu.be/t7139FwI-gg?si=xtPkPp0yc-0irIG1

https://youtu.be/3kDbfSXMNM0?si=8LCcS3j4ywa31JT6

https://youtu.be/sXOpDcNpbYk?si=YgIpBIgBFbdO6spk


青のインスタは👇
아오 인스타그램은👇 @aoblue__
https://www.instagram.com/aoblue__?igsh=OGFmMXd4ZnR5MjY%3D&utm_source=qr




お仕事、撮影のお問い合わせは👇
광고, 촬영문의는👇
m.chillagency@gmail.com





#일본인  #일본인브이로그  #일본여자  #일본인반응   #일본반응  #일본  #일본어 
#japanese #korea #koreavlog   
#韓国生活 #韓国 #韓国vlog #韓国語
#한강하면 #불닭볶음면 #불닭소스 #맵찔이",2026-03-21T09:23:50Z,,22,ko,PT17M38S,2d,hd,false,45541,3181,0,585,public,youtube,True,False,"https://en.wikipedia.org/wiki/Food,https://en.wikipedia.org/wiki/Lifestyle_(sociology)",https://i.ytimg.com/vi/f6xtLElbvEk/maxresdefault.jpg,thumbnails/푸른아오AOBLUE/f6xtLElbvEk.jpg
옴마의요리 Omma’s Cook,UCqD9y739zx0R0lg7-hkkOkg,2i15p_hNFH4,🌯 속이 꽉 찬! 불고기 아보카도 또띠아 롤 (feat. 당근라페 & 에그 스크램블) [옴마의요리],"[RECIPE] 봄나들이 필수템! 불고기 아보카도 또띠아 롤 🌯

따뜻한 봄날, 야외에서 즐기기 좋은 든든한 도시락 메뉴를 소개합니다!
고소한 불고기에 부드러운 아보카도, 아삭한 당근라페를 넣어 식감까지 완벽해요.
여기에 매콤한 스리라차 소스를 곁들이면 끝도 없이 들어가는 마성의 맛이 완성됩니다.
가족, 친구들과 함께하는 피크닉 도시락으로 꼭 만들어 보세요! 💛

🛒 재료 준비 (또띠아 3장 분량)
• 또띠아 (20cm) 3장
• 불고기 (볶아서 준비)
• 당근라페
• 아보카도 2개
• 계란 6개 (스크램블용)
• 적양파 1/3개
• 치즈 6장
• 스리라차 소스 (취향껏)

👩‍🍳 만드는 법
1. 계란 6개를 부드럽게 풀어 촉촉한 스크램블 에그를 만들어줍니다.
2. 아보카도는 으깨주고, 적양파는 얇게 썰어 준비해 주세요.
3. 살짝 구운 또띠아 위에 치즈, 불고기, 당근라페, 아보카도, 스크램블 에그를 듬뿍 올립니다.
4. 재료가 빠지지 않게 돌돌 만 뒤, 먹기 좋은 크기로 썰어주면 완성!
5. 드실 때 스리라차 소스를 듬뿍 뿌려 드시면 더욱 맛있습니다.

🎁 영상에서 사용한 제품 보기
• 👉 시금치 또띠아: https://link.coupang.com/a/eaGXw6
• 👉 신선한 아보카도: https://link.coupang.com/a/eaG0in
• 👉 맛깔난 불고기: https://link.coupang.com/a/eaG38e
• 👉 아삭한 적양파: https://link.coupang.com/a/eaG6iy
• 👉 고소한 치즈: https://link.coupang.com/a/eaG89L

📢 본 콘텐츠는 쿠팡 파트너스 활동의 일환으로 이에 따른 일정 수수료를 제공받습니다.

─────
🍽 더 많은 옴마의 요리를 보고 싶다면 👇
👉 https://www.youtube.com/@ommascook
구독과 좋아요는 큰 힘이 됩니다 💛

🎓 클래스 오픈했어요 🎉
혼자서도 쉽게 따라할 수 있는 집밥 메뉴 모음이에요.
🍳 제 클래스101에서 더 다양한 집밥 레시피를 배워보세요!
👉 https://class101.net/ko/products/68773a8faf80cc9e59180b06

#옴마의요리 #집밥레시피 #홈쿠킹 #요리초보환영 #도시락메뉴
 #또띠아롤 #피크닉도시락 #아보카도레시피 #불고기또띠아랩",2026-03-25T03:00:02Z,,27,ko,PT2M54S,2d,hd,false,534,8,0,4,public,youtube,True,False,"https://en.wikipedia.org/wiki/Food,https://en.wikipedia.org/wiki/Lifestyle_(sociology)",https://i.ytimg.com/vi/2i15p_hNFH4/maxresdefault.jpg,thumbnails/옴마의요리OmmasCook/2i15p_hNFH4.jpg
조빵이Jo_BB,UCNQrGj9AStmVtTOICoE1WcQ,mh-nvIWinK4,"(1시간) 잠들기 전 보기 좋은 홈베이킹 브이로그 영상 모음 7 / 두바이초콜릿, 휘낭시에, 땅콩쿠키, 초코디저트_baking vlog, dessert vlog, 베이킹브이로그","➰contact : yunjbbb@gmail.com
➰instagram: https://www.instagram.com/jo__bb2


*레시피 사용 시 출처를 밝혀주세요.
*영상의 2차 편집 및 재업로드를 금지합니다.
*불쾌한 댓글은 무통보 삭제 후 차단합니다.",2026-03-21T12:01:15Z,,22,ko,PT45M23S,2d,hd,false,2385,70,0,2,public,youtube,True,False,"https://en.wikipedia.org/wiki/Food,https://en.wikipedia.org/wiki/Lifestyle_(sociology)",https://i.ytimg.com/vi/mh-nvIWinK4/maxresdefault.jpg,thumbnails/조빵이Jo_BB/mh-nvIWinK4.jpg
성실푸드(Sung-Sil Food),UCQP_2Ckztg0vGmQdaedv4BQ,4-lNMNcEKLY,냉동치킨에 관한 궁금증과 닭고기 보관 노하우,"냉동치킨을 사용해도 맛과 식감에 큰 차이가 없는지 궁금하신 분들을 위해 준비했습니다. 이번 영상에서는 닭고기 보관 방법과 냉동치킨 해동 요령을 실제 조리 과정을 통해 설명드립니다. 닭고기를 냉장 보관할 때 적정 온도는 어떻게 설정해야 하는지, 냉동치킨을 급하게 해동했을 때 조직이 왜 단단해지는지, 그리고 자연해동이 왜 중요한지 구체적으로 다룹니다. 특히 치킨 장사를 하시는 분들이라면 닭고기 회전율과 보관 온도 관리가 얼마나 중요한지 꼭 확인해보셔야 합니다. 냉동치킨도 올바르게 해동하면 충분히 판매가 가능하지만, 닭고기 신선도를 유지하려면 기본 원칙을 지키는 것이 핵심입니다. 치킨 품질을 한 단계 올리고 싶다면 이번 닭고기 보관 노하우 영상을 끝까지 시청해보세요.

#치킨 #냉동치킨 #닭고기",2026-02-26T04:45:01Z,"염지닭납품,염지닭,염지닭보관,닭염지공장,닭염지비율,닭염지하는법,치킨염지,치킨염지제사용법,염지닭튀기기,닭구이염지,치킨염지레시피,닭염지시간,옛날통닭창업,옛날통닭창업비용,옛날치킨집,옛날통닭레시피,통닭집창업,치킨집창업,치킨집창업비용,치킨집창업준비,개인치킨집창업,치킨창업,치킨가게창업,치킨장사,치킨집노하우,치킨집순수익,치킨집홍보,치킨집,치킨납품,치킨단가,치킨사업,치킨집마진율,치킨자영업,치킨이만들어지는과정,치킨처리,치킨조각개수,치킨눅눅,치킨포장,치킨값,냉동한치킨,치킨재가열,신메뉴치킨,치킨파우더치킨,치킨집튀김기,치킨집기름교체,치킨집기름교체시간,치킨선생,치킨스쿨,치킨강의,치킨시간,치킨활용,치킨꿀팁,치킨하는법,닭강정창업,닭강정창업비용,닭강정체인점,닭강정프랜차이즈,닭강정가게,닭강정레시피,닭강정집,닭강정만드는법,닭강정공장",26,ko,PT6M44S,2d,hd,true,10867,22,0,0,public,creativeCommon,True,False,https://en.wikipedia.org/wiki/Food,https://i.ytimg.com/vi/4-lNMNcEKLY/maxresdefault.jpg,thumbnails/성실푸드Sung-SilFood/4-lNMNcEKLY.jpg
옥전농부(나무노래소통),UC6e9t_AGDGJfs_Zch7koxNA,3RgsKkT_8Pk,#옥전농부 #2026년 3월 28일#아침을 깨우는 즐거운 노래#오늘도 즐겁고 행복한 하루되세요,This stream is created with #PRISMLiveStudio,2026-03-28T00:42:47Z,,24,ko,PT2H1M18S,2d,hd,false,306,14,0,1,public,youtube,True,False,https://en.wikipedia.org/wiki/Music,https://i.ytimg.com/vi/3RgsKkT_8Pk/hqdefault.jpg,thumbnails/옥전농부나무노래소통/3RgsKkT_8Pk.jpg
비노이스타 Vinoista,UCho-kNWD5gnMRwh5hSWjofg,TvFW244rwZE,언제까지 뉴질랜드 마실래?! 이것이 소비뇽 블랑 정점,"상세르(Sancerre)의 거장이자 탑 생산자로 손꼽히는 파스칼 코타(Pascal Cotat)의, '라 그랑 코트(La Grande Côte)'를 소개합니다.

🛒 영상 속 와인 구매하기 (데일리샷)
아래 링크를 통해 파스칼 코타의 와인을 편리하게 구매하고 집 근처에서 픽업하실 수 있습니다.

👉 구매 링크: https://open.dailyshot.co/5mys84
추천인 코드: 비노이스타 (3,000P 증정)

#와인 #와인추천 #데일리샷",2026-03-26T09:00:27Z,"비노이스타,Vinoista,곽태경,와인수입사,소믈리에,와인추천,가성비와인,데일리와인,와인입문,마트와인추천,Wine,Sommelier,WineTasting,KoreanSommelier",19,ko,PT5M38S,2d,hd,false,1961,58,0,15,public,youtube,True,False,"https://en.wikipedia.org/wiki/Food,https://en.wikipedia.org/wiki/Lifestyle_(sociology)",https://i.ytimg.com/vi/TvFW244rwZE/maxresdefault.jpg,thumbnails/비노이스타Vinoista/TvFW244rwZE.jpg
집나간아들 Runaway Son,UCn64fSqF2l4rkkjtQUpku2A,xf9rmttCVHs,무말랭이에 소주를 부으면 순식간에 맛있는 요리가 완성됩니다! 오독오독 이거 대박이네요!,"#무말랭이 
재료
무말랭이 200~300g
청고추, 홍고추, 양파 등
소주 1/2병

진간장 2컵
맛술 1컵
식초 1컵
설탕 1컵
물 2컵

*태그된 제품은 재고상황, 검색문제 등으로
대체 품으로 태그될 수 있습니다

저작권은 집나간아들 Runaway Son에게 있습니다.
무단 전재, 재배포 및 이용(AI 학습 포함) 금지
구독은 무료입니다.
감사합니다.
비지니스 문의 alstlr9202@gmail.com",2026-03-27T23:00:00Z,"무장아찌,무,말린무장아찌,무말랭이,무말랭이요리,무요리,무우,무우요리,무말랭이소주,소주요리,요리,반찬",26,ko,PT2M12S,2d,hd,false,1813,66,0,0,public,youtube,True,False,"https://en.wikipedia.org/wiki/Food,https://en.wikipedia.org/wiki/Lifestyle_(sociology)",https://i.ytimg.com/vi/xf9rmttCVHs/maxresdefault.jpg,thumbnails/집나간아들RunawaySon/xf9rmttCVHs.jpg
먹지희Mukjihee,UCgVbqwV517Dsu1cRbk2ZM3g,xQZhiki0keI,[먹방브이로그] 요즘 내 최애 음식=마라샹궈+크림새우ˁ ˈ ᵕ ˈ ˀ ♥️ (크림김치볶음밥 킬바사 마라샹궈 크림새우 마라엽떡 불닭+타코 순두부열라면 야곱 마늘떡볶이 얼갈이비빔밥 ),"안녕하세요 무지분들 ~~~~
이번 브이로그는 잔잔+맛도리 영상입니다💛
저 광주 먹투어 다녀왔는데 역대급 숙취와서 ..
넘 힘들었지만 잘 이겨내고 집으로 돌아왔숨미다👍🏻
잔잔~하지만 맛난 거 마니마니 먹은 영상이라 
다들 좋아해주실 것 같아효..🫰🏻헣헣
오늘도 영상 보러와주셔서 넘넘 감사드리고 울 무지분들 
숙취없는 행복 가득한 맛있는 한 주 보내ㅅㅔ용⭐️
다들 사랑함미다 쪽..🫶🏻
.
.
. 
.
타임라인⺣̤̬ෆ 

00:00 ㅇ에휴..내 입맛은 언제쯤 사라질까?
00:28 소림마라 사랑합니다
03:21 크김볶+킬바사
06:06 오빠 오는 날=LA갈비 뜯는 날
07:38 불닭볶음면은 사이드
10:18 돼지파티 스타트~
13:20 해장술 그리고 숙취녀
15:46 얼갈이 비빔밥 승!
17:09 역대급 순두부 열라면
19:28 광운대역 마떡다이천
21:31 내 최애 야채곱창 

* 화질설정은 1080으로 해주시면 더 보기 좋아요!!
구독과 좋아요는 큰 힘이 됩니당 댓글도 너무 좋아요 :) 

🔫 악플 발견시 신고 후 삭제 및 차단합니다!!! 🔫

🖤인스타그램 : xi__hhhhh
🖤이메일: ajrwlgml8634@naver.com
🖤안경 정보: 바온 에고스 안경",2026-03-27T12:03:41Z,,23,ko,PT23M43S,2d,hd,false,40556,810,0,105,public,youtube,True,False,"https://en.wikipedia.org/wiki/Food,https://en.wikipedia.org/wiki/Lifestyle_(sociology)",https://i.ytimg.com/vi/xQZhiki0keI/maxresdefault.jpg,thumbnails/먹지희Mukjihee/xQZhiki0keI.jpg
뚝딱Tooktak,UCkxvX8lNP_TkiLde378oHUg,DryFFzdhSyE,🔴   밑반찬 멸치 꽈리고추조림 뚝딱 생방송,,2026-03-28T05:32:17Z,,24,ko,PT25M56S,2d,hd,false,565,86,0,1,public,youtube,True,False,"https://en.wikipedia.org/wiki/Food,https://en.wikipedia.org/wiki/Lifestyle_(sociology)",https://i.ytimg.com/vi/DryFFzdhSyE/maxresdefault.jpg,thumbnails/뚝딱Tooktak/DryFFzdhSyE.jpg
푸드월드 Korean Street food,UC7zdkOtCFhPflymVkRL52NA,x97R_KtOA8Q,"""매일 아침 확인하세요! 소변 색깔이 '이 색'이면 당장 병원 가야 합니다""","ℹ️ Food Information
항상 푸드월드의 영상을 봐주셔서 감사드립니다! (클릭하시면 더보기란이 펼쳐져요!)

✅본 영상은 유료광고를 포함하고 있지 않음을 알려드립니다. 
✅화면 상단에서 고화질(HD or 4K)로 선택하시면 더 선명하게 보실 수 있습니다.
✅ ""이 포스팅은 쿠팡 파트너스 활동의 일환으로, 이에 따른 일정액의 수수료를 제공받습니다.""
SNS LINK - https://link.inpock.co.kr/beebbitogether

👍🏻Click Subtitle & before watching set-up for HD or 4K 
👍🏻 영상을 재밌게 보셨다면 '구독과 좋아요' 부탁드려요.^^
🔔  Foodworld 구독 : https://bit.ly/2MAD7Vw
🔔  나만의 맛집 공유 카페  : https://cafe.naver.com/soccer2016

🔴 Location :

🗺️ Naver Map : 

🔴 Music : None

🔴📮 E-Mail : induck2373@naver.com
🔴💬 Comment
       Thanks all of my subscribers ! 
       Have a constructive rest of your day,
       after subbed my channel!!!

🔴Tags : 
#소변색깔 #건강신호 #전립선건강 #방광암증상 #시니어건강 #수분섭취 #신장건강

🔴©️ Copyright
Copyright©️ 푸드월드(Korean Street Food) All Rights Reserved.
Unauthorized reproduction is a violation of applicable laws.",2026-03-28T00:00:00Z,,26,ko,PT2M19S,2d,hd,false,20,3,0,0,public,youtube,True,False,https://en.wikipedia.org/wiki/Health,https://i.ytimg.com/vi/x97R_KtOA8Q/hqdefault.jpg,thumbnails/푸드월드KoreanStreetfood/x97R_KtOA8Q.jpg
삼남자인삼농장,UCOx-mq0cHNKUqtZ2_dlSDmg,WbHiQXaAL7w,산삼 사드시지마세요 키워드세요 가장쉽게 기르는법 산삼 산양삼 장뇌삼 새싹삼,"▼▼ 1,2 산양삼 장뇌삼 모종 씨앗 구매바로가기 ▼▼
https://mkt.shopping.naver.com/link/692d252388f8ef013ba5a60f

전화/문자 문의 : 010-3215-6365

집에서 인삼을 산삼처럼 길러먹는 가장쉬운방법을
공유해드립니다. 영상 보시고 따라하시면 가정에서
누구나 쉽게 재배가 가능합니다. 산삼, 산양삼, 장뇌삼 
사드시지마시고 키워드세요^^ 

00:00 인삼을 산삼 산양삼 장뇌삼 처럼 집에서 키워야 하는 이유
00:46 준비물: 알맞은 흙 배합과 화분 선택법
02:14 산삼 장뇌삼 산양삼 심을 때 꼭 확인해야 할 '뇌두' 주의사항
03:34 산삼 실패 없는 물 주기 및 수분 조절 요령
04:35 산삼 장뇌삼 햇빛 관리 및 영양제 사용 여부
05:32 [이벤트] 모종삼 & 개갑 씨앗 무료 나눔 안내

#장뇌삼모종 #산양삼모종 #산삼모종 
#장뇌삼씨앗 #산양삼씨앗 #산삼씨앗 #묘삼",2026-03-27T12:20:43Z,"산삼씨앗,산삼모종,장뇌삼씨앗,장뇌삼모종,산양삼씨앗,산양삼모종",26,ko,PT6M53S,2d,hd,false,829,50,0,17,public,youtube,True,False,https://en.wikipedia.org/wiki/Lifestyle_(sociology),https://i.ytimg.com/vi/WbHiQXaAL7w/maxresdefault.jpg,thumbnails/삼남자인삼농장/WbHiQXaAL7w.jpg
오뚜기 Daily,UCHvCHuXTg6yfQQ1QCeDQMLg,4rKtuXdkFcI,오뚜기 진비빔면 모르니↗️ 어떻게 이런 생각을~ 비빔천재네!❤️ (30초),"진~이~어~쓰❤️ (중독됨)

진비빔면 모르니↗️
초넉넉 초시원매콤하게~
비빔 천재네!!😲

#진이어쓰 #진비빔면 #진밀면 #허경환",2026-03-20T00:56:51Z,,24,ko,PT31S,2d,hd,false,1961,61,0,14,public,youtube,True,False,"https://en.wikipedia.org/wiki/Entertainment,https://en.wikipedia.org/wiki/Food",https://i.ytimg.com/vi/4rKtuXdkFcI/hqdefault.jpg,thumbnails/오뚜기Daily/4rKtuXdkFcI.jpg
치킨왕 [내돈내산 치킨리뷰],UC0gwvfFwvPxoFk4rwPBiKWw,S1sis8imh-g,bhc의 야심찬 신메뉴 2가지,"p.s 남은 치킨을 냉장고에 넣어 두고 다음날 차가운 상태로 그냥 먹었는데.. 그게 차라리 더 맛있었어요 ㅎㅎ

뭔가 더 수분감이 생겨서 전체적으로 촉촉해지고 또 bhc 특유의 기름맛과 향이 좀 날라가서 그런지 복잡했던 맛이 좀 정돈된 느낌..

다만 매콤함이 좀 더 강하게 느껴지는 듯 했어요~ 그리고 밥에 먹으니까 짠맛이 중화되서 치밥용으로는 괜찮은 것 같아요 ㅎㅎ

✔영상에 태그된 제품을 클릭하고 쿠팡에서 24시간 내에  원하시는 제품 아무거나 구매하시면, 치킨왕이 약간의 수수료를 받게되어 내돈내산 리뷰 제작에 정말 큰 힘이 됩니다!
 
✔ 이 영상은 광고없는 100% 내돈내산 리뷰입니다.

✔ 치킨왕 멤버십 가입하기!
https://www.youtube.com/channel/UC0gwvfFwvPxoFk4rwPBiKWw/join

✔영상의 모든 내용은 저의 개인적인 의견입니다. 편하게 참고만 해주세요!

✔ 이메일 : a631888@naver.com",2026-03-27T09:48:11Z,"bhc,신메뉴,쏘이갈릭킹,골드킹,허니콤보,교촌치킨,교촌 허니콤보,쏘이갈릭킹 허니,쏘이갈릭킹 오리지날,bhc 쏘이,bhc 신메뉴,bhc 갈릭",24,ko,PT2M31S,2d,hd,false,12208,204,0,56,public,youtube,True,False,"https://en.wikipedia.org/wiki/Food,https://en.wikipedia.org/wiki/Lifestyle_(sociology)",https://i.ytimg.com/vi/S1sis8imh-g/maxresdefault.jpg,thumbnails/치킨왕내돈내산치킨리뷰/S1sis8imh-g.jpg
아기맹수 김시현,UCVvMCyrOr1i7pOpQpZ_fg1w,6uYCM_BO4YU,아기맹수 김시현의 달래김밥 레시피,"📌달래김밥 레시피
💚달래는 마늘 같이 아린 맛이 있어서 기름진 고기와 좋은 조합!
💚달래 뿌리 부분은 양념장용으로, 줄기 부분은 김밥 속 재료로 활용!
1. 달래김밥 양념장 : 다진 달래 뿌리 2스푼, 고춧가루 2, 간장 1, 멸치 액젓 1, 매실청 1, 올리고당 1, 참기름 2, 깨 1
2. 대패삼겹살 밑간: 대패삼겹살 300g, 간장 1, 올리고당 1, 후추 조금
3. 남은 기름에 약불로 대파 굽기
4. 김밥용 밥 밑간: 밥 큰 공기 300g, 깨 1, 소금 2꼬집, 참기름 1
5. 김밥용 김의 거친 면에 밥을 펴바르고 속재료 넣고 말면 끝~!

#달래김밥 #달래 #김밥 #아기맹수 #김시현 #레시피

📫Ad Contact
backho2301@gmail.com
🕊️IG
@_hyeonsi",2026-03-27T08:00:05Z,,22,ko,PT12M38S,2d,hd,false,24725,2040,0,305,public,youtube,True,False,"https://en.wikipedia.org/wiki/Food,https://en.wikipedia.org/wiki/Lifestyle_(sociology)",https://i.ytimg.com/vi/6uYCM_BO4YU/maxresdefault.jpg,thumbnails/아기맹수김시현/6uYCM_BO4YU.jpg
입질의추억TV jiminTV,UCY2uWQDCzn_ZE-JpTfDRR2A,y_gwijqlLVI,1인 70만원짜리 스시 오마카세... 내용물이 충격적이었습니다,"#스시카네사카 #스시오마카세 #오마카세

비즈니스 문의 : fishingman@tmcentkorea.co.kr
입질의 추억 인스타그램 : https://www.instagram.com/slds3
입질의 추억 네이버 블로그 : https://blog.naver.com/slds2
입질의 추억 티스토리 블로그 : https://slds2.tistory.com
입질의 추억 페이스북 : https://www.facebook.com/slds22
입질의추억 유튜브 구독하기 : https://www.youtube.com/입질의추억tv

오늘은 도쿄 긴자의 유명 스시 오마카세인 '스시 카네사카' 다녀온 후기를 소개합니다. 입질의추억TV를 구독(무료)하는 것은 사랑입니다~♥ '좋아요와 알림설정도' 부탁드려요! ^^

- 총괄 및 기획 : 김지민, 조정연
- 촬영 및 가편집 : 김지민
- 종합 편집 : 안수영

00:00 도쿄 긴자 스시야에 대해
00:28 이렇게 비싼데 과연 차이가 있을까? 
01:39 방문 이유 & 스시 카네사카에 대해
03:55 신지 카네사카 & 분위기
04:49 긴자 스시야 술값에 대해
05:52 오리지널 뱅어
06:52 참굴
07:23 참치 속살
08:13 참돔회 & 숙성 정도
10:03 가리비 관자
10:57 스시 오마카세 즐기는 팁
11:28 옥두어 차완무시
11:44 대게
12:26 광어 초밥
13:13 샤리(밥) 느낌
14:22 참치 속살 초밥
15:26 참치 뱃살 초밥
15:43 안키모
16:44 무늬오징어
17:55 전어 초밥
18:28 흰돗대기새우 초밥
19:07 키조개 관자 초밥
19:52 전갱이 초밥
20:49 장국
21:04 주욘다이 사케
21:14 왕우럭조개 초밥
21:34 이것이 70만원짜리 맛이라고 느껴지지 않는 이유
23:06 성게 초밥
23:30 붕장어와 교꾸
24:04 해삼 초회
24:43 네기도로 마끼
25:06 후식
25:27 총평
26:54 얼마면 먹을래?
27:41 두 가지 유형의 긴자 스시야

입질의 추억의 Shorts ↓↓↓
https://www.youtube.com/playlist?list=PLd4fUtz0QVASK299dTIuT1MQj5CRncq3k

입질의 추억의 어류, 생선 ↓↓↓
https://www.youtube.com/playlist?list=PLd4fUtz0QVASvLY7_3uYcW2ZwrQBDIWCv

입질의 추억의 갑각류, 해산물 ↓↓↓
https://www.youtube.com/playlist?list=PLd4fUtz0QVAR_kVXWGfLQpqE67mJcG5QK

입질의 해산로드 ↓↓↓
https://www.youtube.com/playlist?list=PLd4fUtz0QVAQqNWChsgFmz3Er8rI0fW0q

입질의 추억의 푸드 트럭, 과연 먹을만 할까? ↓↓↓
https://www.youtube.com/playlist?list=PLd4fUtz0QVARwsmaFligp-UhWAHZtjN3o

입질의 추억의 수산시장 탐방 ↓↓↓
https://www.youtube.com/playlist?list=PLd4fUtz0QVAQHxDjV_quwK95IHFTZmwa-

입질의 추억의 월별 제철 수산물 ↓↓↓
https://youtube.com/playlist?list=PLd4fUtz0QVARnMBQdHu-gXWJje7bydhoF&si=3sX6nnCyoVjIHNcj

입질의 추억의 기생충 이야기 ↓↓↓
https://www.youtube.com/playlist?list=PLd4fUtz0QVATWhwAmbsl2j-Ar0BLKqTiq

입질의 추억의 낚시 ↓↓↓
https://www.youtube.com/playlist?list=PLd4fUtz0QVASGVPnYom-uOcmKeuOGCbE1

입질의 추억의 V-Log ↓↓↓
https://www.youtube.com/playlist?list=PLd4fUtz0QVARYm-f4KqxAQaYycLvTRrA3",2026-03-27T10:00:00Z,"입질의추억,수산물,생선회,스시야,도쿄스시,긴자스시,도쿄여행,긴자맛집,미슐랭,파인다이닝,초밥,뱅어,붕장어초밥,아나고,참치초밥,안키모,스기타,스시사이토",24,ko,PT29M48S,2d,hd,false,301250,3436,0,732,public,youtube,True,False,"https://en.wikipedia.org/wiki/Food,https://en.wikipedia.org/wiki/Lifestyle_(sociology),https://en.wikipedia.org/wiki/Pet",https://i.ytimg.com/vi/y_gwijqlLVI/maxresdefault.jpg,thumbnails/입질의추억TVjiminTV/y_gwijqlLVI.jpg
반진tv,UC6EZKAzHbRuumr2DVx17LRw,rTyhAhv8Njc,오셀렉트 무선 텀블렌더 후기 | 출근길·운동 후까지 한 번에 끝내는 휴대용 블렌더,"instagram : @qkswlsdlek
Mail : qkswlsdlek@naver.com

안녕하세요❤️ 반진입니다 😍

이번 영상에서는 오셀렉트 무선 텀블렌더 직접 사용 후기입니다
요즘 아침마다 과일 챙겨 먹고 싶지만 믹서기 꺼내기 귀찮아서 고민이었다면 이 제품 하나로 해결됩니다
텀블러 + 블렌더가 합쳐진 구조라 출근길, 사무실, 운동 후까지 어디서든 간편하게 사용할 수 있는 게 가장 큰 장점이에요

✔ 버튼 한 번으로 끝나는 간편 블렌딩
✔ 딸기, 바나나도 부드럽게 갈리는 성능
✔ 헤드 교체로 텀블러 활용 가능
✔ 물로 헹구면 끝나는 쉬운 세척
✔ 보온/보냉 기능
✔ SUS304 스테인리스 소재

특히 운동 후 단백질 쉐이크용으로도 활용도가 높고 외출이나 캠핑에서도 하나로 해결 가능한 제품입니다

📌 오진양행 스마트스토어
3/4(월)~4/30(목)까지 
텀블렌더 쿠폰 할인 프로모션 진행

재미있게 시청해주셨으면 좋겠습니다.
구독, 좋아요 부탁드릴게요. 감사합니다 ❤️

#텀블렌더 #텀블러 #블렌더 #유료광고 
https://smartstore.naver.com/ohjin/products/12337743461",2026-03-22T07:36:24Z,"텀블렌더,텀블러,블렌더,오진양행,믹서기,직장인필수템,운동필수템,자취필수템,등하교필수템,출퇴근필수템,텀블렌더출시,신제품출시",26,ko,PT3M23S,2d,hd,false,1009,0,0,5,public,youtube,True,False,https://en.wikipedia.org/wiki/Lifestyle_(sociology),https://i.ytimg.com/vi/rTyhAhv8Njc/maxresdefault.jpg,thumbnails/반진tv/rTyhAhv8Njc.jpg
리아버거가게,UCN728nR9XbzXICnHXUAvbbA,FwqGDTVUACA,롯데리아 빠뜨롱 나와~!!,"악어와 악어새의 만남…
이거 어려운 거예요?

#침착맨 #롯데리아 #통다리크리스피치킨버거",2026-01-20T01:00:33Z,,24,ko,PT1M10S,2d,hd,true,71670,1548,0,316,public,youtube,True,False,,https://i.ytimg.com/vi/FwqGDTVUACA/maxresdefault.jpg,thumbnails/리아버거가게/FwqGDTVUACA.jpg
밥할머니.,UCjUKBQtBBJ_TocIkmpKwTBA,1CFj3dEq9v4,"[풀버전] 양배추 드가면 학실히 맛있대이, 밥할머니 짜장밥","밥할머니 짜장밥

재료 : 돼지고기, 새우, 통마늘, 양파, 애호박, 당근
양념 : 짜장분말, 소금, 전분, 원당, 혼쯔유, 
기타 : 포도씨유, 계란

1. 모든 재료를 먹기 좋은 사이즈로 썰고, 전분을 물에 개어 준비합니다.
2. 포도씨유를 충분히 넣고 돼지고기와 마늘, 양파를 넣고 볶다가 감자, 새우를 넣고 볶습니다.
3. 고기가 어느정도 익으면 야채를 넣고 살짝 볶습니다.
4. 재료가 잠길 정도 물을 넣고 짜장가루를 넣고 섞어준 후 원당과 물, 전분을 넣고 잘 섞어주세요.
5. 걸쭉하게 되면 밥에 얹고 계란후라이를 추가하면 끝!
 

#밥할머니 #cooking. #간짜장 #짜장면 #짜장 #짜장면만들기",2026-03-27T08:00:01Z,"할머니밥,집밥,요리,반찬,요리법,레시피추천,오늘뭐먹지,저녁밥,뭐먹지,먹을텐데,엄마집밥,소울푸드",26,ko,PT20M33S,2d,hd,false,1885,93,0,13,public,youtube,True,False,"https://en.wikipedia.org/wiki/Food,https://en.wikipedia.org/wiki/Lifestyle_(sociology)",https://i.ytimg.com/vi/1CFj3dEq9v4/maxresdefault.jpg,thumbnails/밥할머니/1CFj3dEq9v4.jpg
구름이네일상,UCNdERLUICkazXRMp0_ZSKMw,BoDYGEjNG0k,환절기 기침감기에 최고‼️#요리 #레시피 #집밥 #반찬 #나물 #recipe,"📌저는 재래시장에서 5천원에 구입했어요.
     아마 일반마트에서는 구입하기 어려울 것 같고
     재래시장이나 인터넷을 통해서 구입하는게 좋을 것 같아요. : )
     구입이 어려운 분들은 제가 구입태그 걸어놓을게요.
     참고해서 구입하시면 될 것 같아요. : )
     즐거운 하루 보내세요!!

재료
쑥부쟁이크게두줌
다진마늘1/3, 고춧가루1/3, 국간장1/2, 소금1/2티스푼
들기름2, 깨소금1
(추가) 소금한꼬집

#요리 #레시피 #집밥 #나물 #반찬 #recipe 

문의 : lsy7163@naver.com
인스타 : https://www.instagram.com/ggurrrmine/
유튜브서브채널 : https://www.youtube.com/channel/UCnd_NfRUxjpaLmelv62toKA",2026-03-27T04:30:11Z,"요리,레시피,집밥,반찬,나물,나물반찬,간단요리,봄반찬,봄나물,쑥부쟁이,부지깽이,도시락,반찬종류,밑반찬,밑반찬종류,나물종류,자취요리,초보요리,엄마반찬,일분요리,뚝딱,초간단레시피,초간단반찬,다이어트,다이어트반찬,다이어트레시피,recipe,dish,dishes,korean,koreanfood,korean dish,korean recipe,home meal,easy recipe,diet,diet recipe",26,ko,PT1M54S,2d,hd,false,1604,53,0,3,public,youtube,True,False,"https://en.wikipedia.org/wiki/Food,https://en.wikipedia.org/wiki/Lifestyle_(sociology)",https://i.ytimg.com/vi/BoDYGEjNG0k/maxresdefault.jpg,thumbnails/구름이네일상/BoDYGEjNG0k.jpg
아메리칸 미트스토리,UCYqKok1NJsZ2KXBrelUwatA,NAAip1BtyXw,🏠미팅홈3 with 후맘 ④신세대 시어머니의 꿀팁 밋프렙  🥩 개학 시즌 고민 해결! 미국산 돼지고기 다짐육 양념소보로,"#후맘 #밋프렙 #양념소보로
🎁댓글 이벤트🎁
미국육류수출협회 x 후맘님과의 Meat-ing!
미팅홈 Meating Home Season 3🏠

MZ 감성 가득한 후맘과 신세대 시어머니의 찰떡 케미!
개학 후 지쳐버린 며느리를 위해 시어머니 번개처럼 등장♥️
시어머니의 솔루션은? 미국산 돼지고기 만능다짐육 밋프렙(Meat-Prep)!

미국산 돼지고기 다짐육은 씹을수록 고소한 육즙이 가득~
단백질과 비타민이 풍부해 성장기 아이들에게 필수👀
개별 포장이라 보관까지 갓벽해 편리함은 기본이죠? 📦

간단하게 다짐육을 볶아 양념 소보로 하나 만들어두면
초간단 또띠아 피자부터 주먹밥까지, 다양한 메뉴에 쓸 수 있어요!

뭐든지 마~이 해놓고 언제든 찹찹! 꺼내 먹는 든든한 밋프렙!
영양 만점 미국산 돼지고기 만능다짐육으로 시작해 볼까요?✨

✅개별 포장으로 보관까지 간편! 고소함 팡팡 미국산 돼지고기 다짐육을 롯데마트에서 만나 보세요! 🛒

https://bit.ly/4ugnPGh 

🎁EVENT🎁 
후맘 님과 선보인 특별한 Meat-ing! 
이번 시즌에서 가장 기억에 남는 부분은 무엇인가요?
댓글에 남겨 주세요, 추첨하여 쟌슨빌 소시지 피자를 보내드립니다♥️

✅참여 방법 
영상 시청 후 이번 시즌에서 가장 기억에 남는 부분과 이유를 댓글에 남기기
📅기간 
03/09~03/15


#미국육류수출협회 #아메리칸미트스토리
#USMEF #USPork #MeatingHome #GroundPork #hoo_mom#미국산돼지고기 #미팅홈 #돼지고기다짐육 #다짐육 #밋프렙 #소분 #후맘",2026-03-10T05:00:19Z,,26,ko,PT8M19S,2d,hd,false,63122,80,0,75,public,youtube,True,False,"https://en.wikipedia.org/wiki/Food,https://en.wikipedia.org/wiki/Lifestyle_(sociology)",https://i.ytimg.com/vi/NAAip1BtyXw/maxresdefault.jpg,thumbnails/아메리칸미트스토리/NAAip1BtyXw.jpg
해남고구마사랑방,UCk_3a-MuiKzU89FM-uyNPug,0XfuqigOhE4,고구마 모종  예약 판매 꿀고구마(베니하루카) 호박고구마(호풍미) 밤고구마,"고구마모종 예약, 판매 꿀고구마모종 호박고구마모종 밤고구마모종
고구마모종 주문, 고구마재배등 문의는 010-4369-4446 로 문의 주세요
고구마모종 예약 주문은 문자메세지로 받습니다.
받으실분 성함, 주소, 받으실 날짜와 함께 품종 수량을 보내주시면 답장메세지 드립니다
010-4369-4446 최준성
 @해남고구마사랑방",2026-03-08T22:11:41Z,"고구마,고구마농사,고구마재배,고구마모종,해남고구마사랑방",27,ko,PT6M7S,2d,hd,false,10205,26,0,4,public,youtube,True,False,"https://en.wikipedia.org/wiki/Food,https://en.wikipedia.org/wiki/Lifestyle_(sociology)",https://i.ytimg.com/vi/0XfuqigOhE4/maxresdefault.jpg,thumbnails/해남고구마사랑방/0XfuqigOhE4.jpg
복부인,UCc__HbmQYkWOMWOQeofrLNw,MArSqC5lgpA,복부인  컵라면라볶이 먹다 너무 매워서 치즈떡볶이로 했는데 너무 맛있어요~먹방 mukbang ,"복부인 복 많이 받으시고 건강하시고 부자되소서~~~♡ 남을 험담하고 싫어하고 미워하는 마음은 싸이고싸여 건강에 안좋고ㅜㅜ 남을 좋아하고 칭찬하면 건강에도 좋고 복이 온데요^^♡ 복부인 큰덩치와는 안어울리게 많이 많이 마음이 여려서 눈물이 자주 나오는점 이해해주시어용~♡
 ●인스타 ㅡ yuseonmi990
 ●틱톡 ㅡtiktok.com/@xogm1209 ★★★
1.★.후원방법★- 
투네이션https://toon.at/donate/xogml088 ★. 유뷰트에서 채팅부분에 $ ★ 맴버쉽가입은 - https://www.youtube.com/channel/UCc__HbmQYkWOMWOQeofrLNw/join2. 이메일문의 ㅡ pretwon@naver.com 카톡친추 xogm0988 지루님은 xogml088 하셔서 보톡,문의, 3 영상 화면 위 오른쪽 점점점 누르고 품질에 숫자 제일 높은거 누르면 화질 완전 좋게나옵니다 친목질 하지말아주셔요!!! 방송하는분 힘빠집니다 제방송 채팅에서 친해졌다고해서 카톡아이디 쓰시거나 친추하자는말은 바로 차단입니다!!! 타스트리머 언급금지!!! 4..모욕적인 댓글 개인정보는 고소되오며, 봐달라고 하셔도 절때 안봐드립니다!!! 방송에선 어리버리하고 바보같아보여도 얕보시면 눈물 흘리십니다!!! 저의 모든 동영상 및 사진의 저작권은 https://www.youtube.com/c/복부인 에있으며 무단으로 사용시 처벌대상이 되옵니다!!! 댓글에 비꼬시거나 나쁜글 쓰시면 차단되십니다!!! 5.★ 좋아요와 구독하기 눌러주세용★ 웃긴울어재미귀여운강아지예쁜뚱녀사랑설레감동몰카키스글래asmr 面白い泣い楽しみかわいい犬きれいな太った女性の愛ワクワク感動盗 撮 This stream is created withThis stream is created with #PRISMLiveStudio",2026-03-27T20:50:17Z,,22,en,PT18M10S,2d,hd,false,4980,0,0,0,public,youtube,False,False,"https://en.wikipedia.org/wiki/Food,https://en.wikipedia.org/wiki/Lifestyle_(sociology)",https://i.ytimg.com/vi/MArSqC5lgpA/maxresdefault.jpg,thumbnails/복부인/MArSqC5lgpA.jpg
꽃자매애미쿡,UCvHFhJQv7_8MSXX3JuZ7sZA,QOglpth2e8Y,[vlog]일상 브이로그/아이들과 버스데이트 / 먹방 / 카페투어 / 공공와이파이 써봤어요,"아이들과 오랜만에 버스데이트했어요!
심심한 아이들 #공공와이파이 연결해서 써보니 빠르고 좋더라구요!
주변에 많이 생겨 더 좋으니 아래 주소를 통해 
내 주소 검색하기로 위치확인(모바일을 통해 확인 가능)해보세요!
https://wififree.kr/index.do 


'본 영상은 브랜드로부터 제작비를 지원받아 제작되었습니다'


인스타그램
https://www.instagram.com/ggool25/
이메일
kjin8282@naver.com",2023-01-05T03:15:11Z,"우리동네공공와이파이,공공와이파이,public_wifi",22,ko,PT8M1S,2d,hd,false,1459,11,0,8,public,youtube,True,False,https://en.wikipedia.org/wiki/Lifestyle_(sociology),https://i.ytimg.com/vi/QOglpth2e8Y/maxresdefault.jpg,thumbnails/꽃자매애미쿡/QOglpth2e8Y.jpg
전문점 레시피 '파는맛',UC7JCi7Wcyfs7URQ0K6_8-gg,fw7YaRWSQY4,엽기떡볶이 사장님도 놀랄 싱크로율 레시피ㅣ이영상으로 엽떡 레시피 종결.,"#파는맛 #엽떡 #엽기떡볶이 #떡볶이 #떡볶이레시피 #로제엽떡 

오늘 '파는맛' 엽기떡볶이 황금레시피 입니다.
저희 본사에서 내부적으로 개발해뒀던 엽떡 커버 레시피를 공개 합니다.
대용량 레시피도 신청하시는 분들께 나눠드리니 참고하셔서 나만의 엽떡을 한번 만들어 보세요.^^

페이지 링크. 
https://bit.ly/3YJtZjQ

재료)

떡 300g
물 700ml
어묵 50g
봉어묵 3개
비엔나 6개
양배추 100g
불린중국당면 50g
분모자 2개


양념)
굵은고추가루 10g 3tsp
가는고추가루 10g 3tsp
베트남 고춧가루 5g 1tsp
캡사이신 4g 1tsp
설탕 45g 3T
소고기다시다 15g 3tsp
사골분말 4g 1tsp
핵산2.5. 15g 2tsp
후추 3g 1tsp
마늘가루 5g 1tsp
양파가루 5g 1tsp

양념 총중량 120g
 (분모자,중국당면 추가시 물700ml 1회 사용분량 120g, 떡과 어묵,양배추,비엔나만 넣고 토핑없을땐 물500ml 양념분말100g)


로제)
우유 100ml
크림분말 20g 2T",2026-03-21T13:16:22Z,,22,ko,PT7M6S,2d,hd,false,1502,82,0,21,public,youtube,True,False,"https://en.wikipedia.org/wiki/Food,https://en.wikipedia.org/wiki/Lifestyle_(sociology)",https://i.ytimg.com/vi/fw7YaRWSQY4/maxresdefault.jpg,thumbnails/전문점레시피파는맛/fw7YaRWSQY4.jpg
ㄴ신봉선ㄱ,UCQkIH55mkTKgecG2HTYAk1Q,vybAjdfkh48,지경선이!! 꼰대희! 내 너거를 정말 가만안둬!! (ft. 삼자대면 뒷이야기),"#신봉선 #꼰대희 #김대희 #지경선 #장동민

지경선 씨 미인이긴 하드만.. 아무 관계없는 거 맞제?!
자꾸 뽀뽀로 어물쩍 넘어가려 하지 마소💢 
그리고 동민아 나눠먹기 싫어서 그런 거 아니야
이 엄마의 모성애에 대해 오해 노노~🫶🏻
──────────────────
※ 본 콘텐츠 및 출연자와 무관한 댓글과 무분별한 욕설, 비난 등의 악의적인 댓글은 무통보 삭제될 수 있습니다.",2026-03-27T10:01:12Z,"신봉선,셀럽파이브,무한걸스,놀면뭐하니,신미나,bbongssuny,셀파,ㄴ신봉선ㄱ,송은이,김신영,안영미,판벌려,김다비,둘째이모김다비,캡사이신,무걸,꼰대희,김대희,지경선,밥묵자,장동민,동민엄마,꼰대희지경선,꽁트,아정당,김대희와이프,comedy,롤플레잉",22,ko,PT24M59S,2d,hd,false,153545,4905,0,270,public,youtube,True,False,,https://i.ytimg.com/vi/vybAjdfkh48/maxresdefault.jpg,thumbnails/ㄴ신봉선ㄱ/vybAjdfkh48.jpg
쥬쥬레시피 joojoo,UCE-gE1KJ3qAjeQAD73UFUCA,dPzhctr_x6Q,"[cafe vlog] 달콤함 한도초과 디저트카페🍫🍭, 하루종일 타르트 굽고 음료 만드는 카페사장 브이로그💖","오늘도 시청해 주셔서 감사합니다. 
항상 행복하고 즐거운 하루 보내세요! :)


포항에 위치한 타르트전문점 카페몬드입니다.
cafe insta @_cafemond 


#두바이쫀득쿠키 #두바이쫀득타르트 #두바이초콜릿 
#카페브이로그 #카페사장 #디저트만들기 #타르트맛집 #두바이타르트 #무화과타르트 #베이킹클래스 #CafeVlog #TartMaking",2026-03-23T05:10:56Z,,22,ko,PT13M24S,2d,hd,true,2791,106,0,17,public,youtube,True,False,"https://en.wikipedia.org/wiki/Food,https://en.wikipedia.org/wiki/Lifestyle_(sociology)",https://i.ytimg.com/vi/dPzhctr_x6Q/maxresdefault.jpg,thumbnails/쥬쥬레시피joojoo/dPzhctr_x6Q.jpg
향쿡 HYANG COOK,UCZB46K4sfmsenbUMYi16Q_A,B5rNPS5Cdjg,"단체급식 일본식 두부요리, 두부로 이런 요리가 됩니다! 겉쫀속촉 ""아게다시도후"" 레시피/단체급식, 구내식당 레시피/Agedashi Tofu ::250","❤설정에서 화질 720p 설정해서 보시면, 좀 더 선명하게 보실 수 있어요 🎥
❤If you set the resolution to 720p, you can see it's clearer. 🎥

📍약 24인분 정도 됩니다.

* 재료
⦁ 두부⦁ 소금⦁ 쪽파 13줄 정도⦁ 무 (무오로시) 600g⦁ 전분가루⦁ 가쓰오부시

*소스 재료
⦁ 물 1000ml⦁ 생강 10g⦁ 혼다시 13g⦁ 미림 200g⦁ 간장 213g⦁ 설탕 150g⦁ 전분물



💛향쿡의 영상과 레시피는 유튜브와 네이버TV, 만개의 레시피, 인스타그램, 블로그에만 업로드하고 있습니다.
💛영상을 무단 도용하거나 재편집 및 업로드하는 것을 금지합니다.


#아게다시도후 #단체급식아게다시도후 #향쿡아게다시도후
#단체급식아게다시도후 #아게다시도후소스 #아게다시도후만들기

 
👩‍🍳Instagram 인스타그램 – HYANGCOOK
🍳Naver TV네이버TV – https://tv.naver.com/hyangcook
🍱10000recipe 만개의 레시피 - https://www.10000recipe.com/profile/recipe.html?uid=99952196
🥘Hyangcook Blog 향쿡 네이버 블로그 – https://blog.naver.com/hyangcook",2026-03-15T21:00:18Z,"아게다시도후,아게다시도후 만들기,아게다시도후 소스,아게다시도후 쯔유,아게다시도후 연두부,아게다시도후 에어프라이어,향쿡 아게다시도후,단체급식 아게다시도후,구내식당 아게다시도후,아게다시도후 향쿡,향쿡 두부튀김,두부튀김 향쿡,단체급식 두부튀김,구내식당 두부튀김,두부튀김 소스,두부튀김 소스 만들기,아게다시도후 소스만들기,두부튀김 양념,두부튀김 양념장,단체급식,구내식당,단체급식 레시피,구내식당 레시피,향쿡 레시피,아게다시도후 두부튀김,단체급식 아게다시도후 두부튀김,koreanschoolfood,group meal,large capacity,koreanfood,cookingvideo,이자카야 아게다시도후,일본 두부요리,일본 두부튀김,일본 두부튀김 소스,일본 아게다시도후 레시피,향쿡 아게다시도후 레시피,아게다시도후 두부튀김 만들기,아게다시도후 대용량 레시피",26,ko,PT4M52S,2d,hd,false,2078,117,0,63,public,youtube,True,False,"https://en.wikipedia.org/wiki/Food,https://en.wikipedia.org/wiki/Lifestyle_(sociology)",https://i.ytimg.com/vi/B5rNPS5Cdjg/maxresdefault.jpg,thumbnails/향쿡HYANGCOOK/B5rNPS5Cdjg.jpg
스튜디오 몰링 Studio Malling,UCazHEBmumgKYsCWQ31Ja7TQ,pZ-tjf_RWDs,거실에 폼건을 쏜다? 찌든 때를 거품으로 녹이는 로보락 F25 ACE Pro 습건식 청소기 탐구(런칭특가 35% 할인)ㅣ#구독자이벤트,"✨로보락 F25 ACE Pro 런칭 프로모션✨
바닥 청소 고민, 로보락 런칭 특가로 해결하세요!
👉 https://bit.ly/4luWUTc
✔ 행사 기간:  3/23(월) ~ 4/5(일)
✔ 특가 혜택: 정가 1,090,000원 → 699,000원 (35% 할인)

🔎로보락 F25 ACE Pro 핵심 포인트
• JetFoaming : 1억 6,700만 개 마이크로 버블로 찌든 얼룩과 냄새 원인 오염 제거
• 자동 세정액 디스펜서 : 자동 세정액 혼합으로 사용 편리
• JawScrapers : 머리카락 엉킴 및 물자국 걱정 감소
• SlideTech 2.0 : 밀고 당길 때 전동 보조로 손목 부담 완화
• 자동 고온 세척 & 열풍 건조로 위생 관리

📌#구독자이벤트 
오늘 탐구한 로보락 F25 ACE Pro에 대한 여러분의 생각은 어떠신가요?
여러분의 다양한 의견을 댓글로 남겨주세요. 추첨을 통해 5분께 소정의 선물을 드릴게요.
(맘에 드는 점, 궁금한 점, 아쉬운 점 어떤 의견이든 환영!)

- 참여 기간: 3/25(수) ~ 3/31(화)
- 당첨자 발표: 4/3(금)
- 경품: 네이버페이 1만원권(5명)

-
왜 우리 집 바닥은 닦아도 닦아도 찝찝할까요?
단순히 흡입력 수치만 높으면 끝일까요? 
아니면 우리가 모르는 다른 무언가가 더 필요한 걸까요?

바닥에 찌든 얼룩을 펴 바르기만 하는 청소기는 이제 그만!
이제는 단순히 먼지를 빨아들이는 힘을 넘어,
다양한 오염물과 얼룩을 녹여내고 확실히 제거해주는 세정 능력에도 집중해야 합니다.

우리가 그토록 찾아 헤맨 진짜 괜찮은 청소기의 기준은 무엇인지
로보락 F25 ACE Pro를 통해 제대로 탐구해 볼게요!

💬 오늘의 탐구 주제
① 세정력: 찌든 때 펴 바르기 vs 거품으로 녹여내기
② 압력: 흡입력 vs 밀착력
③ 피로도: 내 손목 힘 vs AI
④ 관리: 걸레 쉰내 원인은 건조시간 vs 온도

📌TIMELINE
00:00 오늘의 탐구 제품
00:21 기준① 세정력
02:54 기준② 압력
05:33 기준③ 피로도
07:14 기준④ 관리
09:34 탐구활동 요약정리

—
가전탐구영역은 단순한 제품 소개가 아니라
왜 써야 하는지, 어떤 기준으로 골라야 하는지를 탐구합니다!

📩비즈니스 문의: malling@cellabel.kr


#로보락 #로보락F25AECPro #진공물걸레청소기
#습건식청소기 #로보락청소기 #물걸레청소기 
#무선청소기 #무선청소기추천 #청소기 #청소기추천 
#생활가전 #가전탐구영역",2026-03-25T10:21:27Z,"스튜디오몰링,스튜디오 몰링,studio malling,가전탐구영역,생활가전,청소기,청소기추천,무선청소기,무선청소기추천,물걸레청소기,습건식청소기,로보락청소기,로보락 F25 ACE Pro,로보락,진공물걸레청소기,로보락 f25,로보락 f25 울트라,로보락 청소기 추천,로보락 청소기 사용법,로보락 청소방법,로보락 청소기 비교,로보락 청소기 냄새,습건식 무선청소기,로보락 습건식청소기",22,ko,PT11M26S,2d,hd,false,53515,0,0,220,public,youtube,True,False,,https://i.ytimg.com/vi/pZ-tjf_RWDs/maxresdefault.jpg,thumbnails/스튜디오몰링StudioMalling/pZ-tjf_RWDs.jpg
조달환 JOLIFE ,UCvIDWCsWxTxB2GR_K0gz4uQ,D1ouw5QiK4k,[위스키] 이거 왜 다들 찾지? 크라이넬리쉬 16 리뷰 그리고 14년 숙성 위스키 전격 비교!! 가성비 스프링뱅크?! #whisky#스프링뱅크 #spring #springbank,"최근 조스키가 참여했던 시음회에서 1위를 한 그 위스키!!
유튜브 한정 크라이넬리쉬16 한국최초 리뷰! :)
14년 위스키는 어떤 위스키가 가장 맛있을까?
----------------------------------------------------

🔹 구독! 좋아요! 는 사랑입니다.💕🙏


🔹 조달환 배우의 다양한 소식은 아래에서도 확인 가능합니다.


▶️ 조달환 Instagram
   / jo_dalhwan  

————————————————————————————

🔹제휴 및 출연 문의 : jolife0828@gmail.com

#조달환 #조라이프 #조탁구 #배우조달환 #연기자조달환 #캘리그라피 
#탁구 #시골 #양평 #한량 #오토바이 #모터사이클 #커피 #카페 #연기자 
#배우 #일상 #평양냉면 #캠핑 #모토캠핑 #시골생활 #양평생활
#연극 #공연 #고도를기다리며 
#위스키입문 #위스키 #술 #막걸리 #소주 #술먹방 #맥캘란
#싱글몰트 #싱글몰트위스키 #whiskey #스카치위스키 #크라이넬리쉬
#springbank",2026-03-27T11:45:10Z,"위스키,조스키,크라이넬리쉬16,크라이넬리쉬14,오반14,글렌모렌지14,가성비,가성비위스키,맛집,먹방,술먹방",24,ko,PT8M35S,2d,hd,false,7496,204,0,51,public,youtube,True,False,https://en.wikipedia.org/wiki/Lifestyle_(sociology),https://i.ytimg.com/vi/D1ouw5QiK4k/maxresdefault.jpg,thumbnails/조달환JOLIFE/D1ouw5QiK4k.jpg
남자들의 주부생활 men's cooking,UCaF0QcmXcjGva4vMmJEHRwQ,8UfdJn7E4Yk,인도 친구도 반한 참치 돼지고기 김치찌개 황금 레시피! 🍲 #돼지고기김치찌개 #참치김치찌개,"🛒 준비 재료주재료: 
묵은지 (또는 푹 익은 신김치) , 돼지고기 (앞다릿살, 뒷다릿살, 또는 삼겹살) , 캔 참치 , 대파 , 고추 육수: 육수 팩 또는 코인 육수 1~2알 양념 및 부재료: 참치 캔 기름 , 후추 약간 , 김칫국물 , 고춧가루 (취향껏) , 된장 약간 , 국간장 약간 , 설탕 아주 약간 , 식초 (김치가 덜 익었을 경우) 

👩‍🍳 레시피 
1. 순서육수 내기: 끓는 물에 육수 팩이나 코인 육수를 넣고 10~15분간 끓여 깊은 국물을 준비합니다. 
2. 재료 손질: 대파와 고추는 비스듬하게 어슷썰기 해주고, 돼지고기와 김치도 먹기 좋은 크기로 작게 썰어줍니다. 
3. 볶기: 냄비에 캔 참치에서 빼낸 기름을 두르고, 썰어둔 돼지고기와 김치, 후추를 넣어 센 불에서 달달 볶습니다. (💡꿀팁: 김치가 덜 익었다면 이때 식초를 조금 넣어 신맛을 더해주세요!) 
4. 국물 끓이기: 재료가 익어갈 때쯤, 내용물이 겨우 잠길 정도로 육수를 붓습니다. 국물이 너무 맑다면 김칫국물과 고춧가루를 추가해 주세요. 
5. 비법 양념 추가: 김치찌개의 2% 부족한 맛을 꽉 잡아주는 특급 비결, '된장'을 조금 풀어 감칠맛을 높여줍니다. 
6. 마무리 끓이기: 기름을 쏙 뺀 참치와 대파를 넣고 보글보글 끓입니다. 
7. 간 맞추기: 국물 맛을 보고 싱거우면 국간장으로 간을 맞춘 뒤, 설탕을 아주 살짝만 넣어 깊은 맛을 완성합니다. 
8. 약 20분 정도 푹 끓여내면 국물이 진하게 우러난 맛있는 김치찌개 완성! 

타임 스탬프
00:00 오프닝 및 인도 친구 '디빨리' 소개 👋 
00:23 오늘 만들 요리! 디빨리의 남다른 김치찌개 사랑 찌개 
01:13 김치찌개 재료 고르기 (스팸은 뺄게요!) 🥩 
01:52 국물의 기본! 간편하게 육수 내는 꿀팁 멸치 
02:44 찌개용 김치 고르는 법 & 신맛 더하는 식초 마법 🥬 
03:17 파, 고추 어슷썰기와 돼지고기 손질하기 🔪 
04:14 디빨리의 한국 음식 적응기 (순두부찌개 외길 인생) 🤣 
05:29 꿀팁 대방출! 참치 기름으로 김치 달달 볶기 🔥 
06:51 육수 붓기 & 나래쌤의 감칠맛 특급 비결 '된장' 🤎 
07:58 간 맞추기 & 맛을 끌어올리는 마법의 가루 🧂 
08:26 완성된 김치찌개 폭풍 시식 타임! 😋 

#김치찌개 #돼지고기김치찌개 #참치김치찌개 #김치찌개레시피 #정나래요리수업 #외국인반응 #한식레시피 #찌개황금레시피 #오늘뭐먹지 #kfood

▶ 세상의 모든 요리 레시피를 집에서도 쉽게 따라할 수 있게 소개하고 있습니다. 
❤좋아요 📩구독버튼 🛎 알림버튼 꾸욱~!

구독 확인                   ▶ https://goo.gl/E7Rmy8
카카오플러스친구    ▶   http://pf.kakao.com/_FPxlBd

▶ 제작 : 아군미디어 https://youtube.com/@Chefcookingshow
     비즈니스 문의 : agoonmedia@gmail.com",2026-03-27T12:00:21Z,"김치찌개,돼지고기김치찌개,참치김치찌개,김치찌개레시피,찌개맛있게끓이는법,정나래의요리수업,외국인반응,인도친구,묵은지요리,코인육수,김치찌개된장,자취생요리,저녁메뉴추천,찌개황금레시피,한식레시피,얼큰한찌개,김치요리,참치기름활용,어슷썰기,Kfood",26,ko,PT9M37S,2d,hd,true,68,3,0,0,public,youtube,True,False,"https://en.wikipedia.org/wiki/Food,https://en.wikipedia.org/wiki/Lifestyle_(sociology)",https://i.ytimg.com/vi/8UfdJn7E4Yk/maxresdefault.jpg,thumbnails/남자들의주부생활menscooking/8UfdJn7E4Yk.jpg
공영쇼핑,UCvbWX58vEJkKD42c2dcOpdQ,uFe8YWtA3rs,맛있는 밥! 경기미ㅣ슈퍼소담데이,"비옥한 옥토에서 자란 경기미로 밥을 지으면
고슬고슬함과 윤기가 더해져 맛있습니다~!
맛좋은 경기미를 공영라방 수퍼소담데이에서 만나보세요~

📝 라이브 중 소개한 상품 
https://m.gongyoungshop.kr/goods/selectGoodsDetail.do?prdId=11924694
#공영라방 #공영홈쇼핑 #공영쇼핑",2026-03-27T22:54:25Z,"공영,공영쇼핑,공영라방,소담데이,쌀,경기,밥",24,ko,PT49M25S,2d,hd,false,92,1,0,0,public,youtube,True,False,"https://en.wikipedia.org/wiki/Food,https://en.wikipedia.org/wiki/Lifestyle_(sociology)",https://i.ytimg.com/vi/uFe8YWtA3rs/maxresdefault.jpg,thumbnails/공영쇼핑/uFe8YWtA3rs.jpg
차돌아 시장가자(차돌TV),UCpp-U9PKCeO_QQgydrSSFmQ,rPDrc5YUPNU,"🍠 안성맞춤 장날 구경하고, 김성자산꼼장어 평택본점 습격기 🍠 #시장 #5일장 #평택맛집 #소주한잔 #건강정보 #안성맞춤 민속5일장 #김성자산꼼장어","안성맞춤 안성장날은 2,7,12,17,22,27일입니다.
안성장은 예부터 ""조선 3대 시장"" 중 하나로 꼽혔을 만큼 역사와 전통이
깊은 곳입니다.
봄이 와서 모종, 봄나물, 꽃모종 등 많이 팔고 있었고요
특히 곱창김, 땅콩과 자연산 달래를 샀답니다.
땅콩은 심혈관건강에 참 좋아서 효능을 알려드려유
그리고 김성자산꼼장어 평택본점에서 판돌이랑 한잔 했는데
여기가 차돌tv 구독자 가게였답니다.

(땅콩효능) - 작은 한되 10,000원 (중국산 큰한되 10,000원)
1. 고혈압 동맥경화 예방
2. 뇌건강, 치매예방
3. 노화방지, 피부미용
4. 빈혈예방
* 땅콩은 칼로리가 높아서 100g에 560kcal
  하루 20개 정도 권장량이고요
  (보관은 밀폐해서 서늘한 곳이나 냉장보관)
* 중국산은 국산에 비해 1.5배 이상 많아유

(농산물시세)
* 씨감자 2키로 7,000원
* 자연산달래 한바구니 3,000원
* 구운 곱창김 10장 5,000원
* 의성육쪽마늘 중하 한접 35,000원, 17,000원
* 진도 대파 1키로 5,000원
* 자색양파 한망 5,000원

(영상)
00:07 인트로 (안성장날 풍경과 조선3대 시장 이미지 등)
00:33 노점상 풍경
01:11 뻥튀기와 봄나물 등 농산물가격
04:06 곱창김, 땅콩 건강정보
05:01 줄을 서는 닭집과 중앙시장 상설시장 풍경
07:20 씨감자 등 노점상 풍경
07:57 김성자산꼼장어 평택본점에서 불알친구와 소주한잔
10:21 친구와 노래방에서 노래일발장전으로 엔딩",2026-03-25T11:11:27Z,"차돌아 시장가자,차돌TV,농사노하우,시장구경,시장투어,5일장,건강정보,농산물,농산물가격,농산물시세,땅콩효능,봄나물,안성맞춤,안성장,안성장날,장날풍경,오일장,중앙시장,차돌아 시골가자,꼼장어,산꼼장어,꼼장어맛집,김성자산꼼장어,김성자산꼼장어 평택본점,평택맛집,소주맛집,소주안주,술먹방,소주먹방,안성맞춤시장,안성시장,안성맞춤 민속5일장,5일장 풍경",26,en-US,PT10M41S,2d,hd,false,376,13,0,6,public,youtube,False,False,"https://en.wikipedia.org/wiki/Food,https://en.wikipedia.org/wiki/Lifestyle_(sociology)",https://i.ytimg.com/vi/rPDrc5YUPNU/maxresdefault.jpg,thumbnails/차돌아시장가자차돌TV/rPDrc5YUPNU.jpg
감량쿡,UCrNAUGurVTV7B2JjKLA30Rw,7fvZdT1ZmNg,돈받고 팔아도 되는 다이어트 당근 케이크 레시피 ㅣ전자레인지 버전,"#당근케이크 #다이어트빵 #다이어트케이크 #견과류전처리 

오랜만에 다이어트빵 당근케이크 레시피 들고왔어요🥕
해외에서 780만뷰나 나온 당근케이크 레시피인데
오븐말고 간단하게 전자레인지로 만들어봤습니다🧡

당근케이크 좋아해서 예전부터 만들어보고 싶었는데
드디어 만들어봤어유~~~ 
아마 여러분들도 좋아하실꺼라 생각해유🥰

그리고 견과류 전처리 방법까지 
들고왔으니깐요!! 
여러분들도 견과류 드실때 꼭 해드세요!! 

📍다이어트 빵 케이크
▪️당근케이크
: 당근 150g, 잘 익은 바나나 2개, 호두 30g, 계란 2개, 엑스트라버진 올리브유 1스푼, 아몬드가루 4스푼, 베이킹파우더 조금, 시나몬가루 조금 
: 그릭요거트 100g, 알룰로스 적당히 

00:00 - 02:49 다이어트 당근케이크
02:50 - 03:20 다이어트 빵 케이크
03:21 - 견과류 전처리

출처 : chefbosquet

영상을 참고해 영상을 제작했을 경우 
반드시 출처를 남겨주세요!! 
서로에 대한 예의는 지켜주시길 바랍니다.

▪인스타그램
 gamryang_cook 
▪비지니스 문의
gamryang@naver.com",2026-03-26T12:30:15Z,"당근케이크,당근캐이크,당근빵,다이어트베이킹,다이어트빵,견과류전처리,다이어트케이크,전자레인지빵,노밀가루,노설탕,아몬드가루",22,ko,PT5M7S,2d,hd,false,16937,566,0,25,public,youtube,True,False,"https://en.wikipedia.org/wiki/Food,https://en.wikipedia.org/wiki/Lifestyle_(sociology)",https://i.ytimg.com/vi/7fvZdT1ZmNg/maxresdefault.jpg,thumbnails/감량쿡/7fvZdT1ZmNg.jpg
헬로우미자씨,UCGeLzxKcBgluMK8_TS-qXUw,cXRmNZzsPsg,고기집 그 맛! 실패 없는 부추무침 황금레시피,"부추향 가득 부추 무침과 고기를 함께 먹으면 이렇게 맛있을 수가 없습니다.
고기와 함께 딱 좋은 부추무침 레시피예요.

재료준비
부추 340g, 당근 약간(없어도 괜찮습니다)

양념준비
고춧가루 5큰술, 설탕 1큰술, 멸치액젓 5큰술, 생강청 반큰술, 다진마늘 2큰술, 물 1큰술, 통깨 2큰술, 미원 1꼬집, 참기름 1큰술

BGM 오늘의 일기
https://www.youtube.com/watch?v=19ORfNqWHx8

#부추무침 #부추겉절이 #집밥추천 #집밥레시피",2026-03-27T07:00:19Z,"부추무침 레시피,부추무침 만들기,부추무침 양념,부추 겉절이,부추겉절이 양념,부추겉절이 만드는법,부추 겉절이 황금레시피,반찬 만들기,반찬추천,집밥,집밥 레시피,간단요리,자취요리,부추무침황금레시피",26,ko,PT4M43S,2d,hd,false,853,47,0,1,public,youtube,True,False,"https://en.wikipedia.org/wiki/Food,https://en.wikipedia.org/wiki/Lifestyle_(sociology)",https://i.ytimg.com/vi/cXRmNZzsPsg/maxresdefault.jpg,thumbnails/헬로우미자씨/cXRmNZzsPsg.jpg
커디터,UCulzAK-hlL2B-jL-8JCQaiw,ZEd3R71qtS0,카페에서 커피에 특화된 잔을 사용하는 이유? 센서리 잔이 필요한 이유✨ | 커피토크 센서리 잔,"☕ 잔 하나로 이렇게까지 달라진다고요?
— 클럽하우스 마니코 & 볼케이노로 비교한 커피 맛의 차이

이번 영상은 KCL 최초 2년 연속 단일 대회(MOC) 우승, 뛰어난 센서리 능력을 가진 김홍현 챔피언과 함께 센서리 컵(잔)이 커피 맛에 어떤 영향을 주는지 직접 비교해봤습니다.

같은 원두, 같은 추출 그런데 컵만 바꿨을 뿐인데 완전히 다른 커피처럼 느껴지는 경험 단순한 도구를 넘어이제는 ‘경험’을 만드는 요소로서의 컵을 이야기합니다.

※이번 영상은 클럽하우스 마니코, 볼케이노 잔 협찬으로 진행됩니다.

📍 이번 영상에서 다루는 핵심 포인트

✔️ 볼케이노 vs 마니코, 컵 형태에 따른 향·질감 변화
✔️ 립(컵 입구 형태)이 맛 인식에 미치는 영향
✔️ 더블월 구조가 온도 유지와 음용 경험에 미치는 차이
✔️ 에스프레소 / 브루잉 / 라떼까지 컵별 비교 테스트
✔️ 스페셜티 매장에서 ‘컵’이 가지는 브랜딩 & 경험 요소

🔗제품 구매: https://smartstore.naver.com/clubhouse_official?NaPm=ct%3Dmn8ir8qb%7Cci%3Dshopn%7Ctr%3Dnsls%7Chk%3D80f61575330c733c6c98e8ceb60c7d0606898a8c%7Ctrx%3Dundefined

☕ 이 영상이 흥미로운 이유

단순히 “맛이 다르다”가 아니라 왜 다르게 느껴지는지 명확하게 설명합니다.
바리스타뿐만 아니라 카페 운영자에게 바로 적용 가능한 인사이트를 담았습니다.
실제 매장에서 사용할 수 있는 컵 선택 기준까지 제시합니다.

⏱ 타임라인
00:00 센서리 컵 주제 소개 & 김홍현 챔피언
01:00 컵 종류 (마니코 / 볼케이노) 특징 설명
03:20 브루잉 커피 비교 테스트
07:10 에스프레소 컵 비교
10:10 라떼 & 카푸치노 컵 테스트
12:30 총평 – 센서리 컵의 가치

✅커디터 인스타그램: https://www.instagram.com/coditor_/",2026-03-27T11:30:21Z,"마니코,클럽하우스,센서리잔,커피센서리,볼케이노",27,ko,PT14M44S,2d,hd,false,430,11,0,2,public,youtube,True,False,https://en.wikipedia.org/wiki/Food,https://i.ytimg.com/vi/ZEd3R71qtS0/maxresdefault.jpg,thumbnails/커디터/ZEd3R71qtS0.jpg
아하부장_JOHNCOOK,UCC7gQKTDa3VHZA4GoCAygUA,tjX1yaeoZNo,[제발 한번만 해봐] 100% 내가 만든 단독 레시피 한번 해보면 두번 다시 못 돌아갑니다,"▪︎지금 이영상에 나온 음식 딱 20명만 구매가능 그냥 제 취미로 있을때도 있고 없을때도 있음
https://smartstore.naver.com/ahaboojang/products/12764437288

▪︎[레고같은 조립식 순대국] 맛은 100년 전통 가마솥 순대국집 싸다구 후려치는 맛 [창업, 샵인샵, 메뉴추가 등등]
메뉴 교육 및 시식 : 천안 ""부장의맛""
전화문의 : 01067010730

▪︎원하시는 메뉴 전수창업 가능 제 레시피로만 교육 합니다
아하부장 전화문의 01067010730

▪︎1위 베스트셀러 아하부장 레시피 책 구매링크 
매직레시피 : https://buly.kr/9MPg2Xe
아하부장의맛 : https://buly.kr/jYXyaO
창업클래스 : https://buly.kr/BpEHlzj

여러분의 요리가 즐거웠으면 좋겠습니다",2026-03-27T10:30:23Z,"아하부장,레시피,닭갈비,닭도리탕,닭볶음탕,떡볶이분말,떡볶이분말 응용",26,ko,PT8M6S,2d,hd,false,5731,246,0,37,public,youtube,True,False,"https://en.wikipedia.org/wiki/Food,https://en.wikipedia.org/wiki/Lifestyle_(sociology)",https://i.ytimg.com/vi/tjX1yaeoZNo/maxresdefault.jpg,thumbnails/아하부장_JOHNCOOK/tjX1yaeoZNo.jpg
버거형,UCZTPmBCj8BLhn0DpzGaz4gA,6C0s2OGlnk4,연 50억 번다길래 끝까지 물어봤습니다...PS.돈 잘버는 방법 (대구 에스에너지 대표),"솔직히 처음엔 안 믿었습니다.
“1년에 50억을 번다고?”

대구 태양광 에스에너지 대표님을 직접 만나
연 50억 수익 구조를 끝까지 물어봤습니다
진짜 어떻게 벌었는지, 어떤 구조로 돈이 만들어지는지

이 콘텐츠는 자수성가 취조실입니다
자기 힘으로 성공한 사람들을 직접 만나 어떻게 여기까지 왔는지 끝까지 파헤쳐 보는 콘텐츠입니다

이번 편은 태양광으로 수익을 만들고 있는 대표님의 이야기입니다

영상 보시면 아 이렇게 돈을 버는구나 감이 오실 겁니다

영상 보시고 궁금하신 분들은 “대구 태양광 에스에너지” 검색해보시면 됩니다

또는 아래 링크 참고하셔도 됩니다
https://www.seng.im/

태양광은 단순 설치가 아니라 설계, 시공, 수익 구조까지 연결된 사업입니다

아무 데나 맡기지 마시고 꼭 비교해보고 결정하시길 바랍니다

브라더들, 시스터들 이건 진짜 현실입니다

#자수성가취조실 #태양광 #에스에너지 #대구태양광 #재테크

* 광고 문의 (콜라보) 및 섭외요청 : burgerbrother99@gmail.com*
* 버거형 인스타  https://www.instagram.com/burger__brother *
* 버거형 페이스북 https://www.facebook.com/burgerbrother1 *",2026-03-26T03:30:00Z,"버거형,햄버거,먹방,mugbang,맛집,요리,영화배우,셀럽,말죽거리잔혹사,박효준,햄벅,여행,이벤트,웃긴영상,시골,야생,자연,힐링,자수성가취조실,연50억,50억수익,고수익직업,돈버는방법,재테크,부자되는법,성공스토리,성공인터뷰,사업성공,창업성공,돈버는구조,수익구조,태양광,태양광사업,태양광수익,대구태양광,에스에너지,대구에스에너지,신재생에너지,투자,고수익사업,현실인터뷰,취조인터뷰,리얼인터뷰,유튜브인터뷰,성공한사람,돈많이버는법",24,ko,PT12M33S,2d,hd,false,6015,121,0,19,public,youtube,True,False,,https://i.ytimg.com/vi/6C0s2OGlnk4/maxresdefault.jpg,thumbnails/버거형/6C0s2OGlnk4.jpg
서칸,UCuRvXWsaBrit58l75HGIhFQ,f6Uqe5YHPP4,병원갔다왔어요 @대천김 @곱창김 @삼육김,"#부천 #먹살만 #먹살만먹태 #먹태형님 #먹장마차 #먹장포차 #태국 #베트남 #일본 #필리핀 #태국만득 #태국푸차이 #오동지 #판슥 #김해꼬마 #담양오리 #엄태웅 #위대한 #김윤태 #신태일 #철구 #감스트 #김윤태 #이로이 #카광 #곽튜브 #빠니보틀 #조튜브 #세자 #갓성은 #빛히언 #투깝이 #이영진 #yg구리 #점천수 #서칸 #로봉남 #맛춤민지 #순대티비 #중검 #여포 #실시간방송 #라이브방송 #인기급상승 #술먹방 #야방 #웃긴영상 #해외여행 #해외방송 #thailand #india #china #실시간술먹방 #혼술 #부천술집 #실시간노래 #트로트 #노래영상 #세야 #더케이 #케이 #커멘더지코 #챌린지영상 #54여사 #돼지기쁨군 #투깝이 #백대종 #하유필 #점천수 #우통 #강빈 #김스타 #권윤 #권드 #정네임 #병렬루 #꽃지훈 #뽀로로 #오징어게임2 #탄핵 #조용훈 #순대티비 #삭은이 #몽우리 #러블리아 #로봉순 #만득이 #김향비
#조용훈 #김삭은 #최구마 #감구리 #콩드래곤콩자반
#부천현민 #BT태호 #오동지 @대천김 @ 곱창김 @ 삼육김",2026-03-28T04:39:23Z,,24,ko,PT2H10M36S,2d,hd,false,556,43,0,0,public,youtube,True,False,https://en.wikipedia.org/wiki/Lifestyle_(sociology),https://i.ytimg.com/vi/f6Uqe5YHPP4/maxresdefault.jpg,thumbnails/서칸/f6Uqe5YHPP4.jpg
강용맹이(평범한식탁),UC4rTp2shItMJ2QMv7DIEcuw,xVXsZCJkVfk,일산보원 육회 비빔밥 1번 #맛집#먹방#소통#미션#용맹이형#강용맹이#점심먹방#육회비빔밥#일산고깃집#일산육회#일산백반#일산갈비탕,,2026-03-27T18:22:37Z,,24,ko,PT1H27M24S,2d,hd,false,5353,33,0,0,public,youtube,True,False,"https://en.wikipedia.org/wiki/Food,https://en.wikipedia.org/wiki/Lifestyle_(sociology)",https://i.ytimg.com/vi/xVXsZCJkVfk/maxresdefault.jpg,thumbnails/강용맹이평범한식탁/xVXsZCJkVfk.jpg
택제이,UCuG75LBu_6f31eUAbn11CMw,LVesQc2zMs8,부산 현지인도 모릅니다.. 역대급 술집 진짜 지금 가세요!,"상호 : 포차 20번지
주소 : 부산 부산진구 당감동 818-162
전화번호 : 010-5114-2984
영업시간 : 오후 5시 - 새벽 1시 , 매주 월요일 휴무

◆ 협업 및 광고 제안 ◆ 
오픈 1:1 카톡 링크
https://open.kakao.com/o/swrxHdEg

메일 주소
takjay8809@gmail.com

인스타그램
https://www.instagram.com/vj_takjay/",2026-03-26T08:00:26Z,"부산맛집,가성비맛집,미더덕회,현지인맛집",22,ko,PT9M24S,2d,hd,false,10386,346,0,54,public,youtube,True,False,"https://en.wikipedia.org/wiki/Food,https://en.wikipedia.org/wiki/Lifestyle_(sociology)",https://i.ytimg.com/vi/LVesQc2zMs8/maxresdefault.jpg,thumbnails/택제이/LVesQc2zMs8.jpg
찐아재,UCQ2fM6iGYUz2X495XgbuCTg,UfgKrRUfn9A,왜관에는 왜 감?! 왜관시장 장 보러 갔다가 장 못 본 이유?!🤷🏻,"오늘은 왜관시장에서 팬미팅했습니다(?)ㅋㅋㅋ🤣

평소보다 3배 이상 많이 알아봐주셨습니더,,
🖐🏻인사하고~ 🤳🏻사진찍고~ 🎁선물 나눠드리고~

훈훈하고 감동적이었습니다~♥️

더 자세한 이야기가 궁금하다면?
지금 바로 시청하이소~😄

#아장 #찐아재 #기웅아재 #왜관 #왜관시장 #시장 #구독자 #찐구 #인사 #팬사인회 #팬미팅 #감동 #행복 #기쁨 #고추잡채 #짬뽕 #짜장면 #시장탐방 #시장투어 #koreafoodtravel #맛집 #먹방 #시장맛집 #koreanfood",2026-03-27T08:00:00Z,"#찐아재,#아재,#아장,#아재장에가다,#시장,#시장투어,#시장맛집,#시장탐방",19,ko,PT37M28S,2d,hd,false,38879,2678,0,313,public,youtube,True,False,"https://en.wikipedia.org/wiki/Food,https://en.wikipedia.org/wiki/Lifestyle_(sociology)",https://i.ytimg.com/vi/UfgKrRUfn9A/maxresdefault.jpg,thumbnails/찐아재/UfgKrRUfn9A.jpg
사에쨩,UC6DfdW0uxEzvj3gKEfZD4Pg,X8uG8StX5CA,물에 빠진 고기는 절대 안 드시는 일본 장인어른을 감자탕집에 데려갔더니..,"안녕하세요 여러분ㅎㅎ
벌써 서울 효도여행의 마지막 이야기네요 🥹

이번 여행에서 장인어른께서 
평소 싫어하시던 돼지고기도 잘 드시는 모습, 다들 잘 봐주셨죠!? 😁

그래서 마지막으로, 삶은 고기도 드실 수 있을까 하는 마음에
감자탕 집으로 몰래 모셔봤습니다..!

과연 어떤 반응이셨을지, 영상으로 같이 만나보시죠 ㅋㅋㅋ

이번 효도여행 시리즈도 함께해주셔서 정말 정말
감사드리며, 재밌게 보셨다면 좋아요와 댓글 한 번씩 부탁드릴게요☺️ 
저희 가족에게 정말 큰 힘이 됩니다!!!👍🏻

그럼 이번 주도 따뜻하고 즐거운 주말 보내세요 ㅎㅎㅎ


💙 사에쨩 X 나랑드사이다 전국 최저가‼️↙
📍 https://bit.ly/sae_narangd_1
🗓️ ~ 4/2 까지, 단 1주일간!

🎁 10년 전 가격 그대로! 전국 최저가로 준비했습니다😘
- 245ml 캔 개당 300원대❗
- 345ml 캔 개당 400원대‼️
- 1.25L 페트 개당 900원대😮

- 2박스 이상 구매시 1,000원 추가 할인!
- 1박스만 구매해도 ⭐️무료배송⭐️


#국제부부 #한일부부 

BGM 저작권 표기

Music provided by 브금대통령 [BGM President]
개인 구독제 이용

Kevin MacLeod의 Investigations에는 크리에이티브 커먼즈 저작자 표시 4.0 라이선스가 적용됩니다. https://creativecommons.org/licenses/by/4.0/
출처: http://incompetech.com/music/royalty-free/index.html?isrc=USUAN1100646
아티스트: http://incompetech.com/",2026-03-27T09:00:37Z,,22,ko,PT10M21S,2d,hd,false,171288,10261,0,1047,public,youtube,True,False,"https://en.wikipedia.org/wiki/Food,https://en.wikipedia.org/wiki/Lifestyle_(sociology)",https://i.ytimg.com/vi/X8uG8StX5CA/maxresdefault.jpg,thumbnails/사에쨩/X8uG8StX5CA.jpg
1분엄마 1 minute mom,UCFoIqYcGMVfWmvnOKzQsggw,GsOBnfgXXm0,진미채를 이렇게 만들면 모두가 깜짝 놀라서 밥 두 공기 먹어요! 맛이 대박인 진미채장아찌 이렇게 만듭니다. 너무 쉽고 간단해요.,"* 이 영상은 어떠한 경우에도 공식적인 허가 없이 영상의 일부 또는 전체를 복제, 전송, 배포하거나 변경하여 사용할 수 없습니다.

* 1분 요리는 레시피를 간단하게 볼 수 있는 영상입니다.
자세한 풀 영상 레시피 : https://youtu.be/sGUZUO_f-qQ

🔔 진미채장아찌. (1T = 밥숟가락 / 1컵 = 200ml 종이컵)
진미채 300g, 청양고추 4개, 진간장 200ml (1컵), 사탕수수원당 1T (10g), 물엿 100ml (½컵), 물 400ml (2컵), 식초 3T, 소주 100ml (½컵), 미림 3T.
진미채장아찌 100g, 고추장 ½T, 고춧가루 ½T (4g), 다진 마늘 ⅓T (2g), 참기름 1T, 깨 ½T.

☑️ 깨는 볶은 참깨를 사용합니다.

✨진미채장아찌.
1. 냄비에 진간장 200ml, 사탕수수원당 1T (10g), 물엿 100ml, 물 400ml 넣고 섞어주세요.
2. 뚜껑 닫고 센 불로 끓입니다.
3. 끓으면 불 끄고 식초 3T, 소주 100ml 섞어서 완전히 식혀주세요.
4. 진미채를 물에 살짝 헹굽니다.
+ 너무 강하게 헹구고 물 짜면 맛있는 맛이 다 빠져나가요. 대충 헹궈서 물이 뚝뚝 흐르지 않게만 준비합니다.
5. 예열한 팬에 진미채 넣고 중불로 2분 볶습니다.
+ 볼에 옮기고 펼쳐서 완전히 식혀주세요.
+ 진미채와 양념이 모두 식으면 다음 과정을 진행합니다.
6. 통에 진미채를 잘라 넣습니다.
7. 미림 3T 넣고 섞어서 10분 놓아두세요.
8. 청양고추는 씨 빼고 채 썰어주세요. (생략가능)
9. 진미채에 청양고추 넣고 대충 섞은 뒤 양념 부어주세요.
10. 위를 누르고 뚜껑 닫아주세요. 김치냉장고 넣고 3일 숙성합니다.
❤️ 추가 양념 없이 바로 먹어도 좋고, 추가 양념해서 먹어도 맛있어요.
11. 진미채장아찌 100g, 고추장 1/2T, 고춧가루 1/2T (4g), 다진 마늘 1/3T (2g), 참기름 1T, 깨 1/2T 섞어주세요.

#진미채요리 #진미채장아찌 #진미채장아찌만드는법",2026-03-28T03:00:00Z,"진미채,진미채 요리,진미채장아찌 레시피,진미채장아찌 만드는법,진미채장아찌 맛있게 만드는법,진미채장아찌,진미채간장장아찌,장아찌,반찬,요리,요리법,레시피,recipe,간단요리,쉬운요리,쉬운음식,1분요리,1분영상,1분레시피,1분음식,스피드요리,스피드영상,스피드레시피,스피드음식,빠른요리,빠른영상,빠른레시피,빠른음식",22,ko,PT1M,2d,hd,true,268,8,0,1,public,youtube,False,False,"https://en.wikipedia.org/wiki/Food,https://en.wikipedia.org/wiki/Lifestyle_(sociology)",https://i.ytimg.com/vi/GsOBnfgXXm0/maxresdefault.jpg,thumbnails/1분엄마1minutemom/GsOBnfgXXm0.jpg
먹보스 쭈엽이,UCLwCHoQ9h7DPXvLwx5XwTQg,4sKFe3HKq8Y,아침 9시 전투력 MAX! 진짜.. 미친듯이 먹는 현주엽! [을왕리 꾸덕집],"#현주엽 #생선구이 #제육볶음

촬영협조 : 을왕리 꾸덕집 영종본점(인천 중구 용유서로174번길 44)

문의 : thejooyup@gmail.com",2026-03-27T09:00:12Z,"현주엽,주엽,쭈엽,현주엽TV,주엽TV,주엽티비,농구감독,농구선수,농구대잔치,먹방,타노스,쭈엽티비,먹신먹왕,박광재,정호영,쿡방,소고기,갈빗살,먹보스,쭈엽이,채널,농구,인성,서장훈,도티,안정환,허재,백덩크,빡침,원푸드트립,쭈엽TV,mukbang,mukboss,hyunjooyup,한우,1++,투뿔,ASMR,백종원,떵개떵,쯔양,입짧은햇님,밥굽남,히밥,수빙수,술고래,술방,혼술,요리,최피디,최 PD,먹보스쭈엽이,푸드트립,맛집,캄보디아,HyunJooYup,DrinkingMukBang,MukBang,KoreanFood,서울,생선구이,현주엽tv,현주엽 레전드,현주엽 먹방,현주엽의푸드코트,현주엽 고기,현주엽 고기 먹방,현주엽 레전드 먹방,koreanfood,고등어,생선,고등어구이,한식,생선구이 방법",24,ko,PT15M52S,2d,hd,false,96251,3427,0,88,public,youtube,True,False,"https://en.wikipedia.org/wiki/Food,https://en.wikipedia.org/wiki/Lifestyle_(sociology)",https://i.ytimg.com/vi/4sKFe3HKq8Y/maxresdefault.jpg,thumbnails/먹보스쭈엽이/4sKFe3HKq8Y.jpg
양치승의 막튜브 (YangBoss MakTube),UCLLKtnB7J-Rz8ILuikyKbrw,e_YViY26HpE,도대체 중국집에서 짜장·짬뽕을 왜 안 팔까?,"#양치승 #맛집 #먹방

Music provided by 브금대통령
Track : Kid's Room - https://youtu.be/e4w3WzWeFbg

------

Music provided by 브금대통령
Watch : https://youtu.be/9PRnPdgNhMI

------

[Royalty Free Music] 3대 500/A Gym Rat (강렬한/남자다운/Rock)
https://youtu.be/DIJXpi1ZScs?si=1kh29hOPXGIJlDbK

------

[브금대통령] (코믹/슬랩스틱/Comic) Black Comedy [무료음악/브금/Royalty Free Music]
https://youtu.be/gHlSF3VpB9U?si=lfmresKgiCsR8ArO

------

[브금대통령] (귀여운/강아지/Cute) 강아지같아/Like a Puppy [무료음악/브금/Royalty Free Music]
https://youtu.be/tPxR7npln9w?si=ysYgC7a7bCi8qatO",2026-03-22T08:00:37Z,"먹방,Mukbang,Kfood",24,ko,PT11M34S,2d,hd,false,35960,1017,0,61,public,youtube,True,False,"https://en.wikipedia.org/wiki/Food,https://en.wikipedia.org/wiki/Lifestyle_(sociology)",https://i.ytimg.com/vi/e_YViY26HpE/maxresdefault.jpg,thumbnails/양치승의막튜브YangBossMakTube/e_YViY26HpE.jpg
라면남,UCIoUady0WOtA3JUc1GBLubg,LDa7ZLvvr4U,2개 5젓가락 딱좋다296,#라면먹방 #ramyeon #파김치 #알타리 #열라면 #오뚜기,2026-03-26T09:08:00Z,"라면먹방,Ramyeon,그리들,열라면,솥뚜껑,알타리,파김치,오뚜기",24,ko,PT8M54S,2d,hd,false,5433,146,0,70,public,youtube,True,False,"https://en.wikipedia.org/wiki/Food,https://en.wikipedia.org/wiki/Lifestyle_(sociology)",https://i.ytimg.com/vi/LDa7ZLvvr4U/maxresdefault.jpg,thumbnails/라면남/LDa7ZLvvr4U.jpg
드렁큰킴-Drunken Kim,UCi8nXB8vvV4HEaKCCdxnGxg,FvOyoDWU3fY,[충격] 한 입 먹고 쌍욕 나왔습니다. 위스키를 떡볶이랑 먹어야 하는 이유!! (소주파 분노 주의) 🌶️🥃,"#아드벡 #조니워커 #글렌드로낙 #러셀 #블렌디드 #셰리 #버번 #페어링  #위스키리뷰 #위스키추천 #하이볼 #온더락 #떡볶이 

채널에 가입하여 혜택을 누려보세요.
https://www.youtube.com/channel/UCi8nXB8vvV4HEaKCCdxnGxg/join


광고문의
lsj@drunkenkim.com
인스타
https://instagram.com/drunken_kim2000?igshid=pknnnnv5vxs0
페이스북
https://www.facebook.com/profile.php?id=100045901083381",2026-03-25T09:00:29Z,"드렁큰킴,주간음주,칵테일,칵테일만들기,cocktail,칵테일 만들기,안주먹방,안주만들기,위스키 추천,킹조지,디아지오,whisky,보모어,애스턴마틴,하이볼볼",26,ko,PT11M55S,2d,hd,false,2983,134,0,24,public,youtube,True,False,"https://en.wikipedia.org/wiki/Food,https://en.wikipedia.org/wiki/Lifestyle_(sociology)",https://i.ytimg.com/vi/FvOyoDWU3fY/maxresdefault.jpg,thumbnails/드렁큰킴-DrunkenKim/FvOyoDWU3fY.jpg
야루미YARUMI,UCCfQK8dSofNkR44hIhUNvgw,1dQUjtBsVv4,7000CC를 뺀 여자로 돌아왔습니다,"투네이션후원
https://toon.at/donate/yarumi8

야루미 인스타그램
 https://www.instagram.com/kimyerim5234/

아프리카 TV 생방송 (즐겨찾기 필수)
http://bj.afreecatv.com/rhaehfdl693
 
광고문의 
카카오톡 dpfla5275 
메일 dpfla5275@naver.com

#지방흡입 #브이로그 
#야루미
#difnal
#개그
#GAG
#쿡방
#먹방
#여행
#야외
#토크",2025-11-26T11:30:03Z,"토크캠방,먹방,야루미,difnal,여캠,엽캠,지방흡입,지방흡입브이로그,배지방흡입,지방이식,허벅지 지방흡입",23,ko,PT12M34S,2d,hd,false,11574,181,0,21,public,youtube,True,False,https://en.wikipedia.org/wiki/Lifestyle_(sociology),https://i.ytimg.com/vi/1dQUjtBsVv4/maxresdefault.jpg,thumbnails/야루미YARUMI/1dQUjtBsVv4.jpg
FoodieBoy 푸디보이,UCe1ZsGtbRx2pgajGzwB9L0A,P6vGSFK9R0M,"The Most Satisfying Dessert Making Compilation! Cookies, Donuts, Cakes, Toast, Castella","The Most Satisfying Dessert Making Compilation! Cookies, Donuts, Cakes, Toast, Castella

🔎 timeline chapter

00:00 Green Herb Cream Castella & Strawberry Cookie
🔗LINK : https://youtu.be/d2S5su9ks-A

14:14 Amazing! Automatic Donut Machine Making Process
🔗LINK : https://youtu.be/OwQba9joNcM

27:56 Unbelievable Cupcake Decorating – Cute Character Designs You’ll Love!
🔗LINK : https://youtu.be/BDSco1FZArg

56:08 Ultimate Brioche French Toast Collection | Creme Brulee, Strawberry, Dubai Chocolate
🔗LINK : https://youtu.be/jhqtDEhXTyg

01:06:31 Korean Popular Desserts! Marshmallow Cookie & Levain Chocolate Chip Cookies
🔗LINK : https://youtu.be/YXY4L5BKRrM

01:21:45 Making the Perfect Basque Cheesecake | Creamy Inside, Burnt Outside
🔗LINK : https://youtu.be/pyvzzD1O0oY

01:33:08 Dubai Chewy Cookie | The Viral Dessert Everyone Is Talking About
🔗LINK : https://youtu.be/PMoK0K06J7Q

01:44:39 Visual Explosion! Daily Sold-Out Milk Cream Bomb Cake
🔗LINK : https://youtu.be/FnKPLX4pMJQ

01:59:27 Giant Castella Cake with Whipped Cream - Korean Street Food
🔗LINK : https://youtu.be/OqH327nGhnE

02:15:41 Amazing Dessert! Mini Souffle Cheesecake Recipes
🔗LINK : https://youtu.be/YG994bMaMo0",2026-03-27T01:00:32Z,"donut,doughnut,donuts making,donuts,street food,donut making,doughnuts,how to make donuts,how to make doughnuts,donut media,cooking sound,cake decorating,delicious,dessert,cream bomb,cream,bakery,macaroon,macaroons,chocolate,cream pie,pie,fruits pie,pastry,baking sound,baking asmr,castella,cheesecake,cake,cookies,dessert compilation,food compilation,food collection,toast",19,en,PT2H51M6S,2d,hd,false,7216,140,0,4,public,youtube,True,False,"https://en.wikipedia.org/wiki/Food,https://en.wikipedia.org/wiki/Hobby,https://en.wikipedia.org/wiki/Lifestyle_(sociology)",https://i.ytimg.com/vi/P6vGSFK9R0M/maxresdefault.jpg,thumbnails/FoodieBoy푸디보이/P6vGSFK9R0M.jpg
라오스살이 - 쏭이TV,UC8Aorf1sr93dKb9TjZ5oqYA,je32SSufEfg,한국라오스 국결 10년차! 라오스 현지 라이브  #골프여행 #호텔 #풀빌라 #라오스 #비엔티안 #차량렌탈 #가이드 #차량대여 #국제결혼,,2026-03-27T07:09:26Z,,19,ko,PT1H17M29S,2d,hd,false,6686,42,0,0,public,youtube,True,False,https://en.wikipedia.org/wiki/Lifestyle_(sociology),https://i.ytimg.com/vi/je32SSufEfg/hqdefault.jpg,thumbnails/라오스살이-쏭이TV/je32SSufEfg.jpg
민경장군,UCuLHDMXUqV5JR8Qv-FpwF8g,ThvuHUW8re8,"모란 5일장 먹거리 총정리🍴 진짜 맛있는 것만 골라먹고 왔습니다ㅣ 영진네 칼국수, 명인도너츠, 옛날야채호떡)","안녕하세요 쫄병아리 여러분🐥
오늘은 제가 좋아하는 시장을 털고왔습니다🔥
📍 모란 5일장
경기 성남시 중원구 둔촌대로 68

걸어다니면 맛있는 먹거리들이 너무 많아서
1보1먹했읍닌다..ㅎㅎ

쫄병아리드도 가서 뭐부터 먹어야 할지 고민이될때
제 영상 보고 한번 둘러보셔도 좋을 것 같습니다!!
다음에 제가 가면 좋은 시장이 있다면 댓글로 많은 추천 부탁드려요!

오늘 영상도 시청해주셔서 감사합니다 💛
----------------------------------------------------------------------
#시장먹방 #먹방 #맛집추천

매주 수요일, 금요일 저녁 6-7시에 업로드 됩니다~!
👍🏻구독과 좋아요💕

📷 Instagram : gagkimminkyoung",2026-03-27T09:01:10Z,"개그맨,맛녀,맛있는녀석들,한입만,운동뚱,김민경,먹방,eating show,쯔양,tzuyang,히밥,Heebab,mukbang,REAL SOUND",24,ko,PT7M32S,2d,hd,false,9615,300,0,25,public,youtube,True,False,"https://en.wikipedia.org/wiki/Food,https://en.wikipedia.org/wiki/Lifestyle_(sociology)",https://i.ytimg.com/vi/ThvuHUW8re8/maxresdefault.jpg,thumbnails/민경장군/ThvuHUW8re8.jpg
깡촌패밀리,UCPCznj9_ixMGsY_4oV9M12A,hPtKWdDlf_E,궁채 모종 심기 #궁채 #궁채모종 #궁채씨,"오독오독한 식감이 일품인 궁채(줄기상추)!
요즘 정말 인기 많은 작물이지만, 막상 모종을 내보려고 하면 일반 상추와는 달라 당황하시는 분들이 많습니다.

씨앗이 너무 작아 파종부터 관리까지 까다롭게 느껴질 수 있는 궁채 모종
이 영상 하나만 보시고 한 번 심어 보세요~",2026-03-22T09:03:58Z,"궁채,궁채모종,궁채씨",22,ko,PT6M41S,2d,hd,false,189,3,0,0,public,youtube,True,False,https://en.wikipedia.org/wiki/Lifestyle_(sociology),https://i.ytimg.com/vi/hPtKWdDlf_E/maxresdefault.jpg,thumbnails/깡촌패밀리/hPtKWdDlf_E.jpg
깡주은,UCcjmCG5tTegWwqcSDSkDevQ,HXa-dAMVZFM,⭐️최초 공개⭐️마미의 올드머니 패션 아이템 공개‼️ (+ 캐리어 짐 싸기),"깡쥐들 Hi~ 🐶
요즘 시간이 참 빠르게 가는 것 같아요
부모님과의 합가 생활이 어느덧 네 번째가 됐더라고요?

이번에 한국에 오신지 벌써 6개월이 다 되어 가는데
곧 캐나다로 다시 돌아가셔야 해서🇨🇦
한국 음식부터 건강식품, 생활용품, 옷까지 챙겨갈 게 너무 많더라고요🛍️

그래서 이번에 마미의 캐리어를 같이 챙겨 봤어요!!
왓츠 인 ‘마미’ 캐리어~~✨
같이 구경해요!!

오늘도 재밌게 봐주시고 구독! 좋아요! 댓글! please🥰
Lots of love everyone!🧡

================================================
 
🎁 깡쥐들을 위한 댓글 이벤트 🎁
이번 영상을 보시고 댓글을 남겨주시면 추첨을 통해 
20분께 젊음의 비결 ’로킷아메리카 NMN’을 선물로 보내드립니다.
 
✔️ 참여 기간: 3월 25일(수) ~ 3월 31일(화)까지
✔️ 당첨자 발표:  4/6(월) / 총 20명 / 유튜브 커뮤니티 게시판

⭐️깡주은 X 로킷아메리카⭐️
 👉🏻비밀링크 : https://buly.kr/FWUlYZd
 
#로킷아메리카 #NMN #로킷아메리카NMN

================================================

 
00:00 깡주은 미리보기
00:23 깡쥐들 안녕~💕
01:56 오늘의 콘텐츠는?🧐
07:41 캐리어 짐 싸기 시작!🧳
08:31 마미의 오늘 입은 착창 컨셉은?
09:23 민수에게 20년 전 받은 시계 공개⌚️
12:07 꼭 챙겨가는 마미의 명품 스카프
14:00 마미의 최애 모자👒
16:09 본격 마미 옷 챙기기!
20:37 많은 사랑 감사합니다🫶🏻",2026-03-25T09:00:19Z,"강주은,최민수,살림팁,강주은집,강주은엄마,강주은부모님,강주은아빠,강주은마미,강주은음식,강주은홈쇼핑,강주은견과류,강주은최민수,최민수강주은,최강부부,강주은추천템,강주은캐나다,캐나다강주은,강주은명품,강주은샤넬,강주은디올,명품강주은,강주은캐리어,브랜든,햇반,햇반죽,여행필수템,여행간편식,캐리어싸기,캐리어꿀템,i굿라이프,s강주은,b브랜든,b코르딕스",24,ko,PT21M53S,2d,hd,true,336619,4817,0,303,public,youtube,True,False,,https://i.ytimg.com/vi/HXa-dAMVZFM/maxresdefault.jpg,thumbnails/깡주은/HXa-dAMVZFM.jpg
경수진,UCJP4d2UJz2vwkbYKK_KeGug,ioco3xRkOY4,추억의 월리 소환📮 빨간 줄무늬 티셔츠 기억하는 사람 다 모여 (눈 침침 주의보 🔍),"안녕하세요! 경수진입니다 :)

오늘은 마음을 가득 채우러 외출을 해봤어요! 
제가 정말 좋아하는 캐릭터 '월리를 찾아라' 전시회에 다녀왔는데요. 🎨✨

어릴 적 추억이 새록새록 떠오르는 알록달록한 공간들부터
눈 크게 뜨고 집중하게 만드는 월리 찾기 미션까지!
오랜만에 동심으로 돌아가서 시간 가는 줄 모르고 푹 빠져서 즐기고 왔답니다.

혼자서도 좋고 소중한 사람과 함께하면 더 즐거울 것 같은 이번 전시!
여러분들도 꼭 한번 방문해보시면 좋을 것 같습니다 :) 🎈",2026-03-27T09:00:00Z,"경수진,경수진유튜브,경수진취미,경수진차,취미,경수진인테리어,경수진열정,만취경수진,배우경수진",22,ko,PT9M52S,2d,hd,false,1531,177,0,21,public,youtube,True,False,"https://en.wikipedia.org/wiki/Hobby,https://en.wikipedia.org/wiki/Lifestyle_(sociology)",https://i.ytimg.com/vi/ioco3xRkOY4/maxresdefault.jpg,thumbnails/경수진/ioco3xRkOY4.jpg
시골 엄마,UCfEJT0blRTtcW_3WC8CO0PQ,rrMF9DhjAJQ,감자채 고추장 뽁음밥,,2026-03-27T13:20:26Z,,24,ko,PT2H51M29S,2d,hd,false,3950,131,0,1,public,youtube,True,False,"https://en.wikipedia.org/wiki/Food,https://en.wikipedia.org/wiki/Lifestyle_(sociology)",https://i.ytimg.com/vi/rrMF9DhjAJQ/hqdefault.jpg,thumbnails/시골엄마/rrMF9DhjAJQ.jpg
동원TV,UCC3eqZIo6lqZQQAN9MO0LQA,Af-CMlKPpWQ,🥣 댓글 이벤트 🥣 환경과 동물을 지키는 사료를 만드는 연구원들 ｜세상의 필요에 답하는 사람들 EP.13,"세상의 필요에 답한 동원인들의 이야기 💌
열세 번째 주인공은 사료의 황금비율을 찾아가는
동원팜스 R&D팀 임희석 & 선채형 사료연구원입니다  👨🏻‍🔬👩🏻‍🔬

가속화되는 기후 변화 ☀️ 속 환경을 보호하기 위해 🌱
메탄가스와 질소를 저감할 수 있으면서 🧪
동물의🐔🐷 건강을 해치지 않는 ❤️‍🩹 사료를 만들고 있습니다

저마다 다른 동물들🐖🐂🐓의 입맛까지 고려하여 👅
합리적인 가격에 품질 좋은 사료를 제공하고 🙌🏻
농가 소득 안정에도 도움을 주려는 노력 💕

환경과 동물을 모두 고려한 사료의 필요에 🥣
작은 원료 차이까지 놓치지 않는 꼼꼼함으로 답한 🔎 
임희석 & 선채형 사료연구원의
진심이 담긴 이야기를 지금 들어보세요 💬

*[댓글 이벤트]*
세필답사 EP13 동원팜스 사료연구원 편을 시청하고
내가 사료 연구원이라면 소, 돼지, 닭 사료 중 *가장 연구하고 싶은 사료* 를 댓글로 적어주세요!
추첨을 통해 커피 기프티콘(10명), 치킨 기프티콘(10명)을 드립니다.
(~4/1까지, 4/6 이후 발표)

*댓글 작성 후 이벤트 참여 구글폼 작성 필수*
https://forms.gle/mAoqHYNyAx5MHKf69

#동원그룹 #동원팜스 #필요에답하다 #사료연구원 #연구 #사료 #RnD #기후변화 #환경 #환경보호 #메탄가스 #질소 #동물 #가축 #원료 #설계 #농가 #건강 #성장 #영양 #배합비 #단백질 #입자 #친환경 #소 #돼지 #생산성 #원가 #장인 #장인인터뷰",2026-03-25T08:00:09Z,,25,ko,PT4M7S,2d,hd,false,81131,209,0,251,public,youtube,True,False,"https://en.wikipedia.org/wiki/Business,https://en.wikipedia.org/wiki/Society",https://i.ytimg.com/vi/Af-CMlKPpWQ/maxresdefault.jpg,thumbnails/동원TV/Af-CMlKPpWQ.jpg
리뷰하자매,UCroqwppBRDTc47YdJVvUHGg,rs6vZA8t64E,만원으로 살아남기… 현실은 쉽지 않았습니다,"1만원으로 하루 생활이 가능한지 직접 해보고 식사, 간식, 카페, 이동까지 전부 포함해 솔직하게 판단한 리뷰 영상입니다.

안녕하세요 리뷰하자매 입니다👭🏻💕
오늘은 각자 1만원으로 하루를 보내는 생활 체험을 해봤습니다!

아침부터 저녁까지 식사, 간식, 카페, 이동까지 전부 이 돈으로 해결해야 했는데요🥲
생각보다 돈이 빠르게 줄어들고, 선택의 순간마다 고민이 많았던 하루였습니다.

과연 1만원으로 하루 생활이 가능할까요?
그리고 실제로 해보니 어떤 선택이 맞는지 솔직하게 담아봤습니다.

영상 보시고
누가 더 알차게 돈을 썼는지 커뮤니티 투표도 꼭 참여해주세요! 💛
여러분의 기준도 댓글로 같이 이야기 나눠주세요 :)

오늘도 영상 봐주셔서 감사합니다💕




#만원의행복 #만원으로하루살기 #자매유튜버 #리뷰하자매 

💌협업/문의 : dr_better_u@naver.com

© 리뷰하자매 All Rights Reserved.  
무단 사용 및 상업적 활용을 금합니다. (성명권·초상권·캡쳐 등)
악의적 비방·욕설·상업 광고 댓글은 삭제될 수 있습니다.",2026-03-26T09:01:05Z,"1만원챌린지,만원챌린지,1만원으로하루살기,만원으로하루살기,만원의행복,1만원으로생활하기,하루버티기,가성비생활,돈아끼기,짠테크,생활비절약,체험콘텐츠,직접해봤더니,솔직리뷰,리뷰하자매,자매유튜버,저예산생활,돈없는하루,편의점라면,라면먹방,가성비챌린지,물가체험,만원살기,생존챌린지,고물가시대",24,ko,PT15M26S,2d,hd,false,356,33,0,23,public,youtube,True,False,https://en.wikipedia.org/wiki/Lifestyle_(sociology),https://i.ytimg.com/vi/rs6vZA8t64E/maxresdefault.jpg,thumbnails/리뷰하자매/rs6vZA8t64E.jpg
쿠킹하루 Cooking Haru :),UCC8bTxyN2ZCfMzS_JAEClfA,CsUDzsABj3c,겹겹이 바삭바삭! 감자칩보다 맛있다! 놀라운 감자 요리! 치즈 감자,"바삭한 감자칩과 핫도그의 만남! 겹겹이 바삭하게 터지는 정말 맛있는 미니 치즈 소세지 감자볼입니다. 데이지꽃같이 생겨서 더 예쁘고 맛있습니다.

재료 : 
1. 감자
2. 소세지
3. 옥수수 전분
4. 치즈
5. 우유
6. 소금, 마늘가루, 파프리카가루

시청해주셔서 감사합니다.",2026-03-23T14:05:57Z,"감자튀김,치즈감자,감자핫도그,핫도그,감자칩,yt:cc=on,프렌치프라이,후렌치후라이",26,ko,PT6M41S,2d,hd,true,48988,1891,0,69,public,youtube,True,False,"https://en.wikipedia.org/wiki/Food,https://en.wikipedia.org/wiki/Lifestyle_(sociology)",https://i.ytimg.com/vi/CsUDzsABj3c/maxresdefault.jpg,thumbnails/쿠킹하루CookingHaru/CsUDzsABj3c.jpg
카라미,UCK44QT7G-cXYfIgm93N93Sg,wV9oN6B-T-w,초미녀(남자임) 이사 기념 집들이 급습 브이로그,"📬 문의 연락: karami@sandboxnetwork.net

- 카라미 SOOP 채널: https://ch.sooplive.co.kr/jgmangnani
- 카라미 유희왕 채널: https://www.youtube.com/@Karami_academy
- 카라미 팬카페: https://cafe.naver.com/karamicorporation
- 카라미 치지직 채널:https://chzzk.naver.com/b309b94de66be23d270e937019f08de4

#카라미 #구독좋아요 #부탁드립니다강요맞음#곤충덕후 #곤충브이로그 #곤충좋아하는사람 #일본곤충 #곤충 #파브르 #메뚜기100종
#일본여행 #도쿄 #후쿠오카 #오사카 #도쿄여행 #후쿠오카여행 #오사카여행 #일본브이로그 #일본일상 #여행브이로그
#라멘 #돈코츠 #쇼유 #시오 #미소 #지로 #츠케멘 #청탕 #백탕 #라멘맛집 #일본맛집 #도쿄라멘 #라멘투어 #브이로그
#먹방 #먹방브이로그 #라멘먹방 #혼밥브이로그 #이색여행
#유튜브브이로그 #브이로그유튜버 #유튜브추천영상 #일상브이로그 
#춤 #곤충일상 #캐릭터브이로그 #일본체험 #브이로그기록 #유튜브라이프
#쇼츠추천 #shorts #shortsfeed #일상쇼츠 #먹방쇼츠 #맛집추천
#라멘괴인 #곤충괴인 #유희왕 #듀얼리스트 #감스트 #감컴퍼니 #비트박스 #UFC #패션
#케이팝데몬헌터즈 #소다팝 #로맨스 #사자보이즈 #sodapop #romance #sajaboys #youridol

#보따 #김원식 #조다현 #아린이즘 #채류진 #와나나 #이희태 #멸치 #팔씨름 #비트박스 #집들이 #급습",2026-03-25T12:24:28Z,"카라미,카라미학원,아프리카,보이는라디오,레전드,감스트,감컴퍼니,김인직,홍타쿠,로기다,박재박,가습기,유희왕,듀얼리스트,파브르,곤충,악테온,벌레,침착맨",24,ko,PT21M15S,2d,hd,false,60743,1052,0,106,public,youtube,True,False,,https://i.ytimg.com/vi/wV9oN6B-T-w/maxresdefault.jpg,thumbnails/카라미/wV9oN6B-T-w.jpg
인디애나 주영 Indiana Jooyoung,UCvKncw7W98xGN9zZiAMzaWg,y1O_HJuaB6A,🇺🇸미국일상 | 30만원 장봤는데… 결과가 이거라고요?😱 | 칙필레 김치볶음밥 (구독자님 레시피),"#먹방 #집밥브이로그 #요리 #주부일상 #주부살림



안녕하세요. 인디애나 주영이에요 😊
즐겁게 영상 시청하시고 구독, 좋아요 부탁드려요☺️
감사합니다!



⏰ 타임라인

컬버스 햄버거 먹방
코스트코 장보기
칙필레 김치볶음밥 레시피
김치볶음밥 먹방




⁉️ Q&A영상
https://youtu.be/lWZpjB0enXs




👩‍❤️‍👨 우리가 어떻게 만났을까요?
https://youtu.be/bIrLokomvgk?si=d7DNiKNWNnXFaELT




🌺 호칭정리
나- 인디애나주영, 어머니, 주동
남편- 브루스님(브루 스님X), 아버님
아들- 큰꼬마, 고기장군, 육감독, 스테이크사우루스
딸- 작은꼬마, 순대걸 

*편하신대로 골라 불러주세요.



✅ 인스타그램
https://www.instagram.com/indiana_jooyoung


📧 이메일
indianajooyoung@gmail.com



Kevin MacLeod 크리에이티브 커먼즈 저작자 표시 4.0 라이선스가 적용됩니다.
https://creativecommons.org/licenses/by/4.0/",2026-03-28T01:00:45Z,"요리,장보기하울,장보기 브이로그,요리브이로그,주부브이로그,미국생활,해외일상,해외브이로그,국제부부,한미커플,미국남편,영어대화,집밥브이로그,집밥레시피,김치볶음밥 레시피,레시피,주부집밥",24,ko,PT17M29S,2d,hd,false,82927,5707,0,277,public,youtube,True,False,"https://en.wikipedia.org/wiki/Food,https://en.wikipedia.org/wiki/Lifestyle_(sociology)",https://i.ytimg.com/vi/y1O_HJuaB6A/maxresdefault.jpg,thumbnails/인디애나주영IndianaJooyoung/y1O_HJuaB6A.jpg
진상도 JINSANGDO,UCJY6kUxsQu0KuFok50AOt6Q,b0deS5Op1Qk,기적의 생존형 디저트 '마요네즈 초콜릿 케이크' | 진상도 466편,"2차 세계대전의 기적! 생존형 '마요네즈 초콜릿 케이크' 직접 만들어봤습니다 🎂 

오늘은 2차 세계대전 당시 물자 부족에 시달리던 미국인들과 군인들이 만들어낸 기적의 생존형 디저트, '마요네즈 초콜릿 케이크'를 재현해 보았습니다.
전시 배급제로 인해 버터, 우유, 달걀 같은 베이킹 필수 재료를 구하기가 하늘의 별 따기였던 시절 , 사람들은 식물성 기름, 달걀 노른자, 식초로 만들어진 '마요네즈'를 완벽한 대체재로 활용했습니다. 
전쟁의 참혹한 환경 속에서도 단 것을 먹고 싶었던 인간의 집념이 만들어낸 희망의 케이크 , 영상으로 그 놀라운 퀄리티를 확인해 보세요!

*⏱️ 타임라인 (Timestamps)*
00:00 2차 세계대전 기적의 디저트, 마요네즈 케이크 소개 
00:20 베이킹 재료가 부족했던 전시 상황과 마요네즈의 비밀 
01:00 1940년대 마요네즈 케이크 재료 준비 (중력분 사용) 
02:59 본격적인 반죽 만들기 (주의: 너무 오래 저으면 질겨져요!) 
04:09 175℃로 예열된 오븐에서 32분간 굽기 
04:34 미군들이 먹었다는 '가짜 버터크림' 만들기
 07:11 디저트와 찰떡궁합! 미군 전투 식량 커피(네스카페) 준비 
08:28 대망의 시식 시간 및 맛 평가 (상상 그 이상의 맛!)

★ 진상도 유튜브 채널  : https://www.youtube.com/@jinsangdo
★ 문의 : jinsangdomre@gmail.com 

★ 진상도 구입했던 제품:   https://influencers.coupang.com/s/jinsangdo

#진상도 #전투식량 #비상식량 #마요네즈케이크 #2차대전",2026-03-20T03:04:22Z,"마요네즈케이크,마요네즈초코케이크,2차세계대전,2차대전,전투식량,미군전투식량,전시식량,생존식량,배급제,전쟁음식,MRE,역사먹방,노버터베이킹,노계란베이킹,가짜버터크림,옛날레시피,1940년대,이색디저트,베이킹,홈베이킹,초콜릿케이크,진상도,MayonnaiseCake,WWIIRations,SurvivalFood,VintageRecipe,WWIIFood,MilitaryRations,ButterlessCake,EgglessCake,HistoricalCooking,브라우니",26,ko,PT10M7S,2d,hd,true,28115,1441,0,181,public,youtube,True,False,"https://en.wikipedia.org/wiki/Food,https://en.wikipedia.org/wiki/Lifestyle_(sociology)",https://i.ytimg.com/vi/b0deS5Op1Qk/maxresdefault.jpg,thumbnails/진상도JINSANGDO/b0deS5Op1Qk.jpg
【大人の韓国グルメ】ココちゃんねる／코코채널,UCMfWUFKLLc_hibPzXzORZRQ,gr5qTMzPDgE,【🇰🇷韓国】地元民で超満席の市場屋台！今が旬のローカルグルメをハシゴ酒【全8軒】,"【ヨンソ市場／연서시장】
https://www.konest.com/contents/shop_mise_detail.html?id=34036
https://naver.me/Fn80oD7a

【ヒョンジョギネ／현정이네】
서울 은평구 통일로 850 현정이네
https://naver.me/xvLDemTS

【ヘウニネ／해은이네】
서울 은평구 통일로 850 39,40호
https://naver.me/5chvObws

【춘희 Bar】
서울 마포구 성미산로 193 지1층
https://naver.me/GRoLBYGM

【Heavy Metal Bar／헤비메탈】
서울 마포구 동교로 282 1층
https://naver.me/5oiQ95i2

【ソムンナンチュクミ／소문난 쭈꾸미】
https://share.google/Od6Jsv8962QXOkzH4
서울 마포구 새창로2길 15
https://naver.me/F3eXhyHK

【ウルチロコルベギ／을지로골뱅이】
서울 마포구 삼개로1길 1
https://naver.me/xJtx57sa

【新村屋台／신촌 포장마차】
CU 신촌로점
서울 마포구 신촌로 128
https://naver.me/FwSoaKXs
※場所はこのコンビニの直ぐ横

#韓国旅行 #韓国グルメ #연서시장",2026-03-27T09:00:46Z,"韓国旅行,韓国料理,韓国グルメ,食べ歩き,飲み歩き,ココちゃんねる,屋台,연서시장,소문난쭈꾸미,포장마차,코코채널",19,ja,PT25M59S,2d,hd,false,18507,627,0,81,public,youtube,True,False,"https://en.wikipedia.org/wiki/Food,https://en.wikipedia.org/wiki/Lifestyle_(sociology),https://en.wikipedia.org/wiki/Tourism",https://i.ytimg.com/vi/gr5qTMzPDgE/maxresdefault.jpg,thumbnails/大人の韓国グルメココちゃんねる코코채널/gr5qTMzPDgE.jpg
수정다육 Succulent plants,UCLN3-sTBFHRLhVtlVjZYG7g,K5VLvNBa8e0,#수정다육 정규 #라이브 방송 여주분 50% 할인판매 3월 27일  010.7417.0793 #다육식물 #화분 #수제화분 #키핑 #에오니옴 #코노피튬,This stream is created with #PRISMLiveStudio,2026-03-27T14:19:33Z,,24,ko,PT5H1M47S,2d,hd,false,1776,67,0,0,public,youtube,True,False,https://en.wikipedia.org/wiki/Lifestyle_(sociology),https://i.ytimg.com/vi/K5VLvNBa8e0/maxresdefault.jpg,thumbnails/수정다육Succulentplants/K5VLvNBa8e0.jpg
달콩뜨개,UC-9IgSQy9KC6h5VwSaLz7Kg,4znqAyqZni0,구름키링 amigurumi/crochet (판매금지) / 열쇠고리 / 키링 / 코바늘뜨기,"달콩멤버십에 가입하시면 더욱 더 다양한 인형을 뜨실수 있습니다.
https://www.youtube.com/channel/UC-9IgSQy9KC6h5VwSaLz7Kg/join

저희 계정이 아닌 다른곳에서 도안공개 및 판매는 안되요^^;",2026-03-09T06:41:03Z,,22,ko,PT42M8S,2d,hd,false,1009,55,0,3,public,youtube,True,False,"https://en.wikipedia.org/wiki/Hobby,https://en.wikipedia.org/wiki/Lifestyle_(sociology)",https://i.ytimg.com/vi/4znqAyqZni0/maxresdefault.jpg,thumbnails/달콩뜨개/4znqAyqZni0.jpg
한끼해요 Hanki Eats,UCOZLqwJ6tNXrFdQEmeVEcUw,8uZC4WPX5yw,냉장고 정리 이렇게 하니까 음식 안 버립니다🔥 엔에프락 공동구매,"엔에프락으로 바꾸고 나서
👉 한눈에 다 보여서 음식 버릴 일이 없어졌어요

투명하고 가벼운 트라이탄 소재라
냉장고 정리도 훨씬 깔끔해지고,
국물 음식도 새지 않아서 정말 편하게 쓰고 있어요 🙂

📅 엔에프락 공동구매 기간
3/26 - 4/1 (일주일 한정)

👉🏻 단품 구매 : https://mkt.shopping.naver.com/link/68412199b7c8c573b305e669
👉🏻 세트 구매 : https://mkt.shopping.naver.com/link/684121998dd273404b730746

🚚 배송 안내
택배사 : CJ대한통운
배송비 4,000원 / 7만원 이상 무료배송
(제주·도서산간 추가비 있음)


💎 '엔에프락' 왜 많이 찾는지 직접 써보면 바로 알게 돼요

✔ 몸통·뚜껑·손잡이까지 전부 트라이탄
(FDA 승인 / 미국 이스트만 정품 원료)

✔ 유리처럼 투명해서
👉 내용물이 한눈에 보여요

✔ 가볍고 안전해서 매일 쓰기 부담 없음

✔ 100% 국내 생산 + 25년 노하우
→ 생산부터 판매까지 직접 관리

✔ 5개국 특허 밀폐 구조
👉 국물, 김치도 안 새요


🔥 사용도 편하게
✔ 전자레인지 OK (뚜껑 열고 2분 이내)
✔ 식기세척기 가능 (뚜껑 포함 / 열풍·스팀 제외)
✔ 냉장·냉동 OK (-20℃~110℃)


🎁 구매 이벤트
구매 후 댓글에 ‘구매완료 + 번호 뒷자리’ 남겨주시면
👉 추첨 3분께 원형 4종 세트 증정🎁


📦 구성 안내
✔ 혼합세트 (6P) → 가장 기본 구성
✔ 반찬세트 (12P) → 데일리 반찬용 추천
✔ 채소보관세트 (3P) → 김치·대용량 보관
✔ 원형세트 (4P) → 국, 소스, 밥 보관
✔ 풀세트 (16P) → 냉장고 전체 정리용

👉 단품 추가 구매 가능
(김치통 / 돔형 / 캐니스터 / 계란트레이 / 채반 등)

👉 냉장고 정리 제대로 하고 싶으셨다면
이번 기회에 한 번 써보셔도 좋아요 🙂


🎬 영상 타임라인
00:00 엔에프락 소개
01:10 혼합세트
01:25 반찬세트
01:38 채소보관 세트
01:53 원형세트
02:08 풀세트
02:23 직사각 개별구성
02:52 정사각 개별구성
03:11 계란트레이, 채반
03:37 김치통
04:11 캐니스터



🎵 Music
Music provided by 브금대통령
Track : Monday Jazz
Track : Waltz for Golden Retriever
Track : Blue Bossa


🚫 영상의 모든 저작권은 한끼해요에 있습니다.
🚫 무단도용 및 재업로드 금지


#반찬통추천 #냉장고정리 #밀폐용기 #주방템추천 #집밥꿀템",2026-03-26T01:15:00Z,yt:cc=on,22,ko,PT4M39S,2d,hd,true,1061,10,0,2,public,youtube,True,False,"https://en.wikipedia.org/wiki/Food,https://en.wikipedia.org/wiki/Lifestyle_(sociology)",https://i.ytimg.com/vi/8uZC4WPX5yw/maxresdefault.jpg,thumbnails/한끼해요HankiEats/8uZC4WPX5yw.jpg
NBS역전의부자농부,UCG4QzIn0LWD6_uOtfXsHqPw,I__LpqIBrvs,[역전의부자농부 397회] 명품 중에 명품 단감! 백화점에 납품하는 비결은?,"📞 농부님 연락처: 다감농원 (강창국) 010-37634829

⏰
00:00 오프닝
02:10 6차산업으로 연 매출 5억 원 경남 창원 강창국 부자농부
02:38 가을 체험농장의 주인공 단감나무 겨울옥을 벗어야 하는 이유?
07:58 초보 귀농인의 난제 전지작업 단감 마이스터가 전하는 키워드
08:45 단감 마이스터의 단감 성공 비법 일타 강의!
10:55 국내외 농업인에게 나누는 한국의 과수 농업기술과 6차산업
14:00 먹고 달리고 느끼고! 슬기로운 체험농장 생활
18:10 뼈가 되고 살이 되는 부자농부로 성공하는 법 대방출
21:15 거둬내야 크고 맛있다! 딸기 품질 좌우하는 솎아내기
23:55 농장 체험객의 입소문으로 급증한 직거래 매출

#단감 #딸기 #경남 #창원 #체험농장 #복합영농 #역전의부자농부 #귀농 #창농 #농부 #농업기술 #농업정보 #nbs #한국농업방송 

◇ NBS한국농업방송 유튜브 구독 
     https://www.youtube.com/c/NBS한국농업방송
◇ NBS한국농업방송 홈페이지 
      https://www.inbs.co.kr",2026-03-25T08:00:14Z,"역전의부자농부,부자농부,NBS,한국농업방송,농협,농촌,귀농,대박농부,부농",26,ko,PT28M33S,2d,hd,false,1064,15,0,0,public,youtube,True,False,,https://i.ytimg.com/vi/I__LpqIBrvs/maxresdefault.jpg,thumbnails/NBS역전의부자농부/I__LpqIBrvs.jpg
Multi Do Korean,UCoxmZ8RbrywslMvt6zhjRDA,l4AJTaRdRSw,요리 챌린지 케이크 데코레이션 | 재미있는 음식 상황 Multi DO Challenge,"우리가 케이크를 어떻게 장식했는지 보고 싶으세요? 새로운 도전에 참여해보세요. 매우 흥미로울 것입니다!

친구들과 공유하십시오! 이와 같은 더 멋진 동영상을 보려면 YouTube 페이지인 Multi DO를 구독하는 것을 잊지 마세요!

재미있고 맛있게 보세요!",2026-03-27T03:18:00Z,"challenge,challenges,prank,pranks,다 마,Multi do,챌린지,음식 챌린지,funny,for 24 hours,24 hours,DIY,craft,awkward",22,ko,PT10M35S,2d,hd,false,412,5,0,0,public,youtube,True,False,"https://en.wikipedia.org/wiki/Food,https://en.wikipedia.org/wiki/Lifestyle_(sociology)",https://i.ytimg.com/vi/l4AJTaRdRSw/maxresdefault.jpg,thumbnails/MultiDoKorean/l4AJTaRdRSw.jpg
주부나라,UCzIOIStANWRgYa3BRuJOg8Q,pXtfUza8ICI,지긋지긋한 무릎통증 이제 병원 안가고 하루종일 놀러 다니신대요,"🦵 [무릎 관절 특효] 
안녕하세요! 오늘은 무릎 관절과 뼈 건강에 천하제일이라 불리는 세 가지 약초(우슬, 독활, 골쇄보)를 듬뿍 넣은 '약초 편육' 레시피를 준비했습니다.

단순한 음식을 넘어 보약이나 다름없는 이 편육은 콜라겐이 풍부할 뿐만 아니라, 약초의 유효 성분이 닭발과 만나 흡수율을 극대화해 줍니다. 부모님 효도 선물이나 관절이 약하신 분들께 강력 추천드리는 건강식입니다.

[준비 재료]
주재료: 뼈 없는 닭발 2kg

핵심 약초: 우슬(쇠무릎) 400g, 독활(땅두릅 뿌리) 150g, 골쇄보(넉줄고사리) 200g

잡내 제거 및 채수: 양파 1개, 대파 2대, 마늘 20알, 생강 3토막, 감초 5조각

기타: 소주 반 병, 물 3.5리터, 소금 2스푼, 통후추 약간, 쌀뜨물(골쇄보 법제용)

#닭발편육 #무릎건강 #관절에좋은음식 #우슬 #독활 #골쇄보 #약초요리 #보양식 #콜라겐덩어리 #수제편육 #약초닭발편육 #부모님보양식

맴버십 가입 링크
https://www.youtube.com/channel/UCzIOIStANWRgYa3BRuJOg8Q/join
채널 멤버쉽을 가입하시면 주부나라에서 만든걸 
정기적으로 후원해 주시는 분들께 여러가지 보내드릴 예정입니다
판매를 하라고 하시는데 제가 너무 힘들고 돈받기도 애매해서 그냥 멤버쉽을 통해서
나눔할까 해서 채널을 개설했습니다
많은분들께 보네야 해서 택비는 부득이 하게 착불로 보내겠습니다
죄송합니다
많이 응원해 주시면 감사하겠습니다
좋아요와 구독중, 전체알람은 무료입니다.
도움이 되셨다면 구독을 구독중으로 변경 부탁드릴게요!
좋아요도 눌러주시면 감사하겠습니다^^
광고 협찬문의 - hwachonara@gmail.com",2026-03-22T05:51:01Z,"닭발편육,무릎 관절,관절염 예방,골다공증 예방,우슬 효능,독활 뿌리,골쇄보 먹는법,약초 요리,닭발 요리,수제 편육 만들기,콜라겐 음식,보양식 레시피,뼈 건강,신경통 완화,요통 완화,하체 부종 제거",26,ko,PT21M10S,2d,hd,false,70078,1490,0,133,public,youtube,True,False,"https://en.wikipedia.org/wiki/Food,https://en.wikipedia.org/wiki/Health,https://en.wikipedia.org/wiki/Lifestyle_(sociology)",https://i.ytimg.com/vi/pXtfUza8ICI/maxresdefault.jpg,thumbnails/주부나라/pXtfUza8ICI.jpg
alinalicooks Кореянка готовит,UCB1bgWqtUln-iJIoa2MpvKQ,WsAPdqrqY4c,"🔥 Чапче (잡채), или фунчоза по-корейски — СТЕКЛЯННАЯ лапша с овощами | alinalicooks","🔥 Чапче (잡채), или фунчоза по-корейски — одно из самых любимых блюд в Корее. Готовят чапче из стеклянной лапши из бататового крахмала, обжаренной с овощами, мясом, соевым соусом и кунжутным маслом. Несмотря на то что ингредиенты обжариваются отдельно, готовится быстро и просто — меньше чем за 30 минут. Вкус получается насыщенный, ароматный и бесподобно вкусный.

Ингредиенты:

Стеклянная лапша (фунчоза, 당면) 300 г
Морковь 150 г
Паприка 1 шт (~150 г)
Грибы 150 г
Шпинат 1 пучок (~150 г)
Сахар 1 ст. л.
Кунжутное масло 2 ст. л.
Кунжут 1 ст. л.
Чёрный перец по вкусу

Маринад
Мясо (говядина или нежирная свинина) 200 г
Соевый соус 2 ст. л.
Чеснок 1 ст. л. (измельчённый)
Сахар 1 ст. л.
Чёрный перец по вкусу

Для лапши
Соевый соус 5 ст. л.
Растительное масло 3 ст. л.

Спасибо Всем за просмотр! Удачного всем дня, Божьих благ!

My instagram⬇️
https://instagram.com/alinalicooks_koreankagotovit

❗ Друзья, если вам понравился видео-рецепт - вы можете помочь каналу: 
👍 ОЦЕНИВАЙТЕ ВИДЕО! 👍 - это приятно для меня и важно для развития канала!
📝 НАПИШИТЕ КОММЕНТАРИЙ или задайте вопрос - я обязательно отвечу! 
🔔 И самое главное - ПОДПИСЫВАЙТЕСЬ на мой YouTube канал, чтобы не потерять мои рецепты





#чапче #잡채 #фунчоза #корейскаякухня #корейскаяродня #стекляннаялапша #лапшасовощами #корейскийрецепт #азиатскаякухня #домашняяеда #вкусно #alinalicooks 🔥",2026-03-05T15:34:27Z,"alinaLicooks,koreanka gotovit,чапче,잡채,фунчоза,корейская кухня,стеклянная лапша,лапша с овощами,корейская лапша,корейский рецепт,азиатская кухня,домашняя еда,вкусно,alinalicooks,рецепты,готовим дома,готовим,рецепт,кореянка готовит",27,ru,PT3M46S,2d,hd,true,12845,590,0,18,public,youtube,True,False,"https://en.wikipedia.org/wiki/Food,https://en.wikipedia.org/wiki/Lifestyle_(sociology)",https://i.ytimg.com/vi/WsAPdqrqY4c/maxresdefault.jpg,thumbnails/alinalicooksКореянкаготовит/WsAPdqrqY4c.jpg
숙키sookkie,UC7r8m1vZZDc3kp258gOcTUQ,_hJyqEY9PIU,"""이걸 어떻게 참아요?"" 자르면 초코 폭발! 🍫 아이스크림보다 맛있는 초코 큐브 식빵/Chocolate Cream Filled Cube Bread","⭐https://www.instagram.com/sookkie_cookie/
⭐E-mail: skamazon @ naver,com
◾구독과 좋아요 는 숙키에게 큰 응원이 됩니다 
◾4k(2160p)로 설정하시면 예쁜 고화질의 영상과 함께 하실수있습니다

☘The English recipe is down below.
Make sure to turn on the English subtitles :)
Thanks for watching 🙏

▶재료
(큐브 식빵팬 9.5x9.5cm 2개분량)
강력분  280g
설탕 22g
연유  20g
소금  5g
인스턴트 드라이 이스트 4g
우유  190g(저는 미지근한 우유를 사용했어요.
실내 온도에 맞게 우유의 온도를 조절해서 사용해 주세요)
무염버터  35g(실온)

-오븐/스메그 160도 20분

(초코크림)
생크림 100g
실온의 생크림 100g
다크초콜릿 50g
설탕 20g

▷ Your subscription and like really support my channel. Thank you so much ♥
▷ For the best quality, switch the video to 4K (2160p) and enjoy an even prettier view!

Ingredients
(for two 9.5 × 9.5 cm cube loaf pans)
280g bread flour
22g sugar
20g sweetened condensed milk
5g salt
4g instant dry yeast
190g milk (I used lukewarm milk. Adjust the temperature depending on your room temperature.)
35g unsalted butter (room temperature)

-Oven
160°C / 20 minutes (SMEG, convection)

(Chocolate Cream)
100g heavy cream
100g heavy cream (room temperature)
50g dark chocolate
20g sugar

▶시청해주셔서 감사드립니다~(*/ω＼*)
Thank you for watching, and happy baking!
▶레시피 사용시 출처를 밝혀주세요.
I'd appreciate it if you credit the source when sharing or recreating this recipe.
▶이 영상을 무단도용 2차편집및 재업로드를 금지합니다.
Please do not re-edit, re-upload, or use this video without permission.
▶예의없는 댓글은 통보없이 삭제합니다.
Please be respectful. Inappropriate comments may be removed without prior notice.

#식빵 #초콜릿 #홈베이킹 #큐브식빵 #디저트 
––––––––––––––––––––––––––––––––––––––
[Video Source Support]
Youtube channel ""freeticon"" : https://www.youtube.com/c/Freetico
–––––––––––––––––––––––––––––––––––––
🎵https://youtu.be/8GKR-i1MMsc?si=Q00bHq8zI6bwcgpc",2026-03-25T10:00:00Z,"식빵,초코,홈베이킹,큐브식빵,초코식빵,베이킹ASMR,디저트,cube bread,chocolate bread,baking,homebaking,bread recipe,sookkie,숙키",26,ko,PT7M49S,2d,hd,true,2009,97,0,25,public,youtube,True,False,"https://en.wikipedia.org/wiki/Food,https://en.wikipedia.org/wiki/Lifestyle_(sociology)",https://i.ytimg.com/vi/_hJyqEY9PIU/maxresdefault.jpg,thumbnails/숙키sookkie/_hJyqEY9PIU.jpg
거제도며느리 리나RINA(コジェ島ミョヌリ リナ),UCktCmRJ7cVEureEmZqs03UA,U4wOraf41x4,도다리를 뼈째로 먹는다고요...? 세꼬시를 처음 먹어본 일본인 아내의 반응 [한일부부],"#국제커플 #해외반응 #먹방 

오늘은 봄 제철 도다리 세꼬시를 먹어봤습니다 🐟

뼈째로 썰어서 먹는 세꼬시는 처음이라
엄청 궁금했는데 식감도 좋고 맛있었어요 🍚
그리고 나중에 오빠가 해준 회덮밥이
생각보다 너무 맛있어서 놀랬어요 !! ✨

따뜻한 봄날에 도다리 세꼬시 드시러
거제도 많이 놀러오세요~🌸


구독과 좋아요 그리고 알림설정 부탁드려요~ฅᐢ..ᐢ₎

인스타그램에 사진도 올렸어요~ 꼭 보러와주세요!!🦭💓
👉 @sasamichan111 팔로우도 부탁드려요
https://www.instagram.com/sasamichan111/

〜・〜・〜・〜・〜・〜・〜・〜・〜・〜・〜・〜・〜・〜

항상 댓글&좋아요 감사합니다🌼

앞으로도 YouTube를 통해서 한국의 거제도의 장점을 알리고 싶다고 생각합니다🌴
다음은 거제 어디를 소개할까 생각중입니다
그 밖에도 소개해주셨으면 하는 장소나, 
궁금하신 점 있으시면 댓글로 남겨 주세요✨

구독'과 '좋아요' 눌러 주시면 감사하겠습니다🌷

---------------------------------------------------------------------------------------------------------------------
🌷bgm🌷
브금대통령


#거제도 #도다리 #한일부부 #외국인반응 #국제부부 #거제도며느리",2026-03-28T02:00:31Z,"国際カップル,한일부부,한일커플,일본인,먹방,리나,日韓夫婦,거제며느리,korea,거제도",22,ko,PT17M13S,2d,hd,false,9431,1703,0,92,public,youtube,True,False,"https://en.wikipedia.org/wiki/Food,https://en.wikipedia.org/wiki/Lifestyle_(sociology)",https://i.ytimg.com/vi/U4wOraf41x4/maxresdefault.jpg,thumbnails/거제도며느리리나RINAコジェ島ミョヌリリナ/U4wOraf41x4.jpg
라멘괴인웅성,UCMSXTsIuYiaHgV6ONd4rnNw,e6HdXv4eY2Q,도쿄 랭킹 1위부터 명성 높은 라멘집 투어! 하하하하,"#웅성 #라멘 #도쿄라멘 #라멘괴인 #라멘괴인웅성 #라멘투어 #ramen #ラーメン #일본라멘 #라멘맛집 #일본맛집 #도쿄맛집 #치바현라멘

타베로그 도쿄지역 라멘 평점 1위인 무기나에부터
현지인들에게 명성이 높은 라멘집들까지!

우리나라에서는 최초로 담려계 라멘을 하신 
멘야준&소바하우스멘야준 전기준 사장님과 
도쿄기반으로 치바현과 사이타마현 포함해서 라멘투어 다녀왔습니다!

웅성의 세 번째 한일교류 콜라보 라멘 이벤트
소바하우스멘야준 X Ramen FeeL
3월 말 - 4월 초 Comming SooN!

------------------------------------------------------------------------------------
📸 웅성 인스타그램 :   / menolic.sw  
*라멘 기반으로 스토리리뷰, 오프라인 행사 등 다양한 활동을 하고 있습니다!

cont : menolic.sw@gmail.com 
COPYRIGHT ⓒ MENOLIC.SW ALL RIGHTS RESERVED.",2026-03-07T03:07:00Z,"라멘,도쿄라멘,맛집,ramen,ラーメン,라멘괴인,웅성,라멘괴인 웅성,도쿄맛집,치바현라멘",19,ko,PT22M36S,2d,hd,false,71623,1125,0,140,public,youtube,True,False,"https://en.wikipedia.org/wiki/Food,https://en.wikipedia.org/wiki/Lifestyle_(sociology)",https://i.ytimg.com/vi/e6HdXv4eY2Q/maxresdefault.jpg,thumbnails/라멘괴인웅성/e6HdXv4eY2Q.jpg
셰프호윤 Chef Hoyoon,UC0x63Jy1Sy63grrf_Pq0WEg,W2_qX3ylB2M,냉이 제발 그냥 무쳐만 드시지 마세요 100% 성공하는 된장냉이 장떡 레시피,"※ 된장냉이장떡 레시피
- 데친 냉이 250~300g에 마늘 4/1큰술, 파 2/1큰술 넣기 (마늘과 파 비율 1:2)
- 시판 된장과 전통 된장을 1:1로 섞고 냉이에 2/1큰술 넣기
- 설탕 10/1큰술과 생강즙 2/1큰술, 참기름 2큰술 넣기
- 깨 1큰술을 갈아서 넣어주고 반죽 전체를 버무려주기
- 썰어 놓은 애호박 반개, 작은 양파 반개, 홍고추 1개, 청양고추 1개를 넣어주기
- 밀가루(중력분) 3스푼, 감자전분 1.5스푼을 넣는다 (밀가루와 감자전 비율 2:1)
- 물 400g에 분말 가루(사골, 멸치, 소고기 함유)를 녹이고 만든 육수를 반죽에 넣어 비벼주기
ㄴ장떡에 된장 맛(간)을 더 내려면 된장을 육수에 풀어 반죽에 넣어주기
- 기름에 달군 팬에 반죽을 도톰하게 떠서 부치기 (약불로 밑 부분 자주 확인하기)
- 이후 장떡을 뒤집어서 지그시 눌러 부치기

※ 된장냉이장떡 간 비율
- 마늘 4/1T
- 파 2/1T
- 시판된장1 : 전통된장1 섞은 된장 2/1T
- 설탕 10/1T
- 생강즙 2/1T
- 참기름 2T
- 밀가루 3T
- 감자전분 1.5T

#김호윤 #셰프호윤 #흑백요리사 #김호윤셰프 #요리 #김호윤쉐프 #봄나물 

✉ 섭외 및 비즈니스 문의 : chefhoyoon@alohamedia.co.kr",2026-03-24T10:00:00Z,,26,ko,PT16M46S,2d,hd,false,3512,93,0,12,public,youtube,True,False,"https://en.wikipedia.org/wiki/Food,https://en.wikipedia.org/wiki/Lifestyle_(sociology)",https://i.ytimg.com/vi/W2_qX3ylB2M/maxresdefault.jpg,thumbnails/셰프호윤ChefHoyoon/W2_qX3ylB2M.jpg
말씀을 연주하라,UCocHz3k8kmulAGSE4r0Eeag,8pTnSes8NuY,수요기도회|아모스 4장,,2026-03-25T23:48:58Z,,24,ko,PT43M53S,2d,hd,false,7,0,0,0,public,youtube,True,False,https://en.wikipedia.org/wiki/Religion,https://i.ytimg.com/vi/8pTnSes8NuY/maxresdefault.jpg,thumbnails/말씀을연주하라/8pTnSes8NuY.jpg
숟가락요리사,UCOzLa9yvxzFBfo7KLkIM6uA,vsHcGUbN76M,비린내 1도 없는 고등어 손질부터 양념까지🐟🍚 집밥 끝판왕! 무 듬뿍 넣은 매콤 고등어조림 만들기,"#고등어조림 #갈치조림 #레시피 #집밥 #생선조림

👉🏻👉🏻 아래 링크를 통해 구매 시 숟가락요리사에게 수수료가 적립됩니다.
순살고등어 https://link.coupang.com/a/cSyC6B

👨🏻‍🍳숟가락요리사가 추천하는 고등어조림 레시피입니다.

🥄재료
주재료:
• 생고등어 3마리
• 무
• 대파 5~6줄기
• 양파 1개
• 청양고추 1개

고등어 밑손질 재료:
• 밀가루 1큰술
• 식초 1큰술
• 소금 1큰술

만능 양념장 재료:
• 진간장 6큰술
• 멸치액젓 2큰술
• 미림 2큰술
• 물엿 3큰술
• 고춧가루 4큰술
• 다진 마늘 2큰술
• 미림 약간 (한 바퀴)

⏰타임스탬프
00:40 고등어조림 재료 소개
00:43 고등어 손질하는법
02:39 고등어 비린내 잡기 꿀팁
03:38 고등어조림 양념장 레시피
07:39 생선조림 먹방


✔︎ 무단 복제 및 재업로드는 금지하며, 적발 시 법적 책임을 물을 수 있습니다. COPYRIGHT ⓒ 숟가락요리사 ALL RIGHTS RESERVED.

-----------------------------------------------------------------------------------------------------------------------------

#MackerelStew #BraisedFish #HomeCooking #SpoonchefRecipe #KoreanFood

✔︎ Translated language
Spicy & Savory! Spoonchef’s Braised Mackerel Recipe
ピリ辛で風味豊か！スプーンシェフのサバの煮付けレシピ
辛香浓郁，风味十足！调羹厨师的韩式炖青花鱼食谱
Cay nồng đậm đà! Công thức cá thu kho chuẩn vị Hàn từ Spoonchef
Pedas & Gurih! Resep Ikan Makarel Rebus ala Spoonchef

👨🏻‍🍳 Spoonchef’s Recommended Braised Mackerel Recipe

🥄 Ingredients

Main Ingredient:
• 3 fresh mackerels
• Korean radish (mu)
• 5–6 stalks of green onion
• 1 onion
• 1 spicy green chili

For Prepping the Mackerel:
• 1 tbsp flour
• 1 tbsp vinegar
• 1 tbsp salt

All-Purpose Sauce:
• 6 tbsp soy sauce
• 2 tbsp anchovy fish sauce
• 2 tbsp mirin
• 3 tbsp starch syrup
• 4 tbsp red pepper flakes (gochugaru)
• 2 tbsp minced garlic
• A drizzle of mirin


✔︎ Unauthorized copying or re-uploading is prohibited and may lead to legal action.
COPYRIGHT ⓒ Spoonchef ALL RIGHTS RESERVED.",2025-09-23T10:03:06Z,,22,ko,PT9M51S,2d,hd,true,1132,91,0,5,public,youtube,True,False,"https://en.wikipedia.org/wiki/Food,https://en.wikipedia.org/wiki/Lifestyle_(sociology),https://en.wikipedia.org/wiki/Pet",https://i.ytimg.com/vi/vsHcGUbN76M/maxresdefault.jpg,thumbnails/숟가락요리사/vsHcGUbN76M.jpg
ParkGH 박근하,UCDPpzXAYvwJifbfKYxdjZUA,Jihjfq_sDnE,대회 밖에서 보는 대회.,"#박근하 #카페 #커피 

어려운 대회 이야기",2026-03-22T10:13:00Z,"박근하,커피,카페,창업,프릳츠,프릳츠커피,커피대회,커피산업",22,ko,PT18M26S,2d,hd,false,8056,198,0,22,public,youtube,True,False,,https://i.ytimg.com/vi/Jihjfq_sDnE/maxresdefault.jpg,thumbnails/ParkGH박근하/Jihjfq_sDnE.jpg
꼬꼬PD가족[Kkokko PD Family],UCfugxK22rRKUWMtgYNTvzog,Z_ik9rLF8kg,"이건 못 참지… 제철 미더덕회에 소주, 육회, 미더덕라면까지 미친듯이 흡입했어요!ㅣRaw water sea squirtㅣSeafood MUKBANGㅣEATING SHOW","#미더덕회 #미더덕라면 #해산물먹방
활미더덕 구매 👇
https://smartstore.naver.com/pangpang87/products/13283550423

★일상과 요리/daily life & cooking  00:16 ~ 02:15 ★
★먹방시작/Start eating 02:16 ~ ★
🐔드디어 제철을 맞은 식감이랑 향긋함이 미춰버린 
미더덕회를 가져왔습니다 ㅎㅎㅎ 작년 이맘때에 한번 맛을 보고 나서
시즌마다 꼭 찾아 먹어야지~ 했는데!! 
마침 정말 친동생처럼 친한 동생이 관련 사업을 시작하게 되었다고
보내줬는데요~ 크~~ 진짜 제철 미더덕회는 식감과 향긋한 맛이 넘좋아서
소주가 술술 넘어갑니다 ㅎㅎㅎ
마지막에 라면에 콩나물 오만둥이 미더덕 넣고 보글보글 끓였더니
진짜 천상의 맛이네요 😍👍👍

오늘도 시청해 주셔서 감사드립니다.🥰
재밌게 시청하셨다면 구독 좋아요 알림설정으로 저희를 응원해주세요❤️
저희 꼬꼬가족의 영상제작에 정말 큰 힘이 됩니다 ♥

🐔꼬꼬가족이 더 궁금하다면 아래 Q&A영상과 인스타도 구경오세용🥰
꼬꼬pd가족 Q&A : https://youtu.be/UHyZx45fxfY

꼬꼬pd 인스타 : instagram:https://www.instagram.com/kkokkoPD/

★업로드 /화, 목, 일 또는 요일랜덤★
 업로드 시간  가족먹방 :  pm8:00
                        
🐔Today's menu is ★Raw water sea squirt with soju★

I really appreciate to my subscribers and viewers~
Cheer me up, and I’ll be glad if you watch every video on my channel.
If you like this video, please subscribe and leave your comments!!
Please let me know if you want to see a certain food through comment!!

★ Upload 1 times a week/Tuesday, Thursday, Sunday, or Random★
Upload Time Family Eating Show: PM8:00",2026-03-22T11:01:01Z,"꼬꼬피디,먹방,가족먹방,리얼먹방,real Mukbang,리얼리티먹방,family eating show,家族モッパン,家族の食事,현실먹방,モッパン,korean food,korean eating show,mukbang,eating show,#mukbang,#eatingshow,real sound,리얼사운드,해산물먹방,seafood,korean seafood,미더덕회,뿔소라,소주먹방,soju,술먹방,꼬꼬피디술먹방,육회먹방,육사시미,육회,제철음식,라면먹방,라면,틈새라면,미더덕라면,오만둥이라면",24,ko,PT13M23S,2d,hd,true,61115,2287,0,115,public,youtube,True,False,"https://en.wikipedia.org/wiki/Food,https://en.wikipedia.org/wiki/Lifestyle_(sociology)",https://i.ytimg.com/vi/Z_ik9rLF8kg/maxresdefault.jpg,thumbnails/꼬꼬PD가족KkokkoPDFamily/Z_ik9rLF8kg.jpg
나하모니Da62,UC5N39ahEi9x6W-MYkOFSwIw,1BnZNeF9SVw,봄에 물 주는 주기가 궁금?다육이 물주기.korean succulent.多肉植物.たにくしょくぶつ.,봄에 물주는 간격.계절에 따른 다육이 물주기 알아보기.#다육이#다육이키우기#다육이물주기#다육식물,2024-03-21T23:12:28Z,"#다육이 물관리,#다육이물주기,#잎꽂이,#다육이,#다육이 물주기,#다육이키우기,#다육이 잎꽂이,#잎꽂이 방법,#다육식물,#적심,#삽목,#웃자람,#자구번식,#반려식물,#다육,#꽃보다 예쁜,#국민다육,#노숙,#베란다,#초보다육,#깍지벌레,#꽃대#다육이 잘 키우기,#다육이 예쁘게 키우는 법,#꽃보다 예쁜 다육이,#다육이번식,#succulent plant,#korean succulent,#다육이 물주는 주기,#다육이 물주는 시기,#다육이 물주는 방법,#다육물주는기간,#다육이물주는때",26,ko,PT6M44S,2d,hd,true,1202,70,0,22,public,youtube,True,False,https://en.wikipedia.org/wiki/Lifestyle_(sociology),https://i.ytimg.com/vi/1BnZNeF9SVw/maxresdefault.jpg,thumbnails/나하모니Da62/1BnZNeF9SVw.jpg
주류학개론 - 재미있는 술의 비하인드 스토리,UCB9wEdhMy5Mi8SLNBD-tUrQ,UWXsTIPRtW8,일본의 머나먼 섬에서 대박 맛있는 위스키를 찾았다,"영상 내 썸네일 링크
일본위스키 쿠쥬 뉴본 - https://youtu.be/4jEgfnowKkg?si=ViJK7cQD-IeY59mR
옥토모어 15 시리즈 비교 - https://youtu.be/MhmYIaQXtwY?si=Rd6gCqSCRDOcqt2x
미스테리 몰트  - https://youtu.be/4rC6LpuBwNY?si=ezp7C1xPEaajWJxc
글렌그란트 60년 - https://youtu.be/WaX5PmY-ZtE?si=kPU0kiMmJLr4pfo9
일본 술술투어 시즌2 에피소드 3 위스키 박람회 - https://youtu.be/Lxn0TFnx1as?si=3DqRHb0_SqcnyPno

#위스키추천 #류카 #일본위스키 #재패니즈위스키 #오키나와 #아와모리

*술은 취향입니다. 모두를 만족시키는 술은 없고, 모두에게 불만족스러운 술도 없습니다.

====== 사진 출처 ======
ChatGPT, Google Maps, Wikipedia, TasteAtlas, Nano Banana 2, 沖縄テレビ放送, うるま市観光物産協会, 樽物語, 新里酒造, Japan Spirits",2026-03-28T02:00:00Z,"싱글몰트 위스키,몰트 위스키,류큐 왕국,유구국,홍길동,신자토,슈리,라오카오,안남미,자포니카,인디카,흑곡균,흑국균,항아리,숙성,오크통,위스키 역사,술 역사,아와모리 역사,오키나와 술,카발란,대만,스카치 위스키,스코틀랜드,증발률,증발율,위스키 소개",26,ko,PT11M18S,2d,hd,false,7987,458,0,47,public,youtube,True,False,"https://en.wikipedia.org/wiki/Food,https://en.wikipedia.org/wiki/Lifestyle_(sociology)",https://i.ytimg.com/vi/UWXsTIPRtW8/maxresdefault.jpg,thumbnails/주류학개론-재미있는술의비하인드스토리/UWXsTIPRtW8.jpg
광덕아,UCdZX-lHiBTJNqUD0QlyHInw,16ZkecKoyzg,"""박광덕씨! 칼국수집 차렸어요??"" 바지락칼국수 & 즉흥 안주요리로 야무지게 한끼 먹었어유","*바지락칼제비(칼국수&수제비)
제철 바지락으로 칼국수에 볶음면까지 만들어서 맛있게 한끼 뚝딱~",2026-03-24T09:15:01Z,,22,ko,PT14M23S,2d,hd,false,79034,2438,0,163,public,youtube,True,False,"https://en.wikipedia.org/wiki/Food,https://en.wikipedia.org/wiki/Lifestyle_(sociology)",https://i.ytimg.com/vi/16ZkecKoyzg/maxresdefault.jpg,thumbnails/광덕아/16ZkecKoyzg.jpg
손석민TV 맥가이버,UCs88b99szA58HnZX59W24Ng,dUtUcdTcxfM,"당신이 내 인생이오 , 제작 : 손석민 #트로트 #트로트메들리 #prismlivestudio #트로트가수 #트로트추천 #트로트신곡 #트롯 #트로트뽕짝듣기 #미스터트롯2 #미스트롯","채널에 가입하여 혜택을 누려보세요.
https://www.youtube.com/channel/UCs88b99szA58HnZX59W24Ng/join
투네이션 후원 https://toon.at/donate/ssm7108",2026-03-27T17:24:50Z,"#손석민TV,맛집홍반장,손석민TV맛집홍ㅂ나장,평택,서정동,경기도,맥가이버,맥가이버가간다,손석민,쉐프,음악방송,힐링,악플,최준용TV,최준용,유퉁,유퉁TV,김학철,김학철TV,김영태,박영록,야인시대영태형TV,야인시대,맛있는코다리,박철,박철대박당,리얼홀릭,빅터,코미꼬,유일한,텃밭주인,텃밭주인TV,잔다르카미,요리,구독자,유투버,천안,천안시,평택시,아니안희,박마담,최국,최국TV,연예인,부천,성지,휴대폰,프리즘라이브,맥가이버칼,인테리어,셀프인테리어,셀프,스시,먹방,술방,욕방,맛집,소개,투어,먹방투어,DJ,비제이",24,ko,PT3M51S,2d,hd,false,30,6,0,6,public,youtube,True,False,"https://en.wikipedia.org/wiki/Music,https://en.wikipedia.org/wiki/Music_of_Asia",https://i.ytimg.com/vi/dUtUcdTcxfM/maxresdefault.jpg,thumbnails/손석민TV맥가이버/dUtUcdTcxfM.jpg
혁이네집밥,UCYOFf3IQ8jaondMgnVDMluA,PffVGRBPMfA,마누라 모임 간 날…김치통과의 사투(ft.봄동비빔밥),"#봄동비빔밥 #혼밥 #집밥 

오늘도 즐겁게 혁이네 집밥을 찾아주셔서 감사합니다.
재밌게 보셨다면 좋아요와 구독 눌러주세요! 
예쁘게 봐주세요~^^💖
악의적인 댓글,비방성 댓글은 삭제 조치하겠습니다.
----------------------------------------------------------------------------------------------------",2026-03-22T10:13:49Z,,22,ko,PT11M29S,2d,hd,false,8418,287,0,180,public,youtube,True,False,"https://en.wikipedia.org/wiki/Food,https://en.wikipedia.org/wiki/Lifestyle_(sociology)",https://i.ytimg.com/vi/PffVGRBPMfA/maxresdefault.jpg,thumbnails/혁이네집밥/PffVGRBPMfA.jpg
"K-Beauty&Koreanfood ,SecondFrime",UCtUop1lkHLDbJRwp295O5cg,z9184EvBw6w,라면 건강하게먹는법 7가지,,2026-01-25T05:23:55Z,,22,ko,PT2M30S,2d,hd,false,39,1,0,0,public,youtube,True,False,"https://en.wikipedia.org/wiki/Food,https://en.wikipedia.org/wiki/Lifestyle_(sociology)",https://i.ytimg.com/vi/z9184EvBw6w/maxresdefault.jpg,thumbnails/K-BeautyKoreanfoodSecondFrime/z9184EvBw6w.jpg
이발소 베이커리,UCJ0ulEEvEfo6w7xyqwTJbyQ,APJOvgRcKwE,코코넛 모카빵만들기.롱타임 레젼드 빵!!!  매장 레시피 그대로 만들어봅시다.,"모카피반죽(10개분량)
버터 150
설탕 100
전란 55
중력200
베이킹파우더 2

코코넛 토핑(10개분량)
흰자 200
설탕 185
코코넛롱 200
중력 35

모카빵 반죽
강력 257
설탕 43
소금 5
이스트 11(생이스트)
묵을반죽 또는 르방뒤르 24
물 69
전란 54
커피분말 8(공산품)맥심
버터 38
건포도 70
호두 50",2026-03-23T16:22:25Z,,22,ko,PT6M55S,2d,hd,false,3715,151,0,13,public,youtube,True,False,"https://en.wikipedia.org/wiki/Food,https://en.wikipedia.org/wiki/Lifestyle_(sociology)",https://i.ytimg.com/vi/APJOvgRcKwE/maxresdefault.jpg,thumbnails/이발소베이커리/APJOvgRcKwE.jpg
배고픈 빵떡이 [Hungry B.D.],UC8xhsboNsLK75eLFkOV5Knw,jsM8SoOjxQk,맛나면 먹방,"인스타아이디 -
https://www.instagram.com/youngjuchang/

이메일 -
dudwn629@hanmail.net",2026-03-21T09:46:05Z,,22,ko,PT13M3S,2d,hd,false,7826,477,0,27,public,youtube,True,False,"https://en.wikipedia.org/wiki/Food,https://en.wikipedia.org/wiki/Lifestyle_(sociology)",https://i.ytimg.com/vi/jsM8SoOjxQk/maxresdefault.jpg,thumbnails/배고픈빵떡이HungryBD/jsM8SoOjxQk.jpg
솔바위 팜 [Korea Farm Story],UCg4Am0srDqvm0ETVGylGevQ,90l3hmnHrLs,항아리바베큐 포포농장에서 직접 만들어 먹어요! #항아리바베큐 #삼겹살 #바베큐 #항아리,,2026-03-21T18:46:45Z,,26,ko,PT1H24M19S,2d,hd,false,3610,22,0,2,public,youtube,True,False,"https://en.wikipedia.org/wiki/Food,https://en.wikipedia.org/wiki/Lifestyle_(sociology)",https://i.ytimg.com/vi/90l3hmnHrLs/maxresdefault.jpg,thumbnails/솔바위팜KoreaFarmStory/90l3hmnHrLs.jpg
꿀주부 Honeyjubu,UCg_xrQ9KMN7wL4moBwuxZWw,EmipMCCEqd0,"새벽 5시 기상 | 9가지 집밥 만들기, 남편도시락, 토란국 아침밥, 석화찜 야식 | 도쿄 가족 여행","여러분 안녕하세요. 꿀주부입니다. 🥰
오늘도 냉장고 재료로 따뜻한 집밥을 만들어요.
건강하고 맛있는 집밥,
오늘도 즐겁게 시청해주세요.🤗❤️


영상 기획부터 촬영, 편집, 그리고 댓글 까지 
모든 과정을 혼자서 하고 있습니다.
답장이 조금 늦더라도 너그럽게 이해 부탁드려요.😊🙏🏻


평소에 카메라 질문이 많아서 남겨드립니다.
저는 오래된 구형 소니 카메라를 사용 중이지만, 
영상 퀄리티를 위해서 요즘 나오는 고성능 카메라들로 
시작해 보시길 추천드립니다.🥰



#Honeyjubu  #꿀주부 #집밥




🍎 instagram : https://www.instagram.com/honeyjubu/
🍎 Business mail  : honeyjubu7@gmail.com

🍉  Editing program : Adobe  Premiere Pro
🍉 I don't have Facebook.



🌳 제 채널의 모든 영상은 저작권 보호를 받고 있습니다. 
다른 싸이트에 무단 도용 및 풀버전, 2차 편집 업로드를 금지합니다.",2026-03-16T08:09:15Z,"주방용품 정리,주방용품 소개,살림템 추천,살림템,살림템추천,살림꿀템,주방정리,살림,kitchen,kitchen organization,kitchen organization ideas small spaces,주방 정리,vlog,organizing,주방,스텐팬추천,냄비추천,집밥,집밥 레시피,집밥 만들기,야식만들기,야식 추천,남편도시락,도시락 만들기,아침밥,건강식단,건강 밥상,한식",26,ko,PT22M1S,2d,hd,true,365891,7251,0,314,public,youtube,True,False,"https://en.wikipedia.org/wiki/Food,https://en.wikipedia.org/wiki/Lifestyle_(sociology)",https://i.ytimg.com/vi/EmipMCCEqd0/maxresdefault.jpg,thumbnails/꿀주부Honeyjubu/EmipMCCEqd0.jpg
Mini Forest 미니포레스트,UCvi9Edt8ecebffeFo6_73Qg,QK5OqNCs0Og,미니어처 봄나물 밥상 | Miniature Cooking,"안녕하세요, 미니 포레스트입니다.
오늘은 미니어처 요리로 봄나물 한 상을 준비해 봤어요.

나른한 봄날, 향긋한 봄나물로 기운 차리시고
따뜻한 봄볕처럼 환한 미소 가득한 날들 되시길 바랍니다 🌿

미니어처 TV 제작 과정이 궁금하신 분들은
여기를 클릭해 주세요 🙂
https://www.youtube.com/watch?v=BPFO5ovLftw

감사합니다.^^",2026-03-26T11:17:07Z,"miniature cooking,mini food,봄나물,냉이,쑥전,달래김치,돌나물,돌나물 물김치",24,ko,PT10M32S,2d,hd,false,20238,1837,0,198,public,youtube,True,False,"https://en.wikipedia.org/wiki/Food,https://en.wikipedia.org/wiki/Lifestyle_(sociology)",https://i.ytimg.com/vi/QK5OqNCs0Og/maxresdefault.jpg,thumbnails/MiniForest미니포레스트/QK5OqNCs0Og.jpg
이선미의 집밥연구소,UCyt1nq6CXQt9U_E5Tae98Ag,xCkudc6KnwU,밥도둑 동해안 별미! 가자미식해 만드는 법 | 전통 발효 음식,"#가자미 #식해 #전통음식 
동해안에서 오래전부터 내려온 전통 발효 음식 가자미식해입니다.

가자미를 소금에 절여 살짝 말린 뒤
조밥, 무, 고춧가루, 마늘, 엿기름 등을 넣어
발효시켜 만드는 깊은 맛의 전통 음식입니다.

쫄깃한 가자미와 감칠맛 나는 양념이 어우러져
밥과 함께 먹으면 정말 맛있는 동해안 별미입니다.

집에서도 쉽게 만드는 가자미식해 만드는 방법을
영상으로 소개합니다.",2026-03-08T23:16:59Z,"가자미식해,식해,동해안식해,가자미요리,전통음식,한국전통음식,발효음식,밥도둑반찬,집밥레시피,한식레시피,전통레시피,동해안별미,생선요리,집밥요리,요리레시피,koreanfood,koreanrecipe,fermentedfood,sikhae,koreantraditionalfood",26,ko,PT5M10S,2d,hd,false,661,13,0,0,public,youtube,True,False,"https://en.wikipedia.org/wiki/Food,https://en.wikipedia.org/wiki/Lifestyle_(sociology)",https://i.ytimg.com/vi/xCkudc6KnwU/maxresdefault.jpg,thumbnails/이선미의집밥연구소/xCkudc6KnwU.jpg
격수형,UCxIWEubpNWCxvoo84BYZxgQ,4da4nIeTYWg,진해 오일 갈러왔는뎅 낼부터 군항제 벚꽃축제라네요,,2026-03-26T06:34:58Z,,24,ko,PT19M13S,2d,hd,false,306,10,0,0,public,youtube,True,False,,https://i.ytimg.com/vi/4da4nIeTYWg/maxresdefault.jpg,thumbnails/격수형/4da4nIeTYWg.jpg
그래 이맛이야 육수다,UC8Mr1yjDH-lmqx3QD3Hv8hA,PURvbUK2nuc,[천연조미료 레시피] 아이도 안심! 10분만에 완성하는 깊은맛 건강밥상,"자연이 준 재료로, 깊은 맛을 전합니다.
🍃 **MSG 無첨가, 아이도 안심할 수 있는 남해眞人 자연조미료**로 만든 오늘의 건강밥상.

✨ 오늘의 레시피:
– 육수를 따로 내지 않아도 감칠맛이 가득!  
– 아침 반찬 걱정 없이, 10분 완성!  
– 엄마의 정성과 셰프의 맛을 한 그릇에 🌸

📍이런 분께 추천드려요:
#아이반찬 걱정 중인 부모님  
#간편하지만 건강한 요리를 찾는 워킹맘  
#천연조미료 레시피에 관심 있는 요리초보  
#자연식 #안전먹거리 #시즈닝추천 #육수요리

👇 더 많은 자연조미료 요리 보러가기  
🛒 https://kfoodji82.com  
📲 인스타그램 @namhae.su

#코인육수#분말육수#만능가루#간단요리#남해진인 #건강조미료 #아이반찬 #MSG없는요리 #천연육수 #자연조미료 #간편레시피 #시즈닝 #육수다  
#맛있는집밥 #Kfood #육아맘레시피 #10분요리",2026-03-24T12:26:43Z,,26,ko,PT6M36S,2d,hd,false,61,0,0,0,public,youtube,True,False,"https://en.wikipedia.org/wiki/Food,https://en.wikipedia.org/wiki/Lifestyle_(sociology)",https://i.ytimg.com/vi/PURvbUK2nuc/maxresdefault.jpg,thumbnails/그래이맛이야육수다/PURvbUK2nuc.jpg
FOODBOX 푸드박스 ,UCEii9gXvnQGFY81s8c0JnvQ,5ToZRyrC1FQ,😱  자연산 감성돔과 돌돔의 가격이  ...  노량진수산시장 상황 20260326,"자연산 감성돔이 이렇게  가격이 떨어진다고?
약속의 4월이 다가오자 돌돔 가격은 하락중~
얼마까지 알아 보셨나요~ 
이번주는 어떤게 좋을가요?
 👉 자세한 내용은 영상으로 확인해주세요!

📩 비즈니스 문의
광고 / 협찬 / 프로모션 /후원 제안
📧 uglyduck1003@gmail.com

🔗 커뮤니티 & SNS
🐟 네이버 카페: https://cafe.naver.com/kimsfoodbox/1012

📸 인스타그램: https://www.instagram.com/kimsfoodbox/

💬 공개채팅방: https://open.kakao.com/o/giOVpZKc

🛒 소매점 정보
🔴 활어 / 선어
성전물산 (선어-008번 / 남5문)
📞 010-4606-1893, 010-9659-7311
  톡 1번방 https://open.kakao.com/o/gyxNNYYd
  톡 2번방 https://open.kakao.com/o/gEAFngQf
  톡 3번방 https://open.kakao.com/o/gCc6LfJg
  밴드 https://band.us/@susansijang

참조은수산 (80, 81호 / 남5문)
📞 (09시~19시 오후문의) 태일 010-3786-7555
      (05시~12시 오전문의) 태이 010-7584-0094
톡방  https://open.kakao.com/o/g3SzPZCg
공지방 https://open.kakao.com/o/gJ55reNg
밴드 https://band.us/page/96034341

윤호수산 (선어-082)
📞 010-2221-1206, 010-7255-7372
      010-2221-1206 / 010-7255-7372
카톡방1번방  https://open.kakao.com/o/gZXXAkUd
카톡방2번방  https://open.kakao.com/o/gnxIOveg
밴드 https://band.us/n/ada8A993S5q06

🦀 갑각류
줄포상회 (활어 27~29번)
📞 010-8812-1580
 밴드주소   https://band.us/@mmz
  톡방 참여코드 1580
 1번방: https://open.kakao.com/o/gCtFrIHg
 2번방: https://open.kakao.com/o/grk9ZDgh

🐟 기타 선어·유통 업체
선어
※영남아귀 D6기둥
 📞010-5249-1288   010-9882-1288

※초이스수산  C9기둥
 📞010-7119-5829

동양물산 (선어-166)
📞 010-2172-6553

와이티유통
📞 02-2254-7904 / 010-8913-3373

🧊 경매장 업체
한길통상
📞 010-3686-0093
     홈페이지 https://www.nodosi.co.kr/
     카톡방 https://open.kakao.com/o/gZaBlyDd

오복상회
📞 010-4754-4182
카톡방  https://open.kakao.com/o/g91uoaMc

참치소분판매방
https://open.kakao.com/o/gFoHFABh

🐚 패류 전문
창덕수산(진양)
📞 010-4181-1816

#노량진수산시장 #수산물시세 #모듬호회 #광어 #숭어 #킹크랩 #대게 #가성비 #참치 #무늬오징어",2026-03-26T10:00:06Z,"노량진 수산시장,광어,단새우,오징어,벤자리,시마아지,민어,참돔,자연산농어,킹크랩,대게,랍스터,전어,꽃게,새우,낙지,삼치,대방어,경매시세,감성돔,능성어,줄돔,도다리,가자미,주꾸미,잿방어,돌돔,우럭,갑오징어,무늬오징어,입질의 추억,수빙수,하나사키,갯장어,하모,자바리,줄가자미,털게,오염수,후쿠시마",24,ko,PT19M6S,2d,hd,false,11423,232,0,52,public,creativeCommon,True,False,"https://en.wikipedia.org/wiki/Food,https://en.wikipedia.org/wiki/Lifestyle_(sociology),https://en.wikipedia.org/wiki/Pet",https://i.ytimg.com/vi/5ToZRyrC1FQ/maxresdefault.jpg,thumbnails/FOODBOX푸드박스/5ToZRyrC1FQ.jpg
하오니의 빵탐험 Haoni,UCGbFD6WndSG-0Am8QSgXX4w,hzEhBBgeTDU,덴마크 크림빵🇩🇰반죽 하나로 세 가지 만들기 Fastelavnsboller,"#페스트라운스볼러 #Fastelavnsboller 
안녕하세요! 하오니의빵탐험입니다. 
오늘은 요즘 인기인 덴마크 크림빵 세 가지를 탐험합니다.
반죽 하나로 세 가지 덴마크 크림빵을 만들어보세요!

•·················•·················•

🔖덴마크 크림빵 재료(00:09 캡쳐)
・ 반죽(6개 분량)
강력분 200g, 인스턴트 드라이 이스트 3g, 설탕 20g, 소금 2g, 
(선택)카다멈 가루 1g, 달걀 1개(50g), 실온 상태의 우유 90g, 
실온 상태의 무염버터 30g

・ 바닐라 크림
달걀 1개(50g), 설탕 50g, 옥수수 전분 10g, 우유 200g, 
바닐라빈 1/2개 긁어낸 것 혹은 바닐라 익스트랙트 적당량

・ 휘핑크림
생크림 또는 휘핑크림 150g, 설탕 30g

・ 초콜렛 코팅
다크초콜렛 커버춰 80g, 코팅용 다크초콜렛 40g

・ 셈라용 아몬드크림과 토핑(2~3개 분량)
아몬드파우더 70g, 슈가파우더 70g, 카다멈 가루 1g, 
우유 60g, (토핑)굵게 다진 아몬드나 아몬드 슬라이스

•·················•·················•

📌바닐라크림 끓여서 만드는 법
1. 냄비에 우유, 바닐라빈 긁어낸 것을 넣어 약불에 데운다.
2. 그동안 볼 A에 분량의 달걀, 설탕, 전분을 넣어 골고루 섞는다.
3. 냄비의 우유 가장자리가 보글보글 끓으면 불에서 내린다.
4. 볼 A에 데운 우유를 조금씩 넣어가며 거품기로 골고루 섞는다.
5. 볼 A에 우유를 모두 부어 골고루 섞은 뒤, 모든 액체를 냄비로 옮긴다.
6. 중불에 올려 거품기로 계속 저으며 끓인다.
7. 큰 기포가 터지고 부글부글하면 불에서 내려 거품기로 계속 젓는다.
8. 덩어리 진 것들이 풀어지고, 매끈해지도록 저어서 완성한다.
9. 이후 볼에 옮겨담고 식히는 과정은 영상 내용 참고

•·················•·················•

📌페스트라운스볼러 관련 기사
・ https://heartbeats.dk/her-er-de-12-bedste-fastelavnsboller-i-koebenhavn/
・ https://woman.dk/kultur/spisesteder/bedste-fastelavnsboller
・ https://bobedre.dk/opskrifter/bagvaerk/guide-her-er-de-bedste-fastelavnsboller-i-koebenhavn

•·················•·················•

00:00 시작
00:09 레시피
00:36 기본 빵 만들기
02:33 바닐라크림 만들기
03:51 전통 버전(클래식) 크림빵
04:52 전통 버전(모던) 크림빵
06:01 스웨덴식 셈라
07:24 더 알아보기
08:24 페스트라운스볼러의 세계

•·················•·················•
오늘도 즐거운 빵탐험하세요!

#하오니의빵탐험 #베이킹 #홈베이킹 #빵 #빵만들기 #베이킹유튜브 #베이킹유튜버 #베이킹레시피 #쉬운빵만들기 #빵레시피",2026-02-27T11:18:26Z,"베이킹,홈베이킹,사워도우,빵만들기,레시피,쉬운레시피,사워도우빵,사워도우만들기,사워도우브레드,홈베이킹레시피,쉬운빵레시피,쉬운빵만들기,홈베이커,베이킹유튜브,베이킹유튜버,sourdough,sourdoughbread,sourdoughrecipe,homebaking,bakingrecipe",22,ko,PT11M32S,2d,hd,false,3668,179,0,22,public,youtube,True,False,"https://en.wikipedia.org/wiki/Food,https://en.wikipedia.org/wiki/Lifestyle_(sociology)",https://i.ytimg.com/vi/hzEhBBgeTDU/maxresdefault.jpg,thumbnails/하오니의빵탐험Haoni/hzEhBBgeTDU.jpg
상남철,UCIJkBHmmcZ14_V-xLZxnoaA,_HSPqAbfi-M,린클-6크로4셋 요정 무과금 이렇게 하세요,#상남철 #대답좌 #대답 #리니지클래식,2026-03-27T09:47:52Z,,24,ko,PT2H33M1S,2d,hd,false,3112,13,0,0,public,youtube,True,False,"https://en.wikipedia.org/wiki/Role-playing_video_game,https://en.wikipedia.org/wiki/Video_game_culture",https://i.ytimg.com/vi/_HSPqAbfi-M/maxresdefault.jpg,thumbnails/상남철/_HSPqAbfi-M.jpg
일타쿠마,UChbZEmY6uHbTRHxu5g--c7Q,n-6sUHN4-ok,이 생선의 이름을 알고 계시는 분에게 회 한 접시 보내드립니다.,"정체불명의 생선을 구했습니다…🐟

제주 먼바다에서 잡힌 건데,
자바리 같기도 하고… 능성어 같기도 한데…
꼬리, 이빨, 생김새 전부 애매합니다.

국립수산과학원까지 찾아봤는데
정확한 정보가 안 나와서
결국 “교잡종”으로 추정 중입니다.

과연 이 생선의 정체는 뭘까요?
맞히는 분께 회 한 접시 쏩니다!

제작 : 프로젝트402
🌐 project402.kr
📧 project402.kuma@gmail.com",2026-03-27T11:00:00Z,"일타쿠마,김민성,여의도,용왕,여의도용왕,자바리,능성어,범바리,대왕범버리,대왕자바리,희귀어,대물,낚시,이빨,생선,자연산,오마카세,쿠마,일식,하이브리드,사시미,코스,먹방",24,ko,PT8M9S,2d,hd,false,55397,1028,0,475,public,youtube,True,False,,https://i.ytimg.com/vi/n-6sUHN4-ok/maxresdefault.jpg,thumbnails/일타쿠마/n-6sUHN4-ok.jpg
쿤키친 - Kun Kitchen,UC8pNp8mMr-GGOnGrVmzgSAA,dZRebVyi4PQ,양배추가 집에 있다면 이렇게 꼭 드셔 보세요👍! 양배추 이렇게 만드니까 완전 밥도둑이네요😃! 양배추 요리,"양배추가 집에 있다면 이렇게 꼭 드셔 보세요👍! 양배추 이렇게 만드니까 완전 밥도둑이네요😃! 양배추 요리

레시피 :
양배추 290g
마늘 3쪽
양파 55g
식용유 1큰술
후추 1/6작은술
소금 1/4작은술
조미료 가루 1/2작은술
참기름 1큰술
간장 1큰술
참깨 2큰술
#요리 #맛있는요리 #쉬운요리 #쿤키친 #KunKitchen #간단요리 #자취요리
제 채널을 방문해 주셔서 감사합니다.
쉬운 레시피로 맛있는 요리를 만날 수 있는 채널입니다..
구독과 좋아요는 저희에게 큰 힘이 됩니다. 매우 감사합니다. 🙏🏻",2026-03-27T11:00:53Z,"요리,맛있는요리,쉬운요리,쿤키친,Kun Kitchen,황금레시피,매일맛나,간단요리,자취요리,아이디어요리,맛있는레시피,초간단요리,간식,간식만들기,초간단레시피,korean food,yt:cc=on,하루한끼,수미네 반찬,반찬 만들기,양배추,양배추 요리,양배추 레시피,양배추 다이어트,양배추요리,양배추만들기,배추 요리 레시피,배추 요리 종류,배추 요리 초간단,다이어트 배추 요리,양 배추 요리",26,ko,PT2M4S,2d,hd,false,1795,15,0,0,public,youtube,True,False,"https://en.wikipedia.org/wiki/Food,https://en.wikipedia.org/wiki/Lifestyle_(sociology)",https://i.ytimg.com/vi/dZRebVyi4PQ/maxresdefault.jpg,thumbnails/쿤키친-KunKitchen/dZRebVyi4PQ.jpg
술맛여행놈,UCZ-8O9WwagxNFj5Cc_TYfSw,rPJ2Q7gXBrw,영월 맛집 5곳 중 1등… 이 집 때문에 다시 옵니다,"영상 봐주셔서 대단히 대단히 감사합니다.
항상 행복하시고 로또 1등 되시길 기원합니다.

📧 이메일 : sojutravelman@gmail.com
📸 인스타 : https://www.instagram.com/sojutrip/

영월 1박 2일 동안
5곳을 돌아봤는데,
결국 가장 기억에 남은 한 곳입니다.

터미널 앞이라 무시했는데
먹어보니 생각이 완전히 바뀌었습니다.

삼겹살에 소주 한 잔,
그리고 이어진 영월의 밤까지.

여행을 다녀오고 나서도
다시 영월을 떠올리게 됩니다.

1. 가보자삼겹살
강원 영월군 영월읍 중앙1로 17-9

2. 이모네야식
강원 영월군 영월읍 단종로16번길 40

#영월맛집 #영월여행 #영월가볼만한곳",2026-03-26T08:45:03Z,"영월맛집,영월여행,영월삼겹살,영월가볼만한곳,영월장릉,장릉,단종,영월단종,왕과사는남자,영월식당,영월터미널맛집,영월서부시장맛집,영월노포,영월노포식당,영월술집,영월맛집추천,영월맛집베스트,영월1박2일,영월코스",19,ko,PT11M28S,2d,hd,false,22708,473,0,25,public,youtube,True,False,"https://en.wikipedia.org/wiki/Food,https://en.wikipedia.org/wiki/Lifestyle_(sociology)",https://i.ytimg.com/vi/rPJ2Q7gXBrw/maxresdefault.jpg,thumbnails/술맛여행놈/rPJ2Q7gXBrw.jpg
껨돈,UC7qeL7v_NvJqHCGSTGfR_tw,xOMkw9quxXQ,"쌀먹 연구소(매니아 누적 1억 6786만원/1부. 3, 4월 쌀먹 게임 출시 일정 정리)","※ 네이버 카페 → https://cafe.naver.com/gamedone
※ 비즈니스 문의  → park71020@gmail.com
※ 리니지 클래식 자주 하는 질문 모음 → https://cafe.naver.com/gamedone/4339


※ 26년 3월 26일 스트리밍 주제
1부. 3, 4월 쌀먹 게임 출시 일정 정리


리니지클래식 아이템/계정 거래는 어디서 할까 고민된다면?
대한민국 대표 거래 플랫폼에서 안전하게 거래하세요.

● 아이템매니아 👉 https://vo.la/jqrEKmi
● 아이템베이    👉 https://vo.la/6kWAGe4

✔ 실시간 시세 확인  
✔ 안전거래 시스템 지원  
✔ 다양한 매물 비교 가능  

지금 바로 확인해보세요!
#리니지클래식 #아이템매니아 #아이템베이

▬▬▬▬▬▬▬▬▬▬▬▬▬▬▬▬▬▬▬▬▬▬▬▬▬▬▬▬▬
🎵Music provided by 브금대통령
🎵Track : 강아지같아 - https://youtu.be/tPxR7npln9w
▬▬▬▬▬▬▬▬▬▬▬▬▬▬▬▬▬▬▬▬▬▬▬▬▬▬▬▬▬
🎵Music provided by 브금대통령
🎵Track : 꼬마 공주와  - https://youtu.be/wMDd-UH3YH8?si=wX0CCy-Ap4SWNTdL
▬▬▬▬▬▬▬▬▬▬▬▬▬▬▬▬▬▬▬▬▬▬▬▬▬▬▬▬▬",2026-03-26T13:42:41Z,"쌀먹,리니지클래식,리니지,리니지쌀먹,솔인챈트",20,ko,PT2H6M46S,2d,hd,false,2513,26,0,2,public,youtube,True,False,"https://en.wikipedia.org/wiki/Role-playing_video_game,https://en.wikipedia.org/wiki/Video_game_culture",https://i.ytimg.com/vi/xOMkw9quxXQ/maxresdefault.jpg,thumbnails/껨돈/xOMkw9quxXQ.jpg
술주하 / SULJUHA,UCfs-Jq8QqiIucFAM4mOdFJw,-x67FhRQI74,몸이 안좋아서 몸보신 삼계탕....막걸리두!,This stream is created with #PRISMLiveStudio,2026-03-09T00:16:02Z,,24,ko,PT1H27M9S,2d,hd,false,12032,137,0,19,public,youtube,True,False,"https://en.wikipedia.org/wiki/Food,https://en.wikipedia.org/wiki/Lifestyle_(sociology)",https://i.ytimg.com/vi/-x67FhRQI74/hqdefault.jpg,thumbnails/술주하SULJUHA/-x67FhRQI74.jpg
네네치킨,UCMEymWAglBpb7phxXGbmoHQ,5QjlGzqBC4M,"[네네치킨] 듣기만해도 먹고 싶은, 스노윙MAXX CF 15""","네네치킨의 모델 유재석이
이름을 듣기만해도 먹고싶은 치킨이있다?

맵단짠 시즈닝과 찍어바요소스의 환상조합으로
멈출 수 없는 스노윙MAXX!

스노윙MAXX을 만나고 싶다면?
https://litt.ly/nenechicken",2025-10-01T04:55:33Z,,22,ko,PT16S,2d,hd,false,938028,50,0,19,public,youtube,True,False,"https://en.wikipedia.org/wiki/Entertainment,https://en.wikipedia.org/wiki/Food",https://i.ytimg.com/vi/5QjlGzqBC4M/maxresdefault.jpg,thumbnails/네네치킨/5QjlGzqBC4M.jpg
개그우먼양귀비,UCjKYk0bQzmkS4fdkhkIy_Ow,JAUzCMbp2PE,묵호여행 랭구티비랑❤️ 260226,"안녕하세요^^개그우먼 양귀비입니다
인스타:https://www.instagram.com/28gibi/
비지니스문의:ygb1984@hanmail.net
영상봐주셔서 감사해요 재밋게 보셨다면, 좋아요 댓글 구독 부탁드려요",2026-02-26T10:49:33Z,,24,ko,PT7H51M26S,2d,hd,false,21563,410,0,18,public,youtube,True,False,"https://en.wikipedia.org/wiki/Lifestyle_(sociology),https://en.wikipedia.org/wiki/Tourism",https://i.ytimg.com/vi/JAUzCMbp2PE/maxresdefault.jpg,thumbnails/개그우먼양귀비/JAUzCMbp2PE.jpg
금희랑,UCNU_hCPq-Wu8kCysHH_L1Xw,8vE1Mnux35E,오이 데쳐서 끝까지 아삭한 오이소박이 담그기 ,#food #산골 #오이소박이,2026-03-19T08:21:34Z,,22,ko,PT5M35S,2d,hd,false,583,29,0,8,public,youtube,True,False,"https://en.wikipedia.org/wiki/Food,https://en.wikipedia.org/wiki/Lifestyle_(sociology)",https://i.ytimg.com/vi/8vE1Mnux35E/maxresdefault.jpg,thumbnails/금희랑/8vE1Mnux35E.jpg
코지마,UCTykoSzR7BUci25hHm-bqgg,Y_n9n1dPDvs,[안마의자] 카이저엑스(CMC-X5D(G)) 제품사용설명서🏅,"한계를 넘어선 코지마의 플래그쉽 모델 카이저 엑스 안마의자 입니다🏆
스마트 AI 마사지와 모션 앵클로 차원이 다른 마사지를 경험해보세요 🤩

00:00 인트로
00:11 제품 부위 명칭 설명
00:45 제품 사용 준비
00:48 전원 연결
01:02 카이저 엑스 시작
01:16 주의사항
01:24 프로필 등록
01:55 프로필 삭제
02:05 게스트 모드
02:16 체형 측정
02:38 어깨 높이 조절
02:45 체형 측정 실패
02:57 체형 재측정
03:10 스마트 AI 마사지
03:31 스마트 마사지
04:00 스마트 센서
04:28 스마트 센서 LED
04:40 스마트 센서 찾기
04:49 스마트 센서 측정
04:59 스마트 센서 재측정
05:20 스마트 마사지 측정 기록
06:34 퍼스널 AI 모드
06:48 퍼스널 AI 체형 측정
07:01 체형 측정 완료
07:17 조절 계획 프로그램
07:34 커스텀 AI 모드
08:27 마사지 진행 화면
09:59 자동모드
11:02 커스텀모드
12:43 수동모드
14:32 즐겨찾기
15:30 마사지 설정
15:59 각도 조절
17:04 안마의자 원위치
17:20 온열
17:37 발목스트레칭
17:47 음성명령
18:35 발롤러
18:45 무드등
19:10 스피커 볼륨
19:49 부가기능
19:51 독서&휴식자세
20:58 설정
21:07 와이파이(WIFI) 
21:41 블루투스
22:05 리모컨 화면 설정
22:16 차일드락
22:28 안전센서
22:36 차일드락 상세
23:04 추가 부가기능 
23:37 버전 업데이트
24:08 탈부착패드

💛 카이저엑스 안마의자가 더 궁금하다면?
https://cozyma.com/product/detail/465/183

📣코지마 채널
코지마공식몰: https://cozyma.com/
인스타그램:  / cozyma.official  
블로그: https://blog.naver.com/cozyma

#코지마 #코지마안마의자 #COZYMA #안마의자 #카이저엑스 #CMC-X5D(G) #사용법 #제품사용설명서 #ai안마의자 #스마트마사지",2026-03-26T02:53:38Z,,24,ko,PT24M33S,2d,hd,false,68,2,0,0,public,youtube,True,False,https://en.wikipedia.org/wiki/Technology,https://i.ytimg.com/vi/Y_n9n1dPDvs/maxresdefault.jpg,thumbnails/코지마/Y_n9n1dPDvs.jpg
김진규쏘가리TV,UCJlOHsIkGlQUWPSdI9fJ88g,AK9PaX6Hd_I,매운탕용 쏘가리 단양에 갈 준비,"지산해 부화해서 매운탕용으로 첫 출하준비 하는날
#쏘가리 #김진규쏘가리 #쏘가리양식 #쏘가리양어장 #쏘가리양식장 #매운탕 #쏘가리매운탕 #쏘가리회",2026-03-20T15:37:01Z,,22,ko,PT6M10S,2d,hd,false,415,28,0,11,public,youtube,True,False,"https://en.wikipedia.org/wiki/Lifestyle_(sociology),https://en.wikipedia.org/wiki/Pet",https://i.ytimg.com/vi/AK9PaX6Hd_I/maxresdefault.jpg,thumbnails/김진규쏘가리TV/AK9PaX6Hd_I.jpg
이금기,UCycPQe03GWW4z_ztaTA2ndw,IbUxzy_iD3A,"[60S] “셰프마다 다양한 요리세계, 맛의 비밀은 하나” -이금기-","작은 차이가 만들어내는,
요리의 즐거운 변화

매일이 맛있도록
매일, 더 맛있게 맛있는 순간.
이금기 소스

Delicious Moments Everyday
Lee Kum Kee

#이금기 #이금기소스 #여경래 #정지선 #박은영
#LeeKumKee #DeliciousMomentsEveryday",2025-03-06T04:56:12Z,,24,ko,PT1M1S,2d,hd,false,50227,292,0,2,public,youtube,True,False,"https://en.wikipedia.org/wiki/Entertainment,https://en.wikipedia.org/wiki/Food",https://i.ytimg.com/vi/IbUxzy_iD3A/maxresdefault.jpg,thumbnails/이금기/IbUxzy_iD3A.jpg
오레오 코리아,UCP-KyzvJsKpjbWqg4qxmu2g,-8pu94Vq6n0,"러브, 오레오 ｜아들을 위해 만든 아빠의 러브송","https://loveoreo2026.kr/
사랑을 담아, LOVE OREO 출시! 💞
딸기 크림과 화이트 크림이 하트 쿠키 사이에 쏙
마음 표현은 더 달콤하게💝
간단한 사연을 적으면, 오레오가 러브송을 만들어드려요!
지금 바로 이벤트 페이지에 접속하세요!
푸짐한 경품도 함께 합니다!
💙stay playful💙",2026-02-27T01:23:17Z,,24,ko,PT30S,2d,hd,false,64955,24,0,0,public,youtube,True,False,"https://en.wikipedia.org/wiki/Music,https://en.wikipedia.org/wiki/Pop_music",https://i.ytimg.com/vi/-8pu94Vq6n0/maxresdefault.jpg,thumbnails/오레오코리아/-8pu94Vq6n0.jpg
깐따삐야,UCLLo3MaJYSuyP5xLgM5Zr2w,zKtKeUaWx8U,술먹방 라이브 쪽갈비 먹방 술방 실시간 쪽갈비구이 양념구이 소금구이 맛집,"#술먹방 #술방 #술먹방유튜버 #술방유튜버 #술방송 #혼술 #혼술먹방 #깐따삐야
★생방송★은 유튜브 실시간 스트리밍
으로 진행되니 구독&즐겨찾기 해주시고
생방송 즐찾 알람뜨면 보러 오세요!

★깐따삐야 이메일★ bluepoy2@naver.com
BJ깐따삐야가 직접 맛보고 소개하는
맛집 블로그를 보고싶다면~!
https://blog.naver.com/bluepoy2

유튜브 실시간 생방송으로 신상술 리뷰,
혼술, 술먹방, 야식, 배달음식, 편의점 신메뉴
먹방 등을 소개하고 포스팅 하고 있습니다!",2026-03-17T02:29:44Z,"페리카나,페리카나치킨,치킨신메뉴,먹방,치킨먹방,술먹방,술방,mukbang,asmr,페리카나메뉴,깐따삐야,신상술,편의점신상술,혼술,혼술먹방,편의점하이볼,하이볼,편의점하이볼추천,혼술안주,혼술안주추천,술먹방유튜버,술먹방라이브,술방라이브,술먹방실시간,술방실시간,술먹방브이로그,술방송,술방유튜버,술브이로그,치킨,술안주,술안주추천,술먹방레전드,술먹방만취,술먹방여자,술방여자,술방먹방,술방레전드,술방송레전드,혼술브이로그,쪽갈비찜,쪽갈비구이,쪽갈비,쪽갈비먹방,쪽갈비김치찜,쪽갈비맛집,쪽갈비양념,쪽갈비요리,쪽갈비소금구이,소금쪽갈비,쪽갈비양념구이,테토녀,에겐남",22,ko,PT58M46S,2d,hd,false,3460,18,0,6,public,youtube,True,False,"https://en.wikipedia.org/wiki/Food,https://en.wikipedia.org/wiki/Lifestyle_(sociology)",https://i.ytimg.com/vi/zKtKeUaWx8U/hqdefault.jpg,thumbnails/깐따삐야/zKtKeUaWx8U.jpg
도도,UCp-ifd8kAs9mE_haKkkBesA,e3hwqmycj1E,2021 도도생일 도도 준우 승현 치킨먹방 교촌 허니콤보 레드콤보 치킨먹방Eatingshow Chicken Mukbang,"#먹방 #치킨 #mukbang 
▼생방송 매일 아프리카tv에서 진행하고 있습니다!! (방송국주소아래링크)▼
2021생일방송 영상입니다. 아프리카 생방송을 위주로 하다보니 업로드가 늦어서 정말 죄송합니다..주기적으로 하도록 노력하겠습니다
인스타그램 : dodo._.romi
https://www.instagram.com/dodo._.romi/
방송국주소 : http://afreeca.com/dlehgns1346",2023-06-01T10:00:33Z,"도도,BJ찌워니,BJ도도,먹방,아프리카TV,도도한방송,캠방,부산남자,전데,얼평,야외방송,동생합방먹방,창현,세야,케이,대세는세야,악어,윰댕,김이브,대도서관,이환,페이스북,페북스타,신태일,철구,로이조,벤쯔,밴쯔,비글즈",24,ko,PT23M44S,2d,hd,false,13091,60,0,16,public,youtube,True,False,"https://en.wikipedia.org/wiki/Food,https://en.wikipedia.org/wiki/Lifestyle_(sociology)",https://i.ytimg.com/vi/e3hwqmycj1E/maxresdefault.jpg,thumbnails/도도/e3hwqmycj1E.jpg
은의 주방 eun kitchen,UCQ9qxrZs2QY5vf5uiLs79xw,vOJrKQQsH0U,(요리/정리/새벽 vlog) 이른 새벽 밥 먹는 집/돼지불고기 핫도그 /수제 요거트 /미나리삼겹살구이 /묵은지들기름찜 /들기름막국수 /남매밥반찬/집밥/미니멀/맥시멀/스텐요리/하얀집,"미은씨 인스타그램입니다 🙂
http://www.instagram.com/mieun_jjj

안녕하세요:)
리큅 식품 건조기 
26일 (목) 오늘까지 
하루 더 연장해 공구 진행 합니다.

📢 리큅 스텐 10단 건조기 
https://m.brand.naver.com/lequip/products/13258593332?NaPm=ct%3D1jjtfpsr0%7Cci%3Dshopn%7Ctr%3Dmktlnk%7Chk%3D2449689bf1317cb5f5260ac8efa81b9dcb870cf9%7Ctrx%3Dundefined

🎁 구매 이벤트 🎁
제품 구매 후 
성함 / 폰 번호 뒷자리
댓글 인증해 주시면
3분 추첨 후 판매가 2만원 상당의
리큅 전동 후추 글라인더 
전해드리겠습니다.

예) 박미* 5279

전화 주문도 가능합니다!!
📱  010-2738-6412
☎️ 070-8667-0884 (0885)
평일 오전 10시 ~ 오후 5시까지 가능
(주말 & 공휴일은 전화 주문 ❌)
(점심시간 : 오후 12시30분 ~ 오후 1시 30분)

기존 플라스틱 건조기랑 달리
한 번에 위 아래 고루 고루 
잘~ 건조 되는 게
저는 제일 좋았었구요

기능의 다양성도 너무 너무 좋았습니다.
팬에서 몇 개만 만들어 감질나게 먹었던 
수제 요거트!!
식품 건조기 덕분으로 식구들 양껏 먹는 
대용량 생산 ^^;; 이 가능합니다.
요거트 제조기~ 만으로도
충분히 가성비 갑~ 이다 라고 생각이 
들 정도로 저는 잘 이용하고 있습니다.

남는 식재료 보관 방법에도 건조 기능이
너무 좋은데요
리큅이 빠르고 안전하고 건강하게
그 방법 다 알려주니 이건 
그냥.... 주방 필수템!! 그 자체입니다.
강력하게 추천 드리는 식품 건조기로
오늘도 더 건강한 
모두의 주방이 되시길~!!!

상세 레시피는
제품과 동반되는 가이드북에서 
확인 가능하구요

자세한 설명은
프로필 구매 링크를 통해 
보다 자세히 안내 되어 있으니 
참고해 주셔요~~!!

#리큅식품건조기#리큅스텐건조기
#스텐건조기#야채건조기#최저가공동구매

좋은 일 가득한 오늘 보내시구요
따신 봄날에 내내 행복만 가득 가득 하소서~~!!

00:00 소개
00:38 돼지불고기핫도그
04:13 어느 날 아침은..
08:37 미나리삼겹살말이구이
10:17 묵은지들기름지짐
12:29 들기름막국수
14:32 뒷 이야기 (리큅 식품건조기)",2026-03-25T21:33:03Z,,22,ko,PT17M9S,2d,hd,false,4717,150,0,17,public,youtube,True,False,"https://en.wikipedia.org/wiki/Food,https://en.wikipedia.org/wiki/Lifestyle_(sociology)",https://i.ytimg.com/vi/vOJrKQQsH0U/maxresdefault.jpg,thumbnails/은의주방eunkitchen/vOJrKQQsH0U.jpg
NEMOJUN TV ネモジュンTV,UC3hCfqk-Yvz-SVbCRmVO5gw,_0PCS99n7qQ,NEMOJUN TV 東大門のハンミングクタッカンマリからLive,,2026-03-25T04:45:09Z,"韓国旅行,ソウル旅行,韓国情報,韓国料理",19,ja,PT59M40S,2d,hd,false,5215,264,0,32,public,youtube,True,False,"https://en.wikipedia.org/wiki/Food,https://en.wikipedia.org/wiki/Lifestyle_(sociology)",https://i.ytimg.com/vi/_0PCS99n7qQ/maxresdefault.jpg,thumbnails/NEMOJUNTVネモジュンTV/_0PCS99n7qQ.jpg
속촌아씨,UCPFW4r1nmTdtQUsAJSno1iA,GHzHZuXYsHM,나랑 천국도 갈래? 조선판 소개팅!🌸 솔로조선💖 I 2026 웰컴투조선,"천국도에 같이 가고싶은 여러분들의 최애 캐릭터는..? 💘

더 강력하게 돌아온 봄 시즌 축제💌
'2026 웰컴투조선'

'조선방문의 해'부터 '애기씨의 사생활'까지 넘치고 넘치는 콘텐츠와 함께 재미와 감동을 한 번에🔥

조선시대로 시간여행을 떠나⏰
살아 숨쉬는 조선 풍경 속에서 진짜 조선인이 되어보시옵소서 🥰❗❗

🎎웰컴투조선🎎 2026.03.28 Coming Soon...",2026-03-27T09:01:09Z,"한국민속촌,민속촌,민속촌캐릭터,민속촌알바,용인민속촌,꿀알바,테마파크,koreanfolkvillage",24,ko,PT4M8S,2d,hd,false,414,14,0,1,public,youtube,True,False,https://en.wikipedia.org/wiki/Entertainment,https://i.ytimg.com/vi/GHzHZuXYsHM/maxresdefault.jpg,thumbnails/속촌아씨/GHzHZuXYsHM.jpg
Pan K's The Pancake Artist,UCUHO_Qus2BYhVv9_oIwfHVQ,LM_OqWaP5qc,Pokémon Pokopia Pancake Art,"Pokémon Pokopia Pancake Art

✨ I'm a man who makes pancakes.

💎 If you have any character pancakes you want, please write them down in the comments. PLEASE press 'LIKE' button as well. Thank you.

✅    / @pancakeart  

#PancakeArt #Pancake #Memes",2026-03-28T03:08:20Z,"Pancake,Pancakeart,Pokopia,Pokémon",24,en,PT4M30S,2d,hd,false,634,32,0,1,public,youtube,True,False,"https://en.wikipedia.org/wiki/Hobby,https://en.wikipedia.org/wiki/Lifestyle_(sociology)",https://i.ytimg.com/vi/LM_OqWaP5qc/hqdefault.jpg,thumbnails/PanKsThePancakeArtist/LM_OqWaP5qc.jpg
어서와 에스원,UCX6rMyY82f__0ShNyCCv4JQ,SfkKAQPntXI,알바생이 예쁘고 알바생이 예뻐요 | 대체자 EP.03 | 트리플에스 나경,"에스원 고객이 휴가를 가서 생긴 
빈자리를 메꾸는 대체자

라면을 누구보다 잘 끓인다는 나경!
이상한(?) 조합으로 새 메뉴를 만들어내는데..
그 맛은?

🎉 에스원 대체자🔃 영상 시리즈 3화 공개! EVENT 🎉

됐어요! 저 PC방 알바생 됐어요!
분명 알바하러 갔는데, 일은 안 하고(?) 음식 먹방만 찍고 온 나경이 (๑´  ̫ `๑)

먹방부터 알바, 게임 장면까지 다채로운 현장을 담은 이번 에피소드 🎮🍜
가장 재밌게 본 장면을 댓글에 남겨주면 추첨을 통해 트리플에스 넵튠 친필 싸인 앨범 5분, 굽네치킨 기프티콘을 14분께 선물로 드립니다! 💌

▶ 대체자 ep.3 보러 가기: [영상 URL]

✔ 이벤트 참여 방법
1. 가장 재밌는 장면의 타임코드와 자유로운 감상평을 댓글로 작성!
Ex) 00:00 나경이 지지..남긴 거 먹는 거 아니에요...🤐

2. 다른 시청자 댓글에 좋아요를 꾸욱 눌러주면 끝!
✔ 이벤트 참여 기간 : 3월 27일(금)~4월 10일(금)
✔ 당첨자 발표: 26년 4월 14일(화) 17시 '어서와 에스원' 유튜브 게시물 게재
✔ 경품 발송 : 당첨자 발표일로부터 2주 이내

==========

✨ 여기서 잠깐! 에스원이 준비한 또 하나의 선물! ✨
유튜브 이벤트와 더불어, 에스원 인스타그램에서는 '나만의 안심짤' 이벤트가 진행되고 있습니다.

일상 속 안심되는 순간을 찍고 피드에 업로드만 하면 참여 완료!
1등 경품인 10만 원 상품권을 비롯해 많은 선물이 준비되어 있으니 많은 관심과 참여 부탁드립니다.😘

👉 안심짤 이벤트 참여하기: https://www.instagram.com/p/DWDvivzFF1F/?img_index=1

📢 구독과 좋아요도 부탁드려요! 💕
#EVENT #대체자 #이벤트 #댓글이벤트 #피시방 #PC방 #알바 #PC방알바 

*출연자에 대한 지나친 비방 및 인신공격성 댓글은 삭제될 수 있습니다.

#에스원 #tripleS #나경 #트리플에스 #쓰리팝PC",2026-03-27T08:00:32Z,"에스원,웹예능,대체자,어린이집,트리플에스,tripleS,나경,트리플에스나경,tripleS나경,나키,naky,걸그룹예능,비비,비비동생,비비동생나경,나경예능,나경콘텐츠,나경출연,트리플에스나경예능,밤양갱,나경밤양갱,나경안무,쓰리팝피씨방,피씨방알바,피씨방알바생,PC방알바,PC방알바생,PC방브이로그,예쁜PC방알바,나경알바,나경PC방,KIMNAKYOUNG,NAKYOUNG",26,ko,PT12M32S,2d,hd,false,72552,0,0,203,public,youtube,True,False,https://en.wikipedia.org/wiki/Lifestyle_(sociology),https://i.ytimg.com/vi/SfkKAQPntXI/maxresdefault.jpg,thumbnails/어서와에스원/SfkKAQPntXI.jpg
JJAEMI 째미,UCSg2Jqo_AGTtWHAMYxNf11g,aSQocmk5jcU,편의점음식 먹방 납작당면 떡볶이 Convenience Store Food Mukbang 마라치킨버거 초코크림 케이크 만두 흑백요리사 Tteokbokki 재미있는영상 JJAEMI,"💗 JJAEMI의 재미있고 맛있는 편의점 흑백요리사 음식 먹방
💗납작당면 떡볶이💗삼각 김밥💗마라치킨버거💗블랙 초코크림 케이크💗마라탕밥💗샌드위치💗카레 우동💗갓김치 만두

💗 JJAEMI's Fun and Delicious Convenience Store Black and White Chef Food Mukbang
💗 Flat Glass Noodle Tteokbokki 💗 Triangle Kimbap 💗 Mala Chicken Burger 💗 Black Chocolate Cream Cake 💗 Mala Tang Rice 💗 Sandwich 💗 Curry Udon 💗 Mustard Leaf Kimchi Dumplings

♥좋아요& 구독♥ 저에게 큰 힘이 됩니다♥ 
♥Like & subscribe ♥ It is a great power for me♥

#흑백요리사 #편의점 #mukbang #떡볶이 #Eatingshow #먹방 #dessert #food #asmr #햄버거 #ConvenienceStore",2026-03-27T10:56:51Z,,24,ko,PT4M5S,2d,hd,true,3808,0,0,7,public,youtube,True,False,"https://en.wikipedia.org/wiki/Food,https://en.wikipedia.org/wiki/Lifestyle_(sociology)",https://i.ytimg.com/vi/aSQocmk5jcU/maxresdefault.jpg,thumbnails/JJAEMI째미/aSQocmk5jcU.jpg
"뜨고 싶은 셰프, 장호준",UCBt70E0BYBGTWz1mfGd28LQ,J0SNN6HjkKQ,아직도 봄나물만 먹니? (feat. 갤럭시 버즈4 시리즈),"https://www.samsung.com/sec/buds/galaxy-buds4-secret/buy/?samsungstore=00050192
👆🏻시크릿 링크 혜택 : 1만 원 특별 할인 + 케이스 30% 할인 쿠폰 증정 🤫✨
🎁위 링크의 전용 할인 혜택 받고 갤럭시 버즈4 시리즈를 구매해보세요!

진~~~~~짜 너무 편하다!
통화 음질은 말 할 것도 없고 노이즈 캔슬링도 진짜로 좋습니다! (진짜 잘 안 들림) 
그리고 손 하나 까딱 안 하고 AI 활용할 수 있고, 전화도 받을 수 있습니다. 
여러분도 꼭 써보세요! 제 말이 거짓말인지 참말인지~~!!
===============================================================

[타임라인]
00:00 하이라이트
00:20 오늘의 콘텐츠 소개
00:40 갤럭시 버즈4 시리즈 등장
01:23 갤럭시 버즈4  시리즈 성능 테스트
02:25 봄 제철 식재료 봄나물
02:48 어머님표 돌나물 무침 레시피
03:08 봄 제철 식재료 근채류·순
04:08 실패 없는 식재료 고르는 법
04:57 경동시장 가성비 장보기
06:08 연근 암수 구별법
08:07 스타 셰프 등장 예고
09:02 경동시장 맛집① (잔치국수, 허파 조림)
10:50 경동시장 맛집② 이모카세 1호 '안동집 (손국시, 배추전, 수육)
13:19 클로징

#광고 #삼성전자 #갤럭시버즈4프로 #갤럭시버즈4 #갤럭시버즈4시리즈 
#Galaxy #GalaxyBuds4Pro #GalaxyBuds4Series #장호준 #뜨고싶은셰프 #장호준셰프 
#봄제철 #제철 #이모카세 #경동시장 #봄레시피",2026-03-24T08:15:02Z,"장호준 셰프,장효준,정호준,장효주니,장허준,장호쥰,잔호준,호주이,호주이햄,jang hojoon,흑백요리사,백수저,jang hojun recipe,뜨고 싶은 셰프,뜨십셰,뜨십세,일식끝판왕,일식 셰프,일식 요리,일본 요리,유명 셰프,파인다이닝 셰프,셰프 유튜브,셰프브이로그,셰프 일상,VLOG,사업가,사업가 브이로그,냉장고를부탁해,냉부,편스토랑,흑백요리사2,네기스키야키,네기라이브,모던오뎅,제니,블핑,블랙핑크,봄동,봄동겉절이,봄동비빔밥,냉이레시피,달래장,달래레시피,미나리전,미나리레시피,미나리파스타,참나무무침,참나물파스타,참나무막국수,연근,우엉,우엉조림,시장,경동시장,청량리맛집,전통시장,망원시장,월드컵시장,홍석천,이원일,제철,제철코어,봄나물,식비,삼전,삼성전자,갤럭시버즈4프로,갤럭시버즈4,Galaxy,GalaxyBuds4Pro,갤럭시버즈4시리즈,GalaxyBuds4Series,청량리시장",24,ko,PT14M12S,2d,hd,true,5007,73,0,13,public,youtube,True,False,"https://en.wikipedia.org/wiki/Food,https://en.wikipedia.org/wiki/Lifestyle_(sociology)",https://i.ytimg.com/vi/J0SNN6HjkKQ/maxresdefault.jpg,thumbnails/뜨고싶은셰프장호준/J0SNN6HjkKQ.jpg
강화농장TV,UCIDqdiLg4JVsQooBVm2KSDw,aKm0eRGsUr0,비닐하우스 비닐 쉽게 씌우는 방법,봄을 맞아 비닐을.혼자 씌웁니다,2026-03-21T07:44:09Z,"비닐하우스,귀농,귀촌,강화농장,강화도,비닐터널,고구마재배,텃밭,주말농장,하우스",26,ko,PT13M41S,2d,hd,false,240,13,0,1,public,youtube,True,False,https://en.wikipedia.org/wiki/Lifestyle_(sociology),https://i.ytimg.com/vi/aKm0eRGsUr0/maxresdefault.jpg,thumbnails/강화농장TV/aKm0eRGsUr0.jpg
수향TV [suhyangTV],UCUxXrqHwz836pHcRZRVJLhw,A2myXnyD0lg,맵맵맵🔥제대로 매운거에 꽂힌날🔥매운숯불뼈구이 매운족발 엽기국물닭발 먹방 realsound asmr mukbang,"#먹방 #족발 #매운 #엽기떡볶이 #닭발 #real #sound #realsound #asmr #mukbang #eating #eatingshow

👉🏻기분전환 비밀 할인 링크 : https://hig.kr/rjbwTG
👉🏻할인 기간 :  ~ 3/31 (화) 밤 12시까지만!! (딱 일주일동안!)
 
이 링크에서만! ✨수향 X 기분전환 알파플러스V 업그레이드 버전 특별 할인✨
 
[📢EVENT 1] 전 구매고객 랜덤 15명
알파플러스 11포입 증정!  
 
[📢EVENT 2] 수향 PICK! 5BOX 구매자 랜덤 20명
기분전환 알파플러스V 본품 증정! 

[📢EVENT 3] 15만원이상 구매자 랜덤 2명
2026년 베스트 관리세트 증정! (정가 12만원 상당)

여러분 무려 5번째로 추천드리는 저의 찐 애정템 기분전환인데요! 
이번에는 무려 업그레이드가 된 브이! 버전입니다. 
지난 버전보다 효과가 더 좋더라구요~!!

저처럼 땡땡함 때문에 고민이신 분들 + 술 자주 드시는 분들은 
딱 일주일동안만 할인하니까 놓치지마시고, 쌀 때 쟁여두세요!

이 영상은 '생활약속'의 유료광고가 포함되어 있습니다 :)

♥ 수향 비지니스 메일 ♥ suhyang1019@gmail.com",2026-03-25T12:30:21Z,"먹방,asmr,pepper,hot,spicy,청양고추,korean,mukbang,땡초",22,ko,PT21M56S,2d,hd,false,97987,2353,0,91,public,youtube,True,False,"https://en.wikipedia.org/wiki/Food,https://en.wikipedia.org/wiki/Lifestyle_(sociology)",https://i.ytimg.com/vi/A2myXnyD0lg/maxresdefault.jpg,thumbnails/수향TVsuhyangTV/A2myXnyD0lg.jpg
밥배,UCVQePGO5SEmgNueRWuFH6wQ,rdFjp-qfzFA,소소한 행복 가득 집밥 브이로그🍚매콤한 콘치즈 닭갈비🌽ㅣ냉이 우삼겹 된장찌개ㅣ윤주모 레시피로 만든 무생채ㅣ감칠맛 폭발 🍅토마토 카레라이스🍛ㅣ김치 콩나물국ㅣ냉이 된장 닭다리살 덮밥,"요즘 날씨가 따뜻해지고 있어서 괜히 기분이 좋아지는 것 같아요😆
맛있는 음식 많이 드시고 행복한 하루 보내셨으면 좋겠습니다

영상 보시면서 편안한 시간 보내세요💛
다음 주에 또 만나요💗

⏰타임라인

00:00 인트로
00:21 콘치즈 닭갈비
03:57 냉이 우삼겹 된장찌개 & 무생채
07:37 토마토 카레라이스 & 김치 콩나물국
11:43 냉이 된장 닭다리살 덮밥


🎹 음악

Oneul - 그냥 집에 있어
오늘의 일기 - https://youtu.be/z0IKKoXeepo

Oneul - April Daisy
https://youtu.be/oiS_gEc09Gc?si=dtuk9CE-AyfFqcTW

Subway Bossa
오늘의 일기 - https://youtu.be/eSNjbpiHlKk

🎈Song : 샛별 - Lemon Cake /   
 • ✨샛별 - 🍋Lemon Cake🍰✨ (Royalty Free Music) 

🎈Song : 샛별 - Apple Cinnamon /   
 • ✨샛별 - Apple Cinnamon✨(Royalty Free Music)

#요리 #cooking #요리브이로그 #food #자취요리 #집밥",2026-03-27T13:01:04Z,,22,ko,PT14M33S,2d,hd,true,1170,60,0,4,public,youtube,True,False,"https://en.wikipedia.org/wiki/Food,https://en.wikipedia.org/wiki/Lifestyle_(sociology)",https://i.ytimg.com/vi/rdFjp-qfzFA/hqdefault.jpg,thumbnails/밥배/rdFjp-qfzFA.jpg
찬밥식당,UCWr-G5KdZtJjfSeVah_jLPQ,mQGxz31LRms,"라면 · 배달만 먹는 1인가구, 이렇게 먹어야 살아남습니다","#다이어트 #자취요리 #닭가슴살

[찬밥식당 X 김단단] 
영상속 활용도 최강 제품! 오리지널 그릴드 닭가슴살 더블 컷 2KG 특가 링크
👉🏻https://vo.la/bpcOy5T
  * VAT포함 23,900원 / 1팩만 구매해도 무. 조. 건 '무료배송'
 ＊재고 소진시 프로모션 종료

🔥찬밥식당 구독자 댓글 이벤트
  - 총 5분께 찬밥식당이 '더블 컷 2KG' 5봉을 선물합니다.
  - 댓글로 '김단단' 3행시를 적어주세요!
    * 당첨자 발표(4월 1일)

챕터
0:00 인트로
0:45 대패등심
1:31 제육덮밥
2:39 강원도식 들깨 막국수
3:54 김단단 닭가슴살
4:18 닭도리탕
5:17 홍두께불고기
6:11 얼갈이비빔밥
7:20 샤브샤브

영상에 나온 제품들 보러가기
https://influencers.coupang.com/s/coldrice

인스타그램
https://www.instagram.com/cold_rice0/

틱톡
https://www.tiktok.com/@cold_rice0",2026-03-25T09:06:00Z,"#자취요리,#자취,#레시피,#요리,#food,#cook",26,ko,PT9M45S,2d,hd,false,39653,861,0,144,public,youtube,True,False,"https://en.wikipedia.org/wiki/Food,https://en.wikipedia.org/wiki/Lifestyle_(sociology)",https://i.ytimg.com/vi/mQGxz31LRms/maxresdefault.jpg,thumbnails/찬밥식당/mQGxz31LRms.jpg
유키의 하루,UCTmKuUemu1o4fd8FJvFcZyQ,C6Vs4eGoWbk,이게 편의점에서 파는 사케라고 …? | 사케 소믈리에가 추천하는 일본 편의점 사케 추천 가이드,"안녕하세요, 유키입니다 🤗

오늘은 여러분들이 좋아하실 만한 콘텐츠를 가져왔어요!
바로 [일본 편의점 사케 추천] 입니다 🍶

날도 점점 따뜻해지고,
일본 여행 계획하시는 분들 많으시죠??

그래서 이번에는
후쿠오카 편의점을 중심으로 사케 털이(?)를 해보았습니다 

세븐일레븐, 로손, 패밀리마트까지—
후쿠오카 길거리에서 쉽게 마주칠 수 있는 편의점들 위주로
고르고 골라 선별한 사케 리스트를 소개해드릴게요!

후쿠오카에서만 만날 수 있는 사케부터,
고급 라인업 못지않은 퀄리티의 사케까지…!

오늘 영상이
여러분의 즐거운 일본 여행에
조금이나마 도움이 되었으면 좋겠습니다 :)

구독과 좋아요, 그리고 알림 설정은
유키가 더 재미있고 유익한 사케 이야기를 전하는 데 큰 힘이 됩니다 🤍

#사케 #sake #사케추천 #후쿠오카 #후쿠오카여행 #일본여행 #편의점 #편의점사케 #니혼슈 #일본인 #사케소믈리에",2026-03-23T09:00:25Z,"사케,소믈리에,일본인,주류,와인,위스키",22,ko,PT11M44S,2d,hd,false,2700,106,0,21,public,youtube,True,False,"https://en.wikipedia.org/wiki/Food,https://en.wikipedia.org/wiki/Lifestyle_(sociology)",https://i.ytimg.com/vi/C6Vs4eGoWbk/maxresdefault.jpg,thumbnails/유키의하루/C6Vs4eGoWbk.jpg
별별사람들,UC0q9s5LXh7-o5PCx1zw8avw,yIdZakN5Cu4,천년의 소리가 담긴 우리의 악기 '거문고'를 잇는 장인들 [ 별별사람들 ] 20260325,"나무의 숨결을 다듬는 손길
천년의 소리를 향한 집념

대를 잇는 아름다운 동행
거문고 악기장, 최동식 & 최병용 부자를 만나봅니다.

=======================================

▶구독과 👍좋아요, 🔔알림 설정까지 꾹꾹!
다양하고 재미있는 사람들로 찾아 오겠습니다.

=======================================
#특별한재주를가진사람들 #거문고 #국악기
#별별사람들 #살맛나는세상 #휴먼다큐",2026-03-27T09:01:08Z,"다큐멘터리,다큐,휴먼,휴먼다큐",22,ko,PT13M9S,2d,hd,false,106,4,0,0,public,youtube,True,False,https://en.wikipedia.org/wiki/Entertainment,https://i.ytimg.com/vi/yIdZakN5Cu4/maxresdefault.jpg,thumbnails/별별사람들/yIdZakN5Cu4.jpg
mini ovening 미니오브닝,UC0x8OvUA7PoCywqMOoik1sA,EFaD9WlfZOM,후르츠산도 미니어처요리 How to make fruit sandwiches,"후르츠산도 미니어처요리 

어릴때 정말 좋아하던 후르츠산도
요즘엔 SNS 흔히 볼 수 있는데
미니어처요리로 처음 만들어봤어요.
만들기도 간단하고 예뻐서 선물하기도 너무 좋은것 같아요.

#미니어처요리 #후르츠산도 #フルーツサンド 


비지니스메일 💌 minioveningchef@gmail.com
instagram 🎈https://www.instagram.com/miniovening/",2026-03-27T05:30:06Z,"미니어처 요리,miniature cooking,miniature food,mini kitchen,miniovening,미니오브닝,asmr,how to make,korean food,tiny cakes,koreanfood,ミニチュア料理,asmr cooking,rement,toy kitchen,Миниатюрное печенье,Das Kochen von Miniaturen,Küche mit Geschirr,Туйкичин,Искривление,Biegung,リメント,Satisfying,후르츠 산도,과일 샌드위치,フルーツサンド",24,ko,PT2M52S,2d,hd,true,640,44,0,3,public,youtube,True,False,"https://en.wikipedia.org/wiki/Food,https://en.wikipedia.org/wiki/Lifestyle_(sociology)",https://i.ytimg.com/vi/EFaD9WlfZOM/maxresdefault.jpg,thumbnails/miniovening미니오브닝/EFaD9WlfZOM.jpg
면상호[NoodleFighter] Daily,UC0Hg4meVusDFYRZwf7-yqfw,r5P-3C-Pe6s,귀신 나올 것 같은 무서운 집에서 일본 컵 라멘 먹방 korean Japanese instant cup noodle eating show in Osaka,"친구가 일본에 귀신 나올 것 같은?! 무서운 집을 예약해서 며칠 일본 공포영화를 떠올리면서 잤네요..ㅋㅋ 일본 인스턴트 컵 라멘 맛있게 잘 먹었습니다. 오늘도 감사합니다!

면상호김치.쭈꾸미.닭발.불냉면소스.한우대창.막창 구매처
면상호자사몰 https://spicyfood.store/
쿠팡몰 https://shop.coupang.com/spicyfood777
스마트스토어  https://smartstore.naver.com/spicyfood777
카카오쇼핑 https://store.kakao.com/spicyfood777

구독과 좋아요 댓글은 
저에게 큰 힘이 됩니다! 
감사합니다!
Subscriptions and likes and 
comments are a big help to me.
Thank you!

염상호 (무료)구독하기 subscribe : https://bit.ly/3l9jbFy
광고문의 ↓
카카오톡 : spicyfood777
대표전화 : 01099091144

PayPal(후원) : spicyfood777@naver.com
투네이션(후원) https://toon.at/donate/sangho1414

#라멘먹방 #라멘맛집 #일본라멘",2026-02-13T09:58:18Z,"면상호,면상호 먹방,먹방면상호,먹방 면상호,면상호김치,면상호 김치먹방,면상호 매운김치,면상호 실비김치,면상호 김치,라면먹방,라면먹방 면상호,라면먹방 레전드,라면먹방 asmr,라면 먹방,라면 먹방 면상호,라면 먹방 레전드,라면 먹방 asmr,라면 김치 먹방,라면 김치 먹방 면상호,라면 김치 먹방 레전드,라면 김치 먹방 asmr,라면김치먹방,라면김치먹방 면상호,라면김치먹방 asmr,라면김치먹방 레전드,김치먹방,김치먹방 면상호,김치먹방 레전드,김치먹방 asmr,김치 먹방,김치 먹방 면상호,김치 먹방 레전드,김치 먹방 asmr,매운음식먹방,매운먹방,면상호 매운먹방,면상호 매운음식먹방,면상호 라면먹방,면상호 라면 먹방,라멘 먹방,라멘 먹방 면상호,면상호 라멘,라멘먹방,라멘먹방 면상호,면상호 라멘먹방,오사카 라멘 먹방,일본 라멘 먹방,일본라멘먹방,일본라멘,먹방",24,ko,PT17M32S,2d,hd,false,4009,167,0,22,public,youtube,True,False,"https://en.wikipedia.org/wiki/Food,https://en.wikipedia.org/wiki/Lifestyle_(sociology)",https://i.ytimg.com/vi/r5P-3C-Pe6s/maxresdefault.jpg,thumbnails/면상호NoodleFighterDaily/r5P-3C-Pe6s.jpg
뉴욕밥상 New York Bapsang,UC0IQXb6AQHEVrY0CN5hbFhw,GQQayftVPgQ,혈관건강과 시력보호에 좋은 가지장아찌,"재료
가지 5개
청양고추 4개
생강
매운고추 3개
월게수잎 2장
통후추 한 큰술
물 2컵 (240ml)
501간장 2컵 (240ml)
설탕 반 컵 (120ml)
식초 한 컵반 (180ml)

#가지#가지장아찌#장아찌#반찬",2025-10-23T04:52:52Z,"뉴욕밥상,korean food,koreanfood,food,korean,eggsandwich,sandwich,cooking,cook,에그샌드위치,샌드위치,요리",26,ko,PT2M51S,2d,hd,true,80651,222,0,29,public,youtube,True,False,"https://en.wikipedia.org/wiki/Food,https://en.wikipedia.org/wiki/Lifestyle_(sociology)",https://i.ytimg.com/vi/GQQayftVPgQ/maxresdefault.jpg,thumbnails/뉴욕밥상NewYorkBapsang/GQQayftVPgQ.jpg
친절한 경자씨의 고추농장 이야기,UC01OsvJ4CXxkVUfCdHi9rpg,DGE1_lst2Bc,시골집 고추장 담금 과정 공개!  재료 준비부터 완성까지의 모든 것 (강원도 영월이래요),"2026년 3월 21일, 강원도 영월에서 친절한 경자씨가 고추장 담그기를 시작합니다. 이번 영상에서는 고춧가루 , 소금, 산복숭아 액기스, 메주가루, 식혜 ,간마늘 등을  활용하여 맛있는 고추장을 만드는 과정을 보여드립니다. 한국인의 밥상에 빠질 수 없는 고추장!  시골의 손맛을 지금 바로 확인하세요!",2026-03-22T23:57:23Z,"korean food,korean recipes,korea food,k-food,korean mom,#시골고추장 #고추장 #시골할매고추장 #마늘고추장",22,ko,PT6M18S,2d,hd,false,533,11,0,3,public,youtube,True,False,"https://en.wikipedia.org/wiki/Food,https://en.wikipedia.org/wiki/Lifestyle_(sociology)",https://i.ytimg.com/vi/DGE1_lst2Bc/maxresdefault.jpg,thumbnails/친절한경자씨의고추농장이야기/DGE1_lst2Bc.jpg
모개일상TV,UC2HnpRBh-6D0aFhu6YFL0IA,9cTmCy4Ot4k,모개의일상 | 솥뚜껑에 미나리&삼겹살 구워먹어요 | 제철 미나리에 노릇하게 구운 삼겹살! 마무리는 미나리삼겹살볶음밥 | 시골일상,"#미나리삼겹살 #솥뚜껑 #시골일상

의성 미나리농장에 갔다가 미나리를 엄청 많이 사왔어요
요즘 향긋한 미나리에 푹~ 빠져 볶아먹고, 무쳐먹고, 구워먹고 아주 다양하게 먹고 있어요
오늘은 제철 미나리를 삼겹살과 솥뚜껑에 구워먹을거예요
삼겹살 노릇하게 굽고 그 기름에 미나리 살짝 구워먹으면 진짜 꿀맛이거든요
솥뚜껑미나리삼겹살 열심히 먹고! 생미나리도 쌈장에 찍어먹고!
마무리로는 미나리삼겹살볶음밥! 진짜 고소하고 맛있어요
그럼 오늘도 맛있게 먹는 영상 끝까지 시청해주세요~

_____________________________________

💕영상에 대한 문의 사항이나 궁금하신 점은 이쪽으로 보내주세요~
   👉 메일 : wjs1844@gmail.com  
   👉 오픈카톡 :  [모개일상TV] https://open.kakao.com/o/sLWfh5zd
   👉 카톡아이디 : mogaeTV 
_____________________________________",2026-03-24T08:00:22Z,,22,ko,PT5M,2d,hd,false,877,55,0,47,public,youtube,True,False,"https://en.wikipedia.org/wiki/Food,https://en.wikipedia.org/wiki/Lifestyle_(sociology)",https://i.ytimg.com/vi/9cTmCy4Ot4k/maxresdefault.jpg,thumbnails/모개일상TV/9cTmCy4Ot4k.jpg
DURI MIMI,UC2esjW6TRjMYUSTeZuCNn_Q,APXqJIuSyvE,그냥 켜놓고 이것저것하는 방송,,2026-02-05T15:50:18Z,,24,ko,PT2H24M44S,2d,hd,false,1220,0,0,1,public,creativeCommon,True,False,https://en.wikipedia.org/wiki/Lifestyle_(sociology),https://i.ytimg.com/vi/APXqJIuSyvE/maxresdefault.jpg,thumbnails/DURIMIMI/APXqJIuSyvE.jpg
헤헤tube,UC-NoF8L6ov3uFz-bpnIdTRw,ii-4yKPp4zM,편의점 디진다 돈가스 먹방 (매운걸 느껴보지 못한 달인),,2025-10-20T21:11:23Z,,22,ko,PT27M5S,2d,hd,false,75697,1101,0,150,public,youtube,True,False,"https://en.wikipedia.org/wiki/Food,https://en.wikipedia.org/wiki/Lifestyle_(sociology)",https://i.ytimg.com/vi/ii-4yKPp4zM/maxresdefault.jpg,thumbnails/헤헤tube/ii-4yKPp4zM.jpg
쿠킹옥 Cooking OK Korean food,UC-XkCOyHVxyyzvqeEUDHN3Q,y1Fe1CdLrHU,아침에 밀가루 빵 대신 사과를 이렇게 만들어 드세요~ 속 편하고 든든해서 매일 아침 이것만 먹어요 #간단한아침식사 #계란요리 #사과활용,"#사과요리 #사과계란요리 #사과계란전 #사과활용 #사과파이 #아침식사 #간단요리 #간식 #집밥레시피 

[재료]
사과 1개, 계란 3개, 올리고당 1큰술, 시나몬가루 1/3티스푼(취향껏 조절), 전분가루 1큰술, 물 2큰술, 슬라이스치즈, 소금 한 꼬집

* 계량은 밥숟가락, 티스푼 기준입니다

[만드는 법]
1.  사과는 얇게 썰어준다

2.  팬에 올리브오일 또는 버터 약간(10g) 을 두르고 사과, 올리고당 1큰술, 시나몬가루 1/3티스푼을 넣어 조린다

3.  전분가루 1큰술, 물 2큰술을 넣어서 전분물을 만든다

4.  계란 3개, 소금 한 꼬집, 전분물을 넣어 골고루 섞어서 계란물을 만든다

5.  팬에 올리브오일이나 식용유 약간 두르고 계란물을 부어 준 후 

6.  그 위에 조린 사과를 올려서 반으로 접어서 노릇하게 구워준다
    (슬라이스치즈나 모짜렐라치즈 있으면 넣어 주셔도 좋습니다)

🌱  아침에 먹는 사과는 ""금""이라고 하죠? 여기에 계란을 더하면 금상첨화 입니다

✔️ 아침에 밀가루빵 대신 드시면 속 편하고 든든해서 너무 좋습니다
✔️ 혈당관리 및 다이어트, 장 건강과 변비 예방에도 좋다고 하니 맛있게 만들어 드세요^^


[배경음악출처]
Music provided by 브금대통령
Track : Quiz Time - https://youtu.be/1qjE0sl1ZcI

🎵Music provided by 브금대통령
🎵Track : 빼빼로 행진곡 - https://youtu.be/Za84Jmbs5so

시청해 주셔서 감사합니다
구독, 좋아요는 영상 제작에 큰 힘이 됩니다 ❤️

⚠️ 본 채널의 콘텐츠는 일반적인 영양정보를 바탕으로 제작되었으며 개인의 질환 상태나 체질에 따라 효과가 다를 수 있으므로 전문의와의 상담을 권장합니다.",2026-03-26T07:30:36Z,"사과요리,사과계란요리,계란요리,사과활용,사과파이,아침빵대신,간단한아침식사,간단한아침메뉴,집밥레시피,초간단요리,간단한브런치,간식,사과계란전,사과계란부침",22,ko,PT1M52S,2d,hd,false,353,19,0,3,public,youtube,True,False,"https://en.wikipedia.org/wiki/Food,https://en.wikipedia.org/wiki/Lifestyle_(sociology)",https://i.ytimg.com/vi/y1Fe1CdLrHU/maxresdefault.jpg,thumbnails/쿠킹옥CookingOKKoreanfood/y1Fe1CdLrHU.jpg
도라마코리아,UC-mvTI0H8QQPwXXF9P9Wmkw,jQw0CEqigyQ,[#고독한미식가] 아무리 먹어도 위장에 전혀 부담되지 않는 튀김?!🍤🧆 살아갈 용기를 주는 돈까스💪🏻💪🏻💪🏻,"#드라마 #음식드라마  #고독한미식가 9 ep.1 中..

도라마코리아 정식 서비스 콘텐츠로 홈페이지 및 어플리케이션에서 최신 일본 콘텐츠를 무료 VOD로 감상 하실 수 있습니다.🙂

📍 도라마코리아 공식 홈페이지: https://dorama.kr
📍도라마코리아 공식 블로그: https://blog.naver.com/dorama_
📍도라마코리아 공식 트위터: https://twitter.com/doramakr

채널의 영상이 마음에 드신다면 좋아요와 구독을 눌러주세요🥰
(※ 일부 영상의 경우 음원 저작권 관련으로 재생이 원활하지 않을 수 있는 점 양해 부탁드립니다.)",2026-03-26T07:30:20Z,"고독한미식가,고독한 미식가,고독한,드라마 음식,드라마 음식 먹방,드라마 속 음식,일본 드라마 음식,한국 드라마 음식,일드 음식 드라마,음식관련 드라마,드라마 음식 만들기,드라마 음식 주문,해외 드라마 추천,일드 추천,일드 모아보기,고독한미식가 와사비,고독한미식가 스키야키,고독한미식가 돈까스,고독한미식가 오사카,일본 드라마 심야식당,series:고독한미식가,topic:먹방,고독한 미식가 한국,고독한 미식가 후쿠오카,심야식당 음식,심야식당 먹방,#음식,이자카야신칸센,어제뭐먹었어,여자구르메버거부,심야식당,힐링,음식,맛집,일드,일본드라마,힐링물,저녁,점심,일본,제츠메시로드,흰밥수행승,망각의사치코,반주의방식,오모우마이가게",24,ko,PT24M1S,2d,hd,false,30385,565,0,44,public,youtube,True,False,"https://en.wikipedia.org/wiki/Entertainment,https://en.wikipedia.org/wiki/Film,https://en.wikipedia.org/wiki/Food",https://i.ytimg.com/vi/jQw0CEqigyQ/maxresdefault.jpg,thumbnails/도라마코리아/jQw0CEqigyQ.jpg
코저트 Cossert,UC-pXaRbTkhOnOUjsv96QHMg,tks2dIHmpiI,누텔라 로투스 크레페 디저트 먹방 Dessert Mukbang,"💛 좋아요와 구독 감사합니다 💛

🔎 영상 속 음식 정보
[텍사스파파 크레페]
누텔라 토스트 크레페 /5,800원
생크림 추가 /1,000원
= 총 6개 /40,800원

🚫 욕설, 비난 등 악플은 삭제되며 차단될 수 있습니다.
 
🎬 브이로그 채널 : https://m.youtube.com/@cosserttwo
📸 인스타그램 : https://instagram.com/kbhhgi_
💌 광고문의 메일 : cossert@kakao.com",2026-03-23T10:01:22Z,"코저트,코저트 먹방,디저트,디저트 먹방,크레페,누텔라 크레페,로투스 크레페,누텔라 로투스 크레페,초코 크레페,cossert,cossert mukbang,dessert,dessert mukbang,crepe,nutella,chocolate,lotus,nutella crepe,chocolate crepe,maltesers,yt:cc=on",24,ko,PT8M25S,2d,hd,true,27509,976,0,37,public,youtube,True,False,"https://en.wikipedia.org/wiki/Food,https://en.wikipedia.org/wiki/Lifestyle_(sociology)",https://i.ytimg.com/vi/tks2dIHmpiI/maxresdefault.jpg,thumbnails/코저트Cossert/tks2dIHmpiI.jpg
허상밥상,UC-v7n1v9g9Yze4ByTuvYGYQ,_Sg0R8jeRE8,파김치 아린맛 제거! 이것 넣으면 감칠맛 폭발 (바로 먹는 쪽파김치),"👉 파김치 아린맛 때문에 실패하셨다면 꼭 보세요
https://youtu.be/lNIA2XVYK5Q?si=1ppoFzMQaRhU-s-E

이 영상 하나로
아린맛 없이 달큰하고 감칠맛 살아있는
바로 먹는 파김치 완성하실 수 있습니다 😊

✔ 찹쌀풀 없이 간단하게
✔ 밥 넣어 감칠맛 살리는 비법
✔ 겉절이처럼 바로 먹는 쪽파김치

특히 영상 중간 “이 재료” 넣는 순간
맛이 완전히 달라집니다

👉 1분 20초 구간 꼭 확인하세요!

삼겹살, 수육과 함께 드시면
밥도둑 반찬으로 최고입니다 👍

#파김치 #쪽파김치 #김치담그기 #집밥레시피 #봄김치 #밥도둑 #허상밥상

자세한 재료와 방법은 블로그에서 확인하세요!  
📌https://blog.naver.com/hersang2972/224217032006

📌허상밥상 SNS 모음💚
link.inpock.co.kr/hersang2972
※ 본 링크는 네이버·쿠팡 파트너스 활동을 포함합니다. (추가 비용 없음)

★블로그  https://blog.naver.com/hersang2972/224207335422
★ 페이스북   https://www.facebook.com/hersang2972
★인스타  http://instagram.com/hersang2972
★구독하기  https://youtu.be/dZktQuqqbVQ?si=9AZWktNmCAGqfqX7

 ✔︎ Translated language
English: Green Onion Kimchi
Japanese: ネギキムチ
Chinese (Simplified): 葱泡菜
Chinese (Traditional): 蔥泡菜
Spanish: Kimchi de cebolla verde
French: Kimchi d’oignon vert
German: Frühlingszwiebel Kimchi
Italian: Kimchi di cipolla verde
Portuguese: Kimchi de cebolinha
Russian: Кимчи из зелёного лука
Thai: กิมจิต้นหอม
Vietnamese: Kim chi hành lá
Indonesian: Kimchi daun bawang
Malay: Kimchi daun bawang
Hindi: हरे प्याज़ का किमची
Arabic: كيمتشي البصل الأخضر
Turkish: Yeşil soğan kimçisi
Dutch: Lente-ui kimchi
Swedish: Salladslök kimchi
Polish: Kimchi z zielonej cebuli
Filipino: Kimchi ng sibuyas dahon
Ukrainian: Кімчі із зеленої цибулі

0:00 영상 시작
0:20 재료 소개
0:50 파 손질
1:30 양념 준비
2:00 파김치 버무리기
2:45 움파김치 쉽게 담그는 법(카드)
3:50 파전 비오는 날 레시피(카드)
4:05 허상건강수다 봄나물(카드)
4:12 완성 파김치 맛보기
4:13 엔딩 화면 / 구독 안내",2026-03-26T14:33:27Z,"파김치,쪽파김치,김치담그기,봄김치,겉절이김치,파요리,집밥레시피,한국요리,김치레시피,파김치맛있게담그는법,쪽파요리,건강김치,발효음식,집밥,요리초보,간단김치,김치비법,삼겹살반찬,수육반찬,밥도둑,허상밥상,@hstable",26,ko,PT4M23S,2d,sd,false,381,18,0,1,public,youtube,True,False,"https://en.wikipedia.org/wiki/Food,https://en.wikipedia.org/wiki/Lifestyle_(sociology)",https://i.ytimg.com/vi/_Sg0R8jeRE8/maxresdefault.jpg,thumbnails/허상밥상/_Sg0R8jeRE8.jpg
김꽃송 KIMGGOTSONG,UC-BTJQMF5SMAYfXVLEwPr3w,IyotWY377O0,우즈베키스탄 미친 가성비 여행기! 타슈켄트부터 사마르칸트까지 완벽 코스 (feat. 아프로시욥 기차),"2025년 다녀온 우즈베키스탄 여행기를 많은 구독자님들이 요청주셔서 업로드 하였씁니다~! 

꽃송이 묵었던 숙소
1.타슈켄트 코너호텔 https://3ha.in/r/135675
2.사마르칸트 비비카눔 호텔 https://3ha.in/r/191248

꽃송이가 늘 이용하는 글로벌 ESIM
https://3ha.in/r/108256 

👇🏻All About GGotsong❤️
https://link.inpock.co.kr/kimggotsong

🌈Bussiness Contact 비지니스 문의 ⬇️
dmsthd03@naver.com


0:17 인트로: 우즈베키스탄 미친 물가 체감 
01:04 타슈켄트 도착 및 로비야 언니와의 만남 
01:39 팔뚝만한 샤슬릭 먹방과 현지 맥주 
02:25 우즈벡의 핫플, 타슈켄트 시티몰 구경 
03:18 초르수 시장 투어 (전통 빵, 과일, 솜사 먹방) 
05:04 사마르칸트행 아프로시욥 기차 탑승 및 기내식 리뷰 
05:48 기차 안 대형사고?! 가방 분실 소동 
06:46 사마르칸트 도착
 07:00 압도적 스케일의 레기스탄 광장 
07:26 시압바자르에서 3천원짜리 멜론 구매 
07:53 사마르칸트 한식당 '아리랑'에서 점심 식사 
08:33 샤히진다 (소원이 이루어지는 계단) 
09:02 푸른빛의 샤히진다 및 현지인들과의 포토 타임 
09:40 사마르칸트 유명 맛집 '카림벡' 저녁 식사 
10:45 시욥 바자르 재방문 및 우즈벡 전통 바지 선물 
11:59 유적지 뷰 끝판왕 '비비하눔' 숙소 체크인 
13:01 우즈벡 현지 게스트하우스 이동
14:12 한국 마스크팩 선물과 따뜻한 찻잔 답례품 
15:22 코니힐 종이 공방 방문 
15:41 한국어 능력자 가이드와 독일여행자 안야와의 만남 
16:18 시욥 바자르 기념품 쇼핑 및 흥정 
17:17 타슈켄트행 기차 탑승 (안야와의 작별) 
17:56 타슈켄트 복귀, 서울문 방문 및 한식당 
18:21 현지 마트 장보기 및 엄청난 크기의 수박 
19:21 타슈켄트 공항 출발 및 다싱 공항 경유 
20:08 우즈벡 여행 총평 및 다음 편(이민 준비 브이로그) 예고",2026-03-26T22:00:00Z,"꽃송,브이로그,vlog,앙밍망,앙밍망 지뻔뻔,지뻔뻔,소요,여자 브이로그",24,ko,PT21M21S,2d,hd,true,1904,168,0,31,public,youtube,True,False,"https://en.wikipedia.org/wiki/Food,https://en.wikipedia.org/wiki/Lifestyle_(sociology),https://en.wikipedia.org/wiki/Tourism",https://i.ytimg.com/vi/IyotWY377O0/maxresdefault.jpg,thumbnails/김꽃송KIMGGOTSONG/IyotWY377O0.jpg
동우의 시간,UCzz2OFrZjGvoPq2WcpgeG_g,GspdY-wleIw,7일간 밥 대신 두바이 디저트만 먹으면 생기는 일,"7일간 밥대신 두쫀쿠와 30종류의 두바이 디저트만 먹어봤습니다
두바이 디저트 제발 그만해 이러다가는 다 죽어",2026-02-27T09:00:32Z,,24,ko,PT45M12S,2d,hd,false,150033,1990,0,289,public,youtube,True,False,"https://en.wikipedia.org/wiki/Food,https://en.wikipedia.org/wiki/Lifestyle_(sociology)",https://i.ytimg.com/vi/GspdY-wleIw/maxresdefault.jpg,thumbnails/동우의시간/GspdY-wleIw.jpg
中国街头美食vlogs,UC1CbmfI_il0uY56Qvd-YJLg,taDTDeq0WWA,中國重慶市集令人驚嘆的20種街頭美食合集 油茶，糯米餃子 扣肉肥而不膩 爆辣的炒雞 花式米糕發糕；各種奇怪的街頭美食市場,"本期節目拍攝了中國重慶市區的一個市場。重慶作爲中國人口最多的地區之一，這裏的市場總是很熱鬧，商品的種類非常齊全，逛市場也是普通中國人的日常生活的一部分。這裏各種街頭美食很多，商品的交易十分頻繁，物價很便宜。本視頻重點記錄了這裏的街頭小吃，以及他們的製作過程，通過不同角度的拍攝，我們爲你生動的展現了一個規模宏大的中國便民市場，和普通重慶人的真實生活。
本節目堅持4k拍攝，畫質清晰，内容豐富具體，值得觀看。#中國街頭美食 #夜市美食 #地方小吃 #排隊美食 #台式美食 #傳統美食 #街頭小吃#中式美食#ChineseFood #Chinese street food #Food Market Morning Market",2026-03-27T09:37:59Z,"#ChinaStreetFood,#NortheastChineseFood,#早市,#大集,#赶场,#morningmarket,#chinesestreetfood,#chinesefoodnearme,#路边美食,#中国美食,#chinastreetmarket,#chinastreets,街頭美食,重庆,重慶,重慶美食,重慶火鍋,chongqing",19,zh-Hant,PT20M15S,2d,hd,true,502,20,0,8,public,youtube,True,False,"https://en.wikipedia.org/wiki/Food,https://en.wikipedia.org/wiki/Lifestyle_(sociology)",https://i.ytimg.com/vi/taDTDeq0WWA/maxresdefault.jpg,thumbnails/中国街头美食vlogs/taDTDeq0WWA.jpg
영나미 베쏘,UCU0MrKoFa2SIkWLFnmPepWA,itvt3cpmbUg,대전동아리엑셀5화 오랜만에 모이네요 새로운 여성맴버 왔어요,#대전동아리 #엑셀 #부천 #뉴스 #이슈 #로봉남 #순탄이 #베쏘 #베쏘영남 #lbn엔터 #성심당 #대전 #댄스 #노래 #캄보디아 #틱톡 #인스타 #중국 #중국엑셀,2026-02-24T16:39:09Z,,22,ko,PT6H47M55S,2d,hd,false,49158,246,0,2,public,youtube,True,False,https://en.wikipedia.org/wiki/Entertainment,https://i.ytimg.com/vi/itvt3cpmbUg/maxresdefault.jpg,thumbnails/영나미베쏘/itvt3cpmbUg.jpg
장하다 장민호,UCMwVpslitG_uJVsLwNkO3pw,q-4_AC-1yZY,강원도 고성 여행 이 영상으로 끝!ㅣ장하다 장민호 EP.14,"장민호 하고 싶은 거 다~해!
드디어 장하다 장민호 14화 OPEN🤍

✨고성 여행✨
5월 가정의 달을 맞이해 여기어때X장민호 콘서트팩을 준비했는데요!
고성 맛집탐방과 놀거리까지 꽉꽉 담은 고성 대리여행!
민호와 함께 고성 여행 즐기러 가자!

💪🏼장하다장민호 X 여기어때 콘서트팩🧳
5월, 저를 보러 여기어때 콘서트팩 고성 오실 딱 700분 찾습니다!
📱모바일로 응모 : https://yeogi.onelink.me/SECZ/go869zhj 
4월 14일까지 많은 응모 부탁드려요!

✔️ 응모기간 : ~ 4월 14일(화)까지
✔️ 당첨자 발표 : 4월 23일(목)
✔️ 여행기간 : 5월 8일(금) ~ 5월 10일(일)
✔️ 콘서트 일자 : 5월 9일(토)
✔️ 여기어때 APP / 상단 링크에서 응모↑

매달 10일, 20일, 30일은 장데이🤍
#장민호 #유튜브 #장하다장민호

기획/제작 – 솔로몬코드",2026-03-20T09:59:01Z,"유튜브,장민호,장하다 장민호,트로트,여기어때,여기어때콘서트팩,콘서트팩고성",22,ko,PT24M36S,2d,hd,false,236963,4704,0,559,public,youtube,True,False,https://en.wikipedia.org/wiki/Entertainment,https://i.ytimg.com/vi/q-4_AC-1yZY/maxresdefault.jpg,thumbnails/장하다장민호/q-4_AC-1yZY.jpg
스튜디오 통,UC3Hx4YCbeawwALYOOQckQCw,4NTJLprKpY4,베트남 빵 이렇게 맛있었다고? | 베간남,"다낭 베이커리 맛집 발견!


베간남 pick모음zip..링크🖤
http://viegannam.link-shop.kr/

↑위 링크에 들어가셔서 해당 매장 쿠폰링크를 
누르신 뒤 쿠폰 이미지를 결제하실 때 보여주시면 됩니다!

.
.
.
베간남은 다낭의 볼거리와 놀거리, 맛집 등 다양한 즐길거리들을 직접 느껴보고 솔직한 리뷰들을 나눠보는 컨텐츠입니다.

다낭 계획, 다들 어떻게 세우고 계신가요??

현지인 맛집들까지 베간남이 쏙쏙 알려드겠습니다♡

베간남 영상을 보시고 구독 인증을 매장에 보여주시면 작은 혜택들이 가능한 매장들도 계속해서 소개해드릴테니 한순간도 놓치지 마시고 끝까지 시청부탁드립니다 :-)

베간남 구독자분들에게 혜택이 가능한 매장들은 따로 표기를 해두겠습니다♡",2026-03-27T10:25:33Z,"베트남다낭,베트남팁,베트남여행,다낭여행,다낭자유여행,베트남다낭여행,베트남다낭맛집,다낭음식점추천,미케비치맛집,한시장맛집,다낭쇼핑,다낭야시장,다낭리조트,다낭한시장호텔추천,호이안맛집,호이안밥집,호이안카페,호이안음식집,호이안핫플,vietnam food,vietnam street food,vietnam travel food,best food in vietnam,vietnam food tour,vietnam local food,vietnamese cuisine,vietnam food guide,vietnam food vlog,vietnam food review,da nang food,da nang street food,best food in da nang,da nang food tour da nang,local food da nang restaurants,da nang seafood",23,ko,PT6M44S,2d,hd,false,9,6,0,0,public,creativeCommon,True,False,"https://en.wikipedia.org/wiki/Food,https://en.wikipedia.org/wiki/Lifestyle_(sociology),https://en.wikipedia.org/wiki/Tourism",https://i.ytimg.com/vi/4NTJLprKpY4/maxresdefault.jpg,thumbnails/스튜디오통/4NTJLprKpY4.jpg
쏘소담_주부,UCUQ0pd9WteRbOoeoF1PPi1A,uiTLzP33L7w,"가성비최고 코스트코 아롱사태는 이렇게 드세요/ 코스트코필스템/ 코스트코고기, 코스트코소분, costco","00:00 시작
00:24 아롱사태 준비&삶기
02:25 아롱사태 썰기&소분
03:16 아롱사태 냉채
06:00 아롱사태 장조림
06:54 아롱사태 활용 국
07:27 아롱사태 수육

__________________________________________________________
음악 중 일부는 '오늘의 일기'님의 음원입니다. 감사합니다.

Oneul -  나의 사랑 나의 어여쁜 자야
https://youtu.be/zdeBL_m8ZCo?si=7E0UYpHIDDsKaAb2

Oneul - Surrounded By Love
https://www.youtube.com/watch?v=nPdWL2ZZWpE

Oneul - 한여름밤의 산책
https://www.youtube.com/watch?v=cyBk3Quse8E&pp=0gcJCR0AztywvtLA",2026-03-24T04:01:29Z,"코스트코,costco,코스트코고기,살림,코스트코추천,아롱사태,코스트코소분,주부",22,ko,PT8M21S,2d,hd,false,32865,404,0,27,public,youtube,True,False,"https://en.wikipedia.org/wiki/Food,https://en.wikipedia.org/wiki/Lifestyle_(sociology)",https://i.ytimg.com/vi/uiTLzP33L7w/maxresdefault.jpg,thumbnails/쏘소담_주부/uiTLzP33L7w.jpg
리스컴,UCa_VW4GBNduPQ14E7W2DgIA,-KWtrGJxJeg,"""공부머리는 식탁에서 완성됩니다"" 서울대 뇌과학 박사가 요리책을 쓴 진짜 이유 #뇌과학 #공부머리 #초등맘 #육아 #아이식단 #자녀교육 #초등학생영양 #집중력향상","""우리 아이 두뇌, 타고난 유전자가 전부일까요?"" 🧐
서울대학교 뇌과학 박사이자 카이스트 연구원 출신, 그리고 무엇보다 '엄마'인 홍수경 저자가 그 해답을 드립니다.

뇌세포가 폭발적으로 연결되는 6~12세 '학습 전환기'!
이 시기 아이가 먹는 영양소는 단순히 성장을 넘어 시냅스를 정교하게 만들고 학습 지속력을 결정짓는 핵심 재료가 됩니다.

과학자의 전문 지식과 엄마의 실전 레시피가 만난 〈우리 아이 두뇌를 키우는 브레인 푸드 레시피〉 저자 인터뷰 영상을 통해, 우리 아이의 잠재력을 깨우는 '밥상의 힘'을 확인해 보세요!

[도서 정보 & 구매 링크]
📘 도서명: 우리 아이 두뇌를 키우는 브레인 푸드 레시피
🛒 YES24 바로가기: https://www.yes24.com/product/goods/183693813
🛒 교보문고 바로가기: https://product.kyobobook.co.kr/detail/S000219524840
🛒 알라딘 바로가기: https://www.aladin.co.kr/shop/wproduct.aspx?ItemId=388805276

#자녀교육 #아이식단 #집중력높이는법 #초등학생영양 #육아꿀팁 #서울대박사 #카이스트 #편식교정 #성장기식단 #학습법 #책육아 #신간도서 #YES24 #요리책추천 #교보문고 #알라딘",2026-03-27T09:05:52Z,,27,ko,PT10M30S,2d,hd,false,39,3,0,1,public,youtube,True,False,"https://en.wikipedia.org/wiki/Health,https://en.wikipedia.org/wiki/Knowledge",https://i.ytimg.com/vi/-KWtrGJxJeg/maxresdefault.jpg,thumbnails/리스컴/-KWtrGJxJeg.jpg
가오니의 메뉴판GAONI,UCJ66AvaHJ2pHD_-AyUailuQ,QGPM3XvaMqQ,먹방브이로그) 취준정병 음식으로 극복!✨⭐️하기!ㅋㅋ (족발+막국수/맵슐랭+신전치즈떡볶이/후덕죽싸이버거/디저트먹방/버터떡/크림베이글/하츠베이커리/붕어빵 먹방,"*화질 설정 후 감상해주세요*

0:00 [철원족발] 족발 맛집!!!!!!!
6:41 냉털 디저트!!
10:03 우울한거 1초만에 극복하는 법🥐🥨
13:10 새로태어난맘으로ㅋㅋ 신전치즈떡볶이+ 자담맵슐랭!🔥🔥
18:52 [하츠베이커리] 크림베이글맛집!!🎂
24:39 [맘스터치] 후덕죽와우순살+후덕죽통새우버거🍔
28:07 미니 붕어빵!! 버터떡 대신 먹기ㅎㅋ

메일💌 gaonii51030@gmail.com
키/몸무게 168/ ?
인스타🌟onii_g51

[출처]
Song : 샛별 - 모여주라..동물의 숲 /    • 모여주라..동물의 숲 (Royalty Free Music) | 모동...  https://youtu.be/9CdA8CdixU8?si=YiqRw7Zc7jogbkfk
[Playlist] #24 Summer Piano!|작성자 오늘의 일기 Oneul https://youtu.be/Sail0squu4Y?si=vq0Ignzmwa2u8tNw

🎵Music provided by 브금대통령

🎵Track :폴짝폴짝 -   

 • [기분 좋아지는 귀여운음악] 폴짝폴짝🐶  

🎵Track : Quiz Time -   

 • [재미있는 상황브금] Quiz Time | 알쏭달쏭한 브금  

🎵 Track : 둠칫 -   

 • [귀여운 음악] 둠칫 | 일상영상에 어울리는 음악  
🎵Track : Jellybean Splendor -    • [Royalty Free Music] Jellybean Splendor (귀...  
🎵Track : Happy Things -    • [행복한 귀요미음악] Happy Things 💕 | 행복한 상상  
🎵Track : Kitty Walk -    • [귀여운 고양이브금] Kitty Walk  
🎵Track : 치즈조각 -    • [차분하고 귀여운음악] 치즈조각 | 멍 때리는 따분함과 귀여움 그사이  
🎵Track : 우당탕탕 강아지들 -    • [동물브금] 우당탕탕 강아지들 | 밝음→졸림→골때림→밝음  
🎵Track : Troublemaker -    • 말썽의 전조  
🎵Track : 슬라임의 모험 -    • [8bit 코믹한 음악] 슬라임의 모험 | 자! 떠나볼까?  
🎵Track : 용감한 햄스터 -    • [귀여운브금] 용감한 햄스터 | 애니에서 귀여운 장면에 나오는 스타일  
🎵Track : 냥냥한 느낌 -    • [귀여운브금] 냥냥한 느낌 | 캐쥬얼 게임음악 같달까요  
🎵Track : Toy Blocks -    • [플라스틱같은 귀여운음악] Toy Blocks | 캐쥬얼게임음악 같...  
https://youtu.be/RddUQhxDrHg?si=Pmvidp0B8ImvmWB-
🎵Track : My Small Village -    • [동물의 숲 느낌 귀여운 음악] My Small Village | ...  
https://youtu.be/oohTPr_v9sU?si=bRtZqo9Y69EcQC_0
🎵Track : 말캉말캉한 BGM Playlist -    • [Playlist] 말캉말캉한 BGM Playlist | 어쩌면 몽...  
https://youtu.be/cXLfRwSkwVQ?si=FfruGDZymVvTmWeH
🎵Track : Favorite Food -   
 • [소소하게 귀여운음악] Favorite Food | 좋아 하는거 먹...  
https://youtu.be/DaPH03tAPs4?si=BImk_RzLqelHQzJq
🎵Track : FAIL -   

 • [장난스럽고 재미있는 음악] FAIL | 웃긴 상황에 쓰기 좋음😅  
https://youtu.be/h4DKi2eUnH8?si=bUkB3BVtDMOU_k3t
🎵Track : Favorite Food -   
 • [소소하게 귀여운음악] Favorite Food | 좋아 하는거 먹...  
https://youtu.be/DaPH03tAPs4?si=eqsQZZkfpqGT9OqX
🎵Track : 갸우뚱 -   [너처럼 귀여운음악] 갸우뚱 | 어? 귀...  
https://youtu.be/w1qbEToZXNg?si=6JRPAJba_COpaKez
🎵Track : 맛있는 도넛 - https://youtu.be/jGegUU9e4PM
🎵Track : 개껌 발견 - https://youtu.be/ddHPZ_Ys0Sc
🎵Track : 어리둥절해 - 
 • [고양이처럼 귀여운음악] 어리둥절해 | 응?😳  https://youtu.be/5cgMAYRky5A?si=hTyVbxVzsLOAHC-f
🎵Track : 바보브금 - 
 • 바보브금  https://youtu.be/-_Vc-fl4TX8?si=Y9ilu6srX9HgqgKN

🎵Track : 펭귄의 하루 -   
 • [펭귄만큼 귀여운음악] 펭귄의 하루 | 내 하루를 길고 외로와~ 🐧  
https://youtu.be/urk4Y8FgS3o?si=FFn5YS6HR-qLxYfI
🎵Track : Under The Sea -  
 • [니모처럼 귀여운음악] Under The Sea | 인어공주를 만날... 
https://youtu.be/dy2VXSIQ_2g?si=z_x_JsuDbuCOTFeR
🎵Track : 내가 그랬어 -    • [황당한 상황 브금] 내가 그랬어 | 너...  https://youtu.be/QKBh2YehfGM?si=R0tjVOuiZhhc4t04
🎵Track : 수사반장 2 -   • [재밌는 음악]  수사반장 2 | BGM...  
https://youtu.be/4HUKLcinlC8?si=KutvOKhqYWmvOtj",2026-03-26T08:00:26Z,"먹방,먹방브이로그,가오니,디저트먹방,다이어트브이로그,후덕죽 맘스터치,신전떡볶이먹방",24,ko,PT32M23S,2d,hd,false,186260,2063,0,180,public,youtube,True,False,"https://en.wikipedia.org/wiki/Food,https://en.wikipedia.org/wiki/Lifestyle_(sociology)",https://i.ytimg.com/vi/QGPM3XvaMqQ/maxresdefault.jpg,thumbnails/가오니의메뉴판GAONI/QGPM3XvaMqQ.jpg
미캉부부,UC5CJ8GK3WVxb4JMSD9DaZWg,ivdyWIdlJTw,"한국 생활 4년차 일본인, 제가 한국에 계속 살 수 있는 이유","오늘도 시청해주셔서 감사합니다!
ご覧いただきありがとうございました！  


📩 문의 / お問い合わせ
→ [kang_s19@naver.com]  

📸 Instagram  
→ [instagram.com/mikanbubu]  


🎵Music provided by BGM大統領

Music provided by 브금대통령
Track : Voulez-vous? - https://youtu.be/4A6gXgchN6Y
Track : 사르르 녹는 귀여운 BGM 모음 3탄! - https://youtu.be/czajaQpTBds
Track : Black Comedy - https://youtu.be/gHlSF3VpB9U
Track : Mochanova - https://youtu.be/n813H5Y1ZQk
Track : 내 꿈은 말이지 - https://www.youtube.com/watch?v=8US4NF1bzlE
Track : 강아지같아 - https://www.youtube.com/watch?v=tPxR7npln9w
Track : Yes, I did this -  https://youtu.be/QKBh2YehfGM?si=damCqRTWN42dTUD3


#한일부부#국제커플#부부브이로그#일상브이로그#韓国生活#日韓カップル#여행브이로그 #서울여행 #맛집투어#먹방 #맛집브이로그#한일커플￼#日韓夫婦#일상브이로그#여행브이로그 #한국생활 #韓国在住#日本人#일본인",2026-03-22T03:00:00Z,,22,ko,PT11M58S,2d,hd,false,13419,1085,0,89,public,youtube,True,False,"https://en.wikipedia.org/wiki/Food,https://en.wikipedia.org/wiki/Lifestyle_(sociology)",https://i.ytimg.com/vi/ivdyWIdlJTw/maxresdefault.jpg,thumbnails/미캉부부/ivdyWIdlJTw.jpg
뉴라이프 𝐍𝐞𝐰 𝐋𝐢𝐟𝐞,UC6vKU-AHjo4wQA2W-jfEJDA,P04omZKgPKY,스트레이트 체형 키작녀 봄 룩북 (현실 코디 모음),"테무 앱 신규 회원분들은 앱 다운로드 후 검색창에 코드 kbv8599 검색하시면 13만원 할인 쿠폰 묶음이랑 최대 90% 할인 혜택도 받을 수 있다고 하니까 주문하실 분들은 코드 입력해서 쿠폰 적용하는 거 꼭 잊지 마시길!

상품과 쿠폰 링크 클릭 ➡️  https://app.temu.com/k/gmo2ectge0d



1️⃣ 화이트 숄더 반팔 티셔츠 여성 여름 2025 신상 여성용 바디라인 강조 탑 U넥 하단 셔츠 490원💰 (Original Price 5,481원💰)
https://temu.to/k/gclx7nxbv7k

1️⃣ 여성용 레트로 펑크 스트리트 스타일 하이넥 더블 지퍼 재킷 - 슬림핏 캐주얼 코트, 포켓 디자인, 가을/겨울용 솔리드 컬러 아우터웨어, 기계 세탁 가능, 귀여운 패션 여성 의류, 논스트레치 소재 2,119원💰 (Original Price 45,684원💰)
https://temu.to/k/gjninjfpmwr

1️⃣ 2024년 신상 여성 아메리칸 레트로 카모플라쥬 카고 바지, 캐주얼 스트레이트 레그 플레어 스웨트팬츠 1,741원💰 (Original Price 38,063원💰)
https://temu.to/k/glrbg7w0hlc



2️⃣ 여성용 스타일리시 긴팔 티셔츠, 순수하고 부드러운 한국적인 감성, 가을/겨울에 완벽, 몸매를 부드럽게 감싸는 디자인 1,206원💰 (Original Price 12,677원💰)
https://temu.to/k/gzifrolgnir

2️⃣ 빈티지 워싱 디스트레스드 로우라이즈 활용도 높은 플레어 데님 팬츠 3,751원💰 (Original Price 39,247원💰)
https://temu.to/k/ggrnf73ljqm

2️⃣ 여성용 두꺼운 밑창 로퍼, 여성 신발 1,755원💰 (Original Price 16,245원💰)
https://temu.to/k/g9pz4s99mv4



3️⃣ 한국 스타일 패션 긴소매 여성용 캐주얼 셔츠티, 앞면 주름 왜곡 타워, 신상 가을/겨울 슬림핏 몸매 비침 돋보이는 활용도 높은 남녀공용 상의 2,693원💰 (Original Price 26,934원💰)
https://temu.to/k/gahnuhx69gq

3️⃣ NZ166 시리즈 엘레강트 시리즈 - 스트리트 패션 신축성 있는 하이웨이스트 슬림핏 스트레이트 레그 팬츠, 편안한 캐주얼 아웃도어웨어, 사계절 여성용 청바지 1,781원💰 (Original Price 39,306원💰)
https://temu.to/k/gbl4rheisnl



4️⃣ 여성용 칼라 2-in-1 룩 격자무늬 패치워크 긴소매 티셔츠, 디자이너 슬림핏 몸매 좋아보이는 긴소매 상의 973원💰 (Original Price 10,188원💰)
https://temu.to/k/gi682p23ee5

4️⃣ 여름용 여성용 로우웨이스트 플레어 팬츠, 핏 긴 바지 1,218원💰 (Original Price 13,244원💰)
https://temu.to/k/gkb4zxga81o

4️⃣ 레트로 플랫 캐주얼 신발, 클래식 레이스업 디자인으로 빈티지하고 편안한 스타일을 연출하며, 일상복에 완벽하며, 편안함과 편안함을 더해주는 여성 신발 1,645원💰 (Original Price 17,147원💰)
https://temu.to/k/ga64ipr83bz

4️⃣ 세련된 레오파드 프린트 캐주얼 핸드백, 여성용 대용량 숄더백, 통근자 여행용 겨드랑이 가방 659원💰 (Original Price 7,401원💰)
https://temu.to/k/g86s0k3q1ea

4️⃣ 여성용 빈티지 레오파드 프린트 탄성 헤어 타이 1개 | 우아하고 미니멀한 스타일, 번 및 포니테일에 완벽 206원💰 (Original Price 2,061원💰)
https://temu.to/k/g4qihe1y585


📍핫 아웃핏 블랙 스트라이프 청바지, 스트리트 멀티 로우라이즈 스트레치 스키니 플레어 팬츠, 빈티지 90년대 캐주얼 데님 3,076원💰 (Original Price 33,493원💰)
https://temu.to/k/gkxnerjh159",2026-03-24T10:00:40Z,"봄 룩북,통통녀 코디,키작녀 코디,스트레이트 체형",22,ko,PT8M25S,2d,hd,false,1849,16,0,11,public,youtube,True,False,"https://en.wikipedia.org/wiki/Fashion,https://en.wikipedia.org/wiki/Lifestyle_(sociology)",https://i.ytimg.com/vi/P04omZKgPKY/maxresdefault.jpg,thumbnails/뉴라이프𝐍𝐞𝐰𝐋𝐢𝐟𝐞/P04omZKgPKY.jpg
소소한 힐링 smallhealing,UCsP5zSA0YRVaYkLUSO9BR-w,lAMGAOF7694,실패없는 겉바속쫄 버터떡 에어프라이어 레시피,"실패없는 겉바속쫄 버터떡 에어프라이어 레시피

요즘 인스타그램과 유튜브에서 정말 핫한 간식, 겉바속쫄 버터떡레시피를 소개합니다.

몇 번의 시행착오 끝에 실패 없이 누구나 성공할 수 있는 에어프라이어와 머핀틀을 이용한 최적의 버터떡 레시피입니다.

식감은 쫀득하고 겉은 살짝 바삭하면서 버터 풍미는 제대로 살아있어 너무 맛있어요~!


🍳 버터떡 재료

무염버터 30g, 무염버터 20g(틀에 코팅할 용도), 우유 200ml, 달걀 1개(상온보관), 설탕  60g,

소금 한 꼬집, 바닐라익스트랙 2g, 찹쌀가루 100g, 타피오카전분 70g



🍳 버터떡 만드는 법

1. 무염버터 30g에 우유 200ml를 넣고 전자렌지에 1분 30초 정도 돌려 녹인다.

2. 볼에 달걀 1개(상온보관), 설탕  60g, 소금 한 꼬집, 바닐라익스트랙 2g을 넣고 섞다가 녹인 버터와 우유를 부어 섞는다.

3. 찹쌀가루 100g을 채에 내린다. 타피오카전분 70g을 채에 내린 후 잘 섞는다.

4. 반죽을 한 번 더 채에 곱게 내려 반죽을 완성한다.

5. 살짝 녹인 버터를 머핀틀에 듬뿍 바르고 반죽을 틀에 90% 정도 붓는다.

6. 에어프라이어는 180도에 3분 예열한 후 반죽을 넣고 180도에 20분 돌린다.

※ 참고! 빵틀의 크기와 두께에 따라 조리 시간이 달라질 수 있습니다.

7. 20분 후 틀에서 빼 뒤집어서 180도에 10분 더 구우면 완성~!


🎧인트로 음악 제작 - J에이치

🎵Music provided by 브금대통령
🎵Track : Cuban Sandwich -   

#버터떡 #상하이버터떡 #홈베이킹",2026-03-23T03:25:11Z,"소소한힐링,힐링영상",26,ko,PT2M33S,2d,hd,true,1454,24,0,26,public,youtube,True,False,"https://en.wikipedia.org/wiki/Food,https://en.wikipedia.org/wiki/Lifestyle_(sociology)",https://i.ytimg.com/vi/lAMGAOF7694/maxresdefault.jpg,thumbnails/소소한힐링smallhealing/lAMGAOF7694.jpg
고은언니 한고은,UCPFW9tE-hAuyR4037csZAqg,LcQv9yOh3Wc,"편식하던 남편도 -20kg 감량시킨 한고은 부부가 아침에 먹는 것 (샐러드 1kg, 부부레시피)","안녕하세요~~ 한고은입니다!

오늘 영상에서는 제가 일주일에 무려 풀 1kg을 먹는 비결!
그리고 아침마다 챙겨 마시는 'LG티' 만드는 법까지 아낌없이 담아봤어요~

또 제가 건강을 위해 꼼꼼하게 따져보고 고른 ✨'셀로닉스 트리어드 오메가3'✨와 함께, 
우리 고은언니한고은 구독자분들을 위해 특별 할인링크 
그리고 댓글이벤트까지 준비했으니 마구마구 참여해주세요~ 🧡

그럼 오늘도 재밌는 시청 하시길 바랄게효~~~~🌼

🎁 구독자 전용 혜택 🎁  
산패에 완.전.진.심! 약사 출신 5명이 모여 만든 셀로닉스의 '트리어드 투명오메가3 코어'
최대 20% 할인링크 👇 요기 아래 링크에서 만나요! 👇
https://shorturl.at/Ep1ta

🎁 댓글 EVENT 🎁
영상을 보고 다가오는 봄에 오메가3를 챙기고 싶은 이유를 댓글로 남겨주세요!
 추첨을 통해 총 10분께 오메가3 1BOX(1개월치)를 선물로 드려요 ^_^ _ 🧡 
✔ 참여 방법 :
✅오메가3를 챙기고 싶은 이유 댓글로 남기기
✅아래 구글폼 작성하면 참여 완료! (작성 필수)
 👉 https://forms.gle/ny3wAP6GmMa761w39

🧡 이벤트 기간 : 3.26 (목) ~ 4.24 (금)
🧡 당첨자 발표 : 4.29 (수) 게시물 발표 예정
🧡 당첨자 선물 : 셀로닉스 오메가3 1BOX (1개월치) / 20명
※ 당첨자분들께는 브랜드에서 개별 연락드립니다.

00:00 하이라이트
00:36 고은언니의 레몬티 한잔
01:24 뱃살 쏙 빼게 만드는 한고은표 'LG티' 레시피 대공개!
07:02 LG티 먹을때 주의할 점
08:49 한고은도 반한 오메가3
11:55 관리의 여왕이 추천하는 다이어트 식단
12:17 ① 1KG 대용량 샐러드 싱싱하게 보관하는 법
13:32 ② 10분컷! 초간단 부리또 만들기
17:54 고운님들에게 인사

#한고은 #대용량샐러드 #셀로닉스 #트리어드 #오메가3

제작 : 어썸엔터테인먼트(주)
💌 비즈니스 문의 : goeununnie@gmail.com",2026-03-26T09:00:00Z,,22,ko,PT18M43S,2d,hd,false,157462,3412,0,205,public,youtube,True,False,"https://en.wikipedia.org/wiki/Food,https://en.wikipedia.org/wiki/Lifestyle_(sociology)",https://i.ytimg.com/vi/LcQv9yOh3Wc/maxresdefault.jpg,thumbnails/고은언니한고은/LcQv9yOh3Wc.jpg
삼플식당(Sam Simple Restaurant),UCNOt7fd2GVXqOlTRL19xTpg,12gjAkuKapM,요즘 SNS에서 난리 난 그 비빔밥... 소고기보다 맛있다는데?,"요즘 SNS에서 소고기보다 맛있다고 난리난 메뉴
혹시 보셨나요?

바로 봄동 비빔밥인데요.

그래서 오늘은
입맛 확 살아나는 봄동 겉절이를 만들고
그 겉절이를 활용해
🥬 봄동 겉절이
🍚 봄동 비빔밥
🍜 봄동 비빔면
까지 만들어봤습니다!

✔ 재철 채소로 간단한 요리를 찾으시는 분
✔ 매콤새콤한 겉절이 좋아하시는 분
✔ 비빔밥 / 비빔면 레시피 찾고 계셨다면

진심 강력 추천드립니다!

📌 [ + more ]
+ 📸 instagram : https://www.instagram.com/sam_simple_restaurant
+ 📰 blog : https://blog.naver.com/samsimple_restaurant

💛 채널 멤버십 가입하고 더 많은 레시피 & 혜택 받아보세요!
https://www.youtube.com/channel/UCNOt7fd2GVXqOlTRL19xTpg/join

★ 재료 ★

✅ 필수 (봄동 겉절이)
- 봄동 1통
- 고춧가루 5T
- 설탕 3T
- 다진마늘 1T
- 고추장 1T
- 진간장 4T
- 참치액 1T
- 식초 4T
- 참기름 1T

✅ 선택
- 매실청 1T
💡 양념이 너무 뻑뻑하면
물 2~3T 정도 넣어주세요.

🍚 봄동 비빔밥
- 밥 1공기
- 봄동 겉절이
- 반숙 계란후라이 1개
- 참기름 또는 들기름 1T
- 통깨 약간

🍜 봄동 비빔면
- 소면 1인분
- 봄동 겉절이
- 참기름 또는 들기름 1T
-  통깨 약간

🎬 [만드는 법]
1️⃣ 봄동 뿌리 부분을 잘라 손질합니다.
2️⃣ 식초물에 잠시 담가 흙을 제거합니다.
3️⃣ 양념 재료를 모두 섞어 양념장을 만듭니다.
4️⃣ 봄동을 먹기 좋은 크기로 썰어 양념과 버무립니다.
5️⃣ 통깨를 뿌리면 봄동 겉절이 완성!

🍚 비빔밥
밥 + 봄동 겉절이 + 계란후라이 + 참기름 + 통깨

🍜 비빔면
삶은 소면 + 봄동 겉절이 + 참기름 + 통깨

🔥 재철 봄동이라 가격도 착하고
매콤새콤한 양념이 정말 잘 어울리는 레시피!

겉절이 하나로
비빔밥, 비빔면까지 만들어보세요☺

📖 혹시 삼플식당 레시피북 구매하신 분 계신가요?
괜찮으시다면
구매 사이트에 짧게라도 리뷰 남겨주시면
정말 큰 힘이 됩니다.

영상이 마음에 드셨다면
[구독]과 [좋아요], [알림설정] 부탁드립니다💛",2026-03-10T13:53:39Z,"봄동비빔밥,봄동겉절이 황금레시피,삼플식당,봄동비빔면,자취요리,간편요리",26,ko,PT3M25S,2d,hd,true,1155,33,0,11,public,youtube,True,False,"https://en.wikipedia.org/wiki/Food,https://en.wikipedia.org/wiki/Lifestyle_(sociology)",https://i.ytimg.com/vi/12gjAkuKapM/maxresdefault.jpg,thumbnails/삼플식당SamSimpleRestaurant/12gjAkuKapM.jpg
호와수,UCwUI2b5vUxnkjS-w0GTK-xQ,PZFTuFf1IKw,"30일 안에 해발 총 10,000m 등산하면 살이 얼마나 빠질까?",앞으로 새로운 도전 더 열심히 하겠습니다 !!!,2026-03-25T08:35:26Z,"뷰티풀너드,영상,유튜브,유튜버,재밌는영상,알고리즘,고재영,보통사람,샤크창,최프진,어쩔수없는윤화,긍정맨,The Royalty Family,Ryan Trahan,Drew Binsky,미스터비스트,MrBeast,보겸,Ireland Boys Productions,FaZe Rug,boxtoxtv,BENOFTHEWEEK,Ruhi Çenet,Stokes Twins,변믈리에,Zac Alsop,ErikTheElectric,Calfreezy,Joe Fazer,Fidias,Alexa Rivera,챌린지",24,ko,PT33M13S,2d,hd,false,20148,455,0,72,public,youtube,True,False,"https://en.wikipedia.org/wiki/Hobby,https://en.wikipedia.org/wiki/Lifestyle_(sociology)",https://i.ytimg.com/vi/PZFTuFf1IKw/maxresdefault.jpg,thumbnails/호와수/PZFTuFf1IKw.jpg
[햄지]Hamzy,UCPKNKldggioffXPkSmjs5lQ,fqigDGCCkCU,중대발표! 그동안 감사했습니다🙏,"각국어 번역 자막 제작 :  
컨텐츠 제작의 마무리는 컨텐츠플라이! 글로벌 진출을 위한 최고의 파트너,
CONTENTSFLY에서 제작되었습니다.
https://www.contentsfly.com
[추천링크]
https://contentsfly.com/invite?p=Uhts...

▶햄지 브이로그 채널 (Hamzy's Vlog Channel ) ↓↓↓
https://www.youtube.com/channel/UC1EiHIhV6UDRWOY6BaEavdw

▶Email 
hamzy3390@gmail.com
.
.
.
#중대발표 #햄지 #hamzy",2026-01-04T12:01:22Z,"여자먹방,맛방,먹방,막방,멋방,mukbang,korean food,eating show,리얼사운드,real sound,spicy food,モッパン,recipe,cook,cooking,koreanfood,eatingshow,asmr,햄지,hamzy,햄지 결혼,햄지 남자친구,햄지 이사,중대발표,공지,공지사항,yt:cc=on",24,ko,PT1M49S,2d,hd,true,3962126,146917,0,7960,public,youtube,True,False,"https://en.wikipedia.org/wiki/Food,https://en.wikipedia.org/wiki/Lifestyle_(sociology)",https://i.ytimg.com/vi/fqigDGCCkCU/maxresdefault.jpg,thumbnails/햄지Hamzy/fqigDGCCkCU.jpg
김원식 oppicial,UCGzSHBZfTka6CxoObbCgGfg,rZUXEZIAGU4,"조다현의 반려동물들(도마뱀,김원식)","다현이가 키우는 동물들이 잇어서 보여드릴게여
엄청 귀엽습니다",2026-03-22T11:19:47Z,,22,ko,PT8M3S,2d,hd,false,126993,2024,0,414,public,youtube,True,False,"https://en.wikipedia.org/wiki/Lifestyle_(sociology),https://en.wikipedia.org/wiki/Pet",https://i.ytimg.com/vi/rZUXEZIAGU4/maxresdefault.jpg,thumbnails/김원식oppicial/rZUXEZIAGU4.jpg
장보심 jangbosim,UCMBkzMdeGMGQkzD_2KLWmXQ,_v_UhZSL4xQ,[섞어서 굽기만 하면 완성] 꾸~덕하고 진한 '초코 테린느',"영상이 도움이 되거나, 재미있게 보셨다면 '구독&좋아요'를 눌러주세요! 

생초콜릿보다는 꾸덕하고 갸토쇼콜라보다는 부드러운
‘쵸코 테린느’를 만들어 보았습니다.
재료를 잘 섞어서 굽기만 하면 되니 초콜릿 좋아하는 분들은 꼭 만들어 보세요!!



*재료*
다크 커버춰 초콜릿 180g
버터(무염) 80g
달걀 2개
생크림 90g
설탕 35g(초콜릿에 따라 30~40g)
소금 두 꼬집
럼주 1Ts(생략 가능, 다른
쿠가당 코코아 파우더 약간

*초콜릿과 버터를 중탕할 때 너무 높은 온도가 되지 않도록 해주세요
45~50도가 적당
*수증기가 물이 튀어서 들어가지 않도록 주의합니다
*생크림은 끓지 않고 거품이 살짝 올라오기 시작하는 따뜻한 정도로만 데워주세요
(전자레인지에서 조금씩 끊어서 확인하며 데워주세요)
*달걀과 초콜릿의 온도 차가 많이 나면 안됩니다
초콜릿+버터 40도 정도 달걀 + 생크림이 35도 정도일 때 섞으면 좋습니다.
*거품기로 저을 때 공기가 들어가지 않도록 바닥에 붙여서 섞어주세요
*냉장고에서 숙성 시간안 최소 4시간 이상으로 해주세요.
(하루 정도가 더 맛있어요)
*유통기간은 냉장 보관 시 3~4일 밀봉하여 냉동 보관의 경우 2~3주 정도입니다




인스타그램 https://www.instagram.com/jang_bosim/


Oneul -    • 내 영혼의 따뜻한 수프 (Tomato Soup) | 
https://www.youtube.com/watch?v=YykqogmOEec


#초코테린느 #테린느 #테린느쇼콜라",2026-03-11T10:59:37Z,"테린느,테린트,초코테린느,쵸콜릿,테린느쇼콜라,발렌타인데이,화이트데이,쵸코테린느",26,ko,PT5M56S,2d,hd,true,260,12,0,1,public,youtube,False,False,"https://en.wikipedia.org/wiki/Food,https://en.wikipedia.org/wiki/Lifestyle_(sociology)",https://i.ytimg.com/vi/_v_UhZSL4xQ/maxresdefault.jpg,thumbnails/장보심jangbosim/_v_UhZSL4xQ.jpg
아브라함커피TV,UCAO9xCUicBwWCBs9rrXKi2w,YYNDI6PVcCY,커피쟁이라면 무조건 살 수 밖에 없는 아이템! 와블리스 올인원 핸드드립 SET,"[ 네고대장 공동구매 ]
★구매링크 : https://abrahamcoffee.com/product/%EB%84%A4%EA%B3%A0%EB%8C%80%EC%9E%A5-%EA%B3%B5%EB%8F%99%EA%B5%AC%EB%A7%A4-%EC%99%80%EB%B8%94%EB%A6%AC%EC%8A%A4-%EC%98%AC%EC%9D%B8%EC%9B%90-%ED%95%B8%EB%93%9C%EB%93%9C%EB%A6%BD%EC%84%B8%ED%8A%B8/536/category/87/display/1/

행복한 커피 한 잔이 필요한 순간,
이제 언제 어디서든
“카페급 핸드드립” 을 즐길 수 있게 되었습니다.

[ 와블리스 올인원 핸드드립 SET ]
“핸드드립의 모든 것을 하나에 담은 휴대용 올인원 세트”

단순한 휴대용이 아닙니다.
상상만 하던 구성이 현실이 되었습니다.
카페급 핸드드립 환경을 압.축.한 올인원 세트...!

✔ 드리퍼, 프리미엄 핸드밀, 드립포트, 서버, 필터, 원두통, 청소솔까지
✔ 단 하나의 파우치에 모두 담아 여행·캠핑·차량 어디서든 OK
✔ 아브드립, 오버푸어, 다인분 추출까지 상황에 따라 다양하게 가능

💡 세부 특징💡
1️⃣ 프리미엄 핸드밀
144단계 초정밀 분쇄, 35g 원두 투입
미분 분포 안정적 → 밸런스 & 바디감 완벽

2️⃣ 변신형 드리퍼
V60 / W60 두 가지 추출 방식 지원
접이식 실리콘 구조 → 휴대성 극대화

3️⃣ 드립포트 + 원두통
초정밀 가는 노즐 → 점드립 / 정드립까지 가능
내부 원두 보관 통 → 공간 활용 극대화

4️⃣ 서버 + 컵 일체형
바로 컵으로 즐기기 → 실용성과 감성 동시 만족

5️⃣ 필터 + 청소솔까지 완비
빠진 구성 없이 한 세트로 끝!

💡추천 대상💡
- 여행·캠핑에서도 포기 못하는 커피 매니아
- 홈카페를 제대로 즐기고 싶은 분
- 장비는 좋은데 휴대가 불편했던 분
- 한 번에 끝나는 올인원 세트를 찾는 분

─────────────
[ 네고대장 EVENT ]

✔ 소비자가 166,000원
✔ 이벤트가 125,000원 → 약 25% 할인
✔ 500대 한정, 10일간 진행 (3/28~4/6)

※ 수량 소진 시 즉시 종료 ※
─────────────
핸드드립을 제대로 즐기고 싶으신 분들
“카페급 핸드드립 추출을 단 하나의 파우치로 휴대한다”는 경험.

딱 상상하던 완벽한 핸드드립 올인원 구성..!
이미 많은 분들이 기다리던 구성이라
조기 완판 가능성 매우 높습니다...!

🚨 결론 🚨

딱 상상하던 완벽한
핸드드립 올인원 구성입니다...!

🛒 구매 타이밍은 바로 지금입니다!!
✔ 고민하는 순간, 수량은 줄어듭니다
✔ 완판 전에 반드시 확보하세요

행복한 커피 생활 되세요 ☕
행커~!",2026-03-28T05:00:00Z,"아브라함커피,커피,카페,핸드드립,에스프레소,커피강의,커피레슨,바리스타교육,커피머신,abrahamcoffee,레시피,음료레시피,부산카페,영도카페,커피여행,리뷰대장,네고대장,와블리스 올인원 핸드드립 세트,핸드드립 세트 파우치",26,ko,PT19M7S,2d,hd,false,291,18,0,1,public,youtube,True,False,"https://en.wikipedia.org/wiki/Food,https://en.wikipedia.org/wiki/Lifestyle_(sociology)",https://i.ytimg.com/vi/YYNDI6PVcCY/maxresdefault.jpg,thumbnails/아브라함커피TV/YYNDI6PVcCY.jpg
헤이 주디 Hey Judy Eats,UCKOBBEXO5hVF-UnuZhkik8g,bAGved5_KOM,버터떡 최대 몇개?🧈🔥상하이버터떡 꿀조합 두바이초코버터떡 아이스크림 sns디저트 먹방 리얼사운드 BUTTER RICE CAKE BREAD MUKBANG ASMR,"안녕하세요 여러분~! 주디에요💜

오늘은 요즘 SNS 유행 디저트, 상하이 버터떡을 가져왔습니다~!

카페 별로 비교도 해볼 겸 여러군데에서 사와서
약 20개(?) 버터떡 산더미를 맹글어 보았는데요,,🧈

사실 이건 찍을 생각이 없었거든요?
그냥 요즘 알고리즘에 많이 뜨니까 맛이나 보자 하고
궁금해서 시켜먹어 봤다가 완전 빠져버렸지 모에요..?

자꾸 손이 가고 막,, 다음 날도 또 생각나고,,
이건 영상 안 찍을 수가 없겠더라구요^_^

맛있게 보셨다면 구독과 좋아요, 알림설정
그리고 댓글도 많이 남겨주시면 더욱 큰 힘이 된답니다..😍

오늘도 너무너무 잘 먹었고,
늘 여러분의 밤이 걱정 없고 평안하길 바랄게요🙏

《 메뉴 & 가격 》
✔ [홀리앤졸리] 상하이 버터떡(4pcs) 6,800원
✔ [롤데이베이커리] 상하이 버터떡(2pcs) 3,200원
✔ [새들러하우스] 발로나 초코 버터떡(5pcs) 9,500원

──────────
⭐Instagram : https://www.instagram.com/heyjudy_eats/
▶ YouTube : https://youtu.be/heyjudy_eats
🎵 https://www.tiktok.com/@heyjudy_eats
──────────

Hello, every one~! I'm Judy 💜

Today, I brought ""Shanghai Butter Tteok,"" a dessert that's popular on SNS these days!

I wanted to compare each cafe, so I bought it from several cafes.
I ate a total of 20(?) butter rice cakes stacked like a mountain. 🧈

In fact, at first, I didn't intend to film Butter Rice Cake.
Then one day, I was suddenly curious and ordered delivery, and then I fell in love with this 😭❤

It was a taste that I kept trying, and it reminded me of the next day,,
So I couldn't help but shoot a video. ^_^

If you enjoyed this video, please subscribe,
like, turn on notifications,
and leave a comment. It's a huge help. 😍

I had a wonderful meal today,
and I hope you all have a peaceful and worry-free night🙏

《 Menu & Price 》
✔ [Holly & Jolly] Shanghai Butter Rice Cake(4pcs) ￦6,800
✔ [Roll Day Bakery] Shanghai Butter Rice Cake(2pcs) ￦3,200
✔ [Saddler Haus] Valrhona Chocolate Butter Rice Cake(5pcs) ￦9,500

──────────

#상하이버터떡 #버터떡asmr #유행디저트
#crispysound #crunchysound #realsound
#モッパン #eatingsounds #eatingshow
#mukbangkorean #koreanmukbang
#asmreating #koreanfood",2026-03-26T14:55:01Z,"폭식,와구와구,우걱우걱,배고파,big bites,먹방브이로그,asmr먹방,먹방asmr,초코버터떡,두바이초코,두바이 버터떡,두바이초코 버터떡,korean dessert,디저트먹방,버터떡먹방,버터떡,버터빵,주디먹방,주디asmr,디저트,mukbang,sweets,butter rice cake,butter,crispy,黄油年糕,두쫀쿠,食べる音,大食い,빵먹방,빵 먹방,no talking,노토킹,겉바속쫀,먹방유튜버,butter bread,두바이쫀득쿠키,상해 버터떡,bread asmr,bread mukbang,rice cake,떡 먹방,두바이초콜릿,엑설런트,아이스크림 먹방,icecream,cream asmr,크림asmr,버터asmr,butter asmr,중국먹방,상하이먹방,중국디저트,디저트asmr,디저트폭식,당폭식,버터떡만드는법,유행음식,기름떡,까눌레,asmr,리얼사운드,먹방사운드,パン,バター,餅,面包,버터떡레시피,버터떡만들기,吃货秀",22,ko,PT14M5S,2d,hd,true,3908,166,0,20,public,youtube,True,False,"https://en.wikipedia.org/wiki/Food,https://en.wikipedia.org/wiki/Lifestyle_(sociology)",https://i.ytimg.com/vi/bAGved5_KOM/maxresdefault.jpg,thumbnails/헤이주디HeyJudyEats/bAGved5_KOM.jpg
골든 글로우  Golden glow ,UCRqECJwcH6yvuPvYu0Q7hsg,DCKi5BM38Io,이거 너무 맛있잖아!! 실패없이 감칠맛 완전 끝내주는 맛있는 떡볶이 만드는 방법!!,"언제 먹어도 맛있는 떡볶이!!
감칠맛 확 올려주는 새우와 쫄깃한 오징어를 넣어
더 맛있는 해물떡볶이에요~

치즈의 풍미가 더해져 
더 찐~한 감칠맛이 느껴진답니다.

그럼 맛있게 드시고 행복한 나날 되세요~
시청해 주셔서 감사합니다~ 😊

*만드는 순서 (챕터 )
00:05 재료준비
00:13 국물만들기(양념)
00:25 재료 넣고 끓이기
00:40 면 넣기 (+치즈)

💌영상 편집하면서 ""다진 마늘 1/2큰술"" 들어간
장면이 짤렸어요 ㅜㅜ;;;; 참고해 주세요~😅

(해물떡볶이 만들기)

🥕레시피 재료

​떡볶이떡 2컵 ( 250g )
대파 1/2대
양배추 두줌 ( 80g )
오징어 한줌 ( 85g )
새우 한줌 ( 100g )
어묵 1장 ( 75g )
라면사리 1

​
🥕양념소스

설탕 1큰술
고춧가루 1큰술
맛술 2큰술
간장 1큰술
굴소스 1큰술
올리고당 1큰술
​고추장 1.5큰술 
체다치즈 1장
다진 마늘 1/2큰술 

물 3컵반 ( 650 ml)

​

*계량 기준
1큰술(1T) = 어른 밥숟가락 1
1작은술(1t) =  티스푼 1

▶비지니스 문의 : kmhkis@naver.com

영상 속 사용한 제품 정보는 
아래 링크 걸어 두었어요.😊

주방칼
https://ozip.me/pyTDKwg?af

(쿠팡 파트너스,오늘의 집 큐레이터 활동의 
일환으로, 이에 따른 일정액의 수수료를 
제공받을 수 있습니다.)



🚫영상의 2차 편집 및 무단 사용을 금지합니다.",2025-01-16T07:00:08Z,"간단한 한끼,간단요리,자취요리,집밥,집밥 레시피,집밥레시피,골든글로우,골든 글로우,해물 떡볶이,해물 떡볶이 만드는 방법,해물떡볶이,해물 떡볶이 만드는 법,#해물치즈떡볶이,#해물떡볶이 레시피,#해물떡볶이 만드는법,꾸덕한 떡볶이,떡볶이 레시피,떡볶이 황금레시피,떡볶이,떡볶이 만들기,떡볶이 만드는 법,떡볶이 양념,맛있는 떡볶이,맛있는 떡볶이 레시피,매운 떡볶이,매운떡볶이 만들기,떡볶이 소스,꾸덕한 떡볶이 만들기,떡볶이 양념장 만들기,떡볶이레시피,국물떡볶이,떡볶이맛있게만드는법,떡볶이만들기",26,ko,PT1M9S,2d,hd,true,762,33,0,4,public,youtube,True,False,"https://en.wikipedia.org/wiki/Food,https://en.wikipedia.org/wiki/Lifestyle_(sociology)",https://i.ytimg.com/vi/DCKi5BM38Io/maxresdefault.jpg,thumbnails/골든글로우Goldenglow/DCKi5BM38Io.jpg
노모어피자,UC52-_r6ABNonw0UURJmla7A,Eym1aF1C9hY,[노모어피자X에스파] 광고 촬영 메이킹 필름🎬,"트렌디한 맛의 대표주자 노모어피자와
트렌드의 아이콘 에스파의 만남!

눈이 재밌고 입이 재밌어요...♥️

노모어피자 광고 촬영 현장에서
에스파's PICK 피자를 공개합니다🤲

어떤 피자를 선택해도 우리가 원했던 피자!
Anything more? No more! 






#nomorepizza #노모어피자 #에스파 #aespa #카리나 #지젤 #윈터 #닝닝",2026-03-13T01:59:52Z,"피자창업,피자,pizza,소자본창업,창업준비,창업아이템,요식업창업,피자창업비용,nomorepizza,노모어피자",22,ko,PT2M23S,2d,hd,false,10053,1090,0,50,public,youtube,False,False,https://en.wikipedia.org/wiki/Entertainment,https://i.ytimg.com/vi/Eym1aF1C9hY/maxresdefault.jpg,thumbnails/노모어피자/Eym1aF1C9hY.jpg
영종맘 - 안여사네,UCQE9yvnfE0KP8LCfPYfyd0g,ZgY2bhor7Dk,🥬 더부룩할 걱정은 NO! | 초간단 물김치 #레시피 #유산균 #발효음식 ,"안녕하세요~
오늘은 안여사의 물김치 레시피를 가져왔어요!

안여사가 좋아하는 하나로마트가 있는데요~
영종도에서 40분 거리지만 즐겨찾는 곳이예요~ 
신선한 우리 농산물을 합리적인 가격에 구매할 수 있고
규모가 커서 구경하는 재미가 있으니
구독자님들도 [ 📍하나로마트 고양점 ] 방문해보세요^^

오늘의 방문 목적은 '🥬물김치' 재료 사기!
저도 먹기만 했지 엄마가 만드시는 모습은 처음 봤는데 
너무 간단해서 깜짝 놀랐습니다 😅
만드는 건 간단하지만 
맛은 절대 그렇지 않은 안여사만의 물김치 레시피! ㅎㅎ

여러분도 한번 보시고 따라 만들어 보세요~!
저희집의 소화를 책임 진답니다 ㅎㅎ 

🛒 준비 재료
• 대관령 절임배추 10kg, 제주 무 1개, 배 2개, 쪽파 적당량
• 양념: 찹쌀가루 1/2컵, 물 1L (풀용), 추가 희석용 물, 
   다진 마늘 2큰술, 다진 생강 1큰술, 소금(간 조절용)
• 도구: 휴롬(착즙기), 거름망 또는 채반, 김치통

[ 만드는 법 ]
1. 재료 밑준비
• 절임배추 10kg은 채반에 받쳐 물기를 충분히 빼줍니다.
• 찹쌀풀 만들기: 
   물 1L에 찹쌀가루 1/2컵을 풀어 풀을 쑨 뒤, 식혀둡니다.
2. 천연 육수(즙) 만들기
• 제주 무 1개와 배 2개를 휴롬에 넣어 즙을 낸 후, 
   거름망에 한 번 더 걸러 맑은 즙만 준비합니다.
• 양념 우려내기: 
   다진 마늘 2큰술과 다진 생강 1큰술은
   채반이나 거름망에 넣어 즙에 향이 배도록 우려냅니다.    
  (건더기 없이 깔끔한 국물을 만드는 비결입니다.)
3. 김치 국물 완성하기
• 식혀둔 찹쌀풀에 적당량의 물을 섞어 희석합니다.
• 준비한 무·배즙과 마늘·생강 우린 물을 모두 섞은 뒤, 
   소금으로 입맛에 맞게 최종 간을 합니다.
4. 담금 및 보관
• 김치통에 물기를 뺀 배추와 쪽파를 켜켜이 쌓아 담습니다.
• 만들어둔 액기스(국물)를 배추가 잠길 정도로 넉넉히

• 실온에서 2-3일 정도 보관후
   냉장고로 옮겨 일주일 정도 더 숙성시키면 
   맛있는 상태가 됩니다.

오늘도 즐겁게 봐주시고 
좋아요 구독 댓글 많이 많이 부탁드립니다❤️",2026-03-20T02:29:13Z,,22,ko,PT8M43S,2d,hd,false,10664,141,0,15,public,youtube,True,False,"https://en.wikipedia.org/wiki/Food,https://en.wikipedia.org/wiki/Lifestyle_(sociology)",https://i.ytimg.com/vi/ZgY2bhor7Dk/maxresdefault.jpg,thumbnails/영종맘-안여사네/ZgY2bhor7Dk.jpg
농사기술센터,UCEWt7ifi8C0dP47z1k166hw,WwF2VbN66uI,기후위기시대 사과생리장해 극복을 위한 항산화재배,,2026-03-15T08:49:14Z,,22,ko,PT9M2S,2d,hd,false,2365,63,0,3,public,youtube,True,False,,https://i.ytimg.com/vi/WwF2VbN66uI/hqdefault.jpg,thumbnails/농사기술센터/WwF2VbN66uI.jpg
지미테이블 jimmytable,UCkahcTbfqg3HZ0EHyi356AQ,moEFhXC2IVI,"#106 | 이번주부터 시작해보세요🩷 2인 부부집밥🍚 | 냉이바지락파스타,주꾸미볶음,냉이소고기된장찌개,전기밥솥콩나물밥,소고기버섯하이라이스 | 마켓컬리장보기","이제 또 3월이 시작되었어요🌸
이번주에는 봄까지 쭈욱 제철인 냉이로 두가지 메뉴,
매콤한 거 땡길 때 배달메뉴를 대신할 주꾸미볶음
너무너무 쉬운 전기밥솥 콩나물밥과 하이라이스 준비했어요
맛있게 드시고 낭비되는 한주 식비 잡아보세요!😊
  


⏰타임라인 (2인분 레시피 기준)
00:00 메뉴 미리보기
00:14장바구니 목록 / 사용한 재료 양
00:23 day1 냉이바지락 오일파스타
02:04 day2 주꾸미볶음
03:51 day3 냉이소고기된장찌개
05:16 day4 전기밥솥콩나물밥
06:21 day5 소고기버섯하이라이스

🥕106주차 마켓컬리  장보기
[kim’s butcher] 호주산 소고기 샤브샤브 500g, 12,990원 https://lounge.kurly.com/link/DrYk-HqWY
무항생제 1등급 한돈 다짐육 300g, 4,980원 https://lounge.kurly.com/link/GzoK-dYLi
[kf365] 참타리 버섯 200g, 1,690원 https://lounge.kurly.com/link/SxGi-uHHK
[팜송] 한끼 깻잎 30g, 1,990원 https://lounge.kurly.com/link/HUaj-EbiZ
[kf365] 참바지락 500g, 4,980원 https://lounge.kurly.com/link/dmvZ-XjMg
냉이 150g, 5,990원 https://lounge.kurly.com/link/RyfA-iokg
[바른생선] 손질 주꾸미 700g, 14,900원 https://lounge.kurly.com/link/zbmq-RHPA
[kf365] 무농약 국산콩 콩나물 300g, 1,590원 https://lounge.kurly.com/link/oGfr-mIJk
[에스앤비] 하이라이스 160g, 4,380원 https://lounge.kurly.com/link/ribV-ivvS 
총 53,490원
+ 그 외 재료 : 대파, 양파, 고추, 마늘, 김치, 파스타면, 버터(생략ㅇ)
*컬리 큐레이터의 일환으로, 위 링크로 구매시 일정액의 수수료를 제공받습니다.


💟[5만원 5일 집밥] 책으로 만나보세요 ! 
▶ 교보문고 https://gilbut.co/c/24105560YI 
▶ 예스24 https://gilbut.co/c/24106205GI 
🏷️ 오프라인 서점에서도 구입하실 수 있습니다.


#집밥브이로그 #쉬운레시피 #식비절약 #마켓컬리장보기",2026-03-02T08:00:48Z,,22,ko,PT7M49S,2d,hd,false,8340,112,0,21,public,youtube,True,False,"https://en.wikipedia.org/wiki/Food,https://en.wikipedia.org/wiki/Lifestyle_(sociology)",https://i.ytimg.com/vi/moEFhXC2IVI/maxresdefault.jpg,thumbnails/지미테이블jimmytable/moEFhXC2IVI.jpg
짱아남매 : 요똥이의 요리성장기,UCbOz826iZO71okvn0DRBt4Q,JdjmL9-7dJA,분식집 라볶이 황금레시피!!,"분식집 라볶이 황금레시피 

[재료]
라면(2봉),밀떡(150g정도),어묵6장(좀 줄이셔도 돼요),물800ml,양파,양배추,대파,삶은달걀,쪽파,통깨

[양념장재료]
고추장2스푼,고춧가루3스푼,설탕3스푼,물엿2스푼,진간장1스푼,카레가루1/2스푼,다시다1/2스푼

[라볶이(2~3인분) 만드는 법]
▪밀떡은 물에 가볍게 세척해서 준비합니다
▪양파는 채썰고, 양배추는 크게크게, 대파는 송송 썰어줍니다
▪라볶이 양념장을 만듭니다(고추장2스푼,고춧가루3스푼,설탕3스푼,물엿2스푼,진간장1스푼,카레가루1/2스푼,다시다1/2스푼)
▪팬에 기름을 두르고,양념장을 먼저 살짝 볶아주세요
▪물800ml넣고, 밀떡(미리 해동해주세요),어묵,썰어놨던 야채를 넣어서 센 불에 먼저 끓여주세요
▪라면사리를 넣고 3분 더 끓여주면 됩니다
▪후추 약간 뿌려주고, 삶은달걀,쪽파,통깨 까지 올려주면 라볶이 완성입니다

----------------------------------------------------------------
🎵Music provided by 브금대통령
🎵Track : 붕어빵 - https://youtu.be/Id_qRi0WjAY
----------------------------------------------------------------


#요똥이의요리성장기#짱아남매#라볶이#라볶이황금레시피#떡볶이레시피#떡볶이황금레시피#분식메뉴#주말메뉴#분식집라볶이",2025-05-29T10:56:27Z,,26,ko,PT3M36S,2d,hd,false,1982,15,0,4,public,youtube,True,False,"https://en.wikipedia.org/wiki/Food,https://en.wikipedia.org/wiki/Lifestyle_(sociology)",https://i.ytimg.com/vi/JdjmL9-7dJA/maxresdefault.jpg,thumbnails/짱아남매요똥이의요리성장기/JdjmL9-7dJA.jpg
와인여신 _Wine Goddess,UCUGOEAzA0OxeWzPS6T1giCQ,QQOuKikxs4M,전문가가 뽑은 배달 음식과 가장 잘 어울리는 편의점 와인은 뭘까?(4월 한 달 특별한 가격으로),"안녕하세요 와인여신입니다.

오늘은 전문가분들과 함께 뽑은 한식, 중식, 치킨과 잘어울리는 와인 6종을 선별해 봤어요.

00:00 오프닝
01:40 신퀀티나
03:05  라파우라 불파독 소비뇽블랑
04:35 모젤란드 아방 가르데
06:30 틴테로 소리 그라멜라 모스카토
07:45 뵈브암발 크레망 그랑 뀌베브뤼
08:40 닥터헤르만 리슬링
09:09 4월행사소개
09:50 시음
13:00 마무리

자세한 행사품목과 내용은 고정댓글 참고해주세요!",2026-03-24T10:00:41Z,"#gs25,#편의점와인,#편의점와인추천,#배달음식와인,#배달음식,#한식페어링,#치킨와인",22,ko,PT13M36S,2d,hd,false,3064,109,0,46,public,youtube,True,False,"https://en.wikipedia.org/wiki/Food,https://en.wikipedia.org/wiki/Lifestyle_(sociology)",https://i.ytimg.com/vi/QQOuKikxs4M/maxresdefault.jpg,thumbnails/와인여신_WineGoddess/QQOuKikxs4M.jpg
와인이야기,UCxRgHV7dt9HNUDx227OA5PA,5p5HaPYGfOs,"돔페 보다 좋고, 크룩 보다 낫다 ""듀발 르로이 팜 드 상파뉴"" 프랑스 치즈 & 브레드 즐겨봅시다 l ep.164","-------------------------------------
📱 인스타그램 : https://www.instagram.com/winebrothersyt
💌 비즈니스 메일 : winebrothersYT@gmail.com
-------------------------------------
#야니스페랄 #기욤패트리 #와인채널 #소믈리에 #고급와인 #와인페어링 #한식페어링 #한식먹방 #와인먹방 #술먹방 #레스토랑에빗 #와인추천",2026-03-26T09:00:09Z,"#와인,#와인이야기,#기욤,#야니스,#명품와인,#가성비와인,#wine,#비싼와인,#싼와인,#페트뤼스,#Petrus,#보르도와인,#보르도,bordeaux,#프랑스와인,#미국와인,#디캔팅,#디캔터,#샤르도네,#풀바디와인,#피노누아,#음식페어링,#와인페어링,#페어링,#소비뇽블랑,#sauvignonblanc,#whisky,#champagne,와인추천,샴페인추천,야니스페랄,기욤패트리,소믈리에,와인테이스팅,와인시음,와인꿀팁,레드와인,화이트와인,로제와인,샴페인,#yanisferal,#guillaumepatry,와인먹방,술먹방,한식페어링,와인페어링,레스토랑에빗,편의점와인,미슐랭스타",22,ko,PT15M25S,2d,hd,false,4621,152,0,20,public,youtube,True,False,"https://en.wikipedia.org/wiki/Food,https://en.wikipedia.org/wiki/Lifestyle_(sociology)",https://i.ytimg.com/vi/5p5HaPYGfOs/maxresdefault.jpg,thumbnails/와인이야기/5p5HaPYGfOs.jpg
오르막길,UCGloQUvVcQ5UNMcpmyhkW_Q,vDoJZ7ZablU,식당 알바 끝나고 차려 먹는 일주일 3만원 밥상,"안녕하세요
시청해 주셔서 감사합니다
구독과 좋아요 부탁 드려요!

식당 알바 끝나고 차려 먹는 일주일 3만원 밥상

#1인가구 
#월급날",2026-03-24T11:19:26Z,"#오르막길,1인가구,식비절약,자취요리,집밥요리,짠순이,절약브이로그,30대여자,백수,대인기피증,불안장애,사회공포증,취업,요리브이로그,집밥먹방,알바브이로그",22,ko,PT9M32S,2d,hd,false,77601,4197,0,327,public,youtube,False,False,"https://en.wikipedia.org/wiki/Food,https://en.wikipedia.org/wiki/Lifestyle_(sociology)",https://i.ytimg.com/vi/vDoJZ7ZablU/maxresdefault.jpg,thumbnails/오르막길/vDoJZ7ZablU.jpg
지니킴,UCUaiiABtCRBTzU7MHSzaReA,2iqtQ1g1WTI,브리오슈로 소보로빵 만들다가 낭테르까지 해버린...,"오늘은 브리오슈 소보로빵 만들기! +브리오슈 낭테르 🍞

타임라인
DAY 1
00:00 재료 소개 시작!
00:49 반죽
02:36 반죽 정리
02:55 발효
03:02 펀칭
04:35 저온 발효

DAY2
05:07 반죽 꺼내기
05:27 분할
05:49 둥글리기
06:16 중간 발효
06:29 소보로 콤보 만들기!
07:43 소보로 개는 법
09:08 소보로 찍기
10:51 최종 발효
11:07 브리오슈 낭테르
12:17 소보로 발효 상태
12:35 소보로빵 굽기
13:18 소보로빵 완성
13:43 브리오슈 낭테르 발효 상태
13:48 낭테르 굽기
14:17 낭테르 완성
14:23 먹어보며 마무리~",2026-03-26T12:58:16Z,"브리오슈,소보로,소보로빵,낭테르,브리오슈 낭테르,빵,홈베이킹,부드러운 빵,레시피,홈베이커,지니킴,빵지순례,빵순이,빵먹자,빵집투어,브리오슈 레시피,클래식 브리오슈,brioche,brioche nanterre,식빵,brioche recipe,handmade,homemade,baking,bread,soft bread,soboro,korean bread,zinikim,pastry chef",22,ko,PT15M57S,2d,hd,true,4251,178,0,41,public,youtube,True,False,"https://en.wikipedia.org/wiki/Food,https://en.wikipedia.org/wiki/Lifestyle_(sociology)",https://i.ytimg.com/vi/2iqtQ1g1WTI/maxresdefault.jpg,thumbnails/지니킴/2iqtQ1g1WTI.jpg
진용이,UCujcx0yaAq5clbDlrIPc7Yg,B9IUaXOSuaw,위내시경 '쌩'으로 받으면 벌어지는 일 (44세 노총각 실화)양배추라면 맛 실화냐,"일인가구 82년생 아저씨의  일상 브이로그입니다~
각종문의 samun016@naver.com 으로 보내주세요~ :)

인신공격 선동채팅 갑질채팅  무개념채팅 비하발언 악플등에 대해서는 예고없이 제재조치  하겠습니다.

#진용이",2026-03-23T08:30:12Z,"진용이,노총각,혼밥,브이로그,일인가구,대전,자취요리,간단요리,레시피,양배추라면",22,ko,PT11M37S,2d,hd,false,9043,356,0,84,public,youtube,True,False,"https://en.wikipedia.org/wiki/Food,https://en.wikipedia.org/wiki/Lifestyle_(sociology)",https://i.ytimg.com/vi/B9IUaXOSuaw/maxresdefault.jpg,thumbnails/진용이/B9IUaXOSuaw.jpg
세오의 일본살이,UCW93TxguFksJh7K4gZL6UqA,ZXWOO837PHc,일본 로손에서 사가면 진짜 이득일 거 같은 쇼핑리스트 10가지,"일본 로손에서 사가면 진짜 이득일 거 같은 쇼핑리스트 10가지


。 인스타그램
*인스타로 궁금한 점 물어보세요! 아는 선에서 답변드릴게요❣️
https://www.instagram.com/jptripseo

#일본여행 #일본쇼핑

일본편의점 | 로손 | 일본로손 | 일본편의점추천 | 일본편의점음식 | 일본여행편의점 | 일본편의점먹방 | 일본편의점리뷰 | 일본여행추천 | 일본여행맛집 | 로손추천 | 로손간식 | 로손디저트 | 일본편의점꿀템 | 일본편의점투어 | 일본여행브이로그 | 일본여행정보 | 도쿄편의점 | 일본여행팁 | 일본여행필수 | 세오일본편의점 | 세오의일본살이 | 세오의도쿄쇼핑 | 세오일본편의점쇼핑",2026-03-26T01:41:00Z,"일본편의점,로손,일본로손,일본편의점추천,일본편의점음식,일본여행편의점,일본편의점먹방,일본편의점리뷰,일본여행추천,일본여행맛집,로손추천,로손간식,로손디저트,일본편의점꿀템,일본편의점투어,일본여행브이로그,일본여행정보,도쿄편의점,일본여행팁,일본여행필수,세오일본편의점,세오의일본살이,세오의도쿄쇼핑,세오일본편의점쇼핑",19,ko,PT8M4S,2d,hd,true,6194,133,0,17,public,youtube,True,False,"https://en.wikipedia.org/wiki/Food,https://en.wikipedia.org/wiki/Lifestyle_(sociology)",https://i.ytimg.com/vi/ZXWOO837PHc/maxresdefault.jpg,thumbnails/세오의일본살이/ZXWOO837PHc.jpg
굿맨비뇨기과,UC9iTPYMRC9zysa_ifKiSX2g,E_VklGI39ns,대구맛집 비슷한 돈이면 어디 갈래? 오마카세 vs 오마카세 vs 대게,#대구맛집 #스시오마카세 #대게,2026-03-14T12:59:36Z,,22,ko,PT7M42S,2d,hd,false,4052,66,0,62,public,youtube,True,False,"https://en.wikipedia.org/wiki/Food,https://en.wikipedia.org/wiki/Lifestyle_(sociology)",https://i.ytimg.com/vi/E_VklGI39ns/maxresdefault.jpg,thumbnails/굿맨비뇨기과/E_VklGI39ns.jpg
세븐일레븐 I 7-Eleven Korea,UCt_ArME66SzU7I1IgQWHDDA,1EyYTazpL3Y,후덕죽 셰프도 아는 후덕죽 사고부터 콜라보 비하인드까지?!👨‍🍳,"#세븐신상
👨‍🍳후덕죽 셰프도 아는 후덕죽 사고부터 콜라보 비하인드까지?!👨‍🍳
 
세븐일레븐에 찾아온 
중식계 대부 후덕죽 셰프👨‍🍳
 
후덕죽 사고에 대한 생각부터~
셰프가 소개해주는 콜라보 제품까지!
알찬 인터뷰 영상에서 확인해 주세요✨
 
같이 후덕죽 셰프의 요리를 먹고 싶은 친구에게 
인터뷰 영상을 공유해 주세요!
지금 바로 세븐일레븐에서 만나요❤️
 
후덕죽)중화불고기김밥🏷️3,600원
후덕죽)고기듬뿍고추잡채삼각🏷️1,900원
후덕죽)짬뽕고기볶음중화도시락🏷️5,500원(*2/3 출시)
 
🍯 세븐APP 활용 꿀팁 🍯
✔ 매일 당일픽업 할인 쿠폰 챙기기
✔ 신상 핫템은 '재고찾기'로 미리 확인하고 방문하기
 
#세븐일레븐 #후덕죽",2026-01-26T09:00:04Z,"세븐일레븐,세븐신상,세븐일레븐편의점,편의점,후덕죽,후덕죽셰프,후셰프,휴면덕죽체,흑백요리사,흑백,흑백후덕죽,후덕죽흑백요리사,세븐일레븐콜라보,후덕죽콜라보,셰프콜라보",24,ko,PT5M12S,2d,hd,false,69748,1003,0,141,public,youtube,True,False,"https://en.wikipedia.org/wiki/Food,https://en.wikipedia.org/wiki/Lifestyle_(sociology)",https://i.ytimg.com/vi/1EyYTazpL3Y/maxresdefault.jpg,thumbnails/세븐일레븐I7-ElevenKorea/1EyYTazpL3Y.jpg
쿵맘,UCb8nDur5xUEH_CMjYCpWaDw,34gINywdBMI,두두타  키보드 asmr,,2026-03-08T15:07:06Z,,22,ko,PT31M35S,2d,hd,false,11,0,0,0,public,youtube,True,False,https://en.wikipedia.org/wiki/Video_game_culture,https://i.ytimg.com/vi/34gINywdBMI/maxresdefault.jpg,thumbnails/쿵맘/34gINywdBMI.jpg
제주에디 Jeju Eddy,UCmp61ap5-dkuBBaIjfrYdVQ,F6eQmEYmBRA,사람 많아지기 전에 다녀오세요! 제주도 1등 온천 후기,"* 성인 2인 99,000원 지불한 내돈내산 후기입니다.

제주도의 산방산 탄산온천, 아라고나이트 온천에 이어
새롭게 등장한 오레브 핫스프링 앤 스파!
제주도 최초로 국민보양온천 인증을 받은 곳인데요
과연 그만큼 비싼 입장료 값어치를 하는 곳일까요~?

♨️ 오레브핫스피링앤스파 ( https://naver.me/FoENe54G )
- 서귀포시 태평로 152 오레브핫스프링앤스파
- 영업시간 10시 ~ 22시

🚙 제주도 렌트카 저렴하게 예약하는 방법! '섬카'에서 예약하세요!
👉 https://www.sumcar.kr/
- 섬카에서 회원가입시 20% 할인 쿠폰 증정!
- 렌트카 예약시 추천인 코드에 '제주에디'를 입력하시면 5% 추가 할인!!
(섬카 파트너스 활동으로 추천인 코드 입력시 제가 소정의 수수료를 받습니다)

👣 에디의 한의원 👉🏻 https://naver.me/5dybinC8
👣 에디의 인스타그램 👉🏻 jejueddy
🤝 비즈니스/협업 문의 👉🏻 jst6607@naver.com

🎥 Camera 1 : 오즈모 포켓3 
🎥 Camera 2 : 오즈모 액션5 
🎥 Camera 3 : 인스타360 x5 
🎥 Camera 4 : 아이폰 17 프로 
🎥 Camera 5 : DJI Air 2 드론 
✂️ 편집 : Final Cut Pro X, Vrew
🎵 음악 : Epidemic Sound 
아래 링크로 가입시 에피데믹사운드 1개월 무료 이용이 가능합니다. https://share.epidemicsound.com/ezm8nc",2026-03-22T03:00:17Z,"제주도 여행,제주도 맛집,제주여행,제주맛집,제주도 맛집 베스트,제주도 맛집 추천,오레브핫스프링앤스파,오레브핫스프링,오레브온천,제주도 온천,제주 온천,제주도 탄산온천,산방산 탄산온천,제주도 온천 여행,제주도 수영장,제주 수영장,JW메리어트 제주",19,ko,PT9M33S,2d,hd,true,41366,615,0,47,public,youtube,True,False,"https://en.wikipedia.org/wiki/Food,https://en.wikipedia.org/wiki/Lifestyle_(sociology),https://en.wikipedia.org/wiki/Tourism",https://i.ytimg.com/vi/F6eQmEYmBRA/maxresdefault.jpg,thumbnails/제주에디JejuEddy/F6eQmEYmBRA.jpg
귀요미 먹방,UCzw2juHzkWe_LHesUMz2IVA,az_EHG4wngs,박우식 칼국수 먹방,#박우식 #칼국수 #먹방,2026-02-08T13:05:42Z,,22,ko,PT10M42S,2d,hd,false,45,0,0,0,public,youtube,True,False,"https://en.wikipedia.org/wiki/Food,https://en.wikipedia.org/wiki/Lifestyle_(sociology)",https://i.ytimg.com/vi/az_EHG4wngs/maxresdefault.jpg,thumbnails/귀요미먹방/az_EHG4wngs.jpg
kak seulgi 💛 어쩌다 인도네시아 ,UCA8mcfJOCYUNd9rcIH4f1Iw,B6KaBzO5EE8,Kak Seulgi Mau Coba Ketupat & Opor Ayam! Tapi Dapetnya di Mana?! 😳,,2026-03-26T03:00:17Z,,19,id,PT24M53S,2d,hd,false,24114,951,0,150,public,youtube,True,False,"https://en.wikipedia.org/wiki/Food,https://en.wikipedia.org/wiki/Lifestyle_(sociology),https://en.wikipedia.org/wiki/Tourism",https://i.ytimg.com/vi/B6KaBzO5EE8/maxresdefault.jpg,thumbnails/kakseulgi어쩌다인도네시아/B6KaBzO5EE8.jpg
Leplat  르쁠라,UCEGOcf_oGsSuswiQM5MyfhA,Ffs5beZUKAw,"감자 그라탕, 이렇게 하면 완전히 달라집니다.","대파를 넣으면 훨씬 더 깊어지는 감자 그라탕이에요.
겉은 바삭하게, 속은 크리미하게 완성되는 도피누아는
재료는 단순하지만 만드는 방식에 따라 맛이 크게 달라집니다.

대파는 겉으로 드러나진 않지만
오븐에서 천천히 익으면서 감자와 크림 사이에 스며들어
풍미를 훨씬 더 깊게 만들어줘요.
리옹에서도 대파와 소시지, 감자를 함께 사용하는 그라탕을 자주 먹었는데
그 기억을 떠올리며 만든 레시피입니다.

집에서 만들기 어렵지 않지만
완성되면 레스토랑 같은 맛이 나는 요리라
꼭 한번 만들어보시길 추천드려요.

오븐용기- Mauviel M'Heritage M'150 B Copper Oval Gratin Pan 30cm 
소스팬- Mauviel sauce pan M150b 16cm
만돌린- Gramercy Adjustable Mandoline Slicer",2026-03-25T08:04:18Z,"레시피,플레이팅,프렌치레시피,건강레시피,서양요리,건강식,다이어트,미슐랭스타일요리,초대요리,파티요리,감자그라탕,대파감자,그라탕도피누와,gratin dauphinois poireaux,gratin pommes de terre poireaux",26,ko,PT6M55S,2d,hd,false,7026,295,0,31,public,youtube,True,False,"https://en.wikipedia.org/wiki/Food,https://en.wikipedia.org/wiki/Lifestyle_(sociology)",https://i.ytimg.com/vi/Ffs5beZUKAw/maxresdefault.jpg,thumbnails/Leplat르쁠라/Ffs5beZUKAw.jpg
SyriSyri,UCcmfClzLKwv8zjSVLEpcGsA,XJ9O1ES3wxg,上班族翹班幹什麼？陪沈玩弘大！聖水博士(我)原來是弘大碩士？｜SyriSyri,"◆ ◆ ◆ about Syri ◆ ◆ ◆ 
Instagram⚡️syrinxcat https://www.instagram.com/syrinxcat/
Business contact 💌 heysyri@gmail.com
149cm小個子女孩選品企劃 SYRi PICK 🔗 https://www.syripick.com
Podcast🎙姐姐韓什麼

◆ ◆ ◆ 
每次play with 沈都好好玩
下次還會陪她玩什麼ㄋㄜ？🥰",2026-03-18T13:47:02Z,,22,zh-Hant,PT6M56S,2d,hd,false,4007,76,0,4,public,youtube,True,False,"https://en.wikipedia.org/wiki/Food,https://en.wikipedia.org/wiki/Lifestyle_(sociology)",https://i.ytimg.com/vi/XJ9O1ES3wxg/maxresdefault.jpg,thumbnails/SyriSyri/XJ9O1ES3wxg.jpg
한우자조금,UC7J5_YX7A-cm_kQYPlKRLvA,y4T2IJLoUk0,2025년 한우자조금 사업 활동 영상,"2025년은 제6기 한우자조금 임원진이 출범한 뜻깊은 한해였습니다. 
급변하는 대내외 환경에 맞춰 한우 농가의 경영안정,
한우 산업의 지속성장을 위한 한우자조금관리위원회의 노력과 세부활동 영상을 만나보실까요🔍",2026-03-18T05:33:09Z,,26,ko,PT10M31S,2d,hd,false,175,3,0,1,public,youtube,True,False,https://en.wikipedia.org/wiki/Food,https://i.ytimg.com/vi/y4T2IJLoUk0/maxresdefault.jpg,thumbnails/한우자조금/y4T2IJLoUk0.jpg
Candy DO Korean,UCBcNL2uRXr6J6vzm4tBhnBA,4EGJLknZC8c,"큰,중간 및 작은 접시 도전 | 주방 요령과 요리법 Candy DO","매우 흥미로운 일이 여러분을 기다리고 있습니다! 다양한 음식으로 도전을 시작해보세요!

친구들과 공유하십시오! 이와 같은 더 멋진 동영상을 보려면 YouTube 페이지인Candy DO Challenge를 구독하는 것을 잊지 마세요!

재미있고 맛있게 보세요!",2026-03-28T03:09:00Z,"challenge,challenges,prank,pranks,다 마,candydo,candy do,챌린지,음식 챌린지,funny,for 24 hours,24 hours,diy,craft,awkward",22,ko,PT26M39S,2d,hd,false,46,2,0,0,public,youtube,True,False,"https://en.wikipedia.org/wiki/Food,https://en.wikipedia.org/wiki/Lifestyle_(sociology)",https://i.ytimg.com/vi/4EGJLknZC8c/maxresdefault.jpg,thumbnails/CandyDOKorean/4EGJLknZC8c.jpg
만기TV_돌아온 톰과 제리,UC8-j9z9PNF698D1m--Hqcrw,LjLWZ8SKA0E,제리 장모의 깜박임 비상!! 톰 사위의 특급 운동 결과는?,"최근 부쩍 잦아진 제리 장모의  깜박임

톰 사위가 준비한두뇌 회전 특급 훈련

하지만…결국 터진 제리 장모

그리고 이어진충격 선언은???",2026-03-26T09:46:26Z,,22,ko,PT8M7S,2d,hd,false,70196,3456,0,223,public,youtube,True,False,"https://en.wikipedia.org/wiki/Entertainment,https://en.wikipedia.org/wiki/Television_program",https://i.ytimg.com/vi/LjLWZ8SKA0E/maxresdefault.jpg,thumbnails/만기TV_돌아온톰과제리/LjLWZ8SKA0E.jpg
굿맨비뇨기과,UC9iTPYMRC9zysa_ifKiSX2g,Kglogn7ywr4,대구맛집 이탈리안 1황. 형이 딱 정해준다. 개돼지들은 꼭 봐라,#대구맛집,2026-02-23T06:09:33Z,,22,ko,PT6M13S,2d,hd,false,5098,105,0,37,public,youtube,True,False,"https://en.wikipedia.org/wiki/Food,https://en.wikipedia.org/wiki/Lifestyle_(sociology)",https://i.ytimg.com/vi/Kglogn7ywr4/maxresdefault.jpg,thumbnails/굿맨비뇨기과/Kglogn7ywr4.jpg
한우자조금,UC7J5_YX7A-cm_kQYPlKRLvA,_hs974RwglY,2025 한우 국제 심포지움 4. 강기웅(우사랑동물병원 원장),송아지 맞춤형 인공포유 및 질병의 예방과 치료,2026-01-23T09:26:23Z,,26,ko,PT39M24S,2d,hd,false,2074,44,0,2,public,youtube,True,False,"https://en.wikipedia.org/wiki/Health,https://en.wikipedia.org/wiki/Knowledge",https://i.ytimg.com/vi/_hs974RwglY/maxresdefault.jpg,thumbnails/한우자조금/_hs974RwglY.jpg
세븐일레븐 I 7-Eleven Korea,UCt_ArME66SzU7I1IgQWHDDA,UgdJ3wWdq6U,☕새롭게 찾아온 세븐일레븐 SEVEN CAFE☕,"#세븐신상
☕새롭게 찾아온 SEVEN CAFE☕

새해엔 새로워진 세븐카페로 시작해 보세요🌞

원두부터 맛, 디자인까지 ALL NEW 세븐카페 등장🤎

프렌치 다크 로스팅으로 고소함은 깊게, 단맛은 깔끔하게!

1월 한 달 동안 진행하는 세븐카페 리뉴얼 기념 이벤트도 즐겨보아요(❁´◡`❁)

📢오프라인 점포 행사
세븐카페 HOT 레귤러🏷️1,200원→900원

📢세븐일레븐 APP 행사
세븐카페 HOT 레귤러 구매 후,
APP 바코드 스캔 시 한 잔 더! (모바일 교환권 증정)

세븐카페 HOT 레귤러🏷️1,200원
세븐카페 ICE 레귤러🏷️1,800원

※ 브라질, 콜롬비아 원두 외 온두라스, 에티오피아, 과테말라, 코스타리카 원두 사용
※ 영상은 연출된 컷입니다.

✨세븐일레븐 앱 '매장찾기'에서 세븐카페 매장 확인 후 방문해 주세요!

#세븐일레븐 #세븐카페",2026-01-08T09:01:00Z,"롯데,LOTTE,세븐일레븐,SevenEleven,편의점,Convenience Store,코리아세븐,KoreaSeven,세븐카페,세븐일레븐커피,편의점커피,커피편의점,카페,아메리카노",24,ko,PT17S,2d,hd,false,134732,11,0,1,public,youtube,True,False,https://en.wikipedia.org/wiki/Lifestyle_(sociology),https://i.ytimg.com/vi/UgdJ3wWdq6U/hqdefault.jpg,thumbnails/세븐일레븐I7-ElevenKorea/UgdJ3wWdq6U.jpg
쿵맘,UCb8nDur5xUEH_CMjYCpWaDw,M0tAp6MpcFw,풀벌레소리 들으며 밤산책,#풀벌레소리 #풀벌레 #밤산책 #산책 #슬리퍼소리,2025-08-06T14:50:23Z,,22,ko,PT6M49S,2d,hd,false,57,0,0,0,public,youtube,True,False,,https://i.ytimg.com/vi/M0tAp6MpcFw/maxresdefault.jpg,thumbnails/쿵맘/M0tAp6MpcFw.jpg
아브라함커피TV,UCAO9xCUicBwWCBs9rrXKi2w,u3IgkMGuHgM,카페창업 위치 선택이 중요한 이유. 아브라함커피 2호점 장소 공개. [ 3편 ],"● 아브라함커피 쇼핑몰 : http://abrahamcoffee.com

맛있고 품질 좋고 합리적인 가격의 아브대장 추천 원두 구매는 
아브라함커피 쇼핑몰에서 만나보세요!!

▷ 인스타 : @abraham_coffee, @barista.abraham
▶ 라이브 방송 : 매주 화요일 밤 10시
▷ 매장 : 부산시 영도구 와치로 195
▶ 운영시간 : 2층 아브라함커피 (월-금 10:30~21:00 토11:30~19:00), 1층 아브라함커피랩 (월-토 13:30~17:30, 목요일 휴무), 주일 모든 매장이 쉽니다!

채널에 가입하시면 예쁜 뱃지가 생겨요 :)
채널에 가입해 아브대장을 응원해 주세요!
https://www.youtube.com/channel/UCAO9xCUicBwWCBs9rrXKi2w/join",2026-03-25T05:00:50Z,"아브라함커피,커피,카페,핸드드립,에스프레소,커피강의,커피레슨,바리스타교육,커피머신,abrahamcoffee,레시피,음료레시피,부산카페,영도카페,커피여행,카페창업,2호점,아브라함커피 남포점",26,ko,PT10M30S,2d,hd,false,878,62,0,23,public,youtube,True,False,,https://i.ytimg.com/vi/u3IgkMGuHgM/maxresdefault.jpg,thumbnails/아브라함커피TV/u3IgkMGuHgM.jpg
Candy DO Korean,UCBcNL2uRXr6J6vzm4tBhnBA,bXupdu8ORsI,초콜릿 대 실제 음식 도전 | 맛있는 주방 해킹 Candy DO,"어떤 음식을 가장 좋아하나요? 새로운 초콜릿 챌린지에 동참하세요!

친구들과 공유하십시오! 이와 같은 더 멋진 동영상을 보려면 YouTube 페이지인Candy DO Challenge를 구독하는 것을 잊지 마세요!

재미있고 맛있게 보세요!",2026-03-26T03:08:00Z,"challenge,challenges,prank,pranks,다 마,candydo,candy do,챌린지,음식 챌린지,funny,for 24 hours,24 hours,diy,craft,awkward",22,ko,PT28M38S,2d,hd,false,988,7,0,0,public,youtube,True,False,"https://en.wikipedia.org/wiki/Food,https://en.wikipedia.org/wiki/Lifestyle_(sociology)",https://i.ytimg.com/vi/bXupdu8ORsI/maxresdefault.jpg,thumbnails/CandyDOKorean/bXupdu8ORsI.jpg
헤이 주디 Hey Judy Eats,UCKOBBEXO5hVF-UnuZhkik8g,EIhRd1eOmEM,봄동비빔밥 진짜 고기보다 맛있을까?🥗고추장연탄불고기 차돌된장찌개까지 집밥 먹방 리얼사운드 SPRING CABBAGE BIBIMBAP HOME MEAL MUKBANG ASMR,"안녕하세요 여러분~! 주디에요💜

오늘은 두쫀쿠 가고 봄동온다며 한창 제 알고리즘을 장악한
봄동비빔밥 한 상을 말아왔습니다~!

진짜 고기보다 맛있을지,, 미심쩍었는데요,,
고기보다 왜 비빔밥에 손이 가는 거죠..?

챔기름 쏴악 두르고 계란후라이 3개까지
야무지게 비벼서 너무 맛있게 먹었습니다ㅎㅎ

맛있게 보셨다면 구독과 좋아요, 알림설정
그리고 댓글도 많이 남겨주시면 더욱 큰 힘이 된답니다..😍

오늘도 너무너무 잘 먹었고,
늘 여러분의 밤이 걱정 없고 평안하길 바랄게요🙏

《 메뉴 & 가격 》
✔ 봄동비빔밥
✔ 차돌 된장찌개
✔ 고추장 연탄불고기

──────────────
⭐Instagram : https://www.instagram.com/heyjudy_eats/
▶ YouTube : https://youtu.be/heyjudy_eats
🎵 https://www.tiktok.com/@heyjudy_eats
──────────────

Hello, every one~! I'm Judy 💜

Today, I tried Spring Cabbage Bibimbap, which dominated my algorithm~!

Before I ate it, I wondered if it would taste better than meat.
But, why am I eating more bibimbap than meat?🤣🤣

I put sesame oil and mixed up 3 fried eggs and ate it so deliciously

If you enjoyed this video, please subscribe,
like, turn on notifications,
and leave a comment. It's a huge help. 😍

I had a wonderful meal today,
and I hope you all have a peaceful and worry-free night🙏

《 Menu & Price 》
✔  Spring cabbage bibimbap
✔ Soybean paste stew with beef brisket
✔ Red pepper paste grilled bulgogi

──────────

#봄동비빕밥 #비빔밥먹방 #집밥
#강호동봄동비빔밥 #봄동겉절이
#bibimbap #realsound #eatingsounds
#mukbangkorean #asmreating #koreanfood
#山菜ビビンバ #モッパン #吃货秀",2026-03-23T14:26:01Z,"폭식,와구와구,우걱우걱,배고파,big bites,먹방브이로그,asmr먹방,먹방asmr,비빔밥,된장찌개,kimchi,bibimpap,pork belly,먹방,리얼사운드,asmr,mukbang,제육,제육 먹방,야채비빔밥,산채비빔밥,제육볶음,집밥먹방,한식먹방,한식,봄나물비빔밥,불고기,불고기 먹방,김치,한국먹방,homemade food,bulgogi,봄동,찌개 먹방,연탄불고기,양념불고기,พิบิมปับ,พุลโกกี,barbequed beef,бибимбаб,пибимбап,Bunter Reis mit Chilipaste,хансик,焼肉,ビビンバ,spring cabbage bibimbap,spring cabbage,Domuz et,món cơm trộn,món thịt nướng,comida coreana,烤牛肉,拌饭,韩国美食,비빔밥먹방,봄동비빔밥 레시피,봄동겉절이 레시피,home meal,春白菜拌饭,eatingshow,두쫀쿠",22,ko,PT9M40S,2d,hd,true,3176,146,0,28,public,youtube,True,False,"https://en.wikipedia.org/wiki/Food,https://en.wikipedia.org/wiki/Lifestyle_(sociology)",https://i.ytimg.com/vi/EIhRd1eOmEM/maxresdefault.jpg,thumbnails/헤이주디HeyJudyEats/EIhRd1eOmEM.jpg
와인이야기,UCxRgHV7dt9HNUDx227OA5PA,Z990YeyG9YM,"쫜득한 돼지 머리고기를 넣은 샌드위치 개발! ""꼬쉬 듀리 2021"" 과의 찰떡 페어링 l ep.163","-------------------------------------
📱 인스타그램 : https://www.instagram.com/winebrothersyt
💌 비즈니스 메일 : winebrothersYT@gmail.com
-------------------------------------
#야니스페랄 #기욤패트리 #와인채널 #소믈리에 #고급와인 #와인페어링 #한식페어링 #한식먹방 #와인먹방 #술먹방 #레스토랑에빗 #와인추천 #머리고기 #꼬쉬듀리",2026-03-19T09:01:00Z,"#와인,#와인이야기,#기욤,#야니스,#명품와인,#가성비와인,#wine,#비싼와인,#싼와인,#페트뤼스,#Petrus,#보르도와인,#보르도,bordeaux,#프랑스와인,#미국와인,#디캔팅,#디캔터,#샤르도네,#풀바디와인,#피노누아,#음식페어링,#와인페어링,#페어링,#소비뇽블랑,#sauvignonblanc,#whisky,#champagne,와인추천,샴페인추천,야니스페랄,기욤패트리,소믈리에,와인테이스팅,와인시음,와인꿀팁,레드와인,화이트와인,로제와인,샴페인,#yanisferal,#guillaumepatry,와인먹방,술먹방,한식페어링,와인페어링,레스토랑에빗,편의점와인,미슐랭스타",22,ko,PT16M56S,2d,hd,false,5822,220,0,68,public,youtube,True,False,"https://en.wikipedia.org/wiki/Food,https://en.wikipedia.org/wiki/Lifestyle_(sociology)",https://i.ytimg.com/vi/Z990YeyG9YM/maxresdefault.jpg,thumbnails/와인이야기/Z990YeyG9YM.jpg
호와수,UCwUI2b5vUxnkjS-w0GTK-xQ,-V4tyZbdyaw,일본 여자랑 데이트 어떤 점이 다를까?,,2026-03-19T08:00:01Z,"뷰티풀너드,영상,유튜브,유튜버,재밌는영상,알고리즘,고재영,보통사람,샤크창,최프진,어쩔수없는윤화,긍정맨,The Royalty Family,Ryan Trahan,Drew Binsky,미스터비스트,MrBeast,보겸,Ireland Boys Productions,FaZe Rug,boxtoxtv,BENOFTHEWEEK,Ruhi Çenet,Stokes Twins,변믈리에,Zac Alsop,ErikTheElectric,Calfreezy,Joe Fazer,Fidias,Alexa Rivera,챌린지",24,ko,PT15M10S,2d,hd,false,19743,427,0,76,public,youtube,True,False,"https://en.wikipedia.org/wiki/Food,https://en.wikipedia.org/wiki/Lifestyle_(sociology)",https://i.ytimg.com/vi/-V4tyZbdyaw/maxresdefault.jpg,thumbnails/호와수/-V4tyZbdyaw.jpg
고은언니 한고은,UCPFW9tE-hAuyR4037csZAqg,PWtXUq6FEd8,"청담동 50평 거실에서 고기구워 술 마시는 한고은 부부 근황 (술안주 레시피 3종, 부부토크)","안녕하세요~~ 한고은입니다!

오늘은 저희 부부가 퇴근 후 즐기는 
소박하지만 행복한 술상을 보여드릴까 해용~

그리고 드디어! 문제의(?) 고기집 테이블도 공개하게 되었는데요
평소 즐겨 먹는 칼로리 낮은 고기 부위도 소개해 드릴게요~

그럼 오늘도 재밌는 시청 하시길 바랄게효~~~~

00:00 하이라이트
00:27 남편과 함께 하는 부부술상 시작~
01:55 남편이 해주는 특별한 김치볶음
03:43 고은's Pick 어디서도 쉽게 볼 수 없는 특별 두부
04:26 우리 부부는 정말 에겐남과 테토녀?
05:52 5분 뚝딱 한고은표 오이 에그샐러드!
08:13 와인 맥주 즐겨먹는 한고은이 최근 꽂힌 술
09:06 전설의 고기집 테이블, 최초 공개!
12:20 고은 영수 부부가 사케 홀릭이 된 진짜 이유
13:15 10년간 참아왔던 기름장의 진실
13:55 마님과 머슴 귀여운(?) 별명에 숨겨진 두 사람의 진심
16:29 물욕있는 머슴의 한정판 운동화 공개(feat. 나눔)
18:17 남자는 절대 못하는 자세?
19:34 고운님들에게 인사

#한고은 #술안주레시피 #부부토크

제작 : 어썸엔터테인먼트(주)
💌 비즈니스 문의 : goeununnie@gmail.com",2026-03-19T09:00:38Z,,22,ko,PT20M25S,2d,hd,true,856699,12154,0,644,public,youtube,True,False,"https://en.wikipedia.org/wiki/Food,https://en.wikipedia.org/wiki/Lifestyle_(sociology)",https://i.ytimg.com/vi/PWtXUq6FEd8/maxresdefault.jpg,thumbnails/고은언니한고은/PWtXUq6FEd8.jpg
김원식 oppicial,UCGzSHBZfTka6CxoObbCgGfg,16E_t3Xc23Y,205만 유튜버는 무슨 차를 탈까? -보물섬 강민석편-,"민석이랑 밥먹고 바로 차 구경해봤어요
205만 유튜버는 무슨 차를 탈까요?",2026-03-14T09:10:23Z,,22,ko,PT11M27S,2d,hd,false,117040,1526,0,280,public,youtube,True,False,https://en.wikipedia.org/wiki/Lifestyle_(sociology),https://i.ytimg.com/vi/16E_t3Xc23Y/hqdefault.jpg,thumbnails/김원식oppicial/16E_t3Xc23Y.jpg
[햄지]Hamzy,UCPKNKldggioffXPkSmjs5lQ,Bd6o9eSyYNE,"Real Mukbang:) Korean Soul Food Home Meal ☆ Spicy Stir-fried Pork, Mini Pork Cutlet, Vegetable Wrap","0:00 Cooking
2:38 Mukbang

▶Today's menu is Korean Home Meal(Spicy Stir-fried Pork, Mini-Pork Cutlet, Vegetable Wrap)

▶햄지 브이로그 채널 (Hamzy's Vlog Channel ) ↓↓↓
https://www.youtube.com/channel/UC1EiHIhV6UDRWOY6BaEavdw

▶Email 
hamzy3390@gmail.com
.
.
.
#집밥 #koreanhomemeal #제육볶음 #쌈밥 #돈까스",2025-12-29T12:00:17Z,"여자먹방,맛방,먹방,막방,멋방,mukbang,korean food,eating show,리얼사운드,real sound,spicy food,モッパン,recipe,cook,cooking,koreanfood,eatingshow,asmr,쌈밥,제육볶음,제육볶음 레시피,제육볶음 먹방,집밥,집밥 먹방,집밥 요리,쌈밥 먹방,여자 집밥,집밥 브이로그,요리 먹방,쿡방,햄지,햄지 먹방,hamzy mukbang,hamzy asmr,korean mukbnag,집밥먹방,korean home food,korean home meal,ssam bap,korean recipe,korean soul food,한국 집밥,Stir-fried Pork,돈까스,미니돈까스,햄지 집밥,햄지 요리모음,햄지 한식,제육덮밥",24,en,PT11M11S,2d,hd,false,2469955,26203,0,732,public,youtube,True,False,"https://en.wikipedia.org/wiki/Food,https://en.wikipedia.org/wiki/Lifestyle_(sociology)",https://i.ytimg.com/vi/Bd6o9eSyYNE/maxresdefault.jpg,thumbnails/햄지Hamzy/Bd6o9eSyYNE.jpg
최금옥 약초밥상,UC88m4qVUbp4kw34Xsp5xD2Q,_xswactK9K4,"코끼리마늘 소금물로 장담그기, 간장 된장 맛있는 장담는 비법 담양 창평 슬로시티 약초밥상 산야초 명인 최금옥","오늘은 코끼리마늘 소금물로  장 담그기를 해보았습니다.

코끼리마늘 효능
 면역력 강화 – 알리신 성분으로 감기·피로 예방
 혈액순환 개선 – 혈관 건강·콜레스테롤 관리 도움
 항산화 작용 – 노화 예방·세포 보호
 장 건강 개선 – 발효 유산균으로 소화 기능 강화
 피로 회복 – 비타민·미네랄 풍부

#코끼리마늘 #마늘효능 #발효음식 #장담그기 #면역력강화 #혈액순환 #장건강
#건강밥상 #슬로푸드 #자연발효 #약초밥상 

♠((( 슬로시티약초밥상 찾아오시는 곳 )))♠
★★ 주 차  : 전남 담양군 창평면 돌담길 9 창평면사무소
   창평면사무소 뒷편 정원 이층한옥문 통과해 걸어오시면 슬로시티약초밥상 보여요.

★ 주 소 : 전남 담양군 창평면 돌담길 102   슬로시티약초밥상  
★★전화 : 010-2716-6312, 061)383-6312
★★ 멀리서 오시는 분 또는 건강상담등 으로 방문하시면 방문 전 연락 주세요.

약초밥상 블로그 주소 :  https://blog.naver.com/slow36
티스토리 : https://slow36.tistory.com/

💬 유의사항
 ※ 본 영상은 일반적인 건강 정보를 제공하기 위한 목적으로 제작되었습니다.
의학적 진단·치료·예방을 대체하지 않으며, 개인의 건강 상태에 따라 효과에는 차이가 있을 수 있습니다.
건강 관련 문제는 반드시 전문 의료진과 상담하시기 바랍니다.",2026-02-07T07:00:27Z,,26,ko,PT8M1S,2d,hd,false,1110,52,0,5,public,youtube,True,False,"https://en.wikipedia.org/wiki/Food,https://en.wikipedia.org/wiki/Lifestyle_(sociology)",https://i.ytimg.com/vi/_xswactK9K4/maxresdefault.jpg,thumbnails/최금옥약초밥상/_xswactK9K4.jpg
Mrs macarons마카롱여사,UCr5Kww9xqzPmSJTHyXl58YQ,IX7w6y8aUek,[제품협찬] 뭘 많이 만들어 봤어요. ^^,"#제품협찬 쿠빙스 진공블렌더 
쿠빙스 진공블렌더를 협찬받아 영상을 제작 했습니다. 

갑자기 바질페스토가 너무 먹고 싶어 만들었어요. 
정말 간만에 만들어 먹는거 같아요. 
바질의 향이 온 집안 가득 너무 향긋 하네요. 
펜네 안쪽 구멍에서 향긋한 오일 소스가 터져 나와 
스파게티 면보다 훨씬 풍성한 향을 즐길 수 있어요.


아몬드바질페스토 만들기

재료 
바질 150g
파르미지아노레지아노 60g
마늘 5알
통아몬드 100g 구운 통아몬드 사용하세요.
소금 1t
후추 적당히   
올리브오일 250ml 

만드는 방법 
1.통아몬드는 한번씻어 130도 오븐에 25분간 구워 식혀준다.
2. 바질은 깨끗하게 씻어 물기를  완전히 제거한다. [ 물기를 잘 닦아준다]
3. 믹서기에 올리브오일 마늘 치즈 구운 아몬드 바질 소금 후추 순으로 넣어 준다.
4. 드륵드륵 곱게 갈아 준다. 믹서기의 펄스 기능을 사용하면 좋아요. 
6.소독한 병의 80%정도 채우고 남은 윗부분은 살짝 기울려  올리브오일로 덮어준다.[공기접촉을 막아주므로써 갈변이 안됨 ]
*냉장실에 일주일 보관가능하며 이후 드실거면 냉동보관  일년정도 가능 

작은병에 담는게 좋아요. 
먹는 방법은  빵에 발라 드셔도 좋고 피자위에 발라 드셔도 좋고 
뇨끼 만들어 버무려 드셔도 좋고 파스타 버무려 드셔도 좋아요. 
브라타 치즈위에 곁들어 먹어도 아주 굿 먹는 방법은 다양 합니다. 
감자쪄서 기름에 노릇하게 지져 올려 먹어도  맛나요. 

맛있께 해 드시고 오늘도 정성스런 하루 보내세요.",2026-03-07T09:31:11Z,"쿠빙스,바질페스토,딸기아이스크림",24,ko,PT10M,2d,hd,false,31104,530,0,54,public,youtube,True,False,"https://en.wikipedia.org/wiki/Food,https://en.wikipedia.org/wiki/Lifestyle_(sociology)",https://i.ytimg.com/vi/IX7w6y8aUek/maxresdefault.jpg,thumbnails/Mrsmacarons마카롱여사/IX7w6y8aUek.jpg
둘기,UCKzhsob42r4pUTxR284lavA,--e4qd04LJ8,싫어하는 여자가 단 하나도 없다는 돈까스 먹방,"#웃긴영상 #인기급상승 #둘기티비 #먹방


광고및행사문의: libero300@naver.com",2026-03-22T09:00:00Z,"개그,코미디언,개그맨,코미디빅리그,개그콘서트,웃찾사,오빠가너무해,개그몰카,코미디몰카,몰카 시민몰카,닭둘기,둘기Tv,둘기,뭐라그래쓰,성용,모과형,형모과,김그라,연남형제,도비tv,미키광수",22,ko,PT10M49S,2d,hd,false,30872,942,0,310,public,youtube,True,False,"https://en.wikipedia.org/wiki/Food,https://en.wikipedia.org/wiki/Lifestyle_(sociology)",https://i.ytimg.com/vi/--e4qd04LJ8/maxresdefault.jpg,thumbnails/둘기/--e4qd04LJ8.jpg
써브웨이,UCRFQtwC3mob_ce5ggN_cVEA,ZQlUghbeqxw,[써브웨이] 카니의 기세로 밀고 나가는 잠봉 광고 촬영,"잠봉 촬영 현장 속 
카니의 귀여운 순간들을 
폴라로이드에 담아보았다 카니!💚",2026-03-26T02:00:33Z,,22,ko,PT1M12S,2d,hd,false,271,7,0,3,public,youtube,True,False,https://en.wikipedia.org/wiki/Entertainment,https://i.ytimg.com/vi/ZQlUghbeqxw/maxresdefault.jpg,thumbnails/써브웨이/ZQlUghbeqxw.jpg
요리왕비룡 Korean Food Cooking,UCcNUpInQt1tI3JC_oTPQ20w,1chR6MljpPg,밥알이 꽉 찬 봄 쭈꾸미 물기 없이 바싹하고 쫄깃한 대박집 1급 비밀 알려드립니다 🐙,"#쭈꾸미볶음 #쭈꾸미요리 #물안생기는쭈꾸미볶음

📋 쭈꾸미볶음 레시피

주재료: 봄 쭈꾸미 500g, 대파 1대, 양파 1/2개, 양배추 한 줌, 청양고추 2개

쭈꾸미 세척용: 밀가루 2큰술, 굵은소금 1큰술

무수분 데치기 (물 안 생기는 비법⭐): 미림 3큰술

비룡표 황금 양념장: 고춧가루 3큰술, 진간장 2큰술, 다진 마늘 1.5큰술, 원당(또는 설탕) 1큰술, 올리고당 1큰술, 고추장 0.5큰술, 후춧가루 취향껏

마무리: 참기름 1큰술, 통깨 팍팍

[만드는 법]

[쭈꾸미 세척] 쭈꾸미에 밀가루 2큰술, 굵은소금 1큰술을 넣고 빨판 위주로 바락바락 주물러 불순물을 뺀 뒤, 흐르는 물에 깨끗하게 여러 번 헹궈줍니다.

[양념장 숙성] 고춧가루 3, 진간장 2, 다진 마늘 1.5, 원당 1, 올리고당 1, 고추장 0.5, 후춧가루를 섞어 양념장을 미리 만들어 둡니다. (미리 만들면 감칠맛이 폭발합니다!)

[핵심⭐ 무수분 데치기] 물은 단 한 방울도 넣지 않습니다! 냄비에 쭈꾸미와 미림 3큰술만 넣고 뚜껑을 덮어 중불에서 딱 2분간 쪄줍니다. 예쁜 붉은색이 돌면 바로 불을 끄고 건져내 수분을 빼주세요. (오래 익히면 질겨집니다)

[재료 손질] 데쳐낸 쭈꾸미의 내장을 제거하고 씻는다. 머리는 그대로 썰고, 다리는 2~3가닥씩 먹기 좋게 자릅니다. 대파, 양파, 양배추, 청양고추도 큼직하고 썰어 준비합니다.

[채소 바싹 볶기] 달궈진 팬에 식용유를 넉넉히 두르고 대파를 볶아 파기름을 냅니다. 파 향이 올라오면 양파, 양배추, 청양고추를 넣고 채소 숨이 죽으면서 수분이 날아갈 때까지 바싹 볶아주세요.

[센 불 스피드 볶기] 채소 숨이 죽으면 수분을 뺀 쭈꾸미와 양념장을 몽땅 넣고, 가장 센 불에서 2~3분 안에 후다닥 볶아냅니다. (그래야 물기가 생기지 않습니다!)

[마무리] 불을 끄고 참기름 1큰술, 통깨를 솔솔 뿌려주면 물기 없이 완벽한 쭈꾸미볶음 완성입니다! 달큰하게 찐 양배추에 큼직한 쭈꾸미를 얹어 쌈 싸 먹으면 기가 막힙니다.

1컵 = 200ml
1T = 식당 숟가락 8ml

영상 제목 클릭하시면 사용한 [주방도구] , [재료] 구매처 주소 남겨두었습니다.

영상 하단 [저장] 누르고, 마트 갈 때나 요리할 때 언제든 편하게 레시피 꺼내 보세요! 👨‍🍳

https://www.youtube.com/channel/UCcNUpInQt1tI3JC_oTPQ20w/join
(클럽 회원님은 영상을 먼저 시청하실 수 있습니다)

🔔 구독&좋아요는 영상 제작에 큰 힘이 됩니다! ❤️",2026-03-28T03:15:00Z,"요리왕비룡,요리왕 비룡,비룡레시피,쭈꾸미볶음,주꾸미볶음,쭈꾸미,주꾸미,봄쭈꾸미,봄주꾸미,쭈꾸미볶음황금레시피,쭈꾸미볶음만드는법,쭈꾸미볶음레시피,쭈꾸미볶음양념장,물안생기는쭈꾸미볶음,쭈꾸미데치는법,식당쭈꾸미볶음,대박집쭈꾸미,쭈꾸미볶음물안생기게,알배기쭈꾸미볶음,쭈꾸미요리,주꾸미요리,쭈꾸미양념,3월제철해산물,봄제철음식,봄철입맛돋우는음식,술안주베스트,소주안주,막걸리안주,매콤한안주,해물볶음,쭈꾸미보끔,쭈삼,쭈꾸미덮밥,볶음요리,쭈꾸미비빔밥,스트레스풀리는맛",26,ko,PT5M32S,2d,hd,false,1082,161,0,6,public,youtube,True,False,"https://en.wikipedia.org/wiki/Food,https://en.wikipedia.org/wiki/Lifestyle_(sociology)",https://i.ytimg.com/vi/1chR6MljpPg/maxresdefault.jpg,thumbnails/요리왕비룡KoreanFoodCooking/1chR6MljpPg.jpg
박브루,UCAHFNLswhNYo3UHVejIgaMw,Kjoa8gXTUts,300만원 그라인더 진짜 최고일까? 멸망전 끝판왕 그라인더 찾았다.,"커피 맛을 결정하는 가장 중요한 장비, 그라인더.

이번 영상에서는 요즘 커피 시장에서 가장 화제가 되는
하이엔드 그라인더 4종을 모아서 그라인더 멸망전을 진행했습니다.
•Weber KEY 2
•Lagom Casa
•Femobook A68
•MixxCool Eris

과연 300만원대 그라인더가 정말 압도적인 맛을 보여줄까요?
아니면 가격을 뛰어넘는 결과가 나올까요?

이번 멸망전은
수원 심야카페 정현준 대표님과 함께 블라인드 테스트로 진행했습니다.

과연 바리스타의 선택은 무엇이었을까요?

커피를 좋아하시는 분들,
홈카페 장비를 고민하시는 분들께 도움이 되길 바랍니다.",2026-03-07T23:53:11Z,"커피 그라인더,커피 그라인더 비교,그라인더 멸망전,홈카페 그라인더,하이엔드 그라인더,커피 장비 추천,Weber KEY2,Weber KEY grinder,Lagom Casa,Femobook A68,MixxCool Eris,커피 그라인더 추천,에스프레소 그라인더,홈카페 장비,커피 장비 리뷰,커피 장비 비교,바리스타 장비,coffee grinder,coffee grinder comparison,best coffee grinder,home coffee setup,espresso grinder",26,ko,PT12M4S,2d,hd,false,2714,49,0,33,public,youtube,True,False,https://en.wikipedia.org/wiki/Food,https://i.ytimg.com/vi/Kjoa8gXTUts/hqdefault.jpg,thumbnails/박브루/Kjoa8gXTUts.jpg
하윤알유 hayoon r u,UC_PwXJ8tOHrCodFA3qD1tkg,fm7DnvYZ_hI,우리 아직 잘 논다✨ 30대 찐친 여행 브이로그,"하밀리 여러분 안녕하세요☺️
오늘은 작년에 친구들과 다녀온 풀빌라 여행 브이로그를 들고 왔어요.
30대라고 해도, 저희 텐션은 여전하죠? 히히 ㅎㅎ
나이 들면 어른이 되는 줄 알았는데… 마음은 여전히 그대로더라구요.
항상 영상 봐주셔서 감사합니다.
추운 날씨에 감기 조심하시고 따뜻하게 지내세요❤️

💌 sun193505@naver.com 
sns : yyyyooni_",2026-02-10T08:45:03Z,,22,ko,PT10M13S,2d,hd,false,1965,27,0,10,public,youtube,True,False,"https://en.wikipedia.org/wiki/Food,https://en.wikipedia.org/wiki/Lifestyle_(sociology),https://en.wikipedia.org/wiki/Tourism",https://i.ytimg.com/vi/fm7DnvYZ_hI/hqdefault.jpg,thumbnails/하윤알유hayoonru/fm7DnvYZ_hI.jpg
양봉고릴라,UCHW51Ow5MTEeC765NKgsc1A,R7EC-u0Mh0s,여왕벌을 만들어보자!!(이충하기),"#벌쟁이촌놈 #김헌수 #양봉업자 #양봉 #꿀벌 #농촌방송 #시골방송 #여왕벌 #이충 #애벌레 #수벌 #여왕벌 #일벌 #로얄제리 #꿀 #화분 #왕완 #왕대 #산벚화분 #설탕물 #프응티비 #윽박이 #준아 

투네이션 : https://toon.at/donate/chonnom_heonsu",2024-04-17T02:01:16Z,,24,ko,PT5M45S,2d,hd,false,1385,29,0,7,public,youtube,True,False,https://en.wikipedia.org/wiki/Lifestyle_(sociology),https://i.ytimg.com/vi/R7EC-u0Mh0s/maxresdefault.jpg,thumbnails/양봉고릴라/R7EC-u0Mh0s.jpg
박종신시장생활,UCxE8yct5mb76dQIWXkRaRug,2VzUDhh0i5w,"미나리,사과,,진미채, 건홍합,,취나물,생표고",This stream is created with #PRISMLiveStudio,2026-03-25T15:20:51Z,,24,ko,PT20M35S,2d,hd,false,320,20,0,2,public,youtube,True,False,"https://en.wikipedia.org/wiki/Food,https://en.wikipedia.org/wiki/Lifestyle_(sociology)",https://i.ytimg.com/vi/2VzUDhh0i5w/maxresdefault.jpg,thumbnails/박종신시장생활/2VzUDhh0i5w.jpg
배리나Lina bae,UCUUfhq_n7pctAX5LaMD0WUA,BmE8gVzJMMc,🎀마녀 배달부 키키 한 그릇🐈‍⬛,"즐거운 설 보내세요🥰


🎼
🎵Music provided by 브금대통령
🎵Track : A Temple of Asadal - https://youtu.be/FBxFGl2NcDM

🎵Music provided by 브금대통령
🎵Track : 호두까기인형 - https://youtu.be/ZLFno1R1bPg",2026-02-16T02:00:05Z,,24,ko,PT31M27S,2d,hd,false,13637,156,0,102,public,youtube,True,False,"https://en.wikipedia.org/wiki/Food,https://en.wikipedia.org/wiki/Lifestyle_(sociology)",https://i.ytimg.com/vi/BmE8gVzJMMc/maxresdefault.jpg,thumbnails/배리나Linabae/BmE8gVzJMMc.jpg
꼼유 KKOMYU,UCI7gZsAuzthtoMxlFdBDn2g,xUsKj4gJe20,"(브이로그) 강원도에서 태어난 탓일까  / 옥수수치폴레샌드위치 , 마약옥수수 해먹기","오랜만에 돌아온 영상..!!
호기롭게 아침 해먹기 프로젝트를 결심했는데 연말이라 갑자기 바빠지기도 하고 매번 해먹는게 쉽지는 않네요ㅠㅠ",2025-12-16T03:23:53Z,,22,ko,PT8M9S,2d,hd,false,46,2,0,0,public,youtube,True,False,"https://en.wikipedia.org/wiki/Food,https://en.wikipedia.org/wiki/Lifestyle_(sociology)",https://i.ytimg.com/vi/xUsKj4gJe20/hqdefault.jpg,thumbnails/꼼유KKOMYU/xUsKj4gJe20.jpg
한송이tv[SsongiTube],UCG2KKCanr2bEsE8Xr8tR5bw,M3PWvzDJb0Y,북한에서 좀 살아야 먹을 수 있는 놀라운 밥상 공개!! 아무나 못 먹어,"🎉 두피젠 X 한송이tv 특별 이벤트! 🎉
👉 [두피젠 X 한송이tv 이벤트 페이지 바로가기]( https://dupizen.cafe24.com/product/list.html?cate_no=63 )

💥 한송이tv 채널 구독자 전용 혜택으로 역대급 할인을 누리세요!
📢 단 15일동안만! 초특가 세일!
✔ 탈모앰플 1SET 개당 17,900원!(61% 할인)
✔ EMS 두피마사지기 개당 99,000원!! (41% 할인)
✔ 한정수량만 진행! 놓치면 후회!

한송이tv 채널 구독자분들만을 위한 특별 혜택이니 지금 바로 확인하세요! 🚀

  Copyright 2023. 리오네자막 All rights reserved.

인스타 그램 https://www.instagram.com/sweet_songi

숲 tv https://www.sooplive.co.kr/station/7994juhan/vod

E-mail - 7994ju@naver.com",2026-03-26T09:00:25Z,"한송이,새터민,탈북민,북한,MUKBANG,North Korea,김정은,송이,북한밥상,양배추밥,이제만나러갑니다,북한주민,시골밥상,영월",24,ko,PT8M13S,2d,hd,false,36820,1481,0,110,public,youtube,True,False,"https://en.wikipedia.org/wiki/Food,https://en.wikipedia.org/wiki/Lifestyle_(sociology)",https://i.ytimg.com/vi/M3PWvzDJb0Y/maxresdefault.jpg,thumbnails/한송이tvSsongiTube/M3PWvzDJb0Y.jpg
빵준서,UCzCtoDuY9gqQyIGoWx58a-w,Bacqy3JwIPI,대한민국 제과명장 박준서의 '제빵 바이블' 론칭 기념 “명장에게 물어봐”,"👨‍🏫 대한민국 제과명장 박준서의 '제빵 바이블'
📝 수강하기 : https://awesomeklass.liveklass.com/classes/276264
📞 상담하기 : http://pf.kakao.com/_PsxkGn/chat",2026-03-12T11:16:46Z,"박준서,제과명장,베이킹,디저트,홈베이킹,빵 만들기,빵레시피,빵준서 라이브,제빵 바이블,인터넷 강의,베이킹 강의",26,ko,PT1H8M45S,2d,hd,false,4608,185,0,10,public,youtube,True,False,https://en.wikipedia.org/wiki/Religion,https://i.ytimg.com/vi/Bacqy3JwIPI/maxresdefault.jpg,thumbnails/빵준서/Bacqy3JwIPI.jpg
지이,UC80ikPWMALRgpBZp0aRXs4w,9XfmwOmqD5A,조항조 🍅 대저토마토축제에서 부산강서구 ,,2026-03-23T07:52:03Z,,22,ko,PT3M18S,2d,hd,false,868,16,0,2,public,youtube,True,False,"https://en.wikipedia.org/wiki/Music,https://en.wikipedia.org/wiki/Music_of_Asia",https://i.ytimg.com/vi/9XfmwOmqD5A/maxresdefault.jpg,thumbnails/지이/9XfmwOmqD5A.jpg
Leeby리비,UCI3-5FX4IrRyniAiUnK1BWQ,qvLknPIi0_k,MUKBANG) 가리비회 & 가리비찜 생크림 찍먹🤍 먹방 Cream scallops asmr eating,"Menu😋
🌟가리비~!
🌟Scallops mukbang

E-mail ➡ biz@doohocorp.com
Instagram ➡ @leeby.eun

🎵Music provided by 브금대통령
🎵Track : 나는야 장난꾸러기 - https://youtu.be/MYLjqNApdTE  

편집 - 리비
Eng sub - 태훈님
Jp sub - masami님",2026-03-26T10:01:18Z,"가리비,가리비찜,가리비회,조개,먹방,mukbang,asmr,eating,ホタテガイ,Scallops,扇贝,モッパン,생크림,크림,해산물,sea food,real sound,안주,eating show,seafood,Korean,리얼사운드,korean mukbang,asmr eating,yt:cc=on",22,ko,PT6M43S,2d,hd,true,27208,749,0,55,public,youtube,True,False,"https://en.wikipedia.org/wiki/Food,https://en.wikipedia.org/wiki/Lifestyle_(sociology)",https://i.ytimg.com/vi/qvLknPIi0_k/maxresdefault.jpg,thumbnails/Leeby리비/qvLknPIi0_k.jpg
제주에디 Jeju Eddy,UCmp61ap5-dkuBBaIjfrYdVQ,TxntaWekLBM,이게 다 무료...? 미친 가성비의 역대급 제주 숙소에 다녀왔습니다,"오늘은 역대급 가성비를 자랑하는 제주의 숙소
호텔도 리조트도 펜션도 게스트하우스도 아닌
'연수원'을 소개합니다.

📍신협제주연수원 ( https://naver.me/GNW0cHCS )
📍덕천연수원 ( https://naver.me/xl0mGKg9 )

🚙 제주도 렌트카 저렴하게 예약하는 방법! '섬카'에서 예약하세요!
👉 https://www.sumcar.kr/
- 섬카에서 회원가입시 20% 할인 쿠폰 증정!
- 렌트카 예약시 추천인 코드에 '제주에디'를 입력하시면 5% 추가 할인!!
(섬카 파트너스 활동으로 추천인 코드 입력시 제가 소정의 수수료를 받습니다)

👣 에디의 한의원 👉🏻 https://naver.me/5dybinC8
👣 에디의 인스타그램 👉🏻 jejueddy
🤝 비즈니스/협업 문의 👉🏻 jst6607@naver.com

🎥 Camera 1 : 오즈모 포켓3 
🎥 Camera 2 : 오즈모 액션5 
🎥 Camera 3 : 인스타360 x5 
🎥 Camera 4 : 아이폰 17 프로 
🎥 Camera 5 : DJI Air 2 드론 
✂️ 편집 : Final Cut Pro X, Vrew
🎵 음악 : Epidemic Sound 
아래 링크로 가입시 에피데믹사운드 1개월 무료 이용이 가능합니다. https://share.epidemicsound.com/ezm8nc",2026-03-08T03:12:58Z,"제주 숙소,제주도 숙소,덕천연수원,신협제주연수원,새마을금고연수원,제주연수원,제주 연수원,제주도 연수원,제주도연수원",19,ko,PT11M33S,2d,hd,false,32188,584,0,33,public,youtube,True,False,"https://en.wikipedia.org/wiki/Hobby,https://en.wikipedia.org/wiki/Lifestyle_(sociology)",https://i.ytimg.com/vi/TxntaWekLBM/maxresdefault.jpg,thumbnails/제주에디JejuEddy/TxntaWekLBM.jpg
흑삼TV_건강해지는 채널,UCr0OdTjLrssdraYJYTYd0wg,rf83Ey9ZfHc,흑삼TV 제품소개_대구 엑스코 전시 행사 2026.1.29~2.1,"장석열흑삼 유투브 채널입니다.
세계최초 흑삼개발 장석열 장인의 스토리와
인삼, 죽염 등 건강관련 컨텐츠를 게시합니다.
많은 구독과 관심 부탁드립니다^^


흑삼은 인삼을 찌고 말리는 과정을 아홉번 반복하여 (구증구포)
효능을 극대화 시킨 기능성 인삼입니다.
장석열 장인이 최초로 개발하였으며, 흑삼이란 이름도 직접 만들었습니다.
14년간 연구하여 2001년 세상에 첫선을 보였습니다.
이후로 대를 이어 아들이 물려받아 그 전통을 지켜가고 있습니다.

장석열흑삼 블로그  : http://www.blackginseng.co.kr
장석열흑삼 쇼핑몰 : http://blackginseng.kr
네이버 스마트스토어 : https://smartstore.naver.com/masterjang2001
인스타그램 : #장석열흑삼 검색
공장 : 충남 금산군 부리면 어재길 70
전화번호 : 041-752-1261",2026-01-30T03:17:45Z,"장석열,장석열흑삼,흑삼,구증구포,Blackginseng,KoreanBlackGinseng,JangSeokYeol,JangSukYul,Mr.Jang",26,ko,PT18M15S,2d,hd,false,77,3,0,0,public,youtube,True,False,"https://en.wikipedia.org/wiki/Food,https://en.wikipedia.org/wiki/Lifestyle_(sociology)",https://i.ytimg.com/vi/rf83Ey9ZfHc/maxresdefault.jpg,thumbnails/흑삼TV_건강해지는채널/rf83Ey9ZfHc.jpg
[좋은가족]제주리쉬네,UCM_wy4ABW79sPo4QfOoe-1A,OIjiB-EMLiA,묵은 열무김치 참치넣고 지지면 밥 두그릇 순삭!,"안녕하세요^^ 쉬즈님들~ 좋은가족 제주리쉬네 입니다🤗
오늘 영상은 드디어 작년에 담갔던 열무김치를 참치넣고 지져서 열무김치를 해치웠습니다 ㅎㅎ
계속 저 열무김치를 빨리 먹어야 하는데 생각만 하다가 동생이 ‘언니~ 오랜만에 김치나 지져먹자’ 해서 집에있는 참치 다 넣고 들기름, 매실청, 물 넣고 끓여냈습니다~
동생이 먹더니 너무 맛있다며 이번 여름에도 담가서 묵힌다음에 또 지져먹자고 하더라구요 ^^
역시 김치찜은 들기름과 매실청 넣고 지지는게 제일 맛있는것 같아요!
남편도 이날 저녁에와서 김치지짐에 밥 먹고 다음날에도 또 찾더라구요 ㅎㅎ
그럼 오늘도 저희 자매와 함께 즐겁고 맛있는 시간 보내시길 바래요~
항상 애청해주시는 쉬즈님들 늘 사랑하고 축복합니다❤️
 

※해상도 품질은1080p, 1440p, 2160p(4k) 에 맞춰서 보세요^^

#제주먹방 #집밥먹방 #김치지짐 #열무김치지짐 #집밥 #집반찬 #mukbang 
#Koreanfood​​​​​​​​​​​​​​​​​​​​​​​​​​​​​​​​​ #Homefood​​​​​​​​​​​​​​​​​​​​​​​​​​​​​​​​​ ​​​​​​​​​​​​​​​​​​​​​​​​#Jejuisland 
#좋은가족 #제주가족 #제주집밥 #제주살이 #제주브이로그

[ 🚙 제주 렌트카 1등 '돌하루팡' 예약하러 가기👉 http://dolharupang.com/?ptnid=rishi ]

👨‍👩‍👦 좋은가족 제주리쉬네
*매주 2~3회 업로드 예정 (요일,시간 랜덤~)
*인스타그램 https://www.instagram.com/rishi_mukbang
*메일주소 ktwbls906@naver.com",2026-03-26T03:05:23Z,"좋은가족,제주가족,가족먹방,집밥먹방,집밥,집반찬,제주맛집,제주집밥,김치지짐,김치찜,Kimchi stew,estofado de kimchi,يخنة الكيمتشي,สตูว์กิมจิ,kimçi güveç,Ragoût de kimchi,ensopado de kimchi,泡菜炖,キムチ蒸し,Stufato di kimchi,Sup kimchi,kim chi hầm,Кимчи шөл,Кимчи рагу,Kimchi-Eintopf,किम्ची स्ट्यू,Kimchi Steamed,kimchi soup,キムチチゲ,泡菜汤,泡菜湯,حساء الكيمتشي,суп кимчи,soupe de kimchi,ซุปกิมจิ,kimçi çorbası,canh kim chi,sup kimchi,zuppa di kimchi,sopa de kimchi,가족밥상,시골밥상,열무김치요리,열무김치지짐,자매밥상,제주자매,자매먹방,자매식탁",24,ko,PT18M13S,2d,hd,false,19815,740,0,70,public,youtube,True,False,"https://en.wikipedia.org/wiki/Food,https://en.wikipedia.org/wiki/Lifestyle_(sociology)",https://i.ytimg.com/vi/OIjiB-EMLiA/maxresdefault.jpg,thumbnails/좋은가족제주리쉬네/OIjiB-EMLiA.jpg
야식이,UCsNVs68quFJMaDmR6frfUsQ,o_fy24tF9H8,잔치국수 5키로(?) 국물까지 시간제한 없이 다 먹으면 5천원! 155번째 도전 가즈아~,"#잔치국수 #쯔양 #야식이 #도전먹방 #먹방 

구독하기(SUBSCRIBE) 좋아요(LIKE) 고맙습니다!(THANK YOU!)

잔치국수 5키로(?) 국물까지 시간제한 없이 다 먹으면 5천원! 155번째 도전 가즈아~
야식이 먹방 KOREAN MUKBANG

2026년 3월 22일 제주특별자치도 제주시 한경면 고산리 2634-9 '옛날국수집'",2026-03-26T12:15:12Z,,24,ko,PT18M38S,2d,hd,true,300780,9477,0,643,public,youtube,True,False,"https://en.wikipedia.org/wiki/Food,https://en.wikipedia.org/wiki/Lifestyle_(sociology)",https://i.ytimg.com/vi/o_fy24tF9H8/maxresdefault.jpg,thumbnails/야식이/o_fy24tF9H8.jpg
가마솥아재 ,UCepaQ4SbRkRyJR0E6qNgF0Q,n4W7PjW6Vo4,성주 참외 닭구이 특화밥상~ ,,2026-03-22T11:55:12Z,,22,ko,PT4M14S,2d,hd,false,283,35,0,14,public,youtube,True,False,"https://en.wikipedia.org/wiki/Food,https://en.wikipedia.org/wiki/Lifestyle_(sociology)",https://i.ytimg.com/vi/n4W7PjW6Vo4/hqdefault.jpg,thumbnails/가마솥아재/n4W7PjW6Vo4.jpg
효녀HYONYEO,UCYo5wuzNmJ3wrAvWSkYex_w,hTk-DivkOU8,"(ENG) 비수기 직격탄 맞은 현실 디저트카페  브이로그 👽🎂 | 30cm 케이크 만들기,드립커피 맛집(?), 광안리뷰 3만원대 오마카세,1박2일 밀양여행,부산화훼단지🪴","📭 heechulnice@naver.com
🥨 instagram.com/hy.st
🍪 전국 택배 쿠키 주문 : https://smartstore.naver.com/glass_of_grass
🏡 카페 주소 : 부산시 수영구 광일로 29번가길 18 1층, 한 잔의 풀내음(https://goo.gl/maps/dwjrvkYZPmRBATYf9)
📷 카메라(camera) : iphone 14 / DJI 오즈모 포켓 3 액션캠 PP-101

* 성형 및 시술,다이어트,보조제 협찬&광고문의 일절 받지 않습니다.
* 영상과 관련없거나 예의 없는 댓글은 무통보 삭제 및 차단합니다.",2026-03-25T10:25:57Z,"빈티지,자취 브이로그,광안리,집콕브이로그,자취일상,자취생일상,부산일상브이로그,KOREAVLOG,부산브이로그,효녀,투룸자취,부산일상,BUSANVLOG,자취생,집순이 브이로그,일상브이로그,부산자취,투룸자취생,칩거,집콕,효녀브이로그,자취생 브이로그,VLOG,HYONYEOVLOG,부산,브이로그,부산자취생,자취방 꾸미기,원룸 꾸미기,원룸 인테리어,CAFEVLOG,CAFE,KOREACAFE,카페브이로그,디저트카페브이로그,자영업자브이로그,자영업자일상,부산카페일상,사장일상",22,ko,PT29M40S,2d,hd,true,6480,0,0,16,public,youtube,True,False,"https://en.wikipedia.org/wiki/Food,https://en.wikipedia.org/wiki/Lifestyle_(sociology)",https://i.ytimg.com/vi/hTk-DivkOU8/maxresdefault.jpg,thumbnails/효녀HYONYEO/hTk-DivkOU8.jpg
살림하는숙향이cookingsukhyang,UCHUslR8-HQ_7NIzQGL-uPyA,rih_PjF_QHY,젊은이들의 입맛을 사로 잡은 봄동 겉절이,"#봄동겉절이#봄나물겉절이#두쫀코보다맛있다#달래겉절이
봄의 기운을 느끼는 것이 있다면 무엇이 있을 까요?
봄나물과 봄에 피는 꽃. 새싹들이지 않을까 합니다
그 중에 겨우네 움추렸던 우리의 몸과 마음을 일으켜주는 건강한 밥상으로 간단하지만 영양가가 많고 저렴한 봄동이라 생각합니다
전국을 들썩였던 두쫀코의 바람을 잠재우는 봄동 겉절이가 인기라는거 알고계셨나요^^
                 재료
봄동. 젓갈. 마늘.파.양파.참깨. 소금.매실액.고추가루.무우
1.봄동을 씻어서 물기를 빼준다
2. 무우와 봄동을 젓갈과 고추가루로 먼저 살짝 색을 입혀준다
3. 양념을 만들어준다
4.봄동과 색을 입힌 무우를 만들어 놓은 양념으로 버무려준다
5.금방 먹는다면 참기름이나 들기름을 넣어주지만 양이 많다면 깨소금으로
고소한 맛을 더해준다",2026-03-07T02:14:45Z,"#봄동,#봄동겉절이,#봄동전,#봄동스파게티,#봄동된장국,#봄동무침",22,ko,PT10M40S,2d,hd,false,102,4,0,0,public,youtube,True,False,"https://en.wikipedia.org/wiki/Food,https://en.wikipedia.org/wiki/Lifestyle_(sociology)",https://i.ytimg.com/vi/rih_PjF_QHY/maxresdefault.jpg,thumbnails/살림하는숙향이cookingsukhyang/rih_PjF_QHY.jpg
생선장수 박장군,UCH9Xp9Bu02wPe_LE6N_ZbUg,yEm4_7M9344,여름 대장 | 시마아지 vs 잿방어,#시마아지 #흑점줄전갱이 #잿방어 #여름생선,2026-03-28T02:02:10Z,"생선,조개,생선장수,박장군,초밥,오마카세,일식,조개찜,바다,해수욕장,숙성회,오로시,참치,낚시,나도백대표다,순천영일수산tv,돼지수산158,일타쿠마,거제도최군의횟집tv,방씨네,길맛나는TV,거제도수아아빠,생선선생미스터s,칼과도마rv,코우지tv,일상소식tv,야미일상노트,방랑자채널,남자쓰TV,생선장사,생선장수박장군,생선장사박장군",26,ko,PT8M26S,2d,hd,false,658,24,0,12,public,youtube,True,False,"https://en.wikipedia.org/wiki/Food,https://en.wikipedia.org/wiki/Lifestyle_(sociology),https://en.wikipedia.org/wiki/Pet",https://i.ytimg.com/vi/yEm4_7M9344/maxresdefault.jpg,thumbnails/생선장수박장군/yEm4_7M9344.jpg
팝콘티비,UCjEGRIsJ7rh72t25p5j8rrA,7S93YFxrtE0,[팝콘티비] 전쟁 걱정하지 마십시오 #밍키,"여러분 이 밍키가 지켜드리겠습니다 #이란 #미국 #전쟁

방송자▶밍키



---------------------------------------------------------------------------------------



✔유튜브 구독 하기 https://url.kr/GgKJzd

▶ 팝콘TV 홈페이지 :
https://www.popkontv.com
▶ 셀럽TV 홈페이지 :
https://www.celuvtv.co.kr/style/default.asp
▶ 팝콘TV 페이스북 :
http://www.facebook.com/popkontv.korea
▶ 팝콘TV 인스타그램 :
https://www.instagram.com/popkontv_official


 
#팝콘티비 #군인 #총격 #군필 #미션 #야외미션 #BJ #KoreanBJ",2026-03-16T10:00:22Z,,22,ko,PT4M49S,2d,hd,false,1026,9,0,4,public,youtube,True,False,https://en.wikipedia.org/wiki/Military,https://i.ytimg.com/vi/7S93YFxrtE0/hqdefault.jpg,thumbnails/팝콘티비/7S93YFxrtE0.jpg
교촌TV,UChcWXp8uJbcfq9EAIHp_bUw,TkPxupIa7Xg,KYOCHON — 我们的好风味 | 校村集团宣传影片,교촌이 전하는 우리의 좋은 맛,2026-03-09T01:09:37Z,,26,ko,PT3M6S,2d,hd,false,129,2,0,0,public,youtube,True,False,"https://en.wikipedia.org/wiki/Food,https://en.wikipedia.org/wiki/Lifestyle_(sociology)",https://i.ytimg.com/vi/TkPxupIa7Xg/maxresdefault.jpg,thumbnails/교촌TV/TkPxupIa7Xg.jpg
미니얍!,UCU296hL1ktMbEVhTkIKsPhQ,PUfHkAceHpQ,😲😲목소리 큰나라 실시간버전 🔊 스피커주의하세요 슬라임 액괴 버실,"🔊목소리 큰 나라에서 모기목소리 나라로 추방당했어요  😭😭
개미쥐똥꼬만한 목소리보다는 큰 소리가 좋다고요!

 영상: 유엠님",2025-06-30T08:00:35Z,"액괴픽션,slime",22,ko,PT3M20S,2d,hd,false,1798,0,0,6,public,youtube,True,False,,https://i.ytimg.com/vi/PUfHkAceHpQ/maxresdefault.jpg,thumbnails/미니얍/PUfHkAceHpQ.jpg
LunLuns,UC6lNIbU1SSA9YjveOx9a_oA,FtlUE9kkbTE,귀여움에 진심인 도시락🐰 로미 생일파티🎂 캠핑카 차박 용품 하울🚐 도쿄 맛집🍙 일본 휴게소 구경🍦,,2026-03-12T09:15:18Z,,22,ko,PT22M43S,2d,hd,false,139578,1624,0,115,public,youtube,True,False,"https://en.wikipedia.org/wiki/Food,https://en.wikipedia.org/wiki/Lifestyle_(sociology),https://en.wikipedia.org/wiki/Tourism",https://i.ytimg.com/vi/FtlUE9kkbTE/maxresdefault.jpg,thumbnails/LunLuns/FtlUE9kkbTE.jpg
JUNTV,UCNB-6ArklP1Mgg11-Og2zMg,lXKU5umfC2g,표고버섯에 '이걸' 섞어 드세요! 암세포가 죽어가고 고혈압이 떨어지는 100점짜리 매일 반찬 (동의보감 재료의 완벽 궁합) | 준티비 JUNTV,"표고버섯, 들깨, 참기름, 오이고추가 한 접시에서 만나면 우리 몸에 어떤 놀라운 변화가 일어날까요? 동의보감에 기인한 영양 시너지 효과로 속은 편안하게 다스리고, 항암 효과와 면역력 증진, 그리고 고혈압 예방까지 한 번에 챙겨보세요.
영상을 끝까지 보시면 왜 이 반찬을 매일 드셔야 하는지, 식재료 궁합의 놀라운 비밀을 확인하실 수 있습니다. 확신이 드실 겁니다. 꼭 매일 자주 밥상에 올리세요!
#항암, #반찬, #고혈압,  #요리, #들깨, #오이, #고추,  #건강식단 #준티비, #JUNTV,

재료
표고버섯 350g
양파 1개
오이고추 약 6-7개 (150g)
들깨가루 듬뿍 4큰술 
참기름 1.5큰술
소금 약 5꼬집

[Ingredients]
Shiitake mushrooms 350g
1 Onion
About 6-7 Green peppers (150g)
4 heaping tbsp Perilla powder
1.5 tbsp Sesame oil
About 5 pinches of salt",2026-03-24T09:21:24Z,"#항암,#반찬,#고혈압,#요리,#들깨,#오이,#고추,#건강식단 #준티비,#JUNTV,다이어트 요리,당뇨 건강식,다이어트 레시피,건강요리 레시피,no 조미료,재료맛 요리,양념적은 요리,맛보장 유튜브,건강챙기는 유튜브,표고버섯 요리,recipes using real,당뇨 건강식품,당뇨 건강,표고버섯 요리법,면역력,면역력강화,혈관건강,피를맑게하는음식,염증에좋은음식,콜레스테롤낮추는음식,항산화,노화방지,밑반찬,매일반찬,10분반찬,초간단레시피,저염식,속편한음식,오이고추무침,들깨가루요리,표고버섯무침,음식궁합,중년건강,건강한집밥,항암식단,슈퍼푸드",26,ko,PT15M54S,2d,hd,false,92912,4784,0,275,public,youtube,False,False,"https://en.wikipedia.org/wiki/Food,https://en.wikipedia.org/wiki/Lifestyle_(sociology)",https://i.ytimg.com/vi/lXKU5umfC2g/hqdefault.jpg,thumbnails/JUNTV/lXKU5umfC2g.jpg
골든 글로우  Golden glow ,UCRqECJwcH6yvuPvYu0Q7hsg,m1f_18HN-Fs,두부와 스팸이 있다면?! 얼큰하고 뜨끈한 밥도둑 요리!! 호로록 들어가는 면까지!! 반찬이 따로 필요없어요!,"두부와 캔햄만 있어도 간단하게 만들수 있는
요리죠~^^

매콤한 국물에 부드러운 두부와 호로록 들어가는
맛있는 당면까지!!

참치와 청양고추를 넣어 더 시원하게!!
진짜 밥도둑이 따로 없네요.

이미 많이들 아실 요리지만 
혹시 아직 먹어보지 않으셨다면
한번 만들어 보시길 추천드려요~

그럼 맛있게 드시고 행복한 나날 되세요~
시청해 주셔서 감사합니다~ 😊

💌영상 속 자막에 오타가 있네요^^;;
맛술은 1큰술입니다^^ ( 사실 큰 차이는 없는 것 같아요~)

만드는 방법 (챕터)
00:04 재료준비
00:15 양념만들기
00:25 냄비에 재료넣고 끓이기
00:39 당면,계란,고추 넣기


🥕레시피 재료

두부 1/2모
양파 1/2개
스팸 1캔 ( 200g ) 
참치 1캔 ( 85g ) 
계란 1개
대파 1/4대
청양고추 1개
당면 한줌 ( 마른당면 기준 50g정도 )

​
🥕양념소스

​국간장 1큰술
멸치액젓1큰술
고춧가루 2큰술
다진마늘 1큰술
맛술 1큰술
후추
물



*계량 기준
1큰술(1T) = 어른 밥숟가락 1
1작은술(1t) =  티스푼 1




▶비지니스 문의 : kmhkis@naver.com

영상 속 사용한 제품 정보는 
아래 링크 걸어 두었어요.😊

주방칼
https://ozip.me/pyTDKwg?af



(쿠팡 파트너스,오늘의 집 큐레이터 활동의 
일환으로, 이에 따른 일정액의 수수료를 
제공받을 수 있습니다.)


주방칼
https://ozip.me/pyTDKwg?af



🚫영상의 2차 편집 및 무단 사용을 금지합니다.


#스팸
#스팸요리 
#두부",2024-12-19T07:00:32Z,"간단한 한끼,간단요리,자취요리,집밥,집밥 레시피,집밥레시피,골든글로우,골든 글로우,두부조림,두부조림양념,두부반찬,두부요리,스팸두부짜글이,스팸두부찌개,스팸짜글이,스팸요리,스팸두부요리,스팸두부두루치기,스팸짜글이찌개 만드는법,스팸짜글이찌개,스팸찌개 레시피,맛있는 스팸요리,두부찌개 만드는법,두부조림레시피,두부 스팸,두부조림 레시피,두부조림 만들기,두부조림 만드는법,두부조림 만드는방법,두부 조리기,두부 조리는법,두부찌개 황금레시피,스팸 찌개,스팸 두부 찌개,스팸 두부 짜글이,스팸 두부 조림,스팸 두부,한식,스팸 두부 전골,참치",26,ko,PT1M11S,2d,hd,true,1112,34,0,5,public,youtube,True,False,"https://en.wikipedia.org/wiki/Food,https://en.wikipedia.org/wiki/Lifestyle_(sociology)",https://i.ytimg.com/vi/m1f_18HN-Fs/maxresdefault.jpg,thumbnails/골든글로우Goldenglow/m1f_18HN-Fs.jpg
농사기술센터,UCEWt7ifi8C0dP47z1k166hw,lJNYApX_gPs,사과 품종별 특성을 알고 전지하자. 유병욱 한국사과평면다축협회 기술고문 현장교육 제2부.,사과 품종별 특성을 알고 전지하자. 유병욱 한국사과평면다축협회 가술고문 현장교육 제2부.,2026-03-01T13:47:29Z,"사과재배,다축형사과재배,사과다축재배",22,ko,PT38M35S,2d,hd,false,5305,86,0,5,public,youtube,True,False,,https://i.ytimg.com/vi/lJNYApX_gPs/hqdefault.jpg,thumbnails/농사기술센터/lJNYApX_gPs.jpg
지니킴,UCUaiiABtCRBTzU7MHSzaReA,1UNVyySt9ek,베이킹룸투어라 말하고 Q&A라 읽는 영상,"*본 영상에는 우놀드코리아로부터 일부 제품을 제공받은 내용이 포함되어 있습니다.*

구독자 1만, 정말 정말 감사합니다 🤍
시작하게 된 계기를 이야기하다 보니 영상이 많이 길어졌어요.
긴 영상이지만 편하게 봐주시면 좋겠습니다.
모두 건강 조심하시고, 새해 복 많이 받으세요 🫶🏼

⏱️타임라인
1:10 나의 베이킹룸 🛋️
2:32 룸 소개 시작
3:41 장비
8:43 도구
18:20 재료
22:41 촬영
24:34 큐앤에이 시작
25:03 베이킹 시작 계기?
34:29 독학?
35:11 전공?
35:38 본업?
37:02 빵 공부하는 법
38:53 레시피 만드는 법
40:44 영감을 어디서 얻는지?
41:34 제과제빵 자격증?
41:44 가게, 클래스, 팝업?
42:46 일본 거주?
43:33 MBTI?
43:39 체중 관리, 피부 관리
45:30 국내 빵집 투어, 최애 빵집
47:49 구독자 1만 기념 선물 이벤트

🎁 지니킴 구독자 1만 기념 선물 이벤트

1등 – 우놀드 피자 오븐 (1명) 🍕
2등 – 우놀드 핸드 믹서 (3명) 🥣
3등 – 덧가루 봉 / 티 볼 (6명) 🪄

👉 참여 방법
우놀드 제품에 대한 기대평과,
지니킴에게 전하고 싶은 응원의 말을 댓글로 남겨주세요.

👉 이벤트 기간
1월 18일 – 1월 24일

👉 당첨자 발표
1월 25일
당첨자 분의 댓글에 대댓글로 안내드립니다.

👉 유의 사항
• 당첨자 분들은 대댓글을 꼭 확인해주세요.
• 안내 후 3일 이내 이메일 회신이 없을 경우, 다음 분께 기회가 넘어갑니다.
※ 5만 원 이상 경품의 경우, 제세공과금(22%)은 당첨자 부담 방식으로 진행됩니다.

[우놀드 피자 오븐 공구 관련 안내]
문의가 많아 미리 안내드립니다.
우놀드코리아 정식 다음 수입 물량은 3월 예정입니다.
추후 일정이 확정되면 다시 안내드리겠습니다.

Happy New Year ✨

#룸투어 #QnA #홈베이킹",2026-01-18T08:00:49Z,"큐앤에이,룸투어,베이킹룸투어,홈베이킹,베이킹룸,작업실,베이킹 장비,베이킹 작업실,베이킹 도구,지니킴,Q&A,QnA,홈베이커,베이킹 유튜버,zinikim,빵",22,ko,PT49M35S,2d,hd,true,11447,372,0,225,public,youtube,True,False,"https://en.wikipedia.org/wiki/Food,https://en.wikipedia.org/wiki/Lifestyle_(sociology)",https://i.ytimg.com/vi/1UNVyySt9ek/maxresdefault.jpg,thumbnails/지니킴/1UNVyySt9ek.jpg
영종맘 - 안여사네,UCQE9yvnfE0KP8LCfPYfyd0g,mCNvF7bMjQY,🌼딸램들과 함께하는 #자라 봄옷 쇼핑 #중년패션#봄패션,"안녕하세요~
오늘은 봄맞이 자라 쇼핑을 하러 딸램들과 다녀왔어요🛍️

이번 봄 자라 옷이 예쁘다는 소문을 듣고 왔는데요~
저 혼자 가면 안 보고 지나쳤을~
옷들을 딸들이 입어보라고 권유해 주는데
역시 여러가지 입어봐야 하는 게 맞는 거 같아요ㅎㅎ

통통 튀는 컬러의 옷들을 입으니 화사하고 기분 전환이 되었어요
결국 딸램들이 줬던 세뱃돈(?)을 다 쓰고 말았답니다!

따뜻한 봄날맞이 쇼핑 한번 다녀오세요~❤️",2026-03-06T02:01:05Z,,22,ko,PT12M35S,2d,hd,false,19121,213,0,27,public,youtube,True,False,"https://en.wikipedia.org/wiki/Fashion,https://en.wikipedia.org/wiki/Lifestyle_(sociology)",https://i.ytimg.com/vi/mCNvF7bMjQY/maxresdefault.jpg,thumbnails/영종맘-안여사네/mCNvF7bMjQY.jpg
귀요미 먹방,UCzw2juHzkWe_LHesUMz2IVA,9uMeQ6SyI9M,박우식 삼겹살 먹방,#박우식 #삼겹살 #먹방,2026-01-30T00:16:01Z,,22,ko,PT3M58S,2d,hd,false,168,0,0,1,public,youtube,True,False,"https://en.wikipedia.org/wiki/Food,https://en.wikipedia.org/wiki/Lifestyle_(sociology)",https://i.ytimg.com/vi/9uMeQ6SyI9M/maxresdefault.jpg,thumbnails/귀요미먹방/9uMeQ6SyI9M.jpg
만기TV_돌아온 톰과 제리,UC8-j9z9PNF698D1m--Hqcrw,9YC9uBkpleU,88세 장모님이 만든 봄동 비빔밥...먹고 반응 터졌습니다,"봄동 막바지 시즌🍃
88세 제리 장모의 봄동 비빔밥 레시피 대공개!

직접 키운 봄동으로 만드는
장모표 비빔밥 한 그릇🔥

하지만…
맛있게 먹은 사위는 결국
👉 다음에도 일꾼 당첨🤣

웃음과 정이 함께하는
만기TV 톰과 제리 케미 제대로 터집니다",2026-03-19T06:52:19Z,,22,ko,PT9M56S,2d,hd,false,435291,16505,0,1310,public,youtube,True,False,"https://en.wikipedia.org/wiki/Food,https://en.wikipedia.org/wiki/Lifestyle_(sociology)",https://i.ytimg.com/vi/9YC9uBkpleU/maxresdefault.jpg,thumbnails/만기TV_돌아온톰과제리/9YC9uBkpleU.jpg
노모어피자,UC52-_r6ABNonw0UURJmla7A,qVtQ2q783kk,매장만 5개?! 수익만 30%가 넘는 점주님의 이야기 | 노모어피자 시청점 인터뷰,"📍노모어피자 시청점 점주 인터뷰

“한번 먹어보고 무조건 창업해야 겠다고 생각했어요.”
“본사가 진짜 스마트하게 일을 잘해요.”

이번 영상은
노모어피자 시청점 점주님의 실제 창업 스토리를 담았습니다.

✔ 창업을 결심하게 된 계기
✔ 오픈 전 본사 지원 과정
✔ 홀 + 배달 운영 실제 매출 구조
✔ 운영하면서 느낀 장점과 현실적인 부분
✔ 순수익에 대한 솔직한 이야기

광고처럼 포장된 이야기가 아니라,
실제 매장을 운영 중인 점주님의 리얼 경험담입니다.

창업을 고민하고 계신 분들이라면
이 영상 하나로
막연했던 걱정이 조금은 정리될 수 있을 겁니다.

노모어피자는
사장님 혼자 두지 않는 브랜드가 되기 위해
지금도 매장과 함께 움직이고 있습니다.

🍕 노모어피자 빠른 창업 문의 : 1670-1876
🍕 노모어피자 공식 홈페이지 : https://nomorepizza.co.kr/
🍕 노모어피자 인스타그램 : @nomorepizza_official_",2026-02-26T06:51:16Z,"피자창업,피자,pizza,소자본창업,창업준비,창업아이템,요식업창업,피자창업비용,nomorepizza,노모어피자",22,ko,PT29M52S,2d,hd,false,715,6,0,1,public,youtube,True,False,https://en.wikipedia.org/wiki/Food,https://i.ytimg.com/vi/qVtQ2q783kk/maxresdefault.jpg,thumbnails/노모어피자/qVtQ2q783kk.jpg
지미테이블 jimmytable,UCkahcTbfqg3HZ0EHyi356AQ,HNTSzC7ZaoQ,"#105 | 난이도 별 하나⭐️ 쉽게 만들어 챙겨드세요💗 | 돈까스김치나베, 새우명란솥밥, 매콤삼겹살볶음, 명란삼겹오일파스타, 시래기소고기국밥 | 식비절약","새해 시작 잘 하셨나요?😊
항상 그렇듯 시간은 정말 빨리 지나가네요
이번주차는 조금 바쁠 때도 틈틈이 만들어 먹을 수 있는 메뉴로 준비했어요
재료가 많거나 조리시간이 길지 않아서
부담스럽지않게 만드실 수 있을거예요!
따뜻한 한주 보내세요💛💛


⏰타임라인 (2인분 레시피 기준)
00:00 메뉴 미리보기
00:13장바구니 목록 / 사용한 재료 양
00:20 day1 돈까스김치나베(*1인분레시피)
01:13 day2 새우명란솥밥 *솥이 없을 땐 바닥 도톰한 냄비도 가능해요:)
02:43 day3 매콤삼겹살볶음
03:50 day4 명란삼겹오일파스타
05:16 day5 시래기소고기국밥

🥕105주차 마켓컬리  장보기
[kim’s butcher] 호주산 앞다리 국거리 300g, 8,690원 https://lounge.kurly.com/link/nHLW-kmyN
[kurly’s] 국산콩 2컵두부(150g*2), 2,250원 https://lounge.kurly.com/link/kDDc-cIsd
*1모로 되어있는 일반 두부가 조금 더 저렴해요!  
[kf365] 한돈 삼겹살 구이용 600g, 15,900원 https://lounge.kurly.com/link/QBKp-cCbq
바로먹는 자숙 시래기 500g, 3,590원 https://lounge.kurly.com/link/zevl-ZRWE
[동광젓갈] 백명란젓(200g), 7,980원 https://lounge.kurly.com/link/lODc-QJib
[kurly’s] 간편하게 바삭, 통등심 돈까스 5,207원 https://lounge.kurly.com/link/qUjJ-oxxo
[우주] 프리미엄 손질 생새우살 200g, (26/30사이즈), 6,290원 https://lounge.kurly.com/link/Ffyv-PKmV

총 49,907원
+ 그 외 재료 : 대파, 양파, 고추, 김치, 파스타면, 버터(생략ㅇ)
*컬리 큐레이터의 일환으로, 위 링크로 구매시 일정액의 수수료를 제공받습니다.


💟[5만원 5일 집밥] 책으로 만나보세요 ! 
▶ 교보문고 https://gilbut.co/c/24105560YI 
▶ 예스24 https://gilbut.co/c/24106205GI 
🏷️ 오프라인 서점에서도 구입하실 수 있습니다.


#집밥브이로그 #쉬운레시피 #식비절약 #마켓컬리장보기",2026-02-02T09:19:29Z,,22,ko,PT6M57S,2d,hd,false,7501,103,0,24,public,youtube,True,False,"https://en.wikipedia.org/wiki/Food,https://en.wikipedia.org/wiki/Lifestyle_(sociology)",https://i.ytimg.com/vi/HNTSzC7ZaoQ/maxresdefault.jpg,thumbnails/지미테이블jimmytable/HNTSzC7ZaoQ.jpg
덕자네집밥,UC6m9CiD1jU52di9WoFNcbOg,9oBTLU4z_pg,맛잇다~~~볼 살~~^^,,2026-03-16T10:14:36Z,,26,ko,PT39S,2d,hd,false,46,6,0,1,public,youtube,True,False,"https://en.wikipedia.org/wiki/Food,https://en.wikipedia.org/wiki/Lifestyle_(sociology)",https://i.ytimg.com/vi/9oBTLU4z_pg/maxresdefault.jpg,thumbnails/덕자네집밥/9oBTLU4z_pg.jpg
MAYO FOOD_마요푸드,UC8geGLvpV8Z7RFgOKVwkONw,DyCj9u44yMY,[Full Version] 100% 국내산 냉장 앞다리만 쓴다! 쏟아지는 육즙과 쫀득함 폭발하는 54년 내공 역대급 족발 & 보쌈│Korean jokbal & bossam,"54년 세월이 증명하는 쫀득함의 극치! 역대급 족발 & 보쌈 🍖
오직 100% 국내산 냉장 앞다리만 고집하는 뚝심! 쏟아지는 육즙과 탱글탱글한 콜라겐의 향연을 확인하세요. 50년 넘는 내공이 담긴 칼질 한 번에 인생 맛집 등극입니다.

📢 Information

🥇 끝강족발[Jokbal]
: https://smartstore.naver.com/m-in

📍Location: https://maps.app.goo.gl/rcACyaWmoxmE6QC86
📍Location: 경기 김포시 통진읍 서암로131번길 31 1층
---------------------------------------------------------------------------------------------------------------------------

👍 소상공인분들에게 작지만 큰 힘이 되도록 최선을 다하는 마요푸드가 되겠습니다.
📩 촬영 요청 및 제보 이메일(MAYO FOOD contact E-mail)
      : mayofoood@gmail.com

👍Thanks a lot for Watching my Videos.
Have a great time and feel free to Subscribe my Channel",2026-03-25T03:00:00Z,"족발맛집,보쌈맛집,54년전통,노포맛집,앞다리족발,조리과정,요리영상,메이킹영상,시각적쾌감,쫀득함,jokbal,bossam,kfood,streetfoodkorea,traditionalmarket,amazingfoodskills,satisfyingcooking,meatlover,foodasmr,cookingvideo",19,ko,PT25M47S,2d,hd,false,1479,32,0,4,public,youtube,True,False,"https://en.wikipedia.org/wiki/Food,https://en.wikipedia.org/wiki/Lifestyle_(sociology)",https://i.ytimg.com/vi/DyCj9u44yMY/maxresdefault.jpg,thumbnails/MAYOFOOD_마요푸드/DyCj9u44yMY.jpg
