video_id,person_ratio,person_count
C7c1tjPipnc,0.325684,12
RDUrzF86x9c,0.126341,10
iIbVndDBGnQ,0.604082,5
0GoRhA7TCoI,0.216776,12
yHPmL18dBGs,0.322587,8
Bwf_D-IfNxk,0.575305,2
jNHVY47pQog,0.0,0
hQeQPpNlczU,0.348075,3
sgH7spysdS4,0.41753,2
lzb6EKoZKH0,0.216727,3
TKFthAGns-c,0.185985,2
7VQibILfmqQ,0.028944,1
CInGFr_bmbs,0.0,0
f_EP37bFANE,0.006298,1
1EqSgh5v9Rc,0.418821,3
k2lKMzChiCk,0.275719,10
XBD8EDhfSbk,0.418187,4
NtyeIzpzLv4,0.450208,2
iSuasvZ0XvA,0.43219,1
zkxRbgMSdio,0.300616,8
We1_oOrBVxg,0.350329,15
E6j3mveX7MU,0.56608,6
H-56dzi5CbU,0.467776,5
IoZ5UP4bFYE,0.525578,3
pbTR3WAWXcw,0.381292,1
H2qnljIctKc,0.231904,4
DvTkAHACnLk,0.384405,3
Lr-V9Am81QQ,0.488152,5
JnNrRRtQ12g,0.478112,4
Gn2Fc8bFsdI,0.325301,2
vM2ancNDKVs,0.500264,5
GZZOea4yrBA,0.414672,5
q0rPjIB-Xb0,0.637811,4
pkdF07mH0-U,0.517144,3
A8SBHdc_WkM,0.576391,4
WhpqP_m-pK0,0.005311,2
KaNo-w3xD8o,0.238265,3
nKgRJeCX7GI,0.0,0
6NM_rdGPrFE,0.091305,2
c10NQ6JDBi0,0.061933,1
mKZYKLTzI6k,0.61385,5
3Y-5PBD372w,0.0,0
ffKv7fLteOE,0.169838,1
a59WeZQ3mmc,0.179444,4
9UbU-T2gxiM,0.274505,4
vBnCjk-hwfI,0.227855,3
kCS5xByL4X8,0.316051,8
37U4alX0spU,0.04314,1
Zv5WRumCfOk,0.005217,8
Tg3gVrKFgf0,0.0,0
OsA0Jr-85VI,0.205295,5
UIsM64WH8D4,0.221638,3
rOT14Isjl_c,0.430521,11
ZjciDUVulgM,0.145081,4
JimAT2a-F50,0.267118,8
iZdKrdAhGv8,0.252257,8
MdEGG5IecCI,0.225156,11
jXGq12tYi3E,0.0,0
ecEW2GvcOak,0.240168,2
wWj6w5jMAeI,0.402969,7
5s-bxZGEAN0,0.196338,1
p87xIbLJDho,0.225146,1
AcCWmD52VEk,0.528066,2
HbWjc3y4kZM,0.378627,1
mhf22jH5h_M,0.59017,2
O8s0UB7AvqM,0.652153,2
Ra9t7piBUHU,0.380322,4
0cUvpyYyAp4,0.302398,6
W2rXHHctGyY,0.381109,3
hXX8Ve0-N8w,0.658014,4
zXTOl_Blhe8,0.614086,4
3jHCPJxdIRk,0.453676,5
u1T1YXDZDiU,0.228422,2
pCrj63sxuHA,0.048021,1
WilQQPGgfTM,0.240468,1
rSQYzjg1kZA,0.171458,1
5-eM8WScZ8M,0.426072,6
1VcJcQOIwgc,0.235836,3
Zms7G0Kqo4E,0.141835,1
-I5xm9HFXas,0.158752,2
lJeg_dwiXdg,0.211664,2
wcRvHXSozmE,0.133117,5
8FUxpVqgrtc,0.14642,1
_tH5NTfITTs,0.189449,5
4PKQBDr8P8g,0.0,0
0gaWNHlfYhQ,0.0,0
OdVLxa9tXWY,0.0,0
2wIKt5ZF4xU,0.0,0
jub6NCXDJVo,0.204328,24
0tIRsp5Hdno,0.341949,3
DovPF3GUzAM,0.601729,9
DkqFSB47O00,0.230298,2
nu8ldSCgi10,0.203675,2
KQ-wTLfE7eo,0.018021,2
c3hEsThxWTM,0.145854,2
p7gpJbgI3y0,0.402818,5
_6RLYelMWJ8,0.329808,3
LOuWb50qWRU,0.374384,10
2IOH1vfLd1M,0.297258,6
QiEo5hxLq9E,0.2665,3
haImRKZcPK0,0.292852,5
RI_Yu_cwhWU,0.0,0
SmWrK_vd7uI,0.0,0
i60cwf4kdfc,0.051028,1
7gQeTK4734U,0.475173,5
bjS4VPLpLhQ,0.36245,4
UpBCzXtXCtE,0.027985,24
aOQQwOo2OEo,0.303556,1
n9kntoWi0Kg,0.060838,5
v4EGRQVesNU,0.029123,3
V_RGxLZRYEE,0.286192,2
2sgXYRvHNlU,0.212165,1
gqzstmejGyM,0.11404,1
x73f1Wcdt68,0.064928,2
eB5ySpu06oc,0.267201,2
aPdqIzCG0iw,0.671326,18
3ULxjQZuPHw,0.536998,2
9-Yik__p_20,0.308708,2
GCWEim7Cwt0,0.268317,2
eg3gtPpn6Ks,0.302888,3
xxadZoPjX7g,0.254121,2
kzRE2H1Wbtw,0.429523,2
BgQITIsYvwc,0.61827,4
jIUhrifNVCA,0.467408,4
4cQ4qrHtTs4,0.0,0
0iCNRVesItI,0.0,0
T9nrSDuVj9g,0.0,0
kpydCrKenrM,0.224759,4
tbNpoHhF8uo,0.400664,3
nIDW6I45VzA,0.0,0
Y5MWcuVONxo,0.0,0
DGZsPoodnZI,0.598442,5
GMm0USYdTys,0.396139,2
SZZrHuru860,0.0,0
Gi0MOEERgZ0,0.0,0
wlNle86UfcM,0.191951,1
ghm_c_s9Luw,0.047367,2
DHlpZhRhG7M,0.590518,5
ERLN87qKDR0,0.319033,3
_kN-b9rYbQs,0.615816,4
nQckoyS-ndI,0.555265,11
ZNxClCHjVYU,0.018523,1
zhE4ao8nyiA,0.206608,3
5-JanXjSHhM,0.508097,3
mIxLNMmssNI,0.27536,3
6CfQmd3AYu8,0.349268,3
MLXCCOKBIbk,0.679677,5
GiRRyhXyroI,0.390086,2
U7CaxmTtUs0,0.630109,2
XDQBLnsurnU,0.62147,2
NXheYHy4Zg0,0.465703,3
x44H46JYlkE,0.165649,2
dbVe_1tY2eQ,0.01298,1
024ETO-RBE4,0.546646,5
Vm8L7K9Apg4,0.380356,2
gdT5yf0fmMg,0.539723,3
VcC6MLJ177k,0.644835,12
SwkSyOUZsPs,0.533459,6
3txiB5Vq4js,0.451554,8
mxss6MhVg2o,0.28383,3
VtLUy7AIQsA,0.157483,2
ZAeCdH13oDs,0.257658,3
LWvfs-Nv2iM,0.330346,4
qXqlS0-zeqc,0.430103,8
AoIIHtE9Qf8,0.320363,8
JF9HoZWHxYQ,0.313238,5
ECZs7rCrFrs,0.301868,3
0k0uOew5STQ,0.817021,11
W5ruxipPGMM,0.825664,7
G0uBy50ykfk,0.662383,6
00uT4SbZvtM,0.409634,6
hiKOxxzn2e4,0.257326,3
lFQ4dVfp1pg,0.772674,8
aWjtq6I-JPE,0.360672,3
4DSRzWvGVzM,0.363715,4
Yn1YBEpcqGY,0.242655,1
PQ-v0NH1Dyk,0.213117,2
ju1ZwH2XD54,0.319053,3
AS2FUdgMVWI,0.576517,3
j7WFMtafgDA,0.2464,2
zyJQ9Bvg2Vs,0.482607,2
pJ0yrajP2gY,0.427457,2
qwvKoC7tCho,0.402458,7
ti5pAD19skI,0.418103,3
AjZeQ0mWvZY,0.545296,5
AppYkttbHho,0.22375,5
xzPEwwFPITw,0.223623,5
nSXqIW3dmj8,0.411013,2
GiptwHt3D8g,0.0,0
bGEg4BBiSxQ,0.048687,1
07h8lbf70I4,0.0,0
k2QginbnLkc,0.000331,1
3YA8tArGpxk,0.702096,15
WiQsKnlj3B4,0.210085,2
Dk_SO730kqA,0.036799,3
k7eiGoXJTpI,0.245552,2
GWOj4cZ_62Q,0.50439,3
u5AjUBltuuo,0.550339,5
Ldt12-cIRdw,0.360643,4
8VcLe-_LxEg,0.443804,5
65hSutTikMk,0.279936,2
01LyvSUfnQI,0.274462,2
x17HaTjdxa0,0.145567,4
3Ag8z1iLoKM,0.203559,5
F_B8lfHMH0s,0.466019,3
3EufUA-5HoQ,0.342471,2
o2tsEa1Kv0o,0.487014,4
mLLOTnxyEO0,0.221534,2
Pzj-0GOWthA,0.617266,2
mgOzt-XDzkE,0.749855,3
rw_4NxSal3k,0.395438,5
CRx-B3DJtNU,0.29853,12
MI_7wOBA8EA,0.251548,17
FitbWwJAT0M,0.480162,2
4svGFhVvy5s,0.060299,1
-uSgG8ftEHA,0.102569,1
9af9JF6DH9w,0.296742,3
kpcTI5wKKvM,0.280184,2
JUE9aLYVhrk,0.404456,13
95bDbjpOfx4,0.537033,2
MFsgyftJAck,0.61133,3
ptUduz9z-FQ,0.421948,4
FnbD4wqWye8,0.20379,1
-idOju-zBlw,0.262054,4
rbgZaG1S3Uw,0.274456,6
EmdVwmnCS5M,0.380991,4
DePnmE9Gpfc,0.178378,2
Niy8ocX6djQ,0.638016,3
NhoUQaB7OqY,0.179065,3
Fu9H7aTlJwM,0.653455,5
GHbbswVEBes,0.310812,1
Lo8LlVVe0LI,0.017731,2
tYl8dIFa10k,0.212919,2
J_TifaPCi5I,0.118032,1
PA0Gd0LOI3Q,0.171753,1
utw7GEBv7Ps,0.0,0
h_zoeJ9MYkw,0.187575,1
zipQtq_fmlc,0.747677,4
dZWElPsU2Ls,0.152028,5
RU1MueWD13M,0.531984,2
nU03C6hZ00g,0.259942,2
duvGtl4H7wY,0.353656,2
CFIHZbcxseQ,0.266434,9
1N693U16xIc,0.21416,3
vc3eZ8LZhfM,0.333894,3
zVdhGa9tm9s,0.224606,2
-T_Ux8frHao,0.332524,3
eGn2YCXre8A,0.546195,2
4HYmMNwU5S0,0.490681,15
pQVprSznWcc,0.320885,3
Gws5N-hHwrA,0.330705,2
BLN4MN0Z-f4,0.594119,2
tuf0J94qwIg,0.015812,3
MfDLxsH2DFM,0.223529,2
c-IyBmWSck8,0.117581,2
fCpDNfHQ09M,0.040107,10
BkToI1JSI9A,0.093929,17
rt5KnUoZWnU,0.132946,17
GU6CJE0emDw,0.009281,4
OTbBqVkFSfM,0.025954,5
Z5O4itZXmy8,0.637271,3
JMU-tZYz0uY,0.474474,2
0yoBTWXP7jE,0.230752,3
mITp4T1M1xU,0.447201,3
fmLvMi5lS9o,0.271938,4
mVc_VIJ-Nrk,0.239785,5
wLgcjllN1rM,0.352238,3
22u_vRmEkqQ,0.394919,6
FKz6u4feIX8,0.359786,4
gdVsrhvGOpo,0.591566,7
FmvTlOY-tVs,0.244125,5
i0Vp7TmkFtc,0.062965,16
NgcLk8_8_z8,0.166249,11
mZV8gqD2qeo,0.76813,4
iqPsLyHy19o,0.350584,7
mkUEIhCIeqs,0.215255,1
PQsJALm_cKA,0.340758,6
fz8RbJfL-Wg,0.416707,5
mGh5BD2URGQ,0.390098,8
At7oQH0r99E,0.266997,2
jjjLcoF4lLc,0.302604,6
0aJwHYDQVGQ,0.445411,4
XxsS0yUWlSo,0.203929,2
hyt61j7c8NE,0.231304,5
9GA9PIFStqM,0.223905,4
rwwiNA0FrCs,0.544503,6
lJqiRoNpWjI,0.212245,2
14COa3qSAjA,0.188203,1
282P-NHG4Rs,0.11009,1
9iSa42OCZkE,0.229861,3
wOKtL7pNEfw,0.0,0
9Xa1pOtHu-k,0.013805,3
2vwPVEmCtKo,0.550592,4
xCzYcW7wvYc,0.184313,3
it1kfw9paIs,0.110222,6
dimWKNpR2uw,0.097132,1
89cDaCWZMqY,0.146232,1
x85Kp8b1aVI,0.314813,26
1MoaE3TWlOk,0.213406,15
YB47c3U0IH8,0.057114,1
D_GCDCeg0pU,0.336186,11
7naD7gdoJIg,0.103581,3
Vdq7sDRn004,0.178124,9
mPIwLSXtwxg,0.348096,3
eMceRyyOOWE,0.323091,1
1DH-VrJx8zQ,0.518134,1
8UBEnaP4jvo,0.539912,3
HEl-xkard1M,0.19187,2
AhneCyI0BMs,0.15148,3
K8PxXTW6n7s,0.656359,1
d5d39Iv6F7M,0.209736,3
uQpBQC_0CR4,0.392665,8
KduBiX-Q-Us,0.421087,3
M5JNg-7KxyM,0.619386,4
Euh06jf-PxE,0.374702,2
U-aeHfm993s,0.71237,4
wphn77pknJ0,0.804575,4
0nBzBw_R9ZM,0.0,0
6VVgup7ccEk,0.0,0
TDSOzvMBEpg,0.0,0
XrFoGHYRTW4,0.0,0
FekM4n4cfnY,0.0,0
lleuVWWLLF0,0.0,0
28D3QW71CBY,0.0,0
u8QymuGjRec,0.0,0
BtLB6F9gWBE,0.0,0
mdtIm9eD0y8,0.402921,5
VC11tYFr2TA,0.200079,4
6B4s0Z99PzU,0.275909,3
aEPh4CjP6mQ,0.259155,2
xW_j533LV0E,0.217824,1
6yoM75z8GHE,0.277807,1
fxv28z06lvI,0.236557,1
Ln8CU9M2b6I,0.29364,1
oXmNDS4YhOA,0.229711,1
4tXoCTSGfS8,0.296298,1
GmWSKrZpUQ8,0.053962,6
F_VN1Si5EtI,0.145099,4
AKKuoMfEy0c,0.281356,6
rot8ACCm304,0.328069,5
0K07HA_ncVQ,0.125117,1
EX9eKjRkh14,0.289338,4
fVFqcWlgowE,0.286732,5
Fl6EFOZwDag,0.310994,5
vEljgaCBeR4,0.081649,1
dVBlEML2C2I,0.186717,2
GxTqeDyCAug,0.149871,2
4DCeIVwyJ5s,0.018687,1
pd5zDS05ncs,0.232938,3
WAOxRsZeLmY,0.20664,9
g6nqYW68oK0,0.413202,3
M82pEeHQvhw,0.185907,2
xq6Klzzzba0,0.227496,1
IUrU50C0Xlw,0.338124,1
WXJCePQJbnk,0.175295,1
b9osxsTNhXE,0.179,3
HdoGCHiKum4,0.235275,4
RN1TyCuVgUo,0.410818,2
A2V2M0neIws,0.492585,2
9baC3FTK9FA,0.576186,2
Kp2njyUq4bk,0.527434,9
0w5XTzfzN5I,0.813204,3
JIv4ch-Whwo,0.393026,2
sUfoov3rjfI,0.387246,2
APjIKLc6bEk,0.492343,2
j5LEyv2fqK8,0.580461,5
NlEJ4DPZpc4,0.408482,3
Y40pAztPizM,0.0,0
27KVcJLTg1w,0.172466,1
lwz8znh6LHk,0.715971,5
vlJPSicQnq0,0.579167,3
gvLWLmsfk7M,0.517809,2
CO77eo-LqQg,0.644804,6
rmnsPzSBnrY,0.695506,6
5UMTTzJYBsY,0.321755,1
v4dTw406zTM,0.445526,2
rB4LrHivW2c,0.250366,3
p3knPeHuk5A,0.22995,1
vNnof_D6deM,0.58897,9
fRm50Bdihro,0.723633,4
YqFr0wbZasw,0.26938,1
TnC1pPp6Rek,0.413347,8
tmnOr8BWMBM,0.142177,1
kWT9SR076Tk,0.358518,2
bUKL2ZOD7uY,0.270829,1
VFbE3t5pRfw,0.11706,1
D42_l46EEis,0.118495,1
FYcybBoecZY,0.116065,1
1AbPkb3twbM,0.359925,1
xEjqUkRTWwk,0.483808,16
o8Ug52UgbKc,0.106476,1
_rDVe52XQrY,0.310475,4
a34_RPNeQho,0.00158,1
qLswixCjbaI,0.515729,2
6iTVkebf3TA,0.645508,2
4OkKTyZNDNE,0.396183,1
OIJ6s2QXglk,0.818589,4
_s92RHdT9eI,0.719255,8
-t3zMjk4E_0,0.693706,5
YUZwmK1vnGk,0.763738,4
taZl_NyreGI,0.667069,5
k1H6QRmNY0A,0.562227,6
AEfz7QrIXgs,0.426644,4
_DLh0-_WL2g,0.61194,4
I7OJrvOsNNM,0.086714,1
711f57Ndw6o,0.330572,2
h3TfvhAr6fU,0.285315,1
qKhXR1g95IA,0.538271,2
LuYRa9C5Sw0,0.209225,1
7hw9VHT7j2c,0.365413,1
kV0OMSrBmf4,0.29722,3
uOYqKL3bAbA,0.447132,3
GyCszYLGCDE,0.238929,1
oQaFoMzJIq0,0.407636,7
m0fV5zCUxts,0.472592,5
zjrJ4UufdMk,0.438096,5
zsVWJsOABSc,0.731546,5
WtYaveEbvOM,0.406284,6
NjRDGnRgMcI,0.368239,8
zlltv_Cuay8,0.394118,10
Laxp0H-rJq0,0.386261,11
OcaJ0ttIgX8,0.231303,4
U-8PucKZ0Ao,0.265991,4
2_2fS6orD4U,0.2052,3
j7s6ca-AJgA,0.22638,1
jOdSonCGKkg,0.448855,3
CdrTi8WfdbI,0.174971,3
CI-uX37sjL4,0.0,0
H-IdU1jTr6M,0.018123,1
Na3tT_UPKBs,0.196685,1
oAUeSOkwgq8,0.007578,1
1AcsXmSKLNw,0.079716,1
1XXb1TCvohA,0.079833,2
99Iz7VrNbo0,0.049187,4
GBpwB3iVXv0,0.131899,6
rDA-a6VDHL0,0.533573,2
h0JqW1ZuU-g,0.0,0
QKHEEBF_XHM,0.277399,8
Rifep69fN-E,0.267762,7
O_gQWBMGuFc,0.0,0
4s4u-OwqjCY,0.415056,10
sKDlc1LssLg,0.238165,2
7FAzGHfM-io,0.113291,1
AmPlGw_oUoc,0.443066,9
Bcx1HbiwVpc,0.162577,1
SH63Rzo6gSo,0.292325,3
fkvDTb0NoTc,0.267513,7
dcKe-abcpSs,0.0,0
1bEDovFOfs4,0.0,0
n57_eodIUOo,0.0,0
k47PL1UZr0E,0.0,0
qinCQV5wuEw,0.083669,1
-eFxk4heHH8,0.0,0
kSRAJCP--fo,0.125598,2
Y_9PLSplnsg,0.0,0
Xs8c__Afgvk,0.0,0
ckpIVQ_070A,0.0,0
7Z_lIIZdLfE,0.051657,1
EWaOSZZXN54,0.0,0
Hi8xBks5rQA,0.0,0
lZCS8volRFg,0.28006,5
2tL6XQkEI7M,0.626041,3
i_U6tUkZ4-M,0.139016,3
XTkZ_j4Fv5U,0.056807,1
uK439hgj1p0,0.678486,1
RtMj4FR8xnM,0.0,0
7HkFekbLQuA,0.023251,3
3JuGq65D6CE,0.0,0
y9I-VlV3w-Q,0.0,0
61Fp8v9bkPY,0.542222,7
Uwggwo-k2Tk,0.2832,7
cMEK_wn0ISE,0.193125,9
pYLJr91CIv4,0.251627,1
K3ZlruYvJAA,0.250725,3
V6May_iPgmE,0.587299,4
JyWca4Kwix0,0.493538,2
mdayXrRnPHs,0.422952,1
9vj3hzLNP_U,0.609505,10
MgPipc0VKo4,0.503992,2
TA9XCmHcUm0,0.425693,2
OmnoDxZ73VY,0.440696,8
Vc8ueMrk3QM,0.493261,3
62RmjOuvoPY,0.156172,3
kzWlfcLjfoU,0.16307,4
Xp9SiauRSk0,0.131952,3
cSKbd6ao850,0.31534,2
WYW-mw9Hqes,0.39041,4
X26XDMKuc5w,0.41627,6
4hRViCh-8wo,0.69745,4
ZD2KbNE34zU,0.417578,5
CRPq7vl4jd8,0.41998,3
Xl5gYnBZeGU,0.168012,1
2sDDWdeFyJo,0.269862,2
FfWhVOJvV-E,0.568845,3
1mIcOUxA6jM,0.419864,4
4OkKh2mS70M,0.270334,1
UdM6N8k9pdM,0.294869,5
qa0a9VvcfCU,0.176904,2
-ouBmItj3ho,0.373448,10
mK5xBef4dvc,0.156483,1
X9scaMcg_lU,0.256738,2
OvvWo510yg0,0.299321,3
P8Wd1Ds6bE8,0.607067,7
9qfhMRTare4,0.177645,2
V2qVJ57p7CA,0.375927,4
S7vJ33Q1p0U,0.189766,1
5AiUuuWLBiM,0.0,0
6DfIQtPd50Y,0.0,0
Nfux-4wtk20,0.0,0
9GySoONzcZY,0.0,0
ph3KbN4JLBk,0.0,0
cQL8Wf9Ia3k,0.053403,4
wGOonVxXARk,0.030116,2
7nfsa4nhQ5Y,0.293183,4
sGjqTrlglkI,0.0,0
lPVstzb5XrE,0.567205,6
nsBhrktA3-s,0.220617,3
SL3D6XPxKxE,0.541035,3
ZPFN6jxDezE,0.410013,4
z4SzKQsSwQI,0.652791,4
-pcefIFzuVw,0.407887,8
Jwejv9W6KCM,0.393191,3
yz4MqV4sVWY,0.184634,1
N8Z2rFu3-oA,0.429761,9
_L4W3xTtcJ8,0.350155,3
tmxai635e_s,0.0,0
H5tLnt973QI,0.144269,1
-gbxe38Q-xY,0.472219,2
lT0QgtfhtHo,0.0,0
KT24s0PCwZA,0.259311,1
j4HasVGBv4Q,0.0,0
-MKPZX35Ef0,0.779372,4
3TFzXMAabN8,0.647757,4
u6E2Wzk35HM,0.332981,1
x4lelf1omFA,0.432475,3
jPPwdR4BUnM,0.361262,1
AsjozZJutOM,0.565065,4
jtgc_0ks0Ns,0.340622,2
nIGATjyVsj8,0.249877,1
tMrsg8Xif-c,0.393519,4
344PHl5A7nM,0.391567,1
z90hFa0wcpQ,0.574903,7
OXuHQohZ0A8,0.138675,4
C5jBtwObFaM,0.402095,4
gaZf_MF7OH8,0.320771,3
fYyRM-17oC0,0.199453,1
OAKW6n8d7i8,0.081274,2
iJPXMPgzMcQ,0.520201,4
RVV2kOKsUdw,0.361947,4
ddrLxjLhcpA,0.310314,2
zHwmMQoepik,0.0,0
p-ddKzYfuUk,0.106072,5
XSlmnhFpegQ,0.071433,2
k6k09WgBDHw,0.227786,1
zNWXYI4trTw,0.287201,1
TqGWAlTUkc0,0.286402,6
gh7tU0buOD8,0.45466,1
cpems8b6MP8,0.0,0
Yt6eLT2B4Kg,0.0,0
bUAel3DEO7k,0.0,0
fXMif64QGDY,0.001176,1
8Kwv9kMl83o,0.0,0
jIJwqh1C1DQ,0.322692,15
Yg0G2TRuyPo,0.269673,2
WVVWjNJwVxA,0.385474,4
IG-VEyuLmHA,0.572224,15
mxylDl8KwHs,0.286323,7
EUlOr_xzi2g,0.342224,7
vq4gm5yX6J4,0.111733,19
4pz5YDz-Xa0,0.22674,15
710Y8VoiP10,0.148971,5
EyZRvVmC8x8,0.589208,3
IubRfLVazwo,0.734536,4
AFdPPwjFd38,0.392253,3
E7XHOtxQwUQ,0.300329,3
5v4ckzcp5fM,0.449223,6
Cv3dcKIODnE,0.153576,1
AA99BxRw-5c,0.417664,5
yGLGVMoyMqs,0.343611,7
qK677GcOuPs,0.222933,1
BSMSfTIcq7A,0.413355,3
cthslzPYu94,0.32476,2
3E9rIHXXscY,0.457171,4
UIUQfgQgwqU,0.252054,2
kj9XWF_4yLs,0.399801,2
aPRbDctjlfw,0.261705,3
IJ1z9sCS9Pw,0.340089,2
_k-HmVJcC7o,0.304944,1
ImG-DuTNsjI,0.392731,5
8-6YB06xQhY,0.173665,9
zstJ_chpZ-w,0.0,0
4l6PjUzXo5o,0.391238,2
KMdwr9v3iUo,0.006684,1
nQJuhDprRuQ,0.45901,3
HzuSF0VMWnA,0.124867,1
AFvp6X62UKE,0.0,0
hSQ1M57U220,0.0,0
ADb38Zw_zzo,0.0,0
Wgz-I1tIghM,0.171802,6
rQnutRh4D6k,0.244313,6
UsmNScXxgus,0.427091,4
ZPUsoslHC4c,0.615479,8
TAHx92TV2Dk,0.414761,5
sJ-xan5mUfA,0.483019,5
WDeTBfVOy10,0.494072,6
RNr_Y4fDAhA,0.0,0
8pU-cz7NyiA,0.0,0
BW0bUkWkmyo,0.0,0
dmIWrPEyXuQ,0.0,0
OPPkJrfexsA,0.0,0
1m6QJEY-mwk,0.0,0
jF2tNpgoByM,0.0,0
x6GvGTdpqHE,0.0,0
_MNCTzC806w,0.0,0
RoMP5bRt0X0,0.0,0
mbZFHKjQ578,0.021972,1
SOtmTyd0uIg,0.0,0
gpBDkD4f78A,0.169738,1
u8Qo785eXPc,0.048484,2
YqFTIwiOTpQ,0.174758,1
r870fO_0bbM,0.019299,1
lAG8DcB_mf4,0.126391,1
Ka7a4L5bYks,0.43866,3
ILLROrWFLIo,0.410461,3
UZL-lIIu_h8,0.158977,2
egg2xpN_Hb0,0.163139,4
sKzuBL7jubw,0.0,0
XERHd_BLStU,0.198034,2
o_MiSAumGFI,0.06576,5
WOH-GQfLCrQ,0.462984,7
08gFHwSZZtI,0.513872,5
sQwVsKcJIG8,0.238127,1
ZT8qsgz4rkE,0.138403,1
7m93kJarsXs,0.514865,3
zuQtoCzjVNY,0.893548,4
pxlUQrDADtg,0.523191,3
5ZTwnL7YBxc,0.501143,3
e5Q89mrY_Rk,0.701293,3
mCeafbBXhfs,0.70834,4
z6LOxYPMUxg,0.197395,1
S9zYmbcSFWI,0.576395,2
JneRsHWYChs,0.707204,3
4udi9nruQqU,0.728452,3
23bGJhbbzb0,0.124933,1
G9UNDRLbxls,0.401766,3
mdGFnYDy-8o,0.638525,4
ZzMZ9UI2SqQ,0.611669,7
JLVuX5IoHwA,0.140953,1
yw_Z2dAcgmw,0.388408,3
zBuFFHX8mUk,0.0,0
-vgsvhyIyyo,0.225809,1
87-o-7tvd70,0.350741,2
BbV_ezKOANY,0.364276,5
mt6_miPso6w,0.0,0
CRih7l52qAE,0.622933,15
9HOwHlrCEC0,0.260068,1
yDCJaJbUEGM,0.416939,3
DCs7eG6Bppo,0.009306,1
fE1ZQklMGpA,0.359951,1
l4VXB7SegXI,0.355361,7
x4Doio8VLG0,0.28435,2
p0MCsp3X-k0,0.17294,2
V29GCpmFvHQ,0.1496,1
eHA4R3GsfBs,0.15114,12
NQR2ljxMums,0.13969,1
lmH6O48Snqs,0.136721,1
pNKkzBHntRA,0.130077,1
I1jXZvxMZIU,0.10547,1
EuNqqa2Jxy8,0.0,0
sozoKcnX2-0,0.085563,1
UKurNMFMHYM,0.187804,3
V4Knkb5ewl0,0.037193,1
PMZpoBYw6aM,0.620069,7
B0KZ_GpMdDM,0.205489,3
1cMKMKcVCSQ,0.136254,1
P_T0eXIpuWw,0.081083,2
tyljnzGIgvc,0.037094,2
ZEJRB0_E8I4,0.0,0
fAYsdFQkFAA,0.171006,1
Tyx8VOc4uLI,0.726785,3
bQZSHVOWSQ4,0.217836,1
fJwexujD1ps,0.213009,1
jvWnEPlsL1c,0.242316,1
OE4jNq4LlcQ,0.353524,3
MGYkDmHMJ2A,0.770484,6
wr69V_O905g,0.775683,4
jdpecByF1vg,0.723265,8
wT6JevpCxms,0.713082,9
TdK6GUTYOdg,0.734614,2
OSojx3w-8qg,0.506186,18
JiUhRBzUnYo,0.772333,12
YqmTJDtuyM4,0.52952,3
TkVfwxamBiI,0.400095,3
WpjdzUF2FUA,0.225773,3
5fqIC1ZlwJ8,0.371952,6
zhX6iJgHyxk,0.343834,5
P3VqgXCB-Ss,0.184875,1
UHQk7amodnw,0.251386,4
Fj7jfm_FI1c,0.358964,11
RGnRU0fa3wY,0.507548,7
5-t0ziRO6S4,0.402137,5
ZNtVoEzixtA,0.08028,4
rUBrlpdr2Ug,0.310241,15
WSgOBwkS-4g,0.535298,5
SCS25goJ0OQ,0.33252,7
rVwNfVaIlj4,0.348728,4
pxi2stiMaCM,0.397199,11
T_77ziYUAfc,0.253643,7
WWg5lUItR74,0.357874,4
bjD9vCFy_O0,0.279874,2
dhGoOnrZB-0,0.104823,2
sXCFx9axvoY,0.076048,1
sKGNU4f6cAA,0.387326,3
6gMGLrqjVU4,0.306435,3
CopyKSw8O8k,0.482494,3
OiwOK8SuBX0,0.425255,3
YVxgweLzWdY,0.330781,4
aWyovC4_WBU,0.355596,3
TCbWCbRfyHU,0.39456,3
UTRsdZWxhjg,0.436892,3
O3Fi7apclN4,0.427187,5
ZeAi5fMS47Q,0.133866,1
lnuXdWO9IL4,0.665473,12
OXtPnQfY9Vk,0.541656,14
jxFhyzWHxDo,0.631521,13
RRp4KWFDP8w,0.307351,9
6oSeXIX1mlg,0.335203,5
WSjyrJvJAx8,0.428363,4
2hdS_8WZGEQ,0.346667,7
_bbYVGonVQ4,0.588141,8
Ui7nHFUB0YY,0.0,0
YSiPbypXVVQ,0.265394,5
Ya4hew60hdc,0.0,0
SAk2Iax7Xj4,0.704821,11
2CrHMKXV0UQ,0.381823,3
3mUqtGSuA9k,0.714886,3
h_yVXNga2gI,0.332944,4
rK3AzHpPLek,0.809794,6
9LzH8CkrmWM,0.752266,7
RTgtlu16faY,0.658007,3
xSaeg9Seeh8,0.683715,4
X9SZg5Eq3eU,0.589974,5
cBKJsOu-pSM,0.656227,2
I6ZD5ZoA0Mw,0.574451,3
X1LqWEFjMjg,0.44092,4
KubvPIgG_o8,0.346429,4
qG4eK8Bj0Wg,0.385336,6
rQ0MgNOHVNk,0.403785,4
rXiP_DFFgFc,0.48026,5
6LX-XHQafBk,0.193113,1
dPtG4b5V42k,0.227882,1
VS3IG6JrWZs,0.0,0
QPdi08EKKzc,0.0,0
boDIfqBWsKQ,0.350747,3
fInYvqYURUI,0.0,0
HU-oTc-sSY8,0.818606,17
fIXV79s55Ag,0.098947,2
PdPmYDH0Is8,0.455076,6
m0ZAyY5pchU,0.367324,6
WX13xMau6Aw,0.300001,4
tDE4cZP8RZk,0.166242,5
9w9uZe8kWZs,0.240444,5
lc3cXPYHNLU,0.241848,8
huWUoBldpME,0.171419,2
2qdxZl2FfsA,0.41859,12
vYUrW2cADYM,0.237215,6
ckNfduPv7wU,0.028888,3
6iaoFBTIGtc,0.0,0
IAceyk_CXTQ,0.0,0
f_YxTVhRR-o,0.0,0
jDw-2b4pibQ,0.0,0
RKseQxcWuOw,0.314058,3
RPrcUy8VDLU,0.26209,3
uUhEfZ1ndk8,0.291645,6
oruHlAHfAa0,0.182798,2
ZV4H1FxZdOI,0.522744,12
5Pv3Xrza3xs,0.185153,2
_56GlOLLZRo,0.30376,2
Ii-GwnSCFlc,0.358464,6
e0ahhdAH_Hg,0.0,0
hCpnsYOpBY8,0.0,0
GB-glceHveo,0.360978,5
Av6tqa0MyU8,0.078808,1
sLoI1g7usGw,0.0,0
Yw7WDejSpJI,0.0,0
S6KeMw7-99U,0.490321,3
HruzZ14C0QE,0.543825,7
VoaXIKxdx7M,0.555391,5
75KTFFhbFqE,0.421143,3
qog_Rki6AAI,0.480498,10
fxKXc872les,0.679871,9
Cx7fWpXqdhQ,0.271811,1
hXRALzZCwok,0.468056,10
fNs7vTHA5c0,0.0,0
IVWEowBQWws,0.295863,4
ognGsZ3-gsA,0.19072,2
xXEbHQ41joE,0.347164,13
-LPC6efBZF8,0.0,0
Yi8K9F_2N1s,0.149924,1
vBNuDe6_yVM,0.08063,5
_wmpU0wbATk,0.203542,3
aXJOq_Tkf8E,0.083854,1
s3K6QOTNnsI,0.530063,2
3R9LC1u4nYo,0.504333,2
BVmSN-a07wM,0.322278,1
XebrgHhexM0,0.422584,8
z46e9gyxddQ,0.397627,1
o0SpPRieMsk,0.846349,7
WPnocWxSj7Q,0.706187,1
0cIE0YikWXQ,0.611968,3
1oybxONNNxM,0.552381,3
ykr0WTEqOF0,0.660312,3
1ytxp3lVLGs,0.379368,3
dsroH-cfVMM,0.327657,4
HRigXqj0zd0,0.506556,5
oI2dpDXrKfY,0.156595,2
QEm_VaRVqoQ,0.254822,3
5FObV21t9Vk,0.134677,10
PsK5Lj1-GFU,0.323411,3
iWvflaCkNu4,0.378292,10
mVZNLU8dH4U,0.555167,5
1hFI65D3mIs,0.486373,11
ie70FsAm_fQ,0.298158,1
NvcbLgHHyzc,0.345911,7
TqPWWBY0Zxo,0.456048,11
FvZY3RM9lnA,0.339809,8
n5oZf7t-Zps,0.643863,10
F0kPOvCBFo4,0.443025,10
YyhDyWr8NQY,0.0,0
Z8A5YymxShc,0.347922,1
ynqAiZzrS7c,0.35099,1
MFNqyqnYyJA,0.599327,6
_XJWO1nWy9U,0.33092,1
MPMjqVBv17A,0.515633,2
p_Sn4lqvdgg,0.84881,8
YdHyR70hSrI,0.250273,1
0lbM9dYXtro,0.698841,4
OU9ZhMFsY_o,0.56449,2
PgpzdCJzlE4,0.671875,2
obUFIZxJOXQ,0.461106,2
XQBUM1dxAiI,0.697795,4
MzyxZZLz9Gk,0.736973,2
kVwJ2V402ZU,0.341544,3
yOKga79wIXE,0.233417,1
p_zBGTKedX0,0.539959,5
lR7F98ueDzk,0.285808,2
zbnOz_nEBHQ,0.353502,4
3757753j6Y0,0.571467,9
gLITeAko24c,0.349418,2
7ZJTdowY3zw,0.300909,2
9R4vsSYzT5g,0.360864,2
y66av4Uv-Ak,0.34638,2
Rqx2yIDW02k,0.464195,3
zT4qCPd8qoc,0.307917,7
maO4etYYU_A,0.400608,2
nHUkEoHEfqg,0.60856,5
VJjLC02Jgu0,0.493813,4
B1jK1ULO0QU,0.43634,1
PI2lAm7izsg,0.422012,1
3btlJNlMzmg,0.513329,3
KtcIKSho9m0,0.632554,5
i_nIyKjGCLY,0.328162,2
RGQ1uAQeRY8,0.551808,4
ZYCU0sG-_qM,0.305125,8
IbaoBGsAlAE,0.107449,1
nSgMadEsaTw,0.683153,6
kqYC-NcL2Cs,0.370263,4
AfRdt3BJzJY,0.0,0
MguINRjpSQg,0.0,0
D5yxjspyxPk,0.0,0
SUY6LSK38qw,0.0,0
NJQFRwOz_O8,0.0,0
86uBvrof2IY,0.002617,3
SrdEiLfr4Qg,0.0,0
UDeicp4-85s,0.0,0
AUgZVy0mtnk,0.0,0
wE8BNVdKseo,0.002526,1
sqEm03va4Fo,0.0,0
aP81rgepG74,0.093098,1
8xmoXMVvyP0,0.108105,1
avcHrDdSJ8E,0.0,0
3Cd2m1L_Uj8,0.0,0
abjGoYzl7ug,0.158786,2
EJlyJQooz1Q,0.353184,1
utP8aHWCkHQ,0.158953,2
hOrk70XWFGI,0.280763,2
AGeLChWM8eY,0.477627,7
foUkbeZhwcE,0.312657,2
wdadEOpViKE,0.158968,2
0usFQkDKOiw,0.475545,2
ltmerRsvbIA,0.459179,5
XQ8ycA63C9o,0.159048,2
nqhOWL-njlg,0.189428,1
7GPm9bhKDeA,0.227737,1
vlu95TDrBTg,0.200745,1
EsFSLlAYGXM,0.195407,1
5uAkrTiL6tM,0.275494,1
OLp7mt3pcrk,0.16662,1
fagUScOiF_4,0.24309,1
FTgtcz_IECI,0.427863,2
3-cHXAd_SWc,0.356236,3
ng-IeGHkyoM,0.329133,1
wiXN9XS-g2Y,0.224334,8
9VA80UIbJmY,0.0,0
mXm4eMW-UvU,0.0,0
gQSUqlIFrLo,0.379814,1
vZXQKmMnTAM,0.210163,1
zTljhCBrxAI,0.284001,4
8gvbGF39nC8,0.18275,1
2hTAfJ1vs0A,0.299803,10
ehrUGEKufkM,0.323936,10
n0enuSluuW4,0.308311,14
XW4yEzPLhdM,0.306482,11
TIb_oYkIQQ8,0.305702,11
wwyeP6XtQmY,0.132193,8
EP-pyfK-uzI,0.195199,13
ASQMvHlNkKY,0.383967,17
wxfPOnOgeB0,0.239922,18
wMUpbPFVlko,0.458018,2
p8KJDnqrYYM,0.226105,1
Kshdu16MCm0,0.55244,2
52v_npkUDg8,0.175234,1
_H79pulPAnQ,0.125067,1
aw6fooF3TZE,0.452701,2
lDPz8ZSDsZ0,0.51532,3
4QAS-yil-BQ,0.338452,2
6ZQFf9V-0f4,0.185046,1
WWnDJom0FG8,0.478908,18
vAbTi0rd6lo,0.360314,4
SPIp52Tkrpo,0.713478,4
V-9oNiLRPwo,0.039266,1
Eu4WnyhyQlo,0.517879,2
MP4IJ9qKE0I,0.310049,4
5eHv79nv8hg,0.489076,7
3AglrxhKQvw,0.556315,7
Fw_nSdHeAuc,0.427742,6
RLDGc_IS3lo,0.152648,3
zpv7mWSX3uQ,0.112051,3
8OMZaH12ye8,0.120144,2
RCTyK9iM8Oc,0.081551,2
L61b8LCbhH0,0.57714,4
w_eF9OvyaO4,0.097646,2
Gr8irUoVkpA,0.606709,7
q_z4N6QAe48,0.050329,4
TjuVPx8NZKE,0.123473,4
NmH2T-6xw0w,0.333849,2
4BO-21tlod0,0.51251,5
AmjxDH2JXQg,0.496093,6
iykN_Lj6Mmw,0.0,0
K7Oh47uUIW4,0.301407,3
QqH4GSvQX2A,0.41076,12
b5dxHCyC_lw,0.427378,2
GCJXLCgAiPM,0.429647,3
flqLCzcbVrE,0.375185,4
FBhlFHQ-f9g,0.281299,2
y_u3-c8pZ9s,0.165589,1
p0fGaoLh2_s,0.501065,8
dGIwaKWFy0g,0.381759,1
_j5t6TX36SI,0.0,0
U2de9c1NqRM,0.0,0
h91CfvgL9ps,0.0,0
GcmR91dgdyU,0.0,0
_efwidlar-4,0.569397,6
HMvkQCM_IFE,0.467993,11
-N3y6mxgJeQ,0.094865,6
uSLSmYHCMm0,0.338546,10
eIGbvpTfeSI,0.36233,5
RIR-WYlIvdM,0.200537,1
-VPAvk5vVCA,0.239862,2
1ZxBsou4eXY,0.163888,1
KUzly9IH4bg,0.417079,2
SH67aTpNCYs,0.417079,2
CCA70BZEoHc,0.0,0
wsaKTFw_TOI,0.0,0
YMrSMsHIkkc,0.811722,8
uOGsfmetYgI,0.663964,4
I7D-RC8U_Bg,0.631696,16
bXf3rz5gPMI,0.641305,3
-HCqTT3Zqj4,0.817069,9
wlQJ_0XlM2Q,0.008526,4
0KWo_-UKPCM,0.0,0
PxPM80_KRh4,0.181781,2
qLBDC6e_HZU,0.271684,1
eBF8E1CfUiw,0.0,0
SXcpW_p-Tc4,0.0,0
MIvevQDxf-k,0.0,0
C58ONVMFPvY,0.248958,8
sZWyDp_72K8,0.082118,1
Md9PWj7bIkQ,0.082227,1
-lTeLR_fgsU,0.261132,2
tPACND7gC9M,0.472818,3
jKTI57iwGS4,0.498053,3
66qo_xpvuag,0.248877,1
_L-lbNK6XxM,0.044345,4
nF9gRQz5HQQ,0.0,0
zKs8l4iu5mM,0.0,0
TymBazDc7Lk,0.183269,3
6bri5JUMJc4,0.194989,1
3DCoGStYoXQ,0.231236,2
E670btNK4rM,0.441972,2
4TNMoV52UcI,0.664261,1
8F298eenVbo,0.504505,8
Mugf1V29yGY,0.280452,1
i5TdXFZIsNk,0.166221,4
KeF_oSkMSy8,0.251556,4
Lg7Q0m8z7Qs,0.219605,5
0kPOT-SmeD0,0.369018,2
6s-TdFV1KKU,0.209009,3
6DStSXx7LUY,0.442419,16
K8nUA8CwzcA,0.303924,3
sOREU9knslg,0.412776,3
AXxjN0wSMY0,0.2958,2
R4FBPBNP4-s,0.368566,3
t_EcdMeJrO0,0.291214,3
jrO2wtVjbi0,0.572141,5
w4PRH-xxizg,0.023988,1
M8P8B2godoE,0.303461,5
xusds2cU85o,0.24986,6
lDUp-yKwhCU,0.168891,3
vNLzqCERbUs,0.278516,4
9tVuASUZFsU,0.309596,2
guH_Me6cs2s,0.309596,1
O2Mrj8OqnL4,0.295238,1
AMvGNoIJfIk,0.318789,1
QA4fvey96Pw,0.329712,1
ThESgv49xsk,0.328063,2
HRq3R4pkT0c,0.113755,1
rHDvVsxuNtY,0.319406,4
c2JJFKZ4bjU,0.340845,5
fJmd6ZhoIIQ,0.73381,14
75Mdk1VzuFg,0.350358,6
n94AmXrjc6k,0.403088,7
Tpqi21S9o48,0.439942,8
N7fCKcwxGKk,0.611954,3
8PztCgsZWKc,0.371376,3
z6xWleeu_3o,0.295559,2
iZnO84gsdJw,0.279397,3
UmqZHeDUYcw,0.171042,4
yr3w3y6bLeg,0.156804,4
XrSDsRirOEE,0.200349,1
tVJ-GJHjwuc,0.39525,3
zQZR1zuufs8,0.718532,1
dVYP55wwBT0,0.438553,4
elmS0DuvEaw,0.650419,3
NeR6hqpWHBE,0.624147,3
xTOLodBZ7l8,0.166163,5
jzOgRG1wkOA,0.13981,2
Z25Nq_G91fI,0.551857,4
wGYkS44aOaI,0.376901,2
li3l1mLp4vg,0.252437,6
kYviQRuTW5E,0.811181,3
eXOC7ZV3OaQ,0.627176,5
om6hCA5GDvc,0.0,0
mO7yzVpOGEk,0.111873,2
EunyQF5TbLM,0.50616,5
LMBP9xDVMs4,0.409845,9
ysnr_UiI_1c,0.460852,3
sqHVGJohRTU,0.442963,7
7yMQ767k32c,0.707553,4
myrKeE-IO1M,0.096568,10
0ZyieQGO-0w,0.096568,10
J851FsYlt7k,0.673053,5
AjFg2lDxpoA,0.035498,13
jDJmJ8LXaqE,0.035498,13
jyX4UlLhOjA,0.3263,2
Ld0Oy1PeyuY,0.100846,1
j-_2CpZ5jvE,0.453652,2
j-0Q3cHVL9k,0.305425,1
hJO0j0tFEPk,0.034595,1
xcrYZcWaS-8,0.0,0
P8uLSEBTEW0,0.0,0
vbV6KVYcTH0,0.0,0
Vg1Eq8hYJII,0.009329,7
EwcyMagH2y8,0.0,0
2ZU1DIrm5go,0.0,0
zsRdg_0CEiE,0.25671,9
TbdgZoHzNr0,0.0,0
s7y5-djOmc0,0.260007,1
BVCOhmiKHPc,0.0,0
3LDBfMK12YA,0.329363,2
KPuXArng1C4,0.541799,1
jVTGhwAzj3M,0.0,0
hELt3Nx4h3U,0.0,0
ytTAOo7AHR8,0.0,0
znKkD2U8fIA,0.070573,1
tPIjym9awJw,0.576273,2
XCxABEd7RS0,0.559131,2
CmEZqDtn5xM,0.540114,2
-ZpqmQqaWmE,0.573891,2
n_WVSyRwb5U,0.516489,2
C8Tgo-HCTTA,0.613913,3
LnJgrE-Swvw,0.425709,3
e_0eiLsyQTo,0.224666,1
kMPVmuMLhb0,0.310457,3
R6SadR-PGsA,0.087695,2
QrG2AwdPFJw,0.260648,2
-cEPUKlrDng,0.542623,2
PwFJONtp70o,0.101506,1
zmg-xDQmp28,0.294593,11
jR5urpt7vwE,0.143709,2
EfmuFrOo750,0.265272,1
_MwC03bo8m8,0.182651,25
AmwfYS6ILgA,0.211345,13
rXh9NYMRdQM,0.265714,1
SFATLVfo-SU,0.492334,3
6FHDjay2aVY,0.0,0
nCtSeVX2L5s,0.189468,14
T2qgicDjmrI,0.21065,1
M3JFsEXQoTQ,0.126037,3
78Q3FBLq0gM,0.543551,2
sm6Ndas-IDM,0.381168,5
WVmH_G5nWZs,0.502778,2
ZdBgg6WJeIA,0.392855,7
FuQtHUReI-A,0.248864,1
a8FHe14MD9o,0.502134,2
9JKF9k0h13M,0.270567,8
KLI4gY22f54,0.670149,9
JEEGn9kpiMA,0.503748,2
XyDF2DeemMc,0.474722,3
lkWPSyuRmQM,0.27138,4
oYdKsZg_7GU,0.316498,4
5u-IwiS2I8s,0.143486,2
UfL7lpDnn5w,0.105996,1
DiKec0ueFo0,0.152474,2
wnODm9sMX00,0.048631,4
MKfy_f1pTb8,0.353096,3
zI5pbgtSnFY,0.181583,3
t-f8pOrdfDc,0.246624,5
LozrM__aJtU,0.252094,3
vFg6W5aqepE,0.074222,6
AnlsVdDAGWg,0.07213,7
_0v5ETjT9yY,0.116338,1
PYJ6ydsV3XM,0.02791,1
JblCg3i031A,0.014226,1
3Ih8CyH2rcE,0.076899,3
jprVb7LG8Ao,0.018855,1
_lcsRsFpAXw,0.137895,1
hb0NKZ5u7SA,0.511717,1
02Tr6nrxulM,0.334778,6
b2a8r9xuw3s,0.489353,1
BPp3Amwcdxw,0.343917,2
oAIdfAfd-IY,0.530618,3
pRoce3dR_TI,0.39336,1
2aUEpNx_d1k,0.430347,8
SZFhUDm76rs,0.354201,5
y0xewdiL08w,0.385307,1
VLYSxICI_vw,0.283698,2
ghHuqhq1RKY,0.605671,2
ososLxg0fOI,0.0,0
UdlF-YKX-f8,0.191846,1
21KE6BDPA08,0.085567,1
meDEcu1Sf20,0.5264,8
NxGxZMJ5kBY,0.481207,4
rdIzTLSR5vA,0.540298,11
GsjnBDAaai0,0.551436,3
mLRGBT_eLiA,0.522244,2
YCYHSSXSNlc,0.673362,3
inGGJO3QQcM,0.512452,2
8_jBRmpXA6k,0.595556,2
SP0yD647WC0,0.510567,2
_m3dotyPk38,0.409689,4
uavbpB9YLOs,0.254306,2
IEDBFL9Hwyk,0.500829,3
J5pakqRgPyw,0.211062,2
DmCfz4U8cho,0.422679,3
gNOleCl3g48,0.437809,5
rKtom_RgVmQ,0.421447,3
YyVUmMk1zAM,0.295678,2
2kHtCyfLQK4,0.535997,3
7CdwJQklVnM,0.258524,3
gfLyQHaybYw,0.275883,1
_9pTggJQnbg,0.253014,2
Grn33wL1u40,0.267669,1
nvbJckdyqpE,0.20054,1
Vt9BfK3B6Xc,0.157983,3
BWdQw2YXYI8,0.147616,1
Lx5zOsmxewY,0.177568,1
88we8jHVfQQ,0.231145,1
8xerOZw_xbc,0.472004,3
aB85XgApP7I,0.105119,1
_unTTMdKJfQ,0.13093,1
o0_zqmUqkw0,0.289419,7
UkebcH0hC54,0.00614,6
hcfFeOJN6Fw,0.719505,3
DTaA6RD_KYc,0.111058,2
kA3UqIIbsRA,0.442801,4
TMVVgj1zOoQ,0.188368,1
HqChNA3UMLY,0.0,0
qn-95FTJyMY,0.322461,6
Yr-f_dUWo50,0.0,0
HUhpxh43qWw,0.0,0
BL8cf5K_-IM,0.276365,1
q8nX21B8wmw,0.268251,1
62SmWdjekOE,0.275252,1
Rlmj4VgGkJQ,0.280525,1
65SMykUekqE,0.0,0
j-IGh7EuPRw,0.0,0
iQWVtMrmoEY,0.055722,1
arM0d4J_G6w,0.204652,4
GcCLHPCQVV8,0.121886,2
oYlUMw6c-WQ,0.447293,6
v4tJad5HtdQ,0.15221,17
4fKcEEZ5xLs,0.274158,3
xAm-UDQ0hTY,0.240412,13
XJIxSsWHdxo,0.142925,1
j2OVkDsTZno,0.275458,11
21cJMyKF6jY,0.333485,3
CIOZtQBbZHQ,0.247527,3
7aYqpvoIRfY,0.603404,6
mEcsnfOTD6M,0.66039,11
vSGiIk3Y53o,0.570023,2
og1wgq3lgPs,0.2613,5
bcSFp1jY4aE,0.488217,4
0UQLTRutiYQ,0.320327,4
WaOaKsu8dCU,0.685681,6
Rq0i5DTwmV4,0.708439,4
NdoA0iu9MMU,0.154703,3
hwgQaWgp7fs,0.418821,2
I7M-DorWqo0,0.736042,2
Jh3dSnzgmGA,0.250744,1
FSCixVyMEQE,0.156845,3
lmdcWmndd2U,0.756783,4
-aERhiGduCg,0.417689,1
vdQlZKXLtFs,0.306467,3
9poItQ5tDFo,0.319842,2
Y2L0QiP-wQs,0.331097,3
sX2uh8C4jYI,0.192703,3
hYFk48u_i4w,0.359197,2
q4QIE_7KxM8,0.006988,12
bY56uNANrDA,0.28323,7
5tBZqfjYuuk,0.211972,2
nyYiQxcmFFs,0.259327,1
oZWhKTBfaFg,0.285856,1
c5l6RVVvqs8,0.18887,3
4OyN8Rty8mo,0.184286,2
SphnSFWczPk,0.043076,3
9qNWRqEfcbo,0.353988,2
LIJrSRhykfA,0.299276,2
NEQW8CHZvrQ,0.0,0
jyHp4-uYKtY,0.0,0
KL-ny2NuRKI,0.120263,1
gyt5bH-skgY,0.105621,2
b8Mz_ebYZZI,0.178385,8
2cxnoJFESYY,0.347079,6
lA-4VktbzLQ,0.301058,3
kVFhf7QI94g,0.08511,2
DksOwfmpd3k,0.037035,1
AUB2DvBqquE,0.0,0
9GSQ84fH2d4,0.0,0
nNumdoliblQ,0.0,0
NNMJGdmNqYs,0.1133,30
CYc4D5OqeqI,0.0,0
Kz4-txMXG3o,0.058232,18
ixUuIqa-qr8,0.115175,7
0uYpCDvYTeY,0.081279,15
soh_CGEEOXo,0.049395,20
x2Ej4JTV8gc,0.008766,2
2VsQ2-mcMTk,0.155649,15
LHfwqSc6C_M,0.062415,16
EYM2J2FsMno,0.053995,3
ATKaQqzo7Yg,0.605598,3
q6Uoxfg2EFw,0.60413,2
-stkQyec434,0.301187,9
EUhRXcJAijE,0.548499,2
0QtxJ8s3Rlc,0.332069,2
lpZgMR71NkA,0.260196,1
1ApZCr5tA2c,0.600846,3
rDW-1mTMsPA,0.331249,6
_1TSTQ4Z_tg,0.289091,2
HeSf5W6fuLA,0.189482,4
Pqv5-aRY84Q,0.146565,2
TniPaoD7giI,0.29281,6
jqi6fXGR3A0,0.179251,2
yC4pU0w2Nlc,0.474729,2
QXgeXgaGljg,0.313072,3
t7F9J6baYmI,0.633861,3
ir7lzmoCWNA,0.334688,3
O6II5NJ6HjM,0.591904,12
CexSHLSAIqo,0.315357,9
s32PuBjbG4w,0.371823,5
IOBI2ZLH1uw,0.219034,5
MaMBTIY42yA,0.276973,5
i_2g5f23fbw,0.223385,4
Hbqu3Ad9FuE,0.218108,3
C-N7G4PRUi4,0.451401,9
0mO7JqNntrU,0.255581,2
pV0uANUa_XY,0.221655,6
K984Dv_O1fw,0.258124,9
W8yfR2wQNcU,0.283353,5
knSd6mXnD64,0.211954,4
dwpDOjdmcyo,0.316824,3
DSQ9XAEu-nk,0.220952,1
efN_9u90bos,0.382249,2
_sc-3C5EhNU,0.271082,3
ZOvt5kknvlo,0.277334,3
aLNXWgXL7us,0.073982,1
pU4VKo_-N0s,0.056806,1
bGsCTRpPmIw,0.081591,4
Yqy_0H3Ii2s,0.217326,4
OXEu-8bVwm4,0.139931,3
iL61ewsNhok,0.338189,8
UOERyuzlsH8,0.06625,1
hqBd2RmKcRI,0.324057,5
q1ihBF9UM70,0.184722,3
3AEJ3nphXdw,0.187245,1
mKTe22Z9BPM,0.107668,3
DOH0yv55O7c,0.199716,6
CbuNjDS-tA0,0.300804,13
uG11RxKX8RQ,0.069531,6
2sXkQT2Evvg,0.14809,9
DaaHRQz69E4,0.179908,19
EoqGHIHx38I,0.142786,9
cjxJrhU_Jdc,0.106596,3
L4_8WYeQE5Q,0.448073,3
jGSP9oHYknA,0.430819,6
353eS5gEFOw,0.531757,3
KtdebOC_oJY,0.584027,4
K9eY3Ku3CXw,0.149935,4
X18utHvxlho,0.148823,4
FlLq5KMWD_o,0.149965,4
gd6J-p3f5Fw,0.148848,4
a2dcZt4EprQ,0.164566,6
AiMy6BYAV5g,0.158444,6
-PsGk2R1AG8,0.15015,4
zIEjgXJWqDo,0.1681,2
Wlnf3-CO9Y0,0.09883,2
DNSP5R5eYIw,0.302908,11
u7bApVTOGmA,0.256948,5
-EYmy0tmizM,0.387606,13
ptey4IBgzC4,0.312998,11
8ImW6tByXg0,0.359741,4
QlWrTQHPk24,0.227006,6
hXqctXxAeSo,0.296127,7
6g78fs0CbQw,0.199888,4
Lqj1Zsb5BL4,0.168413,13
iSh37lg4adE,0.590186,2
ZKJy85Q_BWk,0.633123,2
hLblFTKmbWk,0.59076,2
q0LvYxcsWBA,0.700348,2
C3TaOlbdOsA,0.589378,2
dfEygTEY54Y,0.510426,2
ITpJ4P_eGjM,0.532998,3
PPT6vuGZmhc,0.567288,2
3f-jD4DIuhU,0.577031,2
aRHOnM7Yv8Q,0.650438,2
y7TW2CtkCTs,0.605879,3
8FGFR_KRDe8,0.336886,1
wkEjY2bfvv8,0.336886,1
T_G2RAP3tsA,0.313749,1
Am-TPB5wHSY,0.313749,1
HF9jEdXxymE,0.321227,1
eYeER2e4TMI,0.321227,1
kYux15bDmMs,0.29912,1
QUNvZHjHneg,0.29912,1
Uu31PWeT8Ss,0.504642,2
D4F3_ibxRYU,0.0,0
d_evXkdpxJE,0.551817,2
1o6OL-1srw8,0.435279,8
1IViPPHiDOA,0.25841,2
Fz_I3lyGbUc,0.0,0
0mkawWTgk6g,0.165281,2
mwEtPbvG9nc,0.0,0
-_LqrtAHENw,0.0,0
BRd5BfJZb78,0.046616,1
ke8-P4UEOxs,0.354772,10
asnaGE73mo0,0.456061,5
LMH1o1JMY6Q,0.163625,1
_6N3U9Wn9p4,0.295095,8
42snxernXbI,0.290011,1
1vufMc0ouw8,0.657266,2
FLNuJTYjnhY,0.232092,3
YwmSnwbVOvs,0.371606,2
kN7u1nywN8s,0.294008,4
qxJUagCkMdg,0.0,0
iXTonTf83oQ,0.252842,1
NWhg2JivecA,0.572346,7
E14A-e8CfUo,0.336579,4
EixWf-9RpUk,0.30236,4
g8y2U971K_s,0.753407,7
cvGWuPk0lL4,0.326267,5
I6DHLwSvdMI,0.161576,2
ukBzkrwbsd8,0.272504,2
sQRM5mh_5vA,0.43136,8
OgICa2oZs4k,0.124935,1
IQnIVFHjlV8,0.444278,5
k8NPA29330c,0.189105,2
J58HcXHi09c,0.187012,1
P7ZkAuiWVQg,0.042258,10
dHxWy7oIiMo,0.287829,1
j5OXMrja8Io,0.336871,5
fWZ_DDHuVpg,0.305457,3
_nGsdn0q_JM,0.225702,1
4rs63o4LU4c,0.484977,4
UoWI75irlHw,0.056424,2
ajWgdXFrOpw,0.257705,4
5hSQGQ0gmq4,0.337521,2
-UVkL2VT1Lc,0.233893,3
4vgi2Ukazw4,0.185558,3
-h5-Q5Armkw,0.312716,3
1Brp2gN3J5E,0.185642,12
Ojw68i6GZ5Q,0.064576,1
NwJzUHyZKVw,0.053644,1
KOYkTTm-XQI,0.0,0
C2NW2cD66Jk,0.065282,1
g6tIZm1B2dI,0.191325,1
GselBpc0MA4,0.815545,1
A8kSs02eQWc,0.04509,1
RKwQv3_ScY4,0.0,0
RbV6OcjQr8c,0.548982,3
LOqFXw2SGCE,0.539885,1
ozDyyAesoNk,0.330281,1
7rGb7G2GYeA,0.409028,3
iu9IoeKKEWs,0.249168,1
oepSe_kLXbE,0.318132,1
9xtl9jmg_Ow,0.228368,1
G1YojVDchek,0.157021,1
kw9pJ5Lik4w,0.486228,2
HT6HFwKPcko,0.357023,10
hzq4YqVnbdk,0.101215,1
mMiiBshLa7Q,0.44455,3
QEeTff1tzb4,0.753402,8
S3Ay3_AZeQM,0.748101,3
W1dsh-a-9C8,0.0,0
4-boupj9E4Q,0.0,0
x9gB8ACVnWs,0.529377,3
3yaduZW5mP8,0.359606,4
EYwmqtluO7U,0.490002,14
X-BhDaCugOo,0.264314,1
KfWwPFcxodc,0.0,0
YaRphrbnD-k,0.159628,4
I83G7gMqjxo,0.253387,6
5eGJqFBoMPo,0.245142,2
dPj2YqxNaMQ,0.453198,4
i__xDzbmUiE,0.309494,13
TuZOxBM2wO8,0.317626,2
p-b-yYCc23E,0.021617,1
oIIhIOM0ooY,0.0,0
p176p5d8hRU,0.157144,1
OQR7OfcGzMQ,0.393517,3
hUzJL6OuZmQ,0.248583,1
fioqMZlUQlQ,0.189079,1
qsDk7_dsh88,0.103804,1
p2Vgp-Ndgxc,0.211476,2
vNO5xnLkQrg,0.651298,3
Byv2WFbGDco,0.295534,3
2mr2OkF90L4,0.064805,1
TmraDxBamvU,0.386526,2
Vv3GMK07lTI,0.146504,1
ek5D-mRdGHA,0.35764,6
-lDzJwMbH4c,0.619052,5
enxB2TrF1Ac,0.592782,4
CssZThbYcDs,0.166685,7
EU6MhLLHF48,0.201108,4
oRnnRSrBBAo,0.152555,6
lVmwsf2zsrA,0.505498,4
Yj9YdSmn5GE,0.457612,2
tDW9Z4_2MMA,0.396784,3
bhj6FS5DjM8,0.382204,1
IbtuQJHYuoE,0.193751,1
ZAcyUyVfWV8,0.324258,26
yaW2x29aUh4,0.555218,11
TOXJH00cIpI,0.224972,3
tzWhXE687c8,0.247625,11
yDNolbTfqs0,0.32514,2
aDnJm9pi3Es,0.19816,16
yCX4oobgKYM,0.400738,2
bg8yOU_crKk,0.143461,2
Pn_HnMokFqM,0.415366,2
xSi95XqcfWA,0.0,0
D5nefZ0XnxU,0.29551,2
jMbeorJUiS4,0.293995,3
k43MqaVQCe4,0.214191,3
l9xTzk7hwLM,0.398359,2
GIT219BqkOY,0.0,0
SRlQjezvys4,0.0,0
JLDfsBpYwFM,0.266249,2
t9F6slI409E,0.189099,1
ZTg4vDt_6is,0.13116,2
1bfUW_qJrtM,0.256002,3
KdYD_0tQmQs,0.096886,2
Ed9T5AOjOS8,0.453255,4
g82sxg2sj2Y,0.438486,4
0bCxLrELZME,0.232973,5
i1ikJgMtW-g,0.265474,24
FY7V4C49ilQ,0.321325,4
2BLA_DE0Syg,0.063526,8
sQvbxUQgj0U,0.248573,2
eSJ-st53W_s,0.227507,7
7zkroDE8rhI,0.270841,23
sBJ5O-1qIaQ,0.098135,2
7nZsliivlQY,0.096825,5
NvEyXwHSFXU,0.066752,2
csGxo9g6_gY,0.126967,1
9wr7gQ1sK2Y,0.373063,4
d1Jdcex17CY,0.419807,4
YFG5gepM2yE,0.692167,6
1wDb49Pk7KE,0.45291,2
8HHD9_ZuVjw,0.405226,4
MDnkRZ6LoOo,0.7064,5
0kIhjp0Ys8A,0.669717,3
DdHfVcNKEAo,0.548137,5
WcZF4nm9y7g,0.455326,6
YWccmfSFPW4,0.367309,5
MlmJv4JxnHU,0.433421,3
ST4spRUAZOU,0.713435,3
7Zeo7buQWQc,0.56171,1
uHJ0cb83dRU,0.414721,2
NJ7CFoXRTv4,0.506204,5
DG99dVTANwA,0.719731,10
eqvCYnm1x7c,0.483588,9
xkHw5aVw_dc,0.444286,5
mB6mnkyeKxg,0.110537,2
gkdrGL01zV0,0.0,0
15VNEN0YXWs,0.147845,5
0pLu4dfMmuY,0.012695,1
72oBhS0EH3E,0.0,0
epBEgCr48Kc,0.0,0
Jk9J4Up3ra4,0.0,0
D4tZCdHv0Zg,0.656579,2
3p0ZrpQTxkk,0.501901,2
6tc5tslSSBI,0.517888,2
I6V9ShnAHHU,0.455983,2
bC441c5O-Zg,0.610578,2
SO89QVdMzH8,0.583724,2
AXmaxRFNHE8,0.454931,3
yCza1mZDrwM,0.382395,6
qW-JVMlaCQs,0.147675,2
AW3-QP_y6bA,0.0,0
5hyXXipbFV8,0.462644,4
2HDOltxe-S0,0.545775,3
QUf8eunbS0I,0.415025,2
uoKZkzkWpWw,0.411467,5
nHp2GKp8If8,0.231022,1
DZUswOem-_E,0.283218,2
FffAX0YTvTA,0.597872,3
T_f0FzKKe7I,0.0,0
on3xdtPI7B0,0.100537,2
CROJJiEM8Uc,0.329523,6
tj-gjGet9n8,0.0,0
7qlCUyKJ-M4,0.0,0
jtcsanB4ajU,0.460145,5
3q2n7pXsZQo,0.006398,2
qSC7Ty8Hjpg,0.488306,4
neFdky1CQzo,0.413714,2
nlT-Ij_lmgk,0.377164,2
sF3Y9aY9bP8,0.304628,1
XA6qB-kj_UA,0.189533,2
e4jtD9CnkWs,0.215624,1
_OCTHN9ggGA,0.262924,1
45TP6PBZ9fs,0.174335,1
FSl3xYknq_w,0.445388,1
VO7n_t6rFqQ,0.571566,4
w1AmO3wZ2Iw,0.540295,4
qPbysBhK17g,0.448822,1
55dUnuX1GXk,0.092679,1
QY3nxdYx8dU,0.0,0
wxaE3ib61XY,0.0,0
TaOxDGD8IOQ,0.00143,1
9c3LK7Ze4tk,0.0,0
lHTLkpb6m5o,0.0,0
xVbSO1Yut4I,0.109698,8
zjDdqCwjWiE,0.299705,1
ilSzFObXSKQ,0.0,0
CjW9LVcBTOU,0.288368,17
2d2T8FE4Pyk,0.207254,7
YNKqqapa_Oc,0.230085,2
9hkZwBZUF8I,0.186658,26
z0r6iy7kK0w,0.564842,10
s9XtLQdkRtI,0.419016,10
r3u2iVLpNEY,0.002084,1
AYV9jctaLbI,0.424795,7
jnI9WEfuUio,0.402609,2
MSBxDoZ3SUU,0.310308,2
a1DPAoJ-TPE,0.244905,1
FppSc5QttWI,0.248601,1
0YLMq9afJHk,0.261191,1
aMgHUt1g_dQ,0.267924,1
nOaPwhePXzk,0.2374,1
eUH16ZXPwFM,0.241596,1
B7I2Xd9NF1g,0.261394,1
j1Dfh1LL_QI,0.260905,1
S30NJxwg8DA,0.257737,1
ZXlfKaPxJI4,0.0,0
9fb2Xw2jc6c,0.0,0
63rKOkApfNA,0.0,0
QKpPTjMXptQ,0.0,0
AC2_bOgzKvk,0.0,0
TJRZO3djaek,0.0,0
vZFzvg5MtRE,0.144516,4
FjH0CtqHOek,0.0,0
Hgz1GpHx194,0.262734,8
0onTJk6x3Ao,0.0,0
WVSjQ_rs_-0,0.239579,1
CgWXkK-YztA,0.061489,6
hX2C0GLFYkU,0.101213,1
uC_Q6O9Ac7o,0.0,0
fYgQThSAfNQ,0.201554,1
huxoO35eXKw,0.207362,1
qKC6XyRXEQg,0.100782,1
jH8s21rEL4U,0.0,0
UpMN2jSpuD8,0.101258,1
5QpdGmDiAwE,0.0,0
vW693n_Xnn4,0.101061,1
qfXJ9VnPE-A,0.0,0
EH4NkHfeiY8,0.192679,28
C4kJgs6MJBg,0.413397,3
ZAyfD_nexcA,0.173524,31
jHvzrHnb4vI,0.230931,1
3MxiianLSwM,0.325726,2
7pvB7EaNhjU,0.297892,3
r0fqnzXZK1o,0.31635,2
5z7tfoZhvb8,0.0,0
dpkv9yAI5Po,0.320311,2
mEw_3HarTBw,0.349393,2
09_yzc9w5ag,0.192199,2
Xs6kPSgi6q8,0.142051,1
thWiX2oGhfw,0.589526,3
ORoA9lUZiA0,0.0,0
g_1i7s2CMIA,0.176584,1
xeINNUPZLok,0.14265,1
jCMEdr7ysCQ,0.141563,1
rV3KCS2P0r4,0.14287,1
TmP4zRuoJo0,0.144844,1
zVmUsCnf0xw,0.136412,1
YEj4piN3djM,0.137049,1
tHX1WbKB9KQ,0.142975,1
fWxx5tDloJQ,0.13897,1
c8Xu5dC7nz0,0.325893,2
yKcK6Tjfmi0,0.317626,7
NyUOy_Q-M-I,0.281434,3
Voh5csRkUMg,0.518325,5
EjvBHD3UZME,0.296715,1
x08kjvXnllM,0.282521,1
r8ZCdoOGnoM,0.290177,1
4OlRoKK5Xhs,0.21475,23
es-RU19KJFg,0.397539,8
PWZRzWT9Ths,0.259586,13
XS_SmjYiQPE,0.325846,18
difFyXSDsxk,0.37996,3
Nk0SNx0ot74,0.653777,13
Ot4_jDAzEt4,0.207875,1
Y5Km5BKCs2w,0.51385,16
5VlbQytlfls,0.440647,5
tn5p-Obj3bw,0.467114,2
4Yw9wSHO10Y,0.570291,12
NrjbISIcO6s,0.484767,1
gV6RqzPYYOo,0.261434,1
dKlUAuI5Ge4,0.414952,21
bY_8QTM0DEc,0.370115,1
ncTScRKcRMI,0.760948,6
3QWv6tpCUzA,0.304321,1
rWC7Q3F2gwc,0.412166,1
xjqOdcA3Qps,0.0,0
7QodBgbw5h0,0.029327,2
9C-cLHpyX8s,0.0,0
B1ALXth6sCw,0.67247,1
xzrusymzZiM,0.163286,1
H-aD2TER5_w,0.26374,1
NYcRnpPA0-0,0.227988,1
pz4VsQcsR7k,0.251644,1
lbA3p2icB2E,0.202743,2
skzRmU_LsDk,0.178773,2
LqETgyuL7Rg,0.072717,1
CB6m05MPWug,0.167706,1
BTDYN4ik0hY,0.0,0
J7xIWRV_N6Y,0.411059,3
__my8DxSJkk,0.420694,3
vP3yS5_nrHk,0.328449,4
FXZrnIq2XY0,0.391198,3
0baskJ6lGLY,0.378669,2
Nb_5A4sEJ3s,0.336157,2
dVS6dfoCqrk,0.620686,4
VpMIYN4PQNY,0.296574,2
DnG34Cy-_K4,0.472286,2
tNzQmvE-TuY,0.280437,8
dkQG5nJTOKU,0.261998,14
_FLqD8GW5vA,0.230948,6
gGExCIgtktg,0.795877,10
Kc7vRqO3ABg,0.540789,11
gfud3qSqL8s,0.285927,11
kqSDMl1NtyA,0.647565,3
B0oPtSje7Bs,0.126452,2
-1V8osryLfs,0.323343,3
9T8JYf7WREA,0.252728,2
zajsQvpEzms,0.255827,2
m8lVTwOr4kg,0.224599,1
ZkzOc140pv4,0.134632,1
c79718V9pnk,0.083778,1
4DMTt5VT994,0.229997,2
K89_SOxZ0MU,0.332564,5
C6P_8Qz7rAM,0.198868,1
kWXHLKPYv-I,0.148411,1
shoYp467elA,0.172049,2
IKuQgFQGSMM,0.261026,15
GXT5iBptTO0,0.273047,4
7ItRMGmKaXg,0.242879,9
6tAHuH1S-tA,0.0,0
UHR1Wferhew,0.0,0
5RMzMfK9mqw,0.01097,1
ugSRlv4BOeA,0.0,0
yhIn30mrMDc,0.0,0
Her2tvJkNns,0.0,0
rwfmW-zkCTw,0.222798,1
g58bK1x4G3A,0.285097,2
UqvobS4qySQ,0.0,0
x-2RHq6de_k,0.105281,1
ux8cxqKm1QI,0.262922,3
NVU7ru_9y1g,0.0,0
Ju2A-a8FN-M,0.506765,2
V0PwI3btsiM,0.206788,2
j-kKVkgam4c,0.553589,4
NntcB0UxdCA,0.240574,1
DaGLL8xO0Jw,0.179323,24
qVpCbLiEmyQ,0.574151,5
ieOlo-NM6yk,0.502942,2
XxBpsYo_4To,0.378241,3
-XS0a0j0ICg,0.548422,2
LLvh01-u1ug,0.471227,2
U9jx-vG30bc,0.572419,2
D4BbOEbI6MY,0.500576,2
EykSdJAEVjE,0.337055,6
sA32_DsKa_0,0.529747,2
NsbAzwWwpBk,0.502544,2
oq5nSyboHmg,0.319686,1
M1N7gvq0RKA,0.226107,1
N3m_gIVP3FE,0.362279,1
IcYmD03K9bs,0.23103,1
8sywvF0k0Tc,0.356542,1
yves9FjLpg4,0.387971,1
vQ6b-zopw_4,0.230481,2
Hg-KWnPu6uE,0.400608,18
aecpD2PkoqU,0.297639,6
2O2AyMFpCNg,0.224779,3
Ip1rsNUhUUQ,0.631659,7
M4eOzKnOrIM,0.064433,1
03vQI1_lf8k,0.212697,1
htjR2k2Jp-w,0.150098,2
4__TsN45IqU,0.0,0
Mcfe5ic3g9Q,0.079095,2
bUWP1N1FmeQ,0.219954,2
FTsAIUnWzbI,0.366913,13
zjZlb8RIIFM,0.203479,1
caZsqKQIhhA,0.098709,1
n7bafJXWtZs,0.115007,1
4bJPsE6qgMw,0.098679,1
nYlOXduidBU,0.0,0
dYRS7r_QCR4,0.0,0
fZo1B-80kbs,0.154134,20
XyYT0Y2B908,0.136418,14
XsX1XkPjAms,0.51815,1
trhLEX1A7A0,0.0,0
cuGv3OQ6f3k,0.0,0
QBhp4lUUayU,0.023974,1
P-tYH-4DmAE,0.107415,1
TeUNUOsqjuA,0.270421,8
6HkqX1OUWec,0.243587,2
4cGE9XclDas,0.333102,4
H3udoKBPxiA,0.133665,1
POgzBsHQzZk,0.274813,3
vpBzeq2D62M,0.344057,12
5n2EJHP_ZOs,0.0,0
7d_6IiKTgZU,0.008152,1
u4sz0Mkxm7o,0.70639,7
92RB35gi0wk,0.004695,1
nYLGDNQAjWQ,0.637985,6
-2T7OAuzlW4,0.180707,1
WZcv8XmtNl4,0.196197,1
GYM4NUQPT3M,0.196392,1
TNMHGO5kWRU,0.190157,1
C5A4sLIK428,0.231847,1
Zy_LbjZALA0,0.193196,1
S01WNSZqZ80,0.202649,1
2XnQ5MEow-Y,0.531476,1
N8ZBevbuXiw,0.698946,3
aqdWPvOqpLA,0.527512,9
6UNRsTHU9LQ,0.602176,3
l6dpg-mo-2Y,0.39623,2
7CLWyTyHo38,0.152439,1
3XdR4o_n8no,0.537928,12
kwZ2bHUEU8w,0.473681,1
kRoRSFvHu7c,0.453584,1
8zqFrCAsLyk,0.451975,4
GGXEGt-FIOU,0.231849,2
lb5yYsINVkE,0.271681,4
_oeloHaVjzk,0.388869,2
7AjvjpfM6fc,0.197422,4
yxrB9CYX3Fs,0.0,0
bYhLEevV9RE,0.053848,1
OZe5ZE81-WU,0.313561,4
IU1rZnov6HM,0.539848,1
LLXp6-HHxmc,0.153315,5
3MQA0nZ7NAA,0.320801,16
w7F9yc1BAq8,0.465353,26
kiw7SIFUSg0,0.045323,2
o50XPVX1Nrc,0.0,0
xTCuE7Y-ay4,0.0,0
mhlk0xsweLI,0.0,0
M6L8Nj2lMvk,0.386923,1
sbSbXon9yog,0.0,0
7hkKL1eBTgc,0.0,0
iHzfnICtHzg,0.18403,1
oAySMcaLuDI,0.262933,4
B3Xmjo-RDCE,0.681667,5
CKdMsmHNoh8,0.205051,2
6kkzcZo6SJk,0.625939,3
XR1Tadbt6Kw,0.566008,5
1ddQTB239IE,0.518717,11
9xic5dBdNIs,0.359134,2
r4KUcV1T6ms,0.422707,2
vNg_SP9Cwac,0.267849,1
F_RE4A3WomY,0.315097,3
VjJGqyoB_NI,0.363133,5
UrIJV_xItOI,0.495091,6
b2UsVL_Oezs,0.536534,8
oqLLdSwEKH4,0.466361,5
8jF3Yyj9g2I,0.414187,6
8vSiZL7kqwM,0.418197,6
J1zgqvg0XWQ,0.619005,5
9CsfWJSt71Q,0.562446,6
oFHXM5kqg2I,0.710483,5
MBupoU2aH4Y,0.343173,7
hVwi9EnceOs,0.309699,4
yEoxnQvu_dQ,0.307056,5
d4HLA1TP_xE,0.407262,11
WkrFUZ5KsbM,0.494121,6
JvX3jNy638I,0.218762,3
sBxDPA2nZmA,0.189281,17
BoxTODvdp4w,0.290475,1
G9qNznoE7Ig,0.758028,4
-Ipmpm8Zfw4,0.478251,2
JxR0F87jg0U,0.599603,4
mAmjxmagyYI,0.673531,5
-4R0QjxkYI8,0.667743,3
f-EdvZQoVTY,0.658913,4
fA9-PiYkRoY,0.201916,3
1mwBXFcmyJs,0.582772,2
l_yQYo2jt3A,0.247168,1
0d1csObIeOU,0.342901,6
P_yQB36J5p4,0.19477,9
ubfXvYayRuE,0.173865,1
4SyACwJt5Kg,0.232601,3
3hNAmXpKvqk,0.290655,3
lywv3pVt_bM,0.16335,1
v2Nwydgul2s,0.547867,5
Wc0IcCpcnbg,0.298139,3
Faoh25vlaYU,0.319689,4
ij9Ij5hH8gM,0.444309,8
H74pBWAbuog,0.444492,4
vda_qXCojVI,0.274278,6
pvhoE_V26PE,0.383362,3
-xR6YvgvMGI,0.526341,3
AOTOl29nmrA,0.732196,12
E9nAP8BCxZk,0.642611,6
O88rhJwxC_w,0.672387,5
qV6yq_ApudE,0.357072,2
tmT65Pp97Ns,0.150651,2
w2to1HjQjMc,0.300558,2
gPM9lFHJ9vU,0.287998,1
fDQIRmg5xoI,0.235086,1
ffvsUBfDoBU,0.478577,3
vI1x24FPcEU,0.219774,1
m29V1iJkUSw,0.076899,1
2hCpx4uyiiY,0.304633,2
qZUja1wPPFw,0.354972,2
yAaBSeo_yfw,0.22918,1
qVXDA_aJtR4,0.076899,1
ggDum1LuUt8,0.240072,1
-2LG1zDymJ8,0.20749,1
YruPkUdQc_A,0.430945,9
RrCmHvC8TEU,0.275277,5
x_7wxJtRArY,0.139603,1
yF0r9zSrnF8,0.361036,3
L0g88jN4m2M,0.359882,7
lT9DMQlEpU8,0.136476,6
f2nUhs24wNs,0.0,0
N4A__y3iCa4,0.147448,7
bpuBd4W5rEo,0.16526,2
6KL0gQ0dbWo,0.0,0
09e2LdkWNlE,0.188912,5
3rYqI6vw1sE,0.0,0
-ZNrseZMXQM,0.182853,10
dNdvmRXPgjQ,0.074171,2
biBNuiYFRjU,0.0,0
37gP0M22C4k,0.434871,9
vYWECMdmszU,0.177616,3
ikki7N_0dY8,0.402894,4
WQBwAMgkaFM,0.268449,3
wW8A8FGYGbw,0.16563,2
dsQuCnVmtLc,0.579827,2
MKDPMduJV_k,0.393145,2
NFupxWIqxYo,0.530458,6
QPMu1dhYlwE,0.539359,4
muxOEBgyUcc,0.317221,2
PVMph74xINM,0.442534,2
sWcWxT6cGU4,0.397513,7
gGjEPyu1u9U,0.618343,6
SbGOJXFV2mg,0.504276,1
mn42n7GwWy8,0.280268,1
c7eSa98VVmU,0.386045,2
3EMWFwJRPNw,0.292708,1
L3CMJiRwBdQ,0.305095,1
hXfzRgfrMds,0.311931,1
YdP-phw_XfY,0.299769,1
hC6uxBpAfH4,0.361527,2
-XtC_smIpYM,0.331275,1
tU-xDOD_eqo,0.302554,1
x-e01G0Jfsg,0.289799,1
g2pnyxUG9h4,0.371079,4
BuI0fvLnSds,0.392335,8
dU8fkkkbwE8,0.443892,2
uLldiVnqODs,0.516207,3
zScCrAcpFzY,0.0,0
CJM9DpMOHcM,0.268342,9
ZO4tPu7877g,0.0,0
t5frGu2Ozvk,0.0,0
iCcvOwBWG5Y,0.371432,2
K2ynnVdVPfY,0.185144,1
WqAJMGouu1E,0.169537,1
DNCR9WAr8tc,0.207476,1
GpD1iiVGl7Q,0.344183,3
bmoRg2q-EAc,0.290692,13
8MSexylpv60,0.400332,3
ImzS3jkqcT0,0.284723,1
Uj-WX5qYJZg,0.179564,1
oZWSi4v4R7U,0.210995,1
08MvGKLS2QM,0.530736,2
FHcLUjSYM2A,0.213942,1
WGqwW9Me1co,0.571554,2
VoiLEox8fF8,0.445936,2
OPzJf23ZUhY,0.246667,1
j5H2tvnoW2g,0.290715,2
WMWEs4HOakU,0.219489,2
7uT4WViOkXk,0.221742,2
kw3D8RhqBhc,0.183918,2
HqRPSAUpqP4,0.746383,7
KRX_cuavrbQ,0.680488,7
017ozKlLg6o,0.487182,6
GRImDCKFRjQ,0.266442,3
2tzLOTMehyU,0.320266,4
gFtkv-Gv1Do,0.730532,3
eQUzxmji9D8,0.236699,6
v_ih_HxpEpo,0.561766,7
01wdhjQV_8I,0.259106,2
5FNF1hwNEro,0.225447,2
cJnmb4EcuUg,0.35017,4
kMEYAMT0hDg,0.558293,5
NbDhMFxt9vc,0.229028,2
sQ2Qau3kXUE,0.502566,2
Z8db0YKt-D0,0.450564,5
iPmGvvN_bnc,0.446676,5
EOhSUzGjeuM,0.442002,3
LrhSlfaZvKM,0.447079,4
cq8mZmD1Bgk,0.482917,8
tFB_MGN_oTA,0.340335,1
dWnmigEThQg,0.368801,1
nSsc-iKstzE,0.158861,1
h2we-lUOU3s,0.375249,1
FFX7rL-XicI,0.362911,1
HUXO4eFwNJs,0.179731,1
zQzj_U7Q9vY,0.208544,1
cvHeVYWmWG0,0.380685,2
lDgxY75wyIE,0.262692,4
x4fq9nZornY,0.236124,3
ISiJrYSaT0M,0.226596,1
c19-STEFp-c,0.245551,1
ifeANGSXVTA,0.290334,2
s7vIuw0Dung,0.313359,4
CdMC5aj6wSM,0.287554,6
5BbsIUCPhQA,0.112796,3
apv4g4utEFY,0.266192,6
kRetiYBY67s,0.191775,5
y7vR_u5Jl1s,0.338507,6
Md4Maa3xsY8,0.289293,5
WBh4UtrAmTo,0.309936,10
YNXvwhdvn8M,0.382954,7
7hfPl4eeYCA,0.316319,1
wv-WmlKMSc0,0.197952,4
S9Na3Hl5g5k,0.406015,4
y_EJwvuQQz0,0.167575,1
bYGaO_Vhr9Y,0.238729,3
dVMLx0BIPgU,0.170887,2
LaOS822l1JY,0.373584,2
Gw4kJiRW25E,0.290075,6
fmkwlbVLNsM,0.313248,2
SfM5X1LP8HY,0.240847,1
y3GxI8YsoB4,0.217863,1
psyfCPZwFc8,0.217863,1
FvsUIGc6agg,0.217863,1
DGDZ3dYu2ig,0.480044,5
IkJP-ONIbqY,0.5446,3
QTdVyjhXC98,0.249098,1
-ARb6JtBk3I,0.0,0
TDhN1KM2LfE,0.248558,2
Q2l7CcCm_ok,0.035931,1
Hblo0ETxHKE,0.0,0
ioegO2t7ktc,0.0,0
SbcXQq1mjgI,0.011793,2
Eqry8Dqnq9I,0.0,0
88KP_7Foop4,0.0,0
GogZtkaj91M,0.40684,2
dQY_8NRo064,0.022987,3
ykLZXfcb6Ys,0.368915,7
g8HEpTSiiFs,0.336984,6
u52PQx7VMRo,0.58454,9
_gEDoPSDyGU,0.438599,1
EYa2YHI_kIs,0.565713,6
QEDKjvD-Th8,0.518726,1
1-m3hE7DbSs,0.42465,1
ERqmFqXBJ-c,0.425982,2
ilFK7CspgZs,0.434552,1
WgG8GJmRzLk,0.373032,4
KRnd1tdfJos,0.19907,2
fSo8aUvH0Fs,0.240265,6
6pRfVyhUAXQ,0.638967,11
LxTkrw6F8co,0.2904,3
BMqcWRbr4vg,0.302667,3
ijMK4QUzelM,0.629788,11
4lv3Nvu0xAY,0.234709,1
x3E5vuAqo_4,0.583263,12
h250BLC5CKE,0.285289,8
Vptvhv6NbMA,0.240425,2
pmQh_B17_Ew,0.230854,3
I_ROCewnTPA,0.22694,3
H4VQjZAlwZc,0.282422,5
yXRpth4MnWQ,0.280539,4
__csUb8JWQ0,0.207906,2
sf7pOVhhD7s,0.196712,3
RWIDemtt3WQ,0.49232,3
v9nD1b8Skog,0.045742,6
BdJXEd7ns7U,0.186707,3
Kc9fhd1-V5s,0.40841,9
PiGfolGs32s,0.1382,2
zn-X4ZA3NoQ,0.340806,6
R_9uoj13i-c,0.355092,5
nIOR8ZGFeg4,0.096898,1
9b0UiLUgnPU,0.096898,1
dPipHaj8QAU,0.096898,1
RBjk2uuCK0I,0.096898,1
2dauo4g7bgo,0.096898,1
5mZoDzqa_HM,0.096898,1
tAYLL97uznI,0.096898,1
gQow7w0M3rs,0.096898,1
ADYzUgvS7Rc,0.000386,1
is8NENIFwho,0.144252,2
9YGLwoULMqA,0.349933,5
NYbo0BiJS-g,0.112263,1
PvruB2XxMMo,0.114119,1
OVnYJYhwFC8,0.526181,1
JT6RoJhrRhA,0.118346,1
rVFRQ7j6bDM,0.263903,1
AmoWrA0EiuE,0.121776,5
s54ZIhlZunA,0.428917,4
u_jlDYzGeAw,0.138752,4
8MICd7YbAng,0.171226,5
fUXiEhROqLI,0.210492,2
sEy4UYkNRA8,0.135036,1
W2jbqLvsEBM,0.428917,4
skg6L0pS35M,0.197354,2
2k2cbQPK2eg,0.060662,2
FoDh9Qo3xSc,0.0,0
VjQM4DJeuQk,0.0,0
oTGW6NI689Q,0.190618,1
OlUN3W1l6Rs,0.295129,2
vZ6xpc-I5jc,0.357711,2
ofCNAzOWDG8,0.0,0
CHxyg3ip86w,0.323028,3
uXVb_AOBHUg,0.176311,11
Sw2IZ69wnHE,0.091166,1
Z-u88bNQ8HM,0.075409,1
X8krQbVnNq8,0.316324,1
2cspbKoG6hw,0.323951,3
fzp_87-xa2g,0.363695,3
jN283fijhag,0.23296,2
w8F1nGCe20w,0.411403,4
I8-m9yHfqW4,0.246822,2
vEXjiUnvjNE,0.289604,4
znLDkyIlrp8,0.427337,5
su8MszkGuPc,0.346326,6
WZmzDK_YRXY,0.369477,3
_pr8U3M1XsQ,0.12966,1
b2GkNO16NeQ,0.259355,3
wobpMqsFmmU,0.276336,2
saHHKYoS6O0,0.339519,2
jaUBXGyGWb0,0.345781,4
wSMIcyKehSs,0.403775,3
B4gXDRG5Ct4,0.104977,5
l67xKoTuIIA,0.169376,10
4VSrv-iaWdY,0.295565,2
qj-rLLsDX0k,0.132055,1
4LjbZMsf3U8,0.299119,4
Lg0QVaXWRYw,0.288657,6
zyNDMmEK8BE,0.361632,3
lV9R3sGkhF8,0.362,3
OJwvL1L5Wgw,0.290857,13
9JpaZlT3Q8s,0.369926,17
acM7QsD3a0U,0.274198,1
Wgk78bUwsJk,0.298907,1
jI156tSoQ8E,0.285806,1
8M2YyNPPoiU,0.249239,1
pBSeStO5YgA,0.386066,25
1sEtwn1fgCA,0.231476,15
dN68oBnajn0,0.184909,4
U9p99jp1A3s,0.451664,17
6ytXxlturyM,0.331431,24
YEQn7lxLHIk,0.279886,5
qk5-bw71JOM,0.004085,1
MxmHDwnu1po,0.205975,18
DvKDb3uDoFc,0.332844,18
sN1jqmacj0o,0.306969,4
qzOwdkcmMZM,0.341689,5
BmACMH-PkUk,0.072753,2
YIdfKhnKuHY,0.369678,15
nOdr2rB4YIM,0.462035,1
M_Aklwlhneo,0.284021,7
z03N44VldDM,0.0,0
sCmgbmyuKYY,0.508422,4
TzV95Nd2KhY,0.305882,1
mJXeb5iHSAg,0.540522,4
AcT21BYshsk,0.466337,4
5FaprXdeiFA,0.348576,3
qx9y50MK_Oc,0.64891,5
wxMGP3488Cw,0.0,0
br8NIS_TNpU,0.579876,3
uRULmi6FTeA,0.241011,1
iTS_-XrCurU,0.2586,3
EVHrrT7WME0,0.518962,4
6dmOHjl3oyI,0.08267,1
G73u6wdMp_w,0.13518,1
zUNANl9eMJU,0.075575,1
MWuF7vW3P_4,0.110667,1
qxOOP0lPU1U,0.082357,1
ILIsV701-H8,0.231653,26
FLNZkm07A0c,0.08649,1
J0Z8eD2Lp94,0.109997,1
xbDEVs6LH9o,0.062683,1
acR0_y0NJRI,0.227218,3
Dmt1p7qbDqk,0.348481,2
u7dfqDxPlEA,0.28469,4
eUHQrPZk6LU,0.20715,16
UDt2rQ6qpuo,0.501389,6
D_WzBPHZlxY,0.473852,4
-kDaRi9wx04,0.231707,3
uLXHOuXs06Q,0.424546,17
e2RcMEmROoQ,0.34217,2
O_9Js1k71f0,0.236242,3
3y3IOxhXFf0,0.317154,2
Tw0FBX606hM,0.275608,2
4O3WPqQEGfw,0.200648,9
7EZqammYmN8,0.191875,16
1KRN5xlNLoI,0.401742,2
CuNvKy-BrA0,0.300103,2
pg7Id0rQ1Ss,0.364897,3
I43K_yDNsZg,0.217865,1
6nrqZIovCYg,0.0,0
oJxlWfq0rZw,0.0,0
bj9bpAFXX3s,0.0,0
5l6rKgcDuv4,0.108756,1
FGWcEpt20Og,0.166186,9
DTAJiGQru-s,0.185382,1
dGa6dw59424,0.381124,8
F3P6jFklKu4,0.357944,10
hEtEWEb8Cyo,0.30968,5
uFSw8M6RqHE,0.473281,7
di3O2e-WuPY,0.384121,8
DY4eMr4qWXw,0.427983,3
OXEaaMIEkkU,0.353217,4
K4Me3KqNa_U,0.414838,7
e8fa9UwKl6E,0.336445,2
tfgjUDFgVwk,0.34036,2
CMIAq8SZvBQ,0.384457,7
GXxmggCERJg,0.319099,5
TbAblawKsRM,0.418893,7
kI7Z5pdMj9Y,0.7969,11
hcXI5Evb2L8,0.27755,2
G1mCYSo2rnQ,0.592176,3
jNT019W7pwU,0.260609,13
INsYJqXQyc8,0.675659,3
eYKquE7Ud5I,0.315137,2
EQDsiTdZPV4,0.655955,2
v2s5eWiQ3yA,0.36902,5
__UO_tvB78U,0.536199,2
o4BzP7ZJpB0,0.35177,2
OBEBc7TpvLY,0.0,0
Go_3BARGX4Y,0.513252,2
2MyRtla9QZs,0.298583,3
gSo52sTN-dQ,0.413237,3
S17AjMosQzc,0.256322,1
dGKvhBGOyQ0,0.384804,5
gAqd87fvgRM,0.203701,1
YVQCRALfb0A,0.604303,3
Plz1Q_hvSic,0.245921,1
UGlJ8MZrPms,0.321811,2
gCNHDYb0KfI,0.245921,1
misLisjHtpY,0.246318,1
bUQ-bss_jYg,0.592415,3
k-5948N_fOA,0.390036,3
1BqbK5nMFfo,0.0,0
Euxwwjl5W1U,0.244714,2
C4P_3oTs95o,0.522783,2
Nfkxb3482LA,0.343912,2
ejKo4QcM_rg,0.279253,4
mtP-X3eYSws,0.34195,5
voh8h6-4TnU,0.342569,3
bVj4kgTJn_Y,0.237089,2
K-dGNdNnBNk,0.334317,5
tCii51xz-20,0.355503,4
XfcablKT_SM,0.292795,4
SzUWFl4JF4I,0.154838,4
v8ACKD4_F_4,0.322367,4
l6DWdf76vuk,0.111939,18
xlgZx6DjAhg,0.164677,1
wQaBcNWj5BY,0.168171,15
8lorGg2HVdI,0.338229,5
FNGhIj-oFok,0.091626,7
AooCGatVR9A,0.073743,3
SRv7XvRNguY,0.31492,1
EZEZEzWNBmU,0.143726,3
DsAKPYyXWO4,0.216948,1
54TOwyn5rvg,0.683863,5
DsCh6jq-FDo,0.539194,1
ACv_z616QBA,0.265105,1
L9mufsuQ2l4,0.282278,2
j6LDp_Pqy6M,0.228225,1
N91NSaZrA24,0.327509,3
o30aVAI0INA,0.15278,2
zQR-18Iv78I,0.241089,3
wUF1N7DEG5I,0.530692,3
9Nx-If40uQ0,0.65685,4
UD84auPgxe8,0.246578,2
F0JhIdqqAo4,0.182418,2
mM57qJw0UAk,0.646994,12
VUF6PZEsXqs,0.218867,5
baxo8F9BD0I,0.408421,4
XaA9RND_zis,0.226721,4
98sU4zm_kc4,0.333628,2
vfRpOok9ZNA,0.687374,5
pi9RCeE7lzU,0.303581,1
CGO4CYXhmig,0.123193,7
c-ZiNmLW1u4,0.053269,2
XDIGgeAdWbk,0.230909,7
sdDHGOnrpZ0,0.149656,1
eupugvigK2s,0.276539,10
w614ccmGdlQ,0.358095,15
ZLFWfQ46BXE,0.316341,4
zw_OPQRDMAs,0.153748,6
KO7qLjBnct0,0.226527,2
7klGo_s4ID0,0.0,0
AeF7ApRIM1s,0.403934,2
PjFI4kuu6qg,0.709757,2
A62o6uOicVU,0.089844,2
7KxN6QUUJfI,0.468636,2
rbJkd4RRyVw,0.293457,1
dTemtLA9nn4,0.300017,2
YoZVMpgXKB0,0.234233,3
6XzN1a60jj8,0.141849,1
CVv5ytx4w2g,0.100419,1
cF28FU5gDHs,0.490614,2
cY6gObaxtMY,0.2417,1
NVL91cYnaAU,0.058164,1
Cn__o3rac74,0.0,0
QAaymvAetp8,0.084673,5
tZneX5KBf6g,0.114363,3
-Vwo9otFE6c,0.05444,2
NVVxkjLgoKQ,0.0,0
LIad4TJludk,0.400326,5
cLxRXdIP4os,0.119382,2
-_eZd47DffE,0.135465,2
uvyvGTutW8I,0.346106,4
di1LeWsPBmM,0.485004,5
o00kB7gcUPc,0.513765,12
RdUQOpGuA0s,0.0,0
fgmGcON5gZE,0.352711,13
mlbunYgdjDE,0.063993,7
Il0NmpMK8Gk,0.300221,11
7Jjj1212MyI,0.308457,6
DSr9a4G-POk,0.62809,8
VZOwtmP2RGA,0.293745,4
aarvVwkmmiM,0.0,0
fEsq7An6HpA,0.472657,2
TWlRKbdj0zA,0.074763,1
2MdNKTybjZc,0.207335,5
ks0H4tHma5I,0.285958,14
xRck8d5pcA8,0.277065,8
qgVkvqdtET4,0.574019,2
mUTLSo4-Plw,0.476799,2
qwAMLnuRpDs,0.433228,10
B0EjAFmzS_0,0.28653,3
hPZCBSuGiAs,0.521095,1
CuJcC3fpeyk,0.180985,1
oRaFNqaj9rg,0.492116,1
qD1oN4U93VI,0.0,0
l3YkvMFGrZo,0.29412,1
s4c6-gM04sw,0.284346,3
YCtKe8zMc4k,0.034749,1
UztcY3XQJ8s,0.287292,2
KE6Zwd10Zqo,0.16451,1
xVPIeLZTZ6g,0.32719,3
mYoY6Dgbim8,0.466865,5
7YaZO4zqJbg,0.0,0
zX7sGCt8ke8,0.721659,10
qZoxjZckQhM,0.382922,2
OeQKiBEGVhI,0.0,0
YWNtrfxeIxE,0.381255,5
KWUL0iQCIH8,0.0,0
TT2z7Z9Yqm0,0.263154,3
HQcLRz2AZIU,0.0,0
bx0RN6C7T5A,0.0,0
mlpclT89Gmc,0.156477,11
snICgdjccMs,0.558914,3
_qKPHw9d1Kk,0.220719,1
iaCwtdQNXuI,0.0,0
TEefWqlWoIQ,0.003012,1
TddtuhGi4-Y,0.0,0
dS2zVtosKI4,0.0,0
s-c_cJHA7cg,0.001166,1
jJcmm65ZpGs,0.150841,1
8a6As7bHdRY,0.243546,1
zrGyOacLGgs,0.335242,1
ZXiKBRWPl6I,0.429659,3
Fd5oeYK6yps,0.062003,3
AKEDF6DNgTY,0.065219,4
a4jPTw7gAu4,0.334978,3
J9U41ygUZyk,0.078893,9
23kpDCPU95g,0.333161,4
_d2iidaSz4I,0.28111,2
ECjYCdJ6tX4,0.141455,2
u7JcnxevYwI,0.118403,2
s3SPbhhmxgA,0.364846,4
_hIv74fft8M,0.400014,3
oj1-RTKFTsU,0.573916,6
pfxyS_DRgWc,0.229631,3
jh4C91S7BQw,0.365335,6
7cKBbqFtEAw,0.182326,1
V39tB1BJzVA,0.254781,5
aLxak8NliYI,0.265426,2
Y0KwXciuJ6Q,0.323994,2
7QhYc5jRt8I,0.460974,6
lB5xa7yoJws,0.430566,4
0mKla2wDY-o,0.281343,9
9j-dcs-e6rg,0.279498,3
_GN-SvaHqAw,0.31798,4
h0J19o3mAmU,0.341469,9
HrJ14ZMN6W0,0.347511,8
Dqj1zioX47c,0.411379,1
k-cP0d_HstI,0.386441,3
5_byjzH6MaE,0.462797,6
08pGcrMRJJI,0.255378,5
zLqkI_5rXSU,0.449364,14
h5vJ4F4UnxI,0.192414,7
j9YdKAb82tM,0.18226,1
6GWtgLrk0lo,0.355754,7
PUgmM0TDk7g,0.218938,2
vQQ72JCOtLY,0.440905,5
rzuOJSbizb8,0.262005,3
ydDqVwQOg5s,0.201318,4
WKk_FlU8a74,0.118723,1
nS-5InL8JoM,0.0,0
nyMbjggGp3s,0.17475,10
T5bugXWWc0M,0.0,0
-1fBb6wF0xw,0.0,0
5RSua0haEis,0.0,0
GdkudpI741Q,0.0,0
TN5fG38U0qE,0.0,0
4wm9pldGMng,0.365219,2
JZ3k8UuwiV4,0.0,0
8-cDP9Kk4u0,0.0,0
XppRFFzAOhk,0.268194,2
xFjyizicfSc,0.402957,2
PKODS5NOKJo,0.336314,3
XN1kU7i7v3M,0.253582,2
lyCVxkxpwDo,0.223403,1
8xmqzIX3afM,0.214045,1
S2MmZEm9k3I,0.223368,1
1DSXKFKfX1I,0.439005,2
vWbByGEi054,0.206348,1
2SnRPcwea78,0.221372,1
EFnLls-uwrE,0.268891,2
AapiwIJYdOw,0.583303,5
gJehW5wTztY,0.152589,2
AmCWtDzGLfA,0.527666,2
LApXf8pWH8Y,0.205713,2
i6mGSDXwoT8,0.161249,2
KUM59EMxPq0,0.573949,3
U_Zfe079aKc,0.460685,3
UxLioKBzSBM,0.451738,2
lW5RQK7GIt4,0.205499,2
sg2r9Xfqw7g,0.495323,4
WzHx3lf14u8,0.025619,1
yTWpFJgw2Kc,0.060348,1
Ggryb_I-EKE,0.005609,6
YNOk5KQkp0g,0.0,0
ZNyqN0sKC38,0.034987,18
iVQyhfxqSTY,0.15283,1
WNHgX5FSNs8,0.0,0
Mb06v1_MrwY,0.224001,2
gBIVQ7ttcS0,0.104765,12
VJwlWuRSCUE,0.120069,1
aKZEPN2Z4as,0.0,0
2u2IGUC7pY8,0.394559,3
2D_F22lWGoc,0.64329,3
sK6BodEDJ8U,0.131482,2
NEfLFmuCNTM,0.23513,3
kCCoO6fq4ew,0.118213,18
ynCCtcbA_rw,0.381005,9
DYSBrIkVHCg,0.180405,3
X2t6ow2PWxk,0.346157,5
K4F5w_RQOHo,0.475718,8
3Vrhy2ZLmFw,0.358544,8
lS2fyjgdBxg,0.183658,14
0s_AsoPmmCk,0.135035,12
TAUGP0gXOaY,0.17924,19
hGGlD-Q8uHc,0.7557,2
oxJK9VtyI94,0.0,0
5yNpflYu6IQ,0.27187,2
WhWqLTcLZeg,0.011704,1
Z8QWtqmyMag,0.23048,5
IpRDyiMCsKo,0.404332,3
r6i-neJarDY,0.190694,1
Jz4iBpKzxTw,0.243277,1
rElzhzwBXic,0.270017,4
pdBaB_CuH78,0.338542,2
LNF3uZ2jT_s,0.554119,6
CZyPDrjZB_I,0.32765,9
MEK-BBrVRZM,0.0,0
YaCgN1Idwos,0.0,0
u5gNFS1C0GA,0.0,0
FRDZ1vG1pp0,0.0,0
J6oi2tBGu8o,0.0,0
kXZrgDhv3J4,0.0,0
o-nl62JMU5A,0.0,0
3kjiXMAfsj0,0.0,0
9eocoJQU91E,0.0,0
muubzE0wGkY,0.0,0
uphhxYhyyN8,0.0,0
DNvBCDlc1Mw,0.16591,2
3O4q33BDxWc,0.0,0
9lOSjqlKHo0,0.0,0
g4DeILpWxds,0.0,0
kXjp1AN2vK0,0.0,0
vOHr0aaWJBM,0.268664,1
rR9iz-N2mlA,0.164123,14
g7CK42YJByE,0.264775,6
XwFZfJha9qY,0.365268,1
BdbFKBgUV5I,0.375251,2
6g5_fV2xI0s,0.425679,1
IIislO87YjM,0.297255,9
TFftThtJoNs,0.192307,5
U7AQN4eepQw,0.323881,12
X0-HKFgh39g,0.547628,2
nSliiPJmviA,0.462293,2
u_znczUyJJU,0.339336,14
x2r-pN7W1Mg,0.399868,2
2JyPck83wb8,0.161425,21
aeScH_X9cXU,0.241924,1
vTECWJHS3Wc,0.514988,5
g7ePkbanQA0,0.194763,2
FBqo3OE1OF4,0.538515,2
TiXVzIVwGI8,0.311117,2
DOKsbwKMh48,0.323079,12
5vm55_99KXY,0.466228,3
cJhDQg2jORg,0.488387,8
CmuiQJoXkDQ,0.271076,2
HMDpyK85CxE,0.43639,3
N2etFpsO8_8,0.0,0
Vpj4HTLESQM,0.0,0
y5iHjVAWKSk,0.0,0
Od113Ung1i0,0.0,0
koXXF-D54Ik,0.0,0
Q-m6FNMAbYk,0.0,0
6mR-wNS7QGU,0.07498,1
1cS2A7pBTkw,0.0,0
5mX1mt-JBj8,0.0,0
VFtNdjgDdAY,0.484952,3
7FYg-fWDaFg,0.431277,5
v2tmR56uoLQ,0.0,0
9PYFAO9QZBY,0.07471,3
At7OkyM8-WU,0.484141,2
uNJwUhEK4QM,0.056242,1
9mvTG8FDsns,0.168212,1
N5KNPUuykwg,0.338137,2
tyLF886TWVo,0.050071,1
5bP6kpiUM40,0.0,0
xNrCHTeHHE4,0.501731,26
sYbsuW9PFmc,0.202934,1
Vtdud1ALKIo,0.139211,1
N0AMYgRfzhc,0.036212,2
ImPk439_gPU,0.241438,3
z2s4A-1_w8A,0.078504,1
hLmPwwL2FUM,0.189881,2
XeKOxIFTC1s,0.307756,1
XYXxDLlLkDM,0.311535,1
pIN9ynwGpM0,0.466127,3
txIgk4tuf3o,0.12801,1
QYE4oeqMBx0,0.450038,6
-NRwz2DKCyM,0.484098,1
zWl7ZNIye9o,0.424982,2
R73E3BxliQA,0.1293,1
GoUnyN4UTMs,0.441398,1
5yOWtFZcSRc,0.441398,1
_YpdrUIw8oU,0.350535,1
Byy3Uu71JmI,0.370958,1
Z8StcoVC5Bs,0.374857,1
HWgOtymbJnw,0.324229,1
rivBMQ_Z2Us,0.0,0
phaHI7g9wzI,0.0338,8
FI627nTeE60,0.15263,1
4h6l2qajp-U,0.451314,3
L6SonnGCbu0,0.287772,1
2OclFr34Jfw,0.569745,3
jo3sqVbseZw,0.322088,2
euQNhrSzAYU,0.0,0
WsovJpYuWq8,0.236864,7
Z-fTn791tK4,0.403331,2
Rj77WBisgZw,0.1943,2
Oefn_3uRK7s,0.0,0
JOlEDfmSEkk,0.0,0
78gex6KFpzw,0.206604,1
VmOHe01pe04,0.021056,1
mchc83blPXI,0.0,0
xONytkb8SqE,0.0,0
zlJ0CrYTULQ,0.073924,1
r5utpD790lA,0.077173,1
Bby8FG9eZz0,0.0,0
AJFHpZUzavw,0.352312,1
E-PP6U3HSsc,0.218164,2
8o6KoYtRUKM,0.500844,2
96X2_BLGW0c,0.904334,3
41bew5ml8zE,0.262673,1
ShnhronADEg,0.32481,2
oV6GTiFpBNU,0.402849,2
9tFaUL3gWHE,0.762823,5
ABvS-1z9zb4,0.39828,2
5t-JDVwJjj4,0.1159,1
ISnpVpqboRs,0.331341,9
-c-HlJFhEt8,0.287197,9
aRm9V6d-HhQ,0.464149,3
3Vj88Szuw8I,0.168568,4
NKuxNYwfRS4,0.60557,7
0m4lOuwh2m4,0.427029,5
It5H7Dgbd5Q,0.233515,9
_VyKd16_dFM,0.593151,19
vbGhNMk4js8,0.387563,6
ndD5YZnLcvw,0.294729,2
QpAMIVHsWGA,0.237854,8
3BEilqPrVKg,0.552414,2
Hl4MVIL7xFo,0.386139,3
tQixaQoYFYE,0.229732,1
3MCZEYjMN_k,0.228981,5
1ayzdWAuqlo,0.332033,4
r5TpBmKj5s0,0.415482,1
IQKC65V6nOY,0.388495,2
eSIvDsLEW4Y,0.34121,2
4yqXowrNqIk,0.403032,2
dQ7p3Rrn8jA,0.637707,5
chdsBqNu5IU,0.263339,4
pwOGDl6YZK8,0.390685,2
pYishGzKV9o,0.03198,1
XP3TgOUKiDI,0.354516,2
2D8zOLYbbL0,0.460642,3
ZS0R8TXIAl8,0.597128,2
doc3ZsfSJ50,0.306549,1
5eNt0D_6Ydg,0.585398,2
8Zny4gE0pVc,0.638928,3
KrzUvMogtK8,0.564273,2
JMFk5Z1f9xw,0.580922,2
cR880buLZ2o,0.225795,1
JrCFNijnA5I,0.647729,3
x_A7aEyNp9Y,0.448809,8
twWoRjdtQeg,0.144969,2
SQCT_-H511g,0.509503,1
UHXzGBhp_iI,0.0,0
-YRMuwiFTVE,0.0,0
T2oPQjH5tJU,0.0,0
hIxGZ0lFkQA,0.0,0
ZVQ_Sk9ggPE,0.685625,1
5VEuXn8Sva4,0.0,0
krYYA7WRRn0,0.728445,1
HqTyVcQEda4,0.75726,1
w5cdlyHeuz8,0.067398,1
xv5a10qVxvo,0.285964,2
1IlT12R4MjM,0.28901,1
PnlpmWfxjg8,0.53773,2
y4kBcpxXhbc,0.352707,4
M8FYbe6KO14,0.435469,2
IZtz99QRXIk,0.526219,2
2lmAmBki5Fo,0.384934,2
MdBMQ1UP54s,0.471645,3
rFvDjN3XFUQ,0.145902,1
tPA6J06RkWM,0.189663,3
OP8XpCUqh3o,0.152773,10
YYLmAMFWYlw,0.570625,6
1SGCuE6_xJ4,0.378076,3
jnzve0GWcy4,0.366975,5
WZyuVkbRPzI,0.465801,4
CPlyOPb82aY,0.243687,2
U3R4nUS6W5s,0.377635,5
RWIzx2D5jTE,0.227591,3
ZYuuh15Ssdc,0.352724,3
2Tj85xGZYbY,0.339162,5
7XrFWTNVzfs,0.055234,7
4eC7WGvrfJ8,0.0,0
YHqJ2d6_cVg,0.199792,12
sWlSlkKhn3Q,0.276684,15
x2So-0mDneM,0.317499,19
9nzXz7LI-Jg,0.0,0
yCCvMBPqCJA,0.0,0
x2g5CZjjTFs,0.0,0
3YvsMpIzmjQ,0.012786,1
QNPgZfO11kg,0.343202,6
3j9KNo5v05Y,0.080757,5
HAggwnBvSpI,0.006997,7
5gwQaCkv7CA,0.231324,1
Z7GnVJ0xP_s,0.509997,2
RWGpXdWQoGw,0.362373,4
07YnmO82Ouk,0.433702,1
iZDrDnzKUeU,0.444047,3
Ie-XxGJPXLI,0.479954,3
vQACtHCQyWA,0.601254,5
oAXH0rMYBUY,0.343672,2
ZWCrvtl28RA,0.572442,2
JBCND1Rr6mw,0.605107,5
GV1n86EDxKU,0.234018,1
6keaAMpChUM,0.397614,3
Ff7easkHHA8,0.270508,2
vqUZkuwOr_s,0.180273,2
JvujPeN53Uw,0.021007,3
zso2XeOrbC8,0.250334,3
3nEhFjwqgTY,0.380331,3
Gt7WyLnVV2M,0.565852,2
pC6BnMUVWiI,0.380445,7
P-5neo4BTvQ,0.254957,5
mqRUr5ACMtQ,0.480624,2
KCuOtB8-W-k,0.128736,20
UPqMfcCLmuo,0.115441,1
TNjbD-3qTbc,0.200157,5
gjQIk3CiGSI,0.251498,2
3lAYbSKOvlU,0.197031,1
R_AZ_mkJUIE,0.011649,2
nj2ufEPWV_4,0.118981,1
sbIvgPOFo0w,0.202141,1
7ULmcNmMlLE,0.0,0
2FhMD5tMa9g,0.105544,2
nn-7w8xebeo,0.0,0
pwfUXHhSVSs,0.087602,2
ieBkrmPbNp4,0.0,0
Sf9ycUqesLI,0.2295,5
vNIBi36mNlY,0.137923,1
vJzWzno-VGo,0.031609,1
kR9n-jAYDrw,0.0,0
rxo4p9SHY4s,0.0,0
VQ_FDKOw6oE,0.155275,4
04GaXi4YZTk,0.18085,1
SgMVVv2dISM,0.253866,3
_HTM1O4ZS_Y,0.0,0
Z5T-Q_C9od8,0.218738,1
M45sZl7-_No,0.310669,2
NUBM9UPmL9c,0.265111,1
R8Qo4jtZCew,0.0,0
K9XzG_Rd21w,0.445324,1
P7w7EDhnnlg,0.244644,7
8pkggl8nmLo,0.383459,2
cBWNNL908Cg,0.419677,5
jQ1RTeIlSLM,0.356668,4
QQ2VWI4-fWM,0.177132,1
8VVnbBelJGk,0.218003,10
l3rZ_SInD4c,0.56258,12
9BBZgcm1tBQ,0.298802,3
l7sw9kKlfzU,0.310398,2
cp0ohgEb3FQ,0.689087,5
cMnTZ5ry4ko,0.351238,2
CY1A3SOo6dc,0.493856,3
rrddHga-FjU,0.208095,9
SuZ_2-3DiE4,0.350707,5
3EpBsXjF7Tw,0.0,0
uFoHF5jy504,0.0,0
ir-8WyKofWg,0.139083,1
ClKpgRkkxEE,0.57064,2
ll1v1cEi1cA,0.1111,1
WDGdwCCtXvY,0.213867,1
3Xbr5uaHByY,0.29861,3
ZofYiurLtA0,0.332414,3
22nT1Tj50Xg,0.619221,6
PuI1ip8-mtM,0.172074,2
zu8tFfPywtc,0.412803,3
P1ZYkL8P45E,0.22466,3
kejbe9ejpCw,0.180764,2
IzP-wmU999o,0.410774,2
hs7P1o0geNc,0.080505,1
q5gKNH1o8RI,0.607173,3
mgG3aq32k1s,0.405543,2
2dwRHRyl9Uo,0.262355,6
QzwNTwWvALU,0.573192,3
aKrYl65h-GU,0.564786,2
GOzjNaci6bU,0.361165,2
PFGjc4Qh5SE,0.224127,1
pC3iZ4YAakI,0.320951,3
pkjB-YnKGtY,0.678175,2
eFvKJhTdT0Y,0.326169,2
Mas2yQOVB5w,0.332394,4
KATIVYduXM4,0.057488,1
5mg_zUGDMmc,0.223914,2
PHWwTDAn3AY,0.0,0
7FhtdTmgCVs,0.225266,4
rfTlSLTKWVo,0.378853,2
6x24HmsYcCQ,0.528445,2
8NvTp4ct3_g,0.231747,2
75L2sON2smA,0.15622,1
NS8xrWAc5UM,0.056941,1
0fLTHBnX4ME,0.134132,1
zA86nFF4ik8,0.231468,3
R-kLHirzl14,0.197445,3
-FYVEjItgu0,0.157819,1
QBYHPJiGfx0,0.430716,3
McSq7p8qOKo,0.144617,2
0PyZZLtS3bo,0.192848,1
eA3FSlZBKgI,0.085513,2
B_5XOroVpvY,0.50953,3
YdGvM93XvIw,0.337177,2
hyhwI-jaTnA,0.328401,1
PGWiMU1_Nl0,0.416484,4
cOmvjhhkS6g,0.322178,2
QJ447BaOSPI,0.293752,8
5AvSL_HJtX4,0.28836,26
J1YCAUAlUBg,0.607463,3
Te9EuoMHxOs,0.122334,2
5S9riHW1XJA,0.550923,3
X3dNYNkm9R8,0.310815,1
YZIrbmBt2lo,0.274711,2
X3EDXvtGVEI,0.30266,2
l6o5bE1WY9k,0.587514,4
gul64jX1fno,0.283762,5
1fx8UnFE78I,0.550812,3
ltT49qUlxDo,0.22622,2
x9DjW6i4Nuo,0.264341,4
K74ZeNGlnn0,0.620799,5
5xj3YruCcxc,0.301342,5
a7TFXxpLF70,0.28897,5
0D0JaQAOhsc,0.332012,1
stJvD18XVf4,0.149891,1
3m-mxhLU9As,0.033304,1
8K5HOehr1AY,0.026244,1
m2dgVYOe7AQ,0.194248,1
NlaBPYg_S_M,0.306719,4
rbLt87hqi5Q,0.488792,3
nlkXso69vQo,0.140104,11
kydu3_MkiPk,0.350702,8
Mnp1_uM1ikE,0.465056,2
9Uey_nawoI8,0.23699,2
Hm_MyIbEqKQ,0.442053,4
oBpJw03kpnM,0.422815,3
5_LGTVy7pj0,0.0909,1
wgyekVZZjQg,0.322768,5
DBQCOmU43Xw,0.26684,2
H5nbGLl4roE,0.276589,10
Qpgj5svIyAw,0.220238,12
VfmvPFb3cvA,0.400722,2
mcFl8Xo1nlc,0.21489,2
zOF2YwzwLF4,0.358305,3
qXSoopn3_bc,0.116518,1
GJGXCcVy6AU,0.24986,3
hbHC6LHFm_k,0.216555,2
l87LO3bMMCs,0.0,0
f6jHLUU23O4,0.086981,4
8NLmefnoXM0,0.74641,10
GsBW9ezShMo,0.141913,7
PbV9szmLIaI,0.003037,1
_gUIvN174uI,0.403378,8
p10PZLrV33w,0.012805,1
fX7Og18N-Wk,0.198711,1
eOb1dOW3JSI,0.195406,2
_nZyW2ZHZfY,0.38874,10
Ym4OeoV6_U8,0.493215,2
Oj2oS_7PZHU,0.297516,2
tTn1ZaFNaUM,0.796012,3
ayydiM-J7Jw,0.541865,2
xfdtuH0J67Q,0.642663,2
EmRKoZn7sR0,0.49865,3
OVSW9m2NHoY,0.457351,2
eB5XEEglB_Q,0.566355,2
4yrUKXBI65A,0.72063,2
OOBRA2dEQFo,0.466498,2
-6W7VqSd4Ro,0.295214,10
OZ88S5PR7sg,0.339109,18
OicgIztfY6c,0.289276,9
7inrFtLw7z8,0.45092,17
R5YGWgX0HgU,0.394907,2
dMFmxYUl4iI,0.450851,21
hwizYs0Fako,0.312691,22
aIdgx82mzSo,0.255116,4
_dmQFBGXvTM,0.304138,9
w-1amBKX28I,0.376273,10
c1et-0n7kSc,0.304838,11
PcP3Kr2yylY,0.507182,22
oNEelJ4Q_hw,0.164415,2
3cayxnKr8ng,0.004942,4
H--cKpd6x7A,0.386024,1
BYZ7DxIx61c,0.422248,3
X03EQdGr9rE,0.0,0
n2JatR01tRM,0.053657,2
6zKHuFbviEI,0.026778,3
bvkm1Z3nLNE,0.129575,1
O9X0hm9ycSA,0.147552,1
yHvGRkKkQug,0.02602,4
ulYxZ-vpXpE,0.166069,1
5EqUCWUfZ6g,0.0,0
cdhsMU4RUeo,0.0,0
DQi_Ak8zesk,0.0,0
oTYmcAFQ9tQ,0.0,0
-jBXtkSEJFk,0.0,0
EJ_J3XFV3a4,0.0,0
sk1XhUnHbAw,0.0,0
C5K9YRXjmGo,0.0,0
Z6snejLlKKs,0.0,0
bBwJ9IGiVCU,0.0,0
LflHf1MJyuc,0.0,0
E5XNn3gex6I,0.019856,2
QAke_cFfGYo,0.056793,1
mJo2eedU4ew,0.074703,1
D1Adkv3hVTE,0.297063,4
CmL-9npnE_4,0.0,0
8JTKJ1SyWsg,0.0,0
_IqBNk2CQG0,0.0,0
H5-mj-g5lL0,0.0,0
R1lvS63dEIc,0.0,0
3eugOFigKcA,0.026748,6
nYcMdaTx4y0,0.0,0
8p5fHvihHuA,0.025081,4
s52plX6XkZU,0.158675,2
x4vmUVaaW0g,0.0,0
73Qp0ziCn68,0.098854,4
xPozJB4e2tY,0.0,0
HTn7UMvGOCk,0.178102,18
eP2w0jSzrec,0.0,0
fGmcE__sbkE,0.204641,5
M0xaUlqYwYY,0.289994,6
0oCv7cMniiE,0.168206,3
WeGV1U1-mPg,0.143063,2
FxjSmpx_Diw,0.0,0
h4hTZu42rLk,0.0,0
WgUyKlsfK7U,0.626679,2
q4RhxVU52u4,0.179691,3
UcymJ1AvRjg,0.288432,2
WKxQpCxlFSE,0.376641,5
3XewFhV6824,0.020972,2
B2CbDm4eUcg,0.0,0
QcAhGWenIoM,0.199762,5
Gd_axjskHYw,0.25099,14
hc1_Q9zrlYk,0.199762,5
yy38pTDlh9E,0.149569,6
5CnVYVfBB80,0.207288,3
o85Pmm4LMtw,0.14404,15
VgIB1eAdxkk,0.457579,1
Hpv2j1tjqc0,0.622389,2
fcTPu969KQs,0.484531,5
WjutdAePN2w,0.695618,10
DKUEM6SC5tg,0.105775,1
u-_DiM1yW5Q,0.268202,3
d9bnD__KqMo,0.589352,9
LBJC2ccGkA8,0.359391,7
bhR3KkIEiCo,0.178674,2
1FNbEwwX57o,0.257663,3
qBtuQqytJVI,0.309939,5
kQx0CwMCZQM,0.296591,4
hQGFgU1HThY,0.0,0
8lViPpiaQYo,0.107212,2
h5Nz1Kkm3Fk,0.0,0
pvOFAriiUJQ,0.148032,1
PqlbDH6nTJA,0.218966,1
00gRX90st3g,0.261063,1
yCUgNopFayw,0.183248,1
Gv1UOCOkCW0,0.17393,1
LHKlVLkxq-o,0.171135,1
_wAwtGYuetA,0.137827,1
XpG-0VnEeMI,0.140927,1
dOLm6seRFSI,0.182298,1
KYRWCYFRINk,0.151906,1
3vXYZqncCIY,0.474464,4
rlCslCNmSos,0.540286,6
vm2C2dwN6pY,0.543285,2
VbFqRWtRlJI,0.588443,3
5c3sI7AGCNg,0.504813,2
o7SHPgyyCO0,0.424781,2
1Pxn72tl4X0,0.639084,3
lUke0hccimM,0.513503,2
ubJSGl1-DXw,0.109262,1
956hl5tk4io,0.0,0
E5U2cO_WN_I,0.360474,1
aI8gr8W-Sv4,0.582256,2
x1vT5ErETu8,0.581272,2
SqT4J-iqgrE,0.153253,2
XpXhI5orAmU,0.22754,1
tINpQM3LtsU,0.253529,1
ceUuqpYjxWo,0.327758,5
Ezd6Sk5YcKE,0.143627,38
gWhr2QwJkkE,0.144189,2
kJOAAl2-tZU,0.246837,6
xr9Qf94r4Z8,0.198257,1
7cRb6DIIoQQ,0.248692,3
FDfar0GPmdE,0.153177,1
CUKrBkBJu4Q,0.191968,1
JZL8CL3M-Jo,0.113794,1
DRUV1qbbU50,0.256892,5
duBvSWL1kUI,0.181888,1
mYsJlY_Wuso,0.243148,3
j868hnFU86s,0.415192,4
qAWFdew4714,0.353617,3
1n91SjfRwyE,0.487509,16
lc09kGd4Xbw,0.392237,13
dFnaxNooLFs,0.438464,11
h741Sw7s2dQ,0.526277,3
sFk6SN8NePg,0.270187,7
f7RFoQ2p98g,0.391002,5
PrCVzB4I430,0.064511,2
kN6O4GvaclY,0.529148,5
6TsxzV9yabk,0.0,0
m7rSdwRLoEc,0.481088,9
mo5M-MCTZ58,0.316339,7
Sf89o_NRJ-U,0.280294,6
TiHg03cI9Ko,0.413911,15
dN-LOzxfOpE,0.292359,2
gEX-06T_tdk,0.291185,5
W7CRXwP2Y2s,0.168235,2
MIZtg2ld6-s,0.261265,12
gA6wz7CyVRY,0.0,0
AuEVcD2NvXg,0.453002,3
mXAe8wn990A,0.12843,3
cTo769Yv1ZA,0.363092,2
eIYwHltovwg,0.189027,1
Rx4hEjpkmxk,0.355027,10
sg6M-RvGPtg,0.58017,3
ewI9fc3kVBw,0.413814,4
t_p-OcFs2a0,0.385195,13
ZplLcGG5Ulo,0.13275,1
Jb7O5iIccUE,0.340483,7
yT_g_ef6z2M,0.049303,17
lOn_bsyTOvA,0.362476,2
pC1R1jqqU7U,0.054628,4
MvsgXqpFjAc,0.381895,7
dvJ0-YsHw_E,0.058199,4
xNNaP5G2r2k,0.369991,5
w-vTNuN-zq4,0.135608,1
AP9km3eGsT4,0.078943,2
dvd8TSUJHmk,0.31439,2
JdxogIjKQAc,0.662869,4
L5sPkoDPc_M,0.380227,7
G1-qH8NOigg,0.309388,7
eFQQUWMMGEE,0.0,0
2YpQdeL7Pyg,0.712488,5
cwNelylddVw,0.553866,2
2xIDXB101gs,0.092452,12
QqU9kn3tk7s,0.459233,3
wdFivjp2Ps4,0.006934,2
wyZz-vLO-IY,0.380423,17
oeaKtbqiia8,0.64166,6
A8w2SdDrqsc,0.037932,1
AoM9FFOAQgo,0.380911,10
nOc9902KD5M,0.0,0
L-_FmjBnQBc,0.261503,2
vRvS6SXfqlE,0.3039,3
2_5-cI1PnAY,0.098125,1
IgviT7Vh6AQ,0.345018,4
-O2SZFET1jk,0.346189,8
aX4wxeTCzAY,0.198598,3
CRNWU4hGmt0,0.218133,2
bY85k0bpmyc,0.145627,1
0C8InxyUUXw,0.286112,2
Jn1b0_fbG5U,0.139926,3
oAyVYB5Z284,0.195522,7
4zT5h2D1Ymk,0.244066,2
ZCzfTKD2LxM,0.231806,1
EwBThkoZ6Lk,0.490502,4
fa8TXte9h9s,0.435955,15
Hlq7SLNUgI8,0.40365,3
Wa621CsXQIU,0.204732,1
RZoHxxI3pSg,0.363755,4
L0Jlr5tKJIM,0.318242,15
HD85Ce-6Bvc,0.37814,3
DeN4-kjHbcQ,0.288491,4
4czd40T9SUw,0.314064,1
jFBfcSDo82k,0.325264,1
edIZzfwsUvI,0.214421,4
SNTte95CzgQ,0.120625,1
hpFHWGdUMLc,0.491905,2
PWpOBOHQXpM,0.206018,1
i4TKGfKX_WE,0.697866,4
xAPgRA841Ls,0.547796,2
uN1Gg1xafPQ,0.164785,2
vkDaJARRulM,0.196424,5
wNGyvDteTTI,0.209063,2
rn_lobR1KNk,0.0,0
ATmXxERL2yM,0.566223,3
TqupLvCV2cY,0.0,0
T_WRSbTAY90,0.000799,1
TZTgU7g5Ms4,0.137344,1
38Wg3-y2mjs,0.249462,1
Vs_kAL6yLxA,0.0,0
6p7ckZdUB8Y,0.249462,1
iKNeCivUCl8,0.249462,1
hdnrcUuV3w4,0.249462,1
wb7bZis2FHA,0.0,0
z2VckSB7CwY,0.405289,1
qiPB1CYh088,0.0,0
Kunh7N7jWuk,0.265753,1
NDdDqwHsxWg,0.207917,3
cCACcPoqS8c,0.176472,1
dW2dVuQIYoQ,0.284689,4
pAAI2WlFmcA,0.357922,3
aa1LFrH4phw,0.131446,1
3NYPxiDpKtk,0.0,0
045RPTggMFc,0.037713,14
AMjVImPUDoY,0.377905,5
-tV947WIYCE,0.006123,1
8L2kPaqGIFA,0.0,0
2Zhx9SVKCV4,0.0,0
HalvAe5KOq8,0.0,0
JsirPQkaQp4,0.257147,3
JWB7XVho7iY,0.215487,2
7OscwWbPSag,0.292049,2
DdLzoYj3uK4,0.189719,2
lpkg0SMBXGc,0.30041,2
iu5VSCaU8MQ,0.249324,3
TwH6zVHWrys,0.228957,2
S2Z_1duj_TY,0.2595,2
_YtcZeU2mCA,0.0,0
ypv6cP9ss58,0.0,0
zu854aXvTF8,0.0,0
XsZomMYDMAI,0.0,0
ZYT_e4GMmUI,0.0,0
tzsze5z-UFw,0.0,0
A2F_Te4AlQ0,0.0,0
o3NvxcUAkwg,0.0,0
PuVkZWoRvas,0.0,0
DkMHdF960RU,0.0,0
PN1S7Yxdjw4,0.0,0
FMs1Vhhcjoc,0.0,0
6nEB9VwVsh0,0.0,0
8QuEWOu6Shs,0.536567,9
IMLCqT2y_GU,0.550488,4
MNT934lX5_o,0.560125,3
--U1S7J88cU,0.113301,1
CTuuTKrLzo8,0.268824,4
Egy4X48Mz_k,0.435115,5
RdyTrsluGjQ,0.495132,4
OMllWpi_Hvs,0.257035,1
jSV82lUYJEA,0.132759,1
XzRrKFQ2q1w,0.240909,10
2XQ1iKTH8e8,0.174066,1
P9G-CD7u9qY,0.207895,1
DAw2Eh7HwMY,0.0,0
IbABZCFfYys,0.0,0
zqXlX7PIcIs,0.259765,2
H2NWaD-zMeI,0.552138,5
3av7iZiCVxE,0.481434,3
VLGugowZ1Ao,0.000607,1
BbYJth9g9I8,0.288577,3
aSX53og16Is,0.0,0
dJraArK-EQM,0.0,0
q5wJ1IOz_ZY,0.239769,1
YzjGyVOZQIQ,0.241607,1
qwW9ljxdEUQ,0.078516,5
RebHNKsTHzg,0.076992,11
PSS2aRbxqQw,0.023968,11
g6v3zDlLCQE,0.0,0
Yr8awCuUQ5U,0.36547,2
Fa9qHPQ-fSU,0.25443,1
h6K959r3sRg,0.260016,1
-LW3LbAGDNQ,0.445743,3
8GAIz0JQB-g,0.259813,1
f5L2E8_dcq0,0.3516,1
3nniET7sxyQ,0.312615,5
-GsShTfnPX4,0.13082,6
BcJ5tlox7RA,0.251684,4
w95XgEIoShE,0.270161,3
a36XrvMTiYk,0.231576,3
GelTPMr7iO8,0.224468,4
k1PPKZ3zzmU,0.361801,4
849d-Z7NQ5o,0.224431,4
3-aW_BOQhL0,0.36128,4
8NpepDe6j1A,0.362588,5
1CxFvuTtc5g,0.18816,1
FmBEwcVLAvI,0.654632,3
HIQbAHQXl7A,0.139251,3
oaUHQ44brjs,0.0,0
VfZSU2_I514,0.27386,2
WEb3e2CzVNc,0.305051,5
XXulZoHvz0c,0.0,0
BWUEXSLBi-4,0.252573,5
U30u2bdcO5A,0.122909,9
VNYwRyGYYrk,0.213343,2
akUB16b5jYg,0.327156,2
W5rkjkTrvB4,0.256211,3
IY3NaAuVg7g,0.15724,1
dTsCOh1NHPc,0.158803,2
R-wkZsSmugc,0.117585,1
eLxnhkRZbVc,0.195333,1
QdiW5KybC34,0.201738,2
hECYgjkq32k,0.387808,6
ft9RP8tStqs,0.218881,2
yoByAl9zros,0.114087,1
f5SCowy6RaQ,0.132562,12
oL6297yo5lQ,0.426049,10
N96VQkE-PsY,0.0,0
bvlFM7fCOQo,0.220173,5
CYpJdMB16DY,0.067541,2
k7DNiFGPGHw,0.401133,6
u7SeOPOKXRc,0.003173,3
Wbc0iYOkpy4,0.295621,6
2tPCkfC3rUc,0.045456,1
xNb3HAmlgeY,0.091992,14
Fc070mUpmzI,0.0,0
e3BQqFebUeA,0.046669,1
3cQa5WUEBH0,0.28722,2
qtZeTEUkx5Y,0.290471,3
ePKrGqmjDQU,0.243421,3
2XJn0wJnA18,0.782142,4
_eYR2IilAZk,0.703558,18
UrFSGqOuSPg,0.282946,2
70Y6ZqBHGPI,0.319773,6
SYkEWLNzjf0,0.0,0
EnSdW1V3Msk,0.075132,1
ePzYhyldeMU,0.037275,1
UwWECtrEt8Q,0.113453,1
awkFdAz66sA,0.017999,1
xQP8nXdQyk0,0.018031,1
6sMAwfv4bOo,0.34114,1
ZcrHNDslxhY,0.332936,8
jje7Ylzkmq8,0.109306,1
sIYso0lb74g,0.329371,1
7mzhq75GW90,0.131237,3
1v2-nQIfiPA,0.273619,1
5FCRKAmbZuc,0.095414,1
YR2qgWHls0E,0.0,0
-5_QoKdvLbg,0.460197,2
eA50Byk0UWw,0.347686,3
9Zu5fX3Tvlg,0.115915,1
51-8L4zBnDI,0.151603,1
ePX6ry4k1Xc,0.34309,2
B2BpkTmC3ZM,0.392222,7
B1qfEM9WAFc,0.554363,2
xdJMgUd3MhI,0.287432,1
ZUqysNT4N_M,0.349603,2
hc-OlJB3KGM,0.0,0
NuwJL1DmWIc,0.0,0
wO4fl-5uxao,0.0,0
B6z5Q0Y8L3E,0.0,0
zgVRbP2fi4I,0.0,0
acUQNRQVGA8,0.0,0
r68OgkU1eYk,0.0,0
z8AqEOZY9wY,0.0,0
i95Tr0sjQN8,0.0,0
FT2mrxMsS5k,0.0,0
FAnxU4Nus8o,0.367498,7
UB-5O5Z2kh4,0.276747,2
CyOI_6LiyAY,0.421292,10
UmheA7KISBU,0.46467,4
1Ixh5g-jf1U,0.306801,14
37gfanJ_PsQ,0.30054,3
ghzYNo-GuSo,0.509805,2
7o_HwOwgrak,0.0,0
d_JSOTkqQbU,0.0,0
0Af_c5BGieY,0.0013,4
Mm9pNFMogi0,0.0,0
quYbDhoSlCw,0.334724,4
5kugJQUyORQ,0.38636,6
yWKo9m05Tso,0.306543,3
SLkM6hENTnU,0.286809,3
Ad1NW9ndn5o,0.303984,5
Agg_eLs_M7w,0.453351,2
acT4A2cLiwQ,0.500932,2
kRZvrvK-oyM,0.552561,2
4aWIqjPHdaQ,0.598773,6
Tl6fKa1r6gA,0.659071,5
bymWrpWPE4g,0.138952,2
Nv_73VJy9s4,0.557639,1
FqHOh1Rb6C4,0.516253,3
M9YRpAP691w,0.678702,6
9b-S0zBlstc,0.604498,4
V0Iof3sI2lU,0.321256,4
QxPu385HQ38,0.369422,2
PPakv4IXYMk,0.254745,2
NlCCL9YrMzo,0.496647,3
hQES3BqEUio,0.528316,3
-ccVt52oGQo,0.356392,2
IZu_sTo9I1k,0.338794,2
ZRhi4AKxR1M,0.330536,2
FDnohnhbxVE,0.253417,2
zI6XiY7N9us,0.302516,2
xlygXNp6URw,0.34602,2
Fh8KYVOD0uo,0.065241,2
abC_4Vbid-s,0.0,0
Mvi3V__TlnQ,0.396636,2
aaAiXOLS4bQ,0.487183,4
F9IP53I2xok,0.0,0
E34pFaG-i6Y,0.491345,2
lJZ37tcbqYo,0.283283,3
QByB2no5Sek,0.293861,10
JH4kZqjc8vM,0.031246,3
x_K1NGJwhaQ,0.039606,1
Op3x9xWGmPk,0.09348,1
sGISG7TMEjw,0.548634,2
locYAJLlayU,0.056213,1
QpsXKjts43k,0.072901,2
cHAlS-poBwk,0.016309,1
-Qv1c-3CGLQ,0.053517,2
CRcO_IUoioU,0.635765,8
BZCHP1X7I7M,0.355151,8
E0_eXcvUIao,0.449005,14
S6uULexPAF8,0.0,0
M8wjBqsvVvY,0.166925,1
Jp3MF32fzyc,0.722905,1
8BGBPaME1aM,0.0,0
u2nV4e7h1z4,0.0,0
W9NQ006imjM,0.0,0
Xx4VsRdbbxs,0.007384,9
RXEr8rGGmcM,0.256183,2
dSJTclHiOZU,0.817287,1
JhX8L27_M3A,0.217518,4
fN--tPIEiGw,0.656406,6
KuiTpSqif3A,0.0,0
Pu1Bgx0ek1w,0.307371,2
AqmtwC0BSfg,0.183837,4
Ihq0GUMWins,0.344031,1
1I7Rf9PspBs,0.0,0
K7k52iXEApU,0.0,0
gPivXzoiGHU,0.0,0
cmmLusyxHVg,0.006252,1
xA-ePG6WqH4,0.356062,1
hq9bSExIWU4,0.497739,1
tRWMz8utY9w,0.17994,1
ZYbJQtknOk0,0.252143,1
EwrhHZQZgYY,0.480857,2
KjU67IP_MPA,0.143737,7
t3P8nVqPALc,0.422376,11
lm5-QNjFtow,0.131234,5
h5XpvToW4N8,0.29088,8
y5q1egTOIb8,0.241373,6
Z320bYdFJmY,0.167068,9
hoWKIxMlWxk,0.529031,3
CysPZKSuiew,0.34455,2
UICAwnHMI3A,0.238199,2
PDiVklaCENo,0.331552,3
PeRUaTVoTJ4,0.226939,1
NfjBAlCAoBg,0.254472,7
Bq7cmRAknpY,0.579119,2
oRAyEnlloOA,0.409758,4
vqZdKU0m4pc,0.593059,4
B7RW1TkF8g8,0.492394,5
gsYda4yIAg8,0.473293,5
zrc43dwT1Y4,0.466386,3
8z5gPlIy3j0,0.444317,4
AtIfW-5CxGg,0.41287,4
xP4uvrbpKSg,0.362503,4
uZl2OSGNGFQ,0.317316,1
U2wAyLCuSPY,0.541478,2
QPiTOhxmt34,0.179653,1
L1IPPVFnqJ4,0.394271,2
c7i4aEhreQs,0.081791,1
H8G5-N6TXWA,0.184084,3
lzgcFYeuc2I,0.507556,3
xSDtSj1muuk,0.35,2
fhoc3bsWrY0,0.274363,4
fD74roS4aJw,0.250164,1
qjkosA-wE5w,0.309954,15
xH3geQ4UcNw,0.269441,1
0Khox0YjytU,0.161666,1
aXhMzcb_7DE,0.14291,1
1GQsV7Ml6T8,0.174481,1
I-AYt3CNIkQ,0.0,0
iFEy2mxixjU,0.298721,1
xHDJO5qFccY,0.227225,2
jymdKzbWCrI,0.353661,1
TnPCE11WiV8,0.0,0
XO1PX4IBjvU,0.0,0
VZCyE2VHNAQ,0.0,0
1ye2svShRSc,0.0,0
yaUBq8IeEpA,0.034742,4
rNmC-Ca5-Rs,0.083389,3
yXZvu8HU_4M,0.0,0
SFGfvBL6jUo,0.0,0
6i9F590gZFo,0.024219,1
FNDNvRUqdBc,0.0,0
K9DqdzsjA4A,0.221229,1
ntpa1NPBnwg,0.180444,2
P4i5-X8s-nw,0.459818,3
Zp1NpUxHlww,0.246825,2
6SWKhY1h6VI,0.381528,2
TuBoZxHIvrU,0.284513,4
_iFIqnN8S0I,0.382676,2
zUbV1ZBEwG4,0.471839,3
JE9hKoInKQU,0.443077,3
I_qkZbMmyJw,0.427972,17
lKBlnfQiO98,0.124172,1
P3dpoZPfaPw,0.272665,5
E9DbMMwiAHU,0.198827,1
GhTBnGfdmXU,0.320013,1
nsUMn02humo,0.208426,2
EfQBU7bSv5o,0.330421,5
_YMOx3hMTgU,0.162138,1
wr3nLH-V_yA,0.190832,1
xldO39ZSyVE,0.228139,2
nprImqMYPEo,0.312421,2
48FfaHjWdp8,0.139248,5
WLK5i2Wu0go,0.220207,1
iMPYYaLxANE,0.137845,16
o_V_UaRzCFg,0.499924,5
paY6yrZ6qmo,0.817852,12
0BVIqnOal34,0.762893,2
3Qdto9pVKWw,0.160802,1
iGWns0bVUqs,0.200945,1
6begNsXBDWI,0.113142,1
l_QnK6U9dZc,0.26447,3
eg5oBai_A-Q,0.28749,4
eKgMAgkaMo8,0.295035,5
Mt5U4g3uRek,0.171829,2
qo89A-XUmrE,0.301541,3
xUdvdOGEfR0,0.261388,9
DEPyPw7gwas,0.078293,1
0n9DB4lqRG8,0.239307,2
KO3IXCsvgr8,0.17602,3
ujanewV56Qg,0.371578,3
fbNoBlKz_0o,0.304467,11
4iYFnp4sCLQ,0.248716,2
IGc4NrvsDik,0.6084,3
OTbyDnFYwXs,0.229889,2
houSAtx0rWs,0.486092,4
E5bRe-rng3Y,0.222746,2
4S141noqeKk,0.208076,2
QQAkpfMATto,0.268147,1
LWoxHINta0E,0.345339,3
63oBduWCVxM,0.324386,2
U184n5jCPZg,0.587113,4
dfW_GV3AScE,0.324416,2
ZMypfqLo94w,0.137035,2
ZyGmo8WIB6k,0.0,0
UZ8vb9GVdAQ,0.038779,1
qEaVo0BRZA8,0.106196,2
BVBYlmre1XY,0.192639,2
fjWmvz1pak0,0.140655,2
0T5Po6b2TBQ,0.050954,1
ZNG6dc1r3CA,0.051832,2
zkwiRbtiCQw,0.510446,6
NYsFPtIRsgo,0.536507,6
FDITq-gOmG4,0.719727,7
bmsPPHu_EqA,0.022436,2
TgFDGwo5wPc,0.134931,3
mw4vgpu8-zQ,0.03794,2
1BMDixSOyLo,0.221233,1
bfLUL-Q64JI,0.0,0
nxR6sQpmoNc,0.033588,2
Uc-yvtvrmUM,0.335118,3
iEd6k6OWmmA,0.322518,12
HIqTgK0Nc40,0.22437,6
Jpe02hFrTyA,0.20543,2
KnZkeweyfH8,0.114082,1
wiMfsElB2sY,0.178484,2
NWYFuXqzbkQ,0.268843,6
ZryBbNsDS5s,0.202494,10
Gy9aJg1uYMI,0.104653,1
0d4DBPBuvMI,0.57305,6
ynlZHPRMp3M,0.105966,1
lBl1z0PoCCI,0.188113,2
DIku6AE3-EE,0.121441,3
rRTNS8lCf9U,0.36412,3
x73KnI9Pt2w,0.0,0
go3BXCY-8b0,0.303288,1
_STBClJN4SI,0.206966,1
Si5eSDM31xI,0.284733,6
rvGJVdaoUPQ,0.0,0
5OA7rkmWkag,0.0,0
4hHmoV77tiM,0.0,0
Dr2AuWZ5hro,0.0,0
TL7v1ArlARM,0.0,0
_L8QModusl8,0.0,0
FgQODYg_wgM,0.0,0
tjz0gWcJwhE,0.0,0
dI7X8Oajj-Q,0.0,0
h0mdOQ0ilNc,0.0,0
IcqtGIdue_M,0.257431,5
HGcme8_oA2g,0.205174,2
5t5l4mOiTn4,0.216891,1
03V_v1-4BPw,0.198117,1
nmBBLqgZyJE,0.45699,4
1EtaT0edlPc,0.287564,3
JAslfqIWU_I,0.683247,1
d4V5Jesht0c,0.181011,2
YBABLV-NH5c,0.349406,3
MeT_fbBoNpU,0.443199,4
AHFRSp7k78c,0.132987,2
3L9UuZJD3Gs,0.469517,20
EpYqJ8nuGCE,0.274301,6
w_XLaomfJ8M,0.126659,11
eNp_KJX8eOc,0.105737,4
z8GRGzC5ooE,0.198433,4
vhg8k1lexOY,0.519647,2
1HCReb4ecso,0.32408,4
h1GdVQuafCk,0.182725,6
F5piKX3HPC8,0.030228,1
f0aEr2ykcy8,0.12008,1
alA6a__WMF4,0.121366,1
knLNh7mGLDk,0.398862,3
_V0lBFkQww0,0.230581,3
lZWsCBYwBLo,0.111107,7
xuOCpy92LJk,0.212113,5
GKNV0UX3dIU,0.135974,1
2haQ0qtAJB8,0.020839,12
rrQ3rjnfrCg,0.112028,1
jvMqpBiLWcI,0.447938,3
WAITAAJx-b0,0.469539,9
ODhJWtUXCow,0.377249,5
EdG4lzeECH4,0.447805,5
ckpefZgt_EQ,0.3963,13
nUSUUvu47mo,0.284076,21
4uzN2qlj17c,0.102007,1
DQaWHwRSZy4,0.301742,22
_DcTgwa52Qc,0.059575,3
oIQK28hfsGA,0.0,0
Iab11RTMizk,0.294565,15
NWfCIOGttF4,0.221734,1
Jtf5SIXjqX0,0.162275,1
DNUUnXlnAek,0.109825,2
8VcvdSctMPc,0.0,0
lPPlpc_XH_s,0.191482,1
kW5x0uq-jhM,0.142554,1
W4nVARFGpaI,0.140551,1
-8NrqM33ypM,0.128633,1
K2BgSBLC9iw,0.085819,1
SOCfYkjTyV0,0.602321,3
l-wkQwlF6vk,0.414389,6
PDFraO2ZP_s,0.582549,2
Bzhpt5dbnLY,0.521923,2
IJoRW4bum4Q,0.584937,2
rwYwuvYGlPs,0.531788,2
zLjWrH9_Un0,0.747027,4
AMBhQVl2Hb4,0.548218,2
VKpBRqbEA_k,0.34519,4
EynbOLEhO10,0.416679,4
BeILJ5KDhEE,0.307464,2
Uowl7ufZZ4E,0.385575,4
xqlqXjycF3I,0.55028,5
6jWxqMrV1-g,0.424155,3
V5rOm6dBfFw,0.524893,5
XwX3Axch7mM,0.34297,2
gHxJUfbawRs,0.203051,1
UB-g4URbt_Y,0.363089,2
vNECxnf-230,0.200923,4
Y4XkYAtCyjg,0.263869,2
f634_njyW8g,0.0,0
u_RRfX0n-L0,0.0,0
wjC-qgyOdug,0.265272,1
LQOwN0xtm54,0.217827,1
7M4YHLP3hEE,0.762615,17
vfq2rrSjweU,0.192144,1
1v5fA0Ce4Wo,0.27624,1
Ght1vcCpOFI,0.463776,4
YMFyyolOQr8,0.259425,1
BDMkfeMRaE8,0.292738,4
QisJWXJuM9U,0.299772,4
K0Bzl9Lopgw,0.359929,5
I7CWaJQobYU,0.120458,1
NS3ujcS_ICI,0.444074,9
vOyWld8EUXE,0.174034,1
W51kUy5AgRU,0.109163,1
r7htT8KbtWI,0.384474,2
5bciKMcAvTk,0.439986,8
P4TZtQ2-M9o,0.266864,8
ya3qJa_8Scw,0.197616,1
JfSl7fiDd5s,0.176707,1
X18gqFeeOGg,0.085434,2
4wubneGCvS8,0.129062,3
5BmKjHS6xZk,0.100804,7
R8D7PbXDkdo,0.071991,7
pF2S1vQQq5g,0.121794,10
tYhJzB4zuig,0.032558,6
VETk_E8vBME,0.0,0
uUiTojUSzJU,0.0,0
h0dJxsz5PkU,0.254525,1
V5a2gfaIwKM,0.0,0
4_QsPPh8mkc,0.12652,2
_Al57VY9UBg,0.0,0
nv2dXz7_CqE,0.032569,4
X3ubQGGSEqM,0.191532,2
_b2G7kIi_dw,0.341887,9
cyQt-zbIp-I,0.59247,5
RZt5asDE2Vc,0.191654,2
6ap784z3-wE,0.46663,7
6qA-AIg5zyg,0.376071,2
r2OlJTSVJC8,0.316904,3
0D2cBT50ZFc,0.171926,1
B_DDLWQf-MU,0.227563,3
POg-bktsUqY,0.302051,5
RBNSG9qbEKA,0.167326,2
DshZaLf0qSk,0.038784,1
CuNzatJzR64,0.285689,3
VG1hn--JEZQ,0.439072,2
TufOyFnlSKE,0.160103,1
M6iRJagbPG4,0.391305,4
2FKiwPPK36M,0.171188,2
euQ0PbveD7U,0.28528,1
mQNV59ZuaY0,0.287305,3
q0N4ErAti0k,0.135754,1
VGlLlknVqGU,0.212534,3
3hWNTlNGlb8,0.302219,3
fOo-SmmE0V0,0.0,0
JF0HUwtO7O4,0.309133,3
efuu3aX0m3E,0.223864,2
4srq487ZdFA,0.497195,5
jn0Y7kxG7HQ,0.265711,3
ba8l9f8p0HU,0.072198,1
F5wrHFuLaoM,0.004656,1
7K-Ce0Ser7c,0.009931,2
OUKo9oeLRkU,0.0,0
6M8ghq7lL1A,0.180548,26
ukZw79qUMno,0.087703,8
-w_Ad72Lm4w,0.184606,1
CqdC3L5O9Wo,0.0,0
CFzX8vBTZXY,0.0,0
L4OfYGUYMHU,0.0,0
MRrucw3VUYA,0.0,0
P5Qc9EhGq68,0.155133,1
AqefrprBYPw,0.388177,2
ias0IzrzFks,0.07852,4
9hiZ5CwLtkI,0.126939,7
HPTAudsV1YE,0.129133,4
DA_MSaeJkFw,0.520964,13
vbN3lI2oSt8,0.084588,4
21pgkXwVjzs,0.0,0
p26rEyBefvU,0.195758,15
gseG33XCn1E,0.596096,5
yZIXF6H3i8I,0.281184,16
THTVfd9EO2k,0.0,0
vG-SpD1W768,0.0,0
Va5FaRAMZ8s,0.0,0
1ZKxtkRgxpA,0.00536,1
YGdX9KZqM2s,0.263451,1
lR5lIqvPknY,0.181833,1
GyPqbAV9Gi8,0.239584,1
zq9kyCoMHwk,0.340961,3
nYqFYfYjdRU,0.164593,1
5NkSbzul_wM,0.395895,5
ZMmhvs-y1Cg,0.0,0
FSJLYZILbsI,0.0,0
448R17M69Ic,0.0,0
OBcEQQaznPU,0.0,0
_Tb3ltwJ3-M,0.0,0
v-5DneRR16c,0.0,0
i139UIdpU4k,0.0,0
YFnOdMRKIfw,0.0,0
dB2M_gVrs98,0.026294,1
l7-mTKqDx3Q,0.042453,1
pQ7GlFXXOlY,0.0,0
eKkO9UZ_LAY,0.0,0
R-dwIr8ZdCQ,0.263519,1
T2w7EOCXUOg,0.207726,1
ZN0s4Gaw6eA,0.0,0
JhVHRqKucR0,0.212575,1
DqHN3wBakeI,0.028468,4
Yyjkx4erUpA,0.0,0
PU5UJ5Vugrw,0.0,0
pho6lHR0z0A,0.016672,1
sLeyvQfwnH0,0.0304,3
xv52A3zRNaM,0.199256,3
wrhIHAe8-4Q,0.383486,3
vMEEJn1cnt0,0.124207,3
k_0Rb05eIy8,0.551895,9
SEHc8lZoJOE,0.0,0
tTfIkMfBqn0,0.0,0
G_iH7Sq_mao,0.021748,4
_BHiZWXYoxA,0.230949,1
lNSuujCOApE,0.260755,4
2oUuDVdeBWM,0.152459,1
sNT05DwdluU,0.292598,11
2Zu6t7ZJIa4,0.427403,7
7SzjZRonBEM,0.0,0
LJF3gZAZ2-g,0.146571,6
M-FrOedsXig,0.107535,2
L_sGsFgql00,0.114535,4
UtKfdmFWqmA,0.142632,8
rXKYrO79OlI,0.255004,5
KqouwyXsW6A,0.243319,12
l9tkYDmrGLk,0.341314,3
Zc79mylwcd4,0.745078,10
_ZYz6GhCyMQ,0.43427,2
otXX1qK8mlI,0.243403,2
uDTGbYM91KI,0.565618,5
liwVXKAaRak,0.509845,10
r5alH4WWf2g,0.490095,5
wW51pVAPXA4,0.493216,3
PMJIgaPoo00,0.313688,3
RfldWQ7FpAw,0.236786,3
lHcKfm3HRAY,0.31629,5
wak2ocghk5o,0.52722,3
tRppzn3dtK4,0.46228,5
mrFgT4Kp7s4,0.665412,8
sNu5BguHh7o,0.209281,1
yg0DSTet2As,0.45852,3
2Ol6X7rRhMM,0.414256,7
pD3_A2bRziU,0.330605,4
eohT5z11p8Q,0.482339,4
45Vj_T19mBc,0.397577,2
ENS0Q6vec9s,0.540442,2
rD2IgMjuLzg,0.196991,6
4dZULX05x0Y,0.43226,1
md-jLNnAbrw,0.30274,4
YdlR0sMY36Q,0.16011,1
RearCtU611o,0.257396,9
Kw7Y5DV1GCE,0.265859,2
w0hH4VNR_Tw,0.488856,1
TCjZU3d_kQs,0.059577,2
rA-rQwLJG4I,0.295301,2
11fHmB9-8Y4,0.0,0
DTiAS9oSc_w,0.221121,2
X2T58_D_Gqs,0.251035,3
WYbTJNPr3V4,0.178912,1
aUWJl9nwhSI,0.061459,6
23BwOdfaIwo,0.241775,5
33NyyDF0bCg,0.183958,2
ZU11Xcp8Ndo,0.201827,4
uSZXzuS4RkE,0.218652,4
FtaH20y0LBQ,0.181483,4
dpdAA3IvlrM,0.102373,1
4WvVHQ980DM,0.196199,1
U8PSy-9e_ug,0.195488,1
V5Rmp3JNJZc,0.195825,1
cgoeZJo1YYg,0.0,0
5G2_B4DnX9c,0.1586,1
M1a6OusaUcQ,0.226304,3
5CL-FbES6zI,0.133506,13
7v57YaXMPdk,0.249885,10
W7Jp0PwoaEo,0.196621,3
bwf0vKhFz1c,0.330067,11
zqnsZnLG74M,0.288844,5
_1lopl8lPO0,0.209137,7
MlPQ-qx1TX4,0.089,1
YeKsauAWheY,0.189855,6
Q3Qtq8p120I,0.380998,13
R6jLRyQ5pbg,0.267737,5
g4IX-7BUaXo,0.522343,3
YF1pYvsB_wU,0.439959,15
taT4x7o5TUc,0.320215,8
kUrLDZ_mj-0,0.612642,5
SZJCd9h0R6Q,0.588943,3
ZlPIKNGFkaM,0.359297,8
PW4KMuBXGH0,0.384854,9
zFEBRE25QKk,0.62414,3
e8su8Ko_ZDE,0.399558,3
qnrXGgiJFIg,0.540575,2
2tZ8Zzf2t5g,0.434014,8
mOP5Uc8X87o,0.416468,3
ZJcFLngixUw,0.288375,3
Q3HMPOyA4OE,0.594266,2
4lJ6R5vs5sY,0.0,0
noMw5MBeC1Q,0.0,0
k4XfX9LTf1g,0.253694,26
olxk9d9AIkw,0.0,0
GFcqLl6bIhU,0.05823,3
pwBDoNOmHVs,0.255073,2
Gg6cMAuiqV4,0.196753,2
ZKZNK-9J0Ys,0.158853,1
oxYYcrYFRnE,0.158853,1
iv1sGiKPywY,0.158853,1
TRUmVGNVfsc,0.158853,1
fmOBD07r_Uw,0.198449,1
HdD5Aphep9Y,0.094236,1
sl5Fk84R53s,0.13287,26
rH8JCQPWMS4,0.129681,8
tTC5M74nAxY,0.038364,1
BNMQJoZcXec,0.11586,9
DazkcoYXGQo,0.118175,9
S9p8ZBEqmtU,0.118438,9
r6xlDKMj0fQ,0.04376,1
PE2X8IOjzbk,0.116044,9
zNaPmiaetIE,0.042041,1
gb9oJI3FdQw,0.622072,10
YjF4uT9AZH0,0.060911,1
EmRjBDOMIzI,0.060911,1
BM0dXkN9FSw,0.062016,3
z7ZWU1-PHJE,0.062112,4
Ah9tjzbE534,0.299625,4
J1BSU-_G5ac,0.342456,2
tFDGBRW2-kA,0.376347,12
etS_iukmp74,0.530152,6
_SOl97Dvxdk,0.357938,4
2JTU6KdTA_M,0.652628,5
nz6VKTt6mPE,0.434845,4
wK1xEsfI-CU,0.487205,3
gIJ_eDQookw,0.577147,5
dngP0N_PkVw,0.298709,5
Ds6lmVc0mPw,0.709495,5
gqK6iSrXnW4,0.377183,3
0cdbD0EMoy4,0.0,0
z2zQK5Szr_o,0.0,0
l4Ufd5uK5WM,0.0,0
EqEtQGa9wHI,0.0,0
_G8v1Ywd4g8,0.313496,2
KKWs9i26LdU,0.337713,2
KIOf2KcnIgc,0.007561,1
MFu5PLOAzWk,0.048381,1
CCt_0EoVR9Q,0.396054,2
cz0P6kuDOb8,0.211083,4
v8QF_OJxlF4,0.186165,9
Y1jJyHLGf3I,0.607578,5
LQk45_297ek,0.172577,1
u-_Wj6KnX80,0.393985,2
efulKG-2WHU,0.0,0
Efi6sPCUMrQ,0.231732,1
6BvgsZt2ljI,0.296478,1
78U5qXmj2Xs,0.560638,16
oe1YEMo1dUs,0.0,0
Qiuwk5TDUlQ,0.12116,4
soYyt_y2i5o,0.399724,5
hyLKlLzSjVc,0.609552,1
TaOCFY3GVQk,0.580178,6
RQoykoJRVUI,0.268293,3
pAxtupaRmVc,0.225617,5
IKcZpv6lfIA,0.382472,9
4IHvIif_uE8,0.294731,4
fu6vlY96yZA,0.034158,1
Lv-UShGHHn4,0.0,0
7M1Q9GMMrUQ,0.002997,2
LEULDcIxn4U,0.140863,2
rS4quoKLBjg,0.002997,2
rgYzt8fUDY4,0.450558,1
bqCldLszUFI,0.0,0
87INUP8LGSA,0.450562,1
7vLlh_CHRaU,0.0,0
mh-JTlD5_5A,0.0,0
gtMoiKxZ-FM,0.315979,1
6iL96LtvgLM,0.44512,2
h74SIZ8mmCE,0.306846,2
AXCclBUt43I,0.113791,2
8VgtDGp9D0E,0.105388,2
lJaU-ShLbdI,0.058184,2
PpSJzIeaap0,0.083257,2
4_lu2G99e4Q,0.122928,3
db4mKnWrzoo,0.138037,10
qnYdrvQqBQ0,0.200958,2
Wm-713-SFyI,0.064831,2
01g3wm7d_0U,0.141268,3
q67Q63Vynig,0.108,2
odw1xv5HbVk,0.336361,5
D210EzqZARQ,0.0,0
m6RlxWFFoEc,0.0,0
sffdXCqTyiU,0.0,0
TQyGwJvJbxU,0.0,0
z1grZ4Ay8r4,0.0,0
RXs4xhSzsEs,0.0,0
MkpR5REsStE,0.0,0
Bq7N0bPf7tM,0.0,0
YwV8r3LnFcs,0.0,0
2OZQo9rV0Qk,0.443014,2
BzzX5OIifh4,0.38659,3
9f7MjJfYx0k,0.378859,3
HimzxwH2D5M,0.480913,1
Q-AFSG0szOM,0.662756,10
3Nc3aY7ke44,0.281136,1
Z06jbQW6C38,0.0,0
BFUNVI0pOtw,0.0,0
98Kfx2ddFhI,0.047254,2
UmVdR9oHCEg,0.153189,1
gOpPWK5kLjE,0.420047,2
xYo4JzmQyVg,0.04572,3
cEVGMC_O7Rc,0.493073,2
ydBuJnyMa04,0.673624,7
16CCPcb3cUM,0.490804,5
QAN2U42N8co,0.649427,3
lgnwTBO4EWs,0.44098,2
Ul14Xa9rX9Y,0.428581,3
3g8gn7y5AwY,0.45953,2
K2_a0S1DYNE,0.507528,3
HY7TFGO-4PQ,0.524198,3
Dvt91Mcec9Q,0.458235,18
qLtHlrWvCfc,0.263586,1
y8HelOiCUMM,0.359384,1
mt8ZACxHqhA,0.604366,3
B_QGxD3Iu4Y,0.201198,12
tqTgcDuTeIg,0.686318,4
4rL1yMOi5io,0.392293,1
sriF_uMnKD0,0.460525,5
AbRPQ_mbJho,0.483866,5
sxVjSkbPips,0.377852,2
L3d65lz7NOs,0.257482,1
-d1Y8HXByz0,0.650917,3
AtuSRbce32k,0.0,0
NzFQ2KJ0PgI,0.047088,4
W5ByBeh6Cng,0.0,0
lwAJqDqJfGI,0.047088,4
XCtHwGECWOQ,0.0,0
KDvbkQhHFoA,0.047088,4
l7HdCjHlAcQ,0.0,0
Ek7MmeTMYb8,0.047088,4
_r6X-820Z0Q,0.0,0
bmCxlnIri8o,0.047088,4
l2Rqx54UXdU,0.075021,1
5c1WcisHwkM,0.074505,1
Ce2-wJL32rk,0.075991,1
a7gzOd8sFAw,0.405972,1
eBC9sJ8QHgY,0.25715,1
CawwastVpiI,0.390872,1
TCBkvWBfvA0,0.802249,2
paR3B1Gk2tI,0.285703,1
oNiYoJTl57g,0.296927,1
P0e364Q4OJE,0.888238,1
i_YeJN5e7WI,0.239019,1
lI447l3Ixo8,0.294468,6
_Zn2P1EI1Tc,0.392606,15
g1jL2zqvKro,0.170194,6
F44_TKFLEtA,0.427408,4
y4akv2PJ8eg,0.580046,2
_FbBEuDL-Do,0.238681,1
SgdKQB1OGms,0.48657,8
hTR2vF6xlXw,0.160476,1
bXN0nndoRv0,0.40537,5
NQgqY5WoPZ0,0.0,0
UdiSzMnV_Yo,0.06033,1
lvOvVzYhFSQ,0.0,0
fCqOpnI3Flc,0.0,0
AADbsv5JkCY,0.005782,2
rmNs1ORt57w,0.213033,1
8hV5JhTspjI,0.271107,1
nQOsRsm6zA0,0.186246,2
1Q1iV-I3tA8,0.071718,2
VXE9A3F69LM,0.004494,1
WusJWWhoMIA,0.242145,1
blBbqYTUxJQ,0.193262,6
XzwBo4Ob5CQ,0.047563,5
9Ci-002zRj8,0.277304,2
AURBQ5AJkcg,0.248766,3
viAyftbTWLw,0.158886,2
xw1L1EhkUVQ,0.363146,3
jvxQjYx9wWU,0.70644,9
HJu8hMwNXzc,0.414433,10
LNNZvo9kqMA,0.196765,1
D0IWsKorKvY,0.214846,1
eMnZElPHU-g,0.297612,16
dABrRG-lO98,0.26652,3
MB97E8kmotE,0.0,0
AtgXgiC7IKE,0.30502,2
WXGKHOsYpBI,0.600343,2
t_eNBGHEcBA,0.55042,5
NBWXsi_hR68,0.231431,1
628sLSeelYM,0.0,0
810j4iwiYX8,0.0,0
czvRx1Jdf6E,0.0,0
nmwQiKMN4Yo,0.0,0
dBT3C74zpGE,0.088192,7
sDeaf_Cpxns,0.135744,13
wnKA5iaj7jA,0.202919,3
nefpRiEDXkU,0.0,0
Mj3rooC4Ibk,0.164493,1
XhAx26v75R0,0.0,0
GxgFUYiFQ44,0.089294,8
Nj8HqXzUN6o,0.491308,5
asB9qRXbZo0,0.31694,5
Yg5ZtUGvrLA,0.095834,1
Dkj0FaOHxfo,0.309021,4
74q0Jixa5DM,0.788448,9
bYjC-PekGh4,0.063175,1
cA6k0Ko3MjU,0.242003,3
1ZJqXCWqIvI,0.182159,3
9v4ob7Mvi0U,0.365932,2
d11Uh4UYXEQ,0.459704,8
wZJ84e26d7c,0.294789,7
eH0P05i2x8E,0.430362,16
iVgJjOFhEj8,0.613429,8
k0CM299X2PI,0.301057,15
KXwqhEfVpWk,0.344151,8
gPp7ISh4waY,0.362811,13
kEHzksgLjE8,0.276747,5
Bp9robemiew,0.307151,7
01YFfoUHZSE,0.123213,10
FfFr3GqRGNE,0.242139,15
q0SNRN9wvrI,0.0,0
2Sv2GWvLZ48,0.0,0
nIVLyn1osRw,0.304682,17
dwlwq5KxRo0,0.239618,1
WT79nXrgg64,0.357108,2
qe3jhTh-bA8,0.272765,1
iQOx3R0S_K8,0.258188,1
q94vbWDXs5I,0.0,0
18yf_WJjpoU,0.122737,2
wSq5mU_Jw1w,0.0,0
jqmg_i0oJPE,0.193247,3
FCH10q48YL0,0.0,0
vqDjnsODYDk,0.127911,3
EDrnUKsJmXk,0.0,0
n2YvCKdXVIA,0.419448,7
sOv-ffWZ5-k,0.084776,1
g8LKnP8sv-8,0.332697,3
0cUp77Yzbbs,0.362333,2
nZYcsSY85d0,0.232231,2
STBN96UpnSY,0.267453,4
umtKy34kIeM,0.625494,2
5-LpxwO7Qg8,0.47503,3
Ed0wxNnwTC0,0.328937,3
4FA92hidywE,0.21606,7
-34ZThXoWxQ,0.22373,1
stkBs1g3y6g,0.442148,1
u6eLNNeMZsE,0.387178,2
LWVp0RMj-Q8,0.176212,1
-Z13YhNSkqk,0.141357,1
yr_6_VXtkEw,0.326192,6
7nyPoksuuyA,0.138173,3
kasXQqWsbq4,0.192289,3
10RJSpLJsuw,0.060125,1
I6BZEtmQajk,0.104441,7
xm9U8Iq5X5g,0.107869,1
VeDpC8eJYbE,0.170285,14
QVhoBMJbev4,0.077742,2
NPLWWBU4Hj4,0.0,0
6mxcZ6C6A20,0.323588,2
wSNnQxOfJGw,0.058722,1
OoLie--L6vY,0.0,0
2WD2WaLyk4Q,0.0,0
2CmT-dx6TZs,0.0,0
3qKGTWFfDsM,0.0,0
bHFXprLGJDE,0.214377,1
9zhwRqTBjrA,0.179966,2
Tr1HygI-Q2w,0.313039,3
Xy9Ad2JlLr4,0.156596,1
LByI-DOTbl0,0.197444,3
Fqg2AUC7lfg,0.037865,1
H2I9DB9MeoY,0.205712,3
rmJvLQyghL0,0.205712,3
NNelxlW7nzc,0.205712,3
s4vGu_dpa_M,0.192691,1
u_IUgkQdvVE,0.302939,2
819GY4Y8VuQ,0.205335,4
UxgygBC3VZw,0.080862,16
CCpVq0NGPjY,0.555777,4
xFSltiTQNgk,0.140283,1
Q9fMJlssPKY,0.140242,1
yyGIimACsVo,0.004367,1
Kr0bHmuEdao,0.0,0
j127IIFXWvs,0.476316,4
8oPfI3w7syQ,0.039572,7
9ZVHdPQWCyA,0.35991,15
1zeRQHQhwHo,0.511112,3
dXqe7CMTDEc,0.277418,9
OUncrP54WoU,0.462848,4
iQdOag7LGsQ,0.401619,3
h9nQKu_MsjY,0.432792,12
Ypi94FMlGKU,0.397616,4
u9ugD2Cptjs,0.417568,17
92XNcD3M3eU,0.436293,2
v0mhFX2UbeI,0.438308,4
Qv4GkPLsinc,0.375712,3
2WFOQNIMEQI,0.574928,7
i81PMZgG7Es,0.556587,3
6DShmNUeYXI,0.631654,8
eh5fRHr-ULk,0.780372,6
6jL-rjAMpIc,0.245779,1
t6V2mfi2B-s,0.471028,2
-hbS8A0zyK8,0.588358,4
NV4IZVI_Jg0,0.335875,4
X1G-qMcl8m4,0.220856,1
4_mdvW3M6IA,0.179755,1
PUFr29Jedas,0.222135,1
TtHhEC9qDnU,0.211812,1
naTnzCJVc38,0.147348,1
jn75slQM240,0.17943,1
EH-KffQBTN0,0.298306,15
A3SwFv_vdTE,0.334135,3
qyNzz85XHd8,0.196145,18
GvjWP3NHkIQ,0.179111,6
ywMXVXYZfqw,0.18759,5
iG4h62Ha0No,0.152883,7
Eos8KaAdYr0,0.075627,1
T5VzEKU0sDc,0.187276,3
pYTofESWT3Q,0.082581,1
sSGa2ij34K0,0.157743,15
TGp96AQ0rNk,0.0,0
IMQq64tWxeA,0.446274,4
hf-KMp3p6b8,0.672858,7
l_9DsKFJKvA,0.481114,6
ODO3jNmMYeg,0.509477,6
Dzx5yJd1x-c,0.48359,7
8nTxztKIJhQ,0.701077,5
3Y_C4ShxCiA,0.622185,3
-NKbLaBq5m0,0.378356,1
_D5YOg7aR4I,0.304136,11
8td633I4prE,0.224032,1
GMG8XW5T6RI,0.260438,3
lSX3Rs6Y_WQ,0.270334,5
FIRPZDLJdp8,0.205624,1
AV5PmxqlOjY,0.207021,1
vqsW3k031uY,0.266961,10
CUcAATkSirg,0.207146,1
k1BnXidNoFo,0.167333,2
Z_NTw4AEQIs,0.265464,3
AmXpNqrTFO4,0.189092,4
xeYoiFb3Cng,0.172364,4
YzlXryBpkro,0.314087,5
YIg1X6ZI5nc,0.219053,2
18-Q2k2ZK78,0.245794,7
H6wsuCzaEdY,0.267738,3
tU0wodBypoc,0.189478,7
ZUz-kWRLMEg,0.221557,10
RTWXkzppXxA,0.233533,4
rfiQogCkUXo,0.227308,12
WKDkoN77k2g,0.0,0
TrWaSqo6rgM,0.20278,4
3U7A3yW5-lc,0.294443,2
ywh7Bb2MxYY,0.051272,1
qvnHwQ-RTHY,0.232543,7
o9HvbijQb8I,0.237184,5
1BajUNnvG6w,0.224121,10
Tj5QZel3Fk8,0.449898,2
cvjf5beIlHQ,0.530858,2
ZSrZoknEc3o,0.307989,6
IkTKi5Z9gcM,0.161289,4
jw84i-nfOAw,0.29983,3
sGtw2K95YRY,0.488774,8
KASql4-pnt4,0.458517,3
JR5JJ1wn0Dc,0.62788,2
4Igwug7nJo8,0.3039,9
zNFnMKF2kDo,0.112665,1
16ypJe7Fksg,0.143805,1
SsJZ0jNOMqw,0.405629,5
MYOp6_4b-ys,0.695253,5
qlJXviHp7jk,0.210197,1
lGPRdqxBnMo,0.0,0
gN4_pGQd9dU,0.343998,2
OXv1oHNkJT4,0.030747,2
E80G2xX8G1Q,0.386463,2
M03LCJ-Bkp0,0.08946,3
v-EkO5YIXNU,0.258971,5
AykVyVvfabw,0.411268,11
ELDz30jcpIc,0.35992,3
RU6ZQ6dEYhM,0.207291,12
84ZPGquHc6c,0.301383,10
Z0PlZlF4vPs,0.503554,2
vitsAB3J98E,0.313982,3
qCA_ORd4iB4,0.493857,1
NYPu_VTb0eY,0.354092,3
94S11vHui7E,0.46996,10
AZfeATtNnzA,0.108704,1
dWTRzVi_FZU,0.229945,1
b4rB5K7CLZM,0.224985,8
GULx8nS1aTw,0.0,0
FTL8Ct8JJMA,0.0,0
5DGiDs9Xn8s,0.001637,2
1C6d8qokyEU,0.286429,1
MbEMeDDhwLo,0.29577,2
M-OCVzyH1Nk,0.286762,2
s_2TtTJxXCM,0.211812,2
RRQ4Yl29XEk,0.426715,31
C2W8AYyJWSI,0.51005,2
93HFjHjRsHI,0.291374,2
GfNA7f_OueI,0.5858,3
cCcj67AoJW4,0.420698,3
TOcO4-bbCzk,0.250293,1
crBgEigY1zA,0.097452,1
f-G_q7o9hog,0.115258,2
iqLPzpf9v38,0.685298,1
5bs_XXCtMOs,0.197151,4
CcChcmhqex8,0.12212,3
ZtwBekaz57E,0.15531,1
h0fb3N9GjAA,0.069486,1
3zAvxB0LzTk,0.155322,1
_Z5BQ3qJ8Pw,0.0,0
B2bKl2teOME,0.155322,1
WPdLzebvxzA,0.280276,4
dahv_Jt6Xp0,0.155239,1
Cpxk-0spEzg,0.220422,4
Brr5gT6K2Oo,0.224403,1
Vqe-Bb8XAyI,0.0,0
BF20WzRiVRk,0.487393,3
3O-U2gWbNFI,0.191866,1
3YgeP7pZisA,0.302019,1
jUhsHR8i7_I,0.383363,2
2DuoS9t8i1I,0.24654,1
52nq02YMIwk,0.155566,1
5rzKeULDPNs,0.195763,2
djl-12RGeFw,0.156608,15
VM8BzR4A_VI,0.082352,1
2QakeVDiMwY,0.077259,1
SItUkDmj6OM,0.053571,1
vWfOxlgX4J8,0.19395,1
zl932QbFMvU,0.028778,2
YPZTcJDEGwk,0.133564,3
VPJ-0bqxQvE,0.063978,1
2XDznwjhNFY,0.102701,3
X7wrxBxwiuw,0.247793,8
1yIHW5UhUSE,0.338254,2
mJJngdYNkWo,0.511807,1
og-jE1DgmpA,0.770093,4
sUDtTg2XWiM,0.603658,3
HDR_vGqkiUE,0.614897,5
12BlU9rmpp8,0.267569,1
YYHzMn0U3NU,0.278932,1
WYQnICHcFKU,0.512579,2
djc-Jo8al3c,0.195765,1
9YAvkHLfD_Y,0.619103,2
Pt0W3erUOjw,0.515346,4
EHntI1bfUOY,0.079961,1
CyIW6ol-0cQ,0.170112,1
jYK9L4wUaHs,0.218554,1
wR7DH6Phdyw,0.181208,1
bjnKTqbBWhY,0.125572,1
M3p_qU111CU,0.27707,1
d2y7BiZ16hk,0.131541,1
knGwZ2ytRRs,0.165017,1
QifvCTnVd0A,0.097692,1
p_F9k3y_uVU,0.222221,1
cv_3KFr9-RU,0.23693,1
XbIYchAGSN8,0.2169,1
4-1drlBun4A,0.064705,1
39lwNdLBwd0,0.2043,1
1kwqaFeyquo,0.174554,1
2ByJl7svcfY,0.115816,1
19uEavxMabI,0.119948,1
CjEYiNSxUYc,0.100631,1
lkLs_s-RN0s,0.151406,1
2-AxYt5L5fg,0.197575,1
yNKwTSA5DcY,0.238727,1
GOtylfzA2aI,0.206759,1
fnqaosFhsVE,0.205589,2
8zfPZAkateY,0.224337,2
tsaQ6yJDymk,0.23387,2
ULCZZK0h0f0,0.271629,3
hD6AVoNj3R0,0.149183,2
K5vyy3qbJJo,0.453455,5
8ERc6eDAkIM,0.228749,3
mNdNo1YC1C8,0.618318,7
Nhtuucuk6h4,0.204004,2
RWZJ_I2lEQ0,0.160339,2
FoK4zH6QmsU,0.054773,2
w5Ar4kwcds4,0.080224,2
aGCtBPCbumE,0.246917,4
Kyl879bYZqo,0.077526,13
4_KNn5tyflk,0.348073,6
o5ICDUldb68,0.286626,4
nJDYSsAk6LI,0.0,0
kLckeW61zfE,0.109508,2
D7BRe8FR1bQ,0.431921,6
B-e_z7sAw24,0.186434,1
FWZmzgneSGI,0.219035,2
ZZCCQ33JGLg,0.654044,5
AB4DGTUT7Uw,0.0,0
4PzSUAadyg8,0.210381,1
GpweDeD0FGQ,0.567211,3
edLl9L6gYlk,0.156534,6
-_ze1nlfGtA,0.33909,3
ym32WRx7P6o,0.257782,2
tQQqAjFk66k,0.111569,1
CBOM8u9aF08,0.524451,3
fU34BBecPyY,0.402024,3
rqTJvlnEByM,0.434153,1
K1tp6ekEPDs,0.503717,5
Ondyuvu9ZF8,0.568402,7
NSkwW2JEe08,0.524233,3
BREz1fj4IW0,0.52716,3
8atM-KW31Lk,0.605999,2
ZRlvFDd5x5E,0.610452,4
bCjRdKfyLt4,0.541288,3
cLDtRrM9To8,0.269309,1
2NtDigxLFQY,0.123854,2
sIDgKpkLIjs,0.128828,1
YwRoabhKeVA,0.0,0
_eQ74ItXqHw,0.21566,1
QBFIQrZjEUo,0.236998,1
BWWsdkMtUzY,0.21902,1
gUQ033c0Snw,0.193918,1
U3700WttUNg,0.190289,3
wLi70GM9uGw,0.186757,1
GSZC11_iBGg,0.25291,11
mkpLTplEB4g,0.258447,1
wT08yRDT9ws,0.265243,7
KwBhGCkLE8E,0.284409,1
251uNpN4zbs,0.201471,1
XJCHhLBazRw,0.235633,2
tu-C1lox9t0,0.2213,1
dhNbGAajqLo,0.598985,6
Iu49eiTUgLA,0.674687,3
4YZ8Dp45EO0,0.455698,3
WNs3Xw8njcg,0.206304,2
hlswef4p1HQ,0.59635,3
DV3EkX8vHa4,0.327413,2
C0JPOpC_K3s,0.262028,3
s4z_ZuOEBiA,0.611994,3
45SnBloLtQs,0.423194,3
gLpqrEBc5WI,0.529393,2
J78PCHbVkrg,0.459171,6
4ogteezxnJI,0.534351,3
qeaqEdrLSuw,0.506721,2
WLo4TPiWvQY,0.479321,15
_PmfGF2WQZ4,0.187986,2
G_Ep1V-5IeU,0.287169,3
qwDR9oIENEE,0.54733,2
SPCOVaoZgfQ,0.287743,3
f5W7g0zw7hg,0.0,0
EQtwlDIyy-M,0.0,0
JdCdDJozV-Q,0.031389,4
Qp_TrocAATk,0.0,0
HpzhZRtVPKE,0.082916,11
f7rD7NqyoW0,0.017692,6
VXHHcZH0KhA,0.128487,11
vEv5Zez8vvA,0.0,0
e9iERSXOV5g,0.368584,10
K4hufHJVMRg,0.053746,1
ZDY788MpXOo,0.176073,3
9tFKiGkGwhE,0.165106,3
btHdcI8s8Ik,0.171084,2
N6fNs-_DouU,0.568209,4
p2A5Nc_MCx0,0.326516,3
0UgspF6zrpQ,0.199179,1
ck91eE-xiW0,0.472434,3
UucRParlIp0,0.321785,2
hGo4BDo-5fk,0.483617,3
P6-6oG9NKHc,0.012471,1
UeVTjbbJ8MU,0.0,0
eTEK_aNMBuI,0.0,0
SVh0yBRGZf8,0.006564,4
yyy-tWloR_0,0.0,0
kDJtfxdg9fE,0.0,0
RfvPrLtPofo,0.0,0
1i753BwD8ao,0.0,0
ZRkG6qxsUc0,0.0,0
R5J-gggxl1E,0.0,0
AUGLi9il7dU,0.0,0
5Ug96SXiyOA,0.143264,2
Y3f5PagXAf4,0.262922,6
Fzn2-76c07k,0.632475,4
A8Er_xBTTUA,0.381847,5
VPQLo1dvNtk,0.216314,1
Y89P6r_63Sw,0.329791,4
gpg0vvVMEOI,0.560429,2
VwcPKWr7F30,0.358015,2
vOeGH7S3xa8,0.248204,1
uYciiunsa7Y,0.18029,1
zSvlKDEy-6Y,0.0,0
1X1YntREJIQ,0.0,0
7_DqqENhws0,0.0,0
ZHubihPi0JY,0.0,0
ESjOa0TXHmI,0.0,0
A-rXuER_3p8,0.0,0
X6VfssBIZeM,0.0,0
08YlvfE6yEc,0.0,0
QZAVaDcKpgc,0.0,0
nDBjOITRA1Y,0.0,0
lLLL4lA6IXU,0.0,0
Bmub19eWwzA,0.0,0
_W9WCBGo1D0,0.25704,3
mF-zb2Dujno,0.010813,1
Jd9V1KS5XLA,0.112041,6
8VIWWT5tA04,0.139377,7
_YT4mXgDiFM,0.20838,3
xoVBAJpKQgE,0.16145,12
QtrsKmlBaK4,0.036831,9
29YyeAlsjpU,0.085136,2
L1FAqRA8_4M,0.212027,4
nJD5kUrbRxM,0.200061,1
DhNBXefQdhE,0.492393,2
DDA0FHaAazE,0.212735,1
O-3XHbVUHR4,0.180831,1
wbOW_XBy3zc,0.28281,3
_qcjbljEWNQ,0.360581,2
HJirj3WytPc,0.189058,2
JtLpQV8RY8Y,0.0,0
UiELpNuNZzY,0.0,0
d_jEoc20eaY,0.392384,3
9OeOe_Re7l4,0.305647,4
10t9gxRhWv0,0.449888,2
V4hSeWxuVVE,0.636276,8
0nVC71AYX2o,0.309831,1
6HNAUhkUKc8,0.374119,1
0CzXy9EMutw,0.322573,1
MTry4mvgrW0,0.710366,3
QFAEMc4evtI,0.629479,4
YEb-1CJCHU0,0.627336,3
hFl7lYRX4kg,0.053623,1
cpAuwj2jxKE,0.544612,6
ddasss8VGFU,0.396927,5
FcH92jy1RjY,0.0,0
DOunPrOgEv4,0.524733,2
4CzXGQyzDCk,0.091924,1
mevjFUFlAE8,0.03921,3
gS01ifyEy0o,0.0,0
MrQ8fEspE64,0.083924,2
BnqsXxuvn38,0.0,0
5R5yL-O-Nns,0.010254,1
4voye7L3Bxo,0.238403,1
cuSVICj20xY,0.23466,2
lsgHS7A9Eys,0.358545,1
VDYlqVOA9F8,0.311872,1
6phZSpzfsLA,0.138162,1
r5D5-FzfIp4,0.166766,2
EDP-7SHbYNQ,0.369395,2
wsk6Bp4bIPU,0.182075,5
voZjRIlEfP8,0.171513,2
BVMhJNOcHp8,0.214549,1
kfbCDxDcToM,0.04377,1
VvlGWvFu3BY,0.113775,3
GnqVwwj3czQ,0.098018,1
mDKieDnHVGk,0.067242,1
ed0E2GBj9es,0.109517,1
7lhDyFeu61E,0.117415,2
Pq2JG-xF3cw,0.0,0
C2N3ANWFm9w,0.34807,2
uW0EHAcuqRw,0.134477,1
WXWKxCXMJfY,0.537219,2
auseq_4pJUI,0.567551,2
X8z0fIZaeLA,0.621616,3
AeT7DQ5uOFY,0.569907,2
LXnOUqmcsLE,0.507904,11
Zhq1r3F7Qdk,0.400308,2
ZBAGwPq_SIs,0.332792,4
bnr6efUtNEg,0.417496,3
4ZrBtHjma1I,0.220091,2
g8fUcMshhns,0.099971,1
dCmYUdYFN6g,0.428675,3
cRyT1lQtk9M,0.0,0
lRS27xm99CI,0.665382,3
wYsDy7JCJdo,0.214806,3
eVffHLsSWPw,0.373704,1
hTce2fIhT5I,0.485011,2
e4iQfsxV_w0,0.440913,2
NPROTYabOVA,0.506413,2
PRh2n5FvVAs,0.371991,2
9-aIOmN6DbA,0.513261,2
tj2_Ld8hcnk,0.634033,2
0MGciUy4eCs,0.551806,5
DI3k2Z8zJ5A,0.020707,1
sw9i8vZP1bE,0.551535,3
3jeLOmBpEZU,0.564128,11
Z7wIKQC3TZg,0.571377,3
Jec7HJhuNw8,0.633469,11
Mk1gERIqMWc,0.698927,5
PUFdRFn4pFw,0.51636,10
OyTmzxksKMs,0.591088,7
f6HRrsQWhZE,0.392771,4
PgZ7ZZOsKr0,0.267567,1
Ga-ad5GZ_-0,0.411073,4
OT61_cOWwZU,0.404808,6
dgjZvbVJFYU,0.303733,2
_8tfkakCJ-s,0.401195,3
en1d7duj6AY,0.25758,4
a8ZNdbX75wQ,0.452861,4
skyTUg4FBPs,0.366799,4
kxv1Bfm79RM,0.246215,5
vBcXa1lKz1o,0.273109,4
DsxBW1GddKU,0.136263,1
xRt9fnfrd_U,0.254067,8
6wTlT0l4tNE,0.231131,6
utTePbLIzxY,0.325242,13
WCn_puEMXzA,0.331636,11
WXDiAL6svxw,0.237069,11
5IQvydF3hLs,0.284131,12
fUYnJPQFq3A,0.444197,13
Giga3Xzo1Ck,0.331044,5
14AAocAxFOc,0.333557,8
QS8FpuxweKw,0.257122,1
Fyh5AqiK9ec,0.299142,2
CM1v1J5whyE,0.198394,1
A8er5hSCfv8,0.215949,1
6xpw9O2hlJM,0.250642,1
JwpC8rlMzdM,0.410468,2
kKLaGZE3KWU,0.272791,2
zQray4ihnxc,0.21644,3
spyB-FEzyR0,0.0,0
ZAl8_6kzCEs,0.418154,5
H0UcD7t887c,0.351625,3
v2Fh2xFAD2c,0.098808,1
cklaSgOmqr4,0.24087,1
LFbCskOp8w0,0.169927,2
RaZGWElCsVA,0.604029,5
8-HL0vPy9qQ,0.100532,5
ckxP78jZ7FQ,0.025486,7
QBjwRlOpKok,0.511498,3
u5DBgYb1EBA,0.144803,4
YH99PfkAFeA,0.0,0
2w-Fqryahzw,0.0,0
MPaNJLnR9tU,0.0,0
uQxpeBioGn8,0.107622,6
mR6EZHTWcso,0.330477,2
2oPbiGLFLdI,0.177425,4
ZFC8x3OvdPM,0.0,0
LApetHLifS0,0.454612,1
bJHKv3b3q3c,0.374416,7
bIDohAK1Nk0,0.11675,1
HFVYbMwX03g,0.276583,5
UqhdsRFB-hg,0.0,0
QCCI5Z6uX44,0.492218,1
yzhuD2N5tlc,0.44647,6
YRdJxgHUz8c,0.035429,1
ZwjnIccxSP8,0.049886,1
0dYDKsrx11A,0.102128,3
FmvBU7N10a4,0.088109,1
RLhBJ6E8s0s,0.188394,2
xfrs1wOnJ0k,0.175696,1
vIxUOfPQEOk,0.327707,2
M5AyZGNPiCg,0.504899,5
PUCmbYvKpL8,0.420329,4
atf7AwuX45M,0.283968,2
OgwMUJeIIQU,0.608989,5
ONov1HtUfdA,0.177364,12
EogjNd2AcM8,0.253797,12
2tODAtRUzug,0.205225,16
Ti9-HRAdCgc,0.23606,5
nD8E6WGXhsg,0.159985,16
cr7HqdMFqOU,0.194106,4
XK97kn9VD_0,0.393441,9
D37NOTgNh5w,0.267526,1
VgjurkqX3yM,0.580269,1
4fO7wteEiNA,0.165221,1
UgEXSX5yLcc,0.287496,5
VIBgTu_qizo,0.327086,5
We249jhP7S4,0.657904,3
AItOaLw2j08,0.268976,4
opXoiWsnWdI,0.08344,1
UNXLkmcVTlc,0.402131,5
aVTrAJjt7tY,0.122731,6
csEKGf7DpFw,0.247116,1
Of6UiRUxlSQ,0.098107,1
TpYr-PKG3VU,0.151532,3
67UtCBXfY38,0.152057,2
4QcnxeqmrVM,0.123077,1
2w0DC-OYH0A,0.069616,4
WaZvurEHdvI,0.055735,3
PRWkJjDKxqc,0.0,0
UqH1XuwYXRA,0.0,0
IrMRJemo7Qk,0.0,0
qPwyVWpWlmQ,0.0,0
jIezsxoQm3A,0.160265,1
_FgylXXQ7qE,0.0,0
yk65W-VrgXA,0.0,0
nXYPxGqTySo,0.0,0
1SZHvxEkIfM,0.0,0
prtOC5feT9c,0.0,0
IcgeaPPiOBU,0.0,0
vHkl0KggkiM,0.0,0
r7fSvzbMpD4,0.0,0
2G7InclFe08,0.0,0
NlBXzT7NrVU,0.0,0
MWCcIji7bqo,0.0,0
pPt4zOtj_as,0.0,0
jKVfIjTWJlU,0.0,0
tih4AAA2bU8,0.0,0
AD_zkeffZS8,0.0,0
htq90LFdXPo,0.285731,7
cedsFe6ITc4,0.290683,4
IG3Q1Jk_gBI,0.25071,7
Zr5qDhvwxKQ,0.265462,3
7L4EhcCJ8GQ,0.028487,2
K04425SzY9w,0.133234,1
tpc9-OgrzvY,0.256233,2
nGxpConnLjQ,0.140511,2
io3tlBhATN0,0.0829,1
wSRWXtC6bps,0.287229,11
co_FXGX6lR8,0.184085,2
QiFVcmvwLlA,0.119253,1
saucM-yrehA,0.316836,2
m47EPJN9bhA,0.462319,5
w3oUKNe5QTY,0.391138,2
ZL65qSPCcRw,0.301638,4
exBV6mJudRI,0.281885,2
IKdM7e_LKnU,0.301633,4
BXGr1ZB0lA4,0.228466,3
9Kmm5yomJfw,0.140337,17
IGO6Vf_BrCg,0.180165,15
Z_B0_j7sBZ8,0.174993,12
PyEM_LvUVEM,0.105497,8
9Gye35RlOVo,0.174133,21
zE9GHZq78WE,0.141183,2
49RM6HrmPbo,0.051092,10
2PQIG410kng,0.190979,1
zqCbYctSo-U,0.296189,14
Ix-6gJMJ16Y,0.502574,8
3Ya5ead_00c,0.690863,5
sIYwnZUNsZA,0.538148,4
NOwzKEwTSZg,0.592288,4
VwwHQPR9G0g,0.294537,1
832cb2H13bw,0.376708,1
NXIGJxizCR0,0.631481,5
5XsUmr8LfWc,0.702467,9
OG1I0O2u3Rk,0.369527,1
GrbHR_LTAoU,0.352325,1
SMiwNb-3NQA,0.275698,15
EsFsmNttS-c,0.192412,2
n4xG7U_DxYk,0.420819,8
e5lCTiWLy5k,0.583824,4
ghnbaODZTVI,0.493347,8
wMRQMwmXpj0,0.35667,2
kN056zDnMNE,0.352566,3
SOQroH-IAqc,0.177388,1
kTHVWfoVvtw,0.26326,3
klwehN-Jluw,0.243533,7
RkzMzrudm4Q,0.532958,2
uiOKiP82vSw,0.411227,1
QLZg1KpFSK0,0.798385,4
CIIGjkZ3oOE,0.173747,5
oeGLv6Oscy8,0.617348,2
xb3GEBAL-iE,0.764194,7
ABKZDOKSz4A,0.548174,2
Aph6Uqpm9D8,0.289807,6
vy3fRWwbdxQ,0.818419,2
pVlYwYOY2jM,0.494208,4
sW3Wil6xPmE,0.0,0
J8ycrqPy5kQ,0.118263,11
Vb0HbCdTwRk,0.126551,4
motkIbWVCsM,0.066165,2
A45lpGjRSRU,0.152823,1
EYOtcIvW36Q,0.077521,2
c6jHU5xgVF4,0.0,0
ZTtldiiro4w,0.213096,2
leW2QsyhthM,0.092662,1
360sWIQBUvc,0.267395,2
vpu3Tb10CKI,0.427537,2
G4m5lcYOlvU,0.51277,3
PlQ49wmYjDA,0.458255,2
m_1Xrex--Nk,0.490879,2
s-WtdkAUhag,0.178491,2
xkI_I0LNfPQ,0.547987,2
OFg6YlhNArY,0.354787,2
nAnyhnp87aQ,0.320023,2
q49gtfaXaCE,0.299022,2
qb6A1Gyp4GU,0.107426,1
eEZJVKw4WKQ,0.389722,11
VwZa8lTzZ3w,0.0,0
LMEnCDf-qLw,0.141507,2
s_uvyq6Oois,0.106232,2
ARghEa_Ksck,0.095454,1
LFZlR-3KJ58,0.0,0
BV1-C_w8_EY,0.376494,10
HzPFaVEzxFw,0.118555,1
OTXoonhPgTQ,0.0,0
KLqxNdpLRoQ,0.367651,3
OoUHfCULQm4,0.270406,1
8SB5lMdQoCU,0.789524,2
IZPKjb1Kuao,0.374361,4
6K_I2ADjzYc,0.451666,4
G6viwyrwKOw,0.761223,3
5XN08YjgGJ0,0.845055,2
k6yPoIT_rAg,0.302206,1
IWaZ5xY_m8Y,0.282943,1
uwrQGPNwcI8,0.449897,3
sPPdp3mOPpE,0.116892,1
XT0jT6AY1iA,0.0,0
tL9-GYZPB0I,0.157155,4
wtQ3Chz7h-0,0.128477,1
S3CrrEQ7PS0,0.205639,2
0tWInbQe1LY,0.0,0
uvq9fixTizU,0.0,0
Fwt9UHYYjl0,0.0,0
dAwPC-JOPlQ,0.0,0
ziTmmqvZTAY,0.174207,1
_v38tFbLT9s,0.0,0
mFmtriaNtmM,0.121341,1
5ryjMsaifG4,0.398201,2
ivJjrt--uX8,0.097428,1
23Wrn6oKVBc,0.24928,4
x6oXJISsHGY,0.248815,4
pLJG9A4VU18,0.264497,1
omYAMbJ2e5o,0.306904,2
TMZfzncDzvQ,0.087674,1
9BRIZuTqK_A,0.143121,1
XfZ8wxvM2eY,0.115977,2
uo3APHqbq7Q,0.34995,2
MftRuGPyvpE,0.237952,8
EfzmRR-t9VQ,0.371051,3
_nwnpQ951pM,0.205036,2
WsO89FWYS78,0.527718,14
QJ7NfbgbApw,0.461517,15
J3PbidGsXRU,0.283315,3
3P98HfbemKI,0.206099,6
9fpl3muEvZY,0.62725,4
LB6FZg8Lm-w,0.339957,1
l0aJnBGTPV8,0.0,0
5HcYzijq2kI,0.257018,4
iBs16xm-d3E,0.268044,3
6GZRHvQW08k,0.0,0
E9jxGWKAsPs,0.235713,1
o1jCgtHbNrI,0.214546,1
CQ-SiF8SEXw,0.269478,1
cgUcG7dhJqg,0.15047,1
3xTi3JRoMFo,0.529225,5
FueENERHC9Y,0.289796,1
vWEM1fFxxmQ,0.436222,2
Yzc7vRxdEm8,0.317802,1
DgIYi1rpymY,0.0,0
STwXFfl7UXc,0.243879,1
-Tod9ikeQ1c,0.175698,3
4uXqXshtuyI,0.235671,1
3qOQLFJ1MBE,0.069438,1
v-WEnPpmdUw,0.201201,1
li3sXz11nFk,0.0,0
EHvkQqB5IyY,0.299759,1
xIV8YoIlM8M,0.0,0
ntwxXEemwXs,0.258966,3
hKnZwBEpY0w,0.17594,9
3iCXLO905mk,0.16751,4
q0dXQp1LoPM,0.165206,12
HLi0XwMAMgo,0.186667,13
6SA9y3BO-TU,0.268502,6
RqUrYBa-bP0,0.278728,16
Sa8yjeCphLM,0.180965,13
GAPcTlvh5RE,0.166494,2
oXnWqj4GKJY,0.191301,4
L5YKi9gJTE0,0.22688,2
v-fBRnOvz6s,0.162669,1
D-4XF3sbj4E,0.251324,1
IN4AcqsJHs8,0.466207,3
LPKIbMtEGSw,0.247176,2
7NNcchQ1CNY,0.264536,1
5YEUR9dR66Y,0.554581,2
Knhuh79oIis,0.277845,1
H3mPAlecd4E,0.281529,3
r5MGl2HrFSc,0.243105,1
MS7nrpoJVD4,0.608814,4
rBD1s-mpi78,0.650109,7
2exwRzdPLtw,0.565255,15
6LqPxLKRFPM,0.583617,3
HKqzFTU7xwE,0.467247,9
IBSv4xvuimI,0.361993,2
Tw7bgJtNL54,0.0,0
aeNShzP-SCg,0.0,0
otiZRzk6Gdc,0.10921,22
R0UD6UcCEs4,0.176015,2
BVUdwa-BtP0,0.154712,2
5OUJmqloQm4,0.398014,2
9ZQNPiS-1qY,0.41945,10
oiG9a7-I-Ps,0.592832,13
86biTJbxKmw,0.35432,13
DJ6OiVsr6TA,0.251412,15
ealmm6NklIs,0.344913,4
e9OmJKLXW3Y,0.258397,3
59J0wfXEC2U,0.551382,4
ylrXryBVAUk,0.197526,3
UYSZD_mfm7A,0.140543,4
1x8cOvGJhlU,0.495433,10
AmkhpDXjqNk,0.364933,13
bauDMiFTirs,0.298992,8
WAwRjcDQ45s,0.422158,6
sCG4Zhi8PAc,0.0,0
ksGVfMkGg4A,0.0,0
dfINeS3wrrk,0.305168,6
BTSvWP2Rjy4,0.113695,3
GsKAq333rcQ,0.298347,2
9ehWjRSCBz8,0.32324,3
IGUZEzsd0qc,0.291597,2
t-lkhqiFcj0,0.509663,3
U5IapAugDIo,0.228754,1
zNOeex4D-Zc,0.198985,2
LMrEgEu6MCw,0.146697,1
yr9VfJNBpBA,0.24723,2
PA-1u3fhu8k,0.34333,1
7jQvy2UdvRg,0.384562,3
6qBpKxmiaaI,0.20014,1
tdmByuA_7zg,0.296303,2
gfDR0V-pvKM,0.146367,1
HssVM_6vg9c,0.0,0
gNDsEgIXlGU,0.0,0
l2qAZXr9erA,0.0,0
qWIk_NW49ms,0.0,0
xa6m5wDuuHU,0.0,0
uDLY7121et0,0.0,0
UC9NDO65Hlc,0.0,0
U1IsH1925WI,0.0,0
qzTEXmyLlOk,0.049061,6
EveOvGmvVtc,0.0,0
tU18GOpJkCk,0.225128,4
YDQCWjaPWcM,0.0,0
n-5IzSZnTxI,0.0,0
I2vlJZkEY4E,0.0,0
9b9y67O1P6Q,0.0,0
TTCQnZyX9h8,0.0,0
rO2aA4enWd8,0.0,0
3c016plJ8CU,0.022783,1
95HnwnvleGE,0.0,0
Lz6dnG7NC6E,0.0,0
1H_QqumpiYc,0.0,0
XCSQoW03fCY,0.232513,5
SXoreBhH3ig,0.3706,5
Ad3h0cC3JAg,0.331343,2
0W7ozeL8sKE,0.337767,3
N9b4SQ21i14,0.358079,7
0blHWQ0qZR4,0.167542,2
1pMjKSZckgs,0.408387,2
sNvBSh3PhDQ,0.569876,4
OIRbK0fW4gs,0.300745,3
B26ib1wl46o,0.2702,4
oF6RQFaCv4U,0.274102,3
LIVZAqdLnrs,0.322849,3
GpIqo33L--Y,0.316141,3
CA12fTuuGn8,0.319529,2
z1M8AQz8IOM,0.585275,3
KfN7fiQ40BI,0.489324,2
vcIuYx2h-AY,0.673108,8
TlgmQwFriQM,0.133107,1
m_pXKoONwls,0.627266,5
-9qmPGdSIRY,0.519197,5
ozKdB_57SkY,0.356682,2
BnBPCJgs17c,0.593224,3
kOB_bmhGBzI,0.547474,3
wzbFTZ3iV_M,0.27097,2
DVUhrKMqLq0,0.304205,2
y8wyOBcFbdI,0.572739,3
gyVasjLE-DY,0.130146,1
FpsRiYzT2ME,0.286212,2
uzRZcKMpOvM,0.601264,2
bqlPFHQJKGI,0.395774,2
5BXeNWrn54Y,0.397037,2
8fTvKaXXQP8,0.30932,11
-QOv_4GrDgc,0.44985,3
lvz4CrE4Jv0,0.313298,4
VVLHIyzsSyY,0.177592,4
hLCbymqaMcQ,0.571534,9
bylehQ2VWC4,0.351147,3
6Y63sSR8qbo,0.350196,1
I7HyoZrkYZI,0.446782,3
eXKfjmTW3Tg,0.393963,3
uHeWvHyh7G8,0.226701,1
Z5xKtZE7ZDM,0.073461,1
jYmWO_o4npo,0.0,0
sSRs07BKZCY,0.126173,20
rr_OeErzwOw,0.326613,2
oEHrTN6tuZo,0.221723,1
xxb_RGEopxo,0.228047,1
vmEt_k08LUk,0.225903,1
TKpRDVOOtnM,0.223582,1
d1vJ4Ajzykg,0.240419,1
hQ01_CYCiIM,0.18899,1
qnD_31pehmA,0.22094,1
904tw4XwHNk,0.183518,1
bbW3EJOds9I,0.199915,1
FaJ89OojzTo,0.0,0
tiWYyY_AD9A,0.0,0
cyRY8XChqdA,0.0,0
3d2Oqom4cDc,0.0,0
fegdSIs3uXU,0.0,0
DxHmjyfnvVE,0.0,0
TKxDTtoc7WQ,0.0,0
tVR_CFoAOm8,0.0,0
v1ms-rhVPlA,0.015167,1
k0yaUi4YLDc,0.0,0
YQfThPBfBO4,0.0,0
B_TNBMnd25U,0.0,0
VgTL67BOLkY,0.0,0
axCAzi8ZGtk,0.153542,2
HXaPMkAPOGU,0.193227,2
IJoMrFDxY-s,0.09781,1
iOSDR930NIQ,0.175983,2
0rXchOGfPb8,0.1743,2
OLOdXHxXN3c,0.136656,2
4ZoM9fftbYk,0.193177,1
m-Y7LLCrK44,0.212604,2
TXFlF9HU3qY,0.181662,2
QHVC9srZ100,0.083074,1
LiTNZX9Pook,0.667779,1
IjENscPSV90,0.457367,1
1X-7W_jljSc,0.0,0
f-s67-pqsyw,0.415987,23
do_EPsV6eNY,0.392109,1
ZyYyrrXDwKY,0.280202,4
Xqh398R5YlM,0.394915,2
HrQyO_Hl2Vs,0.238474,1
VLh99G0uyDk,0.520348,2
ef9617oCZww,0.486468,2
DOjLh3Dzygk,0.46761,2
pNW4-KTivQc,0.528187,2
5GROkoYD5ho,0.118385,1
8IftUkF9Dx4,0.254261,1
fJScZ9Hhf9Q,0.499134,2
S6hvKpSXBBo,0.454014,2
pEv5wq27CsA,0.247061,1
uxWkpWHqUpI,0.181683,1
3FfeGpB8vu0,0.205501,1
qRS_OsRzmng,0.306229,1
l6u2Vj8QP6Q,0.198801,1
nvg_OV-VSh0,0.25738,1
_Pa0Y-2eNNY,0.239029,1
k9g9-5klD1M,0.194288,1
TErClBx0EhU,0.160974,1
ivQOIWi6X5Q,0.272416,1
aDtB48O0CJQ,0.185117,1
9axnhnBFQbQ,0.0,0
47he6UHqtQc,0.149352,5
hD93pSMB3g8,0.010972,2
S9Eh1-t5_Uk,0.0,0
APyuvMa1QsM,0.0,0
JyfQvNdERy4,0.696542,6
FfHmc1yfegY,0.218534,12
osSt4MECANI,0.312982,2
lHuFxQafZZQ,0.353926,13
KDmM8TSKAGg,0.454274,3
o3coM7IvWVE,0.0,0
11GgLsVVADE,0.391842,6
7g_EW7RKI8o,0.446864,7
dhnF7vUZnE0,0.516668,5
3blqvoF1zr8,0.381603,4
GWYrD75I_Zs,0.223915,6
dUIEJ72A1f4,0.259784,1
k1PBkLq1v60,0.337989,1
toYeKoTvzVI,0.0,0
4X9UDL4LLHU,0.270802,1
A0FqO5jigxM,0.322025,1
cXfZ4tGb9cg,0.309762,1
k3MNtbvbsMI,0.322673,1
FIV4aFrGsyc,0.272887,1
WMFi4wk_sOs,0.282485,1
Dlb_zqNOVqE,0.30175,1
e_bsmUK9JM0,0.280308,7
PTaDH0owEnA,0.242046,7
WMME6xJlsGA,0.209128,2
SSytUqzzb-I,0.221158,2
D9h2NDISGy0,0.29647,4
mSqyF6mgaqw,0.324507,2
TRkQ1os1R14,0.614423,4
WuDFIaBhaxg,0.393658,3
9b4ZLnYacok,0.376313,3
7nbnpCIE9VU,0.614052,3
oFzQ5QBClKo,0.647813,4
m7yahHPedxM,0.494113,6
17O9UvGNXgg,0.583442,3
vX5RKwJbuX4,0.437206,11
WDWQDAuGiV8,0.563893,3
I6RJLnEO13M,0.541974,7
cK7WB6TTREo,0.262779,5
814doqnSty4,0.674843,8
vKVcPiQbWBA,0.553556,4
bA0RtRYZBlc,0.677783,7
5-CheApCNSk,0.0,0
mwFH_67RC4Q,0.0,0
CwCvyyM3klU,0.069129,3
iNjpotJ6Mew,0.274577,7
FkC1pvdIP9A,0.648768,4
7-jQVZco418,0.072937,1
Vi7ZhO-YSsM,0.227789,2
uEYFtyHoDXA,0.187168,2
1PZim0oS9J8,0.262465,2
9l93cFXii3w,0.221131,1
16Ye8axXT1s,0.0,0
qJj5dEuAn4E,0.0,0
sbhy8lO6Rzg,0.0,0
BAN2fufqCRY,0.0,0
qo35BiD0vSQ,0.506399,1
HNKeLacS2FQ,0.19397,2
bNhE03vgvm8,0.578751,1
vJdgUoQuaZw,0.312083,2
xNoYvoEqwCQ,0.382117,2
70AIqJi6kVs,0.502948,1
si4WjhjykYM,0.219387,2
tDDEEtROYio,0.215176,1
FoUImdos5ag,0.257483,3
4PGwNlf7_1U,0.493557,13
hm3ST_Q9dyM,0.008762,2
vDmXB6glyaE,0.730279,1
0idMR4HFdvA,0.241525,3
PikBen30ang,0.0,0
sbUWUuPSu-o,0.0,0
e1h9dIHsqhc,0.516212,7
gfmWwYOxO2s,0.241567,1
ub87dh3mz_M,0.439307,1
OoLmx24pXh4,0.0,0
-OcohY6C-Ic,0.150433,1
WYaQgLwXp6I,0.371415,11
i72YFYEM55E,0.329554,1
3xMWhVR66iA,0.0,0
OeWOodzNEXs,0.0,0
6gTbfBKb4x0,0.068557,1
3-a_T37ISjM,0.710251,3
VDRtH__P2Dg,0.361273,2
lmHZhUPkr2w,0.263415,6
RxHuq1qAiBQ,0.385254,3
FaZ__cdIJks,0.34827,13
OHDlctiHSQg,0.33777,2
CQ0qUrQA8Wk,0.400139,3
wzjlEOUud4E,0.481763,5
7G8GI_eIbx4,0.086916,3
vM1t8bCaufo,0.0,0
PE6jBlLo_hk,0.113624,1
Neq0k_jyJlw,0.205104,1
7YkEYA6fzWI,0.302941,1
fKkqGrKSSQA,0.275227,1
yy-sqy9k9pQ,0.27537,1
4U-BwJ7Lim4,0.264606,1
zaGIUdwR3Ys,0.271592,1
mg_zMplBzLI,0.263037,1
woq5T3imjOI,0.271299,1
GSSjsRgyhBQ,0.277566,1
2D1d5YtCRV4,0.252343,1
qesnSAaPR_0,0.242779,1
xx2GTUVdwbE,0.04454,1
yLyDYjdNtKA,0.321954,2
C6vE2NCCis0,0.300251,1
_zGZCjYev7Y,0.425012,3
Ng1Gl9aZSQ0,0.319511,2
WfucOM_Wp8Y,0.236954,1
4HEctjb_8c8,0.195748,1
9EjjTn8x--g,0.262055,1
rvopWZ6pJis,0.241583,1
i_V7feZwHJg,0.381939,2
PcSAtg8zPXM,0.402982,3
pfC_AUWQBN0,0.076586,1
a2z3LApGQZU,0.430463,1
b0ixAI1eTIk,0.252219,2
vY8MA3XomYU,0.13806,1
-ScJ62vVrqU,0.243633,3
lzBi5h4F69w,0.0,0
C0tZm3txRLE,0.526841,31
7Jfwk_vam6s,0.0,0
bt5vdmwl3aY,0.0,0
Yu--ekd14Qs,0.181771,1
lgvnQ-z3PzE,0.0,0
PG756fV5t3M,0.0,0
216gHnHfB3k,0.527286,3
2Nsq0qu8-wQ,0.506991,12
976Ks9WKfzQ,0.417523,7
Q-buomvh9tw,0.548472,2
TqcI_P_xP0U,0.466788,5
LXxgU1QdOfo,0.304462,4
sJnsHfbZFCE,0.379248,8
9xuL9NdPQaw,0.40092,9
KcCapPoe4us,0.320347,3
Sqzm1Soa0Hc,0.415862,4
roz94lZyfOA,0.351522,6
0pt3gGCnVeo,0.211318,1
-p8zwmieHE4,0.138696,1
yEHQb-V7i6U,0.240627,1
lOA4tHX34MQ,0.264104,2
8_polqOKop8,0.264104,2
-wESlICYikE,0.231995,1
jRL4kzupRgY,0.234109,1
3hwgmA_9G-s,0.369613,3
misq-vsH6Oo,0.259771,2
JJAJAWJMegQ,0.223041,1
tfmsaBpNzcU,0.286097,2
kyfLyq6Xq04,0.324727,2
4AmKgqydA4w,0.50459,1
toC3VSjkPPA,0.233097,1
4clTtdDFuZ4,0.0,0
Swbd5v4SENY,0.251165,1
paewFZufaG4,0.090473,1
xCIZJaSPSWw,0.036131,1
Wt3TUusap_E,0.0,0
2P-Evk9znl8,0.0,0
f22yNOgVliw,0.145795,1
vSGqjXvL7BY,0.099123,1
yJC6fcmNo4g,0.248668,1
yjjIYcP0m60,0.272044,5
tUD1mcgBDHs,0.255487,2
gP53-dmtY1U,0.344905,6
uZeszIUPstk,0.00214,1
MnLsDRQoLno,0.334536,2
KpGaHtpgpTA,0.299983,4
T1ncONyCf-Y,0.265711,6
MVN5T8d_G5E,0.425727,2
pGbM8pWiABU,0.277584,4
CwblesTqWUU,0.2193,2
c-gS7y85ghs,0.199978,7
OXOj0i2DiwA,0.197069,1
VFSHeIF0Y4M,0.063679,1
i9R0XoofDLs,0.281761,3
ee34jFqWqx4,0.085903,2
XxJsCNkJExw,0.155444,19
SQ6MMtMGsYg,0.0,0
G2DGfo9czGY,0.737909,7
CqqqAzDcDKs,0.0,0
_3p4sfM9UJA,0.0,0
ld2m4icJTx0,0.0,0
BHBbkcH-ku0,0.0,0
lPF0LQHrp8E,0.635155,4
HxiACEnCsTA,0.0,0
4rV_4zbLCmk,0.0,0
qpCj3A0BUQo,0.233539,1
N_A5S1gkI70,0.14181,13
zzk9pGSH7VM,0.241164,2
_KhKR709c68,0.308414,1
1WLhf18bHEE,0.286682,1
yoHCh15wH5Q,0.299979,1
O1OmByfqlDs,0.348124,1
SrajIJ8v2hQ,0.593525,4
L69sn_TBckc,0.758427,2
LysYLH9kIwE,0.574581,3
u4tNJZ4OIBE,0.618927,5
WsHWfDzScEA,0.702466,2
9yS8FUJ098o,0.556152,3
43HeOBf3CWY,0.348075,2
x06WJKnWD5o,0.413783,5
3Rlh2r1GHvU,0.617548,3
SWgCZ1Kvu-k,0.255452,2
MsIYUPXAz4o,0.311179,3
thVsLsAh88o,0.299207,3
RrrTQqTcF-4,0.256407,5
U61iNOqe18w,0.222449,2
SWNG2H69qbU,0.209589,8
sJWDOstzJPw,0.285497,3
N-F-RXIkBMU,0.311294,3
4zu9LvVZPW4,0.343021,3
54S9IRtto_E,0.245769,2
y9B2BbKHpak,0.34311,3
uW6KUaWIvGc,0.141973,1
EKltAgJ3ojE,0.314992,1
UqhuJrUEs-c,0.391009,5
3SzFUsSXfuM,0.216471,2
sAmNm52cVVs,0.256649,1
GgckTgV4yeo,0.177732,1
0RPkD2qGR6E,0.177732,1
OvPIiKTZIc8,0.177732,1
RrlzQEkEBZU,0.039974,2
BhI50PDGZoQ,0.182101,2
bm9Kgx_kwhw,0.182101,2
oEzjY3eM12A,0.202972,1
-704bwqTFDU,0.44402,6
JX2oVWDLn9c,0.255119,2
hwda-mrtU_Y,0.257014,1
pCHA89igLV8,0.0,0
RDRQ3YQZTG0,0.077027,1
bz6Dn12PdzQ,0.0,0
dKPCjvP9XBY,0.0,0
1faAnebKNjA,0.0,0
JFIVxoQtA4k,0.0,0
wH-3awdo_0s,0.0,0
NLRcl_XSOXk,0.0,0
eREyAixJ9Lg,0.00926,7
Os7qod_RoQ8,0.0,0
O4Txy3fZbYk,0.0,0
wCcF0iQ414U,0.0,0
yBODgqeB8N0,0.29866,1
wiLMahmEEgY,0.306315,1
itO5G9BYOBo,0.187517,14
3aBgSCBqCPk,0.345007,1
Yz2xQOjvWig,0.211484,1
nO7ud93CsqE,0.307138,1
DKwlsqOew5Q,0.665559,5
eeC36WjnFOg,0.266621,5
d0L-DKT4zZ8,0.519401,2
hRFZHuq0dEs,0.072498,1
l3HY0XysRyU,0.369029,2
Wd48U8hK4Xg,0.33663,7
brbiOBqBP5s,0.470248,4
lzkJ3IYxYyk,0.279324,1
cl1nmVIuo5c,0.547065,3
1jnudC9gWZA,0.289634,1
7FZOliq5OUA,0.0,0
hOYJeD-Ob14,0.0,0
N_XU7nKjb_8,0.0,0
5WezysdVvXA,0.0,0
TlBqkpWlppE,0.001241,1
tdPt4y3vFx4,0.305276,2
39IIXteVsKk,0.245072,5
TVJlznzE51c,0.371527,1
XDY4IL4vOqM,0.169574,1
EGOweX27QZE,0.114602,6
Hkz7-fUViIc,0.382893,1
mi4-l-g_Y2s,0.298175,1
d1YYp8yBALY,0.050227,1
f7yXzyz8QmI,0.322683,2
vPXvDrAyamY,0.720023,4
XN9TzvUNi9Q,0.380521,3
Yfrf3KuTmu4,0.099248,2
3XRsqg1SCHY,0.0,0
CJNu-UkS_iA,0.167788,4
1MGc-yPZG9o,0.0,0
RPmjWiufWE4,0.289602,13
6I1-ykMhSLc,0.029063,2
C5j7r8liDnM,0.318882,3
jIXiQeHoGFg,0.0,0
-wh-uUnETlY,0.0,0
V70i0mvXD58,0.0,0
TT59fGHKuSs,0.0,0
jGTYYPH0_KQ,0.0,0
EkBNi6UpYR4,0.0,0
juDP_qyeUts,0.0,0
DggjpNy660U,0.0,0
h0rCrIn6LnA,0.0,0
fCIEiI4ux6Y,0.0,0
oyHCo0L2khQ,0.430865,11
JlMG66ZeTnw,0.058063,1
TzIHJWltois,0.0,0
tdNsaCFrGFs,0.0,0
yodByZ02dSc,0.147287,1
oAyuTFTP1eQ,0.318638,1
D6DKfKZv9Ag,0.199053,1
F0V3HPhNtms,0.468424,10
pbupi6m6MUs,0.468424,10
LFOmMuMqLTw,0.468424,10
JqL96JURd7s,0.468424,10
cnoyhAdET7k,0.468424,10
kAMGBLqAa14,0.468424,10
ZZm2MgIC8ss,0.468424,10
df-LzzWIz0M,0.468424,10
KvhwCba8FJ0,0.541387,11
hZxwgjlc-9c,0.541387,11
7HVByXo2AF4,0.183392,1
ytXqQNq07n8,0.0,0
vlMrRD1o4l4,0.127968,14
QEU16DgRlWM,0.232326,1
kbMAgMl8Z1M,0.2054,1
4e7oZVOBuPo,0.489393,8
1tdFNjJZ4iM,0.30416,10
tsbsSu4zmZA,0.374641,2
kloHmQalfmE,0.391139,2
RjniML9sJ3I,0.291887,2
OXDZfNHpKPg,0.396441,2
QtLPYdf17Iw,0.279696,1
CuK6xnl6kiQ,0.399635,2
DdTtHsLBXRM,0.38029,3
e7pnJ2SLbCk,0.284044,2
QPMTwoZruGg,0.131177,1
Lfgq_289ynI,0.168223,1
lNb2PoqQSFU,0.119617,1
OKzeesRUvnQ,0.168293,1
RmvLIV8fAVs,0.120314,1
s4Jzpz5ZnHE,0.168385,1
RlN1BLwRySQ,0.142363,1
nC48JUJs6Xg,0.168247,1
vkNZqTmgtXw,0.168264,1
gnsEAECGfvE,0.122615,1
PUd2Km0vDWo,0.265807,1
-6KkEjAmJ9s,0.222077,2
ZCWSzFzS3zA,0.568038,5
LorTQ4V83bw,0.631089,5
0N_9niX-fZ4,0.704923,4
VdqFSK-j-50,0.463393,3
zriIDAhoXNM,0.676329,4
Hbrq5ZlA388,0.560991,2
RfUB0M7MpLE,0.521208,2
tEpj9wYmgOk,0.350601,3
XGBrixCnARU,0.238819,1
dvJB4XphsZo,0.0,0
JOGao2h3z_Q,0.0,0
IXfn4KOhurI,0.0,0
zRSu9pxjd0k,0.0,0
4h1yNxPcRic,0.0,0
N4I1iSSD0zc,0.0,0
d24iK6Dln8c,0.0,0
vqLxMa6Qnf0,0.0,0
3w4OReenZOw,0.0,0
9YxwjmLGtxk,0.0,0
TICXsDEO1ps,0.0,0
UPRp9623UNY,0.359744,2
yKjqWMAxNsU,0.001659,1
BoZXDZdIb24,0.203901,1
kQh2Nzik-d8,0.279351,1
eJg1QS-8msM,0.28858,3
hkwTudBiwA4,0.284461,2
xIXWp09tPyI,0.481643,1
xQQs8b1SRcQ,0.335906,3
H6Jy7ttilUI,0.042398,20
mRHX5zAqFEs,0.285515,5
j6U2jo6NU14,0.448539,3
FIqvc2CxsR8,0.016585,1
z0yACpAA0tY,0.0,0
-_He1ulTuZc,0.227818,1
C9p3rol2YRk,0.090701,2
2zkzBr3TINc,0.24805,1
lxR2YgwyW0w,0.197371,1
1lfstp3WOe0,0.0,0
REQwLSXIH2o,0.0,0
IrzLnKyhwcI,0.134431,2
FSkNUzwmlUk,0.235806,3
NUDxjVL-cgE,0.158594,1
e2hZW-bEOzU,0.387746,4
Opa2aEMOo60,0.160633,3
pIkIquZEu9c,0.212924,3
EttW7yYwBkI,0.096376,3
zKYXQisf7Fg,0.140665,2
AanPWfnizUU,0.179085,5
2fjOJVokelU,0.201445,4
aLDFbNFXIhE,0.373937,3
Cq0DB3IAZqw,0.110538,1
sr9wu7XgGM4,0.362747,3
21IEhKqkwyI,0.155921,7
05lNt7FDaEA,0.201215,3
xL1vIdQv56A,0.080231,1
uLcOFJFoE9I,0.220862,2
AMnZ5bx46yk,0.180156,7
LHJGnsx-vHA,0.131117,1
zRjCOfxnrPM,0.419192,5
Y4CNoCvgTm8,0.382567,8
t2Wp9SjPnqE,0.184333,11
RTvZlEefMKA,0.371038,4
eUhh-KbE3QA,0.230546,1
JxuFzqMYkBE,0.543966,6
VHks-uv_GEo,0.0,0
zhB7K2_dzys,0.338831,4
VZZVcOLZcbA,0.361998,2
Mn7s_sNb0Vw,0.189915,10
-BEqA_KW7-s,0.543212,3
r1kxuGT-Wb4,0.298387,1
QGnp2aA2dVk,0.787288,1
r-Gzv7K_DVk,0.11801,1
DhemKP6QOww,0.0,0
79OAgbhkWJo,0.282146,2
QE5wPdUBynY,0.195579,1
YI1rzE5ELzE,0.27052,1
gxF_Vps-V_I,0.25812,1
6vlN0gg2HFs,0.370679,1
SmjkaetLwo8,0.31291,1
tUPuV-HxZB0,0.262007,1
jrif88Sbu_o,0.238674,1
SiI_OhG9Z0E,0.268006,8
RETE3tWCf-I,0.195579,1
2MfnBSunBBM,0.184846,1
I37idQn9hFw,0.430602,7
_F2Q55Wl-xQ,0.249249,2
ep3o6FWcAwY,0.261631,1
xmBrxDxz7FA,0.29205,3
iqiNJJ-MIMY,0.253455,1
vFBppoiStkQ,0.271299,1
k218gMaXGj8,0.237151,1
WnHnqzux0Pg,0.208949,1
7v57wD0uXfI,0.221811,1
24pdf5trhD8,0.533671,2
ij89o_X9jbY,0.537272,1
-7c_tQLB8S8,0.474907,1
VISJT-CiFXg,0.552259,1
Vha1SW-TJCk,0.513427,2
wqSr3Q1zD1M,0.50892,5
pjaQz-2RkFk,0.261389,9
LDZWu3NbjzI,0.569197,1
87jJJs81xmw,0.697184,8
iB969LK23Wc,0.644578,6
QXyQgOfuaEM,0.270161,1
gD6tja8PuxA,0.302035,1
LW5g4ZwzBVM,0.299315,1
IJPdXWsXgh0,0.179826,3
SMWNDtvJQ74,0.249099,1
qEgfocl0zxg,0.403983,2
hllsastuZ2U,0.423679,2
PFFjUmOD0kQ,0.416447,3
aLWL5tz1C7E,0.40364,3
4aE4sffFE_4,0.509086,4
t4UzEp5efuo,0.065037,1
tDYfRMIvu3I,0.065037,1
n_tJf674wjc,0.065066,1
UMgLOQu3Wxs,0.065079,1
4eNg7CBNlhw,0.065011,1
uS-zR_-HSM8,0.065015,1
HdQfuVzT2Xg,0.065065,1
YlkalY0h7OM,0.04476,1
cnlQtgWW5ws,0.044748,1
sFBTxQx3McI,0.044786,1
cl-SdubwEa8,0.242558,1
EcqKrlFD03M,0.299618,1
dSL7nTiq4C4,0.254236,1
6hc9DeC05SA,0.221992,1
wqLZDVnu-tY,0.428038,6
MWRrB-aAY9I,0.167772,2
Xuke2pRun4w,0.582285,6
PUajCmV0VlY,0.497857,2
DPKrE39TvxE,0.495174,3
Sc9ZQRHw12s,0.194105,1
Vvg_tS-uDTo,0.046631,1
nl17a1HpCm4,0.108939,1
oIxsM-swGOM,0.036901,1
7GoI7Q3wCwo,0.222159,1
CSNq2nRCfWk,0.523059,4
6SiUlvC-SCE,0.446002,3
u4z00JlfxrQ,0.556656,13
CU0GdaTgacQ,0.036822,1
uHPBwImDkII,0.770545,3
6vAE3KWLAME,0.611281,3
0qqhKEBryNQ,0.273848,4
xOuFC_UsBsI,0.128108,3
A6WOZDuZO9k,0.059148,1
NPOcpDr3U8s,0.274494,2
Amcf9KMcowI,0.125909,1
PQ9BFnn230s,0.242783,2
xpTThS3bAbc,0.373466,2
ptLCp99IDSE,0.30978,2
4HQL2rlj_40,0.366564,3
IKIMb0ZWPlQ,0.345368,9
S07oIREw3x0,0.194392,1
JW871epo2FY,0.377383,3
cJukvDPQ2v8,0.142332,7
Q7SxfyXBlPk,0.526161,1
tTmr5SwQ97U,0.0,0
RIH_aIsySeA,0.079711,1
YNmwAc6YYEI,0.22687,1
xCUCOTGs8RY,0.116494,1
2XZI4rYOLfc,0.135213,1
kUNbX7h9Jbo,0.169414,1
eO17T085rFY,0.18695,1
o7H1JAF0XgQ,0.18695,1
9Z5nr1TXfUI,0.539576,3
pqdEJLRPzsg,0.18695,1
Exr6rVbjRGo,0.081782,2
IYev2mWOOGs,0.060117,2
GoBsZ7_z9f8,0.353351,2
e_f4OiOwNl4,0.192029,1
vShH-yJLjT8,0.164581,2
G90aRNZXYjI,0.410087,13
u00-6ZVlmIw,0.192029,1
h7pZkqhCges,0.322483,3
5BK4sL6gbck,0.080301,2
-Lmd5t8y40A,0.0,0
7jkyVB7q5B0,0.192029,1
IBLH2WzTTK8,0.192029,1
q-UZk343z4A,0.36275,2
FhEu60O9N-k,0.546113,2
jdlluQ_5SHU,0.469844,1
QuOpJob5HWc,0.210291,1
TME_abNnBt4,0.222235,2
eOxcnAveH20,0.374497,2
HjYVSSMqVTM,0.198358,1
Kp2V02z50Y8,0.24101,1
Yi0Xv2CSLeQ,0.203996,1
HZR95GbwL_g,0.0,0
ljx9yvyFW7c,0.0,0
PWe2n74PPso,0.0,0
RYblrsr3TB8,0.0,0
jIIybghpJ0c,0.021404,1
4_0RbxGG6mU,0.241097,9
_GTXIZRySjU,0.335129,11
BDI8NEV3rxE,0.317355,16
9FzWhRQYmOA,0.222523,2
PbgeIYO-JKA,0.336302,3
m9S7LLWujkU,0.213525,2
B3SujCcHJTw,0.354762,1
FubRi2jNvQ8,0.42292,1
3VnScRFsQhU,0.401342,14
-WFJfse210A,0.193806,3
ND0QGWzdyY4,0.134211,6
KF8RUM_WBpI,0.388816,2
TSMgsw8jTtQ,0.312049,1
-lRd8vtmkx4,0.424067,1
WBBdh5rJbWI,0.118624,3
_fEO49-vDRA,0.203028,12
BI8XunqEYEY,0.171718,4
KrBgIVzGml0,0.247217,5
1EbJ_1_ZRyw,0.247317,2
xJZtgo5a9Gs,0.237652,2
9QTZ2CmJBiQ,0.387849,3
Zv-pf63v5Js,0.189666,4
FSXRtHTmzQ4,0.199031,3
FVbUoJ9E9YE,0.374741,9
o9h7m3eg-PY,0.308666,8
aIL3FMzJgD4,0.159342,1
yPGJwKV15bs,0.191452,1
tQzukqjO5oY,0.143406,1
WJybHiDB9L0,0.13275,2
jL9VJI7WM3k,0.217841,3
R9qQ9SxFD1A,0.256478,1
SJ7zkp4CEBA,0.318566,1
rh9YlXKTRvY,0.274291,2
iEwAoBRGXW0,0.233457,1
Oh2bJWMl4q0,0.298636,1
jrW1zhLz8WI,0.321268,1
HlhqP2XeNp0,0.363065,1
qm_1CAcmLDE,0.105444,2
eL-N1aBvbQA,0.430281,1
PeS6sPKPqSI,0.0,0
km6tkf6om4M,0.378727,1
5wtUlndOsDQ,0.267939,1
bqtBbk4TYsc,0.294424,1
gTOeIcODCiI,0.437102,1
L6FSfYQbZdY,0.514798,2
5Kk8zzeOMGU,0.108269,2
UOSeaGrpz2Y,0.565862,4
p-RQt7Opksw,0.285195,1
7Xy3fwwNHD4,0.174266,5
fETJqEjQ2kU,0.513934,3
rjhf8mfCbi0,0.313251,10
pEz12zVWb-g,0.320855,1
aNgIHW2CG4U,0.147356,2
h_hbk4XysNE,0.139693,2
xwHC1lO8_ZI,0.254425,1
hRT22vVIDCQ,0.51156,3
84UOE4REUyA,0.165803,1
mrQYtaDG5z4,0.257062,1
-7mCBkieToU,0.59523,5
JRG42AnhNWs,0.069623,1
-vnGWIvEGzI,0.117176,6
BnEZrfTswqQ,0.213223,1
d2dsSFWg3ys,0.196534,5
oCuGeg9zyj8,0.0,0
SIxawPynW5k,0.035752,1
WvWwfkawwQ8,0.281088,2
T3gklwaHnow,0.21224,1
q6IonJAP9Jw,0.189155,2
vtrao-MF_XY,0.1082,3
aBXT-G6qU2s,0.169086,1
ySeO3BUHvRk,0.0,0
lW8JSpxELow,0.236212,5
eLiQlcxctVk,0.174514,1
-UdLeL9Sf6Q,0.539632,6
-3UJ0IuLpUc,0.432601,3
8j_PJssMqm4,0.375515,2
gq4Zpmc7mic,0.196424,1
GJLA69M-qIg,0.221968,1
jzneO1rIQQc,0.2375,1
Yx4f_IjdYOQ,0.20588,2
0A3qpdOhfSY,0.375086,2
mq4_EVLASls,0.467974,4
zhy8tLaS8aU,0.331592,3
A2COL65Fj3w,0.472378,3
0yx2_ZktS3k,0.326158,3
zFpa6muvCo8,0.531453,3
Qq_T3nPNVYQ,0.403983,3
QU95uKK8cuI,0.256156,2
-l4BagafZEY,0.391019,3
uCCjm9Ym4kQ,0.295207,1
N2ujUWsXvCk,0.296937,1
H-GImi8lS_A,0.390532,1
9CZS11Z_b0I,0.360404,1
qGvCS0sDAcA,0.29164,1
FV7TyqFzHAg,0.265825,1
R7F4bRJOFY0,0.311977,1
WNaGAW7GSO8,0.331854,1
MMWQCgyrGsE,0.297997,1
KeLuk5zPCi4,0.283752,1
ms_YUlKniOg,0.145203,2
AERoNENEU7M,0.082196,2
A88s00j-RgE,0.761904,2
jH_42nAVqJM,0.173124,1
vZrffbeoJgc,0.143583,1
6aW--sW9Idw,0.30565,2
mDS--7jYAlA,0.688883,12
E4kFJuq54jY,0.06691,1
lqcrvDagvnU,0.009587,1
er0NyTv84No,0.170005,3
TqVXOipW3f0,0.276177,4
nSY3aqQ8eIs,0.179113,3
1aycpHgAnTs,0.215473,6
nrZE2RWdZXw,0.084854,1
KCa47tqqEF4,0.314839,4
zuTVK6s2Xxw,0.0,0
D5LdNGF0F3I,0.155639,3
qUiKInvvD9I,0.21783,1
KLf_rtX1PyM,0.225476,2
2VQqEOoknTM,0.0,0
dd6W66oujYk,0.185878,1
V9WHmfTIlBg,0.052697,6
9m0TEP-n2Q8,0.0,0
yu4VgAONA8I,0.0,0
EzcJZcogS38,0.230961,3
Yt2aVaYmP7g,0.338436,1
wP5Dl-KRT4M,0.454691,6
b1Rf-wZcebg,0.0,0
-pafcReiNoc,0.050337,1
e5sIKuL5Zvk,0.306948,5
OdBUsJjRGpQ,0.24428,2
WHY7TV2Vhho,0.390896,1
6k7TZzeSVN4,0.51087,1
gFkeNx5Qjuk,0.317568,1
XEzhGjFhEoE,0.563584,12
OBVIlXWTVSY,0.738961,5
KZHn8D2ZX80,0.278341,20
76Fzgb7CgFI,0.52302,16
vGq8K1hG_c0,0.522625,4
bwjMo9IBMCQ,0.651908,10
vX25hI6ssSE,0.326873,4
F0LQCbYHwds,0.568416,3
mcN8Qx-jM4k,0.0,0
-qB46KiH39Q,0.0,0
zjoKnOzIhD0,0.655407,3
S9RngnZpmqE,0.671886,3
rOZ1uJLW4Xk,0.372577,4
utkojZ4binA,0.190607,2
1hsktXZndhI,0.270097,2
V2QcjodDNMA,0.197553,2
EWYe4CugFr0,0.253024,3
frMWLGcbGFk,0.219572,1
R9S1JlVxJTA,0.024093,3
SywzHfbOUAk,0.0,0
KFs5tQdEF60,0.0,0
ku2h4_moaEg,0.0,0
z5MXoNmMMBc,0.0,0
Q-SBkEKMCOE,0.0,0
yhLQOsrKy2Y,0.321646,4
yrDc4762-mo,0.250387,1
4a-_W-D0QLw,0.112224,8
KBj12jznLsY,0.209574,1
h8AeELT2IAk,0.215712,1
QZit7dSQ2wg,0.323963,4
fDeLmzHsa6I,0.237748,2
l_-3TXGzSbU,0.197813,1
azGvpVXNwsM,0.022882,1
tkFp27AP6Q8,0.155098,1
9KoAkYYv4sg,0.027975,1
tJZpXvzqaaQ,0.481432,6
9TASYhG0Y0I,0.010712,1
p6VbLWo04kU,0.244045,1
dP3eYCgmVvA,0.0,0
5QGddUKiCes,0.390295,4
3C9XyETWDQk,0.270174,1
VZxXwBvVnmQ,0.25178,1
lhD2NVP3DgQ,0.341568,1
u4lGrl9L-tE,0.25282,1
Se7prodt0_Y,0.261723,1
NVaJjYVAUqA,0.252045,1
IeRBENFcE3Y,0.475135,7
V3CAJSIcwdo,0.25546,1
Jyg1SxDWl5I,0.284551,2
A9bbeRK95_U,0.302194,1
8zA7IrCrY-4,0.094683,1
iRfopO_yjiU,0.021573,1
J_xrk6Ha-pk,0.321341,3
6tU-FE-nk-Y,0.442656,8
MgtzhgfMVXo,0.366529,12
_mYLfnyApts,0.184768,2
KN77wRBWyI8,0.157781,1
p31F1EHv58g,0.130557,2
v8aBVQs0iNE,0.115135,1
jEZ5Spjacd4,0.163231,2
2u4lHKvsqMo,0.454714,2
bZXu0BXDRO8,0.316293,3
sVrdr3c6e8M,0.182322,2
TgR06ZxUrxc,0.148196,9
gPE-PTrek3I,0.20855,2
yWzo456z39E,0.156984,1
jfdyY0EH41Q,0.323315,2
bW19jzjxEbM,0.158942,1
-eb94dKn4Mc,0.265091,8
NeqFkQJiPrI,0.214947,4
nTwfebb5rNs,0.103058,3
33HOpBGuKtg,0.256587,1
_lo04jZtYOg,0.12065,3
iel9vCQutys,0.0,0
DPheG3ADSes,0.0,0
EhxBPoifFE8,0.374688,2
zn7iIck9ce4,0.244431,1
ZjgkDwDoq6E,0.322012,6
7pLic17CKHo,0.273767,4
fGhS68_wY30,0.14065,1
2jltvnc-Fno,0.14223,1
Lr4kG_1MlFs,0.617945,5
19WFtOPHje4,0.447611,2
B0CHDWBY7TY,0.670734,2
XO3wNu0S4tM,0.265182,2
bBbH7qvqYag,0.589575,2
ftM0kL0fz7c,0.076763,7
GumfBpi7GQY,0.182447,3
8gfkLeF3B-s,0.190943,2
tve72SACDw4,0.08923,1
GvspBmwdVVQ,0.050284,1
jKz6l1X5nAk,0.070041,1
J4nuFKK7_9E,0.436299,4
TDWrL8Qhntc,0.179064,1
Gbh8n3XE_ks,0.315046,2
IHZrHhaMD68,0.202462,1
tdztCMRZCgE,0.327796,2
4LvU3FB-Kkw,0.262586,3
ge12QnL3FYc,0.233461,1
6qY8h1ISZeo,0.23004,1
K92p3K9pxXg,0.127193,1
8bpqTWZscXw,0.235799,1
idNgnMS2xvA,0.330152,1
Jfe-msHVCxg,0.328607,1
B8fBK5VjE84,0.458985,1
Ky1h5lugtKA,0.328907,1
fV4-AawPs44,0.328006,1
X3pNoFfSNm4,0.325956,1
9tZeiepmXBw,0.345346,1
6RSZ29g-y28,0.297639,1
IrP3f8ixuak,0.41748,1
7M7_q6BV50A,0.296382,1
vtczGMeNOo4,0.0,0
idgYxVOch0w,0.211117,1
u8B_XeSWoJg,0.211117,1
n1LrRAQm7dg,0.0,0
0cQNOXRgpmU,0.127707,1
6qliu4yLUu8,0.269882,1
iQmqIf0mLfw,0.399044,2
Ikk9psRowgw,0.225092,1
4B3fJ141Cww,0.297486,1
NxnWYDLnSjI,0.0,0
TZOahmOluns,0.177598,3
Tb03R1PtXO8,0.123625,1
7ewucch7Lt8,0.523886,4
soB_GQgXiXs,0.531313,3
UkmqPkBwQdA,0.132869,1
cCCoPogBYCI,0.269537,3
KhC6K_LQ9yM,0.210203,2
hY2daG6QByU,0.129562,1
lxLZSGQlCOQ,0.171693,1
gMaE_w-uY80,0.271016,3
lTuho-05kJE,0.474947,6
xd6yBMccljc,0.293426,13
PQgkTLv6Ces,0.447446,15
uuFDkGzcHjY,0.214244,6
0cKX3tLtqA8,0.435012,20
-wXVq5sjhOg,0.303389,2
gXEuEqAiLaQ,0.459409,16
aBvc4WCbKoA,0.488092,7
O1x2U16U_1w,0.44526,12
zE_1yKNu8Dk,0.392033,9
ndFGTZVbucQ,0.239313,1
bpBGbqBRaM4,0.302909,1
-GEL_gTHIHE,0.302905,1
UrZF70_Kh2g,0.0,0
HCyduz0g_U0,0.147032,1
9zOQGk7NPXo,0.318347,21
0AdzY5fqzM8,0.0,0
9nBrTFuljB4,0.403133,7
l5JaS0FOH8c,0.0,0
opqS_OxbTg4,0.0,0
QP3B6bqJPlI,0.0,0
uo9H9Zu_lxc,0.0,0
jYWLFEggRvc,0.0,0
hLadKgHUOsU,0.48997,20
_2sfaoSI8cg,0.668167,3
de2lEwU8Fdk,0.0,0
V5JCBBnkCLo,0.0,0
IQSUID53o5I,0.0,0
Y7IXj0zi7Sg,0.0,0
LAGLj6KOQ0M,0.0,0
xZtcO5wzQ-I,0.222403,2
VwcaOPaAbf8,0.368222,3
bW7HnH19_IQ,0.043699,2
1ftrfjriJRQ,0.0,0
m7CI-X3sZDE,0.0,0
V5uwdhkfksg,0.0,0
0HfrNyiugls,0.0,0
VHWG9wxYa2c,0.096578,7
hCJbR33EqmQ,0.0,0
qZppKBng64o,0.206393,1
KCUQPnF4iKk,0.544061,3
BojWF5rhOK8,0.579234,3
0kePpcCmbow,0.485761,7
2WcrsrkbfvY,0.356657,4
RhtXS7Pr-Oo,0.0,0
2g0RqFVJtSg,0.23903,1
-CvQ4WKW9no,0.312436,1
rAbfk-C0sDg,0.280362,1
MX8zAg-i0tM,0.28752,1
h2yI7jp7S50,0.234481,1
cBo892YCzYo,0.0,0
CQlcSzMBX8U,0.243309,1
VGC-ovb7Uww,0.653051,1
hEg7slic28E,0.0,0
YSg3oVmKC84,0.183076,1
d4SgO8zy7-E,0.0,0
KSE3QRax3rg,0.0,0
LuAw1Elulfk,0.0,0
ZWdcGEEI3bM,0.0,0
tr9m0bTcOYQ,0.0,0
7crzUf6GT2o,0.206979,1
kvkXy5UkTS8,0.022463,1
ocPS7gA7G6s,0.093571,2
VVG-KxlBZv4,0.162285,3
UEdzX3bWtfI,0.200974,3
spT_9OH2Ioc,0.136866,1
a4tUHOxob-A,0.161413,4
GGgMJA7XHC8,0.0,0
7_heFYRohdY,0.0,0
X9bzRX8A4GY,0.233196,23
l9f9ebHhDk8,0.0,0
A25Q6A6YIr8,0.0,0
LZ6ShWhDvjE,0.0,0
suaUR6avAfg,0.0,0
_XSzqCI_B5g,0.0,0
vj_jbfjyM5M,0.0,0
zOq_OYLiqEc,0.0,0
4mtouA82n_Q,0.287755,1
DavQcfiUUrU,0.127355,2
_MJrmixP0Bg,0.0,0
NTMUph0knrM,0.317324,1
8CVPc8WBuBQ,0.241283,2
aoNRaFx8Hjk,0.118302,1
2tyiLAIOMF4,0.0,0
NnXz8CP_ZUY,0.231634,1
9omXQnB5J4M,0.213153,1
fJv_sAlCgbU,0.314118,1
9hA5tcNsa8Y,0.277421,1
GRuw5RvTfYQ,0.317551,5
JLuNANzqAME,0.40592,2
Y8UKwLJLDd4,0.05337,1
WzE9BfL1NPw,0.511252,3
NIvsnGKeecI,0.364666,2
geh3X-tLcbU,0.488677,2
VslESjiVdeo,0.270123,1
fq7bu02IuQs,0.289387,1
c6gSTytPu4k,0.001215,1
EdqSlblymEQ,0.0,0
txTYBiMfGQQ,0.0,0
UInAWt2YGSg,0.0,0
Mu5FJnA9VUc,0.0,0
WNJeFctQVRs,0.0,0
1M3w6TrSs5o,0.0,0
G9f3C8dDp70,0.0,0
Yi5eJ_naPuQ,0.097944,1
bOzWtWU9GZs,0.0,0
v9RzcO7-l-o,0.314631,10
Wg9bhbezmlw,0.157152,1
PbTc9M8RUvE,0.314931,1
w02grOl0eBA,0.389045,1
wQWiWDwAgLQ,0.156377,9
J85SZY4Gd40,0.062488,1
K-_ca5adqVk,0.524499,1
2c9UT5RqrSo,0.516325,1
xDsW3RH7s98,0.312026,1
CWLNtt8CKfU,0.251272,1
s3BTAxypm-w,0.492097,8
VV_SSd_pQFU,0.380238,7
wAYr-RqPQBg,0.676864,9
ZHtGwSkGafc,0.215394,1
Hz6bo_CkBwc,0.321148,2
1OJJuIMDbkE,0.35407,1
QgVYVLQMpXM,0.726536,2
RlQDa32DQfU,0.415082,3
4wRYMA1yQFc,0.320558,3
ZWeeSPlm6VI,0.374099,4
qp8A547Ng4c,0.366072,11
uoNGPKjWiBc,0.394629,6
9KBO4hyNvvs,0.358793,4
doIa5_BX7zA,0.299081,6
fSnLVm2v3Zk,0.467916,8
BB-M6rfmya0,0.39461,5
Em9O0HXCUh8,0.364032,4
o5mI8GFxpT0,0.166263,2
8exh3rMOgBs,0.225949,5
xDcaexZ9_7s,0.313957,3
yKyGM7CAo_E,0.385355,11
uTz1IcnOBgY,0.685907,3
izfRrY1MU2w,0.156114,1
XCGacvNT2zo,0.17154,1
F1sTs8zn1QE,0.533363,1
RWd28sJtOLI,0.136134,1
376WryiKTCQ,0.073941,1
5YL_T6maoOQ,0.225449,3
q6m-4LpgLHA,0.224295,1
n-MJrqMp0dw,0.225126,1
-P_FsGo46pE,0.263095,1
X8szgeNBss4,0.0,0
JO_F7u2s5xc,0.0,0
uYMzV6p--xA,0.0,0
pstl-MkLX4I,0.0,0
xRNmxZpJdJU,0.310569,2
GLQBue8IY8Y,0.298541,16
CBI4fw1uvmw,0.317456,7
3F0paZ8QsqU,0.219476,1
cjCqW52LeXs,0.318736,1
MeVy1w5sivQ,0.301923,1
6LJ8fJ2Z8e0,0.299979,1
gD6HuBLA-wY,0.343453,1
0PaC82xpI-4,0.199786,1
5uNl5nm0DZw,0.264486,2
HdLO3QZUJfI,0.136228,2
9EAiNt4vlio,0.201641,22
8qfpZHvN4iY,0.0,0
98Rvv4bEz2Q,0.364572,20
Ea3xm-SAeMo,0.0,0
sxVUPS8ZYaI,0.0,0
_UNeUVf06PA,0.297234,2
ETTofLTMjGI,0.035887,2
xXh-iKkGQzY,0.060807,2
HH4tatQoG9w,0.164044,2
ycLjo9iVrSI,0.003942,2
YTeWJMoFdbw,0.135546,2
41wXXVXdNLM,0.204995,2
1AW8Kfl5ZQQ,0.0,0
--LLBMnvJrI,0.368151,13
MEa3MuBH1R8,0.0,0
paUEBV4gIxY,0.145564,5
-gtydB2aeLM,0.519902,2
3lICCWnnPLo,0.241868,2
3RvxDIQUrPw,0.246036,2
LhqrlcsG6KQ,0.430929,2
hHa10tZT4CQ,0.350586,8
cwTPjNCpqtY,0.299857,10
fd-Tvy03txo,0.532668,2
OXA6d-icMIs,0.684353,2
m9dqw3MJl-0,0.504988,7
mf7TW_UEj2g,0.642604,2
gp_frhNa0yc,0.453495,1
FixCYhYAcbI,0.0,0
eki8jDZrPI0,0.348774,1
02ncuMNUvEU,0.23187,1
sC-i68Xd_Sg,0.006762,3
RPW0qgkngNI,0.255443,8
7topzmVXpWc,0.0,0
cnODItyrqCY,0.258115,5
z7SwCWiejGY,0.000722,1
DnAnyWy63AI,0.438405,1
hWwPXTnfdak,0.0,0
SLNGzmtEGL0,0.0,0
LS5R3U-1tdo,0.0,0
4lEcsFeolGs,0.0,0
AE6UQhQyuRA,0.0,0
jkEqUZXp6sg,0.0,0
BDEW-MxRPlw,0.228789,4
16T29EOkGVg,0.0,0
U-ef4d6Qae4,0.474676,2
UEZUhngYC08,0.0,0
rtRK6flYuuM,0.0,0
EDo73qNM-8I,0.0,0
9YdZ8qdFrLM,0.195998,1
GiCyQen1wKw,0.0,0
slQvVOD1l_4,0.0,0
ICWE0nbVOE0,0.0,0
Ny33RFC_sgk,0.632964,1
LMls-eVwn7g,0.0,0
sx7By7V9ji0,0.152454,1
yJSzD3V1KGY,0.172211,2
z90ylzJ2gdw,0.44258,6
S60_8CLcJkE,0.154113,1
65nDac6TBQA,0.257883,3
Smz4jo9hM_o,0.266853,9
VA3N8Qob6RA,0.389819,6
4AwH8B94dn8,0.550957,4
INpK_zm7mMI,0.057946,1
jgUX8_2ljzw,0.180115,2
YaGXhAcqfLA,0.21769,9
cULNNk-VDJA,0.397102,13
vcIUCiuLB3s,0.123185,1
GEsgFYsnde4,0.146335,2
tkAXZc_-OAc,0.309222,19
XNdcywz61Ac,0.19422,2
o2OVATdqjnw,0.277619,6
W09s_C2BiOo,0.687151,3
302sio56cCM,0.460409,2
CjPy7iZQZYs,0.479689,3
2MavQIbI5TI,0.146572,2
d5L_EmCLCt0,0.667233,3
xovCPEm-Cu4,0.619846,3
QarSamQKRlk,0.742016,3
QsuXPsu3aEA,0.659702,3
DcjQcF7mgDg,0.360803,1
qKFQ7WxuJ5o,0.327442,1
N80nsl8NDeA,0.461952,2
FyncAmrZzuc,0.599559,1
XXzsV_IjojE,0.695795,1
oBpVq0PLfqM,0.647101,2
CZ7yN31J9Vk,0.513658,2
pZqKpIEj59I,0.170438,2
gU2gQDvrCIY,0.662732,4
PTmj7Ym2FKQ,0.235903,2
n-TklZ1pwAw,0.0,0
MITzb-qlcjU,0.0,0
3EmtiFGOi4A,0.0,0
EYg6l_efmbQ,0.0,0
6U-iz4Lik8w,0.419119,4
dZKOLGTk8oA,0.364736,1
oCV5b-y5ngs,0.328723,1
QroT5eJi_nU,0.31035,1
nHpmONrk2dw,0.311373,1
34w8j0HJMjQ,0.296228,1
AsUIV4bQXtk,0.341356,1
PsE3j0FXtP0,0.379884,1
PvHkO8drBVc,0.46763,2
rohn1sxBgEQ,0.348364,1
51rPSZky_ag,0.320118,1
fcYCHeZbFBs,0.0,0
PDv6SA3kH_k,0.565493,2
kOd24SkbJps,0.130623,1
ntJY56ZiO20,0.179481,1
J5OC1tkywaY,0.341644,1
sHPiTz23mGs,0.341644,1
9qP6LP-Wyx4,0.385075,2
uZfYDddPXD0,0.45553,2
w5JGxcQc0e8,0.0,0
NHo1ceJyh60,0.0,0
zZ2WM3buBzk,0.0,0
-u0kZQyGA9c,0.0,0
1O73z1-hmGc,0.136963,1
HAxxcUnnSI8,0.166926,1
OuSgXVn0_BM,0.518734,4
bOTxI_MuwC0,0.345965,4
1vYLdh1Azgc,0.532657,3
4rq-VpfN00U,0.260697,2
8GkL0BMPwGw,0.506999,4
agjrV6K83ig,0.228112,1
77DBY2FsvVs,0.451759,1
dWAg5XTfHc0,0.212573,3
dUj9W1TzZuo,0.546294,2
tjQod2uCVkw,0.18878,1
k_Yf7XD9GCE,0.195399,9
CbNLhsEMxWc,0.328403,12
RQGe3SlM6Bw,0.309792,7
1pomkgCedto,0.544857,5
EgXhr8-vQk4,0.575729,3
GYiKcyF_QWM,0.549677,4
2pMyFzA054U,0.673166,6
U0UNe6I0_0g,0.501006,5
XgpzkNjwk7U,0.378398,6
6Kug90LJX5c,0.447729,3
4Qz41c0-b7U,0.477604,4
-yGiEehY72Q,0.062773,1
wMAlJyQQy-Y,0.170752,1
hhX2475-LDw,0.141991,2
NqG_X_dO4jU,0.118711,3
OTmTRyBYNR8,0.051227,1
Wjrx1qbktbI,0.289635,2
g4JYRcb_TGM,0.0,0
fNSZOVRVZfE,0.084406,2
mI5Enn8iwLw,0.443337,1
Z5_C-RjU63w,0.10486,3
s7nPxB7Nl70,0.488325,1
avChIvoK4xE,0.133279,1
Xw4wJPmEhLY,0.17142,1
ZMKjTTNhImw,0.163171,1
Xz8G5U6wujk,0.0,0
cG8HPjy_NxY,0.493914,1
c6I2ANTMVr4,0.134839,1
bjjPzQRdJSE,0.11261,1
M56OzlFBGq0,0.080266,1
vVNlbQwOh-o,0.051609,2
-NZfybYuHKE,0.216696,3
blaKkw_lCdE,0.348877,4
oZ5u0YpwsSM,0.229832,2
rWuq8MzmllY,0.0,0
u5ikwnty7ZI,0.268437,2
WxnxELiTiyQ,0.540775,3
mhoM1SrVUrQ,0.02217,3
_-BWv_iystg,0.0,0
vsyBbESK-gA,0.142309,2
9W4E4bDjKDw,0.911006,6
ZyGkUax8uU0,0.0,0
_sqTWOvkTRg,0.20615,2
MizPdvi-tCs,0.24,7
zAp_VhX6TII,0.129358,3
zTy49YcHwhA,0.102436,1
sMcdoWTtCzQ,0.107674,1
MniUP-yF1R0,0.159809,2
G5sD0kom2gY,0.096175,1
W89JjCcb1Ms,0.160185,1
Xnd5h-wRb9A,0.15456,2
FtS0JAhwcGE,0.0,0
la2zKz11HVA,0.031174,1
OcIlLEIsdUk,0.287077,1
cY6FyPF1Afo,0.149232,1
UhFgkeAX58o,0.201376,6
fAV11gynFB8,0.419765,3
2lIwnBnM62Y,0.0,0
iX71igdxmSE,0.209099,4
tm5tS4R_TZE,0.089681,1
ZNtKYdYql-I,0.488512,20
MKkP72Wd3-g,0.280357,3
rbgePC9D6t0,0.326718,4
ECJEDXT9D9o,0.161299,5
tztL-r9Dsr8,0.161561,4
_eRBkmMO8Vo,0.128419,4
Ma0qA4t-4bE,0.175328,1
B9HbNo16rbc,0.136395,1
1d0HaTy9Ybg,0.203932,6
7dpnZfY_9G0,0.08665,4
dRSt5r-BCmY,0.126701,3
orF7YREVKg0,0.094696,2
Ogni9CIRq-M,0.365975,14
P4oeL9XXf3s,0.126339,1
-8zvFTmBm7w,0.0,0
kXZt5Hy8gxs,0.200007,1
93rEb33xvFg,0.10242,12
xaNV2fBFNY0,0.511629,17
23TW6I8HSXs,0.53903,8
Q8SeRoRGqik,0.403422,9
Gld6Ivvrh-g,0.453357,7
oegkDiDPeiw,0.299229,1
tXQe-qqc4NQ,0.301915,3
t2i4UN04IQc,0.132729,1
iSfcSHuA3Ms,0.143158,1
t-NxRumfs74,0.1326,1
uEz4gmEPzGc,0.1195,1
ussu8hYcW_M,0.048117,2
XTdAiRcMQ-k,0.049985,1
m0KVfY_xipA,0.290285,1
3gUT9xyDUd8,0.208504,1
PCLdBllhsNE,0.040434,1
fqheqw-lwMw,0.045219,1
hXaoJmXhMFo,0.034181,1
sWkg4rX-OCw,0.115247,2
Th4c_-divU8,0.141399,2
DwfGiAmFXgc,0.054004,1
JR7ghaEL2dE,0.329891,1
L6FqtDUZF10,0.544741,6
uv11f0j_2Pg,0.121157,2
z0FybCxix9w,0.332004,3
g4IWnWtHa3Y,0.301108,1
qzIx7qAXwzE,0.367709,2
ZuSGO7lrpVg,0.391211,1
TIBkpW3pSB4,0.379014,2
uu4hZIPGiiw,0.346633,2
1OMDqsiCbhg,0.445717,4
TdTh-slEGAI,0.422321,3
g-MHJ4SbsbU,0.515622,4
_TwiGdvpi2I,0.170758,1
PnE40ioWqJs,0.13453,1
1b7reXCZmOQ,0.414921,5
pYjP6GXlUyo,0.159334,1
9_SBclU51kQ,0.19508,1
LsqIlNTDOl4,0.504406,8
bg3pAIeBG5U,0.144048,2
EpgF8QG_1Bo,0.256621,2
VZmxP2KPg3w,0.360928,1
0yx3tCcfpQg,0.486504,3
LuPv03BwCNo,0.35023,1
ILn001Ie7Ko,0.467957,3
-eviXBslbAs,0.503698,3
4Xn6nQkLz40,0.263816,1
Co4Cbc180a0,0.330031,1
fjFqk7whRnU,0.476685,2
WxOeciWO3Oc,0.0,0
7bDx8PSx3VY,0.0,0
iNJ3DDWFKFk,0.0,0
29Q-DULbFk8,0.006048,5
mu-dlNXdul8,0.003307,4
RjLUdT0UDAE,0.001933,1
bHnEn_wE4BU,0.0,0
A6zxW4QebGQ,0.0,0
aqsKTBU4WtU,0.243262,2
VkpgPRZV87M,0.070684,2
k6ztptYih9c,0.049424,5
aePZXOsG-1M,0.123398,1
fGGhtzg2lwk,0.039097,2
XbELDNGxSl4,0.294499,2
tMP13Fdz_Ww,0.098957,2
lHF6EeNC5Uk,0.043838,3
uhGFXqUyYoc,0.088334,6
n_JTR0Tfxh8,0.156696,2
ZqvMY_jddvQ,0.135142,1
j6i7AapVQ8c,0.119688,6
6XQ_ooKSYZ8,0.057427,3
ZC57npwRnB4,0.002446,1
K_I6zCyQxnk,0.299047,8
PxATo9Dq6TU,0.351752,2
tTtMgmWYeW8,0.204261,2
HHODhP_bPLA,0.0,0
dETPHkwp7tw,0.0,0
45TOg_NM46g,0.301874,2
6fyf5d2sPmM,0.104015,1
lN95-bukMms,0.137648,1
NWortpufWc0,0.136952,1
akiLtQB7lfU,0.08514,1
Rf5xm3ZM0S4,0.130574,2
yNURnK3Xa3o,0.182284,1
u-ZgfN71mzs,0.150692,1
F4LsgyRQEKs,0.163932,1
oOo3IPrvc58,0.163944,1
Jyh_qmMMR9k,0.163902,1
KwYvBcdb-pw,0.17004,1
9XJ_e8-hx5M,0.170071,1
x-02O_1YnmE,0.162029,1
XgjfWQCwULE,0.210741,1
Wk_wBcwMVWo,0.179097,1
beXN6XLA5pI,0.206343,1
M5aYmD6uJD4,0.265448,1
TS1bIcZPQJM,0.149946,1
3BNTAM0Fecs,0.261896,1
BdP_0tJoEhM,0.259817,1
y4jflWhjGAk,0.010358,3
v9EB0-eAFOo,0.712661,7
jnT7qv07n0w,0.294162,3
EHHDzD7Aw2w,0.195007,1
lepM3PcQu94,0.216579,1
nA9qaPed-W0,0.0,0
-646D3GVPh8,0.373288,8
tmEVQq-AoU8,0.515153,4
FG_JTFET0ok,0.135307,1
PuEBqBi8wtI,0.177388,2
3hQBT_Qx0YM,0.0,0
qwMl16TD8gM,0.214426,5
afsYt2dP6Bc,0.345053,1
fqH3CWT3bFs,0.230841,23
GFN9sJDs4Tw,0.058468,4
pXkkKu93nWE,0.0,0
3eKlDrgCruk,0.0,0
kL4BBbaOnew,0.407861,1
cEJD8QC-Z8I,0.002286,1
s4-8QtF2gUg,0.011925,2
nDFgVZnAzEA,0.0,0
9exvK8YeLm8,0.0,0
dwHfuZy0gXo,0.0,0
sne1zoFER3Y,0.0,0
cR2WDH2Nf3E,0.002283,1
TMAwma_RFOI,0.050904,2
fR3e6Ur6FnM,0.29941,7
XA19X-siepc,0.394755,3
xpnxYEvsJ7w,0.424659,3
yRXxTEmv6PU,0.409324,3
WIOUKfBWh_0,0.409031,7
6Xg6ZdmSeSo,0.111598,2
w1hhPtzsDMs,0.45746,4
I7MzSwmHMqw,0.419628,3
Y_uxEdBFWg0,0.32309,5
bQxa4nyXJ-Y,0.216733,5
M3CtisHtFXw,0.293433,7
_3avQin2zZg,0.059614,1
GyFhQub_GV8,0.317771,2
77OlzvSFEQ0,0.360459,2
kLMn796SK5s,0.29799,2
J43L6tZ7yaA,0.377678,3
Xo6nqRJnDTE,0.392984,1
MMIu1hWjFGI,0.370624,1
Xj9RDYntUYE,0.355702,1
_y6rgEMU_18,0.502581,1
FReILhhE0As,0.360663,3
Wy5Zj4lNw9Q,0.35827,1
TAhqXg-M4Wg,0.310457,2
flREABdWLtw,0.201848,3
XJxtRY1HHpc,0.357993,5
AD77HSlP_KA,0.566176,3
5tT3JvJW-yI,0.292728,4
J5g2n5Ogz9w,0.175227,3
lHXtxPNwdQA,0.357145,3
UlBzxh1X_jU,0.221388,10
5J_2abR3SDQ,0.165697,2
RTB7YQI1Zzs,0.378314,4
QxvhjF6aaSM,0.171933,1
pPAfVYl0KB0,0.720916,3
B88E0nwLBTM,0.516046,4
nMwvr9ezEuU,0.257512,2
c4m5mweX3QE,0.461624,4
g6cpCaakBXQ,0.131782,1
rpJT8sY4_mw,0.155651,1
Dm6vGzzPM8Y,0.127832,2
m6eLZEc6bZc,0.12,2
YpfAKHWLzFs,0.0,0
5BN7D8IqQIk,0.0,0
rVZ43sq9nyA,0.021296,3
tCmmBu7e50w,0.708533,4
UwUTe2pSKUg,0.290488,2
rBso9oeuPeI,0.232661,2
FJQ_SUgAQEU,0.344038,6
Tn0MPXAe8hU,0.576764,4
tyQlqKOf1TA,0.379141,4
Niy-wsYdEMI,0.70477,7
ix94Se7UkgY,0.67975,4
bPX2V03Y3aM,0.239335,4
flFkNOtBTKI,0.45867,6
hXHoaiJ4s0M,0.126819,4
2h8ysAGOKag,0.153285,2
qh2-560iPCo,0.103231,7
oKkgYXIZOKM,0.336562,7
xP8S-zI4cME,0.195178,2
Du7FoccJ5C4,0.312128,2
MuWr3eQsKaU,0.055238,1
YwEh-jYdcgg,0.091362,3
BH25IZcItvI,0.137732,2
5SG0wF0lVVo,0.588707,4
VsKtBvcL-Xg,0.522383,4
4vpyKDJxKM8,0.48085,5
Gr5i9Py0phM,0.530458,2
JZBrU0nDALo,0.278643,1
llijMVBw2Fs,0.226498,1
KWy1L9_0VEk,0.284987,1
mekPWUz7v2U,0.3387,3
HQ_Q8UqvGDI,0.0,0
lkrove1l_1Q,0.463981,4
ysw2U7EmRWk,0.226558,2
rdQQhT8H0CE,0.437139,4
umuwPQO161I,0.17603,2
VDwWH7yg1MU,0.277944,2
SAJYEzk_wA0,0.251541,2
4zDUQnFJhGA,0.28012,3
mLv6lGyyeZw,0.242674,2
9YAPZ7ms7Jk,0.26416,2
z3Fy6GQ3jtE,0.163267,1
_RGY_yg6oiE,0.220932,2
SjJUDbEvVJo,0.260609,1
LZimzNpRsU0,0.409169,5
TGSgcS05aAQ,0.483534,2
QmoWahLrXs4,0.057041,1
W5vNKN_spVQ,0.0,0
RnrhdX_FWlA,0.0,0
Zyf7VaEUI94,0.0,0
wGUo_40gh14,0.064766,2
vfiKFfDEBCA,0.046803,1
_JLSgZPYMag,0.191378,2
tdII7_ajnkQ,0.316293,3
Dp0HHw0C4Pk,0.263235,2
2lf12AgfuX0,0.183615,2
m5b2hQc5wlM,0.209997,2
5jbEf9d4x-8,0.525688,5
wYE3CNNICRY,0.382158,5
huvEYO-RCNc,0.332935,4
8Um0b-qmBe8,0.190469,7
jbNrf8-iriI,0.210658,15
8fJYuX4d9Fs,0.327767,4
NrU_LVXgVp8,0.102208,2
lxOvykcHhcc,0.128857,1
8lMvgA04TyY,0.415321,13
STxGI2yzox0,0.253757,1
Patj7aef38M,0.228142,3
rH_xtxYvHOQ,0.100026,2
zUhAXkhcoj4,0.402801,3
IuigKEs1zWI,0.013671,2
ikTb21DRLEo,0.218808,1
uWyQ9-96A9w,0.39325,3
x1C48zqgl_s,0.0,0
f9lviDZoam0,0.0,0
IBjL2eLMpD0,0.0,0
bMY_sLP5yo0,0.0,0
tjchQLuixXI,0.0,0
DNg7-8wbBhM,0.113736,2
Y81Yyt7PHTA,0.0,0
RomdUfv8KOg,0.0,0
twoK2kFBtx0,0.0,0
tQEjyHqi9E8,0.0,0
O7iXynq82qE,0.219907,4
4cEgkMpF3Ik,0.318868,4
VoDjK9ypSgE,0.260486,1
_9oLjWH00yQ,0.219936,1
XpfnkG3OKyQ,0.312037,2
cxF9OBFi9LE,0.59423,6
sGbPFQ6g4og,0.027386,9
BO2gZG-TpGA,0.537049,4
Ak1NgTAcD5A,0.264239,8
b-ymspcI5h4,0.087246,1
VR41OShh-TQ,0.30114,2
50v1r7DckG4,0.466305,6
dJntbYXPgbU,0.241035,1
X3dGFyQwkkE,0.347937,3
rILEpOMFOQc,0.340817,1
Uc4K0V2bEHw,0.473214,2
FEDRXnJmuJU,0.156952,15
kUvgxQ42_X0,0.0,0
mEAWlDcIDeY,0.034541,19
ZddD5z8E6s0,0.220306,3
3oXe0bUmrpA,0.518136,4
efxpdNsV7Ng,0.59042,4
yEDL5MUsQ_o,0.316596,10
pYnamFKBTSk,0.453707,4
1g9fI4K_wYQ,0.196493,2
0tZBEgiE9G4,0.713574,4
4ouEB9eqMB8,0.138677,2
2jNR1WE9FAY,0.196489,1
sZ8FGUTzZfY,0.20821,1
O4xTb-L20mQ,0.191388,3
odvqGvtE9xE,0.193664,1
apB1en3icPc,0.052355,1
r_vbqFX3tho,0.095358,2
61sOx6bf94M,0.115458,1
YwPsKX4Or8Q,0.046049,1
LUzfH7WqMuo,0.163369,2
Elvq3Cmxrf8,0.183078,9
_03Lrgj_ISg,0.279395,4
ZcH8ew6vtxQ,0.482293,13
U9gYQbO8kGs,0.414658,4
Hguh8ZmBxxo,0.154703,21
TXnE1f4-VcQ,0.397017,29
WdKRNPFJcI4,0.409073,11
uh_2wIbWyMg,0.269415,13
vXdhiZ58zrM,0.234685,13
GZjPjqjHYi0,0.549865,14
zyOKSNtplFA,0.0,0
J7zUNdZsAXc,0.0,0
tSP1BJg2SXU,0.082992,1
af9B5K0mAIE,0.271771,4
L1Gf3MFqWZ4,0.0,0
-PQVUO8OFgY,0.282593,4
OJNLGPyc-Ww,0.304682,4
gaAuGC5cPb4,0.303146,5
aDHo6Yap5Yo,0.256151,3
je3HH3Aeo_8,0.306402,4
3DDYa1NpYUM,0.385079,4
-K2y0NPs14E,0.265215,6
hGi7IShbs6I,0.214576,1
hPFPYmk6GhQ,0.21445,1
kwjBBFDTTt8,0.220263,1
UF7-kG3uYVM,0.0,0
-gyPozlcc_k,0.435374,2
fSFc4StGWvA,0.363469,3
SPWoHQyO7iE,0.41138,2
cCuKx6j3rHY,0.349732,2
990b--R-lNo,0.559972,3
2-O5RgJ_nzU,0.402995,2
1s6dq2cMXc0,0.476911,2
um8YKCbHy_E,0.593251,4
zQzf_FbaoUA,0.395827,2
kLHJXRxFHHw,0.450891,2
8FoCeGSzh18,0.294143,2
gFPZpSU4GNY,0.305394,2
NYNPtVAopxQ,0.447645,2
-0DodBqk0No,0.498613,6
v2Za_7Nl5ic,0.455972,2
TVsY1ZnxIEQ,0.285885,3
LO_P-AOYzGw,0.279156,2
Fyem6Zzg6L4,0.354034,2
ihfwZU7kc2E,0.343339,18
dLZWJ89sdFQ,0.560812,2
6vbDRRoX9bs,0.101746,1
YwirR_WBdD8,0.272131,5
FD6eKeFPqPc,0.556443,3
Gwm5G99feSU,0.415177,4
dNbHzorHubE,0.33327,3
QiSOy1Pl4so,0.637739,3
1N2UD9xgrW4,0.600623,6
CM1nRQJXr74,0.683003,9
_gMUTKbiQ4I,0.439766,5
hip2Te-Om7c,0.67191,10
fsM4AIdMHUo,0.670914,8
JdoyiFqM4MM,0.581254,7
5NP29RaTauE,0.493784,3
AkY1PY_GOlE,0.289947,3
PJQteOOJdjQ,0.030846,1
yjlTKarNw_c,0.030964,7
QQ10ffjF67E,0.0,0
_h_putg9Jg0,0.0,0
7p6MpuB-Twc,0.0,0
UNkULXuhAVA,0.394659,4
76CELGsKPcM,0.325463,6
0LZ3ZENyakI,0.122546,18
mLh27m5q3WU,0.235428,4
_hWT7jEnfw4,0.196298,2
T_dzU3Kfpb4,0.231443,6
Pabjo_CMX88,0.110425,3
AfWdcwmrQxM,0.333898,2
uzvrc4xefS4,0.097881,9
O-sS9LB-YUU,0.0,0
wxvrBzqgl24,0.25332,2
s3pfvN_0Kw8,0.052375,1
2u1oOOXTe5s,0.182922,2
Wc7Fixs6yvI,0.090929,3
VYSx7SpiDG4,0.408086,2
U19eEnFYPdk,0.032918,2
qME-kDeLWvU,0.018942,1
lN8YFGbf2yM,0.216759,9
lHdRlDCYJcQ,0.120141,1
HneF3xb2VVw,0.247436,12
z-qsOcKi3FM,0.100699,3
-eIrRN8NUao,0.397066,4
WaZm3e8YYWw,0.106937,1
H3Pu4goQYkw,0.222217,2
3-MzP6dwrGk,0.190015,1
ktb0Xbogvm0,0.475961,5
Ip7QqN1Vxuk,0.283598,3
KyFPMeQk9dU,0.191323,8
Ut0ofKkDtxo,0.0,0
T_UyZ8b9kKA,0.157292,1
u6AlkN1sxKw,0.071256,2
37HmacbVTJA,0.0,0
J-owsu9u6Jw,0.268079,1
_xjz0Swy2Bo,0.0,0
YnH8_a3k4Oc,0.0,0
A43hIqCK8pU,0.0,0
7-KoKvVuJCY,0.0,0
lPp2xzqUF_A,0.231813,5
hTON5kMXJVg,0.430851,2
dAuagkuFGSY,0.245503,3
SYMTgvpROvk,0.0,0
CD7y91Rysq0,0.304557,2
Hhu-FpDyghs,0.345035,8
6Whw7h2BqF8,0.319308,5
yeG-goKoR-g,0.402273,6
UxFdFjq_Ang,0.387367,9
aJpSP9j9aJU,0.259018,3
l1Hm2h5ppaA,0.33464,11
GGlUp1Jr8iM,0.334196,14
B-aDUDNcf-I,0.385924,12
75Ou4QtpE1E,0.465237,17
Omf2Mg2NuH0,0.312413,17
1a4sWA1ewyE,0.296275,9
Yn_VhnUhK4s,0.189797,5
2nZbAUlZoaA,0.174273,6
4lYVs1GgVDE,0.178311,3
qoIyPvXT0WI,0.261548,7
3G7taFxyzFA,0.305787,5
ZTbioznmx5o,0.182331,11
xRjqJkzQTqQ,0.144092,1
14ucz6AGJm8,0.234349,2
IxksG31VPU8,0.136725,7
V4_KanHWcCY,0.13083,3
leRVcelGkMs,0.318142,1
Qz3tdvC-C5I,0.093015,1
rtmO3dhcWbo,0.135588,1
jZb0eyOrqxU,0.052068,1
z5ZbPZeYILo,0.0,0
F8tPuEyD0tI,0.0,0
C3zdyKz-iMU,0.563706,2
hZzB5-w8QSw,0.137718,1
C-RI3uo7y7o,0.444825,1
NeXqQVs7ToU,0.449357,2
gE7hEOSL1NA,0.14126,2
VGSDbCANR_E,0.385324,10
yNAn3bAmPXM,0.111604,3
SSFRQHqu_EY,0.136851,2
PNG6aG71DOs,0.12648,1
GilXqhERkd8,0.682485,2
Xk4hdUt4IgY,0.154353,1
iqLMzrW_SI8,0.295685,1
-Zde8hOL-mE,0.327217,3
X-bSoYUiVhg,0.253625,1
pR6of9bi_Xw,0.295697,1
uT7_JZf-MKw,0.217116,1
6oNfKq93T2M,0.186887,1
kU1dzD8c43A,0.297416,1
1xgObCyCv4s,0.364211,2
bH9BBHvmvYY,0.29727,2
8RHWj97O9YM,0.245308,2
cYwMkVmONWs,0.509334,2
jn_pxIikZDQ,0.487078,2
GRlXa4Gg3G0,0.369545,1
AvrX739FgdE,0.409869,3
hg-5OI-bua0,0.682319,3
RJdpi6yZXMo,0.389378,1
thCHXaazAIc,0.256711,3
FECtj1nO8Kc,0.414069,4
dYZReMe2LX0,0.24288,3
UcmdiK2lQGc,0.420522,5
DnmzTsCY-r0,0.346496,7
kjPqim6yEuM,0.077113,6
_VfsE8gZcFo,0.441365,10
v5QshjVKKH8,0.125446,8
jBqs5f26eT8,0.334043,7
Ke5uTQNiSQQ,0.0,0
7wMLaSBHaIA,0.196256,3
B2uFfgBr4sQ,0.670642,6
vIQvH2MLc5M,0.56956,2
87Vc55kiyRA,0.267216,6
Q2cQIdt9lPk,0.427853,5
58hx0o8LTco,0.774239,5
Q3TLo1qUpU8,0.177703,2
WLOCBdUatko,0.080631,6
RvXmnfRzCwQ,0.006389,1
WpM5yjD2YvA,0.0,0
sLimU-IAWTE,0.107853,3
DBEfdzhci3o,0.073377,1
vtdTV06J7_k,0.0,0
y5f2ax_WgHw,0.078316,3
Uen1NGBZrU0,0.0,0
PxTORb0kioo,0.0,0
6F-yUutgxjE,0.0,0
es8d9tJqT8Q,0.452834,2
5SFikMDf6SM,0.477167,3
yZt-Pr7UN_4,0.001412,1
o_mEo1XkHkc,0.135422,14
yEdtA0oz4oY,0.274172,1
FP6blbR5OLg,0.0,0
yeAsglzJQJQ,0.4524,3
taT5ibS1Phc,0.465792,2
OChbrDXA6OE,0.349619,2
m4fzQDYQXWg,0.370248,2
kPClJ2fMmp0,0.27747,2
JW0SrFb-yFQ,0.338108,3
GrfWgPEBudQ,0.354443,3
cDQpStl0Oak,0.209839,4
QheF3R0mpTg,0.424755,1
U07aNA5JoEw,0.400913,1
16hW_-tGeD0,0.373257,2
ZwFXsVV3l1A,0.579018,1
n76DbRWpAbQ,0.077339,3
Ok56Mw2Tpow,0.074392,7
V1KGQZ8YEAI,0.174646,1
jNesbJB28xU,0.077631,3
Oe3TK8YeR5Y,0.154198,4
W1C4CWKoj4E,0.067595,1
zzFon8fn798,0.343821,1
pX75a0xDIUo,0.214155,3
gCeZX3odWjc,0.0,0
l9cbe5QO-Vk,0.463213,1
Myja_C4M6CU,0.413828,2
oy-WM6BBeyc,0.443894,5
4sOvRPxne8k,0.0,0
rRLpEwIPz24,0.385775,3
0R-MEUcQpFE,0.202182,1
llEutMdfcDU,0.093141,1
JEcxriIeX5Q,0.142971,1
h11PSp5T3sc,0.124504,1
JnCrC8OjH1o,0.549845,3
da-9F1V5ez0,0.0,0
Ep4wjqVHoa0,0.052957,3
_biaLzLlvnc,0.021747,6
HIkgNH6HbFI,0.0,0
wILCLuAdLxE,0.101517,3
ws_qEhiZIaA,0.169707,4
HrG1-AmItVw,0.432054,19
lt6p6wrMVjg,0.094994,2
wvqJ4rVBjJ4,0.237726,1
D9LuT1dpo_o,0.490301,17
IgB4FdL7WIg,0.277002,14
VDHwHnm-MMg,0.510148,16
MxN6gqg9e8Y,0.109149,11
iZRE0myh_WE,0.468808,14
kt6M0Pmc6Wg,0.086065,12
Kqb5YLvX4bU,0.156916,24
x0AViU8zBD0,0.174417,1
KYrN2QPg37U,0.0,0
AW79FQNKoW8,0.0,0
AFN6c6267iE,0.096039,4
q81QxrDwRgw,0.0,0
Ey4esr6mXa4,0.0,0
SwcJ26tQi-w,0.262632,1
uUowpUAu13Y,0.048461,1
kfgFzgi5grc,0.096619,11
kSlXb4Mlj5M,0.0,0
Hp4MxLDfZvs,0.0,0
9LxiC83KfGo,0.0,0
iuKWRx05ddQ,0.0,0
ZxSd2hkV0Zw,0.0,0
ZCQzDTp5v4c,0.0,0
jQR2AnGuIoM,0.114313,1
s0snwe4YTp0,0.265013,3
PJnXj9HTp24,0.17532,1
GENRWpHjA04,0.484058,6
uDPygj5baRg,0.423928,2
uyba9aSw-WM,0.052294,7
dcGx4DZ7LXU,0.387031,4
9olo504bXrk,0.0,0
BFqx3gavi3Y,0.029324,1
P-NPqoKP740,0.0,0
-A9JyXkuOj4,0.002304,1
ryIspJUIad4,0.556507,5
6zeWumxmsHM,0.013024,4
uv0vdtR1aqI,0.0,0
3T2rwcbtZCs,0.0,0
PuRkZUs9ZWs,0.0,0
WAbFG_TAx0A,0.0,0
ZNdXrRdSP94,0.0,0
R-RaaVlyN2s,0.0,0
ZnPOD0UvGrU,0.0,0
f7XdtcpBHwM,0.0,0
WPWDswYTD7Q,0.0,0
M7gtrCC0RyM,0.0,0
VzI3g06PU2E,0.0,0
Moaiz5zbwCQ,0.221063,2
-HYMNQoGFuY,0.329196,1
J6HQTM5ARC0,0.371025,1
QFfflsN97sQ,0.464124,1
mTyMMDHFH3E,0.091046,3
5IXFEzfxaa8,0.170289,1
8QI258XbZGQ,0.17485,1
DEWzCe-LwzQ,0.199604,2
pgXOOfBzrM4,0.248957,2
X9Pg8xC37i0,0.271092,1
lOktUVtt8Lg,0.0,0
IlHxu5pHZCE,0.020893,6
t4SutCcaN8A,0.001318,1
9aZkZmEbLOY,0.0,0
lIUBmUBTPhA,0.311373,5
mS3_ltkLgto,0.172525,5
cYwM6u7-v2o,0.306834,7
pnBtWLPdjPI,0.0,0
L6gUDQzwpGA,0.0,0
5dOxJ0h5tbk,0.0,0
l3CQwIbsby8,0.0,0
FcG7zYIfy8A,0.0,0
E26cHVXT2i4,0.0,0
RvzurQq_AqI,0.0,0
sdj5HqIyzVw,0.0,0
JQj0iZ_aXTg,0.0,0
Y40ZyAgLoz0,0.0,0
WjJecuRy0Hc,0.0,0
ZQPcWi5EUwk,0.455971,5
8OeBYqsPbks,0.0,0
o_6_s3ni78A,0.0,0
c22DpyyP_qA,0.0,0
Gj2KWWUFFxA,0.0,0
c_fh8mRNTg0,0.0,0
4lavqEYXc5w,0.0,0
4DfPI8AAUXk,0.0,0
8OLlfyVu49A,0.0,0
4G780csTigU,0.0,0
DBMn36dcbIg,0.0,0
GhEMs2Ua994,0.096801,9
qz6o8RFcQQM,0.229608,1
PquzikAK-IM,0.154714,14
zwbPHw3fz1k,0.095714,21
YXOpAJMP03Q,0.0,0
oBFSeYjN6B0,0.377041,8
iDBhcr9ppco,0.389019,7
ZHWFUS-WQlw,0.2011,4
4D7aPkd10xw,0.481603,12
c5CmAQn2Fxg,0.150013,2
rjbh9AqkIYQ,0.192242,14
oTdnWR7c2-4,0.136062,19
aJYIXt5VMX0,0.208022,22
1N_IwUIr7Bs,0.216216,24
5sX-nFwfbj4,0.078941,8
8JJBkRz_eAY,0.194383,1
6voaJ3kgL6I,0.45216,1
7v6wjqxfibs,0.235647,1
Zp6Q7EunlQ0,0.274259,1
glF4AhZ8Kxg,0.306414,16
ignZyYuYT6E,0.522157,8
c7ViZTb0-hU,0.0,0
otsGOEd8WXE,0.353413,7
EZvETge0mYY,0.0,0
Ivx82yDAkvE,0.043592,8
P7NcrdEOL9c,0.0,0
5WuVLsUAn40,0.377393,1
mNyFFVgPSow,0.0,0
AgwXe-OA-jI,0.241492,1
SthW_iYC7So,0.078631,1
CSIhs_xNf4M,0.017045,3
ZRCXj4723hM,0.287394,1
56Ji-oiiI2I,0.771553,7
dOdT4wmZte0,0.009246,4
Ru8jHmOP3oE,0.548342,3
xJr7ZfDmYkw,0.046243,1
RV1o3m_K5vI,0.0,0
fRZ3F7_fDmw,0.0,0
5yhx5hqd4d8,0.011926,1
hPEi2iAaouc,0.0,0
GCaHMTr80qo,0.0,0
WSmuIEWhBl4,0.0,0
aNj3Sf52R8Y,0.0,0
X2aPYd7UoIY,0.0,0
be8JKykL5Z8,0.274601,1
8YYmWinU11U,0.47102,2
r0OIe12MU4k,0.326834,6
DkEgXYJ7hqk,0.220631,2
prvyg3-PeX4,0.416777,3
93DmAwNR_Ak,0.463536,3
p63Cp70RJLg,0.194751,1
xQbaBhQrEG4,0.364936,1
WrOvNXGjdE4,0.495026,2
vM0mk1qt0CI,0.44585,14
zpP50JoeScY,0.454663,8
fT24N3iJokU,0.396047,5
go4uDMQSDFk,0.077538,1
Hzy-eaKl93E,0.08403,1
XhLSVHGwoRM,0.608404,13
VuX5sjSAH0E,0.327018,5
zGrs_XIRcGA,0.389314,2
u0QgDicgyl8,0.399905,6
fFseGvy3n4o,0.270828,1
kf04RYeXuag,0.202754,1
FwpEFGzIUCg,0.371809,2
OiQwLgyL4Is,0.256349,1
5vnI75ud_8Q,0.297422,1
H_WpcehEzO4,0.422093,9
WzJvBtrKozc,0.140383,4
hk6uaZsGVZw,0.176675,2
1ZgrIUQvbOs,0.155698,1
zc3hFzin3C8,0.0,0
QskB3hOn2BU,0.161113,1
CjFiGypZUw4,0.195595,1
C9UZwyXTti4,0.113954,2
gOmUao9HbgY,0.105594,1
eqEMi8ZdFVo,0.391645,4
Koeh8fM58ts,0.332795,2
Dn-vtDmLGQc,0.263821,1
C0NPNmDiKI8,0.186201,1
x-Do4ke5Pw8,0.097045,1
GJxe8uWN6zg,0.203741,2
s3Y6JwqPg2Y,0.279012,6
5N74httT7Bk,0.0,0
CzjylAq_o4U,0.0,0
-jnoV57b1DA,0.0,0
2V0ai5sFBOo,0.0,0
-op3GPeCfpk,0.459222,1
qhlIpVoJvdo,0.201241,1
sql_j2stmCM,0.190854,1
gAZbRQtf1v4,0.192185,1
VpaQvplXxug,0.499071,2
GzMQ6U7DHfA,0.167364,1
TFZF36sYHMI,0.0,0
aLDsk5nl07o,0.098758,1
JA5ChCU6Q7o,0.136682,1
f6DNtWIWKTY,0.195343,1
bMkxqS5mcr0,0.349274,3
bwzcYtFoMEQ,0.0,0
dne83jB3xYY,0.196423,1
Z9oOYp9wG2g,0.095062,1
WruNjTEhlac,0.145181,1
ZIUoJhivNX0,0.56278,3
wrhYLlHZ9aU,0.288303,4
TKWpbjelgBs,0.685815,13
S1s1Yzd2PEk,0.662497,3
Y6ZK_5yoC-Y,0.338537,4
zLjbTC3mcik,0.403522,2
EaJHVcTR1sU,0.635424,4
WTgytg0BwJs,0.310082,5
llGMcFKCB-8,0.006744,1
-jNXtGvU7Vk,0.62844,12
TmQKnfaKK40,0.451924,6
DtQ0zg19gDE,0.280025,4
ji8lLEyI2Mg,0.545264,4
5xpI84_QQtM,0.166336,4
ULX9K_UvIU4,0.33803,1
jVYk5elnFmw,0.34765,1
Bqhf9LJhb1M,0.311618,1
Jw8TZPT5mrs,0.294824,2
piz3ajzLRLk,0.371344,1
Q35gCTFC7rc,0.15435,1
9_vHvL-ql5s,0.091421,1
FCRu7OsWR6o,0.171482,1
ZV_-8pFbzpk,0.171482,1
ZfkcAsYWyEo,0.076374,1
afG78IMBKco,0.393403,2
oHARmg8X7J0,0.297814,8
MANwantFz8k,0.190034,3
3-68a8HTGh0,0.0,0
w2ECr6PfNXw,0.416889,19
GCCLTWv23O4,0.119678,1
kIhbx3AbdTc,0.230387,2
jdmp6rqrFcw,0.296679,14
Sfa9PGw2qoQ,0.161632,2
J1sJkRmza0c,0.147101,1
riQ11ahuqn4,0.072668,9
y9XdGi6WNos,0.073362,9
tNxdc_JzAhw,0.08184,8
3l1tiMZLNh0,0.069606,7
9rHEsFNS9Bg,0.263941,9
fo8cH8F9qFY,0.172512,9
MBmE7dqAYLo,0.231035,1
TXkaFrwpsYg,0.410687,2
fhbNvBlsWnE,0.525602,3
XmksvkDpIn0,0.222963,2
ibv9QrWnXBA,0.109428,1
2MqP2GlMzlY,0.218498,1
-F7FQco4MzQ,0.25327,1
HfsppMNSDdA,0.284906,1
xcPHlkxHGs0,0.261592,1
AP8p-y8uz8U,0.340832,5
uQNEGplYpxA,0.498127,6
7dq2yqG1Xf4,0.262012,1
P8nQm2M0KAs,0.347154,10
a8PPAux_iaE,0.234677,1
tF3UtfYYdK8,0.364741,4
yyuXomRb8-o,0.174992,2
t-clSA9YdRo,0.238499,1
dOmSh9Aqfe8,0.053389,1
WT2odkXriQo,0.177043,3
0rVo0320gpg,0.164191,1
oZeXLhAQFJE,0.012477,1
OXW_Jvx6uyU,0.046265,1
Uz-pTj5gx8Y,0.052742,1
o8nRKLlopN4,0.172168,3
vP3ZlF_PAK8,0.385457,2
uvAHrMSu3M0,0.709252,2
oetDG5eFfeI,0.102529,1
2jIibVcPkG4,0.124524,1
i7IAtZF3bRg,0.112106,2
ElqvKUC4STM,0.143159,1
GvadD_LXRj8,0.112645,1
hHwrdEqagWg,0.156991,2
m2UMfmHgzuQ,0.123953,1
lKdt1RBQTzo,0.596301,3
yuMv64hJY90,0.017593,1
06wR16XkmUA,0.152387,2
w38Nm4UNWAY,0.056273,3
4lYTFI2r_OQ,0.087301,4
fevHxjM58JU,0.211687,10
Ii33LgZFkow,0.241641,10
z42gCf4zw1s,0.147946,4
g2MTKeWcLHc,0.022633,3
yZr-71XlBw4,0.062169,8
fz-goXmsuUI,0.092107,16
oQ3po-9r_ak,0.046495,2
nXCvNH93sWs,0.052456,5
n68mipf6UpU,0.201137,11
ovP5S-xXcLE,0.093078,4
b2Be5_bJNac,0.020079,3
6w4e_3ddaMg,0.041929,1
DOKqR9Y_hZY,0.014664,1
RVjZJIV3KDo,0.286404,2
iCTm-hBSYAc,0.327038,2
ik5ua3A-a0Y,0.237802,1
8rARdKalJ2U,0.200796,1
vSpfcSfVU28,0.413904,4
6fAy3TZa-QE,0.612372,1
Xjlt7WhLGbM,0.37366,2
BCFQsXOIXyc,0.646428,2
putXb8ReEDE,0.200081,1
aZEEkwG48xc,0.212875,2
185czUSRQOU,0.271657,13
DuwQpbDEU-o,0.222738,2
nQWjyMuoikI,0.316867,4
TLHzn2XyBbY,0.198602,5
Q5lXpikvpTw,0.204222,1
O2Arp_2lGAs,0.0,0
VVigIPnK1QM,0.0,0
OdiqA1AFK30,0.419813,3
b4cVqnc7_Wg,0.0,0
WkxE5gQ2SaU,0.0,0
FuODzyrV19U,0.0,0
okk3Y_0RryY,0.219511,2
tgKys7tRzcI,0.0,0
KVs-hy984hk,0.0,0
K3yTD3rG-5U,0.0,0
8XxgvwuACIA,0.0,0
WYcd0Y3WwUE,0.44313,3
IB9tbmVbFNI,0.0,0
GMst9Gm3i34,0.283633,6
YgzFfvn1x14,0.0,0
tP62gd1QuW4,0.344416,1
YsybXmzNvRs,0.284958,1
M3s1EQGHVE4,0.0,0
yCqKm48WkUw,0.329854,2
nlZ7sBdUpN4,0.118799,1
CJBD9vyD76g,0.0,0
rk4KZVLPSK8,0.541494,2
ufXD6my1r-A,0.267962,2
tIWe4oHgRk4,0.210186,13
OBhSGgQeHLE,0.0,0
iheRNKS3xCc,0.26876,2
_he9pWkR8zU,0.185307,2
JZZrNP1K8eg,0.262565,2
3SqoGQJ4pYs,0.204561,4
XSsLwnkKlbQ,0.101336,1
l_xaN1Wk0uw,0.071462,1
CJKyrI_EhTE,0.062242,1
M4ekNDrcXHo,0.282949,2
QN6fyifVQqo,0.165809,3
mxai7ZJLB7M,0.208073,1
CE7HjQh2Pt8,0.15342,7
iiQEoWVOvc4,0.0,0
SHh8M7KbQBo,0.180897,7
GC4LKUYfJz0,0.161551,2
ThgLo3-f6ZQ,0.338451,2
gN8gRKiqFaM,0.0,0
mNoPVzqzqog,0.327228,1
uLAjZeqClaQ,0.004464,1
ohmPFDraYwg,0.050846,1
x5rQXrvb3Vo,0.0,0
hjN08I1Gu7U,0.0,0
zh3Bjozbm-c,0.0,0
Qy6yXEYn0Bw,0.0,0
NWDwckPWERU,0.0,0
AgpOfCdA1p8,0.41835,3
9ecbeRgTjBo,0.022475,1
RuEfVJFOYwY,0.338809,11
q2eb0fZgHf8,0.183609,12
xgR5pT6OwDY,0.236368,19
dEXyZ_OnbN4,0.395179,19
IXl-HVUC2mU,0.173649,16
_TTj24cHipI,0.479693,30
8nN39WBDseY,0.657477,14
DhxsR_gy6GM,0.180753,10
NkGO3FKk_qo,0.412402,20
-JRGAdu3XRI,0.251092,17
5640Sd4tFsQ,0.264266,1
UkmwMVOevf8,0.248691,8
36xuWDElIDE,0.0,0
Q8cv2zIIWwM,0.0,0
k71PdxKDRYM,0.144242,1
dUgyQgSrsRc,0.129492,8
gXycttTv6ww,0.137105,12
ndlWr49bNJs,0.046908,5
EK-QAJWFlDI,0.021121,1
Ge3dkhP1HMo,0.274836,1
73NUbqJzgfk,0.466763,5
wBGOm_je3rs,0.273768,2
BVhHSK1JnpU,0.29936,3
b2eJb9Y4Qrs,0.166911,2
DYVmi98rtZo,0.187294,1
tEX8LNVyLbE,0.159159,1
7L3HOvTrMws,0.389638,3
RoDk7Rvp7Ho,0.425332,2
WkEh6rajScc,0.203498,2
qU1Z_lIpBjU,0.211833,1
l0kkMyzKRY8,0.112859,2
DBIzITq4J0w,0.265527,2
aHmIxML5kqg,0.308958,3
OP8363syWrU,0.258939,4
W06swVy9wmE,0.331083,2
Wgd7FWdHdKM,0.451197,5
lP2_dg6PlQM,0.194872,1
IJwk3EUXC-4,0.183521,1
TcFXAhO92ow,0.07066,1
JSK37w5KSBg,0.198477,5
9sIivp6T3yQ,0.11978,2
9r3RK-p9dKc,0.108027,2
_1ukpbriNXU,0.081173,1
jX3nC_55YDc,0.152661,4
FB9loBgegfw,0.0,0
6Sf3fL3sBDs,0.0,0
3FqgPQyd3S0,0.119421,1
RyvNnlLy6QU,0.207112,2
R-SVNyuXfmQ,0.238358,1
klC9nZ2yNzw,0.209553,1
oN0ONy2UVKs,0.611855,2
pF3utlaS8vg,0.238349,7
GnvPfWPJ3E4,0.378216,2
WJ1mrinrewI,0.466424,14
Ul2w00Tub_c,0.0,0
102dUdCZVnU,0.30071,1
-cAl0YePiAM,0.118375,2
zW8wEWWVfR8,0.288943,3
MbkuXy8MRAM,0.05084,1
MZBDhXf9BQc,0.234252,5
BQ-UASsVJIo,0.233409,5
uep5bh0PEOY,0.189567,1
Txv9dOZ3McY,0.19552,1
rB8YU5E1SLc,0.220132,5
AVoS0wbiBNc,0.13282,1
fhlBkNFgKvE,0.404886,3
1-SP7fCLFZo,0.240311,12
pw801F4WsLE,0.532042,2
T2Nkf-jC6So,0.245194,1
ncPBXM9ZGjA,0.301141,1
gJ8c5R7dQ2g,0.341277,1
Sj7bauanWWk,0.414085,1
WsAq--ylQwQ,0.368983,1
U8JYeieCGJw,0.250627,1
ZnCkJJo6bdA,0.33208,1
TRs3megbgnw,0.374685,1
UxqzZPeIzCc,0.342536,1
8PhPvSIYao4,0.415927,1
FcT_HkCDL_4,0.358364,1
HqKD0_4aNdw,0.281454,14
FRJt7YkPE9I,0.0,0
CLUILvSgdsM,0.0,0
9zEm_pH1e7o,0.0,0
3ciXVtKwb50,0.0,0
VvsPirBs1x4,0.0,0
fdbhfGmKXOc,0.0,0
JA7MvDB6gG0,0.320405,4
3n1wbwaWNDc,0.119525,2
lUWGbSDbwhs,0.202641,2
ThMF_Va3Psg,0.208418,2
D2MQ1jlTxKM,0.41276,3
VtgbKcvAojM,0.380787,2
OOFnf096gw4,0.272567,3
ADpZ2_pvygo,0.282045,2
BmEyWuEczWA,0.268132,3
RjAlyYBZyqQ,0.220278,2
9R5ixrTQN6o,0.344239,2
wsPNPf7aIM8,0.425468,2
v5jTzokEL-0,0.33612,1
D1d5SeKbHEU,0.510663,2
wKkDUF3rGnE,0.05622,1
Q-QmOPeS2so,0.473048,2
ukbHSTKYqow,0.0,0
LdJbFXD_nLo,0.0,0
GAWgjMojhxo,0.075328,11
5ra7Ja8PF7I,0.027941,1
gLjQsIx1YgY,0.169772,2
fDd7RrgwGDg,0.0,0
XG81E36zAuQ,0.0,0
clXggcV8mL0,0.594536,6
FBKItK3k_bs,0.0,0
P1Lm6BnHJ6I,0.276388,2
NhFnVvpuLBU,0.184553,1
d_dtCrGyFQA,0.260357,1
FMUUMEaxsTI,0.770867,2
SGhub1GWsvU,0.474259,2
PZI6HBmY1hg,0.166072,1
pYErZ2GuY5c,0.408984,3
-YT7uWmB36g,0.362325,2
YG4KYA9AGwg,0.355987,2
6K_27C0i9LI,0.360122,2
lrsaEQ8CjPg,0.319861,2
lujR1lgTwNA,0.0,0
ZZDIShJrTgU,0.189201,1
aNv6JJlwuVQ,0.0,0
3iOknoRLOH8,0.084358,1
yVc8a0QGThs,0.027486,4
BOe7OEvpADY,0.0,0
zKpwRrRcWiw,0.0,0
kD04asanBgk,0.0,0
Q1j_I69bTFY,0.0,0
Of6xbWGPxZU,0.0,0
5Dq3wHVR68E,0.0,0
8enFlLTNNXI,0.0,0
9OMq5XCD9aQ,0.0,0
BwT-ndO-C5A,0.0,0
IIY23Cl8oIQ,0.183495,2
Y3aQ3uLWBBE,0.403328,18
9Q_QC8kteGs,0.227448,4
eUYY-O9PyRQ,0.123762,1
8uG5OEm7X38,0.281354,2
sKJT8i50oM8,0.220532,5
Uoqb0I88fOE,0.154271,1
UX2nVXNvj-4,0.129811,4
eeip3j1wVPc,0.109358,22
RmKsP6YRehk,0.246201,4
-YcEuFnr01k,0.424359,2
Rm5UvkMkfLg,0.288709,3
o7Gf6Q9Hue0,0.326838,17
kJXLtoja3Aw,0.116599,1
XAs6D9gc7QE,0.638595,4
5dnBtlz7QmQ,0.29174,7
xZTvcY3hr0A,0.664201,5
rrm7GN_Y8V8,0.510595,3
v78jRK3FYC8,0.325047,2
XncAjD6SRa8,0.442204,2
1_pos1lUl9I,0.58596,5
pjvYm7nWxBA,0.320483,2
mc2E9c4Sc-0,0.37182,10
qbU7EQE1bTI,0.270866,4
F8aT9M6OdA4,0.284687,3
TtGcttKYaSs,0.426048,1
EeH90Ma0Y34,0.160711,6
WIu6fQF_hFw,0.607363,11
8FHIl6SJDoE,0.467826,6
j6bdXJkHunw,0.756315,2
9D5dxwhIa_o,0.366855,2
-5xu7Wmxejg,0.557886,5
2jdoVWoXX20,0.350814,15
yKtUKqtuYqk,0.0,0
K0elb13iDfA,0.0,0
k7oynoteI4o,0.054213,1
kbhnf1knVro,0.0,0
W_35AQXGzlM,0.183457,1
BUYZW2yc5Jw,0.313671,1
-RPWSw27VDU,0.0,0
jw9mcBSY1Zg,0.205562,2
VSKbjDZhwOU,0.466617,2
26Xt4aoEXsM,0.210202,4
2o-Wnx58OD8,0.034298,1
u9TiyfyUBrY,0.41541,4
UuDcTRMSAjk,0.199109,2
_OJTMQ5avbI,0.101806,1
5JSVEidHVlU,0.59397,2
jTxvWnPLE4Q,0.335272,3
meReG59PLeY,0.516185,5
lB-2r0SuDMc,0.24228,3
Tl3VGX5PudA,0.218576,3
5MjAzDaxHIY,0.145135,1
3tHkVlbSuzU,0.415298,17
IFqUswVkong,0.04515,1
KWEhmQu4tmw,0.140939,2
SAlSA8lo8PQ,0.441904,5
oIS-tM9Sh_8,0.441904,5
aodS3dcEYjs,0.331344,5
ARDqOjHH1YY,0.524941,12
8WIrObMLqj8,0.0,0
MWq8ZurRKIA,0.185376,6
mM4G-YODbag,0.365567,3
yciNrLtd5XQ,0.049533,1
o4g-wXn6S0U,0.810068,2
KeEuED3AfGg,0.7899,2
EaSgTQL-tSk,0.847286,5
6OLkYOvkRgw,0.310042,3
oRHMQT02xsU,0.252461,4
OjDgx3T6TQg,0.907873,5
chEnDWgYnYw,0.229874,5
PCR-1IEhCLM,0.899441,1
q-kOxZ9NO_A,0.448161,1
Wr0vKXvNaVE,0.423636,1
QdQFVh75Cy8,0.360308,3
VnBjZIOIdIc,0.482174,3
gUD88Sk-n6c,0.128843,2
RpGqPtvVFn4,0.279174,2
mWd4EKPcfkM,0.286538,2
PF6PaEHPZhk,0.10431,1
b408cXUEXB4,0.311554,4
xB6-EXgYYlo,0.312048,5
QgeKUjXrWg4,0.288655,3
S86zsN4PDD4,0.291088,2
6fpVtpcIE6Y,0.0,0
dTJXJXjFLgU,0.441829,24
F_6yl6V8sKc,0.0,0
JFdIsUbQFwg,0.365118,3
d3-ZFovytBc,0.236236,2
APFuzbAX3-Y,0.396021,6
YBHyguCyPeQ,0.541396,2
R0u25wB-ODI,0.39412,3
cnd8uo836J0,0.403784,14
sYDlCx2qDF4,0.355891,7
sPbaJegYOpE,0.345558,13
nknuY1OnlHY,0.522306,2
HIaZ4mk5Lrs,0.319524,1
f_plYc3M5FA,0.263369,1
aAJTu4nf9YM,0.213634,2
6l0UynTTqKw,0.363311,1
IDo8Sr_a7yE,0.0,0
1ryxA43R3Bg,0.295174,1
rYpG-whmE1U,0.336239,1
xK5DttBv1XE,0.331075,1
qDjWjse9V4Y,0.478436,3
XFrzXWVWNWk,0.233086,2
TavdGHco-A4,0.494259,4
D4QyPM0XZ64,0.332414,3
1TXhRy-gAXo,0.199983,5
rO3lE5Wresg,0.19999,5
wkn64UuWlGs,0.200027,5
NUBkOPqvue0,0.200493,5
mAli4S-VE_w,0.197593,3
RP37QBIRxwI,0.197593,3
GLVAJkxq1jk,0.197626,3
SX5IjqgO3uo,0.197552,3
KKio4ElQPlE,0.336976,2
p3C2wm7mntg,0.325062,1
1mQ1H_zvVDg,0.260799,3
9GDTreudxwo,0.116879,2
J4bO2Hr7QCI,0.068164,7
d9kjAbQyY4A,0.097274,2
CdjkSjwpCmQ,0.337544,1
HvNPykB4agc,0.277887,3
Nm3xMkU8lRk,0.126647,5
e1mIuciZatQ,0.277061,1
34marTKtlEg,0.341387,9
t-GU--2D7Zc,0.273292,7
dP5PjYSHZYM,0.273099,1
YsqvH0rrNoQ,0.231243,2
uLo3ZzRMJok,0.411373,6
BO6vKqDVoLs,0.100408,1
s3wTKU7Pxo4,0.15303,19
i8yOzI7EFzY,0.228037,2
I7o1VEIlBko,0.31121,1
ngKb9XXhyuQ,0.359421,2
inspT4fs6gM,0.308497,1
afkE3Yt_E1w,0.397388,9
B8YjhlLz6sI,0.11716,4
rvW0EEF5JLc,0.170559,4
gpandjiFjAo,0.273354,1
3uLJNqF0qMs,0.232722,9
zEDDsb9VA6E,0.121406,1
izN_n1oUAH8,0.390328,1
79dQooqR8JU,0.111817,1
xkKjYJZhIW4,0.111377,1
f9xGr1LWQ0Y,0.122731,2
SXUsiyafRWM,0.095584,1
tzZXlOWzDZw,0.390328,1
biXzjE8_TpQ,0.102326,1
lfCYXek-yGw,0.138027,1
oqVf9FNJ71E,0.448935,2
FKecGo-_vGk,0.006576,1
Va4B3FXxxMA,0.043836,1
qL2l-Xwusj0,0.043836,1
cWTf5AOESv0,0.0,0
lugbsnevAPg,0.231294,2
vvvz9UHBpLA,0.0,0
nCKo4cIpoX4,0.226992,2
1aaXuYHFFu0,0.385614,2
ZDR6LBKt14A,0.464936,5
_WGKdQ6Oz8E,0.220446,1
iuuSX5UVTXU,0.25764,1
ilpBBHNqAQs,0.248708,1
HIx26kXe1yo,0.244138,1
5XUV-P5IuWU,0.21325,4
DYnWSyu3GzA,0.424757,3
blxTOAg8ZJE,0.407988,5
YTywPuFmR8E,0.0,0
osuUcNuvDFQ,0.0,0
V09e5UzuLVU,0.362112,1
1Sf2epEiRaQ,0.0,0
fphmvmckMz4,0.004127,5
wJ9XYva5eis,0.005781,7
__2Z0PW2DHg,0.11661,1
u7NX8f6hes0,0.029935,12
K3Ctvt5jooQ,0.582487,3
hRTRagy-F5k,0.471366,22
rsE7RLw7BjE,0.356557,7
ddVqGpaTqPU,0.248206,2
gZb5pojCVpQ,0.270794,2
7cHC5_tisnw,0.487424,1
60HiZwOg68c,0.274288,4
fZOWTbh7zRE,0.268163,2
bRosf8fE1G8,0.515577,13
Na9rWpJEOV8,0.161221,4
IkT_fEAzHN4,0.0,0
ihvxXbS4n4c,0.203506,4
IXMlj9tcsRw,0.05565,1
A5JfFcgVUWQ,0.05565,1
DRxLZmdykJE,0.120383,3
XRYTjDAAOoI,0.066788,1
sP10kNsIyKI,0.388593,3
8Kg_Hbm4GKM,0.402406,7
oa-A9pje0qY,0.360314,4
mHfkXLotMeE,0.680814,3
HbXTtY6DyKg,0.0,0
z3Jb3gAlZl0,0.140079,1
GPK6ot6zR74,0.0,0
IfVuICxBwTM,0.0,0
5EvX8BW4JsQ,0.29704,1
1NOUGkRSy2U,0.292859,1
MzRP2T9F6ro,0.291508,1
6y9d0Fgeslk,0.287488,1
f5-Hr6nlOlA,0.293105,1
GnQYdMZzBX0,0.165983,1
_s81TbnJCIc,0.287711,1
qT-_rFOWpGQ,0.292804,1
K_EuR7Aeqak,0.29477,1
JlijNE2NQnM,0.29319,1
JA0ENljeeRk,0.452852,2
RWnRegSSHXM,0.452612,3
CJ-t9J_68E4,0.522495,2
vJk3H_gUO6U,0.536931,3
K73dBEteRTk,0.542974,3
k9GfAzrffUU,0.544513,2
or0zD4h9Gn0,0.495382,3
4yHtTnkGmlc,0.535771,3
cPZUEDVG7X8,0.51133,2
-XSbqdSqfQE,0.514183,2
x-YvkmrXY5w,0.335895,12
HaHGUXpQ8Ho,0.529792,2
Lml9h4K9tgo,0.416081,2
TZMY1Unesjw,0.436765,1
c9r-rzuITXs,0.0,0
VMQGXPsI8Iw,0.351694,1
c1eCQNvmQRM,0.484902,2
lBclmk7Hn_U,0.043793,1
JEesxLppBrE,0.333854,12
INQYJxQY8Ik,0.298124,8
fALn8Vi51wc,0.104078,6
CqCBMInABFE,0.0,0
YLD2a95lsRw,0.056343,1
sKX5V1ieGOc,0.056343,1
pwzxVaBXX1A,0.437911,22
CbKUrfK0cUM,0.0,0
eYJZJfXniEE,0.0,0
3M1sZMf0JJc,0.008,1
Y58yxrN4xoA,0.0,0
uBmoc_O9FAc,0.219005,2
wQiq6kGWGwE,0.453671,6
YfGWKssV4-o,0.153866,1
213Cg3ML20I,0.184215,2
wEw9nrqqqTY,0.34477,3
-dp2FDZxToY,0.0,0
LtMg3gJoGsY,0.451215,13
A0BX6zb5TfE,0.5604,11
IkqHMhQ_NXs,0.269589,1
_43dYG5f1uA,0.129099,1
nkPlh-E0uKU,0.207105,4
oM-dfzPzltI,0.207105,4
y6FuH-7COj4,0.026198,13
L-SMM59Cjw8,0.018397,11
eNhH__ZTtf8,0.0,0
bJlqLMPpYKM,0.0,0
aPMZ_DGuLp4,0.467051,15
WmHTdhfvb9A,0.0,0
NL7LWwO475I,0.0,0
BRCGydIMT64,0.048805,1
gVHpB8p9W20,0.125357,1
hVcZkFK8xG8,0.0,0
9ZJYdEPdGX4,0.366177,3
KvR77L_66Ns,0.375346,2
_trvcE69Ie8,0.616864,5
hKFLJkynSuM,0.45742,5
vgp_gtEBeTI,0.549413,18
-Un7gIKJAMk,0.328735,4
NCGXh1UEqAo,0.0,0
FISnk4JmZi8,0.100357,2
9lLeCLASp38,0.408916,2
02H43ZMGCXM,0.049644,4
zM9l6JTNWcY,0.010791,2
jo9yMRk9tig,0.025217,2
EqNdAorczCs,0.004226,2
vZhMKHfQ0bg,0.054579,8
ZqWVMYw3gYA,0.02878,2
nZmKdyZ0bbc,0.210561,1
QkOGzBgB2ds,0.222084,2
pnaZP7gI4EY,0.208917,1
KeO-2a49Geg,0.29006,1
dgce-iFtBDU,0.211561,6
2R3xgO488Go,0.161132,2
qZSgOpx3DNs,0.0,0
Ketk7O9wHtE,0.00397,2
LNoZuoNLZHg,0.266321,6
xDYozCsSUDs,0.247718,1
PE-mD79o754,0.324301,5
6J7mfQL7bxk,0.266047,1
b886Tdu2Ql8,0.730117,5
RPF9e4RwaCg,0.308916,3
0r8j7SXf8UQ,0.313408,2
CP0xLPOvomY,0.1379,1
JjlypwCIeeA,0.335556,2
qVnW6OPTx9Y,0.204261,1
k6aYz4ViYhU,0.232791,1
BSm0zI3qDTw,0.227011,1
UkNdAJx3CuA,0.466707,4
S87coonKtlo,0.265441,1
BCl2iYjUzEA,0.315706,2
XKr4OQkLviw,0.34965,1
EElviKDgi1Q,0.0,0
wldnGEuzfnM,0.0,0
1wbN-A4UE70,0.0,0
nVzG2HA29P8,0.0,0
l8L-j8_nGqE,0.006922,1
HrsR6vsp9s8,0.047785,1
6JMP4EEXOmk,0.180735,1
pU2ppHyDJxk,0.0,0
qbDBD_aMWEk,0.119771,1
xTgzuk93uA8,0.278837,2
MQQ6KO3YEv0,0.203314,1
UO0R0rZ4ZpU,0.666309,8
c2YAfYjZ-nk,0.629861,5
6R4_X3MtB_M,0.455999,3
2ofAbBnW5u8,0.496988,5
8TeRF7PV0Oo,0.598873,5
sUfHYIXg1UQ,0.604742,6
dYLuLgqagC8,0.287186,1
C_Ear_1dVOQ,0.733312,5
BGvCqnHIfmg,0.377584,1
2lTuTmiEZxk,0.745447,3
I_e2IGGUZ78,0.036132,1
epTLhd_qo6U,0.220318,1
41vv4FpQvgs,0.0,0
71kSMyT1I9k,0.0,0
lefxqTaymeU,0.202841,1
FWrkbF_ExWA,0.30878,3
ckIVpOlr2qg,0.181993,1
qcNNj3LsRg0,0.191518,1
1FlX5wnJ4ms,0.190498,1
7R_nBxzaTp0,0.190587,1
XWhiRKgtJeM,0.388687,2
tg4Fs7mlSkY,0.190879,1
mZihfxoMg5o,0.38921,1
5iaSaEiyZyQ,0.361519,1
uR4WJNHIvdg,0.354262,1
KNvAgvaRBh0,0.604645,3
EhYYpA0xmN4,0.413729,1
SRRuOtkOOpE,0.555329,1
HK99oLevNoo,0.357476,1
leG9AZkla2A,0.723544,2
I7SUxMvj7NY,0.441565,1
186tbIK5qMg,0.371621,1
HeEx73jzPHk,0.216796,1
AKWrhGEz4HY,0.233498,1
WhIQC_IPq_E,0.735187,1
7NHNiXlwGgc,0.268637,1
4hu-qggZCTw,0.341144,2
tWfDAfK_A0Y,0.317679,1
vc081knoMiI,0.681515,1
D1rGgl-vJq4,0.296035,1
aSKyVuPsim4,0.773134,3
3umyarQbxyw,0.264306,1
geRIOzRjbo0,0.264919,1
_Bwf9FaDELA,0.257967,1
ZHov9HBmQQU,0.087294,7
bnY-psWDvq0,0.087294,7
S9wVABHaFdY,0.609282,7
EmWyy5j76TY,0.628905,7
745hXV0lOBk,0.15404,4
mT2yC1GRE3I,0.182334,3
VKjRlWsFQbc,0.289906,2
OrHVsDUTGyU,0.128546,2
J_raY-S0rg4,0.492126,2
DuPtkvutvWE,0.505816,2
b6-QhgiB0L8,0.41175,5
hMe-Lbfpd_I,0.243253,2
4Is79qRBA9M,0.187563,3
jr1xewq7w40,0.216319,1
C4MncIQJCRk,0.19837,1
5tbp0EC_V6c,0.189759,1
WZBJSHJv65A,0.097866,1
8XLqkgyL_cM,0.215617,1
8iw6nZW1uAg,0.193099,1
8LWjUSCpY5U,0.551929,3
52jYzHRw6lE,0.546672,4
UCLssDXohQo,0.200293,18
QGUgO0simfo,0.135214,1
xZZRJygPdmY,0.382645,2
TQfD9VRxFGI,0.0,0
0kUMgbdgFQQ,0.12654,1
ll3eg4x8IYw,0.327206,2
w1SUAU8tdME,0.154128,2
kJEneRIRgP0,0.300078,4
9Fc9V0qyvEY,0.309175,3
R06Wn2Ras2E,0.238368,4
k70IXokUPs0,0.386553,9
8iA88TtO4MI,0.30961,5
zUdS86dZZGQ,0.360139,3
iV37PuDOiU4,0.334391,3
GX0V7PWcUu8,0.252216,2
BDd-6tYnErs,0.024158,2
gQf2A1K8vuY,0.115305,3
dXAEOYsJoAs,0.297102,3
6KUcMfnJu_E,0.076441,1
vR_DB-SrmOw,0.282814,3
rLa2gKfS1-c,0.3648,9
TtyE9ItT6yY,0.284893,3
-isidxTRCFY,0.180872,3
myjTFY7G7as,0.358401,5
wX_-edODBP4,0.262246,4
FPSSOEjww6g,0.042502,1
SAn8gDLapMI,0.191073,10
_gbH95lfKTE,0.169572,4
rCxFpykJlMk,0.201246,10
w0QhpbJgeco,0.208575,15
j1BOMF3G5OA,0.221549,14
ojj1Dhc5rI0,0.208512,6
WHJn0nAEJQI,0.133662,4
4W635ibxaFs,0.193325,9
kuy96DBlTxk,0.184686,10
N6VfX58JEdo,0.129615,5
8zC32AJkKGY,0.066125,1
f8wx8Lk-T-U,0.185443,1
rFxUbHfpEHM,0.377715,3
FZvLdSQrlgg,0.504118,7
MEO-8-70lMI,0.409166,4
zE5zrtCuxYI,0.452553,3
iiXreAqeQQo,0.004205,1
N4nHcezWI5Y,0.334125,2
w04HFoOdRvg,0.282928,14
5mF7PKNw4Ns,0.213926,2
jDoMKKjhFgk,0.264808,2
X-ft-uBGex0,0.2332,5
i6xONEzuRjE,0.531566,2
Mh1HxOm1xsM,0.244321,1
dAXMXGMsCMI,0.2182,2
U1MMGkibi7I,0.0,0
4lZXBRNPe5w,0.116811,1
-hqjrmSxy14,0.09242,1
K8HDFkoBkSE,0.410671,3
NHEE_LAZZEU,0.271557,1
VxuECx0FEwQ,0.222556,3
pwGIJ4DILgA,0.0,0
69EBRdTtArA,0.07565,1
raHRz6rReXs,0.0,0
npHfOR0YJ4s,0.0,0
zpFHozWV5oU,0.0,0
cc4cAy99dEQ,0.0,0
PYuIwhS6As8,0.0,0
rK88GPcaFNw,0.045549,3
RFyjZJvBjJM,0.0,0
hzMRfbyxhxQ,0.0,0
_rHcfqUKc-c,0.0,0
1tP8PnaGLMM,0.0,0
KZIXzSSmloY,0.0,0
hiOfoHII1o8,0.431517,2
J7RTN9JS4B0,0.0,0
ZhjVeiu4nRQ,0.0,0
LMPX377SqBI,0.0,0
CKIxT6zowQM,0.0,0
Evsl7NyIx9A,0.00463,1
IGlZOuxRh44,0.0,0
y4-4EC7ENbU,0.0,0
2i4Sd5123RE,0.0,0
YZSkrG3FpJ4,0.54994,10
yo4lQ4xrnYI,0.0,0
73iRIceKwOc,0.228381,4
pB2a7nJpOxY,0.130385,12
lrMaqjn7yKA,0.387814,4
r9ej2PN5Azc,0.335602,4
1tYtLtSvqYQ,0.376383,7
lQrG9fVnae0,0.164669,3
JhlD99ZimP8,0.639933,3
YN0a3QC99ek,0.19066,8
nIr7q5oRJPk,0.244186,2
L2Br3WXkHTM,0.175828,6
3AppstLkF-A,0.072482,1
db-HjoH89vI,0.208872,1
06zNz5WcXCc,0.395375,2
kbryqNSC0_A,0.229463,1
aaz2htdSQZM,0.178479,1
anN9blCYyW4,0.0,0
YtVISnT7EXY,0.888045,1
U4uIyt4t3sg,0.715152,4
NpFqjI1Hvus,0.337687,1
zUqFnLLwVfg,0.154743,2
pr8zZ_8YO9U,0.38881,9
4Ic-prSFHq4,0.419944,11
JQlJ13I3GyM,0.345085,6
sGVl7llSWio,0.235383,9
w6QMctwijRo,0.362423,5
ZS1fgs9e4G8,0.316561,10
NwxQS4jhyIo,0.603638,6
KhAcvocw3dA,0.466406,5
7UE2yqXmq7I,0.358379,4
pj3HrJCyh4o,0.452184,3
EmA7edGYWew,0.349631,3
kR8jChG1WUs,0.175195,1
4FJt8c5ZCnI,0.415602,2
GudDmPRf1ss,0.571865,4
-VGHFvR4qkE,0.251177,2
KF3twVZEgWU,0.339043,2
HlpgqVRcm_I,0.288167,4
tjXUPNE9Svk,0.34596,3
T_QfoFNimto,0.430647,2
8mYav6ABvoI,0.269801,3
6wVzpH_AU5A,0.20574,3
QgyfQof0isU,0.039814,1
g7XdGu16rdQ,0.0,0
consNr0FwJs,0.301366,2
MUtSA_J155Y,0.364546,1
viOspNvfIao,0.499425,3
0p6mA45xX34,0.12551,3
O4AYx5OiqQU,0.064779,3
GVT0pZGaNG8,0.0,0
f8RbRMv8oa8,0.127607,2
WO9E8XxZcPo,0.05387,1
8gzSxXepayM,0.013832,2
qEXjzf7bNOE,0.0,0
fm67X3nb4_4,0.079186,2
7nI8nbPONr8,0.088996,8
sMevdXoRdUY,0.055573,4
VTipurCm-6c,0.0,0
2oz8IpZzjOA,0.167804,4
b5mYp4zddbY,0.264963,1
6XI3TqW4PFE,0.400521,5
ys6kq8uqyyA,0.173936,3
_F70sqEiO1Q,0.138083,1
yCZ-7XXtx2Y,0.27373,4
LDjLrJiUssQ,0.152831,3
LuxtckA2xoQ,0.412075,3
sHlGVrhyCUY,0.423057,5
DpDnlHdYZR4,0.067717,1
D548Trv0ip4,0.211999,3
1j38YuP7d-U,0.111098,4
aTlC2J7QMyE,0.140707,2
WtDiDKwFM1Q,0.12371,3
A1iVNksP65c,0.113326,1
1XOWJSdUm0k,0.167717,4
NYv_Bg0rJ00,0.0,0
xGPIdIEOPoU,0.575483,4
1vOSNSttc8k,0.059658,6
jpB9qV7rhoM,0.395033,2
vVNlKHiKYMY,0.0,0
Ku_n8wEqaDg,0.31902,1
7mrYQ3HxfAY,0.03807,1
tQwDx3-w04k,0.095933,1
yg6gKNVjdgM,0.032356,1
eSuULK4Z47k,0.151412,2
xq5TrBjsEmE,0.0,0
2XPVf9F8tzA,0.558117,4
3KoBPiR0_NE,0.050295,1
m1OcI9v6DbM,0.0,0
W1Ll8bZd22c,0.0,0
g520hvvAFcc,0.603413,5
0C3t7_lBWSM,0.462546,10
B7amFHXe0kw,0.464554,1
F-G9ukxlItM,0.305091,7
UjR89NKB62U,0.537137,12
_u7tlFOxi2s,0.419363,4
ghFTFvdToSo,0.243875,3
2YEAHSm3jXg,0.312602,1
nIZo-zdPb_s,0.150582,1
7du0HBouBGg,0.085984,3
3vETnDHMah8,0.0,0
8tl5iHjUfDU,0.0,0
6vIkHRRrkjc,0.323269,2
sGps0-6cIWM,0.329691,2
HmGbFS4u2_U,0.433373,2
2QitDNfF3hU,0.095115,1
AahlWu3J_s0,0.530852,4
r87tQfPTgrQ,0.49042,7
8q462nVhPtQ,0.419941,10
YxPF9lL9sMw,0.566233,7
9yZHvjN_FL8,0.605471,3
F44qqfItiqY,0.509996,7
R4n-Ys47Wm0,0.095246,4
z44b1IskBMM,0.193466,1
vEZZS1GSM94,0.0,0
r6CFOS_d7nI,0.100902,2
fPwxu8vBkRE,0.025689,1
J3Mj5_ofpqg,0.365417,2
iTC1kOhtyh4,0.244488,9
AA67R2FrCms,0.034795,4
h49-kEXTMU0,0.240451,7
g0iGJ_PPVbs,0.204006,5
__suUE1C0pc,0.189559,3
mT9A1LAVhNo,0.394875,2
MaiZKN-ul9o,0.63278,4
0FMmx882Pls,0.392768,4
IFIkNLoKG0A,0.284256,2
bT8HW8kQ8bY,0.57096,2
3BU8axDdCEw,0.316911,1
q1viT5RD-U4,0.28939,1
59GYNdmbWT8,0.462231,2
bP5gY3OcHeQ,0.268826,1
aJcNq-DBqKQ,0.218759,2
SgjIl7DIpNc,0.118878,1
OFCGY_5nP5k,0.256393,1
pdnhCs_H6Vs,0.25435,2
0ozSDaC5LIY,0.25037,3
oLS0kEpRN6E,0.321535,2
bw2nvG68rEk,0.246853,1
dJg6PoafE9M,0.450216,1
Gb0mn7FD658,0.258647,4
Clv54G1_R2g,0.209005,1
RXtf_8YyRv0,0.238258,1
LDkTdemTDo4,0.0,0
eqFCe6fP0ig,0.293429,2
JR8oqRpqNOs,0.305016,1
kpk85RBsFAo,0.300793,1
hU-w-hmSExE,0.244182,1
zEzUFhRxI3c,0.293161,1
rO74e9FSJjc,0.254747,1
tIJZjXGi4QU,0.297483,1
u-BoulcO0ME,0.243395,4
XQ9QsdaxLvo,0.113351,4
3t-LaJyuvu4,0.311163,2
YnCtF7H9akg,0.37071,7
bw3AkP5Sjws,0.295829,10
_BmA_FIZm_4,0.315868,19
hI5h4Iy37y8,0.290493,3
pQimdzW8pME,0.307759,8
9D__FKBdiQk,0.407048,10
SfSu63ISOTc,0.24917,1
jQSZTDRt_DE,0.281356,3
8aS1oGyQGoA,0.28785,1
RzC_yhXj6iQ,0.3841,12
W68lfN1aPro,0.451941,9
n97umJ3bRSw,0.0,0
OPdWxTsTRXk,0.101713,1
ayrC9-FmjWA,0.0,0
jvX-44l73Z8,0.087629,1
Nqz_ISPutSU,0.127314,1
Q7q4-dRbw0U,0.100494,1
Z6yeWC6VYeM,0.0,0
cVadq2lFNRk,0.12152,1
34SBC71zVhI,0.10402,1
fOri-iK-XpE,0.558652,3
UenQOME-cgM,0.499579,6
5RCWK2wFi7U,0.59119,4
zQJZya8x0cM,0.584282,8
lMQ0lJdR0YY,0.12386,2
_an-gZ9mdGc,0.290592,8
DZFOWoYDIDc,0.143947,1
_KAmVKUzTq0,0.169709,1
SsRtKrjkOfA,0.201006,1
oiFqklEpwgg,0.174595,2
MwHrAPA3xKE,0.286969,2
69GAebugzbk,0.093885,1
qVHaw2UMn5U,0.0,0
AKgFWSwc2II,0.0,0
IebHqTOTtHA,0.0,0
yR-XP5pt22k,0.0,0
h-tnD1HoX5I,0.0,0
XclxS_sP9HU,0.0,0
4QeXsr5S81I,0.0,0
9lGcBNL6Mrc,0.0,0
mH2iHYAjo2U,0.0,0
4UtCX_L--PE,0.0,0
NQkIP9Io_Vw,0.01755,1
JzfYVexwsWI,0.0,0
c7GreLZntJ0,0.0,0
sTVC9I3gT6E,0.0,0
z0xCOUgwkx0,0.0,0
l9R44NzPGQg,0.0,0
CSVamqWHFq4,0.0,0
3T6bOtCHy9U,0.0,0
ZxfxZJDG0IA,0.0,0
tY7QtEwZVAs,0.0,0
-_HkGNRW-Gw,0.0,0
ODeBMfGGL-U,0.0,0
ezJakqlU-sE,0.315383,15
F7JpSGHUZ_I,0.0,0
YP8yd-If27E,0.420985,2
n0R273oVnMo,0.0,0
udZSTgnaIRI,0.0,0
dMAFs63CwmY,0.0,0
eVSeHecZ-bU,0.0,0
ECz4fADjkAA,0.696119,5
t4KHpcZxhp0,0.34819,5
nTOZndnzr0I,0.240777,2
9BotRZP0QhQ,0.151678,10
RjSlhDYwGrY,0.155775,1
qv_j_OWSHpU,0.236175,2
GO7CU1i4jd8,0.130803,1
FGtqrfSowTM,0.38305,3
S5f5TtDThyU,0.54605,2
H0MTDCuPVTg,0.328236,1
_PYnU32L1KE,0.508542,14
sN6lOpr1XNA,0.319834,4
YU7D6euGSpw,0.523379,10
thx2rhcmckQ,0.337861,1
cFdIBC-Rfu8,0.391721,9
jypQDW88xVk,0.394285,29
MwFZKbvKtCU,0.0,0
DUUl-NwuK-A,0.152117,1
RFM1PgM1o-Q,0.0,0
ab6kV1h14Ic,0.0,0
6_H3X1QGlsc,0.0,0
QPED-Qjp7GA,0.0,0
6Agck04XlhA,0.0,0
BPPMk3-9zVU,0.0,0
00RlPb_5oTs,0.0,0
SkkOqb-uqCI,0.093711,1
J1IwQQlylE8,0.09965,2
cWzZRxwf6B4,0.565528,2
fG4dz6odC2Q,0.054474,1
noVyP83d-x8,0.0,0
42Uwd90R7ks,0.032222,3
Wq5U6VN9rlA,0.404695,2
xeuIP9ykYIU,0.191002,1
7wdL2yFBBXY,0.488635,6
Ez4mYEdJVmo,0.319797,3
RzWCk4og2C4,0.201025,3
9NC9yKvCAMk,0.495799,3
bprFrvY7HIE,0.143931,2
wPcKo8waKlM,0.265965,2
QvB2nrqX6ek,0.149532,1
5ealJJXPMlQ,0.281033,2
Bmq6OW0ouME,0.0,0
awAy6b-38Rc,0.0,0
k3z0HYOnyoo,0.0,0
gVllWMgkhNc,0.274028,2
_jdUD_ec7WY,0.160376,2
2oxDjoWqTtU,0.236626,3
8eLHWuYmiC8,0.118594,1
7zAV0TUAb2g,0.184508,2
hXzmVFpjMA8,0.105538,1
k1YraoPCHyc,0.105475,1
QJmHGi1wDJA,0.229693,2
T_S4k37DS6U,0.431788,3
mjqsK4D_RzY,0.341383,4
Jg71YWjG0cM,0.143076,7
M2ZESDAjEbY,0.0,0
eibwD6Vsaro,0.137235,3
82DkHq3q2j0,0.396294,2
-0IUnQIkP-w,0.274304,1
UsQ2gMCVH9I,0.0,0
tZqYksYdugI,0.0,0
LS4X-2I83V0,0.0,0
xkthbeh2EgQ,0.0,0
FztMwD1owEY,0.006576,1
lbO7JrQ-IGk,0.0,0
f0VB1oUrt9o,0.003719,4
oaZpjRYyKsc,0.0,0
IcauDxxv8-c,0.0,0
PJwFFIeBV34,0.081664,4
HQHVf0TGdq0,0.407766,3
EnRe_ORbyLM,0.349422,8
ZY6Fj_2lXiM,0.340613,9
7y3s1Q1inZc,0.315729,6
ekvOwBJzE6Y,0.303659,4
qSR_enHLEvE,0.142999,1
RVYJ_XUTKPQ,0.295507,3
cI9zO4h75xw,0.213322,2
4_a2c07-Suo,0.175767,2
GDCvaXUtwxE,0.325914,3
Kuyv-MdZgE8,0.0,0
i5zPN4QxSBM,0.0,0
CmgaGExbYRg,0.0,0
DfFD-SySIUg,0.0,0
bOLdcF5pMYs,0.0,0
VXBiu0eXOFs,0.0,0
jj2R-M1a5Ds,0.0,0
FDasKmljgkY,0.0,0
IBrH2VfOOjM,0.360897,5
aAyvOilSNxY,0.205487,1
8Whvmenun-0,0.173659,1
jln3einoV3M,0.293449,2
XXvCfUlMsN4,0.256353,3
gZ21Yoav1Pg,0.160703,1
9ll4M9VKGJ0,0.250952,2
BngrR60B0OM,0.312623,3
M_Pa5PEimdM,0.337806,3
CWofi6_iJXE,0.122653,1
XLMqpcEyjeg,0.0,0
66n23ngabbg,0.258601,2
eDrxwWfSDq4,0.225,8
omRlkELeap8,0.156985,1
p8VC-WDZBpk,0.34355,3
w5QZ3gXvXdE,0.318566,2
u_evjzVVJAY,0.375896,2
a0BoyZJu14I,0.0,0
EzXx3MZM4tg,0.094957,1
Y5WYv-Sdcao,0.100294,4
PAp_qBM-M64,0.068205,5
5tOAMKZ__IE,0.35428,5
BoVdQh5wsa8,0.390761,5
4TGVWFtpgkw,0.122632,5
2Vy-QTaotjE,0.271497,1
cWuXkRUDFmQ,0.257833,5
ebDaRa9XAOo,0.0,0
o1-JJZ4mVtI,0.0,0
y5FmJ9d-Xy0,0.0,0
dIe501FkhrQ,0.0,0
XY4i2U9vYqQ,0.0,0
SDlOPvp_rls,0.408011,6
z6MDV_gNSQQ,0.155281,15
as4tzs5FJEU,0.234696,2
cwyPezcbDmQ,0.175734,2
Mx8oMo3eG70,0.450302,3
EGahju304RY,0.123701,1
ruav9MHn5GQ,0.192831,2
617tUiWWxK8,0.0,0
8VTAi7jZ2ms,0.198355,2
Bj3tybSblvQ,0.416389,2
qntZKUdTW-U,0.0,0
v1jya_7AsCc,0.0,0
3bcgdmL52cc,0.0,0
qpmxsaWlNog,0.0,0
0Ntww-Sw2Pk,0.0,0
DZhZRfwij2E,0.521255,5
dpOn8UDeJ1s,0.461919,4
-GsSGD6Mkro,0.678321,13
JPe31Pg9fTY,0.445556,3
P1Y-7YW4qX0,0.6575,8
R9VYiTXMZO4,0.534773,4
0gwbGPaeY9I,0.523095,8
BF1F9mVEXDM,0.606681,4
r7altNth62c,0.515516,11
WIAVH8Nipj4,0.719533,8
l2izO4vqfyM,0.272444,3
xwuga7k8JzY,0.3345,8
ar7ifqklrRs,0.46727,2
evtWjDXcUw4,0.547167,3
KYpV8MRSzN4,0.398253,2
_gF6alxCv5Q,0.179486,1
pmWw1XmaFN0,0.033153,1
SDcGVXHNOvA,0.0,0
nMe3ie2ua8Q,0.0,0
ISHBtQp0hFg,0.078825,14
0va2Itv0c44,0.0,0
2IwjADu2l5Y,0.037025,6
FQLVrfTYu08,0.201009,1
SSuqMsOQ2_w,0.293808,3
dvRZB522WDw,0.163472,1
5W57Iir3Kzg,0.519608,6
38vz28PmKOY,0.361969,4
oX4PFhWco9M,0.383244,5
JD7aHzsDhN0,0.392127,10
zKtKqCL1RfQ,0.577895,10
rR6qNhYb7qU,0.425952,7
aH0y9-txgdU,0.40628,14
RxhqIUWoE_o,0.0,0
3RiYSlzH5ZU,0.184098,1
Nj5y3HjWa3w,0.190077,1
Xksz2NLxk9Y,0.0,0
5cLrIskvcSk,0.241124,2
3r6AaseDchE,0.454633,3
PYbLyZUrscA,0.428571,5
2O6B3G9mdsg,0.164416,1
PEAgmwBUMqw,0.243961,1
-FxHjz-98ZM,0.316876,2
4GP2KEllAWg,0.167193,1
N4Ek7cHDTCo,0.162754,1
r_FQWgOn55c,0.181762,1
lfQ9xKbuJhM,0.243415,1
qZVAmlLK4Ic,0.511426,4
BAzrIhm3QQs,0.287734,1
05kKgmg2Umc,0.161533,4
BwwFipxdeY0,0.122938,1
sIak5e3Xk-g,0.154656,3
PJ4LkIBG3Ag,0.192982,3
Yba1vP9Jij0,0.494842,4
P-mkMDyEQ1E,0.083235,2
jkjJbUoIhaY,0.325564,2
jSLBLRMIOhw,0.330417,9
WQC0DH1TUgE,0.298296,8
RKGUCHkrf-A,0.28434,10
HYeQKuJBIQU,0.053446,1
Me5jGTLTGag,0.211924,5
090MPmkIId4,0.253185,7
BLgdvM3gLgc,0.191345,13
qaakUJ7nPhI,0.291037,2
kMmkuIlDaRw,0.1024,2
FLm3YwTP4XU,0.232605,1
MOTxP5wPavQ,0.558319,2
THIUM0enTA4,0.736878,12
dYzc1xvBFBs,0.658302,2
AzIBchmkG8Q,0.197413,2
piAsw11n7oo,0.332062,1
JEJlfwxgoLU,0.467482,4
6EixKFSqFZY,0.411344,2
gplJCDyON_A,0.352538,4
Aq_t5ch5FzY,0.65898,1
a6ndLyruS_k,0.365088,5
HgbUv-pD73c,0.53035,5
s88MD3fIWoY,0.215418,4
00cb7cJ2NiI,0.178312,1
YTMx9lE-Gw4,0.379535,4
oIy99vrdWO0,0.567716,20
_tZXHmNJVtU,0.378892,3
a0PqX20_QMc,0.230891,1
HHDLPj-hRTA,0.510116,1
FdXpCVarDC8,0.173993,1
Ho99T9qNF_s,0.438455,1
Z5XBePPk8Lo,0.59761,2
tYENCEBGRWk,0.481492,1
CHkmige74nE,0.207865,1
dfwxv-zDW8k,0.226811,1
8bUboNPFgh4,0.367001,1
Q81rPgJiEnQ,0.265643,1
Hj03fIk9hOY,0.169063,1
QRnGeC3puKY,0.003474,1
66vNQjGqvUA,0.547856,2
-9CKlTEAFss,0.492079,3
EhsRwqPjLJ4,0.779384,3
YtfCZCe7D9U,0.11553,2
6iPpS1Y_d6c,0.364753,8
LXnptMZZ-U0,0.011432,1
O4mSQo-9gB4,0.599979,3
nbQ75bmP4fc,0.56489,4
36BUac588Vo,0.26822,15
bF_wNPZsYNo,0.223853,13
KmKI87rhLCE,0.544683,7
EP1XWtKa84k,0.285129,1
Fwf7yLkrrlQ,0.001109,1
i1cYxXWDaaw,0.12014,2
jc1pLy7QfRQ,0.247809,2
iM56vOQA1c8,0.291412,3
OscWJooVI2w,0.338427,3
GKzAVRH8gYo,0.231863,5
fHfztsiOnWk,0.382775,9
HC-Tt3QGE_s,0.19482,3
xRcEOaX8ygE,0.415231,2
PKawUiUJO58,0.395013,2
A2DNg4sHFGw,0.329438,5
anZJmqbL5vQ,0.273529,2
U6ckWa-eHKw,0.467542,1
TqTSD42rx8U,0.289375,1
7epIbeBHo5s,0.23726,2
y_FgMpMPOgM,0.078422,1
-rUM_G_NW2o,0.277002,2
SR16MUQ4AIw,0.0,0
RwSJ3s2RzTM,0.0,0
54pxZ5vRDp8,0.0,0
d1v5YLST28c,0.0,0
2CXAnWLpb_o,0.0,0
gYgjHpxKm_U,0.188681,1
cbQcuKQVPts,0.0,0
uJxNQL07f44,0.327658,2
LICmAG9_VfQ,0.617722,5
TlJ630WApmA,0.272782,6
aWorlbF6cSM,0.223359,2
RB_Jly5bHGs,0.430412,2
5hoA2EWEvtI,0.48787,4
uEn2lEL7c8E,0.807994,3
7ZeWUpr1f80,0.538349,5
zrS7y1nCxAE,0.083595,1
pSn2k9wuanU,0.660713,7
iEYZjiSB1nQ,0.673893,9
F2IMQB3hDf8,0.499248,2
JZ-q4t9R3tw,0.226429,4
7_0gzHWrwGw,0.294635,1
IdLD4_QYY2A,0.37956,3
Qv9WfA9KklM,0.286921,1
6KgdjoIHUG4,0.016006,4
jveYwkEQF5w,0.209705,1
XX3HtN6al6s,0.117988,1
AjAIt16ieO4,0.388709,2
jvpJ5hh3HO4,0.169523,1
NcipadQ0cZo,0.161574,4
O3YlyPx1rIA,0.163253,3
MafxhJ8VPak,0.125269,1
nV_eDHJ4yMc,0.235243,2
Juwj1OjFscM,0.130671,1
UDOfgXPGKso,0.419989,1
gJ2136-_wic,0.300202,4
MwZ_hy5eJ7s,0.218343,2
MxG1vKd6cG4,0.339731,2
kvmKW0X086U,0.107237,1
JH4P8CGyg_A,0.394736,8
4lyld_SOJ_0,0.185798,4
0dTUcRMLwao,0.083594,1
BqBDC5Og1M8,0.218628,12
JoXl9gbarQg,0.015098,1
iBGBGBwwsZ0,0.121094,1
5a5w7mxsacc,0.336493,6
Bq0bg3g6siU,0.111383,1
5-lhBrDc5SI,0.440712,1
5Ujm_nCGsbw,0.318038,2
cY8KheUj4LI,0.211899,1
0wz8q0wQlJk,0.0,0
CP-vVmwSdE8,0.247374,3
iF6z9gTY1hU,0.213204,2
aZjGAjiZvrM,0.016969,1
5c_1lE0n1Ks,0.041098,2
9NKlMPoQTY8,0.020229,1
bR4A7wPqkAM,0.065867,8
7TjcJcybBzU,0.0,0
Cd-X3wOh8bU,0.149433,4
sp637N857V8,0.055051,3
NiiKGas6b2c,0.413318,1
a9LWiraGHdk,0.301143,1
Mk-Tz4-U4l4,0.194127,1
gJT6cuJHxSA,0.1118,1
n6a9cdp8TZQ,0.033102,11
7lX3gVWxu_M,0.284155,2
U1ZqlZq_Q7Q,0.381462,4
p4EHDns761c,0.041151,1
cGEoxWEtK40,0.027142,1
l_7J_a3cEgE,0.284472,1
bBGOqMX92dY,0.50512,3
yZY9B84Nagw,0.345383,2
SxeCxmtK76M,0.138277,2
rFW179yXck4,0.256568,2
bGHPyOMIk-o,0.167416,3
Lj9LYzLjk_o,0.452049,4
VVFtNduJ1Sk,0.204362,1
ZA9RZbfweWY,0.303229,5
9vFRBJfV3BA,0.33597,2
4bF1M-ePzlU,0.556905,5
t2s1mx4EPqc,0.710679,9
w5QtcJnxyac,0.40857,13
5dMhcaUjj5Y,0.441751,3
2v-6AG6p0VU,0.531235,3
bb4Skiq9WQY,0.471707,11
K1LquSr0YDU,0.571294,10
vt7GqXfz8Ak,0.370454,5
uUhzRWSrixw,0.4419,5
kdat9IZvW4g,0.560417,2
TTulDslORlQ,0.530363,8
s24406xRGjk,0.0,0
p1EWk793r28,0.0,0
DQWurKlb8x8,0.0,0
Z8s2-xDZJzs,0.0,0
i9tMNb1MkDk,0.0,0
mLiAy6nrD5g,0.0,0
-14ZXPmHMSs,0.0,0
JF7rdndC8oI,0.0,0
o190uXIivxI,0.0,0
IB0s_u2cvO4,0.0,0
K6qj5JfXcaM,0.441479,5
xnpCglhfGbk,0.319027,3
ML-FmsTztPc,0.441465,2
3Xi_jty0xNY,0.268036,1
OrCosXMb97U,0.481878,3
oh2FFAE7cPE,0.453289,5
6c1Ao8cII9g,0.402667,8
GlLnbD2KM3U,0.415852,2
RGgX2K8zM_s,0.385266,4
8_kiBfZ-x0w,0.580269,3
RY2rHLRVGKQ,0.222952,1
XCxF3kD1rhA,0.183179,2
24uHwQFLpjg,0.62355,7
lO3tA4Zp6Og,0.230722,2
A1KKWmssOAs,0.155683,3
ihZlpXQosuM,0.349583,1
4yCpNqoxEC0,0.095815,1
cGBC_ORFirs,0.176925,2
QFd08ZetynA,0.550934,2
hGeI7OTHZhM,0.0,0
iQgFOys1mxc,0.0,0
vXKcfzzk3nE,0.0,0
JzAQixVx_KE,0.0,0
xbRZp_YlNSY,0.0,0
JEaffD-KBu8,0.0,0
WFMV6lJfuIo,0.0,0
MYSE55eLQaY,0.0,0
oeZRkNS1aaQ,0.0,0
7ho7A2ii42M,0.0,0
RpKAwpkKCPc,0.277208,1
EUp5FSpmEdA,0.0,0
bMZfdW4RULc,0.0,0
p2QKmhpAAx4,0.727407,2
H_-yisGslK8,0.0,0
_2jf3Dx8UFY,0.570799,3
Qi2EzznuyNQ,0.0,0
QSXCV8aWO7A,0.425023,2
kFhotFYjZhY,0.425023,2
Qyxnv5OcPAw,0.0,0
dzjHQyTf2vg,0.446157,2
0ySm5eJKO_Y,0.0,0
gFTfOdpSsBg,0.000399,1
WGfXOOihAVI,0.0,0
7_2NiQaET2s,0.0,0
VSJMCqCjEVk,0.0,0
9pG8Rl9L16U,0.726583,4
HANwOA38bSg,0.333301,1
xH8l1vFQY58,0.371508,3
iXiE8MFropk,0.374128,10
F5ySuWMIecc,0.345289,4
26CltEvnHFU,0.205862,2
Z6MUEdj6IUM,0.335289,2
Iz1B569ZltI,0.335289,2
gstiRd5FoLw,0.168843,2
PiU7W-sEdXo,0.481435,4
IMiBak7nVzY,0.25535,1
GlzPAy3KmGs,0.231476,3
Ethbw-tV8zQ,0.391505,11
SQe3ll0JQOA,0.557258,5
Fq7X3Ovhth4,0.0,0
R6-6yyoNO9c,0.097429,2
kGTbxjVuPZE,0.203967,11
sXM2GBR4IlQ,0.198315,2
2yqyGq3FJbc,0.101151,1
lBdfhmGPjbE,0.208274,4
rhs-S3DR3i0,0.055294,1
w35gg6jS7-Q,0.0,0
Xwc9UVn9DFs,0.0,0
vbqgBcV4A80,0.270786,5
S42irLIrbCA,0.363231,3
jlPms4LeRGI,0.307997,3
wX7avMnXSvc,0.164137,2
iQxaOH6I8tc,0.338594,3
YCwvxYO-5dw,0.127089,2
NFp2HHu1gIY,0.18055,1
ZUcrkBLEB6E,0.42589,16
oEmGLnrsFgg,0.316547,3
dtrQ7lkVjW4,0.21439,1
mUdCMyN8wzc,0.614411,3
4SPTR8HXDNs,0.381147,6
D8E0QRTNFZc,0.311026,9
8uRrGlPK580,0.254151,6
StIPfo9KT4o,0.342631,7
8n_-dfYQ6dA,0.265239,10
ICrclnJelE4,0.398073,13
n-DKttyBRn8,0.364852,5
wgQjPE_rvPw,0.348764,10
cYFJeIpwgc4,0.285888,8
GBY7zlrItKQ,0.339659,8
hDcbjNiNH8M,0.435168,5
52mjeKTFew0,0.438111,4
9FtKi3GA6ZQ,0.311216,4
IrM6PpOJFag,0.435218,7
uXCHkSJQW-k,0.392514,6
rV3RNsjkha4,0.307651,4
dqdh87XS1H8,0.331686,3
n0c2Dt0-ejw,0.459333,7
ghjarhsyESg,0.426404,7
DxHqr4es0Ok,0.384117,2
xlB2S8NSU84,0.361806,2
fHhNkwySLBo,0.641453,2
xx3rQhVngxo,0.476075,3
pxtOaVnr6p0,0.423842,2
QeZTh0BwTYI,0.378818,2
gooIzLDvkCo,0.044485,1
Csz0JTjJ00Y,0.0,0
wPvOPyQKtBI,0.0,0
hMdjNpS5RQI,0.468404,2
pLs6BL_nIOI,0.4302,2
hWijACy0O3c,0.297298,3
m3Zh9WSFJX8,0.296025,4
gZbhMeTt4oY,0.086258,1
iBRw0kvxyUs,0.267005,8
HYq5jgCQHrU,0.239901,2
rFXuvPYIEXI,0.65969,5
1zHSqxgO-pw,0.583115,11
BEz-CTZA9lU,0.036584,1
UR6M-Qxa6Tg,0.036584,1
7Q930G6Biio,0.0,0
nI_X3voy-9U,0.175451,1
EH1_EzJ2_vE,0.17035,1
4zInCIJBBpE,0.346621,5
l3GkFvqE4Wc,0.287873,3
AMlrkPSXKOY,0.128049,1
ewRf0pfsS9s,0.350928,2
YVztVrNAEIY,0.344374,3
qQkN3qDhVdA,0.472704,2
4dkXmAE_Zy0,0.372669,2
Z3w-88CjaTo,0.314491,2
AnQLWsXzUZw,0.34159,3
i6GTiGWEkIs,0.117622,3
_N3YZ4-R9PU,0.157844,14
os0QXzDuMOE,0.359428,5
WgESRKw8Ges,0.373037,8
EoqAGCigQSM,0.092773,1
1vaPVKWyDUc,0.233225,2
GefPTAN0z7E,0.269921,3
1T2RQqm7YIY,0.137487,20
-IEiBtNrlLg,0.288566,15
iUDod5mQZsg,0.181756,7
khV0BajGQZQ,0.0,0
TTL45IeHRcQ,0.0,0
VfBUySl7RqQ,0.0,0
JZ-6yOOSlCg,0.0,0
CR4kD7TsGmc,0.0,0
lkrvYpRftNI,0.0,0
bi2Oytd0tWk,0.0,0
e6siS13__24,0.0,0
vh86fjjIAz0,0.0,0
0q_BOPHHprI,0.0,0
2C08xdE797g,0.0,0
g3vHLURwRfg,0.0,0
Vye--n6qGE0,0.0,0
tmvpEfzo18M,0.005411,1
9fmqHMfABbQ,0.0,0
qwQY4G03WBc,0.052099,4
OidBW_WnmBs,0.0,0
JrO_Sous_p8,0.023632,1
z9v5Y3BDHLo,0.0,0
_v-c-SHWZSg,0.027335,1
fqBULRQkLNc,0.058234,2
VIdz15yNjK8,0.263281,1
xok8RtwtRy0,0.102515,4
uRDsKWhxLOA,0.102383,4
9ro8Zvf0uTA,0.102579,4
vCrjDEGNTvA,0.263281,1
WndurVVncS8,0.263281,1
zaltUkbUKZw,0.263281,1
M92lfVBR-pY,0.248431,7
lkUcimaIwAY,0.178048,18
aoTnKt2ykKY,0.339602,6
q8njDWYDU84,0.0,0
Rem1kF3arYw,0.079348,1
YHfJQhXF78A,0.246924,7
3I-JZW9h-vc,0.200523,1
5-BWAIP3K-Y,0.240726,3
9i7XS2QEDxE,0.0,0
7--Hye06MwY,0.673657,3
OrCtf9YlCFc,0.350227,4
-Z7ehNI-teI,0.311622,3
ErAAGclwocg,0.374637,3
azTvmjer-_Y,0.39684,3
UaoBYcOTT4w,0.376946,3
vbWfgFFO3kA,0.364027,3
8JkMDSjOQ90,0.344316,3
huoDphXIEGI,0.275433,3
cyypp3hD4Rw,0.395596,4
waeNVSXPnNU,0.353209,4
pGtBgXb5Mh0,0.129706,1
lhvi7vD2CZo,0.308433,3
yfIqvFZQeHI,0.229375,1
v_hKsJEY9b0,0.60951,4
ABdV9ygbnsw,0.184837,1
tCPwrjzqk1A,0.261306,1
W48WA7V7bmo,0.219246,1
wEizJxpcLKo,0.249926,1
--M9ikK97OM,0.386487,2
KKpvUr8Mwjk,0.043379,2
5BEso8NHkpc,0.03805,2
5kA8daNcmC0,0.14759,1
vbSsyGv10ds,0.627691,16
kSMjrtVjuMI,0.69658,10
dmd_prk3-_g,0.260589,1
DyyxLwa5WCo,0.365149,11
CKNpz4e5f14,0.170977,2
wc9o8toP-lw,0.599704,2
rPtLcjEw1A8,0.671691,1
vvGF31RwPQ8,0.422447,2
q02G3QywI4w,0.68282,3
qh6IQ2j9YJs,0.570457,13
x20H2oU_n3A,0.326578,7
_36WWtEhGVI,0.031916,1
fnvOzYrHI18,0.086105,1
Fg5Hw4cvN7E,0.070686,1
p9y-cvyKSYs,0.0,0
40WSOWHdXs0,0.561441,6
ms5B5fCxXSw,0.421493,4
XeDeBOXrcDc,0.523101,4
QVa6rWKLlCE,0.448588,14
jFRMrq2Ak2M,0.534207,11
cnHoZeCM4l0,0.468355,2
P2BnXSSR5kA,0.420689,2
YIU2c869K6s,0.442924,10
8mkjq1PWMM0,0.383979,4
ivz33m0gONc,0.55736,20
oAjTn4LnvlI,0.0,0
jDDB8p334no,0.0,0
CSd75AopPm0,0.148953,3
Z9nvUenSJXs,0.318289,2
v27fxPnATlY,0.289957,4
LHIFbgaIE8c,0.0,0
HrqC20q82og,0.119965,4
dzuPESrNC5w,0.183722,2
OitfVbMNxcA,0.435905,1
8AQsBEHmtLM,0.0,0
05i1jMf3WRI,0.192291,1
PiBLUtVCvB4,0.129857,3
yFuh5vhY65A,0.192061,3
0VOxqlp3UNo,0.234537,1
vI3EJuEzGWA,0.330093,5
MohKlUTUCSA,0.325594,3
AgN7bO7v2PY,0.13197,1
2Z81ge_ehlA,0.606653,4
DlZlB4PBciY,0.490636,2
3kspk8yA-zU,0.160403,3
t0M5wIw1Zjo,0.423843,3
HXlqp338eM0,0.49371,5
PFMoG_Yj4g8,0.451343,2
-uyCMvTMuV8,0.542681,5
8OtR3OT8zeE,0.499784,3
KQ1EOkbn6MY,0.537577,1
8fulnVtodjg,0.437863,3
_uSZlmDsn3A,0.0,0
G_8tYxdhFdM,0.134122,1
sJpI-yuqJLU,0.262951,2
qYcNnK5m2Ow,0.17214,1
ExIURIzYBt4,0.014334,1
RgcqMCqts6c,0.348485,1
DWWWbzhLSg4,0.195999,1
nKNBO5_p3ww,0.129357,1
RHLCxb-lqHw,0.247242,2
xQWqFTpC14A,0.0,0
q6mV-1tmmTU,0.019631,1
DN2PcjIRarY,0.234136,2
YKex7jttDKI,0.206593,1
0N57cgk4TEY,0.188904,1
Wrv2LvQxVLA,0.277552,1
tALZEUKC7zA,0.137135,3
e665hcbtVVU,0.061314,1
xG0a9VD6_PI,0.064511,1
gmOYegSZa0Y,0.316548,3
GROeaC8X2S8,0.404605,3
Pr3KHWT3SXQ,0.31619,3
15LzmR-hdsQ,0.07638,2
47esgu9asAM,0.297619,4
f4LtVXBAc-E,0.237729,1
ID8Fh5CCoZg,0.358368,2
be1qVE1wAvk,0.248712,1
9HucTlTy75E,0.241875,1
gxl523_4Sq8,0.266689,1
nnUJeqJwq6E,0.34162,2
VVb_FQR9g5M,0.420296,1
ZLeB98_bnFA,0.257618,1
f2nssbm3d5k,0.303806,1
qR5fz1wsrDI,0.022077,4
sucjT1Q8i4Y,0.073146,2
5w6PJS2gjCQ,0.0,0
i1c3ROdJAyM,0.0,0
D6vOft2b-Hg,0.288627,2
A7JfO49Hids,0.282714,2
ZPYMfxTEkfE,0.068104,4
qaMy8X45mxs,0.0,0
pbXEASWMSdo,0.341277,6
ZnTmB3kngsc,0.190903,1
10w2Kp5VPXU,0.259417,1
aVJGMvwZYqw,0.020392,2
Sv8bD0M1b9w,0.150293,1
-SeDuAHyIbI,0.0,0
vO3L8eez6h0,0.0,0
N6esKKyGQPA,0.0,0
dIARihvx1kM,0.0,0
MgZ8766IZBw,0.0,0
1zZ0I7hOYbI,0.0,0
yosWkx99cxc,0.0,0
TQvh4Ab3eEo,0.0,0
fYnEmeA9Vc0,0.535508,6
lSmiqFQGjuw,0.675983,19
yGNalXZo7A4,0.748372,4
vILildG4FMQ,0.310646,1
awPDRt88w84,0.903148,6
3He421Lve2A,0.600689,1
KXOHdlFz-ak,0.753752,5
UaFerBsiesI,0.340102,3
o-lPH2Flx_M,0.565636,10
2WZt26-48IE,0.745968,2
XzadJqqSkW4,0.358664,12
xJZ7dD4qtl0,0.325521,4
RNTGbZEjpCg,0.117221,1
Hty2Bz5yMmE,0.512167,3
VyJob5YPXCM,0.205377,2
jykDlsZgEvE,0.204686,8
Vd6HSk36g-s,0.160995,4
RbhItyD3k5U,0.606657,10
16qWdcEGNVw,0.222883,3
nzRdp4LZxnc,0.210687,2
Zu-4021yYns,0.109416,1
acjZokgWOBA,0.685016,6
ju-zYxF0OFI,0.298607,4
7HNVkqGpEeA,0.145633,1
aLH51ZVOhCs,0.372839,2
ExysHvEuRtU,0.653291,5
KBFO8acbm1s,0.0,0
qFkTfRxwLs4,0.287121,5
2wIGdSB8XUo,0.19249,3
NBYIRee4F2c,0.238398,1
DD_0oa7AWqo,0.0,0
vAK2vCWVihw,0.0,0
M2uHSmNhowo,0.629877,3
rSzzKAfirJk,0.0,0
av9n1_ikYvg,0.507849,4
naPkf7W9Nd4,0.416775,8
JhYT1XzE1mU,0.576281,3
sQbbQw7YjT0,0.510553,4
rXhU6fM6Q3s,0.050694,1
5NokWO7muO0,0.254718,2
Q7wq38rcEEQ,0.082343,1
S_6mi9yC4_I,0.008812,1
tsaLqi-nWgk,0.144367,5
vVHlXAhfOeM,0.04326,6
sf9Y3GDBjZo,0.191056,4
RmDMPwVxuBA,0.097817,2
GH4PyohB_1g,0.199232,1
bTbqV0YU3m4,0.196279,3
sFTHtuc3oqY,0.482695,5
kl9yA8rbFQ0,0.511262,6
hLje7b09IZw,0.331178,3
rEPHqEoIosY,0.447809,4
UwD3Snkzlqc,0.433685,6
K8Sc532ehr8,0.357896,3
hmw-mdsIhLo,0.0,0
pqU7Op-6fQM,0.0,0
g9numTaPRko,0.314714,3
wfNgsw0V9y0,0.266809,4
_k8lgyCEKK8,0.533283,3
SjdUJfKJIm8,0.147684,4
bTjlLvUCk1c,0.244194,3
I4mtSvsLuMY,0.306393,3
BCmHM___bdE,0.16522,1
6heIjkSffTo,0.307311,2
0JY4Y1f8dQQ,0.056783,1
-kXMzh75Yok,0.325532,5
0PEnpSY1bU0,0.267916,1
XWSX4gDTvZk,0.229223,2
o4M09VTSh_I,0.0,0
_KI0J_GCq2A,0.201643,1
VW8fejh1uf8,0.148011,1
DFUGSj4wihU,0.676765,3
KeSyQ3pXeEE,0.276546,2
TMdbInxWaFw,0.217354,1
MEcRd9dmL0w,0.267947,1
B6aUODxS0ZU,0.704025,6
tXuRT3c92u8,0.284631,2
eQGfDG9nTp8,0.148749,2
aRd1o0SQqL0,0.366946,3
IwOEXe4VxMw,0.233043,2
iy9MhcjqpGc,0.463968,5
hxjskoMFqrQ,0.274924,2
ml998PKZ9Zw,0.277517,1
VhLBVvbR3Ps,0.227767,2
FOuM8WSlqp4,0.238794,1
rJHxjUAlQvQ,0.232619,1
KCTYhV_Ky8M,0.57199,2
OSWuuEcsBug,0.337732,3
04D6IMk1Ps4,0.256777,1
yhvRBtyF34A,0.169403,9
ft6thp1-Irs,0.236808,3
9wViMBL0VNM,0.128342,1
0E3goh8ze34,0.398557,7
5ba1m658oLk,0.428376,12
ctpYpc9P7Bc,0.436769,5
s8wq_gf3Lqc,0.460259,8
FJ-7xTZj5QY,0.498363,6
ZN-67G-YOeY,0.337472,6
RAxsYvmz9OE,0.28059,6
3Tj9LKWOAvo,0.76752,8
J4FYvrGHpmY,0.491168,14
hzmvFskJJcE,0.224227,3
FFNkuIb0EVw,0.223404,2
N-db_c8OhV0,0.047576,8
NZC3UgK0bAc,0.127581,1
aHvL9MA9VzE,0.298034,10
5e4Su1uA2eg,0.356061,2
6fOITv0Y4n4,0.0,0
oIE-lQAiz1I,0.256481,1
_6rF4OE4lgs,0.221672,1
QOnVP2s1jIM,0.360735,9
OEjKKY1X2-A,0.369189,3
peL6OkbMr_g,0.337956,18
M4gDwPjULWo,0.192354,1
rBfcc6VD_Ko,0.321523,2
qFC5ibSr_b4,0.0,0
MLHj0l1a5Hs,0.354768,5
V0JAe5UkyNg,0.353883,5
8gh2qgZbw-Q,0.352979,5
z0rmB0_uOec,0.353817,5
vS1MpCkjUg4,0.352626,5
uXyqNRIYay0,0.354029,5
oTGzDQ39bqE,0.348037,5
giAzdKYWUkg,0.354983,5
V57IPwkgAY4,0.0,0
Q7drigarWgw,0.33492,1
bo6ekSIhZBc,0.186631,2
YflWQoN4fmc,0.54836,6
8YOUatnwtQg,0.414792,1
gxkolLqo8fY,0.090603,1
FW-NDiDFANs,0.141109,3
kYDSx7b3bR8,0.24617,1
NtxHcl-5cFY,0.366056,1
eE6CeJa0Xsw,0.43142,3
oIgIgl2jdVc,0.0,0
fZctTV1l8mY,0.112875,4
NnHslX5-4QA,0.292969,1
BA3h2DL8BCw,0.326137,1
dDIEkdgF21A,0.479603,6
s9uKI2MFcvQ,0.182227,1
iEgQ0cLch9c,0.0,0
LNtajevE4i4,0.180903,1
Jye1_lHG8d8,0.174549,1
BDL207TQqOU,0.613995,3
9A2CktOn-Dw,0.595174,4
BRf7A3UFdHM,0.173918,1
SdL4NnoDhAk,0.134907,1
V8Bheql-bho,0.478899,9
r1OUPc_wN3k,0.065907,1
aw9sNSlsi3o,0.0,0
h8lUCUXfJXo,0.084074,1
PURYqLq3Lf8,0.130184,6
GuWf6jY04eU,0.037013,1
gjdJqCQinzg,0.0,0
lAPHrCxFqmI,0.421623,14
F9KYkAp_NLA,0.0,0
ABuS-3DOBzI,0.189848,2
92_mrOso8-U,0.179688,2
rFbwpQH6VmY,0.195168,1
c_pSthiltTk,0.484219,1
TrYs6yM6yPo,0.318447,1
0xJX9es24C8,0.188448,1
GlDu4DqFtJw,0.223289,1
uRVH1-WS2iI,0.172087,1
XjTlKySSyXA,0.161236,2
w0-7PBnpKN8,0.185114,1
QtY7O6Dxcrk,0.0,0
zFbEeGuix1k,0.399625,3
ZKUrbUywsd4,0.142905,2
Kf_siaAv5P8,0.0,0
kI-coSjfxLg,0.57068,2
Nw2Jyb53Aqc,0.320932,3
7nk38qYk5jQ,0.178367,3
isN8IXiCnbU,0.164347,2
at90WhvkYAY,0.378824,4
JMOQ7zr4J3s,0.506109,13
PPwvpo1d7wY,0.659467,3
QvjU3TJ9c-0,0.283811,1
CreUAuFGg1M,0.325503,2
j8JMEfI9mlU,0.34312,5
SFvDiL9TiXE,0.195252,2
5XPuk1S13GI,0.362916,2
PtU6ag3aaw0,0.565771,2
j25VpfvdI9Q,0.63516,2
RoKCqiiOqtE,0.4599,12
-i8kFPQcEoM,0.359564,5
FhSqb9wVe3w,0.470021,3
GYefICA1Y8s,0.450098,2
pzIgYNnZhgk,0.321043,1
7Ag-d5P6spI,0.191531,1
qFyEhR2mdAo,0.349718,2
TuJcNqXoYRw,0.27153,2
DkC-DxkSUNo,0.0,0
4-_KYxEl7hc,0.26332,11
fqLJfCmQBw4,0.33576,1
OaCLocVK3Ik,0.5166,17
rk4zgxeuUwM,0.455477,4
lam_UuHID0Y,0.661386,3
QM-inwOi--8,0.265113,1
bEf36yPP_2I,0.545852,3
q4RaZ1xGiJw,0.434414,3
eKnJEGvOzk0,0.683906,5
Vy0h_nz5jPc,0.597062,2
rQBcH6wkcLA,0.169619,1
83ZGYNGV4MM,0.047961,7
YEP3MccrkFg,0.255802,1
qzmIa0-nQZE,0.309182,1
lYtgQsg69e8,0.265408,1
ssbg9Cmk8SQ,0.0,0
Wh4-ZBb24YU,0.239835,1
9OO0sS5aDn8,0.161187,1
5OibLoOdong,0.244073,4
9zqPrM2uuEk,0.213066,3
vPDjCJ-rQv4,0.15125,3
aB4MzDz7c2w,0.207398,4
c6rYTGoPcyQ,0.29372,6
73iHhtWYTY8,0.339501,4
nk2M1n7U8cY,0.102992,3
cSJ2lSRVvKk,0.0,0
B_65SwRjv8A,0.187019,2
oo3lY483tM8,0.255224,2
opBCu1_5wPE,0.428532,4
aMR7cI20zYU,0.52851,4
k3DHQyJdafQ,0.397954,5
6_2IAlO_eK4,0.486734,2
NeRhUp8SM7I,0.505615,2
iEQtBmrMSmY,0.440789,2
YZSMhMKEaHg,0.137044,1
a-tiVcsRASo,0.478888,3
a9Fdfpj9fVE,0.0,0
aL3YuSmNNbk,0.334847,1
QfXFexCfZYk,0.0,0
9CY2q3N-KqE,0.149826,1
Vd96h1s4Kg4,0.036841,3
ZKbZ_1JYRMw,0.0,0
NSKAlY7X39g,0.0,0
G65ajnjDabc,0.23926,2
dPoEaFXG9FQ,0.078486,3
JhwvhJvR7xw,0.017126,1
GNaLtDyIXk4,0.191092,4
3otRe1Bozo4,0.0,0
wVltYaZISnE,0.30563,1
lH6pSsq4yNk,0.138305,2
Q1AqQ6jCIB4,0.243834,1
YptHBgkguP0,0.164005,3
L48O2ZgfKSE,0.305012,2
tS-lVJlJPJw,0.296775,2
VSUmLjygDec,0.45852,3
tht4Jvs-Gbo,0.157391,1
P2QScZNqYpQ,0.358781,1
gOwR8qmW8EQ,0.284577,16
PO1BfxQ6XoQ,0.0,0
5KCJ3bkde7s,0.0,0
eKQCmJ_gzWI,0.0,0
EQsCP6CNhgo,0.0,0
exuqlRoeLrI,0.0,0
J4qlDSkVfXU,0.0,0
9-TDm2h-LW4,0.0,0
ggTSeHZROuo,0.0,0
uaNWfqw-PLI,0.16042,2
UX-U9__aRVM,0.270632,5
CUnSzFdXiak,0.0,0
Y3rR_XTtzZg,0.02751,1
n5nqbxNajAk,0.006683,2
Lrj8q5-xmIQ,0.0,0
4pUl_dxSu-g,0.0,0
odAepcgdpAE,0.0,0
r3dIYj17pV4,0.0,0
WbLxgEGiIfM,0.0,0
S4QK3N6DU3Q,0.175588,5
hCH4S2LgjRU,0.093062,16
vfxzngtNUpQ,0.446362,13
2vNq7r013uc,0.052897,15
z2cUA4cNCDg,0.14647,1
Lls-jPsa2fY,0.156954,1
0FQG9rz9nqU,0.177706,1
HiHQicEolBM,0.127556,1
abkwEVRjoYs,0.42532,6
6B6bvTpoSy4,0.167386,1
zd8uZxY9Uzg,0.147348,2
qQReCbnx5y4,0.171187,1
RO_CNTV-gqw,0.226783,1
jTPbiudWirI,0.160428,1
ZcSLRoa_urU,0.146991,2
r75udm42_30,0.1621,3
z0Sm68s4iTs,0.149014,2
Tjo1_qPcY2Q,0.129939,2
z3S_xC2Qddw,0.145941,2
_CG37SkIMkc,0.255832,3
k99Wc5l9c6I,0.169785,1
v0fTW37bNog,0.211074,1
ADsYnIZI0Jw,0.532526,5
PYAX2P14gkE,0.216339,2
hO-ualnErP4,0.074603,1
jw9zbpQdm0c,0.379659,1
9VlcDodCeYU,0.351147,2
y3h_j4v82nQ,0.172161,1
D80fzI22JQw,0.580101,8
BTiXb4M63Xo,0.243248,2
OkF09_CqRfo,0.187438,4
kytK1l-k61I,0.23312,3
q9qFbDMfZu4,0.146122,3
49Jq3y_O2Wo,0.142863,2
baes-SZOBqs,0.212127,1
rezNjTZFROw,0.194529,2
K6kzfYnzLNQ,0.303857,1
IjenWujwIdA,0.34461,1
fOInmJBrMTU,0.481309,1
s5BWZGTescU,0.399953,1
b5ukPm-nh1w,0.357399,1
WFZ_W93i_UU,0.323165,1
vx3M0y4kjhY,0.433366,1
hgoPuSIU2Lc,0.293505,1
ICW6QtgXvNU,0.243345,2
hetl1Cm8cco,0.092031,1
_Q5UD5Ria08,0.544683,25
BzN-hh10viw,0.344851,3
BxjNzg-ep-Q,0.29029,6
Q7HZb_vDT-s,0.269517,2
0L36EAj2lko,0.282622,3
YflunoGG_v0,0.24881,3
anNUCRDN4Mc,0.312676,3
oTNL0J3jJ1k,0.136557,3
72RshvGzScc,0.177908,3
PC3fqwRDQ-Y,0.249978,3
3M7SLMxwMDU,0.0,0
a50GOJOamV4,0.09335,7
9FXzYX2EqfQ,0.363553,2
uVtejaS-N5k,0.288981,2
mH-lGuqO-OQ,0.186053,2
Dg6-bzEvXns,0.12908,1
kwOG_b2C3XU,0.260075,3
KreSg1TmaA8,0.209265,1
AMMYBIppdU4,0.158073,1
cW6waVIVT0Q,0.0,0
fxPtdh3OW1A,0.0,0
tP-cAoBN9OI,0.0,0
L9YLyHrsnUU,0.0,0
PPeVg444iqQ,0.0,0
LUWmfsSqa2o,0.127623,1
lyjmrMiKDfc,0.0,0
kY4HyTPbbJQ,0.0,0
2dkYZgF0V40,0.0,0
iwc9tR-2hsY,0.283438,1
q1JrXWZ1oMQ,0.240349,16
iuXcU_ea34M,0.199644,2
UmjTEJXBaNA,0.157947,2
Usy-clM_Ptc,0.304187,6
tHhSQzuukCA,0.30028,2
yEcnrOP0jaw,0.271935,1
RX6ytn3fpJQ,0.150658,1
qnV6oIrLIzU,0.325673,2
1FJZIWKvypU,0.206033,2
fTWOTHhnVUs,0.325217,3
UbHkWe776bw,0.622729,1
8oEJUoocH7E,0.269209,1
mm33oWNTBu8,0.538672,2
5clluZtJ2vM,0.252699,1
KyeDl-zd_j4,0.257376,1
UHKrXj0Tyow,0.318303,2
wZVsSdO9gs0,0.424967,1
grjx0ElohDg,0.58745,4
g082_sRaj8s,0.0,0
OggCHnwzIlU,0.230065,9
b9EDnFcBQEs,0.082523,1
aKIU_FXLIXQ,0.298733,1
S8duzb8YWK0,0.19772,1
myiH--Vmqno,0.372459,2
mddbNCfImtY,0.039826,1
XAb0kZFg_Rk,0.127454,6
CsaGpezahsI,0.0,0
jlDFIGQGsEU,0.0,0
tQgjEPK81r4,0.0,0
5Q7F_vcECTM,0.17704,1
2l2uYrCPx6g,0.33759,1
p9Qldjcd_20,0.228706,6
FeI-ah8Yi_8,0.420917,5
nKguOybqK6A,0.481332,2
9OVkNGRzVY4,0.18073,1
1Ug0TAXkOEA,0.379891,4
TQj4HDc49kY,0.0,0
vQhIMETV6mo,0.026738,2
_HcM11WxqDo,0.076903,1
OZY8Vc7ajMc,0.0,0
i7kC_iSxREI,0.0,0
vuTLnuthPkw,0.0,0
Vj6PB28Zwgg,0.0,0
_DmIoyfhrh8,0.0,0
p3ErSYFHdIA,0.0,0
BSZjtW6R56o,0.023382,1
hHL3IC-wkg4,0.244469,4
-2maTdIQnIo,0.246184,3
c6IJX_p62Ns,0.127263,3
ytvUXAa59aI,0.314731,7
vVvrpGa7VTo,0.292172,12
CLL5wAvXXQk,0.423934,3
88E2kzZpgSg,0.258593,3
RW22YkryR7M,0.54471,4
Ya6DrQrsQ98,0.229206,12
VGgc5M5MTCc,0.0,0
3gyTlCYDmzQ,0.302068,2
oyGCh3Shmu8,0.179552,2
BnX4wnp3n-s,0.091113,4
OThWfDYG9Sw,0.583032,2
7GnNMOkGQKc,0.315026,4
vc5DCY62AtA,0.19748,1
MoOKs3mV6LM,0.16403,1
1m9FVPvKDqU,0.265262,1
12b1xYDaEmU,0.220056,1
Hg827B174P4,0.262253,1
4RRCJXem4ew,0.174285,1
jis5Y6o4JF4,0.212327,1
nwfkLcofDfA,0.079074,14
Ppchf3xW-Is,0.026635,3
6l99YQxHgcw,0.365677,3
vg5HZMEdJ3M,0.0,0
oTg4y-fgqkw,0.0,0
f2vcjlZBIYU,0.0,0
cEoiQPIzqd0,0.0,0
J7o4mpjIU2M,0.0,0
i2yt1cDXjxQ,0.33972,2
Ca4C2oFm0eE,0.204566,2
s7becflzXwc,0.48219,4
s6cDH1y3YHg,0.21188,1
kbS2WRZSfJU,0.315625,2
F17HsPNhlqE,0.181992,1
ssu-hck8gNc,0.246621,1
PcMNG-OBl_Q,0.517722,4
C45kFzIWVME,0.083491,5
u9N4D1O9IgU,0.160432,1
5b1FHNVXQyE,0.556442,2
3FuTfeaLT7c,0.0,0
D_lad9vDIXU,0.263673,1
rWVnTU1tSB8,0.0,0
YbPsIMZhLyI,0.247859,1
YfBTglIVarw,0.314521,2
mtovQllSYnw,0.490717,2
-LJVvD_vmig,0.0,0
1nw-7AYXjmE,0.122652,4
q2EUnHwQ7fs,0.080211,1
wdMygaJZM60,0.319176,5
i91mZ3iKgqE,0.186785,1
xC94QYAdjow,0.102195,1
m9emRHXRzqg,0.0,0
rJDJl6jSEEo,0.068128,3
A3YaDe1EEmo,0.022355,6
3gEJL31qIdI,0.251026,2
X-aDrYEg3uA,0.506101,11
JgRwoA9Ktno,0.136412,5
ekqW2QthX40,0.088365,4
QTNEeii3uVc,0.223652,4
k9Pg9k27vwo,0.236143,1
OZqDMYiEH5A,0.007941,1
UiCqRUuysRY,0.185778,2
-u3VlpjSJWs,0.072197,4
aFsPRhsgNoI,0.0,0
kMdjacXBY2Q,0.0,0
29Sj3wMp4Qk,0.896535,1
eFlMcNAy6DA,0.337107,2
a8YAmzlguks,0.187209,1
3lZKOjpvWCk,0.501506,2
IqRlN2mdzSw,0.229801,1
sM0BOcDmo28,0.514206,2
0Bauc0tNuis,0.394352,1
vkfK2Kjyhk8,0.235941,2
1DU1zWLl7FM,0.253962,2
j242WK7HGFA,0.53975,2
-GHdO6UzsGE,0.511968,5
Mz-AU9X3CTw,0.5656,6
XSqToq8nIyU,0.701791,7
hjP6NNAxMf8,0.185468,1
zNCnxwEp7-E,0.185011,1
NJNwE_6VxtA,0.085587,19
FZ416tomUMI,0.149599,4
UZCh2DwsB7o,0.33713,2
uIEAeZt75Z8,0.341545,1
pFbRybiEZGU,0.248537,2
2l5cW3YVja8,0.334831,1
JCO4X1M0VPE,0.445543,2
CcOOmcKvN0U,0.148096,1
q_uK82_8NNY,0.071181,2
WT6k8iSKV68,0.063298,1
CfoXgzy8khY,0.191424,18
-8j_jzz_z2M,0.471527,2
0zQlhE1ilVA,0.197796,1
5ZIgqa0q2bw,0.253621,7
gl9XZK04sSo,0.100666,1
Yc94yOzfJ2M,0.010619,1
5M83pl9uzWE,0.262483,13
CmI5WChQTR8,0.493352,5
jK1QN9q07js,0.611455,11
IG-_K9WYYRM,0.580913,13
e9gegPj49bw,0.681082,19
povglbK09Nw,0.641865,7
NNMsY0-Ssp4,0.603689,7
4xjyeKJ-0O0,0.724507,19
F7Yu9DOFa6U,0.721944,5
w-MqgWcAYp8,0.682848,8
Ay1uHa0lHSU,0.17965,1
HkpI3GEWExE,0.0,0
lzHhU2GF6us,0.639245,8
s5fBWkyC6hU,0.505908,7
eumrbVJjsvM,0.775662,1
sgQQ8C2BUAk,0.0,0
Oltg_kbR2no,0.553867,3
jkhU4bRZMrk,0.0,0
fQwYqJiBgRc,0.740327,3
EfM63Ir4DNw,0.030793,2
y6BLJOI84Kc,0.280295,2
Dp7AA3nUZHA,0.140909,3
LX0GKUjnzy0,0.273159,1
KJjvUsBYDFo,0.230144,1
1-PoiKYWT-g,0.259144,1
VH5OgJ_Eixg,0.167472,3
COvxUos9j3w,0.177109,3
-U8VyECjCgA,0.0,0
7D6FK3RDdls,0.0,0
nKfEa9qKe5k,0.889351,3
Zgi7vITQ2DY,0.325852,6
yXlsf7mcwZk,0.889419,3
n1bCwCdDL3Y,0.242094,2
hfKWjpfay-M,0.52162,10
jPjNbgQZBNk,0.0,0
cMtyhlbTTWk,0.112742,19
mtd2v9kSLC8,0.0,0
-DK2YIdXPRs,0.0,0
RjtYvjUUM7g,0.066695,3
uKX_mNC9SZs,0.316697,2
flrDSOefgGc,0.541094,3
MBY7EV1sGGw,0.569526,3
245JofHz3dU,0.255969,3
wt4Wh_Ivljw,0.661179,5
yy2Epe_78C8,0.467311,1
OVsAIYTfMQs,0.522701,4
saar29KeR2U,0.456501,2
rr4DVczHXXA,0.241516,3
GDCr7vegzPA,0.379172,2
n716S9UOypQ,0.175093,1
yVxQQuGGTME,0.209003,2
lp9i-8jeqhg,0.175376,1
yJUWe5uWoeQ,0.310141,10
h4dAL2zfVBk,0.0,0
kmdp332Tk5E,0.030309,2
Kh1_GaI7wYY,0.367089,2
3B5MDbfN3vA,0.0,0
VZlYoAjpGyc,0.176335,1
rpWHynd6jQ0,0.285371,2
xgrVJY48F78,0.0,0
qWm-OZcE5xE,0.132332,1
uv4Xp6WNwkI,0.152598,1
izXlq2TRjAU,0.153397,1
TZ68MFjWyXg,0.129549,1
HZePHsX5L64,0.128918,1
mXcQIcd_rkg,0.419724,4
jjr1U7rVUt0,0.557105,2
Uam4a1rJfp0,0.338334,1
fql6lan-Oj8,0.364398,9
DqbSwUS-Xds,0.50393,2
GC0WBGPObaw,0.442686,5
228cOoNl-dM,0.158727,1
JCaOqTi948g,0.175689,22
QOsE_GR3XfE,0.171782,1
ao6uHU2aaqQ,0.06206,1
7MDp4w_H3ac,0.0,0
6-dxI1clasg,0.110969,2
GTkkfA3KFtM,0.105524,2
jLOJJM28MnM,0.0,0
bkAVFbIevhQ,0.336413,1
bpCXXPIdVl4,0.611574,3
Ur-dxQD4rIo,0.317268,4
SUXD490Sp8Q,0.449031,2
pc4xt-526v8,0.524566,6
ylrddEzRhKI,0.342453,1
lPGNgHdazf8,0.548924,1
bIMY0QuClcU,0.62972,3
6Ob2BmUbEIw,0.609242,2
aLUASKGnJCQ,0.343398,1
gc6a9enxXGw,0.584512,5
Y9Ktimwx5-k,0.112259,1
-jooV4lAKu8,0.088299,2
yoZEehxGxEw,0.17702,2
zAKcUhqt7MU,0.0,0
Co-R11-frfA,0.0,0
1GIcJlZNzAQ,0.0,0
LJ8RFjHJI0k,0.0,0
PPWXGdF5uv8,0.0,0
J-rnYSQmttE,0.0,0
8c7LzvmbjjY,0.327292,3
vB9_n-nw1H8,0.247188,3
lrNaYw_nIIc,0.460099,2
_9BgC4vkk5o,0.274006,2
R_xzFBj1c3U,0.318076,6
URv3pl_yzZ0,0.176752,3
06ON4m0nO9I,0.0,0
rAvC3uFN0eg,0.0,0
GFVAQegfgyQ,0.0,0
q19lc4xv3xE,0.0,0
0_vaKS-qOII,0.0,0
5n6ZATkTHfw,0.0,0
dOLtuvZ1CaU,0.0,0
1jK-4lc75q8,0.0,0
Ga5GTjscXNs,0.203886,7
iTes5xZi-SA,0.134798,3
6Vcve9zf0f8,0.31836,3
eIZ5XIk8LD0,0.293546,15
3mSFt4t_I-Q,0.116709,3
livp78c5spk,0.188531,5
4Q5AUQbDHBM,0.059347,2
V_H6IzahEKI,0.285867,18
hJUKH6SDsgQ,0.126521,2
YUu45_YPPYI,0.32995,14
Vay_VwXWE3g,0.136087,3
132E1-VhhCo,0.0,0
TTQahxL3-ic,0.0,0
NVab3ixv26k,0.0,0
vKTxGEiM_As,0.430201,1
NtaoTezIJHc,0.135669,1
20auWVG-sWM,0.269466,1
q8rTAB_Z7jw,0.224658,1
9TaB701ezEg,0.081186,2
sunepFPhjO8,0.213478,1
p5CMGdGUcbk,0.1262,10
A9VYYc8yaDk,0.09478,2
SZzP8I6Ay80,0.447977,1
UK_RTOfgeWs,0.740041,1
CxhUC3Q0hhM,0.168568,3
qmFZ8jEmQyE,0.29983,4
wrOGCktnnRE,0.107928,1
HO_JULHeMGs,0.208574,1
bjjnJ2Zsv_w,0.208892,1
rV1P-7FSFwY,0.314374,2
BNtWwzTi0Vw,0.312303,2
TOMWjgW4snI,0.29438,5
-d027mSAhv8,0.279665,15
vK3CmAaOSfY,0.326903,8
z3u78jgr2KU,0.379326,2
562fXJiY3Vc,0.290773,1
I9Qb5z6pbZ4,0.18828,8
MAOA52zaNQQ,0.2352,2
skgS_R7hvSw,0.381607,2
8oADE4iQTHE,0.0,0
cis452CvdkI,0.0,0
R3HaNkWaomI,0.0,0
wDvj0mn7Xxo,0.0,0
V0wrjRycGlk,0.0,0
cTgI6rm7Z-Y,0.19802,6
1_hMcAjDTIg,0.0,0
aO6J4lq3cZA,0.076325,1
04wbfFRmCAo,0.0,0
_6pMRhDDZWg,0.024144,1
Q7COdjY5dGE,0.016168,1
9yyk8TlLiCo,0.279499,5
Tem4pFmEwa0,0.0,0
-OBK1UDLW3k,0.0,0
PAM4e3j5Ip0,0.0,0
63kqB3Qmyno,0.0,0
hVihd68mrL8,0.0,0
Bg9x62FerJc,0.0,0
svHAX0REIc4,0.0,0
X_dY3gMiWe0,0.0,0
uqlRpPNyHP4,0.0,0
jZ3YT0x5Tdc,0.202973,1
dQLeJmqXUmE,0.365692,6
eXSAJkvfohg,0.0,0
NEGTdrcx8O8,0.138802,2
9TK0NHtzVO8,0.3111,1
wcPyBEd3Zjw,0.233727,2
2hIyxP55OrI,0.248414,1
T65r9qkvepI,0.153235,2
LK9P8L4F2dE,0.119253,2
MP7KESdGG-U,0.097159,1
u95avziYwMY,0.158572,9
cc1LWEftXOs,0.56975,8
CHz88DpoKTg,0.152316,2
olnmxORvOOY,0.118078,1
Bpjiedzdc-0,0.478895,9
UETGqAzCwog,0.049497,1
P4QtlZFwIo8,0.154498,1
mv13HkkKDoE,0.697548,4
3XNlHm-CIhs,0.709299,18
lWEsyWh5Qnw,0.491062,2
TXU9ej_tL3o,0.29927,7
E-MqwyPC2LM,0.37704,15
r7tUEgQTSKw,0.339029,8
JVNej9_j-wI,0.480393,10
8VCfGymr0WM,0.377232,7
ui3PenERGPw,0.313681,5
_ge1XUDWYus,0.251618,9
ZMkSHZa6_zc,0.0,0
k4HN8tLpCAQ,0.432342,11
k4nJVPVszxI,0.028958,2
-rbr53DFxLs,0.122555,6
rydVD_MxWYs,0.003649,1
TzCFROgBPb8,0.003649,1
D3IJ-09Edl4,0.309896,3
uYOY6VVEjiM,0.227708,3
wV8aqxR4X2U,0.425778,3
hVPPzmE69uQ,0.136124,3
Ei3VR54rcSQ,0.035309,10
l_0UfINiVn4,0.026711,1
OeP8gg9V0ms,0.050306,1
4JYz5FHCMcA,0.044232,7
DVhuV03Zuag,0.0,0
VLLYBccrHJ4,0.0,0
l1yKOuaz4H4,0.102994,13
55cZZ8Lh3KA,0.439565,3
MZZJih2WDAE,0.301049,1
-K95Q-nx_K4,0.260612,2
JjBPt4OQuO4,0.279582,1
-5fRICDuxBk,0.298994,1
HKOyJ_raG-g,0.164187,19
KLdNjIVGMdg,0.0,0
QrHyxODOWHw,0.407165,2
G22vUEPq9uc,0.439444,1
CKp43FjK638,0.314574,2
JALWyjpH1Wg,0.495207,8
zo9y2FdRonk,0.372238,4
2ymjqhmo8Rs,0.452806,4
_M1NRrqjNuY,0.60203,11
JlennOez2zc,0.628231,9
FBHL-xn7Pck,0.33219,5
zTVsC9oVzXU,0.335984,16
fInnaYo7lEU,0.751168,14
C9v-s49zEXI,0.53144,7
z8PXk72E0U4,0.0,0
D9YrxaUYtio,0.0,0
S-s2VVz6mH4,0.298243,6
eu2hvn66Q8o,0.277413,1
dBKV3LggpVM,0.0,0
QPGRF5qsnnY,0.0,0
R9EtRlRfU1g,0.542912,16
yrBcSvlkdDc,0.111003,1
o8QROAl8rEU,0.113493,8
ptI2tkCC1DA,0.385738,11
tTgNBvg8xOQ,0.262664,3
vkWEk48IPUA,0.0,0
4SBl--2A0v0,0.0,0
FE1sLBqS2-o,0.0,0
cHtzGGRzIC8,0.0,0
TIFZv-EiiYA,0.09025,2
Kjyc74ajb8w,0.0,0
HF7NvGdu7gg,0.0,0
nTpcyt19zL8,0.221604,1
laorDiwhS6M,0.144006,1
R1D6EiwbkM8,0.175139,1
I2KbY2dDiKI,0.146152,3
NgoOTDbJYow,0.115811,3
O2eMNWegSPk,0.141867,4
94-b5CShQhk,0.133398,2
Cmq13p0egss,0.040535,5
6mAxa3kfY9Q,0.201778,9
csz3Ow_7VrY,0.104723,1
MSfRyNY2h-s,0.116649,2
WfNH2PEZTgQ,0.122372,2
7BuaersK2Js,0.216965,1
tPHM8Mp0SwA,0.38415,3
7Gl7HdLi0Js,0.211076,3
l2T9ehjVBaM,0.474574,14
SeT0Yg7pEpo,0.270829,4
ixOvED3or-8,0.428832,7
FN2tHzPtPgA,0.288355,9
HvLLSu6mQ00,0.427824,2
3w6ua2hmL94,0.309721,3
KW0oVil1X50,0.644493,2
xbevr_aISR4,0.026927,1
6ogUP-p9Nwk,0.093975,1
2sGw_SCh9Xc,0.044584,2
ekI5bgtAhjw,0.007655,1
R9EZi45eGA0,0.067562,1
b1XGfjtohfQ,0.079559,2
wGuqf8nE1UA,0.391949,1
1mkKpFRfev0,0.0,0
QmwOFNySOSU,0.149909,1
2pduSIyqWho,0.0,0
ZHe-Zvj_lS4,0.0,0
RkJExYVqyvM,0.406944,3
DsAi9ESWr8w,0.0,0
BinRyDnnefk,0.350788,2
GG-dAoen8bw,0.0,0
RaFYpCavGyc,0.0,0
b_DnTENuwrY,0.465791,3
iOspV3AbZnY,0.025783,2
93v57fTtEF0,0.537777,4
plX8WRCxZyM,0.359583,1
RcxkiYISgrc,0.312451,3
SzxYBa22aH4,0.513158,3
Dy2HfPRGrj0,0.047564,1
TdMMYghyrws,0.277408,8
Qr6A8FW5M5Y,0.805455,4
oAu9_7iwqTY,0.240741,3
c78MF4ftNqI,0.144729,1
y8nBZRVj10U,0.265136,14
sPXBs-cStD4,0.622804,16
MWAZTAG3bDE,0.246041,14
Ran1m4f9la8,0.196504,12
4emdAK2Afd4,0.156839,1
SScNHxc5EuY,0.152127,1
FDPc2qD4-6Q,0.280864,1
h4Zxzgs7Z7Q,0.0,0
625uKUtstkE,0.0,0
np3Tc5EJBjk,0.0,0
I97TC15T_Kg,0.0,0
2JDoZAuAx9g,0.0,0
c4iIxqFoixM,0.0,0
kEwMsoLlTRo,0.0,0
GijOGTDsK-E,0.0,0
3vdp7iScbUg,0.253395,5
3q4EISxy1m8,0.118092,2
47Noliboj8g,0.526434,5
Hn0alRLxeZI,0.0,0
2sy3wtQRmtI,0.0,0
iI2CbUCJ3y8,0.0,0
e59E4wRHRGA,0.0,0
NVYOp962w2s,0.0,0
jwM7g7LMMks,0.0,0
BxTwy3WIDec,0.0,0
STctxk4_B4s,0.0,0
iGTImMz3Xbk,0.175398,2
BAdY2cU4J7o,0.0,0
3aN0f479Uoc,0.305088,6
7xY5aqdgo5w,0.360284,3
RAHhMkhSwec,0.561421,3
wQycwggH9bA,0.536923,3
mdcD-_LK7jQ,0.316172,3
Dv0HxOYhrT4,0.46798,3
IP7bT6iZ29w,0.30644,3
FJUMQF6EtLs,0.420382,3
hk3klstfVUs,0.341829,5
hO4Ep5EuwdA,0.448955,4
j-LadYcYTc0,0.665442,7
FmPrWn2pHZk,0.35222,6
2bZke0mgd0Q,0.209113,1
2tgapKLuHTI,0.154185,1
w1tcyZNvfYg,0.012566,2
SxxebUz6iSs,0.00607,2
I91-_OG3iK4,0.006113,2
_hqN0zj20Ls,0.01263,2
9eZUJZBozOI,0.0,0
zZSlqpHQkG4,0.09663,2
dJvqnNpLevo,0.0,0
qpMxwnH28xw,0.0,0
r6wxCA5Sz9Y,0.698547,4
e5HqGm91UbU,0.278065,15
WIICg1XWzEE,0.341325,5
qfMLXg2CIcI,0.22702,14
FO5_PAFDgr4,0.097433,14
Xed8ej_6kMQ,0.0,0
zbH_P-nVq-I,0.112955,10
tOgPxiMGWDE,0.598836,6
P0iwL8ZnAfM,0.142824,11
9xE9g6zVRQM,0.245666,3
9ne-NOHuObc,0.188453,2
HnWvDYBT7F0,0.463311,3
WRL42oQbtVA,0.405901,13
XEmcJUHh4fo,0.454227,6
DvoLngTLzSw,0.252121,2
ds4AoOVbBic,0.0,0
TH-5MwnJoaI,0.172319,1
0IStXXEpHPU,0.096374,1
h0FB7hcFr6U,0.107998,1
9czeqG0GetQ,0.412811,5
AddAUUpDcsA,0.432708,3
8KQ_UKY-tC4,0.0,0
wekaqGvhl1w,0.634792,4
SluRmM8drU8,0.351458,8
D6DMMLg0nQU,0.488611,3
LvXZehiThek,0.441285,2
i1WXUj1mClY,0.101435,1
7JCJUsjFtSg,0.444925,8
W-rNZmJY_fg,0.332413,6
zqQyjBcQvm4,0.002303,1
1mqzqiDj6jk,0.004391,3
Kc3eYrg9nus,0.215122,2
Z7Tbja5zito,0.215122,2
EzSFSrN9vTU,0.248738,1
YdyKMbotqfk,0.169838,1
ltVT5BwmGQg,0.181007,1
LRPmXIiFEno,0.262031,1
ga_NYdUG4do,0.206829,1
CD7ymRt2aS0,0.136412,2
qbYj51DLdOY,0.111366,1
hqEtipen5hE,0.3309,1
HjYf3MvQtxo,0.149402,3
UGy_5Vr5QsE,0.093316,1
5WVvDmBfExM,0.236109,4
01dpzVaWHPI,0.099928,1
7IYFvgqibpo,0.055648,2
IKyKrSdt2MU,0.086318,1
9eA1sSjTJbU,0.337138,1
d0z0ZLaNCYE,0.079298,1
H7jQi-TMego,0.0,0
9UEscjX_2oQ,0.308847,5
vzjktil2UtQ,0.3536,2
qFZpxIFRTFU,0.0,0
STWhipRg-0Y,0.139923,2
8a2F_c3hK58,0.147491,2
sUjwrxiLR4E,0.214392,1
qWRmBmseY9k,0.206753,1
GHsCz5YaADo,0.318751,4
w_RkJysWASw,0.115451,3
ajxWXs1eR5U,0.286514,2
vEejqtfTtgg,0.269677,2
1KUWZLBUV8U,0.269014,4
ZkAl8pR_5O8,0.115955,2
OYmVvE0WXVE,0.112828,1
fJ3UOANa2o8,0.48685,3
uBQJtkyMfgc,0.434332,3
WsIvDioWjR0,0.0,0
sSZTthJG_L8,0.361159,3
vLwdt4jmn0Y,0.110268,1
fWwJjIg1DB4,0.339872,3
aEfnHO1Rx04,0.183477,1
TBfLqesjW0Q,0.218046,4
NDPdl8oBp1U,0.279059,1
nROHBbb7D4A,0.752101,3
HDJmru8AyfQ,0.63998,2
-uh7gGVBucA,0.29517,2
CKpFaF-e68Q,0.218933,1
QRZysfNO3pg,0.691928,6
qiikNBFSjhg,0.0,0
u7f2XbiPIQg,0.0,0
jSqi-79u0Mw,0.066201,1
bqThrwhxy78,0.081836,1
Efua_GWdpW0,0.0,0
FAnQgMrk4l0,0.210845,1
DP670u9ix_c,0.011098,1
EphYxSKLPL4,0.00874,1
Mc7HgS2pPeQ,0.0,0
TF4L_z6Zv7A,0.0,0
XrV5BmogUdU,0.0,0
fI3IEpf4nIc,0.008755,1
fLAcvBNF0U0,0.089311,4
fO8Zx9jEVbA,0.136089,1
YSl6CvhWy5I,0.078338,7
32o2cGZ0MlA,0.153661,10
3uKeKkI3Ht0,0.115135,10
zE0LVGgcgxA,0.08364,14
v2c7vHraiDI,0.11664,8
wjwscYUmMro,0.158687,16
iuDOTqtnDh8,0.284397,12
0E2jSo-Oecc,0.063059,10
AVHt--blSJg,0.326304,15
Exuj4RUgXjM,0.080996,8
W_WaRSssojM,0.130335,19
9nfIVZYf-_s,0.357153,13
Q8e8K6lF3lM,0.0,0
Bv4YGbNnW5E,0.035431,5
fLp9SNFOjhA,0.115838,21
dnjfjnRHwq4,0.328466,2
l90V1P2dfQQ,0.273916,9
t44DBuz7-kE,0.0,0
1s-B74PsrMA,0.00372,1
vqaDudKPG_4,0.123142,29
i20euYREpRc,0.033535,3
7eRQW05u4cA,0.0,0
5YWQh4zDg8g,0.0,0
WlIn6T7KaSM,0.393672,3
SZDjXeXk5O4,0.0,0
-02GpzhiwBU,0.473111,6
yeH3yzEr1aw,0.243765,5
-LY3FKa90lQ,0.579417,2
jTM_HSSphNE,0.081323,4
WRzEsEtcILs,0.257859,2
caWAbvX-wRc,0.0,0
nAN2AZS0egY,0.0,0
O7pFKcN58W0,0.098692,2
QYEGqoMRP-I,0.132946,4
k6_uDzFyuC8,0.16767,7
L56hM-L69S0,0.37723,4
OEvZSmKjhN8,0.211755,1
hU0Bjvrlurc,0.117205,1
8LJU6FnOaJk,0.0,0
ufjtaVKAahs,0.0,0
AfCgsI1TRoI,0.004954,7
uDmMgkSxLJk,0.0,0
mD2d-J1kmfY,0.088594,11
RqeMfTmslrk,0.0,0
1bS8CeUBHdk,0.002922,1
zUOWAuholF4,0.097309,8
Pr3OgCd7RK0,0.237141,1
FsVqUCwH3EQ,0.0,0
vpTnXc6zgMg,0.0,0
3oDZdbA21rk,0.073804,2
7-Tr-OoUbX4,0.0,0
PRZxQjpIApE,0.0,0
bRVRsOOi2J8,0.0,0
ejd7HhPMZiA,0.0,0
ItOQDEDTJ38,0.0,0
8hFtw-SLSLY,0.0,0
UBC7PFjDsuA,0.0,0
WoBoH86SvDI,0.152238,4
iYBgpmxic0k,0.389592,9
DDGQpKkHWp0,0.04613,2
G58_02YjGiA,0.130866,1
HkBZ3eKRc4M,0.335154,2
M9SXFtEv-OI,0.285289,2
hVxVdsG8uzE,0.050252,1
Qd9_HYtJ6ho,0.256299,4
WITW-Q9woLM,0.206705,3
NJet67VWFXA,0.0,0
B9mbl4HvWK0,0.183192,1
SGtS-BLU4D4,0.454837,3
neac5D4mzQY,0.239549,2
tWBfFrvF1iM,0.145428,4
BTEtvcecGdE,0.201801,1
QTA-CzQ9LZg,0.208321,1
dWf6CmUWW5s,0.187862,1
M7wPbjysyJA,0.214539,2
CrevQJBkvig,0.202948,1
XxtcRC6ZTOw,0.172377,2
PezzuDm75Zs,0.164439,1
VTcnk9UnJJE,0.055253,6
600y9dtoWEo,0.076925,7
lWGMBIFbX_k,0.0,0
lpSHlP1VDKw,0.068745,1
PP0sFfj-ZkQ,0.0,0
qDgxtqnVLhE,0.1185,1
oXGrXhipi54,0.329077,2
u1jU-ad7r2g,0.341294,4
caBZsh9ulME,0.172839,1
QCbAmSjP_PU,0.0,0
OyVyQCQ8LM0,0.072258,3
J7YjoqBobDk,0.135438,1
qOJCQtoAHyg,0.19855,1
qG4p2VjKrt4,0.423039,2
HnuD_UGDNW8,0.0,0
dVWjza4mi3I,0.425564,8
yozbm22kwjk,0.211768,3
UUiHYGMd2-c,0.374247,3
YSQTllZvJFA,0.391252,5
1yiKCJg-x5A,0.188215,1
0D1i2H9KNbI,0.386204,4
WaWA46trG6I,0.321294,4
56Tfd9aAcIE,0.319766,2
ojdv4kcEXPU,0.511173,5
aaE_PEecIh8,0.689073,3
IfRD_vVx0OI,0.378838,4
IlTvDqk5oH8,0.251839,4
U4px3SPM41o,0.210683,1
tgTKmW8G8jI,0.0,0
DIdfceGELU0,0.0,0
p1QIU3RyuDk,0.0,0
2c4Dhd-RkvI,0.298015,2
Qu83apXUnOY,0.0,0
Fq1PLJx1THM,0.624873,2
npERMLIUYNI,0.0,0
KhTfIzEd_qU,0.803228,5
yXj0lt3qu0U,0.142949,1
MJDtveAviLA,0.45361,9
hTwkMZ4Uwdw,0.130397,1
LzvD8nzyRvc,0.001463,3
dMInqiqohQE,0.470916,4
SjwDYXQZUVc,0.408256,24
ZOBVo2pCZm8,0.071476,1
IK64t4tuGQY,0.221869,5
2lMHcVVxg3Y,0.377493,6
C6zvYAarg1w,0.028107,2
5PG_epZLie8,0.083587,4
A_sl7dVgjFY,0.038352,2
6ME36rpgDRc,0.570229,9
wURl9tSShbM,0.057859,2
R-owQFo8NoY,0.174404,6
4xXTAbwKVoM,0.172784,6
Im0oFH-oNuc,0.159234,1
E4LQhAbx3uk,0.337299,6
FJy6A_VkjyA,0.156521,1
5jMPuj5WKSo,0.108657,1
sartdcJO08I,0.0,0
I2TiByTPPyA,0.0,0
uzVGT-ASYRI,0.002123,2
BsVrXtHhTbw,0.0,0
BQbJKuBY7Ds,0.0,0
9aNTuSA8mFs,0.0,0
USZV3L2AN-s,0.0,0
E9IIzzpdJiY,0.0,0
bGgG5Hqb1nE,0.0,0
Kl7gCqvwYyg,0.063558,1
9NYjbPJWOSE,0.020103,1
ycx_R4warzE,0.300558,3
kULUuFWigSQ,0.484731,2
KRMxCI592o0,0.21441,17
A-tK-6SqBDY,0.0,0
N-UQQAT9bj8,0.018548,2
auZyRIX5AmU,0.0,0
1qCBMjV3Jb8,0.120815,2
EFdfBLw3ezM,0.305377,3
ZH2Mzs3x6bY,0.140775,2
ykYbkRUirWk,0.190876,2
lj4Fo6agcZs,0.0,0
hy8ugca3978,0.0,0
6dhgHkTRJ-E,0.247584,3
uKN0ClCKfPI,0.126095,1
dywaddm3HW8,0.390501,5
xM5P98246-k,0.107188,2
JMaTdPSoIV4,0.161602,2
0EgHV6O2fNo,0.167059,2
l6OFinrSn34,0.381556,2
J43IVMuFEy0,0.173389,12
ceK1q1bDgDc,0.488139,2
aICB8uZKSEs,0.228294,6
Zy7iD8siEeo,0.1011,7
A8LpXYLa4hM,0.186664,2
BZRlAIAVtEw,0.081037,3
FkQaF8xi2Wg,0.266733,8
XaNgadXXATY,0.206817,2
h9C_ZPBuyW0,0.076233,2
jKqDHMN7ufU,0.11244,1
hUMf7KRXNHQ,0.230891,1
OkMMdtywK8c,0.2002,1
tOSTvkqOlXc,0.426252,3
waYanoLN-hI,0.528512,3
QJUhDFXWO5Y,0.620832,4
p1sALQDieGA,0.657556,4
xwjPeUdS9mU,0.504958,7
tarTpfUlHhI,0.447043,3
TwspAnZMPDs,0.579048,9
fS0DsqZnOxI,0.588506,9
XIOHnmjbxEQ,0.657728,6
XOLlhBObJMM,0.330079,4
FXeTdHAYlU4,0.017203,1
kCgIup4gMhU,0.106708,13
WVGFQhQOhlA,0.120856,4
0JRzV8Ubopg,0.15037,6
DU8maIsOYC4,0.128005,4
5Qaxc42Z3Tk,0.04173,1
zxVH4nWqc-A,0.122831,1
i8haw6AP89w,0.115463,1
VhYkvqM1yiU,0.031539,2
aUPu8gwwMgc,0.398363,3
hHgzMFm2jIw,0.195285,1
0JRp7o7J_CE,0.232504,4
CRAC4ZTc3Ww,0.208314,2
GyCtPkqQCZU,0.0,0
grTPBOH6jgo,0.0,0
ZvsQo4fFVys,0.140474,3
71IVo4ukvPk,0.161405,2
XG0eDzNfAB4,0.148247,1
V7BPZk5pe1M,0.407567,1
fuXzy_Qa5Bg,0.705591,2
zwyMqVLjcLM,0.349927,2
WG6ab7k9CUo,0.698826,10
nR_iXyzRyuk,0.460819,7
BfbKs_fP_ZM,0.42182,5
oXTqwwi2SAU,0.433515,2
3-WkF_mQ1UA,0.203362,2
FtJp3Sl0qbI,0.371026,3
lQK_QG2Ustc,0.343564,5
f1EJBndtBRs,0.370449,7
FiiDKNrqRbo,0.0,0
8w6WKTo-tZM,0.0,0
9lnR7lNO8pA,0.0,0
v1FksycfAFE,0.152536,2
dW8sjplY858,0.218161,4
VdjdgR8vPhA,0.21625,1
BsXxrluhHPs,0.182674,3
xo9Oh0uHWp4,0.124757,1
_454XhyCL88,0.251626,2
-dJjuKtLQkk,0.149976,2
DTTFj-cL1kU,0.0,0
WfCKcchxaRQ,0.0,0
Sj8xrz_fXCE,0.436974,4
Zc_E__WwHp4,0.097955,1
iPNO8elc-js,0.546615,4
pW_cGQtuJQ8,0.0,0
xTB5LrQ_sw0,0.0,0
YXOsIF5riAk,0.0,0
9u2vP2jnbyA,0.0,0
pjKAanAWP8g,0.0,0
sfTUzobhawI,0.340055,5
5HGvAFIVPIU,0.468809,16
MiIdw99WV4o,0.149266,1
_7QaTcN9gig,0.341175,3
5xX8joAqoiM,0.278625,4
WE-ZkIz7eOA,0.796975,8
kIjymYS68Ps,0.195736,1
gVry0VNjOIM,0.216802,1
EVU4meKQoMs,0.202807,1
TQscSKKNWno,0.190722,1
D3jnlvt77_0,0.197738,1
GAQavEkWD-g,0.182008,1
ZCUZAjG8QGA,0.175961,1
aAIHXhP9dFY,0.178623,1
-mcOIDllqKo,0.194302,1
Hx6ZjsvwMjA,0.22202,1
c5DG_zYW7go,0.477749,5
TmRhD5H1VYo,0.169225,1
FtQ8jDXz8-0,0.002459,1
wtaV9--EWi8,0.078128,1
91805E9y-f4,0.24468,1
wHDgjCF8fbY,0.271005,1
QdMyZx7FXww,0.245128,1
mAEe4NYUl9M,0.270726,1
MH1MYgce4fw,0.253713,1
jbhhkPZVbuc,0.255106,1
msrXUkollEo,0.395395,3
ReVLrIlRCZ8,0.400836,2
zyTj-uWaC8g,0.233569,1
Msnu659k-xU,0.261243,1
ScTP9nV0Bt8,0.0,0
GE-540B_lck,0.39569,1
Y1ESyI7hxa4,0.265492,2
0DIvZIy98bo,0.240132,3
coEa14L7vak,0.012299,2
7jnQ9xmPing,0.372812,9
9uh8vTG3urY,0.183043,8
wON9xOVY6u8,0.372539,5
meSCyhzWh-I,0.464191,5
e5aOyotkOUg,0.203619,4
TQUCo3Dvn9k,0.157706,4
ecfoqLQLztQ,0.124259,3
piPyYG53PT4,0.238151,1
SjWANMqpP8A,0.200543,1
iavVylrSgdM,0.187078,1
Ne7ai5L2cMs,0.309072,1
zFxxiuH4yYY,0.276644,1
x7Vlc5c4pTU,0.353352,1
6VDEeu62row,0.327764,10
pqKyFLH7j24,0.142145,11
flApGstyMZY,0.25158,6
FZJidpn3N7k,0.28179,9
nOwbthAgPes,0.41039,9
-WzbDIDGK1w,0.21227,11
_EH9EdcBzmQ,0.247019,6
btdx7S4HRzE,0.11856,5
5lCOeqpYdkw,0.0,0
vRqGY5Xcdd8,0.362633,1
x8SXqwJOO6M,0.215127,1
ob2LwHTH5N0,0.221032,1
CNDs-HRVqtY,0.147456,1
5YlFSVC7AOU,0.185483,1
kOXo8b6vFow,0.422362,3
E8nFg5fs1xY,0.198453,2
qwNmRLX0AyY,0.271483,1
0Th814C-GpQ,0.20749,1
OyqSQoxUMyg,0.578,2
7lUMgxU7qn4,0.435755,1
aeMZn8bN5tA,0.537728,4
WqbDsq3Ef2Y,0.224342,1
ebZJN-jkUbw,0.183838,1
ZtYGsCdrQaM,0.248045,1
h023ggUkk4Y,0.17936,1
P-ORYoMVpQA,0.154214,1
9Ru_VMZ3wuY,0.245552,1
2IV9ouWzwAw,0.277533,2
GXlpU1uF8Wc,0.211771,1
K8_XDE5nKK4,0.209661,1
uQNkpJVXcSs,0.164672,1
5CpEgJ1kv5Q,0.215181,1
hiHtGwAQsBI,0.334508,2
jef8V8gFitk,0.0,0
HiqHSWae5JY,0.245901,1
jK8h48wHpds,0.689572,1
X6uwHpz4k7c,0.0,0
r1GMR-tNDvY,0.151758,5
pEwRnxgGDM0,0.131605,8
tAmt3bfzOFs,0.197293,2
AliefUtud14,0.363783,14
lv1S6YwTv3w,0.233842,1
Fii75l4Mvzg,0.278709,3
nl2AI2VXuDc,0.211934,2
XRprgg-KW98,0.235149,1
sCka99GiF0k,0.309594,6
U9M2hujJ_x4,0.144246,1
kBPWcXvdlpk,0.248895,1
YkRHQn8S8zE,0.301512,1
GoUsOOo8-ZU,0.052127,1
QpdzNwdlsho,0.165238,1
gjsf5EYkfAc,0.292428,1
WfINHQKyJOk,0.21417,1
bupDdBYQU-U,0.0,0
WrE6SViPqiE,0.177062,1
EPzzzkjYSQ8,0.340474,2
NeQfV9VZBi4,0.318859,2
JaGkbC_QF8A,0.013146,2
SoSwMPLBlM4,0.013043,2
HODoBSweSj0,0.339419,2
KhXKG_6mB_o,0.145341,1
qKAV-T3yzRU,0.302194,6
xhbiWBPkHcE,0.571587,4
TLDdVmkJ34s,0.31329,2
HpkvofVXWak,0.236437,2
xw_x3oR2Nuw,0.293571,2
cI0N0_lXPZI,0.323239,4
3mEllxZyOUI,0.281257,2
DvcygTKC3Hc,0.358531,4
5dYXZkfD1Uc,0.175541,2
FjVX_uvpyWA,0.33171,2
-ZQNUD8Pobc,0.156883,4
GzI5HfwhAfM,0.312614,3
5yltpggOjNo,0.324022,16
VxWqRi4dpOo,0.351028,1
xORnpIdP3Qg,0.300544,1
YjUiag8R0_A,0.265129,21
um6yCrOyIV0,0.271359,2
L-Zax2IgMJM,0.064317,1
kpQj4NR9aKQ,0.185723,1
iFF_Jp3XfYA,0.128362,1
UD3O5P3wYsg,0.0,0
_HKLDOmSOag,0.0,0
vRgen6qzAto,0.033647,3
d-SxY_2zYAA,0.040653,3
28FiY8My34Y,0.294701,8
DoKGuG6pPLI,0.182161,4
mjKWkQ4vGc4,0.392946,4
PaRFAqDf0-g,0.183784,3
uI0FiIfqXb0,0.285811,4
6ITLKvhSjok,0.358916,9
zFJDZPaIoPs,0.210254,5
0ELDu0NYrlk,0.246181,4
wzZHxtvjCs8,0.029387,1
i5ZNcV27d44,0.324397,2
nUQQ_2-bY4U,0.0,0
36XSUkqh1QI,0.124505,1
FNXFYTIXxdw,0.510237,12
v9Xqr0x3qjg,0.0,0
EwqPkTkOX1I,0.0,0
N8g2mjk53q4,0.106565,4
xnaucNjdfp0,0.013411,1
hQRQWyK3OXE,0.427039,14
FfRSJ34jnUY,0.0,0
FbaxMZDDHJw,0.432431,3
s_s5rIK3cy0,0.0,0
WMqq_mx-Kzw,0.313825,2
la1SsLUX2og,0.49214,4
Iz0bOTZrnhM,0.11213,5
0kfoTaeJwq0,0.421953,3
XzO9WvZNggw,0.646018,4
UX82SjZeq5E,0.0,0
GGn6CosM0do,0.005938,2
qzSCfexxuXs,0.20833,4
_XI-iQwNlbc,0.203546,3
RUmbzUj_QFY,0.193714,3
RIA11d9XqVo,0.279564,8
MUnA_TpvEng,0.53213,7
7B5-nbwa8k4,0.262331,3
cr0eV0LgMUI,0.1875,17
WIdXXY9CdkI,0.228981,3
1wILTRtrooo,0.1875,17
khqUV2gkoc8,0.349508,8
bR5-mniJcgE,0.248519,10
0uCUs1qO1-g,0.352721,14
tSH17aJe-K4,0.216605,3
WXne0rBeH6I,0.248519,10
w5ml583EjKM,0.248519,10
_uQsBtpgFts,0.130686,4
kN4NVL9lv7c,0.360722,4
ZbWV3abucFk,0.383188,7
WnRju654xRE,0.010664,1
If2ZVCCa-Y0,0.11147,4
zE1ypgeFdb4,0.385934,6
PPynxxV82mI,0.248034,1
VAmBrkdKXK0,0.279095,3
ejissgumejY,0.12954,2
W0rOQ8KiqLs,0.152263,1
P6hYH2GnXxE,0.031977,1
F8LXY4DNU-k,0.469468,2
AmTG5WOmQtw,0.368675,7
NZ_e76po_bc,0.149961,5
svCIS0OgOpg,0.260132,6
yChdTOpgQ8c,0.060973,3
hvxcwxiz8vU,0.243102,3
lcArbDOUJlE,0.0,0
Y037VNV9nbg,0.128099,2
lfNUuFP7qrA,0.226365,1
qfXFnfGic4s,0.224671,2
cgpNwGoapeo,0.002586,1
8YrbyF7INts,0.117373,2
eT1c7mtV9xM,0.078109,1
etmfuvcGcT4,0.0,0
99oWR8WUhXA,0.0,0
bH7lZp7eaXU,0.167923,3
Z_gZtap-iX4,0.526297,5
v0AnNdXU5_4,0.54733,6
hKKMgqtnxMU,0.442373,5
7yUigzM4WNQ,0.343785,3
zBtlv9J9Ueo,0.281746,2
KLeoxD2MXS4,0.346806,3
1xpx0aZ1Cao,0.689982,11
AhGYLNAQ7vE,0.507199,4
5aoyxpKILFI,0.567305,4
gFsJ_9AvAQQ,0.033484,6
KcGRbzISQsc,0.0,0
_4PZQFopv10,0.0,0
mQCG5F3YWTU,0.004727,1
2_NoOnUmyrA,0.46565,2
yPWncPw15-U,0.0,0
ololiKaRPIE,0.284718,3
_uDCLcfYWXg,0.319666,2
xNLMY5gosGc,0.284218,3
LDUtCOngqyQ,0.307395,3
ZfaOfLkGRyA,0.066653,15
dfFFpYatjtI,0.104138,1
iSahbSLWgqw,0.068403,9
DoxdZWGYiRQ,0.001671,1
p43_Qck3WdU,0.001378,1
FXyfrLb4Doc,0.0,0
lLhk27nlG24,0.0,0
p9vawXz6kj8,0.36109,3
hUFws972vKw,0.061579,1
s4lqqjEV4uY,0.233692,1
zwwyvyxAmoA,0.032649,1
u4zmNJbBw4w,0.285893,1
m1R2nrwrCY8,0.281013,1
n4bAksUh9TQ,0.219719,2
9Pwv0WxMpG4,0.512279,11
7N57Q8tnIo8,0.321839,8
k5nYXIasfag,0.225907,2
O7m_u_2OvwI,0.269084,12
p9zqL88RraA,0.0,0
jGrnG-ywPWI,0.0,0
wNmUZK0aZbo,0.0,0
s9Xk77f3oUE,0.0,0
vYIjVxlQN3A,0.0,0
k7wA6-XHQAE,0.0,0
Uln8A2RINKQ,0.0,0
cLDru3Flk3Q,0.0,0
QByg1Vj0n-U,0.0,0
iIpaCtn69GQ,0.0,0
2Ebs_0_8nZE,0.223827,1
aYdyYLTmkwE,0.244058,1
uV-BInKacqQ,0.495676,2
j5cAjwlTckY,0.381196,1
cA36pa5fJKk,0.376514,1
Lv8JanqOVl0,0.413796,1
w4ZY6D7PYgM,0.567483,2
ww2RsdtPlE8,0.439256,1
OfPZtyC_4zA,0.389721,7
i8hrK0Qs6AA,0.153739,1
fzRfFycF6Pg,0.142128,2
Nj-gYj1lCSw,0.27238,4
q50dvDqHRjE,0.418354,8
mPCIyEdi59U,0.375774,13
p864u6MqmP8,0.157892,1
vwI20E3DuzI,0.0,0
_xLLP2dMYzA,0.27583,1
PXNbY9Aaf3E,0.295184,1
mkRTkzoYN88,0.285637,1
mWX7Yiz8xl4,0.0,0
2w23XcfsR0k,0.0,0
_LhzAyeHxJM,0.34931,3
Wu_sBJcmOEY,0.0,0
Yf1NI-FHieQ,0.074813,2
DQZ21fyLVkQ,0.078967,1
kmSJvWI-Frk,0.165638,15
nN_enzixACA,0.139508,3
VHbqD3A3lqY,0.176157,4
-R-D_hxYYNo,0.082251,3
P_g3jQXVW9g,0.175046,3
ezrTDm-z0WI,0.441963,8
bBUg6XqzmVU,0.063953,1
DEIB4x2Nt6s,0.199757,2
xzqOnq4u-fc,0.511034,2
sT2C1QEqAkU,0.262617,4
1k3Hnu64_84,0.667853,3
nFgDp2VecK0,0.27984,1
LPNU3nDSTtY,0.564414,6
6ad9b__-JlU,0.16314,2
t5Xs64Ge5S8,0.166321,1
yjdAOFPZC-o,0.036211,1
9CmoRW1OTm4,0.14849,1
lg3dcDXXttM,0.113804,2
Xod5Qkn_wMU,0.109886,2
aQ6MUnk6Zc0,0.10251,1
ijvZ7vGuUTQ,0.131324,1
ijtHsNutKzY,0.093598,2
Y2bgZBtn9Lk,0.0,0
-oS9XH4BMmQ,0.0,0
su7sH2sN6kM,0.030898,2
3K_71REq0S0,0.068439,2
6VueFaMIceU,0.008975,2
aKHOm0dUvPE,0.432161,10
A9TSP2LabVc,0.0,0
UikvdWRnfns,0.002938,1
ZI0pFT6IVtA,0.142248,5
8tFWpUq-SbE,0.312342,14
gx62SwkK0dI,0.718976,1
1DXkTt7Izvc,0.37512,15
svgAEp9vTs8,0.560393,2
iKoJsmLhGBY,0.549998,2
DVoWFfRXb68,0.292221,1
DjOzkCbK8bQ,0.439936,5
pKfRGcs0Ouw,0.240957,1
3ShnJO3DUTg,0.329395,3
h4pJDRo7ZZM,0.239146,1
8gayxWMcvz4,0.336884,1
eFUZTLlyRSA,0.284244,2
pvkX1GAjVtg,0.0,0
qGGsNRFzpCs,0.0,0
iBd6JTJlhXc,0.096491,3
No-U5xFJPqM,0.339373,3
qGJwzyI8ykE,0.437928,1
RxODpCVYCt8,0.554258,11
C8zsuJLiiRE,0.384308,3
hqLvmcFv0Ng,0.517192,2
sr7O_SQ4MV8,0.0886,1
rCd_ZdIVRr0,0.0,0
DLqT4qoCnYY,0.0,0
_N0um8gD77c,0.0,0
PJ_rNPgIyY0,0.0,0
inEtfTFBBrk,0.0,0
WeWIMGfFe0w,0.0,0
QSvdOyjVAdM,0.0,0
xtOgkaPdg9M,0.0,0
VAAjzpQMMkg,0.0,0
lLOsAA_NYzM,0.0,0
CQhFtV7F71g,0.177416,1
9YwDIPtmHCA,0.0,0
KDNo-JedDHE,0.0,0
WVe6S50hylI,0.01814,5
Vh3cq4Wg6x0,0.0,0
rprX5fhhSC0,0.0,0
8ubfLO4-5dw,0.250171,9
kp5Qf2AjFCQ,0.332433,1
JaNn5JDxkzI,0.327269,2
6D2RqPPLVqE,0.347141,9
mTPbv7cOZXc,0.0,0
PXGz15BxSA0,0.033253,1
lmuIR_rctzY,0.0,0
EqFdE0Hfk2Q,0.0,0
D7mXfzRguU0,0.051411,9
uN-5Wm_5N3E,0.0,0
TPP8n2xxYsY,0.125578,3
5CLfkhfsP9c,0.0,0
GaYcmDaaEEM,0.327603,7
nQMybx4q1Ws,0.302979,3
m3Sxo-4WgYc,0.173692,1
r_KOG5jK_H8,0.0,0
yTQzo_b1zCg,0.0,0
SkpKCt_p7Hw,0.0,0
CLqgWp1QGcA,0.163304,4
4z8Eim1UWqI,0.0,0
4zJO8ftuKmY,0.0,0
tKNjie_VDHU,0.085162,1
BNY_UXUTXSU,0.0,0
rcXIEAse-T8,0.0,0
PPTlnz6oB9Y,0.292726,1
lrjWoU1l7F8,0.10684,1
AORFRekzcrM,0.088927,1
9k3VU9pnVn0,0.368186,3
RkK-dv5LXGU,0.366046,1
i9GPRBKmto8,0.192835,2
IncGTd0L93o,0.33522,3
WnW-HP8d2XY,0.516264,4
ha7TuTQwpt8,0.15346,5
mgiRxa1Uw-Q,0.0,0
Bkbk88q4Arc,0.333177,4
e6T_oMKbrMs,0.61295,5
26-QWakh11I,0.0,0
6bMR--vqigk,0.0,0
LmeLeeUOMmo,0.071861,10
KbhVFjBZvc4,0.160934,1
MIGy6VpZ6o4,0.134887,3
vN6NghNi3Qs,0.0,0
5fCDe4x0HC4,0.209112,2
bEpu2vKZqLU,0.256322,2
QurXRR-ki04,0.078129,1
hIjrmCD7ZEk,0.318904,2
Ok0fU3YcbsM,0.279928,1
3JjU3QZJH44,0.0,0
68R6zcRqXIQ,0.0,0
viJ-cSjp0aI,0.310151,1
RgzWqFRnwdc,0.061361,1
dayHzlnUbT8,0.142881,1
IiQuGUWhCng,0.0,0
fPHH5gYjB40,0.0,0
RZuiDb1EhNY,0.240329,1
cpa9gcq6JVg,0.214117,3
gTiUPrxpWso,0.126242,1
kbjkuZfZjq4,0.0,0
TbVh-2FyH6A,0.420183,1
00eQJP9BnCs,0.261157,1
HIz032ziVWs,0.194183,4
gCUJdhcfdmY,0.246998,1
oMBzpXCsfvA,0.393149,2
2Q10DwmpqtE,0.501752,4
XVsUBET0VeY,0.348519,2
jIcwBxy66zU,0.202554,1
tgMMl1lahDw,0.293487,2
qp9s9i6n7VQ,0.397364,4
vsoHg0wJTVE,0.261734,2
L32UDbnYbIw,0.173611,1
PPAejQ2wJxE,0.278919,1
IPUelJWGdKE,0.638524,6
ErHbq0QuElY,0.611441,10
yuz0ByGSAf8,0.355361,1
a2buNt_0_BA,0.338423,2
_HuimUJCNm4,0.788932,1
3xCme8gLVHo,0.22302,2
jMdi91NnxX0,0.250768,2
bkK0synp8tQ,0.328777,11
z2XlScA8pRg,0.224583,3
-k9XElxBqbc,0.268168,3
iMSVxCqZOXQ,0.393207,2
5YdvqKDCX4Q,0.330021,2
dVLsxdMVuCY,0.237607,5
CW0OtanF33s,0.354999,2
sMBmgUi-o_E,0.321047,6
Cr3zAdsMo9c,0.0,0
QKDyWGen6Y0,0.0,0
XrOQ3r0N6vg,0.0,0
wBYetF6WkTE,0.0,0
8Gmhj1bjx1Y,0.0,0
aDxLUv7IkZQ,0.185747,2
XjfBsa25yF8,0.0,0
shfmYaTFsOQ,0.0,0
J7cciKZHB_o,0.183032,1
2QVf0V3HvCI,0.312951,20
lvyaZLwbJEs,0.0,0
WrjlgDCYjvU,0.0,0
1TYm5l-bLXU,0.0,0
UYeA3oiKtk4,0.361937,2
jYbRRwoFQWs,0.155838,1
OKvrBw3-pbQ,0.357321,2
csS0a96j71Q,0.423753,2
65URcg-7tcE,0.0,0
07Mz6SUn7iM,0.332565,1
I5D9nVCBzKc,0.342536,1
l0eKNLJg8uc,0.366152,4
kRCqHgeZXyU,0.381095,3
dK2UKQD8K4c,0.0,0
459C3Cna6QY,0.550711,12
eTdjsxzi558,0.606637,9
dlWtPn2aH_A,0.477641,8
yL3M-Tj7axY,0.507772,11
_d3CAKJERbY,0.502764,7
Z_zVm7QbX_Y,0.03807,8
kBe6fqSqE4A,0.452595,7
v4kAAi9Rjo8,0.387945,19
IPSinVjberY,0.283633,4
Ypob5vWvNK4,0.380197,4
-pZLcmfh1hM,0.216672,2
BBR-JHIvBCo,0.438866,4
cPGWVw-_YBI,0.510442,12
gF4aga1iP7I,0.335889,6
gseEMEYwPQM,0.352421,3
92qPjHZs6Kk,0.186399,2
tAApotVyjoY,0.448945,6
8gmz1I1nFNY,0.117564,4
CxJyvEb4Jfw,0.699533,2
a9GjVRQa_zo,0.51781,3
kHOVLhxEFcg,0.0,0
0Nl3QY3FCsA,0.465961,10
uVAO5N3DtPA,0.266669,3
ESpZHLv-OLU,0.292549,2
1AW4u9aD49E,0.327099,2
b8P_D8XVx78,0.562444,6
uS8gNe1_sZ4,0.398757,8
l6zC3RVaAJ0,0.406951,3
ZxQHoutg9N0,0.411698,5
3B6vlcX2VYM,0.478722,4
ZK55LN1HWaE,0.443761,8
dugNZeI4130,0.249363,1
hIfsXv1UXSE,0.454699,4
YKwdKigHe4c,0.394405,2
FEJLVjkU4Z8,0.217233,2
-j2mNzZtnso,0.0,0
L5NYetsix6s,0.0,0
6mdBA8132-U,0.0,0
YeewBjJYN1g,0.0,0
B5CszwBSsLg,0.0,0
Kecf4RFEiNs,0.0,0
BaP-bEXRNec,0.081861,1
p54OM3Wm9w0,0.08594,1
SHFkypBMZ8w,0.204698,5
SpCcjbdoX1Q,0.677473,14
LZEmzn5vqz0,0.168773,1
CboUgF5r5bI,0.473844,2
1jx2GfDRt4c,0.104339,2
jmHUHr1WyYo,0.221917,3
4OhVPT5TGHg,0.246331,2
cZufoQj79Rg,0.370001,2
vyHMmpn_HCE,0.0,0
AXaHYUgy-rw,0.0,0
mBvQlL8zgfU,0.0,0
K1Ac-1dgqyU,0.0,0
dn8J7PPoYXs,0.0,0
FoopLovbdck,0.0,0
9E0UWexrKKY,0.0,0
uPjTFVNcYq4,0.0,0
jyDe5wI3WQ8,0.0,0
nTHRohHp8EY,0.0,0
CkT_P4CcRmc,0.163214,2
odvrYxQcIUk,0.137754,2
uFs_TBBcHCc,0.207064,2
FoRiM3-CmgE,0.19592,4
57LcLiSpt1c,0.219602,7
0_wikR-4ApQ,0.343365,3
D-Em-2YKyag,0.152436,3
hVOPYd6PUaU,0.10134,2
L3I--H_TrSk,0.154277,2
6x6nN62jZI0,0.220462,6
qCfp9XHnE5Q,0.260021,1
YWop2GEfUn8,0.056196,2
crb8mO9CCnQ,0.139505,1
Er1yLmcTsRQ,0.510224,1
IxfmtIckAKI,0.244196,1
9nCxoxJeUos,0.0,0
qhJS7AW3quc,0.0,0
TiHqZzuIY9Y,0.0,0
cUIweYpplbg,0.144143,16
twyQv2ydrJc,0.032276,8
mWrSozf4rjQ,0.081718,15
50nc3OI94qQ,0.062231,14
LI7_gvRzmJw,0.024533,7
zTbjy2cMrug,0.68645,5
4_NLaa3sTaM,0.197216,21
tYfYyQQP9YA,0.660226,8
MotiUoFdmjQ,0.05,17
9OxEqxS_O1Y,0.210927,18
cfemVmxWKsQ,0.553917,9
2JMfxRxO3Fs,0.44373,4
E35KrNHunNk,0.373891,6
sXUufILgUAo,0.405042,3
evhCqN75_AM,0.169046,3
LScVySS9Izs,0.36962,6
hYan80ZnAXg,0.2434,3
o0JqAQwvxEw,0.199907,1
p3w0AZG6vu8,0.0,0
D0U4Pud4iZA,0.157378,2
FDroT-w9krY,0.144329,1
RA7Wn6KCoCE,0.352819,20
83XD8xTe0Fs,0.327153,3
HHafCgCVDl0,0.193657,3
XT0jepJlReo,0.155295,1
1KDJsGM6UhI,0.34206,2
BxPvMxhKydM,0.827534,6
89G953REgjQ,0.824205,6
KQZ8a163tKw,0.779053,7
_jB8UJ7uiJk,0.753545,7
meAxTarfmyg,0.479363,2
vt4Yq15R5zc,0.0,0
p1aUgBycS7w,0.525331,2
wZWDDsqokNE,0.201633,2
P2WC9aQVm88,0.637704,5
AccQM2qSQk4,0.420837,5
DLX1wbYzGIA,0.578416,2
wvGMIarTGnI,0.0,0
lv2EsScPhlc,0.0,0
eSgGuoiL0AE,0.314615,4
usOXYIK7eco,0.274591,3
HGCWINK8X8k,0.201368,2
-zTRKdoe7b0,0.192261,10
5q4z-xL7IyE,0.06651,9
6Rvwl5gcCJE,0.177094,16
luXMwG_SFLw,0.152955,6
K77JlIO5R-M,0.345358,8
xink8-pNDNU,0.191616,2
ipJqvVGEEkE,0.35871,2
0ucrWgDY8vo,0.194644,2
MO5RZQ8vb8s,0.216573,2
_hiDDrsTauo,0.24788,2
9TjUch1pZBs,0.245213,2
pvTjzNGIlOY,0.148041,3
zvz_xCu_htU,0.153034,2
wuCftwW6MEA,0.241883,2
8PClT7xiN6E,0.020022,1
8TMjyZMCS2g,0.019928,1
Ziz-c1P5a7w,0.024633,1
7a9bdCKCGbE,0.199998,1
Eliw6lcwZoY,0.313856,3
pG4XO3__PiY,0.53122,2
ZTunNJEVF6g,0.432877,3
pgWJXGQcoXs,0.431705,2
vAYGCrJYyzc,0.43381,2
CKLLLOsxmh8,0.531262,3
nT1zpva6aCU,0.605024,3
t2_md4eZyQg,0.318204,2
OsK4a7vv3ZE,0.691135,2
BQE5eRiO19I,0.394284,3
pe_JJW_5TP8,0.218747,1
8iwTcLQBH8g,0.218738,1
bTuu_M-Fvos,0.21871,1
nrq-foG8oNo,0.21874,1
keI_LEUy3qY,0.218745,1
Mqo8iAVgTUU,0.037211,2
_uF8KsdrNuI,0.32533,1
zbaVAnv5Ikw,0.021651,2
3LYi1_cKrs4,0.244708,1
-xTyRO-GVcY,0.126933,1
AdfAy4Yl430,0.0,0
FFe3_RMpNkM,0.05423,2
Fxzh1fMD35Y,0.0,0
0FP87aIdKqY,0.0,0
zNJ1WA0bDyQ,0.0,0
0AB0ZFIU7xw,0.0,0
2IYvJcmc9vE,0.26385,2
774i0oh6744,0.374966,1
R3YnypNQJhQ,0.263274,1
eBg07JPmaQM,0.211198,1
xDuEGv6LE2c,0.170625,1
fXv3z2l-8xk,0.148015,16
iq5XqF08QeM,0.195195,15
0auGUKOAq7o,0.0,0
4cik9e1vs6U,0.105718,1
KqpPuumHUlI,0.0,0
SgnlZCfH-fo,0.0,0
XHmJXbUwT9g,0.0,0
pyN2uw7SeQg,0.140636,1
G_HlxipjIqY,0.386007,4
9CG3teI8Gsc,0.0,0
c6sH02daIWE,0.054253,1
x-xiVn1Rt24,0.034833,7
H1LG4fl7ptg,0.0,0
A1NqS_ydk9g,0.082146,1
oJlkGRu0Dbs,0.259442,1
N8x8yrp8ads,0.0,0
LbYAprlWLXQ,0.182674,1
ByK9n3_mHvo,0.130047,1
6p9nc58CZpc,0.0,0
anTzufjKEoI,0.202234,1
IdmMCc4WwAo,0.203366,2
7LNmPl6QJGs,0.612222,7
nGo4vUyfNO8,0.327762,3
STmXvE-nyzU,0.218152,2
9_D8eAEF2ak,0.361891,2
b0HJWomzl8M,0.150511,2
9wG0MoqfS7Q,0.316051,1
bGjue-qiV5c,0.05984,1
XBIJio9NcwI,0.226137,1
d3D51EH3fMk,0.380832,2
9869q-WXh_M,0.264021,2
Citt-0bkSMA,0.165596,1
ArJAENKS7gc,0.086887,1
jqaS1u9mcSU,0.139219,3
c4SoTZMLNFA,0.0,0
hsjEsjAEcIs,0.086111,7
HOFV-P0SYk8,0.029953,1
GMG9fkGex2c,0.0,0
dKI78BQZlsY,0.209763,7
gFpr_Mw_FBE,0.078663,1
ivXBnbJSphM,0.110743,10
ie8UNOdODdI,0.21988,1
3UavGHh72bg,0.228339,1
Kv-RK8LkXcM,0.714053,2
tSwFvkg7RDU,0.331925,2
unxuEDQJWc8,0.095304,1
TTs9nNbT_QI,0.195631,1
ddYbOgsUkuk,0.206933,1
8tr6Am8ls0E,0.761909,3
hCYlvznmZUg,0.608373,3
RTK_T7Pi1G4,0.396456,3
UKaNkTwyXvI,0.302841,2
Bk33180woZM,0.370943,3
6En7tVs22tg,0.337887,3
zM9GnG7sM74,0.162479,1
LReUEy_Tj28,0.222933,1
lhd_sEZjUGI,0.122837,1
ynmxNZb5H54,0.0,0
BhjdLzHKovQ,0.292731,1
bD-GON2ochA,0.148588,1
Vh1XKdYwgyo,0.14908,1
_QYo8FeLJgw,0.280668,1
UtAiesGjuK0,0.296242,1
Zj7lhZ0H-EM,0.163395,1
gerj7P0npHk,0.129476,1
0J1M3Uj-O2U,0.114358,1
jqLWe48YdQg,0.111382,1
cWZCfbwcQGA,0.356532,7
5eZ3e7Iz1ak,0.172281,4
caN6Niqf0ro,0.201857,3
YGtbeD5MJk8,0.126722,2
gJRcAtllGts,0.067199,1
Dww7hqUBKyM,0.066513,1
AYnfNzBuGzU,0.114222,3
nlmIlEfCTJU,0.0,0
ddbPJaEsez0,0.0,0
9Guxyn7Ya6U,0.0,0
OqPYmYpI6qU,0.366348,2
btvHYBLMhTc,0.744737,4
1G1u5Dwirg4,0.580122,2
XMlkAMaHbj4,0.560397,3
XTYR81kO2GI,0.661673,3
3ZDjPFZL4U4,0.447185,2
jATCZ1vXjUk,0.297378,2
q8HHu9u1o0s,0.327362,4
l9dL1CQ2XiE,0.37037,2
v24N5UQCEys,0.402389,2
p6xItYAT5TI,0.4891,5
sh4p4nESzjs,0.213426,2
iV-2WkJna8g,0.0,0
4nQ5aZcZMz8,0.090281,1
BcAORW5BRqU,0.061418,1
6q-NkPD9QWc,0.12161,5
Ahx3EDnSoys,0.02958,4
wovIz1mViGw,0.004867,1
XZxa5CC3D-8,0.147402,8
VtpFjlR-HdY,0.268525,1
B7hapjokQIQ,0.203112,1
zOpmKmUrry8,0.318716,2
zUe2bkXKfMs,0.365227,3
W9bjNkjs7Nk,0.264222,7
m1sp9IsyJ9M,0.366731,3
ZwGIJzAUOz0,0.079107,2
JmIN6mzsHU4,0.194773,2
kW250Y03YdU,0.114247,1
0qghFWChGpM,0.182795,8
zxullYXlMW0,0.23474,4
pVGvSn41gIg,0.173854,7
1b0BthpHVSw,0.040127,1
Xyo6mgJYzds,0.0,0
gW9flrB8mWM,0.420463,3
Lgc_hirI-oA,0.659878,10
CgcGHR789XQ,0.377049,20
dFaJdOMK_WI,0.383725,8
v97ineEnk7M,0.244792,7
v0d_cC7WRVY,0.406706,3
9095sZLk0QU,0.223913,13
_absqBgVw2Q,0.207785,17
5xtapz5TC10,0.280722,14
IvaLHl6xb1I,0.363505,9
QjCMwh6giPc,0.266214,13
1vs3eSPCywo,0.19367,2
UOJB0uvEhJQ,0.245397,1
QiPo0nuGUVk,0.299386,1
PHPjGJgbfz8,0.293745,1
yNHS8GcbqHw,0.727524,2
7Gw4i4xJhyU,0.271876,1
pc5W54KKQNg,0.130258,2
PHsE74TgogI,0.0,0
1ljX81JZGpg,0.376238,5
mob0Dmd6H2g,0.28494,20
iYfJKg3Xwd4,0.0,0
kNEzgJph1fQ,0.095524,1
sWEXBS8tLCM,0.265511,13
IYJbf1UnXuQ,0.195215,9
iwzcIFtAvBM,0.249338,1
EHm3l4tNlSY,0.701635,4
a-9s--tzfX4,0.558137,3
gcKxLP8shgA,0.242619,1
OmK9hvGO5H8,0.259459,1
pOJWxo2282s,0.253024,1
jK1EfCZ31fk,0.279575,6
gSFw5dAVzfY,0.0,0
0FEVaalplNc,0.0,0
FE4XIGNhHVs,0.220047,1
02_ODQyC0xI,0.235798,4
E25AbORosx8,0.113296,4
oUccpheCOXc,0.0,0
H88gL5RBtzE,0.0,0
nf7guWiSSm4,0.252249,1
4h0-ilKh4wU,0.249314,2
qZW1d_S_2hk,0.237819,7
3-A0LojplIc,0.0,0
67_6ZAe6x3s,0.585225,1
51QjOTnVFkA,0.024513,3
ILW8BXJagkc,0.005062,1
HcBT-sx8g44,0.245384,1
FcoLh5b4CvA,0.0,0
3Do16vk7wsA,0.098299,1
ljUVtydHDnY,0.217878,9
L8enTN8VttA,0.49272,16
lWYlwEyCjHA,0.165319,28
AxGzDnAwmnk,0.0,0
WlsQrBVzs_U,0.254089,3
42JZ72Qepy8,0.01863,1
RB71gcczzU0,0.295911,1
NFED4l_yfyc,0.577141,11
M7OvBQ-SZ7s,0.516331,1
xP7gm7Nfqo8,0.456175,9
VsFpKN2p2bs,0.418073,2
u-2IsZfyC8w,0.251672,3
dmcjDH-E6Bk,0.183315,1
B-zRTapDArc,0.133445,3
Km6S4ORv8Ws,0.242819,5
5Pgufq1Aydo,0.231789,2
RRMWCE93G_s,0.254819,6
sec1j3OqzQo,0.191144,5
FUqNuc3gcr0,0.186411,2
9otI7IxM40Y,0.209441,2
y-T7lKEq6Bs,0.0,0
WmztoPUs9fg,0.07629,2
LV_6fskbCQY,0.451206,9
bdFEnsjRVos,0.0,0
kDyPRhRQhi4,0.0,0
_L48zWoU_dc,0.389884,2
abzsmwc-Dfs,0.0,0
kPKwyqQ3Qvw,0.0,0
24QZOy-disc,0.0,0
VecvJ7h5nV8,0.0,0
EuCBHnh9XQU,0.0,0
xeJXGy0N9Xg,0.0,0
pY8AYfVWSbQ,0.0,0
CH7uMYBHyAw,0.158358,1
L6OEr9fJh8k,0.278683,2
0zIae_-A3BY,0.179901,1
X_RiT3_5CBI,0.16988,9
L36w-7G5OiE,0.121862,2
P91TqeIdx94,0.0,0
05wAAA6PTmc,0.096519,2
bhUn57NYqhc,0.0,0
IzLchPxXmcY,0.304957,4
GEQf40C74og,0.158064,4
ngCbggR16u4,0.136221,12
2Q7NpTySNPs,0.354369,8
qfHpPiobvwg,0.162454,6
ZH2dwqpHp2U,0.0,0
EyQ9Wjbdi3I,0.196084,7
uZM0TOvXNS8,0.512049,1
Nf7rTUH1vRM,0.229766,1
pGYtf583-AA,0.254538,2
p7R0V-YbyOE,0.102763,6
-iU0FO8tmk0,0.250106,2
pO6E3bIYvXc,0.132441,6
UAY6R-fK8Ok,0.183427,7
uzDHqmbzsMY,0.318663,3
HQTWLmrmV5c,0.41791,6
upcapYZhehM,0.040061,1
s3ZL6DsI3Po,0.182005,11
MRg_KuvYk5o,0.443788,1
4T359lbprKw,0.178349,6
N62r1yYO5FU,0.21879,1
nLajQFA74Nc,0.224542,1
fZT4BpA3Qnw,0.15965,2
QwjAkfMwZxI,0.162202,3
wKPYh1-uaTE,0.181747,1
V4OTP3E8E2s,0.17277,1
JE8oPU4845c,0.194197,1
wHUr_ufC21E,0.180443,1
tkRAOvJkDDQ,0.188381,1
Tl-HPhwd6iM,0.112938,1
3oxWHSgmKm8,0.119639,1
Y6waaJdYroM,0.042285,2
HbYQSeW3uUU,0.151952,1
7GwWM1VJuxo,0.761459,8
fciYyhORCTw,0.184071,2
TfhvdRpu5Y4,0.443434,7
fQm211LNOMc,0.33496,7
ZDr6efjm-V0,0.479503,2
aZ-sfnKdCgw,0.491476,2
IEPVlqICbpk,0.35093,6
6lMSHiQ5vpk,0.198687,1
n5laEeVFeeA,0.0,0
gsBwJtcvAdM,0.0,0
2dddRvTz0LM,0.0,0
v1K2nAclCaY,0.0,0
bRb22DbnFIM,0.0,0
Cs9FEh0ioDI,0.0,0
E6tHB4Lihlo,0.105743,1
qUotFC2z63I,0.0,0
Oj_ZaB4TZSA,0.159436,1
PYPn_HIwxro,0.0,0
mso0PeETKNA,0.0,0
YFUOKHE0hdY,0.236596,3
lxI6elSZ3Vc,0.152516,1
tC2oYm0GgbI,0.323418,2
Yi5zZ-MjhYY,0.20343,2
vfJPWSER6GQ,0.154942,12
Bv7PYSqaJyQ,0.354097,4
p78pwSYfzsU,0.304536,2
PpB7PdM4RLY,0.45431,3
ub1wI4Nzqeg,0.194887,10
IxT7uoPwgOE,0.284692,3
R_sCtbBIN0U,0.020394,1
5JQuOZ3T_HY,0.700851,1
Ye9eYFZ8B6U,0.215608,1
0565zIOpyzk,0.17588,8
Q0JS8FsnPgc,0.051068,1
xt9BuMYcPcI,0.585903,1
UCtuhQ64ryg,0.092688,1
-k9Cxa1fEOs,0.240373,1
DfW9Vb0fIBE,0.074421,1
TcO8IHcUXig,0.446708,1
i9kKnf1hpzo,0.170948,3
5c_pqJbCZvo,0.326069,2
kJAdpKd97jo,0.3687,3
usWmPJlEOC8,0.167275,6
V-EWUCCznLc,0.284647,3
Pj9COa9EEUo,0.304574,5
6i1a-lTfM3o,0.269575,1
xgs8Gz6ci70,0.167708,1
jwsyUKO44q4,0.446519,2
QTWIIr7A_Yo,0.246096,1
U2uADH6dLeg,0.141892,1
KtjJJ8z3-YM,0.292436,1
O3FJXM4qCKw,0.351302,1
-7t-f7yoS0g,0.476801,2
MI63Yz1vHf0,0.471927,2
0IidJfL_eJ0,0.369693,1
pygliQtoCD4,0.265793,1
LkN-1bqIfHM,0.186458,2
nC20dRX_mp8,0.233553,1
_RFCKxOs4Ak,0.221372,2
4DH7c6aYvho,0.0,0
z6Gtk9Lg0dE,0.0,0
0BgrWXFLx8M,0.0,0
HLctyR_sJ8g,0.0,0
B9T7W-MCFCc,0.002291,1
KFB4Y52M6WY,0.0,0
MThVg_-LT0A,0.0,0
4bFPLDn31-A,0.0,0
VWOuARyfOjA,0.025035,4
lnni0uxGXVI,0.0,0
J7TLVJlinKw,0.010513,1
pCkP7p_NWoY,0.0,0
--XgLGi9YmU,0.001451,1
itCjJ5Qmv7E,0.024913,1
iXbRtPcxqBw,0.024913,1
QfM0oycRzTo,0.021691,2
gq6JDhD3XE0,0.100972,1
QVChfSoDkGs,0.103947,4
fzhDu1-W76Y,0.103776,1
yTF9xqybtnU,0.095294,3
29qBuaURXDw,0.11699,1
l7lR9WCFWo0,0.184424,1
chniFQgxjus,0.150157,1
SOO07o-Hcfc,0.0,0
_w_0Dip3A04,0.0,0
unru6poupCo,0.0,0
-VuBfc6xpqc,0.0,0
skRkEocLhDM,0.0,0
hO0a2NDaE9U,0.0,0
ouL3eunIO1U,0.339748,2
pSnEcJv4JfI,0.236718,3
O88lFhCdMDA,0.119155,2
SqHYakXAph8,0.526247,3
uWMFhkzDixM,0.2457,4
D1TywemT7ZA,0.0,0
ciNBoX-YVp0,0.134377,2
9Rf_mDfSUxU,0.16807,1
nXovisOlxPs,0.007467,1
GQj_PpLXzCw,0.367973,2
1K7FfLp0sds,0.119319,1
4_aO0a8l8Co,0.238583,2
GPo2UxwGIM0,0.35244,1
ZRb17liv8F8,0.036977,1
56bpXp0aLjo,0.314178,4
3-_39p4Mzok,0.411013,8
vPCw0zD1mJA,0.355878,3
bIykuvba-_U,0.356251,3
gD4ieirbwv4,0.413213,5
jdoVyK8f-eM,0.393767,5
xuHV0HXyEPA,0.457495,7
Q5zBuSzc7B0,0.473511,5
L9FEn1oemYA,0.393914,8
5oY8Kh1Eg9s,0.321533,3
iVh31SCNtiU,0.61612,1
_aXsZqTANTs,0.245454,1
Xhx7zmrFG4U,0.38295,3
ltKNrsmLI-A,0.294042,3
FyF5KOCz514,0.139132,2
ZrfVRNe7mkk,0.004672,1
NXboBpQuXsY,0.15459,4
7N8hgMEMq_8,0.225064,7
rbIJS8xAmtM,0.050755,1
rePp5yQrN4U,0.034884,1
50kou1W1bqU,0.047072,1
1WuaHHPX7w0,0.20389,5
mZN-4OSUEtE,0.070649,7
QmueiTsyqiQ,0.350178,3
0KQdxmz0P8c,0.239213,2
TW3OCW-X8YY,0.274591,10
qkQrQS6DAxs,0.172604,1
zO3mIz1cSys,0.344383,2
KxmilqHLuYY,0.161749,1
0Te4GrUn3nA,0.271098,2
xYcIP7WYdRc,0.179276,1
jQ3CdT7U3kI,0.268663,3
SqDKtZvIp3c,0.232337,3
X-Mdb2X31u8,0.290377,3
0coKu_a_BMs,0.0,0
0Tu11kDsvPc,0.410132,1
eOrUS7ZrwhQ,0.0,0
RkB7sIQ38N4,0.116187,1
LJsL9M38Bkc,0.209891,8
L4Qyzu7BJUQ,0.169754,1
yABeygQqqSU,0.177742,1
YqfBK0-wuSg,0.235358,3
H9HvfZps7KM,0.17857,1
4_FKr6l4IQ4,0.0,0
aoro3uiXckc,0.28826,5
y9kQh6Hwk_Q,0.318028,5
Ne_chrvc_gc,0.241642,3
QDmy3K6LQps,0.204568,2
3Ohi2246_6I,0.268,1
VXygY9eCo7M,0.147922,2
iyMrvcX_Bl0,0.087715,8
tbstVo8VeQU,0.263803,4
bIIOrbW_HH8,0.21099,3
BZZsC61z4fg,0.345799,2
hO5SYvNqKB4,0.330692,1
ECW99NZcijo,0.232894,1
wzqLvJYwdJI,0.238124,1
zJWgQsbFLYk,0.234575,1
8LGILzOTpoU,0.16501,1
zZMbkBmsj18,0.0,0
woydsSbXyvs,0.112396,1
hciMKsZPfOU,0.034721,5
4RdPhGaPPbk,0.144314,1
zc0z5TUod6M,0.149124,3
FylOwMOmo2g,0.279369,13
nVpYMz2ylHQ,0.176441,2
2N_I6IHpoRU,0.007739,2
w7LHGbFtZWs,0.109429,4
ZoWsTB4_KR0,0.137096,2
4OWyZnn-LdY,0.066481,1
YZAXXQpAAco,0.000909,1
NJuj7owftKI,0.415909,2
PS8m0YIT4UA,0.127184,12
qi_M1rDKF34,0.724532,15
toFthMnEAq8,0.319265,3
b2GKt5WK9hI,0.261406,1
9cv_Q4X3004,0.220954,1
hIAWmGasmxc,0.132971,1
MOYUr6iMxkI,0.169258,1
YyFe9KCStig,0.193085,1
Ki2CZBjsjfc,0.470986,3
vDVEknwThLg,0.260021,1
tmU0u-i4sxw,0.842055,4
zqzLS69nB5E,0.224995,1
J5A1iLSs3Ac,0.715283,2
CfXcagZ6QJo,0.227957,1
txt2LZiKuug,0.242432,1
0B-BSnq4Z74,0.534466,4
3Tls764Sces,0.39666,12
FMcd8gBuZxM,0.272639,1
IV3CPMz2go0,0.294762,1
9hg8sWNOsvc,0.324398,1
WKvhKohx7C8,0.366048,1
Fl7ApKQhBCA,0.295076,1
ZCiQtK90qG4,0.288837,1
DtIUwdKvmWU,0.318282,1
orDCMs6iE7M,0.313486,1
UoheJER8Jw4,0.374582,1
CggmmQA9gl8,0.344085,1
h_KGNfOZjNc,0.0,0
a7e7-cRjxWI,0.186615,1
BF2WgIJbPXw,0.343161,1
rdRT3U5QoCw,0.810383,2
tpNUTSiBIpE,0.360251,1
3Jd-rMh8bN0,0.475786,2
eaQwlK2C9-Y,0.44546,2
Re4EZZDpM5k,0.344076,1
SP-6-mhYLho,0.388238,1
a8CWsTWpf7E,0.322967,1
qonl6GdIP5w,0.352661,1
_Y7UoJY9f2Q,0.884736,2
1wyfU5BCeQ8,0.31028,5
gltKbU-4dXI,0.259709,24
yv1j8GX92xw,0.313862,3
2GPCu9JeCCI,0.272587,1
6dDzULbPnrE,0.270701,1
5_qbWwdRe3s,0.285017,1
8K-_iKi7mtM,0.282959,1
redALBIuuvg,0.217855,1
JhIN3YOEnFs,0.274616,1
GyDnGoruoc4,0.222894,1
MH5KkrWCysc,0.281868,1
k9mCYKBKx0M,0.273554,1
vvI3RwPMhEA,0.134134,1
w-g_B8XgTNg,0.443136,7
lUh7yCSxJFM,0.679698,4
oqMGg5mbBDQ,0.103033,23
8BkWHdj2jW0,0.213133,15
fDa6OcTGba4,0.126062,11
mwCMBWDEJBE,0.099411,11
0bnK_dHGzdo,0.102097,21
kDYyrKSPjkM,0.302293,1
nZ0yM1Ks6A4,0.369255,2
R4WJ2VsHHW8,0.718905,2
-OYdBKtzS8g,0.47867,4
DSTDUDV0w5c,0.496035,2
TiQuzmd_M0M,0.210117,1
7Hjd47KgIcw,0.737095,3
aLQOpwIi0_k,0.346886,1
G5XsYTaNRvM,0.420345,17
4bO1eRfijnM,0.0,0
epyq0L4i-Qg,0.01511,1
j4xO1eJvuxY,0.377373,4
LTyF4wE78Hc,0.349092,3
oHGXjsX2brM,0.520207,4
FRdX5aaLY2M,0.225044,2
vhtTtJzCFCU,0.36108,2
vG5DNhkFb_g,0.357295,3
WH5-LKj-ArU,0.284597,1
EKDoM9Kghmw,0.132364,1
X4sJQLVafVc,0.396802,4
1z43_a7RY4w,0.0,0
mBMUwn4zqqI,0.00408,1
7L24wOJhcSA,0.0,0
lcmJCr2WBqs,0.052449,1
FmU-AmwJSdY,0.0,0
V6iXvy5Ex8A,0.232842,7
6oO1f7X838s,0.059597,1
0z0wT5JW3zI,0.167465,5
HyMrSlfK4Kc,0.11179,4
OhXWrnhnhm0,0.546928,9
GjXTxgibrco,0.086853,3
QRHINpV2CW8,0.189226,1
mdpO81Lp_w0,0.175698,1
pCt1v2nyxLQ,0.217711,2
wUphJlUgAPE,0.239178,4
fppKNLJWiaU,0.228282,1
yADvGQoFvs4,0.364648,22
kTZYQesVJZY,0.392625,8
0oWNos30ICg,0.366229,2
xNvnmkJ3eRo,0.0,0
j1JuUZLeEEU,0.381137,12
Nfac4Jm9498,0.027274,2
w7j-vUWRDVw,0.118125,18
raR4VKQo0MU,0.456055,20
Y0niFChwMqk,0.0,0
DPMzUtFAEO0,0.563849,2
3Xh76CxDrOQ,0.003239,1
6DGttLY7aYg,0.044954,2
f9o7ovr87LY,0.002886,2
gbnmTOBSHMU,0.441374,7
6LOcGLBV36A,0.0,0
fk0uYQah-fo,0.0,0
TIDoB5iYzVA,0.317115,3
Gva6Avq5IhM,0.131163,1
jA24f8dT4zA,0.101418,1
ZzhUMYurwzg,0.400311,10
0pO4A0WYSws,0.325503,11
MzjRGdsjCHU,0.128536,3
w3cVTqJzwB8,0.794734,9
ddWyeu9kr1E,0.231747,3
6kKgjpf3Ihc,0.507676,8
Gvaw88ysVHM,0.156355,1
IQ6qXY9gIRE,0.155098,5
OWjplMXTrQk,0.273669,2
fH_lwShRSfc,0.346405,3
2XzIYPVgXPM,0.076681,2
ZkfrsVj-LPk,0.0,0
T7S09XQUHlo,0.249788,16
Zc9nBTQw2GM,0.267525,12
NsxffCD49lQ,0.520252,4
V5jVVhrF0YY,0.117,1
b3IBr3-xGv0,0.145256,1
rSuWixbLFjY,0.114317,1
hO7FzPwJlHw,0.285357,1
ZaL99ZWFoi8,0.143818,1
p4okL7rPTq8,0.280939,1
AtRDuOKy4Rs,0.0,0
q8pj5W2xhg0,0.0,0
Mdq6VTpqKTo,0.095208,4
p5Lx6WMmLeg,0.058801,1
3lfFNypAPHU,0.059353,3
aP7jZ92pvEE,0.22403,1
_DfHfOJGjto,0.294273,2
roqGNBtEWNs,0.183505,2
xlctktTtE9I,0.174409,1
ZMipbolvIfw,0.139197,1
kZIB_izbsz4,0.208247,1
s9FYLKlIevM,0.182882,1
y9VFJ04OzKI,0.166459,1
kKduy1Wwjzs,0.14764,1
zGzQY1Y6oA0,0.184033,1
Z25re2Wqpzs,0.305329,1
ezCihKC_NEM,0.301043,1
btrMk9nR-rk,0.28116,1
NIzxazrFZAo,0.284603,1
6iSFA3-I4hg,0.312778,1
ECgpkgZPgEI,0.259323,1
HWbCB4VUH_Q,0.316967,1
VJeFof6z88I,0.418455,1
ssXsnmKZtSo,0.349391,1
3SXk--BNHHU,0.874963,1
nql5Anu4vwU,0.105618,17
s12c66wE-xg,0.0,0
Nitic0q7rsQ,0.183703,10
FhA5ITcNM1I,0.224712,8
h8OsCq4Yb9k,0.037894,3
_yUHPD_CE48,0.21452,2
8f1nRizTCBw,0.246287,1
LazIdKtDLA0,0.0,0
hVWjJYyET4Q,0.03774,3
t_dzZOT_SmQ,0.03774,3
AJYaKShKkuU,0.03774,3
-qbjP5Rs70U,0.149627,1
7timrgCsRLA,0.043226,3
cWdsVNE6vg8,0.232407,2
Y4c66WLNx5E,0.045711,1
Fsz4LTnx1oU,0.0,0
3bi6rN4Aht4,0.227758,2
qrePauTQDo0,0.021366,1
kJe9fjRr48g,0.009506,2
ztn4H5EaSx0,0.248645,2
cQjDkC0uBwI,0.262793,1
MV0VFFodHjw,0.061414,1
E_K50D0rN-g,0.061412,1
fgfy1lxDtC8,0.061315,1
JvBHiyfW394,0.061319,1
NM9oQ_kePMM,0.061389,1
m-1IJQ9IjRQ,0.061329,1
pwSfR34hoVA,0.061306,1
3hX8H5m9b9A,0.061161,1
GWnohCzdWwY,0.06119,1
7MCzD-BoS5I,0.061294,1
GuCGuvNB1ks,0.243937,2
lxoYOm4MP2I,0.139499,2
W_Cst469iIQ,0.421283,2
dcvKZ_VTJXs,0.164788,1
pKWnCIFSCT8,0.040313,1
rqC6e2D7lIc,0.218808,1
EvOnRgqtT9M,0.304251,1
plzitzGhsFk,0.124099,4
HC6j3CC-T9c,0.0,0
a2U2RPnwnJY,0.0,0
ARwadgWctko,0.363133,3
FG3YjNfoDuI,0.0,0
mp2rbNgWh_U,0.0,0
4UyJ3-XCYQ4,0.16286,1
B9oOh-xSEY4,0.263189,3
jQV36iM6kyY,0.136651,1
e1cCvBqsWbg,0.201159,9
xvilMx1j348,0.194375,5
omiasoEjZfw,0.100692,3
H9tbOYwbzJg,0.240397,5
EK614CKiM3k,0.064002,1
0oCqRFK5rLQ,0.438089,1
SMMz1e6QhYc,0.184431,1
Opxda6NqmNM,0.146496,1
doLZrCHEX7I,0.215175,1
YuT1OjKFbPE,0.306595,2
HfMXRJU7ujU,0.277466,1
iwaqqgj73B8,0.296775,1
ecTQZU1GblM,0.249223,2
BGkoBGp8N6s,0.186876,1
lXUJga_pE5U,0.10027,15
XsH_ZCG0rJo,0.31244,3
Z1y70IOaKXs,0.473732,2
U2wHeqG6T0s,0.409384,14
exdFp_2dkMY,0.473628,2
ITNvSrFwAjg,0.546246,4
sl6-esJSRqQ,0.268518,1
ZUxwosQ97vg,0.580358,2
UCSfy5mB24g,0.522145,7
rVEosly7hrk,0.216093,1
Isw8_cgt6wQ,0.330845,19
CT7G3YhLFe0,0.64759,8
cZrtb7vMPz4,0.359495,6
s8GE9oqBzDo,0.122529,2
xJE0UiRtlak,0.019536,10
_P1swfGa0Ug,0.155367,18
LY_8FhrrRqc,0.349215,8
LFIOWQqobns,0.270769,15
dlyom_W4h8o,0.156228,14
cYQ3t7fN3Js,0.314401,28
nppLS7uTtUY,0.103007,1
ODUWFj8jJN0,0.0,0
UxzZZJh6sHc,0.246175,18
vH96roG8CDg,0.253193,1
teXl9oDLYEQ,0.323321,2
c144m948oh0,0.42161,1
uSImVQNXSek,0.640409,6
4wQTDuHdEKY,0.680761,4
CAQrEFhmGvQ,0.598717,3
CgX_wZTMgCg,0.61091,8
8iiYez0tPH0,0.692735,2
zj73WaQhu5A,0.437649,2
AS37_LC9tYw,0.17904,1
kn1wIZZNuMM,0.597525,1
uXk7cSXOG-o,0.020509,1
1Mpt_5Xj7ns,0.0,0
_wmDx62X-sU,0.0,0
ia6Axu6raMk,0.0,0
XQ9f55vryao,0.0,0
ylC4TgGGypM,0.008066,1
I-LCYC-0zXo,0.0,0
NOMy_WcqzzE,0.040378,1
bLTwxRc0oeA,0.0,0
mE8mZYQyo-Y,0.0,0
3rlx883yo-w,0.038615,1
sU67GNvJgqs,0.05702,1
BUsnW1yaNrs,0.0,0
eFzWLezXLHk,0.321276,2
jm-l9pQF6Uc,0.164467,4
qkPSOQkQuSI,0.113417,7
M9iSwgEk9Kg,0.032808,1
HUX_uKxtxxw,0.0,0
acHGj8Yd7sY,0.48703,1
QdamOFHl2uk,0.0,0
_5kh1KBfzag,0.020271,3
BrKr9rawkNQ,0.0,0
_t4Dl-kkm_A,0.0,0
ciRvNy7IVzY,0.0,0
zNF2bRCJUR0,0.0,0
Plk-LWTUZjA,0.498639,5
NUK-YvryznQ,0.375197,4
mTdHqCW8PtA,0.414446,2
-IUkHSdKw9o,0.438434,2
FT-DAN-_D0A,0.320246,2
wANA4t12GgY,0.447159,2
3CvSCcXLeiU,0.157769,2
wXdztVix76Q,0.219329,2
h4TZKq2wMoY,0.251133,2
1QCxnGs5C7E,0.19541,2
HYb1iZlM6dk,0.292441,3
4k4L41un4UA,0.184658,2
TeVmy21hoX0,0.073264,3
xrE-9QkW9fE,0.064477,2
j4KHDgyVenE,0.072508,4
DUX6Wjdp1x0,0.079082,5
MjOKozJtaKY,0.0,0
J8CXCLYRbd8,0.0,0
ue2TUd4coBU,0.001919,2
odsC2nQwB8c,0.0,0
qn6Q0mzEjDg,0.0,0
8V-yia1iLBc,0.0,0
6XPNdjVmh6U,0.0,0
50pkLQJLcUA,0.0,0
CfwXf-oivFU,0.0,0
yZgKdDxckTY,0.0,0
2oDHPgO-lAw,0.296682,13
CgsaoObug04,0.385046,5
aNaZBOgbev0,0.402732,6
mm7kA_cBpjw,0.501083,5
hPyP6fqRVoQ,0.838539,5
GXbdgN8qw4c,0.057219,1
2JyPLThmbn8,0.055109,1
wjL5iB1nBYY,0.058773,1
A0cnlIgtK_A,0.184121,2
ubUIBvZmunw,0.186571,12
HxxUKjME3o0,0.0,0
QBdy5R-3xfk,0.0,0
ttLi7Awl5-c,0.271259,2
qRYIoAoQ6DM,0.376518,4
RTYfZZGFsfg,0.168079,1
MCGTKs1OyCg,0.318931,2
dkAaIfC1JrE,0.099025,1
3RJ3nGKtvwk,0.150703,1
aw4t1u9OocQ,0.134765,2
WmPjKMLTtfY,0.134232,1
yfQRl7Z-QO4,0.0,0
-p6ZwYivqcM,0.0,0
aq5hArusON0,0.0,0
5G1HgadHM04,0.26656,1
OIxqbaCMZVs,0.132265,2
Dd27YxmMJRM,0.408147,23
ldPz5cgqAwY,0.265437,24
1PpECjv_8Ik,0.362711,7
Yc2xq-xhYww,0.631286,8
cj18EceXuJQ,0.282114,13
uM2hZo51gSI,0.695053,7
XGbVF5uydtM,0.175933,5
lAibICwcSFo,0.572235,16
37cQ9MrNYSc,0.205806,5
dOWBcbwkceE,0.441505,8
WvZuyhvkmIM,0.191834,1
82N_Q_Ndssw,0.002157,1
OWWPivZzOFI,0.399708,10
uGwwecfcVKU,0.265781,1
f0GedNZRaU0,0.298074,1
OBaegZvGX5k,0.226532,1
xKtj73QNnuE,0.303337,2
M5a7WFkwymY,0.248563,3
l43we64W9AA,0.3394,2
T9l5ZoWaRoI,0.475623,2
50B76yf6MXg,0.201247,1
Nwzj-9OyiY4,0.212777,3
6UmY6Dong6Q,0.213164,4
h5zN_snvU8w,0.296607,5
HVOEc6ipzAU,0.234938,3
IdL0tQsWOZg,0.138779,9
3l_6y3J5_Pk,0.161835,18
AhXMkUfz5Og,0.059614,2
wHRqZNvWzWI,0.0,0
Ws-ZPqVHsxk,0.0,0
vXVysLnw1g0,0.0,0
xqNFzqVuXAI,0.075422,1
qiC_Go9K1xk,0.0,0
NGc-VpX1rZU,0.09849,1
z_-jmX3qrHk,0.0,0
a-YksUtjpqI,0.0,0
wl6ievJJFEw,0.0,0
7Dsm5Dgx1mo,0.0,0
jMpAtxhWArw,0.794939,4
2vLvCNWiLTQ,0.431668,1
KrmMW337u-E,0.385837,3
LB44EitvkHY,0.092687,2
eWE8O2KVJe0,0.234592,1
S2AEBhUnJS0,0.373477,12
BRM3OUNKZZU,0.379719,10
yOKYh2L09JE,0.0,0
IfqtCKQ0bHQ,0.0,0
PaeNORL-G8o,0.075582,2
bJ96aLU64CQ,0.073677,1
Cz25F6lbi84,0.102386,2
rpP_UxkUZx0,0.0,0
lk6CjO8Wpt0,0.0,0
Js3N44MSVSI,0.0,0
BeZAYh0wris,0.0,0
VL3chPT1SQ4,0.000482,1
mmj-RfonnkE,0.572798,9
a7ifDqs9czE,0.537019,6
abt7N19JfuE,0.663025,6
Fzg4Jt_TdmE,0.220758,2
iHV2inJp3cs,0.168087,2
-vTuutuliec,0.586518,3
tAw6mqKQB44,0.55074,5
p4nxaKFN1q4,0.0,0
LkaWvjSP2bI,0.0,0
y8SrKRv4SHk,0.0,0
1gX0wP0CVQs,0.0,0
lNcr0KMt_JE,0.234055,3
qE1wBeJvSH0,0.0,0
miWSzRMMXZQ,0.032278,5
QpjJve0ps9s,0.255653,8
Da1xiMQ_T64,0.0,0
oPfyn3AJSck,0.379982,9
EkAS_DmNkJs,0.348975,3
fN1nqI0OShE,0.326344,5
OoTS5NdNMrA,0.255443,6
5qS0j1PQOOA,0.667346,14
-u2li6LWJAo,0.317692,1
hkvwISlvR-E,0.105191,1
9by_r9NjIzs,0.602918,4
sRIwWTvPGQY,0.791557,15
SliiXMAYouQ,0.314372,1
dQgJrXAeYls,0.475009,7
xQhkDCNlLzY,0.204978,10
Am6qLasyxk0,0.630522,3
bL9ylX7gXRk,0.496404,5
7GMKUk_Z3fw,0.337593,3
Jl3IsniSaW0,0.212697,8
-C4vg0LcCUs,0.526861,7
i58XerAmrGg,0.77472,3
D1aFtp1MqUo,0.343395,1
l8sVF1bQ4LA,0.0,0
qY9Q2r6Unug,0.097593,5
u6oktR--Yxk,0.186088,1
4ENoQIWL8-E,0.160056,1
Xu1Du1rEFls,0.144762,1
vZuETL7OM1E,0.149594,10
87rP6XxZHbg,0.0,0
iHUnkk00Q14,0.129891,1
2T5J32-Ziv0,0.435038,4
RMapihxhe9Q,0.364444,4
xv7WsfS7sDU,0.353252,5
FeDzmIHXqik,0.035017,1
rmrEvR7Quoc,0.233472,4
V133LkosJPo,0.275538,1
fKGtYVBIrsE,0.459234,1
cp_O0i3SgvQ,0.0,0
eVef1JI-vaI,0.0,0
IRUZFU6b7wY,0.06921,2
4iEUbSAT9dM,0.0,0
1aQorq_fS4U,0.0,0
ZFaiJuaXUJE,0.27976,1
ReeYO6Uggxk,0.344646,1
CeluASmaghk,0.283337,1
4FuxdCrLDcc,0.271411,1
uKesA7B7IZc,0.268709,1
27gT_MAV05A,0.290866,1
giW_UFOE_iM,0.301913,1
57CMk0pI9ec,0.335081,1
TTTqRs6cITI,0.281387,1
kBXcWbYBLQ0,0.279989,1
-2xa-Xu5eaI,0.0,0
gxKcQyobF1k,0.141533,9
8QtgGzt-Ink,0.370636,4
8yLEhS-tg7I,0.349621,4
-8o2hbZdgAk,0.310766,2
ECKmgl6Tlek,0.514049,5
e0lghYubNvE,0.498597,3
v1ljSDmRsu4,0.252548,1
ana2rPO7qfU,0.469895,3
IY6clQAYqKg,0.58129,4
GjlQCGMh4-8,0.38124,2
msO2QUaSK1M,0.364519,3
t9MIGJOjTl0,0.270001,1
c20kNKtEytA,0.451796,6
yngVBZ7dLYg,0.279324,3
3Ne2fze8xOc,0.195671,2
zfWWe6k4Cjc,0.136063,1
TcM8UlQq--w,0.484628,2
t2ibS2fD5Ek,0.154826,3
AEv5h-qNFCs,0.285489,1
mIyuI4yGFeE,0.10387,1
GGN10z1rXWc,0.265258,1
5boln8klI-g,0.0,0
m2WvesYODR4,0.153387,2
J284pOf55mo,0.103235,1
7ZAi8gwYD2c,0.502193,3
llHJ3X9G73Y,0.666374,3
fs5MRV96qdk,0.50238,2
61sZmCF5Wyo,0.3223,4
PNGHOAwFC2Q,0.301706,1
4IeI9ATVHXM,0.260907,1
j-VPuBm2_PE,0.329052,2
6PcrsGeTvfE,0.183569,1
KwbqbUCmtvI,0.0,0
T1u52rnL9-g,0.102729,3
pqicKVQoHyE,0.021035,3
Wkmyh7_yJyg,0.0,0
s56zzazZM2Q,0.0,0
g5hlp5l_Ib8,0.055659,2
MKljC9DvmZ0,0.0,0
JyeTrbMOrD0,0.0,0
JCLzRvVO0Uw,0.0,0
z5s0zdpdz98,0.0,0
MsW45DqYSik,0.425554,8
KoANWu85V5E,0.383711,6
emPvVqbywCI,0.213478,4
zsyJ9stX5WA,0.272997,4
uknnbPq8hYQ,0.440636,25
HBnWD6X8trM,0.280924,7
MjUT2ZTbAIk,0.382262,8
gPIgGFTbVXA,0.257247,7
7Wio39ycx2Y,0.171781,8
7nqKa5nf3Js,0.432714,9
AWcZqq1mPWY,0.287037,2
KRpPoMYgxyc,0.578409,3
BnZp-d32yfg,0.497859,3
SNn4XsTMLRc,0.494103,2
LTx0wzMP1YA,0.30537,2
C_GoNGVF3_Q,0.572865,3
R0UEWLCI1WU,0.502703,4
r4NeFzEjRds,0.315885,2
cFnFVQtkL_U,0.256852,2
O34zJFpxar8,0.019317,5
6Mzyc9-DVEk,0.45402,19
n6BugTa8DK0,0.0,0
R6lfR8rwCAA,0.0,0
WZ0JNETJ4Qc,0.284508,3
EZqBL7POXw4,0.004592,6
0w_EcET0szw,0.0,0
BDOiwasqhhs,0.0,0
hBpNprDP60o,0.0,0
w7fDmIDpTvQ,0.242617,1
Ikcr1-tZBWc,0.0,0
7mg6JUKMp0Y,0.124242,15
CVl3_4dTwfY,0.103891,3
3QVoeF4pkNY,0.136715,20
AlRAFPQ0C9I,0.0,0
JOoCt4iXKPU,0.021707,11
f5MwmDYsKqw,0.0,0
vioFL8wDbhU,0.0,0
QNg9c9mBVh4,0.028891,6
aPfsrfMqetU,0.449002,6
ZHytmSz8TBQ,0.08474,2
6W-xlSmcods,0.177584,1
P7PzsLURZnk,0.052606,3
a3AUiAuqzX0,0.204704,1
3EREfECd4JQ,0.320665,6
fJziyqckxYg,0.278727,1
7ooZGiBYDz0,0.231093,1
c4iA1miEj84,0.620317,4
iq2wxrMqJ7k,0.259782,1
iajmvcKltec,0.243822,2
oRdcI8lyZss,0.245229,1
UpkCmWWX0pI,0.16147,1
Aq9DcdU7Hp0,0.096196,1
mEPkiinWln4,0.107881,1
6_LJx2Vw17Y,0.172165,1
93Uit9HmXSg,0.110094,2
TfumSA_XZc0,0.203206,1
KmJY99GtF3I,0.105457,2
o3HsXWaAkUs,0.655211,2
rk3D_SihouE,0.215506,1
VsIjVTrYw2M,0.382452,2
y_gWKClhx-M,0.213125,2
EJCEVDnQQhQ,0.191796,2
LVllMCVNxZ8,0.15827,1
OPyYbKRoia0,0.073345,1
v3xybyXGuR0,0.116887,3
ZdnbeJk3F54,0.0,0
5V_OQvDaKfs,0.574861,1
_JvtBJBKvDI,0.526015,5
eC1BsVskc4U,0.0,0
dbOOqkxV8mE,0.061772,3
eyoIptdUozg,0.0,0
dyc8cR1_q9k,0.0,0
YZc6KUImnM0,0.0,0
8-CeqMs7Gag,0.0,0
0ocqJ_4eaQU,0.0,0
sPFJglcN3_I,0.31546,2
lP7BKZsL2oA,0.315533,2
nfcoE1_7wsY,0.315452,2
78nFMmcGizQ,0.320569,2
v6gWDB1Q4Ws,0.0,0
T8LGD7gFODU,0.0,0
O77bfroKOjI,0.262435,28
k529wUXnQYc,0.0,0
Z-OAF99hK10,0.206922,1
4L2G9WPEkok,0.320966,5
hqkUVRmwYe8,0.404105,4
HMrshiZajes,0.309374,5
zMR_FPeKkYU,0.519455,4
JMHJHF2_eAI,0.558151,3
ZDG5u2ioqKQ,0.610584,3
R9uz3Y_z1G0,0.329224,2
Hg-CyNFvtHg,0.309422,4
a9tKGbrg7dg,0.403633,3
dTkOyIqJl7o,0.314106,2
EA-2xQMNepU,0.29805,2
MA7WgdZNkjw,0.350693,3
kBsMEvTZr2g,0.359188,2
b0r2QgSWkUE,0.190414,3
9dIHuZvulnU,0.319677,2
e2KRHLoCcW8,0.53186,9
L_B3F6V7Fqg,0.378823,2
2pdQvsRTteo,0.376426,13
NeiAklK4bcY,0.183203,4
zcXHA6lm3DE,0.133957,3
_ITpmwNS-QI,0.084571,1
0BgVDr_tkro,0.306039,3
V8RG_4xJ0Q4,0.202418,11
Ap54CRPCNYE,0.355868,1
Yw9PEQ2qo44,0.363592,6
-Btu3BydQbI,0.321506,1
UBE_aXPAR14,0.217757,1
6Flr4qFhwDc,0.331222,1
kQCfR5tpx80,0.507965,5
3Zp92nDv5Tk,0.51518,2
GQ7p3PmW4Mo,0.261271,1
hfxSMxiiadc,0.254105,6
nXinDtOQMLM,0.383775,2
vHomae7AsTQ,0.324671,2
jV7XEqbZjZg,0.240687,1
zexXTLiB7KM,0.278331,1
jsMLUoNjBPA,0.21261,1
YSOz3rFeFbY,0.440123,2
oR18OQOuA0o,0.27036,1
hs85_AROSuY,0.0,0
pBipnPALMyY,0.0,0
yCcy01mZ8oA,0.414992,1
YuhzMNWvN74,0.0,0
QjAOYPLsbMU,0.0,0
cWBDnm4XKek,0.011979,3
zEd_GAZ-jQU,0.0,0
O9YWPyC79pE,0.0,0
KORJliBqT5U,0.57274,2
0457pbjhHLg,0.526595,2
gLRfngO22ok,0.58066,2
qmtooKkBMoY,0.485206,2
eitZR1FjDsw,0.141079,3
Yv_FzDgkVtk,0.438643,3
Aiuru-VUpeU,0.721782,5
Hordv_OgLcE,0.538889,4
SulC6Qfw6gs,0.286889,1
LoaVHcAlt2A,0.269385,1
JLd4lekHMBE,0.319218,3
h75ZvvoS4nU,0.283896,1
iS-WqVTwEAE,0.287877,2
fOhjD92bWp4,0.286187,3
c3EgU_MOpHM,0.0,0
gBM4Dq9U_io,0.276211,1
xKhFYAL6hUE,0.240785,2
TEIsmHi0amw,0.040015,1
0zmFmnFwzZ0,0.016054,1
i_DBL_hHGMs,0.17116,2
EG1I4Y-Hf-s,0.0,0
toQOgWrAjCs,0.41662,13
sNaZNE_rubg,0.0,0
JIHYRv-hbsc,0.167638,1
l7KupfrsyPw,0.191612,2
n9cRAurbQ88,0.254805,1
0cbknpLxJq8,0.0,0
Nb8F0rImis4,0.0,0
KGcHXjuz8ZQ,0.325975,2
SWdUjXQcs-U,0.0,0
73x_l1OwQ6A,0.0,0
puZVQ_2iLyM,0.0,0
kZgQZLAIjz0,0.0,0
NHHnhkGxvx8,0.120871,1
FZkHI64Xs8U,0.482686,2
RFy8q_5KM3w,0.031203,5
BVEXmUajHfo,0.233193,1
ArfaTMAhQnA,0.0,0
19cNy1Boeok,0.241535,1
aGnZpr38_BA,0.003423,10
xtPfRWM74Fs,0.270403,1
4_Gu29F_r2g,0.193633,1
MP5IOd6ccXE,0.295945,2
y_7dVUKsfyg,0.644339,8
aNAx8uYKKH8,0.0,0
N1-suNmrwf0,0.278316,2
u16H2uGhtAg,0.599886,19
8R-bS0_Q4UM,0.329327,7
A40sP8sgSGM,0.26611,4
lV7jf01ScC0,0.305347,5
3UWrMZyPt5A,0.586934,4
7Cpp6ckefac,0.348247,3
iK98lZW1194,0.449626,3
i91p0HCgcKA,0.666681,2
PAFt4mMn0Cs,0.247807,2
JPjEjBtpBHc,0.378128,1
eiQU0YQ9Z4A,0.027655,1
il0s8kucXrc,0.027655,1
81H63zK-WCg,0.027655,1
dHTL3skqLNE,0.027655,1
zt3wt3sowNI,0.255305,1
Oj6QWmLkIVI,0.047493,6
hNFe5Y7nFhU,0.131329,15
NcEEuJqoDH8,0.261877,24
nvEBgZg32jM,0.14136,23
gw8oybaa6GY,0.348223,21
gdUjFKyafrY,0.167114,12
eai-iOJUc8c,0.059631,10
2LgsOQTt1jQ,0.254266,3
x2uvavKNoG4,0.115104,1
QreIjspAI-k,0.253787,3
ZJ4w4O02Mi4,0.302686,5
yy_oV38-Wo4,0.250727,1
JBNX68XsEOA,0.444481,14
Nc3HWBHtsic,0.0,0
UJYMb4nvLu8,0.376063,7
bCZ2RcD2EJc,0.007994,6
7OpHnwYP-50,0.0,0
xQM0nZ2w6Fg,0.0,0
L5yIMaIg05A,0.368134,4
EIF4gsdfVj8,0.341008,10
-aDlMeQ-CgA,0.345779,3
4m2GFzVkJaQ,0.328315,3
PZG2d948zWY,0.352718,3
JHs5EsvG9OY,0.342555,3
FB3EFt5mHLQ,0.166481,1
1WIvE0NNWh4,0.206461,1
Rq10OgsQ_Zg,0.049867,7
mSJzM7jfaCk,0.133241,10
DTK5wTbKmkI,0.030625,10
W2p31l1Uf2Q,0.162523,2
Z-rhvADNTm8,0.083588,2
SYmux6SMFwg,0.09765,15
kJEN5j7vdKM,0.271886,1
XgQMDCHNI2M,0.209899,7
lr0q4deTtbQ,0.013711,1
oWZsCtTq0RA,0.0,0
ZM-Sb-6Ln14,0.098273,1
PlLJu0MUmOI,0.436045,3
FRI1hhBuFQ8,0.0,0
8lmQGOZ2iT8,0.0,0
5ouh-aMY2e0,0.0,0
C6cfr6w6H8g,0.0,0
8NxMl7U8vj8,0.285095,2
4VqhKiG6Q6Y,0.285095,2
J_DZMd3fLgA,0.0,0
6IIoCaO9jBM,0.0,0
nkdjfyNhYfw,0.0,0
h54H7dqE1c4,0.0,0
mj6NCf-ytCM,0.0,0
NRpFiAgD2Nk,0.386858,1
As9PkwcI_mo,0.307282,2
xw_y64ARnh8,0.181557,1
PfUJ3fST3VY,0.181771,1
dSnPg_q_2o8,0.45597,3
gaEXF-_Axtc,0.157845,1
J1z__GvkjvY,0.225285,1
eUR7AKo5P5I,0.060799,3
dXOR_ScD-5I,0.143336,1
7kpNNaK4jpU,0.746061,2
-G59KaEKgAU,0.328336,23
6_i7wUuyx-w,0.24231,12
p1UgHLSfqh8,0.077211,5
pqo-h481mJI,0.39083,5
kc7B8HQHd08,0.032743,7
QLOm8crs7G4,0.356099,14
DlKjfMJ9S88,0.177407,4
pEcF-9JJqHE,0.242974,4
RJliY4zbo_I,0.240573,2
YSK4mT1QHFE,0.289288,4
_vRiQX-i5Jg,0.593824,14
4wSiU_tVPcs,0.305288,1
f7LmoB9aEsE,0.554882,2
5ekU7AGJoDo,0.542888,2
rqqEELXtm4c,0.140933,1
N84Ze0l5UcA,0.241551,1
zEL6afroEF4,0.276622,1
q_iCxsJLzM0,0.273269,3
yCUSufxqLcs,0.259797,1
K0Di0TGFmik,0.0,0
ijPDHUG6uZc,0.0,0
P1BWt1LqRNE,0.100654,2
Blo-eiXJtDI,0.0,0
vTlMkNVHHCQ,0.224141,1
KESVavDx1-o,0.505443,2
y5qI_SY7sA0,0.231275,15
vhgG7B87kdY,0.17339,1
p6KDt8iXBF4,0.155407,1
m3cPIlBGVs0,0.191546,1
X_ied34jYkc,0.44931,11
2BafPD2PYQM,0.254278,3
k2n9yiMiXNk,0.339448,15
ttmlDd17tUM,0.318516,2
BuWFEaQ7ejk,0.278832,20
EVhT9W5fVng,0.157339,1
FAoLywybL_k,0.253666,3
tXVWXO4LuEE,0.233207,17
WfNQj1OUAKM,0.782996,1
f-ZHEo97QvY,0.188037,3
enAX6OKQ1aQ,0.647657,2
KOMEIoCSa6w,0.507021,7
yvft80eiCrU,0.612004,2
IQo_yKUkdic,0.396762,1
yDgG4_iPFeU,0.48509,2
pA3tWIaBn7s,0.320501,1
JdZrDD4RbC0,0.130873,1
1_F21esR7aE,0.083409,1
v-XZWe8dNeE,0.12202,1
tkqNomzmLZE,0.269939,6
U4jz4v14K8c,0.076479,11
kbl-ZtT0qW4,0.629546,7
tkdKMrCEqRo,0.034928,6
MeRBY4N1ug4,0.264121,4
S4u5BndFe-U,0.211672,1
3LPQiCCn62g,0.156846,1
BhqTkw9tYVE,0.002932,1
3mv125VDq9c,0.138737,7
_93Q50vwdyg,0.489027,6
_HofbYlAIoA,0.265879,1
ZIF6twG96h8,0.265156,4
VlckFDf57R0,0.397547,2
QlQ1H4PdVO8,0.544208,3
qingY73HO0A,0.501096,2
Z73K9UIwMHI,0.075591,13
3346C8AIIsU,0.31403,5
hDGDvEGHlhA,0.599729,14
QUGHCgHXZBo,0.282113,11
ALVW2T3L1bs,0.334855,1
bc9YawOMtaE,0.241774,1
TLI_g7HsxUg,0.315042,2
KP-CbWfOMbY,0.254182,4
rmed48vZHgc,0.299837,4
h18YroFLMqQ,0.147066,4
L1U4IRpkUbw,0.350262,4
1vfUpoMrBJE,0.368026,3
nMfIr4sxg2I,0.222913,1
F8hrRsP16mA,0.0,0
ESS8B2-1RGM,0.25875,1
EPZlR4nEjrs,0.291336,2
PcYXAs47FEk,0.238753,1
RPMPqZd4qGs,0.07803,1
3_Xvq776NLw,0.405004,13
BZ3FONxtS0o,0.38668,5
Y7CF2sq9JZY,0.212475,26
opPHcZ__6fc,0.367052,9
ZJSiNQPe5Js,0.188839,1
gSnALNIVVzg,0.328019,4
QvH3latR1ZA,0.241564,1
QgeBTF8-C9w,0.229518,1
yD1_eXMcZu0,0.239806,1
dbyGgWLPLyg,0.228606,1
X0z_VHVMfH8,0.239004,2
VgpS_UqzYRs,0.227017,1
5HpobeAlq6M,0.0,0
Be0YvRF_M44,0.234202,2
RD1qRk4wKVY,0.002977,1
8hOrwVhxF_4,0.132914,7
xpoRKzVejgw,0.005187,7
XMjIgB5lA0A,0.432786,2
sPpjQ8Y7Oeg,0.171849,3
b62z3KmOAko,0.5692,8
qu3pnaWMhOQ,0.0,0
eLlUVAKiI_I,0.177827,1
aswP3Hfh3nU,0.184936,1
PmOpXom0hto,0.0,0
hqgjZvnFC4M,0.0,0
Jw31qzvvqbk,0.0,0
gwXuUXfp8Zo,0.0,0
v0EULaNr-9I,0.151701,1
V2qeDKqbKGk,0.149379,1
yIdZU3G3O5Y,0.162164,1
qhu8P6mm5SE,0.0,0
gfh0-DQ_2Hs,0.0,0
Pob7w6UyV7M,0.0,0
-N4pa0KRk9M,0.0,0
bLCejghM7ew,0.0,0
CKfk3-mccF0,0.0,0
_RUYWZIONPg,0.0,0
QGf9K0XN5kQ,0.0,0
OyaN5g5aws8,0.0,0
lLtHbZg9m_g,0.0,0
YUioeXeZOcs,0.0,0
_1qTiq2rC18,0.256184,3
KR2mVXBg6MY,0.0,0
-C3K4FGLcoE,0.0,0
eeuPmEw2uKs,0.0,0
PQ1nlH0hqMs,0.0,0
5ly64ejjJ0E,0.13156,1
nrLFiqhqnMk,0.0,0
hW9HPYbYXd8,0.091069,1
8hiRqcbpOB8,0.915843,3
kmXbrGYGwvk,0.283234,2
DbFmrtHo2eg,0.440844,1
lBvWcDiIyIQ,0.566083,1
8m63mMBcwl8,0.657783,3
pQRz19ZcwL8,0.618995,1
yel6E414UjI,0.302859,14
snzxqMjxToQ,0.180051,1
UXfOKezCqM4,0.339448,2
e84vXP_Y4B4,0.479438,1
-xAnHDGIdQA,0.0,0
J2zcBFJMauk,0.267484,2
feURb6_nfCY,0.002377,4
a1qm1c8MnIM,0.019355,1
GzzqMcUI4K0,0.0,0
kb-qag3GUOw,0.329508,2
X-yRByBq68A,0.0,0
HlmDzGFKRZQ,0.217908,2
mW9t4IPnCfA,0.25533,14
Xb_FF1HEsD0,0.091746,11
6G7QNa5DUYU,0.253481,8
d-5xgBcT8bU,0.262105,18
Pu6SY3nkkK4,0.234693,5
Vp_Nbq-pNhk,0.15359,10
oRi_Y53nX54,0.152025,1
wCTt-UBEhyY,0.66885,1
OgwrVcTbTHo,0.142129,9
7TbSvQFtkMs,0.0,0
VMMXdDu4Jfk,0.0,0
2OrgvEbNgo0,0.0,0
lK5JUsc8G0A,0.214104,17
WzpXYGFv_AE,0.0,0
gHFgiCpyYqM,0.172529,16
45bB-j4aI7o,0.036623,6
iPD_b7PdvfA,0.0,0
L-iFqRY2ZV0,0.079406,16
6grt2LIwLhM,0.177901,17
MAaNUw2_j-M,0.107667,5
y3geCritVfM,0.290431,1
s1OyaMJXMqI,0.0,0
1vcvF3wOwcM,0.380739,1
EWSoM0y7HGI,0.099538,15
Rbd70gtl5Hc,0.394832,5
p9t5fkDFBm0,0.253414,4
9hscEh6F3LE,0.307488,2
gvNBHN1FReg,0.416609,3
Y0cPpGBDZG4,0.608351,3
D8df3vGiX9g,0.325133,4
CUa1MD8qmTI,0.015946,1
8vkAiq-dcKM,0.0,0
fvbjNLG8N_M,0.0,0
Bbh7T58LKtQ,0.217795,1
Qh5yct5uMeE,0.207528,1
O7s3rGpBcyg,0.069606,1
vUZSuD9IHpw,0.028704,1
vKc5mKtAIz0,0.128504,3
gwOtWrJ1-xI,0.198634,1
CS7RFKg9Jgw,0.213714,1
fmCdIS5YpcA,0.441045,1
rGaCct-HGxQ,0.512393,3
H4SCuKZJ0Vs,0.556844,3
T3nlp_k_FRQ,0.313958,1
cQeeOsdjbaU,0.328741,1
yJBpWwwAyWo,0.357874,6
ogpLC2VwQYE,0.256054,1
Lb3HwIm4OqY,0.404423,2
mJs_Tc1OXMA,0.020286,5
HPA0kP3J5nQ,0.0,0
aD9Kb7ZjesE,0.0,0
9bRVeE110Bw,0.0,0
GEcGkCOukpI,0.0,0
94QeOny-xR8,0.064161,2
gSzruRMpiak,0.0,0
XVWgn9uYwjI,0.0,0
6kJbf_JUigQ,0.0,0
nC9rwoZIhjI,0.0,0
p7QeAY9wYiM,0.0,0
fsDuWsPho5c,0.0,0
2juRvRpYqQg,0.0,0
0qbXaeo_VeA,0.0,0
C3VvoL7ohfE,0.0,0
-9eRA1QjxGU,0.0,0
kxdVRU53MJw,0.0,0
ArhYHNY6SEw,0.0,0
glq-T9HUNPA,0.0,0
NLRLSAJWf18,0.278202,15
9ltzBMPrLX8,0.582504,3
kOzlXvjgy1k,0.449409,2
3Ce8dE6Sd6w,0.244093,1
eV0yJA8_UCA,0.610418,2
rbNopJV6-xA,0.287078,2
DoGGm3OuXyY,0.312478,2
gIpicTU8Emk,0.085146,1
kaDudkGFqUo,0.060347,1
4Y2TbPYZ2Ig,0.433172,5
m643e-nqA6s,0.630231,18
VycRhg8NWUE,0.573901,6
-CGx12_rSx4,0.350694,2
9Lyg73hXe58,0.247326,1
uG3t0vbVfmY,0.24114,1
-cMCofCbC-o,0.445799,1
yGeYQX4AQ-o,0.0,0
VRdNMiCeEN4,0.282835,1
oicGZYNcwp0,0.197482,1
Px94ZFVeYqs,0.068493,1
10nlYrp2Klo,0.246807,2
brAKAd_mzj4,0.673886,4
a42tmNagTTI,0.6379,3
LAdb-GvSiMc,0.501445,3
3uJwnHhnWeE,0.630302,6
8NZfhZsH9bI,0.260062,9
Q9B4Z3TRHMU,0.754192,2
467LHV1f1cU,0.287753,8
23l_eMCceVs,0.365433,6
j2emQdQLjDo,0.347675,6
ydqkj-R0vyw,0.250707,1
ttzKWy0wCdU,0.252493,1
ASEGGbfq6Xk,0.037558,1
_Sgao6EUozA,0.037558,1
K96nCuCju9g,0.037558,1
K-Ntgt1fyI8,0.0,0
mskZBimG6rI,0.155413,1
6i3V9A0vtIQ,0.333927,2
k_SLqJdz7vU,0.291646,1
i8frJrIPCMA,0.484666,4
hqWFBC2Q9HY,0.468611,4
vBHd-dPDNyA,0.424965,2
neyJUIm15BM,0.341414,1
5y_UaENC1es,0.419645,3
D3uAwsXOzaM,0.446249,2
wNIzfaG5t2o,0.352367,5
WvPCQHqTrHw,0.22202,6
V09ELGen0a8,0.072677,8
jAylVky1A9Y,0.126059,1
47Nhnb5E1go,0.106546,7
AM1P-nNe6qk,0.109047,1
yyUPrGwR0Ho,0.104046,1
qR1o2qrMQG4,0.0,0
10whyVMThtM,0.0,0
cpPRK-vnDi0,0.0,0
751VjOF1lTM,0.201257,1
cr5dpEbHEz8,0.399078,2
xXLVuADtflM,0.369291,6
P9OZH7OlgEk,0.54381,2
IXGtQ0rz04I,0.481072,11
z-zlI6Zvt3k,0.60502,2
e3Y32JhhkyI,0.0,0
1ErfgAwcDiw,0.413167,9
LMpGHmsskiI,0.273005,1
rvEBB5_kYgM,0.273191,1
yPLy7NOA8FU,0.270646,1
R58ZnT63dPI,0.267847,1
BGPSJcQCw7w,0.270736,1
iZs6d0OIoA4,0.272662,1
-O_8qq6QNCU,0.269212,1
xgzGwFrY58s,0.240554,1
-KVYK5G-lxw,0.241134,1
o2rNCxbpSMg,0.222762,1
EaS-zCbZfX8,0.0,0
vDtybxcqI8Q,0.139053,1
PPJNk02MY2I,0.245226,5
VPaZmnHsB1c,0.228992,1
nLTwAcfxBgw,0.630487,2
D4440kd8X_k,0.088733,6
UtkoDVMSFxE,0.0,0
Fyx0k3FagRc,0.481961,2
DYroEP0OD_E,0.245177,1
vJs9c_cOjds,0.433218,5
LPYGORVgMb4,0.467321,3
HNF4wGkvblA,0.145197,3
2rIDsnftmac,0.157018,4
EsOthVSJIMM,0.315885,6
_2AZMULR0ek,0.098136,1
W24uhpUxNF0,0.0,0
Rxm0WEvGYvE,0.158988,1
kbMD36qHdso,0.225362,1
Qu9vzWXZVeI,0.193135,1
6gdxIt-WVdk,0.359441,1
ODQen2G4pv0,0.329572,6
s-c4H4GNlBE,0.177816,1
2b7ZxTQTUrA,0.340712,1
hpYZlZ8IXa4,0.620681,1
FDHnwOp2O9Y,0.519523,12
SH3Ft5KHed4,0.507962,4
rw0Z7wyoFUo,0.710203,5
kNiL5I6vbj0,0.149669,1
g8kH2GANedg,0.122788,1
D2F6XFlkR9o,0.104127,6
4lBdHVK_W1A,0.0,0
fNEaogb4eZc,0.029826,1
MJblWi-9DYI,0.20267,14
Q7LRvuYHSqQ,0.222605,1
kOs9uoUoQK0,0.242837,1
Hy4Blnk0n4s,0.359157,7
tq9_cnXCQ0I,0.309682,2
Aa4xXWfEyDM,0.234153,1
k12KYzbeXLg,0.383762,7
cWBY23_UTq0,0.182942,1
bycXtZsiHis,0.36539,2
w-wlOcmEAxs,0.205788,2
24lw0mbWAhc,0.23674,1
tT4q751pPVo,0.228781,1
LommeKz2u3A,0.228781,1
EaksAw_LJ_w,0.0,0
xKmESne4Qno,0.788814,5
lJ3mH2AJyO4,0.075511,2
Q7hV4usiaNc,0.075511,2
kqPTDbOCIWQ,0.091668,1
Cte6dJlt9X4,0.0,0
mhnEYyhi6gE,0.01391,1
06HpdK2hb58,0.0,0
YWYwnxXA9vs,0.251111,1
PFfQQCLTeMg,0.190056,1
kA4ndpUe6Qg,0.0,0
3zlFpEPQ8yE,0.200052,1
wnYPIR_PF14,0.530499,4
hZqwq--W7a0,0.0,0
IUC8ohbMnK8,0.0,0
8lT3-29yg-8,0.0,0
ort2RQ2TF7Y,0.0,0
Jm9ZVi0WXKA,0.143479,3
qTsyW1kGbW4,0.097222,1
UyMWei86-Es,0.085985,15
Kx_9_3sIfZQ,0.155009,3
hqVkuNgVBmc,0.223057,23
1tFbEPUhdJM,0.199263,25
1-P9r3Fy69c,0.167072,16
KCB72o3QCI0,0.0,0
sP-FUB2GNkE,0.030587,1
QXg_-1us1o8,0.196806,3
6F8Bg0SVSE0,0.497624,2
o8TaHQw9R3s,0.237271,10
10y5poVAjYo,0.0,0
VZU8OTUmWDM,0.747791,1
3nVD5zPizEA,0.0,0
LFylneb3_Wg,0.0,0
pUrANyddDok,0.036354,1
97fLiYU80VY,0.029754,1
gAElu_aqr7E,0.060311,4
_9rDGH-NE_8,0.021053,3
yK7gYljTdpI,0.017432,2
z-0xibqFYJE,0.017994,2
QC7MiXBQlAs,0.237327,4
T6PnSHBSMUk,0.034978,2
ExkS7oxEHgE,0.286005,3
8Zc9nZH2how,0.238602,1
TB3-sWbDAX4,0.359431,15
uVWK0KufR-k,0.371137,11
GATNgmujHBM,0.462973,13
qvmbObXo8wI,0.022711,1
c0MzJKWzwWQ,0.418637,7
_Q1fxHQbRH0,0.626912,7
MOdmd0zsbCw,0.664029,7
Hxl3NXMz_l8,0.260373,5
3aLvHefTzsQ,0.4935,10
MqcQDVnnz-Q,0.691051,3
mnm-Z-Nri0k,0.410661,5
6sSUqOZY2E8,0.419846,6
daXYTFZHRLc,0.396725,6
2i4zm3VEY_A,0.469149,4
OrsJDCg0JG4,0.341802,5
7DBMXogM-nA,0.543788,8
w4v5YeO43Pw,0.445747,4
chHIi_JSuoY,0.080265,1
B3JHR3ysxIY,0.059097,1
-TNAOSACRbA,0.045136,10
FCn3u9n1tas,0.006847,2
W7mr2Opm2T4,0.428727,6
E94qkDw860Q,0.123824,1
SjqKx3DPZ0Y,0.0,0
FagOMzGcoF8,0.0,0
Wg0sihp71M0,0.138813,1
AZ1_ovjXokw,0.0,0
uACbrgP0fEI,0.479466,2
-_H5wkUWkQo,0.600698,6
UaYwAI9YZH4,0.19881,1
UXc7mahYya0,0.308,3
4cc8Sa6ydqg,0.0,0
pegsZcr0CZ4,0.306071,1
KYkrejdYCIQ,0.107102,8
RKO-Yn2l3dU,0.0,0
yjV7lFO0dZU,0.408899,1
YO-QXpZwCtA,0.0,0
j5hCTA8vbdg,0.203066,2
XK_MH3v9gsg,0.12702,3
9fQJ8fWKUYA,0.196094,1
LSnSEcqUsew,0.11404,7
g3B1yoK8gS8,0.284212,4
oKeLybeRxg0,0.0,0
CX5vrxdcT1A,0.0,0
cj8Mqe5dvfE,0.0,0
q53J-zVZF6k,0.0,0
R4OsFwSAp-c,0.094214,1
-ylZNfBrTGk,0.165115,3
hZZJfh6VAIg,0.0,0
sw-bF2khpu0,0.178588,1
7eCZzcOcHnQ,0.224593,1
fjudKejphn8,0.0,0
YxhjzRJ6Syc,0.0,0
RbdBlPiydyo,0.0,0
Jcni9bXN9hg,0.14992,1
5RXKPz7bVuk,0.188474,5
DWcVAJwGd2I,0.0,0
x-n8njNJStA,0.0,0
6ir84pi67i8,0.178175,8
z7htQg1oJ_w,0.205535,5
Li0cGyRZfpY,0.0,0
rFMvn8lnH_A,0.592598,7
DkV5xQLfK5o,0.453279,3
2snLVZdSG8E,0.292169,8
JnZ5TWrpvJ0,0.58702,15
NeubEt1LeV0,0.597824,3
5efERE70jSw,0.048992,1
9xKI-N-o8Zg,0.279372,3
8LZAaNaoxYU,0.16063,5
B_2bshGHUa4,0.136338,16
L7N2JLqfbPc,0.213512,1
_BuS5CF8Tqo,0.227,18
gjS7RR37j2M,0.024773,7
WCkUq3w4Muw,0.348976,9
c5hN5sFoHpc,0.199625,24
C5elSj1LcFQ,0.060661,14
pquDL2sl2rs,0.094488,14
AavKjZWEzFI,0.0,0
ulw8cUGR9NI,0.033659,1
YkB-ZoFbGag,0.0,0
Jg9vNHjE-Zo,0.0,0
42ev14W_MiI,0.0,0
RF_als0rUtY,0.0,0
xfVxxGWomFs,0.194741,3
43MKeWxO1VA,0.212624,2
N-EgLClykpA,0.164377,1
09a2qe4R-8c,0.34941,3
PjItSpaxRgo,0.336994,3
1Sy5MjfwTVA,0.16424,2
8KLa-Cylhfg,0.640875,7
X9itAvMNXBA,0.585428,6
cPFumWyw6ts,0.39803,6
dnJkUCCjg6I,0.495687,3
LLCEgQflWNk,0.0,0
sFmWvGCw7_o,0.0,0
s_zkkUmP99E,0.254489,1
HIwUw6IxS-8,0.392248,3
4FU9rROA4fs,0.130444,2
50IzB1s6z1g,0.16126,1
sFleVu_ZGKc,0.264236,1
UkaBEri495g,0.0,0
QepiR-2fuug,0.051094,14
iSMAj1nwQXc,0.0,0
gsCpCSF_BYc,0.001224,3
sQiiT6klvCE,0.005895,2
H3UQwclPbuA,0.173432,14
jVYeZBd3CV0,0.368777,2
5TULzqyf4oo,0.163882,4
AZZEwbDYknM,0.155055,1
2HL4ej-3sNQ,0.535145,6
guhum8z9frg,0.050799,2
iaalqIwEtM4,0.381011,10
xcwG9gj_0-Q,0.267161,2
ktFPEliSXh4,0.289476,2
Hrh3JMEjuyk,0.268794,1
Ujcd_B6jCFU,0.0,0
9SXAL87UwPk,0.0,0
uqMPOdGe1dc,0.0,0
a4l4fLgik_c,0.0,0
WQdfUgbvECw,0.0,0
oxbaJ_v4FoQ,0.192544,1
Tz46614jEfI,0.281891,4
dlXdFOJwfgo,0.205184,2
OTfrj9VX5fw,0.239414,1
z0B0Bs2PQCw,0.285399,1
4Lq5py2bulk,0.22286,1
0FsdULITzZI,0.178373,1
dh5i8XZPg4I,0.270212,1
7PXPR01oyMQ,0.226589,1
N1fWWLhuGgk,0.215292,1
tN46pFw6MG0,0.407586,2
vT_vK2IiSNA,0.210105,1
fcPu2SnZ-j0,0.347714,1
Q8h1nra2COE,0.378753,1
RW1j0flhlZQ,0.329545,2
tJp04ppJJAQ,0.638013,6
v3Fj4TmtcVY,0.22759,1
4C9bABSqjJo,0.656507,4
dV3q-DdXGwI,0.319136,2
5JVzWcNccYM,0.152983,2
1F7WmSAvWVw,0.162286,1
uK-iAbM4EbY,0.161076,1
m4i5VUWQ4bs,0.175612,1
EUmFKw711R8,0.176149,1
9DyZZ4QmuBQ,0.167095,1
hr1OVN5LvuU,0.161516,1
nPiQf747R6o,0.300888,1
kbZqTfO1KZc,0.213245,1
X5WpAmT8-QM,0.18721,1
GCbLIdcuxfY,0.209629,1
I3NmBJ_lgLs,0.177663,1
zQu4I0D_r_c,0.114503,9
ndErFoJiUDg,0.222601,1
q-nSYvUy4wI,0.266148,23
yOUUcom7-zo,0.178132,13
cBCu6Oglt1c,0.219286,1
gzlGKJfcfpo,0.51298,14
o1KyoTFn_n8,0.327217,1
GkWeWx6kO5E,0.489204,2
VeIffo1-XGg,0.618083,3
dP46ktpgWzI,0.38278,1
mxmtPpaygzs,0.437211,2
agAGHoHnWcM,0.188172,3
0dQ2xlbTrKI,0.207476,2
umlFXxSmB0g,0.244972,1
YUmLe0zOciw,0.392733,2
7f7LMZPDMAU,0.35446,2
-WCrQlEY-xM,0.50569,8
-tOGVa7ZS3o,0.087231,1
EPJKOS23qf8,0.411324,6
dAS54yXJV9g,0.353469,5
uGVRtRFxZMc,0.533318,8
N2aoHjNYHO0,0.151966,2
Abx5n0zQ0H8,0.323162,5
gYB5GnYinDI,0.255142,4
4ZpuhZud05E,0.640189,3
13w_peqqxZ0,0.428461,7
PwjB3CfDivw,0.0,0
mvNcn7VKFzc,0.067671,8
hdq-iRK1kfs,0.055663,6
fyqEs4dUK7M,0.142943,2
tJPdUC8recI,0.0,0
Cnnf2yvT-mw,0.059419,4
8Os2cBwyG60,0.444827,5
SyclOxmVuH4,0.742535,17
TwUbt3f8bV4,0.52168,2
MDXDdSONCYQ,0.332534,2
I4oBqUr_cUI,0.355044,10
YKmWQySRKuM,0.41482,3
VPwuOICSW-Y,0.470988,18
AHqOWo1DlTI,0.44764,3
cTD6VAt0wSY,0.567273,3
uuytL6WlDX4,0.175645,1
0Akh02mWEbQ,0.078725,1
MicHgIebq1s,0.294712,3
z5vC1Dcsoag,0.169513,1
6vcWhWVJM3Q,0.208586,1
xuLu6EGfhn4,0.346081,5
PHTm0IoX6AQ,0.123944,5
iHo48cuxjD0,0.204286,2
PTcxfmEEnQI,0.305726,13
Z_UURiwo5zw,0.06477,1
oqZoOgiHc10,0.106564,3
66HfVn-KaT8,0.190332,6
IzIduAfZ6-k,0.067012,1
p4hQT8_xxwQ,0.095567,17
xC49KdJVCnk,0.099851,1
ISbCHCtx-hU,0.200787,12
3hOB6IWCt7M,0.123439,8
D9smwMcrZss,0.219886,18
GRzIzx3JSjc,0.231697,10
OIa-4BbRrmg,0.080014,3
yHJvhjZPEOk,0.286964,3
0ex_ISVpV9Y,0.375467,2
5GDUJ7omMQw,0.342982,4
ZK1WKdga6-g,0.555968,3
kdrNfZBJF6U,0.415208,5
YBAQBAGbGHc,0.257133,4
vBp3mj3lEI0,0.148187,1
9gcMMzzUj-g,0.383539,5
7UN1TyVLgfk,0.166733,13
Vw9KvIPUmiw,0.047726,1
PKLZHMgxRxw,0.188971,5
rIthnQ1zoQw,0.065923,1
une-1PL0Mh8,0.0,0
ScygPBPz7R4,0.1698,2
sLHSFcMGJhU,0.0,0
AsaV_oY6Y0U,0.0,0
Devz5E0ZUJ0,0.012359,1
jxK4tRc36CE,0.0,0
SLGaRImtkNk,0.026544,2
E1tBI3-M_7A,0.09006,1
JOhrLSvk8UU,0.314779,2
CdzFLDsW-YY,0.109065,1
ke4dq7i1xV8,0.102419,6
DRvssYxAIfU,0.0,0
f1bXqIhb3r8,0.505604,3
eBCaV_h55Lg,0.135859,1
fQv1EcIhTL0,0.234248,4
zMo0yBYhKSs,0.0,0
Wg3NbI3hecg,0.09162,3
5WiooKtNGQU,0.091679,3
zUPNnbfD1-I,0.032396,3
Fu2x2W1SFbg,0.0,0
V-_CzzPdigk,0.022853,3
lgNKPG-9zsA,0.08967,1
lbE4XqACsVc,0.223727,1
9DMCIUEwVsk,0.138171,1
ww06_7mjtRg,0.005104,2
Q4ZHzHARab8,0.228543,1
UiBfIM_84OE,0.255372,2
OfaG8GxrulE,0.165739,1
FomrZ7qCzok,0.401647,16
iGiFr_7q_7w,0.326081,5
QanYLmlasc4,0.108744,19
wuUZ5wuvsjo,0.281915,2
owAOue1Wm6Q,0.0,0
Ed67Os3dr-E,0.204422,8
7s7k6vvA1wE,0.0,0
vbnnnUixGX4,0.277261,14
D28PfrcN31g,0.235303,2
SV-IsgP0Tkc,0.125322,25
73fo5cqMyJA,0.240872,14
oslTsLhPeZQ,0.165062,1
0gjajyZopIk,0.257975,6
suLmI-KntgQ,0.270242,17
45RXn3wmMTI,0.251586,1
k_ModvHMqXM,0.0,0
CYIX7oodVEc,0.0,0
VRHhNacoMEg,0.342329,2
U7gaFcR5lw8,0.220654,1
WvsXMYdwCcQ,0.118504,1
c5kb6D_NiXE,0.1185,1
IkB9pJ7MlDI,0.118448,1
Zst5WKnmd_4,0.118504,1
hgSEPXU3hUA,0.118491,1
mRN6fk3237c,0.118498,1
xiFVeQx4Mw8,0.11848,1
kZwgMiU36-U,0.648414,4
DMD95k9_JH4,0.249529,1
OanmC6USA4k,0.355715,1
5v8Ujk391b8,0.220582,11
pSIl2n9A1dA,0.377882,1
C1SKMULC97E,0.165761,22
Q2rkVHMXWPU,0.340851,1
5qgFbx6RSh8,0.257708,1
E0g1GQkwmig,0.281957,1
7EErSCPPcL0,0.421187,1
H4iurGUkgM0,0.262778,1
D5Cc2vLBkEM,0.407917,2
hYTAjUkb12s,0.256168,1
HVRp7ewsAVw,0.197331,1
QdqksuR437M,0.200577,1
EH8kMdOYgqE,0.176552,1
mzT4oYtx7Yw,0.271421,1
Xz1V2DE6neA,0.220253,1
_YNOkkZmQUY,0.252651,1
CxQSwkcqEDw,0.291217,2
tw8PW-0e8qA,0.249707,2
UsSmDMIvkt8,0.24552,1
M6ONU1pDmkc,0.25086,1
zCvQKZhK-40,0.392288,3
94djiUVpzxY,0.286917,1
xRMtp2c_rkg,0.215245,3
FH-qMSiLc0s,0.279964,1
fkiKYMl2MGM,0.068856,1
a02agu4Rw9A,0.253227,3
rTu9W1ehTCI,0.0,0
-4Ik7B87Tbc,0.178786,32
I5YDmqCLP6w,0.0,0
oIgrHAfBqGg,0.0,0
PxcM8EfEq_o,0.542674,5
y13_RmNOlHw,0.224491,1
RKRivByzThg,0.091185,8
oSoV114yKMI,0.069531,3
HkktDmjaW4s,0.113032,5
Gn7qB-G6msA,0.155376,3
7W2FgSkjy-s,0.154959,3
ic9WCufr29Q,0.399358,7
PkzCochXzOI,0.122428,1
SypeaUl1k4g,0.0,0
Y7Ub1bhECMM,0.306096,5
VTFDDKVL2Vo,0.385699,6
dRhs6uxslf8,0.30858,6
5OkaPzay6Ac,0.723927,5
EHq1xSyjD7A,0.551851,3
_oQvvdEpz2c,0.364218,3
ci5tt7T3xvo,0.415956,7
8_I2THX8YO4,0.351694,8
lnyqY-f2zQE,0.275409,2
Hd3hQXY4HZI,0.0,0
l_P55KZMClY,0.181438,8
Lq82_0RiZew,0.208307,3
-FZynavUocA,0.212613,5
WqIOS1eOiBA,0.108754,3
JhqUHxGF4BY,0.101423,6
MB7GFTBPyWc,0.175445,6
Yi2txJ_ZWpo,0.20534,6
eoVLepyHGQM,0.208307,3
M8g0tVqWI14,0.212613,5
id6cogJz1yw,0.108754,3
YIzz2gm6vJA,0.201286,1
-TaZUUscUWE,0.0,0
-v3EQcPAG1w,0.168322,1
mZiuJjUfeDM,0.294166,11
aWTgtGR7Ndg,0.35008,14
nClHUTlj73w,0.231871,8
utZxSFjx370,0.492573,24
J-rwL18aIwI,0.254505,1
ibNzVj6kbjc,0.358784,1
aATtBIRiKVI,0.325318,2
YH3FBoBf3uw,0.395245,2
eTlUDiCDgkg,0.452681,2
5qf3GUkUYW8,0.433267,11
GEJoGYDJAgs,0.219451,1
Iw4Y7bDKFvY,0.15781,1
fzVqzglkKEo,0.613856,3
HpfFgzZg_1E,0.461902,3
Xofs3PNqi3o,0.328561,2
CbuI1EIY7t4,0.0,0
Hv2lXy2ENTo,0.574899,2
-v99ssaPNaM,0.0,0
ZW-fN9jwZdk,0.0,0
ho_Zp4RhL1Q,0.52746,12
rhrmEMJ__30,0.54929,2
7ue-cC121wI,0.799485,10
R3pjBk30Tgw,0.454744,11
TcALsna5o0g,0.004046,4
ojw0rCuUDi0,0.0,0
4YPM0xriaqY,0.052837,1
Dk-Po8yMOwo,0.006565,4
dsYQ5yjtuNU,0.0,0
pa5Zjkk7dzk,0.0,0
DfZ_XmmMO4c,0.679457,2
m-5Onax800g,0.448855,2
dEVmkT2ZQ1I,0.246854,2
MY6t35FvVeM,0.309084,1
4yoINPBnOUQ,0.336031,1
GdRss48PG_E,0.227332,2
vRBswwno0IQ,0.241168,1
vTdbTLO8aK0,0.443811,7
D-4ZsU5QXhA,0.312037,1
lapQ0DpTPXg,0.607301,1
_TU__CZMG30,0.145971,1
x6MNx2Qyzwc,0.119553,2
2iPBfv0kSxg,0.297509,1
aWURmvtH9BA,0.212159,4
SmRdfm_mAqM,0.0,0
JmmDwW94W30,0.0,0
7xCePivi6LE,0.0,0
84tON6AXHJQ,0.0,0
R9fM54wzBxo,0.0,0
sapvCmFNG5k,0.0,0
TD9rAkFnD6o,0.272344,3
xCtUuxd3AYk,0.0,0
zWtQQc7vQiI,0.0,0
OVW6wQZNWcE,0.0,0
LSlQ9zrLxuk,0.061474,5
QmXCvjhpUr0,0.040596,6
QociD6IJkN4,0.018947,4
AfmgmlnPLD4,0.0,0
7Pq-_qk2C6M,0.394908,1
YdkGePalm-M,0.358793,4
ZO1tmBFKdX8,0.426368,2
8hDbEmxNjRk,0.497974,4
74ftCBfEQR8,0.525078,6
J2cbDjnqA24,0.263344,2
3nISKOnGXoo,0.307979,8
nuJyUOes0Kg,0.278032,1
XqWsEhCOD88,0.205202,1
tmP8S0Nxdtc,0.205129,1
rpS1TJDgW90,0.189614,1
UjFAlT751Lk,0.118704,1
VWPoiOgEKGc,0.064923,1
-fAsO6c5WdA,0.198133,23
6TGGl2Nsdkc,0.0,0
f33LhI3WM-M,0.4237,18
Rq5vWjJngIo,0.0,0
Lza5oW0lQZQ,0.141478,2
n949uQPIzUg,0.295516,1
wQriWLMZ4sU,0.264181,11
LvqD3C6awdY,0.139376,5
Mq_5d24LXLk,0.2811,11
CoAUp_3A9Xc,0.292755,7
FSMUXwkBHA0,0.234135,2
_EUCt0Lvwgc,0.239644,11
JAFmrm2a1n0,0.163238,8
dM7xcvxd7LY,0.139376,5
ljWikaibPvM,0.304009,6
ExDlMvzREOs,0.334814,11
9P_hmCB0JFw,0.0,0
wUPRRFU1uEc,0.307388,1
qRB71J1y02M,0.343469,5
FwiSQ4jvlCQ,0.48819,7
WwzLue_Zam4,0.360234,4
L-G2gYvbtK4,0.505522,4
RuJRbe6TZoE,0.443843,5
qoK5jHFf8P8,0.530612,2
gk9-c5639Rk,0.234117,4
26ac6E9PVA0,0.497202,2
j1FgYqzNtKo,0.707377,5
erN7Dj1yOUM,0.0,0
1Yr1MyXDtZc,0.216391,2
3_2KJha6zPw,0.270265,3
czZQs3xoHBg,0.22496,2
8KxBzoebfX4,0.019285,3
9QSyX9cUHhk,0.117191,1
8cNE2h0tn_E,0.321125,2
ZB0Z2z4kU04,0.294742,2
4gSz-NlJgag,0.110146,1
5CBt-GvClwM,0.315776,2
vuP-c_kx_xs,0.066708,1
sca0zMf8xzA,0.396902,2
i71GRJ-h2e4,0.099146,2
ZiOdZNaCJ6w,0.131186,1
HPcYtrW5Eao,0.105761,1
LwZB6wd7tIU,0.439329,2
euE5up_vonk,0.05326,2
ZZ2x7jpbADU,0.288111,2
X2JGKR1bPck,0.548967,2
9uAxzSe-Vhk,0.205978,2
eQlFkacn2ys,0.353438,2
f63oe1RspZM,0.207132,3
XJEKrwYcWuM,0.165502,2
CoeaekOu95o,0.077027,1
KTAVY5J2gXo,0.15527,1
cISjoBpE9YY,0.006569,1
tjf7uSAIytI,0.040578,2
9nyrv1G8UEQ,0.192592,1
hoYjTLD4uXk,0.326904,3
52x1CSLx-60,0.651252,4
DpV3gy7bTxQ,0.179169,2
0TOa0LMM9uY,0.247566,2
KHNwOvyDR68,0.339392,4
lmstelFK__U,0.49953,4
zCa1jn1P6-g,0.0,0
8FIxYiWzMFs,0.149779,4
KIP1yTenSyk,0.160699,7
lZqOtlRuWXA,0.16485,4
rMG71__BlD8,0.369395,3
1O83ZpWinkk,0.193388,15
BL6hcqn4ZNA,0.025067,3
OHapKDjKE5o,0.373307,17
aEyrmKtWmqs,0.13775,5
LZ0sRPRjc-w,0.115659,2
ylCIBJrLUhA,0.195935,2
L1eYTv-kShE,0.076556,1
wvbmfoFl-eM,0.188109,7
HQZDkjF_IXw,0.144202,2
kRPqcQ9tNM0,0.139928,2
I0HZVsmXVmU,0.47938,2
SLv8MAqTXAw,0.190476,2
dUmjji0Lb8I,0.175544,1
NuOA-AHlsQc,0.04634,1
ugyrAYcU-oo,0.437654,2
wZbMmVPnQWg,0.0,0
5f1ve_QVmjg,0.018478,1
_VsZX-AqU0s,0.0,0
VsAjykcI2es,0.07392,2
olnDNq4fEzI,0.188078,1
sHCPwiJZ18A,0.016591,1
4y9mCPC6mMw,0.0,0
DUmJ0XIALCM,0.092495,1
5J71SnkDTgU,0.069266,1
hp1YdRSYsko,0.0,0
BmNeRtN-2wY,0.18432,1
xRoJTXR9las,0.311611,2
htBRhhTwXOA,0.191988,1
rVxwZMXEtOo,0.501342,4
0Wgypyz9mCk,0.196867,2
2w9tS-dVqic,0.353503,3
tzDF4F2yFPI,0.277988,3
IU05jdhoxWI,0.367908,2
WezKuP_KL_Y,0.437186,2
QKY8pU7NBTU,0.378783,5
mXvIEiFT1Bo,0.323123,13
jA7Flea8frY,0.31123,5
qierITW9hzQ,0.45635,14
E81oN_Nw_iw,0.449444,3
qQis_b59Dqw,0.499385,3
m4uneQ4Cpl4,0.531178,3
mp15l6E6QXQ,0.424895,3
5voKqCx8CJs,0.433925,3
fMnWs361Opc,0.544251,8
ToTq_EII7W4,0.427249,3
fK8gWnPb128,0.349812,4
4k-s2hmeVuU,0.508035,4
daA7yjHjon0,0.295688,6
iZsE6E7XpVI,0.188841,2
_RCfkZJXr_w,0.0,0
7M9U_DqEO_Y,0.022062,8
_F8zdT8APyM,0.07445,10
QPies3xgX-I,0.0,0
DJr-_lhuafY,0.0,0
_q6-IikORZQ,0.0,0
4KQw2il-9iw,0.0,0
xg6pg5BH7Us,0.523778,2
TEmCoYwsDxQ,0.0,0
drXOkeOcR9E,0.183,1
DVds1Ah0384,0.161801,1
S7Kelqw8Q6s,0.080802,1
HrpyVlpkSfE,0.194398,3
jaCZdeFNSM4,0.366117,4
yiKmKlsoy24,0.219319,2
K6t37yQPlu8,0.212536,7
wk7UzH8q5IQ,0.087969,3
-67IBTJPfn8,0.155216,1
Q4fNq7gaoI4,0.051188,1
_ot52m9g1zo,0.293529,9
D-Nn_5ccKgI,0.245949,6
KzcF8AJ0iBk,0.185863,3
tMZ3bvvftN0,0.163206,1
R56zRDfxt80,0.250927,1
LbyRsy_7szU,0.0,0
F8cnM4CbeOo,0.017754,1
rZ9h422oDK4,0.37463,3
LOCedy-ZaB4,0.34295,2
wozNALsnBmM,0.362793,3
-oFZxNXbWXA,0.397816,2
LOF_4Y9IV-M,0.395679,3
6hdwLhyDIow,0.343424,2
SoakmnHIEl8,0.23057,2
tasgGoxh1o4,0.33437,4
siaG-su3xDY,0.357368,3
Pa0NOMyh3bs,0.329797,2
l9RF6VFHwzk,0.455065,3
kwq7LwwJeak,0.21219,3
IZDXVbjH-aI,0.077122,1
EVDxgIDcFHE,0.609135,3
Vng--tUojdw,0.587414,3
XnEGCOlBDHA,0.554162,3
Jo9nKR2AwFY,0.543069,2
HkKTtE9VKnE,0.481309,2
iTR1Mtp2B0k,0.533545,2
nE1A_QK2E1c,0.332945,1
W2eo5eEeBXo,0.359583,6
5Qm8jHRY8uc,0.550828,3
nVa4gjOL3Bc,0.765787,2
AEGBmVUdtvE,0.405154,21
yORTSuzZkIU,0.0,0
Whdk8gtfGL4,0.183943,3
TD-HjVNtx2A,0.398861,4
-rIxOqh6C38,0.629804,11
2gFFhgVVLOs,0.189778,4
fNnfADIfGEY,0.262358,11
Ho6beo4LpJ4,0.166198,15
yB3kN2XyKI8,0.111984,1
DZ5rrk2CARk,0.336477,5
uIFlQw4XZxU,0.24078,2
g9__L0emiik,0.047425,1
IjXU3aaUuZ8,0.0,0
YFL-L-AIcq4,0.0,0
0_6tyduqiKU,0.0,0
-DikKgLrfTg,0.010751,1
nvY3m4OXKqA,0.0,0
dVWKQ2ygJVE,0.0,0
LomD1oODjXQ,0.0,0
EwmUF8tHQd8,0.0,0
stXh8eS1cgU,0.0,0
pmgUazxM_3s,0.087192,1
MqjTgN3Ql-Q,0.0,0
0uo0R_7_EKo,0.176303,2
bcurOQ6SuYM,0.300267,2
8SrbKUh6xF4,0.415681,7
n3qF9gJ0Tik,0.24231,1
IUydWIWrOL0,0.0,0
5MRe_rgAisA,0.030625,3
WHxqy3kUWbE,0.229984,5
gGp8hMlD9oo,0.138623,16
73wrCJ2S5XM,0.232267,21
FBV1au4h_R0,0.0,0
97ubl124hiM,0.363328,1
RPWpBDj11qU,0.285035,1
3re5onPrfQQ,0.012041,1
P11h2FpLt8w,0.149781,2
SwLcWWr9KGk,0.166899,2
w-trYhppZq4,0.16739,11
8Ptkx_3MW_M,0.223867,1
hehKXtNq9Zg,0.013929,1
bSyr7BKOv8M,0.187249,4
4sbKjiFiQmA,0.046462,1
clDVK0Vi9yA,0.02792,9
FPfO2MnKQD8,0.073579,1
naPYZlaHB54,0.573227,8
K1UqCB4_gro,0.313322,5
J49pIQLqxTM,0.212951,1
Bpl0oSf8pI8,0.347962,3
8EE2uBLzYx8,0.248104,1
1TIuor-aUII,0.349671,2
NFHDAHX__dQ,0.34141,4
LIU-2XKXSU4,0.593469,4
NXWACGHYg10,0.533746,5
aBjXFsCZchI,0.679278,2
Yo4jv7qoLD8,0.224781,1
0JcjCyBaEEc,0.215487,17
jVnD6H56OsY,0.0,0
bW10LCh__TM,0.359655,42
Nml3EXGcPic,0.144304,6
-Ks48zv9bNo,0.296501,5
56hPgabY-dw,0.11711,6
k9L8FG8Df_w,0.145203,1
cz7MQkvwNt0,0.0,0
5S6ayw4mivA,0.0,0
SvogQkWP_CE,0.0,0
PnPNOLHWZuk,0.341373,3
NtLUB0JPQo4,0.176692,1
JwUin1NlXZQ,0.0,0
D_b2aOVFLoQ,0.682159,2
xLmuRJxwY38,0.820969,4
pNRH72X2ecM,0.370891,4
1jxwPr4WyTE,0.313862,3
x6kjE36ayJw,0.332133,5
ng5CEzV4Olc,0.338623,4
_DDUAB6JWFI,0.313435,7
RRml6QrVjpM,0.304685,3
UPuc4jxLS_g,0.314637,4
AaDA7IEtuCw,0.281144,5
9PnnfSCHxC4,0.181822,1
bcKENu7RVKk,0.510692,4
zvbMm7D3kbs,0.208477,1
OdvAz0eJYy0,0.657123,3
-JaxjEh76ik,0.653506,3
okSjo4TRHp4,0.335846,3
T3mOBrg4L28,0.4992,3
kSn0Vj1X2pQ,0.270246,2
tH8NyvyGMO4,0.490361,5
0Gu1m7DYsfk,0.355541,4
59utufGk9Vw,0.296692,4
a01CAFrHOEY,0.022888,2
MCJrfQ8LTqs,0.053298,1
B1hdYRzAP9s,0.047885,1
3AGy2R0-8G8,0.091376,1
RkHL8ta_UJE,0.193345,1
4KrXduFPXcE,0.282648,3
guTeMddD6YM,0.25703,1
ve3ZPdJ8z5U,0.113946,5
0sXqIsYv0J0,0.185929,1
nYlJnKl-sww,0.505596,8
o2kMwZQsqSs,0.036708,2
xkpXAYDMsv8,0.411255,5
UZ_xPb02PjI,0.0,0
0itbD02RrO4,0.184551,1
O8q4gtFy8DQ,0.184773,1
wZJdps1P9D0,0.057312,1
gtLB7WqF39c,0.0,0
ZUSUw8-ugpo,0.139512,5
ZggEfXHRRuo,0.027036,6
6Ys1QzTMVog,0.165603,2
nHEBTbzCino,0.55571,2
DL3ul_uTCvU,0.273072,1
J1ninF8zTxg,0.271655,6
VtNiGHYtHrU,0.228889,8
VoXoikaEAf0,0.034132,14
Qt3k4hbdUyI,0.246564,1
FbU7SmIBx8M,0.277786,18
KbyCg0YKgk0,0.616583,13
ovdjL3xIltM,0.535628,8
lPgc5nKle2A,0.361544,5
AlZ0gmhKJjA,0.22472,3
58pOnf6GSPA,0.29484,5
nlSuSPyw9y8,0.317002,4
PtEkOAhcQts,0.060833,14
3sfHRvf20vA,0.207259,23
NfHWSAlC-Y0,0.023237,14
qvphnRQGdtw,0.027536,2
0jqAIhLBf2w,0.0,0
Kf3g9YhVkbQ,0.004621,4
XJPHrlgsbWs,0.0,0
9AGM_HPxiTo,0.157171,4
pP0SS_GhXUs,0.641151,8
lRNOyAOyOl8,0.447412,3
TuV5G7ico_M,0.002703,5
7eNLMj7SfdM,0.0,0
nYp3ElUi5SQ,0.08842,2
AcXbmcDMIcw,0.128855,3
Pxw2fh5af5M,0.279473,1
rDZ_e0y8Qng,0.0,0
qSNQHNqmtYY,0.525469,2
GqXZJunkqRw,0.598175,1
i0PMDZRueDQ,0.259996,3
DNEXR-AlSBU,0.156457,1
-PDRCtfLcHU,0.376488,2
9xe_t-9RUIc,0.169091,1
W4VKRXTnqMI,0.372764,4
ETwwVOIGZSs,0.093706,2
RV_Lenb7pfY,0.402409,2
IuSHwWorK0g,0.153881,3
IVtosRixUSI,0.469251,3
9v41oXcod8s,0.0,0
TBDXQmT-ymc,0.175778,1
KCEjnl3Wvq8,0.0,0
H4CU-MvHaHM,0.0,0
aLvdC-117nw,0.0,0
_O7Y_O4cdtE,0.0,0
pDzLykqhu0A,0.0,0
P5L0l57NU1Q,0.431042,2
aAK9tFOBQeg,0.075347,6
rm3FG1m5-zs,0.0,0
xNXLkKwM4T0,0.0,0
9I1XiDSf9tU,0.0,0
94kFiAZs_30,0.270202,2
kHWRENB5lNg,0.339273,4
v-ubIvId-hM,0.226066,2
_Qyplsx4P64,0.350035,3
XCDAeyIsbcg,0.343737,4
p-WURGgGuaQ,0.262426,4
el7GemtgDdI,0.503747,4
lhIK0ZDQ0dw,0.418025,3
x67f8bo183U,0.359605,3
im0-iGOI2YI,0.0,0
e-lvu9hcJxg,0.163423,1
ITWw62r9oaI,0.0,0
AudyaZCfTRI,0.259564,1
DRjXQjeRm0Q,0.0,0
jgF59qBzqp4,0.0,0
qkx3zqQY_eY,0.0,0
BXpvxKlAh4M,0.148604,4
TfKrg26oyqk,0.0,0
2VRI9aLPYNg,0.193207,2
5LXfn0HXpb8,0.247259,3
MWIBlXq5neE,0.220497,1
pkyphsU45pQ,0.181501,2
TSORw5PyZsk,0.225867,2
ZzeiQ8P5BgA,0.24372,1
BmKDZFxrLII,0.256847,2
y1heGOOSVAU,0.23587,2
qrCPmkCqIxk,0.208742,3
VPcJUi-LUeI,0.268439,1
ChCM7y8FQ3Y,0.07675,6
YQHFGptpSpQ,0.143293,1
XFN1kSzNX58,0.360722,1
c9Qy4SwPcEQ,0.289439,12
pRAykxwnCq0,0.370276,9
16nrifkK66w,0.287231,5
J05x8hauL2U,0.374526,12
GusuyDMAVAs,0.300927,7
lUf9ZIY3854,0.378633,3
Q7TDuTzcTdk,0.0,0
mrgRbE3M_70,0.147285,1
tZQD_1YRPyg,0.357308,2
K6JEhrTKat8,0.276012,2
CHDeoJ1rv8k,0.276226,2
oe8jQRsFIPs,0.0,0
yYe6-VBNgjA,0.0,0
b25YM1YXrz8,0.351097,2
wlyMJ1-SsF4,0.217882,2
SOeyrSJi-nk,0.234192,5
t0XYg3CYtbY,0.364666,9
SOxHbtjzMiI,0.296377,2
BMxA1yWCqRw,0.204566,2
jPR-pma7XZA,0.114055,1
azo-qmHoa2o,0.126206,2
VAlJAE2zlLI,0.006962,7
Rn2fnFi6zPI,0.364244,2
Zu0bmAUw5Bg,0.073444,1
uR__95XnQJQ,0.741183,4
npGhq54cp2I,0.011162,14
F3xAtJqHCm4,0.847223,1
PNK9mGJ7v0c,0.167268,1
1wSMcqGmlGg,0.597862,2
yr8UTrg1yuA,0.386267,1
PcNZAuEOsoE,0.0,0
hSj05mPMMUc,0.192562,5
gryx9xHlSrc,0.0,0
4mA0SLh-TGs,0.078334,1
9XyvTzhGhEc,0.060367,1
gM_UDjgsmn8,0.15762,1
RwpjKJ2zyCw,0.071216,1
yhdzimov2aI,0.436655,10
ZYkhfhdRwCo,0.088452,1
2ob0_tXZd4g,0.0,0
F3HT6386qDQ,0.0,0
eHlwAcJ3i8c,0.139421,3
VjzKGcFXiI8,0.095495,1
QL59b0uw1b8,0.0,0
E8O4V_4sHFs,0.08853,11
cQYW5UMD430,0.320039,2
9NsZHCAXqFE,0.24221,1
PsRoOtspfn8,0.101817,1
HhPApAS4FkU,0.569688,3
e6WpP5lZM-A,0.158848,1
1e9W-N1HSt4,0.410672,3
ExgIqrs_P1s,0.264746,1
0rrzBrJavtc,0.212986,1
tF1Ta_TpEuo,0.383725,8
4uZPbvfZJUw,0.0,0
lztEBa8KuZ8,0.255832,1
mj_5jNPnqow,0.0,0
tfG_aemvb9I,0.0,0
TAGinlIWEsw,0.0,0
R-K9bC2OQp4,0.0,0
qCkOzYVIKqI,0.0,0
1GNaszWOjz0,0.0,0
s8LThuiJIsE,0.266196,3
z64XYDd4uiQ,0.158388,1
EpuR1FQKvuc,0.1843,1
l5H_6rvyzWg,0.34242,4
q6yY8YEk1Yk,0.264227,1
39eBXkW2PAI,0.141488,1
vG69U_dN208,0.229911,2
9dypba5OfIg,0.122521,3
9voPLYr07to,0.162733,5
UcEFrpAU67Q,0.206046,1
rdWsWvQOwwc,0.0,0
tVHxmaMkLrQ,0.0,0
4JcUtGVcbF0,0.0,0
yQWBh0D79ig,0.0,0
N8-GyF9AqLU,0.0,0
DWGYaZBY2LQ,0.0,0
HrR1gAe5mZk,0.0,0
7qBynotWaOE,0.0,0
omBoqJP9oz8,0.0,0
ZBMCmNsqBJU,0.0,0
aWoIX6HxPiI,0.0,0
W2f9CFs0G1E,0.029246,2
saf08szlpos,0.246212,2
9iM3DPfRjt0,0.270953,2
GXrfOz9ZJjY,0.148147,2
EnpNYB6dsEo,0.340469,3
kf7hhRvGphU,0.12862,2
RRTp-V7NZzM,0.1465,2
jRepMLldCok,0.151689,2
fh6YLpQ2vvo,0.257194,2
exr6UMy2rxM,0.260458,2
fp0ZToX41Zk,0.300271,12
k7ayFC2hnOQ,0.301224,1
uSX6zMbM1XM,0.62128,4
Xo4bchD0nfI,0.048363,1
VbPCRh9TTj0,0.076483,2
30nVpEbxJFc,0.042648,1
LqEKTPt3WVo,0.077204,3
AyG7EZWM0q4,0.051875,2
74mUbbCsa6w,0.063709,2
zim3CuoCUcc,0.110948,3
PWyUQejvlKg,0.073533,2
WdWN6cKfegc,0.045505,1
68nwmm3mX7s,0.047547,1
E-qXbtYjoIQ,0.322758,2
xJQh6psuI68,0.332517,4
Ycfyr7uV6DA,0.124047,4
34OYb1blsi8,0.071392,2
tDVQTJBt3-E,0.13872,2
w0np8b7i1p0,0.331347,5
1lBFubSXnRI,0.229909,9
QI6s8FhTY9U,0.368197,6
yb-Vm0CeKyY,0.309052,4
xqSA3g6rDRQ,0.488303,6
tEoBYyk4QC0,0.356787,5
WyWaCPuUG70,0.40971,4
RMipk7JPNvM,0.267599,13
NEkbqcaw1b8,0.176426,7
XjbAjXqEH7Q,0.359972,8
Gnp0qkvc2Rk,0.403375,3
3nMf14rLTy8,0.458844,4
faXVhCMudLQ,0.458919,4
MeLeu5YbMME,0.365126,4
rBxMfNpmLVw,0.280131,12
qHP7kQZh5Hc,0.091764,2
_FEofsaKslw,0.0,0
qhMk6Q9l0PE,0.0,0
zYbh50y-mEE,0.0,0
Om2aWcZbx5Y,0.0,0
7lBpvjRdt8E,0.109829,2
dM79jex_5aY,0.029822,9
NTcLLZJkEeQ,0.421917,2
E9cQgWiO5EY,0.363421,13
DGIzRsa_pAw,0.0,0
AexlkotOgjs,0.374083,16
A8ufdV00Cqg,0.02763,2
Fy8dr3IZFog,0.359232,11
dyAmrProy7Q,0.339647,14
kgAMnk_UVPg,0.250362,1
FwwTQyOdPqo,0.0,0
yY1XPotPlrs,0.25929,1
1LudiyevztE,0.252026,1
BIT2qGHapBM,0.48141,2
dxUUc3_dX8E,0.267463,1
0QzEzeA34B0,0.186366,1
-Ze4_bYiEFc,0.301383,2
7LIQ2hYd0lQ,0.473893,5
wQVBrVjhsdg,0.501995,2
OzByQO98Qc4,0.540747,2
DDCvdBbjGOs,0.583214,2
QNre1HJXRLI,0.558955,6
KkCgnhgGXwQ,0.400313,2
ndab0B9VU2s,0.203951,1
TvtEYmMvBvc,0.169792,2
0xlDHkpi49c,0.690787,2
Sv138blOHM4,0.448484,1
lCPcbNg_7pg,0.216878,1
fwclTgDyxcs,0.489429,4
OTZ2pT_Rnlo,0.291325,2
1d1q_wjsJIc,0.083281,1
Sdpv9Qfa0MU,0.108977,2
pyWMb1MBGPM,0.0,0
3ZLYJ9qE-Uk,0.458976,2
ez2MplBQXeE,0.0,0
v_vYi9w0pxg,0.0,0
xea7v4yh76k,0.255375,2
DNXtqnOSrUc,0.232676,9
OOJgqxJIQhs,0.331534,3
UUcrAKA4auI,0.097667,2
3HdJ6vIPXOU,0.0,0
0mTjdHXfR7s,0.0,0
rWQifZ5S_98,0.20786,1
vA3Vf0weiMk,0.018561,1
GUPOpOJ5NJQ,0.011633,2
2M4WqyMGbWI,0.011209,3
-zhgOWzp4oI,0.293869,3
x9OGEF-secM,0.0,0
CMVbhotFZQg,0.0,0
qcA0E7rhYyg,0.105341,7
LLRDOSLA3BY,0.348964,10
B0syBaS8mcY,0.055532,1
hipPojCkB9k,0.0,0
SgDgzA-tDhU,0.0,0
NT8SxlfISdc,0.0,0
SDDJ0RhNhio,0.0,0
gPriEIuEhIk,0.0,0
k4VBx2Bz2RI,0.0,0
IUtChMMxjKA,0.0,0
3PEzSphRJ1k,0.0,0
OE5Fu4GrDLA,0.0,0
dGoehL0Xo8k,0.0,0
JmTib0VvF3o,0.035248,1
SYxGZMKA7AU,0.034659,1
LdbdWtUb_qM,0.035248,1
qLel6ZTE2P4,0.0,0
QqEs_T6KbeM,0.029188,1
o9BIyGMh5lY,0.299484,3
umXkbIDG_2k,0.561748,1
mxsflVZ68vY,0.0,0
Vr57T1oJCSI,0.0,0
XlxHWLRBiqQ,0.255561,10
3XjFa6TU75s,0.209172,1
hv5_QMra8cA,0.0717,1
bvG0WpA7SLU,0.026505,4
p5B_xs8mMxI,0.40437,9
NAP_wB3_z7I,0.0,0
Oclf9PHOhjA,0.027993,2
4USKiTcNuSU,0.229492,1
JDx5R-YvOgg,0.302798,2
V-aOoR7fx3E,0.270344,2
INJIetoeWOU,0.296949,2
1Fv_fSni3uU,0.192674,10
77omcVt59NE,0.373148,3
s_0Ct0wUocA,0.0,0
SKtc732MhMM,0.054375,1
ArHTv6lzmhc,0.0,0
5D6XqokMo_U,0.059271,1
1wvcA-Wd_iA,0.0,0
mtidEGXDaE8,0.0,0
DwJ8qQZbqlQ,0.0,0
KAmoTulyngg,0.0,0
C5saqbDvUFo,0.159526,29
5iVK6z9Rrp8,0.174587,4
Yzraugq7AAg,0.25762,3
V3wrt2DzftQ,0.0,0
kovJx95Yz3Y,0.032016,8
ZmXDM8rJG-g,0.0,0
vlqDUiPRIog,0.108403,1
GmjH7KowewA,0.0,0
OME-jwfhiVY,0.159078,2
0pJ6RsiA_OQ,0.082673,1
cPWLwO-c2fs,0.060277,1
dDrNe45WXYY,0.260129,2
suAHFh9ofyY,0.056649,1
WIAEySrtd2g,0.128525,1
2pKjAlYXbPY,0.276335,3
0FaXESC90pU,0.150339,1
aswBAhQ2gXo,0.193951,5
Tx30JSP6AVA,0.124663,1
cIqXpmPEnEs,0.358369,20
6I-9onbPW1Y,0.078139,8
05EOtP9M5fo,0.104501,3
pNA6zWYmaV0,0.0,0
YM88JhwOGeY,0.212932,1
_6hyedo5Nys,0.454259,1
0CR3M5FrLlg,0.257291,1
oeRi70YJYOI,0.0,0
ItlGvGQEu6I,0.0,0
rsZplv72tQo,0.0,0
koK9kIVP9lI,0.477351,1
nhWkAi6fGAE,0.0,0
SEmQNc2aTyQ,0.0,0
-DFOWUYVTiA,0.480164,3
xumWHqoQInI,0.093634,1
V-_o4spdXoA,0.0,0
igVykD0JFIs,0.00939,1
O252ifbFpCg,0.691926,2
a2kQXIwEi_g,0.0,0
_yrl6EWJQYk,0.780569,18
CwwiAerfxmk,0.22438,1
PJEkfoL9SZY,0.375636,1
46fiaYQetbU,0.640053,23
IYJu6gsBjvY,0.595368,14
PXrGi-h9mQU,0.0,0
c2H5nGXn5FU,0.0,0
U-3tweKBY5c,0.0,0
BGIsba2BUg4,0.577907,16
5x7dMFL9MM4,0.660931,14
mSsDGiASGqw,0.110761,2
2UXqB_lmJa0,0.229487,1
5gIDiCxdSfA,0.462993,9
sV9rkwZshWw,0.449012,2
IxLwviR3qfI,0.098187,1
LtK33Z8xn-Y,0.307574,5
guoQBx6DV04,0.589556,6
SOJjSKz83uQ,0.586166,9
cEHsgnx9rkw,0.476839,7
vx0rlLrDYc8,0.43898,10
jyed6s9IGGs,0.621239,8
yZGpmQGSvAY,0.737318,9
RK1Md1sbf5I,0.205715,5
PytfMEpn-v0,0.046962,1
A25O34HGHRg,0.32096,2
0hb_qTtPFo8,0.268186,2
A3fxNjc4BBU,0.323784,3
Ggoccww3DtY,0.193774,12
TKd9Bxp8bjk,0.543484,5
GQfKfuEwyto,0.443507,2
Ngq7d3We3Xs,0.235302,1
YdLZfEFlf1A,0.172986,1
WD9Fe9imdz0,0.39775,2
Z0Indhkby4U,0.050067,1
o2MV0FCLuuQ,0.175437,8
VhtmBFQmej8,0.387066,3
GaYiwPJ0e0A,0.212346,1
SFeR0fX4udw,0.29531,2
qDKRawi9zyY,0.171734,8
pSmxTjciFpA,0.243905,1
-Rx7-A0tRHY,0.156675,4
nLCLw3MXhwA,0.315674,2
P8dfCiaufZk,0.339041,2
VNrprrJRt6A,0.293164,3
54z12xlygTE,0.242403,9
QJwkel8dCt8,0.254655,2
l3D9sLWD7lE,0.232393,5
eBBJIcX0fLA,0.166464,10
JUF5Tlls_GI,0.18745,1
YvmRUeM6jsA,0.304538,5
QKGKgOFS57o,0.45176,3
5aXJmBbAoPQ,0.148122,2
L_xts1AJke8,0.30111,2
xdctI004f3k,0.287645,2
N6cQxAiHXnM,0.150166,1
yHLg5RBxgv4,0.290846,3
3KLrDoi8iK8,0.318493,3
HS9LNtIckpc,0.296836,2
sZrx_epWaqk,0.295291,1
k_rMLPHaK7k,0.328746,3
6ZwmZgJwCy0,0.556246,3
JYuzu1N45hs,0.169965,1
9_jra7f9sk4,0.102072,10
d3fVTjG95wc,0.154015,3
Ykc_xMeYnu8,0.155983,1
4JNvoVk2CCk,0.119623,17
hUgDcjX0Z1I,0.11348,1
1JGJSP7MIoo,0.166136,1
6Vlj5y86cUE,0.0,0
IgaPHmb5CHQ,0.090556,2
RFz3-tg-09M,0.283304,4
o4WGMCZVgjs,0.006065,1
TrHNLN2O5ww,0.094404,2
wq2XMJ0Yd1M,0.002072,1
EMuvyF3rje8,0.686939,3
63T8sdyd5JM,0.303166,1
c7Fb8GsFJVc,0.0,0
rYaobD4Bgd8,0.222894,1
BiLUVB1rXz0,0.554567,3
2CuBZzBIC3A,0.198078,2
9FKUEFQPpis,0.317725,5
YEBuUDUeSOU,0.59745,3
YIPsJiVhhtg,0.373503,3
pE7N_gT6Oi4,0.337044,3
18CxFkz3I7A,0.420116,2
Fs9R5heBVnA,0.349374,5
0SvodBBpdMA,0.229493,5
NabBOFhem_c,0.433766,3
Ro_zUjWelgA,0.348912,5
MPJswtKgB6s,0.429336,5
Oh4YTBz13sc,0.697528,9
ERgxSEfeAM8,0.229111,1
cRE_qQxZ8vQ,0.114277,14
ZlTyHrFNCiI,0.20924,1
LQMjopN4rO8,0.253876,4
Ij2NFuaQICw,0.138635,1
T7ZT65Un9kU,0.249291,2
Pm97K0V7O2Q,0.392956,2
eopo0b2b0P4,0.141002,8
OEOfwNIOrpw,0.208679,1
btgfIGDMtoI,0.494306,9
gVSTvZDiswE,0.0,0
GNTEUoPJrQo,0.636071,1
DEG4ooXNnc0,0.417232,1
SeQAyCYsNrU,0.0,0
P85UwZrivRc,0.412898,1
hbNdExbziKk,0.367859,3
akAJFdJYt-k,0.259748,2
CK3LQrkw5q0,0.19723,7
VBw3sIMaFIo,0.157714,1
-QPZ4BCD2PA,0.151895,1
cGjP8nvra0E,0.11909,1
kNXx09Dpjt4,0.296031,3
rBxdsO70uLo,0.147028,1
cbyN00YOGdA,0.245696,5
Ij05fPBR2Xg,0.008023,1
GcLqLxzpJv8,0.069116,3
L4QC3XZB0lA,0.03585,3
DXdLgZObf1s,0.197282,4
JmXVJS47SWc,0.212204,4
uH-pUqU_-E0,0.033419,3
zP57S0bXH9A,0.239699,13
dtGcouA-W44,0.0,0
Df88Zc4eZms,0.078987,11
HULd8GOl6yQ,0.248559,3
2ccWDxPyNRQ,0.108044,7
L4CUoN84t9A,0.36537,2
Z0sk1ie5KP0,0.423826,6
qj69Bl_qvSY,0.416466,8
QQOxH80t0o8,0.362652,8
pX7pQbVgp90,0.479255,2
En8i2Hb4H5Y,0.413364,4
VlZB97M2Bg0,0.0,0
MU2DGylxKOk,0.017036,3
VF5NEr8mLS8,0.016479,2
PCrg6iDGY38,0.012317,2
edH0rD5Pjdc,0.025805,1
ePwUxnFhXrg,0.0,0
lXfdTvlyfkI,0.101011,1
VkbRIRhpWGI,0.358088,2
hPcBZqVT61Y,0.350243,2
j39r67s1zXc,0.376236,2
5V8Ly4_02mc,0.414696,8
WyCDdVhjR-Q,0.064553,1
hIywGdBuI4k,0.144306,2
Mfx-nAYAD74,0.215844,2
l5oKi5Yp6VE,0.280656,2
9-SSV0ICkrI,0.23842,3
X06Y4iS0waE,0.257992,2
liRa-bmPI4E,0.228704,2
Rje0SpONSKM,0.501882,2
LeK8S-CoQr4,0.285705,2
JMWnqMwEWa0,0.120228,2
1BhpXjuZY5A,0.553537,2
-haeZy72oXM,0.182236,2
mppIbVwPVzU,0.198376,1
NOnuIp32ulE,0.0,0
AHsYMf58GJU,0.713849,1
HXsb034qKQ4,0.678278,1
na35SfboHOg,0.267408,1
KqkcQgG3svU,0.118902,1
yW0tjvWXxoQ,0.456033,3
rAtVzobdlSE,0.221939,1
1tjG4qfnOSg,0.183373,1
fk4zwTmNVJA,0.264087,2
uIZPXz7jX2g,0.0,0
5-nHGP_f6F0,0.073621,2
rWCrwmBMT2s,0.0,0
yLPt0GA4Pws,0.0,0
YUYv8yflu6A,0.084282,1
zOnMer_vc5g,0.341514,2
thZCD1UKsHE,0.155561,7
0M-X3jyqZ-c,0.412648,3
rXjiix28pzs,0.024058,2
hg2g0Tog9cc,0.1868,4
UIc5Yvw9BoE,0.0,0
qIVehc7oihI,0.661134,14
TE553yck18U,0.26616,2
OFFPsphBXyc,0.144974,12
WoYYfRkH15g,0.17793,22
mCLEp7PC77A,0.383704,4
_VqyS23yEwI,0.409369,3
FCsji6t00_k,0.182788,7
0yrkW-5R9Ok,0.432513,4
F9p21Z_iQ1E,0.0,0
CqWa3DGMqeA,0.432513,4
qe2sUUpwlI0,0.117903,1
waiSXnKZegw,0.319439,1
58wHBezDdc8,0.235534,12
brY1-CnkaZI,0.307952,4
pWXyIO7yPqQ,0.260991,1
sJJOTJRU3Gc,0.399123,15
Os-ezT0N6zc,0.357955,7
74TnV9LBv1M,0.202033,12
IHFLntRX_ZE,0.381925,3
o7c_aIIgqFk,0.07566,1
CSxrjH4aV90,0.602128,9
jMHu3ERvGns,0.399358,19
sZ5nEfnGHS4,0.208883,2
W9n8OyOCb4g,0.279462,7
aKoWDkiPQ34,0.249191,2
IH4QQ4Q0c8s,0.445775,4
RjWPlO6rC4k,0.041661,1
jNTbpERvluw,0.0,0
wEqgUUjnMow,0.0,0
vS0Vf5X7I8U,0.0,0
5s7b7UaQykU,0.0,0
Z2dM6NK-PX8,0.506541,3
4JqD4LQmPO8,0.282419,2
bkzq0I3L2GQ,0.1814,1
3yev2bFWO2Y,0.416748,4
4P05mTTx_eE,0.35965,2
W3HZU-273WM,0.426107,2
vvE2lIlbddU,0.30334,2
UT5rBdHSML0,0.162354,1
C5_vw0gzr28,0.23583,2
stbKaSidlEM,0.272597,2
uWifzxfSaDE,0.238346,1
vMmm8jCvw24,0.303236,3
FMdpCn_32xI,0.127031,1
c4mEnnuCrCM,0.0,0
lq0xBL5PPF8,0.488543,6
IBo0LGhrDYI,0.0,0
6C3io42vVXg,0.0,0
-PAO6iPqIcY,0.17801,2
f2sigMXyi2Y,0.0,0
BoGbECdvpsk,0.226119,1
kS-_r3ZieY8,0.316401,2
G84r0PfZKxw,0.229327,1
YMKbDk79Tvs,0.0,0
_rAqu1CjriM,0.0,0
uJ7ejt_s-GY,0.0,0
5KS9qOiDLXo,0.0,0
GYwBwgNaGls,0.0,0
fi28v405bOE,0.10046,1
G_47JvhWkLE,0.309897,3
rZ8UOvoY4Gc,0.565348,3
ZtChH0PT_WU,0.533509,4
64IhQWX4w4c,0.275889,3
qiPQ_VWd0jA,0.404806,2
xEcwbN_jISA,0.574103,3
I2NQ-2wkNy4,0.598953,2
XYmJ3ideS-Y,0.314392,2
TsCWjh-XPzc,0.077199,11
LH2GOZvn6gM,0.0,0
Wj8wOUxfCwA,0.006507,1
96siX_MzM9s,0.037759,1
owPcxuMYmS4,0.492631,13
uGZ0zS8sFwQ,0.042065,2
8oBzfgq_2JA,0.0,0
TN5hgLF76So,0.0,0
ORZUnSlMq1I,0.321723,1
8D1EvWE7I0Y,0.0,0
sqltJcyeJxA,0.0,0
FUM7vbtrvec,0.0,0
IdxAZ3CQH6k,0.0,0
3HBFWs9vfXo,0.0,0
rm8qa7FDMYU,0.0,0
fsCVXE84SIQ,0.0,0
EiIQ7GRb9g0,0.0,0
amK5OiRip0A,0.0,0
KlYi-zw898I,0.0,0
YKeMjR85lDg,0.015981,3
FxrEM8NeRSs,0.228996,22
Yt4EciHC0Fw,0.294977,23
ydXWvIjv0JA,0.283085,23
PSXooW7qsYk,0.350444,23
0tQjXlb7umo,0.485921,3
VmArkAVr2cA,0.407133,3
WJtl9PSRjO8,0.237494,5
W17aCC12a1Q,0.631931,2
AQlN5IFiGbM,0.373107,5
bpXw7Gslkuk,0.0,0
vdaJyjNQZnA,0.26398,1
OjjJMFvElVg,0.485722,5
rm27-4GFyjU,0.284784,1
N33T-BEy6mM,0.125556,1
Wp-sCCqhoDo,0.205434,1
X900FaZsPaA,0.1791,1
Lq1-QlpF6J0,0.220776,1
JsN2mfu_lRY,0.161916,1
fSpqPPKiuog,0.2002,1
i3K5fQvYMOw,0.211128,1
UyfpmKMzQfI,0.305654,5
JWV3WeR8IJI,0.05688,1
EJ4zVR2y48M,0.212936,1
S2LPXZ2qUNA,0.209498,1
pX231t7bc-s,0.214663,1
u1vmxZ_Q7yk,0.233242,1
SL23aL87aSM,0.212271,1
6g4fACL2cac,0.295619,7
vBJQvQBTveI,0.428848,4
KWY4n3Vr7iA,0.168814,1
S-jP0HxwFMg,0.544126,4
uZ8sXyUOB5Y,0.532269,2
f6zyy6VoKuQ,0.454358,4
GVq9R11nM0w,0.459995,3
rQzDfmSo6Ms,0.328064,2
S328lRsky3E,0.356744,2
-O9Me7uDNIY,0.23763,2
W6lI9rPq6t0,0.220942,2
pzVNsxq2uyA,0.325521,3
_0stf69jN0I,0.216777,11
XwWSTnY2KXE,0.180046,4
6aMZWxrQzI4,0.282045,9
VCC_a-19qww,0.232776,13
u-zANDPT_fA,0.105922,1
VEoFCjo9Xyk,0.0,0
1m32v2TB-c4,0.0,0
MIBALk5VZQo,0.576405,1
3glN5aoKtZk,0.585158,2
gsMSVM0AIko,0.372914,1
LTlLC1JBtBI,0.850479,1
P5PGvQawObk,0.076035,1
NBNRXDM1n8g,0.730028,2
Ujy9BYJVRMU,0.738211,1
G-rvl6u8s1Q,0.378319,1
zu0Cf1BKVl8,0.135243,1
tRvRokWvuaU,0.016144,3
I2VteqNGUqE,0.241075,11
E88hk-wnTfo,0.432275,1
ukjahvXGFo4,0.514508,8
WLvgGFFbIwU,0.323919,1
GHWdS3ROO3s,0.273263,5
3Lnh7VqMLaQ,0.340581,1
bTNP4Qz3Yhk,0.039799,2
SvaWGNPGwsA,0.695131,1
iz432e4ss0I,0.290911,2
LBlDCK9r9cY,0.530501,6
s2Ayl-KrZZg,0.284245,3
thB-ymw998U,0.245372,1
dLUd9EmNq1Y,0.290176,9
2j8vR2BrzS4,0.203812,1
jvguB805AxM,0.431772,13
Y0YdonmybUU,0.362117,2
GBeGVR4sKmc,0.268207,9
fudCUbdkQmg,0.192888,1
RpcAQKsimFs,0.254986,2
j-Icw1-ghhk,0.150715,2
0iAwO9bwLt8,0.423589,3
8Ur_TfvkBVU,0.165075,2
ygbQU6Nx-5U,0.160104,3
Zc3_dUillVw,0.226066,2
wbTfqPjEWzA,0.175829,2
baavwkIXyqY,0.192589,2
al5Mw5zwsxc,0.227142,4
svLn_bZ-JEs,0.113468,1
ySMp2ZXyLoQ,0.18407,4
pRq33-4_qZE,0.071602,1
N-5Jrr89FjM,0.0,0
Jpq5Xcc5jmw,0.206949,32
9smKlUPG2e0,0.207476,27
Vf7S54bds10,0.537594,1
Ilk8VNMa1mo,0.294419,1
dwOgqdgwNXI,0.218078,1
gkcOMMn9DzA,0.289442,2
Ax4T3Jcy6z0,0.081446,1
v0tKQIGqjPk,0.216794,10
VlKaHiLA668,0.440924,1
mJiNXmTytdc,0.250014,1
gZpq_-9mZM0,0.19962,5
SMotd_naJig,0.0,0
0nQV1AJr-8Y,0.09805,7
a2lmR-MrsT0,0.733722,5
w76pohQStZQ,0.0,0
c7vlhUFL2yo,0.474859,3
7KXjFYBNiWg,0.0,0
uAXg00wIYzM,0.072538,6
XiEmiyFIObs,0.261875,3
HXZD8LDfwns,0.673628,9
UlO3rq6Jc3E,0.44091,5
UlL4xdyZDrA,0.219247,1
Vy5TgPDUjqs,0.134835,1
DvcMEItkrfs,0.0,0
w9eLXVCGBnU,0.0,0
3sv1KX6iR-w,0.0,0
J3YAsrB4mjM,0.338398,2
YVv9SQlz6ec,0.414517,2
SnsASnBAdT8,0.383464,2
Cu9dciCAfJQ,0.2826,2
X_Ju0wXcAxw,0.513966,2
B8PhKlsapkE,0.391747,2
LmRjGQvjpwM,0.311253,2
qjixfqJijoI,0.348926,3
nukfMMou5bM,0.267021,2
PbRLqx_ZjcI,0.306834,4
vUuJTSU7bdU,0.327847,1
LlyXMmJpqy8,0.298103,1
4AWPDYQkjtM,0.113204,1
tLbh0dhEwOk,0.178767,4
C5V_snEwriA,0.158041,8
Cnxus-7CMqM,0.368914,13
LKywCxnBB08,0.0,0
DfMKZUosU-8,0.003663,2
JsqvvZAzeOU,0.0,0
meQkEqWSP4w,0.0,0
lwegRqy35BY,0.0,0
c-znHIQrSdY,0.0,0
_gImTR69YAo,0.039239,6
oLgiFW0K7tI,0.024884,2
I5zTSoomBBU,0.0,0
kk3-1bs-ZqA,0.0,0
r3RtC81-lAA,0.25864,3
mKBtDLQ4rso,0.254358,1
dFHRP7dTk8A,0.238623,1
ADzeLg6XR0c,0.249692,1
I9HxgSaHJt4,0.029716,1
aLwzbBGPOA0,0.029716,1
MpnAEl2cdFI,0.422364,2
IQkEWmO0VEQ,0.278781,1
iJvrxt0nwSE,0.193828,1
1a-vQDDQT4I,0.0,0
1wqRjI2_8J0,0.0,0
G1M7DBmwzHo,0.0,0
QZvA5u_XHDk,0.0,0
GrXNLzJcpG8,0.580465,13
wGh6X5uxedk,0.100094,2
OQT8ONVC0YA,0.576682,23
Y2Mzmvwm1RA,0.125426,1
FQRBCc58J88,0.125462,1
fo_ZWUNXoWc,0.124723,1
D1jK21a2jGE,0.0,0
Qb7PV4_BhkY,0.515643,6
UbjYgG_MgZI,0.429484,8
LXelgnZmB1Y,0.063108,2
3jx-4RrpEFY,0.479071,11
UzEjVR7l-G4,0.246734,1
_ZmzsW01YCU,0.380712,12
JUUbiH689rc,0.0,0
nKU31daLc3Q,0.0,0
mVtQUUFuIW4,0.14218,1
AsJm_2Puxto,0.248036,1
XWoIolGIJKE,0.118014,1
lYJtb3EjAGQ,0.120225,1
jiJwnXCbtfQ,0.225822,1
EJbMa-QdrEU,0.15431,1
_3K2F5HcmsQ,0.151721,13
7ZrEap-uvLA,0.185398,4
r8i07gWRodQ,0.0,0
MPf3V9RzqaY,0.0,0
xDUO1YAoFgk,0.0,0
l044pmDu-RA,0.0,0
WU0udw-u-UI,0.012402,2
lG7T8Gigxuw,0.0,0
6kDdMSJ5hhY,0.0,0
jZ233sosldY,0.0,0
bhvR4wFbytw,0.0,0
XwJH3azj1P8,0.384801,2
UaPEGh8xm_Y,0.203426,1
q81Kwp1vVVk,0.0,0
BnU6mB2p6aA,0.141756,1
p33NRFbJdwE,0.187986,1
9kMSWDMEJlI,0.505815,7
Z6lF1v-UpAs,0.457452,10
MHko5TJakoE,0.611348,8
gAymhNw80CY,0.611348,8
uzseqMYo_OE,0.283559,2
T_xnIKGCwNE,0.0,0
2GEuEYuDK78,0.505815,7
w2XtcMyvn9g,0.505815,7
YaqCxjQp6QM,0.184615,2
HI63C24AONY,0.304196,9
WxS2YhO1wZ8,0.049412,2
QEAqHQALsL4,0.340561,7
F9ZnufTgd60,0.054718,1
Da1Wqa6vBUI,0.170205,3
B-QpgBvvIz4,0.463918,2
iPWgj2Ooowc,0.144162,1
QQ00noXOVnY,0.253611,3
SkoOicYxgjs,0.434352,5
ULVLuI8oJ6c,0.108009,13
um8f0uZ_7tQ,0.24629,3
j9E00CZPKvo,0.20349,1
R54QUKW6Trw,0.395567,6
hAS6F1J5VE8,0.079601,1
mvVlheXwjso,0.136134,1
zw0oLx0Wl5U,0.150331,2
ysNYSIv-vL0,0.076076,1
Rn1Aq5mhOxw,0.094074,1
Ct4RuMz4_PE,0.06,1
4968-kz-eR8,0.051121,2
lT8mXvZKjHc,0.022037,2
J7RjpGIG5j8,0.058914,1
uw5CxsNTQbM,0.077305,2
5WygQJB9T-g,0.234882,18
nDYhogT2cvk,0.0,0
hOKa7zFz9TQ,0.0,0
xW6gSlQrdqo,0.076225,1
QFfqqbS2bac,0.0,0
r74mLPk9Alk,0.198599,4
43r40uaw_z8,0.0,0
6ZDilnDOWf0,0.0,0
RmSQQeViXOQ,0.168036,2
BrBgNvPBRA4,0.128416,1
48V9iKEIxpA,0.266676,1
iE7aLLnngx4,0.206127,1
eIqqa4tOhP0,0.126007,6
BibjJP9gcxQ,0.434863,8
r-DAw-gde8c,0.003535,5
VbsM9LyfMYU,0.0,0
gGDNEGyLvGs,0.441352,3
HzYPWYpjFPw,0.575393,1
6-q0wIBIMOE,0.189492,4
EqzNHgNhQ3E,0.185336,1
seB6BO_C6UY,0.154887,4
ZKAZW-vpBG0,0.298732,5
oaxf25rs2tk,0.0,0
JtUQKsqmWpg,0.32985,3
D8QRh-k9SnQ,0.239339,11
xX_MJGZui-g,0.254399,3
VjguPOXdQpE,0.189945,1
g9DTyTDgkKI,0.409905,21
cJeagcGKx5k,0.0,0
k1UXI3oughE,0.320493,2
H_M6y9yI3Ng,0.150908,1
sH2spSs-Dwk,0.253298,11
By0wqL3EQvU,0.193827,1
GDvLYgxNmn8,0.35659,2
20z22EzFhGQ,0.141465,1
QvYU6Rh1Gv0,0.350885,3
_tFA2bKG644,0.239087,2
WERS8qVHt_k,0.23357,1
R6d7xrdZuAw,0.242346,1
uIBOQ12MsTA,0.3025,1
wXCViGUqR1A,0.126523,2
QagtBoFJiFQ,0.154807,1
mT_u3f47W7c,0.225498,1
sFsXiC3Wixw,0.104745,1
KltwnNEH48o,0.126163,1
KEgsChGaNlE,0.283815,2
49O9T5uuT6Y,0.0,0
F8rdTlFGKPQ,0.324301,1
EWeA15aow1M,0.030714,2
9ZBWcXbQ1To,0.243123,3
dZimCzYEKuM,0.229977,1
KEbNfRjMNjg,0.154372,1
8vNJBcJJ4vU,0.154422,1
-Lo2ggPAiMc,0.154424,1
UriLknBngBo,0.154436,1
i0dIFPKubMA,0.0,0
gE6AjHXnkZE,0.237045,1
mu9rMo68kXA,0.263485,6
QbyntnWGhmU,0.403196,3
Q0ey_YE7MNs,0.203534,1
cVbsedZchwQ,0.586437,5
9noElnkUZfw,0.241648,3
sE8n5mpVUlA,0.34821,13
XzyeQbJRvOA,0.255533,3
PV11BWbe_CQ,0.198179,3
_aykr0iaFoA,0.145303,1
cDM5i8CeES8,0.125411,1
pwkzxNjzlSY,0.291877,1
ah2YGO8rhvo,0.0,0
42NpgLgzbPw,0.373248,2
6B0Ton-W5y4,0.319005,4
ksvLgV1e8Pk,0.615042,3
NPwkaZf8e_U,0.479252,6
w7oI_vrfsPw,0.574704,4
ltbTV8QOnsg,0.021831,1
B93Yp9xqUk0,0.0,0
yLZ-l53RMiI,0.652234,5
RhJBEgWC-2A,0.711168,3
dkxYhp_5HWk,0.492092,5
EvFKqp0RcCI,0.0,0
iij4YK6tmPQ,0.0,0
uyQji-sVGWo,0.094668,1
2v9HsC3HM8o,0.576809,3
pefdNLhZc9A,0.667675,5
lVnApUax8yE,0.342247,4
znLhk1-ivRY,0.0,0
nQpfTI4Bhbg,0.0,0
FQSM7uzchWY,0.0,0
a-4l91RmF8A,0.06193,1
aqD9QBceGO0,0.110961,1
dsOgX_HpXBk,0.246927,1
THmggvdDyJ0,0.158392,1
5xxc3CZ000E,0.174815,1
jgMPz3umVHc,0.183356,1
mYvXHb5E0FA,0.087766,1
FvWuYyygiuo,0.006479,1
Vf4ZCYL4KOg,0.311389,1
nsX-ORop9is,0.243915,1
0q6b8LRHE9Y,0.0,0
inpK_Lx_OTU,0.0,0
w0W5ThCWfq0,0.0,0
qzB8jtZERos,0.0,0
sO76CrOofAI,0.052894,4
-5bBuCHdZVw,0.093553,1
ad7sRYPyyVA,0.265897,6
cKp0LVe8cpA,0.042749,1
qk9cjHPyzEU,0.131811,1
6x4eYRGSSKg,0.57434,2
XNGto_SDflM,0.126773,1
Iwg9lROe2v0,0.0,0
ynXS4lS-EjE,0.186724,6
6tjSNk8swnY,0.222845,1
llyN5B7hz5s,0.259851,3
n82K9j-jcgE,0.222921,6
kFSW96YdviM,0.279435,4
zjmXmuf7LqM,0.242284,2
SxtW3H1nV5I,0.0,0
nf0iXDqLWy0,0.179006,2
nYRTpDX_l6A,0.312428,5
PGsAiT2JriQ,0.26235,2
341TWIZbWCI,0.650296,2
h_SDOrgkrB0,0.0,0
YRONknXFvfY,0.013624,1
Cg8Mu-igUM0,0.01529,1
G78o5oVnPa8,0.0,0
46E_NvsBC64,0.015138,1
IKyQzvamGDk,0.0,0
kRFi74M1NTY,0.0,0
qlBzqcx4z4s,0.0,0
hLB9xYogIqY,0.112715,1
SQEaWfXtQ6M,0.0,0
rI_j4G-Tz3Q,0.279326,1
j9j7umEyUcw,0.303086,2
yI-91kCtt80,0.0,0
OlNixk_RQoE,0.14199,1
GhQWUJaX0C0,0.18915,1
odkuuQwADPA,0.0,0
nprsCSE7ejs,0.331909,4
rplArTua3ws,0.6585,5
sePvAMqhk5k,0.0,0
xex49s6upjM,0.0,0
IFXDx6UcXbs,0.10352,1
U42r3aJaaoU,0.0,0
7EEEbwpq8sM,0.290365,1
1isCAwp9NFk,0.29996,1
tzRTTJcNgP8,0.305802,1
Puj_2mP_pBM,0.30006,1
gh8NSApCRJk,0.300293,1
b2Zkw8KeRgI,0.302921,1
tilxlhdabS4,0.303561,1
UZD6jSWYEX4,0.304637,1
PPkogVWdgaQ,0.298569,1
zjDeUcmdevc,0.361509,22
7E19Dn1CHsc,0.230486,5
wH6nZD9Mzcc,0.0,0
fwSJ77wbZdQ,0.237065,1
a9egQcWcRsY,0.540693,10
ne7kqY7VK0M,0.443039,7
I8XellDl3wY,0.255197,3
KgpW2SfeNRg,0.353325,14
3-NbifEiGQE,0.182819,2
qdpRi_TIXaQ,0.689558,5
4WBMmSHsDag,0.283113,3
Q1koTI8MUuM,0.418788,6
GFwkUwyCEDs,0.363025,3
Ig-x3Aa-v-o,0.432064,2
R44ArKysJyU,0.403021,7
_P_BOj0X_Co,0.613431,4
MxCksCpqE_c,0.515152,2
KcroocCqrws,0.135918,2
6p-B_AL15NM,0.267789,3
tUttpNgtQwM,0.149352,1
pw3dJl1Hc50,0.380808,17
UxTWVi77OXQ,0.210097,5
B0NclMo2oCM,0.0,0
BP0fPkylNrU,0.0,0
clk8jSdne6Y,0.496355,2
gBWUFE5maeA,0.509581,2
PeGGvITKPv0,0.086637,4
8K048uZr1Xk,0.527869,3
VHbdRB73ZRs,0.125749,1
fYIcp3BSEfk,0.200686,2
ZaXpHIVvPds,0.20985,1
JT7vBDIg1eA,0.322011,2
iBN1mfLhlsU,0.0,0
Kf82y9W7Xkc,0.0,0
hMImWH9i6oI,0.0,0
MNah1esN9Vo,0.0,0
HCVskp0UWEU,0.0,0
R2ZwsSA58Hs,0.0,0
qmIy5v9tDyA,0.0,0
sRvQv_Xz7C8,0.0,0
mMHbYV6OcZ8,0.0,0
Ko4AM2pnr-E,0.0,0
Ptho1uF9KTM,0.0,0
NrPNcRZoAAA,0.0,0
d2CVsju31sw,0.354032,1
y_Nd6JutqOQ,0.287979,1
wwKk2c5zmH8,0.268248,1
bD7uiuervOI,0.304135,1
KqAIBZaT0VQ,0.27446,1
RcDEr2nO6N4,0.260407,1
zQjMrPaM4W8,0.301021,1
WwOwUA4MzFU,0.350559,6
9oYsjb4y32E,0.0,0
kISocp_eU-Q,0.0,0
nTosbmL1qRw,0.205111,1
GV_vUyLI8lI,0.254359,1
z5OI8pvp05M,0.491737,6
LbDD6XyqJG4,0.310809,10
4JQRTNfi_sw,0.289977,7
omMP_ExJrxo,0.292332,2
qa85SgeC1j8,0.237614,2
0rfT0Qmla1E,0.15779,9
26sKLtN1STE,0.245275,9
0GlJhVJSmkI,0.0,0
obBy-fKqsB8,0.141926,2
_kDE0-5ydfI,0.012056,4
aeLa5sNI1S8,0.339582,5
StXRpZBrnKo,0.511276,6
OnUFMhwIELQ,0.232555,3
je83Oir4zG4,0.245725,1
sOoSVKax8ls,0.312746,2
ypwCeaCo7zQ,0.003728,1
5wrUQ6wPDJk,0.0,0
vxNIaZVoyjo,0.074934,2
7_kZuwFDfOA,0.0,0
pSFF3K1fRzY,0.0,0
QZMTRCkpkoc,0.0,0
oy7QFb_PRq4,0.13677,1
Mm07qsdeCf8,0.24349,3
okw5smHQpxA,0.045007,2
hREktewZNRg,0.192573,3
1Y_-FpIYohY,0.076468,2
sUR0OPFGN_Y,0.263028,2
sqi5Cr4uEM0,0.183298,1
Ab-roME1z3A,0.16172,1
E9yXEExRp6g,0.0,0
CDvETeDrlRI,0.0,0
aOYSe4xCtrk,0.0,0
fA3GXmv5jX4,0.23287,2
DmjmeobyBkw,0.0,0
w0ga8reqGEg,0.123655,2
0RtOi56R-04,0.019434,2
BWJr_pUYpe0,0.043735,1
C-Cl3Po63Sc,0.0,0
gn4Q5aSUv6w,0.0,0
CeMIMbn-lA0,0.087439,1
fiqd1Z7oMPQ,0.0,0
5L8r-13ZKh8,0.0,0
SVG3ryFQ9js,0.326755,1
-uMAk0-bsKo,0.142929,1
jq7BwCVoUx0,0.241832,1
NdSTSODdJ4M,0.097893,1
2deHhSSpDB8,0.318956,2
MtJVhGdS3A4,0.124831,1
t5LWx-JcfMI,0.107985,1
-6OXTnorvJk,0.425062,2
yzJCeAlgMyI,0.718539,2
VmewGFJ9po8,0.641846,4
if0fWDg6jUA,0.53858,3
ckT5tfg4x7Q,0.727571,3
Sf_EWasGTi4,0.34322,2
ejbnm56SaJc,0.302574,1
m-2DqwNFtPM,0.266286,2
TEmaDgEQLpE,0.600908,4
HcGPk4ltxLA,0.262708,1
IkixXMZQ_08,0.163286,2
8EhoGniGifA,0.232123,22
-KW5K6HDeQM,0.163355,3
nlrtfLWrH0w,0.352861,3
jXfF2P4nLd8,0.210628,21
CDDgKJJWpBo,0.233469,1
_JP3mGTM6sU,0.32297,1
yYjuGJJrrLM,0.088891,14
2kLrVOU8Mqs,0.209595,14
-_HjKzBMuDo,0.250851,2
GRVyux3dy0I,0.185031,3
wi5Nq-vxdCk,0.232263,1
a9clJ2pzd-g,0.36482,3
Ovt9ZR2dNsU,0.137755,2
9dGu30a4bxE,0.0,0
x64Ka-sWIEw,0.313178,2
oSnbVIE8swo,0.060242,1
PruDq1iR_jU,0.0,0
oHyAJrlXwiI,0.115926,2
j9LwY76yFwU,0.012406,6
BkTQddzrDm0,0.060725,3
ASxlirN2h_0,0.425098,3
m3IQX7LnVh0,0.133917,5
BbhBaDs0AAA,0.265561,1
IBPQvTEyr54,0.247208,20
zZq0DNhoLoE,0.267576,3
utK6qo6NuaQ,0.267576,3
rjnzU8gUFGY,0.085526,6
dMjJV0PnE3Q,0.0,0
D0IyYuL1Zfo,0.116793,1
M4PxzR0ptDk,0.194919,13
jKtw2YR4ytM,0.146706,3
mp9RQHeBzy8,0.078213,1
x_szdL-aU9Q,0.016796,1
07wCNDm22vg,0.280543,1
1p_CuxD5L0o,0.301416,1
lQ4jkjrfIqs,0.277208,1
7-S92FQBlic,0.305806,1
UuYc3lRlaic,0.268482,1
gG1ESmcIMqw,0.27469,1
RFE3MG9qTLE,0.281383,1
d-O7Wv7M0ng,0.273071,1
c-1mv1yitCM,0.289871,1
Upruzo6fMAk,0.392249,3
59gMsphTDzM,0.345641,6
zNWR6s_HgqI,0.367112,6
36ldUy49Joo,0.151887,2
Oeh07n48pv4,0.386485,2
Li4WMgEohOA,0.097727,1
CzCRS9fVnk4,0.304372,2
ZNbpLEhN234,0.413171,2
0gjzyFGhipU,0.231847,2
kjgYZgQOMF8,0.430577,3
qfjQg9hX5J0,0.396228,2
CVaCLINtPRg,0.42299,3
Q8Y4HeHPjSo,0.335073,3
KdrlslOHa2U,0.242057,1
B4GX-OpuLMw,0.263338,1
EgkYO_RmKqU,0.238072,1
nGxRu-fVBtw,0.198763,1
KWLX1vyZsh0,0.24091,1
oUGncTpFcTU,0.25826,1
kj-S489Vj-M,0.251653,1
iwXTLMq0vgc,0.0,0
-qSzb5-3XqA,0.0,0
MuttVOdhlkY,0.0,0
A4H89MYOeEU,0.0,0
xlsFOi1J7Mg,0.0,0
3VGR_Yjzwsk,0.156086,3
hzwX2OmfzSY,0.0,0
Y9zom_1W6xU,0.0,0
O1eX4s2Iw70,0.0,0
msbWoC4Dxo4,0.0,0
32U85EKaZZs,0.0,0
0d5kPv_I9f0,0.3745,6
L-QV_rwG9ps,0.334243,6
uda8KV11qXE,0.313835,6
sujG45HDHPA,0.182524,2
0zWFbr4eT3E,0.156128,3
qe7ij4BUBI0,0.32011,2
xHC-ZEV7aqs,0.250513,4
v-bH3sqrD1A,0.43607,11
BCjT9YW9RjA,0.407223,3
CrERm1XZPiE,0.506648,11
YNcuSHY70K4,0.254581,1
2L3zRC1nfjQ,0.254506,1
E_9nn06FkN8,0.0,0
9YuV9vwYp4w,0.0,0
qXGaiqgFKS4,0.370293,21
gVm4j2RkFkg,0.143014,1
dmu0DnP9Fa4,0.465253,8
gxYyQSBZJAg,0.270535,1
cXSs_AeERog,0.223641,1
19BTBHahhCU,0.252738,1
WnMLIbYXNN4,0.144184,8
LhasXbY0IfY,0.263676,15
VxuT7hWWBng,0.171159,2
LZLXwRBb0wk,0.131539,1
4GAt0cE4nO0,0.369856,3
TBRmi3FGFRA,0.142325,3
gvpWXv5KW48,0.0,0
f_cSroHtRNo,0.186427,4
CHZjZdw0ZUQ,0.111676,3
mX_vIVyQKug,0.140791,2
nFoiYqe0XMY,0.134252,1
NLeETPXTbTM,0.141034,1
IF67AaZLzmM,0.0,0
JEdi_-YE6jc,0.143107,2
WfoHMRh56U8,0.140672,2
RS_axMJ0I1Q,0.118555,1
CmyJ4vIHOes,0.101162,1
rYMindQgP18,0.186013,8
loQxbgYwq1c,0.143044,1
dJ9puH8-3Mg,0.155486,1
Mko6-zZTDr0,0.048322,1
oTx8oXPNo5I,0.561421,2
Jhzqcx1hBEo,0.0,0
rF3qBNtSi6Y,0.110651,1
yVXy5DwpTTM,0.0,0
zCJUXypNXO8,0.0,0
1157jJqYXfg,0.0,0
Gzk0GuytKAo,0.0,0
qRnLhefnnTs,0.0,0
zGHJZpzJwzc,0.0,0
HSujmnIpfAA,0.023432,1
WdIHng-vZcI,0.267309,7
8k7YD4Jswxg,0.292388,4
jMBxCr9nXS8,0.332001,2
PNwnZCxLvMc,0.340363,17
l_mTgQQ8NXI,0.242072,18
gE1vz_uYIAc,0.164189,4
7EAX3qaCtVw,0.365951,6
lR_xUMHpIOk,0.385584,3
SRGoVRmirhU,0.427849,3
KPIOPN4tnMI,0.286351,5
AusLRUVAizc,0.0,0
COeO2TmubBI,0.0,0
vW5K3nS_z6k,0.0,0
34FIB_dHHyM,0.0,0
m8XkX_WCj1s,0.012284,1
iYBtKaSE1YQ,0.0,0
9xHJrHywpFQ,0.0,0
CJ_qxPbhufw,0.0,0
gCjm37Lz_Kc,0.0,0
2tQPk2bbFP8,0.138669,1
sXHlLJ3kHnM,0.236443,3
9ypvx02DBHM,0.221034,4
ElMqQ6UkBbE,0.152387,1
6_n31a1pECo,0.59098,4
-5MNaJAGVdk,0.0,0
AMqU0bOQaB8,0.27174,9
JXkKJ_hZYKo,0.169208,2
8WdhLohW_xs,0.250632,3
OeWTRBJt2HE,0.216526,3
o5UMysi6XOE,0.283135,3
Evwi5-77klQ,0.146246,2
c2D2QSeQ8Hw,0.0,0
u7JXG_a7-QM,0.253045,9
ELhP5ocPH3Y,0.133631,13
AT8qlebOUTc,0.11217,1
WRI1PUnhY9s,0.0,0
Pz-aP7CHNs0,0.0,0
pwPwH0O5pD8,0.0,0
dx0joW__UKE,0.0,0
KotY3ESM5y8,0.0,0
cozQyw9iyLQ,0.008764,6
f0bpRtAeh6w,0.0,0
CDYTZb1yIls,0.0,0
pjfVFjvKsdc,0.027772,1
gVk-0YQyApY,0.0,0
MVkD3e3mkLg,0.134744,17
lP8kLaal6_o,0.105737,14
4Ly1UobAJzE,0.322227,3
NGTNhz9pLzk,0.246056,6
ntD6iMorHac,0.377867,2
6APgx5AfhuM,0.166919,1
1wQFrcI-7SE,0.190532,15
sz7F-B1iUpE,0.0,0
EFkQfn70F-U,0.0,0
5rU7xlDHhcc,0.0,0
JZD7_9OqQVU,0.0,0
GvaHPDGKTYw,0.051454,3
t9iNn_2aup8,0.0,0
i_Jy0QVhhv8,0.072322,1
uRbmtzipRlc,0.281576,1
8RKWhl-DOJg,0.0,0
4SGorcxEjVE,0.0,0
awUVpiYOlcE,0.0,0
d6OHoJ-yZ0c,0.048784,3
eLxe9CwUAUM,0.508279,19
8rGSqGjnKCQ,0.309667,1
StdVp8T8NUg,0.309667,1
w1QRK8tqmqo,0.309667,1
o_ZAwVSt6is,0.309667,1
JhdLgWJHu6s,0.310547,1
UoocDBTad5s,0.309667,1
6ZhnPuBhRgM,0.309667,1
9fS0oSMtYdo,0.309667,1
MA7VmsgvMbA,0.0,0
5YaQvP5XFAA,0.078687,1
Awk6R5wQt5Y,0.391782,14
A9BPhBIpa44,0.449134,2
IxAxEhYBOQA,0.330472,4
R5ryjgQaaOg,0.169067,2
bmauQd7YrQ8,0.168687,1
iLNRpkMEpzQ,0.167444,1
qOwEO8A7GYM,0.057705,3
DIKx0v7qsrE,0.187744,4
1a67gW8rueo,0.041749,1
g94CpdUr1FI,0.0,0
ogwME4Jwrx4,0.141624,1
E3_mLA5q-44,0.209844,1
aflgAux_PzU,0.0,0
QuAcK7YJBrY,0.268767,1
bhzkT2RbCQM,0.06836,3
dWurwvbXF_E,0.0,0
BSpJ_P4fKIc,0.0,0
BWhdPodmkfg,0.0,0
m7XwejjBhP4,0.069823,1
0aE17yUrfX0,0.426158,8
6-7IG6TBJBI,0.639668,6
eIYvFW9TJJk,0.413528,5
HB4ZjMVSV2o,0.476589,4
6_7Z_EMC-8I,0.235391,6
LweZeHK5ffc,0.254005,4
URoEVpkYBM8,0.367555,4
MCLOfzDVodM,0.0,0
NDDZ06tWIBI,0.0,0
lxiALIidWuM,0.0,0
mz2nfn5Q92s,0.0,0
u2-BpPS-aPw,0.0,0
ps2hyBx_JLA,0.0,0
rqegOb_EhjY,0.0,0
oXLDv7nAEgg,0.0,0
_jPgEZOpr4Y,0.0,0
aAreaSwKc-c,0.0,0
Qctde4kPhmI,0.19162,1
sIhzHmcO0Vo,0.215457,1
HSq4pSSap0o,0.222604,1
KMN10Okq_vA,0.0,0
26jtVD_o8oI,0.0,0
nHgyhpErpug,0.0,0
rtzUWJswEME,0.180266,1
R6v0vn7eosc,0.023347,2
3gI9wV3PcRc,0.133185,1
jYWdJrfQAx8,0.0,0
QWpWqTBY1qM,0.17283,2
5jt7RZUOQjg,0.031886,1
PCHR8RQJri8,0.141366,1
eq9s4HU0dy4,0.023878,2
3iuiHAw1TZM,0.053668,1
Mj6fJHB8dQA,0.0,0
iM1n4Hcwnp0,0.0,0
mKV_ccnazMU,0.0,0
Oz9-v2i9xNY,0.0,0
fElGatnu1-s,0.0,0
v7_-poPb2Co,0.0,0
8OgHGK0QwJ0,0.0,0
RDP4LOqwNyw,0.258019,3
ZE3g0Y--xNk,0.155603,10
xhda4Q-tXNs,0.119747,5
l94dQw6X2P8,0.0,0
fk2R1-7_UvA,0.0,0
_tbRtgc7eKg,0.126516,1
DC7JUNOyrAk,0.177533,15
NC70t09pBZQ,0.250774,5
7oR4HbfWbaY,0.300966,4
Q8yqlUHkwmI,0.251327,1
9Ei4YxDjfKs,0.0,0
qwsUzOecftw,0.059271,1
I1yAGFmjfPQ,0.102973,1
y1biBLKfZI0,0.0,0
s7ttMdOG-aU,0.0,0
F1o7vjG-U20,0.0,0
43sO1VBt3pM,0.0,0
d8vpK56yHHI,0.141466,1
EgNSHTgzn-o,0.206946,1
Ye31o4ZdIxE,0.14968,1
ncRJ2k_Q-e4,0.438703,6
Mh6DbgnTjbE,0.207954,2
QtxspldUjZQ,0.28957,3
RM-S7aFJORI,0.128525,26
7JL7G6dzpYQ,0.355023,3
RUf7W6fVB2Y,0.069408,4
SAO15yYdRFg,0.150792,1
RF6_ZPUVVFs,0.081292,1
2u69VsTNG8o,0.129084,2
ZhIKLzxzgmw,0.127714,1
urPF2LwGgSQ,0.260727,1
I1jjIhrnouY,0.40088,4
Eog0xtoH_-c,0.385024,4
EVVpITeNpp0,0.469453,6
a2xt5kCAmHk,0.323379,4
DdaBmbRP2Pk,0.287327,8
1yQxT2xxlFw,0.212998,4
zcD4ELaI9XI,0.129885,1
ehs2A3QIULU,0.136161,1
QlMYK845mIg,0.186583,1
lz9_6T0K9X0,0.053306,5
4VNLkZuumaE,0.0,0
NWV7Kx4XYQE,0.0,0
485v5rHRS7w,0.0,0
VMt9EsqMwhE,0.0,0
NBlUuD5H6tk,0.299418,10
zLQXyKjQLoM,0.314427,2
-EbXNmJxQjw,0.0,0
yepRhBQykBU,0.327501,5
qhEUsSdx8oA,0.313851,5
NopUItF6fSw,0.0,0
BiY6PF-egik,0.339433,2
Tv1wB3S_pHU,0.652536,5
9gGJpa4YlD4,0.48736,2
aVzIJklYrQc,0.43865,2
PFcdNtbpP4E,0.379774,1
EIHjAduvSgg,0.668636,4
AYa4kiVWlgE,0.276,6
4I9O4V_Xf6w,0.41688,4
oYjgb6X0yQU,0.368409,3
zpI2bfjTQps,0.383648,4
8IFLNUHGaHI,0.264748,1
fr-tR8QwKKs,0.118479,1
EbSNWQyPMGc,0.306595,1
OWUuX0K7iFc,0.295752,1
LGW4P_RjQUc,0.307285,1
MjPKbBtiXaU,0.274953,1
aFzoH6VEZOM,0.306011,2
kYJetTM5Mgo,0.079971,1
FQeyQ782oo4,0.262092,1
IewFgIbGWM4,0.245655,1
Djdr9h3gRRk,0.0,0
0E4lval4t70,0.0,0
-hy-wan4vG4,0.0,0
EhYc87lDONQ,0.154925,1
uny2eTyO5bI,0.418958,2
VTD-CEpWdpE,0.112431,1
LmZO3ZgZza8,0.141047,1
DidjbSz6n80,0.299161,2
-L85uy7PZWQ,0.155845,2
IbM4HhsjH9E,0.212993,1
ESDMlJPELlU,0.161325,1
8gJxKU4d6ls,0.120747,1
RNUTZYdVt-g,0.113657,1
AjjlaFzHZrc,0.0,0
sCmqSdmDJZM,0.0,0
nvlTFGSvc6o,0.089469,6
JV8ggH_S_io,0.0,0
Uz9JXI96vps,0.006272,1
YgbnaDhKxAI,0.0,0
gzK_F5390pc,0.006616,4
Rkk2MWWzUG0,0.116298,4
yKzln42zz4Q,0.600737,12
HHpvm0udBkU,0.134312,2
kFJ-ONDt_Do,0.4805,8
SzkwV3LLQq0,0.210858,11
3Fy0wG-XoA0,0.211039,28
8HiZnyNen9s,0.134083,15
6BjMNkCoXWU,0.151851,4
CrOvii1vgpE,0.219121,1
aggkBxQ9JsA,0.627243,4
GTNdKhNUrc4,0.515758,4
5vEWioUuDPY,0.0,0
23iILZmAcnQ,0.0,0
gW-_9ShdBKI,0.091566,4
mvZSV9d45fo,0.066009,1
Tk3gGr4YQvQ,0.0,0
wGgWr4_ZBdo,0.204236,2
_Rv75eB0-jo,0.0,0
MqvQA7FZRIc,0.350541,12
EzFDgoFjbHs,0.335339,5
fPkAOqy_pm8,0.0,0
A8tYROh42aI,0.352529,12
qNhCOMEgcJM,0.614818,14
YWq70aStq8E,0.341814,3
CS9vNd8zpgU,0.307441,16
eT83Xd0aV-c,0.291222,19
ofYap0rS6rw,0.080452,15
twAeLY6zXeU,0.214374,19
PuTGfJE07Rs,0.090488,1
uEd42LI-ey0,0.090512,1
7JxX42BV5wg,0.090524,1
eRUDGMg4aZs,0.09052,1
nCMcVdRdFZg,0.090475,1
SV1EfWU0YUg,0.090524,1
CeWNOUWFmwc,0.659723,2
_I8Dw_5zdfY,0.252799,1
5N4Du0W-xqU,0.0,0
_GHc2jP2uW4,0.0,0
JTyFPWNqNhc,0.0,0
EasuQ0Oh8EI,0.0,0
zmRCQBIjTLU,0.0,0
jIXjHy7qD5s,0.064225,1
RsrfYwbg7XM,0.022833,1
vGEErxRMNvo,0.050085,2
uc7N4vF-_wU,0.093928,2
xRFaDX7KYl4,0.123987,1
uG-Lp1HSOE8,0.151413,3
LJJcU2YVbd8,0.350022,2
NlXJnQHR1h4,0.236602,1
OwplQUTED9Y,0.095328,1
lvXM7U_KxIc,0.0,0
p4zYqwmXBXY,0.03096,9
cuTRsDWYAqA,0.0,0
WLFmfP48hZc,0.151786,6
YYFgiqT0ljg,0.168502,3
SuNtRD0N4Ow,0.0,0
AaLkFrfjOOQ,0.0,0
YvvUZUjQWsg,0.0,0
_bRm9OWQ1rk,0.0,0
uG-bLumxZOE,0.0,0
ZzZldXJtL68,0.015629,1
XFDMqpQ5IF8,0.0,0
GkVj1b0wb3M,0.034436,1
o_yS-adfydY,0.046387,2
3Y0Zd1I_WJg,0.160979,1
gJoUrdYMuJI,0.257122,1
e7qQeKg7Ejc,0.40346,1
DfTMUOCXYJc,0.344387,2
WvRZ1nrTEkQ,0.645258,1
6iPuPgOBFnU,0.278657,2
0F4t5oXUocA,0.481865,3
xHMdGGCQoA4,0.492269,1
fMKuRZMyeN4,0.339213,1
yn4aMWcUtmk,0.179949,1
3yJUfwTMBxI,0.253709,7
tTX4OCo_jJ0,0.216342,2
ktIMTX8LWSI,0.0,0
LRPajtosxGU,0.205089,2
da63vbVQdJw,0.218923,2
3_aq8-FH3xk,0.096719,9
xD8_UOScOIc,0.0,0
odbdm5RnH8Y,0.089181,1
7QqGmf7JUPM,0.099588,15
upaEZdsyUjA,0.58534,3
D1zWRhOzcaA,0.133628,1
g1G0Xokzg7k,0.486002,2
dgMPcmp0fgg,0.145046,1
bLKvlsbiuBM,0.44032,4
ZurommnljLM,0.497507,8
976hPTCaxsg,0.604061,16
qW8QxOKLiVI,0.525713,7
R1zZOIShsZY,0.334572,8
3PfXNUbPQq4,0.506496,6
uAg4F4vmS5Q,0.592183,2
e6KvwJVA_nw,0.659465,3
nUjmj7HJcXg,0.246007,2
suuWqUG6BoE,0.641927,3
wm-dCj0ZXH0,0.176991,12
EGLEw4SlAtA,0.228483,4
HIN0nSvmrPM,0.51347,15
QbOVj_nLZTA,0.094874,5
LeGxecPkf_M,0.347208,2
ao-cJ6P8vLQ,0.043318,11
wQ4-veY8OgU,0.397868,3
gBFfeLQtfQ8,0.395611,4
rF6jTkR_pOw,0.43057,2
HxeqSf8_Oto,0.33122,2
yjAp1keRxjU,0.454002,3
8QvbD7CYq54,0.345332,2
-PUqlbyKGYI,0.344752,2
4jIIdeJ0tyk,0.285904,2
L-06VgkXOt0,0.304023,2
UDcxIm9dtOc,0.090179,1
Xeo6JyAxGNs,0.0,0
wEelQS_MGJ0,0.0,0
yXLzuot4ghA,0.0,0
IHdnCnuL-BU,0.0,0
QcVB1_m2zVQ,0.0,0
5GDwKxcMKMQ,0.0,0
X07Jz_VpKyI,0.0,0
ygqifwGjaJ0,0.0,0
86UL6XN5D-A,0.471097,3
Ns7ydIh7Zu4,0.289028,3
pI4L8errrII,0.0,0
jAfXjhKuOhk,0.0,0
AzPV9jPItJQ,0.0,0
AZtIpF2U2YA,0.31928,6
VozRLpCLVaA,0.287945,7
7WQssRRzLTI,0.279512,3
vNK37jO8VvI,0.188395,2
JctAEw4mj3Y,0.0,0
O4ImvEzA5lA,0.0,0
ffxkzXexIy8,0.0,0
k2et6H2IagI,0.0,0
UKmsPHvhKtY,0.0,0
ySAjyM-gNhE,0.0,0
Ghn4fv5HDss,0.0,0
velkFV2ki4g,0.000876,1
9updvwo-e-U,0.0,0
6x3L9lqA2Dk,0.232911,2
rzFDo782sng,0.212367,2
9m-7gVsmCk8,0.266011,2
xkqwJuzldNs,0.226259,2
arsg5QSMLrg,0.0,0
TT5HKfxc6-w,0.107694,1
Xe6YRoLf58Y,0.179544,2
Mwm7QCiaBvM,0.0,0
0FC0rMQLYU0,0.0,0
Zbz54gnge2s,0.0,0
LrKM1lyk8Bo,0.752135,2
2ZGRiKWFE1k,0.0,0
Fk_wVp6LDuU,0.0,0
yx-tV4k3J88,0.036152,1
8PdWBmudVHM,0.0,0
oGZezZZC6Ag,0.0,0
q9wMwPo1h0A,0.280162,16
TZDthnXSbr0,0.0,0
K5PGvfXzUkA,0.37113,47
pZYwm2w50kk,0.09511,17
-1hYgRYBVjQ,0.085358,15
lx35_13YfMk,0.326247,13
y2kNBBdAoyM,0.17165,20
Ofd05F8j6RA,0.319872,22
wAJEXkCGMkg,0.006796,4
N8KhVmoaipw,0.196253,10
q1giviTXx5I,0.192875,1
dpl2Y0VbBfw,0.169699,1
FyM7St8M8po,0.197144,3
LZuJM7XToQk,0.478257,1
pQ2324gKVF4,0.226034,1
kNUcA4GwjHE,0.062537,1
2SahAGyp3Us,0.112154,5
hUM3ZtsQbPE,0.196752,3
3H30jOgM3Es,0.2267,1
7_HLtg0kzHc,0.355846,4
Zc4UDPpJ2hI,0.397135,3
CwwrwC1HJkw,0.400005,2
rhrZdsSVTbs,0.404771,2
hm-bRI2ypGY,0.354946,2
VYdjrymQ_9o,0.367744,3
6aGlg0ZHXmo,0.316296,4
YnUaDA8PZVs,0.356574,2
fQslBC__AKE,0.129252,1
beyHFVRhb5g,0.225009,3
ehGsILRg5ig,0.0,0
dhamtyK_z9U,0.09466,1
Ht3-ZoIpmhI,0.338982,1
494WHeEx7cM,0.522862,3
mVPpqin1VDM,0.252372,2
jvxLb6DtwQE,0.627988,11
7kTVs-cH5Y4,0.161549,1
dld2Q2Uc0Lo,0.279921,20
WW4pYw3MI7g,0.0,0
4P0uK4gAMUE,0.296966,13
M-Z5YcY7btk,0.281691,1
kFDXnhFbq0E,0.424408,8
-aKcsxclbVA,0.249202,1
kfN6g4ig_7I,0.352104,2
31yAAJV2Zvo,0.287609,6
byqZwjw3aVQ,0.376406,3
GG84Pw3Bqv4,0.337252,2
7C0Km8Hqxuo,0.294638,1
f0WolR2C7qM,0.248278,19
3SSW_brXjHQ,0.153695,3
kMH2X45N14o,0.224759,2
t896jzs3tS8,0.030396,10
wVS712NaVa8,0.340683,3
_cHGtZN7mfM,0.170426,3
Q3nGw3jDsIc,0.163139,2
oY6Gj3pXQN8,0.080831,1
OIZIt3FzLaY,0.099158,1
vJtU0leGrzw,0.235808,2
uqtXdUkSme0,0.40647,2
Io3SOSVqqqg,0.181668,10
OZLogcNrq5A,0.036334,1
nH0H7niEBsc,0.195842,1
1-IbTKRB25I,0.301812,3
jYLTDnXrzTA,0.450934,6
fkdUxJapi8Q,0.403579,2
j1J5Lc-usyI,0.00227,1
u1Oej6MLumI,0.0,0
Ogqf2kepodk,0.320954,1
8Vw8tBr-YTQ,0.0,0
VdMB5uuFEK4,0.0,0
2o7vswPvyOU,0.0,0
uS7PVJ2Ag0Y,0.00577,10
z8dRKeY_vo4,0.111837,16
dZwVoJ6EcAY,0.253122,1
chSmbTdywVk,0.016723,2
sp1tjJDqSuU,0.0,0
4q1dSwdTpRw,0.0,0
p1kd_IPRI5M,0.391169,2
Ea1jfUDxvHM,0.246684,1
wigJBPerPAA,0.10298,2
44S19mbzaVA,0.135275,2
tw6rDaAimXY,0.222846,4
2NfgDzUapbA,0.31319,2
Xh3iAFaWmrg,0.444255,8
qjlGIq5yy9s,0.307841,6
36IdooTxPB4,0.333656,7
4UJfn5wwZQE,0.558957,3
CapdqAygdAk,0.426671,2
wMx-_t4nKEo,0.331099,4
R_H6G-V6ulc,0.403759,3
wQwkSHKKo1A,0.296906,7
FYznOioaUfc,0.425054,3
U0W2GtIsRmI,0.547841,4
8VUJ56Y4qKM,0.265804,3
Eym1OlL0Bz4,0.379572,1
wkUd5P4bng8,0.416835,4
dewRK-bnIdo,0.22052,3
xgkC63Qw7Ho,0.089154,5
SKND93OyO0A,0.472923,2
iUZURG1f0yY,0.16072,5
dFmvlTkHb7c,0.034619,4
-2rOvVyILhQ,0.340552,10
o-WOi6ZoI7Q,0.115127,10
c38DKTueYtg,0.695953,4
OCRYjwBdJfo,0.102839,2
VcsBy_OwGcE,0.203198,1
CeNwJLU-cKg,0.164473,1
aIvK1TACCWI,0.447946,8
ArIQzqlzdAE,0.539189,2
-X5iyKvTYu4,0.606824,2
-8J0M6P9q8U,0.318322,2
E-44Z5mWhiI,0.100153,1
UrAkWlbA-nY,0.587875,3
cXaGj3lNof8,0.616072,3
Cmy0qRFdoRI,0.622641,3
kkr8y6BYPEk,0.589723,4
kza_oeTSZuk,0.669696,8
zwAObAr7ZNM,0.0,0
fejv1X6-opI,0.0,0
ilMuOSKGMFQ,0.04343,2
RAjCDxzjIDc,0.0,0
GokilEqdujc,0.0,0
bE7ZqH4DE0Y,0.0,0
XaCzWpF_j2Y,0.0,0
-h7O9Xr-nAU,0.087561,1
yac3dckuYEU,0.312617,8
N1oEFZS6tgA,0.070909,5
x7EUsVcUJYU,0.297163,19
M196OYKRfCc,0.14189,4
BAvaJi59aok,0.133506,2
_oFk8MEG938,0.104792,1
Jvrf4G2JCvk,0.171303,3
ECX23zjCGp8,0.130713,5
5yBUUd24P9A,0.117858,3
1chpzAPxP6o,0.257449,5
I5_GBWIGIRk,0.0,0
tZkA4d7MicY,0.007284,1
96mbiXDcUBs,0.049519,1
FsHI0tvzhXQ,0.0,0
y9PYah4YLF8,0.270344,7
1Akz0U3e89Y,0.469926,1
fMegGhjTrV0,0.187397,1
_g0Qr-4-ZOo,0.370062,4
I0fFySsjwYY,0.453108,1
5IPKYiZYx6I,0.17552,1
Gy5hbQeBQ6s,0.0,0
kwVxyYdBamk,0.387442,1
S7ujKMl8aGw,0.039923,1
APjV2iixw9s,0.161564,1
4wdAYrrXjTI,0.208607,2
5Y3T-OSI8Wk,0.081651,2
RnHCmQfYcuw,0.120515,2
02aNi9gJNck,0.254176,1
MrxLFLYGE-k,0.266395,4
_9Wi3OYs4xU,0.097228,3
lRg9OmW8fwc,0.253127,4
hzze8xuswbA,0.223647,3
fAUEAk_uZSA,0.375824,3
z4FC5dbIkHk,0.0,0
xkZ179lfySA,0.146117,1
tocg6GxgUCA,0.160015,1
r1V9Hpvpc1Q,0.152794,1
4r41HYqMsN8,0.102862,1
YOut_eN1hOw,0.228147,1
Xk3_nOFESeM,0.0,0
n4ZJVUEio-E,0.351507,4
bjhuSCtlgsI,0.32821,8
SnijXJa-epA,0.371411,4
DlCV7d2ckVs,0.085822,1
0nwC2zSnyqk,0.152324,1
YshEhgXXVR4,0.060805,1
aGrj4ASQjmY,0.073704,3
6pZ_trlnAG0,0.111278,5
9VFA0557xds,0.116241,2
rMkajm1s_1o,0.18092,4
3gt7KGK3N6Y,0.245463,3
Z21s0OTC52w,0.097948,2
7qDKPiWfx3Y,0.1888,1
o3xoqd8jcHI,0.059572,2
e8xrhNZkunI,0.448494,2
52utIaMwPig,0.571331,3
5conPpQkNvk,0.139009,29
5omyyfQhtiA,0.0,0
RMe39nyuU88,0.218373,1
CCFPkZ--kWc,0.254337,5
_oOdPTRxMM0,0.441987,3
h77t48YHMRs,0.33485,7
6HpIU92RmRw,0.009865,3
AaRtb3rnj8Y,0.0,0
ooa0aSFlF5k,0.26514,8
OSQCzZULGSU,0.236974,1
-t2ZV_taEU8,0.0,0
WPz89dR3WOM,0.601077,6
J9v9iBq6SSg,0.0,0
7WTOCB-fDJ8,0.434752,6
Ylu030n3QZ0,0.314709,4
AWxe5VNlZ20,0.024791,2
KsOiQyJeQTY,0.10672,1
j1U8OlLNlaw,0.194357,8
_BErGnOsW54,0.128009,5
-7d5WTrUFVc,0.076089,1
VUkqfR446Jg,0.063197,1
6Xjb-Egs1X4,0.330038,1
i0wysidlLNc,0.079326,2
dY3GNa-vNlo,0.0,0
bXTP611oXd4,0.233933,2
ocAXcqCpYys,0.450109,2
XtEbibBM0-Y,0.317248,3
HfqrF8K3QAU,0.301317,3
Cy4ccpO2ViA,0.494786,3
qWguvXm_vNE,0.37089,4
igzmGtF0Cws,0.367184,2
p-srmbLXzKg,0.454851,2
y4XxzUrhX2s,0.16819,1
iOt5nyB7zCU,0.405042,2
dvIZkbuOV2A,0.398056,4
MkJC3-EZEck,0.334641,3
oVF1dada0oI,0.511811,5
CGbRwH_pgPY,0.464703,4
EkO6IRKGfB8,0.298134,12
5Jr70Q5UnFc,0.184281,4
1G7oCd6TGzI,0.146429,2
yZtt8AGJ7hU,0.125622,2
GJXCHOSAcoM,0.162507,7
tCTmNFsF28o,0.018639,1
bBNCzF4r2RY,0.330725,12
FgfGgJIWIas,0.174337,1
8AyD7rwCV1I,0.025367,1
F0Dk2Yw0GXY,0.064392,3
xM8t6acaDUw,0.021645,1
3u6FOaiIM6E,0.078345,2
5MkekqpKb7M,0.149696,3
24T__SOl8ac,0.171006,1
ARHvx_Ag4Kc,0.252627,2
2USmvnsIUsA,0.17066,1
3IdASaKgyb4,0.189544,1
8MyOSMbIHuQ,0.153535,1
ctIgN7fuI6M,0.174702,1
kkiRRLITEfw,0.162407,1
v-y-YtcK--4,0.153861,1
YJ1nYnC1qc4,0.189665,1
X7OtYqOl2L0,0.174399,1
YFABs5nl4Dg,0.172334,1
pdGmuYWIxZ0,0.260942,1
d0IW51yBjB8,0.184795,1
sdmeZ4XJGeY,0.166946,11
P0krPoDYbH4,0.0,0
EiwaH_FyD-w,0.0,0
ixTzbJJl3nU,0.0,0
-cJI0W89r0s,0.0,0
kkBRWXcwU1g,0.0,0
Dz-ZYhfeYXk,0.0,0
syA3WINtx9I,0.038281,1
nEL89jTQ8Dw,0.0,0
gKzap0LychQ,0.0,0
kzbQ-TsQ76g,0.001975,4
8sQH1_5-LBI,0.0,0
zd4SbP8IMw0,0.0,0
LZLr1CAwWFc,0.220625,1
pSSxl9VymmA,0.341368,1
PQ8Z_P0awpI,0.350581,3
pNdPSu6_j68,0.232721,1
rYfB6q0KdfM,0.130369,1
iq2fdky9_-4,0.155577,2
4q5DQ0A0ahs,0.109971,1
IZpSUo2xZK8,0.323788,1
hl8Sg77OKSw,0.277668,1
yzqaRX1fDQQ,0.088715,1
50bZbttFPyg,0.222731,2
MudYzIbX-dQ,0.059335,7
aEH3sItXtCk,0.0,0
JJc94BMzgWA,0.216723,3
8d6ZVPmIuHM,0.234893,3
5BpAYNM_isw,0.297359,4
g6uBLfUCSo4,0.495372,6
3zvDQkKaet0,0.549082,3
bxRmVKRyMw8,0.550815,3
0EubPvApGNk,0.348842,5
sEO9QDz0P0c,0.461756,5
sdMsOGdXmtU,0.0,0
1odtVb7MKHE,0.0,0
Xto-5iK21i4,0.11586,2
zydHdonKG5E,0.145416,1
3x-Z9g1Bexo,0.186638,2
DPQbA6T1vfE,0.0,0
iDEPJAIC7UM,0.140799,1
iaHyE0e6sTc,0.181667,2
ydlZfLOhXdQ,0.171879,1
K7_Kp08fpFM,0.630307,2
2WaTvVlAqic,0.0,0
W91jBcfKCII,0.0,0
TbYWnz-wl-w,0.0,0
0LaVTbvpIJw,0.0,0
XosshbRu8A8,0.029527,1
d6BtdBMyGeQ,0.295774,10
zi7aWiXsIQo,0.143077,1
noDnyV8k8lQ,0.146227,1
fWD5NmIn4d4,0.034003,9
lc9I2y-67Qk,0.108981,1
o6A8FwyIU4k,0.079543,1
-gsEQkSBGrk,0.0,0
9W5IATEfzZw,0.0,0
75l_CqC5BDQ,0.0,0
b8wHdcgzg7E,0.0,0
effCHa9pSP0,0.0,0
t-Ts3Avr_2Y,0.011328,1
sc_g_duy9Jg,0.0,0
X7dvZ5HPqvw,0.166382,1
WQhYk3jRSSY,0.0,0
BweHxIlCTqY,0.042707,2
VH583CK4KZM,0.502198,2
Xb_6BZBlKxM,0.0,0
FU_InmRKsRA,0.0,0
skkQqIgc9Qc,0.564643,5
-OwapDEniw0,0.065882,1
PjKPByn4zVA,0.262651,15
n1b3MMB9E6I,0.205267,9
Yy5O0600YXA,0.177617,8
-0tDZMSMuHE,0.289958,11
qkgQqHe0ekw,0.203859,2
3cUKwbn-6Oc,0.048407,8
sDfSLbKCTMw,0.266698,18
bWHMgaAlHpk,0.18428,15
N2GEWOTjWWU,0.225822,9
6C8DgGzL6ew,0.247451,9
mp_jxxhNmUY,0.198084,14
9ARHB3f0gDo,0.504275,2
xfDCghdJkHg,0.135237,1
n1U_Ajc116s,0.18351,1
WW4v5ZHI8wE,0.195302,1
AXaxd94smu8,0.252855,3
S-KtluVkDVk,0.147099,1
YEcBfc7Gmo4,0.288091,2
FFsTc_K9w5A,0.267709,2
AgDq4cZiRFY,0.562969,2
nc02MUyKVLA,0.178457,1
bcTTd7WQFUU,0.010705,1
rHhyQcBsHzY,0.007164,1
kPPtHgtrR_o,0.007432,1
URsaitnwoQU,0.007994,1
uRC2HyZc9jg,0.0,0
NdSwdqF30OI,0.011722,1
BjWswGnE15I,0.0,0
oslNJVFi93A,0.008732,1
lbTanWRLcYI,0.010688,1
qXHJTuJH3ug,0.136453,1
YlVtpLDz4os,0.196127,2
sdTbL3g6J64,0.262486,2
FeX6geyyxNM,0.249077,2
ZNJYztLwaC0,0.207253,21
rbPu3V7otUM,0.269949,2
Ka9yYVMGH4k,0.030355,1
D6DGI9dR254,0.253845,19
EYmFBXGwExY,0.307722,12
sD5nMQJUGik,0.248178,9
e5kzDz3OqHU,0.392542,3
JOrBf980KJY,0.414589,2
fc69svpMS8k,0.273397,10
fXRjnO-1F8w,0.439497,5
52nDUPuXotY,0.249127,14
UYEiiBPBaFo,0.273531,8
A9DiHJrrbSQ,0.248993,2
wLyE1dVWqCs,0.217522,2
V08MUo7-dQE,0.0,0
lapoo7YXeJA,0.0,0
XV2fWv2xSwg,0.309686,1
gUNEY9XqeMM,0.348209,1
04LqOu-4eYY,0.31072,3
hM2WyQE95sQ,0.047814,4
uXcvy3gYYX8,0.348214,2
OX9_FMjUsDU,0.599179,15
eUuqC3CDGfY,0.360536,5
vM-laQTYa-Y,0.466817,2
AfHTQHE5vfg,0.412839,4
08t_NGmiqXQ,0.386565,2
1O0fRZHmVu0,0.510087,7
AcNuIKukJPg,0.0,0
CVwI8u3x9DY,0.0,0
OauRncidH_U,0.237542,1
nYENn-D8l9o,0.247812,1
G9Q8qf37t0M,0.0,0
jN-g6b24bGQ,0.0,0
MQGwW9kSqx0,0.305936,4
jm2zL5b4Ytk,0.59911,3
giywTG6Wu00,0.608549,2
2KTJ_vZLLCI,0.226555,9
2gQSisf76_I,0.340435,10
gax_O4BfiV0,0.227472,2
6Mty7RssuL4,0.260112,2
1M2xI2QUHIA,0.367846,1
6kgmcp--oZQ,0.256991,2
wd7W9s8bSAc,0.521733,3
Sxk_sLz93dE,0.115488,1
Ae_jBK-GN4I,0.173544,4
BLGYNLdoY_A,0.164571,1
nfHpes48liU,0.189291,3
GPu9aIwl-A4,0.17989,4
nuYde2GxqAE,0.258298,2
ueVlwV8CeJs,0.32278,3
3No_5lvCsT8,0.165914,2
Bkqj4Wl8kaI,0.19391,2
Xn7amq23_hU,0.0,0
S_6wqEACBd4,0.099229,1
-dwGk_9EFZM,0.125259,1
JS9j-tZM-yQ,0.604787,2
TOhW_aoq3o8,0.6716,3
-llxw-UzuZI,0.633988,2
0MTNXzBdkYg,0.319832,1
OqjNn6OBPpg,0.630652,2
FXy5DsFLUrk,0.577722,3
j-zDnC0jJBs,0.553048,3
YJtxkOCULpw,0.518024,2
aCmIqAfDNHk,0.168139,2
a6ga1uPyJf4,0.270062,2
vT0cKSPAXVw,0.340173,2
N3zKFsVU06s,0.331694,3
jnxZni0txGY,0.553353,2
fmVCroAAh_8,0.142216,3
kPQHLMhHOYk,0.153292,1
YdPRGrYRYGg,0.903238,2
aqedIqECra4,0.489744,3
OLJcZSAKlyM,0.126498,1
GV_4u0sYC0E,0.065607,1
tXEQ10BESHw,0.057625,7
rh-sKvkKYi8,0.131362,2
EEARoeuF0E8,0.288863,3
LSRJGLfghoc,0.15256,2
ovDq1o94sGQ,0.107368,1
63Y_OgqgSlk,0.13211,1
UNou0g82HdA,0.162815,4
IpnCF_DSq7M,0.070449,4
12xT2b_wK3g,0.062638,1
EhJjviKaCKo,0.106026,10
_Mr5v--LB80,0.18344,16
mwZs1h33prc,0.28051,4
6nWkLv4_XE4,0.07224,20
MtjN-Sy0EhI,0.089074,7
dS3XiUUpsdM,0.001056,1
HZJZuUNklQY,0.0,0
ovdsmqqHEzU,0.0,0
OnE7jlgBUNc,0.0,0
Lsyt8-EENV0,0.000668,1
qTo7DdBAU3A,0.0,0
pBiUiJIaGgw,0.0,0
qbeKjaFBWG0,0.0,0
WJ3wki34z6I,0.69514,5
iaAtIxowH5g,0.266541,4
b7ryEvvYrdc,0.38246,11
jLuH7nABzb8,0.498688,4
s7Tn5fnHCmw,0.69014,3
1Tdww_M7J0w,0.697228,8
IiweqiuJeYQ,0.381184,2
rCVIsdwtrHg,0.235685,2
ZaEqU3tHBMc,0.270965,3
l0zPZgV6wYc,0.240251,2
N_7CIEAmpFM,0.323542,2
G5sABijTC9A,0.21439,4
kehgayJIYUk,0.489709,1
lJspQJvMoAE,0.219975,1
zN8tmLRXJcU,0.591689,3
6E2P8fhdy3Y,0.271764,2
IckywAOR0IU,0.537935,1
hh03p4cPuu4,0.389371,3
74cuc67FGZU,0.580149,10
hYp_FUMDXoY,0.380475,2
BixfaCPu2K8,0.358529,3
VTjuGRM0yG8,0.459768,2
WvJ4ha2CUYM,0.339813,21
XPHBiCKLr3A,0.279009,20
ic8327mclOI,0.257744,1
Z293-EMK6as,0.44191,8
knEALWTt7Xw,0.334393,5
G5YLgWGBo4Q,0.384593,3
wVO-1Hzvdbo,0.222321,2
uTts4AWD62k,0.211301,1
0rv2wK1zwGY,0.278929,39
4hoeMnPKTpc,0.554373,2
3xbp_iQMlqs,0.218974,2
TDOlfbp7uFA,0.149593,1
LY2Myws7cFY,0.0,0
kJ9WJbkKPeE,0.0,0
J9TWIp7ypDw,0.079927,1
uGrMdA50zPw,0.343676,1
3vX-MYrnsm4,0.0,0
JIZn3I-2WKc,0.0,0
1FeEZcI85aw,0.335758,1
Y3_-1es1WJE,0.010572,1
dUy-HVwXPQI,0.0,0
BvWPoK1f1zk,0.0,0
uCD53TU3zDU,0.0,0
uzWTe--rmU0,0.090773,8
bi0ebweJr-E,0.0,0
1Nk-4YI3sUw,0.120451,1
4qR4HII3oFQ,0.109472,1
BFa2uvg8v1I,0.0,0
_hge4Aw-Lck,0.0,0
9iYDVyclV4g,0.0,0
HkRKMmZQbSM,0.190143,1
1jwPHgVstyY,0.021337,1
Uj8BkXe2v1Q,0.637229,3
OXps_BPiGNM,0.276375,1
JQqLF06m2wA,0.503941,3
2EXy8fPKk74,0.178204,2
KDLwgtQm8zg,0.581979,5
QxiZTFAqNpc,0.514116,2
yfszp1d68iQ,0.059741,10
IYxmEUwe7IE,0.0,0
55QktaLvOBc,0.284655,13
o-A7S8MC8ck,0.403648,1
o8u3MDxH4JY,0.497879,24
ZxC2y4ItnPQ,0.07371,1
b7wyZYuZGTI,0.0,0
MkVV-mDi_MY,0.0,0
5NU37parMjA,0.0,0
J-YiqpEtgQ4,0.0,0
El5Djf2KEjs,0.0,0
eeEhQcVeLFI,0.0,0
UoyPMI9sbC4,0.21402,22
aNYwVtlEWws,0.0,0
fR3ppcdDQ38,0.092038,1
GKhnJerBs6I,0.053153,1
JTRgCed7qOU,0.121569,2
k4nfNIQq1sE,0.067238,1
Vrjg7jqmh5s,0.0,0
LNgi3LD-D0Y,0.0,0
g_KQv4XPK5Y,0.075024,1
PTGGmCObjnQ,0.10862,2
BZcpK2R6gQg,0.063187,1
rc_1GIc6KCc,0.164015,3
NQC3WjC6DE0,0.270296,3
Ke-iGdkChZE,0.159527,2
fzbrY1Ey2JM,0.169437,2
pyx-E96si3A,0.176705,2
KF1JbrV589A,0.548058,2
kUVjO4w1MQI,0.000339,1
dfw-i0910o8,0.40798,19
cxafXr_cSZc,0.471147,13
LvqgF_FFV9k,0.0,0
Y0jCBkydcZM,0.305292,3
65ypsRvUYyw,0.0,0
YHCUILni9ko,0.0,0
-hWIbnehsNM,0.460533,10
Yn-vOjVB_-Y,0.191331,1
nRk160wgvqg,0.172299,6
cIvqu4BPbao,0.143136,1
b60ZBCbEpRY,0.113061,1
q1OGCqM9uVY,0.106255,1
SB48Ach1Qgk,0.1094,1
l-Z4GRGaI30,0.110269,2
-y1eRcwJEiY,0.109629,1
A54Vt9VXEfc,0.095706,2
nUgd7lAVHOQ,0.112071,2
OKJt5PNzUXY,0.0,0
lqbT3ZsSvZM,0.0,0
AqGvuMk0Kpk,0.038619,1
kFFG1Akm1TQ,0.391658,1
AtkhzF3ubQQ,0.27668,3
fps8YbXGSec,0.43944,20
NFavxK4ZuT0,0.13381,1
i5i3SjMfokw,0.45125,9
Vy4CxFzZL3A,0.16947,11
AS-ZSrb63hI,0.297677,13
lCzBaFc7pAo,0.17753,9
izBr2_mdtnA,0.221595,1
85mD8h6MTUE,0.251935,2
AeJrnL7CqlU,0.271705,2
pYgMGjUToz4,0.370757,2
FGcRsaJ8kSI,0.093723,1
BZb4fR2P4K4,0.146046,1
3WYVuZDozx8,0.0,0
6SbUpAvopxo,0.285741,13
aYvkzGIMr6I,0.171474,13
ybZDL5Oe-OU,0.26153,7
yJAL-T-ZbTc,0.249836,6
amaRZhXSvv8,0.40612,15
1yWAqvpEIoo,0.270281,4
ZLu0okKPnk4,0.0,0
jcX1QoYOtNo,0.0,0
bCoIpgE0x0Y,0.112058,4
YGQdCYGBqoQ,0.0,0
NrmOQOYbaUc,0.161134,1
YrdUiBcOnDU,0.029995,1
_0JjmopC2nM,0.035906,4
g55Bxp4Q8CI,0.0,0
nObPViogvVE,0.081018,1
fHbG-nsGXrU,0.249273,2
1S_vw10nGcQ,0.26319,1
KhpHFy8f6W4,0.290762,10
XejxyYNXoDg,0.2351,12
v_oTSFhNDb0,0.393877,9
ORivOupUzBM,0.52016,9
oKqpjHRpJLw,0.352303,6
OsjmlAtIAdI,0.501028,8
SsW16gcKzH8,0.06199,2
dKAm6B18-_w,0.0,0
edZfefHoAmE,0.0,0
9Ko8T8sTyaM,0.0,0
lvtYVJLGWSU,0.0,0
k-CJ7Wudp8o,0.0,0
CbnoTvPckRA,0.0,0
O9GG_q72_Ow,0.007083,1
CzDqj58oYJk,0.011732,1
BtiI07o4Pjs,0.0,0
gSUhHaFOfjg,0.178271,9
c_k8Guq7zxI,0.0,0
fD6-YWjyyeU,0.085514,7
iJzlrN2WrPk,0.031044,2
nKN2mZEqhpg,0.028345,3
VO6tHAmJrVY,0.556115,2
pVAufc95Ego,0.129012,1
VXn2YKEDFV0,0.086143,1
wVuFfkfzRt4,0.105532,1
9K4OpI2hzEQ,0.137372,6
CLgu0WbnerE,0.844945,7
Xlwpn4IoWyA,0.525537,2
C399-29Ksd0,0.37843,2
gFtXwAKfVEI,0.176105,1
ON_PVEwbXF8,0.682203,5
B7nLmdAopbw,0.104301,1
btGWJbNIwzA,0.141496,5
6j4uxLxZK6I,0.181954,2
s9kBoSyBsT8,0.135863,1
oKP53Vge-X8,0.11736,1
IYnUfb9V2aQ,0.060383,1
Shy1y31ljoM,0.070898,2
dg6bVgbY0MQ,0.362012,16
JkGcu0mTEak,0.176681,4
NaZyXW6Ga4c,0.380916,6
MfFS2QPmvTc,0.351315,10
FQq8ma64-wo,0.311449,10
GjaCS2OBOpg,0.17495,1
ZyGZP8denEQ,0.174954,1
1_tabJnAmNY,0.0,0
5noqJnmaQJI,0.0,0
j312fOVXNpA,0.118129,1
aarZRtGWikY,0.612106,3
bTTHubx6yX8,0.0,0
xr43LoXGv8I,0.0,0
o23qjjWM0kk,0.185008,1
DQYHIWcYeeQ,0.186487,1
My2p-2-rg_s,0.237241,1
28dGwRzNW5g,0.046675,1
bdmAbt_-Vek,0.108883,1
oYLbvvxGjfs,0.0,0
i_MLJ_0y9hg,0.214914,20
8NcvL5UzzAw,0.0,0
qMQFvfz9rlk,0.308005,26
bKw2J6MfL9Y,0.00211,2
IUjahbiWv0g,0.610473,1
4h4357-zSxM,0.000454,1
Tql14q9ca3s,0.0,0
ytmKSUM52G0,0.0,0
0Tong5p42k4,0.118618,1
D4DNUyQ5mSg,0.301695,2
0PAy-tu6qs0,0.562233,15
CPyxwryWV2U,0.358843,5
TGGLd2_-lyw,0.381476,6
EIZl3345DXY,0.0,0
uPLPXVAvZcE,0.0,0
oQhTVrIeKIg,0.0,0
ocDebpJexNE,0.0,0
6-6sRVInJNw,0.0,0
ruwiVEzbpIo,0.0,0
iDbxWZ6V3Ys,0.0,0
BttCDMkkuSE,0.149315,2
e_SI7GJT-PA,0.394446,5
pFuIvDBROsc,0.020126,9
lOChuKRcv1c,0.277546,1
7lYAuUjVYao,0.346887,2
7t2HyaKe0FY,0.0,0
tB0wbKWhf0Q,0.426061,15
vYRkceLRcNc,0.426061,15
Wi-QZJE4sj0,0.442153,3
ARIQYT1EB-Y,0.683493,20
bwo5Axn6zhU,0.205118,1
93lN2yoSCMY,0.280123,11
ySHIx-PbNGI,0.27196,4
zcZfrnu-twA,0.42798,6
KUngfJa1LUA,0.307033,2
LS0zXs0CS2g,0.2455,2
IpDw6hIrc3s,0.0,0
8KWRo1TpYuc,0.411044,3
cCllBDuesdI,0.527707,3
dagS5Xmqkrk,0.5383,3
1lr5CWo7rIs,0.447179,4
JbONWY3YmWY,0.420215,3
mr-4Xecl_WY,0.472408,3
KdKjVgaGMXU,0.353014,2
BGZdjqQyVVQ,0.322233,5
ps1pG1GwqlA,0.100357,1
4-y78ipBY9Y,0.228134,1
HAYeklgkaqs,0.006454,1
TfTxUOPex9c,0.0,0
i6t2qzVsfwU,0.260022,1
GFYUmLI5cuc,0.198227,2
V8eSeZkBfpI,0.221075,1
U0KFTfWbv_I,0.078987,1
cp4WEPYZWSg,0.010864,1
WR2tXUuFmy0,0.031215,1
s_JPpFTKuVo,0.199514,1
Z5FmcMrQ-mw,0.377662,2
1Le458eD35A,0.261291,3
T5a-oCmTB8U,0.277696,7
p05jxUiScwQ,0.528914,7
3qWEpFfKr_E,0.449644,2
s2zxDoIvX2s,0.345258,1
2Nfw7Z9hjEs,0.168664,3
L6eFygwnUlI,0.323125,2
Se6JSBwqihA,0.330988,3
cvV2qGRJ5VY,0.164937,2
EdSPyHCWeLs,0.326855,6
FoI1o8mlWns,0.014051,2
ozV8UXIFkEs,0.566919,5
bqq15UjW5xs,0.111267,2
A5lZiSCsj3c,0.413573,4
ksz6ZMmUYM0,0.173203,2
ohmDxRAslRQ,0.175204,1
Js7_tliLjO0,0.002253,1
j-5T8hn89P0,0.129742,3
S-J3uSOk2Ug,0.538336,6
BCtKybVINB4,0.0,0
wDIka7Y7U2M,0.507616,10
-DwrfAO_Exg,0.121109,6
KDjkMP7KoUk,0.235339,14
PbKZArNoP10,0.0,0
DUszQI4AyS4,0.31205,1
MwhS_MnGrVE,0.319455,7
Teq58NMe2GY,0.184842,1
GEHvRI8t9Pk,0.144793,3
lgfCdEiMU5I,0.114141,1
Lk9t9XH6fEY,0.222836,12
PvKQt10eYQg,0.123058,1
qHazHFwMCDo,0.081135,10
ShOQlXe9S-8,0.108798,1
c16_sqSS0Bk,0.109834,1
qITnNH-KOvY,0.097007,2
CBM2gMWs0ls,0.196118,1
bYbzLQlu76c,0.0,0
eyJpAInKur8,0.184542,1
QoUrI8SXc8Q,0.210756,1
fFPJ5rk1Bho,0.236398,2
C8TFgNuggmM,0.137308,2
HVmgok628R4,0.399022,2
8IZ9XqPose8,0.4221,2
6FIUU306_Q0,0.405988,2
CunyzqHXn2E,0.56464,3
duF7Q7dtLCs,0.326094,2
PdUxylfqiGI,0.183778,1
mzftyZ8EhFU,0.232322,3
uW9lJe_Fhv4,0.356579,5
YYxpE8sQ7Dk,0.29778,4
V9XipzTxwQI,0.293571,10
GjEz5NpvfEU,0.350459,3
8GdvnQwxwdw,0.629858,13
h4xeFi-6gbY,0.487204,2
925WvNd0PNQ,0.209338,1
oH0a-Cw7cU0,0.277297,2
sGW59HObNRY,0.36628,6
cnHQXsYgXE4,0.0,0
zxy8TrdZ45E,0.154456,16
qH7KDivAUfk,0.0,0
PxtEta71q40,0.178303,19
QM6Q5dV0uwQ,0.164027,18
GEUjRDujoSU,0.3021,25
AAn4XRhHslA,0.0,0
PEk484oK7yA,0.0,0
DAqx3ZyRZmg,0.095592,16
GKVNBFIQAi0,0.270626,20
qkUvsHTIMHY,0.124557,14
8rMt_rn7DbA,0.359883,1
4nDOK6lR7-w,0.019928,1
oNIckishsmA,0.617767,2
AjpT8ZKAIlI,0.0,0
81RbN489hqw,0.306831,2
wwGvmGK-mXU,0.0,0
UsR6VaD72dQ,0.0,0
VtNd0MK9Fh4,0.193994,1
rmY-G9Ic_3o,0.0,0
YDfGkzY-4DY,0.0,0
l9ZlRG7_stY,0.246634,2
CiUO16dcOi8,0.124133,1
9K_FXDVMg5s,0.0,0
QR4XJpPOiUQ,0.137148,1
BNIJsAHM-T4,0.330237,1
Fwft1E25YGk,0.21191,1
oQKGuzbtwEo,0.098036,1
dzKVANmCgQ8,0.0,0
mc-JqAc2EoQ,0.215041,4
M1HIyb-hmyU,0.098823,3
1UT5Yw3j4c8,0.215046,4
t1h3t6j46rc,0.215055,4
v88AGXC2tFc,0.098754,3
u-jFjMqAGG8,0.0,0
X40YhxQrfK0,0.214932,4
TvRZQyXzfQg,0.215044,4
yhmMTg24iok,0.098727,3
f3BYnNc_T10,0.042415,1
yn_zaiUjPd4,0.432767,6
Sm7alFRtMfc,0.156651,1
aiINpCASSQU,0.299162,3
EL9PnTIRWGk,0.427597,2
iQPNwFx1j7Y,0.0,0
bwg9dtj1f6c,0.273494,1
YnYhAHnHmgA,0.223628,1
qN3NPkZXCcE,0.0,0
UO8tlsIZXa0,0.0,0
wo-5XYtujbs,0.24609,1
JwcilHSyefE,0.145548,3
rnfG1Q159r0,0.269474,1
zbRxORiQvmM,0.20335,3
YnaQqQ5mcUM,0.147778,1
Kpl0xaiNH9o,0.068646,1
EqXz-Ftc-Xo,0.260436,5
Y3pjxm7T8lA,0.0,0
Y8_7Vza7BqQ,0.0,0
I9rei5P_AZY,0.183507,1
k9eBs7iYjmM,0.029707,5
o1rujqZF8dQ,0.0,0
cRWWsPtwmYM,0.069161,1
d53joh65k4Q,0.003079,1
psExJKSJxFs,0.29333,2
WfA_VPULtxk,0.467547,3
mijWinadiCM,0.309502,4
XDWz8pHG1jg,0.03321,7
C_j8ifIiqHQ,0.0,0
yvKEX8xstJc,0.431948,3
vI68SBnoWF8,0.478659,2
ykrW8GcKYkg,0.4794,4
S5Q0R8Pci1M,0.064937,1
jietR5wz4E0,0.810304,6
_du5WTDuRfU,0.362068,2
IqyodhibLvI,0.344545,2
oUKQF8kEvGg,0.212411,1
oEVpf1bXEPU,0.0,0
HD6kul6JwWg,0.0,0
5fM3tN_AV-I,0.0,0
GO5GvYs8fjM,0.0,0
3Apn3dCsFXQ,0.0,0
qRNAbZDUG6I,0.0,0
WZS61d0XJCc,0.277493,1
mA829mXsovQ,0.0,0
4jzJCqUtO74,0.32077,1
3tTvfavvGgE,0.325017,2
DuDqStgt150,0.060621,1
q13yrrhBv2c,0.064034,2
1Db76hChIGU,0.480119,6
E4e9To5XPVg,0.155079,1
eKKRFZjuUTQ,0.175498,1
D7V-7UQcxiY,0.237345,1
b4iVaQHTYS0,0.152779,1
91bUwCBKc1w,0.058413,1
pfdzW9pUWjE,0.038091,2
vQ8Fp7yf1pg,0.3706,4
i_lTZdDkp9M,0.0,0
x08l-XkSr9I,0.0,0
5xKkmPTFE2U,0.036032,2
dbsNMbORfYw,0.0,0
zEQDQWufbdE,0.0,0
1NVaseTv36w,0.0,0
s_P1X-hfyXQ,0.08082,1
WZyvjaM2184,0.645792,3
9XAXWLJNs8M,0.346162,5
9pFtLEOeUkI,0.281093,7
jb9mwdNvh-w,0.435709,5
Y0wssbcdUME,0.40217,4
Lz_1NVRJlqI,0.41049,5
YsqljU8q2DQ,0.341574,10
e6t9Uo88pRs,0.374192,4
Fme8Y1-NP-A,0.268517,11
WmdX-dhBwWo,0.347745,5
x_k0tZlO5G4,0.258469,6
KBQsw_eDneE,0.739528,7
SL7-jimAB7w,0.475751,5
5GH91FPsMVI,0.128429,9
NehMOq-VYIU,0.269215,3
ioIdMTe1hhg,0.309977,1
VwIlUBtnX9M,0.08603,3
6iP5V-RcY9Q,0.20037,1
c1SmkUGlmoE,0.52386,11
LMK-4t8nJZk,0.463022,14
9AOAgaPK5hw,0.0,0
XRsjWKJw5ro,0.118496,1
UBASHWoB4mI,0.281697,2
gf4FidvSGgo,0.075428,2
cDtlNgnGEx0,0.182095,3
geR9wH_2PsQ,0.086313,1
zVwC0ABLUrg,0.615396,4
ZEfKE9-N00E,0.191774,4
noNb2UfZ8ao,0.377836,6
mp-1czKOyPQ,0.418738,3
b7J93IxTWW0,0.430406,5
Ut93iZMafxs,0.0,0
z9VB4YJl4QU,0.046437,3
iLLcc8yjIIY,0.323345,2
I6Qqbmd0RAU,0.0,0
BCsNQmFszV4,0.0,0
aSGSHcGQ3uo,0.0,0
WItrVdjR8LE,0.0,0
X334y0X6E3c,0.0,0
7MYyxoDngmU,0.0,0
UDBtd6q9nzI,0.0,0
JHwM7Ey4qQo,0.0,0
VVY8FtdB1Jk,0.0,0
TnWpB4glvbM,0.0,0
r1DQ8KwbUe0,0.150582,8
Tp3KiVDHBtM,0.17385,2
jxJ4qCLuoX8,0.028873,1
n0vVXqDW16g,0.38533,2
RHG0gxLpwB4,0.215729,1
qd2Ewymqt44,0.129735,5
he7mg5kFd-U,0.19033,3
qhsqars6f9c,0.178655,2
g5a3OwNs-ZY,0.145813,1
zWd9Tce_-s8,0.244348,2
gNynzvC-GH0,0.0,0
6VzFnqcVyz4,0.0,0
ApoqmYHv6F4,0.002261,2
T7miMnLo0Ic,0.301794,8
P0erwvYWHcM,0.674251,6
pgFQ6ox8w1c,0.200265,8
-58LkJBFFHo,0.349124,12
o-PqKgbHMog,0.232605,1
caPy1vVujGo,0.443007,2
caf4Cv1a_HE,0.392286,4
52Rr6pJxwoM,0.286829,1
PNXSrUt9GfM,0.410922,4
m47QGH_ybu0,0.475005,3
t9wW62Cz3DM,0.319741,2
kq5MVQAMmrU,0.0,0
p-0WEw6E7Ec,0.535937,1
I6NYYBPYNUA,0.276415,2
TJJxvZ3XX7I,0.338796,2
gdmrPmwTNy0,0.825734,2
Eddl_Fg3-9o,0.0,0
QnOFgsqFTcM,0.555941,2
Om-HdOS4QzU,0.679958,8
REQy1kdr-Tw,0.234487,4
cxVAenYmPEg,0.0,0
E38a85xVR1I,0.147651,1
cAmQvi3o8Jo,0.116972,1
rm7bib2vx0s,0.187651,1
vgBI-3v4pdI,0.233875,1
NYGXpUDhxqg,0.381675,3
jkCqkNuiNy4,0.213587,1
uknYjvjQjHA,0.164489,1
iajy4Vneil0,0.144823,1
zyFgQJLsgIo,0.215731,1
3a9my3D6ER4,0.313455,3
7YjKA7jKPfs,0.156696,1
NIZLMmyvE1U,0.237441,1
QRZHJpZPAoQ,0.237974,1
qGRADYyExtE,0.0,0
r4GOnqsjZqA,0.0,0
P4l7dKgaLGI,0.019335,2
3G0aggFSXiI,0.185044,2
Jwgh4mNnPPw,0.026574,1
W4FUIpcx8QI,0.568733,7
PTWNiD-JVQM,0.052512,1
suVD6yc1whI,0.386707,1
IiIJ82PJh4Y,0.177447,1
NswaJHIXo-A,0.350237,4
e20WJ1FLnjY,0.317426,14
8Qtx8Y8Uyug,0.413957,1
hE0hHvCCHV4,0.331363,10
SWt69rxCLmk,0.085508,1
5CN2eyAVHZI,0.164858,1
4Q5ouQVVP08,0.0,0
inneSNWT-lU,0.0,0
P6be6NYswj4,0.0,0
-eX8rs6_iqw,0.150748,1
mAM1WJmptDU,0.0,0
ZLRibWzrpDY,0.0,0
zFOhb5fqu5k,0.100388,1
7r0DM7A9cS8,0.0,0
5RM9dxvPEHE,0.0,0
cSy8-VWSkhM,0.266693,2
rA593Qzd5SM,0.487147,1
YUTIoNg9wGA,0.488719,9
HhJ8O0pjoaE,0.615993,1
wFtavS_E-vo,0.275969,2
IXa0hD5_Gsc,0.407941,10
CP864ds_EnE,0.254102,2
VRcn8rhFwAs,0.0,0
eyVfgkQ6HJc,0.450729,2
q7JwkQUiU5o,0.34815,2
crS2ZHv18uE,0.319252,1
VrOp-4SlSKs,0.565941,2
zb5yYtjLMDM,0.312461,2
iLtL1miLj6Y,0.331377,2
oA1tkQYSMVU,0.250125,1
s9ggq5oW9hA,0.409444,2
eF9Kjm3L4I8,0.190632,1
FwwdYpwnsco,0.409504,2
vkVsyF9U-24,0.364221,4
0hmExXJwvPM,0.149393,1
gL1UWlgcHzg,0.065471,1
oOCXRBTjvoQ,0.281097,3
--uiPtAzTME,0.432591,2
jTBdaqrxkMo,0.353069,2
a0vnxkolCnY,0.434508,5
5qxUuPyKkWk,0.154392,1
syK7p2wO9Yo,0.139153,8
37ntp2cHg98,0.311939,2
cGqJkrSm0g8,0.217578,2
mJstyDHHerw,0.249654,1
d6WVkQ4Civw,0.43719,3
jt29BauW75o,0.222877,2
Dwp6q0dqa58,0.174382,2
koQLqHOV6Tg,0.156781,24
jjJpaosW8No,0.147963,1
zQXtUpZ6Hlw,0.197635,1
KjU-5teXn2I,0.198927,3
ddCYfmXKFbc,0.535896,4
LjCdV02l2ZY,0.264257,1
ZUek_DRVp9g,0.730918,1
3XEPPeHPXHI,0.51414,3
8uzlzPBe57A,0.0,0
ygFKMxnn4-c,0.456844,2
taQdfTk_MeY,0.434731,6
9kMHQAv8xok,0.0,0
R0NlFzalnpY,0.0,0
1jnatUEvqmc,0.158161,5
4oyo3NmZo1M,0.0,0
rfAOMYHuph8,0.306901,3
IjOKy0MmtNU,0.0,0
mjQ_CyKnSOM,0.440046,7
QsdHy_UoLNQ,0.359168,4
11c0PkAm3cQ,0.162832,29
65QnjNawos4,0.183301,20
UHVfteJoYqo,0.083841,9
2A1u_kdqpts,0.124302,1
Zv2HCBR1KZM,0.018467,1
QQic0o3MrDI,0.110902,2
Ug3qyvqsbsI,0.26947,1
reU4_1lBNMM,0.025854,8
8Xnwg5XUOos,0.000677,1
LZYsSr6LIU8,0.058524,3
W8riiYQzs0M,0.0,0
zY20SgwM7EY,0.0,0
nSJDQRi3FR8,0.163209,2
KX6hu8MtUMI,0.144797,1
kYqaQ-fjjNo,0.0,0
ykeGbt3F70M,0.0,0
CRdcb4IQiEU,0.0312,10
EYYto30vuFQ,0.245652,6
brEiYGCA9mw,0.318249,7
nndBu2H8lJI,0.272537,5
Z8Fs4vMglHI,0.170394,1
IdmNRYVEePw,0.179448,1
72bNbXVQz-Y,0.166247,1
wnQ7FJmcGqs,0.237407,1
k6Tq9SUsP4w,0.139563,5
HcARgcdsgkk,0.190905,1
8go5AFuYWHo,0.0,0
-UKfyhtmdtE,0.0,0
55fEshPADh0,0.0,0
qMqvT1D3_T4,0.0,0
2j2hLFxRgOk,0.0,0
X_LL4-wYiVE,0.328318,3
y3dAaBiSl_A,0.0,0
SWAuV4VPsoo,0.0,0
g4bqtVVEghU,0.014711,1
bfszjeBMXO8,0.278994,2
XYXQjTYuiig,0.321928,3
jUL5fztoKNA,0.454219,2
oDqvgQE_f64,0.0,0
25NeyOuv8mE,0.0,0
n1Hcf0tgMSQ,0.33861,3
pp2r9rCUZEo,0.151175,1
Sdv5z7Eh_k8,0.0,0
eOl5lEGyuPw,0.222782,1
S3JVLkpBtwM,0.110795,1
V3LJ27YyCFw,0.113242,1
C0IrlHM9k3c,0.178697,1
e9FPIcvSSRg,0.220602,1
krEI05HOJgY,0.269885,6
LWpcmkcoBDc,0.289427,12
qKJCWqTSTq4,0.29393,2
eqoo4075teE,0.320706,10
qb4GS9jUNzA,0.231225,9
zU6GGAaZPNo,0.122581,1
ycmUaywcfvY,0.199553,13
SypDF2WE0AY,0.292342,2
eolp0fNmH5c,0.269581,2
_xDW-Z9sSrI,0.293978,16
7aWbPsLcKOM,0.349265,2
Rq-hQIMCeIc,0.490076,1
VuB9PN6Wd-c,0.293422,2
WiPgaWEYzM4,0.251738,2
MoBwDCL5Er8,0.367146,3
bGn29w-2BzI,0.25734,2
Ie9FTB2_KN4,0.236673,2
9b91BczDC0A,0.120635,6
dgXLmS6U-Ls,0.226472,2
ZPYWQSKWKt8,0.119093,1
tUlaGA9_Wnc,0.0,0
9cyjfr9PU_A,0.660775,7
SBx_-f68ixk,0.576929,2
FGp1rsDjjZk,0.443865,6
yxNg_BdypfI,0.456676,3
Q0QI_xUtaKE,0.328648,1
lpxgtuxiEXc,0.382338,2
_OVYtYbyINE,0.0,0
1OEci8uOm3o,0.167354,5
UT7UAjsK83Y,0.2009,2
29RKqIOlTKs,0.144689,3
Ej0IerxzV0c,0.167144,1
FqXuxi5cftI,0.2726,1
jyPGf9MxPKo,0.258854,3
SvxRqeHT9do,0.220889,2
vX6d7wU_jr8,0.182161,1
8tIWpG7uTcg,0.339234,7
B97FqB1aHeM,0.319945,2
XvtklkkyWE4,0.512432,3
0jJdKLuF45g,0.612383,7
w5GRRccVKQw,0.31837,2
8Er1N82naRk,0.297271,3
2YSo6vp64MQ,0.350275,17
ylH0S8ClPRw,0.381951,7
on0YvL5_YtI,0.558009,8
Eha3k35vkfg,0.734976,5
zlpr_ioo_U4,0.095702,13
VFwOD-MU1R8,0.106066,2
aBKQVRG-CSo,0.0,0
764O5i6kf_k,0.060295,9
8zKMLDqhU6Y,0.0,0
n4fPwK9GQII,0.164346,19
SlTuYcdmIxE,0.210053,1
RKiQFVR21Ps,0.041821,6
bpOMEapE02A,0.272849,3
7JisjQKFABI,0.0,0
dsuVESrNY7Q,0.172181,1
jbTO4gSkhjE,0.225056,2
7ic3-z1hL1w,0.0,0
6bAV3ciqEuk,0.019654,1
3RHUhhSeLFM,0.0,0
sHcIfYu0SL4,0.599985,21
UQygvMBe3rs,0.00795,2
Qk3QsPWgycs,0.0,0
FdDl2nbV_u0,0.19098,21
ou_G6W3L_pw,0.0,0
_7SakQ1NNCk,0.343312,4
9Z-0NtX6VGE,0.311408,13
eHwc90brlo0,0.333842,3
ZiguiNHfHo4,0.327337,3
w_OVoJLgPl0,0.282428,11
1cFscHX3zUg,0.11385,8
oXMweDWQJhg,0.192391,10
aYCVRLZFT-U,0.232319,7
dOagGAVrEv0,0.332771,10
1xMT9bzVaOQ,0.379591,4
RSznKiRMtng,0.105237,2
lNQIfUgZag4,0.097629,2
5-EcsCRHsW4,0.102593,4
y0qL0hDOw2c,0.10338,2
l-GZdnY8j_8,0.20218,3
3GkffOSboaU,0.141279,1
AZ-0WW6ypQc,0.0,0
ln0mLVgUMUU,0.0,0
C6naI5vVBn0,0.069184,1
2Q1sM0kZV5c,0.534771,3
ZYzesOkz070,0.300748,3
M4490FEuEG0,0.0,0
hRXtHch8zZA,0.293067,12
ugbI42-23t8,0.312988,11
2zP91bu3Yug,0.358186,10
Y3jyWdKgLHs,0.013367,1
AgtAFjYMSvc,0.0,0
HdZWLYiQWPw,0.0,0
9FUHjaV5RZY,0.160485,8
rI2XMwctrw8,0.055885,16
3BJaZmxWhk4,0.020313,5
t65Gz3wS6-Y,0.0,0
sbIirSj5JN8,0.0,0
DPNM8xJFBwk,0.0,0
HBV_KiopSxM,0.150355,2
JkhWKszPgW0,0.16321,2
C33w850z7dM,0.176692,2
MneYPNRlGVk,0.282169,2
gEbyPHKV-zk,0.0,0
V7KB7-09TCU,0.0,0
UCvR3rz_03U,0.518181,5
y8BY_EaNAvI,0.0,0
M6IiKMRRczM,0.164993,1
sO0sFX-w7mU,0.576514,1
bGOsKhCjKNY,0.194413,5
cDEJXZMnyKs,0.0,0
TVZMZs57FxU,0.0,0
J0LJ4UEqXVw,0.413634,6
KZuSyMjtMNc,0.234391,1
SJCicCFb2ms,0.0,0
AnR_yx6lrC4,0.402052,17
tOMi89SWP7c,0.0,0
Tebkf1r7Cp8,0.0,0
qqCZdgbMk5s,0.0,0
yWJFVm2IL5g,0.0,0
URL8BdaY4JY,0.0,0
2vmfM3sniqY,0.0,0
X59TUU16IKw,0.015714,2
pSU5m1GTkSU,0.411949,2
OjPlR8qC4ZM,0.257609,1
7sFayhOhjXE,0.112225,4
WlRgqa4YoBI,0.413646,2
gISnpac7K6w,0.427947,2
CskK_vLF8xM,0.552556,2
MQZuEnrEu1Q,0.470565,3
baM5NnHdp5I,0.406654,2
3bMMfwXnEMc,0.430964,2
Xp33ySS96cE,0.205371,1
TB7ymlbmHuA,0.0654,5
2L8LoWDd2ik,0.131722,10
bRPNRd3qQJQ,0.098781,5
-T4yruHjgUU,0.044639,3
lCWLYnyYeN8,0.109663,9
hFfQHkmZWhI,0.019956,2
zPs1ZCFlX4o,0.024916,1
XNYEcV4gdE0,0.363495,8
6DqnFRE-nyU,0.16751,19
cJW2beXVNdw,0.174288,1
3hQNXEi_KJQ,0.158525,12
suMgaaifwu8,0.663312,7
D88o2pL3llc,0.694849,12
eSPTQE26JMg,0.339769,4
Qyig7PJUE9Q,0.407181,12
JHTqyqdtVvc,0.388808,2
HItHywONMoM,0.291233,7
mxT0LD3oGO0,0.0,0
G2P9AToZyGc,0.0,0
tKkxr5ggUnU,0.0,0
Kb0lpvOy-qs,0.323416,3
eD_5hcs71r4,0.277321,2
x1kRbjd2lNA,0.171579,1
mR5eTNJ0LgQ,0.033198,1
6DtXkj_Tcvo,0.091951,7
Op1VAzJfYqM,0.091951,7
_jNVkW2Fwm8,0.091951,7
mb38ogjYKUM,0.209886,1
Jw5vwGgEjG0,0.533186,3
wdOTY8tOvRA,0.407091,1
FIyfOE-KsOM,0.373493,1
2RkI5wLJXV0,0.295525,3
WnQRV6q503I,0.50591,3
cVkiDW5yG5Y,0.334635,2
47kGX4J41ds,0.490819,5
yVcYd04cpnk,0.548763,2
WpsYLikKK5E,0.20417,1
SggzObH8Gcc,0.36522,2
XT5hP6A315Y,0.398831,5
9GTvUUzun7Q,0.548328,5
TjCEljJ5E5o,0.551804,5
BcQ-_NeGrfY,0.334584,9
z4PGgFdBRF0,0.470339,5
749q5PtSB8k,0.369794,3
1l82hVlMirA,0.465814,5
mPZ1S5eBYOU,0.303069,11
i6v-KTovFeA,0.0,0
kaDP_sqnk4A,0.0,0
g5rmIu-SBIY,0.112917,1
IeL1IaOAPHM,0.0,0
WdErBtsLRWs,0.48125,2
hce3zqor3pM,0.23353,2
6Q92DGgEaTc,0.310272,1
_W4S45_arDs,0.26092,1
amPl5r_X-H4,0.176846,1
M8ZGVnWuNB0,0.0,0
e_bq-yTTGl0,0.0,0
pYGzBw9Vk-Y,0.0,0
86Uj83c5JRs,0.069796,4
Rgk-p1cB_l8,0.21221,24
boTPtM2XPSo,0.2867,23
Y9EFPx89tY4,0.211196,17
KlAVTevHG_E,0.160332,1
9JMLKzVf8kI,0.168732,1
zgclk8X5X-I,0.374655,2
UtC0_qI0hBk,0.310738,1
SVqoFPId73U,0.552861,9
h6hH9DscGt0,0.2418,1
F6zn6qr3Zcg,0.518352,4
cbIsbjp6skU,0.4037,1
ewfzO-j6v8c,0.059029,2
um0RhlEHHDw,0.247573,3
rWc6HIQnRco,0.595878,4
rHfIfsTIJf8,0.555093,17
WSQaOo2zGng,0.045951,1
ck21rzZyQAI,0.104516,2
8ly77_ZIaiQ,0.58492,2
rtUKsBPEx1I,0.268555,4
aUomvk0oORk,0.276895,4
3RfkynfA61I,0.067859,4
pttMrAhEt6Q,0.102303,4
3U7RWLnpw80,0.105382,4
4wzhY30jgLY,0.135822,2
J-UOo9tVGZw,0.0,0
nuHtPVhnJs8,0.0,0
ln_yBqateWs,0.0,0
LRx3u0hZg7c,0.871099,3
Hzqwo5y8cFw,0.0,0
h31bRucz_gY,0.086291,14
BxkYyBK7Oks,0.09626,11
xYpo0D-hrV0,0.020242,1
ocLhmDcR-GY,0.026315,11
Uu0Ri-Awh3g,0.020277,6
UUazi8BbBJQ,0.01412,1
Q0Qw6e27uZw,0.0,0
Jk8qObYv2qM,0.023672,1
3Od7B9jkoaI,0.125033,2
2WBrLpR2-5o,0.02387,13
J3lBExo1DZY,0.24587,5
frDFtfuSyFQ,0.196804,7
iej7C7d-cvI,0.314633,4
DZ_WYjmFZeU,0.233461,11
93-7Io_CtAk,0.15002,2
IUDX15xM0AA,0.248713,14
R4PtLn1ju_Q,0.250868,7
CXxWAz2jWUY,0.238712,12
3jq1-20rbU8,0.218316,9
xd9-WzcgGa8,0.230148,12
qNwgb13Tgic,0.332198,2
rSh9wE9Z6Ts,0.290499,1
xvgaHRzFiho,0.135403,1
avJUWBjmLpQ,0.324543,4
GuEk10gRjb4,0.22774,4
ZC0HAJh3mRI,0.0,0
vXegeaQInXM,0.21945,2
vXll_B3bFXw,0.203783,2
B5NWuJDq81U,0.21556,2
BEky-56vlq8,0.211287,2
BCfvXFe5Xas,0.097538,6
i9LxHrawA1A,0.103262,6
jGhlIkmtPMk,0.074421,8
WrhDcSiuKYg,0.103898,7
AeSmMgQNa0Q,0.00234,4
lc3O8ulAfpY,0.184514,1
RRRoGS8xVvo,0.180571,1
iat9SmeVcE4,0.114796,1
1BuHVoAHdC8,0.367269,9
DM1k6D03EVs,0.151776,1
lc7KQ7vbdIU,0.298601,2
g02z7Tz7Nbg,0.715226,2
MuPsaINB2jk,0.190331,7
C8VeWMJ3X1U,0.526701,3
BPLiLb755cI,0.00358,1
67H9vXWrk5I,0.135061,1
Y3D8u1FQWhI,0.0,0
Qo1K3mYm0kI,0.5726,3
W7th1PdlP-0,0.0,0
k6542qjHLYk,0.018227,1
tHBp_3dk7H0,0.014306,2
PCvvuv3IFpw,0.016429,2
Xwu1tKYjQxY,0.033947,1
MgPO26Ukpg4,0.029132,1
cV87BXFRTns,0.016545,2
IY7cgwTlhrI,0.182413,2
d7kveqd-2D4,0.249965,1
wmii0Ph4DVI,0.166273,1
PnULYWMmECg,0.212818,1
Ib18ab1kyp4,0.184074,1
XNpqwBvQtcM,0.162564,2
TvwKP2quJ6U,0.241426,1
gnipCcfAjw4,0.0,0
-2NP4S1NtGA,0.501094,8
R__GAOE6GX8,0.098814,2
em1ixphi2o8,0.29209,1
NJN2TL68M48,0.189735,2
liovRF8pjA8,0.344439,5
BN9oaRiTJdM,0.497595,6
Y0HUn-XFgaY,0.353328,8
WTHr4eEN2T4,0.276186,1
p00Se71zmI8,0.16818,6
6RTrCie1--Q,0.206421,2
_c3tRS388bU,0.075393,1
7FFGpYhaPnY,0.182247,25
8ZIgQylS3QY,0.303936,17
NI4p8iDKRKg,0.195519,19
0CIKkGn74p0,0.321839,24
Y8ABSlF9ogI,0.048359,6
wcvkFkYgsGg,0.024163,1
IVRLpzCDvWI,0.0,0
mchqD0GomOc,0.0,0
K1nlzR2xl40,0.17586,12
vcdOxLtGX7k,0.349569,2
tPosMxb_8h4,0.17453,9
jo_HsA-0ENQ,0.307493,2
uZo1-316Jw8,0.0,0
n9J87Ilcbv8,0.0,0
1Fq7gmsh59c,0.0,0
8JPpiBCpsyQ,0.534158,8
cE_zqGd_a3U,0.346124,3
hp7A9IzpEzo,0.071796,1
V5jTwBvNWOw,0.047918,4
-p6K59MTD30,0.092037,1
-9FJWK8hSyY,0.554537,3
fFBYwC3c8IA,0.068026,1
uqwzxT3YRjs,0.0,0
2rh1MPHgEjM,0.131765,1
D-Ep0UOB-5s,0.06751,1
yxQFmwQQlYc,0.037975,1
Z5maza7vh8s,0.0,0
iHmlSyY5DSk,0.493957,13
_a8ONuwaFkI,0.0,0
HdbxSpjStxQ,0.013787,3
JEn4J7JiPfw,0.308403,14
kAoxjSgYO0w,0.200022,14
IVHtwA8dMk8,0.200014,14
w_sGJ-gn3nI,0.200014,14
qgVPiV7km0I,0.176512,13
DSqcIM2l424,0.200028,14
zzLCi7ozj3Y,0.308239,14
ZlmvdkEAh7w,0.00929,1
jFTwkYHgf7I,0.0,0
JEf1iC9lZzo,0.0,0
P0_GRiLMfN0,0.0,0
KM1ZVHrpWuU,0.0,0
n5JEk0zhtuI,0.0,0
wOAwsJF5KNU,0.0,0
DrHcV2X_RJg,0.0,0
3HmnGihVvBQ,0.0,0
LNKi_HZZfeY,0.0,0
FZEQZA2J2rk,0.0,0
6Te-WUm3CQY,0.115919,1
kXfvX19Cyxo,0.0,0
A8p8eGpC2fA,0.0,0
XwHZcFrm7SQ,0.0,0
AlG4pQpfkDE,0.086183,8
7DS1ePvVW1Y,0.114296,1
zWch5i3o28o,0.044424,1
wcJjd6p5Jcw,0.07008,2
8AsPkbkdpkc,0.0,0
NpTQNmHPXc0,0.107617,12
KAVII6pVeb4,0.18033,6
ERLZRDGZfVs,0.258101,1
MZlYAFyxnXA,0.102645,1
PH4zKvBSR_0,0.378831,2
un-LmNY5pIs,0.247307,1
Wu4EXf2_stI,0.415719,6
JRCwBoqZ_1Q,0.481731,1
NrFR-1ZKxqk,0.467399,1
rwBwSnt7EcA,0.112724,1
uoHZd4QTdiM,0.0,0
h6WPdhHSN10,0.372405,2
eqMjM1FccSA,0.361385,2
vL73-MWONoM,0.4246,2
lq4LP_tR6h0,0.328894,2
Nwv7eUZm1wM,0.378314,2
dyvLZ42esb8,0.376475,2
F4cAJQeiMw8,0.390694,2
94625DbU3Vw,0.518318,5
wsA9BjVeb_0,0.340207,3
wlcKHhIvXA0,0.342673,2
7glf3Olrnv0,0.262237,17
oUglg3ZsnK0,0.20301,7
vExFiJz2wnI,0.19416,1
r6VBE-rK0Y4,0.0,0
WMUDfRdEtcU,0.002875,2
P9xHo7fpFjo,0.16293,19
KLLenEKAbXo,0.0,0
-rKVWmk2fBo,0.257808,1
EBL5Bwvq0mA,0.0,0
zB-QglOHKCU,0.714685,14
C1o4kFJTx4g,0.098763,4
Sd6nbdDsNTA,0.302748,2
Ep_b5HVrGbY,0.309919,7
7PpU2VMXFiQ,0.375084,2
pDn-DwW6Tjc,0.307193,4
MW6QGxIYehk,0.524169,2
SsM4xh_Tqh8,0.189851,1
SwvGK3H3QXM,0.261031,3
3GSM9wiOB2M,0.3732,22
OaRVMcZgtk8,0.348206,1
uX7EACEZrxw,0.131278,1
yxRbJgXrlwc,0.216199,1
MpTflH3U5cQ,0.19719,1
SOlEGxVD9Cg,0.0,0
HmI02BlwMME,0.0,0
O5sm1ni6e8s,0.398199,4
1lHze1-otj0,0.749612,8
DOd4-VWWnZY,0.593927,3
3NfifUtDckE,0.723998,7
3tihcawZOhg,0.296647,4
gfjvGy3PDGQ,0.55447,4
spD5r06_Ty4,0.537218,3
QPmLYYU4rLI,0.671768,5
TOeb5bUB3aw,0.51197,7
jvK8Us2kf4E,0.552422,3
nlFJZJAs7Zw,0.14864,2
yx-94m-nllI,0.213848,1
3Dueg1hKwig,0.123924,1
w97N7r9v9n8,0.178938,1
rWY5H4ee-lE,0.172649,1
Jle0DfvshQ4,0.17429,1
TYDe4hqoTC4,0.188044,1
zA22Ydd2PrQ,0.163146,1
W5zdYbzFTfs,0.0,0
49reWbKaKTU,0.0,0
vN8ODRseg7w,0.186441,2
x6QQxwClR8s,0.493853,3
RMjDG24lS8c,0.035318,1
Zd60m9ee9Ts,0.279807,2
Y3PgT1e5G8o,0.42278,14
s28GUCLCQ1k,0.743644,5
fQMJjXnhmUk,0.0,0
6j5rvGhi2fk,0.007524,1
OzF4BF5DoqQ,0.063784,1
eLnluRu5Np4,0.022879,1
VoGPsXji-AQ,0.06641,1
JsRm7E5TVvs,0.174916,2
Lzv5V-kXzec,0.181349,1
DeMJMqVuFRM,0.246388,1
QnhVP5TNQIE,0.291128,3
GeL7fyMfWRY,0.12937,1
3s5LZkcVyTQ,0.110285,1
YsR0uDpBTzo,0.718145,3
YwkkRz1PPaU,0.295239,5
oJdFO4JCYJQ,0.253974,2
U52ytm_zafM,0.234862,5
iA-sub0WGrY,0.447782,1
FZZ4Zbf4rdM,0.007005,4
vJ99-SpOayA,0.532097,3
ATDwJcWGMHY,0.094964,1
NykxQtm-bO4,0.0,0
z3NSGwtp42s,0.32066,2
bJsYbiHuXd8,0.0,0
Zv7uIPe8xjM,0.073216,20
MFKymOVtbLM,0.21533,1
8y8nWuNT734,0.149181,1
g-8oftMIFpg,0.176522,1
fasRGwm9J5g,0.237499,2
afpywkOExvk,0.157577,1
wb6awv4I1MQ,0.091591,2
MxhYkyjCzUI,0.0,0
dps8-bGHMSU,0.338994,1
QVv1VQwrv5s,0.034912,2
FO-_YLfMO_4,0.254618,2
WcWMTCiXFI8,0.0,0
DZSUodxLWls,0.361527,1
4g02wo4IdKk,0.302391,1
-PpPQxCdpbc,0.369104,2
Om6GC8JPgEI,0.352189,1
k3UjrhmlqYQ,0.354136,1
yEyyOatumAs,0.0,0
cEGM6IOL5Qg,0.0,0
9oI1EzW78mc,0.0,0
H8j8eh40VgI,0.0,0
1wjPM0_F4PE,0.472968,3
D6NNRz7FMQM,0.212156,4
2__H8835vmo,0.48915,2
C2DjETjHTtY,0.455668,5
Gae0viviFiA,0.130678,1
epTwJRp9MaU,0.185968,25
DrJs_z04sCc,0.067856,3
nwJXubHLXzY,0.165324,1
S3AvpHS9-xs,0.604459,5
h6u-VUqHPk0,0.0,0
hl4SWwAwpFI,0.019184,3
scQFfgValjw,0.517286,1
n3_vjzzLU84,0.112606,3
PW9Zx7SfoHc,0.263626,9
tzG3ebgWyZg,0.0,0
V0LKg0q0qWU,0.0,0
dHArIKqTh5o,0.0,0
wA0zC4zv2GQ,0.341502,3
FpBWNIzrQlg,0.543836,3
jUJUZAsw66k,0.453445,6
Vd59ub9VHhg,0.580647,2
4YQL5adVizc,0.487218,3
14vn1wjOtoM,0.449218,4
AnWZBxn_BDI,0.320283,9
esa5yQO9gp4,0.153498,1
kC9oPnZUPzE,0.348867,2
QyGEjm0P-ps,0.117511,18
dGk4jTzIExU,0.334278,4
_hbF40v_S0k,0.290909,11
9gHtgXv0whk,0.01816,1
yOYJ0ectwVI,0.033958,4
wHnqvmTqYR4,0.075208,3
yabnBDEEirs,0.037083,3
uFy9MCZSi9w,0.354097,10
DfQNu7I2Rfs,0.0,0
fM5_IkVTT7s,0.049171,1
qEnDWhFXgn4,0.0,0
gonrs7I-Vwc,0.324558,1
t3elqm2xVIA,0.482438,7
dd91hS98UN4,0.195538,5
ip93kZWk5lo,0.159873,2
mXB-nf_Ls_Y,0.203789,6
pKU-1t-pF68,0.0,0
BxcoyJT7kbk,0.0,0
fsLhRnK-7Wg,0.0,0
slyPVIckjv8,0.014091,1
TwZrkJ15_nE,0.345285,2
g0p7XlEotgE,0.325143,2
TLmQ3aeAJFM,0.253669,4
LUbIDixWBZU,0.31375,4
4IhLfIbGRo0,0.382743,3
vklXYd2XgDs,0.374352,3
SiRqf6DfPLI,0.467523,10
6JSt-c5Qipw,0.24103,2
JvwHZRfVs7s,0.425521,6
oGZiA9x2Ci0,0.541082,7
QRx-f0E4bcU,0.072368,7
bF59eTxm9cg,0.122401,1
HuIGXH3xyl8,0.11697,1
J7AptGB4QT8,0.171795,3
fWpAsT_m69w,0.0,0
Vnr3oh1TKwA,0.0,0
WMYjJwIiGNw,0.366985,5
Fa-7sCzqzFk,0.0,0
ikcIaQBueRU,0.204358,7
x6Fl5SsmLwI,0.0,0
-x-DJM-t4uA,0.057627,22
urMBv6h0WJo,0.133256,1
ds_v7M7ByoQ,0.008936,2
AxD_m2qKfLs,0.0,0
2UJxgbK2RL0,0.118056,18
ui-9Xpwahdw,0.0,0
u4XZNntWP9c,0.0,0
4bs0XfK9YQg,0.0,0
1h-fTWRBhPM,0.0,0
pt2VQaPQS7g,0.0,0
RBMzE2K3S94,0.003719,2
dGBf1ZI3haA,0.0,0
h7MA3qKncX0,0.0,0
aYdRyn3gnpk,0.426858,8
TrxsH7oc25Q,0.0,0
a-OnnFAMjO0,0.218548,5
FA-v8scEj1E,0.023957,21
18MB9UCQ1hs,0.158669,8
gIY7DrSclQk,0.151603,5
fcwUDi4dIk0,0.08142,9
xunyXempa54,0.0,0
Vu7QMo-qDTQ,0.011452,6
BZHxGYGffcY,0.0,0
ul88CN9JvFE,0.129581,1
SXc6FzN5lUQ,0.094,1
rMJ67sAuHmA,0.057814,1
5nVqCih6rTo,0.018308,4
tlvIN4aCZDI,0.10951,1
udNdstVXWiY,0.039272,1
0i_Sp7FfFu4,0.061794,2
_aMNX42a0QQ,0.11158,1
j2bKLj8WR2g,0.0,0
8V85n4LDz_E,0.176493,3
IlZE-KaI5Rg,0.134307,5
CtVVskGYv60,0.0963,1
M000KyX_FUE,0.247428,1
TFvSO0H40Ag,0.0,0
4E4JPf8q-YE,0.082837,16
J_iIDqPZb94,0.0,0
UjJilC4kk4A,0.302153,1
RZrxUeiP83Y,0.226185,1
vZmsvb8VADA,0.044225,2
dyoRjlizwic,0.0,0
l7jCPqzojyA,0.0,0
McjZTmUTUOA,0.401007,1
qPyP4Qc7sKs,0.0,0
mNpTBGqIRxc,0.0,0
Fpx0hbIpB4Q,0.0,0
nH8T2JhbZQk,0.0,0
NuYm1lLEtxk,0.192209,1
3eUdQ5ImLec,0.366687,2
nXXBgYkWCBU,0.0,0
pkZwCDpgbsE,0.0,0
sK1E2g06P0k,0.057369,1
ApnpGqx8ccc,0.0,0
Uf3KEnCJw3E,0.0,0
Iw1vb-Sq6vo,0.0,0
17xm_m8Nl6A,0.0,0
S90Z0NIzPo8,0.0,0
8Eon2aUCdWc,0.372089,27
KQDnJ9Q98ZI,0.0,0
bGxgzfeeKfE,0.288336,4
3jC6Fc9WB4A,0.0,0
pvDTb--oCKk,0.011194,1
mxUNOXsLmfA,0.0,0
tpha-kfab-8,0.0,0
z9I2RIXS-XA,0.0,0
pqpP2wpJSis,0.0,0
uXK3iPTYQXA,0.0,0
65KMXwIzH8o,0.0,0
EXpyjJULoiE,0.006632,7
t0G8FK0DxoQ,0.0,0
Cfow5DnXA2c,0.044033,1
HYkdsY27PK8,0.0,0
5Ebr4kQJk6g,0.27631,3
w75C1SsTRRc,0.16812,9
CfVGiHTd6Kc,0.055514,2
lrL3_kWcSj4,0.033086,8
CmwfVfzkue4,0.0,0
o6BR47b4nqU,0.0,0
QXSG2V2nuaM,0.0,0
lMskjRfSBJc,0.0,0
PyrJtIkJLsE,0.0,0
LkokE7f3qkg,0.0,0
K_quI_5-b8I,0.0,0
HvuKPiHgHLo,0.0,0
cmgCFRUQLXI,0.0,0
v-PfepPsSUs,0.0,0
WTetr_o5Lq4,0.262055,1
E3tLwRIIMVw,0.178644,1
GW_a2JocwIc,0.336106,1
C2094JepiPk,0.303883,1
E6tB-u-GiL8,0.022956,1
zfbAQBi_I60,0.0,0
BK9Ctnsgvdg,0.0,0
SiYVCL65GGU,0.0,0
0iU3P5k2duI,0.241082,1
qrBVXG6XiZM,0.0,0
FlM2OitUZzY,0.342719,1
FTzKChIsbUU,0.0,0
C7dYM5rNUv8,0.0,0
iK1UkMfzxXY,0.229446,1
tVQQKxsJEOk,0.0,0
QJS_S_6CX3o,0.287071,14
5YyfohE3cuU,0.263976,1
HGScvQDvh90,0.22643,1
5B6qWgWt3yk,0.251628,2
tpGUwstaEbs,0.195495,1
aOwwBpSVX7w,0.219977,10
C3C4JAHQAy0,0.017955,3
lvvFUiy8c80,0.39637,8
HIHvscex6f0,0.174412,6
eexdIYIfsFo,0.12009,1
19xSqnCdutk,0.073643,2
HVltX3gxbPU,0.364516,2
wiqMY8kUloU,0.295314,2
vyFO_IJPdmg,0.300643,1
wRvuToCi-Lk,0.253722,1
USTXmmAo1xA,0.449067,2
cKP6D30zSyU,0.329635,1
5MdFoewIsIM,0.008011,1
jCrzO45GVB0,0.0,0
Xq9oj2b668E,0.148908,1
IEbCXs2OTJ0,0.257238,2
YC2VL4BL_m0,0.0,0
c5w_tSYXeZg,0.290184,16
1bOEpnGV2JU,0.0,0
Mcg9E9FuBSE,0.0,0
zCPkJvecGB0,0.096573,1
2LEHgTyqJrU,0.247158,1
UZij_WOW_mI,0.167538,3
jklc-uWUDi8,0.0,0
tOqOQR9OCZg,0.0,0
97HIzB0570Y,0.0,0
kd5gF1T0N0w,0.0,0
-d_1PSRcz3k,0.0,0
Xwc9ZRETz4g,0.0,0
pZH23syB4pY,0.0,0
s0mZsRcwEj4,0.0,0
0GdSZ3oWoHs,0.0,0
a7CgtfqcJoU,0.119282,1
AOlwL2lZomc,0.0,0
Qc-YiMxlbco,0.131806,1
UQBajf88fEM,0.103786,1
-65p10bDyII,0.24008,11
7gqXAy_Z3Io,0.261809,2
OeU5sWrP_Bo,0.383566,6
_fUhyndyNAU,0.200995,3
zuhThydHnKo,0.586968,4
taq-7WzEP8Q,0.320819,20
ledUG0WDkiQ,0.417773,4
X86CUCPPa58,0.315725,5
ltY00X-s9F0,0.106057,1
0YM9cjQjjIs,0.0,0
BCKMVcvb0Mg,0.474861,8
OIfVNIy9Iac,0.0,0
It3iO-dGQlU,0.139261,13
tuMC7DZAr44,0.077048,1
R7CxhBJxbmw,0.512484,7
c8oQc4_Cw1o,0.114409,28
i7Haf5LG28Q,0.0,0
gCXeuNORHcc,0.0,0
Ebcllhji-Cw,0.023954,4
RD3buhJmqOg,0.0,0
gB31ePrak5k,0.0,0
OGgLHa7ziMw,0.010552,2
omlkkL8IiJI,0.005575,1
EgLFLO5ymbY,0.229303,1
HI8d4-sFS04,0.008282,3
qx_DWxeVfrM,0.0,0
yzfrTtH0REI,0.0,0
AnwPRztipxM,0.0,0
eTuUdRDd0Vs,0.0,0
lXutlcuI9C8,0.0,0
ja-GSMYmxlU,0.0,0
5z3ZOqYWAMw,0.0,0
b0-OrsqgrC0,0.0,0
DWfEFU7bhIE,0.0,0
9tI2FJMhypo,0.0,0
7fNN4lf6_sY,0.0,0
8mIbX4OV3_g,0.0,0
fRF7RENuA6M,0.0,0
n-DgfJxN534,0.427171,3
cOHEgs3sQgw,0.26051,1
uS_NSd1mWxU,0.196523,1
2ioqh6-xRog,0.203432,1
th6ZiV0O13A,0.192747,1
S6EYmlgNjWQ,0.229142,1
cz55KmJaUPY,0.13424,6
ZPacOTiOSI0,0.137161,1
grzD-p6Eou8,0.492794,11
POoOhnPAF0c,0.390348,9
TOR7qSJUvos,0.413844,18
K03X4Chnf90,0.335905,5
Pj7CC-ao2iA,0.464457,6
tDtID0X4Ms8,0.54826,8
j0ZGtCd9ZoI,0.50633,12
GXqMAK06tZg,0.520319,5
2_rKhP5DSKE,0.69766,9
-oJVLqvIWQg,0.232395,3
bxhQ21ureo4,0.116914,1
e9TEpksyvkY,0.0,0
xzByNZpMI7w,0.0,0
Y9bTCCQRs3g,0.0,0
Mth2aQO9WRM,0.322117,16
IDshNUGteOQ,0.038443,1
QhC3IOf6n1U,0.146748,1
yDiDM3aGeO0,0.207028,2
JQZrmWUV66I,0.140576,2
FjbMnCwB9l4,0.302517,2
MgUkJXQ3_k0,0.277107,2
HEDb1DrmBSo,0.268804,2
Unl_verxQyY,0.304451,2
vNfjqcPNkHo,0.379455,2
a6LeOsGBBWA,0.357607,2
MLBc3SZ1wqk,0.244843,2
RjszoguuWfU,0.272139,3
tixxus8GiEk,0.144549,4
EnPSxLP1AVc,0.0,0
T626HAAJ7D0,0.0,0
1rHQU7Lztis,0.0,0
2Vu6fX1BoCQ,0.0,0
diFQ0SGYNRo,0.177004,3
FTQ9xQDoDvI,0.052269,1
uIHMuzXwF-U,0.0,0
z3p5l3aVOyw,0.007511,4
KjxFW0Gt7xo,0.019686,9
PQ1U7jRCvSg,0.022261,1
jNn7hvyBSYs,0.364674,4
8VY3bojHrLc,0.322325,3
DDqO2icctNw,0.031313,3
jzQVO7w3j0c,0.07277,1
4bk2x4ty488,0.147786,1
fIt9QCpghZQ,0.795653,4
wVBkD9aoRBY,0.136989,5
H8Gpc5neGRU,0.347283,2
TLlbQcgJ1gk,0.256296,1
IlCLNg1kRKA,0.273919,1
O6JPHAlvxbw,0.266514,1
CueQ4xn5OG8,0.0,0
cmzZ-kRPMgw,0.0,0
ETvTir66WZI,0.0,0
kcdWtLF3WyY,0.0,0
O7mkUJvQ4xo,0.0,0
nStJguoTAD8,0.0,0
iVO0WJTBaXo,0.0,0
zQZ5gSeMUs4,0.0,0
XEFKLtOF_X4,0.285397,4
RB3euBtHXRk,0.252619,3
PxyA5FIoj7Q,0.164942,1
q5cK1HTTeaM,0.165282,1
MVqu43sXcO4,0.162491,1
klrQmbLkuuo,0.163685,1
HPPdNIvu6iY,0.164565,1
EtwCdnPpnZ8,0.166406,1
P4zeF_xQfrU,0.167273,1
dPzP7RpIYm8,0.164465,1
ywNM51AoqRE,0.162354,1
k89fgGQGyhU,0.165887,1
en-i0mUK7ss,0.126411,2
nrX961S78jk,0.161746,6
9IpLbzCCN2w,0.268395,7
PVp3t058kko,0.253995,6
Z-q595gwnxY,0.205035,11
OCt9ysEJLRU,0.253606,16
5OebDZ9GKk0,0.203845,11
LQsLOV7xm8k,0.123242,1
wkv7zTYoAT4,0.151527,11
LPzQ29wl-lY,0.151908,11
PEl2XHLRQ-c,0.095164,2
UV_d1cJM998,0.43478,2
M2n-zEclIwI,0.264004,2
vq637TLUd9A,0.644678,9
2KdUPsMCEXA,0.0,0
RbqtQuha3pQ,0.181059,1
j_ZnTAzOI7Y,0.0,0
NFRefNZYUQE,0.110578,2
jJOewHCnDdY,0.122888,1
FqWU5q-gpP4,0.009391,1
GZqvYOrkiIM,0.045796,7
w_rKrfmjT-I,0.0,0
t6ocwfetbPI,0.532883,2
7-WXZRn91ww,0.18735,1
0ZfAPTIrQCQ,0.01431,1
P6rfrM4TNvM,0.549184,11
68qXaKAKfVw,0.495321,1
CgzqHwT6AFA,0.288395,3
IRbsZQj0GoY,0.228865,1
DK52M2guqUo,0.482944,2
SuoydmZNBek,0.28694,2
H2pa-ISlkxI,0.408253,11
w2kSGfPTYLU,0.486597,2
PWsYq77e6Vg,0.174484,1
tLjyFSZLmAo,0.0,0
vwGIZQsGLek,0.317852,2
aDc1rth4fcs,0.203158,3
I4nB-9vEXLY,0.266775,3
NphpLCT-Wgk,0.300987,6
u62JeCyhANU,0.46565,3
SWIfgoC8pNs,0.133268,4
wyt2wAhzwPE,0.08472,2
lligL3YiWn8,0.323917,8
M7e4xkCgNsM,0.201824,3
H4loAuUAxdk,0.129696,1
8MxUnHncrWw,0.071796,2
30BzrxInYDs,0.0,0
DGMkfnD_Lsk,0.455987,3
2K49HfMP9kg,0.403167,2
xPFXZ_2ng4s,0.293194,1
73c14Jz1u5Q,0.156453,2
MK6rWLoeBmc,0.076354,4
H_bj6FuCxYU,0.438205,2
m0T1YzQ4dWk,0.329605,2
L1TUPQJ01C0,0.710618,2
1iM8L-aaReM,0.341459,2
1egTdLyQe8M,0.111322,1
dM3tF6RYBEQ,0.10613,1
WLVok1MtaN8,0.126249,1
euq5Z-zuahE,0.124839,1
jWTz_YNFhp8,0.121241,1
0HmhBvtRo5M,0.130769,1
0lCQ4M2BQe8,0.128441,1
DOhgkQwotHo,0.084437,1
w4qFyPHcRH0,0.084157,1
ln_j-CUblu4,0.053586,1
J4fu80NQCUI,0.673019,4
RN8QERFvaU0,0.331943,2
u0E7oGGyXhg,0.347261,8
VBfudEsio54,0.310123,7
g-v2uakV0Fo,0.340485,19
o3oD32zeBPA,0.413262,15
0uTlnLpMxqk,0.258218,3
mv0ye1t7jIM,0.375597,2
sDDG24kaXdI,0.231156,1
wgaNEqeZFqI,0.188952,22
rC3LfgcUxUM,0.0794,16
_XaApXvHMO8,0.201711,14
yKZbp_Yaow8,0.367802,2
O2umTAXtfCU,0.364526,3
lItNNNTsry0,0.597345,4
h_WGSL3riDI,0.332786,1
CYbsBAm0Csw,0.061997,1
5lqEO9xyt28,0.0,0
dJi6llKTiyg,0.33648,1
OVnwA_RGpWU,0.616849,5
iifCaU8tQ9k,0.258104,1
Lbd-zWv3r6U,0.320747,1
-C5fRs9nn-I,0.331799,16
71vam98vn-I,0.322307,19
yolnkBn8e-w,0.626544,3
oovBzzNEFMo,0.266073,1
YQtdqbhfORY,0.412407,6
8QCuo6lgWls,0.289921,1
VN4huUPvBFw,0.016572,1
GZB0DwNO0uw,0.204344,1
SdqWwn6XeK0,0.05045,4
0MT_1gn-lrk,0.0,0
GwaXOAsFADM,0.120743,2
wxKUCTm9XWc,0.027218,5
7JkK1POkBIE,0.03529,2
SWvXzLkuIyw,0.0,0
Mv0LspNA4pY,0.105876,10
5TF-4IxfmqE,0.154387,15
8-9C66LVdSo,0.0,0
ies8JgLTcFE,0.0,0
4ZoQx9DiW4c,0.0,0
quXw3USnrsE,0.0,0
25-q2NWz2Vo,0.0,0
bmfyZj5D9Us,0.038946,1
CsNHQtzCFJM,0.0,0
YIj5os90kDU,0.0,0
DfptP2lhNmY,0.736098,1
nbWQErnDzZc,0.0,0
JMq-yWY72PQ,0.0,0
ObGo-uv9m3I,0.0,0
sLRuRCpyLm0,0.0,0
r8CK_GshP4A,0.19237,2
tSOmqUnr39w,0.158627,1
JM6TmhAifNc,0.19509,2
sZ3GWoL2mu0,0.213759,1
n_KhiOIhvZI,0.197342,2
ToVR4lW3BuI,0.339086,2
NCnXYrfCAvg,0.199417,2
UT-5SXNdR4E,0.0,0
QnTDk4AQ2VY,0.065272,7
7CQrOTTkl5w,0.087402,2
317nV3hgFYI,0.129102,10
8hDKPsB-MHg,0.052069,1
4Ai_HVvlj84,0.010472,1
ZTHi5AMciqQ,0.069977,6
el8hZcJsqDc,0.0,0
3aupfPrSd1E,0.0,0
NbHBMNL1h5A,0.051576,2
iFE1n7N8NaQ,0.065293,1
MjWjpUbhxsM,0.0,0
ivGSvzzSM2g,0.094309,2
Nao6AJEuPHU,0.253261,2
029hXF08XNs,0.098191,6
v2rHTWOWo1k,0.0,0
kzMecK_P2Ls,0.0,0
Gu3jaiL8nCo,0.0,0
Dbf9InojZDM,0.0,0
-YB7mIDob0g,0.0,0
X1EaN0F98Pc,0.0,0
eH4kPue92jA,0.0,0
EmK7dcc5D84,0.0,0
_C-kGbK7kEM,0.0,0
yJnGd54OBNM,0.0,0
0dkwexatNqc,0.0,0
mmM2JpCdcMQ,0.150942,1
x23M-5Mg7No,0.329141,5
5FvfXGETTOI,0.146021,2
U8MRKTk55DA,0.234736,1
X4FoyR37ndA,0.132559,4
VGPunatTVS8,0.328329,10
6vNS8TyFgk4,0.848197,3
-3QzVS-ohx0,0.241472,10
IrnOTIpGnVQ,0.252912,9
G2134VCrleQ,0.0,0
_JilDwcxRQ8,0.13902,3
ToOV5tMuYKU,0.396025,10
1ndU8JAi4cw,0.267041,2
_buJ0y0iQ6M,0.0,0
3Bmvh0YPynk,0.0,0
n919ePr0ZEo,0.0,0
YUV6vSVpdH4,0.0,0
IQo6dy-T6U4,0.0,0
IehMYyGvnGg,0.14886,2
Vl1c0Rc7c7U,0.410919,5
rnpFiRpgsNs,0.501487,3
IF9DPtYklLQ,0.590663,4
_yP3NFITY90,0.221591,8
iY6pMe0mtQ4,0.099198,20
ZxVBg45ENe0,0.323052,3
P4v3XKA9lkU,0.0,0
gy8wuI7sL04,0.192486,1
ykPykZFFr9A,0.522041,2
1tIVpMtdUhE,0.275363,1
cvt5uY-Zk44,0.432746,2
pkghWO_uG7g,0.225266,1
50yKswfp_oc,0.306312,1
meido5KtyTc,0.278189,1
kMQwGMosKTg,0.128128,1
QxCgc2fgbHw,0.228874,24
ZIePM0oiawY,0.185355,1
Xks6f66l_KY,0.0,0
wrOcvLm6uFE,0.744488,9
h3zElKJ3Q_Y,0.0,0
yqm8VsfZjLM,0.2464,1
EbU4EamtqO0,0.004405,2
0FwjIG7PWRo,0.848283,7
Ylmnv6hFCPM,0.0,0
jXFraDwiOc0,0.06511,4
iIsb035h4FE,0.215943,1
EOHd9DPFAwo,0.273764,4
AkfazSqXQuY,0.111603,4
uzZrDmy7OqA,0.443385,11
TVmgCAERDUY,0.382332,8
7DF5DoDX3vc,0.1468,17
rUlcpYx0S3Q,0.03577,9
K76UD6brUlA,0.106198,6
OiC3im5i32c,0.119939,1
0EP6NkFj2Kg,0.108921,1
zhCveohP8xc,0.161862,5
UxpIy5RsKjo,0.571596,5
3lb2utBWBFw,0.169914,1
rzbGpcNFhGI,0.223414,7
3Qy_X7pTEhw,0.0,0
PYzHddx_Z9w,0.346187,1
cjyxnj9cIwg,0.000723,1
8PKUOGPZWMc,0.0,0
bUAYqFChPYY,0.637745,4
qvA9LH-jCrk,0.11291,1
BEAOSYtP4GM,0.264371,1
CusQlEPPD0A,0.0,0
cfXyPXW2wt8,0.591865,18
uhzLi5RMSDg,0.17634,3
dHO65813dQ4,0.227215,2
5KkofrhZuQ4,0.546552,3
L9XNxaLpezo,0.231257,2
tPMBKlFbTDA,0.250066,2
mDe1ptn_STM,0.401648,4
BusEBV3X7BA,0.458625,6
_PxzLm4r7mo,0.292768,3
EtN4DspcOUs,0.250808,1
yOf77YctpN0,0.434489,2
7RuMAgWa4lg,0.341591,4
lq1ww_Oh_5Y,0.311395,3
3ZuUO_oNPQw,0.362396,2
m9lJhNMmzDo,0.204306,1
n-B6fEEWsYU,0.257708,2
mZpydOph3BI,0.00772,2
KNhWGq7cJUI,0.351846,2
EXs734S9FrQ,0.241071,1
wesrdOhgBKg,0.55343,4
HfmzOTaOfd4,0.413012,2
UZwO1NUaPg4,0.0,0
eE7bSjALUBc,0.050969,1
9lk4iAGVwRA,0.141157,1
HrNm7Mv_jFk,0.112346,1
09omadJ4Hqo,0.019894,3
R31KmMjoSb8,0.031053,2
6SDdpER1PKA,0.293423,3
rD7hGthFyZo,0.0,0
QEoEIR629eM,0.0,0
XsHuKlOrguI,0.0,0
q0CS1bOQxfI,0.036562,1
S2B9SHw3LkY,0.116701,1
VtePqByZ_SM,0.0,0
j_eYOc8U9F4,0.012589,1
WV6EfoRw3qY,0.028356,2
G5Dms_SGNHU,0.051735,5
WtjVlO6m0lA,0.205308,2
YcpJrk5wwGI,0.062821,1
tqfSf9tWUbc,0.0,0
PJJIoUlz_vA,0.048128,1
ZiZHnSK4VAk,0.21028,1
ymMgMdjFoVE,0.21413,4
j9LCpN9gDYk,0.131558,2
75-SkWM26k4,0.30776,1
CNW_7oS3j5s,0.13526,1
y6oXIC4-cv8,0.0,0
_07l_07m6xQ,0.109221,1
bshYHxm0odc,0.02484,1
vPiXDzHo6nQ,0.191255,1
VoyhcGx0kwg,0.15554,5
BpK8ICL6Rik,0.0,0
4ixiMRInQmM,0.0,0
rkIVA00GOh8,0.0,0
SBJb-vxkFps,0.136796,7
WDN_v2OkmeA,0.210024,2
hurWktvwUyo,0.669982,3
OufEc1pHpxc,0.358148,1
-olm-ksCvEM,0.579592,5
Xa9QY5iH7OE,0.216598,2
EKtQYe2kQk0,0.307799,1
186MJ6cjBZI,0.154658,18
m6QtJVOJQYE,0.179774,1
0VDlD0hGWiU,0.231791,2
YWc1pjduPGA,0.203599,1
2rjgirlUt9g,0.027964,1
ZWAlFVb8qQM,0.255536,2
oqg7MOeB84c,0.0,0
JSxwt33tB2Q,0.0,0
W7sujeX-6pY,0.160305,2
yXGZdgc2uXI,0.399065,1
HmKRi6_06Qo,0.443217,2
NgIZrVuIX5A,0.264644,2
Zi_nEZveso8,0.308509,2
MK-BT-Oe1Us,0.278023,2
GD1ZE0sQ-Mk,0.196292,1
i7_Op8_SDwM,0.29913,1
znsqF4fBlhE,0.0,0
TyYh_4J5bZo,0.0,0
UKhPvzdRpbI,0.0,0
quDTtBSmPKc,0.22516,1
AAEaUAgxjvg,0.335323,17
IXZIrvmJECs,0.336442,17
_KuWzXmt1_4,0.22693,1
9b3AOwjzxlc,0.184937,1
IKVIWg5HvbY,0.276419,1
4L7TQs0hFuA,0.220128,1
oDMIEa7VYj0,0.206345,1
RrEzyYHZLNk,0.327217,4
ZgKQGjqPAEw,0.209972,1
d50CIxRk-i4,0.219641,1
bAALQ19eMUE,0.210035,2
u65H_dA7dvM,0.316886,3
ooFSIF5c06w,0.335758,2
QV_U7rTOWjk,0.572319,2
WR_Lm-IFE7U,0.324184,5
8R5s8Pc7t9E,0.543032,11
wMpgmTm5RSI,0.324515,1
MLmTRlrZ1BM,0.281861,1
xIpSrDlNt9A,0.459353,4
IBTbgsVFW0Y,0.262227,1
L-sRAUyrZQ0,0.080554,8
J1QMbAV5eRo,0.13254,2
VgpyGeOzY6M,0.144102,12
419bd2cRqiE,0.086392,7
OU-2qQwBpwY,0.384338,6
GaO6VNxjxM0,0.0,0
fUj0NRr8msw,0.033317,1
fR0Bnf1gGUg,0.224229,7
G4S3gu42NSU,0.006392,2
VNkWezWOBZo,0.0,0
1xFJEOTkB68,0.424498,3
8YMVvzeSMbU,0.72074,6
Vl2ttCGIY8E,0.431328,2
LzHtz7NouJE,0.420957,2
1IPWzYtxkpk,0.344,2
bbfHPhp6Cjg,0.0,0
RrjTRAVzJxc,0.364188,4
2KEPjKT77Uw,0.27077,2
y7C96ik-El8,0.342692,4
IJUUAfEMRQw,0.47617,4
9EWktjAvPFg,0.0,0
NTH69eWTFxs,0.210956,2
gMj2zVJfSek,0.0,0
J1l5EC0edzc,0.0,0
_Cp2O9gkBpo,0.101398,1
z5eryEhlABo,0.244512,1
E5b13bg__IM,0.236262,1
hIPdllLiXK8,0.203861,16
Eom7iN8mkBA,0.461559,8
Kynu_4dS6Sg,0.328063,2
eii44Wvzc0k,0.0,0
8CZLl-AYi2M,0.0,0
KdKNT619bz0,0.0,0
GRcpP_Rmkhg,0.137708,3
vbYfX8OMzHg,0.308636,1
g9YB00MSWBk,0.219668,1
mAUhsvOyCyA,0.204161,1
CH6egjruYmo,0.181729,1
y9SUl9NtLq8,0.159456,1
vLZPFvHdwPw,0.135492,9
FIH77NLgZfc,0.110874,3
-xiOfMMwRSY,0.154936,3
HIxMMVbyY-c,0.158657,11
-BCPTdAsUn8,0.182199,2
JGWFImZGgUw,0.299769,3
pQnLFE6IS8s,0.0,0
2pLK0sfjsXU,0.489278,2
RieciDLBALA,0.255473,4
h85-zDvNG2k,0.060892,7
PWdXSlcCNxE,0.129347,12
JkvLQZLrTH0,0.509594,2
AiKbtkzPa3c,0.465689,3
M7Ju19d7_SI,0.098912,5
fOCSCR9pEQw,0.008466,2
x2iuomgaswE,0.186198,11
k_HlalQdBKA,0.530023,3
2TYT1Tc835g,0.274184,1
GeihafFdb4M,0.379491,3
Kkm9IVm0Ino,0.316221,2
-kxjbg3KK7o,0.211644,4
FtI29DJbbIQ,0.55945,4
KOPJunxj_L8,0.512668,2
zXvJ7OKqC3k,0.275307,2
Oxof219hjIo,0.0,0
noWo1Hv2NJg,0.0,0
lA5wXSVPYbo,0.0,0
kjpsAHb8Xi4,0.287191,2
RJSn3FmcL40,0.247333,3
eKPzFrui-uY,0.379987,12
6EIVg8aZLXE,0.193046,5
81VS9fH95Xw,0.339309,11
b_ptvaR1U_8,0.027078,1
tePvlXHMef8,0.0,0
11WyLu9njas,0.0,0
lrW14A-3z-Y,0.0,0
jAzimNtmBIc,0.0,0
RwmXGWE_wPY,0.0,0
UgRm3I-BB4k,0.0,0
lwjPXZd0Kdk,0.055783,1
HRTKdnEXGCE,0.0,0
Nu7qkj-xqZc,0.0,0
xk60Wow0oO8,0.0,0
wiGrF_BsxfE,0.126849,1
U9T6rdViTPQ,0.190795,1
nv_Yhwnk7Zw,0.158207,1
mGGCP_9JKWg,0.181513,1
fNCxPY0X2vw,0.0,0
ZEO1J4d895Y,0.0,0
DwwM_4NAdqk,0.0,0
PGTKrBD2H9U,0.007899,1
kA791AO4ZEE,0.0,0
GhCoVmUD_do,0.0,0
tgBveNWpgCM,0.0,0
VWrpFeq1ZEM,0.0,0
jA6DhgVcILs,0.0,0
88hV-jPz5XM,0.119475,3
JOZ5SPA21dw,0.0,0
FuBNZmOSxus,0.0,0
boadg6eQA08,0.0,0
AEAKXH6Sxf8,0.086627,4
fZkn5Atww38,0.014172,1
mAqprIZl6bk,0.214196,3
K-vRa6d2hMo,0.107735,1
vvfgOQ80NCo,0.065863,2
f_pnC65BkfU,0.293701,1
HzB3LRAuS4w,0.112637,1
i26qBTriZNU,0.0,0
AnPOla9y98s,0.0,0
HoYjghYL9ho,0.0,0
Xdw8rd1nHNc,0.0,0
7SPKvIyurhk,0.0,0
nnbA2Nm7AuU,0.160711,1
vdZvdUgKhHE,0.222551,4
3DsezYjLS-I,0.247718,6
tNQbuxGabXA,0.259754,2
bMhd2Hm-jIY,0.394937,7
T0AhpCIjhis,0.301185,5
WXE4CQzNCcI,0.238503,1
L4jCT4CDx1Q,0.169971,5
r2C9ICkETNY,0.216733,1
7ZCPzElK0zU,0.475636,2
63T-rDgWR3Y,0.274307,8
1l3h5Dy-0-k,0.336377,19
X-kDTxZPjdg,0.0,0
i08fh8ME9kg,0.099294,1
KrDQ4xHmP7o,0.327072,5
vSJ9XOYRCos,0.102604,2
vu4_zyFahew,0.163212,4
zyPzetrxW8s,0.117656,2
oiDI9uTpmrE,0.114138,11
Zxc8W4w9ATc,0.26566,4
YtjAaMY-UTc,0.077772,4
A4r7NA23TY0,0.096133,4
Cve32KV_7PQ,0.200027,3
eKo4IB-dsME,0.219732,10
RREU3EenkMs,0.205605,3
bgrjsh3lXcQ,0.108488,5
XNPRiQsA7S0,0.111212,2
llbih1KZwjg,0.20193,6
prSufsq1ohE,0.0,0
JORVdvlsGQU,0.121519,1
16fZ2jP-zN0,0.128402,1
WGJXVFwB7co,0.032503,1
SYkpTFwhWu4,0.107268,1
BsztF8GGrjA,0.299084,11
c78EPIZgoI4,0.246487,5
e5BunXo4guA,0.036374,1
FyCQj4vOzvE,0.162743,4
NDoUGZWKI8o,0.118592,1
Kabh-FHOAyo,0.003921,1
LJ4legHHwK8,0.285206,7
enL_OTGRwYU,0.37185,7
xWqr8qeV1qY,0.114693,4
sM8npDJHYkA,0.027356,1
HAL3JLf4vVs,0.618394,4
8rPffPi1glI,0.0,0
ah9NC__dNUU,0.352745,2
Il3ldNxTRS8,0.323854,1
94NLnyU5JGk,0.177705,8
9jpBgKNlWUo,0.211096,17
c980GzFOYrk,0.213181,17
9cLrh9VKKCA,0.247265,24
1_oGk2yrN-U,0.233057,14
i8c3fYiCpTU,0.0,0
h02OGZv9yhA,0.0,0
qtvS1DyryfM,0.0,0
urvGFyfatIE,0.0,0
mnv-y3Tfycs,0.025029,1
SDiYJfCAIUk,0.0,0
YS7kfxIaQH8,0.222148,1
fsViXLttsR0,0.07333,1
ssceveCNHR4,0.299737,1
zcAkY3zkDHc,0.338656,6
i0Giqn_rvaA,0.543083,8
Aj20aPpzE40,0.274478,11
6ksyvbyNUUA,0.169102,3
-1_7FLMlZI8,0.505745,6
jCFOdbe7x_s,0.327656,4
IsPStBQBgJE,0.230875,7
Cyb71rYDv48,0.318273,2
NHdIpR5edfY,0.300114,3
QWNWG2lc6kI,0.0,0
BUPbUsftM2s,0.208187,6
6WdqfIIZGT4,0.335077,8
XAvf3hyJTEU,0.056274,1
uJqU1buDldU,0.115234,2
yU8l8V9VGew,0.124193,1
ObsdeBkalbc,0.20566,3
Ii_jRjzwOJg,0.333099,3
ddazQ9f0MmM,0.342125,2
BJLRv8XVLqs,0.0,0
iBFy9fUIxBo,0.209915,3
eAZwCRfr7h8,0.519213,7
rKhXzakXnxs,0.265399,5
02SfUh9I57Y,0.313131,8
3Uvccoq2Czs,0.145804,2
O1fcYk1to8M,0.221348,10
wj07j28Y11Y,0.213721,10
P3Sd6Qnbwok,0.224647,2
XpgJ6DvjuI8,0.340098,5
YvtcYOdbjYY,0.162477,4
vL0cEZ6fEuE,0.237049,10
qtGPvlhUVGE,0.346241,2
FfdxSeM8V9g,0.232309,1
SWaFVS2s23A,0.222687,1
A3kS5Pkd6QU,0.222563,1
tqiEuf-Mnng,0.236467,14
EUTGv8JWLd8,0.222552,1
NZG6h2BX2ik,0.0,0
0Mx_qanw-xk,0.052262,2
mdAT1B51-DY,0.0,0
3cOXo6XlJLc,0.0,0
XGaVT7KND3E,0.499183,7
nvoZvz2na4c,0.677478,5
9710Elyn7KM,0.787376,5
MtigY9Yv3cc,0.362193,4
N6TC7xwfgLc,0.0,0
lGduPo6KwiM,0.443262,7
f3iGzrb5MwM,0.548156,2
Js6mgwkSPA0,0.280457,6
A6V4b7jq_vI,0.435621,4
--nYQqvVXkk,0.354962,4
vNQJzpx7OxU,0.216482,3
nvAz1GjP2jk,0.176828,2
4K_cVc6KkYI,0.612931,4
Kpr1Db1nZk0,0.244572,3
2LO2_iasFoc,0.188353,1
2LCU2O41JLw,0.28141,6
qMoz7SNhbgI,0.120869,4
9ok8KVjezy0,0.139945,2
iIwKSHv6p9s,0.0,0
-C_wdiEWAK4,0.0,0
umDM3Kgw6GI,0.0,0
rEYPtCp5ZE8,0.0,0
Ow0gGg1aBKA,0.0,0
h0QWZQ6A9aY,0.099537,2
VRqxrRnPz80,0.158993,1
XdVKPcIJU50,0.171209,1
2OpWo-A2iok,0.0,0
n-jsb0PtC9k,0.151233,1
1h04Ujpo89U,0.172633,2
PCKDEVwmZJc,0.0,0
gTDfen7TL4U,0.0,0
2f0tLEh8Smk,0.244912,7
LjYd7Z7R6yg,0.025521,3
SvpFjGVuj9c,0.037505,5
maUMHs0qLEg,0.078904,1
E4X7-pYN9bE,0.369226,5
M5lyAjne6aM,0.090119,1
dkv0gc_OmMc,0.429835,12
nPIKMPOyIIM,0.375961,9
1tTcRikNEng,0.426963,2
CXD1Lm_4IWg,0.607167,4
mhR9QjY2u4Q,0.304887,3
q5EFkqK4dlQ,0.543328,4
tEUZlWgw0DQ,0.524324,3
lmcgE_g3Jyw,0.58064,2
DTWjlSyyr4g,0.166622,2
TiBtM5qXGoE,0.615113,3
nRABbojwkWg,0.395388,2
MBgeWN0QbyY,0.041006,1
MTrKtzYG5_A,0.285284,2
CT8xDr3jMrU,0.0,0
IBje8YCoxrs,0.152803,1
SAQExK5SFxI,0.150532,1
hRArRv3IOFs,0.170489,1
IEURX1xKR3I,0.309191,3
3dQQ2Q-J6GY,0.433117,3
ZyI5ci52A3g,0.169553,2
JJG9YIyFk-Q,0.225111,3
Ar5YCZaCQHY,0.09955,1
X_CARBq9lWc,0.424718,11
tRn0BDJ8I2A,0.175413,3
kyt-eEdElgA,0.093167,1
TRxbWPCCfVU,0.117849,2
x642K-8037Q,0.110067,1
HGrCgUToKCM,0.079945,3
Ny-mDW03Ai8,0.063823,2
aK78kxryh6w,0.092088,4
UuiVPOYTx60,0.218484,2
Nd6F4Y0FCTI,0.003728,3
tPvzhnwc_Ig,0.46084,3
PozHJbWzDug,0.315418,1
5IqhF3BAQZg,0.687256,3
32YJFdO4e1c,0.709498,4
EItjgHdbilA,0.629039,2
UCiaEdlJ1y8,0.795228,2
U-3aeCcFqOE,0.363617,4
5lKxykfUQfA,0.872873,2
NOr4VNtOO_0,0.330136,1
7zwTmp8LBTg,0.285237,1
r7C6D_pHv8A,0.50501,2
nmJFxQQeFT0,0.454429,3
y6m0z3ajOA8,0.321225,15
Ek09No6ZxJs,0.34768,4
Fn-IPfxE5HU,0.615753,1
NuMwQg8yELQ,0.479117,2
4AxivHK8jHU,0.213039,6
Oyj0_sKslY8,0.51638,2
CODkNi-yBO0,0.187069,2
rdg0ieCOnaA,0.043301,1
v4vrr5OfR2k,0.090109,2
AhD-bB1oADM,0.004608,1
qjRgExSY93I,0.0,0
xm_pd1udpcE,0.332056,13
PQ0s489p8zM,0.0,0
uXCS8Se2yaE,0.0,0
Q0G5KTtPb-s,0.187788,2
YPLFW7QbQQQ,0.0,0
th33dlWF3FM,0.0,0
roRc3JHfucM,0.0,0
YUFCJarzWJw,0.335017,12
UnqJytzSzPE,0.630594,4
53ElAGpRQEI,0.177178,9
fe9i-NBOa3Q,0.240633,12
Lbb0E7e2g1E,0.240716,3
GFn8a1O8BNQ,0.292877,3
OtBHXcod0sQ,0.287174,2
vSatuJ99PHk,0.133658,4
7FJhBkk91_E,0.079641,1
_ZLxiPOSmaM,0.09275,1
eq2MN2MWphs,0.155133,1
4TIUQggazVw,0.161837,2
cwN9vMNY1q4,0.393407,2
r3eBZ73uzmQ,0.66907,5
rRO0eCY1eis,0.306229,6
EKAKu235sw0,0.548113,1
HwiP-1O0RDg,0.366593,3
q4tKOT81qhU,0.03112,5
5VlbTCjA5ks,0.0,0
66XlJwu45Us,0.0,0
091SWONRg-U,0.284002,1
0qLOHQ3-syA,0.0,0
m0l6YGIYI9I,0.0,0
xKT5GmXYJfM,0.379898,1
FoVYXylTIJY,0.230493,1
WPqQ6x5_nrA,0.232704,1
RjDGQCj5ucA,0.0,0
sFJOCJ_J7DI,0.172678,1
H35YXFYpCsQ,0.223936,1
2jiX1kJKl98,0.227742,1
0rN0w90L5eo,0.0,0
n70_5nrBGTM,0.22292,1
2NUGuMVzS7k,0.0,0
zgfBN79ggWE,0.246542,1
nLKYdj3l74w,0.454303,7
G030ZoL6HSM,0.169043,1
xNKtd68A2QM,0.006734,9
9beXRqIWiWI,0.118021,1
Pbh6Y532WLE,0.0,0
BALELXv9LQ8,0.0,0
DGhN1A-IO9w,0.084804,1
i20Byg--4iQ,0.098894,2
RvI9shaBr1I,0.347454,2
O-jjgqC2_qc,0.215426,6
9NL0j8-UT4o,0.175893,5
ooLpcNiFXCQ,0.27773,2
P5SkjLbmpbU,0.400142,2
EKwnLp6ts6c,0.115382,8
d1JdKuxEd_U,0.226552,12
jkBY5NNOAeE,0.571312,6
7CYK6Al9raQ,0.340369,24
V9nw4InA_go,0.188972,1
6dCqDDPbd8g,0.066706,22
psAQocD06mE,0.09109,17
17zv0axKAmk,0.155957,11
-kHDcmTZ6qo,0.00782,2
Dfk1_BzTqBE,0.0,0
to3mcPswf5g,0.432642,7
8JzslTJ2y8M,0.18009,2
t97kZDdSiMg,0.402867,3
_sWI5ra0H7s,0.274591,1
Cp0XT74lTNc,0.470454,1
lEQeHPl2-0Q,0.312394,1
0leQ2tMx_IE,0.240838,1
c9ud9I_IPwo,0.080221,1
d1iLzWGagVI,0.429362,2
DhsRomC-nIs,0.468162,4
UPIymEsvX6w,0.369468,5
2Ws193udCUc,0.0,0
afCY2yExOLU,0.179707,1
cybw2-pvqmw,0.222636,3
k21HyhlDbUw,0.338587,1
WmB2KH46uKY,0.308319,10
jJSG0_Eei-M,0.726079,2
Yop6G94UJJw,0.109799,3
TOrbHRbuids,0.125975,3
mGDiik4hlhw,0.188021,7
yiKy4gWjoyk,0.151445,6
nVy2pBFqgyM,0.261403,13
Uota9G0P17E,0.0,0
GPwj77wL87g,0.0,0
8qwYZfQ_2qw,0.043363,1
X-vbT6a63LA,0.088125,1
jUAXO3H6tXQ,0.156609,2
iOPTE-rNMmk,0.814508,3
DEaOOtJG0Xs,0.075873,2
rYh8u95s680,0.0,0
-EcBRe1RaIs,0.000353,1
k2oVbQWcCy8,0.264371,1
5lt7h1V4uZE,0.266966,1
mYJVH5ZvMII,0.327467,5
_R2afqgn_o8,0.0,0
8YwJrqWgBAg,0.004809,1
zfn7vC10ffE,0.0,0
soUo98MTWU8,0.588694,11
XE6egX8h3bo,0.301826,1
Did3YvNkvVQ,0.380731,10
2GH9YuAeqE4,0.126099,1
AYwGOcOOf7g,0.0,0
AE00rH07Gnc,0.172686,1
Igu9xwV8vZU,0.0,0
W89drJpglcQ,0.411578,6
Xi-xtVq4IDg,0.103398,3
TPIgAq9_Wxs,0.216268,1
PRv2FyClhok,0.173918,3
9Ny-865_Rl0,0.231514,4
Z2-VCMyI6-s,0.127442,2
JidaCYuBPbw,0.615487,2
CYo5fto2kiY,0.389504,5
BH0PhStvzck,0.527061,4
cNtJPH1oWOk,0.388989,3
0S4XXeUyk8c,0.239635,16
iZIaUd1MSgs,0.0,0
RYIgMEwLtFA,0.0,0
DkWDH4vKAZU,0.221811,1
ePEwJMC1VMk,0.359812,3
ivzEHYi2wHc,0.078132,2
p7shEQaxVDc,0.297866,4
zN78Hm-Q5Ks,0.162744,3
8veO0_w58rA,0.119406,13
5pkHK-dVP-8,0.011817,3
NrdTU0lByLs,0.0,0
C-Ym0OLYEs4,0.0,0
wnfegxuBdYg,0.135602,26
uWpWSPM5Ly4,0.310936,2
p6EJE7OzWVs,0.367566,5
f91GIh2OFC0,0.124855,2
baNbiAw9E8A,0.619092,3
QuyPS-SYMiE,0.374082,2
Y5sPZrGLTKY,0.0,0
v7GP0T5mdVY,0.520697,2
ng0WD_ydrXw,0.131462,3
_T-vC9tXJMw,0.0,0
o5ELfA4Vid8,0.0,0
3RlrKqp-EPA,0.0,0
aqi_0cjLg0E,0.0,0
69k0lLxlcbQ,0.0,0
8V7vOuCaONw,0.0,0
cRvhFO8t-ag,0.0,0
QWH-baKTRKg,0.025802,5
uM2D38wjEC4,0.0,0
cPmuzzq4ErI,0.0,0
FTrqaoZAFo4,0.0,0
thttj0yFiBA,0.0,0
uKpWQ1-65UM,0.0,0
pyZeonG6XYk,0.000868,4
4eGy5oAj7hg,0.017308,1
C6AAY5DDYb8,0.056002,1
H2bz65cwRHk,0.0,0
gRYJDkm2Cns,0.68361,1
HvihS-BdLio,0.253752,2
hvZcwJjjr7s,0.409683,6
sQE7o549D_I,0.551579,4
j2DsqT8L6x0,0.098264,1
WZGgIWa9aWA,0.159444,3
M_QsAdlRSP4,0.306493,4
vsifS7UIn74,0.421622,4
ntFScl1HzbM,0.517028,4
tUhucGzN4Fs,0.0,0
6wUZn2a0PMw,0.0,0
_-mvuu2LOZM,0.707311,5
DP2bTy0YIQ0,0.693114,5
IRbyyQ4Gk5M,0.228625,2
2lbbiSdoB-o,0.299667,1
s7NnZuVnKnw,0.248967,3
ULAqXD7-P5o,0.042072,12
tqYQQIPbmsk,0.360317,3
EnaS29sRz7E,0.365196,8
AtbcQhBNPLk,0.199747,1
cU44enVwgkA,0.252348,3
wErEM6WhXxg,0.224055,3
pmZBy-z-d5A,0.186149,1
Z-Wdd8PRWRo,0.133358,4
2qWr5RFS-Rg,0.307153,11
3gUsXsscQ90,0.332122,10
G4He1QSM7h0,0.242089,4
rK8t3F9MxpY,0.265716,1
OEDvtDZYIU4,0.168717,5
soYMTyEh9jo,0.320792,1
IDm53lI4Z6I,0.065546,3
1F_9R220UHI,0.247074,1
33E7-DJaqYM,0.267125,1
diRn8D5KLKU,0.0,0
S4zqdBUoe0o,0.533506,3
4kNxi1_umIo,0.369365,2
ijmeYsLmm3k,0.204583,2
-L1-QxKS9fg,0.468762,3
pA_Ce7iWe-o,0.282135,2
3Uqsv-nz0HE,0.0,0
KRS5c4SPix8,0.304574,3
TXko5O09nmA,0.0,0
HCB0jceQjwo,0.0,0
mYJSGjU0hT4,0.199551,10
rwD3wGlWkbc,0.0,0
Lxnkvi3cD3Y,0.0,0
ycuMaElplwU,0.067389,2
YPZBmG7h3YQ,0.25277,2
dWmu9qkADjg,0.236914,3
u1gulmAyWOo,0.336878,1
owm0_8ZBZeA,0.303838,1
A3b-XlXgU1g,0.313205,1
qDTfAK_OlSc,0.314664,1
aStdlFpY5LI,0.314192,1
kwLHtg5uzd0,0.315021,1
XEPA-wxyFCQ,0.302888,1
6DhYbAp2X2k,0.313396,1
7bXQaPLRYNg,0.324456,1
8FnweVEPftY,0.3013,1
u_1W54XHK3E,0.570363,2
f_OK73hTMII,0.059453,1
mNS7o43Ai1g,0.326339,2
wRF66erebGY,0.135066,2
Z_sNzSBoMMA,0.252215,2
cwzUfGkT5u0,0.465422,1
AmiBS8H_N2g,0.300359,1
0x3vp4VDaQU,0.178291,1
ovPrI-AF2PA,0.0325,2
tkUsxXz_w0c,0.436337,5
S8DDKp98MVw,0.250972,34
cXg7TWZ5fYw,0.271678,1
ktozahyCv2U,0.189134,1
Z3dVqoSmC80,0.0,0
ZuFVvGXMCDk,0.0,0
KGLZQY5d1Ss,0.0,0
yw0e9EFODLY,0.0,0
nMwjrIwLjvM,0.0,0
OxAWyrz010A,0.0,0
I8iw6UwOCt4,0.112904,9
V2YFolThgT0,0.15946,35
JYfSZAeem1g,0.0,0
sYySIFYHW0k,0.150878,9
63ZbfHVrLZs,0.215693,13
17Upfk6Kla8,0.0,0
6pIr0PTMKUQ,0.0,0
QlD9eY6vG1Y,0.0,0
lfD0mM0Wavg,0.0,0
ptbbyS-TNRk,0.0,0
KuQfSkF0ajk,0.0,0
jY4rTF0LSDE,0.0,0
iRaZ-7pBsok,0.0,0
nOR0q0e7ei8,0.0,0
7AO4f4j-rfo,0.0,0
1wUVb94Yus4,0.277185,2
H5OKfwl8Lx8,0.0,0
RG6C2wHwAI0,0.140735,1
T5mQHAVmF7k,0.292252,2
TKhLNx5pGtM,0.38992,2
P0NK1RroCqM,0.455873,20
pikgCOEeApk,0.418234,3
jYTgCOBa8ws,0.286618,2
u93nFc1QcMQ,0.172862,1
lxB-r1fSaQA,0.352859,2
GPeIGcwNUGk,0.339113,5
qP0olgBorbA,0.340563,2
jIGmsNHbMe8,0.510738,4
tDNDhBxcfJ0,0.663829,2
gB-6QybpzJU,0.31891,5
wVekKaxp8vQ,0.242287,1
3ZYxwDaJ6GU,0.089638,1
nRNwa5cR5zU,0.425091,16
kVEL56DRK-4,0.149416,1
L_MVYV9oBV0,0.37092,1
sLQ035DWxHA,0.113062,4
Yz7IA6F1STk,0.461904,5
ek_oiN2gHQs,0.560233,9
uJMlnhArrOA,0.422216,7
FX5K7KmUJGg,0.421458,6
XqmvLq1r11g,0.185907,1
0r1nKRuQ9pg,0.712333,5
ZjQqY2xJWBY,0.0,0
PuKqE12pQNA,0.0,0
qFY2xQPzjyk,0.042544,1
9cHNBtRof2Y,0.154856,23
9tW1rxtt7ww,0.184956,2
UM94zr-4_Hg,0.140867,2
6rPhE5ibszA,0.162263,2
chFvvjdcK_4,0.164819,11
eQGUCQRBWTA,0.141817,1
x5u8OwJCaz4,0.22255,2
mEGmq0INZrI,0.303096,5
JhvOMSHkCgg,0.0,0
7EetGmtM0Lg,0.104441,2
kel27q6lmNc,0.549027,3
ghRARJDY0Ns,0.248977,5
l_QT3pFQKBA,0.166247,2
MscLMMlaOUo,0.132638,2
7Ts8UW7SSRY,0.29554,4
Nw30zR3vBmE,0.67821,4
SUXrUpqdyGk,0.540429,2
F-Xm3-0uCbU,0.196441,12
1j3wh-wpVas,0.578901,3
vU45m5SYypM,0.175365,1
jFrzxn8xm4M,0.689647,2
Mtf15gRxUm4,0.472803,1
u0trH0MupWM,0.618627,3
aBVRoujxe_Q,0.852804,6
FHJJfQ1uQ9s,0.372403,1
Qz8or_CE7yI,0.0,0
6UEpR1XdFck,0.0,0
UTujzYOReaM,0.0,0
aDozHAnZEPE,0.0,0
b2ZqZdIbE2w,0.0,0
O6UIajBOQbg,0.0,0
SK8WMHpQEYs,0.0,0
wR9_KUQ7jJU,0.0,0
TOarQ2Vd2o4,0.542798,2
x6mTXEH2ZmM,0.322078,6
Hrm46mkgN2g,0.252318,3
_cu9SJGp4A0,0.230974,2
jbjyr9HOheo,0.442641,9
ySdKWaYt99o,0.380068,4
k3n3qqaLz9A,0.192844,4
DojOLOdZWC4,0.437339,2
JPgafHjbPss,0.425093,5
27gMQ-ypLvs,0.594572,3
4n_JeAjwOJ4,0.13599,1
46eycq5IJ-Q,0.200954,1
xeSw0JRQRS8,0.21907,1
BKPVI6PUUGs,0.203701,1
94AxMwMCgZI,0.203372,1
u6xN7OxnDL0,0.203697,1
R2YA3F1Xr8w,0.207052,1
OJioNHyA0ZE,0.106494,1
Ti1tp865z3w,0.219354,1
y1ITEpETaWM,0.178624,1
G0hAco-cu_M,0.010915,1
sX5_lfF8mZI,0.429124,3
44e1Hs1VDAc,0.709094,6
lClH2GkYl2w,0.231796,3
eHXFBFv-KIg,0.082373,2
jtIV4mIY_D4,0.0,0
_hF1sCQ9W6k,0.0,0
ezq97RA6DDk,0.217279,2
9t0vJxHiolU,0.0,0
IX22pwqWF2o,0.0,0
LJ1DBiXZ6jo,0.175947,10
l7qI1U6KZcw,0.047244,1
aG7qUvxitvs,0.173168,2
udp5kUZisKw,0.0,0
9L9mbM3BkpA,0.021522,1
5jmz5M4pP3c,0.0,0
z4ZmxW5XSLk,0.0,0
4XEsQiWivwA,0.0,0
lvoxeJkSyqg,0.032703,5
_jxKcxzFGa4,0.0,0
v00bFVrCwlY,0.0,0
5PoQbsP6NGM,0.27128,7
Ww2QjU_zo8M,0.298388,3
YJvVGN59fFs,0.546569,4
VGFCiDfA5_c,0.0,0
JQ_SZ08NdgM,0.0,0
mAxE1t2FNYM,0.101583,16
udMBvu4026Q,0.363378,2
_3Ktj3_8G6w,0.107664,4
l8fRAUvvJjc,0.003685,2
9YiF4QcYb_k,0.183376,1
M3B-PaNZ8tg,0.318678,2
9-YuKEa9urs,0.0,0
uVFeVQwsLjs,0.002826,1
bm-HGXuuAB8,0.0,0
xpGkZqys0nU,0.48142,9
w9-tHbjXVug,0.0,0
SHVsyAjEsTs,0.0,0
MBTUi_EZJ-A,0.0,0
Bc7kwv4_Kqc,0.35334,3
tBTsl-_OHXs,0.182859,1
d6OOtrtAzvo,0.108293,1
LN2RsgGeRTs,0.160354,2
754CWRC6548,0.136619,1
FldHME7wSEM,0.701446,2
2FRjyVVYS_U,0.262631,2
QWWXWvIrbiM,0.293606,4
nUEc9mfAu7M,0.679107,7
9X5gvYIy2gQ,0.692524,7
DSiIX8VeCdk,0.472807,5
Xa7Et84-VIs,0.572512,9
CPSwZlchLHI,0.488692,10
z-BEYmQ46R8,0.308714,13
RdU7DKT216Q,0.417527,4
IRGC7d6ecr0,0.641508,3
YJcVWnfTS6w,0.046385,1
d2wpKxmp3X4,0.210226,1
XjxzOxNP124,0.351428,1
70ZJ4pKieXc,0.569281,11
j2x2A7tLV0s,0.0,0
d0UDmCnbpqA,0.302556,2
D7GRuhgs_bw,0.29999,2
t8SKIu54tiQ,0.4926,2
-10dTzJKfhA,0.395979,7
almvzVC_RWY,0.345743,3
ERl1TWVI_q0,0.348778,3
NajOTD0Jyc4,0.317887,5
dRxreQmdFfk,0.164116,1
ido2YVLsf7w,0.19117,2
1RszSETemwg,0.320117,18
97DEaKPcYCA,0.158409,10
60Jpq3zYXKY,0.325264,22
GBe01KuYVnk,0.153584,16
xwRBVMq8hG8,0.230296,8
73J8rv1CCW0,0.162174,1
ycK9QXPoN6w,0.200186,12
maDYXIXs3pU,0.237477,12
ui9vMptqSdg,0.140805,1
CDKeOk-J3NI,0.301132,15
Eys2JAHPo08,0.240998,4
SmYPfSpmW04,0.124869,1
MyEZBHAFolw,0.154752,5
n1axIQwVuK0,0.136443,5
9j3SRfuXkxA,0.146726,16
s829hrzNkRs,0.389952,7
OdPbrNSuRGA,0.0,0
zThW-Td8zc0,0.301498,4
1E070kbPSxo,0.447976,2
JLcSK4L9PWE,0.0,0
GVliJG-SEBY,0.295807,1
sj3QjSsyGIE,0.478036,2
HlG-71d_oI8,0.0,0
h8cXaaMFbTU,0.254311,2
yIesqa3lIhk,0.507704,4
AREqO78EpeM,0.0,0
w0yJk3yS_a4,0.0,0
3OMvTZvzv_E,0.0,0
CpbcpS3rIds,0.0,0
GRCrFb9MSHA,0.133739,1
u1yynq8b4QY,0.0,0
9YW2WxPGxOc,0.04158,13
uXiEjYrnY3U,0.0,0
rm24AIkotYU,0.0,0
9rQy8l11CO0,0.028581,1
xtdTkNH8meQ,0.023708,1
O5JWSVwoZYc,0.0,0
P9tqwGONxpg,0.0,0
3Phem0ZoHII,0.010318,1
fdg8qeL5TSQ,0.343888,1
fgetRbPokL0,0.296648,3
LZ1annr9PP0,0.340576,5
7r9ESJ92JPY,0.474076,9
8JbJUPsmLvY,0.23211,2
l2wVO8oHQrI,0.402391,7
uGbkOC09V0Q,0.373825,4
OmXPqXwfYno,0.0,0
OyTSbHvAfdQ,0.081453,1
Zye_gzAu9PU,0.082436,1
aj1DhqesM78,0.061024,1
yIomyKPio1Y,0.156395,3
lD6VaIkizBA,0.088223,1
wVxN4nG36Yk,0.098993,1
UmJsCSOR7uE,0.335785,11
tRlPEvOqb1M,0.0,0
EcJBvAxNJRE,0.123088,1
HztZarBMcqI,0.135244,1
YTG9y0Gcyjg,0.052837,1
SsXkDLuDvCI,0.170584,12
YdxrePRy3wg,0.174273,1
bzLeWn9WPwU,0.112627,9
dLUzbOgkk9w,0.13364,4
tf3uD0MirCY,0.063647,1
JvuAd5ZEbmU,0.343932,7
bXw8erHQVmA,0.159566,1
UA2fDWj26Tg,0.0,0
Tfew5QnFPW0,0.0,0
2UE6IG-lmSw,0.0,0
LKxHKQdvvhI,0.068982,1
XASuXLItCs4,0.012021,3
lMV3UgXs5ag,0.0,0
Qx1alG6ASp8,0.215135,1
lkTLx9eKu1k,0.116178,9
bemFZD9F8ow,0.082006,3
2f1Ue8WE2UI,0.110021,4
E74Ca6UT7kM,0.18943,6
QMj8Jgh6aPc,0.235609,4
Jx1xzL0FUGM,0.0,0
79VRfRZdzQ0,0.39487,1
gl8j0Q1Z-vg,0.435282,7
MnVr2hU-7e8,0.087476,4
Pl_S3ZMXkq0,0.397765,2
X4n3TIFUSXM,0.291184,12
E3Ccrkc5P-g,0.116691,1
V080WViuML0,0.284608,5
pyTgcHCrEQs,0.055374,2
y5-7KOBdG_E,0.386146,5
SEQJXveaMLI,0.375145,2
9awmWFaFfFY,0.444358,1
D2nWkvduaf4,0.404404,2
3XNmsBdnHQQ,0.083721,1
f-kziwgVr0Q,0.221314,2
ZGkncDUQNlo,0.418617,1
4xJIShUIvyc,0.291553,17
lz_KryBw31w,0.513776,4
PKz4HMV0n2I,0.245781,2
UQMXIkdm7-A,0.031096,6
ngdCyo-V4pM,0.114158,6
dTyqWzLZwlg,0.176236,2
G8Sy0OSO5uk,0.175572,1
epIOlllbZ8A,0.085897,1
b49AbYg7iDU,0.115181,7
6r4312qreYc,0.101618,6
1KIIS1hTT1I,0.085907,4
HV1MkLxt3sI,0.078356,5
xVdEhiUjKMc,0.089433,6
UmDlrYVz7gg,0.089044,6
S_epDAL8HeU,0.093866,5
3iHqh2n5j2U,0.104116,5
FD31Ci6816w,0.062872,15
QnWDorJOkic,0.194019,1
lNqlLE48IyU,0.192987,1
wUTbIgcp4pU,0.19309,1
_CWvwYbKe2c,0.178816,1
stG2nUdpxJU,0.052913,1
WcOLByokbMI,0.249957,7
Jm1zv1-D29k,0.0,0
fw0dvmKiwDQ,0.0,0
Wzvd6DUSZY8,0.227807,8
osE570KFXLE,0.261784,1
aUU1uy9XQHQ,0.144051,1
5G-T_vOarkI,0.343051,3
Dg4jsix8Qso,0.137072,1
DrUZqTLOOCU,0.601913,6
8oBXv9xvA54,0.482776,7
P-umVwqLJDk,0.299539,5
Mn74b_5WfP0,0.381711,2
-HN3tVn22LY,0.219307,2
V7zarcWTG7k,0.475602,11
aINDIgnnv4A,0.113887,2
vsUmcj9e7f0,0.214028,2
513kUooBRcw,0.284047,1
PJGBjuoEkP0,0.198305,3
1N5rW7VNmVs,0.216012,3
EAgtk9Jx0u4,0.416118,2
g3TdGz_-6Uk,0.215503,9
m0ehoOur1KM,0.076396,1
zIO778_Dwdw,0.197716,3
Hp0jLOi3jlg,0.314711,4
EiBr_-5FE7U,0.22395,2
nngC-N6LsSE,0.299153,2
_r3BQ2--Q-E,0.14045,17
Vtdrj_-Y0m4,0.077067,15
RpqKn3709ac,0.143594,22
liBjlYpjYuA,0.169629,24
UfBn2CZJj_s,0.093249,15
vAl6u-_Kwvc,0.0,0
gnrPX56FqnE,0.029646,5
u6TcgQajbh4,0.01391,2
sOyKNqr_OTc,0.165819,1
svuQnF7-JFU,0.166262,1
WTjaU7ZxNB0,0.165796,1
t2OiYoWL9p8,0.165763,1
YVcyOgeiPSQ,0.165769,1
nI_0PGcbRfA,0.165854,1
vMYaYRMaW9s,0.165825,1
wdpea57QCwg,0.165804,1
pML3obIGYyc,0.0,0
oeFc5zPX9uk,0.0,0
TzVyXdfZBIg,0.0,0
NJYZZLgKzIs,0.0,0
rUjQA1oDL6c,0.0,0
q1Bv2HJ5UME,0.0,0
j1ZZ4NhsTlE,0.0,0
UUUstPmpWak,0.0,0
ZpXsNwYM0kk,0.0,0
4R369_272mA,0.0,0
K9y5Hui1ljs,0.04245,2
bKM1LC23jlc,0.027172,1
S0rdTzgd-os,0.027172,1
ZeFiSqr_X7Q,0.053543,2
ih-O_O31MYM,0.221393,4
c5NrndxENr8,0.046488,1
CVcc25muFpI,0.059406,1
DlNnKbaQtak,0.059406,1
KVUb__WHw7o,0.0,0
v0PUP-RXWZg,0.0,0
M59YwerNMr8,0.0,0
6W8mRjERsKo,0.180294,6
NFpvt02RJZQ,0.623588,21
Cxh7KykjOY8,0.159187,13
H_2wau5fHrk,0.226796,7
bBe4ga0jFVM,0.221879,19
dsbdehqClEE,0.688522,10
QthuEAOuAo4,0.325254,2
_Kozm7vg_Zg,0.106631,16
0xkvM5MnbCc,0.0,0
Fv0mWP0TWqs,0.251602,8
3knjv_2IW3k,0.290946,1
rj_NtSYHCcA,0.30812,2
4j6NA-wNYfE,0.228207,1
ZzFfll-gAl0,0.549049,1
QelWPPzpdAs,0.32184,2
3fCFkaewfBU,0.0,0
awXc6ZxEuwQ,0.268468,2
k5uHoOMshXw,0.229406,3
eOxqOXj-xXo,0.521822,2
ZQ7XRNtnQOM,0.314316,3
5c66Vi4dIAM,0.21248,2
UYLkAXnKeH0,0.103703,15
ifI1g7u4TH0,0.368796,2
xLu77MJ5kt4,0.346199,3
DWOph1Y6A-c,0.208281,1
jQmt-rEEtac,0.240099,9
cooUAkF8TvM,0.28115,2
RQiRxfPB-2w,0.173178,2
x3hx5_3jD5s,0.0,0
5dTOQakkPJM,0.110082,1
CX4Zhd3ZKKE,0.0,0
Ezo_bbVSCcE,0.0,0
5gWlxdYtdAY,0.0,0
fAAlxGJ6Mvg,0.461263,4
BonHTn4ApSs,0.0,0
K2ro-AIC_4A,0.0,0
33pk0xf9LD0,0.0,0
2vHqWvPn-0w,0.0,0
Xr7pRotT3Do,0.0,0
fo1oT5jfsEk,0.315305,2
dYZG0j8vSU0,0.0,0
SKsHU9b8lPA,0.097345,3
vBwr8RPNjtg,0.080649,16
ingn42QooxI,0.06867,7
UjvA3VEMTks,0.013001,4
6FV5TZ32cEc,0.0,0
Cr7QPvgpd0s,0.113036,1
SRyVEGlAeSo,0.348938,1
OCHBl_ZnHNI,0.694188,6
CwVU9ukOT-8,0.298209,3
OBHLQ6oNDSI,0.247701,4
jEqnsZYqQzY,0.186619,3
KJBghKg4_iI,0.161748,7
KIvGZrl_ym0,0.319275,9
9V0V1dB7QXE,0.133696,4
4Cex9GJeoTI,0.185812,4
0-Ti23B-gno,0.201271,15
iLLHXcjIatQ,0.0,0
w8RZo0d15wA,0.0,0
1v2OsLOXFI4,0.115251,5
4qM69WTjELU,0.216878,5
jb4I8c5yxwk,0.117906,6
_dTixQ9TTrY,0.486086,5
VG_82ZNTNi0,0.485138,5
JNlelcePaQg,0.0,0
v1foIUvCc8c,0.27241,4
JEVadBMK7Jc,0.570648,6
9vWin8n-J2U,0.488333,7
EjhY2uUDuCU,0.620429,17
bMiq9RBx8lU,0.001711,1
RJWhWspycus,0.177356,2
E3hLNJcW9m4,0.167905,2
jk0reAZBOt4,0.224505,3
gCjt8Q_YQg0,0.146556,1
nH_DiQMO94I,0.0,0
6_SLlxr4TIU,0.191793,2
7Te3ooXcKZE,0.0,0
izhLxd-TzNg,0.0,0
DTl-KZpMEqI,0.164612,1
tDecn3t5rWs,0.058877,2
TGZoeOOK9CA,0.240961,2
whdkUkeuAec,0.250347,3
_0fqECzZueE,0.115723,2
Fg4Jkf8r49s,0.30912,10
1JaEEWop0W8,0.062061,6
mRIkr8ezFQM,0.204749,6
8EKOQS7SMJk,0.280151,4
u07QbYT1d_o,0.264271,1
6iPGdvRpqCc,0.392041,11
S11TAoJqyaQ,0.233893,1
8JOy2Av8DlQ,0.335732,15
x-BguHAJk74,0.102815,4
OvgJ1myC_JQ,0.0,0
vFvDn5cU0gc,0.227632,4
FtXwLTZaE3M,0.193646,1
9NGMrKNNZxU,0.31705,3
E49wrO-wvzo,0.154387,1
svs_crMJU2M,0.019145,3
cKd1SQc7UZQ,0.114412,1
dQZ0fj05yaY,0.171332,1
PQm9jForqSI,0.108768,1
Br1DwFDw0vQ,0.492152,6
kcuXq1Xq2Yw,0.590417,6
jKcHLP_cqNg,0.496487,11
qMmjJcGlUaY,0.436603,3
qHjOHT_m3zs,0.380641,3
VvUNH3varhE,0.417755,14
GXYeSNqrrGs,0.21675,14
K3dlMvzgm9Q,0.628043,3
XgJBZvHm0cE,0.712274,3
5CXdqWJIXZY,0.202389,2
hMIxhpzrbxY,0.278937,2
a95L9K2-EYA,0.179926,1
KaJKt8jtH-c,0.0,0
NLb2ClX3Epk,0.312896,1
wjpmq7BMDvk,0.290241,1
QeD8s8e2sqY,0.054552,8
o5GhDCBj3wY,0.260486,5
VnooiKI2O0I,0.077375,1
GKlVo9n2cWA,0.0,0
EbCHdKtiNAE,0.790475,2
tB8rYH6OXRI,0.159595,1
jyskXE2adHI,0.069676,7
FuUgK33E4v8,0.495654,17
YYfEyjxqkv8,0.103617,12
1Q9PzgCTIsE,0.173084,1
_eEbfh39eFw,0.193717,15
S7vKy6qVlrs,0.048006,2
ayCQOuwE-sM,0.475955,16
7Z8nWnsst-o,0.294851,3
WU-pLQOJ6R0,0.401006,8
3y0Oqxt81Ak,0.133978,3
O29dGIjpfZI,0.343339,2
jYDbMyWIglo,0.234249,4
jmBWpMSUgpE,0.153524,3
hyxuaIrFdus,0.24958,4
4rCk_wvgmqI,0.21934,2
BvbuNob4VHA,0.0,0
Fuv3pQFI31g,0.0,0
MFVZMUJ1T3s,0.068461,1
Zcrs0urwlFs,0.0,0
BAkkh19ScOw,0.0,0
omvGSrog-mo,0.272002,2
2cO9dm0v0cY,0.055596,2
RwG98BFFiok,0.523974,3
FfdH8XHvgw0,0.0,0
cuvWmCP4CnQ,0.415654,3
eoWAWxmX6d8,0.291867,3
24Cd-8uZiJk,0.679253,3
dnDdByOaQmE,0.016713,1
fkfoW1Dyheg,0.269051,1
2UNTTl1IlGM,0.276425,3
NK5ZIlTkIVQ,0.060559,3
n6jOVeOAAN0,0.175563,1
_qM2rl5wbN0,0.063395,2
6Ze3Yz0t2r8,0.110151,9
AtmRP5PJTMI,0.239837,6
nQGsORo7swQ,0.052471,1
c49DcKo2W1o,0.234409,1
iofEsSr2_Xs,0.879079,4
XwMl1AyKCgo,0.200342,4
deQ5o4FJbQA,0.143942,2
-Ln8aXH9eEc,0.0,0
24KCVwT5Lj0,0.262093,3
ni-uHOgn5Es,0.797017,4
_QGWxHNLqS8,0.330777,4
ZrfeDHPF1UM,0.371865,4
0z3rzWI0MDs,0.302607,2
oblGUnoxjHo,0.46876,1
QDCUWPniE9I,0.473898,5
OeRmK_4sk9E,0.0,0
Fpb0UpWGdQY,0.117423,18
LDN9zuzahNc,0.279916,2
a-B6mXct4Cc,0.072616,1
KMcuA0F675s,0.396606,2
sCsQc2ipzCg,0.425824,5
lAt4gXT0t3I,0.437228,2
ykitzIkEFcA,0.457729,5
w5bjALejpq8,0.443656,2
KJ-TUn6pF1Q,0.453873,2
N6vcmZq2ZiU,0.19788,3
W4T60dDDzgk,0.158051,5
ZLcb9fyt1d4,0.528084,6
nSOWMHuSmdI,0.32356,2
cnpPSzVPcGU,0.10956,4
bW5C1TnMFDY,0.210896,14
pNy7fcZGBcs,0.195047,3
emTD9nRUjkk,0.212764,1
sIoJFFGpyuU,0.18164,2
pYz3zqSyDw0,0.173941,3
ou-dCXoyBU8,0.452734,2
vqPZqA-fSUA,0.29411,2
duNyajGCAsg,0.345859,2
SMRmuKuschY,0.137831,5
tZVy1iE8kwk,0.311385,3
Vh0RgqpeBT0,0.380424,3
Ip3i4FVRTig,0.313534,3
yd0QZlHst9E,0.257622,2
Khbiwis7DjE,0.472285,8
9zxS3vNmoVs,0.081939,1
f92RrfuxuO8,0.661365,9
KhElpx9hH70,0.0,0
prKNkcBIWU8,0.321058,2
lRk9kwVIXKg,0.473234,3
VwCqHiUT7Rc,0.275334,1
2URzwrUEjtw,0.310085,6
P5CT1_l2h0E,0.3833,17
c_BZCAwQhpU,0.14593,16
b5VeqB0aqec,0.131352,8
aujbutc08Eg,0.156096,9
8sTqTPrarCM,0.331303,24
o2JsUejJOKE,0.204673,11
P6DEnmaodME,0.147068,7
isWLv0j3Y_o,0.192595,3
1IL1z1W-FCs,0.323672,2
awx3oZoJwAc,0.0,0
_trt4ClogXI,0.0,0
AMbOW1S-Ajw,0.447645,2
LvK3TZB_XYM,0.583872,3
jEkZPRIwz_k,0.528684,2
0jE5zdC_wVg,0.040941,1
SMV0KEDcMZU,0.218568,1
wP9CizLiilM,0.053831,1
OKnxt_4kpKY,0.212395,1
4ppaLBtC9CE,0.202611,1
v2l0YA676ZY,0.166353,1
OiwfKctVVOo,0.190509,1
yjquFz5e2_g,0.193291,1
Hoh2EDHU1dg,0.212293,1
ZA3mKgcu0rs,0.20393,1
s7UaQbAMsFw,0.166443,1
_Zf_YssuqrU,0.190971,1
AItqf5_zmGM,0.19475,1
qpKj0XDigEk,0.186977,11
ElJP2_OqRWs,0.184036,5
QEX1uAjc66U,0.199154,1
1yZjIqJSexA,0.334505,5
zxQytWXTS5c,0.672121,3
8mx7eIWcHH0,0.453557,1
4G8hduWVdWA,0.605652,2
dru-HRKTQVo,0.145263,4
LxM07KucAyQ,0.093077,1
mD2NxxLT7ZM,0.136622,2
o1W2EoccKc8,0.14363,1
R3kmimCYlpA,0.012256,2
EBPiqJh4odQ,0.156477,2
HfsgFq4xmIs,0.123808,1
Vt2wtT7a1qs,0.105033,1
Xz4mlKRefKA,0.140326,1
pf0Q3TygP9Q,0.085034,1
vjsTKmP_ZIY,0.035244,2
w8FZa9YzmYM,0.091403,2
6_7W2Wyldsg,0.098895,3
8yemnzoIkHs,0.632268,8
0aOxFxF8c8Q,0.165992,1
jVELTG8NdqQ,0.110352,2
vACWjnkweHk,0.295388,2
el1IGH1Qrxs,0.481226,2
_R5Xj3kG7ow,0.087345,1
jXrCYx6vbK0,0.234576,1
shbA2e5tZNA,0.238277,11
HImPMXkUvgg,0.363276,13
nq-p-VzhtZE,0.216746,7
HcYMVcw6uvs,0.336491,3
XXDgu5L8ZJc,0.132324,1
FP1U_9Hhccs,0.0,0
6P7xpX3uKEA,0.533502,15
pXJQCKj6eh0,0.118954,7
E-ESSiIZwVg,0.0,0
o5i-Rxl_UzA,0.251096,2
pBvPKwK3LkI,0.33749,3
1g1f5uQFmGk,0.223713,2
fhkScmNLwSs,0.412209,6
RrFHct6vJgA,0.240614,5
4LxCZUenIM0,0.433698,1
8nhEPitREG0,0.153912,3
oqh0-Leo36E,0.290512,2
ngbNAv6a2Ek,0.141191,1
4YAHASbKfL4,0.232221,1
g_6WlzMl_QI,0.252271,1
BAzEcAZXcGs,0.74587,4
U3_0cDmApj8,0.0,0
8k338ZOM5Kc,0.042222,1
2QiabFEtHWs,0.0,0
J5XU37hcocA,0.013278,1
dt6LRI3cPJA,0.0,0
5ZGndbl9JCo,0.0,0
UhszI29e_Ic,0.005847,1
dU8FmNWUgLE,0.290408,2
rHMc38hz3-A,0.268573,2
RRxmbvJ6j7k,0.203717,1
ShOwtqPW5vo,0.277971,2
b4vbDNfLRGQ,0.214789,1
NeMN2UWEqOc,0.353972,3
xorK0zQK4hQ,0.250583,1
FAbv_RjaBvY,0.147697,1
Su9kZTRpZ_Q,0.141933,1
PB4tbc32JQ4,0.402357,2
CuNWtOfRArw,0.0,0
dS2dktPO27U,0.0,0
Jv5pE-Up5o8,0.0,0
V9zrD4vIZBI,0.0,0
ztBKhGAul9Y,0.0,0
_dE4GqauOUA,0.0,0
r4fQl_5cqWE,0.0,0
VJtZkTbSEGI,0.05761,1
-dhbC7j8pmI,0.045323,1
H7rMsfjq_lc,0.108458,2
19m1eVifcpY,0.310561,2
46HxwYUZ5rU,0.021885,1
xK7cwB1wGjU,0.308747,3
huhqQFTdwhs,0.147525,1
PsQf56VNh_o,0.398784,3
_eORmuXWq7g,0.236276,3
KTtZYq64wzo,0.101989,1
h3DhoUHB0G4,0.276309,2
