video_id,text_color_entropy,text_color_saturation,text_color_brightness,text_color_hue_std,bg_color_entropy,text_bg_entropy_diff,text_bg_saturation_diff
C7c1tjPipnc,3.5431,163.3,115.99,36.95,3.3109,0.2322,53.17
RDUrzF86x9c,2.2876,105.32,196.73,37.72,3.1621,-0.8745,41.58
iIbVndDBGnQ,3.0335,66.33,116.93,40.05,2.5704,0.4631,-26.31
0GoRhA7TCoI,2.7562,68.78,159.97,42.09,3.0979,-0.3417,-25.64
yHPmL18dBGs,0.8784,78.83,200.95,40.39,2.7308,-1.8525,-23.25
Bwf_D-IfNxk,3.0064,41.85,152.52,33.5,2.8944,0.1121,-46.46
jNHVY47pQog,3.2556,148.01,94.12,30.27,2.7124,0.5432,11.31
hQeQPpNlczU,3.0173,93.34,120.89,32.98,2.5563,0.461,36.33
sgH7spysdS4,3.2524,118.74,109.88,36.66,1.5576,1.6948,1.33
lzb6EKoZKH0,3.0609,84.85,118.01,26.37,2.6671,0.3938,57.94
TKFthAGns-c,3.1885,96.33,113.34,29.55,1.9281,1.2603,56.33
7VQibILfmqQ,2.7381,93.06,119.3,18.95,3.0516,-0.3135,-22.08
CInGFr_bmbs,2.5136,172.49,119.27,21.97,2.975,-0.4614,67.99
f_EP37bFANE,1.6724,29.62,96.9,31.56,2.0821,-0.4097,22.76
1EqSgh5v9Rc,3.4363,201.03,94.46,54.7,3.2551,0.1812,89.54
k2lKMzChiCk,2.6768,113.26,128.91,43.96,2.359,0.3178,-17.24
XBD8EDhfSbk,3.5472,153.79,134.05,47.89,2.0446,1.5026,78.79
NtyeIzpzLv4,3.6,142.1,123.0,47.58,2.0695,1.5305,90.99
iSuasvZ0XvA,3.5012,111.95,126.59,39.38,2.5377,0.9635,65.49
zkxRbgMSdio,3.5061,136.86,129.41,45.17,2.0087,1.4973,105.78
We1_oOrBVxg,3.0772,21.92,108.11,21.58,3.1903,-0.1131,-22.62
E6j3mveX7MU,3.4337,120.69,146.69,33.82,2.8129,0.6207,36.81
H-56dzi5CbU,3.2608,142.22,163.54,28.54,2.3322,0.9287,76.43
IoZ5UP4bFYE,3.5747,86.15,138.05,37.42,2.1369,1.4378,41.83
pbTR3WAWXcw,2.9926,111.54,151.07,34.29,2.3118,0.6808,84.64
H2qnljIctKc,3.1547,137.63,147.65,35.7,1.869,1.2857,63.08
DvTkAHACnLk,1.8137,72.75,176.17,16.34,1.4021,0.4116,-30.26
Lr-V9Am81QQ,1.6346,66.66,171.75,17.81,1.799,-0.1645,-22.26
JnNrRRtQ12g,1.8075,66.22,172.85,17.56,1.5019,0.3056,-25.69
Gn2Fc8bFsdI,1.4426,52.45,170.57,16.36,2.0587,-0.6162,27.52
vM2ancNDKVs,1.5615,66.05,183.07,17.1,1.0457,0.5158,-22.15
GZZOea4yrBA,2.759,118.77,91.4,72.29,2.4818,0.2772,30.31
q0rPjIB-Xb0,3.0342,144.53,140.47,28.1,3.2544,-0.2203,26.82
pkdF07mH0-U,2.6766,148.54,140.64,29.93,2.5538,0.1229,-15.25
A8SBHdc_WkM,2.8822,140.23,101.41,29.65,2.8892,-0.0071,64.8
WhpqP_m-pK0,2.9513,126.96,110.69,40.53,3.0111,-0.0598,85.85
KaNo-w3xD8o,3.3109,189.19,86.21,47.69,3.1675,0.1434,76.83
nKgRJeCX7GI,2.8692,47.01,90.24,30.63,3.1096,-0.2403,-11.18
6NM_rdGPrFE,2.9992,165.09,129.54,32.52,2.8848,0.1144,114.18
c10NQ6JDBi0,0.9473,20.81,208.71,32.0,2.9981,-2.0508,-31.68
mKZYKLTzI6k,2.7961,50.53,122.93,42.91,2.1449,0.6512,-5.16
3Y-5PBD372w,2.7139,136.87,156.75,18.34,1.8362,0.8776,6.14
ffKv7fLteOE,1.8268,80.72,127.94,39.49,2.22,-0.3933,-29.26
a59WeZQ3mmc,2.9367,211.48,225.32,41.73,3.2658,-0.3291,134.63
9UbU-T2gxiM,2.6557,101.61,219.54,49.25,2.3662,0.2895,26.11
vBnCjk-hwfI,1.6997,91.6,184.92,45.82,2.185,-0.4853,31.52
kCS5xByL4X8,2.6563,56.34,181.39,45.94,2.7229,-0.0666,11.39
37U4alX0spU,2.6119,128.75,128.79,59.33,0.8088,1.803,74.18
Zv5WRumCfOk,3.1588,129.35,111.0,29.79,3.2833,-0.1245,40.56
Tg3gVrKFgf0,0.5156,54.99,143.75,13.31,1.2347,-0.7191,-28.44
OsA0Jr-85VI,3.0487,66.56,114.03,26.11,1.9508,1.0979,51.7
UIsM64WH8D4,3.0784,71.9,110.46,27.72,2.5198,0.5586,37.51
rOT14Isjl_c,3.0368,54.35,106.62,26.28,2.4946,0.5422,6.01
ZjciDUVulgM,3.0455,67.54,112.88,30.05,3.2108,-0.1653,54.19
JimAT2a-F50,2.6723,55.77,102.63,20.46,3.1279,-0.4555,37.42
iZdKrdAhGv8,3.3087,70.99,115.19,28.47,2.2628,1.0459,33.1
MdEGG5IecCI,3.3393,77.4,110.08,33.59,3.6442,-0.3049,43.95
jXGq12tYi3E,3.2576,76.4,112.41,26.0,2.8427,0.4149,-2.43
ecEW2GvcOak,3.1098,61.14,104.34,26.05,2.7858,0.324,13.83
wWj6w5jMAeI,3.05,61.07,110.58,29.29,2.5357,0.5142,11.68
5s-bxZGEAN0,3.3584,65.09,119.36,27.08,1.1781,2.1802,38.11
p87xIbLJDho,3.2061,71.22,122.07,27.05,1.8419,1.3642,-45.14
AcCWmD52VEk,3.3164,67.73,131.07,48.59,2.1533,1.1631,0.53
HbWjc3y4kZM,3.1127,65.38,151.84,58.31,2.5324,0.5803,8.42
mhf22jH5h_M,2.3626,78.12,122.97,21.49,2.9678,-0.6051,21.84
O8s0UB7AvqM,2.8531,94.65,125.68,26.81,2.4887,0.3644,25.71
Ra9t7piBUHU,2.6793,90.53,122.71,23.69,2.0449,0.6344,27.28
0cUvpyYyAp4,3.0336,106.79,101.48,23.75,2.8104,0.2232,-8.52
W2rXHHctGyY,2.9175,104.67,104.03,25.66,2.9137,0.0037,26.48
hXX8Ve0-N8w,2.9619,109.6,115.72,23.47,1.8971,1.0648,-32.14
zXTOl_Blhe8,2.6933,96.41,110.43,26.6,2.8975,-0.2041,20.73
3jHCPJxdIRk,2.5186,84.17,106.78,21.64,2.0046,0.514,18.03
u1T1YXDZDiU,2.8658,84.09,113.47,22.79,2.6984,0.1674,10.06
pCrj63sxuHA,1.9996,42.28,89.35,14.57,2.6492,-0.6496,15.79
WilQQPGgfTM,,,,,1.1867,,
rSQYzjg1kZA,2.8928,156.54,104.22,32.85,2.5627,0.3301,138.7
5-eM8WScZ8M,1.9423,134.08,139.6,42.49,2.9063,-0.9641,71.99
1VcJcQOIwgc,2.3839,139.88,149.0,45.05,2.8601,-0.4763,25.77
Zms7G0Kqo4E,2.189,160.43,141.86,42.34,3.5098,-1.3208,25.81
-I5xm9HFXas,1.7781,106.01,143.99,27.34,2.4902,-0.7121,35.14
lJeg_dwiXdg,1.4853,85.7,178.29,40.96,3.3949,-1.9096,35.18
wcRvHXSozmE,1.9662,163.26,143.85,45.41,3.108,-1.1418,36.38
8FUxpVqgrtc,2.864,135.73,147.04,48.9,3.0652,-0.2013,-22.3
_tH5NTfITTs,2.476,94.67,153.75,48.38,2.7275,-0.2515,-27.63
4PKQBDr8P8g,2.3378,70.62,176.42,39.79,3.0735,-0.7357,28.68
0gaWNHlfYhQ,1.7427,172.63,140.99,23.65,0.1563,1.5864,-5.32
OdVLxa9tXWY,1.7122,160.12,142.08,24.59,0.138,1.5742,-17.84
2wIKt5ZF4xU,1.7928,172.95,139.59,23.92,0.1601,1.6327,-5.0
jub6NCXDJVo,2.8696,120.53,104.73,39.54,2.7879,0.0818,26.84
0tIRsp5Hdno,2.2157,174.37,100.92,35.03,1.89,0.3257,17.11
DovPF3GUzAM,2.6707,98.51,116.85,41.43,2.1948,0.4759,20.76
DkqFSB47O00,0.2156,144.96,119.32,31.87,1.647,-1.4313,1.53
nu8ldSCgi10,1.7159,216.69,103.88,14.54,2.0877,-0.3718,33.96
KQ-wTLfE7eo,2.6767,178.78,96.64,45.9,1.4082,1.2685,-14.54
c3hEsThxWTM,2.5041,194.61,89.57,40.68,1.5225,0.9816,-2.56
p7gpJbgI3y0,3.0202,94.48,101.43,27.94,2.2521,0.7681,2.68
_6RLYelMWJ8,2.8832,94.8,101.84,20.53,2.6194,0.2638,17.97
LOuWb50qWRU,3.1395,87.26,99.17,22.5,2.805,0.3345,27.37
2IOH1vfLd1M,3.1461,85.56,115.85,26.53,2.9257,0.2204,7.8
QiEo5hxLq9E,2.4925,76.46,105.04,20.41,2.9732,-0.4807,-19.87
haImRKZcPK0,2.792,83.06,141.25,28.74,2.4812,0.3108,35.55
RI_Yu_cwhWU,2.877,154.5,158.11,47.35,2.4626,0.4145,73.4
SmWrK_vd7uI,2.3315,134.58,203.27,23.8,2.8257,-0.4942,87.69
i60cwf4kdfc,2.8922,91.91,117.66,28.87,2.9405,-0.0483,44.37
7gQeTK4734U,1.5583,160.69,214.8,22.96,2.5266,-0.9683,72.71
bjS4VPLpLhQ,1.8281,170.09,213.4,21.22,3.5836,-1.7555,74.61
UpBCzXtXCtE,2.5263,74.54,126.21,45.12,2.2153,0.3109,-0.33
aOQQwOo2OEo,3.1447,117.94,108.6,75.0,2.7127,0.432,-14.41
n9kntoWi0Kg,2.9181,129.47,101.72,36.04,2.7621,0.156,-15.38
v4EGRQVesNU,2.9078,100.17,111.65,56.36,3.0873,-0.1795,-10.24
V_RGxLZRYEE,2.9552,133.23,125.79,24.97,2.6908,0.2644,7.43
2sgXYRvHNlU,2.4555,92.3,145.34,27.74,1.8431,0.6124,-13.81
gqzstmejGyM,2.394,144.55,168.42,27.75,1.0261,1.3679,-11.21
x73f1Wcdt68,2.4274,103.38,143.45,44.24,2.3493,0.078,15.28
eB5ySpu06oc,3.2686,163.15,92.25,48.28,1.4891,1.7795,6.32
aPdqIzCG0iw,2.9263,133.08,110.39,43.88,2.3631,0.5631,-77.89
3ULxjQZuPHw,2.9049,154.07,116.62,29.22,2.7244,0.1804,77.09
9-Yik__p_20,3.2943,140.52,128.11,36.02,2.3653,0.929,36.31
GCWEim7Cwt0,2.9979,127.18,114.92,38.58,2.3858,0.6121,16.87
eg3gtPpn6Ks,2.8923,148.16,112.52,34.47,2.3139,0.5784,36.35
xxadZoPjX7g,2.9023,149.86,121.59,34.23,1.9223,0.98,66.22
kzRE2H1Wbtw,2.9033,117.19,138.45,29.58,2.3846,0.5188,24.03
BgQITIsYvwc,2.7178,119.73,126.47,33.24,2.2353,0.4825,36.22
jIUhrifNVCA,2.7519,121.51,127.67,37.8,2.0669,0.685,29.49
4cQ4qrHtTs4,2.39,80.37,106.43,18.81,0.0,2.39,80.37
0iCNRVesItI,2.6668,96.34,104.86,21.63,0.0,2.6668,96.34
T9nrSDuVj9g,2.4207,78.71,105.03,18.86,0.0,2.4207,78.71
kpydCrKenrM,2.645,178.97,94.84,46.34,1.7692,0.8758,6.65
tbNpoHhF8uo,3.34,156.63,118.66,38.35,3.0166,0.3234,64.94
nIDW6I45VzA,3.2971,141.09,112.51,26.0,2.6402,0.6568,-29.39
Y5MWcuVONxo,2.1986,147.45,116.43,50.82,3.1944,-0.9958,74.28
DGZsPoodnZI,2.8522,108.38,137.31,51.15,2.9073,-0.0551,46.3
GMm0USYdTys,2.9476,128.06,133.1,56.43,2.6764,0.2713,43.24
SZZrHuru860,2.5509,106.91,164.32,51.38,1.4366,1.1143,29.2
Gi0MOEERgZ0,2.9402,148.17,143.03,36.94,2.6418,0.2984,3.71
wlNle86UfcM,2.5322,115.99,143.19,56.93,2.4917,0.0404,40.85
ghm_c_s9Luw,3.0291,62.77,107.99,46.97,1.6248,1.4043,-1.67
DHlpZhRhG7M,2.8132,136.68,117.22,29.07,1.7431,1.07,79.47
ERLN87qKDR0,3.3817,70.54,118.55,29.51,2.4194,0.9622,18.5
_kN-b9rYbQs,3.185,103.06,119.74,44.05,2.4848,0.7002,11.48
nQckoyS-ndI,2.9668,107.3,123.16,33.15,2.648,0.3188,42.69
ZNxClCHjVYU,2.1557,126.6,135.94,25.35,2.4586,-0.3029,84.85
zhE4ao8nyiA,2.5393,75.71,138.29,28.13,2.6954,-0.1561,15.35
5-JanXjSHhM,2.4161,87.18,134.76,19.77,2.0674,0.3487,41.58
mIxLNMmssNI,2.0707,44.24,154.71,22.01,2.5869,-0.5162,-16.4
6CfQmd3AYu8,3.234,15.24,173.09,38.18,3.0118,0.2221,-27.51
MLXCCOKBIbk,1.7442,43.07,112.76,42.6,1.8542,-0.11,-7.94
GiRRyhXyroI,,,,,1.7719,,
U7CaxmTtUs0,3.6191,170.56,99.5,48.38,2.1799,1.4392,53.68
XDQBLnsurnU,3.365,165.72,95.41,46.75,2.5388,0.8263,102.63
NXheYHy4Zg0,3.3298,137.05,87.6,40.39,2.406,0.9239,2.18
x44H46JYlkE,2.9918,196.19,120.06,28.6,3.1769,-0.1851,161.64
dbVe_1tY2eQ,2.9109,198.15,124.7,27.85,1.6263,1.2846,115.91
024ETO-RBE4,3.4635,81.69,122.06,49.14,2.644,0.8194,17.34
Vm8L7K9Apg4,3.1053,87.99,129.5,39.43,2.4278,0.6775,19.69
gdT5yf0fmMg,3.1624,82.09,126.03,35.8,2.7506,0.4118,-1.69
VcC6MLJ177k,3.2904,88.76,134.46,46.53,2.9066,0.3838,11.3
SwkSyOUZsPs,3.2973,91.62,132.0,48.44,3.0221,0.2752,25.46
3txiB5Vq4js,2.8956,89.01,129.6,53.46,2.3473,0.5482,19.59
mxss6MhVg2o,2.9338,109.24,134.45,60.22,2.5984,0.3353,10.4
VtLUy7AIQsA,3.2019,108.67,144.8,68.77,2.7118,0.4902,28.88
ZAeCdH13oDs,3.0918,91.25,121.61,47.63,2.6947,0.3971,8.95
LWvfs-Nv2iM,3.1766,104.8,139.42,60.97,3.2432,-0.0666,20.54
qXqlS0-zeqc,3.1136,88.04,127.19,48.09,3.1566,-0.043,7.74
AoIIHtE9Qf8,3.352,102.01,108.27,40.97,2.9874,0.3646,34.22
JF9HoZWHxYQ,3.4313,126.35,114.38,82.34,2.8287,0.6026,33.1
ECZs7rCrFrs,3.3382,133.37,114.69,62.77,2.411,0.9272,15.55
0k0uOew5STQ,3.2082,74.13,58.21,52.17,3.1946,0.0136,-12.51
W5ruxipPGMM,3.2556,60.56,61.88,46.77,3.165,0.0905,-35.67
G0uBy50ykfk,3.2001,75.01,88.19,62.35,2.1792,1.0208,-5.21
00uT4SbZvtM,2.3387,113.99,131.16,17.89,1.3097,1.029,10.26
hiKOxxzn2e4,2.9766,44.68,167.92,24.95,2.7073,0.2693,-34.25
lFQ4dVfp1pg,3.2457,47.63,77.65,34.35,2.6676,0.5782,3.84
aWjtq6I-JPE,2.3234,122.61,115.65,18.18,1.8243,0.4991,30.42
4DSRzWvGVzM,2.9936,79.22,114.02,29.72,2.0769,0.9167,9.56
Yn1YBEpcqGY,0.8152,8.34,215.09,19.41,2.2631,-1.4479,-77.62
PQ-v0NH1Dyk,2.2287,94.39,130.12,20.07,1.0405,1.1882,-22.46
ju1ZwH2XD54,2.3059,188.79,140.34,17.27,2.3284,-0.0225,111.71
AS2FUdgMVWI,2.9478,145.39,127.58,24.98,1.0853,1.8625,22.21
j7WFMtafgDA,3.041,140.43,120.76,29.88,2.2344,0.8066,60.97
zyJQ9Bvg2Vs,3.1808,152.38,118.63,31.64,2.4093,0.7715,32.44
pJ0yrajP2gY,3.4989,170.87,115.33,47.9,2.1816,1.3173,90.43
qwvKoC7tCho,3.1977,125.97,120.66,34.82,1.9531,1.2445,72.38
ti5pAD19skI,3.656,151.7,121.57,71.1,2.8145,0.8415,79.67
AjZeQ0mWvZY,0.0,15.63,178.43,10.5,1.5414,-1.5414,-86.53
AppYkttbHho,1.9963,129.47,147.21,16.23,2.7535,-0.7572,27.76
xzPEwwFPITw,1.9932,133.25,147.95,17.17,2.7487,-0.7554,31.1
nSXqIW3dmj8,2.3339,160.03,167.52,32.23,2.9744,-0.6406,63.85
GiptwHt3D8g,1.6775,164.06,117.08,23.68,3.1728,-1.4953,115.32
bGEg4BBiSxQ,2.8947,141.79,125.86,37.65,2.8881,0.0066,-46.6
07h8lbf70I4,1.9028,154.46,127.98,26.73,2.1073,-0.2046,103.43
k2QginbnLkc,1.908,161.47,120.75,23.59,2.3986,-0.4905,47.97
3YA8tArGpxk,2.0252,162.09,115.18,23.9,3.1006,-1.0754,80.95
WiQsKnlj3B4,1.8745,150.16,129.84,25.4,2.8885,-1.014,85.2
Dk_SO730kqA,1.8337,163.84,122.52,26.64,2.9593,-1.1256,48.9
k7eiGoXJTpI,3.2387,173.19,124.56,43.1,2.3697,0.869,60.16
GWOj4cZ_62Q,3.476,176.62,96.88,54.46,3.1952,0.2807,105.72
u5AjUBltuuo,3.1596,189.26,106.51,46.81,1.8683,1.2914,104.46
Ldt12-cIRdw,3.1158,188.58,108.06,47.73,2.4915,0.6243,129.71
8VcLe-_LxEg,3.1354,188.18,107.31,50.23,2.2226,0.9127,123.21
65hSutTikMk,3.0387,111.14,150.54,35.89,2.6608,0.3779,55.02
01LyvSUfnQI,2.6706,67.65,177.83,40.5,1.974,0.6966,14.84
x17HaTjdxa0,3.1597,63.2,142.81,53.89,3.2004,-0.0407,6.61
3Ag8z1iLoKM,3.2206,77.61,155.1,41.94,2.667,0.5536,19.59
F_B8lfHMH0s,2.9795,81.17,109.28,39.86,2.7585,0.221,41.84
3EufUA-5HoQ,3.2841,125.56,91.04,38.81,2.7241,0.56,105.26
o2tsEa1Kv0o,3.2299,90.84,94.99,37.01,2.481,0.7489,42.44
mLLOTnxyEO0,1.8893,86.83,145.33,27.71,2.2769,-0.3876,45.09
Pzj-0GOWthA,3.3123,93.66,75.11,21.84,2.7224,0.5899,5.56
mgOzt-XDzkE,3.5428,83.15,79.61,31.26,2.0292,1.5136,3.92
rw_4NxSal3k,1.9465,98.43,134.19,14.83,1.6283,0.3181,-20.76
CRx-B3DJtNU,2.2089,121.23,143.48,17.1,2.0172,0.1917,13.43
MI_7wOBA8EA,2.8153,106.24,121.06,36.61,1.9948,0.8205,69.76
FitbWwJAT0M,2.7558,120.01,113.1,35.05,1.8663,0.8895,27.46
4svGFhVvy5s,2.1441,102.0,131.3,16.51,1.4891,0.655,-2.16
-uSgG8ftEHA,3.2285,90.71,132.25,33.48,3.4505,-0.222,22.57
9af9JF6DH9w,2.9004,78.05,123.91,33.06,3.1149,-0.2145,-17.93
kpcTI5wKKvM,2.8221,68.42,136.91,41.46,2.659,0.163,8.65
JUE9aLYVhrk,3.1624,83.07,135.36,44.88,1.3632,1.7992,56.25
95bDbjpOfx4,2.7268,148.95,118.08,33.06,2.3296,0.3972,72.71
MFsgyftJAck,2.766,155.6,115.49,31.45,2.7071,0.0589,68.15
ptUduz9z-FQ,3.345,165.72,105.88,43.11,2.6877,0.6573,75.68
FnbD4wqWye8,1.9906,100.99,139.62,22.18,2.3849,-0.3943,-10.36
-idOju-zBlw,3.308,144.1,104.73,41.05,2.8559,0.4521,83.16
rbgZaG1S3Uw,3.3484,134.46,141.04,47.37,2.5557,0.7926,83.22
EmdVwmnCS5M,3.4676,148.09,135.76,65.63,2.4933,0.9743,62.92
DePnmE9Gpfc,2.8162,93.92,91.76,52.91,2.2257,0.5904,15.05
Niy8ocX6djQ,2.8444,62.97,58.15,28.38,2.3292,0.5152,-22.44
NhoUQaB7OqY,2.6694,37.76,66.24,36.97,2.8295,-0.1601,-12.15
Fu9H7aTlJwM,3.103,75.06,59.18,50.94,3.0302,0.0728,16.07
GHbbswVEBes,2.6646,89.97,63.37,49.61,3.1047,-0.4401,-17.29
Lo8LlVVe0LI,2.7749,94.96,123.28,40.97,2.8981,-0.1232,24.19
tYl8dIFa10k,2.287,134.29,120.07,38.83,1.9275,0.3595,34.55
J_TifaPCi5I,3.5543,136.02,71.1,29.34,2.793,0.7613,101.82
PA0Gd0LOI3Q,3.5347,146.81,83.03,29.61,3.3381,0.1966,105.68
utw7GEBv7Ps,3.281,107.27,161.34,55.61,2.4732,0.8079,43.79
h_zoeJ9MYkw,3.7374,173.73,82.25,44.88,3.199,0.5384,130.46
zipQtq_fmlc,3.1199,99.09,112.6,43.25,2.228,0.8919,-4.64
dZWElPsU2Ls,2.8934,127.64,107.44,37.03,3.3651,-0.4717,31.87
RU1MueWD13M,2.6094,143.15,123.79,17.85,2.1876,0.4217,88.58
nU03C6hZ00g,2.9563,145.61,173.0,46.58,2.9866,-0.0303,19.34
duvGtl4H7wY,2.8345,150.79,137.88,36.1,2.8266,0.0079,42.68
CFIHZbcxseQ,2.9553,135.61,130.55,39.9,2.4954,0.4598,48.67
1N693U16xIc,2.9417,153.56,123.28,35.76,2.1993,0.7424,39.77
vc3eZ8LZhfM,3.1206,146.37,175.87,60.39,2.7432,0.3775,-1.33
zVdhGa9tm9s,3.0076,142.25,140.35,39.94,2.5794,0.4283,-1.44
-T_Ux8frHao,2.7411,122.62,121.86,39.56,3.0261,-0.285,-7.69
eGn2YCXre8A,,,,,2.3133,,
4HYmMNwU5S0,0.3683,80.49,183.33,1.43,2.7718,-2.4035,19.76
pQVprSznWcc,2.9658,83.99,87.88,21.3,1.3382,1.6276,27.05
Gws5N-hHwrA,3.0502,79.76,113.76,38.93,2.2617,0.7885,11.35
BLN4MN0Z-f4,0.5227,51.65,171.83,2.76,2.204,-1.6812,13.49
tuf0J94qwIg,3.2741,87.43,118.0,56.87,3.3313,-0.0571,37.15
MfDLxsH2DFM,2.6621,60.31,92.49,39.48,2.6659,-0.0038,42.37
c-IyBmWSck8,2.9802,86.96,116.18,36.56,2.7318,0.2484,50.09
fCpDNfHQ09M,1.2648,47.35,131.01,13.93,1.7426,-0.4777,4.68
BkToI1JSI9A,,,,,3.5001,,
rt5KnUoZWnU,,,,,3.6034,,
GU6CJE0emDw,3.0483,119.28,124.96,49.18,2.4514,0.5969,85.11
OTbBqVkFSfM,3.1606,128.54,111.77,55.28,1.9907,1.1699,75.97
Z5O4itZXmy8,3.1149,103.9,114.61,53.23,2.5109,0.604,27.02
JMU-tZYz0uY,3.2848,131.45,144.88,58.43,2.4742,0.8106,77.78
0yoBTWXP7jE,2.9807,148.29,138.34,65.83,1.3328,1.6478,-0.68
mITp4T1M1xU,3.2185,126.95,125.59,53.31,2.2156,1.003,3.95
fmLvMi5lS9o,2.8622,164.16,121.65,33.25,2.5956,0.2666,123.21
mVc_VIJ-Nrk,2.9423,158.5,119.5,33.19,2.0572,0.8851,100.7
wLgcjllN1rM,2.8271,149.78,123.4,30.39,3.4788,-0.6518,90.18
22u_vRmEkqQ,3.0048,154.92,121.8,31.51,2.7341,0.2707,55.16
FKz6u4feIX8,3.0844,78.18,126.5,35.88,2.4638,0.6206,28.21
gdVsrhvGOpo,3.0173,96.61,124.1,46.17,2.6602,0.3571,44.67
FmvTlOY-tVs,3.4391,120.66,151.97,38.51,2.7077,0.7314,41.83
i0Vp7TmkFtc,3.2913,102.84,161.87,58.05,2.4866,0.8047,36.95
NgcLk8_8_z8,3.2494,95.96,151.77,37.75,2.5849,0.6645,0.07
mZV8gqD2qeo,3.2489,73.93,145.42,47.74,1.9141,1.3348,8.5
iqPsLyHy19o,3.0138,100.25,118.24,32.82,2.447,0.5668,36.14
mkUEIhCIeqs,2.7432,99.7,124.34,22.23,2.7255,0.0177,40.55
PQsJALm_cKA,3.2325,74.84,104.64,34.79,2.3069,0.9256,16.0
fz8RbJfL-Wg,2.8406,86.04,114.38,23.6,2.4133,0.4273,25.84
mGh5BD2URGQ,3.1226,122.45,141.01,39.85,2.2146,0.9081,55.25
At7oQH0r99E,2.9185,112.29,148.3,37.59,2.7021,0.2164,37.94
jjjLcoF4lLc,2.2581,161.71,178.51,16.9,2.8353,-0.5772,55.86
0aJwHYDQVGQ,3.0312,94.06,103.92,33.21,2.6114,0.4199,43.9
XxsS0yUWlSo,2.9121,101.65,149.8,46.62,2.6119,0.3001,34.38
hyt61j7c8NE,3.4645,64.75,119.72,29.65,2.7586,0.7058,16.45
9GA9PIFStqM,3.0482,81.31,129.83,33.43,2.8641,0.1842,5.28
rwwiNA0FrCs,3.0548,108.23,130.29,28.69,2.182,0.8727,-13.03
lJqiRoNpWjI,2.1627,44.65,174.92,22.78,2.3301,-0.1674,-47.38
14COa3qSAjA,1.3876,59.37,147.78,19.54,3.1221,-1.7345,-25.38
282P-NHG4Rs,2.3341,66.16,101.97,35.66,1.7091,0.625,-27.41
9iSa42OCZkE,2.0055,126.98,158.08,23.19,2.8998,-0.8943,70.67
wOKtL7pNEfw,1.8129,83.23,191.03,44.75,0.509,1.3039,33.73
9Xa1pOtHu-k,2.1787,46.05,177.83,41.63,3.247,-1.0683,-16.29
2vwPVEmCtKo,2.6051,103.42,145.23,46.63,2.6758,-0.0707,40.83
xCzYcW7wvYc,3.3553,125.61,109.48,47.49,2.6934,0.6619,59.24
it1kfw9paIs,3.3648,125.23,94.43,39.26,2.1078,1.257,65.16
dimWKNpR2uw,3.3088,130.69,103.53,38.48,2.9883,0.3205,68.47
89cDaCWZMqY,3.1751,147.93,116.45,57.25,2.9135,0.2617,62.0
x85Kp8b1aVI,3.3497,131.17,108.41,40.52,2.7465,0.6032,63.61
1MoaE3TWlOk,3.3288,145.88,107.02,36.02,3.0449,0.2839,49.6
YB47c3U0IH8,3.2678,119.46,114.38,45.01,2.9875,0.2804,71.5
D_GCDCeg0pU,3.3354,132.1,96.68,37.48,2.0419,1.2935,43.43
7naD7gdoJIg,3.2588,132.38,90.71,33.68,2.7428,0.516,19.25
Vdq7sDRn004,3.1915,179.22,107.79,39.33,2.5219,0.6696,69.34
mPIwLSXtwxg,2.1892,105.01,70.68,21.23,2.3065,-0.1172,17.67
eMceRyyOOWE,3.3334,56.19,77.11,34.45,3.0263,0.3071,-62.21
1DH-VrJx8zQ,3.8029,75.14,92.08,54.93,2.9607,0.8423,-43.08
8UBEnaP4jvo,3.0523,104.9,119.41,38.38,2.6078,0.4445,-14.99
HEl-xkard1M,1.7616,64.43,109.48,12.44,2.3912,-0.6296,-23.29
AhneCyI0BMs,2.4996,81.62,105.86,56.07,2.5693,-0.0697,8.87
K8PxXTW6n7s,3.0508,81.98,119.16,32.94,1.6632,1.3876,19.72
d5d39Iv6F7M,3.0888,92.96,100.06,34.45,2.2645,0.8244,62.43
uQpBQC_0CR4,3.2817,116.37,103.47,36.43,2.0682,1.2135,38.77
KduBiX-Q-Us,2.7021,85.87,79.28,20.44,2.3831,0.319,1.67
M5JNg-7KxyM,3.1509,64.97,74.78,22.54,2.386,0.7649,10.45
Euh06jf-PxE,2.8333,76.52,71.13,20.94,2.1962,0.6371,50.01
U-aeHfm993s,2.9631,91.4,77.56,23.12,2.5722,0.3909,22.64
wphn77pknJ0,2.9313,80.08,72.59,21.58,2.5012,0.4301,30.51
0nBzBw_R9ZM,0.3364,189.95,152.23,12.36,0.4774,-0.1409,1.43
6VVgup7ccEk,0.3518,186.72,152.6,12.44,0.3173,0.0344,5.64
TDSOzvMBEpg,0.389,183.31,153.36,13.62,0.4063,-0.0172,-1.67
XrFoGHYRTW4,0.3454,189.01,152.27,12.53,0.3282,0.0172,10.11
FekM4n4cfnY,0.3557,188.12,152.18,13.48,0.2765,0.0792,4.94
lleuVWWLLF0,0.2709,183.15,157.31,17.53,-0.0,0.2709,-70.47
28D3QW71CBY,0.3278,187.63,152.4,12.88,0.4991,-0.1713,1.92
u8QymuGjRec,0.3382,189.24,152.31,12.3,0.4287,-0.0905,7.63
BtLB6F9gWBE,0.3514,188.65,151.85,12.92,0.494,-0.1426,-0.01
mdtIm9eD0y8,3.2972,145.92,122.85,59.83,2.6002,0.697,49.68
VC11tYFr2TA,3.4031,121.62,141.17,48.77,2.6633,0.7398,28.23
6B4s0Z99PzU,3.3782,74.9,145.95,38.85,2.8593,0.5189,-6.64
aEPh4CjP6mQ,3.3946,84.98,130.56,46.81,2.8225,0.5721,3.67
xW_j533LV0E,3.2569,60.46,155.06,43.49,3.4268,-0.1699,7.62
6yoM75z8GHE,3.6585,107.35,114.75,51.28,2.9099,0.7486,21.54
fxv28z06lvI,3.3063,88.59,105.76,35.91,2.49,0.8163,11.42
Ln8CU9M2b6I,3.1818,76.07,125.85,28.96,2.3746,0.8072,16.45
oXmNDS4YhOA,3.391,112.63,109.56,39.1,2.4828,0.9082,33.67
4tXoCTSGfS8,0.3522,163.57,180.85,12.39,2.002,-1.6498,15.01
GmWSKrZpUQ8,2.5459,89.54,73.43,20.17,2.1793,0.3667,8.4
F_VN1Si5EtI,3.5591,133.91,96.07,36.48,2.522,1.037,88.79
AKKuoMfEy0c,3.5316,185.04,103.55,47.52,1.7831,1.7484,27.0
rot8ACCm304,3.5279,159.73,96.34,49.26,2.0527,1.4752,65.67
0K07HA_ncVQ,3.6355,178.38,101.11,54.71,2.2587,1.3768,112.55
EX9eKjRkh14,3.5816,145.49,98.42,34.31,2.8482,0.7334,70.51
fVFqcWlgowE,3.4354,151.66,108.78,30.46,2.5248,0.9106,86.41
Fl6EFOZwDag,3.7314,154.32,105.22,49.86,2.4383,1.2931,89.01
vEljgaCBeR4,3.2869,146.24,105.4,74.71,2.0949,1.192,73.93
dVBlEML2C2I,3.4913,174.77,106.39,43.59,2.3701,1.1212,105.34
GxTqeDyCAug,3.2747,124.96,115.28,32.6,2.2588,1.0159,80.89
4DCeIVwyJ5s,2.9523,116.11,119.0,38.47,2.6741,0.2783,-56.49
pd5zDS05ncs,1.8164,22.34,219.14,44.67,1.7474,0.0689,-21.31
WAOxRsZeLmY,2.7324,78.47,106.77,33.75,3.2236,-0.4912,5.99
g6nqYW68oK0,3.2704,74.9,148.92,38.24,2.5014,0.7689,4.09
M82pEeHQvhw,2.8449,112.42,210.14,30.51,3.1441,-0.2992,18.91
xq6Klzzzba0,1.5662,133.46,142.34,30.19,1.6154,-0.0492,-5.34
IUrU50C0Xlw,2.7682,150.54,78.44,28.17,2.3633,0.4049,99.98
WXJCePQJbnk,3.1979,163.68,132.11,29.6,2.409,0.7888,105.23
b9osxsTNhXE,,,,,3.1876,,
HdoGCHiKum4,2.5975,109.94,122.02,25.57,2.6853,-0.0878,36.29
RN1TyCuVgUo,3.1476,197.32,141.08,32.67,1.8987,1.2489,79.39
A2V2M0neIws,3.197,186.72,139.88,34.32,2.5385,0.6585,79.77
9baC3FTK9FA,3.2111,203.91,137.47,37.13,2.2043,1.0068,118.54
Kp2njyUq4bk,2.6388,109.77,133.32,16.64,2.4743,0.1645,8.74
0w5XTzfzN5I,3.1561,200.48,132.79,34.54,1.5889,1.5672,120.58
JIv4ch-Whwo,3.118,189.3,132.9,34.78,1.0099,2.1082,82.58
sUfoov3rjfI,3.1057,181.25,126.67,34.66,2.4172,0.6885,121.05
APjIKLc6bEk,3.0539,207.08,138.72,32.2,1.5615,1.4923,93.89
j5LEyv2fqK8,3.3919,100.94,88.31,43.66,2.3422,1.0497,56.59
NlEJ4DPZpc4,3.5026,95.28,89.53,45.49,2.3574,1.1452,24.6
Y40pAztPizM,2.8549,167.93,183.14,27.51,2.1104,0.7445,44.72
27KVcJLTg1w,2.2542,32.95,120.17,38.81,1.5628,0.6915,-0.14
lwz8znh6LHk,2.4117,54.08,59.41,39.92,2.4171,-0.0055,-8.61
vlJPSicQnq0,1.9191,69.93,102.09,38.22,1.8814,0.0377,-15.71
gvLWLmsfk7M,1.266,54.95,96.69,11.41,1.5204,-0.2544,-20.21
CO77eo-LqQg,1.8853,42.2,94.26,28.44,2.9575,-1.0722,-73.94
rmnsPzSBnrY,1.8335,95.13,83.84,27.69,2.3742,-0.5407,-16.93
5UMTTzJYBsY,0.0,0.0,51.0,-0.0,1.9287,-1.9287,-24.94
v4dTw406zTM,2.1152,91.11,106.82,57.14,2.331,-0.2158,6.97
rB4LrHivW2c,3.0588,59.12,150.53,51.22,2.73,0.3288,-12.16
p3knPeHuk5A,2.3256,119.12,151.59,46.87,1.2865,1.0391,69.11
vNnof_D6deM,3.601,72.23,124.69,43.2,3.043,0.5581,13.56
fRm50Bdihro,1.8731,61.29,112.47,16.26,1.5229,0.3501,-18.13
YqFr0wbZasw,2.7146,67.01,141.18,26.52,2.8142,-0.0996,13.4
TnC1pPp6Rek,3.6084,81.21,94.76,36.66,2.991,0.6174,29.87
tmnOr8BWMBM,2.7429,79.17,175.32,35.17,2.1577,0.5853,33.53
kWT9SR076Tk,2.8505,51.11,118.5,19.76,3.3201,-0.4696,-1.71
bUKL2ZOD7uY,0.0,0.02,205.31,3.63,0.0,0.0,-0.16
VFbE3t5pRfw,2.7204,96.22,169.48,20.53,3.3285,-0.6081,-12.89
D42_l46EEis,2.7396,95.98,167.97,20.65,3.3054,-0.5658,-12.57
FYcybBoecZY,2.7203,93.37,168.73,20.32,3.2874,-0.5671,-15.07
1AbPkb3twbM,2.3789,123.96,182.88,19.77,2.6004,-0.2216,35.91
xEjqUkRTWwk,2.6786,101.38,163.62,22.35,2.9926,-0.314,43.14
o8Ug52UgbKc,1.6445,107.94,191.42,29.27,0.0,1.6445,107.91
_rDVe52XQrY,1.9762,117.02,142.75,28.2,3.3064,-1.3302,116.89
a34_RPNeQho,2.6949,178.25,156.61,42.25,1.9976,0.6973,28.3
qLswixCjbaI,2.6904,117.76,135.64,44.27,2.8366,-0.1462,-15.08
6iTVkebf3TA,3.0458,120.16,117.56,47.82,2.4175,0.6283,11.67
4OkKTyZNDNE,3.181,92.21,183.72,39.2,3.4169,-0.2359,-29.91
OIJ6s2QXglk,3.0814,99.07,122.43,45.66,2.667,0.4145,30.91
_s92RHdT9eI,3.3228,41.09,110.85,28.82,2.734,0.5888,-30.26
-t3zMjk4E_0,3.0503,81.55,121.72,31.73,2.8194,0.2309,12.87
YUZwmK1vnGk,3.3503,87.61,108.48,42.78,2.7829,0.5674,20.97
taZl_NyreGI,2.6544,123.87,103.61,28.12,3.0735,-0.4191,46.56
k1H6QRmNY0A,3.2411,74.9,123.47,55.54,3.2603,-0.0192,-7.24
AEfz7QrIXgs,3.0131,107.88,165.7,33.25,2.6605,0.3526,27.62
_DLh0-_WL2g,2.5407,20.67,86.05,19.47,2.1677,0.373,-32.21
I7OJrvOsNNM,3.5412,7.28,136.14,20.77,1.4026,2.1387,-8.95
711f57Ndw6o,2.8085,173.39,110.79,25.62,1.6948,1.1137,126.7
h3TfvhAr6fU,1.6132,75.46,63.25,25.34,2.1268,-0.5137,53.87
qKhXR1g95IA,3.1809,168.11,116.68,37.47,2.6116,0.5693,104.98
LuYRa9C5Sw0,2.2492,0.37,172.98,5.5,1.3727,0.8765,-14.54
7hw9VHT7j2c,2.3125,23.58,132.07,22.2,1.9102,0.4023,-31.34
kV0OMSrBmf4,2.866,74.2,123.31,30.31,3.0648,-0.1988,12.98
uOYqKL3bAbA,3.0484,77.92,120.26,31.2,2.8906,0.1578,12.14
GyCszYLGCDE,2.8936,145.48,123.51,42.55,2.1243,0.7693,19.76
oQaFoMzJIq0,3.1436,94.72,124.19,28.78,2.393,0.7506,29.57
m0fV5zCUxts,3.7108,130.23,128.78,39.05,3.0349,0.6759,53.28
zjrJ4UufdMk,3.6539,121.65,123.87,31.63,3.3864,0.2675,45.54
zsVWJsOABSc,2.4881,55.38,94.05,53.92,2.2581,0.23,-4.72
WtYaveEbvOM,3.687,103.48,115.12,27.9,3.0011,0.6859,19.99
NjRDGnRgMcI,3.5575,179.26,120.99,47.61,2.4242,1.1333,112.64
zlltv_Cuay8,3.8303,178.43,106.2,46.99,2.3163,1.514,106.99
Laxp0H-rJq0,3.8866,196.28,120.24,50.81,3.1331,0.7535,115.27
OcaJ0ttIgX8,2.7722,89.37,137.17,29.52,3.1357,-0.3634,14.94
U-8PucKZ0Ao,2.8308,113.54,118.83,17.4,2.678,0.1529,-22.81
2_2fS6orD4U,3.2278,83.39,138.28,27.29,3.1436,0.0843,10.24
j7s6ca-AJgA,3.2895,111.38,125.8,25.33,2.5209,0.7686,-18.33
jOdSonCGKkg,3.5499,100.9,129.47,32.39,2.8825,0.6674,19.7
CdrTi8WfdbI,2.9716,96.46,134.9,21.99,2.0731,0.8985,16.13
CI-uX37sjL4,3.7543,101.43,131.92,33.35,3.0295,0.7248,-36.18
H-IdU1jTr6M,3.3185,77.49,118.78,37.35,1.9906,1.3278,32.83
Na3tT_UPKBs,3.1988,110.22,131.12,47.33,2.7235,0.4754,17.65
oAUeSOkwgq8,2.7305,102.45,132.17,33.85,0.9894,1.7412,22.51
1AcsXmSKLNw,2.8096,145.7,126.13,59.37,2.6169,0.1926,83.88
1XXb1TCvohA,3.3725,81.06,125.19,39.03,2.0562,1.3163,32.34
99Iz7VrNbo0,2.9404,56.66,123.29,25.53,1.9836,0.9568,23.58
GBpwB3iVXv0,2.8363,125.78,125.66,56.06,2.1567,0.6796,67.81
rDA-a6VDHL0,3.2818,88.6,115.99,36.94,1.9366,1.3453,12.69
h0JqW1ZuU-g,3.1412,91.47,116.96,37.84,2.1674,0.9738,17.06
QKHEEBF_XHM,3.253,67.67,144.67,50.63,2.142,1.111,40.35
Rifep69fN-E,3.0486,93.22,85.66,31.49,2.7073,0.3413,29.55
O_gQWBMGuFc,3.3398,96.69,161.82,36.95,1.6337,1.706,54.61
4s4u-OwqjCY,3.2656,110.22,92.89,41.83,2.9545,0.3111,51.91
sKDlc1LssLg,3.3535,92.57,83.7,36.37,3.6949,-0.3414,32.28
7FAzGHfM-io,3.2185,100.35,91.72,29.15,2.3217,0.8968,7.13
AmPlGw_oUoc,3.2393,100.46,86.61,32.36,2.8424,0.3969,38.59
Bcx1HbiwVpc,3.4007,90.9,98.76,32.68,3.1787,0.222,23.27
SH63Rzo6gSo,3.1778,91.83,82.86,22.79,1.4908,1.687,36.34
fkvDTb0NoTc,3.1247,85.95,97.6,26.87,2.7179,0.4068,77.4
dcKe-abcpSs,1.4742,158.0,154.56,6.79,1.8554,-0.3812,16.97
1bEDovFOfs4,2.6689,177.02,73.52,22.11,2.0493,0.6196,67.98
n57_eodIUOo,3.0451,131.66,147.72,43.07,2.6215,0.4236,19.1
k47PL1UZr0E,,,,,2.0954,,
qinCQV5wuEw,2.9899,134.39,151.12,35.36,2.04,0.95,-10.29
-eFxk4heHH8,2.9712,189.58,138.55,38.73,3.0297,-0.0584,77.97
kSRAJCP--fo,,,,,1.9276,,
Y_9PLSplnsg,2.661,100.7,100.56,39.01,1.2136,1.4474,19.82
Xs8c__Afgvk,3.3207,170.61,76.8,32.59,3.9469,-0.6261,83.71
ckpIVQ_070A,,,,,2.3402,,
7Z_lIIZdLfE,3.0796,63.96,89.52,25.06,2.8191,0.2605,33.9
EWaOSZZXN54,3.2153,75.63,116.72,26.78,3.1438,0.0716,9.86
Hi8xBks5rQA,1.6381,121.04,134.13,20.66,0.5149,1.1233,-63.17
lZCS8volRFg,3.0548,101.82,127.53,37.14,3.5019,-0.4471,35.75
2tL6XQkEI7M,3.2677,124.75,118.25,68.0,3.3471,-0.0794,68.98
i_U6tUkZ4-M,2.9959,139.49,139.48,27.79,3.0168,-0.0209,52.7
XTkZ_j4Fv5U,2.8363,119.86,137.23,39.01,2.8738,-0.0375,71.74
uK439hgj1p0,2.9777,165.66,104.74,46.73,1.7267,1.2511,30.02
RtMj4FR8xnM,2.3736,68.05,154.44,44.37,3.0173,-0.6437,35.02
7HkFekbLQuA,3.1282,137.25,123.99,33.6,3.1923,-0.0641,61.92
3JuGq65D6CE,1.3986,61.12,55.13,4.44,3.0549,-1.6563,29.76
y9I-VlV3w-Q,0.8125,10.45,222.9,35.91,2.0552,-1.2427,-21.09
61Fp8v9bkPY,,,,,3.0623,,
Uwggwo-k2Tk,3.0572,99.88,131.11,37.98,2.928,0.1292,39.16
cMEK_wn0ISE,2.3258,114.56,108.35,38.18,2.7648,-0.439,58.38
pYLJr91CIv4,3.3165,140.31,119.24,35.57,2.8549,0.4615,38.57
K3ZlruYvJAA,2.7517,134.41,125.36,40.85,2.6787,0.073,54.99
V6May_iPgmE,2.4388,143.68,127.76,43.84,2.5227,-0.0839,68.47
JyWca4Kwix0,2.5933,114.65,147.29,38.43,2.7302,-0.137,42.53
mdayXrRnPHs,2.3976,118.97,149.08,27.49,1.6666,0.731,22.51
9vj3hzLNP_U,2.7756,112.59,128.23,42.97,2.9947,-0.2191,9.46
MgPipc0VKo4,2.1821,121.58,140.07,29.93,1.3732,0.8089,8.82
TA9XCmHcUm0,2.8503,116.49,142.99,32.79,2.0112,0.8391,17.76
OmnoDxZ73VY,0.8278,109.95,154.14,15.3,2.1921,-1.3643,30.45
Vc8ueMrk3QM,2.4367,164.83,116.82,46.13,2.8624,-0.4257,57.79
62RmjOuvoPY,2.673,148.09,148.59,26.78,2.3945,0.2784,34.98
kzWlfcLjfoU,2.3016,182.6,171.5,26.27,2.28,0.0217,9.7
Xp9SiauRSk0,2.738,176.28,126.64,44.32,1.7476,0.9904,1.42
cSKbd6ao850,2.4233,181.59,149.3,24.07,3.1372,-0.7139,31.47
WYW-mw9Hqes,2.9132,145.06,111.2,27.48,2.7782,0.1349,-18.72
X26XDMKuc5w,2.5133,152.16,136.68,26.79,2.6572,-0.1439,69.46
4hRViCh-8wo,3.4405,135.63,121.13,47.3,2.7854,0.6551,67.28
ZD2KbNE34zU,3.6423,163.95,104.24,64.79,2.5816,1.0607,78.4
CRPq7vl4jd8,3.357,152.25,91.61,39.22,2.5398,0.8172,73.23
Xl5gYnBZeGU,3.4111,153.73,106.51,56.14,2.4786,0.9325,55.82
2sDDWdeFyJo,2.2891,150.33,115.2,34.97,1.4409,0.8482,-5.0
FfWhVOJvV-E,3.1431,103.09,111.68,30.65,3.4111,-0.2681,13.6
1mIcOUxA6jM,3.3752,85.9,133.12,43.86,3.0422,0.333,-35.65
4OkKh2mS70M,0.9316,115.84,148.04,26.57,1.7386,-0.8071,-19.96
UdM6N8k9pdM,2.7224,138.26,95.04,48.85,2.3027,0.4197,-22.97
qa0a9VvcfCU,2.6916,92.84,116.67,36.04,2.2096,0.482,-34.61
-ouBmItj3ho,3.0159,33.88,52.87,22.48,3.1455,-0.1296,-7.75
mK5xBef4dvc,1.4433,0.46,33.66,1.72,2.6238,-1.1806,-32.28
X9scaMcg_lU,3.5108,94.55,93.64,35.5,2.6131,0.8977,64.03
OvvWo510yg0,3.2869,106.32,95.62,34.88,2.6969,0.59,17.74
P8Wd1Ds6bE8,3.4735,109.02,89.33,45.27,3.1208,0.3526,50.14
9qfhMRTare4,2.9628,144.3,89.91,29.49,2.7875,0.1752,107.27
V2qVJ57p7CA,3.3793,96.34,82.93,31.02,2.5087,0.8705,59.38
S7vJ33Q1p0U,2.0732,144.03,92.6,24.03,3.1916,-1.1185,56.59
5AiUuuWLBiM,2.9993,126.6,111.67,50.76,0.6136,2.3857,45.28
6DfIQtPd50Y,2.695,101.74,124.63,22.77,2.5331,0.1619,-7.32
Nfux-4wtk20,3.0376,124.51,98.9,27.29,2.3881,0.6495,-56.85
9GySoONzcZY,3.1032,163.21,102.05,51.2,2.2475,0.8557,-23.69
ph3KbN4JLBk,2.0035,176.63,124.27,17.37,1.1107,0.8928,14.08
cQL8Wf9Ia3k,3.3601,123.06,124.02,42.33,2.5201,0.84,81.66
wGOonVxXARk,3.7012,138.22,95.42,51.55,2.7369,0.9643,77.84
7nfsa4nhQ5Y,2.8853,58.35,179.37,59.09,3.1506,-0.2653,12.98
sGjqTrlglkI,2.6847,120.85,148.44,45.27,2.4058,0.2789,5.3
lPVstzb5XrE,3.4431,140.22,126.02,38.76,3.1273,0.3158,65.98
nsBhrktA3-s,3.667,107.65,100.79,31.5,3.5362,0.1308,42.62
SL3D6XPxKxE,3.5213,105.49,101.64,44.44,2.9628,0.5585,43.95
ZPFN6jxDezE,3.7237,175.78,149.0,60.93,3.4759,0.2478,105.98
z4SzKQsSwQI,3.2768,129.3,180.58,44.15,3.1919,0.0849,34.96
-pcefIFzuVw,3.544,97.78,119.89,28.93,3.2968,0.2472,-1.77
Jwejv9W6KCM,2.8664,65.45,175.57,33.95,2.0863,0.7801,-18.38
yz4MqV4sVWY,1.1814,134.63,136.51,33.08,1.5307,-0.3493,17.94
N8Z2rFu3-oA,2.0284,148.2,93.35,30.12,2.9873,-0.959,2.11
_L4W3xTtcJ8,2.9772,93.2,124.23,46.23,2.8503,0.1269,18.24
tmxai635e_s,1.9043,181.42,66.79,18.02,0.6639,1.2404,29.1
H5tLnt973QI,2.3545,182.31,69.38,20.59,1.3056,1.0489,33.32
-gbxe38Q-xY,2.582,73.23,116.54,27.26,1.3698,1.2122,18.63
lT0QgtfhtHo,2.5648,126.35,111.47,62.49,0.8215,1.7433,-35.42
KT24s0PCwZA,2.1487,61.32,188.01,29.41,0.0,2.1487,61.32
j4HasVGBv4Q,2.7897,99.95,139.18,44.23,1.3272,1.4625,47.41
-MKPZX35Ef0,2.9134,124.43,128.54,40.46,1.7277,1.1857,31.37
3TFzXMAabN8,3.2556,100.88,135.05,66.86,2.3702,0.8853,4.31
u6E2Wzk35HM,1.7851,83.2,123.89,16.62,1.2904,0.4947,13.38
x4lelf1omFA,3.1906,110.59,123.58,48.41,2.2587,0.9319,23.4
jPPwdR4BUnM,2.8148,56.71,132.05,25.03,2.3869,0.4279,5.93
AsjozZJutOM,3.3055,86.24,130.7,44.4,2.9145,0.391,26.37
jtgc_0ks0Ns,1.7758,61.35,167.13,16.37,2.4487,-0.6729,8.52
nIGATjyVsj8,1.6086,49.07,183.45,32.15,1.6365,-0.0279,37.06
tMrsg8Xif-c,1.9212,84.37,124.61,15.83,2.2437,-0.3225,29.91
344PHl5A7nM,1.5894,90.91,124.82,13.94,1.1518,0.4376,17.2
z90hFa0wcpQ,2.9689,114.61,42.25,53.21,1.1886,1.7803,58.15
OXuHQohZ0A8,3.2786,82.66,86.36,28.47,3.1527,0.1259,47.5
C5jBtwObFaM,3.228,121.05,99.82,32.25,3.0395,0.1885,73.87
gaZf_MF7OH8,3.4135,108.71,84.99,38.43,3.0737,0.3398,25.94
fYyRM-17oC0,2.8855,77.49,81.27,21.82,3.0571,-0.1716,16.96
OAKW6n8d7i8,3.0111,130.69,88.2,26.79,2.6294,0.3818,16.95
iJPXMPgzMcQ,3.1258,73.04,98.96,26.87,2.7579,0.3679,14.67
RVV2kOKsUdw,2.7974,77.55,83.66,21.89,2.4956,0.3018,62.84
ddrLxjLhcpA,3.1387,58.53,104.2,19.48,2.4482,0.6905,-9.54
zHwmMQoepik,3.1487,63.77,107.07,19.27,1.3622,1.7865,16.26
p-ddKzYfuUk,3.3002,56.54,113.23,17.77,2.2028,1.0975,-47.64
XSlmnhFpegQ,3.2862,45.72,104.17,26.54,1.0505,2.2357,10.88
k6k09WgBDHw,3.1554,44.54,114.99,18.12,2.3328,0.8226,0.41
zNWXYI4trTw,3.0494,60.41,114.7,17.4,1.305,1.7444,-14.01
TqGWAlTUkc0,3.2431,63.87,103.61,23.33,3.0601,0.183,4.43
gh7tU0buOD8,3.2137,62.24,98.77,18.72,2.2263,0.9874,10.01
cpems8b6MP8,3.0088,159.06,163.55,39.25,1.9192,1.0896,38.47
Yt6eLT2B4Kg,3.1954,152.71,142.96,40.7,1.8752,1.3202,55.75
bUAel3DEO7k,2.9553,136.43,161.15,21.83,3.2487,-0.2933,79.35
fXMif64QGDY,3.3025,127.3,152.17,37.62,3.603,-0.3004,36.55
8Kwv9kMl83o,3.0034,129.08,154.84,22.4,2.3805,0.6229,24.87
jIJwqh1C1DQ,2.9252,114.85,116.89,46.39,2.9503,-0.0251,66.06
Yg0G2TRuyPo,3.3778,97.71,106.26,51.49,1.9182,1.4597,2.88
WVVWjNJwVxA,3.0182,97.45,105.41,40.71,2.93,0.0882,57.48
IG-VEyuLmHA,2.9067,92.05,120.74,38.94,2.2458,0.6609,24.93
mxylDl8KwHs,2.9246,101.44,114.7,40.75,2.8422,0.0823,51.08
EUlOr_xzi2g,2.9356,101.18,111.32,37.22,1.8163,1.1193,41.36
vq4gm5yX6J4,3.3476,101.28,123.43,44.07,2.7934,0.5541,25.89
4pz5YDz-Xa0,2.5568,177.1,121.4,29.68,2.3912,0.1656,70.58
710Y8VoiP10,2.6085,179.04,112.32,35.18,1.4686,1.1399,41.9
EyZRvVmC8x8,2.8179,190.93,118.8,30.82,1.4959,1.3221,126.37
IubRfLVazwo,3.3825,77.85,52.76,27.54,2.9225,0.46,-44.26
AFdPPwjFd38,2.9955,184.27,115.33,29.87,1.782,1.2135,122.86
E7XHOtxQwUQ,3.017,170.38,117.84,28.14,1.5938,1.4231,107.35
5v4ckzcp5fM,2.368,173.77,116.56,24.11,2.4555,-0.0875,79.78
Cv3dcKIODnE,2.6016,141.78,111.91,27.69,2.3546,0.247,70.32
AA99BxRw-5c,2.2825,176.68,116.05,26.48,2.5208,-0.2383,86.64
yGLGVMoyMqs,3.2338,75.22,105.44,32.67,2.4532,0.7806,13.41
qK677GcOuPs,2.3966,176.79,136.42,21.32,1.9717,0.4248,68.7
BSMSfTIcq7A,2.7127,166.54,120.71,24.47,2.6286,0.0841,95.26
cthslzPYu94,3.2265,127.04,109.8,34.14,3.3798,-0.1533,34.27
3E9rIHXXscY,2.9036,148.97,121.81,30.73,2.9801,-0.0766,34.01
UIUQfgQgwqU,3.2354,120.22,108.1,35.68,3.3406,-0.1053,30.87
kj9XWF_4yLs,2.6509,121.23,115.19,22.84,3.0085,-0.3576,31.71
aPRbDctjlfw,2.7947,111.12,124.69,34.01,2.7705,0.0242,42.77
IJ1z9sCS9Pw,1.8147,142.86,141.72,26.09,2.0279,-0.2132,95.78
_k-HmVJcC7o,2.3816,152.71,120.99,20.5,2.0673,0.3144,72.22
ImG-DuTNsjI,2.8475,134.53,125.24,28.55,2.8878,-0.0403,102.1
8-6YB06xQhY,3.5204,71.13,133.34,57.19,2.6952,0.8252,22.18
zstJ_chpZ-w,2.9933,58.31,192.38,33.5,2.2536,0.7397,33.04
4l6PjUzXo5o,,,,,2.3554,,
KMdwr9v3iUo,2.0214,8.57,215.81,11.5,3.1999,-1.1785,5.62
nQJuhDprRuQ,,,,,2.9841,,
HzuSF0VMWnA,1.5944,30.6,214.13,4.82,2.1719,-0.5775,-18.02
AFvp6X62UKE,0.2914,0.56,223.67,8.93,0.9668,-0.6754,0.07
hSQ1M57U220,0.2914,0.56,223.67,8.93,0.9668,-0.6754,0.07
ADb38Zw_zzo,0.3602,7.21,192.29,11.28,0.0106,0.3496,5.06
Wgz-I1tIghM,3.1519,122.17,121.01,36.4,3.0111,0.1408,67.04
rQnutRh4D6k,3.5544,130.41,117.79,38.0,2.7401,0.8143,40.89
UsmNScXxgus,3.6977,123.17,118.28,61.29,2.4928,1.2048,45.06
ZPUsoslHC4c,3.5438,126.69,109.72,57.51,1.9883,1.5555,65.84
TAHx92TV2Dk,3.3504,129.98,115.68,61.01,3.3301,0.0203,83.28
sJ-xan5mUfA,3.7057,123.32,108.29,61.79,3.0735,0.6322,62.25
WDeTBfVOy10,3.502,116.87,115.1,55.87,1.696,1.806,73.9
RNr_Y4fDAhA,2.9724,168.82,83.55,41.66,1.3032,1.6691,19.89
8pU-cz7NyiA,2.9197,168.11,85.08,41.56,1.3236,1.5962,26.44
BW0bUkWkmyo,2.9627,169.93,82.04,41.0,1.3193,1.6434,29.26
dmIWrPEyXuQ,2.9572,167.86,81.52,40.98,1.3346,1.6226,25.85
OPPkJrfexsA,2.9255,168.02,78.34,40.07,1.2517,1.6737,22.89
1m6QJEY-mwk,2.9644,169.02,82.0,41.65,1.2659,1.6986,28.3
jF2tNpgoByM,3.0503,176.11,79.51,40.16,1.2784,1.7719,32.07
x6GvGTdpqHE,2.9064,167.48,77.29,39.56,1.2437,1.6627,23.01
_MNCTzC806w,2.9255,168.53,76.29,39.47,1.3,1.6254,26.61
RoMP5bRt0X0,2.9483,169.88,78.57,40.18,1.267,1.6812,30.52
mbZFHKjQ578,2.9907,100.83,92.71,45.63,2.6784,0.3123,51.8
SOtmTyd0uIg,3.3288,167.64,90.56,45.49,2.4189,0.9099,88.82
gpBDkD4f78A,2.8072,138.87,98.97,23.19,3.3269,-0.5197,40.73
u8Qo785eXPc,2.5505,123.51,92.67,17.66,1.4765,1.074,69.59
YqFTIwiOTpQ,3.2025,82.3,77.19,27.02,3.1439,0.0586,45.15
r870fO_0bbM,2.8726,108.53,124.61,41.93,2.3096,0.5629,21.99
lAG8DcB_mf4,3.0357,131.0,130.47,38.22,2.8537,0.182,1.84
Ka7a4L5bYks,3.0571,132.35,143.18,47.82,3.0524,0.0047,18.04
ILLROrWFLIo,3.1245,88.43,126.05,38.9,3.1321,-0.0077,24.04
UZL-lIIu_h8,1.9595,161.15,129.32,46.21,2.8386,-0.879,55.04
egg2xpN_Hb0,1.9627,180.29,127.15,48.0,2.7216,-0.7589,48.45
sKzuBL7jubw,1.4977,171.34,126.3,45.26,2.6503,-1.1527,97.94
XERHd_BLStU,1.9415,183.15,123.6,43.54,3.1851,-1.2436,63.36
o_MiSAumGFI,2.1771,125.11,153.99,33.64,2.7168,-0.5398,21.57
WOH-GQfLCrQ,2.668,85.41,104.8,25.05,2.8746,-0.2065,1.3
08gFHwSZZtI,2.6473,180.49,103.0,24.69,3.0938,-0.4465,102.17
sQwVsKcJIG8,0.137,136.88,71.19,1.26,2.1172,-1.9802,39.99
ZT8qsgz4rkE,,,,,2.9723,,
7m93kJarsXs,2.5952,169.68,83.95,52.73,1.849,0.7462,110.45
zuQtoCzjVNY,2.2465,156.22,138.53,56.89,1.8043,0.4422,110.63
pxlUQrDADtg,2.4556,172.83,72.16,49.56,1.1647,1.291,113.38
5ZTwnL7YBxc,2.335,159.94,84.38,48.01,2.3913,-0.0563,116.46
e5Q89mrY_Rk,2.4536,182.6,88.02,34.46,2.8829,-0.4293,121.99
mCeafbBXhfs,2.6356,159.95,94.89,48.59,1.4343,1.2013,71.96
z6LOxYPMUxg,2.1038,130.17,87.63,43.4,1.0107,1.0931,98.17
S9zYmbcSFWI,2.138,117.98,129.01,39.17,0.6348,1.5032,68.02
JneRsHWYChs,2.3509,160.02,70.82,37.09,2.9811,-0.6301,130.69
4udi9nruQqU,2.3148,180.82,61.54,40.43,2.5607,-0.2459,133.23
23bGJhbbzb0,3.3797,159.34,125.16,51.6,2.7213,0.6584,86.48
G9UNDRLbxls,3.1852,149.7,122.7,31.44,2.6798,0.5054,57.52
mdGFnYDy-8o,3.1137,149.62,104.21,44.84,2.2523,0.8614,74.46
ZzMZ9UI2SqQ,3.2858,125.96,100.58,46.85,3.0255,0.2603,65.67
JLVuX5IoHwA,2.5828,57.11,117.75,51.21,2.875,-0.2922,25.98
yw_Z2dAcgmw,2.9002,70.09,156.93,30.98,2.3465,0.5537,-14.59
zBuFFHX8mUk,0.9295,22.02,79.46,12.36,2.9859,-2.0564,-18.47
-vgsvhyIyyo,1.579,97.29,207.01,36.7,2.4483,-0.8693,58.37
87-o-7tvd70,1.1657,69.68,92.47,4.57,1.486,-0.3203,-17.12
BbV_ezKOANY,2.5786,41.76,100.19,35.33,3.0421,-0.4634,11.2
mt6_miPso6w,1.2023,46.38,87.28,12.87,2.0867,-0.8844,22.89
CRih7l52qAE,2.586,150.09,132.6,26.33,2.4447,0.1413,72.42
9HOwHlrCEC0,2.7514,166.57,124.59,50.23,2.8675,-0.1161,97.65
yDCJaJbUEGM,3.2586,70.12,121.93,64.88,2.0053,1.2534,-79.13
DCs7eG6Bppo,2.8486,65.43,168.13,36.89,1.6476,1.201,-0.27
fE1ZQklMGpA,2.6434,123.67,170.94,27.7,1.8575,0.786,-41.89
l4VXB7SegXI,2.7674,116.22,127.83,22.78,2.7665,0.001,5.22
x4Doio8VLG0,2.4225,161.35,156.3,20.15,2.1642,0.2584,3.23
p0MCsp3X-k0,,,,,2.9536,,
V29GCpmFvHQ,2.9342,97.4,121.85,43.0,1.3604,1.5738,-45.69
eHA4R3GsfBs,2.3515,89.01,191.79,51.8,2.9529,-0.6014,44.73
NQR2ljxMums,2.8187,79.14,125.88,34.87,0.9153,1.9034,-18.02
lmH6O48Snqs,2.6554,129.28,103.71,41.28,1.4709,1.1845,-34.7
pNKkzBHntRA,2.7761,105.87,123.48,45.36,0.6987,2.0774,4.91
I1jXZvxMZIU,2.6263,93.72,136.88,28.02,2.1828,0.4436,43.39
EuNqqa2Jxy8,2.9507,75.05,94.56,20.64,3.0059,-0.0552,-11.69
sozoKcnX2-0,2.3395,79.58,100.57,14.04,1.4688,0.8707,6.8
UKurNMFMHYM,2.9751,67.45,82.85,33.03,2.6529,0.3222,-7.05
V4Knkb5ewl0,2.8077,108.23,108.71,35.58,2.205,0.6027,6.09
PMZpoBYw6aM,2.0803,86.6,129.48,16.29,2.5392,-0.4589,-7.83
B0KZ_GpMdDM,2.8715,93.48,87.82,25.1,3.4319,-0.5605,32.52
1cMKMKcVCSQ,2.8602,116.67,86.03,36.74,1.3665,1.4937,-5.04
P_T0eXIpuWw,2.9568,96.77,116.48,33.46,2.9401,0.0167,-18.8
tyljnzGIgvc,2.2049,120.11,114.84,16.96,2.6275,-0.4226,101.19
ZEJRB0_E8I4,,,,,2.1726,,
fAYsdFQkFAA,1.4991,144.12,138.71,43.28,1.8362,-0.3371,90.72
Tyx8VOc4uLI,2.7626,21.97,132.25,43.46,2.497,0.2656,-18.68
bQZSHVOWSQ4,2.2885,30.15,223.23,43.48,3.5348,-1.2463,-4.87
fJwexujD1ps,1.6407,70.6,234.4,29.17,2.8423,-1.2016,16.17
jvWnEPlsL1c,1.8774,60.16,185.44,18.72,2.5243,-0.6469,10.44
OE4jNq4LlcQ,3.606,122.99,76.46,34.22,2.0234,1.5827,17.76
MGYkDmHMJ2A,3.6359,138.83,62.79,38.21,1.9796,1.6563,-12.46
wr69V_O905g,3.4201,135.99,74.94,33.48,2.5855,0.8346,57.33
jdpecByF1vg,3.5176,152.74,71.41,36.65,1.9502,1.5674,36.19
wT6JevpCxms,3.619,156.97,67.16,38.31,2.2908,1.3282,61.25
TdK6GUTYOdg,3.6703,168.8,64.74,45.65,2.4711,1.1992,53.84
OSojx3w-8qg,2.7786,135.32,112.61,23.52,1.6176,1.161,51.84
JiUhRBzUnYo,3.2152,173.9,110.13,33.1,2.2151,1.0002,37.84
YqmTJDtuyM4,3.5163,157.86,113.47,38.45,2.8134,0.7029,60.11
TkVfwxamBiI,3.3564,166.81,97.65,36.26,2.5284,0.8279,71.61
WpjdzUF2FUA,3.2043,90.55,93.69,27.58,2.6974,0.5069,38.89
5fqIC1ZlwJ8,3.3064,87.36,87.41,32.47,2.9684,0.338,23.45
zhX6iJgHyxk,3.4645,94.26,82.4,27.88,2.6637,0.8008,-13.06
P3VqgXCB-Ss,3.5414,96.24,101.35,28.67,2.8062,0.7352,17.36
UHQk7amodnw,3.2747,87.3,84.86,24.89,2.1583,1.1165,25.9
Fj7jfm_FI1c,2.8648,122.56,118.15,25.09,2.0953,0.7695,38.43
RGnRU0fa3wY,3.0193,174.32,120.15,28.37,2.8799,0.1394,66.64
5-t0ziRO6S4,3.1295,184.51,108.05,31.17,2.2984,0.8311,103.87
ZNtVoEzixtA,2.2292,192.17,101.76,14.7,1.4102,0.819,18.22
rUBrlpdr2Ug,3.0985,131.35,108.77,26.68,2.4608,0.6377,55.79
WSgOBwkS-4g,3.2377,197.19,129.64,40.63,2.7613,0.4764,82.46
SCS25goJ0OQ,3.1836,179.1,125.75,38.84,2.7924,0.3912,113.01
rVwNfVaIlj4,3.2587,187.38,109.22,42.31,2.4381,0.8206,140.26
pxi2stiMaCM,3.592,132.19,139.04,38.34,3.3225,0.2696,74.77
T_77ziYUAfc,3.5672,169.87,131.91,43.37,3.5364,0.0308,100.06
WWg5lUItR74,2.9127,100.75,114.09,41.9,2.5645,0.3482,5.27
bjD9vCFy_O0,2.96,107.85,111.25,41.29,2.5978,0.3622,31.37
dhGoOnrZB-0,2.7294,75.04,125.03,34.29,2.7168,0.0126,-40.56
sXCFx9axvoY,2.9129,30.62,124.39,34.29,2.0906,0.8223,-8.14
sKGNU4f6cAA,3.149,161.68,109.0,31.34,2.135,1.014,72.35
6gMGLrqjVU4,3.2906,163.16,111.9,33.3,3.0234,0.2673,89.5
CopyKSw8O8k,3.2935,156.81,97.6,31.75,2.0993,1.1942,92.64
OiwOK8SuBX0,3.3731,161.65,96.34,34.34,2.7583,0.6148,80.92
YVxgweLzWdY,3.3033,142.04,105.5,33.11,3.0683,0.235,81.05
aWyovC4_WBU,3.2552,141.78,106.38,30.49,2.7372,0.518,92.5
TCbWCbRfyHU,3.2841,148.36,94.1,31.32,2.3642,0.9199,77.23
UTRsdZWxhjg,3.2399,163.74,108.0,32.05,1.9145,1.3254,90.05
O3Fi7apclN4,3.2975,163.78,104.31,32.34,2.7373,0.5603,97.79
ZeAi5fMS47Q,3.2484,177.19,101.1,32.87,2.2795,0.9689,145.85
lnuXdWO9IL4,3.0482,80.91,125.52,27.21,3.0539,-0.0057,22.64
OXtPnQfY9Vk,2.6056,73.47,146.92,21.92,2.3244,0.2812,-2.87
jxFhyzWHxDo,3.0838,78.03,109.02,31.44,3.1969,-0.1131,-2.98
RRp4KWFDP8w,3.0321,67.95,116.29,40.74,3.4693,-0.4373,22.11
6oSeXIX1mlg,2.2492,61.16,125.92,24.04,2.2157,0.0335,2.99
WSjyrJvJAx8,3.0472,97.49,113.87,35.06,3.2538,-0.2066,40.48
2hdS_8WZGEQ,2.8574,94.8,117.51,25.49,2.6376,0.2198,-4.81
_bbYVGonVQ4,2.9291,71.87,115.52,44.49,2.353,0.5761,13.44
Ui7nHFUB0YY,0.7505,46.94,148.31,18.8,1.2398,-0.4893,-12.57
YSiPbypXVVQ,0.3622,136.17,223.92,7.28,2.3754,-2.0132,29.49
Ya4hew60hdc,0.3008,82.57,169.27,54.53,0.0561,0.2447,-13.7
SAk2Iax7Xj4,3.0096,101.29,113.13,33.78,2.8378,0.1718,-3.88
2CrHMKXV0UQ,0.1177,130.27,154.95,2.36,3.0585,-2.9408,58.53
3mUqtGSuA9k,2.8142,99.58,157.04,53.23,2.6617,0.1525,16.07
h_yVXNga2gI,2.6598,128.86,152.02,29.42,2.6225,0.0373,46.16
rK3AzHpPLek,2.4072,75.08,157.05,27.93,1.9868,0.4205,-21.31
9LzH8CkrmWM,3.0393,132.82,129.21,45.76,2.8928,0.1464,40.73
RTgtlu16faY,2.5644,153.58,138.72,29.24,1.9949,0.5696,30.67
xSaeg9Seeh8,2.8579,143.62,123.25,64.14,2.8184,0.0395,63.5
X9SZg5Eq3eU,2.4371,106.96,131.14,40.96,1.9669,0.4701,-17.46
cBKJsOu-pSM,2.9927,142.5,123.56,37.01,2.8365,0.1562,36.54
I6ZD5ZoA0Mw,2.4822,128.35,135.78,42.53,1.793,0.6892,45.81
X1LqWEFjMjg,3.4183,109.69,137.56,33.41,2.8546,0.5637,57.24
KubvPIgG_o8,3.2334,140.66,143.77,49.67,2.9848,0.2486,98.48
qG4eK8Bj0Wg,3.0849,66.6,113.04,47.45,2.3657,0.7192,-11.82
rQ0MgNOHVNk,3.449,105.09,110.67,28.6,3.1544,0.2947,56.42
rXiP_DFFgFc,3.083,94.26,124.78,37.41,2.884,0.199,49.54
6LX-XHQafBk,0.7519,157.31,206.27,8.57,2.2655,-1.5136,61.15
dPtG4b5V42k,0.0,3.48,223.44,21.44,2.4771,-2.4771,-41.78
VS3IG6JrWZs,2.3986,41.8,78.3,15.92,2.5298,-0.1312,-33.51
QPdi08EKKzc,1.685,140.41,122.28,18.73,2.7958,-1.1108,39.41
boDIfqBWsKQ,,,,,2.2493,,
fInYvqYURUI,,,,,0.9588,,
HU-oTc-sSY8,2.9148,119.67,122.79,24.95,2.9975,-0.0826,7.07
fIXV79s55Ag,3.1276,113.73,120.52,63.0,2.2889,0.8386,36.67
PdPmYDH0Is8,2.3202,121.81,118.89,18.38,3.2223,-0.9022,46.96
m0ZAyY5pchU,3.1404,127.47,128.95,26.5,3.0944,0.046,70.59
WX13xMau6Aw,3.2739,127.22,107.52,31.0,3.6603,-0.3864,64.89
tDE4cZP8RZk,3.1805,97.88,133.92,30.31,2.6123,0.5682,41.31
9w9uZe8kWZs,2.8204,100.55,140.23,23.64,2.1519,0.6685,12.93
lc3cXPYHNLU,2.6258,119.1,154.82,21.86,2.2161,0.4097,18.57
huWUoBldpME,3.0363,100.94,122.6,22.33,2.6862,0.3501,31.48
2qdxZl2FfsA,3.1354,98.64,124.22,20.82,3.12,0.0154,15.93
vYUrW2cADYM,3.531,122.77,139.42,39.97,3.6428,-0.1118,26.54
ckNfduPv7wU,2.9203,116.99,114.53,67.12,3.0017,-0.0814,53.12
6iaoFBTIGtc,2.7967,141.12,153.62,30.93,2.2274,0.5693,100.62
IAceyk_CXTQ,3.1154,158.6,136.24,32.47,3.3076,-0.1922,69.01
f_YxTVhRR-o,2.5512,114.62,128.75,38.13,1.9202,0.6309,65.18
jDw-2b4pibQ,2.7435,162.04,148.58,25.73,2.8852,-0.1417,75.78
RKseQxcWuOw,2.8523,82.52,176.64,51.59,2.7245,0.1279,24.6
RPrcUy8VDLU,2.7716,86.36,117.51,27.87,2.5356,0.2359,2.87
uUhEfZ1ndk8,2.66,96.64,115.14,29.01,2.4522,0.2078,14.97
oruHlAHfAa0,2.8133,100.17,117.08,29.06,2.4031,0.4102,13.34
ZV4H1FxZdOI,2.6917,114.41,104.87,30.48,2.5592,0.1325,25.11
5Pv3Xrza3xs,3.0475,96.73,113.7,27.21,2.1594,0.8881,16.98
_56GlOLLZRo,2.728,81.91,111.18,24.51,2.312,0.4159,-0.19
Ii-GwnSCFlc,2.5148,78.55,118.48,22.87,2.2349,0.2799,29.34
e0ahhdAH_Hg,2.7549,102.85,187.74,32.92,3.0643,-0.3094,4.44
hCpnsYOpBY8,0.0,0.02,115.93,2.13,0.0,0.0,0.02
GB-glceHveo,3.2756,42.88,146.03,26.52,3.3842,-0.1086,-26.55
Av6tqa0MyU8,2.0194,120.13,74.75,12.56,2.8177,-0.7983,-2.58
sLoI1g7usGw,0.9032,113.83,38.22,29.91,2.2349,-1.3317,8.09
Yw7WDejSpJI,2.7485,42.73,34.53,43.44,3.5701,-0.8215,-31.66
S6KeMw7-99U,2.76,57.92,120.89,32.01,2.9397,-0.1797,-5.43
HruzZ14C0QE,2.9811,109.18,114.99,34.23,3.1848,-0.2037,61.62
VoaXIKxdx7M,2.6277,85.06,127.74,27.16,2.8732,-0.2454,19.32
75KTFFhbFqE,2.6364,105.22,117.44,28.63,1.9905,0.6459,53.59
qog_Rki6AAI,2.4871,84.37,121.62,25.89,2.5995,-0.1124,28.45
fxKXc872les,3.0558,90.16,115.79,41.12,2.8743,0.1816,24.4
Cx7fWpXqdhQ,2.4132,168.09,149.63,54.41,2.269,0.1441,8.87
hXRALzZCwok,3.1345,187.97,149.7,38.69,2.9271,0.2074,132.4
fNs7vTHA5c0,2.8059,149.29,122.83,23.85,2.2193,0.5866,-48.18
IVWEowBQWws,2.8373,203.05,127.23,40.48,2.7625,0.0748,43.15
ognGsZ3-gsA,3.1806,147.24,109.12,27.5,2.727,0.4536,25.07
xXEbHQ41joE,3.1048,120.01,99.45,24.77,3.1741,-0.0693,45.86
-LPC6efBZF8,3.2644,110.18,111.57,27.9,3.3128,-0.0483,34.41
Yi8K9F_2N1s,2.8352,109.07,105.11,22.05,2.3076,0.5276,35.82
vBNuDe6_yVM,2.9603,124.35,91.86,23.25,2.9147,0.0455,-7.05
_wmpU0wbATk,3.1338,147.3,113.58,47.38,2.9176,0.2163,19.11
aXJOq_Tkf8E,3.1403,101.95,106.54,25.3,3.0299,0.1105,16.57
s3K6QOTNnsI,2.5515,108.34,116.66,25.06,2.0604,0.4911,14.56
3R9LC1u4nYo,2.6911,116.13,134.65,28.24,2.7125,-0.0214,42.31
BVmSN-a07wM,2.8203,102.33,123.91,29.53,2.5398,0.2805,52.46
XebrgHhexM0,2.4029,82.72,116.96,28.52,1.8331,0.5698,58.12
z46e9gyxddQ,2.1935,102.18,120.39,16.7,2.5634,-0.3699,20.66
o0SpPRieMsk,3.3316,71.27,92.5,43.59,1.9045,1.4272,29.29
WPnocWxSj7Q,3.1619,67.34,103.59,39.44,2.2519,0.91,10.23
0cIE0YikWXQ,3.5585,82.95,94.89,49.12,2.8492,0.7093,3.46
1oybxONNNxM,3.1112,85.37,98.47,58.57,2.6551,0.4561,32.66
ykr0WTEqOF0,3.3243,87.7,101.63,35.53,2.4735,0.8508,10.48
1ytxp3lVLGs,3.2287,139.12,107.5,28.87,2.6484,0.5802,71.86
dsroH-cfVMM,3.4098,145.47,123.98,33.14,2.3543,1.0555,79.17
HRigXqj0zd0,2.935,90.12,101.99,24.04,3.0193,-0.0843,33.16
oI2dpDXrKfY,2.9772,74.24,117.32,24.41,3.19,-0.2128,5.38
QEm_VaRVqoQ,3.1969,93.8,105.57,27.81,2.9958,0.2011,44.47
5FObV21t9Vk,3.3618,104.32,112.73,26.33,2.9175,0.4442,2.12
PsK5Lj1-GFU,2.9758,98.42,105.98,28.81,2.0505,0.9252,20.63
iWvflaCkNu4,3.0525,77.79,172.78,45.54,2.419,0.6335,-21.83
mVZNLU8dH4U,1.9869,98.29,175.88,24.9,2.7579,-0.7709,-48.13
1hFI65D3mIs,3.2412,81.35,133.98,48.3,3.2219,0.0192,-23.37
ie70FsAm_fQ,2.9702,80.22,152.26,37.65,2.9095,0.0607,-40.03
NvcbLgHHyzc,1.4698,81.18,131.13,33.5,1.9281,-0.4584,-47.59
TqPWWBY0Zxo,2.6406,91.87,201.0,35.38,2.4474,0.1932,-4.35
FvZY3RM9lnA,1.9391,88.78,182.84,32.07,2.8533,-0.9141,-23.59
n5oZf7t-Zps,2.5229,100.15,139.43,18.88,3.0875,-0.5646,-12.62
F0kPOvCBFo4,2.7748,44.94,176.85,36.41,2.8761,-0.1014,-49.21
YyhDyWr8NQY,,,,,1.3917,,
Z8A5YymxShc,,,,,2.5399,,
ynqAiZzrS7c,,,,,2.6861,,
MFNqyqnYyJA,0.0629,182.51,194.63,3.28,2.0613,-1.9984,95.84
_XJWO1nWy9U,0.0363,82.91,207.88,1.82,2.3941,-2.3579,15.37
MPMjqVBv17A,2.9997,96.81,121.2,27.52,2.3101,0.6896,-20.56
p_Sn4lqvdgg,2.4872,104.38,106.72,25.51,2.2207,0.2665,-15.41
YdHyR70hSrI,3.1919,101.03,132.49,37.25,2.9207,0.2712,27.75
0lbM9dYXtro,3.1719,106.62,112.55,38.96,2.6407,0.5311,25.92
OU9ZhMFsY_o,2.6206,85.12,159.63,32.81,2.3581,0.2625,29.8
PgpzdCJzlE4,2.7995,132.26,112.71,48.71,2.853,-0.0535,6.81
obUFIZxJOXQ,2.6155,65.79,117.93,27.08,3.3105,-0.695,-9.31
XQBUM1dxAiI,3.2208,105.8,115.76,38.03,3.281,-0.0602,-5.47
MzyxZZLz9Gk,3.5286,125.11,94.96,40.1,3.1739,0.3547,-5.24
kVwJ2V402ZU,2.922,31.93,124.1,23.74,2.5935,0.3285,-30.4
yOKga79wIXE,2.3688,152.29,121.61,15.69,2.427,-0.0581,48.67
p_zBGTKedX0,3.4781,44.14,81.8,17.62,3.2553,0.2228,-60.54
lR7F98ueDzk,3.4045,48.67,81.6,18.84,2.829,0.5756,-41.71
zbnOz_nEBHQ,3.6215,34.14,80.92,21.35,3.1138,0.5077,-50.17
3757753j6Y0,3.37,45.2,83.87,17.07,3.3092,0.0608,-75.0
gLITeAko24c,3.2671,43.91,83.68,16.92,3.4479,-0.1808,-70.17
7ZJTdowY3zw,3.2923,41.57,90.17,16.94,2.9934,0.2989,-61.45
9R4vsSYzT5g,3.203,31.29,93.62,16.18,3.1289,0.0741,-62.95
y66av4Uv-Ak,3.2553,49.81,91.51,15.55,2.9902,0.265,-39.22
Rqx2yIDW02k,3.538,117.0,88.72,45.53,2.2789,1.2591,26.12
zT4qCPd8qoc,3.6413,148.27,133.07,56.06,3.2835,0.3578,83.32
maO4etYYU_A,3.4257,131.38,108.87,67.9,3.0653,0.3604,66.67
nHUkEoHEfqg,3.5392,172.97,116.48,44.69,2.4434,1.0958,91.47
VJjLC02Jgu0,3.424,170.06,138.83,54.71,3.3959,0.028,99.61
B1jK1ULO0QU,2.3137,179.83,108.32,23.23,1.6549,0.6589,16.54
PI2lAm7izsg,2.2675,135.91,115.16,20.91,1.5782,0.6892,80.65
3btlJNlMzmg,1.4048,139.58,84.68,15.62,2.8408,-1.436,34.38
KtcIKSho9m0,1.5065,52.32,53.26,39.54,2.4115,-0.9049,-18.25
i_nIyKjGCLY,2.077,22.87,49.19,27.24,2.87,-0.7931,-37.59
RGQ1uAQeRY8,2.388,45.33,44.14,23.04,2.4134,-0.0254,-17.3
ZYCU0sG-_qM,2.8845,101.77,110.68,19.43,2.4851,0.3994,-24.65
IbaoBGsAlAE,2.2859,150.55,147.6,54.63,0.9052,1.3807,-24.68
nSgMadEsaTw,2.5892,119.94,125.26,48.86,2.2003,0.3888,20.88
kqYC-NcL2Cs,2.8666,103.83,125.04,36.2,2.3896,0.477,26.64
AfRdt3BJzJY,2.4593,101.13,102.41,23.86,2.148,0.3114,-42.15
MguINRjpSQg,2.3341,39.21,106.58,33.15,1.3443,0.9897,-13.95
D5yxjspyxPk,1.1081,36.14,106.57,25.75,0.3104,0.7977,-58.97
SUY6LSK38qw,2.5225,142.34,86.44,20.54,2.4988,0.0237,-50.9
NJQFRwOz_O8,2.9277,61.44,110.08,43.3,2.2428,0.6849,-32.96
86uBvrof2IY,0.9954,91.68,85.17,18.79,1.3519,-0.3565,-37.85
SrdEiLfr4Qg,2.0699,69.62,89.0,21.75,2.8263,-0.7564,9.29
UDeicp4-85s,2.7668,12.69,69.62,25.94,1.5891,1.1777,-49.78
AUgZVy0mtnk,3.0012,9.08,66.04,28.26,1.2459,1.7553,-14.59
wE8BNVdKseo,1.9001,50.61,94.81,11.27,1.4671,0.4329,-67.16
sqEm03va4Fo,2.3258,93.7,112.82,31.73,1.0776,1.2482,-31.41
aP81rgepG74,2.296,156.24,140.81,43.89,2.7945,-0.4985,-18.65
8xmoXMVvyP0,3.1158,79.03,110.11,47.51,2.4348,0.6811,3.94
avcHrDdSJ8E,3.1036,74.1,107.82,40.93,2.8351,0.2686,0.41
3Cd2m1L_Uj8,1.7362,115.4,110.21,44.77,2.2947,-0.5584,-75.54
abjGoYzl7ug,2.0798,121.02,117.98,38.14,2.5356,-0.4559,10.45
EJlyJQooz1Q,1.8989,129.22,170.76,15.76,1.9155,-0.0167,38.78
utP8aHWCkHQ,2.0689,104.59,119.36,40.31,2.4382,-0.3694,-9.71
hOrk70XWFGI,3.1299,86.15,136.27,31.45,2.3752,0.7547,46.33
AGeLChWM8eY,2.9823,38.17,85.24,18.28,2.8704,0.1118,6.87
foUkbeZhwcE,3.0489,89.34,132.76,43.91,2.2148,0.8341,54.18
wdadEOpViKE,1.7486,120.86,112.21,37.32,2.5616,-0.813,11.15
0usFQkDKOiw,1.8564,7.52,72.67,23.65,2.4337,-0.5773,-9.82
ltmerRsvbIA,3.0346,54.35,93.31,34.76,2.7187,0.3159,1.23
XQ8ycA63C9o,2.0462,118.38,115.71,38.72,2.5214,-0.4752,7.27
nqhOWL-njlg,2.6757,55.87,86.61,17.15,2.7837,-0.108,16.78
7GPm9bhKDeA,2.6632,83.98,77.85,17.6,2.3908,0.2724,52.53
vlu95TDrBTg,1.9878,72.73,101.22,15.07,2.2553,-0.2676,47.7
EsFSLlAYGXM,2.012,105.77,116.44,16.94,2.6383,-0.6263,56.69
5uAkrTiL6tM,2.0449,137.86,95.3,16.05,2.7881,-0.7432,81.79
OLp7mt3pcrk,2.8063,105.55,84.81,29.5,2.8157,-0.0093,11.21
fagUScOiF_4,3.1296,93.9,85.21,33.15,2.3431,0.7865,16.3
FTgtcz_IECI,2.9751,149.24,87.21,24.42,1.4986,1.4765,95.62
3-cHXAd_SWc,3.1014,184.08,94.62,26.66,2.653,0.4484,121.56
ng-IeGHkyoM,1.3408,133.63,128.74,39.98,1.8265,-0.4857,5.62
wiXN9XS-g2Y,3.0015,165.63,103.28,30.78,1.7757,1.2258,130.62
9VA80UIbJmY,2.8443,160.74,100.1,22.53,2.9977,-0.1534,160.4
mXm4eMW-UvU,2.946,129.14,88.13,20.37,2.2638,0.6822,129.03
gQSUqlIFrLo,3.1048,170.45,105.73,38.48,2.2459,0.8589,95.73
vZXQKmMnTAM,1.7926,55.9,140.92,19.7,2.4523,-0.6597,-2.39
zTljhCBrxAI,2.1939,144.45,130.24,49.84,2.8601,-0.6662,76.94
8gvbGF39nC8,3.207,170.24,110.4,31.33,1.3806,1.8264,85.04
2hTAfJ1vs0A,3.6374,179.5,147.6,44.41,3.0792,0.5582,86.93
ehrUGEKufkM,3.4262,177.72,142.39,35.09,3.6439,-0.2178,97.01
n0enuSluuW4,3.5519,159.34,136.67,52.87,3.1887,0.3632,82.11
XW4yEzPLhdM,3.5607,169.17,133.31,42.15,3.6174,-0.0567,81.68
TIb_oYkIQQ8,3.4915,163.81,133.4,44.49,3.7179,-0.2264,79.51
wwyeP6XtQmY,3.4085,146.02,141.58,49.78,3.2858,0.1226,79.98
EP-pyfK-uzI,3.337,128.88,131.61,38.37,3.4985,-0.1615,68.57
ASQMvHlNkKY,3.3221,132.77,130.53,36.77,3.4236,-0.1015,54.72
wxfPOnOgeB0,3.2184,139.39,135.85,33.01,3.2757,-0.0573,50.45
wMUpbPFVlko,2.6693,98.47,123.66,35.51,2.2948,0.3746,-10.27
p8KJDnqrYYM,2.7095,165.48,112.0,26.4,2.1813,0.5281,30.36
Kshdu16MCm0,2.4311,83.94,144.3,17.61,1.8513,0.5798,51.34
52v_npkUDg8,3.5048,161.85,139.43,41.08,2.8926,0.6122,37.52
_H79pulPAnQ,2.7065,83.88,135.85,39.41,2.5419,0.1647,-17.52
aw6fooF3TZE,2.0245,135.99,125.03,12.17,1.3909,0.6336,-13.37
lDPz8ZSDsZ0,3.0452,106.57,125.75,41.0,2.9583,0.0869,10.67
4QAS-yil-BQ,2.7682,132.72,116.16,31.34,2.5376,0.2306,7.41
6ZQFf9V-0f4,3.5789,139.5,132.84,48.59,3.3332,0.2457,64.76
WWnDJom0FG8,2.4165,160.43,206.78,48.71,2.806,-0.3895,40.64
vAbTi0rd6lo,3.5277,131.16,68.68,32.91,2.8412,0.6865,36.63
SPIp52Tkrpo,3.2699,101.54,120.63,38.73,2.5831,0.6867,31.08
V-9oNiLRPwo,2.6783,77.0,175.69,21.86,2.9662,-0.2879,38.28
Eu4WnyhyQlo,2.6967,131.4,170.14,36.98,2.5918,0.1049,40.45
MP4IJ9qKE0I,3.2225,81.33,93.21,49.21,3.5105,-0.288,-5.33
5eHv79nv8hg,2.3509,133.67,137.85,42.73,3.4536,-1.1027,67.22
3AglrxhKQvw,2.8777,185.35,124.67,31.46,2.3647,0.5129,46.49
Fw_nSdHeAuc,2.7977,120.63,98.81,22.54,3.0987,-0.301,41.54
RLDGc_IS3lo,2.8776,128.77,169.63,28.68,2.9008,-0.0232,79.78
zpv7mWSX3uQ,1.9341,84.95,204.18,30.8,2.0894,-0.1553,70.06
8OMZaH12ye8,3.1129,145.84,159.17,45.95,2.8351,0.2778,101.1
RCTyK9iM8Oc,3.0883,153.02,150.76,32.24,2.2943,0.7939,101.05
L61b8LCbhH0,3.1894,114.25,79.02,29.54,2.8832,0.3061,1.91
w_eF9OvyaO4,3.0301,182.29,64.03,61.03,1.5007,1.5294,82.42
Gr8irUoVkpA,3.3923,151.9,80.11,57.63,3.0056,0.3868,36.25
q_z4N6QAe48,2.9912,113.92,60.69,39.48,3.5385,-0.5472,48.08
TjuVPx8NZKE,3.2565,137.06,91.15,32.65,3.7893,-0.5328,78.02
NmH2T-6xw0w,3.4143,142.33,92.44,36.46,3.0256,0.3887,69.94
4BO-21tlod0,3.2832,101.72,72.69,29.69,2.8541,0.4291,-25.57
AmjxDH2JXQg,2.9589,71.42,82.42,38.41,2.2147,0.7443,-51.86
iykN_Lj6Mmw,1.003,35.87,176.68,36.83,1.829,-0.826,-65.04
K7Oh47uUIW4,2.8505,119.17,137.62,46.48,2.437,0.4135,-22.86
QqH4GSvQX2A,2.3242,136.73,136.22,27.6,2.4842,-0.1599,21.13
b5dxHCyC_lw,3.0389,114.46,146.4,41.83,1.7447,1.2942,88.02
GCJXLCgAiPM,3.3767,139.09,128.99,58.12,2.3202,1.0565,89.51
flqLCzcbVrE,3.187,82.8,105.83,23.6,2.3463,0.8407,39.9
FBhlFHQ-f9g,1.8989,54.23,222.41,35.66,2.9104,-1.0115,0.71
y_u3-c8pZ9s,2.4844,23.65,149.61,11.15,1.7564,0.728,-33.48
p0fGaoLh2_s,3.0943,66.32,129.62,39.22,2.5748,0.5195,28.35
dGIwaKWFy0g,2.6176,56.98,136.24,53.37,3.1881,-0.5705,12.92
_j5t6TX36SI,2.6317,88.25,192.71,25.22,2.8542,-0.2226,-19.53
U2de9c1NqRM,2.6317,88.25,192.71,25.22,2.8542,-0.2226,-19.53
h91CfvgL9ps,2.6317,88.25,192.71,25.22,2.8542,-0.2226,-19.53
GcmR91dgdyU,2.6317,88.25,192.71,25.22,2.8542,-0.2226,-19.53
_efwidlar-4,2.4756,61.62,125.69,25.63,1.0864,1.3892,28.29
HMvkQCM_IFE,1.4746,80.98,141.57,26.4,2.44,-0.9654,67.78
-N3y6mxgJeQ,1.9871,86.81,120.06,16.33,1.3808,0.6064,85.05
uSLSmYHCMm0,3.3356,44.06,65.86,34.83,2.3621,0.9735,-14.1
eIGbvpTfeSI,3.1858,41.31,101.16,40.41,1.0925,2.0934,33.03
RIR-WYlIvdM,2.9299,111.6,73.26,23.59,1.693,1.2369,20.85
-VPAvk5vVCA,2.9642,96.72,106.59,19.42,2.2361,0.7281,-0.23
1ZxBsou4eXY,2.2861,98.46,152.14,35.38,2.4886,-0.2025,14.75
KUzly9IH4bg,2.6618,118.8,129.98,45.79,2.5859,0.0758,44.57
SH67aTpNCYs,2.6618,118.8,129.98,45.79,2.5859,0.0758,44.57
CCA70BZEoHc,,,,,2.2829,,
wsaKTFw_TOI,,,,,2.0206,,
YMrSMsHIkkc,,,,,1.9512,,
uOGsfmetYgI,3.1004,128.26,88.99,31.92,1.7703,1.3301,78.85
I7D-RC8U_Bg,2.8357,40.57,111.37,42.79,2.4833,0.3523,-6.82
bXf3rz5gPMI,0.8498,20.48,46.26,4.03,2.0134,-1.1637,-112.47
-HCqTT3Zqj4,2.3991,44.05,51.97,38.41,2.2071,0.1921,-13.57
wlQJ_0XlM2Q,1.6838,135.71,74.75,22.87,3.083,-1.3992,53.24
0KWo_-UKPCM,,,,,1.5366,,
PxPM80_KRh4,,,,,2.8824,,
qLBDC6e_HZU,2.5799,115.37,110.42,35.66,2.0164,0.5635,-8.21
eBF8E1CfUiw,3.3745,137.01,127.55,43.96,2.5555,0.819,45.92
SXcpW_p-Tc4,,,,,2.7548,,
MIvevQDxf-k,0.4844,95.19,243.45,41.97,1.4433,-0.9589,-6.47
C58ONVMFPvY,3.2712,147.19,142.98,38.36,2.3459,0.9252,112.76
sZWyDp_72K8,3.2497,175.8,137.11,33.81,0.9355,2.3142,106.77
Md9PWj7bIkQ,3.265,175.4,136.44,32.91,0.9145,2.3505,104.61
-lTeLR_fgsU,3.6102,101.9,136.47,49.37,3.2562,0.354,-20.41
tPACND7gC9M,3.0627,109.51,122.35,39.28,2.5005,0.5623,3.32
jKTI57iwGS4,3.2648,151.32,78.5,30.68,3.2933,-0.0286,69.06
66qo_xpvuag,3.3849,46.44,99.81,22.43,0.9574,2.4276,38.61
_L-lbNK6XxM,3.4132,57.93,115.01,23.77,2.2034,1.2098,27.52
nF9gRQz5HQQ,3.253,46.94,101.24,18.27,1.5053,1.7477,31.07
zKs8l4iu5mM,3.254,51.6,104.9,19.23,2.2633,0.9907,10.26
TymBazDc7Lk,3.1785,45.51,98.83,17.19,0.7866,2.3918,-2.97
6bri5JUMJc4,3.1237,67.57,99.46,20.73,2.2872,0.8365,36.54
3DCoGStYoXQ,3.0568,47.78,102.51,19.92,2.5033,0.5535,-1.44
E670btNK4rM,3.2693,59.32,93.39,19.75,2.1121,1.1573,-2.13
4TNMoV52UcI,3.0628,57.95,95.92,21.1,1.2059,1.8569,56.92
8F298eenVbo,3.141,35.19,94.13,16.15,1.2288,1.9122,34.18
Mugf1V29yGY,2.4288,82.89,158.46,41.75,2.3964,0.0324,-4.77
i5TdXFZIsNk,2.8642,156.77,157.59,35.42,3.193,-0.3288,111.3
KeF_oSkMSy8,2.69,139.98,171.08,48.67,2.805,-0.115,35.77
Lg7Q0m8z7Qs,2.7059,190.74,139.16,28.55,2.6346,0.0712,68.8
0kPOT-SmeD0,2.8907,109.5,125.83,31.06,1.6869,1.2038,16.74
6s-TdFV1KKU,3.2539,150.02,110.44,32.91,2.0846,1.1692,21.48
6DStSXx7LUY,1.6099,86.29,182.79,28.49,2.8771,-1.2672,17.02
K8nUA8CwzcA,2.8266,137.26,122.15,25.33,1.94,0.8866,55.06
sOREU9knslg,2.4692,115.38,145.55,19.72,1.4107,1.0585,8.88
AXxjN0wSMY0,3.0139,117.23,123.02,27.51,1.8709,1.1431,3.91
R4FBPBNP4-s,2.4792,135.43,133.68,21.28,1.6471,0.8321,30.45
t_EcdMeJrO0,3.043,128.32,123.82,46.65,1.8695,1.1735,35.35
jrO2wtVjbi0,3.0125,182.33,121.56,27.24,2.4051,0.6074,59.81
w4PRH-xxizg,2.6203,121.83,132.7,24.51,1.6372,0.9831,20.73
M8P8B2godoE,3.3405,152.1,121.07,60.34,2.9695,0.371,64.47
xusds2cU85o,3.3328,154.87,121.21,61.67,2.5003,0.8325,70.52
lDUp-yKwhCU,3.3436,150.43,117.34,62.66,2.3916,0.952,84.01
vNLzqCERbUs,3.4282,150.28,119.63,74.96,1.7575,1.6707,49.55
9tVuASUZFsU,3.102,126.43,116.61,27.38,1.7381,1.3639,-36.03
guH_Me6cs2s,3.6704,104.95,68.46,31.75,1.5306,2.1398,0.95
O2Mrj8OqnL4,3.7513,111.78,65.13,32.73,1.8188,1.9325,16.69
AMvGNoIJfIk,3.7264,110.83,69.28,32.77,0.8869,2.8395,33.03
QA4fvey96Pw,3.7216,113.96,70.37,33.84,1.2594,2.4621,72.8
ThESgv49xsk,3.5727,121.66,69.15,31.63,0.9898,2.5829,30.48
HRq3R4pkT0c,0.4416,156.05,129.51,2.21,2.5083,-2.0666,71.43
rHDvVsxuNtY,3.415,195.13,83.21,38.92,3.3357,0.0794,66.19
c2JJFKZ4bjU,3.6609,151.73,82.75,55.98,2.6031,1.0578,46.7
fJmd6ZhoIIQ,3.2702,197.84,112.48,61.32,2.7762,0.494,100.03
75Mdk1VzuFg,3.4981,158.98,89.97,36.73,2.9903,0.5078,45.92
n94AmXrjc6k,3.6053,161.24,88.37,40.9,3.0388,0.5665,49.4
Tpqi21S9o48,3.6766,204.14,83.95,60.81,1.6215,2.055,82.39
N7fCKcwxGKk,3.5168,123.93,89.85,30.45,2.5881,0.9287,11.84
8PztCgsZWKc,2.6053,130.28,98.54,25.06,1.3727,1.2326,67.44
z6xWleeu_3o,2.569,139.95,99.83,29.73,2.3239,0.2452,95.24
iZnO84gsdJw,1.7931,103.05,106.77,18.65,1.3126,0.4805,71.4
UmqZHeDUYcw,3.4164,156.46,100.69,53.78,2.2995,1.1169,49.53
yr3w3y6bLeg,2.7143,79.47,116.18,42.38,3.5794,-0.8651,26.29
XrSDsRirOEE,2.496,96.19,131.51,36.11,1.8374,0.6586,20.84
tVJ-GJHjwuc,2.4464,80.16,121.02,28.86,2.2379,0.2084,48.55
zQZR1zuufs8,3.4087,113.69,88.66,28.76,1.8023,1.6065,20.63
dVYP55wwBT0,2.46,88.15,156.51,38.56,2.8929,-0.4329,-18.59
elmS0DuvEaw,2.5369,75.2,165.65,43.21,2.8737,-0.3368,6.11
NeR6hqpWHBE,2.7066,73.84,184.8,38.03,1.843,0.8636,-16.94
xTOLodBZ7l8,1.5377,80.99,173.01,23.49,3.4433,-1.9056,18.94
jzOgRG1wkOA,3.104,62.31,118.12,43.3,2.8894,0.2146,3.49
Z25Nq_G91fI,3.1339,78.18,176.66,38.92,3.5406,-0.4067,5.0
wGYkS44aOaI,2.6009,133.1,178.75,25.55,3.1581,-0.5572,-21.26
li3l1mLp4vg,3.2358,140.78,163.69,34.54,3.162,0.0737,82.43
kYviQRuTW5E,3.3653,128.91,150.73,51.25,1.8197,1.5455,52.86
eXOC7ZV3OaQ,3.0414,139.12,134.91,25.66,1.9888,1.0526,46.47
om6hCA5GDvc,,,,,1.6358,,
mO7yzVpOGEk,2.963,92.62,102.06,28.6,2.8001,0.163,-97.36
EunyQF5TbLM,2.4095,56.42,104.1,14.57,1.7939,0.6157,-17.26
LMBP9xDVMs4,2.5523,122.69,105.95,17.35,2.6521,-0.0997,42.24
ysnr_UiI_1c,3.3689,133.09,83.51,35.96,3.2961,0.0728,61.21
sqHVGJohRTU,2.8559,68.66,89.47,20.87,2.4584,0.3976,30.57
7yMQ767k32c,3.1215,70.04,95.44,27.37,2.4385,0.683,27.99
myrKeE-IO1M,,,,,2.7834,,
0ZyieQGO-0w,,,,,2.7834,,
J851FsYlt7k,3.0671,50.82,93.32,17.58,1.8895,1.1776,-3.62
AjFg2lDxpoA,,,,,2.7078,,
jDJmJ8LXaqE,,,,,2.7078,,
jyX4UlLhOjA,2.9427,117.06,178.64,43.93,2.7438,0.1989,-12.29
Ld0Oy1PeyuY,3.1636,121.71,126.93,30.68,2.7774,0.3862,19.98
j-_2CpZ5jvE,2.4303,79.85,113.13,23.95,1.5378,0.8924,18.99
j-0Q3cHVL9k,2.9174,42.47,147.78,22.08,2.6845,0.233,-69.23
hJO0j0tFEPk,3.4624,133.36,117.47,32.77,2.9592,0.5032,62.13
xcrYZcWaS-8,3.0916,159.53,115.79,35.75,2.4272,0.6644,36.74
P8uLSEBTEW0,3.1612,139.29,103.91,30.89,1.9663,1.195,-2.21
vbV6KVYcTH0,3.5703,147.82,109.93,34.74,3.3621,0.2082,31.71
Vg1Eq8hYJII,3.4209,162.0,117.5,31.42,2.5879,0.833,16.73
EwcyMagH2y8,3.2246,154.14,116.87,23.1,0.876,2.3486,-24.03
2ZU1DIrm5go,3.1521,145.86,115.95,25.9,2.6864,0.4657,72.36
zsRdg_0CEiE,2.432,147.83,178.89,30.96,2.3241,0.1079,47.9
TbdgZoHzNr0,3.3151,150.35,129.83,43.83,2.5764,0.7387,26.74
s7y5-djOmc0,2.9982,160.28,150.99,38.96,2.5936,0.4045,95.73
BVCOhmiKHPc,2.9223,150.25,150.95,27.77,2.6955,0.2268,45.29
3LDBfMK12YA,2.9412,188.59,126.84,25.32,2.6719,0.2693,61.72
KPuXArng1C4,2.9996,181.68,151.43,31.02,3.1779,-0.1783,42.57
jVTGhwAzj3M,3.0424,145.97,185.53,37.83,3.475,-0.4325,-0.82
hELt3Nx4h3U,2.7919,169.59,157.49,23.0,2.9881,-0.1961,6.47
ytTAOo7AHR8,3.4007,176.39,137.17,42.34,2.9515,0.4492,18.25
znKkD2U8fIA,2.6803,181.3,133.87,41.13,1.5775,1.1027,77.76
tPIjym9awJw,1.9399,146.87,194.13,21.02,2.8287,-0.8888,18.93
XCxABEd7RS0,2.0148,140.98,184.92,14.67,2.7051,-0.6902,13.67
CmEZqDtn5xM,2.6879,125.54,162.7,26.72,2.8816,-0.1938,-12.87
-ZpqmQqaWmE,2.0984,158.21,183.19,16.14,2.8919,-0.7936,23.59
n_WVSyRwb5U,2.2496,146.04,168.6,21.25,2.7113,-0.4617,1.99
C8Tgo-HCTTA,2.0806,119.07,157.65,13.95,2.6095,-0.5289,-2.87
LnJgrE-Swvw,2.636,104.12,169.03,24.21,2.8747,-0.2388,-21.73
e_0eiLsyQTo,2.115,83.33,147.02,73.51,2.0957,0.0193,-24.71
kMPVmuMLhb0,2.5101,103.02,115.44,26.37,2.8831,-0.3731,-10.47
R6SadR-PGsA,2.6004,73.4,122.55,34.22,2.7798,-0.1794,-9.34
QrG2AwdPFJw,2.6696,133.27,111.68,27.9,2.5525,0.1171,-48.67
-cEPUKlrDng,2.714,121.22,108.53,38.37,2.7382,-0.0242,0.13
PwFJONtp70o,2.6823,74.08,119.26,40.22,2.4075,0.2748,-8.03
zmg-xDQmp28,2.5145,91.04,123.78,29.7,2.1711,0.3434,-43.73
jR5urpt7vwE,2.7758,69.92,116.33,37.26,2.3443,0.4315,-9.72
EfmuFrOo750,1.7074,102.01,218.15,22.18,2.4799,-0.7725,30.76
_MwC03bo8m8,3.3733,29.99,171.98,30.59,2.7124,0.6608,-0.82
AmwfYS6ILgA,2.421,156.88,130.7,20.24,2.513,-0.092,8.96
rXh9NYMRdQM,1.7279,142.97,160.42,27.9,1.5927,0.1352,-25.46
SFATLVfo-SU,2.9109,82.51,102.93,38.69,2.7477,0.1632,-10.68
6FHDjay2aVY,1.994,26.84,224.63,46.48,2.6938,-0.6998,-22.87
nCtSeVX2L5s,2.8491,122.21,138.45,28.75,2.3189,0.5302,-3.99
T2qgicDjmrI,1.3841,124.36,170.81,8.95,1.7349,-0.3508,-6.08
M3JFsEXQoTQ,1.9931,111.86,204.34,17.83,1.9433,0.0497,-26.57
78Q3FBLq0gM,2.7618,83.74,88.82,37.05,2.1742,0.5876,-74.59
sm6Ndas-IDM,3.1256,161.65,96.44,27.01,2.811,0.3146,72.98
WVmH_G5nWZs,2.9289,61.46,98.1,34.2,2.6672,0.2616,-38.61
ZdBgg6WJeIA,2.9878,153.11,94.29,23.61,2.6301,0.3577,64.65
FuQtHUReI-A,3.0735,126.14,95.83,31.09,2.7635,0.31,57.94
a8FHe14MD9o,2.9969,56.45,97.09,35.68,2.6656,0.3313,-44.76
9JKF9k0h13M,3.0339,125.69,101.27,26.35,2.2098,0.8241,31.11
KLI4gY22f54,3.1035,146.95,96.31,26.7,3.0559,0.0476,33.72
JEEGn9kpiMA,3.3849,154.09,75.92,30.64,3.2573,0.1276,54.19
XyDF2DeemMc,2.6461,120.95,103.94,18.12,1.9875,0.6586,49.66
lkWPSyuRmQM,2.721,83.22,67.72,18.91,2.204,0.517,52.3
oYdKsZg_7GU,3.3132,125.52,60.75,32.59,1.4933,1.8199,61.4
5u-IwiS2I8s,3.3091,105.95,72.35,25.61,2.6769,0.6322,69.57
UfL7lpDnn5w,2.8887,90.65,59.23,25.66,2.3088,0.5799,72.23
DiKec0ueFo0,3.2549,110.88,71.93,33.31,3.1442,0.1107,56.53
wnODm9sMX00,2.9463,82.4,57.95,19.74,2.8241,0.1223,-10.72
MKfy_f1pTb8,3.2829,106.86,64.69,32.65,2.7759,0.507,37.96
zI5pbgtSnFY,3.2035,108.42,69.16,28.81,2.4967,0.7068,68.65
t-f8pOrdfDc,3.2096,105.84,68.76,25.42,1.5787,1.6309,50.82
LozrM__aJtU,3.4377,114.13,54.29,27.13,3.4266,0.0111,39.1
vFg6W5aqepE,,,,,3.1181,,
AnlsVdDAGWg,,,,,3.0058,,
_0v5ETjT9yY,2.0763,8.92,170.57,24.9,2.9038,-0.8275,1.3
PYJ6ydsV3XM,,,,,1.4148,,
JblCg3i031A,1.2044,199.8,195.27,14.69,2.2945,-1.0901,165.55
3Ih8CyH2rcE,0.9616,37.3,148.58,5.62,2.3389,-1.3773,17.63
jprVb7LG8Ao,0.4741,41.23,183.91,13.93,2.1504,-1.6763,22.77
_lcsRsFpAXw,2.6182,37.58,182.21,35.21,2.2061,0.4121,19.46
hb0NKZ5u7SA,3.5568,123.44,85.22,39.5,2.5855,0.9713,19.05
02Tr6nrxulM,3.3092,131.84,133.17,32.22,2.0378,1.2714,83.08
b2a8r9xuw3s,2.6392,184.57,111.63,19.1,2.6049,0.0343,74.32
BPp3Amwcdxw,3.3133,123.59,121.31,35.77,2.8932,0.4202,-6.15
oAIdfAfd-IY,3.3325,152.92,86.84,32.25,3.4016,-0.0691,53.12
pRoce3dR_TI,3.6593,176.09,78.48,40.52,2.7146,0.9447,70.54
2aUEpNx_d1k,3.0046,142.69,103.28,27.07,2.7723,0.2322,78.01
SZFhUDm76rs,2.9369,179.44,89.02,23.44,2.5086,0.4283,101.75
y0xewdiL08w,3.1585,168.56,73.1,26.78,2.1242,1.0343,90.31
VLYSxICI_vw,2.8782,173.71,76.0,20.15,1.8995,0.9787,62.89
ghHuqhq1RKY,3.2932,122.57,107.12,29.19,2.9821,0.3111,68.96
ososLxg0fOI,3.3205,77.99,88.95,48.15,1.8757,1.4447,24.6
UdlF-YKX-f8,0.951,109.99,232.23,15.5,2.1966,-1.2456,91.48
21KE6BDPA08,2.4415,104.62,93.43,17.24,2.1631,0.2784,25.73
meDEcu1Sf20,2.8473,139.0,57.32,24.27,2.1619,0.6854,15.68
NxGxZMJ5kBY,3.2962,71.55,135.34,48.88,3.2746,0.0216,-20.56
rdIzTLSR5vA,2.8465,77.97,138.43,44.0,2.5328,0.3137,10.44
GsjnBDAaai0,3.018,50.61,115.14,52.6,2.9635,0.0545,4.62
mLRGBT_eLiA,3.3248,74.5,104.88,37.4,2.706,0.6188,-33.55
YCYHSSXSNlc,2.6587,48.34,119.46,40.69,2.3905,0.2682,-16.75
inGGJO3QQcM,3.023,75.91,119.03,49.58,2.9103,0.1127,-6.72
8_jBRmpXA6k,2.5619,62.16,98.51,33.44,2.0322,0.5297,-32.42
SP0yD647WC0,2.3356,117.24,128.8,49.13,2.18,0.1556,-10.73
_m3dotyPk38,2.0191,134.81,135.99,27.12,2.3381,-0.3191,67.82
uavbpB9YLOs,2.6713,127.82,132.65,41.64,1.7033,0.968,62.76
IEDBFL9Hwyk,2.1459,159.7,132.63,24.85,3.0117,-0.8658,99.16
J5pakqRgPyw,1.9004,140.84,134.57,27.87,1.9555,-0.0551,82.91
DmCfz4U8cho,2.0523,146.5,129.72,26.36,2.441,-0.3887,86.39
gNOleCl3g48,2.218,158.42,127.23,28.72,2.9578,-0.7398,98.23
rKtom_RgVmQ,1.7887,153.37,136.49,20.94,1.9249,-0.1362,-0.74
YyVUmMk1zAM,1.8614,153.47,135.36,21.37,2.5814,-0.72,48.56
2kHtCyfLQK4,3.3927,90.48,114.02,36.18,2.595,0.7977,-29.81
7CdwJQklVnM,3.0831,70.23,131.69,31.16,2.9628,0.1204,2.92
gfLyQHaybYw,2.6895,85.27,135.81,27.89,2.0115,0.678,21.97
_9pTggJQnbg,2.5485,71.9,135.35,24.5,2.5788,-0.0304,5.27
Grn33wL1u40,1.9591,58.66,159.92,44.35,2.2966,-0.3375,19.94
nvbJckdyqpE,2.7501,94.34,153.02,32.03,2.7411,0.009,28.35
Vt9BfK3B6Xc,2.7449,85.85,135.59,28.78,2.7169,0.0281,38.2
BWdQw2YXYI8,1.8632,52.95,154.98,39.39,1.6656,0.1976,2.94
Lx5zOsmxewY,1.7679,51.68,147.48,43.18,1.5093,0.2586,-26.04
88we8jHVfQQ,1.9433,56.59,164.07,45.88,1.6777,0.2656,-27.72
8xerOZw_xbc,2.9447,89.14,137.16,38.57,1.727,1.2178,-54.51
aB85XgApP7I,0.4286,81.95,212.38,8.51,0.8676,-0.439,16.64
_unTTMdKJfQ,0.3143,77.27,207.67,7.01,1.7263,-1.412,-35.82
o0_zqmUqkw0,1.7461,42.01,136.78,17.2,1.6252,0.1209,-6.53
UkebcH0hC54,0.3215,107.07,219.99,7.88,2.4033,-2.0818,16.9
hcfFeOJN6Fw,2.348,80.15,181.78,30.64,2.2992,0.0488,15.21
DTaA6RD_KYc,0.9492,106.65,204.4,26.29,2.1386,-1.1894,34.83
kA3UqIIbsRA,2.5131,38.46,132.57,28.82,2.7563,-0.2432,0.66
TMVVgj1zOoQ,1.2782,100.23,144.82,8.54,0.8263,0.4519,4.75
HqChNA3UMLY,1.9356,71.19,131.91,37.21,2.4375,-0.5019,70.34
qn-95FTJyMY,3.4803,115.53,97.66,52.21,3.3442,0.1361,6.38
Yr-f_dUWo50,2.0577,68.53,121.68,36.22,0.971,1.0867,68.43
HUhpxh43qWw,1.939,72.3,117.93,38.18,2.1484,-0.2094,71.08
BL8cf5K_-IM,1.4469,138.94,100.45,15.06,2.0348,-0.5878,3.09
q8nX21B8wmw,1.4449,138.11,99.92,14.21,2.0443,-0.5995,2.35
62SmWdjekOE,1.4469,137.91,99.85,14.48,2.0462,-0.5993,2.09
Rlmj4VgGkJQ,1.3789,139.78,99.36,14.47,2.0848,-0.7059,3.52
65SMykUekqE,2.0658,66.39,119.67,34.56,2.4281,-0.3623,66.1
j-IGh7EuPRw,2.0583,67.15,116.34,35.19,-0.0,2.0583,66.7
iQWVtMrmoEY,3.4718,158.22,120.04,48.45,2.773,0.6988,34.32
arM0d4J_G6w,3.3629,141.58,121.3,42.09,2.9816,0.3813,61.25
GcCLHPCQVV8,3.4657,160.76,111.47,40.68,2.5623,0.9034,9.6
oYlUMw6c-WQ,3.4342,145.49,116.81,44.16,2.9987,0.4354,47.73
v4tJad5HtdQ,3.479,161.89,123.0,58.76,2.0134,1.4656,20.53
4fKcEEZ5xLs,3.3991,140.84,112.79,45.28,2.8998,0.4993,56.89
xAm-UDQ0hTY,3.409,141.42,117.06,39.7,2.5967,0.8123,100.36
XJIxSsWHdxo,3.3812,152.17,116.23,39.2,1.903,1.4782,42.91
j2OVkDsTZno,3.4583,144.03,117.57,41.51,3.3253,0.133,60.88
21cJMyKF6jY,3.3852,159.78,117.0,47.74,2.1602,1.225,34.19
CIOZtQBbZHQ,3.5653,162.38,109.41,55.4,2.248,1.3174,96.04
7aYqpvoIRfY,3.6772,173.49,102.55,51.46,2.9153,0.7619,79.56
mEcsnfOTD6M,3.2969,177.86,117.4,35.37,1.0898,2.2071,47.85
vSGiIk3Y53o,3.5061,213.37,106.57,38.97,1.8607,1.6454,79.81
og1wgq3lgPs,3.2523,158.48,110.82,28.31,1.1524,2.0999,40.06
bcSFp1jY4aE,3.3625,174.52,133.53,30.13,1.7309,1.6316,56.55
0UQLTRutiYQ,3.6202,147.8,132.39,61.84,2.9364,0.6838,118.5
WaOaKsu8dCU,3.337,156.81,104.2,40.15,1.9945,1.3424,41.88
Rq0i5DTwmV4,3.3555,124.93,126.83,43.39,2.9237,0.4318,47.33
NdoA0iu9MMU,3.1981,132.3,168.13,55.31,2.0733,1.1248,71.51
hwgQaWgp7fs,3.3443,135.25,74.1,28.04,2.4242,0.9201,-23.7
I7M-DorWqo0,3.6716,149.39,73.83,38.27,2.3439,1.3277,86.08
Jh3dSnzgmGA,3.5776,166.0,87.68,45.82,2.0601,1.5174,58.64
FSCixVyMEQE,3.3309,177.2,86.75,64.59,2.5118,0.8191,69.58
lmdcWmndd2U,3.2319,151.31,91.9,50.42,1.6116,1.6203,27.72
-aERhiGduCg,3.2259,165.25,102.49,36.51,2.323,0.903,109.18
vdQlZKXLtFs,3.4402,167.47,98.61,51.41,1.5893,1.8508,92.56
9poItQ5tDFo,3.2614,158.43,106.51,46.27,1.693,1.5683,100.32
Y2L0QiP-wQs,3.2166,176.52,102.62,37.9,2.6843,0.5323,81.99
sX2uh8C4jYI,3.3967,189.07,105.47,37.81,2.6069,0.7898,83.62
hYFk48u_i4w,2.4182,59.81,163.23,23.37,2.6284,-0.2102,-5.48
q4QIE_7KxM8,2.7261,140.58,123.9,35.79,3.2234,-0.4973,60.77
bY56uNANrDA,3.2245,91.3,187.13,30.77,3.3279,-0.1034,36.29
5tBZqfjYuuk,2.61,127.54,130.46,31.76,2.4056,0.2044,5.64
nyYiQxcmFFs,2.8235,113.8,102.6,29.85,2.0083,0.8152,70.46
oZWhKTBfaFg,3.4518,150.15,74.11,52.09,2.5219,0.9299,50.33
c5l6RVVvqs8,3.4498,145.81,80.47,46.78,2.5664,0.8834,60.22
4OyN8Rty8mo,3.0595,138.6,108.5,36.17,2.6635,0.396,57.27
SphnSFWczPk,3.4649,67.54,176.11,44.99,2.725,0.7399,25.0
9qNWRqEfcbo,3.3107,184.86,87.52,48.04,2.7176,0.593,65.51
LIJrSRhykfA,3.3338,157.02,107.65,55.78,2.1585,1.1753,40.84
NEQW8CHZvrQ,1.4666,105.07,93.35,22.58,0.5777,0.8889,-50.29
jyHp4-uYKtY,0.8346,108.82,127.1,25.23,1.6261,-0.7914,16.25
KL-ny2NuRKI,3.2785,133.2,142.54,32.28,2.5935,0.685,72.73
gyt5bH-skgY,3.0569,137.0,139.68,26.4,1.1294,1.9274,73.18
b8Mz_ebYZZI,3.4627,160.28,148.04,39.71,2.9712,0.4915,73.14
2cxnoJFESYY,3.0863,139.88,161.73,36.89,2.7129,0.3734,44.64
lA-4VktbzLQ,2.8818,141.87,179.41,28.31,1.8233,1.0585,49.85
kVFhf7QI94g,3.1172,131.21,170.64,31.43,2.5083,0.6089,86.54
DksOwfmpd3k,3.5561,142.57,166.44,40.17,3.0557,0.5004,72.53
AUB2DvBqquE,2.3128,147.95,180.25,53.17,1.0248,1.288,33.82
9GSQ84fH2d4,2.9218,148.56,173.38,31.42,2.8562,0.0656,44.65
nNumdoliblQ,2.1692,153.11,179.15,22.36,0.3599,1.8093,10.76
NNMJGdmNqYs,3.3276,134.59,130.4,60.64,3.6091,-0.2814,99.45
CYc4D5OqeqI,3.272,117.5,153.5,50.73,1.5421,1.7299,86.8
Kz4-txMXG3o,3.1138,115.49,163.01,38.01,3.5806,-0.4669,80.32
ixUuIqa-qr8,3.1603,131.92,143.82,58.04,2.9893,0.171,89.59
0uYpCDvYTeY,3.2194,128.75,148.27,58.91,2.3986,0.8208,99.51
soh_CGEEOXo,3.3367,145.97,131.46,42.84,2.5799,0.7568,97.64
x2Ej4JTV8gc,3.2223,140.58,140.7,35.07,1.9239,1.2983,80.12
2VsQ2-mcMTk,3.3351,144.47,125.02,41.72,2.448,0.8871,71.9
LHfwqSc6C_M,3.2471,118.27,149.43,36.04,3.6398,-0.3927,73.68
EYM2J2FsMno,2.9906,135.22,148.13,51.48,1.504,1.4866,61.24
ATKaQqzo7Yg,2.6984,76.04,109.64,21.43,2.4568,0.2416,-22.22
q6Uoxfg2EFw,3.1409,167.46,114.08,27.69,1.7747,1.3662,37.12
-stkQyec434,2.8335,200.73,115.21,36.28,1.9076,0.9259,83.16
EUhRXcJAijE,2.914,188.34,131.73,35.56,2.3569,0.5571,52.0
0QtxJ8s3Rlc,3.0426,94.14,142.53,28.78,1.9626,1.0801,14.57
lpZgMR71NkA,3.1406,110.1,144.26,28.8,2.2373,0.9033,44.8
1ApZCr5tA2c,2.701,86.93,155.41,27.49,2.1999,0.5012,50.47
rDW-1mTMsPA,2.5253,91.06,142.97,23.9,3.3015,-0.7761,26.71
_1TSTQ4Z_tg,2.9789,118.81,149.45,56.07,2.0634,0.9155,35.67
HeSf5W6fuLA,2.3482,120.79,154.91,16.7,2.498,-0.1498,60.71
Pqv5-aRY84Q,2.7727,85.04,163.33,44.82,2.4523,0.3204,9.36
TniPaoD7giI,2.9107,86.45,169.47,31.8,2.9087,0.002,33.71
jqi6fXGR3A0,3.1219,110.56,148.56,36.32,3.5854,-0.4635,51.03
yC4pU0w2Nlc,2.5537,88.63,157.56,21.38,2.2842,0.2695,35.74
QXgeXgaGljg,3.0026,93.51,118.36,43.32,1.8618,1.1407,24.37
t7F9J6baYmI,2.7,146.08,126.34,25.17,1.8759,0.8241,71.8
ir7lzmoCWNA,3.012,85.55,127.11,38.06,2.2842,0.7278,48.77
O6II5NJ6HjM,2.6491,60.68,144.8,29.34,2.7357,-0.0866,12.61
CexSHLSAIqo,2.7824,147.76,128.17,29.12,2.6416,0.1408,79.53
s32PuBjbG4w,3.4581,151.34,126.01,41.97,2.9149,0.5432,67.54
IOBI2ZLH1uw,3.5006,170.32,108.53,47.71,2.8729,0.6277,98.57
MaMBTIY42yA,3.472,170.69,104.54,47.85,3.1069,0.3651,119.99
i_2g5f23fbw,3.4916,166.07,115.92,42.95,3.0945,0.3971,96.7
Hbqu3Ad9FuE,3.57,154.88,115.96,72.02,3.1474,0.4226,92.49
C-N7G4PRUi4,2.6326,83.54,103.7,21.68,2.0483,0.5843,5.8
0mO7JqNntrU,2.8284,82.18,116.77,24.81,3.0754,-0.247,-7.42
pV0uANUa_XY,2.8133,80.91,112.9,21.52,2.8752,-0.0619,-3.99
K984Dv_O1fw,2.9464,114.55,124.17,34.22,2.8212,0.1251,67.93
W8yfR2wQNcU,2.8735,117.41,138.45,26.53,2.6059,0.2676,51.46
knSd6mXnD64,2.761,105.83,145.38,25.62,2.2133,0.5477,68.08
dwpDOjdmcyo,3.1922,123.2,116.63,31.66,3.112,0.0802,70.49
DSQ9XAEu-nk,1.8635,64.68,129.77,31.78,1.9943,-0.1308,-17.2
efN_9u90bos,2.6804,100.37,168.12,36.27,2.1683,0.5121,-3.45
_sc-3C5EhNU,1.5418,96.17,132.31,8.53,2.2084,-0.6667,-24.98
ZOvt5kknvlo,3.0679,135.22,132.59,39.19,2.2467,0.8212,25.18
aLNXWgXL7us,0.9591,99.17,193.64,45.38,1.1754,-0.2162,8.4
pU4VKo_-N0s,3.1364,111.34,191.39,31.16,3.3491,-0.2127,73.12
bGsCTRpPmIw,3.1616,136.48,150.4,46.41,2.9109,0.2508,81.98
Yqy_0H3Ii2s,3.0813,117.52,155.77,43.25,2.8628,0.2185,77.48
OXEu-8bVwm4,2.8148,115.58,186.93,27.07,3.0418,-0.227,87.38
iL61ewsNhok,2.5814,102.46,159.74,41.0,3.1103,-0.5289,51.12
UOERyuzlsH8,2.0364,152.45,181.29,14.45,1.3801,0.6563,34.91
hqBd2RmKcRI,3.0689,67.7,178.76,41.01,3.2678,-0.1989,24.12
q1ihBF9UM70,2.7813,110.76,187.25,29.08,3.3733,-0.592,75.48
3AEJ3nphXdw,2.6306,53.54,181.9,50.75,2.9706,-0.34,10.34
mKTe22Z9BPM,2.0626,122.1,187.36,15.51,3.1154,-1.0529,88.12
DOH0yv55O7c,2.1229,118.39,185.09,17.54,3.1835,-1.0607,55.74
CbuNjDS-tA0,2.8375,47.52,159.63,41.75,3.0519,-0.2144,5.68
uG11RxKX8RQ,2.2787,148.27,158.16,22.84,3.1131,-0.8344,101.57
2sXkQT2Evvg,2.8924,102.6,162.73,35.54,3.1537,-0.2613,27.93
DaaHRQz69E4,2.8692,104.99,153.93,37.04,2.733,0.1362,27.06
EoqGHIHx38I,2.9196,104.79,165.77,36.81,3.1577,-0.2381,29.95
cjxJrhU_Jdc,1.4377,119.88,218.46,16.06,2.4307,-0.993,61.99
L4_8WYeQE5Q,2.0598,145.32,101.71,22.84,2.3882,-0.3284,78.69
jGSP9oHYknA,2.6393,177.88,159.07,18.17,3.5796,-0.9403,82.86
353eS5gEFOw,3.6683,118.34,137.15,53.97,2.3294,1.3389,35.88
KtdebOC_oJY,2.5294,126.17,165.49,23.37,2.44,0.0895,87.63
K9eY3Ku3CXw,2.7458,99.74,215.94,31.25,2.3939,0.3519,14.58
X18utHvxlho,1.7878,107.32,211.18,23.53,2.9342,-1.1465,45.95
FlLq5KMWD_o,2.3278,113.55,188.84,23.75,2.5101,-0.1823,54.85
gd6J-p3f5Fw,2.3891,96.02,200.47,22.07,3.1495,-0.7604,23.45
a2dcZt4EprQ,2.6154,122.65,198.5,33.72,3.3995,-0.784,35.11
AiMy6BYAV5g,1.9057,116.1,209.64,21.75,1.079,0.8267,22.12
-PsGk2R1AG8,2.7492,95.15,206.21,28.98,2.5824,0.1668,40.96
zIEjgXJWqDo,2.9736,122.83,116.55,26.66,2.0043,0.9693,63.42
Wlnf3-CO9Y0,3.2974,175.09,140.68,44.63,3.2255,0.0719,60.46
DNSP5R5eYIw,3.1887,167.25,131.19,38.72,2.8474,0.3413,95.14
u7bApVTOGmA,3.1689,177.12,134.29,41.02,3.3968,-0.2279,94.33
-EYmy0tmizM,3.182,173.05,129.38,44.0,3.1149,0.0672,101.71
ptey4IBgzC4,3.2197,177.09,131.82,35.59,2.5989,0.6208,75.65
8ImW6tByXg0,3.2609,163.34,133.43,38.99,2.9095,0.3514,84.56
QlWrTQHPk24,3.3022,176.17,138.05,37.12,3.2501,0.0521,76.8
hXqctXxAeSo,3.2523,173.47,127.77,36.05,2.7383,0.514,89.6
6g78fs0CbQw,3.2124,183.37,144.59,43.99,2.5825,0.6299,80.45
Lqj1Zsb5BL4,3.104,184.9,135.78,33.99,2.5591,0.5449,60.13
iSh37lg4adE,2.5211,55.3,171.35,44.91,2.3056,0.2154,-27.1
ZKJy85Q_BWk,3.3389,79.79,111.41,36.03,2.3056,1.0333,15.62
hLblFTKmbWk,3.2627,30.29,121.66,19.85,3.2948,-0.0321,-18.49
q0LvYxcsWBA,2.5049,52.01,114.3,28.63,1.8831,0.6218,-6.95
C3TaOlbdOsA,3.0998,35.01,120.88,41.56,2.9839,0.1159,0.4
dfEygTEY54Y,2.9126,41.03,121.93,26.18,2.1137,0.7989,0.21
ITpJ4P_eGjM,2.5564,42.32,130.2,36.22,2.9182,-0.3619,12.35
PPT6vuGZmhc,2.9554,63.88,142.88,28.87,1.8516,1.1038,-19.4
3f-jD4DIuhU,2.6391,69.95,117.71,46.69,3.7272,-1.0881,-13.7
aRHOnM7Yv8Q,2.1895,69.5,129.53,27.82,2.7291,-0.5396,-20.4
y7TW2CtkCTs,2.7237,42.73,90.74,32.98,2.4394,0.2843,-24.52
8FGFR_KRDe8,1.4757,116.72,107.02,22.62,2.135,-0.6592,-6.55
wkEjY2bfvv8,1.4757,116.72,107.02,22.62,2.135,-0.6592,-6.55
T_G2RAP3tsA,1.7532,104.11,107.77,24.62,2.1594,-0.4062,-26.11
Am-TPB5wHSY,1.7532,104.11,107.77,24.62,2.1594,-0.4062,-26.11
HF9jEdXxymE,1.6036,113.57,108.55,22.05,2.2151,-0.6116,-1.09
eYeER2e4TMI,1.6036,113.57,108.55,22.05,2.2151,-0.6116,-1.09
kYux15bDmMs,1.9805,102.06,110.08,25.59,2.2717,-0.2912,-40.1
QUNvZHjHneg,1.9805,102.06,110.08,25.59,2.2717,-0.2912,-40.1
Uu31PWeT8Ss,2.9258,112.19,122.24,30.04,2.5826,0.3432,-11.59
D4F3_ibxRYU,2.8124,104.69,110.59,48.42,3.0926,-0.2801,9.96
d_evXkdpxJE,2.9474,84.73,108.84,20.99,2.3997,0.5477,16.16
1o6OL-1srw8,3.2357,141.98,114.3,33.09,2.4701,0.7656,116.18
1IViPPHiDOA,2.647,111.41,106.23,20.83,2.9657,-0.3187,65.94
Fz_I3lyGbUc,2.553,119.2,114.54,21.4,2.3247,0.2283,61.81
0mkawWTgk6g,3.0437,65.02,103.21,20.42,3.2058,-0.1621,1.91
mwEtPbvG9nc,2.9403,144.97,109.79,25.14,2.2438,0.6965,32.25
-_LqrtAHENw,3.0557,200.26,123.51,35.9,3.2289,-0.1732,123.09
BRd5BfJZb78,3.1484,118.77,119.7,38.97,2.3104,0.838,61.47
ke8-P4UEOxs,2.7602,115.37,156.1,66.24,2.6729,0.0873,19.5
asnaGE73mo0,3.2635,138.06,114.1,56.18,3.0214,0.2422,-15.64
LMH1o1JMY6Q,2.8293,165.18,148.65,52.14,2.293,0.5363,-25.64
_6N3U9Wn9p4,2.9549,157.18,139.67,40.42,2.8999,0.055,5.33
42snxernXbI,2.4655,166.76,142.62,32.47,2.2523,0.2132,41.05
1vufMc0ouw8,2.6809,73.73,140.56,35.39,2.7159,-0.035,15.44
FLNuJTYjnhY,3.0624,123.01,153.94,46.99,2.4093,0.6531,22.84
YwmSnwbVOvs,3.2705,114.94,132.84,35.54,2.5227,0.7478,-35.1
kN7u1nywN8s,3.1618,125.62,138.17,69.09,2.9379,0.2239,42.58
qxJUagCkMdg,2.4598,55.56,119.72,45.83,1.6559,0.8039,-5.91
iXTonTf83oQ,2.2275,68.94,108.54,73.34,2.2377,-0.0102,27.29
NWhg2JivecA,2.6707,125.87,137.62,44.59,2.3144,0.3563,30.03
E14A-e8CfUo,2.6139,168.27,136.41,48.65,2.3058,0.3081,59.97
EixWf-9RpUk,2.5601,126.18,162.47,54.64,2.6411,-0.0809,46.19
g8y2U971K_s,2.7204,140.91,146.79,48.43,2.2482,0.4722,33.96
cvGWuPk0lL4,2.7117,142.7,143.99,53.36,2.6004,0.1112,29.96
I6DHLwSvdMI,2.7806,125.97,121.54,62.81,1.6747,1.1059,-18.79
ukBzkrwbsd8,3.2746,125.24,139.85,58.03,2.435,0.8396,3.77
sQRM5mh_5vA,2.9432,111.43,127.74,49.04,2.3098,0.6333,14.49
OgICa2oZs4k,2.8995,93.74,143.81,39.75,1.9977,0.9018,69.52
IQnIVFHjlV8,3.1303,109.39,124.13,24.61,1.6527,1.4776,23.76
k8NPA29330c,3.0118,139.56,148.07,50.49,1.6432,1.3685,75.69
J58HcXHi09c,2.4881,127.43,117.0,25.5,2.7072,-0.219,18.28
P7ZkAuiWVQg,2.8507,169.54,102.92,60.12,1.4653,1.3853,-14.09
dHxWy7oIiMo,2.2744,71.03,103.26,29.84,1.702,0.5724,16.17
j5OXMrja8Io,1.0251,144.05,119.0,11.22,3.0487,-2.0236,56.1
fWZ_DDHuVpg,1.7118,143.09,102.94,15.9,2.7055,-0.9936,38.11
_nGsdn0q_JM,3.2267,83.4,104.38,24.35,3.3842,-0.1575,-41.58
4rs63o4LU4c,2.264,167.44,106.04,22.69,3.4556,-1.1916,81.27
UoWI75irlHw,2.6345,152.4,106.21,26.17,3.0074,-0.3728,45.97
ajWgdXFrOpw,1.1815,108.38,100.47,11.82,2.9688,-1.7873,12.6
5hSQGQ0gmq4,2.9654,137.17,89.46,24.09,2.7329,0.2324,-2.07
-UVkL2VT1Lc,2.2134,159.62,107.31,19.51,2.9179,-0.7045,76.39
4vgi2Ukazw4,1.909,141.01,109.08,24.96,3.492,-1.583,48.62
-h5-Q5Armkw,0.9306,115.62,103.31,10.42,2.8764,-1.9458,-0.74
1Brp2gN3J5E,2.7671,106.8,195.52,35.38,3.1385,-0.3714,43.47
Ojw68i6GZ5Q,2.6823,38.62,71.98,13.1,2.6409,0.0415,32.11
NwJzUHyZKVw,2.7713,42.19,64.22,14.31,2.3097,0.4616,32.52
KOYkTTm-XQI,2.1596,74.87,91.54,16.77,1.3014,0.8582,10.54
C2NW2cD66Jk,2.7992,39.86,70.61,13.99,2.6037,0.1956,31.05
g6tIZm1B2dI,2.1661,90.5,73.82,17.55,1.5328,0.6332,39.87
GselBpc0MA4,2.1985,70.33,99.04,17.18,1.3258,0.8728,5.8
A8kSs02eQWc,2.8464,44.42,66.49,15.27,2.648,0.1984,35.84
RKwQv3_ScY4,2.6768,65.36,75.63,17.88,1.5676,1.1092,63.99
RbV6OcjQr8c,1.7722,110.48,164.64,33.18,2.6057,-0.8334,-22.56
LOqFXw2SGCE,2.9788,158.42,107.69,31.24,1.9378,1.041,51.04
ozDyyAesoNk,3.1449,175.43,102.46,38.06,2.5611,0.5838,96.22
7rGb7G2GYeA,3.016,109.83,123.23,24.22,2.098,0.918,79.25
iu9IoeKKEWs,2.5031,177.03,100.87,20.96,2.4096,0.0936,71.62
oepSe_kLXbE,2.5593,157.53,97.4,16.35,1.1626,1.3967,75.57
9xtl9jmg_Ow,2.8383,169.2,98.08,29.41,1.9377,0.9006,27.0
G1YojVDchek,2.7587,165.15,92.46,27.73,2.1357,0.623,19.36
kw9pJ5Lik4w,2.6153,174.41,102.65,16.96,1.6494,0.9659,92.35
HT6HFwKPcko,2.8135,168.32,100.47,25.58,2.5013,0.3122,67.07
hzq4YqVnbdk,2.4203,153.37,99.88,17.54,1.8576,0.5627,54.12
mMiiBshLa7Q,2.3323,141.6,101.51,17.84,1.7786,0.5536,78.03
QEeTff1tzb4,2.5732,80.77,128.39,33.43,2.0689,0.5043,39.42
S3Ay3_AZeQM,1.8472,18.8,186.61,64.88,2.3058,-0.4586,-17.91
W1dsh-a-9C8,0.6411,152.95,200.78,17.37,1.3331,-0.692,-12.65
4-boupj9E4Q,1.2415,142.03,175.34,24.73,0.2934,0.948,-58.39
x9gB8ACVnWs,2.1343,159.88,208.57,20.4,2.7518,-0.6175,64.49
3yaduZW5mP8,0.5328,56.69,221.16,38.06,2.0015,-1.4687,3.99
EYwmqtluO7U,3.4504,95.87,104.12,54.91,3.1763,0.2741,15.0
X-BhDaCugOo,2.4256,20.69,146.31,24.64,1.7253,0.7003,-108.06
KfWwPFcxodc,0.1167,60.65,204.52,34.92,3.2963,-3.1795,32.28
YaRphrbnD-k,1.7652,157.36,196.48,19.73,1.6834,0.0818,42.01
I83G7gMqjxo,2.2083,72.83,200.0,50.74,2.4185,-0.2103,18.26
5eGJqFBoMPo,1.5407,130.32,229.37,18.65,1.4214,0.1193,11.27
dPj2YqxNaMQ,2.7339,68.42,149.66,58.31,3.0783,-0.3444,8.55
i__xDzbmUiE,1.4867,136.61,199.1,13.99,1.6394,-0.1527,23.4
TuZOxBM2wO8,3.5039,30.07,95.55,56.7,3.0551,0.4488,-37.43
p-b-yYCc23E,1.5481,31.65,166.7,48.6,1.9918,-0.4437,-4.84
oIIhIOM0ooY,1.5833,60.9,195.14,41.82,2.4777,-0.8944,-11.59
p176p5d8hRU,3.1141,52.38,109.79,27.28,2.5583,0.5558,-30.99
OQR7OfcGzMQ,1.9728,35.99,107.8,35.26,2.261,-0.2883,-32.42
hUzJL6OuZmQ,2.8224,67.58,109.66,24.72,2.615,0.2074,-14.13
fioqMZlUQlQ,1.8619,25.53,107.75,17.68,2.2187,-0.3568,-26.06
qsDk7_dsh88,2.9293,49.95,101.46,53.16,3.0522,-0.1228,-43.93
p2Vgp-Ndgxc,2.387,45.31,95.82,22.89,2.3733,0.0137,-11.21
vNO5xnLkQrg,2.2698,32.37,150.16,28.47,1.6943,0.5755,-14.76
Byv2WFbGDco,2.9959,104.54,109.82,27.26,2.8586,0.1373,22.59
2mr2OkF90L4,2.9121,142.9,109.14,41.59,1.7271,1.185,75.56
TmraDxBamvU,2.1256,99.61,156.44,27.21,2.311,-0.1854,-10.79
Vv3GMK07lTI,3.6107,104.38,114.09,44.28,2.9322,0.6785,28.93
ek5D-mRdGHA,3.5348,102.72,118.18,39.26,1.8415,1.6933,46.01
-lDzJwMbH4c,3.277,97.2,115.28,46.16,2.4682,0.8088,59.85
enxB2TrF1Ac,3.6704,98.36,111.15,42.52,2.5193,1.151,-0.47
CssZThbYcDs,3.6395,123.45,114.41,49.39,2.7372,0.9023,74.08
EU6MhLLHF48,3.6533,137.55,122.95,54.33,2.9362,0.7171,69.46
oRnnRSrBBAo,3.6399,134.95,117.8,45.75,2.9666,0.6733,63.62
lVmwsf2zsrA,3.3444,64.51,114.67,41.06,2.6568,0.6876,25.06
Yj9YdSmn5GE,1.8037,117.06,158.03,15.15,2.8563,-1.0525,93.3
tDW9Z4_2MMA,2.8113,95.6,109.01,21.26,1.9421,0.8692,51.22
bhj6FS5DjM8,2.8755,96.82,116.83,31.8,2.2003,0.6752,52.52
IbtuQJHYuoE,2.9811,173.06,151.95,41.19,1.7719,1.2092,143.31
ZAcyUyVfWV8,2.9713,207.66,125.48,52.2,2.3789,0.5923,128.55
yaW2x29aUh4,2.5605,105.68,111.79,23.75,2.7277,-0.1672,46.14
TOXJH00cIpI,3.4602,119.42,130.73,35.98,2.638,0.8222,45.53
tzWhXE687c8,2.7121,132.75,115.28,23.84,3.3825,-0.6704,29.86
yDNolbTfqs0,2.6962,58.09,127.48,20.32,2.3679,0.3283,-3.37
aDnJm9pi3Es,2.8645,110.6,118.81,30.51,3.3612,-0.4966,80.99
yCX4oobgKYM,3.3116,131.43,101.56,49.32,2.6776,0.634,-2.93
bg8yOU_crKk,2.9255,136.47,150.4,53.32,1.1104,1.8151,-2.26
Pn_HnMokFqM,2.7767,76.36,147.51,49.82,2.4255,0.3511,-15.85
xSi95XqcfWA,2.0982,173.41,141.22,14.49,1.7449,0.3533,44.69
D5nefZ0XnxU,2.4195,131.58,161.86,51.55,1.9581,0.4614,14.88
jMbeorJUiS4,2.6847,154.24,144.21,23.61,1.3193,1.3654,-14.15
k43MqaVQCe4,3.4305,143.2,117.67,33.65,2.9637,0.4668,-0.42
l9xTzk7hwLM,2.4037,111.95,147.84,24.21,1.3804,1.0233,-62.44
GIT219BqkOY,0.8461,111.01,217.16,16.0,0.9646,-0.1185,36.08
SRlQjezvys4,2.5695,131.89,158.49,28.37,3.0697,-0.5002,72.34
JLDfsBpYwFM,3.0595,109.11,135.08,28.03,3.0966,-0.0371,-3.51
t9F6slI409E,1.8075,94.18,127.97,15.61,2.3619,-0.5543,-10.64
ZTg4vDt_6is,3.059,105.27,117.92,36.5,1.9055,1.1535,-17.22
1bfUW_qJrtM,1.7386,78.95,206.11,40.62,2.2439,-0.5054,-69.24
KdYD_0tQmQs,1.9861,24.8,146.95,30.55,2.0042,-0.0181,-118.89
Ed9T5AOjOS8,2.5835,119.01,81.02,14.41,2.2007,0.3828,10.35
g82sxg2sj2Y,2.4567,111.11,80.72,13.87,2.2242,0.2324,1.37
0bCxLrELZME,2.3692,81.94,149.18,28.96,2.8318,-0.4625,36.51
i1ikJgMtW-g,3.7031,119.97,121.26,48.92,3.0865,0.6166,-4.87
FY7V4C49ilQ,3.4865,152.57,96.05,47.92,2.6696,0.8169,86.49
2BLA_DE0Syg,3.3739,128.66,124.0,30.07,3.0039,0.37,18.08
sQvbxUQgj0U,3.7554,159.21,86.66,42.32,3.832,-0.0766,42.15
eSJ-st53W_s,3.0144,179.63,132.42,29.72,3.3796,-0.3652,106.46
7zkroDE8rhI,2.895,145.38,193.96,39.33,2.8215,0.0734,90.33
sBJ5O-1qIaQ,3.5445,134.14,98.18,35.34,2.5182,1.0263,17.05
7nZsliivlQY,3.1398,148.21,94.57,21.87,2.0384,1.1013,53.2
NvEyXwHSFXU,3.6022,164.32,74.92,42.3,3.286,0.3161,10.75
csGxo9g6_gY,2.7158,94.08,98.82,25.99,1.6712,1.0446,-22.16
9wr7gQ1sK2Y,2.2007,26.4,103.44,16.76,1.5262,0.6746,-132.93
d1Jdcex17CY,2.5095,97.0,85.79,18.57,2.9871,-0.4776,18.69
YFG5gepM2yE,2.7475,79.05,97.16,27.6,2.9381,-0.1906,-6.78
1wDb49Pk7KE,2.6187,88.82,123.01,31.45,1.8067,0.812,-43.99
8HHD9_ZuVjw,2.5432,86.74,77.91,20.99,1.6299,0.9133,-92.58
MDnkRZ6LoOo,2.4968,83.57,79.95,19.84,2.1962,0.3006,-27.87
0kIhjp0Ys8A,2.3628,45.41,82.85,19.55,2.4114,-0.0485,-45.94
DdHfVcNKEAo,3.1024,136.94,68.55,46.31,1.8618,1.2406,-34.22
WcZF4nm9y7g,2.9194,33.12,67.96,23.6,2.7536,0.1658,-4.78
YWccmfSFPW4,2.1512,68.07,98.09,25.05,3.2948,-1.1436,3.01
MlmJv4JxnHU,3.2176,159.3,80.9,31.11,2.4895,0.7281,76.66
ST4spRUAZOU,2.9822,116.16,90.25,24.73,2.6072,0.375,30.92
7Zeo7buQWQc,3.1547,154.41,76.73,31.02,3.0294,0.1253,53.12
uHJ0cb83dRU,3.4374,162.42,75.38,33.11,2.9386,0.4988,84.8
NJ7CFoXRTv4,3.0503,114.04,77.23,24.77,2.8517,0.1986,14.89
DG99dVTANwA,3.016,111.31,78.23,24.13,2.6385,0.3775,18.92
eqvCYnm1x7c,3.1852,160.35,76.07,30.38,3.2882,-0.103,42.0
xkHw5aVw_dc,3.3559,145.75,76.57,27.35,1.8399,1.5159,80.58
mB6mnkyeKxg,2.7481,163.13,179.97,47.76,2.7771,-0.029,19.95
gkdrGL01zV0,1.0572,162.69,180.12,6.26,0.9808,0.0763,31.12
15VNEN0YXWs,2.2207,61.94,117.22,23.49,1.5728,0.648,-14.6
0pLu4dfMmuY,2.577,119.4,154.76,61.0,1.9593,0.6177,11.24
72oBhS0EH3E,2.2139,122.55,173.18,26.66,2.4624,-0.2485,26.9
epBEgCr48Kc,1.9241,97.06,175.84,32.95,3.147,-1.2229,26.69
Jk9J4Up3ra4,1.5573,102.95,179.93,28.48,2.8301,-1.2727,33.74
D4tZCdHv0Zg,2.249,69.4,95.12,15.62,1.7959,0.4531,8.78
3p0ZrpQTxkk,2.5098,69.69,117.0,44.98,2.8752,-0.3654,21.08
6tc5tslSSBI,2.7603,112.66,103.12,23.62,2.1429,0.6173,26.83
I6V9ShnAHHU,2.0309,132.58,134.36,18.86,2.1028,-0.0719,48.98
bC441c5O-Zg,2.7397,70.47,122.49,32.61,2.7135,0.0262,-39.35
SO89QVdMzH8,2.6971,50.63,127.2,38.62,1.7681,0.929,1.76
AXmaxRFNHE8,1.3158,83.22,218.64,36.74,2.3241,-1.0083,-46.74
yCza1mZDrwM,3.3238,51.84,177.19,38.34,3.5024,-0.1786,-46.87
qW-JVMlaCQs,3.0066,133.21,134.06,28.31,2.8483,0.1584,62.22
AW3-QP_y6bA,3.4074,113.05,104.34,34.36,2.9447,0.4627,77.13
5hyXXipbFV8,3.2863,98.77,117.73,36.47,2.7053,0.581,21.37
2HDOltxe-S0,3.2467,110.67,100.74,42.92,2.6928,0.554,55.52
QUf8eunbS0I,3.1567,96.33,125.21,35.47,2.4034,0.7533,27.76
uoKZkzkWpWw,2.6366,118.11,126.84,25.01,3.4105,-0.7739,6.09
nHp2GKp8If8,3.2692,112.05,96.14,28.82,2.2817,0.9875,53.4
DZUswOem-_E,3.1736,74.01,124.9,36.62,2.7463,0.4273,-34.16
FffAX0YTvTA,2.3873,95.49,131.26,24.25,2.148,0.2393,44.65
T_f0FzKKe7I,2.098,97.54,157.29,23.53,0.8608,1.2373,22.48
on3xdtPI7B0,0.7507,58.28,203.09,29.39,0.9685,-0.2178,0.0
CROJJiEM8Uc,2.5341,88.61,162.8,23.85,2.4124,0.1216,-1.59
tj-gjGet9n8,0.7207,106.97,201.99,6.01,3.064,-2.3434,78.33
7qlCUyKJ-M4,1.4616,39.65,157.94,30.02,2.0029,-0.5413,8.19
jtcsanB4ajU,3.1778,74.53,152.01,42.62,2.9917,0.1861,-21.02
3q2n7pXsZQo,1.3301,107.21,196.32,34.21,0.7566,0.5735,30.49
qSC7Ty8Hjpg,2.6496,83.95,213.56,43.9,2.2953,0.3543,24.09
neFdky1CQzo,2.8813,94.74,173.38,48.35,2.3624,0.5189,31.96
nlT-Ij_lmgk,2.6378,184.75,131.15,24.49,2.3207,0.3171,68.29
sF3Y9aY9bP8,2.6661,178.81,132.1,20.14,2.3504,0.3157,57.78
XA6qB-kj_UA,2.5022,191.9,141.53,22.51,2.0919,0.4102,75.12
e4jtD9CnkWs,2.8642,175.22,120.97,33.33,2.3301,0.5341,42.53
_OCTHN9ggGA,2.737,124.53,128.78,21.06,3.0285,-0.2915,16.48
45TP6PBZ9fs,3.0874,149.26,97.28,25.33,2.4728,0.6146,59.74
FSl3xYknq_w,2.5262,186.08,127.49,27.88,2.9214,-0.3952,117.09
VO7n_t6rFqQ,2.6357,191.55,133.52,26.28,2.2947,0.341,74.81
w1AmO3wZ2Iw,2.2467,173.27,118.83,14.92,2.6404,-0.3937,68.32
qPbysBhK17g,2.6041,200.93,126.74,31.38,2.3933,0.2109,65.22
55dUnuX1GXk,2.9757,40.32,124.73,20.0,2.4989,0.4768,-14.3
QY3nxdYx8dU,2.3396,82.31,179.89,33.49,2.8496,-0.5099,0.37
wxaE3ib61XY,3.4089,91.91,165.79,35.87,3.8106,-0.4017,-43.61
TaOxDGD8IOQ,3.3273,105.91,169.76,43.37,3.4436,-0.1163,13.75
9c3LK7Ze4tk,2.6603,140.54,178.13,26.85,3.0247,-0.3644,39.09
lHTLkpb6m5o,2.2609,139.65,174.07,23.5,3.0607,-0.7998,12.56
xVbSO1Yut4I,2.9642,51.44,128.88,38.58,2.7129,0.2513,4.96
zjDdqCwjWiE,2.8197,74.95,114.54,52.02,2.7236,0.0962,25.17
ilSzFObXSKQ,1.7215,128.1,160.28,21.49,2.3807,-0.6592,-33.37
CjW9LVcBTOU,3.096,55.3,130.92,30.64,3.3019,-0.2059,7.24
2d2T8FE4Pyk,2.6818,56.21,156.0,32.13,2.2967,0.3851,-11.73
YNKqqapa_Oc,2.1834,29.35,96.38,14.53,2.5008,-0.3174,-19.04
9hkZwBZUF8I,3.2772,70.09,123.41,47.8,2.6915,0.5857,3.9
z0r6iy7kK0w,2.5241,103.78,142.91,27.38,2.6484,-0.1243,-30.76
s9XtLQdkRtI,2.3824,66.38,134.5,30.59,3.0275,-0.6451,-9.89
r3u2iVLpNEY,2.9678,87.7,128.42,33.2,2.8134,0.1544,-9.07
AYV9jctaLbI,3.368,127.48,132.74,41.07,2.5528,0.8152,32.66
jnI9WEfuUio,3.1926,116.16,135.84,45.53,2.4686,0.724,70.18
MSBxDoZ3SUU,3.1277,97.51,114.07,29.11,2.4964,0.6314,24.54
a1DPAoJ-TPE,2.6155,133.37,123.78,37.93,1.4489,1.1666,41.53
FppSc5QttWI,2.5883,122.5,141.51,39.26,2.0372,0.5512,45.78
0YLMq9afJHk,2.9245,131.55,135.75,45.34,2.0564,0.8681,40.1
aMgHUt1g_dQ,3.0122,136.08,134.58,49.28,2.0514,0.9607,50.16
nOaPwhePXzk,2.9294,127.36,139.55,45.67,1.9825,0.9469,60.51
eUH16ZXPwFM,2.9238,133.0,127.39,48.73,1.9695,0.9544,52.61
B7I2Xd9NF1g,2.601,153.55,146.76,36.95,2.3641,0.2369,47.77
j1Dfh1LL_QI,2.7842,128.68,139.99,39.57,2.0738,0.7105,46.18
S30NJxwg8DA,2.3929,142.94,138.28,40.19,1.0989,1.294,48.99
ZXlfKaPxJI4,0.8177,45.39,211.11,4.25,0.3906,0.4271,-15.35
9fb2Xw2jc6c,2.8231,45.4,172.62,14.74,1.5697,1.2534,2.14
63rKOkApfNA,1.6776,132.48,209.84,38.51,0.9469,0.7307,-31.0
QKpPTjMXptQ,2.2727,47.05,159.18,23.18,0.993,1.2797,-46.09
AC2_bOgzKvk,0.0,0.0,86.77,-0.0,1.3899,-1.3899,-22.68
TJRZO3djaek,2.5002,153.27,125.75,34.07,2.4067,0.0935,0.34
vZFzvg5MtRE,2.9712,186.13,57.5,28.3,0.644,2.3272,19.61
FjH0CtqHOek,2.8993,122.16,156.57,30.57,1.6354,1.2639,-4.29
Hgz1GpHx194,,,,,3.006,,
0onTJk6x3Ao,,,,,0.3575,,
WVSjQ_rs_-0,,,,,1.9131,,
CgWXkK-YztA,,,,,3.0969,,
hX2C0GLFYkU,2.9208,120.85,151.04,47.46,2.1994,0.7214,67.38
uC_Q6O9Ac7o,2.4162,90.93,167.51,50.33,1.3543,1.0618,42.36
fYgQThSAfNQ,2.8494,128.85,177.65,43.83,2.5926,0.2568,83.53
huxoO35eXKw,2.8506,127.69,177.23,50.54,2.6139,0.2367,79.64
qKC6XyRXEQg,2.9727,120.91,150.39,46.27,2.1768,0.7959,63.67
jH8s21rEL4U,2.8837,110.44,171.21,29.05,1.3188,1.5649,62.98
UpMN2jSpuD8,2.8535,120.59,150.67,47.67,2.2208,0.6327,66.02
5QpdGmDiAwE,2.6425,90.65,152.73,38.17,1.345,1.2975,43.32
vW693n_Xnn4,3.1309,115.76,145.13,52.66,2.1669,0.964,52.65
qfXJ9VnPE-A,2.6509,90.52,152.66,38.04,1.3454,1.3055,43.2
EH4NkHfeiY8,2.8014,118.25,124.68,54.95,2.6759,0.1256,37.11
C4kJgs6MJBg,3.1102,114.36,132.27,68.65,2.568,0.5422,46.13
ZAyfD_nexcA,2.7049,108.6,134.63,44.47,2.5762,0.1287,33.9
jHvzrHnb4vI,2.2533,146.49,136.53,26.28,3.2494,-0.996,-12.94
3MxiianLSwM,3.3141,98.48,115.7,35.38,2.4127,0.9014,-7.31
7pvB7EaNhjU,2.6359,145.91,140.62,30.08,2.528,0.1079,37.54
r0fqnzXZK1o,1.0603,162.78,174.36,26.36,2.3396,-1.2793,-13.26
5z7tfoZhvb8,2.8679,107.64,131.3,56.25,2.4461,0.4219,31.52
dpkv9yAI5Po,2.9585,95.48,113.28,24.1,2.3363,0.6222,0.46
mEw_3HarTBw,2.8873,83.6,124.31,28.04,2.2294,0.658,-15.25
09_yzc9w5ag,0.8428,48.89,213.35,20.48,2.7507,-1.9079,16.0
Xs6kPSgi6q8,0.0,0.0,135.29,-0.0,1.075,-1.075,-21.47
thWiX2oGhfw,3.3746,135.27,148.61,32.36,2.2061,1.1685,60.55
ORoA9lUZiA0,3.1615,116.4,80.45,34.89,1.835,1.3265,116.19
g_1i7s2CMIA,3.0001,50.22,59.43,23.78,1.8808,1.1193,41.19
xeINNUPZLok,3.1186,92.62,122.88,30.05,2.2107,0.9079,77.73
jCMEdr7ysCQ,3.0525,95.83,124.92,28.27,2.2247,0.8278,80.46
rV3KCS2P0r4,3.0883,97.09,123.01,29.79,2.2068,0.8815,82.0
TmP4zRuoJo0,3.0897,95.81,122.72,29.21,2.1944,0.8953,80.53
zVmUsCnf0xw,2.9567,92.95,124.05,27.68,1.8253,1.1313,78.44
YEj4piN3djM,2.9478,92.47,124.75,27.42,1.8317,1.116,77.04
tHX1WbKB9KQ,2.9254,90.0,123.34,27.72,1.8153,1.1101,73.98
fWxx5tDloJQ,2.9386,92.4,123.31,29.34,1.836,1.1026,77.71
c8Xu5dC7nz0,3.0303,46.01,163.64,40.23,2.7743,0.256,-15.76
yKcK6Tjfmi0,1.4439,62.37,90.03,38.32,2.2478,-0.8039,11.74
NyUOy_Q-M-I,2.7156,47.97,113.96,23.83,2.0908,0.6247,-44.47
Voh5csRkUMg,1.546,81.31,135.86,39.45,2.3795,-0.8335,-5.21
EjvBHD3UZME,0.408,67.96,213.53,8.57,1.6165,-1.2085,-25.82
x08kjvXnllM,3.9643,8.35,73.4,16.34,2.2901,1.6742,-11.18
r8ZCdoOGnoM,3.0305,14.87,60.68,29.52,2.336,0.6946,0.55
4OlRoKK5Xhs,2.6835,93.5,117.52,23.17,2.2889,0.3946,14.9
es-RU19KJFg,2.2381,127.71,189.23,28.81,2.5665,-0.3284,47.86
PWZRzWT9Ths,2.4679,103.06,189.6,39.43,2.5997,-0.1319,25.55
XS_SmjYiQPE,2.4103,103.14,184.23,31.43,1.8101,0.6001,31.21
difFyXSDsxk,2.0267,153.59,184.32,20.57,2.4492,-0.4224,36.16
Nk0SNx0ot74,3.1043,101.14,122.05,59.61,2.6727,0.4316,11.31
Ot4_jDAzEt4,3.0821,86.39,92.62,41.48,2.4348,0.6473,45.32
Y5Km5BKCs2w,3.1942,83.99,124.31,36.7,2.8531,0.3411,19.27
5VlbQytlfls,3.015,114.35,113.58,39.1,2.4536,0.5614,50.76
tn5p-Obj3bw,2.8937,106.75,116.19,31.38,2.634,0.2597,44.26
4Yw9wSHO10Y,2.9602,111.45,96.54,43.07,2.6247,0.3355,42.15
NrjbISIcO6s,2.4832,126.18,107.54,36.81,2.9321,-0.4489,48.82
gV6RqzPYYOo,2.3847,142.31,112.99,34.83,2.0344,0.3504,33.55
dKlUAuI5Ge4,2.2514,131.73,125.04,29.6,1.2319,1.0195,-8.51
bY_8QTM0DEc,2.5947,131.33,104.11,28.24,2.325,0.2697,26.57
ncTScRKcRMI,2.4053,51.15,95.77,26.48,2.6561,-0.2508,-3.95
3QWv6tpCUzA,2.3906,50.19,79.86,29.17,1.1754,1.2152,-7.99
rWC7Q3F2gwc,3.0335,78.23,154.61,25.07,0.2017,2.8319,0.53
xjqOdcA3Qps,3.4425,40.8,73.38,20.72,3.0465,0.396,7.53
7QodBgbw5h0,3.4468,45.71,57.63,17.3,2.0087,1.4381,-45.29
9C-cLHpyX8s,2.8178,55.98,61.81,23.23,1.7704,1.0474,-69.98
B1ALXth6sCw,3.489,37.22,63.69,14.7,1.6271,1.8619,-30.55
xzrusymzZiM,3.3679,28.64,65.15,16.48,1.4033,1.9646,5.42
H-aD2TER5_w,0.0,0.0,65.5,-0.0,0.0,0.0,0.0
NYcRnpPA0-0,3.2967,37.49,59.58,16.46,3.411,-0.1143,37.3
pz4VsQcsR7k,2.4086,5.52,57.48,3.36,2.0481,0.3605,-43.7
lbA3p2icB2E,3.4915,149.02,121.44,46.95,2.4805,1.011,111.19
skzRmU_LsDk,3.5056,134.08,124.87,63.45,2.8931,0.6125,88.49
LqETgyuL7Rg,2.6153,115.29,159.47,65.23,2.1367,0.4785,40.77
CB6m05MPWug,0.6561,132.2,115.25,4.16,0.9116,-0.2555,-12.31
BTDYN4ik0hY,2.7202,153.88,154.42,25.53,2.4578,0.2624,124.82
J7xIWRV_N6Y,3.2056,116.57,141.17,40.84,3.0093,0.1963,61.03
__my8DxSJkk,3.0503,107.69,142.31,45.23,2.6096,0.4407,50.86
vP3yS5_nrHk,2.9113,78.58,154.54,38.06,3.1151,-0.2038,41.85
FXZrnIq2XY0,2.8507,91.12,139.61,41.53,2.8764,-0.0257,51.15
0baskJ6lGLY,2.9868,105.95,144.1,42.23,2.9978,-0.011,56.15
Nb_5A4sEJ3s,2.5048,73.58,159.98,38.52,2.8862,-0.3814,48.38
dVS6dfoCqrk,2.8167,107.99,121.42,62.05,2.7823,0.0344,70.23
VpMIYN4PQNY,2.4613,112.73,137.22,31.29,2.8598,-0.3986,66.07
DnG34Cy-_K4,2.8029,107.69,130.22,36.2,3.1627,-0.3598,56.45
tNzQmvE-TuY,3.2441,39.27,106.95,15.64,3.3056,-0.0615,-17.24
dkQG5nJTOKU,3.2054,42.7,111.44,19.15,3.5774,-0.372,5.32
_FLqD8GW5vA,2.3921,60.69,115.78,40.54,2.9443,-0.5521,-16.41
gGExCIgtktg,3.329,66.89,131.51,31.92,2.6011,0.7279,-51.44
Kc7vRqO3ABg,2.7496,93.79,131.24,38.82,2.6568,0.0928,-50.8
gfud3qSqL8s,2.1945,153.43,141.5,22.41,3.1238,-0.9293,101.5
kqSDMl1NtyA,2.2211,184.86,135.47,15.73,1.7203,0.5008,32.97
B0oPtSje7Bs,2.7365,129.66,130.78,30.98,2.3185,0.418,63.92
-1V8osryLfs,2.4344,130.84,135.82,31.23,2.3797,0.0546,69.92
9T8JYf7WREA,2.7281,103.95,155.2,25.78,2.3637,0.3644,34.87
zajsQvpEzms,2.6382,128.97,157.65,36.01,1.9605,0.6778,73.0
m8lVTwOr4kg,2.4003,142.18,130.29,26.62,1.7479,0.6524,77.67
ZkzOc140pv4,2.8602,130.87,144.55,25.55,3.0007,-0.1405,66.13
c79718V9pnk,2.6542,140.13,140.99,27.36,2.6566,-0.0024,62.03
4DMTt5VT994,2.3168,69.16,143.07,24.8,1.9887,0.3281,-26.78
K89_SOxZ0MU,2.8979,66.31,125.54,37.36,2.5412,0.3567,26.38
C6P_8Qz7rAM,2.6228,86.02,166.39,39.49,2.2092,0.4136,64.3
kWXHLKPYv-I,3.2591,166.71,126.53,35.26,2.8708,0.3883,55.48
shoYp467elA,3.0925,159.87,127.07,32.97,2.2945,0.798,87.99
IKuQgFQGSMM,3.2277,176.68,134.56,41.7,2.9879,0.2399,79.43
GXT5iBptTO0,3.2165,169.36,128.68,39.21,2.1795,1.037,16.73
7ItRMGmKaXg,3.4103,151.89,120.67,38.81,2.6773,0.733,91.94
6tAHuH1S-tA,1.0602,43.88,230.71,15.87,3.5796,-2.5195,-2.61
UHR1Wferhew,1.5864,34.03,219.13,14.91,3.5169,-1.9305,-38.52
5RMzMfK9mqw,0.9326,21.54,212.77,10.2,3.1398,-2.2072,-39.76
ugSRlv4BOeA,0.9624,22.67,216.91,10.93,3.4917,-2.5293,-33.53
yhIn30mrMDc,0.9354,71.55,245.84,18.06,3.5623,-2.6269,14.66
Her2tvJkNns,1.2918,70.67,241.71,15.92,3.5747,-2.2829,2.06
rwfmW-zkCTw,2.751,71.48,110.34,37.5,2.1868,0.5642,-26.74
g58bK1x4G3A,2.34,121.82,159.79,52.33,2.9053,-0.5653,24.69
UqvobS4qySQ,2.8142,165.91,157.78,44.53,2.4497,0.3645,113.48
x-2RHq6de_k,2.0252,138.97,152.66,47.58,2.8524,-0.8272,55.53
ux8cxqKm1QI,2.3687,150.98,161.05,57.22,3.068,-0.6993,21.16
NVU7ru_9y1g,3.0151,118.65,128.57,52.87,2.3542,0.6609,4.93
Ju2A-a8FN-M,2.7238,118.98,121.51,22.59,1.0613,1.6625,77.88
V0PwI3btsiM,3.1656,84.8,111.47,31.71,2.4849,0.6807,16.17
j-kKVkgam4c,1.853,72.75,124.48,35.14,2.6978,-0.8448,1.0
NntcB0UxdCA,3.0317,194.94,130.7,39.47,1.9718,1.0599,67.55
DaGLL8xO0Jw,3.0849,79.56,210.49,47.61,3.4915,-0.4066,0.94
qVpCbLiEmyQ,2.2852,44.8,174.71,20.05,2.5203,-0.235,-8.33
ieOlo-NM6yk,3.5274,105.15,124.46,56.7,2.5851,0.9423,-50.16
XxBpsYo_4To,2.0007,123.22,162.19,44.36,2.2779,-0.2772,58.56
-XS0a0j0ICg,2.9074,86.57,136.23,30.74,2.8006,0.1068,-24.73
LLvh01-u1ug,2.7213,71.79,139.41,30.02,2.019,0.7023,-17.72
U9jx-vG30bc,2.8427,103.98,133.09,30.7,2.523,0.3198,-27.21
D4BbOEbI6MY,2.6988,93.75,138.69,24.1,2.3899,0.3089,-5.75
EykSdJAEVjE,2.3699,112.93,139.49,22.95,2.2285,0.1414,43.09
sA32_DsKa_0,2.5071,90.74,143.54,19.83,2.2495,0.2577,-15.57
NsbAzwWwpBk,2.2335,105.74,174.45,25.93,1.9879,0.2456,25.04
oq5nSyboHmg,2.7849,78.54,159.18,34.14,3.0284,-0.2435,24.53
M1N7gvq0RKA,2.0604,91.75,144.86,29.54,2.4957,-0.4352,6.19
N3m_gIVP3FE,2.1053,50.66,172.02,37.18,1.7461,0.3591,9.5
IcYmD03K9bs,2.0859,85.05,172.9,54.75,0.8309,1.255,-6.18
8sywvF0k0Tc,2.55,95.19,167.75,52.2,2.0918,0.4582,35.87
yves9FjLpg4,2.2243,73.79,173.3,20.56,2.581,-0.3566,-2.7
vQ6b-zopw_4,2.7569,39.74,98.02,22.0,2.5303,0.2266,-14.47
Hg-KWnPu6uE,2.9621,84.87,100.46,23.07,2.5653,0.3967,-15.79
aecpD2PkoqU,3.0882,46.83,97.35,19.92,3.1334,-0.0453,17.43
2O2AyMFpCNg,3.2038,16.43,104.58,17.66,2.6171,0.5867,-0.94
Ip1rsNUhUUQ,2.6478,42.84,107.6,34.7,2.1874,0.4605,-51.0
M4eOzKnOrIM,2.5065,79.2,89.4,17.66,2.5485,-0.042,59.14
03vQI1_lf8k,2.6829,70.19,103.71,26.19,2.1916,0.4913,45.19
htjR2k2Jp-w,2.8441,64.31,96.47,30.12,2.8279,0.0162,-10.5
4__TsN45IqU,2.7734,30.77,101.8,13.84,2.7881,-0.0147,-15.61
Mcfe5ic3g9Q,3.5183,47.44,111.79,56.29,3.2806,0.2378,-4.88
bUWP1N1FmeQ,2.5536,83.35,144.11,21.69,1.9832,0.5704,-11.77
FTsAIUnWzbI,2.7434,83.01,87.17,22.01,1.3121,1.4313,30.64
zjZlb8RIIFM,2.8821,93.34,83.64,21.6,1.693,1.1891,1.98
caZsqKQIhhA,2.5864,48.89,214.4,38.61,2.2247,0.3617,12.14
n7bafJXWtZs,1.6872,41.05,221.87,27.05,2.0212,-0.334,-4.07
4bJPsE6qgMw,2.5862,48.89,214.41,38.61,2.2247,0.3615,12.14
nYlOXduidBU,2.6313,53.32,210.8,39.88,2.2266,0.4048,20.99
dYRS7r_QCR4,2.6313,53.3,210.61,39.87,2.2266,0.4048,20.96
fZo1B-80kbs,1.4101,107.59,184.15,53.27,2.2966,-0.8866,-20.97
XyYT0Y2B908,2.6026,147.2,205.38,40.73,2.9891,-0.3866,74.46
XsX1XkPjAms,0.0,0.0,116.96,-0.0,0.0,0.0,0.0
trhLEX1A7A0,3.3213,196.92,134.56,65.92,1.6874,1.634,101.49
cuGv3OQ6f3k,3.3804,193.56,106.6,52.64,1.7382,1.6422,113.39
QBhp4lUUayU,1.7169,54.96,191.56,49.59,2.31,-0.5931,-21.53
P-tYH-4DmAE,3.3677,66.73,156.17,39.44,2.6741,0.6936,-46.03
TeUNUOsqjuA,3.1117,90.97,120.07,55.15,2.1346,0.9771,9.13
6HkqX1OUWec,2.6711,143.3,113.45,45.67,2.4066,0.2645,38.42
4cGE9XclDas,2.8953,128.49,128.02,34.46,3.0018,-0.1065,50.58
H3udoKBPxiA,2.9216,53.74,164.42,44.18,3.2943,-0.3727,2.26
POgzBsHQzZk,2.4815,105.16,116.03,22.0,2.6573,-0.1758,72.94
vpBzeq2D62M,2.5158,68.62,90.82,44.56,1.9437,0.5721,-33.16
5n2EJHP_ZOs,2.4216,100.9,127.77,20.84,2.9243,-0.5028,51.4
7d_6IiKTgZU,3.3475,57.73,86.48,43.86,2.3782,0.9694,-9.82
u4sz0Mkxm7o,2.1356,36.81,133.34,35.35,2.4415,-0.3059,-32.41
92RB35gi0wk,2.9696,116.3,124.61,34.23,3.2232,-0.2536,28.06
nYLGDNQAjWQ,2.8154,28.09,53.79,24.24,2.8291,-0.0137,-29.73
-2T7OAuzlW4,3.2347,138.61,125.68,30.75,2.0137,1.221,50.8
WZcv8XmtNl4,3.2047,140.87,130.46,27.76,1.2973,1.9074,48.81
GYM4NUQPT3M,3.2463,135.21,125.11,31.47,2.5324,0.7139,80.41
TNMHGO5kWRU,3.288,125.67,120.28,29.14,2.3448,0.9432,84.15
C5A4sLIK428,3.3142,125.18,120.22,27.52,2.5286,0.7856,53.35
Zy_LbjZALA0,3.2962,143.91,126.48,32.87,1.7157,1.5805,90.78
S01WNSZqZ80,3.2133,130.4,122.18,27.97,1.9625,1.2508,78.62
2XnQ5MEow-Y,3.0632,145.3,101.25,22.99,2.4777,0.5856,60.75
N8ZBevbuXiw,3.5334,156.14,102.58,41.98,2.9495,0.5839,20.42
aqdWPvOqpLA,3.1365,97.6,95.12,55.34,1.9163,1.2202,1.31
6UNRsTHU9LQ,2.8353,110.26,95.87,38.49,3.3189,-0.4836,60.48
l6dpg-mo-2Y,3.0277,126.61,107.41,20.69,2.2137,0.814,50.47
7CLWyTyHo38,3.2835,127.03,94.02,24.63,2.9518,0.3317,73.8
3XdR4o_n8no,2.6564,122.5,103.11,19.66,2.4512,0.2052,70.15
kwZ2bHUEU8w,3.3239,150.14,98.3,44.31,2.7845,0.5394,47.97
kRoRSFvHu7c,3.3232,121.43,99.42,26.83,2.7984,0.5248,-3.95
8zqFrCAsLyk,2.6291,92.02,192.67,30.07,1.6543,0.9749,-2.16
GGXEGt-FIOU,2.5877,163.7,131.44,28.78,2.2113,0.3764,59.83
lb5yYsINVkE,3.2071,147.66,165.33,53.52,3.3798,-0.1727,49.36
_oeloHaVjzk,3.0231,149.51,124.23,54.54,2.6195,0.4036,36.46
7AjvjpfM6fc,3.0747,145.57,166.65,46.28,2.818,0.2567,73.34
yxrB9CYX3Fs,2.6882,168.18,138.88,49.61,1.7124,0.9759,67.98
bYhLEevV9RE,2.5488,175.75,137.95,30.38,3.0334,-0.4846,111.15
OZe5ZE81-WU,2.6164,93.74,155.55,30.61,3.1143,-0.498,-26.72
IU1rZnov6HM,2.7522,127.66,154.1,42.52,2.511,0.2413,16.14
LLXp6-HHxmc,2.5073,169.76,137.04,30.04,2.4268,0.0805,100.99
3MQA0nZ7NAA,1.8419,68.21,124.82,18.0,2.6915,-0.8496,-12.61
w7F9yc1BAq8,2.7581,45.17,88.8,29.85,1.8675,0.8906,-17.98
kiw7SIFUSg0,0.7953,98.81,167.69,35.27,2.5892,-1.7939,33.43
o50XPVX1Nrc,2.3111,119.26,118.47,35.67,2.9132,-0.6021,89.89
xTCuE7Y-ay4,2.3107,112.78,147.97,45.89,2.9333,-0.6226,55.12
mhlk0xsweLI,2.3006,118.63,118.57,35.69,2.9125,-0.6119,89.26
M6L8Nj2lMvk,2.231,81.22,101.45,55.88,2.364,-0.133,22.18
sbSbXon9yog,0.3756,144.06,208.88,25.13,0.0317,0.3438,-109.75
7hkKL1eBTgc,2.2873,118.64,118.56,33.01,2.7951,-0.5078,88.79
iHzfnICtHzg,2.7941,137.12,143.86,26.26,1.8674,0.9267,27.8
oAySMcaLuDI,3.301,59.64,81.78,33.9,3.4299,-0.1289,-13.61
B3Xmjo-RDCE,3.0261,98.13,78.84,29.04,2.2587,0.7675,14.28
CKdMsmHNoh8,2.9598,99.1,72.39,23.4,2.0493,0.9105,-1.26
6kkzcZo6SJk,3.1549,143.94,73.35,26.8,2.262,0.8928,33.15
XR1Tadbt6Kw,3.1007,86.21,74.61,26.87,1.6917,1.409,-4.61
1ddQTB239IE,3.2295,94.21,85.76,29.0,2.9408,0.2886,24.9
9xic5dBdNIs,3.4903,120.81,78.78,48.14,2.3673,1.123,24.18
r4KUcV1T6ms,2.9501,96.39,76.0,26.19,1.3457,1.6044,-8.82
vNg_SP9Cwac,3.0722,87.41,75.9,43.58,2.5725,0.4997,30.52
F_RE4A3WomY,3.2443,78.58,68.52,24.44,2.4927,0.7516,47.57
VjJGqyoB_NI,2.5267,99.17,111.18,23.22,2.7774,-0.2507,-7.48
UrIJV_xItOI,3.2609,76.66,114.55,29.92,3.5228,-0.2619,-2.12
b2UsVL_Oezs,3.4591,117.83,106.96,70.67,2.9216,0.5374,44.43
oqLLdSwEKH4,2.7984,199.13,169.76,26.37,2.3487,0.4497,93.17
8jF3Yyj9g2I,3.1883,136.89,208.87,49.74,3.1165,0.0718,53.61
8vSiZL7kqwM,3.0514,97.71,151.3,36.05,2.3653,0.686,33.52
J1zgqvg0XWQ,3.3436,88.57,148.4,71.44,2.7379,0.6057,47.34
9CsfWJSt71Q,2.3215,118.65,180.18,39.73,1.7204,0.6011,52.24
oFHXM5kqg2I,3.1296,151.93,155.38,40.46,2.1349,0.9947,80.64
MBupoU2aH4Y,3.2979,105.12,204.48,65.18,2.4675,0.8304,30.45
hVwi9EnceOs,2.5566,134.27,172.89,25.23,2.6475,-0.0909,58.31
yEoxnQvu_dQ,2.5036,78.89,138.24,31.03,2.1375,0.366,-9.92
d4HLA1TP_xE,3.3463,179.12,114.34,64.92,1.9363,1.41,107.95
WkrFUZ5KsbM,3.3658,154.45,92.71,75.82,2.7309,0.6349,98.7
JvX3jNy638I,3.4747,152.88,108.27,62.79,2.5361,0.9386,84.75
sBxDPA2nZmA,1.5327,53.32,175.31,55.4,2.5057,-0.973,-90.23
BoxTODvdp4w,3.0859,20.52,140.69,23.58,2.0037,1.0822,-28.55
G9qNznoE7Ig,2.432,46.55,132.31,27.84,2.2819,0.1501,-42.9
-Ipmpm8Zfw4,1.977,75.49,130.78,14.55,2.7011,-0.7241,-23.85
JxR0F87jg0U,2.3923,28.76,167.8,29.16,1.6544,0.7379,-6.62
mAmjxmagyYI,3.3955,23.88,116.83,33.86,1.9839,1.4117,-27.05
-4R0QjxkYI8,0.5271,79.41,152.42,20.36,1.9612,-1.4341,-25.34
f-EdvZQoVTY,1.4438,117.83,174.08,43.1,2.0559,-0.6121,67.03
fA9-PiYkRoY,2.8231,176.02,124.43,26.53,3.1173,-0.2941,121.67
1mwBXFcmyJs,2.5914,165.98,133.07,31.91,2.4578,0.1336,135.24
l_yQYo2jt3A,2.4654,151.03,119.24,33.39,2.0562,0.4091,79.5
0d1csObIeOU,2.5179,150.83,120.82,38.98,2.2273,0.2906,76.2
P_yQB36J5p4,2.7078,156.43,142.24,32.01,3.2904,-0.5826,110.64
ubfXvYayRuE,2.5831,172.94,130.88,32.25,2.5696,0.0134,47.32
4SyACwJt5Kg,2.4283,140.95,116.98,31.71,3.1445,-0.7162,85.55
3hNAmXpKvqk,2.5701,145.37,118.1,37.14,2.9567,-0.3867,71.1
lywv3pVt_bM,2.5422,138.33,114.4,36.3,2.5681,-0.0259,71.04
v2Nwydgul2s,2.3495,152.25,154.65,34.21,2.5005,-0.151,83.28
Wc0IcCpcnbg,2.8539,195.06,120.4,50.7,2.6095,0.2444,107.87
Faoh25vlaYU,3.7213,164.13,105.53,49.22,2.8236,0.8977,79.22
ij9Ij5hH8gM,3.0578,120.61,113.19,30.6,2.2208,0.837,22.27
H74pBWAbuog,2.9955,139.95,97.18,35.91,1.4707,1.5249,0.63
vda_qXCojVI,2.7927,109.67,87.63,33.64,2.1072,0.6855,63.46
pvhoE_V26PE,2.998,167.76,114.48,43.36,1.9483,1.0498,62.9
-xR6YvgvMGI,2.8361,133.82,149.59,48.34,2.3009,0.5352,80.79
AOTOl29nmrA,2.8939,151.17,157.86,41.34,2.1705,0.7234,82.51
E9nAP8BCxZk,2.8444,190.66,138.29,47.07,2.4635,0.3809,113.29
O88rhJwxC_w,2.7998,163.41,155.71,48.93,2.6926,0.1072,74.41
qV6yq_ApudE,3.4096,121.82,140.75,50.13,2.4789,0.9307,61.05
tmT65Pp97Ns,2.9788,72.07,73.31,18.42,1.5011,1.4777,44.69
w2to1HjQjMc,2.7191,110.7,133.07,28.05,1.9071,0.812,57.88
gPM9lFHJ9vU,2.6608,110.8,109.15,36.79,1.6646,0.9962,-41.6
fDQIRmg5xoI,2.5413,105.83,140.56,58.78,2.5911,-0.0498,46.09
ffvsUBfDoBU,2.3515,120.9,128.67,30.57,2.3477,0.0037,57.72
vI1x24FPcEU,2.1096,111.29,136.41,32.47,1.7965,0.3131,61.67
m29V1iJkUSw,2.2093,21.64,153.71,17.91,0.386,1.8233,-104.25
2hCpx4uyiiY,2.2622,60.32,142.54,40.63,2.3657,-0.1036,32.35
qZUja1wPPFw,2.3846,123.09,123.37,28.86,2.2812,0.1034,24.1
yAaBSeo_yfw,2.0326,105.23,148.47,34.25,1.4888,0.5438,57.14
qVXDA_aJtR4,2.2093,21.64,153.71,17.91,0.386,1.8233,-104.25
ggDum1LuUt8,2.3173,63.01,141.23,35.99,2.5029,-0.1856,37.3
-2LG1zDymJ8,2.8684,96.15,115.83,23.43,2.6352,0.2332,4.18
YruPkUdQc_A,2.5452,75.36,112.21,24.11,2.0217,0.5235,10.42
RrCmHvC8TEU,3.1394,106.98,110.8,32.29,1.281,1.8584,24.02
x_7wxJtRArY,2.9826,73.46,128.52,21.92,1.66,1.3226,-2.36
yF0r9zSrnF8,2.7867,58.06,123.13,23.64,2.384,0.4027,7.5
L0g88jN4m2M,3.1685,123.39,104.97,26.6,2.442,0.7265,18.53
lT9DMQlEpU8,3.4782,121.69,131.67,36.9,3.2243,0.254,46.64
f2nUhs24wNs,2.5169,140.35,145.06,39.73,1.967,0.55,60.25
N4A__y3iCa4,3.5662,136.67,123.81,41.06,3.2007,0.3656,49.3
bpuBd4W5rEo,3.336,152.19,111.6,33.0,3.0839,0.2521,56.32
6KL0gQ0dbWo,2.5629,138.71,145.37,39.25,1.9881,0.5748,58.9
09e2LdkWNlE,3.7669,137.35,126.23,47.83,3.2522,0.5147,42.16
3rYqI6vw1sE,2.4691,135.66,145.28,38.39,1.9804,0.4888,55.59
-ZNrseZMXQM,3.4615,140.46,123.02,36.54,2.9646,0.4969,60.2
dNdvmRXPgjQ,2.38,94.37,126.37,56.67,1.8896,0.4904,-35.41
biBNuiYFRjU,2.5065,94.14,112.32,53.79,1.5169,0.9896,-41.97
37gP0M22C4k,2.492,75.5,134.1,30.22,2.5052,-0.0132,10.19
vYWECMdmszU,2.9217,86.13,142.74,41.84,2.7659,0.1558,-9.27
ikki7N_0dY8,2.8499,102.24,140.75,34.84,2.0543,0.7956,-14.43
WQBwAMgkaFM,3.4065,151.82,126.55,66.24,0.8151,2.5915,78.27
wW8A8FGYGbw,3.3131,133.93,135.03,40.65,2.1317,1.1814,92.02
dsQuCnVmtLc,3.2402,173.71,130.17,31.89,2.3295,0.9107,59.66
MKDPMduJV_k,3.1373,163.43,121.78,26.59,2.64,0.4973,89.6
NFupxWIqxYo,3.5943,169.39,112.82,33.94,2.6945,0.8998,75.55
QPMu1dhYlwE,3.5708,138.33,115.67,34.15,2.7567,0.8141,66.46
muxOEBgyUcc,3.5509,141.59,100.8,36.5,2.8894,0.6615,52.97
PVMph74xINM,3.3711,167.25,116.43,31.15,2.4964,0.8746,86.18
sWcWxT6cGU4,3.5484,192.16,112.77,38.7,2.6661,0.8824,77.78
gGjEPyu1u9U,3.4505,160.27,123.08,35.85,1.7064,1.7442,74.02
SbGOJXFV2mg,3.2662,124.63,115.7,39.17,1.6891,1.5771,-24.15
mn42n7GwWy8,1.8474,12.17,167.12,41.99,1.8002,0.0472,-23.83
c7eSa98VVmU,0.9766,15.73,162.05,32.81,1.2345,-0.2579,-15.22
3EMWFwJRPNw,2.4221,15.6,170.63,28.05,1.2322,1.1899,-13.96
L3CMJiRwBdQ,2.6077,39.5,114.6,29.53,2.8144,-0.2067,-14.38
hXfzRgfrMds,2.7221,56.66,100.31,26.13,2.3168,0.4054,-14.68
YdP-phw_XfY,1.988,115.66,143.83,50.68,2.6468,-0.6588,11.97
hC6uxBpAfH4,2.5909,33.68,102.58,25.51,2.9304,-0.3395,-17.15
-XtC_smIpYM,1.035,23.21,154.02,33.73,2.138,-1.103,-23.3
tU-xDOD_eqo,1.6319,15.92,156.02,34.27,1.3824,0.2495,-17.3
x-e01G0Jfsg,1.0537,19.45,158.96,34.71,1.8667,-0.813,-30.83
g2pnyxUG9h4,2.1764,142.64,130.63,18.88,2.0547,0.1218,20.81
BuI0fvLnSds,2.847,115.25,120.45,21.83,2.6863,0.1607,-0.54
dU8fkkkbwE8,2.4012,161.04,139.3,27.19,2.1743,0.2269,16.57
uLldiVnqODs,2.8955,91.39,125.86,25.43,2.2943,0.6013,18.41
zScCrAcpFzY,2.1704,172.38,133.63,17.45,1.1549,1.0155,-68.86
CJM9DpMOHcM,2.9621,45.41,137.07,36.43,2.7378,0.2243,7.03
ZO4tPu7877g,2.3612,39.08,120.44,16.05,3.6421,-1.2809,39.03
t5frGu2Ozvk,2.2697,55.03,120.29,20.47,3.5694,-1.2997,54.84
iCcvOwBWG5Y,2.5148,115.11,122.18,25.11,2.0965,0.4184,-37.9
K2ynnVdVPfY,2.2814,90.93,97.4,19.26,2.7198,-0.4384,60.22
WqAJMGouu1E,2.9078,90.1,88.89,23.49,2.9692,-0.0614,62.25
DNCR9WAr8tc,2.4604,89.86,98.89,22.05,2.719,-0.2586,61.31
GpD1iiVGl7Q,2.4271,153.92,110.7,16.99,2.1296,0.2975,22.56
bmoRg2q-EAc,2.8286,99.02,119.03,30.07,2.7849,0.0436,73.33
8MSexylpv60,2.6124,141.7,124.03,24.66,2.6698,-0.0574,68.26
ImzS3jkqcT0,2.1239,103.58,113.49,14.36,2.5995,-0.4756,2.35
Uj-WX5qYJZg,2.6638,159.11,120.68,36.79,2.1889,0.4749,-35.77
oZWSi4v4R7U,0.1443,86.03,210.19,46.82,2.1978,-2.0535,21.85
08MvGKLS2QM,1.5341,155.5,162.11,22.08,1.8115,-0.2775,-40.96
FHcLUjSYM2A,0.1474,67.06,218.41,56.62,1.9277,-1.7803,23.27
WGqwW9Me1co,1.4224,179.67,175.45,21.1,1.9739,-0.5515,0.25
VoiLEox8fF8,1.659,167.53,164.52,23.31,1.9894,-0.3304,-30.46
OPzJf23ZUhY,1.4899,166.98,167.29,23.95,1.8447,-0.3548,-9.06
j5H2tvnoW2g,1.5588,102.02,140.6,34.13,2.2365,-0.6777,9.87
WMWEs4HOakU,2.3952,70.11,181.32,54.75,2.563,-0.1678,11.65
7uT4WViOkXk,2.2484,125.74,178.81,28.96,1.5654,0.683,21.33
kw3D8RhqBhc,2.0592,113.19,157.14,15.7,2.1188,-0.0597,-33.49
HqRPSAUpqP4,3.0106,148.66,129.33,42.14,2.1908,0.8199,66.41
KRX_cuavrbQ,3.1258,138.89,125.08,57.38,2.5132,0.6126,61.33
017ozKlLg6o,2.9624,121.63,105.66,52.92,2.3803,0.5821,58.06
GRImDCKFRjQ,2.2408,30.97,148.37,39.18,2.4468,-0.2059,-23.79
2tzLOTMehyU,2.8147,169.76,139.75,47.1,2.4269,0.3878,109.38
gFtkv-Gv1Do,3.161,152.7,107.12,56.68,2.3271,0.8339,59.25
eQUzxmji9D8,1.89,183.18,225.19,47.96,2.4853,-0.5953,55.97
v_ih_HxpEpo,3.2669,144.52,121.46,71.03,2.5772,0.6897,52.66
01wdhjQV_8I,1.7749,90.53,208.2,34.02,1.8441,-0.0692,-42.93
5FNF1hwNEro,2.0381,91.12,99.29,38.25,3.1583,-1.1202,14.62
cJnmb4EcuUg,2.7565,73.4,86.66,34.44,2.574,0.1825,3.52
kMEYAMT0hDg,3.5293,81.55,80.45,47.06,2.8972,0.6321,-34.18
NbDhMFxt9vc,1.9344,38.2,113.01,38.88,2.0106,-0.0761,-35.23
sQ2Qau3kXUE,3.2282,104.26,87.13,43.06,2.7948,0.4334,69.98
Z8db0YKt-D0,3.1459,127.59,87.19,46.88,2.1686,0.9772,-11.29
iPmGvvN_bnc,3.481,163.85,143.31,34.2,2.6701,0.811,84.12
EOhSUzGjeuM,2.3732,98.44,89.71,22.08,2.6504,-0.2772,55.14
LrhSlfaZvKM,2.2749,185.17,104.97,14.27,1.8965,0.3784,101.38
cq8mZmD1Bgk,,,,,2.0681,,
tFB_MGN_oTA,2.8552,127.24,131.31,32.69,2.9592,-0.104,46.48
dWnmigEThQg,2.8343,127.47,130.6,32.74,2.9141,-0.0798,45.6
nSsc-iKstzE,1.6247,159.54,142.65,13.97,0.8053,0.8193,-1.85
h2we-lUOU3s,2.8575,80.31,125.68,40.28,2.1159,0.7416,24.45
FFX7rL-XicI,2.5213,200.5,136.17,27.19,1.3276,1.1937,60.27
HUXO4eFwNJs,3.4119,145.14,93.77,53.57,3.217,0.1949,79.46
zQzj_U7Q9vY,3.2954,124.75,119.12,40.65,2.1775,1.1179,62.54
cvHeVYWmWG0,3.2528,137.31,133.43,38.61,2.0939,1.1589,70.69
lDgxY75wyIE,3.1321,135.67,140.18,29.55,2.6317,0.5004,51.63
x4fq9nZornY,3.4322,111.52,136.11,35.55,2.8243,0.6079,54.82
ISiJrYSaT0M,3.2997,56.07,137.26,27.83,3.2405,0.0591,34.34
c19-STEFp-c,3.0861,50.14,67.61,27.88,1.7032,1.3828,7.49
ifeANGSXVTA,2.5283,47.03,105.58,25.55,3.0896,-0.5613,-13.37
s7vIuw0Dung,3.5499,183.12,116.75,54.9,2.9283,0.6215,84.73
CdMC5aj6wSM,3.4429,131.59,100.16,46.51,2.3151,1.1278,37.55
5BbsIUCPhQA,3.5165,173.93,138.44,56.45,2.9891,0.5274,65.78
apv4g4utEFY,3.4914,166.43,142.39,54.28,3.0263,0.4651,82.64
kRetiYBY67s,2.933,157.82,155.01,32.55,1.403,1.5299,78.42
y7vR_u5Jl1s,3.5656,175.26,117.23,46.86,2.9558,0.6097,76.87
Md4Maa3xsY8,3.4051,187.95,123.3,48.35,2.3392,1.0659,87.63
WBh4UtrAmTo,3.3145,171.71,147.07,42.97,2.4052,0.9094,81.25
YNXvwhdvn8M,3.4954,179.02,121.9,42.22,2.8474,0.648,70.5
7hfPl4eeYCA,2.9747,88.08,107.95,35.92,2.8551,0.1196,-17.06
wv-WmlKMSc0,2.831,130.02,131.06,24.09,3.2106,-0.3796,22.02
S9Na3Hl5g5k,3.6496,61.9,134.44,44.14,2.0399,1.6097,-49.23
y_EJwvuQQz0,3.3511,166.17,106.58,49.14,2.9778,0.3733,29.93
bYGaO_Vhr9Y,3.1147,114.88,160.28,41.49,1.8347,1.2801,70.77
dVMLx0BIPgU,2.9261,115.07,104.04,35.65,2.5098,0.4163,22.1
LaOS822l1JY,3.2108,155.31,115.14,37.19,2.8392,0.3717,54.37
Gw4kJiRW25E,3.1982,167.77,119.61,45.95,2.484,0.7142,40.85
fmkwlbVLNsM,2.3128,106.52,136.8,45.08,3.1509,-0.8381,10.52
SfM5X1LP8HY,0.8555,94.17,133.35,20.61,2.4894,-1.6339,-30.16
y3GxI8YsoB4,3.7602,79.36,159.09,48.36,3.07,0.6902,-34.97
psyfCPZwFc8,3.7602,79.36,159.09,48.36,3.07,0.6902,-34.97
FvsUIGc6agg,3.7602,79.36,159.09,48.36,3.07,0.6902,-34.97
DGDZ3dYu2ig,2.876,200.74,136.68,37.09,2.8276,0.0484,67.72
IkJP-ONIbqY,3.1232,59.82,130.32,29.44,2.51,0.6132,-6.63
QTdVyjhXC98,3.2448,168.14,95.62,60.03,2.0011,1.2437,75.56
-ARb6JtBk3I,2.0336,205.16,85.47,39.15,2.5645,-0.5309,12.98
TDhN1KM2LfE,2.8222,99.23,78.28,39.58,1.7781,1.0441,26.18
Q2l7CcCm_ok,2.0333,97.3,108.47,23.43,2.0274,0.0059,77.83
Hblo0ETxHKE,2.9316,127.62,65.77,59.56,2.8316,0.1,59.96
ioegO2t7ktc,2.2116,115.52,96.67,44.66,2.2053,0.0063,27.25
SbcXQq1mjgI,2.8319,140.32,63.66,24.06,1.984,0.8479,4.7
Eqry8Dqnq9I,2.4435,167.33,54.64,15.67,1.2426,1.2009,44.78
88KP_7Foop4,3.207,66.64,50.99,17.68,0.9878,2.2192,27.51
GogZtkaj91M,3.0459,146.23,48.13,27.0,2.5572,0.4886,132.94
dQY_8NRo064,2.9023,84.25,56.34,53.65,1.672,1.2303,10.8
ykLZXfcb6Ys,2.2063,112.98,109.09,49.71,1.9172,0.2891,57.79
g8HEpTSiiFs,2.955,135.81,114.53,44.32,2.7099,0.2451,67.53
u52PQx7VMRo,2.931,132.24,104.52,57.97,2.8014,0.1296,53.04
_gEDoPSDyGU,3.309,64.23,89.05,42.55,2.5393,0.7697,30.77
EYa2YHI_kIs,3.2631,78.88,72.56,31.17,1.9893,1.2739,27.15
QEDKjvD-Th8,3.1348,66.56,81.98,32.88,2.118,1.0167,34.89
1-m3hE7DbSs,2.5228,80.71,83.3,19.89,1.1679,1.3549,-37.63
ERqmFqXBJ-c,3.4051,70.57,94.33,32.19,2.7316,0.6735,3.63
ilFK7CspgZs,3.097,50.7,89.55,31.86,1.6333,1.4637,27.52
WgG8GJmRzLk,3.2242,156.63,153.11,56.56,2.4435,0.7807,28.74
KRnd1tdfJos,3.2444,141.95,151.54,61.45,2.5502,0.6942,2.26
fSo8aUvH0Fs,1.4081,30.35,171.57,8.57,3.2602,-1.8522,-35.92
6pRfVyhUAXQ,2.0066,192.42,82.0,11.86,2.9019,-0.8952,116.82
LxTkrw6F8co,0.8714,191.59,171.65,4.12,2.4876,-1.6162,88.01
BMqcWRbr4vg,,,,,3.1533,,
ijMK4QUzelM,,,,,2.8485,,
4lv3Nvu0xAY,0.5149,78.08,140.72,7.35,3.4325,-2.9176,-17.71
x3E5vuAqo_4,2.6788,124.12,130.97,38.09,3.0519,-0.373,41.81
h250BLC5CKE,2.9824,127.8,112.05,43.05,3.2345,-0.2521,42.09
Vptvhv6NbMA,3.0401,132.77,116.7,40.61,3.1688,-0.1287,12.58
pmQh_B17_Ew,3.0369,133.33,122.16,40.28,2.9008,0.136,0.33
I_ROCewnTPA,2.9461,125.04,114.71,38.03,2.8994,0.0468,-16.69
H4VQjZAlwZc,3.0988,129.18,97.42,42.48,2.5669,0.532,18.0
yXRpth4MnWQ,3.1318,134.07,103.67,41.83,2.2965,0.8354,-2.45
__csUb8JWQ0,2.963,124.9,110.59,41.51,2.929,0.034,20.76
sf7pOVhhD7s,2.967,127.28,104.05,42.81,2.9104,0.0566,15.31
RWIDemtt3WQ,3.0613,86.54,105.75,78.03,2.7968,0.2645,2.03
v9nD1b8Skog,2.7436,108.28,118.91,39.17,1.644,1.0996,-63.73
BdJXEd7ns7U,2.5717,131.33,126.77,53.42,2.8895,-0.3179,42.85
Kc9fhd1-V5s,2.635,93.77,115.67,56.68,2.76,-0.125,38.19
PiGfolGs32s,2.0874,82.52,161.03,28.75,3.4062,-1.3188,-13.38
zn-X4ZA3NoQ,2.7913,108.77,114.17,48.76,1.8184,0.973,27.31
R_9uoj13i-c,2.6938,124.36,120.61,54.84,2.2834,0.4103,4.94
nIOR8ZGFeg4,3.3417,109.12,125.2,41.79,2.7368,0.6048,47.7
9b0UiLUgnPU,3.3417,109.12,125.2,41.79,2.7368,0.6048,47.7
dPipHaj8QAU,3.3417,109.12,125.2,41.79,2.7368,0.6048,47.7
RBjk2uuCK0I,3.3417,109.12,125.2,41.79,2.7368,0.6048,47.7
2dauo4g7bgo,3.3417,109.12,125.2,41.79,2.7368,0.6048,47.7
5mZoDzqa_HM,3.3417,109.12,125.2,41.79,2.7368,0.6048,47.7
tAYLL97uznI,3.3417,109.12,125.2,41.79,2.7368,0.6048,47.7
gQow7w0M3rs,3.3417,109.12,125.2,41.79,2.7368,0.6048,47.7
ADYzUgvS7Rc,2.6898,78.68,95.19,49.62,2.2598,0.43,21.05
is8NENIFwho,3.1463,74.18,107.63,52.68,2.0175,1.1287,31.98
9YGLwoULMqA,3.2686,75.97,100.81,39.95,2.0189,1.2497,21.73
NYbo0BiJS-g,3.2026,74.0,88.04,49.13,0.8755,2.3271,-63.8
PvruB2XxMMo,3.1124,85.73,109.13,53.79,1.386,1.7264,-12.74
OVnYJYhwFC8,3.3943,85.28,88.03,37.42,1.4081,1.9862,-51.89
JT6RoJhrRhA,2.6267,90.0,96.12,40.57,1.108,1.5186,-47.78
rVFRQ7j6bDM,3.1483,104.44,114.27,48.25,2.1585,0.9898,37.88
AmoWrA0EiuE,1.2137,127.31,212.6,12.48,1.2733,-0.0596,21.2
s54ZIhlZunA,0.3081,115.09,200.96,20.59,2.3526,-2.0444,29.06
u_jlDYzGeAw,0.7412,133.47,185.29,28.2,1.6702,-0.929,-18.11
8MICd7YbAng,1.1006,163.86,198.15,38.72,1.4553,-0.3547,45.36
fUXiEhROqLI,2.9081,89.8,121.13,75.99,2.7318,0.1763,52.1
sEy4UYkNRA8,1.5427,44.38,163.94,44.41,2.0724,-0.5297,-134.53
W2jbqLvsEBM,0.3081,115.09,200.96,20.59,2.3526,-2.0444,29.06
skg6L0pS35M,1.032,163.64,170.38,26.92,1.6534,-0.6215,83.56
2k2cbQPK2eg,1.9534,113.65,144.08,34.65,2.6709,-0.7175,-15.33
FoDh9Qo3xSc,3.3503,92.94,135.57,44.7,2.4024,0.9479,10.35
VjQM4DJeuQk,2.8776,134.12,157.63,67.86,1.8952,0.9825,-38.51
oTGW6NI689Q,3.0003,91.4,138.16,35.5,2.4533,0.547,39.63
OlUN3W1l6Rs,2.6213,111.29,116.84,21.97,2.7606,-0.1393,10.61
vZ6xpc-I5jc,3.4849,148.07,79.36,46.97,3.6495,-0.1646,42.34
ofCNAzOWDG8,0.0,0.0,69.95,-0.0,0.0,0.0,0.0
CHxyg3ip86w,2.4818,115.94,159.43,20.72,2.8404,-0.3586,44.43
uXVb_AOBHUg,2.9445,87.68,145.74,39.42,2.5735,0.371,22.57
Sw2IZ69wnHE,2.0347,32.73,128.16,40.35,2.5318,-0.4971,-16.49
Z-u88bNQ8HM,2.4325,68.82,174.68,50.83,3.6048,-1.1724,44.78
X8krQbVnNq8,1.1254,76.01,183.09,17.79,1.581,-0.4556,-11.36
2cspbKoG6hw,2.7136,101.98,126.77,80.86,2.151,0.5627,36.81
fzp_87-xa2g,2.5329,104.46,135.61,61.83,2.5821,-0.0492,26.68
jN283fijhag,2.3459,110.14,134.48,56.59,2.6298,-0.2839,40.14
w8F1nGCe20w,2.0737,117.61,135.96,50.26,2.3794,-0.3057,44.31
I8-m9yHfqW4,2.5454,103.49,136.23,62.9,2.3473,0.1981,56.33
vEXjiUnvjNE,2.4403,111.64,134.45,61.2,1.7524,0.6879,32.9
znLDkyIlrp8,2.598,111.35,134.26,59.09,3.0405,-0.4425,29.37
su8MszkGuPc,2.6651,108.41,135.56,67.27,2.8423,-0.1773,4.63
WZmzDK_YRXY,2.5115,103.95,131.87,64.89,2.6472,-0.1358,30.03
_pr8U3M1XsQ,3.1962,166.23,132.45,44.57,1.9822,1.2139,47.46
b2GkNO16NeQ,3.14,171.53,132.51,32.71,2.0726,1.0674,96.34
wobpMqsFmmU,3.1815,156.82,133.27,40.18,2.2574,0.9241,79.47
saHHKYoS6O0,3.3098,161.63,135.82,39.12,2.4235,0.8863,82.85
jaUBXGyGWb0,3.179,159.98,139.76,38.36,2.6961,0.4829,95.27
wSMIcyKehSs,3.3439,162.42,136.8,34.58,2.1462,1.1977,82.84
B4gXDRG5Ct4,3.526,166.94,128.11,42.17,3.0885,0.4375,117.43
l67xKoTuIIA,3.2805,168.73,153.02,39.62,2.7757,0.5048,98.31
4VSrv-iaWdY,3.1586,162.6,139.82,38.76,2.2449,0.9138,45.8
qj-rLLsDX0k,3.3524,174.61,140.49,44.39,1.9423,1.4102,73.73
4LjbZMsf3U8,3.2963,191.79,130.62,50.01,2.5117,0.7846,117.75
Lg0QVaXWRYw,3.2081,187.5,131.89,44.21,2.8715,0.3366,130.48
zyNDMmEK8BE,2.92,153.56,137.76,46.44,2.2108,0.7092,34.94
lV9R3sGkhF8,3.0261,135.47,127.0,45.56,2.7676,0.2585,58.52
OJwvL1L5Wgw,2.8516,141.07,169.04,34.1,2.4326,0.419,62.55
9JpaZlT3Q8s,2.8144,135.24,170.87,37.32,3.1292,-0.3148,69.7
acM7QsD3a0U,3.482,147.42,117.44,31.49,1.0934,2.3886,47.49
Wgk78bUwsJk,3.5644,123.85,94.62,34.72,2.6615,0.9028,57.94
jI156tSoQ8E,3.6606,145.56,102.93,36.12,1.6985,1.9621,52.27
8M2YyNPPoiU,3.6033,132.92,95.89,30.96,2.069,1.5342,50.79
pBSeStO5YgA,,,,,3.6613,,
1sEtwn1fgCA,,,,,2.9321,,
dN68oBnajn0,,,,,3.0034,,
U9p99jp1A3s,,,,,3.0917,,
6ytXxlturyM,1.3541,147.96,229.44,5.94,3.2129,-1.8588,5.97
YEQn7lxLHIk,2.7761,169.78,152.0,19.54,3.6473,-0.8713,59.39
qk5-bw71JOM,0.9948,16.39,141.63,24.33,2.0921,-1.0973,-25.16
MxmHDwnu1po,2.0043,16.11,205.96,17.58,2.7922,-0.7879,-50.14
DvKDb3uDoFc,,,,,2.3793,,
sN1jqmacj0o,2.9152,101.85,107.39,24.41,2.5012,0.414,21.76
qzOwdkcmMZM,3.2302,151.44,118.27,37.65,2.5976,0.6326,64.76
BmACMH-PkUk,2.6003,132.17,117.03,20.85,2.3733,0.227,41.53
YIdfKhnKuHY,2.288,110.9,86.5,18.89,3.175,-0.8871,61.72
nOdr2rB4YIM,2.9213,103.59,109.42,39.31,2.7929,0.1284,49.96
M_Aklwlhneo,2.838,131.49,96.64,22.22,3.3199,-0.4819,72.69
z03N44VldDM,2.5372,130.64,101.99,22.74,2.4655,0.0718,76.11
sCmgbmyuKYY,2.5205,108.45,149.75,37.67,2.3758,0.1447,45.86
TzV95Nd2KhY,2.1061,107.02,139.59,22.84,1.895,0.2111,47.31
mJXeb5iHSAg,2.9696,95.35,134.86,54.33,2.4803,0.4893,4.24
AcT21BYshsk,2.4497,93.91,137.47,25.36,2.9036,-0.4539,33.44
5FaprXdeiFA,2.3355,113.72,129.4,29.9,2.2578,0.0777,46.29
qx9y50MK_Oc,3.0914,123.91,130.36,54.45,2.798,0.2934,-10.39
wxMGP3488Cw,2.6922,103.98,136.22,43.96,2.6891,0.0031,58.31
br8NIS_TNpU,2.6462,92.32,122.68,56.5,2.3411,0.3051,8.94
uRULmi6FTeA,2.6164,133.23,130.49,29.8,3.2444,-0.628,64.18
iTS_-XrCurU,2.8364,123.84,130.18,54.31,2.2615,0.5749,-39.51
EVHrrT7WME0,2.5702,84.77,136.89,27.21,2.9106,-0.3404,8.64
6dmOHjl3oyI,1.4123,36.66,228.6,32.2,2.6527,-1.2405,-1.92
G73u6wdMp_w,1.8919,73.17,205.48,42.3,1.8096,0.0823,28.65
zUNANl9eMJU,1.3919,34.35,230.45,32.27,2.5418,-1.1499,-5.08
MWuF7vW3P_4,2.0548,87.7,198.25,42.78,1.5738,0.4811,42.58
qxOOP0lPU1U,2.3984,42.34,217.39,30.0,3.2568,-0.8584,8.54
ILIsV701-H8,2.3033,52.6,196.54,22.92,3.3375,-1.0342,2.45
FLNZkm07A0c,2.4016,38.71,222.0,29.84,3.0228,-0.6212,-1.82
J0Z8eD2Lp94,1.3243,35.46,228.2,54.94,2.5166,-1.1922,17.47
xbDEVs6LH9o,1.4184,33.19,228.87,58.31,3.1905,-1.7721,17.43
acR0_y0NJRI,2.7743,68.38,137.85,17.07,1.8036,0.9706,15.8
Dmt1p7qbDqk,2.7364,10.27,145.81,21.1,1.4666,1.2698,-26.51
u7dfqDxPlEA,1.9243,79.8,172.46,25.97,1.7575,0.1667,-13.01
eUHQrPZk6LU,3.0382,87.36,128.49,29.17,2.9642,0.074,9.91
UDt2rQ6qpuo,3.2099,163.19,160.64,51.78,2.6314,0.5785,66.11
D_WzBPHZlxY,2.7887,146.26,74.74,26.3,2.9695,-0.1808,38.08
-kDaRi9wx04,3.0396,188.01,84.02,31.67,2.8432,0.1964,126.56
uLXHOuXs06Q,2.9994,149.02,90.29,27.1,2.8874,0.112,15.1
e2RcMEmROoQ,2.9919,131.87,89.27,26.14,2.9824,0.0096,43.23
O_9Js1k71f0,3.2215,128.5,79.22,35.29,3.0093,0.2122,41.66
3y3IOxhXFf0,3.136,139.78,98.7,25.81,2.7904,0.3456,74.26
Tw0FBX606hM,3.0674,158.4,91.68,29.26,2.0682,0.9992,58.68
4O3WPqQEGfw,3.2633,148.57,87.49,30.06,3.443,-0.1797,65.15
7EZqammYmN8,3.1233,151.16,83.22,29.72,2.0064,1.1169,33.87
1KRN5xlNLoI,3.1482,141.1,71.89,37.09,2.9702,0.1781,103.47
CuNvKy-BrA0,1.907,131.58,198.6,40.87,2.5935,-0.6865,-10.63
pg7Id0rQ1Ss,2.8902,58.92,150.22,50.15,2.1791,0.7111,-1.83
I43K_yDNsZg,2.9244,75.36,132.2,24.89,1.8074,1.117,35.01
6nrqZIovCYg,3.4253,146.82,99.49,43.57,3.4398,-0.0145,110.58
oJxlWfq0rZw,3.2701,136.74,82.68,29.57,0.8731,2.397,82.14
bj9bpAFXX3s,2.6524,126.42,114.25,26.38,1.471,1.1814,55.75
5l6rKgcDuv4,3.5086,136.64,80.15,38.28,3.0824,0.4262,101.89
FGWcEpt20Og,3.3514,130.84,78.0,35.56,3.4712,-0.1198,67.61
DTAJiGQru-s,3.3644,129.83,83.44,32.56,3.1607,0.2037,102.66
dGa6dw59424,3.1524,166.32,83.81,32.27,2.4979,0.6545,73.54
F3P6jFklKu4,3.1289,160.9,84.25,31.91,2.4596,0.6693,80.38
hEtEWEb8Cyo,3.1935,137.35,85.2,32.0,3.0751,0.1184,53.96
uFSw8M6RqHE,3.1602,148.79,86.7,31.9,2.4555,0.7047,44.32
di3O2e-WuPY,3.1051,106.83,112.85,24.07,3.4711,-0.3661,30.06
DY4eMr4qWXw,3.0404,163.67,106.19,31.78,2.6257,0.4147,75.66
OXEaaMIEkkU,3.3179,157.09,106.95,38.09,2.8162,0.5017,58.78
K4Me3KqNa_U,3.2167,162.23,83.03,33.77,2.7645,0.4522,91.05
e8fa9UwKl6E,3.156,163.66,84.69,32.65,3.0892,0.0667,76.06
tfgjUDFgVwk,3.2093,163.95,85.68,33.93,2.8275,0.3818,95.85
CMIAq8SZvBQ,3.2496,47.45,84.25,28.52,2.6534,0.5962,-32.11
GXxmggCERJg,3.2383,14.64,65.03,19.67,3.1695,0.0688,-75.8
TbAblawKsRM,3.8999,121.56,87.26,40.54,2.9241,0.9758,41.73
kI7Z5pdMj9Y,3.7166,153.81,88.99,40.39,2.5723,1.1442,22.78
hcXI5Evb2L8,3.6212,146.58,100.09,36.16,1.4864,2.1348,22.55
G1mCYSo2rnQ,3.7451,149.74,96.66,52.13,2.6745,1.0706,49.17
jNT019W7pwU,3.7916,147.32,100.64,46.1,2.9492,0.8424,39.98
INsYJqXQyc8,3.7031,144.63,113.67,39.58,1.3624,2.3407,34.84
eYKquE7Ud5I,3.7796,153.57,106.35,45.44,1.8781,1.9015,67.92
EQDsiTdZPV4,3.6153,155.61,103.75,38.59,1.421,2.1943,-9.07
v2s5eWiQ3yA,3.4016,112.98,101.74,38.17,2.2113,1.1903,35.0
__UO_tvB78U,3.1558,114.3,97.51,44.91,2.2787,0.8772,-7.75
o4BzP7ZJpB0,3.2739,102.55,97.09,46.61,2.05,1.224,11.83
OBEBc7TpvLY,3.4163,145.09,103.97,35.5,2.4944,0.9219,-9.29
Go_3BARGX4Y,3.5707,95.44,109.08,41.41,3.1734,0.3974,23.98
2MyRtla9QZs,3.0636,115.21,97.33,50.56,1.7442,1.3194,7.04
gSo52sTN-dQ,3.4054,100.38,109.71,48.97,2.9223,0.483,20.09
S17AjMosQzc,3.3439,118.04,100.58,47.74,2.2515,1.0924,-1.87
dGKvhBGOyQ0,3.2967,131.57,107.75,39.74,2.8273,0.4693,7.27
gAqd87fvgRM,3.1684,102.81,106.39,47.36,1.9969,1.1715,2.07
YVQCRALfb0A,3.2339,105.48,123.83,55.6,2.6286,0.6053,47.38
Plz1Q_hvSic,2.8658,177.1,142.82,60.96,2.4484,0.4174,42.71
UGlJ8MZrPms,3.0509,116.94,117.59,49.77,2.5352,0.5158,55.59
gCNHDYb0KfI,2.8658,177.1,142.82,60.96,2.4484,0.4174,42.71
misLisjHtpY,2.8662,177.22,142.95,61.1,2.4489,0.4173,42.87
bUQ-bss_jYg,2.7312,135.32,154.25,35.32,2.6462,0.085,55.71
k-5948N_fOA,3.0589,86.21,113.0,28.06,2.6135,0.4454,14.29
1BqbK5nMFfo,1.2012,214.92,148.71,31.06,0.2142,0.987,-35.63
Euxwwjl5W1U,3.1748,124.73,106.24,32.9,2.5668,0.608,67.5
C4P_3oTs95o,2.7058,163.56,118.68,49.73,3.2926,-0.5868,70.1
Nfkxb3482LA,2.8647,132.45,111.75,34.04,2.5413,0.3234,79.21
ejKo4QcM_rg,2.9092,121.12,112.02,31.36,2.5589,0.3503,67.85
mtP-X3eYSws,2.765,125.76,141.37,34.31,2.9584,-0.1934,61.02
voh8h6-4TnU,2.9611,116.76,137.15,40.93,2.1536,0.8075,81.11
bVj4kgTJn_Y,2.8063,127.24,139.98,36.72,2.8974,-0.0911,95.14
K-dGNdNnBNk,3.1115,140.64,120.32,27.79,2.4645,0.647,70.2
tCii51xz-20,2.9033,131.03,121.73,33.1,2.3827,0.5206,70.22
XfcablKT_SM,2.5397,125.04,132.48,24.23,2.3893,0.1504,70.24
SzUWFl4JF4I,3.2582,132.41,119.92,40.17,2.6345,0.6237,96.79
v8ACKD4_F_4,3.1127,132.99,129.92,41.02,3.0771,0.0356,77.81
l6DWdf76vuk,3.1558,56.43,182.23,40.07,3.3336,-0.1778,-16.33
xlgZx6DjAhg,2.5797,73.94,211.66,50.7,2.4027,0.177,23.49
wQaBcNWj5BY,2.209,82.53,198.85,35.85,3.5129,-1.3038,24.25
8lorGg2HVdI,2.7938,78.09,176.62,69.41,3.3001,-0.5063,33.99
FNGhIj-oFok,2.7486,107.06,181.98,38.12,3.1764,-0.4278,29.06
AooCGatVR9A,2.5292,96.65,218.15,43.23,3.3102,-0.781,28.78
SRv7XvRNguY,1.0933,69.36,225.36,27.52,1.7756,-0.6822,2.43
EZEZEzWNBmU,2.5721,46.56,201.16,23.78,2.6847,-0.1126,-19.83
DsAKPYyXWO4,2.2778,137.02,142.91,18.1,1.8512,0.4266,48.7
54TOwyn5rvg,2.518,142.05,129.27,22.77,1.4696,1.0484,71.08
DsCh6jq-FDo,2.6517,136.9,104.37,31.35,2.319,0.3328,69.19
ACv_z616QBA,2.7721,97.47,112.32,25.99,1.653,1.1191,32.8
L9mufsuQ2l4,2.8722,145.59,148.7,37.29,1.8294,1.0428,71.41
j6LDp_Pqy6M,2.7546,164.72,144.4,41.75,1.7702,0.9844,109.05
N91NSaZrA24,2.8222,114.89,83.73,24.13,1.9667,0.8555,19.28
o30aVAI0INA,2.9739,107.5,99.67,31.29,2.4428,0.5311,45.05
zQR-18Iv78I,2.9301,112.36,105.73,29.04,2.4875,0.4426,69.2
wUF1N7DEG5I,3.2696,89.25,84.18,25.56,2.7723,0.4973,13.52
9Nx-If40uQ0,3.0528,116.48,93.4,27.12,1.9194,1.1334,-11.14
UD84auPgxe8,2.8018,119.64,192.78,41.24,2.5911,0.2107,28.79
F0JhIdqqAo4,3.1098,129.66,108.83,29.44,3.3412,-0.2315,20.91
mM57qJw0UAk,2.9113,140.47,116.65,30.37,2.642,0.2693,45.79
VUF6PZEsXqs,2.8819,111.01,120.81,25.65,1.84,1.0419,7.92
baxo8F9BD0I,2.5749,135.41,119.87,19.12,1.9048,0.6701,16.3
XaA9RND_zis,2.7121,114.31,115.3,23.02,2.3792,0.3329,47.66
98sU4zm_kc4,2.8837,146.94,120.4,37.8,2.8984,-0.0147,43.1
vfRpOok9ZNA,2.9487,138.6,118.17,43.8,2.7312,0.2175,60.86
pi9RCeE7lzU,2.769,124.87,128.66,32.57,1.9515,0.8175,34.71
CGO4CYXhmig,3.1597,60.48,136.97,26.75,2.9656,0.1942,-50.34
c-ZiNmLW1u4,1.5467,106.81,188.93,34.22,3.3787,-1.832,58.64
XDIGgeAdWbk,2.3194,99.34,160.17,37.46,3.0386,-0.7191,30.74
sdDHGOnrpZ0,2.3705,67.67,140.64,28.94,1.8539,0.5166,52.8
eupugvigK2s,2.1139,110.11,167.85,39.18,3.1779,-1.064,49.95
w614ccmGdlQ,2.7851,142.81,190.22,49.23,3.4376,-0.6525,57.58
ZLFWfQ46BXE,2.6247,109.19,168.1,33.46,2.7264,-0.1017,49.28
zw_OPQRDMAs,2.6344,93.61,139.42,27.14,3.4438,-0.8094,35.7
KO7qLjBnct0,1.2357,25.27,88.03,39.21,2.6048,-1.369,-1.8
7klGo_s4ID0,0.0,0.0,90.3,-0.0,0.0,0.0,0.0
AeF7ApRIM1s,,,,,2.4856,,
PjFI4kuu6qg,2.153,96.18,138.96,35.53,2.7249,-0.5719,40.35
A62o6uOicVU,2.0692,61.08,163.15,18.46,1.7695,0.2997,6.55
7KxN6QUUJfI,2.8499,91.57,150.47,37.79,2.7668,0.0831,15.3
rbJkd4RRyVw,3.3485,102.46,56.76,47.32,2.2689,1.0796,21.3
dTemtLA9nn4,2.8638,100.0,136.03,30.37,2.6683,0.1955,35.65
YoZVMpgXKB0,2.2668,140.76,76.64,27.26,1.0626,1.2042,-18.03
6XzN1a60jj8,2.4988,114.83,86.15,25.07,2.3236,0.1753,-9.57
CVv5ytx4w2g,1.5766,5.27,44.21,11.97,3.2547,-1.6781,-34.74
cF28FU5gDHs,1.3213,137.23,105.68,17.37,1.1545,0.1667,38.97
cY6gObaxtMY,2.7511,66.63,57.74,17.8,1.0956,1.6555,21.78
NVL91cYnaAU,2.7014,14.71,53.57,12.64,1.9662,0.7352,2.97
Cn__o3rac74,1.927,131.7,117.03,38.78,1.5072,0.4198,10.02
QAaymvAetp8,2.0181,144.1,117.02,38.66,1.827,0.1911,13.57
tZneX5KBf6g,1.9315,139.96,111.95,35.28,2.0778,-0.1463,23.91
-Vwo9otFE6c,2.1362,142.23,116.04,38.9,2.1788,-0.0425,14.1
NVVxkjLgoKQ,0.0,0.0,51.6,-0.0,2.2127,-2.2127,-39.61
LIad4TJludk,2.4704,162.08,116.39,24.43,2.6372,-0.1668,99.18
cLxRXdIP4os,2.3296,158.33,111.78,24.77,2.2862,0.0434,137.94
-_eZd47DffE,2.4642,155.15,109.13,23.77,2.1004,0.3638,130.98
uvyvGTutW8I,2.9369,105.52,147.64,28.03,1.831,1.1059,-43.14
di1LeWsPBmM,2.322,77.53,160.27,22.31,3.426,-1.104,-10.76
o00kB7gcUPc,2.9681,71.51,164.39,27.27,3.3153,-0.3472,7.0
RdUQOpGuA0s,3.0252,66.65,156.24,27.39,2.8452,0.18,-11.6
fgmGcON5gZE,2.6254,65.93,142.52,25.55,3.2027,-0.5773,-34.76
mlbunYgdjDE,3.2868,84.89,136.37,39.43,2.6314,0.6553,-32.45
Il0NmpMK8Gk,3.2828,93.94,137.77,26.98,2.6997,0.5831,6.09
7Jjj1212MyI,2.8706,81.39,152.04,30.59,2.7092,0.1614,-8.39
DSr9a4G-POk,2.7405,82.89,143.93,28.6,2.8509,-0.1104,-11.3
VZOwtmP2RGA,3.3401,97.5,151.57,40.36,4.0448,-0.7047,7.08
aarvVwkmmiM,0.9503,51.98,134.83,32.19,0.9435,0.0068,-14.45
fEsq7An6HpA,3.1594,72.82,132.29,31.64,2.9214,0.238,7.56
TWlRKbdj0zA,2.9465,117.39,106.31,51.59,1.7551,1.1914,-21.87
2MdNKTybjZc,3.1754,91.31,126.29,47.23,3.1336,0.0418,20.22
ks0H4tHma5I,3.2869,103.47,122.05,53.12,3.5691,-0.2823,22.51
xRck8d5pcA8,3.4032,116.22,114.2,45.7,3.5008,-0.0976,25.77
qgVkvqdtET4,3.1111,85.5,119.29,26.35,2.6091,0.502,0.07
mUTLSo4-Plw,3.2114,108.27,132.79,51.7,1.5397,1.6717,68.02
qwAMLnuRpDs,2.442,119.64,113.57,12.18,1.9098,0.5322,-42.47
B0EjAFmzS_0,2.9721,87.23,94.92,23.69,3.4422,-0.4701,35.88
hPZCBSuGiAs,3.0586,142.48,103.08,35.69,2.3998,0.6589,54.3
CuJcC3fpeyk,2.746,141.17,100.0,23.65,2.0603,0.6857,67.95
oRaFNqaj9rg,2.3393,106.82,108.57,12.02,1.3062,1.0331,23.31
qD1oN4U93VI,2.7735,136.44,97.11,28.07,3.3157,-0.5422,101.0
l3YkvMFGrZo,2.8143,148.05,105.99,21.32,2.5327,0.2816,90.95
s4c6-gM04sw,3.1912,86.56,116.57,30.66,2.2178,0.9734,-38.89
YCtKe8zMc4k,3.4617,103.5,49.88,26.68,3.2508,0.2109,89.83
UztcY3XQJ8s,0.8264,119.48,158.05,17.34,1.5942,-0.7678,-9.0
KE6Zwd10Zqo,0.7156,117.47,159.99,13.95,1.0359,-0.3202,-8.04
xVPIeLZTZ6g,3.2449,92.82,129.69,41.39,2.8812,0.3637,-2.5
mYoY6Dgbim8,2.9298,95.96,123.19,27.06,2.0828,0.847,21.68
7YaZO4zqJbg,0.9113,122.27,157.82,15.17,0.0238,0.8875,-19.77
zX7sGCt8ke8,2.7913,82.05,126.32,52.02,2.7723,0.019,-5.89
qZoxjZckQhM,3.0545,100.09,117.65,43.85,2.8719,0.1826,4.57
OeQKiBEGVhI,0.9113,122.27,157.82,15.17,0.0238,0.8875,-19.77
YWNtrfxeIxE,2.7838,88.69,101.7,14.09,1.3052,1.4786,-44.26
KWUL0iQCIH8,3.2892,76.31,114.0,22.29,3.093,0.1962,-35.4
TT2z7Z9Yqm0,2.1474,60.49,116.37,15.12,2.3544,-0.207,-35.83
HQcLRz2AZIU,2.5665,44.05,116.48,22.04,2.3052,0.2613,-67.91
bx0RN6C7T5A,2.6105,43.41,113.45,15.35,1.8653,0.7453,-33.17
mlpclT89Gmc,1.8887,95.66,138.41,14.16,2.2581,-0.3693,93.38
snICgdjccMs,3.1478,86.68,102.75,30.77,2.8396,0.3082,-28.24
_qKPHw9d1Kk,2.9191,90.47,113.23,21.46,2.442,0.4771,26.3
iaCwtdQNXuI,3.0165,82.33,95.71,19.16,2.2585,0.758,10.78
TEefWqlWoIQ,2.7204,73.89,112.66,37.25,2.0415,0.679,-5.37
TddtuhGi4-Y,2.9585,116.51,111.58,23.33,2.7898,0.1687,-36.45
dS2zVtosKI4,2.3768,81.05,91.34,35.34,3.1718,-0.795,42.47
s-c_cJHA7cg,2.8904,101.43,104.8,41.54,2.0382,0.8522,-21.02
jJcmm65ZpGs,1.3222,38.9,123.67,35.2,1.9238,-0.6016,25.73
8a6As7bHdRY,2.4362,29.19,154.6,27.8,1.8059,0.6303,-0.66
zrGyOacLGgs,1.2363,110.62,99.74,21.93,2.419,-1.1827,71.55
ZXiKBRWPl6I,1.3298,98.89,106.02,21.68,2.376,-1.0462,39.44
Fd5oeYK6yps,2.3608,3.87,96.41,9.61,3.5123,-1.1515,-49.86
AKEDF6DNgTY,2.8362,0.6,92.17,5.03,2.8768,-0.0406,-66.3
a4jPTw7gAu4,2.694,20.61,109.28,26.09,3.1758,-0.4818,-20.88
J9U41ygUZyk,2.1701,15.97,111.32,28.02,2.8947,-0.7246,-38.38
23kpDCPU95g,2.8773,40.51,112.33,23.93,2.7715,0.1058,-49.95
_d2iidaSz4I,2.76,40.36,105.41,19.6,2.1905,0.5695,-93.13
ECjYCdJ6tX4,3.4175,40.09,114.79,22.56,3.3424,0.0751,-43.65
u7JcnxevYwI,2.2997,27.33,101.37,13.8,2.0139,0.2858,-78.46
s3SPbhhmxgA,3.128,33.43,107.78,18.39,2.9852,0.1428,-38.16
_hIv74fft8M,2.7248,102.75,127.12,31.62,2.3578,0.367,34.23
oj1-RTKFTsU,3.0931,109.58,103.71,28.57,2.2056,0.8875,38.26
pfxyS_DRgWc,2.6496,94.1,149.22,26.47,2.2958,0.3538,38.27
jh4C91S7BQw,2.7003,125.49,108.1,25.37,2.4303,0.2699,37.09
7cKBbqFtEAw,2.8072,113.81,162.0,40.96,2.3258,0.4813,62.25
V39tB1BJzVA,2.8046,121.7,140.91,27.7,2.6232,0.1815,51.05
aLxak8NliYI,2.9299,109.21,125.85,33.94,2.8441,0.0858,40.28
Y0KwXciuJ6Q,2.5757,89.35,131.99,36.88,2.7312,-0.1555,27.34
7QhYc5jRt8I,3.649,133.52,108.11,46.15,1.9334,1.7157,61.43
lB5xa7yoJws,3.7992,132.65,90.16,52.06,2.4033,1.3959,44.32
0mKla2wDY-o,3.198,149.38,111.17,31.23,2.1301,1.0679,52.77
9j-dcs-e6rg,3.6144,110.99,122.44,62.69,2.1521,1.4622,63.54
_GN-SvaHqAw,3.6894,144.26,99.25,52.99,2.5378,1.1516,54.58
h0J19o3mAmU,3.629,130.89,96.57,57.05,2.0664,1.5626,76.76
HrJ14ZMN6W0,3.581,148.18,98.38,40.89,2.5967,0.9843,99.47
Dqj1zioX47c,3.4852,164.55,98.58,40.1,2.2102,1.2751,85.03
k-cP0d_HstI,3.2677,165.16,99.11,34.34,1.7497,1.518,82.26
5_byjzH6MaE,3.2047,157.69,116.35,33.3,0.6592,2.5455,88.79
08pGcrMRJJI,3.3301,122.1,108.31,43.62,2.6435,0.6866,71.59
zLqkI_5rXSU,3.1219,95.88,124.55,71.57,3.2047,-0.0828,50.38
h5vJ4F4UnxI,2.9612,112.37,118.13,26.41,2.8556,0.1056,64.59
j9YdKAb82tM,3.1584,121.58,107.68,58.78,2.8858,0.2726,64.79
6GWtgLrk0lo,3.4892,57.02,119.64,28.99,2.5042,0.985,-10.24
PUgmM0TDk7g,2.5338,105.54,125.9,25.81,1.9642,0.5696,55.32
vQQ72JCOtLY,3.2251,83.14,126.37,43.99,2.3793,0.8458,46.11
rzuOJSbizb8,2.6408,76.02,101.52,48.15,3.3342,-0.6934,-1.8
ydDqVwQOg5s,2.6934,91.55,119.19,41.94,2.5503,0.1431,55.25
WKk_FlU8a74,2.7137,142.33,120.87,24.29,2.5639,0.1498,30.51
nS-5InL8JoM,2.8322,97.43,172.76,30.35,2.2311,0.6011,37.46
nyMbjggGp3s,2.7479,63.68,179.23,25.69,2.4557,0.2922,9.03
T5bugXWWc0M,2.0752,60.63,192.32,17.79,1.6392,0.436,35.12
-1fBb6wF0xw,2.1845,104.33,134.12,36.18,1.85,0.3345,62.74
5RSua0haEis,2.3968,64.18,197.56,20.24,1.6873,0.7095,-53.13
GdkudpI741Q,2.2571,55.67,193.96,15.67,1.4592,0.7979,16.37
TN5fG38U0qE,2.4251,63.09,186.97,23.77,1.8731,0.552,11.01
4wm9pldGMng,2.7606,70.98,182.38,23.35,2.0752,0.6854,-22.68
JZ3k8UuwiV4,3.1012,131.23,122.1,65.52,1.4994,1.6019,77.81
8-cDP9Kk4u0,3.3614,142.03,118.37,37.14,1.5648,1.7966,26.71
XppRFFzAOhk,2.0124,2.02,190.55,12.4,2.6413,-0.6288,-18.04
xFjyizicfSc,2.5263,32.42,119.49,25.1,2.0791,0.4472,-33.44
PKODS5NOKJo,0.7327,61.58,139.3,8.41,2.0425,-1.3098,5.24
XN1kU7i7v3M,0.0704,48.35,122.69,9.8,2.3357,-2.2653,10.3
lyCVxkxpwDo,1.4732,94.38,83.44,22.58,2.1434,-0.6702,21.88
8xmqzIX3afM,0.4885,89.51,185.64,9.67,1.4477,-0.9593,15.84
S2MmZEm9k3I,1.1911,91.81,89.41,24.6,2.1009,-0.9098,11.62
1DSXKFKfX1I,0.8214,40.44,101.77,22.94,1.789,-0.9676,-0.45
vWbByGEi054,2.1555,60.54,174.44,16.86,2.288,-0.1326,32.29
2SnRPcwea78,0.3459,57.53,170.82,5.1,1.6723,-1.3264,10.75
EFnLls-uwrE,2.5433,139.36,130.41,34.33,1.5558,0.9875,15.96
AapiwIJYdOw,1.8854,60.96,135.14,27.02,1.9362,-0.0507,10.93
gJehW5wTztY,2.1775,74.01,184.74,18.62,1.9008,0.2766,49.38
AmCWtDzGLfA,2.4294,73.15,118.95,26.54,1.9948,0.4346,4.46
LApXf8pWH8Y,1.6131,60.39,190.5,18.0,2.0521,-0.4389,34.77
i6mGSDXwoT8,1.6949,56.5,191.11,18.1,2.2162,-0.5213,29.85
KUM59EMxPq0,2.0378,58.25,122.84,36.69,2.3631,-0.3252,10.44
U_Zfe079aKc,1.839,61.77,120.31,25.34,1.9128,-0.0738,17.53
UxLioKBzSBM,1.5127,61.77,126.53,25.24,1.4982,0.0145,25.41
lW5RQK7GIt4,2.4634,74.05,186.68,23.53,1.8184,0.645,35.76
sg2r9Xfqw7g,2.4842,82.75,118.62,21.17,2.3179,0.1662,-5.77
WzHx3lf14u8,1.2466,0.32,221.01,6.23,2.6155,-1.3689,-18.76
yTWpFJgw2Kc,2.4243,98.98,123.13,37.25,2.8169,-0.3927,-20.76
Ggryb_I-EKE,1.2156,164.04,186.3,5.45,1.9783,-0.7627,24.69
YNOk5KQkp0g,2.5015,139.19,159.66,16.68,3.2733,-0.7719,15.96
ZNyqN0sKC38,2.7402,175.83,143.85,17.45,2.4903,0.2499,-11.51
iVQyhfxqSTY,,,,,1.921,,
WNHgX5FSNs8,,,,,0.0,,
Mb06v1_MrwY,1.1268,147.43,222.01,15.62,1.5181,-0.3913,-28.99
gBIVQ7ttcS0,1.8302,168.24,159.96,11.57,2.1577,-0.3274,18.0
VJwlWuRSCUE,2.8898,170.22,86.39,29.33,2.7978,0.0921,133.26
aKZEPN2Z4as,1.9092,124.95,139.01,14.03,2.9751,-1.0658,66.32
2u2IGUC7pY8,3.1668,132.6,129.17,39.43,2.9802,0.1866,73.42
2D_F22lWGoc,3.2197,154.01,139.54,38.02,2.6812,0.5385,80.08
sK6BodEDJ8U,2.6662,121.19,156.3,28.27,2.4919,0.1743,85.45
NEfLFmuCNTM,3.2228,117.73,111.18,54.03,2.5286,0.6943,26.08
kCCoO6fq4ew,3.251,134.64,102.49,32.69,3.4543,-0.2034,50.75
ynCCtcbA_rw,3.1964,140.61,122.87,35.67,2.8713,0.325,50.24
DYSBrIkVHCg,3.0792,118.48,118.92,33.95,2.4491,0.6301,74.7
X2t6ow2PWxk,3.1767,144.87,127.7,34.95,2.4255,0.7513,70.59
K4F5w_RQOHo,3.1047,130.45,112.54,29.05,2.6613,0.4434,42.74
3Vrhy2ZLmFw,2.9513,127.63,110.94,43.54,2.2914,0.6599,55.44
lS2fyjgdBxg,2.8437,112.39,113.69,29.1,2.3427,0.5009,84.31
0s_AsoPmmCk,2.8281,137.33,139.09,27.85,3.1192,-0.2912,53.39
TAUGP0gXOaY,2.1999,105.27,154.33,27.02,1.8814,0.3185,62.75
hGGlD-Q8uHc,1.225,24.89,147.47,11.22,-0.0,1.225,24.84
oxJK9VtyI94,1.7823,119.58,194.33,37.78,1.9384,-0.1561,-16.62
5yNpflYu6IQ,2.8249,107.78,121.69,21.0,1.6911,1.1338,-17.24
WhWqLTcLZeg,2.5881,177.76,143.65,27.74,2.5491,0.039,57.46
Z8QWtqmyMag,,,,,2.1575,,
IpRDyiMCsKo,3.1945,65.38,89.97,35.41,2.6631,0.5313,-11.77
r6i-neJarDY,2.9488,158.87,118.0,50.7,1.8817,1.0671,120.62
Jz4iBpKzxTw,2.4867,52.01,170.55,35.37,1.0181,1.4686,-22.9
rElzhzwBXic,1.7773,66.6,192.69,9.92,2.3244,-0.5471,-7.37
pdBaB_CuH78,2.6795,35.96,156.4,26.03,1.9515,0.7279,-20.94
LNF3uZ2jT_s,3.404,100.3,85.6,36.64,2.5563,0.8477,23.42
CZyPDrjZB_I,3.1923,77.12,76.76,40.61,3.0849,0.1074,17.24
MEK-BBrVRZM,2.4727,103.71,185.83,22.36,2.9025,-0.4298,57.91
YaCgN1Idwos,2.502,102.93,189.12,22.1,2.7204,-0.2184,51.6
u5gNFS1C0GA,2.5324,107.85,187.11,23.08,2.5143,0.0181,59.38
FRDZ1vG1pp0,2.5422,107.61,181.74,23.27,2.698,-0.1557,69.08
J6oi2tBGu8o,2.4725,100.91,189.34,22.07,2.7453,-0.2728,48.42
kXZrgDhv3J4,2.4525,100.21,189.5,21.94,2.5726,-0.1201,50.03
o-nl62JMU5A,2.4563,101.77,189.84,22.49,2.7446,-0.2883,49.29
3kjiXMAfsj0,2.4876,104.39,188.0,22.65,2.8708,-0.3832,58.56
9eocoJQU91E,2.4345,102.13,187.28,28.29,2.8035,-0.369,53.06
muubzE0wGkY,2.4388,100.68,187.02,29.42,2.5719,-0.1331,50.46
uphhxYhyyN8,3.0262,100.46,98.48,27.74,2.1913,0.8349,-9.74
DNvBCDlc1Mw,3.1983,65.02,87.33,16.83,2.3006,0.8977,-17.53
3O4q33BDxWc,3.2203,124.26,95.53,26.6,1.6551,1.5652,-43.02
9lOSjqlKHo0,3.2538,104.91,92.62,23.36,3.1581,0.0957,-15.38
g4DeILpWxds,3.0189,97.88,98.61,21.48,1.3805,1.6384,40.83
kXjp1AN2vK0,3.4441,70.66,94.7,21.88,1.8348,1.6093,1.71
vOHr0aaWJBM,3.1159,126.05,86.76,23.37,2.0578,1.0581,47.31
rR9iz-N2mlA,3.2616,49.23,140.12,46.47,2.7547,0.5069,-7.47
g7CK42YJByE,3.0173,32.76,150.19,21.64,2.412,0.6053,-36.98
XwFZfJha9qY,2.3947,129.4,96.11,14.42,1.1042,1.2905,3.79
BdbFKBgUV5I,2.4755,103.02,102.77,19.52,1.7398,0.7357,92.39
6g5_fV2xI0s,3.4036,109.84,57.54,22.93,2.234,1.1696,15.11
IIislO87YjM,2.8089,102.16,92.57,15.23,2.4211,0.3878,28.34
TFftThtJoNs,3.0041,103.71,88.87,17.39,2.1825,0.8216,38.96
U7AQN4eepQw,2.7978,71.34,89.26,14.71,3.0933,-0.2955,15.7
X0-HKFgh39g,2.5028,100.97,97.79,14.08,1.2969,1.2059,-24.57
nSliiPJmviA,3.315,69.51,92.24,18.66,2.9131,0.4019,-21.03
u_znczUyJJU,0.3416,141.42,145.76,9.08,1.3265,-0.985,-5.29
x2r-pN7W1Mg,2.1632,161.18,164.92,44.02,1.7164,0.4467,18.13
2JyPck83wb8,2.5398,107.98,133.21,37.85,2.4641,0.0757,17.88
aeScH_X9cXU,3.2087,174.7,189.22,48.78,2.7742,0.4345,83.18
vTECWJHS3Wc,2.5389,132.24,149.37,24.55,2.4167,0.1222,44.46
g7ePkbanQA0,2.7298,97.54,173.83,43.35,3.0926,-0.3629,23.69
FBqo3OE1OF4,2.3729,82.03,138.75,20.99,2.5604,-0.1876,16.98
TiXVzIVwGI8,2.9997,106.49,150.24,35.08,3.701,-0.7013,40.45
DOKsbwKMh48,2.4933,90.33,133.12,23.9,3.3549,-0.8615,5.57
5vm55_99KXY,2.9209,116.61,141.26,44.56,2.5126,0.4083,49.48
cJhDQg2jORg,2.9734,120.62,131.33,41.0,2.5328,0.4406,54.58
CmuiQJoXkDQ,2.8416,104.94,144.43,47.7,2.7947,0.0469,38.3
HMDpyK85CxE,2.8568,142.18,137.03,41.05,3.3474,-0.4906,16.25
N2etFpsO8_8,2.9409,121.71,62.57,21.38,1.6987,1.2422,19.8
Vpj4HTLESQM,2.8998,104.63,111.38,47.96,1.7991,1.1007,36.27
y5iHjVAWKSk,3.0758,88.12,59.83,29.25,2.6593,0.4165,56.13
Od113Ung1i0,0.6725,7.0,71.5,10.41,2.8572,-2.1847,-33.3
koXXF-D54Ik,2.6926,84.34,59.23,21.49,2.8717,-0.1792,42.36
Q-m6FNMAbYk,2.1814,67.19,145.79,36.3,1.6359,0.5454,5.88
6mR-wNS7QGU,2.5522,77.76,108.21,14.9,1.1667,1.3855,51.18
1cS2A7pBTkw,2.7518,144.63,111.1,51.7,1.4024,1.3494,72.39
5mX1mt-JBj8,3.0821,118.54,95.29,42.57,2.2336,0.8485,29.53
VFtNdjgDdAY,2.8069,147.02,115.38,44.96,1.6554,1.1515,59.59
7FYg-fWDaFg,3.0987,82.5,97.45,23.18,2.5541,0.5446,-0.07
v2tmR56uoLQ,1.6992,66.73,170.79,9.98,1.3333,0.3658,-16.08
9PYFAO9QZBY,3.1631,183.4,107.94,40.06,2.5836,0.5795,144.62
At7OkyM8-WU,2.737,138.22,122.98,54.35,2.3345,0.4025,110.73
uNJwUhEK4QM,3.0364,185.11,98.76,36.08,3.2645,-0.2281,65.02
9mvTG8FDsns,2.7509,149.76,86.92,37.16,2.8344,-0.0835,116.2
N5KNPUuykwg,2.7438,99.91,126.42,52.92,2.7451,-0.0012,62.94
tyLF886TWVo,2.5224,158.5,82.42,50.7,3.1672,-0.6447,95.85
5bP6kpiUM40,2.2199,25.5,84.99,16.13,4.1387,-1.9188,15.02
xNrCHTeHHE4,2.5314,32.57,183.08,27.83,3.2898,-0.7584,-11.07
sYbsuW9PFmc,2.3824,88.99,111.44,21.02,2.348,0.0345,59.33
Vtdud1ALKIo,0.1207,18.27,192.18,28.28,2.5217,-2.4011,-0.54
N0AMYgRfzhc,2.9777,82.53,105.39,25.93,2.4349,0.5428,21.14
ImPk439_gPU,2.9929,52.67,124.82,44.22,2.3348,0.6581,-11.0
z2s4A-1_w8A,2.7185,71.95,106.14,41.75,1.2827,1.4358,23.13
hLmPwwL2FUM,2.3453,66.85,135.68,17.37,2.7478,-0.4025,36.28
XeKOxIFTC1s,2.7296,73.91,114.77,26.99,2.7768,-0.0473,2.42
XYXxDLlLkDM,2.8338,84.4,106.75,35.69,2.8526,-0.0189,48.36
pIN9ynwGpM0,3.1375,84.06,108.06,30.6,2.691,0.4465,34.58
txIgk4tuf3o,2.7695,89.6,116.52,29.85,3.0229,-0.2534,55.35
QYE4oeqMBx0,2.6069,65.68,137.06,25.99,2.5001,0.1068,10.39
-NRwz2DKCyM,2.2123,51.71,119.11,58.49,1.905,0.3073,-30.18
zWl7ZNIye9o,2.6066,45.0,158.82,14.3,3.1338,-0.5272,5.44
R73E3BxliQA,,,,,2.2132,,
GoUnyN4UTMs,1.5963,100.58,133.12,14.56,1.5621,0.0342,36.06
5yOWtFZcSRc,1.5963,100.58,133.12,14.56,1.5621,0.0342,36.06
_YpdrUIw8oU,,,,,3.3489,,
Byy3Uu71JmI,,,,,1.9815,,
Z8StcoVC5Bs,,,,,1.446,,
HWgOtymbJnw,,,,,2.839,,
rivBMQ_Z2Us,2.5225,135.55,73.82,22.31,2.1811,0.3415,117.44
phaHI7g9wzI,1.9883,113.27,86.98,14.64,2.7923,-0.804,87.31
FI627nTeE60,3.0768,143.77,135.41,62.75,2.0887,0.9881,23.57
4h6l2qajp-U,2.5664,75.26,130.28,40.87,2.4694,0.097,-48.49
L6SonnGCbu0,2.606,134.34,116.21,53.63,1.5863,1.0198,-27.97
2OclFr34Jfw,1.998,55.6,145.92,18.77,2.1459,-0.1479,-43.65
jo3sqVbseZw,2.3656,72.02,141.65,44.46,1.782,0.5836,-27.0
euQNhrSzAYU,1.863,60.98,105.83,17.95,2.2652,-0.4022,-31.17
WsovJpYuWq8,2.4555,65.88,192.35,44.87,1.9151,0.5404,22.3
Z-fTn791tK4,3.036,157.57,112.34,35.1,2.1493,0.8868,-8.21
Rj77WBisgZw,2.8204,87.22,178.06,28.83,2.9312,-0.1108,22.21
Oefn_3uRK7s,2.4124,78.62,165.57,37.34,1.491,0.9213,2.61
JOlEDfmSEkk,3.2048,68.97,111.0,47.86,1.5005,1.7043,25.5
78gex6KFpzw,3.1611,108.17,136.91,47.49,2.6902,0.4708,48.78
VmOHe01pe04,3.0771,64.2,124.42,42.14,3.3692,-0.2922,27.59
mchc83blPXI,1.6125,147.81,141.76,34.54,0.8495,0.763,44.01
xONytkb8SqE,2.7066,58.55,131.84,35.96,3.5814,-0.8748,46.03
zlJ0CrYTULQ,2.8397,83.8,100.11,46.4,2.275,0.5647,53.07
r5utpD790lA,2.6858,108.26,115.13,49.11,2.6361,0.0498,32.78
Bby8FG9eZz0,2.6557,80.4,130.9,42.72,1.759,0.8968,42.31
AJFHpZUzavw,2.4708,82.29,103.94,20.56,0.9055,1.5653,29.21
E-PP6U3HSsc,3.0341,54.79,159.15,22.47,2.9539,0.0802,-62.19
8o6KoYtRUKM,1.6302,81.56,143.45,18.1,2.1733,-0.543,0.87
96X2_BLGW0c,0.9372,72.48,132.98,18.83,1.0435,-0.1063,-12.83
41bew5ml8zE,1.9242,74.56,161.67,21.2,2.6125,-0.6883,3.03
ShnhronADEg,2.4922,87.57,128.82,38.47,2.1826,0.3096,-19.76
oV6GTiFpBNU,2.497,18.45,139.11,34.78,2.4953,0.0018,-2.39
9tFaUL3gWHE,3.1624,79.81,68.27,48.65,2.6441,0.5183,-25.88
ABvS-1z9zb4,2.0253,30.19,125.16,43.65,2.4769,-0.4516,-5.08
5t-JDVwJjj4,3.2201,183.74,137.65,41.47,3.0727,0.1474,68.77
ISnpVpqboRs,3.2331,171.88,133.8,42.35,2.5544,0.6787,90.69
-c-HlJFhEt8,3.1483,181.18,135.45,38.71,3.0295,0.1187,93.73
aRm9V6d-HhQ,3.4948,117.78,100.0,33.42,2.5246,0.9702,31.36
3Vj88Szuw8I,3.3566,141.64,108.0,37.39,2.9157,0.4409,95.22
NKuxNYwfRS4,3.4799,104.16,127.11,28.61,2.9657,0.5142,42.54
0m4lOuwh2m4,2.3613,68.1,118.37,18.09,2.1748,0.1865,2.85
It5H7Dgbd5Q,3.2291,68.97,125.84,33.34,2.919,0.3101,35.63
_VyKd16_dFM,2.9884,70.32,99.2,32.63,2.7511,0.2373,23.09
vbGhNMk4js8,3.4396,140.75,118.11,37.55,1.9555,1.4841,88.22
ndD5YZnLcvw,1.9216,103.88,123.12,28.13,2.392,-0.4705,25.56
QpAMIVHsWGA,1.9224,98.25,134.58,27.44,2.6551,-0.7327,30.19
3BEilqPrVKg,1.8124,98.27,119.99,26.03,3.1038,-1.2914,24.03
Hl4MVIL7xFo,1.775,97.14,140.95,29.3,2.666,-0.891,39.55
tQixaQoYFYE,1.6447,111.48,112.52,24.36,2.9138,-1.2692,55.9
3MCZEYjMN_k,1.4317,83.81,180.13,34.82,3.1141,-1.6824,38.63
1ayzdWAuqlo,2.9132,128.1,144.84,38.31,1.4902,1.423,32.82
r5TpBmKj5s0,3.16,81.7,89.14,23.49,3.3015,-0.1415,37.55
IQKC65V6nOY,3.4003,68.08,119.93,52.68,3.3192,0.0811,-2.95
eSIvDsLEW4Y,2.8188,84.3,104.6,25.26,2.2632,0.5556,35.38
4yqXowrNqIk,2.7774,95.57,131.34,25.51,1.9624,0.815,10.27
dQ7p3Rrn8jA,2.7738,56.76,110.69,46.19,2.7074,0.0665,24.22
chdsBqNu5IU,3.146,33.22,114.49,31.72,2.737,0.4091,1.18
pwOGDl6YZK8,3.1726,94.26,116.77,31.89,2.9712,0.2014,61.88
pYishGzKV9o,2.3224,71.91,114.4,18.88,3.4192,-1.0969,-7.23
XP3TgOUKiDI,2.9072,78.19,111.47,28.18,2.6115,0.2957,-48.5
2D8zOLYbbL0,2.9779,137.82,109.41,23.62,2.8139,0.164,43.71
ZS0R8TXIAl8,2.5071,55.65,91.18,49.18,2.0176,0.4894,-10.53
doc3ZsfSJ50,2.8954,104.71,96.45,26.81,2.4255,0.4698,74.08
5eNt0D_6Ydg,2.3985,49.24,98.15,35.81,1.733,0.6656,-31.08
8Zny4gE0pVc,2.1731,65.79,96.21,40.55,2.7993,-0.6262,-9.52
KrzUvMogtK8,2.4398,35.1,80.53,24.5,1.7304,0.7093,-32.09
JMFk5Z1f9xw,2.2,101.15,81.84,37.83,2.5299,-0.3299,8.19
cR880buLZ2o,1.1163,79.46,100.45,37.94,1.1785,-0.0622,-29.01
JrCFNijnA5I,2.5204,54.93,84.72,32.83,1.6095,0.911,-22.5
x_A7aEyNp9Y,3.0825,69.06,94.23,25.13,2.1852,0.8973,15.5
twWoRjdtQeg,2.3393,57.9,76.6,33.26,1.9621,0.3772,-35.63
SQCT_-H511g,3.5192,150.87,101.48,38.34,0.7507,2.7685,19.41
UHXzGBhp_iI,3.4267,131.23,98.54,28.25,1.054,2.3728,15.48
-YRMuwiFTVE,3.5363,137.5,89.08,34.28,1.5059,2.0305,-15.73
T2oPQjH5tJU,3.5342,141.7,94.1,34.69,0.6793,2.8549,8.69
hIxGZ0lFkQA,3.2033,130.73,107.04,24.19,0.6446,2.5587,-1.25
ZVQ_Sk9ggPE,3.5308,136.0,89.65,34.77,1.0127,2.5181,-4.22
5VEuXn8Sva4,3.2815,122.36,114.28,26.85,0.8736,2.4079,0.39
krYYA7WRRn0,3.2132,125.61,122.25,27.06,0.9693,2.2439,6.96
HqTyVcQEda4,3.5799,134.19,89.89,33.59,1.1734,2.4065,-26.97
w5cdlyHeuz8,1.9216,67.93,129.72,30.4,2.8304,-0.9088,-9.3
xv5a10qVxvo,1.4322,15.54,109.08,18.91,2.0364,-0.6042,-10.22
1IlT12R4MjM,2.9483,45.81,101.85,39.53,2.3526,0.5957,11.28
PnlpmWfxjg8,2.8815,73.53,101.34,19.89,2.6693,0.2122,8.3
y4kBcpxXhbc,1.6607,36.75,138.18,22.15,2.4812,-0.8205,-12.58
M8FYbe6KO14,2.4246,87.78,131.98,31.24,2.9023,-0.4778,51.02
IZtz99QRXIk,1.2148,121.57,119.99,14.0,1.0479,0.1669,24.46
2lmAmBki5Fo,1.2348,71.56,137.94,14.22,1.7717,-0.5369,-30.71
MdBMQ1UP54s,3.2785,111.72,95.75,64.58,2.9271,0.3514,72.16
rFvDjN3XFUQ,2.9979,77.1,136.52,49.74,2.366,0.632,43.67
tPA6J06RkWM,1.2394,55.01,123.59,17.53,2.4125,-1.1731,11.91
OP8XpCUqh3o,,,,,2.9397,,
YYLmAMFWYlw,,,,,2.4467,,
1SGCuE6_xJ4,3.1213,107.93,110.76,31.6,2.8806,0.2407,35.47
jnzve0GWcy4,3.1329,99.39,99.47,27.31,2.9801,0.1528,32.79
WZyuVkbRPzI,3.2287,94.54,95.94,29.32,2.7801,0.4486,23.91
CPlyOPb82aY,3.2159,90.44,129.22,41.29,2.3399,0.876,22.66
U3R4nUS6W5s,3.2367,100.2,102.04,28.7,3.1428,0.0939,34.69
RWIzx2D5jTE,3.2249,99.63,102.58,31.98,2.2519,0.973,51.48
ZYuuh15Ssdc,3.0675,105.84,103.33,28.98,2.7816,0.2859,49.21
2Tj85xGZYbY,3.1078,107.8,101.16,28.37,2.9498,0.158,33.46
7XrFWTNVzfs,1.9732,94.62,126.64,33.38,1.8673,0.1059,5.91
4eC7WGvrfJ8,1.8536,135.82,166.36,23.47,3.305,-1.4514,87.32
YHqJ2d6_cVg,2.4137,64.38,170.03,37.52,2.878,-0.4642,10.73
sWlSlkKhn3Q,2.1927,92.05,203.06,58.2,2.272,-0.0794,23.05
x2So-0mDneM,,,,,2.8091,,
9nzXz7LI-Jg,2.7228,183.59,155.01,50.01,2.2306,0.4922,17.51
yCCvMBPqCJA,2.7942,150.45,107.16,59.91,1.2798,1.5144,46.99
x2g5CZjjTFs,2.684,142.4,137.86,20.58,2.4339,0.2501,-21.78
3YvsMpIzmjQ,2.8598,162.13,153.76,57.48,2.7496,0.1102,90.45
QNPgZfO11kg,2.7733,154.0,132.56,35.07,3.1862,-0.4129,104.36
3j9KNo5v05Y,3.0918,187.44,124.91,51.28,2.4569,0.6349,103.94
HAggwnBvSpI,3.2823,110.87,127.67,32.24,2.868,0.4143,4.64
5gwQaCkv7CA,3.0251,127.11,170.91,59.85,2.3558,0.6692,72.0
Z7GnVJ0xP_s,2.9032,147.65,133.05,48.66,2.0018,0.9014,35.28
RWGpXdWQoGw,2.8046,131.15,125.98,54.57,2.3845,0.4201,34.88
07YnmO82Ouk,2.1712,106.94,113.75,15.47,1.8718,0.2994,12.87
iZDrDnzKUeU,3.3155,46.27,108.48,37.44,2.757,0.5585,-6.78
Ie-XxGJPXLI,2.9767,82.99,110.57,21.84,2.3652,0.6115,31.58
vQACtHCQyWA,2.8383,56.36,120.46,29.89,2.5432,0.2952,2.97
oAXH0rMYBUY,3.0398,67.73,141.69,33.14,3.0611,-0.0212,-33.51
ZWCrvtl28RA,3.2588,120.45,66.3,46.01,2.6954,0.5634,43.72
JBCND1Rr6mw,3.4051,130.34,88.88,37.13,2.7962,0.6089,56.64
GV1n86EDxKU,2.9116,92.92,80.33,37.75,2.6962,0.2154,52.92
6keaAMpChUM,2.8519,49.07,95.28,20.6,2.7534,0.0985,4.99
Ff7easkHHA8,3.0784,32.22,92.87,26.98,3.2421,-0.1638,-47.08
vqUZkuwOr_s,1.878,95.54,183.76,34.62,2.1781,-0.3,1.99
JvujPeN53Uw,1.7204,131.22,175.51,14.4,2.8469,-1.1265,88.74
zso2XeOrbC8,2.2123,109.36,119.59,19.36,2.6221,-0.4098,50.5
3nEhFjwqgTY,2.1915,104.56,137.68,17.09,2.2814,-0.0899,52.41
Gt7WyLnVV2M,3.2181,57.69,86.31,58.43,2.3777,0.8404,-14.81
pC6BnMUVWiI,3.0313,101.29,124.01,40.71,1.6603,1.371,6.97
P-5neo4BTvQ,3.2173,48.42,75.78,28.23,2.1418,1.0755,30.69
mqRUr5ACMtQ,1.8922,114.75,135.93,16.92,2.1628,-0.2707,24.54
KCuOtB8-W-k,2.3783,117.35,139.52,26.02,2.8155,-0.4372,32.66
UPqMfcCLmuo,2.1687,115.32,124.98,15.47,1.2752,0.8935,66.8
TNjbD-3qTbc,0.6525,111.44,80.84,19.93,2.8751,-2.2226,26.11
gjQIk3CiGSI,1.9818,104.57,123.46,14.89,0.878,1.1038,56.45
3lAYbSKOvlU,2.3511,103.66,116.91,33.89,2.3764,-0.0253,52.44
R_AZ_mkJUIE,2.2295,96.3,174.53,31.74,3.1075,-0.8781,82.1
nj2ufEPWV_4,2.5754,115.79,140.59,30.45,3.0557,-0.4803,91.23
sbIvgPOFo0w,3.0816,173.93,63.82,38.8,2.8348,0.2468,138.86
7ULmcNmMlLE,2.4062,190.18,223.38,30.69,3.3166,-0.9105,136.65
2FhMD5tMa9g,3.1081,172.47,186.78,45.24,2.3737,0.7344,86.02
nn-7w8xebeo,2.0071,104.9,193.49,39.49,2.3879,-0.3809,73.05
pwfUXHhSVSs,2.2825,98.83,181.36,31.48,2.4736,-0.1911,-11.06
ieBkrmPbNp4,2.1157,116.19,181.29,21.48,2.1977,-0.082,-71.08
Sf9ycUqesLI,2.7048,107.73,189.54,29.36,1.827,0.8778,68.82
vNIBi36mNlY,2.5601,152.68,193.45,23.66,2.0205,0.5395,116.27
vJzWzno-VGo,2.8588,160.08,181.9,41.84,2.1137,0.7451,64.05
kR9n-jAYDrw,2.0519,91.42,186.57,52.79,1.4894,0.5625,73.6
rxo4p9SHY4s,3.2925,101.18,157.6,31.86,1.2908,2.0017,39.0
VQ_FDKOw6oE,3.1196,96.89,90.58,25.53,3.0511,0.0685,13.78
04GaXi4YZTk,2.725,161.64,109.1,30.37,1.9922,0.7328,148.31
SgMVVv2dISM,3.0196,100.96,149.16,38.5,3.1246,-0.105,51.95
_HTM1O4ZS_Y,1.5596,141.91,174.16,9.45,2.1141,-0.5545,-21.8
Z5T-Q_C9od8,1.6857,68.39,146.85,16.53,1.3736,0.312,-72.94
M45sZl7-_No,1.1154,137.46,156.73,25.57,2.2456,-1.1303,82.05
NUBM9UPmL9c,2.3806,33.7,127.87,36.49,2.7791,-0.3985,-28.04
R8Qo4jtZCew,1.7969,143.93,122.95,11.49,2.7371,-0.9402,-23.94
K9XzG_Rd21w,1.3109,119.08,120.31,12.49,2.2691,-0.9581,12.01
P7w7EDhnnlg,2.5576,99.19,120.37,46.53,2.9988,-0.4411,35.82
8pkggl8nmLo,3.0545,99.17,128.33,33.28,2.0838,0.9707,18.05
cBWNNL908Cg,2.9383,157.8,121.5,40.18,2.1083,0.8301,90.61
jQ1RTeIlSLM,2.9111,162.53,131.74,39.6,2.0354,0.8756,70.56
QQ2VWI4-fWM,1.0528,154.19,76.2,14.22,2.208,-1.1553,-2.12
8VVnbBelJGk,2.9227,36.94,193.15,37.82,3.0705,-0.1478,-16.15
l3rZ_SInD4c,2.433,101.35,137.98,22.21,2.5244,-0.0915,36.45
9BBZgcm1tBQ,0.3849,18.42,168.63,31.25,1.842,-1.4571,-16.71
l7sw9kKlfzU,1.3843,85.39,140.04,38.25,1.799,-0.4147,-24.21
cp0ohgEb3FQ,2.1563,75.55,128.09,28.44,3.218,-1.0617,9.32
cMnTZ5ry4ko,1.1502,29.45,180.19,17.58,2.5949,-1.4446,-35.79
CY1A3SOo6dc,1.2887,147.49,129.81,17.6,1.9709,-0.6822,64.44
rrddHga-FjU,1.0698,158.44,69.22,24.81,2.4704,-1.4006,98.74
SuZ_2-3DiE4,1.3442,147.26,63.12,12.07,1.8988,-0.5546,47.53
3EpBsXjF7Tw,1.9084,148.7,117.1,13.77,1.8431,0.0653,148.32
uFoHF5jy504,1.7294,214.65,127.86,29.56,1.2766,0.4527,-2.35
ir-8WyKofWg,2.1091,121.76,160.45,40.95,2.5191,-0.4101,20.97
ClKpgRkkxEE,1.9619,116.94,128.41,29.68,2.3308,-0.3689,-21.23
ll1v1cEi1cA,1.3374,40.47,206.35,31.49,3.1225,-1.785,5.54
WDGdwCCtXvY,2.7845,8.2,85.68,39.14,1.6434,1.1411,-33.87
3Xbr5uaHByY,3.4136,146.97,96.63,50.89,2.3496,1.064,21.16
ZofYiurLtA0,3.4999,151.01,84.18,75.79,2.9684,0.5315,36.78
22nT1Tj50Xg,3.4148,158.74,91.62,37.53,2.9845,0.4303,20.32
PuI1ip8-mtM,3.4602,150.77,94.75,40.44,3.3888,0.0715,22.68
zu8tFfPywtc,3.5585,136.57,92.19,39.38,3.1216,0.4369,22.0
P1ZYkL8P45E,3.5187,146.08,95.51,50.94,2.9112,0.6075,36.71
kejbe9ejpCw,3.4489,148.25,93.38,39.55,3.1324,0.3165,19.29
IzP-wmU999o,3.5554,150.42,86.85,54.3,2.8181,0.7373,5.19
hs7P1o0geNc,3.3412,147.49,93.29,38.01,2.5148,0.8264,20.38
q5gKNH1o8RI,2.8916,92.27,108.02,28.73,2.3654,0.5262,35.01
mgG3aq32k1s,2.7358,103.01,114.46,24.98,1.9231,0.8127,56.22
2dwRHRyl9Uo,2.9211,125.03,115.62,24.81,2.2427,0.6783,25.5
QzwNTwWvALU,3.3253,37.66,97.38,23.15,2.8671,0.4582,-21.17
aKrYl65h-GU,3.2308,37.61,102.45,22.24,2.3823,0.8485,-21.08
GOzjNaci6bU,2.6486,101.68,125.28,20.84,2.2108,0.4379,27.15
PFGjc4Qh5SE,2.8354,93.55,109.86,28.1,2.7707,0.0646,11.59
pC3iZ4YAakI,2.7788,93.43,115.59,27.02,2.791,-0.0122,53.12
pkjB-YnKGtY,2.8796,81.99,120.79,25.43,2.2123,0.6673,42.65
eFvKJhTdT0Y,3.0872,84.27,108.1,28.67,2.5883,0.4989,14.21
Mas2yQOVB5w,3.012,89.83,104.87,24.59,2.6131,0.3989,7.35
KATIVYduXM4,2.547,91.55,130.84,20.5,1.8792,0.6678,59.33
5mg_zUGDMmc,2.455,76.12,107.18,19.16,3.1256,-0.6707,75.88
PHWwTDAn3AY,2.5132,111.55,117.46,20.59,1.4978,1.0154,27.96
7FhtdTmgCVs,2.3089,94.09,94.77,17.59,2.5726,-0.2637,35.52
rfTlSLTKWVo,2.6923,79.03,128.68,32.76,2.2458,0.4464,53.7
6x24HmsYcCQ,3.1986,92.71,119.54,42.67,3.0919,0.1068,38.33
8NvTp4ct3_g,2.7275,77.48,135.69,25.36,2.62,0.1074,48.75
75L2sON2smA,2.7443,95.04,123.22,24.9,1.9091,0.8351,27.83
NS8xrWAc5UM,1.5936,174.95,112.6,12.32,2.4796,-0.886,32.49
0fLTHBnX4ME,2.6187,76.1,155.83,35.36,2.061,0.5577,48.27
zA86nFF4ik8,2.4866,161.92,145.64,57.89,2.3586,0.128,16.13
R-kLHirzl14,1.1149,86.55,126.78,15.57,1.0461,0.0688,-1.45
-FYVEjItgu0,1.5955,108.43,142.69,36.02,2.4163,-0.8208,24.83
QBYHPJiGfx0,2.2574,35.4,81.34,24.34,1.5806,0.6768,-21.66
McSq7p8qOKo,2.0156,80.26,163.45,18.87,2.3105,-0.2949,22.68
0PyZZLtS3bo,,,,,1.2809,,
eA3FSlZBKgI,0.839,86.45,125.53,2.01,1.116,-0.277,-22.45
B_5XOroVpvY,2.3667,24.16,66.6,30.31,3.0829,-0.7162,-36.95
YdGvM93XvIw,2.8161,33.79,129.33,22.71,2.27,0.5462,2.67
hyhwI-jaTnA,2.1415,13.2,73.9,28.66,2.5857,-0.4441,-49.21
PGWiMU1_Nl0,1.5329,84.74,157.23,12.32,1.7729,-0.2401,7.64
cOmvjhhkS6g,2.4776,181.42,125.45,17.37,2.5489,-0.0713,36.0
QJ447BaOSPI,2.6831,98.77,115.04,26.0,1.9982,0.685,17.32
5AvSL_HJtX4,1.9312,193.49,144.74,21.28,2.3813,-0.4501,107.73
J1YCAUAlUBg,,,,,1.5498,,
Te9EuoMHxOs,2.256,201.59,142.47,21.04,2.4989,-0.2429,95.99
5S9riHW1XJA,2.3742,119.71,107.02,21.1,2.6303,-0.2561,6.32
X3dNYNkm9R8,3.034,83.7,142.54,40.22,2.3893,0.6447,32.01
YZIrbmBt2lo,2.5568,67.74,113.87,41.09,2.8054,-0.2486,-5.43
X3EDXvtGVEI,2.6991,62.42,115.0,42.85,3.1109,-0.4118,-5.31
l6o5bE1WY9k,2.7868,97.45,119.77,30.69,2.7928,-0.006,29.03
gul64jX1fno,2.1555,92.58,79.63,16.86,2.2239,-0.0684,6.09
1fx8UnFE78I,1.3865,14.71,93.35,17.28,2.4762,-1.0897,-14.39
ltT49qUlxDo,2.8223,67.9,129.32,46.26,3.3741,-0.5518,3.34
x9DjW6i4Nuo,2.4467,77.63,119.12,35.88,2.5854,-0.1387,-3.67
K74ZeNGlnn0,2.7671,105.39,113.44,40.05,1.9087,0.8584,-19.56
5xj3YruCcxc,2.1056,93.0,80.75,16.46,2.152,-0.0464,2.19
a7TFXxpLF70,1.383,37.21,153.85,16.81,2.3153,-0.9324,-26.16
0D0JaQAOhsc,1.7386,38.69,91.8,11.66,2.1254,-0.3868,-28.0
stJvD18XVf4,3.0328,128.73,136.24,58.52,2.2454,0.7874,-43.81
3m-mxhLU9As,3.1693,153.48,101.74,32.32,2.7874,0.3819,133.14
8K5HOehr1AY,3.5419,162.01,97.34,42.94,2.9942,0.5476,151.3
m2dgVYOe7AQ,2.8902,231.13,133.42,27.08,2.4476,0.4425,103.24
NlaBPYg_S_M,2.7072,107.56,121.54,27.86,3.5283,-0.821,48.77
rbLt87hqi5Q,3.3658,133.29,124.92,40.64,2.8298,0.536,56.58
nlkXso69vQo,3.0241,131.88,129.99,32.44,2.7092,0.3149,64.45
kydu3_MkiPk,2.9421,182.99,143.72,30.95,2.7738,0.1683,90.26
Mnp1_uM1ikE,2.8886,126.99,141.6,40.07,2.3992,0.4894,47.71
9Uey_nawoI8,2.9003,153.01,139.05,43.54,2.458,0.4423,66.01
Hm_MyIbEqKQ,2.461,130.94,203.9,71.44,2.7377,-0.2767,50.23
oBpJw03kpnM,3.1761,123.95,137.73,24.5,2.9583,0.2179,1.03
5_LGTVy7pj0,3.04,114.97,87.75,30.75,0.9097,2.1303,52.07
wgyekVZZjQg,3.2181,163.17,120.81,28.56,2.3497,0.8683,49.71
DBQCOmU43Xw,3.3412,169.39,126.04,38.79,2.3243,1.017,73.54
H5nbGLl4roE,3.2551,168.12,124.5,34.86,2.88,0.3751,69.66
Qpgj5svIyAw,3.18,165.33,129.86,36.68,2.4618,0.7182,69.42
VfmvPFb3cvA,3.2398,171.81,134.84,30.73,2.5563,0.6835,59.05
mcFl8Xo1nlc,3.263,178.22,138.58,34.64,2.4401,0.8229,45.54
zOF2YwzwLF4,3.3238,171.28,130.21,36.93,2.8859,0.4379,79.25
qXSoopn3_bc,3.396,166.16,130.37,39.02,2.6228,0.7732,81.59
GJGXCcVy6AU,3.2777,148.12,118.78,36.66,3.1667,0.1111,66.05
hbHC6LHFm_k,3.2324,165.79,135.89,31.71,2.8009,0.4315,70.29
l87LO3bMMCs,0.8878,170.99,147.54,8.44,2.2955,-1.4076,-25.77
f6jHLUU23O4,3.3866,126.86,136.75,47.2,1.9098,1.4769,-8.01
8NLmefnoXM0,2.039,115.77,115.01,19.22,2.5724,-0.5334,44.42
GsBW9ezShMo,1.588,82.83,166.25,7.8,3.0845,-1.4965,63.71
PbV9szmLIaI,0.3549,139.36,146.19,3.92,1.7913,-1.4364,106.84
_gUIvN174uI,2.3275,57.49,150.77,49.07,2.4571,-0.1296,-11.21
p10PZLrV33w,0.7942,100.17,137.94,23.64,1.3331,-0.5388,62.23
fX7Og18N-Wk,1.3545,70.19,192.28,5.47,2.1793,-0.8248,52.11
eOb1dOW3JSI,1.3801,70.6,190.25,5.32,2.2351,-0.855,48.04
_nZyW2ZHZfY,3.0524,163.38,132.43,50.39,2.6436,0.4088,69.76
Ym4OeoV6_U8,2.5203,135.59,143.9,20.86,1.0957,1.4246,-2.57
Oj2oS_7PZHU,2.5379,131.48,121.49,20.82,0.994,1.5439,19.77
tTn1ZaFNaUM,2.7705,125.97,132.93,21.83,1.7095,1.061,-4.31
ayydiM-J7Jw,2.8239,137.8,109.66,23.4,2.0899,0.734,13.94
xfdtuH0J67Q,3.0344,127.34,107.35,26.92,1.768,1.2664,6.8
EmRKoZn7sR0,3.2625,138.18,112.84,41.28,2.1653,1.0972,0.57
OVSW9m2NHoY,3.0659,135.38,98.86,30.91,1.9316,1.1342,-4.35
eB5XEEglB_Q,2.9996,135.53,109.02,29.84,1.8345,1.1651,-4.55
4yrUKXBI65A,3.0703,136.88,105.95,25.35,1.4736,1.5967,0.94
OOBRA2dEQFo,3.4913,133.27,110.18,48.78,2.7363,0.755,14.36
-6W7VqSd4Ro,3.0291,110.41,123.41,25.35,2.9423,0.0868,1.93
OZ88S5PR7sg,3.1792,102.19,119.54,28.44,2.8827,0.2964,13.49
OicgIztfY6c,3.1016,106.87,122.18,26.34,2.7208,0.3807,10.38
7inrFtLw7z8,2.9059,107.23,146.94,41.04,2.4216,0.4843,60.48
R5YGWgX0HgU,3.2763,86.49,148.98,40.98,0.0,3.2763,86.48
dMFmxYUl4iI,3.1467,82.16,157.5,35.44,3.0122,0.1345,13.67
hwizYs0Fako,3.1499,122.84,166.77,29.42,3.1229,0.027,79.43
aIdgx82mzSo,3.0822,99.62,147.06,47.42,3.0395,0.0427,67.59
_dmQFBGXvTM,3.0969,102.35,161.31,51.39,2.5619,0.535,56.9
w-1amBKX28I,2.4656,133.08,139.03,16.83,2.9085,-0.4428,59.41
c1et-0n7kSc,3.4796,142.93,164.19,37.09,3.2701,0.2096,80.58
PcP3Kr2yylY,2.7937,101.97,154.04,25.76,2.7034,0.0903,24.1
oNEelJ4Q_hw,2.5685,134.87,120.26,28.05,2.5583,0.0102,29.76
3cayxnKr8ng,2.5267,116.27,139.51,34.99,1.8713,0.6554,89.43
H--cKpd6x7A,2.9417,115.01,140.19,35.45,2.9865,-0.0448,76.81
BYZ7DxIx61c,2.4573,101.15,135.48,31.07,2.1158,0.3414,55.09
X03EQdGr9rE,2.5441,101.65,132.44,38.48,2.898,-0.354,50.71
n2JatR01tRM,2.3436,161.44,121.63,18.19,2.0308,0.3128,44.63
6zKHuFbviEI,2.9187,62.61,139.47,48.12,2.9569,-0.0382,19.87
bvkm1Z3nLNE,2.2856,60.23,176.99,31.97,1.1341,1.1515,-12.86
O9X0hm9ycSA,1.5818,119.75,187.73,26.76,1.9716,-0.3898,55.22
yHvGRkKkQug,2.3115,89.97,197.57,50.73,3.3189,-1.0074,54.41
ulYxZ-vpXpE,2.347,77.22,181.93,40.34,1.6784,0.6686,-5.09
5EqUCWUfZ6g,2.5204,144.76,122.33,27.04,1.4631,1.0574,0.04
cdhsMU4RUeo,2.503,148.7,117.73,26.14,1.4368,1.0663,4.17
DQi_Ak8zesk,2.2126,148.53,119.75,20.31,1.4256,0.787,4.18
oTYmcAFQ9tQ,2.0808,136.18,117.37,19.46,1.4277,0.6531,-7.65
-jBXtkSEJFk,2.4817,145.55,117.56,26.72,1.4477,1.034,1.21
EJ_J3XFV3a4,2.6028,144.1,114.64,26.16,1.4322,1.1706,-0.4
sk1XhUnHbAw,2.6814,148.38,119.22,26.75,1.4235,1.2579,4.2
C5K9YRXjmGo,2.452,153.76,121.0,24.66,1.4274,1.0246,8.89
Z6snejLlKKs,3.0515,132.55,99.05,26.84,2.7425,0.309,42.54
bBwJ9IGiVCU,2.5618,148.02,117.35,26.45,1.4322,1.1296,2.08
LflHf1MJyuc,1.1823,81.43,147.62,27.81,2.5471,-1.3648,2.46
E5XNn3gex6I,1.985,115.1,147.89,14.34,1.8792,0.1058,30.6
QAke_cFfGYo,2.7875,70.07,124.25,52.38,2.6692,0.1183,32.68
mJo2eedU4ew,2.4502,61.48,119.73,26.35,1.594,0.8562,10.33
D1Adkv3hVTE,2.9485,68.19,176.09,41.68,2.6888,0.2597,-39.37
CmL-9npnE_4,2.755,108.44,112.52,42.72,2.5595,0.1955,46.09
8JTKJ1SyWsg,,,,,2.598,,
_IqBNk2CQG0,2.2272,99.31,205.74,25.04,2.9159,-0.6887,19.09
H5-mj-g5lL0,2.2272,99.31,205.74,25.04,2.9159,-0.6887,19.09
R1lvS63dEIc,2.2272,99.31,205.74,25.04,2.9159,-0.6887,19.09
3eugOFigKcA,,,,,1.0846,,
nYcMdaTx4y0,,,,,3.0025,,
8p5fHvihHuA,2.4062,181.38,172.79,16.13,2.8047,-0.3986,96.88
s52plX6XkZU,2.9922,170.29,96.42,29.48,2.8327,0.1595,131.03
x4vmUVaaW0g,2.8618,154.52,136.24,27.46,1.9752,0.8866,133.73
73Qp0ziCn68,2.7734,170.09,139.19,40.25,1.6954,1.078,51.72
xPozJB4e2tY,1.5948,90.52,235.19,32.4,0.3335,1.2613,43.08
HTn7UMvGOCk,2.5035,111.75,181.68,35.2,1.8802,0.6233,51.9
eP2w0jSzrec,3.5644,197.28,100.42,40.44,1.3859,2.1785,160.33
fGmcE__sbkE,3.0475,186.91,101.73,30.17,2.9545,0.093,119.15
M0xaUlqYwYY,3.2664,172.88,93.42,32.27,3.1062,0.1602,107.97
0oCv7cMniiE,3.096,182.6,97.03,32.7,2.4542,0.6417,149.84
WeGV1U1-mPg,2.2086,123.79,198.76,23.04,0.9639,1.2447,14.5
FxjSmpx_Diw,1.7182,182.2,185.45,27.62,1.8581,-0.1399,102.65
h4hTZu42rLk,1.5769,26.43,143.8,17.56,3.1535,-1.5766,-13.8
WgUyKlsfK7U,3.3876,120.57,152.11,46.85,2.6189,0.7688,80.47
q4RhxVU52u4,2.551,40.61,94.29,18.52,2.2632,0.2878,-0.13
UcymJ1AvRjg,2.7227,116.63,80.58,28.95,1.7224,1.0004,-15.35
WKxQpCxlFSE,2.5493,82.71,101.9,26.36,2.4442,0.1051,34.79
3XewFhV6824,1.3531,111.93,172.59,23.57,2.6643,-1.3113,32.94
B2CbDm4eUcg,0.9644,218.96,187.19,8.24,2.3851,-1.4208,107.44
QcAhGWenIoM,2.8394,127.81,123.13,33.6,3.0072,-0.1678,22.07
Gd_axjskHYw,2.9428,123.93,139.63,46.32,2.4548,0.488,-12.58
hc1_Q9zrlYk,2.8394,127.81,123.13,33.6,3.0072,-0.1678,22.07
yy38pTDlh9E,2.4222,121.51,134.9,26.84,2.2797,0.1425,-19.89
5CnVYVfBB80,3.0415,108.47,122.09,48.03,3.0973,-0.0558,22.06
o85Pmm4LMtw,1.4694,38.43,113.38,29.0,2.4487,-0.9792,-47.34
VgIB1eAdxkk,2.4996,55.34,174.88,9.71,1.905,0.5945,-1.63
Hpv2j1tjqc0,3.0845,84.66,117.49,35.17,2.0574,1.0271,24.2
fcTPu969KQs,,,,,1.3007,,
WjutdAePN2w,2.1563,22.32,133.78,21.79,1.4276,0.7287,-0.71
DKUEM6SC5tg,,,,,2.1091,,
u-_DiM1yW5Q,,,,,2.128,,
d9bnD__KqMo,1.6052,90.19,65.35,17.23,1.6954,-0.0902,11.48
LBJC2ccGkA8,2.4123,93.21,160.87,29.25,1.6604,0.752,37.22
bhR3KkIEiCo,2.6145,83.16,141.34,22.66,3.0671,-0.4527,-19.78
1FNbEwwX57o,2.4586,123.36,128.47,20.68,3.0195,-0.5609,28.47
qBtuQqytJVI,3.2922,149.77,92.99,37.15,2.3693,0.9229,52.65
kQx0CwMCZQM,3.3611,140.59,124.38,43.63,3.0404,0.3207,45.31
hQGFgU1HThY,2.8738,51.37,140.99,32.22,1.9925,0.8813,20.05
8lViPpiaQYo,3.0301,106.23,117.27,58.75,3.1838,-0.1537,-2.11
h5Nz1Kkm3Fk,3.0069,82.26,120.44,28.57,2.4224,0.5845,18.8
pvOFAriiUJQ,3.1667,89.9,86.2,24.36,3.0084,0.1583,43.57
PqlbDH6nTJA,3.2792,91.41,94.61,30.3,3.1128,0.1664,44.62
00gRX90st3g,3.1407,94.28,81.83,25.58,2.9311,0.2095,52.02
yCUgNopFayw,3.0046,94.77,88.22,25.43,2.6142,0.3905,45.23
Gv1UOCOkCW0,2.9753,116.91,89.02,25.1,2.3241,0.6512,66.3
LHKlVLkxq-o,3.0032,113.24,87.03,24.15,2.5356,0.4676,64.19
_wAwtGYuetA,3.0362,124.09,91.17,24.57,2.663,0.3732,71.76
XpG-0VnEeMI,2.9331,97.44,89.54,21.37,2.7723,0.1607,41.12
dOLm6seRFSI,2.8992,128.11,104.51,24.18,2.3944,0.5049,66.54
KYRWCYFRINk,3.2314,79.36,86.14,23.27,2.6716,0.5598,21.14
3vXYZqncCIY,1.9752,77.76,128.98,14.93,2.3504,-0.3751,-58.13
rlCslCNmSos,1.5048,199.83,166.13,15.43,2.0459,-0.5412,52.95
vm2C2dwN6pY,2.6442,171.53,192.09,36.55,2.7123,-0.0681,38.48
VbFqRWtRlJI,1.777,182.73,172.29,14.03,2.3261,-0.549,56.12
5c3sI7AGCNg,2.4724,121.05,177.3,21.85,1.8911,0.5813,23.97
o7SHPgyyCO0,3.0938,96.98,179.64,32.39,2.3508,0.743,24.94
1Pxn72tl4X0,2.3376,127.59,115.01,22.65,2.4648,-0.1271,58.7
lUke0hccimM,2.2991,153.94,118.03,23.71,1.7247,0.5744,46.83
ubJSGl1-DXw,2.2873,117.76,133.13,14.26,2.7156,-0.4283,66.48
956hl5tk4io,2.3709,102.26,118.25,13.71,2.235,0.1359,84.27
E5U2cO_WN_I,0.5885,128.87,220.89,29.04,1.9532,-1.3647,-65.54
aI8gr8W-Sv4,,,,,2.2687,,
x1vT5ErETu8,2.2897,123.5,32.75,18.48,3.0811,-0.7914,-61.41
SqT4J-iqgrE,2.961,145.59,61.92,31.64,2.0066,0.9544,100.2
XpXhI5orAmU,3.2072,36.21,67.2,22.19,2.2703,0.9369,-53.46
tINpQM3LtsU,2.5399,131.5,129.78,18.63,1.9577,0.5822,27.54
ceUuqpYjxWo,2.5071,134.51,140.3,59.92,2.5726,-0.0655,24.32
Ezd6Sk5YcKE,1.812,71.87,173.03,31.48,2.6951,-0.8831,-0.79
gWhr2QwJkkE,2.7939,97.95,134.49,43.4,2.4237,0.3702,65.18
kJOAAl2-tZU,3.4963,158.81,122.36,34.98,3.4603,0.0359,33.03
xr9Qf94r4Z8,3.1805,132.08,108.18,38.9,2.3076,0.873,10.44
7cRb6DIIoQQ,2.3224,166.85,157.65,49.3,2.2519,0.0705,92.78
FDfar0GPmdE,2.914,151.41,112.12,41.09,3.0448,-0.1308,-5.47
CUKrBkBJu4Q,2.7901,47.96,75.44,29.39,2.6639,0.1262,-48.28
JZL8CL3M-Jo,2.6643,68.84,178.53,49.12,2.8324,-0.1682,36.4
DRUV1qbbU50,2.8922,59.28,133.58,34.37,2.3991,0.4931,19.91
duBvSWL1kUI,3.41,47.54,126.98,44.98,2.951,0.459,-17.02
mYsJlY_Wuso,2.4826,60.14,130.31,50.57,2.939,-0.4563,17.62
j868hnFU86s,3.6067,154.87,94.41,38.51,2.072,1.5346,18.98
qAWFdew4714,3.6524,149.64,90.19,42.57,1.8477,1.8048,5.42
1n91SjfRwyE,3.7127,126.49,102.6,45.0,2.5161,1.1965,28.76
lc09kGd4Xbw,3.6506,141.35,92.55,42.12,2.6788,0.9718,54.67
dFnaxNooLFs,3.5684,131.28,94.59,32.2,1.5027,2.0657,39.84
h741Sw7s2dQ,3.4739,159.21,98.6,37.07,1.9009,1.5731,70.56
sFk6SN8NePg,3.7015,174.81,88.63,44.87,1.7612,1.9403,35.13
f7RFoQ2p98g,3.5157,145.07,94.2,38.2,1.9112,1.6046,54.82
PrCVzB4I430,3.6484,162.65,98.4,46.44,1.9818,1.6666,31.86
kN6O4GvaclY,3.6126,130.27,101.91,32.08,1.9556,1.6569,51.2
6TsxzV9yabk,3.1074,52.77,155.65,27.61,1.619,1.4883,4.4
m7rSdwRLoEc,2.8679,75.71,127.63,27.27,3.2544,-0.3865,-13.53
mo5M-MCTZ58,2.401,51.57,139.72,22.91,2.7647,-0.3638,8.76
Sf89o_NRJ-U,1.1546,58.58,126.44,22.26,2.7856,-1.631,-25.8
TiHg03cI9Ko,2.7121,109.86,131.41,24.1,2.8848,-0.1727,35.92
dN-LOzxfOpE,2.9542,44.55,170.49,47.88,1.78,1.1742,3.86
gEX-06T_tdk,2.5794,132.27,116.42,23.62,3.1549,-0.5755,-0.05
W7CRXwP2Y2s,2.3009,94.49,118.36,21.79,2.0707,0.2302,24.17
MIZtg2ld6-s,1.8169,87.3,147.11,30.92,2.7255,-0.9086,37.58
gA6wz7CyVRY,2.2262,34.42,159.01,39.79,2.5341,-0.3079,13.75
AuEVcD2NvXg,3.2629,141.04,119.25,38.83,2.296,0.9669,97.64
mXAe8wn990A,3.3601,106.89,118.63,30.67,3.1636,0.1965,52.38
cTo769Yv1ZA,3.3851,149.44,113.98,35.5,2.9303,0.4548,62.4
eIYwHltovwg,3.4302,109.94,110.73,29.88,2.6442,0.7859,10.38
Rx4hEjpkmxk,3.383,167.2,123.98,39.27,2.7643,0.6187,27.84
sg6M-RvGPtg,3.4186,152.55,123.66,38.94,1.5282,1.8904,73.61
ewI9fc3kVBw,3.4173,141.06,121.7,42.66,3.0914,0.3259,85.87
t_p-OcFs2a0,3.4051,114.7,128.73,30.4,1.9687,1.4365,-3.7
ZplLcGG5Ulo,3.288,100.28,131.22,36.95,2.2295,1.0585,62.51
Jb7O5iIccUE,3.3823,114.43,127.24,31.87,2.4258,0.9565,40.7
yT_g_ef6z2M,2.8572,80.34,95.19,21.08,2.1684,0.6888,-8.99
lOn_bsyTOvA,3.2932,71.94,117.57,35.47,2.4343,0.8589,3.49
pC1R1jqqU7U,3.5309,94.02,107.41,28.44,2.7892,0.7417,2.34
MvsgXqpFjAc,3.2013,95.27,103.66,28.62,2.7387,0.4626,-43.36
dvJ0-YsHw_E,3.5367,89.49,103.71,31.58,2.5233,1.0133,31.17
xNNaP5G2r2k,2.9976,133.78,118.89,32.92,3.1593,-0.1618,16.32
w-vTNuN-zq4,3.2829,49.56,90.66,24.87,2.946,0.337,-34.22
AP9km3eGsT4,3.258,135.34,137.64,39.48,2.2285,1.0295,59.09
dvd8TSUJHmk,3.2539,134.19,103.82,31.94,3.3877,-0.1338,89.81
JdxogIjKQAc,3.6483,139.14,102.37,38.69,2.4312,1.2171,74.14
L5sPkoDPc_M,1.4676,89.3,119.55,14.95,2.833,-1.3655,31.36
G1-qH8NOigg,2.8266,156.49,159.86,26.6,2.7343,0.0923,90.15
eFQQUWMMGEE,3.369,125.8,101.2,46.3,2.4389,0.93,70.57
2YpQdeL7Pyg,1.9723,132.99,134.59,33.29,2.4381,-0.4657,57.84
cwNelylddVw,2.4682,120.31,149.3,53.96,2.4471,0.0211,18.79
2xIDXB101gs,3.4774,30.14,73.44,15.05,3.1287,0.3487,-7.11
QqU9kn3tk7s,2.7856,48.16,122.53,23.71,2.6705,0.1151,18.17
wdFivjp2Ps4,2.0381,125.92,156.79,13.2,2.0375,0.0006,-24.75
wyZz-vLO-IY,2.7148,95.27,144.4,32.76,2.7394,-0.0246,23.1
oeaKtbqiia8,2.0843,44.95,92.87,21.17,3.0756,-0.9913,-8.69
A8w2SdDrqsc,3.166,117.89,161.8,46.93,3.2501,-0.0841,-18.83
AoM9FFOAQgo,2.7601,182.56,145.16,38.76,1.4961,1.2641,91.31
nOc9902KD5M,2.4732,133.67,115.41,21.17,2.6589,-0.1857,10.39
L-_FmjBnQBc,2.7525,130.58,139.78,55.09,2.5158,0.2368,29.4
vRvS6SXfqlE,2.7898,141.76,125.26,25.55,2.7101,0.0798,35.15
2_5-cI1PnAY,2.6172,147.51,144.35,35.54,2.2124,0.4048,31.57
IgviT7Vh6AQ,2.1365,179.45,153.03,31.16,2.6479,-0.5114,103.82
-O2SZFET1jk,2.2916,168.52,152.21,25.32,2.9837,-0.6921,85.83
aX4wxeTCzAY,2.5588,158.72,147.31,40.29,3.2971,-0.7383,58.95
CRNWU4hGmt0,3.0158,88.15,133.4,24.98,2.7251,0.2907,-27.44
bY85k0bpmyc,2.696,175.69,135.0,27.29,2.6927,0.0033,46.03
0C8InxyUUXw,3.1982,182.49,125.0,34.86,3.3505,-0.1523,38.48
Jn1b0_fbG5U,3.1436,164.77,136.47,32.76,3.3825,-0.239,45.15
oAyVYB5Z284,3.3802,181.94,118.4,37.53,2.7715,0.6087,63.28
4zT5h2D1Ymk,3.1415,187.36,95.33,29.18,2.2757,0.8658,41.35
ZCzfTKD2LxM,3.3563,162.75,102.23,34.55,2.3703,0.9859,124.01
EwBThkoZ6Lk,3.4927,168.82,130.91,41.27,2.8427,0.65,95.26
fa8TXte9h9s,3.5001,156.0,128.71,35.88,2.5063,0.9938,75.26
Hlq7SLNUgI8,3.1363,171.22,143.93,41.26,2.0829,1.0534,57.75
Wa621CsXQIU,3.1263,143.71,135.09,31.8,1.7191,1.4072,80.31
RZoHxxI3pSg,3.4815,158.95,134.79,41.99,2.3086,1.1729,52.45
L0Jlr5tKJIM,3.4198,158.72,144.49,41.11,2.7213,0.6985,88.34
HD85Ce-6Bvc,3.1573,108.39,144.19,41.83,3.0851,0.0723,6.89
DeN4-kjHbcQ,2.7448,92.51,143.89,49.56,2.1075,0.6373,7.62
4czd40T9SUw,2.7888,116.27,140.63,60.48,2.6777,0.1111,7.9
jFBfcSDo82k,2.2588,92.78,146.23,27.29,2.3546,-0.0958,36.59
edIZzfwsUvI,2.5562,141.32,152.65,38.64,1.8679,0.6883,30.61
SNTte95CzgQ,2.5798,144.28,154.61,38.39,1.7254,0.8544,24.23
hpFHWGdUMLc,2.9248,95.29,136.85,46.73,2.7713,0.1536,21.26
PWpOBOHQXpM,3.0526,107.24,121.11,55.29,2.4111,0.6415,45.37
i4TKGfKX_WE,3.5156,109.76,90.2,35.26,2.8059,0.7098,14.16
xAPgRA841Ls,2.4293,161.74,103.57,19.05,2.1978,0.2316,-2.56
uN1Gg1xafPQ,1.5535,139.54,132.59,12.98,1.4402,0.1133,38.66
vkDaJARRulM,2.3172,148.24,131.75,23.58,2.5557,-0.2385,47.62
wNGyvDteTTI,3.4803,149.86,95.2,40.03,2.5564,0.9239,16.74
rn_lobR1KNk,3.1001,152.23,107.55,60.62,3.5856,-0.4855,10.1
ATmXxERL2yM,2.7327,173.36,126.39,27.53,2.4344,0.2983,52.03
TqupLvCV2cY,2.7962,105.37,148.24,45.95,0.7073,2.089,30.06
T_WRSbTAY90,,,,,2.6443,,
TZTgU7g5Ms4,,,,,2.1376,,
38Wg3-y2mjs,,,,,2.5395,,
Vs_kAL6yLxA,,,,,2.1498,,
6p7ckZdUB8Y,,,,,2.5395,,
iKNeCivUCl8,,,,,2.5395,,
hdnrcUuV3w4,,,,,2.5395,,
wb7bZis2FHA,1.1103,42.79,115.55,26.47,3.3118,-2.2015,-5.26
z2VckSB7CwY,,,,,2.0233,,
qiPB1CYh088,,,,,2.1498,,
Kunh7N7jWuk,2.9259,114.68,162.49,45.9,1.9527,0.9732,53.72
NDdDqwHsxWg,2.5571,138.65,157.61,28.18,2.3533,0.2038,87.65
cCACcPoqS8c,1.2199,74.11,218.72,28.11,2.3452,-1.1253,-8.6
dW2dVuQIYoQ,2.9851,95.42,145.63,37.86,2.5046,0.4806,-24.43
pAAI2WlFmcA,3.0127,101.07,137.89,36.75,1.9524,1.0603,-7.37
aa1LFrH4phw,2.5917,138.92,125.47,44.82,1.224,1.3676,-64.37
3NYPxiDpKtk,3.1865,144.73,101.66,36.65,2.3168,0.8696,70.13
045RPTggMFc,3.0722,101.33,140.95,51.63,2.9698,0.1024,50.38
AMjVImPUDoY,3.223,167.58,62.12,47.07,1.8974,1.3256,62.72
-tV947WIYCE,3.0767,105.94,156.26,27.86,1.6054,1.4713,0.47
8L2kPaqGIFA,2.3677,129.94,157.47,40.91,1.5182,0.8495,80.82
2Zhx9SVKCV4,2.5284,247.6,204.2,26.87,0.0025,2.526,-6.95
HalvAe5KOq8,3.2795,138.51,75.66,31.98,1.4525,1.827,91.74
JsirPQkaQp4,3.5431,162.02,111.24,39.36,2.3883,1.1549,41.15
JWB7XVho7iY,3.604,162.31,116.8,44.17,3.0847,0.5192,48.42
7OscwWbPSag,3.5017,169.76,112.83,38.88,3.0109,0.4908,45.86
DdLzoYj3uK4,3.4985,159.17,117.36,44.55,2.7502,0.7483,80.59
lpkg0SMBXGc,3.4333,164.77,111.24,43.99,2.0485,1.3848,43.27
iu5VSCaU8MQ,3.403,152.6,106.3,35.02,1.9278,1.4751,50.66
TwH6zVHWrys,3.5439,169.77,119.87,52.06,2.6026,0.9413,32.72
S2Z_1duj_TY,3.5058,176.82,112.83,40.3,2.8911,0.6147,18.38
_YtcZeU2mCA,3.1004,45.59,95.68,45.47,3.4122,-0.3118,3.88
ypv6cP9ss58,0.4288,63.83,200.34,36.52,1.5639,-1.1351,31.77
zu854aXvTF8,0.4179,74.62,191.22,36.31,1.5754,-1.1575,44.12
XsZomMYDMAI,0.6881,80.84,189.84,35.93,1.6051,-0.917,55.11
ZYT_e4GMmUI,0.7247,81.32,190.39,36.02,1.5333,-0.8086,52.56
tzsze5z-UFw,0.7722,80.93,191.58,36.52,1.5298,-0.7576,53.39
A2F_Te4AlQ0,2.3852,100.22,88.49,23.3,3.4498,-1.0646,14.77
o3NvxcUAkwg,1.2614,96.9,45.51,17.13,2.9285,-1.6671,32.28
PuVkZWoRvas,0.675,80.61,189.92,36.03,1.5452,-0.8702,50.22
DkMHdF960RU,0.3793,73.82,191.47,36.29,1.5769,-1.1976,40.57
PN1S7Yxdjw4,1.9464,164.08,179.5,19.42,2.7464,-0.7999,77.7
FMs1Vhhcjoc,2.8338,122.6,175.68,29.45,2.9587,-0.1249,56.28
6nEB9VwVsh0,2.813,124.23,171.81,30.37,3.0564,-0.2434,36.7
8QuEWOu6Shs,1.4041,134.23,143.31,24.59,2.4721,-1.068,70.1
IMLCqT2y_GU,2.0858,134.68,148.0,27.6,2.4887,-0.4029,66.33
MNT934lX5_o,3.1653,105.2,88.17,41.32,2.4075,0.7578,7.05
--U1S7J88cU,3.6713,107.52,114.98,52.95,3.2602,0.4111,49.91
CTuuTKrLzo8,3.4371,122.22,95.14,42.76,2.2224,1.2148,65.7
Egy4X48Mz_k,3.6045,154.76,67.68,42.64,2.0133,1.5911,56.66
RdyTrsluGjQ,3.3025,156.84,74.74,58.92,2.7291,0.5735,81.07
OMllWpi_Hvs,2.6892,93.4,70.71,29.07,1.3918,1.2974,30.47
jSV82lUYJEA,1.1916,183.48,141.8,12.75,1.7163,-0.5247,-4.59
XzRrKFQ2q1w,2.0904,129.65,104.58,13.58,1.7247,0.3657,5.98
2XQ1iKTH8e8,2.8916,89.77,58.8,24.7,0.8841,2.0076,42.72
P9G-CD7u9qY,2.9479,110.05,60.5,26.53,2.2822,0.6657,30.36
DAw2Eh7HwMY,1.393,8.55,90.18,16.74,1.7861,-0.3931,-49.96
IbABZCFfYys,2.4131,111.58,121.41,17.08,0.0,2.4131,111.58
zqXlX7PIcIs,2.9839,84.55,103.44,29.33,2.4592,0.5246,7.17
H2NWaD-zMeI,2.9454,78.71,88.44,28.81,2.2955,0.6499,-11.06
3av7iZiCVxE,3.2945,170.24,138.63,37.58,2.7702,0.5243,53.34
VLGugowZ1Ao,2.5463,63.33,144.91,56.61,3.017,-0.4707,-80.75
BbYJth9g9I8,2.8885,80.93,76.62,20.86,1.8155,1.073,-27.03
aSX53og16Is,2.5983,153.0,153.43,64.04,1.0693,1.529,16.83
dJraArK-EQM,2.7697,141.81,118.99,32.3,2.0589,0.7108,40.72
q5wJ1IOz_ZY,2.4583,75.86,133.63,18.77,1.1523,1.306,-56.44
YzjGyVOZQIQ,2.6672,51.49,96.97,17.82,1.7458,0.9214,29.32
qwW9ljxdEUQ,3.6569,112.17,112.77,46.11,3.0133,0.6436,60.9
RebHNKsTHzg,3.3805,158.62,114.22,30.43,3.5711,-0.1906,84.09
PSS2aRbxqQw,3.3921,153.65,115.66,50.12,3.4838,-0.0917,109.63
g6v3zDlLCQE,3.4471,168.33,105.51,43.06,3.2721,0.1751,87.66
Yr8awCuUQ5U,2.6888,125.17,137.64,29.0,2.9261,-0.2373,49.76
Fa9qHPQ-fSU,2.8273,182.17,143.53,33.56,2.5989,0.2284,32.97
h6K959r3sRg,3.259,141.2,125.93,35.87,2.583,0.676,22.47
-LW3LbAGDNQ,2.3623,31.74,186.81,20.27,2.418,-0.0558,-1.9
8GAIz0JQB-g,3.3075,75.52,152.86,43.37,3.3887,-0.0812,22.5
f5L2E8_dcq0,3.5037,166.46,193.25,66.51,3.1983,0.3054,35.93
3nniET7sxyQ,2.6404,22.9,169.62,27.43,2.8243,-0.1839,-39.13
-GsShTfnPX4,2.7046,146.5,144.87,28.24,2.7028,0.0018,120.66
BcJ5tlox7RA,2.47,141.55,142.73,23.34,2.3262,0.1438,102.34
w95XgEIoShE,1.6998,156.26,199.09,27.2,1.7744,-0.0745,-18.18
a36XrvMTiYk,1.7544,156.91,202.42,28.17,2.3061,-0.5517,-23.74
GelTPMr7iO8,1.6692,155.89,204.91,28.39,1.8099,-0.1407,-23.02
k1PPKZ3zzmU,2.2643,88.54,172.5,43.66,2.5446,-0.2803,-17.21
849d-Z7NQ5o,1.6103,156.52,205.64,27.85,1.8053,-0.1951,-21.67
3-aW_BOQhL0,2.1609,88.25,172.45,43.99,2.5295,-0.3685,-17.71
8NpepDe6j1A,3.5039,93.43,120.0,37.34,3.184,0.32,4.96
1CxFvuTtc5g,2.6582,181.47,130.09,60.74,2.2858,0.3724,24.67
FmBEwcVLAvI,2.5337,65.02,127.59,38.66,2.8308,-0.2971,-47.44
HIQbAHQXl7A,2.5397,164.27,159.08,23.42,1.6181,0.9215,69.29
oaUHQ44brjs,2.8382,107.41,137.82,26.75,2.5044,0.3338,28.52
VfZSU2_I514,3.5599,88.26,160.05,38.17,2.7087,0.8513,-21.37
WEb3e2CzVNc,1.3615,125.3,164.93,5.41,0.8258,0.5357,-7.51
XXulZoHvz0c,1.7939,115.58,154.13,18.71,1.6662,0.1277,1.89
BWUEXSLBi-4,2.651,105.09,119.21,35.59,2.2575,0.3935,-35.2
U30u2bdcO5A,0.506,65.93,169.6,14.27,1.121,-0.615,-13.82
VNYwRyGYYrk,2.2573,96.94,90.06,15.92,0.8203,1.4369,-37.45
akUB16b5jYg,2.5225,77.83,157.23,36.63,2.4772,0.0453,-27.21
W5rkjkTrvB4,3.1475,131.05,85.14,25.31,2.459,0.6885,-14.83
IY3NaAuVg7g,2.913,125.22,81.73,22.56,2.6112,0.3018,9.53
dTsCOh1NHPc,3.0194,120.79,82.61,24.28,2.6538,0.3656,3.01
R-wkZsSmugc,2.933,123.27,90.25,20.97,1.419,1.514,18.17
eLxnhkRZbVc,2.9365,125.29,85.82,22.54,2.9969,-0.0604,55.27
QdiW5KybC34,2.9235,124.8,112.43,24.2,2.1524,0.7712,32.35
hECYgjkq32k,3.1248,178.22,88.98,26.65,2.1653,0.9595,86.72
ft9RP8tStqs,3.0325,122.39,85.72,24.2,1.9784,1.0541,24.89
yoByAl9zros,2.9317,126.56,87.66,21.72,1.7584,1.1733,2.6
f5SCowy6RaQ,2.9162,120.64,85.78,22.04,1.6195,1.2967,33.88
oL6297yo5lQ,3.1819,181.16,98.87,45.8,3.2546,-0.0727,91.17
N96VQkE-PsY,2.9625,160.57,94.88,24.6,2.5237,0.4388,8.71
bvlFM7fCOQo,3.5102,123.29,81.59,33.5,3.4773,0.033,-13.26
CYpJdMB16DY,3.2449,136.43,76.38,28.07,2.8802,0.3647,26.71
k7DNiFGPGHw,3.4351,107.19,66.47,31.28,2.8219,0.6132,26.37
u7SeOPOKXRc,2.8455,162.52,114.39,25.16,1.7462,1.0992,27.68
Wbc0iYOkpy4,3.5286,147.24,85.02,35.93,3.5526,-0.024,53.66
2tPCkfC3rUc,2.9405,138.94,96.76,23.78,2.8364,0.1041,57.93
xNb3HAmlgeY,3.1248,134.56,100.48,39.47,2.8257,0.2991,16.75
Fc070mUpmzI,2.944,160.41,98.45,23.01,2.1065,0.8375,61.68
e3BQqFebUeA,3.6649,153.32,88.31,41.34,3.5904,0.0745,35.5
3cQa5WUEBH0,1.2813,99.49,158.62,25.42,3.067,-1.7857,9.48
qtZeTEUkx5Y,1.1615,95.43,153.86,27.28,2.775,-1.6135,6.13
ePKrGqmjDQU,1.0817,97.61,154.56,25.68,3.0407,-1.959,5.33
2XJn0wJnA18,0.9394,98.19,153.62,24.75,2.9049,-1.9656,-1.06
_eYR2IilAZk,0.5622,103.88,148.96,24.72,2.7965,-2.2343,22.2
UrFSGqOuSPg,1.0698,97.31,157.1,26.04,2.8911,-1.8212,8.83
70Y6ZqBHGPI,0.947,95.32,156.74,25.79,2.9203,-1.9732,5.69
SYkEWLNzjf0,1.6266,110.26,102.92,16.25,1.9661,-0.3395,-31.64
EnSdW1V3Msk,2.5629,87.84,95.94,25.85,2.2078,0.3552,-37.8
ePzYhyldeMU,2.9508,75.85,95.39,30.84,3.2049,-0.2542,-17.97
UwWECtrEt8Q,2.2843,58.51,97.63,20.12,2.1744,0.1099,2.92
awkFdAz66sA,2.2645,82.15,96.7,19.26,3.0014,-0.7369,0.24
xQP8nXdQyk0,2.3409,101.45,95.26,30.05,1.7944,0.5465,-32.54
6sMAwfv4bOo,1.4484,74.83,183.93,21.04,1.9424,-0.494,15.95
ZcrHNDslxhY,0.3903,50.62,245.57,5.22,2.7295,-2.3392,-18.06
jje7Ylzkmq8,2.5133,58.26,217.65,41.31,0.9696,1.5438,-11.02
sIYso0lb74g,,,,,2.5273,,
7mzhq75GW90,0.5664,106.32,183.32,19.82,2.4343,-1.8678,-8.67
1v2-nQIfiPA,0.6524,90.25,167.02,6.52,0.1902,0.4622,4.08
5FCRKAmbZuc,0.545,104.69,190.57,25.27,2.7268,-2.1818,-7.24
YR2qgWHls0E,0.4456,54.36,164.95,17.94,0.9749,-0.5293,-27.51
-5_QoKdvLbg,0.9153,64.33,144.18,25.87,2.2895,-1.3741,3.93
eA50Byk0UWw,2.5229,119.06,150.92,46.32,2.5014,0.0215,-3.7
9Zu5fX3Tvlg,0.7325,63.31,151.53,20.83,1.958,-1.2254,5.14
51-8L4zBnDI,1.3178,75.0,130.68,22.83,2.2868,-0.969,-14.18
ePX6ry4k1Xc,3.1065,87.79,129.75,67.05,2.2386,0.8679,-39.95
B2BpkTmC3ZM,2.821,99.09,130.08,44.15,2.6275,0.1934,-19.2
B1qfEM9WAFc,2.6546,132.73,118.25,29.3,2.841,-0.1864,2.95
xdJMgUd3MhI,3.4466,127.8,138.97,58.13,3.1367,0.3099,22.34
ZUqysNT4N_M,2.3152,148.22,94.28,38.59,1.4316,0.8835,10.21
hc-OlJB3KGM,3.3122,93.23,85.75,26.29,2.4485,0.8637,87.16
NuwJL1DmWIc,3.3135,97.97,86.93,26.88,2.7467,0.5668,95.42
wO4fl-5uxao,3.3213,91.96,82.95,25.97,1.3709,1.9504,91.89
B6z5Q0Y8L3E,3.3113,92.92,87.26,25.72,3.139,0.1722,77.99
zgVRbP2fi4I,3.4408,113.1,83.91,27.3,2.7994,0.6415,101.91
acUQNRQVGA8,3.3321,94.4,83.03,26.44,2.9161,0.416,83.43
r68OgkU1eYk,3.3338,93.44,83.28,26.41,2.0574,1.2765,91.72
z8AqEOZY9wY,3.3141,94.51,84.45,26.54,3.1371,0.177,87.3
i95Tr0sjQN8,3.4147,112.8,87.24,27.67,2.5784,0.8363,109.93
FT2mrxMsS5k,3.2976,91.42,85.53,26.33,2.3212,0.9764,90.48
FAnxU4Nus8o,1.1375,69.32,138.65,25.03,1.8233,-0.6857,-8.24
UB-5O5Z2kh4,3.3393,93.59,154.14,54.2,2.195,1.1443,14.36
CyOI_6LiyAY,0.8988,60.56,120.49,5.01,1.1648,-0.266,-84.73
UmheA7KISBU,2.9569,56.02,119.54,56.29,2.5255,0.4314,28.19
1Ixh5g-jf1U,3.0669,108.68,114.85,45.76,3.2126,-0.1457,18.36
37gfanJ_PsQ,3.1695,124.6,131.99,38.53,3.4143,-0.2448,63.17
ghzYNo-GuSo,1.8357,70.76,210.73,13.11,1.96,-0.1243,8.8
7o_HwOwgrak,0.4637,131.62,166.86,22.04,0.7084,-0.2447,-37.47
d_JSOTkqQbU,0.7959,157.58,165.75,17.5,1.3172,-0.5213,-8.33
0Af_c5BGieY,0.5671,157.39,154.36,19.28,1.2417,-0.6746,-33.24
Mm9pNFMogi0,1.3975,110.47,137.9,19.6,2.2477,-0.8502,-16.49
quYbDhoSlCw,2.4189,76.21,186.94,43.21,2.2168,0.2021,-3.93
5kugJQUyORQ,1.7523,74.02,193.31,22.44,1.6832,0.0691,-8.76
yWKo9m05Tso,3.1234,75.33,155.15,32.01,2.0202,1.1032,-31.93
SLkM6hENTnU,2.3357,151.13,172.64,21.87,2.0535,0.2821,-3.34
Ad1NW9ndn5o,2.9681,76.6,155.8,31.09,2.1019,0.8662,-24.06
Agg_eLs_M7w,1.9711,88.25,147.71,19.47,2.0074,-0.0363,66.78
acT4A2cLiwQ,3.0613,119.64,129.88,32.39,2.4482,0.6131,37.62
kRZvrvK-oyM,2.9498,131.66,136.61,27.79,2.4027,0.5471,51.44
4aWIqjPHdaQ,3.137,86.12,162.58,42.75,2.4807,0.6563,33.69
Tl6fKa1r6gA,3.0412,101.76,169.15,41.39,3.1779,-0.1367,34.01
bymWrpWPE4g,3.0661,117.58,149.77,30.0,2.4518,0.6143,44.72
Nv_73VJy9s4,3.0127,114.26,128.14,35.34,2.3274,0.6853,41.82
FqHOh1Rb6C4,2.1492,104.51,164.73,19.69,2.0571,0.0921,67.58
M9YRpAP691w,2.0102,103.43,177.42,38.23,2.5785,-0.5683,57.13
9b-S0zBlstc,2.3536,138.13,168.9,41.11,3.3943,-1.0407,63.78
V0Iof3sI2lU,2.9588,101.78,104.33,23.59,2.5283,0.4306,17.83
QxPu385HQ38,3.0405,78.84,100.72,23.88,3.0729,-0.0324,40.08
PPakv4IXYMk,2.9451,59.54,97.94,18.39,2.5399,0.4052,31.47
NlCCL9YrMzo,2.7673,139.74,92.24,28.41,2.1873,0.58,21.94
hQES3BqEUio,2.823,149.89,96.32,30.97,2.0657,0.7572,51.82
-ccVt52oGQo,2.7397,136.11,97.03,26.88,2.2878,0.452,33.04
IZu_sTo9I1k,2.2801,139.25,93.2,16.77,2.0679,0.2122,32.17
ZRhi4AKxR1M,2.6479,160.33,90.66,21.24,1.899,0.7489,55.46
FDnohnhbxVE,2.4681,140.25,90.63,18.28,1.8782,0.5899,21.18
zI6XiY7N9us,2.9114,109.88,103.08,21.71,2.6473,0.2641,9.38
xlygXNp6URw,2.7055,128.23,96.64,19.25,1.9356,0.7699,26.14
Fh8KYVOD0uo,2.3212,125.21,84.22,19.9,2.9532,-0.632,5.44
abC_4Vbid-s,2.8398,18.24,200.93,34.1,2.3978,0.442,-4.16
Mvi3V__TlnQ,2.3023,169.85,120.57,70.01,1.3984,0.9039,-7.74
aaAiXOLS4bQ,2.4352,148.87,122.83,79.42,2.4974,-0.0623,60.74
F9IP53I2xok,2.5214,138.28,128.54,50.76,1.1937,1.3277,51.67
E34pFaG-i6Y,2.6926,140.97,139.5,65.18,1.9729,0.7197,36.81
lJZ37tcbqYo,2.7645,144.77,123.0,61.92,2.4438,0.3207,35.21
QByB2no5Sek,3.0617,75.27,147.03,38.03,2.8528,0.2089,11.07
JH4kZqjc8vM,2.8672,212.7,143.54,20.57,3.179,-0.3119,105.25
x_K1NGJwhaQ,3.3474,151.96,134.61,39.71,3.5229,-0.1756,32.99
Op3x9xWGmPk,2.8006,158.43,152.34,24.51,3.4438,-0.6432,77.57
sGISG7TMEjw,2.9614,160.5,129.28,25.87,1.6357,1.3257,127.2
locYAJLlayU,2.9573,192.0,132.45,23.51,3.3363,-0.379,81.65
QpsXKjts43k,3.1244,157.06,144.17,32.24,3.4015,-0.2771,70.3
cHAlS-poBwk,2.9858,160.35,148.94,40.08,2.8931,0.0927,38.17
-Qv1c-3CGLQ,3.1024,158.3,150.53,29.77,3.3379,-0.2354,49.56
CRcO_IUoioU,1.6913,197.51,224.59,8.68,2.2719,-0.5806,92.02
BZCHP1X7I7M,,,,,2.1097,,
E0_eXcvUIao,,,,,2.2585,,
S6uULexPAF8,2.468,115.77,118.46,34.79,2.0746,0.3934,1.08
M8wjBqsvVvY,2.6336,111.37,106.01,55.89,3.1807,-0.5471,-17.08
Jp3MF32fzyc,,,,,1.8399,,
8BGBPaME1aM,2.1106,155.47,134.1,23.39,2.569,-0.4584,-0.56
u2nV4e7h1z4,2.3667,134.95,114.31,35.01,1.818,0.5487,-1.48
W9NQ006imjM,2.9713,137.66,101.87,33.79,2.5969,0.3744,-7.38
Xx4VsRdbbxs,2.472,113.63,117.49,26.44,2.0978,0.3742,-14.83
RXEr8rGGmcM,2.6883,82.15,106.21,34.84,1.9618,0.7265,-32.76
dSJTclHiOZU,,,,,2.0398,,
JhX8L27_M3A,2.8299,58.0,135.54,48.63,2.6373,0.1926,-34.89
fN--tPIEiGw,2.5919,85.05,206.54,29.53,2.7198,-0.1279,33.96
KuiTpSqif3A,2.4119,120.24,106.47,19.69,2.575,-0.1631,-28.16
Pu1Bgx0ek1w,2.2129,44.91,174.83,55.09,1.7803,0.4326,22.8
AqmtwC0BSfg,,,,,2.897,,
Ihq0GUMWins,3.2757,158.38,91.85,31.86,2.7032,0.5725,79.29
1I7Rf9PspBs,3.1406,153.57,92.58,45.19,2.649,0.4916,103.59
K7k52iXEApU,3.0524,182.96,89.27,27.29,3.1019,-0.0495,48.03
gPivXzoiGHU,3.076,176.04,90.75,35.45,2.493,0.583,48.4
cmmLusyxHVg,2.9842,167.82,93.74,24.97,2.0444,0.9398,110.32
xA-ePG6WqH4,3.3862,160.68,83.66,32.11,3.3248,0.0614,77.79
hq9bSExIWU4,3.0864,159.81,86.85,29.25,3.733,-0.6467,88.43
tRWMz8utY9w,2.944,146.6,90.5,25.03,2.4922,0.4518,122.08
ZYbJQtknOk0,3.2406,166.47,84.29,36.04,3.0935,0.1471,70.26
EwrhHZQZgYY,3.0903,134.25,93.99,22.62,2.7956,0.2948,120.78
KjU67IP_MPA,3.5021,152.02,121.69,41.65,2.6674,0.8347,61.56
t3P8nVqPALc,3.4615,134.88,118.2,38.8,2.4991,0.9624,56.87
lm5-QNjFtow,3.4732,136.09,124.7,43.26,2.4009,1.0723,54.2
h5XpvToW4N8,3.526,149.21,124.73,49.96,2.7095,0.8165,47.3
y5q1egTOIb8,3.5372,151.87,127.01,45.81,2.5589,0.9782,46.0
Z320bYdFJmY,2.4325,123.1,122.9,17.72,1.5755,0.8569,38.39
hoWKIxMlWxk,2.2733,183.93,85.99,45.32,2.336,-0.0627,59.55
CysPZKSuiew,0.8386,171.89,166.91,4.35,0.8869,-0.0483,0.56
UICAwnHMI3A,2.6977,208.52,103.28,35.26,2.4018,0.296,112.14
PDiVklaCENo,2.8878,197.46,78.55,35.32,1.1148,1.773,38.75
PeRUaTVoTJ4,3.4235,125.35,96.05,29.11,1.6151,1.8084,18.41
NfjBAlCAoBg,3.4596,139.7,90.53,29.7,3.1986,0.261,3.04
Bq7cmRAknpY,2.6891,73.5,83.3,23.19,2.091,0.5981,21.18
oRAyEnlloOA,2.6912,28.48,94.12,23.89,2.5724,0.1188,-12.73
vqZdKU0m4pc,1.9421,92.14,117.25,20.71,2.2732,-0.3311,28.28
B7RW1TkF8g8,2.7233,65.44,106.21,36.68,2.4956,0.2277,12.79
gsYda4yIAg8,2.8058,52.58,109.07,39.53,2.4536,0.3522,1.5
zrc43dwT1Y4,3.4284,57.51,77.0,29.46,2.871,0.5574,-11.27
8z5gPlIy3j0,2.751,75.79,77.02,31.16,3.0233,-0.2723,12.93
AtIfW-5CxGg,3.5981,114.11,92.7,76.48,2.4477,1.1504,46.47
xP4uvrbpKSg,1.6336,101.5,186.21,17.54,2.7158,-1.0821,28.33
uZl2OSGNGFQ,2.3631,143.13,155.39,17.18,0.6816,1.6815,-5.7
U2wAyLCuSPY,2.8891,179.97,103.68,27.68,1.647,1.2422,52.67
QPiTOhxmt34,2.7999,105.57,67.31,21.72,1.5306,1.2693,-38.94
L1IPPVFnqJ4,2.9831,117.13,147.76,32.75,1.5293,1.4537,16.84
c7i4aEhreQs,3.4756,121.78,106.86,44.13,2.9768,0.4989,8.94
H8G5-N6TXWA,3.3969,119.72,86.38,55.06,2.1872,1.2096,21.45
lzgcFYeuc2I,3.2453,83.7,133.3,40.39,2.1031,1.1422,17.34
xSDtSj1muuk,3.4046,99.44,148.78,41.92,2.6054,0.7992,19.88
fhoc3bsWrY0,2.7805,121.95,153.24,33.58,2.4145,0.366,72.29
fD74roS4aJw,2.5706,98.51,155.09,50.35,1.0637,1.5069,37.92
qjkosA-wE5w,2.4563,189.96,72.64,23.46,2.3619,0.0944,107.99
xH3geQ4UcNw,2.4115,216.16,95.83,42.85,1.1783,1.2332,7.31
0Khox0YjytU,2.4603,200.71,96.39,42.55,0.8649,1.5954,-19.22
aXhMzcb_7DE,3.2665,150.93,110.32,47.73,2.4765,0.79,42.35
1GQsV7Ml6T8,2.6527,197.32,101.4,36.71,2.6152,0.0375,10.14
I-AYt3CNIkQ,1.9678,67.48,178.74,22.17,2.6268,-0.659,-5.61
iFEy2mxixjU,2.8563,157.2,161.02,38.03,1.9882,0.8681,-18.1
xHDJO5qFccY,2.7649,128.61,115.7,33.17,2.2386,0.5263,3.96
jymdKzbWCrI,2.2822,138.84,127.53,23.5,2.6086,-0.3264,18.38
TnPCE11WiV8,2.1799,154.03,140.38,23.71,1.1116,1.0683,83.39
XO1PX4IBjvU,2.1151,185.67,133.27,17.93,1.0783,1.0368,62.65
VZCyE2VHNAQ,2.8185,182.43,127.67,39.68,3.1342,-0.3157,95.13
1ye2svShRSc,2.0192,206.52,136.16,16.02,1.6807,0.3385,69.3
yaUBq8IeEpA,2.1151,175.59,140.76,17.55,1.5028,0.6123,66.3
rNmC-Ca5-Rs,2.1368,180.64,142.22,23.71,2.0913,0.0454,89.18
yXZvu8HU_4M,2.2345,200.04,133.16,20.54,1.9357,0.2988,85.08
SFGfvBL6jUo,1.9321,222.22,142.57,13.64,1.2649,0.6672,37.43
6i9F590gZFo,1.8602,174.06,133.3,14.96,0.5125,1.3476,56.83
FNDNvRUqdBc,2.2554,164.88,141.07,24.39,2.5939,-0.3384,100.54
K9DqdzsjA4A,2.1615,54.05,130.3,16.43,1.6307,0.5307,-8.96
ntpa1NPBnwg,1.8333,78.11,152.53,20.37,1.3945,0.4388,-1.4
P4i5-X8s-nw,2.5274,82.38,128.68,34.24,2.4349,0.0925,27.74
Zp1NpUxHlww,2.8148,59.65,154.24,27.9,3.0315,-0.2167,-6.2
6SWKhY1h6VI,2.6734,75.68,152.43,25.74,3.0488,-0.3753,-23.18
TuBoZxHIvrU,1.6597,72.12,148.64,13.99,1.4605,0.1993,-28.25
_iFIqnN8S0I,2.0035,116.52,137.24,21.48,2.7824,-0.779,39.19
zUbV1ZBEwG4,2.2905,123.51,130.65,20.65,2.8278,-0.5372,41.25
JE9hKoInKQU,3.1253,131.09,137.98,35.28,2.7531,0.3722,64.65
I_qkZbMmyJw,2.859,72.21,121.41,46.77,2.9442,-0.0851,-12.0
lKBlnfQiO98,2.4236,104.18,97.34,36.82,2.9617,-0.5381,59.72
P3dpoZPfaPw,2.8245,103.72,102.47,27.17,2.6625,0.162,20.32
E9DbMMwiAHU,3.3582,42.73,103.31,28.5,1.7588,1.5993,-5.1
GhTBnGfdmXU,3.1395,11.61,116.94,42.62,1.6852,1.4543,-68.03
nsUMn02humo,2.825,103.21,112.48,35.05,3.0693,-0.2443,53.71
EfQBU7bSv5o,2.6279,114.0,130.92,48.97,1.5731,1.0548,51.16
_YMOx3hMTgU,2.4758,118.03,141.28,31.1,2.3362,0.1396,89.98
wr3nLH-V_yA,3.5533,61.79,124.35,39.67,3.3014,0.2519,5.83
xldO39ZSyVE,2.4151,83.26,90.03,27.05,2.7309,-0.3158,11.45
nprImqMYPEo,3.1923,108.23,106.98,29.48,2.3844,0.8079,68.34
48FfaHjWdp8,3.1239,95.23,198.23,50.09,2.2251,0.8989,41.74
WLK5i2Wu0go,1.9313,85.27,166.92,9.87,2.1067,-0.1753,-2.41
iMPYYaLxANE,3.2494,72.68,153.12,45.11,3.5041,-0.2548,23.47
o_V_UaRzCFg,2.3659,66.14,115.46,37.24,2.4719,-0.106,-13.13
paY6yrZ6qmo,3.0813,113.35,113.28,32.24,3.0725,0.0088,48.47
0BVIqnOal34,2.5473,39.33,143.99,51.84,2.4969,0.0503,-20.84
3Qdto9pVKWw,2.3136,58.9,211.19,53.35,2.7089,-0.3953,-4.44
iGWns0bVUqs,3.3157,95.16,131.76,67.21,2.3484,0.9673,40.8
6begNsXBDWI,2.7772,90.61,151.23,47.38,2.6932,0.084,24.17
l_QnK6U9dZc,3.3286,108.36,127.36,39.74,2.7484,0.5802,40.71
eg5oBai_A-Q,3.0708,151.21,128.77,39.6,1.3104,1.7604,50.05
eKgMAgkaMo8,2.6743,110.65,104.61,23.39,2.3332,0.3411,15.37
Mt5U4g3uRek,3.3365,168.12,94.9,35.11,2.2573,1.0792,43.31
qo89A-XUmrE,3.3107,134.4,126.97,47.76,2.6894,0.6213,48.04
xUdvdOGEfR0,3.103,145.82,122.6,29.38,2.7245,0.3785,53.86
DEPyPw7gwas,3.2951,137.79,111.15,61.06,2.4076,0.8875,24.19
0n9DB4lqRG8,2.712,136.07,127.67,24.86,1.9678,0.7441,38.7
KO3IXCsvgr8,3.0858,172.27,109.13,28.98,1.4812,1.6046,34.5
ujanewV56Qg,3.0347,144.58,95.61,27.52,1.43,1.6047,75.19
fbNoBlKz_0o,3.0264,93.54,93.62,25.6,2.8302,0.1962,37.44
4iYFnp4sCLQ,2.542,87.51,117.43,21.65,2.2269,0.3151,2.08
IGc4NrvsDik,2.5957,107.67,135.83,22.64,2.971,-0.3753,12.17
OTbyDnFYwXs,2.2571,80.63,145.19,28.47,1.7894,0.4678,20.01
houSAtx0rWs,2.2928,119.74,130.67,22.58,2.0758,0.217,18.41
E5bRe-rng3Y,2.7947,148.35,140.26,22.62,2.616,0.1787,-1.78
4S141noqeKk,2.8582,87.56,146.11,29.0,3.0444,-0.1862,0.6
QQAkpfMATto,2.4742,109.06,128.93,23.06,2.8469,-0.3727,26.24
LWoxHINta0E,2.5347,100.75,131.27,20.24,2.6909,-0.1562,-11.67
63oBduWCVxM,2.2892,99.81,146.43,21.26,1.6523,0.6369,31.14
U184n5jCPZg,2.6818,97.22,132.13,29.02,2.4325,0.2493,30.11
dfW_GV3AScE,2.5694,95.99,121.78,20.94,1.9814,0.588,25.32
ZMypfqLo94w,3.048,60.86,158.87,45.11,1.8448,1.2032,-31.05
ZyGmo8WIB6k,1.1229,114.19,90.98,7.96,1.9773,-0.8544,13.68
UZ8vb9GVdAQ,2.7045,95.87,103.74,23.03,2.2979,0.4066,53.86
qEaVo0BRZA8,1.6761,130.0,173.95,19.81,2.4355,-0.7594,77.9
BVBYlmre1XY,0.7397,141.46,107.78,4.01,0.6745,0.0652,47.88
fjWmvz1pak0,2.3402,71.01,175.58,43.53,1.9176,0.4226,7.83
0T5Po6b2TBQ,2.1186,61.88,199.0,12.55,1.1352,0.9834,7.74
ZNG6dc1r3CA,1.5779,51.23,214.96,9.57,1.4041,0.1739,-5.13
zkwiRbtiCQw,3.1115,162.51,143.25,56.58,2.5605,0.5509,75.56
NYsFPtIRsgo,2.9467,126.25,156.43,44.74,2.2072,0.7395,44.73
FDITq-gOmG4,3.0386,125.13,157.79,43.21,2.2498,0.7888,35.04
bmsPPHu_EqA,2.9128,68.5,148.11,58.14,1.8476,1.0652,7.89
TgFDGwo5wPc,1.94,103.8,58.52,12.08,2.5494,-0.6094,11.89
mw4vgpu8-zQ,2.905,89.77,163.19,51.49,3.2754,-0.3705,45.0
1BMDixSOyLo,2.9861,96.4,138.42,59.94,2.3708,0.6152,-2.48
bfLUL-Q64JI,2.4751,63.04,163.43,37.88,1.2854,1.1898,-9.61
nxR6sQpmoNc,2.9983,75.36,158.11,53.29,2.7252,0.2731,25.89
Uc-yvtvrmUM,3.2753,93.68,91.06,43.95,3.2456,0.0296,-12.34
iEd6k6OWmmA,2.5296,12.5,141.23,9.39,1.6379,0.8917,3.17
HIqTgK0Nc40,2.1626,107.89,136.1,34.24,2.8882,-0.7256,1.15
Jpe02hFrTyA,1.9995,76.52,155.24,41.24,2.3315,-0.332,15.71
KnZkeweyfH8,3.137,86.87,124.44,31.87,3.3914,-0.2544,1.19
wiMfsElB2sY,3.2239,125.29,107.81,31.66,2.9679,0.256,78.41
NWYFuXqzbkQ,3.567,130.81,102.74,33.19,3.5275,0.0395,65.53
ZryBbNsDS5s,3.5151,146.77,99.88,35.98,3.441,0.0741,64.94
Gy9aJg1uYMI,3.2497,108.84,120.18,25.16,2.2616,0.9881,93.02
0d4DBPBuvMI,3.047,143.02,121.61,31.88,2.1776,0.8695,88.65
ynlZHPRMp3M,3.3733,134.48,107.99,34.33,3.0439,0.3294,113.23
lBl1z0PoCCI,3.5143,147.74,104.45,38.5,3.0561,0.4582,68.38
DIku6AE3-EE,3.6149,148.05,101.27,41.64,2.9919,0.623,64.4
rRTNS8lCf9U,3.1118,120.34,99.11,26.87,1.7222,1.3895,66.57
x73KnI9Pt2w,3.5568,152.03,95.24,39.96,3.3351,0.2218,103.58
go3BXCY-8b0,2.009,130.41,84.79,21.1,2.1221,-0.1131,44.46
_STBClJN4SI,1.9584,152.02,98.45,25.81,1.8583,0.1001,83.36
Si5eSDM31xI,2.1893,157.33,100.97,21.81,2.5123,-0.323,59.81
rvGJVdaoUPQ,1.1092,20.83,215.4,12.3,0.0834,1.0258,18.91
5OA7rkmWkag,1.8574,18.34,206.48,18.68,0.366,1.4914,13.62
4hHmoV77tiM,0.9836,16.46,208.36,11.02,0.3669,0.6167,11.74
Dr2AuWZ5hro,0.9309,12.9,203.55,10.99,0.4815,0.4494,9.1
TL7v1ArlARM,1.016,8.57,201.79,9.0,0.5429,0.4731,4.89
_L8QModusl8,1.8679,22.34,214.79,18.77,0.0931,1.7748,20.41
FgQODYg_wgM,1.1092,20.68,216.31,12.25,0.0834,1.0258,18.75
tjz0gWcJwhE,1.8554,18.36,207.08,18.64,0.3666,1.4888,13.65
dI7X8Oajj-Q,0.9814,16.42,209.08,10.85,0.3683,0.6132,11.69
h0mdOQ0ilNc,0.9309,12.9,203.34,10.99,0.4815,0.4494,9.1
IcqtGIdue_M,3.2257,83.38,153.35,55.19,2.5838,0.6418,29.25
HGcme8_oA2g,2.4777,80.03,146.98,30.13,2.8201,-0.3424,25.54
5t5l4mOiTn4,2.9789,58.02,128.94,28.77,2.5128,0.4661,16.32
03V_v1-4BPw,2.6247,60.28,115.87,24.23,2.8116,-0.1868,-0.81
nmBBLqgZyJE,3.0097,84.12,125.43,32.31,2.4778,0.5319,24.13
1EtaT0edlPc,3.1125,59.93,121.15,30.58,1.8935,1.219,-20.43
JAslfqIWU_I,2.534,99.5,123.37,26.22,2.4453,0.0887,8.96
d4V5Jesht0c,2.479,77.42,124.61,19.77,2.6134,-0.1344,-13.86
YBABLV-NH5c,3.3599,89.87,116.62,33.71,2.9445,0.4154,34.99
MeT_fbBoNpU,2.2135,67.31,155.05,23.18,2.5441,-0.3306,7.31
AHFRSp7k78c,3.6098,180.12,106.97,56.61,2.321,1.2888,134.98
3L9UuZJD3Gs,3.725,198.82,91.32,50.86,2.2893,1.4357,69.21
EpYqJ8nuGCE,3.5068,162.55,97.03,39.55,2.5503,0.9565,82.62
w_XLaomfJ8M,3.6055,136.2,108.02,35.54,2.6866,0.9189,49.38
eNp_KJX8eOc,3.5941,154.91,95.36,34.06,2.7743,0.8198,123.07
z8GRGzC5ooE,3.2794,151.95,81.88,32.97,1.8774,1.402,57.69
vhg8k1lexOY,3.1616,149.63,107.06,30.31,0.7411,2.4204,25.93
1HCReb4ecso,3.3093,163.36,89.93,33.0,1.5135,1.7958,54.41
h1GdVQuafCk,2.5831,123.22,128.39,25.72,2.3099,0.2732,79.49
F5piKX3HPC8,2.4931,72.23,94.59,26.23,3.3201,-0.827,55.84
f0aEr2ykcy8,3.0745,42.94,168.93,48.89,2.2448,0.8297,-24.18
alA6a__WMF4,0.0,0.77,83.78,11.62,1.9005,-1.9005,-38.09
knLNh7mGLDk,3.0531,69.22,214.91,45.81,2.4561,0.597,-31.16
_V0lBFkQww0,2.9205,125.31,115.82,43.39,2.4856,0.4349,-7.49
lZWsCBYwBLo,1.6728,158.06,115.36,19.61,2.0809,-0.4081,20.32
xuOCpy92LJk,1.2392,148.05,122.62,24.8,1.8067,-0.5675,-0.37
GKNV0UX3dIU,1.9118,76.58,135.02,21.57,2.0677,-0.1558,3.87
2haQ0qtAJB8,2.9945,98.14,117.89,29.85,3.3108,-0.3163,-24.0
rrQ3rjnfrCg,1.9694,107.28,178.06,34.14,2.2685,-0.2991,-16.59
jvMqpBiLWcI,2.2882,113.22,137.27,20.01,2.2511,0.0371,33.55
WAITAAJx-b0,3.0789,106.87,123.3,32.67,1.8743,1.2045,14.71
ODhJWtUXCow,2.7052,105.41,116.32,34.45,2.2708,0.4343,44.58
EdG4lzeECH4,2.6601,100.79,128.56,28.14,1.6543,1.0058,26.26
ckpefZgt_EQ,2.5782,101.02,132.73,28.22,2.6213,-0.0431,34.37
nUSUUvu47mo,2.8242,99.11,154.5,23.43,3.0143,-0.1901,49.83
4uzN2qlj17c,2.7811,110.5,155.16,41.95,0.8436,1.9376,64.47
DQaWHwRSZy4,3.4133,83.48,153.14,45.07,3.1019,0.3115,22.51
_DcTgwa52Qc,2.6582,111.06,127.57,23.43,2.7996,-0.1414,59.59
oIQK28hfsGA,1.9147,32.6,100.24,20.37,2.2505,-0.3358,-5.33
Iab11RTMizk,3.0391,94.56,154.34,35.7,3.4388,-0.3998,45.78
NWfCIOGttF4,2.5798,114.85,106.02,18.88,2.1973,0.3825,-31.37
Jtf5SIXjqX0,2.4723,147.61,113.86,22.94,2.1417,0.3306,21.06
DNUUnXlnAek,2.1612,120.92,127.48,62.98,2.4403,-0.2791,-1.61
8VcvdSctMPc,3.1235,99.28,101.63,51.28,2.3637,0.7599,29.49
lPPlpc_XH_s,2.32,109.91,116.55,16.43,2.0025,0.3176,17.1
kW5x0uq-jhM,2.4497,119.5,110.18,22.15,1.3283,1.1213,-5.97
W4nVARFGpaI,2.393,138.2,111.17,18.9,1.9185,0.4745,34.69
-8NrqM33ypM,2.9121,150.18,109.85,34.9,1.9417,0.9704,15.12
K2BgSBLC9iw,2.3691,172.11,99.56,16.93,0.9199,1.4492,51.83
SOCfYkjTyV0,3.6727,117.4,91.38,41.96,2.7685,0.9042,75.9
l-wkQwlF6vk,3.6089,121.69,137.31,38.48,2.0019,1.607,81.23
PDFraO2ZP_s,3.1462,129.64,114.34,23.46,0.8227,2.3234,92.88
Bzhpt5dbnLY,3.6592,149.98,98.7,35.22,2.2962,1.363,69.86
IJoRW4bum4Q,3.4515,136.19,93.42,32.31,1.1181,2.3334,96.66
rwYwuvYGlPs,3.5096,103.21,104.6,60.61,1.7486,1.761,77.01
zLjWrH9_Un0,3.6746,122.28,101.71,49.28,2.1312,1.5433,67.06
AMBhQVl2Hb4,3.3914,68.37,98.56,20.78,1.8292,1.5622,68.36
VKpBRqbEA_k,3.5492,75.47,110.08,24.71,3.9643,-0.4151,75.44
EynbOLEhO10,3.5126,101.71,91.95,29.17,2.0743,1.4383,74.38
BeILJ5KDhEE,2.8546,98.5,123.74,44.0,2.7936,0.0611,28.76
Uowl7ufZZ4E,2.4278,94.99,120.59,61.21,2.8358,-0.4079,15.23
xqlqXjycF3I,2.757,72.26,118.44,42.67,2.9275,-0.1705,-2.33
6jWxqMrV1-g,3.1252,102.72,101.36,48.61,2.7122,0.413,35.44
V5rOm6dBfFw,2.8229,101.07,108.9,54.79,3.2228,-0.3999,51.3
XwX3Axch7mM,2.7559,92.15,134.95,49.22,2.9052,-0.1493,40.21
gHxJUfbawRs,2.7381,114.46,126.48,40.81,2.7239,0.0142,38.26
UB-g4URbt_Y,2.3601,104.31,131.66,65.73,2.5486,-0.1885,57.45
vNECxnf-230,2.5291,130.47,117.0,56.12,2.6045,-0.0755,82.67
Y4XkYAtCyjg,2.3819,116.84,126.64,46.99,2.2567,0.1252,62.45
f634_njyW8g,0.7559,186.36,146.2,4.64,0.9209,-0.1651,-37.38
u_RRfX0n-L0,0.7559,186.36,146.2,4.64,0.9209,-0.1651,-37.38
wjC-qgyOdug,1.7074,102.01,218.15,22.18,2.4799,-0.7725,30.76
LQOwN0xtm54,2.1865,39.81,110.27,16.35,2.0637,0.1228,-23.91
7M4YHLP3hEE,3.5389,55.08,122.24,31.85,3.0123,0.5265,-34.3
vfq2rrSjweU,2.2527,42.43,87.96,23.55,2.823,-0.5703,-4.56
1v5fA0Ce4Wo,2.5244,25.17,122.51,25.02,2.2414,0.283,-33.64
Ght1vcCpOFI,2.1468,57.34,126.99,30.42,2.5242,-0.3774,-80.95
YMFyyolOQr8,2.3946,64.24,229.8,24.22,1.9136,0.4811,18.41
BDMkfeMRaE8,2.3365,160.76,149.85,58.95,2.7371,-0.4007,93.18
QisJWXJuM9U,2.2129,164.55,145.59,53.03,2.5573,-0.3444,73.55
K0Bzl9Lopgw,2.3006,165.51,152.06,58.94,2.5029,-0.2023,63.39
I7CWaJQobYU,2.4952,161.95,149.9,55.98,2.4742,0.021,65.36
NS3ujcS_ICI,2.293,169.48,150.33,58.66,2.3287,-0.0357,75.49
vOyWld8EUXE,2.2918,144.09,157.6,58.53,2.039,0.2528,84.46
W51kUy5AgRU,2.1998,168.83,144.85,54.1,2.3465,-0.1467,88.72
r7htT8KbtWI,2.2982,169.12,155.94,66.62,2.7697,-0.4715,92.12
5bciKMcAvTk,2.246,168.87,149.54,57.33,3.4195,-1.1735,100.87
P4TZtQ2-M9o,2.306,171.57,152.34,63.64,2.6635,-0.3575,78.56
ya3qJa_8Scw,2.8113,54.38,140.22,27.45,2.2333,0.5781,10.07
JfSl7fiDd5s,2.82,103.91,141.3,51.16,2.87,-0.05,29.99
X18gqFeeOGg,2.2167,154.77,169.01,29.41,2.6827,-0.466,80.49
4wubneGCvS8,2.305,124.3,178.22,28.91,2.5429,-0.2379,57.27
5BmKjHS6xZk,2.4041,153.97,162.13,32.09,3.0103,-0.6062,92.3
R8D7PbXDkdo,2.8817,106.75,150.3,53.29,3.222,-0.3403,59.19
pF2S1vQQq5g,2.9934,102.55,149.18,45.72,3.2798,-0.2864,45.2
tYhJzB4zuig,2.7502,126.49,154.2,41.71,3.0758,-0.3256,74.29
VETk_E8vBME,2.5834,132.18,168.77,41.67,2.3613,0.2221,22.88
uUiTojUSzJU,3.0042,121.64,160.5,41.67,2.9503,0.054,51.03
h0dJxsz5PkU,2.8701,177.6,85.96,30.38,3.4334,-0.5634,99.72
V5a2gfaIwKM,3.0182,142.71,94.32,31.04,2.8404,0.1777,66.85
4_QsPPh8mkc,2.841,161.87,97.44,27.58,1.7516,1.0894,128.98
_Al57VY9UBg,3.2419,153.04,86.6,43.7,2.7216,0.5204,120.89
nv2dXz7_CqE,3.1399,148.56,83.62,24.11,3.1013,0.0387,58.9
X3ubQGGSEqM,3.2255,161.74,85.98,31.74,2.9898,0.2358,67.97
_b2G7kIi_dw,3.1849,147.81,105.62,37.31,2.7228,0.4621,44.14
cyQt-zbIp-I,3.3632,163.67,116.88,59.86,3.1675,0.1957,25.45
RZt5asDE2Vc,3.5601,88.08,111.79,47.2,3.0783,0.4817,36.58
6ap784z3-wE,3.26,101.65,96.6,34.24,2.6412,0.6188,-1.26
6qA-AIg5zyg,3.5493,72.44,131.18,44.91,2.847,0.7023,-0.47
r2OlJTSVJC8,3.7398,106.81,93.09,41.56,3.5725,0.1673,-9.01
0D2cBT50ZFc,2.8969,94.52,113.01,21.55,2.9395,-0.0426,-12.31
B_DDLWQf-MU,3.5916,86.94,124.32,33.42,3.2449,0.3467,19.82
POg-bktsUqY,3.4793,121.57,103.04,31.99,3.4545,0.0247,-61.98
RBNSG9qbEKA,3.3044,138.6,99.4,38.15,3.5554,-0.251,-17.28
DshZaLf0qSk,2.9211,32.34,126.07,57.85,2.6624,0.2587,12.3
CuNzatJzR64,2.8588,84.25,92.6,53.31,2.6649,0.1939,11.86
VG1hn--JEZQ,2.3437,102.1,108.73,38.91,2.0105,0.3332,57.16
TufOyFnlSKE,,,,,2.8735,,
M6iRJagbPG4,,,,,2.1989,,
2FKiwPPK36M,1.5783,150.64,155.15,25.61,2.5266,-0.9483,82.98
euQ0PbveD7U,3.4342,60.64,114.06,49.31,3.1358,0.2984,-22.84
mQNV59ZuaY0,2.9128,71.75,95.38,20.86,1.7388,1.1741,27.41
q0N4ErAti0k,2.3139,66.86,119.81,60.72,1.849,0.4648,-2.32
VGlLlknVqGU,2.9743,87.26,95.84,22.32,2.5715,0.4028,6.35
3hWNTlNGlb8,2.9492,65.68,94.12,22.07,2.7269,0.2223,26.74
fOo-SmmE0V0,2.8345,78.83,96.31,19.3,1.8691,0.9654,20.42
JF0HUwtO7O4,2.8027,109.01,88.6,23.67,2.6569,0.1457,73.59
efuu3aX0m3E,2.7114,102.86,107.71,33.08,2.4774,0.2341,72.84
4srq487ZdFA,2.898,109.25,90.72,26.74,1.6062,1.2918,75.55
jn0Y7kxG7HQ,2.8844,114.05,108.07,25.03,1.6749,1.2094,53.14
ba8l9f8p0HU,2.8303,82.57,115.77,42.44,2.8217,0.0086,26.15
F5wrHFuLaoM,1.8791,80.79,189.46,17.08,1.5997,0.2794,-20.07
7K-Ce0Ser7c,2.4882,77.64,187.15,33.73,2.2028,0.2855,-20.48
OUKo9oeLRkU,1.5476,87.24,162.49,17.14,1.7123,-0.1647,-60.93
6M8ghq7lL1A,0.0,0.0,101.89,-0.0,0.0,0.0,0.0
ukZw79qUMno,2.0027,72.45,199.67,17.76,2.4034,-0.4007,15.07
-w_Ad72Lm4w,1.3774,39.71,188.18,49.38,2.0074,-0.63,3.51
CqdC3L5O9Wo,1.5439,144.2,217.69,22.17,1.2938,0.2501,-9.44
CFzX8vBTZXY,1.6856,132.12,216.3,24.35,1.2868,0.3988,-23.25
L4OfYGUYMHU,1.627,138.8,218.21,23.66,1.3318,0.2952,-11.85
MRrucw3VUYA,3.0645,215.7,104.77,39.78,2.2803,0.7842,70.62
P5Qc9EhGq68,2.7416,120.37,132.47,44.98,2.2316,0.51,34.09
AqefrprBYPw,3.414,98.78,112.49,33.39,3.5422,-0.1282,38.92
ias0IzrzFks,,,,,1.3953,,
9hiZ5CwLtkI,2.6386,74.58,62.21,45.53,2.0992,0.5394,-11.24
HPTAudsV1YE,,,,,0.9297,,
DA_MSaeJkFw,1.8643,73.86,47.13,8.07,2.0634,-0.1991,-16.59
vbN3lI2oSt8,,,,,1.5604,,
21pgkXwVjzs,2.9498,124.27,129.75,29.89,1.7269,1.2229,8.84
p26rEyBefvU,0.8649,64.47,209.17,39.61,2.242,-1.3771,25.71
gseG33XCn1E,2.3985,99.75,148.5,28.35,2.7466,-0.3481,-9.26
yZIXF6H3i8I,3.5898,101.78,192.52,39.36,3.2497,0.34,6.23
THTVfd9EO2k,1.432,158.59,193.49,32.13,1.8945,-0.4626,-67.86
vG-SpD1W768,2.4247,179.84,181.97,27.35,2.9598,-0.5351,-61.26
Va5FaRAMZ8s,1.4498,24.73,221.59,27.72,2.0414,-0.5916,-15.48
1ZKxtkRgxpA,2.0958,111.16,94.93,16.99,1.8098,0.286,-17.93
YGdX9KZqM2s,1.2459,30.87,191.85,5.4,0.8655,0.3804,-75.5
lR5lIqvPknY,2.9613,109.77,126.22,39.06,1.5918,1.3695,26.77
GyPqbAV9Gi8,3.1482,102.71,106.23,41.4,1.4969,1.6513,-19.5
zq9kyCoMHwk,2.8605,91.27,118.39,44.51,2.7706,0.0899,51.82
nYqFYfYjdRU,1.5978,47.44,162.81,45.84,1.9657,-0.3678,-97.65
5NkSbzul_wM,1.1673,185.54,173.37,19.91,1.5126,-0.3454,72.87
ZMmhvs-y1Cg,2.1689,106.38,211.97,30.11,1.4213,0.7476,12.02
FSJLYZILbsI,2.1694,120.52,213.35,33.31,1.9161,0.2534,55.27
448R17M69Ic,2.3932,157.93,219.38,37.39,1.7756,0.6176,85.47
OBcEQQaznPU,2.032,62.67,210.34,33.04,1.0891,0.9429,31.6
_Tb3ltwJ3-M,2.7057,124.83,229.68,40.33,2.0042,0.7014,37.12
v-5DneRR16c,2.2857,111.01,210.77,31.42,1.9932,0.2925,41.67
i139UIdpU4k,2.2741,150.72,205.81,38.74,2.9313,-0.6571,79.22
YFnOdMRKIfw,1.9096,116.5,215.25,31.85,1.2604,0.6491,48.15
dB2M_gVrs98,2.2232,158.57,223.79,33.66,2.0409,0.1823,116.15
l7-mTKqDx3Q,1.8102,140.64,224.98,37.06,1.826,-0.0158,64.92
pQ7GlFXXOlY,1.8496,160.25,147.02,62.98,1.0071,0.8425,-73.8
eKkO9UZ_LAY,1.9035,75.59,210.05,19.94,2.9433,-1.0397,14.86
R-dwIr8ZdCQ,1.8618,232.16,43.92,10.91,1.7811,0.0807,10.62
T2w7EOCXUOg,0.9018,100.52,109.24,1.45,0.8889,0.0129,-50.09
ZN0s4Gaw6eA,1.7937,69.03,189.09,13.75,1.8187,-0.025,-58.79
JhVHRqKucR0,,,,,2.1985,,
DqHN3wBakeI,1.3786,83.74,164.72,10.68,1.6748,-0.2962,-38.71
Yyjkx4erUpA,1.945,69.91,130.07,24.24,1.7563,0.1887,-58.14
PU5UJ5Vugrw,1.0761,142.06,148.08,13.01,1.1065,-0.0303,-55.67
pho6lHR0z0A,0.9012,141.78,50.12,2.55,0.8383,0.0629,-1.56
sLeyvQfwnH0,1.281,76.18,153.09,14.18,2.2797,-0.9987,-52.42
xv52A3zRNaM,3.3449,105.97,94.34,40.45,2.9794,0.3655,19.46
wrhIHAe8-4Q,2.5455,131.82,77.61,18.47,2.9444,-0.3989,60.77
vMEEJn1cnt0,3.5039,105.51,82.02,29.06,2.9084,0.5955,66.78
k_0Rb05eIy8,2.6744,115.4,85.56,22.47,1.5606,1.1138,27.02
SEHc8lZoJOE,2.4191,114.31,61.58,15.87,1.4694,0.9497,12.52
tTfIkMfBqn0,3.4202,123.19,83.56,39.86,2.1092,1.311,31.5
G_iH7Sq_mao,3.301,125.25,90.67,27.99,2.6281,0.6729,27.55
_BHiZWXYoxA,3.0237,108.2,63.34,21.55,1.7221,1.3016,59.91
lNSuujCOApE,3.2561,117.24,87.91,26.4,3.0412,0.2149,26.59
2oUuDVdeBWM,2.9802,77.99,116.83,25.75,2.8238,0.1564,-1.33
sNT05DwdluU,3.3422,100.74,94.93,44.46,2.5086,0.8336,50.72
2Zu6t7ZJIa4,2.4132,84.97,129.7,45.27,2.8779,-0.4648,-20.26
7SzjZRonBEM,1.6423,66.29,120.92,40.71,1.806,-0.1637,39.29
LJF3gZAZ2-g,2.7663,85.49,125.49,44.56,2.9361,-0.1698,41.11
M-FrOedsXig,1.1499,119.21,197.99,12.34,1.6365,-0.4867,67.46
L_sGsFgql00,1.9481,45.79,161.86,37.84,1.7471,0.201,-28.15
UtKfdmFWqmA,3.3112,180.05,136.15,40.56,3.4348,-0.1235,75.82
rXKYrO79OlI,3.2373,179.68,136.63,41.65,2.4946,0.7427,68.19
KqouwyXsW6A,3.2603,180.09,137.1,43.97,3.4387,-0.1784,94.45
l9tkYDmrGLk,3.2081,176.9,131.05,38.38,2.618,0.5901,97.61
Zc79mylwcd4,3.1773,175.11,80.54,54.3,2.7489,0.4284,39.56
_ZYz6GhCyMQ,3.1122,127.93,117.73,29.79,2.6016,0.5106,-2.27
otXX1qK8mlI,3.3414,155.0,92.46,49.22,2.8918,0.4496,50.02
uDTGbYM91KI,3.4821,170.74,87.42,69.99,2.4871,0.995,54.73
liwVXKAaRak,2.9317,81.1,88.03,30.32,1.1371,1.7947,60.66
r5alH4WWf2g,3.4889,118.11,106.65,50.78,2.2081,1.2808,71.3
wW51pVAPXA4,3.0327,155.53,93.01,28.05,1.9226,1.1101,89.6
PMJIgaPoo00,3.1861,73.0,150.36,43.75,2.3746,0.8115,-14.93
RfldWQ7FpAw,3.0528,96.03,152.86,36.75,1.8029,1.2498,0.6
lHcKfm3HRAY,3.0125,81.57,163.36,41.31,1.7894,1.2231,-3.22
wak2ocghk5o,3.1142,85.83,104.44,45.5,2.293,0.8212,7.31
tRppzn3dtK4,2.8207,68.95,139.8,31.48,2.1058,0.7149,2.75
mrFgT4Kp7s4,3.3447,57.81,118.55,50.15,2.0371,1.3076,-0.06
sNu5BguHh7o,2.2041,86.08,154.94,30.26,2.0831,0.1211,-5.0
yg0DSTet2As,3.48,51.07,133.75,46.04,1.97,1.5101,-34.0
2Ol6X7rRhMM,2.8904,114.72,128.7,45.52,2.5586,0.3318,48.57
pD3_A2bRziU,2.234,33.4,110.46,41.81,2.2054,0.0286,-13.6
eohT5z11p8Q,2.6503,97.19,140.16,27.69,2.9323,-0.2821,41.7
45Vj_T19mBc,3.0656,92.43,133.98,47.09,2.8165,0.2491,39.46
ENS0Q6vec9s,2.838,83.75,141.38,26.31,2.5316,0.3064,28.28
rD2IgMjuLzg,3.0419,95.14,99.85,26.62,2.6263,0.4156,-10.96
4dZULX05x0Y,2.786,63.14,88.04,53.63,2.1039,0.6821,-25.91
md-jLNnAbrw,2.6343,77.55,127.39,62.75,3.3164,-0.6822,31.74
YdlR0sMY36Q,2.7374,93.2,89.23,30.7,1.7941,0.9433,4.29
RearCtU611o,0.8863,235.23,166.14,2.9,1.5305,-0.6442,67.88
Kw7Y5DV1GCE,1.6252,103.87,144.34,14.08,1.4623,0.1628,-56.53
w0hH4VNR_Tw,2.0117,95.3,96.37,28.04,2.4197,-0.4081,-9.74
TCjZU3d_kQs,3.0374,161.38,128.87,38.83,3.1881,-0.1507,76.82
rA-rQwLJG4I,1.6809,56.2,157.01,18.16,1.1503,0.5306,-61.18
11fHmB9-8Y4,2.4069,180.84,112.99,30.24,0.1736,2.2333,-71.27
DTiAS9oSc_w,3.0454,81.31,85.64,36.48,1.8683,1.1771,38.34
X2T58_D_Gqs,3.331,94.32,88.96,50.34,2.5098,0.8212,47.22
WYbTJNPr3V4,3.3933,78.7,82.17,49.74,2.4423,0.9509,38.61
aUWJl9nwhSI,2.928,92.26,116.44,41.01,1.0225,1.9055,26.14
23BwOdfaIwo,3.3478,94.16,83.78,65.09,2.5652,0.7826,49.87
33NyyDF0bCg,2.7922,127.7,81.31,35.63,0.9947,1.7975,22.33
ZU11Xcp8Ndo,1.1297,85.9,177.84,16.11,1.5773,-0.4476,-66.49
uSZXzuS4RkE,3.2066,88.73,134.81,29.29,3.0496,0.1569,27.57
FtaH20y0LBQ,0.8954,111.13,184.33,15.97,1.7606,-0.8652,-31.88
dpdAA3IvlrM,1.2038,143.24,66.94,3.9,2.3955,-1.1916,56.47
4WvVHQ980DM,3.1824,90.83,128.05,28.23,3.0103,0.1721,2.54
U8PSy-9e_ug,2.7537,95.53,131.11,26.63,3.1005,-0.3468,10.38
V5Rmp3JNJZc,3.1012,99.86,129.47,28.78,3.1083,-0.0071,14.11
cgoeZJo1YYg,,,,,2.6692,,
5G2_B4DnX9c,2.9777,70.82,135.83,31.69,3.0217,-0.0439,8.73
M1a6OusaUcQ,2.885,102.78,94.13,23.41,1.6805,1.2046,-23.87
5CL-FbES6zI,3.2701,169.61,125.61,32.75,2.5962,0.674,44.04
7v57YaXMPdk,3.4012,160.76,126.88,38.71,3.0273,0.3739,63.84
W7Jp0PwoaEo,3.3151,158.99,133.37,35.78,2.3627,0.9524,71.41
bwf0vKhFz1c,3.3369,159.43,121.46,35.94,3.1275,0.2094,54.35
zqnsZnLG74M,3.3168,170.4,130.88,36.86,2.6557,0.6611,64.68
_1lopl8lPO0,3.3711,168.16,130.06,33.7,2.6787,0.6924,40.25
MlPQ-qx1TX4,3.4421,168.65,121.18,40.71,3.0612,0.3809,50.25
YeKsauAWheY,3.2779,176.52,128.12,36.11,3.2186,0.0592,93.36
Q3Qtq8p120I,3.4054,173.32,126.49,37.56,2.9507,0.4547,58.61
R6jLRyQ5pbg,3.3193,169.95,123.96,36.21,3.3849,-0.0656,61.84
g4IX-7BUaXo,3.043,94.31,118.76,47.34,2.4933,0.5497,15.04
YF1pYvsB_wU,3.7245,108.52,123.15,45.62,2.7028,1.0216,58.45
taT4x7o5TUc,3.5929,95.76,131.34,40.65,2.8235,0.7694,18.6
kUrLDZ_mj-0,3.6581,107.44,132.06,46.9,1.9255,1.7326,45.74
SZJCd9h0R6Q,3.4851,99.13,138.71,57.1,2.9821,0.5029,51.65
ZlPIKNGFkaM,3.4587,101.49,140.25,50.12,2.4281,1.0307,64.82
PW4KMuBXGH0,2.434,147.88,129.81,25.13,2.714,-0.28,86.74
zFEBRE25QKk,3.4161,160.5,105.96,37.78,3.4999,-0.0837,90.7
e8su8Ko_ZDE,3.0848,118.95,119.24,29.72,3.2307,-0.1458,84.06
qnrXGgiJFIg,2.4549,128.0,113.4,16.67,2.9834,-0.5285,58.88
2tZ8Zzf2t5g,2.9182,155.27,119.3,29.87,3.1592,-0.241,106.32
mOP5Uc8X87o,3.0316,164.65,114.25,27.78,2.511,0.5206,103.72
ZJcFLngixUw,2.7566,151.34,116.2,23.63,3.0197,-0.2631,115.14
Q3HMPOyA4OE,3.1167,176.66,110.19,31.72,2.9415,0.1752,102.68
4lJ6R5vs5sY,0.7559,186.36,146.2,4.64,0.9209,-0.1651,-37.38
noMw5MBeC1Q,0.7559,186.36,146.2,4.64,0.9209,-0.1651,-37.38
k4XfX9LTf1g,2.0458,107.13,126.25,24.46,2.7895,-0.7437,45.92
olxk9d9AIkw,2.9662,85.61,109.46,44.41,2.0016,0.9646,17.66
GFcqLl6bIhU,3.0339,96.09,116.84,24.62,2.167,0.8669,-13.9
pwBDoNOmHVs,2.5794,74.47,123.4,17.77,0.5203,2.0591,43.02
Gg6cMAuiqV4,2.8388,167.04,121.97,24.58,0.6384,2.2004,44.64
ZKZNK-9J0Ys,1.6488,103.2,161.27,67.08,2.1294,-0.4806,7.54
oxYYcrYFRnE,1.6488,103.2,161.27,67.08,2.1294,-0.4806,7.54
iv1sGiKPywY,1.6488,103.2,161.27,67.08,2.1294,-0.4806,7.54
TRUmVGNVfsc,1.6488,103.2,161.27,67.08,2.1294,-0.4806,7.54
fmOBD07r_Uw,2.205,130.0,177.58,18.76,2.3609,-0.1559,-23.89
HdD5Aphep9Y,2.393,106.16,121.4,18.29,1.8466,0.5464,-2.94
sl5Fk84R53s,3.5078,80.94,104.51,36.28,3.0339,0.4739,23.91
rH8JCQPWMS4,2.8159,98.51,101.94,23.21,2.5619,0.254,58.75
tTC5M74nAxY,1.3554,77.81,107.84,17.77,1.4609,-0.1056,-2.8
BNMQJoZcXec,2.2214,60.68,223.03,27.69,1.157,1.0644,13.54
DazkcoYXGQo,1.2687,50.45,223.95,25.16,2.458,-1.1893,25.14
S9p8ZBEqmtU,1.5675,50.62,237.84,26.03,2.5445,-0.977,26.47
r6xlDKMj0fQ,1.3403,82.56,116.92,20.79,1.479,-0.1388,3.36
PE2X8IOjzbk,1.1447,67.54,230.01,50.67,1.066,0.0787,-3.02
zNaPmiaetIE,1.6608,75.2,115.93,26.04,1.4777,0.1831,-6.38
gb9oJI3FdQw,3.1094,100.04,108.76,52.91,2.828,0.2814,30.26
YjF4uT9AZH0,1.0671,159.25,201.23,22.61,1.0276,0.0395,-72.05
EmRjBDOMIzI,1.0671,159.25,201.23,22.61,1.0276,0.0395,-72.05
BM0dXkN9FSw,2.7838,132.37,193.33,72.57,2.2414,0.5423,10.63
z7ZWU1-PHJE,2.763,133.51,194.34,69.46,2.2698,0.4932,11.23
Ah9tjzbE534,2.9385,74.95,162.69,32.95,2.5508,0.3877,21.5
J1BSU-_G5ac,1.0317,124.18,181.65,17.74,2.3144,-1.2828,28.16
tFDGBRW2-kA,3.0719,103.86,118.55,25.92,2.7208,0.3511,51.53
etS_iukmp74,2.5813,102.13,114.52,19.36,2.4495,0.1318,11.08
_SOl97Dvxdk,2.9066,100.9,104.93,20.38,2.8698,0.0368,-5.64
2JTU6KdTA_M,2.9614,139.27,104.06,25.05,3.1192,-0.1578,41.5
nz6VKTt6mPE,2.6024,112.58,118.5,16.91,2.7226,-0.1202,42.48
wK1xEsfI-CU,2.4072,126.88,110.28,17.34,2.6718,-0.2646,26.64
gIJ_eDQookw,2.6477,116.25,109.45,19.45,2.318,0.3296,16.89
dngP0N_PkVw,2.7588,99.71,119.79,22.37,3.0542,-0.2954,17.51
Ds6lmVc0mPw,3.0676,52.38,112.9,19.49,2.7007,0.3668,-62.26
gqK6iSrXnW4,2.6142,101.17,97.24,21.16,2.7867,-0.1724,-1.89
0cdbD0EMoy4,2.5347,114.93,151.7,25.94,2.215,0.3197,33.46
z2zQK5Szr_o,3.5007,88.14,123.32,44.27,2.4525,1.0481,15.67
l4Ufd5uK5WM,3.2553,77.86,133.38,29.14,2.7299,0.5254,-19.67
EqEtQGa9wHI,3.6379,155.33,136.08,48.55,3.3076,0.3303,33.43
_G8v1Ywd4g8,2.9422,175.38,140.03,22.73,0.2021,2.7401,122.49
KKWs9i26LdU,3.0585,189.81,103.74,31.58,1.9616,1.0968,86.25
KIOf2KcnIgc,1.1405,16.77,195.86,9.15,1.4971,-0.3566,-5.23
MFu5PLOAzWk,2.4817,85.6,107.94,21.33,2.65,-0.1683,58.39
CCt_0EoVR9Q,2.7794,166.91,129.91,48.02,2.4658,0.3136,90.85
cz0P6kuDOb8,3.1158,73.55,146.64,58.01,2.7019,0.4139,11.32
v8QF_OJxlF4,2.7003,141.25,105.01,29.28,2.6264,0.0739,50.9
Y1jJyHLGf3I,2.6285,130.94,107.51,27.12,2.2722,0.3563,48.79
LQk45_297ek,2.7651,91.94,116.32,26.31,2.4221,0.343,-108.38
u-_Wj6KnX80,2.7809,142.38,120.86,27.04,2.9291,-0.1482,42.93
efulKG-2WHU,2.6062,142.56,106.46,29.47,3.1428,-0.5367,76.01
Efi6sPCUMrQ,2.9834,139.89,129.97,37.04,2.0891,0.8943,-8.26
6BvgsZt2ljI,2.8588,114.4,148.39,29.12,2.4211,0.4378,-9.93
78U5qXmj2Xs,2.9155,121.05,100.92,26.5,2.2315,0.6841,54.79
oe1YEMo1dUs,2.3304,48.57,181.93,24.38,0.4592,1.8712,47.05
Qiuwk5TDUlQ,3.4792,115.75,131.99,36.33,2.8699,0.6093,46.99
soYyt_y2i5o,3.1344,159.97,93.58,46.34,2.3747,0.7596,59.97
hyLKlLzSjVc,3.1037,137.35,103.8,40.26,1.8784,1.2253,44.1
TaOCFY3GVQk,3.376,131.67,86.67,44.16,2.314,1.062,42.81
RQoykoJRVUI,3.234,173.61,91.71,36.66,1.8761,1.3579,72.94
pAxtupaRmVc,3.0759,72.52,143.75,44.23,2.335,0.7408,0.34
IKcZpv6lfIA,3.4066,150.2,103.31,52.25,2.5092,0.8974,36.87
4IHvIif_uE8,3.2785,109.16,117.18,42.99,1.6532,1.6252,54.14
fu6vlY96yZA,2.7368,130.01,75.13,25.47,2.2237,0.5131,57.35
Lv-UShGHHn4,2.5016,91.03,66.66,15.44,0.7732,1.7283,91.02
7M1Q9GMMrUQ,3.0104,149.42,114.32,33.98,2.7624,0.2479,101.95
LEULDcIxn4U,1.5066,68.55,196.29,11.45,2.6829,-1.1763,-35.93
rS4quoKLBjg,3.0104,149.42,114.32,33.98,2.7624,0.2479,101.95
rgYzt8fUDY4,2.8229,52.45,120.32,47.11,2.7815,0.0414,-9.92
bqCldLszUFI,2.9951,149.44,82.97,21.76,0.0,2.9951,149.44
87INUP8LGSA,2.7645,52.39,121.47,46.32,2.7795,-0.015,-10.25
7vLlh_CHRaU,2.9393,62.05,69.04,13.5,3.0155,-0.0762,61.95
mh-JTlD5_5A,3.0059,63.36,68.92,14.48,1.4544,1.5515,63.32
gtMoiKxZ-FM,2.6089,70.22,134.84,60.64,2.6998,-0.0909,14.57
6iL96LtvgLM,2.4858,162.02,143.24,27.29,2.5611,-0.0753,-18.26
h74SIZ8mmCE,3.0493,155.32,116.41,27.83,2.1574,0.8919,68.0
AXCclBUt43I,2.4857,165.43,184.31,63.72,1.705,0.7807,26.05
8VgtDGp9D0E,2.4219,163.1,192.9,53.25,1.2935,1.1285,42.9
lJaU-ShLbdI,2.1285,165.07,198.58,43.91,1.573,0.5556,36.81
PpSJzIeaap0,2.3282,155.22,188.41,55.92,1.4091,0.9191,48.55
4_lu2G99e4Q,2.3268,160.44,194.52,54.23,0.9739,1.3529,65.34
db4mKnWrzoo,2.3972,164.15,191.67,46.49,2.0469,0.3502,42.34
qnYdrvQqBQ0,2.3433,156.94,190.46,46.78,1.5972,0.7461,53.17
Wm-713-SFyI,2.3471,166.84,193.6,47.96,2.0732,0.2738,35.08
01g3wm7d_0U,2.0779,163.7,204.19,43.92,1.8149,0.263,49.62
q67Q63Vynig,2.2888,163.8,187.72,45.49,1.365,0.9238,14.97
odw1xv5HbVk,3.1362,62.36,95.39,29.17,2.2493,0.8869,27.11
D210EzqZARQ,2.5185,129.67,187.61,55.92,1.8563,0.6623,33.65
m6RlxWFFoEc,2.2772,109.24,172.2,56.42,1.1948,1.0824,48.46
sffdXCqTyiU,2.0805,124.27,103.06,18.49,2.0349,0.0456,80.15
TQyGwJvJbxU,2.418,156.28,119.92,28.0,3.0908,-0.6729,83.12
z1grZ4Ay8r4,2.0559,106.68,145.43,15.68,1.4972,0.5587,6.69
RXs4xhSzsEs,2.7374,85.02,125.25,19.3,1.302,1.4354,-75.9
MkpR5REsStE,2.1635,101.92,147.91,53.56,1.836,0.3275,27.4
Bq7N0bPf7tM,2.735,109.84,147.78,28.6,2.5561,0.179,34.53
YwV8r3LnFcs,2.2126,201.7,90.26,48.14,1.909,0.3036,38.67
2OZQo9rV0Qk,,,,,2.2265,,
BzzX5OIifh4,1.2909,89.12,241.44,34.43,2.909,-1.6181,44.42
9f7MjJfYx0k,3.2671,65.74,127.52,43.5,2.2905,0.9766,19.41
HimzxwH2D5M,,,,,1.3336,,
Q-AFSG0szOM,1.8153,24.46,177.93,7.99,2.7001,-0.8849,-31.68
3Nc3aY7ke44,3.0616,137.81,121.66,46.84,2.4723,0.5892,47.39
Z06jbQW6C38,2.7548,169.48,136.41,20.95,1.4665,1.2883,91.8
BFUNVI0pOtw,2.5334,140.89,141.15,18.1,1.3122,1.2212,-79.55
98Kfx2ddFhI,2.7658,171.05,141.17,22.42,2.2546,0.5112,58.13
UmVdR9oHCEg,2.3775,167.38,153.33,18.11,1.8875,0.49,-35.69
gOpPWK5kLjE,2.6243,158.71,162.52,24.45,1.6757,0.9486,31.23
xYo4JzmQyVg,2.7739,161.3,136.13,20.48,2.473,0.3009,65.15
cEVGMC_O7Rc,3.0767,130.93,121.52,53.72,2.3261,0.7506,-31.95
ydBuJnyMa04,2.397,74.73,94.48,18.32,1.9254,0.4715,-8.42
16CCPcb3cUM,2.5856,28.52,92.4,19.91,2.2954,0.2902,-21.77
QAN2U42N8co,2.9149,77.9,73.55,41.27,2.1479,0.767,23.42
lgnwTBO4EWs,3.0895,100.29,72.66,46.73,2.3576,0.732,36.55
Ul14Xa9rX9Y,1.9084,24.14,180.4,43.46,1.8715,0.0369,-18.9
3g8gn7y5AwY,2.7678,101.47,79.2,28.2,2.1384,0.6294,29.08
K2_a0S1DYNE,2.7446,125.06,53.24,36.93,2.6003,0.1443,-28.64
HY7TFGO-4PQ,2.9217,89.09,158.66,52.73,1.5623,1.3594,-10.2
Dvt91Mcec9Q,1.3092,43.77,204.07,8.11,3.1765,-1.8673,-14.1
qLtHlrWvCfc,,,,,2.6303,,
y8HelOiCUMM,2.5523,130.84,166.4,38.3,2.3155,0.2368,57.93
mt8ZACxHqhA,2.4411,154.05,155.65,43.89,2.3408,0.1002,51.59
B_QGxD3Iu4Y,1.9299,54.78,214.63,25.29,2.8172,-0.8873,19.69
tqTgcDuTeIg,,,,,2.3634,,
4rL1yMOi5io,3.0093,105.76,130.33,35.02,1.753,1.2563,47.19
sriF_uMnKD0,3.1769,172.34,139.88,49.61,1.8502,1.3266,104.33
AbRPQ_mbJho,3.2407,134.0,121.17,49.98,2.3684,0.8723,87.93
sxVjSkbPips,3.207,99.63,140.73,35.05,2.2699,0.9371,-14.5
L3d65lz7NOs,2.5148,143.79,131.53,19.87,1.7719,0.7429,9.85
-d1Y8HXByz0,2.0645,153.15,135.97,17.84,1.9021,0.1624,62.7
AtuSRbce32k,2.2021,94.1,153.33,45.9,1.956,0.2461,47.08
NzFQ2KJ0PgI,1.8866,105.09,113.49,33.5,0.9184,0.9682,30.14
W5ByBeh6Cng,2.7352,110.1,144.46,40.41,1.5596,1.1756,70.99
lwAJqDqJfGI,1.8866,105.09,113.49,33.5,0.9184,0.9682,30.14
XCtHwGECWOQ,2.8382,89.36,149.62,48.85,1.9312,0.907,38.32
KDvbkQhHFoA,1.8866,105.09,113.49,33.5,0.9184,0.9682,30.14
l7HdCjHlAcQ,1.9775,70.64,153.76,27.32,2.3222,-0.3447,47.72
Ek7MmeTMYb8,1.8866,105.09,113.49,33.5,0.9184,0.9682,30.14
_r6X-820Z0Q,2.591,132.67,154.84,37.01,2.0788,0.5122,77.38
bmCxlnIri8o,1.8866,105.09,113.49,33.5,0.9184,0.9682,30.14
l2Rqx54UXdU,1.5463,136.89,166.63,21.32,1.6067,-0.0603,8.12
5c1WcisHwkM,1.6554,148.29,162.1,11.51,2.3774,-0.722,22.51
Ce2-wJL32rk,1.5519,128.99,177.23,14.26,2.2982,-0.7464,8.38
a7gzOd8sFAw,3.2761,137.89,97.3,29.3,1.9106,1.3655,32.65
eBC9sJ8QHgY,3.1847,105.51,135.75,29.65,1.1064,2.0782,29.79
CawwastVpiI,3.6095,139.27,111.91,41.01,2.4379,1.1716,21.84
TCBkvWBfvA0,3.3027,127.27,94.48,29.07,1.6023,1.7004,49.2
paR3B1Gk2tI,3.2361,142.35,99.7,26.22,1.9209,1.3152,34.69
oNiYoJTl57g,3.1587,136.19,102.64,29.07,1.5952,1.5635,43.12
P0e364Q4OJE,3.1181,123.27,98.34,25.09,1.4387,1.6794,39.47
i_YeJN5e7WI,2.6465,184.6,152.19,58.95,2.7118,-0.0653,-2.48
lI447l3Ixo8,,,,,2.8827,,
_Zn2P1EI1Tc,2.9978,98.14,125.09,41.52,3.0521,-0.0543,52.08
g1jL2zqvKro,1.9596,44.49,107.24,46.85,3.2855,-1.3259,-2.76
F44_TKFLEtA,2.8391,70.11,97.43,44.2,2.7162,0.1229,16.92
y4akv2PJ8eg,1.5813,36.05,133.89,18.75,2.1501,-0.5688,-24.99
_FbBEuDL-Do,1.4015,83.39,152.11,34.12,2.2441,-0.8426,-46.39
SgdKQB1OGms,1.3961,115.61,147.77,35.17,2.1344,-0.7383,-18.45
hTR2vF6xlXw,3.3669,38.35,98.6,21.17,2.6195,0.7474,-77.76
bXN0nndoRv0,3.2743,41.35,111.15,34.11,2.4062,0.8681,-20.35
NQgqY5WoPZ0,2.4341,165.53,175.82,41.12,1.2405,1.1937,52.19
UdiSzMnV_Yo,2.9891,154.16,142.89,38.09,2.6787,0.3104,15.95
lvOvVzYhFSQ,2.5384,174.67,127.17,20.12,2.3801,0.1583,-1.39
fCqOpnI3Flc,2.992,152.72,138.99,30.76,2.6083,0.3837,-8.03
AADbsv5JkCY,2.2473,96.45,166.51,50.43,2.2482,-0.0009,43.29
rmNs1ORt57w,1.7133,172.69,191.22,11.84,2.2265,-0.5133,111.19
8hV5JhTspjI,2.2075,49.2,179.69,35.88,1.8675,0.34,29.93
nQOsRsm6zA0,2.7391,126.65,118.44,20.16,2.5071,0.232,-24.35
1Q1iV-I3tA8,3.0317,152.23,134.15,29.67,3.1214,-0.0897,36.21
VXE9A3F69LM,2.2767,187.94,126.89,16.45,1.3191,0.9576,-21.92
WusJWWhoMIA,0.9852,125.23,147.18,26.36,2.3814,-1.3962,-50.36
blBbqYTUxJQ,3.329,132.64,115.8,49.97,3.1144,0.2146,35.23
XzwBo4Ob5CQ,3.2263,121.68,130.88,34.38,1.8519,1.3743,35.61
9Ci-002zRj8,3.7279,119.9,118.32,40.54,3.2286,0.4993,10.55
AURBQ5AJkcg,3.2582,138.64,138.99,45.97,2.3197,0.9385,85.66
viAyftbTWLw,3.3194,166.96,118.29,61.88,2.5653,0.754,48.54
xw1L1EhkUVQ,3.5225,125.03,94.46,58.75,1.8647,1.6577,-21.34
jvxQjYx9wWU,3.0216,119.82,119.83,46.83,2.9688,0.0528,70.66
HJu8hMwNXzc,3.0182,147.97,120.03,33.63,2.6107,0.4074,104.55
LNNZvo9kqMA,1.7482,29.35,167.6,32.94,2.9689,-1.2207,-28.04
D0IWsKorKvY,2.6436,49.57,133.0,40.15,2.4049,0.2387,-13.95
eMnZElPHU-g,2.1866,141.46,119.01,42.1,3.3957,-1.2092,12.75
dABrRG-lO98,2.4701,114.1,152.58,23.18,1.969,0.5011,35.72
MB97E8kmotE,2.3871,102.45,162.6,22.9,3.0793,-0.6923,-33.53
AtgXgiC7IKE,0.6362,69.16,174.22,11.42,3.0157,-2.3795,5.53
WXGKHOsYpBI,1.5918,102.53,139.51,32.39,2.4688,-0.877,48.44
t_eNBGHEcBA,2.0497,112.98,121.84,21.71,2.4141,-0.3644,25.39
NBWXsi_hR68,2.0123,41.76,72.17,13.55,1.3506,0.6617,-10.69
628sLSeelYM,3.0543,107.38,101.95,51.02,1.1086,1.9457,58.07
810j4iwiYX8,3.4449,118.65,99.87,34.75,1.9714,1.4736,41.83
czvRx1Jdf6E,3.3838,136.72,110.0,45.47,1.8113,1.5726,-9.14
nmwQiKMN4Yo,3.2918,116.34,106.89,41.59,1.5245,1.7673,82.94
dBT3C74zpGE,3.3389,115.67,99.24,38.98,3.0276,0.3113,73.95
sDeaf_Cpxns,3.0511,117.38,112.87,44.35,2.3106,0.7406,37.57
wnKA5iaj7jA,3.3239,119.49,102.23,36.55,2.3281,0.9958,43.86
nefpRiEDXkU,3.3536,125.29,99.75,41.73,2.6748,0.6788,13.07
Mj3rooC4Ibk,3.3215,127.71,103.44,40.26,2.8749,0.4466,42.24
XhAx26v75R0,3.3883,107.61,111.63,43.8,2.2467,1.1416,74.08
GxgFUYiFQ44,2.0356,102.8,213.11,40.81,2.9051,-0.8695,29.64
Nj8HqXzUN6o,3.2715,102.23,120.83,51.04,2.0051,1.2663,51.76
asB9qRXbZo0,3.2325,129.37,119.39,51.68,2.0896,1.1429,73.9
Yg5ZtUGvrLA,3.0253,118.4,123.06,46.61,1.3954,1.6299,44.03
Dkj0FaOHxfo,3.3065,124.0,97.02,30.53,2.9445,0.362,59.71
74q0Jixa5DM,3.0067,98.19,124.77,41.46,1.9463,1.0604,42.25
bYjC-PekGh4,3.4347,95.74,125.77,42.74,2.406,1.0287,24.79
cA6k0Ko3MjU,2.9456,28.11,111.28,19.88,1.5588,1.3868,-35.08
1ZJqXCWqIvI,3.3641,113.26,107.98,36.82,2.6958,0.6683,66.43
9v4ob7Mvi0U,3.2618,122.65,134.93,42.73,2.7554,0.5064,85.83
d11Uh4UYXEQ,2.496,181.33,137.99,36.47,3.5539,-1.0579,85.57
wZJ84e26d7c,3.6746,141.4,131.5,57.22,3.0515,0.623,53.88
eH0P05i2x8E,2.5587,163.68,156.62,36.78,2.9101,-0.3514,83.52
iVgJjOFhEj8,2.8158,177.34,149.79,40.12,3.2148,-0.3991,73.7
k0CM299X2PI,2.538,171.35,149.35,42.75,2.9953,-0.4573,61.1
KXwqhEfVpWk,2.1475,122.23,139.73,23.74,3.0622,-0.9147,39.6
gPp7ISh4waY,2.1784,112.32,140.71,25.01,3.1971,-1.0187,21.95
kEHzksgLjE8,3.4415,120.33,134.16,42.9,3.2271,0.2144,25.72
Bp9robemiew,3.4352,123.76,133.8,38.96,3.155,0.2802,33.86
01YFfoUHZSE,2.1107,112.52,135.83,24.84,3.1287,-1.018,42.87
FfFr3GqRGNE,2.9751,65.82,136.99,22.73,3.6083,-0.6332,-12.53
q0SNRN9wvrI,1.5255,107.61,183.36,37.79,2.133,-0.6075,73.69
2Sv2GWvLZ48,1.875,39.83,216.08,40.57,1.4608,0.4142,-39.07
nIVLyn1osRw,2.7665,81.08,207.14,42.85,3.3363,-0.5698,6.21
dwlwq5KxRo0,2.6682,91.87,121.39,26.29,1.7422,0.926,-67.2
WT79nXrgg64,2.1272,146.73,135.8,21.58,2.0752,0.052,-29.71
qe3jhTh-bA8,2.1296,160.51,149.73,20.39,2.1615,-0.0319,0.28
iQOx3R0S_K8,0.0382,138.87,169.82,30.56,1.7204,-1.6821,14.17
q94vbWDXs5I,2.8218,131.63,161.06,28.31,3.1603,-0.3385,82.66
18yf_WJjpoU,2.9241,151.46,167.71,26.61,1.8219,1.1023,105.64
wSq5mU_Jw1w,2.9044,181.59,128.44,26.22,2.5533,0.3511,119.25
jqmg_i0oJPE,3.0261,145.49,162.64,43.87,3.2822,-0.2562,82.5
FCH10q48YL0,3.0315,174.51,135.38,29.47,2.2071,0.8244,100.3
vqDjnsODYDk,3.0782,144.99,168.13,33.27,2.9295,0.1486,96.54
EDrnUKsJmXk,2.6079,102.1,117.56,21.33,1.6803,0.9275,18.57
n2YvCKdXVIA,2.4651,115.26,132.87,20.74,2.3384,0.1267,50.25
sOv-ffWZ5-k,2.5528,97.72,119.8,20.48,1.8963,0.6565,42.52
g8LKnP8sv-8,3.3189,190.21,121.54,35.75,2.4165,0.9024,118.79
0cUp77Yzbbs,2.8529,74.41,127.52,24.77,2.857,-0.0041,21.47
nZYcsSY85d0,2.1195,94.79,125.18,13.34,1.9743,0.1452,52.16
STBN96UpnSY,2.1535,100.16,128.85,12.67,1.5325,0.621,-6.97
umtKy34kIeM,2.6537,113.81,133.72,24.58,2.2094,0.4443,30.03
5-LpxwO7Qg8,2.7047,85.31,130.34,20.67,2.7887,-0.084,10.71
Ed0wxNnwTC0,2.5922,102.57,136.32,29.42,2.6639,-0.0717,24.93
4FA92hidywE,2.6833,85.09,138.93,17.93,2.7176,-0.0343,36.63
-34ZThXoWxQ,2.6353,122.95,127.89,18.66,2.0875,0.5478,41.6
stkBs1g3y6g,2.7191,142.94,121.77,34.05,2.6528,0.0663,102.4
u6eLNNeMZsE,2.8972,113.8,111.8,20.99,2.4531,0.4442,-7.74
LWVp0RMj-Q8,2.9458,146.34,144.03,32.9,2.6041,0.3417,97.07
-Z13YhNSkqk,2.7456,131.64,127.18,29.26,1.6878,1.0578,52.49
yr_6_VXtkEw,2.6581,126.19,103.58,34.27,2.598,0.0601,62.44
7nyPoksuuyA,2.6959,148.9,144.27,57.69,2.2073,0.4886,125.44
kasXQqWsbq4,2.8129,127.75,132.59,48.36,1.9633,0.8496,102.51
10RJSpLJsuw,3.0307,117.7,173.57,31.52,1.8818,1.1489,34.51
I6BZEtmQajk,2.4399,197.54,99.37,45.03,1.6788,0.7611,54.5
xm9U8Iq5X5g,2.7644,169.51,161.43,50.13,2.4593,0.3051,76.13
VeDpC8eJYbE,2.8014,117.73,113.68,26.23,2.8868,-0.0853,61.87
QVhoBMJbev4,3.0647,150.59,123.07,51.57,2.8244,0.2404,77.7
NPLWWBU4Hj4,1.0081,88.8,232.97,3.75,2.2883,-1.2802,14.89
6mxcZ6C6A20,3.0131,99.15,98.87,31.94,2.9603,0.0528,81.98
wSNnQxOfJGw,3.0473,91.92,155.87,22.62,2.0411,1.0062,-3.91
OoLie--L6vY,1.6873,134.19,135.5,15.11,1.7678,-0.0805,-1.13
2WD2WaLyk4Q,0.3726,107.13,166.41,29.04,0.0053,0.3672,-94.74
2CmT-dx6TZs,0.3726,107.13,166.41,29.04,0.0053,0.3672,-94.74
3qKGTWFfDsM,0.3726,107.13,166.41,29.04,0.0053,0.3672,-94.74
bHFXprLGJDE,2.4766,74.41,150.66,39.65,3.1387,-0.6621,60.16
9zhwRqTBjrA,2.9606,80.71,167.86,49.18,2.8066,0.1539,28.08
Tr1HygI-Q2w,2.4916,159.15,114.64,26.79,2.456,0.0357,-8.22
Xy9Ad2JlLr4,3.7324,132.83,86.11,69.81,3.0468,0.6856,5.17
LByI-DOTbl0,3.1852,97.05,117.91,51.24,2.6914,0.4938,34.53
Fqg2AUC7lfg,2.8684,74.41,182.78,44.09,2.1255,0.743,32.84
H2I9DB9MeoY,3.0447,121.72,116.24,48.5,2.7315,0.3132,25.76
rmJvLQyghL0,3.0447,121.72,116.24,48.5,2.7315,0.3132,25.76
NNelxlW7nzc,3.0447,121.72,116.24,48.5,2.7315,0.3132,25.76
s4vGu_dpa_M,2.2853,10.61,177.85,33.86,2.102,0.1833,-14.1
u_IUgkQdvVE,1.5283,137.74,96.73,15.37,1.6225,-0.0943,45.44
819GY4Y8VuQ,2.3106,73.1,96.25,28.12,2.6638,-0.3532,-11.61
UxgygBC3VZw,3.2959,37.86,169.08,65.63,3.3616,-0.0658,-7.79
CCpVq0NGPjY,1.4486,67.24,134.34,37.56,1.389,0.0596,-40.23
xFSltiTQNgk,2.3018,51.76,195.98,38.87,2.1372,0.1646,-27.54
Q9fMJlssPKY,1.6863,44.45,189.58,34.78,2.3123,-0.626,-33.13
yyGIimACsVo,1.8439,110.53,173.23,15.26,1.2339,0.6101,45.32
Kr0bHmuEdao,1.6499,158.69,120.23,23.54,1.0804,0.5696,96.84
j127IIFXWvs,3.1205,99.72,168.41,59.82,1.9477,1.1728,-36.01
8oPfI3w7syQ,2.6217,206.48,126.92,21.22,2.0079,0.6139,9.99
9ZVHdPQWCyA,3.374,181.47,117.23,34.2,2.3321,1.0418,76.61
1zeRQHQhwHo,3.5599,169.12,107.01,35.12,3.0925,0.4674,102.13
dXqe7CMTDEc,3.519,160.73,107.14,35.7,2.3468,1.1722,63.05
OUncrP54WoU,3.2773,145.59,122.3,26.4,2.4665,0.8108,100.32
iQdOag7LGsQ,3.2424,176.29,97.65,30.19,1.6361,1.6063,72.1
h9nQKu_MsjY,3.5387,174.23,99.24,39.48,2.5203,1.0183,68.59
Ypi94FMlGKU,3.4671,149.21,104.49,34.99,3.1673,0.2997,110.13
u9ugD2Cptjs,3.6405,165.93,99.22,35.3,3.0586,0.5819,84.6
92XNcD3M3eU,3.1761,150.72,106.92,24.81,2.518,0.6581,82.41
v0mhFX2UbeI,3.2688,143.85,111.28,32.3,2.7755,0.4933,104.49
Qv4GkPLsinc,3.4388,82.94,95.3,34.1,2.9207,0.5182,15.76
2WFOQNIMEQI,2.5553,44.19,123.17,20.73,2.8859,-0.3307,-15.67
i81PMZgG7Es,2.8685,113.79,96.85,40.01,2.9492,-0.0808,50.76
6DShmNUeYXI,3.3052,28.36,135.58,34.36,2.5504,0.7549,-13.4
eh5fRHr-ULk,3.0254,86.53,123.5,41.25,2.1935,0.8319,31.11
6jL-rjAMpIc,2.7978,94.01,95.9,39.98,1.3304,1.4674,23.13
t6V2mfi2B-s,2.3014,72.14,84.14,47.1,2.4979,-0.1965,1.61
-hbS8A0zyK8,2.6928,82.79,100.53,32.4,2.6422,0.0506,11.64
NV4IZVI_Jg0,3.3311,156.27,99.78,36.6,3.2306,0.1004,81.37
X1G-qMcl8m4,2.9936,77.67,118.86,39.43,2.9532,0.0404,46.31
4_mdvW3M6IA,0.828,21.93,199.0,15.67,1.0146,-0.1866,9.92
PUFr29Jedas,1.4791,37.17,197.45,20.8,1.5274,-0.0483,15.92
TtHhEC9qDnU,1.1888,39.86,197.26,17.91,1.5363,-0.3475,18.1
naTnzCJVc38,1.0016,41.7,203.01,18.63,1.4449,-0.4433,19.62
jn75slQM240,1.9916,12.13,193.54,24.49,0.9903,1.0012,2.02
EH-KffQBTN0,2.3519,159.25,119.48,23.56,3.201,-0.849,53.53
A3SwFv_vdTE,1.5893,154.36,128.81,25.91,2.8578,-1.2685,61.09
qyNzz85XHd8,2.2198,73.06,106.8,18.45,3.0576,-0.8379,-21.33
GvjWP3NHkIQ,2.0956,73.93,92.8,18.04,3.2358,-1.1402,-28.42
ywMXVXYZfqw,2.9714,118.69,112.17,29.55,2.9216,0.0498,38.57
iG4h62Ha0No,2.413,80.18,118.81,21.33,3.3778,-0.9648,-26.74
Eos8KaAdYr0,3.0668,119.67,105.27,34.84,2.8735,0.1933,6.98
T5VzEKU0sDc,2.4514,95.37,122.11,17.23,2.7623,-0.3109,7.97
pYTofESWT3Q,2.183,170.12,122.04,22.24,2.596,-0.413,154.61
sSGa2ij34K0,2.495,161.43,122.93,26.0,2.4168,0.0782,45.49
TGp96AQ0rNk,2.0725,73.65,62.39,13.28,0.0,2.0725,73.65
IMQq64tWxeA,3.3785,87.73,128.65,36.54,2.4734,0.9051,3.68
hf-KMp3p6b8,1.8928,109.26,107.25,17.8,1.5145,0.3783,-58.47
l_9DsKFJKvA,3.0927,56.42,132.05,27.18,2.8674,0.2253,-6.07
ODO3jNmMYeg,3.1338,57.41,105.55,45.51,2.559,0.5748,-11.45
Dzx5yJd1x-c,3.2986,59.79,96.66,26.29,2.9,0.3986,13.52
8nTxztKIJhQ,2.189,132.93,101.9,14.77,1.4839,0.7051,42.59
3Y_C4ShxCiA,1.9765,93.33,108.22,18.43,1.5635,0.413,-11.76
-NKbLaBq5m0,2.504,91.7,96.36,30.99,2.0436,0.4604,3.99
_D5YOg7aR4I,2.3807,76.86,184.92,36.55,3.5345,-1.1537,38.06
8td633I4prE,2.3874,75.72,186.29,41.66,2.8084,-0.421,31.25
GMG8XW5T6RI,3.224,101.23,178.66,46.7,3.1175,0.1065,49.2
lSX3Rs6Y_WQ,3.3336,75.05,169.7,54.84,3.0487,0.2849,31.29
FIRPZDLJdp8,2.8953,71.5,178.76,51.65,3.1162,-0.2209,18.12
AV5PmxqlOjY,3.23,87.93,175.77,56.13,3.2721,-0.0421,44.67
vqsW3k031uY,2.7388,73.17,181.99,36.48,3.3255,-0.5867,40.96
CUcAATkSirg,2.9656,98.49,171.27,59.73,2.9582,0.0074,47.49
k1BnXidNoFo,2.9737,86.72,177.18,56.35,2.8893,0.0844,26.12
Z_NTw4AEQIs,3.1977,81.57,175.89,50.68,3.1514,0.0463,34.28
AmXpNqrTFO4,3.2928,171.16,121.79,34.95,2.5895,0.7033,36.35
xeYoiFb3Cng,3.3857,176.64,124.83,36.08,2.6492,0.7366,48.37
YzlXryBpkro,3.324,168.9,112.63,37.2,2.8752,0.4489,53.58
YIg1X6ZI5nc,3.3034,184.75,124.63,41.22,2.6989,0.6045,43.43
18-Q2k2ZK78,3.2747,168.42,122.47,32.98,1.9795,1.2952,54.8
H6wsuCzaEdY,3.2499,160.48,128.06,38.72,2.8327,0.4172,64.33
tU0wodBypoc,3.2014,167.18,124.44,30.48,2.4341,0.7673,44.01
ZUz-kWRLMEg,3.4843,176.07,121.88,36.9,2.8122,0.6721,58.08
RTWXkzppXxA,3.2742,173.17,124.96,39.62,2.5647,0.7095,49.81
rfiQogCkUXo,3.2824,156.83,110.12,32.66,2.3841,0.8983,66.29
WKDkoN77k2g,3.0857,103.81,141.26,68.46,2.5993,0.4865,21.96
TrWaSqo6rgM,2.3655,85.01,156.62,40.76,2.3894,-0.0239,-20.5
3U7A3yW5-lc,2.9707,68.38,145.48,53.34,3.0367,-0.066,-10.46
ywh7Bb2MxYY,2.8315,108.69,145.31,58.49,1.3038,1.5277,62.49
qvnHwQ-RTHY,2.5094,167.47,134.07,28.14,1.3997,1.1097,-12.27
o9HvbijQb8I,2.9111,56.43,165.32,48.33,3.0676,-0.1564,-19.37
1BajUNnvG6w,2.4126,100.96,146.0,23.22,3.3591,-0.9465,46.63
Tj5QZel3Fk8,2.9846,113.98,158.33,41.62,3.5934,-0.6088,50.65
cvjf5beIlHQ,2.7615,114.59,142.33,26.7,3.1611,-0.3997,4.43
ZSrZoknEc3o,3.1573,110.31,125.81,35.64,3.4661,-0.3088,27.44
IkTKi5Z9gcM,2.3409,85.78,152.49,25.1,3.1273,-0.7865,52.48
jw84i-nfOAw,2.6975,104.57,162.48,27.15,3.1294,-0.4319,34.38
sGtw2K95YRY,3.0386,122.56,163.4,36.56,2.8568,0.1818,43.49
KASql4-pnt4,2.3924,110.55,156.05,31.23,2.5232,-0.1308,34.79
JR5JJ1wn0Dc,2.5669,123.54,150.28,27.86,2.4141,0.1527,46.92
4Igwug7nJo8,2.9447,135.81,158.5,47.4,3.2112,-0.2665,25.19
zNFnMKF2kDo,2.8086,110.55,105.63,19.46,2.558,0.2506,14.12
16ypJe7Fksg,3.1615,152.76,106.81,27.98,2.6618,0.4997,57.14
SsJZ0jNOMqw,2.4926,122.68,142.23,20.99,3.0167,-0.5241,53.21
MYOp6_4b-ys,3.2485,49.21,114.47,31.98,2.8069,0.4415,-22.3
qlJXviHp7jk,2.9951,54.62,92.58,23.24,2.6032,0.3919,-41.07
lGPRdqxBnMo,2.3337,106.35,137.39,22.59,2.2529,0.0808,61.51
gN4_pGQd9dU,1.6156,156.01,133.28,14.68,1.7504,-0.1347,38.42
OXv1oHNkJT4,2.8254,120.58,126.26,24.29,1.8835,0.942,45.74
E80G2xX8G1Q,2.6931,62.71,144.4,21.35,2.6595,0.0336,-47.32
M03LCJ-Bkp0,2.8994,172.89,99.24,25.89,2.1648,0.7346,56.02
v-EkO5YIXNU,2.9922,163.6,111.1,43.05,3.0835,-0.0912,80.17
AykVyVvfabw,2.8707,175.47,92.6,26.18,2.5366,0.3342,94.19
ELDz30jcpIc,2.6669,103.33,112.91,19.54,1.5028,1.1642,-56.79
RU6ZQ6dEYhM,2.7186,96.27,112.38,23.18,2.1307,0.5878,11.23
84ZPGquHc6c,2.6796,101.11,116.21,20.45,3.236,-0.5564,-19.37
Z0PlZlF4vPs,2.9139,180.76,102.96,28.51,2.9459,-0.032,79.67
vitsAB3J98E,2.8,101.17,116.43,21.55,1.9712,0.8288,-14.91
qCA_ORd4iB4,2.7885,188.16,105.18,24.12,2.3129,0.4756,61.94
NYPu_VTb0eY,2.8344,170.65,100.11,24.79,1.7048,1.1296,57.19
94S11vHui7E,3.2632,153.51,105.43,48.24,2.4697,0.7935,41.67
AZfeATtNnzA,3.2459,93.11,130.98,30.72,2.5849,0.661,24.91
dWTRzVi_FZU,2.711,113.97,165.01,37.03,1.9448,0.7662,100.24
b4rB5K7CLZM,3.3886,159.38,94.02,32.96,2.305,1.0836,62.37
GULx8nS1aTw,3.2985,157.3,106.4,33.93,2.9166,0.3819,25.71
FTL8Ct8JJMA,0.0,0.0,85.92,-0.0,0.4401,-0.4401,-0.29
5DGiDs9Xn8s,2.565,144.76,130.74,27.3,1.4167,1.1483,85.66
1C6d8qokyEU,2.8577,67.2,90.93,17.21,2.8761,-0.0184,-12.26
MbEMeDDhwLo,2.1508,220.05,172.15,30.69,1.4497,0.7011,34.44
M-OCVzyH1Nk,1.1616,30.81,217.38,45.94,2.1202,-0.9587,-24.91
s_2TtTJxXCM,1.9341,105.7,191.24,27.24,1.9207,0.0134,34.67
RRQ4Yl29XEk,2.5831,39.19,164.81,39.49,3.5708,-0.9877,-9.28
C2W8AYyJWSI,1.9512,102.69,126.42,23.86,1.5928,0.3584,22.9
93HFjHjRsHI,2.9495,94.73,135.08,51.83,3.3429,-0.3933,-5.33
GfNA7f_OueI,2.21,89.54,157.41,32.6,2.1285,0.0814,30.33
cCcj67AoJW4,2.498,112.31,136.55,28.1,2.866,-0.368,-18.07
TOcO4-bbCzk,2.2903,123.04,123.02,21.02,2.0598,0.2305,71.14
crBgEigY1zA,2.0888,94.11,178.84,21.51,2.4241,-0.3353,13.68
f-G_q7o9hog,2.8909,78.14,164.99,39.79,3.003,-0.1121,7.28
iqLPzpf9v38,2.2505,96.28,172.85,43.78,2.5598,-0.3093,14.64
5bs_XXCtMOs,2.89,131.9,175.02,33.47,2.0944,0.7956,85.58
CcChcmhqex8,2.8635,150.62,167.16,27.69,1.2476,1.6159,83.39
ZtwBekaz57E,2.2299,66.3,150.27,21.91,2.7366,-0.5067,30.68
h0fb3N9GjAA,2.7772,133.95,167.88,26.0,1.6856,1.0916,75.51
3zAvxB0LzTk,2.2472,66.0,150.86,21.92,2.7076,-0.4604,30.32
_Z5BQ3qJ8Pw,2.9652,135.7,169.67,39.23,2.2577,0.7075,90.16
B2bKl2teOME,2.2472,66.0,150.86,21.92,2.7076,-0.4604,30.32
WPdLzebvxzA,2.9462,168.44,167.22,27.38,2.4806,0.4656,53.44
dahv_Jt6Xp0,2.3069,66.34,149.5,22.21,2.6929,-0.386,30.65
Cpxk-0spEzg,3.0325,140.73,176.46,35.42,2.2223,0.8103,91.93
Brr5gT6K2Oo,1.004,16.6,87.17,24.41,1.6061,-0.6021,-35.7
Vqe-Bb8XAyI,2.7706,77.76,170.22,34.84,0.4029,2.3677,49.84
BF20WzRiVRk,3.1005,115.73,143.15,26.57,0.8217,2.2788,83.08
3O-U2gWbNFI,3.3108,102.86,135.91,34.93,0.9921,2.3188,59.8
3YgeP7pZisA,2.7374,92.89,175.45,36.96,1.5067,1.2307,63.95
jUhsHR8i7_I,2.7954,74.17,153.02,24.01,2.0793,0.7162,32.19
2DuoS9t8i1I,2.0909,112.76,190.53,30.34,1.026,1.065,48.72
52nq02YMIwk,1.5692,88.27,220.72,18.71,1.0945,0.4747,25.87
5rzKeULDPNs,3.503,147.15,126.29,32.88,0.351,3.1521,116.59
djl-12RGeFw,2.2236,142.0,130.2,16.84,2.4597,-0.2361,41.76
VM8BzR4A_VI,3.482,162.35,93.89,44.91,3.3057,0.1762,53.97
2QakeVDiMwY,3.4357,167.76,90.98,49.56,2.2419,1.1938,63.04
SItUkDmj6OM,3.4852,136.22,116.47,39.39,3.0703,0.4149,74.1
vWfOxlgX4J8,3.425,153.3,101.19,47.63,2.9206,0.5043,98.9
zl932QbFMvU,3.6233,165.71,103.1,49.97,2.7703,0.853,28.2
YPZTcJDEGwk,3.437,163.71,95.73,53.18,2.4492,0.9879,66.61
VPJ-0bqxQvE,3.4812,154.51,88.86,51.16,2.2925,1.1887,51.16
2XDznwjhNFY,3.1461,177.67,110.84,33.23,2.7095,0.4366,98.65
X7wrxBxwiuw,2.8155,150.75,93.62,24.14,3.1468,-0.3313,26.59
1yIHW5UhUSE,2.7722,118.3,95.1,20.47,2.7446,0.0276,18.51
mJJngdYNkWo,2.3618,54.72,83.09,19.63,1.5503,0.8115,-6.58
og-jE1DgmpA,,,,,2.0503,,
sUDtTg2XWiM,,,,,3.1096,,
HDR_vGqkiUE,1.2817,78.58,152.6,17.65,2.0638,-0.782,-3.47
12BlU9rmpp8,,,,,2.1234,,
YYHzMn0U3NU,2.3314,148.35,203.6,46.17,3.2354,-0.904,-4.63
WYQnICHcFKU,2.3552,154.92,125.2,21.93,2.1368,0.2184,3.67
djc-Jo8al3c,-0.0,0.1,224.33,6.05,1.0559,-1.0559,-124.17
9YAvkHLfD_Y,2.431,76.36,108.63,43.11,2.2667,0.1643,-18.95
Pt0W3erUOjw,0.9619,167.2,228.22,9.69,1.2761,-0.3141,22.94
EHntI1bfUOY,2.2111,45.67,125.93,18.99,2.8067,-0.5956,25.33
CyIW6ol-0cQ,3.3474,130.02,144.65,39.2,2.7886,0.5588,55.84
jYK9L4wUaHs,3.4709,100.23,139.7,34.41,3.3106,0.1603,26.13
wR7DH6Phdyw,3.0753,137.34,148.93,48.28,2.602,0.4733,60.65
bjnKTqbBWhY,3.1743,108.14,143.49,38.76,2.7804,0.3939,28.73
M3p_qU111CU,3.0434,139.95,77.41,26.5,3.0037,0.0397,22.01
d2y7BiZ16hk,3.1238,110.29,145.46,29.5,3.17,-0.0462,36.77
knGwZ2ytRRs,3.1458,113.84,151.33,35.32,3.016,0.1298,31.89
QifvCTnVd0A,1.47,161.9,123.29,15.05,1.1323,0.3377,38.44
p_F9k3y_uVU,2.1714,102.73,122.7,36.62,0.6466,1.5248,19.13
cv_3KFr9-RU,1.7015,177.87,159.98,22.96,1.355,0.3465,72.74
XbIYchAGSN8,2.0834,107.07,124.76,37.51,0.6474,1.4361,22.89
4-1drlBun4A,1.7438,122.91,83.28,19.09,2.2454,-0.5016,25.34
39lwNdLBwd0,2.4229,100.15,173.57,23.88,1.9659,0.457,16.31
1kwqaFeyquo,1.5232,71.05,121.8,26.59,0.9437,0.5795,57.86
2ByJl7svcfY,0.7888,64.12,183.62,24.36,1.7203,-0.9315,17.89
19uEavxMabI,2.7753,145.67,179.03,22.18,3.3618,-0.5866,54.91
CjEYiNSxUYc,2.5261,106.2,231.53,19.29,2.4498,0.0763,54.04
lkLs_s-RN0s,1.7697,193.9,222.96,20.58,2.1933,-0.4237,93.53
2-AxYt5L5fg,0.8865,64.26,240.87,21.98,2.9088,-2.0222,19.76
yNKwTSA5DcY,2.2332,122.99,193.82,48.13,2.4972,-0.264,77.8
GOtylfzA2aI,0.2611,51.56,250.24,23.06,2.9646,-2.7034,-29.86
fnqaosFhsVE,3.5,119.51,81.96,32.26,1.407,2.093,62.53
8zfPZAkateY,3.6544,129.36,114.44,53.03,3.1817,0.4727,60.2
tsaQ6yJDymk,3.6644,133.47,90.12,43.64,2.7108,0.9535,83.77
ULCZZK0h0f0,3.3685,149.8,117.0,32.21,2.0633,1.3052,64.99
hD6AVoNj3R0,3.4568,136.24,97.62,35.49,1.93,1.5268,79.0
K5vyy3qbJJo,3.5737,144.72,100.92,42.42,2.3596,1.214,63.68
8ERc6eDAkIM,3.6363,133.52,104.27,44.08,2.5418,1.0945,69.78
mNdNo1YC1C8,3.5433,128.89,109.42,56.3,2.4608,1.0826,49.72
Nhtuucuk6h4,3.4937,145.5,102.2,36.77,2.3007,1.193,72.17
RWZJ_I2lEQ0,3.4824,143.84,92.83,40.26,2.1801,1.3023,64.66
FoK4zH6QmsU,3.2492,122.92,127.47,32.8,3.2461,0.0031,36.12
w5Ar4kwcds4,2.8894,140.01,136.21,38.23,1.9078,0.9816,7.35
aGCtBPCbumE,3.2326,146.81,89.44,82.66,2.3725,0.8601,-12.15
Kyl879bYZqo,2.5339,107.89,136.05,43.93,2.6439,-0.11,29.12
4_KNn5tyflk,3.0852,87.44,105.2,55.33,2.8585,0.2266,32.29
o5ICDUldb68,3.0883,113.82,123.48,38.98,2.4929,0.5954,45.17
nJDYSsAk6LI,2.7206,112.65,194.79,24.9,2.3865,0.334,27.37
kLckeW61zfE,0.9465,42.06,208.94,46.49,1.6134,-0.667,-16.94
D7BRe8FR1bQ,2.6809,146.19,132.99,38.66,2.7202,-0.0393,59.94
B-e_z7sAw24,2.6949,122.24,122.52,46.61,2.9408,-0.2459,79.21
FWZmzgneSGI,2.4562,143.94,122.78,35.62,3.0459,-0.5897,82.85
ZZCCQ33JGLg,2.7388,177.3,116.81,28.89,3.3316,-0.5928,62.41
AB4DGTUT7Uw,0.4741,50.69,150.28,26.61,0.9591,-0.485,-11.13
4PzSUAadyg8,2.4849,133.6,124.15,30.61,3.188,-0.7031,1.05
GpweDeD0FGQ,2.2868,162.31,148.19,26.73,2.8565,-0.5696,19.98
edLl9L6gYlk,2.4767,149.96,133.34,39.62,3.1715,-0.6948,103.04
-_ze1nlfGtA,3.1178,84.01,136.28,34.0,3.2577,-0.14,-3.66
ym32WRx7P6o,2.3489,141.0,150.56,40.68,2.7447,-0.3958,32.76
tQQqAjFk66k,1.7182,87.71,193.41,15.38,2.6003,-0.8821,27.52
CBOM8u9aF08,3.2501,180.31,88.47,33.15,2.0357,1.2144,85.36
fU34BBecPyY,3.2677,155.96,68.21,36.17,1.4848,1.7829,69.9
rqTJvlnEByM,2.5599,146.29,59.94,35.27,1.3938,1.1661,24.29
K1tp6ekEPDs,3.1834,120.19,77.04,43.69,2.3428,0.8407,64.15
Ondyuvu9ZF8,3.0663,165.68,76.7,34.98,1.7111,1.3552,48.36
NSkwW2JEe08,3.0697,135.84,85.11,35.11,0.9802,2.0895,78.98
BREz1fj4IW0,3.2517,130.62,73.32,41.16,2.5458,0.7058,40.61
8atM-KW31Lk,3.1162,160.17,83.05,33.23,1.0375,2.0787,89.7
ZRlvFDd5x5E,3.1412,141.54,96.41,38.3,2.167,0.9742,89.13
bCjRdKfyLt4,2.9257,122.54,104.6,37.48,1.6647,1.2609,85.07
cLDtRrM9To8,2.5735,47.68,108.21,17.35,2.8914,-0.3178,-62.14
2NtDigxLFQY,2.5779,94.44,117.42,20.44,2.2472,0.3307,-30.25
sIDgKpkLIjs,2.5285,126.21,109.9,18.57,1.0397,1.4888,27.21
YwRoabhKeVA,2.439,154.93,173.56,24.94,1.3159,1.1231,-36.25
_eQ74ItXqHw,2.8753,126.12,131.99,28.53,2.9203,-0.045,-1.68
QBFIQrZjEUo,2.791,193.55,113.68,44.82,2.4769,0.3141,55.92
BWWsdkMtUzY,2.7047,197.25,112.79,42.09,2.3211,0.3836,53.72
gUQ033c0Snw,2.8339,196.93,112.03,44.03,2.5437,0.2902,48.99
U3700WttUNg,2.6897,186.55,116.92,45.43,2.2341,0.4556,87.23
wLi70GM9uGw,2.8296,195.9,119.08,47.67,1.9158,0.9138,99.67
GSZC11_iBGg,2.7822,206.93,120.29,41.72,2.2882,0.494,68.73
mkpLTplEB4g,2.7637,206.67,111.83,41.29,2.6076,0.156,59.1
wT08yRDT9ws,2.7716,207.5,112.23,40.93,2.6127,0.1589,67.71
KwBhGCkLE8E,2.9539,207.93,108.09,45.47,2.6254,0.3286,77.67
251uNpN4zbs,2.9944,189.79,114.09,46.44,2.5475,0.447,70.29
XJCHhLBazRw,3.0335,76.36,111.96,18.59,2.7735,0.26,6.76
tu-C1lox9t0,3.0352,105.3,165.31,33.41,2.2029,0.8323,47.4
dhNbGAajqLo,2.2608,114.27,172.02,32.14,2.3276,-0.0668,42.68
Iu49eiTUgLA,2.7874,63.13,134.4,40.67,2.4627,0.3247,-5.43
4YZ8Dp45EO0,3.1163,113.62,137.21,41.55,2.6697,0.4466,40.77
WNs3Xw8njcg,2.1863,84.36,157.62,18.06,2.1915,-0.0052,56.06
hlswef4p1HQ,2.7625,97.34,117.31,34.69,2.446,0.3165,30.29
DV3EkX8vHa4,2.1869,89.57,141.58,24.16,2.0484,0.1385,46.86
C0JPOpC_K3s,3.1995,193.0,107.47,56.77,2.9561,0.2434,66.32
s4z_ZuOEBiA,2.7028,137.69,141.75,27.27,2.7717,-0.069,72.69
45SnBloLtQs,2.5252,87.96,142.79,17.9,2.2138,0.3114,5.5
gLpqrEBc5WI,2.2044,176.62,144.01,18.31,1.1945,1.0099,14.35
J78PCHbVkrg,2.7826,121.33,126.86,23.89,2.7482,0.0343,9.94
4ogteezxnJI,2.7314,123.72,130.42,23.64,2.527,0.2043,57.35
qeaqEdrLSuw,2.723,125.52,128.24,20.84,1.9043,0.8187,55.69
WLo4TPiWvQY,2.7586,129.24,131.24,25.78,2.4463,0.3124,35.58
_PmfGF2WQZ4,3.2878,73.93,138.01,36.17,2.9922,0.2956,15.8
G_Ep1V-5IeU,2.6433,135.63,135.96,28.49,2.7177,-0.0744,54.56
qwDR9oIENEE,3.0955,94.13,135.13,31.89,2.4958,0.5998,19.82
SPCOVaoZgfQ,2.1389,128.42,102.09,47.27,1.6984,0.4406,19.79
f5W7g0zw7hg,2.8192,101.93,138.27,46.52,2.4683,0.3509,33.28
EQtwlDIyy-M,2.7991,103.69,135.95,48.35,2.454,0.3451,3.08
JdCdDJozV-Q,2.556,113.46,146.96,47.1,1.6299,0.926,36.03
Qp_TrocAATk,2.7582,110.74,126.23,45.23,2.5205,0.2377,-36.33
HpzhZRtVPKE,2.8715,96.26,129.97,41.95,2.7178,0.1537,-6.71
f7rD7NqyoW0,2.8031,98.79,139.52,60.67,2.5431,0.2601,50.6
VXHHcZH0KhA,2.8493,101.98,120.18,37.72,2.3714,0.4778,46.96
vEv5Zez8vvA,2.5281,92.75,134.01,37.94,2.3773,0.1508,57.52
e9iERSXOV5g,2.7255,92.42,135.21,67.82,2.6516,0.0739,25.48
K4hufHJVMRg,2.3707,110.69,184.64,30.1,2.785,-0.4143,63.54
ZDY788MpXOo,2.8014,149.24,154.43,37.87,2.725,0.0764,43.74
9tFKiGkGwhE,2.85,126.08,131.94,34.11,2.4483,0.4017,68.01
btHdcI8s8Ik,2.6146,108.93,160.29,34.62,2.794,-0.1794,48.42
N6fNs-_DouU,2.9375,129.83,179.77,44.79,2.54,0.3975,52.88
p2A5Nc_MCx0,2.534,111.86,133.14,36.85,1.5341,0.9998,87.89
0UgspF6zrpQ,1.9704,53.3,213.44,36.77,2.5444,-0.574,18.8
ck91eE-xiW0,3.0874,156.32,115.38,45.29,3.1225,-0.0351,54.33
UucRParlIp0,3.0552,160.1,146.12,40.0,2.9968,0.0585,48.5
hGo4BDo-5fk,2.9602,150.83,136.27,41.0,3.1435,-0.1833,44.47
P6-6oG9NKHc,2.7655,131.47,144.42,34.98,3.2921,-0.5266,14.06
UeVTjbbJ8MU,2.6965,97.13,125.4,24.3,2.0012,0.6952,17.58
eTEK_aNMBuI,3.3569,81.12,144.77,37.98,2.5132,0.8437,8.35
SVh0yBRGZf8,2.9176,96.2,125.87,30.17,2.3752,0.5424,64.45
yyy-tWloR_0,2.7271,145.18,134.93,46.41,2.0718,0.6554,19.21
kDJtfxdg9fE,2.7392,57.54,116.66,37.61,3.2886,-0.5494,-14.14
RfvPrLtPofo,2.8411,102.03,129.98,37.65,1.2062,1.6349,-79.3
1i753BwD8ao,2.5971,66.26,144.78,37.92,1.4076,1.1896,-7.91
ZRkG6qxsUc0,2.5373,86.06,131.98,22.27,2.8979,-0.3606,40.57
R5J-gggxl1E,2.1641,141.83,134.2,41.51,0.176,1.988,-48.5
AUGLi9il7dU,1.6157,80.77,198.52,30.06,0.2817,1.334,57.14
5Ug96SXiyOA,3.4229,163.7,116.73,37.85,2.8849,0.538,122.71
Y3f5PagXAf4,2.9013,174.85,101.73,34.16,3.5452,-0.6439,130.15
Fzn2-76c07k,2.6818,113.13,125.84,35.62,2.1925,0.4893,45.77
A8Er_xBTTUA,3.9492,138.26,151.05,58.13,2.9848,0.9643,33.34
VPQLo1dvNtk,3.5809,137.33,136.77,55.99,2.067,1.5139,44.96
Y89P6r_63Sw,3.8133,145.4,154.67,44.47,3.0748,0.7385,79.5
gpg0vvVMEOI,3.8654,139.29,166.86,53.52,2.0626,1.8028,50.69
VwcPKWr7F30,2.0573,172.01,179.41,41.78,2.698,-0.6408,81.83
vOeGH7S3xa8,1.8574,187.68,199.15,45.98,2.7812,-0.9239,122.3
uYciiunsa7Y,2.1786,175.04,194.77,49.58,2.2875,-0.109,80.66
zSvlKDEy-6Y,1.5066,189.96,206.61,5.4,1.5258,-0.0192,88.84
1X1YntREJIQ,2.7408,180.07,124.28,22.25,2.6169,0.1239,2.75
7_DqqENhws0,3.01,15.88,150.37,15.47,3.1733,-0.1633,4.38
ZHubihPi0JY,2.6021,124.66,105.81,16.8,0.0,2.6021,124.66
ESjOa0TXHmI,2.5877,127.35,106.65,16.89,0.0,2.5877,127.35
A-rXuER_3p8,2.5877,113.61,103.79,15.73,0.0,2.5877,113.61
X6VfssBIZeM,2.5665,115.2,100.67,15.73,1.5486,1.0179,115.18
08YlvfE6yEc,2.4828,118.2,105.04,15.48,3.2138,-0.731,117.68
QZAVaDcKpgc,2.4943,103.76,95.07,14.28,0.0,2.4943,103.76
nDBjOITRA1Y,2.4754,116.62,110.38,15.35,0.0,2.4754,116.62
lLLL4lA6IXU,2.5179,111.85,106.42,15.49,2.9411,-0.4232,111.69
Bmub19eWwzA,2.489,117.31,105.13,15.52,0.0,2.489,117.31
_W9WCBGo1D0,3.5861,166.9,117.7,45.78,2.4721,1.114,33.98
mF-zb2Dujno,3.3978,155.07,118.28,54.52,0.926,2.4718,84.28
Jd9V1KS5XLA,3.5589,158.66,115.16,41.45,2.3786,1.1802,66.07
8VIWWT5tA04,3.5103,159.16,122.45,41.43,2.8391,0.6712,71.04
_YT4mXgDiFM,3.4635,158.65,118.35,37.41,2.464,0.9995,48.06
xoVBAJpKQgE,3.5402,156.52,118.94,42.06,2.8718,0.6684,63.52
QtrsKmlBaK4,3.5391,155.56,124.85,40.57,2.4566,1.0825,70.7
29YyeAlsjpU,3.5014,144.11,118.3,35.51,2.573,0.9284,55.69
L1FAqRA8_4M,3.5115,163.25,122.27,40.73,2.3966,1.1149,64.5
nJD5kUrbRxM,3.1444,152.91,97.35,33.43,3.0557,0.0887,38.49
DhNBXefQdhE,2.6807,100.93,144.08,39.53,2.2405,0.4402,-7.51
DDA0FHaAazE,2.0388,173.03,113.0,10.11,2.3129,-0.274,84.63
O-3XHbVUHR4,2.9906,161.33,124.95,36.93,2.5195,0.4711,101.35
wbOW_XBy3zc,2.8134,114.35,128.65,50.57,2.9298,-0.1164,42.13
_qcjbljEWNQ,1.0626,158.67,147.79,14.29,1.4605,-0.3978,9.81
HJirj3WytPc,3.556,135.31,91.28,33.76,2.2501,1.3059,86.98
JtLpQV8RY8Y,2.1844,58.77,118.2,19.06,2.1337,0.0508,29.17
UiELpNuNZzY,1.7912,62.1,121.95,17.98,1.9579,-0.1667,35.05
d_jEoc20eaY,2.9452,163.47,101.9,33.78,2.796,0.1492,82.85
9OeOe_Re7l4,2.7546,106.81,121.57,32.81,2.8188,-0.0643,10.05
10t9gxRhWv0,2.6234,143.62,156.22,57.2,2.0183,0.6051,78.67
V4hSeWxuVVE,3.0448,150.06,134.39,39.08,2.508,0.5367,90.21
0nVC71AYX2o,2.742,149.46,147.84,24.39,2.597,0.145,43.25
6HNAUhkUKc8,2.853,183.74,144.62,38.22,2.4756,0.3775,58.0
0CzXy9EMutw,2.9113,168.98,146.18,32.1,2.9972,-0.0859,83.16
MTry4mvgrW0,2.8398,152.4,141.42,42.18,2.0782,0.7616,77.27
QFAEMc4evtI,2.8123,156.81,145.63,39.07,2.0439,0.7685,76.13
YEb-1CJCHU0,2.8297,163.38,138.92,33.46,1.8499,0.9799,85.68
hFl7lYRX4kg,2.7603,200.24,188.36,35.91,2.529,0.2313,97.88
cpAuwj2jxKE,3.2385,140.15,142.33,42.94,2.7785,0.46,64.73
ddasss8VGFU,3.2103,135.56,134.73,45.34,2.3659,0.8444,43.28
FcH92jy1RjY,1.7324,73.77,141.08,29.52,1.0298,0.7027,53.84
DOunPrOgEv4,2.9556,132.07,88.32,30.15,2.8387,0.1169,25.76
4CzXGQyzDCk,2.6572,95.71,87.16,26.73,2.6465,0.0107,-13.14
mevjFUFlAE8,3.0604,117.33,100.08,34.37,2.2789,0.7815,58.32
gS01ifyEy0o,2.9054,133.98,96.97,40.86,2.1925,0.7129,34.74
MrQ8fEspE64,2.8195,122.12,93.08,32.7,2.4467,0.3728,57.4
BnqsXxuvn38,2.8269,102.48,83.5,26.81,3.179,-0.3521,-5.81
5R5yL-O-Nns,3.0417,151.62,91.48,52.86,3.003,0.0387,16.99
4voye7L3Bxo,3.3008,146.16,98.22,52.04,2.4119,0.8889,-18.55
cuSVICj20xY,3.1542,130.42,88.18,48.06,2.6408,0.5134,-12.72
lsgHS7A9Eys,1.677,156.95,135.37,11.07,1.4519,0.2252,-6.16
VDYlqVOA9F8,2.4504,47.98,205.52,37.47,2.2724,0.1781,16.75
6phZSpzfsLA,1.0115,184.83,125.38,27.73,1.5765,-0.565,69.26
r5D5-FzfIp4,1.7381,199.13,136.28,45.7,1.8492,-0.1111,87.06
EDP-7SHbYNQ,1.637,26.36,187.57,6.14,1.6247,0.0123,-71.46
wsk6Bp4bIPU,3.202,128.76,107.28,33.36,2.466,0.736,64.98
voZjRIlEfP8,2.7753,98.47,139.2,44.1,1.1115,1.6638,40.9
BVMhJNOcHp8,2.6308,139.78,150.12,22.61,1.4259,1.2049,75.84
kfbCDxDcToM,3.1761,157.28,114.12,42.11,2.9351,0.241,67.61
VvlGWvFu3BY,3.2752,121.75,116.36,39.35,2.7218,0.5534,77.68
GnqVwwj3czQ,2.4506,128.28,126.74,20.57,1.7248,0.7258,61.62
mDKieDnHVGk,3.0614,153.87,118.96,33.54,2.4241,0.6373,93.2
ed0E2GBj9es,3.3459,152.61,98.64,36.38,2.5339,0.8119,93.16
7lhDyFeu61E,2.6874,171.3,110.7,26.47,1.5208,1.1666,76.75
Pq2JG-xF3cw,3.4078,142.34,124.62,46.7,2.6342,0.7736,35.04
C2N3ANWFm9w,3.1076,135.01,114.73,26.48,1.9331,1.1744,22.69
uW0EHAcuqRw,2.2551,114.0,122.5,23.66,2.0556,0.1995,49.77
WXWKxCXMJfY,2.0128,193.02,103.48,15.75,2.2411,-0.2283,90.24
auseq_4pJUI,1.9361,190.5,97.44,15.29,1.5793,0.3568,96.78
X8z0fIZaeLA,2.7322,186.73,92.91,23.15,2.3225,0.4097,110.27
AeT7DQ5uOFY,2.8283,186.31,94.41,23.92,1.8794,0.9489,97.15
LXnOUqmcsLE,2.6321,69.97,102.91,34.92,2.5046,0.1275,27.84
Zhq1r3F7Qdk,2.8675,69.6,109.72,26.83,2.5292,0.3383,2.87
ZBAGwPq_SIs,2.8073,84.66,123.15,30.59,2.502,0.3053,19.29
bnr6efUtNEg,2.6145,77.43,129.03,30.19,2.4677,0.1468,22.59
4ZrBtHjma1I,2.3728,80.94,119.07,33.85,1.3248,1.048,-42.89
g8fUcMshhns,2.3191,82.39,115.3,35.68,0.8481,1.471,-56.0
dCmYUdYFN6g,3.1646,146.62,103.73,43.63,2.909,0.2556,79.4
cRyT1lQtk9M,2.5248,152.57,131.87,18.64,2.3084,0.2164,77.87
lRS27xm99CI,2.9238,153.27,104.29,41.32,2.5945,0.3293,87.39
wYsDy7JCJdo,3.0962,92.52,91.07,21.86,2.8178,0.2784,12.99
eVffHLsSWPw,2.6303,111.58,125.75,40.49,2.4087,0.2216,25.81
hTce2fIhT5I,3.1162,109.61,90.68,28.75,2.6706,0.4456,85.36
e4iQfsxV_w0,2.8575,128.42,113.99,47.58,2.3218,0.5357,89.51
NPROTYabOVA,2.9604,118.01,121.46,35.07,2.4464,0.514,90.4
PRh2n5FvVAs,3.216,154.27,80.71,38.14,3.2413,-0.0253,59.26
9-aIOmN6DbA,3.2369,147.09,86.24,42.69,2.7027,0.5342,94.09
tj2_Ld8hcnk,3.2263,126.27,93.68,29.68,2.5756,0.6507,66.29
0MGciUy4eCs,3.2412,137.33,89.26,33.06,2.0795,1.1618,44.11
DI3k2Z8zJ5A,2.8325,169.58,95.47,22.71,2.3245,0.508,88.46
sw9i8vZP1bE,3.2373,149.49,88.99,38.94,2.873,0.3643,94.1
3jeLOmBpEZU,3.2359,164.79,90.76,35.07,2.6954,0.5405,95.26
Z7wIKQC3TZg,2.9601,138.3,92.3,26.62,1.9569,1.0032,61.31
Jec7HJhuNw8,2.7947,159.16,90.82,22.92,2.5197,0.275,90.73
Mk1gERIqMWc,3.2039,134.68,87.72,40.14,2.3552,0.8487,72.42
PUFdRFn4pFw,2.6554,127.86,96.62,26.86,2.4769,0.1784,68.74
OyTmzxksKMs,3.2197,143.16,88.41,28.75,2.8165,0.4031,84.94
f6HRrsQWhZE,2.5784,94.89,153.61,24.35,2.8977,-0.3194,25.3
PgZ7ZZOsKr0,2.5724,93.95,155.52,25.41,2.5247,0.0477,37.15
Ga-ad5GZ_-0,3.0422,103.52,123.5,42.06,2.8937,0.1485,55.9
OT61_cOWwZU,3.2071,111.19,131.65,44.12,3.0061,0.2011,49.42
dgjZvbVJFYU,2.8892,111.44,130.02,37.12,1.9692,0.9199,-13.22
_8tfkakCJ-s,3.1048,130.82,126.31,51.12,2.9791,0.1257,32.62
en1d7duj6AY,3.4718,117.22,123.24,38.3,2.3927,1.0791,15.65
a8ZNdbX75wQ,2.9008,120.36,126.88,26.18,2.2518,0.6489,65.01
skyTUg4FBPs,2.5201,130.34,143.4,29.87,2.1029,0.4172,60.91
kxv1Bfm79RM,3.3783,134.95,128.76,45.32,2.7023,0.6759,26.9
vBcXa1lKz1o,3.285,94.61,121.31,33.12,2.7619,0.5231,19.34
DsxBW1GddKU,3.2639,104.85,138.64,54.75,2.3723,0.8916,41.45
xRt9fnfrd_U,3.1489,195.52,105.24,31.44,2.3343,0.8146,117.94
6wTlT0l4tNE,3.1032,134.63,125.63,29.07,2.5616,0.5415,30.65
utTePbLIzxY,3.1343,197.17,108.91,32.96,3.204,-0.0696,125.03
WCn_puEMXzA,2.9643,189.87,108.6,32.5,3.2095,-0.2452,124.51
WXDiAL6svxw,3.0562,181.49,115.01,31.27,2.8945,0.1616,94.79
5IQvydF3hLs,3.13,170.73,122.41,27.42,2.7215,0.4085,79.6
fUYnJPQFq3A,3.062,184.39,106.12,31.95,3.1432,-0.0811,104.16
Giga3Xzo1Ck,3.0878,182.76,110.65,35.21,2.5386,0.5492,105.08
14AAocAxFOc,3.2174,154.74,96.94,41.28,2.6371,0.5804,71.27
QS8FpuxweKw,1.9281,156.12,134.3,52.14,1.1542,0.7739,-11.37
Fyh5AqiK9ec,1.9428,143.64,143.8,51.51,1.1864,0.7565,-33.46
CM1v1J5whyE,2.0573,147.37,146.25,58.01,1.1178,0.9395,-33.36
A8er5hSCfv8,2.0374,128.31,147.52,58.06,1.1247,0.9128,-56.09
6xpw9O2hlJM,1.9879,136.68,139.02,50.67,1.2439,0.7441,-33.56
JwpC8rlMzdM,3.4103,202.38,88.21,48.53,2.7139,0.6964,46.75
kKLaGZE3KWU,3.2944,190.24,94.39,44.24,2.2815,1.0129,104.5
zQray4ihnxc,3.279,154.44,77.14,41.47,2.4985,0.7804,32.42
spyB-FEzyR0,3.2165,178.24,79.46,33.45,1.4886,1.7278,64.5
ZAl8_6kzCEs,3.4164,187.74,85.32,52.18,1.9733,1.4432,106.81
H0UcD7t887c,3.2085,174.5,109.1,45.16,1.8416,1.3668,111.2
v2Fh2xFAD2c,3.4192,185.95,86.95,57.89,1.8618,1.5574,109.08
cklaSgOmqr4,3.6048,137.37,83.4,35.75,2.8964,0.7084,52.1
LFbCskOp8w0,3.5235,148.19,80.16,39.13,2.6326,0.8909,66.52
RaZGWElCsVA,3.4718,152.92,79.21,38.04,2.9084,0.5634,73.52
8-HL0vPy9qQ,3.0587,18.48,196.9,28.76,3.4143,-0.3556,-2.19
ckxP78jZ7FQ,,,,,3.2812,,
QBjwRlOpKok,,,,,2.0451,,
u5DBgYb1EBA,2.9968,22.08,195.04,61.97,3.3513,-0.3545,-9.99
YH99PfkAFeA,0.7931,134.37,160.03,4.53,1.4306,-0.6375,-46.57
2w-Fqryahzw,2.3317,222.92,162.53,71.98,2.077,0.2547,172.99
MPaNJLnR9tU,2.8526,186.92,46.8,21.15,2.7834,0.0693,70.25
uQxpeBioGn8,1.7039,21.41,168.78,42.44,3.1556,-1.4517,-6.81
mR6EZHTWcso,,,,,3.2314,,
2oPbiGLFLdI,1.5984,32.08,174.92,7.82,3.4307,-1.8323,-0.34
ZFC8x3OvdPM,3.0167,56.67,162.76,25.17,2.8774,0.1393,-34.01
LApetHLifS0,2.1054,66.33,185.39,27.64,3.1072,-1.0019,-5.77
bJHKv3b3q3c,2.238,103.19,197.35,56.02,2.8165,-0.5786,65.98
bIDohAK1Nk0,2.0859,7.26,158.32,14.52,2.4569,-0.3711,-39.14
HFVYbMwX03g,2.9059,26.65,151.89,17.18,2.6388,0.2671,-63.6
UqhdsRFB-hg,2.3032,99.53,213.91,52.08,0.7785,1.5247,52.77
QCCI5Z6uX44,1.7618,76.93,158.26,15.58,1.3668,0.395,-49.1
yzhuD2N5tlc,0.816,90.87,241.23,34.98,3.2053,-2.3893,36.64
YRdJxgHUz8c,1.2258,123.73,232.51,30.23,2.263,-1.0371,-16.72
ZwjnIccxSP8,0.6571,118.31,244.42,30.69,3.2183,-2.5612,-22.99
0dYDKsrx11A,0.8768,115.02,227.2,24.13,1.3509,-0.4741,-67.57
FmvBU7N10a4,0.6606,113.43,245.04,31.46,2.2552,-1.5946,-7.44
RLhBJ6E8s0s,1.9659,122.29,174.32,23.4,1.814,0.152,-30.59
xfrs1wOnJ0k,2.2772,83.14,160.28,28.73,2.4097,-0.1325,17.92
vIxUOfPQEOk,3.226,152.44,125.88,35.05,2.8289,0.3971,46.57
M5AyZGNPiCg,3.4149,174.06,95.09,42.86,2.0873,1.3275,49.14
PUCmbYvKpL8,3.4545,169.47,101.12,36.44,2.308,1.1464,38.51
atf7AwuX45M,3.1369,179.89,103.25,39.96,3.1247,0.0122,80.52
OgwMUJeIIQU,3.5396,173.58,92.98,46.99,3.3141,0.2255,78.28
ONov1HtUfdA,3.4222,148.45,135.5,39.01,2.8239,0.5983,70.35
EogjNd2AcM8,3.4766,138.88,129.73,40.4,2.7991,0.6774,84.12
2tODAtRUzug,3.2785,141.65,141.32,36.82,2.5649,0.7136,79.79
Ti9-HRAdCgc,3.4967,143.67,127.37,39.29,3.1437,0.353,65.17
nD8E6WGXhsg,3.4753,138.57,131.97,42.98,3.1692,0.3061,75.98
cr7HqdMFqOU,3.282,151.26,135.02,32.53,1.6843,1.5977,63.41
XK97kn9VD_0,3.3747,144.57,130.82,47.17,2.7629,0.6117,51.03
D37NOTgNh5w,2.2257,131.76,123.54,18.13,2.4184,-0.1927,-23.35
VgjurkqX3yM,2.7068,134.76,145.96,36.96,1.2745,1.4323,40.11
4fO7wteEiNA,2.753,141.18,135.27,42.8,1.974,0.7791,122.5
UgEXSX5yLcc,3.5193,151.86,119.79,51.79,2.5185,1.0008,110.36
VIBgTu_qizo,3.4874,153.69,113.41,39.19,2.3663,1.1211,103.77
We249jhP7S4,3.1293,177.5,90.3,35.35,2.1856,0.9437,89.27
AItOaLw2j08,3.4204,161.62,124.86,51.66,2.5171,0.9033,99.14
opXoiWsnWdI,2.9865,139.23,104.32,29.96,2.3465,0.64,68.8
UNXLkmcVTlc,2.7875,118.48,162.87,29.27,1.2722,1.5153,53.28
aVTrAJjt7tY,2.0817,154.07,193.35,33.47,1.6596,0.4221,24.59
csEKGf7DpFw,1.2678,196.09,131.77,6.67,1.0477,0.2201,76.97
Of6UiRUxlSQ,2.7018,178.67,193.25,38.3,2.8284,-0.1266,-16.43
TpYr-PKG3VU,2.8014,152.04,179.9,53.59,2.7512,0.0502,-35.58
67UtCBXfY38,2.9906,135.86,179.13,55.1,2.6604,0.3303,-55.28
4QcnxeqmrVM,2.6233,168.23,90.72,19.61,1.7776,0.8456,7.11
2w0DC-OYH0A,3.0016,148.8,126.26,46.46,1.697,1.3046,15.47
WaZvurEHdvI,2.7414,163.88,141.77,38.79,2.41,0.3315,35.0
PRWkJjDKxqc,2.4214,86.5,208.58,35.1,0.0019,2.4195,26.52
UqH1XuwYXRA,2.2522,118.63,234.07,35.6,1.1038,1.1484,-135.33
IrMRJemo7Qk,1.2584,52.41,210.81,46.53,-0.0,1.2584,-23.56
qPwyVWpWlmQ,1.3543,87.57,219.11,30.71,-0.0,1.3543,-107.26
jIezsxoQm3A,2.1388,89.63,212.22,38.55,1.9145,0.2243,10.89
_FgylXXQ7qE,2.6052,70.52,193.19,35.82,0.0163,2.5889,-17.46
yk65W-VrgXA,2.2009,61.95,219.45,33.37,0.0003,2.2006,-3.32
nXYPxGqTySo,2.7073,107.47,208.8,38.05,0.0409,2.6665,65.42
1SZHvxEkIfM,2.5359,114.1,184.07,39.95,1.2513,1.2845,-140.02
prtOC5feT9c,1.8296,132.25,217.63,33.18,-0.0,1.8296,-121.71
IcgeaPPiOBU,2.8892,182.63,142.49,25.53,2.7334,0.1557,91.4
vHkl0KggkiM,3.2345,180.11,155.68,42.52,2.4786,0.7558,105.69
r7fSvzbMpD4,2.8093,180.51,157.52,24.99,2.7894,0.0199,119.51
2G7InclFe08,3.1165,184.39,156.9,32.3,2.3367,0.7798,89.1
NlBXzT7NrVU,2.9435,161.92,171.31,36.66,2.5081,0.4354,105.58
MWCcIji7bqo,3.0241,187.94,161.62,35.58,2.1367,0.8874,87.31
pPt4zOtj_as,3.0045,179.55,171.73,48.41,2.8228,0.1817,116.28
jKVfIjTWJlU,,,,,3.1121,,
tih4AAA2bU8,,,,,1.9721,,
AD_zkeffZS8,0.7363,54.04,145.63,3.61,3.4037,-2.6674,12.92
htq90LFdXPo,3.5716,176.73,114.98,43.53,2.9284,0.6432,69.05
cedsFe6ITc4,3.5194,158.67,121.23,46.23,2.2159,1.3035,63.85
IG3Q1Jk_gBI,3.585,171.06,121.9,44.35,2.6845,0.9005,72.78
Zr5qDhvwxKQ,3.6002,161.72,116.99,51.35,2.548,1.0522,71.37
7L4EhcCJ8GQ,3.634,162.47,117.25,52.05,3.3512,0.2828,73.15
K04425SzY9w,3.5691,158.48,111.73,47.53,2.8698,0.6993,65.12
tpc9-OgrzvY,3.5286,170.79,116.1,46.16,2.6733,0.8553,43.93
nGxpConnLjQ,3.4773,163.51,119.89,48.55,3.0211,0.4562,100.37
io3tlBhATN0,3.5906,165.33,116.27,55.65,2.8841,0.7065,80.69
wSRWXtC6bps,3.5204,166.52,121.71,47.93,2.9455,0.5749,105.79
co_FXGX6lR8,2.6387,61.29,127.32,25.04,1.9652,0.6735,35.68
QiFVcmvwLlA,2.3193,77.53,127.57,20.36,2.7334,-0.4141,-87.56
saucM-yrehA,3.1873,77.98,115.22,33.56,2.0253,1.1621,-3.99
m47EPJN9bhA,3.0926,105.07,100.79,30.84,1.7777,1.3149,46.12
w3oUKNe5QTY,2.9691,83.22,101.99,26.23,2.6387,0.3304,22.33
ZL65qSPCcRw,3.0085,91.15,102.5,24.85,2.574,0.4345,53.15
exBV6mJudRI,2.9072,93.64,105.61,23.99,2.5429,0.3644,42.37
IKdM7e_LKnU,1.6843,90.78,162.53,9.52,2.2456,-0.5613,17.56
BXGr1ZB0lA4,2.8202,128.19,150.06,33.2,2.483,0.3373,-16.37
9Kmm5yomJfw,2.9401,146.75,125.22,38.94,3.0619,-0.1218,42.68
IGO6Vf_BrCg,3.0076,158.24,126.38,42.08,3.1088,-0.1012,44.08
Z_B0_j7sBZ8,3.3977,99.07,143.39,42.97,3.3452,0.0525,8.73
PyEM_LvUVEM,3.0013,140.04,158.66,69.01,2.9014,0.0999,64.29
9Gye35RlOVo,3.1945,104.16,166.57,36.29,3.2138,-0.0193,-8.11
zE9GHZq78WE,3.0399,78.45,139.52,60.84,2.7431,0.2967,-6.59
49RM6HrmPbo,3.2384,95.19,125.73,38.37,2.9486,0.2898,9.18
2PQIG410kng,2.7871,130.41,115.06,22.13,1.5912,1.1959,26.9
zqCbYctSo-U,2.7316,144.82,137.55,27.3,2.6404,0.0913,40.31
Ix-6gJMJ16Y,1.5427,85.22,197.01,16.72,2.0846,-0.5419,30.41
3Ya5ead_00c,1.9113,98.0,133.91,22.28,1.875,0.0363,34.73
sIYwnZUNsZA,2.3357,86.03,156.79,20.58,2.2288,0.1069,28.57
NOwzKEwTSZg,1.6039,68.83,172.33,15.29,1.6487,-0.0449,14.87
VwwHQPR9G0g,1.6884,146.05,160.5,49.54,1.9947,-0.3063,36.03
832cb2H13bw,1.5405,153.97,130.53,6.41,1.7176,-0.1771,58.87
NXIGJxizCR0,2.9385,144.34,119.04,36.05,2.6269,0.3116,30.06
5XsUmr8LfWc,2.5876,158.91,115.57,47.09,2.5844,0.0033,62.42
OG1I0O2u3Rk,3.0885,114.37,108.8,38.44,2.5852,0.5034,35.89
GrbHR_LTAoU,1.5424,97.55,139.81,43.42,2.1819,-0.6395,-74.15
SMiwNb-3NQA,2.0224,122.32,133.72,26.11,2.5407,-0.5184,48.22
EsFsmNttS-c,2.9181,137.66,133.74,36.36,3.2398,-0.3217,6.3
n4xG7U_DxYk,3.0816,164.71,91.4,27.2,3.5767,-0.4951,77.43
e5lCTiWLy5k,2.8257,184.88,94.77,24.2,2.5365,0.2892,103.02
ghnbaODZTVI,2.9784,136.44,114.34,30.67,2.6834,0.295,22.31
wMRQMwmXpj0,3.2084,172.14,97.21,39.58,3.1345,0.0738,95.93
kN056zDnMNE,3.021,168.55,95.17,35.95,2.7386,0.2824,117.37
SOQroH-IAqc,2.1765,27.27,101.39,41.73,3.3664,-1.1899,-16.83
kTHVWfoVvtw,2.9913,177.31,80.16,28.14,3.6642,-0.6729,47.44
klwehN-Jluw,2.9022,161.38,119.36,30.35,3.1989,-0.2967,66.78
RkzMzrudm4Q,3.2537,170.54,119.18,31.57,2.9751,0.2786,53.82
uiOKiP82vSw,2.8683,152.39,97.35,20.5,1.7938,1.0745,-8.9
QLZg1KpFSK0,2.4551,120.97,119.28,44.58,2.4207,0.0344,2.33
CIIGjkZ3oOE,2.0561,147.39,156.25,23.74,2.0204,0.0357,64.69
oeGLv6Oscy8,2.6395,119.88,135.01,32.13,1.9396,0.6999,39.58
xb3GEBAL-iE,3.0572,122.95,104.65,47.94,2.8309,0.2263,1.44
ABKZDOKSz4A,2.0299,134.54,139.91,16.02,1.6465,0.3834,23.81
Aph6Uqpm9D8,2.7819,135.44,99.29,24.44,1.8362,0.9457,39.6
vy3fRWwbdxQ,2.4631,103.54,121.11,21.97,1.5694,0.8938,4.34
pVlYwYOY2jM,3.0463,132.36,126.21,29.34,3.2826,-0.2363,85.84
sW3Wil6xPmE,3.3384,90.18,138.61,40.06,3.0901,0.2483,37.75
J8ycrqPy5kQ,2.1116,131.47,214.65,29.55,1.8781,0.2335,60.95
Vb0HbCdTwRk,3.0591,126.66,172.98,50.53,2.9838,0.0753,68.42
motkIbWVCsM,3.5356,134.48,160.16,40.73,3.5526,-0.017,59.4
A45lpGjRSRU,1.8946,81.52,195.01,42.12,2.5096,-0.615,47.83
EYOtcIvW36Q,2.8948,106.15,146.88,53.86,2.4484,0.4463,54.57
c6jHU5xgVF4,3.2191,123.13,125.82,59.52,2.1441,1.0751,53.01
ZTtldiiro4w,2.9029,97.92,179.6,46.66,2.0127,0.8902,38.81
leW2QsyhthM,3.2626,111.01,191.31,54.0,2.9212,0.3413,36.4
360sWIQBUvc,1.449,133.22,159.04,14.04,2.1418,-0.6927,-8.75
vpu3Tb10CKI,2.3558,149.33,124.67,17.46,1.9306,0.4252,-7.45
G4m5lcYOlvU,2.1327,109.51,144.75,26.07,2.3843,-0.2517,-15.73
PlQ49wmYjDA,2.2575,113.8,102.56,13.4,1.0708,1.1867,-40.95
m_1Xrex--Nk,1.9536,117.06,108.94,12.6,1.0818,0.8718,-37.67
s-WtdkAUhag,2.3524,152.02,144.1,19.25,2.1045,0.2479,22.59
xkI_I0LNfPQ,3.1643,54.01,125.13,42.05,2.1111,1.0531,-20.66
OFg6YlhNArY,1.1067,73.51,163.65,21.69,2.3561,-1.2494,-29.51
nAnyhnp87aQ,0.5959,126.7,133.91,20.14,1.5667,-0.9708,-60.13
q49gtfaXaCE,1.966,158.34,100.75,28.29,1.5649,0.4011,11.58
qb6A1Gyp4GU,2.8868,87.6,133.71,33.28,2.9302,-0.0435,21.2
eEZJVKw4WKQ,3.1081,98.05,119.58,32.64,2.4717,0.6365,26.7
VwZa8lTzZ3w,3.028,105.1,125.84,29.71,2.4976,0.5304,-1.96
LMEnCDf-qLw,2.514,140.3,135.62,25.04,0.7678,1.7462,76.23
s_uvyq6Oois,2.5004,131.48,143.07,58.32,2.3372,0.1632,-4.71
ARghEa_Ksck,2.8562,142.1,118.45,33.78,1.2623,1.5939,-47.29
LFZlR-3KJ58,3.2514,132.04,131.48,41.04,1.9068,1.3446,31.55
BV1-C_w8_EY,3.0527,108.0,129.95,30.47,2.3467,0.706,12.74
HzPFaVEzxFw,3.0217,101.5,135.0,32.53,1.1338,1.8879,43.49
OTXoonhPgTQ,1.5208,82.42,62.18,19.05,1.5806,-0.0598,-1.91
KLqxNdpLRoQ,2.252,88.46,118.64,21.89,2.1851,0.0669,13.66
OoUHfCULQm4,2.735,64.3,177.81,32.45,1.9441,0.7909,4.83
8SB5lMdQoCU,1.5284,66.09,151.6,20.81,1.5237,0.0047,-8.81
IZPKjb1Kuao,2.2634,76.25,130.49,25.63,2.5833,-0.3199,0.64
6K_I2ADjzYc,2.5923,100.58,122.98,36.33,2.6734,-0.0811,16.99
G6viwyrwKOw,2.1949,72.25,120.93,39.98,2.0215,0.1734,4.16
5XN08YjgGJ0,1.6918,69.38,114.16,28.26,2.2398,-0.548,12.61
k6yPoIT_rAg,2.3949,45.1,178.53,68.44,2.0942,0.3007,5.63
IWaZ5xY_m8Y,3.5954,80.49,125.13,36.2,2.8315,0.7639,-3.81
uwrQGPNwcI8,2.2303,169.1,146.32,15.77,2.2334,-0.0031,73.47
sPPdp3mOPpE,,,,,2.2248,,
XT0jT6AY1iA,2.9489,94.2,97.37,29.56,2.763,0.1859,11.71
tL9-GYZPB0I,2.1762,52.4,75.59,10.63,2.2716,-0.0954,14.74
wtQ3Chz7h-0,1.4414,130.67,204.65,28.25,3.0186,-1.5772,54.44
S3CrrEQ7PS0,1.6275,135.33,159.26,27.67,1.6244,0.0031,-80.5
0tWInbQe1LY,2.6332,59.71,125.32,24.38,2.651,-0.0178,-13.74
uvq9fixTizU,1.4903,35.57,111.62,13.17,2.3123,-0.822,-31.24
Fwt9UHYYjl0,2.688,95.63,113.75,34.27,3.8798,-1.1917,2.45
dAwPC-JOPlQ,,,,,3.8288,,
ziTmmqvZTAY,,,,,2.1315,,
_v38tFbLT9s,2.3497,160.47,119.41,31.62,1.1885,1.1612,-52.25
mFmtriaNtmM,1.4686,55.49,147.31,37.32,2.8293,-1.3607,-10.84
5ryjMsaifG4,2.4391,136.22,129.9,45.3,2.3774,0.0618,19.27
ivJjrt--uX8,2.352,119.45,144.76,48.39,2.3422,0.0098,-33.76
23Wrn6oKVBc,2.7683,88.28,150.36,31.45,3.286,-0.5177,17.16
x6oXJISsHGY,2.7095,89.2,152.03,30.12,3.338,-0.6285,17.49
pLJG9A4VU18,2.6803,88.08,119.53,42.39,2.0519,0.6284,-68.24
omYAMbJ2e5o,2.1512,92.43,136.0,32.03,1.6342,0.517,-2.71
TMZfzncDzvQ,2.9786,71.81,141.4,55.29,3.0642,-0.0856,12.17
9BRIZuTqK_A,2.8692,151.44,129.54,61.02,0.5424,2.3268,37.02
XfZ8wxvM2eY,3.0653,135.71,122.49,25.57,1.7792,1.2861,66.17
uo3APHqbq7Q,3.5936,149.75,77.61,39.78,2.661,0.9325,77.91
MftRuGPyvpE,3.0401,125.4,134.73,29.21,1.8413,1.1988,70.78
EfzmRR-t9VQ,3.6961,172.91,107.54,47.22,2.3606,1.3355,112.57
_nwnpQ951pM,3.4992,149.99,111.38,38.35,2.1234,1.3758,68.51
WsO89FWYS78,2.8363,116.44,153.21,25.7,1.5478,1.2885,29.16
QJ7NfbgbApw,2.8561,154.82,113.7,30.66,1.1401,1.7159,50.32
J3PbidGsXRU,3.1752,164.09,87.11,30.19,0.9595,2.2157,24.36
3P98HfbemKI,2.9151,146.71,132.45,26.01,1.4975,1.4176,47.96
9fpl3muEvZY,3.2225,183.35,142.82,43.86,3.1993,0.0232,45.72
LB6FZg8Lm-w,0.702,108.32,109.19,16.52,1.5728,-0.8707,-0.28
l0aJnBGTPV8,,,,,2.5165,,
5HcYzijq2kI,1.5789,51.02,247.32,11.64,2.8161,-1.2372,11.05
iBs16xm-d3E,1.3975,44.27,248.04,12.86,2.7221,-1.3246,5.06
6GZRHvQW08k,,,,,2.5165,,
E9jxGWKAsPs,2.6168,134.88,159.28,40.38,2.2191,0.3977,80.36
o1jCgtHbNrI,3.4708,136.82,156.09,44.55,1.6521,1.8187,51.04
CQ-SiF8SEXw,2.7997,128.07,153.17,50.68,2.3635,0.4362,94.17
cgUcG7dhJqg,2.5967,69.71,172.49,49.93,2.4456,0.1511,41.78
3xTi3JRoMFo,3.0398,127.3,137.84,37.74,2.7144,0.3254,72.18
FueENERHC9Y,3.0715,156.87,137.69,43.77,2.3328,0.7388,127.33
vWEM1fFxxmQ,1.4266,13.7,88.31,24.66,2.0027,-0.5761,-22.02
Yzc7vRxdEm8,2.6272,188.39,184.38,49.49,2.8394,-0.2122,65.1
DgIYi1rpymY,2.142,196.07,208.09,37.25,2.3976,-0.2556,74.79
STwXFfl7UXc,2.5694,180.57,192.73,39.2,2.4421,0.1273,57.4
-Tod9ikeQ1c,2.5617,170.75,185.87,46.57,2.7147,-0.153,91.53
4uXqXshtuyI,2.3429,178.68,183.92,44.85,3.8343,-1.4914,49.03
3qOQLFJ1MBE,2.2553,174.33,199.19,46.17,3.0791,-0.8238,55.92
v-WEnPpmdUw,2.0067,194.14,197.28,36.94,1.9603,0.0465,60.01
li3sXz11nFk,3.0141,187.39,178.89,83.98,2.5494,0.4647,52.9
EHvkQqB5IyY,2.2848,184.29,199.65,48.33,2.6457,-0.3609,86.24
xIV8YoIlM8M,2.597,165.18,182.3,52.78,2.3586,0.2384,32.38
ntwxXEemwXs,2.2836,170.67,142.93,34.59,2.8601,-0.5766,104.85
hKnZwBEpY0w,2.3338,183.54,141.51,33.86,2.4744,-0.1406,101.64
3iCXLO905mk,2.2684,184.63,139.93,46.43,3.0781,-0.8097,120.33
q0dXQp1LoPM,2.2794,183.75,135.09,47.11,2.9367,-0.6573,92.5
HLi0XwMAMgo,2.3296,184.18,137.93,34.05,2.261,0.0687,82.42
6SA9y3BO-TU,2.2662,181.66,136.46,33.44,2.7728,-0.5066,118.33
RqUrYBa-bP0,2.4773,178.8,133.39,47.77,3.2657,-0.7883,85.55
Sa8yjeCphLM,2.3134,178.27,138.37,46.43,2.4611,-0.1478,72.21
GAPcTlvh5RE,2.3224,188.48,134.14,46.44,3.2286,-0.9062,75.2
oXnWqj4GKJY,2.3531,180.67,137.72,35.33,2.6924,-0.3392,85.29
L5YKi9gJTE0,3.6798,135.95,110.62,49.5,2.9701,0.7098,-11.97
v-fBRnOvz6s,3.3931,156.47,131.91,40.29,2.5256,0.8675,-2.02
D-4XF3sbj4E,3.4889,167.73,144.66,35.07,1.8923,1.5966,-12.81
IN4AcqsJHs8,4.0239,131.4,114.93,53.07,2.9906,1.0332,-34.46
LPKIbMtEGSw,2.9551,155.68,101.32,47.23,1.5513,1.4037,7.79
7NNcchQ1CNY,2.973,147.45,102.37,32.58,2.451,0.5221,42.05
5YEUR9dR66Y,3.7581,143.59,111.95,61.08,2.4537,1.3044,-16.08
Knhuh79oIis,3.2356,163.78,85.04,29.49,2.0965,1.1391,11.51
H3mPAlecd4E,3.6867,121.46,103.0,49.56,2.6846,1.0022,46.61
r5MGl2HrFSc,3.4488,90.35,127.52,40.08,1.8607,1.5881,60.85
MS7nrpoJVD4,2.1725,140.7,159.0,22.5,1.1624,1.0101,-48.45
rBD1s-mpi78,2.5991,91.65,103.66,47.7,2.189,0.4102,17.47
2exwRzdPLtw,2.9702,225.28,139.88,36.6,3.3535,-0.3833,66.49
6LqPxLKRFPM,2.7768,219.96,139.05,30.1,2.7899,-0.0131,151.79
HKqzFTU7xwE,2.8327,144.92,138.76,47.52,2.7079,0.1248,89.35
IBSv4xvuimI,2.2223,212.75,197.31,37.02,2.3445,-0.1222,155.62
Tw7bgJtNL54,2.9466,82.84,156.84,44.34,1.6324,1.3142,38.52
aeNShzP-SCg,2.969,80.46,160.26,44.21,1.2008,1.7682,38.71
otiZRzk6Gdc,1.9082,65.03,176.74,11.71,2.7867,-0.8784,15.04
R0UD6UcCEs4,2.1232,136.79,125.42,63.73,1.6133,0.5099,-13.88
BVUdwa-BtP0,1.8764,135.89,109.75,50.91,1.4203,0.456,-12.53
5OUJmqloQm4,1.5068,128.83,160.57,29.5,2.2548,-0.748,25.14
9ZQNPiS-1qY,2.1516,143.71,87.09,24.71,3.521,-1.3694,41.71
oiG9a7-I-Ps,2.671,73.88,177.69,29.87,3.5833,-0.9122,6.79
86biTJbxKmw,1.4565,36.18,106.68,33.9,3.0753,-1.6188,-54.16
DJ6OiVsr6TA,2.5472,26.41,174.18,42.22,2.8003,-0.253,-50.74
ealmm6NklIs,,,,,2.9821,,
e9OmJKLXW3Y,3.2379,56.86,140.81,42.16,3.1896,0.0483,7.92
59J0wfXEC2U,,,,,3.5358,,
ylrXryBVAUk,3.1484,48.56,114.1,59.41,3.6368,-0.4884,-51.58
UYSZD_mfm7A,,,,,2.6267,,
1x8cOvGJhlU,1.258,54.77,163.43,9.58,2.6025,-1.3445,0.14
AmkhpDXjqNk,2.1954,78.42,193.11,22.77,2.8669,-0.6715,22.61
bauDMiFTirs,0.0,0.0,203.19,-0.0,1.6359,-1.6359,-30.63
WAwRjcDQ45s,1.5281,23.69,157.38,18.36,2.8025,-1.2745,-27.43
sCG4Zhi8PAc,1.2355,36.67,103.09,20.2,1.2723,-0.0368,8.09
ksGVfMkGg4A,1.4172,98.28,101.36,35.73,1.2723,0.1449,73.07
dfINeS3wrrk,3.1839,76.12,115.97,66.47,2.0246,1.1593,-38.71
BTSvWP2Rjy4,3.6226,111.88,91.52,43.48,2.8889,0.7337,71.04
GsKAq333rcQ,2.8961,88.8,210.03,36.42,2.1783,0.7179,63.67
9ehWjRSCBz8,2.9483,99.05,203.95,49.73,2.4575,0.4908,42.83
IGUZEzsd0qc,2.598,90.74,222.09,32.78,2.2189,0.379,40.19
t-lkhqiFcj0,3.0658,100.24,115.75,55.38,2.5494,0.5164,47.32
U5IapAugDIo,2.4973,73.07,154.06,53.79,2.2954,0.2019,56.35
zNOeex4D-Zc,2.6804,100.12,129.51,20.15,2.5715,0.1089,37.29
LMrEgEu6MCw,2.7651,94.25,143.08,30.98,2.7243,0.0408,64.63
yr9VfJNBpBA,3.0405,104.13,123.79,29.65,2.2439,0.7966,52.66
PA-1u3fhu8k,3.226,93.39,127.39,45.73,2.4983,0.7277,68.68
7jQvy2UdvRg,2.5754,115.74,132.94,25.98,2.5762,-0.0008,73.93
6qBpKxmiaaI,2.9902,119.77,134.9,37.36,2.1976,0.7926,55.57
tdmByuA_7zg,2.5352,86.16,146.78,40.55,3.2143,-0.6791,45.48
gfDR0V-pvKM,3.047,120.5,121.33,27.8,2.8041,0.2428,46.37
HssVM_6vg9c,2.5648,84.82,113.41,18.0,1.8501,0.7147,42.02
gNDsEgIXlGU,2.1984,74.66,108.79,40.94,0.6555,1.5429,-82.2
l2qAZXr9erA,3.2481,62.71,117.62,34.85,0.6694,2.5787,-12.01
qWIk_NW49ms,2.6494,57.72,87.0,13.11,1.6748,0.9746,-51.37
xa6m5wDuuHU,2.6232,27.15,85.13,10.64,1.9559,0.6673,-9.5
uDLY7121et0,1.9882,102.17,121.57,14.16,1.027,0.9612,31.11
UC9NDO65Hlc,1.8774,73.69,110.71,12.44,1.0191,0.8584,-56.71
U1IsH1925WI,2.0355,156.31,100.9,16.16,1.0222,1.0133,-52.96
qzTEXmyLlOk,1.8595,123.76,129.48,26.77,3.2057,-1.3462,28.6
EveOvGmvVtc,1.9992,193.3,48.9,17.26,0.9575,1.0417,-41.54
tU18GOpJkCk,2.702,135.71,179.23,26.07,2.6274,0.0745,44.7
YDQCWjaPWcM,,,,,1.466,,
n-5IzSZnTxI,,,,,1.466,,
I2vlJZkEY4E,,,,,1.466,,
9b9y67O1P6Q,,,,,1.466,,
TTCQnZyX9h8,,,,,1.466,,
rO2aA4enWd8,,,,,1.466,,
3c016plJ8CU,3.3385,74.38,97.43,42.4,2.8644,0.4742,61.81
95HnwnvleGE,,,,,1.4263,,
Lz6dnG7NC6E,,,,,1.4263,,
1H_QqumpiYc,1.0326,192.05,158.69,15.12,1.4209,-0.3884,104.62
XCSQoW03fCY,2.9683,175.62,148.12,53.72,2.5328,0.4355,147.21
SXoreBhH3ig,3.089,192.42,149.7,52.22,2.5218,0.5672,130.62
Ad3h0cC3JAg,2.6412,164.82,132.25,55.85,2.5021,0.1391,59.52
0W7ozeL8sKE,2.6847,109.28,163.32,58.34,2.655,0.0296,32.96
N9b4SQ21i14,2.6392,111.73,165.05,58.97,2.7004,-0.0612,28.83
0blHWQ0qZR4,3.2833,121.78,89.39,37.33,2.5497,0.7336,96.59
1pMjKSZckgs,3.705,114.58,106.49,60.79,2.2205,1.4844,46.37
sNvBSh3PhDQ,3.5382,129.54,112.34,59.18,2.2849,1.2533,77.14
OIRbK0fW4gs,3.2362,62.37,89.29,28.96,2.3539,0.8823,-6.9
B26ib1wl46o,3.7846,88.38,74.44,47.93,1.5498,2.2348,-17.78
oF6RQFaCv4U,3.739,87.12,79.32,46.4,1.0311,2.7079,-9.34
LIVZAqdLnrs,3.7496,81.84,78.13,46.98,1.904,1.8456,-20.95
GpIqo33L--Y,3.6352,102.85,71.59,40.63,2.4556,1.1796,56.69
CA12fTuuGn8,3.1525,168.31,116.72,43.41,2.3952,0.7574,109.11
z1M8AQz8IOM,3.297,145.56,103.13,42.64,3.012,0.285,87.0
KfN7fiQ40BI,3.0807,178.67,128.28,29.59,1.8846,1.1961,125.61
vcIuYx2h-AY,3.2836,160.2,112.09,36.13,0.9801,2.3034,52.19
TlgmQwFriQM,3.331,155.01,107.8,40.4,1.7973,1.5338,75.28
m_pXKoONwls,3.4134,142.84,126.57,45.76,1.9711,1.4422,95.68
-9qmPGdSIRY,3.223,174.27,124.67,32.31,1.7668,1.4562,93.95
ozKdB_57SkY,3.113,188.08,124.12,29.41,2.1103,1.0026,75.96
BnBPCJgs17c,3.2152,165.68,115.24,40.31,1.6102,1.6051,51.62
kOB_bmhGBzI,3.4702,157.51,113.94,38.86,2.3869,1.0833,104.9
wzbFTZ3iV_M,0.0,0.0,213.86,-0.0,3.1017,-3.1017,-106.62
DVUhrKMqLq0,2.2394,9.32,161.97,20.15,1.9486,0.2907,-47.82
y8wyOBcFbdI,1.2636,4.23,211.75,14.98,3.2306,-1.967,-60.17
gyVasjLE-DY,0.9452,14.49,180.34,26.27,2.8344,-1.8892,-45.01
FpsRiYzT2ME,2.0172,30.05,214.1,18.57,2.2997,-0.2825,-54.47
uzRZcKMpOvM,0.0,0.0,217.71,-0.0,2.25,-2.25,-105.25
bqlPFHQJKGI,1.5194,7.74,199.78,8.41,2.356,-0.8366,-67.21
5BXeNWrn54Y,2.9136,159.26,121.26,33.97,1.847,1.0666,125.99
8fTvKaXXQP8,3.1781,136.76,132.25,42.52,3.2965,-0.1184,52.84
-QOv_4GrDgc,3.0535,138.55,130.16,34.94,2.0604,0.9931,68.08
lvz4CrE4Jv0,3.0956,135.57,133.14,34.85,3.3336,-0.238,67.26
VVLHIyzsSyY,2.7726,156.19,153.31,37.32,3.3122,-0.5397,81.52
hLCbymqaMcQ,2.8368,143.82,151.81,29.89,1.8005,1.0364,55.33
bylehQ2VWC4,3.4151,116.39,138.03,48.14,2.982,0.4331,42.33
6Y63sSR8qbo,3.2328,121.73,128.62,53.62,2.6536,0.5792,68.89
I7HyoZrkYZI,2.8845,142.56,124.96,25.57,1.5377,1.3468,76.3
eXKfjmTW3Tg,3.3562,165.36,133.58,45.81,3.371,-0.0148,83.88
uHeWvHyh7G8,2.1955,99.72,194.08,35.27,2.4348,-0.2393,61.47
Z5xKtZE7ZDM,2.3265,33.64,194.96,16.39,3.4968,-1.1703,-9.82
jYmWO_o4npo,1.1471,115.46,221.76,4.85,0.9139,0.2332,-2.2
sSRs07BKZCY,1.0107,95.16,194.84,13.46,2.4565,-1.4457,5.06
rr_OeErzwOw,1.6207,84.03,236.17,17.11,1.4442,0.1765,7.07
oEHrTN6tuZo,2.4712,78.1,208.41,31.5,2.3943,0.0769,23.01
xxb_RGEopxo,1.3977,52.45,221.2,33.66,2.0141,-0.6163,3.59
vmEt_k08LUk,1.7834,105.07,233.71,14.15,1.382,0.4014,-5.12
TKpRDVOOtnM,2.002,85.2,228.7,22.06,2.0484,-0.0464,21.04
d1vJ4Ajzykg,1.1436,76.8,214.95,36.32,1.3412,-0.1976,1.54
hQ01_CYCiIM,0.9114,88.21,178.43,22.31,1.8348,-0.9234,4.78
qnD_31pehmA,1.2493,83.04,195.16,25.28,1.4826,-0.2333,-7.05
904tw4XwHNk,1.8501,86.61,186.97,37.08,2.3374,-0.4873,15.73
bbW3EJOds9I,1.7594,94.5,184.95,39.7,2.2906,-0.5312,33.37
FaJ89OojzTo,2.28,13.93,173.74,13.89,2.9866,-0.7067,-27.75
tiWYyY_AD9A,2.998,54.06,157.14,18.69,1.8459,1.1522,0.98
cyRY8XChqdA,3.0057,70.06,128.11,24.75,2.0449,0.9608,21.74
3d2Oqom4cDc,3.1156,111.67,179.71,48.79,1.7583,1.3573,26.8
fegdSIs3uXU,2.7265,76.94,159.85,25.48,2.9738,-0.2473,13.73
DxHmjyfnvVE,0.7459,30.42,163.02,13.3,1.2372,-0.4913,-45.77
TKxDTtoc7WQ,2.0651,107.48,160.71,20.38,1.7413,0.3239,-0.49
tVR_CFoAOm8,2.3709,167.36,166.57,66.02,1.7375,0.6334,94.28
v1ms-rhVPlA,1.6351,26.9,173.4,54.69,2.6575,-1.0224,-61.05
k0yaUi4YLDc,2.3315,78.18,162.55,13.3,1.8476,0.484,10.38
YQfThPBfBO4,2.6712,180.75,107.63,44.09,1.9456,0.7257,180.54
B_TNBMnd25U,2.6846,176.19,106.49,43.89,1.7023,0.9823,176.13
VgTL67BOLkY,2.6298,182.7,112.02,42.59,1.6255,1.0042,182.53
axCAzi8ZGtk,3.5817,140.76,83.3,37.22,2.4177,1.1639,116.83
HXaPMkAPOGU,3.0588,172.49,79.76,34.65,1.8825,1.1763,78.67
IJoMrFDxY-s,3.1972,140.11,70.81,33.84,3.0727,0.1245,90.69
iOSDR930NIQ,3.2253,139.23,73.1,35.81,2.3617,0.8636,112.27
0rXchOGfPb8,3.2083,153.14,71.21,34.87,1.9164,1.2918,131.85
OLOdXHxXN3c,3.1245,157.85,71.03,31.18,2.0906,1.034,132.1
4ZoM9fftbYk,3.1332,129.02,157.15,64.79,3.1777,-0.0445,81.52
m-Y7LLCrK44,3.2978,147.21,91.84,61.18,1.938,1.3598,108.89
TXFlF9HU3qY,3.3127,149.46,95.65,57.93,2.6929,0.6199,42.69
QHVC9srZ100,2.9815,104.81,65.26,24.89,2.2229,0.7586,88.24
LiTNZX9Pook,3.1186,124.92,96.3,45.22,2.2455,0.8731,24.75
IjENscPSV90,2.6253,70.31,100.44,57.55,1.7565,0.8688,37.72
1X-7W_jljSc,1.9472,78.05,129.03,17.36,2.1601,-0.213,-35.39
f-s67-pqsyw,2.3682,74.45,116.21,23.57,1.7666,0.6016,-0.29
do_EPsV6eNY,2.1495,83.45,102.42,20.91,1.9725,0.177,-56.57
ZyYyrrXDwKY,3.082,80.96,127.12,33.24,3.1136,-0.0316,-7.76
Xqh398R5YlM,2.9582,33.71,160.21,32.09,3.0063,-0.0481,-35.66
HrQyO_Hl2Vs,3.1558,18.6,108.54,28.62,3.1472,0.0086,-49.85
VLh99G0uyDk,3.2219,101.77,110.57,24.7,2.8168,0.405,-28.66
ef9617oCZww,3.3619,89.57,103.91,26.41,2.9203,0.4416,-44.2
DOjLh3Dzygk,3.2344,84.32,114.39,23.38,2.952,0.2823,-48.46
pNW4-KTivQc,3.2173,125.89,114.39,32.28,2.2794,0.9379,69.77
5GROkoYD5ho,3.328,89.64,92.54,26.28,2.8147,0.5133,15.75
8IftUkF9Dx4,2.8072,100.23,116.87,20.19,2.0454,0.7618,24.93
fJScZ9Hhf9Q,2.931,72.74,140.53,21.75,1.1201,1.8109,-25.82
S6hvKpSXBBo,2.9968,102.0,110.54,25.22,1.9135,1.0832,48.67
pEv5wq27CsA,3.1705,39.17,112.07,40.93,1.6372,1.5334,5.68
uxWkpWHqUpI,3.4527,64.24,105.65,34.61,2.278,1.1747,23.04
3FfeGpB8vu0,3.1187,54.54,116.34,27.78,2.2638,0.8549,25.31
qRS_OsRzmng,3.4131,58.66,117.74,49.09,3.4808,-0.0677,16.22
l6u2Vj8QP6Q,3.5845,57.16,118.86,48.22,3.3568,0.2277,22.34
nvg_OV-VSh0,2.9291,70.02,141.09,33.06,2.1395,0.7896,24.3
_Pa0Y-2eNNY,3.0129,30.14,133.85,46.92,2.8817,0.1311,-18.36
k9g9-5klD1M,3.6992,128.45,97.66,43.03,3.6005,0.0987,68.69
TErClBx0EhU,2.497,33.16,159.72,18.72,2.0025,0.4945,2.04
ivQOIWi6X5Q,3.5911,51.72,143.87,50.7,2.3244,1.2667,17.36
aDtB48O0CJQ,2.3695,199.77,102.96,18.71,0.9357,1.4338,9.91
9axnhnBFQbQ,3.3302,153.55,160.45,42.62,3.0269,0.3033,65.39
47he6UHqtQc,2.4371,155.61,150.73,17.54,1.2136,1.2236,56.88
hD93pSMB3g8,3.2018,201.35,81.23,34.97,1.7894,1.4124,123.11
S9Eh1-t5_Uk,2.0528,139.3,148.93,25.11,2.3727,-0.3199,109.84
APyuvMa1QsM,2.0602,125.56,177.66,40.62,0.7564,1.3038,68.02
JyfQvNdERy4,1.5288,116.76,136.45,20.21,0.1127,1.4162,114.4
FfHmc1yfegY,2.2885,194.66,147.41,30.28,3.0969,-0.8084,102.83
osSt4MECANI,2.6204,183.93,126.81,39.61,2.3444,0.276,42.9
lHuFxQafZZQ,3.1033,122.65,147.96,26.58,3.0334,0.0699,59.02
KDmM8TSKAGg,2.7706,132.52,157.73,29.34,1.1921,1.5785,28.67
o3coM7IvWVE,2.7209,118.98,135.33,27.27,0.6548,2.0662,56.33
11GgLsVVADE,3.2384,131.53,153.32,41.41,2.794,0.4443,56.65
7g_EW7RKI8o,2.0104,181.33,165.41,11.73,2.7569,-0.7465,96.88
dhnF7vUZnE0,3.2766,159.33,116.91,47.48,2.9472,0.3295,87.56
3blqvoF1zr8,1.945,135.89,145.04,14.7,2.8445,-0.8996,77.53
GWYrD75I_Zs,3.544,126.89,141.33,44.44,3.0584,0.4856,78.95
dUIEJ72A1f4,2.7614,179.83,95.62,28.46,2.1868,0.5746,18.78
k1PBkLq1v60,2.4252,186.41,96.84,22.95,1.5946,0.8306,86.7
toYeKoTvzVI,2.5643,165.25,105.98,26.3,2.1916,0.3727,44.25
4X9UDL4LLHU,2.4426,176.02,103.53,24.25,2.3577,0.0848,62.55
A0FqO5jigxM,2.5731,182.15,91.21,26.17,1.9272,0.6458,73.96
cXfZ4tGb9cg,2.508,184.34,94.35,27.37,2.1958,0.3122,49.58
k3MNtbvbsMI,2.7311,192.25,92.46,30.33,2.5895,0.1416,53.26
FIV4aFrGsyc,2.4466,180.23,98.22,26.28,2.2459,0.2006,55.95
WMFi4wk_sOs,2.7629,187.87,100.64,32.34,2.1721,0.5908,55.5
Dlb_zqNOVqE,2.6045,175.33,102.81,29.47,2.0015,0.6029,70.63
e_bsmUK9JM0,2.2244,116.77,167.57,40.08,2.9989,-0.7745,78.0
PTaDH0owEnA,2.0614,109.44,154.72,41.06,3.458,-1.3966,35.7
WMME6xJlsGA,2.5708,148.84,127.53,36.03,2.6505,-0.0796,0.76
SSytUqzzb-I,1.9828,105.27,155.64,22.89,3.3878,-1.405,4.72
D9h2NDISGy0,2.5382,143.14,134.13,20.89,2.3642,0.1739,57.19
mSqyF6mgaqw,2.6422,135.61,127.12,47.18,2.6314,0.0107,47.26
TRkQ1os1R14,2.2693,152.87,156.51,28.25,2.8415,-0.5722,80.36
WuDFIaBhaxg,1.8931,132.82,140.02,25.53,2.689,-0.796,32.28
9b4ZLnYacok,2.7705,172.5,164.14,44.21,3.0078,-0.2373,-12.92
7nbnpCIE9VU,2.5154,113.86,142.21,26.27,2.2903,0.2251,50.19
oFzQ5QBClKo,3.1051,167.06,108.45,54.05,2.4357,0.6695,65.45
m7yahHPedxM,3.2113,141.44,119.39,38.65,2.9341,0.2771,85.52
17O9UvGNXgg,3.546,124.08,114.53,37.15,3.3969,0.1491,61.31
vX5RKwJbuX4,3.198,138.26,124.2,37.3,2.8653,0.3327,69.12
WDWQDAuGiV8,3.215,137.66,125.76,32.98,3.0748,0.1402,90.46
I6RJLnEO13M,3.4358,132.84,123.53,46.64,2.9363,0.4995,70.29
cK7WB6TTREo,3.1882,133.87,110.68,29.83,2.9984,0.1897,93.1
814doqnSty4,3.2856,152.09,107.07,46.32,2.2637,1.0219,23.67
vKVcPiQbWBA,3.0029,135.52,133.47,31.74,3.0153,-0.0124,81.72
bA0RtRYZBlc,3.1849,149.46,103.84,49.65,2.6765,0.5084,71.59
5-CheApCNSk,2.5277,162.21,115.03,21.93,3.0675,-0.5398,38.15
mwFH_67RC4Q,2.6566,155.68,132.08,22.21,1.9628,0.6937,82.54
CwCvyyM3klU,2.596,175.26,122.14,25.32,2.3557,0.2403,118.43
iNjpotJ6Mew,2.7046,152.27,112.38,24.39,2.0391,0.6655,77.85
FkC1pvdIP9A,3.4852,67.89,125.1,47.39,2.5355,0.9497,-47.87
7-jQVZco418,3.1433,70.25,69.75,42.08,3.1074,0.0359,20.44
Vi7ZhO-YSsM,3.0266,55.33,108.59,37.32,2.7401,0.2865,-30.77
uEYFtyHoDXA,2.363,86.57,147.19,52.5,2.9125,-0.5495,-18.51
1PZim0oS9J8,1.2856,83.54,116.37,12.7,2.8783,-1.5928,19.0
9l93cFXii3w,1.8494,115.17,112.55,23.47,2.2432,-0.3938,3.36
16Ye8axXT1s,2.8852,163.73,105.47,57.86,2.5097,0.3755,48.19
qJj5dEuAn4E,2.8364,123.71,134.24,23.6,1.9157,0.9207,39.88
sbhy8lO6Rzg,3.2158,117.02,104.61,30.7,3.2024,0.0134,8.54
BAN2fufqCRY,2.8447,128.27,160.55,28.12,2.4483,0.3964,48.03
qo35BiD0vSQ,1.7764,81.85,122.54,14.07,1.9521,-0.1757,-0.64
HNKeLacS2FQ,2.4626,77.69,152.96,43.17,2.0156,0.447,16.98
bNhE03vgvm8,2.254,89.45,119.34,48.21,2.1902,0.0638,-46.09
vJdgUoQuaZw,2.8673,15.14,156.77,28.36,2.0208,0.8466,-39.89
xNoYvoEqwCQ,2.0734,64.74,163.19,22.36,1.9388,0.1347,2.05
70AIqJi6kVs,3.0248,70.58,110.64,35.57,2.798,0.2268,-21.66
si4WjhjykYM,1.824,17.75,140.75,54.09,1.9112,-0.0872,1.76
tDDEEtROYio,1.3136,9.44,135.14,39.04,1.6951,-0.3815,-4.6
FoUImdos5ag,2.0968,91.78,223.12,25.16,2.8002,-0.7034,39.37
4PGwNlf7_1U,2.9686,103.8,128.75,30.34,2.7051,0.2635,37.77
hm3ST_Q9dyM,2.6625,122.38,136.93,24.99,2.2383,0.4243,25.88
vDmXB6glyaE,3.2663,155.11,100.59,49.09,1.5347,1.7317,81.46
0idMR4HFdvA,3.1912,136.32,106.16,36.88,2.2887,0.9025,34.01
PikBen30ang,3.4828,164.54,113.02,49.24,2.5376,0.9452,54.02
sbUWUuPSu-o,3.4599,157.96,108.54,55.45,2.2103,1.2496,39.93
e1h9dIHsqhc,3.1007,120.44,95.58,21.79,0.0,3.1007,120.44
gfmWwYOxO2s,1.2347,112.45,177.05,10.66,1.6448,-0.4102,-4.4
ub87dh3mz_M,2.879,109.99,136.92,42.46,2.5489,0.3302,13.96
OoLmx24pXh4,2.4409,153.73,139.01,19.0,1.3861,1.0547,-3.71
-OcohY6C-Ic,2.68,69.81,116.93,15.33,1.8501,0.8299,37.4
WYaQgLwXp6I,2.7088,115.46,132.55,42.17,2.2939,0.4149,45.33
i72YFYEM55E,2.6888,93.86,151.03,27.1,3.2712,-0.5824,42.14
3xMWhVR66iA,3.419,124.33,109.39,43.6,2.1115,1.3075,31.5
OeWOodzNEXs,2.98,81.95,93.46,20.12,1.9377,1.0423,57.93
6gTbfBKb4x0,0.9989,113.42,244.61,13.28,1.375,-0.3762,60.6
3-a_T37ISjM,2.2988,112.3,187.97,22.29,2.3842,-0.0853,24.99
VDRtH__P2Dg,0.7602,215.58,202.0,4.84,2.3603,-1.6001,160.34
lmHZhUPkr2w,2.0778,75.53,156.0,20.9,1.6038,0.474,12.26
RxHuq1qAiBQ,1.9391,119.42,193.34,20.87,1.8936,0.0455,74.43
FaZ__cdIJks,2.1614,111.26,192.12,19.77,2.1122,0.0492,3.25
OHDlctiHSQg,2.2361,120.37,192.37,20.28,2.7649,-0.5288,49.58
CQ0qUrQA8Wk,1.8082,112.68,192.87,18.33,2.3324,-0.5242,49.69
wzjlEOUud4E,1.8335,110.87,199.05,17.76,2.0719,-0.2384,75.8
7G8GI_eIbx4,2.4176,130.08,166.63,47.69,2.8589,-0.4412,80.31
vM1t8bCaufo,2.5799,103.92,122.5,19.76,2.6104,-0.0306,19.78
PE6jBlLo_hk,2.4213,120.91,114.33,15.6,1.7354,0.6859,90.97
Neq0k_jyJlw,3.2592,88.62,94.53,31.73,2.9694,0.2898,22.6
7YkEYA6fzWI,1.5353,59.06,138.13,17.34,2.2297,-0.6944,-10.48
fKkqGrKSSQA,1.6526,58.83,136.43,17.12,2.1881,-0.5356,-9.93
yy-sqy9k9pQ,2.1072,58.08,134.9,22.66,2.1575,-0.0503,-11.98
4U-BwJ7Lim4,1.9221,63.51,141.65,20.9,2.2907,-0.3686,-6.1
zaGIUdwR3Ys,2.1995,64.85,135.14,22.95,2.0714,0.1282,-2.73
mg_zMplBzLI,1.8735,61.16,140.02,14.98,2.2391,-0.3657,-9.56
woq5T3imjOI,1.9524,57.28,137.42,16.18,2.1833,-0.231,-14.11
GSSjsRgyhBQ,1.9375,55.85,137.26,15.72,2.126,-0.1885,-13.81
2D1d5YtCRV4,1.828,66.61,143.95,10.61,2.0082,-0.1802,-9.12
qesnSAaPR_0,1.6326,64.5,151.38,9.23,2.0471,-0.4144,-8.8
xx2GTUVdwbE,2.7402,101.68,95.79,27.47,2.0446,0.6956,-53.19
yLyDYjdNtKA,2.6438,128.98,103.44,17.66,1.6975,0.9464,9.32
C6vE2NCCis0,3.1812,110.16,96.35,24.8,1.9362,1.245,27.87
_zGZCjYev7Y,2.8718,122.04,97.03,28.87,2.1095,0.7623,42.69
Ng1Gl9aZSQ0,2.9024,109.07,96.38,22.01,2.2953,0.6071,62.93
WfucOM_Wp8Y,3.3032,105.38,84.61,25.05,2.9748,0.3284,26.75
4HEctjb_8c8,3.0524,112.3,91.72,23.36,2.9257,0.1268,32.78
9EjjTn8x--g,3.0308,121.6,97.36,20.49,1.5368,1.494,2.23
rvopWZ6pJis,3.1071,117.25,93.18,21.56,1.9267,1.1803,71.57
i_V7feZwHJg,3.3085,133.21,102.62,26.64,2.657,0.6515,35.64
PcSAtg8zPXM,3.3802,109.48,93.31,30.47,1.0971,2.2831,40.11
pfC_AUWQBN0,2.4494,102.88,122.8,22.15,2.9665,-0.5171,56.02
a2z3LApGQZU,3.2389,179.03,125.4,43.9,2.7778,0.461,98.72
b0ixAI1eTIk,2.1738,64.1,149.34,24.56,2.259,-0.0852,37.34
vY8MA3XomYU,3.092,106.84,128.58,28.48,2.3774,0.7146,51.33
-ScJ62vVrqU,2.8078,33.44,151.8,47.73,3.479,-0.6712,2.95
lzBi5h4F69w,2.2458,116.5,142.32,27.54,1.3782,0.8676,-1.42
C0tZm3txRLE,2.2818,64.33,153.29,37.95,2.584,-0.3022,10.2
7Jfwk_vam6s,3.1878,90.42,205.39,49.76,3.2146,-0.0268,-29.48
bt5vdmwl3aY,3.1894,90.46,205.3,49.67,3.2141,-0.0247,-29.45
Yu--ekd14Qs,2.7347,178.74,126.57,23.19,2.4616,0.273,109.2
lgvnQ-z3PzE,2.7735,94.5,142.53,51.36,2.8018,-0.0283,24.15
PG756fV5t3M,1.8769,179.57,158.19,9.38,2.7213,-0.8444,58.46
216gHnHfB3k,3.1704,100.04,103.66,29.97,2.463,0.7074,-21.85
2Nsq0qu8-wQ,3.2407,141.96,124.36,34.97,2.2372,1.0035,54.48
976Ks9WKfzQ,2.9578,141.75,70.17,25.34,2.4402,0.5177,89.42
Q-buomvh9tw,3.501,158.02,90.69,52.04,3.491,0.01,87.89
TqcI_P_xP0U,2.7696,140.77,117.29,23.2,2.3513,0.4182,74.74
LXxgU1QdOfo,3.24,120.7,78.87,26.72,2.2299,1.0101,72.34
sJnsHfbZFCE,3.0008,110.73,99.46,22.18,2.9806,0.0203,43.94
9xuL9NdPQaw,2.6648,142.98,120.9,21.08,1.5773,1.0874,68.05
KcCapPoe4us,3.6307,169.69,93.58,50.7,2.3728,1.2578,108.3
Sqzm1Soa0Hc,2.445,205.95,93.57,22.23,2.8021,-0.357,154.97
roz94lZyfOA,3.4353,135.32,91.1,39.02,2.9633,0.472,58.63
0pt3gGCnVeo,0.6998,142.58,191.48,21.47,1.4875,-0.7877,-49.67
-p8zwmieHE4,2.3268,117.66,143.84,39.81,1.3975,0.9293,-27.3
yEHQb-V7i6U,0.6927,143.15,191.28,21.44,2.084,-1.3913,-48.55
lOA4tHX34MQ,2.754,168.95,120.85,25.48,2.9199,-0.1659,87.29
8_polqOKop8,2.754,168.95,120.85,25.48,2.9199,-0.1659,87.29
-wESlICYikE,2.6514,192.33,131.53,24.92,2.9881,-0.3367,104.94
jRL4kzupRgY,2.884,190.75,127.48,29.15,2.71,0.174,118.29
3hwgmA_9G-s,3.2033,168.98,138.69,50.7,2.6925,0.5108,58.56
misq-vsH6Oo,1.4779,159.53,120.56,15.61,1.946,-0.4681,46.19
JJAJAWJMegQ,3.02,185.33,127.69,27.25,2.7085,0.3115,54.14
tfmsaBpNzcU,2.2439,155.68,134.48,22.8,2.4713,-0.2274,56.84
kyfLyq6Xq04,3.2367,147.16,130.34,60.32,2.1176,1.119,43.28
4AmKgqydA4w,3.191,176.94,127.97,30.51,2.567,0.624,68.23
toC3VSjkPPA,2.2357,187.46,132.39,23.62,2.6914,-0.4557,66.09
4clTtdDFuZ4,1.7211,106.07,158.69,24.99,2.082,-0.3609,20.72
Swbd5v4SENY,3.0306,127.52,83.45,60.86,1.8648,1.1657,-30.19
paewFZufaG4,3.082,97.65,109.95,26.41,1.5972,1.4847,-38.9
xCIZJaSPSWw,1.1032,81.01,209.24,50.34,1.2802,-0.177,37.86
Wt3TUusap_E,0.9376,93.83,191.43,13.02,1.585,-0.6474,-93.79
2P-Evk9znl8,0.9376,93.83,191.43,13.02,1.585,-0.6474,-93.79
f22yNOgVliw,0.0449,27.22,241.77,16.03,2.046,-2.0011,-15.19
vSGqjXvL7BY,2.5175,45.49,143.41,35.66,1.6231,0.8944,-21.64
yJC6fcmNo4g,2.6769,118.72,169.87,39.51,2.3094,0.3676,-7.91
yjjIYcP0m60,1.3575,112.1,185.64,20.27,2.5756,-1.2181,10.73
tUD1mcgBDHs,1.0348,106.1,190.52,16.42,2.1259,-1.0912,-8.3
gP53-dmtY1U,0.8429,91.78,196.95,21.1,1.9255,-1.0826,14.32
uZeszIUPstk,2.8559,72.26,126.02,35.94,3.1224,-0.2665,-14.55
MnLsDRQoLno,2.8954,106.66,111.27,27.26,2.6288,0.2666,39.19
KpGaHtpgpTA,2.5315,115.86,111.62,17.74,1.7904,0.7411,-3.28
T1ncONyCf-Y,2.5544,94.42,109.14,18.25,3.0168,-0.4624,49.0
MVN5T8d_G5E,2.836,79.93,97.24,17.03,1.5853,1.2507,-25.95
pGbM8pWiABU,2.6501,77.53,140.46,35.74,3.1823,-0.5323,-42.37
CwblesTqWUU,1.9036,92.17,148.23,21.46,2.388,-0.4845,48.62
c-gS7y85ghs,1.9465,92.87,149.36,16.45,2.3474,-0.401,31.16
OXOj0i2DiwA,2.2617,89.88,146.6,22.88,2.9327,-0.671,34.32
VFSHeIF0Y4M,2.0028,94.72,167.43,19.04,2.5785,-0.5756,20.26
i9R0XoofDLs,1.9346,83.21,145.76,19.61,1.3417,0.5928,19.63
ee34jFqWqx4,2.9188,132.18,186.91,44.93,3.781,-0.8622,97.14
XxJsCNkJExw,2.5698,99.19,161.93,57.72,2.7607,-0.1909,38.48
SQ6MMtMGsYg,1.9911,60.03,222.17,25.08,2.0206,-0.0295,31.89
G2DGfo9czGY,2.4419,111.67,127.29,34.91,3.3602,-0.9182,-4.01
CqqqAzDcDKs,1.6462,106.14,190.36,13.9,1.922,-0.2758,5.28
_3p4sfM9UJA,2.0541,99.41,187.65,16.23,1.7861,0.268,-6.25
ld2m4icJTx0,2.5133,74.78,227.39,31.41,1.9521,0.5612,-29.49
BHBbkcH-ku0,1.6643,92.25,207.68,14.46,1.9017,-0.2375,-7.35
lPF0LQHrp8E,3.2255,136.96,151.78,48.07,3.2041,0.0214,56.12
HxiACEnCsTA,2.3066,78.1,188.39,17.29,2.4042,-0.0976,-16.73
4rV_4zbLCmk,3.4906,136.16,97.34,49.39,2.0905,1.4001,47.76
qpCj3A0BUQo,2.9914,181.88,101.55,23.41,3.1643,-0.1729,45.85
N_A5S1gkI70,3.3478,146.91,99.47,64.79,1.6496,1.6982,60.41
zzk9pGSH7VM,2.6622,116.51,99.09,19.67,3.3513,-0.689,39.5
_KhKR709c68,2.9032,139.25,121.48,34.4,2.2987,0.6045,67.95
1WLhf18bHEE,2.782,141.94,118.04,24.85,1.2243,1.5577,22.04
yoHCh15wH5Q,2.8874,133.71,116.94,31.86,2.2303,0.6571,57.09
O1OmByfqlDs,2.7928,148.77,130.8,26.93,1.763,1.0298,36.75
SrajIJ8v2hQ,2.6717,138.05,87.94,21.29,2.355,0.3166,36.31
L69sn_TBckc,2.5524,119.43,94.06,18.68,1.9685,0.5839,33.17
LysYLH9kIwE,2.655,120.67,93.51,21.1,1.2236,1.4314,30.43
u4tNJZ4OIBE,3.2612,121.28,116.44,52.08,2.6166,0.6447,51.29
WsHWfDzScEA,2.7266,100.85,87.01,16.85,1.9522,0.7744,30.0
9yS8FUJ098o,2.745,115.97,90.22,18.87,1.5286,1.2164,46.51
43HeOBf3CWY,2.5868,110.99,90.17,18.88,1.3959,1.1909,46.58
x06WJKnWD5o,2.9549,108.33,91.25,22.67,3.0373,-0.0824,59.05
3Rlh2r1GHvU,2.8551,107.97,86.96,20.84,2.0216,0.8335,23.18
SWgCZ1Kvu-k,2.596,116.41,107.65,25.31,1.0965,1.4996,67.95
MsIYUPXAz4o,2.6374,131.84,121.45,22.34,2.1336,0.5038,20.21
thVsLsAh88o,2.6351,124.25,116.2,22.49,2.2554,0.3797,13.35
RrrTQqTcF-4,2.9207,112.51,103.5,29.08,1.9786,0.9421,45.12
U61iNOqe18w,2.5206,117.19,105.11,24.2,2.1526,0.368,55.68
SWNG2H69qbU,2.8478,118.3,105.47,27.5,2.1702,0.6776,58.77
sJWDOstzJPw,2.6216,129.8,102.4,27.24,2.2275,0.3941,45.54
N-F-RXIkBMU,2.6776,119.79,100.23,22.5,2.0133,0.6643,65.63
4zu9LvVZPW4,2.8471,114.64,110.14,27.66,2.1504,0.6967,38.95
54S9IRtto_E,3.0055,126.8,102.44,30.76,1.5166,1.4889,34.52
y9B2BbKHpak,1.5569,193.2,196.43,14.08,1.791,-0.2341,34.86
uW6KUaWIvGc,,,,,0.7443,,
EKltAgJ3ojE,2.5326,175.13,144.3,42.22,2.3841,0.1485,28.89
UqhuJrUEs-c,2.1923,156.92,135.61,27.57,1.3107,0.8815,-9.81
3SzFUsSXfuM,3.0852,125.3,121.36,46.53,3.1535,-0.0683,34.53
sAmNm52cVVs,,,,,2.1788,,
GgckTgV4yeo,2.7888,132.19,203.44,41.6,1.9169,0.8719,62.82
0RPkD2qGR6E,2.7888,132.19,203.44,41.6,1.9169,0.8719,62.82
OvPIiKTZIc8,2.7888,132.19,203.44,41.6,1.9169,0.8719,62.82
RrlzQEkEBZU,2.6651,113.31,145.13,35.03,1.9998,0.6652,22.48
BhI50PDGZoQ,,,,,1.9018,,
bm9Kgx_kwhw,,,,,1.9018,,
oEzjY3eM12A,2.0918,96.9,212.16,29.6,1.3462,0.7456,-6.81
-704bwqTFDU,3.3971,62.19,151.81,32.55,2.6461,0.751,9.83
JX2oVWDLn9c,3.3198,50.95,165.13,27.68,2.6606,0.6592,3.04
hwda-mrtU_Y,1.5283,62.7,158.48,37.91,2.4022,-0.8739,1.69
pCHA89igLV8,1.9613,56.16,206.25,34.9,1.9547,0.0066,-0.85
RDRQ3YQZTG0,0.5556,71.21,131.5,26.15,2.4627,-1.9071,62.24
bz6Dn12PdzQ,1.5816,80.98,166.75,38.5,2.3827,-0.8011,42.41
dKPCjvP9XBY,1.9589,190.79,167.81,20.83,1.9406,0.0183,49.75
1faAnebKNjA,1.5816,80.98,166.75,38.5,2.3827,-0.8011,42.41
JFIVxoQtA4k,1.1903,192.03,245.35,5.31,3.1285,-1.9382,94.72
wH-3awdo_0s,1.1903,192.03,245.35,5.31,3.1285,-1.9382,94.72
NLRcl_XSOXk,1.1903,192.03,245.35,5.31,3.1285,-1.9382,94.72
eREyAixJ9Lg,,,,,3.6628,,
Os7qod_RoQ8,0.6541,188.43,245.47,4.41,2.5448,-1.8908,129.63
O4Txy3fZbYk,1.7739,192.53,179.85,18.77,1.6164,0.1575,55.67
wCcF0iQ414U,1.7739,192.53,179.85,18.77,1.6164,0.1575,55.67
yBODgqeB8N0,2.5851,169.88,126.33,22.25,2.2578,0.3273,100.94
wiLMahmEEgY,3.0502,137.15,120.31,35.14,2.815,0.2352,63.49
itO5G9BYOBo,3.3305,163.01,99.79,38.99,3.1769,0.1536,75.52
3aBgSCBqCPk,3.1062,132.57,110.65,61.55,2.7823,0.3239,69.47
Yz2xQOjvWig,2.958,140.07,108.44,58.24,1.5847,1.3732,70.36
nO7ud93CsqE,2.7999,98.21,108.19,59.13,2.3702,0.4297,39.86
DKwlsqOew5Q,3.1123,87.99,112.96,54.04,2.5626,0.5498,-16.04
eeC36WjnFOg,3.3639,140.21,115.62,52.07,1.4687,1.8953,88.91
d0L-DKT4zZ8,3.2635,144.4,117.47,54.67,2.5393,0.7242,97.17
hRFZHuq0dEs,3.0868,122.29,116.03,49.46,1.9765,1.1104,97.15
l3HY0XysRyU,2.5546,176.62,93.92,30.55,2.0237,0.5308,129.25
Wd48U8hK4Xg,2.6798,161.43,88.53,30.63,2.4857,0.1941,122.25
brbiOBqBP5s,2.5198,176.18,93.38,30.65,1.647,0.8728,145.0
lzkJ3IYxYyk,2.5718,177.88,93.46,28.59,1.8959,0.6759,131.25
cl1nmVIuo5c,2.8531,180.33,91.14,29.26,2.3445,0.5087,37.23
1jnudC9gWZA,2.5922,172.51,89.99,28.77,1.5017,1.0906,126.86
7FZOliq5OUA,1.9943,170.99,137.26,33.24,0.1512,1.843,-83.77
hOYJeD-Ob14,1.9214,168.07,133.92,33.69,0.1496,1.7717,-86.65
N_XU7nKjb_8,1.9464,170.97,133.14,32.9,0.2073,1.7391,-83.71
5WezysdVvXA,1.7484,179.04,148.53,31.39,0.1024,1.646,-75.7
TlBqkpWlppE,1.0189,53.16,196.75,17.72,1.3406,-0.3217,-40.25
tdPt4y3vFx4,3.4519,180.29,86.33,58.08,2.1416,1.3103,94.04
39IIXteVsKk,3.7361,159.61,119.51,57.0,3.2604,0.4757,59.03
TVJlznzE51c,2.9897,157.48,130.57,40.09,2.1439,0.8458,85.81
XDY4IL4vOqM,2.4789,41.38,162.25,43.85,2.2953,0.1836,-38.79
EGOweX27QZE,2.8469,66.29,177.98,32.41,3.0191,-0.1722,-20.92
Hkz7-fUViIc,2.7949,172.4,145.58,45.48,2.4468,0.3482,89.14
mi4-l-g_Y2s,2.4913,99.79,153.88,31.48,2.5755,-0.0841,33.42
d1YYp8yBALY,2.2203,64.57,133.69,22.62,0.9568,1.2635,-39.87
f7yXzyz8QmI,3.202,72.01,153.13,36.24,2.7433,0.4587,6.23
vPXvDrAyamY,2.1095,96.88,130.98,15.19,2.0101,0.0994,5.82
XN9TzvUNi9Q,2.9639,138.03,141.15,30.81,2.9826,-0.0187,53.8
Yfrf3KuTmu4,1.302,104.99,195.63,18.06,2.5026,-1.2006,34.86
3XRsqg1SCHY,2.1266,117.46,175.27,31.43,2.8573,-0.7307,60.72
CJNu-UkS_iA,2.7952,78.3,153.58,30.63,2.5805,0.2146,20.45
1MGc-yPZG9o,0.0,0.58,223.76,14.01,2.553,-2.553,-0.72
RPmjWiufWE4,3.1708,100.45,142.56,53.54,3.031,0.1398,46.12
6I1-ykMhSLc,,,,,2.8804,,
C5j7r8liDnM,2.4183,29.83,196.19,47.02,2.1421,0.2762,4.9
jIXiQeHoGFg,1.0674,110.78,178.01,19.44,0.0843,0.9831,-35.41
-wh-uUnETlY,1.2595,114.43,176.64,18.37,0.0774,1.1821,-32.17
V70i0mvXD58,0.9567,112.92,175.63,18.19,0.0739,0.8828,-33.73
TT59fGHKuSs,1.2094,115.53,176.04,18.29,0.0718,1.1376,-31.16
jGTYYPH0_KQ,1.0424,113.72,175.61,18.3,0.0951,0.9473,-32.78
EkBNi6UpYR4,1.2521,118.43,174.41,17.41,0.0673,1.1849,-28.33
juDP_qyeUts,1.3366,118.38,175.19,17.64,0.0754,1.2612,-28.25
DggjpNy660U,1.0727,115.29,175.08,17.98,0.0661,1.0067,-31.46
h0rCrIn6LnA,0.9987,112.31,176.26,18.55,0.0788,0.9199,-34.27
fCIEiI4ux6Y,2.2234,146.15,190.27,33.94,0.7445,1.4789,52.05
oyHCo0L2khQ,2.565,70.73,124.3,15.73,2.7325,-0.1675,-7.64
JlMG66ZeTnw,2.9917,101.86,131.19,37.8,3.2315,-0.2397,14.65
TzIHJWltois,2.1258,130.49,137.0,65.19,1.1982,0.9276,-9.25
tdNsaCFrGFs,2.1546,83.58,142.65,40.62,2.3927,-0.2381,17.46
yodByZ02dSc,2.0501,130.48,175.68,23.78,1.9469,0.1032,29.39
oAyuTFTP1eQ,2.7062,69.72,118.83,36.05,2.0281,0.6782,24.8
D6DKfKZv9Ag,2.7218,153.77,117.83,50.66,1.6836,1.0381,25.8
F0V3HPhNtms,1.6224,117.32,122.26,17.08,0.1218,1.5006,117.15
pbupi6m6MUs,1.6224,117.32,122.26,17.08,0.1218,1.5006,117.15
LFOmMuMqLTw,1.6224,117.32,122.26,17.08,0.1218,1.5006,117.15
JqL96JURd7s,1.6224,117.32,122.26,17.08,0.1218,1.5006,117.15
cnoyhAdET7k,1.6224,117.32,122.26,17.08,0.1218,1.5006,117.15
kAMGBLqAa14,1.6224,117.32,122.26,17.08,0.1218,1.5006,117.15
ZZm2MgIC8ss,1.6224,117.32,122.26,17.08,0.1218,1.5006,117.15
df-LzzWIz0M,1.6224,117.32,122.26,17.08,0.1218,1.5006,117.15
KvhwCba8FJ0,1.7166,114.34,121.42,18.13,0.11,1.6066,114.18
hZxwgjlc-9c,1.7166,114.34,121.42,18.13,0.11,1.6066,114.18
7HVByXo2AF4,1.6096,57.24,140.35,12.89,0.0,1.6096,57.24
ytXqQNq07n8,1.4886,100.93,183.69,25.02,1.9135,-0.4249,-46.07
vlMrRD1o4l4,2.9455,98.92,118.38,28.29,3.4854,-0.5398,36.68
QEU16DgRlWM,2.4378,84.93,122.7,16.19,1.2021,1.2357,41.14
kbMAgMl8Z1M,3.1457,132.17,88.85,27.05,2.8656,0.2802,15.71
4e7oZVOBuPo,3.5769,99.03,76.34,56.41,2.7074,0.8695,54.26
1tdFNjJZ4iM,3.0122,120.77,80.93,39.79,1.8245,1.1877,53.71
tsbsSu4zmZA,2.9056,108.8,93.22,31.03,1.3561,1.5494,53.62
kloHmQalfmE,3.2766,128.82,90.77,50.38,2.3818,0.8948,78.81
RjniML9sJ3I,3.3582,115.76,86.96,33.78,1.5403,1.818,57.81
OXDZfNHpKPg,3.0724,132.68,91.12,33.79,1.8469,1.2256,26.04
QtLPYdf17Iw,3.5581,79.37,116.2,27.61,1.1543,2.4037,18.5
CuK6xnl6kiQ,3.4428,141.92,97.24,57.83,1.6387,1.8041,61.85
DdTtHsLBXRM,3.4375,108.68,94.92,49.06,2.1346,1.3029,51.36
e7pnJ2SLbCk,3.5213,85.98,141.36,53.38,2.3718,1.1495,51.54
QPMTwoZruGg,2.23,128.46,176.52,24.71,3.3537,-1.1236,97.87
Lfgq_289ynI,2.4746,99.9,151.52,44.72,2.6824,-0.2078,68.93
lNb2PoqQSFU,2.2615,120.16,181.92,22.05,3.4833,-1.2218,93.31
OKzeesRUvnQ,2.4142,100.23,153.48,43.05,2.6956,-0.2814,69.1
RmvLIV8fAVs,2.1029,124.88,177.67,21.41,3.4511,-1.3482,98.54
s4Jzpz5ZnHE,2.4482,96.13,149.72,45.47,2.6904,-0.2423,64.84
RlN1BLwRySQ,1.5926,101.04,201.3,24.56,3.1863,-1.5938,69.42
nC48JUJs6Xg,2.3747,100.15,158.05,42.0,2.6724,-0.2977,69.33
vkNZqTmgtXw,2.3328,95.27,154.46,44.81,2.6945,-0.3617,64.23
gnsEAECGfvE,2.5115,96.53,151.55,22.32,3.4184,-0.9069,73.31
PUd2Km0vDWo,2.9077,46.85,113.07,34.31,2.6107,0.2969,11.06
-6KkEjAmJ9s,2.2777,54.64,129.36,47.35,1.2682,1.0096,-16.79
ZCWSzFzS3zA,2.4644,132.42,164.54,26.64,1.516,0.9484,11.68
LorTQ4V83bw,3.1869,130.94,205.46,50.47,2.5613,0.6256,28.09
0N_9niX-fZ4,3.201,120.78,145.08,61.11,2.4947,0.7063,80.26
VdqFSK-j-50,2.7116,163.37,183.24,33.48,2.5487,0.1629,108.68
zriIDAhoXNM,2.9001,147.42,180.56,48.12,1.8597,1.0404,6.17
Hbrq5ZlA388,2.3816,170.67,174.37,24.57,1.7749,0.6068,33.2
RfUB0M7MpLE,3.2592,161.77,151.71,38.68,3.1229,0.1363,10.73
tEpj9wYmgOk,2.2666,161.08,203.12,22.73,1.1213,1.1453,22.26
XGBrixCnARU,1.3139,148.58,187.79,30.13,1.6246,-0.3107,-29.11
dvJB4XphsZo,3.3318,84.65,104.71,40.27,2.8181,0.5137,13.99
JOGao2h3z_Q,2.23,125.77,99.18,18.99,2.72,-0.4899,23.51
IXfn4KOhurI,3.3318,84.65,104.71,40.27,2.8181,0.5137,13.99
zRSu9pxjd0k,2.6217,90.76,105.25,44.51,0.763,1.8587,8.2
4h1yNxPcRic,1.2919,106.43,122.24,14.79,1.1494,0.1425,-83.38
N4I1iSSD0zc,2.8205,104.76,106.02,25.98,2.9957,-0.1752,48.67
d24iK6Dln8c,1.4837,74.81,105.39,15.46,1.5682,-0.0846,-53.14
vqLxMa6Qnf0,2.5171,105.18,108.44,21.82,1.5222,0.9949,44.2
3w4OReenZOw,2.2844,78.59,108.09,27.61,2.4406,-0.1562,48.79
9YxwjmLGtxk,2.2435,79.54,101.48,20.64,3.1717,-0.9283,-32.03
TICXsDEO1ps,1.1142,42.24,196.44,13.54,1.9278,-0.8136,41.62
UPRp9623UNY,1.7919,59.38,213.5,12.67,1.4168,0.3751,2.56
yKjqWMAxNsU,2.1451,33.62,192.77,15.54,1.7482,0.3969,27.17
BoZXDZdIb24,1.4606,188.66,188.72,14.94,2.1371,-0.6765,44.79
kQh2Nzik-d8,0.0,2.15,173.25,16.85,1.5961,-1.5961,-16.62
eJg1QS-8msM,0.1168,7.03,177.82,22.87,2.0142,-1.8974,-13.61
hkwTudBiwA4,1.8655,149.02,130.17,11.2,2.3757,-0.5101,31.42
xIXWp09tPyI,2.7749,27.55,150.02,44.59,3.0757,-0.3008,-15.74
xQQs8b1SRcQ,2.3074,156.99,167.61,19.7,1.6542,0.6532,26.12
H6Jy7ttilUI,2.5715,91.29,165.18,25.93,1.9215,0.65,16.44
mRHX5zAqFEs,2.5036,117.85,143.57,25.06,2.812,-0.3084,53.75
j6U2jo6NU14,1.9565,67.21,117.16,13.01,1.3138,0.6428,-34.96
FIqvc2CxsR8,2.8868,85.51,167.89,37.71,2.7845,0.1023,-34.02
z0yACpAA0tY,2.752,68.51,184.18,29.46,2.7668,-0.0147,-17.8
-_He1ulTuZc,2.4216,91.8,179.17,35.08,2.4013,0.0203,17.65
C9p3rol2YRk,1.5722,81.84,210.64,29.13,2.5488,-0.9767,5.76
2zkzBr3TINc,,,,,2.8387,,
lxR2YgwyW0w,,,,,2.0799,,
1lfstp3WOe0,2.8364,129.58,138.16,23.98,2.6719,0.1646,48.57
REQwLSXIH2o,2.812,96.82,148.44,30.27,2.4358,0.3763,-63.28
IrzLnKyhwcI,2.7878,125.41,143.97,38.93,2.0029,0.7849,73.85
FSkNUzwmlUk,3.2572,116.71,162.43,55.6,2.8545,0.4028,91.86
NUDxjVL-cgE,3.0497,157.57,130.05,24.28,1.7422,1.3076,77.43
e2hZW-bEOzU,3.1167,114.71,138.28,44.67,1.9692,1.1475,82.96
Opa2aEMOo60,3.0411,138.05,126.04,64.52,1.7171,1.324,95.39
pIkIquZEu9c,3.01,135.96,112.66,33.17,2.5382,0.4718,88.77
EttW7yYwBkI,2.6758,152.37,111.8,29.31,2.4614,0.2144,85.55
zKYXQisf7Fg,2.355,167.33,128.56,16.28,2.1929,0.1621,76.28
AanPWfnizUU,2.8622,136.12,119.87,30.0,2.1193,0.7428,92.13
2fjOJVokelU,2.7913,127.9,141.12,37.06,2.2692,0.5221,99.34
aLDFbNFXIhE,2.9559,158.44,134.93,44.05,2.5307,0.4252,112.59
Cq0DB3IAZqw,2.2779,57.25,109.87,14.93,1.954,0.3238,-5.33
sr9wu7XgGM4,2.9208,67.42,131.8,32.14,2.7617,0.1591,-38.54
21IEhKqkwyI,1.3908,103.03,163.37,25.98,2.5662,-1.1754,-6.16
05lNt7FDaEA,2.5733,101.92,148.77,58.64,2.776,-0.2027,17.1
xL1vIdQv56A,2.5443,93.23,131.87,65.07,2.6899,-0.1456,55.0
uLcOFJFoE9I,2.7595,78.82,132.52,51.69,2.2266,0.5329,42.48
AMnZ5bx46yk,2.3414,89.54,115.97,43.16,2.1373,0.2041,7.76
LHJGnsx-vHA,3.1358,83.59,116.59,36.81,3.2168,-0.081,-32.92
zRjCOfxnrPM,2.2486,52.18,125.89,26.63,2.3723,-0.1237,-5.2
Y4CNoCvgTm8,1.4525,54.03,133.78,37.11,2.615,-1.1625,-11.82
t2Wp9SjPnqE,2.6644,171.88,97.29,26.48,3.4538,-0.7894,93.12
RTvZlEefMKA,2.6571,136.48,104.63,24.56,1.7186,0.9385,33.92
eUhh-KbE3QA,1.7821,162.95,92.53,25.69,3.2944,-1.5122,97.04
JxuFzqMYkBE,1.9252,136.12,107.1,26.26,3.6357,-1.7105,81.61
VHks-uv_GEo,2.1167,83.64,91.27,13.39,2.2063,-0.0895,50.2
zhB7K2_dzys,2.3219,169.92,93.64,25.02,3.1119,-0.7899,118.67
VZZVcOLZcbA,1.7401,109.96,108.86,15.87,1.2404,0.4997,36.82
Mn7s_sNb0Vw,2.5992,168.46,99.23,26.22,3.7036,-1.1044,102.11
-BEqA_KW7-s,3.0398,126.06,112.96,29.08,1.829,1.2108,11.57
r1kxuGT-Wb4,3.3984,134.48,119.85,34.25,1.9824,1.416,106.79
QGnp2aA2dVk,2.911,154.98,115.16,33.82,1.5584,1.3526,45.41
r-Gzv7K_DVk,2.4424,93.99,147.57,48.32,2.1765,0.2659,47.48
DhemKP6QOww,0.5302,142.5,201.55,17.38,0.3425,0.1877,-28.99
79OAgbhkWJo,2.6225,91.86,167.33,29.94,1.775,0.8475,23.46
QE5wPdUBynY,1.7206,77.15,167.16,27.46,1.0653,0.6553,-13.04
YI1rzE5ELzE,3.0705,114.41,141.89,47.54,2.4302,0.6404,14.76
gxF_Vps-V_I,2.7349,91.81,162.85,31.65,2.1873,0.5476,25.13
6vlN0gg2HFs,2.8913,111.1,124.66,42.24,1.7033,1.1881,-7.45
SmjkaetLwo8,2.6762,95.53,137.2,44.05,3.0111,-0.3349,19.79
tUPuV-HxZB0,2.4841,94.9,169.37,27.34,2.1063,0.3778,9.94
jrif88Sbu_o,2.4593,100.13,144.19,47.0,2.2438,0.2155,2.08
SiI_OhG9Z0E,2.5428,85.32,152.93,49.24,2.1558,0.387,24.95
RETE3tWCf-I,1.7206,77.15,167.16,27.46,1.0653,0.6553,-13.04
2MfnBSunBBM,2.9226,66.1,119.57,25.84,2.4249,0.4976,20.3
I37idQn9hFw,2.4647,129.58,146.34,20.78,2.8294,-0.3648,31.42
_F2Q55Wl-xQ,3.0019,93.01,113.0,48.05,2.3568,0.6451,23.31
ep3o6FWcAwY,2.83,63.45,125.6,21.37,2.6063,0.2237,-11.64
xmBrxDxz7FA,2.7286,73.91,124.59,27.51,3.0306,-0.302,-10.64
iqiNJJ-MIMY,2.3903,74.41,124.89,21.86,2.0749,0.3154,-43.55
vFBppoiStkQ,2.4721,66.4,133.32,21.84,1.8847,0.5874,11.14
k218gMaXGj8,3.1811,94.73,119.83,31.79,2.0474,1.1337,10.05
WnHnqzux0Pg,3.3906,105.02,107.41,42.25,2.7053,0.6853,-21.18
7v57wD0uXfI,3.2255,109.26,114.24,41.35,2.0544,1.1712,42.35
24pdf5trhD8,3.2206,92.51,81.21,29.25,2.5353,0.6854,17.71
ij89o_X9jbY,3.2251,92.67,80.28,24.88,3.6779,-0.4528,10.74
-7c_tQLB8S8,3.0091,89.67,82.87,23.47,3.2644,-0.2553,28.46
VISJT-CiFXg,2.7454,112.3,85.45,21.09,2.0768,0.6686,-23.12
Vha1SW-TJCk,3.2075,91.26,83.53,23.31,2.8798,0.3277,-11.13
wqSr3Q1zD1M,3.3353,104.51,80.57,27.37,3.4199,-0.0846,-4.45
pjaQz-2RkFk,2.9575,94.59,82.79,23.61,3.5559,-0.5983,11.67
LDZWu3NbjzI,3.2493,92.32,79.22,23.32,2.6318,0.6175,16.36
87jJJs81xmw,2.9762,97.54,80.12,24.72,3.5335,-0.5573,13.08
iB969LK23Wc,3.0184,80.9,79.76,25.28,2.9063,0.1121,26.97
QXyQgOfuaEM,1.4862,150.31,142.57,11.14,1.9136,-0.4274,49.09
gD6tja8PuxA,2.4829,128.25,177.61,25.25,2.7398,-0.2569,6.58
LW5g4ZwzBVM,2.0326,144.06,156.43,13.01,1.8187,0.2139,2.43
IJPdXWsXgh0,1.6696,158.35,142.87,9.15,1.6354,0.0342,43.68
SMWNDtvJQ74,2.1041,122.54,150.26,16.97,1.8613,0.2428,11.47
qEgfocl0zxg,2.4197,111.54,120.55,27.0,2.8287,-0.4091,69.87
hllsastuZ2U,2.0438,95.5,132.94,30.96,2.4839,-0.4401,52.46
PFFjUmOD0kQ,2.166,118.33,115.2,37.47,2.5627,-0.3966,64.85
aLWL5tz1C7E,1.9355,82.62,120.26,23.79,2.7039,-0.7684,39.62
4aE4sffFE_4,2.6489,88.92,110.16,41.19,1.5905,1.0584,39.27
t4UzEp5efuo,2.4731,134.34,108.31,29.44,0.8507,1.6224,5.78
tDYfRMIvu3I,2.3333,135.64,109.74,27.95,0.7183,1.615,6.22
n_tJf674wjc,2.4473,132.77,109.82,32.6,0.6742,1.773,3.08
UMgLOQu3Wxs,2.5253,133.3,110.55,32.87,0.6705,1.8548,3.59
4eNg7CBNlhw,2.387,131.52,112.93,31.95,0.6506,1.7364,1.69
uS-zR_-HSM8,2.3431,137.01,108.41,27.8,0.7657,1.5774,7.89
HdQfuVzT2Xg,2.503,133.72,111.83,34.57,0.6876,1.8154,4.11
YlkalY0h7OM,2.1426,137.34,106.71,21.92,0.579,1.5636,6.89
cnlQtgWW5ws,2.4681,133.01,107.7,30.23,0.5761,1.892,2.49
sFBTxQx3McI,2.2966,131.9,112.7,35.37,0.4862,1.8104,0.92
cl-SdubwEa8,3.4747,118.87,61.48,28.94,1.5966,1.8781,8.94
EcqKrlFD03M,3.3235,122.88,67.31,27.98,1.8219,1.5016,27.56
dSL7nTiq4C4,2.302,98.29,76.39,23.22,1.5725,0.7295,-49.63
6hc9DeC05SA,3.2023,119.97,63.56,21.5,1.8235,1.3788,8.58
wqLZDVnu-tY,3.2829,36.51,126.63,48.41,2.7139,0.569,-22.72
MWRrB-aAY9I,3.0668,72.69,128.39,34.19,3.1695,-0.1027,33.25
Xuke2pRun4w,3.1616,43.94,93.25,37.74,3.0078,0.1538,-7.74
PUajCmV0VlY,2.8144,59.27,146.71,55.11,2.5686,0.2458,-30.13
DPKrE39TvxE,2.938,107.66,138.45,38.19,2.5406,0.3974,33.15
Sc9ZQRHw12s,1.6985,27.57,147.25,22.47,3.0509,-1.3525,-18.45
Vvg_tS-uDTo,3.0097,39.12,128.34,41.26,3.1638,-0.1541,-41.53
nl17a1HpCm4,3.3667,49.61,117.2,48.66,3.7225,-0.3558,-26.6
oIxsM-swGOM,2.8354,24.56,148.89,62.93,2.6489,0.1865,-31.87
7GoI7Q3wCwo,3.1529,63.32,138.26,43.98,2.6514,0.5015,-33.91
CSNq2nRCfWk,3.3962,120.08,103.7,30.67,2.3322,1.0641,34.66
6SiUlvC-SCE,3.3018,116.04,115.73,40.97,2.7132,0.5885,61.37
u4z00JlfxrQ,3.4611,106.68,112.08,33.66,2.492,0.9692,60.35
CU0GdaTgacQ,,,,,0.2929,,
uHPBwImDkII,2.4074,91.78,142.03,56.22,2.3601,0.0472,27.18
6vAE3KWLAME,2.1252,92.07,170.59,54.61,2.9906,-0.8654,35.16
0qqhKEBryNQ,1.4914,41.86,103.25,15.13,2.5182,-1.0268,-7.52
xOuFC_UsBsI,0.778,111.59,139.86,11.71,2.8413,-2.0632,28.53
A6WOZDuZO9k,3.4781,154.31,96.27,56.41,2.4087,1.0694,92.81
NPOcpDr3U8s,2.8463,67.92,84.48,21.9,2.5345,0.3118,14.72
Amcf9KMcowI,3.1797,56.7,139.19,36.95,2.291,0.8888,19.14
PQ9BFnn230s,2.0847,126.39,168.52,18.9,1.7883,0.2964,57.68
xpTThS3bAbc,2.8691,67.27,126.45,34.84,2.2466,0.6225,41.48
ptLCp99IDSE,2.9783,69.16,85.63,33.94,3.0963,-0.118,4.14
4HQL2rlj_40,3.5411,14.74,152.23,24.58,2.7967,0.7444,-20.17
IKIMb0ZWPlQ,2.8662,40.42,132.25,31.7,2.6502,0.216,-15.37
S07oIREw3x0,1.169,80.66,196.41,27.02,1.6514,-0.4824,-24.52
JW871epo2FY,3.3893,38.12,72.71,23.6,2.3729,1.0164,-7.94
cJukvDPQ2v8,1.8679,26.57,135.42,16.48,1.2841,0.5837,-35.24
Q7SxfyXBlPk,1.1899,93.25,144.03,20.01,1.0093,0.1806,-53.5
tTmr5SwQ97U,2.3318,43.33,143.87,26.66,2.5845,-0.2527,23.3
RIH_aIsySeA,3.5183,116.76,77.33,35.97,2.3283,1.19,93.79
YNmwAc6YYEI,3.2797,64.71,94.1,36.04,3.2602,0.0195,-16.28
xCUCOTGs8RY,3.1904,164.48,85.91,44.32,2.7077,0.4827,15.37
2XZI4rYOLfc,3.2163,166.19,88.51,46.46,2.8144,0.4019,26.55
kUNbX7h9Jbo,3.271,162.68,94.52,38.48,2.5876,0.6834,38.05
eO17T085rFY,2.0103,194.03,133.92,20.2,2.2701,-0.2598,30.95
o7H1JAF0XgQ,2.0103,194.03,133.92,20.2,2.2701,-0.2598,30.95
9Z5nr1TXfUI,3.2611,151.86,94.95,31.72,3.1041,0.157,85.45
pqdEJLRPzsg,2.0103,194.03,133.92,20.2,2.2701,-0.2598,30.95
Exr6rVbjRGo,3.4594,71.96,87.74,19.88,1.9215,1.538,59.85
IYev2mWOOGs,3.6141,43.15,92.1,19.3,2.3152,1.2989,38.16
GoBsZ7_z9f8,3.281,124.03,96.41,42.94,2.0691,1.2119,115.49
e_f4OiOwNl4,1.8466,166.52,95.27,33.1,1.251,0.5956,20.03
vShH-yJLjT8,1.8416,137.02,78.0,32.0,2.0742,-0.2325,58.54
G90aRNZXYjI,3.2776,184.94,86.93,42.47,3.1162,0.1614,100.96
u00-6ZVlmIw,1.8466,166.52,95.27,33.1,1.251,0.5956,20.03
h7pZkqhCges,3.0417,156.31,104.98,35.86,3.1866,-0.1449,105.78
5BK4sL6gbck,2.8692,161.53,120.7,29.07,2.3006,0.5686,105.07
-Lmd5t8y40A,3.1382,160.08,113.24,30.08,2.427,0.7113,58.44
7jkyVB7q5B0,1.8466,166.52,95.27,33.1,1.251,0.5956,20.03
IBLH2WzTTK8,1.8466,166.52,95.27,33.1,1.251,0.5956,20.03
q-UZk343z4A,2.8659,103.48,91.25,18.64,1.7414,1.1245,27.87
FhEu60O9N-k,2.4294,19.41,105.93,20.76,2.3496,0.0799,-55.17
jdlluQ_5SHU,2.4203,71.38,140.14,45.5,0.997,1.4232,-40.43
QuOpJob5HWc,3.1841,123.46,121.18,25.34,2.6957,0.4885,63.7
TME_abNnBt4,3.0919,109.23,117.36,22.15,1.9502,1.1417,39.31
eOxcnAveH20,3.2182,101.29,113.88,24.09,2.5073,0.7109,42.26
HjYVSSMqVTM,3.1192,98.83,134.13,23.44,2.1149,1.0043,27.65
Kp2V02z50Y8,2.426,100.46,128.22,39.98,1.7458,0.6802,16.48
Yi0Xv2CSLeQ,3.0686,85.78,126.11,22.75,1.4432,1.6254,13.95
HZR95GbwL_g,3.482,77.29,70.9,39.31,3.1728,0.3092,-14.71
ljx9yvyFW7c,3.0241,106.69,156.42,63.66,3.1321,-0.108,27.91
PWe2n74PPso,3.1382,66.38,149.1,49.77,2.1249,1.0133,29.34
RYblrsr3TB8,2.9023,96.59,182.65,49.56,1.5692,1.3332,18.3
jIIybghpJ0c,,,,,2.3633,,
4_0RbxGG6mU,3.2349,140.94,117.87,30.5,3.0238,0.2111,29.82
_GTXIZRySjU,2.4753,160.0,135.74,20.22,2.7943,-0.3189,54.36
BDI8NEV3rxE,2.5786,173.97,131.13,18.46,2.0438,0.5348,-8.08
9FzWhRQYmOA,2.9317,129.92,128.62,46.31,2.6269,0.3048,63.58
PbgeIYO-JKA,3.0038,150.62,138.23,42.87,3.0716,-0.0679,45.74
m9S7LLWujkU,1.0103,32.7,157.94,40.82,1.5466,-0.5363,8.42
B3SujCcHJTw,3.1878,92.82,76.03,59.3,2.4001,0.7877,61.19
FubRi2jNvQ8,3.1129,81.54,80.27,72.33,1.8208,1.292,53.63
3VnScRFsQhU,3.0678,120.85,94.46,49.28,3.3034,-0.2356,36.11
-WFJfse210A,3.1378,56.66,119.85,56.86,1.8132,1.3246,11.78
ND0QGWzdyY4,3.3517,77.11,107.17,46.87,3.1967,0.155,57.27
KF8RUM_WBpI,3.2633,87.98,81.6,61.2,2.7024,0.5609,55.02
TSMgsw8jTtQ,3.1024,94.01,91.76,47.45,2.3773,0.7251,48.59
-lRd8vtmkx4,2.9806,82.81,68.97,56.7,2.3369,0.6437,52.3
WBBdh5rJbWI,3.0431,81.06,82.73,42.84,2.1483,0.8948,28.24
_fEO49-vDRA,2.6342,83.59,110.68,23.38,2.342,0.2922,32.03
BI8XunqEYEY,2.8622,83.89,112.15,25.81,2.0388,0.8234,-28.57
KrBgIVzGml0,3.0599,84.44,115.51,31.85,2.3073,0.7527,21.64
1EbJ_1_ZRyw,3.1599,82.81,99.33,28.79,2.2356,0.9243,-8.83
xJZtgo5a9Gs,2.8188,81.98,117.37,26.42,2.0705,0.7483,21.46
9QTZ2CmJBiQ,2.87,82.94,121.35,29.57,2.1223,0.7477,20.06
Zv-pf63v5Js,2.9568,91.82,105.99,23.73,1.9547,1.0022,-21.6
FSXRtHTmzQ4,3.0591,88.5,101.63,32.56,2.3266,0.7325,0.78
FVbUoJ9E9YE,3.0251,83.61,98.6,33.24,2.2719,0.7532,-10.25
o9h7m3eg-PY,3.0438,88.9,106.46,35.2,2.4243,0.6195,4.58
aIL3FMzJgD4,2.9654,86.41,118.4,39.42,1.9735,0.9919,-38.8
yPGJwKV15bs,2.9908,84.72,107.08,27.21,2.4964,0.4944,39.99
tQzukqjO5oY,2.8442,92.24,121.39,27.42,2.7668,0.0774,27.66
WJybHiDB9L0,2.7102,154.94,124.33,24.06,2.8158,-0.1056,92.33
jL9VJI7WM3k,2.2989,70.98,90.94,18.26,2.3755,-0.0766,-40.75
R9qQ9SxFD1A,1.2152,63.18,213.98,16.68,1.6419,-0.4267,26.33
SJ7zkp4CEBA,1.2146,63.51,213.35,14.78,0.7393,0.4753,18.4
rh9YlXKTRvY,1.1347,63.29,214.9,15.88,1.1823,-0.0476,29.68
iEwAoBRGXW0,3.0436,104.9,86.44,41.87,1.5658,1.4778,25.69
Oh2bJWMl4q0,3.2324,109.59,86.91,42.91,1.5666,1.6658,28.48
jrW1zhLz8WI,3.4156,112.98,78.75,40.37,2.7386,0.677,56.59
HlhqP2XeNp0,3.5805,128.34,75.05,42.51,2.4468,1.1337,34.21
qm_1CAcmLDE,3.3214,112.98,90.16,49.95,1.9035,1.4179,75.49
eL-N1aBvbQA,3.3024,106.07,86.74,36.47,1.6968,1.6055,67.37
PeS6sPKPqSI,3.2746,110.54,87.06,33.62,1.7432,1.5314,71.23
km6tkf6om4M,3.3703,127.95,89.98,41.44,2.5806,0.7898,55.43
5wtUlndOsDQ,3.6664,134.82,71.49,39.05,2.7013,0.965,51.54
bqtBbk4TYsc,2.9843,138.78,91.27,41.87,2.0038,0.9805,62.22
gTOeIcODCiI,2.9943,177.81,129.72,41.37,0.8527,2.1416,54.26
L6FSfYQbZdY,2.0333,157.69,218.72,15.52,1.8263,0.207,-9.65
5Kk8zzeOMGU,2.6998,164.93,133.09,33.82,0.682,2.0178,63.01
UOSeaGrpz2Y,2.9598,180.01,88.79,48.27,0.6918,2.268,48.7
p-RQt7Opksw,1.9028,84.81,118.17,41.59,1.8031,0.0996,22.95
7Xy3fwwNHD4,2.7642,166.82,135.53,28.76,1.2983,1.4659,58.69
fETJqEjQ2kU,2.7568,42.69,125.91,22.89,2.336,0.4208,0.06
rjhf8mfCbi0,3.6121,165.7,143.43,55.45,3.2457,0.3665,53.73
pEz12zVWb-g,2.7762,131.05,109.44,50.35,1.4929,1.2833,25.7
aNgIHW2CG4U,2.9006,195.91,112.86,29.5,1.1839,1.7167,30.57
h_hbk4XysNE,0.708,150.43,115.08,3.76,1.2736,-0.5656,39.78
xwHC1lO8_ZI,2.8798,136.37,110.9,48.22,1.8113,1.0685,-3.91
hRT22vVIDCQ,2.9418,119.45,97.17,45.73,2.0307,0.9111,37.36
84UOE4REUyA,2.8884,112.06,119.9,45.69,1.6919,1.1965,-20.17
mrQYtaDG5z4,2.8873,116.44,116.63,47.24,1.5798,1.3074,-17.39
-7mCBkieToU,3.0323,92.1,109.64,37.16,2.1739,0.8584,18.55
JRG42AnhNWs,3.3277,111.8,135.54,40.94,1.7259,1.6018,-17.04
-vnGWIvEGzI,2.7605,95.03,120.23,24.68,2.8828,-0.1223,28.32
BnEZrfTswqQ,2.7346,114.64,95.99,22.46,2.8659,-0.1313,85.41
d2dsSFWg3ys,3.0446,84.62,108.34,22.55,2.7693,0.2752,35.87
oCuGeg9zyj8,3.2782,72.18,87.15,29.97,2.342,0.9362,37.06
SIxawPynW5k,2.519,104.08,110.18,18.23,2.8385,-0.3195,65.74
WvWwfkawwQ8,3.0125,92.94,83.5,21.86,2.4823,0.5303,49.33
T3gklwaHnow,2.6772,133.84,112.88,26.18,2.4867,0.1905,99.33
q6IonJAP9Jw,2.6805,82.14,116.19,21.98,2.5143,0.1662,50.33
vtrao-MF_XY,3.261,68.43,128.09,28.03,2.9502,0.3107,51.48
aBXT-G6qU2s,2.8429,88.08,107.69,31.88,2.4104,0.4325,48.7
ySeO3BUHvRk,,,,,1.053,,
lW8JSpxELow,2.3808,178.71,150.7,58.77,1.4433,0.9375,61.9
eLiQlcxctVk,2.2063,106.16,163.1,14.18,1.8142,0.3921,57.76
-UdLeL9Sf6Q,2.7561,180.42,135.97,56.64,2.4975,0.2586,58.3
-3UJ0IuLpUc,2.0951,210.74,155.23,68.65,2.1625,-0.0675,67.48
8j_PJssMqm4,3.0624,114.43,153.36,43.47,2.6659,0.3965,65.43
gq4Zpmc7mic,3.0335,149.24,165.97,67.14,2.8881,0.1454,77.77
GJLA69M-qIg,3.1739,110.5,110.21,29.78,2.625,0.549,61.56
jzneO1rIQQc,3.0797,90.29,120.32,29.92,2.9915,0.0882,46.72
Yx4f_IjdYOQ,3.5537,83.25,97.07,29.05,2.555,0.9987,30.18
0A3qpdOhfSY,,,,,2.5626,,
mq4_EVLASls,,,,,2.3907,,
zhy8tLaS8aU,,,,,1.223,,
A2COL65Fj3w,1.1358,22.93,146.68,27.09,2.0036,-0.8679,-60.56
0yx2_ZktS3k,,,,,1.6755,,
zFpa6muvCo8,,,,,1.7238,,
Qq_T3nPNVYQ,1.0185,31.94,143.44,3.12,2.1111,-1.0926,-46.22
QU95uKK8cuI,0.4051,17.67,182.33,39.12,2.8691,-2.4641,-79.5
-l4BagafZEY,,,,,1.1235,,
uCCjm9Ym4kQ,0.4288,26.62,189.4,2.0,1.55,-1.1212,-15.71
N2ujUWsXvCk,,,,,2.57,,
H-GImi8lS_A,,,,,2.0189,,
9CZS11Z_b0I,,,,,2.3246,,
qGvCS0sDAcA,0.9989,5.27,241.91,61.8,2.0874,-1.0885,-50.02
FV7TyqFzHAg,,,,,2.1566,,
R7F4bRJOFY0,,,,,2.7824,,
WNaGAW7GSO8,,,,,2.2325,,
MMWQCgyrGsE,,,,,1.6003,,
KeLuk5zPCi4,,,,,2.1758,,
ms_YUlKniOg,3.1583,75.73,107.36,33.88,3.6503,-0.492,52.44
AERoNENEU7M,2.9719,119.15,96.49,37.68,2.5093,0.4626,25.17
A88s00j-RgE,2.3603,157.86,148.81,22.55,0.9735,1.3867,-8.9
jH_42nAVqJM,2.7969,135.82,138.54,30.74,2.2309,0.566,48.78
vZrffbeoJgc,3.0661,95.62,155.43,44.17,1.8033,1.2629,12.08
6aW--sW9Idw,2.4802,153.24,63.93,23.71,2.301,0.1791,78.21
mDS--7jYAlA,2.2966,144.1,67.49,21.04,1.9584,0.3382,74.89
E4kFJuq54jY,2.7101,123.67,125.35,28.36,1.9609,0.7492,33.7
lqcrvDagvnU,2.7894,121.1,116.21,33.37,2.4829,0.3065,8.49
er0NyTv84No,2.8037,128.41,119.71,33.09,2.5206,0.2831,26.92
TqVXOipW3f0,2.8294,109.4,117.07,36.57,2.8997,-0.0703,18.9
nSY3aqQ8eIs,2.7151,114.11,123.56,29.55,2.4378,0.2773,26.22
1aycpHgAnTs,2.7911,123.47,120.04,27.58,2.6313,0.1598,42.54
nrZE2RWdZXw,2.6362,104.42,123.99,24.95,1.9316,0.7046,46.61
KCa47tqqEF4,2.8086,104.1,122.51,32.76,2.5479,0.2607,10.25
zuTVK6s2Xxw,2.5838,114.05,123.4,38.18,1.682,0.9017,71.21
D5LdNGF0F3I,2.7476,120.08,117.08,32.54,2.1363,0.6113,62.67
qUiKInvvD9I,0.3588,90.37,217.28,29.74,1.5778,-1.219,-1.14
KLf_rtX1PyM,2.4586,133.92,177.85,23.74,3.3988,-0.9402,44.75
2VQqEOoknTM,1.2724,157.99,107.79,17.47,1.5822,-0.3098,-21.36
dd6W66oujYk,1.621,128.24,164.89,18.96,1.1367,0.4843,-10.26
V9WHmfTIlBg,2.8044,71.0,192.92,33.83,2.9826,-0.1783,6.08
9m0TEP-n2Q8,0.7495,45.39,215.41,27.18,1.6096,-0.8601,32.47
yu4VgAONA8I,2.2974,172.35,159.85,26.53,1.4012,0.8961,48.19
EzcJZcogS38,2.3159,60.76,175.03,25.23,2.564,-0.2481,21.52
Yt2aVaYmP7g,2.6474,20.23,211.46,23.38,3.0835,-0.4361,-18.67
wP5Dl-KRT4M,1.8244,8.21,207.79,22.77,1.5717,0.2528,-90.79
b1Rf-wZcebg,2.3271,116.63,35.03,17.34,1.2115,1.1156,116.26
-pafcReiNoc,1.6499,44.88,107.2,36.84,1.9518,-0.3019,-0.51
e5sIKuL5Zvk,2.1834,108.35,130.21,16.18,2.8208,-0.6374,48.26
OdBUsJjRGpQ,2.6412,143.32,134.11,21.78,0.952,1.6893,2.41
WHY7TV2Vhho,1.0122,100.17,105.1,38.23,2.2021,-1.1899,3.04
6k7TZzeSVN4,1.8954,10.52,144.2,38.55,2.4818,-0.5863,-18.72
gFkeNx5Qjuk,1.495,114.48,112.12,14.58,2.938,-1.443,3.93
XEzhGjFhEoE,2.4734,55.1,110.91,29.72,1.7562,0.7171,-4.75
OBVIlXWTVSY,1.9882,46.58,121.85,11.89,2.5917,-0.6035,-33.22
KZHn8D2ZX80,1.9394,49.46,135.65,23.96,2.6134,-0.674,-15.25
76Fzgb7CgFI,3.2166,132.73,95.55,47.26,2.8224,0.3942,42.47
vGq8K1hG_c0,3.0165,98.95,99.45,31.45,2.9484,0.0681,56.18
bwjMo9IBMCQ,3.1735,123.68,129.76,33.73,3.42,-0.2465,70.66
vX25hI6ssSE,2.5491,94.1,107.43,21.23,2.2205,0.3287,62.23
F0LQCbYHwds,2.6084,89.36,120.91,25.17,1.9193,0.6891,19.18
mcN8Qx-jM4k,1.8149,52.04,136.5,15.29,2.0832,-0.2683,5.52
-qB46KiH39Q,0.9773,94.89,83.13,5.28,0.8822,0.095,2.39
zjoKnOzIhD0,3.0441,130.66,115.89,42.64,1.9958,1.0483,77.29
S9RngnZpmqE,3.0535,125.48,134.47,45.46,1.7567,1.2968,45.35
rOZ1uJLW4Xk,3.2697,99.02,117.27,45.02,2.8752,0.3945,34.31
utkojZ4binA,2.21,139.98,104.58,42.52,2.329,-0.119,54.98
1hsktXZndhI,2.3927,133.91,108.31,53.28,1.817,0.5757,55.1
V2QcjodDNMA,2.1751,132.9,116.46,54.85,2.4063,-0.2312,64.53
EWYe4CugFr0,2.0729,137.6,111.74,47.34,2.3495,-0.2766,75.34
frMWLGcbGFk,3.8602,36.08,86.19,42.44,2.8346,1.0256,-6.32
R9S1JlVxJTA,3.1495,100.63,115.12,31.95,3.0294,0.1201,53.5
SywzHfbOUAk,3.4094,91.36,109.28,28.81,2.5556,0.8538,-17.38
KFs5tQdEF60,2.9577,155.65,115.88,25.27,1.7852,1.1725,41.09
ku2h4_moaEg,2.948,149.23,116.84,27.22,1.9571,0.9908,61.33
z5MXoNmMMBc,3.1191,117.18,104.93,25.68,2.4632,0.6559,-0.54
Q-SBkEKMCOE,3.2087,93.53,109.85,30.73,2.492,0.7167,27.13
yhLQOsrKy2Y,2.6317,64.03,124.28,51.3,2.6911,-0.0593,-2.39
yrDc4762-mo,1.1502,18.65,197.48,34.3,3.5106,-2.3604,-21.43
4a-_W-D0QLw,2.7387,93.63,84.72,43.35,2.5445,0.1942,-49.76
KBj12jznLsY,1.899,134.63,246.4,28.26,2.25,-0.351,-13.34
h8AeELT2IAk,1.8447,150.42,120.07,39.6,1.9875,-0.1428,-6.58
QZit7dSQ2wg,2.8878,157.96,121.57,61.96,2.5382,0.3496,79.38
fDeLmzHsa6I,2.7284,176.23,114.29,60.68,2.5415,0.1869,64.79
l_-3TXGzSbU,2.6174,169.37,129.32,22.98,1.2587,1.3587,88.8
azGvpVXNwsM,2.0312,146.93,118.33,18.98,2.131,-0.0998,-35.54
tkFp27AP6Q8,1.6195,127.29,143.8,29.75,2.3084,-0.6889,19.18
9KoAkYYv4sg,2.4301,115.04,108.39,35.51,2.0151,0.415,62.86
tJZpXvzqaaQ,2.3624,89.06,135.7,23.47,2.1655,0.197,8.56
9TASYhG0Y0I,3.576,42.33,193.51,55.4,3.4354,0.1405,-19.0
p6VbLWo04kU,2.6805,47.42,171.28,45.77,3.089,-0.4085,-22.76
dP3eYCgmVvA,,,,,0.871,,
5QGddUKiCes,1.3202,41.74,87.01,14.06,3.1205,-1.8003,-11.77
3C9XyETWDQk,2.0237,138.82,167.36,26.81,1.0075,1.0162,-12.24
VZxXwBvVnmQ,1.9603,149.47,155.86,27.52,0.9642,0.9961,-24.21
lhD2NVP3DgQ,2.3582,83.24,116.45,17.81,2.1675,0.1906,7.71
u4lGrl9L-tE,1.8636,164.83,186.09,25.32,0.854,1.0096,-10.79
Se7prodt0_Y,1.8141,132.84,162.56,32.69,1.6339,0.1802,-69.15
NVaJjYVAUqA,1.8376,181.06,200.17,19.22,0.9547,0.8829,11.5
IeRBENFcE3Y,2.9062,207.69,125.49,33.14,2.4885,0.4177,68.53
V3CAJSIcwdo,1.8597,144.21,109.59,21.26,1.9491,-0.0895,45.86
Jyg1SxDWl5I,2.9316,174.96,128.63,36.65,2.9726,-0.041,116.6
A9bbeRK95_U,2.2751,144.43,103.56,23.32,2.5155,-0.2404,15.14
8zA7IrCrY-4,2.3807,147.48,102.84,24.48,1.8303,0.5504,19.53
iRfopO_yjiU,2.8429,171.18,112.91,26.58,1.8331,1.0098,35.39
J_xrk6Ha-pk,2.9682,163.81,101.9,30.38,2.7686,0.1996,33.86
6tU-FE-nk-Y,1.9897,159.15,118.61,22.53,2.3963,-0.4066,71.15
MgtzhgfMVXo,2.6501,72.25,104.4,19.23,1.4021,1.2481,-61.47
_mYLfnyApts,3.2927,34.8,122.95,17.85,2.1262,1.1665,1.36
KN77wRBWyI8,3.3959,42.56,116.65,18.87,1.998,1.3979,23.69
p31F1EHv58g,3.6458,33.06,118.13,22.68,2.7971,0.8486,5.44
v8aBVQs0iNE,3.5266,42.58,129.47,30.7,2.8627,0.6639,1.08
jEZ5Spjacd4,3.1001,30.95,144.53,15.9,2.1451,0.955,-1.08
2u4lHKvsqMo,3.6897,58.02,125.53,34.76,2.6066,1.083,11.63
bZXu0BXDRO8,3.5884,64.08,131.33,43.05,2.0024,1.5859,15.71
sVrdr3c6e8M,3.3843,40.68,122.04,18.98,1.7898,1.5946,-4.61
TgR06ZxUrxc,3.6677,48.98,130.36,27.99,2.6738,0.9938,-9.57
gPE-PTrek3I,3.5759,46.69,124.08,27.41,3.0135,0.5624,-7.87
yWzo456z39E,3.4209,168.01,115.35,36.04,2.9783,0.4426,60.83
jfdyY0EH41Q,3.3639,173.84,113.14,37.43,2.7685,0.5954,60.28
bW19jzjxEbM,3.3242,175.14,124.42,35.11,2.6291,0.6952,67.02
-eb94dKn4Mc,3.4454,168.48,123.31,35.51,3.1824,0.263,83.61
NeqFkQJiPrI,3.3723,173.6,112.37,34.97,2.3001,1.0722,61.57
nTwfebb5rNs,1.5722,39.73,111.85,25.03,2.2202,-0.648,-6.13
33HOpBGuKtg,2.6143,177.6,93.85,23.19,1.5412,1.0732,-20.98
_lo04jZtYOg,3.4654,97.99,55.98,50.05,2.5297,0.9357,-9.72
iel9vCQutys,0.5451,189.69,247.09,4.75,2.521,-1.9759,139.66
DPheG3ADSes,0.5451,189.69,247.09,4.75,2.521,-1.9759,139.66
EhxBPoifFE8,2.6065,133.41,144.47,22.88,1.942,0.6644,46.25
zn7iIck9ce4,2.5527,155.18,151.42,56.72,0.7258,1.8269,71.98
ZjgkDwDoq6E,2.6995,126.31,143.24,31.24,3.2457,-0.5463,28.44
7pLic17CKHo,2.7734,135.9,140.67,57.82,1.7666,1.0068,65.63
fGhS68_wY30,3.3708,164.87,116.41,36.36,3.2206,0.1502,-17.91
2jltvnc-Fno,3.3349,168.79,117.38,36.94,3.2388,0.0962,-15.03
Lr4kG_1MlFs,2.9876,110.0,131.39,37.93,3.0422,-0.0546,9.67
19WFtOPHje4,2.3755,135.74,153.72,27.16,1.5321,0.8433,42.49
B0CHDWBY7TY,2.97,184.03,152.31,39.17,2.3519,0.6181,84.47
XO3wNu0S4tM,2.5278,56.55,87.75,55.08,1.6119,0.916,-47.41
bBbH7qvqYag,2.1773,23.69,116.15,34.3,2.2485,-0.0711,-38.38
ftM0kL0fz7c,2.4254,28.44,109.34,29.34,2.4825,-0.0572,-36.31
GumfBpi7GQY,1.4764,86.95,172.37,20.69,0.7944,0.6821,35.02
8gfkLeF3B-s,2.263,97.78,142.99,21.2,2.1174,0.1456,-70.68
tve72SACDw4,1.6389,138.37,98.17,12.79,0.62,1.019,-29.11
GvspBmwdVVQ,1.8192,134.84,92.67,15.61,1.0212,0.798,22.15
jKz6l1X5nAk,1.6895,139.03,99.28,13.96,1.0223,0.6671,19.18
J4nuFKK7_9E,2.7889,107.13,126.97,32.65,2.6588,0.1301,25.04
TDWrL8Qhntc,0.7487,30.1,165.32,13.42,2.2202,-1.4715,9.68
Gbh8n3XE_ks,2.7974,118.16,97.9,27.24,1.8656,0.9318,3.6
IHZrHhaMD68,2.9836,108.7,98.17,28.45,2.3656,0.6179,-14.86
tdztCMRZCgE,2.7626,78.56,98.29,25.86,2.5682,0.1944,-16.59
4LvU3FB-Kkw,3.2185,70.62,105.41,37.51,2.8599,0.3586,-2.3
ge12QnL3FYc,2.0966,103.3,83.81,22.74,2.0197,0.0769,-7.67
6qY8h1ISZeo,1.1864,95.06,89.39,18.75,1.639,-0.4526,-6.27
K92p3K9pxXg,0.9691,36.38,194.46,7.6,2.3195,-1.3505,4.24
8bpqTWZscXw,0.947,99.7,89.49,14.01,1.8568,-0.9097,-20.85
idNgnMS2xvA,0.5485,153.66,106.59,26.41,1.2124,-0.6639,-29.06
Jfe-msHVCxg,1.0977,95.84,186.05,25.94,0.9392,0.1586,-105.93
B8fBK5VjE84,1.6935,78.34,180.88,36.28,1.8195,-0.126,-105.2
Ky1h5lugtKA,2.1057,98.37,109.06,19.75,2.6248,-0.5191,-25.88
fV4-AawPs44,1.1601,141.41,169.82,15.39,1.1095,0.0507,-60.57
X3pNoFfSNm4,1.6084,113.47,182.91,24.48,1.3158,0.2926,-87.47
9tZeiepmXBw,1.1295,107.19,167.93,27.69,1.7809,-0.6513,-8.34
6RSZ29g-y28,0.9277,114.97,178.43,24.38,1.3906,-0.4629,-52.18
IrP3f8ixuak,1.9179,121.67,166.64,26.87,1.8102,0.1077,-15.98
7M7_q6BV50A,0.7263,108.85,169.08,28.5,1.3315,-0.6052,-5.09
vtczGMeNOo4,2.7614,37.57,180.93,23.86,0.0,2.7614,32.51
idgYxVOch0w,1.5027,38.81,139.0,20.74,1.5888,-0.0861,-3.41
u8B_XeSWoJg,1.5027,38.81,139.0,20.74,1.5888,-0.0861,-3.41
n1LrRAQm7dg,1.6095,176.8,243.7,27.62,1.8124,-0.2029,-48.53
0cQNOXRgpmU,3.5546,60.18,132.04,42.38,3.6186,-0.064,0.35
6qliu4yLUu8,1.6047,31.79,182.54,27.3,0.711,0.8937,7.91
iQmqIf0mLfw,2.0061,43.82,160.72,23.08,2.1674,-0.1614,-1.05
Ikk9psRowgw,2.2888,24.32,214.62,32.23,2.125,0.1637,8.74
4B3fJ141Cww,1.8037,93.85,154.01,25.33,2.6358,-0.8321,-28.14
NxnWYDLnSjI,3.1536,98.87,101.93,43.4,2.4059,0.7477,-47.15
TZOahmOluns,2.8685,146.22,135.6,30.5,1.8818,0.9867,72.19
Tb03R1PtXO8,3.3011,154.74,123.25,37.66,2.7856,0.5155,95.46
7ewucch7Lt8,3.3922,150.24,123.57,35.71,3.0007,0.3915,70.93
soB_GQgXiXs,3.3813,154.06,125.8,36.53,2.9876,0.3938,99.92
UkmqPkBwQdA,3.2487,146.68,131.58,30.96,1.9253,1.3234,110.04
cCCoPogBYCI,2.9129,121.12,123.09,37.52,1.6533,1.2596,75.52
KhC6K_LQ9yM,3.2803,145.05,139.68,46.05,1.6191,1.6612,95.95
hY2daG6QByU,3.398,142.4,116.32,44.3,2.6595,0.7384,79.22
lxLZSGQlCOQ,3.1844,126.84,110.93,55.42,2.8209,0.3635,69.24
gMaE_w-uY80,2.9247,162.69,118.87,29.64,2.0131,0.9116,110.97
lTuho-05kJE,3.5604,170.42,114.66,39.63,1.9535,1.6069,107.07
xd6yBMccljc,3.4473,178.66,116.39,35.07,2.1715,1.2759,94.84
PQgkTLv6Ces,3.2336,167.36,121.28,35.42,1.9397,1.2939,88.77
uuFDkGzcHjY,3.145,184.65,118.72,33.68,2.0592,1.0858,102.94
0cKX3tLtqA8,3.4903,182.35,114.79,37.08,2.7124,0.7779,106.64
-wXVq5sjhOg,3.5985,184.0,108.29,49.64,2.8059,0.7926,68.08
gXEuEqAiLaQ,3.4489,164.75,124.72,41.13,2.3376,1.1113,100.85
aBvc4WCbKoA,3.3243,190.42,121.91,34.98,2.5701,0.7542,143.97
O1x2U16U_1w,3.4352,168.65,109.44,32.39,1.5348,1.9004,67.93
zE_1yKNu8Dk,3.6154,154.73,112.37,36.68,2.4595,1.1559,78.99
ndFGTZVbucQ,1.1549,102.83,227.47,6.17,1.8854,-0.7306,40.75
bpBGbqBRaM4,1.9026,119.04,151.04,32.68,2.9243,-1.0217,80.76
-GEL_gTHIHE,1.8969,119.19,151.06,32.7,2.9305,-1.0336,80.82
UrZF70_Kh2g,2.9085,39.65,150.88,42.25,2.1965,0.712,8.53
HCyduz0g_U0,2.1665,88.73,222.68,31.04,2.1246,0.0419,38.39
9zOQGk7NPXo,1.8348,152.49,175.07,20.69,2.4185,-0.5837,65.66
0AdzY5fqzM8,2.7645,102.65,154.54,62.3,1.8934,0.8711,14.03
9nBrTFuljB4,2.9689,145.92,152.32,37.59,1.6616,1.3073,49.62
l5JaS0FOH8c,0.0,0.0,30.76,-0.0,0.0,0.0,0.0
opqS_OxbTg4,0.0,0.0,33.23,-0.0,0.0,0.0,0.0
QP3B6bqJPlI,0.0,0.0,31.17,-0.0,0.0,0.0,0.0
uo9H9Zu_lxc,0.0,0.0,32.09,-0.0,0.0,0.0,0.0
jYWLFEggRvc,2.0902,65.77,156.64,32.12,2.9952,-0.905,31.94
hLadKgHUOsU,1.2866,72.24,125.34,20.48,1.9586,-0.672,18.91
_2sfaoSI8cg,3.1293,128.23,150.83,40.08,2.4457,0.6836,39.87
de2lEwU8Fdk,1.201,107.36,183.81,28.6,2.079,-0.8779,48.88
V5JCBBnkCLo,1.4014,142.33,156.19,17.36,1.2095,0.1918,51.34
IQSUID53o5I,1.4128,133.1,150.0,26.08,1.7114,-0.2987,40.08
Y7IXj0zi7Sg,1.3078,141.7,154.03,14.69,1.4281,-0.1204,56.63
LAGLj6KOQ0M,1.4537,112.83,178.85,60.14,2.0119,-0.5582,-8.34
xZtcO5wzQ-I,2.7499,137.15,145.04,56.54,2.4627,0.2871,20.05
VwcaOPaAbf8,2.6815,172.65,157.44,51.21,1.9856,0.6959,61.36
bW7HnH19_IQ,0.8937,41.82,174.95,26.42,1.5007,-0.607,-16.66
1ftrfjriJRQ,1.8093,96.41,175.66,17.86,2.6437,-0.8343,38.92
m7CI-X3sZDE,2.6666,69.42,79.88,28.41,1.8543,0.8123,-58.79
V5uwdhkfksg,2.8768,58.64,134.29,37.24,2.5938,0.2831,-15.12
0HfrNyiugls,2.5959,73.25,174.24,30.08,2.1981,0.3979,-25.66
VHWG9wxYa2c,3.0768,26.31,163.35,24.9,2.962,0.1149,-40.69
hCJbR33EqmQ,2.7674,37.22,125.83,30.62,2.8843,-0.1169,-65.66
qZppKBng64o,2.9866,42.61,177.57,36.98,2.7948,0.1918,6.93
KCUQPnF4iKk,3.1877,95.36,89.33,37.39,2.1818,1.0059,36.19
BojWF5rhOK8,2.9076,101.48,94.13,27.05,2.7267,0.1809,31.91
0kePpcCmbow,3.1425,94.22,69.02,29.32,3.0417,0.1007,0.77
2WcrsrkbfvY,2.5212,56.39,108.81,17.68,2.0744,0.4469,-11.92
RhtXS7Pr-Oo,,,,,1.3363,,
2g0RqFVJtSg,2.8841,98.95,72.07,30.59,1.9838,0.9002,59.61
-CvQ4WKW9no,3.0838,132.69,80.07,30.87,1.1888,1.895,50.6
rAbfk-C0sDg,2.9125,118.78,77.4,31.41,0.0,2.9125,118.78
MX8zAg-i0tM,2.985,135.27,80.39,30.5,0.8813,2.1036,83.16
h2yI7jp7S50,3.0098,113.5,74.9,26.54,1.4844,1.5254,96.48
cBo892YCzYo,2.6131,105.75,73.17,32.89,1.8745,0.7386,55.25
CQlcSzMBX8U,3.0324,98.97,73.49,28.07,1.9779,1.0546,58.3
VGC-ovb7Uww,3.0122,116.11,74.38,27.98,1.8821,1.1301,68.64
hEg7slic28E,2.9076,128.92,75.87,26.67,1.5195,1.3881,44.16
YSg3oVmKC84,2.8892,129.52,81.24,27.52,1.4691,1.4201,66.86
d4SgO8zy7-E,3.2359,106.54,122.9,35.11,2.6985,0.5374,-8.41
KSE3QRax3rg,2.7369,114.47,120.3,24.96,2.8959,-0.159,-24.35
LuAw1Elulfk,2.3397,94.75,135.91,23.23,2.0409,0.2988,-28.9
ZWdcGEEI3bM,2.6145,122.57,134.13,23.96,2.3119,0.3026,41.84
tr9m0bTcOYQ,1.4572,52.8,58.74,29.07,2.2482,-0.7911,-32.92
7crzUf6GT2o,1.7422,40.12,57.64,36.95,1.983,-0.2408,-22.79
kvkXy5UkTS8,2.6902,40.73,60.64,23.14,1.7161,0.9741,-77.07
ocPS7gA7G6s,2.0851,59.56,64.79,33.7,2.702,-0.6169,-37.91
VVG-KxlBZv4,2.8646,164.47,127.87,31.59,2.2872,0.5774,34.93
UEdzX3bWtfI,2.4228,144.29,113.25,26.81,1.6142,0.8085,27.43
spT_9OH2Ioc,3.6104,125.94,73.47,55.97,3.148,0.4625,103.97
a4tUHOxob-A,2.5076,147.1,133.83,23.58,2.6804,-0.1728,49.82
GGgMJA7XHC8,2.8306,112.51,70.59,22.7,2.95,-0.1194,109.24
7_heFYRohdY,1.7598,147.54,139.25,18.08,0.8093,0.9506,-61.46
X9bzRX8A4GY,1.8202,157.07,181.07,22.13,3.1234,-1.3033,20.16
l9f9ebHhDk8,2.6962,165.1,165.69,30.16,2.6006,0.0955,43.94
A25Q6A6YIr8,0.7553,181.31,223.7,19.32,0.5047,0.2506,17.84
LZ6ShWhDvjE,2.4809,161.82,156.55,23.27,1.8167,0.6641,-24.14
suaUR6avAfg,2.0512,177.93,129.49,25.92,0.0369,2.0143,-76.96
_XSzqCI_B5g,1.7075,165.46,134.28,28.88,0.3302,1.3773,52.07
vj_jbfjyM5M,2.2705,174.72,152.78,21.63,1.3305,0.9401,13.08
zOq_OYLiqEc,1.0277,158.5,184.62,21.28,2.5598,-1.5321,71.51
4mtouA82n_Q,1.5929,132.56,150.62,26.68,0.8882,0.7047,-24.86
DavQcfiUUrU,,,,,1.9598,,
_MJrmixP0Bg,,,,,0.6942,,
NTMUph0knrM,,,,,1.985,,
8CVPc8WBuBQ,1.5928,113.38,151.84,9.57,1.1779,0.4149,-0.61
aoNRaFx8Hjk,,,,,1.3954,,
2tyiLAIOMF4,1.9339,149.48,129.98,11.12,1.3974,0.5365,2.51
NnXz8CP_ZUY,1.3582,126.42,172.4,22.62,1.785,-0.4268,-39.11
9omXQnB5J4M,1.9428,121.82,169.51,24.0,2.3909,-0.4481,-2.14
fJv_sAlCgbU,1.8722,221.28,144.2,45.54,1.4863,0.3858,61.0
9hA5tcNsa8Y,1.9425,221.82,135.06,42.0,2.3495,-0.407,88.78
GRuw5RvTfYQ,1.968,219.09,132.73,36.52,2.1991,-0.2312,67.16
JLuNANzqAME,,,,,2.3121,,
Y8UKwLJLDd4,3.3519,69.1,163.47,45.54,3.3522,-0.0004,-9.14
WzE9BfL1NPw,3.053,42.76,99.48,28.7,2.6436,0.4094,-3.76
NIvsnGKeecI,2.8705,138.73,142.55,38.1,3.1107,-0.2401,54.52
geh3X-tLcbU,3.1865,55.67,114.65,54.09,2.9287,0.2578,-24.83
VslESjiVdeo,3.0719,81.6,104.48,41.52,1.3433,1.7286,55.2
fq7bu02IuQs,2.5863,106.11,111.87,37.4,1.6938,0.8926,45.12
c6gSTytPu4k,3.3376,139.35,126.56,47.44,2.1427,1.1949,2.26
EdqSlblymEQ,3.3802,126.86,128.75,37.52,3.1755,0.2048,21.42
txTYBiMfGQQ,3.1745,125.96,139.16,39.99,2.4406,0.7339,-32.36
UInAWt2YGSg,3.2504,139.24,131.46,43.7,2.2078,1.0427,24.72
Mu5FJnA9VUc,3.3445,116.96,114.22,40.65,2.4385,0.9059,19.42
WNJeFctQVRs,3.357,102.56,107.7,24.91,2.5537,0.8033,31.67
1M3w6TrSs5o,2.9805,122.97,124.67,35.58,2.6664,0.3142,21.19
G9f3C8dDp70,3.2537,126.69,109.31,38.15,2.3239,0.9299,33.63
Yi5eJ_naPuQ,1.8975,144.54,134.34,12.07,0.6136,1.2839,-7.82
bOzWtWU9GZs,2.9834,116.91,114.67,24.08,2.202,0.7814,39.38
v9RzcO7-l-o,2.1184,108.38,171.15,25.66,2.5485,-0.4301,32.22
Wg9bhbezmlw,2.1795,43.78,150.56,29.89,1.2233,0.9562,-18.31
PbTc9M8RUvE,2.7809,103.95,135.09,21.9,2.0338,0.7472,46.95
w02grOl0eBA,2.7933,204.74,105.46,25.07,1.9565,0.8368,143.64
wQWiWDwAgLQ,2.6776,165.31,141.93,30.73,3.0478,-0.3702,73.71
J85SZY4Gd40,2.792,130.78,124.02,34.08,2.118,0.674,41.05
K-_ca5adqVk,3.1169,99.02,117.49,31.05,2.7909,0.3259,-5.54
2c9UT5RqrSo,2.033,118.3,124.43,20.55,1.8764,0.1566,-27.5
xDsW3RH7s98,3.3521,114.38,144.37,48.7,2.7588,0.5932,54.15
CWLNtt8CKfU,2.7725,85.81,139.51,43.53,2.2097,0.5628,26.98
s3BTAxypm-w,2.5472,99.38,151.34,30.23,1.7208,0.8264,-42.32
VV_SSd_pQFU,2.1548,103.82,144.56,32.45,3.1496,-0.9947,9.32
wAYr-RqPQBg,2.5285,102.72,142.04,31.63,3.2778,-0.7494,20.32
ZHtGwSkGafc,2.1648,89.52,129.14,23.56,1.1089,1.0559,9.48
Hz6bo_CkBwc,2.4184,102.86,187.41,36.16,1.2324,1.1861,-15.74
1OJJuIMDbkE,2.6487,137.35,161.83,37.46,1.1325,1.5162,-19.53
QgVYVLQMpXM,3.2391,134.98,121.44,38.2,2.2945,0.9446,52.93
RlQDa32DQfU,3.1307,120.77,114.62,29.03,2.9067,0.224,24.13
4wRYMA1yQFc,3.2106,161.73,123.22,30.51,2.1278,1.0829,60.27
ZWeeSPlm6VI,3.2889,152.27,130.44,35.71,2.838,0.4509,57.62
qp8A547Ng4c,3.2457,176.91,124.06,34.25,2.7405,0.5052,72.48
uoNGPKjWiBc,3.1337,165.95,124.82,31.36,1.7381,1.3956,66.75
9KBO4hyNvvs,3.2778,160.26,132.43,38.72,2.3619,0.9159,75.33
doIa5_BX7zA,3.2612,157.38,128.32,38.15,2.9999,0.2613,84.37
fSnLVm2v3Zk,3.2712,145.96,127.84,30.69,3.0154,0.2558,56.07
BB-M6rfmya0,3.1796,161.41,118.36,32.5,2.7927,0.387,28.08
Em9O0HXCUh8,2.5696,74.9,115.01,15.6,2.7685,-0.1989,61.75
o5mI8GFxpT0,2.5505,100.75,125.96,41.74,2.8016,-0.2511,-16.7
8exh3rMOgBs,3.1315,88.55,123.28,35.04,2.6528,0.4788,21.87
xDcaexZ9_7s,2.7033,70.56,147.94,43.84,2.7452,-0.0419,18.1
yKyGM7CAo_E,2.5055,55.94,167.09,62.82,2.4188,0.0867,-11.4
uTz1IcnOBgY,3.4374,122.52,103.51,52.62,2.5349,0.9026,21.66
izfRrY1MU2w,2.7575,205.72,112.61,31.36,2.7317,0.0258,95.32
XCGacvNT2zo,2.0384,224.62,79.06,18.51,2.1417,-0.1034,93.19
F1sTs8zn1QE,2.4388,138.62,137.19,48.86,2.0728,0.3659,29.42
RWd28sJtOLI,3.0781,94.97,101.57,45.72,2.5708,0.5073,65.71
376WryiKTCQ,3.4098,100.1,103.16,38.04,3.1953,0.2144,41.28
5YL_T6maoOQ,3.2369,128.94,102.28,45.94,2.4206,0.8163,36.01
q6m-4LpgLHA,1.5707,159.5,120.34,11.74,1.2343,0.3364,-0.24
n-MJrqMp0dw,1.9651,131.95,104.37,20.02,1.87,0.095,-34.36
-P_FsGo46pE,1.9012,118.67,129.89,23.22,1.8794,0.0219,-14.49
X8szgeNBss4,,,,,1.4878,,
JO_F7u2s5xc,,,,,2.4656,,
uYMzV6p--xA,,,,,0.8953,,
pstl-MkLX4I,,,,,2.0939,,
xRNmxZpJdJU,2.4267,120.24,151.22,18.38,0.689,1.7377,60.75
GLQBue8IY8Y,2.4605,42.31,96.12,16.4,1.9248,0.5357,-60.43
CBI4fw1uvmw,3.1374,129.61,117.22,40.26,2.4458,0.6916,59.7
3F0paZ8QsqU,2.8484,139.74,103.79,58.2,2.3603,0.4881,100.56
cjCqW52LeXs,2.4821,116.43,145.72,41.38,1.9561,0.526,50.43
MeVy1w5sivQ,3.0012,110.96,143.27,42.9,2.37,0.6312,81.18
6LJ8fJ2Z8e0,3.0535,126.15,147.11,51.07,1.825,1.2285,75.82
gD6HuBLA-wY,3.0416,139.15,111.93,50.48,2.166,0.8756,96.7
0PaC82xpI-4,3.0348,131.98,118.16,47.53,1.7086,1.3263,47.58
5uNl5nm0DZw,3.5464,91.34,58.95,30.48,2.508,1.0384,23.2
HdLO3QZUJfI,2.5658,129.82,135.27,21.98,2.1247,0.4411,46.5
9EAiNt4vlio,2.7712,130.64,115.83,27.4,2.565,0.2061,88.6
8qfpZHvN4iY,2.71,156.04,170.95,31.31,3.7002,-0.9902,26.38
98Rvv4bEz2Q,3.064,140.08,129.45,51.24,2.4677,0.5963,39.68
Ea3xm-SAeMo,2.9166,181.7,114.47,57.22,2.8543,0.0623,107.64
sxVUPS8ZYaI,2.8225,166.07,102.43,33.62,1.705,1.1174,39.18
_UNeUVf06PA,3.1209,202.7,119.81,54.37,2.774,0.3469,69.06
ETTofLTMjGI,3.1116,114.55,111.96,33.38,2.5534,0.5582,49.05
xXh-iKkGQzY,3.1733,105.75,120.59,27.58,2.0102,1.163,25.67
HH4tatQoG9w,2.2207,95.24,203.74,52.34,2.9668,-0.7461,45.71
ycLjo9iVrSI,2.5358,130.88,80.64,18.7,0.9597,1.5761,49.33
YTeWJMoFdbw,2.8179,61.85,194.59,62.04,3.0859,-0.2679,8.13
41wXXVXdNLM,3.3133,48.29,116.17,51.21,2.8417,0.4716,1.42
1AW8Kfl5ZQQ,2.2244,171.58,112.92,14.69,0.844,1.3804,89.83
--LLBMnvJrI,3.3708,51.47,138.33,46.86,2.8739,0.4968,-32.68
MEa3MuBH1R8,1.4522,115.72,67.31,16.9,1.9313,-0.4791,-16.94
paUEBV4gIxY,1.7761,91.74,223.88,33.09,2.7931,-1.017,13.59
-gtydB2aeLM,3.1115,185.04,96.09,33.57,1.0695,2.042,91.87
3lICCWnnPLo,3.4243,151.2,114.07,38.31,2.9796,0.4448,110.87
3RvxDIQUrPw,3.5156,182.15,101.07,47.93,2.0384,1.4772,105.18
LhqrlcsG6KQ,2.9666,196.78,99.41,25.25,1.6781,1.2886,86.64
hHa10tZT4CQ,3.5307,191.21,103.61,48.94,2.3922,1.1385,100.31
cwTPjNCpqtY,2.9597,161.47,85.85,30.37,1.5244,1.4352,88.26
fd-Tvy03txo,3.2154,169.55,101.53,35.43,1.2664,1.949,61.59
OXA6d-icMIs,3.3857,157.38,97.1,61.48,2.7028,0.6829,104.0
m9dqw3MJl-0,3.1504,165.52,101.71,28.47,0.6028,2.5475,86.51
mf7TW_UEj2g,2.92,194.55,117.78,31.73,1.6437,1.2763,79.64
gp_frhNa0yc,3.1922,126.64,68.21,29.47,2.1395,1.0526,71.75
FixCYhYAcbI,2.747,49.88,101.59,42.83,2.7522,-0.0053,-20.7
eki8jDZrPI0,3.2676,99.95,95.13,19.74,2.2809,0.9867,-9.42
02ncuMNUvEU,2.7912,87.2,91.49,22.98,1.9002,0.891,73.38
sC-i68Xd_Sg,2.8128,32.02,100.03,16.37,1.4823,1.3305,32.01
RPW0qgkngNI,2.9243,3.06,88.04,4.52,2.9622,-0.0378,0.75
7topzmVXpWc,2.7474,13.41,71.91,17.57,1.8978,0.8495,-38.97
cnODItyrqCY,3.1019,137.53,70.04,46.07,2.3563,0.7456,116.58
z7SwCWiejGY,2.2459,17.24,68.34,13.82,2.4764,-0.2305,-19.99
DnAnyWy63AI,1.242,12.22,93.54,36.37,2.5882,-1.3462,-12.33
hWwPXTnfdak,2.2313,149.09,201.05,28.02,0.021,2.2103,88.85
SLNGzmtEGL0,0.1158,90.3,235.17,3.35,0.0,0.1158,68.3
LS5R3U-1tdo,0.1158,90.3,235.17,3.35,0.0,0.1158,68.3
4lEcsFeolGs,2.1587,15.82,102.25,6.97,2.5973,-0.4386,-7.91
AE6UQhQyuRA,2.3889,83.03,248.54,16.66,2.5659,-0.177,21.06
jkEqUZXp6sg,2.335,50.92,93.83,16.95,2.8793,-0.5443,22.95
BDEW-MxRPlw,2.0236,156.85,160.35,20.37,2.67,-0.6465,-7.59
16T29EOkGVg,1.6972,141.07,95.03,31.95,1.4118,0.2854,-45.63
U-ef4d6Qae4,1.5806,47.79,93.34,11.44,1.5502,0.0304,-28.34
UEZUhngYC08,1.7711,37.91,176.68,31.55,2.5043,-0.7332,-34.78
rtRK6flYuuM,1.108,40.86,176.08,18.51,2.1851,-1.0771,-50.05
EDo73qNM-8I,2.5068,80.94,112.72,22.34,1.3507,1.156,-87.49
9YdZ8qdFrLM,1.729,18.72,145.54,16.04,1.8106,-0.0815,-78.53
GiCyQen1wKw,2.4772,79.4,153.59,24.02,1.6562,0.821,-44.92
slQvVOD1l_4,2.3666,124.03,120.12,52.17,2.1567,0.2098,3.68
ICWE0nbVOE0,2.0395,97.62,139.83,26.2,1.0264,1.0131,-9.17
Ny33RFC_sgk,1.9059,85.49,125.96,17.27,2.3118,-0.4059,-46.82
LMls-eVwn7g,2.7866,82.04,130.41,29.8,1.7184,1.0682,-12.51
sx7By7V9ji0,3.4763,49.73,104.0,31.66,2.6269,0.8494,33.47
yJSzD3V1KGY,3.577,60.69,128.33,55.35,2.5569,1.0201,38.79
z90ylzJ2gdw,3.4605,160.55,100.86,63.98,2.763,0.6975,101.6
S60_8CLcJkE,3.2634,159.48,102.61,41.81,2.0309,1.2325,90.29
65nDac6TBQA,3.4198,179.96,105.65,56.42,3.072,0.3478,102.49
Smz4jo9hM_o,3.3627,151.26,101.92,43.67,2.6082,0.7544,69.27
VA3N8Qob6RA,3.3521,177.01,102.3,49.99,2.5653,0.7868,55.41
4AwH8B94dn8,3.5495,178.93,102.79,53.97,2.8245,0.725,76.05
INpK_zm7mMI,3.4809,161.17,98.97,49.84,2.7899,0.691,51.58
jgUX8_2ljzw,3.2658,147.96,104.55,47.21,2.9385,0.3273,76.67
YaGXhAcqfLA,3.4335,160.88,112.76,55.57,2.3882,1.0453,97.35
cULNNk-VDJA,3.3063,140.85,104.11,41.37,2.2558,1.0505,98.4
vcIUCiuLB3s,3.2155,158.59,138.52,32.31,3.159,0.0566,74.36
GEsgFYsnde4,2.8014,149.79,150.9,20.08,2.1574,0.644,82.62
tkAXZc_-OAc,3.1923,141.07,133.47,36.42,3.0619,0.1304,78.72
XNdcywz61Ac,2.7291,150.6,157.86,26.54,2.2158,0.5134,23.42
o2OVATdqjnw,3.1206,129.14,119.04,28.42,3.1445,-0.0239,48.39
W09s_C2BiOo,3.0384,114.04,77.59,21.39,2.3074,0.731,41.39
302sio56cCM,2.9621,102.26,79.35,19.01,2.154,0.8081,58.48
CjPy7iZQZYs,3.1951,118.05,76.5,25.66,2.7989,0.3962,52.1
2MavQIbI5TI,3.1035,153.47,145.64,35.13,1.3709,1.7325,18.26
d5L_EmCLCt0,3.1749,81.35,85.49,21.65,2.9205,0.2544,22.75
xovCPEm-Cu4,2.9657,96.01,97.96,44.0,2.182,0.7838,-4.28
QarSamQKRlk,3.1073,101.48,99.91,32.69,2.5636,0.5436,17.75
QsuXPsu3aEA,2.5507,81.1,155.96,18.09,1.4919,1.0588,11.53
DcjQcF7mgDg,3.0928,93.77,108.16,38.62,2.5116,0.5812,32.71
qKFQ7WxuJ5o,2.9492,110.79,105.01,40.63,2.1716,0.7777,1.26
N80nsl8NDeA,2.6119,110.57,97.87,29.12,1.5367,1.0752,2.81
FyncAmrZzuc,2.786,130.76,121.1,24.26,1.5845,1.2015,-3.55
XXzsV_IjojE,2.8576,97.8,131.37,31.15,2.2155,0.6421,10.7
oBpVq0PLfqM,1.9782,105.93,150.16,21.92,1.1341,0.8441,30.13
CZ7yN31J9Vk,3.3597,101.31,114.35,35.41,2.4927,0.867,4.08
pZqKpIEj59I,3.0673,103.78,116.98,38.14,3.0247,0.0426,-19.09
gU2gQDvrCIY,2.6297,54.2,90.17,22.86,2.3832,0.2464,2.65
PTmj7Ym2FKQ,2.7875,148.43,89.64,34.31,2.4078,0.3797,7.11
n-TklZ1pwAw,3.0017,44.51,185.21,19.42,2.8425,0.1592,8.93
MITzb-qlcjU,2.121,24.78,164.25,33.94,1.024,1.097,8.18
3EmtiFGOi4A,1.4328,17.58,177.07,24.97,0.3151,1.1178,5.09
EYg6l_efmbQ,1.5873,18.99,185.76,14.74,0.9941,0.5932,-4.6
6U-iz4Lik8w,3.424,74.45,108.64,59.97,2.9112,0.5128,-11.8
dZKOLGTk8oA,,,,,1.0693,,
oCV5b-y5ngs,,,,,1.3584,,
QroT5eJi_nU,,,,,1.4895,,
nHpmONrk2dw,,,,,1.4915,,
34w8j0HJMjQ,,,,,1.4295,,
AsUIV4bQXtk,,,,,1.6357,,
PsE3j0FXtP0,,,,,1.6839,,
PvHkO8drBVc,,,,,1.088,,
rohn1sxBgEQ,,,,,1.3199,,
51rPSZky_ag,,,,,1.5399,,
fcYCHeZbFBs,3.2862,111.01,154.48,40.78,2.9072,0.3791,-35.34
PDv6SA3kH_k,2.5716,190.94,126.95,37.1,1.4807,1.0909,56.01
kOd24SkbJps,2.8145,76.15,172.02,62.75,2.9537,-0.1393,59.69
ntJY56ZiO20,2.9052,70.71,156.51,33.66,2.6644,0.2407,54.59
J5OC1tkywaY,,,,,2.4011,,
sHPiTz23mGs,,,,,2.4011,,
9qP6LP-Wyx4,2.8276,117.17,120.26,24.53,2.8755,-0.0479,-4.21
uZfYDddPXD0,2.7193,144.19,102.79,29.93,2.7105,0.0089,19.63
w5JGxcQc0e8,3.4323,22.17,223.49,29.7,3.3754,0.0569,20.89
NHo1ceJyh60,3.3349,27.25,222.39,30.11,3.1788,0.1561,24.94
zZ2WM3buBzk,3.1802,26.69,222.89,32.94,3.3905,-0.2103,22.94
-u0kZQyGA9c,3.4118,23.61,223.89,33.29,3.5145,-0.1026,20.25
1O73z1-hmGc,1.626,77.47,151.65,13.12,2.7433,-1.1173,28.56
HAxxcUnnSI8,3.1491,110.34,148.01,38.18,3.0221,0.127,8.09
OuSgXVn0_BM,2.7974,125.83,160.41,36.86,2.6967,0.1007,66.25
bOTxI_MuwC0,2.818,122.48,154.92,32.26,2.7269,0.0911,64.95
1vYLdh1Azgc,2.6691,111.73,166.79,46.76,2.3519,0.3172,45.09
4rq-VpfN00U,2.5908,166.5,149.98,24.48,1.7236,0.8671,21.39
8GkL0BMPwGw,3.0635,148.65,144.98,51.32,2.9308,0.1327,76.35
agjrV6K83ig,3.0063,148.43,145.69,33.74,2.6045,0.4018,66.74
77DBY2FsvVs,2.957,130.18,142.76,52.95,2.7295,0.2275,38.59
dWAg5XTfHc0,2.8943,136.23,158.13,32.3,3.1061,-0.2117,78.29
dUj9W1TzZuo,3.1415,157.78,145.04,51.04,2.7321,0.4093,73.89
tjQod2uCVkw,3.2819,138.49,124.7,40.99,3.2172,0.0647,79.01
k_Yf7XD9GCE,,,,,3.4389,,
CbNLhsEMxWc,,,,,3.0716,,
RQGe3SlM6Bw,,,,,2.7963,,
1pomkgCedto,2.8142,83.5,112.05,37.24,3.0525,-0.2384,5.44
EgXhr8-vQk4,3.0356,75.13,109.51,35.05,2.184,0.8516,26.17
GYiKcyF_QWM,2.9466,105.07,95.72,52.03,2.6543,0.2923,-25.28
2pMyFzA054U,3.158,96.88,92.33,44.72,2.345,0.8129,5.89
U0UNe6I0_0g,2.9726,86.91,89.77,22.93,2.3166,0.6561,-28.58
XgpzkNjwk7U,2.7357,137.21,131.55,27.43,1.4344,1.3013,39.95
6Kug90LJX5c,2.8334,104.74,119.87,27.15,1.979,0.8544,72.82
4Qz41c0-b7U,2.8745,87.04,113.78,25.59,2.7103,0.1642,31.8
-yGiEehY72Q,2.5282,54.7,148.87,32.67,2.4776,0.0505,21.52
wMAlJyQQy-Y,2.571,98.9,178.19,44.43,2.3485,0.2226,7.71
hhX2475-LDw,1.5816,133.68,159.11,24.13,3.2801,-1.6985,99.11
NqG_X_dO4jU,2.3266,65.76,146.09,30.17,1.6393,0.6873,46.71
OTmTRyBYNR8,3.1918,69.89,157.82,33.43,2.9239,0.268,35.96
Wjrx1qbktbI,2.7281,82.44,134.9,25.89,1.9095,0.8186,50.82
g4JYRcb_TGM,2.5611,82.14,118.31,22.83,2.0089,0.5523,14.94
fNSZOVRVZfE,2.8457,101.11,116.04,48.45,0.944,1.9017,4.83
mI5Enn8iwLw,2.5241,83.11,123.05,18.49,1.8626,0.6615,45.07
Z5_C-RjU63w,2.4347,66.42,129.14,27.85,3.3732,-0.9385,12.15
s7nPxB7Nl70,2.64,114.02,133.38,23.45,2.3705,0.2696,19.6
avChIvoK4xE,,,,,2.2501,,
Xw4wJPmEhLY,2.5992,139.54,165.35,32.72,2.2992,0.3,35.09
ZMKjTTNhImw,,,,,2.7178,,
Xz8G5U6wujk,1.1311,22.22,144.93,6.45,1.0047,0.1264,-9.4
cG8HPjy_NxY,2.1181,22.72,121.93,28.32,2.5068,-0.3887,-8.81
c6I2ANTMVr4,3.2109,129.41,140.84,34.12,1.1866,2.0244,83.84
bjjPzQRdJSE,3.4194,141.11,134.24,49.24,2.7354,0.684,98.96
M56OzlFBGq0,3.1953,122.36,122.83,40.2,2.4684,0.727,94.99
vVNlbQwOh-o,3.2881,135.01,110.68,40.85,2.9959,0.2922,-4.53
-NZfybYuHKE,2.8343,43.95,114.54,21.36,1.9607,0.8736,-18.02
blaKkw_lCdE,2.9453,152.18,99.51,27.32,2.6928,0.2525,116.25
oZ5u0YpwsSM,2.7059,132.88,153.7,24.82,2.026,0.6799,33.66
rWuq8MzmllY,2.5214,73.27,123.96,18.8,2.1934,0.328,22.97
u5ikwnty7ZI,2.03,56.35,172.25,19.37,2.6674,-0.6374,32.44
WxnxELiTiyQ,3.3865,192.17,61.68,31.29,2.6816,0.7049,117.36
mhoM1SrVUrQ,2.4432,77.86,184.58,20.95,2.2023,0.2409,72.65
_-BWv_iystg,2.9769,155.68,131.4,23.15,2.0346,0.9423,-18.71
vsyBbESK-gA,3.3301,154.81,55.71,28.46,2.7867,0.5434,120.54
9W4E4bDjKDw,1.7066,5.03,63.45,3.61,1.275,0.4316,-78.59
ZyGkUax8uU0,2.8836,41.72,134.2,44.95,0.4012,2.4825,15.67
_sqTWOvkTRg,3.2994,167.06,120.73,38.03,2.9467,0.3527,60.53
MizPdvi-tCs,2.9014,212.37,108.43,25.78,2.6856,0.2158,134.79
zAp_VhX6TII,2.8349,195.95,97.6,33.17,2.3715,0.4633,120.23
zTy49YcHwhA,2.7451,137.89,104.79,25.54,2.2348,0.5103,94.84
sMcdoWTtCzQ,2.6678,141.22,103.37,23.79,2.188,0.4798,81.19
MniUP-yF1R0,2.5066,216.03,95.25,26.0,2.811,-0.3044,157.03
G5sD0kom2gY,2.6792,148.6,102.32,26.44,2.2215,0.4578,95.04
W89JjCcb1Ms,2.5034,146.03,107.98,18.63,0.7703,1.7331,100.66
Xnd5h-wRb9A,2.7013,158.96,104.93,26.7,1.5912,1.1101,112.36
FtS0JAhwcGE,,,,,2.1495,,
la2zKz11HVA,2.9507,151.11,103.02,25.44,2.3692,0.5815,37.04
OcIlLEIsdUk,3.4276,116.82,148.32,40.43,3.36,0.0675,-4.88
cY6FyPF1Afo,2.5726,99.43,111.37,33.26,2.3516,0.2211,75.77
UhFgkeAX58o,2.9821,20.41,194.33,32.26,3.2597,-0.2776,-30.07
fAV11gynFB8,1.5975,79.76,176.27,34.94,1.7218,-0.1243,11.98
2lIwnBnM62Y,,,,,0.0,,
iX71igdxmSE,2.2935,44.67,190.61,54.82,2.4751,-0.1815,26.62
tm5tS4R_TZE,2.5403,96.36,150.63,35.67,1.7157,0.8245,-7.08
ZNtKYdYql-I,3.0515,45.21,152.46,34.28,2.4824,0.5691,-39.99
MKkP72Wd3-g,3.0306,77.05,141.02,25.93,1.9034,1.1273,1.1
rbgePC9D6t0,2.3155,90.82,134.73,31.85,2.2092,0.1063,31.12
ECJEDXT9D9o,3.3095,169.04,131.03,65.16,2.4185,0.8909,31.93
tztL-r9Dsr8,3.415,146.42,157.55,48.96,2.9204,0.4946,41.8
_eRBkmMO8Vo,3.0595,180.16,136.63,33.76,3.4585,-0.399,78.67
Ma0qA4t-4bE,2.9026,172.08,150.51,29.16,2.868,0.0346,39.08
B9HbNo16rbc,3.0706,162.55,156.86,33.28,3.1815,-0.1109,17.77
1d0HaTy9Ybg,3.1534,211.06,106.91,58.33,1.8296,1.3238,53.44
7dpnZfY_9G0,3.1447,189.94,100.19,66.26,1.3454,1.7993,47.88
dRSt5r-BCmY,2.6511,127.66,124.82,39.06,0.847,1.8042,28.24
orF7YREVKg0,3.2925,130.79,134.29,58.34,1.6946,1.5979,-15.79
Ogni9CIRq-M,3.4219,99.8,117.38,41.66,3.2066,0.2154,7.01
P4oeL9XXf3s,2.2706,60.51,159.58,45.55,2.9646,-0.694,13.0
-8zvFTmBm7w,3.2651,30.01,122.43,24.93,3.4503,-0.1853,-20.8
kXZt5Hy8gxs,2.5087,99.68,145.99,22.92,1.7193,0.7893,-11.94
93rEb33xvFg,2.9466,122.25,136.93,32.69,2.7752,0.1714,7.4
xaNV2fBFNY0,2.1873,148.67,136.78,51.17,2.7252,-0.5379,54.97
23TW6I8HSXs,2.1014,123.11,157.37,50.39,2.5811,-0.4798,47.07
Q8SeRoRGqik,2.453,122.48,158.64,60.38,2.5546,-0.1016,52.02
Gld6Ivvrh-g,2.7644,126.43,155.13,49.78,2.8202,-0.0559,14.81
oegkDiDPeiw,1.8515,125.35,138.98,26.17,1.4191,0.4323,-26.32
tXQe-qqc4NQ,2.3691,108.34,179.4,42.86,2.5893,-0.2202,41.38
t2i4UN04IQc,3.1082,204.07,160.45,43.2,2.0671,1.0411,47.09
iSfcSHuA3Ms,2.9797,154.46,136.11,42.41,2.0295,0.9502,81.93
t-NxRumfs74,2.9475,190.7,155.34,41.01,2.4184,0.5291,122.04
uEz4gmEPzGc,2.5166,95.4,136.16,17.97,1.5064,1.0102,27.6
ussu8hYcW_M,2.4164,85.7,159.59,17.61,1.729,0.6874,-43.44
XTdAiRcMQ-k,3.0245,137.58,102.16,34.51,2.1502,0.8743,-34.18
m0KVfY_xipA,3.2145,100.8,142.76,39.32,2.2965,0.9181,27.2
3gUT9xyDUd8,3.5162,75.13,160.96,35.41,2.6488,0.8673,-16.14
PCLdBllhsNE,2.504,139.81,161.22,45.34,1.2989,1.2051,106.5
fqheqw-lwMw,2.2656,181.23,104.41,22.98,1.6311,0.6345,103.3
hXaoJmXhMFo,3.2729,120.17,164.3,32.63,2.858,0.4148,36.8
sWkg4rX-OCw,2.4748,117.62,153.5,48.43,1.3783,1.0965,8.21
Th4c_-divU8,2.6841,134.52,135.61,27.72,1.5887,1.0954,51.3
DwfGiAmFXgc,2.8089,76.45,145.45,17.1,2.0023,0.8066,-41.55
JR7ghaEL2dE,2.4756,130.56,186.78,33.35,2.8025,-0.3268,15.87
L6FqtDUZF10,2.4037,3.65,163.75,12.44,2.2975,0.1062,-24.7
uv11f0j_2Pg,1.2799,127.61,161.18,14.57,2.1937,-0.9137,-9.58
z0FybCxix9w,1.9387,98.73,218.73,26.4,1.9276,0.0112,-8.9
g4IWnWtHa3Y,1.0976,70.9,209.52,21.86,2.1403,-1.0427,4.47
qzIx7qAXwzE,1.1126,126.13,138.23,23.93,1.565,-0.4525,-28.92
ZuSGO7lrpVg,2.7867,119.85,182.06,62.89,2.3367,0.45,-9.28
TIBkpW3pSB4,3.1057,67.68,178.47,49.32,2.3986,0.7071,-25.72
uu4hZIPGiiw,3.3355,88.78,158.25,50.32,3.0242,0.3114,-11.56
1OMDqsiCbhg,2.8766,81.68,156.04,24.45,2.5779,0.2987,-5.7
TdTh-slEGAI,2.2556,45.62,127.29,42.81,2.1216,0.134,-31.29
g-MHJ4SbsbU,3.1348,30.97,123.3,64.7,2.8824,0.2523,-27.42
_TwiGdvpi2I,2.5138,71.52,119.97,44.0,2.3903,0.1236,-60.83
PnE40ioWqJs,2.5349,72.9,122.15,37.48,2.3043,0.2307,-118.8
1b7reXCZmOQ,2.1782,65.48,123.06,49.91,2.3227,-0.1445,-25.41
pYjP6GXlUyo,2.9151,37.11,153.86,36.2,1.9528,0.9622,-26.19
9_SBclU51kQ,2.7697,26.86,133.82,56.92,1.9029,0.8668,-20.38
LsqIlNTDOl4,2.4546,55.63,132.33,35.84,2.6587,-0.2042,-30.69
bg3pAIeBG5U,1.92,37.58,93.42,64.23,1.5452,0.3748,-63.33
EpgF8QG_1Bo,2.6063,30.28,122.15,60.79,1.9579,0.6485,-14.93
VZmxP2KPg3w,2.5816,81.01,124.35,19.94,2.2749,0.3067,-18.01
0yx3tCcfpQg,2.8927,122.87,102.36,38.97,2.9298,-0.0372,21.31
LuPv03BwCNo,3.0317,70.61,103.11,35.1,2.3333,0.6984,-13.91
ILn001Ie7Ko,3.0226,101.53,97.3,31.74,3.0362,-0.0136,5.97
-eviXBslbAs,2.3612,70.62,109.81,28.39,2.2236,0.1376,-5.78
4Xn6nQkLz40,2.7123,67.84,111.01,18.3,2.5998,0.1125,5.02
Co4Cbc180a0,2.8125,42.02,101.93,22.55,2.2723,0.5402,0.92
fjFqk7whRnU,2.914,65.71,107.24,24.1,2.7027,0.2113,-9.47
WxOeciWO3Oc,2.6909,183.92,122.08,20.85,1.9077,0.7832,107.72
7bDx8PSx3VY,3.1177,202.6,144.53,38.77,1.599,1.5187,45.91
iNJ3DDWFKFk,2.8118,195.79,132.24,23.26,2.5743,0.2375,83.17
29Q-DULbFk8,2.971,178.36,124.24,26.0,2.6381,0.3328,118.94
mu-dlNXdul8,3.0478,186.67,123.39,31.64,2.2171,0.8307,113.53
RjLUdT0UDAE,2.5174,214.83,129.74,18.88,1.1244,1.3931,27.93
bHnEn_wE4BU,2.8152,162.41,125.91,38.22,0.9201,1.895,128.53
A6zxW4QebGQ,3.0992,195.11,128.82,44.75,3.0029,0.0963,89.83
aqsKTBU4WtU,3.0451,145.5,94.65,24.1,0.9001,2.145,50.41
VkpgPRZV87M,3.5362,146.49,73.95,40.78,1.2878,2.2485,19.9
k6ztptYih9c,3.4526,115.4,87.77,42.44,1.1958,2.2568,19.65
aePZXOsG-1M,3.514,104.02,75.27,26.22,1.8815,1.6325,46.86
fGGhtzg2lwk,3.052,182.43,82.53,24.55,1.0173,2.0347,-7.75
XbELDNGxSl4,3.4432,115.46,87.7,31.29,1.1094,2.3338,34.29
tMP13Fdz_Ww,3.3278,122.3,79.9,24.01,1.4733,1.8545,56.94
lHF6EeNC5Uk,3.4435,116.22,73.5,24.46,1.3806,2.0628,6.34
uhGFXqUyYoc,3.3996,138.52,80.52,28.51,2.4093,0.9903,25.6
n_JTR0Tfxh8,2.7037,71.84,151.63,37.69,2.5186,0.1851,-4.82
ZqvMY_jddvQ,1.7931,46.43,149.6,17.34,1.3411,0.452,-15.12
j6i7AapVQ8c,2.9616,85.19,175.39,26.9,3.1472,-0.1856,34.63
6XQ_ooKSYZ8,2.5563,111.07,138.24,32.35,2.5013,0.055,41.21
ZC57npwRnB4,1.4815,67.62,133.66,27.13,2.0103,-0.5288,11.21
K_I6zCyQxnk,1.2765,91.11,158.54,23.56,2.1186,-0.8421,-0.4
PxATo9Dq6TU,0.6993,162.53,128.23,21.21,3.7123,-3.013,77.59
tTtMgmWYeW8,1.1185,168.01,233.43,29.58,2.5296,-1.4111,99.89
HHODhP_bPLA,2.8091,155.64,199.54,37.17,2.4183,0.3908,93.28
dETPHkwp7tw,3.2589,113.95,105.33,43.73,2.4235,0.8354,25.59
45TOg_NM46g,2.7461,61.88,97.66,22.32,2.8399,-0.0938,0.34
6fyf5d2sPmM,3.1329,98.99,100.33,27.77,2.9992,0.1337,-43.42
lN95-bukMms,2.6081,64.03,99.49,25.35,2.9109,-0.3028,32.48
NWortpufWc0,3.0496,74.05,111.44,22.39,2.4533,0.5963,25.77
akiLtQB7lfU,2.5957,95.05,94.5,18.27,1.6541,0.9416,9.65
Rf5xm3ZM0S4,2.2635,12.51,229.32,15.46,2.5173,-0.2538,-23.65
yNURnK3Xa3o,1.1728,37.82,148.11,5.85,2.0736,-0.9008,16.32
u-ZgfN71mzs,3.0569,168.83,81.7,27.18,2.7735,0.2834,152.08
F4LsgyRQEKs,3.013,176.06,89.97,28.46,2.1141,0.899,150.03
oOo3IPrvc58,3.0659,188.82,91.49,29.9,2.1703,0.8956,162.6
Jyh_qmMMR9k,3.0343,169.28,87.86,26.9,2.1058,0.9285,143.55
KwYvBcdb-pw,3.0626,177.23,82.52,27.61,2.4482,0.6144,156.24
9XJ_e8-hx5M,2.9806,163.42,82.25,27.36,2.4385,0.5421,141.15
x-02O_1YnmE,2.8515,189.62,93.6,25.75,2.2437,0.6078,164.74
XgjfWQCwULE,3.3376,78.54,104.12,29.69,3.6053,-0.2678,0.69
Wk_wBcwMVWo,1.5541,116.12,120.48,17.36,2.5572,-1.0032,2.71
beXN6XLA5pI,3.3429,115.42,101.24,28.74,3.6893,-0.3464,2.77
M5aYmD6uJD4,2.7317,144.61,138.4,43.95,3.3247,-0.593,64.21
TS1bIcZPQJM,3.126,113.11,99.97,23.38,2.954,0.172,18.27
3BNTAM0Fecs,2.9596,132.93,122.05,53.0,3.3689,-0.4093,-20.7
BdP_0tJoEhM,3.0058,175.8,155.17,46.2,3.288,-0.2822,24.4
y4jflWhjGAk,2.547,178.06,151.28,33.5,2.825,-0.278,119.63
v9EB0-eAFOo,3.2228,144.71,130.76,49.44,2.953,0.2698,78.69
jnT7qv07n0w,2.7635,163.46,157.42,49.47,2.334,0.4295,50.15
EHHDzD7Aw2w,,,,,2.2499,,
lepM3PcQu94,0.4937,69.99,147.65,15.12,1.9922,-1.4985,-23.63
nA9qaPed-W0,2.7951,49.73,115.34,52.41,2.9962,-0.2012,-26.04
-646D3GVPh8,3.2998,171.26,103.73,43.42,2.8542,0.4456,113.92
tmEVQq-AoU8,3.334,129.28,107.91,34.07,3.0564,0.2776,61.87
FG_JTFET0ok,2.054,159.28,154.7,19.76,1.3053,0.7487,34.67
PuEBqBi8wtI,1.7283,61.02,98.55,12.77,0.9406,0.7877,-51.97
3hQBT_Qx0YM,3.2721,129.56,95.32,35.74,2.9254,0.3468,25.18
qwMl16TD8gM,2.5285,160.46,92.72,18.83,1.78,0.7485,6.46
afsYt2dP6Bc,1.8936,49.88,120.95,16.49,1.6947,0.1989,-20.13
fqH3CWT3bFs,3.3888,57.6,116.28,33.01,2.9747,0.4141,-37.04
GFN9sJDs4Tw,3.1047,79.21,127.49,50.59,2.4711,0.6336,7.71
pXkkKu93nWE,2.1787,63.96,137.79,22.36,2.5517,-0.373,20.47
3eKlDrgCruk,2.3095,167.41,114.58,17.58,1.4786,0.8309,16.32
kL4BBbaOnew,3.0197,110.85,164.25,37.82,2.6361,0.3837,39.17
cEJD8QC-Z8I,1.7277,202.95,233.54,20.32,2.936,-1.2083,179.64
s4-8QtF2gUg,0.987,79.67,204.36,5.35,2.7158,-1.7288,-5.7
nDFgVZnAzEA,2.2773,17.19,80.97,20.3,1.2801,0.9972,3.95
9exvK8YeLm8,0.5654,95.83,220.05,3.44,0.51,0.0553,37.31
dwHfuZy0gXo,2.2773,17.19,80.97,20.3,1.2801,0.9972,3.95
sne1zoFER3Y,0.7483,163.64,123.76,23.09,0.8023,-0.054,-34.91
cR2WDH2Nf3E,1.7123,203.39,233.99,20.53,2.6833,-0.971,168.01
TMAwma_RFOI,1.7262,200.87,231.69,21.49,3.4919,-1.7657,157.08
fR3e6Ur6FnM,3.4506,80.68,163.89,65.98,3.3802,0.0703,14.76
XA19X-siepc,2.5668,123.05,113.42,32.9,3.2328,-0.666,0.81
xpnxYEvsJ7w,2.4275,90.41,119.21,41.57,2.6654,-0.2379,-2.65
yRXxTEmv6PU,2.3178,104.04,108.59,24.65,2.1812,0.1367,16.35
WIOUKfBWh_0,2.1382,53.46,123.65,24.21,2.7493,-0.6111,-22.08
6Xg6ZdmSeSo,2.4963,55.58,123.17,31.35,3.2134,-0.7171,-21.82
w1hhPtzsDMs,0.8068,62.33,117.16,21.85,2.5881,-1.7813,13.04
I7MzSwmHMqw,3.2625,92.42,126.49,44.14,3.2181,0.0443,10.58
Y_uxEdBFWg0,3.0894,88.91,115.43,48.74,2.9667,0.1227,1.46
bQxa4nyXJ-Y,3.1341,42.0,131.32,27.37,3.427,-0.2929,-21.15
M3CtisHtFXw,3.3649,73.99,137.69,48.57,3.1352,0.2296,33.72
_3avQin2zZg,2.2054,203.75,129.07,19.5,2.521,-0.3156,37.98
GyFhQub_GV8,2.2579,96.28,126.52,42.21,2.5945,-0.3366,74.33
77OlzvSFEQ0,2.425,91.99,141.5,45.24,1.8784,0.5466,49.01
kLMn796SK5s,2.8319,98.36,130.83,65.49,3.1203,-0.2884,59.35
J43L6tZ7yaA,2.4438,100.9,133.25,44.42,2.6199,-0.1761,39.31
Xo6nqRJnDTE,2.7221,103.76,123.02,37.69,2.9686,-0.2465,32.38
MMIu1hWjFGI,2.6512,115.96,118.35,48.88,2.6919,-0.0408,45.8
Xj9RDYntUYE,2.6398,72.32,149.88,27.29,2.8095,-0.1697,33.47
_y6rgEMU_18,2.1282,67.47,140.79,37.66,1.2641,0.8641,23.35
FReILhhE0As,3.3022,88.0,167.77,34.64,2.9437,0.3585,21.13
Wy5Zj4lNw9Q,2.5517,113.39,118.05,39.59,2.045,0.5067,48.13
TAhqXg-M4Wg,2.0719,47.69,182.42,14.55,1.7071,0.3648,-81.17
flREABdWLtw,3.3129,34.87,151.24,32.51,2.4578,0.8552,-40.06
XJxtRY1HHpc,3.0483,81.09,104.35,40.53,2.9673,0.0809,4.82
AD77HSlP_KA,3.2687,48.37,158.86,25.84,3.1061,0.1626,-35.19
5tT3JvJW-yI,,,,,2.0533,,
J5g2n5Ogz9w,1.6105,70.82,95.86,12.05,2.057,-0.4465,-2.2
lHXtxPNwdQA,1.9262,76.65,179.64,38.36,2.9698,-1.0436,29.06
UlBzxh1X_jU,2.1808,44.13,190.26,45.04,3.2824,-1.1017,4.45
5J_2abR3SDQ,2.9864,147.27,140.81,34.36,2.693,0.2934,23.66
RTB7YQI1Zzs,3.0169,92.19,118.65,26.48,2.0505,0.9664,6.55
QxvhjF6aaSM,2.8504,149.58,114.81,47.73,2.7716,0.0788,94.65
pPAfVYl0KB0,3.1593,90.49,117.01,30.13,2.4663,0.6931,12.54
B88E0nwLBTM,3.1333,87.18,120.87,31.06,2.2054,0.9279,16.83
nMwvr9ezEuU,3.2084,157.19,126.96,36.19,3.2739,-0.0655,72.88
c4m5mweX3QE,2.9596,117.72,123.7,25.18,2.3541,0.6055,30.45
g6cpCaakBXQ,2.0551,84.66,153.35,22.19,2.0833,-0.0282,37.4
rpJT8sY4_mw,1.6832,106.21,198.67,30.17,2.9958,-1.3126,54.9
Dm6vGzzPM8Y,2.1623,60.31,122.98,41.7,2.7935,-0.6312,10.78
m6eLZEc6bZc,2.364,66.8,133.67,42.77,2.785,-0.421,17.5
YpfAKHWLzFs,3.4974,144.71,78.42,43.79,2.1552,1.3422,62.05
5BN7D8IqQIk,3.0863,134.96,76.89,24.39,1.6662,1.4201,109.44
rVZ43sq9nyA,2.8471,94.73,90.77,21.64,1.3179,1.5292,-7.79
tCmmBu7e50w,3.0186,123.59,130.89,32.15,1.5296,1.489,51.2
UwUTe2pSKUg,2.7368,109.38,146.0,31.56,2.5408,0.1959,43.91
rBso9oeuPeI,2.9687,115.62,138.19,39.48,2.5878,0.3808,21.93
FJQ_SUgAQEU,3.1226,138.12,121.16,60.9,1.4979,1.6247,-4.25
Tn0MPXAe8hU,2.9913,92.07,159.06,37.39,2.2002,0.7911,-29.17
tyQlqKOf1TA,2.9439,93.92,153.82,39.74,1.8371,1.1068,31.4
Niy-wsYdEMI,2.6057,80.22,168.66,29.49,2.4685,0.1373,-0.33
ix94Se7UkgY,3.1604,131.58,143.63,40.77,2.9181,0.2424,35.08
bPX2V03Y3aM,3.465,161.25,145.87,41.44,2.4593,1.0058,64.07
flFkNOtBTKI,3.2557,167.23,125.21,42.99,2.8005,0.4551,90.76
hXHoaiJ4s0M,1.0372,63.67,105.85,4.02,2.3446,-1.3074,-15.44
2h8ysAGOKag,1.3202,26.08,99.71,18.55,2.7166,-1.3963,-52.06
qh2-560iPCo,0.4727,50.46,174.53,1.47,2.6301,-2.1574,-28.01
oKkgYXIZOKM,,,,,2.8621,,
xP8S-zI4cME,,,,,1.8722,,
Du7FoccJ5C4,1.3936,91.07,171.68,8.71,1.3478,0.0458,9.21
MuWr3eQsKaU,,,,,2.216,,
YwEh-jYdcgg,,,,,1.55,,
BH25IZcItvI,,,,,1.6312,,
5SG0wF0lVVo,3.0536,135.77,105.15,33.35,3.0401,0.0135,8.52
VsKtBvcL-Xg,3.2913,118.86,116.7,44.45,3.4081,-0.1167,20.46
4vpyKDJxKM8,3.0629,110.01,147.7,41.24,2.5782,0.4847,27.75
Gr5i9Py0phM,2.8808,66.26,131.67,23.77,1.8232,1.0576,5.38
JZBrU0nDALo,3.243,74.27,152.51,37.0,2.6902,0.5528,-18.11
llijMVBw2Fs,3.3008,75.5,152.98,27.93,3.0486,0.2522,-14.06
KWy1L9_0VEk,2.2726,66.1,156.03,35.4,2.3791,-0.1064,-6.12
mekPWUz7v2U,2.6152,102.11,128.49,17.91,3.0503,-0.4351,12.57
HQ_Q8UqvGDI,3.0234,91.52,138.59,29.92,1.8322,1.1912,-54.22
lkrove1l_1Q,3.3023,77.71,110.36,29.52,2.9855,0.3168,0.43
ysw2U7EmRWk,3.4614,160.73,131.46,39.7,2.7551,0.7064,71.58
rdQQhT8H0CE,3.3724,164.04,135.47,36.15,2.0688,1.3036,77.61
umuwPQO161I,3.4681,165.56,118.92,40.17,3.3449,0.1232,55.61
VDwWH7yg1MU,3.4398,175.82,135.5,40.32,2.5259,0.9139,82.47
SAJYEzk_wA0,3.426,160.47,135.39,35.87,2.4523,0.9737,93.13
4zDUQnFJhGA,3.5439,163.71,122.31,40.26,2.6684,0.8755,69.85
mLv6lGyyeZw,3.5631,172.39,128.87,41.01,2.5631,0.9999,75.36
9YAPZ7ms7Jk,3.5373,164.78,132.65,37.95,2.7089,0.8283,39.3
z3Fy6GQ3jtE,3.437,89.06,144.29,50.0,2.5675,0.8695,23.05
_RGY_yg6oiE,3.2779,104.6,134.08,55.82,2.4691,0.8088,-0.32
SjJUDbEvVJo,3.5715,90.67,168.05,36.32,2.3214,1.2501,58.71
LZimzNpRsU0,3.2908,177.08,99.05,32.42,1.5213,1.7695,-26.81
TGSgcS05aAQ,2.4768,51.09,117.85,31.7,2.5145,-0.0377,-77.33
QmoWahLrXs4,2.0636,69.99,99.68,27.12,1.8295,0.2341,-51.7
W5vNKN_spVQ,0.432,64.83,187.07,11.27,1.5836,-1.1517,12.38
RnrhdX_FWlA,0.4319,49.08,190.43,10.42,1.875,-1.4431,7.18
Zyf7VaEUI94,2.8779,96.99,168.9,46.41,3.5938,-0.7159,39.71
wGUo_40gh14,0.1199,32.73,213.75,47.02,1.8178,-1.6979,-32.88
vfiKFfDEBCA,1.7047,71.75,180.21,52.46,2.6792,-0.9745,-1.92
_JLSgZPYMag,0.0424,79.69,192.11,33.7,3.4634,-3.421,-37.4
tdII7_ajnkQ,0.1132,79.86,191.65,33.14,3.1794,-3.0662,-35.45
Dp0HHw0C4Pk,0.0089,77.25,193.83,33.84,2.6714,-2.6626,-4.51
2lf12AgfuX0,0.3758,67.05,194.79,40.86,2.8302,-2.4544,-10.37
m5b2hQc5wlM,0.0338,76.59,194.49,34.75,2.2204,-2.1866,7.48
5jbEf9d4x-8,0.3238,73.36,183.63,41.86,1.8234,-1.4997,30.07
wYE3CNNICRY,0.0101,83.39,189.21,30.82,2.7903,-2.7801,-25.76
huvEYO-RCNc,0.2366,70.69,192.86,39.53,2.2211,-1.9845,-21.81
8Um0b-qmBe8,3.1351,124.23,118.13,29.64,2.928,0.2071,28.62
jbNrf8-iriI,2.9276,103.15,121.28,27.26,2.9712,-0.0436,37.45
8fJYuX4d9Fs,2.6468,118.32,89.14,24.47,1.7289,0.9179,79.26
NrU_LVXgVp8,2.9722,99.77,136.6,43.63,2.1213,0.8509,20.71
lxOvykcHhcc,2.6524,106.58,132.65,38.18,2.8712,-0.2188,41.77
8lMvgA04TyY,2.8263,84.22,127.8,43.16,2.3908,0.4355,32.88
STxGI2yzox0,2.5696,99.18,123.43,48.33,2.5593,0.0103,29.99
Patj7aef38M,2.7521,105.0,123.59,55.6,2.572,0.1801,18.17
rH_xtxYvHOQ,2.5347,77.03,140.18,47.12,1.9117,0.623,35.62
zUhAXkhcoj4,2.6294,87.62,116.01,55.57,2.858,-0.2286,7.82
IuigKEs1zWI,2.4104,90.99,134.16,32.97,1.8574,0.553,43.31
ikTb21DRLEo,2.9969,113.01,113.63,65.23,3.4376,-0.4407,26.77
uWyQ9-96A9w,2.6872,85.03,147.55,65.62,2.601,0.0862,1.95
x1C48zqgl_s,2.1634,172.62,193.36,32.67,1.7039,0.4596,84.74
f9lviDZoam0,2.6453,104.26,187.03,62.33,2.0614,0.5839,15.5
IBjL2eLMpD0,2.2632,132.17,148.78,41.22,3.0309,-0.7677,83.79
bMY_sLP5yo0,2.0186,135.2,180.86,43.08,1.7692,0.2494,55.83
tjchQLuixXI,2.283,152.76,181.0,59.19,1.711,0.572,84.67
DNg7-8wbBhM,2.8217,102.69,151.65,24.58,1.5183,1.3035,29.02
Y81Yyt7PHTA,1.7639,145.99,179.35,51.09,2.0748,-0.3108,47.61
RomdUfv8KOg,1.9419,149.82,180.73,54.35,2.2112,-0.2694,52.01
twoK2kFBtx0,2.1393,135.17,184.56,61.03,1.6797,0.4595,55.03
tQEjyHqi9E8,2.4023,122.26,159.03,63.75,1.8772,0.5251,9.95
O7iXynq82qE,,,,,2.2951,,
4cEgkMpF3Ik,1.5766,51.79,136.29,11.74,2.4259,-0.8493,-6.85
VoDjK9ypSgE,,,,,2.1672,,
_9oLjWH00yQ,2.635,115.91,122.36,44.37,2.5205,0.1145,43.96
XpfnkG3OKyQ,2.4473,31.57,161.55,25.33,2.4877,-0.0404,-51.38
cxF9OBFi9LE,,,,,2.8268,,
sGbPFQ6g4og,1.7912,87.37,58.57,18.79,1.8379,-0.0468,50.9
BO2gZG-TpGA,,,,,2.6819,,
Ak1NgTAcD5A,3.0845,102.35,109.15,29.16,2.9198,0.1648,-2.5
b-ymspcI5h4,3.1711,100.52,97.13,30.93,3.3009,-0.1298,35.84
VR41OShh-TQ,3.224,66.84,109.63,44.84,2.5778,0.6462,-16.88
50v1r7DckG4,2.8592,105.82,105.07,20.46,2.2512,0.6081,-18.1
dJntbYXPgbU,1.8564,23.58,126.78,16.92,1.9887,-0.1323,-48.69
X3dGFyQwkkE,2.9987,115.58,106.23,21.49,2.3089,0.6898,66.51
rILEpOMFOQc,2.8827,159.37,99.23,22.98,2.3154,0.5673,20.0
Uc4K0V2bEHw,2.8323,177.74,122.8,40.1,2.9445,-0.1122,61.34
FEDRXnJmuJU,3.2008,136.31,125.4,37.5,2.4341,0.7667,79.02
kUvgxQ42_X0,3.2381,152.01,145.46,51.42,2.5222,0.7159,56.16
mEAWlDcIDeY,3.2573,76.01,140.03,45.29,3.1108,0.1465,1.57
ZddD5z8E6s0,2.9759,106.1,133.6,36.45,2.6781,0.2978,22.97
3oXe0bUmrpA,2.6498,71.39,130.04,56.24,2.7403,-0.0906,6.38
efxpdNsV7Ng,1.0592,150.37,188.55,25.84,1.5732,-0.514,26.24
yEDL5MUsQ_o,3.0705,85.79,154.71,34.33,3.1261,-0.0556,-16.4
pYnamFKBTSk,2.4647,137.73,180.79,33.13,2.9919,-0.5272,46.32
1g9fI4K_wYQ,1.2867,0.59,224.89,13.5,1.7412,-0.4545,-66.39
0tZBEgiE9G4,2.7391,58.49,163.02,47.6,3.2329,-0.4938,-6.72
4ouEB9eqMB8,2.5721,137.4,135.86,40.29,0.9595,1.6126,3.94
2jNR1WE9FAY,2.62,108.68,145.42,20.97,1.5998,1.0202,37.03
sZ8FGUTzZfY,3.1812,120.53,148.75,70.99,1.7091,1.4722,48.48
O4xTb-L20mQ,2.5359,87.7,133.36,48.04,1.4695,1.0664,34.15
odvqGvtE9xE,3.5669,75.8,153.76,42.77,1.803,1.7639,55.25
apB1en3icPc,2.9919,100.4,151.22,39.14,0.423,2.5689,45.63
r_vbqFX3tho,3.3468,125.34,117.03,53.56,1.8552,1.4916,54.64
61sOx6bf94M,3.2161,88.77,147.38,41.19,1.9773,1.2388,68.95
YwPsKX4Or8Q,2.9579,118.52,143.65,44.32,0.4633,2.4946,47.68
LUzfH7WqMuo,2.0023,36.1,124.29,22.13,3.0158,-1.0135,14.66
Elvq3Cmxrf8,3.1342,105.58,134.77,52.11,3.3694,-0.2352,26.84
_03Lrgj_ISg,3.2834,126.8,149.48,42.98,3.261,0.0224,47.59
ZcH8ew6vtxQ,3.6108,118.45,157.89,53.8,3.1008,0.5099,18.25
U9gYQbO8kGs,3.4517,116.25,146.65,47.38,3.4555,-0.0038,58.03
Hguh8ZmBxxo,2.4998,59.79,135.74,33.52,3.0658,-0.566,1.19
TXnE1f4-VcQ,1.7224,43.01,93.97,19.65,3.4376,-1.7152,-41.76
WdKRNPFJcI4,2.8878,109.9,160.05,32.07,2.6883,0.1995,55.12
uh_2wIbWyMg,3.2621,111.39,125.81,42.11,3.434,-0.172,47.49
vXdhiZ58zrM,2.7701,92.45,155.47,52.44,2.7584,0.0118,57.17
GZjPjqjHYi0,1.3038,56.42,165.05,25.28,3.0086,-1.7047,-39.64
zyOKSNtplFA,1.4179,130.23,58.59,27.59,2.9781,-1.5602,48.53
J7zUNdZsAXc,,,,,1.9653,,
tSP1BJg2SXU,1.2092,7.14,159.62,45.2,2.6795,-1.4703,-62.74
af9B5K0mAIE,2.561,118.05,176.11,22.03,3.006,-0.445,73.29
L1Gf3MFqWZ4,2.7245,80.15,159.64,37.64,3.3681,-0.6435,67.53
-PQVUO8OFgY,2.5667,69.01,177.84,18.83,2.916,-0.3493,26.06
OJNLGPyc-Ww,2.4637,100.0,181.4,20.12,2.9747,-0.5111,49.35
gaAuGC5cPb4,2.4132,100.35,181.43,19.98,2.9748,-0.5616,49.72
aDHo6Yap5Yo,2.4145,105.15,186.5,20.11,2.6761,-0.2616,56.0
je3HH3Aeo_8,2.9484,108.6,164.27,42.1,2.8544,0.094,60.77
3DDYa1NpYUM,2.503,104.94,177.92,19.72,3.0173,-0.5143,51.11
-K2y0NPs14E,2.4853,119.53,176.69,20.61,2.4807,0.0046,80.1
hGi7IShbs6I,0.3383,63.17,187.53,22.72,1.4334,-1.0951,-27.16
hPFPYmk6GhQ,0.3464,63.9,186.74,22.79,1.4208,-1.0744,-26.57
kwjBBFDTTt8,0.3759,63.08,186.11,22.35,1.365,-0.9891,-27.05
UF7-kG3uYVM,3.5473,104.96,134.51,42.22,2.1269,1.4204,50.72
-gyPozlcc_k,2.9622,100.16,102.09,25.74,2.9455,0.0167,16.38
fSFc4StGWvA,2.8435,97.95,95.44,25.63,3.1374,-0.2939,21.81
SPWoHQyO7iE,3.0149,114.98,99.62,28.82,3.0814,-0.0665,26.81
cCuKx6j3rHY,3.0268,103.5,102.12,26.73,3.1201,-0.0933,15.17
990b--R-lNo,2.9387,92.4,100.37,25.85,2.9314,0.0073,25.16
2-O5RgJ_nzU,2.8869,101.49,108.3,24.42,3.2089,-0.322,15.11
1s6dq2cMXc0,3.0621,81.65,95.88,25.15,3.2209,-0.1588,5.77
um8YKCbHy_E,3.024,97.76,95.61,28.98,3.0605,-0.0365,28.19
zQzf_FbaoUA,3.1048,100.2,105.48,30.29,3.1598,-0.055,8.32
kLHJXRxFHHw,2.8406,105.57,102.5,25.91,3.0308,-0.1902,23.39
8FoCeGSzh18,1.951,111.38,176.32,16.31,2.3436,-0.3926,38.01
gFPZpSU4GNY,2.804,94.26,208.58,51.11,1.1166,1.6874,14.51
NYNPtVAopxQ,3.3138,79.17,208.53,44.76,2.1073,1.2064,10.79
-0DodBqk0No,2.5309,105.34,178.79,41.72,3.3346,-0.8037,32.56
v2Za_7Nl5ic,2.2652,102.71,210.99,25.31,2.2038,0.0614,12.9
TVsY1ZnxIEQ,2.7149,119.69,190.54,29.83,2.6503,0.0646,40.2
LO_P-AOYzGw,1.9924,90.01,232.47,16.43,2.8928,-0.9004,40.46
Fyem6Zzg6L4,2.0646,93.26,196.94,33.64,2.0745,-0.0099,22.93
ihfwZU7kc2E,2.4517,85.13,181.62,58.27,2.724,-0.2723,15.3
dLZWJ89sdFQ,2.7451,108.66,115.43,52.68,2.9521,-0.207,31.31
6vbDRRoX9bs,0.471,55.49,117.83,6.24,0.9753,-0.5043,2.83
YwirR_WBdD8,1.162,86.58,178.53,33.55,2.3656,-1.2036,68.02
FD6eKeFPqPc,1.9068,67.2,137.76,22.58,1.5711,0.3357,10.14
Gwm5G99feSU,0.0909,80.95,189.73,36.25,2.0867,-1.9958,67.29
dNbHzorHubE,1.3274,104.46,205.92,22.46,2.3259,-0.9985,70.87
QiSOy1Pl4so,3.6916,144.22,81.22,49.35,2.2831,1.4085,76.67
1N2UD9xgrW4,3.3729,145.85,83.85,37.05,2.2654,1.1075,72.45
CM1nRQJXr74,3.3299,137.44,78.47,39.34,2.3785,0.9514,67.0
_gMUTKbiQ4I,3.6979,105.2,83.38,42.18,2.6698,1.0281,39.65
hip2Te-Om7c,3.5462,136.73,83.52,43.2,3.3953,0.1509,77.43
fsM4AIdMHUo,3.6148,136.19,83.24,46.02,2.7272,0.8876,38.2
JdoyiFqM4MM,3.6028,155.75,92.88,34.02,2.8364,0.7664,32.93
5NP29RaTauE,3.4793,152.15,88.38,37.55,2.2637,1.2157,75.9
AkY1PY_GOlE,,,,,2.0185,,
PJQteOOJdjQ,1.5923,108.48,188.22,25.15,2.3985,-0.8061,-49.79
yjlTKarNw_c,0.4962,153.06,130.12,15.03,2.3178,-1.8216,103.72
QQ10ffjF67E,,,,,2.5678,,
_h_putg9Jg0,1.3081,135.64,183.45,13.89,2.342,-1.0339,65.38
7p6MpuB-Twc,2.6704,38.67,152.97,33.13,2.5392,0.1313,-48.02
UNkULXuhAVA,1.8909,170.21,93.41,12.59,2.5423,-0.6514,71.93
76CELGsKPcM,,,,,3.2783,,
0LZ3ZENyakI,0.9021,96.49,141.13,7.32,2.0133,-1.1112,30.06
mLh27m5q3WU,2.8252,84.33,85.22,34.8,2.9017,-0.0764,-19.38
_hWT7jEnfw4,0.8029,113.69,94.03,6.93,0.5656,0.2373,-31.67
T_dzU3Kfpb4,2.6702,82.86,123.57,60.84,2.9357,-0.2655,36.09
Pabjo_CMX88,3.0819,105.22,121.74,66.76,2.7441,0.3378,23.94
AfWdcwmrQxM,2.9932,90.16,155.0,31.45,2.5789,0.4142,67.6
uzvrc4xefS4,3.1786,91.52,110.1,59.72,3.0312,0.1474,32.13
O-sS9LB-YUU,3.1287,90.93,135.07,60.21,2.6324,0.4963,20.18
wxvrBzqgl24,2.9467,102.56,150.67,31.09,2.594,0.3527,80.49
s3pfvN_0Kw8,3.182,89.62,127.03,51.98,2.3331,0.8489,50.16
2u1oOOXTe5s,2.3342,84.91,141.37,20.89,2.0597,0.2745,46.67
Wc7Fixs6yvI,2.0583,138.17,133.63,13.09,1.5982,0.4601,45.4
VYSx7SpiDG4,2.3467,131.24,212.89,23.4,2.1458,0.201,-42.32
U19eEnFYPdk,1.6688,87.34,197.83,38.67,2.0419,-0.3731,58.27
qME-kDeLWvU,2.9986,95.56,71.12,28.06,3.2125,-0.2139,37.01
lN8YFGbf2yM,2.7814,128.39,110.36,40.33,2.5569,0.2245,74.24
lHdRlDCYJcQ,1.7153,90.27,172.3,48.91,2.4831,-0.7678,66.43
HneF3xb2VVw,1.1337,84.38,194.86,27.21,2.3854,-1.2517,49.66
z-qsOcKi3FM,1.5566,22.26,160.8,28.93,2.1283,-0.5717,4.42
-eIrRN8NUao,3.4785,116.35,136.54,42.99,2.7052,0.7734,30.8
WaZm3e8YYWw,2.6801,75.25,94.99,17.55,1.9406,0.7396,16.0
H3Pu4goQYkw,2.802,80.88,115.08,43.8,2.0657,0.7363,-67.57
3-MzP6dwrGk,2.6223,83.33,123.46,33.87,2.6236,-0.0014,1.27
ktb0Xbogvm0,3.1497,52.6,96.32,44.0,2.3507,0.799,-17.9
Ip7QqN1Vxuk,3.2873,73.36,109.82,34.54,2.5319,0.7554,-46.97
KyFPMeQk9dU,2.923,88.48,85.72,39.12,1.7952,1.1278,-73.51
Ut0ofKkDtxo,1.0121,8.99,181.78,18.31,1.8272,-0.8151,2.42
T_UyZ8b9kKA,3.5155,85.33,105.2,36.65,2.9314,0.5841,85.0
u6AlkN1sxKw,3.2183,116.62,94.15,27.5,2.0407,1.1776,116.49
37HmacbVTJA,2.2656,202.51,131.06,16.81,1.4344,0.8313,144.63
J-owsu9u6Jw,2.46,175.29,173.31,19.82,1.7864,0.6736,48.13
_xjz0Swy2Bo,3.101,105.14,190.3,36.74,2.8547,0.2462,57.85
YnH8_a3k4Oc,2.7784,100.78,161.5,29.58,1.759,1.0194,48.18
A43hIqCK8pU,3.022,132.49,149.37,60.56,1.7714,1.2506,29.59
7-KoKvVuJCY,2.5267,52.32,119.86,42.24,1.1467,1.38,-52.26
lPp2xzqUF_A,2.0411,20.82,185.53,32.44,2.7483,-0.7072,-24.54
hTON5kMXJVg,3.3607,113.92,92.62,37.16,2.4459,0.9148,-59.25
dAuagkuFGSY,2.2594,66.67,110.76,16.55,1.3211,0.9383,-68.93
SYMTgvpROvk,3.1261,166.46,100.84,56.21,2.7916,0.3344,144.21
CD7y91Rysq0,3.2848,142.63,113.23,32.27,2.5068,0.778,39.21
Hhu-FpDyghs,3.2717,135.8,106.58,34.17,2.2428,1.0289,40.61
6Whw7h2BqF8,3.0174,147.54,114.33,27.62,1.7429,1.2745,66.3
yeG-goKoR-g,3.3086,135.99,99.78,32.72,2.3963,0.9122,44.04
UxFdFjq_Ang,3.1285,133.31,108.61,31.02,2.746,0.3824,52.21
aJpSP9j9aJU,3.0294,135.59,106.37,34.57,2.3604,0.669,23.32
l1Hm2h5ppaA,3.2944,140.02,107.51,34.17,2.3669,0.9275,73.69
GGlUp1Jr8iM,3.192,156.92,104.73,31.02,2.2771,0.9149,9.56
B-aDUDNcf-I,3.2012,133.94,108.53,30.22,2.5827,0.6185,15.9
75Ou4QtpE1E,3.0979,149.77,116.26,29.7,1.9922,1.1057,56.83
Omf2Mg2NuH0,3.035,135.15,116.92,37.62,3.0371,-0.0021,55.8
1a4sWA1ewyE,3.2346,149.83,110.7,39.04,3.1994,0.0352,44.06
Yn_VhnUhK4s,2.8729,86.14,129.03,38.34,2.9301,-0.0571,-7.9
2nZbAUlZoaA,2.7457,101.45,122.27,21.26,3.0296,-0.2839,5.43
4lYVs1GgVDE,2.2296,89.23,129.79,18.05,2.4139,-0.1843,7.92
qoIyPvXT0WI,2.4137,96.99,124.77,18.47,2.819,-0.4054,12.41
3G7taFxyzFA,2.2023,99.54,123.49,19.52,2.0409,0.1614,31.74
ZTbioznmx5o,2.4075,96.75,118.88,17.71,2.2783,0.1291,13.05
xRjqJkzQTqQ,2.5429,88.52,110.47,21.28,3.2201,-0.6772,-15.26
14ucz6AGJm8,2.8377,54.98,148.6,26.48,2.9285,-0.0908,-16.65
IxksG31VPU8,3.3716,8.25,202.82,33.08,3.4363,-0.0647,-51.98
V4_KanHWcCY,2.973,6.51,54.98,10.73,1.8594,1.1136,-52.74
leRVcelGkMs,2.7848,75.65,119.12,39.05,2.3281,0.4567,-15.63
Qz3tdvC-C5I,2.3824,38.49,88.28,27.37,1.8241,0.5584,-18.12
rtmO3dhcWbo,1.4881,51.79,158.75,16.26,0.9024,0.5856,-8.47
jZb0eyOrqxU,2.0536,25.01,167.3,39.75,2.2572,-0.2036,-14.15
z5ZbPZeYILo,2.9425,70.75,165.46,35.87,1.6084,1.3341,17.97
F8tPuEyD0tI,2.891,67.95,164.07,35.56,1.4295,1.4615,16.85
C3zdyKz-iMU,2.2675,63.95,180.37,40.45,2.3252,-0.0578,-37.02
hZzB5-w8QSw,2.0985,38.2,196.6,16.98,2.7383,-0.6397,-52.62
C-RI3uo7y7o,1.6438,71.32,186.42,40.06,2.029,-0.3852,-45.18
NeXqQVs7ToU,1.4064,44.96,180.4,61.32,2.928,-1.5216,-17.59
gE7hEOSL1NA,2.132,100.04,40.57,18.97,1.8004,0.3316,44.58
VGSDbCANR_E,2.881,128.65,170.45,28.33,2.5137,0.3673,14.94
yNAn3bAmPXM,2.8933,107.32,93.34,46.45,2.3788,0.5145,0.66
SSFRQHqu_EY,1.5651,100.9,90.63,8.53,1.5494,0.0156,-9.86
PNG6aG71DOs,2.4991,75.53,144.37,33.38,1.6981,0.801,-29.0
GilXqhERkd8,2.4476,13.59,121.56,28.91,2.5241,-0.0765,-8.67
Xk4hdUt4IgY,3.2668,45.09,173.19,49.43,3.3961,-0.1293,-7.35
iqLMzrW_SI8,2.3175,119.73,81.09,37.39,2.5957,-0.2782,11.69
-Zde8hOL-mE,2.5878,119.41,124.8,41.47,2.0914,0.4964,15.92
X-bSoYUiVhg,1.1479,108.14,130.33,36.41,1.9133,-0.7654,-60.07
pR6of9bi_Xw,2.3175,119.17,81.3,37.35,2.599,-0.2814,10.87
uT7_JZf-MKw,2.7708,122.96,148.82,26.66,2.3832,0.3876,-71.44
6oNfKq93T2M,2.3483,12.04,168.41,47.06,2.9193,-0.5711,-18.59
kU1dzD8c43A,2.3036,119.54,81.3,37.36,2.5992,-0.2956,10.78
1xgObCyCv4s,3.0046,131.99,175.41,46.32,1.178,1.8266,71.97
bH9BBHvmvYY,2.3908,147.82,211.24,28.28,1.6876,0.7032,58.28
8RHWj97O9YM,2.6325,143.44,186.94,55.65,1.3003,1.3322,117.25
cYwMkVmONWs,2.6938,128.67,178.32,47.62,2.4379,0.2558,106.78
jn_pxIikZDQ,2.7616,151.7,192.16,47.3,2.0323,0.7292,61.62
GRlXa4Gg3G0,2.9237,178.59,219.63,63.37,1.1251,1.7986,36.51
AvrX739FgdE,2.6986,171.49,196.11,43.6,2.8719,-0.1733,90.95
hg-5OI-bua0,2.6543,156.21,199.68,37.75,2.305,0.3492,86.39
RJdpi6yZXMo,2.8966,152.4,174.25,62.96,2.2239,0.6727,120.01
thCHXaazAIc,3.2317,118.19,109.67,28.2,1.9233,1.3084,17.59
FECtj1nO8Kc,3.1813,149.95,118.17,30.68,1.9136,1.2677,88.98
dYZReMe2LX0,3.15,154.92,117.85,31.41,2.2668,0.8832,66.73
UcmdiK2lQGc,3.6961,138.55,90.26,34.22,2.4123,1.2838,80.46
DnmzTsCY-r0,3.6932,135.36,85.24,33.16,2.2233,1.4699,56.63
kjPqim6yEuM,3.6286,155.93,96.61,34.63,1.6735,1.9552,72.42
_VfsE8gZcFo,3.692,150.44,88.74,51.44,2.2808,1.4113,93.12
v5QshjVKKH8,3.7037,103.56,133.7,41.44,2.5771,1.1266,56.03
jBqs5f26eT8,3.6895,129.86,112.23,41.27,2.2287,1.4608,66.9
Ke5uTQNiSQQ,0.0,0.0,65.57,-0.0,1.4536,-1.4536,-31.37
7wMLaSBHaIA,3.1633,137.56,151.07,30.92,2.543,0.6203,45.78
B2uFfgBr4sQ,3.0007,166.64,137.88,44.58,1.9306,1.0701,71.44
vIQvH2MLc5M,3.4051,165.69,121.54,50.1,2.1556,1.2495,83.32
87Vc55kiyRA,3.36,153.8,142.62,53.43,2.972,0.388,72.71
Q2cQIdt9lPk,3.3024,150.39,126.21,36.91,2.1158,1.1866,81.12
58hx0o8LTco,3.3928,137.12,117.95,42.77,1.7506,1.6423,50.78
Q3TLo1qUpU8,3.3735,133.55,135.57,48.65,2.2876,1.0859,73.16
WLOCBdUatko,3.0611,190.55,115.52,38.08,2.5527,0.5083,68.82
RvXmnfRzCwQ,2.9245,191.53,118.37,37.31,3.6034,-0.6789,91.84
WpM5yjD2YvA,3.1246,187.49,121.62,36.26,3.7164,-0.5918,80.91
sLimU-IAWTE,2.8639,194.67,120.83,35.46,3.4328,-0.5689,112.51
DBEfdzhci3o,2.7072,208.12,118.45,35.48,3.1078,-0.4006,23.05
vtdTV06J7_k,3.1235,178.32,134.25,42.61,3.4791,-0.3556,87.47
y5f2ax_WgHw,3.3266,159.53,144.64,60.35,3.2092,0.1174,71.63
Uen1NGBZrU0,3.1946,163.46,130.23,51.27,3.105,0.0897,83.79
PxTORb0kioo,3.2406,178.17,131.17,48.53,3.233,0.0076,82.83
6F-yUutgxjE,3.1573,183.78,135.48,44.35,2.8601,0.2972,86.97
es8d9tJqT8Q,3.0439,95.62,126.13,54.27,3.363,-0.3192,7.33
5SFikMDf6SM,2.4769,88.41,109.3,47.46,2.7589,-0.2819,17.38
yZt-Pr7UN_4,,,,,2.5123,,
o_mEo1XkHkc,2.7948,6.66,120.58,8.37,3.1693,-0.3745,-36.0
yEdtA0oz4oY,,,,,2.6278,,
FP6blbR5OLg,1.753,84.14,139.1,54.3,0.9858,0.7673,31.69
yeAsglzJQJQ,2.636,126.92,99.18,26.93,3.0448,-0.4088,42.3
taT5ibS1Phc,2.2522,134.21,104.34,22.15,2.5694,-0.3171,108.5
OChbrDXA6OE,2.6398,92.45,156.97,30.62,3.3279,-0.6882,-20.72
m4fzQDYQXWg,2.9355,127.19,99.67,29.42,3.0638,-0.1284,38.37
kPClJ2fMmp0,2.3572,129.03,109.67,23.4,2.2594,0.0978,67.48
JW0SrFb-yFQ,2.4337,119.66,103.05,20.16,2.7661,-0.3324,48.46
GrfWgPEBudQ,2.5167,107.41,148.82,24.78,2.3704,0.1463,-5.88
cDQpStl0Oak,2.7936,74.74,185.13,61.76,2.5571,0.2365,-3.11
QheF3R0mpTg,0.1448,37.4,182.75,14.29,0.0,0.1448,37.4
U07aNA5JoEw,1.9011,77.77,197.47,26.39,2.2221,-0.321,-11.51
16hW_-tGeD0,0.1832,42.33,177.06,21.01,0.0,0.1832,40.51
ZwFXsVV3l1A,1.661,139.07,189.79,15.65,1.4885,0.1725,7.26
n76DbRWpAbQ,2.5799,145.04,82.73,19.6,1.5984,0.9815,35.28
Ok56Mw2Tpow,2.6542,140.56,84.28,20.85,1.5636,1.0906,36.01
V1KGQZ8YEAI,3.2035,31.1,136.5,61.55,3.3345,-0.131,-12.3
jNesbJB28xU,2.5626,148.58,92.42,19.96,1.2234,1.3392,54.28
Oe3TK8YeR5Y,3.1975,33.33,136.54,54.1,3.2797,-0.0822,-5.05
W1C4CWKoj4E,2.6259,135.83,89.42,20.74,1.5641,1.0618,41.37
zzFon8fn798,0.5507,116.28,154.98,9.97,2.1662,-1.6155,37.72
pX75a0xDIUo,0.2827,45.78,231.4,31.52,2.8608,-2.5781,21.48
gCeZX3odWjc,,,,,2.7498,,
l9cbe5QO-Vk,2.9139,125.19,176.26,36.66,1.8865,1.0275,78.49
Myja_C4M6CU,3.1397,115.67,153.67,55.95,2.2106,0.9291,65.25
oy-WM6BBeyc,3.1349,112.94,151.38,49.09,2.5806,0.5543,58.61
4sOvRPxne8k,3.0616,122.06,155.79,46.63,2.093,0.9687,49.4
rRLpEwIPz24,3.0143,117.74,163.56,33.86,1.6685,1.3457,44.34
0R-MEUcQpFE,2.8914,106.28,172.13,38.32,1.9744,0.917,54.69
llEutMdfcDU,2.9266,112.58,170.45,37.35,1.7455,1.181,62.77
JEcxriIeX5Q,3.0831,112.35,155.82,49.64,2.1524,0.9307,35.53
h11PSp5T3sc,3.2282,108.88,152.74,37.92,2.4199,0.8082,39.49
JnCrC8OjH1o,2.9512,126.12,133.83,31.92,2.354,0.5972,-45.91
da-9F1V5ez0,3.1546,156.15,120.66,62.65,0.2403,2.9144,108.56
Ep4wjqVHoa0,2.6544,120.59,125.46,23.66,2.4633,0.1911,68.7
_biaLzLlvnc,2.7857,68.76,124.76,56.26,3.0859,-0.3002,27.78
HIkgNH6HbFI,1.9287,14.09,164.37,42.65,2.6547,-0.726,-8.03
wILCLuAdLxE,2.4226,49.46,131.11,12.38,3.2784,-0.8558,-3.68
ws_qEhiZIaA,2.2169,53.79,159.54,18.43,3.0473,-0.8304,-37.62
HrG1-AmItVw,1.0048,3.7,137.53,20.24,2.9452,-1.9404,-44.09
lt6p6wrMVjg,2.544,28.26,91.68,67.7,1.9783,0.5657,-43.75
wvqJ4rVBjJ4,1.3135,4.64,88.85,13.57,1.7576,-0.4441,-38.03
D9LuT1dpo_o,0.0,0.7,92.74,6.8,3.4139,-3.4139,-26.15
IgB4FdL7WIg,2.7009,34.46,77.68,18.05,2.8759,-0.1751,8.49
VDHwHnm-MMg,1.132,4.18,133.88,22.8,2.985,-1.8529,-23.0
MxN6gqg9e8Y,2.1441,7.6,87.48,23.31,3.2381,-1.094,-52.48
iZRE0myh_WE,0.0,0.0,86.3,-0.0,2.9364,-2.9364,-26.1
kt6M0Pmc6Wg,2.5109,4.68,91.71,15.31,3.3666,-0.8557,-31.43
Kqb5YLvX4bU,1.5309,8.08,136.06,27.19,2.4211,-0.8902,-35.67
x0AViU8zBD0,3.0317,97.58,34.79,20.54,2.1955,0.8363,20.89
KYrN2QPg37U,2.2991,105.76,98.72,15.18,3.261,-0.9619,61.29
AW79FQNKoW8,2.195,167.89,123.78,25.04,2.4647,-0.2697,70.27
AFN6c6267iE,2.3146,114.64,98.44,16.25,2.3432,-0.0286,-13.28
q81QxrDwRgw,2.6099,187.72,128.55,56.69,1.7548,0.8551,31.3
Ey4esr6mXa4,2.6771,38.32,116.27,41.94,2.5158,0.1613,21.44
SwcJ26tQi-w,2.7192,74.93,89.74,24.59,2.2099,0.5093,-64.82
uUowpUAu13Y,3.4497,118.34,101.37,61.39,2.9487,0.501,56.93
kfgFzgi5grc,3.1787,126.71,148.67,38.75,3.4966,-0.3179,69.38
kSlXb4Mlj5M,2.6738,182.62,172.6,35.06,2.5502,0.1236,35.63
Hp4MxLDfZvs,1.7778,113.62,172.8,22.58,2.437,-0.6592,48.6
9LxiC83KfGo,0.5077,44.46,128.84,14.8,1.1695,-0.6617,-33.07
iuKWRx05ddQ,0.2954,67.74,115.36,12.5,0.9977,-0.7023,-21.08
ZxSd2hkV0Zw,0.2016,68.5,119.77,16.08,0.9913,-0.7897,-20.67
ZCQzDTp5v4c,0.2071,67.64,120.83,16.25,0.9922,-0.7851,-21.59
jQR2AnGuIoM,1.3108,114.07,116.92,17.11,2.1219,-0.8111,-11.92
s0snwe4YTp0,2.9972,114.43,123.47,28.5,1.6426,1.3546,-15.69
PJnXj9HTp24,3.1721,115.86,131.81,27.47,1.7032,1.469,14.21
GENRWpHjA04,2.5605,76.77,76.04,39.21,2.8343,-0.2738,14.93
uDPygj5baRg,3.3349,135.7,122.27,47.29,1.4494,1.8855,49.7
uyba9aSw-WM,3.0818,146.6,123.19,27.78,2.4372,0.6446,77.33
dcGx4DZ7LXU,3.4735,127.09,158.07,38.66,2.3866,1.0869,67.05
9olo504bXrk,2.7629,100.37,112.26,16.88,2.6552,0.1077,90.59
BFqx3gavi3Y,2.6911,46.9,80.5,63.45,3.0844,-0.3933,9.19
P-NPqoKP740,1.796,25.98,51.9,23.28,2.388,-0.592,9.12
-A9JyXkuOj4,,,,,3.1141,,
ryIspJUIad4,,,,,1.8517,,
6zeWumxmsHM,,,,,2.0849,,
uv0vdtR1aqI,2.3687,68.97,96.26,16.78,1.5554,0.8132,61.38
3T2rwcbtZCs,2.5006,67.92,93.44,17.47,1.5707,0.93,60.75
PuRkZUs9ZWs,2.4283,66.32,97.12,16.35,1.5554,0.8728,59.12
WAbFG_TAx0A,2.4678,62.27,99.13,16.47,1.5554,0.9124,54.11
ZNdXrRdSP94,2.3689,67.85,102.25,17.36,1.5516,0.8173,58.07
R-RaaVlyN2s,2.3072,60.25,102.6,15.54,1.5516,0.7555,48.63
ZnPOD0UvGrU,2.392,65.42,99.17,16.45,1.5554,0.8365,57.13
f7XdtcpBHwM,2.3771,64.83,96.72,16.77,1.5554,0.8216,55.13
WPWDswYTD7Q,2.4065,62.61,92.34,16.41,1.5389,0.8676,53.22
M7gtrCC0RyM,2.4715,65.46,94.78,16.89,1.5596,0.9118,57.96
VzI3g06PU2E,1.0194,98.34,134.57,8.3,2.726,-1.7066,-8.85
Moaiz5zbwCQ,1.4038,165.29,129.54,7.57,2.1852,-0.7814,85.6
-HYMNQoGFuY,1.188,46.32,228.11,29.16,2.513,-1.325,18.17
J6HQTM5ARC0,,,,,3.1985,,
QFfflsN97sQ,0.2046,65.23,186.92,2.22,1.5575,-1.3529,-44.61
mTyMMDHFH3E,2.9827,122.83,56.6,27.57,3.16,-0.1773,106.43
5IXFEzfxaa8,3.0382,157.91,96.87,41.9,1.3881,1.6501,69.97
8QI258XbZGQ,2.9926,158.87,93.22,52.39,1.529,1.4637,76.75
DEWzCe-LwzQ,3.5072,155.24,91.73,40.29,1.9447,1.5625,91.65
pgXOOfBzrM4,3.4471,133.37,73.27,34.38,2.5518,0.8953,97.2
X9Pg8xC37i0,3.5874,143.35,72.74,37.12,1.7934,1.794,82.07
lOktUVtt8Lg,2.7488,100.2,133.28,22.1,2.639,0.1099,-23.72
IlHxu5pHZCE,2.8456,120.59,114.08,23.09,2.2585,0.5871,-3.35
t4SutCcaN8A,1.6136,71.2,146.15,6.82,2.5064,-0.8928,-22.49
9aZkZmEbLOY,,,,,2.0075,,
lIUBmUBTPhA,2.226,162.8,112.63,39.32,2.4099,-0.1839,11.48
mS3_ltkLgto,2.5922,121.08,173.91,32.42,2.2808,0.3115,58.25
cYwM6u7-v2o,3.0736,70.83,94.81,29.72,2.5921,0.4815,-10.53
pnBtWLPdjPI,1.7205,107.21,168.7,16.72,1.9834,-0.2629,4.66
L6gUDQzwpGA,0.7464,77.24,195.09,4.52,1.0076,-0.2612,-11.37
5dOxJ0h5tbk,0.7464,77.24,195.09,4.52,1.0076,-0.2612,-11.37
l3CQwIbsby8,2.1999,4.85,82.18,10.76,2.2434,-0.0435,-48.41
FcG7zYIfy8A,0.7464,77.24,195.09,4.52,1.0076,-0.2612,-11.37
E26cHVXT2i4,0.7464,77.24,195.09,4.52,1.0076,-0.2612,-11.37
RvzurQq_AqI,0.7464,77.24,195.09,4.52,1.0076,-0.2612,-11.37
sdj5HqIyzVw,0.7464,77.24,195.09,4.52,1.0076,-0.2612,-11.37
JQj0iZ_aXTg,0.7464,77.24,195.09,4.52,1.0076,-0.2612,-11.37
Y40ZyAgLoz0,0.7464,77.24,195.09,4.52,1.0076,-0.2612,-11.37
WjJecuRy0Hc,0.7361,76.45,195.01,4.42,1.0217,-0.2857,-11.99
ZQPcWi5EUwk,2.5673,192.18,81.0,26.49,2.9174,-0.3501,17.46
8OeBYqsPbks,1.296,104.04,214.37,37.87,1.627,-0.331,85.18
o_6_s3ni78A,2.9249,136.89,99.73,30.41,2.5083,0.4166,45.52
c22DpyyP_qA,2.8048,167.18,124.7,51.23,3.2785,-0.4737,74.03
Gj2KWWUFFxA,2.9436,203.85,106.96,42.05,1.8003,1.1433,92.74
c_fh8mRNTg0,2.4758,179.8,107.61,48.48,2.3323,0.1436,25.04
4lavqEYXc5w,2.8236,206.68,128.29,26.37,2.6752,0.1484,139.33
4DfPI8AAUXk,2.5355,217.32,93.52,45.57,0.6402,1.8952,12.7
8OLlfyVu49A,2.769,177.72,124.24,45.57,2.8092,-0.0402,47.54
4G780csTigU,2.4155,211.27,112.0,42.76,1.9482,0.4673,71.0
DBMn36dcbIg,1.9594,210.64,111.33,32.84,2.0594,-0.1,3.33
GhEMs2Ua994,0.0,0.0,180.2,-0.0,0.0,0.0,0.0
qz6o8RFcQQM,2.1812,101.61,161.06,32.53,2.7039,-0.5227,-40.44
PquzikAK-IM,3.034,164.91,102.5,31.34,3.109,-0.075,77.95
zwbPHw3fz1k,3.0146,175.67,101.79,64.35,2.0426,0.9721,88.1
YXOpAJMP03Q,0.047,102.55,116.89,6.48,0.4764,-0.4294,-34.13
oBFSeYjN6B0,2.0086,130.69,117.7,22.24,0.2717,1.7368,-51.98
iDBhcr9ppco,2.7493,71.18,107.06,26.34,1.7445,1.0047,-63.97
ZHWFUS-WQlw,2.5289,104.36,112.81,27.24,1.16,1.3689,-75.98
4D7aPkd10xw,2.6529,106.98,128.5,34.87,1.1806,1.4722,-49.22
c5CmAQn2Fxg,2.3399,99.05,119.41,21.76,0.6258,1.7141,-65.67
rjbh9AqkIYQ,2.4821,90.9,118.14,22.64,2.1924,0.2896,-6.41
oTdnWR7c2-4,3.312,55.03,100.41,32.92,2.8404,0.4716,-6.95
aJYIXt5VMX0,3.5074,65.18,126.46,37.06,3.3893,0.1181,-20.51
1N_IwUIr7Bs,2.9317,105.58,125.57,27.85,1.5342,1.3975,-30.2
5sX-nFwfbj4,3.0647,77.75,134.6,39.94,2.5055,0.5592,-1.1
8JJBkRz_eAY,2.8412,128.04,102.99,29.81,1.8674,0.9738,4.5
6voaJ3kgL6I,3.0761,157.07,85.99,60.17,1.9677,1.1084,16.11
7v6wjqxfibs,3.282,161.28,67.93,38.41,1.2978,1.9842,11.89
Zp6Q7EunlQ0,2.5078,180.33,90.43,55.5,2.9158,-0.4079,68.2
glF4AhZ8Kxg,3.1755,78.71,136.09,42.3,3.6923,-0.5168,10.87
ignZyYuYT6E,3.0056,107.37,99.36,22.67,3.1983,-0.1926,68.09
c7ViZTb0-hU,2.4797,122.33,105.48,17.36,1.3573,1.1225,21.81
otsGOEd8WXE,3.1182,96.61,91.64,46.68,2.5806,0.5376,-8.68
EZvETge0mYY,3.3585,126.9,134.19,44.84,1.2399,2.1186,64.15
Ivx82yDAkvE,2.9855,89.94,152.63,33.3,2.6425,0.343,40.8
P7NcrdEOL9c,3.3194,178.69,109.29,46.51,1.8577,1.4617,-7.22
5WuVLsUAn40,2.2761,64.27,127.19,41.0,1.5782,0.6979,46.26
mNyFFVgPSow,0.8597,120.63,112.88,33.56,0.7455,0.1142,85.17
AgwXe-OA-jI,1.4366,89.3,150.99,36.9,1.0773,0.3593,69.04
SthW_iYC7So,2.0825,89.57,140.15,19.91,1.7767,0.3058,31.91
CSIhs_xNf4M,1.5244,98.07,189.08,10.07,0.3585,1.1659,43.43
ZRCXj4723hM,1.2803,118.0,170.09,23.04,1.5626,-0.2823,-1.03
56Ji-oiiI2I,1.8631,65.45,180.93,31.6,2.4641,-0.601,-30.99
dOdT4wmZte0,2.3653,55.13,211.91,34.62,2.0012,0.3641,2.67
Ru8jHmOP3oE,3.2431,80.03,86.24,33.71,2.8142,0.4289,-32.69
xJr7ZfDmYkw,1.6501,41.98,186.0,17.22,2.5615,-0.9114,19.63
RV1o3m_K5vI,0.9802,50.5,197.52,12.51,2.6125,-1.6323,30.67
fRZ3F7_fDmw,1.3995,53.77,195.47,12.37,1.6263,-0.2268,0.18
5yhx5hqd4d8,0.9773,41.57,196.16,11.12,2.9639,-1.9866,23.46
hPEi2iAaouc,1.261,31.23,187.0,10.48,2.3911,-1.1301,1.5
GCaHMTr80qo,1.0977,44.94,194.64,13.5,2.8453,-1.7476,31.05
WSmuIEWhBl4,1.8475,45.6,181.94,12.85,2.7319,-0.8845,13.43
aNj3Sf52R8Y,0.9839,41.91,188.63,11.95,3.253,-2.2691,15.77
X2aPYd7UoIY,3.213,108.43,108.38,24.24,3.0631,0.1499,92.31
be8JKykL5Z8,3.2138,181.29,116.7,33.28,2.7846,0.4292,101.5
8YYmWinU11U,3.6823,128.96,42.54,39.7,2.2935,1.3888,30.62
r0OIe12MU4k,2.9689,154.18,127.33,33.35,2.2372,0.7318,70.5
DkEgXYJ7hqk,2.8952,151.76,108.19,37.51,2.419,0.4762,65.17
prvyg3-PeX4,1.8299,160.24,125.09,10.47,2.1322,-0.3023,28.98
93DmAwNR_Ak,3.4306,141.53,96.91,44.04,3.0802,0.3504,22.81
p63Cp70RJLg,3.1258,63.99,161.73,41.52,3.0931,0.0327,39.42
xQbaBhQrEG4,2.732,144.91,106.45,48.32,2.9126,-0.1806,106.91
WrOvNXGjdE4,3.3314,171.09,141.59,51.97,3.3015,0.03,85.52
vM0mk1qt0CI,0.3463,185.21,239.89,11.6,2.6882,-2.342,126.14
zpP50JoeScY,2.2953,136.77,164.22,32.24,2.7926,-0.4973,54.16
fT24N3iJokU,0.5519,180.14,242.27,14.56,1.8009,-1.249,85.42
go4uDMQSDFk,0.9287,54.35,223.54,53.54,2.3777,-1.449,20.53
Hzy-eaKl93E,2.0186,166.14,217.67,28.29,2.3405,-0.3219,32.14
XhLSVHGwoRM,3.2344,130.24,98.72,33.9,3.0594,0.175,35.44
VuX5sjSAH0E,3.0644,75.4,122.99,33.58,2.6,0.4644,30.19
zGrs_XIRcGA,3.3663,107.64,119.81,39.56,2.3333,1.033,-27.12
u0QgDicgyl8,3.0565,121.94,113.59,46.02,3.2985,-0.242,39.4
fFseGvy3n4o,3.4043,140.85,87.92,44.13,2.4983,0.906,-4.37
kf04RYeXuag,3.0561,59.95,129.58,41.22,0.9124,2.1437,-0.45
FwpEFGzIUCg,3.2959,82.63,110.17,29.94,2.8435,0.4524,20.98
OiQwLgyL4Is,2.7488,84.53,102.13,37.07,1.9825,0.7663,-94.6
5vnI75ud_8Q,2.9201,64.17,112.76,29.95,1.7652,1.1548,-23.4
H_WpcehEzO4,2.5435,55.9,123.03,46.24,2.7683,-0.2248,1.54
WzJvBtrKozc,2.087,44.51,159.84,38.86,1.7304,0.3566,-41.24
hk6uaZsGVZw,1.9976,131.23,84.49,28.59,2.1258,-0.1282,5.03
1ZgrIUQvbOs,2.6579,160.58,152.54,44.44,2.242,0.4159,93.26
zc3hFzin3C8,2.2225,134.32,138.1,66.23,1.941,0.2815,17.68
QskB3hOn2BU,0.3498,75.83,130.68,16.83,1.6923,-1.3426,-41.53
CjFiGypZUw4,1.7968,86.77,116.01,33.48,2.2061,-0.4093,-41.09
C9UZwyXTti4,1.6493,148.04,126.4,17.49,1.4562,0.1931,-10.44
gOmUao9HbgY,1.747,174.31,137.01,18.5,2.4074,-0.6604,11.26
eqEMi8ZdFVo,0.4284,168.6,185.92,15.48,1.6103,-1.1819,0.41
Koeh8fM58ts,2.9577,177.18,132.57,58.2,2.4816,0.4762,25.92
Dn-vtDmLGQc,2.9042,211.45,165.38,44.39,2.4543,0.45,90.07
C0NPNmDiKI8,3.0601,105.18,105.58,36.36,2.5856,0.4745,27.84
x-Do4ke5Pw8,2.3569,187.85,146.26,46.56,1.816,0.5409,76.56
GJxe8uWN6zg,2.257,213.02,142.81,38.14,1.9307,0.3264,71.83
s3Y6JwqPg2Y,2.1967,214.14,145.76,34.96,2.1889,0.0078,85.45
5N74httT7Bk,2.7501,160.31,95.94,22.56,1.5197,1.2305,8.84
CzjylAq_o4U,2.6733,149.43,98.69,20.95,1.512,1.1613,-18.78
-jnoV57b1DA,2.7374,153.2,94.2,21.12,1.5789,1.1585,-8.85
2V0ai5sFBOo,2.7615,152.12,97.63,22.62,1.469,1.2925,-15.03
-op3GPeCfpk,2.7234,131.7,93.24,19.77,1.6939,1.0295,-52.6
qhlIpVoJvdo,2.593,118.62,86.95,17.64,1.7496,0.8435,-65.87
sql_j2stmCM,2.7003,141.71,99.02,19.92,1.7007,0.9997,-42.55
gAZbRQtf1v4,2.7753,135.52,92.87,21.18,1.6492,1.1261,-52.81
VpaQvplXxug,2.6924,125.29,89.19,18.97,1.7545,0.9379,-59.26
GzMQ6U7DHfA,2.4991,146.06,154.91,37.81,1.8037,0.6954,15.04
TFZF36sYHMI,2.3498,145.06,186.74,36.07,1.8829,0.4669,7.36
aLDsk5nl07o,1.0587,58.44,208.51,10.64,0.706,0.3527,-76.47
JA5ChCU6Q7o,1.0788,45.28,175.52,27.99,0.6973,0.3815,-35.98
f6DNtWIWKTY,0.0465,39.7,167.86,17.73,0.4376,-0.3912,-18.86
bMkxqS5mcr0,1.4037,69.12,149.83,24.42,1.7764,-0.3728,-29.22
bwzcYtFoMEQ,0.686,13.07,172.58,19.93,1.7053,-1.0194,-8.15
dne83jB3xYY,1.5036,27.88,200.18,31.11,1.994,-0.4904,-69.15
Z9oOYp9wG2g,2.4301,34.79,147.03,47.2,2.1149,0.3152,-29.15
WruNjTEhlac,2.0115,68.24,111.01,11.39,1.8812,0.1304,-28.65
ZIUoJhivNX0,1.258,86.08,116.95,15.1,1.6612,-0.4032,-11.49
wrhYLlHZ9aU,2.8203,112.64,122.49,20.64,2.7217,0.0985,1.98
TKWpbjelgBs,3.4619,94.77,91.0,37.46,2.5038,0.9581,5.0
S1s1Yzd2PEk,2.2888,47.37,108.91,34.52,2.192,0.0968,-70.77
Y6ZK_5yoC-Y,2.4538,123.78,135.3,16.98,2.1398,0.314,2.64
zLjbTC3mcik,2.6198,122.78,103.85,29.98,2.4299,0.1899,60.32
EaJHVcTR1sU,3.2043,108.72,84.36,25.06,2.7892,0.4152,39.92
WTgytg0BwJs,2.2938,177.42,125.52,18.79,2.767,-0.4732,115.76
llGMcFKCB-8,2.6879,117.76,150.5,33.69,1.4492,1.2387,43.84
-jNXtGvU7Vk,3.2074,104.06,119.97,36.86,2.6018,0.6055,58.79
TmQKnfaKK40,3.2314,125.35,109.17,31.51,2.096,1.1354,46.37
DtQ0zg19gDE,3.3062,138.07,111.94,39.86,2.0184,1.2878,-2.58
ji8lLEyI2Mg,3.2494,149.96,114.4,34.54,2.6244,0.6251,24.78
5xpI84_QQtM,3.4777,135.53,96.62,44.45,2.2364,1.2413,19.11
ULX9K_UvIU4,3.0726,106.4,100.23,24.86,2.6603,0.4124,30.9
jVYk5elnFmw,2.8625,117.03,87.02,24.58,2.7423,0.1203,8.73
Bqhf9LJhb1M,3.047,97.04,99.83,26.2,2.46,0.587,18.87
Jw8TZPT5mrs,2.7873,117.2,116.0,25.09,2.4621,0.3252,44.86
piz3ajzLRLk,2.7715,119.0,90.57,21.0,1.1984,1.5732,29.07
Q35gCTFC7rc,1.6481,33.54,169.91,16.93,1.1763,0.4717,-24.85
9_vHvL-ql5s,2.6458,96.77,135.38,22.52,2.9208,-0.275,56.79
FCRu7OsWR6o,2.8714,114.35,146.0,44.45,2.8435,0.0279,-28.37
ZV_-8pFbzpk,2.8714,114.35,146.0,44.45,2.8435,0.0279,-28.37
ZfkcAsYWyEo,2.2588,87.79,145.77,33.84,1.7351,0.5237,-15.68
afG78IMBKco,2.822,148.12,135.92,46.38,1.862,0.9601,-3.44
oHARmg8X7J0,3.2405,110.26,115.47,59.11,2.4814,0.7591,57.47
MANwantFz8k,3.0761,97.68,123.4,37.04,2.336,0.7401,-71.69
3-68a8HTGh0,2.4574,19.92,218.08,16.16,1.1554,1.302,-29.79
w2ECr6PfNXw,1.9986,65.23,208.51,34.86,1.9218,0.0768,-2.79
GCCLTWv23O4,1.3307,138.31,186.49,61.23,2.0808,-0.7501,21.04
kIhbx3AbdTc,2.7942,127.43,68.71,40.78,2.2752,0.519,3.24
jdmp6rqrFcw,1.5029,121.24,236.21,8.76,3.1225,-1.6196,17.37
Sfa9PGw2qoQ,2.8435,115.97,84.63,23.6,2.0091,0.8345,44.83
J1sJkRmza0c,2.6073,12.84,53.25,12.37,2.5522,0.055,-39.13
riQ11ahuqn4,2.6009,85.87,59.24,17.6,2.5579,0.0431,-3.06
y9XdGi6WNos,2.6192,87.34,61.34,18.26,2.5358,0.0834,-2.76
tNxdc_JzAhw,2.545,82.05,50.35,15.21,2.5633,-0.0183,-9.77
3l1tiMZLNh0,2.5553,94.95,53.5,17.29,2.4996,0.0557,-1.21
9rHEsFNS9Bg,2.6034,37.19,54.04,41.1,2.9408,-0.3373,-1.63
fo8cH8F9qFY,2.9108,36.39,57.01,27.92,2.8529,0.0579,-15.71
MBmE7dqAYLo,2.3638,85.8,91.37,33.84,2.0804,0.2834,-7.45
TXkaFrwpsYg,2.8354,126.14,105.29,20.14,2.2531,0.5823,4.07
fhbNvBlsWnE,3.1095,129.66,106.54,22.52,2.6911,0.4184,26.71
XmksvkDpIn0,3.0354,104.34,97.22,27.55,3.0615,-0.0261,44.7
ibv9QrWnXBA,2.9121,118.0,108.73,26.34,2.9355,-0.0234,39.79
2MqP2GlMzlY,2.9527,59.68,111.67,31.92,2.326,0.6267,-21.76
-F7FQco4MzQ,2.6155,60.22,134.17,21.12,2.651,-0.0355,-7.57
HfsppMNSDdA,2.7388,58.73,126.46,24.86,2.7152,0.0236,-8.61
xcPHlkxHGs0,2.9213,59.56,111.66,33.63,2.9392,-0.0179,-24.93
AP8p-y8uz8U,2.9826,69.56,96.97,43.73,3.21,-0.2274,7.76
uQNEGplYpxA,3.1035,66.68,88.66,38.95,3.2126,-0.109,4.31
7dq2yqG1Xf4,3.1033,62.75,118.75,33.29,2.4707,0.6327,8.68
P8nQm2M0KAs,2.8558,77.83,111.57,30.85,3.1459,-0.2902,19.43
a8PPAux_iaE,2.6538,78.95,95.27,22.77,3.3583,-0.7045,1.47
tF3UtfYYdK8,1.4837,65.57,219.21,19.26,2.8012,-1.3176,21.82
yyuXomRb8-o,2.0527,53.29,188.73,30.1,2.5947,-0.542,-25.87
t-clSA9YdRo,1.5501,40.3,198.95,14.81,2.9459,-1.3958,-28.72
dOmSh9Aqfe8,1.7877,58.03,198.84,16.93,2.5491,-0.7614,5.93
WT2odkXriQo,1.4424,62.19,185.08,16.99,3.2347,-1.7923,5.99
0rVo0320gpg,2.152,52.97,167.37,15.27,2.0686,0.0835,-22.9
oZeXLhAQFJE,2.104,51.01,197.85,21.07,2.6355,-0.5315,12.7
OXW_Jvx6uyU,2.6666,71.59,178.33,24.31,2.7886,-0.122,-7.72
Uz-pTj5gx8Y,2.1385,58.35,206.99,21.83,2.5735,-0.4351,-4.53
o8nRKLlopN4,1.9493,54.36,187.69,16.29,2.7266,-0.7773,-56.2
vP3ZlF_PAK8,3.0608,74.92,77.34,22.83,3.9531,-0.8923,74.59
uvAHrMSu3M0,0.9423,153.88,127.91,3.44,1.1376,-0.1952,9.93
oetDG5eFfeI,0.6901,40.14,214.19,10.81,1.855,-1.1649,-0.31
2jIibVcPkG4,2.6563,95.47,122.99,35.18,2.6363,0.02,34.72
i7IAtZF3bRg,1.9226,123.56,113.45,17.13,1.7187,0.2039,29.95
ElqvKUC4STM,3.3147,69.47,99.85,19.38,3.3824,-0.0677,6.74
GvadD_LXRj8,2.1561,122.74,111.21,24.98,1.8354,0.3207,3.49
hHwrdEqagWg,3.2568,80.36,111.18,46.43,2.0939,1.163,36.71
m2UMfmHgzuQ,2.3992,125.93,111.51,21.19,2.4203,-0.0211,51.23
lKdt1RBQTzo,2.4227,27.2,140.18,24.45,2.2737,0.1491,0.37
yuMv64hJY90,2.6873,90.17,127.02,40.54,2.3818,0.3055,24.69
06wR16XkmUA,2.3584,105.84,153.5,23.33,1.5733,0.7851,38.3
w38Nm4UNWAY,2.6602,63.37,120.97,22.59,2.7148,-0.0546,35.37
4lYTFI2r_OQ,3.147,158.19,128.32,35.73,2.8377,0.3093,94.24
fevHxjM58JU,3.3509,159.75,130.42,44.83,2.9029,0.448,69.61
Ii33LgZFkow,3.1967,154.71,130.6,34.75,3.1559,0.0408,76.66
z42gCf4zw1s,3.4051,154.76,129.33,37.11,3.035,0.3701,70.63
g2MTKeWcLHc,3.2047,144.58,122.75,38.23,3.3251,-0.1205,83.92
yZr-71XlBw4,3.1225,159.57,124.89,33.15,3.0137,0.1088,70.77
fz-goXmsuUI,3.1031,155.38,133.41,32.02,2.9753,0.1278,81.37
oQ3po-9r_ak,3.2667,158.55,122.12,35.61,3.6265,-0.3598,89.0
nXCvNH93sWs,3.3226,165.56,132.04,41.23,3.1774,0.1452,89.21
n68mipf6UpU,3.0867,164.75,121.49,34.44,3.3453,-0.2585,84.89
ovP5S-xXcLE,2.0575,123.51,115.29,18.01,0.7188,1.3388,-35.19
b2Be5_bJNac,2.209,118.27,121.24,17.66,1.9204,0.2886,-60.7
6w4e_3ddaMg,2.3751,101.82,134.32,17.98,1.4213,0.9539,-24.32
DOKqR9Y_hZY,2.8672,99.82,125.36,25.18,2.7738,0.0933,-43.42
RVjZJIV3KDo,2.7152,115.67,175.07,28.74,2.1181,0.5972,27.75
iCTm-hBSYAc,2.5539,122.71,170.46,23.94,2.3924,0.1616,61.82
ik5ua3A-a0Y,1.0191,201.6,85.42,4.99,2.7601,-1.741,106.73
8rARdKalJ2U,3.3955,153.72,108.54,31.08,2.0018,1.3937,88.26
vSpfcSfVU28,2.11,124.68,114.47,23.78,2.2545,-0.1445,65.65
6fAy3TZa-QE,2.8963,129.88,98.54,21.0,2.0194,0.8768,38.29
Xjlt7WhLGbM,2.6814,123.73,168.88,30.08,2.8306,-0.1491,6.89
BCFQsXOIXyc,2.8647,133.97,167.0,30.65,2.2665,0.5982,66.36
putXb8ReEDE,2.54,133.44,162.45,16.61,2.1157,0.4242,18.09
aZEEkwG48xc,1.9026,141.68,168.23,29.88,2.3651,-0.4626,10.83
185czUSRQOU,1.4484,154.67,179.81,40.71,2.3688,-0.9205,61.61
DuwQpbDEU-o,2.0977,141.86,180.21,31.51,2.4942,-0.3965,66.18
nQWjyMuoikI,1.8931,153.66,178.71,27.21,2.5281,-0.635,45.67
TLHzn2XyBbY,2.1878,139.91,173.66,37.62,2.393,-0.2052,53.25
Q5lXpikvpTw,1.73,96.23,122.18,29.3,1.0209,0.7091,-19.69
O2Arp_2lGAs,3.3234,122.53,122.92,31.37,2.0376,1.2858,3.8
VVigIPnK1QM,2.5482,108.63,186.52,51.53,2.1545,0.3937,12.87
OdiqA1AFK30,1.4354,153.96,208.49,46.74,1.8891,-0.4537,-8.15
b4cVqnc7_Wg,1.8449,65.92,170.31,42.6,2.9506,-1.1057,-6.76
WkxE5gQ2SaU,0.7042,35.07,166.76,39.66,2.7532,-2.049,-25.47
FuODzyrV19U,2.3277,43.81,153.72,43.2,2.752,-0.4243,-61.83
okk3Y_0RryY,1.847,28.26,216.8,53.63,2.8736,-1.0266,-33.25
tgKys7tRzcI,,,,,1.7382,,
KVs-hy984hk,2.2228,65.54,216.9,47.12,2.6749,-0.452,-20.92
K3yTD3rG-5U,1.0804,86.18,226.71,14.38,1.2538,-0.1734,-71.16
8XxgvwuACIA,1.7959,142.04,121.7,20.32,1.6854,0.1105,-58.61
WYcd0Y3WwUE,2.9505,81.51,129.43,33.88,3.2038,-0.2532,-10.36
IB9tbmVbFNI,1.7683,147.5,126.51,18.67,1.6641,0.1042,-52.89
GMst9Gm3i34,2.8445,75.23,113.55,32.6,2.9333,-0.0888,-49.59
YgzFfvn1x14,1.4031,110.48,217.94,17.92,1.3672,0.0358,-68.73
tP62gd1QuW4,1.7009,50.63,122.16,13.78,1.5849,0.1161,1.79
YsybXmzNvRs,3.0035,83.11,118.71,44.23,2.7988,0.2046,26.88
M3s1EQGHVE4,1.4759,89.05,197.71,18.79,2.6459,-1.1699,-18.05
yCqKm48WkUw,1.838,16.41,202.56,60.06,2.4331,-0.5951,-8.19
nlZ7sBdUpN4,2.7231,164.83,131.84,43.17,2.3176,0.4055,-0.65
CJBD9vyD76g,2.5485,188.59,127.88,20.65,0.9333,1.6152,35.66
rk4KZVLPSK8,2.8815,130.46,147.84,23.27,1.772,1.1096,49.94
ufXD6my1r-A,2.8956,132.99,126.96,38.9,2.8812,0.0144,50.87
tIWe4oHgRk4,2.8215,140.04,124.43,37.53,2.6126,0.2089,40.22
OBhSGgQeHLE,3.2366,181.28,93.3,26.38,2.6148,0.6218,7.04
iheRNKS3xCc,3.0654,143.88,100.7,47.84,2.6501,0.4154,16.34
_he9pWkR8zU,2.3812,123.0,154.39,20.61,2.5594,-0.1781,36.62
JZZrNP1K8eg,1.8323,158.21,106.61,16.96,1.4281,0.4043,-19.41
3SqoGQJ4pYs,2.0108,175.22,124.86,16.87,1.2804,0.7304,25.16
XSsLwnkKlbQ,1.2111,126.51,173.0,29.31,1.5437,-0.3326,-34.93
l_xaN1Wk0uw,2.3463,137.25,136.75,41.37,2.3439,0.0025,-25.81
CJKyrI_EhTE,3.0862,107.03,124.68,30.3,2.9966,0.0896,-1.28
M4ekNDrcXHo,2.7982,92.03,128.49,50.76,2.7854,0.0128,-1.78
QN6fyifVQqo,1.3184,152.73,232.4,23.95,2.0101,-0.6917,94.56
mxai7ZJLB7M,0.9037,117.4,240.2,21.95,2.0635,-1.1598,61.56
CE7HjQh2Pt8,2.7069,134.66,158.15,30.64,3.4945,-0.7876,81.99
iiQEoWVOvc4,2.6275,152.33,182.82,23.85,2.3659,0.2616,104.79
SHh8M7KbQBo,3.2213,136.04,125.14,39.71,3.0342,0.1871,101.93
GC4LKUYfJz0,2.8621,162.28,135.08,24.37,2.5484,0.3137,126.98
ThgLo3-f6ZQ,,,,,3.4194,,
gN8gRKiqFaM,,,,,1.9371,,
mNoPVzqzqog,,,,,2.2948,,
uLAjZeqClaQ,,,,,2.1629,,
ohmPFDraYwg,,,,,2.1473,,
x5rQXrvb3Vo,,,,,3.4089,,
hjN08I1Gu7U,,,,,2.9666,,
zh3Bjozbm-c,,,,,2.4684,,
Qy6yXEYn0Bw,,,,,1.1443,,
NWDwckPWERU,,,,,2.2049,,
AgpOfCdA1p8,,,,,1.4863,,
9ecbeRgTjBo,2.7556,90.1,116.33,17.7,1.8405,0.915,-13.94
RuEfVJFOYwY,2.177,107.38,168.76,31.69,2.4086,-0.2316,24.83
q2eb0fZgHf8,2.718,110.61,158.65,39.15,2.4978,0.2202,55.16
xgR5pT6OwDY,2.8714,145.48,141.28,29.07,2.5673,0.3042,75.54
dEXyZ_OnbN4,3.0472,116.02,112.95,47.44,2.7954,0.2518,67.81
IXl-HVUC2mU,2.8345,98.88,138.78,27.64,3.0493,-0.2148,51.58
_TTj24cHipI,3.3303,120.93,123.46,44.33,2.9362,0.3942,73.64
8nN39WBDseY,3.3296,131.44,108.68,37.88,2.805,0.5246,63.97
DhxsR_gy6GM,2.6782,150.17,132.24,36.29,2.1206,0.5576,78.72
NkGO3FKk_qo,2.8768,146.16,136.89,27.93,2.4002,0.4766,92.74
-JRGAdu3XRI,2.9145,34.1,111.56,52.28,2.906,0.0085,-5.81
5640Sd4tFsQ,2.8112,86.27,145.38,52.52,2.7788,0.0323,-62.76
UkmwMVOevf8,2.4489,111.26,151.23,43.02,2.3445,0.1044,-1.14
36xuWDElIDE,2.8919,24.78,97.67,14.74,1.6729,1.219,-27.88
Q8cv2zIIWwM,3.1998,87.06,111.34,60.69,3.097,0.1028,-6.66
k71PdxKDRYM,2.8347,104.32,107.53,52.1,2.3088,0.5259,-107.87
dUgyQgSrsRc,2.3662,145.67,199.49,65.76,1.8563,0.5099,34.08
gXycttTv6ww,2.4567,169.67,184.26,54.38,1.6707,0.786,63.21
ndlWr49bNJs,2.3809,32.55,153.42,34.5,3.2335,-0.8526,-7.62
EK-QAJWFlDI,,,,,1.5056,,
Ge3dkhP1HMo,0.1798,140.85,161.81,2.83,1.1758,-0.996,-44.34
73NUbqJzgfk,3.2358,126.04,123.89,35.05,3.2792,-0.0434,26.97
wBGOm_je3rs,2.8813,112.0,180.08,46.31,2.9925,-0.1112,5.56
BVhHSK1JnpU,2.9059,120.18,112.99,37.29,3.1604,-0.2546,66.32
b2eJb9Y4Qrs,3.4776,39.81,170.95,47.76,2.6941,0.7835,-0.82
DYVmi98rtZo,3.2379,32.49,162.29,40.22,2.0693,1.1686,2.42
tEX8LNVyLbE,3.0801,34.9,160.03,47.69,2.5933,0.4868,-9.11
7L3HOvTrMws,3.6799,82.46,114.35,46.93,3.2577,0.4222,1.47
RoDk7Rvp7Ho,2.8095,89.3,166.86,42.62,2.4543,0.3553,3.78
WkEh6rajScc,3.1701,97.12,164.94,41.95,2.8332,0.3369,16.27
qU1Z_lIpBjU,2.5674,49.37,108.42,26.24,2.1005,0.4669,-24.11
l0kkMyzKRY8,2.5908,52.16,115.13,27.98,3.1097,-0.5189,-17.21
DBIzITq4J0w,2.6685,65.23,158.97,27.48,2.4921,0.1764,-16.23
aHmIxML5kqg,2.4515,74.88,129.17,23.35,0.6263,1.8252,-18.07
OP8363syWrU,2.7711,66.29,135.57,49.99,3.0281,-0.257,-8.41
W06swVy9wmE,3.3137,14.2,162.56,22.04,2.1476,1.1661,-38.78
Wgd7FWdHdKM,2.6442,137.68,66.08,50.03,3.0619,-0.4177,77.84
lP2_dg6PlQM,2.6373,155.03,90.73,58.8,2.7867,-0.1494,102.51
IJwk3EUXC-4,2.7927,182.38,86.85,68.25,2.486,0.3067,100.48
TcFXAhO92ow,3.1757,140.79,126.57,29.71,2.4115,0.7642,63.21
JSK37w5KSBg,2.89,121.16,107.34,68.15,3.1209,-0.2309,60.24
9sIivp6T3yQ,2.9573,49.43,82.82,43.41,3.4501,-0.4928,14.45
9r3RK-p9dKc,2.9914,166.83,113.73,49.28,2.1191,0.8722,77.09
_1ukpbriNXU,2.9661,141.85,118.1,36.98,1.8164,1.1497,43.39
jX3nC_55YDc,3.2072,181.71,110.52,76.32,2.7189,0.4883,102.28
FB9loBgegfw,2.1335,152.09,168.86,45.95,1.8036,0.3299,-23.24
6Sf3fL3sBDs,1.649,65.19,193.67,8.0,3.2965,-1.6474,-36.03
3FqgPQyd3S0,3.3952,170.0,91.28,38.06,2.4476,0.9475,77.74
RyvNnlLy6QU,3.5734,173.84,89.33,39.56,3.0625,0.5109,98.31
R-SVNyuXfmQ,2.3116,128.41,182.37,20.9,3.5054,-1.1938,15.79
klC9nZ2yNzw,2.2009,133.79,193.75,19.09,3.6684,-1.4675,22.86
oN0ONy2UVKs,2.0586,101.53,112.86,22.31,2.1768,-0.1181,-18.46
pF3utlaS8vg,1.6808,125.66,201.15,7.36,2.5674,-0.8867,44.76
GnvPfWPJ3E4,3.0086,115.22,168.46,27.36,1.9483,1.0603,45.91
WJ1mrinrewI,1.6946,53.27,203.81,15.47,2.4762,-0.7817,-0.69
Ul2w00Tub_c,1.9013,103.19,47.82,8.89,3.1753,-1.274,91.75
102dUdCZVnU,2.8882,68.31,128.42,41.75,2.3469,0.5413,-13.54
-cAl0YePiAM,2.6607,115.01,132.34,61.16,1.8202,0.8405,1.06
zW8wEWWVfR8,2.4129,86.4,139.28,29.05,2.4389,-0.026,55.68
MbkuXy8MRAM,0.7031,135.8,204.69,25.72,2.7367,-2.0336,118.7
MZBDhXf9BQc,0.833,83.47,171.36,40.04,2.9117,-2.0787,37.69
BQ-UASsVJIo,1.4271,87.55,175.0,38.61,2.9877,-1.5607,45.32
uep5bh0PEOY,2.496,106.45,119.11,22.18,1.7961,0.6999,35.96
Txv9dOZ3McY,2.2002,71.03,178.55,37.13,2.1313,0.0688,11.73
rB8YU5E1SLc,2.5695,98.25,116.4,19.75,1.4886,1.0808,35.54
AVoS0wbiBNc,2.6144,191.98,123.72,31.78,2.2635,0.3508,131.52
fhlBkNFgKvE,2.1263,188.63,165.57,15.67,0.9362,1.1901,106.28
1-SP7fCLFZo,2.4167,185.61,128.68,26.28,1.9252,0.4915,136.21
pw801F4WsLE,2.0148,165.5,156.17,23.15,1.0282,0.9866,114.65
T2Nkf-jC6So,,,,,3.2626,,
ncPBXM9ZGjA,,,,,2.5264,,
gJ8c5R7dQ2g,3.4603,93.51,193.26,42.6,2.9689,0.4914,36.86
Sj7bauanWWk,,,,,1.8587,,
WsAq--ylQwQ,,,,,2.5667,,
U8JYeieCGJw,,,,,2.0933,,
ZnCkJJo6bdA,,,,,3.0986,,
TRs3megbgnw,,,,,2.9548,,
UxqzZPeIzCc,,,,,1.845,,
8PhPvSIYao4,,,,,2.5689,,
FcT_HkCDL_4,2.158,132.26,100.94,16.02,1.6854,0.4726,77.91
HqKD0_4aNdw,2.7146,73.36,131.88,26.67,2.609,0.1056,-13.33
FRJt7YkPE9I,1.7018,103.67,195.79,38.58,0.2698,1.432,-105.83
CLUILvSgdsM,1.0864,44.16,215.8,43.29,0.106,0.9804,-163.81
9zEm_pH1e7o,1.0864,44.16,215.8,43.29,0.106,0.9804,-163.81
3ciXVtKwb50,1.0864,44.16,215.8,43.29,0.106,0.9804,-163.81
VvsPirBs1x4,1.0864,44.16,215.8,43.29,0.106,0.9804,-163.81
fdbhfGmKXOc,1.0864,44.16,215.8,43.29,0.106,0.9804,-163.81
JA7MvDB6gG0,0.6954,112.48,104.87,4.48,1.7821,-1.0867,-20.23
3n1wbwaWNDc,1.6409,233.61,123.45,20.26,1.2167,0.4242,29.74
lUWGbSDbwhs,3.0502,121.84,124.92,44.76,3.0045,0.0457,61.67
ThMF_Va3Psg,2.9874,104.44,126.67,45.36,2.888,0.0993,41.97
D2MQ1jlTxKM,3.1139,102.36,135.74,47.11,2.816,0.2979,55.12
VtgbKcvAojM,3.1759,85.82,139.83,39.82,2.6272,0.5488,32.2
OOFnf096gw4,3.0025,87.83,123.37,36.59,3.3005,-0.2981,39.79
ADpZ2_pvygo,3.2338,104.1,123.02,29.86,3.2522,-0.0184,54.37
BmEyWuEczWA,3.0787,95.4,131.5,35.7,3.0104,0.0683,43.63
RjAlyYBZyqQ,3.4316,97.48,126.42,33.32,3.2335,0.1981,44.74
9R5ixrTQN6o,3.3769,104.0,128.52,41.26,2.8896,0.4873,65.92
wsPNPf7aIM8,3.1044,121.34,127.52,40.16,2.9804,0.124,73.27
v5jTzokEL-0,2.8859,119.13,103.43,44.22,2.2392,0.6466,32.93
D1d5SeKbHEU,2.6081,99.2,91.84,42.78,2.375,0.2331,37.19
wKkDUF3rGnE,2.4649,118.85,103.58,33.47,2.1716,0.2933,32.69
Q-QmOPeS2so,2.8851,116.31,95.22,36.49,1.9512,0.9339,50.5
ukbHSTKYqow,2.4836,95.06,117.48,35.16,2.0782,0.4054,2.91
LdJbFXD_nLo,3.2383,131.04,124.39,30.94,2.7107,0.5275,-10.12
GAWgjMojhxo,3.026,89.22,131.78,28.11,3.1037,-0.0777,32.89
5ra7Ja8PF7I,2.6345,63.78,163.42,56.26,2.496,0.1385,36.14
gLjQsIx1YgY,3.4818,85.72,105.13,45.29,3.2123,0.2695,20.62
fDd7RrgwGDg,3.3675,71.02,117.05,72.55,2.6497,0.7178,15.83
XG81E36zAuQ,3.2777,69.37,110.27,42.47,2.799,0.4788,51.49
clXggcV8mL0,2.5156,108.59,152.26,22.02,2.1051,0.4106,53.34
FBKItK3k_bs,3.1914,92.49,136.81,41.3,3.3891,-0.1977,35.19
P1Lm6BnHJ6I,2.4996,43.02,176.87,29.09,3.434,-0.9344,-39.57
NhFnVvpuLBU,3.1807,181.95,159.26,42.24,2.6609,0.5198,65.09
d_dtCrGyFQA,3.176,167.08,149.49,36.67,2.345,0.831,44.3
FMUUMEaxsTI,3.2185,163.13,143.66,36.09,1.9606,1.2579,62.87
SGhub1GWsvU,3.2348,176.62,149.18,41.54,2.4625,0.7723,73.67
PZI6HBmY1hg,3.0473,185.2,170.69,39.01,2.6727,0.3746,43.93
pYErZ2GuY5c,3.1806,172.81,159.52,40.1,2.1549,1.0257,77.29
-YT7uWmB36g,3.2656,166.48,168.99,45.6,1.7329,1.5328,106.82
YG4KYA9AGwg,3.2497,166.38,167.82,43.54,1.3303,1.9194,107.59
6K_27C0i9LI,3.3018,162.53,167.32,42.59,0.8975,2.4043,77.72
lrsaEQ8CjPg,3.3553,174.98,169.13,42.7,1.8479,1.5074,105.35
lujR1lgTwNA,3.4055,153.73,117.08,57.19,2.9534,0.4522,77.68
ZZDIShJrTgU,3.2438,102.29,125.27,38.18,2.8963,0.3475,70.88
aNv6JJlwuVQ,3.3735,175.63,126.28,43.25,0.7954,2.578,132.33
3iOknoRLOH8,1.9683,142.84,183.6,11.3,2.6297,-0.6614,108.06
yVc8a0QGThs,3.1317,156.18,107.11,42.32,3.0965,0.0352,85.07
BOe7OEvpADY,1.5869,38.32,77.3,14.0,1.5555,0.0314,-45.13
zKpwRrRcWiw,0.0,0.0,210.21,-0.0,0.511,-0.511,-48.79
kD04asanBgk,1.6677,102.46,94.96,31.68,0.6901,0.9777,-1.57
Q1j_I69bTFY,2.3354,50.07,147.37,32.27,1.2258,1.1096,-15.55
Of6xbWGPxZU,1.0249,62.37,214.42,19.51,0.7629,0.2619,-26.83
5Dq3wHVR68E,1.1041,106.61,206.5,57.26,1.0253,0.0789,-21.78
8enFlLTNNXI,0.8349,72.04,220.41,15.9,0.5002,0.3348,-53.96
9OMq5XCD9aQ,2.4063,30.77,200.12,15.44,0.7929,1.6135,30.71
BwT-ndO-C5A,1.5126,51.44,208.05,37.83,0.7572,0.7554,-76.33
IIY23Cl8oIQ,3.0938,61.25,182.15,56.85,2.4217,0.6721,36.17
Y3aQ3uLWBBE,3.4664,184.96,120.79,55.69,3.0051,0.4614,94.67
9Q_QC8kteGs,1.6776,110.8,99.7,8.38,2.5103,-0.8327,31.66
eUYY-O9PyRQ,3.6365,172.97,128.7,40.61,3.266,0.3705,40.02
8uG5OEm7X38,3.4721,145.26,134.41,46.25,3.5717,-0.0996,32.93
sKJT8i50oM8,3.4138,154.33,143.33,50.53,3.0414,0.3724,54.25
Uoqb0I88fOE,2.9774,154.97,140.99,65.62,2.4764,0.501,6.18
UX2nVXNvj-4,1.9491,96.82,134.65,43.02,2.0256,-0.0765,-8.23
eeip3j1wVPc,1.518,110.24,175.89,14.84,1.8563,-0.3382,-36.43
RmKsP6YRehk,1.9896,104.73,209.47,29.63,2.5972,-0.6076,51.19
-YcEuFnr01k,3.3068,102.5,124.03,32.2,1.506,1.8008,26.66
Rm5UvkMkfLg,1.9826,115.02,147.77,24.25,2.5517,-0.5691,25.41
o7Gf6Q9Hue0,2.9544,64.74,108.3,31.76,2.1221,0.8323,-45.24
kJXLtoja3Aw,3.2114,156.7,113.77,26.81,1.1764,2.035,9.28
XAs6D9gc7QE,3.655,148.24,93.1,47.55,2.8568,0.7982,4.42
5dnBtlz7QmQ,3.4341,106.84,125.86,31.7,2.5509,0.8832,32.09
xZTvcY3hr0A,3.5193,138.18,116.86,33.66,1.8617,1.6576,37.93
rrm7GN_Y8V8,3.0192,103.3,118.2,29.55,2.3192,0.7,8.87
v78jRK3FYC8,3.0297,159.65,108.33,38.51,2.607,0.4226,16.9
XncAjD6SRa8,3.2328,152.8,115.96,41.55,2.0527,1.1801,46.28
1_pos1lUl9I,3.2,163.64,112.24,34.03,2.1765,1.0235,91.58
pjvYm7nWxBA,3.2642,153.07,123.22,37.25,2.166,1.0982,61.34
mc2E9c4Sc-0,3.4034,172.48,120.07,41.1,1.8411,1.5623,75.73
qbU7EQE1bTI,3.4778,131.37,119.63,39.67,2.6875,0.7904,60.45
F8aT9M6OdA4,2.0907,106.53,210.54,31.3,2.816,-0.7253,44.41
TtGcttKYaSs,1.4106,63.31,200.52,35.68,1.8362,-0.4256,19.89
EeH90Ma0Y34,2.4411,86.49,155.11,19.64,1.4625,0.9786,40.05
WIu6fQF_hFw,3.3379,114.5,146.28,39.89,3.0364,0.3016,33.41
8FHIl6SJDoE,2.4326,111.18,202.58,52.53,1.5382,0.8944,35.49
j6bdXJkHunw,2.2411,69.92,136.41,39.14,1.847,0.3941,-28.23
9D5dxwhIa_o,2.8889,135.69,130.25,26.65,2.0048,0.8842,44.44
-5xu7Wmxejg,1.116,38.97,228.07,27.04,2.5561,-1.4401,-15.09
2jdoVWoXX20,2.0978,44.27,207.44,24.06,2.4294,-0.3316,-14.93
yKtUKqtuYqk,1.5368,85.9,120.2,10.19,2.7042,-1.1674,17.6
K0elb13iDfA,2.6351,81.46,109.3,42.09,2.9388,-0.3036,4.03
k7oynoteI4o,2.8013,85.4,202.76,32.18,2.3975,0.4037,-31.14
kbhnf1knVro,0.5355,126.61,94.22,2.48,1.3623,-0.8268,-38.13
W_35AQXGzlM,2.1334,30.98,128.97,44.86,2.0999,0.0336,7.53
BUYZW2yc5Jw,1.6333,105.85,75.35,10.58,1.7058,-0.0725,-16.1
-RPWSw27VDU,3.0849,81.48,139.85,29.48,2.8938,0.1911,-22.35
jw9mcBSY1Zg,2.2116,191.59,91.43,37.75,1.1576,1.054,10.22
VSKbjDZhwOU,2.0385,159.04,118.49,11.42,0.7587,1.2798,26.3
26Xt4aoEXsM,0.0,0.0,52.27,-0.0,2.9027,-2.9027,-51.96
2o-Wnx58OD8,1.791,184.94,116.19,12.02,2.1321,-0.3411,71.32
u9TiyfyUBrY,,,,,2.5496,,
UuDcTRMSAjk,2.5261,57.28,127.2,27.39,2.2461,0.2801,-1.53
_OJTMQ5avbI,0.0716,111.65,105.51,1.39,1.1359,-1.0644,17.01
5JSVEidHVlU,3.0627,139.82,103.32,40.55,1.9151,1.1476,77.91
jTxvWnPLE4Q,3.563,164.15,117.24,47.29,2.7692,0.7937,121.68
meReG59PLeY,3.5926,159.22,122.11,67.92,1.8789,1.7137,92.1
lB-2r0SuDMc,2.9785,121.16,120.83,35.04,3.3518,-0.3733,82.72
Tl3VGX5PudA,2.8824,126.43,125.19,35.46,3.0684,-0.186,73.58
5MjAzDaxHIY,0.4578,3.31,205.9,34.86,1.1237,-0.666,-3.43
3tHkVlbSuzU,0.0,0.0,157.41,-0.0,0.0,0.0,0.0
IFqUswVkong,2.0234,70.21,129.76,20.98,2.1343,-0.1109,-17.75
KWEhmQu4tmw,1.659,117.04,136.42,51.13,2.8874,-1.2284,50.45
SAlSA8lo8PQ,2.1026,198.44,148.81,39.66,2.599,-0.4964,13.72
oIS-tM9Sh_8,2.1026,198.44,148.81,39.66,2.599,-0.4964,13.72
aodS3dcEYjs,2.2064,155.73,144.07,57.93,2.3005,-0.0941,-5.39
ARDqOjHH1YY,3.1652,111.97,140.43,58.31,2.5221,0.6431,71.16
8WIrObMLqj8,0.5225,131.85,62.54,7.93,3.1618,-2.6393,92.58
MWq8ZurRKIA,3.4255,130.47,95.57,41.91,3.0283,0.3971,76.01
mM4G-YODbag,3.0133,87.85,116.91,49.27,2.5712,0.4421,11.52
yciNrLtd5XQ,2.9068,79.37,155.94,41.76,2.7266,0.1802,-1.21
o4g-wXn6S0U,2.8293,162.56,80.87,28.3,1.3678,1.4615,100.4
KeEuED3AfGg,2.9088,162.38,83.89,26.64,1.0342,1.8746,45.42
EaSgTQL-tSk,2.8117,134.29,114.59,23.72,1.6915,1.1202,48.19
6OLkYOvkRgw,2.9747,186.89,85.96,26.28,0.824,2.1506,87.31
oRHMQT02xsU,2.9974,162.55,89.02,28.03,1.3872,1.6102,92.39
OjDgx3T6TQg,3.0036,166.25,106.3,27.95,1.514,1.4896,66.44
chEnDWgYnYw,3.2269,161.44,86.73,30.81,2.1529,1.074,61.54
PCR-1IEhCLM,2.9192,158.01,95.61,20.02,0.9678,1.9514,77.86
q-kOxZ9NO_A,2.8581,175.22,92.2,19.56,1.5382,1.3199,101.12
Wr0vKXvNaVE,2.8542,180.08,92.65,20.87,1.9607,0.8935,83.99
QdQFVh75Cy8,,,,,1.9926,,
VnBjZIOIdIc,,,,,2.3544,,
gUD88Sk-n6c,0.6047,102.07,101.38,3.59,1.711,-1.1063,43.45
RpGqPtvVFn4,,,,,2.2007,,
mWd4EKPcfkM,,,,,1.9393,,
PF6PaEHPZhk,0.4451,102.75,104.34,2.56,1.3829,-0.9378,39.36
b408cXUEXB4,,,,,2.4257,,
xB6-EXgYYlo,,,,,2.3998,,
QgeKUjXrWg4,,,,,2.8677,,
S86zsN4PDD4,,,,,1.8371,,
6fpVtpcIE6Y,2.9773,91.63,136.07,46.8,1.8841,1.0933,79.58
dTJXJXjFLgU,1.8306,139.76,106.19,9.98,3.0543,-1.2236,54.2
F_6yl6V8sKc,2.1914,130.62,140.43,17.96,0.2983,1.893,52.48
JFdIsUbQFwg,2.3467,81.76,140.61,23.74,2.0609,0.2858,-16.89
d3-ZFovytBc,2.2441,74.26,149.02,26.8,1.7072,0.5369,10.2
APFuzbAX3-Y,2.4881,91.18,141.6,27.65,2.6782,-0.1901,16.56
YBHyguCyPeQ,2.4823,59.49,155.74,27.9,3.1774,-0.6951,-20.22
R0u25wB-ODI,2.4787,52.87,147.69,31.37,3.2396,-0.761,-2.38
cnd8uo836J0,3.149,81.5,131.56,40.72,2.913,0.236,-8.06
sYDlCx2qDF4,2.4842,76.13,144.79,31.15,2.89,-0.4058,14.69
sPbaJegYOpE,2.2976,70.87,139.15,30.99,2.5789,-0.2814,7.72
nknuY1OnlHY,2.8671,84.04,128.01,29.49,3.0885,-0.2214,-32.16
HIaZ4mk5Lrs,2.5738,146.86,157.39,21.22,2.1321,0.4416,-2.51
f_plYc3M5FA,0.9989,71.2,210.06,5.68,1.5154,-0.5166,24.93
aAJTu4nf9YM,1.6218,135.74,143.66,17.73,1.3461,0.2757,-9.89
6l0UynTTqKw,3.045,91.45,102.51,27.95,2.539,0.506,15.67
IDo8Sr_a7yE,2.3481,60.56,202.35,16.26,1.7948,0.5533,-4.43
1ryxA43R3Bg,2.1944,119.22,134.64,17.7,1.7074,0.4869,50.98
rYpG-whmE1U,2.072,111.66,137.43,16.36,1.7706,0.3014,32.43
xK5DttBv1XE,2.113,115.13,145.02,16.96,1.758,0.3549,38.31
qDjWjse9V4Y,2.8406,164.29,124.14,35.32,2.1086,0.732,7.42
XFrzXWVWNWk,2.5772,148.0,98.94,26.98,1.6725,0.9047,-3.98
TavdGHco-A4,3.0253,118.64,141.29,38.35,2.2178,0.8076,18.36
D4QyPM0XZ64,1.9515,60.48,92.03,18.21,2.6414,-0.69,27.76
1TXhRy-gAXo,1.4395,116.13,102.56,15.0,1.7351,-0.2956,30.96
rO3lE5Wresg,1.4533,115.87,102.79,15.08,1.735,-0.2816,30.7
wkn64UuWlGs,1.4215,116.57,102.16,14.83,1.7359,-0.3145,31.44
NUBkOPqvue0,1.4373,116.11,102.69,15.01,1.7287,-0.2914,30.77
mAli4S-VE_w,1.4515,116.1,103.07,15.48,1.7202,-0.2686,30.17
RP37QBIRxwI,1.4649,115.83,103.34,15.59,1.7203,-0.2554,29.9
GLVAJkxq1jk,1.4377,116.55,102.68,15.33,1.7208,-0.2831,30.64
SX5IjqgO3uo,1.462,115.59,103.51,15.64,1.7081,-0.2462,29.42
KKio4ElQPlE,2.0474,41.47,110.24,37.14,3.112,-1.0646,-20.92
p3C2wm7mntg,1.7868,42.21,69.46,48.82,1.5322,0.2546,-20.35
1mQ1H_zvVDg,2.1348,68.43,133.16,19.85,2.1841,-0.0494,-5.8
9GDTreudxwo,2.6054,90.68,146.93,28.77,1.8439,0.7615,22.19
J4bO2Hr7QCI,2.4281,74.72,168.59,22.86,3.398,-0.9698,22.01
d9kjAbQyY4A,2.6853,95.8,166.5,24.27,3.1265,-0.4412,20.44
CdjkSjwpCmQ,2.2115,90.01,162.91,18.06,0.8864,1.3251,40.13
HvNPykB4agc,2.8307,86.27,143.29,29.76,1.4986,1.3321,12.16
Nm3xMkU8lRk,2.6738,91.26,145.59,20.01,3.0699,-0.396,-14.94
e1mIuciZatQ,2.497,72.76,169.75,25.49,2.6057,-0.1087,50.93
34marTKtlEg,2.9918,112.26,150.42,53.66,2.1478,0.8439,38.81
t-GU--2D7Zc,2.1599,92.26,152.79,17.84,1.9344,0.2255,-19.93
dP5PjYSHZYM,2.069,71.32,177.55,22.69,2.8187,-0.7497,54.08
YsqvH0rrNoQ,2.6605,119.48,146.05,49.83,2.055,0.6056,4.82
uLo3ZzRMJok,3.0899,126.41,124.81,55.42,3.1719,-0.0819,39.82
BO6vKqDVoLs,3.1076,129.57,125.04,59.86,2.4574,0.6502,55.64
s3wTKU7Pxo4,0.0,0.02,74.81,1.26,0.8745,-0.8745,-15.76
i8yOzI7EFzY,0.0,0.0,110.52,-0.0,0.4203,-0.4203,-8.6
I7o1VEIlBko,0.0,0.0,119.95,-0.0,1.0213,-1.0213,-11.67
ngKb9XXhyuQ,3.1218,54.46,124.54,29.18,3.1508,-0.029,-11.4
inspT4fs6gM,1.6434,2.32,123.96,4.48,1.1707,0.4727,-24.74
afkE3Yt_E1w,0.0,0.0,101.62,-0.0,0.9366,-0.9366,-13.87
B8YjhlLz6sI,1.6574,56.79,98.53,22.38,0.8479,0.8095,-31.32
rvW0EEF5JLc,0.0,0.0,134.24,-0.0,1.07,-1.07,-12.1
gpandjiFjAo,0.0,0.0,106.51,-0.0,1.2544,-1.2544,-14.0
3uLJNqF0qMs,0.0,0.0,111.11,-0.0,1.2538,-1.2538,-15.66
zEDDsb9VA6E,,,,,2.3223,,
izN_n1oUAH8,1.8508,103.4,29.21,9.79,2.5617,-0.711,37.04
79dQooqR8JU,,,,,2.5722,,
xkKjYJZhIW4,,,,,2.7331,,
f9xGr1LWQ0Y,,,,,2.6309,,
SXUsiyafRWM,,,,,2.8617,,
tzZXlOWzDZw,1.8508,103.4,29.21,9.79,2.5617,-0.711,37.04
biXzjE8_TpQ,,,,,3.0594,,
lfCYXek-yGw,,,,,2.881,,
oqVf9FNJ71E,,,,,2.8657,,
FKecGo-_vGk,2.3122,84.64,164.08,61.35,2.8657,-0.5534,21.1
Va4B3FXxxMA,,,,,1.4269,,
qL2l-Xwusj0,,,,,1.4269,,
cWTf5AOESv0,2.4682,142.52,169.44,34.31,0.9705,1.4977,-11.55
lugbsnevAPg,1.4734,84.23,156.78,23.16,2.8841,-1.4107,13.78
vvvz9UHBpLA,1.6444,105.26,158.33,37.88,2.414,-0.7696,66.94
nCKo4cIpoX4,1.1429,83.73,210.69,9.56,2.1798,-1.0368,-8.67
1aaXuYHFFu0,1.8728,98.81,161.36,34.21,2.1635,-0.2907,36.05
ZDR6LBKt14A,2.0441,152.15,119.65,28.59,0.9113,1.1328,22.27
_WGKdQ6Oz8E,2.1183,62.16,179.82,41.05,2.9862,-0.8678,-22.81
iuuSX5UVTXU,2.3764,129.64,168.11,35.77,2.2212,0.1552,5.31
ilpBBHNqAQs,0.37,57.89,184.12,27.34,1.653,-1.283,22.15
HIx26kXe1yo,1.6747,142.83,162.09,25.6,1.4054,0.2693,14.47
5XUV-P5IuWU,2.7979,50.82,134.05,41.76,2.3748,0.4231,-51.2
DYnWSyu3GzA,,,,,3.1759,,
blxTOAg8ZJE,2.1113,44.75,123.2,43.17,2.1162,-0.0049,-20.69
YTywPuFmR8E,1.264,27.85,178.11,6.55,1.1343,0.1297,-46.46
osuUcNuvDFQ,1.1034,60.94,162.7,13.11,1.3436,-0.2402,-72.39
V09e5UzuLVU,,,,,2.7899,,
1Sf2epEiRaQ,2.8025,17.0,212.02,17.47,0.3297,2.4728,-7.17
fphmvmckMz4,2.5316,127.75,190.44,35.28,2.6391,-0.1076,-15.9
wJ9XYva5eis,2.6615,98.95,173.28,53.32,1.1023,1.5591,37.77
__2Z0PW2DHg,2.1773,80.23,209.12,35.08,2.377,-0.1997,32.64
u7NX8f6hes0,3.0202,57.58,209.16,37.4,2.069,0.9512,17.03
K3Ctvt5jooQ,3.4813,131.65,108.94,43.35,2.6394,0.8419,51.53
hRTRagy-F5k,3.637,159.08,68.59,38.68,2.0936,1.5434,24.45
rsE7RLw7BjE,3.6811,123.38,69.34,35.19,2.2714,1.4097,29.59
ddVqGpaTqPU,3.6147,130.37,64.91,35.65,2.7617,0.853,28.37
gZb5pojCVpQ,3.7895,147.73,60.06,40.72,3.1383,0.6512,16.83
7cHC5_tisnw,3.6159,137.76,58.28,32.88,2.1834,1.4325,10.4
60HiZwOg68c,2.8291,122.13,119.56,33.26,2.1554,0.6736,11.09
fZOWTbh7zRE,3.5909,131.18,61.32,33.87,1.9223,1.6685,3.24
bRosf8fE1G8,3.8151,123.51,70.48,42.81,2.817,0.9981,49.56
Na9rWpJEOV8,3.699,134.64,69.98,42.44,2.1739,1.5251,60.04
IkT_fEAzHN4,2.5359,65.15,137.55,44.4,2.6291,-0.0932,9.21
ihvxXbS4n4c,1.6096,108.66,147.1,28.82,2.285,-0.6755,56.68
IXMlj9tcsRw,,,,,0.2057,,
A5JfFcgVUWQ,,,,,0.2057,,
DRxLZmdykJE,2.9147,60.78,90.13,33.51,2.9317,-0.017,-51.0
XRYTjDAAOoI,1.294,132.24,175.3,12.53,2.409,-1.115,69.39
sP10kNsIyKI,3.3167,163.63,85.35,29.78,2.4866,0.83,90.04
8Kg_Hbm4GKM,3.1305,166.13,83.8,28.33,2.5046,0.6259,107.71
oa-A9pje0qY,3.1228,137.07,74.28,24.75,3.4706,-0.3478,69.2
mHfkXLotMeE,3.1743,122.36,98.68,31.75,1.5071,1.6672,48.58
HbXTtY6DyKg,2.3264,98.49,99.64,21.03,1.563,0.7634,-6.66
z3Jb3gAlZl0,1.9867,98.36,105.34,18.91,2.6397,-0.653,-7.58
GPK6ot6zR74,3.4974,153.51,75.26,34.72,2.2065,1.291,118.02
IfVuICxBwTM,3.8065,172.6,74.99,50.56,2.7329,1.0736,114.55
5EvX8BW4JsQ,1.8545,168.26,157.78,34.05,2.2133,-0.3587,-3.24
1NOUGkRSy2U,1.8432,144.85,175.8,30.86,2.1988,-0.3557,6.59
MzRP2T9F6ro,1.8234,76.85,179.7,28.21,1.8256,-0.0022,5.7
6y9d0Fgeslk,1.738,113.31,180.6,35.73,1.6896,0.0484,10.06
f5-Hr6nlOlA,1.7157,153.82,181.56,36.75,1.7021,0.0137,1.69
GnQYdMZzBX0,2.5017,102.39,185.34,28.01,2.099,0.4027,-17.82
_s81TbnJCIc,1.7121,115.3,154.55,15.75,1.9262,-0.2141,-23.07
qT-_rFOWpGQ,1.8253,117.73,114.48,32.88,2.4282,-0.6029,-2.26
K_EuR7Aeqak,1.9943,146.28,164.69,28.99,2.288,-0.2937,3.71
JlijNE2NQnM,1.4739,120.77,141.02,33.85,2.0658,-0.5919,-5.41
JA0ENljeeRk,2.506,78.09,150.39,39.15,2.6018,-0.0958,2.13
RWnRegSSHXM,2.3133,71.17,153.19,35.76,2.5555,-0.2422,2.45
CJ-t9J_68E4,2.3236,74.8,152.15,38.36,2.832,-0.5085,-0.98
vJk3H_gUO6U,1.8765,86.86,144.33,35.54,2.5873,-0.7108,10.41
K73dBEteRTk,2.4463,75.91,147.45,37.96,2.7181,-0.2718,5.64
k9GfAzrffUU,2.1063,69.43,148.07,38.15,2.783,-0.6767,-1.56
or0zD4h9Gn0,2.5914,65.4,156.77,37.47,2.6201,-0.0288,-0.39
4yHtTnkGmlc,2.0555,76.58,158.06,37.58,2.6939,-0.6384,1.92
cPZUEDVG7X8,2.0032,85.34,137.12,38.54,2.8214,-0.8183,7.24
-XSbqdSqfQE,2.1339,71.22,148.07,35.67,2.8581,-0.7242,1.2
x-YvkmrXY5w,3.1029,118.97,128.32,45.01,2.8688,0.2341,6.98
HaHGUXpQ8Ho,1.7922,102.31,161.33,12.17,2.4759,-0.6837,60.47
Lml9h4K9tgo,2.7933,114.73,95.1,28.97,3.503,-0.7097,73.23
TZMY1Unesjw,2.7593,99.22,111.62,34.64,2.4602,0.2991,61.42
c9r-rzuITXs,2.5149,76.11,151.31,33.27,1.5286,0.9863,-3.78
VMQGXPsI8Iw,2.8679,26.28,168.06,31.04,2.7836,0.0843,-38.1
c1eCQNvmQRM,3.4351,112.72,120.06,35.64,3.1594,0.2757,75.54
lBclmk7Hn_U,2.6458,148.86,66.57,20.39,3.3866,-0.7408,131.31
JEesxLppBrE,2.2723,79.46,186.13,60.26,3.1799,-0.9075,-53.11
INQYJxQY8Ik,2.5228,143.45,135.74,18.91,2.6466,-0.1238,62.92
fALn8Vi51wc,0.5451,84.43,202.78,19.9,0.3719,0.1733,64.7
CqCBMInABFE,3.0704,144.58,196.75,39.97,2.9686,0.1018,52.98
YLD2a95lsRw,1.4753,139.36,216.8,8.67,2.7694,-1.2941,38.43
sKX5V1ieGOc,1.4753,139.36,216.8,8.67,2.7694,-1.2941,38.43
pwzxVaBXX1A,2.6654,57.56,127.12,36.71,2.8639,-0.1985,-17.9
CbKUrfK0cUM,1.0735,182.54,119.27,8.89,1.1247,-0.0512,-55.29
eYJZJfXniEE,1.1149,97.12,211.33,25.72,0.0508,1.0641,49.61
3M1sZMf0JJc,0.5903,0.69,174.84,7.14,2.4758,-1.8855,-2.4
Y58yxrN4xoA,0.9457,0.05,65.13,2.34,2.9388,-1.9932,-1.39
uBmoc_O9FAc,2.5909,109.29,113.47,27.72,3.379,-0.7881,56.99
wQiq6kGWGwE,2.9081,152.4,169.86,31.14,2.5968,0.3114,55.31
YfGWKssV4-o,1.7183,121.79,214.0,45.07,2.8406,-1.1223,46.71
213Cg3ML20I,3.1169,136.56,154.32,47.15,1.8686,1.2483,95.02
wEw9nrqqqTY,,,,,2.3523,,
-dp2FDZxToY,1.365,16.43,233.12,8.39,0.0,1.365,16.25
LtMg3gJoGsY,,,,,2.8217,,
A0BX6zb5TfE,,,,,3.0186,,
IkqHMhQ_NXs,1.9348,172.48,178.03,20.88,1.5581,0.3767,37.68
_43dYG5f1uA,2.6099,73.45,144.16,36.49,2.8712,-0.2613,46.9
nkPlh-E0uKU,2.5061,67.2,184.38,26.95,3.0776,-0.5715,48.84
oM-dfzPzltI,2.5061,67.2,184.38,26.95,3.0776,-0.5715,48.84
y6FuH-7COj4,3.4057,106.69,121.69,54.57,3.4213,-0.0156,48.92
L-SMM59Cjw8,3.1697,63.86,143.4,28.26,3.21,-0.0404,39.95
eNhH__ZTtf8,3.6096,101.88,126.49,35.2,1.6962,1.9134,-2.63
bJlqLMPpYKM,3.011,131.52,113.02,30.25,2.8371,0.1739,97.77
aPMZ_DGuLp4,3.5232,66.29,140.35,31.99,2.6929,0.8302,15.51
WmHTdhfvb9A,1.8993,197.95,171.53,30.17,0.7709,1.1284,-29.97
NL7LWwO475I,2.9645,125.07,155.24,38.3,2.1433,0.8212,63.34
BRCGydIMT64,3.4468,99.7,134.02,53.46,2.4612,0.9857,24.7
gVHpB8p9W20,0.4423,34.65,174.41,30.75,2.2241,-1.7818,2.67
hVcZkFK8xG8,2.8327,115.94,93.36,31.43,2.4097,0.423,14.72
9ZJYdEPdGX4,2.2133,80.46,168.54,40.51,1.9265,0.2868,-6.43
KvR77L_66Ns,2.1161,71.4,176.1,46.2,1.7821,0.334,-4.47
_trvcE69Ie8,2.547,130.67,102.37,39.4,2.5564,-0.0094,81.98
hKFLJkynSuM,1.7439,91.3,164.71,47.99,2.4006,-0.6567,32.49
vgp_gtEBeTI,2.9491,79.21,116.65,55.38,2.8513,0.0978,-6.14
-Un7gIKJAMk,2.7035,52.05,196.28,36.21,2.1901,0.5134,-7.13
NCGXh1UEqAo,2.4277,73.96,187.08,53.08,2.4518,-0.0241,12.18
FISnk4JmZi8,3.1646,106.71,147.02,47.64,2.9197,0.2449,-9.8
9lLeCLASp38,1.1663,38.22,208.44,19.54,1.9276,-0.7614,-9.61
02H43ZMGCXM,2.4266,114.8,182.39,24.44,2.1388,0.2878,7.81
zM9l6JTNWcY,3.115,76.45,171.63,40.24,2.9118,0.2032,7.38
jo9yMRk9tig,2.8232,54.73,185.05,34.69,2.5851,0.2381,10.64
EqNdAorczCs,3.2696,62.77,193.12,49.64,2.81,0.4597,8.75
vZhMKHfQ0bg,2.5023,76.15,192.82,35.23,2.8987,-0.3964,-2.56
ZqWVMYw3gYA,2.3584,114.14,176.95,28.98,3.0653,-0.7069,15.13
nZmKdyZ0bbc,1.8454,197.8,71.59,13.19,1.3709,0.4745,-10.1
QkOGzBgB2ds,3.4372,148.93,85.56,40.5,2.4822,0.9551,32.33
pnaZP7gI4EY,2.8377,163.06,92.34,60.66,1.2291,1.6086,19.96
KeO-2a49Geg,2.824,115.7,81.18,32.92,1.6967,1.1273,43.96
dgce-iFtBDU,2.6442,140.54,110.45,21.47,1.0813,1.5629,3.16
2R3xgO488Go,3.0676,77.11,102.02,27.4,2.8934,0.1742,8.2
qZSgOpx3DNs,2.3316,139.92,168.2,52.21,1.0649,1.2667,85.39
Ketk7O9wHtE,2.7104,108.39,163.3,61.53,2.4573,0.253,1.43
LNoZuoNLZHg,2.8391,106.5,121.27,34.95,3.47,-0.6309,2.7
xDYozCsSUDs,2.2584,36.14,99.68,21.96,2.821,-0.5626,-63.24
PE-mD79o754,3.1051,86.15,124.29,50.71,1.789,1.3162,-101.14
6J7mfQL7bxk,2.6461,79.55,92.0,41.55,2.4697,0.1763,14.39
b886Tdu2Ql8,2.8269,89.72,162.41,27.61,2.286,0.5409,-30.71
RPF9e4RwaCg,2.7139,72.78,70.99,44.92,2.8311,-0.1172,35.39
0r8j7SXf8UQ,3.3094,105.03,75.55,60.09,2.9175,0.392,34.13
CP0xLPOvomY,2.5598,108.12,140.33,26.51,1.6859,0.874,52.67
JjlypwCIeeA,2.3711,85.12,158.71,22.92,1.1653,1.2058,35.29
qVnW6OPTx9Y,2.4729,92.49,148.01,38.78,1.7197,0.7532,66.06
k6aYz4ViYhU,2.6323,97.7,141.02,34.69,2.4905,0.1418,70.24
BSm0zI3qDTw,2.5405,78.71,162.49,24.82,1.9966,0.5439,48.19
UkNdAJx3CuA,3.2745,30.59,133.05,27.61,2.6774,0.5971,-17.44
S87coonKtlo,3.1255,83.34,130.77,49.95,2.916,0.2095,44.2
BCl2iYjUzEA,2.8694,84.45,145.71,56.9,3.2295,-0.3601,46.92
XKr4OQkLviw,2.1418,102.25,139.61,17.59,1.0855,1.0563,46.75
EElviKDgi1Q,2.6732,104.07,117.2,22.1,1.9552,0.718,13.76
wldnGEuzfnM,2.4609,138.26,126.83,66.88,1.5883,0.8726,55.4
1wbN-A4UE70,1.5762,76.54,197.91,14.33,1.5341,0.0422,16.9
nVzG2HA29P8,2.338,86.07,126.68,17.91,1.5496,0.7884,17.9
l8L-j8_nGqE,2.9111,155.26,107.84,51.49,2.5749,0.3362,-42.57
HrsR6vsp9s8,2.1035,207.02,161.44,19.07,0.6269,1.4766,-23.86
6JMP4EEXOmk,1.975,164.11,168.98,19.2,1.9226,0.0524,-22.4
pU2ppHyDJxk,1.8921,178.22,165.91,21.38,0.2412,1.6509,-50.04
qbDBD_aMWEk,1.993,195.54,175.19,19.4,1.0038,0.9892,-41.12
xTgzuk93uA8,1.6206,133.08,191.07,21.65,1.0033,0.6172,-90.96
MQQ6KO3YEv0,2.7479,112.41,130.01,39.2,2.2421,0.5057,-57.46
UO0R0rZ4ZpU,2.5853,59.38,129.55,33.82,2.294,0.2913,-61.25
c2YAfYjZ-nk,2.6494,95.4,126.44,46.85,2.5242,0.1252,-1.08
6R4_X3MtB_M,2.7774,56.36,138.74,30.59,2.2706,0.5068,-46.83
2ofAbBnW5u8,2.7745,38.1,134.39,24.98,2.4675,0.307,-50.87
8TeRF7PV0Oo,2.5901,48.46,131.59,24.0,2.4888,0.1012,-53.62
sUfHYIXg1UQ,2.5214,35.28,130.39,23.32,2.2711,0.2503,-54.12
dYLuLgqagC8,1.2933,95.85,143.2,48.03,2.7363,-1.443,9.01
C_Ear_1dVOQ,2.7223,34.66,125.11,22.55,2.522,0.2002,-62.55
BGvCqnHIfmg,2.3834,72.68,145.16,36.3,2.3438,0.0396,-29.78
2lTuTmiEZxk,2.9924,42.28,140.0,25.77,2.3497,0.6427,-60.78
I_e2IGGUZ78,0.8296,104.91,169.07,11.11,0.2109,0.6187,2.35
epTLhd_qo6U,1.9116,111.7,117.02,14.89,2.0824,-0.1708,45.53
41vv4FpQvgs,0.9172,65.24,157.16,6.91,1.0812,-0.164,10.83
71kSMyT1I9k,1.848,129.85,140.32,14.78,1.9179,-0.0699,-12.58
lefxqTaymeU,3.1878,50.46,193.74,58.99,1.8466,1.3412,-4.79
FWrkbF_ExWA,3.1426,108.7,146.09,43.4,2.5261,0.6164,41.09
ckIVpOlr2qg,1.5067,144.3,139.61,24.67,1.4399,0.0669,-32.16
qcNNj3LsRg0,2.3362,21.99,197.61,28.07,1.7084,0.6279,-19.95
1FlX5wnJ4ms,2.1815,26.09,208.41,34.46,1.6766,0.5049,-15.95
7R_nBxzaTp0,2.1905,22.76,210.32,32.32,1.6912,0.4992,-20.88
XWhiRKgtJeM,1.7081,7.42,84.03,3.97,1.9151,-0.207,-131.17
tg4Fs7mlSkY,2.4269,20.02,201.54,26.19,1.721,0.7059,-22.76
mZihfxoMg5o,2.8662,132.2,116.35,36.25,2.3396,0.5266,35.97
5iaSaEiyZyQ,1.446,149.38,172.72,9.45,0.6713,0.7747,43.24
uR4WJNHIvdg,1.512,109.79,158.51,25.31,1.6078,-0.0958,-55.16
KNvAgvaRBh0,1.7409,89.51,169.83,25.7,1.9496,-0.2087,16.8
EhYYpA0xmN4,0.8484,167.22,145.33,6.9,1.603,-0.7546,26.22
SRRuOtkOOpE,3.197,155.6,112.42,29.58,2.9665,0.2305,51.71
HK99oLevNoo,2.4311,59.3,180.05,46.1,2.8859,-0.4548,-29.24
leG9AZkla2A,2.1069,60.35,189.52,37.78,2.9683,-0.8614,8.82
I7SUxMvj7NY,2.6493,61.5,156.59,30.63,1.2606,1.3888,4.76
186tbIK5qMg,2.7346,79.11,150.36,35.8,2.1767,0.5579,-36.9
HeEx73jzPHk,3.1454,148.46,122.58,29.54,1.3613,1.7842,70.16
AKWrhGEz4HY,3.2743,146.03,123.03,42.39,1.9817,1.2926,80.43
WhIQC_IPq_E,3.1555,146.75,127.06,29.63,1.0936,2.0618,77.39
7NHNiXlwGgc,3.3929,157.74,115.54,34.16,2.2376,1.1552,32.72
4hu-qggZCTw,3.3159,147.85,113.52,35.63,2.3004,1.0155,87.74
tWfDAfK_A0Y,3.3243,158.07,121.03,35.37,2.4237,0.9006,72.23
vc081knoMiI,3.3502,157.01,122.73,37.08,2.4441,0.9062,57.12
D1rGgl-vJq4,3.2715,152.91,119.99,31.25,1.272,1.9995,75.31
aSKyVuPsim4,3.2051,140.05,115.98,29.74,1.441,1.7641,95.03
3umyarQbxyw,3.2362,141.31,114.53,31.79,2.2359,1.0003,77.7
geRIOzRjbo0,2.8335,59.09,142.49,45.27,2.0844,0.7491,22.77
_Bwf9FaDELA,0.4845,80.9,167.2,12.73,0.8474,-0.3629,-52.21
ZHov9HBmQQU,2.9886,48.39,122.6,30.81,2.6897,0.2989,-19.16
bnY-psWDvq0,2.9886,48.39,122.6,30.81,2.6897,0.2989,-19.16
S9wVABHaFdY,2.5939,95.03,111.06,40.88,2.2887,0.3052,7.27
EmWyy5j76TY,2.7463,91.63,113.86,35.41,2.223,0.5233,3.75
745hXV0lOBk,0.1459,88.09,102.59,1.59,2.6075,-2.4616,-7.33
mT2yC1GRE3I,,,,,3.1515,,
VKjRlWsFQbc,2.0675,79.35,179.91,45.54,3.5489,-1.4813,25.21
OrHVsDUTGyU,3.0612,147.18,127.22,28.26,2.7237,0.3376,72.57
J_raY-S0rg4,2.9428,132.56,113.85,70.1,1.5829,1.3599,10.92
DuPtkvutvWE,3.2793,140.23,120.05,35.72,1.7074,1.5719,36.78
b6-QhgiB0L8,3.2054,143.86,114.08,48.74,1.6941,1.5113,0.66
hMe-Lbfpd_I,2.5416,151.03,101.31,18.71,1.3237,1.2179,21.11
4Is79qRBA9M,2.7539,155.98,102.3,30.37,2.0145,0.7394,39.86
jr1xewq7w40,1.9095,222.79,173.4,22.79,3.2015,-1.292,157.55
C4MncIQJCRk,1.5246,207.53,197.0,29.58,2.661,-1.1364,65.56
5tbp0EC_V6c,0.2051,168.68,246.68,27.93,2.3602,-2.1551,13.69
WZBJSHJv65A,1.9734,200.88,182.94,29.3,2.7528,-0.7794,67.57
8XLqkgyL_cM,0.4407,169.14,226.19,20.04,2.9233,-2.4826,68.8
8iw6nZW1uAg,1.7537,237.14,169.43,23.69,2.8673,-1.1136,184.73
8LWjUSCpY5U,1.6304,183.32,212.18,23.04,2.308,-0.6776,7.61
52jYzHRw6lE,1.6933,151.34,195.47,62.88,2.2355,-0.5421,-19.49
UCLssDXohQo,2.8952,95.81,93.29,23.45,3.1192,-0.224,27.23
QGUgO0simfo,1.5134,112.07,230.92,48.61,2.8612,-1.3478,47.78
xZZRJygPdmY,,,,,2.5747,,
TQfD9VRxFGI,2.5482,156.79,178.89,21.35,2.6904,-0.1422,13.02
0kUMgbdgFQQ,2.1796,65.98,106.58,17.35,2.2899,-0.1103,42.04
ll3eg4x8IYw,3.1205,43.16,71.98,15.45,2.3275,0.793,1.38
w1SUAU8tdME,3.3723,162.04,123.0,36.66,2.8359,0.5364,104.89
kJEneRIRgP0,3.3506,159.84,149.95,34.07,2.2874,1.0632,60.63
9Fc9V0qyvEY,3.5047,167.24,131.38,44.05,2.533,0.9717,96.4
R06Wn2Ras2E,3.37,171.36,117.82,41.03,2.6768,0.6932,108.01
k70IXokUPs0,3.3444,185.87,118.58,39.5,2.677,0.6674,104.16
8iA88TtO4MI,3.4432,171.14,115.62,39.9,2.6743,0.769,99.02
zUdS86dZZGQ,3.4435,163.1,126.83,38.53,2.1654,1.2781,91.93
iV37PuDOiU4,0.7255,111.12,237.17,18.88,2.3504,-1.6249,40.2
GX0V7PWcUu8,,,,,1.9924,,
BDd-6tYnErs,2.7899,65.25,138.22,48.33,1.5958,1.1941,-2.07
gQf2A1K8vuY,2.2975,182.47,123.45,29.49,1.0622,1.2353,19.27
dXAEOYsJoAs,2.9271,165.0,124.75,53.22,2.6945,0.2326,55.1
6KUcMfnJu_E,1.9812,92.49,109.92,25.4,0.5305,1.4507,13.08
vR_DB-SrmOw,3.0289,164.59,122.97,49.44,2.7338,0.2951,50.98
rLa2gKfS1-c,3.2879,176.56,113.91,50.23,2.9199,0.368,85.81
TtyE9ItT6yY,2.959,152.42,113.69,51.85,2.7181,0.2409,50.42
-isidxTRCFY,3.0902,171.03,119.68,50.26,3.0009,0.0892,71.16
myjTFY7G7as,2.9539,162.89,118.71,49.04,2.7252,0.2287,92.9
wX_-edODBP4,2.9994,163.94,131.63,44.53,2.6989,0.3005,77.54
FPSSOEjww6g,3.1017,155.6,115.2,73.5,1.04,2.0618,33.43
SAn8gDLapMI,3.7384,162.06,119.7,42.46,2.3091,1.4292,41.68
_gbH95lfKTE,3.7463,155.96,105.24,44.3,2.8454,0.9009,96.86
rCxFpykJlMk,3.4325,171.72,130.59,35.52,2.9891,0.4434,101.09
w0QhpbJgeco,3.4683,166.72,125.75,34.19,2.3097,1.1586,80.02
j1BOMF3G5OA,3.5463,183.81,118.35,39.13,2.6706,0.8757,67.26
ojj1Dhc5rI0,3.5082,169.34,129.04,38.88,2.7739,0.7342,105.31
WHJn0nAEJQI,3.3545,170.48,134.78,31.59,2.2959,1.0586,91.59
4W635ibxaFs,3.3099,172.83,134.56,31.64,2.1534,1.1565,101.7
kuy96DBlTxk,3.4181,170.27,127.79,34.34,2.6789,0.7393,96.69
N6VfX58JEdo,3.4452,161.74,122.09,35.53,2.097,1.3482,95.45
8zC32AJkKGY,3.1714,84.54,125.25,38.21,3.1487,0.0227,22.78
f8wx8Lk-T-U,1.7084,112.7,217.05,13.14,2.1252,-0.4168,-12.36
rFxUbHfpEHM,2.9613,128.23,77.72,19.82,1.6031,1.3582,9.4
FZvLdSQrlgg,3.003,99.89,71.35,20.22,2.1314,0.8717,-16.83
MEO-8-70lMI,2.8953,92.18,72.38,17.3,2.9924,-0.0971,9.53
zE5zrtCuxYI,2.8717,110.29,78.33,28.74,2.2318,0.6399,21.52
iiXreAqeQQo,2.4095,218.53,86.45,59.46,1.7337,0.6759,71.5
N4nHcezWI5Y,2.9987,107.06,75.48,19.87,2.4287,0.5699,19.03
w04HFoOdRvg,3.0925,125.13,69.88,21.18,2.5673,0.5252,35.73
5mF7PKNw4Ns,2.9043,130.9,94.44,23.54,2.5007,0.4036,57.63
jDoMKKjhFgk,2.8815,131.07,64.73,19.06,2.6187,0.2628,25.08
X-ft-uBGex0,2.9547,111.69,86.14,20.01,2.8039,0.1508,26.04
i6xONEzuRjE,2.9142,145.03,100.39,25.12,3.0866,-0.1724,36.25
Mh1HxOm1xsM,2.9215,135.96,127.15,48.64,2.7732,0.1482,31.66
dAXMXGMsCMI,1.9639,239.55,156.23,22.96,1.8804,0.0835,100.52
U1MMGkibi7I,1.9533,93.96,195.45,14.32,1.2583,0.695,-8.23
4lZXBRNPe5w,2.9058,136.69,128.33,30.06,2.6657,0.2401,64.31
-hqjrmSxy14,2.666,42.79,161.61,28.55,1.5824,1.0836,-12.79
K8HDFkoBkSE,2.1076,90.93,92.44,22.31,1.7959,0.3116,46.69
NHEE_LAZZEU,1.2609,35.75,197.61,25.9,1.13,0.1309,30.6
VxuECx0FEwQ,2.7373,76.95,134.81,29.58,1.7651,0.9722,-16.88
pwGIJ4DILgA,3.0903,159.58,140.41,35.98,1.5492,1.5411,17.18
69EBRdTtArA,2.3865,156.27,138.71,16.22,1.7102,0.6763,20.4
raHRz6rReXs,3.1358,55.69,81.86,53.43,3.696,-0.5602,-11.59
npHfOR0YJ4s,3.4888,48.89,130.88,43.73,3.2582,0.2305,-32.47
zpFHozWV5oU,2.9954,57.98,71.42,25.02,2.9892,0.0062,-73.4
cc4cAy99dEQ,1.6554,73.81,157.59,19.64,1.9683,-0.313,-13.4
PYuIwhS6As8,3.0259,57.57,148.73,34.91,2.1318,0.8941,4.36
rK88GPcaFNw,1.4479,46.52,138.77,17.33,1.634,-0.1861,-59.21
RFyjZJvBjJM,2.032,52.14,160.57,48.62,2.2373,-0.2053,-28.18
hzMRfbyxhxQ,3.6657,48.55,122.07,41.98,3.2714,0.3943,-22.32
_rHcfqUKc-c,2.913,65.29,102.58,31.05,2.7101,0.203,-21.74
1tP8PnaGLMM,2.0339,31.3,162.21,45.42,3.0685,-1.0345,-27.69
KZIXzSSmloY,3.3171,127.86,118.99,39.1,1.1269,2.1902,91.74
hiOfoHII1o8,1.6816,159.39,133.46,10.83,1.6549,0.0268,-23.65
J7RTN9JS4B0,3.259,129.75,117.07,43.8,3.5837,-0.3247,28.42
ZhjVeiu4nRQ,3.3536,131.4,113.67,51.72,3.0985,0.2551,-32.73
LMPX377SqBI,3.2141,120.72,124.2,35.42,1.5681,1.646,-25.85
CKIxT6zowQM,3.3578,145.36,117.3,46.78,2.7087,0.649,68.42
Evsl7NyIx9A,3.3816,119.99,115.66,53.04,2.5424,0.8392,31.49
IGlZOuxRh44,3.1728,172.49,127.25,44.37,1.9358,1.237,6.05
y4-4EC7ENbU,3.3645,114.7,97.92,41.1,2.4609,0.9036,53.22
2i4Sd5123RE,3.45,120.02,133.61,39.9,2.7756,0.6744,34.41
YZSkrG3FpJ4,3.4751,110.48,133.72,46.56,2.4678,1.0073,12.4
yo4lQ4xrnYI,1.6968,99.8,198.44,26.68,2.0968,-0.4,32.58
73iRIceKwOc,2.0591,57.41,216.16,50.46,2.9112,-0.8521,11.08
pB2a7nJpOxY,2.2323,71.31,199.02,46.17,2.5579,-0.3256,36.57
lrMaqjn7yKA,1.5708,89.02,191.39,21.39,2.1916,-0.6208,27.92
r9ej2PN5Azc,3.127,90.58,172.18,43.48,2.3409,0.7861,28.35
1tYtLtSvqYQ,3.0937,103.29,169.39,48.95,2.4036,0.6901,53.25
lQrG9fVnae0,3.1354,91.85,177.34,42.36,2.437,0.6984,61.14
JhlD99ZimP8,3.4947,70.24,198.01,37.34,2.6716,0.8231,12.38
YN0a3QC99ek,2.5205,75.83,193.31,33.24,2.6579,-0.1374,24.26
nIr7q5oRJPk,1.6391,72.69,143.45,21.32,1.8866,-0.2475,0.55
L2Br3WXkHTM,3.2793,175.49,136.23,33.03,3.0119,0.2675,97.88
3AppstLkF-A,2.0152,64.78,164.37,24.52,1.7784,0.2368,-13.05
db-HjoH89vI,1.0666,65.32,188.74,29.44,1.2727,-0.2061,-22.08
06zNz5WcXCc,0.7869,165.78,209.98,9.17,1.6461,-0.8592,42.03
kbryqNSC0_A,3.5889,169.98,178.47,49.03,3.6481,-0.0593,38.84
aaz2htdSQZM,1.0975,231.2,196.95,13.47,1.8504,-0.7529,62.3
anN9blCYyW4,2.8175,212.17,108.99,37.64,1.6433,1.1742,-39.68
YtVISnT7EXY,2.3957,219.92,135.49,30.12,1.7508,0.6448,-23.42
U4uIyt4t3sg,3.6401,162.76,134.86,42.67,3.7979,-0.1579,9.46
NpFqjI1Hvus,3.6624,166.35,176.97,39.65,3.3237,0.3387,53.5
zUqFnLLwVfg,1.2452,244.89,141.53,19.14,1.6505,-0.4054,65.99
pr8zZ_8YO9U,3.4084,160.37,104.29,30.61,3.001,0.4073,94.17
4Ic-prSFHq4,3.1952,159.72,131.08,24.16,2.4692,0.726,105.33
JQlJ13I3GyM,3.523,183.73,101.72,36.17,3.1149,0.4082,70.5
sGVl7llSWio,3.2488,174.68,120.99,32.96,2.6212,0.6276,100.21
w6QMctwijRo,3.5288,154.57,109.22,35.31,2.7655,0.7633,90.39
ZS1fgs9e4G8,3.4251,154.64,146.15,45.57,2.8559,0.5693,107.65
NwxQS4jhyIo,3.5168,154.54,128.1,49.78,1.8876,1.6292,62.31
KhAcvocw3dA,3.5831,162.46,124.04,37.68,3.2799,0.3032,87.57
7UE2yqXmq7I,3.5668,162.39,118.16,42.09,2.4278,1.139,106.14
pj3HrJCyh4o,3.5788,185.94,109.64,52.24,2.2945,1.2844,104.92
EmA7edGYWew,3.1662,120.67,127.96,47.47,2.351,0.8152,48.89
kR8jChG1WUs,2.0366,41.5,158.9,44.85,1.786,0.2506,-24.48
4FJt8c5ZCnI,2.9843,106.98,126.7,30.18,2.8954,0.0889,65.35
GudDmPRf1ss,2.8252,114.36,123.65,21.98,2.6626,0.1626,63.75
-VGHFvR4qkE,2.9781,97.05,116.07,27.5,2.6058,0.3723,58.03
KF3twVZEgWU,2.9482,92.76,128.51,34.18,2.6397,0.3086,51.44
HlpgqVRcm_I,3.2106,108.28,136.24,36.23,2.066,1.1446,54.1
tjXUPNE9Svk,2.8411,100.93,115.39,21.85,2.5947,0.2464,67.07
T_QfoFNimto,2.7052,9.9,127.18,12.55,2.5667,0.1385,-17.86
8mYav6ABvoI,3.0173,106.38,126.73,24.46,2.1338,0.8834,62.87
6wVzpH_AU5A,3.2077,90.15,132.41,33.58,3.1096,0.0981,46.65
QgyfQof0isU,2.1876,73.51,149.8,42.6,2.0152,0.1725,-3.25
g7XdGu16rdQ,0.2295,183.47,235.87,3.14,0.4601,-0.2307,20.66
consNr0FwJs,2.7806,166.84,123.8,50.74,3.0291,-0.2485,61.73
MUtSA_J155Y,0.615,166.72,122.34,10.13,1.1057,-0.4907,-24.6
viOspNvfIao,1.9931,166.7,175.98,20.18,1.9532,0.0399,89.5
0p6mA45xX34,3.439,135.1,119.51,40.06,2.72,0.719,59.63
O4AYx5OiqQU,3.3227,175.38,97.96,42.71,2.978,0.3447,105.52
GVT0pZGaNG8,3.2897,115.4,148.15,32.51,1.7314,1.5584,71.01
f8RbRMv8oa8,2.8443,163.88,125.11,36.32,2.222,0.6223,89.77
WO9E8XxZcPo,3.4275,145.86,107.98,50.58,3.0895,0.3381,75.89
8gzSxXepayM,3.4278,135.76,101.19,52.32,2.853,0.5748,69.34
qEXjzf7bNOE,3.365,133.6,111.09,54.79,2.2882,1.0768,70.85
fm67X3nb4_4,3.311,126.64,124.91,38.19,1.9939,1.3171,42.56
7nI8nbPONr8,3.3165,166.9,134.39,38.16,3.163,0.1535,97.37
sMevdXoRdUY,3.3663,161.83,110.13,59.62,2.9242,0.4421,57.28
VTipurCm-6c,2.4051,73.06,207.34,38.77,2.5958,-0.1907,16.65
2oz8IpZzjOA,2.8865,98.06,103.31,35.6,2.6485,0.238,26.39
b5mYp4zddbY,2.5737,111.0,109.15,37.99,2.8248,-0.2511,21.73
6XI3TqW4PFE,3.0235,169.55,125.97,43.01,1.9927,1.0308,33.35
ys6kq8uqyyA,1.3568,45.96,172.1,36.43,2.7225,-1.3657,-37.79
_F70sqEiO1Q,3.0123,125.9,111.88,37.73,2.2902,0.7221,82.86
yCZ-7XXtx2Y,2.8671,115.89,96.34,34.85,1.3906,1.4765,55.73
LDjLrJiUssQ,1.6421,89.34,157.7,55.77,1.1344,0.5077,-26.92
LuxtckA2xoQ,2.3502,96.55,166.54,44.01,1.6002,0.75,-38.21
sHlGVrhyCUY,2.4482,92.26,172.31,35.76,1.8733,0.5749,-30.73
DpDnlHdYZR4,3.0029,98.1,137.25,56.18,3.2197,-0.2168,-10.87
D548Trv0ip4,1.3778,73.56,145.26,52.65,0.0829,1.2949,-24.06
1j38YuP7d-U,1.5405,80.37,164.93,55.3,0.16,1.3805,-20.45
aTlC2J7QMyE,1.7423,45.36,178.35,14.48,1.0328,0.7095,13.75
WtDiDKwFM1Q,1.5686,82.47,164.6,57.43,0.1431,1.4255,-12.0
A1iVNksP65c,1.1895,5.94,125.07,9.95,0.9151,0.2743,-10.87
1XOWJSdUm0k,1.6918,81.57,171.65,70.61,0.1337,1.5581,-5.66
NYv_Bg0rJ00,0.0887,51.46,210.34,53.04,1.101,-1.0123,-33.26
xGPIdIEOPoU,1.5246,81.56,77.29,30.29,2.6751,-1.1505,-9.71
1vOSNSttc8k,1.9589,52.23,92.08,37.42,1.1403,0.8186,-51.83
jpB9qV7rhoM,2.2395,93.05,103.16,22.09,2.5485,-0.309,-15.39
vVNlKHiKYMY,1.2126,59.88,95.54,20.67,1.6785,-0.4659,8.4
Ku_n8wEqaDg,1.7926,103.14,126.72,13.79,2.3451,-0.5525,-4.17
7mrYQ3HxfAY,0.7844,73.13,200.5,12.33,1.1816,-0.3972,1.39
tQwDx3-w04k,0.9321,76.21,211.36,9.3,0.834,0.0981,7.93
yg6gKNVjdgM,3.8043,56.86,163.94,38.03,2.6293,1.1751,-5.5
eSuULK4Z47k,0.7721,75.42,203.49,9.19,0.5804,0.1918,31.57
xq5TrBjsEmE,2.9016,107.44,137.58,25.61,2.7254,0.1763,9.15
2XPVf9F8tzA,3.1563,127.55,118.3,33.46,1.7238,1.4325,-4.3
3KoBPiR0_NE,0.5792,45.74,54.8,7.82,0.4053,0.1739,0.6
m1OcI9v6DbM,0.793,81.04,240.55,3.34,0.8709,-0.078,-1.53
W1Ll8bZd22c,1.2291,68.89,186.89,22.1,1.8843,-0.6551,38.65
g520hvvAFcc,0.7722,130.96,212.17,19.55,2.8561,-2.0839,72.5
0C3t7_lBWSM,2.7217,65.15,108.34,66.77,3.2413,-0.5196,-4.51
B7amFHXe0kw,2.2322,64.2,130.54,18.01,1.6006,0.6316,-38.0
F-G9ukxlItM,3.0612,118.89,146.69,41.17,1.4849,1.5763,23.55
UjR89NKB62U,3.2942,31.63,144.65,26.98,3.1319,0.1624,-34.62
_u7tlFOxi2s,2.3672,78.2,162.35,39.08,2.5142,-0.1469,18.43
ghFTFvdToSo,2.8925,62.48,144.72,37.68,3.0734,-0.1809,5.78
2YEAHSm3jXg,2.7456,27.12,170.39,42.55,2.3513,0.3943,0.61
nIZo-zdPb_s,2.5683,21.8,166.88,47.46,2.8556,-0.2874,-1.1
7du0HBouBGg,2.9794,84.14,124.31,39.75,2.5219,0.4575,6.14
3vETnDHMah8,0.8569,220.79,58.48,8.89,0.4895,0.3674,-32.7
8tl5iHjUfDU,1.1015,207.86,83.38,9.8,0.8341,0.2674,-46.3
6vIkHRRrkjc,3.0603,151.81,122.33,48.59,2.4156,0.6447,45.33
sGps0-6cIWM,2.9164,169.27,134.67,71.11,2.4783,0.4381,84.13
HmGbFS4u2_U,2.3789,127.29,160.17,17.04,2.5318,-0.1528,39.26
2QitDNfF3hU,2.7172,151.52,149.27,38.37,2.256,0.4612,46.81
AahlWu3J_s0,2.8907,171.13,143.13,25.98,1.7376,1.1531,48.41
r87tQfPTgrQ,3.1181,52.85,148.37,18.94,2.9021,0.216,-13.53
8q462nVhPtQ,3.2403,60.88,140.85,48.89,2.4228,0.8175,-47.68
YxPF9lL9sMw,3.2699,44.33,150.24,33.35,2.3749,0.8949,-16.78
9yZHvjN_FL8,1.4288,123.76,157.66,33.93,2.2589,-0.83,55.49
F44qqfItiqY,1.3761,123.97,163.08,27.32,2.4568,-1.0808,56.09
R4n-Ys47Wm0,2.473,71.05,108.03,37.45,2.2844,0.1886,17.42
z44b1IskBMM,2.4367,88.06,78.11,20.12,2.6654,-0.2287,36.73
vEZZS1GSM94,1.3901,127.06,68.69,6.12,0.2248,1.1653,-93.74
r6CFOS_d7nI,2.0255,83.8,79.57,10.84,1.7594,0.2661,36.48
fPwxu8vBkRE,,,,,0.096,,
J3Mj5_ofpqg,2.5467,32.01,36.08,30.57,1.518,1.0287,-18.92
iTC1kOhtyh4,2.9676,55.1,105.36,26.99,2.358,0.6097,-7.86
AA67R2FrCms,3.165,60.84,112.36,28.0,2.6909,0.4741,11.82
h49-kEXTMU0,3.6527,37.66,94.43,24.33,3.2525,0.4002,0.04
g0iGJ_PPVbs,3.648,40.83,96.03,28.22,2.9676,0.6804,-11.85
__suUE1C0pc,2.8695,92.68,115.55,23.22,2.113,0.7565,40.39
mT9A1LAVhNo,2.5372,81.38,167.39,26.62,3.0587,-0.5215,8.91
MaiZKN-ul9o,2.4262,104.42,144.67,18.78,1.9441,0.4821,17.02
0FMmx882Pls,2.4388,115.72,172.03,27.74,2.9509,-0.5121,36.31
IFIkNLoKG0A,2.4215,91.73,162.88,30.86,2.5183,-0.0968,43.95
bT8HW8kQ8bY,2.8337,102.62,164.6,38.32,2.9131,-0.0794,44.74
3BU8axDdCEw,2.4911,107.16,162.95,28.44,1.9995,0.4916,60.75
q1viT5RD-U4,2.906,51.44,169.72,37.66,2.4949,0.411,-10.83
59GYNdmbWT8,1.0126,112.28,191.59,16.21,1.0628,-0.0501,-15.85
bP5gY3OcHeQ,2.0777,99.15,172.08,39.97,2.285,-0.2072,17.96
aJcNq-DBqKQ,3.446,159.05,106.77,45.69,2.9006,0.5454,63.27
SgjIl7DIpNc,2.8784,204.51,155.67,25.37,0.8529,2.0256,44.91
OFCGY_5nP5k,2.9061,125.22,126.4,25.17,0.9123,1.9938,22.64
pdnhCs_H6Vs,3.1174,122.89,132.94,26.24,0.9382,2.1793,40.55
0ozSDaC5LIY,2.9241,151.23,124.74,24.51,0.5101,2.414,12.56
oLS0kEpRN6E,3.0804,128.53,131.99,29.72,2.0215,1.0589,68.47
bw2nvG68rEk,3.0227,156.04,132.56,27.6,1.7707,1.252,28.59
dJg6PoafE9M,3.0199,120.96,124.37,25.15,1.1682,1.8517,28.65
Gb0mn7FD658,3.2343,115.26,128.97,30.4,1.2094,2.025,57.9
Clv54G1_R2g,3.3509,132.69,113.99,37.41,2.0164,1.3345,63.73
RXtf_8YyRv0,,,,,0.5846,,
LDkTdemTDo4,2.3689,84.12,127.44,38.73,2.9926,-0.6237,-52.48
eqFCe6fP0ig,,,,,1.3174,,
JR8oqRpqNOs,2.879,108.65,128.42,32.44,1.2907,1.5883,42.13
kpk85RBsFAo,2.2963,116.34,151.76,26.05,1.4024,0.8939,40.97
hU-w-hmSExE,3.0646,111.78,129.98,36.04,1.1293,1.9353,44.59
zEzUFhRxI3c,2.2329,114.63,150.35,26.03,1.2048,1.0281,44.42
rO74e9FSJjc,,,,,0.8136,,
tIJZjXGi4QU,2.2811,124.47,130.56,28.59,0.8558,1.4253,58.14
u-BoulcO0ME,0.9706,91.89,153.45,17.86,2.4503,-1.4797,51.0
XQ9QsdaxLvo,1.9026,120.37,183.22,17.99,1.8179,0.0847,56.08
3t-LaJyuvu4,1.5519,69.8,118.33,15.0,2.1975,-0.6456,18.98
YnCtF7H9akg,3.4637,150.94,107.58,41.86,2.6944,0.7692,77.25
bw3AkP5Sjws,2.5962,134.21,116.71,35.13,2.7056,-0.1094,6.18
_BmA_FIZm_4,2.5698,56.0,116.05,50.45,2.1713,0.3985,-46.53
hI5h4Iy37y8,2.5461,76.28,137.95,73.02,2.3267,0.2194,-65.0
pQimdzW8pME,2.7274,93.16,143.22,51.2,2.2717,0.4557,5.78
9D__FKBdiQk,2.0594,70.51,128.54,20.87,2.3803,-0.3209,15.26
SfSu63ISOTc,2.3221,128.78,123.65,42.69,2.3462,-0.0241,15.32
jQSZTDRt_DE,2.1929,97.82,174.19,59.4,2.2611,-0.0682,6.65
8aS1oGyQGoA,2.4756,82.05,151.48,70.86,2.357,0.1186,-6.58
RzC_yhXj6iQ,2.401,53.25,201.53,30.53,2.3841,0.0169,-10.69
W68lfN1aPro,2.4548,73.05,186.48,39.21,2.834,-0.3793,-6.9
n97umJ3bRSw,2.3744,90.02,91.48,28.39,3.0357,-0.6613,-26.73
OPdWxTsTRXk,,,,,2.9695,,
ayrC9-FmjWA,2.3627,129.37,88.16,21.68,1.73,0.6327,-14.19
jvX-44l73Z8,2.2961,103.0,105.93,46.0,1.9463,0.3498,-5.21
Nqz_ISPutSU,2.958,10.4,230.5,41.49,1.9953,0.9627,-28.92
Q7q4-dRbw0U,0.0,8.51,201.74,39.44,2.1943,-2.1943,-21.13
Z6yeWC6VYeM,2.3744,90.02,91.48,28.39,3.0357,-0.6613,-26.73
cVadq2lFNRk,,,,,2.7454,,
34SBC71zVhI,2.6135,31.59,202.54,46.81,2.38,0.2334,6.6
fOri-iK-XpE,2.7062,192.94,116.16,30.34,1.818,0.8882,75.32
UenQOME-cgM,2.7431,105.59,165.76,26.65,2.1763,0.5668,8.71
5RCWK2wFi7U,3.2833,103.82,124.22,35.57,2.9599,0.3233,12.51
zQJZya8x0cM,3.3286,98.64,134.11,48.66,2.0707,1.2579,31.48
lMQ0lJdR0YY,2.8739,96.75,144.98,36.73,1.3459,1.528,33.43
_an-gZ9mdGc,3.1439,82.21,87.58,41.0,3.149,-0.0051,28.91
DZFOWoYDIDc,3.1892,82.26,135.8,44.7,1.6962,1.493,12.91
_KAmVKUzTq0,2.8883,81.03,104.35,32.47,2.0354,0.8529,32.18
SsRtKrjkOfA,2.3307,86.05,155.01,34.32,0.796,1.5347,10.83
oiFqklEpwgg,2.6744,101.87,136.04,26.52,2.2329,0.4415,39.21
MwHrAPA3xKE,1.6648,94.78,216.8,59.27,3.1087,-1.4439,45.29
69GAebugzbk,3.5408,91.02,108.96,48.8,1.3559,2.1849,57.55
qVHaw2UMn5U,1.8355,161.43,178.67,14.76,2.1786,-0.3432,57.74
AKgFWSwc2II,1.8394,162.06,178.11,14.78,2.1838,-0.3444,59.17
IebHqTOTtHA,1.8376,161.85,178.21,14.8,2.1841,-0.3464,58.1
yR-XP5pt22k,1.8259,161.43,179.01,14.83,2.1686,-0.3427,57.27
h-tnD1HoX5I,1.7894,142.13,188.23,15.49,2.7377,-0.9483,55.4
XclxS_sP9HU,1.7581,144.52,184.13,15.68,2.6642,-0.9061,61.74
4QeXsr5S81I,1.8195,160.65,179.89,14.88,2.1461,-0.3266,55.37
9lGcBNL6Mrc,1.8336,162.14,178.4,14.7,2.1775,-0.3438,59.16
mH2iHYAjo2U,1.8266,161.15,178.81,14.56,2.2128,-0.3862,58.06
4UtCX_L--PE,2.1152,109.29,208.39,44.29,2.6779,-0.5627,-20.89
NQkIP9Io_Vw,2.061,114.22,202.42,40.96,2.6542,-0.5931,-14.32
JzfYVexwsWI,2.1152,109.52,208.36,44.19,2.6783,-0.5631,-20.6
c7GreLZntJ0,2.1117,109.86,208.35,43.97,2.6792,-0.5674,-20.19
sTVC9I3gT6E,2.11,109.22,208.39,44.11,2.678,-0.568,-20.92
z0xCOUgwkx0,2.1108,109.1,208.43,44.27,2.6779,-0.5672,-21.08
l9R44NzPGQg,2.1105,109.15,208.42,44.15,2.6779,-0.5674,-21.0
CSVamqWHFq4,2.1097,109.72,208.38,44.09,2.6793,-0.5696,-20.37
3T6bOtCHy9U,2.1118,109.21,208.41,44.24,2.678,-0.5662,-20.95
ZxfxZJDG0IA,2.1142,109.11,208.42,44.34,2.6775,-0.5633,-21.09
tY7QtEwZVAs,2.2573,105.38,156.87,45.64,2.2441,0.0132,26.68
-_HkGNRW-Gw,2.0884,100.57,136.63,44.76,0.4569,1.6315,-47.37
ODeBMfGGL-U,1.7518,49.64,148.66,38.0,1.4665,0.2853,34.53
ezJakqlU-sE,2.5268,58.96,154.23,23.21,1.9565,0.5702,30.1
F7JpSGHUZ_I,2.1602,150.13,160.96,36.21,1.9608,0.1994,110.8
YP8yd-If27E,2.8506,124.48,115.57,45.16,2.2471,0.6035,11.81
n0R273oVnMo,1.4419,59.39,103.94,39.53,0.7213,0.7206,-71.91
udZSTgnaIRI,2.7422,153.22,120.86,51.11,2.968,-0.2258,65.48
dMAFs63CwmY,2.5473,64.71,114.87,17.22,1.541,1.0063,-26.27
eVSeHecZ-bU,2.0724,49.96,131.72,37.34,2.1479,-0.0755,-4.23
ECz4fADjkAA,3.0834,153.69,114.15,37.41,2.1424,0.9411,79.6
t4KHpcZxhp0,2.7437,92.41,122.28,31.0,2.8907,-0.147,5.29
nTOZndnzr0I,2.4482,140.1,109.36,28.47,2.6408,-0.1926,89.3
9BotRZP0QhQ,3.1515,122.04,107.1,42.34,3.072,0.0795,100.62
RjSlhDYwGrY,3.0753,125.1,117.17,30.87,2.3093,0.766,63.42
qv_j_OWSHpU,2.6621,192.61,80.69,25.71,2.7842,-0.1222,148.45
GO7CU1i4jd8,2.6843,135.68,151.12,45.14,1.7657,0.9186,40.56
FGtqrfSowTM,2.9505,113.68,153.39,69.39,2.5302,0.4203,23.82
S5f5TtDThyU,2.6675,101.98,135.28,48.27,2.6462,0.0212,31.8
H0MTDCuPVTg,2.0728,77.35,160.58,17.04,1.1975,0.8754,10.97
_PYnU32L1KE,2.414,54.57,158.65,37.47,2.7162,-0.3022,-43.87
sN6lOpr1XNA,2.2521,56.67,153.15,17.22,1.6881,0.564,14.43
YU7D6euGSpw,2.6032,69.18,111.46,22.04,2.6909,-0.0878,-6.98
thx2rhcmckQ,3.1813,44.13,105.96,50.09,2.4694,0.7118,-15.82
cFdIBC-Rfu8,2.1279,35.72,128.38,49.98,1.6664,0.4615,-0.82
jypQDW88xVk,2.5358,82.12,153.06,43.88,3.2595,-0.7237,32.45
MwFZKbvKtCU,1.8607,61.28,167.97,48.0,0.864,0.9967,-16.57
DUUl-NwuK-A,0.9296,158.77,227.37,19.07,3.2856,-2.356,103.39
RFM1PgM1o-Q,,,,,3.0647,,
ab6kV1h14Ic,2.8198,72.84,165.8,32.39,0.1025,2.7173,2.76
6_H3X1QGlsc,3.2268,45.98,70.1,15.79,-0.0,3.2268,45.97
QPED-Qjp7GA,3.5733,101.58,116.05,44.57,1.8547,1.7186,73.68
6Agck04XlhA,2.7573,121.98,188.29,29.23,3.0623,-0.305,43.28
BPPMk3-9zVU,2.0055,89.03,174.95,32.19,3.0762,-1.0707,8.47
00RlPb_5oTs,3.2782,81.6,125.8,29.58,2.6695,0.6087,36.88
SkkOqb-uqCI,1.1659,46.14,209.49,18.76,0.014,1.1519,6.24
J1IwQQlylE8,2.6975,98.28,149.93,28.78,3.3741,-0.6766,-1.94
cWzZRxwf6B4,,,,,3.4388,,
fG4dz6odC2Q,2.7162,73.37,174.59,27.63,2.5686,0.1476,11.25
noVyP83d-x8,1.6354,57.24,229.69,21.73,1.6832,-0.0478,39.46
42Uwd90R7ks,2.2597,62.78,207.26,32.08,2.1549,0.1048,47.49
Wq5U6VN9rlA,3.0805,114.27,140.81,35.93,2.5554,0.5252,-11.27
xeuIP9ykYIU,2.7016,74.18,123.49,23.86,1.2834,1.4182,12.12
7wdL2yFBBXY,3.0268,76.18,126.73,38.55,2.0232,1.0035,16.15
Ez4mYEdJVmo,2.7629,150.11,129.61,40.5,2.7664,-0.0035,100.89
RzWCk4og2C4,3.3324,77.42,122.7,35.15,2.9778,0.3547,31.77
9NC9yKvCAMk,1.152,40.06,118.85,50.78,2.6207,-1.4687,-3.49
bprFrvY7HIE,3.2085,50.93,144.36,20.61,2.6227,0.5858,-21.04
wPcKo8waKlM,1.838,60.17,152.79,16.03,0.7395,1.0985,-27.54
QvB2nrqX6ek,2.7727,39.97,177.22,24.35,2.7048,0.0679,-9.87
5ealJJXPMlQ,2.8143,152.39,135.94,30.27,2.4376,0.3767,89.28
Bmq6OW0ouME,,,,,2.3856,,
awAy6b-38Rc,,,,,1.2473,,
k3z0HYOnyoo,,,,,1.9998,,
gVllWMgkhNc,2.8317,121.01,121.92,24.5,2.6889,0.1428,42.03
_jdUD_ec7WY,2.8808,122.09,125.99,28.23,3.0813,-0.2006,45.69
2oxDjoWqTtU,2.9815,106.52,123.51,28.79,3.1361,-0.1546,44.25
8eLHWuYmiC8,2.7922,99.21,118.13,21.62,2.8969,-0.1047,38.52
7zAV0TUAb2g,2.5601,126.04,120.22,25.34,2.6775,-0.1174,66.91
hXzmVFpjMA8,3.0406,117.86,120.89,37.93,2.6342,0.4064,1.15
k1YraoPCHyc,2.4236,114.27,128.75,21.2,2.8119,-0.3882,50.95
QJmHGi1wDJA,2.5217,120.57,139.86,27.85,2.8702,-0.3485,62.78
T_S4k37DS6U,2.4928,117.0,130.79,23.83,2.4183,0.0746,49.31
mjqsK4D_RzY,2.4681,97.93,136.72,23.03,2.9098,-0.4416,42.87
Jg71YWjG0cM,2.5723,19.09,119.14,21.11,2.1345,0.4378,-68.12
M2ZESDAjEbY,3.6013,145.4,95.75,40.57,2.3137,1.2876,104.18
eibwD6Vsaro,0.8776,53.16,81.87,57.41,1.175,-0.2974,-19.97
82DkHq3q2j0,2.714,88.26,187.25,36.61,3.0169,-0.3028,25.5
-0IUnQIkP-w,1.6227,51.71,223.86,52.7,1.1891,0.4336,6.61
UsQ2gMCVH9I,1.5865,66.7,212.28,32.07,1.3973,0.1892,14.27
tZqYksYdugI,2.0312,13.24,198.01,22.86,0.0,2.0312,13.24
LS4X-2I83V0,1.7465,114.96,185.01,38.98,1.1672,0.5794,-45.53
xkthbeh2EgQ,2.8945,69.81,205.1,33.3,1.5153,1.3792,26.01
FztMwD1owEY,1.8259,99.13,180.52,45.18,1.0755,0.7504,-28.18
lbO7JrQ-IGk,1.2382,51.74,207.73,24.59,0.441,0.7972,18.66
f0VB1oUrt9o,2.2088,60.32,161.66,53.33,1.5773,0.6314,5.5
oaZpjRYyKsc,3.2609,82.25,90.83,53.37,3.0255,0.2354,-6.13
IcauDxxv8-c,2.311,90.29,209.25,34.2,0.6948,1.6162,-7.87
PJwFFIeBV34,3.2304,106.83,154.26,42.74,3.1711,0.0594,18.8
HQHVf0TGdq0,3.294,91.84,141.42,53.78,1.7427,1.5514,-41.65
EnRe_ORbyLM,2.1671,168.15,131.27,35.41,2.8556,-0.6885,124.76
ZY6Fj_2lXiM,2.8904,127.51,134.48,34.59,2.861,0.0294,74.42
7y3s1Q1inZc,3.0135,125.94,133.82,40.22,2.6675,0.346,85.55
ekvOwBJzE6Y,2.3249,103.3,142.93,44.42,2.3725,-0.0476,43.15
qSR_enHLEvE,2.092,144.06,130.15,29.59,2.5094,-0.4174,68.25
RVYJ_XUTKPQ,2.7906,131.16,135.29,49.32,2.4693,0.3213,59.8
cI9zO4h75xw,3.6139,81.35,117.6,50.19,2.6979,0.916,19.92
4_a2c07-Suo,2.3912,71.88,144.75,43.67,2.4773,-0.0862,6.51
GDCvaXUtwxE,1.4397,142.17,122.1,39.4,2.5678,-1.1281,80.5
Kuyv-MdZgE8,3.225,102.83,96.37,26.76,1.9447,1.2803,81.68
i5zPN4QxSBM,3.2633,101.14,87.79,25.24,2.0137,1.2496,81.25
CmgaGExbYRg,3.1293,96.26,88.86,21.54,1.9023,1.2269,74.61
DfFD-SySIUg,3.1953,104.62,93.37,26.68,2.0,1.1953,82.15
bOLdcF5pMYs,3.135,72.83,89.46,20.48,1.9152,1.2199,51.6
VXBiu0eXOFs,3.1788,99.38,82.75,25.16,2.0666,1.1122,78.81
jj2R-M1a5Ds,3.2028,100.89,87.81,25.05,1.968,1.2348,81.4
FDasKmljgkY,3.4866,115.86,87.44,30.05,2.0299,1.4567,93.28
IBrH2VfOOjM,3.4184,162.57,114.35,39.22,2.6203,0.7981,65.62
aAyvOilSNxY,3.4055,166.2,120.94,40.63,2.5329,0.8726,48.8
8Whvmenun-0,3.3851,166.62,117.94,45.42,2.6161,0.769,47.85
jln3einoV3M,3.387,171.17,119.07,43.25,2.4276,0.9594,47.37
XXvCfUlMsN4,3.2701,162.4,116.91,31.35,2.239,1.0312,64.9
gZ21Yoav1Pg,3.3897,169.18,116.09,47.32,2.494,0.8957,46.11
9ll4M9VKGJ0,3.4101,160.32,114.85,46.65,2.6049,0.8052,73.22
BngrR60B0OM,3.3091,164.28,122.64,38.01,2.3858,0.9232,54.45
M_Pa5PEimdM,3.3169,163.43,115.82,34.96,2.407,0.9099,46.55
CWofi6_iJXE,3.4003,163.06,120.65,45.93,2.4604,0.9399,64.54
XLMqpcEyjeg,1.5515,94.46,124.21,34.7,2.5844,-1.033,17.42
66n23ngabbg,0.4478,110.09,141.75,2.4,2.1216,-1.6739,37.28
eDrxwWfSDq4,,,,,2.6386,,
omRlkELeap8,,,,,2.7684,,
p8VC-WDZBpk,,,,,2.6579,,
w5QZ3gXvXdE,,,,,1.7925,,
u_evjzVVJAY,1.2078,168.26,180.29,4.73,2.7646,-1.5568,98.26
a0BoyZJu14I,,,,,2.081,,
EzXx3MZM4tg,2.5917,78.69,152.66,26.63,3.2311,-0.6394,-21.49
Y5WYv-Sdcao,2.4337,71.34,142.51,25.06,3.2339,-0.8003,-0.64
PAp_qBM-M64,2.7301,64.15,120.18,32.84,3.5634,-0.8334,-21.67
5tOAMKZ__IE,2.4247,64.92,138.36,28.03,2.9102,-0.4855,18.69
BoVdQh5wsa8,3.1221,71.87,145.81,50.71,3.044,0.0781,-42.67
4TGVWFtpgkw,1.8624,97.46,118.2,21.16,1.6898,0.1726,74.43
2Vy-QTaotjE,1.509,114.07,133.93,17.34,2.1841,-0.675,31.71
cWuXkRUDFmQ,2.8353,77.88,154.15,35.09,2.3375,0.4978,-22.18
ebDaRa9XAOo,3.0523,101.07,144.77,28.28,1.8608,1.1916,-18.29
o1-JJZ4mVtI,2.3767,106.33,150.29,24.48,2.3687,0.008,62.98
y5FmJ9d-Xy0,2.6772,91.52,121.66,31.61,2.2429,0.4344,-12.88
dIe501FkhrQ,3.1482,110.02,142.35,52.2,2.9406,0.2076,-33.67
XY4i2U9vYqQ,2.3355,67.33,119.87,13.74,2.0577,0.2779,-10.09
SDlOPvp_rls,3.2227,151.11,101.42,34.29,2.5487,0.674,76.5
z6MDV_gNSQQ,1.2341,65.47,176.91,21.02,2.5464,-1.3123,12.85
as4tzs5FJEU,2.3076,86.93,70.26,15.47,1.5921,0.7156,45.5
cwyPezcbDmQ,2.2117,82.25,207.27,48.1,1.5248,0.6869,38.56
Mx8oMo3eG70,1.9662,71.6,130.89,30.99,2.5845,-0.6183,-10.3
EGahju304RY,2.957,140.94,140.6,29.29,2.507,0.45,82.27
ruav9MHn5GQ,3.2296,155.48,141.15,47.14,2.2285,1.0011,101.63
617tUiWWxK8,2.5732,115.28,185.7,52.1,2.2183,0.3549,57.15
8VTAi7jZ2ms,2.0027,37.2,126.68,12.15,2.0618,-0.0591,14.09
Bj3tybSblvQ,2.4987,55.69,194.23,25.98,2.1585,0.3401,24.42
qntZKUdTW-U,3.5163,130.3,153.43,55.35,2.6868,0.8295,35.9
v1jya_7AsCc,3.0673,107.17,162.63,58.08,1.8531,1.2141,50.05
3bcgdmL52cc,2.8107,133.13,134.86,39.11,2.0946,0.7161,23.09
qpmxsaWlNog,2.8449,83.84,139.67,55.2,2.1782,0.6667,55.41
0Ntww-Sw2Pk,2.7683,57.68,112.26,15.59,2.4684,0.3,-21.31
DZhZRfwij2E,2.6913,137.84,121.46,21.92,2.7927,-0.1014,46.9
dpOn8UDeJ1s,3.3037,155.05,105.1,33.72,3.1573,0.1464,28.83
-GsSGD6Mkro,2.9962,116.43,117.29,24.61,2.5339,0.4624,43.68
JPe31Pg9fTY,2.8724,159.12,112.7,24.86,2.8169,0.0555,63.49
P1Y-7YW4qX0,2.6313,128.59,113.92,18.81,2.783,-0.1517,40.94
R9VYiTXMZO4,3.2031,145.32,109.73,29.55,3.1566,0.0464,35.24
0gwbGPaeY9I,3.2632,131.48,122.13,37.93,3.2691,-0.0059,27.52
BF1F9mVEXDM,2.6406,149.22,113.9,18.45,2.4879,0.1527,54.82
r7altNth62c,2.8402,127.9,116.98,20.79,2.2302,0.61,44.04
WIAVH8Nipj4,3.177,134.8,112.64,29.39,3.1469,0.0301,61.13
l2izO4vqfyM,3.5187,120.1,77.89,40.59,3.1035,0.4152,72.01
xwuga7k8JzY,3.3845,111.97,85.75,46.38,1.8286,1.5559,70.95
ar7ifqklrRs,3.0951,155.52,165.0,53.15,2.1705,0.9246,50.32
evtWjDXcUw4,3.165,162.38,168.22,60.13,2.4186,0.7464,57.14
KYpV8MRSzN4,3.2549,172.57,173.38,56.2,3.2479,0.007,42.69
_gF6alxCv5Q,0.332,137.87,182.53,5.24,1.596,-1.264,37.85
pmWw1XmaFN0,0.0,0.0,49.27,-0.0,1.3708,-1.3708,-108.14
SDcGVXHNOvA,0.0,0.0,50.85,-0.0,1.912,-1.912,-54.62
nMe3ie2ua8Q,1.7666,90.12,166.32,39.72,0.2981,1.4685,13.65
ISHBtQp0hFg,1.5799,7.51,231.29,17.06,2.5533,-0.9734,-46.22
0va2Itv0c44,,,,,0.4019,,
2IwjADu2l5Y,,,,,2.2231,,
FQLVrfTYu08,2.6101,86.82,118.95,14.77,1.386,1.2241,38.6
SSuqMsOQ2_w,3.2232,173.4,117.3,34.87,2.5212,0.7021,95.46
dvRZB522WDw,3.452,151.0,100.14,37.69,2.684,0.768,103.16
5W57Iir3Kzg,2.2104,135.28,138.93,17.85,2.3409,-0.1305,56.45
38vz28PmKOY,3.1911,140.08,126.96,32.79,3.0877,0.1033,49.08
oX4PFhWco9M,2.7488,150.57,155.66,33.21,2.3604,0.3884,81.6
JD7aHzsDhN0,2.4126,154.94,129.51,25.39,2.7702,-0.3576,73.68
zKtKqCL1RfQ,2.9361,161.53,110.72,29.98,2.4373,0.4988,46.11
rR6qNhYb7qU,3.0264,155.93,114.27,28.92,2.6967,0.3297,55.4
aH0y9-txgdU,2.9313,111.77,109.76,22.51,1.9432,0.9881,-7.4
RxhqIUWoE_o,3.3715,114.42,147.76,57.11,2.9824,0.3891,7.7
3RiYSlzH5ZU,2.9951,93.41,127.68,44.3,1.2893,1.7058,24.31
Nj5y3HjWa3w,3.1159,82.61,114.42,30.14,3.0527,0.0632,40.18
Xksz2NLxk9Y,0.3252,194.71,227.72,7.68,0.19,0.1352,-33.72
5cLrIskvcSk,2.6347,87.23,98.85,16.74,3.1069,-0.4722,23.93
3r6AaseDchE,2.6521,96.88,103.98,24.75,1.5884,1.0637,88.03
PYbLyZUrscA,2.571,127.37,104.39,24.91,1.176,1.3951,-19.87
2O6B3G9mdsg,2.8022,97.84,115.8,23.07,1.1143,1.6879,-0.51
PEAgmwBUMqw,2.572,62.7,118.87,27.97,1.3863,1.1856,51.73
-FxHjz-98ZM,2.9014,71.49,154.08,31.56,3.1975,-0.2961,20.41
4GP2KEllAWg,1.7212,124.92,165.58,12.29,1.7081,0.0131,36.14
N4Ek7cHDTCo,1.6192,108.92,171.3,14.09,1.793,-0.1738,19.91
r_FQWgOn55c,1.7984,127.18,169.41,13.4,1.5971,0.2013,35.73
lfQ9xKbuJhM,2.6489,141.64,118.22,27.16,2.1379,0.511,3.47
qZVAmlLK4Ic,3.0213,72.29,116.4,33.81,2.6388,0.3824,-2.58
BAzrIhm3QQs,2.7748,134.85,134.31,46.16,1.9825,0.7923,39.02
05kKgmg2Umc,3.0829,86.38,73.59,46.14,2.0872,0.9957,64.64
BwwFipxdeY0,3.3317,74.52,78.82,22.63,2.1449,1.1868,35.56
sIak5e3Xk-g,3.4785,72.84,86.09,24.52,2.6153,0.8631,25.48
PJ4LkIBG3Ag,3.155,53.56,89.64,19.92,2.2515,0.9035,34.23
Yba1vP9Jij0,1.5478,96.27,144.61,36.63,1.881,-0.3331,46.94
P-mkMDyEQ1E,3.0143,104.0,123.26,32.73,2.8666,0.1477,-36.87
jkjJbUoIhaY,2.384,134.33,139.65,21.69,1.7788,0.6053,-9.72
jSLBLRMIOhw,1.3174,89.23,159.38,17.98,2.9442,-1.6267,-22.63
WQC0DH1TUgE,2.9145,94.45,155.25,46.05,2.7691,0.1454,2.32
RKGUCHkrf-A,2.2935,118.97,187.12,52.59,2.6596,-0.3661,23.53
HYeQKuJBIQU,3.0446,167.67,138.74,28.3,2.504,0.5406,55.21
Me5jGTLTGag,3.3251,178.44,129.32,33.16,2.1267,1.1983,57.18
090MPmkIId4,3.3663,174.37,134.19,34.61,3.1997,0.1666,70.57
BLgdvM3gLgc,3.322,169.53,133.58,32.32,1.94,1.382,58.23
qaakUJ7nPhI,2.136,15.14,188.56,20.29,2.3349,-0.1989,-55.83
kMmkuIlDaRw,2.2568,34.09,93.3,52.46,3.1566,-0.8998,-9.87
FLm3YwTP4XU,1.1458,78.18,136.33,22.49,1.1707,-0.0249,25.12
MOTxP5wPavQ,1.6997,66.68,106.92,20.53,1.7177,-0.018,-20.58
THIUM0enTA4,3.264,108.94,113.88,32.99,2.5568,0.7071,35.66
dYzc1xvBFBs,2.7881,87.58,98.51,30.64,2.1007,0.6874,4.66
AzIBchmkG8Q,0.7141,61.63,113.42,14.05,1.4533,-0.7392,-3.41
piAsw11n7oo,2.7777,95.85,106.15,42.36,1.8716,0.9061,9.12
JEJlfwxgoLU,2.3155,152.06,123.2,24.81,2.4331,-0.1175,41.05
6EixKFSqFZY,1.7511,56.8,173.59,34.87,2.2993,-0.5482,-31.51
gplJCDyON_A,0.8176,83.95,178.35,19.47,1.8435,-1.0258,-13.38
Aq_t5ch5FzY,1.9232,76.73,155.76,16.72,2.1492,-0.226,22.57
a6ndLyruS_k,2.7557,114.07,101.13,24.07,2.4192,0.3365,47.22
HgbUv-pD73c,2.4966,113.07,113.48,23.8,2.336,0.1606,61.77
s88MD3fIWoY,2.6103,40.42,203.88,39.5,2.6841,-0.0738,4.62
00cb7cJ2NiI,0.3302,66.37,202.39,13.09,1.9505,-1.6203,59.88
YTMx9lE-Gw4,2.5653,29.28,153.98,22.35,2.9902,-0.4249,-21.56
oIy99vrdWO0,1.9873,39.47,114.04,36.07,2.6673,-0.68,-8.91
_tZXHmNJVtU,2.3389,72.88,138.98,46.72,2.5634,-0.2245,-18.44
a0PqX20_QMc,1.9123,61.12,137.51,20.31,1.1862,0.7261,-10.24
HHDLPj-hRTA,,,,,2.452,,
FdXpCVarDC8,,,,,2.5937,,
Ho99T9qNF_s,,,,,1.8067,,
Z5XBePPk8Lo,,,,,2.7029,,
tYENCEBGRWk,,,,,1.5294,,
CHkmige74nE,,,,,2.9957,,
dfwxv-zDW8k,,,,,2.0127,,
8bUboNPFgh4,,,,,2.9342,,
Q81rPgJiEnQ,,,,,3.2818,,
Hj03fIk9hOY,,,,,2.5891,,
QRnGeC3puKY,1.3462,199.32,137.17,15.03,0.7853,0.5609,-44.28
66vNQjGqvUA,3.4626,116.58,76.48,47.47,2.6084,0.8542,40.74
-9CKlTEAFss,3.2795,115.4,88.47,43.2,2.7263,0.5532,58.35
EhsRwqPjLJ4,2.7971,113.68,86.74,51.71,1.8472,0.9499,-24.15
YtfCZCe7D9U,3.5692,70.37,96.28,39.77,2.1171,1.4521,36.79
6iPpS1Y_d6c,3.2653,92.29,143.66,44.01,2.7524,0.513,26.58
LXnptMZZ-U0,2.3761,147.3,122.4,18.15,1.5644,0.8116,48.35
O4mSQo-9gB4,2.875,128.25,105.34,24.14,2.8431,0.0319,56.9
nbQ75bmP4fc,2.982,107.92,107.65,40.08,1.8689,1.1131,-44.6
36BUac588Vo,3.4976,99.55,138.91,50.97,3.4366,0.061,-5.05
bF_wNPZsYNo,2.9806,132.55,164.56,32.71,2.6885,0.2921,73.37
KmKI87rhLCE,3.0428,105.59,139.66,41.53,2.4938,0.549,-12.37
EP1XWtKa84k,2.3361,128.47,174.89,22.44,2.0074,0.3287,-16.28
Fwf7yLkrrlQ,2.1036,95.88,147.61,30.27,3.1194,-1.0158,44.39
i1cYxXWDaaw,3.3455,159.62,106.5,43.74,2.4044,0.9411,94.41
jc1pLy7QfRQ,3.1196,165.67,119.3,33.93,3.0275,0.0921,65.11
iM56vOQA1c8,3.0886,144.49,108.14,36.12,2.01,1.0787,18.28
OscWJooVI2w,2.4295,127.77,116.59,19.6,1.4662,0.9633,50.91
GKzAVRH8gYo,2.5322,104.95,110.47,26.41,2.7424,-0.2101,18.9
fHfztsiOnWk,2.4716,115.07,115.48,21.36,2.4013,0.0703,-11.89
HC-Tt3QGE_s,2.7934,147.94,127.8,28.02,3.0236,-0.2302,63.4
xRcEOaX8ygE,3.3301,178.4,98.43,39.3,2.8171,0.5131,106.18
PKawUiUJO58,2.5732,168.87,136.94,34.09,1.8771,0.6961,146.45
A2DNg4sHFGw,3.1565,191.4,133.34,36.26,2.7785,0.3779,67.34
anZJmqbL5vQ,3.0159,181.72,131.9,33.86,2.3989,0.6169,100.84
U6ckWa-eHKw,2.8446,186.08,136.57,26.35,2.3462,0.4985,119.94
TqTSD42rx8U,2.9627,169.3,104.83,23.78,1.941,1.0217,86.06
7epIbeBHo5s,2.968,200.61,125.39,41.04,2.7968,0.1712,153.84
y_FgMpMPOgM,2.6447,53.93,131.1,37.85,2.1229,0.5218,17.37
-rUM_G_NW2o,3.2124,71.06,149.13,24.91,3.6292,-0.4168,6.88
SR16MUQ4AIw,2.4671,171.94,103.75,24.34,1.8565,0.6105,38.93
RwSJ3s2RzTM,2.0685,87.65,149.86,33.47,1.4087,0.6598,-22.63
54pxZ5vRDp8,3.2381,161.04,101.5,35.11,3.1155,0.1225,4.83
d1v5YLST28c,2.4648,161.92,134.59,40.97,2.7548,-0.2899,6.05
2CXAnWLpb_o,2.8678,106.11,115.47,35.28,1.2503,1.6175,-22.81
gYgjHpxKm_U,1.9693,125.57,225.89,32.96,1.8144,0.1549,50.48
cbQcuKQVPts,1.7782,41.37,151.68,14.82,0.8313,0.9469,-7.79
uJxNQL07f44,0.9822,120.24,121.87,13.17,1.0621,-0.0798,-12.56
LICmAG9_VfQ,3.1808,125.14,102.55,29.3,2.4961,0.6847,13.46
TlJ630WApmA,3.6458,188.48,99.63,44.4,2.3679,1.2779,50.91
aWorlbF6cSM,3.7296,155.59,102.66,42.34,2.9145,0.8151,57.05
RB_Jly5bHGs,3.5284,165.47,116.87,40.82,2.8175,0.7109,32.96
5hoA2EWEvtI,3.5383,183.93,120.63,41.34,2.9051,0.6332,73.77
uEn2lEL7c8E,3.1474,168.19,104.73,30.86,2.9495,0.1979,51.28
7ZeWUpr1f80,3.3253,165.24,128.92,30.74,2.334,0.9914,55.24
zrS7y1nCxAE,3.0554,166.16,112.2,28.65,1.503,1.5524,64.13
pSn2k9wuanU,3.6472,167.72,90.07,45.06,2.7656,0.8816,62.33
iEYZjiSB1nQ,3.4468,187.87,132.82,33.82,3.0994,0.3474,69.53
F2IMQB3hDf8,3.1213,135.57,117.02,31.06,2.6377,0.4836,62.78
JZ-q4t9R3tw,3.5052,81.16,111.04,41.38,3.1344,0.3708,55.77
7_0gzHWrwGw,2.3889,91.69,105.64,18.31,2.5147,-0.1258,13.78
IdLD4_QYY2A,2.771,84.96,96.38,20.75,1.6162,1.1548,9.23
Qv9WfA9KklM,2.4118,48.44,146.51,26.5,2.9102,-0.4984,-3.57
6KgdjoIHUG4,1.6308,130.4,103.86,8.24,1.6622,-0.0315,8.3
jveYwkEQF5w,,,,,3.1957,,
XX3HtN6al6s,,,,,1.0748,,
AjAIt16ieO4,,,,,2.4274,,
jvpJ5hh3HO4,0.0,11.28,170.18,17.03,3.0334,-3.0334,-12.89
NcipadQ0cZo,1.9081,66.82,199.61,21.52,1.9157,-0.0076,19.56
O3YlyPx1rIA,1.2054,69.06,179.82,13.58,0.8889,0.3165,26.8
MafxhJ8VPak,,,,,1.7997,,
nV_eDHJ4yMc,3.2229,54.73,178.19,49.64,2.4353,0.7877,16.29
Juwj1OjFscM,3.331,103.32,128.33,49.1,3.0926,0.2383,0.25
UDOfgXPGKso,2.6956,94.83,193.96,50.51,1.78,0.9156,50.4
gJ2136-_wic,1.7757,166.65,111.12,15.45,2.5903,-0.8146,29.21
MwZ_hy5eJ7s,2.3516,136.93,106.57,23.53,2.7106,-0.359,50.69
MxG1vKd6cG4,2.7328,81.97,125.05,34.29,2.9953,-0.2626,1.27
kvmKW0X086U,1.5741,72.0,126.24,26.65,2.9744,-1.4003,-17.15
JH4P8CGyg_A,2.4016,51.81,133.92,24.98,2.9243,-0.5226,-13.27
4lyld_SOJ_0,2.3883,89.02,114.37,25.98,2.378,0.0103,-3.7
0dTUcRMLwao,2.7785,95.12,117.5,71.75,2.5192,0.2593,33.18
BqBDC5Og1M8,3.3116,81.34,146.04,32.39,2.5323,0.7793,23.85
JoXl9gbarQg,2.6733,33.53,174.36,50.96,1.8211,0.8522,-37.38
iBGBGBwwsZ0,2.8073,126.31,81.05,38.69,3.2113,-0.404,55.7
5a5w7mxsacc,0.8684,135.32,227.77,15.7,2.4275,-1.5591,49.47
Bq0bg3g6siU,1.1963,34.08,193.68,12.45,2.8006,-1.6043,-29.25
5-lhBrDc5SI,1.2425,32.88,194.1,13.08,1.7931,-0.5505,-21.19
5Ujm_nCGsbw,0.9484,132.95,223.86,14.99,2.3139,-1.3656,37.37
cY8KheUj4LI,2.051,89.73,188.62,22.31,2.258,-0.207,38.87
0wz8q0wQlJk,2.2631,83.22,170.0,32.96,3.2412,-0.978,9.35
CP-vVmwSdE8,3.2288,143.33,86.55,32.97,2.7457,0.4831,52.66
iF6z9gTY1hU,3.516,154.25,91.22,43.92,3.7368,-0.2208,66.44
aZjGAjiZvrM,3.4647,128.58,110.67,40.9,3.4384,0.0263,75.61
5c_1lE0n1Ks,3.3851,115.54,113.78,33.15,3.3988,-0.0137,21.25
9NKlMPoQTY8,3.413,102.48,127.71,51.8,2.1322,1.2808,73.11
bR4A7wPqkAM,2.6127,127.57,140.7,33.08,2.6079,0.0048,54.18
7TjcJcybBzU,2.2897,102.04,175.85,26.34,0.9382,1.3516,77.24
Cd-X3wOh8bU,3.0435,111.64,129.9,36.58,2.7436,0.2999,26.42
sp637N857V8,3.457,94.93,143.45,46.57,2.8447,0.6123,43.37
NiiKGas6b2c,3.1331,74.91,164.13,29.03,2.7373,0.3958,29.18
a9LWiraGHdk,2.9913,123.51,120.28,50.47,2.9445,0.0468,29.08
Mk-Tz4-U4l4,2.0302,124.35,179.38,39.35,2.4616,-0.4315,26.73
gJT6cuJHxSA,3.4486,71.64,100.26,41.31,3.2252,0.2234,19.06
n6a9cdp8TZQ,3.1495,59.58,162.7,39.94,2.6271,0.5224,-22.77
7lX3gVWxu_M,2.6086,62.87,126.89,48.45,2.2652,0.3434,15.48
U1ZqlZq_Q7Q,2.7862,40.54,126.89,20.52,1.5336,1.2526,5.4
p4EHDns761c,2.6559,72.72,119.47,27.23,2.5614,0.0946,-55.8
cGEoxWEtK40,2.4519,81.44,107.19,27.7,0.8672,1.5847,16.19
l_7J_a3cEgE,3.0501,90.1,85.65,28.47,1.7156,1.3346,28.29
bBGOqMX92dY,2.5187,100.54,95.26,22.64,2.0034,0.5153,34.6
yZY9B84Nagw,2.7623,163.39,133.26,25.36,2.2497,0.5126,40.35
SxeCxmtK76M,2.7686,91.82,99.17,19.56,2.5329,0.2357,71.33
rFW179yXck4,2.258,67.46,165.97,38.69,2.6191,-0.3611,22.09
bGHPyOMIk-o,1.9522,69.22,126.44,21.46,2.8063,-0.8542,32.79
Lj9LYzLjk_o,2.7416,86.41,125.98,26.6,2.5955,0.1461,-1.6
VVFtNduJ1Sk,,,,,3.1192,,
ZA9RZbfweWY,2.1044,18.99,85.82,28.51,2.886,-0.7816,-27.62
9vFRBJfV3BA,2.2339,80.63,188.77,37.48,3.0349,-0.801,6.52
4bF1M-ePzlU,1.386,145.58,125.82,19.32,1.852,-0.466,45.07
t2s1mx4EPqc,3.8266,155.46,87.59,43.2,2.7454,1.0812,34.47
w5QtcJnxyac,3.8186,140.53,79.08,39.78,2.3376,1.4811,57.9
5dMhcaUjj5Y,3.7964,107.47,88.64,35.15,2.8784,0.918,47.54
2v-6AG6p0VU,3.627,134.3,94.4,34.76,2.7264,0.9006,42.91
bb4Skiq9WQY,3.6356,137.78,86.45,43.9,3.2267,0.4089,92.14
K1LquSr0YDU,3.7262,129.84,96.55,44.22,2.6339,1.0923,62.31
vt7GqXfz8Ak,3.7234,96.97,89.28,36.09,2.8774,0.8461,43.89
uUhzRWSrixw,3.8404,131.29,98.13,39.55,2.9411,0.8993,91.12
kdat9IZvW4g,3.6937,129.26,76.49,36.86,2.9608,0.7328,71.23
TTulDslORlQ,3.8084,146.86,72.7,56.07,2.4403,1.3682,44.48
s24406xRGjk,2.9465,86.8,78.83,22.83,1.337,1.6094,-25.28
p1EWk793r28,2.9524,86.4,78.95,23.04,1.3282,1.6242,-25.68
DQWurKlb8x8,3.4959,111.62,88.2,31.1,1.804,1.6918,-120.39
Z8s2-xDZJzs,3.5827,99.26,81.62,46.39,2.741,0.8417,-34.06
i9tMNb1MkDk,3.5734,91.41,78.74,42.35,2.7345,0.8389,-42.46
mLiAy6nrD5g,3.1511,88.51,96.43,25.69,1.1301,2.0209,2.11
-14ZXPmHMSs,3.3021,85.35,94.02,26.11,1.099,2.2032,-2.95
JF7rdndC8oI,3.5281,61.39,70.51,30.12,3.1894,0.3388,-5.88
o190uXIivxI,3.5532,56.02,70.28,27.75,3.2398,0.3134,-12.62
IB0s_u2cvO4,3.0625,86.08,93.2,25.95,1.3664,1.6961,-13.6
K6qj5JfXcaM,3.1181,103.53,105.84,24.6,2.6406,0.4775,39.09
xnpCglhfGbk,2.8392,50.64,130.49,26.35,3.1732,-0.334,-30.35
ML-FmsTztPc,2.669,73.25,118.19,36.19,2.3624,0.3066,31.63
3Xi_jty0xNY,3.2637,94.13,111.65,30.44,2.892,0.3717,65.25
OrCosXMb97U,3.0802,107.32,114.17,34.81,2.0898,0.9903,29.58
oh2FFAE7cPE,3.5005,106.37,106.84,38.74,2.8733,0.6272,28.77
6c1Ao8cII9g,3.1507,89.22,90.34,33.17,2.7824,0.3683,12.54
GlLnbD2KM3U,3.1826,82.3,101.38,31.96,2.5734,0.6092,-16.65
RGgX2K8zM_s,2.9846,67.41,110.02,24.76,2.1323,0.8523,-6.91
8_kiBfZ-x0w,2.9256,41.65,107.44,19.91,2.5621,0.3635,-32.85
RY2rHLRVGKQ,2.5747,39.59,131.33,17.93,1.791,0.7837,-44.92
XCxF3kD1rhA,3.3492,40.49,145.19,28.35,2.4763,0.8729,-50.94
24uHwQFLpjg,3.5653,100.25,90.56,35.54,2.5625,1.0029,-2.93
lO3tA4Zp6Og,2.9443,78.74,106.18,34.17,2.037,0.9074,-20.79
A1KKWmssOAs,3.2981,92.55,87.65,27.86,2.5655,0.7326,1.31
ihZlpXQosuM,3.3183,65.72,99.27,34.08,2.4808,0.8375,-44.17
4yCpNqoxEC0,2.219,118.43,140.23,29.87,3.0466,-0.8275,42.91
cGBC_ORFirs,1.8447,16.25,124.25,40.29,2.1148,-0.2701,-11.28
QFd08ZetynA,2.5281,28.54,98.44,37.18,2.4691,0.0589,-11.05
hGeI7OTHZhM,2.7303,110.75,178.74,41.91,0.2669,2.4634,41.2
iQgFOys1mxc,2.609,108.75,181.75,39.13,0.8296,1.7794,44.27
vXKcfzzk3nE,2.7855,114.04,179.38,42.99,0.7002,2.0853,52.44
JzAQixVx_KE,2.7542,109.36,181.37,42.4,0.4654,2.2889,42.91
xbRZp_YlNSY,2.7111,112.05,180.74,41.09,0.4231,2.288,48.01
JEaffD-KBu8,2.7434,108.47,182.21,42.93,0.4035,2.3399,39.24
WFMV6lJfuIo,2.6493,110.01,180.54,38.92,0.7753,1.874,42.93
MYSE55eLQaY,2.6349,108.72,182.05,40.0,0.4203,2.2147,43.88
oeZRkNS1aaQ,2.9135,115.24,173.69,46.77,0.4701,2.4434,54.3
7ho7A2ii42M,2.8118,110.45,180.17,44.89,0.5073,2.3045,46.32
RpKAwpkKCPc,3.521,29.11,123.57,34.73,3.3737,0.1473,-45.9
EUp5FSpmEdA,,,,,1.5211,,
bMZfdW4RULc,,,,,1.5211,,
p2QKmhpAAx4,,,,,2.7855,,
H_-yisGslK8,,,,,1.8093,,
_2jf3Dx8UFY,,,,,0.748,,
Qi2EzznuyNQ,,,,,1.589,,
QSXCV8aWO7A,,,,,2.5731,,
kFhotFYjZhY,,,,,2.5731,,
Qyxnv5OcPAw,,,,,1.589,,
dzjHQyTf2vg,,,,,1.7977,,
0ySm5eJKO_Y,1.0097,24.56,195.0,38.51,0.795,0.2147,-1.89
gFTfOdpSsBg,2.3989,108.71,202.48,45.25,1.3572,1.0416,54.66
WGfXOOihAVI,1.9801,136.82,222.97,33.62,1.6895,0.2906,74.2
7_2NiQaET2s,,,,,1.1812,,
VSJMCqCjEVk,2.259,109.26,166.05,37.3,2.9583,-0.6994,-6.79
9pG8Rl9L16U,,,,,2.7591,,
HANwOA38bSg,1.1829,115.2,128.39,12.82,2.379,-1.196,-6.53
xH8l1vFQY58,2.1055,96.44,120.85,22.31,2.8576,-0.7521,-22.07
iXiE8MFropk,2.7095,101.34,108.52,25.7,3.1618,-0.4522,49.77
F5ySuWMIecc,1.6058,39.44,177.59,40.26,2.5465,-0.9407,-4.39
26CltEvnHFU,0.0,0.0,74.56,-0.0,1.7788,-1.7788,-69.22
Z6MUEdj6IUM,0.967,92.29,140.62,10.93,2.7526,-1.7857,28.4
Iz1B569ZltI,0.967,92.29,140.62,10.93,2.7526,-1.7857,28.4
gstiRd5FoLw,1.6055,45.24,134.94,15.62,1.823,-0.2174,-64.67
PiU7W-sEdXo,,,,,2.7722,,
IMiBak7nVzY,1.3947,67.94,157.93,18.05,1.3802,0.0145,-3.29
GlzPAy3KmGs,2.2302,47.24,200.38,33.35,2.2351,-0.0049,-3.41
Ethbw-tV8zQ,3.03,49.55,103.06,29.99,2.2578,0.7723,-3.79
SQe3ll0JQOA,3.2259,58.21,108.98,44.62,2.5939,0.632,-2.38
Fq7X3Ovhth4,1.9521,66.97,133.27,10.94,0.4317,1.5204,-19.75
R6-6yyoNO9c,2.4605,68.77,127.7,18.74,2.6359,-0.1754,-9.37
kGTbxjVuPZE,2.6124,59.94,117.86,17.23,2.5378,0.0746,-54.83
sXM2GBR4IlQ,2.5702,76.56,127.18,15.96,2.7254,-0.1552,-33.82
2yqyGq3FJbc,2.1325,73.94,135.38,16.6,3.1623,-1.0297,23.27
lBdfhmGPjbE,2.1353,71.2,128.19,16.73,2.3058,-0.1705,11.78
rhs-S3DR3i0,2.0589,75.95,130.47,13.92,1.8985,0.1604,-33.19
w35gg6jS7-Q,2.7777,98.06,83.57,36.34,0.7554,2.0224,72.68
Xwc9UVn9DFs,0.5778,164.29,228.25,12.23,0.6791,-0.1014,12.47
vbqgBcV4A80,3.4635,173.67,125.3,36.24,3.0034,0.46,75.78
S42irLIrbCA,3.4418,166.07,133.13,32.68,2.7625,0.6794,66.64
jlPms4LeRGI,3.3674,164.0,141.07,32.71,2.8731,0.4943,89.56
wX7avMnXSvc,3.4873,170.81,139.78,34.26,2.9004,0.5869,58.04
iQxaOH6I8tc,3.4802,166.43,134.71,33.77,2.4256,1.0546,78.17
YCwvxYO-5dw,3.5946,166.1,128.74,41.19,2.9016,0.693,80.96
NFp2HHu1gIY,3.5868,163.8,125.83,38.6,3.028,0.5587,100.95
ZUcrkBLEB6E,3.2848,159.93,99.72,47.67,2.4873,0.7974,76.74
oEmGLnrsFgg,2.7307,103.94,116.18,22.27,0.9553,1.7754,50.06
dtrQ7lkVjW4,2.6724,107.03,114.59,23.3,1.6346,1.0378,60.45
mUdCMyN8wzc,2.9826,153.95,102.01,29.61,2.636,0.3465,45.73
4SPTR8HXDNs,3.5419,150.63,105.77,40.23,2.3431,1.1988,38.21
D8E0QRTNFZc,3.5183,158.36,106.88,45.59,2.3476,1.1707,46.6
8uRrGlPK580,3.545,157.27,105.68,44.5,2.8274,0.7176,80.94
StIPfo9KT4o,3.4704,151.42,95.42,37.91,3.1131,0.3573,55.93
8n_-dfYQ6dA,3.5421,161.46,106.52,42.63,2.9243,0.6178,82.64
ICrclnJelE4,3.5529,158.25,114.72,39.36,2.2485,1.3044,43.81
n-DKttyBRn8,3.5473,149.71,107.78,51.38,2.687,0.8603,47.49
wgQjPE_rvPw,3.3114,168.31,105.96,33.58,1.7921,1.5193,61.14
cYFJeIpwgc4,3.3946,160.29,113.94,36.97,2.6003,0.7943,60.11
GBY7zlrItKQ,3.4177,160.81,113.46,42.62,3.1919,0.2258,69.31
hDcbjNiNH8M,2.9613,178.13,155.97,40.5,2.4422,0.519,124.32
52mjeKTFew0,3.0714,195.25,151.18,33.59,1.7116,1.3598,62.53
9FtKi3GA6ZQ,2.9286,188.74,141.26,32.05,2.0445,0.8841,83.95
IrM6PpOJFag,2.9166,194.61,147.81,32.12,1.3652,1.5515,79.43
uXCHkSJQW-k,3.0969,202.49,144.98,33.13,1.358,1.7388,68.98
rV3RNsjkha4,3.189,197.46,143.83,34.92,1.6798,1.5092,79.81
dqdh87XS1H8,3.2643,193.53,149.91,35.1,2.2753,0.989,94.78
n0c2Dt0-ejw,3.1311,192.65,135.43,34.31,2.3438,0.7873,94.19
ghjarhsyESg,3.1078,196.17,145.88,33.49,2.2614,0.8463,75.28
DxHqr4es0Ok,3.1044,194.84,143.88,33.22,2.1593,0.945,78.36
xlB2S8NSU84,2.5347,38.71,140.04,34.89,2.0946,0.4401,-34.32
fHhNkwySLBo,2.1953,122.2,158.85,22.8,2.1588,0.0366,-2.7
xx3rQhVngxo,2.607,58.65,114.69,49.68,3.0876,-0.4806,2.43
pxtOaVnr6p0,2.0722,66.95,130.19,27.57,2.2208,-0.1486,32.7
QeZTh0BwTYI,2.2339,49.19,152.13,36.04,1.8351,0.3988,-78.89
gooIzLDvkCo,0.8685,69.42,126.41,43.34,1.4562,-0.5877,-26.29
Csz0JTjJ00Y,2.8707,78.95,170.25,37.53,1.7769,1.0938,29.23
wPvOPyQKtBI,1.8397,44.52,181.65,9.59,2.1048,-0.2651,0.54
hMdjNpS5RQI,2.6205,125.05,141.07,25.14,2.565,0.0555,34.22
pLs6BL_nIOI,2.6618,121.31,162.32,34.83,3.3937,-0.7319,12.34
hWijACy0O3c,3.4709,149.13,106.91,40.78,2.3239,1.147,58.46
m3Zh9WSFJX8,3.3933,150.0,120.52,39.43,2.3771,1.0161,61.53
gZbhMeTt4oY,3.5861,143.77,106.74,35.04,2.8346,0.7515,45.5
iBRw0kvxyUs,2.4026,31.83,105.66,8.05,1.837,0.5656,31.65
HYq5jgCQHrU,2.9876,160.27,92.76,23.55,1.1915,1.7962,151.86
rFXuvPYIEXI,2.522,144.54,133.78,30.95,0.0961,2.4258,127.17
1zHSqxgO-pw,,,,,2.1782,,
BEz-CTZA9lU,,,,,0.2109,,
UR6M-Qxa6Tg,,,,,0.2109,,
7Q930G6Biio,1.43,23.45,198.45,29.84,2.1454,-0.7154,-29.18
nI_X3voy-9U,,,,,2.0671,,
EH1_EzJ2_vE,1.0657,126.64,208.73,13.97,2.0488,-0.9831,57.88
4zInCIJBBpE,1.6127,101.73,187.99,31.87,2.5314,-0.9187,68.01
l3GkFvqE4Wc,1.6093,107.79,200.55,13.97,1.797,-0.1877,48.42
AMlrkPSXKOY,1.0272,130.62,206.07,12.18,1.852,-0.8248,73.16
ewRf0pfsS9s,1.7579,111.55,195.98,18.71,2.4536,-0.6957,70.76
YVztVrNAEIY,1.2959,110.64,176.36,12.16,1.163,0.1329,50.79
qQkN3qDhVdA,2.2968,68.67,149.93,47.1,2.0392,0.2576,-6.89
4dkXmAE_Zy0,1.6639,119.1,184.95,15.58,2.1669,-0.5029,58.62
Z3w-88CjaTo,1.231,85.71,208.81,22.29,1.558,-0.3271,60.4
AnQLWsXzUZw,1.5564,100.82,180.03,28.11,2.3298,-0.7734,76.42
i6GTiGWEkIs,3.6467,162.03,103.77,43.91,2.4906,1.1561,31.54
_N3YZ4-R9PU,3.4021,151.19,96.26,43.04,2.9697,0.4324,69.23
os0QXzDuMOE,3.3756,144.23,100.64,35.05,2.8122,0.5634,63.35
WgESRKw8Ges,3.3038,154.41,109.32,33.73,2.7021,0.6017,53.46
EoqAGCigQSM,3.3955,147.68,103.93,39.29,2.3959,0.9996,82.2
1vaPVKWyDUc,3.477,139.43,99.1,40.74,2.5824,0.8946,27.42
GefPTAN0z7E,3.4049,152.67,106.53,37.99,2.0745,1.3304,39.52
1T2RQqm7YIY,3.423,146.99,102.22,39.67,3.0569,0.3661,77.17
-IEiBtNrlLg,3.4183,149.81,102.21,40.66,2.8995,0.5188,41.57
iUDod5mQZsg,3.4435,142.12,108.24,41.68,2.6301,0.8134,40.7
khV0BajGQZQ,2.1572,39.46,157.95,32.1,1.7237,0.4335,0.57
TTL45IeHRcQ,2.367,35.59,150.78,17.34,2.4778,-0.1108,3.59
VfBUySl7RqQ,2.156,33.55,137.4,24.04,1.7198,0.4362,1.71
JZ-6yOOSlCg,2.5506,46.06,160.33,52.33,2.1383,0.4124,-2.74
CR4kD7TsGmc,2.3493,32.36,150.08,14.68,2.2763,0.073,8.48
lkrvYpRftNI,2.252,44.59,142.18,39.45,1.9307,0.3212,7.5
bi2Oytd0tWk,2.1119,37.39,145.14,20.51,1.8163,0.2956,18.48
e6siS13__24,2.3292,34.05,160.48,14.24,2.0419,0.2873,2.98
vh86fjjIAz0,2.6164,55.58,121.85,39.24,2.2653,0.3511,23.13
0q_BOPHHprI,2.3759,37.1,148.05,26.78,1.2505,1.1254,8.08
2C08xdE797g,2.0347,68.87,190.58,36.98,2.7363,-0.7016,27.35
g3vHLURwRfg,2.275,56.69,171.62,35.52,2.6001,-0.3251,17.87
Vye--n6qGE0,2.0562,58.73,172.21,29.51,2.7483,-0.6921,22.19
tmvpEfzo18M,2.3694,69.85,172.46,29.58,2.3045,0.0649,21.24
9fmqHMfABbQ,2.2565,69.75,170.33,34.59,2.2851,-0.0286,35.24
qwQY4G03WBc,2.2918,73.99,186.87,42.86,2.5209,-0.2291,39.42
OidBW_WnmBs,1.9111,53.81,179.65,51.2,2.552,-0.6409,23.12
JrO_Sous_p8,1.717,64.89,176.54,28.63,1.0204,0.6966,17.42
z9v5Y3BDHLo,2.4458,74.93,190.38,32.66,2.1114,0.3343,14.68
_v-c-SHWZSg,2.8347,95.32,189.0,48.13,2.6171,0.2175,35.72
fqBULRQkLNc,2.623,85.67,61.33,43.43,1.8595,0.7634,-8.52
VIdz15yNjK8,2.8348,140.3,193.94,32.35,2.1003,0.7345,-20.36
xok8RtwtRy0,2.1443,112.67,182.64,19.18,2.2931,-0.1488,42.47
uRDsKWhxLOA,2.1354,112.43,182.3,18.83,2.2921,-0.1567,42.31
9ro8Zvf0uTA,2.1129,112.96,183.27,18.39,2.2875,-0.1747,43.2
vCrjDEGNTvA,2.8348,140.3,193.94,32.35,2.1003,0.7345,-20.36
WndurVVncS8,2.8348,140.3,193.94,32.35,2.1003,0.7345,-20.36
zaltUkbUKZw,2.8348,140.3,193.94,32.35,2.1003,0.7345,-20.36
M92lfVBR-pY,3.0276,151.66,121.94,25.06,3.0256,0.002,71.31
lkUcimaIwAY,2.5327,159.08,132.68,19.62,2.5541,-0.0214,95.67
aoTnKt2ykKY,3.0312,127.9,122.48,21.02,2.5672,0.464,56.22
q8njDWYDU84,3.6314,145.73,166.68,42.19,3.3993,0.2321,70.47
Rem1kF3arYw,2.5674,147.0,159.05,20.96,2.2924,0.275,22.94
YHfJQhXF78A,2.8047,165.03,129.58,25.51,2.5378,0.2669,122.57
3I-JZW9h-vc,3.0884,136.07,160.98,21.89,1.3054,1.783,44.16
5-BWAIP3K-Y,2.7017,117.63,156.45,18.21,2.7817,-0.08,98.74
9i7XS2QEDxE,2.9113,139.42,131.49,18.32,2.0728,0.8385,75.05
7--Hye06MwY,3.1006,118.2,154.93,22.18,2.6564,0.4442,29.59
OrCtf9YlCFc,2.7788,184.99,151.48,35.73,3.2425,-0.4637,61.79
-Z7ehNI-teI,2.7796,182.91,153.98,36.53,3.4838,-0.7042,115.57
ErAAGclwocg,2.7636,182.59,151.47,35.65,2.8823,-0.1187,110.93
azTvmjer-_Y,2.8289,185.3,151.23,35.41,3.3889,-0.56,72.79
UaoBYcOTT4w,2.7577,197.75,145.63,34.26,3.2797,-0.522,113.7
vbWfgFFO3kA,2.7944,197.35,143.77,33.91,3.3009,-0.5066,108.82
8JkMDSjOQ90,2.785,180.15,153.98,35.98,3.1633,-0.3783,110.67
huoDphXIEGI,2.8046,194.03,142.63,35.54,2.1997,0.6049,100.16
cyypp3hD4Rw,2.8614,195.1,138.41,37.24,3.3501,-0.4886,100.1
waeNVSXPnNU,2.8001,182.37,151.79,36.27,3.2742,-0.4741,106.08
pGtBgXb5Mh0,3.265,142.71,85.68,32.94,3.1543,0.1107,128.27
lhvi7vD2CZo,2.9353,188.17,112.54,37.31,2.5053,0.4301,32.43
yfIqvFZQeHI,2.8529,128.18,94.32,40.38,2.704,0.1489,46.63
v_hKsJEY9b0,2.6656,145.57,103.06,39.02,1.4422,1.2234,16.16
ABdV9ygbnsw,2.6971,129.5,88.48,43.99,2.7236,-0.0265,38.85
tCPwrjzqk1A,2.815,97.3,86.28,41.37,2.6855,0.1295,-7.75
W48WA7V7bmo,2.3246,107.25,80.88,48.12,2.6446,-0.3199,4.24
wEizJxpcLKo,3.2123,121.15,72.24,45.53,2.7758,0.4365,21.64
--M9ikK97OM,2.7699,136.55,107.75,29.52,2.5006,0.2693,31.02
KKpvUr8Mwjk,2.5557,146.35,115.07,21.39,1.7038,0.8519,102.97
5BEso8NHkpc,2.8781,223.08,103.49,32.82,3.2569,-0.3788,142.91
5kA8daNcmC0,2.0651,147.0,125.24,41.92,2.9101,-0.845,80.12
vbSsyGv10ds,3.5223,132.68,86.73,40.93,2.2313,1.291,67.19
kSMjrtVjuMI,3.3843,159.29,101.44,32.15,2.3807,1.0036,72.58
dmd_prk3-_g,3.3415,132.18,90.54,39.42,1.1595,2.1819,33.51
DyyxLwa5WCo,3.1208,152.47,99.91,28.85,0.8929,2.2279,74.93
CKNpz4e5f14,3.0155,149.86,89.08,26.33,2.0803,0.9351,53.19
wc9o8toP-lw,3.243,135.62,91.28,32.25,1.5464,1.6966,53.64
rPtLcjEw1A8,3.2313,143.7,78.45,28.21,2.4337,0.7975,55.35
vvGF31RwPQ8,3.2326,137.54,84.35,33.88,1.1598,2.0728,49.73
q02G3QywI4w,3.15,142.9,114.04,28.79,1.9939,1.1561,68.03
qh6IQ2j9YJs,3.1272,163.61,93.73,29.02,1.2642,1.863,52.12
x20H2oU_n3A,1.926,27.32,178.44,53.79,2.6169,-0.6909,-33.55
_36WWtEhGVI,0.9837,96.23,70.69,10.49,1.6479,-0.6642,12.28
fnvOzYrHI18,2.1423,102.22,187.36,32.02,1.6304,0.5119,-81.98
Fg5Hw4cvN7E,1.1329,81.6,199.73,20.66,0.4531,0.6798,-4.68
p9y-cvyKSYs,0.9212,122.22,77.57,6.46,0.616,0.3052,-4.03
40WSOWHdXs0,3.2736,131.44,123.65,33.71,2.6547,0.6189,66.26
ms5B5fCxXSw,3.1349,158.28,82.46,43.62,2.8901,0.2448,74.4
XeDeBOXrcDc,3.0061,122.89,135.75,30.51,1.4967,1.5093,53.79
QVa6rWKLlCE,2.9,128.59,155.92,37.02,1.866,1.034,66.31
jFRMrq2Ak2M,3.3617,118.44,98.14,57.35,2.6363,0.7254,50.78
cnHoZeCM4l0,3.4631,134.28,113.48,47.59,2.1141,1.349,39.68
P2BnXSSR5kA,3.4119,142.33,128.27,33.18,2.5444,0.8675,43.1
YIU2c869K6s,2.5634,138.95,123.83,24.89,1.4753,1.0881,62.22
8mkjq1PWMM0,3.2067,147.09,94.78,53.7,3.3441,-0.1373,90.46
ivz33m0gONc,2.7557,151.51,138.31,24.9,2.7448,0.0109,71.83
oAjTn4LnvlI,1.7928,179.36,154.69,12.09,3.3842,-1.5914,132.97
jDDB8p334no,1.7928,179.36,154.69,12.09,3.3842,-1.5914,132.97
CSd75AopPm0,2.7267,92.28,127.18,24.17,2.7124,0.0143,14.24
Z9nvUenSJXs,2.6131,97.16,118.0,20.39,2.3774,0.2357,41.75
v27fxPnATlY,2.5883,181.32,113.51,22.35,2.0729,0.5154,69.49
LHIFbgaIE8c,3.2036,138.74,111.19,29.09,2.7898,0.4138,-5.64
HrqC20q82og,2.9387,107.53,114.55,32.48,2.5168,0.4219,12.9
dzuPESrNC5w,2.0326,149.63,121.01,17.66,1.3866,0.6461,17.25
OitfVbMNxcA,2.5599,103.22,132.82,30.07,2.2982,0.2617,19.0
8AQsBEHmtLM,2.6193,98.12,112.68,21.2,2.6103,0.009,-32.15
05i1jMf3WRI,2.3743,148.42,129.12,18.63,2.0018,0.3725,1.79
PiBLUtVCvB4,2.8634,121.15,101.31,29.6,2.6639,0.1995,26.65
yFuh5vhY65A,3.0957,60.1,142.0,33.92,2.3342,0.7614,-30.85
0VOxqlp3UNo,1.3705,77.64,190.31,12.63,2.357,-0.9865,-17.79
vI3EJuEzGWA,2.3629,58.66,101.38,35.58,1.6158,0.747,-14.27
MohKlUTUCSA,2.8215,70.89,141.19,27.69,1.7416,1.0799,19.14
AgN7bO7v2PY,2.1231,31.15,213.77,14.2,3.0409,-0.9178,-15.83
2Z81ge_ehlA,3.6298,118.71,86.55,46.31,2.5992,1.0307,61.57
DlZlB4PBciY,3.4209,122.94,66.73,42.32,2.4384,0.9826,38.04
3kspk8yA-zU,3.456,96.86,78.66,43.72,2.1973,1.2588,31.66
t0M5wIw1Zjo,3.2733,119.29,78.47,30.49,1.1694,2.1038,18.74
HXlqp338eM0,3.4871,119.55,90.05,37.5,2.1834,1.3037,60.98
PFMoG_Yj4g8,3.5602,97.66,89.26,37.24,2.2426,1.3176,49.84
-uyCMvTMuV8,3.4761,81.96,76.49,33.5,2.5982,0.8779,25.73
8OtR3OT8zeE,3.5113,96.45,91.63,38.82,2.4342,1.077,44.33
KQ1EOkbn6MY,3.5094,89.36,90.59,47.34,3.0765,0.433,11.88
8fulnVtodjg,3.7212,105.8,89.54,38.95,2.2253,1.496,33.74
_uSZlmDsn3A,2.8392,90.65,87.0,17.27,1.3985,1.4407,42.88
G_8tYxdhFdM,3.0689,126.62,91.58,34.16,2.6973,0.3716,39.65
sJpI-yuqJLU,3.238,141.42,114.77,31.88,3.0887,0.1493,49.75
qYcNnK5m2Ow,3.5476,107.98,85.17,31.65,2.3614,1.1863,28.8
ExIURIzYBt4,3.2452,109.38,90.4,30.33,1.8917,1.3535,57.16
RgcqMCqts6c,3.062,144.48,100.45,37.15,2.3591,0.7029,4.23
DWWWbzhLSg4,2.9241,91.17,91.66,28.89,2.3666,0.5574,10.32
nKNBO5_p3ww,2.8314,106.21,86.54,18.47,1.7044,1.127,16.79
RHLCxb-lqHw,3.1062,125.32,112.21,32.23,2.7254,0.3808,57.91
xQWqFTpC14A,2.8886,103.36,83.58,26.13,1.2003,1.6884,41.58
q6mV-1tmmTU,1.8716,44.13,177.24,23.16,1.3721,0.4996,-47.95
DN2PcjIRarY,,,,,2.7057,,
YKex7jttDKI,3.3308,120.23,115.9,39.91,3.0796,0.2512,39.05
0N57cgk4TEY,2.358,31.3,134.75,42.0,2.9946,-0.6366,6.15
Wrv2LvQxVLA,2.0222,162.31,97.03,21.46,2.1555,-0.1333,-20.12
tALZEUKC7zA,2.2592,44.19,84.48,34.29,2.6661,-0.4069,-22.67
e665hcbtVVU,3.0979,128.99,149.59,44.9,2.1055,0.9925,9.75
xG0a9VD6_PI,3.1805,125.34,146.59,52.83,2.1425,1.038,48.39
gmOYegSZa0Y,1.8645,91.74,55.32,20.81,2.4759,-0.6115,9.49
GROeaC8X2S8,2.3804,48.45,103.17,50.85,2.4798,-0.0994,-16.6
Pr3KHWT3SXQ,3.0529,164.74,165.86,77.4,2.4597,0.5931,124.81
15LzmR-hdsQ,3.302,189.49,155.78,47.98,2.5108,0.7912,105.19
47esgu9asAM,2.248,104.16,127.82,58.39,2.2471,0.0009,-35.39
f4LtVXBAc-E,3.597,162.5,85.31,54.97,2.608,0.989,53.02
ID8Fh5CCoZg,3.3306,169.7,70.27,27.67,2.3502,0.9804,34.33
be1qVE1wAvk,3.2891,132.13,79.84,30.7,2.1652,1.1239,62.52
9HucTlTy75E,3.0623,143.39,68.57,25.27,2.2048,0.8575,23.37
gxl523_4Sq8,3.1072,145.05,67.58,30.39,2.5878,0.5195,37.91
nnUJeqJwq6E,3.1783,147.57,85.14,28.39,2.1983,0.9799,58.29
VVb_FQR9g5M,3.3874,123.15,86.61,27.25,2.4871,0.9003,41.12
ZLeB98_bnFA,3.1183,133.69,77.75,28.46,2.339,0.7793,56.22
f2nssbm3d5k,3.0176,136.87,77.21,24.96,1.9269,1.0907,21.57
qR5fz1wsrDI,2.3392,63.05,151.79,28.85,2.4331,-0.0939,-1.18
sucjT1Q8i4Y,2.8719,106.5,156.62,53.72,2.6149,0.2569,-10.38
5w6PJS2gjCQ,2.3171,33.6,174.63,28.36,2.5749,-0.2577,-18.24
i1c3ROdJAyM,2.6285,68.66,170.94,31.79,1.4497,1.1787,-50.67
D6vOft2b-Hg,2.6005,64.53,155.01,36.99,2.3425,0.2581,16.52
A7JfO49Hids,2.5762,68.09,150.96,47.26,2.8294,-0.2532,10.26
ZPYMfxTEkfE,2.3267,50.39,148.12,27.11,1.1323,1.1944,-17.74
qaMy8X45mxs,2.8369,77.31,189.5,24.91,1.3689,1.4679,22.76
pbXEASWMSdo,,,,,2.6117,,
ZnTmB3kngsc,,,,,2.9383,,
10w2Kp5VPXU,3.2303,142.84,119.73,30.9,2.5585,0.6718,62.76
aVJGMvwZYqw,1.8428,75.51,193.36,36.92,2.5164,-0.6735,38.16
Sv8bD0M1b9w,3.1249,71.42,188.15,31.64,3.0507,0.0742,25.54
-SeDuAHyIbI,1.8759,87.47,199.38,22.99,2.4501,-0.5742,23.82
vO3L8eez6h0,2.2072,100.47,184.26,26.56,2.2378,-0.0306,35.39
N6esKKyGQPA,2.2858,127.2,157.13,25.95,2.8013,-0.5155,31.34
dIARihvx1kM,3.3458,73.46,167.41,24.31,3.0651,0.2807,34.28
MgZ8766IZBw,3.1698,53.46,162.58,27.56,2.6717,0.4981,19.58
1zZ0I7hOYbI,2.0868,105.62,183.76,22.02,1.5656,0.5212,39.74
yosWkx99cxc,3.0101,49.89,166.01,28.01,2.1751,0.835,12.53
TQvh4Ab3eEo,1.7268,119.16,175.81,24.02,1.9953,-0.2685,25.67
fYnEmeA9Vc0,3.3284,124.12,87.77,37.33,2.1649,1.1636,23.54
lSmiqFQGjuw,3.3323,151.38,94.75,45.29,2.4724,0.86,2.52
yGNalXZo7A4,3.4928,178.87,85.03,44.52,2.8877,0.6051,69.43
vILildG4FMQ,3.5893,165.92,109.71,34.93,2.78,0.8093,12.35
awPDRt88w84,3.2719,188.57,93.58,28.34,2.081,1.1909,74.94
3He421Lve2A,3.0793,121.71,90.72,30.62,2.7662,0.3131,3.51
KXOHdlFz-ak,3.3671,106.35,81.77,32.4,2.389,0.9781,4.29
UaFerBsiesI,3.2119,94.49,85.58,45.93,2.5535,0.6584,-10.38
o-lPH2Flx_M,3.4893,165.18,90.28,36.5,2.5466,0.9427,62.9
2WZt26-48IE,3.5773,153.12,85.52,46.46,2.5689,1.0084,34.02
XzadJqqSkW4,,,,,2.9136,,
xJZ7dD4qtl0,,,,,2.7453,,
RNTGbZEjpCg,3.235,76.17,91.64,37.88,2.3767,0.8583,-28.38
Hty2Bz5yMmE,2.542,130.09,100.81,16.66,2.0308,0.5112,8.39
VyJob5YPXCM,2.335,127.88,121.49,17.17,3.133,-0.798,25.35
jykDlsZgEvE,2.5934,126.84,118.84,37.03,3.0544,-0.461,-2.79
Vd6HSk36g-s,2.3553,81.05,140.12,16.56,2.4641,-0.1088,15.38
RbhItyD3k5U,1.6545,98.94,163.76,17.38,2.6106,-0.9561,-30.03
16qWdcEGNVw,2.0469,42.71,155.85,38.97,2.6715,-0.6246,-32.74
nzRdp4LZxnc,2.9166,103.78,112.08,37.79,2.6291,0.2875,20.71
Zu-4021yYns,2.4649,49.1,88.36,28.68,2.2838,0.1811,27.98
acjZokgWOBA,2.8322,38.0,172.84,43.36,3.2933,-0.461,-26.44
ju-zYxF0OFI,2.2857,18.25,194.85,20.65,3.1676,-0.8819,-53.25
7HNVkqGpEeA,2.4311,77.59,130.67,30.92,2.0697,0.3614,0.93
aLH51ZVOhCs,0.6014,42.92,144.89,3.82,3.4306,-2.8291,-1.43
ExysHvEuRtU,3.0281,80.95,79.23,21.25,3.1099,-0.0817,23.8
KBFO8acbm1s,2.3535,44.8,118.15,18.41,2.7448,-0.3913,-16.69
qFkTfRxwLs4,1.8429,63.71,210.08,29.87,3.1551,-1.3122,6.97
2wIGdSB8XUo,2.8736,16.63,184.54,25.23,2.8301,0.0435,-22.04
NBYIRee4F2c,2.6999,149.29,118.3,22.64,2.4184,0.2815,-4.14
DD_0oa7AWqo,2.7577,129.6,149.22,37.24,2.7026,0.0551,-42.98
vAK2vCWVihw,2.7209,119.36,151.16,35.9,2.6848,0.0361,-53.97
M2uHSmNhowo,2.9133,82.83,201.28,43.62,2.18,0.7333,-36.36
rSzzKAfirJk,,,,,2.8687,,
av9n1_ikYvg,3.0757,61.91,119.18,31.51,1.0588,2.0169,-58.67
naPkf7W9Nd4,3.0969,175.38,114.67,45.02,2.2816,0.8153,98.34
JhYT1XzE1mU,3.0215,113.54,118.51,33.99,1.6542,1.3672,29.0
sQbbQw7YjT0,3.2577,147.15,97.67,44.12,2.4827,0.775,89.47
rXhU6fM6Q3s,3.2669,128.37,130.21,41.73,2.5552,0.7118,-66.0
5NokWO7muO0,2.1606,152.05,188.86,13.15,1.767,0.3937,-35.91
Q7wq38rcEEQ,2.9732,89.01,145.98,69.28,3.2425,-0.2693,25.89
S_6mi9yC4_I,3.4649,85.51,140.5,37.02,3.5239,-0.059,1.4
tsaLqi-nWgk,2.5402,86.53,177.4,40.71,2.0608,0.4794,66.06
vVHlXAhfOeM,2.0299,135.53,137.71,17.25,3.2684,-1.2385,59.51
sf9Y3GDBjZo,2.4391,23.06,106.5,19.78,2.2169,0.2222,-58.84
RmDMPwVxuBA,3.3539,82.28,145.83,50.76,2.5916,0.7624,5.33
GH4PyohB_1g,3.0509,79.36,154.04,49.16,2.4551,0.5958,38.98
bTbqV0YU3m4,3.3152,88.96,146.42,44.02,2.3887,0.9265,26.09
sFTHtuc3oqY,3.3345,90.3,146.31,44.2,2.3441,0.9905,4.94
kl9yA8rbFQ0,3.3565,60.13,137.19,51.66,2.2219,1.1346,-21.54
hLje7b09IZw,3.3115,84.63,150.01,48.29,2.9673,0.3442,37.45
rEPHqEoIosY,3.2464,78.6,127.64,37.39,2.7134,0.533,37.24
UwD3Snkzlqc,3.2091,65.58,157.16,40.23,2.4098,0.7993,6.02
K8Sc532ehr8,2.5251,55.85,119.44,13.97,2.8987,-0.3735,19.27
hmw-mdsIhLo,1.6567,37.44,135.85,28.76,0.8798,0.7769,-2.38
pqU7Op-6fQM,0.6115,106.06,171.36,14.35,1.7334,-1.1219,38.46
g9numTaPRko,2.3748,81.8,145.03,29.48,2.8204,-0.4456,43.17
wfNgsw0V9y0,2.6193,95.51,141.62,20.28,3.0125,-0.3932,30.67
_k8lgyCEKK8,2.3297,78.72,124.16,14.71,2.5686,-0.2389,10.67
SjdUJfKJIm8,2.5244,126.68,143.21,26.23,1.5542,0.9702,43.05
bTjlLvUCk1c,2.5484,98.79,135.29,18.3,3.0466,-0.4982,14.38
I4mtSvsLuMY,2.6962,76.1,137.43,25.43,3.0048,-0.3087,32.18
BCmHM___bdE,2.9342,93.52,135.78,43.85,2.0504,0.8838,-2.87
6heIjkSffTo,2.7439,82.35,129.9,24.43,2.1476,0.5963,16.95
0JY4Y1f8dQQ,2.6197,69.76,174.15,36.21,1.8249,0.7948,43.84
-kXMzh75Yok,2.5681,83.31,147.31,43.2,2.4335,0.1346,34.39
0PEnpSY1bU0,3.4502,158.15,113.71,41.5,3.2944,0.1558,50.76
XWSX4gDTvZk,2.3219,88.29,103.73,16.06,1.8131,0.5088,-37.83
o4M09VTSh_I,2.345,98.1,166.85,19.22,1.8977,0.4473,35.93
_KI0J_GCq2A,1.3322,96.44,157.37,12.35,1.3738,-0.0416,39.81
VW8fejh1uf8,2.8765,140.59,170.25,32.72,1.1065,1.77,2.99
DFUGSj4wihU,2.88,127.71,85.11,21.37,1.9406,0.9395,7.41
KeSyQ3pXeEE,2.745,162.19,130.32,18.28,1.9522,0.7929,65.19
TMdbInxWaFw,2.297,76.98,109.23,26.18,1.0709,1.226,-53.71
MEcRd9dmL0w,2.9859,129.15,187.27,44.59,2.4257,0.5602,0.48
B6aUODxS0ZU,2.7836,133.07,196.58,33.72,1.8425,0.9411,40.99
tXuRT3c92u8,2.7013,135.96,204.11,31.12,2.0102,0.6911,47.33
eQGfDG9nTp8,2.6957,111.86,206.04,44.66,1.915,0.7807,82.75
aRd1o0SQqL0,2.4079,125.74,208.22,33.0,2.5789,-0.171,72.81
IwOEXe4VxMw,3.2252,159.99,145.08,30.64,3.0137,0.2115,107.48
iy9MhcjqpGc,3.264,132.12,161.1,41.45,3.0104,0.2537,78.33
hxjskoMFqrQ,3.2339,145.9,161.58,47.94,2.1461,1.0878,99.47
ml998PKZ9Zw,3.0016,184.12,162.23,28.83,1.5715,1.4301,37.68
VhLBVvbR3Ps,3.1633,157.74,156.59,34.51,2.408,0.7553,76.95
FOuM8WSlqp4,3.1659,135.48,155.2,32.82,2.6405,0.5254,85.39
rJHxjUAlQvQ,3.3038,150.66,137.71,33.4,2.6064,0.6974,99.58
KCTYhV_Ky8M,3.3027,141.26,132.34,33.56,2.8283,0.4745,87.5
OSWuuEcsBug,3.4917,157.89,139.36,41.13,3.1051,0.3866,71.87
04D6IMk1Ps4,3.2835,163.85,126.89,34.42,1.5134,1.7701,79.42
yhvRBtyF34A,3.5697,164.37,124.57,38.47,3.2518,0.3178,65.96
ft6thp1-Irs,3.4414,157.54,114.13,39.76,2.8863,0.555,58.35
9wViMBL0VNM,3.4372,166.41,120.59,39.69,2.6566,0.7807,110.13
0E3goh8ze34,3.06,185.51,122.08,29.87,2.2911,0.7689,70.37
5ba1m658oLk,3.1707,177.35,117.62,33.71,1.9192,1.2515,72.27
ctpYpc9P7Bc,3.1284,178.48,128.45,35.36,2.073,1.0554,80.03
s8wq_gf3Lqc,3.3195,185.41,118.48,36.51,2.3595,0.96,76.88
FJ-7xTZj5QY,3.3079,173.24,115.4,38.39,1.5423,1.7656,87.58
ZN-67G-YOeY,3.0685,192.59,126.72,34.79,2.673,0.3955,106.61
RAxsYvmz9OE,3.2501,173.73,115.08,38.42,2.0471,1.2029,81.99
3Tj9LKWOAvo,3.431,177.26,113.31,44.02,2.2997,1.1313,93.37
J4FYvrGHpmY,3.2912,86.61,197.74,47.92,2.8605,0.4306,24.1
hzmvFskJJcE,3.4516,168.61,122.95,42.44,2.2252,1.2264,25.79
FFNkuIb0EVw,3.2154,157.98,117.03,39.11,2.2344,0.9809,32.8
N-db_c8OhV0,3.2878,158.63,114.96,37.04,3.138,0.1498,104.97
NZC3UgK0bAc,3.3453,162.98,124.38,34.38,2.6963,0.649,94.2
aHvL9MA9VzE,3.2291,157.36,115.46,31.24,2.6788,0.5504,80.33
5e4Su1uA2eg,3.3087,89.73,105.3,30.81,2.9,0.4087,-27.0
6fOITv0Y4n4,2.337,160.27,119.99,36.89,1.6088,0.7282,-12.54
oIE-lQAiz1I,3.3325,103.46,111.58,50.22,2.8599,0.4726,33.92
_6rF4OE4lgs,3.1851,111.59,128.86,47.13,2.654,0.5311,17.41
QOnVP2s1jIM,2.1063,49.99,130.05,42.19,1.8534,0.253,45.37
OEjKKY1X2-A,2.672,100.38,110.34,50.31,2.6352,0.0368,13.11
peL6OkbMr_g,2.7622,75.18,135.57,41.63,1.8815,0.8807,66.34
M4gDwPjULWo,3.425,79.64,114.65,55.69,3.44,-0.015,30.29
rBfcc6VD_Ko,2.9642,102.25,107.41,53.39,2.1072,0.857,45.99
qFC5ibSr_b4,2.0112,181.28,175.28,45.28,2.1162,-0.105,28.33
MLHj0l1a5Hs,1.8632,91.73,212.61,29.01,2.548,-0.6848,-4.48
V0JAe5UkyNg,1.8406,88.34,215.56,30.85,2.5817,-0.7411,-8.09
8gh2qgZbw-Q,1.8676,77.88,216.88,31.28,2.515,-0.6474,-21.73
z0rmB0_uOec,1.9223,87.19,217.01,30.85,2.5573,-0.635,-10.34
vS1MpCkjUg4,1.6666,94.05,218.09,26.73,2.5923,-0.9257,-4.01
uXyqNRIYay0,1.8433,91.81,212.77,28.5,2.5588,-0.7155,-4.02
oTGzDQ39bqE,1.94,91.7,213.12,30.39,2.5932,-0.6532,-3.41
giAzdKYWUkg,1.8636,91.75,212.49,29.71,2.5472,-0.6837,-4.53
V57IPwkgAY4,0.1705,102.14,65.13,13.24,0.3984,-0.2279,-13.23
Q7drigarWgw,2.2176,145.43,108.11,16.23,2.6969,-0.4793,18.1
bo6ekSIhZBc,2.8864,107.47,111.3,25.94,2.5992,0.2872,49.46
YflWQoN4fmc,3.5434,121.59,101.2,44.8,2.0839,1.4596,29.39
8YOUatnwtQg,3.3541,167.44,95.2,38.88,2.1696,1.1845,53.55
gxkolLqo8fY,2.9204,95.44,105.51,22.71,2.8847,0.0356,-21.0
FW-NDiDFANs,2.795,130.34,66.5,19.01,1.4244,1.3706,73.88
kYDSx7b3bR8,3.2973,99.32,133.96,34.92,1.4291,1.8682,-65.31
NtxHcl-5cFY,2.041,16.68,153.03,15.62,1.2748,0.7663,-108.59
eE6CeJa0Xsw,2.8291,145.89,119.03,20.43,2.6325,0.1966,68.15
oIgIgl2jdVc,2.0256,65.26,184.85,11.16,2.9447,-0.9191,4.58
fZctTV1l8mY,0.9966,28.97,214.96,36.81,2.2728,-1.2762,-84.21
NnHslX5-4QA,0.3963,41.69,239.65,19.43,1.8868,-1.4905,2.86
BA3h2DL8BCw,1.777,63.61,130.54,34.5,2.8204,-1.0434,31.58
dDIEkdgF21A,2.441,83.04,163.49,26.97,3.1437,-0.7027,2.25
s9uKI2MFcvQ,0.2589,150.25,242.29,16.47,2.1187,-1.8598,52.53
iEgQ0cLch9c,1.2119,0.12,89.06,0.94,2.864,-1.6521,-2.58
LNtajevE4i4,2.1269,38.78,176.57,15.39,2.2663,-0.1394,-2.58
Jye1_lHG8d8,0.239,151.16,242.45,16.0,2.1218,-1.8828,47.23
BDL207TQqOU,2.6863,121.65,129.95,23.49,1.9724,0.7138,42.2
9A2CktOn-Dw,2.7987,87.38,188.64,24.11,3.1506,-0.3519,15.15
BRf7A3UFdHM,0.2625,150.43,242.05,16.56,2.0009,-1.7383,49.33
SdL4NnoDhAk,1.0836,89.11,185.29,16.92,1.824,-0.7403,4.96
V8Bheql-bho,1.1272,104.09,195.24,5.67,0.6454,0.4818,-1.06
r1OUPc_wN3k,2.1266,122.41,218.15,14.84,1.9749,0.1517,87.3
aw9sNSlsi3o,2.4806,151.95,173.94,19.11,0.9198,1.5608,48.12
h8lUCUXfJXo,1.7547,165.1,127.41,8.49,0.9587,0.7959,77.46
PURYqLq3Lf8,1.4675,148.4,131.79,7.86,0.6439,0.8237,40.69
GuWf6jY04eU,3.0588,166.71,124.05,30.23,2.1514,0.9073,58.56
gjdJqCQinzg,3.1911,169.01,142.63,27.42,2.9951,0.1959,142.77
lAPHrCxFqmI,2.1167,90.3,163.2,19.42,1.6222,0.4945,-14.42
F9KYkAp_NLA,1.7278,85.04,173.52,19.02,1.2906,0.4372,13.53
ABuS-3DOBzI,2.8629,99.34,165.07,39.35,2.4016,0.4613,28.96
92_mrOso8-U,2.7249,43.59,167.98,20.21,2.6793,0.0455,-34.5
rFbwpQH6VmY,2.6091,62.5,148.24,27.12,2.731,-0.1219,40.06
c_pSthiltTk,2.8679,126.7,120.47,26.95,2.6814,0.1865,55.46
TrYs6yM6yPo,2.8858,128.66,165.11,48.55,3.0649,-0.1791,-46.25
0xJX9es24C8,2.1446,49.19,165.28,18.93,2.2812,-0.1365,23.64
GlDu4DqFtJw,2.1968,134.18,148.56,32.6,3.2038,-1.0069,46.13
uRVH1-WS2iI,1.9102,47.93,140.03,15.99,1.9305,-0.0203,-3.2
XjTlKySSyXA,1.9325,138.98,131.75,25.12,2.157,-0.2245,66.8
w0-7PBnpKN8,3.3539,108.41,112.71,54.88,2.1714,1.1825,47.93
QtY7O6Dxcrk,2.7331,6.61,29.59,5.61,2.8095,-0.0764,5.06
zFbEeGuix1k,2.3885,97.42,109.39,44.5,2.6194,-0.2308,-1.92
ZKUrbUywsd4,1.4955,125.66,125.7,15.47,1.8522,-0.3567,6.89
Kf_siaAv5P8,0.6514,66.76,166.75,33.25,1.137,-0.4856,-14.99
kI-coSjfxLg,3.4457,47.12,132.59,42.79,3.3841,0.0617,-34.54
Nw2Jyb53Aqc,2.5321,53.91,169.41,61.47,3.0676,-0.5355,-10.92
7nk38qYk5jQ,3.3483,114.92,99.26,35.41,2.8637,0.4846,-7.5
isN8IXiCnbU,3.1516,135.28,87.79,34.24,2.3333,0.8183,-1.52
at90WhvkYAY,3.1478,135.31,88.67,63.46,2.8027,0.3451,-17.97
JMOQ7zr4J3s,3.3904,147.42,100.06,64.71,2.9691,0.4213,45.48
PPwvpo1d7wY,3.3755,125.46,98.8,43.2,2.7509,0.6246,6.11
QvjU3TJ9c-0,3.1737,142.7,105.72,43.87,2.1748,0.9989,-32.61
CreUAuFGg1M,3.1751,140.55,97.92,32.24,2.6683,0.5068,-24.62
j8JMEfI9mlU,3.2553,136.31,107.36,34.92,2.2769,0.9784,35.59
SFvDiL9TiXE,3.1678,113.91,102.83,42.37,2.6804,0.4874,17.28
5XPuk1S13GI,1.9835,93.42,152.89,20.18,2.1603,-0.1768,2.2
PtU6ag3aaw0,3.0326,92.86,72.35,33.75,2.7313,0.3013,9.47
j25VpfvdI9Q,3.0719,63.42,145.4,52.52,2.4972,0.5747,-0.24
RoKCqiiOqtE,1.8878,115.61,103.86,17.35,1.4236,0.4642,4.19
-i8kFPQcEoM,1.3593,54.77,201.52,23.64,2.6108,-1.2515,1.14
FhSqb9wVe3w,2.6871,96.02,141.11,28.07,1.9144,0.7728,29.89
GYefICA1Y8s,2.4782,75.63,95.95,23.64,2.454,0.0242,-20.42
pzIgYNnZhgk,2.5592,39.96,136.69,46.36,2.49,0.0692,0.94
7Ag-d5P6spI,0.9164,86.01,197.64,26.51,2.5244,-1.608,27.7
qFyEhR2mdAo,2.638,57.65,128.89,51.35,2.55,0.088,-15.29
TuJcNqXoYRw,3.3782,81.28,139.45,41.92,1.9181,1.4601,52.33
DkC-DxkSUNo,3.1278,102.94,40.47,48.25,1.7609,1.3669,65.63
4-_KYxEl7hc,2.9747,96.23,149.01,34.01,3.0689,-0.0942,-15.93
fqLJfCmQBw4,3.0578,84.73,154.84,55.67,1.2685,1.7893,-2.39
OaCLocVK3Ik,3.0967,93.17,143.43,43.85,2.2527,0.844,14.96
rk4zgxeuUwM,2.5342,82.84,130.38,20.36,2.3191,0.2151,39.54
lam_UuHID0Y,2.6184,67.04,132.41,20.76,2.1388,0.4796,11.91
QM-inwOi--8,3.3013,96.05,125.32,49.76,2.6793,0.6219,2.44
bEf36yPP_2I,2.9139,106.99,119.11,21.89,3.0075,-0.0936,21.26
q4RaZ1xGiJw,2.7621,86.98,123.0,42.33,2.7458,0.0163,16.69
eKnJEGvOzk0,2.8859,84.83,123.76,18.89,2.1275,0.7584,21.66
Vy0h_nz5jPc,2.5994,26.46,79.71,13.9,1.8157,0.7837,-32.8
rQBcH6wkcLA,0.0,0.0,192.33,-0.0,0.0,0.0,0.0
83ZGYNGV4MM,1.7549,13.21,146.59,16.27,2.3965,-0.6416,-55.25
YEP3MccrkFg,0.0,0.0,79.38,-0.0,1.0901,-1.0901,-18.4
qzmIa0-nQZE,2.5299,18.7,134.58,41.66,1.7801,0.7497,6.65
lYtgQsg69e8,2.3314,82.83,149.98,37.94,3.1718,-0.8405,48.49
ssbg9Cmk8SQ,1.4356,161.52,118.0,13.77,1.3903,0.0453,-55.62
Wh4-ZBb24YU,0.0046,69.32,204.14,45.4,1.3628,-1.3583,51.12
9OO0sS5aDn8,2.4971,56.56,173.77,22.5,1.9839,0.5131,-3.84
5OibLoOdong,3.007,98.56,154.22,38.31,2.3875,0.6195,53.09
9zqPrM2uuEk,2.6894,114.05,159.56,23.57,2.6088,0.0806,23.44
vPDjCJ-rQv4,2.9862,85.32,149.18,89.4,2.666,0.3202,-7.04
aB4MzDz7c2w,2.9573,168.37,154.74,32.29,2.9369,0.0204,59.16
c6rYTGoPcyQ,2.9078,168.53,88.3,25.27,1.7272,1.1806,29.93
73iHhtWYTY8,3.1447,132.95,94.0,31.68,2.7929,0.3519,102.1
nk2M1n7U8cY,2.9209,172.63,98.93,27.02,1.9976,0.9233,61.44
cSJ2lSRVvKk,3.3146,168.23,109.17,38.53,2.2738,1.0408,70.91
B_65SwRjv8A,2.7705,162.5,93.88,35.58,1.462,1.3085,21.46
oo3lY483tM8,3.3377,148.35,82.64,38.9,2.8022,0.5355,12.12
opBCu1_5wPE,3.0729,131.94,91.09,24.57,2.5758,0.4971,21.76
aMR7cI20zYU,3.0835,117.95,85.78,27.74,3.246,-0.1626,49.21
k3DHQyJdafQ,2.8639,157.74,94.02,22.32,1.3644,1.4995,22.95
6_2IAlO_eK4,2.213,39.06,176.09,40.47,1.9829,0.2301,5.51
NeRhUp8SM7I,2.2297,52.5,164.68,48.31,2.2149,0.0147,10.6
iEQtBmrMSmY,2.4784,66.09,112.23,45.81,2.2928,0.1856,4.24
YZSMhMKEaHg,1.8091,32.69,138.98,30.4,2.2934,-0.4843,-22.1
a-tiVcsRASo,0.5646,20.33,202.16,59.15,2.2153,-1.6507,-1.26
a9Fdfpj9fVE,2.1007,52.19,50.24,17.55,1.2911,0.8096,4.38
aL3YuSmNNbk,2.7471,50.02,128.19,37.54,2.3425,0.4046,4.52
QfXFexCfZYk,1.6042,93.2,242.33,23.91,2.7809,-1.1767,-29.68
9CY2q3N-KqE,2.1033,75.65,234.13,48.29,1.3795,0.7238,23.08
Vd96h1s4Kg4,3.3155,55.01,113.46,41.09,2.4284,0.8871,-27.81
ZKbZ_1JYRMw,0.8079,136.54,214.54,14.97,0.5722,0.2357,-19.36
NSKAlY7X39g,1.4116,77.58,187.86,6.02,1.0333,0.3783,-70.31
G65ajnjDabc,2.722,94.9,149.31,27.81,2.3058,0.4162,19.65
dPoEaFXG9FQ,1.7413,133.14,217.29,13.53,1.0911,0.6503,58.55
JhwvhJvR7xw,2.5457,38.39,157.5,67.09,2.6697,-0.124,-43.48
GNaLtDyIXk4,1.7656,63.92,207.82,40.42,3.1256,-1.36,37.21
3otRe1Bozo4,2.0666,53.76,158.0,29.75,2.5254,-0.4588,-5.71
wVltYaZISnE,2.1416,132.53,92.63,31.27,1.7484,0.3932,-6.81
lH6pSsq4yNk,1.9139,130.75,95.18,20.94,1.6744,0.2394,-11.59
Q1AqQ6jCIB4,2.8262,44.86,104.14,38.23,1.5122,1.314,-9.16
YptHBgkguP0,2.8984,83.68,164.18,31.21,2.7152,0.1832,28.28
L48O2ZgfKSE,3.0045,104.59,93.18,52.56,2.4991,0.5054,11.26
tS-lVJlJPJw,2.994,113.15,100.88,60.9,2.3216,0.6724,18.5
VSUmLjygDec,2.9557,118.86,111.7,44.38,2.3244,0.6313,21.28
tht4Jvs-Gbo,2.8389,103.77,109.67,54.02,1.8697,0.9691,3.8
P2QScZNqYpQ,3.2448,93.35,155.23,48.91,2.1516,1.0932,-1.32
gOwR8qmW8EQ,2.9368,124.09,89.95,39.91,2.6217,0.3152,25.72
PO1BfxQ6XoQ,3.0276,80.33,129.61,32.41,2.4731,0.5545,13.97
5KCJ3bkde7s,3.4147,102.52,93.32,34.65,3.0784,0.3363,45.16
eKQCmJ_gzWI,3.3194,109.13,110.0,50.21,3.0152,0.3042,44.33
EQsCP6CNhgo,2.2726,158.11,95.97,24.73,2.0399,0.2327,0.38
exuqlRoeLrI,2.692,133.57,124.09,24.63,2.7198,-0.0277,88.32
J4qlDSkVfXU,3.498,80.91,92.81,33.43,3.2888,0.2092,19.21
9-TDm2h-LW4,3.3258,93.45,112.79,41.32,2.8463,0.4795,30.17
ggTSeHZROuo,0.9583,108.6,223.4,9.38,1.6829,-0.7246,30.93
uaNWfqw-PLI,2.3589,128.44,150.66,51.99,2.2074,0.1514,60.52
UX-U9__aRVM,2.597,137.97,99.52,22.49,2.378,0.219,109.16
CUnSzFdXiak,0.0,0.0,121.82,-0.0,0.0,0.0,0.0
Y3rR_XTtzZg,1.4077,76.88,66.3,28.49,1.4599,-0.0522,62.38
n5nqbxNajAk,3.3708,88.74,91.28,28.11,3.5189,-0.1481,27.36
Lrj8q5-xmIQ,2.2808,31.21,122.8,28.37,1.3929,0.888,6.95
4pUl_dxSu-g,2.6534,71.26,103.79,40.64,0.5899,2.0635,44.92
odAepcgdpAE,-0.0,11.56,187.3,12.7,2.578,-2.578,-4.09
r3dIYj17pV4,2.4642,49.07,105.78,31.09,1.2296,1.2346,25.08
WbLxgEGiIfM,1.5382,7.52,124.22,22.68,1.5813,-0.0431,-6.47
S4QK3N6DU3Q,1.6221,89.44,126.54,41.64,1.9922,-0.3701,-8.7
hCH4S2LgjRU,2.0013,17.72,150.32,38.89,2.963,-0.9617,-12.38
vfxzngtNUpQ,,,,,2.5586,,
2vNq7r013uc,1.2207,32.85,160.59,35.4,2.5361,-1.3154,-3.52
z2cUA4cNCDg,0.1956,12.7,125.39,32.41,2.1833,-1.9877,-8.1
Lls-jPsa2fY,2.628,37.56,109.7,25.11,2.522,0.106,-70.4
0FQG9rz9nqU,2.241,61.8,110.05,55.64,3.1754,-0.9345,-20.55
HiHQicEolBM,1.5712,28.09,89.63,68.32,2.2158,-0.6446,6.09
abkwEVRjoYs,3.6029,58.79,101.01,33.4,3.0604,0.5425,-54.41
6B6bvTpoSy4,1.3381,92.28,116.15,44.28,1.4176,-0.0795,-65.22
zd8uZxY9Uzg,1.47,37.1,162.47,18.48,2.2359,-0.7659,-1.51
qQReCbnx5y4,0.7869,50.1,135.64,14.99,1.1943,-0.4075,-46.22
RO_CNTV-gqw,1.8575,90.05,131.28,33.58,1.5208,0.3367,-1.59
jTPbiudWirI,1.3908,63.57,137.17,17.68,2.0671,-0.6763,38.47
ZcSLRoa_urU,3.0926,181.45,83.58,34.04,2.2736,0.8191,98.39
r75udm42_30,3.0226,186.66,84.57,34.4,2.2819,0.7407,89.52
z0Sm68s4iTs,2.9894,182.6,83.34,34.04,2.1711,0.8184,89.45
Tjo1_qPcY2Q,3.0913,182.66,83.48,33.25,2.1662,0.9251,73.6
z3S_xC2Qddw,3.0943,168.48,79.55,32.71,2.2193,0.875,78.63
_CG37SkIMkc,2.6777,65.7,105.51,42.82,3.0822,-0.4045,-27.94
k99Wc5l9c6I,1.7083,71.81,172.01,40.66,1.6134,0.0949,9.37
v0fTW37bNog,2.8178,29.43,124.66,14.47,1.6705,1.1473,-26.42
ADsYnIZI0Jw,2.5494,80.58,139.37,40.42,2.9635,-0.4142,21.68
PYAX2P14gkE,2.2594,67.53,75.38,15.71,1.7607,0.4987,-42.4
hO-ualnErP4,2.5986,170.03,113.12,22.66,1.2571,1.3415,-5.44
jw9zbpQdm0c,3.0916,88.14,93.99,31.21,3.1578,-0.0662,51.97
9VlcDodCeYU,3.3434,125.06,120.34,27.89,2.5645,0.7789,42.92
y3h_j4v82nQ,2.5929,72.03,163.89,29.89,2.1051,0.4878,22.81
D80fzI22JQw,2.9438,86.4,137.82,35.94,3.0556,-0.1117,23.58
BTiXb4M63Xo,3.246,92.01,104.99,52.45,2.2691,0.9769,15.3
OkF09_CqRfo,3.2647,56.77,112.7,36.49,2.5955,0.6692,-4.3
kytK1l-k61I,3.3709,140.13,92.99,36.29,1.2025,2.1683,37.59
q9qFbDMfZu4,3.3253,118.54,109.77,50.79,1.8215,1.5038,53.4
49Jq3y_O2Wo,3.3323,117.56,105.88,63.75,1.7367,1.5956,50.62
baes-SZOBqs,2.6616,65.23,77.08,16.46,0.822,1.8396,26.86
rezNjTZFROw,3.276,58.14,69.78,18.69,1.6794,1.5965,24.32
K6kzfYnzLNQ,3.1605,123.57,72.74,27.15,1.906,1.2545,97.93
IjenWujwIdA,3.165,52.86,71.06,17.38,1.3225,1.8425,7.67
fOInmJBrMTU,2.4377,99.97,93.02,19.39,0.7748,1.6629,45.31
s5BWZGTescU,2.9811,87.64,80.82,21.02,0.7412,2.2399,24.17
b5ukPm-nh1w,3.1118,78.42,75.87,23.06,2.5733,0.5385,42.45
WFZ_W93i_UU,3.3911,61.42,68.62,20.65,2.5046,0.8864,32.67
vx3M0y4kjhY,3.0297,89.93,78.45,20.25,1.5245,1.5052,25.06
hgoPuSIU2Lc,3.27,71.75,78.01,29.04,1.6128,1.6572,46.2
ICW6QtgXvNU,3.3637,174.81,105.03,36.16,2.6793,0.6844,86.05
hetl1Cm8cco,1.9265,115.22,128.57,18.55,1.1351,0.7914,7.93
_Q5UD5Ria08,1.8302,109.74,171.4,36.78,2.6245,-0.7943,2.38
BzN-hh10viw,2.967,126.95,107.44,59.59,2.8566,0.1103,76.46
BxjNzg-ep-Q,3.1146,93.31,92.91,40.37,3.297,-0.1824,26.67
Q7HZb_vDT-s,3.2,109.48,101.67,69.69,2.9918,0.2082,51.12
0L36EAj2lko,3.2408,98.24,99.84,50.33,2.5629,0.6779,27.67
YflunoGG_v0,3.1738,116.22,110.47,48.06,3.0118,0.1621,54.55
anNUCRDN4Mc,2.9475,94.43,147.18,31.94,3.1722,-0.2248,15.14
oTNL0J3jJ1k,3.1673,99.83,101.82,45.69,3.1248,0.0425,60.22
72RshvGzScc,3.046,94.61,107.48,45.49,3.2661,-0.2202,46.78
PC3fqwRDQ-Y,3.2545,113.4,93.35,40.52,2.2384,1.0162,-1.89
3M7SLMxwMDU,2.4596,87.49,59.38,23.96,2.2697,0.1898,87.2
a50GOJOamV4,1.2419,53.79,178.87,9.03,1.5894,-0.3475,-50.08
9FXzYX2EqfQ,3.7292,160.27,110.31,46.78,2.7568,0.9724,51.01
uVtejaS-N5k,3.5574,184.65,100.61,53.39,2.7032,0.8542,73.29
mH-lGuqO-OQ,3.753,198.04,109.77,54.82,2.8779,0.8751,74.67
Dg6-bzEvXns,3.8319,208.92,112.59,59.13,3.3768,0.4552,88.77
kwOG_b2C3XU,3.756,203.75,109.85,56.38,3.2329,0.5231,97.36
KreSg1TmaA8,3.5824,202.9,115.34,47.97,3.4874,0.095,85.41
AMMYBIppdU4,3.2365,161.95,149.64,49.95,2.9465,0.29,69.59
cW6waVIVT0Q,3.3161,148.78,115.11,34.6,2.9053,0.4108,55.0
fxPtdh3OW1A,3.0775,163.55,187.6,57.35,1.9097,1.1678,28.49
tP-cAoBN9OI,3.1974,195.75,128.71,32.2,2.7489,0.4485,142.53
L9YLyHrsnUU,2.141,9.48,75.39,7.84,1.1185,1.0224,-79.49
PPeVg444iqQ,1.6088,2.07,75.8,4.13,1.6847,-0.0759,-61.74
LUWmfsSqa2o,1.5524,119.76,151.16,27.44,0.9231,0.6293,-38.09
lyjmrMiKDfc,2.2729,126.08,161.42,33.27,1.2828,0.9902,19.68
kY4HyTPbbJQ,3.5799,161.17,102.35,70.36,0.8456,2.7343,74.56
2dkYZgF0V40,3.6988,160.87,103.99,72.58,1.1806,2.5182,52.92
iwc9tR-2hsY,2.0916,110.66,172.19,54.04,1.6391,0.4526,49.7
q1JrXWZ1oMQ,3.0768,73.33,160.76,39.05,3.3596,-0.2829,19.14
iuXcU_ea34M,3.1654,129.08,166.77,50.25,1.8495,1.316,43.37
UmjTEJXBaNA,2.1089,77.42,169.96,48.87,1.7827,0.3262,46.97
Usy-clM_Ptc,2.3571,58.23,205.48,37.42,2.0137,0.3434,-27.14
tHhSQzuukCA,2.0524,51.14,219.79,33.75,2.8585,-0.8061,15.8
yEcnrOP0jaw,2.926,86.05,169.59,39.58,2.5277,0.3983,16.37
RX6ytn3fpJQ,2.6278,68.8,172.26,34.31,2.8392,-0.2114,22.95
qnV6oIrLIzU,1.8577,53.29,220.42,32.87,3.0103,-1.1526,8.92
1FJZIWKvypU,0.4366,147.49,176.98,15.49,3.1929,-2.7563,93.33
fTWOTHhnVUs,2.7506,124.14,107.81,25.38,3.1872,-0.4367,-10.7
UbHkWe776bw,2.9073,110.22,98.45,25.69,3.1351,-0.2278,-1.01
8oEJUoocH7E,3.1194,89.79,120.45,24.44,3.2208,-0.1014,-27.13
mm33oWNTBu8,3.0732,175.59,128.92,40.02,2.8752,0.198,44.83
5clluZtJ2vM,3.1426,133.87,97.32,40.51,2.1013,1.0414,34.13
KyeDl-zd_j4,3.113,132.19,92.88,46.42,1.4608,1.6521,-61.14
UHKrXj0Tyow,3.1314,130.64,115.44,32.2,3.5591,-0.4277,-11.75
wZVsSdO9gs0,2.9596,123.04,110.46,31.61,3.1529,-0.1933,34.95
grjx0ElohDg,3.0773,181.1,109.98,44.78,2.8697,0.2076,58.25
g082_sRaj8s,3.0079,164.82,112.38,39.6,2.5929,0.415,87.92
OggCHnwzIlU,3.333,177.63,110.68,44.21,3.0135,0.3195,120.89
b9EDnFcBQEs,3.3352,156.31,113.32,52.67,2.7127,0.6225,90.54
aKIU_FXLIXQ,1.0972,51.66,140.04,17.13,1.7915,-0.6942,14.9
S8duzb8YWK0,2.681,60.81,82.39,40.92,2.9491,-0.2681,17.23
myiH--Vmqno,3.1013,75.9,88.21,36.7,2.947,0.1543,41.27
mddbNCfImtY,1.5582,191.64,140.0,16.82,2.024,-0.4658,66.96
XAb0kZFg_Rk,2.5485,124.42,93.09,17.61,1.9138,0.6347,35.32
CsaGpezahsI,0.8234,55.49,129.97,4.77,0.9442,-0.1208,-15.48
jlDFIGQGsEU,0.8234,55.49,129.97,4.77,0.9442,-0.1208,-15.48
tQgjEPK81r4,0.8234,55.49,129.97,4.77,0.9442,-0.1208,-15.48
5Q7F_vcECTM,,,,,3.3168,,
2l2uYrCPx6g,2.2319,118.52,114.67,16.59,1.8234,0.4086,46.15
p9Qldjcd_20,2.0946,130.72,132.91,18.61,3.2302,-1.1356,67.05
FeI-ah8Yi_8,2.2407,150.49,113.75,22.85,2.7645,-0.5238,54.97
nKguOybqK6A,2.0243,145.5,115.5,20.73,2.1039,-0.0796,63.07
9OVkNGRzVY4,3.1356,56.43,132.49,59.19,3.0721,0.0635,-44.25
1Ug0TAXkOEA,2.4223,189.56,132.66,25.68,2.9842,-0.5619,79.61
TQj4HDc49kY,2.7557,35.54,233.63,34.54,0.9674,1.7882,-13.61
vQhIMETV6mo,2.3577,49.6,217.98,22.98,1.7543,0.6034,47.27
_HcM11WxqDo,2.7753,42.84,182.12,35.5,0.6148,2.1605,38.12
OZY8Vc7ajMc,2.8479,45.53,226.18,31.57,0.802,2.0459,-18.88
i7kC_iSxREI,3.1053,39.84,228.67,47.28,0.9977,2.1076,23.65
vuTLnuthPkw,3.1594,32.61,235.03,37.33,3.3771,-0.2176,4.4
Vj6PB28Zwgg,2.3024,41.05,236.67,48.07,1.3737,0.9286,33.82
_DmIoyfhrh8,3.0738,39.35,214.73,40.47,2.0102,1.0636,29.1
p3ErSYFHdIA,3.0539,55.38,219.63,42.2,1.7324,1.3216,14.63
BSZjtW6R56o,3.0283,42.29,228.27,37.16,2.5891,0.4392,23.32
hHL3IC-wkg4,2.9728,76.53,134.67,39.87,2.5003,0.4725,27.05
-2maTdIQnIo,2.6845,90.08,129.74,40.26,1.7519,0.9325,30.88
c6IJX_p62Ns,3.0061,108.27,132.1,42.52,1.4807,1.5253,51.06
ytvUXAa59aI,2.7347,92.89,91.43,19.59,2.8827,-0.148,-17.67
vVvrpGa7VTo,2.9319,173.65,91.82,34.22,3.0636,-0.1317,113.84
CLL5wAvXXQk,3.0011,156.75,83.05,36.5,2.5709,0.4302,112.18
88E2kzZpgSg,3.0874,111.23,102.17,24.98,2.5603,0.5271,11.84
RW22YkryR7M,3.0723,154.67,94.08,42.1,3.2736,-0.2013,87.13
Ya6DrQrsQ98,3.3413,129.21,125.93,63.59,3.1229,0.2184,52.34
VGgc5M5MTCc,3.2113,88.4,133.97,39.76,2.313,0.8983,21.67
3gyTlCYDmzQ,3.47,105.3,106.32,49.47,2.8292,0.6408,46.89
oyGCh3Shmu8,2.9433,130.63,111.24,29.24,3.5549,-0.6116,-19.95
BnX4wnp3n-s,3.2625,162.6,97.65,49.42,2.2955,0.9671,32.76
OThWfDYG9Sw,2.9159,133.7,128.35,34.48,2.8664,0.0495,75.24
7GnNMOkGQKc,2.341,132.82,139.34,64.13,1.5125,0.8284,51.17
vc5DCY62AtA,2.2703,111.81,155.77,23.94,2.6202,-0.3499,11.05
MoOKs3mV6LM,3.0269,100.85,48.59,31.88,2.1253,0.9015,-9.02
1m9FVPvKDqU,1.0668,89.54,98.57,12.06,1.5166,-0.4498,30.29
12b1xYDaEmU,2.3139,81.08,164.05,42.99,2.5905,-0.2765,50.95
Hg827B174P4,2.7123,91.13,151.16,49.86,1.8588,0.8536,20.51
4RRCJXem4ew,2.7844,85.55,148.84,61.14,2.6148,0.1696,14.98
jis5Y6o4JF4,2.5911,87.43,158.17,40.93,2.7114,-0.1203,58.48
nwfkLcofDfA,1.5561,94.75,185.09,8.58,0.3306,1.2255,10.26
Ppchf3xW-Is,1.1887,39.93,219.24,24.4,1.4569,-0.2682,-8.72
6l99YQxHgcw,1.9699,93.94,167.44,32.97,2.2351,-0.2652,15.4
vg5HZMEdJ3M,1.9483,52.56,114.77,14.68,0.6257,1.3226,19.67
oTg4y-fgqkw,2.4892,144.4,111.73,54.63,1.8655,0.6237,-45.01
f2vcjlZBIYU,1.2498,71.17,124.66,16.56,1.6191,-0.3693,-16.02
cEoiQPIzqd0,2.688,72.19,124.39,47.5,1.7477,0.9403,7.36
J7o4mpjIU2M,2.9741,40.11,138.95,22.14,2.9799,-0.0058,15.29
i2yt1cDXjxQ,3.2441,115.89,142.02,39.07,2.5922,0.652,51.67
Ca4C2oFm0eE,3.2689,116.13,124.6,33.64,2.7737,0.4952,47.61
s7becflzXwc,3.1756,97.8,137.71,40.53,2.8462,0.3294,32.49
s6cDH1y3YHg,1.4036,139.25,189.02,29.89,1.9552,-0.5516,12.67
kbS2WRZSfJU,2.327,55.17,119.59,47.92,1.9594,0.3676,4.06
F17HsPNhlqE,3.5531,159.7,87.87,48.26,2.2928,1.2604,41.27
ssu-hck8gNc,3.307,133.06,94.9,26.0,2.1614,1.1456,9.65
PcMNG-OBl_Q,2.5665,110.44,95.47,26.57,1.0459,1.5205,106.74
C45kFzIWVME,3.2071,161.91,114.75,37.41,3.189,0.0181,138.33
u9N4D1O9IgU,3.4148,112.71,116.78,59.0,2.7198,0.695,-5.27
5b1FHNVXQyE,2.6695,128.91,129.04,33.22,2.6632,0.0064,95.73
3FuTfeaLT7c,2.7559,98.03,148.89,26.11,2.4122,0.3437,69.45
D_lad9vDIXU,2.9733,100.64,154.95,45.59,1.9231,1.0503,43.87
rWVnTU1tSB8,3.3383,111.61,155.16,41.77,2.8813,0.457,-28.07
YbPsIMZhLyI,2.8685,165.86,164.54,64.29,2.0645,0.804,54.49
YfBTglIVarw,2.6922,113.64,130.43,35.61,1.6127,1.0795,3.03
mtovQllSYnw,2.5722,116.4,120.04,15.18,1.4634,1.1088,37.19
-LJVvD_vmig,,,,,2.679,,
1nw-7AYXjmE,3.3145,161.12,121.51,31.79,2.4621,0.8524,57.13
q2EUnHwQ7fs,3.1505,178.15,109.1,39.89,1.4103,1.7402,56.82
wdMygaJZM60,3.1793,145.04,142.92,28.78,1.47,1.7093,144.79
i91mZ3iKgqE,2.2429,26.13,176.73,33.85,2.7255,-0.4825,5.48
xC94QYAdjow,2.9539,62.47,121.04,24.51,2.6604,0.2935,-28.63
m9emRHXRzqg,3.4754,118.43,113.61,33.16,2.4393,1.0361,51.36
rJDJl6jSEEo,2.9061,117.4,118.53,30.34,1.5356,1.3705,-9.27
A3YaDe1EEmo,3.5531,114.98,108.75,32.3,2.354,1.1991,16.88
3gEJL31qIdI,3.3719,118.96,124.32,33.9,3.1321,0.2398,65.96
X-aDrYEg3uA,3.2186,121.67,109.05,32.07,2.4372,0.7813,18.94
JgRwoA9Ktno,3.5669,113.73,116.68,42.34,2.9066,0.6603,75.52
ekqW2QthX40,3.5157,108.51,126.66,46.46,3.2521,0.2635,45.74
QTNEeii3uVc,2.9652,126.47,107.6,25.91,2.5407,0.4244,77.23
k9Pg9k27vwo,3.2677,103.78,80.05,37.3,2.2842,0.9835,42.73
OZqDMYiEH5A,3.4951,154.6,87.45,46.45,2.1353,1.3598,97.82
UiCqRUuysRY,3.2605,134.03,83.83,45.11,2.7976,0.4629,59.75
-u3VlpjSJWs,3.3525,90.06,143.67,57.83,2.0936,1.2588,46.27
aFsPRhsgNoI,2.9263,141.09,116.93,33.29,2.4219,0.5043,10.78
kMdjacXBY2Q,3.38,177.43,86.08,47.87,1.5493,1.8307,52.89
29Sj3wMp4Qk,2.1039,47.38,105.73,39.33,2.2736,-0.1697,30.67
eFlMcNAy6DA,3.1563,111.12,129.81,59.97,2.3914,0.7648,25.77
a8YAmzlguks,3.1179,97.89,122.62,43.67,3.4159,-0.298,-26.32
3lZKOjpvWCk,3.3685,117.57,129.46,38.73,2.5499,0.8186,59.96
IqRlN2mdzSw,3.2997,87.87,124.79,37.44,2.7672,0.5325,-6.25
sM0BOcDmo28,3.3728,117.74,138.47,45.61,2.4172,0.9556,-14.98
0Bauc0tNuis,3.081,79.17,146.58,27.7,1.6903,1.3908,-37.81
vkfK2Kjyhk8,3.1052,85.85,126.47,67.19,3.1121,-0.0068,4.04
1DU1zWLl7FM,3.0064,144.56,125.97,35.97,2.8479,0.1585,-6.32
j242WK7HGFA,2.9832,140.43,134.62,76.66,3.3158,-0.3326,7.32
-GHdO6UzsGE,3.2356,124.67,114.71,54.81,2.19,1.0456,53.42
Mz-AU9X3CTw,3.3362,134.95,122.55,53.47,2.9041,0.4321,49.97
XSqToq8nIyU,3.3002,122.67,110.68,44.89,1.6866,1.6136,75.19
hjP6NNAxMf8,1.2385,204.12,202.09,15.44,0.0681,1.1705,51.73
zNCnxwEp7-E,1.2705,205.4,199.27,15.47,0.0728,1.1977,56.46
NJNwE_6VxtA,2.8843,123.34,176.3,36.01,1.8011,1.0832,5.64
FZ416tomUMI,3.2124,139.4,120.07,43.45,3.2238,-0.0114,76.01
UZCh2DwsB7o,2.5701,89.63,154.85,36.71,2.7377,-0.1676,37.29
uIEAeZt75Z8,2.5828,84.55,145.69,38.22,2.0867,0.496,-35.79
pFbRybiEZGU,2.667,110.16,142.61,49.91,0.6937,1.9732,-58.11
2l5cW3YVja8,2.9392,115.89,138.29,36.85,2.6882,0.251,72.9
JCO4X1M0VPE,2.9793,80.89,137.59,34.42,2.6296,0.3497,53.28
CcOOmcKvN0U,2.7651,188.42,122.87,27.31,1.163,1.6021,96.75
q_uK82_8NNY,2.9613,187.93,101.85,44.17,2.3337,0.6276,109.96
WT6k8iSKV68,2.8197,19.18,188.39,30.05,2.3389,0.4808,-33.27
CfoXgzy8khY,2.9157,99.17,188.88,48.34,2.117,0.7987,36.75
-8j_jzz_z2M,2.1531,51.33,154.39,29.9,2.356,-0.2029,-9.05
0zQlhE1ilVA,1.8077,183.18,120.02,45.65,1.7849,0.0228,34.52
5ZIgqa0q2bw,1.98,22.17,201.26,46.14,2.2527,-0.2728,-79.23
gl9XZK04sSo,2.3606,153.38,148.62,49.56,1.5553,0.8053,32.63
Yc94yOzfJ2M,2.6458,165.03,161.29,53.78,1.3725,1.2734,29.93
5M83pl9uzWE,2.5256,114.91,118.34,21.06,2.6844,-0.1588,30.89
CmI5WChQTR8,2.5389,131.28,128.11,20.93,2.3822,0.1568,67.75
jK1QN9q07js,2.4687,142.08,118.36,15.4,1.6186,0.8501,1.9
IG-_K9WYYRM,2.8311,143.71,124.13,18.32,2.4747,0.3565,49.08
e9gegPj49bw,2.4087,134.22,129.8,15.91,2.6655,-0.2568,56.17
povglbK09Nw,2.6186,130.09,116.93,16.59,3.1034,-0.4848,22.6
NNMsY0-Ssp4,2.9161,142.24,106.3,21.62,2.9317,-0.0156,17.66
4xjyeKJ-0O0,2.81,121.08,114.51,20.41,2.7239,0.0861,40.52
F7Yu9DOFa6U,2.4867,139.63,116.8,16.24,2.5012,-0.0145,62.07
w-MqgWcAYp8,2.472,129.48,117.95,25.51,2.7502,-0.2782,62.26
Ay1uHa0lHSU,2.2741,115.55,95.6,30.55,2.0382,0.2359,-16.97
HkpI3GEWExE,1.7732,92.16,170.49,19.65,2.391,-0.6178,58.35
lzHhU2GF6us,3.5778,96.92,88.86,41.73,3.2493,0.3286,-25.21
s5fBWkyC6hU,2.7097,86.72,107.99,62.55,2.1612,0.5485,-15.93
eumrbVJjsvM,2.822,81.47,117.22,28.82,2.4534,0.3686,-15.18
sgQQ8C2BUAk,2.8251,74.52,233.6,30.64,3.0937,-0.2686,-8.46
Oltg_kbR2no,2.3504,49.41,65.92,52.33,2.3032,0.0473,-16.95
jkhU4bRZMrk,0.8446,25.45,49.74,9.0,0.0131,0.8315,-15.24
fQwYqJiBgRc,2.7173,101.3,147.79,27.92,2.0425,0.6749,24.76
EfM63Ir4DNw,0.9972,18.6,213.69,18.38,2.4482,-1.451,-13.22
y6BLJOI84Kc,2.9541,102.79,159.16,33.2,2.7965,0.1576,-27.49
Dp7AA3nUZHA,3.1442,110.31,159.7,34.81,2.5756,0.5686,-10.41
LX0GKUjnzy0,2.5064,170.98,140.96,23.75,2.3716,0.1348,71.6
KJjvUsBYDFo,2.7326,136.22,139.52,26.06,2.1258,0.6068,35.97
1-PoiKYWT-g,2.485,167.76,136.8,22.36,2.2836,0.2014,65.78
VH5OgJ_Eixg,2.4085,90.41,90.21,45.95,2.7775,-0.3689,-14.78
COvxUos9j3w,2.1649,87.01,96.1,41.75,2.6336,-0.4687,-20.06
-U8VyECjCgA,3.2548,101.35,121.96,38.24,3.1518,0.103,-67.12
7D6FK3RDdls,2.7146,20.17,143.69,36.6,2.3026,0.412,-27.96
nKfEa9qKe5k,2.4163,64.48,99.09,22.94,2.5032,-0.0869,-30.25
Zgi7vITQ2DY,1.8376,43.85,78.19,29.57,2.6007,-0.7631,-48.61
yXlsf7mcwZk,2.5944,61.23,99.05,24.01,2.6181,-0.0236,-35.99
n1bCwCdDL3Y,2.6713,75.36,97.14,53.57,1.9123,0.7591,7.92
hfKWjpfay-M,2.4834,95.39,90.53,46.24,3.1882,-0.7048,16.03
jPjNbgQZBNk,2.3443,104.27,85.88,22.82,2.8159,-0.4717,-9.86
cMtyhlbTTWk,3.1099,103.21,131.05,42.46,2.9923,0.1176,55.75
mtd2v9kSLC8,2.9433,154.63,140.85,29.59,1.7453,1.1981,65.05
-DK2YIdXPRs,3.168,132.82,123.11,36.42,2.5515,0.6165,19.48
RjtYvjUUM7g,2.4206,74.79,134.22,57.63,2.6772,-0.2566,-1.07
uKX_mNC9SZs,2.9962,116.5,117.3,42.74,1.9764,1.0198,38.74
flrDSOefgGc,2.4192,95.69,117.85,25.7,2.4864,-0.0672,9.14
MBY7EV1sGGw,2.3171,118.98,138.38,20.31,2.7405,-0.4233,9.84
245JofHz3dU,2.9546,36.22,168.75,35.41,3.1165,-0.1619,-20.75
wt4Wh_Ivljw,2.4459,83.1,97.63,20.25,1.8219,0.6239,-25.06
yy2Epe_78C8,2.3108,68.59,133.15,33.11,2.2235,0.0873,1.86
OVsAIYTfMQs,2.65,75.63,111.35,36.43,2.763,-0.113,48.59
saar29KeR2U,2.6261,101.61,97.85,38.36,2.6777,-0.0516,70.72
rr4DVczHXXA,2.4878,94.11,152.64,42.12,2.611,-0.1231,34.57
GDCr7vegzPA,,,,,2.2458,,
n716S9UOypQ,2.2519,182.6,181.15,31.68,1.2164,1.0356,-17.27
yVxQQuGGTME,2.3016,101.0,147.78,35.88,2.6907,-0.3892,5.26
lp9i-8jeqhg,2.247,182.87,181.07,31.59,1.2224,1.0246,-16.76
yJUWe5uWoeQ,2.5726,139.69,172.94,37.54,2.3158,0.2568,51.07
h4dAL2zfVBk,2.2347,163.59,117.34,15.37,2.5274,-0.2927,62.28
kmdp332Tk5E,2.8522,94.36,104.17,19.57,1.4775,1.3747,58.09
Kh1_GaI7wYY,3.2541,125.48,97.21,25.11,3.611,-0.3569,22.58
3B5MDbfN3vA,1.7644,47.39,72.12,23.01,1.0912,0.6732,17.53
VZlYoAjpGyc,2.8081,55.15,127.63,25.18,2.8485,-0.0404,-21.84
rpWHynd6jQ0,3.0995,54.02,72.9,48.55,1.8853,1.2142,-3.55
xgrVJY48F78,1.9397,65.41,133.48,20.1,1.0416,0.8981,-20.71
qWm-OZcE5xE,2.7669,60.13,131.29,55.46,2.4208,0.346,-12.9
uv4Xp6WNwkI,3.0421,82.71,184.83,44.5,3.3201,-0.278,36.44
izXlq2TRjAU,2.7466,131.79,190.41,40.65,2.6694,0.0772,68.71
TZ68MFjWyXg,2.2025,158.74,203.22,35.43,2.0724,0.13,77.43
HZePHsX5L64,2.0905,196.51,164.69,33.75,2.3734,-0.2828,91.63
mXcQIcd_rkg,3.4913,175.46,103.18,43.18,2.1553,1.336,91.83
jjr1U7rVUt0,3.538,158.16,116.47,35.4,2.1578,1.3802,42.12
Uam4a1rJfp0,3.4805,141.56,114.75,35.37,2.0636,1.4169,49.07
fql6lan-Oj8,3.3375,134.71,132.35,38.33,3.1927,0.1449,38.83
DqbSwUS-Xds,3.549,129.92,82.25,37.8,3.1231,0.4259,21.27
GC0WBGPObaw,3.6866,123.25,109.11,46.24,3.004,0.6826,33.17
228cOoNl-dM,3.2704,162.09,109.58,35.87,2.5856,0.6848,117.87
JCaOqTi948g,2.8417,185.56,103.06,31.5,2.9042,-0.0625,131.9
QOsE_GR3XfE,2.9027,118.14,152.96,34.11,1.366,1.5367,43.38
ao6uHU2aaqQ,3.1706,91.77,107.31,31.28,3.1873,-0.0167,-2.96
7MDp4w_H3ac,2.1627,83.41,183.66,23.42,2.4438,-0.2811,-4.8
6-dxI1clasg,3.4732,193.75,110.99,45.93,1.4747,1.9985,52.96
GTkkfA3KFtM,3.1707,153.55,100.53,32.41,1.6745,1.4961,59.72
jLOJJM28MnM,3.5283,125.39,131.94,53.73,2.1596,1.3687,48.53
bkAVFbIevhQ,2.7314,138.34,145.64,30.92,1.4645,1.2669,36.81
bpCXXPIdVl4,2.923,124.1,141.05,32.11,1.4433,1.4797,42.17
Ur-dxQD4rIo,1.6465,62.23,161.67,18.32,1.1414,0.5051,-39.78
SUXD490Sp8Q,2.6586,119.21,139.15,44.21,2.6618,-0.0032,27.79
pc4xt-526v8,3.1945,98.4,113.98,35.22,1.1366,2.0579,-56.59
ylrddEzRhKI,1.9137,95.77,146.87,15.73,1.4314,0.4823,8.77
lPGNgHdazf8,1.7578,83.6,193.41,14.82,1.6602,0.0976,-58.22
bIMY0QuClcU,2.8493,99.92,118.91,44.54,2.1114,0.7379,18.76
6Ob2BmUbEIw,,,,,2.4583,,
aLUASKGnJCQ,2.4483,114.12,113.05,27.34,2.3513,0.0971,27.45
gc6a9enxXGw,2.6265,82.3,150.35,43.84,2.3861,0.2404,16.44
Y9Ktimwx5-k,2.0771,109.91,154.55,35.86,1.0964,0.9806,14.88
-jooV4lAKu8,1.0652,39.27,138.81,9.74,0.6993,0.366,6.0
yoZEehxGxEw,2.6435,127.1,125.0,25.94,2.9799,-0.3364,65.82
zAKcUhqt7MU,1.5538,81.3,111.58,7.88,2.6243,-1.0705,7.16
Co-R11-frfA,1.7747,87.18,66.28,11.91,2.266,-0.4913,31.34
1GIcJlZNzAQ,1.7692,96.91,126.23,9.68,2.2227,-0.4535,2.15
LJ8RFjHJI0k,1.2545,17.49,218.61,33.37,3.3093,-2.0547,-29.07
PPWXGdF5uv8,2.6543,32.4,142.17,16.85,2.6264,0.0278,-24.15
J-rnYSQmttE,1.0566,138.29,148.6,6.69,1.015,0.0416,-22.79
8c7LzvmbjjY,3.1111,109.67,129.87,41.59,3.3071,-0.1959,34.18
vB9_n-nw1H8,2.9195,102.2,114.74,31.63,2.8135,0.106,50.53
lrNaYw_nIIc,2.8009,118.3,145.22,49.31,2.3691,0.4318,33.81
_9BgC4vkk5o,2.9866,69.89,159.22,41.92,3.4001,-0.4135,-7.21
R_xzFBj1c3U,2.6163,65.98,156.98,31.53,2.4884,0.128,-15.14
URv3pl_yzZ0,1.7879,34.24,173.52,24.59,2.5509,-0.763,-23.43
06ON4m0nO9I,2.7764,187.4,97.96,48.31,1.2331,1.5433,-2.71
rAvC3uFN0eg,2.7204,176.61,102.29,48.25,1.2299,1.4904,-10.7
GFVAQegfgyQ,2.6688,182.54,95.17,43.94,1.2086,1.4602,-3.67
q19lc4xv3xE,2.5868,173.99,96.64,44.88,1.1943,1.3925,-13.4
0_vaKS-qOII,2.5178,186.6,94.17,43.82,1.5057,1.0121,11.0
5n6ZATkTHfw,2.7347,184.48,93.75,45.85,1.4248,1.3099,-11.67
dOLtuvZ1CaU,2.6933,180.2,92.62,44.22,1.4003,1.293,-14.54
1jK-4lc75q8,2.6602,182.43,90.81,42.23,1.3125,1.3477,-10.63
Ga5GTjscXNs,2.7846,96.57,89.33,41.75,2.9192,-0.1346,-9.5
iTes5xZi-SA,2.2945,83.42,174.56,45.03,1.5239,0.7707,18.75
6Vcve9zf0f8,3.2365,83.86,128.06,38.06,3.4147,-0.1782,20.14
eIZ5XIk8LD0,2.7056,52.7,138.82,41.28,2.7269,-0.0213,5.89
3mSFt4t_I-Q,1.7398,109.43,139.51,15.18,1.3317,0.4081,-5.28
livp78c5spk,2.2866,88.44,188.1,35.39,2.7584,-0.4718,-15.05
4Q5AUQbDHBM,2.3491,70.4,142.99,37.71,1.6231,0.726,-11.74
V_H6IzahEKI,2.8112,71.22,154.77,29.42,1.9315,0.8796,-1.7
hJUKH6SDsgQ,2.6097,91.5,140.78,48.12,1.9442,0.6655,18.79
YUu45_YPPYI,2.8628,115.08,124.11,33.72,2.2514,0.6114,-10.12
Vay_VwXWE3g,3.4528,117.69,137.43,50.24,2.9905,0.4623,28.09
132E1-VhhCo,2.0202,16.0,133.71,7.74,1.7563,0.264,-0.26
TTQahxL3-ic,1.781,10.93,134.46,34.66,0.5772,1.2038,-2.43
NVab3ixv26k,1.6848,115.11,145.27,10.55,1.7295,-0.0447,-2.01
vKTxGEiM_As,,,,,3.1183,,
NtaoTezIJHc,1.5464,3.5,180.97,12.39,2.0001,-0.4536,-25.68
20auWVG-sWM,2.2221,101.57,101.85,51.12,1.9088,0.3133,27.69
q8rTAB_Z7jw,2.5531,56.38,68.75,19.35,2.9348,-0.3816,-17.37
9TaB701ezEg,3.1704,20.12,193.27,25.0,3.2854,-0.115,-22.34
sunepFPhjO8,0.0,0.0,85.39,-0.0,2.1342,-2.1342,-60.41
p5CMGdGUcbk,0.8819,28.47,209.67,36.33,1.9676,-1.0857,-53.47
A9VYYc8yaDk,3.1835,19.67,194.21,24.35,3.2775,-0.0941,-22.75
SZzP8I6Ay80,0.0,0.07,204.58,3.11,2.0262,-2.0262,-47.75
UK_RTOfgeWs,,,,,1.9766,,
CxhUC3Q0hhM,1.2861,125.18,174.14,25.26,3.2919,-2.0058,2.53
qmFZ8jEmQyE,2.8485,143.86,191.66,55.31,2.6852,0.1633,-1.19
wrOGCktnnRE,1.8168,59.06,235.57,33.68,3.0593,-1.2425,16.86
HO_JULHeMGs,2.2985,178.36,102.59,45.01,1.2696,1.0289,10.39
bjjnJ2Zsv_w,0.1965,74.08,212.1,8.83,2.5357,-2.3392,18.41
rV1P-7FSFwY,2.1029,91.72,136.74,23.59,2.0273,0.0756,67.69
BNtWwzTi0Vw,2.1534,95.65,135.71,25.76,2.0363,0.1171,71.59
TOMWjgW4snI,2.963,103.21,127.18,41.35,2.2864,0.6767,38.32
-d027mSAhv8,2.8655,126.82,126.67,33.45,2.1964,0.6691,63.06
vK3CmAaOSfY,2.6772,66.42,116.32,45.05,2.2608,0.4164,-17.1
z3u78jgr2KU,3.1289,85.21,135.26,47.9,2.5054,0.6235,26.7
562fXJiY3Vc,1.2073,104.3,152.41,28.12,1.2029,0.0044,-20.89
I9Qb5z6pbZ4,2.78,60.47,165.72,44.94,3.1704,-0.3904,-17.21
MAOA52zaNQQ,1.8867,11.57,195.0,11.02,2.6288,-0.7422,-30.62
skgS_R7hvSw,3.1222,110.34,82.4,22.2,2.0596,1.0627,63.88
8oADE4iQTHE,0.0,0.0,75.21,-0.0,0.0,0.0,0.0
cis452CvdkI,0.0,0.0,75.21,-0.0,0.0,0.0,0.0
R3HaNkWaomI,0.0,0.0,75.21,-0.0,0.0,0.0,0.0
wDvj0mn7Xxo,0.0,0.0,68.45,-0.0,0.0,0.0,0.0
V0wrjRycGlk,3.2964,104.15,148.66,41.09,2.551,0.7454,-9.06
cTgI6rm7Z-Y,3.1391,80.28,103.73,34.86,2.4841,0.655,0.48
1_hMcAjDTIg,2.6054,133.22,145.23,22.45,1.94,0.6654,-12.45
aO6J4lq3cZA,2.249,71.9,128.3,50.12,1.5,0.749,-79.12
04wbfFRmCAo,1.8439,78.52,146.67,35.65,0.9844,0.8595,-31.42
_6pMRhDDZWg,1.3134,78.4,144.29,67.49,1.0857,0.2277,-56.49
Q7COdjY5dGE,2.6717,79.92,107.42,53.5,1.4256,1.2461,-66.11
9yyk8TlLiCo,2.832,64.32,176.16,38.55,2.9617,-0.1297,17.4
Tem4pFmEwa0,2.1688,55.93,228.24,31.57,0.0557,2.1131,-9.89
-OBK1UDLW3k,1.1298,29.23,230.02,31.45,0.0022,1.1276,-40.07
PAM4e3j5Ip0,0.9179,37.88,224.56,28.79,0.0029,0.915,-27.83
63kqB3Qmyno,0.8945,38.92,224.2,27.44,0.003,0.8916,-27.11
hVihd68mrL8,1.0917,35.23,226.09,29.0,0.0029,1.0888,-29.92
Bg9x62FerJc,1.0738,35.82,226.03,27.95,0.003,1.0709,-28.85
svHAX0REIc4,1.3108,30.9,229.59,31.42,0.0028,1.308,-33.96
X_dY3gMiWe0,1.3753,32.91,228.1,33.44,0.0028,1.3724,-30.16
uqlRpPNyHP4,0.9224,39.05,223.74,27.08,0.0029,0.9195,-26.06
jZ3YT0x5Tdc,0.0853,37.97,191.83,6.52,1.9889,-1.9036,6.01
dQLeJmqXUmE,2.5692,147.39,176.51,25.15,3.1776,-0.6084,53.93
eXSAJkvfohg,3.267,158.86,159.83,55.22,2.4243,0.8427,71.73
NEGTdrcx8O8,1.1183,102.77,217.14,8.48,1.499,-0.3807,62.23
9TK0NHtzVO8,2.1218,113.82,196.43,33.22,2.5675,-0.4457,52.36
wcPyBEd3Zjw,2.5587,181.14,114.46,32.96,2.8223,-0.2636,144.5
2hIyxP55OrI,0.8631,85.81,225.96,14.42,1.5257,-0.6625,69.32
T65r9qkvepI,3.2699,209.93,103.73,32.4,2.4289,0.8411,157.92
LK9P8L4F2dE,3.3415,207.73,99.55,34.66,3.055,0.2865,127.67
MP7KESdGG-U,1.8069,187.0,102.12,10.52,1.3501,0.4569,67.22
u95avziYwMY,1.7972,52.59,172.15,24.09,1.8648,-0.0676,28.99
cc1LWEftXOs,2.3195,76.57,147.0,23.18,2.0629,0.2566,30.58
CHz88DpoKTg,,,,,3.0049,,
olnmxORvOOY,2.662,50.49,158.07,23.88,2.2088,0.4532,21.43
Bpjiedzdc-0,,,,,1.841,,
UETGqAzCwog,0.9555,24.39,192.1,24.45,1.4482,-0.4927,-45.17
P4QtlZFwIo8,,,,,1.4566,,
mv13HkkKDoE,3.6757,135.03,102.99,39.69,1.7387,1.9371,46.04
3XNlHm-CIhs,3.6631,115.78,95.4,38.18,2.1092,1.5539,33.54
lWEsyWh5Qnw,3.7485,117.79,101.07,42.99,2.0772,1.6713,70.93
TXU9ej_tL3o,3.7996,134.75,89.63,49.41,2.283,1.5166,51.76
E-MqwyPC2LM,3.7064,116.37,89.13,38.48,3.0162,0.6902,54.39
r7tUEgQTSKw,3.6344,132.36,94.08,31.04,1.8966,1.7378,27.69
JVNej9_j-wI,3.4215,132.5,97.44,28.69,1.1585,2.263,42.34
8VCfGymr0WM,3.3099,128.97,101.14,26.45,1.4434,1.8666,6.56
ui3PenERGPw,3.6796,142.67,93.75,31.26,2.0325,1.6472,35.66
_ge1XUDWYus,3.4195,131.06,90.55,27.59,1.3437,2.0759,36.34
ZMkSHZa6_zc,,,,,0.3914,,
k4HN8tLpCAQ,,,,,3.1062,,
k4nJVPVszxI,1.0827,43.14,177.98,8.93,3.025,-1.9423,-15.68
-rbr53DFxLs,1.7948,99.34,164.77,20.22,3.0011,-1.2063,-32.12
rydVD_MxWYs,0.5225,184.93,177.46,12.52,0.0714,0.4511,-24.94
TzCFROgBPb8,0.5225,184.93,177.46,12.52,0.0714,0.4511,-24.94
D3IJ-09Edl4,2.0642,47.26,90.46,14.92,1.465,0.5992,-10.26
uYOY6VVEjiM,3.1934,116.64,90.37,30.45,2.5167,0.6768,56.42
wV8aqxR4X2U,1.9161,93.95,189.0,39.4,2.1624,-0.2464,14.06
hVPPzmE69uQ,2.9056,157.6,118.85,62.78,2.1038,0.8018,2.88
Ei3VR54rcSQ,2.868,178.87,118.65,49.34,2.4501,0.418,52.05
l_0UfINiVn4,2.5356,109.47,173.01,34.43,2.0839,0.4517,-13.32
OeP8gg9V0ms,2.6723,186.33,115.27,45.75,3.2099,-0.5376,75.97
4JYz5FHCMcA,2.7337,172.2,82.88,66.85,2.2759,0.4578,18.32
DVhuV03Zuag,1.5998,164.73,153.04,44.25,0.6707,0.9291,30.76
VLLYBccrHJ4,2.5057,172.53,139.83,60.34,1.7189,0.7868,63.9
l1yKOuaz4H4,2.3911,140.26,114.73,36.26,1.8815,0.5095,29.25
55cZZ8Lh3KA,2.0999,38.66,130.51,35.59,1.7365,0.3634,-30.81
MZZJih2WDAE,3.2976,61.11,109.5,44.54,2.8699,0.4277,-17.05
-K95Q-nx_K4,3.1013,97.52,139.05,35.4,3.0115,0.0898,43.09
JjBPt4OQuO4,3.0302,66.89,134.38,41.65,2.4627,0.5675,-2.05
-5fRICDuxBk,2.8462,84.89,110.52,49.85,3.1214,-0.2752,38.75
HKOyJ_raG-g,2.3247,115.91,119.44,29.11,1.4863,0.8384,30.77
KLdNjIVGMdg,2.4847,111.07,133.72,26.51,1.9898,0.495,-3.88
QrHyxODOWHw,2.0692,66.12,112.77,20.92,1.9941,0.0751,3.52
G22vUEPq9uc,2.9026,59.54,120.87,29.12,2.8022,0.1004,-23.94
CKp43FjK638,2.274,54.0,116.19,23.34,1.2371,1.0369,-7.5
JALWyjpH1Wg,3.6657,134.6,113.15,40.11,2.6839,0.9818,85.54
zo9y2FdRonk,3.3731,134.08,122.68,37.35,2.166,1.207,96.63
2ymjqhmo8Rs,3.4953,124.4,102.8,37.19,2.3159,1.1795,85.88
_M1NRrqjNuY,3.262,152.99,95.36,34.01,2.4547,0.8073,66.98
JlennOez2zc,3.5202,154.19,98.9,41.59,2.5624,0.9577,75.2
FBHL-xn7Pck,3.457,140.11,138.14,35.74,3.1985,0.2585,96.09
zTVsC9oVzXU,3.3537,95.56,115.85,46.56,2.6625,0.6912,-5.39
fInnaYo7lEU,3.5547,151.52,102.27,37.63,2.7051,0.8496,80.49
C9v-s49zEXI,3.6098,143.23,132.99,55.5,3.0893,0.5205,80.67
z8PXk72E0U4,3.1289,94.4,135.65,69.94,2.8974,0.2315,21.43
D9YrxaUYtio,3.0902,88.16,136.72,63.31,2.9282,0.1621,13.64
S-s2VVz6mH4,3.5688,97.6,139.03,40.14,2.9648,0.6041,15.66
eu2hvn66Q8o,1.6479,110.61,141.65,42.81,2.0259,-0.378,-25.6
dBKV3LggpVM,3.1682,120.29,102.62,28.74,2.9287,0.2395,-16.4
QPGRF5qsnnY,2.2741,79.15,147.15,38.13,2.3832,-0.1091,-9.06
R9EtRlRfU1g,0.9274,45.81,198.07,4.2,1.9557,-1.0283,-4.26
yrBcSvlkdDc,2.875,97.37,188.65,32.56,3.0095,-0.1344,-23.33
o8QROAl8rEU,1.1528,142.26,109.57,7.67,2.5025,-1.3497,64.18
ptI2tkCC1DA,1.8934,140.54,186.58,13.55,1.8373,0.056,18.91
tTgNBvg8xOQ,2.2868,96.11,118.15,12.86,2.7209,-0.434,26.55
vkWEk48IPUA,1.3503,40.44,213.63,27.69,0.5615,0.7887,-14.45
4SBl--2A0v0,1.292,41.85,213.2,27.03,0.5648,0.7272,-12.86
FE1sLBqS2-o,1.3932,38.94,213.99,29.32,0.5463,0.8469,-16.35
cHtzGGRzIC8,1.4547,36.99,214.5,29.84,0.5368,0.9179,-18.51
TIFZv-EiiYA,2.2694,59.45,155.34,40.41,3.1946,-0.9251,12.1
Kjyc74ajb8w,0.8809,98.18,146.77,5.43,0.779,0.1019,-29.99
HF7NvGdu7gg,0.9,97.65,146.95,5.37,0.7735,0.1265,-30.59
nTpcyt19zL8,2.1043,57.43,154.59,34.82,2.2501,-0.1458,-26.39
laorDiwhS6M,0.9183,7.57,202.89,37.52,2.192,-1.2737,-32.78
R1D6EiwbkM8,1.4831,45.31,133.51,21.14,2.4037,-0.9207,-1.09
I2KbY2dDiKI,3.1523,103.95,68.05,30.1,1.7144,1.4379,93.76
NgoOTDbJYow,2.2037,170.66,164.45,18.92,2.05,0.1538,41.37
O2eMNWegSPk,2.47,128.03,169.36,48.64,2.9205,-0.4504,-6.52
94-b5CShQhk,2.1964,127.64,179.03,41.51,1.7534,0.443,-4.73
Cmq13p0egss,2.6701,136.08,133.76,23.39,2.2002,0.47,41.61
6mAxa3kfY9Q,2.9368,61.21,139.94,26.37,2.8348,0.102,10.75
csz3Ow_7VrY,2.1449,102.5,185.1,49.68,2.8667,-0.7218,55.61
MSfRyNY2h-s,2.955,165.18,140.84,33.93,1.9561,0.9989,26.58
WfNH2PEZTgQ,2.9188,166.51,138.52,32.87,1.9987,0.9202,28.65
7BuaersK2Js,2.929,151.41,154.59,26.68,2.2353,0.6937,70.78
tPHM8Mp0SwA,3.1719,139.33,119.99,33.94,2.7858,0.3861,102.93
7Gl7HdLi0Js,2.4051,142.08,137.86,22.2,3.1562,-0.7511,66.13
l2T9ehjVBaM,2.9895,36.33,128.82,33.9,3.2547,-0.2652,-39.07
SeT0Yg7pEpo,2.9222,101.85,149.25,40.19,2.4597,0.4625,67.81
ixOvED3or-8,2.7286,92.8,157.35,30.63,2.9477,-0.2191,56.39
FN2tHzPtPgA,2.6313,149.56,145.4,29.8,3.1094,-0.4781,106.75
HvLLSu6mQ00,2.2673,114.99,136.64,38.14,2.6317,-0.3644,70.54
3w6ua2hmL94,2.4805,157.61,159.09,25.9,2.7562,-0.2757,116.92
KW0oVil1X50,3.022,140.73,143.47,27.94,2.7121,0.3099,57.59
xbevr_aISR4,1.6939,119.73,102.0,16.46,2.146,-0.4521,-17.95
6ogUP-p9Nwk,2.4045,129.57,136.1,22.56,2.9452,-0.5407,-9.83
2sGw_SCh9Xc,0.7104,105.38,150.19,22.01,1.0677,-0.3573,-19.05
ekI5bgtAhjw,2.8325,79.07,133.28,32.83,3.0236,-0.1911,-11.22
R9EZi45eGA0,0.0,0.0,65.25,-0.0,0.0,0.0,0.0
b1XGfjtohfQ,0.8324,22.53,198.73,19.17,1.9992,-1.1669,-38.43
wGuqf8nE1UA,2.2262,38.42,132.78,20.65,1.0141,1.2121,-118.65
1mkKpFRfev0,1.4163,92.09,196.42,22.93,0.075,1.3413,-11.62
QmwOFNySOSU,2.088,94.47,178.89,60.31,1.9197,0.1683,47.09
2pduSIyqWho,2.3773,135.78,170.44,30.5,2.1891,0.1882,45.91
ZHe-Zvj_lS4,1.7473,92.87,187.33,20.73,0.5593,1.188,27.99
RkJExYVqyvM,3.1568,67.98,182.82,53.22,2.8549,0.302,4.87
DsAi9ESWr8w,1.9221,134.9,113.73,32.64,0.7906,1.1314,-41.13
BinRyDnnefk,2.3607,184.04,214.56,38.15,1.201,1.1596,102.59
GG-dAoen8bw,2.7755,157.04,128.83,33.46,3.063,-0.2876,20.61
RaFYpCavGyc,2.3301,202.88,166.72,13.89,2.0515,0.2787,45.33
b_DnTENuwrY,3.0484,96.47,122.21,70.19,1.9652,1.0832,-9.71
iOspV3AbZnY,1.3221,7.73,93.68,30.63,0.0,1.3221,7.73
93v57fTtEF0,2.6312,17.87,129.26,23.43,1.1329,1.4983,9.51
plX8WRCxZyM,2.208,62.46,135.58,28.45,0.0,2.208,62.45
RcxkiYISgrc,2.5732,140.96,107.26,53.26,2.2066,0.3666,115.35
SzxYBa22aH4,1.3551,20.29,105.03,54.57,0.0,1.3551,15.87
Dy2HfPRGrj0,2.8006,34.58,152.67,35.64,1.744,1.0566,-92.4
TdMMYghyrws,2.9562,169.6,129.44,44.15,0.7679,2.1884,110.59
Qr6A8FW5M5Y,3.0276,107.31,80.13,51.06,2.0803,0.9473,14.82
oAu9_7iwqTY,2.2429,151.19,136.04,39.69,2.3877,-0.1447,43.04
c78MF4ftNqI,1.4692,139.34,112.72,23.54,1.7517,-0.2825,30.25
y8nBZRVj10U,2.1537,167.77,135.41,52.77,2.681,-0.5274,55.98
sPXBs-cStD4,1.9028,144.87,121.91,37.4,2.382,-0.4792,38.51
MWAZTAG3bDE,2.2364,149.85,117.84,38.82,2.3066,-0.0702,19.01
Ran1m4f9la8,2.3767,166.05,120.54,39.02,2.2942,0.0825,29.46
4emdAK2Afd4,0.6605,63.21,235.21,7.81,1.37,-0.7095,18.43
SScNHxc5EuY,0.5327,70.89,247.2,6.23,2.1401,-1.6074,35.9
FDPc2qD4-6Q,2.2013,41.5,161.6,22.63,2.288,-0.0867,-9.86
h4Zxzgs7Z7Q,2.7358,159.39,171.7,22.3,2.5557,0.1801,103.56
625uKUtstkE,2.6779,106.78,186.66,29.7,1.3791,1.2988,-55.97
np3Tc5EJBjk,2.939,145.34,161.49,22.77,2.3188,0.6202,26.44
I97TC15T_Kg,3.2149,170.82,140.41,46.12,2.2416,0.9732,37.55
2JDoZAuAx9g,2.5846,165.67,158.25,27.93,3.0825,-0.4979,51.23
c4iIxqFoixM,2.7902,67.85,160.26,20.45,1.5548,1.2354,11.77
kEwMsoLlTRo,2.6238,94.72,167.57,39.54,1.4925,1.1313,22.44
GijOGTDsK-E,2.6162,133.74,158.55,27.31,2.4063,0.2099,19.44
3vdp7iScbUg,2.4972,171.83,121.9,21.68,1.8552,0.642,122.65
3q4EISxy1m8,2.7164,178.73,140.8,30.17,2.6535,0.0629,131.46
47Noliboj8g,3.0169,133.88,121.88,25.79,2.227,0.7899,38.27
Hn0alRLxeZI,2.4103,234.18,95.41,41.73,1.4764,0.934,4.09
2sy3wtQRmtI,2.2814,157.02,109.54,15.68,1.4881,0.7933,51.77
iI2CbUCJ3y8,3.2436,137.28,51.48,29.65,1.6317,1.6119,106.15
e59E4wRHRGA,2.4432,160.09,109.9,20.45,1.1761,1.2671,28.24
NVYOp962w2s,2.7211,120.98,67.42,20.47,1.2821,1.4389,4.4
jwM7g7LMMks,2.7064,119.47,63.21,19.87,2.7215,-0.0151,-60.49
BxTwy3WIDec,1.889,105.59,92.06,14.96,1.5728,0.3162,-17.66
STctxk4_B4s,2.7423,189.78,45.12,41.53,2.0172,0.7251,-21.81
iGTImMz3Xbk,3.2853,111.4,73.03,35.9,3.0672,0.2181,14.3
BAdY2cU4J7o,3.0273,153.75,53.16,38.97,2.2458,0.7815,1.21
3aN0f479Uoc,3.1559,141.11,96.08,27.93,3.0721,0.0838,55.06
7xY5aqdgo5w,3.2261,139.5,95.74,32.14,2.6168,0.6093,84.11
RAHhMkhSwec,3.2635,149.85,94.48,30.79,2.3655,0.898,64.88
wQycwggH9bA,3.241,164.69,93.32,27.98,2.6056,0.6354,44.86
mdcD-_LK7jQ,3.3193,141.79,91.87,28.37,2.7904,0.5289,69.93
Dv0HxOYhrT4,3.1989,148.18,95.6,25.67,2.4303,0.7686,58.63
IP7bT6iZ29w,3.342,154.67,92.49,27.31,2.6438,0.6982,45.31
FJUMQF6EtLs,3.11,149.05,93.0,23.27,1.7329,1.3771,36.85
hk3klstfVUs,2.9299,149.86,102.33,24.55,2.392,0.5379,58.47
hO4Ep5EuwdA,3.2657,147.06,89.58,27.72,2.7467,0.519,44.71
j-LadYcYTc0,2.5784,51.46,120.12,28.25,2.5289,0.0495,-4.14
FmPrWn2pHZk,1.7295,24.91,112.78,31.63,2.5709,-0.8414,-6.03
2bZke0mgd0Q,2.032,65.77,54.36,17.72,1.952,0.08,23.34
2tgapKLuHTI,1.393,42.74,204.93,16.35,1.7874,-0.3944,11.96
w1tcyZNvfYg,0.7155,85.61,100.5,7.3,1.0295,-0.314,-21.46
SxxebUz6iSs,0.8497,87.9,81.24,7.82,1.6265,-0.7768,-20.49
I91-_OG3iK4,0.8301,90.2,78.29,7.53,1.6353,-0.8052,-18.01
_hqN0zj20Ls,0.674,83.24,107.12,7.41,1.0277,-0.3537,-23.88
9eZUJZBozOI,2.0943,30.69,79.77,25.77,2.6576,-0.5633,-19.9
zZSlqpHQkG4,,,,,2.2411,,
dJvqnNpLevo,2.4305,129.91,41.0,27.93,2.7047,-0.2742,-7.6
qpMxwnH28xw,3.0046,6.19,44.0,8.43,2.4432,0.5614,-38.13
r6wxCA5Sz9Y,3.3275,61.43,124.8,47.4,2.8523,0.4751,2.13
e5HqGm91UbU,2.352,83.93,167.68,48.86,2.5127,-0.1607,-1.38
WIICg1XWzEE,2.4364,94.49,136.24,25.23,2.1995,0.237,20.2
qfMLXg2CIcI,2.0829,86.1,163.0,39.33,2.9676,-0.8847,33.06
FO5_PAFDgr4,3.062,79.76,132.97,48.6,3.3005,-0.2385,21.38
Xed8ej_6kMQ,1.121,159.47,125.42,16.08,0.5156,0.6054,-66.08
zbH_P-nVq-I,2.1024,78.92,171.96,26.99,2.4504,-0.348,42.12
tOgPxiMGWDE,2.4126,79.36,155.55,42.45,2.2288,0.1838,-10.08
P0iwL8ZnAfM,2.5688,26.53,96.2,15.53,3.4527,-0.8839,-28.77
9xE9g6zVRQM,0.3594,161.01,163.21,13.77,2.4759,-2.1165,83.41
9ne-NOHuObc,2.397,111.61,161.59,27.28,2.0058,0.3913,-2.22
HnWvDYBT7F0,3.2347,46.92,116.51,40.07,2.8869,0.3478,3.13
WRL42oQbtVA,2.0887,134.13,137.95,33.01,2.8698,-0.7811,8.85
XEmcJUHh4fo,0.3394,26.52,216.7,15.11,3.0965,-2.7571,-21.42
DvoLngTLzSw,1.6752,62.15,150.83,21.64,1.704,-0.0288,-44.8
ds4AoOVbBic,3.724,99.29,71.88,59.3,2.2855,1.4384,92.58
TH-5MwnJoaI,2.7902,81.61,145.71,48.56,2.5016,0.2885,35.47
0IStXXEpHPU,2.3195,100.49,139.48,26.6,1.9855,0.334,55.4
h0FB7hcFr6U,2.5493,38.22,132.81,52.81,2.2873,0.262,-9.19
9czeqG0GetQ,3.2389,138.93,115.47,51.42,1.9003,1.3387,15.17
AddAUUpDcsA,3.1037,76.27,126.39,25.37,2.4531,0.6507,12.62
8KQ_UKY-tC4,2.8705,91.62,131.54,59.03,3.0432,-0.1728,-0.36
wekaqGvhl1w,2.5968,95.13,125.04,23.17,2.2216,0.3752,33.49
SluRmM8drU8,2.3863,164.93,142.94,16.75,2.3863,-0.0,55.5
D6DMMLg0nQU,2.675,122.81,95.08,20.85,2.0112,0.6638,63.6
LvXZehiThek,3.5989,97.38,86.31,28.76,3.5794,0.0195,3.8
i1WXUj1mClY,2.27,137.91,116.12,23.24,1.5528,0.7172,53.74
7JCJUsjFtSg,2.9262,116.96,128.46,31.83,1.8353,1.0909,47.02
W-rNZmJY_fg,2.734,100.62,135.46,25.03,1.7226,1.0114,55.29
zqQyjBcQvm4,2.8374,144.48,108.96,33.86,2.343,0.4944,27.32
1mqzqiDj6jk,2.5547,153.19,180.1,37.88,1.7961,0.7586,-10.03
Kc3eYrg9nus,2.8402,164.34,106.17,23.87,2.6794,0.1608,65.52
Z7Tbja5zito,2.8402,164.34,106.17,23.87,2.6794,0.1608,65.52
EzSFSrN9vTU,3.372,151.83,70.52,30.92,2.2388,1.1332,55.23
YdyKMbotqfk,3.3279,152.88,71.41,28.53,2.7114,0.6165,87.13
ltVT5BwmGQg,3.5173,128.64,63.01,32.81,2.3477,1.1696,103.91
LRPmXIiFEno,3.4388,143.66,58.9,31.11,1.7006,1.7382,90.98
ga_NYdUG4do,3.4624,134.82,60.4,31.74,0.988,2.4744,55.76
CD7ymRt2aS0,3.4122,133.56,64.49,31.54,2.6012,0.811,93.76
qbYj51DLdOY,3.4474,184.4,63.5,38.05,2.4694,0.9781,117.26
hqEtipen5hE,3.2464,109.46,65.97,25.91,1.4139,1.8325,14.45
HjYf3MvQtxo,3.212,54.38,159.38,38.76,3.395,-0.1829,-21.77
UGy_5Vr5QsE,2.6632,124.31,153.11,20.64,1.3754,1.2879,35.64
5WVvDmBfExM,2.2753,31.54,160.52,22.38,2.0845,0.1909,-29.63
01dpzVaWHPI,2.9646,100.52,159.38,40.1,2.5551,0.4094,35.15
7IYFvgqibpo,2.5044,126.79,140.87,38.02,1.7339,0.7705,60.64
IKyKrSdt2MU,2.3161,113.38,140.35,46.14,2.9713,-0.6552,77.28
9eA1sSjTJbU,3.3929,89.89,113.6,25.97,2.7289,0.664,10.49
d0z0ZLaNCYE,2.7376,125.6,159.61,43.89,2.3133,0.4244,2.35
H7jQi-TMego,2.2681,136.08,160.3,36.31,2.1417,0.1264,18.93
9UEscjX_2oQ,2.6167,66.93,136.07,51.36,2.3571,0.2596,0.56
vzjktil2UtQ,2.7561,75.06,117.14,41.97,2.2382,0.5178,-22.4
qFZpxIFRTFU,1.9423,27.52,160.3,15.47,2.7726,-0.8304,-15.15
STWhipRg-0Y,2.7876,108.6,96.22,54.01,2.4905,0.2971,37.8
8a2F_c3hK58,2.9549,101.96,100.53,52.72,2.6415,0.3134,22.04
sUjwrxiLR4E,3.3146,83.76,91.87,43.65,2.4733,0.8413,40.78
qWRmBmseY9k,3.4035,77.11,101.65,48.08,2.7169,0.6866,28.27
GHsCz5YaADo,3.1377,89.26,84.47,40.29,2.4371,0.7006,40.41
w_RkJysWASw,3.2788,82.66,94.19,38.9,2.6583,0.6205,29.88
ajxWXs1eR5U,2.9046,125.3,93.52,43.91,2.7508,0.1538,23.99
vEejqtfTtgg,3.125,114.91,100.5,48.17,2.8759,0.2491,10.05
1KUWZLBUV8U,3.3411,97.17,91.56,52.8,2.6017,0.7394,-10.39
ZkAl8pR_5O8,2.0802,73.73,171.06,57.48,2.6024,-0.5222,8.41
OYmVvE0WXVE,3.0023,45.27,107.89,43.9,3.0691,-0.0668,21.68
fJ3UOANa2o8,1.9537,106.38,201.32,23.96,2.126,-0.1723,-20.06
uBQJtkyMfgc,2.9663,76.4,91.17,29.82,2.4813,0.4849,-48.99
WsIvDioWjR0,,,,,2.8923,,
sSZTthJG_L8,1.927,106.53,184.92,28.16,2.0284,-0.1014,8.94
vLwdt4jmn0Y,2.1507,121.11,138.45,15.32,3.046,-0.8953,71.74
fWwJjIg1DB4,3.5208,42.37,80.17,26.32,3.2792,0.2416,-21.34
aEfnHO1Rx04,,,,,3.5038,,
TBfLqesjW0Q,1.5244,105.53,201.22,26.94,1.8755,-0.3511,64.45
NDPdl8oBp1U,1.5618,139.64,150.13,24.05,2.7126,-1.1509,71.75
nROHBbb7D4A,3.275,145.72,78.39,30.45,2.5497,0.7253,44.23
HDJmru8AyfQ,3.1187,119.7,82.94,27.52,2.2942,0.8245,20.48
-uh7gGVBucA,3.0432,98.81,88.31,25.65,2.1851,0.8581,58.71
CKpFaF-e68Q,2.1742,128.72,99.28,16.83,2.2687,-0.0945,35.59
QRZysfNO3pg,3.4022,92.38,79.81,23.93,2.897,0.5052,34.02
qiikNBFSjhg,1.8541,106.37,132.4,40.2,0.0884,1.7657,12.37
u7f2XbiPIQg,3.2747,124.37,97.94,38.65,2.6494,0.6253,6.63
jSqi-79u0Mw,2.7059,65.37,179.7,48.84,1.8513,0.8546,13.96
bqThrwhxy78,2.489,165.76,149.82,46.0,1.1638,1.3252,-49.46
Efua_GWdpW0,3.1401,142.92,117.88,41.41,2.5881,0.552,-16.37
FAnQgMrk4l0,3.3752,115.31,112.2,40.32,2.6267,0.7485,0.59
DP670u9ix_c,3.1047,141.47,115.63,44.67,2.3078,0.7969,-27.84
EphYxSKLPL4,2.9382,179.82,152.69,31.92,2.217,0.7211,96.73
Mc7HgS2pPeQ,3.0857,166.41,129.76,24.38,2.8198,0.2659,66.63
TF4L_z6Zv7A,3.1208,162.57,112.3,24.84,2.5523,0.5685,38.34
XrV5BmogUdU,3.324,133.03,111.56,53.26,2.0707,1.2533,36.96
fI3IEpf4nIc,3.4203,133.05,121.45,35.34,3.2585,0.1618,56.43
fLAcvBNF0U0,2.9018,148.7,118.36,26.55,2.5724,0.3294,74.21
fO8Zx9jEVbA,2.5663,133.2,123.69,17.39,1.252,1.3143,65.78
YSl6CvhWy5I,2.768,178.23,148.44,37.52,3.3235,-0.5556,10.46
32o2cGZ0MlA,2.3295,179.97,156.57,32.79,3.2691,-0.9396,8.93
3uKeKkI3Ht0,2.5969,172.72,141.94,36.39,3.0721,-0.4751,83.21
zE0LVGgcgxA,3.4594,35.63,147.95,43.34,3.2998,0.1596,-21.86
v2c7vHraiDI,3.0381,81.87,124.13,25.6,2.6638,0.3743,-22.33
wjwscYUmMro,2.6639,82.09,123.35,26.91,2.5471,0.1168,1.88
iuDOTqtnDh8,2.8749,86.29,144.38,69.57,2.9647,-0.0898,21.03
0E2jSo-Oecc,2.8664,104.76,130.34,49.3,2.2983,0.568,44.11
AVHt--blSJg,2.9388,34.02,143.95,40.13,3.0804,-0.1416,-19.88
Exuj4RUgXjM,2.9203,97.3,137.09,37.52,2.6864,0.2339,-6.5
W_WaRSssojM,2.6945,75.43,199.82,33.15,2.8079,-0.1134,-22.45
9nfIVZYf-_s,2.6742,94.35,153.29,56.89,2.7606,-0.0864,61.21
Q8e8K6lF3lM,1.2786,188.81,142.68,12.11,0.8099,0.4688,-29.18
Bv4YGbNnW5E,2.3504,104.71,187.35,27.84,2.5818,-0.2314,36.26
fLp9SNFOjhA,1.8433,142.27,194.76,41.83,2.0491,-0.2058,16.27
dnjfjnRHwq4,1.4073,93.12,208.96,13.02,1.3725,0.0348,14.82
l90V1P2dfQQ,3.011,124.31,124.28,50.27,3.5606,-0.5496,13.66
t44DBuz7-kE,2.8106,128.17,77.5,22.86,2.6594,0.1512,-51.72
1s-B74PsrMA,2.1088,67.52,174.42,38.9,3.3904,-1.2816,-1.57
vqaDudKPG_4,2.9903,62.31,183.97,56.02,2.2492,0.7411,32.95
i20euYREpRc,2.3907,185.04,166.56,17.5,1.943,0.4477,97.03
7eRQW05u4cA,2.1063,65.12,137.88,28.47,1.3815,0.7248,-17.18
5YWQh4zDg8g,2.8018,93.83,156.8,25.1,1.129,1.6729,67.16
WlIn6T7KaSM,2.3772,67.93,169.86,35.98,2.193,0.1842,11.99
SZDjXeXk5O4,2.584,38.98,175.82,47.08,2.1251,0.4589,-19.17
-02GpzhiwBU,0.7352,140.87,199.08,30.6,2.4365,-1.7013,71.31
yeH3yzEr1aw,2.938,96.4,114.5,53.04,3.2022,-0.2642,20.42
-LY3FKa90lQ,2.8543,66.56,74.87,34.38,2.8025,0.0518,6.05
jTM_HSSphNE,1.9357,22.8,168.36,47.13,2.3784,-0.4426,3.51
WRzEsEtcILs,3.2843,25.54,108.26,32.97,2.3501,0.9342,-26.96
caWAbvX-wRc,3.026,138.93,75.9,44.33,1.9303,1.0957,116.03
nAN2AZS0egY,3.0696,107.34,59.79,27.07,1.84,1.2297,16.61
O7pFKcN58W0,1.3448,60.87,202.28,15.29,1.3099,0.0348,1.95
QYEGqoMRP-I,1.4909,64.37,203.02,15.95,2.1805,-0.6897,2.87
k6_uDzFyuC8,0.7885,46.88,217.46,52.0,1.9275,-1.1389,28.24
L56hM-L69S0,2.9275,55.23,139.12,41.29,1.8495,1.078,-19.07
OEvZSmKjhN8,1.9407,32.83,221.49,24.23,1.4695,0.4712,-20.2
hU0Bjvrlurc,3.3576,130.01,154.93,44.69,2.7223,0.6353,53.58
8LJU6FnOaJk,2.8955,87.52,167.54,30.73,2.1174,0.7781,72.11
ufjtaVKAahs,2.8852,93.33,172.3,29.67,2.757,0.1282,40.79
AfCgsI1TRoI,3.1342,128.24,128.57,32.9,3.2164,-0.0822,48.88
uDmMgkSxLJk,3.019,77.24,204.73,31.88,2.5185,0.5005,62.92
mD2d-J1kmfY,3.1399,133.61,135.82,29.14,2.9924,0.1475,50.6
RqeMfTmslrk,3.1351,155.6,129.91,38.68,3.1515,-0.0164,123.35
1bS8CeUBHdk,2.8019,149.76,157.49,34.5,2.2762,0.5257,63.15
zUOWAuholF4,3.0957,142.01,136.27,35.12,1.7186,1.3771,67.64
Pr3OgCd7RK0,2.668,75.35,124.44,25.01,2.4238,0.2442,-7.29
FsVqUCwH3EQ,0.5868,32.82,215.81,33.67,0.9915,-0.4047,11.35
vpTnXc6zgMg,0.5868,46.08,212.11,42.17,0.9915,-0.4047,25.59
3oDZdbA21rk,3.1365,127.75,79.31,64.93,2.2137,0.9227,55.97
7-Tr-OoUbX4,0.5868,40.7,211.91,38.86,0.9915,-0.4047,19.9
PRZxQjpIApE,0.5868,46.39,211.35,42.34,0.9915,-0.4047,25.92
bRVRsOOi2J8,0.6521,46.24,211.32,43.39,0.9918,-0.3397,25.8
ejd7HhPMZiA,0.6603,43.53,211.6,41.75,0.9915,-0.3312,22.94
ItOQDEDTJ38,0.6491,45.92,212.02,43.11,0.9919,-0.3428,25.47
8hFtw-SLSLY,0.657,45.91,211.63,43.15,0.99,-0.333,25.45
UBC7PFjDsuA,0.6743,37.65,212.83,38.03,0.9903,-0.3159,16.52
WoBoH86SvDI,2.3673,84.77,220.6,47.21,2.3987,-0.0314,4.94
iYBgpmxic0k,,,,,2.724,,
DDGQpKkHWp0,0.4247,61.28,147.86,17.41,1.3399,-0.9152,-21.26
G58_02YjGiA,1.8774,112.95,125.16,16.86,1.4819,0.3955,-14.55
HkBZ3eKRc4M,2.8482,70.09,104.14,31.1,2.9138,-0.0656,8.21
M9SXFtEv-OI,2.9779,155.59,144.59,41.11,2.114,0.8638,36.55
hVxVdsG8uzE,2.9068,93.62,102.36,38.46,3.03,-0.1232,31.53
Qd9_HYtJ6ho,2.4212,90.9,112.44,21.09,2.8299,-0.4087,47.87
WITW-Q9woLM,2.7487,85.44,101.07,19.73,1.8926,0.856,25.46
NJet67VWFXA,2.6925,104.18,128.41,19.06,1.6397,1.0529,57.82
B9mbl4HvWK0,1.9126,96.59,114.41,21.21,3.4484,-1.5358,-2.45
SGtS-BLU4D4,2.8109,119.33,124.23,42.49,2.2957,0.5152,20.44
neac5D4mzQY,3.0596,100.69,133.34,27.12,2.9548,0.1048,43.23
tWBfFrvF1iM,,,,,1.0357,,
BTEtvcecGdE,,,,,1.1657,,
QTA-CzQ9LZg,,,,,2.9272,,
dWf6CmUWW5s,,,,,1.3257,,
M7wPbjysyJA,1.5482,35.56,147.56,26.97,2.09,-0.5419,-19.02
CrevQJBkvig,1.718,74.42,181.71,37.95,1.9632,-0.2453,41.74
XxtcRC6ZTOw,1.8814,75.11,175.34,46.85,2.3881,-0.5066,35.54
PezzuDm75Zs,2.6729,118.37,133.11,41.18,3.1311,-0.4582,-10.1
VTcnk9UnJJE,2.747,3.16,220.28,31.88,1.3692,1.3778,-29.86
600y9dtoWEo,0.692,15.27,229.2,13.24,1.5352,-0.8432,-26.41
lWGMBIFbX_k,0.6042,52.52,181.64,19.53,1.9194,-1.3151,3.58
lpSHlP1VDKw,0.8655,43.24,191.6,12.65,1.4507,-0.5852,-28.19
PP0sFfj-ZkQ,-0.0,16.33,58.08,19.6,1.5171,-1.5171,-76.85
qDgxtqnVLhE,3.1204,66.04,162.36,27.91,3.1286,-0.0082,5.95
oXGrXhipi54,2.892,153.91,157.11,57.37,1.5208,1.3713,33.06
u1jU-ad7r2g,2.9717,176.03,159.26,41.38,0.8035,2.1682,9.62
caBZsh9ulME,2.8765,133.2,184.84,44.77,2.1616,0.7149,70.51
QCbAmSjP_PU,0.4457,55.54,203.39,8.18,2.7882,-2.3425,32.14
OyVyQCQ8LM0,0.3598,47.27,222.79,1.93,0.6186,-0.2588,9.18
J7YjoqBobDk,2.4782,118.99,221.69,32.37,3.042,-0.5638,57.27
qOJCQtoAHyg,3.2242,140.33,195.76,44.48,1.5174,1.7069,57.45
qG4p2VjKrt4,2.7349,130.24,195.96,40.7,1.5383,1.1967,18.02
HnuD_UGDNW8,2.4257,111.38,217.43,33.0,2.709,-0.2833,33.18
dVWjza4mi3I,2.3514,132.91,223.97,31.02,0.6134,1.738,-15.14
yozbm22kwjk,2.2392,123.73,118.82,26.39,2.9059,-0.6666,28.28
UUiHYGMd2-c,2.3582,142.81,105.14,28.56,3.1733,-0.8151,16.24
YSQTllZvJFA,1.6594,131.61,93.1,12.53,3.1402,-1.4807,0.88
1yiKCJg-x5A,2.4251,129.58,113.15,17.41,3.0168,-0.5917,29.43
0D1i2H9KNbI,2.883,100.26,63.47,19.49,2.7674,0.1156,5.21
WaWA46trG6I,1.7394,150.66,93.83,17.11,2.6793,-0.94,44.39
56Tfd9aAcIE,3.1562,91.8,75.33,24.52,1.9796,1.1765,-21.2
ojdv4kcEXPU,1.8825,164.02,106.46,14.36,3.1902,-1.3076,49.62
aaE_PEecIh8,2.9507,79.91,80.11,22.65,3.2635,-0.3129,-22.77
IfRD_vVx0OI,2.2703,130.25,95.91,18.16,2.7676,-0.4973,42.22
IlTvDqk5oH8,1.8656,171.61,139.74,34.82,2.1884,-0.3228,48.93
U4px3SPM41o,2.0313,50.0,139.85,26.93,2.7074,-0.6762,4.26
tgTKmW8G8jI,3.1579,54.38,154.47,36.04,0.939,2.2188,28.4
DIdfceGELU0,0.9899,93.41,164.81,22.29,2.6952,-1.7053,57.03
p1QIU3RyuDk,0.0052,22.63,235.21,24.69,1.0497,-1.0445,12.28
2c4Dhd-RkvI,0.6043,123.0,193.95,19.31,1.9297,-1.3254,-14.96
Qu83apXUnOY,1.6856,17.84,167.29,32.44,1.9723,-0.2867,3.68
Fq1PLJx1THM,2.6345,22.21,95.29,24.04,2.5737,0.0607,-61.03
npERMLIUYNI,0.6775,89.58,183.87,5.4,1.2866,-0.6091,59.19
KhTfIzEd_qU,,,,,2.7837,,
yXj0lt3qu0U,2.7019,51.12,125.13,32.65,3.1543,-0.4524,-7.97
MJDtveAviLA,,,,,3.0598,,
hTwkMZ4Uwdw,2.1862,57.38,155.05,26.06,2.0724,0.1138,-17.47
LzvD8nzyRvc,2.3797,88.61,154.75,28.67,2.5204,-0.1407,13.3
dMInqiqohQE,2.0245,62.29,143.07,17.7,1.881,0.1435,-31.79
SjwDYXQZUVc,2.6529,49.6,122.94,50.02,1.9354,0.7175,-10.7
ZOBVo2pCZm8,2.2161,36.0,152.21,41.41,2.7309,-0.5148,19.87
IK64t4tuGQY,2.7973,60.67,125.54,22.84,3.3686,-0.5713,-5.27
2lMHcVVxg3Y,1.9096,69.6,163.92,24.39,2.3555,-0.4459,-3.56
C6zvYAarg1w,2.7245,51.79,166.18,33.18,2.882,-0.1575,-7.12
5PG_epZLie8,1.0646,86.93,157.03,11.21,1.4926,-0.428,-30.73
A_sl7dVgjFY,2.5919,19.04,125.26,15.29,2.6244,-0.0325,-2.09
6ME36rpgDRc,2.053,78.09,177.2,27.89,2.1103,-0.0573,-9.42
wURl9tSShbM,2.1033,88.56,153.17,67.55,1.7162,0.3872,-25.02
R-owQFo8NoY,2.9348,52.44,165.07,44.43,2.7496,0.1851,-6.0
4xXTAbwKVoM,2.1755,64.72,139.98,27.0,1.5451,0.6303,-6.45
Im0oFH-oNuc,2.3049,60.99,171.84,13.76,2.7987,-0.4937,2.61
E4LQhAbx3uk,3.2995,78.55,123.11,49.9,2.523,0.7765,9.28
FJy6A_VkjyA,1.5627,56.21,148.56,33.43,1.8842,-0.3215,-2.77
5jMPuj5WKSo,2.9226,14.02,79.81,24.13,1.9991,0.9235,-11.35
sartdcJO08I,1.821,58.68,198.87,40.39,3.4787,-1.6577,13.88
I2TiByTPPyA,2.1604,112.98,167.6,74.14,2.2701,-0.1097,-25.13
uzVGT-ASYRI,2.6049,71.51,156.66,27.49,1.9717,0.6332,49.79
BsVrXtHhTbw,2.5413,84.69,141.85,35.24,2.8747,-0.3335,84.59
BQbJKuBY7Ds,2.4475,76.41,163.59,27.97,1.3796,1.0679,59.85
9aNTuSA8mFs,2.8373,118.6,97.36,33.58,3.1248,-0.2875,117.75
USZV3L2AN-s,2.1296,69.75,173.2,35.06,0.0,2.1296,69.74
E9IIzzpdJiY,2.5112,48.76,156.23,34.33,2.6618,-0.1506,11.47
bGgG5Hqb1nE,3.4255,84.49,121.12,61.59,3.089,0.3365,21.89
Kl7gCqvwYyg,1.499,25.15,190.89,57.7,2.6128,-1.1139,5.69
9NYjbPJWOSE,,,,,2.3896,,
ycx_R4warzE,3.2497,84.5,130.63,30.69,2.3696,0.8802,19.91
kULUuFWigSQ,,,,,1.957,,
KRMxCI592o0,3.4096,81.72,154.76,37.6,3.8058,-0.3962,1.31
A-tK-6SqBDY,2.504,55.85,206.17,40.23,1.839,0.6649,24.39
N-UQQAT9bj8,2.908,140.63,104.25,27.18,2.1809,0.7271,-4.09
auZyRIX5AmU,1.2493,37.86,210.76,49.54,1.6503,-0.401,31.59
1qCBMjV3Jb8,2.7343,62.97,137.54,40.69,2.6318,0.1025,2.01
EFdfBLw3ezM,2.6136,104.24,136.6,35.58,1.8916,0.722,-62.98
ZH2Mzs3x6bY,3.0339,142.97,114.31,31.53,2.4869,0.547,-15.56
ykYbkRUirWk,3.3077,151.02,133.27,63.53,2.7889,0.5187,12.63
lj4Fo6agcZs,3.4739,116.6,132.9,35.55,3.0163,0.4576,-20.58
hy8ugca3978,1.7026,83.78,188.36,25.23,0.5512,1.1514,-41.4
6dhgHkTRJ-E,2.812,82.3,132.89,26.86,2.6365,0.1755,56.78
uKN0ClCKfPI,3.3275,75.82,120.45,34.62,3.0,0.3275,1.07
dywaddm3HW8,3.1035,140.13,82.09,50.77,2.2523,0.8512,4.47
xM5P98246-k,3.1089,112.62,84.38,34.77,2.5606,0.5483,44.2
JMaTdPSoIV4,3.3571,91.85,85.76,23.75,2.1129,1.2442,-56.03
0EgHV6O2fNo,3.3072,103.66,89.31,35.34,1.9949,1.3123,-7.31
l6OFinrSn34,2.927,81.37,102.34,30.0,2.6363,0.2907,-15.98
J43IVMuFEy0,3.1454,116.78,98.13,38.79,1.7579,1.3875,26.85
ceK1q1bDgDc,2.7535,95.86,106.29,18.75,2.5359,0.2177,20.92
aICB8uZKSEs,2.6353,82.66,91.16,17.42,1.9908,0.6445,-24.89
Zy7iD8siEeo,3.0087,91.21,86.99,31.29,2.43,0.5787,13.16
A8LpXYLa4hM,1.4362,154.69,180.22,20.39,2.6849,-1.2487,90.73
BZRlAIAVtEw,1.8555,105.84,165.62,32.59,2.6144,-0.7589,68.72
FkQaF8xi2Wg,2.573,67.24,155.97,64.64,2.6146,-0.0416,11.69
XaNgadXXATY,2.7834,17.77,196.54,26.65,2.9993,-0.2159,-25.47
h9C_ZPBuyW0,3.6309,106.97,190.47,45.5,3.0124,0.6185,81.17
jKqDHMN7ufU,1.4472,107.21,112.48,14.47,2.8373,-1.3901,85.52
hUMf7KRXNHQ,2.9958,161.53,85.64,29.62,2.5613,0.4344,64.0
OkMMdtywK8c,3.2203,120.28,106.68,45.63,3.1552,0.0651,52.09
tOSTvkqOlXc,2.1834,232.57,223.83,38.38,3.2189,-1.0355,95.01
waYanoLN-hI,2.1454,235.57,218.28,32.67,2.5686,-0.4232,79.69
QJUhDFXWO5Y,2.2403,92.11,185.48,58.76,2.9464,-0.7061,-88.38
p1sALQDieGA,3.0183,192.18,212.88,46.62,3.4832,-0.4649,34.95
xwjPeUdS9mU,2.7368,120.38,134.84,49.24,3.4505,-0.7137,-27.57
tarTpfUlHhI,2.6859,188.08,225.99,31.39,2.8825,-0.1966,45.54
TwspAnZMPDs,3.2339,121.46,210.15,37.96,3.0777,0.1562,-36.95
fS0DsqZnOxI,2.8154,113.67,173.38,33.97,3.2677,-0.4523,-17.87
XIOHnmjbxEQ,1.9178,166.27,218.37,37.78,2.6561,-0.7383,37.25
XOLlhBObJMM,2.7173,103.91,130.71,44.66,3.3885,-0.6712,-31.59
FXeTdHAYlU4,3.5861,92.51,37.2,24.23,2.8977,0.6884,32.25
kCgIup4gMhU,2.6382,78.23,120.47,24.2,2.577,0.0612,-11.2
WVGFQhQOhlA,2.8422,121.34,124.6,43.8,2.9904,-0.1482,39.98
0JRzV8Ubopg,1.743,21.76,131.97,15.46,1.9197,-0.1767,-2.78
DU8maIsOYC4,1.8091,141.65,139.19,13.88,2.2304,-0.4213,43.57
5Qaxc42Z3Tk,3.4246,87.43,61.48,25.51,1.4923,1.9323,26.53
zxVH4nWqc-A,1.6855,124.76,129.14,14.6,2.684,-0.9985,27.5
i8haw6AP89w,3.4736,76.8,105.92,36.43,2.6672,0.8064,18.0
VhYkvqM1yiU,2.8266,67.02,105.25,21.15,3.092,-0.2654,5.63
aUPu8gwwMgc,1.9882,117.36,176.09,26.03,1.7805,0.2078,-27.88
hHgzMFm2jIw,2.1981,151.01,145.04,20.41,1.352,0.8461,-22.38
0JRp7o7J_CE,2.0792,75.77,188.14,53.54,1.5675,0.5117,-23.41
CRAC4ZTc3Ww,1.9429,65.67,140.52,45.86,2.3052,-0.3623,-36.35
GyCtPkqQCZU,0.0,0.0,36.26,-0.0,0.0,0.0,0.0
grTPBOH6jgo,2.4033,73.15,152.62,27.64,1.3207,1.0826,-49.68
ZvsQo4fFVys,2.3072,106.23,108.86,29.03,2.2997,0.0076,-30.73
71IVo4ukvPk,1.579,172.17,90.11,12.48,1.4898,0.0892,-24.64
XG0eDzNfAB4,2.4113,88.52,148.4,46.52,1.5087,0.9026,-29.87
V7BPZk5pe1M,2.5538,55.22,139.32,24.95,1.2875,1.2663,54.37
fuXzy_Qa5Bg,2.8493,158.14,124.15,38.97,2.2275,0.6217,107.19
zwyMqVLjcLM,3.2315,171.72,104.69,37.13,2.0583,1.1732,78.74
WG6ab7k9CUo,3.1788,152.76,89.75,33.15,1.7623,1.4164,62.62
nR_iXyzRyuk,3.3407,160.86,111.81,38.67,2.1823,1.1584,61.3
BfbKs_fP_ZM,3.437,158.79,97.77,50.11,2.6213,0.8157,101.5
oXTqwwi2SAU,3.2391,149.92,88.25,43.74,2.5825,0.6566,100.75
3-WkF_mQ1UA,3.1891,184.88,75.23,31.3,1.0967,2.0924,62.65
FtJp3Sl0qbI,3.3277,146.34,100.9,40.45,2.4031,0.9246,113.33
lQK_QG2Ustc,3.1116,157.74,102.46,34.72,1.1812,1.9304,69.97
f1EJBndtBRs,3.2327,143.13,113.08,37.63,2.1977,1.0351,81.89
FiiDKNrqRbo,2.6388,135.15,121.18,20.39,1.8596,0.7792,19.1
8w6WKTo-tZM,1.5937,100.09,209.09,14.28,0.5237,1.0701,46.3
9lnR7lNO8pA,1.253,35.84,161.46,36.43,0.724,0.529,24.85
v1FksycfAFE,2.8864,43.11,122.77,43.36,2.1905,0.6959,-54.97
dW8sjplY858,2.8129,176.29,120.89,54.04,2.7624,0.0505,50.82
VdjdgR8vPhA,2.6934,127.13,148.39,54.49,3.1711,-0.4777,59.34
BsXxrluhHPs,2.4426,170.11,161.96,15.5,3.2185,-0.7758,61.4
xo9Oh0uHWp4,2.4635,125.81,180.83,17.18,3.2157,-0.7522,41.39
_454XhyCL88,3.1361,98.69,74.36,29.37,3.2368,-0.1008,28.33
-dJjuKtLQkk,3.517,138.74,135.16,41.49,2.6459,0.8712,64.6
DTTFj-cL1kU,1.3968,50.01,236.64,29.59,1.493,-0.0962,35.91
WfCKcchxaRQ,1.735,89.99,230.7,48.32,1.0889,0.6461,22.54
Sj8xrz_fXCE,2.3675,92.81,92.83,36.17,2.9313,-0.5638,49.94
Zc_E__WwHp4,0.7279,13.98,166.71,10.6,1.6712,-0.9433,-16.15
iPNO8elc-js,2.3343,55.81,132.61,14.46,2.9904,-0.6561,7.08
pW_cGQtuJQ8,1.7307,35.52,189.68,14.27,2.5175,-0.7867,23.65
xTB5LrQ_sw0,0.3469,9.11,206.98,11.42,1.5561,-1.2092,-78.04
YXOsIF5riAk,1.2478,75.44,229.51,5.38,1.1392,0.1086,5.6
9u2vP2jnbyA,1.209,54.1,193.99,16.64,2.3152,-1.1062,-81.26
pjKAanAWP8g,0.9723,83.19,237.21,30.75,1.9022,-0.9299,40.13
sfTUzobhawI,2.9969,103.74,126.69,35.74,2.6181,0.3788,-15.63
5HGvAFIVPIU,2.2916,80.95,114.58,35.4,2.1341,0.1575,26.91
MiIdw99WV4o,1.2194,16.43,173.73,23.6,1.7438,-0.5244,-24.27
_7QaTcN9gig,2.1168,111.59,154.84,32.35,3.0477,-0.9309,74.27
5xX8joAqoiM,1.5615,83.6,158.33,26.95,2.959,-1.3976,59.36
WE-ZkIz7eOA,2.6261,42.1,111.65,27.67,1.7574,0.8687,-13.14
kIjymYS68Ps,2.2018,66.29,159.93,21.68,2.7638,-0.562,-6.79
gVry0VNjOIM,2.5485,71.48,157.42,23.24,2.6538,-0.1053,-7.21
EVU4meKQoMs,2.7505,77.14,162.65,56.68,2.4099,0.3406,-1.88
TQscSKKNWno,2.3403,78.37,163.4,28.27,2.52,-0.1797,5.86
D3jnlvt77_0,2.4997,69.32,160.08,21.88,2.6652,-0.1655,-7.44
GAQavEkWD-g,2.4884,163.24,102.77,20.43,1.2722,1.2163,48.82
ZCUZAjG8QGA,3.4395,145.26,92.1,28.56,3.1392,0.3002,40.66
aAIHXhP9dFY,3.2121,133.26,101.56,28.4,3.2686,-0.0565,48.05
-mcOIDllqKo,3.1976,186.02,107.25,44.17,2.2014,0.9962,55.94
Hx6ZjsvwMjA,2.7243,159.76,102.45,34.02,1.9179,0.8064,10.3
c5DG_zYW7go,2.5751,157.51,120.52,19.84,1.5285,1.0466,25.42
TmRhD5H1VYo,1.288,108.47,62.09,15.14,1.0215,0.2664,-72.78
FtQ8jDXz8-0,0.8106,89.04,176.13,6.03,2.9306,-2.12,61.65
wtaV9--EWi8,2.5803,151.73,179.03,45.79,2.0892,0.4911,7.31
91805E9y-f4,1.9228,23.76,198.12,34.57,2.8431,-0.9203,-29.03
wHDgjCF8fbY,1.9265,23.05,194.12,35.07,2.8483,-0.9218,-33.18
QdMyZx7FXww,1.9193,21.15,192.19,31.55,2.841,-0.9217,-34.77
mAEe4NYUl9M,1.9281,22.0,196.39,31.61,2.8483,-0.9202,-37.87
MH1MYgce4fw,2.0773,20.62,195.86,32.35,2.8859,-0.8087,-47.23
jbhhkPZVbuc,1.9233,21.23,195.55,33.04,2.7721,-0.8488,-48.9
msrXUkollEo,3.4644,68.62,141.55,43.34,2.6167,0.8478,-30.35
ReVLrIlRCZ8,3.1991,75.25,136.26,40.18,2.6799,0.5192,-16.05
zyTj-uWaC8g,1.9198,21.85,192.89,33.05,2.8054,-0.8857,-40.18
Msnu659k-xU,2.0523,20.81,192.97,32.92,2.8173,-0.7651,-44.91
ScTP9nV0Bt8,2.8681,85.95,84.52,33.74,2.7166,0.1515,-9.03
GE-540B_lck,3.0006,91.04,94.53,43.94,2.2802,0.7204,-27.4
Y1ESyI7hxa4,2.798,94.5,183.06,32.07,1.7719,1.0262,64.39
0DIvZIy98bo,3.507,138.37,157.74,47.0,2.9101,0.5969,42.11
coEa14L7vak,2.8242,118.97,168.34,29.42,1.9275,0.8967,45.45
7jnQ9xmPing,3.0813,104.83,172.58,34.11,2.2869,0.7944,56.91
9uh8vTG3urY,3.3968,112.59,182.43,44.05,3.18,0.2168,23.75
wON9xOVY6u8,2.6947,95.51,191.58,30.27,1.1162,1.5785,46.01
meSCyhzWh-I,2.9604,101.13,164.63,35.57,1.5738,1.3866,55.81
e5aOyotkOUg,2.9178,126.23,161.72,36.73,2.0816,0.8362,14.9
TQUCo3Dvn9k,3.0295,110.18,169.49,34.04,2.2725,0.7571,41.28
ecfoqLQLztQ,3.4997,115.98,153.95,57.21,3.42,0.0797,15.84
piPyYG53PT4,2.8076,39.62,142.59,39.88,3.2528,-0.4452,-35.88
SjWANMqpP8A,,,,,1.8983,,
iavVylrSgdM,,,,,1.4781,,
Ne7ai5L2cMs,2.6929,40.92,141.45,24.04,2.5597,0.1332,-38.09
zFxxiuH4yYY,2.8265,54.3,141.56,55.79,2.8498,-0.0233,-31.94
x7Vlc5c4pTU,2.6965,63.23,144.52,56.61,2.7001,-0.0036,-13.56
6VDEeu62row,3.3853,184.06,120.35,37.31,2.6038,0.7815,81.26
pqKyFLH7j24,3.3525,145.47,115.52,32.93,2.9437,0.4089,68.59
flApGstyMZY,3.5606,157.02,122.43,35.73,3.1469,0.4138,38.78
FZJidpn3N7k,3.2989,163.18,129.81,32.97,2.8001,0.4988,67.27
nOwbthAgPes,3.4854,147.18,107.88,35.92,2.8024,0.683,54.05
-WzbDIDGK1w,3.2576,154.28,116.39,30.6,2.9883,0.2693,39.2
_EH9EdcBzmQ,3.2784,147.84,111.55,32.88,2.5773,0.701,47.19
btdx7S4HRzE,3.37,155.45,117.34,37.75,2.6064,0.7637,55.02
5lCOeqpYdkw,2.6688,133.29,142.36,30.17,2.2474,0.4214,49.14
vRqGY5Xcdd8,3.5378,151.88,119.25,34.28,2.3849,1.1528,83.78
x8SXqwJOO6M,3.514,154.49,118.7,37.74,2.953,0.5609,98.35
ob2LwHTH5N0,3.4938,147.92,114.3,30.94,2.3803,1.1135,83.58
CNDs-HRVqtY,3.3685,170.11,121.9,36.64,2.2295,1.139,130.8
5YlFSVC7AOU,3.5098,157.89,116.86,35.29,2.0672,1.4426,84.79
kOXo8b6vFow,3.2724,149.71,162.13,29.89,1.5049,1.7675,85.35
E8nFg5fs1xY,3.3504,166.95,128.88,28.4,2.732,0.6184,62.34
qwNmRLX0AyY,3.4255,163.56,120.02,31.71,2.5296,0.896,113.38
0Th814C-GpQ,3.5089,158.53,129.5,46.43,1.9383,1.5706,98.87
OyqSQoxUMyg,3.0118,79.2,130.28,56.08,2.2339,0.7778,4.17
7lUMgxU7qn4,2.4019,56.47,124.78,38.42,2.0172,0.3847,3.43
aeMZn8bN5tA,2.6749,98.85,165.89,24.83,2.105,0.5699,-39.7
WqbDsq3Ef2Y,2.8983,179.57,108.39,26.94,2.8021,0.0962,72.13
ebZJN-jkUbw,1.9107,62.92,118.45,13.98,2.5944,-0.6837,-16.7
ZtYGsCdrQaM,2.328,103.44,157.85,27.7,2.72,-0.392,-1.55
h023ggUkk4Y,2.3371,119.25,134.65,50.83,2.1173,0.2199,2.73
P-ORYoMVpQA,1.5855,64.02,129.88,14.61,2.1741,-0.5885,-26.03
9Ru_VMZ3wuY,1.4248,88.32,152.61,17.49,2.3613,-0.9364,-23.97
2IV9ouWzwAw,1.656,96.51,153.15,17.15,2.5845,-0.9285,8.96
GXlpU1uF8Wc,1.2013,109.45,165.64,18.48,3.0085,-1.8072,18.87
K8_XDE5nKK4,1.1718,91.12,155.73,16.71,2.9467,-1.7749,10.6
uQNkpJVXcSs,1.8528,108.75,171.43,34.32,2.6844,-0.8316,-7.86
5CpEgJ1kv5Q,1.5557,130.76,173.74,18.61,2.3034,-0.7476,1.28
hiHtGwAQsBI,2.5736,75.07,174.97,49.63,2.8505,-0.2769,33.54
jef8V8gFitk,2.2206,200.98,57.98,41.86,1.2667,0.9539,28.87
HiqHSWae5JY,2.5661,96.87,169.14,31.62,2.8124,-0.2463,38.49
jK8h48wHpds,2.3933,25.82,125.22,31.24,1.1691,1.2241,-6.56
X6uwHpz4k7c,2.2646,100.47,201.5,30.78,2.4429,-0.1783,-2.76
r1GMR-tNDvY,2.9466,109.92,126.04,49.13,1.7815,1.1651,60.02
pEwRnxgGDM0,2.8681,129.0,131.17,29.7,3.0939,-0.2259,79.37
tAmt3bfzOFs,3.0456,101.36,120.91,37.16,2.5598,0.4858,10.05
AliefUtud14,2.9311,101.23,106.63,29.81,2.5051,0.4261,41.36
lv1S6YwTv3w,2.8625,99.81,126.49,24.47,2.1311,0.7313,13.76
Fii75l4Mvzg,2.9822,165.88,114.63,43.81,0.7878,2.1944,100.3
nl2AI2VXuDc,0.6421,68.88,213.71,14.3,0.9978,-0.3557,-25.56
XRprgg-KW98,3.0473,79.33,92.94,40.5,2.4995,0.5479,-6.36
sCka99GiF0k,2.9474,95.54,107.49,56.19,2.4674,0.4799,-28.77
U9M2hujJ_x4,1.8891,45.47,183.95,19.85,1.5164,0.3727,-4.45
kBPWcXvdlpk,2.4942,52.14,187.02,25.38,1.1916,1.3026,-15.77
YkRHQn8S8zE,1.2148,47.57,157.96,38.74,2.1832,-0.9684,-2.39
GoUsOOo8-ZU,1.778,153.87,133.12,43.88,2.5386,-0.7605,15.58
QpdzNwdlsho,2.3857,90.44,102.47,20.76,1.9849,0.4008,-45.88
gjsf5EYkfAc,2.0691,150.03,190.93,48.01,1.8853,0.1838,24.37
WfINHQKyJOk,1.0952,130.95,169.48,16.2,1.0615,0.0337,-33.43
bupDdBYQU-U,3.0125,101.98,164.73,40.04,2.719,0.2935,-29.41
WrE6SViPqiE,0.7173,52.82,205.31,16.64,2.6775,-1.9602,10.58
EPzzzkjYSQ8,2.9301,22.36,151.3,29.4,2.7069,0.2232,-34.8
NeQfV9VZBi4,2.4471,42.45,132.12,26.98,1.5673,0.8798,-34.93
JaGkbC_QF8A,2.4734,29.58,133.47,20.41,1.6801,0.7933,20.61
SoSwMPLBlM4,2.7729,28.81,129.23,24.89,1.7314,1.0415,18.75
HODoBSweSj0,2.8937,146.31,132.94,60.06,2.4217,0.4721,55.07
KhXKG_6mB_o,1.1142,122.37,207.43,39.93,1.2924,-0.1782,79.24
qKAV-T3yzRU,3.0934,136.33,150.91,40.0,2.5199,0.5735,91.56
xhbiWBPkHcE,3.0451,104.63,143.6,32.0,1.7444,1.3006,59.41
TLDdVmkJ34s,3.0403,123.6,144.86,35.72,1.3202,1.7201,76.39
HpkvofVXWak,3.3187,120.65,146.8,43.28,2.3058,1.0128,79.12
xw_x3oR2Nuw,2.9592,128.82,150.9,37.86,2.4302,0.529,91.81
cI0N0_lXPZI,3.1768,125.3,146.72,33.49,1.8715,1.3053,80.83
3mEllxZyOUI,3.3301,124.7,144.04,39.47,2.7046,0.6256,68.78
DvcygTKC3Hc,3.0476,119.78,151.3,33.63,1.7311,1.3165,86.92
5dYXZkfD1Uc,3.1531,101.52,144.58,30.46,2.2712,0.882,39.79
FjVX_uvpyWA,3.2621,107.99,152.17,35.3,2.0962,1.1659,72.75
-ZQNUD8Pobc,2.9445,183.39,103.55,26.4,2.662,0.2826,70.81
GzI5HfwhAfM,2.5585,180.99,144.19,25.0,2.5459,0.0126,100.69
5yltpggOjNo,2.9996,70.32,119.48,22.4,2.7884,0.2112,-13.93
VxWqRi4dpOo,2.3893,179.4,135.46,25.08,2.7586,-0.3693,30.89
xORnpIdP3Qg,1.2231,208.95,189.12,5.09,2.836,-1.6129,94.07
YjUiag8R0_A,2.4625,87.99,177.14,43.41,2.8671,-0.4046,28.13
um6yCrOyIV0,2.8731,102.18,121.39,19.54,2.0079,0.8651,-11.54
L-Zax2IgMJM,3.1518,82.77,116.24,39.66,3.2495,-0.0977,48.99
kpQj4NR9aKQ,2.0546,30.08,177.16,11.35,1.2753,0.7794,16.01
iFF_Jp3XfYA,1.1964,24.33,193.34,15.65,1.3833,-0.1868,6.27
UD3O5P3wYsg,2.7679,138.36,110.38,26.18,2.0021,0.7658,17.26
_HKLDOmSOag,2.9008,73.84,97.2,31.05,3.1594,-0.2586,18.76
vRgen6qzAto,2.9474,122.71,168.02,40.27,2.608,0.3393,41.18
d-SxY_2zYAA,2.8161,110.14,188.93,34.18,2.5484,0.2677,52.78
28FiY8My34Y,2.6565,114.26,151.91,51.0,2.5979,0.0586,34.1
DoKGuG6pPLI,2.5804,125.25,159.8,50.66,2.3838,0.1966,74.61
mjKWkQ4vGc4,2.536,141.08,149.63,25.97,1.5801,0.9559,32.41
PaRFAqDf0-g,2.6691,109.3,176.75,46.41,2.8973,-0.2282,55.5
uI0FiIfqXb0,2.7056,132.06,185.79,44.16,2.0304,0.6752,45.79
6ITLKvhSjok,2.9562,123.97,150.48,51.31,3.2479,-0.2917,47.39
zFJDZPaIoPs,3.3558,168.54,141.53,51.69,3.387,-0.0312,24.3
0ELDu0NYrlk,,,,,0.0,,
wzZHxtvjCs8,1.656,67.87,117.88,11.53,0.6749,0.9811,65.14
i5ZNcV27d44,2.6614,177.94,103.05,22.34,2.2458,0.4155,59.82
nUQQ_2-bY4U,2.3944,175.37,110.53,37.17,0.5448,1.8496,15.88
36XSUkqh1QI,2.3867,124.52,120.96,19.92,0.0849,2.3017,49.61
FNXFYTIXxdw,2.6288,142.99,133.44,43.61,1.4704,1.1583,98.56
v9Xqr0x3qjg,2.5031,121.39,131.91,48.04,1.3315,1.1716,-36.28
EwqPkTkOX1I,,,,,1.6605,,
N8g2mjk53q4,2.4783,146.73,169.47,51.34,1.5946,0.8837,-17.35
xnaucNjdfp0,,,,,0.0,,
hQRQWyK3OXE,2.715,116.24,53.05,22.59,2.9943,-0.2792,70.1
FfRSJ34jnUY,2.9065,81.05,158.89,25.68,3.4531,-0.5466,16.37
FbaxMZDDHJw,,,,,3.3638,,
s_s5rIK3cy0,,,,,2.3994,,
WMqq_mx-Kzw,2.4353,21.11,165.4,35.55,2.4675,-0.0322,-35.76
la1SsLUX2og,3.6257,106.65,132.55,52.03,2.5518,1.0739,26.57
Iz0bOTZrnhM,2.4169,71.95,182.76,39.28,3.6086,-1.1917,2.96
0kfoTaeJwq0,3.1351,111.4,159.33,44.04,1.9532,1.1818,33.26
XzO9WvZNggw,3.1618,109.84,149.69,32.32,1.9844,1.1774,43.11
UX82SjZeq5E,3.0439,34.76,170.02,15.82,3.2522,-0.2083,-38.43
GGn6CosM0do,3.4791,93.48,135.2,53.84,3.2235,0.2557,36.59
qzSCfexxuXs,2.6967,98.94,147.27,33.54,2.3465,0.3502,27.4
_XI-iQwNlbc,2.936,87.71,153.85,23.23,2.3223,0.6137,-19.92
RUmbzUj_QFY,3.3463,78.39,123.88,43.84,2.7222,0.624,43.49
RIA11d9XqVo,2.813,119.23,120.46,25.4,2.7579,0.0551,40.87
MUnA_TpvEng,3.1327,91.31,157.95,40.83,2.2852,0.8475,21.65
7B5-nbwa8k4,3.1987,109.59,135.54,29.38,2.2301,0.9686,70.3
cr0eV0LgMUI,,,,,2.1928,,
WIdXXY9CdkI,2.66,75.7,102.82,18.63,2.3691,0.2909,6.27
1wILTRtrooo,,,,,2.1928,,
khqUV2gkoc8,,,,,2.1545,,
bR5-mniJcgE,,,,,2.7931,,
0uCUs1qO1-g,1.2192,91.05,154.94,6.18,1.6103,-0.3911,12.03
tSH17aJe-K4,2.3362,130.28,107.74,23.46,3.0726,-0.7364,64.88
WXne0rBeH6I,,,,,2.7931,,
w5ml583EjKM,,,,,2.7931,,
_uQsBtpgFts,3.1778,119.62,105.75,39.98,3.4426,-0.2648,42.08
kN4NVL9lv7c,3.0336,137.88,154.41,31.82,2.1194,0.9142,49.55
ZbWV3abucFk,2.9667,179.71,131.93,33.49,2.8261,0.1406,110.82
WnRju654xRE,1.8253,84.0,150.56,27.72,1.4456,0.3797,50.19
If2ZVCCa-Y0,3.1031,118.56,115.53,100.83,2.5965,0.5067,77.19
zE1ypgeFdb4,2.8775,170.06,132.03,32.5,3.1305,-0.253,68.77
PPynxxV82mI,3.3194,106.76,122.18,36.56,2.3186,1.0008,67.83
VAmBrkdKXK0,3.2095,107.81,142.91,40.84,2.0783,1.1312,44.0
ejissgumejY,2.9573,63.59,112.98,51.36,2.03,0.9273,10.85
W0rOQ8KiqLs,1.7764,71.0,89.5,11.4,1.8277,-0.0513,37.18
P6hYH2GnXxE,,,,,0.0836,,
F8LXY4DNU-k,2.1794,78.54,192.33,48.69,2.7692,-0.5898,13.7
AmTG5WOmQtw,1.5533,89.37,223.52,29.86,2.9324,-1.3791,4.89
NZ_e76po_bc,2.4771,10.55,161.45,14.11,2.7178,-0.2407,-53.13
svCIS0OgOpg,2.777,74.17,132.58,27.22,2.2646,0.5123,-50.59
yChdTOpgQ8c,2.7085,50.26,91.78,26.37,2.4289,0.2796,4.97
hvxcwxiz8vU,2.7603,97.69,124.44,36.75,3.1307,-0.3704,54.03
lcArbDOUJlE,2.9238,101.39,125.16,44.66,2.3684,0.5554,-11.31
Y037VNV9nbg,3.2518,91.61,93.5,32.66,2.6084,0.6435,-17.64
lfNUuFP7qrA,3.1676,73.0,117.47,56.86,2.9436,0.224,-9.22
qfXFnfGic4s,2.9946,73.85,117.62,28.64,2.08,0.9145,-27.34
cgpNwGoapeo,2.7791,110.1,107.86,30.86,2.6911,0.088,15.13
8YrbyF7INts,2.8531,83.96,113.82,23.41,2.9475,-0.0944,-13.57
eT1c7mtV9xM,2.6551,76.89,126.05,22.74,2.5681,0.087,-12.08
etmfuvcGcT4,2.5715,70.26,137.39,51.49,3.0463,-0.4747,0.63
99oWR8WUhXA,2.191,101.78,123.8,22.95,2.6039,-0.4129,43.15
bH7lZp7eaXU,2.6326,98.08,129.97,25.76,2.3751,0.2575,49.26
Z_gZtap-iX4,2.6701,178.23,122.78,26.53,2.6398,0.0303,99.99
v0AnNdXU5_4,2.6359,47.42,110.53,28.51,2.4086,0.2274,-8.62
hKKMgqtnxMU,2.9212,178.56,122.46,27.78,2.5319,0.3892,68.36
7yUigzM4WNQ,2.6294,140.18,113.04,26.76,3.1622,-0.5328,59.77
zBtlv9J9Ueo,1.5953,131.28,131.87,32.2,2.7185,-1.1232,86.37
KLeoxD2MXS4,2.5478,96.22,112.99,39.23,2.5794,-0.0316,42.5
1xpx0aZ1Cao,2.5231,130.12,117.9,31.76,2.9661,-0.443,32.07
AhGYLNAQ7vE,2.1488,127.46,105.73,44.26,2.5741,-0.4254,69.45
5aoyxpKILFI,1.8483,67.91,134.36,30.44,2.6078,-0.7595,-55.47
gFsJ_9AvAQQ,1.5493,137.49,141.95,6.04,1.2211,0.3281,62.32
KcGRbzISQsc,1.3136,188.22,113.42,5.4,1.1884,0.1252,68.3
_4PZQFopv10,1.0749,238.76,116.23,5.97,0.9581,0.1168,36.85
mQCG5F3YWTU,3.2135,99.6,90.15,33.96,2.032,1.1815,-9.45
2_NoOnUmyrA,2.6801,159.76,119.98,26.18,2.3096,0.3705,64.42
yPWncPw15-U,3.2944,161.16,112.21,28.26,1.6316,1.6628,113.14
ololiKaRPIE,0.9074,130.15,158.41,8.61,0.9794,-0.072,71.54
_uDCLcfYWXg,1.1765,123.64,156.61,21.5,2.6313,-1.4548,70.44
xNLMY5gosGc,1.8302,133.59,135.85,27.49,2.805,-0.9748,56.97
LDUtCOngqyQ,1.402,150.1,137.38,17.09,2.4402,-1.0382,77.48
ZfaOfLkGRyA,1.5269,72.61,218.29,34.53,2.3352,-0.8083,-26.22
dfFFpYatjtI,1.9187,113.2,140.34,27.31,3.2654,-1.3467,57.36
iSahbSLWgqw,1.9634,94.0,161.72,27.01,2.9421,-0.9787,28.5
DoxdZWGYiRQ,3.2774,61.92,77.09,32.52,2.8702,0.4073,9.26
p43_Qck3WdU,2.9314,95.09,136.37,25.56,3.1048,-0.1734,72.39
FXyfrLb4Doc,3.3768,115.43,129.36,45.38,1.604,1.7728,5.22
lLhk27nlG24,3.0586,118.5,102.16,30.62,1.6779,1.3806,-24.82
p9vawXz6kj8,3.2504,105.77,102.88,34.72,2.4263,0.824,14.24
hUFws972vKw,2.9807,108.48,58.22,46.03,3.4582,-0.4774,99.45
s4lqqjEV4uY,3.1199,138.65,56.03,33.92,1.5649,1.555,34.11
zwwyvyxAmoA,2.2693,191.04,144.74,13.5,1.1562,1.1131,28.25
u4zmNJbBw4w,1.784,67.58,178.5,41.21,2.4181,-0.6341,30.6
m1R2nrwrCY8,2.1764,76.57,120.38,20.73,2.4617,-0.2853,11.55
n4bAksUh9TQ,2.1352,82.05,125.93,21.64,1.3364,0.7987,-17.26
9Pwv0WxMpG4,2.3782,82.68,156.07,52.47,2.466,-0.0878,31.08
7N57Q8tnIo8,2.5239,98.1,119.48,27.16,1.6107,0.9133,-11.99
k5nYXIasfag,2.1638,99.23,119.36,25.02,2.6626,-0.4989,12.0
O7m_u_2OvwI,2.7502,87.09,147.89,40.91,2.3956,0.3546,27.32
p9zqL88RraA,2.204,103.93,170.99,62.96,0.6843,1.5197,-6.47
jGrnG-ywPWI,3.3734,121.05,171.54,34.96,0.9596,2.4139,13.11
wNmUZK0aZbo,2.8479,140.27,169.33,40.85,0.7925,2.0554,14.62
s9Xk77f3oUE,2.3085,94.49,193.28,19.84,0.9885,1.32,-4.52
vYIjVxlQN3A,2.5596,91.04,195.74,27.44,0.8033,1.7564,-8.67
k7wA6-XHQAE,2.2246,146.42,178.07,30.65,0.6388,1.5859,33.95
Uln8A2RINKQ,2.17,83.26,190.28,36.99,0.7528,1.4172,-2.01
cLDru3Flk3Q,1.636,75.12,174.37,23.42,1.0362,0.5998,1.27
QByg1Vj0n-U,1.2127,156.63,174.64,14.46,0.7783,0.4344,39.8
iIpaCtn69GQ,2.3511,122.75,181.12,20.95,0.9072,1.4439,17.6
2Ebs_0_8nZE,3.4004,126.81,119.15,43.51,2.7718,0.6286,28.58
aYdyYLTmkwE,3.1216,130.66,133.77,39.2,2.4733,0.6483,-10.61
uV-BInKacqQ,3.548,112.98,165.47,40.1,2.5682,0.9798,39.47
j5cAjwlTckY,3.3566,100.47,135.15,39.81,2.6383,0.7183,17.3
cA36pa5fJKk,3.5295,113.95,93.51,48.8,2.8015,0.728,32.63
Lv8JanqOVl0,3.2618,129.9,114.29,33.68,2.3373,0.9244,26.95
w4ZY6D7PYgM,3.5173,108.17,144.52,51.94,3.1172,0.4001,3.04
ww2RsdtPlE8,3.4818,116.05,125.42,48.11,2.0312,1.4507,-5.24
OfPZtyC_4zA,3.3902,48.07,141.54,53.65,2.422,0.9681,-32.39
i8hrK0Qs6AA,2.7718,21.86,152.71,29.18,2.8415,-0.0698,-27.76
fzRfFycF6Pg,2.5195,12.16,166.14,18.45,2.3126,0.2069,-35.27
Nj-gYj1lCSw,1.5065,21.97,164.43,17.44,2.3845,-0.878,-60.58
q50dvDqHRjE,2.3109,6.12,167.83,19.15,2.3097,0.0012,-65.02
mPCIyEdi59U,2.6841,45.99,132.37,26.28,2.9045,-0.2204,-12.49
p864u6MqmP8,1.1858,19.46,180.24,14.26,1.7011,-0.5153,-10.23
vwI20E3DuzI,1.732,48.59,158.35,22.23,3.7772,-2.0452,-18.4
_xLLP2dMYzA,0.9099,32.81,217.81,16.95,1.5608,-0.6509,-9.85
PXNbY9Aaf3E,0.358,60.4,204.62,27.85,1.1594,-0.8014,-15.93
mkRTkzoYN88,1.7768,13.2,201.36,33.68,2.4231,-0.6463,-10.7
mWX7Yiz8xl4,2.9576,93.68,137.46,46.22,1.2805,1.6771,-42.49
2w23XcfsR0k,2.5377,116.01,199.29,24.7,2.6397,-0.102,4.91
_LhzAyeHxJM,2.313,94.01,186.19,25.39,2.1104,0.2026,23.34
Wu_sBJcmOEY,1.8431,101.97,199.72,17.38,1.6714,0.1717,-5.03
Yf1NI-FHieQ,1.8567,124.49,197.22,14.26,1.5905,0.2662,22.48
DQZ21fyLVkQ,1.3371,63.18,221.61,25.38,2.0396,-0.7024,7.51
kmSJvWI-Frk,1.798,75.58,215.38,20.02,2.3718,-0.5738,11.51
nN_enzixACA,2.2697,95.85,182.48,30.12,1.6805,0.5892,10.39
VHbqD3A3lqY,2.1417,72.87,217.01,23.29,1.9116,0.23,-13.05
-R-D_hxYYNo,2.4832,78.67,207.75,22.73,2.4944,-0.0112,-1.93
P_g3jQXVW9g,1.7888,116.72,175.9,43.87,1.9535,-0.1648,16.88
ezrTDm-z0WI,3.6221,93.9,102.45,58.43,2.8475,0.7746,5.56
bBUg6XqzmVU,2.6996,47.23,113.86,21.65,1.1647,1.5349,7.91
DEIB4x2Nt6s,2.3155,129.19,108.03,16.33,1.8965,0.419,29.89
xzqOnq4u-fc,1.9993,125.43,100.85,14.77,2.1583,-0.159,28.19
sT2C1QEqAkU,3.018,134.95,100.7,25.3,2.5604,0.4576,-2.66
1k3Hnu64_84,2.9285,125.18,98.64,28.72,1.8824,1.046,7.04
nFgDp2VecK0,1.8376,91.25,115.43,16.24,1.607,0.2306,20.79
LPNU3nDSTtY,1.7882,133.75,87.16,12.9,1.3587,0.4295,5.15
6ad9b__-JlU,3.0478,140.03,102.4,36.32,2.4101,0.6378,93.53
t5Xs64Ge5S8,2.9278,139.49,76.55,30.62,2.0933,0.8346,114.29
yjdAOFPZC-o,3.0274,133.82,90.69,35.87,3.2388,-0.2114,106.52
9CmoRW1OTm4,2.981,50.53,117.15,20.17,1.1252,1.8558,43.98
lg3dcDXXttM,2.8812,142.21,69.88,31.13,1.9853,0.8959,116.13
Xod5Qkn_wMU,3.1322,135.14,66.82,29.09,2.3028,0.8294,109.59
aQ6MUnk6Zc0,3.1836,151.19,73.54,32.79,2.6603,0.5233,123.55
ijvZ7vGuUTQ,3.1315,141.05,71.59,30.52,2.393,0.7385,119.64
ijtHsNutKzY,3.2563,143.39,87.41,33.29,2.3812,0.8751,117.82
Y2bgZBtn9Lk,3.1036,80.96,72.48,30.81,1.9427,1.1609,-19.08
-oS9XH4BMmQ,2.9467,83.5,71.57,23.49,1.1841,1.7625,-43.9
su7sH2sN6kM,2.8478,78.16,70.05,39.09,1.2715,1.5763,4.27
3K_71REq0S0,3.083,74.4,69.96,28.43,3.0403,0.0427,2.02
6VueFaMIceU,1.9122,87.77,187.76,30.92,1.3791,0.5331,2.83
aKHOm0dUvPE,3.097,31.28,179.32,38.43,3.0581,0.0389,-13.26
A9TSP2LabVc,2.6653,51.38,196.84,39.52,1.4607,1.2046,-1.95
UikvdWRnfns,1.3721,81.29,194.79,35.79,0.5672,0.8048,17.89
ZI0pFT6IVtA,2.8184,101.58,132.06,24.52,2.5465,0.2719,-57.97
8tFWpUq-SbE,2.8249,154.93,130.96,25.28,2.5747,0.2501,-7.73
gx62SwkK0dI,3.0364,195.25,94.91,26.37,3.1423,-0.1058,70.7
1DXkTt7Izvc,2.9382,136.49,130.27,24.65,3.2494,-0.3112,-11.09
svgAEp9vTs8,2.187,88.24,107.31,14.66,1.0688,1.1182,-38.48
iKoJsmLhGBY,3.1154,62.0,111.24,23.33,1.8688,1.2466,-26.4
DVoWFfRXb68,2.7804,89.35,81.66,23.91,1.7792,1.0012,15.74
DjOzkCbK8bQ,2.6423,90.12,70.63,22.93,2.269,0.3733,11.1
pKfRGcs0Ouw,2.6434,99.05,70.55,20.75,1.1118,1.5316,-10.17
3ShnJO3DUTg,2.6524,116.87,76.65,25.17,1.3391,1.3133,6.39
h4pJDRo7ZZM,2.6972,146.31,79.08,26.05,2.114,0.5832,49.96
8gayxWMcvz4,2.7503,124.56,79.09,23.78,2.2084,0.5419,14.29
eFUZTLlyRSA,2.7581,97.93,79.94,24.03,1.5123,1.2458,-9.26
pvkX1GAjVtg,1.26,68.57,217.68,28.64,1.3951,-0.1351,67.5
qGGsNRFzpCs,0.9835,158.69,154.73,10.09,1.0206,-0.0371,-72.53
iBd6JTJlhXc,2.9777,111.44,68.16,37.76,1.5861,1.3916,-14.21
No-U5xFJPqM,0.6078,145.19,147.84,18.3,1.4537,-0.8459,15.84
qGJwzyI8ykE,1.6297,29.46,79.4,14.35,1.8952,-0.2654,-31.8
RxODpCVYCt8,2.8126,132.97,119.12,48.94,2.7773,0.0353,31.44
C8zsuJLiiRE,2.9552,100.04,109.33,53.95,2.2746,0.6806,-20.1
hqLvmcFv0Ng,2.7582,127.18,127.74,57.93,1.4042,1.3541,2.44
sr7O_SQ4MV8,2.4196,100.6,122.11,25.52,2.7011,-0.2816,34.35
rCd_ZdIVRr0,0.8712,59.64,202.34,40.08,0.6698,0.2013,10.46
DLqT4qoCnYY,0.9809,63.94,104.04,4.9,0.5796,0.4013,29.66
_N0um8gD77c,,,,,0.4289,,
PJ_rNPgIyY0,,,,,0.2442,,
inEtfTFBBrk,,,,,0.4303,,
WeWIMGfFe0w,,,,,2.7359,,
QSvdOyjVAdM,,,,,2.446,,
xtOgkaPdg9M,,,,,3.1595,,
VAAjzpQMMkg,,,,,2.4224,,
lLOsAA_NYzM,,,,,2.1515,,
CQhFtV7F71g,,,,,2.1647,,
9YwDIPtmHCA,,,,,2.2225,,
KDNo-JedDHE,,,,,2.8093,,
WVe6S50hylI,1.8733,60.62,169.7,17.26,3.3114,-1.438,-92.84
Vh3cq4Wg6x0,1.7801,28.56,168.97,32.88,2.3842,-0.6041,-49.65
rprX5fhhSC0,,,,,2.7195,,
8ubfLO4-5dw,3.0513,117.67,113.91,54.82,2.5718,0.4795,64.22
kp5Qf2AjFCQ,2.4802,70.7,96.59,50.72,2.9071,-0.4269,36.54
JaNn5JDxkzI,2.3688,92.54,112.54,31.25,2.8238,-0.455,28.37
6D2RqPPLVqE,2.2907,108.23,119.17,67.06,2.8802,-0.5895,46.9
mTPbv7cOZXc,2.8286,78.27,87.5,62.92,2.6978,0.1308,1.02
PXGz15BxSA0,1.68,161.02,121.99,15.41,2.3173,-0.6373,19.31
lmuIR_rctzY,2.2758,139.86,132.78,26.47,2.0239,0.2519,58.58
EqFdE0Hfk2Q,2.5948,98.92,116.12,43.84,2.6826,-0.0877,30.59
D7mXfzRguU0,2.6838,128.66,122.43,39.36,2.9548,-0.271,25.13
uN-5Wm_5N3E,2.3887,110.08,161.32,24.52,2.3629,0.0258,52.06
TPP8n2xxYsY,2.4088,104.77,133.2,34.76,2.7129,-0.3042,29.76
5CLfkhfsP9c,2.8479,52.24,114.21,25.98,3.0445,-0.1965,3.64
GaYcmDaaEEM,2.858,90.94,123.0,36.04,2.541,0.3171,7.35
nQMybx4q1Ws,2.9909,67.2,121.82,54.63,3.0242,-0.0333,-17.09
m3Sxo-4WgYc,3.5998,206.71,97.37,50.12,2.2681,1.3317,143.77
r_KOG5jK_H8,3.5608,168.04,124.87,73.67,2.6543,0.9064,137.47
yTQzo_b1zCg,3.5683,188.52,120.52,53.66,2.9389,0.6293,135.62
SkpKCt_p7Hw,3.5524,195.34,109.67,48.69,2.4184,1.134,156.53
CLqgWp1QGcA,3.3226,211.22,137.11,47.5,2.5889,0.7338,107.15
4z8Eim1UWqI,3.4386,204.26,128.41,59.14,3.0235,0.4151,153.93
4zJO8ftuKmY,3.3156,201.66,120.38,50.78,2.2293,1.0863,59.8
tKNjie_VDHU,3.2142,206.41,133.75,46.93,1.9216,1.2926,82.57
BNY_UXUTXSU,3.3955,175.33,136.63,56.42,2.5401,0.8554,134.1
rcXIEAse-T8,3.4204,202.52,115.68,48.18,1.4785,1.9419,96.48
PPTlnz6oB9Y,2.2491,197.46,161.48,18.14,2.6318,-0.3827,8.73
lrjWoU1l7F8,2.941,125.73,119.2,35.94,3.037,-0.096,15.75
AORFRekzcrM,0.932,215.3,136.73,24.3,1.5595,-0.6275,10.79
9k3VU9pnVn0,2.441,137.31,81.3,18.56,1.3356,1.1054,-15.19
RkK-dv5LXGU,2.8618,98.43,127.44,32.33,0.9887,1.8731,-10.55
i9GPRBKmto8,1.5194,146.6,129.52,18.25,0.5353,0.9842,-19.49
IncGTd0L93o,3.0872,135.84,109.16,51.81,2.5546,0.5327,73.05
WnW-HP8d2XY,3.4803,124.19,123.55,38.54,3.0973,0.383,62.06
ha7TuTQwpt8,1.4275,63.89,239.08,16.0,2.4256,-0.9981,17.42
mgiRxa1Uw-Q,2.3612,109.47,169.56,21.96,2.2492,0.112,-0.19
Bkbk88q4Arc,2.9677,113.61,107.47,26.15,3.0443,-0.0766,36.82
e6T_oMKbrMs,2.9956,90.94,102.18,40.68,2.6807,0.315,8.01
26-QWakh11I,1.6561,147.06,235.84,12.96,0.6392,1.0169,23.42
6bMR--vqigk,2.8217,107.17,137.39,37.65,2.5077,0.314,35.48
LmeLeeUOMmo,3.0999,134.88,133.73,39.49,3.2113,-0.1114,97.23
KbhVFjBZvc4,1.1569,128.19,205.85,22.22,2.019,-0.8621,3.64
MIGy6VpZ6o4,3.167,151.62,179.45,59.33,2.9496,0.2174,106.02
vN6NghNi3Qs,3.2707,74.62,174.99,60.6,2.9599,0.3108,18.01
5fCDe4x0HC4,2.4756,53.29,98.26,18.04,2.0414,0.4342,-9.28
bEpu2vKZqLU,2.2741,92.55,107.94,35.29,2.2682,0.0059,59.64
QurXRR-ki04,2.6033,110.89,147.37,30.21,2.733,-0.1297,41.52
hIjrmCD7ZEk,2.8157,129.36,84.74,19.31,2.0341,0.7816,6.89
Ok0fU3YcbsM,2.615,83.84,176.6,24.2,2.5388,0.0762,-18.94
3JjU3QZJH44,3.2371,57.62,154.11,43.11,2.8419,0.3953,5.57
68R6zcRqXIQ,1.555,94.51,134.47,23.16,0.1757,1.3793,73.66
viJ-cSjp0aI,2.7192,104.35,104.1,20.94,2.8323,-0.1131,0.22
RgzWqFRnwdc,3.1091,55.98,103.63,27.78,3.0369,0.0722,22.41
dayHzlnUbT8,2.6585,107.69,140.7,28.81,3.3785,-0.72,4.45
IiQuGUWhCng,3.0961,161.46,145.4,37.31,2.4427,0.6534,60.07
fPHH5gYjB40,2.9932,92.82,200.58,39.18,2.6975,0.2958,63.95
RZuiDb1EhNY,3.1381,160.46,161.07,50.96,2.7075,0.4306,59.8
cpa9gcq6JVg,3.1168,142.18,181.63,40.32,2.803,0.3139,72.55
gTiUPrxpWso,1.4495,98.17,204.92,46.37,2.5936,-1.1441,48.12
kbjkuZfZjq4,2.7843,132.98,201.88,28.08,3.4291,-0.6448,5.72
TbVh-2FyH6A,1.694,105.25,160.03,38.25,2.3218,-0.6278,36.93
00eQJP9BnCs,2.443,104.77,160.85,32.65,2.4255,0.0175,3.84
HIz032ziVWs,2.5776,110.01,152.59,29.55,3.1494,-0.5717,-2.5
gCUJdhcfdmY,2.2791,108.5,165.54,32.1,2.8524,-0.5733,17.27
oMBzpXCsfvA,2.7761,179.43,125.53,25.87,1.9291,0.847,34.95
2Q10DwmpqtE,3.0015,163.95,109.31,33.36,2.4859,0.5155,41.12
XVsUBET0VeY,2.9102,157.36,88.01,36.01,2.4652,0.4451,43.96
jIcwBxy66zU,2.8919,159.51,101.32,35.45,1.4696,1.4223,32.2
tgMMl1lahDw,2.5762,150.8,136.2,27.0,1.7565,0.8197,31.48
qp9s9i6n7VQ,2.1606,171.78,128.82,15.94,1.5608,0.5999,39.54
vsoHg0wJTVE,2.1604,88.92,111.79,43.64,1.7837,0.3767,-26.62
L32UDbnYbIw,1.501,47.2,198.51,5.21,1.8539,-0.353,-22.09
PPAejQ2wJxE,2.1349,154.57,138.73,49.53,2.0835,0.0514,29.14
IPUelJWGdKE,2.8107,119.92,144.35,53.65,2.9891,-0.1784,63.34
ErHbq0QuElY,3.0044,113.75,127.83,46.16,3.1608,-0.1564,29.51
yuz0ByGSAf8,2.3005,98.33,148.6,43.99,2.2331,0.0674,63.58
a2buNt_0_BA,2.5489,113.51,150.26,46.1,1.7566,0.7924,5.78
_HuimUJCNm4,2.1272,142.19,99.27,18.43,1.6667,0.4605,40.8
3xCme8gLVHo,2.7247,198.95,183.15,48.45,1.673,1.0517,62.06
jMdi91NnxX0,2.9022,103.02,112.19,22.13,2.3607,0.5415,-18.18
bkK0synp8tQ,3.3382,149.04,98.05,29.73,2.5416,0.7966,26.56
z2XlScA8pRg,3.0553,75.24,114.16,22.72,2.8626,0.1927,22.16
-k9XElxBqbc,3.0215,150.8,114.31,67.91,1.4463,1.5752,47.16
iMSVxCqZOXQ,2.0997,75.5,127.04,20.24,1.1989,0.9008,-32.88
5YdvqKDCX4Q,3.3122,120.49,105.94,28.84,2.2878,1.0244,35.42
dVLsxdMVuCY,3.2443,113.08,112.33,36.12,2.4664,0.7779,15.14
CW0OtanF33s,2.9829,177.82,113.38,60.97,2.5673,0.4156,58.97
sMBmgUi-o_E,0.9457,0.06,78.4,3.05,0.0,0.9457,-0.18
Cr3zAdsMo9c,0.9669,3.11,68.86,18.25,0.0,0.9669,3.11
QKDyWGen6Y0,1.8739,36.28,85.83,30.59,-0.0,1.8739,35.9
XrOQ3r0N6vg,2.5989,42.23,213.95,22.46,2.6614,-0.0625,-64.85
wBYetF6WkTE,,,,,2.7463,,
8Gmhj1bjx1Y,0.4395,6.81,103.82,16.75,1.9155,-1.476,-0.89
aDxLUv7IkZQ,2.9019,65.96,120.94,32.52,1.9408,0.961,-33.16
XjfBsa25yF8,2.6062,33.74,48.91,18.57,2.162,0.4442,-0.48
shfmYaTFsOQ,0.0,0.04,51.74,2.49,0.0,0.0,0.04
J7cciKZHB_o,0.0,4.23,182.07,20.84,1.7996,-1.7996,-4.44
2QVf0V3HvCI,1.0187,16.64,243.56,23.88,1.4537,-0.4351,-67.03
lvyaZLwbJEs,2.3831,73.39,167.66,15.64,2.1833,0.1997,16.21
WrjlgDCYjvU,2.1654,54.93,174.52,20.65,2.0529,0.1125,13.57
1TYm5l-bLXU,1.8833,53.95,183.26,21.77,0.8493,1.034,15.75
UYeA3oiKtk4,2.1299,124.11,63.45,16.4,2.3802,-0.2503,50.99
jYbRRwoFQWs,1.7184,140.39,59.7,16.85,2.285,-0.5666,54.85
OKvrBw3-pbQ,2.3632,100.85,157.17,21.28,2.6992,-0.336,28.37
csS0a96j71Q,1.3917,15.57,127.62,13.37,1.9791,-0.5875,15.16
65URcg-7tcE,2.0457,83.9,118.96,20.5,1.4439,0.6017,46.92
07Mz6SUn7iM,1.7657,84.27,165.57,12.7,1.0314,0.7343,6.54
I5D9nVCBzKc,1.8549,67.14,164.74,29.16,2.4485,-0.5936,30.81
l0eKNLJg8uc,0.723,60.65,94.58,8.06,2.3072,-1.5842,21.94
kRCqHgeZXyU,1.3734,142.84,133.8,13.58,1.011,0.3624,-40.01
dK2UKQD8K4c,2.3246,64.7,188.51,36.28,2.3409,-0.0164,49.45
459C3Cna6QY,2.8475,74.25,151.8,36.22,2.4094,0.4381,15.61
eTdjsxzi558,1.7053,37.15,183.39,43.96,2.2016,-0.4963,-14.47
dlWtPn2aH_A,3.0978,80.31,143.31,38.28,2.4257,0.6721,-12.34
yL3M-Tj7axY,2.7431,63.31,152.77,39.61,2.5895,0.1536,16.21
_d3CAKJERbY,2.844,85.4,129.54,57.67,2.5858,0.2582,-9.08
Z_zVm7QbX_Y,1.7595,160.14,209.9,14.51,0.4506,1.309,33.67
kBe6fqSqE4A,1.4026,46.89,163.56,17.11,2.385,-0.9824,-54.44
v4kAAi9Rjo8,2.8645,102.94,111.97,31.08,2.7316,0.1329,34.67
IPSinVjberY,2.9033,107.62,107.05,30.22,3.0896,-0.1863,34.6
Ypob5vWvNK4,2.7967,115.36,106.59,35.53,2.7559,0.0408,55.29
-pZLcmfh1hM,2.3876,117.02,120.24,24.7,2.5874,-0.1999,44.05
BBR-JHIvBCo,2.5446,156.27,134.06,33.21,2.0081,0.5365,41.82
cPGWVw-_YBI,2.0542,134.64,171.56,23.4,3.439,-1.3847,58.33
gF4aga1iP7I,2.1225,165.88,130.93,27.09,2.6824,-0.5598,72.2
gseEMEYwPQM,2.2426,164.03,140.69,31.63,2.5236,-0.281,65.4
92qPjHZs6Kk,2.7969,123.45,88.33,28.29,1.7723,1.0246,7.82
tAApotVyjoY,2.9922,146.1,96.42,45.01,2.3653,0.6269,11.07
8gmz1I1nFNY,3.0954,123.24,66.94,23.64,1.8599,1.2354,25.95
CxJyvEb4Jfw,2.1415,176.6,113.35,20.12,0.9751,1.1665,-25.02
a9GjVRQa_zo,2.4649,133.43,107.45,18.98,1.5795,0.8854,-3.31
kHOVLhxEFcg,2.9481,143.52,115.06,23.13,2.762,0.1861,15.42
0Nl3QY3FCsA,2.9556,98.34,134.48,45.09,2.6529,0.3026,37.78
uVAO5N3DtPA,2.8298,104.48,131.02,44.55,3.3607,-0.5309,49.33
ESpZHLv-OLU,2.4943,90.18,122.14,34.48,2.2391,0.2552,64.12
1AW4u9aD49E,2.9948,88.96,126.66,43.28,2.7591,0.2357,46.83
b8P_D8XVx78,2.6769,85.01,115.07,37.68,1.8163,0.8606,53.9
uS8gNe1_sZ4,2.6353,90.76,123.97,41.44,2.1937,0.4416,60.73
l6zC3RVaAJ0,3.2076,106.3,137.08,39.25,2.3742,0.8333,47.29
ZxQHoutg9N0,2.9768,106.14,98.47,37.93,2.7317,0.245,40.1
3B6vlcX2VYM,2.9764,118.48,114.34,44.54,2.7163,0.2601,17.61
ZK55LN1HWaE,2.9556,90.95,105.01,59.19,2.4908,0.4648,30.26
dugNZeI4130,0.4303,153.49,179.76,21.57,1.5991,-1.1688,-28.74
hIfsXv1UXSE,3.0117,25.2,165.44,17.28,2.6272,0.3845,-58.15
YKwdKigHe4c,2.8951,148.39,129.04,56.31,1.9156,0.9795,13.24
FEJLVjkU4Z8,3.0304,155.3,136.07,39.26,3.4041,-0.3737,47.05
-j2mNzZtnso,2.828,98.77,134.77,23.7,2.6858,0.1422,62.08
L5NYetsix6s,2.4739,76.64,153.47,28.89,0.942,1.532,51.4
6mdBA8132-U,2.3373,57.01,164.11,25.78,2.0677,0.2696,30.43
YeewBjJYN1g,1.3846,68.3,195.59,19.27,1.9609,-0.5763,-35.25
B5CszwBSsLg,1.3441,67.51,197.66,19.43,1.9566,-0.6125,-35.31
Kecf4RFEiNs,1.9205,48.05,193.13,15.09,2.0892,-0.1687,-41.54
BaP-bEXRNec,3.4116,148.25,129.64,46.59,2.1935,1.2181,81.65
p54OM3Wm9w0,3.4308,133.89,109.85,46.01,2.8465,0.5843,87.05
SHFkypBMZ8w,3.5172,173.58,91.44,49.54,2.832,0.6852,145.23
SpCcjbdoX1Q,3.3815,146.68,121.87,40.03,2.2012,1.1803,72.62
LZEmzn5vqz0,3.3089,159.82,109.02,67.61,2.1038,1.205,84.75
CboUgF5r5bI,3.4015,82.0,118.93,39.51,2.2796,1.1219,28.52
1jx2GfDRt4c,3.1376,141.39,93.92,35.25,1.2711,1.8665,92.13
jmHUHr1WyYo,2.9005,129.35,127.01,28.4,1.8823,1.0182,65.29
4OhVPT5TGHg,3.423,150.51,148.1,34.62,1.9673,1.4558,91.92
cZufoQj79Rg,2.9585,141.74,109.12,30.49,2.4115,0.5471,41.86
vyHMmpn_HCE,0.0,0.0,59.94,-0.0,0.0,0.0,0.0
AXaHYUgy-rw,0.0,0.0,191.77,-0.0,0.0,0.0,0.0
mBvQlL8zgfU,2.6307,73.75,55.99,18.3,2.2027,0.428,73.7
K1Ac-1dgqyU,2.03,20.32,211.33,22.39,1.5664,0.4636,18.28
dn8J7PPoYXs,0.5943,10.15,221.1,13.2,1.399,-0.8047,6.52
FoopLovbdck,2.2432,3.14,219.82,53.36,0.0,2.2432,2.11
9E0UWexrKKY,1.2494,15.28,175.9,9.13,2.282,-1.0326,-6.63
uPjTFVNcYq4,2.7647,1.85,205.74,23.16,0.0,2.7647,1.84
jyDe5wI3WQ8,0.0,0.0,222.33,1.34,1.8517,-1.8517,-27.77
nTHRohHp8EY,0.0,0.0,199.76,-0.0,0.0,0.0,0.0
CkT_P4CcRmc,3.2445,126.57,117.31,28.93,2.7326,0.5118,19.33
odvrYxQcIUk,3.3968,125.57,116.57,29.75,2.6949,0.7019,22.26
uFs_TBBcHCc,3.3756,121.56,118.19,35.62,2.1461,1.2295,1.03
FoRiM3-CmgE,3.2323,123.94,119.76,29.24,2.4853,0.747,19.61
57LcLiSpt1c,3.3894,126.94,115.9,28.4,2.1602,1.2292,16.6
0_wikR-4ApQ,3.4021,123.27,111.56,31.36,2.7451,0.657,21.58
D-Em-2YKyag,3.372,130.37,111.46,29.64,2.7435,0.6285,32.28
hVOPYd6PUaU,3.3359,117.17,113.09,29.7,2.9288,0.4071,22.59
L3I--H_TrSk,3.3264,126.53,115.38,31.29,2.1729,1.1535,28.9
6x6nN62jZI0,3.3449,124.39,115.86,29.84,2.632,0.7129,-2.51
qCfp9XHnE5Q,1.7205,46.8,134.32,55.62,2.1302,-0.4097,7.92
YWop2GEfUn8,3.2367,72.9,65.84,26.32,2.5675,0.6692,9.02
crb8mO9CCnQ,3.1559,61.48,59.29,22.01,2.2196,0.9363,29.98
Er1yLmcTsRQ,2.785,31.77,102.16,42.89,2.459,0.326,-38.81
IxfmtIckAKI,2.8092,144.28,117.92,25.92,3.1554,-0.3462,43.89
9nCxoxJeUos,0.0,0.0,139.54,-0.0,0.0,0.0,0.0
qhJS7AW3quc,2.0967,141.51,164.59,36.9,0.6425,1.4542,33.71
TiHqZzuIY9Y,1.0483,52.24,177.97,44.0,1.1623,-0.114,7.99
cUIweYpplbg,1.9361,98.85,158.54,21.48,3.2334,-1.2973,-14.08
twyQv2ydrJc,2.4156,112.32,150.21,26.89,2.9741,-0.5585,3.19
mWrSozf4rjQ,2.1489,134.98,111.97,22.69,1.5989,0.55,-11.13
50nc3OI94qQ,2.4799,119.15,109.27,29.39,1.839,0.6409,-36.53
LI7_gvRzmJw,2.524,144.61,86.42,18.07,1.752,0.772,-27.42
zTbjy2cMrug,2.7449,92.44,87.74,24.55,1.8477,0.8972,-16.84
4_NLaa3sTaM,1.9563,126.03,110.13,13.98,1.8808,0.0756,3.2
tYfYyQQP9YA,3.019,82.61,78.31,27.05,2.0034,1.0156,-32.33
MotiUoFdmjQ,0.7169,134.97,118.42,13.38,1.5093,-0.7924,-21.72
9OxEqxS_O1Y,2.0038,97.81,118.35,15.31,2.1622,-0.1583,-16.7
cfemVmxWKsQ,3.1903,118.58,116.07,26.41,2.6005,0.5898,1.99
2JMfxRxO3Fs,3.2676,126.73,115.52,26.18,3.4565,-0.1889,-22.93
E35KrNHunNk,3.2614,112.41,128.49,29.94,3.1627,0.0987,-36.5
sXUufILgUAo,3.0325,136.17,113.38,24.03,3.0018,0.0307,-38.05
evhCqN75_AM,2.7679,113.16,153.16,28.95,2.7021,0.0658,58.25
LScVySS9Izs,3.4182,147.37,129.34,36.9,3.2465,0.1717,18.6
hYan80ZnAXg,3.1741,133.94,128.6,30.55,2.9606,0.2135,37.14
o0JqAQwvxEw,2.87,107.43,176.89,21.93,1.9028,0.9672,36.6
p3w0AZG6vu8,2.7219,112.11,133.87,31.56,2.2016,0.5203,54.83
D0U4Pud4iZA,2.6316,156.57,90.12,52.12,0.742,1.8896,59.0
FDroT-w9krY,2.3757,81.04,174.94,25.13,2.4272,-0.0516,-9.01
RA7Wn6KCoCE,1.2224,81.11,123.05,13.03,1.8089,-0.5865,-49.76
83XD8xTe0Fs,2.3927,109.36,120.65,28.03,2.705,-0.3123,32.6
HHafCgCVDl0,3.0896,98.95,157.09,39.45,1.6527,1.4369,27.28
XT0jepJlReo,2.8638,102.63,120.48,39.58,2.3141,0.5497,40.04
1KDJsGM6UhI,2.8169,143.09,94.11,30.5,2.676,0.141,43.27
BxPvMxhKydM,2.126,44.32,155.6,15.71,1.6866,0.4394,-42.11
89G953REgjQ,2.4989,93.19,103.55,34.42,2.0683,0.4306,-9.96
KQZ8a163tKw,3.0576,75.32,93.71,29.85,1.9611,1.0965,-36.46
_jB8UJ7uiJk,2.6004,83.21,111.33,43.84,1.6802,0.9202,-13.29
meAxTarfmyg,2.0891,139.99,133.21,16.07,1.3199,0.7691,14.11
vt4Yq15R5zc,0.0,0.0,108.48,-0.0,0.0,0.0,0.0
p1aUgBycS7w,3.028,71.05,135.4,37.12,2.6919,0.3362,11.44
wZWDDsqokNE,2.36,145.68,123.64,22.01,1.901,0.459,28.74
P2WC9aQVm88,2.8514,81.46,107.75,35.12,2.6108,0.2407,3.44
AccQM2qSQk4,3.0262,69.48,133.84,31.37,3.3754,-0.3493,9.06
DLX1wbYzGIA,2.3628,93.39,186.14,26.35,2.3695,-0.0067,-20.58
wvGMIarTGnI,2.1121,74.07,117.03,19.56,2.9742,-0.8621,73.98
lv2EsScPhlc,2.0993,96.83,126.62,18.99,0.0,2.0993,96.83
eSgGuoiL0AE,2.2642,138.22,130.39,16.27,1.872,0.3922,23.28
usOXYIK7eco,3.0738,79.92,113.06,21.49,2.9456,0.1281,-40.95
HGCWINK8X8k,0.2185,158.53,242.82,22.48,1.1598,-0.9413,-28.31
-zTRKdoe7b0,2.534,49.92,160.29,24.44,2.5618,-0.0278,-14.09
5q4z-xL7IyE,1.6849,42.92,235.8,46.18,2.515,-0.83,2.24
6Rvwl5gcCJE,1.1111,120.66,52.85,4.19,3.1588,-2.0476,21.36
luXMwG_SFLw,1.7229,58.05,186.38,19.71,2.0171,-0.2943,-7.31
K77JlIO5R-M,3.458,167.33,103.2,37.41,2.8635,0.5945,80.69
xink8-pNDNU,3.0017,48.57,136.53,22.39,3.5667,-0.565,-44.52
ipJqvVGEEkE,3.4874,71.22,145.01,39.61,3.1924,0.2949,-7.67
0ucrWgDY8vo,3.5554,83.21,97.49,33.65,3.4112,0.1443,7.91
MO5RZQ8vb8s,3.219,80.0,96.2,41.49,3.1921,0.0269,-1.43
_hiDDrsTauo,2.8463,115.71,116.65,21.19,2.5272,0.3191,-61.65
9TjUch1pZBs,2.8764,118.48,122.35,22.09,2.5536,0.3228,-57.07
pvTjzNGIlOY,3.484,109.99,115.37,35.61,2.6636,0.8204,-30.82
zvz_xCu_htU,3.5403,102.4,118.35,42.07,2.6013,0.939,-31.99
wuCftwW6MEA,3.2306,92.88,127.68,44.2,2.8328,0.3978,-33.21
8PClT7xiN6E,2.7698,66.23,133.02,56.08,2.8955,-0.1256,24.37
8TMjyZMCS2g,1.7459,102.84,186.8,37.49,2.9247,-1.1788,60.99
Ziz-c1P5a7w,3.1463,88.04,143.47,38.35,2.6168,0.5296,45.81
7a9bdCKCGbE,2.0728,109.85,198.46,40.95,1.4559,0.6169,-38.48
Eliw6lcwZoY,3.3055,153.98,114.55,55.26,1.7811,1.5244,-3.66
pG4XO3__PiY,3.5597,110.73,135.96,52.91,2.192,1.3677,36.08
ZTunNJEVF6g,3.2567,135.46,120.22,54.65,2.9697,0.2869,27.46
pgWJXGQcoXs,3.3478,125.89,125.69,59.3,2.9209,0.4269,39.77
vAYGCrJYyzc,3.3373,106.64,126.44,41.71,1.952,1.3853,36.33
CKLLLOsxmh8,3.3766,121.38,109.4,66.16,2.8071,0.5695,33.15
nT1zpva6aCU,3.47,111.85,128.39,55.59,2.2025,1.2676,33.24
t2_md4eZyQg,3.4315,108.77,116.27,55.91,2.9538,0.4777,2.73
OsK4a7vv3ZE,3.3777,100.53,129.58,62.04,2.3656,1.0122,18.26
BQE5eRiO19I,3.4243,127.31,120.87,51.53,2.2255,1.1989,71.39
pe_JJW_5TP8,3.086,119.84,84.59,25.98,2.5096,0.5764,28.84
8iwTcLQBH8g,3.0895,119.87,84.67,25.98,2.5096,0.5799,28.87
bTuu_M-Fvos,3.0954,118.89,83.82,25.93,2.5138,0.5816,27.78
nrq-foG8oNo,3.0903,119.62,84.54,25.97,2.5096,0.5807,28.62
keI_LEUy3qY,3.0864,119.51,84.23,25.99,2.5096,0.5768,28.51
Mqo8iAVgTUU,2.7734,154.79,101.45,29.12,1.8583,0.9151,73.17
_uF8KsdrNuI,2.5309,159.81,106.39,28.59,1.9718,0.5592,100.57
zbaVAnv5Ikw,2.8101,115.1,141.41,29.04,1.6341,1.176,10.19
3LYi1_cKrs4,2.7966,167.66,106.94,27.23,2.445,0.3516,77.75
-xTyRO-GVcY,3.1855,130.53,64.67,29.38,2.3624,0.8231,35.21
AdfAy4Yl430,0.511,67.95,195.05,32.6,1.0241,-0.5131,-50.41
FFe3_RMpNkM,1.2922,41.26,105.06,16.26,1.6996,-0.4074,16.7
Fxzh1fMD35Y,3.054,35.17,181.51,53.43,3.0738,-0.0198,-5.02
0FP87aIdKqY,2.5367,15.9,133.26,22.64,2.5959,-0.0592,-33.73
zNJ1WA0bDyQ,2.4469,84.11,177.05,32.04,2.5717,-0.1248,39.56
0AB0ZFIU7xw,2.8894,27.35,158.47,40.52,2.8858,0.0035,-25.14
2IYvJcmc9vE,2.9262,42.16,132.14,28.9,2.1751,0.7512,-13.42
774i0oh6744,2.3394,52.27,165.51,31.6,2.988,-0.6486,-6.17
R3YnypNQJhQ,2.9985,43.11,147.23,37.79,2.8647,0.1338,5.34
eBg07JPmaQM,2.5896,50.23,162.54,32.91,2.5741,0.0155,8.74
xDuEGv6LE2c,1.3391,116.34,131.81,33.59,1.4518,-0.1127,-0.74
fXv3z2l-8xk,3.196,135.51,80.11,54.3,3.347,-0.1509,6.5
iq5XqF08QeM,3.2854,151.8,62.29,72.36,3.0995,0.1859,55.94
0auGUKOAq7o,2.8419,73.1,210.03,37.1,2.7248,0.1171,41.59
4cik9e1vs6U,1.7833,104.23,241.2,9.57,1.3287,0.4545,28.6
KqpPuumHUlI,2.8714,106.16,156.2,30.0,1.1348,1.7366,-86.75
SgnlZCfH-fo,2.4321,141.19,181.75,16.66,2.5442,-0.1122,44.58
XHmJXbUwT9g,2.1276,94.72,179.7,16.92,1.4073,0.7203,29.69
pyN2uw7SeQg,2.2855,92.05,151.23,62.08,2.811,-0.5254,19.4
G_HlxipjIqY,2.7073,67.26,109.23,25.44,2.655,0.0523,1.89
9CG3teI8Gsc,,,,,1.9342,,
c6sH02daIWE,,,,,2.8024,,
x-xiVn1Rt24,1.5877,82.92,114.68,30.77,1.7156,-0.128,-22.33
H1LG4fl7ptg,0.4931,42.07,213.77,31.42,0.0,0.4931,42.06
A1NqS_ydk9g,2.8924,152.26,84.47,29.36,2.5996,0.2928,66.18
oJlkGRu0Dbs,2.6032,113.73,87.42,34.9,1.6985,0.9047,-60.56
N8x8yrp8ads,2.2397,162.78,131.31,18.99,0.9719,1.2678,32.33
LbYAprlWLXQ,1.6344,74.3,121.66,15.05,0.284,1.3503,13.81
ByK9n3_mHvo,2.9449,81.43,143.66,58.6,2.7292,0.2158,37.27
6p9nc58CZpc,3.0409,104.24,145.49,55.1,2.1543,0.8866,10.56
anTzufjKEoI,2.6369,75.96,121.42,19.3,1.3706,1.2663,-26.73
IdmMCc4WwAo,2.5306,102.57,105.4,47.75,0.4089,2.1218,51.56
7LNmPl6QJGs,3.7418,157.4,113.91,49.02,2.2748,1.467,64.52
nGo4vUyfNO8,2.9748,123.25,89.25,28.75,1.9643,1.0105,41.11
STmXvE-nyzU,3.4852,125.46,145.65,31.62,0.6735,2.8116,75.32
9_D8eAEF2ak,3.0426,153.28,84.89,27.69,1.109,1.9336,5.52
b0HJWomzl8M,3.4295,145.27,151.37,34.92,1.6353,1.7942,83.44
9wG0MoqfS7Q,3.7624,151.16,109.24,85.63,3.0074,0.755,38.98
bGjue-qiV5c,3.5311,102.74,130.29,40.35,2.3197,1.2114,71.65
XBIJio9NcwI,3.8186,121.67,100.14,47.43,2.0914,1.7272,56.03
d3D51EH3fMk,3.6289,144.56,75.51,69.4,2.9594,0.6695,23.87
9869q-WXh_M,3.4676,124.39,118.15,35.29,2.2486,1.2189,68.85
Citt-0bkSMA,,,,,2.6633,,
ArJAENKS7gc,0.8455,147.43,237.81,5.89,1.8128,-0.9672,92.31
jqaS1u9mcSU,0.0,6.64,214.13,6.49,1.8901,-1.8901,-85.88
c4SoTZMLNFA,2.1274,46.94,173.13,10.54,1.0691,1.0583,26.61
hsjEsjAEcIs,0.9451,78.64,171.75,9.25,1.5679,-0.6227,2.86
HOFV-P0SYk8,0.0,2.22,211.29,14.97,1.3805,-1.3805,-20.53
GMG9fkGex2c,1.7801,17.95,218.2,9.2,2.5264,-0.7464,-34.96
dKI78BQZlsY,0.9961,143.82,143.1,17.18,2.6069,-1.6108,63.9
gFpr_Mw_FBE,1.596,92.06,148.24,58.88,2.5652,-0.9693,10.89
ivXBnbJSphM,0.9113,99.41,164.72,7.32,1.65,-0.7386,34.45
ie8UNOdODdI,2.7432,155.06,140.41,25.56,2.3059,0.4373,62.59
3UavGHh72bg,2.6713,165.58,131.31,23.42,2.1925,0.4788,51.03
Kv-RK8LkXcM,2.5399,160.73,136.04,21.66,2.0498,0.4901,51.54
tSwFvkg7RDU,2.1169,110.18,136.12,20.87,2.0512,0.0656,19.46
unxuEDQJWc8,2.1954,80.14,167.15,20.94,1.8596,0.3358,-79.56
TTs9nNbT_QI,2.9261,123.56,128.87,27.26,2.5782,0.3479,76.73
ddYbOgsUkuk,3.0428,133.16,130.98,32.31,2.0306,1.0121,91.78
8tr6Am8ls0E,1.8067,53.57,120.86,14.79,1.8296,-0.0229,-41.97
hCYlvznmZUg,1.5221,55.53,75.86,13.37,1.8712,-0.3491,-24.27
RTK_T7Pi1G4,0.0,6.53,203.23,19.83,2.2232,-2.2232,-57.67
UKaNkTwyXvI,0.8277,27.42,204.92,7.86,1.9846,-1.1569,-43.56
Bk33180woZM,0.0,13.35,151.27,6.04,1.6933,-1.6933,-34.08
6En7tVs22tg,0.0,12.61,153.79,10.85,1.8601,-1.8601,-48.86
zM9GnG7sM74,,,,,3.1657,,
LReUEy_Tj28,0.1594,0.09,142.66,3.14,1.1742,-1.0148,-14.57
lhd_sEZjUGI,2.3815,18.76,108.44,21.19,1.9228,0.4587,-18.17
ynmxNZb5H54,2.1886,66.6,107.43,14.98,1.7209,0.4678,-112.0
BhjdLzHKovQ,2.0112,16.15,140.61,47.82,2.5139,-0.5026,-12.13
bD-GON2ochA,1.5245,120.24,84.59,23.25,1.3138,0.2107,-34.36
Vh1XKdYwgyo,2.6567,52.88,62.61,46.84,2.5684,0.0883,-21.81
_QYo8FeLJgw,3.074,91.19,107.12,32.24,3.1097,-0.0357,5.51
UtAiesGjuK0,3.1667,79.46,136.6,38.08,3.0239,0.1428,-32.95
Zj7lhZ0H-EM,1.8408,145.5,105.67,21.97,1.5355,0.3053,-0.1
gerj7P0npHk,2.9761,94.77,132.25,43.26,2.1569,0.8192,39.04
0J1M3Uj-O2U,2.913,82.88,139.07,44.5,2.083,0.83,41.91
jqLWe48YdQg,2.9187,82.32,138.66,44.32,2.0824,0.8363,41.17
cWZCfbwcQGA,1.3286,162.29,125.15,12.82,2.3066,-0.978,12.85
5eZ3e7Iz1ak,3.2235,89.18,152.27,44.47,2.5124,0.7111,32.24
caN6Niqf0ro,3.1488,79.13,145.17,40.62,2.6447,0.5041,17.04
YGtbeD5MJk8,3.4989,44.25,102.57,21.73,2.3715,1.1274,1.65
gJRcAtllGts,3.5081,41.63,96.94,22.16,2.4741,1.034,-1.11
Dww7hqUBKyM,3.5745,40.17,98.99,22.58,2.302,1.2725,-2.85
AYnfNzBuGzU,2.9472,88.02,147.03,46.43,2.5688,0.3784,33.73
nlmIlEfCTJU,2.6558,92.63,230.67,35.2,0.5188,2.137,-11.21
ddbPJaEsez0,3.1138,146.58,169.17,39.54,2.5378,0.576,52.94
9Guxyn7Ya6U,3.6056,122.93,112.88,42.69,2.8403,0.7652,4.45
OqPYmYpI6qU,1.8963,29.74,159.22,40.31,1.7042,0.1921,10.82
btvHYBLMhTc,2.836,62.03,145.47,41.91,3.2169,-0.3809,-30.99
1G1u5Dwirg4,2.9065,182.48,108.67,25.75,2.8421,0.0644,150.52
XMlkAMaHbj4,2.7027,107.95,96.29,22.43,2.3019,0.4008,6.78
XTYR81kO2GI,2.6446,101.09,116.92,26.58,2.8891,-0.2444,-12.43
3ZDjPFZL4U4,2.7851,83.67,107.08,31.03,1.6321,1.153,73.27
jATCZ1vXjUk,,,,,2.6398,,
q8HHu9u1o0s,2.6545,107.72,99.67,23.12,2.6162,0.0384,73.32
l9dL1CQ2XiE,2.7873,71.05,127.56,20.81,2.1836,0.6037,-1.13
v24N5UQCEys,2.7513,83.96,86.7,21.27,2.955,-0.2037,8.91
p6xItYAT5TI,3.0582,95.82,94.43,30.83,2.956,0.1022,-5.19
sh4p4nESzjs,3.223,107.51,124.98,29.83,2.3283,0.8947,-0.36
iV-2WkJna8g,,,,,2.5525,,
4nQ5aZcZMz8,1.4197,128.87,200.66,21.93,0.6812,0.7385,-26.38
BcAORW5BRqU,1.8042,90.51,185.9,35.63,1.3119,0.4923,29.02
6q-NkPD9QWc,1.6303,101.87,156.76,17.28,2.2461,-0.6158,-0.66
Ahx3EDnSoys,3.1619,93.78,172.13,41.13,3.4304,-0.2685,-52.43
wovIz1mViGw,3.3753,148.48,122.97,65.97,3.4545,-0.0792,103.7
XZxa5CC3D-8,3.3593,72.01,113.88,32.07,2.6003,0.759,-3.52
VtpFjlR-HdY,2.5263,119.0,174.08,35.65,2.4485,0.0778,52.0
B7hapjokQIQ,1.8927,55.65,140.03,23.4,3.5525,-1.6597,-4.89
zOpmKmUrry8,2.8274,115.81,174.78,31.99,3.4908,-0.6634,-0.42
zUe2bkXKfMs,3.5619,94.9,109.62,53.66,2.4102,1.1517,-11.05
W9bjNkjs7Nk,2.8503,118.82,138.87,31.06,2.141,0.7093,24.12
m1sp9IsyJ9M,2.616,124.52,129.92,41.99,2.4661,0.15,52.05
ZwGIJzAUOz0,2.3134,99.04,151.98,30.49,1.9263,0.3871,40.2
JmIN6mzsHU4,2.6968,69.7,168.66,36.52,1.8946,0.8022,17.15
kW250Y03YdU,2.7724,107.72,129.01,46.4,2.5176,0.2548,39.33
0qghFWChGpM,2.7574,133.81,121.38,24.93,1.9995,0.7579,29.25
zxullYXlMW0,2.9276,94.35,154.33,34.13,3.1209,-0.1933,45.5
pVGvSn41gIg,2.8517,109.96,160.93,41.73,2.7558,0.096,49.82
1b0BthpHVSw,2.4343,76.26,152.17,58.09,3.0334,-0.5991,64.97
Xyo6mgJYzds,0.4165,115.06,214.18,3.71,1.4627,-1.0462,-87.41
gW9flrB8mWM,0.3216,38.89,125.88,6.86,2.9723,-2.6507,0.78
Lgc_hirI-oA,2.6628,107.87,128.09,49.14,2.7644,-0.1016,-4.19
CgcGHR789XQ,2.4738,122.73,166.85,40.42,1.9994,0.4743,48.44
dFaJdOMK_WI,1.7204,185.98,132.01,30.29,2.3872,-0.6668,51.46
v97ineEnk7M,1.8423,107.46,168.22,45.39,2.5951,-0.7529,49.88
v0d_cC7WRVY,2.9886,95.94,87.24,29.0,2.2078,0.7809,44.08
9095sZLk0QU,3.061,99.99,114.13,27.73,2.809,0.2521,29.19
_absqBgVw2Q,3.0314,111.91,155.33,47.81,2.8203,0.2111,41.78
5xtapz5TC10,2.6815,158.57,127.55,64.45,2.8053,-0.1238,76.29
IvaLHl6xb1I,2.6397,168.1,166.58,53.24,2.5546,0.085,74.95
QjCMwh6giPc,2.2698,87.76,135.76,36.25,3.1919,-0.9221,14.23
1vs3eSPCywo,3.3445,123.46,103.54,35.89,1.4593,1.8852,36.22
UOJB0uvEhJQ,3.4059,127.5,96.18,39.91,2.0857,1.3202,14.66
QiPo0nuGUVk,3.4137,123.2,101.36,37.32,1.7707,1.643,13.32
PHPjGJgbfz8,3.4289,130.0,102.0,38.8,1.9742,1.4547,-17.09
yNHS8GcbqHw,3.3131,119.29,98.03,38.58,1.5947,1.7184,30.53
7Gw4i4xJhyU,3.3007,105.78,91.37,38.98,1.6531,1.6476,9.71
pc5W54KKQNg,3.5092,132.96,111.5,35.51,2.5421,0.9671,16.02
PHsE74TgogI,2.5893,115.19,119.66,23.97,2.603,-0.0137,29.26
1ljX81JZGpg,2.6637,136.34,107.67,32.99,2.0433,0.6204,63.49
mob0Dmd6H2g,2.5478,141.7,132.52,36.02,2.3972,0.1506,77.33
iYfJKg3Xwd4,2.7126,132.65,107.03,63.15,1.938,0.7746,64.08
kNEzgJph1fQ,2.448,167.74,109.66,30.04,2.7558,-0.3078,35.14
sWEXBS8tLCM,2.6943,113.13,125.77,26.21,2.5918,0.1025,15.29
IYJbf1UnXuQ,2.7019,120.04,129.53,30.14,1.3885,1.3134,26.54
iwzcIFtAvBM,2.7467,84.18,116.68,48.53,2.8634,-0.1167,54.13
EHm3l4tNlSY,2.6842,128.61,118.48,50.22,2.8729,-0.1887,79.23
a-9s--tzfX4,2.6587,115.8,111.13,60.17,2.6535,0.0052,65.43
gcKxLP8shgA,2.4958,110.0,111.85,27.71,2.096,0.3997,43.74
OmK9hvGO5H8,3.0794,79.14,109.08,50.27,3.0713,0.0081,10.56
pOJWxo2282s,2.7203,105.49,112.63,44.09,3.1127,-0.3925,57.27
jK1EfCZ31fk,2.5096,97.72,148.62,43.34,2.6636,-0.154,33.54
gSFw5dAVzfY,2.9045,113.89,84.46,29.35,2.3532,0.5513,21.05
0FEVaalplNc,1.5736,22.16,205.74,21.33,0.8654,0.7082,21.94
FE4XIGNhHVs,2.2417,73.54,142.75,36.12,2.6541,-0.4124,18.91
02_ODQyC0xI,2.9145,86.17,122.84,32.64,2.436,0.4786,-24.55
E25AbORosx8,2.271,124.98,100.64,22.7,2.4114,-0.1404,37.14
oUccpheCOXc,2.995,69.78,107.75,22.52,2.4888,0.5063,-84.63
H88gL5RBtzE,2.0668,35.1,102.03,48.44,1.6255,0.4413,-36.91
nf7guWiSSm4,2.3212,113.05,146.63,41.85,2.885,-0.5638,14.18
4h0-ilKh4wU,0.983,87.88,163.06,31.17,1.6006,-0.6176,-31.32
qZW1d_S_2hk,1.8474,155.1,170.65,18.77,2.7882,-0.9408,48.43
3-A0LojplIc,2.7915,126.68,133.61,43.39,2.7897,0.0018,88.54
67_6ZAe6x3s,2.4012,84.14,146.34,45.98,2.441,-0.0398,21.55
51QjOTnVFkA,2.4044,62.64,128.42,53.74,2.5197,-0.1152,11.65
ILW8BXJagkc,2.4421,202.17,151.31,28.42,2.1441,0.298,-3.68
HcBT-sx8g44,2.4789,142.03,126.5,29.28,1.8235,0.6554,91.01
FcoLh5b4CvA,1.2974,0.02,111.91,0.67,0.865,0.4324,-2.61
3Do16vk7wsA,3.0969,73.57,92.65,26.63,1.891,1.2059,4.66
ljUVtydHDnY,1.0851,84.89,145.13,29.57,2.2348,-1.1498,-32.64
L8enTN8VttA,2.2623,56.22,143.45,23.5,3.0542,-0.7919,-6.69
lWYlwEyCjHA,2.6511,11.41,87.56,15.55,3.0814,-0.4304,-58.22
AxGzDnAwmnk,3.4546,65.25,99.96,42.25,3.5362,-0.0816,-25.95
WlsQrBVzs_U,2.3877,58.59,143.45,31.13,2.3764,0.0113,-43.27
42JZ72Qepy8,1.9542,105.57,129.54,19.19,0.8608,1.0934,-39.53
RB71gcczzU0,2.8382,70.86,150.54,30.92,2.1692,0.669,46.87
NFED4l_yfyc,2.7189,69.97,123.05,27.08,2.2733,0.4456,16.53
M7OvBQ-SZ7s,2.4475,104.19,130.88,19.31,1.3267,1.1209,-13.12
xP7gm7Nfqo8,2.4614,85.07,119.8,27.93,2.075,0.3864,44.8
VsFpKN2p2bs,3.0492,78.37,112.01,29.67,2.5115,0.5377,-23.92
u-2IsZfyC8w,2.8943,96.1,129.93,34.23,2.07,0.8243,-33.98
dmcjDH-E6Bk,2.2798,82.57,142.76,28.24,2.5343,-0.2545,42.23
B-zRTapDArc,2.2808,79.75,123.16,42.7,2.3537,-0.073,-43.6
Km6S4ORv8Ws,2.9862,96.96,134.5,45.51,3.1865,-0.2003,-8.18
5Pgufq1Aydo,2.9946,106.56,104.75,50.69,2.8933,0.1014,-3.3
RRMWCE93G_s,2.1956,79.52,109.8,44.22,2.0808,0.1148,-41.57
sec1j3OqzQo,3.4018,100.77,122.67,59.69,3.1894,0.2124,5.14
FUqNuc3gcr0,2.7978,112.19,113.41,51.76,2.3334,0.4644,-16.97
9otI7IxM40Y,2.8921,91.34,102.71,44.22,2.0788,0.8133,-9.05
y-T7lKEq6Bs,2.6381,62.63,137.08,30.7,2.4116,0.2266,33.13
WmztoPUs9fg,1.0676,1.34,137.23,8.23,2.0498,-0.9822,-4.07
LV_6fskbCQY,2.2675,137.15,119.48,15.45,1.8103,0.4572,95.32
bdFEnsjRVos,2.2656,149.94,152.6,60.12,0.46,1.8056,1.61
kDyPRhRQhi4,1.4818,169.51,151.51,10.25,2.6969,-1.2151,89.69
_L48zWoU_dc,2.8471,130.67,121.69,49.82,2.6272,0.2199,78.21
abzsmwc-Dfs,2.0119,163.21,129.34,12.06,1.8603,0.1516,47.58
kPKwyqQ3Qvw,2.3019,159.2,146.53,15.39,2.2654,0.0365,53.14
24QZOy-disc,2.0885,155.59,140.99,13.05,1.6213,0.4672,32.6
VecvJ7h5nV8,2.1166,162.09,144.59,12.56,1.188,0.9286,79.41
EuCBHnh9XQU,2.5616,180.41,105.29,16.55,1.846,0.7156,74.33
xeJXGy0N9Xg,2.1379,176.34,120.88,12.92,1.4282,0.7097,37.47
pY8AYfVWSbQ,2.1953,49.33,142.87,22.6,2.0349,0.1605,-47.01
CH7uMYBHyAw,2.5731,53.41,137.07,41.14,3.2826,-0.7095,30.71
L6OEr9fJh8k,2.0115,42.93,182.39,64.2,2.8756,-0.8641,-5.84
0zIae_-A3BY,2.8256,58.43,177.94,58.21,3.2888,-0.4632,-5.94
X_RiT3_5CBI,0.6713,114.82,167.96,14.38,2.5293,-1.858,-78.07
L36w-7G5OiE,2.3117,65.52,148.8,54.2,2.5673,-0.2556,40.39
P91TqeIdx94,2.1953,49.33,142.87,22.6,2.0349,0.1605,-47.01
05wAAA6PTmc,2.3566,59.91,186.87,29.5,2.2028,0.1538,22.2
bhUn57NYqhc,3.2499,30.73,209.79,27.04,2.3592,0.8907,14.07
IzLchPxXmcY,2.8148,56.46,198.57,53.47,3.1167,-0.3019,-1.06
GEQf40C74og,2.9516,28.22,174.98,34.43,2.9795,-0.0279,-32.37
ngCbggR16u4,3.0711,36.28,174.42,47.75,3.1944,-0.1232,-11.08
2Q7NpTySNPs,1.964,26.39,203.1,49.6,2.5856,-0.6216,-22.02
qfHpPiobvwg,2.5249,30.45,162.32,47.13,2.7284,-0.2035,-11.53
ZH2dwqpHp2U,2.5815,91.95,111.65,19.82,2.434,0.1475,62.05
EyQ9Wjbdi3I,2.8813,97.19,97.95,20.5,3.4729,-0.5916,7.04
uZM0TOvXNS8,2.7128,96.63,130.14,25.95,2.4368,0.276,11.95
Nf7rTUH1vRM,2.0698,115.71,98.91,45.53,1.6993,0.3704,-13.87
pGYtf583-AA,3.0232,38.91,137.73,44.1,2.3143,0.7089,5.25
p7R0V-YbyOE,3.0129,22.66,98.9,25.36,3.24,-0.2271,-52.88
-iU0FO8tmk0,2.4558,60.09,122.5,34.67,2.6827,-0.2269,-10.07
pO6E3bIYvXc,3.1644,73.57,84.93,36.84,3.4235,-0.2591,-30.78
UAY6R-fK8Ok,3.1764,120.79,93.28,48.77,2.9862,0.1902,42.44
uzDHqmbzsMY,1.648,85.16,134.55,15.57,2.1124,-0.4644,-16.61
HQTWLmrmV5c,2.9853,65.47,121.93,41.8,2.9687,0.0165,12.73
upcapYZhehM,2.1016,154.34,97.5,22.15,1.1193,0.9823,-14.12
s3ZL6DsI3Po,3.1996,78.46,110.67,46.48,3.5729,-0.3732,25.65
MRg_KuvYk5o,2.8906,97.36,172.08,51.58,2.1136,0.7771,25.09
4T359lbprKw,3.1622,61.92,159.76,40.05,2.5046,0.6577,25.74
N62r1yYO5FU,2.9941,97.42,135.75,32.65,2.5411,0.453,53.51
nLajQFA74Nc,2.5708,128.06,147.68,31.39,2.657,-0.0862,73.42
fZT4BpA3Qnw,1.6823,75.79,193.52,33.3,2.2763,-0.594,15.0
QwjAkfMwZxI,1.6773,76.59,192.79,33.18,2.2779,-0.6006,16.01
wKPYh1-uaTE,1.707,77.63,190.43,35.25,2.268,-0.561,13.86
V4OTP3E8E2s,1.2006,114.46,184.78,27.36,2.7272,-1.5266,91.99
JE8oPU4845c,1.1126,116.12,183.85,27.5,2.6118,-1.4992,67.12
wHUr_ufC21E,1.1266,116.61,183.84,27.68,2.5802,-1.4536,68.55
tkRAOvJkDDQ,1.1131,115.97,184.1,27.44,2.0493,-0.9362,56.35
Tl-HPhwd6iM,3.0224,103.39,184.66,57.71,1.9973,1.025,-2.97
3oxWHSgmKm8,3.1781,116.13,172.03,37.33,2.3971,0.781,-46.1
Y6waaJdYroM,,,,,3.2854,,
HbYQSeW3uUU,2.1576,98.56,184.01,39.57,2.2213,-0.0637,62.49
7GwWM1VJuxo,2.8649,186.68,116.02,41.19,2.3521,0.5128,109.82
fciYyhORCTw,2.7485,139.36,173.64,47.08,2.288,0.4606,57.93
TfhvdRpu5Y4,2.765,138.52,157.53,55.26,2.7373,0.0277,52.49
fQm211LNOMc,2.9268,155.54,139.82,30.6,3.3106,-0.3838,89.58
ZDr6efjm-V0,3.504,44.89,107.22,42.91,1.5406,1.9634,-34.04
aZ-sfnKdCgw,1.1277,222.61,167.38,9.2,2.2097,-1.082,138.88
IEPVlqICbpk,2.4603,79.28,125.55,28.26,2.5707,-0.1103,-16.81
6lMSHiQ5vpk,,,,,2.2628,,
n5laEeVFeeA,2.4598,72.16,120.83,25.29,2.6195,-0.1596,39.93
gsBwJtcvAdM,0.215,194.02,203.87,15.78,0.0999,0.1151,-50.17
2dddRvTz0LM,2.8356,4.5,189.77,9.97,2.3561,0.4795,-18.34
v1K2nAclCaY,0.2112,194.46,203.76,15.7,0.1,0.1112,-49.54
bRb22DbnFIM,1.6033,14.48,195.86,30.17,0.0519,1.5514,5.6
Cs9FEh0ioDI,1.0811,44.35,168.67,12.56,0.6576,0.4235,32.79
E6tHB4Lihlo,1.5764,167.29,80.55,22.32,1.8544,-0.2781,47.09
qUotFC2z63I,0.6267,177.83,145.17,17.55,0.156,0.4707,-47.13
Oj_ZaB4TZSA,0.8315,74.42,211.45,45.79,0.9584,-0.1269,53.84
PYPn_HIwxro,0.6233,178.69,144.72,17.44,0.1526,0.4707,-46.54
mso0PeETKNA,0.6242,178.25,144.95,17.56,0.155,0.4692,-46.84
YFUOKHE0hdY,3.5273,169.8,109.89,42.48,2.7682,0.7591,61.54
lxI6elSZ3Vc,3.4234,171.98,103.82,46.43,2.4383,0.9851,58.44
tC2oYm0GgbI,3.3776,170.64,109.0,41.48,2.7657,0.612,84.33
Yi5zZ-MjhYY,3.2743,163.78,112.75,35.85,2.353,0.9213,117.74
vfJPWSER6GQ,3.5192,162.07,102.13,44.4,2.9791,0.5401,69.38
Bv7PYSqaJyQ,3.3438,159.35,102.98,39.06,2.7997,0.5442,94.62
p78pwSYfzsU,3.4539,158.62,109.98,43.97,2.5821,0.8718,71.97
PpB7PdM4RLY,3.4912,157.99,118.59,47.93,2.9105,0.5807,79.51
ub1wI4Nzqeg,3.3349,143.04,118.06,43.98,2.8995,0.4354,92.88
IxT7uoPwgOE,3.2295,157.32,116.57,36.22,3.2124,0.0171,65.2
R_sCtbBIN0U,3.6486,114.5,94.1,42.21,2.8919,0.7567,65.5
5JQuOZ3T_HY,3.7479,118.25,114.14,60.04,2.9229,0.825,70.47
Ye9eYFZ8B6U,1.3858,51.51,168.39,7.84,2.3973,-1.0115,32.79
0565zIOpyzk,2.5324,124.69,163.14,21.68,2.2985,0.2339,39.18
Q0JS8FsnPgc,3.0877,120.74,98.12,25.9,1.8193,1.2685,46.38
xt9BuMYcPcI,3.3507,75.92,102.74,25.05,1.628,1.7226,55.66
UCtuhQ64ryg,2.0231,163.65,71.97,41.54,0.9435,1.0796,75.72
-k9Cxa1fEOs,2.3711,40.6,128.77,19.38,0.6287,1.7424,12.12
DfW9Vb0fIBE,3.2823,114.42,147.16,31.64,2.7005,0.5817,49.79
TcO8IHcUXig,2.7377,96.67,109.03,23.02,1.9435,0.7942,13.4
i9kKnf1hpzo,2.9356,112.42,139.65,30.66,2.3406,0.595,34.11
5c_pqJbCZvo,3.0218,136.37,135.06,29.6,2.8591,0.1627,61.35
kJAdpKd97jo,2.6011,136.31,131.06,22.99,2.5545,0.0466,53.71
usWmPJlEOC8,2.9364,144.86,128.93,27.16,3.0603,-0.1239,47.03
V-EWUCCznLc,2.7368,89.33,131.29,24.48,2.417,0.3198,29.46
Pj9COa9EEUo,2.86,134.44,127.47,24.16,3.3506,-0.4906,32.34
6i1a-lTfM3o,2.5992,128.56,139.45,27.04,2.327,0.2722,57.04
xgs8Gz6ci70,2.9509,82.95,142.07,28.12,2.4476,0.5033,39.03
jwsyUKO44q4,2.9562,118.06,130.51,29.37,2.6809,0.2754,31.35
QTWIIr7A_Yo,2.9029,145.02,127.83,31.01,2.8422,0.0607,48.71
U2uADH6dLeg,2.6892,84.25,154.66,20.09,3.4116,-0.7225,28.44
KtjJJ8z3-YM,1.7388,141.74,158.44,10.86,1.9888,-0.25,88.0
O3FJXM4qCKw,2.3504,149.19,139.77,21.11,2.5719,-0.2215,70.24
-7t-f7yoS0g,3.7514,80.4,92.92,41.37,2.3922,1.3592,-10.15
MI63Yz1vHf0,2.6382,99.97,148.25,54.93,1.7394,0.8987,57.9
0IidJfL_eJ0,3.4419,103.24,86.29,37.84,3.1265,0.3155,54.7
pygliQtoCD4,2.7578,60.31,119.14,31.52,2.0032,0.7546,36.63
LkN-1bqIfHM,2.8674,133.4,125.3,33.47,2.7084,0.159,91.69
nC20dRX_mp8,1.3411,143.43,176.06,13.75,1.9525,-0.6114,66.26
_RFCKxOs4Ak,2.5245,64.9,205.66,30.99,2.6375,-0.113,30.99
4DH7c6aYvho,0.0,0.0,78.95,-0.0,1.0677,-1.0677,-6.48
z6Gtk9Lg0dE,1.5095,116.62,113.6,6.59,2.1691,-0.6596,1.76
0BgrWXFLx8M,0.883,41.67,242.3,25.92,1.8793,-0.9963,11.53
HLctyR_sJ8g,3.1588,103.98,115.13,31.22,2.849,0.3098,66.35
B9T7W-MCFCc,3.2449,123.46,119.39,30.3,1.3498,1.8951,64.29
KFB4Y52M6WY,3.324,107.89,120.42,40.56,2.0498,1.2741,56.42
MThVg_-LT0A,3.6669,102.13,139.77,51.97,3.4411,0.2258,58.94
4bFPLDn31-A,3.2799,79.81,137.61,39.37,2.667,0.6129,22.39
VWOuARyfOjA,3.4125,84.67,142.82,46.93,2.1231,1.2894,25.42
lnni0uxGXVI,3.2502,108.58,139.24,26.35,1.8023,1.4479,70.09
J7TLVJlinKw,3.1526,86.3,167.73,24.08,1.8872,1.2654,58.44
pCkP7p_NWoY,3.2109,84.45,161.06,37.04,1.9087,1.3022,18.91
--XgLGi9YmU,3.5494,129.73,133.75,39.99,3.1903,0.3591,70.65
itCjJ5Qmv7E,,,,,0.3086,,
iXbRtPcxqBw,,,,,0.3086,,
QfM0oycRzTo,3.0904,99.48,116.43,32.1,2.056,1.0344,38.61
gq6JDhD3XE0,2.6708,89.6,108.03,18.12,1.6511,1.0197,0.52
QVChfSoDkGs,1.5119,34.35,141.51,20.5,0.684,0.8279,-33.13
fzhDu1-W76Y,3.1123,92.52,119.55,31.16,3.3298,-0.2176,5.71
yTF9xqybtnU,2.2614,81.31,187.24,17.75,2.3858,-0.1245,26.65
29qBuaURXDw,2.381,88.96,150.72,42.33,1.446,0.935,-69.86
l7lR9WCFWo0,0.687,16.31,142.11,32.82,1.7204,-1.0334,0.53
chniFQgxjus,2.6779,66.73,171.78,26.9,1.6952,0.9827,8.36
SOO07o-Hcfc,1.1844,47.2,126.28,13.54,1.5085,-0.324,6.62
_w_0Dip3A04,0.9572,47.78,134.8,8.59,0.5094,0.4479,13.79
unru6poupCo,1.3021,42.62,120.25,14.76,1.1882,0.114,15.51
-VuBfc6xpqc,0.8646,41.0,127.42,10.57,0.3882,0.4764,20.06
skRkEocLhDM,1.1128,52.97,141.74,7.67,0.8647,0.2481,19.75
hO0a2NDaE9U,1.0527,58.97,132.06,9.29,1.3149,-0.2621,3.28
ouL3eunIO1U,1.8204,88.26,150.55,28.0,2.6563,-0.8359,23.0
pSnEcJv4JfI,2.9061,140.49,134.05,39.42,1.808,1.0981,65.2
O88lFhCdMDA,1.5602,130.13,114.29,11.1,1.6945,-0.1343,44.9
SqHYakXAph8,1.7593,53.9,117.14,32.28,2.3948,-0.6354,-5.54
uWMFhkzDixM,0.4951,164.38,163.01,6.29,1.5066,-1.0115,35.34
D1TywemT7ZA,2.4158,45.48,156.38,45.31,2.9844,-0.5686,-8.09
ciNBoX-YVp0,2.3972,102.3,116.28,30.65,3.5235,-1.1263,5.33
9Rf_mDfSUxU,2.7672,84.97,114.39,23.47,2.4477,0.3194,-6.46
nXovisOlxPs,1.9801,78.34,121.48,17.99,2.3983,-0.4182,25.81
GQj_PpLXzCw,3.1814,87.58,124.79,49.72,2.7828,0.3985,22.95
1K7FfLp0sds,2.4647,137.95,142.52,42.63,2.5646,-0.0999,-7.54
4_aO0a8l8Co,3.0168,85.64,122.76,37.05,2.6543,0.3625,10.11
GPo2UxwGIM0,3.0256,82.89,102.42,57.58,2.5745,0.4511,33.23
ZRb17liv8F8,3.6015,167.71,125.89,36.09,1.2478,2.3537,31.25
56bpXp0aLjo,3.7241,154.61,118.73,40.19,1.8903,1.8338,55.23
3-_39p4Mzok,3.6966,178.77,105.84,40.96,1.8026,1.894,43.78
vPCw0zD1mJA,3.561,170.1,114.78,32.83,1.5543,2.0068,29.5
bIykuvba-_U,3.6991,172.13,120.21,38.55,1.8221,1.877,69.14
gD4ieirbwv4,3.7133,160.71,125.01,39.45,1.3557,2.3576,66.32
jdoVyK8f-eM,3.5044,149.87,125.08,37.0,1.5033,2.0011,70.5
xuHV0HXyEPA,3.7226,164.74,106.58,45.92,1.9994,1.7231,60.82
Q5zBuSzc7B0,3.4073,159.45,113.94,35.64,1.839,1.5683,46.63
L9FEn1oemYA,3.6823,153.4,111.22,40.48,2.105,1.5773,64.77
5oY8Kh1Eg9s,3.299,67.38,147.46,30.18,2.8694,0.4295,5.05
iVh31SCNtiU,2.53,89.15,98.82,23.4,1.444,1.086,-38.36
_aXsZqTANTs,2.8181,112.68,179.57,29.28,1.7951,1.023,57.7
Xhx7zmrFG4U,1.7333,118.35,204.65,40.47,2.9078,-1.1746,51.55
ltKNrsmLI-A,3.2812,42.92,139.95,28.29,3.5151,-0.2338,-22.56
FyF5KOCz514,2.1395,151.26,133.76,17.79,3.3924,-1.2529,72.75
ZrfVRNe7mkk,2.3853,103.42,94.39,57.61,2.0547,0.3305,-35.77
NXboBpQuXsY,2.063,111.9,94.13,16.39,2.4803,-0.4173,47.56
7N8hgMEMq_8,3.0004,93.22,100.89,24.77,2.9031,0.0973,4.26
rbIJS8xAmtM,3.2441,160.12,88.34,45.6,2.794,0.4501,25.0
rePp5yQrN4U,2.7949,137.6,108.13,65.78,1.7246,1.0703,31.8
50kou1W1bqU,3.1431,140.31,117.59,44.82,2.2915,0.8516,77.81
1WuaHHPX7w0,3.371,123.37,124.47,62.26,3.486,-0.1149,-7.14
mZN-4OSUEtE,3.0781,123.24,115.13,31.5,3.5306,-0.4525,7.3
QmueiTsyqiQ,3.1861,155.7,109.57,60.5,2.4266,0.7595,61.97
0KQdxmz0P8c,0.9813,19.42,125.75,12.79,2.0633,-1.082,-48.5
TW3OCW-X8YY,3.136,158.54,116.71,32.32,3.1563,-0.0204,92.99
qkQrQS6DAxs,3.1539,124.23,129.6,36.37,3.3707,-0.2168,52.96
zO3mIz1cSys,3.1239,131.61,127.19,38.81,3.2778,-0.1539,66.81
KxmilqHLuYY,2.8775,100.68,142.32,27.32,3.1764,-0.2989,18.16
0Te4GrUn3nA,2.8449,137.32,135.79,26.2,3.4424,-0.5974,60.16
xYcIP7WYdRc,3.0003,126.82,139.34,27.09,2.8193,0.181,46.32
jQ3CdT7U3kI,2.9942,129.33,153.43,27.46,3.0316,-0.0374,84.63
SqDKtZvIp3c,2.9983,155.66,151.5,26.14,2.7173,0.2809,87.05
X-Mdb2X31u8,2.9761,149.93,173.48,28.68,2.5117,0.4644,67.87
0coKu_a_BMs,2.8843,61.23,97.34,15.75,2.1636,0.7207,61.23
0Tu11kDsvPc,2.4673,145.3,107.7,46.84,1.4559,1.0114,14.29
eOrUS7ZrwhQ,2.074,149.3,149.5,22.09,0.0,2.074,149.3
RkB7sIQ38N4,0.0,0.0,156.16,-0.0,0.0,0.0,0.0
LJsL9M38Bkc,2.9493,4.96,104.24,16.55,3.0323,-0.083,-4.36
L4Qyzu7BJUQ,1.794,6.05,114.06,12.47,2.7802,-0.9862,-56.83
yABeygQqqSU,2.2484,148.16,117.39,17.24,1.8479,0.4005,48.54
YqfBK0-wuSg,2.6446,118.41,113.51,23.5,2.9784,-0.3338,-7.09
H9HvfZps7KM,3.4487,73.42,111.43,33.33,2.594,0.8546,36.01
4_FKr6l4IQ4,2.0046,42.47,114.74,8.64,0.0,2.0046,42.47
aoro3uiXckc,2.499,98.05,205.69,34.61,2.8658,-0.3668,-13.88
y9kQh6Hwk_Q,2.8524,102.49,199.4,33.65,3.2304,-0.3781,-15.04
Ne_chrvc_gc,2.3775,59.44,125.65,21.23,2.2994,0.0781,-18.49
QDmy3K6LQps,2.5734,49.4,135.21,38.55,2.9681,-0.3947,6.66
3Ohi2246_6I,2.7666,64.13,146.02,27.6,1.198,1.5687,-24.46
VXygY9eCo7M,2.6276,108.23,141.41,38.39,2.5267,0.1009,33.46
iyMrvcX_Bl0,2.9799,45.6,152.98,27.08,2.8438,0.1361,-9.2
tbstVo8VeQU,2.4391,65.95,163.6,38.44,3.0102,-0.5711,-12.96
bIIOrbW_HH8,2.7424,125.16,126.55,24.33,3.0545,-0.3121,30.8
BZZsC61z4fg,2.8558,128.75,110.43,55.09,2.3955,0.4602,-35.38
hO5SYvNqKB4,0.5307,80.23,140.75,22.52,2.6743,-2.1436,8.71
ECW99NZcijo,1.0017,70.36,203.44,28.07,2.4389,-1.4372,22.12
wzqLvJYwdJI,0.2958,47.71,202.48,58.46,1.8911,-1.5953,-29.08
zJWgQsbFLYk,0.1189,26.91,215.96,47.25,1.33,-1.2111,8.43
8LGILzOTpoU,1.7937,51.13,145.0,22.18,2.4401,-0.6465,-21.65
zZMbkBmsj18,1.2731,127.42,123.08,26.11,0.3696,0.9035,-1.05
woydsSbXyvs,1.3148,57.41,192.05,37.79,1.8825,-0.5677,-21.99
hciMKsZPfOU,1.1554,137.08,114.21,23.6,1.4139,-0.2585,8.66
4RdPhGaPPbk,2.5517,174.66,38.18,16.18,1.1582,1.3935,-13.21
zc0z5TUod6M,2.1955,82.72,137.9,20.29,2.2909,-0.0954,-18.03
FylOwMOmo2g,3.112,60.77,134.33,48.6,3.3713,-0.2592,9.66
nVpYMz2ylHQ,2.7331,114.58,70.77,58.16,2.7303,0.0027,33.61
2N_I6IHpoRU,0.6638,89.79,189.19,3.25,1.5761,-0.9122,23.21
w7LHGbFtZWs,2.044,66.13,197.14,37.43,1.7469,0.2971,-31.59
ZoWsTB4_KR0,2.3598,168.86,134.41,19.56,0.6042,1.7556,97.65
4OWyZnn-LdY,1.6855,82.87,87.32,26.74,2.4581,-0.7726,10.9
YZAXXQpAAco,2.2427,137.64,174.48,18.17,1.988,0.2547,28.95
NJuj7owftKI,,,,,2.1053,,
PS8m0YIT4UA,2.1581,59.94,110.73,21.66,2.6229,-0.4647,4.2
qi_M1rDKF34,2.2402,126.77,104.51,44.78,2.933,-0.6929,14.35
toFthMnEAq8,3.095,65.84,114.96,33.33,2.4816,0.6134,31.24
b2GKt5WK9hI,1.5679,67.08,176.81,28.29,1.4251,0.1428,31.98
9cv_Q4X3004,1.7762,73.77,162.92,31.97,1.7293,0.047,33.64
hIAWmGasmxc,3.0271,49.01,176.45,50.18,2.457,0.5701,-1.42
MOYUr6iMxkI,2.762,67.2,165.38,58.52,2.1908,0.5712,0.91
YyFe9KCStig,2.7854,69.16,161.14,49.95,2.6232,0.1622,-8.1
Ki2CZBjsjfc,2.7369,61.2,96.74,15.79,2.865,-0.1281,-4.01
vDVEknwThLg,2.9957,51.74,102.09,20.65,3.065,-0.0693,22.03
tmU0u-i4sxw,3.1254,114.46,106.65,62.28,3.0041,0.1212,52.71
zqzLS69nB5E,2.9039,90.88,121.44,47.5,2.7368,0.1671,40.64
J5A1iLSs3Ac,2.3728,55.34,201.01,25.94,3.0602,-0.6873,-14.06
CfXcagZ6QJo,2.1839,47.87,161.31,30.93,2.2195,-0.0356,-63.71
txt2LZiKuug,2.755,182.49,145.47,24.74,1.5513,1.2038,68.76
0B-BSnq4Z74,2.5736,99.7,127.84,23.56,2.6649,-0.0913,28.13
3Tls764Sces,1.7473,75.48,112.28,16.01,2.5603,-0.813,-14.62
FMcd8gBuZxM,2.6063,90.95,103.69,52.54,2.6031,0.0032,-3.36
IV3CPMz2go0,2.5128,76.83,91.29,28.24,2.7229,-0.2101,15.62
9hg8sWNOsvc,2.1449,84.34,109.61,21.11,2.7355,-0.5906,21.1
WKvhKohx7C8,2.6895,74.6,135.12,35.52,2.656,0.0335,23.41
Fl7ApKQhBCA,2.8239,70.22,121.81,44.83,2.2107,0.6132,-11.12
ZCiQtK90qG4,2.3397,54.36,154.94,60.96,2.5404,-0.2008,-8.01
DtIUwdKvmWU,1.5208,102.47,149.93,34.21,2.1886,-0.6678,72.98
orDCMs6iE7M,2.6014,49.13,122.25,42.3,1.6457,0.9557,4.73
UoheJER8Jw4,1.8194,151.43,116.02,12.71,2.0112,-0.1918,47.07
CggmmQA9gl8,2.0959,138.57,141.72,17.91,2.1181,-0.0222,38.5
h_KGNfOZjNc,1.3988,62.99,165.28,33.49,2.1364,-0.7375,-44.27
a7e7-cRjxWI,0.1202,12.38,197.71,50.4,1.5974,-1.4771,-1.13
BF2WgIJbPXw,3.1371,86.86,89.37,24.56,1.961,1.1762,9.1
rdRT3U5QoCw,3.0467,78.9,84.18,22.42,1.6111,1.4356,9.81
tpNUTSiBIpE,3.234,85.42,81.74,23.22,2.143,1.091,-0.44
3Jd-rMh8bN0,2.9715,110.08,84.39,23.17,1.7341,1.2374,-2.42
eaQwlK2C9-Y,3.0483,104.53,83.21,22.92,1.8111,1.2372,-39.52
Re4EZZDpM5k,3.0308,96.58,94.89,23.87,1.2358,1.795,-11.69
SP-6-mhYLho,3.0788,112.79,84.07,22.67,1.7857,1.2931,-33.61
a8CWsTWpf7E,3.152,89.0,80.72,21.75,1.5362,1.6158,-11.98
qonl6GdIP5w,3.3462,90.14,81.1,27.0,2.9119,0.4343,-30.02
_Y7UoJY9f2Q,3.0991,103.84,86.13,24.91,0.7478,2.3513,-4.35
1wyfU5BCeQ8,2.9891,71.42,142.49,46.98,2.0992,0.8898,-40.84
gltKbU-4dXI,1.7971,95.34,112.75,38.54,3.0591,-1.262,-32.21
yv1j8GX92xw,2.2315,21.52,133.22,15.5,2.8625,-0.631,-35.23
2GPCu9JeCCI,2.4183,70.26,154.94,27.8,1.1996,1.2187,1.75
6dDzULbPnrE,2.5707,69.32,164.24,26.1,1.2144,1.3564,0.24
5_qbWwdRe3s,2.6936,69.46,173.37,21.13,1.217,1.4766,0.2
8K-_iKi7mtM,2.3067,91.12,182.54,24.01,1.2465,1.0602,21.73
redALBIuuvg,2.634,98.14,197.34,29.27,1.2675,1.3665,28.41
JhIN3YOEnFs,2.4324,91.7,180.6,26.74,1.1013,1.3311,22.24
GyDnGoruoc4,2.6449,90.85,164.72,26.06,1.4797,1.1652,32.05
MH5KkrWCysc,1.7837,99.69,182.77,23.59,1.137,0.6467,31.95
k9mCYKBKx0M,2.3421,82.93,185.02,21.55,1.0139,1.3282,13.23
vvI3RwPMhEA,2.6041,148.92,137.69,35.97,1.7397,0.8644,8.43
w-g_B8XgTNg,2.6707,165.14,133.74,48.33,2.273,0.3977,-8.57
lUh7yCSxJFM,2.5827,163.94,130.33,55.74,2.353,0.2298,23.72
oqMGg5mbBDQ,2.8765,89.4,128.47,32.56,1.8718,1.0047,35.0
8BkWHdj2jW0,2.9801,71.57,132.52,26.14,2.3299,0.6503,15.55
fDa6OcTGba4,2.8707,71.58,134.0,27.85,2.1615,0.7092,10.64
mwCMBWDEJBE,2.427,90.58,139.18,20.21,2.1382,0.2888,16.68
0bnK_dHGzdo,2.926,84.28,128.13,35.32,1.899,1.027,29.88
kDYyrKSPjkM,3.602,57.87,110.3,36.08,3.1181,0.4839,6.33
nZ0yM1Ks6A4,3.2619,81.27,155.51,36.01,2.6617,0.6002,12.66
R4WJ2VsHHW8,3.1284,73.9,123.75,48.67,2.9048,0.2236,-40.72
-OYdBKtzS8g,3.3372,78.25,167.29,45.21,1.7631,1.5742,33.03
DSTDUDV0w5c,2.7286,100.61,175.98,23.52,3.1574,-0.4287,70.78
TiQuzmd_M0M,3.8281,42.34,116.38,63.89,3.2696,0.5585,2.13
7Hjd47KgIcw,3.1501,87.3,162.96,42.78,1.9647,1.1854,-19.81
aLQOpwIi0_k,3.5845,41.22,114.87,47.24,2.7026,0.882,13.25
G5XsYTaNRvM,3.258,71.29,159.46,33.96,2.6776,0.5804,31.35
4bO1eRfijnM,,,,,2.1348,,
epyq0L4i-Qg,1.7496,143.58,153.26,18.0,2.8689,-1.1193,91.82
j4xO1eJvuxY,2.8471,101.63,134.46,28.76,3.5689,-0.7219,18.2
LTyF4wE78Hc,2.7792,150.08,120.39,27.92,3.3583,-0.5791,74.21
oHGXjsX2brM,2.7929,127.62,138.64,31.85,2.9584,-0.1655,33.36
FRdX5aaLY2M,3.182,61.51,129.32,19.04,3.3427,-0.1607,-104.88
vhtTtJzCFCU,2.7437,103.87,130.07,17.04,2.8968,-0.1531,19.05
vG5DNhkFb_g,2.4316,109.97,130.6,17.39,2.5838,-0.1523,30.41
WH5-LKj-ArU,2.9083,65.9,143.6,24.64,3.0948,-0.1865,8.77
EKDoM9Kghmw,3.3917,37.05,133.76,25.75,3.1343,0.2573,-45.78
X4sJQLVafVc,2.4838,160.43,141.74,20.6,2.2673,0.2165,38.08
1z43_a7RY4w,3.0228,66.95,207.42,26.13,1.7814,1.2414,13.62
mBMUwn4zqqI,2.9815,59.87,211.48,27.27,2.6666,0.3149,48.8
7L24wOJhcSA,1.8225,118.18,200.02,21.33,2.414,-0.5915,44.26
lcmJCr2WBqs,1.7671,223.03,216.02,16.71,2.3555,-0.5884,32.77
FmU-AmwJSdY,,,,,3.1191,,
V6iXvy5Ex8A,3.0901,56.03,129.45,35.45,2.9873,0.1028,-0.99
6oO1f7X838s,2.7484,135.67,151.48,39.11,2.8644,-0.1161,39.02
0z0wT5JW3zI,3.1375,98.4,107.31,38.42,3.2888,-0.1513,56.83
HyMrSlfK4Kc,2.6485,161.44,116.48,38.23,1.5134,1.1351,26.92
OhXWrnhnhm0,2.7319,137.12,91.44,25.25,2.6523,0.0796,58.03
GjXTxgibrco,3.1711,101.65,130.73,41.62,3.6322,-0.4612,60.14
QRHINpV2CW8,2.3168,103.88,164.6,21.89,2.2847,0.0321,14.59
mdpO81Lp_w0,3.3904,149.69,136.16,37.6,3.1666,0.2237,-2.89
pCt1v2nyxLQ,2.6103,139.93,148.73,24.97,3.1368,-0.5265,82.53
wUphJlUgAPE,3.3319,107.55,82.6,30.34,3.445,-0.1131,53.18
fppKNLJWiaU,2.8801,113.23,62.25,18.85,1.7811,1.099,10.89
yADvGQoFvs4,2.1914,67.92,124.66,25.8,2.6446,-0.4531,7.89
kTZYQesVJZY,2.9747,39.49,128.18,48.22,2.8473,0.1274,-9.01
0oWNos30ICg,2.2346,51.3,129.7,20.54,1.3019,0.9327,-18.88
xNvnmkJ3eRo,3.5616,56.38,112.47,68.58,3.1993,0.3623,-4.46
j1JuUZLeEEU,3.1089,27.97,134.56,36.46,2.6437,0.4652,-35.17
Nfac4Jm9498,0.3696,9.46,164.25,5.98,2.9787,-2.6091,-44.98
w7j-vUWRDVw,2.3967,67.51,112.51,23.49,2.6776,-0.2809,-39.16
raR4VKQo0MU,2.2766,50.51,118.94,23.76,2.0004,0.2762,-36.82
Y0niFChwMqk,0.3513,9.1,165.87,6.28,1.9973,-1.646,0.46
DPMzUtFAEO0,2.3953,88.1,147.83,49.82,2.2706,0.1247,-10.2
3Xh76CxDrOQ,2.965,78.35,122.27,40.41,2.9951,-0.0301,-12.23
6DGttLY7aYg,2.5586,40.63,128.42,51.16,2.321,0.2376,-12.64
f9o7ovr87LY,2.3779,85.57,129.22,34.03,2.4125,-0.0345,-24.66
gbnmTOBSHMU,1.8348,135.78,121.58,17.85,2.54,-0.7052,-3.85
6LOcGLBV36A,1.8683,79.57,153.57,28.55,2.6741,-0.8058,0.92
fk0uYQah-fo,3.1535,102.91,150.02,35.14,2.7927,0.3607,-72.87
TIDoB5iYzVA,3.1289,68.84,120.47,39.35,2.8303,0.2985,-2.24
Gva6Avq5IhM,2.5243,82.76,171.22,52.99,2.7664,-0.2422,8.79
jA24f8dT4zA,3.2412,96.53,149.67,31.85,2.6733,0.5679,25.11
ZzhUMYurwzg,2.6156,73.04,186.94,28.0,2.7471,-0.1315,-6.35
0pO4A0WYSws,2.7996,110.23,165.77,28.68,2.8439,-0.0443,16.7
MzjRGdsjCHU,2.2822,83.9,152.05,30.51,3.4119,-1.1296,1.63
w3cVTqJzwB8,3.0085,102.16,161.06,39.32,2.868,0.1406,18.92
ddWyeu9kr1E,3.0339,87.77,158.59,39.75,2.953,0.0809,8.32
6kKgjpf3Ihc,3.0799,92.66,169.41,41.28,2.7818,0.298,-6.83
Gvaw88ysVHM,3.2964,43.9,178.81,43.71,3.2881,0.0083,-26.09
IQ6qXY9gIRE,2.6509,61.59,128.15,32.75,2.0137,0.6372,-2.09
OWjplMXTrQk,2.9387,56.22,179.93,28.24,3.2388,-0.3001,18.73
fH_lwShRSfc,3.3312,104.88,95.32,32.53,2.798,0.5332,53.13
2XzIYPVgXPM,2.7426,82.27,85.03,18.48,1.8093,0.9333,10.07
ZkfrsVj-LPk,2.9182,93.71,98.43,21.64,1.9501,0.9681,4.73
T7S09XQUHlo,3.1461,96.15,102.67,50.03,2.8384,0.3077,47.69
Zc9nBTQw2GM,2.891,157.11,99.88,24.89,0.8015,2.0896,65.58
NsxffCD49lQ,2.3495,152.81,47.42,15.65,1.5208,0.8287,32.84
V5jVVhrF0YY,3.4317,116.47,76.23,45.1,2.7821,0.6495,-2.87
b3IBr3-xGv0,2.8575,141.04,85.18,22.49,2.774,0.0835,49.45
rSuWixbLFjY,3.2771,120.05,85.27,47.51,2.9873,0.2898,-7.85
hO7FzPwJlHw,1.4199,44.68,80.25,24.9,2.8967,-1.4767,-75.2
ZaL99ZWFoi8,3.4412,166.65,95.05,43.34,2.7293,0.7119,51.71
p4okL7rPTq8,3.4642,60.55,153.69,49.95,2.7114,0.7528,-24.28
AtRDuOKy4Rs,2.8796,67.09,151.47,24.87,2.8416,0.038,-8.17
q8pj5W2xhg0,2.7925,26.09,46.71,21.33,0.9946,1.7978,26.05
Mdq6VTpqKTo,3.1708,46.05,184.37,40.58,2.7682,0.4026,-12.16
p5Lx6WMmLeg,,,,,1.763,,
3lfFNypAPHU,3.0269,96.82,72.37,44.39,1.5067,1.5202,-32.9
aP7jZ92pvEE,2.2305,82.6,215.77,39.31,2.2169,0.0135,48.43
_DfHfOJGjto,1.7483,142.79,198.7,12.09,1.5193,0.229,39.93
roqGNBtEWNs,1.1066,50.48,208.95,17.18,2.3365,-1.2299,20.02
xlctktTtE9I,3.1364,119.54,125.91,23.31,2.0674,1.069,76.33
ZMipbolvIfw,3.2032,105.08,93.09,21.75,2.4887,0.7144,40.06
kZIB_izbsz4,3.1053,89.52,105.3,19.18,2.0407,1.0646,42.38
s9FYLKlIevM,3.0316,90.74,107.2,18.96,2.1844,0.8472,46.65
y9VFJ04OzKI,3.0067,104.64,94.19,19.35,2.0283,0.9784,69.15
kKduy1Wwjzs,3.1124,119.98,111.55,21.96,1.6451,1.4673,84.61
zGzQY1Y6oA0,3.1595,98.79,108.72,20.98,1.8421,1.3174,62.88
Z25re2Wqpzs,2.0428,70.12,95.89,9.78,2.4173,-0.3745,-26.39
ezCihKC_NEM,1.0269,60.59,147.77,3.82,1.6492,-0.6223,-25.44
btrMk9nR-rk,1.5409,149.63,68.14,13.87,2.2365,-0.6956,-1.48
NIzxazrFZAo,2.5643,141.46,67.39,14.72,2.638,-0.0737,-1.24
6iSFA3-I4hg,3.399,159.58,113.19,64.3,2.0886,1.3104,77.68
ECgpkgZPgEI,3.574,143.69,124.82,43.16,2.607,0.967,75.48
HWbCB4VUH_Q,3.5556,153.08,126.04,36.25,2.3181,1.2375,96.19
VJeFof6z88I,3.5618,143.4,88.41,37.08,2.4395,1.1224,69.6
ssXsnmKZtSo,3.6659,221.76,101.5,67.05,3.1807,0.4852,74.23
3SXk--BNHHU,3.3783,175.31,132.18,38.4,1.934,1.4443,80.32
nql5Anu4vwU,1.3765,87.0,174.42,20.11,1.6564,-0.2799,-4.7
s12c66wE-xg,2.6758,58.11,149.35,30.32,2.7759,-0.1001,-51.61
Nitic0q7rsQ,2.3949,64.4,219.34,59.93,3.1805,-0.7855,-53.73
FhA5ITcNM1I,0.9447,66.22,239.78,38.43,2.704,-1.7593,-23.19
h8OsCq4Yb9k,,,,,0.2683,,
_yUHPD_CE48,,,,,3.1417,,
8f1nRizTCBw,,,,,1.714,,
LazIdKtDLA0,2.2264,38.96,180.34,26.25,1.0827,1.1437,-50.49
hVWjJYyET4Q,,,,,0.2687,,
t_dzZOT_SmQ,,,,,0.2687,,
AJYaKShKkuU,,,,,0.2687,,
-qbjP5Rs70U,0.4887,41.31,222.3,9.66,2.7364,-2.2476,-11.1
7timrgCsRLA,3.7634,117.97,114.83,59.66,2.4354,1.3281,22.21
cWdsVNE6vg8,3.3252,154.58,128.51,33.56,1.1881,2.1371,58.1
Y4c66WLNx5E,3.5636,157.35,108.99,41.87,3.1299,0.4337,79.81
Fsz4LTnx1oU,3.4849,183.65,113.63,42.63,1.8483,1.6366,66.32
3bi6rN4Aht4,2.8791,169.43,112.63,25.52,2.0706,0.8085,15.36
qrePauTQDo0,3.6243,122.9,106.17,55.8,2.0563,1.568,72.6
kJe9fjRr48g,3.7404,169.08,112.07,63.15,3.4751,0.2653,41.1
ztn4H5EaSx0,3.2496,156.08,115.99,34.65,2.2259,1.0236,81.69
cQjDkC0uBwI,3.351,187.85,101.62,60.3,2.2739,1.077,51.67
MV0VFFodHjw,3.0175,56.63,103.7,26.9,1.374,1.6435,-36.96
E_K50D0rN-g,3.0145,56.78,103.91,26.81,1.3731,1.6415,-36.76
fgfy1lxDtC8,3.0241,56.81,104.15,26.58,1.3696,1.6545,-35.97
JvBHiyfW394,3.0439,56.89,104.29,26.63,1.3684,1.6756,-35.76
NM9oQ_kePMM,3.022,55.78,102.41,27.14,1.3725,1.6495,-38.21
m-1IJQ9IjRQ,3.0401,55.5,102.31,27.23,1.395,1.6451,-38.63
pwSfR34hoVA,3.1059,56.09,102.6,27.35,1.3895,1.7164,-37.64
3hX8H5m9b9A,3.0337,59.79,102.62,27.36,1.3843,1.6493,-32.48
GWnohCzdWwY,3.027,59.81,102.59,27.42,1.3835,1.6434,-32.4
7MCzD-BoS5I,3.0345,58.68,103.58,26.85,1.3853,1.6492,-33.75
GuCGuvNB1ks,1.2895,148.47,187.61,22.58,1.1878,0.1017,75.0
lxoYOm4MP2I,2.0057,126.07,175.54,27.34,2.6202,-0.6145,40.77
W_Cst469iIQ,2.6448,76.67,110.25,46.58,1.8493,0.7955,17.5
dcvKZ_VTJXs,2.4846,120.02,172.43,27.4,2.3457,0.1389,20.24
pKWnCIFSCT8,2.301,114.99,65.94,34.46,0.9076,1.3935,-15.6
rqC6e2D7lIc,2.7986,134.03,149.49,43.55,1.0918,1.7068,-1.25
EvOnRgqtT9M,0.6895,92.08,203.36,13.42,2.4616,-1.7721,-2.03
plzitzGhsFk,1.6017,138.58,147.25,20.84,2.2919,-0.6901,67.49
HC6j3CC-T9c,1.1291,137.26,187.58,18.78,3.4484,-2.3193,68.18
a2U2RPnwnJY,3.0545,48.83,85.3,57.5,1.2035,1.851,48.47
ARwadgWctko,1.4301,88.71,122.58,45.15,3.289,-1.8589,10.52
FG3YjNfoDuI,1.6737,165.24,131.16,29.58,0.7589,0.9147,71.16
mp2rbNgWh_U,0.8612,22.53,167.68,32.41,2.2574,-1.3962,-8.67
4UyJ3-XCYQ4,,,,,2.1679,,
B9oOh-xSEY4,0.9809,118.55,237.18,20.08,2.7397,-1.7588,73.88
jQV36iM6kyY,,,,,0.9499,,
e1cCvBqsWbg,2.6066,44.6,155.22,45.86,2.7597,-0.1531,-12.67
xvilMx1j348,0.9943,207.15,207.56,6.31,1.7398,-0.7455,65.8
omiasoEjZfw,2.0187,91.91,234.43,16.3,1.0108,1.008,19.61
H9tbOYwbzJg,1.1312,115.93,234.1,5.07,0.9907,0.1406,31.52
EK614CKiM3k,1.4199,114.92,207.82,25.7,1.0248,0.395,42.34
0oCqRFK5rLQ,3.3881,122.69,92.58,35.11,3.1741,0.214,6.65
SMMz1e6QhYc,3.5874,140.98,87.64,54.0,3.232,0.3554,25.19
Opxda6NqmNM,3.5054,128.31,88.56,38.86,2.2196,1.2858,15.72
doLZrCHEX7I,2.8053,94.7,116.73,22.15,2.0538,0.7516,20.74
YuT1OjKFbPE,2.4072,131.89,101.82,17.79,1.6512,0.7561,5.89
HfMXRJU7ujU,3.5374,99.02,84.12,37.79,2.1776,1.3598,-15.82
iwaqqgj73B8,3.0765,128.61,78.9,26.7,1.8083,1.2682,15.31
ecTQZU1GblM,3.2767,104.44,86.67,61.04,2.2939,0.9828,41.1
BGkoBGp8N6s,3.3058,129.11,89.22,63.09,3.1332,0.1726,25.3
lXUJga_pE5U,1.8422,148.96,161.54,27.36,1.7764,0.0658,33.83
XsH_ZCG0rJo,2.1547,84.63,124.71,39.9,2.6416,-0.4869,63.77
Z1y70IOaKXs,1.9304,55.67,143.42,40.42,2.1829,-0.2525,-84.84
U2wHeqG6T0s,2.2254,97.13,155.06,39.76,2.8572,-0.6318,-36.47
exdFp_2dkMY,2.2807,20.24,163.49,24.06,2.4315,-0.1508,-19.79
ITNvSrFwAjg,3.051,40.47,148.85,43.68,2.8503,0.2007,-29.91
sl6-esJSRqQ,1.8386,47.5,139.06,37.33,2.4209,-0.5823,-8.28
ZUxwosQ97vg,2.0034,76.39,121.14,37.85,2.1048,-0.1014,33.17
UCSfy5mB24g,2.1856,66.61,169.91,60.21,2.3603,-0.1747,-74.57
rVEosly7hrk,2.6251,45.88,142.71,25.24,2.7777,-0.1526,-39.52
Isw8_cgt6wQ,2.0368,170.0,163.39,45.61,2.5141,-0.4772,52.81
CT7G3YhLFe0,3.0149,36.2,139.48,32.16,2.4068,0.6081,-97.91
cZrtb7vMPz4,2.4676,45.69,105.8,49.55,2.926,-0.4584,-48.1
s8GE9oqBzDo,2.9945,124.81,115.52,43.49,2.2834,0.7111,11.83
xJE0UiRtlak,2.138,152.08,177.72,45.01,1.9206,0.2174,68.0
_P1swfGa0Ug,1.6215,118.2,168.88,30.37,2.6006,-0.9791,17.31
LY_8FhrrRqc,1.9361,173.13,161.22,51.92,3.0245,-1.0884,68.86
LFIOWQqobns,2.1709,144.67,181.75,35.18,2.9535,-0.7826,28.77
dlyom_W4h8o,1.9069,163.72,177.8,40.12,2.9987,-1.0918,68.15
cYQ3t7fN3Js,2.206,140.93,182.03,45.1,2.7554,-0.5494,11.57
nppLS7uTtUY,0.0,0.02,151.17,2.47,0.1257,-0.1257,-6.58
ODUWFj8jJN0,1.3826,115.42,82.71,5.96,1.9584,-0.5758,2.14
UxzZZJh6sHc,,,,,3.3666,,
vH96roG8CDg,1.7569,64.39,205.33,17.39,2.1043,-0.3474,3.86
teXl9oDLYEQ,2.6553,111.91,147.19,34.01,2.2078,0.4475,48.25
c144m948oh0,1.8915,177.43,143.35,25.17,0.3954,1.4961,-12.59
uSImVQNXSek,3.138,96.97,129.94,43.42,0.4936,2.6444,12.4
4wQTDuHdEKY,2.3739,118.5,157.48,29.04,0.901,1.4729,43.46
CAQrEFhmGvQ,2.552,104.71,163.12,23.68,0.5538,1.9981,45.74
CgX_wZTMgCg,3.3373,108.1,126.68,40.54,1.2866,2.0507,38.0
8iiYez0tPH0,3.3091,80.78,121.17,43.81,1.9452,1.3639,50.07
zj73WaQhu5A,3.2524,129.93,104.59,49.22,1.5639,1.6885,33.71
AS37_LC9tYw,2.8195,96.88,113.07,27.82,1.8849,0.9346,64.23
kn1wIZZNuMM,3.3251,102.32,135.26,36.86,1.9508,1.3742,68.98
uXk7cSXOG-o,,,,,1.8828,,
1Mpt_5Xj7ns,0.5303,129.32,111.95,3.07,2.4874,-1.9572,-2.93
_wmDx62X-sU,,,,,3.7725,,
ia6Axu6raMk,,,,,3.0539,,
XQ9f55vryao,,,,,2.4021,,
ylC4TgGGypM,,,,,1.4807,,
I-LCYC-0zXo,,,,,1.4067,,
NOMy_WcqzzE,,,,,2.7901,,
bLTwxRc0oeA,,,,,3.1235,,
mE8mZYQyo-Y,,,,,3.577,,
3rlx883yo-w,1.5066,98.7,193.64,7.1,0.5494,0.9572,-5.94
sU67GNvJgqs,2.66,101.11,181.68,41.83,3.0631,-0.4031,55.58
BUsnW1yaNrs,2.6067,103.14,126.07,48.01,1.3788,1.2279,-18.47
eFzWLezXLHk,1.0326,94.62,193.55,33.18,2.781,-1.7484,38.74
jm-l9pQF6Uc,2.7234,138.87,146.39,42.13,3.0446,-0.3212,87.0
qkPSOQkQuSI,3.2786,190.42,144.74,43.34,2.9501,0.3285,38.68
M9iSwgEk9Kg,3.2345,137.29,153.39,36.17,2.1409,1.0936,67.84
HUX_uKxtxxw,2.4828,127.34,165.48,27.39,1.8094,0.6734,-3.4
acHGj8Yd7sY,3.2805,158.56,144.03,34.16,2.1293,1.1512,25.09
QdamOFHl2uk,2.5283,166.23,165.09,43.15,1.1415,1.3867,96.97
_5kh1KBfzag,3.2875,164.18,152.83,42.44,2.5318,0.7557,75.58
BrKr9rawkNQ,2.9654,137.5,84.44,22.66,2.6245,0.3409,14.13
_t4Dl-kkm_A,1.3952,15.99,111.49,8.19,1.5776,-0.1823,-33.25
ciRvNy7IVzY,2.2331,190.11,107.55,17.99,1.2698,0.9632,5.27
zNF2bRCJUR0,1.0141,156.74,103.64,13.08,1.9393,-0.9252,6.24
Plk-LWTUZjA,2.7348,84.6,96.97,54.56,1.3043,1.4305,15.67
NUK-YvryznQ,3.0205,133.73,78.79,32.97,1.4717,1.5488,40.94
mTdHqCW8PtA,2.8876,85.71,62.28,44.51,1.7832,1.1045,20.18
-IUkHSdKw9o,2.9973,79.96,71.39,24.06,2.1101,0.8872,25.41
FT-DAN-_D0A,2.537,99.85,109.26,33.79,1.1367,1.4003,48.08
wANA4t12GgY,2.794,61.44,115.64,20.94,1.8212,0.9728,19.78
3CvSCcXLeiU,3.4772,181.61,126.54,42.66,2.8297,0.6475,88.47
wXdztVix76Q,3.4765,179.06,120.35,42.04,1.8965,1.5799,41.93
h4TZKq2wMoY,3.5258,187.03,130.65,41.34,2.8944,0.6314,84.93
1QCxnGs5C7E,3.5577,180.77,125.38,42.49,2.8976,0.6601,78.52
HYb1iZlM6dk,3.5541,179.32,120.16,42.85,1.873,1.6811,48.07
4k4L41un4UA,3.5056,185.34,129.07,43.24,2.5869,0.9187,61.07
TeVmy21hoX0,3.585,159.62,126.11,37.17,1.9719,1.6131,81.57
xrE-9QkW9fE,3.6129,168.99,121.39,38.4,2.0681,1.5448,76.11
j4KHDgyVenE,3.6392,166.25,118.91,39.65,2.2656,1.3736,75.19
DUX6Wjdp1x0,3.6044,174.78,123.65,38.86,2.5775,1.0269,91.39
MjOKozJtaKY,,,,,2.8844,,
J8CXCLYRbd8,,,,,3.4228,,
ue2TUd4coBU,,,,,2.7254,,
odsC2nQwB8c,,,,,2.3812,,
qn6Q0mzEjDg,1.811,29.77,227.22,31.51,1.5764,0.2346,4.37
8V-yia1iLBc,1.9425,30.7,225.56,32.04,1.5845,0.358,5.39
6XPNdjVmh6U,1.8822,29.74,226.36,30.96,1.5839,0.2982,4.32
50pkLQJLcUA,1.5595,35.17,232.17,30.03,1.5883,-0.0288,7.52
CfwXf-oivFU,1.8286,29.34,226.19,31.89,1.5897,0.2389,3.98
yZgKdDxckTY,1.8633,28.53,226.15,32.51,1.5914,0.2719,1.51
2oDHPgO-lAw,3.1986,172.33,114.78,37.44,2.1923,1.0063,86.89
CgsaoObug04,3.2804,169.33,107.84,33.56,2.1729,1.1075,103.23
aNaZBOgbev0,3.3027,183.36,117.22,37.83,2.6981,0.6045,63.25
mm7kA_cBpjw,3.0622,175.26,126.45,32.7,1.3591,1.7031,86.62
hPyP6fqRVoQ,3.2153,188.94,120.85,50.32,1.9065,1.3088,89.68
GXbdgN8qw4c,2.5906,55.71,162.05,28.82,2.3182,0.2724,24.05
2JyPLThmbn8,3.0192,132.44,117.09,39.62,2.308,0.7112,104.55
wjL5iB1nBYY,2.6966,73.4,160.4,40.59,2.455,0.2416,47.18
A0cnlIgtK_A,2.5661,64.28,85.25,46.81,1.0534,1.5127,35.79
ubUIBvZmunw,1.5454,186.26,130.58,8.72,1.0154,0.53,-1.19
HxxUKjME3o0,2.1844,153.94,178.4,20.17,1.8289,0.3556,-7.57
QBdy5R-3xfk,0.62,155.39,130.1,18.87,2.6841,-2.0642,-10.36
ttLi7Awl5-c,1.9819,162.14,114.09,24.98,2.1134,-0.1315,35.79
qRYIoAoQ6DM,1.8601,68.92,130.96,60.4,2.718,-0.8578,5.44
RTYfZZGFsfg,2.2863,150.39,172.7,34.34,2.504,-0.2176,84.81
MCGTKs1OyCg,3.1827,74.87,98.28,48.09,3.3301,-0.1474,1.35
dkAaIfC1JrE,3.2368,33.81,85.3,31.0,3.2463,-0.0095,-9.66
3RJ3nGKtvwk,3.3512,73.51,121.92,24.02,2.2987,1.0525,31.77
aw4t1u9OocQ,3.1855,78.71,120.67,25.31,2.4656,0.7198,27.72
WmPjKMLTtfY,3.3518,135.26,92.23,31.29,1.7489,1.603,29.58
yfQRl7Z-QO4,2.7018,120.25,114.55,23.29,1.1253,1.5766,54.3
-p6ZwYivqcM,3.4654,152.45,97.31,32.4,2.5113,0.9541,15.34
aq5hArusON0,3.4926,111.37,79.45,35.01,2.5662,0.9264,21.24
5G1HgadHM04,3.0158,213.79,122.84,32.06,0.0357,2.9801,8.58
OIxqbaCMZVs,2.4488,80.5,186.59,55.38,2.4332,0.0156,30.27
Dd27YxmMJRM,2.6866,72.33,205.76,66.45,3.2648,-0.5781,4.67
ldPz5cgqAwY,2.3386,121.15,159.14,32.63,1.5678,0.7708,-23.66
1PpECjv_8Ik,3.0412,107.32,125.9,28.94,2.6449,0.3963,-6.55
Yc2xq-xhYww,3.4467,142.99,124.67,51.85,1.7675,1.6792,55.38
cj18EceXuJQ,3.2317,152.37,121.19,40.73,3.6763,-0.4446,80.56
uM2hZo51gSI,3.4843,151.5,113.22,51.46,2.2645,1.2198,23.35
XGbVF5uydtM,3.1917,102.14,148.1,43.41,2.589,0.6027,54.31
lAibICwcSFo,2.4518,96.18,146.6,62.43,2.7763,-0.3245,-15.71
37cQ9MrNYSc,2.5961,106.29,87.47,43.62,2.5923,0.0038,44.65
dOWBcbwkceE,2.3687,34.92,180.36,51.56,3.1852,-0.8164,-84.51
WvZuyhvkmIM,2.0589,94.42,121.64,15.5,1.1789,0.88,33.99
82N_Q_Ndssw,1.187,64.34,173.19,5.77,2.2844,-1.0975,25.49
OWWPivZzOFI,2.9298,114.22,49.58,20.76,2.7455,0.1843,-4.63
uGwwecfcVKU,3.4267,104.21,87.23,36.57,2.4803,0.9464,5.98
f0GedNZRaU0,3.5164,102.75,82.9,28.46,2.6177,0.8987,10.03
OBaegZvGX5k,2.869,190.82,110.77,30.56,2.8848,-0.0158,97.43
xKtj73QNnuE,2.1932,100.24,129.21,13.68,1.4063,0.7869,-18.53
M5a7WFkwymY,3.3082,116.15,116.93,40.69,2.4952,0.813,20.46
l43we64W9AA,3.028,144.33,87.72,22.33,1.994,1.034,43.7
T9l5ZoWaRoI,2.819,66.7,109.6,44.65,1.5951,1.2239,3.26
50B76yf6MXg,1.0795,157.47,141.51,15.47,1.1941,-0.1146,-20.55
Nwzj-9OyiY4,2.9912,86.09,133.7,24.45,2.8387,0.1525,49.51
6UmY6Dong6Q,3.2459,82.11,123.86,25.39,2.7404,0.5055,12.22
h5zN_snvU8w,2.8745,146.31,110.76,24.9,3.1113,-0.2367,94.04
HVOEc6ipzAU,3.0971,121.84,110.48,27.99,2.5972,0.4999,63.57
IdL0tQsWOZg,3.2901,99.04,110.35,23.31,3.2651,0.025,47.34
3l_6y3J5_Pk,2.9583,86.22,141.01,25.13,2.0747,0.8837,58.36
AhXMkUfz5Og,2.9827,101.45,155.8,38.01,1.4611,1.5216,55.51
wHRqZNvWzWI,1.6691,13.83,157.96,15.94,2.9635,-1.2944,-6.54
Ws-ZPqVHsxk,2.3269,27.19,138.44,13.19,2.514,-0.1871,4.7
vXVysLnw1g0,1.8834,9.25,153.53,33.52,2.9165,-1.0332,-41.23
xqNFzqVuXAI,2.2313,14.88,150.67,37.94,2.7245,-0.4932,-16.82
qiC_Go9K1xk,1.6956,13.05,159.72,16.55,3.1526,-1.457,-7.5
NGc-VpX1rZU,2.6033,26.97,156.03,15.06,2.864,-0.2607,-20.77
z_-jmX3qrHk,1.8062,14.37,121.77,13.35,2.7659,-0.9597,-2.64
a-YksUtjpqI,1.543,12.41,154.43,18.47,2.7292,-1.1862,-11.52
wl6ievJJFEw,1.6324,11.46,157.55,28.62,3.2699,-1.6375,-11.84
7Dsm5Dgx1mo,2.2706,25.71,176.3,11.61,3.0764,-0.8058,-23.27
jMpAtxhWArw,1.0463,101.41,127.93,14.11,2.2303,-1.184,-8.76
2vLvCNWiLTQ,2.5668,44.21,129.83,34.91,3.0485,-0.4817,-23.33
KrmMW337u-E,3.4226,123.36,102.77,30.43,2.9536,0.4689,37.99
LB44EitvkHY,2.1046,81.48,167.6,19.97,1.2624,0.8422,22.96
eWE8O2KVJe0,2.3517,76.19,199.38,18.56,2.4344,-0.0827,13.63
S2AEBhUnJS0,2.7884,99.9,122.34,32.37,2.9259,-0.1375,36.86
BRM3OUNKZZU,1.9483,129.0,130.43,15.11,2.6007,-0.6525,32.54
yOKYh2L09JE,1.0821,74.86,210.27,15.08,0.3892,0.6929,37.71
IfqtCKQ0bHQ,0.9868,73.57,209.02,14.18,0.3892,0.5976,36.36
PaeNORL-G8o,2.7783,145.27,148.09,29.34,2.2704,0.5078,44.99
bJ96aLU64CQ,0.9445,188.33,197.71,6.35,0.415,0.5295,-52.91
Cz25F6lbi84,1.2517,196.48,179.66,6.04,1.048,0.2037,17.39
rpP_UxkUZx0,,,,,0.0995,,
lk6CjO8Wpt0,,,,,1.5789,,
Js3N44MSVSI,,,,,2.5447,,
BeZAYh0wris,3.0633,113.71,158.48,57.3,2.3324,0.7309,-29.69
VL3chPT1SQ4,0.0344,155.88,180.26,13.24,0.1023,-0.0679,124.84
mmj-RfonnkE,2.8624,98.77,126.68,35.37,1.171,1.6914,82.95
a7ifDqs9czE,2.9646,147.72,128.94,50.28,1.1713,1.7933,48.32
abt7N19JfuE,2.7864,131.2,121.31,44.28,1.246,1.5404,112.93
Fzg4Jt_TdmE,2.944,136.14,120.46,44.73,1.776,1.1679,109.96
iHV2inJp3cs,3.2877,201.5,118.23,43.77,0.745,2.5427,101.98
-vTuutuliec,3.5389,162.51,100.37,38.41,3.1417,0.3973,99.47
tAw6mqKQB44,3.3844,129.85,112.06,43.3,3.0851,0.2993,118.06
p4nxaKFN1q4,,,,,1.9878,,
LkaWvjSP2bI,,,,,1.9252,,
y8SrKRv4SHk,0.6421,26.89,170.68,4.11,1.8909,-1.2489,-78.94
1gX0wP0CVQs,1.7162,122.05,99.15,11.94,2.5287,-0.8126,80.85
lNcr0KMt_JE,2.5322,74.01,132.85,40.09,2.9304,-0.3982,-30.98
qE1wBeJvSH0,1.5409,56.36,233.79,21.76,2.6517,-1.1107,44.79
miWSzRMMXZQ,1.908,16.78,214.81,21.98,2.242,-0.3341,-5.3
QpjJve0ps9s,2.7646,144.54,143.93,23.06,1.4002,1.3644,69.05
Da1xiMQ_T64,3.011,11.27,205.72,51.47,1.7934,1.2176,10.46
oPfyn3AJSck,2.4208,56.47,170.05,51.03,2.6884,-0.2675,5.22
EkAS_DmNkJs,2.5889,59.57,164.08,36.63,2.2946,0.2943,-18.54
fN1nqI0OShE,2.973,136.24,146.16,23.14,2.6503,0.3227,54.01
OoTS5NdNMrA,2.0932,71.18,155.92,43.54,2.2511,-0.1578,20.61
5qS0j1PQOOA,3.0861,158.05,93.77,46.08,3.1883,-0.1023,30.18
-u2li6LWJAo,3.2123,107.54,121.19,53.91,2.2941,0.9182,54.41
hkvwISlvR-E,2.5286,151.62,173.24,41.86,3.1004,-0.5718,82.01
9by_r9NjIzs,2.9201,160.39,95.85,37.37,1.956,0.9641,53.48
sRIwWTvPGQY,3.0285,163.73,96.93,45.15,2.7768,0.2517,34.42
SliiXMAYouQ,2.5227,81.96,119.62,41.87,1.8645,0.6583,-53.72
dQgJrXAeYls,1.8653,119.08,142.96,11.83,1.6037,0.2616,0.4
xQhkDCNlLzY,2.4767,137.81,141.7,59.4,2.4553,0.0214,31.51
Am6qLasyxk0,3.446,103.34,96.79,49.8,3.3332,0.1128,51.51
bL9ylX7gXRk,3.1748,80.04,106.72,43.38,2.5682,0.6066,48.78
7GMKUk_Z3fw,3.3081,93.4,115.67,31.17,2.7725,0.5356,40.85
Jl3IsniSaW0,2.1457,148.63,135.88,39.92,2.422,-0.2763,28.79
-C4vg0LcCUs,3.2719,105.73,113.12,40.72,2.7024,0.5695,36.66
i58XerAmrGg,2.0664,120.89,141.75,19.65,1.0582,1.0082,59.98
D1aFtp1MqUo,1.0833,19.46,197.35,42.85,1.8347,-0.7514,-32.94
l8sVF1bQ4LA,2.7292,41.16,103.06,30.13,2.6522,0.0771,-7.53
qY9Q2r6Unug,2.1506,44.26,174.52,41.96,2.6059,-0.4553,-16.21
u6oktR--Yxk,1.5019,135.26,140.64,17.27,2.8381,-1.3362,1.62
4ENoQIWL8-E,1.4898,140.49,151.12,21.36,2.9294,-1.4396,-1.55
Xu1Du1rEFls,2.3959,61.13,205.56,33.48,2.8854,-0.4895,28.63
vZuETL7OM1E,1.1089,76.58,198.31,22.16,3.2325,-2.1236,20.67
87rP6XxZHbg,1.2592,33.19,207.85,24.12,1.4071,-0.1479,3.39
iHUnkk00Q14,2.317,56.91,207.33,25.6,2.9071,-0.5901,26.82
2T5J32-Ziv0,3.1514,154.51,125.41,28.8,2.4183,0.733,-21.11
RMapihxhe9Q,2.9585,159.0,121.12,31.34,3.3467,-0.3882,105.6
xv7WsfS7sDU,3.1815,124.94,129.56,52.27,2.9132,0.2683,80.37
FeDzmIHXqik,2.6923,181.86,168.95,44.03,1.5001,1.1922,-39.93
rmrEvR7Quoc,2.1109,153.54,186.82,23.61,2.1126,-0.0017,-13.19
V133LkosJPo,2.0102,174.15,228.16,30.7,2.1096,-0.0993,41.06
fKGtYVBIrsE,2.4175,53.47,144.71,26.85,3.4425,-1.025,50.71
cp_O0i3SgvQ,0.6943,203.19,80.24,4.93,0.9413,-0.247,12.81
eVef1JI-vaI,1.899,43.74,131.63,54.81,1.7814,0.1176,-4.66
IRUZFU6b7wY,3.0987,119.79,152.15,55.58,2.0064,1.0923,28.43
4iEUbSAT9dM,2.0621,143.07,153.7,26.4,0.2382,1.8239,-93.73
1aQorq_fS4U,2.0621,143.07,153.7,26.4,0.2382,1.8239,-93.73
ZFaiJuaXUJE,3.0747,136.81,64.2,30.29,3.1806,-0.1059,6.76
ReeYO6Uggxk,3.2673,134.84,65.81,35.35,2.5944,0.6728,35.45
CeluASmaghk,3.2024,86.41,53.08,37.12,1.5704,1.6321,66.5
4FuxdCrLDcc,3.153,102.32,54.07,30.07,1.5798,1.5732,81.87
uKesA7B7IZc,3.2192,90.4,54.97,38.1,1.5767,1.6424,66.01
27gT_MAV05A,3.2429,135.65,61.8,34.68,2.5552,0.6877,7.43
giW_UFOE_iM,3.1124,141.06,58.54,34.22,3.1268,-0.0144,28.62
57CMk0pI9ec,3.1082,140.93,62.59,35.19,2.6055,0.5027,39.89
TTTqRs6cITI,3.2296,138.58,61.89,34.33,3.1698,0.0598,7.73
kBXcWbYBLQ0,3.122,146.85,57.16,34.25,3.2107,-0.0887,16.53
-2xa-Xu5eaI,3.1789,137.81,104.09,28.87,3.3032,-0.1243,64.37
gxKcQyobF1k,2.8616,132.33,122.39,28.41,2.421,0.4405,41.08
8QtgGzt-Ink,3.2162,104.38,93.59,38.17,2.1973,1.0189,47.85
8yLEhS-tg7I,3.028,123.76,115.87,44.19,3.1488,-0.1209,45.8
-8o2hbZdgAk,2.687,143.83,97.88,22.57,1.8608,0.8262,54.69
ECKmgl6Tlek,2.6348,143.43,161.25,52.1,2.9562,-0.3214,75.86
e0lghYubNvE,2.0034,106.28,178.28,32.42,2.8614,-0.858,33.53
v1ljSDmRsu4,1.4635,97.54,168.56,38.47,2.3995,-0.9359,37.36
ana2rPO7qfU,3.0433,108.65,101.03,42.33,2.7876,0.2556,53.19
IY6clQAYqKg,3.0662,101.91,113.62,66.01,2.193,0.8732,61.75
GjlQCGMh4-8,3.2795,111.31,86.08,50.65,2.6654,0.6141,66.27
msO2QUaSK1M,3.1649,101.8,78.7,49.12,3.1443,0.0206,53.13
t9MIGJOjTl0,0.7017,30.9,155.43,25.81,2.5107,-1.809,-17.96
c20kNKtEytA,3.0764,58.93,133.32,56.7,2.9385,0.1379,-30.63
yngVBZ7dLYg,1.0248,191.36,238.28,9.93,3.003,-1.9781,118.35
3Ne2fze8xOc,1.026,175.11,187.79,11.39,1.3119,-0.2859,97.76
zfWWe6k4Cjc,1.3339,34.05,222.16,32.39,3.3579,-2.0241,-35.22
TcM8UlQq--w,2.9995,75.18,155.57,29.18,2.9052,0.0943,-16.73
t2ibS2fD5Ek,1.9922,70.9,152.68,45.95,2.8235,-0.8312,-10.87
AEv5h-qNFCs,3.0256,114.72,129.12,36.41,2.1202,0.9054,-1.51
mIyuI4yGFeE,2.4153,93.02,174.14,40.96,1.3949,1.0204,20.27
GGN10z1rXWc,0.8783,61.89,230.08,10.58,1.2499,-0.3716,-24.8
5boln8klI-g,3.3031,64.45,164.81,40.31,1.9456,1.3575,31.31
m2WvesYODR4,0.7326,109.16,197.59,24.9,2.8304,-2.0978,7.63
J284pOf55mo,2.8508,131.28,104.27,24.04,2.8466,0.0042,35.51
7ZAi8gwYD2c,2.9752,126.86,105.14,23.17,2.2024,0.7728,52.64
llHJ3X9G73Y,2.9313,117.85,112.39,49.2,3.0937,-0.1624,15.17
fs5MRV96qdk,3.2659,124.46,148.55,51.58,2.5719,0.694,61.66
61sZmCF5Wyo,2.5735,138.66,136.87,53.07,2.0865,0.487,90.49
PNGHOAwFC2Q,2.9395,116.11,145.88,42.06,2.7045,0.235,50.94
4IeI9ATVHXM,3.1938,115.23,142.22,34.88,2.1509,1.0429,51.73
j-VPuBm2_PE,2.6312,84.54,161.82,43.33,2.5434,0.0877,51.66
6PcrsGeTvfE,2.4358,99.64,152.44,35.44,1.3724,1.0634,70.52
KwbqbUCmtvI,3.46,131.25,166.32,42.39,2.3063,1.1537,98.13
T1u52rnL9-g,3.4508,133.8,166.18,36.77,3.1053,0.3455,63.39
pqicKVQoHyE,3.2083,143.78,162.63,32.3,2.2816,0.9267,6.31
Wkmyh7_yJyg,3.1783,111.19,184.22,36.03,1.1177,2.0606,94.43
s56zzazZM2Q,3.2479,123.98,177.97,56.66,0.0,3.2479,99.85
g5hlp5l_Ib8,3.2178,160.13,172.21,30.55,2.4013,0.8165,-15.06
MKljC9DvmZ0,2.7863,72.93,171.12,50.29,2.6551,0.1312,60.61
JyeTrbMOrD0,3.0698,106.42,146.28,47.43,2.0674,1.0024,25.1
JCLzRvVO0Uw,2.7397,121.72,158.44,31.66,0.1579,2.5818,-17.2
z5s0zdpdz98,3.0142,79.96,149.8,40.05,1.1959,1.8183,71.96
MsW45DqYSik,3.1163,174.93,142.06,36.43,2.9215,0.1948,83.19
KoANWu85V5E,2.5383,142.77,125.43,44.02,2.4343,0.1041,51.19
emPvVqbywCI,3.1619,162.71,126.55,46.34,2.8929,0.269,87.37
zsyJ9stX5WA,2.6283,122.65,115.78,42.08,2.5996,0.0287,59.3
uknnbPq8hYQ,2.5989,102.77,99.89,31.07,3.0072,-0.4084,31.72
HBnWD6X8trM,3.1872,159.81,121.01,43.49,3.0712,0.116,107.19
MjUT2ZTbAIk,2.9998,120.14,142.96,43.25,3.2043,-0.2046,60.52
gPIgGFTbVXA,2.9483,139.47,143.93,42.16,3.2945,-0.3462,78.87
7Wio39ycx2Y,2.5731,156.53,146.12,25.99,2.6288,-0.0556,92.31
7nqKa5nf3Js,2.2512,149.81,148.02,18.3,1.8779,0.3733,65.46
AWcZqq1mPWY,2.6809,132.08,126.54,24.25,1.9682,0.7126,61.44
KRpPoMYgxyc,2.533,123.75,153.18,33.38,1.6114,0.9216,73.62
BnZp-d32yfg,2.3251,106.42,146.04,21.77,1.433,0.8921,40.65
SNn4XsTMLRc,2.7663,110.58,144.12,40.97,1.5619,1.2044,63.12
LTx0wzMP1YA,2.6551,117.21,128.33,24.14,1.4072,1.2479,54.41
C_GoNGVF3_Q,2.299,145.15,129.3,18.77,1.6467,0.6523,58.99
R0UEWLCI1WU,2.4999,125.53,122.57,20.48,1.34,1.1599,33.95
r4NeFzEjRds,2.5972,115.31,129.49,21.79,1.6385,0.9587,60.45
cFnFVQtkL_U,2.3136,122.89,141.55,19.81,1.0777,1.2359,48.29
O34zJFpxar8,1.973,88.55,93.25,18.84,1.9817,-0.0086,14.25
6Mzyc9-DVEk,0.7068,75.34,186.01,13.93,0.9591,-0.2523,-44.7
n6BugTa8DK0,1.6733,50.05,186.92,31.94,1.5967,0.0766,-3.8
R6lfR8rwCAA,,,,,1.8671,,
WZ0JNETJ4Qc,2.3388,41.94,164.62,26.82,3.0074,-0.6685,-8.03
EZqBL7POXw4,3.4811,30.98,175.39,44.38,2.9778,0.5033,-79.72
0w_EcET0szw,1.4495,64.08,149.87,24.85,1.9187,-0.4692,-38.89
BDOiwasqhhs,1.4989,149.75,167.11,6.38,1.975,-0.4761,9.31
hBpNprDP60o,2.5484,58.74,134.01,30.46,2.2133,0.3351,-26.36
w7fDmIDpTvQ,3.223,143.51,109.91,43.93,0.9708,2.2522,47.03
Ikcr1-tZBWc,0.3114,1.07,73.05,4.43,0.6758,-0.3644,-3.8
7mg6JUKMp0Y,2.9542,69.42,221.63,32.8,3.6222,-0.6679,-1.01
CVl3_4dTwfY,3.1232,10.68,164.12,12.31,3.0923,0.0309,-152.46
3QVoeF4pkNY,2.6585,79.82,159.77,34.98,2.1109,0.5475,-23.18
AlRAFPQ0C9I,2.4432,75.82,116.26,31.08,2.8092,-0.3661,-17.51
JOoCt4iXKPU,2.8718,64.88,176.13,35.68,2.5669,0.3049,7.95
f5MwmDYsKqw,0.144,24.62,242.56,28.98,2.947,-2.803,11.54
vioFL8wDbhU,0.1471,36.55,237.03,22.94,2.6572,-2.5101,21.5
QNg9c9mBVh4,2.6845,135.66,118.78,38.83,1.455,1.2295,-13.18
aPfsrfMqetU,2.3763,13.35,101.31,25.12,2.3869,-0.0106,-86.03
ZHytmSz8TBQ,1.5227,55.66,205.95,36.51,2.8796,-1.3568,-23.01
6W-xlSmcods,2.4961,60.72,119.75,27.92,2.3715,0.1246,29.89
P7PzsLURZnk,2.8863,59.8,137.72,23.78,2.3731,0.5132,13.27
a3AUiAuqzX0,2.8353,71.76,129.63,46.2,2.0405,0.7948,-39.88
3EREfECd4JQ,2.5695,66.9,129.07,24.52,1.8301,0.7394,-6.52
fJziyqckxYg,2.7418,104.7,128.92,44.05,1.8693,0.8725,63.97
7ooZGiBYDz0,3.1726,77.8,144.48,33.18,2.4749,0.6977,18.56
c4iA1miEj84,2.3581,80.07,149.98,19.37,1.4753,0.8828,5.43
iq2wxrMqJ7k,2.3532,94.37,131.86,20.1,1.5206,0.8326,51.21
iajmvcKltec,2.2519,41.49,134.68,15.41,1.0139,1.2379,15.85
oRdcI8lyZss,2.5074,60.1,125.24,19.05,0.8661,1.6413,24.44
UpkCmWWX0pI,1.8421,106.21,165.92,38.9,2.3743,-0.5321,-1.79
Aq9DcdU7Hp0,1.8657,44.07,102.69,18.4,1.9839,-0.1183,-71.14
mEPkiinWln4,2.6496,56.06,125.7,22.33,1.9605,0.6891,-64.39
6_LJx2Vw17Y,1.8493,98.2,168.7,37.38,2.2454,-0.3961,-18.34
93Uit9HmXSg,2.6077,63.57,69.23,16.85,1.9826,0.625,-60.37
TfumSA_XZc0,2.1716,49.92,204.5,30.51,2.1726,-0.001,20.55
KmJY99GtF3I,2.673,72.14,97.62,28.27,1.9073,0.7657,-47.07
o3HsXWaAkUs,2.8298,70.24,112.73,15.4,2.6386,0.1912,-17.65
rk3D_SihouE,3.2896,118.23,116.21,48.53,2.4903,0.7993,29.62
VsIjVTrYw2M,2.8184,135.09,106.75,22.07,2.614,0.2044,62.43
y_gWKClhx-M,2.5507,156.57,135.87,21.02,3.0003,-0.4496,68.78
EJCEVDnQQhQ,2.4662,118.47,136.88,17.05,2.8581,-0.3919,26.49
LVllMCVNxZ8,3.4158,72.42,69.78,37.53,3.1482,0.2676,24.36
OPyYbKRoia0,3.2596,128.31,84.83,58.64,2.9136,0.346,93.88
v3xybyXGuR0,3.2739,40.91,53.79,18.26,3.2753,-0.0014,-19.52
ZdnbeJk3F54,3.0083,27.96,61.76,19.71,3.0745,-0.0661,0.94
5V_OQvDaKfs,3.3303,176.27,96.82,46.39,2.0733,1.257,68.55
_JvtBJBKvDI,3.4864,156.39,96.84,57.94,2.182,1.3044,73.14
eC1BsVskc4U,1.1477,59.39,136.53,19.57,1.3291,-0.1814,45.41
dbOOqkxV8mE,1.0259,157.8,180.3,11.37,0.9505,0.0754,94.52
eyoIptdUozg,0.3656,151.27,212.37,18.22,0.0434,0.3221,-74.03
dyc8cR1_q9k,0.1889,22.63,230.42,25.28,0.1867,0.0022,20.58
YZc6KUImnM0,0.9621,97.9,184.75,17.01,0.3808,0.5813,55.71
8-CeqMs7Gag,3.1927,56.04,60.02,34.11,3.5361,-0.3434,52.18
0ocqJ_4eaQU,0.8688,64.55,219.63,43.4,0.0,0.8688,64.53
sPFJglcN3_I,1.1484,147.98,140.61,23.97,1.2679,-0.1195,-30.85
lP7BKZsL2oA,1.1527,148.07,140.65,24.03,1.2659,-0.1132,-30.91
nfcoE1_7wsY,1.1482,148.0,140.6,23.97,1.2679,-0.1197,-30.83
78nFMmcGizQ,1.2495,147.49,142.53,24.68,1.5404,-0.2909,-36.67
v6gWDB1Q4Ws,1.6223,25.21,191.42,15.44,0.1766,1.4457,5.2
T8LGD7gFODU,2.7967,78.5,88.44,35.94,2.0391,0.7576,14.76
O77bfroKOjI,2.3068,108.39,142.06,39.54,2.9271,-0.6202,63.51
k529wUXnQYc,2.5686,19.72,220.49,31.15,2.276,0.2926,13.66
Z-OAF99hK10,1.9208,25.54,207.58,8.71,1.9186,0.0022,-9.34
4L2G9WPEkok,1.9624,32.02,184.45,8.62,1.5003,0.462,-1.57
hqkUVRmwYe8,2.0471,30.63,184.08,9.93,2.2306,-0.1835,-1.04
HMrshiZajes,2.0655,29.95,181.22,10.12,2.0148,0.0507,-0.15
zMR_FPeKkYU,3.1987,118.63,124.24,31.64,2.4332,0.7655,-26.53
JMHJHF2_eAI,3.4662,94.03,131.28,70.14,3.4528,0.0134,-5.45
ZDG5u2ioqKQ,3.5824,99.56,136.17,43.07,2.9374,0.6449,-18.18
R9uz3Y_z1G0,3.3969,81.35,115.11,54.55,3.1234,0.2736,-13.03
Hg-CyNFvtHg,3.3772,99.76,151.9,47.07,2.3337,1.0436,14.91
a9tKGbrg7dg,3.3542,104.91,144.54,57.46,2.5034,0.8508,5.92
dTkOyIqJl7o,3.7036,105.66,124.41,48.26,3.029,0.6746,-9.19
EA-2xQMNepU,3.237,89.25,147.73,44.71,2.5279,0.7091,13.88
MA7WgdZNkjw,3.5084,87.1,135.87,68.13,2.653,0.8554,15.25
kBsMEvTZr2g,3.391,102.55,140.64,45.96,2.8381,0.5529,-12.43
b0r2QgSWkUE,3.1335,143.97,97.85,26.19,3.3649,-0.2315,33.13
9dIHuZvulnU,3.0911,137.83,95.29,31.33,2.4793,0.6119,27.52
e2KRHLoCcW8,2.1932,115.57,87.75,18.84,2.2829,-0.0897,67.97
L_B3F6V7Fqg,2.4084,145.55,91.86,18.35,2.5538,-0.1454,60.25
2pdQvsRTteo,2.8313,142.24,103.09,26.88,1.2213,1.6099,28.7
NeiAklK4bcY,3.0569,100.15,117.96,26.0,2.6428,0.4141,-25.06
zcXHA6lm3DE,3.1694,116.95,120.9,40.6,2.6827,0.4867,46.13
_ITpmwNS-QI,3.0607,132.98,115.77,29.23,2.1319,0.9289,15.83
0BgVDr_tkro,3.0907,76.83,108.69,25.51,3.2196,-0.1289,-15.01
V8RG_4xJ0Q4,2.41,170.86,168.08,24.85,3.1335,-0.7235,38.03
Ap54CRPCNYE,3.0106,110.33,132.32,41.06,2.8694,0.1412,6.37
Yw9PEQ2qo44,2.4863,131.79,123.03,30.74,2.9044,-0.418,-6.93
-Btu3BydQbI,2.8133,155.27,95.19,35.68,3.316,-0.5027,38.13
UBE_aXPAR14,2.925,138.17,121.54,39.14,2.7701,0.1549,50.18
6Flr4qFhwDc,2.8655,153.23,139.26,39.59,2.8646,0.0008,37.85
kQCfR5tpx80,2.6331,155.06,137.11,27.2,2.7969,-0.1638,44.7
3Zp92nDv5Tk,2.5943,130.71,115.33,32.23,2.2146,0.3797,-6.01
GQ7p3PmW4Mo,2.6562,136.69,149.79,26.34,2.6654,-0.0091,5.49
hfxSMxiiadc,1.6992,176.43,91.27,12.29,1.742,-0.0428,28.26
nXinDtOQMLM,2.6987,58.7,173.13,25.55,2.023,0.6757,8.58
vHomae7AsTQ,2.3809,79.2,163.9,18.82,2.8828,-0.5019,-2.56
jV7XEqbZjZg,2.874,106.71,173.51,39.27,1.863,1.011,-13.31
zexXTLiB7KM,1.6257,123.91,155.57,17.75,2.0816,-0.456,50.69
jsMLUoNjBPA,2.6248,160.01,149.29,19.65,2.005,0.6198,96.63
YSOz3rFeFbY,,,,,1.9833,,
oR18OQOuA0o,1.9646,107.7,183.26,17.82,1.9591,0.0055,38.92
hs85_AROSuY,3.2934,93.08,134.45,37.94,2.7179,0.5754,37.25
pBipnPALMyY,3.3064,83.64,126.87,42.08,2.5603,0.7461,0.26
yCcy01mZ8oA,2.4616,142.48,118.1,16.36,1.4566,1.005,39.37
YuhzMNWvN74,3.3694,103.09,145.24,31.7,2.9791,0.3903,52.71
QjAOYPLsbMU,2.1126,81.26,173.64,29.63,2.5643,-0.4517,67.35
cWBDnm4XKek,3.0382,102.81,140.18,34.14,3.2709,-0.2327,60.62
zEd_GAZ-jQU,3.0022,123.29,134.58,21.1,3.0341,-0.0319,67.85
O9YWPyC79pE,3.1184,97.53,172.34,42.62,2.6242,0.4942,66.15
KORJliBqT5U,3.2373,133.81,118.41,31.23,2.5145,0.7227,67.78
0457pbjhHLg,3.1553,133.87,128.98,57.85,0.959,2.1964,89.59
gLRfngO22ok,3.042,148.97,110.9,32.19,1.6151,1.4269,87.23
qmtooKkBMoY,3.1204,152.9,114.04,43.5,1.5333,1.5871,45.81
eitZR1FjDsw,2.6554,73.29,184.31,50.41,2.713,-0.0576,-28.3
Yv_FzDgkVtk,1.8481,19.1,187.22,26.77,2.0301,-0.182,-5.29
Aiuru-VUpeU,2.7086,64.69,116.17,35.1,2.6985,0.0101,-23.81
Hordv_OgLcE,2.4462,28.43,153.63,38.44,2.1734,0.2728,-22.78
SulC6Qfw6gs,0.8825,60.87,146.22,29.0,0.741,0.1415,7.06
LoaVHcAlt2A,1.5358,55.64,219.13,21.17,1.5871,-0.0512,4.98
JLd4lekHMBE,3.2937,42.99,171.7,50.16,3.1894,0.1042,-19.11
h75ZvvoS4nU,3.0432,136.89,79.23,48.11,3.286,-0.2428,39.45
iS-WqVTwEAE,1.3772,45.96,206.33,18.97,2.3304,-0.9532,5.19
fOhjD92bWp4,2.6073,41.46,191.16,52.9,2.2864,0.3209,-37.92
c3EgU_MOpHM,2.7397,102.35,177.5,38.06,3.6612,-0.9215,-22.4
gBM4Dq9U_io,2.3935,126.18,206.11,37.36,2.8139,-0.4204,58.88
xKhFYAL6hUE,2.705,66.4,157.74,29.3,3.3928,-0.6879,-30.93
TEIsmHi0amw,,,,,3.1847,,
0zmFmnFwzZ0,,,,,3.7245,,
i_DBL_hHGMs,0.6273,70.89,228.02,20.08,1.8915,-1.2642,70.76
EG1I4Y-Hf-s,1.3064,81.07,73.24,9.98,2.4841,-1.1777,-64.17
toQOgWrAjCs,,,,,2.351,,
sNaZNE_rubg,,,,,1.5882,,
JIHYRv-hbsc,3.1471,142.68,184.56,46.11,2.4159,0.7312,87.8
l7KupfrsyPw,2.8602,140.0,198.87,38.6,1.4677,1.3925,103.2
n9cRAurbQ88,2.9922,144.68,195.37,36.79,1.9136,1.0786,85.11
0cbknpLxJq8,1.9387,155.75,130.2,49.42,0.0005,1.9383,-79.04
Nb8F0rImis4,1.7897,29.18,71.52,9.47,1.9634,-0.1737,29.1
KGcHXjuz8ZQ,2.7611,105.34,104.81,22.27,2.3837,0.3774,42.97
SWdUjXQcs-U,0.3153,42.49,222.35,17.46,1.6659,-1.3506,35.78
73x_l1OwQ6A,1.8386,179.83,135.7,46.2,0.0001,1.8385,-54.96
puZVQ_2iLyM,0.0,0.0,171.06,-0.0,0.0,0.0,0.0
kZgQZLAIjz0,0.0,0.0,106.96,-0.0,0.0,0.0,0.0
NHHnhkGxvx8,3.1062,29.2,158.4,30.62,1.5022,1.604,4.28
FZkHI64Xs8U,2.0399,38.42,205.23,39.53,2.5284,-0.4885,-11.04
RFy8q_5KM3w,2.7189,73.97,172.91,26.72,2.2445,0.4744,-10.11
BVEXmUajHfo,1.8403,29.61,179.9,56.37,1.8321,0.0082,-26.73
ArfaTMAhQnA,0.4622,68.27,163.16,19.69,0.9187,-0.4565,0.17
19cNy1Boeok,2.5097,84.38,77.75,16.89,2.1842,0.3255,84.32
aGnZpr38_BA,1.0642,94.73,100.77,23.62,2.1125,-1.0483,22.78
xtPfRWM74Fs,0.965,91.29,98.18,22.37,0.7741,0.1909,-80.13
4_Gu29F_r2g,1.2513,100.04,102.07,26.69,1.0875,0.1637,92.22
MP5IOd6ccXE,1.195,107.56,103.15,26.25,1.7426,-0.5476,69.77
y_7dVUKsfyg,1.1177,94.82,100.99,23.45,1.097,0.0207,49.22
aNAx8uYKKH8,2.643,34.55,195.11,26.37,2.7952,-0.1521,27.74
N1-suNmrwf0,3.0061,93.15,96.79,28.73,2.412,0.5941,0.02
u16H2uGhtAg,2.8887,91.31,93.04,21.86,3.642,-0.7534,8.35
8R-bS0_Q4UM,2.9531,80.6,93.28,29.84,3.5524,-0.5993,3.88
A40sP8sgSGM,3.1293,90.55,88.54,32.36,3.4755,-0.3462,22.56
lV7jf01ScC0,2.7235,51.25,123.36,33.82,2.2732,0.4503,10.23
3UWrMZyPt5A,2.9171,60.84,96.74,34.1,2.851,0.0661,0.27
7Cpp6ckefac,3.126,63.02,100.85,34.42,2.8054,0.3207,-7.7
iK98lZW1194,3.0352,102.88,92.96,41.18,2.5372,0.4981,30.56
i91p0HCgcKA,2.1763,92.55,101.22,23.73,1.6265,0.5498,6.7
PAFt4mMn0Cs,2.6178,147.27,84.38,26.92,2.3809,0.237,76.62
JPjEjBtpBHc,1.9959,77.78,120.01,50.87,2.1917,-0.1958,33.66
eiQU0YQ9Z4A,1.6409,191.59,228.36,8.11,1.6513,-0.0104,88.41
il0s8kucXrc,1.6409,191.59,228.36,8.11,1.6513,-0.0104,88.41
81H63zK-WCg,1.6409,191.59,228.36,8.11,1.6513,-0.0104,88.41
dHTL3skqLNE,1.6409,191.59,228.36,8.11,1.6513,-0.0104,88.41
zt3wt3sowNI,1.644,31.56,122.04,31.77,1.07,0.574,-31.08
Oj6QWmLkIVI,2.5511,115.79,146.88,42.82,3.1985,-0.6474,34.98
hNFe5Y7nFhU,2.8832,125.29,169.47,37.37,2.9884,-0.1051,15.06
NcEEuJqoDH8,1.9878,93.5,177.28,45.62,2.5149,-0.5271,-44.02
nvEBgZg32jM,3.3658,102.16,127.91,78.49,2.1588,1.2071,-16.03
gw8oybaa6GY,1.9334,94.59,165.82,46.97,3.1486,-1.2152,25.34
gdUjFKyafrY,2.3592,93.86,176.72,41.01,2.9109,-0.5517,7.78
eai-iOJUc8c,2.4731,104.88,206.9,26.85,2.9256,-0.4524,-6.4
2LgsOQTt1jQ,2.3725,61.27,171.97,41.81,2.2987,0.0738,22.79
x2uvavKNoG4,2.3839,114.33,170.6,18.38,1.9367,0.4473,4.54
QreIjspAI-k,2.9743,90.26,97.74,52.13,2.0976,0.8768,-23.39
ZJ4w4O02Mi4,3.2231,92.37,142.95,39.67,2.0113,1.2118,10.28
yy_oV38-Wo4,2.408,122.56,190.56,31.85,2.4356,-0.0277,78.11
JBNX68XsEOA,2.3022,170.47,124.3,23.34,1.6372,0.665,11.27
Nc3HWBHtsic,1.6087,63.3,205.2,24.5,2.2458,-0.6371,-42.62
UJYMb4nvLu8,3.0994,31.87,176.28,39.66,3.2308,-0.1314,-12.72
bCZ2RcD2EJc,2.9445,50.47,111.04,47.67,3.3947,-0.4501,-34.64
7OpHnwYP-50,3.2407,63.31,53.57,22.69,3.5177,-0.2771,33.04
xQM0nZ2w6Fg,3.3344,46.02,84.73,28.57,2.8787,0.4557,16.35
L5yIMaIg05A,3.1088,175.32,183.93,57.56,3.7259,-0.6171,96.26
EIF4gsdfVj8,2.91,80.68,160.57,33.68,2.842,0.068,-4.19
-aDlMeQ-CgA,2.2789,70.04,204.29,27.55,2.3523,-0.0733,30.03
4m2GFzVkJaQ,2.4491,66.58,201.24,27.95,2.4028,0.0463,21.16
PZG2d948zWY,2.0624,71.71,210.65,24.38,1.8158,0.2466,32.98
JHs5EsvG9OY,2.4811,67.91,201.34,27.6,2.3932,0.0879,13.8
FB3EFt5mHLQ,2.7139,43.11,211.91,21.18,1.459,1.255,15.86
1WIvE0NNWh4,1.3019,86.36,174.21,32.09,1.9271,-0.6252,41.92
Rq10OgsQ_Zg,3.0682,120.15,209.02,51.37,3.4842,-0.416,41.36
mSJzM7jfaCk,2.7819,155.65,216.33,44.21,3.45,-0.6681,67.4
DTK5wTbKmkI,3.5077,121.1,163.78,43.96,3.1538,0.354,46.85
W2p31l1Uf2Q,2.6911,123.17,138.67,17.65,3.4433,-0.7522,54.56
Z-rhvADNTm8,2.8836,126.15,133.7,65.74,3.2467,-0.363,57.3
SYmux6SMFwg,3.2305,144.51,141.97,30.42,3.2937,-0.0632,51.13
kJEN5j7vdKM,1.1658,10.75,161.39,37.03,1.2817,-0.1159,-8.14
XgQMDCHNI2M,2.5974,91.93,175.34,42.88,2.9407,-0.3433,55.34
lr0q4deTtbQ,2.3068,80.67,79.48,20.3,2.8954,-0.5886,60.24
oWZsCtTq0RA,3.248,99.33,112.18,34.79,1.8222,1.4259,-7.86
ZM-Sb-6Ln14,2.8815,100.78,99.56,53.35,1.1469,1.7347,9.11
PlLJu0MUmOI,3.5751,86.57,94.89,37.23,2.6743,0.9008,29.52
FRI1hhBuFQ8,2.8074,127.73,115.48,22.0,1.1623,1.6451,23.15
8lmQGOZ2iT8,2.8932,79.67,125.69,28.24,1.8933,1.0,-14.25
5ouh-aMY2e0,3.1981,116.85,130.89,29.82,2.7594,0.4386,-38.62
C6cfr6w6H8g,3.4721,0.3,180.41,3.51,2.5533,0.9187,0.26
8NxMl7U8vj8,2.9071,90.77,123.34,52.34,2.9165,-0.0093,-4.29
4VqhKiG6Q6Y,2.9071,90.77,123.34,52.34,2.9165,-0.0093,-4.29
J_DZMd3fLgA,3.4721,0.3,180.41,3.51,2.5533,0.9187,0.26
6IIoCaO9jBM,3.4721,0.3,180.41,3.51,2.5533,0.9187,0.26
nkdjfyNhYfw,3.4721,0.3,180.41,3.51,2.5533,0.9187,0.26
h54H7dqE1c4,3.4721,0.3,180.41,3.51,2.5533,0.9187,0.26
mj6NCf-ytCM,3.4721,0.3,180.41,3.51,2.5533,0.9187,0.26
NRpFiAgD2Nk,1.6647,73.95,207.96,36.51,1.8421,-0.1774,29.95
As9PkwcI_mo,1.9466,71.64,133.31,35.0,2.1897,-0.2431,18.71
xw_y64ARnh8,3.2727,85.09,98.7,34.86,3.0587,0.214,-14.28
PfUJ3fST3VY,1.245,87.14,216.31,18.74,1.2402,0.0048,-1.83
dSnPg_q_2o8,2.2012,119.92,150.6,22.92,1.9705,0.2307,8.74
gaEXF-_Axtc,3.0471,45.92,122.89,40.54,3.2364,-0.1893,-2.02
J1z__GvkjvY,2.5751,58.17,168.6,35.73,3.1377,-0.5626,-0.18
eUR7AKo5P5I,0.2478,91.01,225.95,15.95,2.0836,-1.8358,20.7
dXOR_ScD-5I,0.1034,101.85,146.79,18.1,2.1994,-2.096,26.91
7kpNNaK4jpU,2.3869,109.29,207.71,30.22,1.5211,0.8658,11.3
-G59KaEKgAU,2.5426,79.47,192.61,37.32,2.5916,-0.049,0.97
6_i7wUuyx-w,2.732,122.9,197.78,38.75,3.2277,-0.4958,58.73
p1UgHLSfqh8,3.0777,90.23,170.47,48.68,3.2888,-0.2111,20.79
pqo-h481mJI,3.0588,72.0,183.83,48.62,3.2468,-0.188,5.27
kc7B8HQHd08,2.4481,134.47,175.42,33.65,3.0246,-0.5765,74.98
QLOm8crs7G4,3.0996,80.35,166.74,51.79,3.205,-0.1053,11.82
DlKjfMJ9S88,2.9296,82.21,171.89,50.08,3.0376,-0.108,3.99
pEcF-9JJqHE,2.9545,110.35,172.53,37.8,2.8496,0.1049,35.95
RJliY4zbo_I,2.4357,95.62,173.58,31.75,2.0925,0.3432,21.19
YSK4mT1QHFE,3.0318,83.12,122.82,32.69,2.3459,0.6859,-1.89
_vRiQX-i5Jg,2.8261,113.69,116.12,30.68,3.1617,-0.3356,49.73
4wSiU_tVPcs,2.7431,136.5,135.72,35.26,2.6674,0.0757,18.7
f7LmoB9aEsE,3.2828,93.45,117.08,37.55,2.8644,0.4183,39.07
5ekU7AGJoDo,2.5684,71.47,144.68,45.06,2.9293,-0.3609,5.07
rqqEELXtm4c,1.9364,144.76,132.79,45.1,1.5836,0.3529,14.41
N84Ze0l5UcA,0.7698,84.43,111.14,17.21,0.9929,-0.2231,-32.24
zEL6afroEF4,2.5554,111.75,114.37,48.41,2.3109,0.2445,12.87
q_iCxsJLzM0,2.5895,107.14,131.44,59.07,2.4261,0.1634,29.88
yCUSufxqLcs,2.7588,78.71,102.85,30.83,2.2736,0.4853,-35.18
K0Di0TGFmik,0.0,0.0,202.83,-0.0,3.2443,-3.2443,-24.3
ijPDHUG6uZc,0.0,0.0,215.74,-0.0,2.0884,-2.0884,-46.15
P1BWt1LqRNE,2.4581,82.47,140.05,18.43,1.1892,1.2688,33.09
Blo-eiXJtDI,0.2171,104.87,185.53,16.04,1.9267,-1.7096,15.25
vTlMkNVHHCQ,2.4613,61.52,167.74,49.67,2.0633,0.3981,9.01
KESVavDx1-o,1.3533,128.64,179.62,9.27,2.5754,-1.2221,75.6
y5qI_SY7sA0,2.6073,22.81,174.95,43.78,3.2687,-0.6614,-64.07
vhgG7B87kdY,2.8029,22.47,126.75,47.92,2.2251,0.5778,-12.9
p6KDt8iXBF4,3.2059,147.26,111.3,34.31,3.0365,0.1694,48.63
m3cPIlBGVs0,3.2213,157.43,123.3,35.2,2.2239,0.9974,44.94
X_ied34jYkc,3.4227,151.53,100.79,42.46,2.961,0.4617,40.88
2BafPD2PYQM,3.2858,152.49,103.41,36.7,2.7151,0.5707,73.32
k2n9yiMiXNk,3.2089,139.21,102.01,34.71,2.6613,0.5477,68.45
ttmlDd17tUM,3.2345,149.8,109.13,36.22,2.8833,0.3512,69.44
BuWFEaQ7ejk,3.4514,149.24,108.67,35.83,3.0498,0.4016,59.74
EVhT9W5fVng,3.4303,144.61,115.98,41.81,2.3981,1.0322,13.71
FAoLywybL_k,3.1291,149.83,109.29,37.35,3.2875,-0.1585,47.83
tXVWXO4LuEE,3.2672,131.53,106.64,36.5,3.3139,-0.0467,34.16
WfNQj1OUAKM,3.3902,156.38,90.52,30.29,2.5342,0.8559,-9.28
f-ZHEo97QvY,3.6753,120.09,90.68,32.09,2.6975,0.9778,39.97
enAX6OKQ1aQ,3.4652,147.26,118.95,40.11,1.9067,1.5585,21.75
KOMEIoCSa6w,3.0581,156.1,110.33,32.9,2.0518,1.0063,67.42
yvft80eiCrU,3.1997,188.57,100.89,31.46,1.8994,1.3003,46.8
IQo_yKUkdic,3.3789,190.08,103.43,31.6,2.8428,0.5361,96.31
yDgG4_iPFeU,3.4561,141.47,94.01,30.68,1.5432,1.9129,40.19
pA3tWIaBn7s,3.4707,132.84,91.07,26.46,1.5758,1.8949,43.26
JdZrDD4RbC0,3.4346,148.84,105.05,29.81,2.5895,0.8451,-3.79
1_F21esR7aE,3.286,136.59,83.54,31.19,2.1449,1.1411,120.04
v-XZWe8dNeE,3.5397,138.82,84.65,42.08,2.1665,1.3731,112.87
tkqNomzmLZE,1.9066,41.42,122.34,19.15,2.5074,-0.6009,-59.03
U4jz4v14K8c,1.567,30.3,116.58,39.76,2.2012,-0.6342,6.79
kbl-ZtT0qW4,2.076,14.93,169.17,14.24,1.6522,0.4238,-16.42
tkdKMrCEqRo,1.6305,48.77,169.12,17.08,2.5513,-0.9209,-3.37
MeRBY4N1ug4,2.1677,82.62,110.25,32.09,2.1466,0.0211,-2.0
S4u5BndFe-U,1.6887,40.56,99.72,11.53,1.699,-0.0103,-7.69
3LPQiCCn62g,2.2951,6.73,27.32,3.72,1.7065,0.5886,-40.48
BhqTkw9tYVE,2.4309,159.82,143.33,33.71,1.7489,0.6819,1.49
3mv125VDq9c,,,,,1.7129,,
_93Q50vwdyg,1.0385,74.2,165.2,7.38,2.0024,-0.9639,-39.5
_HofbYlAIoA,1.9767,118.77,154.85,62.69,2.1019,-0.1253,65.64
ZIF6twG96h8,2.3377,64.73,157.02,27.02,2.7825,-0.4448,-20.01
VlckFDf57R0,3.1449,132.45,115.56,51.28,2.9148,0.2301,25.83
QlQ1H4PdVO8,2.2846,77.05,165.31,19.84,2.2582,0.0264,-21.9
qingY73HO0A,1.9428,65.68,160.85,30.48,3.0279,-1.0851,14.11
Z73K9UIwMHI,2.7478,131.6,169.21,41.0,3.1678,-0.42,47.01
3346C8AIIsU,1.4519,90.69,158.93,23.64,2.1341,-0.6822,-7.66
hDGDvEGHlhA,,,,,1.717,,
QUGHCgHXZBo,3.3251,100.13,178.52,74.41,3.404,-0.0789,34.82
ALVW2T3L1bs,0.3507,96.1,114.31,21.96,0.6033,-0.2526,-3.81
bc9YawOMtaE,3.303,58.08,176.78,56.6,2.2375,1.0655,-10.72
TLI_g7HsxUg,2.6008,98.68,149.62,33.81,2.9343,-0.3334,2.96
KP-CbWfOMbY,2.9397,34.62,174.33,38.62,1.9491,0.9906,6.98
rmed48vZHgc,2.0112,102.24,180.07,35.87,3.0852,-1.074,37.32
h18YroFLMqQ,1.9433,89.82,219.05,58.64,2.2204,-0.2771,-9.18
L1U4IRpkUbw,3.1434,113.35,130.0,59.04,2.8342,0.3093,14.54
1vfUpoMrBJE,2.662,72.5,165.12,48.04,2.4089,0.2531,-3.36
nMfIr4sxg2I,2.9495,91.47,119.53,44.2,1.6627,1.2868,-20.32
F8hrRsP16mA,1.4433,80.26,199.12,6.2,1.1821,0.2612,14.9
ESS8B2-1RGM,1.9145,146.35,204.6,36.75,1.9312,-0.0167,-3.54
EPZlR4nEjrs,2.5878,69.87,151.55,32.26,1.4545,1.1332,3.39
PcYXAs47FEk,1.6638,47.2,139.25,25.91,2.1015,-0.4377,27.78
RPMPqZd4qGs,1.9468,35.12,162.21,19.53,1.3423,0.6045,0.28
3_Xvq776NLw,2.9503,96.52,106.21,34.63,1.5458,1.4045,6.04
BZ3FONxtS0o,2.7713,95.33,173.25,43.42,2.5191,0.2523,40.36
Y7CF2sq9JZY,1.9905,78.9,212.88,50.54,3.3338,-1.3433,18.66
opPHcZ__6fc,2.4157,110.23,177.1,57.47,2.2374,0.1783,41.23
ZJSiNQPe5Js,1.9844,87.61,190.72,70.61,3.4329,-1.4485,37.51
gSnALNIVVzg,3.3786,188.59,133.4,46.59,2.0595,1.3191,87.65
QvH3latR1ZA,3.1927,106.75,106.22,32.75,2.5301,0.6625,39.52
QgeBTF8-C9w,3.406,117.8,100.26,35.88,2.4128,0.9932,43.14
yD1_eXMcZu0,3.1742,110.26,110.0,31.32,2.6702,0.504,39.82
dbyGgWLPLyg,3.2691,114.37,105.63,34.8,2.5508,0.7182,44.88
X0z_VHVMfH8,3.2281,120.23,110.81,32.92,2.645,0.5831,52.93
VgpS_UqzYRs,3.2642,123.14,108.25,33.82,2.5878,0.6764,54.07
5HpobeAlq6M,,,,,3.0397,,
Be0YvRF_M44,3.4108,77.25,131.2,38.32,2.9528,0.458,-20.33
RD1qRk4wKVY,1.5123,99.87,177.55,22.15,2.3357,-0.8235,3.66
8hOrwVhxF_4,2.4072,74.81,181.27,51.99,2.8099,-0.4027,27.88
xpoRKzVejgw,3.2554,69.8,186.07,50.21,3.3022,-0.0468,15.01
XMjIgB5lA0A,1.9772,83.36,178.1,26.23,2.7616,-0.7844,46.43
sPpjQ8Y7Oeg,2.2769,107.98,160.56,45.21,3.2825,-1.0056,31.14
b62z3KmOAko,2.3327,67.54,193.06,43.32,2.6993,-0.3666,-16.2
qu3pnaWMhOQ,3.3206,154.25,76.86,38.77,3.6684,-0.3478,30.73
eLlUVAKiI_I,2.354,41.31,183.18,24.96,1.3642,0.9899,9.92
aswP3Hfh3nU,1.5957,113.42,143.55,12.71,2.7031,-1.1074,50.87
PmOpXom0hto,2.0476,106.29,157.81,30.1,1.3837,0.6639,37.71
hqgjZvnFC4M,1.6581,135.93,102.76,30.57,1.4937,0.1644,-6.85
Jw31qzvvqbk,0.0,0.16,151.07,8.21,2.3073,-2.3073,-95.93
gwXuUXfp8Zo,2.4226,34.38,45.03,46.07,2.4743,-0.0517,-48.74
v0EULaNr-9I,2.5412,41.89,106.74,29.84,2.3957,0.1455,-74.47
V2qeDKqbKGk,2.7258,35.47,110.21,31.98,2.4588,0.267,-49.26
yIdZU3G3O5Y,2.4474,40.91,104.73,33.59,2.6475,-0.2001,-4.87
qhu8P6mm5SE,,,,,2.9556,,
gfh0-DQ_2Hs,2.2072,24.17,205.03,34.46,2.0638,0.1434,7.92
Pob7w6UyV7M,2.5122,20.41,209.52,20.11,1.8444,0.6679,4.95
-N4pa0KRk9M,2.3207,15.69,203.63,28.39,2.1368,0.1839,5.17
bLCejghM7ew,2.7679,18.43,217.23,19.12,2.4391,0.3288,7.94
CKfk3-mccF0,2.6626,13.74,206.03,26.04,2.3289,0.3337,4.87
_RUYWZIONPg,2.707,18.24,211.04,17.87,2.4023,0.3048,6.24
QGf9K0XN5kQ,2.988,12.93,201.53,23.42,2.4505,0.5375,-0.52
OyaN5g5aws8,2.8867,21.28,212.91,35.71,2.2856,0.6011,3.38
lLtHbZg9m_g,3.3148,14.12,200.47,31.62,2.3813,0.9335,1.84
YUioeXeZOcs,2.7108,18.45,213.2,15.88,2.475,0.2358,8.96
_1qTiq2rC18,2.7108,42.12,172.26,26.15,1.6858,1.025,22.88
KR2mVXBg6MY,0.8864,18.96,187.28,45.13,0.126,0.7604,7.15
-C3K4FGLcoE,2.3934,115.46,108.97,15.49,1.1118,1.2816,-44.56
eeuPmEw2uKs,1.3156,24.21,199.09,17.28,0.1178,1.1978,-0.32
PQ1nlH0hqMs,0.6321,29.8,212.58,17.7,0.1741,0.458,0.11
5ly64ejjJ0E,2.6396,113.18,125.93,15.91,1.4081,1.2315,-85.04
nrLFiqhqnMk,1.2893,79.48,172.13,18.91,0.9564,0.333,-0.61
hW9HPYbYXd8,2.2904,68.19,148.72,18.6,1.7906,0.4998,30.44
8hiRqcbpOB8,2.1262,84.62,102.4,22.65,1.4496,0.6766,-24.67
kmXbrGYGwvk,3.0358,111.52,120.04,59.86,2.0387,0.9972,-16.55
DbFmrtHo2eg,2.3807,90.78,80.38,18.6,1.4033,0.9774,-47.97
lBvWcDiIyIQ,1.8609,110.37,109.4,21.37,1.0107,0.8502,8.83
8m63mMBcwl8,2.2486,117.72,115.61,32.96,1.5212,0.7274,0.85
pQRz19ZcwL8,2.6624,74.83,127.38,54.08,1.3448,1.3176,26.43
yel6E414UjI,3.4885,71.24,82.32,45.09,2.9837,0.5048,-16.81
snzxqMjxToQ,3.2594,62.02,130.7,37.52,2.0306,1.2288,-20.33
UXfOKezCqM4,3.3364,59.04,117.6,39.0,2.1617,1.1747,-24.48
e84vXP_Y4B4,3.437,82.43,92.94,36.76,3.4575,-0.0205,-32.26
-xAnHDGIdQA,2.8621,111.56,156.75,24.25,2.6603,0.2018,53.25
J2zcBFJMauk,3.4111,106.78,143.55,30.39,2.7115,0.6996,18.63
feURb6_nfCY,3.2707,71.74,163.05,30.88,3.3891,-0.1185,7.07
a1qm1c8MnIM,3.4322,121.76,141.98,36.98,3.2556,0.1766,47.42
GzzqMcUI4K0,3.1894,192.16,99.91,28.9,2.4247,0.7647,-45.03
kb-qag3GUOw,3.2532,143.89,141.98,36.37,3.3828,-0.1296,80.46
X-yRByBq68A,2.647,175.73,147.6,18.95,1.1873,1.4597,-5.93
HlmDzGFKRZQ,3.2141,134.92,129.49,32.58,3.1637,0.0504,52.24
mW9t4IPnCfA,2.6915,129.08,150.91,40.24,2.9999,-0.3084,69.12
Xb_FF1HEsD0,3.0915,152.33,132.35,34.49,3.2502,-0.1588,76.15
6G7QNa5DUYU,2.837,110.66,130.85,24.33,2.3429,0.494,57.8
d-5xgBcT8bU,2.8275,118.24,141.39,28.4,2.8067,0.0208,47.64
Pu6SY3nkkK4,3.0852,160.33,137.28,32.41,2.777,0.3082,56.17
Vp_Nbq-pNhk,3.2268,153.95,132.94,36.65,3.6518,-0.425,101.45
oRi_Y53nX54,2.6325,122.26,155.03,30.17,1.461,1.1715,-16.19
wCTt-UBEhyY,2.801,61.78,116.88,35.86,1.0252,1.7757,34.67
OgwrVcTbTHo,1.2945,86.18,173.36,4.87,0.9951,0.2994,-2.36
7TbSvQFtkMs,2.9049,158.47,156.79,39.24,0.8773,2.0277,125.92
VMMXdDu4Jfk,2.8906,202.73,163.6,54.3,3.3429,-0.4524,16.49
2OrgvEbNgo0,2.1476,135.85,190.49,22.45,2.6351,-0.4874,47.58
lK5JUsc8G0A,1.1652,156.81,247.91,5.94,1.7985,-0.6334,52.37
WzpXYGFv_AE,1.8892,155.18,167.03,8.5,2.4786,-0.5894,-29.12
gHFgiCpyYqM,,,,,3.4331,,
45bB-j4aI7o,3.1023,83.32,130.93,42.56,3.3212,-0.2189,0.13
iPD_b7PdvfA,1.1577,234.31,134.0,5.08,0.3149,0.8428,-12.75
L-iFqRY2ZV0,2.8257,31.12,225.72,32.7,3.1719,-0.3462,-47.3
6grt2LIwLhM,2.4311,48.29,199.45,29.29,3.3869,-0.9559,-40.13
MAaNUw2_j-M,2.3407,98.46,165.16,19.66,2.7588,-0.4181,-16.59
y3geCritVfM,2.8117,113.06,99.47,39.5,0.0707,2.741,-46.29
s1OyaMJXMqI,2.0361,109.02,111.29,21.68,1.9571,0.079,25.66
1vcvF3wOwcM,,,,,2.1243,,
EWSoM0y7HGI,,,,,2.3487,,
Rbd70gtl5Hc,2.6539,134.57,123.06,32.12,2.3057,0.3482,88.54
p9t5fkDFBm0,2.804,92.45,122.65,22.65,3.0999,-0.2959,47.58
9hscEh6F3LE,2.7017,171.05,117.38,28.55,1.548,1.1537,91.85
gvNBHN1FReg,3.0903,201.16,111.31,50.27,2.552,0.5382,176.82
Y0cPpGBDZG4,3.0874,107.63,130.81,37.02,2.6114,0.4759,60.1
D8df3vGiX9g,3.1886,183.2,123.45,43.43,2.9867,0.2019,144.3
CUa1MD8qmTI,3.7739,177.93,76.67,42.51,3.1936,0.5804,38.85
8vkAiq-dcKM,3.7058,154.14,68.63,43.3,3.337,0.3688,59.48
fvbjNLG8N_M,3.8654,214.91,70.65,69.5,2.5071,1.3584,194.7
Bbh7T58LKtQ,,,,,1.2623,,
Qh5yct5uMeE,1.2665,29.91,201.2,21.12,0.7071,0.5594,-93.46
O7s3rGpBcyg,3.329,49.81,171.16,53.62,3.4717,-0.1427,-11.49
vUZSuD9IHpw,1.9361,84.34,180.17,26.37,2.4319,-0.4958,-47.93
vKc5mKtAIz0,1.9327,0.87,40.09,9.14,2.9727,-1.04,-27.34
gwOtWrJ1-xI,,,,,1.0194,,
CS7RFKg9Jgw,,,,,1.3607,,
fmCdIS5YpcA,2.7084,144.5,173.62,26.8,2.3883,0.3201,73.6
rGaCct-HGxQ,1.9807,91.74,168.0,20.02,1.4521,0.5286,18.71
H4SCuKZJ0Vs,2.6243,105.04,151.37,30.76,2.142,0.4823,45.15
T3nlp_k_FRQ,2.3616,133.67,163.12,41.31,2.2732,0.0884,84.14
cQeeOsdjbaU,2.2505,138.39,157.0,32.91,2.1892,0.0613,80.92
yJBpWwwAyWo,3.2233,97.37,139.94,27.22,3.3163,-0.093,-38.64
ogpLC2VwQYE,3.4952,109.34,154.02,39.27,3.3206,0.1746,-25.04
Lb3HwIm4OqY,2.4248,150.02,160.97,26.92,3.0818,-0.657,84.6
mJs_Tc1OXMA,2.6072,90.47,121.59,25.08,2.914,-0.3068,65.65
HPA0kP3J5nQ,2.5668,116.99,132.29,25.69,2.8091,-0.2423,-6.65
aD9Kb7ZjesE,3.0109,101.78,130.9,32.05,2.7334,0.2775,8.68
9bRVeE110Bw,2.6744,114.13,123.52,24.44,3.0897,-0.4153,44.9
GEcGkCOukpI,2.4807,92.36,126.69,18.34,3.092,-0.6113,-1.92
94QeOny-xR8,2.9206,99.08,111.71,22.08,2.0017,0.9189,4.31
gSzruRMpiak,3.1033,106.57,100.14,29.91,2.2299,0.8733,3.53
XVWgn9uYwjI,1.6362,75.77,144.36,24.95,1.0533,0.5829,-24.18
6kJbf_JUigQ,3.1604,161.4,78.78,27.09,2.1111,1.0493,134.26
nC9rwoZIhjI,3.1639,164.19,81.62,26.86,2.0203,1.1436,136.47
p7QeAY9wYiM,3.177,156.4,78.8,26.3,1.8853,1.2918,130.66
fsDuWsPho5c,3.1835,168.89,83.25,27.63,2.0551,1.1283,140.61
2juRvRpYqQg,3.1929,157.65,76.83,27.6,2.0047,1.1882,130.29
0qbXaeo_VeA,3.1765,167.89,82.31,27.06,1.7948,1.3817,142.72
C3VvoL7ohfE,3.1688,166.87,83.16,27.09,2.0845,1.0843,140.77
-9eRA1QjxGU,3.1747,161.69,80.9,26.04,1.9474,1.2273,134.08
kxdVRU53MJw,3.1763,161.6,80.76,26.52,1.9124,1.2638,134.4
ArhYHNY6SEw,3.1547,167.8,84.11,26.97,1.9411,1.2136,141.25
glq-T9HUNPA,1.309,74.57,243.11,27.96,2.9533,-1.6443,7.69
NLRLSAJWf18,2.5464,45.54,181.49,35.2,3.1045,-0.5581,14.37
9ltzBMPrLX8,2.9693,109.37,109.36,38.53,2.3103,0.6591,-27.81
kOzlXvjgy1k,3.3112,138.87,97.08,73.81,2.456,0.8551,-32.26
3Ce8dE6Sd6w,1.5085,109.53,155.84,17.03,2.4645,-0.956,17.36
eV0yJA8_UCA,2.8716,79.07,120.94,55.5,2.6023,0.2693,-7.87
rbNopJV6-xA,3.0818,119.14,120.61,35.4,2.7619,0.32,-17.03
DoGGm3OuXyY,1.808,127.36,142.19,13.29,1.6843,0.1237,27.07
gIpicTU8Emk,2.5891,105.98,120.14,29.33,2.9491,-0.36,-12.24
kaDudkGFqUo,2.4361,102.35,178.45,39.49,2.3656,0.0706,43.72
4Y2TbPYZ2Ig,3.4611,48.02,155.07,57.24,2.0337,1.4275,-10.76
m643e-nqA6s,1.6247,23.38,208.33,8.02,3.3282,-1.7035,-44.99
VycRhg8NWUE,3.0668,63.05,192.07,47.63,3.0215,0.0453,8.78
-CGx12_rSx4,2.8542,11.33,187.62,23.14,2.9474,-0.0932,-32.87
9Lyg73hXe58,1.158,34.57,217.39,21.2,1.4594,-0.3014,11.3
uG3t0vbVfmY,2.7475,143.79,165.81,25.16,2.7649,-0.0174,28.38
-cMCofCbC-o,2.1198,187.45,56.95,10.82,1.8163,0.3035,-5.13
yGeYQX4AQ-o,1.9419,24.5,75.82,27.26,2.6668,-0.7249,-78.21
VRdNMiCeEN4,2.1291,84.99,136.04,31.68,2.1221,0.007,24.7
oicGZYNcwp0,2.6295,72.62,144.72,33.27,1.4882,1.1413,4.21
Px94ZFVeYqs,2.5098,50.6,144.93,28.55,1.4055,1.1043,7.09
10nlYrp2Klo,3.0928,106.93,137.58,27.8,2.4268,0.666,4.86
brAKAd_mzj4,3.4501,153.75,85.28,36.43,2.4219,1.0283,32.49
a42tmNagTTI,3.4084,142.79,78.59,31.98,2.8683,0.5402,31.58
LAdb-GvSiMc,3.3932,137.04,84.3,35.78,2.8194,0.5737,80.44
3uJwnHhnWeE,3.7444,142.51,88.61,45.58,2.1157,1.6287,78.44
8NZfhZsH9bI,3.6812,143.1,90.07,36.87,2.4121,1.2691,86.89
Q9B4Z3TRHMU,3.7531,147.52,77.01,48.27,1.9533,1.7998,74.34
467LHV1f1cU,3.7623,147.03,86.52,42.52,2.7057,1.0566,78.69
23l_eMCceVs,3.5089,151.64,106.14,36.93,1.5755,1.9334,49.97
j2emQdQLjDo,3.6789,141.35,111.67,38.35,2.0904,1.5885,79.62
ydqkj-R0vyw,2.8763,184.4,86.47,26.54,1.2385,1.6378,145.19
ttzKWy0wCdU,2.3286,101.81,122.16,13.66,1.7828,0.5458,-29.89
ASEGGbfq6Xk,1.727,205.57,142.72,22.43,2.3585,-0.6315,82.42
_Sgao6EUozA,1.727,205.57,142.72,22.43,2.3585,-0.6315,82.42
K96nCuCju9g,1.727,205.57,142.72,22.43,2.3585,-0.6315,82.42
K-Ntgt1fyI8,0.0949,76.7,32.49,33.22,0.0844,0.0105,-66.06
mskZBimG6rI,3.4007,95.29,108.73,55.89,2.457,0.9437,22.29
6i3V9A0vtIQ,2.8843,111.73,106.16,27.96,0.8407,2.0436,13.61
k_SLqJdz7vU,2.8035,76.75,81.39,19.06,1.5341,1.2695,-9.13
i8frJrIPCMA,3.3251,149.19,87.46,36.17,1.5729,1.7523,11.37
hqWFBC2Q9HY,3.3547,117.35,107.08,32.71,2.5139,0.8408,27.89
vBHd-dPDNyA,3.4909,140.89,90.15,45.53,2.9644,0.5265,72.14
neyJUIm15BM,3.7809,151.3,89.77,72.16,2.1995,1.5813,80.27
5y_UaENC1es,3.237,128.85,91.66,52.5,2.5913,0.6458,60.84
D3uAwsXOzaM,3.5442,134.33,100.97,39.74,2.3763,1.1679,12.09
wNIzfaG5t2o,3.5181,139.63,112.57,37.85,2.6459,0.8721,60.78
WvPCQHqTrHw,3.2403,172.38,122.26,32.45,1.5343,1.706,27.86
V09ELGen0a8,3.3088,132.75,131.21,32.41,2.5532,0.7556,11.57
jAylVky1A9Y,3.3696,135.01,141.75,49.55,1.8964,1.4731,82.75
47Nhnb5E1go,3.7066,130.68,114.83,38.44,3.2822,0.4244,-0.21
AM1P-nNe6qk,3.271,120.7,130.7,29.94,2.8863,0.3847,31.87
yyUPrGwR0Ho,3.377,117.08,135.19,36.63,2.4588,0.9182,45.84
qR1o2qrMQG4,2.6233,124.15,147.04,19.43,1.3093,1.3141,56.79
10whyVMThtM,2.5754,157.84,127.41,47.71,1.8243,0.7511,-20.55
cpPRK-vnDi0,3.3126,113.17,131.64,35.23,2.3373,0.9753,49.57
751VjOF1lTM,2.7981,115.18,119.17,24.63,2.0873,0.7108,61.04
cr5dpEbHEz8,2.9792,129.91,95.93,25.07,2.2043,0.7749,6.96
xXLVuADtflM,3.1766,100.94,107.07,25.14,2.8047,0.372,13.42
P9OZH7OlgEk,2.8938,121.25,110.26,21.54,1.9495,0.9443,-23.58
IXGtQ0rz04I,2.6835,95.12,105.6,18.95,2.6527,0.0308,-28.93
z-zlI6Zvt3k,3.5067,115.59,113.66,35.33,2.0686,1.4381,10.15
e3Y32JhhkyI,2.5949,151.66,141.27,28.84,1.899,0.6959,99.03
1ErfgAwcDiw,2.3923,113.7,164.13,48.98,1.3501,1.0423,-10.95
LMpGHmsskiI,1.5506,111.42,183.97,15.2,0.8957,0.6549,8.01
rvEBB5_kYgM,1.5781,110.58,182.54,15.5,0.901,0.6771,7.37
yPLy7NOA8FU,1.5083,109.31,185.39,15.33,0.7773,0.731,9.21
R58ZnT63dPI,1.6273,96.52,177.75,20.62,0.7455,0.8817,-5.87
BGPSJcQCw7w,1.4991,108.41,185.78,15.61,0.7783,0.7208,8.3
iZs6d0OIoA4,1.6432,100.43,174.43,18.87,0.7574,0.8857,-1.97
-O_8qq6QNCU,1.6018,110.77,182.47,14.91,0.7592,0.8425,10.51
xgzGwFrY58s,2.9493,103.45,125.3,30.18,2.9268,0.0224,-28.32
-KVYK5G-lxw,2.8707,114.11,131.55,27.42,2.994,-0.1233,-11.53
o2rNCxbpSMg,2.8292,106.77,134.99,26.05,3.0312,-0.202,-20.36
EaS-zCbZfX8,2.9153,97.7,219.47,40.48,3.1402,-0.225,6.26
vDtybxcqI8Q,3.466,111.13,117.04,38.68,2.6824,0.7836,50.33
PPJNk02MY2I,,,,,3.6168,,
VPaZmnHsB1c,1.5862,58.06,125.67,36.3,1.8942,-0.3081,-59.61
nLTwAcfxBgw,2.1683,41.5,117.61,38.07,1.7999,0.3683,-16.16
D4440kd8X_k,2.7798,81.61,135.33,22.72,2.9962,-0.2164,46.53
UtkoDVMSFxE,2.4108,18.31,168.03,19.13,2.6056,-0.1948,-40.04
Fyx0k3FagRc,2.7654,71.65,93.64,20.8,2.4706,0.2948,-15.19
DYroEP0OD_E,2.317,130.99,140.64,45.32,1.7231,0.5938,48.1
vJs9c_cOjds,3.1781,62.47,83.68,46.01,2.7219,0.4562,-19.96
LPYGORVgMb4,3.4021,35.51,88.66,40.13,2.5921,0.81,-52.13
HNF4wGkvblA,2.9824,29.3,85.35,21.3,3.4559,-0.4736,-29.84
2rIDsnftmac,2.3476,79.87,106.27,44.43,2.2551,0.0925,-68.76
EsOthVSJIMM,3.7033,100.28,77.28,48.17,3.0318,0.6715,18.0
_2AZMULR0ek,3.097,174.04,145.61,60.75,1.6255,1.4715,85.59
W24uhpUxNF0,2.4816,175.54,113.55,27.88,2.0571,0.4245,-49.85
Rxm0WEvGYvE,3.0428,126.76,191.92,47.91,2.3635,0.6793,-28.33
kbMD36qHdso,2.6953,182.46,104.48,38.82,2.689,0.0063,58.89
Qu9vzWXZVeI,2.7957,184.46,102.76,34.84,1.9504,0.8453,10.39
6gdxIt-WVdk,3.4009,133.91,110.67,36.78,2.4262,0.9746,47.21
ODQen2G4pv0,2.546,175.66,83.76,34.45,2.4725,0.0736,132.0
s-c4H4GNlBE,2.9012,186.69,96.29,41.64,2.0539,0.8473,36.12
2b7ZxTQTUrA,3.2546,99.56,109.03,25.78,2.582,0.6726,22.38
hpYZlZ8IXa4,2.6206,184.07,83.72,36.04,3.085,-0.4644,155.11
FDHnwOp2O9Y,2.7478,180.83,110.93,38.66,2.4416,0.3062,106.03
SH3Ft5KHed4,2.7487,189.09,110.97,43.98,2.3573,0.3914,118.13
rw0Z7wyoFUo,2.947,132.67,110.62,29.56,1.9329,1.0141,17.43
kNiL5I6vbj0,1.5804,38.14,117.89,14.04,2.1283,-0.5479,-12.78
g8kH2GANedg,2.8586,94.4,163.47,23.73,3.2792,-0.4206,-29.38
D2F6XFlkR9o,2.5645,102.23,137.42,20.5,2.5486,0.0159,-11.17
4lBdHVK_W1A,2.9635,135.53,160.02,42.11,3.0877,-0.1242,90.32
fNEaogb4eZc,2.3917,176.36,113.62,47.63,1.9911,0.4006,-2.3
MJblWi-9DYI,3.3289,43.38,141.53,38.17,3.5292,-0.2003,-7.86
Q7LRvuYHSqQ,2.1544,72.22,84.19,40.07,1.8535,0.3009,-19.39
kOs9uoUoQK0,1.2393,48.88,70.58,27.14,2.2341,-0.9948,15.8
Hy4Blnk0n4s,3.2307,94.61,124.49,36.18,3.3648,-0.1341,30.72
tq9_cnXCQ0I,3.0621,70.04,135.28,41.52,2.3401,0.722,-40.34
Aa4xXWfEyDM,2.7579,90.23,125.66,38.31,1.7619,0.996,26.48
k12KYzbeXLg,2.7198,99.82,122.54,30.96,2.5877,0.1321,59.37
cWBY23_UTq0,2.7129,63.05,127.85,25.84,2.1634,0.5495,36.11
bycXtZsiHis,2.7742,73.15,121.14,26.5,2.5826,0.1916,-40.98
w-wlOcmEAxs,3.3546,97.27,115.69,31.69,3.0954,0.2591,4.32
24lw0mbWAhc,3.2471,81.8,107.38,36.19,2.1388,1.1083,-4.25
tT4q751pPVo,1.8442,72.84,185.23,20.93,2.3475,-0.5033,35.82
LommeKz2u3A,1.8442,72.84,185.23,20.93,2.3475,-0.5033,35.82
EaksAw_LJ_w,1.5855,95.37,181.08,21.94,1.9445,-0.3591,75.88
xKmESne4Qno,2.3219,153.43,56.17,52.83,1.5248,0.7971,-8.87
lJ3mH2AJyO4,1.5561,187.81,87.29,7.4,1.7745,-0.2183,52.39
Q7hV4usiaNc,1.5561,187.81,87.29,7.4,1.7745,-0.2183,52.39
kqPTDbOCIWQ,1.1343,156.4,127.76,4.2,1.2924,-0.1581,30.66
Cte6dJlt9X4,2.5581,121.0,94.37,62.08,3.0628,-0.5047,13.24
mhnEYyhi6gE,2.5513,95.15,184.13,18.66,2.0902,0.4611,2.96
06HpdK2hb58,2.3199,139.41,133.93,47.05,2.1173,0.2027,27.12
YWYwnxXA9vs,1.6653,98.97,159.58,17.63,2.2072,-0.5419,39.61
PFfQQCLTeMg,1.3331,69.26,111.37,17.77,2.8224,-1.4893,-13.62
kA4ndpUe6Qg,2.2704,189.37,119.08,47.91,1.9006,0.3698,32.24
3zlFpEPQ8yE,2.4132,73.96,126.72,34.74,2.4726,-0.0594,52.76
wnYPIR_PF14,2.7337,116.02,127.55,33.05,1.8092,0.9245,-1.27
hZqwq--W7a0,2.3485,134.11,110.56,36.25,1.0178,1.3307,-31.89
IUC8ohbMnK8,2.5892,141.27,109.92,34.32,1.3368,1.2524,-43.53
8lT3-29yg-8,2.7435,134.6,102.08,31.86,1.3784,1.3652,-0.97
ort2RQ2TF7Y,2.8307,95.57,131.86,32.02,0.9145,1.9162,40.24
Jm9ZVi0WXKA,3.2223,129.36,110.69,34.67,3.1552,0.0672,25.98
qTsyW1kGbW4,2.7941,89.21,113.92,26.6,2.0867,0.7074,8.27
UyMWei86-Es,3.3366,84.9,99.9,35.83,3.5045,-0.1678,4.0
Kx_9_3sIfZQ,2.4757,121.83,122.17,19.61,3.2184,-0.7427,20.66
hqVkuNgVBmc,2.4497,114.58,128.78,41.88,2.8753,-0.4256,11.42
1tFbEPUhdJM,1.9249,137.7,116.89,22.82,2.8262,-0.9013,70.45
1-P9r3Fy69c,2.6367,110.99,151.24,32.19,2.9138,-0.2772,15.32
KCB72o3QCI0,3.2403,105.11,114.83,30.15,1.774,1.4663,31.44
sP-FUB2GNkE,0.3058,86.72,237.23,17.46,0.9865,-0.6806,-26.72
QXg_-1us1o8,2.3783,143.27,105.44,17.12,1.9238,0.4545,78.51
6F8Bg0SVSE0,1.8085,72.32,113.46,15.14,1.7589,0.0496,-32.61
o8TaHQw9R3s,3.5646,88.6,151.9,44.73,3.0473,0.5173,14.15
10y5poVAjYo,3.5497,85.87,209.03,55.3,3.4368,0.1129,14.66
VZU8OTUmWDM,3.7727,97.72,192.87,45.76,3.2468,0.5259,45.41
3nVD5zPizEA,3.3076,112.87,154.69,35.69,2.8041,0.5035,18.76
LFylneb3_Wg,3.0027,107.44,157.01,25.12,2.5999,0.4027,24.54
pUrANyddDok,0.7705,95.09,149.9,17.95,2.9391,-2.1686,65.82
97fLiYU80VY,2.9693,70.18,127.09,48.07,3.026,-0.0567,5.75
gAElu_aqr7E,2.2959,82.99,115.27,34.07,3.3974,-1.1015,42.23
_9rDGH-NE_8,2.7381,51.28,76.96,24.09,3.3934,-0.6554,19.93
yK7gYljTdpI,1.7644,42.82,63.6,22.46,3.2499,-1.4855,22.54
z-0xibqFYJE,0.9626,32.58,44.54,27.83,3.0078,-2.0452,-2.01
QC7MiXBQlAs,1.0362,28.3,186.67,8.39,3.5493,-2.5131,-20.81
T6PnSHBSMUk,,,,,3.5016,,
ExkS7oxEHgE,0.3977,74.26,181.28,1.42,3.4805,-3.0827,30.78
8Zc9nZH2how,3.3089,164.63,100.57,45.96,2.7976,0.5113,4.46
TB3-sWbDAX4,2.5863,118.9,140.85,34.02,1.4698,1.1165,25.54
uVWK0KufR-k,3.0525,126.04,119.21,54.96,2.3683,0.6842,56.58
GATNgmujHBM,3.0743,94.02,131.82,51.07,2.0816,0.9927,13.43
qvmbObXo8wI,2.9851,77.15,143.6,41.5,2.1368,0.8483,24.05
c0MzJKWzwWQ,3.3708,84.34,133.8,59.38,2.7138,0.657,17.95
_Q1fxHQbRH0,3.0571,99.91,134.92,42.34,1.6111,1.446,0.03
MOdmd0zsbCw,3.1402,82.07,131.49,47.18,1.7395,1.4007,22.88
Hxl3NXMz_l8,2.9459,92.76,120.99,35.2,2.7191,0.2268,31.7
3aLvHefTzsQ,3.1795,113.84,140.16,48.32,2.6086,0.5708,34.02
MqcQDVnnz-Q,3.2331,110.18,121.28,42.4,2.7371,0.496,27.24
mnm-Z-Nri0k,3.7688,179.71,111.01,45.89,2.3553,1.4135,64.14
6sSUqOZY2E8,3.722,165.04,116.3,40.99,2.6109,1.1112,76.2
daXYTFZHRLc,3.6145,168.71,108.86,35.8,1.6526,1.9618,61.37
2i4zm3VEY_A,3.7196,166.84,115.45,42.15,2.7204,0.9992,93.37
OrsJDCg0JG4,3.6326,172.95,111.74,38.52,1.8458,1.7869,61.21
7DBMXogM-nA,3.7194,180.7,109.69,41.27,1.8956,1.8237,61.84
w4v5YeO43Pw,3.7278,165.38,116.86,40.86,1.555,2.1728,68.42
chHIi_JSuoY,3.2405,92.84,120.81,27.0,3.0947,0.1458,-54.23
B3JHR3ysxIY,2.8634,51.87,147.22,18.6,2.6162,0.2472,-49.6
-TNAOSACRbA,2.7339,43.16,148.18,19.76,1.4651,1.2688,-21.5
FCn3u9n1tas,3.413,39.74,152.6,28.84,3.0494,0.3635,-18.65
W7mr2Opm2T4,2.821,57.52,135.39,20.05,2.9394,-0.1184,-39.06
E94qkDw860Q,2.9811,57.97,115.09,22.63,2.9509,0.0302,-42.38
SjqKx3DPZ0Y,3.3862,82.21,144.86,61.46,3.1351,0.2511,21.21
FagOMzGcoF8,2.9498,98.61,104.47,26.81,2.7327,0.2171,-61.82
Wg0sihp71M0,3.3421,65.28,137.78,50.49,3.1652,0.1769,-70.16
AZ1_ovjXokw,3.2514,62.68,119.59,22.53,2.9584,0.293,-45.13
uACbrgP0fEI,1.1588,86.76,192.66,23.49,2.8628,-1.704,-40.18
-_H5wkUWkQo,1.9015,101.76,156.9,40.46,2.8777,-0.9762,21.89
UaYwAI9YZH4,0.9796,25.75,94.29,37.32,2.0532,-1.0736,-5.6
UXc7mahYya0,3.1885,39.0,69.94,18.79,0.0,3.1885,39.0
4cc8Sa6ydqg,3.0369,56.27,83.84,17.46,1.4883,1.5486,16.28
pegsZcr0CZ4,3.1824,78.88,81.38,19.47,1.6298,1.5526,-21.37
KYkrejdYCIQ,3.4117,131.5,83.1,39.15,2.1834,1.2283,-59.89
RKO-Yn2l3dU,2.5985,133.37,123.13,19.85,1.4647,1.1339,-33.12
yjV7lFO0dZU,3.4243,66.48,90.67,41.73,2.1344,1.2899,17.95
YO-QXpZwCtA,3.4325,46.22,68.1,24.91,3.4818,-0.0494,9.87
j5hCTA8vbdg,3.0956,57.22,119.94,27.6,1.9636,1.132,15.52
XK_MH3v9gsg,3.3179,33.14,127.16,21.68,2.3267,0.9912,-13.38
9fQJ8fWKUYA,2.7167,56.4,121.93,20.96,1.6124,1.1043,-8.49
LSnSEcqUsew,3.1125,26.13,131.52,22.34,0.688,2.4246,13.39
g3B1yoK8gS8,1.865,29.29,126.08,27.03,2.461,-0.596,-16.75
oKeLybeRxg0,1.0281,176.33,104.2,18.89,1.0135,0.0146,-70.08
CX5vrxdcT1A,1.0298,176.35,104.3,18.94,1.0141,0.0158,-70.06
cj8Mqe5dvfE,1.0385,175.31,100.5,20.56,1.0142,0.0243,-70.98
q53J-zVZF6k,1.0388,175.07,100.72,20.64,1.0149,0.0239,-71.24
R4OsFwSAp-c,2.1734,126.25,164.8,39.41,2.2838,-0.1105,-12.24
-ylZNfBrTGk,2.8033,115.92,168.83,46.42,2.47,0.3333,-38.68
hZZJfh6VAIg,2.621,91.46,166.12,44.03,3.3593,-0.7383,13.01
sw-bF2khpu0,3.0198,101.16,159.06,48.72,3.5678,-0.5481,-19.99
7eCZzcOcHnQ,2.4844,93.23,169.65,48.45,1.9829,0.5015,-3.07
fjudKejphn8,1.3287,93.51,202.12,9.89,1.1303,0.1984,-47.19
YxhjzRJ6Syc,0.3714,155.17,152.3,19.46,0.7288,-0.3575,11.59
RbdBlPiydyo,1.3402,136.77,141.33,37.06,0.8043,0.5358,-28.98
Jcni9bXN9hg,3.0993,69.02,132.85,36.55,2.8796,0.2197,15.75
5RXKPz7bVuk,0.3802,110.28,151.95,31.46,1.6008,-1.2206,56.22
DWcVAJwGd2I,0.3886,153.05,153.67,20.62,0.7112,-0.3225,7.48
x-n8njNJStA,1.2268,81.89,182.03,15.59,0.9474,0.2794,11.78
6ir84pi67i8,2.772,106.68,64.46,25.42,2.5399,0.232,6.12
z7htQg1oJ_w,2.9557,92.29,151.33,33.94,2.7957,0.16,16.73
Li0cGyRZfpY,1.2911,95.41,203.76,9.93,1.1847,0.1063,-12.53
rFMvn8lnH_A,3.949,175.08,70.75,56.68,3.0266,0.9224,98.46
DkV5xQLfK5o,3.9267,141.74,69.31,51.92,3.2093,0.7175,50.75
2snLVZdSG8E,3.9791,145.96,86.69,45.56,2.1671,1.812,85.25
JnZ5TWrpvJ0,3.9941,136.84,78.53,41.55,2.3358,1.6583,28.05
NeubEt1LeV0,3.9827,132.32,72.11,42.64,2.126,1.8567,44.96
5efERE70jSw,1.2581,54.32,153.98,48.32,2.2153,-0.9572,-70.26
9xKI-N-o8Zg,3.4223,69.38,151.09,36.28,2.7324,0.6899,-7.4
8LZAaNaoxYU,2.8635,74.83,147.02,22.05,2.6046,0.259,-24.96
B_2bshGHUa4,3.1428,166.33,163.06,33.83,3.3745,-0.2317,50.55
L7N2JLqfbPc,1.5228,48.03,121.6,31.04,1.6385,-0.1157,-10.07
_BuS5CF8Tqo,3.1777,36.99,155.34,27.24,3.0638,0.1139,-22.54
gjS7RR37j2M,3.1225,56.51,172.17,60.56,3.3248,-0.2023,-1.28
WCkUq3w4Muw,2.6156,83.69,177.7,20.99,2.9073,-0.2917,-15.99
c5hN5sFoHpc,2.048,54.86,74.95,12.17,1.9605,0.0875,-32.16
C5elSj1LcFQ,0.8378,67.37,223.78,18.97,2.5582,-1.7204,42.13
pquDL2sl2rs,2.9888,24.5,141.54,38.6,3.6027,-0.6139,-20.97
AavKjZWEzFI,3.5592,167.78,167.25,44.25,2.4558,1.1033,-32.19
ulw8cUGR9NI,2.8036,98.84,158.33,48.88,2.3297,0.4739,58.68
YkB-ZoFbGag,3.0291,108.7,125.41,30.73,3.3783,-0.3492,41.1
Jg9vNHjE-Zo,2.9809,131.28,97.36,24.54,1.7611,1.2197,56.74
42ev14W_MiI,2.6229,56.81,131.0,26.67,2.4191,0.2037,-5.11
RF_als0rUtY,2.6098,132.54,150.36,22.15,1.4567,1.153,12.28
xfVxxGWomFs,2.8818,153.63,146.8,36.97,2.4723,0.4094,22.87
43MKeWxO1VA,2.8626,141.4,151.34,41.66,1.9752,0.8874,53.21
N-EgLClykpA,2.8716,113.56,138.86,46.6,2.3771,0.4945,43.83
09a2qe4R-8c,3.03,141.85,128.71,49.2,2.7098,0.3202,34.91
PjItSpaxRgo,3.2583,141.0,130.41,45.25,2.8062,0.452,-6.23
1Sy5MjfwTVA,3.0626,158.56,136.39,37.26,2.0974,0.9653,59.21
8KLa-Cylhfg,3.2173,90.06,141.25,32.7,1.9728,1.2445,12.15
X9itAvMNXBA,2.4653,170.09,130.6,31.16,1.1734,1.2919,-1.84
cPFumWyw6ts,3.229,132.12,151.51,35.27,2.9815,0.2475,16.17
dnJkUCCjg6I,2.8828,141.46,165.19,28.6,2.4846,0.3982,5.63
LLCEgQflWNk,1.7813,56.4,163.36,24.47,0.0224,1.7589,-42.72
sFmWvGCw7_o,0.4005,47.48,68.55,8.79,0.5605,-0.16,-0.94
s_zkkUmP99E,1.1838,15.43,195.25,31.97,2.2958,-1.112,-13.65
HIwUw6IxS-8,2.9087,83.85,136.23,46.55,2.4405,0.4681,9.7
4FU9rROA4fs,2.5165,22.91,147.14,28.48,1.5862,0.9303,-1.35
50IzB1s6z1g,2.1197,99.09,100.23,25.84,2.1914,-0.0717,-4.18
sFleVu_ZGKc,0.9208,56.04,110.94,21.13,2.9017,-1.9809,26.92
UkaBEri495g,3.2594,80.04,191.59,33.09,2.5219,0.7375,44.31
QepiR-2fuug,3.1508,85.5,146.45,42.87,3.2648,-0.114,21.67
iSMAj1nwQXc,3.1475,81.72,172.79,37.22,2.3374,0.8102,42.3
gsCpCSF_BYc,2.9732,111.56,136.58,57.39,2.2802,0.6931,54.48
sQiiT6klvCE,2.9222,96.8,134.43,49.01,2.1438,0.7784,44.37
H3UQwclPbuA,3.6742,103.03,136.43,36.46,3.4487,0.2255,53.54
jVYeZBd3CV0,2.9506,165.38,133.29,28.65,2.952,-0.0014,87.87
5TULzqyf4oo,3.0473,187.94,142.55,48.13,2.945,0.1023,80.85
AZZEwbDYknM,3.1982,196.46,136.88,43.89,2.9473,0.2509,78.47
2HL4ej-3sNQ,3.3128,118.09,116.83,29.52,2.9966,0.3162,-2.16
guhum8z9frg,3.1498,127.27,138.05,56.31,1.6124,1.5373,99.36
iaalqIwEtM4,3.2702,203.28,131.63,51.57,2.9372,0.333,84.82
xcwG9gj_0-Q,3.1041,183.56,127.98,29.93,2.6718,0.4323,126.28
ktFPEliSXh4,2.9287,130.4,157.97,23.72,2.7732,0.1556,25.21
Hrh3JMEjuyk,3.4095,182.39,130.1,42.36,3.2224,0.1871,97.47
Ujcd_B6jCFU,0.0,0.0,35.57,-0.0,1.9804,-1.9804,-9.84
9SXAL87UwPk,0.0,0.0,39.48,-0.0,0.0,0.0,0.0
uqMPOdGe1dc,0.0,0.0,39.77,-0.0,-0.0,0.0,-0.07
a4l4fLgik_c,0.0,0.0,38.1,-0.0,0.0,0.0,0.0
WQdfUgbvECw,0.0,0.0,39.38,-0.0,0.0,0.0,0.0
oxbaJ_v4FoQ,3.0754,159.38,124.71,37.33,2.6105,0.4649,10.33
Tz46614jEfI,2.4478,140.04,126.26,21.08,1.7062,0.7416,0.12
dlXdFOJwfgo,2.0964,149.34,155.72,26.1,1.4496,0.6468,-28.82
OTfrj9VX5fw,2.6273,113.82,149.14,25.18,2.0654,0.5618,-7.91
z0B0Bs2PQCw,2.999,150.12,141.89,34.91,2.2909,0.7081,-10.64
4Lq5py2bulk,1.9613,155.13,191.16,77.73,1.2948,0.6665,-7.21
0FsdULITzZI,2.9924,121.16,123.35,23.51,2.6207,0.3717,73.37
dh5i8XZPg4I,2.7878,180.59,131.92,39.39,2.6855,0.1023,87.11
7PXPR01oyMQ,2.1261,120.21,176.06,46.64,1.9258,0.2003,-30.53
N1fWWLhuGgk,2.6142,68.7,125.89,18.03,2.3252,0.289,28.58
tN46pFw6MG0,3.0362,165.9,114.37,23.66,1.9251,1.1111,40.65
vT_vK2IiSNA,3.1386,150.37,139.3,52.7,1.0648,2.0737,62.95
fcPu2SnZ-j0,3.1419,168.99,123.68,26.56,1.6125,1.5295,86.85
Q8h1nra2COE,3.3316,161.85,112.66,37.68,1.428,1.9036,51.86
RW1j0flhlZQ,3.4723,155.09,104.7,30.21,1.682,1.7904,17.29
tJp04ppJJAQ,3.4404,153.36,110.02,35.97,1.5105,1.9299,50.59
v3Fj4TmtcVY,3.3013,125.97,144.16,47.04,1.6632,1.6381,9.15
4C9bABSqjJo,3.6504,135.08,131.02,34.6,1.5296,2.1208,73.78
dV3q-DdXGwI,3.4117,120.54,98.41,40.49,1.7934,1.6183,63.04
5JVzWcNccYM,3.3757,142.89,96.34,43.26,1.7681,1.6076,50.05
1F7WmSAvWVw,2.9588,133.5,39.58,46.25,2.4314,0.5274,110.73
uK-iAbM4EbY,3.0679,141.83,38.8,46.4,2.3056,0.7623,117.73
m4i5VUWQ4bs,2.1555,39.44,79.25,17.51,2.2552,-0.0997,-18.1
EUmFKw711R8,2.1461,38.78,79.19,17.32,2.2389,-0.0928,-18.94
9DyZZ4QmuBQ,2.9494,122.75,41.6,47.1,2.4399,0.5095,101.05
hr1OVN5LvuU,3.0849,131.39,40.5,48.01,2.3092,0.7757,108.09
nPiQf747R6o,1.5269,0.46,205.7,4.78,2.1825,-0.6556,-27.91
kbZqTfO1KZc,0.0,0.0,104.97,-0.0,2.6362,-2.6362,-6.91
X5WpAmT8-QM,0.0,0.06,97.85,4.38,2.533,-2.533,-6.8
GCbLIdcuxfY,1.0849,60.02,108.77,26.48,2.7745,-1.6896,-0.75
I3NmBJ_lgLs,2.1331,28.28,103.5,42.89,1.4448,0.6883,-8.28
zQu4I0D_r_c,1.3991,131.33,209.44,17.19,1.0013,0.3978,-50.59
ndErFoJiUDg,1.9319,29.45,101.67,50.19,1.8062,0.1258,-5.49
q-nSYvUy4wI,2.1184,8.81,193.92,23.2,2.4838,-0.3654,-27.47
yOUUcom7-zo,2.3345,102.12,160.1,38.48,2.9613,-0.6268,34.92
cBCu6Oglt1c,0.3966,33.54,130.91,30.39,1.5735,-1.1769,1.55
gzlGKJfcfpo,1.6163,113.4,123.32,10.15,1.3221,0.2941,3.08
o1KyoTFn_n8,3.0717,121.71,153.89,31.08,2.2768,0.7949,47.78
GkWeWx6kO5E,3.0245,128.02,93.51,30.1,1.0238,2.0007,76.79
VeIffo1-XGg,2.8347,151.83,132.44,42.86,2.5949,0.2398,70.64
dP46ktpgWzI,3.2896,160.36,136.15,44.81,2.6859,0.6038,44.07
mxmtPpaygzs,2.8354,172.94,149.81,31.78,2.6965,0.1389,118.19
agAGHoHnWcM,2.9281,148.21,104.56,34.13,2.1034,0.8247,41.25
0dQ2xlbTrKI,3.1398,135.79,143.61,34.9,1.4165,1.7232,66.76
umlFXxSmB0g,3.2305,138.4,135.59,49.17,1.917,1.3135,66.17
YUmLe0zOciw,3.2361,179.38,133.9,50.64,2.8311,0.405,83.47
7f7LMZPDMAU,3.5214,130.33,122.27,49.25,2.2369,1.2845,11.84
-WCrQlEY-xM,3.1599,146.71,126.4,58.47,1.7067,1.4532,88.33
-tOGVa7ZS3o,3.2545,180.21,122.8,47.74,2.5136,0.741,101.03
EPJKOS23qf8,3.1868,158.8,123.14,57.26,2.1342,1.0526,89.39
dAS54yXJV9g,3.0904,163.56,122.48,55.14,2.5661,0.5243,102.19
uGVRtRFxZMc,3.2382,176.37,122.18,47.94,1.5642,1.6739,84.14
N2aoHjNYHO0,3.2438,150.95,123.99,63.34,2.3122,0.9317,102.29
Abx5n0zQ0H8,3.144,159.74,133.34,50.08,2.0202,1.1238,85.07
gYB5GnYinDI,3.0022,148.57,125.79,59.08,2.2666,0.7356,77.52
4ZpuhZud05E,3.2928,147.55,118.59,45.07,1.6507,1.642,41.0
13w_peqqxZ0,3.3608,168.36,126.0,54.55,2.2096,1.1512,72.36
PwjB3CfDivw,0.682,187.03,84.46,15.62,0.135,0.547,-22.8
mvNcn7VKFzc,0.0425,59.6,228.58,28.45,1.3986,-1.3561,-12.83
hdq-iRK1kfs,0.9172,114.45,232.75,27.5,2.0026,-1.0854,-12.65
fyqEs4dUK7M,2.3571,81.93,126.22,44.85,1.4944,0.8627,49.61
tJPdUC8recI,3.1506,83.7,116.84,28.37,2.6359,0.5147,41.58
Cnnf2yvT-mw,2.8648,93.64,121.22,25.01,2.8836,-0.0188,36.94
8Os2cBwyG60,3.4533,136.12,103.37,36.2,2.0426,1.4107,27.65
SyclOxmVuH4,3.4777,144.47,103.26,42.13,1.8539,1.6238,48.79
TwUbt3f8bV4,3.5724,122.94,88.78,41.59,2.4824,1.09,40.92
MDXDdSONCYQ,3.5873,139.02,113.31,48.05,2.5157,1.0716,63.22
I4oBqUr_cUI,3.7273,138.1,114.83,42.56,2.2244,1.5028,52.19
YKmWQySRKuM,3.6194,148.89,103.02,34.48,1.7089,1.9105,65.78
VPwuOICSW-Y,3.5062,132.65,99.74,39.9,2.4268,1.0795,70.2
AHqOWo1DlTI,3.2489,114.97,128.81,41.47,2.7266,0.5223,64.66
cTD6VAt0wSY,3.7296,148.92,78.21,48.18,2.2233,1.5063,61.48
uuytL6WlDX4,3.5937,139.65,99.68,38.76,1.9985,1.5952,77.3
0Akh02mWEbQ,3.0224,76.06,124.04,22.72,1.7309,1.2915,51.76
MicHgIebq1s,3.1229,94.91,105.84,52.35,2.0826,1.0403,-24.27
z5vC1Dcsoag,3.2248,109.17,126.28,34.5,2.407,0.8179,68.75
6vcWhWVJM3Q,3.0256,120.65,122.66,45.59,2.7215,0.3042,100.22
xuLu6EGfhn4,3.3118,173.4,119.53,35.88,2.9679,0.3439,67.78
PHTm0IoX6AQ,3.338,170.15,123.87,39.99,3.3455,-0.0074,91.31
iHo48cuxjD0,3.27,163.62,117.57,34.92,2.9439,0.3261,67.77
PTcxfmEEnQI,3.246,170.14,125.44,37.35,3.0084,0.2377,95.09
Z_UURiwo5zw,3.3652,162.84,129.24,36.1,2.93,0.4352,90.24
oqZoOgiHc10,3.309,166.19,127.18,36.73,2.4949,0.8141,76.54
66HfVn-KaT8,3.2542,179.75,126.85,39.21,3.0563,0.1978,75.25
IzIduAfZ6-k,3.3175,139.49,122.59,37.08,2.8787,0.4387,77.83
p4hQT8_xxwQ,3.2652,155.8,122.96,38.95,3.4014,-0.1362,78.54
xC49KdJVCnk,3.1918,146.24,124.12,37.53,1.836,1.3558,34.19
ISbCHCtx-hU,3.323,165.25,133.73,30.6,2.9018,0.4212,66.82
3hOB6IWCt7M,3.2917,167.55,132.52,34.16,3.4121,-0.1204,98.21
D9smwMcrZss,3.3697,170.07,121.49,36.8,3.1862,0.1835,57.22
GRzIzx3JSjc,2.6888,124.31,65.03,16.6,3.3099,-0.6211,54.91
OIa-4BbRrmg,2.7631,125.23,89.9,30.37,1.8721,0.891,62.22
yHJvhjZPEOk,2.6674,162.12,120.55,43.97,1.8282,0.8392,53.41
0ex_ISVpV9Y,2.7988,128.02,100.32,34.17,2.2525,0.5463,6.37
5GDUJ7omMQw,2.3645,125.63,142.81,44.36,1.9896,0.3749,46.35
ZK1WKdga6-g,3.0801,103.79,107.02,52.55,2.3297,0.7504,65.39
kdrNfZBJF6U,3.0582,104.54,114.29,39.22,3.0767,-0.0185,45.85
YBAQBAGbGHc,3.5235,95.14,68.18,30.7,3.2995,0.224,32.59
vBp3mj3lEI0,2.8793,38.69,92.65,45.7,1.9039,0.9754,4.6
9gcMMzzUj-g,3.1107,113.28,113.16,44.41,2.0166,1.0941,30.42
7UN1TyVLgfk,2.0834,71.68,147.85,19.91,1.5186,0.5648,14.73
Vw9KvIPUmiw,2.9212,181.96,135.08,38.27,3.0026,-0.0813,97.86
PKLZHMgxRxw,2.83,176.35,139.95,45.68,2.4073,0.4227,101.41
rIthnQ1zoQw,2.8612,172.48,141.87,38.35,3.0759,-0.2148,109.43
une-1PL0Mh8,2.2453,186.51,145.97,16.23,0.9235,1.3218,86.1
ScygPBPz7R4,3.005,192.18,142.93,40.43,3.0569,-0.0519,56.02
sLHSFcMGJhU,2.2453,186.51,145.97,16.23,0.9235,1.3218,86.1
AsaV_oY6Y0U,2.7045,184.56,144.32,37.68,2.8367,-0.1322,102.31
Devz5E0ZUJ0,2.5571,190.23,139.13,26.67,2.8717,-0.3146,96.41
jxK4tRc36CE,1.3762,30.72,212.85,33.11,3.4155,-2.0393,22.48
SLGaRImtkNk,2.6062,103.84,135.13,61.17,2.9266,-0.3204,53.7
E1tBI3-M_7A,2.7772,96.77,146.11,20.34,2.914,-0.1369,69.76
JOhrLSvk8UU,2.3458,116.01,118.63,13.69,1.1718,1.1739,17.84
CdzFLDsW-YY,2.1837,33.16,133.73,14.26,1.8864,0.2974,14.52
ke4dq7i1xV8,2.5897,60.91,89.57,23.62,1.9961,0.5935,-36.26
DRvssYxAIfU,0.8276,88.51,137.66,17.34,0.758,0.0696,-34.49
f1bXqIhb3r8,1.8973,52.69,120.55,16.48,1.7376,0.1598,-6.2
eBCaV_h55Lg,1.9345,53.97,121.22,16.94,1.4436,0.4909,-13.42
fQv1EcIhTL0,2.6437,162.99,141.31,34.23,2.3998,0.2438,122.89
zMo0yBYhKSs,1.4792,60.48,214.46,27.23,1.2037,0.2755,7.74
Wg3NbI3hecg,2.1492,67.13,90.33,22.0,1.8358,0.3134,11.54
5WiooKtNGQU,3.037,71.8,77.38,33.75,2.2947,0.7422,54.98
zUPNnbfD1-I,3.0112,95.75,73.6,33.61,1.8325,1.1787,28.77
Fu2x2W1SFbg,2.5707,102.6,54.68,46.91,1.9969,0.5739,35.52
V-_CzzPdigk,3.9483,80.36,100.3,43.43,3.4403,0.5081,49.86
lgNKPG-9zsA,3.0305,113.73,147.97,36.03,3.3482,-0.3176,50.9
lbE4XqACsVc,3.2988,90.52,85.3,47.22,2.6157,0.683,52.92
9DMCIUEwVsk,3.0953,114.28,103.39,50.14,1.7345,1.3608,29.93
ww06_7mjtRg,3.106,117.69,110.16,39.97,2.7076,0.3984,72.55
Q4ZHzHARab8,2.693,113.36,137.32,20.05,1.9732,0.7197,-18.99
UiBfIM_84OE,1.7537,166.9,201.21,17.06,2.012,-0.2583,-35.8
OfaG8GxrulE,2.2386,37.96,132.7,21.42,1.6646,0.574,-12.36
FomrZ7qCzok,2.5032,92.92,160.28,41.4,3.2099,-0.7067,35.84
iGiFr_7q_7w,2.4798,87.87,111.92,33.15,2.7826,-0.3028,12.19
QanYLmlasc4,1.969,46.86,82.85,41.66,2.3078,-0.3388,-33.0
wuUZ5wuvsjo,0.4805,64.03,215.21,51.34,1.6321,-1.1517,-86.57
owAOue1Wm6Q,0.2236,146.24,182.18,23.79,0.2077,0.0159,-95.39
Ed67Os3dr-E,2.381,95.82,137.5,46.22,1.7754,0.6057,-11.26
7s7k6vvA1wE,0.8375,147.91,157.63,13.5,0.158,0.6795,-39.62
vbnnnUixGX4,2.6619,100.4,155.16,33.42,2.3652,0.2967,43.16
D28PfrcN31g,2.438,84.66,194.27,34.63,1.3155,1.1225,-25.58
SV-IsgP0Tkc,2.5504,65.4,186.51,54.94,2.6334,-0.083,-25.21
73fo5cqMyJA,2.5806,90.9,165.8,35.68,1.9784,0.6022,11.26
oslTsLhPeZQ,0.9582,126.56,150.34,16.05,0.5925,0.3658,-53.33
0gjajyZopIk,2.2854,34.04,163.59,37.97,2.0643,0.2211,-21.52
suLmI-KntgQ,2.2398,61.92,189.61,27.2,3.1656,-0.9259,18.52
45RXn3wmMTI,2.2204,166.1,169.27,24.99,1.9178,0.3026,81.94
k_ModvHMqXM,1.7129,65.74,92.27,12.71,2.9525,-1.2397,-3.14
CYIX7oodVEc,1.0609,57.01,219.93,17.12,1.3258,-0.2649,-6.45
VRHhNacoMEg,2.2567,97.34,135.5,27.57,3.22,-0.9633,-37.43
U7gaFcR5lw8,2.4253,80.6,94.95,30.8,2.5799,-0.1546,-24.39
WvsXMYdwCcQ,1.2573,108.34,231.61,5.87,1.9617,-0.7044,12.2
c5kb6D_NiXE,1.2303,107.4,232.59,5.67,1.9803,-0.75,11.36
IkB9pJ7MlDI,1.2176,108.75,230.68,5.63,1.9921,-0.7746,12.73
Zst5WKnmd_4,1.3002,110.98,228.97,6.13,1.9475,-0.6472,14.67
hgSEPXU3hUA,1.1914,108.88,231.16,5.52,1.9961,-0.8047,12.89
mRN6fk3237c,1.2466,107.37,232.19,5.85,1.965,-0.7183,11.19
xiFVeQx4Mw8,1.2041,107.68,232.7,5.59,1.9873,-0.7832,11.64
kZwgMiU36-U,3.3026,122.95,126.01,39.67,3.4183,-0.1156,4.47
DMD95k9_JH4,2.8737,107.96,92.51,26.82,2.0076,0.8661,84.45
OanmC6USA4k,3.0552,174.7,94.42,44.22,1.3695,1.6857,102.59
5v8Ujk391b8,2.972,139.5,169.94,40.21,1.7228,1.2491,60.68
pSIl2n9A1dA,2.9668,106.92,100.38,30.34,1.6786,1.2882,27.54
C1SKMULC97E,2.994,161.65,148.62,43.58,0.7471,2.2469,89.92
Q2rkVHMXWPU,2.6237,107.06,93.71,19.49,1.3976,1.2261,44.74
5qgFbx6RSh8,2.2335,100.4,83.41,17.11,1.8919,0.3416,68.42
E0g1GQkwmig,2.6032,125.73,90.37,23.15,1.4594,1.1439,72.19
7EErSCPPcL0,2.5024,101.25,92.94,20.49,1.866,0.6365,27.08
H4iurGUkgM0,2.5428,85.31,88.61,19.05,2.0568,0.486,46.43
D5Cc2vLBkEM,2.3205,67.09,113.8,46.92,2.5974,-0.2769,-24.52
hYTAjUkb12s,1.7734,73.86,113.54,47.47,1.9604,-0.187,-55.55
HVRp7ewsAVw,0.507,105.0,230.56,14.77,1.9055,-1.3985,-23.1
QdqksuR437M,0.4951,107.88,231.51,15.32,1.8772,-1.3821,-15.16
EH8kMdOYgqE,0.4805,111.13,232.56,12.45,1.6549,-1.1744,-10.72
mzT4oYtx7Yw,0.497,110.15,231.73,13.81,1.9602,-1.4632,-1.78
Xz1V2DE6neA,0.4767,112.96,233.0,12.5,1.8003,-1.3236,-6.73
_YNOkkZmQUY,2.7581,72.3,149.86,23.15,3.0424,-0.2843,5.7
CxQSwkcqEDw,2.5842,93.16,159.06,20.55,3.118,-0.5337,16.21
tw8PW-0e8qA,2.8049,73.97,165.93,21.06,2.936,-0.1311,11.12
UsSmDMIvkt8,2.8094,76.04,148.59,30.94,3.1173,-0.308,8.23
M6ONU1pDmkc,2.272,65.73,173.44,34.14,2.9006,-0.6287,-1.05
zCvQKZhK-40,2.4862,61.2,208.74,35.34,2.8845,-0.3983,5.02
94djiUVpzxY,1.2812,95.04,142.7,10.42,1.6111,-0.3299,-40.3
xRMtp2c_rkg,1.2223,66.79,59.35,31.16,1.3777,-0.1554,-29.12
FH-qMSiLc0s,1.6776,63.35,144.03,28.58,1.2592,0.4184,-37.43
fkiKYMl2MGM,2.6161,50.15,120.3,18.33,2.7314,-0.1153,-20.6
a02agu4Rw9A,1.8628,58.59,76.17,34.1,1.6706,0.1922,-27.33
rTu9W1ehTCI,1.7578,106.14,170.63,26.72,3.2096,-1.4517,29.36
-4Ik7B87Tbc,2.0968,100.36,172.27,39.14,0.91,1.1867,-29.82
I5YDmqCLP6w,3.2964,133.82,154.28,33.62,1.5789,1.7175,117.8
oIgrHAfBqGg,0.9808,113.66,218.22,33.39,0.0582,0.9226,-96.28
PxcM8EfEq_o,0.0,0.0,83.64,0.77,1.7629,-1.7629,-0.17
y13_RmNOlHw,1.172,121.39,172.42,23.85,2.5953,-1.4233,37.33
RKRivByzThg,1.6479,36.19,190.12,19.04,2.2723,-0.6243,6.58
oSoV114yKMI,2.0289,29.53,193.06,27.72,1.456,0.5729,5.35
HkktDmjaW4s,2.1685,123.61,143.5,17.61,2.8309,-0.6624,35.61
Gn7qB-G6msA,2.5707,60.72,166.28,25.69,2.3636,0.2071,35.76
7W2FgSkjy-s,3.3591,120.54,123.19,46.14,3.2926,0.0665,33.92
ic9WCufr29Q,3.2521,136.1,91.55,26.99,2.7772,0.4749,28.46
PkzCochXzOI,2.7791,62.3,140.89,48.23,2.9517,-0.1726,-31.65
SypeaUl1k4g,1.8978,5.87,207.72,17.52,1.6761,0.2217,-6.26
Y7Ub1bhECMM,3.3886,87.25,109.48,26.67,2.0454,1.3432,30.83
VTFDDKVL2Vo,3.2172,93.54,112.5,27.19,2.1384,1.0787,20.77
dRhs6uxslf8,3.1246,92.44,106.44,25.15,2.2434,0.8812,18.92
5OkaPzay6Ac,3.4002,97.79,109.84,35.88,2.6627,0.7376,34.46
EHq1xSyjD7A,3.2985,105.83,110.14,30.27,2.418,0.8805,50.86
_oQvvdEpz2c,3.6793,109.3,118.39,42.13,2.2605,1.4188,35.83
ci5tt7T3xvo,3.4656,115.17,116.09,32.35,2.1892,1.2764,38.56
8_I2THX8YO4,3.3396,108.2,106.07,35.22,2.4648,0.8748,48.46
lnyqY-f2zQE,3.4672,97.93,105.95,33.09,2.5337,0.9336,41.22
Hd3hQXY4HZI,2.3707,20.82,198.67,24.46,3.2894,-0.9187,-29.54
l_P55KZMClY,2.8118,140.91,181.13,42.76,2.7876,0.0242,35.0
Lq82_0RiZew,2.698,145.73,196.61,43.0,2.611,0.087,20.83
-FZynavUocA,2.2985,159.85,190.62,36.86,2.5113,-0.2128,46.7
WqIOS1eOiBA,2.6646,147.77,180.73,45.24,3.3425,-0.6779,12.38
JhqUHxGF4BY,2.338,163.15,187.83,35.98,2.7005,-0.3625,31.93
MB7GFTBPyWc,2.219,163.6,191.55,33.16,2.9511,-0.7321,26.8
Yi2txJ_ZWpo,2.3254,159.41,188.58,36.74,2.5497,-0.2243,26.32
eoVLepyHGQM,2.698,145.73,196.61,43.0,2.611,0.087,20.83
M8g0tVqWI14,2.2985,159.85,190.62,36.86,2.5113,-0.2128,46.7
id6cogJz1yw,2.6646,147.77,180.73,45.24,3.3425,-0.6779,12.38
YIzz2gm6vJA,1.0847,122.99,149.7,14.03,1.288,-0.2033,-18.55
-TaZUUscUWE,2.3024,200.32,179.11,35.83,0.0672,2.2352,-7.77
-v3EQcPAG1w,2.1271,178.67,144.24,30.96,1.9992,0.1279,29.01
mZiuJjUfeDM,0.9696,63.44,216.03,13.67,2.8115,-1.8419,-36.55
aWTgtGR7Ndg,1.7617,236.32,199.05,8.21,2.2299,-0.4681,103.77
nClHUTlj73w,2.7811,112.8,178.28,27.13,1.8384,0.9427,-10.84
utZxSFjx370,2.8165,147.66,158.29,24.57,3.1451,-0.3286,49.31
J-rwL18aIwI,1.7774,171.29,154.56,24.23,2.3795,-0.6021,59.12
ibNzVj6kbjc,2.4729,94.61,75.41,41.29,1.8571,0.6158,17.42
aATtBIRiKVI,2.8329,86.26,82.8,19.41,1.6134,1.2195,-32.53
YH3FBoBf3uw,2.9865,67.09,74.0,20.27,2.412,0.5745,-27.57
eTlUDiCDgkg,2.3246,133.47,128.71,19.93,1.0142,1.3105,29.56
5qf3GUkUYW8,2.6935,152.28,76.58,27.37,2.6872,0.0063,66.05
GEJoGYDJAgs,2.3722,151.22,102.53,23.51,1.958,0.4142,-48.7
Iw4Y7bDKFvY,3.0696,63.63,50.47,16.73,1.2579,1.8117,36.25
fzVqzglkKEo,2.7748,121.93,77.25,20.67,2.6993,0.0755,9.15
HpfFgzZg_1E,3.0009,126.48,103.26,39.53,3.0246,-0.0237,43.03
Xofs3PNqi3o,3.1896,107.17,111.78,26.48,3.5182,-0.3286,-6.69
CbuI1EIY7t4,0.9668,15.95,234.54,16.68,2.5593,-1.5925,-0.57
Hv2lXy2ENTo,1.2835,119.62,171.49,20.77,2.0961,-0.8126,-7.8
-v99ssaPNaM,1.9849,98.65,172.11,24.4,0.8889,1.096,40.56
ZW-fN9jwZdk,3.1208,41.62,141.96,36.76,3.0885,0.0323,-32.92
ho_Zp4RhL1Q,2.5398,68.58,79.05,39.32,2.9923,-0.4524,2.97
rhrmEMJ__30,,,,,2.2249,,
7ue-cC121wI,2.5744,51.41,132.48,20.34,3.3041,-0.7296,-51.17
R3pjBk30Tgw,1.028,128.93,179.56,19.04,2.8733,-1.8453,69.65
TcALsna5o0g,2.9351,107.67,95.58,50.52,2.0741,0.861,26.76
ojw0rCuUDi0,3.0714,83.1,144.48,45.89,2.8636,0.2078,19.83
4YPM0xriaqY,2.2275,96.66,178.2,36.18,2.5794,-0.3518,41.64
Dk-Po8yMOwo,2.3652,96.99,158.46,60.89,2.7827,-0.4175,48.53
dsYQ5yjtuNU,1.4865,107.75,190.57,26.5,2.0736,-0.5871,27.69
pa5Zjkk7dzk,2.4411,81.67,192.3,43.61,3.1036,-0.6625,-10.3
DfZ_XmmMO4c,3.1472,41.56,99.06,33.61,2.7935,0.3537,-0.68
m-5Onax800g,3.1185,34.6,124.25,23.45,3.0441,0.0743,-7.82
dEVmkT2ZQ1I,2.9879,37.7,101.65,33.78,2.6949,0.293,-8.76
MY6t35FvVeM,2.5003,40.34,127.95,25.39,1.931,0.5693,9.24
4yoINPBnOUQ,3.3726,52.02,125.02,30.47,2.8747,0.4978,-67.88
GdRss48PG_E,2.5198,60.73,127.44,24.82,2.1222,0.3977,-20.01
vRBswwno0IQ,2.053,35.93,140.01,20.48,0.8771,1.1759,-5.21
vTdbTLO8aK0,2.7541,73.91,142.1,24.57,2.2048,0.5493,-10.31
D-4ZsU5QXhA,2.4106,48.44,149.14,58.95,2.5494,-0.1388,-2.27
lapQ0DpTPXg,2.938,22.68,135.28,17.57,2.5467,0.3914,-3.98
_TU__CZMG30,2.2313,132.03,117.82,19.24,1.4013,0.83,-31.15
x6MNx2Qyzwc,3.2712,89.57,92.77,35.15,2.6357,0.6356,-2.25
2iPBfv0kSxg,3.3043,77.1,140.75,35.23,2.9396,0.3646,19.23
aWURmvtH9BA,2.8853,131.14,121.85,49.65,2.7596,0.1257,63.56
SmRdfm_mAqM,0.0,0.0,41.29,-0.0,0.0,0.0,0.0
JmmDwW94W30,0.0,0.0,41.74,-0.0,0.0,0.0,0.0
7xCePivi6LE,1.7837,76.92,134.53,15.17,0.7674,1.0163,6.6
84tON6AXHJQ,2.58,95.05,84.09,46.94,2.4403,0.1397,-83.69
R9fM54wzBxo,1.297,83.94,183.17,28.92,1.8179,-0.5209,64.38
sapvCmFNG5k,1.6977,84.17,200.02,11.76,3.0884,-1.3908,32.25
TD9rAkFnD6o,0.6596,28.29,170.61,29.21,2.164,-1.5044,-13.56
xCtUuxd3AYk,0.3093,8.75,237.51,45.28,1.849,-1.5397,1.91
zWtQQc7vQiI,0.2837,8.86,237.3,46.05,1.8354,-1.5517,1.85
OVW6wQZNWcE,3.2949,62.9,97.96,40.13,2.8377,0.4572,-4.57
LSlQ9zrLxuk,2.8614,76.43,124.43,32.2,1.4772,1.3842,-1.88
QmXCvjhpUr0,1.6774,96.93,205.35,38.49,2.5965,-0.919,66.62
QociD6IJkN4,1.7537,48.96,147.46,29.02,2.7214,-0.9677,2.01
AfmgmlnPLD4,1.6829,176.71,185.51,33.41,0.1537,1.5292,-37.95
7Pq-_qk2C6M,3.1866,138.64,110.93,32.59,1.0849,2.1017,62.36
YdkGePalm-M,2.6287,187.17,167.46,35.31,2.5023,0.1264,103.53
ZO1tmBFKdX8,2.1784,160.01,183.52,44.94,2.6025,-0.4241,107.55
8hDbEmxNjRk,2.3392,107.36,187.77,62.69,2.5202,-0.181,35.5
74ftCBfEQR8,2.2563,109.84,187.44,60.06,2.9135,-0.6573,59.29
J2cbDjnqA24,2.8025,71.12,145.7,33.75,2.8559,-0.0534,27.54
3nISKOnGXoo,2.4087,62.82,186.64,28.92,2.616,-0.2073,-27.21
nuJyUOes0Kg,3.0991,61.02,90.26,23.52,1.6722,1.4269,19.72
XqWsEhCOD88,0.3137,117.6,150.97,9.82,2.1306,-1.8169,72.31
tmP8S0Nxdtc,0.3125,118.43,150.28,9.76,2.1314,-1.8188,73.15
rpS1TJDgW90,0.7034,33.12,175.53,10.91,1.9504,-1.247,-6.73
UjFAlT751Lk,3.1288,129.71,140.09,42.87,2.3711,0.7577,54.88
VWPoiOgEKGc,2.4902,116.6,203.58,28.09,1.6079,0.8823,32.57
-fAsO6c5WdA,3.0843,124.67,165.03,42.12,3.1441,-0.0598,36.27
6TGGl2Nsdkc,2.9363,86.92,191.59,74.8,3.3744,-0.4381,1.65
f33LhI3WM-M,3.1157,120.58,153.55,36.8,3.0552,0.0605,50.01
Rq5vWjJngIo,3.0201,91.18,179.6,32.2,2.5687,0.4514,10.98
Lza5oW0lQZQ,3.163,90.82,156.87,29.07,3.3115,-0.1485,29.22
n949uQPIzUg,3.3653,27.46,56.65,14.97,2.635,0.7303,-14.68
wQriWLMZ4sU,3.391,133.21,117.41,33.19,2.6367,0.7543,54.58
LvqD3C6awdY,3.3372,148.59,110.4,34.61,2.187,1.1502,81.59
Mq_5d24LXLk,3.2032,128.08,119.17,27.01,1.9715,1.2317,55.12
CoAUp_3A9Xc,3.3572,145.41,117.03,31.77,2.4525,0.9048,50.08
FSMUXwkBHA0,3.3882,144.81,115.81,36.15,2.6776,0.7105,56.19
_EUCt0Lvwgc,3.2695,149.23,107.27,28.05,2.725,0.5445,62.99
JAFmrm2a1n0,3.395,146.38,108.36,34.71,2.9849,0.4101,25.07
dM7xcvxd7LY,3.2518,145.18,108.29,31.16,3.236,0.0158,66.78
ljWikaibPvM,3.1596,167.37,126.95,30.19,3.1268,0.0328,73.36
ExDlMvzREOs,3.1885,158.86,136.8,37.03,2.4037,0.7848,62.25
9P_hmCB0JFw,1.8664,36.39,168.6,18.87,1.3862,0.4801,-13.39
wUPRRFU1uEc,2.1274,80.3,163.69,47.29,2.2207,-0.0933,21.66
qRB71J1y02M,2.3989,79.63,191.05,29.62,2.2865,0.1124,65.07
FwiSQ4jvlCQ,2.4617,100.59,167.59,21.82,2.6933,-0.2316,43.4
WwzLue_Zam4,2.6665,87.69,160.49,43.16,2.406,0.2605,55.84
L-G2gYvbtK4,2.7724,83.02,156.2,28.59,1.2833,1.489,29.66
RuJRbe6TZoE,3.0144,76.73,177.85,30.94,2.3777,0.6367,29.05
qoK5jHFf8P8,3.0707,81.38,140.21,48.6,2.7251,0.3456,0.49
gk9-c5639Rk,2.2279,129.63,169.55,19.32,1.3838,0.8441,-5.64
26ac6E9PVA0,2.1599,143.36,160.23,19.22,1.0443,1.1157,-15.02
j1FgYqzNtKo,2.6173,89.06,176.31,22.56,1.8209,0.7964,41.62
erN7Dj1yOUM,,,,,2.3639,,
1Yr1MyXDtZc,3.3824,104.76,144.18,43.47,2.2103,1.1721,-2.57
3_2KJha6zPw,3.186,83.27,133.32,37.12,2.1417,1.0443,20.05
czZQs3xoHBg,3.0442,94.32,145.1,34.66,2.4222,0.622,37.07
8KxBzoebfX4,2.4567,114.1,179.36,46.18,1.8224,0.6344,68.21
9QSyX9cUHhk,,,,,2.0885,,
8cNE2h0tn_E,,,,,2.0641,,
ZB0Z2z4kU04,,,,,1.7443,,
4gSz-NlJgag,1.0146,143.98,85.83,11.23,3.5683,-2.5537,88.53
5CBt-GvClwM,,,,,2.5552,,
vuP-c_kx_xs,1.0078,183.18,125.74,8.45,2.5436,-1.5358,81.84
sca0zMf8xzA,,,,,1.8252,,
i71GRJ-h2e4,,,,,3.3704,,
ZiOdZNaCJ6w,,,,,1.6163,,
HPcYtrW5Eao,,,,,1.981,,
LwZB6wd7tIU,2.9598,115.93,105.2,29.3,3.174,-0.2142,8.21
euE5up_vonk,2.7386,106.16,93.7,23.09,2.1581,0.5805,-30.56
ZZ2x7jpbADU,2.7155,127.47,109.78,29.63,3.2126,-0.497,60.67
X2JGKR1bPck,2.8474,109.54,102.57,23.74,2.0841,0.7633,20.6
9uAxzSe-Vhk,2.6472,110.73,109.68,24.98,2.4343,0.2128,37.63
eQlFkacn2ys,3.0369,108.8,111.33,25.57,2.523,0.5138,31.22
f63oe1RspZM,2.4356,108.1,117.82,25.47,2.7766,-0.3411,43.32
XJEKrwYcWuM,2.5125,109.35,95.95,23.55,3.0389,-0.5263,65.55
CoeaekOu95o,2.5503,118.35,93.2,24.52,2.6485,-0.0981,50.41
KTAVY5J2gXo,2.9301,110.19,93.88,24.0,2.5115,0.4185,3.04
cISjoBpE9YY,0.8105,83.28,158.05,4.09,1.729,-0.9184,-13.91
tjf7uSAIytI,2.5545,145.1,150.04,50.43,2.747,-0.1925,74.52
9nyrv1G8UEQ,2.7288,80.17,172.48,28.04,2.1563,0.5725,0.16
hoYjTLD4uXk,2.2961,83.17,131.52,28.26,1.7928,0.5032,19.0
52x1CSLx-60,3.1301,99.53,88.14,36.55,2.7832,0.3469,19.49
DpV3gy7bTxQ,2.4643,97.26,132.16,31.46,2.3344,0.1299,-3.92
0TOa0LMM9uY,2.9411,77.73,126.21,39.58,2.4809,0.4602,6.32
KHNwOvyDR68,1.9348,28.07,95.06,19.49,2.956,-1.0212,-7.12
lmstelFK__U,2.8529,45.72,105.52,26.55,2.3089,0.544,-65.58
zCa1jn1P6-g,,,,,1.5642,,
8FIxYiWzMFs,,,,,2.2767,,
KIP1yTenSyk,,,,,2.431,,
lZqOtlRuWXA,2.3478,39.24,145.16,22.66,2.648,-0.3002,-38.78
rMG71__BlD8,,,,,2.0152,,
1O83ZpWinkk,,,,,2.5865,,
BL6hcqn4ZNA,,,,,1.7169,,
OHapKDjKE5o,2.5103,72.38,176.7,50.61,3.289,-0.7787,16.97
aEyrmKtWmqs,,,,,2.5647,,
LZ0sRPRjc-w,3.2632,88.55,115.0,31.03,2.9918,0.2714,17.0
ylCIBJrLUhA,3.3698,79.02,105.42,28.97,2.3423,1.0275,22.86
L1eYTv-kShE,2.9523,97.98,116.15,25.61,2.4712,0.4811,-11.31
wvbmfoFl-eM,2.9814,66.03,110.18,30.38,3.021,-0.0395,12.33
HQZDkjF_IXw,3.0302,97.51,122.08,27.93,2.3639,0.6664,50.91
kRPqcQ9tNM0,2.8261,72.46,121.78,26.43,2.4477,0.3785,18.63
I0HZVsmXVmU,3.0849,79.89,115.49,24.73,2.7338,0.3511,27.6
SLv8MAqTXAw,3.0681,107.05,132.19,29.1,2.8028,0.2653,41.06
dUmjji0Lb8I,3.0271,89.93,99.61,24.41,2.3834,0.6437,39.86
NuOA-AHlsQc,3.0336,85.09,112.05,27.29,2.2707,0.7628,31.22
ugyrAYcU-oo,2.5965,73.05,148.08,22.85,2.8618,-0.2652,-12.91
wZbMmVPnQWg,3.0752,120.28,144.35,30.39,2.577,0.4982,30.77
5f1ve_QVmjg,3.2464,110.77,159.76,49.07,2.4696,0.7768,12.82
_VsZX-AqU0s,2.5725,91.82,164.92,43.73,2.2912,0.2813,18.76
VsAjykcI2es,2.6667,141.96,144.28,35.2,2.9133,-0.2466,34.08
olnDNq4fEzI,2.0313,129.49,100.71,19.4,1.2192,0.8121,43.75
sHCPwiJZ18A,0.6289,145.97,118.61,24.78,1.6996,-1.0707,0.89
4y9mCPC6mMw,2.5644,122.66,146.84,38.46,2.7938,-0.2294,12.31
DUmJ0XIALCM,3.2172,137.41,102.25,55.97,2.141,1.0762,-2.01
5J71SnkDTgU,2.7803,175.64,145.23,19.54,1.7616,1.0187,46.42
hp1YdRSYsko,2.0548,144.98,108.44,11.76,2.0806,-0.0259,60.98
BmNeRtN-2wY,1.9985,71.95,167.51,51.98,1.9547,0.0438,26.48
xRoJTXR9las,1.578,68.94,145.01,53.64,1.6854,-0.1074,-39.48
htBRhhTwXOA,2.1186,88.64,172.96,39.57,2.581,-0.4624,13.36
rVxwZMXEtOo,1.9981,36.28,150.18,33.72,1.8662,0.1319,-30.26
0Wgypyz9mCk,3.4682,163.69,86.98,48.55,2.0619,1.4062,33.96
2w9tS-dVqic,3.4344,134.91,84.07,38.85,2.4197,1.0147,-18.66
tzDF4F2yFPI,3.5135,156.68,84.88,44.98,2.6195,0.894,42.62
IU05jdhoxWI,3.4604,145.66,84.68,43.75,2.5829,0.8774,67.88
WezKuP_KL_Y,3.5243,123.36,84.25,35.37,2.663,0.8614,26.54
QKY8pU7NBTU,3.4824,148.58,85.28,46.42,2.6021,0.8803,39.83
mXvIEiFT1Bo,3.6145,152.85,89.33,45.3,1.9835,1.631,42.75
jA7Flea8frY,3.5433,166.75,87.15,47.43,2.1584,1.385,38.04
qierITW9hzQ,3.5664,157.33,92.39,46.67,2.2084,1.358,29.84
E81oN_Nw_iw,3.5741,133.85,101.93,38.58,1.9727,1.6014,18.07
qQis_b59Dqw,2.9186,118.19,76.81,27.14,2.4953,0.4233,31.95
m4uneQ4Cpl4,2.8981,98.53,88.09,24.95,2.351,0.5471,42.91
mp15l6E6QXQ,2.9065,106.87,82.84,25.65,2.6573,0.2492,88.61
5voKqCx8CJs,2.9165,102.44,87.97,24.97,1.7675,1.149,30.4
fMnWs361Opc,2.9757,161.17,86.2,32.32,3.0554,-0.0797,92.98
ToTq_EII7W4,2.9484,102.4,99.34,29.71,2.2137,0.7347,26.3
fK8gWnPb128,2.9567,72.68,93.74,27.61,1.8907,1.066,14.77
4k-s2hmeVuU,2.9187,95.89,82.72,23.94,2.7049,0.2138,-0.24
daA7yjHjon0,3.125,96.62,97.8,41.29,1.8346,1.2904,20.47
iZsE6E7XpVI,2.9028,115.69,82.18,26.49,1.7688,1.134,50.92
_RCfkZJXr_w,1.4404,236.05,55.32,5.98,1.3357,0.1047,19.12
7M9U_DqEO_Y,1.5662,75.3,205.15,12.17,1.2901,0.276,34.44
_F8zdT8APyM,2.7105,136.49,119.95,19.54,2.9784,-0.2679,-3.15
QPies3xgX-I,2.3655,152.81,195.14,26.04,1.3814,0.9841,31.75
DJr-_lhuafY,2.8208,128.3,147.47,29.22,2.1724,0.6484,78.17
_q6-IikORZQ,2.3401,126.67,148.43,19.35,0.5644,1.7756,10.94
4KQw2il-9iw,2.8603,124.1,157.1,27.03,1.3877,1.4725,69.32
xg6pg5BH7Us,2.6542,154.36,149.02,24.82,1.2772,1.3771,61.08
TEmCoYwsDxQ,3.179,179.54,131.94,31.58,3.3807,-0.2017,22.97
drXOkeOcR9E,2.4776,139.21,155.97,36.62,0.4443,2.0333,67.07
DVds1Ah0384,2.3667,54.48,136.56,37.2,2.0234,0.3433,-15.34
S7Kelqw8Q6s,2.9083,165.26,111.18,28.51,1.1431,1.7651,-24.86
HrpyVlpkSfE,3.1367,110.45,89.78,49.49,2.9464,0.1903,17.07
jaCZdeFNSM4,3.5849,129.84,108.21,47.04,3.2274,0.3574,53.67
yiKmKlsoy24,3.2562,137.48,98.28,27.02,2.3111,0.9451,13.39
K6t37yQPlu8,3.1145,171.78,97.78,30.24,2.7411,0.3734,75.66
wk7UzH8q5IQ,3.2849,153.27,98.76,39.16,2.3437,0.9412,71.24
-67IBTJPfn8,3.3447,177.13,100.69,39.11,2.1563,1.1885,54.61
Q4fNq7gaoI4,3.3729,130.49,104.18,63.52,1.1514,2.2215,20.29
_ot52m9g1zo,3.6132,132.84,110.93,35.32,3.1841,0.4292,52.59
D-Nn_5ccKgI,3.2926,131.33,132.52,30.07,2.5413,0.7512,59.8
KzcF8AJ0iBk,3.5402,114.78,127.51,56.3,1.5632,1.977,1.31
tMZ3bvvftN0,,,,,1.4772,,
R56zRDfxt80,1.3431,52.11,177.4,17.1,1.8345,-0.4913,-27.29
LbyRsy_7szU,2.905,26.96,230.78,23.16,0.5136,2.3915,26.93
F8cnM4CbeOo,3.7817,65.28,165.6,36.9,2.7336,1.0481,51.32
rZ9h422oDK4,3.163,155.63,117.92,40.53,2.6359,0.5272,71.3
LOCedy-ZaB4,3.178,151.84,114.57,37.12,2.1086,1.0695,69.39
wozNALsnBmM,3.161,158.78,119.42,37.24,2.1206,1.0404,71.97
-oFZxNXbWXA,3.3821,162.66,121.27,43.87,2.4607,0.9214,68.97
LOF_4Y9IV-M,3.2408,170.31,124.54,46.74,2.4672,0.7736,56.92
6hdwLhyDIow,3.2914,158.38,127.23,38.75,2.7488,0.5426,74.19
SoakmnHIEl8,3.4341,171.05,121.65,46.35,2.4036,1.0305,37.39
tasgGoxh1o4,3.2111,156.25,123.97,37.46,2.0749,1.1362,66.03
siaG-su3xDY,3.4875,152.02,122.08,41.79,2.8215,0.666,65.28
Pa0NOMyh3bs,3.2227,163.13,118.97,37.82,2.5338,0.6889,48.49
l9RF6VFHwzk,1.9739,62.27,177.96,24.82,2.7547,-0.7807,-3.65
kwq7LwwJeak,1.787,69.38,142.71,27.63,1.7127,0.0743,-61.19
IZDXVbjH-aI,0.4249,127.1,164.46,34.79,0.9759,-0.551,-66.32
EVDxgIDcFHE,3.5454,103.45,89.3,49.72,2.9468,0.5986,39.52
Vng--tUojdw,3.3664,136.27,99.21,35.49,2.2922,1.0743,35.9
XnEGCOlBDHA,3.6535,116.73,100.95,55.19,3.1981,0.4554,39.1
Jo9nKR2AwFY,3.6017,125.42,109.13,77.35,3.0046,0.5971,51.08
HkKTtE9VKnE,3.523,94.84,113.87,56.1,2.9754,0.5475,20.73
iTR1Mtp2B0k,3.4507,110.07,116.43,47.8,2.1855,1.2653,50.07
nE1A_QK2E1c,3.6868,126.59,96.64,46.73,3.1657,0.5211,33.74
W2eo5eEeBXo,3.5163,115.03,100.13,47.46,2.9337,0.5825,39.11
5Qm8jHRY8uc,3.5911,104.41,116.85,47.47,2.9143,0.6768,29.62
nVa4gjOL3Bc,3.1449,125.13,112.13,30.49,2.3354,0.8094,43.8
AEGBmVUdtvE,2.3381,126.8,167.89,28.26,2.7015,-0.3634,80.19
yORTSuzZkIU,2.9867,77.1,150.17,48.39,0.5018,2.4849,64.68
Whdk8gtfGL4,2.7832,84.69,113.81,36.47,1.5439,1.2393,24.83
TD-HjVNtx2A,2.9023,89.6,124.67,50.17,2.1087,0.7936,2.56
-rIxOqh6C38,3.1729,176.72,125.58,28.27,3.4244,-0.2515,64.03
2gFFhgVVLOs,2.3923,60.69,146.37,35.11,2.0966,0.2957,3.84
fNnfADIfGEY,2.4774,133.62,136.92,21.47,1.6912,0.7862,21.65
Ho6beo4LpJ4,2.4319,69.15,185.42,56.78,2.9277,-0.4958,30.21
yB3kN2XyKI8,3.1199,124.72,114.38,46.53,2.9227,0.1972,27.29
DZ5rrk2CARk,2.7913,131.89,120.33,45.61,2.6232,0.1681,59.92
uIFlQw4XZxU,2.9441,142.95,142.0,45.79,2.6223,0.3218,11.49
g9__L0emiik,1.7971,60.62,85.97,18.44,2.1714,-0.3743,-52.73
IjXU3aaUuZ8,0.6756,175.78,179.33,8.46,1.7612,-1.0856,42.27
YFL-L-AIcq4,3.3196,128.65,113.62,30.46,3.0819,0.2377,41.08
0_6tyduqiKU,2.816,105.71,145.35,57.19,1.9561,0.8599,39.1
-DikKgLrfTg,2.8236,114.47,127.12,33.94,2.2032,0.6204,51.62
nvY3m4OXKqA,2.677,143.0,167.71,21.01,1.8804,0.7966,82.38
dVWKQ2ygJVE,2.1717,128.74,157.01,12.97,2.6147,-0.443,96.03
LomD1oODjXQ,1.9987,139.45,178.02,13.88,2.5713,-0.5726,91.22
EwmUF8tHQd8,1.537,126.4,180.86,7.85,2.4676,-0.9306,24.11
stXh8eS1cgU,2.586,126.09,145.16,22.6,2.0911,0.4949,72.34
pmgUazxM_3s,2.0262,128.45,191.03,13.42,2.3591,-0.3329,80.02
MqjTgN3Ql-Q,1.8048,83.52,210.14,48.83,2.355,-0.5503,17.96
0uo0R_7_EKo,0.8281,0.28,64.41,1.64,3.4459,-2.6179,-48.57
bcurOQ6SuYM,2.6799,87.4,70.23,23.04,2.602,0.0779,39.09
8SrbKUh6xF4,2.9866,49.64,113.56,38.92,2.7743,0.2123,-39.01
n3qF9gJ0Tik,2.8064,87.1,149.7,28.78,2.1019,0.7045,17.65
IUydWIWrOL0,3.1496,56.57,118.19,29.23,2.3079,0.8417,-22.76
5MRe_rgAisA,2.3676,73.07,208.16,24.07,2.6017,-0.2342,-12.34
WHxqy3kUWbE,3.2195,72.65,145.97,30.58,3.291,-0.0714,-33.57
gGp8hMlD9oo,1.5171,104.69,233.5,26.08,2.2927,-0.7756,31.86
73wrCJ2S5XM,1.4935,89.61,233.1,25.81,3.0093,-1.5158,35.44
FBV1au4h_R0,2.935,102.58,131.29,29.77,3.1814,-0.2465,17.54
97ubl124hiM,2.4538,30.25,184.61,16.0,1.9973,0.4565,-33.42
RPWpBDj11qU,1.4669,122.01,155.15,12.5,1.9103,-0.4433,-9.52
3re5onPrfQQ,2.0982,80.21,186.76,22.36,3.2135,-1.1153,-35.25
P11h2FpLt8w,2.1448,80.75,174.01,25.02,2.4864,-0.3417,20.64
SwLcWWr9KGk,1.9157,87.53,204.39,20.7,2.6587,-0.743,41.91
w-trYhppZq4,1.6782,88.5,195.61,19.83,1.8564,-0.1781,52.92
8Ptkx_3MW_M,1.9252,106.22,199.19,20.09,2.7829,-0.8577,45.63
hehKXtNq9Zg,1.835,84.69,161.71,19.08,1.9633,-0.1283,-2.67
bSyr7BKOv8M,2.2533,74.4,162.79,23.24,3.4576,-1.2043,-8.72
4sbKjiFiQmA,2.4048,119.62,192.56,25.27,1.7597,0.6451,31.38
clDVK0Vi9yA,3.2778,108.29,189.17,31.24,2.8986,0.3792,-37.12
FPfO2MnKQD8,1.8883,126.55,205.74,21.26,2.9595,-1.0712,43.84
naPYZlaHB54,2.4663,57.91,125.26,42.75,2.3596,0.1068,-9.79
K1UqCB4_gro,2.6698,58.13,124.99,29.81,2.5553,0.1146,-34.93
J49pIQLqxTM,1.5461,67.09,136.19,20.19,1.7526,-0.2065,-17.14
Bpl0oSf8pI8,2.2837,63.73,151.04,30.44,2.0059,0.2778,-25.74
8EE2uBLzYx8,1.887,63.31,125.71,23.15,2.7598,-0.8728,15.25
1TIuor-aUII,2.6147,66.07,133.94,30.39,3.3414,-0.7266,-12.6
NFHDAHX__dQ,2.518,53.36,137.13,30.37,2.561,-0.0429,-21.29
LIU-2XKXSU4,1.0786,79.41,164.92,17.45,1.6852,-0.6066,-8.35
NXWACGHYg10,2.7277,58.59,116.42,53.23,2.4923,0.2354,-32.0
aBjXFsCZchI,2.516,62.04,137.7,38.6,2.3147,0.2013,-8.8
Yo4jv7qoLD8,2.0671,141.62,206.13,33.89,2.3006,-0.2335,62.21
0JcjCyBaEEc,2.4891,56.47,147.63,48.54,3.1159,-0.6268,19.33
jVnD6H56OsY,2.9151,4.33,83.86,14.21,2.5881,0.327,-3.58
bW10LCh__TM,2.8136,68.35,153.28,71.1,3.2147,-0.4011,7.74
Nml3EXGcPic,3.0631,49.61,150.22,46.1,2.9319,0.1312,-0.59
-Ks48zv9bNo,1.9858,106.95,204.09,36.63,2.7327,-0.7469,2.98
56hPgabY-dw,1.1955,111.9,231.62,35.83,2.3393,-1.1438,-11.28
k9L8FG8Df_w,3.3753,127.53,122.27,49.62,2.5078,0.8675,-38.17
cz7MQkvwNt0,,,,,3.2544,,
5S6ayw4mivA,,,,,0.6739,,
SvogQkWP_CE,,,,,2.2303,,
PnPNOLHWZuk,2.4357,70.38,153.71,39.64,2.5135,-0.0778,32.98
NtLUB0JPQo4,0.8659,213.88,229.09,3.32,1.3347,-0.4688,-21.03
JwUin1NlXZQ,2.171,41.86,94.04,33.21,1.8282,0.3428,11.02
D_b2aOVFLoQ,2.7908,127.09,94.7,23.88,1.2729,1.5179,57.63
xLmuRJxwY38,2.6977,90.21,99.22,26.12,2.2547,0.443,-0.33
pNRH72X2ecM,2.8913,102.39,109.32,24.42,2.6524,0.2389,47.85
1jxwPr4WyTE,3.0091,125.45,106.42,24.17,2.0507,0.9583,27.02
x6kjE36ayJw,3.1517,101.9,105.85,25.83,2.3242,0.8275,19.41
ng5CEzV4Olc,2.9057,98.37,102.14,22.6,2.1186,0.7872,-2.45
_DDUAB6JWFI,3.0783,112.48,111.73,24.75,2.4242,0.6541,-9.94
RRml6QrVjpM,3.109,114.88,106.61,28.06,2.4968,0.6122,-14.41
UPuc4jxLS_g,3.0787,110.72,108.8,25.23,2.2086,0.8701,-32.42
AaDA7IEtuCw,3.0431,111.76,115.55,26.62,2.1986,0.8445,39.23
9PnnfSCHxC4,1.1543,117.82,213.53,36.36,0.9562,0.198,-8.68
bcKENu7RVKk,1.9212,173.08,145.7,14.33,1.4794,0.4417,56.58
zvbMm7D3kbs,2.7484,172.53,146.5,35.35,1.5899,1.1585,-24.04
OdvAz0eJYy0,2.6922,114.27,135.71,28.09,1.6933,0.9989,5.54
-JaxjEh76ik,2.9931,161.1,123.84,29.9,2.5598,0.4333,39.47
okSjo4TRHp4,2.3471,110.83,168.38,29.89,2.1141,0.233,67.35
T3mOBrg4L28,2.2565,136.94,132.38,42.51,2.433,-0.1765,59.61
kSn0Vj1X2pQ,2.4636,149.57,137.44,19.75,2.5307,-0.0672,7.44
tH8NyvyGMO4,2.1585,82.67,166.54,51.39,1.1238,1.0348,4.1
0Gu1m7DYsfk,3.4591,131.8,115.17,38.41,2.8992,0.5599,27.65
59utufGk9Vw,2.458,125.16,167.07,27.73,2.381,0.0771,39.92
a01CAFrHOEY,0.7847,81.26,162.36,34.94,1.7881,-1.0034,50.42
MCJrfQ8LTqs,3.3025,106.97,163.26,59.05,2.2911,1.0114,88.95
B1hdYRzAP9s,3.5234,130.55,139.82,58.0,2.212,1.3114,114.34
3AGy2R0-8G8,3.1654,93.31,140.06,60.03,2.1802,0.9852,77.74
RkHL8ta_UJE,1.3424,74.82,217.7,49.63,1.9074,-0.565,26.89
4KrXduFPXcE,2.3493,27.46,179.53,69.65,2.2665,0.0827,-26.82
guTeMddD6YM,2.8949,122.88,161.3,55.45,2.8374,0.0574,44.26
ve3ZPdJ8z5U,2.0706,69.83,132.21,20.78,2.1794,-0.1088,-4.12
0sXqIsYv0J0,2.3201,119.91,116.03,44.37,1.9927,0.3274,-57.82
nYlJnKl-sww,1.73,85.72,180.32,25.8,1.8284,-0.0984,19.37
o2kMwZQsqSs,2.4238,113.08,156.44,44.15,3.4603,-1.0364,76.88
xkpXAYDMsv8,2.3087,72.11,152.21,25.1,1.8641,0.4446,31.57
UZ_xPb02PjI,3.2686,90.63,109.78,23.81,1.3012,1.9674,-9.71
0itbD02RrO4,2.6203,116.56,119.67,24.74,2.3213,0.299,48.61
O8q4gtFy8DQ,2.6062,120.09,123.37,24.88,2.3314,0.2748,52.36
wZJdps1P9D0,3.2525,99.44,106.15,40.67,2.6755,0.577,39.47
gtLB7WqF39c,3.0007,109.09,105.12,44.97,2.6787,0.3221,32.45
ZUSUw8-ugpo,3.2583,78.82,142.73,53.68,3.1064,0.1519,20.08
ZggEfXHRRuo,2.3998,94.02,129.48,32.47,1.8882,0.5116,19.38
6Ys1QzTMVog,2.9904,89.61,127.1,21.39,2.1996,0.7908,29.82
nHEBTbzCino,3.2169,96.51,103.15,45.58,1.8155,1.4014,31.71
DL3ul_uTCvU,1.8898,80.42,75.27,13.69,2.423,-0.5332,50.51
J1ninF8zTxg,3.267,39.35,76.85,22.64,2.7689,0.4981,23.07
VtNiGHYtHrU,3.4047,144.35,94.77,44.13,3.7507,-0.346,8.66
VoXoikaEAf0,3.5459,75.95,127.24,35.32,3.2392,0.3068,32.35
Qt3k4hbdUyI,3.2924,44.9,106.28,31.94,2.5048,0.7876,-61.08
FbU7SmIBx8M,3.2302,77.66,143.78,44.91,2.7926,0.4376,23.8
KbyCg0YKgk0,2.5948,132.71,160.47,39.76,2.0664,0.5284,65.15
ovdjL3xIltM,3.3943,123.09,131.37,38.66,3.3134,0.0809,-4.04
lPgc5nKle2A,2.5698,43.55,170.95,24.91,2.2659,0.3039,-34.73
AlZ0gmhKJjA,1.8555,93.56,218.75,38.49,2.915,-1.0595,35.56
58pOnf6GSPA,2.7294,83.74,153.13,34.61,2.8061,-0.0767,-9.83
nlSuSPyw9y8,3.2824,66.06,132.24,33.02,3.4563,-0.1738,-13.24
PtEkOAhcQts,0.9056,106.56,240.33,9.9,3.3618,-2.4562,54.97
3sfHRvf20vA,2.3678,74.2,175.82,32.3,2.6955,-0.3277,-35.65
NfHWSAlC-Y0,2.2989,67.53,163.73,25.67,2.5321,-0.2332,-41.91
qvphnRQGdtw,3.1539,51.3,148.35,40.88,2.2129,0.941,-9.76
0jqAIhLBf2w,2.1474,98.41,135.39,29.25,1.9091,0.2383,-33.29
Kf3g9YhVkbQ,2.6198,94.14,71.29,37.78,2.7188,-0.099,-87.23
XJPHrlgsbWs,2.7996,62.42,130.35,38.4,2.3014,0.4982,-21.23
9AGM_HPxiTo,3.0363,136.12,159.9,38.59,2.5683,0.468,50.97
pP0SS_GhXUs,2.4112,22.94,156.67,40.57,2.7913,-0.38,-54.23
lRNOyAOyOl8,2.4026,43.96,183.97,16.67,2.454,-0.0514,3.69
TuV5G7ico_M,2.8629,156.37,162.39,47.67,2.3135,0.5493,93.0
7eNLMj7SfdM,3.0282,153.43,135.25,48.63,2.4807,0.5475,61.6
nYp3ElUi5SQ,2.911,112.04,151.49,30.6,3.1935,-0.2825,76.06
AcXbmcDMIcw,2.3023,112.94,108.98,30.41,2.6497,-0.3474,-11.94
Pxw2fh5af5M,1.71,43.87,121.42,56.58,1.2668,0.4432,-6.06
rDZ_e0y8Qng,2.6785,41.68,220.63,22.38,2.1708,0.5077,9.12
qSNQHNqmtYY,0.9169,139.78,178.29,34.22,1.8098,-0.8929,20.5
GqXZJunkqRw,0.8727,143.4,179.82,32.54,1.6694,-0.7967,-2.44
i0PMDZRueDQ,1.9233,140.67,165.11,45.28,1.6415,0.2818,-39.0
DNEXR-AlSBU,1.0292,144.1,176.22,33.61,3.2342,-2.2051,22.51
-PDRCtfLcHU,1.7797,146.47,170.91,58.3,2.6719,-0.8922,43.35
9xe_t-9RUIc,0.4732,130.0,184.16,33.04,1.7896,-1.3164,41.44
W4VKRXTnqMI,0.1236,127.5,203.6,29.86,2.641,-2.5174,28.03
ETwwVOIGZSs,0.323,132.01,200.34,31.37,1.6382,-1.3153,-7.29
RV_Lenb7pfY,1.0612,122.87,200.87,38.07,2.3741,-1.3129,-40.28
IuSHwWorK0g,0.0932,133.27,201.02,29.0,1.923,-1.8298,-1.99
IVtosRixUSI,2.5678,87.03,100.24,24.04,2.5695,-0.0017,52.06
9v41oXcod8s,1.6411,108.37,143.27,48.33,0.777,0.8642,-82.07
TBDXQmT-ymc,0.9278,98.43,185.09,1.68,1.725,-0.7972,6.74
KCEjnl3Wvq8,0.1246,187.91,135.38,17.15,0.0294,0.0951,-52.1
H4CU-MvHaHM,0.1246,187.91,135.38,17.15,0.0294,0.0951,-52.1
aLvdC-117nw,0.1246,187.91,135.38,17.15,0.0294,0.0951,-52.1
_O7Y_O4cdtE,0.1246,187.91,135.38,17.15,0.0294,0.0951,-52.1
pDzLykqhu0A,2.23,72.49,154.51,33.82,2.1437,0.0863,20.33
P5L0l57NU1Q,1.1779,68.38,141.33,23.71,2.2898,-1.1119,29.6
aAK9tFOBQeg,2.0656,59.15,174.86,45.98,2.7753,-0.7097,2.78
rm3FG1m5-zs,0.1514,183.91,139.56,18.28,0.0269,0.1246,-55.63
xNXLkKwM4T0,0.3507,165.87,131.0,22.58,0.0204,0.3303,-72.48
9I1XiDSf9tU,0.1246,187.91,135.38,17.15,0.0294,0.0951,-52.1
94kFiAZs_30,2.4623,112.3,125.86,21.32,1.996,0.4663,25.47
kHWRENB5lNg,1.5116,146.55,130.2,19.96,1.3711,0.1405,-11.76
v-ubIvId-hM,2.0767,117.44,169.68,23.05,1.9498,0.127,33.59
_Qyplsx4P64,2.8647,168.21,126.48,24.34,1.7323,1.1324,-16.74
XCDAeyIsbcg,1.5504,141.38,137.18,23.11,1.5277,0.0227,-12.84
p-WURGgGuaQ,3.1443,149.86,118.56,26.91,2.6184,0.5259,55.99
el7GemtgDdI,1.4915,146.31,130.64,22.66,1.4228,0.0687,-11.37
lhIK0ZDQ0dw,3.0208,137.05,115.5,38.29,2.3113,0.7095,72.26
x67f8bo183U,3.1014,126.15,108.35,35.03,1.6991,1.4023,1.05
im0-iGOI2YI,3.343,162.64,143.43,42.89,2.8763,0.4667,-21.5
e-lvu9hcJxg,2.2375,103.99,163.92,34.44,1.7396,0.4979,-35.06
ITWw62r9oaI,2.724,128.68,139.78,46.92,2.6613,0.0627,17.15
AudyaZCfTRI,2.7495,115.58,147.59,43.71,1.6505,1.099,5.31
DRjXQjeRm0Q,2.3893,56.94,201.99,46.87,2.1391,0.2502,-55.68
jgF59qBzqp4,1.983,67.69,239.62,47.17,2.2892,-0.3062,30.3
qkx3zqQY_eY,1.7538,104.85,195.07,20.05,1.8039,-0.0501,5.36
BXpvxKlAh4M,1.3431,70.44,242.84,30.1,2.4108,-1.0677,-29.59
TfKrg26oyqk,1.6438,100.95,164.77,21.87,0.2912,1.3526,15.73
2VRI9aLPYNg,2.6232,55.3,141.49,35.87,2.3191,0.3041,6.55
5LXfn0HXpb8,2.5367,52.84,137.67,31.21,2.61,-0.0733,7.37
MWIBlXq5neE,2.5947,53.36,140.04,30.36,2.8545,-0.2598,6.57
pkyphsU45pQ,2.9024,63.39,138.59,33.38,2.8206,0.0818,10.01
TSORw5PyZsk,2.6814,49.85,141.73,32.5,2.8427,-0.1613,3.06
ZzeiQ8P5BgA,2.6634,54.17,137.92,31.19,2.6133,0.0501,2.21
BmKDZFxrLII,2.56,53.51,144.88,28.88,2.8862,-0.3262,-2.47
y1heGOOSVAU,2.5641,56.27,141.48,43.55,1.3379,1.2262,-10.17
qrCPmkCqIxk,2.5798,51.34,144.78,29.85,2.8675,-0.2878,2.53
VPcJUi-LUeI,2.6078,52.09,146.55,28.34,2.4639,0.1439,4.0
ChCM7y8FQ3Y,1.4782,141.6,104.26,20.63,0.1074,1.3708,-79.11
YQHFGptpSpQ,2.0359,79.32,155.59,66.27,1.8867,0.1492,1.08
XFN1kSzNX58,3.2035,119.43,142.06,43.58,1.7527,1.4508,10.94
c9Qy4SwPcEQ,2.9611,82.18,140.62,47.91,2.7262,0.235,41.51
pRAykxwnCq0,2.8612,86.43,130.8,31.75,3.0792,-0.218,30.87
16nrifkK66w,3.033,115.59,138.2,34.34,2.7796,0.2534,28.81
J05x8hauL2U,3.0574,75.61,130.98,38.88,3.2875,-0.2302,23.36
GusuyDMAVAs,2.6871,115.79,108.51,27.12,3.4008,-0.7137,22.65
lUf9ZIY3854,3.0675,73.96,105.68,66.86,1.6898,1.3777,-34.25
Q7TDuTzcTdk,1.1753,71.27,140.58,7.85,1.8257,-0.6504,-19.75
mrgRbE3M_70,1.1995,101.57,111.54,31.78,1.5859,-0.3864,-66.89
tZQD_1YRPyg,3.3066,119.91,105.88,29.32,2.8335,0.4731,69.16
K6JEhrTKat8,3.2919,133.67,115.8,30.22,2.9903,0.3017,90.16
CHDeoJ1rv8k,3.2972,133.07,114.98,30.43,2.9886,0.3086,89.69
oe8jQRsFIPs,2.128,56.28,108.86,16.61,1.8536,0.2744,9.46
yYe6-VBNgjA,2.1462,56.97,105.15,16.78,1.8397,0.3065,10.57
b25YM1YXrz8,2.3878,177.94,128.79,17.85,1.9255,0.4623,32.14
wlyMJ1-SsF4,1.8207,140.11,147.19,13.48,1.4275,0.3931,14.33
SOeyrSJi-nk,2.7968,116.26,129.6,46.63,2.5976,0.1992,63.75
t0XYg3CYtbY,2.2366,131.88,130.24,17.11,2.2216,0.015,83.68
SOxHbtjzMiI,1.8106,173.06,91.56,10.48,1.1234,0.6873,56.85
BMxA1yWCqRw,1.747,105.77,163.63,13.23,0.8171,0.9299,25.13
jPR-pma7XZA,2.102,150.27,102.81,14.02,2.0931,0.0089,71.62
azo-qmHoa2o,2.5035,111.5,136.83,38.62,1.6034,0.9002,33.42
VAlJAE2zlLI,2.3659,107.3,132.42,34.31,0.969,1.3969,50.54
Rn2fnFi6zPI,2.6031,158.57,104.24,17.33,1.6479,0.9552,57.09
Zu0bmAUw5Bg,3.5006,46.64,47.56,36.4,2.2529,1.2477,8.51
uR__95XnQJQ,2.8446,67.82,40.47,23.54,2.8411,0.0035,-29.43
npGhq54cp2I,1.9068,19.03,61.18,36.96,1.8121,0.0947,-49.67
F3xAtJqHCm4,2.3837,106.12,88.05,25.61,1.397,0.9867,-47.76
PNK9mGJ7v0c,3.675,81.84,98.28,53.2,3.6763,-0.0013,-8.3
1wSMcqGmlGg,2.8669,80.88,82.41,50.0,2.1512,0.7158,-21.67
yr8UTrg1yuA,3.235,84.42,86.73,34.33,1.819,1.416,-35.94
PcNZAuEOsoE,3.0236,152.99,145.47,34.79,2.4729,0.5508,62.15
hSj05mPMMUc,3.5259,142.03,134.82,54.62,3.3746,0.1513,69.52
gryx9xHlSrc,3.3727,153.82,136.02,40.3,3.0619,0.3108,17.77
4mA0SLh-TGs,3.3776,136.05,144.5,42.04,2.617,0.7607,81.09
9XyvTzhGhEc,3.109,138.53,118.27,31.46,2.5993,0.5097,63.31
gM_UDjgsmn8,3.0389,142.73,167.75,48.91,2.1094,0.9296,11.69
RwpjKJ2zyCw,3.1115,165.99,137.9,67.2,2.2145,0.8969,22.79
yhdzimov2aI,3.066,149.68,146.8,54.04,3.0542,0.0118,68.93
ZYkhfhdRwCo,3.3441,147.08,122.33,47.28,3.2413,0.1028,30.07
2ob0_tXZd4g,2.6812,118.77,152.48,41.02,3.0824,-0.4013,17.37
F3HT6386qDQ,2.5893,122.15,112.13,21.04,2.1344,0.4549,-43.18
eHlwAcJ3i8c,1.9833,43.2,114.37,26.84,2.4521,-0.4689,19.89
VjzKGcFXiI8,2.8029,140.52,152.21,38.17,1.8456,0.9572,60.09
QL59b0uw1b8,2.0448,152.59,135.56,34.12,1.1342,0.9106,2.92
E8O4V_4sHFs,2.8451,65.8,104.34,28.14,2.5503,0.2948,-16.33
cQYW5UMD430,2.9967,91.99,121.22,38.49,1.3248,1.6719,-44.92
9NsZHCAXqFE,2.8801,124.17,133.49,53.92,2.0254,0.8546,50.73
PsRoOtspfn8,3.1916,186.75,107.47,35.17,1.3143,1.8773,87.74
HhPApAS4FkU,3.7579,147.27,86.05,51.05,2.4988,1.2591,62.83
e6WpP5lZM-A,3.2107,171.02,124.34,47.48,3.0524,0.1583,59.98
1e9W-N1HSt4,3.478,126.4,96.53,43.67,2.207,1.271,28.49
ExgIqrs_P1s,3.0114,127.25,117.94,36.98,2.9024,0.1091,39.77
0rrzBrJavtc,1.556,61.37,157.9,22.38,1.6077,-0.0517,33.46
tF1Ta_TpEuo,3.2864,151.92,91.95,39.3,2.3601,0.9262,34.41
4uZPbvfZJUw,0.9135,93.8,191.73,19.58,0.1421,0.7714,-20.56
lztEBa8KuZ8,3.148,104.43,118.04,38.96,3.2539,-0.1058,36.21
mj_5jNPnqow,3.0384,19.08,102.13,10.51,1.8088,1.2296,5.73
tfG_aemvb9I,3.0974,20.67,110.38,11.03,1.9649,1.1325,10.89
TAGinlIWEsw,3.1445,22.29,95.37,11.29,1.8729,1.2716,11.06
R-K9bC2OQp4,3.0749,19.21,91.13,10.45,1.8875,1.1874,7.55
qCkOzYVIKqI,3.2574,44.62,90.4,16.45,2.4872,0.7702,32.05
1GNaszWOjz0,2.9784,32.21,100.2,13.13,1.8404,1.138,20.41
s8LThuiJIsE,0.5374,121.94,163.01,9.78,3.0888,-2.5514,51.72
z64XYDd4uiQ,,,,,1.778,,
EpuR1FQKvuc,0.5758,179.89,97.25,2.93,2.4931,-1.9173,29.57
l5H_6rvyzWg,,,,,2.4218,,
q6yY8YEk1Yk,,,,,1.7287,,
39eBXkW2PAI,,,,,1.1385,,
vG69U_dN208,,,,,2.3209,,
9dypba5OfIg,0.0,9.55,139.68,6.48,1.8225,-1.8225,-23.49
9voPLYr07to,1.885,77.86,41.26,9.65,2.3082,-0.4232,19.4
UcEFrpAU67Q,,,,,2.7125,,
rdWsWvQOwwc,2.1582,79.36,134.2,16.41,1.0383,1.1199,15.64
tVHxmaMkLrQ,2.7995,91.48,210.13,50.43,3.2222,-0.4227,55.81
4JcUtGVcbF0,2.8001,92.0,209.88,49.58,3.2197,-0.4196,56.31
yQWBh0D79ig,2.8001,92.0,209.88,49.58,3.2197,-0.4196,56.31
N8-GyF9AqLU,2.7959,91.43,210.27,50.25,3.2249,-0.429,55.72
DWGYaZBY2LQ,2.2137,128.2,209.53,56.66,2.6911,-0.4774,44.34
HrR1gAe5mZk,2.218,128.18,209.51,56.63,2.6895,-0.4715,44.27
7qBynotWaOE,2.218,128.18,209.51,56.63,2.6895,-0.4715,44.27
omBoqJP9oz8,2.218,128.18,209.51,56.63,2.6895,-0.4715,44.27
ZBMCmNsqBJU,2.218,128.18,209.51,56.63,2.6895,-0.4715,44.27
aWoIX6HxPiI,2.218,128.18,209.51,56.63,2.6895,-0.4715,44.27
W2f9CFs0G1E,,,,,0.6561,,
saf08szlpos,1.2517,195.84,181.99,4.7,1.8866,-0.635,104.44
9iM3DPfRjt0,1.2327,201.36,184.05,3.97,2.4336,-1.2009,101.23
GXrfOz9ZJjY,1.2398,200.79,184.09,4.08,2.4739,-1.2342,90.63
EnpNYB6dsEo,1.2694,198.6,183.16,4.24,2.8803,-1.611,140.39
kf7hhRvGphU,1.2839,200.35,184.04,4.48,2.014,-0.73,100.73
RRTp-V7NZzM,1.2164,201.13,184.87,4.07,1.8686,-0.6522,99.03
jRepMLldCok,1.2514,199.86,183.55,4.23,1.9661,-0.7147,102.3
fh6YLpQ2vvo,1.3148,200.32,182.25,4.8,2.9574,-1.6427,148.27
exr6UMy2rxM,1.2841,199.64,183.34,4.47,3.2826,-1.9985,145.74
fp0ZToX41Zk,1.2075,227.02,207.59,6.29,2.8444,-1.637,150.38
k7ayFC2hnOQ,2.4902,39.84,100.22,36.71,0.7746,1.7156,23.69
uSX6zMbM1XM,2.1036,70.17,64.88,29.39,2.1349,-0.0313,25.23
Xo4bchD0nfI,1.6929,115.69,147.79,34.29,1.9895,-0.2966,-58.14
VbPCRh9TTj0,1.6186,131.65,156.11,30.48,1.7171,-0.0985,-30.38
30nVpEbxJFc,1.8874,114.28,144.89,34.74,2.1162,-0.2287,-55.16
LqEKTPt3WVo,1.7698,115.49,141.83,34.21,2.0403,-0.2705,-42.3
AyG7EZWM0q4,1.0586,131.36,150.42,29.46,1.6282,-0.5696,-34.58
74mUbbCsa6w,1.9251,137.18,163.66,30.62,2.0675,-0.1424,-22.43
zim3CuoCUcc,1.8582,108.63,144.18,36.02,1.9524,-0.0942,-63.25
PWyUQejvlKg,1.3604,123.12,145.88,33.27,2.1187,-0.7583,-45.08
WdWN6cKfegc,1.6483,125.02,156.31,32.03,2.0638,-0.4155,-33.44
68nwmm3mX7s,1.7181,131.39,162.47,30.22,2.0695,-0.3514,-23.83
E-qXbtYjoIQ,3.2379,145.54,112.77,43.82,2.5034,0.7345,4.79
xJQh6psuI68,2.803,96.96,111.89,33.2,3.0335,-0.2306,40.93
Ycfyr7uV6DA,3.0021,115.45,125.07,39.74,2.9061,0.096,46.81
34OYb1blsi8,3.2556,133.63,128.41,38.1,3.3622,-0.1065,76.85
tDVQTJBt3-E,3.0693,110.17,128.74,37.43,3.1409,-0.0716,64.75
w0np8b7i1p0,3.0173,129.43,112.11,42.43,2.647,0.3703,44.28
1lBFubSXnRI,3.2714,135.94,109.56,42.88,3.1105,0.1609,40.69
QI6s8FhTY9U,2.5667,125.2,120.27,32.46,2.8794,-0.3128,64.77
yb-Vm0CeKyY,2.9454,118.77,120.8,31.07,2.6361,0.3092,49.77
xqSA3g6rDRQ,3.3205,157.82,138.24,36.63,2.775,0.5455,30.75
tEoBYyk4QC0,3.1931,132.21,143.03,33.63,1.9492,1.2438,-31.41
WyWaCPuUG70,3.2621,134.78,140.61,35.49,2.7313,0.5308,35.57
RMipk7JPNvM,3.199,122.45,147.86,32.26,2.3518,0.8472,29.53
NEkbqcaw1b8,3.1184,114.76,141.85,40.49,2.3128,0.8056,-4.25
XjbAjXqEH7Q,3.1385,129.34,155.29,39.46,2.0418,1.0967,39.24
Gnp0qkvc2Rk,3.3684,111.49,138.27,34.56,2.2851,1.0832,8.05
3nMf14rLTy8,3.425,118.88,145.19,32.44,2.2765,1.1484,-6.32
faXVhCMudLQ,3.3794,117.73,141.6,37.28,1.7773,1.6021,54.14
MeLeu5YbMME,3.0996,199.31,142.3,53.23,2.0441,1.0555,113.64
rBxMfNpmLVw,2.2879,132.88,170.18,58.2,1.9879,0.3001,17.13
qHP7kQZh5Hc,,,,,3.0754,,
_FEofsaKslw,1.7372,20.5,140.89,41.98,2.7863,-1.0491,-65.63
qhMk6Q9l0PE,,,,,2.7886,,
zYbh50y-mEE,1.7595,134.11,207.45,30.12,1.4516,0.308,27.23
Om2aWcZbx5Y,2.4875,89.22,117.46,23.55,2.8631,-0.3756,-12.94
7lBpvjRdt8E,0.572,126.14,243.47,18.51,2.3983,-1.8263,24.86
dM79jex_5aY,2.4311,60.02,90.13,33.77,3.1538,-0.7226,-10.47
NTcLLZJkEeQ,,,,,1.8406,,
E9cQgWiO5EY,2.9843,76.35,129.3,43.52,2.5345,0.4498,-22.6
DGIzRsa_pAw,1.8754,113.17,147.66,34.6,1.2256,0.6498,-42.56
AexlkotOgjs,2.8634,131.2,145.08,58.49,2.8071,0.0563,5.32
A8ufdV00Cqg,2.3299,160.52,123.28,35.61,2.0753,0.2547,-19.41
Fy8dr3IZFog,2.9008,22.46,104.82,30.63,2.727,0.1739,-36.44
dyAmrProy7Q,2.2614,148.93,137.93,50.41,2.3184,-0.057,11.75
kgAMnk_UVPg,2.063,111.52,139.65,28.77,2.0406,0.0224,1.99
FwwTQyOdPqo,1.7446,70.19,208.72,28.95,2.4945,-0.75,-7.1
yY1XPotPlrs,3.1203,147.13,95.22,58.22,1.8768,1.2435,-3.03
1LudiyevztE,3.602,126.25,75.6,71.39,2.7598,0.8422,37.65
BIT2qGHapBM,3.4214,124.97,91.8,44.84,2.0486,1.3727,56.17
dxUUc3_dX8E,3.3956,128.25,96.53,35.75,2.3727,1.0229,56.51
0QzEzeA34B0,3.2366,134.24,80.36,38.18,1.6347,1.6019,55.33
-Ze4_bYiEFc,3.2238,156.11,86.68,37.15,1.3161,1.9077,-20.68
7LIQ2hYd0lQ,3.3861,132.18,99.7,36.8,1.806,1.5801,51.05
wQVBrVjhsdg,3.1792,148.67,113.94,34.13,1.3458,1.8334,59.64
OzByQO98Qc4,3.4685,134.92,112.12,40.81,1.7606,1.7079,68.89
DDCvdBbjGOs,3.5975,152.46,112.7,44.35,2.7157,0.8818,74.83
QNre1HJXRLI,2.9346,109.64,175.93,49.86,1.5686,1.366,60.19
KkCgnhgGXwQ,2.0629,32.32,118.44,38.74,2.7529,-0.6899,-36.83
ndab0B9VU2s,2.0747,94.7,169.4,24.2,2.753,-0.6783,-17.7
TvtEYmMvBvc,2.1697,100.63,170.01,24.97,3.0158,-0.8461,-12.88
0xlDHkpi49c,2.0404,87.52,186.12,30.13,2.444,-0.4036,-42.43
Sv138blOHM4,1.8521,149.18,184.77,9.03,1.6953,0.1568,42.38
lCPcbNg_7pg,2.7683,140.4,108.04,48.02,2.2785,0.4898,4.47
fwclTgDyxcs,1.8831,150.89,154.76,32.2,2.3116,-0.4284,79.27
OTZ2pT_Rnlo,1.5528,129.62,146.27,12.58,2.2317,-0.679,86.24
1d1q_wjsJIc,3.0632,85.76,79.11,39.02,2.2383,0.8248,-31.74
Sdpv9Qfa0MU,3.0068,81.35,167.21,60.65,2.5298,0.477,-0.63
pyWMb1MBGPM,3.4118,93.43,90.63,37.62,2.0152,1.3967,61.17
3ZLYJ9qE-Uk,2.4475,148.32,139.48,21.98,1.4082,1.0393,33.38
ez2MplBQXeE,2.9981,194.45,132.18,23.19,1.9226,1.0755,9.29
v_vYi9w0pxg,2.8963,111.3,88.15,21.47,1.887,1.0092,6.23
xea7v4yh76k,2.415,128.6,94.75,24.94,1.4657,0.9493,12.45
DNXtqnOSrUc,3.1476,107.63,93.75,31.8,2.4124,0.7352,-3.97
OOJgqxJIQhs,2.8305,87.74,57.47,18.79,2.7416,0.0888,-4.55
UUcrAKA4auI,2.7785,68.47,60.34,15.5,1.8323,0.9462,-1.3
3HdJ6vIPXOU,2.8663,117.03,129.05,28.15,1.8164,1.0498,5.62
0mTjdHXfR7s,3.2029,106.18,125.52,36.14,2.7373,0.4655,33.75
rWQifZ5S_98,2.0555,115.33,127.06,45.95,2.1865,-0.131,-3.68
vA3Vf0weiMk,3.09,18.42,202.51,48.62,1.1088,1.9812,-59.08
GUPOpOJ5NJQ,2.1847,16.02,148.31,31.13,1.7089,0.4758,-57.2
2M4WqyMGbWI,1.707,15.32,143.92,25.49,1.7267,-0.0197,-60.4
-zhgOWzp4oI,2.3836,116.17,90.04,19.28,2.5342,-0.1507,-11.89
x9OGEF-secM,,,,,3.5707,,
CMVbhotFZQg,2.5601,37.22,117.33,25.33,2.7865,-0.2264,6.89
qcA0E7rhYyg,3.1545,110.83,114.52,32.69,3.4313,-0.2768,71.91
LLRDOSLA3BY,3.1837,96.61,122.72,34.68,3.2671,-0.0835,29.84
B0syBaS8mcY,3.3583,91.6,124.21,49.34,2.6142,0.7441,28.53
hipPojCkB9k,0.0,0.0,221.55,-0.0,0.9823,-0.9823,-0.03
SgDgzA-tDhU,0.0,0.0,222.08,-0.0,0.0,0.0,0.0
NT8SxlfISdc,0.0,0.0,221.34,-0.0,0.0,0.0,0.0
SDDJ0RhNhio,0.0,0.0,220.04,-0.0,0.0,0.0,0.0
gPriEIuEhIk,0.0,0.0,221.72,-0.0,0.0,0.0,0.0
k4VBx2Bz2RI,0.0,0.0,221.02,-0.0,0.0,0.0,0.0
IUtChMMxjKA,0.0,0.0,220.76,-0.0,0.0,0.0,0.0
3PEzSphRJ1k,0.0,0.0,222.52,-0.0,0.0,0.0,0.0
OE5Fu4GrDLA,0.0,0.0,222.68,-0.0,0.0,0.0,0.0
dGoehL0Xo8k,0.0,0.0,221.97,-0.0,0.0,0.0,0.0
JmTib0VvF3o,,,,,0.4796,,
SYxGZMKA7AU,,,,,0.4791,,
LdbdWtUb_qM,,,,,0.4796,,
qLel6ZTE2P4,,,,,2.9813,,
QqEs_T6KbeM,,,,,1.6193,,
o9BIyGMh5lY,2.7735,159.74,117.01,34.89,1.633,1.1404,45.67
umXkbIDG_2k,1.1806,123.2,169.5,16.22,1.817,-0.6365,14.63
mxsflVZ68vY,,,,,2.2906,,
Vr57T1oJCSI,3.3167,119.09,149.6,36.6,2.5584,0.7583,30.13
XlxHWLRBiqQ,2.2987,134.29,146.93,28.17,3.5161,-1.2173,84.51
3XjFa6TU75s,2.4659,90.15,96.45,37.19,2.1704,0.2955,-28.93
hv5_QMra8cA,2.3208,71.3,157.65,32.01,2.0073,0.3134,-24.84
bvG0WpA7SLU,2.9012,58.64,143.12,38.09,2.5865,0.3147,19.91
p5B_xs8mMxI,2.0545,148.53,150.65,15.54,2.4246,-0.3702,25.11
NAP_wB3_z7I,1.2921,81.78,201.72,37.57,1.2259,0.0662,80.67
Oclf9PHOhjA,1.2536,164.24,108.92,18.36,2.0106,-0.757,2.65
4USKiTcNuSU,1.3597,145.88,86.03,30.55,0.3028,1.0568,-23.55
JDx5R-YvOgg,3.3433,177.36,140.46,52.5,2.3105,1.0329,128.47
V-aOoR7fx3E,3.3243,183.52,140.86,52.32,2.6847,0.6396,121.07
INJIetoeWOU,3.1826,174.87,134.06,50.15,2.4054,0.7773,62.22
1Fv_fSni3uU,3.2955,189.69,140.33,45.92,2.5758,0.7197,86.13
77omcVt59NE,3.335,183.97,136.77,53.5,2.1002,1.2348,85.28
s_0Ct0wUocA,3.5047,99.54,58.38,29.32,1.8205,1.6842,12.16
SKtc732MhMM,2.9204,109.26,105.16,31.65,1.7354,1.185,58.9
ArHTv6lzmhc,3.4972,102.2,58.32,29.4,1.8867,1.6105,11.76
5D6XqokMo_U,2.8198,103.23,97.85,29.92,1.6841,1.1357,48.46
1wvcA-Wd_iA,3.5118,101.33,58.49,29.22,1.7625,1.7493,15.91
mtidEGXDaE8,3.5011,105.79,58.4,29.93,1.7173,1.7838,16.89
DwJ8qQZbqlQ,0.4919,186.02,240.12,5.02,0.4489,0.043,-30.08
KAmoTulyngg,0.9917,27.32,173.21,25.93,3.2382,-2.2465,-42.89
C5saqbDvUFo,3.2123,121.16,130.46,44.33,3.5801,-0.3679,58.63
5iVK6z9Rrp8,3.0625,86.61,117.42,32.12,2.9001,0.1624,48.87
Yzraugq7AAg,2.1697,64.13,92.71,17.89,1.5238,0.6459,-2.4
V3wrt2DzftQ,0.4887,23.13,226.71,12.57,1.5362,-1.0475,-14.86
kovJx95Yz3Y,,,,,3.297,,
ZmXDM8rJG-g,2.013,119.33,132.76,26.27,1.398,0.6149,10.94
vlqDUiPRIog,3.1872,42.77,114.53,25.67,3.2297,-0.0425,-0.31
GmjH7KowewA,1.2034,92.06,203.72,8.62,3.2627,-2.0592,30.15
OME-jwfhiVY,,,,,2.3429,,
0pJ6RsiA_OQ,,,,,2.7718,,
cPWLwO-c2fs,,,,,2.71,,
dDrNe45WXYY,2.5731,63.95,189.8,37.02,3.3849,-0.8118,-0.21
suAHFh9ofyY,1.226,147.26,179.17,4.55,2.1159,-0.8898,-15.33
WIAEySrtd2g,,,,,2.9172,,
2pKjAlYXbPY,,,,,3.3056,,
0FaXESC90pU,1.3145,96.44,167.31,22.47,1.4475,-0.1329,-24.04
aswBAhQ2gXo,,,,,3.3969,,
Tx30JSP6AVA,1.7829,69.58,156.42,9.06,2.4036,-0.6208,14.84
cIqXpmPEnEs,1.9503,97.81,121.58,22.51,2.3381,-0.3878,5.61
6I-9onbPW1Y,2.1169,112.03,146.21,29.58,2.3097,-0.1928,3.67
05EOtP9M5fo,1.9082,44.94,187.43,25.75,2.3236,-0.4154,22.55
pNA6zWYmaV0,1.5782,43.68,68.82,44.13,1.595,-0.0168,3.17
YM88JhwOGeY,0.9196,165.31,64.36,11.09,0.6671,0.2525,-20.92
_6hyedo5Nys,0.8866,71.68,156.08,8.21,2.2054,-1.3188,-69.56
0CR3M5FrLlg,3.0283,42.56,117.09,39.23,3.1459,-0.1176,-21.08
oeRi70YJYOI,1.3187,41.79,90.19,11.71,0.9303,0.3884,-69.74
ItlGvGQEu6I,0.9162,81.49,139.58,7.5,1.6812,-0.765,-30.47
rsZplv72tQo,1.3406,15.11,164.72,20.02,2.046,-0.7054,-4.81
koK9kIVP9lI,2.2616,71.76,94.99,12.15,2.2048,0.0567,5.78
nhWkAi6fGAE,2.4703,43.63,64.53,28.44,2.2372,0.2331,-4.75
SEmQNc2aTyQ,0.6426,27.35,221.45,12.87,1.8017,-1.1591,-47.45
-DFOWUYVTiA,2.0917,110.96,161.62,50.55,2.0132,0.0784,28.17
xumWHqoQInI,2.5382,87.85,129.04,19.06,2.2293,0.3089,59.39
V-_o4spdXoA,1.3405,77.8,203.62,25.6,2.8225,-1.482,57.88
igVykD0JFIs,1.4094,33.67,184.61,30.91,0.1791,1.2303,-17.75
O252ifbFpCg,,,,,1.9619,,
a2kQXIwEi_g,2.345,100.85,151.49,28.14,2.9475,-0.6025,67.62
_yrl6EWJQYk,,,,,3.4067,,
CwwiAerfxmk,0.5985,152.89,189.04,11.02,2.055,-1.4565,21.62
PJEkfoL9SZY,,,,,0.9551,,
46fiaYQetbU,,,,,1.9025,,
IYJu6gsBjvY,,,,,2.4614,,
PXrGi-h9mQU,,,,,2.3544,,
c2H5nGXn5FU,0.9172,155.18,203.25,4.52,2.2768,-1.3596,8.95
U-3tweKBY5c,1.7938,30.4,73.78,9.26,3.0957,-1.3019,-43.01
BGIsba2BUg4,3.1937,81.28,74.35,36.54,3.4861,-0.2924,-20.33
5x7dMFL9MM4,,,,,3.0127,,
mSsDGiASGqw,3.0895,128.77,116.69,27.28,2.2334,0.8561,-11.27
2UXqB_lmJa0,2.8522,85.03,124.41,24.31,1.8297,1.0225,12.95
5gIDiCxdSfA,2.1823,130.05,169.62,28.3,1.551,0.6313,70.98
sV9rkwZshWw,2.2348,125.45,169.84,28.84,2.4037,-0.1688,26.57
IxLwviR3qfI,1.9176,156.33,167.59,17.14,0.8186,1.099,82.62
LtK33Z8xn-Y,2.6224,110.62,140.77,27.32,1.9731,0.6493,79.09
guoQBx6DV04,3.1593,89.8,131.87,38.24,1.9881,1.1712,52.32
SOJjSKz83uQ,2.7504,111.88,110.26,29.69,1.8006,0.9497,66.29
cEHsgnx9rkw,2.4572,106.88,109.85,23.16,1.5609,0.8962,49.7
vx0rlLrDYc8,2.9347,104.81,118.02,28.35,2.3214,0.6133,38.59
jyed6s9IGGs,3.0499,76.35,129.41,32.0,1.9005,1.1494,1.29
yZGpmQGSvAY,2.2086,125.62,156.79,16.17,1.7522,0.4564,57.17
RK1Md1sbf5I,1.3862,25.85,195.82,12.41,3.2916,-1.9054,-44.1
PytfMEpn-v0,1.5561,45.76,106.92,13.62,2.9817,-1.4256,-25.06
A25O34HGHRg,2.3839,135.75,110.01,39.75,1.9545,0.4294,25.18
0hb_qTtPFo8,2.8144,59.43,114.43,23.27,2.6418,0.1726,-35.6
A3fxNjc4BBU,3.1578,54.74,121.04,27.57,2.7261,0.4317,-14.67
Ggoccww3DtY,2.7954,70.4,120.17,37.45,2.3992,0.3962,-32.21
TKd9Bxp8bjk,3.3015,34.48,121.4,27.24,2.7761,0.5255,-57.34
GQfKfuEwyto,2.2539,170.0,125.18,22.93,2.7792,-0.5253,55.19
Ngq7d3We3Xs,2.3382,177.12,123.36,28.6,2.904,-0.5657,106.79
YdLZfEFlf1A,2.5864,181.11,116.13,30.86,2.7558,-0.1694,26.08
WD9Fe9imdz0,2.8117,162.66,108.19,34.63,2.7452,0.0665,37.97
Z0Indhkby4U,1.3406,32.05,115.33,12.84,1.0596,0.281,-19.29
o2MV0FCLuuQ,2.9169,78.23,99.34,18.91,1.9885,0.9284,14.19
VhtmBFQmej8,3.1877,90.92,124.58,31.03,2.0367,1.151,35.53
GaYiwPJ0e0A,2.7497,88.91,109.95,18.47,2.095,0.6547,-54.29
SFeR0fX4udw,2.9569,80.25,111.41,18.93,2.0301,0.9267,3.56
qDKRawi9zyY,2.9593,76.09,104.78,18.89,2.1957,0.7636,9.05
pSmxTjciFpA,3.0225,87.7,114.86,23.23,2.4271,0.5954,31.82
-Rx7-A0tRHY,2.9455,75.08,99.12,18.52,1.6437,1.3018,16.05
nLCLw3MXhwA,2.9066,81.67,112.22,19.97,2.0183,0.8882,12.07
P8dfCiaufZk,2.8547,78.9,110.47,18.59,2.0489,0.8058,36.92
VNrprrJRt6A,3.392,154.48,132.71,39.6,2.3786,1.0134,64.0
54z12xlygTE,3.2836,169.82,127.34,37.69,3.0767,0.207,71.3
QJwkel8dCt8,3.4306,172.51,134.26,46.12,2.7085,0.7221,58.29
l3D9sLWD7lE,3.4598,161.07,124.29,47.29,2.7369,0.7229,51.65
eBBJIcX0fLA,3.4211,164.79,128.55,48.97,2.8019,0.6192,65.43
JUF5Tlls_GI,2.9543,158.27,125.68,36.3,0.9717,1.9826,75.04
YvmRUeM6jsA,3.2796,99.99,103.19,27.91,2.7005,0.5791,12.1
QKGKgOFS57o,3.2364,146.78,95.14,39.1,2.1698,1.0666,64.35
5aXJmBbAoPQ,3.1445,118.3,112.33,31.96,2.8108,0.3337,23.5
L_xts1AJke8,3.3295,156.45,106.51,32.01,2.4051,0.9243,84.09
xdctI004f3k,3.19,129.82,100.15,25.26,2.4533,0.7367,32.0
N6cQxAiHXnM,3.4558,120.49,105.49,54.84,2.0353,1.4205,30.52
yHLg5RBxgv4,3.2699,158.59,87.99,29.62,3.1595,0.1104,62.72
3KLrDoi8iK8,2.4896,183.12,141.45,20.48,2.1024,0.3872,49.09
HS9LNtIckpc,3.2025,121.33,113.17,39.27,2.8585,0.344,40.12
sZrx_epWaqk,2.8211,40.69,159.29,23.56,2.3572,0.4639,14.31
k_rMLPHaK7k,1.7326,60.04,127.58,19.52,1.6465,0.0861,-6.69
6ZwmZgJwCy0,2.3808,78.16,93.09,19.11,2.1855,0.1953,29.34
JYuzu1N45hs,0.0781,64.53,203.73,8.33,1.9016,-1.8235,-10.46
9_jra7f9sk4,2.5056,139.36,145.22,57.45,3.0053,-0.4997,75.12
d3fVTjG95wc,2.439,57.93,115.77,51.2,3.3592,-0.9202,-31.16
Ykc_xMeYnu8,2.8592,112.58,139.55,28.12,2.5147,0.3446,-26.41
4JNvoVk2CCk,2.4148,80.67,177.71,25.41,2.4547,-0.0399,-35.16
hUgDcjX0Z1I,2.4353,106.75,146.59,59.68,2.4158,0.0194,-50.21
1JGJSP7MIoo,2.9224,118.59,135.04,32.19,2.8431,0.0793,-16.81
6Vlj5y86cUE,2.4447,110.11,208.06,21.71,1.8159,0.6288,45.06
IgaPHmb5CHQ,3.2821,71.5,175.36,41.69,3.2503,0.0319,13.1
RFz3-tg-09M,0.0,1.36,207.74,16.86,1.9703,-1.9703,-29.13
o4WGMCZVgjs,2.8719,98.79,101.86,35.2,3.3584,-0.4865,53.34
TrHNLN2O5ww,,,,,1.1336,,
wq2XMJ0Yd1M,3.2351,120.81,168.57,54.31,2.6087,0.6264,86.31
EMuvyF3rje8,,,,,2.269,,
63T8sdyd5JM,,,,,1.6379,,
c7Fb8GsFJVc,0.0,0.0,171.69,1.28,0.4994,-0.4994,-7.93
rYaobD4Bgd8,0.6722,77.81,201.14,14.61,0.8015,-0.1293,-13.67
BiLUVB1rXz0,3.2232,107.23,112.12,37.55,2.2607,0.9625,14.1
2CuBZzBIC3A,1.388,125.62,121.59,8.97,1.1577,0.2304,37.54
9FKUEFQPpis,3.0886,97.53,91.69,23.72,2.9216,0.167,43.11
YEBuUDUeSOU,3.1525,105.42,126.77,33.14,2.3391,0.8134,43.25
YIPsJiVhhtg,3.1334,120.64,115.4,26.63,2.3876,0.7458,34.1
pE7N_gT6Oi4,2.7914,118.3,134.88,21.55,2.2229,0.5685,31.47
18CxFkz3I7A,2.4965,127.42,112.75,50.45,1.5358,0.9606,3.53
Fs9R5heBVnA,2.8502,19.31,145.45,45.0,3.1622,-0.312,-18.54
0SvodBBpdMA,2.7226,43.41,138.12,34.38,2.1702,0.5524,6.19
NabBOFhem_c,2.578,53.2,125.39,38.76,2.2198,0.3582,-31.51
Ro_zUjWelgA,2.7356,29.06,145.41,31.26,1.6398,1.0958,-12.01
MPJswtKgB6s,2.9741,8.24,136.7,17.29,2.5821,0.3919,-30.62
Oh4YTBz13sc,2.47,30.61,113.55,15.52,2.8353,-0.3654,-43.13
ERgxSEfeAM8,0.8216,30.81,145.58,15.06,0.7925,0.0291,-109.1
cRE_qQxZ8vQ,3.4152,48.51,187.18,73.28,3.5239,-0.1086,-5.8
ZlTyHrFNCiI,1.2235,22.04,151.65,42.02,2.8182,-1.5947,-17.15
LQMjopN4rO8,1.272,85.1,193.43,28.17,3.1166,-1.8446,44.36
Ij2NFuaQICw,1.8598,82.04,194.0,26.33,0.2348,1.625,-42.57
T7ZT65Un9kU,2.3227,79.99,121.03,44.48,2.4258,-0.1031,18.1
Pm97K0V7O2Q,1.8724,51.1,215.54,24.96,0.6024,1.27,7.58
eopo0b2b0P4,2.9906,54.84,123.42,32.73,2.7004,0.2902,17.66
OEOfwNIOrpw,2.0969,48.5,180.92,33.81,1.1962,0.9007,-13.02
btgfIGDMtoI,2.0862,6.61,147.74,17.36,1.7103,0.3758,-46.57
gVSTvZDiswE,2.5411,85.92,141.54,18.39,2.1389,0.4022,78.8
GNTEUoPJrQo,2.8102,109.62,95.8,27.85,2.1694,0.6408,34.21
DEG4ooXNnc0,3.1544,128.28,94.56,47.99,1.6697,1.4847,21.87
SeQAyCYsNrU,3.2154,112.01,80.14,55.69,2.4636,0.7518,38.57
P85UwZrivRc,2.9401,126.41,114.85,43.56,1.2546,1.6855,20.06
hbNdExbziKk,3.4148,162.1,124.81,35.78,2.3805,1.0344,51.01
akAJFdJYt-k,3.3806,152.02,120.05,34.86,2.4196,0.9611,32.59
CK3LQrkw5q0,3.3501,151.95,117.83,31.09,2.1926,1.1575,52.08
VBw3sIMaFIo,3.3452,154.53,121.94,33.37,2.5525,0.7927,69.1
-QPZ4BCD2PA,3.4526,161.42,113.43,38.92,2.8121,0.6405,80.12
cGjP8nvra0E,3.3793,146.31,119.53,34.97,3.1495,0.2299,90.32
kNXx09Dpjt4,3.4622,155.38,117.43,45.73,2.5832,0.879,58.45
rBxdsO70uLo,3.3129,166.23,124.84,35.07,3.1812,0.1317,122.37
cbyN00YOGdA,3.3317,159.66,125.48,36.13,2.5444,0.7873,68.15
Ij05fPBR2Xg,1.3475,104.94,208.98,34.0,0.9824,0.3652,53.13
GcLqLxzpJv8,2.8426,91.48,110.0,55.57,2.8398,0.0028,34.37
L4QC3XZB0lA,1.9394,215.0,192.09,16.97,2.3565,-0.4172,77.89
DXdLgZObf1s,2.7277,162.97,85.56,25.04,1.4511,1.2765,49.54
JmXVJS47SWc,0.9894,4.53,142.36,12.31,2.3785,-1.3891,-124.53
uH-pUqU_-E0,2.5556,183.53,140.28,23.81,2.6804,-0.1249,36.99
zP57S0bXH9A,3.3246,79.31,108.79,32.16,3.3546,-0.0301,8.39
dtGcouA-W44,2.9986,74.9,130.21,40.27,3.5726,-0.5741,-38.0
Df88Zc4eZms,3.1596,127.0,135.89,25.64,2.4401,0.7195,79.02
HULd8GOl6yQ,3.4712,101.17,115.17,36.1,2.9895,0.4817,15.07
2ccWDxPyNRQ,3.0609,122.67,124.35,30.74,3.0333,0.0277,34.05
L4CUoN84t9A,2.7766,145.02,116.22,27.97,2.6123,0.1644,49.9
Z0sk1ie5KP0,3.1024,176.73,133.81,33.29,2.3799,0.7225,97.71
qj69Bl_qvSY,3.2324,153.07,124.36,30.37,2.8779,0.3546,83.6
QQOxH80t0o8,3.1304,141.87,131.34,28.61,2.8608,0.2696,75.07
pX7pQbVgp90,3.2964,140.39,166.93,64.34,2.8608,0.4356,88.63
En8i2Hb4H5Y,3.332,177.84,131.3,47.35,2.2043,1.1277,89.03
VlZB97M2Bg0,1.7611,76.81,204.52,30.37,2.501,-0.7399,14.71
MU2DGylxKOk,2.8483,59.73,126.66,31.67,2.913,-0.0647,-1.83
VF5NEr8mLS8,2.8263,59.56,125.83,31.16,2.9194,-0.0931,-2.07
PCrg6iDGY38,3.4015,104.49,54.66,38.94,3.3593,0.0421,-32.82
edH0rD5Pjdc,1.8291,47.91,153.42,17.25,2.4128,-0.5837,-9.15
ePwUxnFhXrg,1.451,74.82,187.13,20.71,2.323,-0.872,-34.71
lXfdTvlyfkI,2.1936,51.8,198.46,22.49,2.6144,-0.4208,5.36
VkbRIRhpWGI,3.0768,106.53,123.8,37.18,2.3649,0.7119,44.98
hPcBZqVT61Y,2.4803,100.14,152.63,25.34,2.9284,-0.4481,24.78
j39r67s1zXc,2.5388,130.27,92.12,19.32,1.7493,0.7895,7.85
5V8Ly4_02mc,2.7796,71.3,130.14,23.12,3.0482,-0.2686,8.66
WyCDdVhjR-Q,2.6962,101.5,131.04,46.94,1.8433,0.853,-85.16
hIywGdBuI4k,2.4283,77.72,127.18,23.66,1.94,0.4883,-31.86
Mfx-nAYAD74,3.094,64.67,97.11,35.17,3.0304,0.0636,-43.73
l5oKi5Yp6VE,3.0776,56.5,152.45,43.84,3.1152,-0.0376,-37.17
9-SSV0ICkrI,2.5117,109.99,130.87,36.61,1.5445,0.9672,16.89
X06Y4iS0waE,2.6135,105.89,147.32,31.74,1.7105,0.903,-17.43
liRa-bmPI4E,2.4327,20.74,132.24,30.53,2.9054,-0.4726,-39.5
Rje0SpONSKM,3.1559,187.25,101.24,36.4,0.95,2.2059,74.84
LeK8S-CoQr4,3.2873,180.51,123.64,33.43,1.1669,2.1204,67.27
JMWnqMwEWa0,2.9793,163.17,103.57,33.72,1.5861,1.3932,93.79
1BhpXjuZY5A,3.3265,182.74,104.25,45.7,1.4628,1.8637,72.44
-haeZy72oXM,3.2336,184.41,105.91,58.59,2.1554,1.0783,117.58
mppIbVwPVzU,3.3784,176.36,114.97,38.58,1.5483,1.8301,91.41
NOnuIp32ulE,3.153,174.95,95.24,34.28,1.5716,1.5814,48.27
AHsYMf58GJU,3.3591,165.9,120.23,40.13,1.4551,1.904,60.83
HXsb034qKQ4,3.2831,187.33,124.46,33.12,1.6067,1.6764,52.81
na35SfboHOg,3.1387,183.01,123.97,34.4,1.1588,1.9798,55.38
KqkcQgG3svU,3.3611,72.47,117.41,34.76,2.9924,0.3687,19.0
yW0tjvWXxoQ,2.2413,89.83,58.01,26.14,1.7395,0.5018,-12.97
rAtVzobdlSE,,,,,1.3426,,
1tjG4qfnOSg,,,,,2.1384,,
fk4zwTmNVJA,,,,,3.1686,,
uIZPXz7jX2g,,,,,1.2307,,
5-nHGP_f6F0,2.2373,132.15,131.86,43.38,2.8998,-0.6625,44.81
rWCrwmBMT2s,0.1789,19.53,37.17,36.91,0.1284,0.0505,-21.69
yLPt0GA4Pws,1.1864,25.24,52.43,39.4,0.6771,0.5093,14.48
YUYv8yflu6A,,,,,2.0033,,
zOnMer_vc5g,2.6899,146.87,143.04,24.88,2.7619,-0.072,85.54
thZCD1UKsHE,3.2263,82.86,190.38,65.17,2.7209,0.5054,29.29
0M-X3jyqZ-c,0.6692,75.76,188.18,1.7,1.7554,-1.0862,-6.81
rXjiix28pzs,2.3401,66.2,164.8,28.13,1.8973,0.4428,-35.37
hg2g0Tog9cc,2.554,79.48,168.37,32.01,2.1349,0.4192,-14.43
UIc5Yvw9BoE,0.9115,136.81,176.95,23.82,1.8412,-0.9297,-3.24
qIVehc7oihI,2.8965,122.81,80.24,20.07,2.4325,0.464,22.39
TE553yck18U,3.4038,124.01,110.47,42.29,1.4281,1.9757,81.49
OFFPsphBXyc,2.8091,146.5,147.95,72.78,2.9052,-0.0961,51.83
WoYYfRkH15g,2.2625,123.86,114.13,23.74,2.0661,0.1964,30.54
mCLEp7PC77A,3.3823,77.69,154.25,35.97,3.2357,0.1466,31.25
_VqyS23yEwI,2.6294,121.09,162.35,52.78,2.4932,0.1363,102.43
FCsji6t00_k,1.7995,117.55,119.66,49.22,1.5414,0.2581,-20.62
0yrkW-5R9Ok,3.0442,102.14,86.51,32.24,3.3254,-0.2812,17.72
F9p21Z_iQ1E,2.9167,89.58,51.44,22.21,1.8104,1.1064,32.28
CqWa3DGMqeA,3.0442,102.14,86.51,32.24,3.3254,-0.2812,17.72
qe2sUUpwlI0,2.2548,148.21,149.56,18.75,2.6763,-0.4216,80.8
waiSXnKZegw,2.2042,61.16,138.23,17.73,2.6629,-0.4587,-4.83
58wHBezDdc8,1.7835,122.83,132.64,11.48,1.5257,0.2578,17.96
brY1-CnkaZI,3.005,94.33,89.98,45.4,2.7257,0.2793,3.29
pWXyIO7yPqQ,2.0386,124.61,139.25,22.32,2.2672,-0.2285,-1.97
sJJOTJRU3Gc,3.1102,46.72,149.94,28.52,3.2112,-0.101,-26.75
Os-ezT0N6zc,3.0956,127.6,64.83,47.65,2.4276,0.668,-19.38
74TnV9LBv1M,2.3744,53.06,126.7,32.97,0.2582,2.1163,14.01
IHFLntRX_ZE,1.1487,79.34,162.93,53.27,1.3984,-0.2496,8.43
o7c_aIIgqFk,1.2088,111.67,179.34,51.72,1.8667,-0.6579,22.89
CSxrjH4aV90,2.3115,130.2,165.71,57.72,2.1944,0.1171,43.77
jMHu3ERvGns,1.7746,27.74,195.76,51.97,2.5036,-0.7289,-68.66
sZ5nEfnGHS4,,,,,2.3587,,
W9n8OyOCb4g,2.612,132.76,151.18,18.93,2.326,0.286,18.53
aKoWDkiPQ34,,,,,3.2255,,
IH4QQ4Q0c8s,3.0896,81.67,101.44,37.25,3.178,-0.0884,-0.22
RjWPlO6rC4k,,,,,1.0184,,
jNTbpERvluw,,,,,1.1367,,
wEqgUUjnMow,,,,,1.1254,,
vS0Vf5X7I8U,,,,,0.8271,,
5s7b7UaQykU,2.4507,169.91,203.15,36.23,1.9354,0.5153,29.29
Z2dM6NK-PX8,3.5033,84.83,100.5,47.71,3.0523,0.451,1.92
4JqD4LQmPO8,2.7331,73.73,183.79,50.18,2.5491,0.184,40.88
bkzq0I3L2GQ,,,,,2.2558,,
3yev2bFWO2Y,2.6225,84.3,111.57,29.64,3.0994,-0.4769,9.61
4P05mTTx_eE,1.1988,152.13,191.81,32.68,2.3643,-1.1655,68.92
W3HZU-273WM,2.4686,107.6,150.97,35.42,2.3783,0.0903,-17.09
vvE2lIlbddU,2.5527,101.92,118.25,27.15,2.7007,-0.148,27.19
UT5rBdHSML0,2.4055,94.0,129.58,44.41,3.1205,-0.7149,-1.76
C5_vw0gzr28,2.6614,24.77,135.81,34.36,2.6126,0.0488,-5.87
stbKaSidlEM,3.2375,78.93,106.13,51.53,3.5256,-0.2881,-4.98
uWifzxfSaDE,2.5606,112.15,140.78,24.91,2.9605,-0.3999,17.6
vMmm8jCvw24,2.8646,71.63,124.49,70.37,2.7297,0.1349,-8.35
FMdpCn_32xI,2.0822,25.21,186.21,19.6,2.2218,-0.1396,12.07
c4mEnnuCrCM,2.2443,41.66,173.63,18.2,2.8859,-0.6416,5.23
lq0xBL5PPF8,3.4502,77.26,132.74,62.89,2.9989,0.4513,14.72
IBo0LGhrDYI,2.1721,120.92,185.3,12.43,1.4901,0.682,8.88
6C3io42vVXg,3.0283,50.01,131.92,35.4,2.8264,0.2019,-3.52
-PAO6iPqIcY,2.4839,37.46,174.53,55.75,2.4289,0.055,15.19
f2sigMXyi2Y,1.9179,107.1,166.64,38.53,1.8005,0.1175,-18.18
BoGbECdvpsk,3.29,81.95,151.82,37.73,3.1046,0.1854,7.75
kS-_r3ZieY8,3.3857,77.72,194.67,41.01,3.4499,-0.0643,54.99
G84r0PfZKxw,2.7203,77.89,128.35,29.14,2.3004,0.4199,-11.28
YMKbDk79Tvs,1.5805,59.61,164.93,25.93,0.2846,1.2959,-26.94
_rAqu1CjriM,3.02,38.22,144.55,50.16,2.6396,0.3803,-11.38
uJ7ejt_s-GY,2.3232,5.94,117.21,15.91,1.571,0.7523,-4.19
5KS9qOiDLXo,2.1815,155.67,231.33,19.99,1.3226,0.8589,68.36
GYwBwgNaGls,2.1815,155.67,231.33,19.99,1.3226,0.8589,68.36
fi28v405bOE,2.7723,40.13,117.12,22.87,2.1549,0.6174,4.17
G_47JvhWkLE,2.3541,53.42,138.27,18.17,2.4688,-0.1147,-9.23
rZ8UOvoY4Gc,2.4075,98.97,136.42,43.38,2.5717,-0.1642,-8.4
ZtChH0PT_WU,2.634,27.6,137.76,34.61,2.7025,-0.0685,-44.01
64IhQWX4w4c,3.3968,105.11,110.93,36.4,2.6889,0.7079,-14.05
qiPQ_VWd0jA,2.7747,49.74,110.18,23.49,2.8139,-0.0391,-10.79
xEcwbN_jISA,2.4469,94.84,143.06,36.95,2.32,0.1269,28.27
I2NQ-2wkNy4,2.419,51.61,130.78,22.23,1.5648,0.8542,-7.57
XYmJ3ideS-Y,3.4315,123.32,87.58,43.09,2.6635,0.768,51.3
TsCWjh-XPzc,2.3273,148.97,111.43,33.4,2.7417,-0.4144,74.21
LH2GOZvn6gM,,,,,2.6724,,
Wj8wOUxfCwA,2.2141,98.19,39.22,25.89,2.2831,-0.069,-20.91
96siX_MzM9s,1.2853,110.44,85.81,7.66,1.3889,-0.1037,14.95
owPcxuMYmS4,2.444,14.8,176.38,25.93,2.6436,-0.1995,-41.01
uGZ0zS8sFwQ,,,,,1.5453,,
8oBzfgq_2JA,,,,,0.0,,
TN5hgLF76So,,,,,0.0,,
ORZUnSlMq1I,,,,,1.936,,
8D1EvWE7I0Y,3.4594,85.8,125.96,29.8,2.1746,1.2848,66.15
sqltJcyeJxA,3.2355,80.37,120.92,29.24,1.2645,1.9711,5.65
FUM7vbtrvec,3.3583,40.61,106.79,39.45,1.2091,2.1492,8.24
IdxAZ3CQH6k,3.4261,52.25,125.61,33.44,2.7474,0.6787,9.58
3HBFWs9vfXo,3.6444,74.75,100.51,63.11,2.5374,1.107,4.32
rm8qa7FDMYU,3.3794,70.82,101.88,42.04,1.4653,1.9142,-4.32
fsCVXE84SIQ,3.5331,66.4,115.79,46.1,2.9564,0.5767,19.57
EiIQ7GRb9g0,2.8619,77.63,102.46,51.09,0.8933,1.9686,14.75
amK5OiRip0A,3.0772,74.86,115.17,31.16,1.8092,1.268,27.14
KlYi-zw898I,3.1579,73.53,98.0,33.1,1.6566,1.5013,20.08
YKeMjR85lDg,1.9858,69.59,114.17,30.36,1.9981,-0.0123,-36.48
FxrEM8NeRSs,1.1178,57.79,126.89,47.05,0.0363,1.0815,48.46
Yt4EciHC0Fw,1.0104,72.82,140.32,47.47,0.0217,0.9887,64.11
ydXWvIjv0JA,1.0037,74.12,141.39,48.43,0.0098,0.9939,65.34
PSXooW7qsYk,1.1123,62.93,133.22,48.58,0.0133,1.0991,54.53
0tQjXlb7umo,3.3641,66.27,80.09,34.55,3.0929,0.2711,-3.84
VmArkAVr2cA,3.1696,84.59,148.93,49.91,1.6653,1.5043,-58.27
WJtl9PSRjO8,3.5839,93.51,112.09,50.94,2.2269,1.357,16.68
W17aCC12a1Q,2.8011,109.88,152.39,56.44,2.4684,0.3327,31.58
AQlN5IFiGbM,2.6374,99.36,116.96,38.81,2.5655,0.0719,33.21
bpXw7Gslkuk,2.9639,49.79,137.71,57.98,1.9983,0.9656,10.63
vdaJyjNQZnA,3.0725,72.26,205.82,39.31,2.7654,0.3071,22.61
OjjJMFvElVg,2.827,60.95,153.52,36.34,2.8465,-0.0195,6.56
rm27-4GFyjU,0.3676,65.48,188.31,43.24,2.5561,-2.1885,8.13
N33T-BEy6mM,0.4921,72.22,185.12,40.54,2.4437,-1.9516,21.14
Wp-sCCqhoDo,0.4417,78.85,186.57,22.24,1.9739,-1.5322,19.43
X900FaZsPaA,0.9664,171.77,146.52,18.92,1.2413,-0.2749,14.33
Lq1-QlpF6J0,0.9936,172.14,143.8,18.11,1.4383,-0.4447,38.14
JsN2mfu_lRY,3.3326,112.62,133.79,55.04,2.0406,1.292,-4.8
fSpqPPKiuog,2.6907,84.92,215.55,23.19,2.5527,0.138,0.07
i3K5fQvYMOw,3.3005,105.75,230.69,45.09,3.4825,-0.182,16.4
UyfpmKMzQfI,2.6256,56.97,181.47,37.78,2.9058,-0.2803,-6.93
JWV3WeR8IJI,1.8499,56.34,210.72,32.79,1.7993,0.0506,1.05
EJ4zVR2y48M,2.0912,123.81,150.7,25.35,2.4079,-0.3167,5.05
S2LPXZ2qUNA,2.3346,167.02,213.51,29.64,2.3725,-0.038,-31.57
pX231t7bc-s,2.2678,82.98,130.77,42.96,2.673,-0.4052,-20.89
u1vmxZ_Q7yk,1.6565,139.62,193.89,18.41,1.6474,0.009,-39.44
SL23aL87aSM,2.7469,83.74,200.9,24.1,2.6099,0.137,18.24
6g4fACL2cac,2.3607,115.14,164.13,28.44,1.1323,1.2284,12.12
vBJQvQBTveI,2.9185,145.83,154.53,33.31,1.7275,1.191,29.52
KWY4n3Vr7iA,3.5825,101.48,158.25,34.3,2.5415,1.041,38.85
S-jP0HxwFMg,3.7532,158.3,131.82,53.36,2.3858,1.3674,54.04
uZ8sXyUOB5Y,3.1278,160.27,142.26,35.36,1.9383,1.1895,37.13
f6zyy6VoKuQ,3.1816,186.8,154.24,35.14,1.612,1.5696,35.88
GVq9R11nM0w,2.4109,101.77,150.53,30.69,2.2353,0.1756,31.25
rQzDfmSo6Ms,2.2973,109.95,148.22,24.51,2.3603,-0.063,35.46
S328lRsky3E,2.8668,114.53,152.69,31.1,2.2593,0.6075,17.77
-O9Me7uDNIY,3.0328,105.65,109.02,24.0,3.0649,-0.0322,20.03
W6lI9rPq6t0,1.0937,59.03,226.81,15.17,2.0228,-0.929,38.7
pzVNsxq2uyA,2.617,104.23,89.0,23.84,3.1204,-0.5034,-13.11
_0stf69jN0I,2.524,91.48,89.54,21.44,3.3758,-0.8517,-16.53
XwWSTnY2KXE,2.6378,104.23,93.0,21.9,2.9079,-0.2701,-7.96
6aMZWxrQzI4,2.6673,91.27,92.75,25.91,2.9479,-0.2806,6.84
VCC_a-19qww,2.7103,91.37,89.1,22.17,2.9314,-0.2211,-20.38
u-zANDPT_fA,2.4326,56.38,234.53,23.58,2.9468,-0.5142,27.39
VEoFCjo9Xyk,1.9915,34.9,174.87,14.04,0.9268,1.0647,-14.12
1m32v2TB-c4,2.5926,126.7,106.8,16.77,1.8457,0.7468,59.4
MIBALk5VZQo,2.8747,142.48,123.94,23.35,2.1838,0.6909,71.17
3glN5aoKtZk,2.6885,145.43,88.3,27.88,2.0726,0.6159,69.26
gsMSVM0AIko,1.6822,72.84,142.98,47.8,2.0132,-0.331,48.99
LTlLC1JBtBI,2.9326,32.61,86.89,29.97,2.8991,0.0335,-9.55
P5PGvQawObk,2.0174,5.02,104.18,21.92,2.9509,-0.9335,-18.31
NBNRXDM1n8g,2.4326,103.52,89.53,32.02,1.5694,0.8632,46.42
Ujy9BYJVRMU,2.0403,68.57,111.55,17.58,1.574,0.4663,-18.4
G-rvl6u8s1Q,2.7758,73.59,100.26,22.73,2.6132,0.1626,11.84
zu0Cf1BKVl8,0.0,0.0,115.16,-0.0,2.6915,-2.6915,-10.99
tRvRokWvuaU,2.3308,21.46,47.42,9.16,1.2833,1.0475,20.69
I2VteqNGUqE,1.8079,128.68,105.81,21.87,0.6067,1.2012,40.46
E88hk-wnTfo,1.1391,18.44,97.58,15.46,0.0,1.1391,12.91
ukjahvXGFo4,2.2869,53.58,96.9,37.7,1.0613,1.2256,7.42
WLvgGFFbIwU,0.2874,126.18,194.89,2.83,1.4177,-1.1303,52.34
GHWdS3ROO3s,2.8236,114.35,52.84,24.33,0.9774,1.8462,50.59
3Lnh7VqMLaQ,2.0075,49.51,124.9,57.99,1.3018,0.7057,-8.29
bTNP4Qz3Yhk,1.2374,124.39,113.88,10.32,1.2026,0.0348,-9.09
SvaWGNPGwsA,3.3107,57.83,95.15,41.67,3.3187,-0.008,-6.16
iz432e4ss0I,1.7166,30.42,119.18,15.54,2.6597,-0.9431,30.1
LBlDCK9r9cY,2.3753,139.85,107.2,25.08,0.2329,2.1424,-31.29
s2Ayl-KrZZg,3.3459,176.94,108.57,35.39,1.346,1.9999,24.56
thB-ymw998U,3.553,167.39,93.88,38.88,2.5747,0.9784,81.32
dLUd9EmNq1Y,3.3517,184.55,103.31,35.8,1.185,2.1667,61.31
2j8vR2BrzS4,3.5684,161.7,89.3,38.89,3.0651,0.5033,58.41
jvguB805AxM,3.4375,161.01,103.78,34.99,1.6765,1.761,50.84
Y0YdonmybUU,3.1964,172.67,118.74,35.11,0.6551,2.5413,71.17
GBeGVR4sKmc,3.3873,151.72,98.1,30.61,2.6768,0.7105,52.69
fudCUbdkQmg,3.5964,167.88,106.56,41.25,2.8925,0.7038,86.96
RpcAQKsimFs,3.0569,87.68,150.78,49.93,2.45,0.6069,30.69
j-Icw1-ghhk,3.447,122.61,83.05,76.35,2.9927,0.4543,35.48
0iAwO9bwLt8,2.1316,76.74,79.08,16.09,1.2702,0.8614,-72.61
8Ur_TfvkBVU,2.7579,108.21,132.13,39.49,2.2374,0.5206,-13.06
ygbQU6Nx-5U,1.5391,114.81,138.17,11.66,1.4059,0.1332,6.4
Zc3_dUillVw,2.1958,154.32,102.32,20.71,1.2382,0.9577,-10.21
wbTfqPjEWzA,2.2751,98.29,121.83,27.4,1.2125,1.0626,-20.85
baavwkIXyqY,2.8371,98.13,107.19,30.52,2.4688,0.3683,38.04
al5Mw5zwsxc,3.3305,152.11,85.77,52.56,2.4546,0.8759,7.73
svLn_bZ-JEs,2.7302,105.64,149.35,27.6,2.8215,-0.0913,-11.74
ySMp2ZXyLoQ,2.7401,112.39,92.21,52.74,2.1379,0.6022,-15.44
pRq33-4_qZE,2.1538,116.85,137.22,22.02,2.1406,0.0132,13.06
N-5Jrr89FjM,0.8411,60.68,164.48,18.36,1.9708,-1.1297,-5.01
Jpq5Xcc5jmw,2.7057,128.29,128.79,48.88,1.8909,0.8148,-16.58
9smKlUPG2e0,2.5219,130.91,132.74,45.58,2.2462,0.2758,20.55
Vf7S54bds10,3.1056,76.14,105.22,55.78,1.6796,1.4261,37.12
Ilk8VNMa1mo,3.2904,109.13,116.18,46.7,2.1709,1.1195,39.7
dwOgqdgwNXI,3.4637,127.08,120.29,53.29,3.1791,0.2846,55.14
gkcOMMn9DzA,2.9164,128.17,144.5,23.22,2.6257,0.2907,53.07
Ax4T3Jcy6z0,2.8962,107.34,146.46,26.53,2.8776,0.0185,62.83
v0tKQIGqjPk,3.6981,144.87,98.74,48.65,2.7972,0.9009,60.64
VlKaHiLA668,3.4087,178.54,110.46,51.53,2.2127,1.196,31.13
mJiNXmTytdc,2.9209,157.07,128.01,36.26,2.0416,0.8794,49.63
gZpq_-9mZM0,3.0637,136.4,113.06,58.26,2.108,0.9557,55.67
SMotd_naJig,2.78,215.9,179.35,44.61,2.403,0.377,36.94
0nQV1AJr-8Y,1.2913,235.55,145.48,8.61,2.8555,-1.5642,96.61
a2lmR-MrsT0,2.3735,198.77,148.65,19.94,2.5626,-0.1891,86.95
w76pohQStZQ,2.9633,95.02,152.87,43.5,1.7854,1.1778,44.11
c7vlhUFL2yo,1.7862,110.62,140.95,20.6,1.1878,0.5984,56.61
7KXjFYBNiWg,1.3445,51.52,109.39,23.17,1.0789,0.2656,-11.28
uAXg00wIYzM,1.6426,54.35,223.31,25.17,3.2841,-1.6414,30.86
XiEmiyFIObs,2.8146,94.75,117.36,43.11,3.067,-0.2523,26.15
HXZD8LDfwns,1.892,109.31,174.95,38.04,2.2368,-0.3449,30.44
UlO3rq6Jc3E,2.3892,115.42,121.92,27.53,2.2626,0.1266,42.37
UlL4xdyZDrA,1.604,176.67,205.88,29.23,1.815,-0.211,-13.85
Vy5TgPDUjqs,1.3017,112.92,201.92,50.08,0.978,0.3237,-51.73
DvcMEItkrfs,1.9923,134.75,130.17,28.48,1.4231,0.5691,-40.67
w9eLXVCGBnU,2.5543,95.49,153.25,39.95,2.0052,0.5491,-20.68
3sv1KX6iR-w,3.107,93.56,112.3,40.87,2.3383,0.7686,8.76
J3YAsrB4mjM,3.1187,104.64,78.91,30.9,2.8133,0.3054,2.46
YVv9SQlz6ec,3.6751,144.83,137.68,42.08,1.7364,1.9387,106.61
SnsASnBAdT8,3.3995,146.84,101.69,35.33,1.7497,1.6497,103.56
Cu9dciCAfJQ,3.7491,169.68,114.38,43.41,3.0425,0.7066,102.59
X_Ju0wXcAxw,3.5016,179.91,100.93,42.3,2.5197,0.9819,76.62
B8PhKlsapkE,3.5252,135.71,131.62,46.01,1.7837,1.7415,102.14
LmRjGQvjpwM,3.5508,159.05,128.6,36.04,2.0202,1.5307,118.8
qjixfqJijoI,3.4571,150.71,115.94,38.74,1.7491,1.7079,109.49
nukfMMou5bM,3.6616,141.7,117.83,36.7,1.4251,2.2365,104.53
PbRLqx_ZjcI,3.5494,154.85,89.3,45.47,1.0126,2.5368,105.41
vUuJTSU7bdU,3.0315,99.93,102.06,27.04,0.9787,2.0528,30.21
LlyXMmJpqy8,3.0572,114.26,81.62,36.74,2.1545,0.9027,43.58
4AWPDYQkjtM,1.2484,109.53,213.54,10.52,1.0456,0.2028,-12.22
tLbh0dhEwOk,2.672,117.97,150.98,28.2,2.332,0.34,-17.44
C5V_snEwriA,2.3168,91.81,135.16,20.63,2.1196,0.1972,-37.85
Cnxus-7CMqM,2.4626,110.65,137.38,22.07,2.5833,-0.1207,-4.92
LKywCxnBB08,2.6677,28.84,182.18,27.4,2.4185,0.2492,22.27
DfMKZUosU-8,1.6493,51.9,201.28,13.37,2.8283,-1.179,27.57
JsqvvZAzeOU,0.9534,47.84,182.76,13.24,0.4767,0.4767,47.54
meQkEqWSP4w,2.4997,32.48,182.63,28.44,2.5273,-0.0276,25.7
lwegRqy35BY,,,,,0.0177,,
c-znHIQrSdY,2.6162,48.32,164.25,37.53,2.4869,0.1293,-35.99
_gImTR69YAo,2.581,147.02,129.12,44.68,1.1485,1.4324,4.46
oLgiFW0K7tI,0.138,185.17,225.77,4.37,0.8709,-0.733,85.22
I5zTSoomBBU,0.0653,81.21,221.85,36.68,0.014,0.0513,-59.09
kk3-1bs-ZqA,0.5594,125.83,246.04,2.63,0.505,0.0544,12.22
r3RtC81-lAA,1.452,117.9,160.91,18.24,1.748,-0.2959,5.37
mKBtDLQ4rso,1.9346,152.82,91.51,29.94,0.9407,0.9939,-11.45
dFHRP7dTk8A,1.7017,55.26,140.2,24.02,2.6971,-0.9954,-20.21
ADzeLg6XR0c,1.3317,106.75,187.56,31.85,1.769,-0.4372,-0.49
I9HxgSaHJt4,1.3273,21.13,168.29,31.43,1.5584,-0.231,19.66
aLwzbBGPOA0,1.3273,21.13,168.29,31.43,1.5584,-0.231,19.66
MpnAEl2cdFI,0.3148,101.6,81.65,6.31,2.1973,-1.8825,-3.5
IQkEWmO0VEQ,2.8639,55.37,149.4,48.87,2.6428,0.2211,-24.64
iJvrxt0nwSE,1.6412,142.37,135.02,36.65,1.0706,0.5706,-100.52
1a-vQDDQT4I,2.1083,107.0,147.34,40.01,2.8078,-0.6995,74.97
1wqRjI2_8J0,1.9326,122.64,158.97,33.16,1.4901,0.4424,97.82
G1M7DBmwzHo,1.2741,90.99,174.94,12.83,0.8481,0.426,64.12
QZvA5u_XHDk,2.8117,91.03,159.03,35.46,1.6661,1.1456,12.04
GrXNLzJcpG8,1.9122,73.26,91.18,35.6,2.4545,-0.5423,38.61
wGh6X5uxedk,2.5461,136.21,143.44,36.63,1.7343,0.8119,-9.55
OQT8ONVC0YA,2.4762,108.78,151.0,56.53,2.7104,-0.2342,59.99
Y2Mzmvwm1RA,2.6176,162.01,146.26,24.99,3.0091,-0.3915,39.11
FQRBCc58J88,2.6109,162.32,147.68,25.48,3.0161,-0.4052,39.97
fo_ZWUNXoWc,2.6493,163.28,144.76,24.85,3.0045,-0.3552,39.97
D1jK21a2jGE,2.0013,24.73,210.96,18.03,1.6848,0.3165,9.62
Qb7PV4_BhkY,2.6803,72.07,171.9,28.04,2.5625,0.1178,13.49
UbjYgG_MgZI,2.3014,81.03,172.08,21.28,2.6565,-0.3551,20.9
LXelgnZmB1Y,2.6353,98.35,183.58,24.02,3.3191,-0.6838,48.58
3jx-4RrpEFY,2.4306,84.0,170.82,27.45,2.7927,-0.362,25.44
UzEjVR7l-G4,2.2042,103.92,134.41,20.71,1.7125,0.4917,4.8
_ZmzsW01YCU,2.7533,91.16,152.55,46.92,2.0885,0.6648,27.84
JUUbiH689rc,2.7147,87.92,157.16,21.77,1.6366,1.0781,32.77
nKU31daLc3Q,2.9485,99.91,169.92,29.81,2.8704,0.0781,5.83
mVtQUUFuIW4,1.3334,16.52,89.91,15.62,0.5337,0.7997,-4.47
AsJm_2Puxto,2.1497,56.04,186.25,39.27,2.2913,-0.1416,0.29
XWoIolGIJKE,2.0395,42.68,186.95,30.29,2.0915,-0.052,29.09
lYJtb3EjAGQ,0.369,67.22,177.26,20.57,1.3319,-0.9629,-39.46
jiJwnXCbtfQ,2.0607,157.77,161.22,14.6,0.819,1.2417,63.66
EJbMa-QdrEU,2.7544,104.48,179.39,51.74,1.7756,0.9788,-2.02
_3K2F5HcmsQ,1.882,132.48,195.35,56.77,0.767,1.115,92.73
7ZrEap-uvLA,3.4427,38.9,137.38,32.86,2.8294,0.6133,10.32
r8i07gWRodQ,0.0,0.0,185.51,-0.0,0.327,-0.327,-0.41
MPf3V9RzqaY,2.7307,14.02,173.84,38.89,0.9995,1.7311,-2.32
xDUO1YAoFgk,2.3488,61.69,146.96,20.62,2.8336,-0.4848,59.97
l044pmDu-RA,2.2977,100.37,107.81,19.3,2.96,-0.6623,41.87
WU0udw-u-UI,2.0031,134.6,154.46,20.62,1.5487,0.4544,75.78
lG7T8Gigxuw,3.0428,171.97,130.81,40.59,2.5162,0.5267,111.52
6kDdMSJ5hhY,0.0,0.0,101.42,-0.0,0.0,0.0,0.0
jZ233sosldY,0.723,78.77,193.94,48.85,0.3305,0.3925,73.75
bhvR4wFbytw,2.7081,164.97,104.3,28.24,1.9855,0.7226,101.39
XwJH3azj1P8,2.2765,153.55,134.0,41.72,0.3881,1.8884,117.55
UaPEGh8xm_Y,1.1528,10.6,127.87,2.92,2.1314,-0.9786,-5.57
q81Kwp1vVVk,3.0618,68.38,112.9,52.42,2.2153,0.8465,-8.25
BnU6mB2p6aA,2.533,73.17,115.49,54.59,2.1426,0.3904,-2.19
p33NRFbJdwE,,,,,2.9584,,
9kMSWDMEJlI,2.6025,180.62,121.8,34.19,3.078,-0.4755,113.5
Z6lF1v-UpAs,3.1228,62.0,95.7,32.14,2.3475,0.7753,-36.17
MHko5TJakoE,2.5395,153.35,119.87,33.81,2.8082,-0.2687,91.18
gAymhNw80CY,2.5395,153.35,119.87,33.81,2.8082,-0.2687,91.18
uzseqMYo_OE,1.6136,122.28,195.32,10.57,3.2379,-1.6242,65.31
T_xnIKGCwNE,0.0,0.0,103.33,-0.0,0.0,0.0,0.0
2GEuEYuDK78,2.6025,180.62,121.8,34.19,3.078,-0.4755,113.5
w2XtcMyvn9g,2.6025,180.62,121.8,34.19,3.078,-0.4755,113.5
YaqCxjQp6QM,1.6493,50.27,218.25,10.36,1.699,-0.0497,-13.52
HI63C24AONY,2.2287,9.78,182.48,19.48,2.516,-0.2873,-11.16
WxS2YhO1wZ8,0.638,95.02,242.13,20.79,2.564,-1.926,-11.61
QEAqHQALsL4,0.5897,64.88,147.51,9.2,1.4973,-0.9076,6.29
F9ZnufTgd60,2.867,94.87,106.32,27.53,2.2222,0.6448,32.95
Da1Wqa6vBUI,1.0147,37.29,170.62,18.01,2.9039,-1.8893,8.52
B-QpgBvvIz4,,,,,1.8814,,
iPWgj2Ooowc,2.808,89.28,181.84,36.64,3.516,-0.708,53.64
QQ00noXOVnY,2.2087,78.53,166.39,27.93,3.0391,-0.8304,31.64
SkoOicYxgjs,2.5968,41.25,135.87,29.15,2.2789,0.3179,-9.79
ULVLuI8oJ6c,3.2084,111.84,144.81,34.08,3.6332,-0.4248,67.7
um8f0uZ_7tQ,2.2571,107.81,161.12,60.14,2.0137,0.2434,71.67
j9E00CZPKvo,2.2693,38.03,175.95,39.7,2.9607,-0.6915,7.84
R54QUKW6Trw,2.5788,38.71,183.07,38.66,2.8417,-0.2629,-3.16
hAS6F1J5VE8,0.92,182.73,230.09,5.47,2.2905,-1.3705,147.93
mvVlheXwjso,0.7913,189.14,227.02,4.74,3.3571,-2.5657,115.5
zw0oLx0Wl5U,1.4963,147.36,228.66,25.86,3.174,-1.6776,73.34
ysNYSIv-vL0,1.8917,151.18,184.01,19.31,2.6932,-0.8015,62.5
Rn1Aq5mhOxw,0.743,189.75,234.16,5.13,2.4068,-1.6637,141.3
Ct4RuMz4_PE,0.8705,178.67,233.15,5.38,1.9063,-1.0358,124.35
4968-kz-eR8,0.8501,75.97,149.29,15.9,1.0355,-0.1854,-13.54
lT8mXvZKjHc,3.617,28.7,138.82,41.11,3.4199,0.1971,-14.11
J7RjpGIG5j8,2.7179,170.38,154.19,33.85,0.9303,1.7876,-20.15
uw5CxsNTQbM,2.8671,137.77,111.38,27.39,2.9536,-0.0865,58.45
5WygQJB9T-g,3.5698,59.0,111.51,59.0,3.5814,-0.0116,-8.67
nDYhogT2cvk,3.5563,125.25,121.91,41.6,2.6192,0.937,6.6
hOKa7zFz9TQ,1.2898,136.61,197.56,21.78,1.0365,0.2534,-67.64
xW6gSlQrdqo,2.4348,46.75,117.89,35.79,2.2087,0.2262,-15.71
QFfqqbS2bac,0.3795,123.02,174.49,16.55,0.9649,-0.5854,-45.73
r74mLPk9Alk,2.8927,98.19,148.01,41.65,2.9715,-0.0787,-24.86
43r40uaw_z8,2.8754,68.36,175.78,36.09,1.9427,0.9327,39.69
6ZDilnDOWf0,2.1742,49.54,129.21,51.62,0.8558,1.3183,4.07
RmSQQeViXOQ,2.7575,41.5,111.03,33.57,3.0633,-0.3057,-11.74
BrBgNvPBRA4,0.1687,1.23,200.7,10.4,2.6328,-2.4642,-44.38
48V9iKEIxpA,2.6652,61.92,179.66,12.53,1.6828,0.9824,4.53
iE7aLLnngx4,0.0321,43.66,197.84,43.85,1.6601,-1.628,-19.08
eIqqa4tOhP0,3.083,80.21,134.38,47.77,2.8067,0.2763,45.02
BibjJP9gcxQ,2.5922,113.25,125.81,27.73,2.869,-0.2768,70.57
r-DAw-gde8c,3.0542,136.66,139.67,52.69,2.8211,0.2331,24.88
VbsM9LyfMYU,2.6454,154.84,115.22,23.34,3.3764,-0.731,66.87
gGDNEGyLvGs,2.0032,108.4,128.6,20.17,2.1144,-0.1112,58.78
HzYPWYpjFPw,2.3767,75.82,162.13,28.8,2.6993,-0.3226,10.77
6-q0wIBIMOE,2.6756,175.53,99.71,20.71,1.4647,1.2109,67.75
EqzNHgNhQ3E,1.9558,121.75,126.87,17.76,2.0693,-0.1135,59.22
seB6BO_C6UY,2.2079,128.08,144.95,21.12,2.8146,-0.6067,37.12
ZKAZW-vpBG0,2.569,173.03,122.37,33.88,2.8938,-0.3248,80.58
oaxf25rs2tk,2.0267,162.53,96.87,15.65,1.6285,0.3982,50.8
JtUQKsqmWpg,2.2481,137.85,107.37,16.17,1.5792,0.6689,29.23
D8QRh-k9SnQ,2.1619,162.47,100.22,15.54,2.1084,0.0535,41.55
xX_MJGZui-g,2.4574,129.19,132.04,28.35,1.7361,0.7213,53.78
VjguPOXdQpE,2.0268,84.97,147.04,10.86,1.2784,0.7484,-9.36
g9DTyTDgkKI,2.5828,135.41,115.56,23.63,1.9422,0.6407,37.45
cJeagcGKx5k,2.3659,129.53,114.3,19.45,2.1429,0.223,37.72
k1UXI3oughE,3.0788,124.48,113.2,38.34,0.809,2.2698,80.28
H_M6y9yI3Ng,3.2576,122.3,114.62,35.7,0.6477,2.6099,-34.93
sH2spSs-Dwk,3.3432,186.6,114.43,53.27,1.5862,1.757,77.87
By0wqL3EQvU,3.1136,98.67,110.8,27.07,1.4637,1.6499,-25.97
GDvLYgxNmn8,1.5041,97.51,142.71,10.88,1.3966,0.1075,-99.03
20z22EzFhGQ,2.6716,65.95,59.88,17.54,2.1571,0.5145,-36.37
QvYU6Rh1Gv0,,,,,2.4259,,
_tFA2bKG644,3.0445,110.49,125.51,36.44,1.9379,1.1067,49.79
WERS8qVHt_k,3.1656,163.89,85.19,40.19,2.6308,0.5347,79.44
R6d7xrdZuAw,3.1218,21.88,67.41,14.89,2.4745,0.6473,-23.25
uIBOQ12MsTA,2.12,103.77,166.48,31.98,2.0566,0.0635,43.86
wXCViGUqR1A,1.501,2.86,59.28,5.28,2.1375,-0.6365,-25.24
QagtBoFJiFQ,2.4606,50.55,77.64,30.9,1.4564,1.0042,4.83
mT_u3f47W7c,3.1248,164.72,101.95,44.18,2.7306,0.3942,85.06
sFsXiC3Wixw,2.3202,145.61,129.09,47.67,1.8966,0.4235,80.17
KltwnNEH48o,1.9722,124.07,204.54,19.84,1.2951,0.6771,8.9
KEgsChGaNlE,2.3363,64.7,152.72,26.21,2.7642,-0.4279,-22.74
49O9T5uuT6Y,2.465,92.28,169.72,36.9,2.2465,0.2185,60.74
F8rdTlFGKPQ,2.5076,46.09,139.64,41.57,3.0786,-0.571,-20.8
EWeA15aow1M,3.1468,14.0,103.81,14.98,2.6158,0.531,-69.49
9ZBWcXbQ1To,1.5776,139.18,177.33,38.27,2.1181,-0.5405,34.45
dZimCzYEKuM,1.4912,46.59,161.02,21.28,2.7042,-1.213,8.85
KEbNfRjMNjg,1.5236,91.63,179.6,17.99,0.4433,1.0804,-18.1
8vNJBcJJ4vU,1.3623,87.87,183.22,15.49,0.4473,0.915,-22.25
-Lo2ggPAiMc,1.3324,86.43,184.89,15.42,0.4494,0.883,-24.03
UriLknBngBo,1.2565,85.57,187.25,14.77,0.4495,0.807,-24.83
i0dIFPKubMA,2.1904,102.97,81.44,16.96,2.0931,0.0973,-17.22
gE6AjHXnkZE,1.5395,30.74,191.22,8.55,1.9062,-0.3667,-24.25
mu9rMo68kXA,2.583,110.12,118.92,27.68,3.2758,-0.6928,43.41
QbyntnWGhmU,3.0546,119.0,113.43,32.89,2.348,0.7066,39.91
Q0ey_YE7MNs,2.9175,137.34,147.42,73.09,1.7995,1.118,22.82
cVbsedZchwQ,2.7439,124.16,114.62,31.87,2.4794,0.2645,68.34
9noElnkUZfw,2.5531,126.47,126.54,26.24,2.0825,0.4707,32.37
sE8n5mpVUlA,2.8097,124.63,117.56,29.71,2.1875,0.6221,14.34
XzyeQbJRvOA,3.071,122.97,119.0,35.46,3.1662,-0.0952,58.26
PV11BWbe_CQ,2.9669,117.6,120.77,30.22,2.3087,0.6582,59.71
_aykr0iaFoA,3.201,138.13,106.74,26.34,2.2451,0.9559,53.64
cDM5i8CeES8,2.6253,109.8,109.99,20.74,2.7561,-0.1307,27.17
pwkzxNjzlSY,2.7217,154.35,116.3,23.77,2.0304,0.6913,83.34
ah2YGO8rhvo,2.4896,79.89,93.91,20.19,1.821,0.6686,1.72
42NpgLgzbPw,2.673,27.37,187.41,23.0,1.9155,0.7575,-19.18
6B0Ton-W5y4,3.3562,46.57,158.4,34.58,2.7839,0.5722,-20.04
ksvLgV1e8Pk,2.6913,60.21,158.91,32.31,2.0581,0.6332,-12.97
NPwkaZf8e_U,1.3895,35.91,187.65,18.27,1.3569,0.0325,-13.73
w7oI_vrfsPw,1.9478,66.86,182.92,26.08,2.1716,-0.2237,-18.1
ltbTV8QOnsg,1.9487,45.22,180.64,39.75,2.0378,-0.089,-61.69
B93Yp9xqUk0,2.9564,6.92,145.37,9.33,1.8129,1.1435,6.37
yLZ-l53RMiI,2.6998,64.77,117.33,31.76,2.3644,0.3354,12.63
RhJBEgWC-2A,2.8841,66.81,97.71,32.21,2.4305,0.4537,-37.62
dkxYhp_5HWk,2.4228,123.12,91.31,22.57,2.6847,-0.2619,38.33
EvFKqp0RcCI,2.5229,102.36,100.17,31.91,2.4327,0.0903,21.57
iij4YK6tmPQ,3.0732,111.95,93.87,22.49,3.1113,-0.0382,35.19
uyQji-sVGWo,2.5733,72.81,86.67,22.58,2.2258,0.3475,24.56
2v9HsC3HM8o,2.5439,115.99,112.75,42.98,2.4739,0.07,23.52
pefdNLhZc9A,3.4305,143.06,138.55,63.61,2.8071,0.6234,47.12
lVnApUax8yE,1.6577,45.38,77.81,13.85,2.8005,-1.1428,-5.84
znLhk1-ivRY,1.7874,154.46,157.72,16.25,1.2966,0.4908,-24.2
nQpfTI4Bhbg,2.2183,95.85,186.2,33.66,1.9708,0.2475,43.72
FQSM7uzchWY,2.8747,101.81,115.44,23.03,1.0583,1.8164,57.46
a-4l91RmF8A,2.184,179.91,168.44,39.89,0.5099,1.674,37.46
aqD9QBceGO0,2.7053,146.04,201.32,35.35,1.4864,1.2189,6.07
dsOgX_HpXBk,2.3794,95.04,197.09,38.21,1.6692,0.7102,29.54
THmggvdDyJ0,2.4075,98.77,239.11,17.4,2.7496,-0.3421,42.9
5xxc3CZ000E,3.2994,92.36,148.7,42.18,2.1688,1.1305,44.95
jgMPz3umVHc,,,,,0.6194,,
mYvXHb5E0FA,1.754,166.79,228.55,37.79,1.976,-0.222,75.54
FvWuYyygiuo,1.8447,99.91,185.85,24.47,1.6238,0.2209,64.41
Vf4ZCYL4KOg,1.3998,94.01,158.21,48.1,2.2373,-0.8376,46.14
nsX-ORop9is,1.9699,139.35,157.27,35.23,2.4607,-0.4908,0.49
0q6b8LRHE9Y,2.9359,92.65,91.0,35.64,1.8791,1.0568,51.31
inpK_Lx_OTU,3.4903,154.75,86.26,41.33,3.3132,0.1771,73.23
w0W5ThCWfq0,2.99,135.21,106.25,67.88,2.058,0.932,31.95
qzB8jtZERos,3.104,193.95,86.35,65.16,1.8209,1.2831,85.98
sO76CrOofAI,2.998,90.05,98.19,29.63,1.9285,1.0695,47.05
-5bBuCHdZVw,2.1469,178.15,118.49,18.08,2.3109,-0.164,63.3
ad7sRYPyyVA,2.7055,118.27,97.19,20.96,3.0546,-0.3491,56.89
cKp0LVe8cpA,2.9421,92.82,100.71,45.75,0.9577,1.9845,57.47
qk9cjHPyzEU,3.6274,157.68,67.72,40.62,3.0478,0.5796,37.11
6x4eYRGSSKg,3.1893,114.27,99.84,63.12,2.0329,1.1563,47.43
XNGto_SDflM,2.3578,74.69,151.48,27.12,2.6844,-0.3266,20.96
Iwg9lROe2v0,2.7383,111.39,166.13,40.94,1.7163,1.022,21.16
ynXS4lS-EjE,2.2308,163.22,118.03,37.93,2.0583,0.1725,57.77
6tjSNk8swnY,1.7948,116.91,151.19,26.97,2.7297,-0.9349,-22.2
llyN5B7hz5s,2.0304,170.01,131.74,42.02,2.5094,-0.4789,79.23
n82K9j-jcgE,2.5205,163.02,129.79,43.05,3.28,-0.7595,88.54
kFSW96YdviM,2.0619,169.07,131.44,44.41,2.5104,-0.4485,54.47
zjmXmuf7LqM,1.9039,147.27,141.44,44.15,2.5979,-0.694,61.66
SxtW3H1nV5I,0.6233,154.62,149.31,19.95,1.3001,-0.6768,59.96
nf0iXDqLWy0,2.1469,134.0,156.06,22.18,1.9076,0.2393,26.76
nYRTpDX_l6A,2.3638,116.51,182.66,38.97,2.3832,-0.0194,69.42
PGsAiT2JriQ,0.9972,7.9,207.69,60.24,2.1574,-1.1602,-10.81
341TWIZbWCI,3.3009,102.27,80.44,21.54,1.3456,1.9553,4.7
h_SDOrgkrB0,1.6091,41.0,212.94,14.21,1.1652,0.4439,9.51
YRONknXFvfY,2.554,38.87,149.79,38.79,1.6986,0.8553,7.12
Cg8Mu-igUM0,2.0254,86.25,173.93,16.0,1.3993,0.626,38.6
G78o5oVnPa8,1.3604,120.55,204.05,15.25,1.0705,0.29,-36.78
46E_NvsBC64,2.4554,52.9,189.8,26.48,1.733,0.7224,22.68
IKyQzvamGDk,1.1879,68.08,234.05,4.2,2.2109,-1.023,47.37
kRFi74M1NTY,1.9245,112.71,127.97,18.75,1.8116,0.1129,61.78
qlBzqcx4z4s,1.9448,109.76,124.09,18.13,2.493,-0.5482,57.81
hLB9xYogIqY,1.904,128.12,157.51,17.43,1.9952,-0.0911,73.72
SQEaWfXtQ6M,2.7354,180.79,109.65,25.94,2.8099,-0.0745,107.2
rI_j4G-Tz3Q,2.4794,119.69,126.34,39.09,1.8344,0.645,66.28
j9j7umEyUcw,3.0952,168.23,118.26,40.58,2.2496,0.8456,42.84
yI-91kCtt80,2.5341,118.96,127.2,38.5,1.4645,1.0695,76.59
OlNixk_RQoE,1.9374,140.56,119.39,13.35,1.6433,0.2941,82.17
GhQWUJaX0C0,1.7101,200.95,120.37,10.34,1.1954,0.5147,38.43
odkuuQwADPA,2.5667,103.26,123.04,22.01,1.8935,0.6732,57.19
nprsCSE7ejs,3.2887,192.85,112.82,44.42,2.3121,0.9766,108.34
rplArTua3ws,3.4134,189.08,120.52,59.71,2.5105,0.9029,119.81
sePvAMqhk5k,3.1941,180.26,111.05,45.04,2.3456,0.8486,83.08
xex49s6upjM,3.0791,225.37,90.47,49.35,1.5318,1.5472,82.13
IFXDx6UcXbs,3.1402,121.83,109.74,47.84,2.4289,0.7113,72.43
U42r3aJaaoU,2.002,135.76,117.93,24.22,2.602,-0.6,1.59
7EEEbwpq8sM,3.2755,107.22,87.64,43.8,2.3538,0.9216,4.22
1isCAwp9NFk,3.1763,99.2,90.32,41.61,2.4594,0.7169,-7.04
tzRTTJcNgP8,3.203,99.8,92.56,47.06,2.5536,0.6494,6.57
Puj_2mP_pBM,3.2408,101.05,83.9,44.93,2.395,0.8457,-5.07
gh8NSApCRJk,3.1986,99.54,88.2,45.73,2.4412,0.7574,-1.33
b2Zkw8KeRgI,3.2197,97.59,88.79,44.74,2.4555,0.7641,0.21
tilxlhdabS4,3.1977,101.13,94.48,40.84,2.4614,0.7364,1.45
UZD6jSWYEX4,3.1886,104.39,93.49,42.08,2.4306,0.758,4.44
PPkogVWdgaQ,3.2602,103.49,84.98,42.22,2.2551,1.005,-0.88
zjDeUcmdevc,1.3188,38.78,100.88,16.65,2.9548,-1.6359,-26.32
7E19Dn1CHsc,,,,,2.5716,,
wH6nZD9Mzcc,,,,,0.7231,,
fwSJ77wbZdQ,2.8458,106.51,185.37,29.21,2.4751,0.3707,-21.53
a9egQcWcRsY,2.8776,69.64,74.43,28.59,3.3967,-0.5191,-29.93
ne7kqY7VK0M,2.2449,135.95,164.16,51.4,2.5632,-0.3183,79.22
I8XellDl3wY,2.3495,47.38,199.54,23.09,2.4822,-0.1327,-30.17
KgpW2SfeNRg,1.3243,130.01,171.23,17.76,2.328,-1.0037,0.1
3-NbifEiGQE,2.7651,95.42,90.4,22.22,1.5189,1.2462,-3.26
qdpRi_TIXaQ,3.1408,83.78,87.56,25.56,2.4949,0.6459,42.36
4WBMmSHsDag,2.9244,75.43,94.1,31.35,2.986,-0.0616,20.83
Q1koTI8MUuM,3.212,68.64,89.64,27.96,2.7613,0.4507,28.97
GFwkUwyCEDs,2.7415,117.66,97.98,33.03,2.1181,0.6234,41.52
Ig-x3Aa-v-o,2.723,97.89,99.77,46.62,2.9008,-0.1778,51.89
R44ArKysJyU,3.1613,106.15,88.9,43.62,2.8214,0.3399,60.02
_P_BOj0X_Co,2.8955,122.2,90.53,37.2,2.2354,0.6601,55.49
MxCksCpqE_c,2.7677,75.85,94.8,29.78,2.8901,-0.1224,40.24
KcroocCqrws,2.5606,91.45,98.16,32.61,2.7563,-0.1957,55.0
6p-B_AL15NM,3.1879,131.88,148.44,50.61,3.4028,-0.2149,32.0
tUttpNgtQwM,2.926,52.08,107.92,23.09,2.0102,0.9158,-5.15
pw3dJl1Hc50,2.847,123.88,130.3,33.79,3.2949,-0.4479,13.53
UxTWVi77OXQ,1.9901,87.55,205.75,34.38,2.6998,-0.7097,12.03
B0NclMo2oCM,0.5692,144.18,166.56,37.98,0.1573,0.4118,-93.46
BP0fPkylNrU,2.3494,35.47,172.08,40.12,1.9774,0.372,7.29
clk8jSdne6Y,2.176,199.31,186.89,24.78,1.6481,0.5279,112.32
gBWUFE5maeA,3.1549,112.76,129.04,54.56,2.9079,0.247,27.27
PeGGvITKPv0,2.0148,87.84,203.81,33.92,3.0141,-0.9993,57.02
8K048uZr1Xk,2.4298,88.41,158.68,28.48,2.3777,0.0521,-5.28
VHbdRB73ZRs,2.7603,136.5,124.15,29.61,2.3438,0.4165,71.11
fYIcp3BSEfk,2.7544,129.06,118.82,23.69,1.566,1.1884,107.4
ZaXpHIVvPds,3.2425,131.41,97.21,29.04,1.7734,1.4692,22.25
JT7vBDIg1eA,3.109,118.43,93.75,29.53,1.1841,1.9249,15.42
iBN1mfLhlsU,1.4543,78.34,219.59,15.41,1.0311,0.4232,36.18
Kf82y9W7Xkc,1.4912,82.01,216.46,15.97,0.9777,0.5135,39.94
hMImWH9i6oI,1.4814,80.68,217.6,15.65,0.9853,0.4961,38.65
MNah1esN9Vo,1.4804,80.95,217.44,15.65,0.9866,0.4937,38.92
HCVskp0UWEU,1.4878,81.98,216.52,15.91,0.9827,0.505,39.9
R2ZwsSA58Hs,1.4881,81.4,217.01,15.84,0.9888,0.4992,39.31
qmIy5v9tDyA,1.4653,79.56,218.79,15.34,1.0411,0.4243,37.39
sRvQv_Xz7C8,1.4676,79.7,218.56,15.5,1.022,0.4456,37.56
mMHbYV6OcZ8,1.4713,79.49,218.41,15.85,0.9872,0.4842,37.4
Ko4AM2pnr-E,0.9983,8.96,221.12,10.92,0.0,0.9983,8.96
Ptho1uF9KTM,1.0262,9.33,223.9,9.47,0.0,1.0262,9.33
NrPNcRZoAAA,0.0,0.0,219.15,-0.0,0.0,0.0,0.0
d2CVsju31sw,1.1906,45.38,65.85,10.98,1.4363,-0.2457,15.52
y_Nd6JutqOQ,1.8738,132.06,79.24,14.78,2.9097,-1.0359,46.23
wwKk2c5zmH8,1.9152,154.79,97.39,15.83,2.8616,-0.9465,59.24
bD7uiuervOI,1.7773,150.26,99.17,16.29,2.4774,-0.7001,53.45
KqAIBZaT0VQ,2.3036,124.61,100.14,25.64,2.801,-0.4974,55.17
RcDEr2nO6N4,1.6398,194.63,104.16,8.66,2.8363,-1.1965,98.49
zQjMrPaM4W8,2.3432,192.64,85.15,27.4,2.7488,-0.4056,83.8
WwOwUA4MzFU,2.3468,37.93,174.77,36.29,2.7301,-0.3833,-25.57
9oYsjb4y32E,1.7492,119.4,105.65,43.2,0.0196,1.7296,-28.66
kISocp_eU-Q,2.8667,101.78,85.56,45.87,1.9032,0.9635,-19.65
nTosbmL1qRw,1.3832,38.65,107.8,18.51,2.0053,-0.622,4.68
GV_vUyLI8lI,2.4064,158.28,136.11,63.77,1.853,0.5534,43.98
z5OI8pvp05M,2.2059,103.65,168.92,15.73,1.8148,0.3912,32.16
LbDD6XyqJG4,3.6713,155.01,106.98,43.43,2.9995,0.6718,65.49
4JQRTNfi_sw,3.2977,146.08,109.53,35.59,2.7,0.5977,59.49
omMP_ExJrxo,3.545,154.03,108.04,41.02,2.9312,0.6138,52.2
qa85SgeC1j8,3.5729,153.32,109.4,41.83,2.6607,0.9121,37.04
0rfT0Qmla1E,3.4834,174.87,106.22,32.18,2.053,1.4304,7.13
26sKLtN1STE,3.4274,162.99,109.99,35.01,2.3659,1.0615,57.35
0GlJhVJSmkI,1.9644,49.33,157.6,28.94,2.4036,-0.4392,0.44
obBy-fKqsB8,3.0894,65.22,128.63,26.0,2.8616,0.2278,21.46
_kDE0-5ydfI,3.2272,158.1,134.69,52.92,2.212,1.0153,75.48
aeLa5sNI1S8,3.1289,136.71,121.28,32.35,2.8997,0.2293,75.78
StXRpZBrnKo,3.6265,163.61,80.63,39.15,3.3249,0.3016,71.59
OnUFMhwIELQ,2.2689,23.29,60.62,16.36,3.1542,-0.8853,-1.98
je83Oir4zG4,2.1257,148.08,133.61,15.34,1.5732,0.5525,-4.85
sOoSVKax8ls,1.6519,137.83,147.08,17.65,1.9085,-0.2567,6.6
ypwCeaCo7zQ,2.5701,46.6,156.54,23.99,3.2943,-0.7242,-7.39
5wrUQ6wPDJk,2.7827,29.0,147.51,50.11,2.7499,0.0329,-27.35
vxNIaZVoyjo,2.3679,40.48,159.28,25.99,2.339,0.029,-24.25
7_kZuwFDfOA,2.0117,102.1,144.01,20.08,3.2132,-1.2015,-70.29
pSFF3K1fRzY,2.7316,62.66,107.28,23.36,2.414,0.3176,-30.1
QZMTRCkpkoc,1.6379,53.62,142.74,23.9,1.3061,0.3318,-33.15
oy7QFb_PRq4,2.6661,179.19,150.62,27.27,3.0917,-0.4256,37.7
Mm07qsdeCf8,2.8288,176.28,155.15,28.6,2.8099,0.0189,37.21
okw5smHQpxA,3.0923,130.89,108.61,24.01,2.5754,0.5169,-0.51
hREktewZNRg,3.3327,138.84,111.4,31.2,2.8948,0.4379,42.26
1Y_-FpIYohY,2.8001,110.56,114.39,20.67,2.7201,0.08,57.18
sUR0OPFGN_Y,3.3238,144.12,116.92,37.53,1.8602,1.4637,61.19
sqi5Cr4uEM0,3.396,151.37,113.47,39.5,2.5878,0.8082,82.08
Ab-roME1z3A,3.4345,152.7,108.77,38.5,2.9959,0.4386,34.81
E9yXEExRp6g,3.2374,173.22,109.14,31.54,1.6101,1.6273,25.16
CDvETeDrlRI,3.5142,168.33,109.09,48.71,2.7195,0.7947,70.53
aOYSe4xCtrk,,,,,3.0384,,
fA3GXmv5jX4,2.6337,82.94,183.61,39.96,2.583,0.0507,50.14
DmjmeobyBkw,,,,,1.6941,,
w0ga8reqGEg,3.4488,62.87,221.32,46.03,2.1172,1.3316,33.9
0RtOi56R-04,1.7665,108.19,161.4,34.16,1.0887,0.6779,81.47
BWJr_pUYpe0,1.1191,6.92,223.43,31.51,2.1098,-0.9907,-6.46
C-Cl3Po63Sc,1.631,72.95,179.81,16.64,1.4045,0.2265,24.6
gn4Q5aSUv6w,,,,,2.9356,,
CeMIMbn-lA0,2.5995,97.88,146.23,33.97,3.4145,-0.815,51.47
fiqd1Z7oMPQ,2.8014,130.53,130.72,43.15,2.8888,-0.0873,90.88
5L8r-13ZKh8,,,,,2.8315,,
SVG3ryFQ9js,1.7666,109.49,143.56,13.13,2.2342,-0.4675,14.61
-uMAk0-bsKo,1.8662,5.3,49.25,6.3,2.4799,-0.6137,-13.71
jq7BwCVoUx0,2.2391,27.79,109.64,26.19,1.518,0.7211,-0.89
NdSTSODdJ4M,2.79,76.51,105.79,57.9,1.9496,0.8404,25.9
2deHhSSpDB8,3.1581,74.51,102.31,49.46,3.0629,0.0951,16.04
MtJVhGdS3A4,2.5836,103.35,121.53,51.4,1.9917,0.5919,46.51
t5LWx-JcfMI,1.8643,140.07,194.07,9.59,1.8476,0.0166,79.1
-6OXTnorvJk,3.192,118.93,118.36,33.62,2.4312,0.7608,37.37
yzJCeAlgMyI,2.4762,65.37,104.29,19.71,2.8808,-0.4047,-43.79
VmewGFJ9po8,3.3603,126.18,115.14,35.43,2.7128,0.6475,60.96
if0fWDg6jUA,3.0836,100.89,113.84,23.69,2.0538,1.0298,49.07
ckT5tfg4x7Q,3.3649,86.64,111.22,40.09,2.8084,0.5566,30.62
Sf_EWasGTi4,3.3694,77.92,113.7,28.26,2.5283,0.8411,22.67
ejbnm56SaJc,3.2868,111.41,117.45,30.06,2.7716,0.5151,25.86
m-2DqwNFtPM,3.5152,79.15,121.61,37.03,2.7342,0.7811,29.23
TEmaDgEQLpE,3.1677,77.25,106.01,29.72,2.0971,1.0706,24.93
HcGPk4ltxLA,3.215,65.77,104.77,31.52,2.383,0.832,15.31
IkixXMZQ_08,1.3975,81.56,212.22,32.74,0.9227,0.4748,-2.55
8EhoGniGifA,0.5647,77.5,210.08,12.4,3.1723,-2.6076,-12.71
-KW5K6HDeQM,0.6913,84.58,213.85,15.12,2.9115,-2.2202,14.56
nlrtfLWrH0w,1.4725,82.07,214.32,22.73,2.3733,-0.9007,-7.94
jXfF2P4nLd8,3.3034,109.13,85.06,32.15,3.587,-0.2836,-8.63
CDDgKJJWpBo,3.0382,2.0,133.81,6.47,2.2909,0.7474,-23.09
_JP3mGTM6sU,1.7997,13.58,133.81,13.47,2.0439,-0.2442,-13.31
yYjuGJJrrLM,2.2835,120.58,104.69,16.42,2.0651,0.2184,114.04
2kLrVOU8Mqs,2.4079,31.62,138.18,47.37,2.8655,-0.4576,-11.95
-_HjKzBMuDo,2.4184,115.59,147.92,36.07,1.8451,0.5733,62.06
GRVyux3dy0I,2.7318,93.54,156.41,63.9,3.0979,-0.3661,47.53
wi5Nq-vxdCk,,,,,3.0872,,
a9clJ2pzd-g,2.483,89.32,91.26,29.6,2.3501,0.1329,45.67
Ovt9ZR2dNsU,2.2483,113.79,167.98,28.23,2.6238,-0.3755,70.8
9dGu30a4bxE,2.287,33.78,182.75,43.75,2.0267,0.2603,25.29
x64Ka-sWIEw,3.0389,99.54,113.59,24.78,3.118,-0.0791,20.51
oSnbVIE8swo,1.7226,71.9,179.84,36.11,2.7331,-1.0105,30.09
PruDq1iR_jU,3.304,87.09,192.66,63.16,2.9734,0.3306,28.33
oHyAJrlXwiI,3.3055,149.58,115.99,32.91,2.7402,0.5653,41.11
j9LwY76yFwU,1.9346,85.94,192.14,38.09,2.7538,-0.8192,31.53
BkTQddzrDm0,1.4422,82.37,227.2,15.87,3.8698,-2.4275,25.86
ASxlirN2h_0,2.5349,104.88,158.95,26.43,2.9498,-0.4148,78.03
m3IQX7LnVh0,2.9234,78.06,149.98,39.45,3.6561,-0.7327,25.91
BbhBaDs0AAA,2.0352,40.73,91.26,15.59,2.8619,-0.8267,-0.05
IBPQvTEyr54,2.4284,29.19,213.92,71.57,1.3277,1.1007,-96.4
zZq0DNhoLoE,2.6145,37.28,118.78,22.01,2.4784,0.136,-9.95
utK6qo6NuaQ,2.6145,37.28,118.78,22.01,2.4784,0.136,-9.95
rjnzU8gUFGY,3.0396,93.58,106.36,54.43,2.1587,0.8808,17.9
dMjJV0PnE3Q,2.1334,37.94,214.84,26.45,1.973,0.1603,-28.23
D0IyYuL1Zfo,2.1889,160.38,194.47,22.63,2.2629,-0.074,12.72
M4PxzR0ptDk,1.8538,82.1,115.11,23.78,1.7668,0.087,-15.02
jKtw2YR4ytM,3.1079,76.11,195.6,37.08,2.5535,0.5544,-27.84
mp9RQHeBzy8,1.5186,100.48,167.01,15.27,1.4682,0.0504,-20.75
x_szdL-aU9Q,2.8927,118.74,153.45,28.69,1.7539,1.1388,-1.49
07wCNDm22vg,2.6038,150.9,129.04,30.1,0.7251,1.8787,59.27
1p_CuxD5L0o,2.5953,132.7,123.88,27.54,0.7021,1.8931,39.59
lQ4jkjrfIqs,2.7161,141.43,123.77,27.72,0.7365,1.9796,50.01
7-S92FQBlic,2.7497,142.04,125.15,28.15,0.7331,2.0165,48.72
UuYc3lRlaic,2.8624,119.22,112.12,27.35,0.6629,2.1995,20.26
gG1ESmcIMqw,2.8894,127.83,111.04,27.76,0.6129,2.2764,25.44
RFE3MG9qTLE,2.8382,133.36,117.26,29.86,0.6545,2.1837,35.23
d-O7Wv7M0ng,2.7012,124.25,123.61,29.3,0.7452,1.9559,30.36
c-1mv1yitCM,2.8273,131.3,116.14,28.36,0.6808,2.1464,33.85
Upruzo6fMAk,2.5088,47.56,113.07,43.99,2.8184,-0.3096,7.98
59gMsphTDzM,3.0258,76.04,214.86,45.24,2.3592,0.6666,5.92
zNWR6s_HgqI,3.002,67.96,104.99,36.17,2.2129,0.7891,-49.04
36ldUy49Joo,2.3344,42.41,190.26,32.28,2.324,0.0104,-1.52
Oeh07n48pv4,0.4519,73.88,195.03,2.94,2.5601,-2.1081,-12.01
Li4WMgEohOA,0.8587,95.01,81.44,18.16,2.0352,-1.1765,24.46
CzCRS9fVnk4,1.0707,65.79,76.7,4.4,2.2722,-1.2015,-48.07
ZNbpLEhN234,2.9275,80.63,179.37,55.17,2.5014,0.4261,14.4
0gjzyFGhipU,2.4393,49.59,187.25,40.97,1.9894,0.4498,-4.84
kjgYZgQOMF8,2.303,29.81,178.09,7.94,1.8893,0.4137,-67.0
qfjQg9hX5J0,2.5977,36.01,145.77,29.81,2.6932,-0.0955,-40.48
CVaCLINtPRg,1.9407,100.65,195.58,19.75,2.5993,-0.6586,37.99
Q8Y4HeHPjSo,2.9004,95.75,148.31,42.07,2.9337,-0.0333,30.57
KdrlslOHa2U,2.861,108.72,113.21,18.77,1.3264,1.5345,46.88
B4GX-OpuLMw,2.7544,116.5,117.16,19.02,2.7018,0.0526,116.42
EgkYO_RmKqU,2.7989,109.12,112.69,18.26,0.0,2.7989,109.12
nGxRu-fVBtw,2.1004,87.7,128.29,18.58,0.3751,1.7254,87.47
KWLX1vyZsh0,2.5395,105.77,124.18,16.48,2.3477,0.1918,27.38
oUGncTpFcTU,2.6276,106.5,127.34,17.7,0.971,1.6567,106.49
kj-S489Vj-M,2.4125,99.38,123.27,16.64,1.8852,0.5272,99.23
iwXTLMq0vgc,0.5276,130.39,186.48,22.12,1.4009,-0.8733,15.01
-qSzb5-3XqA,2.263,100.09,138.58,34.35,2.1416,0.1214,84.58
MuttVOdhlkY,2.4777,97.19,118.78,31.78,1.846,0.6317,68.35
A4H89MYOeEU,1.1338,14.46,104.67,23.56,2.6988,-1.5651,-6.58
xlsFOi1J7Mg,1.1975,13.91,90.85,19.86,2.3874,-1.1899,-30.55
3VGR_Yjzwsk,0.5027,2.59,89.91,8.13,1.6275,-1.1248,-5.01
hzwX2OmfzSY,0.0719,74.83,217.34,24.61,1.843,-1.7711,65.08
Y9zom_1W6xU,1.5416,101.08,232.15,39.83,3.0456,-1.5041,88.5
O1eX4s2Iw70,2.5565,156.99,146.32,48.55,1.7875,0.769,16.8
msbWoC4Dxo4,0.0,0.0,88.42,-0.0,1.6657,-1.6657,-87.38
32U85EKaZZs,0.671,141.42,115.32,18.94,1.7635,-1.0925,-13.04
0d5kPv_I9f0,3.0577,98.04,83.42,44.38,2.6821,0.3756,57.59
L-QV_rwG9ps,3.0983,85.74,86.43,45.96,2.3369,0.7614,32.13
uda8KV11qXE,3.1352,94.32,91.04,46.62,2.1288,1.0064,33.53
sujG45HDHPA,2.9333,78.45,105.76,35.36,2.1883,0.745,43.78
0zWFbr4eT3E,2.8136,91.27,104.45,55.19,2.7844,0.0292,23.89
qe7ij4BUBI0,2.8148,97.6,101.22,75.89,2.197,0.6178,60.24
xHC-ZEV7aqs,3.4072,92.88,107.78,49.09,2.1007,1.3065,35.18
v-bH3sqrD1A,3.037,82.24,91.39,47.99,2.1495,0.8876,40.59
BCjT9YW9RjA,2.9533,99.82,90.57,38.17,2.3283,0.625,48.82
CrERm1XZPiE,3.061,88.83,85.35,49.3,1.4413,1.6197,34.23
YNcuSHY70K4,1.554,37.89,154.55,17.13,1.7223,-0.1684,-19.45
2L3zRC1nfjQ,0.6752,70.33,81.61,11.77,2.8091,-2.1339,-29.7
E_9nn06FkN8,1.2159,14.14,248.22,37.44,2.5784,-1.3625,-24.81
9YuV9vwYp4w,0.0,9.24,195.32,13.78,1.0327,-1.0327,-39.88
qXGaiqgFKS4,1.4136,12.52,214.92,21.03,2.5877,-1.1741,-41.6
gVm4j2RkFkg,1.3658,73.66,104.65,9.22,2.1058,-0.74,-0.94
dmu0DnP9Fa4,3.1389,31.14,125.18,23.91,2.779,0.3599,-25.96
gxYyQSBZJAg,2.3548,45.38,161.14,23.83,2.7774,-0.4226,-13.72
cXSs_AeERog,1.0425,26.15,142.94,14.99,2.7427,-1.7002,-21.63
19BTBHahhCU,2.7954,73.67,91.74,34.58,1.8191,0.9763,2.3
WnMLIbYXNN4,3.0163,121.21,94.66,25.4,1.0291,1.9872,36.78
LhasXbY0IfY,3.0958,133.19,95.48,30.31,2.1148,0.981,52.1
VxuT7hWWBng,3.1492,118.37,81.72,28.95,2.2535,0.8956,37.39
LZLXwRBb0wk,3.1885,106.97,88.7,28.05,2.5339,0.6546,45.58
4GAt0cE4nO0,3.1888,137.54,92.15,30.2,2.8279,0.3609,59.1
TBRmi3FGFRA,3.22,120.74,89.36,31.17,2.7769,0.4431,48.12
gvpWXv5KW48,3.1949,119.65,99.65,33.11,2.2797,0.9152,68.12
f_cSroHtRNo,3.3138,126.76,93.49,30.71,2.8076,0.5063,26.46
CHZjZdw0ZUQ,3.1325,124.03,93.31,28.01,3.2879,-0.1553,-2.18
mX_vIVyQKug,3.336,143.89,97.39,35.42,2.9394,0.3966,66.17
nFoiYqe0XMY,3.5361,140.98,115.01,44.64,3.2175,0.3185,59.74
NLeETPXTbTM,3.5122,158.08,126.02,41.16,2.2291,1.2831,73.63
IF67AaZLzmM,3.5903,155.99,126.7,44.39,2.5244,1.0659,85.52
JEdi_-YE6jc,3.6167,158.25,122.85,44.76,2.9935,0.6233,78.97
WfoHMRh56U8,3.4974,136.95,123.59,43.74,3.1593,0.3381,79.66
RS_axMJ0I1Q,3.6035,160.5,113.78,41.16,2.5559,1.0476,37.35
CmyJ4vIHOes,3.6316,160.1,112.08,47.43,2.1382,1.4934,47.88
rYMindQgP18,3.6722,155.25,120.89,43.07,3.3208,0.3514,58.07
loQxbgYwq1c,3.42,165.01,116.0,37.51,2.7782,0.6418,89.47
dJ9puH8-3Mg,3.4403,157.4,127.37,43.51,2.4743,0.966,81.49
Mko6-zZTDr0,1.4323,40.72,116.1,11.51,2.5931,-1.1608,-9.92
oTx8oXPNo5I,2.5449,147.88,83.99,17.86,1.5895,0.9554,-18.69
Jhzqcx1hBEo,3.3247,165.53,111.87,30.4,2.9478,0.3769,-14.77
rF3qBNtSi6Y,2.6255,126.95,112.07,18.52,2.2575,0.3681,-5.77
yVXy5DwpTTM,3.1453,114.73,117.01,30.88,1.6041,1.5412,62.72
zCJUXypNXO8,2.5413,131.82,108.44,23.1,2.6715,-0.1302,-32.93
1157jJqYXfg,3.3036,165.3,110.21,26.73,3.1009,0.2027,5.0
Gzk0GuytKAo,3.3374,101.8,105.1,25.57,3.2185,0.1189,-48.79
qRnLhefnnTs,3.4826,119.77,105.66,28.95,2.5349,0.9477,-55.51
zGHJZpzJwzc,3.1604,136.06,110.67,48.47,1.7753,1.3851,32.68
HSujmnIpfAA,3.5898,94.69,145.59,54.3,2.6459,0.9439,-13.5
WdIHng-vZcI,3.3396,166.72,131.64,35.48,2.6383,0.7013,48.35
8k7YD4Jswxg,3.4045,164.75,137.68,40.23,2.3608,1.0437,87.1
jMBxCr9nXS8,3.4312,176.11,130.63,39.14,2.3755,1.0557,55.97
PNwnZCxLvMc,3.3709,178.45,129.72,39.91,2.8143,0.5565,83.44
l_mTgQQ8NXI,3.3675,165.97,135.08,40.27,2.5051,0.8623,82.98
gE1vz_uYIAc,3.4189,184.55,133.59,44.48,2.5858,0.8331,85.38
7EAX3qaCtVw,3.3732,175.33,140.57,38.07,2.9723,0.4008,55.15
lR_xUMHpIOk,3.3032,170.53,139.06,35.45,2.5459,0.7573,51.59
SRGoVRmirhU,3.3832,167.85,128.96,39.48,2.2854,1.0978,72.85
KPIOPN4tnMI,3.4364,179.3,140.12,40.93,2.5745,0.8619,101.36
AusLRUVAizc,2.2481,19.03,211.91,7.28,1.746,0.5021,6.66
COeO2TmubBI,1.6665,51.71,157.55,15.44,2.5473,-0.8807,24.06
vW5K3nS_z6k,,,,,0.816,,
34FIB_dHHyM,,,,,0.816,,
m8XkX_WCj1s,,,,,2.9104,,
iYBtKaSE1YQ,,,,,1.61,,
9xHJrHywpFQ,,,,,3.3156,,
CJ_qxPbhufw,,,,,2.0885,,
gCjm37Lz_Kc,2.4994,81.8,100.08,27.63,2.4285,0.071,11.24
2tQPk2bbFP8,2.6242,159.94,97.69,19.43,2.5846,0.0396,49.37
sXHlLJ3kHnM,0.3217,77.74,212.68,7.34,2.3243,-2.0026,-2.81
9ypvx02DBHM,2.8763,69.8,135.85,46.66,2.6802,0.1961,-10.06
ElMqQ6UkBbE,1.4113,64.79,154.7,36.41,2.1014,-0.6901,-8.84
6_n31a1pECo,2.4033,91.7,134.58,46.2,2.5444,-0.1411,14.57
-5MNaJAGVdk,1.1655,93.17,199.47,38.7,1.7567,-0.5911,68.9
AMqU0bOQaB8,3.0932,101.75,151.4,28.76,2.6675,0.4258,43.11
JXkKJ_hZYKo,3.248,99.94,133.91,28.93,2.999,0.249,-16.31
8WdhLohW_xs,3.2544,90.06,146.36,34.24,3.1396,0.1148,27.04
OeWTRBJt2HE,2.9412,127.68,128.3,25.78,2.666,0.2752,23.08
o5UMysi6XOE,3.3807,111.07,132.25,32.31,2.681,0.6997,2.81
Evwi5-77klQ,3.21,124.69,135.56,38.74,2.5381,0.6719,24.06
c2D2QSeQ8Hw,2.9206,124.32,135.47,25.68,2.3083,0.6123,17.52
u7JXG_a7-QM,2.9595,158.14,150.68,28.14,2.2541,0.7054,71.99
ELhP5ocPH3Y,2.8718,140.8,148.2,24.02,2.8278,0.044,96.99
AT8qlebOUTc,3.0271,138.09,138.67,26.79,2.9123,0.1147,38.55
WRI1PUnhY9s,1.362,51.31,158.95,23.72,3.3714,-2.0094,34.25
Pz-aP7CHNs0,1.9593,116.54,221.5,27.75,1.7914,0.1679,-4.0
pwPwH0O5pD8,2.9239,56.93,210.75,30.27,2.2894,0.6345,9.64
dx0joW__UKE,2.6779,29.65,175.75,15.38,2.6707,0.0072,3.94
KotY3ESM5y8,1.5417,98.88,145.0,20.65,1.162,0.3797,-38.49
cozQyw9iyLQ,0.5446,59.98,200.57,46.45,2.0277,-1.483,-16.88
f0bpRtAeh6w,0.8236,72.67,171.25,23.31,2.5578,-1.7343,13.84
CDYTZb1yIls,1.3604,89.97,165.94,16.55,1.207,0.1533,12.32
pjfVFjvKsdc,1.6272,100.71,172.01,15.66,1.6289,-0.0017,23.68
gVk-0YQyApY,1.1262,94.75,180.79,22.38,1.5152,-0.3891,35.34
MVkD3e3mkLg,1.1177,68.73,116.48,17.79,1.3555,-0.2378,-5.42
lP8kLaal6_o,2.3729,48.65,131.56,19.58,2.5041,-0.1311,-9.74
4Ly1UobAJzE,3.4844,160.45,89.94,57.01,2.306,1.1785,43.3
NGTNhz9pLzk,3.3412,155.88,114.54,53.82,2.0594,1.2818,57.44
ntD6iMorHac,3.4082,160.36,108.46,44.37,2.8106,0.5976,78.15
6APgx5AfhuM,3.1734,106.74,110.82,34.64,2.5106,0.6629,48.68
1wQFrcI-7SE,1.324,1.54,139.91,6.06,0.0,1.324,1.53
sz7F-B1iUpE,,,,,1.2232,,
EFkQfn70F-U,1.6459,86.88,83.23,8.38,1.1954,0.4505,26.56
5rU7xlDHhcc,2.843,58.77,127.49,48.33,1.9691,0.8739,-15.55
JZD7_9OqQVU,2.8696,60.69,121.93,55.95,2.3503,0.5193,-14.55
GvaHPDGKTYw,3.0327,136.11,136.07,34.1,1.2346,1.7981,78.24
t9iNn_2aup8,3.0126,66.29,190.05,40.78,1.9596,1.053,38.84
i_Jy0QVhhv8,2.9449,158.78,139.86,39.16,2.7525,0.1924,116.33
uRbmtzipRlc,3.0688,142.78,128.55,46.36,2.4329,0.636,-24.94
8RKWhl-DOJg,2.573,88.93,167.03,25.5,2.4532,0.1198,39.66
4SGorcxEjVE,0.0,0.03,209.65,2.25,0.0,0.0,-0.05
awUVpiYOlcE,1.4138,22.92,216.09,32.91,1.4821,-0.0682,-20.67
d6OHoJ-yZ0c,1.7385,59.43,186.09,24.7,2.4055,-0.6669,2.11
eLxe9CwUAUM,2.0033,76.38,170.43,50.3,2.6431,-0.6398,35.6
8rGSqGjnKCQ,0.9647,151.16,184.57,13.85,1.6455,-0.6809,6.79
StdVp8T8NUg,0.9647,151.16,184.57,13.85,1.6455,-0.6809,6.79
w1QRK8tqmqo,0.9647,151.16,184.57,13.85,1.6455,-0.6809,6.79
o_ZAwVSt6is,0.9647,151.16,184.57,13.85,1.6455,-0.6809,6.79
JhdLgWJHu6s,0.8244,152.99,185.68,13.66,1.5554,-0.731,11.26
UoocDBTad5s,0.9647,151.16,184.57,13.85,1.6455,-0.6809,6.79
6ZhnPuBhRgM,0.9647,151.16,184.57,13.85,1.6455,-0.6809,6.79
9fS0oSMtYdo,0.9647,151.16,184.57,13.85,1.6455,-0.6809,6.79
MA7VmsgvMbA,2.9856,76.13,115.64,49.68,2.5321,0.4535,-10.93
5YaQvP5XFAA,2.5974,182.85,113.28,26.49,2.2706,0.3268,67.94
Awk6R5wQt5Y,2.8899,127.58,105.62,23.39,1.8869,1.003,63.8
A9BPhBIpa44,2.882,124.76,111.77,34.54,1.0817,1.8003,70.42
IxAxEhYBOQA,3.3564,135.83,94.27,49.27,2.36,0.9964,92.99
R5ryjgQaaOg,3.3913,169.05,105.39,38.54,2.2698,1.1215,120.82
bmauQd7YrQ8,2.6497,178.33,108.82,19.96,1.4648,1.1849,76.04
iLNRpkMEpzQ,3.6172,129.4,136.46,37.17,3.499,0.1182,48.44
qOwEO8A7GYM,3.1636,156.85,118.98,44.46,2.3868,0.7768,46.21
DIKx0v7qsrE,2.5604,169.02,171.99,19.45,1.9241,0.6364,69.56
1a67gW8rueo,,,,,2.2105,,
g94CpdUr1FI,0.0,0.0,111.46,-0.0,0.0,0.0,0.0
ogwME4Jwrx4,1.2666,29.33,170.44,26.37,1.2502,0.0164,-5.61
E3_mLA5q-44,2.8764,121.93,87.22,22.78,2.4777,0.3986,89.39
aflgAux_PzU,1.8829,35.54,101.04,15.29,0.0,1.8829,35.54
QuAcK7YJBrY,2.1052,25.52,155.32,34.18,1.1582,0.9471,-22.98
bhzkT2RbCQM,1.3361,42.52,214.41,17.17,2.7527,-1.4167,14.69
dWurwvbXF_E,1.0855,5.66,215.5,27.65,1.7734,-0.6879,5.6
BSpJ_P4fKIc,0.0,0.0,85.14,-0.0,0.0,0.0,0.0
BWhdPodmkfg,0.0,0.0,58.78,-0.0,0.0,0.0,0.0
m7XwejjBhP4,2.8829,169.81,195.4,45.23,1.3483,1.5346,25.06
0aE17yUrfX0,3.2979,85.04,160.83,43.52,2.2785,1.0194,27.28
6-7IG6TBJBI,2.2287,104.54,149.84,30.13,2.2426,-0.0139,35.59
eIYvFW9TJJk,2.2807,66.34,194.91,28.9,2.3556,-0.0748,4.43
HB4ZjMVSV2o,2.4838,108.53,120.48,29.61,2.8056,-0.3218,42.13
6_7Z_EMC-8I,2.1849,129.12,189.11,24.32,2.2528,-0.0679,23.4
LweZeHK5ffc,1.1062,109.14,238.95,14.37,1.8053,-0.6991,9.28
URoEVpkYBM8,2.6297,5.82,124.52,10.8,2.6497,-0.02,-52.79
MCLOfzDVodM,1.1823,109.84,215.39,24.24,2.6456,-1.4633,36.36
NDDZ06tWIBI,3.1171,122.29,113.64,33.54,3.3238,-0.2067,60.26
lxiALIidWuM,2.6451,95.21,139.8,40.24,3.4778,-0.8327,72.89
mz2nfn5Q92s,2.443,123.14,118.26,48.51,3.4824,-1.0394,100.13
u2-BpPS-aPw,2.6335,132.16,164.74,43.76,3.6253,-0.9918,111.43
ps2hyBx_JLA,2.6204,149.89,185.02,50.8,1.2643,1.3561,74.58
rqegOb_EhjY,2.515,134.62,177.42,41.02,1.5643,0.9507,28.97
oXLDv7nAEgg,2.7037,141.17,154.19,47.16,2.8576,-0.1539,83.1
_jPgEZOpr4Y,0.2296,18.51,109.82,39.14,0.5119,-0.2823,2.61
aAreaSwKc-c,3.061,92.0,157.18,51.19,3.3376,-0.2766,42.08
Qctde4kPhmI,1.3345,66.42,191.07,36.47,2.4815,-1.147,13.89
sIhzHmcO0Vo,1.7699,70.56,201.26,35.5,2.5043,-0.7344,43.92
HSq4pSSap0o,3.0111,14.05,170.24,15.55,2.7977,0.2133,-17.06
KMN10Okq_vA,1.3262,67.64,148.64,16.81,0.9261,0.4,-2.4
26jtVD_o8oI,2.5105,106.01,190.96,39.81,1.6115,0.899,-7.64
nHgyhpErpug,1.5339,82.45,218.17,22.27,0.2624,1.2714,-61.48
rtzUWJswEME,,,,,2.6565,,
R6v0vn7eosc,3.5447,162.62,101.32,52.36,2.3668,1.1779,9.85
3gI9wV3PcRc,2.8891,160.73,97.93,42.68,2.6039,0.2852,89.0
jYWdJrfQAx8,1.5486,119.42,142.69,19.08,0.728,0.8206,-63.48
QWpWqTBY1qM,,,,,2.4855,,
5jt7RZUOQjg,3.2756,86.36,121.65,24.28,1.2116,2.064,81.81
PCHR8RQJri8,,,,,2.7775,,
eq9s4HU0dy4,3.0022,109.0,107.04,48.07,2.0262,0.976,98.95
3iuiHAw1TZM,2.5297,88.34,130.58,44.57,0.7364,1.7934,32.26
Mj6fJHB8dQA,1.988,125.48,179.59,46.25,0.268,1.72,-63.41
iM1n4Hcwnp0,1.988,125.48,179.59,46.25,0.268,1.72,-63.41
mKV_ccnazMU,1.988,125.48,179.59,46.25,0.268,1.72,-63.41
Oz9-v2i9xNY,1.988,125.48,179.59,46.25,0.268,1.72,-63.41
fElGatnu1-s,1.988,125.48,179.59,46.25,0.268,1.72,-63.41
v7_-poPb2Co,1.988,125.48,179.59,46.25,0.268,1.72,-63.41
8OgHGK0QwJ0,1.988,125.48,179.59,46.25,0.268,1.72,-63.41
RDP4LOqwNyw,2.6203,60.32,89.49,25.97,2.1402,0.4801,-15.99
ZE3g0Y--xNk,2.8008,60.22,210.95,39.22,3.3047,-0.504,1.42
xhda4Q-tXNs,0.7928,77.99,155.31,24.76,2.5741,-1.7813,17.63
l94dQw6X2P8,0.1192,32.27,168.72,22.01,0.4277,-0.3086,-54.42
fk2R1-7_UvA,1.6816,27.76,171.54,36.75,2.2189,-0.5373,-42.04
_tbRtgc7eKg,1.0966,68.77,162.48,28.11,1.8788,-0.7822,-17.93
DC7JUNOyrAk,2.0411,2.08,150.64,9.08,2.4588,-0.4177,-42.36
NC70t09pBZQ,2.6763,85.46,192.58,41.63,2.5728,0.1035,55.25
7oR4HbfWbaY,3.6358,72.83,107.54,42.41,2.8343,0.8014,15.94
Q8yqlUHkwmI,1.8825,46.09,146.82,50.9,2.613,-0.7305,-1.37
9Ei4YxDjfKs,3.2731,129.29,108.37,27.95,1.4334,1.8397,32.95
qwsUzOecftw,,,,,2.3715,,
I1yAGFmjfPQ,,,,,1.2226,,
y1biBLKfZI0,2.4988,71.39,177.06,60.61,2.7688,-0.27,-47.83
s7ttMdOG-aU,3.024,84.06,198.9,36.98,2.5752,0.4488,-57.3
F1o7vjG-U20,2.997,70.68,177.84,57.76,2.6158,0.3811,-41.85
43sO1VBt3pM,1.7333,74.31,187.44,55.0,2.3441,-0.6108,-60.49
d8vpK56yHHI,2.713,113.48,109.78,27.03,2.3645,0.3485,43.9
EgNSHTgzn-o,1.1914,173.81,112.03,26.25,1.6447,-0.4533,29.73
Ye31o4ZdIxE,1.0659,53.19,175.38,45.73,2.4063,-1.3405,30.46
ncRJ2k_Q-e4,3.1503,62.1,130.66,23.89,1.6232,1.5271,43.2
Mh6DbgnTjbE,2.6774,60.53,176.29,45.06,2.2208,0.4566,34.54
QtxspldUjZQ,2.447,142.0,120.69,22.44,2.0749,0.3721,0.81
RM-S7aFJORI,2.6473,132.1,172.52,53.0,1.59,1.0572,22.6
7JL7G6dzpYQ,2.789,30.09,166.09,43.74,1.7286,1.0604,9.39
RUf7W6fVB2Y,3.0909,50.6,205.78,18.34,1.9955,1.0954,14.67
SAO15yYdRFg,2.5631,104.87,145.83,54.53,2.5587,0.0045,-27.23
RF6_ZPUVVFs,-0.0,20.4,146.99,14.17,3.0767,-3.0767,-40.31
2u69VsTNG8o,0.9921,52.27,90.99,2.19,3.5277,-2.5357,-9.65
ZhIKLzxzgmw,,,,,3.2512,,
urPF2LwGgSQ,1.0631,106.23,51.39,3.67,2.5549,-1.4918,59.44
I1jjIhrnouY,1.2772,58.15,54.21,6.42,2.4063,-1.129,-52.63
Eog0xtoH_-c,,,,,2.2355,,
EVVpITeNpp0,,,,,2.7651,,
a2xt5kCAmHk,3.4119,93.92,88.67,31.7,3.4313,-0.0195,1.82
DdaBmbRP2Pk,,,,,3.6015,,
1yQxT2xxlFw,3.4252,146.9,66.67,41.04,3.4948,-0.0696,45.68
zcD4ELaI9XI,2.6606,204.2,134.04,44.79,2.6147,0.0459,79.48
ehs2A3QIULU,2.5159,202.11,138.4,45.1,3.4836,-0.9677,108.63
QlMYK845mIg,2.6976,201.51,137.87,48.72,1.3512,1.3465,131.53
lz9_6T0K9X0,2.6822,120.24,132.5,47.77,3.0758,-0.3936,-11.33
4VNLkZuumaE,1.8539,99.1,143.93,23.06,2.1203,-0.2664,12.47
NWV7Kx4XYQE,3.5482,121.62,118.96,46.48,3.5793,-0.0311,69.61
485v5rHRS7w,3.5361,120.68,129.17,41.07,3.4942,0.0419,2.41
VMt9EsqMwhE,3.5361,120.68,129.17,41.07,3.4942,0.0419,2.41
NBlUuD5H6tk,3.3059,64.82,74.14,18.84,3.3899,-0.084,0.53
zLQXyKjQLoM,2.7428,52.88,46.71,14.65,1.0067,1.7361,-31.92
-EbXNmJxQjw,3.2361,44.75,99.17,21.53,2.7426,0.4935,-64.04
yepRhBQykBU,2.7557,62.58,77.85,13.31,2.372,0.3837,-60.23
qhEUsSdx8oA,2.8657,44.92,96.96,18.16,2.4128,0.4529,6.98
NopUItF6fSw,3.2346,89.85,109.35,29.86,2.4726,0.762,-6.87
BiY6PF-egik,2.8585,53.22,146.96,27.98,2.8831,-0.0246,15.76
Tv1wB3S_pHU,2.7365,120.75,96.56,32.1,3.0592,-0.3226,29.86
9gGJpa4YlD4,3.2179,83.96,90.42,32.67,2.7811,0.4368,-27.32
aVzIJklYrQc,3.2441,129.52,97.51,38.54,2.9898,0.2542,3.53
PFcdNtbpP4E,2.9968,105.39,99.78,35.74,2.2781,0.7186,-13.65
EIHjAduvSgg,3.0491,118.92,94.04,34.69,2.7034,0.3457,12.4
AYa4kiVWlgE,2.0949,145.5,150.07,28.74,1.3524,0.7424,-41.77
4I9O4V_Xf6w,2.3638,120.66,119.05,49.49,2.446,-0.0822,-15.82
oYjgb6X0yQU,3.1479,84.53,78.31,42.65,2.9109,0.2371,-30.81
zpI2bfjTQps,2.9551,97.12,93.28,24.25,2.526,0.4291,-32.85
8IFLNUHGaHI,3.2743,90.35,105.8,35.05,2.2061,1.0682,17.27
fr-tR8QwKKs,3.1725,198.42,148.3,29.96,3.1969,-0.0244,40.91
EbSNWQyPMGc,3.2354,82.52,98.06,27.32,2.0022,1.2332,4.43
OWUuX0K7iFc,3.3828,208.57,129.62,50.51,2.7014,0.6814,71.65
LGW4P_RjQUc,2.4887,141.15,136.38,35.3,2.2005,0.2882,4.32
MjPKbBtiXaU,3.7669,80.99,99.3,44.03,3.2485,0.5184,7.93
aFzoH6VEZOM,3.3258,126.05,94.73,45.61,2.9928,0.333,14.92
kYJetTM5Mgo,3.5116,111.21,101.52,41.36,3.0755,0.4361,-10.62
FQeyQ782oo4,2.7973,123.27,125.91,46.91,2.6122,0.1851,-1.99
IewFgIbGWM4,3.3112,94.74,124.81,47.97,2.5861,0.7251,3.97
Djdr9h3gRRk,0.0,0.0,191.65,-0.0,2.7067,-2.7067,-25.34
0E4lval4t70,0.0,0.0,81.17,-0.0,2.9876,-2.9876,-45.04
-hy-wan4vG4,1.273,103.8,147.54,39.96,1.7155,-0.4425,2.66
EhYc87lDONQ,3.5022,155.61,82.84,40.47,2.3582,1.144,120.1
uny2eTyO5bI,3.3934,135.08,115.69,39.33,2.318,1.0754,79.28
VTD-CEpWdpE,3.4922,159.13,88.39,35.03,2.4116,1.0806,123.34
LmZO3ZgZza8,3.5176,143.84,80.26,36.01,2.5114,1.0062,99.67
DidjbSz6n80,3.5038,151.62,82.46,38.59,2.8485,0.6554,113.98
-L85uy7PZWQ,3.46,143.61,95.71,34.57,1.4181,2.042,128.85
IbM4HhsjH9E,3.4434,110.96,89.29,30.38,1.6851,1.7582,51.13
ESDMlJPELlU,3.4933,152.13,82.1,33.49,3.0012,0.492,107.39
8gJxKU4d6ls,3.6264,154.23,78.6,42.82,1.7941,1.8323,102.89
RNUTZYdVt-g,3.4643,149.01,83.15,33.18,2.7938,0.6705,121.06
AjjlaFzHZrc,0.8668,2.09,188.04,13.1,0.3674,0.4994,-177.67
sCmqSdmDJZM,0.0,0.02,179.84,0.98,1.0653,-1.0653,-171.52
nvlTFGSvc6o,2.7506,4.54,58.19,14.66,3.1666,-0.416,-16.06
JV8ggH_S_io,0.1781,112.28,133.69,13.27,1.3917,-1.2136,12.17
Uz9JXI96vps,1.7568,20.39,218.95,13.57,3.2648,-1.508,-8.11
YgbnaDhKxAI,2.9964,63.44,226.15,60.85,3.2469,-0.2504,32.23
gzK_F5390pc,2.0874,84.69,108.48,23.78,1.65,0.4374,4.65
Rkk2MWWzUG0,1.3848,80.74,229.56,27.25,2.6745,-1.2897,31.14
yKzln42zz4Q,3.4106,78.24,95.15,57.21,2.8901,0.5205,16.29
HHpvm0udBkU,1.4217,18.71,81.12,22.11,1.2437,0.178,-34.95
kFJ-ONDt_Do,2.5497,2.61,76.6,6.22,2.6958,-0.1461,-52.64
SzkwV3LLQq0,1.7499,113.04,204.05,27.33,3.3539,-1.604,28.32
3Fy0wG-XoA0,2.6502,92.97,161.58,31.03,3.0148,-0.3646,-0.63
8HiZnyNen9s,2.9326,33.51,107.71,37.44,2.3956,0.537,-51.88
6BjMNkCoXWU,1.0147,55.35,200.38,33.17,2.2701,-1.2554,-46.17
CrOvii1vgpE,1.5402,68.48,91.89,18.84,2.2999,-0.7597,-19.59
aggkBxQ9JsA,2.4206,24.54,160.49,56.97,1.4168,1.0038,-98.71
GTNdKhNUrc4,2.9353,88.18,101.52,30.1,1.8578,1.0775,-26.59
5vEWioUuDPY,2.8545,123.18,112.22,45.87,2.3133,0.5413,83.05
23iILZmAcnQ,3.2783,74.52,88.24,48.03,1.7671,1.5112,-84.47
gW-_9ShdBKI,1.1264,75.86,129.05,16.79,1.8934,-0.7671,-9.94
mvZSV9d45fo,1.7878,134.92,100.13,21.15,2.3665,-0.5787,-34.72
Tk3gGr4YQvQ,2.6492,134.47,156.21,25.72,2.8995,-0.2503,42.92
wGgWr4_ZBdo,3.6237,133.45,101.66,43.77,3.3716,0.2521,107.03
_Rv75eB0-jo,,,,,2.8402,,
MqvQA7FZRIc,,,,,2.7221,,
EzFDgoFjbHs,,,,,2.8349,,
fPkAOqy_pm8,3.4056,90.43,137.44,43.66,3.5855,-0.1799,64.64
A8tYROh42aI,3.1049,149.52,164.4,53.08,2.6006,0.5043,59.3
qNhCOMEgcJM,3.0467,112.89,172.32,41.93,2.3037,0.743,40.34
YWq70aStq8E,3.2098,123.81,161.07,44.01,2.6487,0.5612,16.83
CS9vNd8zpgU,2.8552,73.47,145.43,28.78,2.6404,0.2148,-9.16
eT83Xd0aV-c,2.7452,72.29,147.28,28.62,2.902,-0.1568,2.79
ofYap0rS6rw,2.6422,85.3,145.39,28.59,2.588,0.0542,14.8
twAeLY6zXeU,2.5092,70.81,133.9,31.67,2.38,0.1292,-3.3
PuTGfJE07Rs,1.8235,51.97,200.15,19.86,2.8595,-1.0361,14.87
uEd42LI-ey0,1.8335,52.28,200.02,19.85,2.8596,-1.0261,15.15
7JxX42BV5wg,1.8273,52.01,200.15,19.84,2.8596,-1.0323,14.88
eRUDGMg4aZs,1.8304,52.1,200.11,19.84,2.8596,-1.0291,14.97
nCMcVdRdFZg,1.8201,51.78,200.27,19.84,2.8596,-1.0394,14.65
SV1EfWU0YUg,1.8272,52.01,200.15,19.84,2.8596,-1.0323,14.88
CeWNOUWFmwc,0.6533,112.61,163.01,25.26,1.5329,-0.8797,-10.51
_I8Dw_5zdfY,1.3472,116.7,146.46,14.33,1.3323,0.0149,-13.65
5N4Du0W-xqU,3.0771,126.19,176.74,49.73,3.3513,-0.2742,41.29
_GHc2jP2uW4,1.7721,111.81,228.34,17.84,2.585,-0.8129,11.11
JTyFPWNqNhc,2.3067,146.7,193.86,23.43,3.0061,-0.6995,40.53
EasuQ0Oh8EI,0.8678,154.35,249.02,4.45,2.5176,-1.6498,64.02
zmRCQBIjTLU,2.2766,150.98,199.33,15.36,2.7193,-0.4426,16.13
jIXjHy7qD5s,2.2898,139.61,223.62,24.05,3.4377,-1.1479,41.87
RsrfYwbg7XM,2.6471,137.03,173.74,23.66,3.0459,-0.3988,27.6
vGEErxRMNvo,2.7339,178.83,197.31,27.17,3.2441,-0.5103,18.5
uc7N4vF-_wU,1.0107,107.04,231.1,14.95,2.8431,-1.8324,44.53
xRFaDX7KYl4,2.9181,125.04,185.75,32.52,2.447,0.4711,19.02
uG-Lp1HSOE8,3.304,173.58,137.16,37.83,2.6511,0.6529,65.31
LJJcU2YVbd8,2.3223,197.42,133.54,42.0,1.3329,0.9894,3.66
NlXJnQHR1h4,2.2112,210.42,149.56,21.65,1.4949,0.7162,63.49
OwplQUTED9Y,1.9743,69.91,128.48,13.67,1.7669,0.2075,1.5
lvXM7U_KxIc,2.589,108.39,135.67,26.15,2.6133,-0.0243,-3.96
p4zYqwmXBXY,1.3135,18.49,154.13,8.62,0.0,1.3135,18.48
cuTRsDWYAqA,2.0111,99.91,143.14,17.87,2.1359,-0.1248,21.93
WLFmfP48hZc,2.7617,65.83,136.53,33.58,2.7958,-0.0341,4.86
YYFgiqT0ljg,1.648,95.71,139.15,44.97,1.388,0.2601,-8.42
SuNtRD0N4Ow,2.4096,58.69,183.4,37.45,2.3446,0.065,24.99
AaLkFrfjOOQ,1.288,86.83,134.81,11.0,1.2705,0.0175,21.86
YvvUZUjQWsg,1.7602,58.41,185.69,11.33,2.2112,-0.4509,23.83
_bRm9OWQ1rk,2.3578,74.29,204.92,26.63,1.96,0.3978,42.86
uG-bLumxZOE,2.2593,105.77,110.57,39.64,1.4093,0.85,26.07
ZzZldXJtL68,2.1535,46.26,174.03,41.35,2.1838,-0.0303,23.23
XFDMqpQ5IF8,2.8745,62.48,90.3,45.39,2.2728,0.6017,36.9
GkVj1b0wb3M,3.4344,143.63,77.42,37.7,2.4351,0.9993,39.52
o_yS-adfydY,2.3989,59.15,91.05,24.29,2.1874,0.2116,46.75
3Y0Zd1I_WJg,2.9494,103.89,146.04,47.35,3.035,-0.0856,40.14
gJoUrdYMuJI,,,,,1.2326,,
e7qQeKg7Ejc,,,,,1.677,,
DfTMUOCXYJc,1.7511,53.99,120.86,10.28,2.128,-0.3768,16.41
WvRZ1nrTEkQ,,,,,2.3439,,
6iPuPgOBFnU,0.0,3.44,229.01,7.78,1.2893,-1.2893,-16.09
0F4t5oXUocA,1.1586,33.39,153.65,62.62,0.9539,0.2047,-6.44
xHMdGGCQoA4,0.0489,7.17,200.07,24.75,1.3179,-1.2689,-47.34
fMKuRZMyeN4,,,,,3.074,,
yn4aMWcUtmk,1.5424,0.37,215.7,2.98,0.3604,1.182,-8.48
3yJUfwTMBxI,2.7315,88.27,127.53,24.07,2.8062,-0.0747,34.32
tTX4OCo_jJ0,1.4692,64.66,181.43,18.62,1.6934,-0.2242,18.72
ktIMTX8LWSI,3.0424,127.19,122.98,45.89,2.2281,0.8143,34.24
LRPajtosxGU,2.5062,177.41,101.64,19.24,2.6736,-0.1673,69.17
da63vbVQdJw,3.0164,98.14,106.13,33.25,3.3414,-0.325,20.22
3_aq8-FH3xk,3.2003,131.64,117.49,34.55,3.3719,-0.1716,70.24
xD8_UOScOIc,3.3559,116.15,111.7,38.81,2.763,0.5929,67.56
odbdm5RnH8Y,2.8967,139.17,142.76,30.12,1.9855,0.9112,46.85
7QqGmf7JUPM,1.3475,64.7,139.46,25.12,1.8779,-0.5304,-38.24
upaEZdsyUjA,3.374,86.81,140.54,47.32,2.6949,0.6791,34.45
D1zWRhOzcaA,2.8424,106.28,163.85,29.84,2.2703,0.572,15.12
g1G0Xokzg7k,2.7099,146.84,121.14,28.31,1.8407,0.8692,43.64
dgMPcmp0fgg,1.6826,69.69,240.85,7.59,1.898,-0.2154,17.76
bLKvlsbiuBM,3.1474,162.5,128.22,55.99,1.5327,1.6147,10.49
ZurommnljLM,3.1024,148.65,123.52,34.91,1.8646,1.2378,61.3
976hPTCaxsg,3.5715,138.44,77.12,31.42,2.0645,1.507,7.15
qW8QxOKLiVI,3.5466,140.31,81.06,30.59,2.1941,1.3525,26.31
R1zZOIShsZY,3.6724,114.12,89.7,31.22,3.0981,0.5743,-7.81
3PfXNUbPQq4,3.4717,142.11,81.31,29.61,2.9303,0.5414,32.88
uAg4F4vmS5Q,3.6907,131.83,87.44,39.25,2.739,0.9517,32.41
e6KvwJVA_nw,3.84,117.44,76.07,34.23,2.8968,0.9431,-9.43
nUjmj7HJcXg,3.6536,135.08,71.05,39.03,3.2019,0.4517,0.29
suuWqUG6BoE,3.6546,125.67,74.88,36.35,2.4168,1.2379,-6.99
wm-dCj0ZXH0,1.4792,39.67,186.67,28.01,2.5902,-1.1111,-40.16
EGLEw4SlAtA,2.31,132.07,106.26,38.16,1.0051,1.3049,23.82
HIN0nSvmrPM,2.6367,91.35,143.0,42.59,3.2259,-0.5892,3.83
QbOVj_nLZTA,2.6986,72.95,189.17,19.44,2.5849,0.1137,-1.16
LeGxecPkf_M,2.8203,70.84,169.62,21.38,2.9752,-0.155,-61.37
ao-cJ6P8vLQ,2.8155,87.15,105.66,22.17,2.2874,0.5281,-25.93
wQ4-veY8OgU,1.0684,37.99,166.21,4.47,2.0481,-0.9797,-23.08
gBFfeLQtfQ8,,,,,2.7624,,
rF6jTkR_pOw,,,,,2.9779,,
HxeqSf8_Oto,,,,,3.3117,,
yjAp1keRxjU,,,,,2.4224,,
8QvbD7CYq54,,,,,2.8647,,
-PUqlbyKGYI,,,,,2.3517,,
4jIIdeJ0tyk,,,,,2.1902,,
L-06VgkXOt0,,,,,2.7407,,
UDcxIm9dtOc,3.0892,76.69,129.94,28.55,1.7019,1.3874,-17.48
Xeo6JyAxGNs,,,,,2.4962,,
wEelQS_MGJ0,0.0,9.9,146.41,7.46,2.9533,-2.9533,-6.54
yXLzuot4ghA,,,,,2.4546,,
IHdnCnuL-BU,,,,,1.9423,,
QcVB1_m2zVQ,,,,,1.9566,,
5GDwKxcMKMQ,1.7382,53.82,176.19,54.43,1.5248,0.2134,49.0
X07Jz_VpKyI,1.738,167.31,174.43,33.56,0.8021,0.9358,82.49
ygqifwGjaJ0,1.738,167.31,174.43,33.56,0.8021,0.9358,82.49
86UL6XN5D-A,2.6848,152.4,89.91,19.79,2.406,0.2788,20.96
Ns7ydIh7Zu4,3.0864,115.63,108.8,28.04,2.5526,0.5338,-42.6
pI4L8errrII,1.1138,26.53,90.9,11.26,1.1144,-0.0006,-13.2
jAfXjhKuOhk,3.0786,20.73,129.62,27.34,3.1723,-0.0937,-22.4
AzPV9jPItJQ,2.4733,45.18,84.11,41.41,2.1224,0.3509,-11.63
AZtIpF2U2YA,3.1025,120.33,110.38,27.78,2.7083,0.3942,22.34
VozRLpCLVaA,2.9555,77.37,113.26,22.3,2.8612,0.0943,-10.31
7WQssRRzLTI,3.1051,111.88,99.62,30.99,1.9847,1.1204,92.49
vNK37jO8VvI,2.6806,68.02,79.22,18.55,2.5487,0.1318,50.06
JctAEw4mj3Y,2.3287,150.36,112.31,17.95,1.1476,1.1812,-39.07
O4ImvEzA5lA,3.5035,135.31,116.88,35.4,3.126,0.3775,7.07
ffxkzXexIy8,2.7231,141.58,176.74,63.1,2.675,0.0481,59.67
k2et6H2IagI,3.2012,142.92,118.96,62.46,3.406,-0.2048,59.52
UKmsPHvhKtY,1.4357,98.73,83.64,24.32,2.4609,-1.0252,-69.65
ySAjyM-gNhE,0.2298,17.23,106.84,15.62,2.202,-1.9722,-84.08
Ghn4fv5HDss,1.6498,62.72,190.52,42.56,2.4209,-0.771,-3.56
velkFV2ki4g,0.8586,59.8,112.8,19.01,2.2858,-1.4272,-31.24
9updvwo-e-U,1.4496,54.3,182.25,44.34,2.3117,-0.8621,-46.76
6x3L9lqA2Dk,3.1827,157.14,85.7,36.92,2.3671,0.8156,97.34
rzFDo782sng,2.1476,104.87,199.54,36.76,2.6414,-0.4939,41.89
9m-7gVsmCk8,2.0307,79.11,197.0,48.81,2.7728,-0.742,15.01
xkqwJuzldNs,2.0827,45.19,176.51,41.13,2.878,-0.7953,-17.28
arsg5QSMLrg,3.2388,51.59,187.96,38.99,0.4463,2.7925,37.32
TT5HKfxc6-w,2.5068,18.82,77.0,26.15,2.7223,-0.2155,-47.55
Xe6YRoLf58Y,2.1394,58.84,106.45,25.19,2.0223,0.1171,-51.63
Mwm7QCiaBvM,1.0839,116.7,163.98,33.98,0.8865,0.1974,-62.78
0FC0rMQLYU0,0.0139,8.92,88.45,14.69,0.0989,-0.0851,-5.92
Zbz54gnge2s,2.5863,51.43,85.83,48.12,2.889,-0.3028,-55.51
LrKM1lyk8Bo,2.6848,22.43,101.81,36.45,2.0956,0.5892,-37.15
2ZGRiKWFE1k,,,,,1.7373,,
Fk_wVp6LDuU,2.412,37.12,118.08,15.46,2.1507,0.2612,12.05
yx-tV4k3J88,3.2856,33.74,129.47,46.34,3.2968,-0.0112,-39.78
8PdWBmudVHM,2.1426,100.14,178.82,31.93,2.9051,-0.7626,77.52
oGZezZZC6Ag,,,,,1.733,,
q9wMwPo1h0A,2.2548,112.74,200.88,33.74,3.6319,-1.3771,56.9
TZDthnXSbr0,1.6504,93.25,177.96,24.81,2.2019,-0.5515,14.57
K5PGvfXzUkA,2.8757,29.48,112.42,52.34,2.8815,-0.0059,-17.21
pZYwm2w50kk,3.5396,84.08,104.08,31.62,3.5236,0.016,-3.34
-1hYgRYBVjQ,3.4152,61.17,106.1,25.89,3.4366,-0.0214,-13.65
lx35_13YfMk,0.0523,124.16,211.22,20.81,0.4463,-0.394,-7.83
y2kNBBdAoyM,1.3375,67.32,157.04,20.05,3.1546,-1.8171,-16.05
Ofd05F8j6RA,0.9766,108.36,213.3,29.16,0.5175,0.4591,-15.3
wAJEXkCGMkg,3.8673,87.47,112.93,46.92,3.8224,0.0449,-31.46
N8KhVmoaipw,1.8489,114.8,182.68,21.0,3.242,-1.3931,61.06
q1giviTXx5I,0.0,0.0,157.46,-0.0,1.8935,-1.8935,-0.01
dpl2Y0VbBfw,1.5178,51.05,192.35,36.29,2.8964,-1.3785,21.57
FyM7St8M8po,1.4629,37.12,113.66,73.22,2.97,-1.5071,-0.83
LZuJM7XToQk,2.4324,40.32,130.94,22.79,1.3325,1.0999,7.74
pQ2324gKVF4,1.6219,22.42,181.38,19.4,0.9825,0.6393,-2.0
kNUcA4GwjHE,1.5889,84.19,191.13,22.6,2.5567,-0.9678,47.54
2SahAGyp3Us,3.2228,30.59,143.09,31.94,2.7437,0.4791,0.99
hUM3ZtsQbPE,2.7449,39.74,145.79,26.28,2.761,-0.0161,2.46
3H30jOgM3Es,1.8179,43.5,128.87,40.84,3.1403,-1.3224,-2.18
7_HLtg0kzHc,3.4823,162.61,127.04,39.22,2.1164,1.3658,77.66
Zc4UDPpJ2hI,3.4712,157.2,126.45,41.06,2.6714,0.7998,51.17
CwwrwC1HJkw,3.4699,160.85,125.88,42.55,2.3334,1.1365,90.81
rhrZdsSVTbs,3.5397,165.29,122.05,43.14,2.5114,1.0283,65.48
hm-bRI2ypGY,3.4933,153.54,122.29,45.95,2.752,0.7414,59.94
VYdjrymQ_9o,3.3924,151.01,117.95,40.52,2.4122,0.9803,85.3
6aGlg0ZHXmo,3.4901,164.7,116.51,48.06,2.7385,0.7516,60.7
YnUaDA8PZVs,3.4629,161.93,125.36,39.94,2.1,1.3628,48.42
fQslBC__AKE,3.6476,156.27,108.1,52.02,2.0768,1.5708,25.42
beyHFVRhb5g,2.5821,122.24,163.11,33.94,1.7972,0.7849,19.03
ehGsILRg5ig,0.2045,47.45,189.82,41.15,0.4612,-0.2567,-27.67
dhamtyK_z9U,2.5077,76.44,144.66,22.44,2.0264,0.4812,2.31
Ht3-ZoIpmhI,2.4314,163.94,195.52,60.05,1.6392,0.7922,40.03
494WHeEx7cM,1.825,93.1,85.56,37.09,2.7549,-0.9299,18.55
mVPpqin1VDM,,,,,1.908,,
jvxLb6DtwQE,2.6194,77.89,101.35,29.81,2.3142,0.3052,17.87
7kTVs-cH5Y4,2.2097,65.57,174.34,33.28,2.063,0.1466,-13.64
dld2Q2Uc0Lo,3.0928,88.52,94.08,52.74,2.3331,0.7597,-1.23
WW4pYw3MI7g,0.0,0.0,225.75,-0.0,0.3385,-0.3385,-0.2
4P0uK4gAMUE,2.0013,84.29,139.04,51.44,2.1684,-0.1671,23.0
M-Z5YcY7btk,2.1805,70.17,117.49,41.45,2.2132,-0.0327,-3.92
kFDXnhFbq0E,2.2565,56.14,130.07,49.61,2.3648,-0.1082,-9.13
-aKcsxclbVA,2.1936,57.88,127.21,50.01,2.5723,-0.3787,-10.92
kfN6g4ig_7I,2.8392,70.76,113.85,47.73,2.8145,0.0246,-12.65
31yAAJV2Zvo,2.3432,55.73,122.94,59.85,2.44,-0.0969,-4.62
byqZwjw3aVQ,2.3926,55.02,111.07,39.28,2.5154,-0.1228,-11.09
GG84Pw3Bqv4,2.6204,57.19,112.87,40.9,2.4307,0.1898,-22.18
7C0Km8Hqxuo,2.0219,65.79,130.22,36.61,2.3569,-0.335,-11.95
f0WolR2C7qM,2.2481,115.68,172.73,60.4,1.7561,0.492,29.93
3SSW_brXjHQ,1.1143,103.25,130.19,11.07,1.9964,-0.8821,60.26
kMH2X45N14o,3.4455,163.69,128.27,47.02,2.7088,0.7367,68.39
t896jzs3tS8,3.4845,167.84,127.26,41.05,3.0311,0.4533,41.5
wVS712NaVa8,3.2579,166.68,131.76,36.74,2.7529,0.505,79.72
_cHGtZN7mfM,3.6294,164.98,118.28,46.99,2.8587,0.7707,53.49
Q3nGw3jDsIc,3.6183,131.71,117.09,43.05,2.4376,1.1807,29.34
oY6Gj3pXQN8,3.5082,155.68,115.36,39.71,2.9644,0.5438,53.02
OIZIt3FzLaY,3.3913,165.01,124.33,33.07,2.9347,0.4566,50.72
vJtU0leGrzw,3.1639,156.95,112.1,42.82,2.3257,0.8382,10.85
uqtXdUkSme0,3.0621,198.08,143.93,57.22,2.9459,0.1162,121.3
Io3SOSVqqqg,3.0675,136.89,160.16,39.2,2.4386,0.629,-8.62
OZLogcNrq5A,3.0934,92.71,150.87,34.73,2.8538,0.2396,-13.93
nH0H7niEBsc,3.2061,79.9,133.98,38.61,3.5742,-0.3681,20.2
1-IbTKRB25I,3.2234,120.53,154.69,39.92,2.5456,0.6778,-21.4
jYLTDnXrzTA,2.3049,112.77,154.61,38.52,1.2192,1.0857,-34.61
fkdUxJapi8Q,,,,,2.5249,,
j1J5Lc-usyI,2.5007,12.44,190.53,24.16,2.6377,-0.137,-29.76
u1Oej6MLumI,0.8302,131.3,181.9,10.62,1.0705,-0.2403,41.55
Ogqf2kepodk,1.2554,47.94,218.96,12.98,0.9827,0.2727,25.8
8Vw8tBr-YTQ,2.8738,39.65,200.78,21.45,2.1913,0.6825,-32.92
VdMB5uuFEK4,1.4324,89.48,207.11,13.61,1.7628,-0.3304,-38.27
2o7vswPvyOU,1.6954,153.37,199.49,9.58,2.0066,-0.3112,99.86
uS7PVJ2Ag0Y,2.6182,52.54,178.08,17.59,2.7843,-0.166,10.12
z8dRKeY_vo4,1.2618,28.52,197.85,26.58,1.8166,-0.5547,-69.63
dZwVoJ6EcAY,1.9263,114.37,189.25,22.78,1.3909,0.5354,48.39
chSmbTdywVk,2.8103,122.75,170.92,25.4,2.9789,-0.1686,48.54
sp1tjJDqSuU,2.7317,46.59,130.55,29.81,2.1829,0.5488,-20.48
4q1dSwdTpRw,1.4181,42.58,213.07,8.08,0.5544,0.8638,-5.45
p1kd_IPRI5M,3.2245,174.23,99.33,50.32,2.9728,0.2517,39.45
Ea1jfUDxvHM,3.3688,199.06,92.81,46.51,2.8187,0.5501,154.16
wigJBPerPAA,2.8314,166.41,90.85,29.03,3.1384,-0.3069,85.39
44S19mbzaVA,1.6424,89.11,153.39,44.01,1.7039,-0.0615,-37.33
tw6rDaAimXY,2.6838,92.91,160.57,46.85,2.711,-0.0272,-4.99
2NfgDzUapbA,2.5574,105.87,133.72,49.54,2.7531,-0.1956,-20.28
Xh3iAFaWmrg,0.225,131.97,171.98,1.13,1.4646,-1.2397,31.22
qjlGIq5yy9s,2.4631,170.24,119.11,24.07,1.639,0.8241,66.0
36IdooTxPB4,2.2715,89.06,100.23,15.58,2.4293,-0.1578,-0.84
4UJfn5wwZQE,2.1575,176.96,51.31,18.6,2.3508,-0.1933,92.59
CapdqAygdAk,2.3807,109.31,43.31,31.45,2.5172,-0.1365,60.25
wMx-_t4nKEo,2.9007,147.94,120.24,25.44,1.9922,0.9085,56.21
R_H6G-V6ulc,,,,,2.0828,,
wQwkSHKKo1A,2.6656,69.74,90.2,19.48,2.3522,0.3134,10.34
FYznOioaUfc,3.5717,122.23,85.27,34.84,2.3425,1.2292,83.23
U0W2GtIsRmI,3.574,124.61,84.66,32.68,2.0917,1.4822,49.09
8VUJ56Y4qKM,2.5983,126.16,121.54,18.92,1.9119,0.6864,60.77
Eym1OlL0Bz4,2.6926,118.74,109.71,24.74,2.7331,-0.0405,68.49
wkUd5P4bng8,3.1617,106.06,140.73,50.73,2.5621,0.5996,27.26
dewRK-bnIdo,2.2635,163.78,162.37,24.04,2.0424,0.2211,47.26
xgkC63Qw7Ho,1.6689,116.84,133.57,36.25,0.4723,1.1965,19.58
SKND93OyO0A,2.6209,122.73,133.42,34.22,2.6802,-0.0594,7.91
iUZURG1f0yY,2.1698,74.0,100.99,20.73,1.265,0.9048,-60.33
dFmvlTkHb7c,2.2108,140.31,150.32,13.52,1.2507,0.9601,53.66
-2rOvVyILhQ,3.4205,132.31,112.38,69.65,2.6857,0.7348,78.66
o-WOi6ZoI7Q,1.5457,102.62,206.63,20.89,3.2495,-1.7038,58.96
c38DKTueYtg,3.1295,90.85,97.91,27.83,2.8016,0.3279,29.25
OCRYjwBdJfo,1.5186,40.32,142.29,39.72,2.3641,-0.8456,11.11
VcsBy_OwGcE,2.3845,74.63,182.09,36.19,1.8987,0.4858,-28.04
CeNwJLU-cKg,2.2104,93.99,173.9,35.57,1.7031,0.5074,7.66
aIvK1TACCWI,2.5301,110.33,182.45,33.94,2.7642,-0.2341,36.82
ArIQzqlzdAE,3.0992,202.61,89.65,38.48,1.5962,1.503,53.67
-X5iyKvTYu4,3.4517,162.16,100.25,35.77,2.9869,0.4648,35.06
-8J0M6P9q8U,3.3041,172.56,85.67,44.13,2.8925,0.4116,63.52
E-44Z5mWhiI,2.7008,179.94,110.29,21.69,0.9632,1.7376,94.91
UrAkWlbA-nY,3.2256,173.29,113.7,40.56,2.7251,0.5006,58.53
cXaGj3lNof8,3.3873,162.72,97.68,43.53,2.3963,0.9909,90.71
Cmy0qRFdoRI,2.5845,157.62,103.66,20.29,1.5127,1.0718,42.64
kkr8y6BYPEk,3.3669,163.35,96.88,31.54,2.5669,0.7999,41.78
kza_oeTSZuk,3.1543,161.99,79.58,62.68,2.2137,0.9406,63.11
zwAObAr7ZNM,3.0288,62.39,172.33,40.19,2.9813,0.0475,-13.23
fejv1X6-opI,2.9603,65.33,180.55,39.47,2.7516,0.2087,-25.99
ilMuOSKGMFQ,1.9608,47.71,190.38,36.83,2.3429,-0.3821,-35.62
RAjCDxzjIDc,3.0288,62.39,172.33,40.19,2.9813,0.0475,-13.23
GokilEqdujc,1.832,53.37,107.04,21.12,1.8792,-0.0472,-6.85
bE7ZqH4DE0Y,1.7945,53.41,106.4,21.14,1.8803,-0.0858,-6.84
XaCzWpF_j2Y,2.9727,128.98,176.36,24.17,3.0847,-0.112,-61.34
-h7O9Xr-nAU,2.6847,106.63,167.11,57.72,2.2912,0.3934,-16.95
yac3dckuYEU,2.0987,84.45,202.05,50.04,2.1261,-0.0274,38.2
N1oEFZS6tgA,2.3141,74.11,158.81,45.1,2.9207,-0.6066,3.91
x7EUsVcUJYU,2.502,79.05,174.51,52.94,3.5229,-1.0209,37.41
M196OYKRfCc,2.5476,127.06,168.07,47.74,2.8994,-0.3518,-8.25
BAvaJi59aok,2.2895,126.58,177.16,41.37,1.7627,0.5268,-5.49
_oFk8MEG938,2.3474,103.33,183.64,53.21,2.8731,-0.5257,55.8
Jvrf4G2JCvk,2.0351,100.59,109.83,18.26,2.5444,-0.5093,-22.2
ECX23zjCGp8,2.685,82.16,154.56,59.73,2.6973,-0.0122,24.78
5yBUUd24P9A,3.0255,33.8,99.77,25.55,2.8803,0.1452,-56.69
1chpzAPxP6o,2.3597,132.39,121.55,15.83,3.1155,-0.7558,22.1
I5_GBWIGIRk,0.9615,68.25,158.33,17.05,2.6884,-1.7269,-32.79
tZkA4d7MicY,1.0431,160.08,148.09,30.16,1.9617,-0.9186,29.66
96mbiXDcUBs,1.6792,165.79,120.96,38.47,1.878,-0.1988,-13.27
FsHI0tvzhXQ,2.6273,110.9,149.63,21.21,3.1263,-0.499,-6.21
y9PYah4YLF8,2.2503,208.13,196.3,41.14,0.8994,1.3509,-32.5
1Akz0U3e89Y,2.1948,214.16,194.76,37.89,1.5667,0.6281,6.84
fMegGhjTrV0,2.1365,199.12,201.5,40.21,1.6774,0.4591,58.32
_g0Qr-4-ZOo,2.2057,207.38,198.26,42.04,0.9502,1.2555,52.9
I0fFySsjwYY,2.2252,207.32,197.95,42.05,1.0512,1.174,34.79
5IPKYiZYx6I,2.1424,201.53,200.4,41.03,1.8886,0.2538,117.74
Gy5hbQeBQ6s,2.2363,203.06,198.86,41.36,2.4067,-0.1704,131.71
kwVxyYdBamk,2.2224,202.85,199.59,42.21,0.9109,1.3115,34.77
S7ujKMl8aGw,0.2909,163.41,252.32,3.22,1.7099,-1.419,-3.27
APjV2iixw9s,3.1779,198.57,162.47,41.85,2.1657,1.0122,146.87
4wdAYrrXjTI,3.406,214.82,169.88,51.7,2.3369,1.0691,107.01
5Y3T-OSI8Wk,3.2951,200.13,157.3,43.1,2.599,0.6961,121.71
RnHCmQfYcuw,3.0937,203.77,165.42,38.76,0.9343,2.1595,35.51
02aNi9gJNck,3.3545,204.91,160.39,40.29,2.516,0.8386,71.37
MrxLFLYGE-k,3.431,190.6,166.4,56.3,2.1544,1.2766,117.41
_9Wi3OYs4xU,2.9907,193.86,166.35,45.55,2.8561,0.1346,95.57
lRg9OmW8fwc,3.2559,223.06,163.13,52.08,2.2114,1.0445,107.11
hzze8xuswbA,3.0841,185.0,171.6,42.16,2.0637,1.0204,118.88
fAUEAk_uZSA,3.0593,181.82,166.34,33.9,0.4063,2.653,167.47
z4FC5dbIkHk,,,,,1.2145,,
xkZ179lfySA,1.8429,77.18,192.64,55.84,2.8514,-1.0085,26.41
tocg6GxgUCA,2.1881,82.89,189.78,66.94,2.5128,-0.3247,32.39
r1V9Hpvpc1Q,3.0843,53.79,167.41,38.42,1.7928,1.2915,9.79
4r41HYqMsN8,2.4763,102.15,190.72,47.61,1.9234,0.5529,53.16
YOut_eN1hOw,2.0832,110.96,195.84,13.22,2.142,-0.0588,3.68
Xk3_nOFESeM,2.3427,53.1,190.74,29.73,1.4863,0.8564,38.94
n4ZJVUEio-E,2.683,153.96,177.48,44.5,3.0241,-0.3411,112.42
bjhuSCtlgsI,2.4992,20.86,106.12,38.27,2.7181,-0.2189,-9.14
SnijXJa-epA,3.1763,126.59,147.45,41.34,2.6357,0.5405,29.38
DlCV7d2ckVs,0.7195,123.76,97.59,23.24,1.2305,-0.5109,-10.38
0nwC2zSnyqk,1.9385,34.29,174.6,38.67,1.814,0.1245,11.07
YshEhgXXVR4,0.7801,120.4,96.38,20.34,0.6758,0.1043,-30.09
aGrj4ASQjmY,3.3337,86.36,173.87,32.75,3.3384,-0.0047,58.93
6pZ_trlnAG0,3.0779,67.09,181.18,42.63,2.0271,1.0508,31.13
9VFA0557xds,2.3084,106.57,173.51,23.79,1.6498,0.6586,58.99
rMkajm1s_1o,2.5657,69.42,155.51,42.36,2.4319,0.1338,3.65
3gt7KGK3N6Y,1.6658,22.31,177.76,7.81,2.2252,-0.5594,-33.42
Z21s0OTC52w,2.6747,51.59,194.39,48.39,2.2207,0.4541,-2.4
7qDKPiWfx3Y,,,,,2.1932,,
o3xoqd8jcHI,2.6533,34.87,152.06,11.14,1.5915,1.0618,-21.09
e8xrhNZkunI,2.9975,127.36,111.13,31.27,2.1048,0.8927,81.39
52utIaMwPig,3.2042,126.8,115.8,28.59,2.6892,0.5151,76.57
5conPpQkNvk,2.3308,130.54,180.08,37.31,2.789,-0.4583,59.56
5omyyfQhtiA,2.8906,127.43,130.35,27.99,2.1124,0.7782,3.53
RMe39nyuU88,2.0297,50.64,217.4,48.78,1.5326,0.4971,16.45
CCFPkZ--kWc,0.8945,102.66,180.44,17.04,1.541,-0.6466,-21.58
_oOdPTRxMM0,3.1477,68.86,156.86,24.87,3.1174,0.0303,-14.01
h77t48YHMRs,2.7135,54.58,175.84,31.72,2.8971,-0.1836,-15.92
6HpIU92RmRw,3.0107,71.61,114.97,25.19,3.3327,-0.322,10.25
AaRtb3rnj8Y,2.5493,68.55,146.62,55.72,0.5504,1.9989,-19.81
ooa0aSFlF5k,2.9189,79.82,122.0,49.48,2.1217,0.7973,0.81
OSQCzZULGSU,3.1901,85.2,111.89,31.02,2.3574,0.8327,16.25
-t2ZV_taEU8,1.1258,167.88,171.39,30.83,1.5578,-0.432,-57.7
WPz89dR3WOM,2.6638,95.46,158.47,38.94,2.6933,-0.0295,33.16
J9v9iBq6SSg,1.3718,94.29,119.43,30.16,1.9251,-0.5533,-15.58
7WTOCB-fDJ8,2.4648,65.35,121.22,38.0,2.271,0.1939,-5.5
Ylu030n3QZ0,1.8189,45.17,115.73,21.39,2.5471,-0.7282,10.16
AWxe5VNlZ20,2.8776,61.82,126.9,27.84,2.4605,0.417,-27.53
KsOiQyJeQTY,3.1993,63.32,107.39,53.74,2.8018,0.3975,-20.38
j1U8OlLNlaw,2.1461,52.28,108.42,18.28,1.9781,0.168,-33.9
_BErGnOsW54,2.9132,36.28,114.21,25.81,2.5719,0.3413,-36.89
-7d5WTrUFVc,2.0601,39.94,121.79,22.91,1.4973,0.5628,-10.65
VUkqfR446Jg,2.7395,34.74,122.46,35.37,2.2519,0.4876,-35.06
6Xjb-Egs1X4,2.3767,54.75,101.66,32.64,2.4055,-0.0289,12.38
i0wysidlLNc,3.2364,62.11,112.97,29.77,3.1175,0.119,-31.21
dY3GNa-vNlo,2.9368,138.53,138.37,37.13,2.7812,0.1556,-16.83
bXTP611oXd4,2.8889,96.06,143.79,28.08,1.944,0.9449,10.38
ocAXcqCpYys,3.141,90.99,149.33,77.32,1.6045,1.5366,28.21
XtEbibBM0-Y,3.1106,177.76,152.83,35.94,1.6514,1.4593,-1.25
HfqrF8K3QAU,3.2778,100.37,175.29,34.21,2.4835,0.7942,55.84
Cy4ccpO2ViA,3.5521,107.86,141.29,51.84,2.7262,0.8259,62.72
qWguvXm_vNE,2.54,98.15,146.78,48.86,2.0018,0.5382,-12.54
igzmGtF0Cws,1.3676,146.95,138.78,20.23,0.9796,0.388,11.1
p-srmbLXzKg,2.7588,74.66,134.32,46.13,2.4653,0.2935,18.3
y4XxzUrhX2s,1.3689,66.37,238.52,15.56,0.9291,0.4397,12.93
iOt5nyB7zCU,1.5587,228.56,210.39,23.85,2.1997,-0.641,119.9
dvIZkbuOV2A,3.5351,187.04,108.3,43.99,3.1072,0.4279,84.89
MkJC3-EZEck,3.4225,180.29,105.42,39.29,3.2293,0.1933,76.01
oVF1dada0oI,3.6329,154.15,77.22,44.2,2.7631,0.8697,69.79
CGbRwH_pgPY,3.4675,177.98,95.62,45.14,2.383,1.0845,115.68
EkO6IRKGfB8,3.6494,180.39,90.1,53.94,1.6968,1.9525,100.41
5Jr70Q5UnFc,3.7509,166.06,98.68,44.34,2.4427,1.3082,111.9
1G7oCd6TGzI,3.7237,160.66,105.86,54.09,1.5041,2.2197,88.64
yZtt8AGJ7hU,3.6201,172.1,91.6,51.61,1.2,2.4201,133.08
GJXCHOSAcoM,3.6265,177.18,104.99,37.82,1.0865,2.54,113.26
tCTmNFsF28o,3.6934,191.55,106.07,55.95,1.0689,2.6245,69.35
bBNCzF4r2RY,1.6496,55.63,211.77,41.8,3.437,-1.7873,-18.1
FgfGgJIWIas,1.0633,43.85,222.74,21.63,1.6009,-0.5377,-19.66
8AyD7rwCV1I,2.8393,67.69,211.66,57.32,1.8659,0.9735,-67.18
F0Dk2Yw0GXY,,,,,1.8373,,
xM8t6acaDUw,2.3482,30.47,224.96,51.75,2.7095,-0.3613,-37.99
3u6FOaiIM6E,1.318,37.65,113.48,13.56,1.7314,-0.4133,-27.48
5MkekqpKb7M,,,,,2.7148,,
24T__SOl8ac,2.4447,35.15,179.35,21.04,2.0478,0.3969,-29.17
ARHvx_Ag4Kc,1.1792,18.44,215.14,25.41,1.7548,-0.5756,-44.13
2USmvnsIUsA,1.9915,55.35,161.66,23.7,2.5948,-0.6033,-12.64
3IdASaKgyb4,0.5444,75.82,196.34,12.07,1.073,-0.5286,-16.75
8MyOSMbIHuQ,0.6802,76.62,182.12,26.65,0.773,-0.0927,-10.57
ctIgN7fuI6M,0.5388,70.83,198.1,11.44,0.9257,-0.3869,-3.83
kkiRRLITEfw,0.6935,137.96,222.34,14.92,0.8773,-0.1838,-9.14
v-y-YtcK--4,0.8462,40.68,206.48,43.26,0.8967,-0.0504,-40.33
YJ1nYnC1qc4,2.7881,101.24,201.87,38.46,2.99,-0.2019,13.59
X7OtYqOl2L0,2.5336,79.6,163.35,27.1,2.5286,0.0049,10.61
YFABs5nl4Dg,1.9242,74.18,207.87,34.57,1.795,0.1292,43.31
pdGmuYWIxZ0,3.1109,88.58,188.3,43.68,2.3214,0.7894,50.46
d0IW51yBjB8,2.8508,62.69,204.2,32.51,1.5593,1.2915,48.76
sdmeZ4XJGeY,2.6729,59.94,168.29,37.19,3.1365,-0.4636,-57.6
P0krPoDYbH4,2.6446,174.96,106.71,19.48,2.2258,0.4188,62.44
EiwaH_FyD-w,2.0377,143.59,171.26,17.37,1.3078,0.7299,71.96
ixTzbJJl3nU,2.8551,118.61,172.32,24.41,2.7467,0.1084,70.75
-cJI0W89r0s,1.6778,141.67,179.89,16.99,1.7324,-0.0546,20.8
kkBRWXcwU1g,2.2516,111.87,144.74,25.17,2.7873,-0.5358,27.17
Dz-ZYhfeYXk,1.9332,142.23,148.3,14.42,2.725,-0.7918,58.24
syA3WINtx9I,2.3111,139.25,109.21,23.09,1.1741,1.137,59.33
nEL89jTQ8Dw,3.176,91.86,160.07,56.18,2.3654,0.8106,52.56
gKzap0LychQ,3.2324,128.93,162.45,39.69,3.1938,0.0386,15.26
kzbQ-TsQ76g,2.7475,69.39,153.35,43.37,2.1344,0.6131,29.45
8sQH1_5-LBI,2.9796,78.34,184.86,33.58,2.6311,0.3485,43.13
zd4SbP8IMw0,1.9896,93.67,212.13,23.44,2.0816,-0.0919,20.28
LZLr1CAwWFc,2.1632,73.89,184.67,24.66,2.2507,-0.0875,-16.44
pSSxl9VymmA,2.6438,141.52,162.83,25.99,2.2412,0.4027,42.36
PQ8Z_P0awpI,3.2875,127.74,139.75,53.14,2.0112,1.2763,35.09
pNdPSu6_j68,2.1165,97.89,150.59,44.91,1.7062,0.4103,-50.38
rYfB6q0KdfM,0.9263,69.19,208.93,46.78,1.7935,-0.8671,49.46
iq2fdky9_-4,0.9357,66.47,210.48,45.51,1.9297,-0.9939,44.96
4q5DQ0A0ahs,0.9291,67.78,209.67,47.06,2.4997,-1.5705,50.08
IZpSUo2xZK8,2.2722,146.38,82.38,13.0,2.0836,0.1886,-23.51
hl8Sg77OKSw,2.7316,36.86,113.65,56.42,2.0484,0.6832,-11.07
yzqaRX1fDQQ,1.4279,88.36,199.96,6.85,1.7275,-0.2996,13.19
50bZbttFPyg,1.2304,163.38,197.61,18.87,2.3328,-1.1024,22.75
MudYzIbX-dQ,2.788,119.48,164.63,73.37,3.4794,-0.6914,42.64
aEH3sItXtCk,3.3208,67.78,178.31,31.32,1.9677,1.3531,-25.75
JJc94BMzgWA,1.1684,94.17,111.53,7.86,1.857,-0.6886,4.56
8d6ZVPmIuHM,2.5183,76.41,104.78,66.44,2.2256,0.2928,48.33
5BpAYNM_isw,2.9446,79.54,175.64,58.19,2.6533,0.2912,4.98
g6uBLfUCSo4,2.5735,114.35,130.49,48.16,2.9287,-0.3553,-3.18
3zvDQkKaet0,2.8263,72.04,131.77,46.93,3.0846,-0.2583,-39.89
bxRmVKRyMw8,2.323,120.78,102.19,34.46,2.4228,-0.0998,23.04
0EubPvApGNk,3.274,89.62,124.42,43.96,2.8494,0.4246,-6.23
sEO9QDz0P0c,2.8102,114.95,127.48,49.07,2.9541,-0.1439,16.01
sdMsOGdXmtU,2.2231,77.63,93.41,27.42,1.9641,0.259,-1.86
1odtVb7MKHE,3.1537,93.75,89.26,26.6,3.0828,0.0708,12.94
Xto-5iK21i4,1.6946,145.46,135.24,17.87,2.0514,-0.3568,26.78
zydHdonKG5E,1.685,137.41,177.55,15.92,1.9417,-0.2567,36.22
3x-Z9g1Bexo,1.5324,146.49,131.44,17.02,2.3102,-0.7778,29.71
DPQbA6T1vfE,0.3968,34.0,216.94,25.85,2.4299,-2.0331,8.19
iDEPJAIC7UM,1.3207,3.91,178.81,12.23,1.207,0.1137,-24.7
iaHyE0e6sTc,1.032,30.74,214.48,15.45,0.6285,0.4036,27.61
ydlZfLOhXdQ,0.995,21.87,210.99,15.98,1.3003,-0.3053,-1.84
K7_Kp08fpFM,3.4362,112.96,75.13,37.24,2.9119,0.5243,55.34
2WaTvVlAqic,0.1286,11.67,180.6,14.3,0.0878,0.0408,-92.89
W91jBcfKCII,0.9252,1.94,167.21,15.28,2.1675,-1.2423,-14.44
TbYWnz-wl-w,1.5443,1.29,149.83,16.35,0.6027,0.9416,-13.93
0LaVTbvpIJw,3.2511,6.61,143.12,25.86,2.5752,0.6759,-24.68
XosshbRu8A8,2.1544,1.54,140.47,6.85,1.4274,0.7269,-28.31
d6BtdBMyGeQ,3.046,79.21,158.11,28.34,3.4301,-0.3841,-35.53
zi7aWiXsIQo,1.0063,38.66,193.52,3.02,2.4012,-1.3949,-48.81
noDnyV8k8lQ,,,,,1.6809,,
fWD5NmIn4d4,,,,,2.8265,,
lc9I2y-67Qk,2.0036,32.59,169.97,19.36,2.0913,-0.0877,-58.28
o6A8FwyIU4k,1.1276,24.35,181.09,5.46,2.2102,-1.0826,-82.62
-gsEQkSBGrk,2.5986,161.6,103.27,24.17,2.5021,0.0965,3.88
9W5IATEfzZw,3.1745,151.51,145.89,35.97,2.9192,0.2554,-6.04
75l_CqC5BDQ,3.0515,180.4,167.52,53.13,2.5495,0.502,-21.5
b8wHdcgzg7E,2.7898,191.65,140.53,28.17,2.9655,-0.1757,70.9
effCHa9pSP0,3.0191,148.74,156.03,32.15,2.6173,0.4018,-24.88
t-Ts3Avr_2Y,3.0738,112.77,143.34,58.28,2.4865,0.5873,25.13
sc_g_duy9Jg,3.1639,127.24,190.58,40.73,1.834,1.3299,-28.71
X7dvZ5HPqvw,0.0772,71.61,198.37,1.57,1.1522,-1.075,20.82
WQhYk3jRSSY,1.5418,22.32,135.45,27.82,2.0238,-0.482,3.6
BweHxIlCTqY,1.9798,132.13,166.43,15.85,1.3387,0.6411,-49.98
VH583CK4KZM,2.7718,170.45,135.44,27.48,2.0261,0.7457,15.37
Xb_6BZBlKxM,2.3567,122.44,143.46,34.97,2.126,0.2307,13.14
FU_InmRKsRA,3.416,71.16,91.24,31.82,3.6034,-0.1873,-17.6
skkQqIgc9Qc,2.8228,135.11,168.52,30.91,2.2214,0.6014,20.5
-OwapDEniw0,2.908,35.77,101.31,13.9,2.082,0.8261,-19.27
PjKPByn4zVA,,,,,2.6529,,
n1b3MMB9E6I,3.1813,171.0,126.04,55.36,2.836,0.3453,83.31
Yy5O0600YXA,2.2378,161.53,116.16,37.37,2.9481,-0.7102,94.84
-0tDZMSMuHE,3.4097,168.9,125.8,37.7,2.7682,0.6415,97.8
qkgQqHe0ekw,2.3427,158.48,114.8,43.03,2.6237,-0.281,94.0
3cUKwbn-6Oc,3.4546,162.15,139.9,42.69,3.1221,0.3325,104.78
sDfSLbKCTMw,3.1968,165.85,132.15,32.33,2.5098,0.687,92.78
bWHMgaAlHpk,3.3294,174.23,132.75,32.17,2.9642,0.3652,115.23
N2GEWOTjWWU,3.2624,157.23,134.58,34.6,2.0249,1.2375,94.4
6C8DgGzL6ew,3.3976,169.71,125.14,36.51,2.8065,0.5911,95.27
mp_jxxhNmUY,3.2921,155.9,127.59,34.65,2.698,0.594,104.45
9ARHB3f0gDo,2.004,71.9,112.62,18.1,2.2217,-0.2177,44.92
xfDCghdJkHg,2.2621,55.66,114.99,17.36,2.0243,0.2378,37.89
n1U_Ajc116s,1.9802,101.14,112.48,18.99,1.5264,0.4538,31.02
WW4v5ZHI8wE,2.5844,100.65,104.33,30.99,2.2118,0.3726,21.85
AXaxd94smu8,2.5824,58.14,115.17,29.34,2.6697,-0.0873,23.28
S-KtluVkDVk,2.8573,58.27,112.54,32.61,3.2626,-0.4054,21.42
YEcBfc7Gmo4,2.6431,68.1,116.48,26.35,2.6193,0.0238,46.56
FFsTc_K9w5A,1.9468,44.15,97.42,14.86,2.0729,-0.1261,13.34
AgDq4cZiRFY,3.2104,128.06,112.41,42.08,3.1606,0.0498,77.91
nc02MUyKVLA,2.9064,57.62,127.13,37.64,3.0053,-0.0989,23.73
bcTTd7WQFUU,2.9573,86.2,219.62,23.89,2.5913,0.366,39.1
rHhyQcBsHzY,2.576,71.61,219.08,18.69,2.331,0.245,37.84
kPPtHgtrR_o,2.3866,89.99,219.52,21.99,2.4041,-0.0175,52.13
URsaitnwoQU,2.7795,59.96,223.6,19.87,2.4428,0.3367,24.64
uRC2HyZc9jg,2.813,78.73,226.13,21.21,1.7239,1.0892,36.38
NdSwdqF30OI,2.7712,85.24,226.66,21.99,2.2462,0.525,44.9
BjWswGnE15I,2.6284,64.97,235.51,62.9,0.7895,1.8389,63.47
oslNJVFi93A,3.0068,78.65,228.19,23.18,2.1,0.9068,33.44
lbTanWRLcYI,1.8534,81.75,210.63,27.21,1.0938,0.7596,37.15
qXHJTuJH3ug,3.4087,158.94,110.46,44.81,2.6192,0.7895,51.73
YlVtpLDz4os,3.2522,152.18,117.8,34.65,2.9362,0.316,69.39
sdTbL3g6J64,3.3698,164.65,131.89,42.52,3.0808,0.289,67.31
FeX6geyyxNM,3.3804,161.67,121.0,39.26,2.499,0.8815,47.45
ZNJYztLwaC0,3.345,151.02,125.93,40.28,3.3658,-0.0208,85.62
rbPu3V7otUM,3.5799,142.36,101.02,42.08,2.5095,1.0704,31.01
Ka9yYVMGH4k,3.2117,109.06,96.95,26.6,2.9011,0.3105,-16.04
D6DGI9dR254,2.5174,77.93,174.64,36.91,3.1111,-0.5937,-2.32
EYmFBXGwExY,1.765,65.02,204.88,34.69,3.0227,-1.2576,-25.2
sD5nMQJUGik,1.7096,183.75,201.58,43.46,2.7055,-0.9959,96.69
e5kzDz3OqHU,2.6609,129.75,183.49,57.92,2.2252,0.4357,36.67
JOrBf980KJY,2.2662,125.05,210.6,44.04,2.6746,-0.4084,36.61
fc69svpMS8k,2.7049,155.34,198.71,42.29,2.5776,0.1273,40.69
fXRjnO-1F8w,2.1596,104.92,205.36,38.51,2.6387,-0.4791,66.59
52nDUPuXotY,3.0623,128.08,197.6,47.73,2.6073,0.455,22.65
UYEiiBPBaFo,2.9594,101.95,191.57,50.06,2.817,0.1424,3.04
A9DiHJrrbSQ,2.6174,146.3,192.85,51.17,3.3434,-0.726,56.27
wLyE1dVWqCs,2.7695,145.81,193.47,69.13,2.65,0.1195,82.9
V08MUo7-dQE,2.695,59.97,125.92,45.01,2.0691,0.626,-64.68
lapoo7YXeJA,0.9971,92.67,187.17,21.0,0.9247,0.0724,88.54
XV2fWv2xSwg,1.7805,31.97,168.97,29.55,2.2816,-0.5011,-9.57
gUNEY9XqeMM,2.6004,91.64,138.14,18.96,2.6189,-0.0186,28.33
04LqOu-4eYY,2.717,45.12,140.6,45.63,2.7041,0.0129,-5.81
hM2WyQE95sQ,3.1397,93.61,86.36,50.2,2.6928,0.4469,28.84
uXcvy3gYYX8,3.1678,82.26,87.84,52.61,2.7932,0.3746,-3.49
OX9_FMjUsDU,3.1263,106.06,101.44,46.48,2.4321,0.6943,21.5
eUuqC3CDGfY,3.5348,109.03,95.69,57.7,2.6759,0.8589,25.29
vM-laQTYa-Y,1.8163,116.02,94.43,17.78,1.6493,0.1669,-2.32
AfHTQHE5vfg,2.5964,63.29,151.64,20.81,2.4617,0.1347,-33.39
08t_NGmiqXQ,1.4993,101.44,95.5,11.76,1.4106,0.0887,28.87
1O0fRZHmVu0,2.8013,140.28,165.19,44.62,2.3619,0.4395,12.37
AcNuIKukJPg,1.2991,156.57,107.64,7.21,1.5234,-0.2243,-27.03
CVwI8u3x9DY,1.2916,189.2,103.38,6.79,1.4067,-0.1152,10.38
OauRncidH_U,1.5708,161.11,113.21,9.89,1.4716,0.0992,-11.41
nYENn-D8l9o,1.8349,162.37,132.74,9.93,1.8386,-0.0036,29.81
G9Q8qf37t0M,,,,,1.1022,,
jN-g6b24bGQ,2.5089,26.17,164.92,26.85,2.0204,0.4884,-8.8
MQGwW9kSqx0,2.8191,132.67,130.32,27.64,1.9054,0.9137,72.45
jm2zL5b4Ytk,2.927,151.14,133.21,25.78,2.3606,0.5664,59.5
giywTG6Wu00,3.2121,109.49,125.57,26.52,2.7398,0.4723,16.54
2KTJ_vZLLCI,2.8536,103.83,137.74,23.1,1.1605,1.6931,35.89
2gQSisf76_I,3.1335,129.25,144.11,41.84,1.0723,2.0612,85.61
gax_O4BfiV0,3.0927,98.17,128.85,38.31,0.9085,2.1842,59.25
6Mty7RssuL4,3.0279,94.47,111.7,33.19,1.7197,1.3082,47.49
1M2xI2QUHIA,2.9004,99.09,130.61,41.35,1.6094,1.2911,67.73
6kgmcp--oZQ,3.1575,98.63,117.99,27.51,1.8854,1.272,11.81
wd7W9s8bSAc,3.185,96.07,150.53,47.69,1.3425,1.8425,38.44
Sxk_sLz93dE,1.9464,119.44,185.49,25.48,0.8876,1.0587,-7.8
Ae_jBK-GN4I,1.8264,116.86,160.74,15.13,1.6926,0.1338,52.74
BLGYNLdoY_A,3.3672,99.1,125.1,33.06,1.4643,1.9028,48.68
nfHpes48liU,2.3429,73.46,169.78,27.58,0.7686,1.5744,34.69
GPu9aIwl-A4,2.5566,79.81,145.44,20.82,1.4785,1.0781,26.93
nuYde2GxqAE,2.8789,77.51,146.94,39.93,0.8248,2.0541,42.44
ueVlwV8CeJs,2.9722,93.99,125.16,30.09,1.414,1.5582,52.44
3No_5lvCsT8,2.5019,85.17,116.2,23.82,1.4062,1.0958,42.43
Bkqj4Wl8kaI,2.928,89.79,123.07,27.0,2.2825,0.6456,28.06
Xn7amq23_hU,3.3613,91.42,135.5,28.36,2.4152,0.9461,66.91
S_6wqEACBd4,2.7712,146.83,110.03,24.74,2.3311,0.44,33.21
-dwGk_9EFZM,2.5103,78.18,117.29,21.81,2.2617,0.2486,29.65
JS9j-tZM-yQ,2.8885,82.45,90.24,42.3,1.9319,0.9566,44.26
TOhW_aoq3o8,2.1503,32.67,92.77,37.61,2.5026,-0.3523,-26.02
-llxw-UzuZI,2.5351,60.35,99.61,24.88,1.7356,0.7996,13.43
0MTNXzBdkYg,,,,,1.4727,,
OqjNn6OBPpg,2.7014,45.45,117.05,19.2,1.9847,0.7167,4.78
FXy5DsFLUrk,3.3434,73.49,94.8,27.74,2.3319,1.0115,18.59
j-zDnC0jJBs,3.0338,77.08,100.0,31.85,1.8741,1.1597,25.71
YJtxkOCULpw,2.6977,70.1,102.88,34.6,1.878,0.8196,28.18
aCmIqAfDNHk,3.5545,130.27,60.28,30.64,2.3889,1.1656,78.08
a6ga1uPyJf4,3.4006,101.31,64.2,25.0,2.9043,0.4963,47.2
vT0cKSPAXVw,2.0366,44.8,140.43,22.35,1.5013,0.5353,-18.42
N3zKFsVU06s,2.6655,120.31,163.73,25.11,2.7083,-0.0428,90.6
jnxZni0txGY,2.8891,146.41,94.91,36.5,2.1755,0.7136,-27.74
fmVCroAAh_8,2.9519,109.79,107.38,29.57,3.2097,-0.2578,7.69
kPQHLMhHOYk,3.1454,147.76,116.07,59.02,2.8182,0.3272,86.13
YdPRGrYRYGg,1.8879,97.29,142.88,33.95,2.9245,-1.0366,63.0
aqedIqECra4,2.8415,105.82,124.13,49.38,3.3001,-0.4586,22.54
OLJcZSAKlyM,2.7541,63.5,142.13,49.41,3.3374,-0.5833,-23.25
GV_4u0sYC0E,2.8052,56.17,149.2,22.14,1.4796,1.3256,-13.87
tXEQ10BESHw,3.415,35.51,137.05,30.86,1.9016,1.5134,-23.56
rh-sKvkKYi8,3.3823,37.34,132.02,21.32,0.1017,3.2805,11.41
EEARoeuF0E8,3.4272,54.52,145.23,30.26,2.7502,0.677,-42.11
LSRJGLfghoc,3.1066,39.22,147.68,25.27,1.2917,1.815,-19.98
ovDq1o94sGQ,2.2204,70.16,163.92,28.66,2.167,0.0535,63.32
63Y_OgqgSlk,2.3738,67.79,162.08,28.88,1.346,1.0277,39.82
UNou0g82HdA,2.7092,87.07,155.5,30.98,1.9222,0.7869,21.23
IpnCF_DSq7M,3.0047,92.96,149.91,39.08,1.9599,1.0448,36.42
12xT2b_wK3g,2.4141,71.19,164.36,27.63,2.8962,-0.482,35.73
EhJjviKaCKo,3.0074,93.3,161.21,36.54,3.2308,-0.2233,39.13
_Mr5v--LB80,2.7278,87.16,151.74,34.86,2.7716,-0.0438,51.54
mwZs1h33prc,2.5731,78.98,161.03,32.52,2.9598,-0.3867,12.55
6nWkLv4_XE4,2.7683,73.11,155.16,43.15,2.4544,0.3139,29.09
MtjN-Sy0EhI,2.9179,93.18,147.54,33.44,2.5989,0.319,41.64
dS3XiUUpsdM,1.4214,119.63,152.09,12.42,1.6211,-0.1998,45.21
HZJZuUNklQY,1.5484,149.44,158.19,12.54,2.3971,-0.8487,94.92
ovdsmqqHEzU,2.5894,132.71,138.36,34.98,1.9488,0.6407,42.06
OnE7jlgBUNc,2.1488,125.8,126.82,19.09,2.0231,0.1256,86.51
Lsyt8-EENV0,2.2928,101.07,150.8,25.49,1.4732,0.8196,21.4
qTo7DdBAU3A,2.3946,67.9,133.32,23.17,2.5778,-0.1832,30.98
pBiUiJIaGgw,1.5678,112.21,142.31,13.1,1.109,0.4588,29.89
qbeKjaFBWG0,1.8297,96.41,133.7,14.99,1.6232,0.2065,5.39
WJ3wki34z6I,3.5986,126.7,110.12,30.9,2.3048,1.2938,12.58
iaAtIxowH5g,3.716,97.43,102.69,31.47,2.0635,1.6524,-31.16
b7ryEvvYrdc,3.2544,113.93,122.45,28.86,1.6894,1.565,15.31
jLuH7nABzb8,3.5397,133.04,111.79,32.53,1.9821,1.5576,42.48
s7Tn5fnHCmw,3.588,145.5,101.94,38.88,2.4879,1.1002,29.08
1Tdww_M7J0w,3.7228,85.74,110.81,27.13,2.4532,1.2695,-2.89
IiweqiuJeYQ,3.3135,151.79,113.03,37.03,1.6891,1.6244,27.65
rCVIsdwtrHg,3.205,157.73,116.99,35.38,1.114,2.091,82.57
ZaEqU3tHBMc,3.4878,118.77,94.88,35.15,2.782,0.7058,41.97
l0zPZgV6wYc,3.341,121.84,125.71,34.63,2.4583,0.8827,37.84
N_7CIEAmpFM,3.3095,106.57,86.44,44.17,1.9843,1.3253,18.14
G5sABijTC9A,2.7955,121.06,99.32,51.23,2.225,0.5705,49.28
kehgayJIYUk,2.7082,156.6,96.79,23.68,1.076,1.6322,-24.5
lJspQJvMoAE,2.6926,113.29,101.64,22.39,2.6177,0.075,42.03
zN8tmLRXJcU,2.6159,155.67,113.15,22.11,0.8625,1.7534,5.3
6E2P8fhdy3Y,3.2697,118.95,91.8,55.99,1.8639,1.4058,17.11
IckywAOR0IU,3.1851,159.0,92.42,31.17,2.6899,0.4952,23.87
hh03p4cPuu4,3.4854,173.6,90.96,42.13,2.8359,0.6496,24.8
74cuc67FGZU,3.1457,180.53,114.08,40.02,1.2669,1.8788,52.48
hYp_FUMDXoY,2.9294,193.12,116.87,30.31,1.7728,1.1565,25.51
BixfaCPu2K8,2.0972,1.71,58.71,13.79,2.0731,0.0241,-17.15
VTjuGRM0yG8,,,,,0.864,,
WvJ4ha2CUYM,3.4877,101.57,146.33,54.14,3.493,-0.0053,-43.69
XPHBiCKLr3A,3.5815,108.17,153.47,52.78,3.3082,0.2733,-28.22
ic8327mclOI,1.6089,143.99,170.87,33.32,2.7098,-1.1009,26.71
Z293-EMK6as,3.4843,87.65,88.14,37.14,3.3294,0.1548,5.87
knEALWTt7Xw,1.1744,21.13,194.49,5.95,2.8919,-1.7174,-10.55
G5YLgWGBo4Q,,,,,2.9431,,
wVO-1Hzvdbo,2.9059,4.5,165.03,10.3,2.7423,0.1636,-54.11
uTts4AWD62k,1.6187,129.01,107.22,8.16,2.428,-0.8092,34.97
0rv2wK1zwGY,2.6364,99.17,156.16,34.78,3.2798,-0.6434,3.84
4hoeMnPKTpc,1.9754,98.23,164.06,46.69,2.541,-0.5657,19.21
3xbp_iQMlqs,2.1406,37.66,170.09,43.45,3.1627,-1.0221,-31.15
TDOlfbp7uFA,2.1145,80.65,114.52,16.99,2.5404,-0.4259,-7.11
LY2Myws7cFY,1.7956,47.45,104.79,24.7,2.287,-0.4915,-22.96
kJ9WJbkKPeE,0.6481,57.92,171.46,6.56,1.4938,-0.8458,-41.93
J9TWIp7ypDw,2.3801,90.75,164.9,17.65,1.5443,0.8358,50.86
uGrMdA50zPw,0.3296,130.13,135.72,5.68,0.4434,-0.1138,-8.13
3vX-MYrnsm4,1.6445,49.08,88.1,15.05,0.92,0.7245,5.25
JIZn3I-2WKc,2.5223,166.76,72.89,16.94,1.9484,0.5739,7.98
1FeEZcI85aw,0.954,159.96,137.29,7.13,0.4129,0.5411,-25.64
Y3_-1es1WJE,2.7105,48.97,156.61,34.73,2.1793,0.5312,-2.76
dUy-HVwXPQI,2.4286,86.04,112.3,24.26,1.2714,1.1572,-12.32
BvWPoK1f1zk,3.0064,64.27,77.24,28.57,0.6721,2.3343,33.43
uCD53TU3zDU,3.3184,167.2,122.2,38.54,2.7481,0.5703,78.44
uzWTe--rmU0,3.3643,169.9,116.63,40.2,3.546,-0.1818,56.88
bi0ebweJr-E,3.4125,179.64,118.54,43.93,2.9348,0.4776,64.09
1Nk-4YI3sUw,3.3837,188.51,118.1,38.86,2.8908,0.4929,27.98
4qR4HII3oFQ,3.3174,174.48,111.16,36.69,2.7967,0.5207,41.71
BFa2uvg8v1I,3.3896,191.53,118.24,40.67,2.5275,0.8621,75.2
_hge4Aw-Lck,3.4611,180.18,117.3,45.66,2.5974,0.8637,59.29
9iYDVyclV4g,3.2465,190.76,120.82,39.05,2.2872,0.9593,71.68
HkRKMmZQbSM,3.4745,170.49,99.63,38.8,2.4044,1.0701,45.54
1jwPHgVstyY,3.3604,172.39,117.03,39.68,3.3129,0.0474,61.83
Uj8BkXe2v1Q,2.1404,76.16,155.84,18.55,1.8886,0.2518,-2.27
OXps_BPiGNM,3.1297,80.56,83.37,26.14,1.4194,1.7103,13.31
JQqLF06m2wA,3.5327,112.56,50.2,52.65,2.9062,0.6265,58.62
2EXy8fPKk74,2.802,77.18,184.47,27.58,2.3362,0.4658,-0.27
KDLwgtQm8zg,2.698,72.57,135.82,31.01,2.3847,0.3134,22.16
QxiZTFAqNpc,2.5793,104.68,189.96,38.88,2.142,0.4373,21.18
yfszp1d68iQ,2.499,70.8,69.85,23.3,1.4763,1.0226,-19.38
IYxmEUwe7IE,2.4637,19.92,83.9,22.68,3.0179,-0.5542,16.47
55QktaLvOBc,3.7795,91.84,112.57,53.74,3.369,0.4105,21.42
o-A7S8MC8ck,3.2076,28.41,173.76,56.66,2.3855,0.8221,-41.12
o8u3MDxH4JY,2.9919,39.11,154.22,24.98,2.8748,0.117,-0.3
ZxC2y4ItnPQ,1.7183,136.55,124.89,33.15,1.9633,-0.245,90.78
b7wyZYuZGTI,2.1076,62.01,177.4,48.64,2.9702,-0.8626,34.41
MkVV-mDi_MY,2.8732,104.72,158.1,38.88,3.4741,-0.6008,44.99
5NU37parMjA,1.6082,58.75,205.07,26.45,0.0,1.6082,44.95
J-YiqpEtgQ4,2.0737,79.05,128.3,24.52,2.8728,-0.7991,-13.98
El5Djf2KEjs,1.633,58.27,205.11,26.57,0.0,1.633,44.43
eeEhQcVeLFI,2.2598,108.66,184.15,48.81,1.8648,0.3949,40.6
UoyPMI9sbC4,2.6722,128.13,173.02,33.11,1.8385,0.8338,-44.33
aNYwVtlEWws,1.7132,60.67,187.2,12.79,2.5661,-0.8529,-14.06
fR3ppcdDQ38,1.1259,33.41,108.1,10.38,1.0714,0.0545,-1.87
GKhnJerBs6I,1.3483,79.72,133.19,11.52,1.1297,0.2186,-8.79
JTRgCed7qOU,2.6854,33.88,145.67,27.34,3.2603,-0.5749,-24.58
k4nfNIQq1sE,2.5862,39.52,166.49,22.65,2.5151,0.0711,-8.9
Vrjg7jqmh5s,1.5668,83.0,73.21,23.61,0.1867,1.3801,-18.62
LNgi3LD-D0Y,2.7482,128.1,96.82,34.69,2.5959,0.1523,-36.73
g_KQv4XPK5Y,1.4842,52.92,120.75,13.96,0.7289,0.7553,-12.1
PTGGmCObjnQ,2.5933,26.5,162.79,31.19,2.8006,-0.2073,-13.72
BZcpK2R6gQg,2.222,38.31,123.97,19.81,2.2229,-0.0009,-11.25
rc_1GIc6KCc,2.6966,51.71,175.65,25.31,2.173,0.5236,-27.19
NQC3WjC6DE0,2.7295,133.14,129.86,23.26,2.5426,0.1868,36.11
Ke-iGdkChZE,2.5309,133.77,144.69,22.33,1.7446,0.7863,78.64
fzbrY1Ey2JM,2.4291,141.06,138.61,18.2,1.4314,0.9977,44.13
pyx-E96si3A,2.7653,144.36,126.99,23.58,2.757,0.0082,60.01
KF1JbrV589A,2.4601,142.07,132.37,21.16,2.4516,0.0085,78.13
kUVjO4w1MQI,1.9411,110.18,157.13,52.23,2.0936,-0.1525,80.7
dfw-i0910o8,2.988,72.83,141.07,46.97,2.0067,0.9813,-11.36
cxafXr_cSZc,3.1341,105.92,151.45,53.03,3.3326,-0.1986,30.33
LvqgF_FFV9k,3.0233,165.14,151.67,32.23,2.1245,0.8988,-14.84
Y0jCBkydcZM,2.9046,133.14,165.44,46.32,2.3496,0.555,1.86
65ypsRvUYyw,2.9087,80.72,189.01,37.48,3.0963,-0.1877,1.82
YHCUILni9ko,2.5955,82.02,178.26,28.06,1.5992,0.9963,10.73
-hWIbnehsNM,2.4065,99.94,169.97,22.79,1.5925,0.814,81.82
Yn-vOjVB_-Y,2.8488,100.85,142.07,31.87,2.8109,0.0379,33.06
nRk160wgvqg,2.9476,136.91,133.82,30.78,3.2249,-0.2773,41.78
cIvqu4BPbao,1.1501,82.59,193.83,13.53,1.9075,-0.7574,-33.66
b60ZBCbEpRY,2.5127,103.68,178.18,21.69,2.3913,0.1214,-6.49
q1OGCqM9uVY,2.508,105.68,176.86,20.41,2.4518,0.0561,1.92
SB48Ach1Qgk,2.4339,101.52,181.78,20.3,2.4986,-0.0647,-11.06
l-Z4GRGaI30,2.4395,98.5,185.16,21.26,2.4769,-0.0374,-23.95
-y1eRcwJEiY,3.0648,115.67,159.0,30.28,2.3879,0.6769,1.32
A54Vt9VXEfc,2.5196,101.18,180.78,21.92,2.3978,0.1218,-14.01
nUgd7lAVHOQ,3.0698,131.69,163.94,26.38,2.4755,0.5944,26.37
OKJt5PNzUXY,0.7488,183.64,243.82,24.7,2.9942,-2.2454,109.99
lqbT3ZsSvZM,0.7488,183.64,243.82,24.7,2.9942,-2.2454,109.99
AqGvuMk0Kpk,,,,,0.1946,,
kFFG1Akm1TQ,2.8876,53.83,121.13,34.23,2.3189,0.5687,26.72
AtkhzF3ubQQ,2.4556,55.4,131.05,33.34,2.4177,0.0379,-13.05
fps8YbXGSec,2.6571,41.96,111.13,38.17,2.8589,-0.2018,-7.47
NFavxK4ZuT0,2.8034,56.09,138.83,51.05,2.7706,0.0328,-19.57
i5i3SjMfokw,3.3631,42.77,61.18,24.09,1.9488,1.4143,-29.59
Vy4CxFzZL3A,3.2023,91.16,127.06,24.0,3.3126,-0.1103,-32.73
AS-ZSrb63hI,2.477,27.22,69.54,17.98,0.8715,1.6056,-37.35
lCzBaFc7pAo,3.5267,15.06,91.05,16.22,1.7332,1.7935,-73.92
izBr2_mdtnA,2.5835,53.79,73.16,16.4,1.0978,1.4857,-123.15
85mD8h6MTUE,3.1435,122.02,119.82,45.58,2.6943,0.4492,65.51
AeJrnL7CqlU,2.9347,179.43,114.19,26.43,0.5076,2.427,90.91
pYgMGjUToz4,2.6456,134.55,118.39,46.32,2.2585,0.387,106.33
FGcRsaJ8kSI,2.9636,68.44,195.98,35.17,2.4449,0.5187,43.11
BZb4fR2P4K4,3.4104,144.76,85.74,52.69,2.4199,0.9905,80.19
3WYVuZDozx8,2.6549,165.28,114.27,21.94,1.0024,1.6525,101.99
6SbUpAvopxo,2.8614,76.25,118.67,38.8,2.8288,0.0326,-6.82
aYvkzGIMr6I,2.7314,79.66,117.08,46.73,3.4179,-0.6865,-15.41
ybZDL5Oe-OU,2.9075,62.99,119.92,46.66,2.8954,0.012,1.46
yJAL-T-ZbTc,2.6138,86.93,125.13,43.16,1.5342,1.0796,-27.69
amaRZhXSvv8,3.005,119.53,127.69,39.09,2.9176,0.0874,-10.39
1yWAqvpEIoo,3.0614,111.66,124.4,30.91,2.4849,0.5765,-3.83
ZLu0okKPnk4,2.526,123.15,92.0,25.87,1.5292,0.9968,40.31
jcX1QoYOtNo,2.8643,190.72,98.58,52.51,3.0622,-0.1979,71.97
bCoIpgE0x0Y,1.0051,55.6,203.28,5.98,1.2825,-0.2774,17.12
YGQdCYGBqoQ,1.904,169.14,124.91,23.99,1.5609,0.3432,18.15
NrmOQOYbaUc,0.5996,84.03,147.43,2.42,1.6861,-1.0865,-4.04
YrdUiBcOnDU,1.9777,95.34,177.25,18.26,1.1736,0.8041,-18.94
_0JjmopC2nM,1.1194,71.76,167.62,8.68,1.7979,-0.6785,21.87
g55Bxp4Q8CI,3.1774,50.26,169.28,26.74,0.9532,2.2242,-60.95
nObPViogvVE,2.6307,156.77,150.26,38.82,2.1608,0.4699,-8.23
fHbG-nsGXrU,1.0092,91.38,181.88,10.61,0.761,0.2482,-9.77
1S_vw10nGcQ,1.7356,37.8,193.52,32.8,1.1291,0.6064,-2.7
KhpHFy8f6W4,2.8784,45.49,153.39,29.91,2.6961,0.1823,-38.47
XejxyYNXoDg,2.8507,57.46,131.67,25.86,2.5469,0.3038,-24.09
v_oTSFhNDb0,2.2962,37.53,131.81,17.72,2.4594,-0.1632,-40.42
ORivOupUzBM,2.7813,85.84,135.68,32.58,2.2693,0.512,-11.4
oKqpjHRpJLw,2.9931,97.94,107.12,32.41,2.6546,0.3385,16.28
OsjmlAtIAdI,2.3566,104.68,109.6,28.83,2.2777,0.0789,9.76
SsW16gcKzH8,3.4153,54.52,114.11,41.69,3.3464,0.0689,-16.49
dKAm6B18-_w,1.7189,93.42,133.51,18.3,0.4536,1.2653,-8.82
edZfefHoAmE,2.5864,107.1,150.18,21.28,3.1461,-0.5597,-26.81
9Ko8T8sTyaM,2.7812,72.33,149.31,24.48,2.9609,-0.1797,-20.2
lvtYVJLGWSU,2.6423,116.33,147.36,41.18,1.2255,1.4169,-86.41
k-CJ7Wudp8o,3.3288,85.57,161.21,34.66,3.6528,-0.324,-75.31
CbnoTvPckRA,1.6251,122.23,121.77,22.12,0.5575,1.0677,-45.84
O9GG_q72_Ow,2.9293,101.63,119.95,23.08,2.6559,0.2734,-39.02
CzDqj58oYJk,2.3615,105.11,147.72,23.67,2.1957,0.1658,-29.15
BtiI07o4Pjs,2.3406,108.46,128.93,20.17,1.5935,0.7471,-62.4
gSUhHaFOfjg,2.7841,33.35,179.1,47.51,2.4478,0.3363,-9.86
c_k8Guq7zxI,2.7743,41.82,164.66,43.59,2.1038,0.6705,-19.81
fD6-YWjyyeU,2.5824,67.9,173.63,34.19,3.1633,-0.5809,-19.86
iJzlrN2WrPk,2.2606,61.03,184.94,31.68,3.2994,-1.0387,-22.98
nKN2mZEqhpg,2.9623,64.24,168.91,38.0,3.439,-0.4767,-29.62
VO6tHAmJrVY,1.9677,134.95,147.36,41.0,1.8828,0.085,-8.57
pVAufc95Ego,2.467,62.04,165.67,51.21,3.3514,-0.8843,-24.63
VXn2YKEDFV0,3.1158,57.33,128.81,41.82,2.9001,0.2156,-15.49
wVuFfkfzRt4,2.386,57.25,152.61,48.4,2.6716,-0.2856,9.41
9K4OpI2hzEQ,2.4104,62.38,152.67,48.54,2.9541,-0.5438,-35.07
CLgu0WbnerE,,,,,1.8897,,
Xlwpn4IoWyA,,,,,1.5203,,
C399-29Ksd0,1.8101,67.96,66.14,9.96,1.9714,-0.1613,-2.7
gFtXwAKfVEI,,,,,2.4885,,
ON_PVEwbXF8,,,,,1.5348,,
B7nLmdAopbw,0.2452,118.83,116.58,3.76,0.2261,0.0191,-36.79
btGWJbNIwzA,1.7415,42.04,95.24,16.48,2.6014,-0.86,22.92
6j4uxLxZK6I,1.3074,101.53,99.88,6.98,1.4276,-0.1202,-30.45
s9kBoSyBsT8,1.8241,47.41,128.87,24.6,2.62,-0.7959,-31.42
oKP53Vge-X8,0.449,15.61,118.75,19.2,3.2107,-2.7617,-9.53
IYnUfb9V2aQ,2.0919,32.68,140.81,19.73,1.2596,0.8323,1.87
Shy1y31ljoM,2.2751,28.94,160.58,12.72,0.9619,1.3132,-5.69
dg6bVgbY0MQ,0.5515,79.27,181.39,17.64,3.1627,-2.6111,-47.08
JkGcu0mTEak,0.7101,79.6,177.05,20.34,2.5853,-1.8752,23.15
NaZyXW6Ga4c,1.0439,83.23,170.95,19.77,3.3941,-2.3502,28.41
MfFS2QPmvTc,0.7868,75.42,196.4,22.34,2.9339,-2.147,0.84
FQq8ma64-wo,0.3601,62.47,198.72,21.65,1.3593,-0.9992,-6.35
GjaCS2OBOpg,0.2496,50.85,178.88,9.86,2.043,-1.7934,-32.14
ZyGZP8denEQ,0.2357,50.83,179.03,9.76,2.043,-1.8073,-32.06
1_tabJnAmNY,2.111,76.59,135.36,24.89,1.6804,0.4306,-30.95
5noqJnmaQJI,2.1149,76.24,136.09,24.98,1.681,0.4339,-31.28
j312fOVXNpA,1.845,111.24,122.95,15.48,1.4188,0.4262,-42.57
aarZRtGWikY,1.841,110.59,122.39,15.32,1.4275,0.4135,-43.01
bTTHubx6yX8,2.6356,83.71,138.78,24.39,2.1472,0.4884,-27.65
xr43LoXGv8I,2.6313,83.84,138.39,24.32,2.1499,0.4814,-27.48
o23qjjWM0kk,2.0304,107.45,113.69,18.92,2.0437,-0.0133,1.8
DQYHIWcYeeQ,2.0345,107.79,112.96,18.88,2.043,-0.0085,2.13
My2p-2-rg_s,0.0489,180.79,187.12,9.66,1.1436,-1.0947,-4.91
28dGwRzNW5g,0.307,2.08,207.76,19.83,0.3619,-0.0549,-48.71
bdmAbt_-Vek,1.6124,11.89,201.19,26.72,1.5893,0.0231,-13.93
oYLbvvxGjfs,2.1329,50.96,177.63,31.91,2.9995,-0.8665,-23.84
i_MLJ_0y9hg,2.725,57.83,123.97,63.46,2.5298,0.1952,9.95
8NcvL5UzzAw,1.9499,79.73,225.25,53.52,2.0816,-0.1318,-12.28
qMQFvfz9rlk,2.9361,112.3,201.01,57.88,2.7291,0.2071,-35.87
bKw2J6MfL9Y,2.7931,118.26,117.7,27.22,3.232,-0.4388,67.2
IUjahbiWv0g,1.8438,144.86,219.21,8.12,2.0747,-0.231,35.11
4h4357-zSxM,2.8252,152.66,117.69,35.41,1.8289,0.9963,74.92
Tql14q9ca3s,2.2539,126.06,177.65,25.36,1.82,0.4338,52.41
ytmKSUM52G0,2.5222,93.8,196.12,22.22,2.1936,0.3286,9.54
0Tong5p42k4,2.3939,35.04,115.01,29.41,2.9782,-0.5842,-16.69
D4DNUyQ5mSg,3.1657,80.38,77.22,52.28,2.2005,0.9652,-42.69
0PAy-tu6qs0,2.1177,184.33,145.98,23.16,3.4911,-1.3734,61.71
CPyxwryWV2U,2.8438,90.82,151.71,27.86,2.7408,0.103,12.79
TGGLd2_-lyw,2.3411,101.86,163.9,19.85,2.7125,-0.3714,23.49
EIZl3345DXY,2.1807,46.88,154.28,25.59,2.1084,0.0722,-42.52
uPLPXVAvZcE,2.1783,47.27,150.08,26.11,2.071,0.1072,-41.73
oQhTVrIeKIg,1.9872,47.66,156.44,18.67,2.2273,-0.2402,-39.74
ocDebpJexNE,2.1507,41.52,159.34,27.1,2.1527,-0.002,-47.91
6-6sRVInJNw,2.255,48.07,149.95,24.99,1.9985,0.2565,-42.2
ruwiVEzbpIo,2.1965,43.86,161.04,22.87,2.0928,0.1036,-48.13
iDbxWZ6V3Ys,2.2998,43.82,155.7,29.09,2.0953,0.2045,-46.4
BttCDMkkuSE,2.4093,79.87,152.97,37.5,1.6669,0.7424,-32.91
e_SI7GJT-PA,2.936,74.95,93.04,49.51,2.6287,0.3072,-6.56
pFuIvDBROsc,2.0959,52.89,190.29,24.86,2.8538,-0.7578,23.51
lOChuKRcv1c,2.3002,54.07,156.47,62.51,1.8045,0.4956,-17.33
7lYAuUjVYao,1.8755,86.49,190.16,20.65,3.1925,-1.317,-9.74
7t2HyaKe0FY,2.7123,134.72,123.44,32.01,1.3715,1.3408,-36.42
tB0wbKWhf0Q,1.7138,57.48,169.92,35.04,2.7542,-1.0403,1.81
vYRkceLRcNc,1.7138,57.48,169.92,35.04,2.7542,-1.0403,1.81
Wi-QZJE4sj0,1.7313,62.02,222.71,34.13,2.164,-0.4327,-36.64
ARIQYT1EB-Y,2.3486,110.01,93.93,38.46,1.4324,0.9162,12.09
bwo5Axn6zhU,1.7552,108.5,149.2,14.6,2.1357,-0.3804,-9.27
93lN2yoSCMY,2.5234,101.85,147.23,25.47,2.7831,-0.2597,-52.17
ySHIx-PbNGI,2.9862,98.06,131.83,49.87,2.3346,0.6516,1.37
zcZfrnu-twA,3.0126,72.07,128.47,57.28,2.231,0.7816,3.05
KUngfJa1LUA,2.3207,100.63,178.67,14.49,2.7895,-0.4689,-20.69
LS0zXs0CS2g,2.3517,102.01,178.05,15.21,2.4452,-0.0935,-19.93
IpDw6hIrc3s,1.9573,14.92,187.57,31.1,2.7868,-0.8295,-9.13
8KWRo1TpYuc,2.1988,4.2,200.2,20.98,2.0899,0.1089,-100.23
cCllBDuesdI,2.7924,25.31,149.18,35.12,2.8335,-0.041,-86.97
dagS5Xmqkrk,1.9384,5.88,199.23,25.4,2.8625,-0.9241,-95.66
1lr5CWo7rIs,1.8804,5.65,200.32,20.12,2.2777,-0.3973,-133.46
JbONWY3YmWY,0.3095,0.22,202.21,13.77,2.1795,-1.87,-103.36
mr-4Xecl_WY,2.0708,3.5,203.34,14.08,2.5103,-0.4395,-104.83
KdKjVgaGMXU,2.1674,6.44,201.41,20.5,2.4877,-0.3203,-90.39
BGZdjqQyVVQ,2.7826,115.83,98.9,22.38,1.1288,1.6538,-89.29
ps1pG1GwqlA,2.7135,158.23,136.05,25.4,1.158,1.5555,-7.19
4-y78ipBY9Y,2.9585,28.25,76.33,22.33,0.4658,2.4927,-12.82
HAYeklgkaqs,1.9963,147.55,131.09,47.21,0.9103,1.086,54.84
TfTxUOPex9c,2.8134,46.99,119.49,24.54,2.4142,0.3993,8.47
i6t2qzVsfwU,2.926,123.23,63.86,21.2,1.2339,1.6921,48.51
GFYUmLI5cuc,1.3348,165.9,81.82,29.76,1.7569,-0.4221,-8.85
V8eSeZkBfpI,3.5037,32.14,127.32,27.14,2.4462,1.0575,-27.29
U0KFTfWbv_I,2.7032,156.96,71.37,20.95,2.581,0.1222,102.19
cp4WEPYZWSg,2.4333,61.21,106.14,50.23,1.4815,0.9518,-14.58
WR2tXUuFmy0,1.3835,131.59,149.24,6.83,1.7844,-0.4009,54.75
s_JPpFTKuVo,0.8201,25.57,185.36,17.92,2.0345,-1.2144,7.83
Z5FmcMrQ-mw,0.2768,25.99,210.81,24.78,2.5987,-2.3219,-67.37
1Le458eD35A,1.7999,151.28,219.95,14.33,2.3613,-0.5614,50.12
T5a-oCmTB8U,2.2373,108.97,88.71,32.1,2.9176,-0.6803,-25.61
p05jxUiScwQ,2.9703,83.34,144.04,26.38,2.3355,0.6348,-51.85
3qWEpFfKr_E,2.9906,93.03,115.85,59.81,2.7281,0.2626,29.28
s2zxDoIvX2s,3.5755,94.95,174.12,32.27,2.3044,1.2711,6.22
2Nfw7Z9hjEs,2.7618,95.52,137.27,23.95,2.1517,0.6101,39.64
L6eFygwnUlI,2.9248,105.18,136.38,26.16,2.2484,0.6764,34.43
Se6JSBwqihA,2.882,90.94,164.22,26.74,2.7367,0.1453,7.33
cvV2qGRJ5VY,2.6132,163.39,142.06,21.12,2.3002,0.3129,45.34
EdSPyHCWeLs,3.2529,122.12,156.07,34.98,3.0754,0.1775,55.0
FoI1o8mlWns,3.4194,78.17,133.39,30.91,3.7498,-0.3304,35.5
ozV8UXIFkEs,3.0957,120.76,146.82,40.15,3.0988,-0.0031,62.17
bqq15UjW5xs,2.7888,133.79,190.18,70.64,3.3115,-0.5227,-25.2
A5lZiSCsj3c,3.1374,123.93,142.42,37.89,2.7636,0.3739,-3.39
ksz6ZMmUYM0,2.6776,132.14,209.84,60.44,2.1871,0.4905,55.97
ohmDxRAslRQ,3.2039,34.31,134.82,31.8,1.9106,1.2933,9.62
Js7_tliLjO0,2.7277,100.62,133.96,47.55,2.3006,0.4271,3.48
j-5T8hn89P0,2.2955,12.95,85.05,26.14,3.123,-0.8275,-22.52
S-J3uSOk2Ug,2.5034,47.98,124.44,25.39,2.5729,-0.0694,-7.29
BCtKybVINB4,2.5073,76.17,115.75,30.05,2.1104,0.3969,-2.16
wDIka7Y7U2M,1.0526,97.49,137.57,26.5,1.5342,-0.4816,-58.37
-DwrfAO_Exg,0.3171,194.65,163.49,16.87,0.6971,-0.3799,-47.59
KDjkMP7KoUk,2.1198,29.66,134.84,38.36,2.3939,-0.2741,10.22
PbKZArNoP10,3.6484,110.66,103.48,44.12,2.8446,0.8038,24.74
DUszQI4AyS4,0.5708,84.61,140.75,14.07,0.8848,-0.314,-49.06
MwhS_MnGrVE,0.9718,96.93,175.56,4.2,1.1756,-0.2038,-38.11
Teq58NMe2GY,3.0712,128.31,97.7,42.89,3.2258,-0.1546,54.26
GEHvRI8t9Pk,3.3494,86.86,184.34,37.53,2.5595,0.7899,-15.59
lgfCdEiMU5I,2.4795,140.95,63.7,27.32,2.0328,0.4467,9.26
Lk9t9XH6fEY,0.9109,120.32,120.66,6.07,0.7093,0.2016,-42.01
PvKQt10eYQg,2.1052,86.67,157.97,32.87,1.5611,0.5441,-31.34
qHazHFwMCDo,2.6848,79.1,120.98,41.42,2.7701,-0.0853,28.0
ShOQlXe9S-8,1.9842,104.43,179.93,26.36,1.6037,0.3806,-20.49
c16_sqSS0Bk,2.1135,92.15,186.32,34.84,1.4913,0.6222,-29.11
qITnNH-KOvY,0.7401,33.99,134.78,6.63,1.4434,-0.7033,-29.4
CBM2gMWs0ls,2.6119,60.65,150.54,29.61,1.7271,0.8848,-20.41
bYbzLQlu76c,2.1633,46.1,130.21,40.53,2.6222,-0.4589,13.35
eyJpAInKur8,1.8831,52.24,182.53,67.93,1.3624,0.5207,-5.01
QoUrI8SXc8Q,,,,,2.6581,,
fFPJ5rk1Bho,2.8015,3.15,70.96,5.1,1.9058,0.8957,-47.29
C8TFgNuggmM,1.8745,118.74,214.23,31.54,0.978,0.8965,52.7
HVmgok628R4,,,,,1.3582,,
8IZ9XqPose8,,,,,2.8473,,
6FIUU306_Q0,3.3664,127.11,97.15,35.38,3.146,0.2203,49.15
CunyzqHXn2E,1.7462,43.36,37.6,19.88,3.0341,-1.2879,-13.14
duF7Q7dtLCs,1.0491,72.14,105.02,4.36,1.1684,-0.1193,16.36
PdUxylfqiGI,3.1068,98.55,151.82,47.28,2.4994,0.6074,48.8
mzftyZ8EhFU,2.8677,166.59,100.92,29.08,2.534,0.3336,92.36
uW9lJe_Fhv4,2.8395,155.78,110.56,30.65,2.5277,0.3118,91.95
YYxpE8sQ7Dk,2.6649,163.53,113.34,24.72,2.8992,-0.2343,80.15
V9XipzTxwQI,2.7573,159.2,99.65,27.16,2.5515,0.2058,91.71
GjEz5NpvfEU,2.9798,161.86,115.35,35.11,3.3187,-0.3389,109.51
8GdvnQwxwdw,3.0479,141.95,119.54,38.11,3.1611,-0.1132,86.03
h4xeFi-6gbY,2.8265,163.19,119.96,34.27,3.1172,-0.2907,108.72
925WvNd0PNQ,3.1174,166.51,110.71,35.18,2.8628,0.2546,90.56
oH0a-Cw7cU0,3.1473,151.48,104.88,37.74,2.6683,0.479,73.66
sGW59HObNRY,3.0723,144.53,114.69,37.15,2.9737,0.0986,88.76
cnHQXsYgXE4,1.8902,84.12,104.68,19.74,2.0621,-0.1719,18.24
zxy8TrdZ45E,2.7106,87.52,137.18,28.83,2.7127,-0.0021,6.41
qH7KDivAUfk,3.0321,71.36,129.22,33.91,2.3678,0.6643,13.04
PxtEta71q40,3.1321,100.18,120.44,38.08,2.5328,0.5993,17.71
QM6Q5dV0uwQ,2.8738,110.64,123.18,43.4,2.4644,0.4093,23.06
GEUjRDujoSU,2.7191,130.58,143.09,29.58,1.9698,0.7493,61.01
AAn4XRhHslA,1.4812,67.1,204.95,31.15,1.4439,0.0373,39.7
PEk484oK7yA,2.9043,35.59,146.25,37.27,2.0524,0.8519,-29.26
DAqx3ZyRZmg,2.466,95.2,193.89,49.0,3.2281,-0.7621,6.44
GKVNBFIQAi0,2.1068,72.66,138.6,49.44,2.8448,-0.738,29.57
qkUvsHTIMHY,3.0583,137.73,187.22,48.17,3.0806,-0.0223,44.68
8rMt_rn7DbA,2.409,93.9,99.58,23.97,2.6674,-0.2584,56.86
4nDOK6lR7-w,3.4592,68.58,162.47,31.84,2.0611,1.3981,-46.13
oNIckishsmA,3.1161,105.87,190.4,30.46,2.1631,0.9531,-74.19
AjpT8ZKAIlI,3.0633,97.5,183.41,24.09,2.5043,0.5589,-78.32
81RbN489hqw,3.4418,113.4,184.56,29.37,2.4195,1.0222,-30.63
wwGvmGK-mXU,3.2887,92.97,192.59,31.83,3.047,0.2416,-58.25
UsR6VaD72dQ,3.4636,104.31,190.32,32.97,1.7836,1.6799,-70.73
VtNd0MK9Fh4,3.2294,88.25,184.98,34.77,2.6336,0.5958,-48.56
rmY-G9Ic_3o,3.0455,97.35,174.19,32.49,2.9304,0.1151,-23.7
YDfGkzY-4DY,3.3145,99.55,178.18,36.76,2.4103,0.9042,-43.29
l9ZlRG7_stY,3.3105,107.95,87.68,36.12,2.3328,0.9777,24.55
CiUO16dcOi8,3.3221,138.67,74.37,29.23,1.723,1.5991,117.15
9K_FXDVMg5s,3.3693,100.59,64.16,32.49,3.4217,-0.0525,30.78
QR4XJpPOiUQ,3.3593,57.79,95.11,20.84,0.0,3.3593,57.79
BNIJsAHM-T4,3.4064,119.49,114.33,40.64,2.5699,0.8365,36.19
Fwft1E25YGk,3.3348,111.9,101.2,29.2,2.0062,1.3285,34.13
oQKGuzbtwEo,3.4529,102.71,119.88,36.3,0.0,3.4529,102.71
dzKVANmCgQ8,3.3383,114.93,83.94,53.76,2.0794,1.2589,109.28
mc-JqAc2EoQ,1.8683,60.32,229.0,18.17,1.4604,0.4079,9.39
M1HIyb-hmyU,1.3292,39.11,203.68,31.79,2.249,-0.9198,26.32
1UT5Yw3j4c8,1.8708,60.28,229.04,18.12,1.4596,0.4112,9.35
t1h3t6j46rc,1.8719,60.26,229.05,18.1,1.4601,0.4118,9.33
v88AGXC2tFc,1.3345,39.12,203.72,31.78,2.249,-0.9144,26.33
u-jFjMqAGG8,0.0,0.0,57.16,-0.0,0.0,0.0,0.0
X40YhxQrfK0,1.8687,60.29,229.03,18.12,1.4595,0.4092,9.36
TvRZQyXzfQg,1.8747,60.35,229.02,18.1,1.4585,0.4162,9.42
yhmMTg24iok,1.3419,39.07,203.76,31.77,2.249,-0.9071,26.28
f3BYnNc_T10,2.1173,141.78,172.25,24.96,1.7538,0.3635,-56.57
yn_zaiUjPd4,2.4431,57.88,104.64,34.76,2.5115,-0.0684,-41.41
Sm7alFRtMfc,0.9124,42.14,168.13,8.77,1.4973,-0.5849,-12.81
aiINpCASSQU,1.1755,45.2,171.44,23.26,2.4155,-1.24,4.45
EL9PnTIRWGk,2.9637,90.11,141.75,62.42,2.4952,0.4685,34.75
iQPNwFx1j7Y,3.0696,55.28,194.93,12.75,-0.0,3.0696,34.71
bwg9dtj1f6c,2.5573,206.76,70.04,40.88,0.6762,1.8811,62.81
YnYhAHnHmgA,2.5874,141.14,81.75,31.03,2.0864,0.5009,34.43
qN3NPkZXCcE,2.8894,93.42,162.48,16.82,1.4142,1.4752,76.31
UO8tlsIZXa0,1.5796,66.64,136.98,14.71,0.3281,1.2515,18.83
wo-5XYtujbs,3.1247,13.47,193.32,43.24,2.4791,0.6455,-40.67
JwcilHSyefE,2.5165,55.27,179.25,41.06,2.8978,-0.3813,-6.59
rnfG1Q159r0,2.9454,24.09,188.36,28.22,2.8082,0.1372,-10.31
zbRxORiQvmM,2.5105,72.91,205.31,26.5,2.2799,0.2306,-13.62
YnaQqQ5mcUM,1.3956,24.45,202.97,41.29,2.5669,-1.1712,-10.95
Kpl0xaiNH9o,2.1669,30.68,186.34,25.82,1.6049,0.5619,-48.01
EqXz-Ftc-Xo,1.6179,38.57,207.53,22.43,3.0811,-1.4632,-25.82
Y3pjxm7T8lA,2.8161,118.22,121.05,41.26,2.9009,-0.0848,-14.71
Y8_7Vza7BqQ,1.7433,107.06,140.76,21.94,1.1259,0.6174,-23.46
I9rei5P_AZY,3.3167,157.68,87.48,45.72,2.6582,0.6585,-17.41
k9eBs7iYjmM,2.8603,100.01,101.04,35.51,2.8392,0.0211,-37.91
o1rujqZF8dQ,1.3413,120.89,118.59,32.94,2.5178,-1.1764,16.97
cRWWsPtwmYM,2.252,98.27,138.36,41.71,1.2319,1.0201,-115.88
d53joh65k4Q,1.9974,39.17,149.97,44.37,2.4129,-0.4156,-22.35
psExJKSJxFs,3.0465,191.39,151.25,38.63,2.5615,0.485,107.62
WfA_VPULtxk,2.9518,66.13,135.84,38.22,2.5327,0.4191,18.25
mijWinadiCM,3.0781,91.14,97.15,31.28,1.8463,1.2319,-17.32
XDWz8pHG1jg,3.7308,43.04,132.58,50.09,3.0552,0.6756,-8.54
C_j8ifIiqHQ,1.2231,78.73,152.57,30.71,2.2412,-1.0181,-24.24
yvKEX8xstJc,2.6689,40.15,190.24,10.93,2.5802,0.0887,-17.31
vI68SBnoWF8,2.2692,34.18,171.38,26.27,1.4015,0.8677,5.93
ykrW8GcKYkg,,,,,2.3436,,
S5Q0R8Pci1M,1.0278,51.45,237.44,23.44,2.5194,-1.4916,43.37
jietR5wz4E0,,,,,1.9051,,
_du5WTDuRfU,,,,,2.6645,,
IqyodhibLvI,0.6396,105.09,185.89,1.89,2.7791,-2.1395,9.72
oUKQF8kEvGg,3.4311,111.3,150.85,50.08,3.2535,0.1775,26.99
oEVpf1bXEPU,0.1043,13.38,179.94,17.04,0.0,0.1043,13.37
HD6kul6JwWg,2.9927,94.33,194.0,41.65,3.1054,-0.1126,49.47
5fM3tN_AV-I,3.0065,107.35,203.19,45.13,3.0681,-0.0615,67.34
GO5GvYs8fjM,2.6411,80.94,174.52,29.72,3.1234,-0.4823,42.61
3Apn3dCsFXQ,2.7497,97.39,198.71,35.63,3.1238,-0.3741,55.89
qRNAbZDUG6I,2.5165,60.1,184.68,35.07,3.1037,-0.5872,18.7
WZS61d0XJCc,1.4737,18.26,221.46,87.46,3.2793,-1.8056,-11.95
mA829mXsovQ,2.7254,91.9,191.3,45.94,3.0724,-0.347,53.86
4jzJCqUtO74,0.0,0.0,100.35,-0.0,-0.0,0.0,-0.88
3tTvfavvGgE,0.7476,126.51,88.88,19.8,2.0909,-1.3433,-17.75
DuDqStgt150,3.1475,39.51,111.78,61.33,2.2435,0.904,-6.49
q13yrrhBv2c,2.2485,100.16,145.25,18.64,2.3878,-0.1393,-12.81
1Db76hChIGU,3.1888,56.55,98.9,39.74,2.7067,0.4821,-17.11
E4e9To5XPVg,1.9825,62.06,136.26,24.91,2.4058,-0.4234,-5.05
eKKRFZjuUTQ,1.5141,36.62,134.14,24.05,1.6263,-0.1122,-35.93
D7V-7UQcxiY,2.2369,15.2,117.93,32.48,0.9107,1.3262,-12.82
b4iVaQHTYS0,1.3726,65.15,106.81,28.03,1.5959,-0.2233,-16.46
91bUwCBKc1w,2.7224,37.97,120.77,29.87,2.2515,0.4709,-13.83
pfdzW9pUWjE,3.1458,156.64,116.94,32.81,2.6109,0.5349,-31.98
vQ8Fp7yf1pg,2.4041,102.66,133.78,33.46,1.4596,0.9445,-4.76
i_lTZdDkp9M,3.0311,109.82,133.52,42.86,1.0382,1.9928,27.28
x08l-XkSr9I,2.7935,139.37,96.38,47.39,1.8144,0.9791,-50.94
5xKkmPTFE2U,2.8091,148.28,169.69,64.05,2.3818,0.4273,-22.07
dbsNMbORfYw,3.2163,153.42,95.17,54.2,2.0009,1.2154,28.67
zEQDQWufbdE,3.7124,72.09,110.09,39.92,2.4817,1.2307,-20.86
1NVaseTv36w,1.6344,113.7,159.18,20.76,2.1729,-0.5385,-10.77
s_P1X-hfyXQ,0.516,10.0,173.21,39.57,1.3659,-0.8499,-7.96
WZyvjaM2184,0.0,19.18,212.15,3.04,2.0459,-2.0459,-35.66
9XAXWLJNs8M,3.3837,151.41,138.67,41.77,2.3338,1.0499,82.78
9pFtLEOeUkI,3.5625,172.03,114.15,40.78,2.4835,1.079,56.3
jb9mwdNvh-w,3.5115,147.87,128.46,40.59,2.3748,1.1366,39.07
Y0wssbcdUME,3.458,140.69,139.42,41.63,2.3235,1.1345,50.2
Lz_1NVRJlqI,3.4139,127.48,131.05,36.74,1.7476,1.6663,39.54
YsqljU8q2DQ,3.4334,148.87,131.59,37.72,2.8901,0.5432,43.5
e6t9Uo88pRs,3.419,137.65,138.52,49.12,2.6528,0.7662,49.27
Fme8Y1-NP-A,3.3119,142.61,131.74,41.81,2.7402,0.5717,46.61
WmdX-dhBwWo,3.4692,159.83,115.54,45.1,2.0986,1.3706,40.49
x_k0tZlO5G4,3.4037,154.83,128.81,40.11,2.4974,0.9063,39.67
KBQsw_eDneE,2.6282,109.33,66.11,31.87,2.2365,0.3917,13.43
SL7-jimAB7w,2.8124,103.75,73.67,43.61,1.9778,0.8346,-1.33
5GH91FPsMVI,3.5364,71.44,77.15,32.1,3.0002,0.5361,-4.65
NehMOq-VYIU,3.2608,46.24,61.19,25.28,2.2699,0.9909,-17.52
ioIdMTe1hhg,,,,,1.7519,,
VwIlUBtnX9M,1.4433,47.81,163.97,12.59,2.6088,-1.1655,1.56
6iP5V-RcY9Q,1.6141,46.43,201.27,27.28,2.2568,-0.6427,-22.37
c1SmkUGlmoE,3.4804,135.57,125.68,58.91,2.8922,0.5882,83.77
LMK-4t8nJZk,2.3609,95.16,174.8,31.39,2.3974,-0.0365,20.27
9AOAgaPK5hw,2.9275,85.02,198.4,24.99,3.1311,-0.2036,-10.33
XRsjWKJw5ro,3.0956,145.52,132.47,47.19,2.7533,0.3423,39.31
UBASHWoB4mI,3.4592,151.71,102.2,48.97,3.1153,0.3439,43.65
gf4FidvSGgo,2.7571,114.71,89.42,36.98,2.7867,-0.0296,50.63
cDtlNgnGEx0,3.0419,124.21,117.84,26.85,2.9579,0.0841,47.52
geR9wH_2PsQ,1.3719,92.7,147.67,44.18,1.8247,-0.4528,-18.52
zVwC0ABLUrg,2.7492,151.08,107.38,33.82,2.5885,0.1608,31.32
ZEfKE9-N00E,3.0891,138.87,134.93,33.59,3.1216,-0.0325,10.35
noNb2UfZ8ao,2.9325,192.47,100.61,32.39,3.3684,-0.4359,80.98
mp-1czKOyPQ,2.4635,178.14,117.95,50.12,2.5562,-0.0927,87.14
b7J93IxTWW0,2.8903,105.74,107.69,22.07,2.6107,0.2795,17.14
Ut93iZMafxs,2.5236,21.03,63.15,39.0,2.1641,0.3595,-41.95
z9VB4YJl4QU,2.8523,51.47,197.59,24.17,1.4506,1.4018,-1.12
iLLcc8yjIIY,2.3351,175.1,126.28,67.86,1.653,0.6821,-13.79
I6Qqbmd0RAU,2.6884,49.61,170.36,59.92,1.0185,1.67,6.18
BCsNQmFszV4,0.2743,156.21,122.22,5.78,0.3071,-0.0328,-36.37
aSGSHcGQ3uo,2.8011,85.65,171.14,37.58,2.2896,0.5115,29.37
WItrVdjR8LE,2.5942,93.03,171.05,38.43,2.1237,0.4705,29.79
X334y0X6E3c,2.6393,97.99,171.8,42.1,2.7866,-0.1473,55.53
7MYyxoDngmU,,,,,2.8861,,
UDBtd6q9nzI,2.6077,85.61,175.53,37.34,2.7389,-0.1312,41.77
JHwM7Ey4qQo,2.7862,85.44,174.06,47.15,2.2604,0.5257,31.97
VVY8FtdB1Jk,2.6735,74.49,179.73,61.16,2.3917,0.2818,31.86
TnWpB4glvbM,,,,,0.7247,,
r1DQ8KwbUe0,3.0236,132.0,151.97,29.84,2.978,0.0456,71.66
Tp3KiVDHBtM,2.6904,143.68,129.85,20.61,1.5657,1.1247,81.01
jxJ4qCLuoX8,2.9507,145.73,94.56,22.58,2.5682,0.3825,115.01
n0vVXqDW16g,2.9814,167.06,126.28,29.59,1.8553,1.1261,83.89
RHG0gxLpwB4,2.2521,176.28,120.22,16.01,2.2783,-0.0262,121.93
qd2Ewymqt44,1.5522,20.78,196.59,36.46,2.0964,-0.5442,-8.95
he7mg5kFd-U,1.4109,37.06,146.41,15.87,2.1193,-0.7083,-16.65
qhsqars6f9c,0.8086,41.23,209.12,11.33,1.3356,-0.527,-8.48
g5a3OwNs-ZY,2.2953,132.08,119.63,20.64,1.9224,0.3729,-23.39
zWd9Tce_-s8,2.0634,82.92,229.48,25.07,1.3002,0.7632,-9.83
gNynzvC-GH0,,,,,1.8057,,
6VzFnqcVyz4,1.3564,123.68,148.64,13.77,1.6654,-0.309,-35.04
ApoqmYHv6F4,2.266,118.15,138.76,33.21,2.2164,0.0497,-16.84
T7miMnLo0Ic,2.2534,32.48,178.33,28.02,2.5484,-0.295,-42.26
P0erwvYWHcM,3.4514,130.87,89.31,36.66,2.0784,1.3729,73.81
pgFQ6ox8w1c,3.4707,142.65,106.36,33.96,1.7443,1.7264,76.86
-58LkJBFFHo,3.2798,162.97,104.39,49.7,2.5929,0.6869,40.71
o-PqKgbHMog,3.276,110.9,83.55,33.86,2.2505,1.0255,-21.28
caPy1vVujGo,3.3756,171.67,101.51,44.36,2.5338,0.8417,67.85
caf4Cv1a_HE,3.1691,171.19,99.06,51.21,2.9818,0.1872,69.95
52Rr6pJxwoM,3.053,148.24,111.7,28.89,2.0992,0.9539,70.35
PNXSrUt9GfM,3.295,168.18,83.59,31.88,2.9598,0.3352,60.28
m47QGH_ybu0,3.6663,169.21,87.64,40.79,2.8416,0.8246,64.01
t9wW62Cz3DM,3.6158,172.51,86.19,41.2,2.9824,0.6334,85.21
kq5MVQAMmrU,1.0691,205.67,197.04,6.77,0.8161,0.253,6.5
p-0WEw6E7Ec,1.7322,63.63,146.77,23.25,2.8478,-1.1155,-9.88
I6NYYBPYNUA,3.0856,57.38,144.13,21.9,2.0392,1.0464,-52.02
TJJxvZ3XX7I,2.4373,84.06,144.42,37.12,1.854,0.5833,22.66
gdmrPmwTNy0,2.2933,128.52,124.47,21.16,1.4327,0.8606,-28.43
Eddl_Fg3-9o,2.9597,55.73,150.79,46.62,2.3838,0.576,33.44
QnOFgsqFTcM,2.6793,145.73,180.91,35.04,2.0764,0.6029,57.87
Om-HdOS4QzU,2.7194,168.42,142.7,25.53,3.0819,-0.3625,47.89
REQy1kdr-Tw,2.991,118.57,131.23,28.1,2.1251,0.8659,17.08
cxVAenYmPEg,1.1759,167.9,163.6,8.48,2.3756,-1.1996,54.53
E38a85xVR1I,1.4569,10.34,239.08,26.74,1.839,-0.3821,3.09
cAmQvi3o8Jo,0.3611,38.46,248.25,17.89,1.4019,-1.0408,22.63
rm7bib2vx0s,0.0464,38.08,250.96,12.49,1.5939,-1.5475,12.22
vgBI-3v4pdI,0.1544,16.88,251.87,20.85,1.418,-1.2636,-10.51
NYGXpUDhxqg,3.0039,155.0,147.11,47.68,2.809,0.1949,-15.04
jkCqkNuiNy4,1.5533,26.83,243.57,19.08,1.9102,-0.3569,2.95
uknYjvjQjHA,0.8764,39.6,250.76,11.71,1.924,-1.0476,32.4
iajy4Vneil0,0.4794,22.18,246.4,24.79,2.2961,-1.8167,15.69
zyFgQJLsgIo,0.1554,23.5,251.74,14.91,1.3412,-1.1858,3.0
3a9my3D6ER4,3.1385,175.07,177.52,37.85,2.944,0.1945,107.25
7YjKA7jKPfs,3.1977,168.06,96.85,30.28,2.8625,0.3352,38.54
NIZLMmyvE1U,3.3527,179.84,149.5,41.87,2.6539,0.6988,111.38
QRZHJpZPAoQ,3.2002,126.58,145.51,33.83,3.3798,-0.1796,62.74
qGRADYyExtE,3.1993,137.09,127.34,41.0,3.3941,-0.1949,85.47
r4GOnqsjZqA,3.0586,139.93,138.95,52.46,1.5348,1.5238,82.01
P4l7dKgaLGI,3.2385,157.91,142.33,37.33,2.3638,0.8748,52.27
3G0aggFSXiI,0.7966,165.64,108.88,18.82,2.2178,-1.4212,-18.17
Jwgh4mNnPPw,1.433,217.06,199.94,35.49,0.557,0.876,-10.58
W4FUIpcx8QI,3.2981,104.87,110.1,24.91,2.8018,0.4962,15.3
PTWNiD-JVQM,2.7282,122.54,119.64,25.63,2.6937,0.0345,52.62
suVD6yc1whI,2.9326,117.32,119.04,19.35,1.2614,1.6711,-12.24
IiIJ82PJh4Y,3.0025,142.53,117.09,27.01,1.8651,1.1374,-5.85
NswaJHIXo-A,2.782,155.03,120.98,25.8,1.7534,1.0285,7.47
e20WJ1FLnjY,2.9962,106.38,119.64,19.85,1.622,1.3742,-1.41
8Qtx8Y8Uyug,2.8797,130.23,118.16,19.59,1.5066,1.3731,-21.15
hE0hHvCCHV4,2.9973,111.15,78.37,22.72,1.4402,1.5571,-64.65
SWt69rxCLmk,0.7831,126.0,130.4,4.3,1.301,-0.5178,36.45
5CN2eyAVHZI,2.3268,108.73,97.5,25.65,1.9837,0.3431,2.49
4Q5ouQVVP08,2.4055,134.82,103.41,21.93,1.2835,1.122,41.6
inneSNWT-lU,2.1831,111.02,105.6,33.3,1.603,0.5801,-25.46
P6be6NYswj4,2.3055,122.53,102.43,22.08,1.8995,0.406,-6.66
-eX8rs6_iqw,1.6592,39.63,120.09,41.1,1.9204,-0.2612,-25.36
mAM1WJmptDU,2.4431,126.98,106.05,24.32,1.7448,0.6983,22.08
ZLRibWzrpDY,2.6063,144.6,106.44,27.15,1.3665,1.2399,-16.25
zFOhb5fqu5k,1.8845,91.05,102.07,22.15,1.5584,0.3261,7.59
7r0DM7A9cS8,2.5758,118.75,99.98,23.81,2.2053,0.3705,-30.59
5RM9dxvPEHE,2.1041,124.95,106.7,19.77,1.8278,0.2763,-13.29
cSy8-VWSkhM,3.3581,89.03,154.35,57.74,1.9857,1.3724,8.91
rA593Qzd5SM,2.3185,70.56,146.33,45.31,1.9193,0.3991,1.62
YUTIoNg9wGA,1.8811,110.12,169.6,26.74,2.5524,-0.6714,-20.47
HhJ8O0pjoaE,2.0996,166.82,148.92,43.84,1.9527,0.1469,-0.97
wFtavS_E-vo,3.2026,153.04,93.34,30.25,0.3655,2.8371,66.88
IXa0hD5_Gsc,3.1447,139.0,94.77,26.16,2.0251,1.1196,89.26
CP864ds_EnE,2.8856,178.41,94.72,28.46,0.511,2.3746,75.84
VRcn8rhFwAs,2.9244,170.03,118.49,29.22,0.635,2.2894,72.43
eyVfgkQ6HJc,3.4483,168.25,87.1,36.92,1.8815,1.5668,28.37
q7JwkQUiU5o,3.0413,171.09,118.78,29.14,1.0343,2.007,46.7
crS2ZHv18uE,3.1609,151.44,95.28,29.63,0.4672,2.6937,61.86
VrOp-4SlSKs,3.4358,155.83,88.68,36.89,1.9474,1.4884,75.86
zb5yYtjLMDM,3.5251,133.45,98.69,38.86,2.1334,1.3916,64.0
iLtL1miLj6Y,2.8674,162.08,92.69,25.4,1.2883,1.5791,38.45
oA1tkQYSMVU,2.0166,61.89,167.8,35.14,2.0946,-0.078,-17.61
s9ggq5oW9hA,3.1749,154.42,98.46,32.37,1.918,1.257,89.11
eF9Kjm3L4I8,3.1718,162.94,109.79,42.13,1.0521,2.1197,78.72
FwwdYpwnsco,3.5301,119.64,59.58,30.5,2.1756,1.3545,48.37
vkVsyF9U-24,3.4497,161.69,69.59,46.79,2.3822,1.0674,67.49
0hmExXJwvPM,3.4361,152.02,86.38,37.33,3.108,0.3281,84.4
gL1UWlgcHzg,3.4953,168.75,69.37,51.2,2.5289,0.9664,67.73
oOCXRBTjvoQ,3.3078,136.3,94.81,30.03,2.7772,0.5306,68.53
--uiPtAzTME,3.0505,165.33,76.18,43.7,1.3536,1.6969,89.31
jTBdaqrxkMo,3.5395,163.1,111.54,40.78,2.0674,1.4721,68.61
a0vnxkolCnY,3.3681,152.61,103.21,38.25,2.2455,1.1226,71.66
5qxUuPyKkWk,2.128,109.17,156.38,20.67,0.8409,1.2871,49.96
syK7p2wO9Yo,2.3534,107.81,155.34,26.33,1.8342,0.5192,25.31
37ntp2cHg98,2.4728,110.98,156.54,29.49,1.9479,0.525,-1.06
cGqJkrSm0g8,2.4176,106.86,157.97,27.23,1.485,0.9326,55.24
mJstyDHHerw,2.3317,109.42,148.98,21.75,2.2733,0.0584,21.64
d6WVkQ4Civw,2.5147,113.5,155.46,29.68,1.7341,0.7806,-0.51
jt29BauW75o,2.5229,102.5,150.48,32.67,0.8564,1.6665,43.75
Dwp6q0dqa58,2.3525,103.72,162.11,29.3,0.563,1.7894,60.8
koQLqHOV6Tg,2.3461,105.06,164.32,26.67,2.2456,0.1005,58.52
jjJpaosW8No,2.2207,85.19,147.38,42.65,1.7892,0.4315,58.34
zQXtUpZ6Hlw,2.7578,131.97,155.6,21.38,1.7227,1.0351,-94.78
KjU-5teXn2I,2.5432,138.99,119.81,23.08,1.9282,0.615,11.42
ddCYfmXKFbc,3.1555,135.74,136.17,41.97,2.5361,0.6194,46.67
LjCdV02l2ZY,2.9857,120.58,107.5,38.05,3.3885,-0.4028,66.04
ZUek_DRVp9g,2.9322,131.33,117.34,49.03,1.5958,1.3364,-15.15
3XEPPeHPXHI,2.5645,136.78,154.79,20.29,1.185,1.3794,-16.0
8uzlzPBe57A,1.9316,41.65,156.45,21.26,0.7947,1.1369,-11.3
ygFKMxnn4-c,3.0297,129.38,119.19,45.98,2.631,0.3987,68.64
taQdfTk_MeY,3.1581,89.67,169.13,42.87,1.9359,1.2222,-40.32
9kMHQAv8xok,1.9316,41.65,156.45,21.26,0.7947,1.1369,-11.3
R0NlFzalnpY,1.3702,117.55,159.95,46.05,0.3104,1.0599,-68.1
1jnatUEvqmc,3.2263,62.29,121.39,46.08,2.9235,0.3029,12.17
4oyo3NmZo1M,2.9362,32.98,154.19,65.61,1.4031,1.5332,-59.35
rfAOMYHuph8,2.3786,26.13,78.44,12.16,2.118,0.2606,-5.18
IjOKy0MmtNU,1.984,96.84,100.03,28.56,1.0863,0.8977,-52.61
mjQ_CyKnSOM,2.0974,54.74,167.06,39.43,3.0008,-0.9035,-2.6
QsdHy_UoLNQ,2.2256,121.86,197.6,49.74,2.7497,-0.5241,49.92
11c0PkAm3cQ,2.9293,53.49,154.3,33.84,2.7405,0.1887,4.85
65QnjNawos4,3.3576,42.43,109.87,39.11,3.4638,-0.1062,0.11
UHVfteJoYqo,1.9645,67.55,158.22,32.66,3.2262,-1.2617,9.71
2A1u_kdqpts,1.962,61.99,198.8,19.02,2.8253,-0.8633,27.15
Zv2HCBR1KZM,,,,,2.671,,
QQic0o3MrDI,3.4927,130.47,82.41,35.79,3.1456,0.3471,39.52
Ug3qyvqsbsI,3.4674,113.82,58.97,44.3,2.6571,0.8102,-2.67
reU4_1lBNMM,3.5529,131.93,52.06,30.03,2.7071,0.8457,-21.07
8Xnwg5XUOos,3.5667,111.42,57.88,39.98,2.5073,1.0594,7.67
LZYsSr6LIU8,3.4493,101.38,62.56,43.7,3.2223,0.227,22.78
W8riiYQzs0M,3.5042,108.56,54.9,45.22,2.2213,1.2829,-27.64
zY20SgwM7EY,2.9687,158.13,127.08,28.13,2.2466,0.7221,-4.46
nSJDQRi3FR8,3.2436,119.1,46.78,35.52,2.7492,0.4944,-28.04
KX6hu8MtUMI,3.4548,139.4,49.75,34.98,2.7873,0.6674,10.34
kYqaQ-fjjNo,0.8086,46.03,172.72,39.67,1.6647,-0.8561,28.24
ykeGbt3F70M,2.2794,69.29,217.22,39.5,2.2764,0.003,5.37
CRdcb4IQiEU,2.6944,185.89,94.76,36.16,1.8242,0.8702,29.79
EYYto30vuFQ,2.6458,139.71,100.06,20.18,1.7119,0.9339,49.6
brEiYGCA9mw,2.6421,140.63,100.58,19.77,1.6919,0.9503,49.05
nndBu2H8lJI,2.6571,145.88,101.58,19.92,1.7246,0.9326,52.92
Z8Fs4vMglHI,2.747,137.72,107.41,26.0,1.2416,1.5054,63.8
IdmNRYVEePw,2.7205,128.72,107.74,26.76,1.1104,1.6102,51.67
72bNbXVQz-Y,2.6249,112.12,158.8,26.7,0.9318,1.6931,49.54
wnQ7FJmcGqs,,,,,1.4223,,
k6Tq9SUsP4w,,,,,1.7424,,
HcARgcdsgkk,,,,,2.7013,,
8go5AFuYWHo,0.0,0.0,214.29,-0.0,0.0,0.0,0.0
-UKfyhtmdtE,0.0,0.0,215.38,-0.0,0.0,0.0,0.0
55fEshPADh0,1.9928,12.25,228.44,38.5,2.6371,-0.6443,5.31
qMqvT1D3_T4,0.0,0.0,218.94,-0.0,0.0,0.0,0.0
2j2hLFxRgOk,0.0,0.0,215.02,-0.0,0.0,0.0,0.0
X_LL4-wYiVE,,,,,2.2827,,
y3dAaBiSl_A,3.0592,86.34,101.39,29.53,2.7456,0.3136,34.56
SWAuV4VPsoo,2.5984,62.91,196.26,29.19,2.6749,-0.0765,18.45
g4bqtVVEghU,2.5689,61.67,117.43,31.04,1.8685,0.7005,21.32
bfszjeBMXO8,2.4153,79.3,119.18,39.83,1.4905,0.9248,21.56
XYXQjTYuiig,3.0927,76.65,117.59,34.83,1.7595,1.3332,28.84
jUL5fztoKNA,2.6324,114.36,153.17,44.59,1.6822,0.9501,22.42
oDqvgQE_f64,2.4804,55.9,171.29,33.9,2.2935,0.187,24.45
25NeyOuv8mE,2.8261,81.56,112.13,54.18,2.6181,0.208,44.97
n1Hcf0tgMSQ,2.6185,83.75,168.25,52.52,3.1037,-0.4852,20.74
pp2r9rCUZEo,3.0999,153.26,130.0,62.87,1.6695,1.4304,54.89
Sdv5z7Eh_k8,1.6757,147.71,156.72,23.86,1.2005,0.4751,-39.62
eOl5lEGyuPw,1.6287,54.31,207.15,45.91,3.3601,-1.7314,11.55
S3JVLkpBtwM,2.1435,17.04,111.4,7.65,1.9434,0.2001,-72.28
V3LJ27YyCFw,0.9927,13.41,171.68,7.56,1.0195,-0.0268,-104.44
C0IrlHM9k3c,1.0181,66.19,162.25,15.62,0.7761,0.242,-28.64
e9FPIcvSSRg,2.4898,117.97,165.45,36.77,1.1991,1.2907,-23.93
krEI05HOJgY,3.2083,194.9,137.76,71.79,2.6847,0.5235,92.23
LWpcmkcoBDc,3.2905,193.9,127.35,58.2,3.0082,0.2824,74.63
qKJCWqTSTq4,3.2352,191.06,131.32,64.74,2.8692,0.366,83.12
eqoo4075teE,3.3053,191.25,128.38,64.11,2.4022,0.9031,109.02
qb4GS9jUNzA,3.195,181.53,132.15,54.12,3.1402,0.0548,110.78
zU6GGAaZPNo,3.3004,194.81,138.49,63.78,2.8794,0.421,99.66
ycmUaywcfvY,3.2431,183.48,128.75,56.83,2.2041,1.039,129.23
SypDF2WE0AY,3.3153,192.25,133.34,64.13,2.6932,0.6221,121.06
eolp0fNmH5c,3.0981,191.17,134.57,66.78,2.088,1.0101,120.58
_xDW-Z9sSrI,3.1215,199.8,137.32,65.18,2.5698,0.5517,124.11
7aWbPsLcKOM,3.1932,126.66,107.05,29.66,2.1445,1.0487,40.57
Rq-hQIMCeIc,3.4084,115.5,69.76,56.01,2.6157,0.7927,55.1
VuB9PN6Wd-c,3.4176,110.57,116.01,56.94,2.3497,1.0679,28.12
WiPgaWEYzM4,3.1713,122.38,99.05,34.26,2.3589,0.8124,47.34
MoBwDCL5Er8,3.5937,94.91,91.69,52.44,2.71,0.8837,57.15
bGn29w-2BzI,2.8938,103.73,93.38,40.12,1.734,1.1598,24.26
Ie9FTB2_KN4,3.7352,82.96,115.41,49.08,2.9796,0.7556,18.03
9b91BczDC0A,3.5473,108.73,67.9,41.66,2.9038,0.6434,50.21
dgXLmS6U-Ls,3.7462,87.5,112.23,51.27,2.7766,0.9696,31.31
ZPYWQSKWKt8,3.3346,108.96,82.75,25.26,2.2163,1.1184,11.74
tUlaGA9_Wnc,2.6048,165.84,105.17,40.2,0.9311,1.6737,-54.69
9cyjfr9PU_A,,,,,2.9792,,
SBx_-f68ixk,2.7973,120.02,114.92,24.46,1.6728,1.1245,12.04
FGp1rsDjjZk,2.7104,120.55,107.0,21.44,1.9199,0.7905,-10.35
yxNg_BdypfI,3.2008,96.15,105.46,27.03,2.0297,1.1711,-39.05
Q0QI_xUtaKE,3.0901,119.87,106.87,39.77,1.815,1.2751,-41.9
lpxgtuxiEXc,3.4333,59.63,101.77,19.42,2.2414,1.1919,-45.5
_OVYtYbyINE,2.8812,45.46,110.67,25.61,2.0757,0.8055,-56.03
1OEci8uOm3o,3.0448,126.67,105.55,41.42,2.3834,0.6614,71.89
UT7UAjsK83Y,2.7404,96.63,115.97,35.72,2.8003,-0.0599,52.39
29RKqIOlTKs,2.8045,116.16,101.97,41.81,2.3379,0.4666,72.7
Ej0IerxzV0c,2.5387,105.26,89.44,20.59,1.834,0.7046,43.05
FqXuxi5cftI,2.6691,127.6,103.66,48.81,1.7838,0.8853,-5.32
jyPGf9MxPKo,2.4773,143.82,97.98,20.63,1.8942,0.5831,19.71
SvxRqeHT9do,2.6935,125.32,94.43,46.95,2.1436,0.5499,15.3
vX6d7wU_jr8,2.5588,144.7,117.41,22.43,1.7924,0.7665,54.36
8tIWpG7uTcg,2.5854,94.18,91.43,27.72,1.7028,0.8826,69.71
B97FqB1aHeM,2.716,135.42,85.78,28.61,2.9493,-0.2333,67.69
XvtklkkyWE4,2.7443,93.48,67.79,25.44,2.7766,-0.0323,-26.66
0jJdKLuF45g,2.0572,88.39,71.45,15.19,1.8361,0.221,-18.61
w5GRRccVKQw,2.8636,40.82,104.06,44.63,2.2173,0.6463,-26.15
8Er1N82naRk,2.5342,120.9,86.97,27.4,2.3631,0.1711,-12.15
2YSo6vp64MQ,3.4795,105.53,105.43,46.91,3.2801,0.1994,25.39
ylH0S8ClPRw,2.5074,29.65,112.08,23.64,3.4941,-0.9867,-32.12
on0YvL5_YtI,2.7709,89.96,70.94,28.33,2.2902,0.4806,-43.63
Eha3k35vkfg,2.5622,17.98,84.68,18.79,2.7259,-0.1637,-67.12
zlpr_ioo_U4,0.7304,24.73,137.25,21.62,2.9925,-2.2621,-32.12
VFwOD-MU1R8,2.102,150.02,115.84,17.95,1.5,0.602,11.75
aBKQVRG-CSo,3.0431,101.87,142.91,66.02,1.082,1.9611,44.94
764O5i6kf_k,2.8384,112.89,143.28,31.31,2.9264,-0.088,24.82
8zKMLDqhU6Y,2.1866,158.01,190.29,32.72,1.869,0.3176,10.32
n4fPwK9GQII,1.1553,80.63,167.91,14.66,1.6216,-0.4662,4.93
SlTuYcdmIxE,1.5473,16.19,184.83,14.54,2.529,-0.9817,-14.54
RKiQFVR21Ps,1.3401,23.45,213.33,6.9,3.1121,-1.7721,10.65
bpOMEapE02A,,,,,1.5337,,
7JisjQKFABI,0.9402,132.42,162.84,15.46,0.6724,0.2678,-64.4
dsuVESrNY7Q,,,,,2.972,,
jbTO4gSkhjE,3.4424,115.63,152.5,59.9,3.2087,0.2337,-19.06
7ic3-z1hL1w,1.0677,99.36,231.85,8.74,1.8308,-0.7631,-17.98
6bAV3ciqEuk,3.1934,156.01,132.58,31.03,3.1865,0.0069,-4.01
3RHUhhSeLFM,1.3298,92.27,131.94,17.69,1.644,-0.3141,-55.09
sHcIfYu0SL4,2.4203,89.63,157.99,23.64,2.6239,-0.2036,4.16
UQygvMBe3rs,1.5022,81.52,139.73,16.28,2.222,-0.7198,-12.61
Qk3QsPWgycs,2.1484,43.48,203.57,30.78,1.6733,0.4751,24.16
FdDl2nbV_u0,2.3576,109.24,191.09,28.88,3.294,-0.9364,18.26
ou_G6W3L_pw,1.8083,63.49,248.79,24.38,1.5382,0.2701,35.58
_7SakQ1NNCk,2.5261,66.3,184.73,30.69,2.9828,-0.4567,-15.34
9Z-0NtX6VGE,0.7566,139.47,228.25,27.52,2.9142,-2.1576,8.88
eHwc90brlo0,3.5985,142.93,126.97,43.46,2.3884,1.2101,63.73
ZiguiNHfHo4,3.6416,142.74,122.42,38.28,3.0001,0.6416,56.92
w_OVoJLgPl0,3.5822,147.99,128.32,37.05,2.7522,0.83,61.34
1cFscHX3zUg,3.566,151.0,122.63,45.01,2.6342,0.9319,77.09
oXMweDWQJhg,3.6015,147.4,116.1,42.61,2.8773,0.7242,67.17
aYCVRLZFT-U,3.6112,147.99,125.44,43.49,2.8415,0.7697,62.63
dOagGAVrEv0,3.4626,160.93,121.99,34.42,2.336,1.1266,51.35
1xMT9bzVaOQ,2.0053,153.13,171.14,23.79,3.2418,-1.2365,77.77
RSznKiRMtng,2.3635,29.94,193.22,21.03,2.0179,0.3457,18.01
lNQIfUgZag4,2.1799,88.3,177.01,64.0,2.7527,-0.5727,55.05
5-EcsCRHsW4,2.5308,23.11,177.19,55.01,2.6951,-0.1643,-9.97
y0qL0hDOw2c,2.6537,61.91,147.48,30.16,0.9319,1.7218,29.45
l-GZdnY8j_8,1.5693,120.71,171.31,35.2,1.812,-0.2427,-23.02
3GkffOSboaU,1.6511,32.37,164.13,17.17,0.5267,1.1244,-16.83
AZ-0WW6ypQc,3.1496,115.19,88.69,26.68,1.0129,2.1367,22.23
ln0mLVgUMUU,3.0636,113.21,90.36,26.21,2.1338,0.9298,34.77
C6naI5vVBn0,2.1759,105.69,162.28,20.21,2.3005,-0.1246,51.17
2Q1sM0kZV5c,2.5861,199.52,139.68,28.22,2.5712,0.0149,115.61
ZYzesOkz070,2.762,164.66,139.53,42.77,3.0713,-0.3093,76.66
M4490FEuEG0,1.8817,40.62,153.99,17.16,2.0872,-0.2055,-1.42
hRXtHch8zZA,2.3113,153.92,138.36,23.15,1.8451,0.4662,17.72
ugbI42-23t8,1.5477,36.66,194.73,31.78,3.199,-1.6513,-9.32
2zP91bu3Yug,2.3743,37.79,175.92,34.86,3.2877,-0.9134,-12.4
Y3jyWdKgLHs,1.926,46.32,124.98,27.83,0.9881,0.9379,3.13
AgtAFjYMSvc,,,,,2.3108,,
HdZWLYiQWPw,0.0,0.0,60.35,-0.0,0.0,0.0,0.0
9FUHjaV5RZY,1.8779,86.4,147.25,29.16,2.0015,-0.1236,64.64
rI2XMwctrw8,0.0,0.0,124.04,-0.0,1.9476,-1.9476,-2.59
3BJaZmxWhk4,0.0,0.0,80.97,-0.0,2.5855,-2.5855,-1.11
t65Gz3wS6-Y,0.0614,99.43,197.2,10.03,0.0269,0.0344,86.59
sbIirSj5JN8,1.9573,199.38,192.59,26.0,1.7443,0.213,27.22
DPNM8xJFBwk,1.3744,115.72,188.39,32.18,1.6246,-0.2502,39.09
HBV_KiopSxM,2.4633,141.05,118.52,57.35,1.263,1.2003,25.31
JkhWKszPgW0,2.4271,124.9,115.81,52.74,1.2301,1.197,6.59
C33w850z7dM,1.0516,158.29,131.09,17.63,0.957,0.0946,-30.4
MneYPNRlGVk,1.0691,136.33,144.82,19.3,1.1649,-0.0958,-26.11
gEbyPHKV-zk,2.0769,140.55,201.35,36.68,2.1711,-0.0942,8.4
V7KB7-09TCU,2.886,97.03,166.69,48.93,1.6748,1.2112,-23.98
UCvR3rz_03U,1.9989,101.58,235.61,22.28,1.4485,0.5505,50.93
y8BY_EaNAvI,2.777,137.57,153.37,35.4,3.2659,-0.4889,57.45
M6IiKMRRczM,2.3971,40.18,121.73,12.86,1.752,0.6451,-95.96
sO0sFX-w7mU,2.7932,83.42,159.88,33.13,3.2247,-0.4315,39.61
bGOsKhCjKNY,1.5656,112.87,186.04,27.03,2.5777,-1.012,21.37
cDEJXZMnyKs,3.2414,3.2,70.14,4.16,2.0598,1.1816,-72.71
TVZMZs57FxU,1.2375,60.49,148.59,21.06,1.8791,-0.6416,-8.72
J0LJ4UEqXVw,2.3842,101.87,194.38,43.8,2.1524,0.2319,10.65
KZuSyMjtMNc,1.7133,90.1,222.87,34.84,2.0881,-0.3748,33.06
SJCicCFb2ms,1.1506,85.33,198.0,5.83,1.6111,-0.4604,5.16
AnR_yx6lrC4,1.173,56.18,157.48,36.72,3.2471,-2.074,9.14
tOMi89SWP7c,2.3344,85.71,109.83,32.54,1.6379,0.6965,29.26
Tebkf1r7Cp8,2.4563,99.91,112.25,35.54,2.4332,0.0231,42.8
qqCZdgbMk5s,2.4032,85.34,106.98,50.77,1.8656,0.5376,36.52
yWJFVm2IL5g,1.7818,72.71,209.6,27.79,2.7493,-0.9675,52.96
URL8BdaY4JY,1.1218,178.95,165.93,17.13,2.6586,-1.5368,125.32
2vmfM3sniqY,1.1427,180.98,172.87,20.64,2.4972,-1.3544,97.8
X59TUU16IKw,1.2673,188.46,170.28,22.27,2.3453,-1.078,116.01
pSU5m1GTkSU,2.594,79.97,186.69,49.46,1.6922,0.9018,35.16
OjPlR8qC4ZM,2.9794,80.1,176.85,43.63,2.321,0.6584,48.38
7sFayhOhjXE,2.8469,101.87,180.27,34.71,2.0803,0.7666,20.2
WlRgqa4YoBI,2.3761,85.78,162.84,49.11,2.5517,-0.1756,33.65
gISnpac7K6w,2.506,70.22,184.65,18.26,2.5404,-0.0344,10.84
CskK_vLF8xM,2.3242,73.19,185.32,23.78,1.4304,0.8938,21.1
MQZuEnrEu1Q,3.5725,90.51,184.07,54.11,3.0284,0.5442,29.29
baM5NnHdp5I,2.5675,96.35,178.34,23.87,2.7875,-0.2199,51.68
3bMMfwXnEMc,2.4614,106.52,209.6,34.03,2.4876,-0.0262,55.09
Xp33ySS96cE,1.6953,68.89,208.47,37.73,1.427,0.2683,12.44
TB7ymlbmHuA,3.3776,123.93,156.41,72.32,2.6564,0.7212,38.28
2L8LoWDd2ik,3.0881,113.36,145.35,39.24,3.1244,-0.0363,46.6
bRPNRd3qQJQ,3.137,105.33,162.54,32.1,2.9708,0.1662,30.76
-T4yruHjgUU,3.0628,80.74,157.64,30.9,2.7239,0.3389,-21.71
lCWLYnyYeN8,2.7802,108.5,155.0,28.5,2.2251,0.5551,40.51
hFfQHkmZWhI,,,,,0.9574,,
zPs1ZCFlX4o,0.678,108.6,207.56,5.51,2.2373,-1.5593,30.97
XNYEcV4gdE0,3.416,72.68,158.17,32.37,3.5375,-0.1215,3.12
6DqnFRE-nyU,2.8302,75.35,142.85,27.46,2.8014,0.0288,6.53
cJW2beXVNdw,1.7572,95.16,216.28,34.59,2.7739,-1.0167,52.89
3hQNXEi_KJQ,2.3834,131.96,192.48,13.52,3.2893,-0.9059,5.19
suMgaaifwu8,3.4335,108.44,135.17,44.79,2.9199,0.5136,55.38
D88o2pL3llc,2.2115,43.76,191.24,26.94,2.3122,-0.1006,-129.31
eSPTQE26JMg,2.8798,137.65,131.59,23.32,2.8145,0.0653,5.88
Qyig7PJUE9Q,3.1038,118.73,198.16,34.68,2.9542,0.1495,3.38
JHTqyqdtVvc,1.9418,159.74,199.6,14.1,3.3518,-1.4099,61.24
HItHywONMoM,2.2782,120.47,158.32,16.6,3.6872,-1.409,64.42
mxT0LD3oGO0,0.066,92.26,166.4,48.96,0.6065,-0.5404,-128.59
G2P9AToZyGc,1.5139,199.01,157.07,16.2,1.4989,0.015,53.4
tKkxr5ggUnU,1.7291,96.53,98.23,36.42,1.7426,-0.0136,-119.19
Kb0lpvOy-qs,2.5361,123.54,157.69,38.33,1.2233,1.3128,-5.65
eD_5hcs71r4,2.5037,122.35,159.19,35.67,1.4178,1.0859,11.26
x1kRbjd2lNA,2.7027,99.89,123.55,52.17,1.9031,0.7996,25.63
mR5eTNJ0LgQ,,,,,0.0887,,
6DtXkj_Tcvo,2.4696,80.4,167.72,26.91,1.4431,1.0265,-93.14
Op1VAzJfYqM,2.4696,80.4,167.72,26.91,1.4431,1.0265,-93.14
_jNVkW2Fwm8,2.4696,80.4,167.72,26.91,1.4431,1.0265,-93.14
mb38ogjYKUM,1.6486,89.42,165.31,41.68,3.3114,-1.6627,55.94
Jw5vwGgEjG0,2.8508,66.43,109.86,26.5,1.7503,1.1005,3.96
wdOTY8tOvRA,2.4267,111.26,168.2,39.14,1.636,0.7907,49.88
FIyfOE-KsOM,2.3632,129.01,162.96,25.99,1.7952,0.568,79.96
2RkI5wLJXV0,2.1651,87.34,207.61,29.84,1.6476,0.5176,33.07
WnQRV6q503I,1.3104,77.44,180.22,47.08,1.6041,-0.2937,17.12
cVkiDW5yG5Y,1.238,75.28,195.39,65.08,2.0522,-0.8142,49.93
47kGX4J41ds,2.1687,93.83,198.94,47.4,1.9794,0.1893,34.02
yVcYd04cpnk,2.7484,77.02,169.33,54.16,1.55,1.1983,5.57
WpsYLikKK5E,2.0121,82.69,197.11,46.49,2.0052,0.0068,41.79
SggzObH8Gcc,2.331,87.58,199.46,22.3,2.0149,0.3161,38.63
XT5hP6A315Y,3.7822,158.48,98.32,64.28,3.1099,0.6723,84.6
9GTvUUzun7Q,3.2929,169.26,156.97,37.94,2.7587,0.5341,68.68
TjCEljJ5E5o,3.6379,142.9,103.96,42.66,3.2945,0.3434,74.7
BcQ-_NeGrfY,3.667,176.81,111.04,49.19,3.239,0.428,128.53
z4PGgFdBRF0,3.653,164.97,104.69,44.21,1.8159,1.8371,39.35
749q5PtSB8k,3.6332,157.36,99.21,41.61,2.9624,0.6708,75.53
1l82hVlMirA,3.5969,169.13,101.48,47.66,2.4317,1.1652,109.81
mPZ1S5eBYOU,,,,,2.9628,,
i6v-KTovFeA,,,,,2.0381,,
kaDP_sqnk4A,,,,,3.5488,,
g5rmIu-SBIY,,,,,2.7961,,
IeL1IaOAPHM,,,,,1.4433,,
WdErBtsLRWs,3.3971,117.24,70.65,29.05,1.5963,1.8008,89.24
hce3zqor3pM,2.4991,134.12,162.95,22.41,0.0,2.4991,134.11
6Q92DGgEaTc,2.7634,168.0,148.35,31.67,1.9671,0.7962,126.78
_W4S45_arDs,3.2897,144.47,89.51,66.87,2.2683,1.0214,76.6
amPl5r_X-H4,3.0043,143.79,91.04,61.04,2.138,0.8663,72.73
M8ZGVnWuNB0,3.1832,27.98,42.43,12.99,1.7878,1.3954,8.01
e_bq-yTTGl0,2.154,20.73,75.08,14.03,1.727,0.427,-15.58
pYGzBw9Vk-Y,2.3616,105.06,170.29,34.16,3.8122,-1.4506,48.39
86Uj83c5JRs,3.0124,167.86,119.81,28.46,2.4584,0.554,10.47
Rgk-p1cB_l8,2.2492,65.64,158.82,17.51,3.2166,-0.9674,-28.33
boTPtM2XPSo,1.054,82.89,147.21,2.76,3.2211,-2.1671,14.67
Y9EFPx89tY4,2.4595,53.31,197.15,36.93,3.0692,-0.6097,-7.78
KlAVTevHG_E,2.8216,97.09,172.51,64.34,2.4768,0.3448,50.94
9JMLKzVf8kI,0.7117,120.16,155.19,13.9,1.7022,-0.9905,8.59
zgclk8X5X-I,2.9669,74.85,57.18,28.34,2.3338,0.6331,-28.05
UtC0_qI0hBk,1.5915,27.73,120.47,9.07,2.4896,-0.898,-24.45
SVqoFPId73U,2.5501,115.07,164.76,59.55,2.7152,-0.1652,-2.56
h6hH9DscGt0,1.6988,159.19,140.49,49.64,1.4714,0.2274,-44.66
F6zn6qr3Zcg,2.7128,60.36,83.27,14.44,2.1954,0.5174,-23.11
cbIsbjp6skU,2.5185,128.95,113.64,18.95,1.1554,1.3631,22.38
ewfzO-j6v8c,2.9918,114.03,99.42,51.24,2.7703,0.2215,34.53
um0RhlEHHDw,2.3731,114.98,115.19,20.52,2.7027,-0.3295,42.04
rWc6HIQnRco,2.9102,127.53,129.16,38.01,2.7491,0.1612,26.94
rHfIfsTIJf8,3.1666,101.03,122.06,38.14,2.6991,0.4674,6.38
WSQaOo2zGng,2.0663,141.64,135.68,17.22,0.8724,1.1939,24.04
ck21rzZyQAI,2.9851,120.55,123.89,44.9,2.5561,0.429,45.72
8ly77_ZIaiQ,2.9513,112.47,113.65,30.56,2.6261,0.3252,39.29
rtUKsBPEx1I,2.8992,109.64,139.49,36.72,2.2517,0.6475,34.98
aUomvk0oORk,2.3939,70.91,163.91,34.55,2.3549,0.039,29.26
3RfkynfA61I,2.1034,72.85,210.64,25.07,2.6424,-0.539,24.21
pttMrAhEt6Q,1.5919,20.82,175.51,35.25,1.6233,-0.0314,-18.51
3U7RWLnpw80,1.534,23.14,171.92,28.32,1.6751,-0.1411,-14.16
4wzhY30jgLY,1.5142,56.42,120.7,38.03,2.7501,-1.2358,27.31
J-UOo9tVGZw,0.6354,18.82,198.0,31.24,1.1578,-0.5224,-21.61
nuHtPVhnJs8,1.5453,96.78,240.64,15.66,1.2541,0.2912,-34.01
ln_yBqateWs,2.5164,185.49,139.47,50.03,1.2537,1.2627,32.28
LRx3u0hZg7c,,,,,2.4426,,
Hzqwo5y8cFw,0.1027,70.98,204.85,56.02,0.0,0.1027,70.98
h31bRucz_gY,3.0821,115.37,151.77,33.29,2.7125,0.3696,68.61
BxkYyBK7Oks,2.7433,83.2,169.69,40.87,3.3477,-0.6044,20.94
xYpo0D-hrV0,2.6493,98.26,150.19,56.85,1.0464,1.6029,30.5
ocLhmDcR-GY,2.0702,110.5,221.46,51.48,2.4092,-0.339,80.25
Uu0Ri-Awh3g,3.4718,140.54,169.36,35.21,2.2589,1.2129,46.77
UUazi8BbBJQ,1.7838,127.8,183.99,20.54,2.2843,-0.5006,38.22
Q0Qw6e27uZw,3.2101,94.41,137.64,39.99,2.2158,0.9943,55.58
Jk8qObYv2qM,3.2187,197.88,216.48,30.85,2.3852,0.8335,113.85
3Od7B9jkoaI,3.0995,140.03,184.82,30.56,2.3352,0.7643,69.47
2WBrLpR2-5o,2.1563,75.83,171.42,19.24,1.4644,0.6919,31.41
J3lBExo1DZY,3.4615,148.98,120.42,36.57,3.027,0.4345,64.35
frDFtfuSyFQ,3.4744,159.04,120.84,36.82,2.4391,1.0353,68.89
iej7C7d-cvI,3.4813,173.63,123.06,36.16,2.5998,0.8815,31.41
DZ_WYjmFZeU,3.5997,158.83,114.62,37.13,3.3996,0.2001,48.27
93-7Io_CtAk,3.6072,168.51,112.95,37.91,3.4785,0.1287,42.72
IUDX15xM0AA,3.3385,159.41,124.84,30.47,2.8145,0.524,32.65
R4PtLn1ju_Q,3.2872,183.62,133.48,32.14,2.6615,0.6257,40.74
CXxWAz2jWUY,3.3024,177.87,134.23,35.58,3.0707,0.2317,67.79
3jq1-20rbU8,3.3974,174.35,129.73,37.21,3.084,0.3134,49.17
xd9-WzcgGa8,3.4107,174.45,123.68,32.34,2.7129,0.6978,38.8
qNwgb13Tgic,2.6249,51.32,115.91,50.19,2.9879,-0.363,-4.16
rSh9wE9Z6Ts,1.2301,76.54,197.33,36.62,1.2047,0.0254,-13.99
xvgaHRzFiho,1.1852,75.88,233.36,19.93,0.5628,0.6224,-35.2
avJUWBjmLpQ,2.8151,97.39,137.44,40.16,2.8297,-0.0146,59.14
GuEk10gRjb4,2.1783,110.87,167.39,29.35,2.1769,0.0013,4.86
ZC0HAJh3mRI,1.9273,171.39,143.78,10.35,1.615,0.3123,23.08
vXegeaQInXM,2.1975,112.95,197.76,35.28,1.275,0.9225,9.4
vXll_B3bFXw,1.7666,101.56,180.35,23.77,1.3587,0.4079,-3.16
B5NWuJDq81U,2.3868,110.12,188.67,35.35,1.6622,0.7246,8.26
BEky-56vlq8,2.43,103.66,190.6,37.89,1.5609,0.8691,-1.22
BCfvXFe5Xas,2.3473,30.97,192.44,36.62,2.0816,0.2656,11.62
i9LxHrawA1A,3.0666,26.33,198.69,33.01,1.8768,1.1898,11.73
jGhlIkmtPMk,2.9537,31.74,192.0,41.59,2.0693,0.8844,15.28
WrhDcSiuKYg,3.1469,30.94,190.91,39.65,1.8707,1.2762,14.74
AeSmMgQNa0Q,2.9484,79.7,114.82,43.73,0.5139,2.4345,71.88
lc3O8ulAfpY,2.186,74.78,171.48,23.77,1.4904,0.6955,44.18
RRRoGS8xVvo,2.1052,73.74,97.25,22.44,2.3272,-0.2221,12.23
iat9SmeVcE4,1.7635,58.98,132.66,23.54,2.0715,-0.308,-6.76
1BuHVoAHdC8,2.5744,33.57,147.4,31.5,2.7654,-0.191,-59.8
DM1k6D03EVs,1.7701,68.93,93.71,25.78,2.3348,-0.5647,16.09
lc7KQ7vbdIU,2.0309,83.69,141.41,21.49,2.1028,-0.0719,-25.22
g02z7Tz7Nbg,2.2773,79.23,140.43,52.36,1.7862,0.4911,16.44
MuPsaINB2jk,2.8847,68.04,131.06,37.97,3.5646,-0.68,-16.88
C8VeWMJ3X1U,3.1114,95.34,154.97,34.47,1.9712,1.1402,52.35
BPLiLb755cI,2.7573,66.36,212.33,24.07,2.7362,0.0211,-34.79
67H9vXWrk5I,0.8159,35.33,142.02,35.35,1.2558,-0.4399,-53.58
Y3D8u1FQWhI,0.0,0.0,68.69,-0.0,0.0,0.0,0.0
Qo1K3mYm0kI,2.5404,25.05,78.47,13.94,2.0277,0.5128,-33.9
W7th1PdlP-0,1.8035,126.09,122.46,24.12,2.8539,-1.0505,46.46
k6542qjHLYk,,,,,0.3988,,
tHBp_3dk7H0,,,,,2.2345,,
PCvvuv3IFpw,,,,,2.2273,,
Xwu1tKYjQxY,,,,,2.5952,,
MgPO26Ukpg4,,,,,2.2961,,
cV87BXFRTns,,,,,2.171,,
IY7cgwTlhrI,3.5187,108.15,35.02,37.69,2.6152,0.9034,50.28
d7kveqd-2D4,1.2475,7.33,202.45,21.5,2.4452,-1.1977,-14.73
wmii0Ph4DVI,2.5974,108.26,100.26,27.75,1.708,0.8893,8.08
PnULYWMmECg,1.9445,78.37,86.84,14.32,1.7142,0.2302,26.7
Ib18ab1kyp4,0.0,2.69,233.1,58.84,1.2436,-1.2436,-124.76
XNpqwBvQtcM,2.6894,41.79,183.47,16.09,3.4688,-0.7794,0.01
TvwKP2quJ6U,0.0,0.1,215.83,8.92,2.354,-2.354,-42.34
gnipCcfAjw4,2.7198,170.5,88.51,27.17,1.9603,0.7595,169.68
-2NP4S1NtGA,3.3175,82.85,123.02,29.01,2.4689,0.8487,62.71
R__GAOE6GX8,3.1098,144.86,163.97,36.38,2.8325,0.2773,40.36
em1ixphi2o8,3.3917,139.13,170.59,37.52,1.9983,1.3933,55.69
NJN2TL68M48,3.2713,113.3,94.56,31.12,2.9885,0.2828,38.97
liovRF8pjA8,3.2614,133.5,98.75,30.94,2.8375,0.4238,99.5
BN9oaRiTJdM,3.4562,107.87,116.34,32.81,3.2424,0.2139,27.99
Y0HUn-XFgaY,2.5591,107.13,153.81,19.85,2.9064,-0.3473,57.29
WTHr4eEN2T4,3.3025,172.46,120.01,45.44,2.6812,0.6213,56.53
p00Se71zmI8,2.7633,85.52,141.9,27.24,2.9293,-0.166,-47.58
6RTrCie1--Q,2.4865,93.2,159.49,50.43,1.7828,0.7037,34.45
_c3tRS388bU,2.291,49.57,167.39,46.4,2.3131,-0.0221,-8.45
7FFGpYhaPnY,2.4655,93.63,202.93,50.21,2.1638,0.3017,-19.84
8ZIgQylS3QY,2.7524,94.96,205.55,52.18,2.9717,-0.2193,-8.9
NI4p8iDKRKg,3.1226,109.88,205.41,51.83,3.2309,-0.1083,-31.73
0CIKkGn74p0,2.3652,83.6,190.41,51.06,2.9848,-0.6196,16.63
Y8ABSlF9ogI,3.4362,118.92,110.16,47.27,3.165,0.2711,57.61
wcvkFkYgsGg,3.2585,123.03,119.53,58.73,3.0437,0.2148,69.79
IVRLpzCDvWI,2.8279,100.29,122.81,45.9,2.268,0.56,42.62
mchqD0GomOc,2.8935,124.93,129.0,65.5,2.318,0.5756,58.06
K1nlzR2xl40,3.1398,41.52,175.91,38.41,3.3011,-0.1612,-19.97
vcdOxLtGX7k,3.3627,76.49,159.95,38.27,2.7025,0.6602,26.45
tPosMxb_8h4,2.8979,73.5,161.17,31.34,3.4045,-0.5066,17.58
jo_HsA-0ENQ,3.269,78.68,156.76,49.83,2.3925,0.8765,13.22
uZo1-316Jw8,0.606,52.08,66.75,1.88,1.2459,-0.6399,-0.43
n9J87Ilcbv8,2.1524,62.73,233.68,47.55,1.4199,0.7325,10.23
1Fq7gmsh59c,2.4123,51.36,232.86,44.33,1.8815,0.5309,-0.62
8JPpiBCpsyQ,3.2756,121.65,162.36,45.24,2.0631,1.2125,40.18
cE_zqGd_a3U,2.8287,120.99,154.44,60.64,2.2129,0.6158,-23.49
hp7A9IzpEzo,,,,,2.1137,,
V5jTwBvNWOw,,,,,2.7699,,
-p6K59MTD30,,,,,3.5195,,
-9FJWK8hSyY,,,,,2.4545,,
fFBYwC3c8IA,,,,,1.8934,,
uqwzxT3YRjs,,,,,1.2851,,
2rh1MPHgEjM,,,,,1.6934,,
D-Ep0UOB-5s,0.9731,166.28,216.25,2.58,1.2242,-0.2512,77.5
yxQFmwQQlYc,,,,,2.7598,,
Z5maza7vh8s,,,,,3.265,,
iHmlSyY5DSk,2.7638,68.51,141.95,57.51,3.0121,-0.2483,-4.24
_a8ONuwaFkI,2.2761,72.22,191.32,41.83,1.817,0.4591,19.91
HdbxSpjStxQ,2.5805,54.06,192.99,41.58,1.4853,1.0951,31.77
JEn4J7JiPfw,2.6646,67.94,129.58,37.21,3.0522,-0.3875,-2.61
kAoxjSgYO0w,2.0441,47.6,132.9,31.78,2.3424,-0.2983,-33.28
IVHtwA8dMk8,2.0436,47.6,132.9,31.78,2.3424,-0.2988,-33.28
w_sGJ-gn3nI,2.0443,47.61,132.88,31.78,2.3424,-0.2981,-33.27
qgVPiV7km0I,2.4775,33.26,158.15,28.87,2.6518,-0.1743,-19.51
DSqcIM2l424,2.0396,47.72,132.74,31.91,2.3472,-0.3076,-33.07
zzLCi7ozj3Y,2.6668,67.93,129.58,37.02,3.0514,-0.3846,-2.53
ZlmvdkEAh7w,2.1238,48.37,176.08,41.81,2.8099,-0.6861,-114.78
jFTwkYHgf7I,1.6074,234.44,204.52,19.13,0.4584,1.149,38.53
JEf1iC9lZzo,1.71,167.37,148.99,22.89,0.3248,1.3852,39.96
P0_GRiLMfN0,1.5956,232.14,205.37,19.27,0.4816,1.1141,32.66
KM1ZVHrpWuU,1.5383,165.88,177.27,20.22,0.4972,1.0411,41.84
n5JEk0zhtuI,1.7037,164.94,154.38,22.92,0.3094,1.3943,33.21
wOAwsJF5KNU,1.627,166.33,154.99,22.52,0.3574,1.2695,34.26
DrHcV2X_RJg,1.5735,165.46,173.07,20.7,0.586,0.9875,40.39
3HmnGihVvBQ,1.5359,164.68,158.02,21.98,0.3606,1.1752,33.15
LNKi_HZZfeY,1.4331,165.79,161.89,20.03,0.4348,0.9982,40.25
FZEQZA2J2rk,1.5105,161.78,169.43,21.11,0.503,1.0074,35.91
6Te-WUm3CQY,2.8451,131.89,204.66,30.28,2.5395,0.3056,18.8
kXfvX19Cyxo,3.0812,132.63,179.68,26.69,2.8908,0.1904,35.01
A8p8eGpC2fA,1.3397,177.14,105.06,8.11,0.8454,0.4944,9.48
XwHZcFrm7SQ,2.592,110.12,192.59,27.3,3.0393,-0.4473,63.24
AlG4pQpfkDE,2.1071,81.13,139.03,27.17,2.7953,-0.6882,5.42
7DS1ePvVW1Y,0.9648,70.57,149.17,7.69,2.8619,-1.8971,-37.78
zWch5i3o28o,1.4117,95.57,182.38,7.49,1.2602,0.1515,20.24
wcJjd6p5Jcw,2.1821,63.0,234.4,44.99,3.5931,-1.411,10.67
8AsPkbkdpkc,2.0229,17.62,212.15,28.46,3.4152,-1.3923,-26.81
NpTQNmHPXc0,,,,,2.4288,,
KAVII6pVeb4,3.2568,66.34,122.37,49.1,3.0754,0.1814,2.2
ERLZRDGZfVs,1.7694,64.46,182.73,37.78,1.6468,0.1227,6.5
MZlYAFyxnXA,1.0789,75.97,197.13,57.19,1.6413,-0.5624,23.96
PH4zKvBSR_0,1.5322,93.45,184.55,31.1,1.5665,-0.0343,30.57
un-LmNY5pIs,2.5034,98.33,115.19,36.53,2.0822,0.4211,15.08
Wu4EXf2_stI,0.9537,89.29,160.49,16.46,2.0124,-1.0587,9.52
JRCwBoqZ_1Q,1.269,93.11,188.36,16.24,1.2425,0.0265,0.06
NrFR-1ZKxqk,2.5534,68.62,150.52,28.96,2.3613,0.192,-13.95
rwBwSnt7EcA,1.1363,86.51,186.72,34.69,1.6109,-0.4747,24.09
uoHZd4QTdiM,1.7525,110.94,171.26,22.58,2.881,-1.1284,11.56
h6WPdhHSN10,2.5105,34.23,106.49,32.25,1.8757,0.6348,-10.18
eqMjM1FccSA,2.4587,21.76,95.47,31.09,1.9027,0.556,-29.89
vL73-MWONoM,2.541,27.7,96.14,26.27,2.0195,0.5216,-17.98
lq4LP_tR6h0,3.1069,23.8,97.33,23.41,2.5057,0.6011,-25.86
Nwv7eUZm1wM,2.4298,19.7,91.36,19.42,1.7924,0.6373,-19.47
dyvLZ42esb8,3.0222,24.95,96.84,27.25,2.4162,0.6059,-25.27
F4cAJQeiMw8,2.974,30.8,103.02,23.68,2.0593,0.9147,-14.88
94625DbU3Vw,3.0081,101.09,90.22,27.36,2.4033,0.6047,50.46
wsA9BjVeb_0,2.8137,23.02,104.1,19.97,2.4707,0.343,-14.21
wlcKHhIvXA0,2.7728,24.54,99.61,19.23,2.5589,0.214,-18.62
7glf3Olrnv0,3.3396,51.1,119.9,36.13,2.9478,0.3918,1.03
oUglg3ZsnK0,3.1744,41.46,121.4,41.44,2.3392,0.8352,-34.2
vExFiJz2wnI,,,,,2.3477,,
r6VBE-rK0Y4,1.5148,66.11,150.44,42.39,1.3735,0.1413,-37.33
WMUDfRdEtcU,,,,,2.5789,,
P9xHo7fpFjo,,,,,1.5852,,
KLLenEKAbXo,,,,,2.9533,,
-rKVWmk2fBo,,,,,3.0459,,
EBL5Bwvq0mA,,,,,2.8863,,
zB-QglOHKCU,3.2066,76.04,89.49,28.18,3.2163,-0.0097,-5.97
C1o4kFJTx4g,,,,,0.9929,,
Sd6nbdDsNTA,,,,,2.7687,,
Ep_b5HVrGbY,,,,,1.8576,,
7PpU2VMXFiQ,1.8799,19.95,213.26,28.49,2.6682,-0.7883,-1.93
pDn-DwW6Tjc,3.4518,128.83,118.05,61.34,2.5042,0.9476,78.28
MW6QGxIYehk,2.7612,97.73,160.31,45.44,2.9236,-0.1623,16.91
SsM4xh_Tqh8,0.333,121.86,204.3,12.6,1.8742,-1.5411,18.02
SwvGK3H3QXM,2.1054,67.71,114.42,39.64,2.8788,-0.7734,-6.58
3GSM9wiOB2M,2.6773,71.93,120.78,46.8,2.7454,-0.0681,-2.76
OaRVMcZgtk8,2.1806,71.0,140.4,25.26,2.2084,-0.0278,30.04
uX7EACEZrxw,2.9896,77.22,93.99,31.88,2.7401,0.2495,63.21
yxRbJgXrlwc,2.9282,62.55,149.2,48.5,2.2186,0.7096,26.8
MpTflH3U5cQ,1.6264,82.06,150.55,15.13,1.2004,0.426,31.25
SOlEGxVD9Cg,1.0279,27.98,222.68,24.55,1.4172,-0.3893,-28.11
HmI02BlwMME,1.0279,27.98,222.68,24.55,1.4172,-0.3893,-28.11
O5sm1ni6e8s,2.8784,115.12,119.05,48.96,2.744,0.1345,14.53
1lHze1-otj0,2.8553,135.4,123.09,69.13,2.2094,0.6459,68.33
DOd4-VWWnZY,3.2518,92.16,132.17,39.82,2.8604,0.3914,-48.68
3NfifUtDckE,3.2806,91.98,130.15,27.15,2.4369,0.8436,12.04
3tihcawZOhg,2.9533,128.16,135.06,54.2,2.3529,0.6004,-15.59
gfjvGy3PDGQ,3.0326,74.88,123.72,25.12,2.1995,0.8331,-50.31
spD5r06_Ty4,3.1845,91.18,98.98,43.15,2.6101,0.5744,45.44
QPmLYYU4rLI,2.9556,126.05,140.6,56.31,2.561,0.3946,-3.97
TOeb5bUB3aw,2.7602,130.05,119.26,45.41,2.4176,0.3426,-18.18
jvK8Us2kf4E,2.9801,70.65,130.63,25.1,2.8422,0.1379,-70.87
nlFJZJAs7Zw,1.5232,79.55,208.84,25.85,1.7116,-0.1884,47.67
yx-94m-nllI,1.7242,102.69,185.4,33.67,2.4428,-0.7187,69.26
3Dueg1hKwig,2.3212,15.59,204.13,24.37,1.4728,0.8484,-27.13
w97N7r9v9n8,0.8023,4.46,176.72,9.8,2.0763,-1.274,-22.45
rWY5H4ee-lE,0.8023,4.5,176.92,9.84,2.7514,-1.9491,-16.12
Jle0DfvshQ4,0.8023,4.65,177.79,10.0,1.4475,-0.6452,-23.09
TYDe4hqoTC4,0.8023,4.67,167.97,10.02,1.8847,-1.0824,-24.15
zA22Ydd2PrQ,0.8074,4.58,168.61,9.98,2.6354,-1.828,-7.93
W5zdYbzFTfs,2.9279,93.07,94.08,36.96,1.9243,1.0036,9.1
49reWbKaKTU,2.4176,125.35,123.58,16.76,2.6621,-0.2445,29.05
vN8ODRseg7w,,,,,2.382,,
x6QQxwClR8s,2.1088,54.32,174.13,13.71,2.016,0.0928,-63.93
RMjDG24lS8c,2.3151,63.51,68.17,20.82,3.1544,-0.8393,-31.5
Zd60m9ee9Ts,1.6755,110.57,139.66,15.58,1.6644,0.0111,6.99
Y3PgT1e5G8o,1.8357,47.74,114.92,20.76,3.1981,-1.3624,-6.45
s28GUCLCQ1k,2.5358,68.82,105.09,19.04,1.9613,0.5745,-63.27
fQMJjXnhmUk,1.8518,111.1,103.27,27.34,2.4656,-0.6138,56.56
6j5rvGhi2fk,2.1553,75.23,226.44,37.7,1.5604,0.5948,48.29
OzF4BF5DoqQ,3.1712,158.64,212.2,41.18,3.143,0.0282,34.11
eLnluRu5Np4,2.9876,172.08,174.42,33.53,3.3207,-0.3331,64.94
VoGPsXji-AQ,2.4373,150.73,228.43,39.92,2.2771,0.1603,32.88
JsRm7E5TVvs,3.2397,134.56,91.29,26.79,2.2651,0.9746,41.17
Lzv5V-kXzec,3.2847,138.87,95.98,32.34,2.6772,0.6075,68.12
DeMJMqVuFRM,3.303,98.67,109.18,37.11,1.2239,2.0791,16.82
QnhVP5TNQIE,3.3578,107.31,87.48,28.17,1.6984,1.6594,39.32
GeL7fyMfWRY,3.2151,126.07,97.28,29.4,1.0315,2.1835,15.44
3s5LZkcVyTQ,3.2207,118.48,78.47,24.83,0.9749,2.2458,44.54
YsR0uDpBTzo,3.4554,124.16,88.54,38.16,2.7597,0.6957,52.96
YwkkRz1PPaU,3.3121,120.69,90.54,29.43,3.1537,0.1584,58.43
oJdFO4JCYJQ,3.1597,111.6,86.06,23.67,1.5849,1.5747,21.5
U52ytm_zafM,3.4409,122.19,91.14,28.18,2.2461,1.1948,45.72
iA-sub0WGrY,2.8092,135.0,202.29,34.7,3.0157,-0.2065,61.82
FZZ4Zbf4rdM,2.0282,31.49,199.74,25.97,2.6964,-0.6682,-20.15
vJ99-SpOayA,,,,,1.3573,,
ATDwJcWGMHY,0.8524,125.77,161.48,3.21,0.4548,0.3976,-33.91
NykxQtm-bO4,,,,,1.9118,,
z3NSGwtp42s,3.1891,103.62,147.02,50.77,2.7344,0.4547,46.21
bJsYbiHuXd8,,,,,2.3868,,
Zv7uIPe8xjM,2.7957,17.92,134.05,37.08,2.724,0.0718,-46.88
MFKymOVtbLM,1.2811,57.69,187.2,36.48,1.8973,-0.6162,7.35
8y8nWuNT734,1.3452,61.42,203.65,30.91,1.7831,-0.4379,4.17
g-8oftMIFpg,2.537,85.16,132.13,33.14,2.3301,0.2069,13.05
fasRGwm9J5g,1.6014,112.8,137.33,32.43,1.9498,-0.3484,-50.89
afpywkOExvk,1.5131,73.61,119.14,11.61,2.2528,-0.7397,-42.64
wb6awv4I1MQ,2.6022,23.63,74.2,18.03,3.1167,-0.5145,-9.01
MxhYkyjCzUI,0.9988,159.04,224.02,6.91,3.0928,-2.094,107.03
dps8-bGHMSU,2.7916,66.73,149.33,28.41,2.9841,-0.1925,-28.63
QVv1VQwrv5s,2.3815,113.48,201.22,46.85,2.294,0.0875,15.67
FO-_YLfMO_4,3.2023,158.1,127.86,40.59,3.294,-0.0917,45.4
WcWMTCiXFI8,2.274,72.7,199.01,25.91,1.7357,0.5383,50.28
DZSUodxLWls,2.5506,87.25,107.04,31.51,2.203,0.3476,11.74
4g02wo4IdKk,3.1818,54.74,109.43,45.47,3.0676,0.1142,-13.59
-PpPQxCdpbc,3.345,59.59,106.23,52.99,3.0099,0.3352,-4.85
Om6GC8JPgEI,2.4092,110.81,114.53,23.9,2.6907,-0.2816,28.95
k3UjrhmlqYQ,2.2697,98.98,134.82,26.51,2.7394,-0.4697,40.94
yEyyOatumAs,2.1984,144.36,60.51,20.91,2.8197,-0.6213,142.67
cEGM6IOL5Qg,2.0505,149.83,71.74,19.15,2.5495,-0.499,148.57
9oI1EzW78mc,2.2283,134.76,53.56,19.92,2.6378,-0.4095,133.27
H8j8eh40VgI,1.6116,180.23,122.57,30.7,0.6533,0.9583,-28.84
1wjPM0_F4PE,1.7052,172.77,66.57,11.32,1.6144,0.0908,63.43
D6NNRz7FMQM,2.8879,82.53,213.12,51.87,2.94,-0.0521,53.32
2__H8835vmo,3.0484,128.64,129.0,58.64,2.8337,0.2146,-22.93
C2DjETjHTtY,2.7638,53.22,168.05,21.01,2.6975,0.0663,-12.14
Gae0viviFiA,3.0262,67.43,195.89,41.27,3.1343,-0.1081,-8.99
epTwJRp9MaU,2.3468,47.81,141.69,15.65,2.9503,-0.6035,18.39
DrJs_z04sCc,2.6655,38.04,213.59,41.77,2.8801,-0.2146,-2.44
nwJXubHLXzY,1.4393,87.9,173.96,23.9,2.7217,-1.2824,24.5
S3AvpHS9-xs,1.9725,62.05,105.68,31.92,2.3321,-0.3596,-8.19
h6u-VUqHPk0,1.5771,94.38,224.91,42.87,2.4573,-0.8802,22.01
hl4SWwAwpFI,,,,,0.3753,,
scQFfgValjw,0.28,118.72,144.59,6.47,2.8973,-2.6173,50.02
n3_vjzzLU84,0.9213,61.85,119.06,11.17,0.9105,0.0108,-39.45
PW9Zx7SfoHc,1.9676,38.92,202.74,32.15,2.4739,-0.5063,-39.13
tzG3ebgWyZg,1.8646,176.95,141.81,24.33,1.8359,0.0287,-37.95
V0LKg0q0qWU,1.3974,165.52,132.71,36.77,0.1466,1.2509,-87.47
dHArIKqTh5o,2.3619,65.9,147.84,57.45,2.2699,0.0921,4.78
wA0zC4zv2GQ,2.6684,144.51,126.19,27.84,1.6784,0.99,60.09
FpBWNIzrQlg,3.0987,181.43,135.17,33.24,1.7949,1.3037,105.55
jUJUZAsw66k,3.1187,189.36,137.03,30.92,2.1102,1.0085,97.07
Vd59ub9VHhg,2.9352,197.58,128.4,32.19,2.2982,0.6371,68.7
4YQL5adVizc,3.1927,187.88,130.75,31.33,1.8013,1.3915,72.3
14vn1wjOtoM,3.2423,173.86,132.59,38.25,2.4653,0.777,115.36
AnWZBxn_BDI,3.1558,191.64,134.72,31.71,3.3224,-0.1665,109.19
esa5yQO9gp4,2.8131,195.66,134.02,27.21,1.8889,0.9242,121.41
kC9oPnZUPzE,1.495,67.46,224.32,28.05,2.5366,-1.0416,1.35
QyGEjm0P-ps,2.3774,78.04,209.82,49.04,3.3018,-0.9244,19.9
dGk4jTzIExU,2.2301,226.22,165.51,18.79,2.5554,-0.3253,38.52
_hbF40v_S0k,1.4314,111.0,89.47,9.81,2.6723,-1.2409,36.93
9gHtgXv0whk,0.4837,65.33,126.62,2.55,2.8815,-2.3978,18.55
yOYJ0ectwVI,2.6011,128.26,130.76,21.09,2.6642,-0.0632,28.62
wHnqvmTqYR4,2.4747,102.14,143.66,21.68,2.8383,-0.3635,23.92
yabnBDEEirs,2.5062,128.03,133.02,20.12,2.8883,-0.3821,28.61
uFy9MCZSi9w,1.8982,101.71,118.11,33.26,3.5851,-1.6869,41.03
DfQNu7I2Rfs,0.9121,97.1,120.02,15.19,1.365,-0.453,-15.01
fM5_IkVTT7s,0.0,0.0,197.6,-0.0,0.0,0.0,0.0
qEnDWhFXgn4,2.2756,43.56,179.76,22.51,2.7304,-0.4548,-19.91
gonrs7I-Vwc,2.4639,92.96,100.62,24.36,2.3435,0.1204,-21.41
t3elqm2xVIA,2.485,96.41,141.42,47.39,2.2862,0.1987,-2.14
dd91hS98UN4,2.9987,123.23,77.88,41.33,2.1223,0.8764,65.36
ip93kZWk5lo,2.2286,142.43,155.86,38.78,1.6983,0.5303,20.29
mXB-nf_Ls_Y,2.0022,142.74,76.44,21.67,1.5016,0.5006,62.39
pKU-1t-pF68,,,,,3.1681,,
BxcoyJT7kbk,,,,,2.693,,
fsLhRnK-7Wg,2.7637,120.18,33.59,26.14,1.8838,0.8799,105.76
slyPVIckjv8,3.2775,63.94,71.77,50.52,2.6389,0.6386,26.7
TwZrkJ15_nE,,,,,1.5211,,
g0p7XlEotgE,,,,,1.3162,,
TLmQ3aeAJFM,3.1086,130.18,98.0,25.24,3.347,-0.2385,57.39
LUbIDixWBZU,3.0422,151.23,112.19,33.15,2.7211,0.3211,78.97
4IhLfIbGRo0,,,,,2.0805,,
vklXYd2XgDs,3.0571,114.9,144.33,39.82,2.7854,0.2717,35.42
SiRqf6DfPLI,2.8887,71.23,148.44,47.57,2.4381,0.4507,-11.5
6JSt-c5Qipw,2.3778,130.8,120.78,16.25,1.995,0.3827,50.3
JvwHZRfVs7s,1.908,136.21,161.44,12.62,2.3884,-0.4804,58.6
oGZiA9x2Ci0,2.2882,99.73,125.47,22.56,2.1341,0.1541,36.54
QRx-f0E4bcU,1.505,75.2,210.2,15.61,1.9292,-0.4242,-27.75
bF59eTxm9cg,2.0608,107.47,114.09,39.44,1.8315,0.2293,-45.97
HuIGXH3xyl8,2.4096,109.07,98.26,37.11,1.7709,0.6387,-10.4
J7AptGB4QT8,0.6551,79.82,97.84,11.73,1.1068,-0.4517,-42.23
fWpAsT_m69w,2.9864,60.17,184.44,25.44,2.3633,0.6231,-4.64
Vnr3oh1TKwA,3.3995,31.7,102.59,28.42,3.4125,-0.0131,-46.58
WMYjJwIiGNw,,,,,2.3832,,
Fa-7sCzqzFk,2.6303,109.97,161.59,88.68,2.1445,0.4857,86.62
ikcIaQBueRU,2.8039,127.26,171.42,39.4,2.9129,-0.109,69.7
x6Fl5SsmLwI,2.4363,94.58,97.74,16.75,2.6216,-0.1853,-44.96
-x-DJM-t4uA,1.9866,36.4,215.97,36.25,3.3253,-1.3387,-55.7
urMBv6h0WJo,2.6949,92.21,116.07,67.39,3.1228,-0.4279,-13.03
ds_v7M7ByoQ,,,,,1.5456,,
AxD_m2qKfLs,,,,,3.5163,,
2UJxgbK2RL0,0.7228,47.74,172.51,18.33,2.1317,-1.409,-55.83
ui-9Xpwahdw,,,,,2.4475,,
u4XZNntWP9c,,,,,1.8743,,
4bs0XfK9YQg,0.1821,52.18,210.8,24.01,2.0266,-1.8445,-9.89
1h-fTWRBhPM,1.6161,92.24,194.18,10.14,0.8265,0.7896,-22.44
pt2VQaPQS7g,,,,,2.8587,,
RBMzE2K3S94,,,,,2.1468,,
dGBf1ZI3haA,1.535,132.28,146.26,12.06,1.556,-0.0211,8.19
h7MA3qKncX0,2.3149,154.01,152.51,24.35,2.5017,-0.1868,83.46
aYdRyn3gnpk,2.9574,101.19,113.25,71.39,2.826,0.1315,39.19
TrxsH7oc25Q,2.5542,140.64,129.8,40.09,2.6532,-0.099,46.67
a-OnnFAMjO0,2.0917,212.2,147.41,17.99,2.2933,-0.2015,96.55
FA-v8scEj1E,2.948,128.32,102.64,25.06,2.0306,0.9173,32.27
18MB9UCQ1hs,2.9727,73.15,118.03,44.36,2.8111,0.1616,6.08
gIY7DrSclQk,3.8682,38.37,105.56,37.69,3.4601,0.408,1.27
fcwUDi4dIk0,2.5165,117.88,131.49,24.82,2.8453,-0.3288,44.4
xunyXempa54,2.9764,158.94,96.37,31.51,3.267,-0.2907,93.27
Vu7QMo-qDTQ,2.1731,196.84,122.4,36.87,2.1831,-0.01,119.97
BZHxGYGffcY,3.2676,126.75,174.44,47.86,2.9124,0.3552,58.12
ul88CN9JvFE,1.6499,133.1,111.14,16.41,2.5109,-0.861,36.88
SXc6FzN5lUQ,2.2306,125.34,117.44,18.61,3.0381,-0.8075,15.98
rMJ67sAuHmA,2.7173,117.34,152.95,26.25,2.8005,-0.0832,26.88
5nVqCih6rTo,0.0,0.0,143.68,-0.0,0.0,0.0,0.0
tlvIN4aCZDI,0.0,0.0,150.0,-0.0,0.8667,-0.8667,-3.61
udNdstVXWiY,2.3716,68.52,202.93,45.77,2.2386,0.133,24.06
0i_Sp7FfFu4,2.0753,10.68,170.16,21.75,2.1107,-0.0353,-0.93
_aMNX42a0QQ,,,,,2.6755,,
j2bKLj8WR2g,3.4394,89.36,166.81,56.86,1.8428,1.5966,35.05
8V85n4LDz_E,2.9925,72.68,198.36,43.5,3.3692,-0.3767,9.11
IlZE-KaI5Rg,3.3286,112.43,160.75,50.17,3.1992,0.1293,33.29
CtVVskGYv60,3.0651,119.07,198.55,37.43,0.6133,2.4517,46.65
M000KyX_FUE,2.4381,93.59,138.57,36.37,2.267,0.1711,4.55
TFvSO0H40Ag,2.8895,57.95,192.02,50.61,3.4725,-0.583,9.34
4E4JPf8q-YE,2.7245,214.68,164.4,22.76,2.2079,0.5166,7.64
J_iIDqPZb94,3.0769,10.22,213.58,27.05,1.8028,1.2741,-17.49
UjJilC4kk4A,3.1274,41.92,81.99,27.21,3.0325,0.0949,8.43
RZrxUeiP83Y,0.8468,58.73,246.24,24.95,2.4404,-1.5936,15.78
vZmsvb8VADA,,,,,2.8316,,
dyoRjlizwic,3.2966,89.14,56.68,27.98,3.1035,0.1932,-58.14
l7jCPqzojyA,1.0472,196.9,76.32,4.76,1.0528,-0.0057,5.07
McjZTmUTUOA,,,,,1.5207,,
qPyP4Qc7sKs,1.0919,115.29,73.56,23.05,0.0808,1.0111,-32.52
mNpTBGqIRxc,1.4545,158.04,64.41,32.52,1.1847,0.2699,70.19
Fpx0hbIpB4Q,1.807,149.38,91.05,48.6,1.9124,-0.1054,74.12
nH8T2JhbZQk,0.1861,153.35,152.37,5.12,0.8384,-0.6524,-56.92
NuYm1lLEtxk,2.1946,120.3,87.16,43.74,1.7086,0.4859,-32.82
3eUdQ5ImLec,3.0111,86.69,111.21,26.34,1.7097,1.3014,-24.23
nXXBgYkWCBU,1.3729,109.2,174.53,18.87,1.2153,0.1576,43.32
pkZwCDpgbsE,1.5222,24.83,175.9,30.52,2.6801,-1.1579,-24.56
sK1E2g06P0k,1.8362,85.92,211.54,26.18,2.7143,-0.8781,36.56
ApnpGqx8ccc,1.1819,170.37,45.21,11.61,0.5427,0.6392,168.15
Uf3KEnCJw3E,2.6752,145.05,118.69,36.13,2.8155,-0.1403,140.23
Iw1vb-Sq6vo,0.7497,153.13,131.99,2.85,1.5325,-0.7828,20.19
17xm_m8Nl6A,1.6419,31.6,235.05,29.54,0.0,1.6419,31.53
S90Z0NIzPo8,0.6121,187.18,122.96,9.53,0.8846,-0.2725,35.63
8Eon2aUCdWc,2.8741,109.24,141.31,52.96,2.0308,0.8433,23.83
KQDnJ9Q98ZI,0.8988,41.3,237.32,19.7,2.6899,-1.7911,22.55
bGxgzfeeKfE,2.7098,12.5,131.63,29.48,2.2186,0.4912,-68.62
3jC6Fc9WB4A,3.0575,72.61,116.22,28.84,2.9441,0.1135,11.69
pvDTb--oCKk,2.3703,103.6,95.13,20.23,1.9428,0.4275,38.65
mxUNOXsLmfA,2.9317,66.75,140.53,40.72,2.8273,0.1044,38.99
tpha-kfab-8,2.751,90.93,116.27,24.71,2.8003,-0.0493,44.61
z9I2RIXS-XA,2.5517,145.92,157.52,22.67,2.0697,0.4821,19.5
pqpP2wpJSis,2.6888,53.49,143.97,31.35,3.0859,-0.3971,3.69
uXK3iPTYQXA,1.9885,141.55,83.54,38.44,0.2736,1.7149,-8.98
65KMXwIzH8o,1.8477,54.41,159.2,21.44,1.7535,0.0942,8.65
EXpyjJULoiE,1.6514,64.75,135.89,22.87,2.4855,-0.8342,24.31
t0G8FK0DxoQ,2.9457,51.17,191.84,40.96,1.5096,1.4361,18.49
Cfow5DnXA2c,2.3647,31.88,156.31,20.51,0.7225,1.6422,-9.25
HYkdsY27PK8,0.0,0.0,64.01,-0.0,0.0,0.0,0.0
5Ebr4kQJk6g,2.2888,86.23,119.78,29.97,1.2589,1.0299,-6.78
w75C1SsTRRc,1.8863,121.46,192.28,29.85,2.1483,-0.2621,-15.15
CfVGiHTd6Kc,3.4726,134.58,105.25,58.83,3.0546,0.418,38.59
lrL3_kWcSj4,2.9396,131.06,118.7,24.64,1.8909,1.0487,12.29
CmwfVfzkue4,2.7686,64.87,199.94,20.49,2.5759,0.1927,13.58
o6BR47b4nqU,1.4836,47.1,243.89,35.82,1.3571,0.1265,-33.61
QXSG2V2nuaM,2.5139,66.32,199.96,22.95,2.6722,-0.1584,13.46
lMskjRfSBJc,2.4979,66.02,200.04,22.91,2.6742,-0.1764,13.12
PyrJtIkJLsE,2.4972,65.99,200.03,22.9,2.6742,-0.177,13.09
LkokE7f3qkg,2.5085,66.47,199.88,22.92,2.6744,-0.1658,13.58
K_quI_5-b8I,2.5051,66.11,199.97,22.96,2.6729,-0.1678,13.25
HvuKPiHgHLo,1.9637,63.18,233.38,40.63,2.8954,-0.9317,33.68
cmgCFRUQLXI,1.9544,63.14,233.44,40.54,2.8928,-0.9384,33.63
v-PfepPsSUs,1.9805,62.74,233.05,40.26,2.9471,-0.9666,33.26
WTetr_o5Lq4,0.9125,50.58,73.15,26.32,2.643,-1.7305,-19.17
E3tLwRIIMVw,2.7844,30.75,92.13,22.86,2.6301,0.1543,-34.08
GW_a2JocwIc,2.7831,34.83,94.39,32.08,2.5615,0.2216,-21.88
C2094JepiPk,3.4251,41.76,85.05,48.15,3.1967,0.2284,4.99
E6tB-u-GiL8,2.4606,115.86,121.21,27.9,2.6161,-0.1555,15.07
zfbAQBi_I60,2.9302,122.29,138.52,24.6,1.6864,1.2437,-3.31
BK9Ctnsgvdg,2.7868,154.66,121.76,25.09,1.2101,1.5767,69.22
SiYVCL65GGU,2.407,150.8,142.48,21.34,1.1708,1.2362,0.97
0iU3P5k2duI,3.1711,103.43,130.52,27.09,2.8015,0.3696,-29.64
qrBVXG6XiZM,2.4698,130.36,135.79,22.49,1.2922,1.1775,11.77
FlM2OitUZzY,1.9908,183.42,179.39,23.28,0.9113,1.0795,5.99
FTzKChIsbUU,2.7328,144.95,115.5,57.49,1.8016,0.9312,55.27
C7dYM5rNUv8,1.906,128.12,160.49,18.19,1.4829,0.4232,-72.79
iK1UkMfzxXY,2.5169,119.09,141.5,23.36,1.5321,0.9848,39.24
tVQQKxsJEOk,2.7831,118.65,160.34,39.47,0.6733,2.1098,-6.21
QJS_S_6CX3o,2.8361,144.97,170.41,34.93,2.9048,-0.0687,73.24
5YyfohE3cuU,2.9262,86.17,142.36,28.32,2.6568,0.2693,-21.31
HGScvQDvh90,0.6343,42.12,167.86,32.32,1.9464,-1.312,-34.72
5B6qWgWt3yk,1.3592,44.24,167.13,25.21,2.1095,-0.7503,-34.03
tpGUwstaEbs,1.4759,38.59,171.17,40.24,1.8162,-0.3403,-61.42
aOwwBpSVX7w,2.1018,76.07,165.15,42.91,2.2112,-0.1093,-6.09
C3C4JAHQAy0,1.9924,93.03,139.43,34.57,3.1089,-1.1166,-0.33
lvvFUiy8c80,2.8222,84.69,125.0,42.53,3.5975,-0.7754,2.62
HIHvscex6f0,3.4712,131.35,100.91,38.92,2.9018,0.5694,70.87
eexdIYIfsFo,2.6523,77.8,212.7,50.21,2.2237,0.4285,22.06
19xSqnCdutk,3.1997,95.21,212.5,43.28,2.609,0.5907,-2.32
HVltX3gxbPU,3.5231,87.88,75.98,42.25,2.5589,0.9642,38.25
wiqMY8kUloU,3.3604,112.66,73.98,43.08,1.3474,2.013,-7.92
vyFO_IJPdmg,3.231,70.72,95.8,47.01,1.9594,1.2717,22.74
wRvuToCi-Lk,3.0079,109.2,89.47,27.85,1.6338,1.3741,20.8
USTXmmAo1xA,3.1914,86.9,96.22,47.44,2.4281,0.7633,30.5
cKP6D30zSyU,3.2042,99.85,75.12,29.95,2.7147,0.4895,1.82
5MdFoewIsIM,0.7336,83.27,229.56,3.93,1.8112,-1.0776,40.4
jCrzO45GVB0,0.9959,125.13,149.59,6.53,2.2282,-1.2323,47.66
Xq9oj2b668E,1.5927,111.21,84.25,9.19,3.4323,-1.8396,-19.64
IEbCXs2OTJ0,2.0391,89.13,209.57,41.79,2.6855,-0.6465,1.82
YC2VL4BL_m0,1.7854,56.02,141.41,38.67,3.0187,-1.2333,-18.51
c5w_tSYXeZg,3.0473,97.79,141.04,41.38,2.9894,0.0579,15.61
1bOEpnGV2JU,3.0012,100.89,100.92,20.18,2.7153,0.2859,6.08
Mcg9E9FuBSE,1.3857,48.53,140.05,7.24,1.7048,-0.3191,-28.06
zCPkJvecGB0,2.7577,63.27,122.65,30.74,3.3847,-0.627,-31.55
2LEHgTyqJrU,2.8405,177.51,110.76,28.81,2.3747,0.4658,25.08
UZij_WOW_mI,2.9812,103.86,110.26,34.0,3.1189,-0.1377,43.13
jklc-uWUDi8,3.4342,140.87,153.06,36.47,3.2545,0.1797,50.25
tOqOQR9OCZg,3.5634,114.41,125.57,36.48,3.0914,0.472,45.72
97HIzB0570Y,3.1247,187.28,101.08,42.81,2.8074,0.3174,93.65
kd5gF1T0N0w,2.619,113.82,175.86,28.68,1.6556,0.9634,-42.79
-d_1PSRcz3k,2.7101,141.48,173.49,29.4,1.4457,1.2644,-33.9
Xwc9ZRETz4g,2.5701,105.44,177.54,19.86,2.0651,0.5051,3.13
pZH23syB4pY,2.8798,132.86,171.73,28.34,2.154,0.7258,19.02
s0mZsRcwEj4,2.7964,144.58,176.21,29.91,2.146,0.6504,8.26
0GdSZ3oWoHs,3.2587,102.36,184.6,46.23,2.6863,0.5724,58.19
a7CgtfqcJoU,2.4632,155.15,125.0,32.25,2.8383,-0.3751,61.79
AOlwL2lZomc,3.6137,146.88,48.57,56.12,3.6848,-0.071,57.57
Qc-YiMxlbco,3.5455,119.33,133.21,52.45,3.328,0.2174,-8.14
UQBajf88fEM,3.1626,155.35,114.75,67.95,2.836,0.3266,13.88
-65p10bDyII,3.138,159.8,100.03,40.1,2.8681,0.2699,110.32
7gqXAy_Z3Io,3.5801,71.01,79.95,30.94,3.2806,0.2995,1.42
OeU5sWrP_Bo,3.3168,91.77,92.51,34.1,3.309,0.0077,39.6
_fUhyndyNAU,3.3766,113.86,88.58,28.21,3.5916,-0.2149,33.3
zuhThydHnKo,2.2625,191.1,135.58,23.47,2.2435,0.0189,104.98
taq-7WzEP8Q,2.5747,79.03,108.32,19.87,3.4204,-0.8458,18.36
ledUG0WDkiQ,2.2909,186.93,134.09,24.38,2.914,-0.6231,107.77
X86CUCPPa58,2.122,167.01,140.17,29.23,3.5173,-1.3953,93.39
ltY00X-s9F0,2.0871,60.86,120.89,28.2,1.8722,0.2149,15.23
0YM9cjQjjIs,0.0,0.0,80.34,-0.0,0.0,0.0,0.0
BCKMVcvb0Mg,3.0313,121.24,117.23,74.02,2.3157,0.7156,35.24
OIfVNIy9Iac,3.3287,95.88,51.78,26.01,2.2863,1.0424,-71.15
It3iO-dGQlU,3.207,29.43,137.22,37.02,2.9581,0.2489,-30.97
tuMC7DZAr44,1.8038,106.43,72.16,13.48,1.5527,0.2511,-39.65
R7CxhBJxbmw,1.2848,138.91,91.22,13.97,2.5473,-1.2625,50.08
c8oQc4_Cw1o,3.6003,67.16,153.02,53.13,3.5323,0.068,10.72
i7Haf5LG28Q,1.681,48.96,127.45,17.89,2.6486,-0.9676,-14.08
gCXeuNORHcc,3.0727,29.37,126.13,20.23,3.3848,-0.3121,-7.48
Ebcllhji-Cw,2.958,118.92,158.81,50.34,2.1034,0.8546,46.73
RD3buhJmqOg,2.2859,112.23,139.89,43.24,2.3223,-0.0364,78.89
gB31ePrak5k,3.302,80.51,126.27,40.3,3.0513,0.2507,40.78
OGgLHa7ziMw,2.5501,132.39,126.75,31.31,2.9591,-0.4091,59.12
omlkkL8IiJI,3.3258,86.33,142.49,36.51,2.2387,1.087,-17.38
EgLFLO5ymbY,3.1402,106.63,100.71,31.41,2.4317,0.7084,48.67
HI8d4-sFS04,2.0712,101.13,168.04,35.13,3.5675,-1.4963,41.42
qx_DWxeVfrM,2.1781,111.16,165.11,31.17,2.7125,-0.5344,39.27
yzfrTtH0REI,2.9061,61.4,142.38,38.83,3.7189,-0.8128,8.19
AnwPRztipxM,2.8924,114.22,144.66,35.48,2.2848,0.6076,20.52
eTuUdRDd0Vs,3.1616,68.08,113.97,48.64,2.913,0.2486,13.05
lXutlcuI9C8,2.1838,62.77,118.62,49.24,0.8906,1.2932,-1.49
ja-GSMYmxlU,2.8055,58.66,116.04,42.7,2.2547,0.5508,24.14
5z3ZOqYWAMw,2.7674,84.88,118.55,45.21,0.4889,2.2785,-1.18
b0-OrsqgrC0,2.6607,73.46,120.47,45.87,0.6453,2.0154,-16.21
DWfEFU7bhIE,2.5049,42.78,130.05,16.31,1.2794,1.2255,37.2
9tI2FJMhypo,2.7469,73.26,118.22,55.6,0.6244,2.1226,-28.55
7fNN4lf6_sY,3.086,69.34,105.55,71.47,1.7067,1.3793,-7.45
8mIbX4OV3_g,3.1081,55.37,107.88,43.46,1.6385,1.4697,-7.06
fRF7RENuA6M,2.508,95.0,115.08,58.16,1.0349,1.4731,-9.27
n-DgfJxN534,2.0248,88.05,135.92,30.25,2.4964,-0.4716,-2.11
cOHEgs3sQgw,0.0,0.0,66.78,-0.0,1.6255,-1.6255,-21.24
uS_NSd1mWxU,2.6808,36.62,87.01,18.17,2.4597,0.2211,-36.69
2ioqh6-xRog,1.8054,64.97,148.05,32.95,2.6661,-0.8607,-20.13
th6ZiV0O13A,1.9072,86.56,117.95,21.22,1.5968,0.3105,-45.58
S6EYmlgNjWQ,2.4489,112.15,158.4,35.52,2.5928,-0.1439,-79.6
cz55KmJaUPY,1.9464,105.81,174.99,21.8,3.6199,-1.6735,26.73
ZPacOTiOSI0,2.6012,72.86,134.37,22.06,3.2955,-0.6942,-28.48
grzD-p6Eou8,2.9959,52.6,177.34,36.15,2.8806,0.1153,-8.29
POoOhnPAF0c,2.9278,48.07,179.96,43.84,3.0738,-0.146,-2.77
TOR7qSJUvos,2.0652,35.14,180.44,38.3,2.4682,-0.403,-23.34
K03X4Chnf90,2.7408,60.43,166.29,42.78,2.413,0.3278,4.67
Pj7CC-ao2iA,3.093,66.25,162.59,39.38,3.2796,-0.1865,19.03
tDtID0X4Ms8,2.0328,72.0,158.22,41.01,2.3968,-0.364,15.11
j0ZGtCd9ZoI,2.9271,70.43,182.58,37.89,3.2045,-0.2773,12.01
GXqMAK06tZg,3.27,100.77,135.36,44.13,2.2706,0.9994,39.99
2_rKhP5DSKE,3.3868,93.78,131.09,35.4,2.704,0.6828,41.53
-oJVLqvIWQg,2.5794,144.55,154.39,60.0,2.9339,-0.3545,-1.42
bxhQ21ureo4,3.3511,155.77,117.66,32.84,1.9337,1.4173,84.58
e9TEpksyvkY,1.9675,51.23,59.96,37.04,2.5901,-0.6226,-2.94
xzByNZpMI7w,,,,,1.0408,,
Y9bTCCQRs3g,1.9225,67.59,34.43,18.07,2.2487,-0.3262,2.05
Mth2aQO9WRM,1.755,143.75,147.35,23.2,2.3055,-0.5505,67.2
IDshNUGteOQ,,,,,2.4499,,
QhC3IOf6n1U,2.3171,23.44,223.11,12.78,2.8072,-0.4901,-15.04
yDiDM3aGeO0,3.5,89.99,103.19,40.69,2.9208,0.5793,18.58
JQZrmWUV66I,3.2943,70.28,171.0,41.99,2.0465,1.2478,27.57
FjbMnCwB9l4,3.3798,94.99,85.25,33.77,2.0209,1.3589,25.29
MgUkJXQ3_k0,3.4836,138.12,101.31,49.89,3.0572,0.4263,11.32
HEDb1DrmBSo,3.574,93.72,79.13,35.38,2.5357,1.0383,6.01
Unl_verxQyY,3.5825,93.47,150.5,40.98,1.5366,2.0459,-4.06
vNfjqcPNkHo,2.4288,127.54,111.65,21.71,1.2903,1.1384,7.47
a6LeOsGBBWA,2.2948,114.28,139.42,21.43,1.8931,0.4018,-16.47
MLBc3SZ1wqk,2.8564,145.84,125.59,21.23,1.9541,0.9023,-8.35
RjszoguuWfU,2.8115,95.36,125.57,27.15,1.3165,1.495,-29.28
tixxus8GiEk,2.507,105.02,151.31,33.06,3.3631,-0.8561,49.52
EnPSxLP1AVc,1.6865,92.34,140.14,43.72,1.7744,-0.0879,74.28
T626HAAJ7D0,2.8472,132.68,145.35,34.53,1.295,1.5522,75.75
1rHQU7Lztis,2.6881,103.37,134.44,33.14,1.3063,1.3818,89.17
2Vu6fX1BoCQ,1.9842,59.12,134.02,53.18,2.3557,-0.3715,6.07
diFQ0SGYNRo,1.8418,105.78,125.28,18.61,1.8676,-0.0258,44.69
FTQ9xQDoDvI,1.7787,64.65,113.32,18.06,2.4224,-0.6437,-13.88
uIHMuzXwF-U,2.7744,71.19,152.12,37.43,2.2218,0.5526,38.2
z3p5l3aVOyw,,,,,2.502,,
KjxFW0Gt7xo,,,,,1.6321,,
PQ1U7jRCvSg,2.2654,59.55,128.26,19.9,2.0894,0.176,-3.39
jNn7hvyBSYs,2.8891,45.92,175.04,30.18,1.9275,0.9616,-16.8
8VY3bojHrLc,0.0,3.63,202.44,10.46,2.3728,-2.3728,-69.52
DDqO2icctNw,1.0837,86.92,207.73,12.73,2.0516,-0.9679,-22.08
jzQVO7w3j0c,1.3041,28.68,144.45,12.68,2.1394,-0.8353,-48.43
4bk2x4ty488,1.8445,12.75,162.39,35.77,1.9258,-0.0814,-30.63
fIt9QCpghZQ,3.7414,52.46,118.81,33.91,3.5062,0.2352,-38.94
wVBkD9aoRBY,0.9128,110.91,203.07,46.35,1.6853,-0.7726,-52.38
H8Gpc5neGRU,2.0733,95.41,206.55,46.99,2.4897,-0.4164,11.97
TLlbQcgJ1gk,2.9042,117.56,138.39,36.01,3.0772,-0.173,3.4
IlCLNg1kRKA,0.9297,182.03,175.13,21.33,2.1959,-1.2662,36.9
O6JPHAlvxbw,3.2918,109.93,104.95,39.91,2.3871,0.9047,-21.65
CueQ4xn5OG8,2.7958,86.91,95.13,36.88,3.1605,-0.3647,22.77
cmzZ-kRPMgw,2.9439,113.62,141.99,23.75,2.8467,0.0971,-14.47
ETvTir66WZI,1.3476,42.86,158.13,23.07,1.4615,-0.1139,-43.63
kcdWtLF3WyY,,,,,2.7866,,
O7mkUJvQ4xo,3.396,63.09,115.53,31.74,1.9295,1.4665,-92.91
nStJguoTAD8,1.8467,80.01,157.13,9.79,2.3446,-0.4979,-18.5
iVO0WJTBaXo,2.765,39.09,72.99,39.98,2.7432,0.0218,-90.1
zQZ5gSeMUs4,2.4466,144.24,76.0,17.35,2.6339,-0.1874,16.93
XEFKLtOF_X4,2.5464,100.81,89.95,53.4,2.7547,-0.2083,11.71
RB3euBtHXRk,2.2327,58.03,94.86,39.99,2.8412,-0.6084,-5.39
PxyA5FIoj7Q,2.728,41.51,88.77,40.46,2.0471,0.6808,14.63
q5cK1HTTeaM,2.6473,32.66,89.88,41.51,2.2057,0.4416,9.59
MVqu43sXcO4,2.6426,36.49,97.16,44.56,2.1606,0.482,9.16
klrQmbLkuuo,3.0398,39.91,87.66,42.12,2.5224,0.5173,21.13
HPPdNIvu6iY,3.05,58.16,89.22,48.34,2.2707,0.7793,36.42
EtwCdnPpnZ8,2.9265,45.83,84.98,42.49,1.8621,1.0644,23.03
P4zeF_xQfrU,2.8844,41.27,87.38,38.48,2.4156,0.4688,20.02
dPzP7RpIYm8,1.8332,22.15,102.05,38.06,2.4411,-0.6079,1.48
ywNM51AoqRE,2.76,46.03,86.97,43.23,2.202,0.558,18.07
k89fgGQGyhU,2.5256,43.41,92.47,42.79,2.1706,0.355,15.54
en-i0mUK7ss,3.24,184.16,129.01,33.37,2.8644,0.3756,63.76
nrX961S78jk,3.4782,195.23,117.94,44.24,2.2955,1.1827,49.07
9IpLbzCCN2w,3.4449,190.88,128.1,40.87,2.9057,0.5392,100.72
PVp3t058kko,3.158,163.84,127.8,29.17,1.1251,2.033,80.19
Z-q595gwnxY,3.4729,157.07,106.16,36.65,3.2282,0.2447,90.74
OCt9ysEJLRU,3.4874,164.39,103.53,39.94,2.7339,0.7535,93.88
5OebDZ9GKk0,3.4571,156.12,114.83,39.06,2.9362,0.5209,94.56
LQsLOV7xm8k,3.5642,161.68,122.2,34.05,2.0637,1.5005,66.78
wkv7zTYoAT4,3.6444,179.33,125.05,40.74,2.6198,1.0246,110.27
LPzQ29wl-lY,3.2857,162.91,123.6,33.14,2.4269,0.8588,110.63
PEl2XHLRQ-c,,,,,2.6408,,
UV_d1cJM998,1.9724,125.87,197.37,18.38,1.4398,0.5326,6.29
M2n-zEclIwI,1.7027,189.11,179.13,29.46,2.1754,-0.4726,32.58
vq637TLUd9A,2.3451,160.25,132.08,27.9,2.5123,-0.1672,135.79
2KdUPsMCEXA,3.358,103.31,101.14,44.53,2.5787,0.7793,14.64
RbqtQuha3pQ,2.9207,67.67,132.57,22.1,2.859,0.0618,-14.24
j_ZnTAzOI7Y,2.9101,96.75,106.99,27.69,2.9908,-0.0806,39.03
NFRefNZYUQE,2.6632,76.82,112.34,16.57,1.6253,1.0379,55.58
jJOewHCnDdY,2.6925,94.34,127.44,17.24,1.8753,0.8172,-3.84
FqWU5q-gpP4,2.8304,86.65,131.18,20.94,2.7546,0.0758,3.87
GZqvYOrkiIM,2.2543,105.85,142.89,17.42,1.4263,0.828,37.82
w_rKrfmjT-I,3.1656,171.89,130.9,45.39,3.4138,-0.2482,81.17
t6ocwfetbPI,2.7143,85.71,124.57,24.75,2.8893,-0.1749,17.36
7-WXZRn91ww,1.6451,21.25,129.45,22.48,2.9827,-1.3376,-33.24
0ZfAPTIrQCQ,1.1384,188.16,94.23,26.0,0.0951,1.0432,-49.67
P6rfrM4TNvM,2.8173,141.38,109.44,29.21,1.3331,1.4841,32.67
68qXaKAKfVw,3.0494,143.24,100.02,29.28,1.2142,1.8352,50.16
CgzqHwT6AFA,2.8849,124.37,132.61,27.86,0.4479,2.437,35.04
IRbsZQj0GoY,2.9459,101.43,112.91,23.65,1.4928,1.4531,25.89
DK52M2guqUo,3.237,79.44,145.19,62.71,3.1676,0.0694,34.7
SuoydmZNBek,3.4963,122.96,142.47,51.78,1.2026,2.2937,78.73
H2pa-ISlkxI,3.0347,145.8,118.54,28.4,1.3867,1.648,24.13
w2kSGfPTYLU,2.74,134.4,118.23,20.94,1.178,1.562,60.19
PWsYq77e6Vg,3.0437,124.3,109.57,26.22,2.5376,0.5061,57.99
tLjyFSZLmAo,2.8784,156.25,124.5,28.64,0.9779,1.9005,50.77
vwGIZQsGLek,2.0891,119.17,117.41,20.19,2.0151,0.074,-24.06
aDc1rth4fcs,2.2424,118.12,120.36,22.41,2.1331,0.1093,6.0
I4nB-9vEXLY,2.4624,60.36,110.07,19.18,2.5957,-0.1333,-31.35
NphpLCT-Wgk,2.5642,87.21,118.87,20.63,2.7505,-0.1863,-16.56
u62JeCyhANU,2.3519,112.68,123.9,35.85,3.3068,-0.9549,29.61
SWIfgoC8pNs,2.8257,51.87,188.35,38.34,2.9434,-0.1177,-3.6
wyt2wAhzwPE,1.7987,98.2,211.45,30.83,2.158,-0.3592,-59.91
lligL3YiWn8,3.4639,45.88,175.98,45.17,2.8375,0.6264,-43.65
M7e4xkCgNsM,3.538,45.92,187.68,38.72,3.0909,0.4471,7.96
H4loAuUAxdk,3.0927,91.07,168.95,45.62,2.4841,0.6085,-1.19
8MxUnHncrWw,2.7363,66.97,160.92,28.58,2.9134,-0.1771,-40.71
30BzrxInYDs,2.489,82.93,165.02,22.73,2.0437,0.4453,57.56
DGMkfnD_Lsk,2.5235,126.63,180.2,30.94,3.5043,-0.9808,93.13
2K49HfMP9kg,2.3677,168.03,132.46,17.67,1.6803,0.6874,96.98
xPFXZ_2ng4s,2.955,91.76,154.31,51.65,2.6074,0.3476,38.9
73c14Jz1u5Q,3.0693,71.34,165.72,31.13,1.9836,1.0857,30.97
MK6rWLoeBmc,2.0541,76.49,134.64,31.57,2.1452,-0.0911,16.82
H_bj6FuCxYU,2.5696,101.25,179.66,34.0,1.4052,1.1645,75.04
m0T1YzQ4dWk,2.7198,66.7,187.2,53.97,1.5933,1.1265,48.08
L1TUPQJ01C0,2.4743,88.22,157.0,25.85,1.2846,1.1897,40.19
1iM8L-aaReM,2.6968,130.76,160.47,27.17,2.9155,-0.2187,99.69
1egTdLyQe8M,3.1031,58.08,163.4,34.65,1.9657,1.1374,13.2
dM3tF6RYBEQ,3.4,54.99,153.72,31.06,2.4395,0.9605,13.52
WLVok1MtaN8,3.0238,62.9,200.47,43.42,2.2957,0.7281,14.13
euq5Z-zuahE,3.1851,83.63,181.0,46.76,2.0011,1.184,40.78
jWTz_YNFhp8,3.0979,79.44,177.74,35.38,1.8739,1.224,35.19
0HmhBvtRo5M,3.2676,73.26,170.05,42.7,2.1139,1.1537,41.64
0lCQ4M2BQe8,3.3221,65.3,172.52,37.7,2.1395,1.1826,23.51
DOhgkQwotHo,3.3068,81.44,171.71,39.71,1.8545,1.4524,48.92
w4qFyPHcRH0,3.3721,86.06,176.74,43.15,2.4029,0.9692,57.67
ln_j-CUblu4,,,,,0.2189,,
J4fu80NQCUI,1.5186,82.86,125.7,31.08,2.6153,-1.0967,-21.31
RN8QERFvaU0,1.3963,140.35,184.72,25.19,1.9609,-0.5646,-0.05
u0E7oGGyXhg,3.014,84.9,145.95,34.18,2.3409,0.6731,15.06
VBfudEsio54,3.495,136.47,112.02,44.54,2.7428,0.7522,72.72
g-v2uakV0Fo,3.6471,127.85,104.95,67.31,2.8102,0.8368,48.92
o3oD32zeBPA,2.8494,106.01,150.39,43.91,2.8806,-0.0311,43.41
0uTlnLpMxqk,3.2142,110.0,140.12,33.56,2.9151,0.2991,59.34
mv0ye1t7jIM,2.5096,40.04,173.43,24.3,2.9285,-0.419,-22.7
sDDG24kaXdI,1.7012,45.16,165.13,31.9,2.6271,-0.9259,-21.69
wgaNEqeZFqI,3.3173,165.8,161.78,47.64,3.3051,0.0122,100.26
rC3LfgcUxUM,3.2481,190.12,165.83,43.42,3.22,0.0282,95.19
_XaApXvHMO8,3.1511,168.49,176.19,39.77,3.1902,-0.0391,89.28
yKZbp_Yaow8,2.882,92.57,126.27,24.33,2.7867,0.0953,26.24
O2umTAXtfCU,2.9793,72.85,139.94,29.64,2.5155,0.4638,36.17
lItNNNTsry0,2.8546,77.0,130.54,38.31,1.5695,1.285,4.4
h_WGSL3riDI,2.7888,38.57,189.49,45.78,2.1208,0.6681,-55.14
CYbsBAm0Csw,1.9951,68.1,116.98,27.12,2.3572,-0.3621,-13.04
5lqEO9xyt28,0.9659,122.8,54.5,9.99,-0.0,0.9659,-36.58
dJi6llKTiyg,2.4375,115.9,117.21,30.12,1.8369,0.6007,-6.79
OVnwA_RGpWU,2.9068,102.7,127.11,60.96,1.6014,1.3054,3.6
iifCaU8tQ9k,2.8182,128.85,123.66,52.46,1.4273,1.3909,6.21
Lbd-zWv3r6U,3.2998,107.67,107.94,42.34,2.8273,0.4725,7.58
-C5fRs9nn-I,2.9758,100.69,121.49,41.13,2.7357,0.2401,60.37
71vam98vn-I,3.1052,131.77,112.2,28.36,2.0431,1.0622,51.99
yolnkBn8e-w,3.3187,111.73,114.2,39.22,2.7243,0.5944,-17.3
oovBzzNEFMo,3.1241,115.04,108.61,37.53,2.9733,0.1508,33.28
YQtdqbhfORY,2.2268,0.67,210.03,9.16,2.1856,0.0412,-65.08
8QCuo6lgWls,1.2217,135.07,132.4,19.76,0.668,0.5537,-3.64
VN4huUPvBFw,2.0901,98.39,146.34,47.2,2.3442,-0.2541,68.08
GZB0DwNO0uw,1.2272,130.76,210.33,12.58,0.618,0.6092,-20.15
SdqWwn6XeK0,3.0358,106.27,124.19,43.48,2.6719,0.3639,-78.89
0MT_1gn-lrk,1.9576,32.71,144.38,12.45,1.7942,0.1634,-128.87
GwaXOAsFADM,3.2396,57.75,125.73,32.88,3.0876,0.152,-34.14
wxKUCTm9XWc,3.0103,40.15,125.94,17.1,3.243,-0.2327,0.86
7JkK1POkBIE,1.6475,124.74,179.26,18.3,0.4906,1.1569,-22.73
SWvXzLkuIyw,1.5335,46.48,224.79,33.16,2.5594,-1.0259,46.23
Mv0LspNA4pY,2.905,70.69,141.15,24.87,2.8833,0.0217,-16.95
5TF-4IxfmqE,2.7716,42.02,158.42,65.19,2.9134,-0.1417,-5.05
8-9C66LVdSo,1.4322,39.79,184.56,44.69,1.3406,0.0916,-18.92
ies8JgLTcFE,,,,,1.7836,,
4ZoQx9DiW4c,2.1496,52.31,194.02,25.04,0.4387,1.7109,-78.89
quXw3USnrsE,1.9908,60.45,118.76,16.28,1.7688,0.222,-20.43
25-q2NWz2Vo,2.7121,49.15,114.22,33.91,1.9101,0.802,-25.41
bmfyZj5D9Us,1.1465,44.72,126.58,16.77,2.3007,-1.1542,2.51
CsNHQtzCFJM,2.5898,73.77,115.92,46.99,1.4219,1.1679,-34.58
YIj5os90kDU,2.0029,43.56,112.87,15.84,2.5615,-0.5586,2.03
DfptP2lhNmY,1.8806,53.3,131.07,15.65,0.809,1.0717,26.96
nbWQErnDzZc,1.9423,72.48,126.73,17.46,1.5935,0.3489,17.79
JMq-yWY72PQ,1.9782,45.49,115.29,19.32,1.8464,0.1317,-2.22
ObGo-uv9m3I,1.7832,56.75,124.9,22.4,1.7897,-0.0065,30.49
sLRuRCpyLm0,2.1129,74.42,116.3,17.36,2.3193,-0.2063,4.72
r8CK_GshP4A,1.3605,136.55,192.35,12.66,2.047,-0.6865,-12.0
tSOmqUnr39w,1.7747,140.75,51.28,9.2,2.6536,-0.8789,12.77
JM6TmhAifNc,1.059,128.83,198.78,9.18,1.8141,-0.7551,-8.51
sZ3GWoL2mu0,3.6716,103.7,121.43,48.61,3.2114,0.4603,-5.62
n_KhiOIhvZI,1.1918,134.63,193.18,9.56,1.9,-0.7082,-1.4
ToVR4lW3BuI,2.2066,112.44,161.2,25.08,2.8176,-0.611,41.47
NCnXYrfCAvg,1.0001,132.04,197.8,10.74,1.7892,-0.7891,-10.4
UT-5SXNdR4E,2.6872,112.59,178.51,26.43,1.422,1.2652,10.1
QnTDk4AQ2VY,2.6865,161.68,126.54,22.99,1.5354,1.1511,7.14
7CQrOTTkl5w,1.9898,141.75,144.44,18.94,1.6229,0.3668,-43.78
317nV3hgFYI,1.7449,179.8,197.04,16.5,1.5639,0.181,71.47
8hDKPsB-MHg,2.5261,112.53,146.75,20.53,0.8019,1.7242,-41.13
4Ai_HVvlj84,2.4418,154.93,151.69,19.05,1.6284,0.8134,-56.25
ZTHi5AMciqQ,2.3314,164.21,99.96,19.72,2.3856,-0.0541,164.02
el8hZcJsqDc,2.4414,121.4,98.53,17.44,2.0799,0.3615,82.01
3aupfPrSd1E,2.9798,122.06,116.36,26.12,2.1291,0.8507,58.95
NbHBMNL1h5A,2.6569,152.64,127.89,22.65,2.9409,-0.284,27.63
iFE1n7N8NaQ,2.0181,112.81,146.5,16.34,2.2008,-0.1827,2.2
MjWjpUbhxsM,2.3253,168.47,155.79,17.6,1.588,0.7374,-45.21
ivGSvzzSM2g,2.891,108.52,159.8,32.75,2.5744,0.3165,17.79
Nao6AJEuPHU,1.7347,103.58,180.59,14.98,1.2447,0.49,49.52
029hXF08XNs,0.9108,83.41,199.1,29.08,3.0274,-2.1166,58.01
v2rHTWOWo1k,2.0247,118.07,182.73,20.94,1.9574,0.0673,-46.11
kzMecK_P2Ls,2.5238,80.77,214.19,33.46,0.0,2.5238,80.77
Gu3jaiL8nCo,2.5446,81.1,214.87,33.9,0.0,2.5446,81.1
Dbf9InojZDM,2.552,88.15,220.98,34.34,0.0,2.552,88.15
-YB7mIDob0g,2.5514,82.61,213.93,35.91,0.0,2.5514,82.61
X1EaN0F98Pc,2.5752,82.6,215.68,35.43,0.0,2.5752,82.59
eH4kPue92jA,2.5755,92.21,221.68,37.0,0.0,2.5755,92.21
EmK7dcc5D84,2.7991,81.77,214.71,36.51,0.0,2.7991,81.77
_C-kGbK7kEM,2.7972,83.94,211.74,37.47,0.0,2.7972,83.94
yJnGd54OBNM,2.6994,82.75,217.51,35.94,0.0,2.6994,82.75
0dkwexatNqc,2.7426,84.31,216.6,35.41,0.0,2.7426,84.25
mmM2JpCdcMQ,3.6945,141.95,100.96,43.19,2.4886,1.206,50.83
x23M-5Mg7No,3.5173,163.42,107.84,34.89,2.6721,0.8452,71.14
5FvfXGETTOI,1.8981,158.43,154.78,15.91,2.3698,-0.4716,54.12
U8MRKTk55DA,2.8828,156.68,140.76,43.56,2.0977,0.785,22.83
X4FoyR37ndA,2.3671,108.58,145.15,23.94,1.7895,0.5776,47.8
VGPunatTVS8,2.7466,138.81,155.28,57.34,2.1819,0.5647,26.79
6vNS8TyFgk4,2.5735,63.78,88.38,45.33,2.5101,0.0634,-52.43
-3QzVS-ohx0,1.5002,119.05,159.61,11.9,2.4729,-0.9727,17.67
IrnOTIpGnVQ,2.7487,52.37,89.38,27.61,3.5778,-0.8291,-20.67
G2134VCrleQ,2.5879,20.58,83.9,15.37,2.6832,-0.0953,-26.37
_JilDwcxRQ8,1.3405,89.52,188.24,14.9,1.4744,-0.1339,-5.74
ToOV5tMuYKU,2.778,54.13,119.45,52.31,2.8839,-0.1059,27.75
1ndU8JAi4cw,3.0991,123.33,138.51,27.43,1.9609,1.1382,75.96
_buJ0y0iQ6M,1.6567,96.83,162.64,23.2,1.8607,-0.2041,12.93
3Bmvh0YPynk,0.7656,15.63,191.62,35.76,2.1331,-1.3675,-48.84
n919ePr0ZEo,2.2077,57.49,194.61,31.54,2.4979,-0.2902,-28.63
YUV6vSVpdH4,1.7844,141.65,198.49,31.45,0.749,1.0353,41.64
IQo6dy-T6U4,,,,,0.724,,
IehMYyGvnGg,,,,,1.7774,,
Vl1c0Rc7c7U,2.2833,137.06,158.96,30.79,2.0537,0.2295,69.25
rnpFiRpgsNs,1.8345,114.7,166.1,40.48,1.7876,0.0469,58.85
IF9DPtYklLQ,2.6093,27.37,138.43,27.94,2.2861,0.3231,0.12
_yP3NFITY90,2.0411,116.84,208.87,30.11,2.6006,-0.5595,-7.08
iY6pMe0mtQ4,1.7172,111.17,232.36,70.66,2.0887,-0.3716,36.32
ZxVBg45ENe0,2.8636,114.28,128.13,22.44,2.2155,0.648,38.29
P4v3XKA9lkU,1.3131,22.61,65.31,33.53,2.2236,-0.9105,-16.44
gy8wuI7sL04,1.6394,110.6,70.99,19.89,2.1387,-0.4993,-26.45
ykPykZFFr9A,2.8142,70.66,117.65,49.32,2.5506,0.2636,5.62
1tIVpMtdUhE,2.9316,97.16,106.15,57.26,2.3175,0.6141,31.06
cvt5uY-Zk44,1.673,52.75,103.12,56.28,2.8103,-1.1373,27.05
pkghWO_uG7g,2.7276,75.27,119.67,48.9,2.8209,-0.0933,24.92
50yKswfp_oc,2.4455,65.38,81.91,60.42,2.3847,0.0608,44.76
meido5KtyTc,2.5373,79.16,110.42,34.27,2.3215,0.2158,21.77
kMQwGMosKTg,2.999,50.67,121.81,47.75,3.0002,-0.0012,-5.37
QxCgc2fgbHw,2.4069,93.26,142.28,15.78,3.529,-1.122,21.48
ZIePM0oiawY,2.8801,123.64,197.83,86.95,2.1853,0.6948,64.09
Xks6f66l_KY,2.6529,120.36,189.79,49.22,2.3992,0.2537,-19.29
wrOcvLm6uFE,1.364,161.41,136.29,18.89,2.1128,-0.7488,82.2
h3zElKJ3Q_Y,1.1942,157.83,134.19,18.0,1.2405,-0.0463,114.15
yqm8VsfZjLM,2.5644,132.23,152.4,42.53,2.39,0.1743,89.83
EbU4EamtqO0,1.6462,148.98,139.49,22.87,2.7367,-1.0905,90.46
0FwjIG7PWRo,1.5475,160.7,138.02,20.44,2.7082,-1.1607,56.83
Ylmnv6hFCPM,1.4532,154.57,134.23,24.79,1.0733,0.38,110.26
jXFraDwiOc0,2.1581,84.14,152.73,39.92,2.1578,0.0003,48.73
iIsb035h4FE,0.4706,55.34,143.32,37.63,2.1376,-1.667,-13.77
EOHd9DPFAwo,1.4251,92.32,184.49,22.33,1.753,-0.3279,30.15
AkfazSqXQuY,2.5398,28.17,133.77,49.33,3.1391,-0.5993,-14.64
uzZrDmy7OqA,2.1785,45.78,171.49,39.84,2.6541,-0.4756,15.83
TVmgCAERDUY,,,,,2.5159,,
7DF5DoDX3vc,1.5359,35.19,197.43,33.51,3.5537,-2.0178,-17.26
rUlcpYx0S3Q,2.6458,100.13,182.04,30.26,3.8325,-1.1867,64.27
K76UD6brUlA,1.3735,15.02,145.99,25.96,3.0784,-1.7049,-4.87
OiC3im5i32c,1.0002,13.97,208.45,33.23,3.1592,-2.159,-34.08
0EP6NkFj2Kg,2.3167,65.55,181.28,30.63,2.8646,-0.5479,8.67
zhCveohP8xc,3.2248,92.95,136.17,30.57,2.3497,0.8751,82.18
UxpIy5RsKjo,3.7618,163.61,127.87,45.59,2.036,1.7257,105.69
3lb2utBWBFw,2.2785,104.36,124.74,21.69,1.8627,0.4158,34.07
rzbGpcNFhGI,3.5992,160.83,141.86,41.09,3.1645,0.4347,114.81
3Qy_X7pTEhw,1.7963,41.71,190.99,32.14,0.0,1.7963,41.71
PYzHddx_Z9w,2.4274,61.64,54.65,42.58,3.2725,-0.8451,-39.58
cjyxnj9cIwg,0.8536,67.07,98.4,21.32,0.8782,-0.0246,-10.56
8PKUOGPZWMc,,,,,0.636,,
bUAYqFChPYY,2.6945,110.21,101.53,24.31,1.9497,0.7447,26.84
qvA9LH-jCrk,2.0326,39.46,58.35,14.27,3.1354,-1.1028,17.01
BEAOSYtP4GM,2.6351,152.04,78.49,38.17,2.6993,-0.0642,18.45
CusQlEPPD0A,0.0,1.54,197.74,28.4,2.5952,-2.5952,-12.06
cfXyPXW2wt8,3.0701,81.08,61.44,20.18,3.1376,-0.0675,26.56
uhzLi5RMSDg,3.0819,130.52,108.15,27.98,2.3797,0.7023,59.39
dHO65813dQ4,3.2484,86.96,111.38,28.25,2.4283,0.82,21.35
5KkofrhZuQ4,2.8482,82.65,109.17,24.63,2.4329,0.4153,13.7
L9XNxaLpezo,3.0393,76.46,112.77,28.94,2.254,0.7852,33.26
tPMBKlFbTDA,2.886,75.17,104.55,22.58,1.7611,1.1249,40.07
mDe1ptn_STM,3.1811,78.7,104.81,31.1,3.4291,-0.248,16.81
BusEBV3X7BA,3.1523,133.91,136.32,33.83,2.1628,0.9896,50.92
_PxzLm4r7mo,3.0994,125.68,140.72,35.3,3.3393,-0.2399,33.4
EtN4DspcOUs,2.4091,89.24,145.58,33.35,2.3581,0.051,44.2
yOf77YctpN0,3.0524,106.09,129.78,28.23,1.648,1.4044,39.48
7RuMAgWa4lg,2.1972,118.76,124.25,16.29,1.9257,0.2715,43.58
lq1ww_Oh_5Y,3.015,149.54,131.65,30.97,2.8417,0.1733,83.76
3ZuUO_oNPQw,2.492,69.75,115.26,23.29,1.8076,0.6844,2.87
m9lJhNMmzDo,3.9637,107.64,109.3,50.37,3.337,0.6266,34.38
n-B6fEEWsYU,3.0787,130.19,158.23,46.17,2.8482,0.2305,78.07
mZpydOph3BI,2.0019,120.55,102.37,31.7,2.3435,-0.3416,28.19
KNhWGq7cJUI,3.7917,146.56,107.28,47.98,2.6114,1.1803,107.28
EXs734S9FrQ,3.373,140.7,104.13,32.93,1.8737,1.4992,71.13
wesrdOhgBKg,3.5427,125.84,103.29,45.76,1.5312,2.0114,61.04
HfmzOTaOfd4,3.4603,152.77,110.22,36.11,1.3392,2.1211,77.14
UZwO1NUaPg4,2.9501,97.22,161.48,34.31,2.7432,0.2069,39.33
eE7bSjALUBc,2.4995,180.51,165.56,36.03,3.0929,-0.5934,40.24
9lk4iAGVwRA,2.0839,144.96,124.09,16.22,1.5167,0.5672,44.62
HrNm7Mv_jFk,2.3074,104.08,149.3,15.71,2.0275,0.2799,57.88
09omadJ4Hqo,2.0896,104.18,152.62,14.51,2.2974,-0.2078,28.51
R31KmMjoSb8,2.2973,119.16,138.29,18.31,2.619,-0.3217,17.48
6SDdpER1PKA,2.1701,131.7,135.04,17.85,2.1687,0.0014,42.79
rD7hGthFyZo,3.2118,87.68,195.82,34.3,2.3688,0.8431,47.33
QEoEIR629eM,1.6407,190.22,94.46,14.51,0.6723,0.9684,-58.02
XsHuKlOrguI,2.539,72.72,198.52,31.06,3.2338,-0.6948,-28.61
q0CS1bOQxfI,2.8031,65.32,87.3,44.24,2.5028,0.3003,-14.04
S2B9SHw3LkY,3.1962,49.14,131.45,41.77,2.527,0.6693,-4.52
VtePqByZ_SM,0.7272,104.75,189.88,17.63,2.1447,-1.4175,-18.89
j_eYOc8U9F4,1.4668,74.31,212.12,10.32,1.8726,-0.4058,30.62
WV6EfoRw3qY,1.8261,57.37,217.7,15.11,2.2213,-0.3952,13.06
G5Dms_SGNHU,1.993,85.04,204.24,20.05,1.2365,0.7565,28.86
WtjVlO6m0lA,1.0061,131.53,182.41,3.87,1.7215,-0.7154,20.65
YcpJrk5wwGI,3.2785,110.45,87.09,30.11,1.9576,1.3209,15.2
tqfSf9tWUbc,2.3715,92.78,114.62,58.99,1.3753,0.9962,0.75
PJJIoUlz_vA,2.7717,33.61,161.14,20.74,2.8847,-0.113,-11.5
ZiZHnSK4VAk,3.2162,131.84,87.2,46.55,3.1285,0.0877,34.56
ymMgMdjFoVE,3.211,133.09,124.21,43.84,2.802,0.4091,22.46
j9LCpN9gDYk,3.0881,127.88,121.7,37.99,3.1708,-0.0826,22.32
75-SkWM26k4,2.8698,135.44,148.29,25.38,2.64,0.2298,-2.14
CNW_7oS3j5s,2.4338,146.62,133.33,17.91,1.7967,0.6371,-0.93
y6oXIC4-cv8,2.6582,100.98,130.1,30.91,2.0025,0.6557,29.1
_07l_07m6xQ,2.644,111.07,124.82,21.84,1.4972,1.1468,-16.22
bshYHxm0odc,2.9551,128.01,131.07,80.43,2.0587,0.8964,-3.98
vPiXDzHo6nQ,2.7452,107.47,119.4,60.52,1.8012,0.9441,34.71
VoyhcGx0kwg,2.8805,115.21,146.27,52.92,2.2019,0.6786,14.62
BpK8ICL6Rik,0.2681,16.84,197.83,9.05,0.0373,0.2308,-4.32
4ixiMRInQmM,,,,,1.6992,,
rkIVA00GOh8,,,,,1.1863,,
SBJb-vxkFps,2.5452,96.6,94.85,26.54,2.9168,-0.3716,27.24
WDN_v2OkmeA,3.371,58.22,96.79,40.83,3.0637,0.3073,12.32
hurWktvwUyo,3.1122,83.81,112.05,33.42,2.6684,0.4439,-41.5
OufEc1pHpxc,2.697,121.06,105.53,29.93,2.2729,0.4241,45.47
-olm-ksCvEM,2.7103,104.06,122.09,35.3,2.2003,0.51,38.22
Xa9QY5iH7OE,2.3285,90.04,113.34,30.7,2.5795,-0.2511,20.9
EKtQYe2kQk0,2.9893,102.09,128.54,40.07,2.6079,0.3814,47.41
186MJ6cjBZI,3.1676,153.16,134.68,35.6,2.1792,0.9884,67.02
m6QtJVOJQYE,3.4599,106.83,112.44,39.95,1.9908,1.4691,23.36
0VDlD0hGWiU,2.6581,125.97,147.61,24.7,1.0023,1.6557,45.65
YWc1pjduPGA,2.9487,122.18,119.96,24.63,1.2665,1.6822,31.25
2rjgirlUt9g,3.2964,169.27,121.1,50.94,2.0081,1.2883,105.14
ZWAlFVb8qQM,3.1786,72.46,128.65,38.25,2.5252,0.6534,-38.61
oqg7MOeB84c,1.4053,71.98,186.46,5.94,1.3384,0.0669,54.8
JSxwt33tB2Q,2.0003,57.96,202.27,34.87,2.2952,-0.295,17.99
W7sujeX-6pY,2.9824,194.72,118.05,28.47,2.0819,0.9005,70.12
yXGZdgc2uXI,3.0804,164.87,102.28,32.86,1.8133,1.2671,40.09
HmKRi6_06Qo,3.3958,194.35,113.68,43.28,1.7642,1.6317,85.76
NgIZrVuIX5A,3.2397,179.35,106.91,33.09,1.8616,1.3781,72.93
Zi_nEZveso8,3.5078,217.24,89.95,39.61,3.1209,0.387,41.12
MK-BT-Oe1Us,3.3891,179.17,93.87,32.13,2.9028,0.4864,29.66
GD1ZE0sQ-Mk,2.8368,39.51,168.21,46.51,1.9132,0.9236,10.25
i7_Op8_SDwM,2.0448,33.78,202.21,20.45,1.8675,0.1772,7.28
znsqF4fBlhE,3.1271,138.83,89.75,26.32,2.5286,0.5985,52.97
TyYh_4J5bZo,2.807,126.71,86.67,32.08,2.6894,0.1176,58.62
UKhPvzdRpbI,3.05,44.5,106.82,22.74,2.3246,0.7253,-20.28
quDTtBSmPKc,3.166,126.48,99.09,23.02,2.1243,1.0417,18.08
AAEaUAgxjvg,2.5869,69.36,164.48,36.92,3.1911,-0.6043,-18.81
IXZIrvmJECs,2.6101,71.95,161.54,39.54,3.1756,-0.5655,-15.31
_KuWzXmt1_4,2.4555,77.9,169.11,39.64,3.1449,-0.6895,27.56
9b3AOwjzxlc,3.2146,79.75,150.9,55.82,3.2256,-0.011,-12.53
IKVIWg5HvbY,2.7819,58.2,177.12,43.85,2.3177,0.4642,-10.32
4L7TQs0hFuA,2.9195,65.48,180.18,59.93,2.8523,0.0672,1.57
oDMIEa7VYj0,2.7646,62.81,171.01,46.02,2.2502,0.5144,-4.45
RrEzyYHZLNk,3.0709,70.95,175.33,48.76,2.8872,0.1837,-7.96
ZgKQGjqPAEw,2.7219,56.11,152.8,42.52,2.708,0.0139,21.16
d50CIxRk-i4,2.6643,88.18,158.99,38.92,2.8248,-0.1605,17.73
bAALQ19eMUE,1.9881,42.01,153.7,51.27,2.2014,-0.2133,12.45
u65H_dA7dvM,1.6981,71.35,131.13,42.42,1.7393,-0.0412,31.21
ooFSIF5c06w,2.3999,57.43,146.51,28.98,2.8121,-0.4121,-9.99
QV_U7rTOWjk,2.9805,47.83,93.65,39.32,2.9487,0.0318,-11.17
WR_Lm-IFE7U,2.5024,142.25,120.14,55.88,2.7323,-0.2299,86.19
8R5s8Pc7t9E,2.1633,105.4,141.65,50.9,2.4196,-0.2563,44.64
wMpgmTm5RSI,1.96,8.52,69.71,12.98,1.5326,0.4274,-40.46
MLmTRlrZ1BM,2.1654,31.72,122.38,26.87,2.4746,-0.3092,-11.77
xIpSrDlNt9A,2.658,101.7,139.76,46.96,2.6088,0.0491,64.49
IBTbgsVFW0Y,0.9693,38.04,147.51,18.63,2.0935,-1.1243,5.68
L-sRAUyrZQ0,2.3439,159.68,139.5,24.25,3.0277,-0.6839,139.79
J1QMbAV5eRo,2.3623,165.98,126.66,26.4,2.8055,-0.4432,144.45
VgpyGeOzY6M,1.4982,61.31,139.76,21.73,2.7771,-1.279,42.92
419bd2cRqiE,0.0,0.0,203.6,-0.0,2.6346,-2.6346,-12.51
OU-2qQwBpwY,2.6918,134.47,99.5,23.21,0.0,2.6918,134.47
GaO6VNxjxM0,2.5954,165.43,102.49,23.65,0.2703,2.3251,-2.77
fUj0NRr8msw,2.8185,150.31,85.92,26.42,2.6658,0.1527,66.72
fR0Bnf1gGUg,3.0176,108.12,98.61,25.22,0.9237,2.0939,86.88
G4S3gu42NSU,3.0566,79.98,86.99,25.6,2.1871,0.8695,-6.43
VNkWezWOBZo,2.9523,121.1,89.56,31.57,2.8524,0.0998,72.62
1xFJEOTkB68,3.7549,181.1,84.54,43.65,3.0838,0.6712,73.72
8YMVvzeSMbU,3.7661,172.7,94.61,48.94,2.8431,0.9231,25.65
Vl2ttCGIY8E,3.483,167.41,109.01,33.4,2.4504,1.0325,44.32
LzHtz7NouJE,3.4833,171.92,108.71,35.21,2.3072,1.1761,26.16
1IPWzYtxkpk,3.479,155.41,135.1,34.59,2.3162,1.1628,11.6
bbfHPhp6Cjg,3.263,140.16,107.52,54.0,1.7959,1.467,36.74
RrjTRAVzJxc,3.4364,203.3,96.49,35.35,1.1909,2.2455,-21.39
2KEPjKT77Uw,3.7304,158.52,79.11,37.52,2.4751,1.2553,5.64
y7C96ik-El8,3.4403,184.39,93.75,38.53,2.265,1.1753,-4.95
IJUUAfEMRQw,3.4031,167.7,108.37,38.12,2.4804,0.9227,32.99
9EWktjAvPFg,3.0387,96.34,141.7,44.29,2.583,0.4558,-88.25
NTH69eWTFxs,2.4187,75.69,128.14,24.3,2.4323,-0.0135,-12.16
gMj2zVJfSek,3.068,63.46,140.08,30.43,2.8869,0.1811,-40.78
J1l5EC0edzc,2.538,96.95,73.98,32.82,2.0158,0.5222,-91.26
_Cp2O9gkBpo,2.954,124.23,114.45,39.11,2.5462,0.4078,-15.3
z5eryEhlABo,2.8535,86.18,104.85,42.6,2.5465,0.307,32.67
E5b13bg__IM,3.1195,93.04,96.67,36.02,2.64,0.4795,-3.77
hIPdllLiXK8,2.4461,95.61,107.35,44.57,3.2307,-0.7846,37.92
Eom7iN8mkBA,2.9533,125.75,109.62,60.29,2.5833,0.37,54.06
Kynu_4dS6Sg,2.7226,80.52,116.31,45.43,2.954,-0.2314,20.76
eii44Wvzc0k,2.926,110.94,121.59,39.89,1.3247,1.6013,-3.75
8CZLl-AYi2M,2.768,87.09,103.77,17.62,2.7888,-0.0209,27.89
KdKNT619bz0,3.5892,106.78,96.61,33.53,2.471,1.1182,11.6
GRcpP_Rmkhg,2.7548,89.01,109.19,20.9,2.766,-0.0111,61.91
vbYfX8OMzHg,3.1622,126.04,100.48,25.12,2.8138,0.3485,9.95
g9YB00MSWBk,1.0096,156.47,188.05,25.88,1.2072,-0.1976,33.23
mAUhsvOyCyA,0.7469,177.52,181.53,14.05,1.3429,-0.596,50.75
CH6egjruYmo,0.7101,173.84,181.03,14.61,1.6481,-0.938,63.24
y9SUl9NtLq8,0.5343,172.14,185.07,12.67,1.0313,-0.4971,85.01
vLZPFvHdwPw,0.9072,62.53,162.77,3.66,2.1852,-1.2779,-29.22
FIH77NLgZfc,,,,,2.2768,,
-xiOfMMwRSY,,,,,1.8346,,
HIxMMVbyY-c,1.1141,63.0,168.82,3.43,2.1746,-1.0606,-26.63
-BCPTdAsUn8,,,,,2.0179,,
JGWFImZGgUw,,,,,2.2318,,
pQnLFE6IS8s,2.8717,131.68,92.75,23.86,1.7503,1.1214,53.03
2pLK0sfjsXU,2.8929,156.28,145.01,34.7,1.2245,1.6684,49.81
RieciDLBALA,3.384,146.04,167.65,34.03,2.9075,0.4765,66.71
h85-zDvNG2k,3.2444,85.12,75.06,22.29,3.0031,0.2413,31.75
PWdXSlcCNxE,1.8194,201.2,109.73,14.45,1.286,0.5333,12.66
JkvLQZLrTH0,3.1582,27.26,172.88,60.77,2.7605,0.3977,-21.61
AiKbtkzPa3c,3.2741,28.1,80.59,19.08,2.3916,0.8825,-17.49
M7Ju19d7_SI,1.0089,104.55,211.34,15.21,1.4868,-0.4779,86.77
fOCSCR9pEQw,3.0033,52.55,109.92,16.64,1.7331,1.2701,16.22
x2iuomgaswE,2.5921,115.51,88.01,23.07,2.0433,0.5487,7.27
k_HlalQdBKA,3.3101,112.87,112.09,27.99,2.028,1.282,5.04
2TYT1Tc835g,2.2725,160.8,116.1,22.65,1.783,0.4894,-4.87
GeihafFdb4M,2.9591,150.36,103.25,23.6,2.5132,0.4459,23.56
Kkm9IVm0Ino,3.226,140.45,94.01,26.71,2.3128,0.9132,9.15
-kxjbg3KK7o,2.7601,124.96,81.08,22.51,1.9507,0.8094,7.69
FtI29DJbbIQ,3.7069,110.62,77.86,44.26,2.8792,0.8277,26.94
KOPJunxj_L8,3.1599,121.96,115.06,30.91,2.2618,0.8981,3.33
zXvJ7OKqC3k,2.9566,149.33,109.67,66.87,3.0571,-0.1006,61.99
Oxof219hjIo,3.0611,109.12,101.03,30.85,2.2234,0.8377,29.1
noWo1Hv2NJg,1.0901,107.15,169.34,21.45,0.8596,0.2305,101.8
lA5wXSVPYbo,1.0966,101.87,161.54,21.26,0.8904,0.2062,97.44
kjpsAHb8Xi4,1.8885,56.94,129.41,29.75,3.0292,-1.1406,-8.33
RJSn3FmcL40,2.7169,80.24,138.81,51.17,3.0978,-0.3809,38.32
eKPzFrui-uY,1.8702,69.04,187.39,23.73,3.1007,-1.2305,12.47
6EIVg8aZLXE,,,,,2.849,,
81VS9fH95Xw,,,,,3.1549,,
b_ptvaR1U_8,,,,,2.7135,,
tePvlXHMef8,1.676,100.95,177.2,44.05,0.0111,1.6649,-107.14
11WyLu9njas,1.6569,100.21,177.58,43.59,0.0111,1.6459,-105.49
lrW14A-3z-Y,1.7733,95.68,180.52,42.75,0.005,1.7682,-110.19
jAzimNtmBIc,1.676,100.95,177.2,44.05,0.0111,1.6649,-107.14
RwmXGWE_wPY,1.7815,97.92,179.14,43.55,0.005,1.7765,-110.23
UgRm3I-BB4k,1.7815,97.92,179.14,43.55,0.005,1.7765,-110.23
lwjPXZd0Kdk,2.6391,142.99,155.71,35.07,3.0893,-0.4502,47.43
HRTKdnEXGCE,1.7733,95.68,180.52,42.75,0.005,1.7682,-110.19
Nu7qkj-xqZc,1.7815,97.92,179.14,43.55,0.005,1.7765,-110.23
xk60Wow0oO8,2.487,60.42,159.76,26.5,2.3143,0.1726,6.79
wiGrF_BsxfE,0.8203,100.41,216.97,18.96,1.2055,-0.3852,9.25
U9T6rdViTPQ,1.9487,148.42,152.41,27.02,1.7645,0.1841,-9.41
nv_Yhwnk7Zw,1.9674,154.51,150.98,25.76,2.1027,-0.1353,-17.5
mGGCP_9JKWg,1.7414,147.08,156.51,26.22,2.0017,-0.2603,-18.82
fNCxPY0X2vw,1.7497,14.77,216.62,41.57,1.6932,0.0565,0.56
ZEO1J4d895Y,1.9494,65.47,101.42,58.04,1.5842,0.3652,5.42
DwwM_4NAdqk,0.4646,124.48,79.98,2.11,0.8351,-0.3705,49.16
PGTKrBD2H9U,3.0209,159.07,141.23,50.59,2.9415,0.0794,69.59
kA791AO4ZEE,0.5629,46.97,227.49,47.15,0.0609,0.502,6.9
GhCoVmUD_do,0.0,0.0,208.03,-0.0,0.0,0.0,0.0
tgBveNWpgCM,0.9235,49.61,152.1,8.21,1.52,-0.5965,-0.51
VWrpFeq1ZEM,0.0579,16.65,238.13,30.6,0.1701,-0.1122,14.35
jA6DhgVcILs,0.4194,22.68,227.3,14.56,0.1,0.3194,11.08
88hV-jPz5XM,2.811,9.81,229.45,12.33,3.1424,-0.3314,4.15
JOZ5SPA21dw,0.7026,154.99,139.81,14.63,0.8377,-0.1351,-12.64
FuBNZmOSxus,1.1179,52.2,221.29,20.06,1.3577,-0.2398,-16.53
boadg6eQA08,0.0267,3.07,223.67,16.59,0.1028,-0.0762,0.99
AEAKXH6Sxf8,0.0578,4.6,173.85,33.94,1.4178,-1.3599,-8.99
fZkn5Atww38,3.5806,80.96,125.69,38.58,3.4066,0.174,-14.88
mAqprIZl6bk,1.8252,95.37,101.95,19.16,1.8414,-0.0162,-23.49
K-vRa6d2hMo,2.7932,59.78,122.35,44.05,2.4393,0.3539,-14.21
vvfgOQ80NCo,3.1346,29.71,136.63,35.51,1.36,1.7746,-5.73
f_pnC65BkfU,3.0476,41.63,101.35,35.52,2.3852,0.6625,-16.71
HzB3LRAuS4w,2.4747,84.33,132.91,29.83,1.7429,0.7319,-22.92
i26qBTriZNU,1.8319,209.79,133.09,18.4,0.3851,1.4467,-0.36
AnPOla9y98s,1.8321,209.35,133.91,18.49,0.403,1.429,-0.94
HoYjghYL9ho,1.8319,209.79,133.09,18.4,0.3851,1.4467,-0.36
Xdw8rd1nHNc,1.8319,209.79,133.09,18.4,0.3851,1.4467,-0.36
7SPKvIyurhk,1.8321,209.35,133.91,18.49,0.403,1.429,-0.94
nnbA2Nm7AuU,2.2387,58.02,212.5,50.68,2.8112,-0.5725,-6.62
vdZvdUgKhHE,1.5399,82.44,208.27,22.32,1.3734,0.1665,31.83
3DsezYjLS-I,2.402,85.25,131.45,45.36,1.958,0.4439,-31.79
tNQbuxGabXA,2.612,92.74,132.89,56.4,2.7353,-0.1233,4.71
bMhd2Hm-jIY,3.1712,88.38,138.08,46.92,3.1768,-0.0056,24.48
T0AhpCIjhis,1.7587,79.99,145.05,35.66,1.8776,-0.1188,25.87
WXE4CQzNCcI,1.237,94.06,172.61,41.59,1.8745,-0.6376,68.35
L4jCT4CDx1Q,1.6935,33.81,171.4,35.65,2.4666,-0.7731,-39.07
r2C9ICkETNY,2.6941,46.15,119.34,30.84,3.0766,-0.3825,-44.49
7ZCPzElK0zU,2.2255,111.38,210.29,34.94,2.3528,-0.1274,13.54
63T-rDgWR3Y,2.2151,109.04,149.16,22.92,2.5792,-0.3641,26.26
1l3h5Dy-0-k,2.884,111.25,99.24,38.28,2.9438,-0.0598,17.23
X-kDTxZPjdg,0.4421,103.73,177.66,15.18,1.3635,-0.9214,-68.13
i08fh8ME9kg,1.4308,74.7,203.71,6.68,2.0815,-0.6508,0.75
KrDQ4xHmP7o,1.2838,57.42,128.85,14.77,1.8717,-0.5878,10.46
vSJ9XOYRCos,1.9321,51.68,187.77,40.27,2.5462,-0.6142,-11.01
vu4_zyFahew,1.5552,62.95,204.31,51.51,1.9468,-0.3916,19.0
zyPzetrxW8s,1.0118,33.5,205.68,15.47,1.6677,-0.6559,-9.15
oiDI9uTpmrE,2.7943,96.83,146.1,35.38,3.0514,-0.2571,3.96
Zxc8W4w9ATc,3.2064,120.02,109.4,57.33,2.6002,0.6062,-0.73
YtjAaMY-UTc,2.9575,125.78,128.54,49.99,2.711,0.2465,6.11
A4r7NA23TY0,3.0049,111.9,113.02,42.77,3.139,-0.1341,3.87
Cve32KV_7PQ,3.3023,142.48,139.79,41.29,2.3724,0.9298,54.28
eKo4IB-dsME,3.4688,123.3,120.17,59.12,3.029,0.4398,32.49
RREU3EenkMs,3.4427,82.83,128.12,47.97,3.3349,0.1078,-0.82
bgrjsh3lXcQ,3.1261,127.64,120.34,49.44,2.4859,0.6402,39.42
XNPRiQsA7S0,3.4241,124.74,114.93,33.19,2.8567,0.5674,44.9
llbih1KZwjg,2.9964,51.73,132.0,22.48,1.904,1.0924,-6.78
prSufsq1ohE,2.5827,40.08,129.57,42.57,2.9844,-0.4017,-63.73
JORVdvlsGQU,2.7909,109.85,159.06,58.98,3.3798,-0.5889,-12.73
16fZ2jP-zN0,2.8283,107.98,149.79,58.29,3.4584,-0.6302,-23.04
WGJXVFwB7co,2.2861,151.23,171.29,37.4,2.7467,-0.4606,31.9
SYkpTFwhWu4,2.1918,112.8,155.88,32.25,3.4567,-1.2649,-26.6
BsztF8GGrjA,2.6249,128.84,124.41,32.85,2.2651,0.3598,26.26
c78EPIZgoI4,2.3421,117.01,136.83,24.09,2.1931,0.149,36.36
e5BunXo4guA,2.1036,96.89,126.36,28.54,2.8089,-0.7054,20.65
FyCQj4vOzvE,2.0442,98.66,140.36,20.48,1.3806,0.6635,17.12
NDoUGZWKI8o,2.6208,86.4,113.54,28.88,2.187,0.4338,-19.88
Kabh-FHOAyo,2.7201,134.34,108.73,24.18,2.7167,0.0034,34.4
LJ4legHHwK8,2.7174,51.68,132.75,18.97,3.0866,-0.3693,-46.57
enL_OTGRwYU,2.9786,119.55,131.4,53.86,1.9254,1.0532,57.27
xWqr8qeV1qY,2.6048,89.68,129.43,38.6,2.555,0.0498,18.17
sM8npDJHYkA,2.4357,185.67,118.06,77.99,1.2612,1.1746,-5.23
HAL3JLf4vVs,1.5752,106.08,134.62,23.12,3.3224,-1.7472,106.07
8rPffPi1glI,2.8163,121.68,131.88,46.41,2.2522,0.5641,-14.69
ah9NC__dNUU,1.7424,140.04,143.48,12.08,2.349,-0.6066,12.84
Il3ldNxTRS8,2.0189,97.74,139.38,25.79,1.008,1.0109,69.51
94NLnyU5JGk,3.3909,176.17,139.45,34.23,2.2733,1.1176,89.33
9jpBgKNlWUo,3.4869,176.5,142.21,38.65,2.2537,1.2332,84.88
c980GzFOYrk,3.3072,176.83,143.24,32.33,2.3437,0.9635,126.46
9cLrh9VKKCA,3.3586,162.32,140.9,33.95,2.3857,0.9729,99.78
1_oGk2yrN-U,3.4558,176.78,139.36,36.57,2.9336,0.5222,124.2
i8c3fYiCpTU,2.1745,92.84,127.21,20.01,1.4819,0.6926,-38.12
h02OGZv9yhA,2.7937,75.65,147.88,32.29,2.0552,0.7385,41.17
qtvS1DyryfM,3.1413,12.08,181.75,57.15,1.672,1.4693,-34.52
urvGFyfatIE,2.3689,117.58,182.21,24.51,1.6908,0.6781,68.07
mnv-y3Tfycs,1.9756,51.64,146.9,32.6,1.5396,0.436,-36.99
SDiYJfCAIUk,2.1055,132.38,153.45,18.39,1.3376,0.7679,23.32
YS7kfxIaQH8,2.0812,160.72,149.84,16.87,3.0633,-0.9821,104.47
fsViXLttsR0,2.9691,79.26,134.79,48.74,1.7588,1.2103,-35.64
ssceveCNHR4,2.8048,129.79,105.77,29.39,2.1845,0.6204,-22.99
zcAkY3zkDHc,3.1094,91.64,172.29,51.04,2.535,0.5743,37.63
i0Giqn_rvaA,1.5388,131.92,148.34,15.25,1.9494,-0.4105,4.91
Aj20aPpzE40,2.8405,118.36,123.72,25.77,3.3346,-0.4941,76.39
6ksyvbyNUUA,2.815,119.25,142.96,23.05,2.2162,0.5987,38.75
-1_7FLMlZI8,3.1426,122.14,162.28,45.57,1.7774,1.3652,101.16
jCFOdbe7x_s,2.5326,102.79,141.44,30.92,2.5983,-0.0657,-25.33
IsPStBQBgJE,3.1888,84.8,131.28,49.58,2.4387,0.7502,-3.19
Cyb71rYDv48,3.1565,131.28,125.22,38.28,1.8785,1.278,31.02
NHdIpR5edfY,2.0504,85.98,144.77,20.6,2.4157,-0.3653,15.4
QWNWG2lc6kI,2.9535,100.51,176.75,23.16,2.2795,0.674,-25.12
BUPbUsftM2s,3.2129,93.48,168.33,32.82,2.3784,0.8345,19.94
6WdqfIIZGT4,2.4438,74.84,143.51,20.44,2.147,0.2969,-3.15
XAvf3hyJTEU,3.5518,104.62,176.08,39.22,2.5788,0.973,0.24
uJqU1buDldU,2.8659,96.48,166.3,30.29,3.0891,-0.2232,26.38
yU8l8V9VGew,3.185,95.04,172.74,35.74,2.6057,0.5794,30.98
ObsdeBkalbc,3.0376,129.06,182.0,38.47,2.9493,0.0882,52.67
Ii_jRjzwOJg,2.6064,113.95,184.75,25.55,3.1014,-0.495,15.45
ddazQ9f0MmM,2.882,108.22,175.47,34.1,3.2205,-0.3384,31.85
BJLRv8XVLqs,1.3375,52.13,207.99,49.47,0.0661,1.2714,-101.6
iBFy9fUIxBo,2.2958,77.85,167.85,41.79,2.4094,-0.1136,55.34
eAZwCRfr7h8,,,,,3.0688,,
rKhXzakXnxs,3.4866,119.67,99.71,34.62,2.3736,1.113,51.32
02SfUh9I57Y,3.2658,122.39,96.02,25.88,3.1332,0.1326,78.99
3Uvccoq2Czs,3.3737,113.87,102.62,33.46,2.6439,0.7298,51.01
O1fcYk1to8M,3.7529,84.89,94.88,40.81,3.2217,0.5311,17.63
wj07j28Y11Y,3.4568,89.09,103.79,42.98,2.404,1.0528,20.24
P3Sd6Qnbwok,3.4019,96.57,104.83,31.98,3.1607,0.2412,34.33
XpgJ6DvjuI8,3.3739,133.84,115.54,32.48,3.0297,0.3442,67.69
YvtcYOdbjYY,3.4224,93.65,93.92,27.98,2.7364,0.686,47.02
vL0cEZ6fEuE,3.3401,108.05,89.82,27.18,2.6501,0.69,47.61
qtGPvlhUVGE,2.9799,135.64,94.06,22.24,2.3001,0.6798,28.87
FfdxSeM8V9g,1.7508,142.71,188.71,17.72,2.5774,-0.8266,19.93
SWaFVS2s23A,1.7373,146.55,186.83,18.03,2.5642,-0.8269,24.59
A3kS5Pkd6QU,1.7555,142.74,189.93,17.8,2.5705,-0.815,20.45
tqiEuf-Mnng,2.5776,100.31,183.29,33.57,3.3383,-0.7607,-14.11
EUTGv8JWLd8,2.1498,109.59,210.97,21.78,2.998,-0.8482,5.13
NZG6h2BX2ik,2.504,93.49,148.93,30.2,1.7103,0.7937,2.94
0Mx_qanw-xk,2.0552,143.65,165.89,20.87,1.537,0.5182,37.67
mdAT1B51-DY,2.352,105.38,155.09,19.22,2.505,-0.1529,61.17
3cOXo6XlJLc,2.9362,71.12,156.72,36.03,1.1451,1.7911,21.2
XGaVT7KND3E,2.5741,98.78,96.2,19.4,2.4177,0.1564,42.29
nvoZvz2na4c,2.8694,131.9,109.79,23.26,1.7181,1.1513,63.81
9710Elyn7KM,2.5767,164.04,139.99,20.73,2.3243,0.2524,61.59
MtigY9Yv3cc,1.9562,129.69,179.46,16.19,1.9717,-0.0155,43.2
N6TC7xwfgLc,3.3953,97.9,126.74,42.53,3.0192,0.3761,-3.19
lGduPo6KwiM,2.9428,151.37,120.04,28.23,1.9455,0.9973,89.83
f3iGzrb5MwM,1.6212,56.17,185.89,55.57,1.6686,-0.0474,8.73
Js6mgwkSPA0,2.913,39.42,159.69,37.64,3.2046,-0.2916,10.79
A6V4b7jq_vI,2.4163,41.95,120.31,11.6,2.2865,0.1298,-62.17
--nYQqvVXkk,1.0259,88.18,177.63,18.35,2.0454,-1.0195,-19.32
vNQJzpx7OxU,2.4496,84.7,128.78,25.52,1.895,0.5547,10.2
nvAz1GjP2jk,1.3954,208.46,191.7,47.4,2.35,-0.9546,68.88
4K_cVc6KkYI,2.1109,135.15,159.82,24.54,2.2951,-0.1841,94.88
Kpr1Db1nZk0,3.0844,105.71,172.86,37.67,1.3076,1.7769,-56.01
2LO2_iasFoc,2.0587,112.77,109.49,47.48,1.9088,0.1499,5.56
2LCU2O41JLw,1.363,42.98,196.75,29.09,0.7774,0.5856,-1.52
qMoz7SNhbgI,2.4254,108.41,162.23,20.94,2.6092,-0.1838,15.58
9ok8KVjezy0,1.0363,116.82,143.35,22.99,1.7764,-0.7401,-7.65
iIwKSHv6p9s,2.6026,91.16,93.66,28.86,2.3622,0.2403,20.91
-C_wdiEWAK4,0.5717,245.04,223.94,5.62,0.0102,0.5614,24.97
umDM3Kgw6GI,2.1402,59.21,150.71,27.49,1.7357,0.4046,12.28
rEYPtCp5ZE8,2.7529,106.1,132.01,46.25,1.8133,0.9396,-19.64
Ow0gGg1aBKA,2.1335,115.55,98.32,35.83,1.706,0.4275,-1.66
h0QWZQ6A9aY,2.9266,20.91,98.42,21.65,2.7165,0.2101,9.53
VRqxrRnPz80,3.0316,78.44,101.79,37.77,2.5758,0.4557,16.99
XdVKPcIJU50,3.1809,39.4,97.74,30.74,2.7891,0.3918,-2.93
2OpWo-A2iok,2.1114,82.43,116.54,20.15,2.0671,0.0443,20.8
n-jsb0PtC9k,1.399,57.93,153.24,24.33,1.7164,-0.3174,9.26
1h04Ujpo89U,2.9872,133.11,174.69,35.98,2.0614,0.9258,30.66
PCKDEVwmZJc,0.1923,86.58,186.98,7.34,0.0007,0.1916,-37.62
gTDfen7TL4U,0.6595,101.24,192.4,3.47,0.0024,0.6571,44.99
2f0tLEh8Smk,3.1644,106.71,111.27,38.12,2.4392,0.7252,34.74
LjYd7Z7R6yg,0.9862,51.77,147.89,4.54,0.9218,0.0643,17.21
SvpFjGVuj9c,1.847,46.27,202.65,48.87,2.8708,-1.0238,-0.94
maUMHs0qLEg,1.1193,40.09,75.29,20.1,0.7004,0.4189,-5.93
E4X7-pYN9bE,3.3579,128.35,97.11,27.55,1.7333,1.6247,-14.52
M5lyAjne6aM,1.3164,96.44,173.02,9.55,0.7294,0.587,-31.63
dkv0gc_OmMc,2.7175,125.09,130.17,26.22,1.6926,1.0249,-68.96
nPIKMPOyIIM,3.235,105.88,116.17,39.96,2.631,0.604,31.01
1tTcRikNEng,2.9872,88.01,130.84,30.12,2.1709,0.8163,24.08
CXD1Lm_4IWg,2.8048,119.94,142.82,25.53,1.8588,0.946,39.54
mhR9QjY2u4Q,2.4702,107.11,142.3,24.3,2.4271,0.0432,11.51
q5EFkqK4dlQ,2.5673,96.02,129.69,26.21,1.6097,0.9576,11.69
tEUZlWgw0DQ,2.7214,101.81,132.72,22.2,1.8788,0.8426,4.58
lmcgE_g3Jyw,2.7087,108.2,139.93,21.8,2.1342,0.5745,8.97
DTWjlSyyr4g,2.3468,91.72,142.19,17.76,1.443,0.9037,-4.35
TiBtM5qXGoE,2.3049,122.75,134.6,19.53,1.8418,0.4632,3.05
nRABbojwkWg,2.5484,81.85,116.97,54.35,2.4221,0.1263,-6.59
MBgeWN0QbyY,1.312,85.01,70.97,38.49,0.8379,0.4742,-33.78
MTrKtzYG5_A,2.9664,114.09,128.11,38.03,2.8035,0.1629,25.26
CT8xDr3jMrU,3.1158,150.16,134.93,52.02,2.3905,0.7253,34.95
IBje8YCoxrs,2.8726,122.9,131.5,47.07,2.8316,0.041,20.41
SAQExK5SFxI,2.481,135.56,129.05,33.68,2.2377,0.2433,32.15
hRArRv3IOFs,1.6037,161.95,104.71,13.06,1.6712,-0.0674,-9.63
IEURX1xKR3I,0.7545,53.42,174.75,52.38,2.1808,-1.4263,19.7
3dQQ2Q-J6GY,2.9147,88.18,82.03,25.3,3.6315,-0.7168,20.44
ZyI5ci52A3g,2.7623,40.23,110.38,22.76,2.8885,-0.1262,-1.48
JJG9YIyFk-Q,2.934,47.89,56.66,17.11,1.0652,1.8688,-50.38
Ar5YCZaCQHY,1.3794,83.12,174.33,4.7,3.1222,-1.7428,-6.06
X_CARBq9lWc,2.54,51.78,61.75,31.53,2.7337,-0.1937,-25.48
tRn0BDJ8I2A,1.2509,164.92,175.99,12.52,3.1711,-1.9202,98.49
kyt-eEdElgA,0.7869,163.04,172.5,5.96,0.1619,0.6251,141.99
TRxbWPCCfVU,0.8568,151.39,185.61,15.21,3.2128,-2.356,107.95
x642K-8037Q,0.7782,160.44,171.45,6.88,2.2286,-1.4503,125.39
HGrCgUToKCM,1.0582,231.92,210.32,4.53,3.1721,-2.1139,198.39
Ny-mDW03Ai8,0.7299,151.85,174.22,13.22,3.5135,-2.7836,119.69
aK78kxryh6w,0.6831,161.47,173.03,6.36,3.2781,-2.595,127.36
UuiVPOYTx60,,,,,3.62,,
Nd6F4Y0FCTI,2.8012,46.73,158.03,32.34,3.4887,-0.6875,-8.42
tPvzhnwc_Ig,3.814,179.46,111.4,57.99,2.7812,1.0328,76.11
PozHJbWzDug,3.7563,184.67,109.49,49.32,3.5149,0.2415,121.69
5IqhF3BAQZg,3.8462,174.81,119.46,55.03,2.1087,1.7375,74.54
32YJFdO4e1c,3.7585,113.06,66.34,43.48,2.0402,1.7183,22.87
EItjgHdbilA,3.8135,116.09,66.42,54.06,3.1056,0.7079,14.82
UCiaEdlJ1y8,3.6523,139.48,61.07,50.68,2.2611,1.3912,37.5
U-3aeCcFqOE,3.8285,153.97,70.7,40.13,2.8087,1.0197,-2.12
5lKxykfUQfA,3.4293,139.14,106.2,40.32,1.6842,1.7451,24.75
NOr4VNtOO_0,2.8752,86.27,115.54,21.5,1.9378,0.9373,-15.83
7zwTmp8LBTg,3.4635,97.89,110.52,34.45,2.0652,1.3984,-24.17
r7C6D_pHv8A,3.2395,155.09,92.39,27.41,1.297,1.9425,70.71
nmJFxQQeFT0,3.4137,153.4,99.61,36.52,1.2643,2.1495,89.04
y6m0z3ajOA8,3.4359,151.99,103.08,33.45,1.8912,1.5447,65.79
Ek09No6ZxJs,3.5224,110.68,101.93,48.05,1.8863,1.6361,8.66
Fn-IPfxE5HU,3.554,95.17,81.23,33.06,2.0649,1.4892,28.78
NuMwQg8yELQ,3.5203,140.34,89.39,33.19,1.7649,1.7555,56.15
4AxivHK8jHU,3.2916,176.68,111.9,31.72,2.7619,0.5297,84.73
Oyj0_sKslY8,3.4622,152.68,111.36,39.16,2.4085,1.0537,90.44
CODkNi-yBO0,2.9737,147.09,131.0,25.73,1.3239,1.6498,87.18
rdg0ieCOnaA,3.3864,146.43,100.62,29.0,2.752,0.6345,39.39
v4vrr5OfR2k,3.4071,85.34,136.75,55.06,3.2611,0.146,15.94
AhD-bB1oADM,2.1635,130.59,175.78,29.49,2.7675,-0.604,22.52
qjRgExSY93I,3.0204,96.81,150.26,61.6,2.2368,0.7836,4.12
xm_pd1udpcE,3.7071,68.18,138.88,48.49,3.2261,0.481,-15.42
PQ0s489p8zM,3.18,108.37,137.2,63.49,2.916,0.264,27.94
uXCS8Se2yaE,3.6442,64.72,154.2,57.03,3.3961,0.2481,-1.02
Q0G5KTtPb-s,3.4108,77.1,149.06,56.05,3.3538,0.057,29.33
YPLFW7QbQQQ,2.8099,67.05,158.82,48.94,2.6619,0.148,34.26
th33dlWF3FM,2.996,98.88,143.82,48.66,2.5925,0.4035,17.24
roRc3JHfucM,3.5068,77.17,151.86,83.77,3.4056,0.1012,10.81
YUFCJarzWJw,2.6979,189.8,184.36,25.48,3.1854,-0.4875,113.32
UnqJytzSzPE,2.8409,171.23,191.05,31.52,2.5818,0.259,72.93
53ElAGpRQEI,3.4018,151.99,120.83,35.36,2.5499,0.8518,55.47
fe9i-NBOa3Q,3.4262,137.02,117.26,35.68,3.1274,0.2988,86.91
Lbb0E7e2g1E,3.4349,161.51,116.24,34.66,2.7656,0.6693,82.69
GFn8a1O8BNQ,3.3631,156.55,127.1,39.07,2.7794,0.5837,78.43
OtBHXcod0sQ,3.197,154.68,120.67,31.19,2.4591,0.7379,29.54
vSatuJ99PHk,3.4327,152.53,125.61,33.38,2.0111,1.4216,53.33
7FJhBkk91_E,3.4022,161.78,119.07,35.29,2.6471,0.755,48.32
_ZLxiPOSmaM,3.4052,155.03,119.62,38.35,2.0449,1.3603,85.81
eq2MN2MWphs,3.296,163.46,124.13,30.19,2.7805,0.5155,45.08
4TIUQggazVw,3.2332,151.45,123.81,31.55,2.1281,1.105,67.03
cwN9vMNY1q4,2.8276,53.02,143.22,19.99,2.9326,-0.105,-15.38
r3eBZ73uzmQ,2.018,169.53,148.49,19.86,2.6129,-0.5949,95.68
rRO0eCY1eis,1.986,56.26,112.07,18.37,2.9094,-0.9234,36.16
EKAKu235sw0,1.1642,88.87,112.89,4.21,2.3698,-1.2056,6.12
HwiP-1O0RDg,1.7379,147.34,105.29,13.33,2.7948,-1.0569,57.14
q4tKOT81qhU,0.8245,152.61,226.29,12.46,0.6967,0.1277,-7.91
5VlbTCjA5ks,2.7418,152.39,201.96,31.49,2.993,-0.2512,41.63
66XlJwu45Us,2.3201,203.29,152.47,28.2,1.4488,0.8712,45.72
091SWONRg-U,3.047,63.93,148.93,53.7,3.0374,0.0095,-70.63
0qLOHQ3-syA,2.4449,35.96,120.79,13.7,0.0,2.4449,35.96
m0l6YGIYI9I,2.4598,58.82,117.54,50.47,1.5285,0.9313,-32.98
xKT5GmXYJfM,2.5233,62.71,112.72,15.06,2.1533,0.37,-4.01
FoVYXylTIJY,3.0105,107.05,120.4,31.23,1.6345,1.3761,10.15
WPqQ6x5_nrA,3.0363,113.03,123.27,32.18,1.5818,1.4545,21.28
RjDGQCj5ucA,2.8927,144.45,98.11,26.57,2.4202,0.4725,5.76
sFJOCJ_J7DI,2.8324,104.02,131.75,30.58,1.1878,1.6445,2.33
H35YXFYpCsQ,2.7505,152.82,124.61,24.85,1.9529,0.7976,8.33
2jiX1kJKl98,2.992,112.11,124.66,31.91,1.7038,1.2882,21.76
0rN0w90L5eo,2.9826,148.11,97.78,28.46,2.6663,0.3163,-29.86
n70_5nrBGTM,3.0471,110.79,121.6,31.45,1.7746,1.2725,18.31
2NUGuMVzS7k,2.8856,148.1,96.69,25.61,2.1721,0.7135,-23.76
zgfBN79ggWE,2.759,142.1,121.51,24.47,1.9495,0.8095,-9.41
nLKYdj3l74w,3.2132,141.34,161.63,32.07,2.8109,0.4024,41.83
G030ZoL6HSM,2.9278,118.68,192.31,30.01,1.7261,1.2017,29.61
xNKtd68A2QM,3.1477,171.73,144.62,33.98,2.1467,1.001,62.13
9beXRqIWiWI,3.714,158.79,138.32,46.85,3.1132,0.6007,32.31
Pbh6Y532WLE,2.9686,192.29,162.22,32.57,2.1332,0.8354,5.83
BALELXv9LQ8,2.8665,114.93,207.15,45.97,2.7417,0.1248,58.33
DGhN1A-IO9w,3.2214,138.16,127.19,49.35,2.5039,0.7174,99.11
i20Byg--4iQ,3.1493,125.3,149.3,44.79,0.5261,2.6232,45.15
RvI9shaBr1I,1.7492,72.98,165.97,17.28,3.0386,-1.2894,-8.04
O-jjgqC2_qc,1.5858,105.93,197.97,24.0,2.2723,-0.6865,32.7
9NL0j8-UT4o,2.2296,56.15,168.75,50.55,2.9048,-0.6752,0.67
ooLpcNiFXCQ,3.2512,51.44,119.34,35.81,3.1463,0.1049,-26.24
P5SkjLbmpbU,1.1915,74.79,122.96,15.37,2.2004,-1.0088,-22.87
EKwnLp6ts6c,2.6483,98.67,204.72,27.57,2.4809,0.1674,66.43
d1JdKuxEd_U,3.426,125.32,144.47,42.34,3.3587,0.0673,13.64
jkBY5NNOAeE,3.22,153.54,142.06,51.98,2.3893,0.8307,44.67
7CYK6Al9raQ,1.6956,57.93,205.38,19.97,2.8968,-1.2012,-23.51
V9nw4InA_go,2.7415,128.97,142.23,41.4,2.5314,0.2101,-25.58
6dCqDDPbd8g,2.5585,144.28,166.48,30.74,2.7524,-0.1939,9.07
psAQocD06mE,2.9823,99.33,138.35,40.26,1.1571,1.8252,25.19
17zv0axKAmk,2.0882,139.27,208.11,44.6,2.7556,-0.6674,27.06
-kHDcmTZ6qo,2.1188,75.99,106.87,29.62,3.144,-1.0252,4.45
Dfk1_BzTqBE,1.2185,85.86,221.3,16.9,3.1022,-1.8837,50.24
to3mcPswf5g,3.0151,52.61,113.83,52.99,3.2303,-0.2152,-25.4
8JzslTJ2y8M,3.108,73.7,156.67,43.37,2.8377,0.2704,-82.47
t97kZDdSiMg,1.5287,41.0,141.22,25.58,1.2087,0.32,-27.27
_sWI5ra0H7s,1.4244,125.22,75.8,14.71,0.5069,0.9175,-93.36
Cp0XT74lTNc,,,,,1.7249,,
lEQeHPl2-0Q,2.4838,39.62,81.23,42.7,3.0105,-0.5267,-11.42
0leQ2tMx_IE,3.2856,18.59,103.61,49.88,2.479,0.8066,-57.57
c9ud9I_IPwo,0.3063,82.84,227.09,12.43,1.4711,-1.1648,7.99
d1iLzWGagVI,1.1704,66.0,81.51,4.09,2.5898,-1.4194,21.77
DhsRomC-nIs,3.2785,70.47,183.95,38.16,2.4598,0.8187,15.89
UPIymEsvX6w,2.8427,150.13,78.58,25.16,2.747,0.0957,118.56
2Ws193udCUc,2.0033,35.62,80.53,11.18,2.426,-0.4227,-11.46
afCY2yExOLU,1.9102,137.38,105.38,10.23,2.3142,-0.404,-30.94
cybw2-pvqmw,0.0,4.82,188.22,21.26,2.4378,-2.4378,-27.87
k21HyhlDbUw,3.1521,25.08,177.07,57.9,2.2945,0.8576,-17.85
WmB2KH46uKY,2.5678,77.37,239.63,45.91,2.4174,0.1505,-18.15
jJSG0_Eei-M,3.1434,66.72,138.06,37.29,2.4955,0.6479,42.1
Yop6G94UJJw,3.5648,94.72,131.19,35.34,2.1979,1.3669,5.73
TOrbHRbuids,2.5661,68.09,230.5,34.07,2.8344,-0.2684,-27.45
mGDiik4hlhw,2.7826,102.56,227.67,46.83,2.8762,-0.0936,-14.95
yiKy4gWjoyk,2.2775,133.97,217.53,17.86,2.8468,-0.5692,9.9
nVy2pBFqgyM,3.1916,101.85,223.84,53.65,3.1631,0.0285,-20.29
Uota9G0P17E,2.1698,68.54,109.9,58.03,2.5539,-0.384,-29.3
GPwj77wL87g,3.0265,96.85,101.2,34.75,3.0214,0.0051,-15.3
8qwYZfQ_2qw,3.3735,61.57,113.53,32.35,3.1559,0.2177,-23.5
X-vbT6a63LA,2.5869,62.1,131.08,19.78,3.7515,-1.1646,-24.76
jUAXO3H6tXQ,2.6307,95.15,115.16,18.53,2.7035,-0.0727,26.56
iOPTE-rNMmk,2.1447,80.22,131.12,33.01,1.921,0.2237,74.8
DEaOOtJG0Xs,2.8252,62.55,185.93,51.29,2.5519,0.2733,23.98
rYh8u95s680,1.985,68.2,138.26,19.15,2.524,-0.539,57.21
-EcBRe1RaIs,1.3974,68.74,129.49,21.34,1.9189,-0.5215,59.76
k2oVbQWcCy8,1.6728,145.05,171.72,20.32,0.8567,0.8161,-18.94
5lt7h1V4uZE,1.3558,162.05,137.34,9.61,0.8696,0.4862,-1.8
mYJVH5ZvMII,1.5937,166.27,154.25,20.16,1.1252,0.4685,-59.02
_R2afqgn_o8,1.1938,94.9,172.25,12.02,1.5074,-0.3136,-23.59
8YwJrqWgBAg,0.3064,116.78,163.13,6.28,0.0449,0.2615,-44.05
zfn7vC10ffE,2.3978,123.48,177.81,43.9,1.8211,0.5767,26.2
soUo98MTWU8,0.5246,60.5,166.83,46.46,2.7861,-2.2615,7.88
XE6egX8h3bo,1.2747,124.64,176.41,14.09,0.9107,0.364,28.63
Did3YvNkvVQ,2.6767,121.11,166.55,22.56,1.6533,1.0235,-27.85
2GH9YuAeqE4,2.481,156.64,165.97,25.79,1.2098,1.2712,44.7
AYwGOcOOf7g,1.4875,91.88,177.64,32.63,1.8453,-0.3578,-45.61
AE00rH07Gnc,0.8584,43.4,214.48,24.28,1.7831,-0.9247,2.98
Igu9xwV8vZU,2.611,97.05,146.15,41.05,1.792,0.819,0.85
W89drJpglcQ,3.3788,159.87,90.47,58.38,1.8578,1.521,77.48
Xi-xtVq4IDg,3.3558,124.36,85.53,29.06,1.8307,1.5251,22.62
TPIgAq9_Wxs,3.4559,149.01,98.7,42.04,2.292,1.1638,108.6
PRv2FyClhok,2.9722,98.58,150.29,39.18,2.5115,0.4607,73.67
9Ny-865_Rl0,3.1846,130.29,117.87,28.46,2.5216,0.663,84.57
Z2-VCMyI6-s,2.8434,152.06,133.91,24.04,2.4571,0.3862,64.32
JidaCYuBPbw,3.2601,132.78,113.25,37.47,2.1544,1.1057,64.39
CYo5fto2kiY,3.1361,182.43,96.98,45.64,2.7899,0.3461,97.18
BH0PhStvzck,3.0301,204.36,85.96,38.66,2.9665,0.0636,101.03
cNtJPH1oWOk,3.1051,208.46,93.27,48.75,2.2048,0.9004,61.23
0S4XXeUyk8c,2.3613,72.79,135.57,17.73,3.7291,-1.3678,-14.76
iZIaUd1MSgs,2.0832,89.49,243.34,26.44,1.9373,0.1459,-7.29
RYIgMEwLtFA,2.7535,48.39,189.76,10.77,1.876,0.8775,28.39
DkWDH4vKAZU,,,,,2.3845,,
ePEwJMC1VMk,1.8588,34.95,194.42,14.68,1.9301,-0.0713,-8.65
ivzEHYi2wHc,0.0,0.0,227.18,1.04,2.1727,-2.1727,-17.82
p7shEQaxVDc,1.3894,4.04,220.72,3.9,2.0965,-0.7071,-37.22
zN78Hm-Q5Ks,0.0,0.0,208.23,0.14,2.6969,-2.6969,-26.74
8veO0_w58rA,1.2635,50.65,241.01,26.29,1.4557,-0.1922,3.46
5pkHK-dVP-8,3.0926,118.47,102.31,62.42,2.6865,0.4061,-10.05
NrdTU0lByLs,1.1157,140.46,100.3,24.75,0.8239,0.2918,-36.03
C-Ym0OLYEs4,1.8419,8.06,200.59,10.89,2.181,-0.3391,-1.81
wnfegxuBdYg,1.238,55.3,196.1,19.82,2.1898,-0.9518,-20.09
uWpWSPM5Ly4,3.0952,74.79,63.41,38.77,3.6112,-0.516,-24.55
p6EJE7OzWVs,1.6835,62.06,119.13,11.62,2.926,-1.2425,-4.71
f91GIh2OFC0,1.5165,47.21,129.51,26.16,2.8531,-1.3366,-19.33
baNbiAw9E8A,1.8325,83.93,150.31,10.31,1.7775,0.055,40.73
QuyPS-SYMiE,1.4563,119.99,72.94,9.35,2.2259,-0.7695,-2.02
Y5sPZrGLTKY,,,,,2.6627,,
v7GP0T5mdVY,2.0558,115.65,140.08,17.37,1.7267,0.3291,39.41
ng0WD_ydrXw,3.0507,76.55,159.26,43.51,2.365,0.6857,0.7
_T-vC9tXJMw,2.2556,128.97,126.24,44.66,1.6748,0.5808,128.8
o5ELfA4Vid8,2.1787,125.94,96.82,27.86,1.8335,0.3452,125.8
3RlrKqp-EPA,2.123,46.32,167.04,33.2,2.6998,-0.5768,-1.9
aqi_0cjLg0E,3.2004,33.13,168.7,17.27,2.6545,0.5459,6.32
69k0lLxlcbQ,0.0,0.0,143.76,-0.0,2.6908,-2.6908,-9.76
8V7vOuCaONw,1.6318,8.84,135.01,8.53,2.5028,-0.871,-6.24
cRvhFO8t-ag,2.8928,26.88,179.26,18.9,2.8969,-0.004,1.03
QWH-baKTRKg,2.838,63.7,118.59,21.53,1.6223,1.2157,-43.39
uM2D38wjEC4,3.7567,44.13,217.64,16.95,1.7272,2.0294,-42.99
cPmuzzq4ErI,3.2594,49.07,199.08,13.95,2.4796,0.7798,-2.9
FTrqaoZAFo4,2.9658,53.97,218.94,28.33,2.2624,0.7035,-6.27
thttj0yFiBA,2.6685,71.71,189.04,17.74,2.4833,0.1852,8.85
uKpWQ1-65UM,3.3719,80.52,199.55,23.81,2.4214,0.9506,33.77
pyZeonG6XYk,2.3903,116.37,167.44,53.27,1.234,1.1563,-26.66
4eGy5oAj7hg,2.9683,103.4,165.03,45.61,1.4213,1.547,-10.98
C6AAY5DDYb8,3.6036,123.87,75.74,34.73,2.2653,1.3383,10.51
H2bz65cwRHk,2.9822,175.06,73.48,24.27,3.0585,-0.0763,73.63
gRYJDkm2Cns,2.5874,150.87,78.81,18.62,1.2888,1.2986,43.71
HvihS-BdLio,3.1551,137.96,68.29,27.33,2.754,0.4011,20.4
hvZcwJjjr7s,2.8471,127.03,118.05,42.01,0.992,1.8551,109.43
sQE7o549D_I,3.25,132.41,113.79,48.83,2.7075,0.5424,28.79
j2DsqT8L6x0,2.2071,139.73,201.74,20.19,1.3098,0.8972,-0.87
WZGgIWa9aWA,3.2367,77.49,151.45,50.68,3.2878,-0.0511,30.54
M_QsAdlRSP4,3.0802,186.23,134.18,45.08,2.0756,1.0046,103.33
vsifS7UIn74,2.518,154.84,110.37,20.45,2.7568,-0.2388,84.46
ntFScl1HzbM,3.4426,100.08,107.98,32.76,2.7142,0.7284,16.34
tUhucGzN4Fs,3.4182,28.99,62.5,19.61,2.371,1.0472,-12.54
6wUZn2a0PMw,2.6888,118.36,95.02,45.7,2.0089,0.6799,17.9
_-mvuu2LOZM,2.7091,96.02,86.19,29.45,2.117,0.5921,65.02
DP2bTy0YIQ0,3.2387,91.96,93.25,27.52,3.0046,0.2341,-5.1
IRbyyQ4Gk5M,3.4218,78.37,94.18,28.53,2.1808,1.241,13.35
2lbbiSdoB-o,2.3574,102.95,122.68,41.22,3.0329,-0.6755,-14.97
s7NnZuVnKnw,2.3035,154.26,145.61,28.4,3.322,-1.0184,86.0
ULAqXD7-P5o,2.0456,76.15,171.41,20.76,3.1945,-1.1489,-21.03
tqYQQIPbmsk,1.9953,81.82,194.36,23.81,2.4157,-0.4204,28.18
EnaS29sRz7E,2.1626,81.33,184.5,36.38,2.067,0.0955,1.61
AtbcQhBNPLk,2.3869,85.81,181.68,37.56,1.6214,0.7655,-37.77
cU44enVwgkA,2.2218,93.49,187.56,20.67,1.7148,0.507,-19.84
wErEM6WhXxg,2.4843,104.53,185.74,31.24,2.3028,0.1816,6.4
pmZBy-z-d5A,2.5769,124.7,190.78,26.36,2.132,0.4449,30.8
Z-Wdd8PRWRo,1.9849,70.03,173.87,16.52,1.5555,0.4293,61.37
2qWr5RFS-Rg,2.7067,114.78,100.63,25.35,3.2651,-0.5584,54.44
3gUsXsscQ90,2.8024,96.76,92.71,28.01,2.7883,0.0141,26.82
G4He1QSM7h0,3.1486,136.63,106.16,41.4,2.944,0.2045,48.15
rK8t3F9MxpY,2.2782,121.1,124.19,20.68,2.2499,0.0283,20.2
OEDvtDZYIU4,2.4176,93.25,217.12,23.79,2.9053,-0.4876,-9.03
soYMTyEh9jo,2.6805,50.18,139.35,36.29,2.3432,0.3373,-8.11
IDm53lI4Z6I,1.744,101.55,192.49,35.81,3.2421,-1.4981,-61.79
1F_9R220UHI,2.4239,85.98,157.16,34.57,2.461,-0.0371,31.48
33E7-DJaqYM,2.4718,86.62,151.9,37.46,2.62,-0.1481,2.06
diRn8D5KLKU,1.8259,30.77,204.96,33.88,0.1414,1.6845,-26.03
S4zqdBUoe0o,2.4868,63.3,89.49,57.8,2.2439,0.2429,23.01
4kNxi1_umIo,2.7166,125.1,145.18,43.06,2.3191,0.3976,45.47
ijmeYsLmm3k,1.5749,119.89,178.34,18.05,1.9124,-0.3375,58.65
-L1-QxKS9fg,2.4423,85.07,181.36,30.09,2.7744,-0.3321,23.61
pA_Ce7iWe-o,2.2027,113.61,136.78,51.44,2.2345,-0.0318,-18.06
3Uqsv-nz0HE,3.0906,95.48,113.4,33.88,2.561,0.5296,-19.59
KRS5c4SPix8,2.9585,132.62,122.41,42.43,3.2441,-0.2857,38.07
TXko5O09nmA,2.8643,92.51,106.56,25.39,2.7007,0.1636,25.9
HCB0jceQjwo,3.0255,101.45,118.29,49.58,2.8252,0.2003,3.94
mYJSGjU0hT4,2.8533,84.63,113.06,23.35,1.5497,1.3036,-8.99
rwD3wGlWkbc,2.5648,146.15,98.98,44.56,1.7601,0.8046,23.43
Lxnkvi3cD3Y,2.8228,109.01,93.13,44.87,2.0526,0.7702,3.34
ycuMaElplwU,2.5321,113.25,107.47,54.13,1.6503,0.8818,-0.94
YPZBmG7h3YQ,3.1786,102.46,105.65,63.17,2.592,0.5865,32.12
dWmu9qkADjg,3.0653,132.2,110.33,33.98,2.965,0.1003,20.43
u1gulmAyWOo,3.043,136.65,87.98,29.97,2.5438,0.4992,23.02
owm0_8ZBZeA,3.0392,169.74,84.53,30.84,2.7356,0.3036,63.06
A3b-XlXgU1g,3.0343,152.67,76.06,30.58,2.577,0.4573,48.54
qDTfAK_OlSc,3.0207,160.74,78.31,30.79,2.6911,0.3296,57.14
aStdlFpY5LI,3.048,156.52,78.24,30.83,2.5744,0.4736,52.76
kwLHtg5uzd0,3.0275,166.24,69.93,32.17,2.5665,0.461,42.66
XEPA-wxyFCQ,3.043,155.7,84.19,30.15,2.6859,0.3571,51.82
6DhYbAp2X2k,2.9792,160.01,74.33,30.71,2.6224,0.3568,43.81
7bXQaPLRYNg,3.0134,145.57,78.21,30.08,2.655,0.3584,37.11
8FnweVEPftY,3.0389,163.09,84.46,30.36,2.7526,0.2863,56.47
u_1W54XHK3E,2.5097,140.02,90.89,34.0,2.5957,-0.086,122.27
f_OK73hTMII,3.3087,141.76,110.76,37.71,2.7162,0.5925,51.04
mNS7o43Ai1g,1.8966,162.19,118.55,10.28,1.5495,0.3471,61.02
wRF66erebGY,2.7757,104.67,140.88,30.1,2.2435,0.5321,-5.58
Z_sNzSBoMMA,2.8848,41.95,153.65,33.46,2.7709,0.1139,10.39
cwzUfGkT5u0,3.1882,144.47,78.21,49.15,2.4976,0.6906,31.3
AmiBS8H_N2g,1.8212,44.88,97.7,22.03,2.688,-0.8668,-14.09
0x3vp4VDaQU,0.3182,15.47,165.36,6.38,2.0551,-1.7369,8.36
ovPrI-AF2PA,,,,,2.7503,,
tkUsxXz_w0c,,,,,3.0054,,
S8DDKp98MVw,3.0727,88.46,155.11,50.68,3.4383,-0.3657,22.49
cXg7TWZ5fYw,0.6014,59.62,194.58,21.77,1.8409,-1.2395,24.14
ktozahyCv2U,0.3851,24.62,205.87,13.9,2.7394,-2.3543,-13.98
Z3dVqoSmC80,1.2338,129.43,162.53,9.68,2.3472,-1.1134,40.38
ZuFVvGXMCDk,0.3269,144.06,174.16,14.09,0.5793,-0.2524,70.05
KGLZQY5d1Ss,0.3269,144.06,174.16,14.09,0.5793,-0.2524,70.05
yw0e9EFODLY,0.3269,144.06,174.16,14.09,0.5793,-0.2524,70.05
nMwjrIwLjvM,0.3269,144.06,174.16,14.09,0.5793,-0.2524,70.05
OxAWyrz010A,0.3269,144.06,174.16,14.09,0.5793,-0.2524,70.05
I8iw6UwOCt4,1.3483,47.34,78.14,5.1,2.3153,-0.9669,20.52
V2YFolThgT0,1.0906,67.96,56.24,4.05,1.6115,-0.5209,19.71
JYfSZAeem1g,,,,,1.1091,,
sYySIFYHW0k,0.0,17.21,95.57,23.53,3.0847,-3.0847,-12.74
63ZbfHVrLZs,0.3207,70.4,188.29,2.68,2.9041,-2.5834,-5.23
17Upfk6Kla8,0.9401,32.35,238.67,45.47,1.1486,-0.2085,30.29
6pIr0PTMKUQ,0.9457,33.1,238.37,46.17,1.1257,-0.18,30.99
QlD9eY6vG1Y,0.9143,32.85,238.61,46.24,1.153,-0.2388,30.64
lfD0mM0Wavg,0.8935,34.85,237.96,48.65,1.1496,-0.2561,32.76
ptbbyS-TNRk,0.8869,33.59,238.42,45.91,1.1598,-0.273,31.38
KuQfSkF0ajk,0.9223,32.23,239.01,45.71,1.1919,-0.2696,30.05
jY4rTF0LSDE,0.9191,32.92,238.66,46.09,1.1677,-0.2486,30.76
iRaZ-7pBsok,0.9419,32.31,238.88,45.04,1.1257,-0.1838,30.21
nOR0q0e7ei8,0.9011,33.53,238.33,45.9,1.2214,-0.3203,31.39
7AO4f4j-rfo,1.3569,34.1,246.93,27.0,0.8729,0.484,32.35
1wUVb94Yus4,2.0673,66.2,128.85,56.44,1.6948,0.3725,-95.42
H5OKfwl8Lx8,1.6164,68.76,199.02,14.19,2.629,-1.0126,38.37
RG6C2wHwAI0,2.045,67.25,176.95,18.17,2.2363,-0.1913,36.68
T5mQHAVmF7k,2.2612,50.06,133.66,47.12,2.6913,-0.4301,-9.87
TKhLNx5pGtM,3.2168,53.27,127.97,31.94,3.3786,-0.1617,-62.64
P0NK1RroCqM,2.2894,67.33,118.12,17.2,2.5909,-0.3015,-48.32
pikgCOEeApk,2.4408,80.02,137.99,21.57,2.1052,0.3356,-28.45
jYTgCOBa8ws,3.2779,110.96,91.23,50.57,1.9003,1.3776,-22.63
u93nFc1QcMQ,3.2869,39.8,102.46,26.89,3.1625,0.1244,-13.03
lxB-r1fSaQA,1.5865,67.38,157.37,23.61,2.1196,-0.5331,4.94
GPeIGcwNUGk,2.7994,81.58,131.98,24.52,2.4053,0.3941,-0.28
qP0olgBorbA,2.0143,86.2,166.42,24.72,1.9345,0.0798,-30.0
jIGmsNHbMe8,3.2004,83.91,125.71,46.6,3.0291,0.1712,1.89
tDNDhBxcfJ0,3.5055,89.59,199.13,57.94,2.7694,0.7361,-11.72
gB-6QybpzJU,2.1978,22.26,88.16,8.13,0.6078,1.5899,-3.69
wVekKaxp8vQ,2.5574,187.94,151.19,52.74,2.2407,0.3167,3.0
3ZYxwDaJ6GU,2.3856,88.21,157.34,36.41,2.7812,-0.3957,35.16
nRNwa5cR5zU,2.7606,54.12,84.17,24.66,3.1036,-0.343,-50.73
kVEL56DRK-4,0.9941,86.07,209.22,21.09,2.3618,-1.3677,41.52
L_MVYV9oBV0,3.0564,86.55,144.31,45.21,3.3495,-0.2931,24.53
sLQ035DWxHA,3.0321,66.66,183.63,47.24,2.6917,0.3404,-7.59
Yz7IA6F1STk,1.7645,120.11,99.44,26.87,2.6041,-0.8395,74.69
ek_oiN2gHQs,1.1375,89.07,158.25,18.6,1.9484,-0.8108,39.24
uJMlnhArrOA,2.7536,143.0,113.78,44.41,2.9576,-0.2039,77.73
FX5K7KmUJGg,0.6644,53.22,201.68,48.16,2.3347,-1.6703,8.35
XqmvLq1r11g,3.3601,165.25,95.39,31.66,3.5439,-0.1837,91.61
0r1nKRuQ9pg,3.1154,73.6,103.46,49.81,3.0108,0.1046,0.44
ZjQqY2xJWBY,2.3176,95.36,83.63,39.82,1.4611,0.8564,-55.7
PuKqE12pQNA,2.9771,60.43,154.0,30.3,2.6901,0.287,26.81
qFY2xQPzjyk,3.3868,43.98,153.11,42.26,2.7629,0.6239,-50.1
9cHNBtRof2Y,2.5704,106.08,168.7,21.16,3.2925,-0.7221,9.47
9tW1rxtt7ww,2.7094,105.2,139.75,48.59,2.5997,0.1097,-31.7
UM94zr-4_Hg,1.4867,66.01,236.22,31.78,2.2128,-0.7261,24.9
6rPhE5ibszA,1.3363,97.98,219.51,17.35,1.6589,-0.3227,21.34
chFvvjdcK_4,1.7636,127.37,174.46,41.91,2.6255,-0.862,33.13
eQGUCQRBWTA,0.6889,73.58,231.04,18.06,2.787,-2.098,5.83
x5u8OwJCaz4,1.1805,103.41,202.41,19.7,1.3103,-0.1297,27.17
mEGmq0INZrI,2.8646,53.79,158.4,31.05,2.4184,0.4462,21.64
JhvOMSHkCgg,0.1018,169.82,169.01,18.01,0.0571,0.0447,-63.29
7EetGmtM0Lg,3.8183,186.57,99.65,67.13,1.7037,2.1146,109.42
kel27q6lmNc,3.9011,206.84,106.63,47.33,2.1478,1.7533,60.57
ghRARJDY0Ns,3.6823,172.0,102.72,40.97,2.6195,1.0629,68.06
l_QT3pFQKBA,3.5031,149.21,118.1,47.99,2.4068,1.0963,20.04
MscLMMlaOUo,3.3042,151.37,112.54,47.85,1.7741,1.5301,25.57
7Ts8UW7SSRY,3.6018,141.1,108.13,36.65,1.93,1.6718,39.91
Nw30zR3vBmE,3.5584,139.09,121.51,44.21,2.3143,1.2441,52.09
SUXrUpqdyGk,3.5746,157.13,125.29,52.1,2.6447,0.9299,40.64
F-Xm3-0uCbU,3.675,150.28,111.63,44.66,2.7023,0.9727,51.84
1j3wh-wpVas,3.6751,159.41,108.1,38.54,2.7755,0.8996,32.32
vU45m5SYypM,3.033,80.29,136.32,44.88,2.1966,0.8364,7.47
jFrzxn8xm4M,2.7926,106.44,160.36,42.28,2.6697,0.1229,38.79
Mtf15gRxUm4,2.3069,87.92,191.36,25.45,2.5291,-0.2222,25.88
u0trH0MupWM,2.7558,37.45,150.94,23.63,3.0015,-0.2457,-68.23
aBVRoujxe_Q,1.7385,80.56,138.54,25.99,1.2259,0.5126,-9.49
FHJJfQ1uQ9s,2.542,72.76,103.35,45.96,3.2193,-0.6773,-10.23
Qz8or_CE7yI,1.0324,83.94,206.91,51.51,1.4066,-0.3742,-6.7
6UEpR1XdFck,1.4217,99.31,145.6,9.65,1.1361,0.2856,3.16
UTujzYOReaM,1.4231,97.72,145.5,9.63,1.1327,0.2904,1.65
aDozHAnZEPE,1.3187,87.71,146.43,9.43,1.1104,0.2083,-7.96
b2ZqZdIbE2w,1.4406,99.56,145.3,9.53,1.1355,0.3051,3.47
O6UIajBOQbg,1.3525,92.99,146.29,9.57,1.1204,0.232,-2.86
SK8WMHpQEYs,1.4179,97.06,145.7,9.49,1.1405,0.2774,0.84
wR9_KUQ7jJU,1.383,95.48,146.32,9.75,1.1342,0.2488,-0.53
TOarQ2Vd2o4,3.5097,151.76,87.74,36.28,2.1595,1.3501,47.92
x6mTXEH2ZmM,3.4873,184.04,74.55,57.06,2.0583,1.429,39.21
Hrm46mkgN2g,3.5111,169.65,74.64,49.07,2.423,1.0882,33.51
_cu9SJGp4A0,3.46,153.85,82.18,42.92,2.6205,0.8395,75.72
jbjyr9HOheo,3.167,151.41,89.36,37.39,2.2038,0.9632,62.88
ySdKWaYt99o,3.5853,143.33,70.68,40.59,2.5395,1.0458,28.92
k3n3qqaLz9A,3.628,140.57,84.01,51.06,2.4463,1.1817,32.83
DojOLOdZWC4,3.29,168.08,73.47,31.99,1.9452,1.3448,15.58
JPgafHjbPss,3.4771,170.74,63.4,48.09,2.7863,0.6908,55.89
27gMQ-ypLvs,3.3262,169.41,65.72,57.52,1.7845,1.5416,43.29
4n_JeAjwOJ4,1.2239,131.42,117.32,22.52,1.1384,0.0855,-32.57
46eycq5IJ-Q,1.1292,132.12,112.34,19.64,1.0878,0.0414,-5.6
xeSw0JRQRS8,1.2316,129.84,119.29,22.82,1.2575,-0.0259,-33.97
BKPVI6PUUGs,1.0501,156.47,75.71,6.86,1.056,-0.0059,3.58
94AxMwMCgZI,1.0424,156.32,75.8,6.82,1.0579,-0.0155,3.4
u6xN7OxnDL0,1.0504,156.44,75.82,6.78,1.0556,-0.0052,3.56
R2YA3F1Xr8w,0.8356,137.79,83.53,9.3,0.9981,-0.1624,-14.75
OJioNHyA0ZE,1.1647,138.03,117.75,12.07,1.0315,0.1332,-22.76
Ti1tp865z3w,1.0218,144.24,118.29,12.62,0.9709,0.051,-25.95
y1ITEpETaWM,0.5535,172.72,75.15,11.77,2.1299,-1.5764,20.21
G0hAco-cu_M,3.1052,75.53,182.01,39.28,2.7306,0.3746,22.34
sX5_lfF8mZI,3.2985,133.76,118.39,69.87,2.9807,0.3179,78.31
44e1Hs1VDAc,2.8163,88.67,105.23,52.5,2.7492,0.0671,36.62
lClH2GkYl2w,3.1287,76.95,133.76,38.15,2.5975,0.5312,35.21
eHXFBFv-KIg,1.9184,211.14,156.33,23.23,2.6915,-0.7731,101.64
jtIV4mIY_D4,2.8053,87.05,142.75,45.09,2.6549,0.1504,61.29
_hF1sCQ9W6k,2.389,84.13,190.1,37.65,2.6315,-0.2425,-36.39
ezq97RA6DDk,2.8912,128.35,196.55,38.94,3.2023,-0.3111,60.06
9t0vJxHiolU,1.4255,82.52,218.13,15.81,2.6348,-1.2094,-26.98
IX22pwqWF2o,,,,,1.6493,,
LJ1DBiXZ6jo,2.5878,128.28,130.87,40.03,2.4748,0.113,37.48
l7qI1U6KZcw,3.2207,121.6,82.69,39.09,3.3077,-0.087,72.43
aG7qUvxitvs,2.1209,74.65,199.7,27.05,2.1653,-0.0443,53.24
udp5kUZisKw,2.0536,108.66,168.83,35.68,1.8768,0.1768,98.51
9L9mbM3BkpA,2.1725,131.48,132.73,34.32,2.6366,-0.464,45.69
5jmz5M4pP3c,2.0333,102.65,201.5,25.91,2.2379,-0.2046,90.6
z4ZmxW5XSLk,2.5147,54.8,195.89,34.18,2.6415,-0.1268,37.45
4XEsQiWivwA,1.2642,135.34,130.92,9.99,1.2281,0.0361,49.49
lvoxeJkSyqg,2.3324,38.74,181.55,53.45,2.033,0.2994,-26.22
_jxKcxzFGa4,1.5194,60.4,156.39,25.81,2.0128,-0.4934,-57.55
v00bFVrCwlY,2.9097,66.89,118.38,49.04,1.5991,1.3106,-25.0
5PoQbsP6NGM,2.8456,80.43,156.17,39.75,3.1834,-0.3378,-5.63
Ww2QjU_zo8M,1.7802,72.9,89.72,16.33,1.4151,0.3652,-17.48
YJvVGN59fFs,2.4361,63.94,125.24,21.23,1.4228,1.0133,-23.66
VGFCiDfA5_c,2.6301,97.36,192.02,32.37,1.6927,0.9374,-56.91
JQ_SZ08NdgM,3.2805,90.92,136.9,49.16,3.3162,-0.0357,12.45
mAxE1t2FNYM,0.0,0.79,210.39,10.42,3.3191,-3.3191,-47.18
udMBvu4026Q,,,,,1.2977,,
_3Ktj3_8G6w,2.6713,105.23,86.58,67.3,3.5545,-0.8832,46.47
l8fRAUvvJjc,2.4527,13.99,129.22,33.1,3.18,-0.7272,-45.09
9YiF4QcYb_k,1.9013,108.74,130.59,22.87,3.2028,-1.3015,48.74
M3B-PaNZ8tg,1.0366,99.02,153.62,10.15,2.2932,-1.2566,54.93
9-YuKEa9urs,3.0511,92.04,163.55,42.45,3.2334,-0.1823,6.58
uVFeVQwsLjs,1.9173,44.01,107.3,18.03,2.5571,-0.6399,5.07
bm-HGXuuAB8,,,,,3.1433,,
xpGkZqys0nU,1.9886,106.79,164.2,27.99,2.9684,-0.9798,36.66
w9-tHbjXVug,,,,,2.6287,,
SHVsyAjEsTs,1.5027,36.74,173.44,22.68,1.1344,0.3683,-18.76
MBTUi_EZJ-A,,,,,2.9077,,
Bc7kwv4_Kqc,3.0132,165.23,149.48,36.81,2.6717,0.3415,38.14
tBTsl-_OHXs,2.9656,121.93,87.08,21.7,2.5375,0.4282,39.51
d6OOtrtAzvo,2.4791,102.65,161.28,20.88,2.6053,-0.1262,35.98
LN2RsgGeRTs,2.5915,148.05,156.69,19.73,2.21,0.3815,-21.66
754CWRC6548,2.6149,63.87,178.25,17.8,1.4785,1.1364,-14.59
FldHME7wSEM,2.7952,75.54,115.85,20.34,2.7957,-0.0006,-35.45
2FRjyVVYS_U,0.5655,148.12,180.89,18.72,1.684,-1.1185,-21.78
QWWXWvIrbiM,2.2745,101.04,189.86,51.21,2.2281,0.0464,46.15
nUEc9mfAu7M,3.327,91.9,110.04,47.5,2.6688,0.6582,35.89
9X5gvYIy2gQ,3.1989,136.5,120.7,31.47,2.9473,0.2516,50.74
DSiIX8VeCdk,2.6439,77.93,155.13,32.66,2.3647,0.2793,33.32
Xa7Et84-VIs,2.969,50.75,131.38,29.33,2.5879,0.3812,-4.71
CPSwZlchLHI,2.6374,39.66,149.6,24.51,2.6286,0.0087,-11.61
z-BEYmQ46R8,3.0316,81.05,122.48,44.3,2.1141,0.9175,-44.21
RdU7DKT216Q,2.8955,78.89,107.36,36.13,2.3245,0.571,-31.31
IRGC7d6ecr0,3.2643,126.49,116.72,38.04,3.118,0.1463,-6.98
YJcVWnfTS6w,2.8861,70.44,114.21,25.04,2.3086,0.5775,-33.56
d2wpKxmp3X4,2.4754,81.82,120.77,43.45,3.1018,-0.6264,-18.84
XjxzOxNP124,2.5717,93.1,117.74,26.92,1.9813,0.5905,-9.48
70ZJ4pKieXc,2.7687,82.24,148.04,37.96,2.3317,0.437,-23.57
j2x2A7tLV0s,0.9405,126.71,149.84,10.59,1.4038,-0.4633,-30.55
d0UDmCnbpqA,3.352,95.46,198.51,45.69,2.6866,0.6653,19.17
D7GRuhgs_bw,3.6084,143.87,143.38,45.67,3.1959,0.4125,52.2
t8SKIu54tiQ,3.5794,134.46,129.26,48.31,2.1848,1.3946,36.25
-10dTzJKfhA,3.7653,144.67,130.55,62.1,3.2278,0.5375,34.74
almvzVC_RWY,3.5863,166.53,123.04,45.37,2.0931,1.4933,94.25
ERl1TWVI_q0,3.5416,167.58,128.91,40.95,2.5588,0.9829,29.52
NajOTD0Jyc4,3.4752,160.17,112.93,36.46,2.6455,0.8297,63.72
dRxreQmdFfk,3.57,151.33,115.5,39.35,2.3952,1.1749,48.9
ido2YVLsf7w,3.5387,153.68,109.17,37.96,3.3327,0.2059,39.2
1RszSETemwg,3.5611,168.26,121.57,44.73,2.8272,0.7339,91.59
97DEaKPcYCA,3.5299,161.89,123.0,47.79,2.918,0.6119,90.25
60Jpq3zYXKY,3.6089,163.24,119.31,46.4,2.7799,0.829,111.36
GBe01KuYVnk,3.5781,146.55,116.39,44.97,3.249,0.3291,45.82
xwRBVMq8hG8,3.4692,156.61,120.35,35.13,3.4237,0.0455,75.2
73J8rv1CCW0,3.2941,177.01,120.32,42.44,2.953,0.341,40.45
ycK9QXPoN6w,3.3324,185.68,124.9,46.42,2.8894,0.443,55.23
maDYXIXs3pU,3.1628,165.7,122.24,35.27,3.1259,0.037,46.76
ui9vMptqSdg,3.116,175.28,132.73,30.32,1.9412,1.1748,-24.42
CDKeOk-J3NI,3.347,186.89,131.36,35.8,2.5708,0.7761,77.92
Eys2JAHPo08,3.3915,167.73,138.06,46.43,2.4643,0.9273,84.68
SmYPfSpmW04,3.3383,154.41,129.14,34.47,2.0715,1.2668,49.78
MyEZBHAFolw,3.5501,187.2,125.57,41.56,2.8564,0.6936,71.92
n1axIQwVuK0,2.3899,121.13,108.43,33.34,1.1058,1.2841,-16.13
9j3SRfuXkxA,3.3548,70.12,90.87,45.38,2.4088,0.946,26.46
s829hrzNkRs,1.885,115.03,140.08,20.43,2.5102,-0.6252,65.58
OdPbrNSuRGA,2.4823,113.97,119.83,50.08,1.943,0.5393,62.78
zThW-Td8zc0,1.8022,118.83,128.65,26.4,2.0002,-0.198,25.39
1E070kbPSxo,2.6095,45.98,132.15,30.68,1.8209,0.7886,45.93
JLcSK4L9PWE,2.247,155.49,149.05,19.59,2.0082,0.2388,102.61
GVliJG-SEBY,1.7766,53.22,115.69,15.36,1.7697,0.007,53.15
sj3QjSsyGIE,2.5734,161.98,138.21,34.72,2.2031,0.3703,84.25
HlG-71d_oI8,1.8658,76.24,148.04,18.88,1.3448,0.521,-32.6
h8cXaaMFbTU,2.7002,35.91,139.56,29.04,2.4623,0.2379,-25.83
yIesqa3lIhk,2.9897,116.86,174.07,32.12,3.2179,-0.2282,28.18
AREqO78EpeM,1.0817,43.0,176.51,31.87,1.896,-0.8143,-24.95
w0yJk3yS_a4,2.1537,34.43,211.21,19.3,2.2344,-0.0808,-5.54
3OMvTZvzv_E,2.3597,121.04,48.84,16.06,1.4117,0.948,13.56
CpbcpS3rIds,1.0498,50.78,92.96,14.99,1.0204,0.0295,-58.11
GRCrFb9MSHA,1.4322,15.73,180.14,24.2,1.6676,-0.2354,-13.88
u1yynq8b4QY,2.6407,102.66,70.94,34.53,2.0872,0.5535,-13.67
9YW2WxPGxOc,1.6568,127.46,81.37,18.79,2.1338,-0.477,8.34
uXiEjYrnY3U,1.3118,20.45,145.86,27.58,0.0753,1.2365,2.0
rm24AIkotYU,2.9343,129.04,93.31,25.28,3.0572,-0.1229,124.58
9rQy8l11CO0,1.4537,28.18,173.84,7.78,1.0011,0.4526,-12.03
xtdTkNH8meQ,1.3413,37.43,101.53,27.71,1.7456,-0.4043,-3.03
O5JWSVwoZYc,,,,,2.9254,,
P9tqwGONxpg,2.0685,37.38,127.97,47.75,1.891,0.1775,-14.9
3Phem0ZoHII,,,,,3.2459,,
fdg8qeL5TSQ,,,,,2.9943,,
fgetRbPokL0,1.0996,46.57,229.67,20.04,2.2228,-1.1232,-5.01
LZ1annr9PP0,1.7,30.35,96.22,25.91,1.5493,0.1507,-6.06
7r9ESJ92JPY,1.4116,53.47,100.36,12.17,1.8016,-0.39,-5.46
8JbJUPsmLvY,1.561,46.44,100.33,11.31,1.2145,0.3464,-5.57
l2wVO8oHQrI,1.1249,31.97,159.44,8.4,0.9251,0.1998,-12.5
uGbkOC09V0Q,1.857,31.59,69.15,29.87,2.5661,-0.7092,-12.12
OmXPqXwfYno,0.157,2.01,205.07,5.95,1.9235,-1.7666,1.94
OyTSbHvAfdQ,0.9602,111.28,206.12,2.01,2.2663,-1.3061,76.43
Zye_gzAu9PU,2.7589,109.51,166.66,46.54,2.8456,-0.0867,26.24
aj1DhqesM78,0.8955,106.73,208.62,1.89,1.8093,-0.9138,53.47
yIomyKPio1Y,0.9694,110.16,207.66,1.77,1.817,-0.8476,45.92
lD6VaIkizBA,2.2376,96.01,138.34,44.25,2.8542,-0.6165,45.49
wVxN4nG36Yk,0.907,110.1,207.05,2.1,1.8503,-0.9433,44.82
UmJsCSOR7uE,2.7859,56.61,125.94,30.65,2.2804,0.5055,-11.05
tRlPEvOqb1M,,,,,2.0945,,
EcJBvAxNJRE,1.3966,70.52,159.02,44.93,1.3205,0.0761,-11.2
HztZarBMcqI,2.2532,65.88,121.68,19.31,2.4943,-0.2411,23.97
YTG9y0Gcyjg,2.9313,42.02,158.36,44.9,2.8423,0.089,-10.29
SsXkDLuDvCI,3.3377,16.17,151.52,34.37,3.2803,0.0574,-21.8
YdxrePRy3wg,2.3002,47.33,125.18,44.74,2.0633,0.2369,-28.94
bzLeWn9WPwU,2.3894,89.22,134.14,25.95,2.243,0.1464,15.82
dLUzbOgkk9w,1.9328,65.58,141.57,20.16,1.6459,0.2869,9.58
tf3uD0MirCY,2.3769,70.53,72.42,35.08,2.514,-0.1371,3.56
JvuAd5ZEbmU,2.9533,39.01,171.75,51.42,3.0248,-0.0715,-11.07
bXw8erHQVmA,2.0074,22.16,175.81,43.13,2.1221,-0.1147,10.04
UA2fDWj26Tg,2.5612,92.2,135.27,34.48,1.1676,1.3937,18.37
Tfew5QnFPW0,0.9996,50.92,155.15,21.37,2.3056,-1.306,-28.3
2UE6IG-lmSw,0.6996,201.95,138.69,2.79,0.3328,0.3668,-16.82
LKxHKQdvvhI,2.4317,90.92,149.14,32.86,2.2575,0.1742,-38.66
XASuXLItCs4,3.1863,128.2,179.46,66.5,1.4276,1.7587,71.27
lMV3UgXs5ag,2.6675,191.13,143.48,25.16,0.9127,1.7548,-29.57
Qx1alG6ASp8,2.2537,84.37,176.93,38.21,2.1108,0.1429,49.51
lkTLx9eKu1k,2.5511,90.28,89.1,39.61,2.5811,-0.0301,-19.33
bemFZD9F8ow,1.1858,23.01,76.87,35.61,1.1476,0.0382,-17.75
2f1Ue8WE2UI,2.4766,104.81,96.4,17.54,2.1388,0.3378,81.73
E74Ca6UT7kM,2.3469,90.89,94.69,17.12,2.91,-0.563,59.57
QMj8Jgh6aPc,2.4156,93.38,88.46,15.83,1.1738,1.2418,87.88
Jx1xzL0FUGM,2.5468,192.23,131.18,21.88,1.4333,1.1135,52.66
79VRfRZdzQ0,2.2569,214.33,174.45,15.32,2.0072,0.2497,58.62
gl8j0Q1Z-vg,2.9157,124.04,96.04,20.29,3.0158,-0.1002,46.21
MnVr2hU-7e8,2.8941,139.94,106.01,22.66,2.268,0.6261,-25.07
Pl_S3ZMXkq0,2.5,188.9,124.38,18.68,1.6179,0.8821,65.52
X4n3TIFUSXM,2.7158,163.8,126.72,20.88,1.4923,1.2235,72.84
E3Ccrkc5P-g,2.7332,91.15,106.84,24.18,2.5966,0.1365,16.45
V080WViuML0,2.9855,31.8,106.54,35.66,3.3844,-0.3989,-41.33
pyTgcHCrEQs,2.1154,30.54,159.17,52.12,1.8252,0.2902,-10.12
y5-7KOBdG_E,2.1754,112.28,134.15,19.94,2.4983,-0.3229,77.25
SEQJXveaMLI,1.4637,108.41,174.72,9.9,1.766,-0.3023,49.34
9awmWFaFfFY,2.2659,76.96,166.35,15.49,2.1233,0.1426,35.67
D2nWkvduaf4,3.0953,80.15,133.3,37.16,3.097,-0.0018,29.09
3XNmsBdnHQQ,3.0007,112.22,129.02,36.32,3.1024,-0.1016,65.13
f-kziwgVr0Q,2.3969,108.7,134.36,28.26,1.5539,0.843,63.21
ZGkncDUQNlo,2.8608,78.99,144.32,35.11,3.4837,-0.6228,37.79
4xJIShUIvyc,2.9511,57.2,80.77,32.02,2.7663,0.1848,-5.25
lz_KryBw31w,2.6405,41.71,146.22,30.5,3.1153,-0.4748,-49.89
PKz4HMV0n2I,2.7138,71.24,125.19,37.31,1.9057,0.808,-37.88
UQMXIkdm7-A,2.8261,105.89,65.8,22.88,2.8832,-0.0572,-4.2
ngdCyo-V4pM,2.0728,61.84,83.09,18.77,2.2205,-0.1478,-61.82
dTyqWzLZwlg,2.877,119.17,121.8,21.13,2.0569,0.8201,11.01
G8Sy0OSO5uk,2.7137,95.29,147.86,64.82,3.0283,-0.3146,31.26
epIOlllbZ8A,0.9287,78.3,152.99,19.83,1.5285,-0.5998,-55.38
b49AbYg7iDU,2.7026,168.84,98.51,37.6,2.4989,0.2037,106.12
6r4312qreYc,2.7908,161.64,100.76,40.24,1.9323,0.8585,80.86
1KIIS1hTT1I,2.7494,176.23,97.92,38.99,2.3474,0.402,113.82
HV1MkLxt3sI,2.7207,174.28,99.08,38.25,2.3368,0.3839,107.76
xVdEhiUjKMc,2.7845,160.67,89.46,38.96,2.079,0.7055,87.02
UmDlrYVz7gg,2.8169,163.34,94.96,38.9,2.46,0.3569,94.34
S_epDAL8HeU,2.7538,162.8,92.13,37.77,2.2765,0.4773,87.65
3iHqh2n5j2U,2.8745,166.26,98.73,40.22,2.5857,0.2887,90.97
FD31Ci6816w,2.7832,170.84,98.73,40.07,2.4324,0.3508,121.13
QnWDorJOkic,0.8063,67.75,157.44,19.35,1.3912,-0.5849,-33.77
lNqlLE48IyU,0.3535,63.86,154.78,18.84,1.3826,-1.0291,-37.04
wUTbIgcp4pU,0.3477,67.91,160.1,14.74,1.3779,-1.0302,-33.88
_CWvwYbKe2c,3.288,114.93,69.19,30.87,0.85,2.438,101.68
stG2nUdpxJU,2.614,120.7,84.51,19.1,1.2804,1.3335,61.05
WcOLByokbMI,3.0678,163.04,135.67,51.2,2.1907,0.8771,80.47
Jm1zv1-D29k,1.9432,199.75,149.7,15.2,0.8906,1.0526,33.59
fw0dvmKiwDQ,1.909,155.76,150.71,13.08,0.6297,1.2793,99.02
Wzvd6DUSZY8,2.4307,171.57,143.67,31.35,2.3514,0.0793,89.98
osE570KFXLE,3.4183,125.5,123.15,38.67,0.6215,2.7968,106.09
aUU1uy9XQHQ,2.6018,104.97,156.17,21.42,2.8726,-0.2707,3.38
5G-T_vOarkI,2.3394,35.54,164.53,19.58,1.9325,0.407,-28.51
Dg4jsix8Qso,2.9205,113.2,151.64,39.97,3.1525,-0.232,83.21
DrUZqTLOOCU,2.8447,12.31,108.61,28.18,2.6999,0.1448,-39.06
8oBXv9xvA54,2.962,48.32,113.17,33.17,2.9151,0.0469,-0.43
P-umVwqLJDk,1.6676,55.89,116.63,13.36,2.0395,-0.3719,-9.59
Mn74b_5WfP0,2.4348,27.55,94.73,27.37,2.4395,-0.0047,-27.49
-HN3tVn22LY,2.2518,63.42,109.74,26.43,1.2474,1.0044,-40.7
V7zarcWTG7k,1.763,86.16,138.33,50.44,2.605,-0.842,28.56
aINDIgnnv4A,3.2127,55.87,177.54,37.56,2.7371,0.4755,22.6
vsUmcj9e7f0,2.9271,74.39,163.06,54.93,2.0478,0.8794,42.05
513kUooBRcw,3.0951,162.23,139.0,30.82,1.4158,1.6793,52.71
PJGBjuoEkP0,3.5004,164.06,97.76,48.34,2.6761,0.8243,62.08
1N5rW7VNmVs,2.9407,157.29,117.9,22.65,1.8746,1.0661,24.17
EAgtk9Jx0u4,3.2686,180.7,109.93,32.67,1.7874,1.4812,20.08
g3TdGz_-6Uk,3.2849,127.79,149.85,39.0,2.552,0.7329,65.2
m0ehoOur1KM,2.8971,140.93,128.52,24.77,2.7399,0.1572,46.94
zIO778_Dwdw,3.5366,146.54,109.56,54.1,2.032,1.5046,71.88
Hp0jLOi3jlg,2.9042,139.11,145.54,33.16,1.0595,1.8446,33.2
EiBr_-5FE7U,3.4575,140.18,102.46,51.64,1.9714,1.4861,56.09
nngC-N6LsSE,3.2355,162.49,77.73,30.98,1.3581,1.8774,44.8
_r3BQ2--Q-E,1.0907,4.47,250.51,26.77,1.6928,-0.602,-110.94
Vtdrj_-Y0m4,,,,,2.3051,,
RpqKn3709ac,0.3458,19.49,249.05,33.75,2.6896,-2.3438,-44.35
liBjlYpjYuA,,,,,2.5009,,
UfBn2CZJj_s,0.1215,8.8,245.07,31.9,2.9428,-2.8214,-59.05
vAl6u-_Kwvc,3.0318,50.23,154.12,29.62,2.3391,0.6926,-65.59
gnrPX56FqnE,0.0062,16.45,252.18,11.55,1.9818,-1.9755,-79.28
u6TcgQajbh4,0.0,7.16,247.19,24.11,2.6692,-2.6692,-67.24
sOyKNqr_OTc,1.5996,119.79,105.45,33.01,1.4167,0.1829,-13.57
svuQnF7-JFU,1.5648,119.93,108.65,33.68,1.4116,0.1531,-13.84
WTjaU7ZxNB0,1.3976,115.81,105.19,31.88,1.4023,-0.0047,-17.71
t2OiYoWL9p8,1.5111,117.56,104.84,31.0,1.4117,0.0994,-15.83
YVcyOgeiPSQ,1.6552,123.07,107.93,33.86,1.4458,0.2094,-9.94
nI_0PGcbRfA,1.5664,116.87,106.35,32.62,1.4072,0.1592,-16.54
vMYaYRMaW9s,1.5707,120.33,104.97,32.07,1.4267,0.144,-12.98
wdpea57QCwg,1.6927,117.59,109.98,35.29,1.4347,0.258,-15.95
pML3obIGYyc,0.0128,106.03,215.62,21.2,0.3562,-0.3434,-31.14
oeFc5zPX9uk,0.0132,106.51,215.37,21.63,0.3532,-0.3399,-30.85
TzVyXdfZBIg,0.045,103.58,211.76,23.58,0.3631,-0.3181,-42.14
NJYZZLgKzIs,0.256,108.39,207.93,20.92,0.3241,-0.0681,-37.48
rUjQA1oDL6c,-0.0,1.43,206.47,33.8,2.535,-2.535,-14.02
q1Bv2HJ5UME,-0.0,1.45,207.28,33.83,2.535,-2.535,-13.95
j1ZZ4NhsTlE,-0.0,1.4,204.92,33.87,2.535,-2.535,-13.88
UUUstPmpWak,-0.0,1.4,209.36,33.78,2.5354,-2.5354,-14.3
ZpXsNwYM0kk,-0.0,1.45,204.82,33.83,2.5352,-2.5352,-13.92
4R369_272mA,-0.0,1.43,206.53,33.84,2.535,-2.535,-13.93
K9y5Hui1ljs,1.0895,72.23,173.93,49.98,1.9141,-0.8246,24.74
bKM1LC23jlc,,,,,1.6516,,
S0rdTzgd-os,,,,,1.6516,,
ZeFiSqr_X7Q,1.4331,67.95,177.16,43.39,2.1211,-0.688,15.61
ih-O_O31MYM,1.9545,33.63,122.28,25.8,2.3855,-0.431,-37.74
c5NrndxENr8,,,,,0.2902,,
CVcc25muFpI,,,,,2.6606,,
DlNnKbaQtak,,,,,2.6606,,
KVUb__WHw7o,2.6206,119.18,133.92,30.66,2.5533,0.0673,-29.29
v0PUP-RXWZg,1.469,0.05,218.74,1.4,1.5672,-0.0982,-0.14
M59YwerNMr8,1.9031,0.06,226.36,1.42,1.5181,0.385,-0.17
6W8mRjERsKo,0.8575,46.14,101.23,4.52,1.6365,-0.7791,-34.32
NFpvt02RJZQ,3.222,109.86,137.53,44.22,3.3164,-0.0944,26.41
Cxh7KykjOY8,2.7048,105.86,125.49,25.69,2.792,-0.0872,-0.84
H_2wau5fHrk,,,,,1.8146,,
bBe4ga0jFVM,3.3318,124.61,139.05,38.66,2.8654,0.4665,-18.59
dsbdehqClEE,,,,,2.9184,,
QthuEAOuAo4,,,,,3.7965,,
_Kozm7vg_Zg,2.8867,119.68,144.37,37.46,2.8686,0.0181,-9.77
0xkvM5MnbCc,0.0877,167.3,112.3,9.75,0.0132,0.0745,-70.78
Fv0mWP0TWqs,1.6334,99.25,245.86,14.03,2.9476,-1.3142,-14.03
3knjv_2IW3k,3.2055,117.2,150.62,41.59,2.7598,0.4457,-27.09
rj_NtSYHCcA,2.3678,151.2,112.74,17.18,2.3849,-0.0171,6.49
4j6NA-wNYfE,3.0952,143.99,120.61,37.38,2.9626,0.1326,20.7
ZzFfll-gAl0,3.1615,87.05,120.76,29.95,3.0495,0.112,18.64
QelWPPzpdAs,2.8078,134.26,164.98,36.59,2.7548,0.0529,48.08
3fCFkaewfBU,2.9143,136.59,135.21,30.09,2.8209,0.0934,56.19
awXc6ZxEuwQ,2.7905,153.94,130.89,23.85,2.2721,0.5185,79.51
k5uHoOMshXw,2.6982,135.48,136.61,28.56,2.6723,0.026,68.56
eOxqOXj-xXo,3.1648,105.83,140.08,33.74,2.0623,1.1025,20.28
ZQ7XRNtnQOM,2.3775,61.03,151.14,20.07,1.6506,0.727,-18.54
5c66Vi4dIAM,3.0782,102.88,148.52,37.19,3.0799,-0.0018,6.84
UYLkAXnKeH0,3.1186,117.86,141.01,34.94,3.3698,-0.2512,3.21
ifI1g7u4TH0,3.4443,87.54,121.2,38.14,2.0832,1.3611,-3.66
xLu77MJ5kt4,2.0764,67.64,227.98,44.64,2.8146,-0.7381,29.32
DWOph1Y6A-c,1.993,100.45,137.98,18.02,1.2382,0.7547,15.18
jQmt-rEEtac,3.0827,114.4,112.08,57.2,2.8844,0.1982,1.85
cooUAkF8TvM,2.5386,152.93,122.17,19.51,2.3,0.2386,93.99
RQiRxfPB-2w,2.251,167.42,100.86,18.43,1.0301,1.2208,100.48
x3hx5_3jD5s,2.565,123.57,164.04,44.52,2.9983,-0.4333,55.77
5dTOQakkPJM,2.8033,184.4,121.52,25.26,2.0885,0.7148,56.68
CX4Zhd3ZKKE,2.7274,182.89,120.48,23.05,2.2828,0.4446,48.33
Ezo_bbVSCcE,2.2216,91.54,156.05,21.55,1.6057,0.6158,-54.46
5gWlxdYtdAY,,,,,2.1288,,
fAAlxGJ6Mvg,,,,,2.5987,,
BonHTn4ApSs,,,,,2.1074,,
K2ro-AIC_4A,,,,,1.0273,,
33pk0xf9LD0,1.8981,196.0,91.46,24.36,0.6475,1.2506,78.67
2vHqWvPn-0w,0.9411,97.54,188.78,14.36,1.2547,-0.3136,83.84
Xr7pRotT3Do,3.4092,152.4,121.41,59.33,2.6518,0.7574,14.07
fo1oT5jfsEk,2.7953,100.46,130.28,62.03,2.8166,-0.0212,37.96
dYZG0j8vSU0,3.2688,134.33,121.24,42.32,3.595,-0.3262,-18.18
SKsHU9b8lPA,2.4225,58.93,127.98,21.0,2.6713,-0.2488,-13.22
vBwr8RPNjtg,2.5703,69.55,120.98,17.75,3.6499,-1.0796,25.22
ingn42QooxI,3.1118,78.69,150.33,51.48,2.2244,0.8875,40.1
UjvA3VEMTks,3.0536,117.43,124.97,34.49,3.3719,-0.3183,50.84
6FV5TZ32cEc,2.8232,66.23,155.98,72.44,1.7456,1.0776,-1.37
Cr7QPvgpd0s,3.0417,85.91,131.1,44.59,3.4336,-0.3919,-10.62
SRyVEGlAeSo,3.2798,111.78,125.96,37.63,3.3551,-0.0754,42.75
OCHBl_ZnHNI,3.0677,168.76,49.43,30.72,2.7381,0.3295,58.56
CwVU9ukOT-8,2.7613,96.69,104.59,26.1,1.4353,1.3261,0.94
OBHLQ6oNDSI,1.5942,65.02,202.1,20.85,2.4595,-0.8653,48.06
jEqnsZYqQzY,1.6311,88.25,163.58,28.56,1.5896,0.0415,45.11
KJBghKg4_iI,1.5655,85.21,164.1,19.77,2.5864,-1.0209,53.56
KIvGZrl_ym0,1.5654,80.3,161.02,23.71,2.3049,-0.7394,48.62
9V0V1dB7QXE,1.5238,67.5,162.58,23.64,2.4611,-0.9373,52.05
4Cex9GJeoTI,1.8161,86.17,144.9,26.78,2.4536,-0.6375,67.47
0-Ti23B-gno,1.7189,81.86,170.15,51.96,2.4996,-0.7808,40.06
iLLHXcjIatQ,2.3569,78.35,220.58,28.98,0.5034,1.8535,-50.13
w8RZo0d15wA,2.2028,68.88,214.97,29.79,0.5667,1.6361,-63.8
1v2OsLOXFI4,1.286,60.36,231.43,24.2,2.9324,-1.6464,-3.37
4qM69WTjELU,,,,,2.406,,
jb4I8c5yxwk,,,,,1.6324,,
_dTixQ9TTrY,2.6068,36.18,141.82,37.76,3.4756,-0.8688,-57.09
VG_82ZNTNi0,2.4324,38.21,141.08,42.84,3.3372,-0.9047,-53.76
JNlelcePaQg,1.2574,174.62,172.35,14.78,1.8848,-0.6274,-50.22
v1foIUvCc8c,1.6129,46.82,191.38,32.01,2.5423,-0.9294,-22.22
JEVadBMK7Jc,,,,,1.8267,,
9vWin8n-J2U,2.643,14.13,173.06,36.7,3.1641,-0.5211,-20.26
EjhY2uUDuCU,1.4534,51.01,173.22,10.03,2.6011,-1.1477,7.05
bMiq9RBx8lU,2.6747,84.54,137.21,69.44,2.8445,-0.1698,-2.05
RJWhWspycus,2.442,99.84,132.25,30.93,2.6626,-0.2206,-9.1
E3hLNJcW9m4,0.8476,48.02,163.77,25.48,1.1357,-0.2882,-4.84
jk0reAZBOt4,3.1156,90.23,131.2,32.89,2.8997,0.2159,-11.02
gCjt8Q_YQg0,2.6219,43.18,151.02,27.52,2.9942,-0.3723,0.1
nH_DiQMO94I,2.9253,84.65,152.17,80.17,2.4602,0.4652,-9.48
6_SLlxr4TIU,3.0841,63.37,170.23,64.97,2.5767,0.5075,13.97
7Te3ooXcKZE,0.9906,21.15,223.02,16.68,2.1928,-1.2021,-22.14
izhLxd-TzNg,0.9906,21.15,223.02,16.68,2.1928,-1.2021,-22.14
DTl-KZpMEqI,3.0929,155.24,134.53,33.75,2.4664,0.6265,96.42
tDecn3t5rWs,2.8499,175.34,110.52,26.76,2.2845,0.5654,44.18
TGZoeOOK9CA,3.2977,133.44,122.83,28.63,2.1251,1.1727,90.53
whdkUkeuAec,3.3206,85.02,120.88,28.44,2.6354,0.6853,30.72
_0fqECzZueE,3.0892,179.44,125.5,28.39,1.8257,1.2635,72.68
Fg4Jkf8r49s,3.535,137.96,113.94,45.32,3.2966,0.2384,93.06
1JaEEWop0W8,2.5259,91.17,205.05,41.65,2.9459,-0.4201,-66.32
mRIkr8ezFQM,1.9392,59.05,203.86,53.85,2.535,-0.5958,-26.46
8EKOQS7SMJk,2.3485,74.11,173.05,45.27,2.7433,-0.3948,-50.52
u07QbYT1d_o,2.3203,72.11,168.51,25.81,2.9174,-0.597,-19.71
6iPGdvRpqCc,2.0743,87.32,202.96,22.24,2.7582,-0.6839,-29.04
S11TAoJqyaQ,2.2834,93.94,199.91,50.98,2.4141,-0.1306,-35.53
8JOy2Av8DlQ,2.2054,73.73,186.41,22.4,2.3516,-0.1462,3.99
x-BguHAJk74,2.2654,82.54,171.98,29.01,1.6628,0.6026,-9.47
OvgJ1myC_JQ,0.3997,108.64,162.26,12.67,0.8059,-0.4063,-10.18
vFvDn5cU0gc,2.3225,55.97,66.68,34.96,1.977,0.3455,-17.06
FtXwLTZaE3M,1.6725,216.66,106.9,12.56,1.9922,-0.3197,48.95
9NGMrKNNZxU,3.0377,55.62,73.2,36.5,2.7655,0.2722,-56.85
E49wrO-wvzo,2.9473,89.33,161.87,30.53,2.4623,0.485,-21.43
svs_crMJU2M,3.2359,96.92,72.14,47.64,2.4003,0.8356,-51.59
cKd1SQc7UZQ,3.351,78.74,220.11,39.13,3.1068,0.2442,-6.5
dQZ0fj05yaY,3.0927,73.33,167.19,43.17,1.8834,1.2093,30.21
PQm9jForqSI,3.2003,80.34,184.06,39.64,3.4486,-0.2483,26.15
Br1DwFDw0vQ,3.5053,184.18,95.37,40.34,2.5718,0.9335,93.38
kcuXq1Xq2Yw,3.5706,190.82,95.18,51.34,2.5654,1.0052,102.28
jKcHLP_cqNg,3.6306,182.82,93.33,46.8,2.1962,1.4344,98.47
qMmjJcGlUaY,3.6098,200.06,92.56,40.76,2.3592,1.2506,76.27
qHjOHT_m3zs,3.4885,194.84,97.33,39.32,2.0153,1.4732,88.59
VvUNH3varhE,3.667,198.46,102.2,69.35,2.395,1.272,89.73
GXYeSNqrrGs,3.5601,215.33,89.52,45.92,1.8556,1.7045,50.07
K3dlMvzgm9Q,3.622,179.33,104.62,47.74,2.6224,0.9997,75.87
XgJBZvHm0cE,3.6761,192.72,98.46,43.67,2.1589,1.5173,83.08
5CXdqWJIXZY,,,,,1.9803,,
hMIxhpzrbxY,1.8902,119.45,212.67,27.37,1.902,-0.0118,35.94
a95L9K2-EYA,2.5583,116.9,194.63,37.71,1.8832,0.6751,-57.05
KaJKt8jtH-c,1.343,115.14,184.36,29.6,0.5298,0.8132,-3.17
NLb2ClX3Epk,3.41,23.92,112.56,18.98,1.9514,1.4586,23.87
wjpmq7BMDvk,3.3387,49.52,82.99,18.42,3.1261,0.2125,49.23
QeD8s8e2sqY,2.2706,34.2,246.19,39.14,1.6146,0.656,-30.87
o5GhDCBj3wY,3.0599,137.99,154.81,36.67,3.1474,-0.0875,21.37
VnooiKI2O0I,1.7964,127.69,159.62,24.18,1.0943,0.702,-7.81
GKlVo9n2cWA,3.0457,120.21,117.23,45.71,3.3329,-0.2872,29.75
EbCHdKtiNAE,2.7627,150.06,156.24,29.16,2.7158,0.0469,77.56
tB8rYH6OXRI,2.9491,151.74,148.23,30.26,2.5377,0.4113,49.41
jyskXE2adHI,2.4785,153.6,160.19,19.66,1.632,0.8465,65.41
FuUgK33E4v8,2.5804,145.4,170.86,22.55,2.1541,0.4263,35.18
YYfEyjxqkv8,2.5006,167.55,162.73,17.89,1.7009,0.7996,58.25
1Q9PzgCTIsE,2.8498,142.29,156.23,32.68,2.4579,0.3919,68.59
_eEbfh39eFw,2.7759,152.91,160.21,25.97,2.7493,0.0266,79.07
S7vKy6qVlrs,3.6344,151.37,132.5,40.01,1.9915,1.6428,83.58
ayCQOuwE-sM,3.0452,193.56,115.83,25.62,1.7399,1.3053,74.44
7Z8nWnsst-o,3.1028,168.07,125.01,32.15,1.2211,1.8817,86.4
WU-pLQOJ6R0,3.4193,92.67,74.66,26.14,1.2192,2.2,24.04
3y0Oqxt81Ak,3.489,150.62,82.55,45.82,2.293,1.1961,66.69
O29dGIjpfZI,3.4164,162.63,81.63,58.13,2.0759,1.3406,54.54
jYDbMyWIglo,3.2238,109.32,110.64,25.76,2.314,0.9098,41.07
jmBWpMSUgpE,3.3927,88.62,118.83,25.16,1.3763,2.0164,40.53
hyxuaIrFdus,3.6189,159.26,119.12,40.49,2.086,1.533,90.91
4rCk_wvgmqI,2.4457,151.14,137.98,17.49,0.9527,1.493,40.11
BvbuNob4VHA,2.2295,144.49,50.23,35.56,1.4509,0.7785,-28.14
Fuv3pQFI31g,0.9159,191.52,85.94,13.71,0.5591,0.3568,-14.84
MFVZMUJ1T3s,2.3621,190.63,107.06,25.38,1.8692,0.4929,0.57
Zcrs0urwlFs,2.5087,161.42,72.51,39.47,1.7129,0.7958,-55.68
BAkkh19ScOw,2.1766,91.08,56.93,40.63,1.9408,0.2358,-69.14
omvGSrog-mo,2.8886,68.65,98.29,19.14,2.3883,0.5003,23.67
2cO9dm0v0cY,3.5801,86.71,98.08,38.46,2.67,0.91,-17.91
RwG98BFFiok,,,,,2.9633,,
FfdH8XHvgw0,,,,,3.1309,,
cuvWmCP4CnQ,1.4645,63.14,112.23,27.42,2.6987,-1.2341,-60.47
eoWAWxmX6d8,1.1941,7.47,195.39,10.73,2.4545,-1.2604,-36.18
24Cd-8uZiJk,2.7903,15.24,175.99,34.43,1.4586,1.3317,-78.08
dnDdByOaQmE,0.5238,41.15,158.42,3.1,3.4529,-2.9291,-50.41
fkfoW1Dyheg,2.9416,98.74,165.62,75.5,2.1428,0.7988,62.87
2UNTTl1IlGM,2.4401,98.56,149.84,18.16,1.0449,1.3952,23.79
NK5ZIlTkIVQ,2.8661,154.2,168.38,42.89,1.1431,1.723,42.06
n6jOVeOAAN0,2.5617,66.32,178.61,44.61,1.9699,0.5919,-60.15
_qM2rl5wbN0,2.5758,161.48,133.45,22.09,2.5921,-0.0163,14.49
6Ze3Yz0t2r8,,,,,2.9061,,
AtmRP5PJTMI,3.5291,39.41,165.38,33.17,2.8866,0.6425,-28.41
nQGsORo7swQ,2.4435,98.5,171.43,47.68,2.7924,-0.3489,-62.09
c49DcKo2W1o,2.8732,38.93,169.3,24.01,2.6102,0.263,-56.78
iofEsSr2_Xs,2.0295,129.31,48.09,13.9,1.713,0.3165,-8.34
XwMl1AyKCgo,3.049,102.96,140.71,47.79,3.5926,-0.5436,10.86
deQ5o4FJbQA,1.9729,202.32,159.65,49.93,1.6573,0.3156,-18.15
-Ln8aXH9eEc,1.8652,83.81,146.61,40.3,2.3029,-0.4377,-10.86
24KCVwT5Lj0,3.1638,126.11,121.05,55.71,2.6488,0.5151,82.63
ni-uHOgn5Es,3.2748,20.92,107.52,30.05,1.716,1.5589,-42.98
_QGWxHNLqS8,2.4088,89.31,181.08,46.75,2.0334,0.3754,18.59
ZrfeDHPF1UM,3.061,93.99,155.71,60.55,1.5812,1.4799,20.57
0z3rzWI0MDs,3.0528,138.69,132.89,49.59,3.369,-0.3163,5.32
oblGUnoxjHo,3.0593,125.62,132.5,53.94,1.7861,1.2732,102.35
QDCUWPniE9I,2.7869,78.19,111.91,25.99,1.454,1.333,-11.06
OeRmK_4sk9E,2.1766,39.81,145.89,38.83,1.6724,0.5042,-6.34
Fpb0UpWGdQY,2.3707,112.47,118.27,39.78,1.8548,0.5158,-3.4
LDN9zuzahNc,2.3824,42.64,125.09,39.52,2.8351,-0.4527,11.6
a-B6mXct4Cc,1.8144,76.67,140.87,30.45,1.601,0.2134,22.87
KMcuA0F675s,3.08,128.66,121.42,28.5,2.3282,0.7518,37.29
sCsQc2ipzCg,2.5375,127.07,144.72,37.04,2.1889,0.3486,79.87
lAt4gXT0t3I,2.4801,86.02,115.54,32.52,2.0352,0.445,47.64
ykitzIkEFcA,2.4002,83.2,169.76,26.74,2.7341,-0.3339,29.89
w5bjALejpq8,3.0823,51.94,107.89,48.23,1.5972,1.4851,20.89
KJ-TUn6pF1Q,2.7553,100.4,126.58,37.1,2.5985,0.1567,48.71
N6vcmZq2ZiU,1.2863,137.27,189.5,18.24,2.0966,-0.8103,75.51
W4T60dDDzgk,1.9211,126.44,152.64,20.22,2.7629,-0.8418,76.49
ZLcb9fyt1d4,2.0445,136.24,171.94,35.74,2.0775,-0.033,81.52
nSOWMHuSmdI,2.6956,149.1,188.06,32.61,2.4313,0.2642,50.43
cnpPSzVPcGU,,,,,3.0088,,
bW5C1TnMFDY,3.193,106.51,112.68,50.38,2.8381,0.3549,33.44
pNy7fcZGBcs,2.252,39.66,155.21,13.98,2.655,-0.403,13.93
emTD9nRUjkk,2.9928,13.99,149.71,30.28,3.6956,-0.7028,-23.91
sIoJFFGpyuU,2.0091,123.77,190.89,29.83,2.1254,-0.1163,19.13
pYz3zqSyDw0,1.662,57.15,185.89,19.52,2.2758,-0.6138,13.22
ou-dCXoyBU8,1.5554,63.82,166.56,30.16,1.2531,0.3023,46.72
vqPZqA-fSUA,1.9885,56.54,158.01,26.32,2.4814,-0.4929,-36.19
duNyajGCAsg,1.8253,7.91,172.49,14.37,1.4983,0.3271,-21.47
SMRmuKuschY,1.698,156.96,218.17,24.86,1.7305,-0.0325,14.38
tZVy1iE8kwk,1.3712,184.4,242.09,17.71,2.6468,-1.2756,74.23
Vh0RgqpeBT0,1.6416,137.38,214.9,23.82,1.4779,0.1637,30.76
Ip3i4FVRTig,1.2506,227.09,248.18,25.29,2.7292,-1.4786,131.79
yd0QZlHst9E,1.9694,185.89,229.72,27.89,2.982,-1.0126,122.33
Khbiwis7DjE,2.474,111.98,163.51,34.23,3.0102,-0.5362,49.48
9zxS3vNmoVs,2.1032,12.48,169.45,8.58,2.3482,-0.245,1.21
f92RrfuxuO8,1.7251,43.37,198.01,19.93,2.0331,-0.308,-46.93
KhElpx9hH70,2.7585,61.79,214.36,16.54,3.225,-0.4664,-83.7
prKNkcBIWU8,2.1052,102.55,148.01,17.22,1.4688,0.6364,-61.09
lRk9kwVIXKg,1.7763,103.92,151.18,23.19,1.5309,0.2454,-28.91
VwCqHiUT7Rc,1.3312,35.1,212.81,32.52,2.3127,-0.9815,-7.45
2URzwrUEjtw,0.3278,50.17,205.55,27.66,2.5752,-2.2473,-0.64
P5CT1_l2h0E,2.2511,50.19,132.03,40.44,3.0869,-0.8358,-22.05
c_BZCAwQhpU,3.6219,155.48,128.4,53.62,3.1383,0.4835,35.91
b5VeqB0aqec,3.7854,137.1,146.19,61.24,3.3134,0.472,32.39
aujbutc08Eg,3.6685,112.94,116.84,71.07,3.4432,0.2253,7.28
8sTqTPrarCM,3.6319,143.62,132.72,51.39,3.7826,-0.1507,14.65
o2JsUejJOKE,3.6483,141.89,123.89,60.04,3.4002,0.2481,29.2
P6DEnmaodME,3.6771,147.39,141.56,48.69,3.6193,0.0578,26.48
isWLv0j3Y_o,3.722,122.13,131.27,53.84,3.3065,0.4155,35.11
1IL1z1W-FCs,,,,,1.5848,,
awx3oZoJwAc,1.9617,142.9,212.71,20.53,2.1562,-0.1945,4.5
_trt4ClogXI,,,,,1.5573,,
AMbOW1S-Ajw,,,,,2.6518,,
LvK3TZB_XYM,,,,,2.3187,,
jEkZPRIwz_k,,,,,1.6717,,
0jE5zdC_wVg,,,,,2.5741,,
SMV0KEDcMZU,2.5489,148.45,169.86,32.67,1.7549,0.794,43.57
wP9CizLiilM,3.5153,4.96,227.95,34.62,1.945,1.5703,-49.49
OKnxt_4kpKY,0.9721,28.84,125.75,29.66,1.4079,-0.4358,-35.95
4ppaLBtC9CE,0.7148,68.19,122.61,14.0,1.3658,-0.6511,-29.64
v2l0YA676ZY,0.1725,155.82,149.46,23.49,0.8821,-0.7096,2.68
OiwfKctVVOo,1.2693,85.46,147.79,21.83,2.0619,-0.7926,-12.44
yjquFz5e2_g,0.931,112.42,141.4,25.71,1.5012,-0.5703,-13.64
Hoh2EDHU1dg,1.0409,30.09,121.92,29.18,1.3236,-0.2827,-32.29
ZA3mKgcu0rs,0.5284,67.58,116.85,13.58,1.3947,-0.8662,-30.46
s7UaQbAMsFw,0.1706,153.75,150.48,23.6,0.8928,-0.7221,1.24
_Zf_YssuqrU,0.7091,93.51,144.03,17.25,2.0586,-1.3494,-3.6
AItqf5_zmGM,0.3185,124.56,138.86,24.28,1.6095,-1.2911,0.15
qpKj0XDigEk,2.7625,88.5,166.05,27.92,2.4183,0.3442,2.15
ElJP2_OqRWs,2.3512,104.01,166.48,21.76,3.061,-0.7098,10.21
QEX1uAjc66U,0.9201,72.06,181.74,21.97,2.3698,-1.4496,46.22
1yZjIqJSexA,0.1576,80.11,182.47,18.37,0.9517,-0.7941,5.25
zxQytWXTS5c,2.8403,169.48,147.09,32.17,1.8417,0.9986,78.36
8mx7eIWcHH0,2.4707,189.85,111.22,31.62,0.8951,1.5755,63.21
4G8hduWVdWA,2.8418,176.22,105.57,31.49,2.4034,0.4384,-7.31
dru-HRKTQVo,2.8153,60.87,109.19,63.35,2.5956,0.2197,5.33
LxM07KucAyQ,2.1792,100.72,90.65,31.39,0.9361,1.2431,-15.7
mD2NxxLT7ZM,2.4252,43.61,96.36,49.24,3.1581,-0.7329,16.37
o1W2EoccKc8,3.263,54.26,77.84,39.99,2.5581,0.7049,-16.11
R3kmimCYlpA,1.8957,29.85,123.27,44.44,2.878,-0.9823,-32.48
EBPiqJh4odQ,2.0878,28.42,117.27,25.93,2.0308,0.057,-31.72
HfsgFq4xmIs,1.7569,32.83,78.4,36.19,2.0746,-0.3177,-25.73
Vt2wtT7a1qs,2.415,31.81,106.51,25.35,2.2114,0.2036,-38.95
Xz4mlKRefKA,1.9097,23.51,110.41,47.44,1.7085,0.2012,-58.86
pf0Q3TygP9Q,1.1133,31.62,115.16,26.54,1.1194,-0.0062,-11.89
vjsTKmP_ZIY,2.9104,163.18,137.56,44.27,2.0943,0.8161,101.76
w8FZa9YzmYM,2.8225,117.43,116.62,37.53,2.2172,0.6053,69.7
6_7W2Wyldsg,2.9299,178.04,145.78,40.07,2.0388,0.891,84.93
8yemnzoIkHs,2.8762,177.0,131.77,30.97,1.8287,1.0475,103.73
0aOxFxF8c8Q,2.8757,164.33,124.27,29.95,2.3434,0.5323,124.22
jVELTG8NdqQ,3.0628,177.3,126.19,39.13,1.9748,1.088,81.42
vACWjnkweHk,2.8647,165.14,115.76,38.75,0.753,2.1117,77.7
el1IGH1Qrxs,3.1524,178.34,136.0,32.88,2.4217,0.7307,112.48
_R5Xj3kG7ow,2.7404,140.21,127.34,40.55,1.7036,1.0368,24.07
jXrCYx6vbK0,3.5253,180.62,134.61,45.21,2.9393,0.586,112.73
shbA2e5tZNA,1.8882,18.53,153.71,38.72,3.4145,-1.5263,-98.21
HImPMXkUvgg,1.9895,25.45,111.89,47.53,2.4675,-0.4781,-53.04
nq-p-VzhtZE,2.6634,68.83,98.65,43.41,2.7075,-0.0441,5.39
HcYMVcw6uvs,2.5242,82.73,115.7,27.75,2.7435,-0.2193,-25.43
XXDgu5L8ZJc,,,,,2.1824,,
FP1U_9Hhccs,,,,,1.9761,,
6P7xpX3uKEA,,,,,2.6846,,
pXJQCKj6eh0,,,,,2.9282,,
E-ESSiIZwVg,1.5669,89.42,135.85,7.83,2.6908,-1.1239,4.79
o5i-Rxl_UzA,,,,,2.7643,,
pBvPKwK3LkI,3.0194,94.46,132.42,59.5,1.7424,1.2771,-14.91
1g1f5uQFmGk,3.0075,111.13,144.73,53.1,1.7399,1.2676,-7.71
fhkScmNLwSs,3.1114,103.66,98.99,44.26,2.5544,0.557,9.39
RrFHct6vJgA,2.9536,115.58,134.85,88.96,2.4982,0.4554,11.98
4LxCZUenIM0,2.0635,17.89,178.25,27.57,0.9978,1.0657,-69.54
8nhEPitREG0,2.4423,110.05,64.49,61.09,2.9092,-0.4669,53.36
oqh0-Leo36E,2.3872,105.34,75.09,66.87,2.6957,-0.3085,45.79
ngbNAv6a2Ek,2.4576,119.63,77.32,45.99,3.4042,-0.9466,39.33
4YAHASbKfL4,0.6165,154.81,242.41,18.47,0.8685,-0.252,-0.45
g_6WlzMl_QI,0.6283,152.71,242.59,19.25,0.6474,-0.0191,-11.75
BAzEcAZXcGs,1.8246,32.71,37.38,11.07,2.4969,-0.6723,-18.17
U3_0cDmApj8,,,,,2.1708,,
8k338ZOM5Kc,,,,,3.1874,,
2QiabFEtHWs,,,,,2.8539,,
J5XU37hcocA,1.6926,35.21,82.35,13.62,3.5977,-1.9051,-12.69
dt6LRI3cPJA,1.5058,24.23,225.95,51.25,1.4221,0.0837,-68.7
5ZGndbl9JCo,1.1395,30.11,236.76,37.31,2.7573,-1.6178,3.23
UhszI29e_Ic,0.5385,53.92,185.03,2.95,1.822,-1.2835,-26.8
dU8FmNWUgLE,3.372,138.16,107.78,37.7,1.0863,2.2857,107.09
rHMc38hz3-A,3.1779,146.94,128.9,42.98,2.9199,0.258,100.15
RRxmbvJ6j7k,2.6532,121.18,113.15,20.28,1.3391,1.3141,76.26
ShOwtqPW5vo,3.0079,141.62,108.47,27.75,2.1776,0.8303,96.35
b4vbDNfLRGQ,2.3015,90.3,129.91,19.52,1.296,1.0055,41.48
NeMN2UWEqOc,2.542,72.37,157.86,36.03,1.9715,0.5705,35.19
xorK0zQK4hQ,3.2803,107.41,126.97,33.04,2.4362,0.8441,58.14
FAbv_RjaBvY,3.0054,141.74,136.08,28.39,2.6009,0.4045,94.49
Su9kZTRpZ_Q,3.2404,82.06,133.34,38.24,2.342,0.8984,50.24
PB4tbc32JQ4,3.1869,104.55,131.74,32.42,2.5378,0.6491,60.0
CuNWtOfRArw,0.9593,98.91,110.41,6.16,2.8006,-1.8413,67.36
dS2dktPO27U,0.9593,98.91,110.41,6.16,2.8006,-1.8413,67.36
Jv5pE-Up5o8,0.9593,98.91,110.41,6.16,2.8006,-1.8413,67.36
V9zrD4vIZBI,0.9593,98.91,110.41,6.16,2.8006,-1.8413,67.36
ztBKhGAul9Y,0.7662,94.82,122.96,5.55,2.0867,-1.3205,9.92
_dE4GqauOUA,0.7662,94.82,122.96,5.55,2.0867,-1.3205,9.92
r4fQl_5cqWE,2.5302,61.22,192.17,28.12,3.43,-0.8999,7.53
VJtZkTbSEGI,1.5382,13.71,154.27,9.63,1.1123,0.4259,-38.09
-dhbC7j8pmI,1.1364,14.28,156.08,8.58,1.1197,0.0167,-35.2
H7rMsfjq_lc,3.3568,126.43,106.84,43.14,2.6796,0.6772,38.77
19m1eVifcpY,3.2683,117.48,110.2,36.39,2.0703,1.198,43.27
46HxwYUZ5rU,3.3418,128.26,111.67,40.9,2.9514,0.3904,23.18
xK7cwB1wGjU,3.2807,115.23,107.08,34.81,2.1883,1.0924,41.58
huhqQFTdwhs,3.1656,119.02,114.15,32.54,1.5708,1.5948,1.41
PsQf56VNh_o,3.2616,117.09,106.3,35.03,2.1681,1.0935,46.1
_eORmuXWq7g,3.2701,121.31,116.19,38.89,1.9938,1.2763,42.87
KTtZYq64wzo,3.2652,116.1,125.62,38.84,1.8811,1.3841,20.39
h3DhoUHB0G4,3.3229,124.32,115.65,39.57,2.1458,1.1771,17.08
