video_id,head_pose,head_pose_face_count
C7c1tjPipnc,없음,0
RDUrzF86x9c,측면,1
iIbVndDBGnQ,정면,2
0GoRhA7TCoI,없음,0
yHPmL18dBGs,정면,1
Bwf_D-IfNxk,측면,2
jNHVY47pQog,없음,0
hQeQPpNlczU,측면,1
sgH7spysdS4,측면,1
lzb6EKoZKH0,정면,1
TKFthAGns-c,측면,1
7VQibILfmqQ,없음,0
CInGFr_bmbs,없음,0
f_EP37bFANE,없음,0
1EqSgh5v9Rc,측면,1
k2lKMzChiCk,정면,1
XBD8EDhfSbk,측면,1
NtyeIzpzLv4,정면,1
iSuasvZ0XvA,측면,1
zkxRbgMSdio,정면,1
We1_oOrBVxg,없음,0
E6j3mveX7MU,측면,1
H-56dzi5CbU,없음,0
IoZ5UP4bFYE,측면,2
pbTR3WAWXcw,측면,1
H2qnljIctKc,측면,1
DvTkAHACnLk,정면,1
Lr-V9Am81QQ,정면,3
JnNrRRtQ12g,정면,3
Gn2Fc8bFsdI,측면,2
vM2ancNDKVs,측면,3
GZZOea4yrBA,없음,0
q0rPjIB-Xb0,정면,3
pkdF07mH0-U,측면,1
A8SBHdc_WkM,정면,3
WhpqP_m-pK0,없음,0
KaNo-w3xD8o,정면,1
nKgRJeCX7GI,없음,0
6NM_rdGPrFE,없음,0
c10NQ6JDBi0,정면,1
mKZYKLTzI6k,없음,0
3Y-5PBD372w,없음,0
ffKv7fLteOE,없음,0
a59WeZQ3mmc,없음,0
9UbU-T2gxiM,없음,0
vBnCjk-hwfI,없음,0
kCS5xByL4X8,없음,0
37U4alX0spU,없음,0
Zv5WRumCfOk,없음,0
Tg3gVrKFgf0,없음,0
OsA0Jr-85VI,없음,0
UIsM64WH8D4,측면,1
rOT14Isjl_c,없음,0
ZjciDUVulgM,없음,0
JimAT2a-F50,없음,0
iZdKrdAhGv8,없음,0
MdEGG5IecCI,없음,0
jXGq12tYi3E,없음,0
ecEW2GvcOak,정면,2
wWj6w5jMAeI,없음,0
5s-bxZGEAN0,측면,1
p87xIbLJDho,측면,1
AcCWmD52VEk,측면,2
HbWjc3y4kZM,측면,1
mhf22jH5h_M,측면,1
O8s0UB7AvqM,측면,2
Ra9t7piBUHU,정면,2
0cUvpyYyAp4,정면,1
W2rXHHctGyY,정면,1
hXX8Ve0-N8w,정면,2
zXTOl_Blhe8,정면,3
3jHCPJxdIRk,측면,2
u1T1YXDZDiU,정면,1
pCrj63sxuHA,없음,0
WilQQPGgfTM,측면,1
rSQYzjg1kZA,정면,1
5-eM8WScZ8M,측면,1
1VcJcQOIwgc,없음,0
Zms7G0Kqo4E,정면,1
-I5xm9HFXas,없음,0
lJeg_dwiXdg,없음,0
wcRvHXSozmE,없음,0
8FUxpVqgrtc,정면,1
_tH5NTfITTs,측면,1
4PKQBDr8P8g,없음,0
0gaWNHlfYhQ,없음,0
OdVLxa9tXWY,없음,0
2wIKt5ZF4xU,없음,0
jub6NCXDJVo,없음,0
0tIRsp5Hdno,측면,3
DovPF3GUzAM,정면,2
DkqFSB47O00,측면,2
nu8ldSCgi10,측면,2
KQ-wTLfE7eo,정면,1
c3hEsThxWTM,측면,1
p7gpJbgI3y0,측면,2
_6RLYelMWJ8,측면,2
LOuWb50qWRU,정면,4
2IOH1vfLd1M,측면,1
QiEo5hxLq9E,측면,1
haImRKZcPK0,정면,2
RI_Yu_cwhWU,없음,0
SmWrK_vd7uI,없음,0
i60cwf4kdfc,없음,0
7gQeTK4734U,정면,3
bjS4VPLpLhQ,측면,2
UpBCzXtXCtE,없음,0
aOQQwOo2OEo,없음,0
n9kntoWi0Kg,없음,0
v4EGRQVesNU,없음,0
V_RGxLZRYEE,없음,0
2sgXYRvHNlU,측면,1
gqzstmejGyM,없음,0
x73f1Wcdt68,없음,0
eB5ySpu06oc,측면,1
aPdqIzCG0iw,정면,1
3ULxjQZuPHw,정면,1
9-Yik__p_20,측면,2
GCWEim7Cwt0,측면,2
eg3gtPpn6Ks,정면,1
xxadZoPjX7g,측면,2
kzRE2H1Wbtw,정면,2
BgQITIsYvwc,측면,1
jIUhrifNVCA,측면,2
4cQ4qrHtTs4,없음,0
0iCNRVesItI,없음,0
T9nrSDuVj9g,없음,0
kpydCrKenrM,측면,1
tbNpoHhF8uo,정면,2
nIDW6I45VzA,없음,0
Y5MWcuVONxo,없음,0
DGZsPoodnZI,측면,3
GMm0USYdTys,측면,1
SZZrHuru860,없음,0
Gi0MOEERgZ0,없음,0
wlNle86UfcM,없음,0
ghm_c_s9Luw,없음,0
DHlpZhRhG7M,정면,3
ERLN87qKDR0,측면,2
_kN-b9rYbQs,정면,3
nQckoyS-ndI,정면,3
ZNxClCHjVYU,없음,0
zhE4ao8nyiA,정면,1
5-JanXjSHhM,정면,2
mIxLNMmssNI,없음,0
6CfQmd3AYu8,측면,1
MLXCCOKBIbk,측면,1
GiRRyhXyroI,측면,1
U7CaxmTtUs0,측면,2
XDQBLnsurnU,측면,2
NXheYHy4Zg0,측면,2
x44H46JYlkE,측면,1
dbVe_1tY2eQ,없음,0
024ETO-RBE4,측면,3
Vm8L7K9Apg4,정면,3
gdT5yf0fmMg,측면,2
VcC6MLJ177k,측면,2
SwkSyOUZsPs,측면,3
3txiB5Vq4js,측면,2
mxss6MhVg2o,없음,0
VtLUy7AIQsA,없음,0
ZAeCdH13oDs,없음,0
LWvfs-Nv2iM,없음,0
qXqlS0-zeqc,정면,2
AoIIHtE9Qf8,정면,2
JF9HoZWHxYQ,정면,2
ECZs7rCrFrs,없음,0
0k0uOew5STQ,정면,4
W5ruxipPGMM,측면,4
G0uBy50ykfk,정면,3
00uT4SbZvtM,정면,2
hiKOxxzn2e4,없음,0
lFQ4dVfp1pg,정면,3
aWjtq6I-JPE,측면,2
4DSRzWvGVzM,정면,3
Yn1YBEpcqGY,정면,1
PQ-v0NH1Dyk,없음,0
ju1ZwH2XD54,측면,3
AS2FUdgMVWI,정면,1
j7WFMtafgDA,정면,1
zyJQ9Bvg2Vs,측면,2
pJ0yrajP2gY,정면,2
qwvKoC7tCho,측면,2
ti5pAD19skI,없음,0
AjZeQ0mWvZY,정면,2
AppYkttbHho,측면,1
xzPEwwFPITw,없음,0
nSXqIW3dmj8,측면,2
GiptwHt3D8g,없음,0
bGEg4BBiSxQ,없음,0
07h8lbf70I4,없음,0
k2QginbnLkc,없음,0
3YA8tArGpxk,정면,1
WiQsKnlj3B4,정면,1
Dk_SO730kqA,없음,0
k7eiGoXJTpI,측면,1
GWOj4cZ_62Q,측면,2
u5AjUBltuuo,정면,4
Ldt12-cIRdw,측면,2
8VcLe-_LxEg,정면,2
65hSutTikMk,측면,2
01LyvSUfnQI,측면,2
x17HaTjdxa0,없음,0
3Ag8z1iLoKM,정면,1
F_B8lfHMH0s,정면,2
3EufUA-5HoQ,측면,2
o2tsEa1Kv0o,측면,3
mLLOTnxyEO0,측면,2
Pzj-0GOWthA,측면,2
mgOzt-XDzkE,정면,2
rw_4NxSal3k,없음,0
CRx-B3DJtNU,없음,0
MI_7wOBA8EA,없음,0
FitbWwJAT0M,없음,0
4svGFhVvy5s,없음,0
-uSgG8ftEHA,없음,0
9af9JF6DH9w,없음,0
kpcTI5wKKvM,없음,0
JUE9aLYVhrk,측면,1
95bDbjpOfx4,정면,2
MFsgyftJAck,정면,2
ptUduz9z-FQ,측면,4
FnbD4wqWye8,정면,1
-idOju-zBlw,정면,2
rbgZaG1S3Uw,정면,2
EmdVwmnCS5M,측면,3
DePnmE9Gpfc,없음,0
Niy8ocX6djQ,정면,1
NhoUQaB7OqY,없음,0
Fu9H7aTlJwM,측면,2
GHbbswVEBes,측면,1
Lo8LlVVe0LI,없음,0
tYl8dIFa10k,정면,1
J_TifaPCi5I,정면,1
PA0Gd0LOI3Q,정면,1
utw7GEBv7Ps,없음,0
h_zoeJ9MYkw,측면,1
zipQtq_fmlc,측면,3
dZWElPsU2Ls,없음,0
RU1MueWD13M,측면,1
nU03C6hZ00g,측면,1
duvGtl4H7wY,정면,2
CFIHZbcxseQ,측면,1
1N693U16xIc,측면,1
vc3eZ8LZhfM,측면,1
zVdhGa9tm9s,측면,1
-T_Ux8frHao,측면,1
eGn2YCXre8A,측면,2
4HYmMNwU5S0,없음,0
pQVprSznWcc,측면,1
Gws5N-hHwrA,측면,1
BLN4MN0Z-f4,측면,2
tuf0J94qwIg,없음,0
MfDLxsH2DFM,없음,0
c-IyBmWSck8,측면,1
fCpDNfHQ09M,없음,0
BkToI1JSI9A,없음,0
rt5KnUoZWnU,없음,0
GU6CJE0emDw,없음,0
OTbBqVkFSfM,없음,0
Z5O4itZXmy8,측면,2
JMU-tZYz0uY,정면,1
0yoBTWXP7jE,정면,1
mITp4T1M1xU,정면,2
fmLvMi5lS9o,없음,0
mVc_VIJ-Nrk,없음,0
wLgcjllN1rM,측면,2
22u_vRmEkqQ,측면,2
FKz6u4feIX8,정면,4
gdVsrhvGOpo,측면,2
FmvTlOY-tVs,없음,0
i0Vp7TmkFtc,없음,0
NgcLk8_8_z8,정면,1
mZV8gqD2qeo,정면,3
iqPsLyHy19o,정면,5
mkUEIhCIeqs,측면,1
PQsJALm_cKA,측면,4
fz8RbJfL-Wg,정면,3
mGh5BD2URGQ,정면,5
At7oQH0r99E,정면,2
jjjLcoF4lLc,측면,2
0aJwHYDQVGQ,정면,4
XxsS0yUWlSo,정면,2
hyt61j7c8NE,측면,1
9GA9PIFStqM,없음,0
rwwiNA0FrCs,정면,2
lJqiRoNpWjI,없음,0
14COa3qSAjA,측면,1
282P-NHG4Rs,없음,0
9iSa42OCZkE,정면,1
wOKtL7pNEfw,없음,0
9Xa1pOtHu-k,없음,0
2vwPVEmCtKo,측면,1
xCzYcW7wvYc,측면,1
it1kfw9paIs,측면,1
dimWKNpR2uw,정면,1
89cDaCWZMqY,측면,1
x85Kp8b1aVI,측면,2
1MoaE3TWlOk,측면,1
YB47c3U0IH8,없음,0
D_GCDCeg0pU,측면,1
7naD7gdoJIg,정면,1
Vdq7sDRn004,측면,1
mPIwLSXtwxg,측면,1
eMceRyyOOWE,측면,1
1DH-VrJx8zQ,측면,1
8UBEnaP4jvo,정면,3
HEl-xkard1M,없음,0
AhneCyI0BMs,없음,0
K8PxXTW6n7s,정면,1
d5d39Iv6F7M,측면,2
uQpBQC_0CR4,측면,1
KduBiX-Q-Us,정면,2
M5JNg-7KxyM,측면,1
Euh06jf-PxE,정면,2
U-aeHfm993s,측면,2
wphn77pknJ0,측면,3
0nBzBw_R9ZM,없음,0
6VVgup7ccEk,없음,0
TDSOzvMBEpg,없음,0
XrFoGHYRTW4,없음,0
FekM4n4cfnY,없음,0
lleuVWWLLF0,없음,0
28D3QW71CBY,없음,0
u8QymuGjRec,없음,0
BtLB6F9gWBE,없음,0
mdtIm9eD0y8,측면,1
VC11tYFr2TA,측면,1
6B4s0Z99PzU,측면,1
aEPh4CjP6mQ,측면,1
xW_j533LV0E,정면,1
6yoM75z8GHE,측면,1
fxv28z06lvI,측면,1
Ln8CU9M2b6I,정면,1
oXmNDS4YhOA,측면,1
4tXoCTSGfS8,정면,1
GmWSKrZpUQ8,없음,0
F_VN1Si5EtI,없음,0
AKKuoMfEy0c,정면,1
rot8ACCm304,정면,1
0K07HA_ncVQ,정면,1
EX9eKjRkh14,없음,0
fVFqcWlgowE,없음,0
Fl6EFOZwDag,측면,2
vEljgaCBeR4,정면,1
dVBlEML2C2I,측면,1
GxTqeDyCAug,정면,1
4DCeIVwyJ5s,없음,0
pd5zDS05ncs,없음,0
WAOxRsZeLmY,없음,0
g6nqYW68oK0,측면,1
M82pEeHQvhw,정면,2
xq6Klzzzba0,측면,1
IUrU50C0Xlw,측면,1
WXJCePQJbnk,없음,0
b9osxsTNhXE,없음,0
HdoGCHiKum4,없음,0
RN1TyCuVgUo,정면,2
A2V2M0neIws,측면,1
9baC3FTK9FA,정면,2
Kp2njyUq4bk,정면,1
0w5XTzfzN5I,측면,2
JIv4ch-Whwo,측면,2
sUfoov3rjfI,정면,2
APjIKLc6bEk,측면,2
j5LEyv2fqK8,정면,2
NlEJ4DPZpc4,정면,3
Y40pAztPizM,없음,0
27KVcJLTg1w,없음,0
lwz8znh6LHk,측면,3
vlJPSicQnq0,측면,2
gvLWLmsfk7M,측면,2
CO77eo-LqQg,정면,4
rmnsPzSBnrY,측면,2
5UMTTzJYBsY,측면,1
v4dTw406zTM,측면,2
rB4LrHivW2c,정면,1
p3knPeHuk5A,정면,1
vNnof_D6deM,정면,2
fRm50Bdihro,정면,2
YqFr0wbZasw,측면,1
TnC1pPp6Rek,없음,0
tmnOr8BWMBM,정면,1
kWT9SR076Tk,정면,2
bUKL2ZOD7uY,없음,0
VFbE3t5pRfw,없음,0
D42_l46EEis,없음,0
FYcybBoecZY,없음,0
1AbPkb3twbM,정면,1
xEjqUkRTWwk,측면,1
o8Ug52UgbKc,없음,0
_rDVe52XQrY,없음,0
a34_RPNeQho,없음,0
qLswixCjbaI,측면,1
6iTVkebf3TA,측면,2
4OkKTyZNDNE,정면,1
OIJ6s2QXglk,정면,3
_s92RHdT9eI,측면,2
-t3zMjk4E_0,측면,3
YUZwmK1vnGk,정면,3
taZl_NyreGI,정면,5
k1H6QRmNY0A,정면,2
AEfz7QrIXgs,없음,0
_DLh0-_WL2g,측면,2
I7OJrvOsNNM,정면,1
711f57Ndw6o,없음,0
h3TfvhAr6fU,정면,1
qKhXR1g95IA,정면,2
LuYRa9C5Sw0,정면,1
7hw9VHT7j2c,정면,1
kV0OMSrBmf4,정면,2
uOYqKL3bAbA,측면,3
GyCszYLGCDE,정면,1
oQaFoMzJIq0,정면,3
m0fV5zCUxts,측면,2
zjrJ4UufdMk,정면,3
zsVWJsOABSc,없음,0
WtYaveEbvOM,측면,3
NjRDGnRgMcI,측면,1
zlltv_Cuay8,정면,4
Laxp0H-rJq0,없음,0
OcaJ0ttIgX8,정면,1
U-8PucKZ0Ao,없음,0
2_2fS6orD4U,측면,2
j7s6ca-AJgA,정면,1
jOdSonCGKkg,없음,0
CdrTi8WfdbI,측면,1
CI-uX37sjL4,측면,1
H-IdU1jTr6M,없음,0
Na3tT_UPKBs,없음,0
oAUeSOkwgq8,없음,0
1AcsXmSKLNw,없음,0
1XXb1TCvohA,없음,0
99Iz7VrNbo0,없음,0
GBpwB3iVXv0,없음,0
rDA-a6VDHL0,측면,1
h0JqW1ZuU-g,없음,0
QKHEEBF_XHM,정면,1
Rifep69fN-E,없음,0
O_gQWBMGuFc,없음,0
4s4u-OwqjCY,없음,0
sKDlc1LssLg,없음,0
7FAzGHfM-io,정면,1
AmPlGw_oUoc,없음,0
Bcx1HbiwVpc,없음,0
SH63Rzo6gSo,없음,0
fkvDTb0NoTc,없음,0
dcKe-abcpSs,없음,0
1bEDovFOfs4,없음,0
n57_eodIUOo,없음,0
k47PL1UZr0E,없음,0
qinCQV5wuEw,없음,0
-eFxk4heHH8,없음,0
kSRAJCP--fo,없음,0
Y_9PLSplnsg,없음,0
Xs8c__Afgvk,없음,0
ckpIVQ_070A,없음,0
7Z_lIIZdLfE,없음,0
EWaOSZZXN54,없음,0
Hi8xBks5rQA,없음,0
lZCS8volRFg,없음,0
2tL6XQkEI7M,없음,0
i_U6tUkZ4-M,없음,0
XTkZ_j4Fv5U,없음,0
uK439hgj1p0,정면,1
RtMj4FR8xnM,없음,0
7HkFekbLQuA,없음,0
3JuGq65D6CE,없음,0
y9I-VlV3w-Q,없음,0
61Fp8v9bkPY,없음,0
Uwggwo-k2Tk,없음,0
cMEK_wn0ISE,없음,0
pYLJr91CIv4,정면,1
K3ZlruYvJAA,측면,2
V6May_iPgmE,측면,1
JyWca4Kwix0,측면,2
mdayXrRnPHs,측면,1
9vj3hzLNP_U,없음,0
MgPipc0VKo4,측면,2
TA9XCmHcUm0,정면,1
OmnoDxZ73VY,없음,0
Vc8ueMrk3QM,정면,1
62RmjOuvoPY,정면,1
kzWlfcLjfoU,정면,1
Xp9SiauRSk0,측면,1
cSKbd6ao850,정면,1
WYW-mw9Hqes,정면,2
X26XDMKuc5w,정면,3
4hRViCh-8wo,측면,1
ZD2KbNE34zU,정면,2
CRPq7vl4jd8,측면,2
Xl5gYnBZeGU,측면,2
2sDDWdeFyJo,정면,1
FfWhVOJvV-E,없음,0
1mIcOUxA6jM,측면,2
4OkKh2mS70M,정면,1
UdM6N8k9pdM,정면,2
qa0a9VvcfCU,없음,0
-ouBmItj3ho,없음,0
mK5xBef4dvc,측면,1
X9scaMcg_lU,정면,1
OvvWo510yg0,측면,2
P8Wd1Ds6bE8,정면,1
9qfhMRTare4,측면,2
V2qVJ57p7CA,측면,3
S7vJ33Q1p0U,측면,1
5AiUuuWLBiM,없음,0
6DfIQtPd50Y,없음,0
Nfux-4wtk20,없음,0
9GySoONzcZY,없음,0
ph3KbN4JLBk,없음,0
cQL8Wf9Ia3k,없음,0
wGOonVxXARk,없음,0
7nfsa4nhQ5Y,측면,1
sGjqTrlglkI,없음,0
lPVstzb5XrE,정면,1
nsBhrktA3-s,측면,1
SL3D6XPxKxE,측면,2
ZPFN6jxDezE,측면,2
z4SzKQsSwQI,측면,1
-pcefIFzuVw,정면,1
Jwejv9W6KCM,측면,1
yz4MqV4sVWY,정면,1
N8Z2rFu3-oA,측면,2
_L4W3xTtcJ8,정면,1
tmxai635e_s,없음,0
H5tLnt973QI,없음,0
-gbxe38Q-xY,없음,0
lT0QgtfhtHo,없음,0
KT24s0PCwZA,없음,0
j4HasVGBv4Q,없음,0
-MKPZX35Ef0,정면,2
3TFzXMAabN8,정면,3
u6E2Wzk35HM,측면,1
x4lelf1omFA,측면,3
jPPwdR4BUnM,측면,1
AsjozZJutOM,없음,0
jtgc_0ks0Ns,측면,1
nIGATjyVsj8,측면,1
tMrsg8Xif-c,측면,1
344PHl5A7nM,측면,1
z90hFa0wcpQ,없음,0
OXuHQohZ0A8,없음,0
C5jBtwObFaM,정면,1
gaZf_MF7OH8,없음,0
fYyRM-17oC0,없음,0
OAKW6n8d7i8,없음,0
iJPXMPgzMcQ,측면,1
RVV2kOKsUdw,없음,0
ddrLxjLhcpA,없음,0
zHwmMQoepik,없음,0
p-ddKzYfuUk,없음,0
XSlmnhFpegQ,없음,0
k6k09WgBDHw,측면,1
zNWXYI4trTw,없음,0
TqGWAlTUkc0,측면,1
gh7tU0buOD8,정면,1
cpems8b6MP8,없음,0
Yt6eLT2B4Kg,없음,0
bUAel3DEO7k,없음,0
fXMif64QGDY,없음,0
8Kwv9kMl83o,없음,0
jIJwqh1C1DQ,없음,0
Yg0G2TRuyPo,측면,2
WVVWjNJwVxA,측면,1
IG-VEyuLmHA,측면,2
mxylDl8KwHs,없음,0
EUlOr_xzi2g,측면,1
vq4gm5yX6J4,없음,0
4pz5YDz-Xa0,측면,2
710Y8VoiP10,측면,1
EyZRvVmC8x8,측면,2
IubRfLVazwo,정면,3
AFdPPwjFd38,정면,3
E7XHOtxQwUQ,정면,1
5v4ckzcp5fM,측면,1
Cv3dcKIODnE,측면,1
AA99BxRw-5c,없음,0
yGLGVMoyMqs,없음,0
qK677GcOuPs,정면,1
BSMSfTIcq7A,없음,0
cthslzPYu94,정면,1
3E9rIHXXscY,측면,2
UIUQfgQgwqU,정면,1
kj9XWF_4yLs,정면,1
aPRbDctjlfw,정면,1
IJ1z9sCS9Pw,정면,2
_k-HmVJcC7o,정면,1
ImG-DuTNsjI,측면,1
8-6YB06xQhY,없음,0
zstJ_chpZ-w,없음,0
4l6PjUzXo5o,정면,1
KMdwr9v3iUo,없음,0
nQJuhDprRuQ,측면,2
HzuSF0VMWnA,정면,1
AFvp6X62UKE,없음,0
hSQ1M57U220,없음,0
ADb38Zw_zzo,없음,0
Wgz-I1tIghM,정면,1
rQnutRh4D6k,없음,0
UsmNScXxgus,측면,4
ZPUsoslHC4c,측면,4
TAHx92TV2Dk,정면,2
sJ-xan5mUfA,정면,3
WDeTBfVOy10,측면,3
RNr_Y4fDAhA,없음,0
8pU-cz7NyiA,없음,0
BW0bUkWkmyo,없음,0
dmIWrPEyXuQ,없음,0
OPPkJrfexsA,없음,0
1m6QJEY-mwk,없음,0
jF2tNpgoByM,없음,0
x6GvGTdpqHE,없음,0
_MNCTzC806w,없음,0
RoMP5bRt0X0,없음,0
mbZFHKjQ578,없음,0
SOtmTyd0uIg,없음,0
gpBDkD4f78A,없음,0
u8Qo785eXPc,없음,0
YqFTIwiOTpQ,없음,0
r870fO_0bbM,없음,0
lAG8DcB_mf4,없음,0
Ka7a4L5bYks,정면,2
ILLROrWFLIo,정면,2
UZL-lIIu_h8,없음,0
egg2xpN_Hb0,없음,0
sKzuBL7jubw,없음,0
XERHd_BLStU,없음,0
o_MiSAumGFI,없음,0
WOH-GQfLCrQ,정면,1
08gFHwSZZtI,측면,1
sQwVsKcJIG8,없음,0
ZT8qsgz4rkE,없음,0
7m93kJarsXs,측면,2
zuQtoCzjVNY,측면,1
pxlUQrDADtg,정면,1
5ZTwnL7YBxc,측면,1
e5Q89mrY_Rk,측면,1
mCeafbBXhfs,정면,1
z6LOxYPMUxg,측면,1
S9zYmbcSFWI,측면,1
JneRsHWYChs,측면,1
4udi9nruQqU,측면,1
23bGJhbbzb0,정면,3
G9UNDRLbxls,측면,3
mdGFnYDy-8o,정면,3
ZzMZ9UI2SqQ,측면,3
JLVuX5IoHwA,측면,2
yw_Z2dAcgmw,없음,0
zBuFFHX8mUk,없음,0
-vgsvhyIyyo,측면,1
87-o-7tvd70,측면,1
BbV_ezKOANY,측면,1
mt6_miPso6w,없음,0
CRih7l52qAE,측면,1
9HOwHlrCEC0,측면,1
yDCJaJbUEGM,측면,1
DCs7eG6Bppo,없음,0
fE1ZQklMGpA,정면,1
l4VXB7SegXI,정면,3
x4Doio8VLG0,측면,2
p0MCsp3X-k0,정면,1
V29GCpmFvHQ,정면,1
eHA4R3GsfBs,없음,0
NQR2ljxMums,측면,1
lmH6O48Snqs,측면,1
pNKkzBHntRA,측면,1
I1jXZvxMZIU,정면,1
EuNqqa2Jxy8,없음,0
sozoKcnX2-0,없음,0
UKurNMFMHYM,없음,0
V4Knkb5ewl0,없음,0
PMZpoBYw6aM,측면,1
B0KZ_GpMdDM,없음,0
1cMKMKcVCSQ,없음,0
P_T0eXIpuWw,없음,0
tyljnzGIgvc,없음,0
ZEJRB0_E8I4,없음,0
fAYsdFQkFAA,없음,0
Tyx8VOc4uLI,측면,2
bQZSHVOWSQ4,정면,1
fJwexujD1ps,정면,1
jvWnEPlsL1c,측면,1
OE4jNq4LlcQ,측면,2
MGYkDmHMJ2A,측면,2
wr69V_O905g,측면,3
jdpecByF1vg,측면,5
wT6JevpCxms,측면,2
TdK6GUTYOdg,측면,2
OSojx3w-8qg,없음,0
JiUhRBzUnYo,없음,0
YqmTJDtuyM4,측면,1
TkVfwxamBiI,없음,0
WpjdzUF2FUA,측면,1
5fqIC1ZlwJ8,정면,2
zhX6iJgHyxk,측면,2
P3VqgXCB-Ss,측면,1
UHQk7amodnw,정면,1
Fj7jfm_FI1c,없음,0
RGnRU0fa3wY,없음,0
5-t0ziRO6S4,정면,1
ZNtVoEzixtA,없음,0
rUBrlpdr2Ug,없음,0
WSgOBwkS-4g,없음,0
SCS25goJ0OQ,없음,0
rVwNfVaIlj4,측면,1
pxi2stiMaCM,정면,1
T_77ziYUAfc,없음,0
WWg5lUItR74,측면,2
bjD9vCFy_O0,측면,2
dhGoOnrZB-0,없음,0
sXCFx9axvoY,없음,0
sKGNU4f6cAA,정면,3
6gMGLrqjVU4,정면,3
CopyKSw8O8k,정면,3
OiwOK8SuBX0,정면,3
YVxgweLzWdY,정면,3
aWyovC4_WBU,정면,3
TCbWCbRfyHU,측면,3
UTRsdZWxhjg,정면,3
O3Fi7apclN4,측면,3
ZeAi5fMS47Q,정면,1
lnuXdWO9IL4,측면,2
OXtPnQfY9Vk,없음,0
jxFhyzWHxDo,측면,2
RRp4KWFDP8w,측면,1
6oSeXIX1mlg,없음,0
WSjyrJvJAx8,없음,0
2hdS_8WZGEQ,정면,1
_bbYVGonVQ4,측면,2
Ui7nHFUB0YY,없음,0
YSiPbypXVVQ,없음,0
Ya4hew60hdc,없음,0
SAk2Iax7Xj4,측면,1
2CrHMKXV0UQ,측면,2
3mUqtGSuA9k,측면,3
h_yVXNga2gI,측면,2
rK3AzHpPLek,정면,3
9LzH8CkrmWM,측면,3
RTgtlu16faY,측면,2
xSaeg9Seeh8,측면,3
X9SZg5Eq3eU,측면,3
cBKJsOu-pSM,측면,2
I6ZD5ZoA0Mw,측면,3
X1LqWEFjMjg,측면,3
KubvPIgG_o8,정면,3
qG4eK8Bj0Wg,정면,3
rQ0MgNOHVNk,정면,2
rXiP_DFFgFc,정면,3
6LX-XHQafBk,측면,1
dPtG4b5V42k,정면,1
VS3IG6JrWZs,없음,0
QPdi08EKKzc,없음,0
boDIfqBWsKQ,측면,1
fInYvqYURUI,없음,0
HU-oTc-sSY8,없음,0
fIXV79s55Ag,측면,1
PdPmYDH0Is8,측면,2
m0ZAyY5pchU,없음,0
WX13xMau6Aw,정면,1
tDE4cZP8RZk,측면,1
9w9uZe8kWZs,측면,1
lc3cXPYHNLU,없음,0
huWUoBldpME,없음,0
2qdxZl2FfsA,측면,1
vYUrW2cADYM,없음,0
ckNfduPv7wU,없음,0
6iaoFBTIGtc,없음,0
IAceyk_CXTQ,없음,0
f_YxTVhRR-o,없음,0
jDw-2b4pibQ,없음,0
RKseQxcWuOw,없음,0
RPrcUy8VDLU,측면,2
uUhEfZ1ndk8,측면,2
oruHlAHfAa0,정면,2
ZV4H1FxZdOI,정면,2
5Pv3Xrza3xs,측면,1
_56GlOLLZRo,측면,2
Ii-GwnSCFlc,측면,2
e0ahhdAH_Hg,없음,0
hCpnsYOpBY8,없음,0
GB-glceHveo,측면,1
Av6tqa0MyU8,없음,0
sLoI1g7usGw,없음,0
Yw7WDejSpJI,없음,0
S6KeMw7-99U,측면,2
HruzZ14C0QE,측면,1
VoaXIKxdx7M,측면,3
75KTFFhbFqE,정면,1
qog_Rki6AAI,측면,2
fxKXc872les,측면,2
Cx7fWpXqdhQ,정면,1
hXRALzZCwok,없음,0
fNs7vTHA5c0,없음,0
IVWEowBQWws,없음,0
ognGsZ3-gsA,없음,0
xXEbHQ41joE,정면,1
-LPC6efBZF8,없음,0
Yi8K9F_2N1s,없음,0
vBNuDe6_yVM,없음,0
_wmpU0wbATk,없음,0
aXJOq_Tkf8E,정면,1
s3K6QOTNnsI,측면,2
3R9LC1u4nYo,측면,1
BVmSN-a07wM,정면,1
XebrgHhexM0,측면,1
z46e9gyxddQ,측면,1
o0SpPRieMsk,정면,2
WPnocWxSj7Q,측면,2
0cIE0YikWXQ,정면,2
1oybxONNNxM,측면,1
ykr0WTEqOF0,측면,2
1ytxp3lVLGs,측면,3
dsroH-cfVMM,정면,2
HRigXqj0zd0,정면,2
oI2dpDXrKfY,없음,0
QEm_VaRVqoQ,없음,0
5FObV21t9Vk,정면,1
PsK5Lj1-GFU,정면,2
iWvflaCkNu4,측면,1
mVZNLU8dH4U,없음,0
1hFI65D3mIs,측면,1
ie70FsAm_fQ,정면,1
NvcbLgHHyzc,측면,1
TqPWWBY0Zxo,측면,1
FvZY3RM9lnA,측면,1
n5oZf7t-Zps,측면,1
F0kPOvCBFo4,없음,0
YyhDyWr8NQY,없음,0
Z8A5YymxShc,정면,1
ynqAiZzrS7c,정면,1
MFNqyqnYyJA,정면,3
_XJWO1nWy9U,정면,1
MPMjqVBv17A,측면,1
p_Sn4lqvdgg,측면,4
YdHyR70hSrI,측면,1
0lbM9dYXtro,측면,3
OU9ZhMFsY_o,정면,2
PgpzdCJzlE4,정면,1
obUFIZxJOXQ,측면,1
XQBUM1dxAiI,측면,1
MzyxZZLz9Gk,측면,2
kVwJ2V402ZU,측면,2
yOKga79wIXE,정면,1
p_zBGTKedX0,측면,2
lR7F98ueDzk,측면,1
zbnOz_nEBHQ,측면,1
3757753j6Y0,측면,2
gLITeAko24c,정면,1
7ZJTdowY3zw,정면,1
9R4vsSYzT5g,측면,2
y66av4Uv-Ak,측면,1
Rqx2yIDW02k,측면,3
zT4qCPd8qoc,측면,2
maO4etYYU_A,측면,3
nHUkEoHEfqg,정면,3
VJjLC02Jgu0,측면,1
B1jK1ULO0QU,측면,1
PI2lAm7izsg,측면,1
3btlJNlMzmg,측면,1
KtcIKSho9m0,정면,1
i_nIyKjGCLY,측면,1
RGQ1uAQeRY8,없음,0
ZYCU0sG-_qM,정면,1
IbaoBGsAlAE,정면,1
nSgMadEsaTw,측면,2
kqYC-NcL2Cs,측면,2
AfRdt3BJzJY,없음,0
MguINRjpSQg,없음,0
D5yxjspyxPk,없음,0
SUY6LSK38qw,없음,0
NJQFRwOz_O8,없음,0
86uBvrof2IY,없음,0
SrdEiLfr4Qg,없음,0
UDeicp4-85s,없음,0
AUgZVy0mtnk,없음,0
wE8BNVdKseo,없음,0
sqEm03va4Fo,없음,0
aP81rgepG74,없음,0
8xmoXMVvyP0,없음,0
avcHrDdSJ8E,없음,0
3Cd2m1L_Uj8,없음,0
abjGoYzl7ug,없음,0
EJlyJQooz1Q,측면,1
utP8aHWCkHQ,없음,0
hOrk70XWFGI,측면,1
AGeLChWM8eY,측면,1
foUkbeZhwcE,측면,1
wdadEOpViKE,없음,0
0usFQkDKOiw,정면,1
ltmerRsvbIA,측면,1
XQ8ycA63C9o,없음,0
nqhOWL-njlg,측면,1
7GPm9bhKDeA,정면,1
vlu95TDrBTg,측면,1
EsFSLlAYGXM,정면,1
5uAkrTiL6tM,측면,1
OLp7mt3pcrk,정면,1
fagUScOiF_4,정면,1
FTgtcz_IECI,정면,2
3-cHXAd_SWc,측면,1
ng-IeGHkyoM,정면,1
wiXN9XS-g2Y,정면,2
9VA80UIbJmY,없음,0
mXm4eMW-UvU,없음,0
gQSUqlIFrLo,정면,1
vZXQKmMnTAM,측면,1
zTljhCBrxAI,측면,2
8gvbGF39nC8,정면,1
2hTAfJ1vs0A,없음,0
ehrUGEKufkM,없음,0
n0enuSluuW4,없음,0
XW4yEzPLhdM,없음,0
TIb_oYkIQQ8,없음,0
wwyeP6XtQmY,없음,0
EP-pyfK-uzI,없음,0
ASQMvHlNkKY,없음,0
wxfPOnOgeB0,없음,0
wMUpbPFVlko,정면,2
p8KJDnqrYYM,측면,1
Kshdu16MCm0,측면,2
52v_npkUDg8,정면,1
_H79pulPAnQ,측면,1
aw6fooF3TZE,측면,2
lDPz8ZSDsZ0,없음,0
4QAS-yil-BQ,측면,2
6ZQFf9V-0f4,정면,1
WWnDJom0FG8,없음,0
vAbTi0rd6lo,측면,2
SPIp52Tkrpo,측면,3
V-9oNiLRPwo,없음,0
Eu4WnyhyQlo,없음,0
MP4IJ9qKE0I,정면,1
5eHv79nv8hg,정면,3
3AglrxhKQvw,측면,1
Fw_nSdHeAuc,없음,0
RLDGc_IS3lo,측면,1
zpv7mWSX3uQ,없음,0
8OMZaH12ye8,측면,1
RCTyK9iM8Oc,없음,0
L61b8LCbhH0,없음,0
w_eF9OvyaO4,없음,0
Gr8irUoVkpA,없음,0
q_z4N6QAe48,없음,0
TjuVPx8NZKE,없음,0
NmH2T-6xw0w,없음,0
4BO-21tlod0,측면,1
AmjxDH2JXQg,정면,1
iykN_Lj6Mmw,없음,0
K7Oh47uUIW4,측면,3
QqH4GSvQX2A,측면,2
b5dxHCyC_lw,측면,2
GCJXLCgAiPM,측면,2
flqLCzcbVrE,정면,4
FBhlFHQ-f9g,측면,2
y_u3-c8pZ9s,측면,1
p0fGaoLh2_s,정면,1
dGIwaKWFy0g,측면,1
_j5t6TX36SI,없음,0
U2de9c1NqRM,없음,0
h91CfvgL9ps,없음,0
GcmR91dgdyU,없음,0
_efwidlar-4,측면,1
HMvkQCM_IFE,없음,0
-N3y6mxgJeQ,없음,0
uSLSmYHCMm0,없음,0
eIGbvpTfeSI,없음,0
RIR-WYlIvdM,정면,1
-VPAvk5vVCA,측면,1
1ZxBsou4eXY,정면,1
KUzly9IH4bg,정면,2
SH67aTpNCYs,정면,2
CCA70BZEoHc,없음,0
wsaKTFw_TOI,없음,0
YMrSMsHIkkc,측면,1
uOGsfmetYgI,정면,1
I7D-RC8U_Bg,정면,1
bXf3rz5gPMI,정면,1
-HCqTT3Zqj4,측면,1
wlQJ_0XlM2Q,없음,0
0KWo_-UKPCM,없음,0
PxPM80_KRh4,없음,0
qLBDC6e_HZU,없음,0
eBF8E1CfUiw,없음,0
SXcpW_p-Tc4,없음,0
MIvevQDxf-k,없음,0
C58ONVMFPvY,없음,0
sZWyDp_72K8,없음,0
Md9PWj7bIkQ,없음,0
-lTeLR_fgsU,정면,2
tPACND7gC9M,정면,1
jKTI57iwGS4,정면,2
66qo_xpvuag,측면,1
_L-lbNK6XxM,없음,0
nF9gRQz5HQQ,없음,0
zKs8l4iu5mM,없음,0
TymBazDc7Lk,없음,0
6bri5JUMJc4,없음,0
3DCoGStYoXQ,측면,2
E670btNK4rM,정면,1
4TNMoV52UcI,측면,1
8F298eenVbo,측면,1
Mugf1V29yGY,정면,1
i5TdXFZIsNk,정면,1
KeF_oSkMSy8,측면,1
Lg7Q0m8z7Qs,정면,1
0kPOT-SmeD0,측면,2
6s-TdFV1KKU,정면,1
6DStSXx7LUY,정면,1
K8nUA8CwzcA,측면,3
sOREU9knslg,측면,3
AXxjN0wSMY0,측면,3
R4FBPBNP4-s,측면,3
t_EcdMeJrO0,측면,4
jrO2wtVjbi0,정면,2
w4PRH-xxizg,측면,2
M8P8B2godoE,측면,2
xusds2cU85o,측면,2
lDUp-yKwhCU,정면,3
vNLzqCERbUs,측면,3
9tVuASUZFsU,측면,2
guH_Me6cs2s,정면,1
O2Mrj8OqnL4,정면,1
AMvGNoIJfIk,정면,1
QA4fvey96Pw,정면,1
ThESgv49xsk,정면,1
HRq3R4pkT0c,없음,0
rHDvVsxuNtY,없음,0
c2JJFKZ4bjU,없음,0
fJmd6ZhoIIQ,없음,0
75Mdk1VzuFg,없음,0
n94AmXrjc6k,없음,0
Tpqi21S9o48,없음,0
N7fCKcwxGKk,측면,2
8PztCgsZWKc,정면,3
z6xWleeu_3o,측면,2
iZnO84gsdJw,정면,2
UmqZHeDUYcw,없음,0
yr3w3y6bLeg,없음,0
XrSDsRirOEE,측면,1
tVJ-GJHjwuc,없음,0
zQZR1zuufs8,측면,2
dVYP55wwBT0,측면,2
elmS0DuvEaw,측면,3
NeR6hqpWHBE,측면,2
xTOLodBZ7l8,없음,0
jzOgRG1wkOA,정면,2
Z25Nq_G91fI,정면,2
wGYkS44aOaI,측면,2
li3l1mLp4vg,없음,0
kYviQRuTW5E,정면,3
eXOC7ZV3OaQ,정면,4
om6hCA5GDvc,없음,0
mO7yzVpOGEk,없음,0
EunyQF5TbLM,측면,2
LMBP9xDVMs4,측면,1
ysnr_UiI_1c,없음,0
sqHVGJohRTU,측면,4
7yMQ767k32c,정면,1
myrKeE-IO1M,없음,0
0ZyieQGO-0w,없음,0
J851FsYlt7k,측면,3
AjFg2lDxpoA,없음,0
jDJmJ8LXaqE,없음,0
jyX4UlLhOjA,측면,2
Ld0Oy1PeyuY,없음,0
j-_2CpZ5jvE,측면,2
j-0Q3cHVL9k,정면,1
hJO0j0tFEPk,없음,0
xcrYZcWaS-8,없음,0
P8uLSEBTEW0,없음,0
vbV6KVYcTH0,없음,0
Vg1Eq8hYJII,없음,0
EwcyMagH2y8,없음,0
2ZU1DIrm5go,없음,0
zsRdg_0CEiE,없음,0
TbdgZoHzNr0,없음,0
s7y5-djOmc0,없음,0
BVCOhmiKHPc,없음,0
3LDBfMK12YA,정면,1
KPuXArng1C4,없음,0
jVTGhwAzj3M,정면,1
hELt3Nx4h3U,없음,0
ytTAOo7AHR8,없음,0
znKkD2U8fIA,없음,0
tPIjym9awJw,측면,2
XCxABEd7RS0,측면,2
CmEZqDtn5xM,측면,2
-ZpqmQqaWmE,측면,2
n_WVSyRwb5U,측면,2
C8Tgo-HCTTA,측면,2
LnJgrE-Swvw,측면,2
e_0eiLsyQTo,없음,0
kMPVmuMLhb0,없음,0
R6SadR-PGsA,없음,0
QrG2AwdPFJw,측면,1
-cEPUKlrDng,측면,2
PwFJONtp70o,없음,0
zmg-xDQmp28,없음,0
jR5urpt7vwE,없음,0
EfmuFrOo750,측면,1
_MwC03bo8m8,없음,0
AmwfYS6ILgA,없음,0
rXh9NYMRdQM,정면,1
SFATLVfo-SU,측면,2
6FHDjay2aVY,없음,0
nCtSeVX2L5s,없음,0
T2qgicDjmrI,측면,1
M3JFsEXQoTQ,없음,0
78Q3FBLq0gM,정면,2
sm6Ndas-IDM,정면,3
WVmH_G5nWZs,정면,2
ZdBgg6WJeIA,측면,2
FuQtHUReI-A,측면,1
a8FHe14MD9o,정면,2
9JKF9k0h13M,측면,2
KLI4gY22f54,정면,1
JEEGn9kpiMA,측면,1
XyDF2DeemMc,측면,2
lkWPSyuRmQM,없음,0
oYdKsZg_7GU,없음,0
5u-IwiS2I8s,없음,0
UfL7lpDnn5w,없음,0
DiKec0ueFo0,없음,0
wnODm9sMX00,없음,0
MKfy_f1pTb8,없음,0
zI5pbgtSnFY,없음,0
t-f8pOrdfDc,없음,0
LozrM__aJtU,정면,1
vFg6W5aqepE,없음,0
AnlsVdDAGWg,없음,0
_0v5ETjT9yY,없음,0
PYJ6ydsV3XM,없음,0
JblCg3i031A,없음,0
3Ih8CyH2rcE,없음,0
jprVb7LG8Ao,없음,0
_lcsRsFpAXw,없음,0
hb0NKZ5u7SA,측면,1
02Tr6nrxulM,없음,0
b2a8r9xuw3s,정면,1
BPp3Amwcdxw,없음,0
oAIdfAfd-IY,정면,3
pRoce3dR_TI,측면,1
2aUEpNx_d1k,측면,2
SZFhUDm76rs,없음,0
y0xewdiL08w,측면,1
VLYSxICI_vw,없음,0
ghHuqhq1RKY,측면,2
ososLxg0fOI,없음,0
UdlF-YKX-f8,정면,1
21KE6BDPA08,없음,0
meDEcu1Sf20,정면,1
NxGxZMJ5kBY,정면,2
rdIzTLSR5vA,정면,2
GsjnBDAaai0,측면,1
mLRGBT_eLiA,정면,2
YCYHSSXSNlc,측면,3
inGGJO3QQcM,측면,2
8_jBRmpXA6k,정면,2
SP0yD647WC0,정면,2
_m3dotyPk38,측면,2
uavbpB9YLOs,측면,1
IEDBFL9Hwyk,정면,1
J5pakqRgPyw,측면,1
DmCfz4U8cho,정면,3
gNOleCl3g48,측면,2
rKtom_RgVmQ,정면,2
YyVUmMk1zAM,정면,2
2kHtCyfLQK4,정면,2
7CdwJQklVnM,정면,1
gfLyQHaybYw,정면,1
_9pTggJQnbg,정면,1
Grn33wL1u40,측면,1
nvbJckdyqpE,측면,1
Vt9BfK3B6Xc,측면,1
BWdQw2YXYI8,측면,1
Lx5zOsmxewY,측면,1
88we8jHVfQQ,측면,1
8xerOZw_xbc,측면,1
aB85XgApP7I,없음,0
_unTTMdKJfQ,측면,1
o0_zqmUqkw0,측면,2
UkebcH0hC54,없음,0
hcfFeOJN6Fw,정면,3
DTaA6RD_KYc,측면,1
kA3UqIIbsRA,측면,2
TMVVgj1zOoQ,없음,0
HqChNA3UMLY,없음,0
qn-95FTJyMY,없음,0
Yr-f_dUWo50,없음,0
HUhpxh43qWw,없음,0
BL8cf5K_-IM,측면,1
q8nX21B8wmw,측면,1
62SmWdjekOE,측면,1
Rlmj4VgGkJQ,측면,1
65SMykUekqE,없음,0
j-IGh7EuPRw,없음,0
iQWVtMrmoEY,측면,2
arM0d4J_G6w,없음,0
GcCLHPCQVV8,없음,0
oYlUMw6c-WQ,없음,0
v4tJad5HtdQ,없음,0
4fKcEEZ5xLs,없음,0
xAm-UDQ0hTY,없음,0
XJIxSsWHdxo,측면,1
j2OVkDsTZno,정면,1
21cJMyKF6jY,정면,2
CIOZtQBbZHQ,없음,0
7aYqpvoIRfY,없음,0
mEcsnfOTD6M,정면,1
vSGiIk3Y53o,정면,1
og1wgq3lgPs,없음,0
bcSFp1jY4aE,측면,1
0UQLTRutiYQ,측면,1
WaOaKsu8dCU,측면,2
Rq0i5DTwmV4,정면,1
NdoA0iu9MMU,없음,0
hwgQaWgp7fs,측면,1
I7M-DorWqo0,측면,1
Jh3dSnzgmGA,정면,1
FSCixVyMEQE,정면,1
lmdcWmndd2U,없음,0
-aERhiGduCg,정면,1
vdQlZKXLtFs,정면,2
9poItQ5tDFo,정면,1
Y2L0QiP-wQs,정면,1
sX2uh8C4jYI,없음,0
hYFk48u_i4w,정면,2
q4QIE_7KxM8,없음,0
bY56uNANrDA,없음,0
5tBZqfjYuuk,없음,0
nyYiQxcmFFs,정면,1
oZWhKTBfaFg,측면,1
c5l6RVVvqs8,없음,0
4OyN8Rty8mo,측면,1
SphnSFWczPk,없음,0
9qNWRqEfcbo,측면,2
LIJrSRhykfA,정면,2
NEQW8CHZvrQ,없음,0
jyHp4-uYKtY,없음,0
KL-ny2NuRKI,측면,1
gyt5bH-skgY,측면,1
b8Mz_ebYZZI,측면,1
2cxnoJFESYY,측면,2
lA-4VktbzLQ,측면,1
kVFhf7QI94g,없음,0
DksOwfmpd3k,없음,0
AUB2DvBqquE,없음,0
9GSQ84fH2d4,없음,0
nNumdoliblQ,없음,0
NNMJGdmNqYs,없음,0
CYc4D5OqeqI,없음,0
Kz4-txMXG3o,없음,0
ixUuIqa-qr8,없음,0
0uYpCDvYTeY,없음,0
soh_CGEEOXo,없음,0
x2Ej4JTV8gc,없음,0
2VsQ2-mcMTk,없음,0
LHfwqSc6C_M,없음,0
EYM2J2FsMno,없음,0
ATKaQqzo7Yg,측면,2
q6Uoxfg2EFw,측면,2
-stkQyec434,없음,0
EUhRXcJAijE,측면,2
0QtxJ8s3Rlc,측면,1
lpZgMR71NkA,없음,0
1ApZCr5tA2c,정면,2
rDW-1mTMsPA,측면,2
_1TSTQ4Z_tg,정면,1
HeSf5W6fuLA,없음,0
Pqv5-aRY84Q,없음,0
TniPaoD7giI,없음,0
jqi6fXGR3A0,측면,1
yC4pU0w2Nlc,측면,2
QXgeXgaGljg,측면,2
t7F9J6baYmI,정면,2
ir7lzmoCWNA,정면,1
O6II5NJ6HjM,정면,1
CexSHLSAIqo,측면,2
s32PuBjbG4w,측면,3
IOBI2ZLH1uw,측면,2
MaMBTIY42yA,정면,1
i_2g5f23fbw,정면,3
Hbqu3Ad9FuE,정면,2
C-N7G4PRUi4,측면,3
0mO7JqNntrU,없음,0
pV0uANUa_XY,없음,0
K984Dv_O1fw,없음,0
W8yfR2wQNcU,없음,0
knSd6mXnD64,측면,1
dwpDOjdmcyo,정면,2
DSQ9XAEu-nk,측면,1
efN_9u90bos,없음,0
_sc-3C5EhNU,정면,1
ZOvt5kknvlo,측면,2
aLNXWgXL7us,없음,0
pU4VKo_-N0s,측면,1
bGsCTRpPmIw,측면,1
Yqy_0H3Ii2s,측면,1
OXEu-8bVwm4,측면,1
iL61ewsNhok,정면,4
UOERyuzlsH8,정면,1
hqBd2RmKcRI,측면,1
q1ihBF9UM70,측면,1
3AEJ3nphXdw,정면,1
mKTe22Z9BPM,정면,1
DOH0yv55O7c,없음,0
CbuNjDS-tA0,없음,0
uG11RxKX8RQ,없음,0
2sXkQT2Evvg,없음,0
DaaHRQz69E4,없음,0
EoqGHIHx38I,없음,0
cjxJrhU_Jdc,없음,0
L4_8WYeQE5Q,정면,2
jGSP9oHYknA,측면,2
353eS5gEFOw,측면,1
KtdebOC_oJY,정면,2
K9eY3Ku3CXw,없음,0
X18utHvxlho,없음,0
FlLq5KMWD_o,없음,0
gd6J-p3f5Fw,없음,0
a2dcZt4EprQ,없음,0
AiMy6BYAV5g,없음,0
-PsGk2R1AG8,없음,0
zIEjgXJWqDo,없음,0
Wlnf3-CO9Y0,없음,0
DNSP5R5eYIw,측면,1
u7bApVTOGmA,없음,0
-EYmy0tmizM,없음,0
ptey4IBgzC4,측면,1
8ImW6tByXg0,측면,1
QlWrTQHPk24,정면,1
hXqctXxAeSo,없음,0
6g78fs0CbQw,정면,2
Lqj1Zsb5BL4,없음,0
iSh37lg4adE,측면,2
ZKJy85Q_BWk,측면,2
hLblFTKmbWk,정면,2
q0LvYxcsWBA,측면,2
C3TaOlbdOsA,정면,2
dfEygTEY54Y,정면,2
ITpJ4P_eGjM,측면,2
PPT6vuGZmhc,측면,2
3f-jD4DIuhU,측면,2
aRHOnM7Yv8Q,정면,2
y7TW2CtkCTs,측면,2
8FGFR_KRDe8,측면,1
wkEjY2bfvv8,측면,1
T_G2RAP3tsA,정면,1
Am-TPB5wHSY,정면,1
HF9jEdXxymE,정면,1
eYeER2e4TMI,정면,1
kYux15bDmMs,측면,1
QUNvZHjHneg,측면,1
Uu31PWeT8Ss,측면,2
D4F3_ibxRYU,없음,0
d_evXkdpxJE,측면,1
1o6OL-1srw8,측면,1
1IViPPHiDOA,없음,0
Fz_I3lyGbUc,없음,0
0mkawWTgk6g,없음,0
mwEtPbvG9nc,없음,0
-_LqrtAHENw,없음,0
BRd5BfJZb78,없음,0
ke8-P4UEOxs,측면,1
asnaGE73mo0,측면,2
LMH1o1JMY6Q,정면,1
_6N3U9Wn9p4,정면,1
42snxernXbI,측면,1
1vufMc0ouw8,측면,1
FLNuJTYjnhY,측면,1
YwmSnwbVOvs,정면,2
kN7u1nywN8s,정면,2
qxJUagCkMdg,없음,0
iXTonTf83oQ,측면,1
NWhg2JivecA,정면,1
E14A-e8CfUo,측면,3
EixWf-9RpUk,측면,4
g8y2U971K_s,정면,4
cvGWuPk0lL4,정면,3
I6DHLwSvdMI,정면,1
ukBzkrwbsd8,측면,1
sQRM5mh_5vA,정면,1
OgICa2oZs4k,측면,1
IQnIVFHjlV8,정면,1
k8NPA29330c,측면,2
J58HcXHi09c,정면,1
P7ZkAuiWVQg,없음,0
dHxWy7oIiMo,측면,1
j5OXMrja8Io,정면,1
fWZ_DDHuVpg,측면,3
_nGsdn0q_JM,측면,1
4rs63o4LU4c,없음,0
UoWI75irlHw,없음,0
ajWgdXFrOpw,측면,1
5hSQGQ0gmq4,측면,1
-UVkL2VT1Lc,측면,2
4vgi2Ukazw4,정면,1
-h5-Q5Armkw,정면,2
1Brp2gN3J5E,없음,0
Ojw68i6GZ5Q,없음,0
NwJzUHyZKVw,없음,0
KOYkTTm-XQI,없음,0
C2NW2cD66Jk,없음,0
g6tIZm1B2dI,없음,0
GselBpc0MA4,없음,0
A8kSs02eQWc,없음,0
RKwQv3_ScY4,없음,0
RbV6OcjQr8c,정면,2
LOqFXw2SGCE,측면,1
ozDyyAesoNk,정면,1
7rGb7G2GYeA,측면,1
iu9IoeKKEWs,측면,1
oepSe_kLXbE,측면,1
9xtl9jmg_Ow,없음,0
G1YojVDchek,없음,0
kw9pJ5Lik4w,없음,0
HT6HFwKPcko,없음,0
hzq4YqVnbdk,없음,0
mMiiBshLa7Q,없음,0
QEeTff1tzb4,측면,2
S3Ay3_AZeQM,측면,2
W1dsh-a-9C8,없음,0
4-boupj9E4Q,없음,0
x9gB8ACVnWs,측면,2
3yaduZW5mP8,측면,2
EYwmqtluO7U,없음,0
X-BhDaCugOo,정면,1
KfWwPFcxodc,측면,1
YaRphrbnD-k,없음,0
I83G7gMqjxo,없음,0
5eGJqFBoMPo,없음,0
dPj2YqxNaMQ,정면,2
i__xDzbmUiE,없음,0
TuZOxBM2wO8,정면,1
p-b-yYCc23E,없음,0
oIIhIOM0ooY,없음,0
p176p5d8hRU,정면,1
OQR7OfcGzMQ,측면,2
hUzJL6OuZmQ,정면,1
fioqMZlUQlQ,정면,1
qsDk7_dsh88,정면,1
p2Vgp-Ndgxc,측면,1
vNO5xnLkQrg,측면,3
Byv2WFbGDco,측면,1
2mr2OkF90L4,없음,0
TmraDxBamvU,정면,2
Vv3GMK07lTI,측면,1
ek5D-mRdGHA,없음,0
-lDzJwMbH4c,측면,1
enxB2TrF1Ac,측면,1
CssZThbYcDs,없음,0
EU6MhLLHF48,없음,0
oRnnRSrBBAo,없음,0
lVmwsf2zsrA,측면,1
Yj9YdSmn5GE,측면,1
tDW9Z4_2MMA,정면,2
bhj6FS5DjM8,정면,1
IbtuQJHYuoE,정면,1
ZAcyUyVfWV8,정면,2
yaW2x29aUh4,측면,2
TOXJH00cIpI,측면,1
tzWhXE687c8,없음,0
yDNolbTfqs0,정면,1
aDnJm9pi3Es,측면,1
yCX4oobgKYM,측면,2
bg8yOU_crKk,측면,1
Pn_HnMokFqM,측면,1
xSi95XqcfWA,정면,1
D5nefZ0XnxU,측면,2
jMbeorJUiS4,정면,2
k43MqaVQCe4,측면,2
l9xTzk7hwLM,측면,2
GIT219BqkOY,없음,0
SRlQjezvys4,없음,0
JLDfsBpYwFM,정면,2
t9F6slI409E,정면,1
ZTg4vDt_6is,없음,0
1bfUW_qJrtM,정면,2
KdYD_0tQmQs,정면,1
Ed9T5AOjOS8,정면,2
g82sxg2sj2Y,정면,2
0bCxLrELZME,정면,1
i1ikJgMtW-g,없음,0
FY7V4C49ilQ,없음,0
2BLA_DE0Syg,없음,0
sQvbxUQgj0U,없음,0
eSJ-st53W_s,없음,0
7zkroDE8rhI,없음,0
sBJ5O-1qIaQ,없음,0
7nZsliivlQY,없음,0
NvEyXwHSFXU,없음,0
csGxo9g6_gY,없음,0
9wr7gQ1sK2Y,없음,0
d1Jdcex17CY,없음,0
YFG5gepM2yE,정면,1
1wDb49Pk7KE,정면,2
8HHD9_ZuVjw,없음,0
MDnkRZ6LoOo,정면,2
0kIhjp0Ys8A,측면,3
DdHfVcNKEAo,없음,0
WcZF4nm9y7g,없음,0
YWccmfSFPW4,없음,0
MlmJv4JxnHU,측면,1
ST4spRUAZOU,측면,3
7Zeo7buQWQc,정면,1
uHJ0cb83dRU,정면,1
NJ7CFoXRTv4,측면,2
DG99dVTANwA,측면,2
eqvCYnm1x7c,정면,1
xkHw5aVw_dc,정면,1
mB6mnkyeKxg,없음,0
gkdrGL01zV0,없음,0
15VNEN0YXWs,없음,0
0pLu4dfMmuY,없음,0
72oBhS0EH3E,없음,0
epBEgCr48Kc,없음,0
Jk9J4Up3ra4,없음,0
D4tZCdHv0Zg,측면,1
3p0ZrpQTxkk,측면,1
6tc5tslSSBI,측면,2
I6V9ShnAHHU,측면,1
bC441c5O-Zg,정면,2
SO89QVdMzH8,측면,1
AXmaxRFNHE8,측면,2
yCza1mZDrwM,없음,0
qW-JVMlaCQs,없음,0
AW3-QP_y6bA,측면,1
5hyXXipbFV8,정면,2
2HDOltxe-S0,측면,2
QUf8eunbS0I,측면,1
uoKZkzkWpWw,측면,1
nHp2GKp8If8,측면,2
DZUswOem-_E,측면,2
FffAX0YTvTA,측면,1
T_f0FzKKe7I,정면,1
on3xdtPI7B0,없음,0
CROJJiEM8Uc,정면,2
tj-gjGet9n8,없음,0
7qlCUyKJ-M4,없음,0
jtcsanB4ajU,측면,1
3q2n7pXsZQo,없음,0
qSC7Ty8Hjpg,정면,5
neFdky1CQzo,정면,2
nlT-Ij_lmgk,측면,2
sF3Y9aY9bP8,측면,2
XA6qB-kj_UA,정면,1
e4jtD9CnkWs,정면,1
_OCTHN9ggGA,측면,1
45TP6PBZ9fs,없음,0
FSl3xYknq_w,측면,1
VO7n_t6rFqQ,측면,3
w1AmO3wZ2Iw,측면,2
qPbysBhK17g,정면,1
55dUnuX1GXk,정면,1
QY3nxdYx8dU,없음,0
wxaE3ib61XY,없음,0
TaOxDGD8IOQ,없음,0
9c3LK7Ze4tk,없음,0
lHTLkpb6m5o,없음,0
xVbSO1Yut4I,없음,0
zjDdqCwjWiE,측면,1
ilSzFObXSKQ,없음,0
CjW9LVcBTOU,정면,1
2d2T8FE4Pyk,없음,0
YNKqqapa_Oc,정면,2
9hkZwBZUF8I,없음,0
z0r6iy7kK0w,측면,1
s9XtLQdkRtI,없음,0
r3u2iVLpNEY,없음,0
AYV9jctaLbI,측면,1
jnI9WEfuUio,측면,2
MSBxDoZ3SUU,측면,1
a1DPAoJ-TPE,정면,1
FppSc5QttWI,정면,1
0YLMq9afJHk,정면,1
aMgHUt1g_dQ,측면,1
nOaPwhePXzk,정면,1
eUH16ZXPwFM,측면,1
B7I2Xd9NF1g,정면,1
j1Dfh1LL_QI,정면,1
S30NJxwg8DA,측면,1
ZXlfKaPxJI4,없음,0
9fb2Xw2jc6c,없음,0
63rKOkApfNA,없음,0
QKpPTjMXptQ,없음,0
AC2_bOgzKvk,없음,0
TJRZO3djaek,없음,0
vZFzvg5MtRE,없음,0
FjH0CtqHOek,없음,0
Hgz1GpHx194,없음,0
0onTJk6x3Ao,없음,0
WVSjQ_rs_-0,없음,0
CgWXkK-YztA,없음,0
hX2C0GLFYkU,없음,0
uC_Q6O9Ac7o,없음,0
fYgQThSAfNQ,없음,0
huxoO35eXKw,정면,1
qKC6XyRXEQg,없음,0
jH8s21rEL4U,없음,0
UpMN2jSpuD8,없음,0
5QpdGmDiAwE,없음,0
vW693n_Xnn4,없음,0
qfXJ9VnPE-A,없음,0
EH4NkHfeiY8,없음,0
C4kJgs6MJBg,측면,2
ZAyfD_nexcA,없음,0
jHvzrHnb4vI,측면,1
3MxiianLSwM,측면,1
7pvB7EaNhjU,정면,1
r0fqnzXZK1o,정면,2
5z7tfoZhvb8,없음,0
dpkv9yAI5Po,측면,2
mEw_3HarTBw,측면,2
09_yzc9w5ag,측면,1
Xs6kPSgi6q8,없음,0
thWiX2oGhfw,정면,2
ORoA9lUZiA0,없음,0
g_1i7s2CMIA,정면,1
xeINNUPZLok,정면,1
jCMEdr7ysCQ,정면,1
rV3KCS2P0r4,정면,1
TmP4zRuoJo0,정면,1
zVmUsCnf0xw,정면,1
YEj4piN3djM,정면,1
tHX1WbKB9KQ,정면,1
fWxx5tDloJQ,정면,1
c8Xu5dC7nz0,정면,1
yKcK6Tjfmi0,측면,1
NyUOy_Q-M-I,정면,1
Voh5csRkUMg,정면,1
EjvBHD3UZME,측면,1
x08kjvXnllM,측면,1
r8ZCdoOGnoM,정면,1
4OlRoKK5Xhs,정면,1
es-RU19KJFg,정면,4
PWZRzWT9Ths,정면,2
XS_SmjYiQPE,없음,0
difFyXSDsxk,측면,3
Nk0SNx0ot74,측면,2
Ot4_jDAzEt4,측면,1
Y5Km5BKCs2w,측면,1
5VlbQytlfls,정면,1
tn5p-Obj3bw,측면,2
4Yw9wSHO10Y,측면,1
NrjbISIcO6s,정면,1
gV6RqzPYYOo,정면,1
dKlUAuI5Ge4,없음,0
bY_8QTM0DEc,정면,1
ncTScRKcRMI,측면,2
3QWv6tpCUzA,정면,1
rWC7Q3F2gwc,없음,0
xjqOdcA3Qps,없음,0
7QodBgbw5h0,없음,0
9C-cLHpyX8s,없음,0
B1ALXth6sCw,없음,0
xzrusymzZiM,없음,0
H-aD2TER5_w,없음,0
NYcRnpPA0-0,정면,1
pz4VsQcsR7k,없음,0
lbA3p2icB2E,정면,2
skzRmU_LsDk,측면,3
LqETgyuL7Rg,없음,0
CB6m05MPWug,없음,0
BTDYN4ik0hY,없음,0
J7xIWRV_N6Y,측면,2
__my8DxSJkk,측면,2
vP3yS5_nrHk,측면,3
FXZrnIq2XY0,측면,2
0baskJ6lGLY,정면,2
Nb_5A4sEJ3s,측면,2
dVS6dfoCqrk,측면,2
VpMIYN4PQNY,측면,2
DnG34Cy-_K4,측면,1
tNzQmvE-TuY,정면,1
dkQG5nJTOKU,없음,0
_FLqD8GW5vA,없음,0
gGExCIgtktg,측면,2
Kc7vRqO3ABg,측면,1
gfud3qSqL8s,측면,1
kqSDMl1NtyA,측면,2
B0oPtSje7Bs,정면,1
-1V8osryLfs,정면,1
9T8JYf7WREA,측면,1
zajsQvpEzms,측면,1
m8lVTwOr4kg,측면,1
ZkzOc140pv4,정면,1
c79718V9pnk,없음,0
4DMTt5VT994,측면,2
K89_SOxZ0MU,없음,0
C6P_8Qz7rAM,정면,1
kWXHLKPYv-I,정면,2
shoYp467elA,정면,2
IKuQgFQGSMM,정면,1
GXT5iBptTO0,정면,2
7ItRMGmKaXg,정면,1
6tAHuH1S-tA,없음,0
UHR1Wferhew,없음,0
5RMzMfK9mqw,없음,0
ugSRlv4BOeA,없음,0
yhIn30mrMDc,없음,0
Her2tvJkNns,없음,0
rwfmW-zkCTw,측면,2
g58bK1x4G3A,측면,2
UqvobS4qySQ,정면,1
x-2RHq6de_k,정면,1
ux8cxqKm1QI,측면,2
NVU7ru_9y1g,없음,0
Ju2A-a8FN-M,측면,1
V0PwI3btsiM,없음,0
j-kKVkgam4c,정면,2
NntcB0UxdCA,측면,1
DaGLL8xO0Jw,없음,0
qVpCbLiEmyQ,정면,2
ieOlo-NM6yk,정면,2
XxBpsYo_4To,측면,1
-XS0a0j0ICg,정면,2
LLvh01-u1ug,정면,2
U9jx-vG30bc,측면,2
D4BbOEbI6MY,정면,2
EykSdJAEVjE,정면,1
sA32_DsKa_0,측면,2
NsbAzwWwpBk,측면,1
oq5nSyboHmg,측면,1
M1N7gvq0RKA,정면,1
N3m_gIVP3FE,측면,1
IcYmD03K9bs,측면,1
8sywvF0k0Tc,측면,1
yves9FjLpg4,정면,1
vQ6b-zopw_4,없음,0
Hg-KWnPu6uE,정면,1
aecpD2PkoqU,측면,1
2O2AyMFpCNg,없음,0
Ip1rsNUhUUQ,측면,1
M4eOzKnOrIM,없음,0
03vQI1_lf8k,정면,1
htjR2k2Jp-w,없음,0
4__TsN45IqU,없음,0
Mcfe5ic3g9Q,측면,1
bUWP1N1FmeQ,없음,0
FTsAIUnWzbI,정면,1
zjZlb8RIIFM,정면,1
caZsqKQIhhA,없음,0
n7bafJXWtZs,없음,0
4bJPsE6qgMw,없음,0
nYlOXduidBU,없음,0
dYRS7r_QCR4,없음,0
fZo1B-80kbs,없음,0
XyYT0Y2B908,없음,0
XsX1XkPjAms,측면,1
trhLEX1A7A0,없음,0
cuGv3OQ6f3k,없음,0
QBhp4lUUayU,없음,0
P-tYH-4DmAE,측면,1
TeUNUOsqjuA,측면,1
6HkqX1OUWec,정면,2
4cGE9XclDas,측면,1
H3udoKBPxiA,없음,0
POgzBsHQzZk,없음,0
vpBzeq2D62M,없음,0
5n2EJHP_ZOs,없음,0
7d_6IiKTgZU,없음,0
u4sz0Mkxm7o,측면,2
92RB35gi0wk,없음,0
nYLGDNQAjWQ,측면,2
-2T7OAuzlW4,측면,1
WZcv8XmtNl4,정면,1
GYM4NUQPT3M,정면,1
TNMHGO5kWRU,정면,1
C5A4sLIK428,정면,1
Zy_LbjZALA0,정면,1
S01WNSZqZ80,측면,1
2XnQ5MEow-Y,측면,1
N8ZBevbuXiw,정면,2
aqdWPvOqpLA,없음,0
6UNRsTHU9LQ,정면,1
l6dpg-mo-2Y,측면,1
7CLWyTyHo38,측면,1
3XdR4o_n8no,측면,1
kwZ2bHUEU8w,측면,1
kRoRSFvHu7c,측면,1
8zqFrCAsLyk,측면,2
GGXEGt-FIOU,정면,1
lb5yYsINVkE,측면,1
_oeloHaVjzk,정면,1
7AjvjpfM6fc,측면,1
yxrB9CYX3Fs,없음,0
bYhLEevV9RE,없음,0
OZe5ZE81-WU,정면,1
IU1rZnov6HM,측면,2
LLXp6-HHxmc,없음,0
3MQA0nZ7NAA,정면,1
w7F9yc1BAq8,없음,0
kiw7SIFUSg0,측면,1
o50XPVX1Nrc,없음,0
xTCuE7Y-ay4,측면,1
mhlk0xsweLI,없음,0
M6L8Nj2lMvk,정면,1
sbSbXon9yog,없음,0
7hkKL1eBTgc,없음,0
iHzfnICtHzg,측면,1
oAySMcaLuDI,없음,0
B3Xmjo-RDCE,정면,1
CKdMsmHNoh8,없음,0
6kkzcZo6SJk,정면,3
XR1Tadbt6Kw,정면,4
1ddQTB239IE,정면,1
9xic5dBdNIs,없음,0
r4KUcV1T6ms,측면,2
vNg_SP9Cwac,정면,1
F_RE4A3WomY,정면,1
VjJGqyoB_NI,측면,1
UrIJV_xItOI,측면,1
b2UsVL_Oezs,측면,4
oqLLdSwEKH4,정면,3
8jF3Yyj9g2I,측면,2
8vSiZL7kqwM,정면,2
J1zgqvg0XWQ,정면,2
9CsfWJSt71Q,측면,1
oFHXM5kqg2I,측면,3
MBupoU2aH4Y,없음,0
hVwi9EnceOs,측면,2
yEoxnQvu_dQ,측면,3
d4HLA1TP_xE,정면,2
WkrFUZ5KsbM,정면,3
JvX3jNy638I,측면,3
sBxDPA2nZmA,없음,0
BoxTODvdp4w,측면,1
G9qNznoE7Ig,측면,4
-Ipmpm8Zfw4,정면,2
JxR0F87jg0U,측면,3
mAmjxmagyYI,측면,3
-4R0QjxkYI8,측면,3
f-EdvZQoVTY,정면,4
fA9-PiYkRoY,정면,1
1mwBXFcmyJs,정면,3
l_yQYo2jt3A,측면,2
0d1csObIeOU,정면,2
P_yQB36J5p4,없음,0
ubfXvYayRuE,정면,1
4SyACwJt5Kg,측면,2
3hNAmXpKvqk,측면,3
lywv3pVt_bM,측면,2
v2Nwydgul2s,측면,3
Wc0IcCpcnbg,정면,2
Faoh25vlaYU,없음,0
ij9Ij5hH8gM,측면,4
H74pBWAbuog,측면,1
vda_qXCojVI,정면,2
pvhoE_V26PE,측면,2
-xR6YvgvMGI,측면,2
AOTOl29nmrA,측면,3
E9nAP8BCxZk,정면,4
O88rhJwxC_w,정면,3
qV6yq_ApudE,측면,2
tmT65Pp97Ns,측면,2
w2to1HjQjMc,측면,2
gPM9lFHJ9vU,측면,1
fDQIRmg5xoI,정면,1
ffvsUBfDoBU,측면,2
vI1x24FPcEU,정면,1
m29V1iJkUSw,없음,0
2hCpx4uyiiY,측면,1
qZUja1wPPFw,정면,2
yAaBSeo_yfw,정면,1
qVXDA_aJtR4,없음,0
ggDum1LuUt8,측면,1
-2LG1zDymJ8,측면,1
YruPkUdQc_A,측면,2
RrCmHvC8TEU,측면,1
x_7wxJtRArY,정면,1
yF0r9zSrnF8,측면,2
L0g88jN4m2M,측면,1
lT9DMQlEpU8,정면,1
f2nUhs24wNs,없음,0
N4A__y3iCa4,없음,0
bpuBd4W5rEo,없음,0
6KL0gQ0dbWo,없음,0
09e2LdkWNlE,없음,0
3rYqI6vw1sE,없음,0
-ZNrseZMXQM,정면,2
dNdvmRXPgjQ,없음,0
biBNuiYFRjU,없음,0
37gP0M22C4k,정면,2
vYWECMdmszU,정면,1
ikki7N_0dY8,측면,4
WQBwAMgkaFM,없음,0
wW8A8FGYGbw,없음,0
dsQuCnVmtLc,측면,1
MKDPMduJV_k,측면,1
NFupxWIqxYo,없음,0
QPMu1dhYlwE,없음,0
muxOEBgyUcc,없음,0
PVMph74xINM,측면,1
sWcWxT6cGU4,없음,0
gGjEPyu1u9U,정면,2
SbGOJXFV2mg,정면,1
mn42n7GwWy8,정면,1
c7eSa98VVmU,정면,1
3EMWFwJRPNw,정면,1
L3CMJiRwBdQ,정면,1
hXfzRgfrMds,정면,1
YdP-phw_XfY,측면,1
hC6uxBpAfH4,정면,1
-XtC_smIpYM,정면,1
tU-xDOD_eqo,정면,1
x-e01G0Jfsg,정면,1
g2pnyxUG9h4,측면,2
BuI0fvLnSds,측면,1
dU8fkkkbwE8,정면,2
uLldiVnqODs,측면,2
zScCrAcpFzY,없음,0
CJM9DpMOHcM,없음,0
ZO4tPu7877g,없음,0
t5frGu2Ozvk,없음,0
iCcvOwBWG5Y,없음,0
K2ynnVdVPfY,측면,1
WqAJMGouu1E,측면,1
DNCR9WAr8tc,측면,1
GpD1iiVGl7Q,측면,1
bmoRg2q-EAc,없음,0
8MSexylpv60,정면,1
ImzS3jkqcT0,측면,1
Uj-WX5qYJZg,측면,1
oZWSi4v4R7U,정면,1
08MvGKLS2QM,측면,2
FHcLUjSYM2A,측면,1
WGqwW9Me1co,측면,2
VoiLEox8fF8,측면,2
OPzJf23ZUhY,정면,2
j5H2tvnoW2g,측면,1
WMWEs4HOakU,측면,2
7uT4WViOkXk,측면,2
kw3D8RhqBhc,측면,1
HqRPSAUpqP4,정면,3
KRX_cuavrbQ,측면,4
017ozKlLg6o,측면,2
GRImDCKFRjQ,측면,1
2tzLOTMehyU,정면,3
gFtkv-Gv1Do,정면,3
eQUzxmji9D8,없음,0
v_ih_HxpEpo,측면,1
01wdhjQV_8I,없음,0
5FNF1hwNEro,측면,1
cJnmb4EcuUg,정면,1
kMEYAMT0hDg,정면,1
NbDhMFxt9vc,측면,1
sQ2Qau3kXUE,정면,1
Z8db0YKt-D0,측면,1
iPmGvvN_bnc,측면,1
EOhSUzGjeuM,측면,2
LrhSlfaZvKM,없음,0
cq8mZmD1Bgk,측면,1
tFB_MGN_oTA,측면,1
dWnmigEThQg,측면,1
nSsc-iKstzE,없음,0
h2we-lUOU3s,측면,1
FFX7rL-XicI,측면,1
HUXO4eFwNJs,정면,1
zQzj_U7Q9vY,정면,1
cvHeVYWmWG0,측면,2
lDgxY75wyIE,측면,1
x4fq9nZornY,정면,1
ISiJrYSaT0M,정면,1
c19-STEFp-c,측면,1
ifeANGSXVTA,없음,0
s7vIuw0Dung,측면,3
CdMC5aj6wSM,정면,1
5BbsIUCPhQA,없음,0
apv4g4utEFY,정면,1
kRetiYBY67s,측면,1
y7vR_u5Jl1s,측면,1
Md4Maa3xsY8,정면,1
WBh4UtrAmTo,측면,1
YNXvwhdvn8M,측면,1
7hfPl4eeYCA,정면,1
wv-WmlKMSc0,없음,0
S9Na3Hl5g5k,정면,1
y_EJwvuQQz0,정면,1
bYGaO_Vhr9Y,없음,0
dVMLx0BIPgU,측면,1
LaOS822l1JY,측면,2
Gw4kJiRW25E,측면,1
fmkwlbVLNsM,정면,1
SfM5X1LP8HY,정면,1
y3GxI8YsoB4,측면,1
psyfCPZwFc8,측면,1
FvsUIGc6agg,측면,1
DGDZ3dYu2ig,없음,0
IkJP-ONIbqY,측면,2
QTdVyjhXC98,정면,1
-ARb6JtBk3I,없음,0
TDhN1KM2LfE,측면,2
Q2l7CcCm_ok,없음,0
Hblo0ETxHKE,없음,0
ioegO2t7ktc,없음,0
SbcXQq1mjgI,없음,0
Eqry8Dqnq9I,없음,0
88KP_7Foop4,없음,0
GogZtkaj91M,측면,1
dQY_8NRo064,없음,0
ykLZXfcb6Ys,측면,2
g8HEpTSiiFs,정면,3
u52PQx7VMRo,정면,1
_gEDoPSDyGU,정면,1
EYa2YHI_kIs,정면,1
QEDKjvD-Th8,측면,1
1-m3hE7DbSs,정면,1
ERqmFqXBJ-c,정면,1
ilFK7CspgZs,정면,1
WgG8GJmRzLk,측면,3
KRnd1tdfJos,측면,2
fSo8aUvH0Fs,없음,0
6pRfVyhUAXQ,없음,0
LxTkrw6F8co,측면,1
BMqcWRbr4vg,없음,0
ijMK4QUzelM,측면,3
4lv3Nvu0xAY,측면,1
x3E5vuAqo_4,없음,0
h250BLC5CKE,측면,1
Vptvhv6NbMA,정면,2
pmQh_B17_Ew,측면,1
I_ROCewnTPA,측면,2
H4VQjZAlwZc,측면,2
yXRpth4MnWQ,측면,2
__csUb8JWQ0,측면,2
sf7pOVhhD7s,정면,2
RWIDemtt3WQ,측면,3
v9nD1b8Skog,없음,0
BdJXEd7ns7U,정면,1
Kc9fhd1-V5s,없음,0
PiGfolGs32s,측면,1
zn-X4ZA3NoQ,측면,1
R_9uoj13i-c,정면,1
nIOR8ZGFeg4,없음,0
9b0UiLUgnPU,없음,0
dPipHaj8QAU,없음,0
RBjk2uuCK0I,없음,0
2dauo4g7bgo,없음,0
5mZoDzqa_HM,없음,0
tAYLL97uznI,없음,0
gQow7w0M3rs,없음,0
ADYzUgvS7Rc,없음,0
is8NENIFwho,정면,1
9YGLwoULMqA,측면,2
NYbo0BiJS-g,정면,1
PvruB2XxMMo,정면,1
OVnYJYhwFC8,측면,1
JT6RoJhrRhA,정면,1
rVFRQ7j6bDM,정면,1
AmoWrA0EiuE,없음,0
s54ZIhlZunA,측면,4
u_jlDYzGeAw,없음,0
8MICd7YbAng,없음,0
fUXiEhROqLI,측면,1
sEy4UYkNRA8,없음,0
W2jbqLvsEBM,측면,4
skg6L0pS35M,측면,2
2k2cbQPK2eg,없음,0
FoDh9Qo3xSc,없음,0
VjQM4DJeuQk,없음,0
oTGW6NI689Q,없음,0
OlUN3W1l6Rs,측면,1
vZ6xpc-I5jc,없음,0
ofCNAzOWDG8,없음,0
CHxyg3ip86w,측면,1
uXVb_AOBHUg,정면,1
Sw2IZ69wnHE,없음,0
Z-u88bNQ8HM,없음,0
X8krQbVnNq8,측면,1
2cspbKoG6hw,정면,1
fzp_87-xa2g,측면,2
jN283fijhag,측면,2
w8F1nGCe20w,측면,3
I8-m9yHfqW4,측면,2
vEXjiUnvjNE,측면,2
znLDkyIlrp8,정면,1
su8MszkGuPc,측면,2
WZmzDK_YRXY,측면,2
_pr8U3M1XsQ,측면,1
b2GkNO16NeQ,측면,2
wobpMqsFmmU,정면,2
saHHKYoS6O0,정면,2
jaUBXGyGWb0,정면,1
wSMIcyKehSs,측면,2
B4gXDRG5Ct4,측면,1
l67xKoTuIIA,정면,1
4VSrv-iaWdY,측면,1
qj-rLLsDX0k,정면,1
4LjbZMsf3U8,정면,2
Lg0QVaXWRYw,측면,1
zyNDMmEK8BE,측면,3
lV9R3sGkhF8,정면,3
OJwvL1L5Wgw,측면,2
9JpaZlT3Q8s,정면,1
acM7QsD3a0U,측면,1
Wgk78bUwsJk,정면,1
jI156tSoQ8E,정면,1
8M2YyNPPoiU,정면,1
pBSeStO5YgA,없음,0
1sEtwn1fgCA,없음,0
dN68oBnajn0,없음,0
U9p99jp1A3s,없음,0
6ytXxlturyM,없음,0
YEQn7lxLHIk,없음,0
qk5-bw71JOM,없음,0
MxmHDwnu1po,없음,0
DvKDb3uDoFc,없음,0
sN1jqmacj0o,정면,3
qzOwdkcmMZM,측면,3
BmACMH-PkUk,없음,0
YIdfKhnKuHY,없음,0
nOdr2rB4YIM,측면,1
M_Aklwlhneo,없음,0
z03N44VldDM,없음,0
sCmgbmyuKYY,측면,2
TzV95Nd2KhY,측면,1
mJXeb5iHSAg,측면,1
AcT21BYshsk,측면,1
5FaprXdeiFA,측면,1
qx9y50MK_Oc,측면,2
wxMGP3488Cw,없음,0
br8NIS_TNpU,정면,3
uRULmi6FTeA,정면,1
iTS_-XrCurU,측면,2
EVHrrT7WME0,정면,1
6dmOHjl3oyI,없음,0
G73u6wdMp_w,측면,1
zUNANl9eMJU,없음,0
MWuF7vW3P_4,측면,1
qxOOP0lPU1U,없음,0
ILIsV701-H8,없음,0
FLNZkm07A0c,없음,0
J0Z8eD2Lp94,없음,0
xbDEVs6LH9o,없음,0
acR0_y0NJRI,없음,0
Dmt1p7qbDqk,측면,1
u7dfqDxPlEA,없음,0
eUHQrPZk6LU,없음,0
UDt2rQ6qpuo,측면,2
D_WzBPHZlxY,없음,0
-kDaRi9wx04,측면,1
uLXHOuXs06Q,측면,2
e2RcMEmROoQ,정면,2
O_9Js1k71f0,정면,1
3y3IOxhXFf0,정면,2
Tw0FBX606hM,정면,2
4O3WPqQEGfw,정면,1
7EZqammYmN8,정면,1
1KRN5xlNLoI,측면,2
CuNvKy-BrA0,측면,1
pg7Id0rQ1Ss,측면,1
I43K_yDNsZg,측면,1
6nrqZIovCYg,없음,0
oJxlWfq0rZw,없음,0
bj9bpAFXX3s,없음,0
5l6rKgcDuv4,없음,0
FGWcEpt20Og,없음,0
DTAJiGQru-s,없음,0
dGa6dw59424,정면,2
F3P6jFklKu4,정면,1
hEtEWEb8Cyo,측면,2
uFSw8M6RqHE,측면,2
di3O2e-WuPY,정면,2
DY4eMr4qWXw,측면,3
OXEaaMIEkkU,측면,2
K4Me3KqNa_U,정면,2
e8fa9UwKl6E,측면,2
tfgjUDFgVwk,정면,2
CMIAq8SZvBQ,측면,1
GXxmggCERJg,없음,0
TbAblawKsRM,없음,0
kI7Z5pdMj9Y,정면,2
hcXI5Evb2L8,없음,0
G1mCYSo2rnQ,측면,1
jNT019W7pwU,없음,0
INsYJqXQyc8,측면,2
eYKquE7Ud5I,없음,0
EQDsiTdZPV4,측면,2
v2s5eWiQ3yA,없음,0
__UO_tvB78U,없음,0
o4BzP7ZJpB0,없음,0
OBEBc7TpvLY,없음,0
Go_3BARGX4Y,없음,0
2MyRtla9QZs,없음,0
gSo52sTN-dQ,없음,0
S17AjMosQzc,측면,1
dGKvhBGOyQ0,없음,0
gAqd87fvgRM,없음,0
YVQCRALfb0A,측면,2
Plz1Q_hvSic,정면,1
UGlJ8MZrPms,측면,2
gCNHDYb0KfI,정면,1
misLisjHtpY,정면,1
bUQ-bss_jYg,없음,0
k-5948N_fOA,정면,3
1BqbK5nMFfo,없음,0
Euxwwjl5W1U,측면,2
C4P_3oTs95o,정면,1
Nfkxb3482LA,측면,2
ejKo4QcM_rg,정면,1
mtP-X3eYSws,측면,3
voh8h6-4TnU,측면,3
bVj4kgTJn_Y,정면,2
K-dGNdNnBNk,측면,2
tCii51xz-20,측면,3
XfcablKT_SM,측면,1
SzUWFl4JF4I,없음,0
v8ACKD4_F_4,측면,4
l6DWdf76vuk,없음,0
xlgZx6DjAhg,측면,1
wQaBcNWj5BY,없음,0
8lorGg2HVdI,없음,0
FNGhIj-oFok,없음,0
AooCGatVR9A,없음,0
SRv7XvRNguY,정면,1
EZEZEzWNBmU,정면,1
DsAKPYyXWO4,측면,1
54TOwyn5rvg,측면,3
DsCh6jq-FDo,측면,1
ACv_z616QBA,정면,1
L9mufsuQ2l4,측면,1
j6LDp_Pqy6M,정면,1
N91NSaZrA24,측면,1
o30aVAI0INA,없음,0
zQR-18Iv78I,측면,1
wUF1N7DEG5I,정면,2
9Nx-If40uQ0,측면,3
UD84auPgxe8,정면,1
F0JhIdqqAo4,없음,0
mM57qJw0UAk,측면,3
VUF6PZEsXqs,측면,1
baxo8F9BD0I,측면,1
XaA9RND_zis,측면,1
98sU4zm_kc4,없음,0
vfRpOok9ZNA,정면,2
pi9RCeE7lzU,측면,1
CGO4CYXhmig,없음,0
c-ZiNmLW1u4,없음,0
XDIGgeAdWbk,정면,1
sdDHGOnrpZ0,측면,1
eupugvigK2s,측면,1
w614ccmGdlQ,없음,0
ZLFWfQ46BXE,측면,2
zw_OPQRDMAs,없음,0
KO7qLjBnct0,측면,1
7klGo_s4ID0,없음,0
AeF7ApRIM1s,정면,2
PjFI4kuu6qg,정면,3
A62o6uOicVU,없음,0
7KxN6QUUJfI,정면,1
rbJkd4RRyVw,없음,0
dTemtLA9nn4,측면,1
YoZVMpgXKB0,정면,1
6XzN1a60jj8,정면,1
CVv5ytx4w2g,없음,0
cF28FU5gDHs,측면,2
cY6gObaxtMY,측면,1
NVL91cYnaAU,없음,0
Cn__o3rac74,없음,0
QAaymvAetp8,없음,0
tZneX5KBf6g,없음,0
-Vwo9otFE6c,없음,0
NVVxkjLgoKQ,없음,0
LIad4TJludk,측면,2
cLxRXdIP4os,측면,2
-_eZd47DffE,정면,2
uvyvGTutW8I,없음,0
di1LeWsPBmM,없음,0
o00kB7gcUPc,정면,1
RdUQOpGuA0s,정면,1
fgmGcON5gZE,없음,0
mlbunYgdjDE,없음,0
Il0NmpMK8Gk,없음,0
7Jjj1212MyI,없음,0
DSr9a4G-POk,측면,1
VZOwtmP2RGA,없음,0
aarvVwkmmiM,없음,0
fEsq7An6HpA,측면,2
TWlRKbdj0zA,없음,0
2MdNKTybjZc,측면,1
ks0H4tHma5I,측면,1
xRck8d5pcA8,측면,1
qgVkvqdtET4,측면,2
mUTLSo4-Plw,측면,2
qwAMLnuRpDs,없음,0
B0EjAFmzS_0,측면,1
hPZCBSuGiAs,측면,1
CuJcC3fpeyk,측면,1
oRaFNqaj9rg,정면,1
qD1oN4U93VI,없음,0
l3YkvMFGrZo,측면,1
s4c6-gM04sw,정면,1
YCtKe8zMc4k,없음,0
UztcY3XQJ8s,측면,1
KE6Zwd10Zqo,없음,0
xVPIeLZTZ6g,측면,1
mYoY6Dgbim8,측면,2
7YaZO4zqJbg,없음,0
zX7sGCt8ke8,측면,3
qZoxjZckQhM,측면,2
OeQKiBEGVhI,없음,0
YWNtrfxeIxE,없음,0
KWUL0iQCIH8,없음,0
TT2z7Z9Yqm0,없음,0
HQcLRz2AZIU,없음,0
bx0RN6C7T5A,없음,0
mlpclT89Gmc,없음,0
snICgdjccMs,측면,2
_qKPHw9d1Kk,측면,1
iaCwtdQNXuI,측면,1
TEefWqlWoIQ,없음,0
TddtuhGi4-Y,없음,0
dS2zVtosKI4,없음,0
s-c_cJHA7cg,없음,0
jJcmm65ZpGs,정면,1
8a6As7bHdRY,정면,1
zrGyOacLGgs,정면,1
ZXiKBRWPl6I,정면,3
Fd5oeYK6yps,없음,0
AKEDF6DNgTY,없음,0
a4jPTw7gAu4,정면,1
J9U41ygUZyk,없음,0
23kpDCPU95g,없음,0
_d2iidaSz4I,측면,1
ECjYCdJ6tX4,없음,0
u7JcnxevYwI,없음,0
s3SPbhhmxgA,정면,1
_hIv74fft8M,측면,2
oj1-RTKFTsU,측면,1
pfxyS_DRgWc,정면,1
jh4C91S7BQw,정면,1
7cKBbqFtEAw,정면,1
V39tB1BJzVA,측면,2
aLxak8NliYI,정면,1
Y0KwXciuJ6Q,측면,1
7QhYc5jRt8I,없음,0
lB5xa7yoJws,없음,0
0mKla2wDY-o,없음,0
9j-dcs-e6rg,없음,0
_GN-SvaHqAw,없음,0
h0J19o3mAmU,없음,0
HrJ14ZMN6W0,없음,0
Dqj1zioX47c,측면,1
k-cP0d_HstI,없음,0
5_byjzH6MaE,없음,0
08pGcrMRJJI,정면,1
zLqkI_5rXSU,측면,1
h5vJ4F4UnxI,측면,1
j9YdKAb82tM,정면,1
6GWtgLrk0lo,측면,1
PUgmM0TDk7g,측면,1
vQQ72JCOtLY,측면,2
rzuOJSbizb8,없음,0
ydDqVwQOg5s,없음,0
WKk_FlU8a74,측면,1
nS-5InL8JoM,없음,0
nyMbjggGp3s,없음,0
T5bugXWWc0M,없음,0
-1fBb6wF0xw,없음,0
5RSua0haEis,없음,0
GdkudpI741Q,정면,1
TN5fG38U0qE,없음,0
4wm9pldGMng,없음,0
JZ3k8UuwiV4,없음,0
8-cDP9Kk4u0,없음,0
XppRFFzAOhk,정면,1
xFjyizicfSc,정면,2
PKODS5NOKJo,측면,1
XN1kU7i7v3M,측면,2
lyCVxkxpwDo,측면,1
8xmqzIX3afM,측면,1
S2MmZEm9k3I,측면,1
1DSXKFKfX1I,측면,2
vWbByGEi054,정면,1
2SnRPcwea78,정면,1
EFnLls-uwrE,측면,1
AapiwIJYdOw,측면,2
gJehW5wTztY,측면,1
AmCWtDzGLfA,측면,2
LApXf8pWH8Y,없음,0
i6mGSDXwoT8,없음,0
KUM59EMxPq0,측면,2
U_Zfe079aKc,정면,2
UxLioKBzSBM,측면,2
lW5RQK7GIt4,측면,2
sg2r9Xfqw7g,정면,2
WzHx3lf14u8,없음,0
yTWpFJgw2Kc,없음,0
Ggryb_I-EKE,없음,0
YNOk5KQkp0g,없음,0
ZNyqN0sKC38,없음,0
iVQyhfxqSTY,없음,0
WNHgX5FSNs8,없음,0
Mb06v1_MrwY,없음,0
gBIVQ7ttcS0,없음,0
VJwlWuRSCUE,없음,0
aKZEPN2Z4as,없음,0
2u2IGUC7pY8,측면,3
2D_F22lWGoc,측면,2
sK6BodEDJ8U,측면,1
NEfLFmuCNTM,측면,1
kCCoO6fq4ew,없음,0
ynCCtcbA_rw,없음,0
DYSBrIkVHCg,측면,1
X2t6ow2PWxk,없음,0
K4F5w_RQOHo,정면,2
3Vrhy2ZLmFw,없음,0
lS2fyjgdBxg,없음,0
0s_AsoPmmCk,없음,0
TAUGP0gXOaY,없음,0
hGGlD-Q8uHc,없음,0
oxJK9VtyI94,없음,0
5yNpflYu6IQ,측면,1
WhWqLTcLZeg,없음,0
Z8QWtqmyMag,없음,0
IpRDyiMCsKo,측면,1
r6i-neJarDY,정면,1
Jz4iBpKzxTw,정면,1
rElzhzwBXic,측면,1
pdBaB_CuH78,정면,1
LNF3uZ2jT_s,정면,1
CZyPDrjZB_I,정면,1
MEK-BBrVRZM,없음,0
YaCgN1Idwos,없음,0
u5gNFS1C0GA,없음,0
FRDZ1vG1pp0,없음,0
J6oi2tBGu8o,없음,0
kXZrgDhv3J4,없음,0
o-nl62JMU5A,없음,0
3kjiXMAfsj0,없음,0
9eocoJQU91E,없음,0
muubzE0wGkY,없음,0
uphhxYhyyN8,없음,0
DNvBCDlc1Mw,없음,0
3O4q33BDxWc,없음,0
9lOSjqlKHo0,없음,0
g4DeILpWxds,없음,0
kXjp1AN2vK0,없음,0
vOHr0aaWJBM,측면,1
rR9iz-N2mlA,없음,0
g7CK42YJByE,없음,0
XwFZfJha9qY,정면,1
BdbFKBgUV5I,정면,2
6g5_fV2xI0s,없음,0
IIislO87YjM,없음,0
TFftThtJoNs,없음,0
U7AQN4eepQw,없음,0
X0-HKFgh39g,측면,3
nSliiPJmviA,정면,2
u_znczUyJJU,정면,1
x2r-pN7W1Mg,정면,1
2JyPck83wb8,없음,0
aeScH_X9cXU,정면,1
vTECWJHS3Wc,측면,2
g7ePkbanQA0,없음,0
FBqo3OE1OF4,측면,2
TiXVzIVwGI8,없음,0
DOKsbwKMh48,측면,3
5vm55_99KXY,정면,1
cJhDQg2jORg,측면,2
CmuiQJoXkDQ,측면,1
HMDpyK85CxE,정면,2
N2etFpsO8_8,없음,0
Vpj4HTLESQM,없음,0
y5iHjVAWKSk,없음,0
Od113Ung1i0,없음,0
koXXF-D54Ik,없음,0
Q-m6FNMAbYk,없음,0
6mR-wNS7QGU,없음,0
1cS2A7pBTkw,없음,0
5mX1mt-JBj8,없음,0
VFtNdjgDdAY,측면,2
7FYg-fWDaFg,없음,0
v2tmR56uoLQ,없음,0
9PYFAO9QZBY,없음,0
At7OkyM8-WU,없음,0
uNJwUhEK4QM,없음,0
9mvTG8FDsns,없음,0
N5KNPUuykwg,정면,1
tyLF886TWVo,없음,0
5bP6kpiUM40,없음,0
xNrCHTeHHE4,없음,0
sYbsuW9PFmc,정면,1
Vtdud1ALKIo,정면,1
N0AMYgRfzhc,없음,0
ImPk439_gPU,측면,1
z2s4A-1_w8A,없음,0
hLmPwwL2FUM,없음,0
XeKOxIFTC1s,측면,1
XYXxDLlLkDM,측면,1
pIN9ynwGpM0,없음,0
txIgk4tuf3o,측면,1
QYE4oeqMBx0,정면,1
-NRwz2DKCyM,측면,1
zWl7ZNIye9o,정면,1
R73E3BxliQA,정면,1
GoUnyN4UTMs,정면,1
5yOWtFZcSRc,정면,1
_YpdrUIw8oU,정면,1
Byy3Uu71JmI,정면,1
Z8StcoVC5Bs,정면,1
HWgOtymbJnw,정면,1
rivBMQ_Z2Us,없음,0
phaHI7g9wzI,없음,0
FI627nTeE60,측면,1
4h6l2qajp-U,정면,1
L6SonnGCbu0,정면,1
2OclFr34Jfw,정면,2
jo3sqVbseZw,정면,2
euQNhrSzAYU,없음,0
WsovJpYuWq8,없음,0
Z-fTn791tK4,측면,1
Rj77WBisgZw,측면,2
Oefn_3uRK7s,없음,0
JOlEDfmSEkk,없음,0
78gex6KFpzw,없음,0
VmOHe01pe04,없음,0
mchc83blPXI,없음,0
xONytkb8SqE,없음,0
zlJ0CrYTULQ,없음,0
r5utpD790lA,없음,0
Bby8FG9eZz0,없음,0
AJFHpZUzavw,정면,1
E-PP6U3HSsc,없음,0
8o6KoYtRUKM,측면,1
96X2_BLGW0c,측면,2
41bew5ml8zE,정면,1
ShnhronADEg,없음,0
oV6GTiFpBNU,측면,1
9tFaUL3gWHE,측면,1
ABvS-1z9zb4,없음,0
5t-JDVwJjj4,없음,0
ISnpVpqboRs,측면,1
-c-HlJFhEt8,측면,1
aRm9V6d-HhQ,측면,1
3Vj88Szuw8I,없음,0
NKuxNYwfRS4,측면,1
0m4lOuwh2m4,정면,1
It5H7Dgbd5Q,측면,1
_VyKd16_dFM,정면,1
vbGhNMk4js8,측면,1
ndD5YZnLcvw,없음,0
QpAMIVHsWGA,없음,0
3BEilqPrVKg,정면,1
Hl4MVIL7xFo,측면,2
tQixaQoYFYE,정면,1
3MCZEYjMN_k,없음,0
1ayzdWAuqlo,정면,2
r5TpBmKj5s0,측면,1
IQKC65V6nOY,없음,0
eSIvDsLEW4Y,정면,1
4yqXowrNqIk,없음,0
dQ7p3Rrn8jA,측면,1
chdsBqNu5IU,없음,0
pwOGDl6YZK8,측면,1
pYishGzKV9o,없음,0
XP3TgOUKiDI,측면,2
2D8zOLYbbL0,정면,2
ZS0R8TXIAl8,측면,2
doc3ZsfSJ50,정면,1
5eNt0D_6Ydg,측면,2
8Zny4gE0pVc,정면,3
KrzUvMogtK8,측면,2
JMFk5Z1f9xw,측면,2
cR880buLZ2o,측면,1
JrCFNijnA5I,정면,2
x_A7aEyNp9Y,정면,3
twWoRjdtQeg,정면,1
SQCT_-H511g,정면,1
UHXzGBhp_iI,정면,1
-YRMuwiFTVE,측면,1
T2oPQjH5tJU,정면,1
hIxGZ0lFkQA,측면,1
ZVQ_Sk9ggPE,정면,1
5VEuXn8Sva4,정면,1
krYYA7WRRn0,정면,1
HqTyVcQEda4,정면,1
w5cdlyHeuz8,없음,0
xv5a10qVxvo,정면,1
1IlT12R4MjM,정면,1
PnlpmWfxjg8,측면,1
y4kBcpxXhbc,정면,1
M8FYbe6KO14,정면,1
IZtz99QRXIk,측면,2
2lmAmBki5Fo,정면,1
MdBMQ1UP54s,정면,3
rFvDjN3XFUQ,측면,1
tPA6J06RkWM,없음,0
OP8XpCUqh3o,없음,0
YYLmAMFWYlw,없음,0
1SGCuE6_xJ4,정면,3
jnzve0GWcy4,측면,1
WZyuVkbRPzI,정면,1
CPlyOPb82aY,측면,1
U3R4nUS6W5s,정면,1
RWIzx2D5jTE,정면,2
ZYuuh15Ssdc,정면,3
2Tj85xGZYbY,정면,2
7XrFWTNVzfs,없음,0
4eC7WGvrfJ8,없음,0
YHqJ2d6_cVg,없음,0
sWlSlkKhn3Q,없음,0
x2So-0mDneM,없음,0
9nzXz7LI-Jg,없음,0
yCCvMBPqCJA,없음,0
x2g5CZjjTFs,없음,0
3YvsMpIzmjQ,없음,0
QNPgZfO11kg,없음,0
3j9KNo5v05Y,없음,0
HAggwnBvSpI,없음,0
5gwQaCkv7CA,측면,1
Z7GnVJ0xP_s,정면,2
RWGpXdWQoGw,측면,1
07YnmO82Ouk,정면,1
iZDrDnzKUeU,정면,1
Ie-XxGJPXLI,정면,3
vQACtHCQyWA,측면,1
oAXH0rMYBUY,측면,1
ZWCrvtl28RA,정면,1
JBCND1Rr6mw,정면,2
GV1n86EDxKU,정면,1
6keaAMpChUM,정면,1
Ff7easkHHA8,정면,1
vqUZkuwOr_s,없음,0
JvujPeN53Uw,없음,0
zso2XeOrbC8,없음,0
3nEhFjwqgTY,측면,1
Gt7WyLnVV2M,정면,2
pC6BnMUVWiI,측면,1
P-5neo4BTvQ,없음,0
mqRUr5ACMtQ,정면,1
KCuOtB8-W-k,없음,0
UPqMfcCLmuo,정면,1
TNjbD-3qTbc,없음,0
gjQIk3CiGSI,없음,0
3lAYbSKOvlU,정면,1
R_AZ_mkJUIE,없음,0
nj2ufEPWV_4,없음,0
sbIvgPOFo0w,정면,1
7ULmcNmMlLE,없음,0
2FhMD5tMa9g,없음,0
nn-7w8xebeo,없음,0
pwfUXHhSVSs,없음,0
ieBkrmPbNp4,없음,0
Sf9ycUqesLI,없음,0
vNIBi36mNlY,없음,0
vJzWzno-VGo,없음,0
kR9n-jAYDrw,없음,0
rxo4p9SHY4s,없음,0
VQ_FDKOw6oE,없음,0
04GaXi4YZTk,측면,1
SgMVVv2dISM,측면,2
_HTM1O4ZS_Y,없음,0
Z5T-Q_C9od8,없음,0
M45sZl7-_No,측면,2
NUBM9UPmL9c,측면,1
R8Qo4jtZCew,없음,0
K9XzG_Rd21w,없음,0
P7w7EDhnnlg,없음,0
8pkggl8nmLo,측면,2
cBWNNL908Cg,측면,2
jQ1RTeIlSLM,측면,2
QQ2VWI4-fWM,정면,1
8VVnbBelJGk,없음,0
l3rZ_SInD4c,없음,0
9BBZgcm1tBQ,없음,0
l7sw9kKlfzU,없음,0
cp0ohgEb3FQ,측면,1
cMnTZ5ry4ko,정면,1
CY1A3SOo6dc,측면,2
rrddHga-FjU,없음,0
SuZ_2-3DiE4,없음,0
3EpBsXjF7Tw,없음,0
uFoHF5jy504,없음,0
ir-8WyKofWg,정면,1
ClKpgRkkxEE,측면,1
ll1v1cEi1cA,없음,0
WDGdwCCtXvY,측면,1
3Xbr5uaHByY,정면,2
ZofYiurLtA0,측면,1
22nT1Tj50Xg,정면,2
PuI1ip8-mtM,정면,1
zu8tFfPywtc,정면,2
P1ZYkL8P45E,측면,1
kejbe9ejpCw,정면,2
IzP-wmU999o,정면,1
hs7P1o0geNc,측면,1
q5gKNH1o8RI,정면,3
mgG3aq32k1s,측면,2
2dwRHRyl9Uo,측면,1
QzwNTwWvALU,측면,1
aKrYl65h-GU,측면,2
GOzjNaci6bU,측면,1
PFGjc4Qh5SE,측면,1
pC3iZ4YAakI,없음,0
pkjB-YnKGtY,측면,2
eFvKJhTdT0Y,측면,1
Mas2yQOVB5w,측면,2
KATIVYduXM4,없음,0
5mg_zUGDMmc,없음,0
PHWwTDAn3AY,없음,0
7FhtdTmgCVs,없음,0
rfTlSLTKWVo,없음,0
6x24HmsYcCQ,측면,2
8NvTp4ct3_g,없음,0
75L2sON2smA,없음,0
NS8xrWAc5UM,없음,0
0fLTHBnX4ME,없음,0
zA86nFF4ik8,없음,0
R-kLHirzl14,없음,0
-FYVEjItgu0,정면,1
QBYHPJiGfx0,측면,1
McSq7p8qOKo,없음,0
0PyZZLtS3bo,측면,1
eA3FSlZBKgI,없음,0
B_5XOroVpvY,측면,2
YdGvM93XvIw,없음,0
hyhwI-jaTnA,측면,1
PGWiMU1_Nl0,측면,1
cOmvjhhkS6g,측면,1
QJ447BaOSPI,측면,1
5AvSL_HJtX4,없음,0
J1YCAUAlUBg,없음,0
Te9EuoMHxOs,측면,1
5S9riHW1XJA,측면,1
X3dNYNkm9R8,정면,1
YZIrbmBt2lo,측면,2
X3EDXvtGVEI,측면,2
l6o5bE1WY9k,정면,2
gul64jX1fno,없음,0
1fx8UnFE78I,정면,3
ltT49qUlxDo,측면,2
x9DjW6i4Nuo,측면,2
K74ZeNGlnn0,측면,3
5xj3YruCcxc,없음,0
a7TFXxpLF70,측면,2
0D0JaQAOhsc,정면,1
stJvD18XVf4,정면,1
3m-mxhLU9As,없음,0
8K5HOehr1AY,없음,0
m2dgVYOe7AQ,정면,1
NlaBPYg_S_M,정면,1
rbLt87hqi5Q,측면,3
nlkXso69vQo,없음,0
kydu3_MkiPk,정면,1
Mnp1_uM1ikE,정면,2
9Uey_nawoI8,정면,1
Hm_MyIbEqKQ,정면,3
oBpJw03kpnM,측면,2
5_LGTVy7pj0,없음,0
wgyekVZZjQg,없음,0
DBQCOmU43Xw,측면,2
H5nbGLl4roE,정면,1
Qpgj5svIyAw,측면,1
VfmvPFb3cvA,정면,1
mcFl8Xo1nlc,정면,2
zOF2YwzwLF4,측면,1
qXSoopn3_bc,측면,1
GJGXCcVy6AU,측면,2
hbHC6LHFm_k,측면,2
l87LO3bMMCs,없음,0
f6jHLUU23O4,없음,0
8NLmefnoXM0,없음,0
GsBW9ezShMo,없음,0
PbV9szmLIaI,없음,0
_gUIvN174uI,없음,0
p10PZLrV33w,없음,0
fX7Og18N-Wk,측면,1
eOb1dOW3JSI,측면,1
_nZyW2ZHZfY,측면,1
Ym4OeoV6_U8,측면,1
Oj2oS_7PZHU,없음,0
tTn1ZaFNaUM,측면,2
ayydiM-J7Jw,정면,2
xfdtuH0J67Q,없음,0
EmRKoZn7sR0,없음,0
OVSW9m2NHoY,측면,2
eB5XEEglB_Q,측면,2
4yrUKXBI65A,측면,1
OOBRA2dEQFo,측면,2
-6W7VqSd4Ro,측면,1
OZ88S5PR7sg,측면,1
OicgIztfY6c,측면,1
7inrFtLw7z8,정면,1
R5YGWgX0HgU,없음,0
dMFmxYUl4iI,정면,1
hwizYs0Fako,없음,0
aIdgx82mzSo,정면,2
_dmQFBGXvTM,측면,2
w-1amBKX28I,정면,1
c1et-0n7kSc,없음,0
PcP3Kr2yylY,정면,1
oNEelJ4Q_hw,없음,0
3cayxnKr8ng,없음,0
H--cKpd6x7A,없음,0
BYZ7DxIx61c,정면,1
X03EQdGr9rE,없음,0
n2JatR01tRM,없음,0
6zKHuFbviEI,없음,0
bvkm1Z3nLNE,측면,1
O9X0hm9ycSA,정면,1
yHvGRkKkQug,없음,0
ulYxZ-vpXpE,없음,0
5EqUCWUfZ6g,없음,0
cdhsMU4RUeo,없음,0
DQi_Ak8zesk,없음,0
oTYmcAFQ9tQ,없음,0
-jBXtkSEJFk,없음,0
EJ_J3XFV3a4,없음,0
sk1XhUnHbAw,없음,0
C5K9YRXjmGo,없음,0
Z6snejLlKKs,없음,0
bBwJ9IGiVCU,없음,0
LflHf1MJyuc,없음,0
E5XNn3gex6I,없음,0
QAke_cFfGYo,측면,1
mJo2eedU4ew,없음,0
D1Adkv3hVTE,없음,0
CmL-9npnE_4,없음,0
8JTKJ1SyWsg,없음,0
_IqBNk2CQG0,없음,0
H5-mj-g5lL0,없음,0
R1lvS63dEIc,없음,0
3eugOFigKcA,없음,0
nYcMdaTx4y0,없음,0
8p5fHvihHuA,없음,0
s52plX6XkZU,없음,0
x4vmUVaaW0g,없음,0
73Qp0ziCn68,없음,0
xPozJB4e2tY,없음,0
HTn7UMvGOCk,없음,0
eP2w0jSzrec,없음,0
fGmcE__sbkE,없음,0
M0xaUlqYwYY,없음,0
0oCv7cMniiE,없음,0
WeGV1U1-mPg,없음,0
FxjSmpx_Diw,없음,0
h4hTZu42rLk,없음,0
WgUyKlsfK7U,정면,1
q4RhxVU52u4,없음,0
UcymJ1AvRjg,없음,0
WKxQpCxlFSE,없음,0
3XewFhV6824,없음,0
B2CbDm4eUcg,없음,0
QcAhGWenIoM,없음,0
Gd_axjskHYw,없음,0
hc1_Q9zrlYk,없음,0
yy38pTDlh9E,없음,0
5CnVYVfBB80,없음,0
o85Pmm4LMtw,없음,0
VgIB1eAdxkk,측면,1
Hpv2j1tjqc0,정면,1
fcTPu969KQs,정면,2
WjutdAePN2w,정면,1
DKUEM6SC5tg,없음,0
u-_DiM1yW5Q,없음,0
d9bnD__KqMo,없음,0
LBJC2ccGkA8,없음,0
bhR3KkIEiCo,정면,2
1FNbEwwX57o,정면,3
qBtuQqytJVI,측면,1
kQx0CwMCZQM,정면,1
hQGFgU1HThY,없음,0
8lViPpiaQYo,없음,0
h5Nz1Kkm3Fk,없음,0
pvOFAriiUJQ,없음,0
PqlbDH6nTJA,정면,1
00gRX90st3g,정면,1
yCUgNopFayw,없음,0
Gv1UOCOkCW0,없음,0
LHKlVLkxq-o,측면,1
_wAwtGYuetA,측면,1
XpG-0VnEeMI,없음,0
dOLm6seRFSI,측면,1
KYRWCYFRINk,측면,1
3vXYZqncCIY,측면,1
rlCslCNmSos,측면,2
vm2C2dwN6pY,측면,2
VbFqRWtRlJI,측면,3
5c3sI7AGCNg,정면,2
o7SHPgyyCO0,정면,2
1Pxn72tl4X0,측면,2
lUke0hccimM,정면,2
ubJSGl1-DXw,정면,1
956hl5tk4io,없음,0
E5U2cO_WN_I,측면,1
aI8gr8W-Sv4,정면,2
x1vT5ErETu8,정면,1
SqT4J-iqgrE,없음,0
XpXhI5orAmU,정면,1
tINpQM3LtsU,정면,1
ceUuqpYjxWo,측면,1
Ezd6Sk5YcKE,없음,0
gWhr2QwJkkE,정면,1
kJOAAl2-tZU,정면,1
xr9Qf94r4Z8,정면,1
7cRb6DIIoQQ,정면,1
FDfar0GPmdE,정면,1
CUKrBkBJu4Q,정면,1
JZL8CL3M-Jo,측면,1
DRUV1qbbU50,측면,1
duBvSWL1kUI,정면,1
mYsJlY_Wuso,측면,2
j868hnFU86s,없음,0
qAWFdew4714,없음,0
1n91SjfRwyE,없음,0
lc09kGd4Xbw,없음,0
dFnaxNooLFs,없음,0
h741Sw7s2dQ,측면,2
sFk6SN8NePg,없음,0
f7RFoQ2p98g,없음,0
PrCVzB4I430,없음,0
kN6O4GvaclY,측면,2
6TsxzV9yabk,없음,0
m7rSdwRLoEc,없음,0
mo5M-MCTZ58,없음,0
Sf89o_NRJ-U,없음,0
TiHg03cI9Ko,없음,0
dN-LOzxfOpE,없음,0
gEX-06T_tdk,없음,0
W7CRXwP2Y2s,없음,0
MIZtg2ld6-s,없음,0
gA6wz7CyVRY,없음,0
AuEVcD2NvXg,없음,0
mXAe8wn990A,정면,1
cTo769Yv1ZA,측면,1
eIYwHltovwg,측면,1
Rx4hEjpkmxk,측면,1
sg6M-RvGPtg,측면,2
ewI9fc3kVBw,정면,2
t_p-OcFs2a0,없음,0
ZplLcGG5Ulo,측면,1
Jb7O5iIccUE,없음,0
yT_g_ef6z2M,없음,0
lOn_bsyTOvA,정면,1
pC1R1jqqU7U,측면,1
MvsgXqpFjAc,측면,1
dvJ0-YsHw_E,없음,0
xNNaP5G2r2k,측면,2
w-vTNuN-zq4,정면,1
AP9km3eGsT4,없음,0
dvd8TSUJHmk,측면,2
JdxogIjKQAc,측면,3
L5sPkoDPc_M,측면,3
G1-qH8NOigg,없음,0
eFQQUWMMGEE,없음,0
2YpQdeL7Pyg,측면,3
cwNelylddVw,측면,2
2xIDXB101gs,없음,0
QqU9kn3tk7s,정면,4
wdFivjp2Ps4,없음,0
wyZz-vLO-IY,없음,0
oeaKtbqiia8,정면,3
A8w2SdDrqsc,없음,0
AoM9FFOAQgo,없음,0
nOc9902KD5M,없음,0
L-_FmjBnQBc,측면,2
vRvS6SXfqlE,정면,1
2_5-cI1PnAY,없음,0
IgviT7Vh6AQ,정면,1
-O2SZFET1jk,측면,1
aX4wxeTCzAY,없음,0
CRNWU4hGmt0,없음,0
bY85k0bpmyc,없음,0
0C8InxyUUXw,없음,0
Jn1b0_fbG5U,측면,1
oAyVYB5Z284,측면,1
4zT5h2D1Ymk,정면,1
ZCzfTKD2LxM,측면,1
EwBThkoZ6Lk,측면,2
fa8TXte9h9s,측면,1
Hlq7SLNUgI8,측면,1
Wa621CsXQIU,측면,1
RZoHxxI3pSg,정면,2
L0Jlr5tKJIM,정면,1
HD85Ce-6Bvc,측면,1
DeN4-kjHbcQ,없음,0
4czd40T9SUw,없음,0
jFBfcSDo82k,정면,1
edIZzfwsUvI,없음,0
SNTte95CzgQ,없음,0
hpFHWGdUMLc,측면,1
PWpOBOHQXpM,정면,1
i4TKGfKX_WE,측면,3
xAPgRA841Ls,정면,3
uN1Gg1xafPQ,정면,2
vkDaJARRulM,측면,2
wNGyvDteTTI,없음,0
rn_lobR1KNk,측면,2
ATmXxERL2yM,측면,3
TqupLvCV2cY,없음,0
T_WRSbTAY90,없음,0
TZTgU7g5Ms4,정면,1
38Wg3-y2mjs,정면,1
Vs_kAL6yLxA,없음,0
6p7ckZdUB8Y,정면,1
iKNeCivUCl8,정면,1
hdnrcUuV3w4,정면,1
wb7bZis2FHA,없음,0
z2VckSB7CwY,정면,1
qiPB1CYh088,없음,0
Kunh7N7jWuk,정면,1
NDdDqwHsxWg,측면,2
cCACcPoqS8c,정면,1
dW2dVuQIYoQ,측면,1
pAAI2WlFmcA,측면,1
aa1LFrH4phw,측면,2
3NYPxiDpKtk,없음,0
045RPTggMFc,없음,0
AMjVImPUDoY,측면,4
-tV947WIYCE,없음,0
8L2kPaqGIFA,없음,0
2Zhx9SVKCV4,없음,0
HalvAe5KOq8,없음,0
JsirPQkaQp4,정면,2
JWB7XVho7iY,정면,2
7OscwWbPSag,측면,2
DdLzoYj3uK4,정면,2
lpkg0SMBXGc,정면,2
iu5VSCaU8MQ,정면,2
TwH6zVHWrys,측면,2
S2Z_1duj_TY,측면,2
_YtcZeU2mCA,없음,0
ypv6cP9ss58,없음,0
zu854aXvTF8,없음,0
XsZomMYDMAI,없음,0
ZYT_e4GMmUI,없음,0
tzsze5z-UFw,없음,0
A2F_Te4AlQ0,없음,0
o3NvxcUAkwg,없음,0
PuVkZWoRvas,없음,0
DkMHdF960RU,없음,0
PN1S7Yxdjw4,없음,0
FMs1Vhhcjoc,없음,0
6nEB9VwVsh0,없음,0
8QuEWOu6Shs,정면,2
IMLCqT2y_GU,정면,2
MNT934lX5_o,측면,2
--U1S7J88cU,측면,1
CTuuTKrLzo8,없음,0
Egy4X48Mz_k,측면,2
RdyTrsluGjQ,측면,3
OMllWpi_Hvs,측면,1
jSV82lUYJEA,없음,0
XzRrKFQ2q1w,없음,0
2XQ1iKTH8e8,없음,0
P9G-CD7u9qY,정면,1
DAw2Eh7HwMY,없음,0
IbABZCFfYys,없음,0
zqXlX7PIcIs,측면,2
H2NWaD-zMeI,정면,2
3av7iZiCVxE,정면,3
VLGugowZ1Ao,없음,0
BbYJth9g9I8,없음,0
aSX53og16Is,없음,0
dJraArK-EQM,없음,0
q5wJ1IOz_ZY,측면,1
YzjGyVOZQIQ,측면,1
qwW9ljxdEUQ,없음,0
RebHNKsTHzg,없음,0
PSS2aRbxqQw,없음,0
g6v3zDlLCQE,없음,0
Yr8awCuUQ5U,정면,1
Fa9qHPQ-fSU,정면,1
h6K959r3sRg,정면,1
-LW3LbAGDNQ,정면,1
8GAIz0JQB-g,측면,1
f5L2E8_dcq0,정면,1
3nniET7sxyQ,측면,1
-GsShTfnPX4,없음,0
BcJ5tlox7RA,측면,1
w95XgEIoShE,측면,1
a36XrvMTiYk,정면,1
GelTPMr7iO8,측면,1
k1PPKZ3zzmU,측면,1
849d-Z7NQ5o,측면,1
3-aW_BOQhL0,측면,1
8NpepDe6j1A,없음,0
1CxFvuTtc5g,정면,1
FmBEwcVLAvI,측면,1
HIQbAHQXl7A,측면,1
oaUHQ44brjs,없음,0
VfZSU2_I514,정면,1
WEb3e2CzVNc,측면,1
XXulZoHvz0c,없음,0
BWUEXSLBi-4,없음,0
U30u2bdcO5A,없음,0
VNYwRyGYYrk,없음,0
akUB16b5jYg,측면,1
W5rkjkTrvB4,측면,1
IY3NaAuVg7g,없음,0
dTsCOh1NHPc,없음,0
R-wkZsSmugc,없음,0
eLxnhkRZbVc,측면,1
QdiW5KybC34,측면,3
hECYgjkq32k,정면,1
ft9RP8tStqs,정면,1
yoByAl9zros,없음,0
f5SCowy6RaQ,없음,0
oL6297yo5lQ,없음,0
N96VQkE-PsY,없음,0
bvlFM7fCOQo,측면,1
CYpJdMB16DY,없음,0
k7DNiFGPGHw,없음,0
u7SeOPOKXRc,없음,0
Wbc0iYOkpy4,없음,0
2tPCkfC3rUc,없음,0
xNb3HAmlgeY,없음,0
Fc070mUpmzI,없음,0
e3BQqFebUeA,없음,0
3cQa5WUEBH0,측면,1
qtZeTEUkx5Y,측면,2
ePKrGqmjDQU,측면,1
2XJn0wJnA18,측면,1
_eYR2IilAZk,측면,2
UrFSGqOuSPg,측면,2
70Y6ZqBHGPI,없음,0
SYkEWLNzjf0,없음,0
EnSdW1V3Msk,없음,0
ePzYhyldeMU,없음,0
UwWECtrEt8Q,정면,1
awkFdAz66sA,없음,0
xQP8nXdQyk0,없음,0
6sMAwfv4bOo,측면,1
ZcrHNDslxhY,없음,0
jje7Ylzkmq8,없음,0
sIYso0lb74g,측면,1
7mzhq75GW90,없음,0
1v2-nQIfiPA,없음,0
5FCRKAmbZuc,없음,0
YR2qgWHls0E,없음,0
-5_QoKdvLbg,측면,2
eA50Byk0UWw,측면,2
9Zu5fX3Tvlg,없음,0
51-8L4zBnDI,정면,1
ePX6ry4k1Xc,측면,1
B2BpkTmC3ZM,측면,1
B1qfEM9WAFc,정면,2
xdJMgUd3MhI,정면,1
ZUqysNT4N_M,정면,2
hc-OlJB3KGM,없음,0
NuwJL1DmWIc,없음,0
wO4fl-5uxao,없음,0
B6z5Q0Y8L3E,없음,0
zgVRbP2fi4I,없음,0
acUQNRQVGA8,없음,0
r68OgkU1eYk,없음,0
z8AqEOZY9wY,없음,0
i95Tr0sjQN8,없음,0
FT2mrxMsS5k,없음,0
FAnxU4Nus8o,없음,0
UB-5O5Z2kh4,없음,0
CyOI_6LiyAY,측면,1
UmheA7KISBU,정면,4
1Ixh5g-jf1U,정면,1
37gfanJ_PsQ,없음,0
ghzYNo-GuSo,측면,2
7o_HwOwgrak,없음,0
d_JSOTkqQbU,없음,0
0Af_c5BGieY,없음,0
Mm9pNFMogi0,없음,0
quYbDhoSlCw,정면,1
5kugJQUyORQ,정면,1
yWKo9m05Tso,정면,3
SLkM6hENTnU,측면,1
Ad1NW9ndn5o,정면,3
Agg_eLs_M7w,측면,2
acT4A2cLiwQ,정면,1
kRZvrvK-oyM,정면,1
4aWIqjPHdaQ,측면,2
Tl6fKa1r6gA,정면,2
bymWrpWPE4g,없음,0
Nv_73VJy9s4,없음,0
FqHOh1Rb6C4,정면,1
M9YRpAP691w,정면,1
9b-S0zBlstc,정면,1
V0Iof3sI2lU,측면,2
QxPu385HQ38,측면,2
PPakv4IXYMk,정면,2
NlCCL9YrMzo,정면,2
hQES3BqEUio,정면,2
-ccVt52oGQo,정면,2
IZu_sTo9I1k,측면,2
ZRhi4AKxR1M,측면,2
FDnohnhbxVE,측면,2
zI6XiY7N9us,정면,2
xlygXNp6URw,정면,2
Fh8KYVOD0uo,없음,0
abC_4Vbid-s,없음,0
Mvi3V__TlnQ,측면,2
aaAiXOLS4bQ,정면,3
F9IP53I2xok,정면,1
E34pFaG-i6Y,측면,2
lJZ37tcbqYo,측면,2
QByB2no5Sek,없음,0
JH4kZqjc8vM,없음,0
x_K1NGJwhaQ,없음,0
Op3x9xWGmPk,없음,0
sGISG7TMEjw,없음,0
locYAJLlayU,없음,0
QpsXKjts43k,없음,0
cHAlS-poBwk,없음,0
-Qv1c-3CGLQ,없음,0
CRcO_IUoioU,정면,1
BZCHP1X7I7M,없음,0
E0_eXcvUIao,없음,0
S6uULexPAF8,없음,0
M8wjBqsvVvY,측면,1
Jp3MF32fzyc,정면,1
8BGBPaME1aM,없음,0
u2nV4e7h1z4,없음,0
W9NQ006imjM,없음,0
Xx4VsRdbbxs,없음,0
RXEr8rGGmcM,측면,1
dSJTclHiOZU,측면,1
JhX8L27_M3A,없음,0
fN--tPIEiGw,측면,4
KuiTpSqif3A,없음,0
Pu1Bgx0ek1w,없음,0
AqmtwC0BSfg,없음,0
Ihq0GUMWins,정면,1
1I7Rf9PspBs,없음,0
K7k52iXEApU,없음,0
gPivXzoiGHU,없음,0
cmmLusyxHVg,정면,1
xA-ePG6WqH4,정면,1
hq9bSExIWU4,정면,1
tRWMz8utY9w,정면,1
ZYbJQtknOk0,정면,1
EwrhHZQZgYY,정면,2
KjU67IP_MPA,정면,1
t3P8nVqPALc,정면,3
lm5-QNjFtow,측면,3
h5XpvToW4N8,측면,2
y5q1egTOIb8,정면,1
Z320bYdFJmY,없음,0
hoWKIxMlWxk,없음,0
CysPZKSuiew,없음,0
UICAwnHMI3A,측면,1
PDiVklaCENo,없음,0
PeRUaTVoTJ4,정면,1
NfjBAlCAoBg,측면,1
Bq7cmRAknpY,측면,2
oRAyEnlloOA,측면,3
vqZdKU0m4pc,측면,2
B7RW1TkF8g8,측면,5
gsYda4yIAg8,측면,5
zrc43dwT1Y4,정면,3
8z5gPlIy3j0,정면,3
AtIfW-5CxGg,측면,1
xP4uvrbpKSg,정면,1
uZl2OSGNGFQ,측면,1
U2wAyLCuSPY,측면,1
QPiTOhxmt34,측면,1
L1IPPVFnqJ4,측면,1
c7i4aEhreQs,없음,0
H8G5-N6TXWA,정면,1
lzgcFYeuc2I,없음,0
xSDtSj1muuk,측면,1
fhoc3bsWrY0,정면,1
fD74roS4aJw,정면,1
qjkosA-wE5w,없음,0
xH3geQ4UcNw,정면,1
0Khox0YjytU,정면,1
aXhMzcb_7DE,측면,1
1GQsV7Ml6T8,정면,1
I-AYt3CNIkQ,없음,0
iFEy2mxixjU,측면,1
xHDJO5qFccY,없음,0
jymdKzbWCrI,정면,1
TnPCE11WiV8,없음,0
XO1PX4IBjvU,없음,0
VZCyE2VHNAQ,없음,0
1ye2svShRSc,없음,0
yaUBq8IeEpA,없음,0
rNmC-Ca5-Rs,없음,0
yXZvu8HU_4M,없음,0
SFGfvBL6jUo,없음,0
6i9F590gZFo,없음,0
FNDNvRUqdBc,없음,0
K9DqdzsjA4A,측면,1
ntpa1NPBnwg,측면,1
P4i5-X8s-nw,정면,1
Zp1NpUxHlww,정면,1
6SWKhY1h6VI,정면,2
TuBoZxHIvrU,없음,0
_iFIqnN8S0I,측면,2
zUbV1ZBEwG4,없음,0
JE9hKoInKQU,측면,2
I_qkZbMmyJw,정면,1
lKBlnfQiO98,없음,0
P3dpoZPfaPw,없음,0
E9DbMMwiAHU,측면,1
GhTBnGfdmXU,측면,1
nsUMn02humo,없음,0
EfQBU7bSv5o,측면,1
_YMOx3hMTgU,없음,0
wr3nLH-V_yA,정면,1
xldO39ZSyVE,측면,1
nprImqMYPEo,없음,0
48FfaHjWdp8,없음,0
WLK5i2Wu0go,측면,1
iMPYYaLxANE,없음,0
o_V_UaRzCFg,없음,0
paY6yrZ6qmo,측면,2
0BVIqnOal34,정면,1
3Qdto9pVKWw,없음,0
iGWns0bVUqs,없음,0
6begNsXBDWI,없음,0
l_QnK6U9dZc,없음,0
eg5oBai_A-Q,없음,0
eKgMAgkaMo8,측면,1
Mt5U4g3uRek,없음,0
qo89A-XUmrE,없음,0
xUdvdOGEfR0,없음,0
DEPyPw7gwas,없음,0
0n9DB4lqRG8,없음,0
KO3IXCsvgr8,없음,0
ujanewV56Qg,측면,1
fbNoBlKz_0o,없음,0
4iYFnp4sCLQ,정면,2
IGc4NrvsDik,측면,2
OTbyDnFYwXs,측면,3
houSAtx0rWs,측면,3
E5bRe-rng3Y,없음,0
4S141noqeKk,정면,2
QQAkpfMATto,측면,1
LWoxHINta0E,측면,1
63oBduWCVxM,정면,2
U184n5jCPZg,측면,3
dfW_GV3AScE,정면,2
ZMypfqLo94w,없음,0
ZyGmo8WIB6k,없음,0
UZ8vb9GVdAQ,없음,0
qEaVo0BRZA8,없음,0
BVBYlmre1XY,없음,0
fjWmvz1pak0,없음,0
0T5Po6b2TBQ,없음,0
ZNG6dc1r3CA,없음,0
zkwiRbtiCQw,측면,3
NYsFPtIRsgo,측면,3
FDITq-gOmG4,정면,3
bmsPPHu_EqA,없음,0
TgFDGwo5wPc,측면,1
mw4vgpu8-zQ,없음,0
1BMDixSOyLo,측면,1
bfLUL-Q64JI,없음,0
nxR6sQpmoNc,없음,0
Uc-yvtvrmUM,정면,2
iEd6k6OWmmA,없음,0
HIqTgK0Nc40,측면,1
Jpe02hFrTyA,측면,1
KnZkeweyfH8,측면,1
wiMfsElB2sY,정면,1
NWYFuXqzbkQ,측면,1
ZryBbNsDS5s,없음,0
Gy9aJg1uYMI,정면,1
0d4DBPBuvMI,측면,2
ynlZHPRMp3M,없음,0
lBl1z0PoCCI,정면,1
DIku6AE3-EE,없음,0
rRTNS8lCf9U,정면,2
x73KnI9Pt2w,없음,0
go3BXCY-8b0,측면,1
_STBClJN4SI,측면,1
Si5eSDM31xI,정면,2
rvGJVdaoUPQ,없음,0
5OA7rkmWkag,없음,0
4hHmoV77tiM,없음,0
Dr2AuWZ5hro,없음,0
TL7v1ArlARM,없음,0
_L8QModusl8,없음,0
FgQODYg_wgM,없음,0
tjz0gWcJwhE,없음,0
dI7X8Oajj-Q,없음,0
h0mdOQ0ilNc,없음,0
IcqtGIdue_M,정면,1
HGcme8_oA2g,측면,1
5t5l4mOiTn4,측면,1
03V_v1-4BPw,측면,1
nmBBLqgZyJE,정면,1
1EtaT0edlPc,정면,1
JAslfqIWU_I,측면,1
d4V5Jesht0c,정면,1
YBABLV-NH5c,정면,1
MeT_fbBoNpU,정면,1
AHFRSp7k78c,없음,0
3L9UuZJD3Gs,측면,1
EpYqJ8nuGCE,없음,0
w_XLaomfJ8M,없음,0
eNp_KJX8eOc,없음,0
z8GRGzC5ooE,없음,0
vhg8k1lexOY,측면,2
1HCReb4ecso,없음,0
h1GdVQuafCk,없음,0
F5piKX3HPC8,없음,0
f0aEr2ykcy8,측면,1
alA6a__WMF4,측면,1
knLNh7mGLDk,없음,0
_V0lBFkQww0,없음,0
lZWsCBYwBLo,없음,0
xuOCpy92LJk,없음,0
GKNV0UX3dIU,없음,0
2haQ0qtAJB8,없음,0
rrQ3rjnfrCg,없음,0
jvMqpBiLWcI,측면,3
WAITAAJx-b0,측면,4
ODhJWtUXCow,측면,3
EdG4lzeECH4,측면,5
ckpefZgt_EQ,정면,3
nUSUUvu47mo,없음,0
4uzN2qlj17c,없음,0
DQaWHwRSZy4,없음,0
_DcTgwa52Qc,없음,0
oIQK28hfsGA,없음,0
Iab11RTMizk,없음,0
NWfCIOGttF4,정면,1
Jtf5SIXjqX0,측면,1
DNUUnXlnAek,없음,0
8VcvdSctMPc,없음,0
lPPlpc_XH_s,정면,1
kW5x0uq-jhM,없음,0
W4nVARFGpaI,없음,0
-8NrqM33ypM,없음,0
K2BgSBLC9iw,없음,0
SOCfYkjTyV0,정면,2
l-wkQwlF6vk,없음,0
PDFraO2ZP_s,정면,2
Bzhpt5dbnLY,정면,2
IJoRW4bum4Q,측면,2
rwYwuvYGlPs,측면,2
zLjWrH9_Un0,정면,3
AMBhQVl2Hb4,측면,1
VKpBRqbEA_k,정면,1
EynbOLEhO10,없음,0
BeILJ5KDhEE,정면,1
Uowl7ufZZ4E,정면,1
xqlqXjycF3I,정면,1
6jWxqMrV1-g,측면,1
V5rOm6dBfFw,정면,1
XwX3Axch7mM,측면,1
gHxJUfbawRs,정면,1
UB-g4URbt_Y,정면,1
vNECxnf-230,정면,1
Y4XkYAtCyjg,측면,1
f634_njyW8g,없음,0
u_RRfX0n-L0,없음,0
wjC-qgyOdug,측면,1
LQOwN0xtm54,측면,1
7M4YHLP3hEE,측면,1
vfq2rrSjweU,없음,0
1v5fA0Ce4Wo,측면,1
Ght1vcCpOFI,측면,1
YMFyyolOQr8,측면,1
BDMkfeMRaE8,측면,3
QisJWXJuM9U,측면,3
K0Bzl9Lopgw,정면,3
I7CWaJQobYU,측면,1
NS3ujcS_ICI,정면,3
vOyWld8EUXE,측면,1
W51kUy5AgRU,측면,1
r7htT8KbtWI,측면,2
5bciKMcAvTk,측면,1
P4TZtQ2-M9o,정면,1
ya3qJa_8Scw,정면,1
JfSl7fiDd5s,정면,1
X18gqFeeOGg,없음,0
4wubneGCvS8,없음,0
5BmKjHS6xZk,없음,0
R8D7PbXDkdo,없음,0
pF2S1vQQq5g,없음,0
tYhJzB4zuig,없음,0
VETk_E8vBME,없음,0
uUiTojUSzJU,없음,0
h0dJxsz5PkU,측면,1
V5a2gfaIwKM,없음,0
4_QsPPh8mkc,없음,0
_Al57VY9UBg,없음,0
nv2dXz7_CqE,없음,0
X3ubQGGSEqM,없음,0
_b2G7kIi_dw,정면,1
cyQt-zbIp-I,정면,2
RZt5asDE2Vc,정면,1
6ap784z3-wE,측면,1
6qA-AIg5zyg,없음,0
r2OlJTSVJC8,측면,1
0D2cBT50ZFc,측면,1
B_DDLWQf-MU,없음,0
POg-bktsUqY,없음,0
RBNSG9qbEKA,없음,0
DshZaLf0qSk,없음,0
CuNzatJzR64,없음,0
VG1hn--JEZQ,없음,0
TufOyFnlSKE,정면,1
M6iRJagbPG4,측면,1
2FKiwPPK36M,측면,1
euQ0PbveD7U,정면,1
mQNV59ZuaY0,정면,1
q0N4ErAti0k,측면,1
VGlLlknVqGU,정면,1
3hWNTlNGlb8,측면,2
fOo-SmmE0V0,정면,1
JF0HUwtO7O4,측면,1
efuu3aX0m3E,정면,1
4srq487ZdFA,정면,1
jn0Y7kxG7HQ,정면,1
ba8l9f8p0HU,측면,1
F5wrHFuLaoM,없음,0
7K-Ce0Ser7c,없음,0
OUKo9oeLRkU,없음,0
6M8ghq7lL1A,없음,0
ukZw79qUMno,없음,0
-w_Ad72Lm4w,없음,0
CqdC3L5O9Wo,없음,0
CFzX8vBTZXY,없음,0
L4OfYGUYMHU,없음,0
MRrucw3VUYA,없음,0
P5Qc9EhGq68,정면,1
AqefrprBYPw,측면,2
ias0IzrzFks,없음,0
9hiZ5CwLtkI,없음,0
HPTAudsV1YE,없음,0
DA_MSaeJkFw,측면,2
vbN3lI2oSt8,없음,0
21pgkXwVjzs,측면,2
p26rEyBefvU,없음,0
gseG33XCn1E,정면,2
yZIXF6H3i8I,없음,0
THTVfd9EO2k,없음,0
vG-SpD1W768,없음,0
Va5FaRAMZ8s,없음,0
1ZKxtkRgxpA,없음,0
YGdX9KZqM2s,정면,1
lR5lIqvPknY,측면,1
GyPqbAV9Gi8,측면,1
zq9kyCoMHwk,측면,1
nYqFYfYjdRU,없음,0
5NkSbzul_wM,측면,3
ZMmhvs-y1Cg,없음,0
FSJLYZILbsI,없음,0
448R17M69Ic,없음,0
OBcEQQaznPU,없음,0
_Tb3ltwJ3-M,없음,0
v-5DneRR16c,없음,0
i139UIdpU4k,없음,0
YFnOdMRKIfw,없음,0
dB2M_gVrs98,없음,0
l7-mTKqDx3Q,없음,0
pQ7GlFXXOlY,없음,0
eKkO9UZ_LAY,없음,0
R-dwIr8ZdCQ,없음,0
T2w7EOCXUOg,없음,0
ZN0s4Gaw6eA,없음,0
JhVHRqKucR0,없음,0
DqHN3wBakeI,없음,0
Yyjkx4erUpA,없음,0
PU5UJ5Vugrw,없음,0
pho6lHR0z0A,없음,0
sLeyvQfwnH0,없음,0
xv52A3zRNaM,없음,0
wrhIHAe8-4Q,정면,1
vMEEJn1cnt0,없음,0
k_0Rb05eIy8,측면,1
SEHc8lZoJOE,없음,0
tTfIkMfBqn0,없음,0
G_iH7Sq_mao,없음,0
_BHiZWXYoxA,없음,0
lNSuujCOApE,없음,0
2oUuDVdeBWM,정면,1
sNT05DwdluU,없음,0
2Zu6t7ZJIa4,없음,0
7SzjZRonBEM,없음,0
LJF3gZAZ2-g,없음,0
M-FrOedsXig,없음,0
L_sGsFgql00,측면,1
UtKfdmFWqmA,없음,0
rXKYrO79OlI,없음,0
KqouwyXsW6A,없음,0
l9tkYDmrGLk,측면,1
Zc79mylwcd4,측면,2
_ZYz6GhCyMQ,측면,1
otXX1qK8mlI,없음,0
uDTGbYM91KI,정면,2
liwVXKAaRak,없음,0
r5alH4WWf2g,정면,1
wW51pVAPXA4,측면,1
PMJIgaPoo00,측면,2
RfldWQ7FpAw,측면,2
lHcKfm3HRAY,측면,2
wak2ocghk5o,정면,2
tRppzn3dtK4,측면,2
mrFgT4Kp7s4,측면,1
sNu5BguHh7o,측면,1
yg0DSTet2As,측면,2
2Ol6X7rRhMM,정면,1
pD3_A2bRziU,정면,1
eohT5z11p8Q,측면,2
45Vj_T19mBc,측면,2
ENS0Q6vec9s,측면,2
rD2IgMjuLzg,없음,0
4dZULX05x0Y,측면,1
md-jLNnAbrw,측면,1
YdlR0sMY36Q,측면,1
RearCtU611o,측면,2
Kw7Y5DV1GCE,측면,1
w0hH4VNR_Tw,없음,0
TCjZU3d_kQs,없음,0
rA-rQwLJG4I,정면,1
11fHmB9-8Y4,없음,0
DTiAS9oSc_w,정면,1
X2T58_D_Gqs,측면,1
WYbTJNPr3V4,정면,1
aUWJl9nwhSI,정면,1
23BwOdfaIwo,측면,1
33NyyDF0bCg,정면,2
ZU11Xcp8Ndo,없음,0
uSZXzuS4RkE,없음,0
FtaH20y0LBQ,없음,0
dpdAA3IvlrM,없음,0
4WvVHQ980DM,정면,1
U8PSy-9e_ug,정면,1
V5Rmp3JNJZc,정면,1
cgoeZJo1YYg,없음,0
5G2_B4DnX9c,정면,1
M1a6OusaUcQ,없음,0
5CL-FbES6zI,없음,0
7v57YaXMPdk,측면,1
W7Jp0PwoaEo,측면,2
bwf0vKhFz1c,없음,0
zqnsZnLG74M,측면,1
_1lopl8lPO0,없음,0
MlPQ-qx1TX4,측면,1
YeKsauAWheY,측면,1
Q3Qtq8p120I,측면,1
R6jLRyQ5pbg,측면,3
g4IX-7BUaXo,측면,3
YF1pYvsB_wU,정면,1
taT4x7o5TUc,정면,2
kUrLDZ_mj-0,정면,2
SZJCd9h0R6Q,정면,2
ZlPIKNGFkaM,측면,1
PW4KMuBXGH0,측면,1
zFEBRE25QKk,측면,1
e8su8Ko_ZDE,측면,1
qnrXGgiJFIg,측면,1
2tZ8Zzf2t5g,측면,1
mOP5Uc8X87o,측면,1
ZJcFLngixUw,측면,1
Q3HMPOyA4OE,측면,1
4lJ6R5vs5sY,없음,0
noMw5MBeC1Q,없음,0
k4XfX9LTf1g,없음,0
olxk9d9AIkw,없음,0
GFcqLl6bIhU,없음,0
pwBDoNOmHVs,없음,0
Gg6cMAuiqV4,없음,0
ZKZNK-9J0Ys,없음,0
oxYYcrYFRnE,없음,0
iv1sGiKPywY,없음,0
TRUmVGNVfsc,없음,0
fmOBD07r_Uw,정면,1
HdD5Aphep9Y,정면,1
sl5Fk84R53s,없음,0
rH8JCQPWMS4,없음,0
tTC5M74nAxY,없음,0
BNMQJoZcXec,없음,0
DazkcoYXGQo,없음,0
S9p8ZBEqmtU,없음,0
r6xlDKMj0fQ,없음,0
PE2X8IOjzbk,없음,0
zNaPmiaetIE,없음,0
gb9oJI3FdQw,정면,3
YjF4uT9AZH0,측면,1
EmRjBDOMIzI,측면,1
BM0dXkN9FSw,없음,0
z7ZWU1-PHJE,없음,0
Ah9tjzbE534,없음,0
J1BSU-_G5ac,측면,1
tFDGBRW2-kA,정면,1
etS_iukmp74,정면,2
_SOl97Dvxdk,정면,2
2JTU6KdTA_M,정면,1
nz6VKTt6mPE,측면,2
wK1xEsfI-CU,정면,1
gIJ_eDQookw,정면,4
dngP0N_PkVw,정면,2
Ds6lmVc0mPw,정면,2
gqK6iSrXnW4,정면,3
0cdbD0EMoy4,없음,0
z2zQK5Szr_o,없음,0
l4Ufd5uK5WM,없음,0
EqEtQGa9wHI,없음,0
_G8v1Ywd4g8,없음,0
KKWs9i26LdU,측면,1
KIOf2KcnIgc,없음,0
MFu5PLOAzWk,정면,1
CCt_0EoVR9Q,측면,1
cz0P6kuDOb8,정면,1
v8QF_OJxlF4,없음,0
Y1jJyHLGf3I,정면,1
LQk45_297ek,정면,1
u-_Wj6KnX80,측면,1
efulKG-2WHU,없음,0
Efi6sPCUMrQ,없음,0
6BvgsZt2ljI,없음,0
78U5qXmj2Xs,없음,0
oe1YEMo1dUs,없음,0
Qiuwk5TDUlQ,없음,0
soYyt_y2i5o,정면,1
hyLKlLzSjVc,측면,1
TaOCFY3GVQk,없음,0
RQoykoJRVUI,없음,0
pAxtupaRmVc,없음,0
IKcZpv6lfIA,없음,0
4IHvIif_uE8,정면,2
fu6vlY96yZA,없음,0
Lv-UShGHHn4,없음,0
7M1Q9GMMrUQ,없음,0
LEULDcIxn4U,없음,0
rS4quoKLBjg,없음,0
rgYzt8fUDY4,측면,1
bqCldLszUFI,없음,0
87INUP8LGSA,측면,1
7vLlh_CHRaU,없음,0
mh-JTlD5_5A,없음,0
gtMoiKxZ-FM,측면,1
6iL96LtvgLM,측면,1
h74SIZ8mmCE,정면,1
AXCclBUt43I,없음,0
8VgtDGp9D0E,없음,0
lJaU-ShLbdI,없음,0
PpSJzIeaap0,없음,0
4_lu2G99e4Q,없음,0
db4mKnWrzoo,없음,0
qnYdrvQqBQ0,없음,0
Wm-713-SFyI,없음,0
01g3wm7d_0U,없음,0
q67Q63Vynig,없음,0
odw1xv5HbVk,정면,1
D210EzqZARQ,없음,0
m6RlxWFFoEc,없음,0
sffdXCqTyiU,없음,0
TQyGwJvJbxU,측면,1
z1grZ4Ay8r4,없음,0
RXs4xhSzsEs,측면,1
MkpR5REsStE,없음,0
Bq7N0bPf7tM,측면,1
YwV8r3LnFcs,없음,0
2OZQo9rV0Qk,정면,1
BzzX5OIifh4,정면,3
9f7MjJfYx0k,측면,3
HimzxwH2D5M,정면,1
Q-AFSG0szOM,측면,3
3Nc3aY7ke44,정면,1
Z06jbQW6C38,없음,0
BFUNVI0pOtw,없음,0
98Kfx2ddFhI,없음,0
UmVdR9oHCEg,정면,2
gOpPWK5kLjE,정면,2
xYo4JzmQyVg,없음,0
cEVGMC_O7Rc,정면,2
ydBuJnyMa04,정면,1
16CCPcb3cUM,정면,1
QAN2U42N8co,측면,1
lgnwTBO4EWs,정면,1
Ul14Xa9rX9Y,없음,0
3g8gn7y5AwY,측면,1
K2_a0S1DYNE,측면,1
HY7TFGO-4PQ,정면,1
Dvt91Mcec9Q,없음,0
qLtHlrWvCfc,정면,1
y8HelOiCUMM,측면,1
mt8ZACxHqhA,없음,0
B_QGxD3Iu4Y,없음,0
tqTgcDuTeIg,측면,1
4rL1yMOi5io,정면,1
sriF_uMnKD0,정면,1
AbRPQ_mbJho,없음,0
sxVjSkbPips,측면,1
L3d65lz7NOs,없음,0
-d1Y8HXByz0,정면,2
AtuSRbce32k,없음,0
NzFQ2KJ0PgI,없음,0
W5ByBeh6Cng,없음,0
lwAJqDqJfGI,없음,0
XCtHwGECWOQ,없음,0
KDvbkQhHFoA,없음,0
l7HdCjHlAcQ,없음,0
Ek7MmeTMYb8,없음,0
_r6X-820Z0Q,없음,0
bmCxlnIri8o,없음,0
l2Rqx54UXdU,없음,0
5c1WcisHwkM,없음,0
Ce2-wJL32rk,없음,0
a7gzOd8sFAw,정면,1
eBC9sJ8QHgY,측면,1
CawwastVpiI,측면,1
TCBkvWBfvA0,측면,1
paR3B1Gk2tI,측면,1
oNiYoJTl57g,정면,1
P0e364Q4OJE,없음,0
i_YeJN5e7WI,정면,1
lI447l3Ixo8,측면,1
_Zn2P1EI1Tc,정면,1
g1jL2zqvKro,정면,1
F44_TKFLEtA,측면,3
y4akv2PJ8eg,측면,2
_FbBEuDL-Do,측면,1
SgdKQB1OGms,측면,1
hTR2vF6xlXw,정면,1
bXN0nndoRv0,측면,3
NQgqY5WoPZ0,없음,0
UdiSzMnV_Yo,없음,0
lvOvVzYhFSQ,없음,0
fCqOpnI3Flc,없음,0
AADbsv5JkCY,없음,0
rmNs1ORt57w,측면,1
8hV5JhTspjI,측면,1
nQOsRsm6zA0,정면,1
1Q1iV-I3tA8,없음,0
VXE9A3F69LM,없음,0
WusJWWhoMIA,측면,1
blBbqYTUxJQ,측면,1
XzwBo4Ob5CQ,없음,0
9Ci-002zRj8,정면,1
AURBQ5AJkcg,측면,1
viAyftbTWLw,측면,1
xw1L1EhkUVQ,측면,3
jvxQjYx9wWU,측면,2
HJu8hMwNXzc,없음,0
LNNZvo9kqMA,정면,1
D0IWsKorKvY,정면,1
eMnZElPHU-g,없음,0
dABrRG-lO98,없음,0
MB97E8kmotE,정면,1
AtgXgiC7IKE,정면,2
WXGKHOsYpBI,측면,2
t_eNBGHEcBA,측면,2
NBWXsi_hR68,없음,0
628sLSeelYM,없음,0
810j4iwiYX8,없음,0
czvRx1Jdf6E,없음,0
nmwQiKMN4Yo,없음,0
dBT3C74zpGE,없음,0
sDeaf_Cpxns,없음,0
wnKA5iaj7jA,정면,2
nefpRiEDXkU,없음,0
Mj3rooC4Ibk,측면,1
XhAx26v75R0,없음,0
GxgFUYiFQ44,없음,0
Nj8HqXzUN6o,측면,3
asB9qRXbZo0,측면,2
Yg5ZtUGvrLA,정면,1
Dkj0FaOHxfo,측면,2
74q0Jixa5DM,정면,3
bYjC-PekGh4,없음,0
cA6k0Ko3MjU,측면,1
1ZJqXCWqIvI,측면,1
9v4ob7Mvi0U,정면,1
d11Uh4UYXEQ,측면,2
wZJ84e26d7c,정면,1
eH0P05i2x8E,없음,0
iVgJjOFhEj8,정면,1
k0CM299X2PI,측면,1
KXwqhEfVpWk,정면,1
gPp7ISh4waY,측면,1
kEHzksgLjE8,없음,0
Bp9robemiew,정면,1
01YFfoUHZSE,없음,0
FfFr3GqRGNE,없음,0
q0SNRN9wvrI,없음,0
2Sv2GWvLZ48,없음,0
nIVLyn1osRw,없음,0
dwlwq5KxRo0,정면,1
WT79nXrgg64,정면,1
qe3jhTh-bA8,정면,1
iQOx3R0S_K8,정면,1
q94vbWDXs5I,없음,0
18yf_WJjpoU,없음,0
wSq5mU_Jw1w,측면,1
jqmg_i0oJPE,없음,0
FCH10q48YL0,정면,1
vqDjnsODYDk,정면,1
EDrnUKsJmXk,없음,0
n2YvCKdXVIA,없음,0
sOv-ffWZ5-k,없음,0
g8LKnP8sv-8,정면,1
0cUp77Yzbbs,정면,1
nZYcsSY85d0,측면,1
STBN96UpnSY,없음,0
umtKy34kIeM,정면,2
5-LpxwO7Qg8,측면,1
Ed0wxNnwTC0,측면,1
4FA92hidywE,정면,1
-34ZThXoWxQ,정면,1
stkBs1g3y6g,없음,0
u6eLNNeMZsE,정면,1
LWVp0RMj-Q8,측면,1
-Z13YhNSkqk,없음,0
yr_6_VXtkEw,정면,1
7nyPoksuuyA,없음,0
kasXQqWsbq4,없음,0
10RJSpLJsuw,없음,0
I6BZEtmQajk,없음,0
xm9U8Iq5X5g,없음,0
VeDpC8eJYbE,없음,0
QVhoBMJbev4,없음,0
NPLWWBU4Hj4,없음,0
6mxcZ6C6A20,없음,0
wSNnQxOfJGw,없음,0
OoLie--L6vY,없음,0
2WD2WaLyk4Q,없음,0
2CmT-dx6TZs,없음,0
3qKGTWFfDsM,없음,0
bHFXprLGJDE,없음,0
9zhwRqTBjrA,정면,1
Tr1HygI-Q2w,정면,1
Xy9Ad2JlLr4,정면,1
LByI-DOTbl0,정면,1
Fqg2AUC7lfg,없음,0
H2I9DB9MeoY,정면,1
rmJvLQyghL0,정면,1
NNelxlW7nzc,정면,1
s4vGu_dpa_M,측면,1
u_IUgkQdvVE,없음,0
819GY4Y8VuQ,없음,0
UxgygBC3VZw,없음,0
CCpVq0NGPjY,없음,0
xFSltiTQNgk,정면,1
Q9fMJlssPKY,정면,1
yyGIimACsVo,없음,0
Kr0bHmuEdao,없음,0
j127IIFXWvs,정면,1
8oPfI3w7syQ,없음,0
9ZVHdPQWCyA,없음,0
1zeRQHQhwHo,측면,1
dXqe7CMTDEc,없음,0
OUncrP54WoU,없음,0
iQdOag7LGsQ,없음,0
h9nQKu_MsjY,없음,0
Ypi94FMlGKU,없음,0
u9ugD2Cptjs,없음,0
92XNcD3M3eU,측면,1
v0mhFX2UbeI,없음,0
Qv4GkPLsinc,측면,1
2WFOQNIMEQI,정면,1
i81PMZgG7Es,측면,1
6DShmNUeYXI,정면,2
eh5fRHr-ULk,정면,3
6jL-rjAMpIc,측면,1
t6V2mfi2B-s,측면,2
-hbS8A0zyK8,측면,1
NV4IZVI_Jg0,측면,1
X1G-qMcl8m4,측면,1
4_mdvW3M6IA,없음,0
PUFr29Jedas,측면,1
TtHhEC9qDnU,정면,1
naTnzCJVc38,없음,0
jn75slQM240,없음,0
EH-KffQBTN0,없음,0
A3SwFv_vdTE,측면,1
qyNzz85XHd8,없음,0
GvjWP3NHkIQ,없음,0
ywMXVXYZfqw,없음,0
iG4h62Ha0No,없음,0
Eos8KaAdYr0,없음,0
T5VzEKU0sDc,없음,0
pYTofESWT3Q,없음,0
sSGa2ij34K0,없음,0
TGp96AQ0rNk,없음,0
IMQq64tWxeA,없음,0
hf-KMp3p6b8,측면,3
l_9DsKFJKvA,측면,1
ODO3jNmMYeg,측면,1
Dzx5yJd1x-c,측면,1
8nTxztKIJhQ,정면,3
3Y_C4ShxCiA,측면,1
-NKbLaBq5m0,측면,1
_D5YOg7aR4I,측면,1
8td633I4prE,측면,1
GMG8XW5T6RI,측면,1
lSX3Rs6Y_WQ,측면,1
FIRPZDLJdp8,측면,1
AV5PmxqlOjY,측면,1
vqsW3k031uY,측면,1
CUcAATkSirg,측면,1
k1BnXidNoFo,측면,1
Z_NTw4AEQIs,측면,1
AmXpNqrTFO4,없음,0
xeYoiFb3Cng,없음,0
YzlXryBpkro,측면,1
YIg1X6ZI5nc,측면,1
18-Q2k2ZK78,없음,0
H6wsuCzaEdY,측면,1
tU0wodBypoc,측면,1
ZUz-kWRLMEg,없음,0
RTWXkzppXxA,정면,1
rfiQogCkUXo,측면,1
WKDkoN77k2g,없음,0
TrWaSqo6rgM,정면,2
3U7A3yW5-lc,없음,0
ywh7Bb2MxYY,없음,0
qvnHwQ-RTHY,없음,0
o9HvbijQb8I,없음,0
1BajUNnvG6w,측면,1
Tj5QZel3Fk8,측면,2
cvjf5beIlHQ,측면,2
ZSrZoknEc3o,없음,0
IkTKi5Z9gcM,없음,0
jw84i-nfOAw,측면,2
sGtw2K95YRY,측면,1
KASql4-pnt4,측면,2
JR5JJ1wn0Dc,측면,2
4Igwug7nJo8,없음,0
zNFnMKF2kDo,정면,1
16ypJe7Fksg,정면,1
SsJZ0jNOMqw,없음,0
MYOp6_4b-ys,정면,3
qlJXviHp7jk,정면,1
lGPRdqxBnMo,없음,0
gN4_pGQd9dU,측면,2
OXv1oHNkJT4,없음,0
E80G2xX8G1Q,측면,1
M03LCJ-Bkp0,없음,0
v-EkO5YIXNU,정면,2
AykVyVvfabw,없음,0
ELDz30jcpIc,측면,2
RU6ZQ6dEYhM,정면,1
84ZPGquHc6c,정면,1
Z0PlZlF4vPs,정면,2
vitsAB3J98E,정면,3
qCA_ORd4iB4,측면,1
NYPu_VTb0eY,정면,1
94S11vHui7E,정면,1
AZfeATtNnzA,없음,0
dWTRzVi_FZU,정면,1
b4rB5K7CLZM,없음,0
GULx8nS1aTw,없음,0
FTL8Ct8JJMA,없음,0
5DGiDs9Xn8s,없음,0
1C6d8qokyEU,측면,1
MbEMeDDhwLo,측면,1
M-OCVzyH1Nk,측면,1
s_2TtTJxXCM,없음,0
RRQ4Yl29XEk,없음,0
C2W8AYyJWSI,측면,1
93HFjHjRsHI,측면,1
GfNA7f_OueI,측면,1
cCcj67AoJW4,측면,2
TOcO4-bbCzk,측면,1
crBgEigY1zA,정면,1
f-G_q7o9hog,정면,1
iqLPzpf9v38,정면,1
5bs_XXCtMOs,정면,1
CcChcmhqex8,없음,0
ZtwBekaz57E,정면,1
h0fb3N9GjAA,측면,1
3zAvxB0LzTk,정면,1
_Z5BQ3qJ8Pw,정면,1
B2bKl2teOME,정면,1
WPdLzebvxzA,측면,1
dahv_Jt6Xp0,정면,1
Cpxk-0spEzg,정면,1
Brr5gT6K2Oo,없음,0
Vqe-Bb8XAyI,측면,1
BF20WzRiVRk,정면,1
3O-U2gWbNFI,정면,1
3YgeP7pZisA,없음,0
jUhsHR8i7_I,없음,0
2DuoS9t8i1I,측면,1
52nq02YMIwk,측면,1
5rzKeULDPNs,없음,0
djl-12RGeFw,없음,0
VM8BzR4A_VI,측면,1
2QakeVDiMwY,정면,1
SItUkDmj6OM,없음,0
vWfOxlgX4J8,정면,1
zl932QbFMvU,없음,0
YPZTcJDEGwk,없음,0
VPJ-0bqxQvE,없음,0
2XDznwjhNFY,측면,1
X7wrxBxwiuw,없음,0
1yIHW5UhUSE,정면,1
mJJngdYNkWo,정면,1
og-jE1DgmpA,정면,3
sUDtTg2XWiM,없음,0
HDR_vGqkiUE,측면,1
12BlU9rmpp8,정면,1
YYHzMn0U3NU,정면,1
WYQnICHcFKU,정면,2
djc-Jo8al3c,정면,1
9YAvkHLfD_Y,정면,2
Pt0W3erUOjw,측면,3
EHntI1bfUOY,없음,0
CyIW6ol-0cQ,정면,1
jYK9L4wUaHs,측면,1
wR7DH6Phdyw,측면,1
bjnKTqbBWhY,측면,1
M3p_qU111CU,정면,1
d2y7BiZ16hk,측면,1
knGwZ2ytRRs,측면,1
QifvCTnVd0A,측면,1
p_F9k3y_uVU,없음,0
cv_3KFr9-RU,측면,1
XbIYchAGSN8,없음,0
4-1drlBun4A,없음,0
39lwNdLBwd0,측면,1
1kwqaFeyquo,없음,0
2ByJl7svcfY,없음,0
19uEavxMabI,없음,0
CjEYiNSxUYc,없음,0
lkLs_s-RN0s,없음,0
2-AxYt5L5fg,측면,1
yNKwTSA5DcY,측면,1
GOtylfzA2aI,측면,1
fnqaosFhsVE,없음,0
8zfPZAkateY,없음,0
tsaQ6yJDymk,없음,0
ULCZZK0h0f0,없음,0
hD6AVoNj3R0,없음,0
K5vyy3qbJJo,없음,0
8ERc6eDAkIM,없음,0
mNdNo1YC1C8,없음,0
Nhtuucuk6h4,없음,0
RWZJ_I2lEQ0,없음,0
FoK4zH6QmsU,없음,0
w5Ar4kwcds4,없음,0
aGCtBPCbumE,측면,1
Kyl879bYZqo,없음,0
4_KNn5tyflk,측면,3
o5ICDUldb68,측면,2
nJDYSsAk6LI,없음,0
kLckeW61zfE,없음,0
D7BRe8FR1bQ,없음,0
B-e_z7sAw24,측면,1
FWZmzgneSGI,측면,1
ZZCCQ33JGLg,측면,1
AB4DGTUT7Uw,없음,0
4PzSUAadyg8,정면,2
GpweDeD0FGQ,측면,2
edLl9L6gYlk,측면,1
-_ze1nlfGtA,없음,0
ym32WRx7P6o,측면,2
tQQqAjFk66k,정면,1
CBOM8u9aF08,정면,1
fU34BBecPyY,없음,0
rqTJvlnEByM,정면,1
K1tp6ekEPDs,측면,1
Ondyuvu9ZF8,없음,0
NSkwW2JEe08,정면,1
BREz1fj4IW0,정면,1
8atM-KW31Lk,정면,1
ZRlvFDd5x5E,측면,1
bCjRdKfyLt4,정면,1
cLDtRrM9To8,측면,1
2NtDigxLFQY,없음,0
sIDgKpkLIjs,없음,0
YwRoabhKeVA,없음,0
_eQ74ItXqHw,정면,1
QBFIQrZjEUo,정면,1
BWWsdkMtUzY,정면,1
gUQ033c0Snw,측면,1
U3700WttUNg,없음,0
wLi70GM9uGw,없음,0
GSZC11_iBGg,정면,1
mkpLTplEB4g,측면,1
wT08yRDT9ws,정면,1
KwBhGCkLE8E,정면,1
251uNpN4zbs,정면,1
XJCHhLBazRw,측면,1
tu-C1lox9t0,정면,2
dhNbGAajqLo,정면,2
Iu49eiTUgLA,측면,3
4YZ8Dp45EO0,측면,1
WNs3Xw8njcg,없음,0
hlswef4p1HQ,정면,2
DV3EkX8vHa4,측면,1
C0JPOpC_K3s,없음,0
s4z_ZuOEBiA,측면,1
45SnBloLtQs,정면,2
gLpqrEBc5WI,없음,0
J78PCHbVkrg,측면,2
4ogteezxnJI,측면,2
qeaqEdrLSuw,측면,2
WLo4TPiWvQY,측면,2
_PmfGF2WQZ4,측면,2
G_Ep1V-5IeU,측면,2
qwDR9oIENEE,측면,2
SPCOVaoZgfQ,측면,2
f5W7g0zw7hg,없음,0
EQtwlDIyy-M,없음,0
JdCdDJozV-Q,없음,0
Qp_TrocAATk,없음,0
HpzhZRtVPKE,없음,0
f7rD7NqyoW0,없음,0
VXHHcZH0KhA,없음,0
vEv5Zez8vvA,없음,0
e9iERSXOV5g,측면,1
K4hufHJVMRg,없음,0
ZDY788MpXOo,없음,0
9tFKiGkGwhE,없음,0
btHdcI8s8Ik,없음,0
N6fNs-_DouU,없음,0
p2A5Nc_MCx0,없음,0
0UgspF6zrpQ,정면,1
ck91eE-xiW0,없음,0
UucRParlIp0,측면,1
hGo4BDo-5fk,측면,1
P6-6oG9NKHc,없음,0
UeVTjbbJ8MU,없음,0
eTEK_aNMBuI,없음,0
SVh0yBRGZf8,없음,0
yyy-tWloR_0,없음,0
kDJtfxdg9fE,없음,0
RfvPrLtPofo,없음,0
1i753BwD8ao,없음,0
ZRkG6qxsUc0,없음,0
R5J-gggxl1E,없음,0
AUGLi9il7dU,없음,0
5Ug96SXiyOA,측면,1
Y3f5PagXAf4,정면,1
Fzn2-76c07k,측면,1
A8Er_xBTTUA,측면,1
VPQLo1dvNtk,측면,1
Y89P6r_63Sw,측면,1
gpg0vvVMEOI,측면,2
VwcPKWr7F30,측면,2
vOeGH7S3xa8,측면,1
uYciiunsa7Y,측면,1
zSvlKDEy-6Y,없음,0
1X1YntREJIQ,없음,0
7_DqqENhws0,없음,0
ZHubihPi0JY,없음,0
ESjOa0TXHmI,없음,0
A-rXuER_3p8,없음,0
X6VfssBIZeM,없음,0
08YlvfE6yEc,없음,0
QZAVaDcKpgc,없음,0
nDBjOITRA1Y,없음,0
lLLL4lA6IXU,없음,0
Bmub19eWwzA,없음,0
_W9WCBGo1D0,정면,2
mF-zb2Dujno,없음,0
Jd9V1KS5XLA,측면,1
8VIWWT5tA04,측면,1
_YT4mXgDiFM,측면,1
xoVBAJpKQgE,측면,1
QtrsKmlBaK4,없음,0
29YyeAlsjpU,없음,0
L1FAqRA8_4M,측면,1
nJD5kUrbRxM,정면,1
DhNBXefQdhE,측면,2
DDA0FHaAazE,정면,1
O-3XHbVUHR4,정면,1
wbOW_XBy3zc,정면,1
_qcjbljEWNQ,정면,2
HJirj3WytPc,측면,1
JtLpQV8RY8Y,없음,0
UiELpNuNZzY,없음,0
d_jEoc20eaY,측면,3
9OeOe_Re7l4,측면,3
10t9gxRhWv0,측면,2
V4hSeWxuVVE,측면,2
0nVC71AYX2o,측면,1
6HNAUhkUKc8,측면,1
0CzXy9EMutw,정면,1
MTry4mvgrW0,정면,2
QFAEMc4evtI,측면,2
YEb-1CJCHU0,측면,3
hFl7lYRX4kg,측면,1
cpAuwj2jxKE,정면,4
ddasss8VGFU,정면,2
FcH92jy1RjY,없음,0
DOunPrOgEv4,없음,0
4CzXGQyzDCk,없음,0
mevjFUFlAE8,없음,0
gS01ifyEy0o,없음,0
MrQ8fEspE64,없음,0
BnqsXxuvn38,없음,0
5R5yL-O-Nns,정면,1
4voye7L3Bxo,정면,1
cuSVICj20xY,정면,1
lsgHS7A9Eys,측면,1
VDYlqVOA9F8,정면,1
6phZSpzfsLA,정면,1
r5D5-FzfIp4,측면,1
EDP-7SHbYNQ,측면,1
wsk6Bp4bIPU,없음,0
voZjRIlEfP8,없음,0
BVMhJNOcHp8,측면,1
kfbCDxDcToM,없음,0
VvlGWvFu3BY,없음,0
GnqVwwj3czQ,없음,0
mDKieDnHVGk,없음,0
ed0E2GBj9es,없음,0
7lhDyFeu61E,없음,0
Pq2JG-xF3cw,없음,0
C2N3ANWFm9w,정면,1
uW0EHAcuqRw,정면,1
WXWKxCXMJfY,정면,2
auseq_4pJUI,정면,2
X8z0fIZaeLA,측면,2
AeT7DQ5uOFY,측면,2
LXnOUqmcsLE,정면,1
Zhq1r3F7Qdk,측면,2
ZBAGwPq_SIs,측면,2
bnr6efUtNEg,측면,3
4ZrBtHjma1I,측면,2
g8fUcMshhns,정면,1
dCmYUdYFN6g,정면,1
cRyT1lQtk9M,없음,0
lRS27xm99CI,정면,2
wYsDy7JCJdo,없음,0
eVffHLsSWPw,없음,0
hTce2fIhT5I,측면,2
e4iQfsxV_w0,정면,2
NPROTYabOVA,정면,1
PRh2n5FvVAs,측면,1
9-aIOmN6DbA,정면,2
tj2_Ld8hcnk,정면,1
0MGciUy4eCs,측면,1
DI3k2Z8zJ5A,측면,1
sw9i8vZP1bE,측면,3
3jeLOmBpEZU,측면,2
Z7wIKQC3TZg,측면,2
Jec7HJhuNw8,정면,1
Mk1gERIqMWc,정면,1
PUFdRFn4pFw,정면,2
OyTmzxksKMs,정면,1
f6HRrsQWhZE,정면,1
PgZ7ZZOsKr0,측면,1
Ga-ad5GZ_-0,정면,4
OT61_cOWwZU,정면,3
dgjZvbVJFYU,정면,2
_8tfkakCJ-s,정면,3
en1d7duj6AY,측면,2
a8ZNdbX75wQ,정면,3
skyTUg4FBPs,정면,3
kxv1Bfm79RM,정면,2
vBcXa1lKz1o,정면,1
DsxBW1GddKU,정면,1
xRt9fnfrd_U,없음,0
6wTlT0l4tNE,정면,1
utTePbLIzxY,없음,0
WCn_puEMXzA,없음,0
WXDiAL6svxw,없음,0
5IQvydF3hLs,없음,0
fUYnJPQFq3A,없음,0
Giga3Xzo1Ck,정면,1
14AAocAxFOc,정면,1
QS8FpuxweKw,정면,1
Fyh5AqiK9ec,정면,1
CM1v1J5whyE,정면,1
A8er5hSCfv8,정면,1
6xpw9O2hlJM,정면,1
JwpC8rlMzdM,정면,2
kKLaGZE3KWU,측면,1
zQray4ihnxc,측면,1
spyB-FEzyR0,없음,0
ZAl8_6kzCEs,정면,1
H0UcD7t887c,측면,1
v2Fh2xFAD2c,정면,1
cklaSgOmqr4,정면,1
LFbCskOp8w0,없음,0
RaZGWElCsVA,정면,1
8-HL0vPy9qQ,없음,0
ckxP78jZ7FQ,없음,0
QBjwRlOpKok,정면,1
u5DBgYb1EBA,없음,0
YH99PfkAFeA,없음,0
2w-Fqryahzw,없음,0
MPaNJLnR9tU,없음,0
uQxpeBioGn8,없음,0
mR6EZHTWcso,없음,0
2oPbiGLFLdI,없음,0
ZFC8x3OvdPM,없음,0
LApetHLifS0,정면,1
bJHKv3b3q3c,없음,0
bIDohAK1Nk0,측면,1
HFVYbMwX03g,없음,0
UqhdsRFB-hg,없음,0
QCCI5Z6uX44,정면,1
yzhuD2N5tlc,정면,1
YRdJxgHUz8c,없음,0
ZwjnIccxSP8,없음,0
0dYDKsrx11A,정면,1
FmvBU7N10a4,정면,1
RLhBJ6E8s0s,없음,0
xfrs1wOnJ0k,없음,0
vIxUOfPQEOk,측면,1
M5AyZGNPiCg,정면,1
PUCmbYvKpL8,측면,2
atf7AwuX45M,측면,1
OgwMUJeIIQU,측면,1
ONov1HtUfdA,없음,0
EogjNd2AcM8,없음,0
2tODAtRUzug,없음,0
Ti9-HRAdCgc,정면,1
nD8E6WGXhsg,없음,0
cr7HqdMFqOU,없음,0
XK97kn9VD_0,정면,1
D37NOTgNh5w,측면,1
VgjurkqX3yM,정면,1
4fO7wteEiNA,측면,1
UgEXSX5yLcc,측면,2
VIBgTu_qizo,정면,1
We249jhP7S4,정면,2
AItOaLw2j08,정면,3
opXoiWsnWdI,없음,0
UNXLkmcVTlc,없음,0
aVTrAJjt7tY,없음,0
csEKGf7DpFw,측면,1
Of6UiRUxlSQ,없음,0
TpYr-PKG3VU,정면,2
67UtCBXfY38,없음,0
4QcnxeqmrVM,없음,0
2w0DC-OYH0A,없음,0
WaZvurEHdvI,없음,0
PRWkJjDKxqc,없음,0
UqH1XuwYXRA,없음,0
IrMRJemo7Qk,없음,0
qPwyVWpWlmQ,없음,0
jIezsxoQm3A,정면,1
_FgylXXQ7qE,없음,0
yk65W-VrgXA,없음,0
nXYPxGqTySo,없음,0
1SZHvxEkIfM,없음,0
prtOC5feT9c,없음,0
IcgeaPPiOBU,없음,0
vHkl0KggkiM,없음,0
r7fSvzbMpD4,없음,0
2G7InclFe08,없음,0
NlBXzT7NrVU,없음,0
MWCcIji7bqo,없음,0
pPt4zOtj_as,없음,0
jKVfIjTWJlU,없음,0
tih4AAA2bU8,없음,0
AD_zkeffZS8,없음,0
htq90LFdXPo,없음,0
cedsFe6ITc4,정면,1
IG3Q1Jk_gBI,정면,1
Zr5qDhvwxKQ,정면,1
7L4EhcCJ8GQ,없음,0
K04425SzY9w,측면,1
tpc9-OgrzvY,측면,2
nGxpConnLjQ,측면,1
io3tlBhATN0,정면,1
wSRWXtC6bps,측면,1
co_FXGX6lR8,측면,1
QiFVcmvwLlA,없음,0
saucM-yrehA,측면,2
m47EPJN9bhA,측면,1
w3oUKNe5QTY,정면,1
ZL65qSPCcRw,측면,1
exBV6mJudRI,측면,1
IKdM7e_LKnU,정면,1
BXGr1ZB0lA4,정면,1
9Kmm5yomJfw,없음,0
IGO6Vf_BrCg,없음,0
Z_B0_j7sBZ8,없음,0
PyEM_LvUVEM,없음,0
9Gye35RlOVo,없음,0
zE9GHZq78WE,정면,2
49RM6HrmPbo,없음,0
2PQIG410kng,측면,1
zqCbYctSo-U,없음,0
Ix-6gJMJ16Y,정면,2
3Ya5ead_00c,측면,3
sIYwnZUNsZA,측면,2
NOwzKEwTSZg,측면,4
VwwHQPR9G0g,정면,1
832cb2H13bw,측면,1
NXIGJxizCR0,정면,1
5XsUmr8LfWc,정면,1
OG1I0O2u3Rk,정면,1
GrbHR_LTAoU,정면,1
SMiwNb-3NQA,없음,0
EsFsmNttS-c,측면,1
n4xG7U_DxYk,없음,0
e5lCTiWLy5k,정면,2
ghnbaODZTVI,정면,1
wMRQMwmXpj0,측면,1
kN056zDnMNE,측면,1
SOQroH-IAqc,측면,1
kTHVWfoVvtw,정면,1
klwehN-Jluw,없음,0
RkzMzrudm4Q,측면,1
uiOKiP82vSw,정면,1
QLZg1KpFSK0,측면,3
CIIGjkZ3oOE,정면,1
oeGLv6Oscy8,측면,2
xb3GEBAL-iE,측면,2
ABKZDOKSz4A,정면,2
Aph6Uqpm9D8,없음,0
vy3fRWwbdxQ,정면,2
pVlYwYOY2jM,없음,0
sW3Wil6xPmE,없음,0
J8ycrqPy5kQ,없음,0
Vb0HbCdTwRk,없음,0
motkIbWVCsM,없음,0
A45lpGjRSRU,없음,0
EYOtcIvW36Q,없음,0
c6jHU5xgVF4,없음,0
ZTtldiiro4w,정면,1
leW2QsyhthM,없음,0
360sWIQBUvc,정면,2
vpu3Tb10CKI,측면,2
G4m5lcYOlvU,측면,1
PlQ49wmYjDA,정면,2
m_1Xrex--Nk,정면,2
s-WtdkAUhag,없음,0
xkI_I0LNfPQ,정면,2
OFg6YlhNArY,측면,2
nAnyhnp87aQ,없음,0
q49gtfaXaCE,측면,2
qb6A1Gyp4GU,측면,1
eEZJVKw4WKQ,측면,2
VwZa8lTzZ3w,없음,0
LMEnCDf-qLw,측면,1
s_uvyq6Oois,없음,0
ARghEa_Ksck,측면,1
LFZlR-3KJ58,측면,1
BV1-C_w8_EY,측면,1
HzPFaVEzxFw,측면,1
OTXoonhPgTQ,없음,0
KLqxNdpLRoQ,측면,1
OoUHfCULQm4,정면,2
8SB5lMdQoCU,측면,1
IZPKjb1Kuao,측면,1
6K_I2ADjzYc,정면,1
G6viwyrwKOw,측면,1
5XN08YjgGJ0,측면,1
k6yPoIT_rAg,측면,1
IWaZ5xY_m8Y,측면,2
uwrQGPNwcI8,정면,1
sPPdp3mOPpE,없음,0
XT0jT6AY1iA,없음,0
tL9-GYZPB0I,없음,0
wtQ3Chz7h-0,없음,0
S3CrrEQ7PS0,없음,0
0tWInbQe1LY,없음,0
uvq9fixTizU,없음,0
Fwt9UHYYjl0,없음,0
dAwPC-JOPlQ,없음,0
ziTmmqvZTAY,정면,1
_v38tFbLT9s,없음,0
mFmtriaNtmM,없음,0
5ryjMsaifG4,측면,1
ivJjrt--uX8,없음,0
23Wrn6oKVBc,측면,2
x6oXJISsHGY,측면,2
pLJG9A4VU18,정면,1
omYAMbJ2e5o,측면,1
TMZfzncDzvQ,정면,1
9BRIZuTqK_A,없음,0
XfZ8wxvM2eY,없음,0
uo3APHqbq7Q,없음,0
MftRuGPyvpE,없음,0
EfzmRR-t9VQ,측면,1
_nwnpQ951pM,없음,0
WsO89FWYS78,없음,0
QJ7NfbgbApw,없음,0
J3PbidGsXRU,없음,0
3P98HfbemKI,없음,0
9fpl3muEvZY,측면,2
LB6FZg8Lm-w,정면,1
l0aJnBGTPV8,없음,0
5HcYzijq2kI,정면,1
iBs16xm-d3E,정면,1
6GZRHvQW08k,없음,0
E9jxGWKAsPs,측면,1
o1jCgtHbNrI,정면,1
CQ-SiF8SEXw,측면,1
cgUcG7dhJqg,측면,1
3xTi3JRoMFo,측면,2
FueENERHC9Y,정면,1
vWEM1fFxxmQ,측면,1
Yzc7vRxdEm8,측면,1
DgIYi1rpymY,없음,0
STwXFfl7UXc,정면,1
-Tod9ikeQ1c,없음,0
4uXqXshtuyI,정면,1
3qOQLFJ1MBE,없음,0
v-WEnPpmdUw,측면,1
li3sXz11nFk,없음,0
EHvkQqB5IyY,정면,1
xIV8YoIlM8M,없음,0
ntwxXEemwXs,측면,2
hKnZwBEpY0w,없음,0
3iCXLO905mk,없음,0
q0dXQp1LoPM,없음,0
HLi0XwMAMgo,없음,0
6SA9y3BO-TU,없음,0
RqUrYBa-bP0,없음,0
Sa8yjeCphLM,없음,0
GAPcTlvh5RE,정면,1
oXnWqj4GKJY,없음,0
L5YKi9gJTE0,측면,1
v-fBRnOvz6s,정면,1
D-4XF3sbj4E,측면,1
IN4AcqsJHs8,측면,1
LPKIbMtEGSw,측면,1
7NNcchQ1CNY,측면,1
5YEUR9dR66Y,측면,1
Knhuh79oIis,정면,1
H3mPAlecd4E,정면,1
r5MGl2HrFSc,측면,1
MS7nrpoJVD4,정면,1
rBD1s-mpi78,측면,4
2exwRzdPLtw,없음,0
6LqPxLKRFPM,정면,3
HKqzFTU7xwE,측면,1
IBSv4xvuimI,측면,2
Tw7bgJtNL54,없음,0
aeNShzP-SCg,없음,0
otiZRzk6Gdc,없음,0
R0UD6UcCEs4,없음,0
BVUdwa-BtP0,없음,0
5OUJmqloQm4,측면,1
9ZQNPiS-1qY,없음,0
oiG9a7-I-Ps,측면,1
86biTJbxKmw,없음,0
DJ6OiVsr6TA,없음,0
ealmm6NklIs,없음,0
e9OmJKLXW3Y,없음,0
59J0wfXEC2U,없음,0
ylrXryBVAUk,없음,0
UYSZD_mfm7A,없음,0
1x8cOvGJhlU,없음,0
AmkhpDXjqNk,없음,0
bauDMiFTirs,없음,0
WAwRjcDQ45s,없음,0
sCG4Zhi8PAc,없음,0
ksGVfMkGg4A,없음,0
dfINeS3wrrk,정면,1
BTSvWP2Rjy4,없음,0
GsKAq333rcQ,정면,1
9ehWjRSCBz8,정면,1
IGUZEzsd0qc,정면,1
t-lkhqiFcj0,측면,2
U5IapAugDIo,측면,1
zNOeex4D-Zc,측면,1
LMrEgEu6MCw,없음,0
yr9VfJNBpBA,없음,0
PA-1u3fhu8k,측면,1
7jQvy2UdvRg,측면,2
6qBpKxmiaaI,측면,1
tdmByuA_7zg,정면,1
gfDR0V-pvKM,없음,0
HssVM_6vg9c,없음,0
gNDsEgIXlGU,없음,0
l2qAZXr9erA,없음,0
qWIk_NW49ms,없음,0
xa6m5wDuuHU,없음,0
uDLY7121et0,없음,0
UC9NDO65Hlc,없음,0
U1IsH1925WI,없음,0
qzTEXmyLlOk,없음,0
EveOvGmvVtc,없음,0
tU18GOpJkCk,정면,1
YDQCWjaPWcM,없음,0
n-5IzSZnTxI,없음,0
I2vlJZkEY4E,없음,0
9b9y67O1P6Q,없음,0
TTCQnZyX9h8,없음,0
rO2aA4enWd8,없음,0
3c016plJ8CU,없음,0
95HnwnvleGE,없음,0
Lz6dnG7NC6E,없음,0
1H_QqumpiYc,없음,0
XCSQoW03fCY,없음,0
SXoreBhH3ig,측면,3
Ad3h0cC3JAg,정면,2
0W7ozeL8sKE,측면,1
N9b4SQ21i14,없음,0
0blHWQ0qZR4,측면,1
1pMjKSZckgs,측면,2
sNvBSh3PhDQ,측면,1
OIRbK0fW4gs,측면,2
B26ib1wl46o,없음,0
oF6RQFaCv4U,없음,0
LIVZAqdLnrs,측면,2
GpIqo33L--Y,측면,3
CA12fTuuGn8,없음,0
z1M8AQz8IOM,정면,1
KfN7fiQ40BI,없음,0
vcIuYx2h-AY,없음,0
TlgmQwFriQM,없음,0
m_pXKoONwls,측면,2
-9qmPGdSIRY,없음,0
ozKdB_57SkY,측면,1
BnBPCJgs17c,정면,1
kOB_bmhGBzI,측면,1
wzbFTZ3iV_M,정면,2
DVUhrKMqLq0,측면,2
y8wyOBcFbdI,정면,2
gyVasjLE-DY,정면,1
FpsRiYzT2ME,측면,2
uzRZcKMpOvM,정면,1
bqlPFHQJKGI,측면,2
5BXeNWrn54Y,정면,2
8fTvKaXXQP8,없음,0
-QOv_4GrDgc,측면,3
lvz4CrE4Jv0,없음,0
VVLHIyzsSyY,없음,0
hLCbymqaMcQ,측면,2
bylehQ2VWC4,측면,1
6Y63sSR8qbo,측면,1
I7HyoZrkYZI,없음,0
eXKfjmTW3Tg,측면,2
uHeWvHyh7G8,정면,1
Z5xKtZE7ZDM,없음,0
jYmWO_o4npo,없음,0
sSRs07BKZCY,없음,0
rr_OeErzwOw,정면,1
oEHrTN6tuZo,정면,1
xxb_RGEopxo,정면,1
vmEt_k08LUk,정면,1
TKpRDVOOtnM,정면,1
d1vJ4Ajzykg,정면,1
hQ01_CYCiIM,정면,1
qnD_31pehmA,정면,1
904tw4XwHNk,정면,1
bbW3EJOds9I,정면,1
FaJ89OojzTo,없음,0
tiWYyY_AD9A,없음,0
cyRY8XChqdA,없음,0
3d2Oqom4cDc,없음,0
fegdSIs3uXU,없음,0
DxHmjyfnvVE,없음,0
TKxDTtoc7WQ,없음,0
tVR_CFoAOm8,없음,0
v1ms-rhVPlA,없음,0
k0yaUi4YLDc,없음,0
YQfThPBfBO4,없음,0
B_TNBMnd25U,없음,0
VgTL67BOLkY,없음,0
axCAzi8ZGtk,측면,1
HXaPMkAPOGU,측면,1
IJoMrFDxY-s,측면,1
iOSDR930NIQ,측면,2
0rXchOGfPb8,측면,1
OLOdXHxXN3c,측면,1
4ZoM9fftbYk,정면,1
m-Y7LLCrK44,없음,0
TXFlF9HU3qY,정면,1
QHVC9srZ100,없음,0
LiTNZX9Pook,없음,0
IjENscPSV90,없음,0
1X-7W_jljSc,없음,0
f-s67-pqsyw,없음,0
do_EPsV6eNY,정면,1
ZyYyrrXDwKY,정면,1
Xqh398R5YlM,측면,2
HrQyO_Hl2Vs,측면,1
VLh99G0uyDk,측면,2
ef9617oCZww,측면,2
DOjLh3Dzygk,측면,2
pNW4-KTivQc,측면,2
5GROkoYD5ho,측면,1
8IftUkF9Dx4,측면,2
fJScZ9Hhf9Q,측면,2
S6hvKpSXBBo,측면,2
pEv5wq27CsA,정면,1
uxWkpWHqUpI,정면,1
3FfeGpB8vu0,정면,1
qRS_OsRzmng,측면,1
l6u2Vj8QP6Q,정면,1
nvg_OV-VSh0,정면,1
_Pa0Y-2eNNY,정면,1
k9g9-5klD1M,측면,1
TErClBx0EhU,측면,1
ivQOIWi6X5Q,정면,1
aDtB48O0CJQ,측면,1
9axnhnBFQbQ,없음,0
47he6UHqtQc,없음,0
hD93pSMB3g8,없음,0
S9Eh1-t5_Uk,없음,0
APyuvMa1QsM,없음,0
JyfQvNdERy4,측면,1
FfHmc1yfegY,없음,0
osSt4MECANI,측면,2
lHuFxQafZZQ,없음,0
KDmM8TSKAGg,정면,1
o3coM7IvWVE,없음,0
11GgLsVVADE,측면,1
7g_EW7RKI8o,측면,2
dhnF7vUZnE0,정면,2
3blqvoF1zr8,없음,0
GWYrD75I_Zs,정면,2
dUIEJ72A1f4,정면,1
k1PBkLq1v60,정면,1
toYeKoTvzVI,정면,1
4X9UDL4LLHU,정면,1
A0FqO5jigxM,정면,1
cXfZ4tGb9cg,정면,1
k3MNtbvbsMI,정면,1
FIV4aFrGsyc,정면,1
WMFi4wk_sOs,정면,1
Dlb_zqNOVqE,정면,1
e_bsmUK9JM0,정면,1
PTaDH0owEnA,정면,1
WMME6xJlsGA,정면,1
SSytUqzzb-I,정면,1
D9h2NDISGy0,정면,1
mSqyF6mgaqw,정면,1
TRkQ1os1R14,측면,1
WuDFIaBhaxg,정면,1
9b4ZLnYacok,측면,1
7nbnpCIE9VU,측면,1
oFzQ5QBClKo,측면,2
m7yahHPedxM,없음,0
17O9UvGNXgg,없음,0
vX5RKwJbuX4,없음,0
WDWQDAuGiV8,없음,0
I6RJLnEO13M,측면,2
cK7WB6TTREo,없음,0
814doqnSty4,없음,0
vKVcPiQbWBA,없음,0
bA0RtRYZBlc,측면,1
5-CheApCNSk,없음,0
mwFH_67RC4Q,없음,0
CwCvyyM3klU,없음,0
iNjpotJ6Mew,없음,0
FkC1pvdIP9A,측면,2
7-jQVZco418,없음,0
Vi7ZhO-YSsM,없음,0
uEYFtyHoDXA,정면,1
1PZim0oS9J8,정면,1
9l93cFXii3w,측면,1
16Ye8axXT1s,없음,0
qJj5dEuAn4E,정면,1
sbhy8lO6Rzg,없음,0
BAN2fufqCRY,없음,0
qo35BiD0vSQ,정면,1
HNKeLacS2FQ,없음,0
bNhE03vgvm8,없음,0
vJdgUoQuaZw,정면,1
xNoYvoEqwCQ,측면,1
70AIqJi6kVs,없음,0
si4WjhjykYM,측면,1
tDDEEtROYio,정면,1
FoUImdos5ag,정면,2
4PGwNlf7_1U,없음,0
hm3ST_Q9dyM,없음,0
vDmXB6glyaE,측면,2
0idMR4HFdvA,측면,2
PikBen30ang,측면,1
sbUWUuPSu-o,없음,0
e1h9dIHsqhc,측면,1
gfmWwYOxO2s,정면,1
ub87dh3mz_M,정면,1
OoLmx24pXh4,측면,1
-OcohY6C-Ic,없음,0
WYaQgLwXp6I,측면,3
i72YFYEM55E,측면,1
3xMWhVR66iA,없음,0
OeWOodzNEXs,없음,0
6gTbfBKb4x0,없음,0
3-a_T37ISjM,측면,1
VDRtH__P2Dg,측면,2
lmHZhUPkr2w,측면,1
RxHuq1qAiBQ,측면,1
FaZ__cdIJks,측면,1
OHDlctiHSQg,정면,2
CQ0qUrQA8Wk,정면,1
wzjlEOUud4E,없음,0
7G8GI_eIbx4,없음,0
vM1t8bCaufo,없음,0
PE6jBlLo_hk,정면,1
Neq0k_jyJlw,정면,1
7YkEYA6fzWI,정면,1
fKkqGrKSSQA,정면,1
yy-sqy9k9pQ,정면,1
4U-BwJ7Lim4,정면,1
zaGIUdwR3Ys,정면,1
mg_zMplBzLI,정면,1
woq5T3imjOI,정면,1
GSSjsRgyhBQ,정면,1
2D1d5YtCRV4,정면,1
qesnSAaPR_0,정면,1
xx2GTUVdwbE,없음,0
yLyDYjdNtKA,측면,1
C6vE2NCCis0,측면,1
_zGZCjYev7Y,측면,1
Ng1Gl9aZSQ0,측면,1
WfucOM_Wp8Y,정면,1
4HEctjb_8c8,측면,1
9EjjTn8x--g,측면,1
rvopWZ6pJis,없음,0
i_V7feZwHJg,정면,1
PcSAtg8zPXM,측면,2
pfC_AUWQBN0,없음,0
a2z3LApGQZU,측면,1
b0ixAI1eTIk,없음,0
vY8MA3XomYU,없음,0
-ScJ62vVrqU,없음,0
lzBi5h4F69w,없음,0
C0tZm3txRLE,정면,2
7Jfwk_vam6s,없음,0
bt5vdmwl3aY,없음,0
Yu--ekd14Qs,측면,1
lgvnQ-z3PzE,없음,0
PG756fV5t3M,없음,0
216gHnHfB3k,정면,1
2Nsq0qu8-wQ,정면,2
976Ks9WKfzQ,측면,1
Q-buomvh9tw,정면,2
TqcI_P_xP0U,측면,1
LXxgU1QdOfo,정면,1
sJnsHfbZFCE,정면,3
9xuL9NdPQaw,측면,3
KcCapPoe4us,측면,2
Sqzm1Soa0Hc,정면,3
roz94lZyfOA,정면,1
0pt3gGCnVeo,정면,1
-p8zwmieHE4,측면,1
yEHQb-V7i6U,정면,1
lOA4tHX34MQ,측면,2
8_polqOKop8,측면,2
-wESlICYikE,정면,1
jRL4kzupRgY,정면,1
3hwgmA_9G-s,정면,1
misq-vsH6Oo,정면,1
JJAJAWJMegQ,정면,1
tfmsaBpNzcU,측면,1
kyfLyq6Xq04,측면,1
4AmKgqydA4w,측면,1
toC3VSjkPPA,측면,1
4clTtdDFuZ4,없음,0
Swbd5v4SENY,정면,1
paewFZufaG4,정면,1
xCIZJaSPSWw,없음,0
Wt3TUusap_E,없음,0
2P-Evk9znl8,없음,0
f22yNOgVliw,없음,0
vSGqjXvL7BY,없음,0
yJC6fcmNo4g,정면,1
yjjIYcP0m60,없음,0
tUD1mcgBDHs,정면,1
gP53-dmtY1U,없음,0
uZeszIUPstk,없음,0
MnLsDRQoLno,정면,2
KpGaHtpgpTA,없음,0
T1ncONyCf-Y,없음,0
MVN5T8d_G5E,측면,1
pGbM8pWiABU,측면,2
CwblesTqWUU,측면,1
c-gS7y85ghs,없음,0
OXOj0i2DiwA,없음,0
VFSHeIF0Y4M,없음,0
i9R0XoofDLs,측면,1
ee34jFqWqx4,없음,0
XxJsCNkJExw,없음,0
SQ6MMtMGsYg,없음,0
G2DGfo9czGY,측면,1
CqqqAzDcDKs,없음,0
_3p4sfM9UJA,없음,0
ld2m4icJTx0,없음,0
BHBbkcH-ku0,없음,0
lPF0LQHrp8E,정면,3
HxiACEnCsTA,없음,0
4rV_4zbLCmk,없음,0
qpCj3A0BUQo,측면,1
N_A5S1gkI70,없음,0
zzk9pGSH7VM,측면,1
_KhKR709c68,측면,1
1WLhf18bHEE,측면,1
yoHCh15wH5Q,정면,1
O1OmByfqlDs,측면,1
SrajIJ8v2hQ,측면,3
L69sn_TBckc,측면,2
LysYLH9kIwE,측면,3
u4tNJZ4OIBE,측면,3
WsHWfDzScEA,측면,3
9yS8FUJ098o,측면,2
43HeOBf3CWY,측면,3
x06WJKnWD5o,측면,1
3Rlh2r1GHvU,측면,3
SWgCZ1Kvu-k,정면,1
MsIYUPXAz4o,측면,2
thVsLsAh88o,없음,0
RrrTQqTcF-4,없음,0
U61iNOqe18w,측면,1
SWNG2H69qbU,측면,1
sJWDOstzJPw,측면,2
N-F-RXIkBMU,측면,1
4zu9LvVZPW4,정면,2
54S9IRtto_E,정면,1
y9B2BbKHpak,측면,1
uW6KUaWIvGc,정면,1
EKltAgJ3ojE,정면,1
UqhuJrUEs-c,측면,1
3SzFUsSXfuM,측면,1
sAmNm52cVVs,정면,1
GgckTgV4yeo,측면,1
0RPkD2qGR6E,측면,1
OvPIiKTZIc8,측면,1
RrlzQEkEBZU,없음,0
BhI50PDGZoQ,측면,1
bm9Kgx_kwhw,측면,1
oEzjY3eM12A,정면,1
-704bwqTFDU,측면,3
JX2oVWDLn9c,측면,1
hwda-mrtU_Y,측면,1
pCHA89igLV8,없음,0
RDRQ3YQZTG0,없음,0
bz6Dn12PdzQ,없음,0
dKPCjvP9XBY,없음,0
1faAnebKNjA,없음,0
JFIVxoQtA4k,없음,0
wH-3awdo_0s,없음,0
NLRcl_XSOXk,없음,0
eREyAixJ9Lg,없음,0
Os7qod_RoQ8,없음,0
O4Txy3fZbYk,없음,0
wCcF0iQ414U,없음,0
yBODgqeB8N0,정면,1
wiLMahmEEgY,측면,1
itO5G9BYOBo,없음,0
3aBgSCBqCPk,측면,1
Yz2xQOjvWig,정면,1
nO7ud93CsqE,정면,1
DKwlsqOew5Q,측면,3
eeC36WjnFOg,없음,0
d0L-DKT4zZ8,측면,1
hRFZHuq0dEs,없음,0
l3HY0XysRyU,정면,1
Wd48U8hK4Xg,측면,1
brbiOBqBP5s,측면,1
lzkJ3IYxYyk,정면,1
cl1nmVIuo5c,측면,1
1jnudC9gWZA,정면,1
7FZOliq5OUA,없음,0
hOYJeD-Ob14,없음,0
N_XU7nKjb_8,없음,0
5WezysdVvXA,없음,0
TlBqkpWlppE,없음,0
tdPt4y3vFx4,없음,0
39IIXteVsKk,없음,0
TVJlznzE51c,측면,1
XDY4IL4vOqM,없음,0
EGOweX27QZE,없음,0
Hkz7-fUViIc,측면,1
mi4-l-g_Y2s,측면,1
d1YYp8yBALY,없음,0
f7yXzyz8QmI,측면,1
vPXvDrAyamY,측면,4
XN9TzvUNi9Q,없음,0
Yfrf3KuTmu4,없음,0
3XRsqg1SCHY,없음,0
CJNu-UkS_iA,없음,0
1MGc-yPZG9o,없음,0
RPmjWiufWE4,없음,0
6I1-ykMhSLc,없음,0
C5j7r8liDnM,정면,2
jIXiQeHoGFg,없음,0
-wh-uUnETlY,없음,0
V70i0mvXD58,없음,0
TT59fGHKuSs,없음,0
jGTYYPH0_KQ,없음,0
EkBNi6UpYR4,없음,0
juDP_qyeUts,없음,0
DggjpNy660U,없음,0
h0rCrIn6LnA,없음,0
fCIEiI4ux6Y,없음,0
oyHCo0L2khQ,정면,1
JlMG66ZeTnw,없음,0
TzIHJWltois,없음,0
tdNsaCFrGFs,없음,0
yodByZ02dSc,없음,0
oAyuTFTP1eQ,정면,1
D6DKfKZv9Ag,측면,1
F0V3HPhNtms,없음,0
pbupi6m6MUs,없음,0
LFOmMuMqLTw,없음,0
JqL96JURd7s,없음,0
cnoyhAdET7k,없음,0
kAMGBLqAa14,없음,0
ZZm2MgIC8ss,없음,0
df-LzzWIz0M,없음,0
KvhwCba8FJ0,없음,0
hZxwgjlc-9c,없음,0
7HVByXo2AF4,없음,0
ytXqQNq07n8,없음,0
vlMrRD1o4l4,없음,0
QEU16DgRlWM,정면,1
kbMAgMl8Z1M,측면,1
4e7oZVOBuPo,없음,0
1tdFNjJZ4iM,없음,0
tsbsSu4zmZA,없음,0
kloHmQalfmE,없음,0
RjniML9sJ3I,없음,0
OXDZfNHpKPg,없음,0
QtLPYdf17Iw,없음,0
CuK6xnl6kiQ,없음,0
DdTtHsLBXRM,없음,0
e7pnJ2SLbCk,없음,0
QPMTwoZruGg,측면,1
Lfgq_289ynI,정면,1
lNb2PoqQSFU,정면,1
OKzeesRUvnQ,정면,1
RmvLIV8fAVs,정면,1
s4Jzpz5ZnHE,정면,1
RlN1BLwRySQ,정면,1
nC48JUJs6Xg,정면,1
vkNZqTmgtXw,정면,1
gnsEAECGfvE,정면,1
PUd2Km0vDWo,측면,1
-6KkEjAmJ9s,정면,1
ZCWSzFzS3zA,정면,2
LorTQ4V83bw,측면,1
0N_9niX-fZ4,측면,3
VdqFSK-j-50,정면,2
zriIDAhoXNM,정면,3
Hbrq5ZlA388,정면,1
RfUB0M7MpLE,측면,3
tEpj9wYmgOk,측면,1
XGBrixCnARU,측면,1
dvJB4XphsZo,없음,0
JOGao2h3z_Q,없음,0
IXfn4KOhurI,없음,0
zRSu9pxjd0k,없음,0
4h1yNxPcRic,없음,0
N4I1iSSD0zc,없음,0
d24iK6Dln8c,없음,0
vqLxMa6Qnf0,없음,0
3w4OReenZOw,없음,0
9YxwjmLGtxk,없음,0
TICXsDEO1ps,없음,0
UPRp9623UNY,정면,1
yKjqWMAxNsU,없음,0
BoZXDZdIb24,정면,1
kQh2Nzik-d8,측면,1
eJg1QS-8msM,측면,1
hkwTudBiwA4,없음,0
xIXWp09tPyI,없음,0
xQQs8b1SRcQ,없음,0
H6Jy7ttilUI,없음,0
mRHX5zAqFEs,정면,2
j6U2jo6NU14,없음,0
FIqvc2CxsR8,없음,0
z0yACpAA0tY,없음,0
-_He1ulTuZc,없음,0
C9p3rol2YRk,없음,0
2zkzBr3TINc,측면,1
lxR2YgwyW0w,측면,1
1lfstp3WOe0,없음,0
REQwLSXIH2o,없음,0
IrzLnKyhwcI,없음,0
FSkNUzwmlUk,없음,0
NUDxjVL-cgE,없음,0
e2hZW-bEOzU,측면,1
Opa2aEMOo60,없음,0
pIkIquZEu9c,없음,0
EttW7yYwBkI,없음,0
zKYXQisf7Fg,없음,0
AanPWfnizUU,없음,0
2fjOJVokelU,없음,0
aLDFbNFXIhE,없음,0
Cq0DB3IAZqw,측면,1
sr9wu7XgGM4,측면,1
21IEhKqkwyI,측면,1
05lNt7FDaEA,정면,1
xL1vIdQv56A,측면,1
uLcOFJFoE9I,정면,1
AMnZ5bx46yk,측면,1
LHJGnsx-vHA,측면,2
zRjCOfxnrPM,측면,1
Y4CNoCvgTm8,측면,3
t2Wp9SjPnqE,없음,0
RTvZlEefMKA,없음,0
eUhh-KbE3QA,정면,1
JxuFzqMYkBE,정면,2
VHks-uv_GEo,없음,0
zhB7K2_dzys,정면,1
VZZVcOLZcbA,없음,0
Mn7s_sNb0Vw,없음,0
-BEqA_KW7-s,측면,2
r1kxuGT-Wb4,정면,1
QGnp2aA2dVk,측면,1
r-Gzv7K_DVk,정면,1
DhemKP6QOww,없음,0
79OAgbhkWJo,측면,1
QE5wPdUBynY,측면,1
YI1rzE5ELzE,측면,1
gxF_Vps-V_I,측면,1
6vlN0gg2HFs,정면,1
SmjkaetLwo8,정면,1
tUPuV-HxZB0,측면,1
jrif88Sbu_o,정면,1
SiI_OhG9Z0E,측면,1
RETE3tWCf-I,측면,1
2MfnBSunBBM,정면,1
I37idQn9hFw,정면,1
_F2Q55Wl-xQ,측면,1
ep3o6FWcAwY,측면,1
xmBrxDxz7FA,측면,1
iqiNJJ-MIMY,정면,1
vFBppoiStkQ,정면,1
k218gMaXGj8,정면,1
WnHnqzux0Pg,정면,1
7v57wD0uXfI,측면,1
24pdf5trhD8,측면,1
ij89o_X9jbY,측면,1
-7c_tQLB8S8,측면,1
VISJT-CiFXg,측면,1
Vha1SW-TJCk,측면,1
wqSr3Q1zD1M,정면,1
pjaQz-2RkFk,측면,1
LDZWu3NbjzI,측면,1
87jJJs81xmw,측면,2
iB969LK23Wc,정면,2
QXyQgOfuaEM,정면,1
gD6tja8PuxA,정면,1
LW5g4ZwzBVM,정면,1
IJPdXWsXgh0,정면,1
SMWNDtvJQ74,정면,1
qEgfocl0zxg,측면,2
hllsastuZ2U,측면,2
PFFjUmOD0kQ,측면,2
aLWL5tz1C7E,측면,2
4aE4sffFE_4,정면,3
t4UzEp5efuo,없음,0
tDYfRMIvu3I,없음,0
n_tJf674wjc,없음,0
UMgLOQu3Wxs,없음,0
4eNg7CBNlhw,없음,0
uS-zR_-HSM8,없음,0
HdQfuVzT2Xg,없음,0
YlkalY0h7OM,없음,0
cnlQtgWW5ws,없음,0
sFBTxQx3McI,없음,0
cl-SdubwEa8,정면,1
EcqKrlFD03M,측면,1
dSL7nTiq4C4,정면,1
6hc9DeC05SA,정면,1
wqLZDVnu-tY,측면,1
MWRrB-aAY9I,정면,1
Xuke2pRun4w,측면,1
PUajCmV0VlY,측면,1
DPKrE39TvxE,정면,1
Sc9ZQRHw12s,없음,0
Vvg_tS-uDTo,없음,0
nl17a1HpCm4,없음,0
oIxsM-swGOM,없음,0
7GoI7Q3wCwo,없음,0
CSNq2nRCfWk,정면,2
6SiUlvC-SCE,정면,2
u4z00JlfxrQ,측면,2
CU0GdaTgacQ,없음,0
uHPBwImDkII,측면,1
6vAE3KWLAME,측면,1
0qqhKEBryNQ,없음,0
xOuFC_UsBsI,정면,1
A6WOZDuZO9k,없음,0
NPOcpDr3U8s,측면,1
Amcf9KMcowI,없음,0
PQ9BFnn230s,측면,1
xpTThS3bAbc,측면,1
ptLCp99IDSE,측면,1
4HQL2rlj_40,측면,1
IKIMb0ZWPlQ,정면,1
S07oIREw3x0,측면,1
JW871epo2FY,없음,0
cJukvDPQ2v8,없음,0
Q7SxfyXBlPk,정면,1
tTmr5SwQ97U,없음,0
RIH_aIsySeA,측면,1
YNmwAc6YYEI,정면,1
xCUCOTGs8RY,측면,1
2XZI4rYOLfc,측면,1
kUNbX7h9Jbo,측면,1
eO17T085rFY,없음,0
o7H1JAF0XgQ,없음,0
9Z5nr1TXfUI,정면,2
pqdEJLRPzsg,없음,0
Exr6rVbjRGo,없음,0
IYev2mWOOGs,없음,0
GoBsZ7_z9f8,정면,1
e_f4OiOwNl4,측면,1
vShH-yJLjT8,없음,0
G90aRNZXYjI,측면,1
u00-6ZVlmIw,측면,1
h7pZkqhCges,측면,2
5BK4sL6gbck,없음,0
-Lmd5t8y40A,없음,0
7jkyVB7q5B0,측면,1
IBLH2WzTTK8,측면,1
q-UZk343z4A,측면,1
FhEu60O9N-k,정면,1
jdlluQ_5SHU,정면,1
QuOpJob5HWc,없음,0
TME_abNnBt4,측면,1
eOxcnAveH20,측면,1
HjYVSSMqVTM,정면,1
Kp2V02z50Y8,측면,1
Yi0Xv2CSLeQ,측면,1
HZR95GbwL_g,없음,0
ljx9yvyFW7c,없음,0
PWe2n74PPso,없음,0
RYblrsr3TB8,없음,0
jIIybghpJ0c,없음,0
4_0RbxGG6mU,측면,1
_GTXIZRySjU,정면,2
BDI8NEV3rxE,정면,1
9FzWhRQYmOA,정면,2
PbgeIYO-JKA,측면,2
m9S7LLWujkU,측면,1
B3SujCcHJTw,정면,1
FubRi2jNvQ8,측면,1
3VnScRFsQhU,측면,1
-WFJfse210A,측면,1
ND0QGWzdyY4,없음,0
KF8RUM_WBpI,정면,1
TSMgsw8jTtQ,정면,1
-lRd8vtmkx4,측면,1
WBBdh5rJbWI,정면,2
_fEO49-vDRA,없음,0
BI8XunqEYEY,측면,1
KrBgIVzGml0,측면,1
1EbJ_1_ZRyw,정면,1
xJZtgo5a9Gs,측면,2
9QTZ2CmJBiQ,측면,2
Zv-pf63v5Js,측면,1
FSXRtHTmzQ4,정면,1
FVbUoJ9E9YE,정면,2
o9h7m3eg-PY,측면,1
aIL3FMzJgD4,정면,1
yPGJwKV15bs,정면,1
tQzukqjO5oY,측면,1
WJybHiDB9L0,정면,1
jL9VJI7WM3k,정면,1
R9qQ9SxFD1A,측면,1
SJ7zkp4CEBA,측면,1
rh9YlXKTRvY,측면,1
iEwAoBRGXW0,정면,1
Oh2bJWMl4q0,측면,1
jrW1zhLz8WI,측면,1
HlhqP2XeNp0,없음,0
qm_1CAcmLDE,없음,0
eL-N1aBvbQA,측면,1
PeS6sPKPqSI,측면,1
km6tkf6om4M,정면,1
5wtUlndOsDQ,정면,1
bqtBbk4TYsc,측면,1
gTOeIcODCiI,없음,0
L6FSfYQbZdY,없음,0
5Kk8zzeOMGU,없음,0
UOSeaGrpz2Y,없음,0
p-RQt7Opksw,없음,0
7Xy3fwwNHD4,없음,0
fETJqEjQ2kU,측면,1
rjhf8mfCbi0,없음,0
pEz12zVWb-g,없음,0
aNgIHW2CG4U,없음,0
h_hbk4XysNE,없음,0
xwHC1lO8_ZI,측면,1
hRT22vVIDCQ,측면,2
84UOE4REUyA,측면,1
mrQYtaDG5z4,측면,1
-7mCBkieToU,측면,3
JRG42AnhNWs,없음,0
-vnGWIvEGzI,없음,0
BnEZrfTswqQ,없음,0
d2dsSFWg3ys,없음,0
oCuGeg9zyj8,없음,0
SIxawPynW5k,없음,0
WvWwfkawwQ8,없음,0
T3gklwaHnow,없음,0
q6IonJAP9Jw,없음,0
vtrao-MF_XY,없음,0
aBXT-G6qU2s,없음,0
ySeO3BUHvRk,없음,0
lW8JSpxELow,없음,0
eLiQlcxctVk,측면,1
-UdLeL9Sf6Q,정면,1
-3UJ0IuLpUc,측면,2
8j_PJssMqm4,측면,2
gq4Zpmc7mic,정면,1
GJLA69M-qIg,측면,1
jzneO1rIQQc,측면,1
Yx4f_IjdYOQ,정면,1
0A3qpdOhfSY,측면,3
mq4_EVLASls,정면,2
zhy8tLaS8aU,없음,0
A2COL65Fj3w,측면,1
0yx2_ZktS3k,정면,3
zFpa6muvCo8,없음,0
Qq_T3nPNVYQ,측면,2
QU95uKK8cuI,없음,0
-l4BagafZEY,정면,2
uCCjm9Ym4kQ,측면,1
N2ujUWsXvCk,정면,1
H-GImi8lS_A,정면,1
9CZS11Z_b0I,정면,1
qGvCS0sDAcA,측면,1
FV7TyqFzHAg,정면,1
R7F4bRJOFY0,측면,1
WNaGAW7GSO8,측면,1
MMWQCgyrGsE,정면,1
KeLuk5zPCi4,측면,1
ms_YUlKniOg,없음,0
AERoNENEU7M,없음,0
A88s00j-RgE,없음,0
jH_42nAVqJM,측면,1
vZrffbeoJgc,측면,1
6aW--sW9Idw,정면,1
mDS--7jYAlA,측면,1
E4kFJuq54jY,없음,0
lqcrvDagvnU,정면,1
er0NyTv84No,없음,0
TqVXOipW3f0,없음,0
nSY3aqQ8eIs,없음,0
1aycpHgAnTs,없음,0
nrZE2RWdZXw,없음,0
KCa47tqqEF4,없음,0
zuTVK6s2Xxw,정면,1
D5LdNGF0F3I,없음,0
qUiKInvvD9I,측면,1
KLf_rtX1PyM,정면,1
2VQqEOoknTM,없음,0
dd6W66oujYk,정면,1
V9WHmfTIlBg,없음,0
9m0TEP-n2Q8,없음,0
yu4VgAONA8I,없음,0
EzcJZcogS38,측면,2
Yt2aVaYmP7g,정면,1
wP5Dl-KRT4M,없음,0
b1Rf-wZcebg,없음,0
-pafcReiNoc,없음,0
e5sIKuL5Zvk,정면,1
OdBUsJjRGpQ,측면,1
WHY7TV2Vhho,측면,1
6k7TZzeSVN4,정면,1
gFkeNx5Qjuk,정면,1
XEzhGjFhEoE,측면,1
OBVIlXWTVSY,측면,3
KZHn8D2ZX80,없음,0
76Fzgb7CgFI,없음,0
vGq8K1hG_c0,정면,1
bwjMo9IBMCQ,측면,2
vX25hI6ssSE,없음,0
F0LQCbYHwds,측면,2
mcN8Qx-jM4k,없음,0
-qB46KiH39Q,없음,0
zjoKnOzIhD0,정면,1
S9RngnZpmqE,정면,2
rOZ1uJLW4Xk,측면,3
utkojZ4binA,측면,1
1hsktXZndhI,측면,2
V2QcjodDNMA,정면,2
EWYe4CugFr0,측면,1
frMWLGcbGFk,측면,1
R9S1JlVxJTA,없음,0
SywzHfbOUAk,측면,1
KFs5tQdEF60,없음,0
ku2h4_moaEg,없음,0
z5MXoNmMMBc,없음,0
Q-SBkEKMCOE,없음,0
yhLQOsrKy2Y,없음,0
yrDc4762-mo,측면,1
4a-_W-D0QLw,없음,0
KBj12jznLsY,정면,1
h8AeELT2IAk,측면,1
QZit7dSQ2wg,측면,3
fDeLmzHsa6I,정면,1
l_-3TXGzSbU,측면,1
azGvpVXNwsM,없음,0
tkFp27AP6Q8,측면,1
9KoAkYYv4sg,없음,0
tJZpXvzqaaQ,측면,2
9TASYhG0Y0I,없음,0
p6VbLWo04kU,측면,1
dP3eYCgmVvA,없음,0
5QGddUKiCes,측면,2
3C9XyETWDQk,정면,1
VZxXwBvVnmQ,정면,1
lhD2NVP3DgQ,측면,1
u4lGrl9L-tE,정면,1
Se7prodt0_Y,정면,1
NVaJjYVAUqA,정면,1
IeRBENFcE3Y,없음,0
V3CAJSIcwdo,정면,1
Jyg1SxDWl5I,측면,2
A9bbeRK95_U,없음,0
8zA7IrCrY-4,없음,0
iRfopO_yjiU,없음,0
J_xrk6Ha-pk,측면,1
6tU-FE-nk-Y,측면,3
MgtzhgfMVXo,측면,1
_mYLfnyApts,측면,1
KN77wRBWyI8,측면,1
p31F1EHv58g,없음,0
v8aBVQs0iNE,측면,1
jEZ5Spjacd4,없음,0
2u4lHKvsqMo,측면,1
bZXu0BXDRO8,측면,1
sVrdr3c6e8M,없음,0
TgR06ZxUrxc,정면,1
gPE-PTrek3I,측면,1
yWzo456z39E,정면,1
jfdyY0EH41Q,정면,2
bW19jzjxEbM,정면,1
-eb94dKn4Mc,정면,1
NeqFkQJiPrI,정면,1
nTwfebb5rNs,없음,0
33HOpBGuKtg,없음,0
_lo04jZtYOg,없음,0
iel9vCQutys,없음,0
DPheG3ADSes,없음,0
EhxBPoifFE8,정면,1
zn7iIck9ce4,측면,1
ZjgkDwDoq6E,없음,0
7pLic17CKHo,정면,1
fGhS68_wY30,측면,1
2jltvnc-Fno,측면,1
Lr4kG_1MlFs,측면,1
19WFtOPHje4,정면,2
B0CHDWBY7TY,정면,2
XO3wNu0S4tM,없음,0
bBbH7qvqYag,측면,2
ftM0kL0fz7c,없음,0
GumfBpi7GQY,없음,0
8gfkLeF3B-s,없음,0
tve72SACDw4,없음,0
GvspBmwdVVQ,없음,0
jKz6l1X5nAk,없음,0
J4nuFKK7_9E,정면,1
TDWrL8Qhntc,정면,1
Gbh8n3XE_ks,정면,2
IHZrHhaMD68,정면,1
tdztCMRZCgE,정면,1
4LvU3FB-Kkw,측면,1
ge12QnL3FYc,정면,1
6qY8h1ISZeo,정면,1
K92p3K9pxXg,정면,1
8bpqTWZscXw,정면,1
idNgnMS2xvA,정면,1
Jfe-msHVCxg,측면,1
B8fBK5VjE84,정면,1
Ky1h5lugtKA,측면,1
fV4-AawPs44,정면,1
X3pNoFfSNm4,측면,1
9tZeiepmXBw,측면,1
6RSZ29g-y28,없음,0
IrP3f8ixuak,정면,1
7M7_q6BV50A,측면,1
vtczGMeNOo4,없음,0
idgYxVOch0w,없음,0
u8B_XeSWoJg,없음,0
n1LrRAQm7dg,없음,0
0cQNOXRgpmU,없음,0
6qliu4yLUu8,정면,1
iQmqIf0mLfw,없음,0
Ikk9psRowgw,측면,1
4B3fJ141Cww,정면,1
NxnWYDLnSjI,없음,0
TZOahmOluns,정면,1
Tb03R1PtXO8,정면,1
7ewucch7Lt8,없음,0
soB_GQgXiXs,측면,1
UkmqPkBwQdA,측면,1
cCCoPogBYCI,없음,0
KhC6K_LQ9yM,없음,0
hY2daG6QByU,없음,0
lxLZSGQlCOQ,측면,1
gMaE_w-uY80,없음,0
lTuho-05kJE,측면,1
xd6yBMccljc,없음,0
PQgkTLv6Ces,없음,0
uuFDkGzcHjY,없음,0
0cKX3tLtqA8,없음,0
-wXVq5sjhOg,없음,0
gXEuEqAiLaQ,없음,0
aBvc4WCbKoA,없음,0
O1x2U16U_1w,없음,0
zE_1yKNu8Dk,측면,1
ndFGTZVbucQ,정면,1
bpBGbqBRaM4,없음,0
-GEL_gTHIHE,없음,0
UrZF70_Kh2g,없음,0
HCyduz0g_U0,없음,0
9zOQGk7NPXo,없음,0
0AdzY5fqzM8,없음,0
9nBrTFuljB4,측면,3
l5JaS0FOH8c,없음,0
opqS_OxbTg4,없음,0
QP3B6bqJPlI,없음,0
uo9H9Zu_lxc,없음,0
jYWLFEggRvc,없음,0
hLadKgHUOsU,없음,0
_2sfaoSI8cg,정면,2
de2lEwU8Fdk,없음,0
V5JCBBnkCLo,없음,0
IQSUID53o5I,없음,0
Y7IXj0zi7Sg,없음,0
LAGLj6KOQ0M,없음,0
xZtcO5wzQ-I,정면,2
VwcaOPaAbf8,측면,2
bW7HnH19_IQ,없음,0
1ftrfjriJRQ,없음,0
m7CI-X3sZDE,없음,0
V5uwdhkfksg,없음,0
0HfrNyiugls,정면,1
VHWG9wxYa2c,없음,0
hCJbR33EqmQ,측면,1
qZppKBng64o,정면,1
KCUQPnF4iKk,측면,1
BojWF5rhOK8,정면,2
0kePpcCmbow,정면,1
2WcrsrkbfvY,측면,2
RhtXS7Pr-Oo,없음,0
2g0RqFVJtSg,없음,0
-CvQ4WKW9no,없음,0
rAbfk-C0sDg,없음,0
MX8zAg-i0tM,없음,0
h2yI7jp7S50,정면,1
cBo892YCzYo,없음,0
CQlcSzMBX8U,없음,0
VGC-ovb7Uww,없음,0
hEg7slic28E,없음,0
YSg3oVmKC84,측면,1
d4SgO8zy7-E,없음,0
KSE3QRax3rg,없음,0
LuAw1Elulfk,없음,0
ZWdcGEEI3bM,없음,0
tr9m0bTcOYQ,없음,0
7crzUf6GT2o,측면,1
kvkXy5UkTS8,없음,0
ocPS7gA7G6s,없음,0
VVG-KxlBZv4,측면,2
UEdzX3bWtfI,없음,0
spT_9OH2Ioc,측면,1
a4tUHOxob-A,없음,0
GGgMJA7XHC8,없음,0
7_heFYRohdY,없음,0
X9bzRX8A4GY,측면,1
l9f9ebHhDk8,없음,0
A25Q6A6YIr8,없음,0
LZ6ShWhDvjE,없음,0
suaUR6avAfg,없음,0
_XSzqCI_B5g,없음,0
vj_jbfjyM5M,없음,0
zOq_OYLiqEc,없음,0
4mtouA82n_Q,정면,1
DavQcfiUUrU,없음,0
_MJrmixP0Bg,없음,0
NTMUph0knrM,없음,0
8CVPc8WBuBQ,없음,0
aoNRaFx8Hjk,없음,0
2tyiLAIOMF4,없음,0
NnXz8CP_ZUY,측면,1
9omXQnB5J4M,측면,1
fJv_sAlCgbU,정면,1
9hA5tcNsa8Y,정면,1
GRuw5RvTfYQ,측면,1
JLuNANzqAME,정면,1
Y8UKwLJLDd4,없음,0
WzE9BfL1NPw,정면,1
NIvsnGKeecI,정면,2
geh3X-tLcbU,측면,2
VslESjiVdeo,정면,1
fq7bu02IuQs,정면,1
c6gSTytPu4k,없음,0
EdqSlblymEQ,없음,0
txTYBiMfGQQ,없음,0
UInAWt2YGSg,없음,0
Mu5FJnA9VUc,없음,0
WNJeFctQVRs,없음,0
1M3w6TrSs5o,없음,0
G9f3C8dDp70,없음,0
Yi5eJ_naPuQ,없음,0
bOzWtWU9GZs,없음,0
v9RzcO7-l-o,없음,0
Wg9bhbezmlw,없음,0
PbTc9M8RUvE,정면,1
w02grOl0eBA,정면,1
wQWiWDwAgLQ,없음,0
J85SZY4Gd40,없음,0
K-_ca5adqVk,측면,1
2c9UT5RqrSo,측면,1
xDsW3RH7s98,측면,1
CWLNtt8CKfU,정면,1
s3BTAxypm-w,측면,1
VV_SSd_pQFU,측면,1
wAYr-RqPQBg,측면,3
ZHtGwSkGafc,측면,1
Hz6bo_CkBwc,측면,1
1OJJuIMDbkE,없음,0
QgVYVLQMpXM,측면,1
RlQDa32DQfU,측면,1
4wRYMA1yQFc,측면,1
ZWeeSPlm6VI,정면,2
qp8A547Ng4c,정면,1
uoNGPKjWiBc,측면,1
9KBO4hyNvvs,측면,1
doIa5_BX7zA,정면,1
fSnLVm2v3Zk,측면,1
BB-M6rfmya0,측면,1
Em9O0HXCUh8,없음,0
o5mI8GFxpT0,없음,0
8exh3rMOgBs,정면,2
xDcaexZ9_7s,정면,2
yKyGM7CAo_E,정면,2
uTz1IcnOBgY,측면,2
izfRrY1MU2w,정면,3
XCGacvNT2zo,정면,1
F1sTs8zn1QE,정면,1
RWd28sJtOLI,정면,1
376WryiKTCQ,정면,1
5YL_T6maoOQ,정면,3
q6m-4LpgLHA,정면,1
n-MJrqMp0dw,정면,1
-P_FsGo46pE,정면,1
X8szgeNBss4,없음,0
JO_F7u2s5xc,없음,0
uYMzV6p--xA,없음,0
pstl-MkLX4I,없음,0
xRNmxZpJdJU,측면,1
GLQBue8IY8Y,정면,1
CBI4fw1uvmw,측면,1
3F0paZ8QsqU,측면,1
cjCqW52LeXs,측면,1
MeVy1w5sivQ,측면,1
6LJ8fJ2Z8e0,측면,1
gD6HuBLA-wY,측면,1
0PaC82xpI-4,측면,1
5uNl5nm0DZw,측면,2
HdLO3QZUJfI,없음,0
9EAiNt4vlio,없음,0
8qfpZHvN4iY,없음,0
98Rvv4bEz2Q,없음,0
Ea3xm-SAeMo,없음,0
sxVUPS8ZYaI,없음,0
_UNeUVf06PA,측면,1
ETTofLTMjGI,없음,0
xXh-iKkGQzY,없음,0
HH4tatQoG9w,정면,1
ycLjo9iVrSI,없음,0
YTeWJMoFdbw,없음,0
41wXXVXdNLM,측면,1
1AW8Kfl5ZQQ,없음,0
--LLBMnvJrI,없음,0
MEa3MuBH1R8,없음,0
paUEBV4gIxY,없음,0
-gtydB2aeLM,없음,0
3lICCWnnPLo,없음,0
3RvxDIQUrPw,없음,0
LhqrlcsG6KQ,없음,0
hHa10tZT4CQ,없음,0
cwTPjNCpqtY,없음,0
fd-Tvy03txo,측면,1
OXA6d-icMIs,측면,1
m9dqw3MJl-0,측면,1
mf7TW_UEj2g,측면,2
gp_frhNa0yc,정면,1
FixCYhYAcbI,없음,0
eki8jDZrPI0,측면,1
02ncuMNUvEU,없음,0
sC-i68Xd_Sg,없음,0
RPW0qgkngNI,없음,0
7topzmVXpWc,없음,0
cnODItyrqCY,정면,1
z7SwCWiejGY,없음,0
DnAnyWy63AI,없음,0
hWwPXTnfdak,없음,0
SLNGzmtEGL0,없음,0
LS5R3U-1tdo,없음,0
4lEcsFeolGs,없음,0
AE6UQhQyuRA,없음,0
jkEqUZXp6sg,없음,0
BDEW-MxRPlw,정면,2
16T29EOkGVg,없음,0
U-ef4d6Qae4,측면,1
UEZUhngYC08,없음,0
rtRK6flYuuM,측면,1
EDo73qNM-8I,측면,1
9YdZ8qdFrLM,측면,1
GiCyQen1wKw,측면,1
slQvVOD1l_4,없음,0
ICWE0nbVOE0,측면,1
Ny33RFC_sgk,측면,1
LMls-eVwn7g,측면,1
sx7By7V9ji0,정면,1
yJSzD3V1KGY,정면,1
z90ylzJ2gdw,정면,3
S60_8CLcJkE,측면,1
65nDac6TBQA,측면,1
Smz4jo9hM_o,없음,0
VA3N8Qob6RA,정면,1
4AwH8B94dn8,측면,2
INpK_zm7mMI,없음,0
jgUX8_2ljzw,정면,2
YaGXhAcqfLA,정면,2
cULNNk-VDJA,없음,0
vcIUCiuLB3s,측면,1
GEsgFYsnde4,없음,0
tkAXZc_-OAc,없음,0
XNdcywz61Ac,없음,0
o2OVATdqjnw,없음,0
W09s_C2BiOo,측면,3
302sio56cCM,측면,3
CjPy7iZQZYs,정면,3
2MavQIbI5TI,정면,1
d5L_EmCLCt0,정면,3
xovCPEm-Cu4,측면,1
QarSamQKRlk,정면,1
QsuXPsu3aEA,측면,2
DcjQcF7mgDg,정면,1
qKFQ7WxuJ5o,측면,1
N80nsl8NDeA,없음,0
FyncAmrZzuc,측면,1
XXzsV_IjojE,없음,0
oBpVq0PLfqM,측면,2
CZ7yN31J9Vk,측면,1
pZqKpIEj59I,없음,0
gU2gQDvrCIY,없음,0
PTmj7Ym2FKQ,없음,0
n-TklZ1pwAw,없음,0
MITzb-qlcjU,없음,0
3EmtiFGOi4A,없음,0
EYg6l_efmbQ,없음,0
6U-iz4Lik8w,측면,1
dZKOLGTk8oA,정면,1
oCV5b-y5ngs,정면,1
QroT5eJi_nU,정면,1
nHpmONrk2dw,정면,1
34w8j0HJMjQ,측면,1
AsUIV4bQXtk,정면,1
PsE3j0FXtP0,정면,1
PvHkO8drBVc,정면,1
rohn1sxBgEQ,정면,1
51rPSZky_ag,정면,1
fcYCHeZbFBs,없음,0
PDv6SA3kH_k,측면,2
kOd24SkbJps,정면,1
ntJY56ZiO20,정면,1
J5OC1tkywaY,정면,1
sHPiTz23mGs,정면,1
9qP6LP-Wyx4,정면,2
uZfYDddPXD0,측면,1
w5JGxcQc0e8,없음,0
NHo1ceJyh60,없음,0
zZ2WM3buBzk,없음,0
-u0kZQyGA9c,없음,0
1O73z1-hmGc,측면,1
HAxxcUnnSI8,없음,0
OuSgXVn0_BM,측면,1
bOTxI_MuwC0,없음,0
1vYLdh1Azgc,정면,1
4rq-VpfN00U,없음,0
8GkL0BMPwGw,없음,0
agjrV6K83ig,정면,1
77DBY2FsvVs,정면,1
dWAg5XTfHc0,없음,0
dUj9W1TzZuo,측면,1
tjQod2uCVkw,없음,0
k_Yf7XD9GCE,없음,0
CbNLhsEMxWc,없음,0
RQGe3SlM6Bw,없음,0
1pomkgCedto,정면,3
EgXhr8-vQk4,정면,2
GYiKcyF_QWM,측면,2
2pMyFzA054U,정면,2
U0UNe6I0_0g,측면,2
XgpzkNjwk7U,정면,1
6Kug90LJX5c,정면,1
4Qz41c0-b7U,정면,1
-yGiEehY72Q,없음,0
wMAlJyQQy-Y,정면,1
hhX2475-LDw,없음,0
NqG_X_dO4jU,없음,0
OTmTRyBYNR8,없음,0
Wjrx1qbktbI,정면,1
g4JYRcb_TGM,없음,0
fNSZOVRVZfE,없음,0
mI5Enn8iwLw,없음,0
Z5_C-RjU63w,없음,0
s7nPxB7Nl70,측면,1
avChIvoK4xE,정면,1
Xw4wJPmEhLY,없음,0
ZMKjTTNhImw,정면,1
Xz8G5U6wujk,없음,0
cG8HPjy_NxY,측면,1
c6I2ANTMVr4,측면,1
bjjPzQRdJSE,없음,0
M56OzlFBGq0,없음,0
vVNlbQwOh-o,없음,0
-NZfybYuHKE,측면,1
blaKkw_lCdE,측면,1
oZ5u0YpwsSM,정면,2
rWuq8MzmllY,없음,0
u5ikwnty7ZI,없음,0
WxnxELiTiyQ,정면,1
mhoM1SrVUrQ,없음,0
_-BWv_iystg,없음,0
vsyBbESK-gA,없음,0
9W4E4bDjKDw,측면,3
ZyGkUax8uU0,없음,0
_sqTWOvkTRg,측면,2
MizPdvi-tCs,없음,0
zAp_VhX6TII,없음,0
zTy49YcHwhA,정면,1
sMcdoWTtCzQ,측면,1
MniUP-yF1R0,없음,0
G5sD0kom2gY,없음,0
W89JjCcb1Ms,정면,1
Xnd5h-wRb9A,없음,0
FtS0JAhwcGE,없음,0
la2zKz11HVA,없음,0
OcIlLEIsdUk,측면,1
cY6FyPF1Afo,없음,0
UhFgkeAX58o,없음,0
fAV11gynFB8,없음,0
2lIwnBnM62Y,없음,0
iX71igdxmSE,없음,0
tm5tS4R_TZE,없음,0
ZNtKYdYql-I,없음,0
MKkP72Wd3-g,없음,0
rbgePC9D6t0,측면,1
ECJEDXT9D9o,없음,0
tztL-r9Dsr8,없음,0
_eRBkmMO8Vo,없음,0
Ma0qA4t-4bE,없음,0
B9HbNo16rbc,없음,0
1d0HaTy9Ybg,없음,0
7dpnZfY_9G0,없음,0
dRSt5r-BCmY,없음,0
orF7YREVKg0,없음,0
Ogni9CIRq-M,없음,0
P4oeL9XXf3s,없음,0
-8zvFTmBm7w,없음,0
kXZt5Hy8gxs,측면,1
93rEb33xvFg,없음,0
xaNV2fBFNY0,없음,0
23TW6I8HSXs,측면,1
Q8SeRoRGqik,측면,1
Gld6Ivvrh-g,정면,2
oegkDiDPeiw,정면,1
tXQe-qqc4NQ,없음,0
t2i4UN04IQc,정면,1
iSfcSHuA3Ms,정면,1
t-NxRumfs74,정면,1
uEz4gmEPzGc,정면,1
ussu8hYcW_M,없음,0
XTdAiRcMQ-k,없음,0
m0KVfY_xipA,정면,1
3gUT9xyDUd8,정면,1
PCLdBllhsNE,없음,0
fqheqw-lwMw,없음,0
hXaoJmXhMFo,없음,0
sWkg4rX-OCw,없음,0
Th4c_-divU8,정면,2
DwfGiAmFXgc,없음,0
JR7ghaEL2dE,측면,1
L6FqtDUZF10,측면,1
uv11f0j_2Pg,측면,1
z0FybCxix9w,측면,1
g4IWnWtHa3Y,측면,1
qzIx7qAXwzE,측면,1
ZuSGO7lrpVg,정면,1
TIBkpW3pSB4,측면,1
uu4hZIPGiiw,측면,1
1OMDqsiCbhg,정면,1
TdTh-slEGAI,정면,1
g-MHJ4SbsbU,정면,2
_TwiGdvpi2I,측면,1
PnE40ioWqJs,없음,0
1b7reXCZmOQ,정면,2
pYjP6GXlUyo,없음,0
9_SBclU51kQ,측면,1
LsqIlNTDOl4,측면,2
bg3pAIeBG5U,정면,1
EpgF8QG_1Bo,정면,1
VZmxP2KPg3w,정면,1
0yx3tCcfpQg,정면,1
LuPv03BwCNo,측면,1
ILn001Ie7Ko,측면,1
-eviXBslbAs,측면,1
4Xn6nQkLz40,측면,1
Co4Cbc180a0,측면,1
fjFqk7whRnU,측면,1
WxOeciWO3Oc,없음,0
7bDx8PSx3VY,없음,0
iNJ3DDWFKFk,없음,0
29Q-DULbFk8,없음,0
mu-dlNXdul8,없음,0
RjLUdT0UDAE,없음,0
bHnEn_wE4BU,없음,0
A6zxW4QebGQ,없음,0
aqsKTBU4WtU,없음,0
VkpgPRZV87M,없음,0
k6ztptYih9c,없음,0
aePZXOsG-1M,정면,1
fGGhtzg2lwk,없음,0
XbELDNGxSl4,측면,1
tMP13Fdz_Ww,없음,0
lHF6EeNC5Uk,없음,0
uhGFXqUyYoc,없음,0
n_JTR0Tfxh8,없음,0
ZqvMY_jddvQ,없음,0
j6i7AapVQ8c,없음,0
6XQ_ooKSYZ8,없음,0
ZC57npwRnB4,없음,0
K_I6zCyQxnk,없음,0
PxATo9Dq6TU,측면,2
tTtMgmWYeW8,없음,0
HHODhP_bPLA,없음,0
dETPHkwp7tw,없음,0
45TOg_NM46g,측면,1
6fyf5d2sPmM,정면,1
lN95-bukMms,정면,1
NWortpufWc0,정면,1
akiLtQB7lfU,정면,1
Rf5xm3ZM0S4,없음,0
yNURnK3Xa3o,정면,1
u-ZgfN71mzs,정면,1
F4LsgyRQEKs,정면,1
oOo3IPrvc58,정면,1
Jyh_qmMMR9k,정면,1
KwYvBcdb-pw,정면,1
9XJ_e8-hx5M,정면,1
x-02O_1YnmE,정면,1
XgjfWQCwULE,정면,1
Wk_wBcwMVWo,정면,1
beXN6XLA5pI,정면,1
M5aYmD6uJD4,정면,1
TS1bIcZPQJM,없음,0
3BNTAM0Fecs,측면,1
BdP_0tJoEhM,없음,0
y4jflWhjGAk,없음,0
v9EB0-eAFOo,정면,4
jnT7qv07n0w,측면,1
EHHDzD7Aw2w,측면,1
lepM3PcQu94,정면,1
nA9qaPed-W0,없음,0
-646D3GVPh8,측면,2
tmEVQq-AoU8,측면,2
FG_JTFET0ok,정면,1
PuEBqBi8wtI,없음,0
3hQBT_Qx0YM,없음,0
qwMl16TD8gM,없음,0
afsYt2dP6Bc,정면,1
fqH3CWT3bFs,없음,0
GFN9sJDs4Tw,없음,0
pXkkKu93nWE,없음,0
3eKlDrgCruk,없음,0
kL4BBbaOnew,측면,1
cEJD8QC-Z8I,없음,0
s4-8QtF2gUg,없음,0
nDFgVZnAzEA,없음,0
9exvK8YeLm8,없음,0
dwHfuZy0gXo,없음,0
sne1zoFER3Y,없음,0
cR2WDH2Nf3E,없음,0
TMAwma_RFOI,없음,0
fR3e6Ur6FnM,측면,1
XA19X-siepc,측면,2
xpnxYEvsJ7w,정면,2
yRXxTEmv6PU,측면,3
WIOUKfBWh_0,없음,0
6Xg6ZdmSeSo,없음,0
w1hhPtzsDMs,측면,1
I7MzSwmHMqw,측면,2
Y_uxEdBFWg0,측면,1
bQxa4nyXJ-Y,측면,1
M3CtisHtFXw,없음,0
_3avQin2zZg,없음,0
GyFhQub_GV8,정면,1
77OlzvSFEQ0,정면,1
kLMn796SK5s,정면,1
J43L6tZ7yaA,정면,1
Xo6nqRJnDTE,정면,1
MMIu1hWjFGI,정면,1
Xj9RDYntUYE,정면,1
_y6rgEMU_18,없음,0
FReILhhE0As,정면,1
Wy5Zj4lNw9Q,측면,1
TAhqXg-M4Wg,없음,0
flREABdWLtw,없음,0
XJxtRY1HHpc,없음,0
AD77HSlP_KA,측면,3
5tT3JvJW-yI,없음,0
J5g2n5Ogz9w,없음,0
lHXtxPNwdQA,없음,0
UlBzxh1X_jU,없음,0
5J_2abR3SDQ,측면,1
RTB7YQI1Zzs,측면,1
QxvhjF6aaSM,정면,1
pPAfVYl0KB0,정면,1
B88E0nwLBTM,정면,1
nMwvr9ezEuU,측면,1
c4m5mweX3QE,정면,1
g6cpCaakBXQ,정면,1
rpJT8sY4_mw,정면,1
Dm6vGzzPM8Y,없음,0
m6eLZEc6bZc,정면,1
YpfAKHWLzFs,없음,0
5BN7D8IqQIk,없음,0
rVZ43sq9nyA,없음,0
tCmmBu7e50w,측면,3
UwUTe2pSKUg,측면,1
rBso9oeuPeI,측면,2
FJQ_SUgAQEU,측면,4
Tn0MPXAe8hU,정면,2
tyQlqKOf1TA,측면,4
Niy-wsYdEMI,측면,4
ix94Se7UkgY,정면,2
bPX2V03Y3aM,정면,2
flFkNOtBTKI,정면,3
hXHoaiJ4s0M,없음,0
2h8ysAGOKag,없음,0
qh2-560iPCo,없음,0
oKkgYXIZOKM,없음,0
xP8S-zI4cME,없음,0
Du7FoccJ5C4,없음,0
MuWr3eQsKaU,없음,0
YwEh-jYdcgg,없음,0
BH25IZcItvI,없음,0
5SG0wF0lVVo,정면,3
VsKtBvcL-Xg,측면,3
4vpyKDJxKM8,측면,3
Gr5i9Py0phM,측면,2
JZBrU0nDALo,측면,1
llijMVBw2Fs,정면,2
KWy1L9_0VEk,정면,2
mekPWUz7v2U,정면,1
HQ_Q8UqvGDI,없음,0
lkrove1l_1Q,측면,4
ysw2U7EmRWk,측면,2
rdQQhT8H0CE,정면,1
umuwPQO161I,측면,1
VDwWH7yg1MU,측면,2
SAJYEzk_wA0,측면,2
4zDUQnFJhGA,정면,2
mLv6lGyyeZw,측면,2
9YAPZ7ms7Jk,측면,2
z3Fy6GQ3jtE,측면,1
_RGY_yg6oiE,없음,0
SjJUDbEvVJo,측면,1
LZimzNpRsU0,측면,1
TGSgcS05aAQ,없음,0
QmoWahLrXs4,없음,0
W5vNKN_spVQ,없음,0
RnrhdX_FWlA,없음,0
Zyf7VaEUI94,없음,0
wGUo_40gh14,없음,0
vfiKFfDEBCA,없음,0
_JLSgZPYMag,정면,1
tdII7_ajnkQ,정면,2
Dp0HHw0C4Pk,정면,1
2lf12AgfuX0,측면,1
m5b2hQc5wlM,측면,1
5jbEf9d4x-8,정면,2
wYE3CNNICRY,정면,1
huvEYO-RCNc,없음,0
8Um0b-qmBe8,없음,0
jbNrf8-iriI,없음,0
8fJYuX4d9Fs,없음,0
NrU_LVXgVp8,없음,0
lxOvykcHhcc,없음,0
8lMvgA04TyY,정면,2
STxGI2yzox0,측면,1
Patj7aef38M,없음,0
rH_xtxYvHOQ,없음,0
zUhAXkhcoj4,없음,0
IuigKEs1zWI,없음,0
ikTb21DRLEo,없음,0
uWyQ9-96A9w,없음,0
x1C48zqgl_s,없음,0
f9lviDZoam0,없음,0
IBjL2eLMpD0,없음,0
bMY_sLP5yo0,없음,0
tjchQLuixXI,없음,0
DNg7-8wbBhM,없음,0
Y81Yyt7PHTA,없음,0
RomdUfv8KOg,없음,0
twoK2kFBtx0,없음,0
tQEjyHqi9E8,없음,0
O7iXynq82qE,측면,1
4cEgkMpF3Ik,없음,0
VoDjK9ypSgE,측면,1
_9oLjWH00yQ,측면,1
XpfnkG3OKyQ,측면,1
cxF9OBFi9LE,정면,2
sGbPFQ6g4og,없음,0
BO2gZG-TpGA,측면,3
Ak1NgTAcD5A,정면,1
b-ymspcI5h4,없음,0
VR41OShh-TQ,정면,2
50v1r7DckG4,없음,0
dJntbYXPgbU,정면,1
X3dGFyQwkkE,측면,1
rILEpOMFOQc,측면,1
Uc4K0V2bEHw,측면,2
FEDRXnJmuJU,없음,0
kUvgxQ42_X0,없음,0
mEAWlDcIDeY,없음,0
ZddD5z8E6s0,없음,0
3oXe0bUmrpA,측면,1
efxpdNsV7Ng,측면,1
yEDL5MUsQ_o,없음,0
pYnamFKBTSk,측면,1
1g9fI4K_wYQ,측면,1
0tZBEgiE9G4,측면,2
4ouEB9eqMB8,없음,0
2jNR1WE9FAY,없음,0
sZ8FGUTzZfY,없음,0
O4xTb-L20mQ,없음,0
odvqGvtE9xE,없음,0
apB1en3icPc,없음,0
r_vbqFX3tho,없음,0
61sOx6bf94M,없음,0
YwPsKX4Or8Q,없음,0
LUzfH7WqMuo,없음,0
Elvq3Cmxrf8,없음,0
_03Lrgj_ISg,없음,0
ZcH8ew6vtxQ,없음,0
U9gYQbO8kGs,정면,1
Hguh8ZmBxxo,없음,0
TXnE1f4-VcQ,없음,0
WdKRNPFJcI4,없음,0
uh_2wIbWyMg,없음,0
vXdhiZ58zrM,없음,0
GZjPjqjHYi0,없음,0
zyOKSNtplFA,없음,0
J7zUNdZsAXc,없음,0
tSP1BJg2SXU,없음,0
af9B5K0mAIE,측면,2
L1Gf3MFqWZ4,없음,0
-PQVUO8OFgY,측면,3
OJNLGPyc-Ww,정면,1
gaAuGC5cPb4,측면,1
aDHo6Yap5Yo,측면,1
je3HH3Aeo_8,없음,0
3DDYa1NpYUM,측면,1
-K2y0NPs14E,측면,2
hGi7IShbs6I,정면,1
hPFPYmk6GhQ,정면,1
kwjBBFDTTt8,정면,1
UF7-kG3uYVM,없음,0
-gyPozlcc_k,측면,2
fSFc4StGWvA,정면,1
SPWoHQyO7iE,측면,1
cCuKx6j3rHY,정면,2
990b--R-lNo,없음,0
2-O5RgJ_nzU,정면,2
1s6dq2cMXc0,정면,2
um8YKCbHy_E,정면,2
zQzf_FbaoUA,정면,2
kLHJXRxFHHw,측면,2
8FoCeGSzh18,정면,2
gFPZpSU4GNY,없음,0
NYNPtVAopxQ,측면,1
-0DodBqk0No,없음,0
v2Za_7Nl5ic,없음,0
TVsY1ZnxIEQ,없음,0
LO_P-AOYzGw,없음,0
Fyem6Zzg6L4,측면,2
ihfwZU7kc2E,측면,1
dLZWJ89sdFQ,측면,2
6vbDRRoX9bs,없음,0
YwirR_WBdD8,정면,1
FD6eKeFPqPc,측면,2
Gwm5G99feSU,측면,2
dNbHzorHubE,측면,3
QiSOy1Pl4so,측면,2
1N2UD9xgrW4,측면,1
CM1nRQJXr74,없음,0
_gMUTKbiQ4I,정면,1
hip2Te-Om7c,없음,0
fsM4AIdMHUo,없음,0
JdoyiFqM4MM,없음,0
5NP29RaTauE,없음,0
AkY1PY_GOlE,없음,0
PJQteOOJdjQ,없음,0
yjlTKarNw_c,없음,0
QQ10ffjF67E,없음,0
_h_putg9Jg0,없음,0
7p6MpuB-Twc,없음,0
UNkULXuhAVA,없음,0
76CELGsKPcM,없음,0
0LZ3ZENyakI,없음,0
mLh27m5q3WU,없음,0
_hWT7jEnfw4,없음,0
T_dzU3Kfpb4,측면,1
Pabjo_CMX88,없음,0
AfWdcwmrQxM,정면,2
uzvrc4xefS4,없음,0
O-sS9LB-YUU,없음,0
wxvrBzqgl24,정면,2
s3pfvN_0Kw8,없음,0
2u1oOOXTe5s,없음,0
Wc7Fixs6yvI,없음,0
VYSx7SpiDG4,정면,2
U19eEnFYPdk,없음,0
qME-kDeLWvU,없음,0
lN8YFGbf2yM,없음,0
lHdRlDCYJcQ,없음,0
HneF3xb2VVw,없음,0
z-qsOcKi3FM,없음,0
-eIrRN8NUao,측면,1
WaZm3e8YYWw,없음,0
H3Pu4goQYkw,측면,2
3-MzP6dwrGk,측면,1
ktb0Xbogvm0,측면,1
Ip7QqN1Vxuk,측면,1
KyFPMeQk9dU,없음,0
Ut0ofKkDtxo,없음,0
T_UyZ8b9kKA,없음,0
u6AlkN1sxKw,없음,0
37HmacbVTJA,없음,0
J-owsu9u6Jw,정면,1
_xjz0Swy2Bo,없음,0
YnH8_a3k4Oc,없음,0
A43hIqCK8pU,없음,0
7-KoKvVuJCY,없음,0
lPp2xzqUF_A,없음,0
hTON5kMXJVg,없음,0
dAuagkuFGSY,측면,1
SYMTgvpROvk,없음,0
CD7y91Rysq0,정면,2
Hhu-FpDyghs,정면,1
6Whw7h2BqF8,측면,1
yeG-goKoR-g,측면,1
UxFdFjq_Ang,측면,1
aJpSP9j9aJU,측면,1
l1Hm2h5ppaA,정면,1
GGlUp1Jr8iM,정면,1
B-aDUDNcf-I,정면,1
75Ou4QtpE1E,측면,1
Omf2Mg2NuH0,없음,0
1a4sWA1ewyE,없음,0
Yn_VhnUhK4s,없음,0
2nZbAUlZoaA,정면,1
4lYVs1GgVDE,정면,1
qoIyPvXT0WI,없음,0
3G7taFxyzFA,없음,0
ZTbioznmx5o,정면,1
xRjqJkzQTqQ,없음,0
14ucz6AGJm8,없음,0
IxksG31VPU8,없음,0
V4_KanHWcCY,없음,0
leRVcelGkMs,없음,0
Qz3tdvC-C5I,측면,1
rtmO3dhcWbo,없음,0
jZb0eyOrqxU,없음,0
z5ZbPZeYILo,없음,0
F8tPuEyD0tI,없음,0
C3zdyKz-iMU,측면,2
hZzB5-w8QSw,없음,0
C-RI3uo7y7o,없음,0
NeXqQVs7ToU,측면,1
gE7hEOSL1NA,없음,0
VGSDbCANR_E,없음,0
yNAn3bAmPXM,없음,0
SSFRQHqu_EY,없음,0
PNG6aG71DOs,측면,1
GilXqhERkd8,측면,1
Xk4hdUt4IgY,측면,1
iqLMzrW_SI8,측면,1
-Zde8hOL-mE,측면,2
X-bSoYUiVhg,측면,1
pR6of9bi_Xw,측면,1
uT7_JZf-MKw,측면,1
6oNfKq93T2M,측면,1
kU1dzD8c43A,측면,1
1xgObCyCv4s,측면,2
bH9BBHvmvYY,정면,2
8RHWj97O9YM,정면,1
cYwMkVmONWs,정면,2
jn_pxIikZDQ,측면,2
GRlXa4Gg3G0,측면,1
AvrX739FgdE,측면,2
hg-5OI-bua0,측면,2
RJdpi6yZXMo,측면,1
thCHXaazAIc,정면,3
FECtj1nO8Kc,측면,2
dYZReMe2LX0,정면,2
UcmdiK2lQGc,측면,3
DnmzTsCY-r0,정면,1
kjPqim6yEuM,없음,0
_VfsE8gZcFo,없음,0
v5QshjVKKH8,없음,0
jBqs5f26eT8,없음,0
Ke5uTQNiSQQ,없음,0
7wMLaSBHaIA,측면,3
B2uFfgBr4sQ,측면,2
vIQvH2MLc5M,측면,2
87Vc55kiyRA,측면,1
Q2cQIdt9lPk,정면,3
58hx0o8LTco,측면,4
Q3TLo1qUpU8,측면,1
WLOCBdUatko,없음,0
RvXmnfRzCwQ,없음,0
WpM5yjD2YvA,없음,0
sLimU-IAWTE,없음,0
DBEfdzhci3o,없음,0
vtdTV06J7_k,없음,0
y5f2ax_WgHw,정면,1
Uen1NGBZrU0,없음,0
PxTORb0kioo,없음,0
6F-yUutgxjE,없음,0
es8d9tJqT8Q,정면,1
5SFikMDf6SM,측면,1
yZt-Pr7UN_4,없음,0
o_mEo1XkHkc,없음,0
yEdtA0oz4oY,없음,0
FP6blbR5OLg,없음,0
yeAsglzJQJQ,정면,3
taT5ibS1Phc,없음,0
OChbrDXA6OE,정면,2
m4fzQDYQXWg,정면,2
kPClJ2fMmp0,측면,2
JW0SrFb-yFQ,측면,2
GrfWgPEBudQ,정면,2
cDQpStl0Oak,없음,0
QheF3R0mpTg,없음,0
U07aNA5JoEw,정면,1
16hW_-tGeD0,정면,1
ZwFXsVV3l1A,없음,0
n76DbRWpAbQ,없음,0
Ok56Mw2Tpow,없음,0
V1KGQZ8YEAI,없음,0
jNesbJB28xU,없음,0
Oe3TK8YeR5Y,없음,0
W1C4CWKoj4E,없음,0
zzFon8fn798,없음,0
pX75a0xDIUo,없음,0
gCeZX3odWjc,없음,0
l9cbe5QO-Vk,정면,1
Myja_C4M6CU,정면,1
oy-WM6BBeyc,측면,1
4sOvRPxne8k,정면,1
rRLpEwIPz24,측면,2
0R-MEUcQpFE,정면,1
llEutMdfcDU,정면,1
JEcxriIeX5Q,정면,1
h11PSp5T3sc,정면,1
JnCrC8OjH1o,측면,1
da-9F1V5ez0,없음,0
Ep4wjqVHoa0,없음,0
_biaLzLlvnc,없음,0
HIkgNH6HbFI,없음,0
wILCLuAdLxE,없음,0
ws_qEhiZIaA,없음,0
HrG1-AmItVw,없음,0
lt6p6wrMVjg,측면,1
wvqJ4rVBjJ4,없음,0
D9LuT1dpo_o,없음,0
IgB4FdL7WIg,없음,0
VDHwHnm-MMg,없음,0
MxN6gqg9e8Y,없음,0
iZRE0myh_WE,없음,0
kt6M0Pmc6Wg,없음,0
Kqb5YLvX4bU,없음,0
x0AViU8zBD0,없음,0
KYrN2QPg37U,없음,0
AW79FQNKoW8,없음,0
AFN6c6267iE,없음,0
q81QxrDwRgw,없음,0
Ey4esr6mXa4,없음,0
SwcJ26tQi-w,없음,0
uUowpUAu13Y,없음,0
kfgFzgi5grc,없음,0
kSlXb4Mlj5M,없음,0
Hp4MxLDfZvs,없음,0
9LxiC83KfGo,없음,0
iuKWRx05ddQ,없음,0
ZxSd2hkV0Zw,없음,0
ZCQzDTp5v4c,없음,0
jQR2AnGuIoM,없음,0
s0snwe4YTp0,없음,0
PJnXj9HTp24,정면,1
GENRWpHjA04,측면,1
uDPygj5baRg,없음,0
uyba9aSw-WM,없음,0
dcGx4DZ7LXU,정면,1
9olo504bXrk,없음,0
BFqx3gavi3Y,없음,0
P-NPqoKP740,없음,0
-A9JyXkuOj4,없음,0
ryIspJUIad4,없음,0
6zeWumxmsHM,없음,0
uv0vdtR1aqI,없음,0
3T2rwcbtZCs,없음,0
PuRkZUs9ZWs,없음,0
WAbFG_TAx0A,없음,0
ZNdXrRdSP94,없음,0
R-RaaVlyN2s,없음,0
ZnPOD0UvGrU,없음,0
f7XdtcpBHwM,없음,0
WPWDswYTD7Q,없음,0
M7gtrCC0RyM,없음,0
VzI3g06PU2E,없음,0
Moaiz5zbwCQ,없음,0
-HYMNQoGFuY,정면,1
J6HQTM5ARC0,측면,1
QFfflsN97sQ,측면,1
mTyMMDHFH3E,없음,0
5IXFEzfxaa8,없음,0
8QI258XbZGQ,측면,1
DEWzCe-LwzQ,정면,1
pgXOOfBzrM4,없음,0
X9Pg8xC37i0,측면,1
lOktUVtt8Lg,없음,0
IlHxu5pHZCE,없음,0
t4SutCcaN8A,없음,0
9aZkZmEbLOY,없음,0
lIUBmUBTPhA,측면,1
mS3_ltkLgto,측면,1
cYwM6u7-v2o,측면,1
pnBtWLPdjPI,없음,0
L6gUDQzwpGA,없음,0
5dOxJ0h5tbk,없음,0
l3CQwIbsby8,없음,0
FcG7zYIfy8A,없음,0
E26cHVXT2i4,없음,0
RvzurQq_AqI,없음,0
sdj5HqIyzVw,없음,0
JQj0iZ_aXTg,없음,0
Y40ZyAgLoz0,없음,0
WjJecuRy0Hc,없음,0
ZQPcWi5EUwk,측면,2
8OeBYqsPbks,없음,0
o_6_s3ni78A,없음,0
c22DpyyP_qA,없음,0
Gj2KWWUFFxA,없음,0
c_fh8mRNTg0,없음,0
4lavqEYXc5w,없음,0
4DfPI8AAUXk,없음,0
8OLlfyVu49A,없음,0
4G780csTigU,없음,0
DBMn36dcbIg,없음,0
GhEMs2Ua994,없음,0
qz6o8RFcQQM,측면,1
PquzikAK-IM,없음,0
zwbPHw3fz1k,없음,0
YXOpAJMP03Q,없음,0
oBFSeYjN6B0,없음,0
iDBhcr9ppco,없음,0
ZHWFUS-WQlw,없음,0
4D7aPkd10xw,없음,0
c5CmAQn2Fxg,없음,0
rjbh9AqkIYQ,없음,0
oTdnWR7c2-4,없음,0
aJYIXt5VMX0,없음,0
1N_IwUIr7Bs,없음,0
5sX-nFwfbj4,없음,0
8JJBkRz_eAY,측면,1
6voaJ3kgL6I,측면,1
7v6wjqxfibs,없음,0
Zp6Q7EunlQ0,측면,1
glF4AhZ8Kxg,없음,0
ignZyYuYT6E,없음,0
c7ViZTb0-hU,없음,0
otsGOEd8WXE,없음,0
EZvETge0mYY,없음,0
Ivx82yDAkvE,없음,0
P7NcrdEOL9c,없음,0
5WuVLsUAn40,정면,1
mNyFFVgPSow,없음,0
AgwXe-OA-jI,없음,0
SthW_iYC7So,없음,0
CSIhs_xNf4M,없음,0
ZRCXj4723hM,정면,1
56Ji-oiiI2I,정면,3
dOdT4wmZte0,없음,0
Ru8jHmOP3oE,정면,2
xJr7ZfDmYkw,없음,0
RV1o3m_K5vI,없음,0
fRZ3F7_fDmw,없음,0
5yhx5hqd4d8,없음,0
hPEi2iAaouc,없음,0
GCaHMTr80qo,없음,0
WSmuIEWhBl4,없음,0
aNj3Sf52R8Y,없음,0
X2aPYd7UoIY,없음,0
be8JKykL5Z8,정면,1
8YYmWinU11U,정면,1
r0OIe12MU4k,측면,1
DkEgXYJ7hqk,측면,1
prvyg3-PeX4,정면,2
93DmAwNR_Ak,측면,3
p63Cp70RJLg,정면,1
xQbaBhQrEG4,측면,1
WrOvNXGjdE4,측면,2
vM0mk1qt0CI,정면,1
zpP50JoeScY,없음,0
fT24N3iJokU,정면,1
go4uDMQSDFk,없음,0
Hzy-eaKl93E,정면,1
XhLSVHGwoRM,정면,1
VuX5sjSAH0E,정면,1
zGrs_XIRcGA,측면,1
u0QgDicgyl8,정면,1
fFseGvy3n4o,정면,1
kf04RYeXuag,정면,1
FwpEFGzIUCg,정면,1
OiQwLgyL4Is,정면,1
5vnI75ud_8Q,정면,1
H_WpcehEzO4,측면,1
WzJvBtrKozc,정면,1
hk6uaZsGVZw,정면,1
1ZgrIUQvbOs,없음,0
zc3hFzin3C8,없음,0
QskB3hOn2BU,측면,1
CjFiGypZUw4,측면,1
C9UZwyXTti4,없음,0
gOmUao9HbgY,없음,0
eqEMi8ZdFVo,정면,2
Koeh8fM58ts,측면,1
Dn-vtDmLGQc,측면,1
C0NPNmDiKI8,없음,0
x-Do4ke5Pw8,없음,0
GJxe8uWN6zg,없음,0
s3Y6JwqPg2Y,없음,0
5N74httT7Bk,없음,0
CzjylAq_o4U,없음,0
-jnoV57b1DA,없음,0
2V0ai5sFBOo,없음,0
-op3GPeCfpk,없음,0
qhlIpVoJvdo,없음,0
sql_j2stmCM,없음,0
gAZbRQtf1v4,없음,0
VpaQvplXxug,없음,0
GzMQ6U7DHfA,정면,1
TFZF36sYHMI,없음,0
aLDsk5nl07o,없음,0
JA5ChCU6Q7o,없음,0
f6DNtWIWKTY,없음,0
bMkxqS5mcr0,없음,0
bwzcYtFoMEQ,없음,0
dne83jB3xYY,없음,0
Z9oOYp9wG2g,없음,0
WruNjTEhlac,없음,0
ZIUoJhivNX0,정면,3
wrhYLlHZ9aU,정면,1
TKWpbjelgBs,없음,0
S1s1Yzd2PEk,측면,2
Y6ZK_5yoC-Y,측면,1
zLjbTC3mcik,정면,2
EaJHVcTR1sU,측면,4
WTgytg0BwJs,측면,3
llGMcFKCB-8,없음,0
-jNXtGvU7Vk,측면,1
TmQKnfaKK40,측면,1
DtQ0zg19gDE,측면,2
ji8lLEyI2Mg,측면,1
5xpI84_QQtM,정면,1
ULX9K_UvIU4,정면,1
jVYk5elnFmw,정면,1
Bqhf9LJhb1M,정면,1
Jw8TZPT5mrs,측면,1
piz3ajzLRLk,정면,1
Q35gCTFC7rc,정면,1
9_vHvL-ql5s,측면,1
FCRu7OsWR6o,정면,1
ZV_-8pFbzpk,정면,1
ZfkcAsYWyEo,측면,1
afG78IMBKco,측면,1
oHARmg8X7J0,측면,1
MANwantFz8k,정면,4
3-68a8HTGh0,없음,0
w2ECr6PfNXw,없음,0
GCCLTWv23O4,정면,1
kIhbx3AbdTc,없음,0
jdmp6rqrFcw,없음,0
Sfa9PGw2qoQ,측면,1
J1sJkRmza0c,없음,0
riQ11ahuqn4,없음,0
y9XdGi6WNos,없음,0
tNxdc_JzAhw,없음,0
3l1tiMZLNh0,없음,0
9rHEsFNS9Bg,없음,0
fo8cH8F9qFY,없음,0
MBmE7dqAYLo,측면,1
TXkaFrwpsYg,정면,2
fhbNvBlsWnE,정면,2
XmksvkDpIn0,정면,1
ibv9QrWnXBA,정면,1
2MqP2GlMzlY,정면,1
-F7FQco4MzQ,정면,1
HfsppMNSDdA,정면,1
xcPHlkxHGs0,정면,1
AP8p-y8uz8U,정면,1
uQNEGplYpxA,정면,1
7dq2yqG1Xf4,정면,1
P8nQm2M0KAs,정면,1
a8PPAux_iaE,정면,1
tF3UtfYYdK8,없음,0
yyuXomRb8-o,없음,0
t-clSA9YdRo,없음,0
dOmSh9Aqfe8,없음,0
WT2odkXriQo,없음,0
0rVo0320gpg,없음,0
oZeXLhAQFJE,없음,0
OXW_Jvx6uyU,없음,0
Uz-pTj5gx8Y,없음,0
o8nRKLlopN4,정면,2
vP3ZlF_PAK8,없음,0
uvAHrMSu3M0,측면,1
oetDG5eFfeI,정면,1
2jIibVcPkG4,측면,1
i7IAtZF3bRg,측면,1
ElqvKUC4STM,정면,1
GvadD_LXRj8,측면,1
hHwrdEqagWg,정면,1
m2UMfmHgzuQ,측면,1
lKdt1RBQTzo,측면,2
yuMv64hJY90,없음,0
06wR16XkmUA,측면,1
w38Nm4UNWAY,없음,0
4lYTFI2r_OQ,없음,0
fevHxjM58JU,정면,1
Ii33LgZFkow,없음,0
z42gCf4zw1s,없음,0
g2MTKeWcLHc,없음,0
yZr-71XlBw4,없음,0
fz-goXmsuUI,없음,0
oQ3po-9r_ak,없음,0
nXCvNH93sWs,없음,0
n68mipf6UpU,없음,0
ovP5S-xXcLE,없음,0
b2Be5_bJNac,없음,0
6w4e_3ddaMg,없음,0
DOKqR9Y_hZY,없음,0
RVjZJIV3KDo,측면,2
iCTm-hBSYAc,정면,2
ik5ua3A-a0Y,정면,1
8rARdKalJ2U,정면,1
vSpfcSfVU28,정면,2
6fAy3TZa-QE,정면,2
Xjlt7WhLGbM,측면,2
BCFQsXOIXyc,정면,2
putXb8ReEDE,정면,1
aZEEkwG48xc,측면,2
185czUSRQOU,측면,1
DuwQpbDEU-o,정면,2
nQWjyMuoikI,측면,2
TLHzn2XyBbY,정면,1
Q5lXpikvpTw,정면,1
O2Arp_2lGAs,없음,0
VVigIPnK1QM,없음,0
OdiqA1AFK30,없음,0
b4cVqnc7_Wg,없음,0
WkxE5gQ2SaU,없음,0
FuODzyrV19U,없음,0
okk3Y_0RryY,없음,0
tgKys7tRzcI,없음,0
KVs-hy984hk,없음,0
K3yTD3rG-5U,없음,0
8XxgvwuACIA,없음,0
WYcd0Y3WwUE,측면,2
IB9tbmVbFNI,없음,0
GMst9Gm3i34,없음,0
YgzFfvn1x14,없음,0
tP62gd1QuW4,측면,1
YsybXmzNvRs,정면,1
M3s1EQGHVE4,없음,0
yCqKm48WkUw,없음,0
nlZ7sBdUpN4,없음,0
CJBD9vyD76g,없음,0
rk4KZVLPSK8,측면,1
ufXD6my1r-A,없음,0
tIWe4oHgRk4,없음,0
OBhSGgQeHLE,없음,0
iheRNKS3xCc,없음,0
_he9pWkR8zU,없음,0
JZZrNP1K8eg,없음,0
3SqoGQJ4pYs,없음,0
XSsLwnkKlbQ,정면,1
l_xaN1Wk0uw,없음,0
CJKyrI_EhTE,없음,0
M4ekNDrcXHo,정면,1
QN6fyifVQqo,측면,1
mxai7ZJLB7M,측면,1
CE7HjQh2Pt8,정면,1
iiQEoWVOvc4,측면,1
SHh8M7KbQBo,없음,0
GC4LKUYfJz0,측면,1
ThgLo3-f6ZQ,없음,0
gN8gRKiqFaM,없음,0
mNoPVzqzqog,없음,0
uLAjZeqClaQ,없음,0
ohmPFDraYwg,없음,0
x5rQXrvb3Vo,없음,0
hjN08I1Gu7U,없음,0
zh3Bjozbm-c,없음,0
Qy6yXEYn0Bw,없음,0
NWDwckPWERU,없음,0
AgpOfCdA1p8,측면,2
9ecbeRgTjBo,없음,0
RuEfVJFOYwY,없음,0
q2eb0fZgHf8,없음,0
xgR5pT6OwDY,없음,0
dEXyZ_OnbN4,없음,0
IXl-HVUC2mU,없음,0
_TTj24cHipI,없음,0
8nN39WBDseY,없음,0
DhxsR_gy6GM,없음,0
NkGO3FKk_qo,없음,0
-JRGAdu3XRI,없음,0
5640Sd4tFsQ,측면,1
UkmwMVOevf8,없음,0
36xuWDElIDE,없음,0
Q8cv2zIIWwM,없음,0
k71PdxKDRYM,정면,1
dUgyQgSrsRc,없음,0
gXycttTv6ww,없음,0
ndlWr49bNJs,없음,0
EK-QAJWFlDI,없음,0
Ge3dkhP1HMo,없음,0
73NUbqJzgfk,정면,2
wBGOm_je3rs,측면,1
BVhHSK1JnpU,정면,1
b2eJb9Y4Qrs,정면,1
DYVmi98rtZo,정면,1
tEX8LNVyLbE,정면,1
7L3HOvTrMws,없음,0
RoDk7Rvp7Ho,측면,2
WkEh6rajScc,측면,1
qU1Z_lIpBjU,측면,1
l0kkMyzKRY8,정면,1
DBIzITq4J0w,정면,1
aHmIxML5kqg,정면,1
OP8363syWrU,없음,0
W06swVy9wmE,없음,0
Wgd7FWdHdKM,없음,0
lP2_dg6PlQM,측면,1
IJwk3EUXC-4,없음,0
TcFXAhO92ow,측면,1
JSK37w5KSBg,없음,0
9sIivp6T3yQ,없음,0
9r3RK-p9dKc,없음,0
_1ukpbriNXU,없음,0
jX3nC_55YDc,없음,0
FB9loBgegfw,없음,0
6Sf3fL3sBDs,없음,0
3FqgPQyd3S0,정면,1
RyvNnlLy6QU,정면,1
R-SVNyuXfmQ,측면,1
klC9nZ2yNzw,측면,1
oN0ONy2UVKs,측면,1
pF3utlaS8vg,측면,1
GnvPfWPJ3E4,정면,1
WJ1mrinrewI,없음,0
Ul2w00Tub_c,없음,0
102dUdCZVnU,측면,1
-cAl0YePiAM,없음,0
zW8wEWWVfR8,정면,3
MbkuXy8MRAM,없음,0
MZBDhXf9BQc,없음,0
BQ-UASsVJIo,없음,0
uep5bh0PEOY,정면,1
Txv9dOZ3McY,측면,1
rB8YU5E1SLc,측면,2
AVoS0wbiBNc,정면,1
fhlBkNFgKvE,정면,1
1-SP7fCLFZo,정면,1
pw801F4WsLE,정면,1
T2Nkf-jC6So,측면,1
ncPBXM9ZGjA,정면,1
gJ8c5R7dQ2g,정면,1
Sj7bauanWWk,정면,1
WsAq--ylQwQ,정면,1
U8JYeieCGJw,정면,1
ZnCkJJo6bdA,정면,1
TRs3megbgnw,정면,1
UxqzZPeIzCc,측면,1
8PhPvSIYao4,정면,1
FcT_HkCDL_4,측면,1
HqKD0_4aNdw,없음,0
FRJt7YkPE9I,없음,0
CLUILvSgdsM,없음,0
9zEm_pH1e7o,없음,0
3ciXVtKwb50,없음,0
VvsPirBs1x4,없음,0
fdbhfGmKXOc,없음,0
JA7MvDB6gG0,정면,1
3n1wbwaWNDc,없음,0
lUWGbSDbwhs,없음,0
ThMF_Va3Psg,측면,1
D2MQ1jlTxKM,측면,1
VtgbKcvAojM,측면,1
OOFnf096gw4,측면,1
ADpZ2_pvygo,없음,0
BmEyWuEczWA,측면,1
RjAlyYBZyqQ,없음,0
9R5ixrTQN6o,측면,2
wsPNPf7aIM8,측면,2
v5jTzokEL-0,정면,1
D1d5SeKbHEU,없음,0
wKkDUF3rGnE,없음,0
Q-QmOPeS2so,측면,1
ukbHSTKYqow,없음,0
LdJbFXD_nLo,없음,0
GAWgjMojhxo,없음,0
5ra7Ja8PF7I,없음,0
gLjQsIx1YgY,없음,0
fDd7RrgwGDg,없음,0
XG81E36zAuQ,없음,0
clXggcV8mL0,정면,1
FBKItK3k_bs,없음,0
P1Lm6BnHJ6I,측면,1
NhFnVvpuLBU,정면,2
d_dtCrGyFQA,정면,1
FMUUMEaxsTI,정면,1
SGhub1GWsvU,정면,1
PZI6HBmY1hg,정면,3
pYErZ2GuY5c,측면,2
-YT7uWmB36g,정면,2
YG4KYA9AGwg,정면,2
6K_27C0i9LI,정면,2
lrsaEQ8CjPg,정면,2
lujR1lgTwNA,없음,0
ZZDIShJrTgU,측면,1
aNv6JJlwuVQ,없음,0
3iOknoRLOH8,없음,0
yVc8a0QGThs,없음,0
BOe7OEvpADY,없음,0
zKpwRrRcWiw,없음,0
kD04asanBgk,없음,0
Q1j_I69bTFY,없음,0
Of6xbWGPxZU,없음,0
5Dq3wHVR68E,없음,0
8enFlLTNNXI,없음,0
9OMq5XCD9aQ,없음,0
BwT-ndO-C5A,없음,0
IIY23Cl8oIQ,없음,0
Y3aQ3uLWBBE,없음,0
9Q_QC8kteGs,정면,2
eUYY-O9PyRQ,측면,1
8uG5OEm7X38,측면,1
sKJT8i50oM8,측면,2
Uoqb0I88fOE,정면,1
UX2nVXNvj-4,측면,1
eeip3j1wVPc,없음,0
RmKsP6YRehk,없음,0
-YcEuFnr01k,정면,1
Rm5UvkMkfLg,측면,1
o7Gf6Q9Hue0,정면,1
kJXLtoja3Aw,정면,1
XAs6D9gc7QE,측면,3
5dnBtlz7QmQ,없음,0
xZTvcY3hr0A,측면,1
rrm7GN_Y8V8,측면,1
v78jRK3FYC8,측면,1
XncAjD6SRa8,측면,2
1_pos1lUl9I,없음,0
pjvYm7nWxBA,측면,2
mc2E9c4Sc-0,없음,0
qbU7EQE1bTI,측면,1
F8aT9M6OdA4,정면,1
TtGcttKYaSs,측면,1
EeH90Ma0Y34,없음,0
WIu6fQF_hFw,정면,2
8FHIl6SJDoE,측면,1
j6bdXJkHunw,정면,2
9D5dxwhIa_o,측면,2
-5xu7Wmxejg,정면,2
2jdoVWoXX20,측면,1
yKtUKqtuYqk,없음,0
K0elb13iDfA,없음,0
k7oynoteI4o,없음,0
kbhnf1knVro,없음,0
W_35AQXGzlM,측면,1
BUYZW2yc5Jw,측면,1
-RPWSw27VDU,없음,0
jw9mcBSY1Zg,없음,0
VSKbjDZhwOU,정면,1
26Xt4aoEXsM,없음,0
2o-Wnx58OD8,없음,0
u9TiyfyUBrY,없음,0
UuDcTRMSAjk,없음,0
_OJTMQ5avbI,없음,0
5JSVEidHVlU,측면,2
jTxvWnPLE4Q,정면,3
meReG59PLeY,없음,0
lB-2r0SuDMc,측면,1
Tl3VGX5PudA,측면,2
5MjAzDaxHIY,없음,0
3tHkVlbSuzU,없음,0
IFqUswVkong,없음,0
KWEhmQu4tmw,없음,0
SAlSA8lo8PQ,정면,2
oIS-tM9Sh_8,정면,2
aodS3dcEYjs,없음,0
ARDqOjHH1YY,측면,1
8WIrObMLqj8,없음,0
MWq8ZurRKIA,없음,0
mM4G-YODbag,정면,1
yciNrLtd5XQ,없음,0
o4g-wXn6S0U,측면,1
KeEuED3AfGg,측면,1
EaSgTQL-tSk,정면,1
6OLkYOvkRgw,없음,0
oRHMQT02xsU,측면,1
OjDgx3T6TQg,정면,1
chEnDWgYnYw,없음,0
PCR-1IEhCLM,측면,2
q-kOxZ9NO_A,측면,1
Wr0vKXvNaVE,측면,1
QdQFVh75Cy8,측면,1
VnBjZIOIdIc,없음,0
gUD88Sk-n6c,측면,1
RpGqPtvVFn4,측면,1
mWd4EKPcfkM,측면,1
PF6PaEHPZhk,없음,0
b408cXUEXB4,측면,1
xB6-EXgYYlo,측면,1
QgeKUjXrWg4,측면,1
S86zsN4PDD4,측면,1
6fpVtpcIE6Y,없음,0
dTJXJXjFLgU,정면,1
F_6yl6V8sKc,없음,0
JFdIsUbQFwg,측면,2
d3-ZFovytBc,없음,0
APFuzbAX3-Y,정면,2
YBHyguCyPeQ,측면,1
R0u25wB-ODI,측면,1
cnd8uo836J0,측면,1
sYDlCx2qDF4,정면,2
sPbaJegYOpE,없음,0
nknuY1OnlHY,측면,2
HIaZ4mk5Lrs,정면,1
f_plYc3M5FA,측면,1
aAJTu4nf9YM,없음,0
6l0UynTTqKw,정면,1
IDo8Sr_a7yE,없음,0
1ryxA43R3Bg,측면,1
rYpG-whmE1U,측면,1
xK5DttBv1XE,측면,1
qDjWjse9V4Y,측면,3
XFrzXWVWNWk,측면,1
TavdGHco-A4,측면,2
D4QyPM0XZ64,측면,2
1TXhRy-gAXo,없음,0
rO3lE5Wresg,없음,0
wkn64UuWlGs,없음,0
NUBkOPqvue0,없음,0
mAli4S-VE_w,없음,0
RP37QBIRxwI,없음,0
GLVAJkxq1jk,없음,0
SX5IjqgO3uo,없음,0
KKio4ElQPlE,없음,0
p3C2wm7mntg,측면,1
1mQ1H_zvVDg,측면,1
9GDTreudxwo,없음,0
J4bO2Hr7QCI,없음,0
d9kjAbQyY4A,측면,1
CdjkSjwpCmQ,측면,1
HvNPykB4agc,정면,1
Nm3xMkU8lRk,없음,0
e1mIuciZatQ,정면,1
34marTKtlEg,측면,1
t-GU--2D7Zc,정면,1
dP5PjYSHZYM,정면,1
YsqvH0rrNoQ,측면,1
uLo3ZzRMJok,정면,2
BO6vKqDVoLs,없음,0
s3wTKU7Pxo4,없음,0
i8yOzI7EFzY,없음,0
I7o1VEIlBko,정면,1
ngKb9XXhyuQ,정면,1
inspT4fs6gM,정면,1
afkE3Yt_E1w,없음,0
B8YjhlLz6sI,없음,0
rvW0EEF5JLc,없음,0
gpandjiFjAo,측면,1
3uLJNqF0qMs,없음,0
zEDDsb9VA6E,정면,1
izN_n1oUAH8,정면,1
79dQooqR8JU,없음,0
xkKjYJZhIW4,없음,0
f9xGr1LWQ0Y,없음,0
SXUsiyafRWM,없음,0
tzZXlOWzDZw,정면,1
biXzjE8_TpQ,없음,0
lfCYXek-yGw,없음,0
oqVf9FNJ71E,없음,0
FKecGo-_vGk,없음,0
Va4B3FXxxMA,측면,1
qL2l-Xwusj0,측면,1
cWTf5AOESv0,없음,0
lugbsnevAPg,정면,1
vvvz9UHBpLA,없음,0
nCKo4cIpoX4,정면,1
1aaXuYHFFu0,측면,2
ZDR6LBKt14A,정면,1
_WGKdQ6Oz8E,측면,1
iuuSX5UVTXU,정면,1
ilpBBHNqAQs,정면,1
HIx26kXe1yo,측면,1
5XUV-P5IuWU,없음,0
DYnWSyu3GzA,측면,1
blxTOAg8ZJE,정면,1
YTywPuFmR8E,없음,0
osuUcNuvDFQ,없음,0
V09e5UzuLVU,측면,1
1Sf2epEiRaQ,없음,0
fphmvmckMz4,없음,0
wJ9XYva5eis,없음,0
__2Z0PW2DHg,없음,0
u7NX8f6hes0,없음,0
K3Ctvt5jooQ,측면,2
hRTRagy-F5k,없음,0
rsE7RLw7BjE,없음,0
ddVqGpaTqPU,측면,1
gZb5pojCVpQ,측면,1
7cHC5_tisnw,측면,2
60HiZwOg68c,정면,3
fZOWTbh7zRE,측면,2
bRosf8fE1G8,없음,0
Na9rWpJEOV8,없음,0
IkT_fEAzHN4,없음,0
ihvxXbS4n4c,정면,1
IXMlj9tcsRw,정면,1
A5JfFcgVUWQ,정면,1
DRxLZmdykJE,없음,0
XRYTjDAAOoI,없음,0
sP10kNsIyKI,측면,3
8Kg_Hbm4GKM,없음,0
oa-A9pje0qY,측면,1
mHfkXLotMeE,정면,3
HbXTtY6DyKg,없음,0
z3Jb3gAlZl0,측면,1
GPK6ot6zR74,없음,0
IfVuICxBwTM,없음,0
5EvX8BW4JsQ,없음,0
1NOUGkRSy2U,없음,0
MzRP2T9F6ro,없음,0
6y9d0Fgeslk,없음,0
f5-Hr6nlOlA,없음,0
GnQYdMZzBX0,정면,1
_s81TbnJCIc,없음,0
qT-_rFOWpGQ,없음,0
K_EuR7Aeqak,없음,0
JlijNE2NQnM,없음,0
JA0ENljeeRk,측면,2
RWnRegSSHXM,측면,2
CJ-t9J_68E4,측면,2
vJk3H_gUO6U,측면,2
K73dBEteRTk,측면,2
k9GfAzrffUU,측면,2
or0zD4h9Gn0,측면,2
4yHtTnkGmlc,측면,2
cPZUEDVG7X8,측면,2
-XSbqdSqfQE,측면,2
x-YvkmrXY5w,측면,1
HaHGUXpQ8Ho,측면,1
Lml9h4K9tgo,정면,1
TZMY1Unesjw,측면,1
c9r-rzuITXs,없음,0
VMQGXPsI8Iw,정면,1
c1eCQNvmQRM,정면,1
lBclmk7Hn_U,없음,0
JEesxLppBrE,없음,0
INQYJxQY8Ik,없음,0
fALn8Vi51wc,없음,0
CqCBMInABFE,없음,0
YLD2a95lsRw,없음,0
sKX5V1ieGOc,없음,0
pwzxVaBXX1A,없음,0
CbKUrfK0cUM,없음,0
eYJZJfXniEE,없음,0
3M1sZMf0JJc,없음,0
Y58yxrN4xoA,없음,0
uBmoc_O9FAc,없음,0
wQiq6kGWGwE,없음,0
YfGWKssV4-o,측면,1
213Cg3ML20I,없음,0
wEw9nrqqqTY,없음,0
-dp2FDZxToY,없음,0
LtMg3gJoGsY,없음,0
A0BX6zb5TfE,측면,1
IkqHMhQ_NXs,정면,1
_43dYG5f1uA,측면,1
nkPlh-E0uKU,없음,0
oM-dfzPzltI,없음,0
y6FuH-7COj4,없음,0
L-SMM59Cjw8,없음,0
eNhH__ZTtf8,없음,0
bJlqLMPpYKM,없음,0
aPMZ_DGuLp4,없음,0
WmHTdhfvb9A,없음,0
NL7LWwO475I,없음,0
BRCGydIMT64,없음,0
gVHpB8p9W20,없음,0
hVcZkFK8xG8,없음,0
9ZJYdEPdGX4,정면,1
KvR77L_66Ns,정면,1
_trvcE69Ie8,측면,2
hKFLJkynSuM,정면,3
vgp_gtEBeTI,없음,0
-Un7gIKJAMk,없음,0
NCGXh1UEqAo,없음,0
FISnk4JmZi8,없음,0
9lLeCLASp38,정면,2
02H43ZMGCXM,없음,0
zM9l6JTNWcY,없음,0
jo9yMRk9tig,없음,0
EqNdAorczCs,없음,0
vZhMKHfQ0bg,없음,0
ZqWVMYw3gYA,없음,0
nZmKdyZ0bbc,측면,1
QkOGzBgB2ds,없음,0
pnaZP7gI4EY,정면,1
KeO-2a49Geg,측면,1
dgce-iFtBDU,없음,0
2R3xgO488Go,없음,0
qZSgOpx3DNs,없음,0
Ketk7O9wHtE,없음,0
LNoZuoNLZHg,없음,0
xDYozCsSUDs,정면,1
PE-mD79o754,측면,1
6J7mfQL7bxk,정면,1
b886Tdu2Ql8,정면,3
RPF9e4RwaCg,측면,1
0r8j7SXf8UQ,측면,1
CP0xLPOvomY,측면,1
JjlypwCIeeA,정면,1
qVnW6OPTx9Y,측면,1
k6aYz4ViYhU,측면,1
BSm0zI3qDTw,측면,1
UkNdAJx3CuA,측면,1
S87coonKtlo,측면,1
BCl2iYjUzEA,측면,1
XKr4OQkLviw,측면,1
EElviKDgi1Q,없음,0
wldnGEuzfnM,없음,0
1wbN-A4UE70,없음,0
nVzG2HA29P8,없음,0
l8L-j8_nGqE,없음,0
HrsR6vsp9s8,없음,0
6JMP4EEXOmk,없음,0
pU2ppHyDJxk,없음,0
qbDBD_aMWEk,없음,0
xTgzuk93uA8,측면,1
MQQ6KO3YEv0,측면,1
UO0R0rZ4ZpU,측면,1
c2YAfYjZ-nk,측면,2
6R4_X3MtB_M,측면,1
2ofAbBnW5u8,정면,2
8TeRF7PV0Oo,정면,2
sUfHYIXg1UQ,정면,1
dYLuLgqagC8,측면,1
C_Ear_1dVOQ,측면,1
BGvCqnHIfmg,측면,1
2lTuTmiEZxk,측면,2
I_e2IGGUZ78,없음,0
epTLhd_qo6U,측면,1
41vv4FpQvgs,없음,0
71kSMyT1I9k,없음,0
lefxqTaymeU,측면,1
FWrkbF_ExWA,측면,2
ckIVpOlr2qg,측면,1
qcNNj3LsRg0,정면,1
1FlX5wnJ4ms,정면,1
7R_nBxzaTp0,정면,1
XWhiRKgtJeM,측면,2
tg4Fs7mlSkY,정면,1
mZihfxoMg5o,측면,1
5iaSaEiyZyQ,정면,1
uR4WJNHIvdg,측면,1
KNvAgvaRBh0,정면,1
EhYYpA0xmN4,측면,1
SRRuOtkOOpE,측면,1
HK99oLevNoo,정면,1
leG9AZkla2A,정면,2
I7SUxMvj7NY,정면,1
186tbIK5qMg,측면,1
HeEx73jzPHk,정면,1
AKWrhGEz4HY,정면,1
WhIQC_IPq_E,정면,1
7NHNiXlwGgc,정면,1
4hu-qggZCTw,정면,1
tWfDAfK_A0Y,정면,1
vc081knoMiI,정면,1
D1rGgl-vJq4,정면,1
aSKyVuPsim4,정면,1
3umyarQbxyw,정면,1
geRIOzRjbo0,정면,1
_Bwf9FaDELA,측면,1
ZHov9HBmQQU,없음,0
bnY-psWDvq0,없음,0
S9wVABHaFdY,정면,2
EmWyy5j76TY,정면,3
745hXV0lOBk,없음,0
mT2yC1GRE3I,없음,0
VKjRlWsFQbc,정면,2
OrHVsDUTGyU,없음,0
J_raY-S0rg4,정면,1
DuPtkvutvWE,측면,1
b6-QhgiB0L8,정면,1
hMe-Lbfpd_I,없음,0
4Is79qRBA9M,없음,0
jr1xewq7w40,측면,1
C4MncIQJCRk,측면,1
5tbp0EC_V6c,없음,0
WZBJSHJv65A,없음,0
8XLqkgyL_cM,측면,1
8iw6nZW1uAg,측면,1
8LWjUSCpY5U,정면,1
52jYzHRw6lE,정면,1
UCLssDXohQo,없음,0
QGUgO0simfo,정면,1
xZZRJygPdmY,측면,2
TQfD9VRxFGI,없음,0
0kUMgbdgFQQ,측면,1
ll3eg4x8IYw,정면,2
w1SUAU8tdME,없음,0
kJEneRIRgP0,측면,2
9Fc9V0qyvEY,없음,0
R06Wn2Ras2E,정면,1
k70IXokUPs0,정면,1
8iA88TtO4MI,측면,1
zUdS86dZZGQ,정면,3
iV37PuDOiU4,없음,0
GX0V7PWcUu8,없음,0
BDd-6tYnErs,없음,0
gQf2A1K8vuY,없음,0
dXAEOYsJoAs,측면,1
6KUcMfnJu_E,없음,0
vR_DB-SrmOw,측면,1
rLa2gKfS1-c,정면,2
TtyE9ItT6yY,정면,2
-isidxTRCFY,정면,2
myjTFY7G7as,측면,2
wX_-edODBP4,측면,2
FPSSOEjww6g,없음,0
SAn8gDLapMI,정면,1
_gbH95lfKTE,측면,1
rCxFpykJlMk,정면,1
w0QhpbJgeco,정면,1
j1BOMF3G5OA,정면,1
ojj1Dhc5rI0,없음,0
WHJn0nAEJQI,정면,1
4W635ibxaFs,없음,0
kuy96DBlTxk,없음,0
N6VfX58JEdo,없음,0
8zC32AJkKGY,없음,0
f8wx8Lk-T-U,없음,0
rFxUbHfpEHM,정면,1
FZvLdSQrlgg,측면,1
MEO-8-70lMI,측면,2
zE5zrtCuxYI,측면,2
iiXreAqeQQo,없음,0
N4nHcezWI5Y,측면,1
w04HFoOdRvg,없음,0
5mF7PKNw4Ns,없음,0
jDoMKKjhFgk,측면,2
X-ft-uBGex0,측면,1
i6xONEzuRjE,측면,1
Mh1HxOm1xsM,없음,0
dAXMXGMsCMI,없음,0
U1MMGkibi7I,없음,0
4lZXBRNPe5w,없음,0
-hqjrmSxy14,없음,0
K8HDFkoBkSE,없음,0
NHEE_LAZZEU,없음,0
VxuECx0FEwQ,정면,1
pwGIJ4DILgA,없음,0
69EBRdTtArA,없음,0
raHRz6rReXs,없음,0
npHfOR0YJ4s,없음,0
zpFHozWV5oU,없음,0
cc4cAy99dEQ,없음,0
PYuIwhS6As8,없음,0
rK88GPcaFNw,없음,0
RFyjZJvBjJM,없음,0
hzMRfbyxhxQ,없음,0
_rHcfqUKc-c,없음,0
1tP8PnaGLMM,없음,0
KZIXzSSmloY,없음,0
hiOfoHII1o8,정면,1
J7RTN9JS4B0,없음,0
ZhjVeiu4nRQ,없음,0
LMPX377SqBI,없음,0
CKIxT6zowQM,없음,0
Evsl7NyIx9A,없음,0
IGlZOuxRh44,없음,0
y4-4EC7ENbU,없음,0
2i4Sd5123RE,없음,0
YZSkrG3FpJ4,정면,2
yo4lQ4xrnYI,없음,0
73iRIceKwOc,정면,1
pB2a7nJpOxY,정면,1
lrMaqjn7yKA,측면,2
r9ej2PN5Azc,측면,2
1tYtLtSvqYQ,측면,1
lQrG9fVnae0,없음,0
JhlD99ZimP8,정면,2
YN0a3QC99ek,없음,0
nIr7q5oRJPk,측면,1
L2Br3WXkHTM,측면,2
3AppstLkF-A,없음,0
db-HjoH89vI,없음,0
06zNz5WcXCc,측면,2
kbryqNSC0_A,측면,1
aaz2htdSQZM,정면,1
anN9blCYyW4,없음,0
YtVISnT7EXY,없음,0
U4uIyt4t3sg,측면,1
NpFqjI1Hvus,측면,1
zUqFnLLwVfg,측면,1
pr8zZ_8YO9U,없음,0
4Ic-prSFHq4,없음,0
JQlJ13I3GyM,없음,0
sGVl7llSWio,없음,0
w6QMctwijRo,없음,0
ZS1fgs9e4G8,없음,0
NwxQS4jhyIo,없음,0
KhAcvocw3dA,없음,0
7UE2yqXmq7I,없음,0
pj3HrJCyh4o,없음,0
EmA7edGYWew,정면,1
kR8jChG1WUs,측면,1
4FJt8c5ZCnI,측면,1
GudDmPRf1ss,없음,0
-VGHFvR4qkE,측면,1
KF3twVZEgWU,정면,1
HlpgqVRcm_I,측면,1
tjXUPNE9Svk,측면,1
T_QfoFNimto,정면,2
8mYav6ABvoI,측면,1
6wVzpH_AU5A,없음,0
QgyfQof0isU,없음,0
g7XdGu16rdQ,없음,0
consNr0FwJs,정면,1
MUtSA_J155Y,측면,1
viOspNvfIao,측면,2
0p6mA45xX34,없음,0
O4AYx5OiqQU,없음,0
GVT0pZGaNG8,없음,0
f8RbRMv8oa8,없음,0
WO9E8XxZcPo,없음,0
8gzSxXepayM,없음,0
qEXjzf7bNOE,없음,0
fm67X3nb4_4,없음,0
7nI8nbPONr8,없음,0
sMevdXoRdUY,없음,0
VTipurCm-6c,없음,0
2oz8IpZzjOA,정면,1
b5mYp4zddbY,정면,1
6XI3TqW4PFE,없음,0
ys6kq8uqyyA,정면,1
_F70sqEiO1Q,측면,1
yCZ-7XXtx2Y,정면,2
LDjLrJiUssQ,없음,0
LuxtckA2xoQ,정면,3
sHlGVrhyCUY,정면,4
DpDnlHdYZR4,측면,1
D548Trv0ip4,없음,0
1j38YuP7d-U,없음,0
aTlC2J7QMyE,없음,0
WtDiDKwFM1Q,없음,0
A1iVNksP65c,정면,1
1XOWJSdUm0k,없음,0
NYv_Bg0rJ00,없음,0
xGPIdIEOPoU,측면,1
1vOSNSttc8k,없음,0
jpB9qV7rhoM,없음,0
vVNlKHiKYMY,없음,0
Ku_n8wEqaDg,측면,1
7mrYQ3HxfAY,없음,0
tQwDx3-w04k,없음,0
yg6gKNVjdgM,없음,0
eSuULK4Z47k,없음,0
xq5TrBjsEmE,없음,0
2XPVf9F8tzA,측면,3
3KoBPiR0_NE,없음,0
m1OcI9v6DbM,없음,0
W1Ll8bZd22c,없음,0
g520hvvAFcc,측면,4
0C3t7_lBWSM,측면,1
B7amFHXe0kw,측면,1
F-G9ukxlItM,없음,0
UjR89NKB62U,측면,1
_u7tlFOxi2s,없음,0
ghFTFvdToSo,없음,0
2YEAHSm3jXg,측면,1
nIZo-zdPb_s,측면,1
7du0HBouBGg,없음,0
3vETnDHMah8,정면,1
8tl5iHjUfDU,없음,0
6vIkHRRrkjc,정면,2
sGps0-6cIWM,정면,2
HmGbFS4u2_U,측면,1
2QitDNfF3hU,측면,1
AahlWu3J_s0,측면,2
r87tQfPTgrQ,측면,4
8q462nVhPtQ,없음,0
YxPF9lL9sMw,정면,3
9yZHvjN_FL8,정면,1
F44qqfItiqY,측면,2
R4n-Ys47Wm0,없음,0
z44b1IskBMM,없음,0
vEZZS1GSM94,없음,0
r6CFOS_d7nI,없음,0
fPwxu8vBkRE,없음,0
J3Mj5_ofpqg,측면,1
iTC1kOhtyh4,측면,2
AA67R2FrCms,없음,0
h49-kEXTMU0,정면,1
g0iGJ_PPVbs,정면,1
__suUE1C0pc,정면,1
mT9A1LAVhNo,측면,1
MaiZKN-ul9o,측면,2
0FMmx882Pls,정면,1
IFIkNLoKG0A,측면,1
bT8HW8kQ8bY,측면,2
3BU8axDdCEw,측면,1
q1viT5RD-U4,측면,1
59GYNdmbWT8,없음,0
bP5gY3OcHeQ,측면,1
aJcNq-DBqKQ,정면,1
SgjIl7DIpNc,없음,0
OFCGY_5nP5k,정면,1
pdnhCs_H6Vs,정면,1
0ozSDaC5LIY,측면,1
oLS0kEpRN6E,정면,1
bw2nvG68rEk,정면,1
dJg6PoafE9M,정면,1
Gb0mn7FD658,측면,1
Clv54G1_R2g,없음,0
RXtf_8YyRv0,정면,1
LDkTdemTDo4,없음,0
eqFCe6fP0ig,정면,1
JR8oqRpqNOs,정면,1
kpk85RBsFAo,정면,1
hU-w-hmSExE,정면,1
zEzUFhRxI3c,정면,1
rO74e9FSJjc,정면,1
tIJZjXGi4QU,정면,1
u-BoulcO0ME,없음,0
XQ9QsdaxLvo,정면,1
3t-LaJyuvu4,측면,2
YnCtF7H9akg,정면,1
bw3AkP5Sjws,정면,1
_BmA_FIZm_4,정면,1
hI5h4Iy37y8,측면,1
pQimdzW8pME,정면,1
9D__FKBdiQk,정면,1
SfSu63ISOTc,측면,1
jQSZTDRt_DE,정면,1
8aS1oGyQGoA,정면,1
RzC_yhXj6iQ,정면,1
W68lfN1aPro,정면,2
n97umJ3bRSw,없음,0
OPdWxTsTRXk,정면,1
ayrC9-FmjWA,없음,0
jvX-44l73Z8,없음,0
Nqz_ISPutSU,정면,1
Q7q4-dRbw0U,정면,1
Z6yeWC6VYeM,없음,0
cVadq2lFNRk,정면,1
34SBC71zVhI,없음,0
fOri-iK-XpE,측면,2
UenQOME-cgM,없음,0
5RCWK2wFi7U,없음,0
zQJZya8x0cM,없음,0
lMQ0lJdR0YY,없음,0
_an-gZ9mdGc,없음,0
DZFOWoYDIDc,없음,0
_KAmVKUzTq0,없음,0
SsRtKrjkOfA,없음,0
oiFqklEpwgg,없음,0
MwHrAPA3xKE,정면,1
69GAebugzbk,측면,1
qVHaw2UMn5U,없음,0
AKgFWSwc2II,없음,0
IebHqTOTtHA,없음,0
yR-XP5pt22k,없음,0
h-tnD1HoX5I,없음,0
XclxS_sP9HU,없음,0
4QeXsr5S81I,없음,0
9lGcBNL6Mrc,없음,0
mH2iHYAjo2U,없음,0
4UtCX_L--PE,없음,0
NQkIP9Io_Vw,없음,0
JzfYVexwsWI,없음,0
c7GreLZntJ0,없음,0
sTVC9I3gT6E,없음,0
z0xCOUgwkx0,없음,0
l9R44NzPGQg,없음,0
CSVamqWHFq4,없음,0
3T6bOtCHy9U,없음,0
ZxfxZJDG0IA,없음,0
tY7QtEwZVAs,없음,0
-_HkGNRW-Gw,없음,0
ODeBMfGGL-U,없음,0
ezJakqlU-sE,없음,0
F7JpSGHUZ_I,없음,0
YP8yd-If27E,정면,1
n0R273oVnMo,없음,0
udZSTgnaIRI,없음,0
dMAFs63CwmY,없음,0
eVSeHecZ-bU,없음,0
ECz4fADjkAA,정면,3
t4KHpcZxhp0,측면,1
nTOZndnzr0I,정면,1
9BotRZP0QhQ,없음,0
RjSlhDYwGrY,정면,1
qv_j_OWSHpU,정면,2
GO7CU1i4jd8,측면,1
FGtqrfSowTM,측면,2
S5f5TtDThyU,정면,1
H0MTDCuPVTg,측면,1
_PYnU32L1KE,없음,0
sN6lOpr1XNA,측면,1
YU7D6euGSpw,없음,0
thx2rhcmckQ,측면,1
cFdIBC-Rfu8,없음,0
jypQDW88xVk,없음,0
MwFZKbvKtCU,없음,0
DUUl-NwuK-A,측면,1
RFM1PgM1o-Q,없음,0
ab6kV1h14Ic,없음,0
6_H3X1QGlsc,없음,0
QPED-Qjp7GA,없음,0
6Agck04XlhA,없음,0
BPPMk3-9zVU,없음,0
00RlPb_5oTs,없음,0
SkkOqb-uqCI,없음,0
J1IwQQlylE8,없음,0
cWzZRxwf6B4,측면,2
fG4dz6odC2Q,없음,0
noVyP83d-x8,없음,0
42Uwd90R7ks,없음,0
Wq5U6VN9rlA,측면,1
xeuIP9ykYIU,측면,1
7wdL2yFBBXY,측면,1
Ez4mYEdJVmo,측면,2
RzWCk4og2C4,없음,0
9NC9yKvCAMk,측면,1
bprFrvY7HIE,없음,0
wPcKo8waKlM,없음,0
QvB2nrqX6ek,측면,1
5ealJJXPMlQ,정면,2
Bmq6OW0ouME,없음,0
awAy6b-38Rc,없음,0
k3z0HYOnyoo,없음,0
gVllWMgkhNc,정면,1
_jdUD_ec7WY,정면,1
2oxDjoWqTtU,정면,1
8eLHWuYmiC8,정면,1
7zAV0TUAb2g,정면,1
hXzmVFpjMA8,정면,1
k1YraoPCHyc,정면,1
QJmHGi1wDJA,측면,1
T_S4k37DS6U,정면,1
mjqsK4D_RzY,정면,1
Jg71YWjG0cM,없음,0
M2ZESDAjEbY,없음,0
eibwD6Vsaro,없음,0
82DkHq3q2j0,측면,2
-0IUnQIkP-w,정면,1
UsQ2gMCVH9I,없음,0
tZqYksYdugI,없음,0
LS4X-2I83V0,없음,0
xkthbeh2EgQ,없음,0
FztMwD1owEY,없음,0
lbO7JrQ-IGk,없음,0
f0VB1oUrt9o,없음,0
oaZpjRYyKsc,없음,0
IcauDxxv8-c,없음,0
PJwFFIeBV34,없음,0
HQHVf0TGdq0,측면,3
EnRe_ORbyLM,정면,2
ZY6Fj_2lXiM,정면,2
7y3s1Q1inZc,측면,2
ekvOwBJzE6Y,정면,2
qSR_enHLEvE,측면,2
RVYJ_XUTKPQ,없음,0
cI9zO4h75xw,없음,0
4_a2c07-Suo,측면,1
GDCvaXUtwxE,없음,0
Kuyv-MdZgE8,없음,0
i5zPN4QxSBM,없음,0
CmgaGExbYRg,없음,0
DfFD-SySIUg,없음,0
bOLdcF5pMYs,없음,0
VXBiu0eXOFs,없음,0
jj2R-M1a5Ds,없음,0
FDasKmljgkY,없음,0
IBrH2VfOOjM,측면,2
aAyvOilSNxY,정면,1
8Whvmenun-0,측면,1
jln3einoV3M,측면,2
XXvCfUlMsN4,측면,1
gZ21Yoav1Pg,없음,0
9ll4M9VKGJ0,측면,2
BngrR60B0OM,측면,2
M_Pa5PEimdM,측면,2
CWofi6_iJXE,측면,1
XLMqpcEyjeg,없음,0
66n23ngabbg,측면,1
eDrxwWfSDq4,없음,0
omRlkELeap8,정면,1
p8VC-WDZBpk,측면,1
w5QZ3gXvXdE,측면,1
u_evjzVVJAY,측면,1
a0BoyZJu14I,없음,0
EzXx3MZM4tg,정면,1
Y5WYv-Sdcao,정면,1
PAp_qBM-M64,없음,0
5tOAMKZ__IE,측면,1
BoVdQh5wsa8,측면,1
4TGVWFtpgkw,없음,0
2Vy-QTaotjE,정면,1
cWuXkRUDFmQ,정면,1
ebDaRa9XAOo,없음,0
o1-JJZ4mVtI,없음,0
y5FmJ9d-Xy0,없음,0
dIe501FkhrQ,없음,0
XY4i2U9vYqQ,없음,0
SDlOPvp_rls,측면,1
z6MDV_gNSQQ,없음,0
as4tzs5FJEU,측면,1
cwyPezcbDmQ,없음,0
Mx8oMo3eG70,측면,2
EGahju304RY,측면,2
ruav9MHn5GQ,측면,2
617tUiWWxK8,정면,1
8VTAi7jZ2ms,정면,1
Bj3tybSblvQ,정면,1
qntZKUdTW-U,없음,0
v1jya_7AsCc,없음,0
3bcgdmL52cc,없음,0
qpmxsaWlNog,없음,0
0Ntww-Sw2Pk,없음,0
DZhZRfwij2E,정면,1
dpOn8UDeJ1s,정면,1
-GsSGD6Mkro,정면,1
JPe31Pg9fTY,측면,1
P1Y-7YW4qX0,측면,1
R9VYiTXMZO4,정면,1
0gwbGPaeY9I,측면,1
BF1F9mVEXDM,측면,1
r7altNth62c,측면,1
WIAVH8Nipj4,측면,1
l2izO4vqfyM,측면,3
xwuga7k8JzY,측면,2
ar7ifqklrRs,측면,2
evtWjDXcUw4,정면,2
KYpV8MRSzN4,정면,2
_gF6alxCv5Q,없음,0
pmWw1XmaFN0,없음,0
SDcGVXHNOvA,없음,0
nMe3ie2ua8Q,없음,0
ISHBtQp0hFg,없음,0
0va2Itv0c44,없음,0
2IwjADu2l5Y,없음,0
FQLVrfTYu08,정면,1
SSuqMsOQ2_w,정면,2
dvRZB522WDw,정면,1
5W57Iir3Kzg,없음,0
38vz28PmKOY,없음,0
oX4PFhWco9M,없음,0
JD7aHzsDhN0,없음,0
zKtKqCL1RfQ,없음,0
rR6qNhYb7qU,측면,1
aH0y9-txgdU,정면,1
RxhqIUWoE_o,없음,0
3RiYSlzH5ZU,측면,1
Nj5y3HjWa3w,측면,1
Xksz2NLxk9Y,없음,0
5cLrIskvcSk,없음,0
3r6AaseDchE,정면,1
PYbLyZUrscA,정면,1
2O6B3G9mdsg,정면,1
PEAgmwBUMqw,정면,1
-FxHjz-98ZM,없음,0
4GP2KEllAWg,정면,1
N4Ek7cHDTCo,정면,1
r_FQWgOn55c,정면,1
lfQ9xKbuJhM,정면,1
qZVAmlLK4Ic,정면,1
BAzrIhm3QQs,정면,1
05kKgmg2Umc,측면,1
BwwFipxdeY0,측면,1
sIak5e3Xk-g,측면,1
PJ4LkIBG3Ag,측면,1
Yba1vP9Jij0,없음,0
P-mkMDyEQ1E,없음,0
jkjJbUoIhaY,정면,1
jSLBLRMIOhw,없음,0
WQC0DH1TUgE,측면,1
RKGUCHkrf-A,측면,1
HYeQKuJBIQU,없음,0
Me5jGTLTGag,없음,0
090MPmkIId4,정면,1
BLgdvM3gLgc,정면,1
qaakUJ7nPhI,측면,2
kMmkuIlDaRw,없음,0
FLm3YwTP4XU,없음,0
MOTxP5wPavQ,측면,1
THIUM0enTA4,측면,2
dYzc1xvBFBs,측면,2
AzIBchmkG8Q,없음,0
piAsw11n7oo,정면,1
JEJlfwxgoLU,없음,0
6EixKFSqFZY,측면,2
gplJCDyON_A,없음,0
Aq_t5ch5FzY,정면,2
a6ndLyruS_k,측면,1
HgbUv-pD73c,없음,0
s88MD3fIWoY,없음,0
00cb7cJ2NiI,없음,0
YTMx9lE-Gw4,없음,0
oIy99vrdWO0,없음,0
_tZXHmNJVtU,정면,1
a0PqX20_QMc,정면,1
HHDLPj-hRTA,측면,1
FdXpCVarDC8,측면,1
Ho99T9qNF_s,측면,1
Z5XBePPk8Lo,정면,1
tYENCEBGRWk,정면,1
CHkmige74nE,측면,1
dfwxv-zDW8k,없음,0
8bUboNPFgh4,측면,1
Q81rPgJiEnQ,측면,1
Hj03fIk9hOY,없음,0
QRnGeC3puKY,없음,0
66vNQjGqvUA,측면,2
-9CKlTEAFss,측면,1
EhsRwqPjLJ4,측면,2
YtfCZCe7D9U,없음,0
6iPpS1Y_d6c,측면,2
LXnptMZZ-U0,정면,1
O4mSQo-9gB4,측면,2
nbQ75bmP4fc,측면,1
36BUac588Vo,없음,0
bF_wNPZsYNo,측면,1
KmKI87rhLCE,정면,5
EP1XWtKa84k,측면,1
Fwf7yLkrrlQ,없음,0
i1cYxXWDaaw,없음,0
jc1pLy7QfRQ,측면,1
iM56vOQA1c8,정면,2
OscWJooVI2w,없음,0
GKzAVRH8gYo,정면,1
fHfztsiOnWk,측면,1
HC-Tt3QGE_s,없음,0
xRcEOaX8ygE,측면,1
PKawUiUJO58,없음,0
A2DNg4sHFGw,없음,0
anZJmqbL5vQ,없음,0
U6ckWa-eHKw,정면,1
TqTSD42rx8U,정면,1
7epIbeBHo5s,측면,2
y_FgMpMPOgM,없음,0
-rUM_G_NW2o,없음,0
SR16MUQ4AIw,없음,0
RwSJ3s2RzTM,없음,0
54pxZ5vRDp8,없음,0
d1v5YLST28c,없음,0
2CXAnWLpb_o,없음,0
gYgjHpxKm_U,없음,0
cbQcuKQVPts,없음,0
uJxNQL07f44,측면,1
LICmAG9_VfQ,없음,0
TlJ630WApmA,없음,0
aWorlbF6cSM,없음,0
RB_Jly5bHGs,없음,0
5hoA2EWEvtI,없음,0
uEn2lEL7c8E,측면,2
7ZeWUpr1f80,없음,0
zrS7y1nCxAE,없음,0
pSn2k9wuanU,없음,0
iEYZjiSB1nQ,없음,0
F2IMQB3hDf8,측면,2
JZ-q4t9R3tw,없음,0
7_0gzHWrwGw,측면,1
IdLD4_QYY2A,정면,1
Qv9WfA9KklM,측면,1
6KgdjoIHUG4,없음,0
jveYwkEQF5w,정면,1
XX3HtN6al6s,측면,1
AjAIt16ieO4,없음,0
jvpJ5hh3HO4,정면,1
NcipadQ0cZo,없음,0
O3YlyPx1rIA,없음,0
MafxhJ8VPak,정면,1
nV_eDHJ4yMc,정면,1
Juwj1OjFscM,없음,0
UDOfgXPGKso,없음,0
gJ2136-_wic,측면,2
MwZ_hy5eJ7s,측면,1
MxG1vKd6cG4,측면,1
kvmKW0X086U,정면,1
JH4P8CGyg_A,측면,2
4lyld_SOJ_0,측면,1
0dTUcRMLwao,정면,1
BqBDC5Og1M8,측면,1
JoXl9gbarQg,없음,0
iBGBGBwwsZ0,정면,1
5a5w7mxsacc,정면,3
Bq0bg3g6siU,정면,1
5-lhBrDc5SI,측면,1
5Ujm_nCGsbw,측면,2
cY8KheUj4LI,없음,0
0wz8q0wQlJk,없음,0
CP-vVmwSdE8,없음,0
iF6z9gTY1hU,없음,0
aZjGAjiZvrM,없음,0
5c_1lE0n1Ks,없음,0
9NKlMPoQTY8,없음,0
bR4A7wPqkAM,없음,0
7TjcJcybBzU,없음,0
Cd-X3wOh8bU,없음,0
sp637N857V8,없음,0
NiiKGas6b2c,없음,0
a9LWiraGHdk,측면,1
Mk-Tz4-U4l4,측면,1
gJT6cuJHxSA,없음,0
n6a9cdp8TZQ,없음,0
7lX3gVWxu_M,측면,2
U1ZqlZq_Q7Q,정면,1
p4EHDns761c,없음,0
cGEoxWEtK40,없음,0
l_7J_a3cEgE,정면,1
bBGOqMX92dY,정면,1
yZY9B84Nagw,측면,1
SxeCxmtK76M,없음,0
rFW179yXck4,측면,1
bGHPyOMIk-o,정면,1
Lj9LYzLjk_o,없음,0
VVFtNduJ1Sk,측면,1
ZA9RZbfweWY,없음,0
9vFRBJfV3BA,측면,1
4bF1M-ePzlU,정면,1
t2s1mx4EPqc,정면,1
w5QtcJnxyac,없음,0
5dMhcaUjj5Y,없음,0
2v-6AG6p0VU,측면,1
bb4Skiq9WQY,없음,0
K1LquSr0YDU,측면,2
vt7GqXfz8Ak,없음,0
uUhzRWSrixw,없음,0
kdat9IZvW4g,측면,2
TTulDslORlQ,측면,1
s24406xRGjk,없음,0
p1EWk793r28,없음,0
DQWurKlb8x8,없음,0
Z8s2-xDZJzs,없음,0
i9tMNb1MkDk,없음,0
mLiAy6nrD5g,없음,0
-14ZXPmHMSs,없음,0
JF7rdndC8oI,없음,0
o190uXIivxI,없음,0
IB0s_u2cvO4,없음,0
K6qj5JfXcaM,측면,1
xnpCglhfGbk,측면,1
ML-FmsTztPc,측면,2
3Xi_jty0xNY,정면,1
OrCosXMb97U,측면,3
oh2FFAE7cPE,없음,0
6c1Ao8cII9g,측면,1
GlLnbD2KM3U,정면,1
RGgX2K8zM_s,정면,1
8_kiBfZ-x0w,측면,1
RY2rHLRVGKQ,측면,1
XCxF3kD1rhA,측면,1
24uHwQFLpjg,측면,1
lO3tA4Zp6Og,측면,1
A1KKWmssOAs,측면,1
ihZlpXQosuM,측면,1
4yCpNqoxEC0,정면,1
cGBC_ORFirs,정면,2
QFd08ZetynA,측면,1
hGeI7OTHZhM,없음,0
iQgFOys1mxc,없음,0
vXKcfzzk3nE,없음,0
JzAQixVx_KE,없음,0
xbRZp_YlNSY,없음,0
JEaffD-KBu8,없음,0
WFMV6lJfuIo,없음,0
MYSE55eLQaY,없음,0
oeZRkNS1aaQ,없음,0
7ho7A2ii42M,없음,0
RpKAwpkKCPc,정면,1
EUp5FSpmEdA,없음,0
bMZfdW4RULc,없음,0
p2QKmhpAAx4,측면,1
H_-yisGslK8,없음,0
_2jf3Dx8UFY,측면,2
Qi2EzznuyNQ,측면,1
QSXCV8aWO7A,측면,2
kFhotFYjZhY,측면,2
Qyxnv5OcPAw,측면,1
dzjHQyTf2vg,측면,2
0ySm5eJKO_Y,없음,0
gFTfOdpSsBg,없음,0
WGfXOOihAVI,없음,0
7_2NiQaET2s,없음,0
VSJMCqCjEVk,없음,0
9pG8Rl9L16U,정면,2
HANwOA38bSg,측면,1
xH8l1vFQY58,없음,0
iXiE8MFropk,없음,0
F5ySuWMIecc,정면,2
26CltEvnHFU,없음,0
Z6MUEdj6IUM,측면,1
Iz1B569ZltI,측면,1
gstiRd5FoLw,없음,0
PiU7W-sEdXo,측면,1
IMiBak7nVzY,정면,1
GlzPAy3KmGs,없음,0
Ethbw-tV8zQ,없음,0
SQe3ll0JQOA,측면,1
Fq7X3Ovhth4,없음,0
R6-6yyoNO9c,없음,0
kGTbxjVuPZE,없음,0
sXM2GBR4IlQ,측면,1
2yqyGq3FJbc,없음,0
lBdfhmGPjbE,없음,0
rhs-S3DR3i0,없음,0
w35gg6jS7-Q,없음,0
Xwc9UVn9DFs,없음,0
vbqgBcV4A80,측면,1
S42irLIrbCA,측면,2
jlPms4LeRGI,없음,0
wX7avMnXSvc,측면,1
iQxaOH6I8tc,정면,1
YCwvxYO-5dw,없음,0
NFp2HHu1gIY,없음,0
ZUcrkBLEB6E,정면,1
oEmGLnrsFgg,측면,1
dtrQ7lkVjW4,측면,1
mUdCMyN8wzc,정면,1
4SPTR8HXDNs,측면,1
D8E0QRTNFZc,정면,1
8uRrGlPK580,정면,1
StIPfo9KT4o,정면,1
8n_-dfYQ6dA,정면,1
ICrclnJelE4,정면,1
n-DKttyBRn8,정면,1
wgQjPE_rvPw,정면,1
cYFJeIpwgc4,정면,1
GBY7zlrItKQ,정면,1
hDcbjNiNH8M,정면,1
52mjeKTFew0,측면,3
9FtKi3GA6ZQ,정면,1
IrM6PpOJFag,없음,0
uXCHkSJQW-k,측면,1
rV3RNsjkha4,측면,2
dqdh87XS1H8,측면,2
n0c2Dt0-ejw,측면,1
ghjarhsyESg,정면,1
DxHqr4es0Ok,정면,1
xlB2S8NSU84,없음,0
fHhNkwySLBo,정면,2
xx3rQhVngxo,정면,1
pxtOaVnr6p0,측면,2
QeZTh0BwTYI,정면,3
gooIzLDvkCo,없음,0
Csz0JTjJ00Y,없음,0
wPvOPyQKtBI,없음,0
hMdjNpS5RQI,측면,2
pLs6BL_nIOI,측면,2
hWijACy0O3c,측면,1
m3Zh9WSFJX8,측면,1
gZbhMeTt4oY,측면,2
iBRw0kvxyUs,없음,0
HYq5jgCQHrU,정면,1
rFXuvPYIEXI,측면,1
1zHSqxgO-pw,측면,2
BEz-CTZA9lU,없음,0
UR6M-Qxa6Tg,없음,0
7Q930G6Biio,없음,0
nI_X3voy-9U,없음,0
EH1_EzJ2_vE,측면,1
4zInCIJBBpE,정면,1
l3GkFvqE4Wc,없음,0
AMlrkPSXKOY,측면,1
ewRf0pfsS9s,측면,1
YVztVrNAEIY,정면,2
qQkN3qDhVdA,측면,2
4dkXmAE_Zy0,측면,1
Z3w-88CjaTo,측면,1
AnQLWsXzUZw,측면,2
i6GTiGWEkIs,없음,0
_N3YZ4-R9PU,측면,1
os0QXzDuMOE,없음,0
WgESRKw8Ges,없음,0
EoqAGCigQSM,측면,1
1vaPVKWyDUc,측면,1
GefPTAN0z7E,측면,2
1T2RQqm7YIY,없음,0
-IEiBtNrlLg,정면,1
iUDod5mQZsg,정면,1
khV0BajGQZQ,없음,0
TTL45IeHRcQ,없음,0
VfBUySl7RqQ,없음,0
JZ-6yOOSlCg,없음,0
CR4kD7TsGmc,없음,0
lkrvYpRftNI,없음,0
bi2Oytd0tWk,없음,0
e6siS13__24,없음,0
vh86fjjIAz0,없음,0
0q_BOPHHprI,없음,0
2C08xdE797g,없음,0
g3vHLURwRfg,없음,0
Vye--n6qGE0,없음,0
tmvpEfzo18M,없음,0
9fmqHMfABbQ,없음,0
qwQY4G03WBc,없음,0
OidBW_WnmBs,없음,0
JrO_Sous_p8,없음,0
z9v5Y3BDHLo,없음,0
_v-c-SHWZSg,없음,0
fqBULRQkLNc,없음,0
VIdz15yNjK8,측면,1
xok8RtwtRy0,없음,0
uRDsKWhxLOA,없음,0
9ro8Zvf0uTA,없음,0
vCrjDEGNTvA,측면,1
WndurVVncS8,측면,1
zaltUkbUKZw,측면,1
M92lfVBR-pY,없음,0
lkUcimaIwAY,없음,0
aoTnKt2ykKY,측면,1
q8njDWYDU84,없음,0
Rem1kF3arYw,없음,0
YHfJQhXF78A,없음,0
3I-JZW9h-vc,측면,1
5-BWAIP3K-Y,없음,0
9i7XS2QEDxE,없음,0
7--Hye06MwY,정면,2
OrCtf9YlCFc,측면,2
-Z7ehNI-teI,정면,2
ErAAGclwocg,측면,3
azTvmjer-_Y,측면,3
UaoBYcOTT4w,측면,2
vbWfgFFO3kA,측면,3
8JkMDSjOQ90,측면,3
huoDphXIEGI,정면,2
cyypp3hD4Rw,측면,3
waeNVSXPnNU,측면,3
pGtBgXb5Mh0,정면,1
lhvi7vD2CZo,없음,0
yfIqvFZQeHI,측면,1
v_hKsJEY9b0,측면,1
ABdV9ygbnsw,정면,1
tCPwrjzqk1A,측면,1
W48WA7V7bmo,정면,1
wEizJxpcLKo,측면,1
--M9ikK97OM,정면,2
KKpvUr8Mwjk,없음,0
5BEso8NHkpc,정면,1
5kA8daNcmC0,정면,1
vbSsyGv10ds,측면,2
kSMjrtVjuMI,측면,1
dmd_prk3-_g,없음,0
DyyxLwa5WCo,없음,0
CKNpz4e5f14,없음,0
wc9o8toP-lw,측면,1
rPtLcjEw1A8,없음,0
vvGF31RwPQ8,없음,0
q02G3QywI4w,측면,2
qh6IQ2j9YJs,없음,0
x20H2oU_n3A,측면,1
_36WWtEhGVI,없음,0
fnvOzYrHI18,없음,0
Fg5Hw4cvN7E,없음,0
p9y-cvyKSYs,없음,0
40WSOWHdXs0,없음,0
ms5B5fCxXSw,없음,0
XeDeBOXrcDc,측면,1
QVa6rWKLlCE,없음,0
jFRMrq2Ak2M,없음,0
cnHoZeCM4l0,없음,0
P2BnXSSR5kA,없음,0
YIU2c869K6s,없음,0
8mkjq1PWMM0,없음,0
ivz33m0gONc,없음,0
oAjTn4LnvlI,없음,0
jDDB8p334no,없음,0
CSd75AopPm0,없음,0
Z9nvUenSJXs,측면,1
v27fxPnATlY,정면,1
LHIFbgaIE8c,없음,0
HrqC20q82og,없음,0
dzuPESrNC5w,정면,1
OitfVbMNxcA,정면,1
8AQsBEHmtLM,없음,0
05i1jMf3WRI,없음,0
PiBLUtVCvB4,없음,0
yFuh5vhY65A,없음,0
0VOxqlp3UNo,정면,1
vI3EJuEzGWA,없음,0
MohKlUTUCSA,측면,1
AgN7bO7v2PY,없음,0
2Z81ge_ehlA,측면,1
DlZlB4PBciY,측면,2
3kspk8yA-zU,정면,2
t0M5wIw1Zjo,측면,2
HXlqp338eM0,없음,0
PFMoG_Yj4g8,측면,2
-uyCMvTMuV8,측면,1
8OtR3OT8zeE,측면,1
KQ1EOkbn6MY,측면,2
8fulnVtodjg,없음,0
_uSZlmDsn3A,없음,0
G_8tYxdhFdM,정면,1
sJpI-yuqJLU,측면,2
qYcNnK5m2Ow,정면,1
ExIURIzYBt4,없음,0
RgcqMCqts6c,측면,1
DWWWbzhLSg4,측면,1
nKNBO5_p3ww,측면,1
RHLCxb-lqHw,정면,2
xQWqFTpC14A,없음,0
q6mV-1tmmTU,없음,0
DN2PcjIRarY,없음,0
YKex7jttDKI,없음,0
0N57cgk4TEY,없음,0
Wrv2LvQxVLA,측면,1
tALZEUKC7zA,측면,1
e665hcbtVVU,없음,0
xG0a9VD6_PI,없음,0
gmOYegSZa0Y,정면,1
GROeaC8X2S8,정면,1
Pr3KHWT3SXQ,없음,0
15LzmR-hdsQ,없음,0
47esgu9asAM,정면,1
f4LtVXBAc-E,측면,1
ID8Fh5CCoZg,측면,1
be1qVE1wAvk,측면,1
9HucTlTy75E,측면,1
gxl523_4Sq8,정면,1
nnUJeqJwq6E,측면,1
VVb_FQR9g5M,측면,1
ZLeB98_bnFA,측면,1
f2nssbm3d5k,측면,1
qR5fz1wsrDI,없음,0
sucjT1Q8i4Y,없음,0
5w6PJS2gjCQ,없음,0
i1c3ROdJAyM,없음,0
D6vOft2b-Hg,없음,0
A7JfO49Hids,없음,0
ZPYMfxTEkfE,없음,0
qaMy8X45mxs,없음,0
pbXEASWMSdo,없음,0
ZnTmB3kngsc,정면,1
10w2Kp5VPXU,없음,0
aVJGMvwZYqw,없음,0
Sv8bD0M1b9w,없음,0
-SeDuAHyIbI,없음,0
vO3L8eez6h0,없음,0
N6esKKyGQPA,없음,0
dIARihvx1kM,없음,0
MgZ8766IZBw,정면,1
1zZ0I7hOYbI,없음,0
yosWkx99cxc,측면,1
TQvh4Ab3eEo,없음,0
fYnEmeA9Vc0,정면,1
lSmiqFQGjuw,측면,1
yGNalXZo7A4,측면,3
vILildG4FMQ,측면,1
awPDRt88w84,정면,3
3He421Lve2A,정면,1
KXOHdlFz-ak,측면,2
UaFerBsiesI,측면,1
o-lPH2Flx_M,측면,2
2WZt26-48IE,측면,1
XzadJqqSkW4,없음,0
xJZ7dD4qtl0,없음,0
RNTGbZEjpCg,없음,0
Hty2Bz5yMmE,측면,2
VyJob5YPXCM,측면,1
jykDlsZgEvE,없음,0
Vd6HSk36g-s,없음,0
RbhItyD3k5U,측면,1
16qWdcEGNVw,없음,0
nzRdp4LZxnc,없음,0
Zu-4021yYns,없음,0
acjZokgWOBA,측면,1
ju-zYxF0OFI,없음,0
7HNVkqGpEeA,없음,0
aLH51ZVOhCs,없음,0
ExysHvEuRtU,없음,0
KBFO8acbm1s,없음,0
qFkTfRxwLs4,없음,0
2wIGdSB8XUo,없음,0
NBYIRee4F2c,측면,1
DD_0oa7AWqo,없음,0
vAK2vCWVihw,없음,0
M2uHSmNhowo,측면,3
rSzzKAfirJk,없음,0
av9n1_ikYvg,측면,1
naPkf7W9Nd4,측면,2
JhYT1XzE1mU,정면,1
sQbbQw7YjT0,측면,2
rXhU6fM6Q3s,없음,0
5NokWO7muO0,없음,0
Q7wq38rcEEQ,없음,0
S_6mi9yC4_I,없음,0
tsaLqi-nWgk,없음,0
vVHlXAhfOeM,없음,0
sf9Y3GDBjZo,없음,0
RmDMPwVxuBA,없음,0
GH4PyohB_1g,측면,2
bTbqV0YU3m4,측면,1
sFTHtuc3oqY,측면,2
kl9yA8rbFQ0,정면,1
hLje7b09IZw,정면,2
rEPHqEoIosY,측면,1
UwD3Snkzlqc,측면,1
K8Sc532ehr8,정면,3
hmw-mdsIhLo,없음,0
pqU7Op-6fQM,없음,0
g9numTaPRko,정면,1
wfNgsw0V9y0,정면,1
_k8lgyCEKK8,측면,2
SjdUJfKJIm8,측면,1
bTjlLvUCk1c,정면,1
I4mtSvsLuMY,정면,1
BCmHM___bdE,없음,0
6heIjkSffTo,정면,1
0JY4Y1f8dQQ,없음,0
-kXMzh75Yok,없음,0
0PEnpSY1bU0,정면,1
XWSX4gDTvZk,정면,1
o4M09VTSh_I,정면,1
_KI0J_GCq2A,정면,1
VW8fejh1uf8,정면,1
DFUGSj4wihU,정면,1
KeSyQ3pXeEE,정면,1
TMdbInxWaFw,정면,1
MEcRd9dmL0w,정면,1
B6aUODxS0ZU,측면,2
tXuRT3c92u8,정면,1
eQGfDG9nTp8,없음,0
aRd1o0SQqL0,측면,2
IwOEXe4VxMw,정면,1
iy9MhcjqpGc,정면,1
hxjskoMFqrQ,정면,1
ml998PKZ9Zw,측면,1
VhLBVvbR3Ps,정면,1
FOuM8WSlqp4,정면,1
rJHxjUAlQvQ,측면,1
KCTYhV_Ky8M,측면,1
OSWuuEcsBug,정면,1
04D6IMk1Ps4,측면,1
yhvRBtyF34A,없음,0
ft6thp1-Irs,정면,1
9wViMBL0VNM,측면,1
0E3goh8ze34,측면,1
5ba1m658oLk,측면,1
ctpYpc9P7Bc,측면,2
s8wq_gf3Lqc,측면,1
FJ-7xTZj5QY,정면,5
ZN-67G-YOeY,정면,1
RAxsYvmz9OE,없음,0
3Tj9LKWOAvo,정면,2
J4FYvrGHpmY,측면,1
hzmvFskJJcE,정면,2
FFNkuIb0EVw,측면,2
N-db_c8OhV0,없음,0
NZC3UgK0bAc,정면,1
aHvL9MA9VzE,정면,1
5e4Su1uA2eg,없음,0
6fOITv0Y4n4,없음,0
oIE-lQAiz1I,측면,1
_6rF4OE4lgs,측면,1
QOnVP2s1jIM,정면,1
OEjKKY1X2-A,측면,2
peL6OkbMr_g,정면,1
M4gDwPjULWo,측면,1
rBfcc6VD_Ko,측면,2
qFC5ibSr_b4,없음,0
MLHj0l1a5Hs,없음,0
V0JAe5UkyNg,정면,1
8gh2qgZbw-Q,정면,1
z0rmB0_uOec,정면,1
vS1MpCkjUg4,정면,1
uXyqNRIYay0,정면,1
oTGzDQ39bqE,정면,1
giAzdKYWUkg,없음,0
V57IPwkgAY4,없음,0
Q7drigarWgw,정면,1
bo6ekSIhZBc,측면,1
YflWQoN4fmc,측면,2
8YOUatnwtQg,측면,1
gxkolLqo8fY,없음,0
FW-NDiDFANs,없음,0
kYDSx7b3bR8,측면,1
NtxHcl-5cFY,측면,1
eE6CeJa0Xsw,정면,2
oIgIgl2jdVc,없음,0
fZctTV1l8mY,없음,0
NnHslX5-4QA,측면,1
BA3h2DL8BCw,측면,1
dDIEkdgF21A,정면,1
s9uKI2MFcvQ,정면,1
iEgQ0cLch9c,없음,0
LNtajevE4i4,정면,1
Jye1_lHG8d8,정면,1
BDL207TQqOU,측면,1
9A2CktOn-Dw,없음,0
BRf7A3UFdHM,측면,1
SdL4NnoDhAk,측면,1
V8Bheql-bho,없음,0
r1OUPc_wN3k,없음,0
aw9sNSlsi3o,없음,0
h8lUCUXfJXo,없음,0
PURYqLq3Lf8,없음,0
GuWf6jY04eU,없음,0
gjdJqCQinzg,없음,0
lAPHrCxFqmI,없음,0
F9KYkAp_NLA,없음,0
ABuS-3DOBzI,측면,2
92_mrOso8-U,정면,2
rFbwpQH6VmY,없음,0
c_pSthiltTk,없음,0
TrYs6yM6yPo,측면,1
0xJX9es24C8,정면,1
GlDu4DqFtJw,측면,1
uRVH1-WS2iI,측면,1
XjTlKySSyXA,정면,1
w0-7PBnpKN8,측면,1
QtY7O6Dxcrk,없음,0
zFbEeGuix1k,측면,3
ZKUrbUywsd4,없음,0
Kf_siaAv5P8,없음,0
kI-coSjfxLg,측면,2
Nw2Jyb53Aqc,정면,1
7nk38qYk5jQ,없음,0
isN8IXiCnbU,없음,0
at90WhvkYAY,없음,0
JMOQ7zr4J3s,없음,0
PPwvpo1d7wY,측면,3
QvjU3TJ9c-0,측면,1
CreUAuFGg1M,정면,1
j8JMEfI9mlU,없음,0
SFvDiL9TiXE,측면,1
5XPuk1S13GI,측면,2
PtU6ag3aaw0,측면,2
j25VpfvdI9Q,정면,1
RoKCqiiOqtE,정면,1
-i8kFPQcEoM,정면,2
FhSqb9wVe3w,측면,1
GYefICA1Y8s,측면,1
pzIgYNnZhgk,없음,0
7Ag-d5P6spI,정면,1
qFyEhR2mdAo,측면,2
TuJcNqXoYRw,측면,2
DkC-DxkSUNo,없음,0
4-_KYxEl7hc,측면,1
fqLJfCmQBw4,측면,1
OaCLocVK3Ik,측면,2
rk4zgxeuUwM,측면,1
lam_UuHID0Y,측면,1
QM-inwOi--8,측면,1
bEf36yPP_2I,측면,1
q4RaZ1xGiJw,없음,0
eKnJEGvOzk0,측면,2
Vy0h_nz5jPc,측면,2
rQBcH6wkcLA,없음,0
83ZGYNGV4MM,없음,0
YEP3MccrkFg,측면,1
qzmIa0-nQZE,측면,1
lYtgQsg69e8,없음,0
ssbg9Cmk8SQ,없음,0
Wh4-ZBb24YU,정면,1
9OO0sS5aDn8,정면,1
5OibLoOdong,없음,0
9zqPrM2uuEk,없음,0
vPDjCJ-rQv4,없음,0
aB4MzDz7c2w,없음,0
c6rYTGoPcyQ,측면,1
73iHhtWYTY8,없음,0
nk2M1n7U8cY,없음,0
cSJ2lSRVvKk,없음,0
B_65SwRjv8A,없음,0
oo3lY483tM8,정면,1
opBCu1_5wPE,측면,1
aMR7cI20zYU,정면,1
k3DHQyJdafQ,없음,0
6_2IAlO_eK4,측면,1
NeRhUp8SM7I,측면,2
iEQtBmrMSmY,없음,0
YZSMhMKEaHg,없음,0
a-tiVcsRASo,없음,0
a9Fdfpj9fVE,없음,0
aL3YuSmNNbk,측면,1
QfXFexCfZYk,없음,0
9CY2q3N-KqE,없음,0
Vd96h1s4Kg4,없음,0
ZKbZ_1JYRMw,없음,0
NSKAlY7X39g,없음,0
G65ajnjDabc,정면,1
dPoEaFXG9FQ,없음,0
JhwvhJvR7xw,없음,0
GNaLtDyIXk4,없음,0
3otRe1Bozo4,없음,0
wVltYaZISnE,측면,1
lH6pSsq4yNk,없음,0
Q1AqQ6jCIB4,정면,1
YptHBgkguP0,없음,0
L48O2ZgfKSE,측면,2
tS-lVJlJPJw,정면,1
VSUmLjygDec,측면,2
tht4Jvs-Gbo,측면,1
P2QScZNqYpQ,측면,1
gOwR8qmW8EQ,없음,0
PO1BfxQ6XoQ,없음,0
5KCJ3bkde7s,없음,0
eKQCmJ_gzWI,없음,0
EQsCP6CNhgo,없음,0
exuqlRoeLrI,없음,0
J4qlDSkVfXU,없음,0
9-TDm2h-LW4,없음,0
ggTSeHZROuo,없음,0
uaNWfqw-PLI,없음,0
UX-U9__aRVM,없음,0
CUnSzFdXiak,없음,0
Y3rR_XTtzZg,없음,0
n5nqbxNajAk,없음,0
Lrj8q5-xmIQ,없음,0
4pUl_dxSu-g,없음,0
odAepcgdpAE,없음,0
r3dIYj17pV4,없음,0
WbLxgEGiIfM,없음,0
S4QK3N6DU3Q,정면,1
hCH4S2LgjRU,없음,0
vfxzngtNUpQ,없음,0
2vNq7r013uc,없음,0
z2cUA4cNCDg,측면,1
Lls-jPsa2fY,정면,1
0FQG9rz9nqU,정면,1
HiHQicEolBM,정면,1
abkwEVRjoYs,정면,1
6B6bvTpoSy4,정면,1
zd8uZxY9Uzg,정면,1
qQReCbnx5y4,측면,1
RO_CNTV-gqw,정면,1
jTPbiudWirI,정면,1
ZcSLRoa_urU,측면,2
r75udm42_30,정면,2
z0Sm68s4iTs,정면,2
Tjo1_qPcY2Q,정면,1
z3S_xC2Qddw,정면,1
_CG37SkIMkc,정면,1
k99Wc5l9c6I,측면,1
v0fTW37bNog,정면,1
ADsYnIZI0Jw,측면,1
PYAX2P14gkE,측면,1
hO-ualnErP4,측면,1
jw9zbpQdm0c,측면,1
9VlcDodCeYU,측면,2
y3h_j4v82nQ,정면,1
D80fzI22JQw,정면,1
BTiXb4M63Xo,없음,0
OkF09_CqRfo,없음,0
kytK1l-k61I,없음,0
q9qFbDMfZu4,없음,0
49Jq3y_O2Wo,없음,0
baes-SZOBqs,없음,0
rezNjTZFROw,없음,0
K6kzfYnzLNQ,없음,0
IjenWujwIdA,측면,1
fOInmJBrMTU,없음,0
s5BWZGTescU,없음,0
b5ukPm-nh1w,없음,0
WFZ_W93i_UU,정면,1
vx3M0y4kjhY,없음,0
hgoPuSIU2Lc,측면,1
ICW6QtgXvNU,정면,1
hetl1Cm8cco,없음,0
_Q5UD5Ria08,없음,0
BzN-hh10viw,측면,1
BxjNzg-ep-Q,측면,1
Q7HZb_vDT-s,측면,1
0L36EAj2lko,측면,1
YflunoGG_v0,측면,1
anNUCRDN4Mc,측면,2
oTNL0J3jJ1k,측면,1
72RshvGzScc,측면,1
PC3fqwRDQ-Y,측면,1
3M7SLMxwMDU,없음,0
a50GOJOamV4,없음,0
9FXzYX2EqfQ,측면,1
uVtejaS-N5k,측면,1
mH-lGuqO-OQ,측면,1
Dg6-bzEvXns,측면,1
kwOG_b2C3XU,측면,3
KreSg1TmaA8,정면,1
AMMYBIppdU4,없음,0
cW6waVIVT0Q,없음,0
fxPtdh3OW1A,없음,0
tP-cAoBN9OI,없음,0
L9YLyHrsnUU,없음,0
PPeVg444iqQ,없음,0
LUWmfsSqa2o,측면,1
lyjmrMiKDfc,없음,0
kY4HyTPbbJQ,없음,0
2dkYZgF0V40,없음,0
iwc9tR-2hsY,정면,1
q1JrXWZ1oMQ,없음,0
iuXcU_ea34M,정면,1
UmjTEJXBaNA,없음,0
Usy-clM_Ptc,측면,2
tHhSQzuukCA,정면,1
yEcnrOP0jaw,정면,1
RX6ytn3fpJQ,정면,1
qnV6oIrLIzU,측면,1
1FJZIWKvypU,정면,1
fTWOTHhnVUs,없음,0
UbHkWe776bw,정면,1
8oEJUoocH7E,정면,1
mm33oWNTBu8,측면,1
5clluZtJ2vM,측면,1
KyeDl-zd_j4,없음,0
UHKrXj0Tyow,측면,1
wZVsSdO9gs0,없음,0
grjx0ElohDg,정면,1
g082_sRaj8s,없음,0
OggCHnwzIlU,없음,0
b9EDnFcBQEs,정면,1
aKIU_FXLIXQ,측면,1
S8duzb8YWK0,정면,1
myiH--Vmqno,측면,2
mddbNCfImtY,없음,0
XAb0kZFg_Rk,없음,0
CsaGpezahsI,없음,0
jlDFIGQGsEU,없음,0
tQgjEPK81r4,없음,0
5Q7F_vcECTM,없음,0
2l2uYrCPx6g,정면,1
p9Qldjcd_20,정면,1
FeI-ah8Yi_8,정면,1
nKguOybqK6A,정면,1
9OVkNGRzVY4,정면,1
1Ug0TAXkOEA,정면,1
TQj4HDc49kY,없음,0
vQhIMETV6mo,없음,0
_HcM11WxqDo,없음,0
OZY8Vc7ajMc,없음,0
i7kC_iSxREI,없음,0
vuTLnuthPkw,없음,0
Vj6PB28Zwgg,없음,0
_DmIoyfhrh8,없음,0
p3ErSYFHdIA,없음,0
BSZjtW6R56o,없음,0
hHL3IC-wkg4,측면,1
-2maTdIQnIo,측면,1
c6IJX_p62Ns,없음,0
ytvUXAa59aI,정면,1
vVvrpGa7VTo,없음,0
CLL5wAvXXQk,측면,2
88E2kzZpgSg,측면,1
RW22YkryR7M,측면,1
Ya6DrQrsQ98,없음,0
VGgc5M5MTCc,없음,0
3gyTlCYDmzQ,측면,1
oyGCh3Shmu8,없음,0
BnX4wnp3n-s,없음,0
OThWfDYG9Sw,측면,1
7GnNMOkGQKc,없음,0
vc5DCY62AtA,측면,1
MoOKs3mV6LM,정면,1
1m9FVPvKDqU,측면,1
12b1xYDaEmU,정면,1
Hg827B174P4,정면,1
4RRCJXem4ew,정면,1
jis5Y6o4JF4,정면,1
nwfkLcofDfA,없음,0
Ppchf3xW-Is,없음,0
6l99YQxHgcw,없음,0
vg5HZMEdJ3M,없음,0
oTg4y-fgqkw,없음,0
f2vcjlZBIYU,없음,0
cEoiQPIzqd0,없음,0
J7o4mpjIU2M,없음,0
i2yt1cDXjxQ,정면,1
Ca4C2oFm0eE,정면,1
s7becflzXwc,정면,1
s6cDH1y3YHg,정면,1
kbS2WRZSfJU,측면,2
F17HsPNhlqE,측면,1
ssu-hck8gNc,없음,0
PcMNG-OBl_Q,측면,2
C45kFzIWVME,없음,0
u9N4D1O9IgU,없음,0
5b1FHNVXQyE,측면,1
3FuTfeaLT7c,없음,0
D_lad9vDIXU,정면,1
rWVnTU1tSB8,없음,0
YbPsIMZhLyI,측면,1
YfBTglIVarw,정면,1
mtovQllSYnw,측면,1
-LJVvD_vmig,없음,0
1nw-7AYXjmE,측면,1
q2EUnHwQ7fs,없음,0
wdMygaJZM60,없음,0
i91mZ3iKgqE,정면,1
xC94QYAdjow,정면,1
m9emRHXRzqg,없음,0
rJDJl6jSEEo,없음,0
A3YaDe1EEmo,정면,1
3gEJL31qIdI,정면,2
X-aDrYEg3uA,정면,1
JgRwoA9Ktno,측면,3
ekqW2QthX40,없음,0
QTNEeii3uVc,측면,3
k9Pg9k27vwo,측면,1
OZqDMYiEH5A,없음,0
UiCqRUuysRY,정면,1
-u3VlpjSJWs,없음,0
aFsPRhsgNoI,없음,0
kMdjacXBY2Q,없음,0
29Sj3wMp4Qk,없음,0
eFlMcNAy6DA,정면,1
a8YAmzlguks,측면,1
3lZKOjpvWCk,정면,2
IqRlN2mdzSw,측면,1
sM0BOcDmo28,정면,2
0Bauc0tNuis,측면,1
vkfK2Kjyhk8,정면,1
1DU1zWLl7FM,측면,1
j242WK7HGFA,정면,1
-GHdO6UzsGE,측면,2
Mz-AU9X3CTw,정면,1
XSqToq8nIyU,정면,1
hjP6NNAxMf8,측면,1
zNCnxwEp7-E,측면,1
NJNwE_6VxtA,없음,0
FZ416tomUMI,정면,1
UZCh2DwsB7o,정면,1
uIEAeZt75Z8,정면,1
pFbRybiEZGU,정면,1
2l5cW3YVja8,정면,1
JCO4X1M0VPE,정면,1
CcOOmcKvN0U,정면,1
q_uK82_8NNY,없음,0
WT6k8iSKV68,없음,0
CfoXgzy8khY,없음,0
-8j_jzz_z2M,없음,0
0zQlhE1ilVA,측면,1
5ZIgqa0q2bw,없음,0
gl9XZK04sSo,없음,0
Yc94yOzfJ2M,없음,0
5M83pl9uzWE,측면,1
CmI5WChQTR8,측면,1
jK1QN9q07js,측면,1
IG-_K9WYYRM,정면,1
e9gegPj49bw,정면,1
povglbK09Nw,측면,1
NNMsY0-Ssp4,정면,1
4xjyeKJ-0O0,정면,1
F7Yu9DOFa6U,측면,1
w-MqgWcAYp8,측면,1
Ay1uHa0lHSU,없음,0
HkpI3GEWExE,없음,0
lzHhU2GF6us,없음,0
s5fBWkyC6hU,없음,0
eumrbVJjsvM,없음,0
sgQQ8C2BUAk,없음,0
Oltg_kbR2no,없음,0
jkhU4bRZMrk,없음,0
fQwYqJiBgRc,측면,3
EfM63Ir4DNw,없음,0
y6BLJOI84Kc,측면,2
Dp7AA3nUZHA,없음,0
LX0GKUjnzy0,정면,1
KJjvUsBYDFo,정면,1
1-PoiKYWT-g,정면,1
VH5OgJ_Eixg,없음,0
COvxUos9j3w,없음,0
-U8VyECjCgA,없음,0
7D6FK3RDdls,없음,0
nKfEa9qKe5k,정면,1
Zgi7vITQ2DY,없음,0
yXlsf7mcwZk,정면,1
n1bCwCdDL3Y,없음,0
hfKWjpfay-M,정면,1
jPjNbgQZBNk,없음,0
cMtyhlbTTWk,없음,0
mtd2v9kSLC8,없음,0
-DK2YIdXPRs,없음,0
RjtYvjUUM7g,없음,0
uKX_mNC9SZs,없음,0
flrDSOefgGc,정면,2
MBY7EV1sGGw,정면,2
245JofHz3dU,측면,2
wt4Wh_Ivljw,정면,3
yy2Epe_78C8,정면,1
OVsAIYTfMQs,정면,2
saar29KeR2U,정면,1
rr4DVczHXXA,정면,2
GDCr7vegzPA,측면,1
n716S9UOypQ,정면,1
yVxQQuGGTME,없음,0
lp9i-8jeqhg,정면,1
yJUWe5uWoeQ,없음,0
h4dAL2zfVBk,없음,0
kmdp332Tk5E,없음,0
Kh1_GaI7wYY,정면,2
3B5MDbfN3vA,없음,0
VZlYoAjpGyc,측면,1
rpWHynd6jQ0,없음,0
xgrVJY48F78,없음,0
qWm-OZcE5xE,없음,0
uv4Xp6WNwkI,측면,1
izXlq2TRjAU,측면,1
TZ68MFjWyXg,측면,1
HZePHsX5L64,측면,1
mXcQIcd_rkg,없음,0
jjr1U7rVUt0,측면,2
Uam4a1rJfp0,정면,1
fql6lan-Oj8,없음,0
DqbSwUS-Xds,측면,1
GC0WBGPObaw,측면,2
228cOoNl-dM,없음,0
JCaOqTi948g,없음,0
QOsE_GR3XfE,없음,0
ao6uHU2aaqQ,없음,0
7MDp4w_H3ac,없음,0
6-dxI1clasg,없음,0
GTkkfA3KFtM,없음,0
jLOJJM28MnM,없음,0
bkAVFbIevhQ,측면,1
bpCXXPIdVl4,정면,3
Ur-dxQD4rIo,없음,0
SUXD490Sp8Q,정면,2
pc4xt-526v8,정면,2
ylrddEzRhKI,측면,1
lPGNgHdazf8,측면,1
bIMY0QuClcU,정면,1
6Ob2BmUbEIw,측면,2
aLUASKGnJCQ,측면,1
gc6a9enxXGw,정면,2
Y9Ktimwx5-k,없음,0
-jooV4lAKu8,없음,0
yoZEehxGxEw,없음,0
zAKcUhqt7MU,없음,0
Co-R11-frfA,없음,0
1GIcJlZNzAQ,없음,0
LJ8RFjHJI0k,없음,0
PPWXGdF5uv8,없음,0
J-rnYSQmttE,없음,0
8c7LzvmbjjY,정면,2
vB9_n-nw1H8,정면,1
lrNaYw_nIIc,측면,2
_9BgC4vkk5o,측면,1
R_xzFBj1c3U,측면,1
URv3pl_yzZ0,없음,0
06ON4m0nO9I,없음,0
rAvC3uFN0eg,없음,0
GFVAQegfgyQ,없음,0
q19lc4xv3xE,없음,0
0_vaKS-qOII,없음,0
5n6ZATkTHfw,없음,0
dOLtuvZ1CaU,없음,0
1jK-4lc75q8,없음,0
Ga5GTjscXNs,없음,0
iTes5xZi-SA,없음,0
6Vcve9zf0f8,없음,0
eIZ5XIk8LD0,없음,0
3mSFt4t_I-Q,없음,0
livp78c5spk,없음,0
4Q5AUQbDHBM,없음,0
V_H6IzahEKI,없음,0
hJUKH6SDsgQ,없음,0
YUu45_YPPYI,없음,0
Vay_VwXWE3g,없음,0
132E1-VhhCo,없음,0
TTQahxL3-ic,없음,0
NVab3ixv26k,없음,0
vKTxGEiM_As,측면,1
NtaoTezIJHc,없음,0
20auWVG-sWM,정면,1
q8rTAB_Z7jw,없음,0
9TaB701ezEg,정면,1
sunepFPhjO8,정면,1
p5CMGdGUcbk,없음,0
A9VYYc8yaDk,정면,1
SZzP8I6Ay80,측면,1
UK_RTOfgeWs,측면,1
CxhUC3Q0hhM,측면,1
qmFZ8jEmQyE,정면,1
wrOGCktnnRE,정면,1
HO_JULHeMGs,정면,1
bjjnJ2Zsv_w,정면,1
rV1P-7FSFwY,정면,1
BNtWwzTi0Vw,정면,1
TOMWjgW4snI,정면,1
-d027mSAhv8,정면,1
vK3CmAaOSfY,정면,1
z3u78jgr2KU,측면,2
562fXJiY3Vc,정면,1
I9Qb5z6pbZ4,없음,0
MAOA52zaNQQ,측면,1
skgS_R7hvSw,측면,2
8oADE4iQTHE,없음,0
cis452CvdkI,없음,0
R3HaNkWaomI,없음,0
wDvj0mn7Xxo,없음,0
V0wrjRycGlk,없음,0
cTgI6rm7Z-Y,없음,0
1_hMcAjDTIg,없음,0
aO6J4lq3cZA,없음,0
04wbfFRmCAo,없음,0
_6pMRhDDZWg,없음,0
Q7COdjY5dGE,없음,0
9yyk8TlLiCo,없음,0
Tem4pFmEwa0,없음,0
-OBK1UDLW3k,없음,0
PAM4e3j5Ip0,없음,0
63kqB3Qmyno,없음,0
hVihd68mrL8,없음,0
Bg9x62FerJc,없음,0
svHAX0REIc4,없음,0
X_dY3gMiWe0,없음,0
uqlRpPNyHP4,없음,0
jZ3YT0x5Tdc,정면,1
dQLeJmqXUmE,없음,0
eXSAJkvfohg,없음,0
NEGTdrcx8O8,없음,0
9TK0NHtzVO8,측면,1
wcPyBEd3Zjw,없음,0
2hIyxP55OrI,정면,1
T65r9qkvepI,측면,1
LK9P8L4F2dE,측면,1
MP7KESdGG-U,정면,1
u95avziYwMY,정면,1
cc1LWEftXOs,정면,2
CHz88DpoKTg,없음,0
olnmxORvOOY,없음,0
Bpjiedzdc-0,측면,3
UETGqAzCwog,없음,0
P4QtlZFwIo8,측면,1
mv13HkkKDoE,정면,4
3XNlHm-CIhs,측면,2
lWEsyWh5Qnw,측면,2
TXU9ej_tL3o,없음,0
E-MqwyPC2LM,없음,0
r7tUEgQTSKw,없음,0
JVNej9_j-wI,없음,0
8VCfGymr0WM,없음,0
ui3PenERGPw,없음,0
_ge1XUDWYus,없음,0
ZMkSHZa6_zc,없음,0
k4HN8tLpCAQ,없음,0
k4nJVPVszxI,없음,0
-rbr53DFxLs,없음,0
rydVD_MxWYs,없음,0
TzCFROgBPb8,없음,0
D3IJ-09Edl4,정면,1
uYOY6VVEjiM,측면,2
wV8aqxR4X2U,측면,1
hVPPzmE69uQ,없음,0
Ei3VR54rcSQ,없음,0
l_0UfINiVn4,없음,0
OeP8gg9V0ms,없음,0
4JYz5FHCMcA,없음,0
DVhuV03Zuag,없음,0
VLLYBccrHJ4,없음,0
l1yKOuaz4H4,없음,0
55cZZ8Lh3KA,측면,1
MZZJih2WDAE,측면,1
-K95Q-nx_K4,정면,1
JjBPt4OQuO4,측면,1
-5fRICDuxBk,측면,1
HKOyJ_raG-g,없음,0
KLdNjIVGMdg,없음,0
QrHyxODOWHw,정면,1
G22vUEPq9uc,측면,1
CKp43FjK638,정면,1
JALWyjpH1Wg,측면,1
zo9y2FdRonk,없음,0
2ymjqhmo8Rs,측면,1
_M1NRrqjNuY,없음,0
JlennOez2zc,없음,0
FBHL-xn7Pck,없음,0
zTVsC9oVzXU,없음,0
fInnaYo7lEU,측면,1
C9v-s49zEXI,없음,0
z8PXk72E0U4,없음,0
D9YrxaUYtio,없음,0
S-s2VVz6mH4,정면,1
eu2hvn66Q8o,측면,1
dBKV3LggpVM,없음,0
QPGRF5qsnnY,없음,0
R9EtRlRfU1g,없음,0
yrBcSvlkdDc,없음,0
o8QROAl8rEU,없음,0
ptI2tkCC1DA,측면,3
tTgNBvg8xOQ,정면,1
vkWEk48IPUA,없음,0
4SBl--2A0v0,없음,0
FE1sLBqS2-o,없음,0
cHtzGGRzIC8,없음,0
TIFZv-EiiYA,없음,0
Kjyc74ajb8w,없음,0
HF7NvGdu7gg,없음,0
nTpcyt19zL8,측면,1
laorDiwhS6M,없음,0
R1D6EiwbkM8,측면,1
I2KbY2dDiKI,없음,0
NgoOTDbJYow,정면,1
O2eMNWegSPk,측면,1
94-b5CShQhk,정면,1
Cmq13p0egss,없음,0
6mAxa3kfY9Q,없음,0
csz3Ow_7VrY,정면,1
MSfRyNY2h-s,정면,1
WfNH2PEZTgQ,정면,2
7BuaersK2Js,정면,1
tPHM8Mp0SwA,측면,2
7Gl7HdLi0Js,측면,1
l2T9ehjVBaM,없음,0
SeT0Yg7pEpo,정면,2
ixOvED3or-8,측면,3
FN2tHzPtPgA,측면,1
HvLLSu6mQ00,측면,2
3w6ua2hmL94,정면,3
KW0oVil1X50,측면,2
xbevr_aISR4,없음,0
6ogUP-p9Nwk,없음,0
2sGw_SCh9Xc,없음,0
ekI5bgtAhjw,없음,0
R9EZi45eGA0,없음,0
b1XGfjtohfQ,없음,0
wGuqf8nE1UA,측면,1
1mkKpFRfev0,없음,0
QmwOFNySOSU,없음,0
2pduSIyqWho,없음,0
ZHe-Zvj_lS4,없음,0
RkJExYVqyvM,측면,1
DsAi9ESWr8w,없음,0
BinRyDnnefk,없음,0
GG-dAoen8bw,없음,0
RaFYpCavGyc,없음,0
b_DnTENuwrY,없음,0
iOspV3AbZnY,없음,0
93v57fTtEF0,측면,2
plX8WRCxZyM,없음,0
RcxkiYISgrc,없음,0
SzxYBa22aH4,측면,1
Dy2HfPRGrj0,없음,0
TdMMYghyrws,없음,0
Qr6A8FW5M5Y,측면,1
oAu9_7iwqTY,정면,3
c78MF4ftNqI,정면,1
y8nBZRVj10U,측면,1
sPXBs-cStD4,측면,2
MWAZTAG3bDE,정면,1
Ran1m4f9la8,측면,1
4emdAK2Afd4,측면,1
SScNHxc5EuY,측면,1
FDPc2qD4-6Q,정면,1
h4Zxzgs7Z7Q,없음,0
625uKUtstkE,없음,0
np3Tc5EJBjk,없음,0
I97TC15T_Kg,없음,0
2JDoZAuAx9g,없음,0
c4iIxqFoixM,없음,0
kEwMsoLlTRo,없음,0
GijOGTDsK-E,없음,0
3vdp7iScbUg,없음,0
3q4EISxy1m8,측면,1
47Noliboj8g,측면,1
Hn0alRLxeZI,없음,0
2sy3wtQRmtI,없음,0
iI2CbUCJ3y8,없음,0
e59E4wRHRGA,없음,0
NVYOp962w2s,없음,0
jwM7g7LMMks,없음,0
BxTwy3WIDec,없음,0
STctxk4_B4s,없음,0
iGTImMz3Xbk,없음,0
BAdY2cU4J7o,없음,0
3aN0f479Uoc,측면,1
7xY5aqdgo5w,측면,1
RAHhMkhSwec,측면,1
wQycwggH9bA,정면,1
mdcD-_LK7jQ,정면,1
Dv0HxOYhrT4,측면,1
IP7bT6iZ29w,정면,1
FJUMQF6EtLs,측면,1
hk3klstfVUs,측면,1
hO4Ep5EuwdA,없음,0
j-LadYcYTc0,없음,0
FmPrWn2pHZk,없음,0
2bZke0mgd0Q,없음,0
2tgapKLuHTI,없음,0
w1tcyZNvfYg,없음,0
SxxebUz6iSs,없음,0
I91-_OG3iK4,없음,0
_hqN0zj20Ls,없음,0
9eZUJZBozOI,없음,0
zZSlqpHQkG4,없음,0
dJvqnNpLevo,없음,0
qpMxwnH28xw,없음,0
r6wxCA5Sz9Y,측면,2
e5HqGm91UbU,없음,0
WIICg1XWzEE,측면,1
qfMLXg2CIcI,정면,1
FO5_PAFDgr4,없음,0
Xed8ej_6kMQ,없음,0
zbH_P-nVq-I,없음,0
tOgPxiMGWDE,측면,3
P0iwL8ZnAfM,없음,0
9xE9g6zVRQM,측면,1
9ne-NOHuObc,측면,2
HnWvDYBT7F0,측면,2
WRL42oQbtVA,없음,0
XEmcJUHh4fo,정면,1
DvoLngTLzSw,없음,0
ds4AoOVbBic,없음,0
TH-5MwnJoaI,없음,0
0IStXXEpHPU,정면,1
h0FB7hcFr6U,없음,0
9czeqG0GetQ,정면,3
AddAUUpDcsA,측면,2
8KQ_UKY-tC4,없음,0
wekaqGvhl1w,정면,3
SluRmM8drU8,없음,0
D6DMMLg0nQU,측면,2
LvXZehiThek,없음,0
i1WXUj1mClY,측면,1
7JCJUsjFtSg,정면,2
W-rNZmJY_fg,정면,1
zqQyjBcQvm4,없음,0
1mqzqiDj6jk,없음,0
Kc3eYrg9nus,정면,1
Z7Tbja5zito,정면,1
EzSFSrN9vTU,정면,1
YdyKMbotqfk,없음,0
ltVT5BwmGQg,없음,0
LRPmXIiFEno,없음,0
ga_NYdUG4do,없음,0
CD7ymRt2aS0,없음,0
qbYj51DLdOY,측면,1
hqEtipen5hE,측면,1
HjYf3MvQtxo,없음,0
UGy_5Vr5QsE,없음,0
5WVvDmBfExM,정면,1
01dpzVaWHPI,없음,0
7IYFvgqibpo,없음,0
IKyKrSdt2MU,정면,1
9eA1sSjTJbU,정면,1
d0z0ZLaNCYE,없음,0
H7jQi-TMego,없음,0
9UEscjX_2oQ,정면,1
vzjktil2UtQ,정면,2
qFZpxIFRTFU,없음,0
STWhipRg-0Y,없음,0
8a2F_c3hK58,없음,0
sUjwrxiLR4E,정면,1
qWRmBmseY9k,정면,1
GHsCz5YaADo,정면,1
w_RkJysWASw,정면,1
ajxWXs1eR5U,정면,1
vEejqtfTtgg,정면,1
1KUWZLBUV8U,정면,1
ZkAl8pR_5O8,없음,0
OYmVvE0WXVE,정면,1
fJ3UOANa2o8,측면,3
uBQJtkyMfgc,측면,3
WsIvDioWjR0,없음,0
sSZTthJG_L8,측면,2
vLwdt4jmn0Y,없음,0
fWwJjIg1DB4,측면,1
aEfnHO1Rx04,없음,0
TBfLqesjW0Q,정면,1
NDPdl8oBp1U,측면,1
nROHBbb7D4A,정면,3
HDJmru8AyfQ,정면,2
-uh7gGVBucA,측면,2
CKpFaF-e68Q,정면,1
QRZysfNO3pg,측면,2
qiikNBFSjhg,없음,0
u7f2XbiPIQg,없음,0
jSqi-79u0Mw,없음,0
bqThrwhxy78,없음,0
Efua_GWdpW0,없음,0
FAnQgMrk4l0,없음,0
DP670u9ix_c,없음,0
EphYxSKLPL4,없음,0
Mc7HgS2pPeQ,없음,0
TF4L_z6Zv7A,없음,0
XrV5BmogUdU,없음,0
fI3IEpf4nIc,없음,0
fLAcvBNF0U0,없음,0
fO8Zx9jEVbA,없음,0
YSl6CvhWy5I,없음,0
32o2cGZ0MlA,없음,0
3uKeKkI3Ht0,없음,0
zE0LVGgcgxA,없음,0
v2c7vHraiDI,없음,0
wjwscYUmMro,없음,0
iuDOTqtnDh8,없음,0
0E2jSo-Oecc,없음,0
AVHt--blSJg,없음,0
Exuj4RUgXjM,없음,0
W_WaRSssojM,없음,0
9nfIVZYf-_s,없음,0
Q8e8K6lF3lM,없음,0
Bv4YGbNnW5E,없음,0
fLp9SNFOjhA,없음,0
dnjfjnRHwq4,없음,0
l90V1P2dfQQ,없음,0
t44DBuz7-kE,없음,0
1s-B74PsrMA,없음,0
vqaDudKPG_4,없음,0
i20euYREpRc,없음,0
7eRQW05u4cA,없음,0
5YWQh4zDg8g,없음,0
WlIn6T7KaSM,없음,0
SZDjXeXk5O4,없음,0
-02GpzhiwBU,없음,0
yeH3yzEr1aw,측면,2
-LY3FKa90lQ,측면,1
jTM_HSSphNE,없음,0
WRzEsEtcILs,정면,1
caWAbvX-wRc,없음,0
nAN2AZS0egY,없음,0
O7pFKcN58W0,없음,0
QYEGqoMRP-I,없음,0
k6_uDzFyuC8,없음,0
L56hM-L69S0,측면,1
OEvZSmKjhN8,측면,1
hU0Bjvrlurc,없음,0
8LJU6FnOaJk,없음,0
ufjtaVKAahs,없음,0
AfCgsI1TRoI,없음,0
uDmMgkSxLJk,없음,0
mD2d-J1kmfY,없음,0
RqeMfTmslrk,없음,0
1bS8CeUBHdk,없음,0
zUOWAuholF4,없음,0
Pr3OgCd7RK0,없음,0
FsVqUCwH3EQ,없음,0
vpTnXc6zgMg,없음,0
3oDZdbA21rk,없음,0
7-Tr-OoUbX4,없음,0
PRZxQjpIApE,없음,0
bRVRsOOi2J8,없음,0
ejd7HhPMZiA,없음,0
ItOQDEDTJ38,없음,0
8hFtw-SLSLY,없음,0
UBC7PFjDsuA,없음,0
WoBoH86SvDI,없음,0
iYBgpmxic0k,없음,0
DDGQpKkHWp0,없음,0
G58_02YjGiA,없음,0
HkBZ3eKRc4M,정면,2
M9SXFtEv-OI,측면,1
hVxVdsG8uzE,없음,0
Qd9_HYtJ6ho,측면,1
WITW-Q9woLM,없음,0
NJet67VWFXA,정면,1
B9mbl4HvWK0,없음,0
SGtS-BLU4D4,정면,1
neac5D4mzQY,정면,1
tWBfFrvF1iM,정면,1
BTEtvcecGdE,측면,1
QTA-CzQ9LZg,측면,1
dWf6CmUWW5s,없음,0
M7wPbjysyJA,없음,0
CrevQJBkvig,측면,1
XxtcRC6ZTOw,없음,0
PezzuDm75Zs,측면,1
VTcnk9UnJJE,없음,0
600y9dtoWEo,없음,0
lWGMBIFbX_k,없음,0
lpSHlP1VDKw,없음,0
PP0sFfj-ZkQ,없음,0
qDgxtqnVLhE,없음,0
oXGrXhipi54,없음,0
u1jU-ad7r2g,없음,0
caBZsh9ulME,없음,0
QCbAmSjP_PU,없음,0
OyVyQCQ8LM0,없음,0
J7YjoqBobDk,없음,0
qOJCQtoAHyg,측면,1
qG4p2VjKrt4,없음,0
HnuD_UGDNW8,없음,0
dVWjza4mi3I,없음,0
yozbm22kwjk,정면,3
UUiHYGMd2-c,측면,2
YSQTllZvJFA,측면,3
1yiKCJg-x5A,정면,2
0D1i2H9KNbI,측면,3
WaWA46trG6I,정면,2
56Tfd9aAcIE,정면,2
ojdv4kcEXPU,정면,1
aaE_PEecIh8,정면,2
IfRD_vVx0OI,측면,2
IlTvDqk5oH8,정면,1
U4px3SPM41o,정면,1
tgTKmW8G8jI,없음,0
DIdfceGELU0,없음,0
p1QIU3RyuDk,없음,0
2c4Dhd-RkvI,측면,1
Qu83apXUnOY,없음,0
Fq1PLJx1THM,측면,2
npERMLIUYNI,없음,0
KhTfIzEd_qU,없음,0
yXj0lt3qu0U,측면,1
MJDtveAviLA,없음,0
hTwkMZ4Uwdw,정면,1
LzvD8nzyRvc,없음,0
dMInqiqohQE,정면,1
SjwDYXQZUVc,없음,0
ZOBVo2pCZm8,없음,0
IK64t4tuGQY,없음,0
2lMHcVVxg3Y,없음,0
C6zvYAarg1w,없음,0
5PG_epZLie8,없음,0
A_sl7dVgjFY,없음,0
6ME36rpgDRc,정면,2
wURl9tSShbM,없음,0
R-owQFo8NoY,없음,0
4xXTAbwKVoM,없음,0
Im0oFH-oNuc,없음,0
E4LQhAbx3uk,없음,0
FJy6A_VkjyA,없음,0
5jMPuj5WKSo,없음,0
sartdcJO08I,없음,0
I2TiByTPPyA,없음,0
uzVGT-ASYRI,없음,0
BsVrXtHhTbw,없음,0
BQbJKuBY7Ds,없음,0
9aNTuSA8mFs,없음,0
USZV3L2AN-s,없음,0
E9IIzzpdJiY,없음,0
bGgG5Hqb1nE,없음,0
Kl7gCqvwYyg,정면,1
9NYjbPJWOSE,없음,0
ycx_R4warzE,측면,3
kULUuFWigSQ,측면,2
KRMxCI592o0,없음,0
A-tK-6SqBDY,없음,0
N-UQQAT9bj8,없음,0
auZyRIX5AmU,없음,0
1qCBMjV3Jb8,측면,1
EFdfBLw3ezM,정면,2
ZH2Mzs3x6bY,없음,0
ykYbkRUirWk,없음,0
lj4Fo6agcZs,없음,0
hy8ugca3978,없음,0
6dhgHkTRJ-E,없음,0
uKN0ClCKfPI,없음,0
dywaddm3HW8,없음,0
xM5P98246-k,없음,0
JMaTdPSoIV4,없음,0
0EgHV6O2fNo,없음,0
l6OFinrSn34,측면,1
J43IVMuFEy0,없음,0
ceK1q1bDgDc,정면,1
aICB8uZKSEs,없음,0
Zy7iD8siEeo,없음,0
A8LpXYLa4hM,측면,1
BZRlAIAVtEw,없음,0
FkQaF8xi2Wg,정면,1
XaNgadXXATY,측면,1
h9C_ZPBuyW0,없음,0
jKqDHMN7ufU,없음,0
hUMf7KRXNHQ,측면,1
OkMMdtywK8c,없음,0
tOSTvkqOlXc,측면,3
waYanoLN-hI,정면,3
QJUhDFXWO5Y,측면,1
p1sALQDieGA,측면,3
xwjPeUdS9mU,정면,3
tarTpfUlHhI,측면,3
TwspAnZMPDs,측면,2
fS0DsqZnOxI,측면,1
XIOHnmjbxEQ,측면,4
XOLlhBObJMM,측면,3
FXeTdHAYlU4,없음,0
kCgIup4gMhU,없음,0
WVGFQhQOhlA,없음,0
0JRzV8Ubopg,없음,0
DU8maIsOYC4,없음,0
5Qaxc42Z3Tk,없음,0
zxVH4nWqc-A,없음,0
i8haw6AP89w,없음,0
VhYkvqM1yiU,없음,0
aUPu8gwwMgc,측면,1
hHgzMFm2jIw,측면,1
0JRp7o7J_CE,측면,1
CRAC4ZTc3Ww,측면,1
GyCtPkqQCZU,없음,0
grTPBOH6jgo,정면,1
ZvsQo4fFVys,없음,0
71IVo4ukvPk,없음,0
XG0eDzNfAB4,정면,1
V7BPZk5pe1M,정면,1
fuXzy_Qa5Bg,측면,2
zwyMqVLjcLM,없음,0
WG6ab7k9CUo,측면,1
nR_iXyzRyuk,없음,0
BfbKs_fP_ZM,없음,0
oXTqwwi2SAU,측면,1
3-WkF_mQ1UA,없음,0
FtJp3Sl0qbI,없음,0
lQK_QG2Ustc,없음,0
f1EJBndtBRs,없음,0
FiiDKNrqRbo,없음,0
8w6WKTo-tZM,없음,0
9lnR7lNO8pA,없음,0
v1FksycfAFE,측면,1
dW8sjplY858,정면,1
VdjdgR8vPhA,정면,1
BsXxrluhHPs,정면,1
xo9Oh0uHWp4,정면,1
_454XhyCL88,측면,1
-dJjuKtLQkk,정면,1
DTTFj-cL1kU,없음,0
WfCKcchxaRQ,없음,0
Sj8xrz_fXCE,없음,0
Zc_E__WwHp4,없음,0
iPNO8elc-js,측면,1
pW_cGQtuJQ8,없음,0
xTB5LrQ_sw0,없음,0
YXOsIF5riAk,없음,0
9u2vP2jnbyA,없음,0
pjKAanAWP8g,없음,0
sfTUzobhawI,없음,0
5HGvAFIVPIU,없음,0
MiIdw99WV4o,없음,0
_7QaTcN9gig,측면,1
5xX8joAqoiM,측면,1
WE-ZkIz7eOA,측면,5
kIjymYS68Ps,정면,1
gVry0VNjOIM,정면,1
EVU4meKQoMs,정면,1
TQscSKKNWno,정면,1
D3jnlvt77_0,정면,1
GAQavEkWD-g,정면,1
ZCUZAjG8QGA,정면,1
aAIHXhP9dFY,정면,1
-mcOIDllqKo,정면,1
Hx6ZjsvwMjA,정면,1
c5DG_zYW7go,정면,1
TmRhD5H1VYo,없음,0
FtQ8jDXz8-0,없음,0
wtaV9--EWi8,정면,1
91805E9y-f4,정면,1
wHDgjCF8fbY,정면,1
QdMyZx7FXww,정면,1
mAEe4NYUl9M,정면,1
MH1MYgce4fw,정면,1
jbhhkPZVbuc,정면,1
msrXUkollEo,측면,2
ReVLrIlRCZ8,측면,2
zyTj-uWaC8g,정면,1
Msnu659k-xU,측면,1
ScTP9nV0Bt8,없음,0
GE-540B_lck,측면,1
Y1ESyI7hxa4,정면,2
0DIvZIy98bo,없음,0
coEa14L7vak,없음,0
7jnQ9xmPing,없음,0
9uh8vTG3urY,없음,0
wON9xOVY6u8,없음,0
meSCyhzWh-I,측면,2
e5aOyotkOUg,없음,0
TQUCo3Dvn9k,없음,0
ecfoqLQLztQ,없음,0
piPyYG53PT4,없음,0
SjWANMqpP8A,정면,1
iavVylrSgdM,정면,1
Ne7ai5L2cMs,정면,1
zFxxiuH4yYY,정면,1
x7Vlc5c4pTU,측면,1
6VDEeu62row,정면,1
pqKyFLH7j24,정면,1
flApGstyMZY,정면,2
FZJidpn3N7k,측면,1
nOwbthAgPes,정면,3
-WzbDIDGK1w,정면,1
_EH9EdcBzmQ,측면,1
btdx7S4HRzE,정면,1
5lCOeqpYdkw,정면,1
vRqGY5Xcdd8,정면,1
x8SXqwJOO6M,측면,1
ob2LwHTH5N0,정면,1
CNDs-HRVqtY,정면,1
5YlFSVC7AOU,측면,1
kOXo8b6vFow,정면,1
E8nFg5fs1xY,없음,0
qwNmRLX0AyY,정면,1
0Th814C-GpQ,정면,1
OyqSQoxUMyg,정면,1
7lUMgxU7qn4,없음,0
aeMZn8bN5tA,정면,3
WqbDsq3Ef2Y,정면,1
ebZJN-jkUbw,정면,1
ZtYGsCdrQaM,정면,1
h023ggUkk4Y,정면,1
P-ORYoMVpQA,정면,1
9Ru_VMZ3wuY,측면,1
2IV9ouWzwAw,정면,2
GXlpU1uF8Wc,측면,1
K8_XDE5nKK4,정면,1
uQNkpJVXcSs,정면,1
5CpEgJ1kv5Q,정면,1
hiHtGwAQsBI,정면,1
jef8V8gFitk,없음,0
HiqHSWae5JY,측면,1
jK8h48wHpds,없음,0
X6uwHpz4k7c,없음,0
r1GMR-tNDvY,없음,0
pEwRnxgGDM0,없음,0
tAmt3bfzOFs,없음,0
AliefUtud14,없음,0
lv1S6YwTv3w,없음,0
Fii75l4Mvzg,없음,0
nl2AI2VXuDc,없음,0
XRprgg-KW98,없음,0
sCka99GiF0k,측면,1
U9M2hujJ_x4,없음,0
kBPWcXvdlpk,정면,1
YkRHQn8S8zE,측면,1
GoUsOOo8-ZU,없음,0
QpdzNwdlsho,측면,1
gjsf5EYkfAc,측면,1
WfINHQKyJOk,측면,1
bupDdBYQU-U,없음,0
WrE6SViPqiE,없음,0
EPzzzkjYSQ8,정면,1
NeQfV9VZBi4,측면,1
JaGkbC_QF8A,없음,0
SoSwMPLBlM4,없음,0
HODoBSweSj0,없음,0
KhXKG_6mB_o,측면,1
qKAV-T3yzRU,정면,1
xhbiWBPkHcE,측면,2
TLDdVmkJ34s,측면,2
HpkvofVXWak,정면,1
xw_x3oR2Nuw,측면,2
cI0N0_lXPZI,없음,0
3mEllxZyOUI,측면,1
DvcygTKC3Hc,측면,1
5dYXZkfD1Uc,없음,0
FjVX_uvpyWA,정면,2
-ZQNUD8Pobc,정면,1
GzI5HfwhAfM,정면,1
5yltpggOjNo,정면,1
VxWqRi4dpOo,정면,1
xORnpIdP3Qg,측면,1
YjUiag8R0_A,없음,0
um6yCrOyIV0,없음,0
L-Zax2IgMJM,없음,0
kpQj4NR9aKQ,측면,1
iFF_Jp3XfYA,측면,1
UD3O5P3wYsg,없음,0
_HKLDOmSOag,없음,0
vRgen6qzAto,없음,0
d-SxY_2zYAA,없음,0
28FiY8My34Y,측면,1
DoKGuG6pPLI,없음,0
mjKWkQ4vGc4,없음,0
PaRFAqDf0-g,없음,0
uI0FiIfqXb0,없음,0
6ITLKvhSjok,정면,1
zFJDZPaIoPs,없음,0
0ELDu0NYrlk,없음,0
wzZHxtvjCs8,없음,0
i5ZNcV27d44,정면,1
nUQQ_2-bY4U,없음,0
36XSUkqh1QI,없음,0
FNXFYTIXxdw,없음,0
v9Xqr0x3qjg,없음,0
EwqPkTkOX1I,없음,0
N8g2mjk53q4,없음,0
xnaucNjdfp0,없음,0
hQRQWyK3OXE,없음,0
FfRSJ34jnUY,없음,0
FbaxMZDDHJw,정면,2
s_s5rIK3cy0,없음,0
WMqq_mx-Kzw,측면,1
la1SsLUX2og,정면,1
Iz0bOTZrnhM,없음,0
0kfoTaeJwq0,측면,1
XzO9WvZNggw,정면,1
UX82SjZeq5E,없음,0
GGn6CosM0do,없음,0
qzSCfexxuXs,없음,0
_XI-iQwNlbc,없음,0
RUmbzUj_QFY,없음,0
RIA11d9XqVo,측면,1
MUnA_TpvEng,측면,2
7B5-nbwa8k4,측면,1
cr0eV0LgMUI,없음,0
WIdXXY9CdkI,측면,1
1wILTRtrooo,없음,0
khqUV2gkoc8,없음,0
bR5-mniJcgE,없음,0
0uCUs1qO1-g,없음,0
tSH17aJe-K4,없음,0
WXne0rBeH6I,없음,0
w5ml583EjKM,없음,0
_uQsBtpgFts,측면,1
kN4NVL9lv7c,측면,1
ZbWV3abucFk,측면,2
WnRju654xRE,없음,0
If2ZVCCa-Y0,정면,1
zE1ypgeFdb4,정면,2
PPynxxV82mI,측면,1
VAmBrkdKXK0,측면,1
ejissgumejY,정면,1
W0rOQ8KiqLs,측면,1
P6hYH2GnXxE,없음,0
F8LXY4DNU-k,측면,2
AmTG5WOmQtw,없음,0
NZ_e76po_bc,없음,0
svCIS0OgOpg,없음,0
yChdTOpgQ8c,없음,0
hvxcwxiz8vU,없음,0
lcArbDOUJlE,없음,0
Y037VNV9nbg,없음,0
lfNUuFP7qrA,없음,0
qfXFnfGic4s,없음,0
cgpNwGoapeo,없음,0
8YrbyF7INts,없음,0
eT1c7mtV9xM,없음,0
etmfuvcGcT4,없음,0
99oWR8WUhXA,없음,0
bH7lZp7eaXU,정면,1
Z_gZtap-iX4,정면,1
v0AnNdXU5_4,정면,2
hKKMgqtnxMU,측면,1
7yUigzM4WNQ,정면,1
zBtlv9J9Ueo,정면,2
KLeoxD2MXS4,정면,1
1xpx0aZ1Cao,측면,2
AhGYLNAQ7vE,정면,1
5aoyxpKILFI,정면,1
gFsJ_9AvAQQ,없음,0
KcGRbzISQsc,없음,0
_4PZQFopv10,없음,0
mQCG5F3YWTU,없음,0
2_NoOnUmyrA,측면,1
yPWncPw15-U,없음,0
ololiKaRPIE,측면,1
_uDCLcfYWXg,정면,1
xNLMY5gosGc,정면,1
LDUtCOngqyQ,정면,1
ZfaOfLkGRyA,없음,0
dfFFpYatjtI,없음,0
iSahbSLWgqw,없음,0
DoxdZWGYiRQ,없음,0
p43_Qck3WdU,없음,0
FXyfrLb4Doc,없음,0
lLhk27nlG24,없음,0
p9vawXz6kj8,없음,0
hUFws972vKw,없음,0
s4lqqjEV4uY,없음,0
zwwyvyxAmoA,없음,0
u4zmNJbBw4w,정면,1
m1R2nrwrCY8,없음,0
n4bAksUh9TQ,측면,2
9Pwv0WxMpG4,없음,0
7N57Q8tnIo8,측면,2
k5nYXIasfag,정면,1
O7m_u_2OvwI,정면,1
p9zqL88RraA,없음,0
jGrnG-ywPWI,없음,0
wNmUZK0aZbo,없음,0
s9Xk77f3oUE,없음,0
vYIjVxlQN3A,없음,0
k7wA6-XHQAE,없음,0
Uln8A2RINKQ,없음,0
cLDru3Flk3Q,없음,0
QByg1Vj0n-U,없음,0
iIpaCtn69GQ,없음,0
2Ebs_0_8nZE,없음,0
aYdyYLTmkwE,측면,1
uV-BInKacqQ,측면,2
j5cAjwlTckY,정면,1
cA36pa5fJKk,측면,1
Lv8JanqOVl0,없음,0
w4ZY6D7PYgM,측면,2
ww2RsdtPlE8,측면,1
OfPZtyC_4zA,측면,2
i8hrK0Qs6AA,정면,1
fzRfFycF6Pg,없음,0
Nj-gYj1lCSw,정면,1
q50dvDqHRjE,정면,3
mPCIyEdi59U,정면,1
p864u6MqmP8,없음,0
vwI20E3DuzI,없음,0
_xLLP2dMYzA,측면,1
PXNbY9Aaf3E,정면,1
mkRTkzoYN88,측면,1
mWX7Yiz8xl4,없음,0
2w23XcfsR0k,없음,0
_LhzAyeHxJM,없음,0
Wu_sBJcmOEY,없음,0
Yf1NI-FHieQ,없음,0
DQZ21fyLVkQ,없음,0
kmSJvWI-Frk,없음,0
nN_enzixACA,없음,0
VHbqD3A3lqY,없음,0
-R-D_hxYYNo,없음,0
P_g3jQXVW9g,없음,0
ezrTDm-z0WI,측면,1
bBUg6XqzmVU,없음,0
DEIB4x2Nt6s,없음,0
xzqOnq4u-fc,없음,0
sT2C1QEqAkU,없음,0
1k3Hnu64_84,없음,0
nFgDp2VecK0,없음,0
LPNU3nDSTtY,측면,1
6ad9b__-JlU,없음,0
t5Xs64Ge5S8,없음,0
yjdAOFPZC-o,없음,0
9CmoRW1OTm4,없음,0
lg3dcDXXttM,없음,0
Xod5Qkn_wMU,없음,0
aQ6MUnk6Zc0,없음,0
ijvZ7vGuUTQ,없음,0
ijtHsNutKzY,없음,0
Y2bgZBtn9Lk,없음,0
-oS9XH4BMmQ,없음,0
su7sH2sN6kM,없음,0
3K_71REq0S0,없음,0
6VueFaMIceU,없음,0
aKHOm0dUvPE,정면,1
A9TSP2LabVc,없음,0
UikvdWRnfns,없음,0
ZI0pFT6IVtA,없음,0
8tFWpUq-SbE,없음,0
gx62SwkK0dI,측면,2
1DXkTt7Izvc,없음,0
svgAEp9vTs8,없음,0
iKoJsmLhGBY,측면,2
DVoWFfRXb68,없음,0
DjOzkCbK8bQ,없음,0
pKfRGcs0Ouw,측면,1
3ShnJO3DUTg,정면,2
h4pJDRo7ZZM,정면,1
8gayxWMcvz4,정면,1
eFUZTLlyRSA,측면,2
pvkX1GAjVtg,없음,0
qGGsNRFzpCs,없음,0
iBd6JTJlhXc,없음,0
No-U5xFJPqM,측면,1
qGJwzyI8ykE,측면,1
RxODpCVYCt8,없음,0
C8zsuJLiiRE,측면,2
hqLvmcFv0Ng,측면,1
sr7O_SQ4MV8,없음,0
rCd_ZdIVRr0,없음,0
DLqT4qoCnYY,없음,0
_N0um8gD77c,없음,0
PJ_rNPgIyY0,없음,0
inEtfTFBBrk,없음,0
WeWIMGfFe0w,없음,0
QSvdOyjVAdM,없음,0
xtOgkaPdg9M,없음,0
VAAjzpQMMkg,없음,0
lLOsAA_NYzM,없음,0
CQhFtV7F71g,측면,1
9YwDIPtmHCA,없음,0
KDNo-JedDHE,없음,0
WVe6S50hylI,없음,0
Vh3cq4Wg6x0,없음,0
rprX5fhhSC0,없음,0
8ubfLO4-5dw,정면,1
kp5Qf2AjFCQ,측면,1
JaNn5JDxkzI,측면,1
6D2RqPPLVqE,측면,2
mTPbv7cOZXc,없음,0
PXGz15BxSA0,없음,0
lmuIR_rctzY,없음,0
EqFdE0Hfk2Q,없음,0
D7mXfzRguU0,없음,0
uN-5Wm_5N3E,없음,0
TPP8n2xxYsY,정면,1
5CLfkhfsP9c,없음,0
GaYcmDaaEEM,없음,0
nQMybx4q1Ws,측면,2
m3Sxo-4WgYc,측면,1
r_KOG5jK_H8,없음,0
yTQzo_b1zCg,없음,0
SkpKCt_p7Hw,없음,0
CLqgWp1QGcA,없음,0
4z8Eim1UWqI,없음,0
4zJO8ftuKmY,없음,0
tKNjie_VDHU,정면,1
BNY_UXUTXSU,없음,0
rcXIEAse-T8,없음,0
PPTlnz6oB9Y,정면,1
lrjWoU1l7F8,측면,1
AORFRekzcrM,정면,1
9k3VU9pnVn0,정면,1
RkK-dv5LXGU,정면,1
i9GPRBKmto8,정면,1
IncGTd0L93o,없음,0
WnW-HP8d2XY,정면,2
ha7TuTQwpt8,없음,0
mgiRxa1Uw-Q,없음,0
Bkbk88q4Arc,정면,1
e6T_oMKbrMs,측면,2
26-QWakh11I,없음,0
6bMR--vqigk,정면,2
LmeLeeUOMmo,없음,0
KbhVFjBZvc4,정면,1
MIGy6VpZ6o4,없음,0
vN6NghNi3Qs,없음,0
5fCDe4x0HC4,측면,1
bEpu2vKZqLU,정면,1
QurXRR-ki04,측면,1
hIjrmCD7ZEk,없음,0
Ok0fU3YcbsM,측면,1
3JjU3QZJH44,없음,0
68R6zcRqXIQ,없음,0
viJ-cSjp0aI,측면,1
RgzWqFRnwdc,없음,0
dayHzlnUbT8,정면,1
IiQuGUWhCng,없음,0
fPHH5gYjB40,없음,0
RZuiDb1EhNY,측면,1
cpa9gcq6JVg,없음,0
gTiUPrxpWso,정면,1
kbjkuZfZjq4,없음,0
TbVh-2FyH6A,측면,1
00eQJP9BnCs,없음,0
HIz032ziVWs,없음,0
gCUJdhcfdmY,정면,1
oMBzpXCsfvA,정면,1
2Q10DwmpqtE,정면,2
XVsUBET0VeY,정면,1
jIcwBxy66zU,정면,1
tgMMl1lahDw,측면,1
qp9s9i6n7VQ,측면,2
vsoHg0wJTVE,없음,0
L32UDbnYbIw,측면,1
PPAejQ2wJxE,측면,1
IPUelJWGdKE,정면,2
ErHbq0QuElY,측면,1
yuz0ByGSAf8,측면,1
a2buNt_0_BA,정면,2
_HuimUJCNm4,없음,0
3xCme8gLVHo,없음,0
jMdi91NnxX0,없음,0
bkK0synp8tQ,없음,0
z2XlScA8pRg,정면,1
-k9XElxBqbc,없음,0
iMSVxCqZOXQ,정면,2
5YdvqKDCX4Q,정면,2
dVLsxdMVuCY,없음,0
CW0OtanF33s,측면,2
sMBmgUi-o_E,없음,0
Cr3zAdsMo9c,없음,0
QKDyWGen6Y0,없음,0
XrOQ3r0N6vg,없음,0
wBYetF6WkTE,없음,0
8Gmhj1bjx1Y,없음,0
aDxLUv7IkZQ,없음,0
XjfBsa25yF8,없음,0
shfmYaTFsOQ,없음,0
J7cciKZHB_o,없음,0
2QVf0V3HvCI,없음,0
lvyaZLwbJEs,없음,0
WrjlgDCYjvU,없음,0
1TYm5l-bLXU,없음,0
UYeA3oiKtk4,없음,0
jYbRRwoFQWs,정면,1
OKvrBw3-pbQ,측면,1
csS0a96j71Q,측면,1
65URcg-7tcE,없음,0
07Mz6SUn7iM,정면,1
I5D9nVCBzKc,측면,1
l0eKNLJg8uc,측면,1
kRCqHgeZXyU,없음,0
dK2UKQD8K4c,없음,0
459C3Cna6QY,측면,2
eTdjsxzi558,측면,2
dlWtPn2aH_A,없음,0
yL3M-Tj7axY,정면,2
_d3CAKJERbY,측면,1
Z_zVm7QbX_Y,없음,0
kBe6fqSqE4A,측면,1
v4kAAi9Rjo8,없음,0
IPSinVjberY,정면,2
Ypob5vWvNK4,없음,0
-pZLcmfh1hM,없음,0
BBR-JHIvBCo,없음,0
cPGWVw-_YBI,정면,3
gF4aga1iP7I,없음,0
gseEMEYwPQM,없음,0
92qPjHZs6Kk,없음,0
tAApotVyjoY,없음,0
8gmz1I1nFNY,없음,0
CxJyvEb4Jfw,측면,1
a9GjVRQa_zo,없음,0
kHOVLhxEFcg,없음,0
0Nl3QY3FCsA,정면,1
uVAO5N3DtPA,측면,1
ESpZHLv-OLU,정면,2
1AW4u9aD49E,측면,2
b8P_D8XVx78,정면,3
uS8gNe1_sZ4,정면,1
l6zC3RVaAJ0,없음,0
ZxQHoutg9N0,측면,2
3B6vlcX2VYM,측면,3
ZK55LN1HWaE,측면,2
dugNZeI4130,정면,1
hIfsXv1UXSE,없음,0
YKwdKigHe4c,측면,2
FEJLVjkU4Z8,없음,0
-j2mNzZtnso,없음,0
L5NYetsix6s,없음,0
6mdBA8132-U,없음,0
YeewBjJYN1g,없음,0
B5CszwBSsLg,없음,0
Kecf4RFEiNs,없음,0
BaP-bEXRNec,없음,0
p54OM3Wm9w0,없음,0
SHFkypBMZ8w,없음,0
SpCcjbdoX1Q,없음,0
LZEmzn5vqz0,없음,0
CboUgF5r5bI,없음,0
1jx2GfDRt4c,없음,0
jmHUHr1WyYo,없음,0
4OhVPT5TGHg,없음,0
cZufoQj79Rg,측면,2
vyHMmpn_HCE,없음,0
AXaHYUgy-rw,없음,0
mBvQlL8zgfU,없음,0
K1Ac-1dgqyU,없음,0
dn8J7PPoYXs,없음,0
FoopLovbdck,없음,0
9E0UWexrKKY,측면,1
uPjTFVNcYq4,정면,1
jyDe5wI3WQ8,없음,0
nTHRohHp8EY,없음,0
CkT_P4CcRmc,정면,2
odvrYxQcIUk,없음,0
uFs_TBBcHCc,측면,1
FoRiM3-CmgE,없음,0
57LcLiSpt1c,없음,0
0_wikR-4ApQ,측면,1
D-Em-2YKyag,측면,1
hVOPYd6PUaU,없음,0
L3I--H_TrSk,없음,0
6x6nN62jZI0,없음,0
qCfp9XHnE5Q,정면,1
YWop2GEfUn8,없음,0
crb8mO9CCnQ,없음,0
Er1yLmcTsRQ,정면,1
IxfmtIckAKI,정면,1
9nCxoxJeUos,없음,0
qhJS7AW3quc,정면,1
TiHqZzuIY9Y,없음,0
cUIweYpplbg,없음,0
twyQv2ydrJc,없음,0
mWrSozf4rjQ,없음,0
50nc3OI94qQ,없음,0
LI7_gvRzmJw,없음,0
zTbjy2cMrug,정면,1
4_NLaa3sTaM,없음,0
tYfYyQQP9YA,없음,0
MotiUoFdmjQ,없음,0
9OxEqxS_O1Y,없음,0
cfemVmxWKsQ,없음,0
2JMfxRxO3Fs,없음,0
E35KrNHunNk,없음,0
sXUufILgUAo,측면,2
evhCqN75_AM,없음,0
LScVySS9Izs,측면,3
hYan80ZnAXg,정면,1
o0JqAQwvxEw,없음,0
p3w0AZG6vu8,없음,0
D0U4Pud4iZA,없음,0
FDroT-w9krY,정면,1
RA7Wn6KCoCE,정면,1
83XD8xTe0Fs,없음,0
HHafCgCVDl0,없음,0
XT0jepJlReo,측면,1
1KDJsGM6UhI,없음,0
BxPvMxhKydM,정면,4
89G953REgjQ,정면,4
KQZ8a163tKw,측면,3
_jB8UJ7uiJk,측면,3
meAxTarfmyg,없음,0
vt4Yq15R5zc,없음,0
p1aUgBycS7w,측면,1
wZWDDsqokNE,정면,1
P2WC9aQVm88,정면,2
AccQM2qSQk4,정면,2
DLX1wbYzGIA,측면,2
wvGMIarTGnI,없음,0
lv2EsScPhlc,없음,0
eSgGuoiL0AE,측면,3
usOXYIK7eco,측면,2
HGCWINK8X8k,없음,0
-zTRKdoe7b0,없음,0
5q4z-xL7IyE,없음,0
6Rvwl5gcCJE,없음,0
luXMwG_SFLw,없음,0
K77JlIO5R-M,없음,0
xink8-pNDNU,없음,0
ipJqvVGEEkE,측면,1
0ucrWgDY8vo,없음,0
MO5RZQ8vb8s,측면,1
_hiDDrsTauo,없음,0
9TjUch1pZBs,없음,0
pvTjzNGIlOY,없음,0
zvz_xCu_htU,없음,0
wuCftwW6MEA,정면,2
8PClT7xiN6E,없음,0
8TMjyZMCS2g,없음,0
Ziz-c1P5a7w,없음,0
7a9bdCKCGbE,정면,1
Eliw6lcwZoY,정면,1
pG4XO3__PiY,측면,2
ZTunNJEVF6g,정면,2
pgWJXGQcoXs,정면,2
vAYGCrJYyzc,정면,2
CKLLLOsxmh8,측면,2
nT1zpva6aCU,측면,2
t2_md4eZyQg,정면,2
OsK4a7vv3ZE,정면,2
BQE5eRiO19I,없음,0
pe_JJW_5TP8,측면,1
8iwTcLQBH8g,측면,1
bTuu_M-Fvos,측면,1
nrq-foG8oNo,측면,1
keI_LEUy3qY,측면,1
Mqo8iAVgTUU,없음,0
_uF8KsdrNuI,없음,0
zbaVAnv5Ikw,없음,0
3LYi1_cKrs4,측면,1
-xTyRO-GVcY,없음,0
AdfAy4Yl430,없음,0
FFe3_RMpNkM,없음,0
Fxzh1fMD35Y,없음,0
0FP87aIdKqY,없음,0
zNJ1WA0bDyQ,없음,0
0AB0ZFIU7xw,없음,0
2IYvJcmc9vE,없음,0
774i0oh6744,정면,1
R3YnypNQJhQ,정면,1
eBg07JPmaQM,정면,1
xDuEGv6LE2c,측면,1
fXv3z2l-8xk,없음,0
iq5XqF08QeM,없음,0
0auGUKOAq7o,없음,0
4cik9e1vs6U,측면,1
KqpPuumHUlI,없음,0
SgnlZCfH-fo,없음,0
XHmJXbUwT9g,없음,0
pyN2uw7SeQg,정면,1
G_HlxipjIqY,측면,1
9CG3teI8Gsc,없음,0
c6sH02daIWE,없음,0
x-xiVn1Rt24,없음,0
H1LG4fl7ptg,없음,0
A1NqS_ydk9g,없음,0
oJlkGRu0Dbs,정면,1
N8x8yrp8ads,없음,0
LbYAprlWLXQ,없음,0
ByK9n3_mHvo,없음,0
6p9nc58CZpc,없음,0
anTzufjKEoI,없음,0
IdmMCc4WwAo,없음,0
7LNmPl6QJGs,측면,2
nGo4vUyfNO8,없음,0
STmXvE-nyzU,없음,0
9_D8eAEF2ak,없음,0
b0HJWomzl8M,없음,0
9wG0MoqfS7Q,없음,0
bGjue-qiV5c,없음,0
XBIJio9NcwI,없음,0
d3D51EH3fMk,없음,0
9869q-WXh_M,없음,0
Citt-0bkSMA,정면,1
ArJAENKS7gc,없음,0
jqaS1u9mcSU,없음,0
c4SoTZMLNFA,없음,0
hsjEsjAEcIs,없음,0
HOFV-P0SYk8,없음,0
GMG9fkGex2c,없음,0
dKI78BQZlsY,없음,0
gFpr_Mw_FBE,없음,0
ivXBnbJSphM,없음,0
ie8UNOdODdI,정면,1
3UavGHh72bg,측면,1
Kv-RK8LkXcM,정면,1
tSwFvkg7RDU,정면,2
unxuEDQJWc8,정면,1
TTs9nNbT_QI,정면,1
ddYbOgsUkuk,측면,1
8tr6Am8ls0E,측면,1
hCYlvznmZUg,측면,1
RTK_T7Pi1G4,측면,1
UKaNkTwyXvI,측면,1
Bk33180woZM,측면,1
6En7tVs22tg,측면,1
zM9GnG7sM74,정면,1
LReUEy_Tj28,측면,1
lhd_sEZjUGI,정면,1
ynmxNZb5H54,없음,0
BhjdLzHKovQ,없음,0
bD-GON2ochA,없음,0
Vh1XKdYwgyo,없음,0
_QYo8FeLJgw,측면,1
UtAiesGjuK0,없음,0
Zj7lhZ0H-EM,정면,1
gerj7P0npHk,없음,0
0J1M3Uj-O2U,측면,1
jqLWe48YdQg,측면,1
cWZCfbwcQGA,없음,0
5eZ3e7Iz1ak,정면,2
caN6Niqf0ro,정면,2
YGtbeD5MJk8,측면,1
gJRcAtllGts,측면,1
Dww7hqUBKyM,측면,1
AYnfNzBuGzU,측면,1
nlmIlEfCTJU,없음,0
ddbPJaEsez0,없음,0
9Guxyn7Ya6U,없음,0
OqPYmYpI6qU,측면,1
btvHYBLMhTc,측면,2
1G1u5Dwirg4,정면,2
XMlkAMaHbj4,측면,2
XTYR81kO2GI,측면,1
3ZDjPFZL4U4,측면,1
jATCZ1vXjUk,측면,2
q8HHu9u1o0s,측면,1
l9dL1CQ2XiE,측면,2
v24N5UQCEys,측면,1
p6xItYAT5TI,측면,1
sh4p4nESzjs,없음,0
iV-2WkJna8g,없음,0
4nQ5aZcZMz8,없음,0
BcAORW5BRqU,없음,0
6q-NkPD9QWc,없음,0
Ahx3EDnSoys,없음,0
wovIz1mViGw,없음,0
XZxa5CC3D-8,없음,0
VtpFjlR-HdY,측면,1
B7hapjokQIQ,측면,1
zOpmKmUrry8,측면,1
zUe2bkXKfMs,측면,1
W9bjNkjs7Nk,측면,1
m1sp9IsyJ9M,정면,1
ZwGIJzAUOz0,측면,1
JmIN6mzsHU4,정면,1
kW250Y03YdU,정면,1
0qghFWChGpM,없음,0
zxullYXlMW0,없음,0
pVGvSn41gIg,없음,0
1b0BthpHVSw,없음,0
Xyo6mgJYzds,없음,0
gW9flrB8mWM,측면,2
Lgc_hirI-oA,정면,1
CgcGHR789XQ,측면,3
dFaJdOMK_WI,측면,1
v97ineEnk7M,없음,0
v0d_cC7WRVY,측면,1
9095sZLk0QU,측면,1
_absqBgVw2Q,없음,0
5xtapz5TC10,없음,0
IvaLHl6xb1I,측면,1
QjCMwh6giPc,없음,0
1vs3eSPCywo,정면,2
UOJB0uvEhJQ,정면,1
QiPo0nuGUVk,정면,1
PHPjGJgbfz8,정면,1
yNHS8GcbqHw,정면,1
7Gw4i4xJhyU,측면,1
pc5W54KKQNg,없음,0
PHsE74TgogI,없음,0
1ljX81JZGpg,측면,1
mob0Dmd6H2g,없음,0
iYfJKg3Xwd4,없음,0
kNEzgJph1fQ,없음,0
sWEXBS8tLCM,측면,1
IYJbf1UnXuQ,없음,0
iwzcIFtAvBM,정면,1
EHm3l4tNlSY,정면,1
a-9s--tzfX4,정면,1
gcKxLP8shgA,정면,1
OmK9hvGO5H8,정면,2
pOJWxo2282s,정면,1
jK1EfCZ31fk,정면,1
gSFw5dAVzfY,없음,0
0FEVaalplNc,없음,0
FE4XIGNhHVs,정면,1
02_ODQyC0xI,정면,2
E25AbORosx8,없음,0
oUccpheCOXc,없음,0
H88gL5RBtzE,없음,0
nf7guWiSSm4,정면,1
4h0-ilKh4wU,없음,0
qZW1d_S_2hk,측면,1
3-A0LojplIc,없음,0
67_6ZAe6x3s,없음,0
51QjOTnVFkA,없음,0
ILW8BXJagkc,없음,0
HcBT-sx8g44,측면,1
FcoLh5b4CvA,없음,0
3Do16vk7wsA,측면,1
ljUVtydHDnY,없음,0
L8enTN8VttA,없음,0
lWYlwEyCjHA,없음,0
AxGzDnAwmnk,없음,0
WlsQrBVzs_U,정면,1
42JZ72Qepy8,없음,0
RB71gcczzU0,측면,1
NFED4l_yfyc,측면,1
M7OvBQ-SZ7s,정면,1
xP7gm7Nfqo8,측면,2
VsFpKN2p2bs,측면,2
u-2IsZfyC8w,측면,1
dmcjDH-E6Bk,측면,1
B-zRTapDArc,정면,2
Km6S4ORv8Ws,정면,2
5Pgufq1Aydo,측면,2
RRMWCE93G_s,정면,2
sec1j3OqzQo,정면,1
FUqNuc3gcr0,정면,2
9otI7IxM40Y,측면,2
y-T7lKEq6Bs,없음,0
WmztoPUs9fg,없음,0
LV_6fskbCQY,없음,0
bdFEnsjRVos,없음,0
kDyPRhRQhi4,없음,0
_L48zWoU_dc,정면,1
abzsmwc-Dfs,없음,0
kPKwyqQ3Qvw,없음,0
24QZOy-disc,없음,0
VecvJ7h5nV8,없음,0
EuCBHnh9XQU,없음,0
xeJXGy0N9Xg,정면,1
pY8AYfVWSbQ,없음,0
CH7uMYBHyAw,없음,0
L6OEr9fJh8k,측면,1
0zIae_-A3BY,측면,1
X_RiT3_5CBI,없음,0
L36w-7G5OiE,측면,1
P91TqeIdx94,없음,0
05wAAA6PTmc,없음,0
bhUn57NYqhc,없음,0
IzLchPxXmcY,정면,1
GEQf40C74og,없음,0
ngCbggR16u4,없음,0
2Q7NpTySNPs,없음,0
qfHpPiobvwg,없음,0
ZH2dwqpHp2U,없음,0
EyQ9Wjbdi3I,없음,0
uZM0TOvXNS8,정면,1
Nf7rTUH1vRM,측면,1
pGYtf583-AA,정면,1
p7R0V-YbyOE,없음,0
-iU0FO8tmk0,없음,0
pO6E3bIYvXc,없음,0
UAY6R-fK8Ok,없음,0
uzDHqmbzsMY,측면,2
HQTWLmrmV5c,없음,0
upcapYZhehM,없음,0
s3ZL6DsI3Po,없음,0
MRg_KuvYk5o,정면,1
4T359lbprKw,없음,0
N62r1yYO5FU,측면,1
nLajQFA74Nc,측면,1
fZT4BpA3Qnw,정면,1
QwjAkfMwZxI,정면,1
wKPYh1-uaTE,정면,1
V4OTP3E8E2s,측면,1
JE8oPU4845c,없음,0
wHUr_ufC21E,측면,1
tkRAOvJkDDQ,없음,0
Tl-HPhwd6iM,정면,1
3oxWHSgmKm8,정면,1
Y6waaJdYroM,없음,0
HbYQSeW3uUU,정면,1
7GwWM1VJuxo,측면,2
fciYyhORCTw,없음,0
TfhvdRpu5Y4,정면,1
fQm211LNOMc,없음,0
ZDr6efjm-V0,정면,2
aZ-sfnKdCgw,측면,2
IEPVlqICbpk,없음,0
6lMSHiQ5vpk,측면,1
n5laEeVFeeA,없음,0
gsBwJtcvAdM,없음,0
2dddRvTz0LM,없음,0
v1K2nAclCaY,없음,0
bRb22DbnFIM,없음,0
Cs9FEh0ioDI,없음,0
E6tHB4Lihlo,없음,0
qUotFC2z63I,없음,0
Oj_ZaB4TZSA,없음,0
PYPn_HIwxro,없음,0
mso0PeETKNA,없음,0
YFUOKHE0hdY,없음,0
lxI6elSZ3Vc,정면,1
tC2oYm0GgbI,측면,1
Yi5zZ-MjhYY,없음,0
vfJPWSER6GQ,없음,0
Bv7PYSqaJyQ,정면,2
p78pwSYfzsU,정면,2
PpB7PdM4RLY,측면,1
ub1wI4Nzqeg,없음,0
IxT7uoPwgOE,측면,1
R_sCtbBIN0U,없음,0
5JQuOZ3T_HY,없음,0
Ye9eYFZ8B6U,없음,0
0565zIOpyzk,없음,0
Q0JS8FsnPgc,없음,0
xt9BuMYcPcI,정면,1
UCtuhQ64ryg,측면,1
-k9Cxa1fEOs,정면,1
DfW9Vb0fIBE,없음,0
TcO8IHcUXig,정면,1
i9kKnf1hpzo,측면,1
5c_pqJbCZvo,측면,1
kJAdpKd97jo,측면,1
usWmPJlEOC8,측면,1
V-EWUCCznLc,측면,1
Pj9COa9EEUo,측면,1
6i1a-lTfM3o,측면,1
xgs8Gz6ci70,측면,1
jwsyUKO44q4,측면,1
QTWIIr7A_Yo,측면,1
U2uADH6dLeg,정면,1
KtjJJ8z3-YM,정면,1
O3FJXM4qCKw,정면,1
-7t-f7yoS0g,측면,2
MI63Yz1vHf0,정면,1
0IidJfL_eJ0,정면,1
pygliQtoCD4,정면,1
LkN-1bqIfHM,정면,1
nC20dRX_mp8,정면,1
_RFCKxOs4Ak,측면,1
4DH7c6aYvho,없음,0
z6Gtk9Lg0dE,없음,0
0BgrWXFLx8M,없음,0
HLctyR_sJ8g,없음,0
B9T7W-MCFCc,없음,0
KFB4Y52M6WY,없음,0
MThVg_-LT0A,없음,0
4bFPLDn31-A,없음,0
VWOuARyfOjA,없음,0
lnni0uxGXVI,없음,0
J7TLVJlinKw,없음,0
pCkP7p_NWoY,없음,0
--XgLGi9YmU,없음,0
itCjJ5Qmv7E,없음,0
iXbRtPcxqBw,없음,0
QfM0oycRzTo,없음,0
gq6JDhD3XE0,측면,1
QVChfSoDkGs,없음,0
fzhDu1-W76Y,측면,1
yTF9xqybtnU,없음,0
29qBuaURXDw,정면,1
l7lR9WCFWo0,측면,1
chniFQgxjus,측면,1
SOO07o-Hcfc,정면,1
_w_0Dip3A04,없음,0
unru6poupCo,없음,0
-VuBfc6xpqc,없음,0
skRkEocLhDM,정면,1
hO0a2NDaE9U,없음,0
ouL3eunIO1U,정면,2
pSnEcJv4JfI,없음,0
O88lFhCdMDA,없음,0
SqHYakXAph8,측면,1
uWMFhkzDixM,측면,1
D1TywemT7ZA,없음,0
ciNBoX-YVp0,없음,0
9Rf_mDfSUxU,없음,0
nXovisOlxPs,없음,0
GQj_PpLXzCw,측면,2
1K7FfLp0sds,정면,1
4_aO0a8l8Co,정면,1
GPo2UxwGIM0,없음,0
ZRb17liv8F8,측면,2
56bpXp0aLjo,측면,1
3-_39p4Mzok,정면,2
vPCw0zD1mJA,정면,2
bIykuvba-_U,정면,1
gD4ieirbwv4,측면,1
jdoVyK8f-eM,정면,1
xuHV0HXyEPA,측면,2
Q5zBuSzc7B0,측면,2
L9FEn1oemYA,측면,2
5oY8Kh1Eg9s,정면,2
iVh31SCNtiU,정면,1
_aXsZqTANTs,측면,1
Xhx7zmrFG4U,없음,0
ltKNrsmLI-A,없음,0
FyF5KOCz514,없음,0
ZrfVRNe7mkk,없음,0
NXboBpQuXsY,없음,0
7N8hgMEMq_8,없음,0
rbIJS8xAmtM,없음,0
rePp5yQrN4U,없음,0
50kou1W1bqU,없음,0
1WuaHHPX7w0,없음,0
mZN-4OSUEtE,없음,0
QmueiTsyqiQ,측면,1
0KQdxmz0P8c,없음,0
TW3OCW-X8YY,정면,1
qkQrQS6DAxs,정면,1
zO3mIz1cSys,정면,2
KxmilqHLuYY,없음,0
0Te4GrUn3nA,없음,0
xYcIP7WYdRc,정면,1
jQ3CdT7U3kI,없음,0
SqDKtZvIp3c,없음,0
X-Mdb2X31u8,없음,0
0coKu_a_BMs,없음,0
0Tu11kDsvPc,없음,0
eOrUS7ZrwhQ,정면,1
RkB7sIQ38N4,없음,0
LJsL9M38Bkc,없음,0
L4Qyzu7BJUQ,없음,0
yABeygQqqSU,없음,0
YqfBK0-wuSg,없음,0
H9HvfZps7KM,없음,0
4_FKr6l4IQ4,없음,0
aoro3uiXckc,없음,0
y9kQh6Hwk_Q,없음,0
Ne_chrvc_gc,정면,1
QDmy3K6LQps,없음,0
3Ohi2246_6I,정면,1
VXygY9eCo7M,없음,0
iyMrvcX_Bl0,없음,0
tbstVo8VeQU,측면,1
bIIOrbW_HH8,측면,1
BZZsC61z4fg,정면,1
hO5SYvNqKB4,측면,1
ECW99NZcijo,없음,0
wzqLvJYwdJI,없음,0
zJWgQsbFLYk,측면,1
8LGILzOTpoU,없음,0
zZMbkBmsj18,없음,0
woydsSbXyvs,없음,0
hciMKsZPfOU,없음,0
4RdPhGaPPbk,없음,0
zc0z5TUod6M,없음,0
FylOwMOmo2g,없음,0
nVpYMz2ylHQ,측면,2
2N_I6IHpoRU,없음,0
w7LHGbFtZWs,없음,0
ZoWsTB4_KR0,정면,1
4OWyZnn-LdY,없음,0
YZAXXQpAAco,없음,0
NJuj7owftKI,정면,2
PS8m0YIT4UA,없음,0
qi_M1rDKF34,측면,1
toFthMnEAq8,없음,0
b2GKt5WK9hI,정면,1
9cv_Q4X3004,정면,1
hIAWmGasmxc,정면,1
MOYUr6iMxkI,정면,1
YyFe9KCStig,측면,1
Ki2CZBjsjfc,정면,1
vDVEknwThLg,정면,1
tmU0u-i4sxw,정면,1
zqzLS69nB5E,정면,1
J5A1iLSs3Ac,정면,1
CfXcagZ6QJo,없음,0
txt2LZiKuug,측면,1
0B-BSnq4Z74,측면,1
3Tls764Sces,정면,1
FMcd8gBuZxM,정면,1
IV3CPMz2go0,정면,1
9hg8sWNOsvc,정면,1
WKvhKohx7C8,정면,1
Fl7ApKQhBCA,정면,1
ZCiQtK90qG4,정면,1
DtIUwdKvmWU,정면,1
orDCMs6iE7M,정면,1
UoheJER8Jw4,정면,1
CggmmQA9gl8,측면,1
h_KGNfOZjNc,없음,0
a7e7-cRjxWI,없음,0
BF2WgIJbPXw,측면,1
rdRT3U5QoCw,정면,1
tpNUTSiBIpE,정면,1
3Jd-rMh8bN0,측면,1
eaQwlK2C9-Y,측면,1
Re4EZZDpM5k,정면,1
SP-6-mhYLho,정면,1
a8CWsTWpf7E,정면,1
qonl6GdIP5w,정면,1
_Y7UoJY9f2Q,측면,1
1wyfU5BCeQ8,정면,1
gltKbU-4dXI,없음,0
yv1j8GX92xw,없음,0
2GPCu9JeCCI,정면,1
6dDzULbPnrE,정면,1
5_qbWwdRe3s,정면,1
8K-_iKi7mtM,정면,1
redALBIuuvg,정면,1
JhIN3YOEnFs,정면,1
GyDnGoruoc4,정면,1
MH5KkrWCysc,정면,1
k9mCYKBKx0M,정면,1
vvI3RwPMhEA,정면,1
w-g_B8XgTNg,정면,2
lUh7yCSxJFM,측면,3
oqMGg5mbBDQ,없음,0
8BkWHdj2jW0,없음,0
fDa6OcTGba4,없음,0
mwCMBWDEJBE,없음,0
0bnK_dHGzdo,없음,0
kDYyrKSPjkM,측면,1
nZ0yM1Ks6A4,정면,1
R4WJ2VsHHW8,측면,1
-OYdBKtzS8g,정면,3
DSTDUDV0w5c,측면,1
TiQuzmd_M0M,정면,2
7Hjd47KgIcw,측면,2
aLQOpwIi0_k,측면,1
G5XsYTaNRvM,정면,1
4bO1eRfijnM,없음,0
epyq0L4i-Qg,없음,0
j4xO1eJvuxY,없음,0
LTyF4wE78Hc,측면,2
oHGXjsX2brM,없음,0
FRdX5aaLY2M,측면,1
vhtTtJzCFCU,없음,0
vG5DNhkFb_g,측면,1
WH5-LKj-ArU,측면,1
EKDoM9Kghmw,없음,0
X4sJQLVafVc,없음,0
1z43_a7RY4w,없음,0
mBMUwn4zqqI,없음,0
7L24wOJhcSA,없음,0
lcmJCr2WBqs,없음,0
FmU-AmwJSdY,없음,0
V6iXvy5Ex8A,정면,2
6oO1f7X838s,없음,0
0z0wT5JW3zI,없음,0
HyMrSlfK4Kc,없음,0
OhXWrnhnhm0,측면,1
GjXTxgibrco,없음,0
QRHINpV2CW8,정면,1
mdpO81Lp_w0,정면,1
pCt1v2nyxLQ,없음,0
wUphJlUgAPE,없음,0
fppKNLJWiaU,정면,1
yADvGQoFvs4,없음,0
kTZYQesVJZY,없음,0
0oWNos30ICg,없음,0
xNvnmkJ3eRo,없음,0
j1JuUZLeEEU,없음,0
Nfac4Jm9498,없음,0
w7j-vUWRDVw,없음,0
raR4VKQo0MU,없음,0
Y0niFChwMqk,없음,0
DPMzUtFAEO0,정면,1
3Xh76CxDrOQ,없음,0
6DGttLY7aYg,없음,0
f9o7ovr87LY,없음,0
gbnmTOBSHMU,없음,0
6LOcGLBV36A,없음,0
fk0uYQah-fo,없음,0
TIDoB5iYzVA,없음,0
Gva6Avq5IhM,없음,0
jA24f8dT4zA,없음,0
ZzhUMYurwzg,측면,2
0pO4A0WYSws,측면,1
MzjRGdsjCHU,정면,1
w3cVTqJzwB8,정면,2
ddWyeu9kr1E,정면,2
6kKgjpf3Ihc,측면,2
Gvaw88ysVHM,측면,1
IQ6qXY9gIRE,없음,0
OWjplMXTrQk,없음,0
fH_lwShRSfc,측면,1
2XzIYPVgXPM,없음,0
ZkfrsVj-LPk,없음,0
T7S09XQUHlo,없음,0
Zc9nBTQw2GM,측면,1
NsxffCD49lQ,정면,1
V5jVVhrF0YY,측면,1
b3IBr3-xGv0,정면,1
rSuWixbLFjY,정면,1
hO7FzPwJlHw,정면,1
ZaL99ZWFoi8,정면,1
p4okL7rPTq8,측면,1
AtRDuOKy4Rs,없음,0
q8pj5W2xhg0,없음,0
Mdq6VTpqKTo,없음,0
p5Lx6WMmLeg,없음,0
3lfFNypAPHU,없음,0
aP7jZ92pvEE,측면,1
_DfHfOJGjto,정면,1
roqGNBtEWNs,정면,1
xlctktTtE9I,측면,1
ZMipbolvIfw,측면,1
kZIB_izbsz4,측면,1
s9FYLKlIevM,정면,1
y9VFJ04OzKI,없음,0
kKduy1Wwjzs,측면,1
zGzQY1Y6oA0,정면,1
Z25re2Wqpzs,없음,0
ezCihKC_NEM,측면,1
btrMk9nR-rk,측면,1
NIzxazrFZAo,측면,1
6iSFA3-I4hg,정면,1
ECgpkgZPgEI,정면,1
HWbCB4VUH_Q,측면,1
VJeFof6z88I,측면,1
ssXsnmKZtSo,정면,1
3SXk--BNHHU,정면,1
nql5Anu4vwU,없음,0
s12c66wE-xg,없음,0
Nitic0q7rsQ,없음,0
FhA5ITcNM1I,없음,0
h8OsCq4Yb9k,없음,0
_yUHPD_CE48,측면,1
8f1nRizTCBw,정면,1
LazIdKtDLA0,없음,0
hVWjJYyET4Q,없음,0
t_dzZOT_SmQ,없음,0
AJYaKShKkuU,없음,0
-qbjP5Rs70U,없음,0
7timrgCsRLA,없음,0
cWdsVNE6vg8,없음,0
Y4c66WLNx5E,없음,0
Fsz4LTnx1oU,없음,0
3bi6rN4Aht4,없음,0
qrePauTQDo0,없음,0
kJe9fjRr48g,없음,0
ztn4H5EaSx0,없음,0
cQjDkC0uBwI,측면,1
MV0VFFodHjw,없음,0
E_K50D0rN-g,없음,0
fgfy1lxDtC8,없음,0
JvBHiyfW394,없음,0
NM9oQ_kePMM,없음,0
m-1IJQ9IjRQ,없음,0
pwSfR34hoVA,없음,0
3hX8H5m9b9A,없음,0
GWnohCzdWwY,없음,0
7MCzD-BoS5I,없음,0
GuCGuvNB1ks,없음,0
lxoYOm4MP2I,없음,0
W_Cst469iIQ,정면,1
dcvKZ_VTJXs,측면,1
pKWnCIFSCT8,없음,0
rqC6e2D7lIc,없음,0
EvOnRgqtT9M,정면,1
plzitzGhsFk,없음,0
HC6j3CC-T9c,없음,0
a2U2RPnwnJY,없음,0
ARwadgWctko,측면,1
FG3YjNfoDuI,없음,0
mp2rbNgWh_U,없음,0
4UyJ3-XCYQ4,정면,1
B9oOh-xSEY4,없음,0
jQV36iM6kyY,정면,1
e1cCvBqsWbg,없음,0
xvilMx1j348,없음,0
omiasoEjZfw,없음,0
H9tbOYwbzJg,없음,0
EK614CKiM3k,없음,0
0oCqRFK5rLQ,정면,1
SMMz1e6QhYc,없음,0
Opxda6NqmNM,없음,0
doLZrCHEX7I,없음,0
YuT1OjKFbPE,없음,0
HfMXRJU7ujU,없음,0
iwaqqgj73B8,측면,1
ecTQZU1GblM,없음,0
BGkoBGp8N6s,없음,0
lXUJga_pE5U,없음,0
XsH_ZCG0rJo,측면,1
Z1y70IOaKXs,측면,2
U2wHeqG6T0s,측면,1
exdFp_2dkMY,측면,1
ITNvSrFwAjg,측면,1
sl6-esJSRqQ,측면,1
ZUxwosQ97vg,측면,1
UCSfy5mB24g,정면,1
rVEosly7hrk,측면,1
Isw8_cgt6wQ,없음,0
CT7G3YhLFe0,측면,1
cZrtb7vMPz4,없음,0
s8GE9oqBzDo,없음,0
xJE0UiRtlak,없음,0
_P1swfGa0Ug,없음,0
LY_8FhrrRqc,없음,0
LFIOWQqobns,없음,0
dlyom_W4h8o,없음,0
cYQ3t7fN3Js,없음,0
nppLS7uTtUY,정면,1
ODUWFj8jJN0,없음,0
UxzZZJh6sHc,없음,0
vH96roG8CDg,정면,1
teXl9oDLYEQ,없음,0
c144m948oh0,측면,1
uSImVQNXSek,측면,1
4wQTDuHdEKY,측면,2
CAQrEFhmGvQ,측면,2
CgX_wZTMgCg,측면,1
8iiYez0tPH0,정면,1
zj73WaQhu5A,측면,1
AS37_LC9tYw,없음,0
kn1wIZZNuMM,측면,1
uXk7cSXOG-o,없음,0
1Mpt_5Xj7ns,없음,0
_wmDx62X-sU,없음,0
ia6Axu6raMk,없음,0
XQ9f55vryao,없음,0
ylC4TgGGypM,없음,0
I-LCYC-0zXo,없음,0
NOMy_WcqzzE,없음,0
bLTwxRc0oeA,없음,0
mE8mZYQyo-Y,없음,0
3rlx883yo-w,없음,0
sU67GNvJgqs,없음,0
BUsnW1yaNrs,없음,0
eFzWLezXLHk,측면,2
jm-l9pQF6Uc,없음,0
qkPSOQkQuSI,없음,0
M9iSwgEk9Kg,없음,0
HUX_uKxtxxw,없음,0
acHGj8Yd7sY,정면,1
QdamOFHl2uk,없음,0
_5kh1KBfzag,없음,0
BrKr9rawkNQ,없음,0
_t4Dl-kkm_A,없음,0
ciRvNy7IVzY,없음,0
zNF2bRCJUR0,없음,0
Plk-LWTUZjA,정면,2
NUK-YvryznQ,정면,2
mTdHqCW8PtA,정면,2
-IUkHSdKw9o,측면,1
FT-DAN-_D0A,정면,1
wANA4t12GgY,정면,2
3CvSCcXLeiU,정면,1
wXdztVix76Q,측면,2
h4TZKq2wMoY,측면,2
1QCxnGs5C7E,측면,2
HYb1iZlM6dk,측면,2
4k4L41un4UA,측면,2
TeVmy21hoX0,측면,1
xrE-9QkW9fE,측면,1
j4KHDgyVenE,측면,1
DUX6Wjdp1x0,측면,1
MjOKozJtaKY,없음,0
J8CXCLYRbd8,없음,0
ue2TUd4coBU,없음,0
odsC2nQwB8c,없음,0
qn6Q0mzEjDg,없음,0
8V-yia1iLBc,없음,0
6XPNdjVmh6U,없음,0
50pkLQJLcUA,없음,0
CfwXf-oivFU,없음,0
yZgKdDxckTY,없음,0
2oDHPgO-lAw,없음,0
CgsaoObug04,측면,2
aNaZBOgbev0,없음,0
mm7kA_cBpjw,정면,3
hPyP6fqRVoQ,측면,3
GXbdgN8qw4c,없음,0
2JyPLThmbn8,없음,0
wjL5iB1nBYY,없음,0
A0cnlIgtK_A,없음,0
ubUIBvZmunw,없음,0
HxxUKjME3o0,없음,0
QBdy5R-3xfk,없음,0
ttLi7Awl5-c,정면,1
qRYIoAoQ6DM,없음,0
RTYfZZGFsfg,측면,1
MCGTKs1OyCg,정면,1
dkAaIfC1JrE,없음,0
3RJ3nGKtvwk,측면,1
aw4t1u9OocQ,없음,0
WmPjKMLTtfY,없음,0
yfQRl7Z-QO4,없음,0
-p6ZwYivqcM,없음,0
aq5hArusON0,없음,0
5G1HgadHM04,측면,1
OIxqbaCMZVs,없음,0
Dd27YxmMJRM,없음,0
ldPz5cgqAwY,없음,0
1PpECjv_8Ik,측면,2
Yc2xq-xhYww,없음,0
cj18EceXuJQ,없음,0
uM2hZo51gSI,없음,0
XGbVF5uydtM,없음,0
lAibICwcSFo,없음,0
37cQ9MrNYSc,없음,0
dOWBcbwkceE,정면,1
WvZuyhvkmIM,없음,0
82N_Q_Ndssw,없음,0
OWWPivZzOFI,없음,0
uGwwecfcVKU,정면,1
f0GedNZRaU0,측면,1
OBaegZvGX5k,정면,1
xKtj73QNnuE,정면,1
M5a7WFkwymY,없음,0
l43we64W9AA,측면,1
T9l5ZoWaRoI,측면,2
50B76yf6MXg,측면,1
Nwzj-9OyiY4,정면,1
6UmY6Dong6Q,측면,2
h5zN_snvU8w,측면,1
HVOEc6ipzAU,정면,1
IdL0tQsWOZg,정면,1
3l_6y3J5_Pk,측면,1
AhXMkUfz5Og,없음,0
wHRqZNvWzWI,없음,0
Ws-ZPqVHsxk,없음,0
vXVysLnw1g0,없음,0
xqNFzqVuXAI,측면,1
qiC_Go9K1xk,없음,0
NGc-VpX1rZU,없음,0
z_-jmX3qrHk,없음,0
a-YksUtjpqI,없음,0
wl6ievJJFEw,없음,0
7Dsm5Dgx1mo,없음,0
jMpAtxhWArw,측면,4
2vLvCNWiLTQ,측면,1
KrmMW337u-E,없음,0
LB44EitvkHY,없음,0
eWE8O2KVJe0,정면,1
S2AEBhUnJS0,없음,0
BRM3OUNKZZU,측면,2
yOKYh2L09JE,없음,0
IfqtCKQ0bHQ,없음,0
PaeNORL-G8o,없음,0
bJ96aLU64CQ,없음,0
Cz25F6lbi84,없음,0
rpP_UxkUZx0,없음,0
lk6CjO8Wpt0,없음,0
Js3N44MSVSI,없음,0
BeZAYh0wris,없음,0
VL3chPT1SQ4,없음,0
mmj-RfonnkE,측면,1
a7ifDqs9czE,없음,0
abt7N19JfuE,측면,1
Fzg4Jt_TdmE,정면,1
iHV2inJp3cs,없음,0
-vTuutuliec,측면,2
tAw6mqKQB44,없음,0
p4nxaKFN1q4,없음,0
LkaWvjSP2bI,없음,0
y8SrKRv4SHk,없음,0
1gX0wP0CVQs,없음,0
lNcr0KMt_JE,없음,0
qE1wBeJvSH0,없음,0
miWSzRMMXZQ,없음,0
QpjJve0ps9s,없음,0
Da1xiMQ_T64,없음,0
oPfyn3AJSck,없음,0
EkAS_DmNkJs,정면,2
fN1nqI0OShE,정면,1
OoTS5NdNMrA,없음,0
5qS0j1PQOOA,정면,1
-u2li6LWJAo,측면,1
hkvwISlvR-E,정면,1
9by_r9NjIzs,측면,2
sRIwWTvPGQY,측면,2
SliiXMAYouQ,측면,1
dQgJrXAeYls,측면,2
xQhkDCNlLzY,없음,0
Am6qLasyxk0,측면,3
bL9ylX7gXRk,측면,1
7GMKUk_Z3fw,측면,2
Jl3IsniSaW0,측면,1
-C4vg0LcCUs,없음,0
i58XerAmrGg,정면,2
D1aFtp1MqUo,없음,0
l8sVF1bQ4LA,없음,0
qY9Q2r6Unug,없음,0
u6oktR--Yxk,없음,0
4ENoQIWL8-E,없음,0
Xu1Du1rEFls,정면,1
vZuETL7OM1E,없음,0
87rP6XxZHbg,없음,0
iHUnkk00Q14,없음,0
2T5J32-Ziv0,측면,1
RMapihxhe9Q,측면,1
xv7WsfS7sDU,없음,0
FeDzmIHXqik,없음,0
rmrEvR7Quoc,정면,1
V133LkosJPo,정면,1
fKGtYVBIrsE,측면,1
cp_O0i3SgvQ,없음,0
eVef1JI-vaI,없음,0
IRUZFU6b7wY,없음,0
4iEUbSAT9dM,없음,0
1aQorq_fS4U,없음,0
ZFaiJuaXUJE,측면,1
ReeYO6Uggxk,측면,1
CeluASmaghk,정면,1
4FuxdCrLDcc,정면,1
uKesA7B7IZc,정면,1
27gT_MAV05A,측면,1
giW_UFOE_iM,정면,1
57CMk0pI9ec,측면,1
TTTqRs6cITI,측면,1
kBXcWbYBLQ0,측면,1
-2xa-Xu5eaI,없음,0
gxKcQyobF1k,없음,0
8QtgGzt-Ink,정면,1
8yLEhS-tg7I,없음,0
-8o2hbZdgAk,정면,1
ECKmgl6Tlek,정면,1
e0lghYubNvE,정면,2
v1ljSDmRsu4,측면,1
ana2rPO7qfU,측면,3
IY6clQAYqKg,측면,1
GjlQCGMh4-8,정면,1
msO2QUaSK1M,정면,1
t9MIGJOjTl0,정면,1
c20kNKtEytA,정면,2
yngVBZ7dLYg,측면,1
3Ne2fze8xOc,측면,1
zfWWe6k4Cjc,측면,1
TcM8UlQq--w,측면,2
t2ibS2fD5Ek,없음,0
AEv5h-qNFCs,없음,0
mIyuI4yGFeE,없음,0
GGN10z1rXWc,정면,1
5boln8klI-g,없음,0
m2WvesYODR4,정면,2
J284pOf55mo,측면,1
7ZAi8gwYD2c,측면,1
llHJ3X9G73Y,정면,1
fs5MRV96qdk,정면,1
61sZmCF5Wyo,정면,1
PNGHOAwFC2Q,정면,1
4IeI9ATVHXM,정면,1
j-VPuBm2_PE,정면,1
6PcrsGeTvfE,정면,1
KwbqbUCmtvI,없음,0
T1u52rnL9-g,없음,0
pqicKVQoHyE,없음,0
Wkmyh7_yJyg,없음,0
s56zzazZM2Q,없음,0
g5hlp5l_Ib8,없음,0
MKljC9DvmZ0,없음,0
JyeTrbMOrD0,없음,0
JCLzRvVO0Uw,없음,0
z5s0zdpdz98,없음,0
MsW45DqYSik,정면,1
KoANWu85V5E,측면,2
emPvVqbywCI,측면,1
zsyJ9stX5WA,정면,4
uknnbPq8hYQ,측면,1
HBnWD6X8trM,정면,1
MjUT2ZTbAIk,정면,2
gPIgGFTbVXA,측면,1
7Wio39ycx2Y,없음,0
7nqKa5nf3Js,정면,1
AWcZqq1mPWY,없음,0
KRpPoMYgxyc,측면,2
BnZp-d32yfg,측면,1
SNn4XsTMLRc,정면,1
LTx0wzMP1YA,측면,1
C_GoNGVF3_Q,없음,0
R0UEWLCI1WU,측면,1
r4NeFzEjRds,정면,1
cFnFVQtkL_U,정면,1
O34zJFpxar8,없음,0
6Mzyc9-DVEk,없음,0
n6BugTa8DK0,없음,0
R6lfR8rwCAA,없음,0
WZ0JNETJ4Qc,없음,0
EZqBL7POXw4,없음,0
0w_EcET0szw,없음,0
BDOiwasqhhs,없음,0
hBpNprDP60o,없음,0
w7fDmIDpTvQ,정면,1
Ikcr1-tZBWc,없음,0
7mg6JUKMp0Y,없음,0
CVl3_4dTwfY,없음,0
3QVoeF4pkNY,없음,0
AlRAFPQ0C9I,없음,0
JOoCt4iXKPU,없음,0
f5MwmDYsKqw,없음,0
vioFL8wDbhU,없음,0
QNg9c9mBVh4,없음,0
aPfsrfMqetU,정면,2
ZHytmSz8TBQ,없음,0
6W-xlSmcods,없음,0
P7PzsLURZnk,없음,0
a3AUiAuqzX0,측면,1
3EREfECd4JQ,측면,1
fJziyqckxYg,측면,1
7ooZGiBYDz0,정면,1
c4iA1miEj84,측면,1
iq2wxrMqJ7k,측면,1
iajmvcKltec,정면,1
oRdcI8lyZss,측면,1
UpkCmWWX0pI,측면,1
Aq9DcdU7Hp0,없음,0
mEPkiinWln4,없음,0
6_LJx2Vw17Y,정면,1
93Uit9HmXSg,없음,0
TfumSA_XZc0,정면,1
KmJY99GtF3I,없음,0
o3HsXWaAkUs,측면,1
rk3D_SihouE,정면,1
VsIjVTrYw2M,정면,1
y_gWKClhx-M,측면,2
EJCEVDnQQhQ,측면,1
LVllMCVNxZ8,없음,0
OPyYbKRoia0,없음,0
v3xybyXGuR0,없음,0
ZdnbeJk3F54,없음,0
5V_OQvDaKfs,측면,1
_JvtBJBKvDI,정면,1
eC1BsVskc4U,없음,0
dbOOqkxV8mE,없음,0
eyoIptdUozg,없음,0
dyc8cR1_q9k,없음,0
YZc6KUImnM0,없음,0
8-CeqMs7Gag,없음,0
0ocqJ_4eaQU,없음,0
sPFJglcN3_I,정면,2
lP7BKZsL2oA,정면,2
nfcoE1_7wsY,정면,2
78nFMmcGizQ,정면,2
v6gWDB1Q4Ws,없음,0
T8LGD7gFODU,없음,0
O77bfroKOjI,없음,0
k529wUXnQYc,없음,0
Z-OAF99hK10,정면,1
4L2G9WPEkok,없음,0
hqkUVRmwYe8,없음,0
HMrshiZajes,없음,0
zMR_FPeKkYU,정면,2
JMHJHF2_eAI,측면,1
ZDG5u2ioqKQ,정면,3
R9uz3Y_z1G0,정면,2
Hg-CyNFvtHg,정면,2
a9tKGbrg7dg,정면,2
dTkOyIqJl7o,정면,2
EA-2xQMNepU,정면,2
MA7WgdZNkjw,정면,1
kBsMEvTZr2g,정면,2
b0r2QgSWkUE,없음,0
9dIHuZvulnU,측면,1
e2KRHLoCcW8,정면,2
L_B3F6V7Fqg,정면,1
2pdQvsRTteo,없음,0
NeiAklK4bcY,없음,0
zcXHA6lm3DE,없음,0
_ITpmwNS-QI,없음,0
0BgVDr_tkro,없음,0
V8RG_4xJ0Q4,없음,0
Ap54CRPCNYE,정면,1
Yw9PEQ2qo44,정면,1
-Btu3BydQbI,없음,0
UBE_aXPAR14,정면,1
6Flr4qFhwDc,정면,1
kQCfR5tpx80,정면,1
3Zp92nDv5Tk,정면,1
GQ7p3PmW4Mo,정면,1
hfxSMxiiadc,없음,0
nXinDtOQMLM,정면,1
vHomae7AsTQ,정면,1
jV7XEqbZjZg,없음,0
zexXTLiB7KM,측면,1
jsMLUoNjBPA,없음,0
YSOz3rFeFbY,없음,0
oR18OQOuA0o,정면,1
hs85_AROSuY,없음,0
pBipnPALMyY,없음,0
yCcy01mZ8oA,없음,0
YuhzMNWvN74,없음,0
QjAOYPLsbMU,없음,0
cWBDnm4XKek,없음,0
zEd_GAZ-jQU,없음,0
O9YWPyC79pE,없음,0
KORJliBqT5U,측면,1
0457pbjhHLg,측면,1
gLRfngO22ok,없음,0
qmtooKkBMoY,정면,1
eitZR1FjDsw,없음,0
Yv_FzDgkVtk,측면,2
Aiuru-VUpeU,측면,2
Hordv_OgLcE,측면,2
SulC6Qfw6gs,측면,1
LoaVHcAlt2A,정면,1
JLd4lekHMBE,없음,0
h75ZvvoS4nU,정면,1
iS-WqVTwEAE,측면,1
fOhjD92bWp4,정면,1
c3EgU_MOpHM,없음,0
gBM4Dq9U_io,없음,0
xKhFYAL6hUE,없음,0
TEIsmHi0amw,없음,0
0zmFmnFwzZ0,없음,0
i_DBL_hHGMs,없음,0
EG1I4Y-Hf-s,없음,0
toQOgWrAjCs,없음,0
sNaZNE_rubg,없음,0
JIHYRv-hbsc,측면,1
l7KupfrsyPw,측면,1
n9cRAurbQ88,측면,1
0cbknpLxJq8,없음,0
Nb8F0rImis4,없음,0
KGcHXjuz8ZQ,없음,0
SWdUjXQcs-U,없음,0
73x_l1OwQ6A,없음,0
puZVQ_2iLyM,없음,0
kZgQZLAIjz0,없음,0
NHHnhkGxvx8,없음,0
FZkHI64Xs8U,정면,1
RFy8q_5KM3w,없음,0
BVEXmUajHfo,정면,1
ArfaTMAhQnA,없음,0
19cNy1Boeok,정면,1
aGnZpr38_BA,없음,0
xtPfRWM74Fs,측면,1
4_Gu29F_r2g,없음,0
MP5IOd6ccXE,측면,1
y_7dVUKsfyg,측면,1
aNAx8uYKKH8,없음,0
N1-suNmrwf0,정면,1
u16H2uGhtAg,정면,1
8R-bS0_Q4UM,측면,1
A40sP8sgSGM,측면,1
lV7jf01ScC0,정면,1
3UWrMZyPt5A,정면,1
7Cpp6ckefac,정면,3
iK98lZW1194,정면,1
i91p0HCgcKA,측면,1
PAFt4mMn0Cs,정면,1
JPjEjBtpBHc,측면,1
eiQU0YQ9Z4A,없음,0
il0s8kucXrc,없음,0
81H63zK-WCg,없음,0
dHTL3skqLNE,없음,0
zt3wt3sowNI,정면,1
Oj6QWmLkIVI,없음,0
hNFe5Y7nFhU,없음,0
NcEEuJqoDH8,없음,0
nvEBgZg32jM,없음,0
gw8oybaa6GY,없음,0
gdUjFKyafrY,없음,0
eai-iOJUc8c,없음,0
2LgsOQTt1jQ,없음,0
x2uvavKNoG4,없음,0
QreIjspAI-k,없음,0
ZJ4w4O02Mi4,측면,2
yy_oV38-Wo4,정면,1
JBNX68XsEOA,측면,1
Nc3HWBHtsic,없음,0
UJYMb4nvLu8,없음,0
bCZ2RcD2EJc,없음,0
7OpHnwYP-50,없음,0
xQM0nZ2w6Fg,없음,0
L5yIMaIg05A,정면,1
EIF4gsdfVj8,없음,0
-aDlMeQ-CgA,정면,2
4m2GFzVkJaQ,측면,1
PZG2d948zWY,측면,1
JHs5EsvG9OY,측면,2
FB3EFt5mHLQ,없음,0
1WIvE0NNWh4,측면,1
Rq10OgsQ_Zg,없음,0
mSJzM7jfaCk,없음,0
DTK5wTbKmkI,없음,0
W2p31l1Uf2Q,측면,1
Z-rhvADNTm8,없음,0
SYmux6SMFwg,없음,0
kJEN5j7vdKM,측면,1
XgQMDCHNI2M,없음,0
lr0q4deTtbQ,없음,0
oWZsCtTq0RA,없음,0
ZM-Sb-6Ln14,없음,0
PlLJu0MUmOI,없음,0
FRI1hhBuFQ8,없음,0
8lmQGOZ2iT8,없음,0
5ouh-aMY2e0,없음,0
C6cfr6w6H8g,없음,0
8NxMl7U8vj8,없음,0
4VqhKiG6Q6Y,없음,0
J_DZMd3fLgA,없음,0
6IIoCaO9jBM,없음,0
nkdjfyNhYfw,없음,0
h54H7dqE1c4,없음,0
mj6NCf-ytCM,없음,0
NRpFiAgD2Nk,없음,0
As9PkwcI_mo,정면,1
xw_y64ARnh8,정면,1
PfUJ3fST3VY,없음,0
dSnPg_q_2o8,측면,1
gaEXF-_Axtc,정면,1
J1z__GvkjvY,측면,1
eUR7AKo5P5I,없음,0
dXOR_ScD-5I,없음,0
7kpNNaK4jpU,없음,0
-G59KaEKgAU,없음,0
6_i7wUuyx-w,없음,0
p1UgHLSfqh8,없음,0
pqo-h481mJI,측면,1
kc7B8HQHd08,없음,0
QLOm8crs7G4,측면,1
DlKjfMJ9S88,측면,1
pEcF-9JJqHE,없음,0
RJliY4zbo_I,없음,0
YSK4mT1QHFE,측면,1
_vRiQX-i5Jg,측면,2
4wSiU_tVPcs,정면,1
f7LmoB9aEsE,정면,2
5ekU7AGJoDo,정면,2
rqqEELXtm4c,정면,1
N84Ze0l5UcA,정면,1
zEL6afroEF4,정면,1
q_iCxsJLzM0,정면,1
yCUSufxqLcs,측면,1
K0Di0TGFmik,없음,0
ijPDHUG6uZc,없음,0
P1BWt1LqRNE,없음,0
Blo-eiXJtDI,없음,0
vTlMkNVHHCQ,측면,1
KESVavDx1-o,정면,2
y5qI_SY7sA0,없음,0
vhgG7B87kdY,없음,0
p6KDt8iXBF4,정면,1
m3cPIlBGVs0,정면,1
X_ied34jYkc,없음,0
2BafPD2PYQM,없음,0
k2n9yiMiXNk,측면,1
ttmlDd17tUM,정면,2
BuWFEaQ7ejk,측면,1
EVhT9W5fVng,없음,0
FAoLywybL_k,정면,1
tXVWXO4LuEE,없음,0
WfNQj1OUAKM,정면,1
f-ZHEo97QvY,없음,0
enAX6OKQ1aQ,측면,1
KOMEIoCSa6w,없음,0
yvft80eiCrU,정면,2
IQo_yKUkdic,없음,0
yDgG4_iPFeU,정면,1
pA3tWIaBn7s,정면,1
JdZrDD4RbC0,없음,0
1_F21esR7aE,없음,0
v-XZWe8dNeE,없음,0
tkqNomzmLZE,없음,0
U4jz4v14K8c,없음,0
kbl-ZtT0qW4,측면,5
tkdKMrCEqRo,없음,0
MeRBY4N1ug4,없음,0
S4u5BndFe-U,정면,1
3LPQiCCn62g,측면,1
BhqTkw9tYVE,없음,0
3mv125VDq9c,없음,0
_93Q50vwdyg,없음,0
_HofbYlAIoA,없음,0
ZIF6twG96h8,측면,1
VlckFDf57R0,측면,2
QlQ1H4PdVO8,측면,3
qingY73HO0A,정면,1
Z73K9UIwMHI,없음,0
3346C8AIIsU,없음,0
hDGDvEGHlhA,없음,0
QUGHCgHXZBo,없음,0
ALVW2T3L1bs,정면,1
bc9YawOMtaE,없음,0
TLI_g7HsxUg,측면,2
KP-CbWfOMbY,없음,0
rmed48vZHgc,측면,1
h18YroFLMqQ,정면,1
L1U4IRpkUbw,정면,4
1vfUpoMrBJE,정면,1
nMfIr4sxg2I,측면,1
F8hrRsP16mA,없음,0
ESS8B2-1RGM,정면,1
EPZlR4nEjrs,측면,1
PcYXAs47FEk,측면,1
RPMPqZd4qGs,없음,0
3_Xvq776NLw,없음,0
BZ3FONxtS0o,측면,5
Y7CF2sq9JZY,없음,0
opPHcZ__6fc,없음,0
ZJSiNQPe5Js,측면,1
gSnALNIVVzg,없음,0
QvH3latR1ZA,없음,0
QgeBTF8-C9w,없음,0
yD1_eXMcZu0,없음,0
dbyGgWLPLyg,없음,0
X0z_VHVMfH8,없음,0
VgpS_UqzYRs,없음,0
5HpobeAlq6M,없음,0
Be0YvRF_M44,측면,1
RD1qRk4wKVY,없음,0
8hOrwVhxF_4,없음,0
xpoRKzVejgw,없음,0
XMjIgB5lA0A,정면,2
sPpjQ8Y7Oeg,없음,0
b62z3KmOAko,정면,2
qu3pnaWMhOQ,없음,0
eLlUVAKiI_I,측면,1
aswP3Hfh3nU,없음,0
PmOpXom0hto,없음,0
hqgjZvnFC4M,없음,0
Jw31qzvvqbk,없음,0
gwXuUXfp8Zo,없음,0
v0EULaNr-9I,측면,1
V2qeDKqbKGk,측면,1
yIdZU3G3O5Y,측면,1
qhu8P6mm5SE,없음,0
gfh0-DQ_2Hs,없음,0
Pob7w6UyV7M,없음,0
-N4pa0KRk9M,없음,0
bLCejghM7ew,없음,0
CKfk3-mccF0,없음,0
_RUYWZIONPg,없음,0
QGf9K0XN5kQ,없음,0
OyaN5g5aws8,없음,0
lLtHbZg9m_g,없음,0
YUioeXeZOcs,없음,0
_1qTiq2rC18,없음,0
KR2mVXBg6MY,없음,0
-C3K4FGLcoE,없음,0
eeuPmEw2uKs,없음,0
PQ1nlH0hqMs,없음,0
5ly64ejjJ0E,없음,0
nrLFiqhqnMk,없음,0
hW9HPYbYXd8,없음,0
8hiRqcbpOB8,없음,0
kmXbrGYGwvk,측면,1
DbFmrtHo2eg,정면,1
lBvWcDiIyIQ,측면,1
8m63mMBcwl8,정면,1
pQRz19ZcwL8,측면,1
yel6E414UjI,없음,0
snzxqMjxToQ,없음,0
UXfOKezCqM4,측면,1
e84vXP_Y4B4,측면,1
-xAnHDGIdQA,없음,0
J2zcBFJMauk,없음,0
feURb6_nfCY,없음,0
a1qm1c8MnIM,없음,0
GzzqMcUI4K0,없음,0
kb-qag3GUOw,측면,1
X-yRByBq68A,없음,0
HlmDzGFKRZQ,없음,0
mW9t4IPnCfA,없음,0
Xb_FF1HEsD0,없음,0
6G7QNa5DUYU,없음,0
d-5xgBcT8bU,없음,0
Pu6SY3nkkK4,없음,0
Vp_Nbq-pNhk,없음,0
oRi_Y53nX54,없음,0
wCTt-UBEhyY,없음,0
OgwrVcTbTHo,없음,0
7TbSvQFtkMs,없음,0
VMMXdDu4Jfk,없음,0
2OrgvEbNgo0,없음,0
lK5JUsc8G0A,없음,0
WzpXYGFv_AE,없음,0
gHFgiCpyYqM,없음,0
45bB-j4aI7o,없음,0
iPD_b7PdvfA,없음,0
L-iFqRY2ZV0,없음,0
6grt2LIwLhM,없음,0
MAaNUw2_j-M,없음,0
y3geCritVfM,측면,1
s1OyaMJXMqI,없음,0
1vcvF3wOwcM,없음,0
EWSoM0y7HGI,없음,0
Rbd70gtl5Hc,측면,3
p9t5fkDFBm0,정면,1
9hscEh6F3LE,측면,3
gvNBHN1FReg,측면,2
Y0cPpGBDZG4,측면,1
D8df3vGiX9g,측면,1
CUa1MD8qmTI,없음,0
8vkAiq-dcKM,없음,0
fvbjNLG8N_M,없음,0
Bbh7T58LKtQ,측면,1
Qh5yct5uMeE,측면,1
O7s3rGpBcyg,없음,0
vUZSuD9IHpw,없음,0
vKc5mKtAIz0,없음,0
gwOtWrJ1-xI,정면,1
CS7RFKg9Jgw,측면,1
fmCdIS5YpcA,정면,1
rGaCct-HGxQ,측면,3
H4SCuKZJ0Vs,측면,3
T3nlp_k_FRQ,정면,1
cQeeOsdjbaU,측면,1
yJBpWwwAyWo,없음,0
ogpLC2VwQYE,정면,1
Lb3HwIm4OqY,정면,1
mJs_Tc1OXMA,없음,0
HPA0kP3J5nQ,없음,0
aD9Kb7ZjesE,없음,0
9bRVeE110Bw,없음,0
GEcGkCOukpI,없음,0
94QeOny-xR8,없음,0
gSzruRMpiak,없음,0
XVWgn9uYwjI,없음,0
6kJbf_JUigQ,없음,0
nC9rwoZIhjI,없음,0
p7QeAY9wYiM,없음,0
fsDuWsPho5c,없음,0
2juRvRpYqQg,없음,0
0qbXaeo_VeA,없음,0
C3VvoL7ohfE,없음,0
-9eRA1QjxGU,없음,0
kxdVRU53MJw,없음,0
ArhYHNY6SEw,없음,0
glq-T9HUNPA,없음,0
NLRLSAJWf18,없음,0
9ltzBMPrLX8,정면,1
kOzlXvjgy1k,측면,1
3Ce8dE6Sd6w,정면,1
eV0yJA8_UCA,정면,2
rbNopJV6-xA,없음,0
DoGGm3OuXyY,없음,0
gIpicTU8Emk,없음,0
kaDudkGFqUo,없음,0
4Y2TbPYZ2Ig,없음,0
m643e-nqA6s,측면,1
VycRhg8NWUE,측면,1
-CGx12_rSx4,정면,1
9Lyg73hXe58,측면,1
uG3t0vbVfmY,정면,1
-cMCofCbC-o,정면,1
yGeYQX4AQ-o,없음,0
VRdNMiCeEN4,정면,1
oicGZYNcwp0,없음,0
Px94ZFVeYqs,없음,0
10nlYrp2Klo,정면,2
brAKAd_mzj4,측면,3
a42tmNagTTI,정면,1
LAdb-GvSiMc,측면,1
3uJwnHhnWeE,없음,0
8NZfhZsH9bI,없음,0
Q9B4Z3TRHMU,측면,2
467LHV1f1cU,없음,0
23l_eMCceVs,없음,0
j2emQdQLjDo,없음,0
ydqkj-R0vyw,없음,0
ttzKWy0wCdU,없음,0
ASEGGbfq6Xk,없음,0
_Sgao6EUozA,없음,0
K96nCuCju9g,없음,0
K-Ntgt1fyI8,없음,0
mskZBimG6rI,정면,1
6i3V9A0vtIQ,없음,0
k_SLqJdz7vU,정면,1
i8frJrIPCMA,측면,1
hqWFBC2Q9HY,없음,0
vBHd-dPDNyA,정면,1
neyJUIm15BM,정면,1
5y_UaENC1es,정면,1
D3uAwsXOzaM,측면,1
wNIzfaG5t2o,정면,1
WvPCQHqTrHw,없음,0
V09ELGen0a8,없음,0
jAylVky1A9Y,없음,0
47Nhnb5E1go,없음,0
AM1P-nNe6qk,없음,0
yyUPrGwR0Ho,없음,0
qR1o2qrMQG4,없음,0
10whyVMThtM,없음,0
cpPRK-vnDi0,없음,0
751VjOF1lTM,없음,0
cr5dpEbHEz8,정면,1
xXLVuADtflM,측면,2
P9OZH7OlgEk,측면,2
IXGtQ0rz04I,정면,2
z-zlI6Zvt3k,측면,2
e3Y32JhhkyI,없음,0
1ErfgAwcDiw,없음,0
LMpGHmsskiI,정면,1
rvEBB5_kYgM,정면,1
yPLy7NOA8FU,정면,1
R58ZnT63dPI,정면,1
BGPSJcQCw7w,정면,1
iZs6d0OIoA4,정면,1
-O_8qq6QNCU,정면,1
xgzGwFrY58s,측면,1
-KVYK5G-lxw,측면,1
o2rNCxbpSMg,측면,1
EaS-zCbZfX8,없음,0
vDtybxcqI8Q,없음,0
PPJNk02MY2I,없음,0
VPaZmnHsB1c,측면,1
nLTwAcfxBgw,측면,2
D4440kd8X_k,없음,0
UtkoDVMSFxE,없음,0
Fyx0k3FagRc,정면,1
DYroEP0OD_E,측면,1
vJs9c_cOjds,정면,2
LPYGORVgMb4,정면,1
HNF4wGkvblA,없음,0
2rIDsnftmac,없음,0
EsOthVSJIMM,측면,2
_2AZMULR0ek,없음,0
W24uhpUxNF0,없음,0
Rxm0WEvGYvE,없음,0
kbMD36qHdso,측면,1
Qu9vzWXZVeI,측면,1
6gdxIt-WVdk,측면,1
ODQen2G4pv0,없음,0
s-c4H4GNlBE,측면,1
2b7ZxTQTUrA,정면,1
hpYZlZ8IXa4,측면,1
FDHnwOp2O9Y,측면,1
SH3Ft5KHed4,정면,1
rw0Z7wyoFUo,측면,2
kNiL5I6vbj0,없음,0
g8kH2GANedg,정면,1
D2F6XFlkR9o,없음,0
4lBdHVK_W1A,없음,0
fNEaogb4eZc,없음,0
MJblWi-9DYI,없음,0
Q7LRvuYHSqQ,정면,1
kOs9uoUoQK0,정면,1
Hy4Blnk0n4s,정면,1
tq9_cnXCQ0I,정면,1
Aa4xXWfEyDM,정면,1
k12KYzbeXLg,측면,1
cWBY23_UTq0,정면,1
bycXtZsiHis,측면,1
w-wlOcmEAxs,정면,1
24lw0mbWAhc,정면,1
tT4q751pPVo,정면,1
LommeKz2u3A,정면,1
EaksAw_LJ_w,없음,0
xKmESne4Qno,없음,0
lJ3mH2AJyO4,없음,0
Q7hV4usiaNc,없음,0
kqPTDbOCIWQ,없음,0
Cte6dJlt9X4,없음,0
mhnEYyhi6gE,없음,0
06HpdK2hb58,없음,0
YWYwnxXA9vs,없음,0
PFfQQCLTeMg,없음,0
kA4ndpUe6Qg,없음,0
3zlFpEPQ8yE,정면,1
wnYPIR_PF14,측면,3
hZqwq--W7a0,없음,0
IUC8ohbMnK8,없음,0
8lT3-29yg-8,없음,0
ort2RQ2TF7Y,없음,0
Jm9ZVi0WXKA,없음,0
qTsyW1kGbW4,없음,0
UyMWei86-Es,없음,0
Kx_9_3sIfZQ,없음,0
hqVkuNgVBmc,없음,0
1tFbEPUhdJM,없음,0
1-P9r3Fy69c,없음,0
KCB72o3QCI0,없음,0
sP-FUB2GNkE,없음,0
QXg_-1us1o8,없음,0
6F8Bg0SVSE0,측면,1
o8TaHQw9R3s,없음,0
10y5poVAjYo,없음,0
VZU8OTUmWDM,없음,0
3nVD5zPizEA,없음,0
LFylneb3_Wg,없음,0
pUrANyddDok,없음,0
97fLiYU80VY,없음,0
gAElu_aqr7E,없음,0
_9rDGH-NE_8,없음,0
yK7gYljTdpI,없음,0
z-0xibqFYJE,없음,0
QC7MiXBQlAs,없음,0
T6PnSHBSMUk,없음,0
ExkS7oxEHgE,없음,0
8Zc9nZH2how,정면,1
TB3-sWbDAX4,없음,0
uVWK0KufR-k,없음,0
GATNgmujHBM,없음,0
qvmbObXo8wI,없음,0
c0MzJKWzwWQ,없음,0
_Q1fxHQbRH0,정면,1
MOdmd0zsbCw,없음,0
Hxl3NXMz_l8,없음,0
3aLvHefTzsQ,없음,0
MqcQDVnnz-Q,정면,1
mnm-Z-Nri0k,정면,1
6sSUqOZY2E8,측면,2
daXYTFZHRLc,측면,1
2i4zm3VEY_A,측면,1
OrsJDCg0JG4,측면,1
7DBMXogM-nA,측면,2
w4v5YeO43Pw,측면,2
chHIi_JSuoY,없음,0
B3JHR3ysxIY,없음,0
-TNAOSACRbA,없음,0
FCn3u9n1tas,없음,0
W7mr2Opm2T4,없음,0
E94qkDw860Q,없음,0
SjqKx3DPZ0Y,없음,0
FagOMzGcoF8,없음,0
Wg0sihp71M0,없음,0
AZ1_ovjXokw,없음,0
uACbrgP0fEI,정면,2
-_H5wkUWkQo,측면,3
UaYwAI9YZH4,없음,0
UXc7mahYya0,측면,1
4cc8Sa6ydqg,없음,0
pegsZcr0CZ4,없음,0
KYkrejdYCIQ,없음,0
RKO-Yn2l3dU,없음,0
yjV7lFO0dZU,없음,0
YO-QXpZwCtA,없음,0
j5hCTA8vbdg,없음,0
XK_MH3v9gsg,없음,0
9fQJ8fWKUYA,측면,1
LSnSEcqUsew,없음,0
g3B1yoK8gS8,측면,4
oKeLybeRxg0,없음,0
CX5vrxdcT1A,없음,0
cj8Mqe5dvfE,없음,0
q53J-zVZF6k,없음,0
R4OsFwSAp-c,없음,0
-ylZNfBrTGk,없음,0
hZZJfh6VAIg,없음,0
sw-bF2khpu0,없음,0
7eCZzcOcHnQ,없음,0
fjudKejphn8,없음,0
YxhjzRJ6Syc,없음,0
RbdBlPiydyo,없음,0
Jcni9bXN9hg,정면,1
5RXKPz7bVuk,없음,0
DWcVAJwGd2I,없음,0
x-n8njNJStA,없음,0
6ir84pi67i8,없음,0
z7htQg1oJ_w,없음,0
Li0cGyRZfpY,없음,0
rFMvn8lnH_A,없음,0
DkV5xQLfK5o,측면,1
2snLVZdSG8E,정면,1
JnZ5TWrpvJ0,정면,3
NeubEt1LeV0,측면,1
5efERE70jSw,없음,0
9xKI-N-o8Zg,없음,0
8LZAaNaoxYU,없음,0
B_2bshGHUa4,없음,0
L7N2JLqfbPc,측면,1
_BuS5CF8Tqo,없음,0
gjS7RR37j2M,없음,0
WCkUq3w4Muw,없음,0
c5hN5sFoHpc,없음,0
C5elSj1LcFQ,없음,0
pquDL2sl2rs,없음,0
AavKjZWEzFI,없음,0
ulw8cUGR9NI,없음,0
YkB-ZoFbGag,없음,0
Jg9vNHjE-Zo,없음,0
42ev14W_MiI,없음,0
RF_als0rUtY,없음,0
xfVxxGWomFs,없음,0
43MKeWxO1VA,측면,3
N-EgLClykpA,정면,1
09a2qe4R-8c,측면,2
PjItSpaxRgo,측면,2
1Sy5MjfwTVA,없음,0
8KLa-Cylhfg,측면,3
X9itAvMNXBA,없음,0
cPFumWyw6ts,정면,4
dnJkUCCjg6I,정면,2
LLCEgQflWNk,없음,0
sFmWvGCw7_o,없음,0
s_zkkUmP99E,측면,1
HIwUw6IxS-8,측면,3
4FU9rROA4fs,없음,0
50IzB1s6z1g,없음,0
sFleVu_ZGKc,측면,1
UkaBEri495g,없음,0
QepiR-2fuug,없음,0
iSMAj1nwQXc,없음,0
gsCpCSF_BYc,없음,0
sQiiT6klvCE,없음,0
H3UQwclPbuA,없음,0
jVYeZBd3CV0,측면,1
5TULzqyf4oo,없음,0
AZZEwbDYknM,측면,1
2HL4ej-3sNQ,측면,1
guhum8z9frg,없음,0
iaalqIwEtM4,측면,1
xcwG9gj_0-Q,측면,1
ktFPEliSXh4,정면,2
Hrh3JMEjuyk,측면,1
Ujcd_B6jCFU,없음,0
9SXAL87UwPk,없음,0
uqMPOdGe1dc,없음,0
a4l4fLgik_c,없음,0
WQdfUgbvECw,없음,0
oxbaJ_v4FoQ,정면,1
Tz46614jEfI,측면,1
dlXdFOJwfgo,없음,0
OTfrj9VX5fw,정면,1
z0B0Bs2PQCw,정면,1
4Lq5py2bulk,측면,1
0FsdULITzZI,정면,1
dh5i8XZPg4I,정면,1
7PXPR01oyMQ,측면,1
N1fWWLhuGgk,정면,1
tN46pFw6MG0,정면,1
vT_vK2IiSNA,측면,1
fcPu2SnZ-j0,측면,1
Q8h1nra2COE,측면,2
RW1j0flhlZQ,정면,1
tJp04ppJJAQ,측면,1
v3Fj4TmtcVY,측면,1
4C9bABSqjJo,측면,1
dV3q-DdXGwI,없음,0
5JVzWcNccYM,없음,0
1F7WmSAvWVw,정면,1
uK-iAbM4EbY,정면,1
m4i5VUWQ4bs,정면,1
EUmFKw711R8,정면,1
9DyZZ4QmuBQ,정면,1
hr1OVN5LvuU,정면,1
nPiQf747R6o,정면,1
kbZqTfO1KZc,없음,0
X5WpAmT8-QM,없음,0
GCbLIdcuxfY,정면,1
I3NmBJ_lgLs,없음,0
zQu4I0D_r_c,없음,0
ndErFoJiUDg,측면,1
q-nSYvUy4wI,없음,0
yOUUcom7-zo,없음,0
cBCu6Oglt1c,없음,0
gzlGKJfcfpo,없음,0
o1KyoTFn_n8,없음,0
GkWeWx6kO5E,없음,0
VeIffo1-XGg,정면,1
dP46ktpgWzI,없음,0
mxmtPpaygzs,측면,1
agAGHoHnWcM,없음,0
0dQ2xlbTrKI,없음,0
umlFXxSmB0g,없음,0
YUmLe0zOciw,없음,0
7f7LMZPDMAU,측면,1
-WCrQlEY-xM,정면,1
-tOGVa7ZS3o,측면,1
EPJKOS23qf8,정면,1
dAS54yXJV9g,측면,2
uGVRtRFxZMc,측면,2
N2aoHjNYHO0,측면,1
Abx5n0zQ0H8,측면,1
gYB5GnYinDI,측면,1
4ZpuhZud05E,측면,3
13w_peqqxZ0,없음,0
PwjB3CfDivw,없음,0
mvNcn7VKFzc,없음,0
hdq-iRK1kfs,없음,0
fyqEs4dUK7M,없음,0
tJPdUC8recI,없음,0
Cnnf2yvT-mw,없음,0
8Os2cBwyG60,없음,0
SyclOxmVuH4,측면,2
TwUbt3f8bV4,측면,2
MDXDdSONCYQ,측면,2
I4oBqUr_cUI,없음,0
YKmWQySRKuM,측면,1
VPwuOICSW-Y,없음,0
AHqOWo1DlTI,측면,2
cTD6VAt0wSY,측면,2
uuytL6WlDX4,정면,1
0Akh02mWEbQ,없음,0
MicHgIebq1s,없음,0
z5vC1Dcsoag,없음,0
6vcWhWVJM3Q,없음,0
xuLu6EGfhn4,정면,1
PHTm0IoX6AQ,정면,1
iHo48cuxjD0,정면,2
PTcxfmEEnQI,없음,0
Z_UURiwo5zw,정면,1
oqZoOgiHc10,없음,0
66HfVn-KaT8,측면,1
IzIduAfZ6-k,없음,0
p4hQT8_xxwQ,없음,0
xC49KdJVCnk,측면,1
ISbCHCtx-hU,측면,1
3hOB6IWCt7M,없음,0
D9smwMcrZss,없음,0
GRzIzx3JSjc,측면,1
OIa-4BbRrmg,없음,0
yHJvhjZPEOk,정면,1
0ex_ISVpV9Y,측면,1
5GDUJ7omMQw,정면,1
ZK1WKdga6-g,측면,2
kdrNfZBJF6U,없음,0
YBAQBAGbGHc,없음,0
vBp3mj3lEI0,측면,1
9gcMMzzUj-g,측면,1
7UN1TyVLgfk,없음,0
Vw9KvIPUmiw,없음,0
PKLZHMgxRxw,없음,0
rIthnQ1zoQw,없음,0
une-1PL0Mh8,없음,0
ScygPBPz7R4,없음,0
sLHSFcMGJhU,없음,0
AsaV_oY6Y0U,없음,0
Devz5E0ZUJ0,없음,0
jxK4tRc36CE,없음,0
SLGaRImtkNk,없음,0
E1tBI3-M_7A,측면,1
JOhrLSvk8UU,정면,1
CdzFLDsW-YY,정면,1
ke4dq7i1xV8,없음,0
DRvssYxAIfU,없음,0
f1bXqIhb3r8,측면,2
eBCaV_h55Lg,정면,1
fQv1EcIhTL0,없음,0
zMo0yBYhKSs,없음,0
Wg3NbI3hecg,없음,0
5WiooKtNGQU,없음,0
zUPNnbfD1-I,없음,0
Fu2x2W1SFbg,없음,0
V-_CzzPdigk,없음,0
lgNKPG-9zsA,없음,0
lbE4XqACsVc,없음,0
9DMCIUEwVsk,없음,0
ww06_7mjtRg,없음,0
Q4ZHzHARab8,정면,1
UiBfIM_84OE,정면,1
OfaG8GxrulE,측면,1
FomrZ7qCzok,없음,0
iGiFr_7q_7w,측면,1
QanYLmlasc4,없음,0
wuUZ5wuvsjo,정면,2
owAOue1Wm6Q,없음,0
Ed67Os3dr-E,없음,0
7s7k6vvA1wE,없음,0
vbnnnUixGX4,측면,1
D28PfrcN31g,없음,0
SV-IsgP0Tkc,없음,0
73fo5cqMyJA,없음,0
oslTsLhPeZQ,없음,0
0gjajyZopIk,측면,1
suLmI-KntgQ,없음,0
45RXn3wmMTI,없음,0
k_ModvHMqXM,없음,0
CYIX7oodVEc,없음,0
VRHhNacoMEg,측면,1
U7gaFcR5lw8,없음,0
WvsXMYdwCcQ,없음,0
c5kb6D_NiXE,없음,0
IkB9pJ7MlDI,없음,0
Zst5WKnmd_4,없음,0
hgSEPXU3hUA,없음,0
mRN6fk3237c,없음,0
xiFVeQx4Mw8,없음,0
kZwgMiU36-U,정면,2
DMD95k9_JH4,측면,1
OanmC6USA4k,측면,1
5v8Ujk391b8,없음,0
pSIl2n9A1dA,정면,1
C1SKMULC97E,없음,0
Q2rkVHMXWPU,없음,0
5qgFbx6RSh8,측면,1
E0g1GQkwmig,측면,1
7EErSCPPcL0,정면,1
H4iurGUkgM0,측면,1
D5Cc2vLBkEM,측면,2
hYTAjUkb12s,측면,1
HVRp7ewsAVw,정면,1
QdqksuR437M,정면,1
EH8kMdOYgqE,정면,1
mzT4oYtx7Yw,측면,1
Xz1V2DE6neA,측면,1
_YNOkkZmQUY,정면,1
CxQSwkcqEDw,정면,1
tw8PW-0e8qA,정면,1
UsSmDMIvkt8,정면,1
M6ONU1pDmkc,정면,1
zCvQKZhK-40,측면,1
94djiUVpzxY,정면,1
xRMtp2c_rkg,없음,0
FH-qMSiLc0s,정면,1
fkiKYMl2MGM,정면,1
a02agu4Rw9A,정면,1
rTu9W1ehTCI,없음,0
-4Ik7B87Tbc,없음,0
I5YDmqCLP6w,없음,0
oIgrHAfBqGg,없음,0
PxcM8EfEq_o,없음,0
y13_RmNOlHw,측면,1
RKRivByzThg,없음,0
oSoV114yKMI,없음,0
HkktDmjaW4s,없음,0
Gn7qB-G6msA,없음,0
7W2FgSkjy-s,측면,1
ic9WCufr29Q,측면,1
PkzCochXzOI,측면,1
SypeaUl1k4g,없음,0
Y7Ub1bhECMM,없음,0
VTFDDKVL2Vo,없음,0
dRhs6uxslf8,정면,1
5OkaPzay6Ac,정면,2
EHq1xSyjD7A,측면,3
_oQvvdEpz2c,없음,0
ci5tt7T3xvo,없음,0
8_I2THX8YO4,없음,0
lnyqY-f2zQE,없음,0
Hd3hQXY4HZI,없음,0
l_P55KZMClY,없음,0
Lq82_0RiZew,없음,0
-FZynavUocA,없음,0
WqIOS1eOiBA,없음,0
JhqUHxGF4BY,없음,0
MB7GFTBPyWc,없음,0
Yi2txJ_ZWpo,없음,0
eoVLepyHGQM,없음,0
M8g0tVqWI14,없음,0
id6cogJz1yw,없음,0
YIzz2gm6vJA,정면,1
-TaZUUscUWE,없음,0
-v3EQcPAG1w,없음,0
mZiuJjUfeDM,정면,1
aWTgtGR7Ndg,측면,1
nClHUTlj73w,측면,1
utZxSFjx370,측면,1
J-rwL18aIwI,측면,1
ibNzVj6kbjc,측면,1
aATtBIRiKVI,측면,1
YH3FBoBf3uw,측면,2
eTlUDiCDgkg,측면,1
5qf3GUkUYW8,측면,1
GEJoGYDJAgs,측면,1
Iw4Y7bDKFvY,없음,0
fzVqzglkKEo,측면,3
HpfFgzZg_1E,측면,2
Xofs3PNqi3o,측면,1
CbuI1EIY7t4,없음,0
Hv2lXy2ENTo,측면,1
-v99ssaPNaM,없음,0
ZW-fN9jwZdk,없음,0
ho_Zp4RhL1Q,없음,0
rhrmEMJ__30,측면,2
7ue-cC121wI,측면,1
R3pjBk30Tgw,없음,0
TcALsna5o0g,없음,0
ojw0rCuUDi0,없음,0
4YPM0xriaqY,없음,0
Dk-Po8yMOwo,없음,0
dsYQ5yjtuNU,없음,0
pa5Zjkk7dzk,없음,0
DfZ_XmmMO4c,정면,2
m-5Onax800g,측면,2
dEVmkT2ZQ1I,없음,0
MY6t35FvVeM,정면,1
4yoINPBnOUQ,정면,1
GdRss48PG_E,정면,1
vRBswwno0IQ,없음,0
vTdbTLO8aK0,정면,1
D-4ZsU5QXhA,없음,0
lapQ0DpTPXg,없음,0
_TU__CZMG30,없음,0
x6MNx2Qyzwc,없음,0
2iPBfv0kSxg,측면,1
aWURmvtH9BA,정면,1
SmRdfm_mAqM,없음,0
JmmDwW94W30,없음,0
7xCePivi6LE,없음,0
84tON6AXHJQ,없음,0
R9fM54wzBxo,없음,0
sapvCmFNG5k,없음,0
TD9rAkFnD6o,없음,0
xCtUuxd3AYk,없음,0
zWtQQc7vQiI,없음,0
OVW6wQZNWcE,없음,0
LSlQ9zrLxuk,없음,0
QmXCvjhpUr0,없음,0
QociD6IJkN4,없음,0
AfmgmlnPLD4,없음,0
7Pq-_qk2C6M,없음,0
YdkGePalm-M,측면,1
ZO1tmBFKdX8,측면,2
8hDbEmxNjRk,측면,3
74ftCBfEQR8,정면,2
J2cbDjnqA24,측면,2
3nISKOnGXoo,측면,1
nuJyUOes0Kg,측면,1
XqWsEhCOD88,정면,1
tmP8S0Nxdtc,정면,1
rpS1TJDgW90,정면,1
UjFAlT751Lk,정면,1
VWPoiOgEKGc,없음,0
-fAsO6c5WdA,없음,0
6TGGl2Nsdkc,없음,0
f33LhI3WM-M,없음,0
Rq5vWjJngIo,없음,0
Lza5oW0lQZQ,없음,0
n949uQPIzUg,측면,1
wQriWLMZ4sU,측면,1
LvqD3C6awdY,측면,1
Mq_5d24LXLk,측면,1
CoAUp_3A9Xc,측면,1
FSMUXwkBHA0,측면,2
_EUCt0Lvwgc,없음,0
JAFmrm2a1n0,없음,0
dM7xcvxd7LY,측면,1
ljWikaibPvM,측면,1
ExDlMvzREOs,정면,1
9P_hmCB0JFw,없음,0
wUPRRFU1uEc,정면,1
qRB71J1y02M,없음,0
FwiSQ4jvlCQ,측면,1
WwzLue_Zam4,측면,1
L-G2gYvbtK4,측면,2
RuJRbe6TZoE,없음,0
qoK5jHFf8P8,측면,2
gk9-c5639Rk,정면,1
26ac6E9PVA0,측면,1
j1FgYqzNtKo,정면,3
erN7Dj1yOUM,없음,0
1Yr1MyXDtZc,측면,2
3_2KJha6zPw,측면,1
czZQs3xoHBg,측면,1
8KxBzoebfX4,없음,0
9QSyX9cUHhk,정면,1
8cNE2h0tn_E,없음,0
ZB0Z2z4kU04,측면,1
4gSz-NlJgag,없음,0
5CBt-GvClwM,정면,2
vuP-c_kx_xs,없음,0
sca0zMf8xzA,정면,2
i71GRJ-h2e4,정면,1
ZiOdZNaCJ6w,없음,0
HPcYtrW5Eao,없음,0
LwZB6wd7tIU,없음,0
euE5up_vonk,없음,0
ZZ2x7jpbADU,측면,1
X2JGKR1bPck,정면,1
9uAxzSe-Vhk,없음,0
eQlFkacn2ys,측면,2
f63oe1RspZM,측면,1
XJEKrwYcWuM,없음,0
CoeaekOu95o,측면,1
KTAVY5J2gXo,정면,1
cISjoBpE9YY,없음,0
tjf7uSAIytI,없음,0
9nyrv1G8UEQ,정면,1
hoYjTLD4uXk,없음,0
52x1CSLx-60,없음,0
DpV3gy7bTxQ,정면,1
0TOa0LMM9uY,없음,0
KHNwOvyDR68,측면,2
lmstelFK__U,측면,1
zCa1jn1P6-g,없음,0
8FIxYiWzMFs,없음,0
KIP1yTenSyk,없음,0
lZqOtlRuWXA,없음,0
rMG71__BlD8,없음,0
1O83ZpWinkk,없음,0
BL6hcqn4ZNA,없음,0
OHapKDjKE5o,측면,1
aEyrmKtWmqs,없음,0
LZ0sRPRjc-w,정면,2
ylCIBJrLUhA,측면,2
L1eYTv-kShE,측면,2
wvbmfoFl-eM,없음,0
HQZDkjF_IXw,측면,2
kRPqcQ9tNM0,정면,1
I0HZVsmXVmU,없음,0
SLv8MAqTXAw,없음,0
dUmjji0Lb8I,없음,0
NuOA-AHlsQc,측면,1
ugyrAYcU-oo,없음,0
wZbMmVPnQWg,없음,0
5f1ve_QVmjg,없음,0
_VsZX-AqU0s,없음,0
VsAjykcI2es,없음,0
olnDNq4fEzI,없음,0
sHCPwiJZ18A,없음,0
4y9mCPC6mMw,없음,0
DUmJ0XIALCM,없음,0
5J71SnkDTgU,없음,0
hp1YdRSYsko,없음,0
BmNeRtN-2wY,정면,1
xRoJTXR9las,측면,1
htBRhhTwXOA,없음,0
rVxwZMXEtOo,측면,4
0Wgypyz9mCk,정면,1
2w9tS-dVqic,측면,1
tzDF4F2yFPI,정면,1
IU05jdhoxWI,측면,1
WezKuP_KL_Y,정면,1
QKY8pU7NBTU,정면,1
mXvIEiFT1Bo,없음,0
jA7Flea8frY,측면,1
qierITW9hzQ,없음,0
E81oN_Nw_iw,정면,2
qQis_b59Dqw,정면,2
m4uneQ4Cpl4,정면,2
mp15l6E6QXQ,정면,1
5voKqCx8CJs,정면,3
fMnWs361Opc,측면,3
ToTq_EII7W4,측면,2
fK8gWnPb128,측면,2
4k-s2hmeVuU,측면,4
daA7yjHjon0,정면,2
iZsE6E7XpVI,측면,1
_RCfkZJXr_w,없음,0
7M9U_DqEO_Y,없음,0
_F8zdT8APyM,없음,0
QPies3xgX-I,없음,0
DJr-_lhuafY,없음,0
_q6-IikORZQ,없음,0
4KQw2il-9iw,없음,0
xg6pg5BH7Us,없음,0
TEmCoYwsDxQ,없음,0
drXOkeOcR9E,없음,0
DVds1Ah0384,정면,1
S7Kelqw8Q6s,없음,0
HrpyVlpkSfE,없음,0
jaCZdeFNSM4,측면,3
yiKmKlsoy24,측면,1
K6t37yQPlu8,없음,0
wk7UzH8q5IQ,없음,0
-67IBTJPfn8,없음,0
Q4fNq7gaoI4,없음,0
_ot52m9g1zo,없음,0
D-Nn_5ccKgI,없음,0
KzcF8AJ0iBk,없음,0
tMZ3bvvftN0,없음,0
R56zRDfxt80,측면,1
LbyRsy_7szU,없음,0
F8cnM4CbeOo,없음,0
rZ9h422oDK4,측면,2
LOCedy-ZaB4,측면,1
wozNALsnBmM,측면,2
-oFZxNXbWXA,정면,1
LOF_4Y9IV-M,정면,2
6hdwLhyDIow,측면,2
SoakmnHIEl8,측면,2
tasgGoxh1o4,측면,2
siaG-su3xDY,측면,1
Pa0NOMyh3bs,측면,2
l9RF6VFHwzk,측면,1
kwq7LwwJeak,없음,0
IZDXVbjH-aI,없음,0
EVDxgIDcFHE,측면,2
Vng--tUojdw,측면,2
XnEGCOlBDHA,측면,2
Jo9nKR2AwFY,측면,2
HkKTtE9VKnE,측면,2
iTR1Mtp2B0k,측면,2
nE1A_QK2E1c,측면,2
W2eo5eEeBXo,측면,2
5Qm8jHRY8uc,측면,2
nVa4gjOL3Bc,측면,2
AEGBmVUdtvE,측면,1
yORTSuzZkIU,없음,0
Whdk8gtfGL4,없음,0
TD-HjVNtx2A,측면,1
-rIxOqh6C38,정면,2
2gFFhgVVLOs,없음,0
fNnfADIfGEY,없음,0
Ho6beo4LpJ4,없음,0
yB3kN2XyKI8,없음,0
DZ5rrk2CARk,없음,0
uIFlQw4XZxU,정면,2
g9__L0emiik,없음,0
IjXU3aaUuZ8,없음,0
YFL-L-AIcq4,없음,0
0_6tyduqiKU,없음,0
-DikKgLrfTg,없음,0
nvY3m4OXKqA,없음,0
dVWKQ2ygJVE,없음,0
LomD1oODjXQ,없음,0
EwmUF8tHQd8,없음,0
stXh8eS1cgU,없음,0
pmgUazxM_3s,없음,0
MqjTgN3Ql-Q,없음,0
0uo0R_7_EKo,없음,0
bcurOQ6SuYM,정면,2
8SrbKUh6xF4,측면,1
n3qF9gJ0Tik,측면,1
IUydWIWrOL0,없음,0
5MRe_rgAisA,없음,0
WHxqy3kUWbE,없음,0
gGp8hMlD9oo,없음,0
73wrCJ2S5XM,없음,0
FBV1au4h_R0,없음,0
97ubl124hiM,측면,1
RPWpBDj11qU,정면,1
3re5onPrfQQ,없음,0
P11h2FpLt8w,측면,1
SwLcWWr9KGk,측면,1
w-trYhppZq4,없음,0
8Ptkx_3MW_M,없음,0
hehKXtNq9Zg,없음,0
bSyr7BKOv8M,없음,0
4sbKjiFiQmA,없음,0
clDVK0Vi9yA,없음,0
FPfO2MnKQD8,없음,0
naPYZlaHB54,정면,1
K1UqCB4_gro,정면,1
J49pIQLqxTM,정면,1
Bpl0oSf8pI8,정면,2
8EE2uBLzYx8,측면,1
1TIuor-aUII,정면,1
NFHDAHX__dQ,정면,1
LIU-2XKXSU4,정면,1
NXWACGHYg10,정면,1
aBjXFsCZchI,측면,1
Yo4jv7qoLD8,측면,1
0JcjCyBaEEc,없음,0
jVnD6H56OsY,없음,0
bW10LCh__TM,없음,0
Nml3EXGcPic,없음,0
-Ks48zv9bNo,없음,0
56hPgabY-dw,없음,0
k9L8FG8Df_w,없음,0
cz7MQkvwNt0,없음,0
5S6ayw4mivA,없음,0
SvogQkWP_CE,없음,0
PnPNOLHWZuk,정면,1
NtLUB0JPQo4,없음,0
JwUin1NlXZQ,없음,0
D_b2aOVFLoQ,측면,2
xLmuRJxwY38,측면,3
pNRH72X2ecM,정면,2
1jxwPr4WyTE,측면,3
x6kjE36ayJw,측면,2
ng5CEzV4Olc,측면,3
_DDUAB6JWFI,측면,3
RRml6QrVjpM,측면,3
UPuc4jxLS_g,측면,2
AaDA7IEtuCw,측면,2
9PnnfSCHxC4,정면,1
bcKENu7RVKk,정면,2
zvbMm7D3kbs,측면,1
OdvAz0eJYy0,측면,2
-JaxjEh76ik,정면,2
okSjo4TRHp4,측면,1
T3mOBrg4L28,측면,2
kSn0Vj1X2pQ,정면,1
tH8NyvyGMO4,측면,3
0Gu1m7DYsfk,정면,1
59utufGk9Vw,정면,1
a01CAFrHOEY,없음,0
MCJrfQ8LTqs,없음,0
B1hdYRzAP9s,없음,0
3AGy2R0-8G8,없음,0
RkHL8ta_UJE,측면,1
4KrXduFPXcE,정면,1
guTeMddD6YM,정면,1
ve3ZPdJ8z5U,없음,0
0sXqIsYv0J0,측면,1
nYlJnKl-sww,정면,5
o2kMwZQsqSs,없음,0
xkpXAYDMsv8,측면,1
UZ_xPb02PjI,없음,0
0itbD02RrO4,없음,0
O8q4gtFy8DQ,없음,0
wZJdps1P9D0,없음,0
gtLB7WqF39c,없음,0
ZUSUw8-ugpo,없음,0
ZggEfXHRRuo,없음,0
6Ys1QzTMVog,없음,0
nHEBTbzCino,측면,2
DL3ul_uTCvU,정면,1
J1ninF8zTxg,없음,0
VtNiGHYtHrU,없음,0
VoXoikaEAf0,없음,0
Qt3k4hbdUyI,측면,1
FbU7SmIBx8M,없음,0
KbyCg0YKgk0,정면,1
ovdjL3xIltM,없음,0
lPgc5nKle2A,정면,1
AlZ0gmhKJjA,정면,1
58pOnf6GSPA,측면,1
nlSuSPyw9y8,정면,1
PtEkOAhcQts,없음,0
3sfHRvf20vA,없음,0
NfHWSAlC-Y0,없음,0
qvphnRQGdtw,없음,0
0jqAIhLBf2w,없음,0
Kf3g9YhVkbQ,없음,0
XJPHrlgsbWs,없음,0
9AGM_HPxiTo,없음,0
pP0SS_GhXUs,측면,2
lRNOyAOyOl8,측면,1
TuV5G7ico_M,없음,0
7eNLMj7SfdM,없음,0
nYp3ElUi5SQ,없음,0
AcXbmcDMIcw,없음,0
Pxw2fh5af5M,측면,1
rDZ_e0y8Qng,없음,0
qSNQHNqmtYY,정면,2
GqXZJunkqRw,측면,1
i0PMDZRueDQ,측면,1
DNEXR-AlSBU,측면,1
-PDRCtfLcHU,측면,2
9xe_t-9RUIc,정면,1
W4VKRXTnqMI,측면,2
ETwwVOIGZSs,측면,1
RV_Lenb7pfY,측면,2
IuSHwWorK0g,없음,0
IVtosRixUSI,측면,3
9v41oXcod8s,없음,0
TBDXQmT-ymc,없음,0
KCEjnl3Wvq8,없음,0
H4CU-MvHaHM,없음,0
aLvdC-117nw,없음,0
_O7Y_O4cdtE,없음,0
pDzLykqhu0A,없음,0
P5L0l57NU1Q,측면,2
aAK9tFOBQeg,없음,0
rm3FG1m5-zs,없음,0
xNXLkKwM4T0,없음,0
9I1XiDSf9tU,없음,0
94kFiAZs_30,측면,2
kHWRENB5lNg,측면,1
v-ubIvId-hM,정면,1
_Qyplsx4P64,없음,0
XCDAeyIsbcg,측면,1
p-WURGgGuaQ,정면,2
el7GemtgDdI,측면,1
lhIK0ZDQ0dw,측면,2
x67f8bo183U,측면,1
im0-iGOI2YI,정면,1
e-lvu9hcJxg,측면,1
ITWw62r9oaI,없음,0
AudyaZCfTRI,정면,1
DRjXQjeRm0Q,정면,1
jgF59qBzqp4,없음,0
qkx3zqQY_eY,없음,0
BXpvxKlAh4M,없음,0
TfKrg26oyqk,없음,0
2VRI9aLPYNg,측면,1
5LXfn0HXpb8,측면,1
MWIBlXq5neE,측면,1
pkyphsU45pQ,측면,1
TSORw5PyZsk,측면,1
ZzeiQ8P5BgA,측면,1
BmKDZFxrLII,측면,1
y1heGOOSVAU,측면,1
qrCPmkCqIxk,측면,1
VPcJUi-LUeI,측면,1
ChCM7y8FQ3Y,없음,0
YQHFGptpSpQ,없음,0
XFN1kSzNX58,정면,1
c9Qy4SwPcEQ,없음,0
pRAykxwnCq0,없음,0
16nrifkK66w,없음,0
J05x8hauL2U,정면,1
GusuyDMAVAs,없음,0
lUf9ZIY3854,측면,2
Q7TDuTzcTdk,없음,0
mrgRbE3M_70,없음,0
tZQD_1YRPyg,측면,2
K6JEhrTKat8,측면,2
CHDeoJ1rv8k,측면,2
oe8jQRsFIPs,없음,0
yYe6-VBNgjA,없음,0
b25YM1YXrz8,정면,2
wlyMJ1-SsF4,측면,1
SOeyrSJi-nk,없음,0
t0XYg3CYtbY,측면,1
SOxHbtjzMiI,없음,0
BMxA1yWCqRw,없음,0
jPR-pma7XZA,없음,0
azo-qmHoa2o,없음,0
VAlJAE2zlLI,없음,0
Rn2fnFi6zPI,없음,0
Zu0bmAUw5Bg,없음,0
uR__95XnQJQ,없음,0
npGhq54cp2I,없음,0
F3xAtJqHCm4,정면,1
PNK9mGJ7v0c,없음,0
1wSMcqGmlGg,측면,2
yr8UTrg1yuA,측면,1
PcNZAuEOsoE,없음,0
hSj05mPMMUc,없음,0
gryx9xHlSrc,없음,0
4mA0SLh-TGs,없음,0
9XyvTzhGhEc,없음,0
gM_UDjgsmn8,없음,0
RwpjKJ2zyCw,없음,0
yhdzimov2aI,없음,0
ZYkhfhdRwCo,없음,0
2ob0_tXZd4g,없음,0
F3HT6386qDQ,없음,0
eHlwAcJ3i8c,없음,0
VjzKGcFXiI8,없음,0
QL59b0uw1b8,없음,0
E8O4V_4sHFs,없음,0
cQYW5UMD430,측면,1
9NsZHCAXqFE,측면,1
PsRoOtspfn8,없음,0
HhPApAS4FkU,측면,1
e6WpP5lZM-A,없음,0
1e9W-N1HSt4,측면,1
ExgIqrs_P1s,측면,1
0rrzBrJavtc,측면,1
tF1Ta_TpEuo,측면,1
4uZPbvfZJUw,없음,0
lztEBa8KuZ8,정면,1
mj_5jNPnqow,없음,0
tfG_aemvb9I,없음,0
TAGinlIWEsw,없음,0
R-K9bC2OQp4,없음,0
qCkOzYVIKqI,없음,0
1GNaszWOjz0,없음,0
s8LThuiJIsE,측면,1
z64XYDd4uiQ,없음,0
EpuR1FQKvuc,측면,1
l5H_6rvyzWg,없음,0
q6yY8YEk1Yk,없음,0
39eBXkW2PAI,없음,0
vG69U_dN208,없음,0
9dypba5OfIg,없음,0
9voPLYr07to,없음,0
UcEFrpAU67Q,측면,1
rdWsWvQOwwc,없음,0
tVHxmaMkLrQ,없음,0
4JcUtGVcbF0,없음,0
yQWBh0D79ig,없음,0
N8-GyF9AqLU,없음,0
DWGYaZBY2LQ,없음,0
HrR1gAe5mZk,없음,0
7qBynotWaOE,없음,0
omBoqJP9oz8,없음,0
ZBMCmNsqBJU,없음,0
aWoIX6HxPiI,없음,0
W2f9CFs0G1E,없음,0
saf08szlpos,없음,0
9iM3DPfRjt0,없음,0
GXrfOz9ZJjY,없음,0
EnpNYB6dsEo,정면,2
kf7hhRvGphU,없음,0
RRTp-V7NZzM,없음,0
jRepMLldCok,없음,0
fh6YLpQ2vvo,없음,0
exr6UMy2rxM,정면,1
fp0ZToX41Zk,없음,0
k7ayFC2hnOQ,정면,1
uSX6zMbM1XM,없음,0
Xo4bchD0nfI,없음,0
VbPCRh9TTj0,없음,0
30nVpEbxJFc,없음,0
LqEKTPt3WVo,없음,0
AyG7EZWM0q4,없음,0
74mUbbCsa6w,없음,0
zim3CuoCUcc,없음,0
PWyUQejvlKg,없음,0
WdWN6cKfegc,없음,0
68nwmm3mX7s,없음,0
E-qXbtYjoIQ,정면,2
xJQh6psuI68,측면,1
Ycfyr7uV6DA,없음,0
34OYb1blsi8,없음,0
tDVQTJBt3-E,없음,0
w0np8b7i1p0,정면,1
1lBFubSXnRI,없음,0
QI6s8FhTY9U,정면,1
yb-Vm0CeKyY,측면,1
xqSA3g6rDRQ,없음,0
tEoBYyk4QC0,없음,0
WyWaCPuUG70,없음,0
RMipk7JPNvM,없음,0
NEkbqcaw1b8,없음,0
XjbAjXqEH7Q,없음,0
Gnp0qkvc2Rk,없음,0
3nMf14rLTy8,없음,0
faXVhCMudLQ,없음,0
MeLeu5YbMME,측면,1
rBxMfNpmLVw,없음,0
qHP7kQZh5Hc,없음,0
_FEofsaKslw,없음,0
qhMk6Q9l0PE,없음,0
zYbh50y-mEE,없음,0
Om2aWcZbx5Y,없음,0
7lBpvjRdt8E,없음,0
dM79jex_5aY,없음,0
NTcLLZJkEeQ,측면,1
E9cQgWiO5EY,없음,0
DGIzRsa_pAw,없음,0
AexlkotOgjs,없음,0
A8ufdV00Cqg,없음,0
Fy8dr3IZFog,측면,1
dyAmrProy7Q,없음,0
kgAMnk_UVPg,측면,1
FwwTQyOdPqo,없음,0
yY1XPotPlrs,없음,0
1LudiyevztE,측면,1
BIT2qGHapBM,정면,1
dxUUc3_dX8E,정면,1
0QzEzeA34B0,측면,1
-Ze4_bYiEFc,측면,1
7LIQ2hYd0lQ,측면,1
wQVBrVjhsdg,측면,2
OzByQO98Qc4,측면,2
DDCvdBbjGOs,정면,2
QNre1HJXRLI,없음,0
KkCgnhgGXwQ,측면,1
ndab0B9VU2s,없음,0
TvtEYmMvBvc,없음,0
0xlDHkpi49c,없음,0
Sv138blOHM4,정면,1
lCPcbNg_7pg,없음,0
fwclTgDyxcs,측면,1
OTZ2pT_Rnlo,없음,0
1d1q_wjsJIc,없음,0
Sdpv9Qfa0MU,측면,1
pyWMb1MBGPM,없음,0
3ZLYJ9qE-Uk,없음,0
ez2MplBQXeE,없음,0
v_vYi9w0pxg,없음,0
xea7v4yh76k,없음,0
DNXtqnOSrUc,없음,0
OOJgqxJIQhs,없음,0
UUcrAKA4auI,없음,0
3HdJ6vIPXOU,없음,0
0mTjdHXfR7s,없음,0
rWQifZ5S_98,없음,0
vA3Vf0weiMk,없음,0
GUPOpOJ5NJQ,없음,0
2M4WqyMGbWI,없음,0
-zhgOWzp4oI,없음,0
x9OGEF-secM,없음,0
CMVbhotFZQg,없음,0
qcA0E7rhYyg,없음,0
LLRDOSLA3BY,없음,0
B0syBaS8mcY,없음,0
hipPojCkB9k,없음,0
SgDgzA-tDhU,없음,0
NT8SxlfISdc,없음,0
SDDJ0RhNhio,없음,0
gPriEIuEhIk,없음,0
k4VBx2Bz2RI,없음,0
IUtChMMxjKA,없음,0
3PEzSphRJ1k,없음,0
OE5Fu4GrDLA,없음,0
dGoehL0Xo8k,없음,0
JmTib0VvF3o,없음,0
SYxGZMKA7AU,없음,0
LdbdWtUb_qM,없음,0
qLel6ZTE2P4,없음,0
QqEs_T6KbeM,없음,0
o9BIyGMh5lY,없음,0
umXkbIDG_2k,없음,0
mxsflVZ68vY,없음,0
Vr57T1oJCSI,없음,0
XlxHWLRBiqQ,정면,1
3XjFa6TU75s,측면,1
hv5_QMra8cA,없음,0
bvG0WpA7SLU,없음,0
p5B_xs8mMxI,정면,1
NAP_wB3_z7I,없음,0
Oclf9PHOhjA,없음,0
4USKiTcNuSU,정면,1
JDx5R-YvOgg,측면,2
V-aOoR7fx3E,정면,1
INJIetoeWOU,측면,1
1Fv_fSni3uU,없음,0
77omcVt59NE,측면,2
s_0Ct0wUocA,없음,0
SKtc732MhMM,없음,0
ArHTv6lzmhc,없음,0
5D6XqokMo_U,없음,0
1wvcA-Wd_iA,없음,0
mtidEGXDaE8,없음,0
DwJ8qQZbqlQ,없음,0
KAmoTulyngg,없음,0
C5saqbDvUFo,없음,0
5iVK6z9Rrp8,없음,0
Yzraugq7AAg,없음,0
V3wrt2DzftQ,없음,0
kovJx95Yz3Y,없음,0
ZmXDM8rJG-g,없음,0
vlqDUiPRIog,없음,0
GmjH7KowewA,없음,0
OME-jwfhiVY,없음,0
0pJ6RsiA_OQ,없음,0
cPWLwO-c2fs,없음,0
dDrNe45WXYY,없음,0
suAHFh9ofyY,없음,0
WIAEySrtd2g,없음,0
2pKjAlYXbPY,없음,0
0FaXESC90pU,없음,0
aswBAhQ2gXo,없음,0
Tx30JSP6AVA,없음,0
cIqXpmPEnEs,없음,0
6I-9onbPW1Y,없음,0
05EOtP9M5fo,없음,0
pNA6zWYmaV0,없음,0
YM88JhwOGeY,없음,0
_6hyedo5Nys,없음,0
0CR3M5FrLlg,없음,0
oeRi70YJYOI,없음,0
ItlGvGQEu6I,없음,0
rsZplv72tQo,없음,0
koK9kIVP9lI,없음,0
nhWkAi6fGAE,없음,0
SEmQNc2aTyQ,없음,0
-DFOWUYVTiA,없음,0
xumWHqoQInI,없음,0
V-_o4spdXoA,없음,0
igVykD0JFIs,없음,0
O252ifbFpCg,없음,0
a2kQXIwEi_g,없음,0
_yrl6EWJQYk,없음,0
CwwiAerfxmk,없음,0
PJEkfoL9SZY,측면,1
46fiaYQetbU,없음,0
IYJu6gsBjvY,없음,0
PXrGi-h9mQU,없음,0
c2H5nGXn5FU,없음,0
U-3tweKBY5c,없음,0
BGIsba2BUg4,측면,1
5x7dMFL9MM4,없음,0
mSsDGiASGqw,측면,1
2UXqB_lmJa0,없음,0
5gIDiCxdSfA,없음,0
sV9rkwZshWw,측면,2
IxLwviR3qfI,없음,0
LtK33Z8xn-Y,측면,1
guoQBx6DV04,측면,4
SOJjSKz83uQ,측면,5
cEHsgnx9rkw,정면,5
vx0rlLrDYc8,정면,2
jyed6s9IGGs,측면,5
yZGpmQGSvAY,측면,3
RK1Md1sbf5I,없음,0
PytfMEpn-v0,없음,0
A25O34HGHRg,정면,2
0hb_qTtPFo8,정면,2
A3fxNjc4BBU,측면,2
Ggoccww3DtY,없음,0
TKd9Bxp8bjk,정면,4
GQfKfuEwyto,측면,1
Ngq7d3We3Xs,정면,1
YdLZfEFlf1A,측면,1
WD9Fe9imdz0,정면,2
Z0Indhkby4U,없음,0
o2MV0FCLuuQ,없음,0
VhtmBFQmej8,정면,2
GaYiwPJ0e0A,측면,1
SFeR0fX4udw,정면,1
qDKRawi9zyY,없음,0
pSmxTjciFpA,측면,1
-Rx7-A0tRHY,없음,0
nLCLw3MXhwA,측면,2
P8dfCiaufZk,정면,1
VNrprrJRt6A,측면,2
54z12xlygTE,정면,1
QJwkel8dCt8,측면,1
l3D9sLWD7lE,없음,0
eBBJIcX0fLA,측면,1
JUF5Tlls_GI,측면,1
YvmRUeM6jsA,정면,2
QKGKgOFS57o,정면,2
5aXJmBbAoPQ,정면,1
L_xts1AJke8,측면,1
xdctI004f3k,없음,0
N6cQxAiHXnM,정면,1
yHLg5RBxgv4,정면,1
3KLrDoi8iK8,정면,1
HS9LNtIckpc,정면,1
sZrx_epWaqk,측면,1
k_rMLPHaK7k,없음,0
6ZwmZgJwCy0,측면,2
JYuzu1N45hs,측면,1
9_jra7f9sk4,없음,0
d3fVTjG95wc,없음,0
Ykc_xMeYnu8,없음,0
4JNvoVk2CCk,없음,0
hUgDcjX0Z1I,정면,1
1JGJSP7MIoo,측면,1
6Vlj5y86cUE,없음,0
IgaPHmb5CHQ,없음,0
RFz3-tg-09M,없음,0
o4WGMCZVgjs,없음,0
TrHNLN2O5ww,측면,1
wq2XMJ0Yd1M,없음,0
EMuvyF3rje8,측면,2
63T8sdyd5JM,없음,0
c7Fb8GsFJVc,없음,0
rYaobD4Bgd8,측면,1
BiLUVB1rXz0,정면,1
2CuBZzBIC3A,정면,1
9FKUEFQPpis,정면,1
YEBuUDUeSOU,정면,1
YIPsJiVhhtg,없음,0
pE7N_gT6Oi4,정면,1
18CxFkz3I7A,정면,1
Fs9R5heBVnA,없음,0
0SvodBBpdMA,없음,0
NabBOFhem_c,없음,0
Ro_zUjWelgA,측면,1
MPJswtKgB6s,정면,1
Oh4YTBz13sc,없음,0
ERgxSEfeAM8,측면,1
cRE_qQxZ8vQ,없음,0
ZlTyHrFNCiI,정면,1
LQMjopN4rO8,정면,1
Ij2NFuaQICw,측면,1
T7ZT65Un9kU,정면,1
Pm97K0V7O2Q,측면,1
eopo0b2b0P4,없음,0
OEOfwNIOrpw,측면,1
btgfIGDMtoI,측면,3
gVSTvZDiswE,없음,0
GNTEUoPJrQo,측면,1
DEG4ooXNnc0,측면,1
SeQAyCYsNrU,정면,1
P85UwZrivRc,측면,1
hbNdExbziKk,측면,2
akAJFdJYt-k,정면,2
CK3LQrkw5q0,없음,0
VBw3sIMaFIo,정면,1
-QPZ4BCD2PA,없음,0
cGjP8nvra0E,없음,0
kNXx09Dpjt4,측면,1
rBxdsO70uLo,없음,0
cbyN00YOGdA,측면,1
Ij05fPBR2Xg,없음,0
GcLqLxzpJv8,없음,0
L4QC3XZB0lA,없음,0
DXdLgZObf1s,없음,0
JmXVJS47SWc,정면,1
uH-pUqU_-E0,없음,0
zP57S0bXH9A,정면,1
dtGcouA-W44,없음,0
Df88Zc4eZms,없음,0
HULd8GOl6yQ,정면,1
2ccWDxPyNRQ,없음,0
L4CUoN84t9A,측면,2
Z0sk1ie5KP0,정면,4
qj69Bl_qvSY,없음,0
QQOxH80t0o8,정면,1
pX7pQbVgp90,측면,2
En8i2Hb4H5Y,없음,0
VlZB97M2Bg0,없음,0
MU2DGylxKOk,없음,0
VF5NEr8mLS8,없음,0
PCrg6iDGY38,없음,0
edH0rD5Pjdc,없음,0
ePwUxnFhXrg,없음,0
lXfdTvlyfkI,측면,1
VkbRIRhpWGI,정면,2
hPcBZqVT61Y,없음,0
j39r67s1zXc,측면,1
5V8Ly4_02mc,정면,1
WyCDdVhjR-Q,정면,1
hIywGdBuI4k,없음,0
Mfx-nAYAD74,없음,0
l5oKi5Yp6VE,없음,0
9-SSV0ICkrI,없음,0
X06Y4iS0waE,정면,2
liRa-bmPI4E,측면,1
Rje0SpONSKM,없음,0
LeK8S-CoQr4,없음,0
JMWnqMwEWa0,없음,0
1BhpXjuZY5A,정면,2
-haeZy72oXM,없음,0
mppIbVwPVzU,없음,0
NOnuIp32ulE,없음,0
AHsYMf58GJU,측면,2
HXsb034qKQ4,측면,2
na35SfboHOg,없음,0
KqkcQgG3svU,없음,0
yW0tjvWXxoQ,없음,0
rAtVzobdlSE,없음,0
1tjG4qfnOSg,없음,0
fk4zwTmNVJA,정면,1
uIZPXz7jX2g,없음,0
5-nHGP_f6F0,없음,0
rWCrwmBMT2s,없음,0
yLPt0GA4Pws,없음,0
YUYv8yflu6A,없음,0
zOnMer_vc5g,없음,0
thZCD1UKsHE,없음,0
0M-X3jyqZ-c,없음,0
rXjiix28pzs,없음,0
hg2g0Tog9cc,없음,0
UIc5Yvw9BoE,없음,0
qIVehc7oihI,측면,1
TE553yck18U,정면,2
OFFPsphBXyc,없음,0
WoYYfRkH15g,없음,0
mCLEp7PC77A,측면,3
_VqyS23yEwI,측면,2
FCsji6t00_k,없음,0
0yrkW-5R9Ok,없음,0
F9p21Z_iQ1E,없음,0
CqWa3DGMqeA,없음,0
qe2sUUpwlI0,정면,1
waiSXnKZegw,측면,1
58wHBezDdc8,없음,0
brY1-CnkaZI,없음,0
pWXyIO7yPqQ,정면,1
sJJOTJRU3Gc,없음,0
Os-ezT0N6zc,없음,0
74TnV9LBv1M,없음,0
IHFLntRX_ZE,정면,2
o7c_aIIgqFk,없음,0
CSxrjH4aV90,정면,2
jMHu3ERvGns,없음,0
sZ5nEfnGHS4,측면,1
W9n8OyOCb4g,없음,0
aKoWDkiPQ34,측면,1
IH4QQ4Q0c8s,없음,0
RjWPlO6rC4k,없음,0
jNTbpERvluw,없음,0
wEqgUUjnMow,없음,0
vS0Vf5X7I8U,없음,0
5s7b7UaQykU,없음,0
Z2dM6NK-PX8,측면,1
4JqD4LQmPO8,측면,1
bkzq0I3L2GQ,정면,1
3yev2bFWO2Y,정면,1
4P05mTTx_eE,정면,1
W3HZU-273WM,정면,1
vvE2lIlbddU,정면,1
UT5rBdHSML0,정면,1
C5_vw0gzr28,정면,1
stbKaSidlEM,정면,1
uWifzxfSaDE,정면,1
vMmm8jCvw24,정면,1
FMdpCn_32xI,정면,1
c4mEnnuCrCM,없음,0
lq0xBL5PPF8,측면,1
IBo0LGhrDYI,없음,0
6C3io42vVXg,없음,0
-PAO6iPqIcY,측면,1
f2sigMXyi2Y,없음,0
BoGbECdvpsk,측면,1
kS-_r3ZieY8,측면,1
G84r0PfZKxw,없음,0
YMKbDk79Tvs,없음,0
_rAqu1CjriM,없음,0
uJ7ejt_s-GY,없음,0
5KS9qOiDLXo,없음,0
GYwBwgNaGls,없음,0
fi28v405bOE,없음,0
G_47JvhWkLE,정면,2
rZ8UOvoY4Gc,측면,2
ZtChH0PT_WU,측면,2
64IhQWX4w4c,측면,2
qiPQ_VWd0jA,정면,2
xEcwbN_jISA,정면,2
I2NQ-2wkNy4,측면,2
XYmJ3ideS-Y,측면,1
TsCWjh-XPzc,없음,0
LH2GOZvn6gM,없음,0
Wj8wOUxfCwA,없음,0
96siX_MzM9s,없음,0
owPcxuMYmS4,없음,0
uGZ0zS8sFwQ,없음,0
8oBzfgq_2JA,없음,0
TN5hgLF76So,없음,0
ORZUnSlMq1I,측면,1
8D1EvWE7I0Y,없음,0
sqltJcyeJxA,없음,0
FUM7vbtrvec,없음,0
IdxAZ3CQH6k,없음,0
3HBFWs9vfXo,없음,0
rm8qa7FDMYU,없음,0
fsCVXE84SIQ,없음,0
EiIQ7GRb9g0,없음,0
amK5OiRip0A,없음,0
KlYi-zw898I,없음,0
YKeMjR85lDg,없음,0
FxrEM8NeRSs,없음,0
Yt4EciHC0Fw,없음,0
ydXWvIjv0JA,없음,0
PSXooW7qsYk,없음,0
0tQjXlb7umo,측면,2
VmArkAVr2cA,측면,3
WJtl9PSRjO8,없음,0
W17aCC12a1Q,측면,2
AQlN5IFiGbM,측면,1
bpXw7Gslkuk,정면,1
vdaJyjNQZnA,정면,1
OjjJMFvElVg,측면,4
rm27-4GFyjU,정면,1
N33T-BEy6mM,측면,1
Wp-sCCqhoDo,측면,1
X900FaZsPaA,없음,0
Lq1-QlpF6J0,측면,2
JsN2mfu_lRY,측면,1
fSpqPPKiuog,측면,1
i3K5fQvYMOw,정면,1
UyfpmKMzQfI,정면,1
JWV3WeR8IJI,없음,0
EJ4zVR2y48M,측면,1
S2LPXZ2qUNA,측면,1
pX231t7bc-s,측면,1
u1vmxZ_Q7yk,정면,1
SL23aL87aSM,측면,1
6g4fACL2cac,측면,1
vBJQvQBTveI,측면,2
KWY4n3Vr7iA,측면,1
S-jP0HxwFMg,측면,1
uZ8sXyUOB5Y,측면,2
f6zyy6VoKuQ,측면,2
GVq9R11nM0w,없음,0
rQzDfmSo6Ms,없음,0
S328lRsky3E,없음,0
-O9Me7uDNIY,없음,0
W6lI9rPq6t0,없음,0
pzVNsxq2uyA,없음,0
_0stf69jN0I,없음,0
XwWSTnY2KXE,없음,0
6aMZWxrQzI4,없음,0
VCC_a-19qww,없음,0
u-zANDPT_fA,정면,1
VEoFCjo9Xyk,없음,0
1m32v2TB-c4,없음,0
MIBALk5VZQo,없음,0
3glN5aoKtZk,없음,0
gsMSVM0AIko,정면,1
LTlLC1JBtBI,없음,0
P5PGvQawObk,없음,0
NBNRXDM1n8g,없음,0
Ujy9BYJVRMU,없음,0
G-rvl6u8s1Q,없음,0
zu0Cf1BKVl8,없음,0
tRvRokWvuaU,없음,0
I2VteqNGUqE,없음,0
E88hk-wnTfo,없음,0
ukjahvXGFo4,측면,1
WLvgGFFbIwU,없음,0
GHWdS3ROO3s,측면,1
3Lnh7VqMLaQ,없음,0
bTNP4Qz3Yhk,없음,0
SvaWGNPGwsA,없음,0
iz432e4ss0I,정면,1
LBlDCK9r9cY,없음,0
s2Ayl-KrZZg,없음,0
thB-ymw998U,없음,0
dLUd9EmNq1Y,없음,0
2j8vR2BrzS4,없음,0
jvguB805AxM,없음,0
Y0YdonmybUU,없음,0
GBeGVR4sKmc,없음,0
fudCUbdkQmg,정면,1
RpcAQKsimFs,없음,0
j-Icw1-ghhk,없음,0
0iAwO9bwLt8,없음,0
8Ur_TfvkBVU,없음,0
ygbQU6Nx-5U,없음,0
Zc3_dUillVw,없음,0
wbTfqPjEWzA,없음,0
baavwkIXyqY,없음,0
al5Mw5zwsxc,없음,0
svLn_bZ-JEs,없음,0
ySMp2ZXyLoQ,없음,0
pRq33-4_qZE,없음,0
N-5Jrr89FjM,없음,0
Jpq5Xcc5jmw,없음,0
9smKlUPG2e0,없음,0
Vf7S54bds10,측면,1
Ilk8VNMa1mo,정면,1
dwOgqdgwNXI,정면,1
gkcOMMn9DzA,정면,2
Ax4T3Jcy6z0,측면,1
v0tKQIGqjPk,없음,0
VlKaHiLA668,정면,1
mJiNXmTytdc,없음,0
gZpq_-9mZM0,없음,0
SMotd_naJig,없음,0
0nQV1AJr-8Y,없음,0
a2lmR-MrsT0,측면,1
w76pohQStZQ,없음,0
c7vlhUFL2yo,측면,2
7KXjFYBNiWg,없음,0
uAXg00wIYzM,없음,0
XiEmiyFIObs,측면,1
HXZD8LDfwns,정면,2
UlO3rq6Jc3E,측면,1
UlL4xdyZDrA,정면,1
Vy5TgPDUjqs,없음,0
DvcMEItkrfs,없음,0
w9eLXVCGBnU,없음,0
3sv1KX6iR-w,없음,0
J3YAsrB4mjM,없음,0
YVv9SQlz6ec,없음,0
SnsASnBAdT8,측면,1
Cu9dciCAfJQ,없음,0
X_Ju0wXcAxw,정면,1
B8PhKlsapkE,측면,1
LmRjGQvjpwM,없음,0
qjixfqJijoI,없음,0
nukfMMou5bM,정면,1
PbRLqx_ZjcI,없음,0
vUuJTSU7bdU,측면,1
LlyXMmJpqy8,측면,1
4AWPDYQkjtM,없음,0
tLbh0dhEwOk,없음,0
C5V_snEwriA,정면,1
Cnxus-7CMqM,없음,0
LKywCxnBB08,없음,0
DfMKZUosU-8,없음,0
JsqvvZAzeOU,없음,0
meQkEqWSP4w,없음,0
lwegRqy35BY,없음,0
c-znHIQrSdY,없음,0
_gImTR69YAo,없음,0
oLgiFW0K7tI,없음,0
I5zTSoomBBU,없음,0
kk3-1bs-ZqA,없음,0
r3RtC81-lAA,없음,0
mKBtDLQ4rso,없음,0
dFHRP7dTk8A,측면,1
ADzeLg6XR0c,없음,0
I9HxgSaHJt4,없음,0
aLwzbBGPOA0,없음,0
MpnAEl2cdFI,측면,1
IQkEWmO0VEQ,측면,1
iJvrxt0nwSE,정면,1
1a-vQDDQT4I,없음,0
1wqRjI2_8J0,없음,0
G1M7DBmwzHo,없음,0
QZvA5u_XHDk,없음,0
GrXNLzJcpG8,없음,0
wGh6X5uxedk,없음,0
OQT8ONVC0YA,없음,0
Y2Mzmvwm1RA,없음,0
FQRBCc58J88,없음,0
fo_ZWUNXoWc,없음,0
D1jK21a2jGE,없음,0
Qb7PV4_BhkY,측면,1
UbjYgG_MgZI,정면,1
LXelgnZmB1Y,없음,0
3jx-4RrpEFY,정면,2
UzEjVR7l-G4,측면,1
_ZmzsW01YCU,측면,1
JUUbiH689rc,없음,0
nKU31daLc3Q,없음,0
mVtQUUFuIW4,없음,0
AsJm_2Puxto,정면,1
XWoIolGIJKE,없음,0
lYJtb3EjAGQ,없음,0
jiJwnXCbtfQ,정면,1
EJbMa-QdrEU,측면,1
_3K2F5HcmsQ,측면,1
7ZrEap-uvLA,없음,0
r8i07gWRodQ,없음,0
MPf3V9RzqaY,없음,0
xDUO1YAoFgk,없음,0
l044pmDu-RA,없음,0
WU0udw-u-UI,없음,0
lG7T8Gigxuw,없음,0
6kDdMSJ5hhY,없음,0
jZ233sosldY,없음,0
bhvR4wFbytw,없음,0
XwJH3azj1P8,없음,0
UaPEGh8xm_Y,없음,0
q81Kwp1vVVk,없음,0
BnU6mB2p6aA,없음,0
p33NRFbJdwE,정면,1
9kMSWDMEJlI,정면,4
Z6lF1v-UpAs,정면,1
MHko5TJakoE,정면,3
gAymhNw80CY,정면,3
uzseqMYo_OE,없음,0
T_xnIKGCwNE,없음,0
2GEuEYuDK78,정면,4
w2XtcMyvn9g,정면,4
YaqCxjQp6QM,없음,0
HI63C24AONY,없음,0
WxS2YhO1wZ8,없음,0
QEAqHQALsL4,없음,0
F9ZnufTgd60,없음,0
Da1Wqa6vBUI,정면,1
B-QpgBvvIz4,정면,1
iPWgj2Ooowc,없음,0
QQ00noXOVnY,측면,2
SkoOicYxgjs,정면,2
ULVLuI8oJ6c,없음,0
um8f0uZ_7tQ,측면,2
j9E00CZPKvo,측면,1
R54QUKW6Trw,없음,0
hAS6F1J5VE8,없음,0
mvVlheXwjso,정면,1
zw0oLx0Wl5U,없음,0
ysNYSIv-vL0,없음,0
Rn1Aq5mhOxw,없음,0
Ct4RuMz4_PE,없음,0
4968-kz-eR8,없음,0
lT8mXvZKjHc,없음,0
J7RjpGIG5j8,없음,0
uw5CxsNTQbM,없음,0
5WygQJB9T-g,없음,0
nDYhogT2cvk,없음,0
hOKa7zFz9TQ,없음,0
xW6gSlQrdqo,없음,0
QFfqqbS2bac,없음,0
r74mLPk9Alk,측면,1
43r40uaw_z8,측면,1
6ZDilnDOWf0,없음,0
RmSQQeViXOQ,없음,0
BrBgNvPBRA4,정면,1
48V9iKEIxpA,측면,1
iE7aLLnngx4,측면,1
eIqqa4tOhP0,측면,1
BibjJP9gcxQ,없음,0
r-DAw-gde8c,없음,0
VbsM9LyfMYU,없음,0
gGDNEGyLvGs,정면,1
HzYPWYpjFPw,정면,1
6-q0wIBIMOE,없음,0
EqzNHgNhQ3E,없음,0
seB6BO_C6UY,없음,0
ZKAZW-vpBG0,없음,0
oaxf25rs2tk,없음,0
JtUQKsqmWpg,없음,0
D8QRh-k9SnQ,없음,0
xX_MJGZui-g,측면,1
VjguPOXdQpE,없음,0
g9DTyTDgkKI,없음,0
cJeagcGKx5k,없음,0
k1UXI3oughE,정면,2
H_M6y9yI3Ng,측면,1
sH2spSs-Dwk,정면,1
By0wqL3EQvU,정면,1
GDvLYgxNmn8,측면,1
20z22EzFhGQ,측면,1
QvYU6Rh1Gv0,측면,2
_tFA2bKG644,정면,1
WERS8qVHt_k,정면,1
R6d7xrdZuAw,없음,0
uIBOQ12MsTA,측면,1
wXCViGUqR1A,측면,1
QagtBoFJiFQ,정면,1
mT_u3f47W7c,측면,1
sFsXiC3Wixw,측면,1
KltwnNEH48o,정면,1
KEgsChGaNlE,없음,0
49O9T5uuT6Y,없음,0
F8rdTlFGKPQ,측면,1
EWeA15aow1M,없음,0
9ZBWcXbQ1To,측면,1
dZimCzYEKuM,정면,1
KEbNfRjMNjg,정면,1
8vNJBcJJ4vU,정면,1
-Lo2ggPAiMc,정면,1
UriLknBngBo,정면,1
i0dIFPKubMA,없음,0
gE6AjHXnkZE,정면,1
mu9rMo68kXA,정면,1
QbyntnWGhmU,정면,1
Q0ey_YE7MNs,정면,1
cVbsedZchwQ,정면,1
9noElnkUZfw,정면,1
sE8n5mpVUlA,정면,1
XzyeQbJRvOA,정면,1
PV11BWbe_CQ,없음,0
_aykr0iaFoA,측면,2
cDM5i8CeES8,정면,1
pwkzxNjzlSY,정면,2
ah2YGO8rhvo,없음,0
42NpgLgzbPw,없음,0
6B0Ton-W5y4,측면,2
ksvLgV1e8Pk,측면,2
NPwkaZf8e_U,정면,3
w7oI_vrfsPw,정면,2
ltbTV8QOnsg,없음,0
B93Yp9xqUk0,없음,0
yLZ-l53RMiI,측면,3
RhJBEgWC-2A,정면,3
dkxYhp_5HWk,측면,2
EvFKqp0RcCI,정면,1
iij4YK6tmPQ,없음,0
uyQji-sVGWo,없음,0
2v9HsC3HM8o,측면,2
pefdNLhZc9A,측면,2
lVnApUax8yE,정면,1
znLhk1-ivRY,없음,0
nQpfTI4Bhbg,없음,0
FQSM7uzchWY,없음,0
a-4l91RmF8A,없음,0
aqD9QBceGO0,없음,0
dsOgX_HpXBk,없음,0
THmggvdDyJ0,없음,0
5xxc3CZ000E,없음,0
jgMPz3umVHc,없음,0
mYvXHb5E0FA,없음,0
FvWuYyygiuo,없음,0
Vf4ZCYL4KOg,측면,1
nsX-ORop9is,측면,1
0q6b8LRHE9Y,없음,0
inpK_Lx_OTU,없음,0
w0W5ThCWfq0,없음,0
qzB8jtZERos,없음,0
sO76CrOofAI,없음,0
-5bBuCHdZVw,정면,1
ad7sRYPyyVA,없음,0
cKp0LVe8cpA,없음,0
qk9cjHPyzEU,없음,0
6x4eYRGSSKg,측면,1
XNGto_SDflM,없음,0
Iwg9lROe2v0,없음,0
ynXS4lS-EjE,없음,0
6tjSNk8swnY,측면,1
llyN5B7hz5s,없음,0
n82K9j-jcgE,정면,1
kFSW96YdviM,측면,2
zjmXmuf7LqM,측면,1
SxtW3H1nV5I,없음,0
nf0iXDqLWy0,없음,0
nYRTpDX_l6A,없음,0
PGsAiT2JriQ,없음,0
341TWIZbWCI,정면,1
h_SDOrgkrB0,없음,0
YRONknXFvfY,없음,0
Cg8Mu-igUM0,없음,0
G78o5oVnPa8,없음,0
46E_NvsBC64,없음,0
IKyQzvamGDk,없음,0
kRFi74M1NTY,없음,0
qlBzqcx4z4s,정면,1
hLB9xYogIqY,정면,1
SQEaWfXtQ6M,없음,0
rI_j4G-Tz3Q,없음,0
j9j7umEyUcw,없음,0
yI-91kCtt80,정면,1
OlNixk_RQoE,없음,0
GhQWUJaX0C0,없음,0
odkuuQwADPA,없음,0
nprsCSE7ejs,정면,2
rplArTua3ws,측면,1
sePvAMqhk5k,없음,0
xex49s6upjM,없음,0
IFXDx6UcXbs,없음,0
U42r3aJaaoU,없음,0
7EEEbwpq8sM,정면,1
1isCAwp9NFk,정면,1
tzRTTJcNgP8,정면,1
Puj_2mP_pBM,정면,1
gh8NSApCRJk,정면,1
b2Zkw8KeRgI,정면,1
tilxlhdabS4,정면,1
UZD6jSWYEX4,정면,1
PPkogVWdgaQ,정면,1
zjDeUcmdevc,없음,0
7E19Dn1CHsc,없음,0
wH6nZD9Mzcc,없음,0
fwSJ77wbZdQ,없음,0
a9egQcWcRsY,없음,0
ne7kqY7VK0M,없음,0
I8XellDl3wY,없음,0
KgpW2SfeNRg,없음,0
3-NbifEiGQE,측면,1
qdpRi_TIXaQ,측면,1
4WBMmSHsDag,측면,1
Q1koTI8MUuM,정면,1
GFwkUwyCEDs,측면,1
Ig-x3Aa-v-o,측면,1
R44ArKysJyU,측면,1
_P_BOj0X_Co,측면,1
MxCksCpqE_c,측면,1
KcroocCqrws,측면,1
6p-B_AL15NM,없음,0
tUttpNgtQwM,정면,1
pw3dJl1Hc50,없음,0
UxTWVi77OXQ,없음,0
B0NclMo2oCM,없음,0
BP0fPkylNrU,없음,0
clk8jSdne6Y,측면,2
gBWUFE5maeA,측면,2
PeGGvITKPv0,없음,0
8K048uZr1Xk,측면,1
VHbdRB73ZRs,없음,0
fYIcp3BSEfk,측면,1
ZaXpHIVvPds,측면,1
JT7vBDIg1eA,측면,1
iBN1mfLhlsU,없음,0
Kf82y9W7Xkc,없음,0
hMImWH9i6oI,없음,0
MNah1esN9Vo,없음,0
HCVskp0UWEU,없음,0
R2ZwsSA58Hs,없음,0
qmIy5v9tDyA,없음,0
sRvQv_Xz7C8,없음,0
mMHbYV6OcZ8,없음,0
Ko4AM2pnr-E,없음,0
Ptho1uF9KTM,없음,0
NrPNcRZoAAA,없음,0
d2CVsju31sw,없음,0
y_Nd6JutqOQ,정면,1
wwKk2c5zmH8,정면,1
bD7uiuervOI,정면,1
KqAIBZaT0VQ,측면,1
RcDEr2nO6N4,정면,1
zQjMrPaM4W8,측면,1
WwOwUA4MzFU,정면,1
9oYsjb4y32E,없음,0
kISocp_eU-Q,없음,0
nTosbmL1qRw,측면,1
GV_vUyLI8lI,정면,1
z5OI8pvp05M,없음,0
LbDD6XyqJG4,정면,1
4JQRTNfi_sw,측면,1
omMP_ExJrxo,측면,1
qa85SgeC1j8,정면,2
0rfT0Qmla1E,없음,0
26sKLtN1STE,없음,0
0GlJhVJSmkI,없음,0
obBy-fKqsB8,없음,0
_kDE0-5ydfI,없음,0
aeLa5sNI1S8,없음,0
StXRpZBrnKo,측면,1
OnUFMhwIELQ,없음,0
je83Oir4zG4,정면,1
sOoSVKax8ls,정면,1
ypwCeaCo7zQ,없음,0
5wrUQ6wPDJk,없음,0
vxNIaZVoyjo,없음,0
7_kZuwFDfOA,없음,0
pSFF3K1fRzY,없음,0
QZMTRCkpkoc,없음,0
oy7QFb_PRq4,측면,1
Mm07qsdeCf8,정면,1
okw5smHQpxA,없음,0
hREktewZNRg,측면,1
1Y_-FpIYohY,없음,0
sUR0OPFGN_Y,측면,2
sqi5Cr4uEM0,측면,1
Ab-roME1z3A,측면,1
E9yXEExRp6g,없음,0
CDvETeDrlRI,측면,1
aOYSe4xCtrk,없음,0
fA3GXmv5jX4,없음,0
DmjmeobyBkw,없음,0
w0ga8reqGEg,정면,1
0RtOi56R-04,없음,0
BWJr_pUYpe0,없음,0
C-Cl3Po63Sc,없음,0
gn4Q5aSUv6w,없음,0
CeMIMbn-lA0,없음,0
fiqd1Z7oMPQ,없음,0
5L8r-13ZKh8,없음,0
SVG3ryFQ9js,측면,1
-uMAk0-bsKo,정면,1
jq7BwCVoUx0,측면,1
NdSTSODdJ4M,측면,1
2deHhSSpDB8,측면,1
MtJVhGdS3A4,없음,0
t5LWx-JcfMI,없음,0
-6OXTnorvJk,정면,1
yzJCeAlgMyI,정면,1
VmewGFJ9po8,정면,1
if0fWDg6jUA,정면,1
ckT5tfg4x7Q,정면,1
Sf_EWasGTi4,정면,1
ejbnm56SaJc,정면,1
m-2DqwNFtPM,정면,1
TEmaDgEQLpE,정면,1
HcGPk4ltxLA,정면,1
IkixXMZQ_08,측면,1
8EhoGniGifA,없음,0
-KW5K6HDeQM,없음,0
nlrtfLWrH0w,없음,0
jXfF2P4nLd8,없음,0
CDDgKJJWpBo,정면,1
_JP3mGTM6sU,정면,1
yYjuGJJrrLM,없음,0
2kLrVOU8Mqs,없음,0
-_HjKzBMuDo,없음,0
GRVyux3dy0I,없음,0
wi5Nq-vxdCk,정면,1
a9clJ2pzd-g,측면,2
Ovt9ZR2dNsU,정면,2
9dGu30a4bxE,없음,0
x64Ka-sWIEw,측면,1
oSnbVIE8swo,없음,0
PruDq1iR_jU,없음,0
oHyAJrlXwiI,없음,0
j9LwY76yFwU,없음,0
BkTQddzrDm0,없음,0
ASxlirN2h_0,측면,2
m3IQX7LnVh0,없음,0
BbhBaDs0AAA,정면,1
IBPQvTEyr54,없음,0
zZq0DNhoLoE,없음,0
utK6qo6NuaQ,없음,0
rjnzU8gUFGY,없음,0
dMjJV0PnE3Q,없음,0
D0IyYuL1Zfo,정면,1
M4PxzR0ptDk,없음,0
jKtw2YR4ytM,정면,1
mp9RQHeBzy8,정면,1
x_szdL-aU9Q,없음,0
07wCNDm22vg,없음,0
1p_CuxD5L0o,측면,1
lQ4jkjrfIqs,없음,0
7-S92FQBlic,없음,0
UuYc3lRlaic,없음,0
gG1ESmcIMqw,없음,0
RFE3MG9qTLE,없음,0
d-O7Wv7M0ng,없음,0
c-1mv1yitCM,없음,0
Upruzo6fMAk,측면,1
59gMsphTDzM,없음,0
zNWR6s_HgqI,측면,1
36ldUy49Joo,측면,1
Oeh07n48pv4,측면,1
Li4WMgEohOA,없음,0
CzCRS9fVnk4,정면,2
ZNbpLEhN234,측면,2
0gjzyFGhipU,측면,2
kjgYZgQOMF8,없음,0
qfjQg9hX5J0,정면,2
CVaCLINtPRg,측면,3
Q8Y4HeHPjSo,정면,3
KdrlslOHa2U,측면,1
B4GX-OpuLMw,없음,0
EgkYO_RmKqU,없음,0
nGxRu-fVBtw,없음,0
KWLX1vyZsh0,없음,0
oUGncTpFcTU,측면,1
kj-S489Vj-M,없음,0
iwXTLMq0vgc,없음,0
-qSzb5-3XqA,없음,0
MuttVOdhlkY,없음,0
A4H89MYOeEU,없음,0
xlsFOi1J7Mg,없음,0
3VGR_Yjzwsk,없음,0
hzwX2OmfzSY,없음,0
Y9zom_1W6xU,없음,0
O1eX4s2Iw70,없음,0
msbWoC4Dxo4,없음,0
32U85EKaZZs,없음,0
0d5kPv_I9f0,없음,0
L-QV_rwG9ps,측면,1
uda8KV11qXE,없음,0
sujG45HDHPA,없음,0
0zWFbr4eT3E,없음,0
qe7ij4BUBI0,정면,1
xHC-ZEV7aqs,없음,0
v-bH3sqrD1A,없음,0
BCjT9YW9RjA,정면,1
CrERm1XZPiE,없음,0
YNcuSHY70K4,없음,0
2L3zRC1nfjQ,측면,1
E_9nn06FkN8,없음,0
9YuV9vwYp4w,없음,0
qXGaiqgFKS4,없음,0
gVm4j2RkFkg,정면,1
dmu0DnP9Fa4,없음,0
gxYyQSBZJAg,없음,0
cXSs_AeERog,측면,1
19BTBHahhCU,측면,1
WnMLIbYXNN4,없음,0
LhasXbY0IfY,측면,1
VxuT7hWWBng,측면,1
LZLXwRBb0wk,정면,1
4GAt0cE4nO0,정면,2
TBRmi3FGFRA,측면,1
gvpWXv5KW48,없음,0
f_cSroHtRNo,측면,1
CHZjZdw0ZUQ,측면,1
mX_vIVyQKug,정면,1
nFoiYqe0XMY,측면,1
NLeETPXTbTM,측면,1
IF67AaZLzmM,측면,1
JEdi_-YE6jc,측면,1
WfoHMRh56U8,측면,1
RS_axMJ0I1Q,측면,1
CmyJ4vIHOes,측면,1
rYMindQgP18,없음,0
loQxbgYwq1c,측면,2
dJ9puH8-3Mg,측면,1
Mko6-zZTDr0,없음,0
oTx8oXPNo5I,측면,1
Jhzqcx1hBEo,없음,0
rF3qBNtSi6Y,측면,1
yVXy5DwpTTM,없음,0
zCJUXypNXO8,없음,0
1157jJqYXfg,없음,0
Gzk0GuytKAo,없음,0
qRnLhefnnTs,없음,0
zGHJZpzJwzc,없음,0
HSujmnIpfAA,없음,0
WdIHng-vZcI,정면,2
8k7YD4Jswxg,측면,1
jMBxCr9nXS8,측면,2
PNwnZCxLvMc,없음,0
l_mTgQQ8NXI,측면,1
gE1vz_uYIAc,없음,0
7EAX3qaCtVw,정면,1
lR_xUMHpIOk,정면,2
SRGoVRmirhU,측면,2
KPIOPN4tnMI,측면,1
AusLRUVAizc,없음,0
COeO2TmubBI,없음,0
vW5K3nS_z6k,없음,0
34FIB_dHHyM,없음,0
m8XkX_WCj1s,없음,0
iYBtKaSE1YQ,없음,0
9xHJrHywpFQ,없음,0
CJ_qxPbhufw,없음,0
gCjm37Lz_Kc,없음,0
2tQPk2bbFP8,측면,2
sXHlLJ3kHnM,없음,0
9ypvx02DBHM,측면,1
ElMqQ6UkBbE,측면,1
6_n31a1pECo,정면,2
-5MNaJAGVdk,없음,0
AMqU0bOQaB8,없음,0
JXkKJ_hZYKo,측면,2
8WdhLohW_xs,측면,1
OeWTRBJt2HE,측면,1
o5UMysi6XOE,정면,2
Evwi5-77klQ,없음,0
c2D2QSeQ8Hw,없음,0
u7JXG_a7-QM,없음,0
ELhP5ocPH3Y,없음,0
AT8qlebOUTc,측면,1
WRI1PUnhY9s,없음,0
Pz-aP7CHNs0,없음,0
pwPwH0O5pD8,없음,0
dx0joW__UKE,없음,0
KotY3ESM5y8,없음,0
cozQyw9iyLQ,없음,0
f0bpRtAeh6w,없음,0
CDYTZb1yIls,없음,0
pjfVFjvKsdc,없음,0
gVk-0YQyApY,없음,0
MVkD3e3mkLg,없음,0
lP8kLaal6_o,없음,0
4Ly1UobAJzE,정면,3
NGTNhz9pLzk,측면,2
ntD6iMorHac,없음,0
6APgx5AfhuM,정면,2
1wQFrcI-7SE,없음,0
sz7F-B1iUpE,없음,0
EFkQfn70F-U,없음,0
5rU7xlDHhcc,없음,0
JZD7_9OqQVU,없음,0
GvaHPDGKTYw,없음,0
t9iNn_2aup8,없음,0
i_Jy0QVhhv8,없음,0
uRbmtzipRlc,정면,1
8RKWhl-DOJg,없음,0
4SGorcxEjVE,없음,0
awUVpiYOlcE,없음,0
d6OHoJ-yZ0c,없음,0
eLxe9CwUAUM,없음,0
8rGSqGjnKCQ,측면,1
StdVp8T8NUg,측면,1
w1QRK8tqmqo,측면,1
o_ZAwVSt6is,측면,1
JhdLgWJHu6s,측면,1
UoocDBTad5s,측면,1
6ZhnPuBhRgM,측면,1
9fS0oSMtYdo,측면,1
MA7VmsgvMbA,없음,0
5YaQvP5XFAA,없음,0
Awk6R5wQt5Y,없음,0
A9BPhBIpa44,없음,0
IxAxEhYBOQA,측면,1
R5ryjgQaaOg,없음,0
bmauQd7YrQ8,없음,0
iLNRpkMEpzQ,없음,0
qOwEO8A7GYM,없음,0
DIKx0v7qsrE,없음,0
1a67gW8rueo,없음,0
g94CpdUr1FI,없음,0
ogwME4Jwrx4,정면,1
E3_mLA5q-44,없음,0
aflgAux_PzU,없음,0
QuAcK7YJBrY,정면,1
bhzkT2RbCQM,없음,0
dWurwvbXF_E,없음,0
BSpJ_P4fKIc,없음,0
BWhdPodmkfg,없음,0
m7XwejjBhP4,없음,0
0aE17yUrfX0,정면,1
6-7IG6TBJBI,측면,3
eIYvFW9TJJk,없음,0
HB4ZjMVSV2o,측면,1
6_7Z_EMC-8I,없음,0
LweZeHK5ffc,없음,0
URoEVpkYBM8,없음,0
MCLOfzDVodM,없음,0
NDDZ06tWIBI,없음,0
lxiALIidWuM,없음,0
mz2nfn5Q92s,없음,0
u2-BpPS-aPw,없음,0
ps2hyBx_JLA,없음,0
rqegOb_EhjY,없음,0
oXLDv7nAEgg,없음,0
_jPgEZOpr4Y,없음,0
aAreaSwKc-c,없음,0
Qctde4kPhmI,측면,1
sIhzHmcO0Vo,측면,1
HSq4pSSap0o,측면,1
KMN10Okq_vA,없음,0
26jtVD_o8oI,없음,0
nHgyhpErpug,없음,0
rtzUWJswEME,측면,1
R6v0vn7eosc,없음,0
3gI9wV3PcRc,없음,0
jYWdJrfQAx8,없음,0
QWpWqTBY1qM,측면,1
5jt7RZUOQjg,없음,0
PCHR8RQJri8,측면,1
eq9s4HU0dy4,없음,0
3iuiHAw1TZM,없음,0
Mj6fJHB8dQA,없음,0
iM1n4Hcwnp0,없음,0
mKV_ccnazMU,없음,0
Oz9-v2i9xNY,없음,0
fElGatnu1-s,없음,0
v7_-poPb2Co,없음,0
8OgHGK0QwJ0,없음,0
RDP4LOqwNyw,없음,0
ZE3g0Y--xNk,없음,0
xhda4Q-tXNs,없음,0
l94dQw6X2P8,없음,0
fk2R1-7_UvA,없음,0
_tbRtgc7eKg,없음,0
DC7JUNOyrAk,없음,0
NC70t09pBZQ,없음,0
7oR4HbfWbaY,측면,2
Q8yqlUHkwmI,없음,0
9Ei4YxDjfKs,없음,0
qwsUzOecftw,없음,0
I1yAGFmjfPQ,없음,0
y1biBLKfZI0,없음,0
s7ttMdOG-aU,없음,0
F1o7vjG-U20,없음,0
43sO1VBt3pM,없음,0
d8vpK56yHHI,정면,1
EgNSHTgzn-o,측면,1
Ye31o4ZdIxE,없음,0
ncRJ2k_Q-e4,없음,0
Mh6DbgnTjbE,없음,0
QtxspldUjZQ,측면,1
RM-S7aFJORI,없음,0
7JL7G6dzpYQ,없음,0
RUf7W6fVB2Y,없음,0
SAO15yYdRFg,없음,0
RF6_ZPUVVFs,없음,0
2u69VsTNG8o,측면,1
ZhIKLzxzgmw,측면,1
urPF2LwGgSQ,측면,1
I1jjIhrnouY,측면,1
Eog0xtoH_-c,없음,0
EVVpITeNpp0,측면,1
a2xt5kCAmHk,없음,0
DdaBmbRP2Pk,없음,0
1yQxT2xxlFw,없음,0
zcD4ELaI9XI,정면,1
ehs2A3QIULU,정면,1
QlMYK845mIg,정면,1
lz9_6T0K9X0,없음,0
4VNLkZuumaE,없음,0
NWV7Kx4XYQE,없음,0
485v5rHRS7w,없음,0
VMt9EsqMwhE,없음,0
NBlUuD5H6tk,측면,1
zLQXyKjQLoM,없음,0
-EbXNmJxQjw,없음,0
yepRhBQykBU,없음,0
qhEUsSdx8oA,정면,1
NopUItF6fSw,없음,0
BiY6PF-egik,없음,0
Tv1wB3S_pHU,측면,2
9gGJpa4YlD4,정면,2
aVzIJklYrQc,측면,2
PFcdNtbpP4E,정면,2
EIHjAduvSgg,정면,3
AYa4kiVWlgE,정면,2
4I9O4V_Xf6w,측면,4
oYjgb6X0yQU,정면,2
zpI2bfjTQps,측면,2
8IFLNUHGaHI,측면,1
fr-tR8QwKKs,없음,0
EbSNWQyPMGc,측면,1
OWUuX0K7iFc,정면,1
LGW4P_RjQUc,정면,1
MjPKbBtiXaU,측면,1
aFzoH6VEZOM,측면,1
kYJetTM5Mgo,없음,0
FQeyQ782oo4,정면,1
IewFgIbGWM4,정면,1
Djdr9h3gRRk,없음,0
0E4lval4t70,없음,0
-hy-wan4vG4,없음,0
EhYc87lDONQ,측면,1
uny2eTyO5bI,정면,1
VTD-CEpWdpE,정면,1
LmZO3ZgZza8,없음,0
DidjbSz6n80,정면,1
-L85uy7PZWQ,없음,0
IbM4HhsjH9E,정면,1
ESDMlJPELlU,정면,1
8gJxKU4d6ls,없음,0
RNUTZYdVt-g,정면,1
AjjlaFzHZrc,없음,0
sCmqSdmDJZM,없음,0
nvlTFGSvc6o,없음,0
JV8ggH_S_io,없음,0
Uz9JXI96vps,없음,0
YgbnaDhKxAI,없음,0
gzK_F5390pc,없음,0
Rkk2MWWzUG0,없음,0
yKzln42zz4Q,측면,1
HHpvm0udBkU,없음,0
kFJ-ONDt_Do,없음,0
SzkwV3LLQq0,없음,0
3Fy0wG-XoA0,없음,0
8HiZnyNen9s,없음,0
6BjMNkCoXWU,없음,0
CrOvii1vgpE,측면,1
aggkBxQ9JsA,측면,2
GTNdKhNUrc4,측면,2
5vEWioUuDPY,없음,0
23iILZmAcnQ,없음,0
gW-_9ShdBKI,없음,0
mvZSV9d45fo,없음,0
Tk3gGr4YQvQ,없음,0
wGgWr4_ZBdo,없음,0
_Rv75eB0-jo,없음,0
MqvQA7FZRIc,없음,0
EzFDgoFjbHs,없음,0
fPkAOqy_pm8,없음,0
A8tYROh42aI,정면,3
qNhCOMEgcJM,정면,3
YWq70aStq8E,정면,1
CS9vNd8zpgU,없음,0
eT83Xd0aV-c,없음,0
ofYap0rS6rw,없음,0
twAeLY6zXeU,없음,0
PuTGfJE07Rs,없음,0
uEd42LI-ey0,없음,0
7JxX42BV5wg,없음,0
eRUDGMg4aZs,없음,0
nCMcVdRdFZg,없음,0
SV1EfWU0YUg,없음,0
CeWNOUWFmwc,정면,1
_I8Dw_5zdfY,없음,0
5N4Du0W-xqU,없음,0
_GHc2jP2uW4,없음,0
JTyFPWNqNhc,없음,0
EasuQ0Oh8EI,없음,0
zmRCQBIjTLU,없음,0
jIXjHy7qD5s,없음,0
RsrfYwbg7XM,없음,0
vGEErxRMNvo,없음,0
uc7N4vF-_wU,없음,0
xRFaDX7KYl4,없음,0
uG-Lp1HSOE8,없음,0
LJJcU2YVbd8,없음,0
NlXJnQHR1h4,정면,1
OwplQUTED9Y,측면,1
lvXM7U_KxIc,없음,0
p4zYqwmXBXY,없음,0
cuTRsDWYAqA,없음,0
WLFmfP48hZc,없음,0
YYFgiqT0ljg,없음,0
SuNtRD0N4Ow,없음,0
AaLkFrfjOOQ,없음,0
YvvUZUjQWsg,없음,0
_bRm9OWQ1rk,측면,2
uG-bLumxZOE,없음,0
ZzZldXJtL68,없음,0
XFDMqpQ5IF8,정면,1
GkVj1b0wb3M,없음,0
o_yS-adfydY,없음,0
3Y0Zd1I_WJg,없음,0
gJoUrdYMuJI,정면,1
e7qQeKg7Ejc,측면,1
DfTMUOCXYJc,정면,2
WvRZ1nrTEkQ,측면,1
6iPuPgOBFnU,측면,1
0F4t5oXUocA,정면,2
xHMdGGCQoA4,측면,1
fMKuRZMyeN4,없음,0
yn4aMWcUtmk,없음,0
3yJUfwTMBxI,없음,0
tTX4OCo_jJ0,정면,1
ktIMTX8LWSI,정면,2
LRPajtosxGU,정면,2
da63vbVQdJw,측면,2
3_aq8-FH3xk,없음,0
xD8_UOScOIc,없음,0
odbdm5RnH8Y,없음,0
7QqGmf7JUPM,없음,0
upaEZdsyUjA,정면,3
D1zWRhOzcaA,측면,1
g1G0Xokzg7k,정면,1
dgMPcmp0fgg,정면,1
bLKvlsbiuBM,측면,2
ZurommnljLM,없음,0
976hPTCaxsg,정면,1
qW8QxOKLiVI,측면,1
R1zZOIShsZY,측면,1
3PfXNUbPQq4,정면,1
uAg4F4vmS5Q,정면,2
e6KvwJVA_nw,정면,2
nUjmj7HJcXg,없음,0
suuWqUG6BoE,정면,2
wm-dCj0ZXH0,없음,0
EGLEw4SlAtA,없음,0
HIN0nSvmrPM,없음,0
QbOVj_nLZTA,없음,0
LeGxecPkf_M,정면,1
ao-cJ6P8vLQ,없음,0
wQ4-veY8OgU,정면,3
gBFfeLQtfQ8,측면,1
rF6jTkR_pOw,측면,1
HxeqSf8_Oto,정면,1
yjAp1keRxjU,정면,1
8QvbD7CYq54,정면,1
-PUqlbyKGYI,정면,1
4jIIdeJ0tyk,측면,1
L-06VgkXOt0,정면,1
UDcxIm9dtOc,측면,1
Xeo6JyAxGNs,없음,0
wEelQS_MGJ0,없음,0
yXLzuot4ghA,없음,0
IHdnCnuL-BU,없음,0
QcVB1_m2zVQ,없음,0
5GDwKxcMKMQ,없음,0
X07Jz_VpKyI,없음,0
ygqifwGjaJ0,없음,0
86UL6XN5D-A,측면,1
Ns7ydIh7Zu4,정면,2
pI4L8errrII,없음,0
jAfXjhKuOhk,없음,0
AzPV9jPItJQ,없음,0
AZtIpF2U2YA,정면,4
VozRLpCLVaA,측면,3
7WQssRRzLTI,정면,2
vNK37jO8VvI,정면,1
JctAEw4mj3Y,없음,0
O4ImvEzA5lA,없음,0
ffxkzXexIy8,없음,0
k2et6H2IagI,없음,0
UKmsPHvhKtY,없음,0
ySAjyM-gNhE,없음,0
Ghn4fv5HDss,없음,0
velkFV2ki4g,없음,0
9updvwo-e-U,없음,0
6x3L9lqA2Dk,측면,2
rzFDo782sng,정면,2
9m-7gVsmCk8,정면,2
xkqwJuzldNs,측면,3
arsg5QSMLrg,없음,0
TT5HKfxc6-w,없음,0
Xe6YRoLf58Y,없음,0
Mwm7QCiaBvM,없음,0
0FC0rMQLYU0,없음,0
Zbz54gnge2s,없음,0
LrKM1lyk8Bo,정면,1
2ZGRiKWFE1k,없음,0
Fk_wVp6LDuU,없음,0
yx-tV4k3J88,없음,0
8PdWBmudVHM,없음,0
oGZezZZC6Ag,없음,0
q9wMwPo1h0A,없음,0
TZDthnXSbr0,없음,0
K5PGvfXzUkA,없음,0
pZYwm2w50kk,없음,0
-1hYgRYBVjQ,없음,0
lx35_13YfMk,없음,0
y2kNBBdAoyM,없음,0
Ofd05F8j6RA,없음,0
wAJEXkCGMkg,없음,0
N8KhVmoaipw,없음,0
q1giviTXx5I,측면,1
dpl2Y0VbBfw,측면,1
FyM7St8M8po,정면,1
LZuJM7XToQk,측면,1
pQ2324gKVF4,측면,1
kNUcA4GwjHE,없음,0
2SahAGyp3Us,없음,0
hUM3ZtsQbPE,없음,0
3H30jOgM3Es,측면,1
7_HLtg0kzHc,측면,2
Zc4UDPpJ2hI,측면,2
CwwrwC1HJkw,측면,2
rhrZdsSVTbs,측면,2
hm-bRI2ypGY,정면,2
VYdjrymQ_9o,정면,2
6aGlg0ZHXmo,측면,2
YnUaDA8PZVs,정면,2
fQslBC__AKE,측면,1
beyHFVRhb5g,없음,0
ehGsILRg5ig,없음,0
dhamtyK_z9U,없음,0
Ht3-ZoIpmhI,측면,1
494WHeEx7cM,측면,1
mVPpqin1VDM,없음,0
jvxLb6DtwQE,정면,2
7kTVs-cH5Y4,정면,1
dld2Q2Uc0Lo,측면,1
WW4pYw3MI7g,없음,0
4P0uK4gAMUE,정면,1
M-Z5YcY7btk,측면,1
kFDXnhFbq0E,측면,1
-aKcsxclbVA,측면,1
kfN6g4ig_7I,측면,1
31yAAJV2Zvo,측면,1
byqZwjw3aVQ,측면,1
GG84Pw3Bqv4,측면,1
7C0Km8Hqxuo,측면,1
f0WolR2C7qM,없음,0
3SSW_brXjHQ,없음,0
kMH2X45N14o,측면,1
t896jzs3tS8,정면,1
wVS712NaVa8,측면,3
_cHGtZN7mfM,정면,1
Q3nGw3jDsIc,없음,0
oY6Gj3pXQN8,없음,0
OIZIt3FzLaY,측면,2
vJtU0leGrzw,없음,0
uqtXdUkSme0,측면,2
Io3SOSVqqqg,없음,0
OZLogcNrq5A,없음,0
nH0H7niEBsc,없음,0
1-IbTKRB25I,없음,0
jYLTDnXrzTA,없음,0
fkdUxJapi8Q,정면,1
j1J5Lc-usyI,없음,0
u1Oej6MLumI,없음,0
Ogqf2kepodk,없음,0
8Vw8tBr-YTQ,없음,0
VdMB5uuFEK4,없음,0
2o7vswPvyOU,없음,0
uS7PVJ2Ag0Y,없음,0
z8dRKeY_vo4,없음,0
dZwVoJ6EcAY,측면,1
chSmbTdywVk,없음,0
sp1tjJDqSuU,없음,0
4q1dSwdTpRw,없음,0
p1kd_IPRI5M,없음,0
Ea1jfUDxvHM,정면,1
wigJBPerPAA,없음,0
44S19mbzaVA,정면,1
tw6rDaAimXY,없음,0
2NfgDzUapbA,정면,1
Xh3iAFaWmrg,없음,0
qjlGIq5yy9s,측면,1
36IdooTxPB4,없음,0
4UJfn5wwZQE,측면,1
CapdqAygdAk,측면,1
wMx-_t4nKEo,측면,1
R_H6G-V6ulc,정면,1
wQwkSHKKo1A,없음,0
FYznOioaUfc,측면,1
U0W2GtIsRmI,측면,2
8VUJ56Y4qKM,정면,3
Eym1OlL0Bz4,정면,1
wkUd5P4bng8,정면,1
dewRK-bnIdo,없음,0
xgkC63Qw7Ho,없음,0
SKND93OyO0A,없음,0
iUZURG1f0yY,측면,1
dFmvlTkHb7c,없음,0
-2rOvVyILhQ,없음,0
o-WOi6ZoI7Q,없음,0
c38DKTueYtg,측면,2
OCRYjwBdJfo,없음,0
VcsBy_OwGcE,정면,1
CeNwJLU-cKg,정면,1
aIvK1TACCWI,측면,1
ArIQzqlzdAE,측면,1
-X5iyKvTYu4,측면,1
-8J0M6P9q8U,없음,0
E-44Z5mWhiI,없음,0
UrAkWlbA-nY,정면,1
cXaGj3lNof8,정면,1
Cmy0qRFdoRI,측면,1
kkr8y6BYPEk,측면,1
kza_oeTSZuk,없음,0
zwAObAr7ZNM,없음,0
fejv1X6-opI,없음,0
ilMuOSKGMFQ,없음,0
RAjCDxzjIDc,없음,0
GokilEqdujc,없음,0
bE7ZqH4DE0Y,없음,0
XaCzWpF_j2Y,측면,1
-h7O9Xr-nAU,정면,1
yac3dckuYEU,없음,0
N1oEFZS6tgA,없음,0
x7EUsVcUJYU,없음,0
M196OYKRfCc,측면,1
BAvaJi59aok,정면,1
_oFk8MEG938,정면,1
Jvrf4G2JCvk,없음,0
ECX23zjCGp8,정면,1
5yBUUd24P9A,정면,1
1chpzAPxP6o,없음,0
I5_GBWIGIRk,없음,0
tZkA4d7MicY,없음,0
96mbiXDcUBs,없음,0
FsHI0tvzhXQ,없음,0
y9PYah4YLF8,없음,0
1Akz0U3e89Y,정면,1
fMegGhjTrV0,없음,0
_g0Qr-4-ZOo,없음,0
I0fFySsjwYY,없음,0
5IPKYiZYx6I,측면,1
Gy5hbQeBQ6s,없음,0
kwVxyYdBamk,없음,0
S7ujKMl8aGw,없음,0
APjV2iixw9s,없음,0
4wdAYrrXjTI,정면,1
5Y3T-OSI8Wk,없음,0
RnHCmQfYcuw,없음,0
02aNi9gJNck,측면,1
MrxLFLYGE-k,없음,0
_9Wi3OYs4xU,정면,1
lRg9OmW8fwc,없음,0
hzze8xuswbA,없음,0
fAUEAk_uZSA,측면,1
z4FC5dbIkHk,없음,0
xkZ179lfySA,정면,1
tocg6GxgUCA,측면,1
r1V9Hpvpc1Q,정면,1
4r41HYqMsN8,정면,1
YOut_eN1hOw,정면,1
Xk3_nOFESeM,없음,0
n4ZJVUEio-E,정면,2
bjhuSCtlgsI,측면,1
SnijXJa-epA,측면,2
DlCV7d2ckVs,없음,0
0nwC2zSnyqk,정면,1
YshEhgXXVR4,없음,0
aGrj4ASQjmY,없음,0
6pZ_trlnAG0,없음,0
9VFA0557xds,없음,0
rMkajm1s_1o,없음,0
3gt7KGK3N6Y,없음,0
Z21s0OTC52w,없음,0
7qDKPiWfx3Y,정면,1
o3xoqd8jcHI,없음,0
e8xrhNZkunI,정면,2
52utIaMwPig,정면,2
5conPpQkNvk,없음,0
5omyyfQhtiA,없음,0
RMe39nyuU88,정면,1
CCFPkZ--kWc,측면,1
_oOdPTRxMM0,없음,0
h77t48YHMRs,없음,0
6HpIU92RmRw,없음,0
AaRtb3rnj8Y,없음,0
ooa0aSFlF5k,없음,0
OSQCzZULGSU,없음,0
-t2ZV_taEU8,없음,0
WPz89dR3WOM,측면,4
J9v9iBq6SSg,없음,0
7WTOCB-fDJ8,없음,0
Ylu030n3QZ0,없음,0
AWxe5VNlZ20,없음,0
KsOiQyJeQTY,없음,0
j1U8OlLNlaw,없음,0
_BErGnOsW54,없음,0
-7d5WTrUFVc,없음,0
VUkqfR446Jg,없음,0
6Xjb-Egs1X4,없음,0
i0wysidlLNc,없음,0
dY3GNa-vNlo,없음,0
bXTP611oXd4,측면,2
ocAXcqCpYys,측면,2
XtEbibBM0-Y,측면,1
HfqrF8K3QAU,측면,2
Cy4ccpO2ViA,측면,3
qWguvXm_vNE,측면,2
igzmGtF0Cws,측면,1
p-srmbLXzKg,정면,2
y4XxzUrhX2s,없음,0
iOt5nyB7zCU,측면,2
dvIZkbuOV2A,정면,3
MkJC3-EZEck,측면,2
oVF1dada0oI,측면,3
CGbRwH_pgPY,정면,1
EkO6IRKGfB8,정면,1
5Jr70Q5UnFc,정면,1
1G7oCd6TGzI,측면,1
yZtt8AGJ7hU,없음,0
GJXCHOSAcoM,측면,1
tCTmNFsF28o,없음,0
bBNCzF4r2RY,없음,0
FgfGgJIWIas,없음,0
8AyD7rwCV1I,없음,0
F0Dk2Yw0GXY,없음,0
xM8t6acaDUw,없음,0
3u6FOaiIM6E,없음,0
5MkekqpKb7M,없음,0
24T__SOl8ac,측면,1
ARHvx_Ag4Kc,정면,1
2USmvnsIUsA,없음,0
3IdASaKgyb4,없음,0
8MyOSMbIHuQ,없음,0
ctIgN7fuI6M,없음,0
kkiRRLITEfw,없음,0
v-y-YtcK--4,정면,1
YJ1nYnC1qc4,없음,0
X7OtYqOl2L0,없음,0
YFABs5nl4Dg,측면,1
pdGmuYWIxZ0,측면,1
d0IW51yBjB8,없음,0
sdmeZ4XJGeY,없음,0
P0krPoDYbH4,없음,0
EiwaH_FyD-w,없음,0
ixTzbJJl3nU,없음,0
-cJI0W89r0s,없음,0
kkBRWXcwU1g,없음,0
Dz-ZYhfeYXk,없음,0
syA3WINtx9I,없음,0
nEL89jTQ8Dw,없음,0
gKzap0LychQ,없음,0
kzbQ-TsQ76g,없음,0
8sQH1_5-LBI,없음,0
zd4SbP8IMw0,없음,0
LZLr1CAwWFc,측면,1
pSSxl9VymmA,측면,1
PQ8Z_P0awpI,없음,0
pNdPSu6_j68,없음,0
rYfB6q0KdfM,측면,1
iq2fdky9_-4,측면,2
4q5DQ0A0ahs,측면,1
IZpSUo2xZK8,정면,1
hl8Sg77OKSw,없음,0
yzqaRX1fDQQ,없음,0
50bZbttFPyg,없음,0
MudYzIbX-dQ,없음,0
aEH3sItXtCk,없음,0
JJc94BMzgWA,없음,0
8d6ZVPmIuHM,없음,0
5BpAYNM_isw,측면,1
g6uBLfUCSo4,정면,2
3zvDQkKaet0,정면,2
bxRmVKRyMw8,측면,3
0EubPvApGNk,정면,1
sEO9QDz0P0c,측면,1
sdMsOGdXmtU,없음,0
1odtVb7MKHE,없음,0
Xto-5iK21i4,없음,0
zydHdonKG5E,측면,1
3x-Z9g1Bexo,없음,0
DPQbA6T1vfE,없음,0
iDEPJAIC7UM,정면,1
iaHyE0e6sTc,없음,0
ydlZfLOhXdQ,측면,1
K7_Kp08fpFM,측면,2
2WaTvVlAqic,없음,0
W91jBcfKCII,없음,0
TbYWnz-wl-w,없음,0
0LaVTbvpIJw,없음,0
XosshbRu8A8,없음,0
d6BtdBMyGeQ,없음,0
zi7aWiXsIQo,없음,0
noDnyV8k8lQ,측면,1
fWD5NmIn4d4,없음,0
lc9I2y-67Qk,없음,0
o6A8FwyIU4k,없음,0
-gsEQkSBGrk,없음,0
9W5IATEfzZw,없음,0
75l_CqC5BDQ,없음,0
b8wHdcgzg7E,없음,0
effCHa9pSP0,없음,0
t-Ts3Avr_2Y,없음,0
sc_g_duy9Jg,없음,0
X7dvZ5HPqvw,측면,1
WQhYk3jRSSY,없음,0
BweHxIlCTqY,없음,0
VH583CK4KZM,측면,2
Xb_6BZBlKxM,없음,0
FU_InmRKsRA,없음,0
skkQqIgc9Qc,없음,0
-OwapDEniw0,없음,0
PjKPByn4zVA,없음,0
n1b3MMB9E6I,없음,0
Yy5O0600YXA,없음,0
-0tDZMSMuHE,없음,0
qkgQqHe0ekw,없음,0
3cUKwbn-6Oc,없음,0
sDfSLbKCTMw,없음,0
bWHMgaAlHpk,없음,0
N2GEWOTjWWU,없음,0
6C8DgGzL6ew,없음,0
mp_jxxhNmUY,없음,0
9ARHB3f0gDo,측면,1
xfDCghdJkHg,정면,1
n1U_Ajc116s,없음,0
WW4v5ZHI8wE,측면,2
AXaxd94smu8,정면,1
S-KtluVkDVk,측면,1
YEcBfc7Gmo4,정면,1
FFsTc_K9w5A,정면,1
AgDq4cZiRFY,정면,1
nc02MUyKVLA,정면,2
bcTTd7WQFUU,없음,0
rHhyQcBsHzY,없음,0
kPPtHgtrR_o,없음,0
URsaitnwoQU,없음,0
uRC2HyZc9jg,없음,0
NdSwdqF30OI,없음,0
BjWswGnE15I,없음,0
oslNJVFi93A,없음,0
lbTanWRLcYI,없음,0
qXHJTuJH3ug,정면,1
YlVtpLDz4os,정면,2
sdTbL3g6J64,없음,0
FeX6geyyxNM,측면,1
ZNJYztLwaC0,없음,0
rbPu3V7otUM,측면,2
Ka9yYVMGH4k,없음,0
D6DGI9dR254,없음,0
EYmFBXGwExY,없음,0
sD5nMQJUGik,정면,1
e5kzDz3OqHU,측면,2
JOrBf980KJY,측면,2
fc69svpMS8k,측면,1
fXRjnO-1F8w,정면,2
52nDUPuXotY,측면,1
UYEiiBPBaFo,없음,0
A9DiHJrrbSQ,측면,2
wLyE1dVWqCs,정면,2
V08MUo7-dQE,없음,0
lapoo7YXeJA,없음,0
XV2fWv2xSwg,측면,1
gUNEY9XqeMM,측면,1
04LqOu-4eYY,측면,1
hM2WyQE95sQ,없음,0
uXcvy3gYYX8,측면,2
OX9_FMjUsDU,측면,1
eUuqC3CDGfY,측면,2
vM-laQTYa-Y,측면,1
AfHTQHE5vfg,없음,0
08t_NGmiqXQ,정면,1
1O0fRZHmVu0,정면,2
AcNuIKukJPg,없음,0
CVwI8u3x9DY,없음,0
OauRncidH_U,없음,0
nYENn-D8l9o,없음,0
G9Q8qf37t0M,없음,0
jN-g6b24bGQ,없음,0
MQGwW9kSqx0,없음,0
jm2zL5b4Ytk,없음,0
giywTG6Wu00,측면,1
2KTJ_vZLLCI,없음,0
2gQSisf76_I,없음,0
gax_O4BfiV0,없음,0
6Mty7RssuL4,없음,0
1M2xI2QUHIA,정면,1
6kgmcp--oZQ,없음,0
wd7W9s8bSAc,측면,1
Sxk_sLz93dE,없음,0
Ae_jBK-GN4I,없음,0
BLGYNLdoY_A,측면,1
nfHpes48liU,없음,0
GPu9aIwl-A4,없음,0
nuYde2GxqAE,측면,1
ueVlwV8CeJs,없음,0
3No_5lvCsT8,측면,1
Bkqj4Wl8kaI,없음,0
Xn7amq23_hU,없음,0
S_6wqEACBd4,없음,0
-dwGk_9EFZM,측면,1
JS9j-tZM-yQ,측면,2
TOhW_aoq3o8,정면,3
-llxw-UzuZI,측면,2
0MTNXzBdkYg,정면,1
OqjNn6OBPpg,정면,2
FXy5DsFLUrk,측면,3
j-zDnC0jJBs,정면,3
YJtxkOCULpw,측면,2
aCmIqAfDNHk,없음,0
a6ga1uPyJf4,없음,0
vT0cKSPAXVw,측면,1
N3zKFsVU06s,없음,0
jnxZni0txGY,측면,1
fmVCroAAh_8,없음,0
kPQHLMhHOYk,없음,0
YdPRGrYRYGg,측면,2
aqedIqECra4,측면,1
OLJcZSAKlyM,없음,0
GV_4u0sYC0E,없음,0
tXEQ10BESHw,없음,0
rh-sKvkKYi8,없음,0
EEARoeuF0E8,없음,0
LSRJGLfghoc,없음,0
ovDq1o94sGQ,없음,0
63Y_OgqgSlk,없음,0
UNou0g82HdA,없음,0
IpnCF_DSq7M,없음,0
12xT2b_wK3g,없음,0
EhJjviKaCKo,없음,0
_Mr5v--LB80,없음,0
mwZs1h33prc,없음,0
6nWkLv4_XE4,없음,0
MtjN-Sy0EhI,없음,0
dS3XiUUpsdM,없음,0
HZJZuUNklQY,없음,0
ovdsmqqHEzU,없음,0
OnE7jlgBUNc,없음,0
Lsyt8-EENV0,없음,0
qTo7DdBAU3A,없음,0
pBiUiJIaGgw,없음,0
qbeKjaFBWG0,없음,0
WJ3wki34z6I,정면,1
iaAtIxowH5g,없음,0
b7ryEvvYrdc,측면,1
jLuH7nABzb8,정면,1
s7Tn5fnHCmw,측면,2
1Tdww_M7J0w,정면,2
IiweqiuJeYQ,없음,0
rCVIsdwtrHg,없음,0
ZaEqU3tHBMc,정면,1
l0zPZgV6wYc,측면,1
N_7CIEAmpFM,없음,0
G5sABijTC9A,없음,0
kehgayJIYUk,측면,1
lJspQJvMoAE,측면,1
zN8tmLRXJcU,없음,0
6E2P8fhdy3Y,없음,0
IckywAOR0IU,측면,2
hh03p4cPuu4,측면,1
74cuc67FGZU,측면,2
hYp_FUMDXoY,없음,0
BixfaCPu2K8,없음,0
VTjuGRM0yG8,없음,0
WvJ4ha2CUYM,없음,0
XPHBiCKLr3A,없음,0
ic8327mclOI,측면,1
Z293-EMK6as,없음,0
knEALWTt7Xw,없음,0
G5YLgWGBo4Q,정면,1
wVO-1Hzvdbo,없음,0
uTts4AWD62k,측면,1
0rv2wK1zwGY,없음,0
4hoeMnPKTpc,측면,2
3xbp_iQMlqs,정면,1
TDOlfbp7uFA,없음,0
LY2Myws7cFY,없음,0
kJ9WJbkKPeE,없음,0
J9TWIp7ypDw,없음,0
uGrMdA50zPw,측면,1
3vX-MYrnsm4,없음,0
JIZn3I-2WKc,없음,0
1FeEZcI85aw,없음,0
Y3_-1es1WJE,없음,0
dUy-HVwXPQI,없음,0
BvWPoK1f1zk,없음,0
uCD53TU3zDU,없음,0
uzWTe--rmU0,없음,0
bi0ebweJr-E,없음,0
1Nk-4YI3sUw,측면,1
4qR4HII3oFQ,없음,0
BFa2uvg8v1I,없음,0
_hge4Aw-Lck,없음,0
9iYDVyclV4g,없음,0
HkRKMmZQbSM,측면,1
1jwPHgVstyY,없음,0
Uj8BkXe2v1Q,측면,2
OXps_BPiGNM,측면,1
JQqLF06m2wA,측면,2
2EXy8fPKk74,없음,0
KDLwgtQm8zg,측면,2
QxiZTFAqNpc,측면,1
yfszp1d68iQ,없음,0
IYxmEUwe7IE,없음,0
55QktaLvOBc,없음,0
o-A7S8MC8ck,정면,1
o8u3MDxH4JY,없음,0
ZxC2y4ItnPQ,없음,0
b7wyZYuZGTI,없음,0
MkVV-mDi_MY,없음,0
5NU37parMjA,없음,0
J-YiqpEtgQ4,없음,0
El5Djf2KEjs,없음,0
eeEhQcVeLFI,없음,0
UoyPMI9sbC4,없음,0
aNYwVtlEWws,없음,0
fR3ppcdDQ38,없음,0
GKhnJerBs6I,없음,0
JTRgCed7qOU,없음,0
k4nfNIQq1sE,없음,0
Vrjg7jqmh5s,없음,0
LNgi3LD-D0Y,없음,0
g_KQv4XPK5Y,없음,0
PTGGmCObjnQ,없음,0
BZcpK2R6gQg,없음,0
rc_1GIc6KCc,없음,0
NQC3WjC6DE0,측면,2
Ke-iGdkChZE,측면,2
fzbrY1Ey2JM,정면,2
pyx-E96si3A,측면,2
KF1JbrV589A,측면,2
kUVjO4w1MQI,없음,0
dfw-i0910o8,없음,0
cxafXr_cSZc,없음,0
LvqgF_FFV9k,없음,0
Y0jCBkydcZM,정면,1
65ypsRvUYyw,없음,0
YHCUILni9ko,없음,0
-hWIbnehsNM,측면,1
Yn-vOjVB_-Y,측면,1
nRk160wgvqg,없음,0
cIvqu4BPbao,없음,0
b60ZBCbEpRY,없음,0
q1OGCqM9uVY,없음,0
SB48Ach1Qgk,없음,0
l-Z4GRGaI30,없음,0
-y1eRcwJEiY,없음,0
A54Vt9VXEfc,없음,0
nUgd7lAVHOQ,없음,0
OKJt5PNzUXY,없음,0
lqbT3ZsSvZM,없음,0
AqGvuMk0Kpk,없음,0
kFFG1Akm1TQ,정면,1
AtkhzF3ubQQ,측면,1
fps8YbXGSec,측면,1
NFavxK4ZuT0,측면,1
i5i3SjMfokw,측면,1
Vy4CxFzZL3A,없음,0
AS-ZSrb63hI,없음,0
lCzBaFc7pAo,없음,0
izBr2_mdtnA,없음,0
85mD8h6MTUE,없음,0
AeJrnL7CqlU,없음,0
pYgMGjUToz4,없음,0
FGcRsaJ8kSI,없음,0
BZb4fR2P4K4,없음,0
3WYVuZDozx8,측면,1
6SbUpAvopxo,없음,0
aYvkzGIMr6I,없음,0
ybZDL5Oe-OU,없음,0
yJAL-T-ZbTc,없음,0
amaRZhXSvv8,없음,0
1yWAqvpEIoo,측면,1
ZLu0okKPnk4,없음,0
jcX1QoYOtNo,없음,0
bCoIpgE0x0Y,없음,0
YGQdCYGBqoQ,없음,0
NrmOQOYbaUc,없음,0
YrdUiBcOnDU,없음,0
_0JjmopC2nM,없음,0
g55Bxp4Q8CI,없음,0
nObPViogvVE,없음,0
fHbG-nsGXrU,없음,0
1S_vw10nGcQ,정면,1
KhpHFy8f6W4,측면,1
XejxyYNXoDg,측면,1
v_oTSFhNDb0,측면,2
ORivOupUzBM,측면,1
oKqpjHRpJLw,측면,2
OsjmlAtIAdI,측면,2
SsW16gcKzH8,없음,0
dKAm6B18-_w,없음,0
edZfefHoAmE,없음,0
9Ko8T8sTyaM,없음,0
lvtYVJLGWSU,없음,0
k-CJ7Wudp8o,없음,0
CbnoTvPckRA,없음,0
O9GG_q72_Ow,없음,0
CzDqj58oYJk,없음,0
BtiI07o4Pjs,없음,0
gSUhHaFOfjg,없음,0
c_k8Guq7zxI,없음,0
fD6-YWjyyeU,없음,0
iJzlrN2WrPk,없음,0
nKN2mZEqhpg,없음,0
VO6tHAmJrVY,측면,1
pVAufc95Ego,없음,0
VXn2YKEDFV0,없음,0
wVuFfkfzRt4,측면,1
9K4OpI2hzEQ,없음,0
CLgu0WbnerE,측면,1
Xlwpn4IoWyA,없음,0
C399-29Ksd0,측면,1
gFtXwAKfVEI,측면,1
ON_PVEwbXF8,측면,1
B7nLmdAopbw,없음,0
btGWJbNIwzA,없음,0
6j4uxLxZK6I,없음,0
s9kBoSyBsT8,없음,0
oKP53Vge-X8,없음,0
IYnUfb9V2aQ,없음,0
Shy1y31ljoM,없음,0
dg6bVgbY0MQ,없음,0
JkGcu0mTEak,없음,0
NaZyXW6Ga4c,없음,0
MfFS2QPmvTc,없음,0
FQq8ma64-wo,없음,0
GjaCS2OBOpg,없음,0
ZyGZP8denEQ,없음,0
1_tabJnAmNY,없음,0
5noqJnmaQJI,없음,0
j312fOVXNpA,없음,0
aarZRtGWikY,없음,0
bTTHubx6yX8,없음,0
xr43LoXGv8I,없음,0
o23qjjWM0kk,없음,0
DQYHIWcYeeQ,없음,0
My2p-2-rg_s,측면,1
28dGwRzNW5g,없음,0
bdmAbt_-Vek,없음,0
oYLbvvxGjfs,없음,0
i_MLJ_0y9hg,없음,0
8NcvL5UzzAw,없음,0
qMQFvfz9rlk,없음,0
bKw2J6MfL9Y,없음,0
IUjahbiWv0g,측면,1
4h4357-zSxM,없음,0
Tql14q9ca3s,없음,0
ytmKSUM52G0,없음,0
0Tong5p42k4,정면,1
D4DNUyQ5mSg,없음,0
0PAy-tu6qs0,없음,0
CPyxwryWV2U,정면,1
TGGLd2_-lyw,측면,3
EIZl3345DXY,없음,0
uPLPXVAvZcE,없음,0
oQhTVrIeKIg,없음,0
ocDebpJexNE,없음,0
6-6sRVInJNw,없음,0
ruwiVEzbpIo,없음,0
iDbxWZ6V3Ys,없음,0
BttCDMkkuSE,없음,0
e_SI7GJT-PA,없음,0
pFuIvDBROsc,없음,0
lOChuKRcv1c,없음,0
7lYAuUjVYao,정면,2
7t2HyaKe0FY,없음,0
tB0wbKWhf0Q,측면,2
vYRkceLRcNc,측면,2
Wi-QZJE4sj0,없음,0
ARIQYT1EB-Y,없음,0
bwo5Axn6zhU,정면,1
93lN2yoSCMY,없음,0
ySHIx-PbNGI,측면,1
zcZfrnu-twA,측면,1
KUngfJa1LUA,정면,1
LS0zXs0CS2g,정면,1
IpDw6hIrc3s,없음,0
8KWRo1TpYuc,정면,1
cCllBDuesdI,정면,1
dagS5Xmqkrk,정면,1
1lr5CWo7rIs,정면,1
JbONWY3YmWY,정면,1
mr-4Xecl_WY,정면,1
KdKjVgaGMXU,정면,1
BGZdjqQyVVQ,없음,0
ps1pG1GwqlA,없음,0
4-y78ipBY9Y,없음,0
HAYeklgkaqs,없음,0
TfTxUOPex9c,없음,0
i6t2qzVsfwU,측면,1
GFYUmLI5cuc,없음,0
V8eSeZkBfpI,정면,1
U0KFTfWbv_I,측면,1
cp4WEPYZWSg,없음,0
WR2tXUuFmy0,정면,1
s_JPpFTKuVo,정면,1
Z5FmcMrQ-mw,정면,2
1Le458eD35A,없음,0
T5a-oCmTB8U,없음,0
p05jxUiScwQ,없음,0
3qWEpFfKr_E,정면,1
s2zxDoIvX2s,없음,0
2Nfw7Z9hjEs,없음,0
L6eFygwnUlI,없음,0
Se6JSBwqihA,측면,1
cvV2qGRJ5VY,없음,0
EdSPyHCWeLs,없음,0
FoI1o8mlWns,없음,0
ozV8UXIFkEs,없음,0
bqq15UjW5xs,없음,0
A5lZiSCsj3c,측면,1
ksz6ZMmUYM0,없음,0
ohmDxRAslRQ,측면,1
Js7_tliLjO0,없음,0
j-5T8hn89P0,없음,0
S-J3uSOk2Ug,없음,0
BCtKybVINB4,없음,0
wDIka7Y7U2M,없음,0
-DwrfAO_Exg,없음,0
KDjkMP7KoUk,없음,0
PbKZArNoP10,없음,0
DUszQI4AyS4,측면,1
MwhS_MnGrVE,측면,1
Teq58NMe2GY,없음,0
GEHvRI8t9Pk,없음,0
lgfCdEiMU5I,없음,0
Lk9t9XH6fEY,없음,0
PvKQt10eYQg,정면,1
qHazHFwMCDo,없음,0
ShOQlXe9S-8,없음,0
c16_sqSS0Bk,없음,0
qITnNH-KOvY,없음,0
CBM2gMWs0ls,없음,0
bYbzLQlu76c,없음,0
eyJpAInKur8,정면,1
QoUrI8SXc8Q,없음,0
fFPJ5rk1Bho,없음,0
C8TFgNuggmM,없음,0
HVmgok628R4,없음,0
8IZ9XqPose8,없음,0
6FIUU306_Q0,측면,1
CunyzqHXn2E,정면,2
duF7Q7dtLCs,없음,0
PdUxylfqiGI,없음,0
mzftyZ8EhFU,측면,1
uW9lJe_Fhv4,정면,1
YYxpE8sQ7Dk,정면,1
V9XipzTxwQI,정면,1
GjEz5NpvfEU,측면,1
8GdvnQwxwdw,정면,1
h4xeFi-6gbY,정면,1
925WvNd0PNQ,정면,1
oH0a-Cw7cU0,정면,1
sGW59HObNRY,정면,1
cnHQXsYgXE4,없음,0
zxy8TrdZ45E,없음,0
qH7KDivAUfk,없음,0
PxtEta71q40,없음,0
QM6Q5dV0uwQ,없음,0
GEUjRDujoSU,없음,0
AAn4XRhHslA,없음,0
PEk484oK7yA,없음,0
DAqx3ZyRZmg,없음,0
GKVNBFIQAi0,없음,0
qkUvsHTIMHY,없음,0
8rMt_rn7DbA,정면,1
4nDOK6lR7-w,없음,0
oNIckishsmA,없음,0
AjpT8ZKAIlI,없음,0
81RbN489hqw,없음,0
wwGvmGK-mXU,없음,0
UsR6VaD72dQ,없음,0
VtNd0MK9Fh4,없음,0
rmY-G9Ic_3o,없음,0
YDfGkzY-4DY,없음,0
l9ZlRG7_stY,없음,0
CiUO16dcOi8,없음,0
9K_FXDVMg5s,없음,0
QR4XJpPOiUQ,없음,0
BNIJsAHM-T4,없음,0
Fwft1E25YGk,없음,0
oQKGuzbtwEo,없음,0
dzKVANmCgQ8,없음,0
mc-JqAc2EoQ,없음,0
M1HIyb-hmyU,없음,0
1UT5Yw3j4c8,없음,0
t1h3t6j46rc,없음,0
v88AGXC2tFc,없음,0
u-jFjMqAGG8,없음,0
X40YhxQrfK0,없음,0
TvRZQyXzfQg,없음,0
yhmMTg24iok,없음,0
f3BYnNc_T10,없음,0
yn_zaiUjPd4,측면,2
Sm7alFRtMfc,정면,1
aiINpCASSQU,정면,1
EL9PnTIRWGk,정면,2
iQPNwFx1j7Y,없음,0
bwg9dtj1f6c,측면,1
YnYhAHnHmgA,측면,1
qN3NPkZXCcE,없음,0
UO8tlsIZXa0,없음,0
wo-5XYtujbs,정면,1
JwcilHSyefE,없음,0
rnfG1Q159r0,측면,1
zbRxORiQvmM,없음,0
YnaQqQ5mcUM,없음,0
Kpl0xaiNH9o,없음,0
EqXz-Ftc-Xo,측면,1
Y3pjxm7T8lA,없음,0
Y8_7Vza7BqQ,없음,0
I9rei5P_AZY,없음,0
k9eBs7iYjmM,없음,0
o1rujqZF8dQ,없음,0
cRWWsPtwmYM,없음,0
d53joh65k4Q,없음,0
psExJKSJxFs,정면,1
WfA_VPULtxk,정면,3
mijWinadiCM,측면,2
XDWz8pHG1jg,없음,0
C_j8ifIiqHQ,없음,0
yvKEX8xstJc,측면,1
vI68SBnoWF8,측면,1
ykrW8GcKYkg,측면,1
S5Q0R8Pci1M,측면,1
jietR5wz4E0,측면,1
_du5WTDuRfU,측면,1
IqyodhibLvI,측면,1
oUKQF8kEvGg,측면,1
oEVpf1bXEPU,없음,0
HD6kul6JwWg,없음,0
5fM3tN_AV-I,없음,0
GO5GvYs8fjM,없음,0
3Apn3dCsFXQ,없음,0
qRNAbZDUG6I,없음,0
WZS61d0XJCc,측면,1
mA829mXsovQ,없음,0
4jzJCqUtO74,없음,0
3tTvfavvGgE,측면,1
DuDqStgt150,없음,0
q13yrrhBv2c,없음,0
1Db76hChIGU,없음,0
E4e9To5XPVg,없음,0
eKKRFZjuUTQ,없음,0
D7V-7UQcxiY,없음,0
b4iVaQHTYS0,측면,1
91bUwCBKc1w,정면,1
pfdzW9pUWjE,없음,0
vQ8Fp7yf1pg,측면,1
i_lTZdDkp9M,없음,0
x08l-XkSr9I,없음,0
5xKkmPTFE2U,없음,0
dbsNMbORfYw,없음,0
zEQDQWufbdE,정면,1
1NVaseTv36w,없음,0
s_P1X-hfyXQ,없음,0
WZyvjaM2184,정면,1
9XAXWLJNs8M,없음,0
9pFtLEOeUkI,정면,1
jb9mwdNvh-w,측면,1
Y0wssbcdUME,측면,2
Lz_1NVRJlqI,측면,2
YsqljU8q2DQ,정면,2
e6t9Uo88pRs,측면,1
Fme8Y1-NP-A,측면,1
WmdX-dhBwWo,없음,0
x_k0tZlO5G4,없음,0
KBQsw_eDneE,정면,2
SL7-jimAB7w,측면,1
5GH91FPsMVI,없음,0
NehMOq-VYIU,정면,1
ioIdMTe1hhg,측면,1
VwIlUBtnX9M,측면,1
6iP5V-RcY9Q,정면,1
c1SmkUGlmoE,측면,2
LMK-4t8nJZk,측면,1
9AOAgaPK5hw,없음,0
XRsjWKJw5ro,없음,0
UBASHWoB4mI,정면,2
gf4FidvSGgo,없음,0
cDtlNgnGEx0,정면,1
geR9wH_2PsQ,정면,1
zVwC0ABLUrg,없음,0
ZEfKE9-N00E,없음,0
noNb2UfZ8ao,정면,1
mp-1czKOyPQ,측면,3
b7J93IxTWW0,없음,0
Ut93iZMafxs,없음,0
z9VB4YJl4QU,없음,0
iLLcc8yjIIY,없음,0
I6Qqbmd0RAU,없음,0
BCsNQmFszV4,없음,0
aSGSHcGQ3uo,없음,0
WItrVdjR8LE,없음,0
X334y0X6E3c,없음,0
7MYyxoDngmU,없음,0
UDBtd6q9nzI,없음,0
JHwM7Ey4qQo,없음,0
VVY8FtdB1Jk,없음,0
TnWpB4glvbM,없음,0
r1DQ8KwbUe0,없음,0
Tp3KiVDHBtM,없음,0
jxJ4qCLuoX8,없음,0
n0vVXqDW16g,없음,0
RHG0gxLpwB4,정면,1
qd2Ewymqt44,없음,0
he7mg5kFd-U,없음,0
qhsqars6f9c,측면,1
g5a3OwNs-ZY,정면,1
zWd9Tce_-s8,없음,0
gNynzvC-GH0,없음,0
6VzFnqcVyz4,없음,0
ApoqmYHv6F4,없음,0
T7miMnLo0Ic,없음,0
P0erwvYWHcM,정면,2
pgFQ6ox8w1c,없음,0
-58LkJBFFHo,없음,0
o-PqKgbHMog,정면,1
caPy1vVujGo,측면,1
caf4Cv1a_HE,없음,0
52Rr6pJxwoM,정면,1
PNXSrUt9GfM,정면,1
m47QGH_ybu0,정면,1
t9wW62Cz3DM,측면,1
kq5MVQAMmrU,없음,0
p-0WEw6E7Ec,측면,1
I6NYYBPYNUA,정면,2
TJJxvZ3XX7I,없음,0
gdmrPmwTNy0,측면,2
Eddl_Fg3-9o,없음,0
QnOFgsqFTcM,없음,0
Om-HdOS4QzU,정면,1
REQy1kdr-Tw,없음,0
cxVAenYmPEg,없음,0
E38a85xVR1I,없음,0
cAmQvi3o8Jo,없음,0
rm7bib2vx0s,없음,0
vgBI-3v4pdI,정면,1
NYGXpUDhxqg,측면,2
jkCqkNuiNy4,없음,0
uknYjvjQjHA,없음,0
iajy4Vneil0,없음,0
zyFgQJLsgIo,없음,0
3a9my3D6ER4,측면,1
7YjKA7jKPfs,정면,1
NIZLMmyvE1U,없음,0
QRZHJpZPAoQ,측면,1
qGRADYyExtE,없음,0
r4GOnqsjZqA,없음,0
P4l7dKgaLGI,없음,0
3G0aggFSXiI,측면,1
Jwgh4mNnPPw,없음,0
W4FUIpcx8QI,측면,1
PTWNiD-JVQM,없음,0
suVD6yc1whI,측면,1
IiIJ82PJh4Y,측면,1
NswaJHIXo-A,측면,1
e20WJ1FLnjY,없음,0
8Qtx8Y8Uyug,측면,1
hE0hHvCCHV4,없음,0
SWt69rxCLmk,없음,0
5CN2eyAVHZI,측면,1
4Q5ouQVVP08,없음,0
inneSNWT-lU,없음,0
P6be6NYswj4,없음,0
-eX8rs6_iqw,없음,0
mAM1WJmptDU,없음,0
ZLRibWzrpDY,없음,0
zFOhb5fqu5k,측면,1
7r0DM7A9cS8,없음,0
5RM9dxvPEHE,없음,0
cSy8-VWSkhM,측면,2
rA593Qzd5SM,측면,1
YUTIoNg9wGA,측면,2
HhJ8O0pjoaE,없음,0
wFtavS_E-vo,측면,1
IXa0hD5_Gsc,없음,0
CP864ds_EnE,없음,0
VRcn8rhFwAs,없음,0
eyVfgkQ6HJc,정면,1
q7JwkQUiU5o,없음,0
crS2ZHv18uE,없음,0
VrOp-4SlSKs,측면,2
zb5yYtjLMDM,없음,0
iLtL1miLj6Y,없음,0
oA1tkQYSMVU,정면,1
s9ggq5oW9hA,없음,0
eF9Kjm3L4I8,없음,0
FwwdYpwnsco,정면,1
vkVsyF9U-24,측면,1
0hmExXJwvPM,없음,0
gL1UWlgcHzg,측면,1
oOCXRBTjvoQ,없음,0
--uiPtAzTME,없음,0
jTBdaqrxkMo,없음,0
a0vnxkolCnY,없음,0
5qxUuPyKkWk,없음,0
syK7p2wO9Yo,없음,0
37ntp2cHg98,없음,0
cGqJkrSm0g8,측면,1
mJstyDHHerw,없음,0
d6WVkQ4Civw,없음,0
jt29BauW75o,없음,0
Dwp6q0dqa58,없음,0
koQLqHOV6Tg,없음,0
jjJpaosW8No,없음,0
zQXtUpZ6Hlw,없음,0
KjU-5teXn2I,없음,0
ddCYfmXKFbc,정면,1
LjCdV02l2ZY,없음,0
ZUek_DRVp9g,정면,1
3XEPPeHPXHI,측면,1
8uzlzPBe57A,없음,0
ygFKMxnn4-c,측면,2
taQdfTk_MeY,측면,2
9kMHQAv8xok,없음,0
R0NlFzalnpY,없음,0
1jnatUEvqmc,없음,0
4oyo3NmZo1M,없음,0
rfAOMYHuph8,없음,0
IjOKy0MmtNU,측면,2
mjQ_CyKnSOM,정면,2
QsdHy_UoLNQ,정면,3
11c0PkAm3cQ,없음,0
65QnjNawos4,없음,0
UHVfteJoYqo,없음,0
2A1u_kdqpts,정면,1
Zv2HCBR1KZM,없음,0
QQic0o3MrDI,측면,1
Ug3qyvqsbsI,없음,0
reU4_1lBNMM,없음,0
8Xnwg5XUOos,없음,0
LZYsSr6LIU8,없음,0
W8riiYQzs0M,없음,0
zY20SgwM7EY,없음,0
nSJDQRi3FR8,측면,1
KX6hu8MtUMI,정면,1
kYqaQ-fjjNo,없음,0
ykeGbt3F70M,없음,0
CRdcb4IQiEU,없음,0
EYYto30vuFQ,없음,0
brEiYGCA9mw,없음,0
nndBu2H8lJI,측면,1
Z8Fs4vMglHI,없음,0
IdmNRYVEePw,없음,0
72bNbXVQz-Y,없음,0
wnQ7FJmcGqs,없음,0
k6Tq9SUsP4w,없음,0
HcARgcdsgkk,측면,1
8go5AFuYWHo,없음,0
-UKfyhtmdtE,없음,0
55fEshPADh0,없음,0
qMqvT1D3_T4,없음,0
2j2hLFxRgOk,없음,0
X_LL4-wYiVE,없음,0
y3dAaBiSl_A,없음,0
SWAuV4VPsoo,없음,0
g4bqtVVEghU,없음,0
bfszjeBMXO8,없음,0
XYXQjTYuiig,없음,0
jUL5fztoKNA,측면,1
oDqvgQE_f64,없음,0
25NeyOuv8mE,없음,0
n1Hcf0tgMSQ,정면,1
pp2r9rCUZEo,없음,0
Sdv5z7Eh_k8,없음,0
eOl5lEGyuPw,정면,1
S3JVLkpBtwM,정면,1
V3LJ27YyCFw,정면,1
C0IrlHM9k3c,정면,1
e9FPIcvSSRg,정면,1
krEI05HOJgY,정면,1
LWpcmkcoBDc,없음,0
qKJCWqTSTq4,정면,2
eqoo4075teE,측면,1
qb4GS9jUNzA,측면,1
zU6GGAaZPNo,측면,1
ycmUaywcfvY,없음,0
SypDF2WE0AY,정면,1
eolp0fNmH5c,정면,2
_xDW-Z9sSrI,없음,0
7aWbPsLcKOM,없음,0
Rq-hQIMCeIc,정면,1
VuB9PN6Wd-c,없음,0
WiPgaWEYzM4,없음,0
MoBwDCL5Er8,없음,0
bGn29w-2BzI,없음,0
Ie9FTB2_KN4,측면,1
9b91BczDC0A,없음,0
dgXLmS6U-Ls,없음,0
ZPYWQSKWKt8,없음,0
tUlaGA9_Wnc,없음,0
9cyjfr9PU_A,측면,1
SBx_-f68ixk,정면,2
FGp1rsDjjZk,측면,1
yxNg_BdypfI,측면,2
Q0QI_xUtaKE,없음,0
lpxgtuxiEXc,정면,1
_OVYtYbyINE,정면,1
1OEci8uOm3o,없음,0
UT7UAjsK83Y,없음,0
29RKqIOlTKs,없음,0
Ej0IerxzV0c,없음,0
FqXuxi5cftI,없음,0
jyPGf9MxPKo,없음,0
SvxRqeHT9do,없음,0
vX6d7wU_jr8,없음,0
8tIWpG7uTcg,없음,0
B97FqB1aHeM,없음,0
XvtklkkyWE4,측면,3
0jJdKLuF45g,측면,3
w5GRRccVKQw,없음,0
8Er1N82naRk,정면,3
2YSo6vp64MQ,없음,0
ylH0S8ClPRw,측면,1
on0YvL5_YtI,측면,2
Eha3k35vkfg,정면,3
zlpr_ioo_U4,없음,0
VFwOD-MU1R8,없음,0
aBKQVRG-CSo,없음,0
764O5i6kf_k,없음,0
8zKMLDqhU6Y,없음,0
n4fPwK9GQII,없음,0
SlTuYcdmIxE,없음,0
RKiQFVR21Ps,없음,0
bpOMEapE02A,없음,0
7JisjQKFABI,없음,0
dsuVESrNY7Q,없음,0
jbTO4gSkhjE,없음,0
7ic3-z1hL1w,없음,0
6bAV3ciqEuk,없음,0
3RHUhhSeLFM,없음,0
sHcIfYu0SL4,없음,0
UQygvMBe3rs,없음,0
Qk3QsPWgycs,없음,0
FdDl2nbV_u0,없음,0
ou_G6W3L_pw,없음,0
_7SakQ1NNCk,없음,0
9Z-0NtX6VGE,없음,0
eHwc90brlo0,정면,1
ZiguiNHfHo4,정면,1
w_OVoJLgPl0,정면,3
1cFscHX3zUg,측면,1
oXMweDWQJhg,측면,2
aYCVRLZFT-U,정면,2
dOagGAVrEv0,정면,1
1xMT9bzVaOQ,측면,1
RSznKiRMtng,없음,0
lNQIfUgZag4,없음,0
5-EcsCRHsW4,없음,0
y0qL0hDOw2c,없음,0
l-GZdnY8j_8,정면,1
3GkffOSboaU,없음,0
AZ-0WW6ypQc,없음,0
ln0mLVgUMUU,없음,0
C6naI5vVBn0,없음,0
2Q1sM0kZV5c,측면,1
ZYzesOkz070,측면,1
M4490FEuEG0,없음,0
hRXtHch8zZA,없음,0
ugbI42-23t8,정면,1
2zP91bu3Yug,정면,1
Y3jyWdKgLHs,없음,0
AgtAFjYMSvc,없음,0
HdZWLYiQWPw,없음,0
9FUHjaV5RZY,없음,0
rI2XMwctrw8,없음,0
3BJaZmxWhk4,없음,0
t65Gz3wS6-Y,없음,0
sbIirSj5JN8,없음,0
DPNM8xJFBwk,없음,0
HBV_KiopSxM,측면,1
JkhWKszPgW0,측면,1
C33w850z7dM,없음,0
MneYPNRlGVk,측면,2
gEbyPHKV-zk,없음,0
V7KB7-09TCU,없음,0
UCvR3rz_03U,없음,0
y8BY_EaNAvI,정면,1
M6IiKMRRczM,측면,1
sO0sFX-w7mU,측면,1
bGOsKhCjKNY,없음,0
cDEJXZMnyKs,없음,0
TVZMZs57FxU,없음,0
J0LJ4UEqXVw,없음,0
KZuSyMjtMNc,정면,1
SJCicCFb2ms,없음,0
AnR_yx6lrC4,측면,1
tOMi89SWP7c,없음,0
Tebkf1r7Cp8,없음,0
qqCZdgbMk5s,없음,0
yWJFVm2IL5g,없음,0
URL8BdaY4JY,없음,0
2vmfM3sniqY,없음,0
X59TUU16IKw,없음,0
pSU5m1GTkSU,측면,2
OjPlR8qC4ZM,정면,1
7sFayhOhjXE,없음,0
WlRgqa4YoBI,정면,1
gISnpac7K6w,없음,0
CskK_vLF8xM,없음,0
MQZuEnrEu1Q,정면,1
baM5NnHdp5I,없음,0
3bMMfwXnEMc,없음,0
Xp33ySS96cE,정면,1
TB7ymlbmHuA,없음,0
2L8LoWDd2ik,없음,0
bRPNRd3qQJQ,없음,0
-T4yruHjgUU,없음,0
lCWLYnyYeN8,없음,0
hFfQHkmZWhI,없음,0
zPs1ZCFlX4o,없음,0
XNYEcV4gdE0,없음,0
6DqnFRE-nyU,없음,0
cJW2beXVNdw,없음,0
3hQNXEi_KJQ,없음,0
suMgaaifwu8,없음,0
D88o2pL3llc,측면,1
eSPTQE26JMg,없음,0
Qyig7PJUE9Q,없음,0
JHTqyqdtVvc,정면,2
HItHywONMoM,없음,0
mxT0LD3oGO0,없음,0
G2P9AToZyGc,없음,0
tKkxr5ggUnU,없음,0
Kb0lpvOy-qs,정면,1
eD_5hcs71r4,정면,1
x1kRbjd2lNA,정면,1
mR5eTNJ0LgQ,정면,1
6DtXkj_Tcvo,없음,0
Op1VAzJfYqM,없음,0
_jNVkW2Fwm8,없음,0
mb38ogjYKUM,정면,1
Jw5vwGgEjG0,정면,1
wdOTY8tOvRA,측면,1
FIyfOE-KsOM,측면,1
2RkI5wLJXV0,측면,1
WnQRV6q503I,측면,1
cVkiDW5yG5Y,측면,1
47kGX4J41ds,정면,2
yVcYd04cpnk,측면,2
WpsYLikKK5E,정면,1
SggzObH8Gcc,측면,2
XT5hP6A315Y,측면,2
9GTvUUzun7Q,정면,3
TjCEljJ5E5o,측면,3
BcQ-_NeGrfY,측면,2
z4PGgFdBRF0,정면,2
749q5PtSB8k,정면,2
1l82hVlMirA,정면,1
mPZ1S5eBYOU,없음,0
i6v-KTovFeA,없음,0
kaDP_sqnk4A,없음,0
g5rmIu-SBIY,없음,0
IeL1IaOAPHM,없음,0
WdErBtsLRWs,측면,2
hce3zqor3pM,정면,1
6Q92DGgEaTc,정면,1
_W4S45_arDs,없음,0
amPl5r_X-H4,없음,0
M8ZGVnWuNB0,없음,0
e_bq-yTTGl0,없음,0
pYGzBw9Vk-Y,없음,0
86Uj83c5JRs,없음,0
Rgk-p1cB_l8,없음,0
boTPtM2XPSo,없음,0
Y9EFPx89tY4,없음,0
KlAVTevHG_E,측면,1
9JMLKzVf8kI,측면,1
zgclk8X5X-I,측면,1
UtC0_qI0hBk,정면,1
SVqoFPId73U,측면,1
h6hH9DscGt0,정면,1
F6zn6qr3Zcg,측면,1
cbIsbjp6skU,측면,1
ewfzO-j6v8c,없음,0
um0RhlEHHDw,측면,1
rWc6HIQnRco,측면,1
rHfIfsTIJf8,없음,0
WSQaOo2zGng,없음,0
ck21rzZyQAI,없음,0
8ly77_ZIaiQ,정면,2
rtUKsBPEx1I,없음,0
aUomvk0oORk,없음,0
3RfkynfA61I,없음,0
pttMrAhEt6Q,없음,0
3U7RWLnpw80,없음,0
4wzhY30jgLY,없음,0
J-UOo9tVGZw,없음,0
nuHtPVhnJs8,없음,0
ln_yBqateWs,없음,0
LRx3u0hZg7c,측면,1
Hzqwo5y8cFw,없음,0
h31bRucz_gY,없음,0
BxkYyBK7Oks,없음,0
xYpo0D-hrV0,없음,0
ocLhmDcR-GY,없음,0
Uu0Ri-Awh3g,없음,0
UUazi8BbBJQ,없음,0
Q0Qw6e27uZw,없음,0
Jk8qObYv2qM,없음,0
3Od7B9jkoaI,없음,0
2WBrLpR2-5o,없음,0
J3lBExo1DZY,정면,1
frDFtfuSyFQ,없음,0
iej7C7d-cvI,측면,1
DZ_WYjmFZeU,측면,2
93-7Io_CtAk,측면,1
IUDX15xM0AA,없음,0
R4PtLn1ju_Q,정면,2
CXxWAz2jWUY,측면,1
3jq1-20rbU8,측면,1
xd9-WzcgGa8,없음,0
qNwgb13Tgic,측면,1
rSh9wE9Z6Ts,정면,1
xvgaHRzFiho,정면,1
avJUWBjmLpQ,없음,0
GuEk10gRjb4,없음,0
ZC0HAJh3mRI,없음,0
vXegeaQInXM,없음,0
vXll_B3bFXw,없음,0
B5NWuJDq81U,없음,0
BEky-56vlq8,없음,0
BCfvXFe5Xas,없음,0
i9LxHrawA1A,없음,0
jGhlIkmtPMk,없음,0
WrhDcSiuKYg,없음,0
AeSmMgQNa0Q,없음,0
lc3O8ulAfpY,없음,0
RRRoGS8xVvo,정면,1
iat9SmeVcE4,정면,1
1BuHVoAHdC8,정면,3
DM1k6D03EVs,측면,1
lc7KQ7vbdIU,없음,0
g02z7Tz7Nbg,측면,2
MuPsaINB2jk,없음,0
C8VeWMJ3X1U,측면,2
BPLiLb755cI,없음,0
67H9vXWrk5I,없음,0
Y3D8u1FQWhI,없음,0
Qo1K3mYm0kI,측면,1
W7th1PdlP-0,없음,0
k6542qjHLYk,없음,0
tHBp_3dk7H0,없음,0
PCvvuv3IFpw,없음,0
Xwu1tKYjQxY,없음,0
MgPO26Ukpg4,없음,0
cV87BXFRTns,없음,0
IY7cgwTlhrI,없음,0
d7kveqd-2D4,정면,1
wmii0Ph4DVI,정면,1
PnULYWMmECg,정면,1
Ib18ab1kyp4,없음,0
XNpqwBvQtcM,없음,0
TvwKP2quJ6U,측면,1
gnipCcfAjw4,없음,0
-2NP4S1NtGA,정면,1
R__GAOE6GX8,없음,0
em1ixphi2o8,정면,1
NJN2TL68M48,없음,0
liovRF8pjA8,없음,0
BN9oaRiTJdM,정면,1
Y0HUn-XFgaY,정면,1
WTHr4eEN2T4,측면,1
p00Se71zmI8,없음,0
6RTrCie1--Q,정면,1
_c3tRS388bU,없음,0
7FFGpYhaPnY,없음,0
8ZIgQylS3QY,정면,1
NI4p8iDKRKg,없음,0
0CIKkGn74p0,없음,0
Y8ABSlF9ogI,없음,0
wcvkFkYgsGg,없음,0
IVRLpzCDvWI,없음,0
mchqD0GomOc,없음,0
K1nlzR2xl40,없음,0
vcdOxLtGX7k,정면,1
tPosMxb_8h4,없음,0
jo_HsA-0ENQ,정면,1
uZo1-316Jw8,없음,0
n9J87Ilcbv8,없음,0
1Fq7gmsh59c,없음,0
8JPpiBCpsyQ,측면,3
cE_zqGd_a3U,없음,0
hp7A9IzpEzo,없음,0
V5jTwBvNWOw,없음,0
-p6K59MTD30,없음,0
-9FJWK8hSyY,없음,0
fFBYwC3c8IA,없음,0
uqwzxT3YRjs,없음,0
2rh1MPHgEjM,없음,0
D-Ep0UOB-5s,없음,0
yxQFmwQQlYc,없음,0
Z5maza7vh8s,없음,0
iHmlSyY5DSk,측면,1
_a8ONuwaFkI,없음,0
HdbxSpjStxQ,없음,0
JEn4J7JiPfw,정면,1
kAoxjSgYO0w,측면,1
IVHtwA8dMk8,측면,1
w_sGJ-gn3nI,측면,1
qgVPiV7km0I,없음,0
DSqcIM2l424,측면,1
zzLCi7ozj3Y,정면,1
ZlmvdkEAh7w,없음,0
jFTwkYHgf7I,없음,0
JEf1iC9lZzo,없음,0
P0_GRiLMfN0,없음,0
KM1ZVHrpWuU,없음,0
n5JEk0zhtuI,없음,0
wOAwsJF5KNU,없음,0
DrHcV2X_RJg,없음,0
3HmnGihVvBQ,없음,0
LNKi_HZZfeY,없음,0
FZEQZA2J2rk,없음,0
6Te-WUm3CQY,측면,1
kXfvX19Cyxo,없음,0
A8p8eGpC2fA,없음,0
XwHZcFrm7SQ,없음,0
AlG4pQpfkDE,없음,0
7DS1ePvVW1Y,없음,0
zWch5i3o28o,없음,0
wcJjd6p5Jcw,없음,0
8AsPkbkdpkc,없음,0
NpTQNmHPXc0,없음,0
KAVII6pVeb4,정면,1
ERLZRDGZfVs,측면,1
MZlYAFyxnXA,정면,1
PH4zKvBSR_0,정면,1
un-LmNY5pIs,없음,0
Wu4EXf2_stI,측면,1
JRCwBoqZ_1Q,정면,1
NrFR-1ZKxqk,정면,1
rwBwSnt7EcA,측면,1
uoHZd4QTdiM,없음,0
h6WPdhHSN10,측면,1
eqMjM1FccSA,측면,2
vL73-MWONoM,측면,2
lq4LP_tR6h0,측면,2
Nwv7eUZm1wM,측면,2
dyvLZ42esb8,측면,2
F4cAJQeiMw8,측면,2
94625DbU3Vw,측면,1
wsA9BjVeb_0,측면,1
wlcKHhIvXA0,측면,2
7glf3Olrnv0,없음,0
oUglg3ZsnK0,없음,0
vExFiJz2wnI,측면,1
r6VBE-rK0Y4,없음,0
WMUDfRdEtcU,없음,0
P9xHo7fpFjo,없음,0
KLLenEKAbXo,없음,0
-rKVWmk2fBo,정면,1
EBL5Bwvq0mA,없음,0
zB-QglOHKCU,없음,0
C1o4kFJTx4g,없음,0
Sd6nbdDsNTA,없음,0
Ep_b5HVrGbY,없음,0
7PpU2VMXFiQ,정면,2
pDn-DwW6Tjc,측면,3
MW6QGxIYehk,측면,2
SsM4xh_Tqh8,측면,1
SwvGK3H3QXM,없음,0
3GSM9wiOB2M,없음,0
OaRVMcZgtk8,측면,1
uX7EACEZrxw,정면,1
yxRbJgXrlwc,정면,1
MpTflH3U5cQ,없음,0
SOlEGxVD9Cg,없음,0
HmI02BlwMME,없음,0
O5sm1ni6e8s,측면,4
1lHze1-otj0,측면,3
DOd4-VWWnZY,측면,3
3NfifUtDckE,정면,3
3tihcawZOhg,측면,1
gfjvGy3PDGQ,측면,3
spD5r06_Ty4,측면,3
QPmLYYU4rLI,정면,3
TOeb5bUB3aw,측면,2
jvK8Us2kf4E,정면,3
nlFJZJAs7Zw,없음,0
yx-94m-nllI,정면,1
3Dueg1hKwig,정면,1
w97N7r9v9n8,정면,1
rWY5H4ee-lE,정면,1
Jle0DfvshQ4,측면,1
TYDe4hqoTC4,측면,1
zA22Ydd2PrQ,측면,1
W5zdYbzFTfs,없음,0
49reWbKaKTU,없음,0
vN8ODRseg7w,없음,0
x6QQxwClR8s,없음,0
RMjDG24lS8c,없음,0
Zd60m9ee9Ts,없음,0
Y3PgT1e5G8o,없음,0
s28GUCLCQ1k,없음,0
fQMJjXnhmUk,없음,0
6j5rvGhi2fk,없음,0
OzF4BF5DoqQ,없음,0
eLnluRu5Np4,없음,0
VoGPsXji-AQ,없음,0
JsRm7E5TVvs,없음,0
Lzv5V-kXzec,정면,1
DeMJMqVuFRM,측면,1
QnhVP5TNQIE,없음,0
GeL7fyMfWRY,측면,1
3s5LZkcVyTQ,없음,0
YsR0uDpBTzo,없음,0
YwkkRz1PPaU,없음,0
oJdFO4JCYJQ,측면,1
U52ytm_zafM,없음,0
iA-sub0WGrY,정면,1
FZZ4Zbf4rdM,없음,0
vJ99-SpOayA,정면,1
ATDwJcWGMHY,없음,0
NykxQtm-bO4,없음,0
z3NSGwtp42s,없음,0
bJsYbiHuXd8,없음,0
Zv7uIPe8xjM,없음,0
MFKymOVtbLM,측면,1
8y8nWuNT734,정면,1
g-8oftMIFpg,정면,1
fasRGwm9J5g,정면,1
afpywkOExvk,없음,0
wb6awv4I1MQ,없음,0
MxhYkyjCzUI,없음,0
dps8-bGHMSU,없음,0
QVv1VQwrv5s,없음,0
FO-_YLfMO_4,측면,2
WcWMTCiXFI8,없음,0
DZSUodxLWls,정면,1
4g02wo4IdKk,측면,1
-PpPQxCdpbc,정면,1
Om6GC8JPgEI,정면,1
k3UjrhmlqYQ,정면,1
yEyyOatumAs,없음,0
cEGM6IOL5Qg,없음,0
9oI1EzW78mc,없음,0
H8j8eh40VgI,없음,0
1wjPM0_F4PE,없음,0
D6NNRz7FMQM,측면,1
2__H8835vmo,없음,0
C2DjETjHTtY,측면,2
Gae0viviFiA,없음,0
epTwJRp9MaU,없음,0
DrJs_z04sCc,없음,0
nwJXubHLXzY,측면,1
S3AvpHS9-xs,정면,2
h6u-VUqHPk0,없음,0
hl4SWwAwpFI,없음,0
scQFfgValjw,측면,1
n3_vjzzLU84,없음,0
PW9Zx7SfoHc,정면,1
tzG3ebgWyZg,없음,0
V0LKg0q0qWU,없음,0
dHArIKqTh5o,없음,0
wA0zC4zv2GQ,정면,1
FpBWNIzrQlg,정면,1
jUJUZAsw66k,측면,2
Vd59ub9VHhg,측면,2
4YQL5adVizc,측면,3
14vn1wjOtoM,없음,0
AnWZBxn_BDI,측면,1
esa5yQO9gp4,측면,2
kC9oPnZUPzE,정면,1
QyGEjm0P-ps,없음,0
dGk4jTzIExU,측면,1
_hbF40v_S0k,없음,0
9gHtgXv0whk,없음,0
yOYJ0ectwVI,없음,0
wHnqvmTqYR4,없음,0
yabnBDEEirs,없음,0
uFy9MCZSi9w,없음,0
DfQNu7I2Rfs,없음,0
fM5_IkVTT7s,없음,0
qEnDWhFXgn4,없음,0
gonrs7I-Vwc,정면,1
t3elqm2xVIA,측면,1
dd91hS98UN4,없음,0
ip93kZWk5lo,없음,0
mXB-nf_Ls_Y,없음,0
pKU-1t-pF68,없음,0
BxcoyJT7kbk,없음,0
fsLhRnK-7Wg,없음,0
slyPVIckjv8,없음,0
TwZrkJ15_nE,정면,1
g0p7XlEotgE,측면,2
TLmQ3aeAJFM,없음,0
LUbIDixWBZU,측면,2
4IhLfIbGRo0,측면,4
vklXYd2XgDs,정면,2
SiRqf6DfPLI,측면,3
6JSt-c5Qipw,정면,2
JvwHZRfVs7s,측면,2
oGZiA9x2Ci0,측면,2
QRx-f0E4bcU,없음,0
bF59eTxm9cg,없음,0
HuIGXH3xyl8,없음,0
J7AptGB4QT8,없음,0
fWpAsT_m69w,없음,0
Vnr3oh1TKwA,없음,0
WMYjJwIiGNw,측면,1
Fa-7sCzqzFk,없음,0
ikcIaQBueRU,없음,0
x6Fl5SsmLwI,없음,0
-x-DJM-t4uA,없음,0
urMBv6h0WJo,없음,0
ds_v7M7ByoQ,없음,0
AxD_m2qKfLs,없음,0
2UJxgbK2RL0,없음,0
ui-9Xpwahdw,없음,0
u4XZNntWP9c,없음,0
4bs0XfK9YQg,없음,0
1h-fTWRBhPM,없음,0
pt2VQaPQS7g,없음,0
RBMzE2K3S94,없음,0
dGBf1ZI3haA,없음,0
h7MA3qKncX0,없음,0
aYdRyn3gnpk,없음,0
TrxsH7oc25Q,없음,0
a-OnnFAMjO0,측면,1
FA-v8scEj1E,없음,0
18MB9UCQ1hs,없음,0
gIY7DrSclQk,없음,0
fcwUDi4dIk0,없음,0
xunyXempa54,없음,0
Vu7QMo-qDTQ,없음,0
BZHxGYGffcY,없음,0
ul88CN9JvFE,없음,0
SXc6FzN5lUQ,없음,0
rMJ67sAuHmA,없음,0
5nVqCih6rTo,없음,0
tlvIN4aCZDI,정면,1
udNdstVXWiY,없음,0
0i_Sp7FfFu4,없음,0
_aMNX42a0QQ,없음,0
j2bKLj8WR2g,없음,0
8V85n4LDz_E,없음,0
IlZE-KaI5Rg,없음,0
CtVVskGYv60,없음,0
M000KyX_FUE,없음,0
TFvSO0H40Ag,없음,0
4E4JPf8q-YE,없음,0
J_iIDqPZb94,없음,0
UjJilC4kk4A,정면,1
RZrxUeiP83Y,측면,1
vZmsvb8VADA,없음,0
dyoRjlizwic,없음,0
l7jCPqzojyA,없음,0
McjZTmUTUOA,없음,0
qPyP4Qc7sKs,없음,0
mNpTBGqIRxc,없음,0
Fpx0hbIpB4Q,없음,0
nH8T2JhbZQk,없음,0
NuYm1lLEtxk,없음,0
3eUdQ5ImLec,측면,1
nXXBgYkWCBU,없음,0
pkZwCDpgbsE,없음,0
sK1E2g06P0k,없음,0
ApnpGqx8ccc,없음,0
Uf3KEnCJw3E,없음,0
Iw1vb-Sq6vo,없음,0
17xm_m8Nl6A,없음,0
S90Z0NIzPo8,없음,0
8Eon2aUCdWc,없음,0
KQDnJ9Q98ZI,없음,0
bGxgzfeeKfE,측면,1
3jC6Fc9WB4A,없음,0
pvDTb--oCKk,없음,0
mxUNOXsLmfA,없음,0
tpha-kfab-8,없음,0
z9I2RIXS-XA,없음,0
pqpP2wpJSis,없음,0
uXK3iPTYQXA,없음,0
65KMXwIzH8o,없음,0
EXpyjJULoiE,없음,0
t0G8FK0DxoQ,없음,0
Cfow5DnXA2c,없음,0
HYkdsY27PK8,없음,0
5Ebr4kQJk6g,없음,0
w75C1SsTRRc,없음,0
CfVGiHTd6Kc,없음,0
lrL3_kWcSj4,없음,0
CmwfVfzkue4,없음,0
o6BR47b4nqU,없음,0
QXSG2V2nuaM,없음,0
lMskjRfSBJc,없음,0
PyrJtIkJLsE,없음,0
LkokE7f3qkg,없음,0
K_quI_5-b8I,없음,0
HvuKPiHgHLo,없음,0
cmgCFRUQLXI,없음,0
v-PfepPsSUs,없음,0
WTetr_o5Lq4,측면,1
E3tLwRIIMVw,정면,1
GW_a2JocwIc,정면,1
C2094JepiPk,측면,1
E6tB-u-GiL8,없음,0
zfbAQBi_I60,측면,2
BK9Ctnsgvdg,측면,1
SiYVCL65GGU,측면,1
0iU3P5k2duI,정면,2
qrBVXG6XiZM,없음,0
FlM2OitUZzY,정면,1
FTzKChIsbUU,정면,1
C7dYM5rNUv8,정면,1
iK1UkMfzxXY,정면,1
tVQQKxsJEOk,없음,0
QJS_S_6CX3o,없음,0
5YyfohE3cuU,정면,1
HGScvQDvh90,정면,1
5B6qWgWt3yk,정면,1
tpGUwstaEbs,정면,1
aOwwBpSVX7w,없음,0
C3C4JAHQAy0,없음,0
lvvFUiy8c80,없음,0
HIHvscex6f0,없음,0
eexdIYIfsFo,없음,0
19xSqnCdutk,정면,1
HVltX3gxbPU,측면,1
wiqMY8kUloU,정면,1
vyFO_IJPdmg,측면,1
wRvuToCi-Lk,없음,0
USTXmmAo1xA,정면,1
cKP6D30zSyU,측면,1
5MdFoewIsIM,없음,0
jCrzO45GVB0,없음,0
Xq9oj2b668E,없음,0
IEbCXs2OTJ0,측면,1
YC2VL4BL_m0,없음,0
c5w_tSYXeZg,측면,1
1bOEpnGV2JU,없음,0
Mcg9E9FuBSE,없음,0
zCPkJvecGB0,없음,0
2LEHgTyqJrU,정면,1
UZij_WOW_mI,측면,1
jklc-uWUDi8,없음,0
tOqOQR9OCZg,없음,0
97HIzB0570Y,없음,0
kd5gF1T0N0w,없음,0
-d_1PSRcz3k,없음,0
Xwc9ZRETz4g,없음,0
pZH23syB4pY,없음,0
s0mZsRcwEj4,없음,0
0GdSZ3oWoHs,없음,0
a7CgtfqcJoU,없음,0
AOlwL2lZomc,없음,0
Qc-YiMxlbco,측면,1
UQBajf88fEM,측면,1
-65p10bDyII,없음,0
7gqXAy_Z3Io,측면,1
OeU5sWrP_Bo,정면,1
_fUhyndyNAU,측면,1
zuhThydHnKo,측면,2
taq-7WzEP8Q,측면,1
ledUG0WDkiQ,측면,2
X86CUCPPa58,측면,1
ltY00X-s9F0,정면,1
0YM9cjQjjIs,없음,0
BCKMVcvb0Mg,없음,0
OIfVNIy9Iac,없음,0
It3iO-dGQlU,없음,0
tuMC7DZAr44,없음,0
R7CxhBJxbmw,없음,0
c8oQc4_Cw1o,없음,0
i7Haf5LG28Q,없음,0
gCXeuNORHcc,없음,0
Ebcllhji-Cw,없음,0
RD3buhJmqOg,없음,0
gB31ePrak5k,없음,0
OGgLHa7ziMw,없음,0
omlkkL8IiJI,없음,0
EgLFLO5ymbY,측면,1
HI8d4-sFS04,없음,0
qx_DWxeVfrM,없음,0
yzfrTtH0REI,없음,0
AnwPRztipxM,없음,0
eTuUdRDd0Vs,없음,0
lXutlcuI9C8,없음,0
ja-GSMYmxlU,없음,0
5z3ZOqYWAMw,없음,0
b0-OrsqgrC0,없음,0
DWfEFU7bhIE,없음,0
9tI2FJMhypo,없음,0
7fNN4lf6_sY,없음,0
8mIbX4OV3_g,없음,0
fRF7RENuA6M,없음,0
n-DgfJxN534,측면,2
cOHEgs3sQgw,정면,1
uS_NSd1mWxU,측면,1
2ioqh6-xRog,없음,0
th6ZiV0O13A,없음,0
S6EYmlgNjWQ,없음,0
cz55KmJaUPY,없음,0
ZPacOTiOSI0,없음,0
grzD-p6Eou8,정면,2
POoOhnPAF0c,측면,1
TOR7qSJUvos,없음,0
K03X4Chnf90,측면,1
Pj7CC-ao2iA,없음,0
tDtID0X4Ms8,정면,2
j0ZGtCd9ZoI,없음,0
GXqMAK06tZg,정면,2
2_rKhP5DSKE,측면,2
-oJVLqvIWQg,측면,1
bxhQ21ureo4,측면,1
e9TEpksyvkY,없음,0
xzByNZpMI7w,없음,0
Y9bTCCQRs3g,없음,0
Mth2aQO9WRM,없음,0
IDshNUGteOQ,없음,0
QhC3IOf6n1U,없음,0
yDiDM3aGeO0,없음,0
JQZrmWUV66I,없음,0
FjbMnCwB9l4,없음,0
MgUkJXQ3_k0,없음,0
HEDb1DrmBSo,없음,0
Unl_verxQyY,없음,0
vNfjqcPNkHo,측면,2
a6LeOsGBBWA,측면,1
MLBc3SZ1wqk,없음,0
RjszoguuWfU,정면,2
tixxus8GiEk,없음,0
EnPSxLP1AVc,없음,0
T626HAAJ7D0,없음,0
1rHQU7Lztis,없음,0
2Vu6fX1BoCQ,없음,0
diFQ0SGYNRo,측면,1
FTQ9xQDoDvI,없음,0
uIHMuzXwF-U,없음,0
z3p5l3aVOyw,없음,0
KjxFW0Gt7xo,없음,0
PQ1U7jRCvSg,없음,0
jNn7hvyBSYs,없음,0
8VY3bojHrLc,없음,0
DDqO2icctNw,없음,0
jzQVO7w3j0c,없음,0
4bk2x4ty488,없음,0
fIt9QCpghZQ,정면,2
wVBkD9aoRBY,없음,0
H8Gpc5neGRU,없음,0
TLlbQcgJ1gk,없음,0
IlCLNg1kRKA,측면,1
O6JPHAlvxbw,없음,0
CueQ4xn5OG8,없음,0
cmzZ-kRPMgw,없음,0
ETvTir66WZI,없음,0
kcdWtLF3WyY,없음,0
O7mkUJvQ4xo,없음,0
nStJguoTAD8,없음,0
iVO0WJTBaXo,없음,0
zQZ5gSeMUs4,없음,0
XEFKLtOF_X4,없음,0
RB3euBtHXRk,없음,0
PxyA5FIoj7Q,정면,1
q5cK1HTTeaM,측면,1
MVqu43sXcO4,측면,1
klrQmbLkuuo,정면,1
HPPdNIvu6iY,측면,1
EtwCdnPpnZ8,측면,1
P4zeF_xQfrU,측면,1
dPzP7RpIYm8,측면,1
ywNM51AoqRE,정면,1
k89fgGQGyhU,측면,1
en-i0mUK7ss,정면,1
nrX961S78jk,정면,1
9IpLbzCCN2w,정면,1
PVp3t058kko,정면,1
Z-q595gwnxY,정면,1
OCt9ysEJLRU,정면,1
5OebDZ9GKk0,측면,1
LQsLOV7xm8k,정면,1
wkv7zTYoAT4,정면,1
LPzQ29wl-lY,정면,1
PEl2XHLRQ-c,없음,0
UV_d1cJM998,측면,2
M2n-zEclIwI,측면,1
vq637TLUd9A,정면,1
2KdUPsMCEXA,없음,0
RbqtQuha3pQ,없음,0
j_ZnTAzOI7Y,없음,0
NFRefNZYUQE,없음,0
jJOewHCnDdY,없음,0
FqWU5q-gpP4,없음,0
GZqvYOrkiIM,없음,0
w_rKrfmjT-I,없음,0
t6ocwfetbPI,정면,2
7-WXZRn91ww,측면,1
0ZfAPTIrQCQ,없음,0
P6rfrM4TNvM,없음,0
68qXaKAKfVw,정면,1
CgzqHwT6AFA,측면,1
IRbsZQj0GoY,측면,1
DK52M2guqUo,없음,0
SuoydmZNBek,정면,1
H2pa-ISlkxI,없음,0
w2kSGfPTYLU,없음,0
PWsYq77e6Vg,정면,1
tLjyFSZLmAo,없음,0
vwGIZQsGLek,정면,2
aDc1rth4fcs,정면,1
I4nB-9vEXLY,정면,1
NphpLCT-Wgk,정면,1
u62JeCyhANU,정면,2
SWIfgoC8pNs,없음,0
wyt2wAhzwPE,없음,0
lligL3YiWn8,없음,0
M7e4xkCgNsM,없음,0
H4loAuUAxdk,정면,1
8MxUnHncrWw,없음,0
30BzrxInYDs,측면,1
DGMkfnD_Lsk,측면,2
2K49HfMP9kg,측면,2
xPFXZ_2ng4s,정면,1
73c14Jz1u5Q,없음,0
MK6rWLoeBmc,없음,0
H_bj6FuCxYU,정면,1
m0T1YzQ4dWk,정면,1
L1TUPQJ01C0,정면,2
1iM8L-aaReM,측면,1
1egTdLyQe8M,없음,0
dM3tF6RYBEQ,없음,0
WLVok1MtaN8,없음,0
euq5Z-zuahE,측면,1
jWTz_YNFhp8,측면,1
0HmhBvtRo5M,측면,1
0lCQ4M2BQe8,측면,1
DOhgkQwotHo,없음,0
w4qFyPHcRH0,없음,0
ln_j-CUblu4,측면,1
J4fu80NQCUI,측면,2
RN8QERFvaU0,측면,1
u0E7oGGyXhg,측면,2
VBfudEsio54,정면,1
g-v2uakV0Fo,정면,2
o3oD32zeBPA,측면,2
0uTlnLpMxqk,측면,1
mv0ye1t7jIM,없음,0
sDDG24kaXdI,측면,1
wgaNEqeZFqI,없음,0
rC3LfgcUxUM,없음,0
_XaApXvHMO8,없음,0
yKZbp_Yaow8,정면,1
O2umTAXtfCU,정면,3
lItNNNTsry0,측면,2
h_WGSL3riDI,측면,1
CYbsBAm0Csw,없음,0
5lqEO9xyt28,없음,0
dJi6llKTiyg,정면,1
OVnwA_RGpWU,측면,1
iifCaU8tQ9k,측면,1
Lbd-zWv3r6U,정면,1
-C5fRs9nn-I,정면,1
71vam98vn-I,정면,1
yolnkBn8e-w,정면,1
oovBzzNEFMo,측면,1
YQtdqbhfORY,정면,2
8QCuo6lgWls,정면,1
VN4huUPvBFw,없음,0
GZB0DwNO0uw,정면,1
SdqWwn6XeK0,없음,0
0MT_1gn-lrk,없음,0
GwaXOAsFADM,없음,0
wxKUCTm9XWc,없음,0
7JkK1POkBIE,없음,0
SWvXzLkuIyw,없음,0
Mv0LspNA4pY,없음,0
5TF-4IxfmqE,없음,0
8-9C66LVdSo,없음,0
ies8JgLTcFE,없음,0
4ZoQx9DiW4c,없음,0
quXw3USnrsE,없음,0
25-q2NWz2Vo,없음,0
bmfyZj5D9Us,없음,0
CsNHQtzCFJM,없음,0
YIj5os90kDU,없음,0
DfptP2lhNmY,없음,0
nbWQErnDzZc,없음,0
JMq-yWY72PQ,없음,0
ObGo-uv9m3I,없음,0
sLRuRCpyLm0,없음,0
r8CK_GshP4A,없음,0
tSOmqUnr39w,없음,0
JM6TmhAifNc,없음,0
sZ3GWoL2mu0,측면,1
n_KhiOIhvZI,없음,0
ToVR4lW3BuI,측면,2
NCnXYrfCAvg,없음,0
UT-5SXNdR4E,없음,0
QnTDk4AQ2VY,없음,0
7CQrOTTkl5w,없음,0
317nV3hgFYI,없음,0
8hDKPsB-MHg,없음,0
4Ai_HVvlj84,없음,0
ZTHi5AMciqQ,없음,0
el8hZcJsqDc,없음,0
3aupfPrSd1E,없음,0
NbHBMNL1h5A,없음,0
iFE1n7N8NaQ,없음,0
MjWjpUbhxsM,없음,0
ivGSvzzSM2g,없음,0
Nao6AJEuPHU,측면,1
029hXF08XNs,없음,0
v2rHTWOWo1k,없음,0
kzMecK_P2Ls,없음,0
Gu3jaiL8nCo,없음,0
Dbf9InojZDM,없음,0
-YB7mIDob0g,없음,0
X1EaN0F98Pc,없음,0
eH4kPue92jA,없음,0
EmK7dcc5D84,없음,0
_C-kGbK7kEM,없음,0
yJnGd54OBNM,없음,0
0dkwexatNqc,없음,0
mmM2JpCdcMQ,없음,0
x23M-5Mg7No,없음,0
5FvfXGETTOI,정면,1
U8MRKTk55DA,측면,1
X4FoyR37ndA,없음,0
VGPunatTVS8,측면,1
6vNS8TyFgk4,없음,0
-3QzVS-ohx0,없음,0
IrnOTIpGnVQ,없음,0
G2134VCrleQ,없음,0
_JilDwcxRQ8,없음,0
ToOV5tMuYKU,없음,0
1ndU8JAi4cw,정면,1
_buJ0y0iQ6M,없음,0
3Bmvh0YPynk,없음,0
n919ePr0ZEo,없음,0
YUV6vSVpdH4,없음,0
IQo6dy-T6U4,없음,0
IehMYyGvnGg,없음,0
Vl1c0Rc7c7U,측면,1
rnpFiRpgsNs,측면,1
IF9DPtYklLQ,없음,0
_yP3NFITY90,없음,0
iY6pMe0mtQ4,없음,0
ZxVBg45ENe0,측면,3
P4v3XKA9lkU,없음,0
gy8wuI7sL04,측면,1
ykPykZFFr9A,정면,1
1tIVpMtdUhE,정면,1
cvt5uY-Zk44,정면,1
pkghWO_uG7g,정면,1
50yKswfp_oc,정면,1
meido5KtyTc,정면,1
kMQwGMosKTg,정면,1
QxCgc2fgbHw,없음,0
ZIePM0oiawY,없음,0
Xks6f66l_KY,없음,0
wrOcvLm6uFE,없음,0
h3zElKJ3Q_Y,없음,0
yqm8VsfZjLM,없음,0
EbU4EamtqO0,없음,0
0FwjIG7PWRo,없음,0
Ylmnv6hFCPM,없음,0
jXFraDwiOc0,없음,0
iIsb035h4FE,측면,1
EOHd9DPFAwo,없음,0
AkfazSqXQuY,없음,0
uzZrDmy7OqA,정면,1
TVmgCAERDUY,없음,0
7DF5DoDX3vc,없음,0
rUlcpYx0S3Q,없음,0
K76UD6brUlA,없음,0
OiC3im5i32c,없음,0
0EP6NkFj2Kg,없음,0
zhCveohP8xc,없음,0
UxpIy5RsKjo,정면,1
3lb2utBWBFw,없음,0
rzbGpcNFhGI,정면,1
3Qy_X7pTEhw,없음,0
PYzHddx_Z9w,측면,1
cjyxnj9cIwg,없음,0
8PKUOGPZWMc,없음,0
bUAYqFChPYY,측면,2
qvA9LH-jCrk,없음,0
BEAOSYtP4GM,정면,1
CusQlEPPD0A,없음,0
cfXyPXW2wt8,없음,0
uhzLi5RMSDg,정면,1
dHO65813dQ4,정면,2
5KkofrhZuQ4,정면,2
L9XNxaLpezo,측면,2
tPMBKlFbTDA,측면,2
mDe1ptn_STM,측면,1
BusEBV3X7BA,없음,0
_PxzLm4r7mo,정면,1
EtN4DspcOUs,측면,1
yOf77YctpN0,측면,1
7RuMAgWa4lg,측면,2
lq1ww_Oh_5Y,정면,1
3ZuUO_oNPQw,정면,1
m9lJhNMmzDo,정면,1
n-B6fEEWsYU,측면,1
mZpydOph3BI,없음,0
KNhWGq7cJUI,없음,0
EXs734S9FrQ,정면,1
wesrdOhgBKg,측면,2
HfmzOTaOfd4,없음,0
UZwO1NUaPg4,없음,0
eE7bSjALUBc,없음,0
9lk4iAGVwRA,없음,0
HrNm7Mv_jFk,측면,1
09omadJ4Hqo,없음,0
R31KmMjoSb8,없음,0
6SDdpER1PKA,없음,0
rD7hGthFyZo,없음,0
QEoEIR629eM,없음,0
XsHuKlOrguI,없음,0
q0CS1bOQxfI,없음,0
S2B9SHw3LkY,측면,1
VtePqByZ_SM,없음,0
j_eYOc8U9F4,없음,0
WV6EfoRw3qY,없음,0
G5Dms_SGNHU,없음,0
WtjVlO6m0lA,정면,1
YcpJrk5wwGI,없음,0
tqfSf9tWUbc,없음,0
PJJIoUlz_vA,없음,0
ZiZHnSK4VAk,정면,1
ymMgMdjFoVE,없음,0
j9LCpN9gDYk,정면,1
75-SkWM26k4,측면,1
CNW_7oS3j5s,없음,0
y6oXIC4-cv8,정면,1
_07l_07m6xQ,측면,2
bshYHxm0odc,없음,0
vPiXDzHo6nQ,없음,0
VoyhcGx0kwg,없음,0
BpK8ICL6Rik,없음,0
4ixiMRInQmM,없음,0
rkIVA00GOh8,없음,0
SBJb-vxkFps,없음,0
WDN_v2OkmeA,측면,1
hurWktvwUyo,측면,2
OufEc1pHpxc,정면,1
-olm-ksCvEM,정면,2
Xa9QY5iH7OE,정면,1
EKtQYe2kQk0,정면,1
186MJ6cjBZI,없음,0
m6QtJVOJQYE,측면,1
0VDlD0hGWiU,정면,1
YWc1pjduPGA,정면,1
2rjgirlUt9g,없음,0
ZWAlFVb8qQM,측면,1
oqg7MOeB84c,없음,0
JSxwt33tB2Q,없음,0
W7sujeX-6pY,없음,0
yXGZdgc2uXI,정면,1
HmKRi6_06Qo,측면,1
NgIZrVuIX5A,정면,1
Zi_nEZveso8,정면,2
MK-BT-Oe1Us,정면,1
GD1ZE0sQ-Mk,정면,1
i7_Op8_SDwM,정면,1
znsqF4fBlhE,정면,1
TyYh_4J5bZo,없음,0
UKhPvzdRpbI,없음,0
quDTtBSmPKc,측면,1
AAEaUAgxjvg,정면,1
IXZIrvmJECs,정면,1
_KuWzXmt1_4,정면,1
9b3AOwjzxlc,측면,1
IKVIWg5HvbY,정면,1
4L7TQs0hFuA,없음,0
oDMIEa7VYj0,정면,1
RrEzyYHZLNk,없음,0
ZgKQGjqPAEw,정면,1
d50CIxRk-i4,측면,1
bAALQ19eMUE,없음,0
u65H_dA7dvM,정면,1
ooFSIF5c06w,정면,1
QV_U7rTOWjk,측면,1
WR_Lm-IFE7U,없음,0
8R5s8Pc7t9E,측면,1
wMpgmTm5RSI,없음,0
MLmTRlrZ1BM,정면,1
xIpSrDlNt9A,측면,1
IBTbgsVFW0Y,정면,1
L-sRAUyrZQ0,없음,0
J1QMbAV5eRo,없음,0
VgpyGeOzY6M,없음,0
419bd2cRqiE,없음,0
OU-2qQwBpwY,없음,0
GaO6VNxjxM0,없음,0
fUj0NRr8msw,없음,0
fR0Bnf1gGUg,없음,0
G4S3gu42NSU,없음,0
VNkWezWOBZo,없음,0
1xFJEOTkB68,측면,1
8YMVvzeSMbU,정면,2
Vl2ttCGIY8E,측면,1
LzHtz7NouJE,측면,1
1IPWzYtxkpk,측면,1
bbfHPhp6Cjg,측면,1
RrjTRAVzJxc,정면,1
2KEPjKT77Uw,측면,1
y7C96ik-El8,측면,1
IJUUAfEMRQw,측면,1
9EWktjAvPFg,없음,0
NTH69eWTFxs,없음,0
gMj2zVJfSek,없음,0
J1l5EC0edzc,없음,0
_Cp2O9gkBpo,없음,0
z5eryEhlABo,정면,1
E5b13bg__IM,없음,0
hIPdllLiXK8,없음,0
Eom7iN8mkBA,측면,1
Kynu_4dS6Sg,측면,1
eii44Wvzc0k,없음,0
8CZLl-AYi2M,없음,0
KdKNT619bz0,없음,0
GRcpP_Rmkhg,없음,0
vbYfX8OMzHg,정면,1
g9YB00MSWBk,정면,1
mAUhsvOyCyA,정면,1
CH6egjruYmo,정면,1
y9SUl9NtLq8,정면,1
vLZPFvHdwPw,없음,0
FIH77NLgZfc,없음,0
-xiOfMMwRSY,없음,0
HIxMMVbyY-c,없음,0
-BCPTdAsUn8,없음,0
JGWFImZGgUw,없음,0
pQnLFE6IS8s,없음,0
2pLK0sfjsXU,측면,1
RieciDLBALA,측면,1
h85-zDvNG2k,없음,0
PWdXSlcCNxE,없음,0
JkvLQZLrTH0,정면,2
AiKbtkzPa3c,측면,1
M7Ju19d7_SI,없음,0
fOCSCR9pEQw,없음,0
x2iuomgaswE,측면,1
k_HlalQdBKA,측면,1
2TYT1Tc835g,정면,1
GeihafFdb4M,측면,1
Kkm9IVm0Ino,정면,2
-kxjbg3KK7o,정면,1
FtI29DJbbIQ,측면,1
KOPJunxj_L8,측면,2
zXvJ7OKqC3k,측면,1
Oxof219hjIo,측면,1
noWo1Hv2NJg,없음,0
lA5wXSVPYbo,없음,0
kjpsAHb8Xi4,정면,1
RJSn3FmcL40,없음,0
eKPzFrui-uY,없음,0
6EIVg8aZLXE,없음,0
81VS9fH95Xw,없음,0
b_ptvaR1U_8,없음,0
tePvlXHMef8,없음,0
11WyLu9njas,없음,0
lrW14A-3z-Y,없음,0
jAzimNtmBIc,없음,0
RwmXGWE_wPY,없음,0
UgRm3I-BB4k,없음,0
lwjPXZd0Kdk,없음,0
HRTKdnEXGCE,없음,0
Nu7qkj-xqZc,없음,0
xk60Wow0oO8,없음,0
wiGrF_BsxfE,정면,1
U9T6rdViTPQ,정면,1
nv_Yhwnk7Zw,정면,1
mGGCP_9JKWg,정면,1
fNCxPY0X2vw,없음,0
ZEO1J4d895Y,없음,0
DwwM_4NAdqk,없음,0
PGTKrBD2H9U,없음,0
kA791AO4ZEE,없음,0
GhCoVmUD_do,없음,0
tgBveNWpgCM,없음,0
VWrpFeq1ZEM,없음,0
jA6DhgVcILs,없음,0
88hV-jPz5XM,없음,0
JOZ5SPA21dw,없음,0
FuBNZmOSxus,없음,0
boadg6eQA08,없음,0
AEAKXH6Sxf8,없음,0
fZkn5Atww38,없음,0
mAqprIZl6bk,없음,0
K-vRa6d2hMo,없음,0
vvfgOQ80NCo,없음,0
f_pnC65BkfU,정면,1
HzB3LRAuS4w,없음,0
i26qBTriZNU,없음,0
AnPOla9y98s,없음,0
HoYjghYL9ho,없음,0
Xdw8rd1nHNc,없음,0
7SPKvIyurhk,없음,0
nnbA2Nm7AuU,없음,0
vdZvdUgKhHE,측면,1
3DsezYjLS-I,없음,0
tNQbuxGabXA,정면,2
bMhd2Hm-jIY,정면,1
T0AhpCIjhis,정면,1
WXE4CQzNCcI,정면,1
L4jCT4CDx1Q,없음,0
r2C9ICkETNY,정면,1
7ZCPzElK0zU,정면,2
63T-rDgWR3Y,없음,0
1l3h5Dy-0-k,정면,1
X-kDTxZPjdg,없음,0
i08fh8ME9kg,없음,0
KrDQ4xHmP7o,없음,0
vSJ9XOYRCos,없음,0
vu4_zyFahew,없음,0
zyPzetrxW8s,없음,0
oiDI9uTpmrE,없음,0
Zxc8W4w9ATc,정면,1
YtjAaMY-UTc,측면,1
A4r7NA23TY0,없음,0
Cve32KV_7PQ,없음,0
eKo4IB-dsME,없음,0
RREU3EenkMs,측면,1
bgrjsh3lXcQ,없음,0
XNPRiQsA7S0,없음,0
llbih1KZwjg,없음,0
prSufsq1ohE,없음,0
JORVdvlsGQU,측면,1
16fZ2jP-zN0,측면,1
WGJXVFwB7co,없음,0
SYkpTFwhWu4,측면,1
BsztF8GGrjA,없음,0
c78EPIZgoI4,없음,0
e5BunXo4guA,없음,0
FyCQj4vOzvE,없음,0
NDoUGZWKI8o,정면,1
Kabh-FHOAyo,없음,0
LJ4legHHwK8,없음,0
enL_OTGRwYU,없음,0
xWqr8qeV1qY,없음,0
sM8npDJHYkA,없음,0
HAL3JLf4vVs,측면,3
8rPffPi1glI,없음,0
ah9NC__dNUU,없음,0
Il3ldNxTRS8,정면,1
94NLnyU5JGk,없음,0
9jpBgKNlWUo,없음,0
c980GzFOYrk,없음,0
9cLrh9VKKCA,없음,0
1_oGk2yrN-U,정면,2
i8c3fYiCpTU,없음,0
h02OGZv9yhA,없음,0
qtvS1DyryfM,없음,0
urvGFyfatIE,없음,0
mnv-y3Tfycs,없음,0
SDiYJfCAIUk,없음,0
YS7kfxIaQH8,정면,1
fsViXLttsR0,없음,0
ssceveCNHR4,정면,1
zcAkY3zkDHc,없음,0
i0Giqn_rvaA,측면,2
Aj20aPpzE40,없음,0
6ksyvbyNUUA,없음,0
-1_7FLMlZI8,없음,0
jCFOdbe7x_s,없음,0
IsPStBQBgJE,없음,0
Cyb71rYDv48,측면,2
NHdIpR5edfY,없음,0
QWNWG2lc6kI,없음,0
BUPbUsftM2s,없음,0
6WdqfIIZGT4,측면,1
XAvf3hyJTEU,없음,0
uJqU1buDldU,정면,1
yU8l8V9VGew,없음,0
ObsdeBkalbc,없음,0
Ii_jRjzwOJg,측면,1
ddazQ9f0MmM,측면,1
BJLRv8XVLqs,없음,0
iBFy9fUIxBo,측면,1
eAZwCRfr7h8,없음,0
rKhXzakXnxs,없음,0
02SfUh9I57Y,없음,0
3Uvccoq2Czs,없음,0
O1fcYk1to8M,없음,0
wj07j28Y11Y,없음,0
P3Sd6Qnbwok,측면,1
XpgJ6DvjuI8,없음,0
YvtcYOdbjYY,없음,0
vL0cEZ6fEuE,없음,0
qtGPvlhUVGE,없음,0
FfdxSeM8V9g,정면,1
SWaFVS2s23A,정면,1
A3kS5Pkd6QU,정면,1
tqiEuf-Mnng,없음,0
EUTGv8JWLd8,정면,1
NZG6h2BX2ik,없음,0
0Mx_qanw-xk,없음,0
mdAT1B51-DY,없음,0
3cOXo6XlJLc,없음,0
XGaVT7KND3E,정면,2
nvoZvz2na4c,측면,3
9710Elyn7KM,측면,3
MtigY9Yv3cc,정면,2
N6TC7xwfgLc,측면,1
lGduPo6KwiM,정면,2
f3iGzrb5MwM,정면,2
Js6mgwkSPA0,없음,0
A6V4b7jq_vI,측면,1
--nYQqvVXkk,없음,0
vNQJzpx7OxU,측면,1
nvAz1GjP2jk,정면,1
4K_cVc6KkYI,측면,2
Kpr1Db1nZk0,없음,0
2LO2_iasFoc,정면,1
2LCU2O41JLw,측면,1
qMoz7SNhbgI,정면,1
9ok8KVjezy0,정면,1
iIwKSHv6p9s,없음,0
-C_wdiEWAK4,없음,0
umDM3Kgw6GI,없음,0
rEYPtCp5ZE8,없음,0
Ow0gGg1aBKA,없음,0
h0QWZQ6A9aY,없음,0
VRqxrRnPz80,없음,0
XdVKPcIJU50,정면,1
2OpWo-A2iok,없음,0
n-jsb0PtC9k,없음,0
1h04Ujpo89U,정면,2
PCKDEVwmZJc,없음,0
gTDfen7TL4U,없음,0
2f0tLEh8Smk,없음,0
LjYd7Z7R6yg,없음,0
SvpFjGVuj9c,없음,0
maUMHs0qLEg,없음,0
E4X7-pYN9bE,없음,0
M5lyAjne6aM,없음,0
dkv0gc_OmMc,없음,0
nPIKMPOyIIM,없음,0
1tTcRikNEng,측면,1
CXD1Lm_4IWg,측면,1
mhR9QjY2u4Q,없음,0
q5EFkqK4dlQ,측면,2
tEUZlWgw0DQ,정면,1
lmcgE_g3Jyw,없음,0
DTWjlSyyr4g,없음,0
TiBtM5qXGoE,측면,1
nRABbojwkWg,측면,2
MBgeWN0QbyY,없음,0
MTrKtzYG5_A,측면,1
CT8xDr3jMrU,없음,0
IBje8YCoxrs,정면,1
SAQExK5SFxI,정면,1
hRArRv3IOFs,정면,1
IEURX1xKR3I,정면,1
3dQQ2Q-J6GY,측면,1
ZyI5ci52A3g,없음,0
JJG9YIyFk-Q,없음,0
Ar5YCZaCQHY,없음,0
X_CARBq9lWc,없음,0
tRn0BDJ8I2A,없음,0
kyt-eEdElgA,없음,0
TRxbWPCCfVU,측면,2
x642K-8037Q,정면,1
HGrCgUToKCM,없음,0
Ny-mDW03Ai8,없음,0
aK78kxryh6w,없음,0
UuiVPOYTx60,없음,0
Nd6F4Y0FCTI,없음,0
tPvzhnwc_Ig,정면,1
PozHJbWzDug,정면,1
5IqhF3BAQZg,측면,3
32YJFdO4e1c,정면,3
EItjgHdbilA,측면,1
UCiaEdlJ1y8,정면,1
U-3aeCcFqOE,없음,0
5lKxykfUQfA,측면,1
NOr4VNtOO_0,정면,1
7zwTmp8LBTg,정면,1
r7C6D_pHv8A,측면,2
nmJFxQQeFT0,측면,1
y6m0z3ajOA8,없음,0
Ek09No6ZxJs,측면,1
Fn-IPfxE5HU,측면,1
NuMwQg8yELQ,없음,0
4AxivHK8jHU,정면,1
Oyj0_sKslY8,측면,2
CODkNi-yBO0,측면,1
rdg0ieCOnaA,없음,0
v4vrr5OfR2k,없음,0
AhD-bB1oADM,없음,0
qjRgExSY93I,없음,0
xm_pd1udpcE,없음,0
PQ0s489p8zM,없음,0
uXCS8Se2yaE,없음,0
Q0G5KTtPb-s,없음,0
YPLFW7QbQQQ,없음,0
th33dlWF3FM,없음,0
roRc3JHfucM,없음,0
YUFCJarzWJw,없음,0
UnqJytzSzPE,정면,3
53ElAGpRQEI,없음,0
fe9i-NBOa3Q,없음,0
Lbb0E7e2g1E,없음,0
GFn8a1O8BNQ,없음,0
OtBHXcod0sQ,없음,0
vSatuJ99PHk,없음,0
7FJhBkk91_E,측면,1
_ZLxiPOSmaM,없음,0
eq2MN2MWphs,측면,1
4TIUQggazVw,없음,0
cwN9vMNY1q4,측면,1
r3eBZ73uzmQ,측면,3
rRO0eCY1eis,없음,0
EKAKu235sw0,측면,1
HwiP-1O0RDg,정면,1
q4tKOT81qhU,없음,0
5VlbTCjA5ks,없음,0
66XlJwu45Us,없음,0
091SWONRg-U,정면,1
0qLOHQ3-syA,없음,0
m0l6YGIYI9I,없음,0
xKT5GmXYJfM,없음,0
FoVYXylTIJY,정면,1
WPqQ6x5_nrA,정면,1
RjDGQCj5ucA,없음,0
sFJOCJ_J7DI,정면,1
H35YXFYpCsQ,정면,1
2jiX1kJKl98,정면,1
0rN0w90L5eo,없음,0
n70_5nrBGTM,정면,1
2NUGuMVzS7k,없음,0
zgfBN79ggWE,정면,1
nLKYdj3l74w,없음,0
G030ZoL6HSM,없음,0
xNKtd68A2QM,없음,0
9beXRqIWiWI,없음,0
Pbh6Y532WLE,없음,0
BALELXv9LQ8,없음,0
DGhN1A-IO9w,없음,0
i20Byg--4iQ,없음,0
RvI9shaBr1I,없음,0
O-jjgqC2_qc,없음,0
9NL0j8-UT4o,없음,0
ooLpcNiFXCQ,없음,0
P5SkjLbmpbU,측면,2
EKwnLp6ts6c,없음,0
d1JdKuxEd_U,없음,0
jkBY5NNOAeE,측면,1
7CYK6Al9raQ,측면,1
V9nw4InA_go,정면,1
6dCqDDPbd8g,없음,0
psAQocD06mE,없음,0
17zv0axKAmk,없음,0
-kHDcmTZ6qo,없음,0
Dfk1_BzTqBE,없음,0
to3mcPswf5g,없음,0
8JzslTJ2y8M,없음,0
t97kZDdSiMg,없음,0
_sWI5ra0H7s,측면,1
Cp0XT74lTNc,없음,0
lEQeHPl2-0Q,측면,1
0leQ2tMx_IE,정면,1
c9ud9I_IPwo,없음,0
d1iLzWGagVI,측면,1
DhsRomC-nIs,정면,2
UPIymEsvX6w,없음,0
2Ws193udCUc,없음,0
afCY2yExOLU,측면,1
cybw2-pvqmw,없음,0
k21HyhlDbUw,없음,0
WmB2KH46uKY,없음,0
jJSG0_Eei-M,없음,0
Yop6G94UJJw,없음,0
TOrbHRbuids,없음,0
mGDiik4hlhw,없음,0
yiKy4gWjoyk,없음,0
nVy2pBFqgyM,없음,0
Uota9G0P17E,없음,0
GPwj77wL87g,없음,0
8qwYZfQ_2qw,없음,0
X-vbT6a63LA,없음,0
jUAXO3H6tXQ,없음,0
iOPTE-rNMmk,측면,1
DEaOOtJG0Xs,없음,0
rYh8u95s680,없음,0
-EcBRe1RaIs,없음,0
k2oVbQWcCy8,측면,1
5lt7h1V4uZE,측면,1
mYJVH5ZvMII,없음,0
_R2afqgn_o8,없음,0
8YwJrqWgBAg,없음,0
zfn7vC10ffE,없음,0
soUo98MTWU8,정면,1
XE6egX8h3bo,정면,1
Did3YvNkvVQ,없음,0
2GH9YuAeqE4,없음,0
AYwGOcOOf7g,없음,0
AE00rH07Gnc,정면,1
Igu9xwV8vZU,없음,0
W89drJpglcQ,없음,0
Xi-xtVq4IDg,없음,0
TPIgAq9_Wxs,없음,0
PRv2FyClhok,없음,0
9Ny-865_Rl0,없음,0
Z2-VCMyI6-s,없음,0
JidaCYuBPbw,측면,2
CYo5fto2kiY,정면,2
BH0PhStvzck,측면,2
cNtJPH1oWOk,측면,1
0S4XXeUyk8c,없음,0
iZIaUd1MSgs,정면,1
RYIgMEwLtFA,없음,0
DkWDH4vKAZU,없음,0
ePEwJMC1VMk,없음,0
ivzEHYi2wHc,없음,0
p7shEQaxVDc,없음,0
zN78Hm-Q5Ks,정면,2
8veO0_w58rA,없음,0
5pkHK-dVP-8,없음,0
NrdTU0lByLs,없음,0
C-Ym0OLYEs4,없음,0
wnfegxuBdYg,없음,0
uWpWSPM5Ly4,측면,2
p6EJE7OzWVs,측면,1
f91GIh2OFC0,없음,0
baNbiAw9E8A,측면,1
QuyPS-SYMiE,측면,2
Y5sPZrGLTKY,없음,0
v7GP0T5mdVY,측면,2
ng0WD_ydrXw,정면,1
_T-vC9tXJMw,없음,0
o5ELfA4Vid8,없음,0
3RlrKqp-EPA,없음,0
aqi_0cjLg0E,없음,0
69k0lLxlcbQ,없음,0
8V7vOuCaONw,정면,1
cRvhFO8t-ag,없음,0
QWH-baKTRKg,없음,0
uM2D38wjEC4,없음,0
cPmuzzq4ErI,없음,0
FTrqaoZAFo4,없음,0
thttj0yFiBA,없음,0
uKpWQ1-65UM,없음,0
pyZeonG6XYk,없음,0
4eGy5oAj7hg,없음,0
C6AAY5DDYb8,없음,0
H2bz65cwRHk,없음,0
gRYJDkm2Cns,없음,0
HvihS-BdLio,없음,0
hvZcwJjjr7s,없음,0
sQE7o549D_I,없음,0
j2DsqT8L6x0,없음,0
WZGgIWa9aWA,측면,1
M_QsAdlRSP4,정면,3
vsifS7UIn74,측면,3
ntFScl1HzbM,없음,0
tUhucGzN4Fs,없음,0
6wUZn2a0PMw,없음,0
_-mvuu2LOZM,정면,1
DP2bTy0YIQ0,측면,4
IRbyyQ4Gk5M,정면,1
2lbbiSdoB-o,측면,1
s7NnZuVnKnw,정면,1
ULAqXD7-P5o,없음,0
tqYQQIPbmsk,정면,1
EnaS29sRz7E,정면,1
AtbcQhBNPLk,정면,1
cU44enVwgkA,측면,1
wErEM6WhXxg,측면,1
pmZBy-z-d5A,측면,1
Z-Wdd8PRWRo,없음,0
2qWr5RFS-Rg,없음,0
3gUsXsscQ90,측면,2
G4He1QSM7h0,측면,1
rK8t3F9MxpY,정면,1
OEDvtDZYIU4,측면,1
soYMTyEh9jo,정면,1
IDm53lI4Z6I,없음,0
1F_9R220UHI,정면,1
33E7-DJaqYM,측면,1
diRn8D5KLKU,없음,0
S4zqdBUoe0o,측면,3
4kNxi1_umIo,없음,0
ijmeYsLmm3k,없음,0
-L1-QxKS9fg,정면,2
pA_Ce7iWe-o,측면,1
3Uqsv-nz0HE,없음,0
KRS5c4SPix8,측면,1
TXko5O09nmA,없음,0
HCB0jceQjwo,없음,0
mYJSGjU0hT4,없음,0
rwD3wGlWkbc,없음,0
Lxnkvi3cD3Y,없음,0
ycuMaElplwU,없음,0
YPZBmG7h3YQ,없음,0
dWmu9qkADjg,없음,0
u1gulmAyWOo,측면,1
owm0_8ZBZeA,측면,1
A3b-XlXgU1g,측면,1
qDTfAK_OlSc,측면,1
aStdlFpY5LI,측면,1
kwLHtg5uzd0,측면,1
XEPA-wxyFCQ,측면,1
6DhYbAp2X2k,측면,1
7bXQaPLRYNg,측면,1
8FnweVEPftY,측면,1
u_1W54XHK3E,측면,2
f_OK73hTMII,정면,1
mNS7o43Ai1g,없음,0
wRF66erebGY,없음,0
Z_sNzSBoMMA,측면,1
cwzUfGkT5u0,측면,1
AmiBS8H_N2g,측면,1
0x3vp4VDaQU,없음,0
ovPrI-AF2PA,없음,0
tkUsxXz_w0c,없음,0
S8DDKp98MVw,없음,0
cXg7TWZ5fYw,측면,1
ktozahyCv2U,측면,1
Z3dVqoSmC80,없음,0
ZuFVvGXMCDk,없음,0
KGLZQY5d1Ss,없음,0
yw0e9EFODLY,없음,0
nMwjrIwLjvM,없음,0
OxAWyrz010A,없음,0
I8iw6UwOCt4,없음,0
V2YFolThgT0,없음,0
JYfSZAeem1g,없음,0
sYySIFYHW0k,없음,0
63ZbfHVrLZs,없음,0
17Upfk6Kla8,없음,0
6pIr0PTMKUQ,없음,0
QlD9eY6vG1Y,없음,0
lfD0mM0Wavg,없음,0
ptbbyS-TNRk,없음,0
KuQfSkF0ajk,없음,0
jY4rTF0LSDE,없음,0
iRaZ-7pBsok,없음,0
nOR0q0e7ei8,없음,0
7AO4f4j-rfo,없음,0
1wUVb94Yus4,없음,0
H5OKfwl8Lx8,없음,0
RG6C2wHwAI0,정면,1
T5mQHAVmF7k,측면,1
TKhLNx5pGtM,측면,1
P0NK1RroCqM,없음,0
pikgCOEeApk,없음,0
jYTgCOBa8ws,측면,2
u93nFc1QcMQ,없음,0
lxB-r1fSaQA,측면,1
GPeIGcwNUGk,측면,1
qP0olgBorbA,없음,0
jIGmsNHbMe8,정면,1
tDNDhBxcfJ0,측면,1
gB-6QybpzJU,없음,0
wVekKaxp8vQ,측면,1
3ZYxwDaJ6GU,없음,0
nRNwa5cR5zU,없음,0
kVEL56DRK-4,정면,1
L_MVYV9oBV0,측면,1
sLQ035DWxHA,없음,0
Yz7IA6F1STk,측면,2
ek_oiN2gHQs,측면,3
uJMlnhArrOA,측면,1
FX5K7KmUJGg,측면,2
XqmvLq1r11g,없음,0
0r1nKRuQ9pg,측면,5
ZjQqY2xJWBY,없음,0
PuKqE12pQNA,없음,0
qFY2xQPzjyk,없음,0
9cHNBtRof2Y,없음,0
9tW1rxtt7ww,측면,1
UM94zr-4_Hg,없음,0
6rPhE5ibszA,없음,0
chFvvjdcK_4,없음,0
eQGUCQRBWTA,없음,0
x5u8OwJCaz4,측면,1
mEGmq0INZrI,정면,1
JhvOMSHkCgg,없음,0
7EetGmtM0Lg,없음,0
kel27q6lmNc,없음,0
ghRARJDY0Ns,정면,2
l_QT3pFQKBA,없음,0
MscLMMlaOUo,없음,0
7Ts8UW7SSRY,없음,0
Nw30zR3vBmE,측면,1
SUXrUpqdyGk,측면,1
F-Xm3-0uCbU,없음,0
1j3wh-wpVas,측면,2
vU45m5SYypM,정면,1
jFrzxn8xm4M,정면,2
Mtf15gRxUm4,정면,1
u0trH0MupWM,측면,3
aBVRoujxe_Q,정면,2
FHJJfQ1uQ9s,정면,1
Qz8or_CE7yI,없음,0
6UEpR1XdFck,없음,0
UTujzYOReaM,없음,0
aDozHAnZEPE,없음,0
b2ZqZdIbE2w,없음,0
O6UIajBOQbg,없음,0
SK8WMHpQEYs,없음,0
wR9_KUQ7jJU,없음,0
TOarQ2Vd2o4,없음,0
x6mTXEH2ZmM,측면,1
Hrm46mkgN2g,없음,0
_cu9SJGp4A0,측면,2
jbjyr9HOheo,없음,0
ySdKWaYt99o,없음,0
k3n3qqaLz9A,없음,0
DojOLOdZWC4,측면,2
JPgafHjbPss,없음,0
27gMQ-ypLvs,없음,0
4n_JeAjwOJ4,없음,0
46eycq5IJ-Q,없음,0
xeSw0JRQRS8,정면,1
BKPVI6PUUGs,없음,0
94AxMwMCgZI,없음,0
u6xN7OxnDL0,없음,0
R2YA3F1Xr8w,없음,0
OJioNHyA0ZE,없음,0
Ti1tp865z3w,정면,1
y1ITEpETaWM,없음,0
G0hAco-cu_M,없음,0
sX5_lfF8mZI,측면,3
44e1Hs1VDAc,측면,4
lClH2GkYl2w,측면,1
eHXFBFv-KIg,없음,0
jtIV4mIY_D4,없음,0
_hF1sCQ9W6k,없음,0
ezq97RA6DDk,정면,2
9t0vJxHiolU,없음,0
IX22pwqWF2o,없음,0
LJ1DBiXZ6jo,없음,0
l7qI1U6KZcw,없음,0
aG7qUvxitvs,없음,0
udp5kUZisKw,없음,0
9L9mbM3BkpA,없음,0
5jmz5M4pP3c,없음,0
z4ZmxW5XSLk,없음,0
4XEsQiWivwA,없음,0
lvoxeJkSyqg,없음,0
_jxKcxzFGa4,없음,0
v00bFVrCwlY,없음,0
5PoQbsP6NGM,없음,0
Ww2QjU_zo8M,측면,1
YJvVGN59fFs,측면,1
VGFCiDfA5_c,없음,0
JQ_SZ08NdgM,없음,0
mAxE1t2FNYM,없음,0
udMBvu4026Q,측면,2
_3Ktj3_8G6w,없음,0
l8fRAUvvJjc,없음,0
9YiF4QcYb_k,정면,1
M3B-PaNZ8tg,정면,1
9-YuKEa9urs,없음,0
uVFeVQwsLjs,없음,0
bm-HGXuuAB8,없음,0
xpGkZqys0nU,측면,1
w9-tHbjXVug,없음,0
SHVsyAjEsTs,없음,0
MBTUi_EZJ-A,없음,0
Bc7kwv4_Kqc,측면,1
tBTsl-_OHXs,측면,1
d6OOtrtAzvo,없음,0
LN2RsgGeRTs,없음,0
754CWRC6548,측면,1
FldHME7wSEM,측면,1
2FRjyVVYS_U,측면,1
QWWXWvIrbiM,측면,1
nUEc9mfAu7M,측면,1
9X5gvYIy2gQ,정면,1
DSiIX8VeCdk,정면,3
Xa7Et84-VIs,측면,1
CPSwZlchLHI,측면,2
z-BEYmQ46R8,측면,1
RdU7DKT216Q,없음,0
IRGC7d6ecr0,없음,0
YJcVWnfTS6w,없음,0
d2wpKxmp3X4,없음,0
XjxzOxNP124,정면,1
70ZJ4pKieXc,정면,2
j2x2A7tLV0s,없음,0
d0UDmCnbpqA,측면,1
D7GRuhgs_bw,측면,1
t8SKIu54tiQ,측면,1
-10dTzJKfhA,측면,1
almvzVC_RWY,정면,2
ERl1TWVI_q0,측면,2
NajOTD0Jyc4,측면,1
dRxreQmdFfk,정면,1
ido2YVLsf7w,측면,1
1RszSETemwg,없음,0
97DEaKPcYCA,없음,0
60Jpq3zYXKY,없음,0
GBe01KuYVnk,없음,0
xwRBVMq8hG8,없음,0
73J8rv1CCW0,정면,1
ycK9QXPoN6w,측면,1
maDYXIXs3pU,없음,0
ui9vMptqSdg,없음,0
CDKeOk-J3NI,없음,0
Eys2JAHPo08,정면,1
SmYPfSpmW04,없음,0
MyEZBHAFolw,정면,1
n1axIQwVuK0,없음,0
9j3SRfuXkxA,없음,0
s829hrzNkRs,없음,0
OdPbrNSuRGA,없음,0
zThW-Td8zc0,없음,0
1E070kbPSxo,측면,1
JLcSK4L9PWE,없음,0
GVliJG-SEBY,없음,0
sj3QjSsyGIE,정면,2
HlG-71d_oI8,없음,0
h8cXaaMFbTU,없음,0
yIesqa3lIhk,측면,1
AREqO78EpeM,없음,0
w0yJk3yS_a4,없음,0
3OMvTZvzv_E,없음,0
CpbcpS3rIds,없음,0
GRCrFb9MSHA,정면,1
u1yynq8b4QY,없음,0
9YW2WxPGxOc,없음,0
uXiEjYrnY3U,없음,0
rm24AIkotYU,없음,0
9rQy8l11CO0,없음,0
xtdTkNH8meQ,없음,0
O5JWSVwoZYc,없음,0
P9tqwGONxpg,없음,0
3Phem0ZoHII,없음,0
fdg8qeL5TSQ,측면,1
fgetRbPokL0,없음,0
LZ1annr9PP0,없음,0
7r9ESJ92JPY,없음,0
8JbJUPsmLvY,정면,1
l2wVO8oHQrI,측면,1
uGbkOC09V0Q,측면,1
OmXPqXwfYno,없음,0
OyTSbHvAfdQ,없음,0
Zye_gzAu9PU,없음,0
aj1DhqesM78,없음,0
yIomyKPio1Y,없음,0
lD6VaIkizBA,없음,0
wVxN4nG36Yk,측면,1
UmJsCSOR7uE,없음,0
tRlPEvOqb1M,없음,0
EcJBvAxNJRE,없음,0
HztZarBMcqI,없음,0
YTG9y0Gcyjg,없음,0
SsXkDLuDvCI,없음,0
YdxrePRy3wg,없음,0
bzLeWn9WPwU,없음,0
dLUzbOgkk9w,정면,1
tf3uD0MirCY,없음,0
JvuAd5ZEbmU,없음,0
bXw8erHQVmA,정면,1
UA2fDWj26Tg,없음,0
Tfew5QnFPW0,없음,0
2UE6IG-lmSw,없음,0
LKxHKQdvvhI,없음,0
XASuXLItCs4,없음,0
lMV3UgXs5ag,없음,0
Qx1alG6ASp8,없음,0
lkTLx9eKu1k,없음,0
bemFZD9F8ow,없음,0
2f1Ue8WE2UI,없음,0
E74Ca6UT7kM,없음,0
QMj8Jgh6aPc,없음,0
Jx1xzL0FUGM,없음,0
79VRfRZdzQ0,정면,1
gl8j0Q1Z-vg,없음,0
MnVr2hU-7e8,없음,0
Pl_S3ZMXkq0,정면,1
X4n3TIFUSXM,없음,0
E3Ccrkc5P-g,없음,0
V080WViuML0,없음,0
pyTgcHCrEQs,없음,0
y5-7KOBdG_E,측면,1
SEQJXveaMLI,측면,2
9awmWFaFfFY,정면,1
D2nWkvduaf4,측면,1
3XNmsBdnHQQ,없음,0
f-kziwgVr0Q,측면,2
ZGkncDUQNlo,측면,1
4xJIShUIvyc,측면,1
lz_KryBw31w,측면,1
PKz4HMV0n2I,없음,0
UQMXIkdm7-A,없음,0
ngdCyo-V4pM,없음,0
dTyqWzLZwlg,없음,0
G8Sy0OSO5uk,정면,1
epIOlllbZ8A,없음,0
b49AbYg7iDU,없음,0
6r4312qreYc,없음,0
1KIIS1hTT1I,없음,0
HV1MkLxt3sI,없음,0
xVdEhiUjKMc,없음,0
UmDlrYVz7gg,없음,0
S_epDAL8HeU,없음,0
3iHqh2n5j2U,없음,0
FD31Ci6816w,없음,0
QnWDorJOkic,정면,1
lNqlLE48IyU,정면,1
wUTbIgcp4pU,정면,1
_CWvwYbKe2c,없음,0
stG2nUdpxJU,없음,0
WcOLByokbMI,없음,0
Jm1zv1-D29k,없음,0
fw0dvmKiwDQ,없음,0
Wzvd6DUSZY8,없음,0
osE570KFXLE,정면,1
aUU1uy9XQHQ,측면,1
5G-T_vOarkI,측면,2
Dg4jsix8Qso,정면,1
DrUZqTLOOCU,측면,3
8oBXv9xvA54,없음,0
P-umVwqLJDk,없음,0
Mn74b_5WfP0,정면,1
-HN3tVn22LY,정면,1
V7zarcWTG7k,없음,0
aINDIgnnv4A,측면,1
vsUmcj9e7f0,측면,1
513kUooBRcw,측면,1
PJGBjuoEkP0,없음,0
1N5rW7VNmVs,없음,0
EAgtk9Jx0u4,없음,0
g3TdGz_-6Uk,없음,0
m0ehoOur1KM,없음,0
zIO778_Dwdw,없음,0
Hp0jLOi3jlg,없음,0
EiBr_-5FE7U,없음,0
nngC-N6LsSE,없음,0
_r3BQ2--Q-E,없음,0
Vtdrj_-Y0m4,없음,0
RpqKn3709ac,없음,0
liBjlYpjYuA,없음,0
UfBn2CZJj_s,없음,0
vAl6u-_Kwvc,없음,0
gnrPX56FqnE,없음,0
u6TcgQajbh4,없음,0
sOyKNqr_OTc,측면,1
svuQnF7-JFU,측면,1
WTjaU7ZxNB0,없음,0
t2OiYoWL9p8,없음,0
YVcyOgeiPSQ,측면,1
nI_0PGcbRfA,없음,0
vMYaYRMaW9s,측면,1
wdpea57QCwg,측면,1
pML3obIGYyc,없음,0
oeFc5zPX9uk,없음,0
TzVyXdfZBIg,없음,0
NJYZZLgKzIs,없음,0
rUjQA1oDL6c,없음,0
q1Bv2HJ5UME,없음,0
j1ZZ4NhsTlE,없음,0
UUUstPmpWak,없음,0
ZpXsNwYM0kk,없음,0
4R369_272mA,없음,0
K9y5Hui1ljs,없음,0
bKM1LC23jlc,없음,0
S0rdTzgd-os,없음,0
ZeFiSqr_X7Q,없음,0
ih-O_O31MYM,없음,0
c5NrndxENr8,정면,1
CVcc25muFpI,없음,0
DlNnKbaQtak,없음,0
KVUb__WHw7o,없음,0
v0PUP-RXWZg,없음,0
M59YwerNMr8,없음,0
6W8mRjERsKo,없음,0
NFpvt02RJZQ,없음,0
Cxh7KykjOY8,없음,0
H_2wau5fHrk,없음,0
bBe4ga0jFVM,없음,0
dsbdehqClEE,없음,0
QthuEAOuAo4,측면,1
_Kozm7vg_Zg,없음,0
0xkvM5MnbCc,없음,0
Fv0mWP0TWqs,없음,0
3knjv_2IW3k,정면,1
rj_NtSYHCcA,정면,1
4j6NA-wNYfE,측면,1
ZzFfll-gAl0,측면,1
QelWPPzpdAs,측면,1
3fCFkaewfBU,정면,1
awXc6ZxEuwQ,정면,1
k5uHoOMshXw,측면,1
eOxqOXj-xXo,측면,1
ZQ7XRNtnQOM,정면,1
5c66Vi4dIAM,없음,0
UYLkAXnKeH0,없음,0
ifI1g7u4TH0,정면,1
xLu77MJ5kt4,정면,2
DWOph1Y6A-c,없음,0
jQmt-rEEtac,없음,0
cooUAkF8TvM,없음,0
RQiRxfPB-2w,없음,0
x3hx5_3jD5s,없음,0
5dTOQakkPJM,없음,0
CX4Zhd3ZKKE,없음,0
Ezo_bbVSCcE,없음,0
5gWlxdYtdAY,없음,0
fAAlxGJ6Mvg,측면,2
BonHTn4ApSs,없음,0
K2ro-AIC_4A,없음,0
33pk0xf9LD0,없음,0
2vHqWvPn-0w,없음,0
Xr7pRotT3Do,없음,0
fo1oT5jfsEk,정면,1
dYZG0j8vSU0,없음,0
SKsHU9b8lPA,없음,0
vBwr8RPNjtg,없음,0
ingn42QooxI,없음,0
UjvA3VEMTks,없음,0
6FV5TZ32cEc,없음,0
Cr7QPvgpd0s,측면,1
SRyVEGlAeSo,측면,1
OCHBl_ZnHNI,없음,0
CwVU9ukOT-8,측면,1
OBHLQ6oNDSI,없음,0
jEqnsZYqQzY,없음,0
KJBghKg4_iI,없음,0
KIvGZrl_ym0,정면,1
9V0V1dB7QXE,측면,1
4Cex9GJeoTI,측면,1
0-Ti23B-gno,없음,0
iLLHXcjIatQ,없음,0
w8RZo0d15wA,없음,0
1v2OsLOXFI4,없음,0
4qM69WTjELU,없음,0
jb4I8c5yxwk,없음,0
_dTixQ9TTrY,없음,0
VG_82ZNTNi0,없음,0
JNlelcePaQg,없음,0
v1foIUvCc8c,정면,1
JEVadBMK7Jc,정면,2
9vWin8n-J2U,정면,1
EjhY2uUDuCU,없음,0
bMiq9RBx8lU,없음,0
RJWhWspycus,측면,1
E3hLNJcW9m4,측면,1
jk0reAZBOt4,없음,0
gCjt8Q_YQg0,없음,0
nH_DiQMO94I,없음,0
6_SLlxr4TIU,없음,0
7Te3ooXcKZE,없음,0
izhLxd-TzNg,없음,0
DTl-KZpMEqI,정면,1
tDecn3t5rWs,없음,0
TGZoeOOK9CA,없음,0
whdkUkeuAec,없음,0
_0fqECzZueE,측면,1
Fg4Jkf8r49s,측면,1
1JaEEWop0W8,없음,0
mRIkr8ezFQM,없음,0
8EKOQS7SMJk,정면,1
u07QbYT1d_o,측면,1
6iPGdvRpqCc,없음,0
S11TAoJqyaQ,없음,0
8JOy2Av8DlQ,정면,1
x-BguHAJk74,없음,0
OvgJ1myC_JQ,없음,0
vFvDn5cU0gc,없음,0
FtXwLTZaE3M,정면,1
9NGMrKNNZxU,측면,1
E49wrO-wvzo,측면,1
svs_crMJU2M,없음,0
cKd1SQc7UZQ,없음,0
dQZ0fj05yaY,측면,1
PQm9jForqSI,없음,0
Br1DwFDw0vQ,없음,0
kcuXq1Xq2Yw,정면,1
jKcHLP_cqNg,측면,1
qMmjJcGlUaY,없음,0
qHjOHT_m3zs,정면,1
VvUNH3varhE,정면,1
GXYeSNqrrGs,없음,0
K3dlMvzgm9Q,정면,1
XgJBZvHm0cE,정면,2
5CXdqWJIXZY,정면,1
hMIxhpzrbxY,없음,0
a95L9K2-EYA,정면,1
KaJKt8jtH-c,없음,0
NLb2ClX3Epk,측면,1
wjpmq7BMDvk,없음,0
QeD8s8e2sqY,없음,0
o5GhDCBj3wY,없음,0
VnooiKI2O0I,없음,0
GKlVo9n2cWA,없음,0
EbCHdKtiNAE,정면,1
tB8rYH6OXRI,없음,0
jyskXE2adHI,없음,0
FuUgK33E4v8,없음,0
YYfEyjxqkv8,없음,0
1Q9PzgCTIsE,없음,0
_eEbfh39eFw,없음,0
S7vKy6qVlrs,없음,0
ayCQOuwE-sM,없음,0
7Z8nWnsst-o,없음,0
WU-pLQOJ6R0,없음,0
3y0Oqxt81Ak,없음,0
O29dGIjpfZI,정면,1
jYDbMyWIglo,없음,0
jmBWpMSUgpE,없음,0
hyxuaIrFdus,측면,1
4rCk_wvgmqI,정면,1
BvbuNob4VHA,없음,0
Fuv3pQFI31g,없음,0
MFVZMUJ1T3s,없음,0
Zcrs0urwlFs,없음,0
BAkkh19ScOw,없음,0
omvGSrog-mo,없음,0
2cO9dm0v0cY,없음,0
RwG98BFFiok,정면,1
FfdH8XHvgw0,없음,0
cuvWmCP4CnQ,정면,1
eoWAWxmX6d8,정면,1
24Cd-8uZiJk,정면,1
dnDdByOaQmE,없음,0
fkfoW1Dyheg,측면,1
2UNTTl1IlGM,측면,1
NK5ZIlTkIVQ,없음,0
n6jOVeOAAN0,없음,0
_qM2rl5wbN0,없음,0
6Ze3Yz0t2r8,없음,0
AtmRP5PJTMI,없음,0
nQGsORo7swQ,없음,0
c49DcKo2W1o,없음,0
iofEsSr2_Xs,측면,1
XwMl1AyKCgo,없음,0
deQ5o4FJbQA,없음,0
-Ln8aXH9eEc,없음,0
24KCVwT5Lj0,정면,3
ni-uHOgn5Es,정면,3
_QGWxHNLqS8,측면,3
ZrfeDHPF1UM,측면,3
0z3rzWI0MDs,없음,0
oblGUnoxjHo,정면,1
QDCUWPniE9I,없음,0
OeRmK_4sk9E,없음,0
Fpb0UpWGdQY,없음,0
LDN9zuzahNc,측면,1
a-B6mXct4Cc,없음,0
KMcuA0F675s,정면,2
sCsQc2ipzCg,측면,2
lAt4gXT0t3I,정면,1
ykitzIkEFcA,정면,2
w5bjALejpq8,정면,2
KJ-TUn6pF1Q,정면,3
N6vcmZq2ZiU,정면,1
W4T60dDDzgk,없음,0
ZLcb9fyt1d4,측면,3
nSOWMHuSmdI,없음,0
cnpPSzVPcGU,없음,0
bW5C1TnMFDY,없음,0
pNy7fcZGBcs,없음,0
emTD9nRUjkk,없음,0
sIoJFFGpyuU,없음,0
pYz3zqSyDw0,정면,1
ou-dCXoyBU8,정면,2
vqPZqA-fSUA,없음,0
duNyajGCAsg,측면,2
SMRmuKuschY,없음,0
tZVy1iE8kwk,측면,1
Vh0RgqpeBT0,측면,1
Ip3i4FVRTig,없음,0
yd0QZlHst9E,없음,0
Khbiwis7DjE,없음,0
9zxS3vNmoVs,없음,0
f92RrfuxuO8,없음,0
KhElpx9hH70,없음,0
prKNkcBIWU8,측면,1
lRk9kwVIXKg,측면,1
VwCqHiUT7Rc,측면,1
2URzwrUEjtw,측면,3
P5CT1_l2h0E,없음,0
c_BZCAwQhpU,없음,0
b5VeqB0aqec,없음,0
aujbutc08Eg,없음,0
8sTqTPrarCM,없음,0
o2JsUejJOKE,없음,0
P6DEnmaodME,없음,0
isWLv0j3Y_o,정면,1
1IL1z1W-FCs,측면,1
awx3oZoJwAc,측면,1
_trt4ClogXI,측면,1
AMbOW1S-Ajw,정면,2
LvK3TZB_XYM,측면,1
jEkZPRIwz_k,측면,2
0jE5zdC_wVg,없음,0
SMV0KEDcMZU,측면,2
wP9CizLiilM,없음,0
OKnxt_4kpKY,정면,1
4ppaLBtC9CE,정면,1
v2l0YA676ZY,측면,1
OiwfKctVVOo,정면,1
yjquFz5e2_g,정면,1
Hoh2EDHU1dg,정면,1
ZA3mKgcu0rs,정면,1
s7UaQbAMsFw,측면,1
_Zf_YssuqrU,정면,1
AItqf5_zmGM,정면,1
qpKj0XDigEk,정면,2
ElJP2_OqRWs,정면,2
QEX1uAjc66U,정면,1
1yZjIqJSexA,없음,0
zxQytWXTS5c,측면,1
8mx7eIWcHH0,측면,1
4G8hduWVdWA,측면,1
dru-HRKTQVo,없음,0
LxM07KucAyQ,없음,0
mD2NxxLT7ZM,없음,0
o1W2EoccKc8,정면,1
R3kmimCYlpA,없음,0
EBPiqJh4odQ,없음,0
HfsgFq4xmIs,없음,0
Vt2wtT7a1qs,없음,0
Xz4mlKRefKA,없음,0
pf0Q3TygP9Q,없음,0
vjsTKmP_ZIY,없음,0
w8FZa9YzmYM,없음,0
6_7W2Wyldsg,없음,0
8yemnzoIkHs,없음,0
0aOxFxF8c8Q,없음,0
jVELTG8NdqQ,없음,0
vACWjnkweHk,없음,0
el1IGH1Qrxs,없음,0
_R5Xj3kG7ow,없음,0
jXrCYx6vbK0,없음,0
shbA2e5tZNA,없음,0
HImPMXkUvgg,없음,0
nq-p-VzhtZE,없음,0
HcYMVcw6uvs,측면,1
XXDgu5L8ZJc,정면,1
FP1U_9Hhccs,없음,0
6P7xpX3uKEA,없음,0
pXJQCKj6eh0,없음,0
E-ESSiIZwVg,없음,0
o5i-Rxl_UzA,없음,0
pBvPKwK3LkI,측면,3
1g1f5uQFmGk,측면,2
fhkScmNLwSs,측면,3
RrFHct6vJgA,측면,1
4LxCZUenIM0,측면,1
8nhEPitREG0,없음,0
oqh0-Leo36E,없음,0
ngbNAv6a2Ek,없음,0
4YAHASbKfL4,정면,1
g_6WlzMl_QI,측면,1
BAzEcAZXcGs,없음,0
U3_0cDmApj8,없음,0
8k338ZOM5Kc,없음,0
2QiabFEtHWs,없음,0
J5XU37hcocA,없음,0
dt6LRI3cPJA,없음,0
5ZGndbl9JCo,없음,0
UhszI29e_Ic,없음,0
dU8FmNWUgLE,정면,1
rHMc38hz3-A,정면,1
RRxmbvJ6j7k,측면,2
ShOwtqPW5vo,측면,1
b4vbDNfLRGQ,정면,1
NeMN2UWEqOc,정면,1
xorK0zQK4hQ,정면,1
FAbv_RjaBvY,정면,1
Su9kZTRpZ_Q,정면,1
PB4tbc32JQ4,측면,2
CuNWtOfRArw,없음,0
dS2dktPO27U,없음,0
Jv5pE-Up5o8,없음,0
V9zrD4vIZBI,없음,0
ztBKhGAul9Y,없음,0
_dE4GqauOUA,없음,0
r4fQl_5cqWE,없음,0
VJtZkTbSEGI,없음,0
-dhbC7j8pmI,없음,0
H7rMsfjq_lc,정면,1
19m1eVifcpY,없음,0
46HxwYUZ5rU,없음,0
xK7cwB1wGjU,측면,1
huhqQFTdwhs,없음,0
PsQf56VNh_o,측면,2
_eORmuXWq7g,측면,1
KTtZYq64wzo,없음,0
h3DhoUHB0G4,없음,0
