video_id,expression_dominant,expression_happy,expression_angry,expression_neutral,expression_sad
RDUrzF86x9c,중립,0.01,0.02,0.71,0.22
iIbVndDBGnQ,중립,0.01,0.02,0.57,0.35
0GoRhA7TCoI,중립,0.17,0.03,0.47,0.29
yHPmL18dBGs,중립,0.14,0.08,0.52,0.03
C7c1tjPipnc,,,,,
Bwf_D-IfNxk,중립,0.04,0.01,0.38,0.32
jNHVY47pQog,슬픔,0.04,0.03,0.15,0.69
hQeQPpNlczU,슬픔,0.1,0.23,0.03,0.51
sgH7spysdS4,,,,,
lzb6EKoZKH0,분노,0.01,0.48,0.45,0.04
TKFthAGns-c,슬픔,0.13,0.09,0.15,0.59
7VQibILfmqQ,슬픔,0.0,0.1,0.08,0.79
CInGFr_bmbs,,,,,
f_EP37bFANE,,,,,
1EqSgh5v9Rc,중립,0.0,0.1,0.43,0.39
k2lKMzChiCk,중립,0.02,0.15,0.5,0.31
XBD8EDhfSbk,공포,0.33,0.09,0.1,0.09
NtyeIzpzLv4,중립,0.0,0.17,0.74,0.04
iSuasvZ0XvA,기쁨,0.61,0.04,0.2,0.07
zkxRbgMSdio,기쁨,0.99,0.0,0.0,0.0
We1_oOrBVxg,놀람,0.17,0.26,0.09,0.05
E6j3mveX7MU,공포,0.01,0.06,0.12,0.17
H-56dzi5CbU,기쁨,1.0,0.0,0.0,0.0
IoZ5UP4bFYE,공포,0.02,0.09,0.19,0.25
pbTR3WAWXcw,중립,0.01,0.01,0.96,0.01
H2qnljIctKc,중립,0.3,0.05,0.44,0.14
DvTkAHACnLk,중립,0.0,0.03,0.89,0.06
Lr-V9Am81QQ,슬픔,0.0,0.14,0.03,0.56
JnNrRRtQ12g,혐오,0.01,0.09,0.01,0.24
Gn2Fc8bFsdI,놀람,0.0,0.21,0.09,0.12
vM2ancNDKVs,슬픔,0.0,0.03,0.24,0.69
GZZOea4yrBA,기쁨,1.0,0.0,0.0,0.0
q0rPjIB-Xb0,중립,0.01,0.04,0.48,0.45
pkdF07mH0-U,슬픔,0.04,0.11,0.3,0.42
A8SBHdc_WkM,분노,0.0,0.38,0.12,0.37
WhpqP_m-pK0,,,,,
KaNo-w3xD8o,중립,0.0,0.0,0.93,0.07
nKgRJeCX7GI,,,,,
6NM_rdGPrFE,,,,,
c10NQ6JDBi0,중립,0.05,0.01,0.79,0.14
mKZYKLTzI6k,놀람,0.05,0.24,0.15,0.08
3Y-5PBD372w,기쁨,0.37,0.03,0.34,0.05
ffKv7fLteOE,,,,,
a59WeZQ3mmc,기쁨,0.84,0.0,0.14,0.02
9UbU-T2gxiM,중립,0.2,0.02,0.71,0.03
vBnCjk-hwfI,중립,0.16,0.02,0.61,0.18
kCS5xByL4X8,기쁨,1.0,0.0,0.0,0.0
37U4alX0spU,분노,0.29,0.33,0.09,0.15
Zv5WRumCfOk,기쁨,0.36,0.05,0.31,0.25
Tg3gVrKFgf0,,,,,
OsA0Jr-85VI,공포,0.31,0.03,0.05,0.03
UIsM64WH8D4,중립,0.31,0.01,0.65,0.02
rOT14Isjl_c,,,,,
ZjciDUVulgM,,,,,
JimAT2a-F50,,,,,
iZdKrdAhGv8,슬픔,0.01,0.01,0.14,0.54
MdEGG5IecCI,기쁨,0.64,0.1,0.14,0.04
jXGq12tYi3E,기쁨,0.92,0.02,0.02,0.02
ecEW2GvcOak,슬픔,0.21,0.05,0.23,0.3
wWj6w5jMAeI,기쁨,0.54,0.27,0.18,0.0
5s-bxZGEAN0,,,,,
p87xIbLJDho,,,,,
AcCWmD52VEk,슬픔,0.03,0.09,0.25,0.48
HbWjc3y4kZM,놀람,0.0,0.01,0.0,0.01
mhf22jH5h_M,분노,0.0,0.56,0.14,0.18
O8s0UB7AvqM,슬픔,0.0,0.08,0.24,0.62
Ra9t7piBUHU,중립,0.0,0.01,0.53,0.45
0cUvpyYyAp4,기쁨,0.68,0.17,0.01,0.06
W2rXHHctGyY,슬픔,0.06,0.0,0.01,0.79
hXX8Ve0-N8w,슬픔,0.0,0.17,0.05,0.64
zXTOl_Blhe8,분노,0.0,0.36,0.31,0.29
3jHCPJxdIRk,공포,0.0,0.01,0.01,0.12
u1T1YXDZDiU,중립,0.02,0.14,0.69,0.04
pCrj63sxuHA,기쁨,0.41,0.01,0.39,0.0
WilQQPGgfTM,,,,,
rSQYzjg1kZA,중립,0.01,0.05,0.4,0.38
5-eM8WScZ8M,슬픔,0.0,0.05,0.14,0.77
1VcJcQOIwgc,중립,0.06,0.0,0.92,0.01
Zms7G0Kqo4E,공포,0.0,0.08,0.02,0.05
-I5xm9HFXas,중립,0.04,0.11,0.42,0.17
lJeg_dwiXdg,슬픔,0.03,0.14,0.29,0.47
wcRvHXSozmE,중립,0.04,0.01,0.93,0.01
8FUxpVqgrtc,중립,0.05,0.01,0.89,0.03
_tH5NTfITTs,슬픔,0.03,0.18,0.34,0.38
4PKQBDr8P8g,,,,,
0gaWNHlfYhQ,,,,,
OdVLxa9tXWY,,,,,
2wIKt5ZF4xU,,,,,
jub6NCXDJVo,슬픔,0.0,0.34,0.05,0.52
0tIRsp5Hdno,중립,0.0,0.0,0.49,0.09
DovPF3GUzAM,슬픔,0.0,0.01,0.32,0.59
DkqFSB47O00,중립,0.03,0.05,0.65,0.27
nu8ldSCgi10,슬픔,0.05,0.05,0.32,0.54
KQ-wTLfE7eo,,,,,
c3hEsThxWTM,놀람,0.0,0.04,0.4,0.07
p7gpJbgI3y0,중립,0.0,0.0,0.96,0.03
_6RLYelMWJ8,슬픔,0.01,0.15,0.39,0.41
LOuWb50qWRU,슬픔,0.01,0.05,0.12,0.63
2IOH1vfLd1M,분노,0.06,0.44,0.05,0.15
QiEo5hxLq9E,슬픔,0.0,0.12,0.09,0.4
haImRKZcPK0,중립,0.02,0.11,0.82,0.05
RI_Yu_cwhWU,슬픔,0.26,0.03,0.18,0.44
SmWrK_vd7uI,,,,,
i60cwf4kdfc,슬픔,0.02,0.07,0.19,0.59
7gQeTK4734U,기쁨,0.94,0.01,0.02,0.01
bjS4VPLpLhQ,기쁨,0.4,0.05,0.16,0.17
UpBCzXtXCtE,,,,,
aOQQwOo2OEo,,,,,
n9kntoWi0Kg,,,,,
v4EGRQVesNU,,,,,
V_RGxLZRYEE,슬픔,0.14,0.17,0.17,0.35
2sgXYRvHNlU,기쁨,0.87,0.0,0.01,0.11
gqzstmejGyM,기쁨,0.29,0.18,0.14,0.24
x73f1Wcdt68,분노,0.05,0.5,0.18,0.22
eB5ySpu06oc,기쁨,0.97,0.02,0.01,0.0
aPdqIzCG0iw,공포,0.0,0.01,0.0,0.45
3ULxjQZuPHw,기쁨,1.0,0.0,0.0,0.0
9-Yik__p_20,놀람,0.0,0.0,0.0,0.0
GCWEim7Cwt0,놀람,0.05,0.0,0.19,0.01
eg3gtPpn6Ks,중립,0.06,0.33,0.6,0.0
xxadZoPjX7g,공포,0.01,0.07,0.28,0.26
kzRE2H1Wbtw,슬픔,0.01,0.16,0.1,0.57
BgQITIsYvwc,슬픔,0.0,0.01,0.05,0.75
jIUhrifNVCA,중립,0.03,0.03,0.83,0.04
4cQ4qrHtTs4,,,,,
0iCNRVesItI,,,,,
T9nrSDuVj9g,,,,,
kpydCrKenrM,중립,0.01,0.09,0.88,0.01
tbNpoHhF8uo,슬픔,0.01,0.01,0.4,0.53
nIDW6I45VzA,슬픔,0.07,0.05,0.35,0.45
Y5MWcuVONxo,,,,,
DGZsPoodnZI,공포,0.0,0.03,0.04,0.05
GMm0USYdTys,,,,,
SZZrHuru860,,,,,
Gi0MOEERgZ0,중립,0.16,0.13,0.36,0.34
wlNle86UfcM,,,,,
ghm_c_s9Luw,,,,,
DHlpZhRhG7M,슬픔,0.02,0.02,0.12,0.43
ERLN87qKDR0,중립,0.0,0.08,0.48,0.34
_kN-b9rYbQs,중립,0.0,0.05,0.93,0.02
nQckoyS-ndI,중립,0.0,0.18,0.69,0.06
ZNxClCHjVYU,중립,0.0,0.2,0.47,0.16
zhE4ao8nyiA,중립,0.0,0.03,0.79,0.17
5-JanXjSHhM,중립,0.0,0.05,0.53,0.38
mIxLNMmssNI,중립,0.24,0.0,0.73,0.0
6CfQmd3AYu8,기쁨,0.94,0.0,0.05,0.0
MLXCCOKBIbk,기쁨,0.97,0.0,0.03,0.0
GiRRyhXyroI,,,,,
U7CaxmTtUs0,분노,0.38,0.47,0.01,0.07
XDQBLnsurnU,분노,0.18,0.36,0.09,0.2
NXheYHy4Zg0,중립,0.0,0.15,0.71,0.09
x44H46JYlkE,공포,0.04,0.03,0.05,0.06
dbVe_1tY2eQ,분노,0.0,0.79,0.08,0.07
024ETO-RBE4,놀람,0.0,0.0,0.0,0.0
Vm8L7K9Apg4,기쁨,0.96,0.01,0.0,0.0
gdT5yf0fmMg,놀람,0.0,0.0,0.0,0.0
VcC6MLJ177k,슬픔,0.21,0.06,0.23,0.31
SwkSyOUZsPs,중립,0.0,0.32,0.49,0.1
3txiB5Vq4js,슬픔,0.0,0.01,0.39,0.56
mxss6MhVg2o,슬픔,0.02,0.03,0.03,0.54
VtLUy7AIQsA,중립,0.0,0.14,0.62,0.11
ZAeCdH13oDs,중립,0.43,0.0,0.48,0.02
LWvfs-Nv2iM,기쁨,0.98,0.0,0.0,0.0
qXqlS0-zeqc,공포,0.05,0.18,0.06,0.23
AoIIHtE9Qf8,중립,0.01,0.07,0.55,0.3
JF9HoZWHxYQ,슬픔,0.0,0.04,0.21,0.67
ECZs7rCrFrs,분노,0.08,0.41,0.26,0.05
0k0uOew5STQ,슬픔,0.04,0.04,0.41,0.5
W5ruxipPGMM,기쁨,0.72,0.01,0.22,0.04
G0uBy50ykfk,기쁨,0.98,0.0,0.01,0.0
00uT4SbZvtM,기쁨,1.0,0.0,0.0,0.0
hiKOxxzn2e4,기쁨,0.63,0.11,0.21,0.02
lFQ4dVfp1pg,중립,0.0,0.15,0.78,0.07
aWjtq6I-JPE,기쁨,1.0,0.0,0.0,0.0
4DSRzWvGVzM,중립,0.0,0.02,0.5,0.14
Yn1YBEpcqGY,중립,0.01,0.17,0.36,0.31
PQ-v0NH1Dyk,중립,0.0,0.03,0.86,0.07
ju1ZwH2XD54,중립,0.0,0.01,0.97,0.0
AS2FUdgMVWI,놀람,0.17,0.09,0.11,0.01
j7WFMtafgDA,중립,0.04,0.0,0.94,0.01
zyJQ9Bvg2Vs,분노,0.02,0.73,0.03,0.17
pJ0yrajP2gY,,,,,
qwvKoC7tCho,공포,0.01,0.05,0.04,0.43
ti5pAD19skI,중립,0.26,0.03,0.63,0.06
AjZeQ0mWvZY,중립,0.01,0.05,0.81,0.04
AppYkttbHho,,,,,
xzPEwwFPITw,,,,,
nSXqIW3dmj8,기쁨,0.77,0.01,0.21,0.02
GiptwHt3D8g,,,,,
bGEg4BBiSxQ,공포,0.13,0.15,0.12,0.21
07h8lbf70I4,분노,0.01,0.57,0.02,0.05
k2QginbnLkc,분노,0.02,0.51,0.01,0.01
3YA8tArGpxk,분노,0.0,0.47,0.23,0.13
WiQsKnlj3B4,분노,0.0,0.31,0.2,0.14
Dk_SO730kqA,,,,,
k7eiGoXJTpI,슬픔,0.0,0.02,0.05,0.34
GWOj4cZ_62Q,중립,0.0,0.04,0.8,0.08
u5AjUBltuuo,놀람,0.0,0.38,0.1,0.06
Ldt12-cIRdw,공포,0.06,0.1,0.01,0.01
8VcLe-_LxEg,중립,0.0,0.22,0.33,0.15
65hSutTikMk,슬픔,0.01,0.23,0.29,0.32
01LyvSUfnQI,중립,0.01,0.07,0.66,0.25
x17HaTjdxa0,,,,,
3Ag8z1iLoKM,분노,0.02,0.87,0.0,0.01
F_B8lfHMH0s,분노,0.05,0.44,0.08,0.4
3EufUA-5HoQ,중립,0.02,0.46,0.51,0.0
o2tsEa1Kv0o,중립,0.03,0.28,0.48,0.15
mLLOTnxyEO0,슬픔,0.01,0.1,0.03,0.51
Pzj-0GOWthA,중립,0.02,0.01,0.64,0.31
mgOzt-XDzkE,분노,0.01,0.87,0.01,0.1
rw_4NxSal3k,,,,,
CRx-B3DJtNU,슬픔,0.01,0.28,0.07,0.39
MI_7wOBA8EA,,,,,
FitbWwJAT0M,,,,,
4svGFhVvy5s,,,,,
-uSgG8ftEHA,분노,0.0,0.97,0.01,0.0
9af9JF6DH9w,놀람,0.01,0.26,0.19,0.05
kpcTI5wKKvM,,,,,
JUE9aLYVhrk,공포,0.06,0.05,0.11,0.05
95bDbjpOfx4,기쁨,0.97,0.0,0.02,0.0
MFsgyftJAck,기쁨,0.64,0.02,0.17,0.06
ptUduz9z-FQ,슬픔,0.0,0.11,0.18,0.67
FnbD4wqWye8,슬픔,0.01,0.07,0.32,0.49
-idOju-zBlw,중립,0.01,0.05,0.77,0.1
rbgZaG1S3Uw,중립,0.01,0.02,0.92,0.04
EmdVwmnCS5M,중립,0.01,0.15,0.41,0.1
DePnmE9Gpfc,슬픔,0.14,0.05,0.21,0.58
Niy8ocX6djQ,중립,0.03,0.06,0.88,0.03
NhoUQaB7OqY,기쁨,0.96,0.0,0.03,0.0
Fu9H7aTlJwM,,,,,
GHbbswVEBes,중립,0.01,0.01,0.82,0.13
Lo8LlVVe0LI,,,,,
tYl8dIFa10k,놀람,0.0,0.0,0.0,0.0
J_TifaPCi5I,기쁨,0.58,0.1,0.24,0.03
PA0Gd0LOI3Q,중립,0.02,0.01,0.92,0.03
utw7GEBv7Ps,,,,,
h_zoeJ9MYkw,분노,0.0,0.94,0.01,0.03
zipQtq_fmlc,기쁨,0.98,0.0,0.01,0.0
dZWElPsU2Ls,기쁨,0.41,0.09,0.26,0.21
RU1MueWD13M,,,,,
nU03C6hZ00g,기쁨,0.97,0.0,0.03,0.0
duvGtl4H7wY,슬픔,0.0,0.12,0.41,0.42
CFIHZbcxseQ,분노,0.0,0.83,0.0,0.02
1N693U16xIc,공포,0.01,0.13,0.02,0.11
vc3eZ8LZhfM,공포,0.0,0.06,0.14,0.23
zVdhGa9tm9s,중립,0.0,0.04,0.47,0.28
-T_Ux8frHao,중립,0.14,0.27,0.52,0.02
eGn2YCXre8A,중립,0.06,0.12,0.56,0.07
4HYmMNwU5S0,공포,0.01,0.06,0.06,0.25
pQVprSznWcc,중립,0.1,0.08,0.54,0.14
Gws5N-hHwrA,중립,0.0,0.13,0.47,0.12
BLN4MN0Z-f4,중립,0.0,0.12,0.57,0.25
tuf0J94qwIg,분노,0.2,0.35,0.27,0.15
MfDLxsH2DFM,중립,0.0,0.05,0.89,0.02
c-IyBmWSck8,중립,0.09,0.05,0.67,0.15
fCpDNfHQ09M,,,,,
BkToI1JSI9A,,,,,
rt5KnUoZWnU,,,,,
GU6CJE0emDw,,,,,
OTbBqVkFSfM,,,,,
Z5O4itZXmy8,분노,0.0,0.66,0.16,0.06
JMU-tZYz0uY,기쁨,0.94,0.0,0.0,0.0
0yoBTWXP7jE,놀람,0.0,0.03,0.0,0.01
mITp4T1M1xU,슬픔,0.01,0.18,0.29,0.31
fmLvMi5lS9o,기쁨,0.38,0.11,0.36,0.05
mVc_VIJ-Nrk,기쁨,1.0,0.0,0.0,0.0
wLgcjllN1rM,기쁨,0.51,0.01,0.44,0.02
22u_vRmEkqQ,중립,0.1,0.1,0.55,0.16
FKz6u4feIX8,슬픔,0.0,0.03,0.22,0.58
gdVsrhvGOpo,중립,0.0,0.09,0.54,0.35
FmvTlOY-tVs,중립,0.04,0.05,0.72,0.09
i0Vp7TmkFtc,,,,,
NgcLk8_8_z8,중립,0.0,0.07,0.75,0.15
mZV8gqD2qeo,중립,0.0,0.17,0.58,0.12
iqPsLyHy19o,슬픔,0.18,0.08,0.3,0.3
mkUEIhCIeqs,슬픔,0.01,0.42,0.02,0.43
PQsJALm_cKA,슬픔,0.18,0.15,0.19,0.36
fz8RbJfL-Wg,중립,0.13,0.11,0.5,0.2
mGh5BD2URGQ,중립,0.0,0.11,0.51,0.34
At7oQH0r99E,중립,0.14,0.06,0.77,0.0
jjjLcoF4lLc,분노,0.23,0.27,0.03,0.25
0aJwHYDQVGQ,중립,0.38,0.01,0.55,0.05
XxsS0yUWlSo,중립,0.05,0.31,0.52,0.09
hyt61j7c8NE,중립,0.01,0.02,0.82,0.04
9GA9PIFStqM,중립,0.25,0.13,0.47,0.06
rwwiNA0FrCs,슬픔,0.0,0.43,0.07,0.47
lJqiRoNpWjI,슬픔,0.12,0.04,0.27,0.46
14COa3qSAjA,,,,,
282P-NHG4Rs,,,,,
9iSa42OCZkE,기쁨,0.61,0.06,0.03,0.01
wOKtL7pNEfw,분노,0.3,0.33,0.15,0.12
9Xa1pOtHu-k,,,,,
2vwPVEmCtKo,슬픔,0.0,0.09,0.12,0.69
xCzYcW7wvYc,분노,0.0,0.87,0.05,0.06
it1kfw9paIs,분노,0.02,0.55,0.08,0.19
dimWKNpR2uw,슬픔,0.03,0.15,0.28,0.34
89cDaCWZMqY,놀람,0.12,0.2,0.04,0.04
x85Kp8b1aVI,기쁨,0.93,0.0,0.06,0.0
1MoaE3TWlOk,기쁨,0.98,0.0,0.01,0.01
YB47c3U0IH8,분노,0.0,0.96,0.01,0.01
D_GCDCeg0pU,공포,0.13,0.28,0.01,0.21
7naD7gdoJIg,중립,0.03,0.01,0.75,0.1
Vdq7sDRn004,놀람,0.0,0.07,0.05,0.18
mPIwLSXtwxg,중립,0.0,0.04,0.83,0.1
eMceRyyOOWE,슬픔,0.0,0.01,0.29,0.65
1DH-VrJx8zQ,슬픔,0.0,0.05,0.15,0.66
8UBEnaP4jvo,중립,0.0,0.03,0.72,0.24
HEl-xkard1M,중립,0.1,0.02,0.8,0.07
AhneCyI0BMs,,,,,
K8PxXTW6n7s,기쁨,0.8,0.0,0.14,0.02
d5d39Iv6F7M,기쁨,0.63,0.02,0.21,0.11
uQpBQC_0CR4,기쁨,0.5,0.01,0.46,0.01
KduBiX-Q-Us,공포,0.17,0.01,0.26,0.05
M5JNg-7KxyM,중립,0.38,0.0,0.51,0.07
Euh06jf-PxE,기쁨,0.92,0.0,0.07,0.01
U-aeHfm993s,슬픔,0.0,0.04,0.06,0.68
wphn77pknJ0,기쁨,0.99,0.0,0.01,0.0
0nBzBw_R9ZM,,,,,
6VVgup7ccEk,,,,,
TDSOzvMBEpg,,,,,
XrFoGHYRTW4,,,,,
FekM4n4cfnY,,,,,
lleuVWWLLF0,,,,,
28D3QW71CBY,,,,,
u8QymuGjRec,,,,,
BtLB6F9gWBE,,,,,
mdtIm9eD0y8,슬픔,0.0,0.04,0.32,0.6
VC11tYFr2TA,중립,0.05,0.05,0.34,0.27
6B4s0Z99PzU,,,,,
aEPh4CjP6mQ,중립,0.01,0.3,0.55,0.1
xW_j533LV0E,슬픔,0.01,0.13,0.24,0.29
6yoM75z8GHE,,,,,
fxv28z06lvI,,,,,
Ln8CU9M2b6I,,,,,
oXmNDS4YhOA,,,,,
4tXoCTSGfS8,공포,0.01,0.06,0.33,0.12
GmWSKrZpUQ8,분노,0.13,0.61,0.09,0.06
F_VN1Si5EtI,슬픔,0.0,0.02,0.01,0.94
AKKuoMfEy0c,슬픔,0.0,0.05,0.01,0.89
rot8ACCm304,슬픔,0.0,0.02,0.08,0.85
0K07HA_ncVQ,슬픔,0.01,0.01,0.02,0.73
EX9eKjRkh14,분노,0.01,0.48,0.06,0.38
fVFqcWlgowE,슬픔,0.0,0.29,0.02,0.36
Fl6EFOZwDag,슬픔,0.0,0.03,0.19,0.57
vEljgaCBeR4,슬픔,0.0,0.06,0.14,0.75
dVBlEML2C2I,중립,0.03,0.12,0.56,0.08
GxTqeDyCAug,슬픔,0.0,0.0,0.17,0.81
4DCeIVwyJ5s,,,,,
pd5zDS05ncs,기쁨,0.71,0.0,0.23,0.01
WAOxRsZeLmY,기쁨,0.88,0.02,0.05,0.04
g6nqYW68oK0,기쁨,0.98,0.01,0.0,0.0
M82pEeHQvhw,놀람,0.28,0.0,0.02,0.0
xq6Klzzzba0,중립,0.12,0.06,0.73,0.05
IUrU50C0Xlw,분노,0.01,0.35,0.28,0.28
WXJCePQJbnk,,,,,
b9osxsTNhXE,중립,0.1,0.07,0.38,0.3
HdoGCHiKum4,기쁨,0.75,0.01,0.23,0.0
RN1TyCuVgUo,중립,0.29,0.02,0.54,0.13
A2V2M0neIws,,,,,
9baC3FTK9FA,중립,0.01,0.02,0.97,0.01
Kp2njyUq4bk,,,,,
0w5XTzfzN5I,기쁨,0.91,0.0,0.06,0.01
JIv4ch-Whwo,기쁨,0.94,0.0,0.06,0.0
sUfoov3rjfI,슬픔,0.0,0.11,0.12,0.7
APjIKLc6bEk,중립,0.01,0.06,0.66,0.24
j5LEyv2fqK8,중립,0.0,0.06,0.67,0.07
NlEJ4DPZpc4,놀람,0.15,0.08,0.27,0.07
Y40pAztPizM,슬픔,0.05,0.38,0.01,0.44
27KVcJLTg1w,중립,0.01,0.03,0.82,0.08
lwz8znh6LHk,중립,0.01,0.02,0.75,0.15
vlJPSicQnq0,중립,0.01,0.06,0.86,0.05
gvLWLmsfk7M,중립,0.0,0.02,0.86,0.11
CO77eo-LqQg,기쁨,0.92,0.05,0.0,0.01
rmnsPzSBnrY,기쁨,0.87,0.02,0.1,0.0
5UMTTzJYBsY,중립,0.04,0.09,0.49,0.17
v4dTw406zTM,슬픔,0.0,0.17,0.14,0.43
rB4LrHivW2c,중립,0.0,0.02,0.73,0.06
p3knPeHuk5A,중립,0.0,0.02,0.51,0.02
vNnof_D6deM,중립,0.01,0.01,0.95,0.01
fRm50Bdihro,중립,0.08,0.0,0.9,0.02
YqFr0wbZasw,놀람,0.27,0.03,0.05,0.04
TnC1pPp6Rek,중립,0.17,0.01,0.56,0.02
tmnOr8BWMBM,중립,0.09,0.01,0.83,0.04
kWT9SR076Tk,놀람,0.02,0.05,0.13,0.08
bUKL2ZOD7uY,기쁨,0.98,0.0,0.0,0.0
VFbE3t5pRfw,,,,,
D42_l46EEis,,,,,
FYcybBoecZY,,,,,
1AbPkb3twbM,,,,,
xEjqUkRTWwk,놀람,0.15,0.05,0.01,0.14
o8Ug52UgbKc,,,,,
_rDVe52XQrY,,,,,
a34_RPNeQho,,,,,
qLswixCjbaI,,,,,
6iTVkebf3TA,슬픔,0.03,0.0,0.07,0.63
4OkKTyZNDNE,슬픔,0.0,0.01,0.07,0.91
OIJ6s2QXglk,공포,0.0,0.19,0.0,0.0
_s92RHdT9eI,중립,0.03,0.04,0.89,0.02
-t3zMjk4E_0,기쁨,0.95,0.01,0.01,0.0
YUZwmK1vnGk,분노,0.13,0.53,0.17,0.07
taZl_NyreGI,중립,0.0,0.04,0.55,0.31
k1H6QRmNY0A,기쁨,0.87,0.0,0.1,0.03
AEfz7QrIXgs,공포,0.03,0.3,0.04,0.09
_DLh0-_WL2g,공포,0.05,0.05,0.08,0.27
I7OJrvOsNNM,중립,0.01,0.05,0.83,0.07
711f57Ndw6o,,,,,
h3TfvhAr6fU,중립,0.03,0.03,0.63,0.22
qKhXR1g95IA,중립,0.0,0.19,0.62,0.14
LuYRa9C5Sw0,공포,0.0,0.27,0.14,0.18
7hw9VHT7j2c,분노,0.06,0.32,0.19,0.26
kV0OMSrBmf4,중립,0.0,0.23,0.54,0.14
uOYqKL3bAbA,중립,0.0,0.01,0.84,0.09
GyCszYLGCDE,중립,0.0,0.06,0.73,0.12
oQaFoMzJIq0,분노,0.01,0.67,0.13,0.02
m0fV5zCUxts,분노,0.0,0.38,0.0,0.34
zjrJ4UufdMk,공포,0.0,0.29,0.03,0.03
zsVWJsOABSc,중립,0.2,0.11,0.4,0.15
WtYaveEbvOM,슬픔,0.0,0.06,0.12,0.75
NjRDGnRgMcI,분노,0.0,0.78,0.01,0.08
zlltv_Cuay8,슬픔,0.0,0.16,0.04,0.69
Laxp0H-rJq0,분노,0.08,0.87,0.04,0.01
OcaJ0ttIgX8,분노,0.29,0.54,0.1,0.07
U-8PucKZ0Ao,슬픔,0.07,0.05,0.01,0.58
2_2fS6orD4U,중립,0.0,0.06,0.66,0.21
j7s6ca-AJgA,중립,0.08,0.1,0.77,0.03
jOdSonCGKkg,슬픔,0.0,0.04,0.15,0.67
CdrTi8WfdbI,중립,0.02,0.01,0.64,0.29
CI-uX37sjL4,중립,0.03,0.05,0.79,0.1
H-IdU1jTr6M,,,,,
Na3tT_UPKBs,슬픔,0.04,0.17,0.13,0.29
oAUeSOkwgq8,,,,,
1AcsXmSKLNw,,,,,
1XXb1TCvohA,,,,,
99Iz7VrNbo0,,,,,
GBpwB3iVXv0,,,,,
rDA-a6VDHL0,슬픔,0.0,0.07,0.11,0.77
h0JqW1ZuU-g,,,,,
QKHEEBF_XHM,기쁨,0.9,0.04,0.0,0.0
Rifep69fN-E,슬픔,0.04,0.03,0.24,0.61
O_gQWBMGuFc,혐오,0.09,0.22,0.07,0.07
4s4u-OwqjCY,기쁨,0.62,0.12,0.2,0.04
sKDlc1LssLg,중립,0.29,0.09,0.33,0.25
7FAzGHfM-io,슬픔,0.01,0.17,0.16,0.65
AmPlGw_oUoc,기쁨,0.47,0.19,0.11,0.18
Bcx1HbiwVpc,기쁨,0.52,0.02,0.12,0.12
SH63Rzo6gSo,슬픔,0.0,0.01,0.4,0.48
fkvDTb0NoTc,중립,0.14,0.01,0.72,0.09
dcKe-abcpSs,,,,,
1bEDovFOfs4,,,,,
n57_eodIUOo,슬픔,0.07,0.05,0.05,0.57
k47PL1UZr0E,,,,,
qinCQV5wuEw,분노,0.01,0.65,0.0,0.16
-eFxk4heHH8,,,,,
kSRAJCP--fo,,,,,
Y_9PLSplnsg,분노,0.02,0.49,0.04,0.38
Xs8c__Afgvk,,,,,
ckpIVQ_070A,,,,,
7Z_lIIZdLfE,,,,,
EWaOSZZXN54,,,,,
Hi8xBks5rQA,중립,0.08,0.05,0.48,0.29
lZCS8volRFg,,,,,
2tL6XQkEI7M,,,,,
i_U6tUkZ4-M,,,,,
XTkZ_j4Fv5U,,,,,
uK439hgj1p0,중립,0.01,0.26,0.45,0.21
RtMj4FR8xnM,,,,,
7HkFekbLQuA,슬픔,0.25,0.07,0.06,0.56
3JuGq65D6CE,,,,,
y9I-VlV3w-Q,,,,,
61Fp8v9bkPY,,,,,
Uwggwo-k2Tk,,,,,
cMEK_wn0ISE,공포,0.02,0.13,0.05,0.17
pYLJr91CIv4,중립,0.04,0.03,0.64,0.26
K3ZlruYvJAA,슬픔,0.03,0.06,0.14,0.71
V6May_iPgmE,슬픔,0.21,0.3,0.05,0.33
JyWca4Kwix0,중립,0.22,0.01,0.54,0.2
mdayXrRnPHs,슬픔,0.0,0.1,0.24,0.55
9vj3hzLNP_U,중립,0.0,0.11,0.66,0.13
MgPipc0VKo4,기쁨,0.42,0.01,0.25,0.3
TA9XCmHcUm0,슬픔,0.01,0.03,0.2,0.63
OmnoDxZ73VY,기쁨,0.99,0.0,0.01,0.0
Vc8ueMrk3QM,기쁨,0.99,0.0,0.0,0.0
62RmjOuvoPY,기쁨,0.61,0.01,0.32,0.03
kzWlfcLjfoU,중립,0.41,0.01,0.56,0.02
Xp9SiauRSk0,중립,0.01,0.04,0.82,0.07
cSKbd6ao850,기쁨,0.88,0.03,0.0,0.02
WYW-mw9Hqes,중립,0.41,0.01,0.55,0.03
X26XDMKuc5w,중립,0.03,0.02,0.8,0.08
4hRViCh-8wo,중립,0.01,0.07,0.36,0.09
ZD2KbNE34zU,슬픔,0.0,0.02,0.39,0.56
CRPq7vl4jd8,기쁨,1.0,0.0,0.0,0.0
Xl5gYnBZeGU,슬픔,0.0,0.26,0.03,0.65
2sDDWdeFyJo,중립,0.0,0.02,0.89,0.07
FfWhVOJvV-E,,,,,
1mIcOUxA6jM,놀람,0.09,0.22,0.16,0.13
4OkKh2mS70M,중립,0.05,0.04,0.88,0.03
UdM6N8k9pdM,기쁨,0.53,0.09,0.28,0.1
qa0a9VvcfCU,,,,,
-ouBmItj3ho,기쁨,0.93,0.0,0.05,0.01
mK5xBef4dvc,중립,0.28,0.01,0.51,0.19
X9scaMcg_lU,슬픔,0.03,0.24,0.19,0.48
OvvWo510yg0,분노,0.01,0.46,0.23,0.23
P8Wd1Ds6bE8,중립,0.06,0.11,0.63,0.13
9qfhMRTare4,분노,0.01,0.46,0.45,0.07
V2qVJ57p7CA,슬픔,0.0,0.04,0.02,0.91
S7vJ33Q1p0U,공포,0.04,0.1,0.04,0.29
5AiUuuWLBiM,,,,,
6DfIQtPd50Y,,,,,
Nfux-4wtk20,,,,,
9GySoONzcZY,,,,,
ph3KbN4JLBk,분노,0.02,0.75,0.16,0.04
cQL8Wf9Ia3k,,,,,
wGOonVxXARk,,,,,
7nfsa4nhQ5Y,분노,0.01,0.35,0.07,0.29
sGjqTrlglkI,슬픔,0.07,0.02,0.26,0.62
lPVstzb5XrE,놀람,0.0,0.0,0.0,0.03
nsBhrktA3-s,,,,,
SL3D6XPxKxE,분노,0.18,0.73,0.03,0.02
ZPFN6jxDezE,중립,0.01,0.24,0.5,0.08
z4SzKQsSwQI,슬픔,0.17,0.08,0.09,0.34
-pcefIFzuVw,놀람,0.0,0.02,0.01,0.01
Jwejv9W6KCM,,,,,
yz4MqV4sVWY,분노,0.0,0.58,0.0,0.13
N8Z2rFu3-oA,놀람,0.01,0.03,0.09,0.1
_L4W3xTtcJ8,중립,0.0,0.18,0.51,0.2
tmxai635e_s,,,,,
H5tLnt973QI,,,,,
-gbxe38Q-xY,,,,,
lT0QgtfhtHo,중립,0.0,0.0,0.69,0.07
KT24s0PCwZA,기쁨,0.25,0.21,0.1,0.2
j4HasVGBv4Q,,,,,
-MKPZX35Ef0,공포,0.02,0.04,0.21,0.18
3TFzXMAabN8,중립,0.11,0.07,0.58,0.21
u6E2Wzk35HM,기쁨,0.65,0.03,0.26,0.04
x4lelf1omFA,분노,0.0,0.71,0.05,0.15
jPPwdR4BUnM,,,,,
AsjozZJutOM,슬픔,0.02,0.12,0.02,0.6
jtgc_0ks0Ns,중립,0.03,0.01,0.64,0.19
nIGATjyVsj8,중립,0.03,0.1,0.74,0.07
tMrsg8Xif-c,중립,0.1,0.01,0.79,0.05
344PHl5A7nM,중립,0.05,0.14,0.6,0.17
z90hFa0wcpQ,기쁨,0.7,0.01,0.28,0.0
OXuHQohZ0A8,,,,,
C5jBtwObFaM,분노,0.01,0.61,0.12,0.19
gaZf_MF7OH8,분노,0.04,0.92,0.0,0.0
fYyRM-17oC0,,,,,
OAKW6n8d7i8,,,,,
iJPXMPgzMcQ,중립,0.02,0.07,0.43,0.18
RVV2kOKsUdw,,,,,
ddrLxjLhcpA,,,,,
zHwmMQoepik,기쁨,0.73,0.06,0.06,0.09
p-ddKzYfuUk,,,,,
XSlmnhFpegQ,공포,0.02,0.21,0.09,0.33
k6k09WgBDHw,,,,,
zNWXYI4trTw,기쁨,0.39,0.14,0.09,0.28
TqGWAlTUkc0,중립,0.0,0.15,0.52,0.25
gh7tU0buOD8,중립,0.29,0.17,0.41,0.09
cpems8b6MP8,,,,,
Yt6eLT2B4Kg,,,,,
bUAel3DEO7k,,,,,
fXMif64QGDY,공포,0.0,0.04,0.07,0.37
8Kwv9kMl83o,,,,,
jIJwqh1C1DQ,중립,0.05,0.22,0.59,0.12
Yg0G2TRuyPo,중립,0.0,0.03,0.3,0.26
WVVWjNJwVxA,슬픔,0.05,0.32,0.06,0.36
IG-VEyuLmHA,공포,0.01,0.04,0.28,0.23
mxylDl8KwHs,슬픔,0.0,0.33,0.18,0.45
EUlOr_xzi2g,중립,0.19,0.08,0.39,0.2
vq4gm5yX6J4,중립,0.02,0.03,0.79,0.11
4pz5YDz-Xa0,슬픔,0.0,0.0,0.49,0.5
710Y8VoiP10,중립,0.0,0.03,0.63,0.31
EyZRvVmC8x8,분노,0.06,0.42,0.15,0.13
IubRfLVazwo,기쁨,0.99,0.01,0.0,0.0
AFdPPwjFd38,슬픔,0.0,0.0,0.0,0.97
E7XHOtxQwUQ,공포,0.0,0.02,0.0,0.03
5v4ckzcp5fM,중립,0.0,0.0,0.72,0.28
Cv3dcKIODnE,공포,0.0,0.09,0.16,0.18
AA99BxRw-5c,중립,0.0,0.02,0.84,0.13
yGLGVMoyMqs,중립,0.07,0.0,0.84,0.09
qK677GcOuPs,중립,0.04,0.04,0.54,0.11
BSMSfTIcq7A,놀람,0.0,0.0,0.0,0.0
cthslzPYu94,중립,0.16,0.01,0.82,0.01
3E9rIHXXscY,중립,0.01,0.02,0.71,0.19
UIUQfgQgwqU,중립,0.13,0.05,0.6,0.21
kj9XWF_4yLs,놀람,0.0,0.13,0.06,0.2
aPRbDctjlfw,기쁨,0.27,0.06,0.23,0.06
IJ1z9sCS9Pw,중립,0.01,0.07,0.75,0.14
_k-HmVJcC7o,중립,0.01,0.07,0.48,0.13
ImG-DuTNsjI,공포,0.04,0.09,0.03,0.02
8-6YB06xQhY,중립,0.29,0.19,0.39,0.07
zstJ_chpZ-w,,,,,
4l6PjUzXo5o,슬픔,0.0,0.1,0.02,0.85
KMdwr9v3iUo,,,,,
nQJuhDprRuQ,슬픔,0.33,0.04,0.16,0.42
HzuSF0VMWnA,슬픔,0.0,0.01,0.14,0.54
AFvp6X62UKE,,,,,
hSQ1M57U220,,,,,
ADb38Zw_zzo,,,,,
Wgz-I1tIghM,공포,0.04,0.01,0.19,0.17
rQnutRh4D6k,슬픔,0.0,0.01,0.01,0.45
UsmNScXxgus,공포,0.0,0.02,0.34,0.06
ZPUsoslHC4c,놀람,0.0,0.04,0.01,0.01
TAHx92TV2Dk,슬픔,0.0,0.14,0.37,0.48
sJ-xan5mUfA,중립,0.0,0.03,0.71,0.13
WDeTBfVOy10,중립,0.02,0.17,0.73,0.06
RNr_Y4fDAhA,,,,,
8pU-cz7NyiA,,,,,
BW0bUkWkmyo,,,,,
dmIWrPEyXuQ,,,,,
OPPkJrfexsA,,,,,
1m6QJEY-mwk,,,,,
jF2tNpgoByM,,,,,
x6GvGTdpqHE,,,,,
_MNCTzC806w,,,,,
RoMP5bRt0X0,,,,,
mbZFHKjQ578,기쁨,0.72,0.13,0.02,0.07
SOtmTyd0uIg,,,,,
gpBDkD4f78A,기쁨,0.95,0.01,0.0,0.01
u8Qo785eXPc,,,,,
YqFTIwiOTpQ,중립,0.0,0.03,0.92,0.02
r870fO_0bbM,,,,,
lAG8DcB_mf4,,,,,
Ka7a4L5bYks,슬픔,0.0,0.02,0.28,0.65
ILLROrWFLIo,,,,,
UZL-lIIu_h8,,,,,
egg2xpN_Hb0,,,,,
sKzuBL7jubw,중립,0.03,0.05,0.6,0.1
XERHd_BLStU,기쁨,0.29,0.1,0.27,0.18
o_MiSAumGFI,기쁨,0.65,0.24,0.07,0.03
WOH-GQfLCrQ,분노,0.0,0.31,0.13,0.28
08gFHwSZZtI,슬픔,0.0,0.23,0.24,0.41
sQwVsKcJIG8,기쁨,0.81,0.04,0.01,0.13
ZT8qsgz4rkE,공포,0.0,0.04,0.04,0.34
7m93kJarsXs,중립,0.0,0.01,0.89,0.05
zuQtoCzjVNY,놀람,0.0,0.01,0.27,0.01
pxlUQrDADtg,중립,0.03,0.0,0.95,0.01
5ZTwnL7YBxc,중립,0.39,0.0,0.59,0.01
e5Q89mrY_Rk,중립,0.0,0.0,0.98,0.0
mCeafbBXhfs,중립,0.0,0.01,0.87,0.11
z6LOxYPMUxg,중립,0.0,0.0,0.93,0.02
S9zYmbcSFWI,기쁨,0.35,0.03,0.35,0.16
JneRsHWYChs,중립,0.0,0.04,0.71,0.2
4udi9nruQqU,슬픔,0.0,0.08,0.23,0.44
23bGJhbbzb0,중립,0.15,0.03,0.55,0.03
G9UNDRLbxls,놀람,0.0,0.0,0.0,0.01
mdGFnYDy-8o,중립,0.01,0.14,0.73,0.06
ZzMZ9UI2SqQ,중립,0.0,0.25,0.47,0.12
JLVuX5IoHwA,중립,0.02,0.02,0.49,0.06
yw_Z2dAcgmw,중립,0.0,0.1,0.68,0.13
zBuFFHX8mUk,,,,,
-vgsvhyIyyo,기쁨,0.96,0.0,0.04,0.0
87-o-7tvd70,,,,,
BbV_ezKOANY,,,,,
mt6_miPso6w,,,,,
CRih7l52qAE,슬픔,0.0,0.19,0.01,0.71
9HOwHlrCEC0,중립,0.0,0.05,0.55,0.26
yDCJaJbUEGM,중립,0.01,0.35,0.42,0.18
DCs7eG6Bppo,,,,,
fE1ZQklMGpA,분노,0.0,0.62,0.26,0.08
l4VXB7SegXI,중립,0.0,0.14,0.66,0.14
x4Doio8VLG0,중립,0.16,0.01,0.7,0.12
p0MCsp3X-k0,중립,0.19,0.07,0.36,0.35
V29GCpmFvHQ,중립,0.0,0.02,0.75,0.2
eHA4R3GsfBs,,,,,
NQR2ljxMums,공포,0.0,0.05,0.15,0.03
lmH6O48Snqs,놀람,0.06,0.11,0.29,0.05
pNKkzBHntRA,중립,0.0,0.12,0.6,0.05
I1jXZvxMZIU,중립,0.0,0.09,0.78,0.04
EuNqqa2Jxy8,슬픔,0.02,0.11,0.05,0.7
sozoKcnX2-0,놀람,0.01,0.16,0.27,0.19
UKurNMFMHYM,슬픔,0.14,0.14,0.16,0.49
V4Knkb5ewl0,,,,,
PMZpoBYw6aM,슬픔,0.0,0.08,0.14,0.76
B0KZ_GpMdDM,분노,0.01,0.58,0.17,0.21
1cMKMKcVCSQ,기쁨,0.77,0.01,0.17,0.03
P_T0eXIpuWw,분노,0.0,0.42,0.02,0.35
tyljnzGIgvc,기쁨,0.27,0.04,0.24,0.2
ZEJRB0_E8I4,슬픔,0.28,0.17,0.03,0.41
fAYsdFQkFAA,기쁨,0.38,0.14,0.33,0.11
Tyx8VOc4uLI,슬픔,0.01,0.07,0.32,0.57
bQZSHVOWSQ4,기쁨,0.72,0.01,0.19,0.05
fJwexujD1ps,기쁨,0.87,0.0,0.11,0.02
jvWnEPlsL1c,,,,,
OE4jNq4LlcQ,슬픔,0.07,0.07,0.19,0.59
MGYkDmHMJ2A,슬픔,0.02,0.06,0.03,0.65
wr69V_O905g,슬픔,0.0,0.19,0.15,0.53
jdpecByF1vg,슬픔,0.06,0.1,0.07,0.4
wT6JevpCxms,슬픔,0.0,0.08,0.02,0.73
TdK6GUTYOdg,슬픔,0.01,0.15,0.05,0.46
OSojx3w-8qg,슬픔,0.31,0.05,0.12,0.44
JiUhRBzUnYo,놀람,0.0,0.01,0.0,0.03
YqmTJDtuyM4,놀람,0.0,0.01,0.01,0.01
TkVfwxamBiI,슬픔,0.01,0.04,0.2,0.48
WpjdzUF2FUA,공포,0.0,0.03,0.33,0.12
5fqIC1ZlwJ8,중립,0.08,0.2,0.36,0.12
zhX6iJgHyxk,슬픔,0.01,0.08,0.11,0.71
P3VqgXCB-Ss,슬픔,0.19,0.31,0.04,0.4
UHQk7amodnw,중립,0.06,0.19,0.38,0.24
Fj7jfm_FI1c,기쁨,0.54,0.28,0.06,0.02
RGnRU0fa3wY,놀람,0.12,0.0,0.05,0.0
5-t0ziRO6S4,기쁨,0.98,0.0,0.01,0.0
ZNtVoEzixtA,중립,0.14,0.03,0.43,0.37
rUBrlpdr2Ug,공포,0.0,0.02,0.0,0.08
WSgOBwkS-4g,기쁨,0.28,0.21,0.12,0.27
SCS25goJ0OQ,분노,0.0,0.5,0.01,0.4
rVwNfVaIlj4,공포,0.0,0.04,0.14,0.08
pxi2stiMaCM,슬픔,0.01,0.16,0.21,0.57
T_77ziYUAfc,슬픔,0.19,0.14,0.03,0.26
WWg5lUItR74,슬픔,0.01,0.25,0.18,0.45
bjD9vCFy_O0,중립,0.0,0.01,0.88,0.06
dhGoOnrZB-0,,,,,
sXCFx9axvoY,슬픔,0.07,0.1,0.13,0.59
sKGNU4f6cAA,중립,0.0,0.17,0.75,0.04
6gMGLrqjVU4,분노,0.0,0.54,0.18,0.2
CopyKSw8O8k,중립,0.0,0.04,0.52,0.35
OiwOK8SuBX0,기쁨,0.86,0.01,0.12,0.01
YVxgweLzWdY,슬픔,0.0,0.32,0.26,0.37
aWyovC4_WBU,기쁨,1.0,0.0,0.0,0.0
TCbWCbRfyHU,중립,0.02,0.04,0.88,0.05
UTRsdZWxhjg,공포,0.16,0.26,0.15,0.03
O3Fi7apclN4,기쁨,0.98,0.0,0.02,0.0
ZeAi5fMS47Q,슬픔,0.11,0.04,0.12,0.38
lnuXdWO9IL4,중립,0.03,0.19,0.67,0.04
OXtPnQfY9Vk,기쁨,1.0,0.0,0.0,0.0
jxFhyzWHxDo,중립,0.02,0.17,0.47,0.31
RRp4KWFDP8w,기쁨,1.0,0.0,0.0,0.0
6oSeXIX1mlg,분노,0.31,0.52,0.06,0.05
WSjyrJvJAx8,분노,0.22,0.36,0.1,0.2
2hdS_8WZGEQ,중립,0.49,0.0,0.5,0.0
_bbYVGonVQ4,기쁨,0.56,0.0,0.4,0.01
Ui7nHFUB0YY,,,,,
YSiPbypXVVQ,기쁨,0.77,0.03,0.02,0.11
Ya4hew60hdc,,,,,
SAk2Iax7Xj4,기쁨,0.96,0.0,0.01,0.02
2CrHMKXV0UQ,,,,,
3mUqtGSuA9k,중립,0.0,0.05,0.44,0.39
h_yVXNga2gI,기쁨,0.82,0.05,0.03,0.07
rK3AzHpPLek,놀람,0.0,0.05,0.0,0.0
9LzH8CkrmWM,슬픔,0.0,0.28,0.0,0.39
RTgtlu16faY,분노,0.24,0.44,0.05,0.12
xSaeg9Seeh8,공포,0.11,0.1,0.17,0.23
X9SZg5Eq3eU,기쁨,0.67,0.02,0.02,0.04
cBKJsOu-pSM,슬픔,0.05,0.07,0.27,0.5
I6ZD5ZoA0Mw,중립,0.14,0.06,0.54,0.22
X1LqWEFjMjg,중립,0.17,0.03,0.66,0.02
KubvPIgG_o8,슬픔,0.11,0.13,0.02,0.4
qG4eK8Bj0Wg,중립,0.05,0.08,0.84,0.02
rQ0MgNOHVNk,중립,0.1,0.18,0.51,0.16
rXiP_DFFgFc,놀람,0.06,0.02,0.01,0.01
6LX-XHQafBk,중립,0.44,0.02,0.51,0.02
dPtG4b5V42k,분노,0.01,0.87,0.02,0.06
VS3IG6JrWZs,,,,,
QPdi08EKKzc,,,,,
boDIfqBWsKQ,중립,0.01,0.07,0.45,0.38
fInYvqYURUI,,,,,
HU-oTc-sSY8,기쁨,1.0,0.0,0.0,0.0
fIXV79s55Ag,슬픔,0.01,0.21,0.19,0.47
PdPmYDH0Is8,기쁨,0.54,0.01,0.35,0.08
m0ZAyY5pchU,슬픔,0.03,0.22,0.26,0.29
WX13xMau6Aw,중립,0.04,0.1,0.39,0.33
tDE4cZP8RZk,기쁨,0.52,0.07,0.3,0.05
9w9uZe8kWZs,슬픔,0.0,0.04,0.18,0.51
lc3cXPYHNLU,공포,0.01,0.09,0.02,0.07
huWUoBldpME,,,,,
2qdxZl2FfsA,기쁨,0.94,0.02,0.0,0.0
vYUrW2cADYM,분노,0.02,0.84,0.0,0.02
ckNfduPv7wU,슬픔,0.06,0.06,0.18,0.57
6iaoFBTIGtc,,,,,
IAceyk_CXTQ,,,,,
f_YxTVhRR-o,,,,,
jDw-2b4pibQ,,,,,
RKseQxcWuOw,기쁨,0.77,0.12,0.04,0.05
RPrcUy8VDLU,중립,0.0,0.05,0.65,0.19
uUhEfZ1ndk8,공포,0.0,0.05,0.04,0.17
oruHlAHfAa0,중립,0.0,0.04,0.38,0.31
ZV4H1FxZdOI,기쁨,0.32,0.1,0.11,0.31
5Pv3Xrza3xs,기쁨,0.73,0.01,0.12,0.12
_56GlOLLZRo,중립,0.0,0.01,0.54,0.2
Ii-GwnSCFlc,분노,0.0,0.44,0.02,0.19
e0ahhdAH_Hg,기쁨,0.41,0.17,0.0,0.0
hCpnsYOpBY8,,,,,
GB-glceHveo,슬픔,0.0,0.26,0.22,0.28
Av6tqa0MyU8,,,,,
sLoI1g7usGw,,,,,
Yw7WDejSpJI,,,,,
S6KeMw7-99U,중립,0.0,0.1,0.6,0.17
HruzZ14C0QE,기쁨,0.94,0.0,0.04,0.01
VoaXIKxdx7M,중립,0.02,0.1,0.32,0.14
75KTFFhbFqE,슬픔,0.02,0.07,0.28,0.41
qog_Rki6AAI,슬픔,0.0,0.02,0.01,0.96
fxKXc872les,중립,0.0,0.02,0.57,0.32
Cx7fWpXqdhQ,중립,0.01,0.0,0.89,0.09
hXRALzZCwok,,,,,
fNs7vTHA5c0,,,,,
IVWEowBQWws,중립,0.05,0.01,0.81,0.09
ognGsZ3-gsA,중립,0.1,0.02,0.46,0.4
xXEbHQ41joE,중립,0.0,0.0,0.94,0.04
-LPC6efBZF8,중립,0.02,0.03,0.59,0.33
Yi8K9F_2N1s,중립,0.0,0.04,0.76,0.19
vBNuDe6_yVM,,,,,
_wmpU0wbATk,슬픔,0.01,0.22,0.27,0.31
aXJOq_Tkf8E,중립,0.0,0.04,0.93,0.03
s3K6QOTNnsI,공포,0.0,0.08,0.13,0.35
3R9LC1u4nYo,분노,0.0,0.43,0.11,0.25
BVmSN-a07wM,슬픔,0.03,0.25,0.15,0.41
XebrgHhexM0,중립,0.0,0.14,0.5,0.34
z46e9gyxddQ,슬픔,0.0,0.18,0.28,0.52
o0SpPRieMsk,슬픔,0.0,0.05,0.05,0.88
WPnocWxSj7Q,슬픔,0.0,0.23,0.32,0.39
0cIE0YikWXQ,분노,0.0,0.61,0.04,0.28
1oybxONNNxM,슬픔,0.0,0.23,0.1,0.64
ykr0WTEqOF0,분노,0.08,0.44,0.21,0.14
1ytxp3lVLGs,중립,0.02,0.08,0.37,0.09
dsroH-cfVMM,놀람,0.0,0.0,0.0,0.0
HRigXqj0zd0,분노,0.0,0.66,0.05,0.07
oI2dpDXrKfY,분노,0.0,0.36,0.11,0.32
QEm_VaRVqoQ,분노,0.02,0.77,0.03,0.01
5FObV21t9Vk,공포,0.0,0.04,0.07,0.29
PsK5Lj1-GFU,중립,0.01,0.03,0.83,0.12
iWvflaCkNu4,기쁨,0.97,0.0,0.0,0.0
mVZNLU8dH4U,기쁨,0.81,0.0,0.18,0.01
1hFI65D3mIs,기쁨,0.93,0.03,0.01,0.01
ie70FsAm_fQ,중립,0.05,0.08,0.39,0.25
NvcbLgHHyzc,중립,0.0,0.04,0.55,0.27
TqPWWBY0Zxo,중립,0.0,0.01,0.73,0.15
FvZY3RM9lnA,,,,,
n5oZf7t-Zps,기쁨,0.97,0.01,0.0,0.01
F0kPOvCBFo4,기쁨,0.72,0.06,0.02,0.1
YyhDyWr8NQY,,,,,
Z8A5YymxShc,중립,0.0,0.02,0.86,0.03
ynqAiZzrS7c,중립,0.04,0.06,0.64,0.1
MFNqyqnYyJA,중립,0.01,0.12,0.75,0.05
_XJWO1nWy9U,중립,0.0,0.01,0.93,0.03
MPMjqVBv17A,중립,0.02,0.01,0.53,0.2
p_Sn4lqvdgg,중립,0.09,0.06,0.52,0.16
YdHyR70hSrI,슬픔,0.22,0.12,0.1,0.26
0lbM9dYXtro,슬픔,0.01,0.05,0.1,0.52
OU9ZhMFsY_o,중립,0.01,0.05,0.89,0.04
PgpzdCJzlE4,공포,0.0,0.15,0.29,0.22
obUFIZxJOXQ,분노,0.13,0.68,0.0,0.16
XQBUM1dxAiI,,,,,
MzyxZZLz9Gk,,,,,
kVwJ2V402ZU,놀람,0.0,0.0,0.01,0.03
yOKga79wIXE,놀람,0.03,0.0,0.22,0.0
p_zBGTKedX0,중립,0.18,0.02,0.79,0.01
lR7F98ueDzk,기쁨,0.53,0.0,0.43,0.03
zbnOz_nEBHQ,중립,0.01,0.01,0.52,0.44
3757753j6Y0,기쁨,0.72,0.04,0.21,0.03
gLITeAko24c,공포,0.08,0.03,0.18,0.15
7ZJTdowY3zw,중립,0.04,0.01,0.94,0.01
9R4vsSYzT5g,중립,0.27,0.05,0.5,0.11
y66av4Uv-Ak,슬픔,0.03,0.02,0.39,0.53
Rqx2yIDW02k,슬픔,0.0,0.15,0.01,0.44
zT4qCPd8qoc,분노,0.01,0.47,0.12,0.17
maO4etYYU_A,중립,0.01,0.06,0.66,0.19
nHUkEoHEfqg,중립,0.0,0.14,0.35,0.18
VJjLC02Jgu0,분노,0.0,0.86,0.01,0.02
B1jK1ULO0QU,,,,,
PI2lAm7izsg,,,,,
3btlJNlMzmg,기쁨,0.76,0.02,0.17,0.01
KtcIKSho9m0,기쁨,0.77,0.05,0.03,0.01
i_nIyKjGCLY,슬픔,0.26,0.08,0.22,0.34
RGQ1uAQeRY8,,,,,
ZYCU0sG-_qM,슬픔,0.0,0.14,0.22,0.39
IbaoBGsAlAE,중립,0.06,0.09,0.69,0.1
nSgMadEsaTw,중립,0.0,0.12,0.31,0.08
kqYC-NcL2Cs,중립,0.0,0.06,0.4,0.15
AfRdt3BJzJY,,,,,
MguINRjpSQg,,,,,
D5yxjspyxPk,,,,,
SUY6LSK38qw,분노,0.01,0.62,0.14,0.13
NJQFRwOz_O8,,,,,
86uBvrof2IY,슬픔,0.19,0.06,0.24,0.49
SrdEiLfr4Qg,,,,,
UDeicp4-85s,,,,,
AUgZVy0mtnk,,,,,
wE8BNVdKseo,,,,,
sqEm03va4Fo,슬픔,0.02,0.05,0.01,0.63
aP81rgepG74,,,,,
8xmoXMVvyP0,슬픔,0.02,0.05,0.34,0.55
avcHrDdSJ8E,,,,,
3Cd2m1L_Uj8,,,,,
abjGoYzl7ug,기쁨,0.86,0.01,0.11,0.01
EJlyJQooz1Q,놀람,0.0,0.0,0.0,0.01
utP8aHWCkHQ,기쁨,0.86,0.01,0.11,0.01
hOrk70XWFGI,공포,0.04,0.21,0.11,0.14
AGeLChWM8eY,놀람,0.0,0.02,0.07,0.02
foUkbeZhwcE,,,,,
wdadEOpViKE,기쁨,0.86,0.01,0.11,0.01
0usFQkDKOiw,분노,0.11,0.54,0.07,0.09
ltmerRsvbIA,기쁨,0.36,0.2,0.06,0.01
XQ8ycA63C9o,기쁨,0.86,0.01,0.11,0.01
nqhOWL-njlg,중립,0.03,0.04,0.37,0.05
7GPm9bhKDeA,중립,0.01,0.04,0.49,0.11
vlu95TDrBTg,기쁨,0.69,0.07,0.07,0.08
EsFSLlAYGXM,놀람,0.0,0.01,0.28,0.01
5uAkrTiL6tM,중립,0.05,0.09,0.45,0.18
OLp7mt3pcrk,분노,0.05,0.52,0.13,0.16
fagUScOiF_4,공포,0.0,0.29,0.02,0.08
FTgtcz_IECI,슬픔,0.0,0.07,0.33,0.48
3-cHXAd_SWc,슬픔,0.2,0.03,0.28,0.28
ng-IeGHkyoM,중립,0.01,0.04,0.65,0.23
wiXN9XS-g2Y,중립,0.01,0.06,0.81,0.08
9VA80UIbJmY,,,,,
mXm4eMW-UvU,,,,,
gQSUqlIFrLo,분노,0.02,0.42,0.36,0.07
vZXQKmMnTAM,슬픔,0.0,0.08,0.19,0.71
zTljhCBrxAI,슬픔,0.0,0.06,0.42,0.43
8gvbGF39nC8,슬픔,0.11,0.03,0.37,0.47
2hTAfJ1vs0A,분노,0.04,0.77,0.04,0.08
ehrUGEKufkM,기쁨,0.61,0.07,0.09,0.08
n0enuSluuW4,분노,0.05,0.74,0.04,0.13
XW4yEzPLhdM,기쁨,0.36,0.22,0.28,0.02
TIb_oYkIQQ8,공포,0.03,0.13,0.26,0.05
wwyeP6XtQmY,분노,0.14,0.69,0.04,0.08
EP-pyfK-uzI,중립,0.01,0.25,0.66,0.01
ASQMvHlNkKY,분노,0.03,0.4,0.21,0.26
wxfPOnOgeB0,기쁨,0.31,0.08,0.27,0.3
wMUpbPFVlko,기쁨,1.0,0.0,0.0,0.0
p8KJDnqrYYM,슬픔,0.0,0.04,0.04,0.51
Kshdu16MCm0,중립,0.0,0.03,0.78,0.12
52v_npkUDg8,공포,0.0,0.02,0.04,0.26
_H79pulPAnQ,,,,,
aw6fooF3TZE,슬픔,0.01,0.04,0.06,0.6
lDPz8ZSDsZ0,놀람,0.0,0.21,0.07,0.22
4QAS-yil-BQ,슬픔,0.01,0.04,0.11,0.43
6ZQFf9V-0f4,분노,0.16,0.63,0.08,0.04
WWnDJom0FG8,슬픔,0.05,0.29,0.1,0.33
vAbTi0rd6lo,슬픔,0.0,0.07,0.03,0.72
SPIp52Tkrpo,공포,0.01,0.03,0.09,0.16
V-9oNiLRPwo,중립,0.14,0.14,0.48,0.06
Eu4WnyhyQlo,,,,,
MP4IJ9qKE0I,슬픔,0.0,0.05,0.25,0.59
5eHv79nv8hg,중립,0.02,0.04,0.49,0.41
3AglrxhKQvw,분노,0.0,0.64,0.02,0.16
Fw_nSdHeAuc,중립,0.0,0.03,0.51,0.27
RLDGc_IS3lo,슬픔,0.04,0.08,0.03,0.61
zpv7mWSX3uQ,중립,0.0,0.09,0.86,0.03
8OMZaH12ye8,기쁨,0.99,0.0,0.0,0.0
RCTyK9iM8Oc,중립,0.01,0.05,0.65,0.23
L61b8LCbhH0,기쁨,1.0,0.0,0.0,0.0
w_eF9OvyaO4,기쁨,1.0,0.0,0.0,0.0
Gr8irUoVkpA,,,,,
q_z4N6QAe48,슬픔,0.12,0.31,0.11,0.36
TjuVPx8NZKE,중립,0.19,0.04,0.61,0.14
NmH2T-6xw0w,슬픔,0.13,0.05,0.31,0.4
4BO-21tlod0,중립,0.02,0.11,0.47,0.15
AmjxDH2JXQg,중립,0.0,0.2,0.65,0.13
iykN_Lj6Mmw,,,,,
K7Oh47uUIW4,슬픔,0.02,0.05,0.18,0.43
QqH4GSvQX2A,기쁨,0.8,0.02,0.05,0.11
b5dxHCyC_lw,중립,0.06,0.12,0.69,0.06
GCJXLCgAiPM,중립,0.02,0.18,0.4,0.25
flqLCzcbVrE,슬픔,0.0,0.03,0.43,0.46
FBhlFHQ-f9g,기쁨,0.99,0.0,0.0,0.0
y_u3-c8pZ9s,슬픔,0.06,0.08,0.22,0.25
p0fGaoLh2_s,,,,,
dGIwaKWFy0g,중립,0.03,0.19,0.53,0.2
_j5t6TX36SI,,,,,
U2de9c1NqRM,,,,,
h91CfvgL9ps,,,,,
GcmR91dgdyU,,,,,
_efwidlar-4,중립,0.01,0.03,0.49,0.44
HMvkQCM_IFE,중립,0.02,0.03,0.61,0.21
-N3y6mxgJeQ,,,,,
uSLSmYHCMm0,,,,,
eIGbvpTfeSI,,,,,
RIR-WYlIvdM,중립,0.0,0.19,0.66,0.08
-VPAvk5vVCA,중립,0.0,0.01,0.86,0.12
1ZxBsou4eXY,놀람,0.02,0.24,0.19,0.03
KUzly9IH4bg,중립,0.11,0.02,0.68,0.11
SH67aTpNCYs,중립,0.11,0.02,0.68,0.11
CCA70BZEoHc,,,,,
wsaKTFw_TOI,,,,,
YMrSMsHIkkc,기쁨,0.35,0.16,0.22,0.13
uOGsfmetYgI,공포,0.02,0.11,0.18,0.11
I7D-RC8U_Bg,기쁨,0.57,0.01,0.37,0.02
bXf3rz5gPMI,중립,0.39,0.02,0.45,0.12
-HCqTT3Zqj4,중립,0.05,0.09,0.39,0.05
wlQJ_0XlM2Q,,,,,
0KWo_-UKPCM,,,,,
PxPM80_KRh4,분노,0.05,0.36,0.21,0.21
qLBDC6e_HZU,중립,0.0,0.0,0.96,0.04
eBF8E1CfUiw,,,,,
SXcpW_p-Tc4,,,,,
MIvevQDxf-k,기쁨,0.62,0.19,0.07,0.03
C58ONVMFPvY,,,,,
sZWyDp_72K8,놀람,0.05,0.35,0.02,0.0
Md9PWj7bIkQ,놀람,0.04,0.45,0.02,0.0
-lTeLR_fgsU,분노,0.0,0.72,0.0,0.0
tPACND7gC9M,기쁨,0.99,0.0,0.0,0.0
jKTI57iwGS4,중립,0.04,0.27,0.43,0.16
66qo_xpvuag,분노,0.08,0.34,0.21,0.32
_L-lbNK6XxM,중립,0.37,0.01,0.6,0.01
nF9gRQz5HQQ,,,,,
zKs8l4iu5mM,기쁨,0.29,0.16,0.14,0.27
TymBazDc7Lk,중립,0.42,0.0,0.5,0.02
6bri5JUMJc4,,,,,
3DCoGStYoXQ,중립,0.03,0.01,0.56,0.38
E670btNK4rM,중립,0.01,0.03,0.66,0.22
4TNMoV52UcI,중립,0.03,0.06,0.83,0.06
8F298eenVbo,기쁨,0.96,0.01,0.01,0.01
Mugf1V29yGY,기쁨,0.69,0.01,0.25,0.05
i5TdXFZIsNk,중립,0.04,0.27,0.64,0.04
KeF_oSkMSy8,공포,0.09,0.06,0.29,0.15
Lg7Q0m8z7Qs,중립,0.01,0.07,0.84,0.04
0kPOT-SmeD0,중립,0.0,0.04,0.39,0.13
6s-TdFV1KKU,놀람,0.0,0.01,0.07,0.11
6DStSXx7LUY,슬픔,0.01,0.06,0.26,0.45
K8nUA8CwzcA,중립,0.0,0.2,0.66,0.11
sOREU9knslg,중립,0.01,0.0,0.68,0.01
AXxjN0wSMY0,기쁨,0.72,0.0,0.22,0.02
R4FBPBNP4-s,기쁨,0.76,0.0,0.23,0.0
t_EcdMeJrO0,공포,0.0,0.27,0.01,0.31
jrO2wtVjbi0,분노,0.0,0.47,0.02,0.09
w4PRH-xxizg,중립,0.0,0.0,0.94,0.03
M8P8B2godoE,공포,0.0,0.03,0.3,0.07
xusds2cU85o,분노,0.0,0.78,0.04,0.15
lDUp-yKwhCU,슬픔,0.0,0.35,0.11,0.49
vNLzqCERbUs,중립,0.0,0.08,0.62,0.22
9tVuASUZFsU,분노,0.14,0.57,0.26,0.02
guH_Me6cs2s,놀람,0.2,0.14,0.12,0.13
O2Mrj8OqnL4,놀람,0.3,0.03,0.13,0.16
AMvGNoIJfIk,,,,,
QA4fvey96Pw,,,,,
ThESgv49xsk,슬픔,0.22,0.19,0.13,0.34
HRq3R4pkT0c,기쁨,0.57,0.02,0.36,0.04
rHDvVsxuNtY,놀람,0.0,0.0,0.0,0.0
c2JJFKZ4bjU,슬픔,0.0,0.39,0.0,0.45
fJmd6ZhoIIQ,중립,0.0,0.4,0.41,0.14
75Mdk1VzuFg,슬픔,0.02,0.21,0.14,0.55
n94AmXrjc6k,슬픔,0.0,0.01,0.0,0.99
Tpqi21S9o48,중립,0.03,0.13,0.49,0.3
N7fCKcwxGKk,슬픔,0.0,0.0,0.08,0.91
8PztCgsZWKc,놀람,0.0,0.22,0.18,0.04
z6xWleeu_3o,공포,0.06,0.02,0.06,0.19
iZnO84gsdJw,중립,0.07,0.3,0.51,0.08
UmqZHeDUYcw,슬픔,0.01,0.21,0.28,0.28
yr3w3y6bLeg,분노,0.08,0.46,0.34,0.08
XrSDsRirOEE,,,,,
tVJ-GJHjwuc,기쁨,0.58,0.16,0.05,0.04
zQZR1zuufs8,슬픔,0.0,0.01,0.13,0.37
dVYP55wwBT0,중립,0.43,0.04,0.46,0.03
elmS0DuvEaw,놀람,0.0,0.27,0.24,0.1
NeR6hqpWHBE,기쁨,0.98,0.0,0.02,0.0
xTOLodBZ7l8,기쁨,0.8,0.01,0.18,0.01
jzOgRG1wkOA,중립,0.13,0.0,0.86,0.0
Z25Nq_G91fI,중립,0.01,0.01,0.96,0.01
wGYkS44aOaI,분노,0.0,0.38,0.21,0.32
li3l1mLp4vg,슬픔,0.0,0.12,0.24,0.62
kYviQRuTW5E,기쁨,0.99,0.0,0.0,0.0
eXOC7ZV3OaQ,중립,0.0,0.11,0.62,0.18
om6hCA5GDvc,,,,,
mO7yzVpOGEk,중립,0.0,0.16,0.52,0.31
EunyQF5TbLM,중립,0.0,0.4,0.42,0.1
LMBP9xDVMs4,슬픔,0.02,0.05,0.14,0.68
ysnr_UiI_1c,기쁨,0.89,0.01,0.07,0.01
sqHVGJohRTU,중립,0.01,0.03,0.74,0.16
7yMQ767k32c,중립,0.03,0.09,0.82,0.03
myrKeE-IO1M,,,,,
0ZyieQGO-0w,,,,,
J851FsYlt7k,기쁨,0.54,0.01,0.27,0.12
AjFg2lDxpoA,,,,,
jDJmJ8LXaqE,,,,,
jyX4UlLhOjA,슬픔,0.02,0.15,0.38,0.43
Ld0Oy1PeyuY,,,,,
j-_2CpZ5jvE,공포,0.04,0.05,0.06,0.1
j-0Q3cHVL9k,중립,0.01,0.18,0.66,0.13
hJO0j0tFEPk,,,,,
xcrYZcWaS-8,놀람,0.13,0.27,0.14,0.01
P8uLSEBTEW0,분노,0.0,0.88,0.02,0.04
vbV6KVYcTH0,,,,,
Vg1Eq8hYJII,,,,,
EwcyMagH2y8,,,,,
2ZU1DIrm5go,,,,,
zsRdg_0CEiE,슬픔,0.03,0.2,0.19,0.45
TbdgZoHzNr0,중립,0.22,0.15,0.38,0.05
s7y5-djOmc0,기쁨,0.77,0.03,0.03,0.16
BVCOhmiKHPc,중립,0.01,0.08,0.4,0.21
3LDBfMK12YA,슬픔,0.07,0.07,0.04,0.61
KPuXArng1C4,,,,,
jVTGhwAzj3M,슬픔,0.06,0.37,0.12,0.38
hELt3Nx4h3U,슬픔,0.35,0.08,0.12,0.37
ytTAOo7AHR8,,,,,
znKkD2U8fIA,,,,,
tPIjym9awJw,공포,0.01,0.09,0.03,0.06
XCxABEd7RS0,중립,0.03,0.06,0.63,0.15
CmEZqDtn5xM,중립,0.11,0.1,0.6,0.16
-ZpqmQqaWmE,슬픔,0.0,0.08,0.05,0.71
n_WVSyRwb5U,슬픔,0.0,0.22,0.09,0.65
C8Tgo-HCTTA,슬픔,0.01,0.13,0.05,0.49
LnJgrE-Swvw,중립,0.01,0.01,0.61,0.36
e_0eiLsyQTo,공포,0.0,0.01,0.01,0.1
kMPVmuMLhb0,,,,,
R6SadR-PGsA,기쁨,0.66,0.01,0.22,0.03
QrG2AwdPFJw,중립,0.0,0.12,0.77,0.03
-cEPUKlrDng,슬픔,0.0,0.36,0.01,0.5
PwFJONtp70o,,,,,
zmg-xDQmp28,슬픔,0.26,0.04,0.07,0.57
jR5urpt7vwE,,,,,
EfmuFrOo750,기쁨,0.72,0.01,0.24,0.03
_MwC03bo8m8,,,,,
AmwfYS6ILgA,,,,,
rXh9NYMRdQM,중립,0.0,0.01,0.78,0.14
SFATLVfo-SU,중립,0.14,0.11,0.57,0.11
6FHDjay2aVY,,,,,
nCtSeVX2L5s,,,,,
T2qgicDjmrI,중립,0.0,0.03,0.57,0.28
M3JFsEXQoTQ,기쁨,1.0,0.0,0.0,0.0
78Q3FBLq0gM,슬픔,0.0,0.15,0.21,0.45
sm6Ndas-IDM,중립,0.36,0.03,0.61,0.01
WVmH_G5nWZs,중립,0.0,0.22,0.37,0.3
ZdBgg6WJeIA,슬픔,0.0,0.02,0.04,0.52
FuQtHUReI-A,분노,0.0,0.9,0.09,0.0
a8FHe14MD9o,중립,0.0,0.22,0.37,0.3
9JKF9k0h13M,기쁨,1.0,0.0,0.0,0.0
KLI4gY22f54,분노,0.0,0.49,0.45,0.02
JEEGn9kpiMA,공포,0.11,0.12,0.21,0.03
XyDF2DeemMc,기쁨,1.0,0.0,0.0,0.0
lkWPSyuRmQM,,,,,
oYdKsZg_7GU,중립,0.02,0.2,0.51,0.08
5u-IwiS2I8s,중립,0.02,0.02,0.94,0.02
UfL7lpDnn5w,중립,0.01,0.16,0.56,0.25
DiKec0ueFo0,기쁨,0.99,0.0,0.0,0.0
wnODm9sMX00,,,,,
MKfy_f1pTb8,,,,,
zI5pbgtSnFY,중립,0.01,0.17,0.37,0.25
t-f8pOrdfDc,공포,0.0,0.26,0.03,0.17
LozrM__aJtU,중립,0.0,0.01,0.92,0.07
vFg6W5aqepE,,,,,
AnlsVdDAGWg,분노,0.29,0.39,0.22,0.03
_0v5ETjT9yY,,,,,
PYJ6ydsV3XM,,,,,
JblCg3i031A,,,,,
3Ih8CyH2rcE,중립,0.11,0.17,0.26,0.23
jprVb7LG8Ao,,,,,
_lcsRsFpAXw,,,,,
hb0NKZ5u7SA,분노,0.0,0.94,0.0,0.05
02Tr6nrxulM,기쁨,0.73,0.01,0.14,0.06
b2a8r9xuw3s,슬픔,0.02,0.02,0.02,0.86
BPp3Amwcdxw,분노,0.0,0.96,0.0,0.0
oAIdfAfd-IY,중립,0.02,0.44,0.47,0.03
pRoce3dR_TI,중립,0.05,0.15,0.49,0.21
2aUEpNx_d1k,슬픔,0.0,0.12,0.23,0.62
SZFhUDm76rs,중립,0.16,0.28,0.43,0.08
y0xewdiL08w,,,,,
VLYSxICI_vw,,,,,
ghHuqhq1RKY,,,,,
ososLxg0fOI,,,,,
UdlF-YKX-f8,슬픔,0.01,0.0,0.08,0.86
21KE6BDPA08,슬픔,0.03,0.03,0.18,0.47
meDEcu1Sf20,슬픔,0.0,0.07,0.23,0.59
NxGxZMJ5kBY,중립,0.04,0.04,0.42,0.15
rdIzTLSR5vA,기쁨,0.86,0.06,0.03,0.01
GsjnBDAaai0,기쁨,0.99,0.0,0.01,0.01
mLRGBT_eLiA,기쁨,0.65,0.09,0.17,0.06
YCYHSSXSNlc,슬픔,0.03,0.05,0.25,0.38
inGGJO3QQcM,기쁨,1.0,0.0,0.0,0.0
8_jBRmpXA6k,기쁨,0.66,0.01,0.27,0.04
SP0yD647WC0,중립,0.04,0.02,0.84,0.06
_m3dotyPk38,중립,0.03,0.07,0.34,0.23
uavbpB9YLOs,슬픔,0.03,0.07,0.05,0.67
IEDBFL9Hwyk,중립,0.1,0.19,0.53,0.1
J5pakqRgPyw,중립,0.16,0.01,0.7,0.03
DmCfz4U8cho,기쁨,1.0,0.0,0.0,0.0
gNOleCl3g48,슬픔,0.01,0.03,0.12,0.43
rKtom_RgVmQ,기쁨,0.99,0.01,0.0,0.0
YyVUmMk1zAM,기쁨,0.99,0.0,0.0,0.0
2kHtCyfLQK4,중립,0.03,0.03,0.48,0.09
7CdwJQklVnM,놀람,0.22,0.04,0.09,0.02
gfLyQHaybYw,기쁨,0.97,0.0,0.03,0.0
_9pTggJQnbg,기쁨,0.98,0.0,0.02,0.0
Grn33wL1u40,슬픔,0.01,0.05,0.38,0.47
nvbJckdyqpE,중립,0.0,0.07,0.5,0.4
Vt9BfK3B6Xc,기쁨,0.86,0.0,0.13,0.01
BWdQw2YXYI8,공포,0.01,0.03,0.28,0.14
Lx5zOsmxewY,중립,0.46,0.01,0.52,0.01
88we8jHVfQQ,중립,0.19,0.01,0.73,0.03
8xerOZw_xbc,놀람,0.0,0.02,0.11,0.15
aB85XgApP7I,,,,,
_unTTMdKJfQ,기쁨,0.99,0.0,0.01,0.0
o0_zqmUqkw0,중립,0.07,0.19,0.32,0.19
UkebcH0hC54,,,,,
hcfFeOJN6Fw,기쁨,0.65,0.02,0.01,0.27
DTaA6RD_KYc,기쁨,0.78,0.02,0.07,0.1
kA3UqIIbsRA,분노,0.01,0.44,0.1,0.15
TMVVgj1zOoQ,,,,,
HqChNA3UMLY,,,,,
qn-95FTJyMY,기쁨,0.93,0.02,0.03,0.01
Yr-f_dUWo50,중립,0.02,0.28,0.45,0.11
HUhpxh43qWw,,,,,
BL8cf5K_-IM,중립,0.0,0.04,0.46,0.45
q8nX21B8wmw,중립,0.01,0.03,0.48,0.42
62SmWdjekOE,중립,0.01,0.03,0.48,0.42
Rlmj4VgGkJQ,중립,0.0,0.04,0.57,0.36
65SMykUekqE,,,,,
j-IGh7EuPRw,,,,,
iQWVtMrmoEY,분노,0.03,0.69,0.1,0.04
arM0d4J_G6w,중립,0.07,0.1,0.63,0.13
GcCLHPCQVV8,중립,0.25,0.15,0.54,0.04
oYlUMw6c-WQ,기쁨,0.47,0.06,0.4,0.04
v4tJad5HtdQ,중립,0.15,0.17,0.65,0.03
4fKcEEZ5xLs,중립,0.04,0.15,0.4,0.04
xAm-UDQ0hTY,분노,0.0,0.47,0.02,0.18
XJIxSsWHdxo,슬픔,0.01,0.04,0.11,0.79
j2OVkDsTZno,분노,0.04,0.63,0.22,0.05
21cJMyKF6jY,공포,0.0,0.2,0.01,0.24
CIOZtQBbZHQ,,,,,
7aYqpvoIRfY,중립,0.01,0.02,0.48,0.47
mEcsnfOTD6M,분노,0.0,0.78,0.0,0.03
vSGiIk3Y53o,슬픔,0.0,0.0,0.04,0.58
og1wgq3lgPs,중립,0.35,0.05,0.52,0.05
bcSFp1jY4aE,분노,0.35,0.5,0.02,0.08
0UQLTRutiYQ,슬픔,0.04,0.01,0.05,0.8
WaOaKsu8dCU,슬픔,0.0,0.0,0.05,0.92
Rq0i5DTwmV4,공포,0.0,0.03,0.0,0.17
NdoA0iu9MMU,,,,,
hwgQaWgp7fs,공포,0.0,0.01,0.0,0.35
I7M-DorWqo0,슬픔,0.08,0.03,0.04,0.5
Jh3dSnzgmGA,슬픔,0.0,0.05,0.0,0.93
FSCixVyMEQE,슬픔,0.0,0.02,0.08,0.89
lmdcWmndd2U,놀람,0.0,0.04,0.02,0.04
-aERhiGduCg,슬픔,0.0,0.01,0.24,0.74
vdQlZKXLtFs,중립,0.44,0.01,0.54,0.01
9poItQ5tDFo,,,,,
Y2L0QiP-wQs,슬픔,0.0,0.31,0.12,0.43
sX2uh8C4jYI,중립,0.25,0.0,0.74,0.0
hYFk48u_i4w,중립,0.06,0.24,0.46,0.11
q4QIE_7KxM8,,,,,
bY56uNANrDA,슬픔,0.15,0.04,0.08,0.49
5tBZqfjYuuk,기쁨,1.0,0.0,0.0,0.0
nyYiQxcmFFs,분노,0.0,0.44,0.12,0.35
oZWhKTBfaFg,중립,0.03,0.28,0.58,0.07
c5l6RVVvqs8,,,,,
4OyN8Rty8mo,슬픔,0.0,0.17,0.4,0.41
SphnSFWczPk,슬픔,0.01,0.08,0.23,0.48
9qNWRqEfcbo,중립,0.01,0.14,0.5,0.32
LIJrSRhykfA,중립,0.02,0.24,0.67,0.04
NEQW8CHZvrQ,,,,,
jyHp4-uYKtY,슬픔,0.03,0.3,0.09,0.44
KL-ny2NuRKI,기쁨,0.61,0.23,0.02,0.07
gyt5bH-skgY,공포,0.03,0.22,0.01,0.17
b8Mz_ebYZZI,분노,0.0,0.51,0.16,0.27
2cxnoJFESYY,슬픔,0.0,0.13,0.15,0.53
lA-4VktbzLQ,,,,,
kVFhf7QI94g,,,,,
DksOwfmpd3k,중립,0.02,0.02,0.75,0.08
AUB2DvBqquE,,,,,
9GSQ84fH2d4,,,,,
nNumdoliblQ,,,,,
NNMJGdmNqYs,분노,0.01,0.64,0.02,0.01
CYc4D5OqeqI,,,,,
Kz4-txMXG3o,분노,0.03,0.5,0.11,0.1
ixUuIqa-qr8,,,,,
0uYpCDvYTeY,공포,0.17,0.11,0.07,0.2
soh_CGEEOXo,슬픔,0.03,0.04,0.0,0.64
x2Ej4JTV8gc,분노,0.04,0.34,0.09,0.07
2VsQ2-mcMTk,분노,0.0,0.88,0.03,0.01
LHfwqSc6C_M,분노,0.01,0.8,0.01,0.01
EYM2J2FsMno,중립,0.05,0.2,0.34,0.29
ATKaQqzo7Yg,,,,,
q6Uoxfg2EFw,중립,0.11,0.24,0.37,0.18
-stkQyec434,중립,0.0,0.33,0.47,0.18
EUhRXcJAijE,,,,,
0QtxJ8s3Rlc,중립,0.0,0.02,0.77,0.07
lpZgMR71NkA,,,,,
1ApZCr5tA2c,중립,0.05,0.05,0.7,0.08
rDW-1mTMsPA,기쁨,0.99,0.0,0.01,0.0
_1TSTQ4Z_tg,기쁨,0.58,0.09,0.18,0.06
HeSf5W6fuLA,놀람,0.02,0.08,0.03,0.33
Pqv5-aRY84Q,,,,,
TniPaoD7giI,중립,0.02,0.1,0.62,0.08
jqi6fXGR3A0,중립,0.01,0.24,0.42,0.07
yC4pU0w2Nlc,기쁨,0.66,0.02,0.16,0.02
QXgeXgaGljg,분노,0.0,0.6,0.25,0.03
t7F9J6baYmI,기쁨,1.0,0.0,0.0,0.0
ir7lzmoCWNA,중립,0.03,0.02,0.88,0.04
O6II5NJ6HjM,놀람,0.1,0.04,0.11,0.23
CexSHLSAIqo,중립,0.0,0.04,0.65,0.18
s32PuBjbG4w,슬픔,0.0,0.08,0.03,0.79
IOBI2ZLH1uw,공포,0.0,0.23,0.01,0.17
MaMBTIY42yA,분노,0.04,0.46,0.11,0.16
i_2g5f23fbw,공포,0.0,0.07,0.01,0.26
Hbqu3Ad9FuE,분노,0.01,0.7,0.01,0.08
C-N7G4PRUi4,중립,0.0,0.04,0.43,0.06
0mO7JqNntrU,분노,0.12,0.33,0.12,0.23
pV0uANUa_XY,중립,0.0,0.07,0.59,0.33
K984Dv_O1fw,중립,0.0,0.17,0.52,0.24
W8yfR2wQNcU,중립,0.0,0.08,0.52,0.32
knSd6mXnD64,,,,,
dwpDOjdmcyo,기쁨,1.0,0.0,0.0,0.0
DSQ9XAEu-nk,중립,0.0,0.05,0.62,0.3
efN_9u90bos,,,,,
_sc-3C5EhNU,기쁨,0.98,0.0,0.01,0.0
ZOvt5kknvlo,,,,,
aLNXWgXL7us,중립,0.0,0.04,0.86,0.03
pU4VKo_-N0s,분노,0.05,0.39,0.06,0.15
bGsCTRpPmIw,분노,0.19,0.35,0.18,0.18
Yqy_0H3Ii2s,분노,0.1,0.69,0.16,0.01
OXEu-8bVwm4,기쁨,0.88,0.01,0.03,0.02
iL61ewsNhok,분노,0.0,0.42,0.29,0.2
UOERyuzlsH8,분노,0.04,0.56,0.34,0.03
hqBd2RmKcRI,중립,0.08,0.21,0.4,0.19
q1ihBF9UM70,기쁨,0.99,0.0,0.0,0.0
3AEJ3nphXdw,중립,0.0,0.11,0.53,0.28
mKTe22Z9BPM,중립,0.01,0.12,0.68,0.14
DOH0yv55O7c,,,,,
CbuNjDS-tA0,,,,,
uG11RxKX8RQ,,,,,
2sXkQT2Evvg,슬픔,0.05,0.33,0.06,0.39
DaaHRQz69E4,중립,0.0,0.15,0.51,0.3
EoqGHIHx38I,분노,0.05,0.52,0.05,0.28
cjxJrhU_Jdc,기쁨,1.0,0.0,0.0,0.0
L4_8WYeQE5Q,기쁨,0.9,0.0,0.1,0.0
jGSP9oHYknA,기쁨,0.95,0.0,0.03,0.0
353eS5gEFOw,슬픔,0.0,0.02,0.02,0.51
KtdebOC_oJY,중립,0.02,0.04,0.55,0.19
K9eY3Ku3CXw,중립,0.01,0.04,0.65,0.17
X18utHvxlho,중립,0.0,0.03,0.48,0.33
FlLq5KMWD_o,중립,0.02,0.04,0.51,0.31
gd6J-p3f5Fw,중립,0.01,0.02,0.49,0.36
a2dcZt4EprQ,중립,0.0,0.01,0.6,0.24
AiMy6BYAV5g,중립,0.0,0.04,0.47,0.28
-PsGk2R1AG8,중립,0.01,0.06,0.45,0.3
zIEjgXJWqDo,슬픔,0.01,0.12,0.08,0.63
Wlnf3-CO9Y0,분노,0.08,0.48,0.07,0.22
DNSP5R5eYIw,분노,0.0,0.45,0.01,0.25
u7bApVTOGmA,중립,0.21,0.1,0.59,0.09
-EYmy0tmizM,분노,0.0,0.57,0.0,0.01
ptey4IBgzC4,분노,0.0,0.61,0.0,0.12
8ImW6tByXg0,슬픔,0.04,0.03,0.22,0.52
QlWrTQHPk24,중립,0.0,0.01,0.94,0.01
hXqctXxAeSo,기쁨,0.82,0.05,0.01,0.02
6g78fs0CbQw,놀람,0.07,0.16,0.13,0.21
Lqj1Zsb5BL4,분노,0.01,0.98,0.0,0.0
iSh37lg4adE,중립,0.43,0.01,0.47,0.05
ZKJy85Q_BWk,중립,0.35,0.02,0.53,0.06
hLblFTKmbWk,공포,0.04,0.03,0.12,0.22
q0LvYxcsWBA,중립,0.04,0.01,0.85,0.1
C3TaOlbdOsA,중립,0.0,0.07,0.79,0.11
dfEygTEY54Y,중립,0.0,0.01,0.94,0.03
ITpJ4P_eGjM,중립,0.0,0.14,0.41,0.4
PPT6vuGZmhc,놀람,0.02,0.02,0.38,0.04
3f-jD4DIuhU,중립,0.2,0.03,0.75,0.01
aRHOnM7Yv8Q,놀람,0.0,0.0,0.0,0.0
y7TW2CtkCTs,공포,0.01,0.13,0.12,0.11
8FGFR_KRDe8,중립,0.01,0.06,0.44,0.39
wkEjY2bfvv8,중립,0.01,0.06,0.44,0.39
T_G2RAP3tsA,기쁨,0.95,0.0,0.05,0.0
Am-TPB5wHSY,기쁨,0.95,0.0,0.05,0.0
HF9jEdXxymE,중립,0.34,0.01,0.51,0.02
eYeER2e4TMI,중립,0.34,0.01,0.51,0.02
kYux15bDmMs,슬픔,0.21,0.06,0.06,0.32
QUNvZHjHneg,슬픔,0.21,0.06,0.06,0.32
Uu31PWeT8Ss,중립,0.01,0.01,0.82,0.15
D4F3_ibxRYU,슬픔,0.0,0.0,0.0,0.96
d_evXkdpxJE,중립,0.0,0.04,0.61,0.28
1o6OL-1srw8,중립,0.03,0.02,0.91,0.04
1IViPPHiDOA,슬픔,0.01,0.14,0.16,0.45
Fz_I3lyGbUc,,,,,
0mkawWTgk6g,,,,,
mwEtPbvG9nc,놀람,0.0,0.05,0.0,0.06
-_LqrtAHENw,,,,,
BRd5BfJZb78,슬픔,0.01,0.06,0.31,0.5
ke8-P4UEOxs,슬픔,0.0,0.03,0.27,0.69
asnaGE73mo0,공포,0.0,0.0,0.18,0.03
LMH1o1JMY6Q,중립,0.02,0.01,0.83,0.11
_6N3U9Wn9p4,기쁨,0.79,0.02,0.16,0.01
42snxernXbI,중립,0.15,0.01,0.79,0.01
1vufMc0ouw8,중립,0.01,0.01,0.82,0.15
FLNuJTYjnhY,기쁨,0.8,0.08,0.07,0.04
YwmSnwbVOvs,기쁨,0.55,0.1,0.0,0.32
kN7u1nywN8s,기쁨,0.51,0.24,0.1,0.04
qxJUagCkMdg,,,,,
iXTonTf83oQ,놀람,0.0,0.01,0.15,0.01
NWhg2JivecA,기쁨,0.52,0.01,0.0,0.0
E14A-e8CfUo,공포,0.0,0.01,0.02,0.04
EixWf-9RpUk,공포,0.0,0.36,0.06,0.09
g8y2U971K_s,슬픔,0.05,0.02,0.08,0.52
cvGWuPk0lL4,공포,0.04,0.1,0.14,0.15
I6DHLwSvdMI,공포,0.0,0.01,0.06,0.07
ukBzkrwbsd8,중립,0.19,0.1,0.65,0.04
sQRM5mh_5vA,기쁨,0.99,0.0,0.01,0.0
OgICa2oZs4k,,,,,
IQnIVFHjlV8,중립,0.0,0.02,0.87,0.05
k8NPA29330c,놀람,0.01,0.02,0.01,0.01
J58HcXHi09c,기쁨,0.99,0.01,0.0,0.0
P7ZkAuiWVQg,,,,,
dHxWy7oIiMo,,,,,
j5OXMrja8Io,중립,0.38,0.02,0.56,0.03
fWZ_DDHuVpg,중립,0.08,0.02,0.77,0.12
_nGsdn0q_JM,놀람,0.0,0.01,0.11,0.01
4rs63o4LU4c,,,,,
UoWI75irlHw,,,,,
ajWgdXFrOpw,중립,0.06,0.28,0.35,0.11
5hSQGQ0gmq4,놀람,0.0,0.01,0.03,0.03
-UVkL2VT1Lc,슬픔,0.0,0.35,0.15,0.45
4vgi2Ukazw4,공포,0.0,0.04,0.13,0.26
-h5-Q5Armkw,기쁨,0.95,0.02,0.0,0.02
1Brp2gN3J5E,,,,,
Ojw68i6GZ5Q,기쁨,0.95,0.01,0.01,0.01
NwJzUHyZKVw,기쁨,0.81,0.02,0.13,0.02
KOYkTTm-XQI,,,,,
C2NW2cD66Jk,기쁨,0.86,0.0,0.14,0.0
g6tIZm1B2dI,,,,,
GselBpc0MA4,,,,,
A8kSs02eQWc,분노,0.0,0.33,0.22,0.08
RKwQv3_ScY4,,,,,
RbV6OcjQr8c,놀람,0.1,0.06,0.27,0.07
LOqFXw2SGCE,,,,,
ozDyyAesoNk,중립,0.0,0.03,0.72,0.18
7rGb7G2GYeA,중립,0.0,0.05,0.43,0.07
iu9IoeKKEWs,중립,0.01,0.03,0.76,0.17
oepSe_kLXbE,중립,0.0,0.26,0.4,0.29
9xtl9jmg_Ow,중립,0.04,0.13,0.41,0.08
G1YojVDchek,중립,0.04,0.12,0.39,0.12
kw9pJ5Lik4w,중립,0.14,0.11,0.49,0.03
HT6HFwKPcko,,,,,
hzq4YqVnbdk,,,,,
mMiiBshLa7Q,분노,0.05,0.53,0.15,0.15
QEeTff1tzb4,슬픔,0.24,0.12,0.15,0.26
S3Ay3_AZeQM,분노,0.08,0.45,0.05,0.21
W1dsh-a-9C8,,,,,
4-boupj9E4Q,,,,,
x9gB8ACVnWs,기쁨,0.96,0.01,0.02,0.0
3yaduZW5mP8,중립,0.0,0.03,0.64,0.29
EYwmqtluO7U,중립,0.24,0.04,0.3,0.29
X-BhDaCugOo,중립,0.03,0.03,0.94,0.0
KfWwPFcxodc,중립,0.11,0.05,0.51,0.11
YaRphrbnD-k,분노,0.02,0.46,0.33,0.12
I83G7gMqjxo,기쁨,0.27,0.13,0.24,0.11
5eGJqFBoMPo,기쁨,0.63,0.0,0.37,0.0
dPj2YqxNaMQ,기쁨,0.91,0.0,0.09,0.0
i__xDzbmUiE,놀람,0.07,0.0,0.06,0.0
TuZOxBM2wO8,슬픔,0.01,0.31,0.2,0.32
p-b-yYCc23E,,,,,
oIIhIOM0ooY,분노,0.17,0.52,0.15,0.07
p176p5d8hRU,중립,0.01,0.09,0.52,0.15
OQR7OfcGzMQ,기쁨,0.93,0.02,0.02,0.02
hUzJL6OuZmQ,기쁨,0.39,0.01,0.12,0.03
fioqMZlUQlQ,중립,0.0,0.07,0.48,0.4
qsDk7_dsh88,기쁨,0.58,0.03,0.16,0.04
p2Vgp-Ndgxc,중립,0.02,0.0,0.84,0.1
vNO5xnLkQrg,놀람,0.14,0.04,0.03,0.26
Byv2WFbGDco,슬픔,0.0,0.15,0.27,0.5
2mr2OkF90L4,,,,,
TmraDxBamvU,슬픔,0.01,0.15,0.14,0.29
Vv3GMK07lTI,슬픔,0.0,0.01,0.48,0.48
ek5D-mRdGHA,분노,0.0,0.91,0.01,0.01
-lDzJwMbH4c,분노,0.0,0.93,0.01,0.0
enxB2TrF1Ac,기쁨,0.97,0.0,0.02,0.0
CssZThbYcDs,기쁨,0.61,0.01,0.08,0.15
EU6MhLLHF48,기쁨,1.0,0.0,0.0,0.0
oRnnRSrBBAo,공포,0.0,0.25,0.22,0.24
lVmwsf2zsrA,,,,,
Yj9YdSmn5GE,슬픔,0.0,0.0,0.01,0.9
tDW9Z4_2MMA,놀람,0.0,0.03,0.01,0.01
bhj6FS5DjM8,슬픔,0.02,0.06,0.27,0.47
IbtuQJHYuoE,공포,0.0,0.09,0.03,0.16
ZAcyUyVfWV8,슬픔,0.0,0.01,0.16,0.76
yaW2x29aUh4,기쁨,0.98,0.0,0.01,0.0
TOXJH00cIpI,중립,0.14,0.1,0.53,0.13
tzWhXE687c8,기쁨,0.98,0.0,0.01,0.0
yDNolbTfqs0,중립,0.0,0.24,0.4,0.09
aDnJm9pi3Es,중립,0.0,0.12,0.75,0.09
yCX4oobgKYM,중립,0.0,0.05,0.93,0.01
bg8yOU_crKk,공포,0.0,0.13,0.26,0.08
Pn_HnMokFqM,중립,0.0,0.08,0.59,0.15
xSi95XqcfWA,중립,0.37,0.01,0.58,0.02
D5nefZ0XnxU,슬픔,0.01,0.12,0.24,0.3
jMbeorJUiS4,슬픔,0.0,0.04,0.12,0.62
k43MqaVQCe4,분노,0.0,0.5,0.14,0.26
l9xTzk7hwLM,중립,0.0,0.02,0.35,0.29
GIT219BqkOY,,,,,
SRlQjezvys4,,,,,
JLDfsBpYwFM,중립,0.06,0.08,0.82,0.03
t9F6slI409E,중립,0.06,0.13,0.72,0.05
ZTg4vDt_6is,,,,,
1bfUW_qJrtM,중립,0.1,0.03,0.73,0.12
KdYD_0tQmQs,중립,0.17,0.14,0.53,0.11
Ed9T5AOjOS8,슬픔,0.01,0.03,0.16,0.75
g82sxg2sj2Y,슬픔,0.01,0.09,0.14,0.68
0bCxLrELZME,중립,0.03,0.01,0.92,0.02
i1ikJgMtW-g,중립,0.04,0.07,0.78,0.09
FY7V4C49ilQ,공포,0.02,0.24,0.09,0.23
2BLA_DE0Syg,,,,,
sQvbxUQgj0U,기쁨,0.52,0.0,0.4,0.08
eSJ-st53W_s,,,,,
7zkroDE8rhI,,,,,
sBJ5O-1qIaQ,,,,,
7nZsliivlQY,슬픔,0.01,0.14,0.08,0.74
NvEyXwHSFXU,기쁨,0.48,0.15,0.15,0.2
csGxo9g6_gY,,,,,
9wr7gQ1sK2Y,슬픔,0.02,0.05,0.1,0.76
d1Jdcex17CY,중립,0.0,0.02,0.88,0.09
YFG5gepM2yE,중립,0.03,0.01,0.79,0.16
1wDb49Pk7KE,공포,0.06,0.07,0.18,0.25
8HHD9_ZuVjw,슬픔,0.0,0.01,0.2,0.77
MDnkRZ6LoOo,기쁨,0.97,0.0,0.02,0.0
0kIhjp0Ys8A,기쁨,0.3,0.25,0.04,0.17
DdHfVcNKEAo,중립,0.02,0.09,0.86,0.02
WcZF4nm9y7g,중립,0.16,0.02,0.76,0.04
YWccmfSFPW4,분노,0.09,0.38,0.16,0.35
MlmJv4JxnHU,중립,0.01,0.14,0.47,0.27
ST4spRUAZOU,기쁨,0.67,0.07,0.26,0.0
7Zeo7buQWQc,분노,0.16,0.23,0.19,0.14
uHJ0cb83dRU,슬픔,0.03,0.14,0.07,0.41
NJ7CFoXRTv4,중립,0.09,0.06,0.29,0.28
DG99dVTANwA,기쁨,0.99,0.01,0.0,0.0
eqvCYnm1x7c,중립,0.02,0.05,0.78,0.05
xkHw5aVw_dc,중립,0.14,0.0,0.81,0.03
mB6mnkyeKxg,중립,0.08,0.11,0.47,0.26
gkdrGL01zV0,,,,,
15VNEN0YXWs,,,,,
0pLu4dfMmuY,슬픔,0.01,0.18,0.15,0.55
72oBhS0EH3E,,,,,
epBEgCr48Kc,슬픔,0.05,0.34,0.04,0.46
Jk9J4Up3ra4,,,,,
D4tZCdHv0Zg,기쁨,1.0,0.0,0.0,0.0
3p0ZrpQTxkk,중립,0.02,0.04,0.41,0.23
6tc5tslSSBI,기쁨,0.95,0.0,0.03,0.0
I6V9ShnAHHU,중립,0.0,0.02,0.9,0.06
bC441c5O-Zg,놀람,0.0,0.0,0.01,0.01
SO89QVdMzH8,기쁨,0.34,0.18,0.32,0.12
AXmaxRFNHE8,슬픔,0.02,0.15,0.02,0.67
yCza1mZDrwM,슬픔,0.14,0.06,0.12,0.37
qW-JVMlaCQs,슬픔,0.01,0.31,0.01,0.52
AW3-QP_y6bA,슬픔,0.27,0.06,0.07,0.55
5hyXXipbFV8,슬픔,0.0,0.1,0.02,0.63
2HDOltxe-S0,기쁨,0.34,0.07,0.29,0.15
QUf8eunbS0I,놀람,0.0,0.0,0.02,0.05
uoKZkzkWpWw,공포,0.1,0.11,0.13,0.18
nHp2GKp8If8,중립,0.29,0.02,0.45,0.07
DZUswOem-_E,공포,0.0,0.04,0.09,0.2
FffAX0YTvTA,기쁨,0.63,0.03,0.08,0.18
T_f0FzKKe7I,,,,,
on3xdtPI7B0,기쁨,0.97,0.0,0.01,0.0
CROJJiEM8Uc,공포,0.0,0.07,0.01,0.28
tj-gjGet9n8,,,,,
7qlCUyKJ-M4,슬픔,0.22,0.03,0.14,0.61
jtcsanB4ajU,분노,0.09,0.26,0.18,0.19
3q2n7pXsZQo,,,,,
qSC7Ty8Hjpg,중립,0.12,0.01,0.77,0.07
neFdky1CQzo,중립,0.09,0.0,0.89,0.01
nlT-Ij_lmgk,슬픔,0.0,0.03,0.1,0.82
sF3Y9aY9bP8,기쁨,0.97,0.0,0.03,0.0
XA6qB-kj_UA,슬픔,0.13,0.01,0.01,0.85
e4jtD9CnkWs,슬픔,0.0,0.06,0.01,0.78
_OCTHN9ggGA,,,,,
45TP6PBZ9fs,슬픔,0.0,0.09,0.02,0.68
FSl3xYknq_w,슬픔,0.03,0.25,0.17,0.31
VO7n_t6rFqQ,기쁨,0.99,0.0,0.01,0.0
w1AmO3wZ2Iw,슬픔,0.0,0.2,0.2,0.54
qPbysBhK17g,중립,0.37,0.02,0.57,0.01
55dUnuX1GXk,중립,0.19,0.06,0.52,0.08
QY3nxdYx8dU,슬픔,0.21,0.03,0.29,0.31
wxaE3ib61XY,분노,0.04,0.74,0.12,0.03
TaOxDGD8IOQ,놀람,0.19,0.07,0.06,0.05
9c3LK7Ze4tk,슬픔,0.18,0.07,0.17,0.49
lHTLkpb6m5o,,,,,
xVbSO1Yut4I,,,,,
zjDdqCwjWiE,분노,0.01,0.39,0.03,0.34
ilSzFObXSKQ,중립,0.08,0.15,0.39,0.29
CjW9LVcBTOU,기쁨,0.81,0.0,0.04,0.12
2d2T8FE4Pyk,중립,0.18,0.06,0.6,0.09
YNKqqapa_Oc,중립,0.07,0.03,0.65,0.15
9hkZwBZUF8I,기쁨,0.36,0.19,0.05,0.21
z0r6iy7kK0w,기쁨,0.73,0.05,0.02,0.17
s9XtLQdkRtI,슬픔,0.0,0.02,0.11,0.47
r3u2iVLpNEY,,,,,
AYV9jctaLbI,중립,0.22,0.08,0.62,0.05
jnI9WEfuUio,슬픔,0.0,0.15,0.07,0.71
MSBxDoZ3SUU,슬픔,0.12,0.08,0.28,0.32
a1DPAoJ-TPE,기쁨,0.89,0.0,0.03,0.07
FppSc5QttWI,기쁨,0.74,0.0,0.04,0.18
0YLMq9afJHk,기쁨,0.96,0.0,0.04,0.0
aMgHUt1g_dQ,기쁨,0.69,0.0,0.03,0.2
nOaPwhePXzk,기쁨,0.91,0.0,0.05,0.04
eUH16ZXPwFM,기쁨,0.89,0.0,0.03,0.07
B7I2Xd9NF1g,기쁨,0.56,0.0,0.14,0.25
j1Dfh1LL_QI,기쁨,0.97,0.0,0.02,0.0
S30NJxwg8DA,기쁨,0.74,0.0,0.12,0.04
ZXlfKaPxJI4,기쁨,0.56,0.04,0.08,0.04
9fb2Xw2jc6c,,,,,
63rKOkApfNA,,,,,
QKpPTjMXptQ,,,,,
AC2_bOgzKvk,,,,,
TJRZO3djaek,,,,,
vZFzvg5MtRE,기쁨,0.38,0.01,0.32,0.23
FjH0CtqHOek,,,,,
Hgz1GpHx194,분노,0.0,0.58,0.17,0.15
0onTJk6x3Ao,,,,,
WVSjQ_rs_-0,,,,,
CgWXkK-YztA,,,,,
hX2C0GLFYkU,중립,0.11,0.11,0.33,0.19
uC_Q6O9Ac7o,슬픔,0.0,0.17,0.02,0.38
fYgQThSAfNQ,중립,0.01,0.11,0.29,0.24
huxoO35eXKw,분노,0.0,0.52,0.05,0.22
qKC6XyRXEQg,공포,0.07,0.05,0.25,0.12
jH8s21rEL4U,,,,,
UpMN2jSpuD8,중립,0.06,0.11,0.37,0.27
5QpdGmDiAwE,,,,,
vW693n_Xnn4,중립,0.11,0.11,0.41,0.13
qfXJ9VnPE-A,,,,,
EH4NkHfeiY8,,,,,
C4kJgs6MJBg,슬픔,0.0,0.05,0.16,0.4
ZAyfD_nexcA,중립,0.09,0.04,0.6,0.22
jHvzrHnb4vI,중립,0.08,0.07,0.48,0.26
3MxiianLSwM,중립,0.0,0.09,0.57,0.3
7pvB7EaNhjU,중립,0.05,0.01,0.84,0.05
r0fqnzXZK1o,슬픔,0.0,0.02,0.42,0.45
5z7tfoZhvb8,,,,,
dpkv9yAI5Po,중립,0.0,0.06,0.74,0.18
mEw_3HarTBw,중립,0.0,0.07,0.46,0.39
09_yzc9w5ag,중립,0.01,0.06,0.86,0.05
Xs6kPSgi6q8,,,,,
thWiX2oGhfw,중립,0.0,0.41,0.49,0.07
ORoA9lUZiA0,,,,,
g_1i7s2CMIA,공포,0.01,0.09,0.08,0.34
xeINNUPZLok,기쁨,0.99,0.0,0.01,0.0
jCMEdr7ysCQ,기쁨,0.99,0.0,0.01,0.0
rV3KCS2P0r4,기쁨,0.99,0.0,0.01,0.0
TmP4zRuoJo0,기쁨,0.99,0.0,0.01,0.0
zVmUsCnf0xw,기쁨,0.99,0.0,0.01,0.0
YEj4piN3djM,기쁨,0.98,0.0,0.01,0.0
tHX1WbKB9KQ,기쁨,0.99,0.0,0.01,0.0
fWxx5tDloJQ,기쁨,0.99,0.0,0.01,0.0
c8Xu5dC7nz0,기쁨,0.55,0.06,0.27,0.11
yKcK6Tjfmi0,슬픔,0.01,0.09,0.04,0.64
NyUOy_Q-M-I,슬픔,0.01,0.14,0.13,0.6
Voh5csRkUMg,분노,0.18,0.47,0.07,0.2
EjvBHD3UZME,슬픔,0.02,0.31,0.12,0.35
x08kjvXnllM,중립,0.06,0.11,0.47,0.28
r8ZCdoOGnoM,중립,0.04,0.01,0.88,0.04
4OlRoKK5Xhs,중립,0.0,0.01,0.8,0.16
es-RU19KJFg,중립,0.01,0.13,0.45,0.19
PWZRzWT9Ths,공포,0.0,0.16,0.21,0.23
XS_SmjYiQPE,중립,0.0,0.01,0.51,0.4
difFyXSDsxk,공포,0.02,0.02,0.06,0.23
Nk0SNx0ot74,슬픔,0.0,0.13,0.08,0.76
Ot4_jDAzEt4,기쁨,1.0,0.0,0.0,0.0
Y5Km5BKCs2w,기쁨,0.94,0.0,0.06,0.0
5VlbQytlfls,놀람,0.0,0.04,0.06,0.05
tn5p-Obj3bw,기쁨,0.67,0.12,0.05,0.13
4Yw9wSHO10Y,중립,0.01,0.4,0.47,0.1
NrjbISIcO6s,중립,0.0,0.11,0.74,0.12
gV6RqzPYYOo,슬픔,0.0,0.05,0.03,0.74
dKlUAuI5Ge4,중립,0.0,0.09,0.56,0.31
bY_8QTM0DEc,중립,0.02,0.03,0.58,0.17
ncTScRKcRMI,놀람,0.0,0.0,0.0,0.0
3QWv6tpCUzA,슬픔,0.0,0.19,0.01,0.48
rWC7Q3F2gwc,,,,,
xjqOdcA3Qps,중립,0.05,0.05,0.82,0.08
7QodBgbw5h0,분노,0.12,0.3,0.07,0.11
9C-cLHpyX8s,,,,,
B1ALXth6sCw,,,,,
xzrusymzZiM,,,,,
H-aD2TER5_w,중립,0.02,0.06,0.65,0.24
NYcRnpPA0-0,,,,,
pz4VsQcsR7k,,,,,
lbA3p2icB2E,분노,0.0,0.51,0.06,0.09
skzRmU_LsDk,기쁨,0.98,0.01,0.0,0.0
LqETgyuL7Rg,,,,,
CB6m05MPWug,,,,,
BTDYN4ik0hY,,,,,
J7xIWRV_N6Y,중립,0.05,0.2,0.62,0.03
__my8DxSJkk,중립,0.03,0.21,0.48,0.2
vP3yS5_nrHk,슬픔,0.07,0.32,0.1,0.42
FXZrnIq2XY0,기쁨,0.92,0.01,0.02,0.01
0baskJ6lGLY,놀람,0.0,0.01,0.0,0.01
Nb_5A4sEJ3s,놀람,0.0,0.03,0.39,0.03
dVS6dfoCqrk,기쁨,0.73,0.04,0.04,0.04
VpMIYN4PQNY,슬픔,0.0,0.1,0.42,0.44
DnG34Cy-_K4,놀람,0.0,0.06,0.27,0.06
tNzQmvE-TuY,기쁨,0.99,0.0,0.01,0.0
dkQG5nJTOKU,중립,0.06,0.22,0.43,0.26
_FLqD8GW5vA,중립,0.11,0.28,0.53,0.08
gGExCIgtktg,중립,0.0,0.08,0.66,0.21
Kc7vRqO3ABg,중립,0.0,0.19,0.34,0.24
gfud3qSqL8s,기쁨,0.65,0.02,0.14,0.13
kqSDMl1NtyA,분노,0.08,0.32,0.03,0.3
B0oPtSje7Bs,기쁨,0.98,0.0,0.02,0.0
-1V8osryLfs,중립,0.02,0.08,0.63,0.01
9T8JYf7WREA,중립,0.05,0.07,0.81,0.02
zajsQvpEzms,중립,0.04,0.12,0.42,0.28
m8lVTwOr4kg,중립,0.31,0.01,0.66,0.01
ZkzOc140pv4,중립,0.11,0.04,0.77,0.03
c79718V9pnk,중립,0.01,0.03,0.9,0.01
4DMTt5VT994,중립,0.17,0.04,0.63,0.07
K89_SOxZ0MU,슬픔,0.05,0.15,0.04,0.63
C6P_8Qz7rAM,중립,0.07,0.03,0.72,0.03
kWXHLKPYv-I,공포,0.0,0.24,0.0,0.01
shoYp467elA,공포,0.0,0.34,0.03,0.09
IKuQgFQGSMM,분노,0.02,0.71,0.22,0.04
GXT5iBptTO0,중립,0.01,0.27,0.47,0.17
7ItRMGmKaXg,공포,0.0,0.38,0.01,0.1
6tAHuH1S-tA,분노,0.0,0.99,0.0,0.0
UHR1Wferhew,,,,,
5RMzMfK9mqw,공포,0.04,0.23,0.04,0.01
ugSRlv4BOeA,슬픔,0.0,0.01,0.08,0.88
yhIn30mrMDc,중립,0.1,0.03,0.68,0.18
Her2tvJkNns,중립,0.02,0.02,0.63,0.03
rwfmW-zkCTw,중립,0.01,0.01,0.95,0.02
g58bK1x4G3A,슬픔,0.0,0.12,0.03,0.72
UqvobS4qySQ,슬픔,0.0,0.04,0.03,0.81
x-2RHq6de_k,중립,0.02,0.01,0.93,0.02
ux8cxqKm1QI,중립,0.02,0.11,0.51,0.15
NVU7ru_9y1g,,,,,
Ju2A-a8FN-M,중립,0.01,0.2,0.29,0.23
V0PwI3btsiM,,,,,
j-kKVkgam4c,중립,0.01,0.21,0.6,0.06
NntcB0UxdCA,중립,0.02,0.06,0.6,0.28
DaGLL8xO0Jw,슬픔,0.05,0.31,0.05,0.37
qVpCbLiEmyQ,슬픔,0.0,0.26,0.03,0.53
ieOlo-NM6yk,공포,0.01,0.02,0.18,0.09
XxBpsYo_4To,중립,0.0,0.02,0.8,0.08
-XS0a0j0ICg,중립,0.0,0.09,0.63,0.25
LLvh01-u1ug,중립,0.0,0.07,0.77,0.06
U9jx-vG30bc,슬픔,0.0,0.01,0.29,0.39
D4BbOEbI6MY,중립,0.02,0.26,0.29,0.14
EykSdJAEVjE,기쁨,1.0,0.0,0.0,0.0
sA32_DsKa_0,중립,0.02,0.08,0.4,0.37
NsbAzwWwpBk,기쁨,0.86,0.01,0.12,0.01
oq5nSyboHmg,중립,0.02,0.17,0.35,0.24
M1N7gvq0RKA,기쁨,0.91,0.0,0.07,0.0
N3m_gIVP3FE,중립,0.01,0.02,0.57,0.11
IcYmD03K9bs,중립,0.05,0.0,0.95,0.0
8sywvF0k0Tc,중립,0.12,0.01,0.73,0.04
yves9FjLpg4,중립,0.09,0.01,0.54,0.06
vQ6b-zopw_4,,,,,
Hg-KWnPu6uE,중립,0.0,0.02,0.68,0.28
aecpD2PkoqU,,,,,
2O2AyMFpCNg,중립,0.0,0.02,0.53,0.05
Ip1rsNUhUUQ,중립,0.0,0.01,0.76,0.21
M4eOzKnOrIM,,,,,
03vQI1_lf8k,중립,0.0,0.01,0.8,0.17
htjR2k2Jp-w,,,,,
4__TsN45IqU,슬픔,0.01,0.09,0.33,0.39
Mcfe5ic3g9Q,중립,0.01,0.11,0.67,0.17
bUWP1N1FmeQ,분노,0.11,0.42,0.11,0.34
FTsAIUnWzbI,기쁨,1.0,0.0,0.0,0.0
zjZlb8RIIFM,분노,0.0,0.83,0.0,0.0
caZsqKQIhhA,,,,,
n7bafJXWtZs,,,,,
4bJPsE6qgMw,,,,,
nYlOXduidBU,공포,0.02,0.24,0.08,0.25
dYRS7r_QCR4,공포,0.02,0.24,0.08,0.25
fZo1B-80kbs,중립,0.02,0.06,0.68,0.16
XyYT0Y2B908,,,,,
XsX1XkPjAms,분노,0.12,0.49,0.11,0.21
trhLEX1A7A0,분노,0.13,0.43,0.05,0.35
cuGv3OQ6f3k,분노,0.04,0.8,0.04,0.08
QBhp4lUUayU,중립,0.03,0.15,0.71,0.05
P-tYH-4DmAE,공포,0.01,0.13,0.15,0.28
TeUNUOsqjuA,분노,0.07,0.65,0.02,0.11
6HkqX1OUWec,기쁨,0.99,0.0,0.0,0.0
4cGE9XclDas,놀람,0.01,0.07,0.31,0.09
H3udoKBPxiA,슬픔,0.3,0.04,0.14,0.34
POgzBsHQzZk,기쁨,0.72,0.1,0.03,0.08
vpBzeq2D62M,슬픔,0.13,0.19,0.09,0.36
5n2EJHP_ZOs,공포,0.03,0.03,0.2,0.36
7d_6IiKTgZU,,,,,
u4sz0Mkxm7o,슬픔,0.05,0.01,0.07,0.78
92RB35gi0wk,,,,,
nYLGDNQAjWQ,슬픔,0.0,0.06,0.4,0.53
-2T7OAuzlW4,,,,,
WZcv8XmtNl4,기쁨,0.6,0.02,0.12,0.01
GYM4NUQPT3M,기쁨,0.49,0.0,0.46,0.03
TNMHGO5kWRU,중립,0.05,0.0,0.93,0.01
C5A4sLIK428,기쁨,0.99,0.0,0.01,0.0
Zy_LbjZALA0,기쁨,0.97,0.0,0.0,0.0
S01WNSZqZ80,슬픔,0.07,0.18,0.25,0.26
2XnQ5MEow-Y,슬픔,0.0,0.36,0.15,0.4
N8ZBevbuXiw,분노,0.12,0.31,0.18,0.22
aqdWPvOqpLA,중립,0.0,0.33,0.54,0.12
6UNRsTHU9LQ,슬픔,0.0,0.15,0.14,0.61
l6dpg-mo-2Y,슬픔,0.17,0.07,0.02,0.47
7CLWyTyHo38,슬픔,0.34,0.04,0.19,0.41
3XdR4o_n8no,분노,0.0,0.64,0.07,0.22
kwZ2bHUEU8w,슬픔,0.28,0.08,0.06,0.4
kRoRSFvHu7c,분노,0.08,0.8,0.05,0.04
8zqFrCAsLyk,기쁨,1.0,0.0,0.0,0.0
GGXEGt-FIOU,,,,,
lb5yYsINVkE,슬픔,0.04,0.05,0.28,0.57
_oeloHaVjzk,분노,0.0,0.64,0.0,0.03
7AjvjpfM6fc,중립,0.01,0.04,0.81,0.14
yxrB9CYX3Fs,,,,,
bYhLEevV9RE,중립,0.01,0.01,0.82,0.06
OZe5ZE81-WU,공포,0.08,0.15,0.12,0.11
IU1rZnov6HM,기쁨,0.69,0.03,0.01,0.12
LLXp6-HHxmc,,,,,
3MQA0nZ7NAA,중립,0.01,0.16,0.61,0.19
w7F9yc1BAq8,중립,0.0,0.03,0.49,0.41
kiw7SIFUSg0,,,,,
o50XPVX1Nrc,,,,,
xTCuE7Y-ay4,슬픔,0.0,0.0,0.07,0.93
mhlk0xsweLI,,,,,
M6L8Nj2lMvk,분노,0.0,0.31,0.13,0.13
sbSbXon9yog,,,,,
7hkKL1eBTgc,분노,0.01,0.68,0.01,0.03
iHzfnICtHzg,중립,0.01,0.09,0.77,0.06
oAySMcaLuDI,기쁨,0.51,0.04,0.03,0.14
B3Xmjo-RDCE,기쁨,1.0,0.0,0.0,0.0
CKdMsmHNoh8,,,,,
6kkzcZo6SJk,중립,0.04,0.0,0.95,0.0
XR1Tadbt6Kw,슬픔,0.0,0.06,0.38,0.5
1ddQTB239IE,,,,,
9xic5dBdNIs,중립,0.09,0.06,0.74,0.08
r4KUcV1T6ms,슬픔,0.02,0.21,0.17,0.5
vNg_SP9Cwac,기쁨,0.72,0.11,0.01,0.01
F_RE4A3WomY,중립,0.47,0.0,0.5,0.0
VjJGqyoB_NI,공포,0.16,0.17,0.17,0.23
UrIJV_xItOI,슬픔,0.14,0.13,0.23,0.43
b2UsVL_Oezs,공포,0.0,0.09,0.0,0.29
oqLLdSwEKH4,놀람,0.01,0.0,0.01,0.0
8jF3Yyj9g2I,기쁨,0.89,0.03,0.0,0.0
8vSiZL7kqwM,중립,0.01,0.0,0.93,0.06
J1zgqvg0XWQ,기쁨,0.81,0.04,0.0,0.04
9CsfWJSt71Q,분노,0.01,0.65,0.01,0.09
oFHXM5kqg2I,슬픔,0.01,0.21,0.09,0.48
MBupoU2aH4Y,중립,0.0,0.01,0.95,0.03
hVwi9EnceOs,기쁨,0.64,0.02,0.18,0.1
yEoxnQvu_dQ,기쁨,0.96,0.0,0.04,0.0
d4HLA1TP_xE,공포,0.0,0.08,0.24,0.15
WkrFUZ5KsbM,공포,0.0,0.03,0.07,0.07
JvX3jNy638I,기쁨,1.0,0.0,0.0,0.0
sBxDPA2nZmA,기쁨,0.97,0.01,0.02,0.0
BoxTODvdp4w,기쁨,0.92,0.0,0.02,0.05
G9qNznoE7Ig,기쁨,0.97,0.0,0.0,0.0
-Ipmpm8Zfw4,기쁨,1.0,0.0,0.0,0.0
JxR0F87jg0U,기쁨,0.9,0.0,0.1,0.0
mAmjxmagyYI,기쁨,0.39,0.24,0.06,0.15
-4R0QjxkYI8,중립,0.01,0.06,0.72,0.15
f-EdvZQoVTY,중립,0.0,0.04,0.69,0.24
fA9-PiYkRoY,기쁨,0.97,0.0,0.02,0.0
1mwBXFcmyJs,중립,0.0,0.11,0.84,0.03
l_yQYo2jt3A,기쁨,0.44,0.1,0.25,0.07
0d1csObIeOU,중립,0.22,0.08,0.42,0.24
P_yQB36J5p4,기쁨,0.47,0.02,0.43,0.05
ubfXvYayRuE,중립,0.35,0.06,0.45,0.1
4SyACwJt5Kg,중립,0.0,0.01,0.57,0.41
3hNAmXpKvqk,기쁨,1.0,0.0,0.0,0.0
lywv3pVt_bM,공포,0.02,0.22,0.08,0.05
v2Nwydgul2s,중립,0.0,0.07,0.53,0.33
Wc0IcCpcnbg,중립,0.0,0.04,0.64,0.26
Faoh25vlaYU,슬픔,0.01,0.24,0.32,0.39
ij9Ij5hH8gM,중립,0.05,0.35,0.39,0.11
H74pBWAbuog,중립,0.06,0.31,0.46,0.08
vda_qXCojVI,중립,0.21,0.13,0.3,0.16
pvhoE_V26PE,중립,0.0,0.18,0.47,0.2
-xR6YvgvMGI,기쁨,0.95,0.0,0.03,0.01
AOTOl29nmrA,분노,0.0,0.49,0.26,0.13
E9nAP8BCxZk,분노,0.26,0.51,0.01,0.19
O88rhJwxC_w,중립,0.0,0.03,0.48,0.26
qV6yq_ApudE,중립,0.03,0.03,0.87,0.05
tmT65Pp97Ns,중립,0.0,0.06,0.63,0.28
w2to1HjQjMc,중립,0.07,0.01,0.87,0.04
gPM9lFHJ9vU,중립,0.02,0.21,0.6,0.11
fDQIRmg5xoI,중립,0.16,0.04,0.54,0.14
ffvsUBfDoBU,중립,0.01,0.11,0.54,0.13
vI1x24FPcEU,중립,0.0,0.02,0.83,0.04
m29V1iJkUSw,기쁨,0.99,0.0,0.0,0.0
2hCpx4uyiiY,중립,0.0,0.0,0.86,0.04
qZUja1wPPFw,슬픔,0.0,0.01,0.01,0.83
yAaBSeo_yfw,중립,0.02,0.03,0.61,0.09
qVXDA_aJtR4,기쁨,0.99,0.0,0.0,0.0
ggDum1LuUt8,슬픔,0.0,0.1,0.0,0.77
-2LG1zDymJ8,놀람,0.0,0.11,0.19,0.19
YruPkUdQc_A,기쁨,0.4,0.1,0.1,0.2
RrCmHvC8TEU,놀람,0.2,0.01,0.0,0.0
x_7wxJtRArY,,,,,
yF0r9zSrnF8,슬픔,0.0,0.08,0.11,0.53
L0g88jN4m2M,중립,0.01,0.02,0.52,0.36
lT9DMQlEpU8,놀람,0.07,0.04,0.26,0.19
f2nUhs24wNs,,,,,
N4A__y3iCa4,놀람,0.19,0.12,0.1,0.11
bpuBd4W5rEo,기쁨,0.73,0.07,0.07,0.08
6KL0gQ0dbWo,,,,,
09e2LdkWNlE,기쁨,0.57,0.18,0.05,0.09
3rYqI6vw1sE,,,,,
-ZNrseZMXQM,중립,0.03,0.12,0.67,0.18
dNdvmRXPgjQ,,,,,
biBNuiYFRjU,공포,0.0,0.06,0.06,0.24
37gP0M22C4k,중립,0.0,0.07,0.53,0.16
vYWECMdmszU,중립,0.0,0.04,0.42,0.33
ikki7N_0dY8,슬픔,0.0,0.07,0.0,0.86
WQBwAMgkaFM,슬픔,0.11,0.2,0.03,0.37
wW8A8FGYGbw,슬픔,0.02,0.07,0.26,0.65
dsQuCnVmtLc,기쁨,0.67,0.19,0.08,0.05
MKDPMduJV_k,분노,0.18,0.38,0.07,0.03
NFupxWIqxYo,슬픔,0.0,0.29,0.26,0.44
QPMu1dhYlwE,기쁨,1.0,0.0,0.0,0.0
muxOEBgyUcc,슬픔,0.03,0.15,0.27,0.33
PVMph74xINM,공포,0.0,0.01,0.0,0.01
sWcWxT6cGU4,슬픔,0.1,0.24,0.04,0.57
gGjEPyu1u9U,공포,0.0,0.11,0.0,0.21
SbGOJXFV2mg,슬픔,0.05,0.2,0.17,0.3
mn42n7GwWy8,공포,0.01,0.07,0.18,0.15
c7eSa98VVmU,중립,0.01,0.06,0.5,0.24
3EMWFwJRPNw,중립,0.01,0.02,0.61,0.12
L3CMJiRwBdQ,중립,0.02,0.23,0.54,0.19
hXfzRgfrMds,중립,0.26,0.13,0.35,0.17
YdP-phw_XfY,중립,0.01,0.34,0.39,0.09
hC6uxBpAfH4,기쁨,0.38,0.05,0.35,0.17
-XtC_smIpYM,기쁨,0.25,0.03,0.23,0.09
tU-xDOD_eqo,공포,0.04,0.14,0.19,0.15
x-e01G0Jfsg,중립,0.23,0.03,0.38,0.04
g2pnyxUG9h4,슬픔,0.0,0.08,0.22,0.58
BuI0fvLnSds,슬픔,0.0,0.06,0.09,0.66
dU8fkkkbwE8,기쁨,0.43,0.41,0.07,0.06
uLldiVnqODs,분노,0.0,0.53,0.01,0.05
zScCrAcpFzY,,,,,
CJM9DpMOHcM,중립,0.0,0.05,0.86,0.06
ZO4tPu7877g,,,,,
t5frGu2Ozvk,,,,,
iCcvOwBWG5Y,기쁨,0.59,0.04,0.26,0.09
K2ynnVdVPfY,중립,0.01,0.03,0.87,0.06
WqAJMGouu1E,중립,0.01,0.01,0.97,0.01
DNCR9WAr8tc,중립,0.0,0.03,0.88,0.06
GpD1iiVGl7Q,기쁨,0.95,0.0,0.04,0.0
bmoRg2q-EAc,분노,0.01,0.75,0.01,0.06
8MSexylpv60,슬픔,0.0,0.22,0.18,0.53
ImzS3jkqcT0,,,,,
Uj-WX5qYJZg,슬픔,0.0,0.2,0.04,0.74
oZWSi4v4R7U,공포,0.0,0.01,0.18,0.09
08MvGKLS2QM,중립,0.01,0.08,0.71,0.11
FHcLUjSYM2A,기쁨,0.96,0.0,0.03,0.0
WGqwW9Me1co,공포,0.0,0.1,0.2,0.14
VoiLEox8fF8,기쁨,0.68,0.01,0.15,0.08
OPzJf23ZUhY,중립,0.0,0.01,0.93,0.04
j5H2tvnoW2g,기쁨,0.82,0.01,0.15,0.02
WMWEs4HOakU,중립,0.02,0.23,0.52,0.05
7uT4WViOkXk,중립,0.13,0.02,0.63,0.13
kw3D8RhqBhc,기쁨,0.95,0.02,0.03,0.0
HqRPSAUpqP4,중립,0.0,0.0,0.92,0.04
KRX_cuavrbQ,중립,0.0,0.38,0.53,0.04
017ozKlLg6o,분노,0.01,0.4,0.19,0.37
GRImDCKFRjQ,중립,0.01,0.02,0.82,0.12
2tzLOTMehyU,중립,0.0,0.1,0.77,0.12
gFtkv-Gv1Do,,,,,
eQUzxmji9D8,분노,0.01,0.78,0.03,0.09
v_ih_HxpEpo,,,,,
01wdhjQV_8I,중립,0.06,0.1,0.51,0.19
5FNF1hwNEro,중립,0.0,0.21,0.32,0.17
cJnmb4EcuUg,중립,0.0,0.03,0.63,0.31
kMEYAMT0hDg,중립,0.01,0.05,0.41,0.23
NbDhMFxt9vc,분노,0.0,0.54,0.04,0.05
sQ2Qau3kXUE,중립,0.01,0.04,0.62,0.23
Z8db0YKt-D0,중립,0.01,0.26,0.3,0.27
iPmGvvN_bnc,기쁨,0.96,0.0,0.03,0.0
EOhSUzGjeuM,슬픔,0.0,0.06,0.09,0.8
LrhSlfaZvKM,분노,0.06,0.43,0.02,0.38
cq8mZmD1Bgk,,,,,
tFB_MGN_oTA,,,,,
dWnmigEThQg,,,,,
nSsc-iKstzE,,,,,
h2we-lUOU3s,,,,,
FFX7rL-XicI,공포,0.11,0.29,0.0,0.02
HUXO4eFwNJs,중립,0.05,0.03,0.46,0.3
zQzj_U7Q9vY,중립,0.08,0.01,0.55,0.25
cvHeVYWmWG0,슬픔,0.0,0.05,0.13,0.7
lDgxY75wyIE,슬픔,0.01,0.03,0.1,0.61
x4fq9nZornY,슬픔,0.27,0.19,0.15,0.3
ISiJrYSaT0M,기쁨,0.68,0.02,0.23,0.06
c19-STEFp-c,공포,0.01,0.07,0.34,0.22
ifeANGSXVTA,놀람,0.13,0.19,0.05,0.24
s7vIuw0Dung,슬픔,0.01,0.15,0.2,0.64
CdMC5aj6wSM,슬픔,0.02,0.24,0.25,0.36
5BbsIUCPhQA,중립,0.0,0.25,0.63,0.09
apv4g4utEFY,분노,0.0,0.61,0.08,0.14
kRetiYBY67s,기쁨,0.29,0.07,0.27,0.22
y7vR_u5Jl1s,기쁨,0.77,0.06,0.04,0.11
Md4Maa3xsY8,기쁨,0.81,0.04,0.09,0.04
WBh4UtrAmTo,놀람,0.0,0.01,0.0,0.04
YNXvwhdvn8M,중립,0.0,0.08,0.63,0.25
7hfPl4eeYCA,기쁨,0.7,0.03,0.06,0.15
wv-WmlKMSc0,중립,0.02,0.13,0.43,0.41
S9Na3Hl5g5k,기쁨,0.97,0.0,0.02,0.0
y_EJwvuQQz0,중립,0.08,0.01,0.7,0.19
bYGaO_Vhr9Y,기쁨,0.32,0.07,0.28,0.15
dVMLx0BIPgU,기쁨,0.69,0.0,0.3,0.01
LaOS822l1JY,슬픔,0.0,0.1,0.15,0.39
Gw4kJiRW25E,분노,0.0,0.89,0.0,0.03
fmkwlbVLNsM,중립,0.0,0.02,0.89,0.09
SfM5X1LP8HY,분노,0.02,0.47,0.11,0.14
y3GxI8YsoB4,슬픔,0.29,0.06,0.15,0.3
psyfCPZwFc8,슬픔,0.29,0.06,0.15,0.3
FvsUIGc6agg,슬픔,0.29,0.06,0.15,0.3
DGDZ3dYu2ig,분노,0.23,0.39,0.04,0.11
IkJP-ONIbqY,놀람,0.01,0.0,0.03,0.01
QTdVyjhXC98,중립,0.28,0.0,0.7,0.01
-ARb6JtBk3I,기쁨,0.26,0.16,0.18,0.24
TDhN1KM2LfE,공포,0.0,0.1,0.1,0.21
Q2l7CcCm_ok,기쁨,0.98,0.0,0.01,0.0
Hblo0ETxHKE,기쁨,0.71,0.06,0.1,0.09
ioegO2t7ktc,,,,,
SbcXQq1mjgI,,,,,
Eqry8Dqnq9I,,,,,
88KP_7Foop4,,,,,
GogZtkaj91M,분노,0.09,0.59,0.0,0.0
dQY_8NRo064,,,,,
ykLZXfcb6Ys,중립,0.03,0.11,0.71,0.1
g8HEpTSiiFs,분노,0.0,0.96,0.02,0.0
u52PQx7VMRo,슬픔,0.0,0.01,0.06,0.91
_gEDoPSDyGU,분노,0.0,0.52,0.11,0.26
EYa2YHI_kIs,슬픔,0.01,0.31,0.3,0.33
QEDKjvD-Th8,,,,,
1-m3hE7DbSs,기쁨,0.29,0.22,0.14,0.29
ERqmFqXBJ-c,놀람,0.0,0.0,0.0,0.0
ilFK7CspgZs,중립,0.0,0.03,0.82,0.14
WgG8GJmRzLk,슬픔,0.02,0.22,0.12,0.37
KRnd1tdfJos,중립,0.13,0.21,0.38,0.14
fSo8aUvH0Fs,슬픔,0.02,0.03,0.04,0.41
6pRfVyhUAXQ,기쁨,0.38,0.28,0.05,0.22
LxTkrw6F8co,기쁨,0.29,0.25,0.09,0.23
BMqcWRbr4vg,,,,,
ijMK4QUzelM,중립,0.24,0.15,0.4,0.19
4lv3Nvu0xAY,중립,0.22,0.05,0.62,0.09
x3E5vuAqo_4,공포,0.02,0.13,0.06,0.33
h250BLC5CKE,분노,0.0,0.48,0.06,0.14
Vptvhv6NbMA,중립,0.0,0.14,0.43,0.19
pmQh_B17_Ew,분노,0.07,0.86,0.02,0.01
I_ROCewnTPA,공포,0.0,0.02,0.12,0.08
H4VQjZAlwZc,슬픔,0.0,0.04,0.03,0.57
yXRpth4MnWQ,중립,0.17,0.05,0.46,0.18
__csUb8JWQ0,공포,0.01,0.06,0.06,0.06
sf7pOVhhD7s,공포,0.01,0.03,0.31,0.2
RWIDemtt3WQ,기쁨,0.95,0.0,0.01,0.02
v9nD1b8Skog,기쁨,0.96,0.01,0.02,0.01
BdJXEd7ns7U,중립,0.08,0.17,0.28,0.24
Kc9fhd1-V5s,기쁨,0.5,0.06,0.29,0.12
PiGfolGs32s,기쁨,0.97,0.01,0.01,0.0
zn-X4ZA3NoQ,슬픔,0.13,0.22,0.22,0.28
R_9uoj13i-c,중립,0.0,0.03,0.68,0.24
nIOR8ZGFeg4,중립,0.24,0.13,0.32,0.05
9b0UiLUgnPU,중립,0.24,0.13,0.32,0.05
dPipHaj8QAU,중립,0.24,0.13,0.32,0.05
RBjk2uuCK0I,중립,0.24,0.13,0.32,0.05
2dauo4g7bgo,중립,0.24,0.13,0.32,0.05
5mZoDzqa_HM,중립,0.24,0.13,0.32,0.05
tAYLL97uznI,중립,0.24,0.13,0.32,0.05
gQow7w0M3rs,중립,0.24,0.13,0.32,0.05
ADYzUgvS7Rc,,,,,
is8NENIFwho,,,,,
9YGLwoULMqA,분노,0.0,0.59,0.13,0.1
NYbo0BiJS-g,중립,0.21,0.06,0.66,0.03
PvruB2XxMMo,중립,0.05,0.12,0.53,0.14
OVnYJYhwFC8,중립,0.0,0.26,0.66,0.05
JT6RoJhrRhA,중립,0.0,0.11,0.27,0.19
rVFRQ7j6bDM,중립,0.0,0.05,0.82,0.1
AmoWrA0EiuE,중립,0.11,0.2,0.55,0.14
s54ZIhlZunA,중립,0.01,0.1,0.82,0.04
u_jlDYzGeAw,슬픔,0.04,0.07,0.31,0.57
8MICd7YbAng,분노,0.0,0.39,0.23,0.35
fUXiEhROqLI,슬픔,0.0,0.17,0.05,0.5
sEy4UYkNRA8,기쁨,0.99,0.0,0.0,0.0
W2jbqLvsEBM,중립,0.01,0.1,0.82,0.04
skg6L0pS35M,기쁨,0.95,0.0,0.02,0.01
2k2cbQPK2eg,중립,0.11,0.03,0.51,0.29
FoDh9Qo3xSc,,,,,
VjQM4DJeuQk,,,,,
oTGW6NI689Q,중립,0.03,0.17,0.4,0.21
OlUN3W1l6Rs,기쁨,1.0,0.0,0.0,0.0
vZ6xpc-I5jc,놀람,0.03,0.09,0.38,0.02
ofCNAzOWDG8,,,,,
CHxyg3ip86w,놀람,0.0,0.04,0.33,0.13
uXVb_AOBHUg,중립,0.05,0.19,0.56,0.15
Sw2IZ69wnHE,분노,0.01,0.75,0.01,0.07
Z-u88bNQ8HM,공포,0.01,0.19,0.22,0.14
X8krQbVnNq8,슬픔,0.06,0.17,0.09,0.5
2cspbKoG6hw,중립,0.0,0.14,0.78,0.03
fzp_87-xa2g,공포,0.02,0.02,0.13,0.09
jN283fijhag,중립,0.03,0.03,0.74,0.06
w8F1nGCe20w,슬픔,0.0,0.02,0.35,0.45
I8-m9yHfqW4,중립,0.0,0.14,0.55,0.17
vEXjiUnvjNE,분노,0.06,0.46,0.14,0.06
znLDkyIlrp8,기쁨,0.32,0.03,0.18,0.1
su8MszkGuPc,놀람,0.0,0.02,0.3,0.06
WZmzDK_YRXY,중립,0.0,0.02,0.82,0.03
_pr8U3M1XsQ,공포,0.0,0.11,0.01,0.17
b2GkNO16NeQ,슬픔,0.0,0.02,0.06,0.47
wobpMqsFmmU,슬픔,0.0,0.02,0.26,0.36
saHHKYoS6O0,놀람,0.0,0.21,0.06,0.03
jaUBXGyGWb0,슬픔,0.0,0.29,0.14,0.46
wSMIcyKehSs,중립,0.0,0.07,0.6,0.33
B4gXDRG5Ct4,슬픔,0.0,0.33,0.01,0.49
l67xKoTuIIA,중립,0.0,0.14,0.61,0.13
4VSrv-iaWdY,기쁨,0.84,0.0,0.1,0.04
qj-rLLsDX0k,중립,0.02,0.02,0.82,0.04
4LjbZMsf3U8,중립,0.02,0.02,0.62,0.11
Lg0QVaXWRYw,슬픔,0.0,0.07,0.05,0.77
zyNDMmEK8BE,중립,0.0,0.02,0.84,0.13
lV9R3sGkhF8,중립,0.17,0.08,0.39,0.33
OJwvL1L5Wgw,슬픔,0.03,0.07,0.29,0.35
9JpaZlT3Q8s,중립,0.1,0.05,0.8,0.03
acM7QsD3a0U,기쁨,0.99,0.0,0.0,0.0
Wgk78bUwsJk,중립,0.47,0.01,0.49,0.02
jI156tSoQ8E,슬픔,0.05,0.0,0.08,0.56
8M2YyNPPoiU,공포,0.0,0.0,0.01,0.06
pBSeStO5YgA,슬픔,0.01,0.04,0.02,0.58
1sEtwn1fgCA,분노,0.02,0.43,0.17,0.21
dN68oBnajn0,슬픔,0.06,0.15,0.07,0.61
U9p99jp1A3s,중립,0.04,0.1,0.46,0.32
6ytXxlturyM,기쁨,0.97,0.0,0.02,0.0
YEQn7lxLHIk,기쁨,0.49,0.01,0.47,0.01
qk5-bw71JOM,,,,,
MxmHDwnu1po,기쁨,0.94,0.01,0.05,0.0
DvKDb3uDoFc,공포,0.01,0.02,0.15,0.2
sN1jqmacj0o,분노,0.0,0.34,0.24,0.29
qzOwdkcmMZM,놀람,0.01,0.04,0.03,0.03
BmACMH-PkUk,,,,,
YIdfKhnKuHY,,,,,
nOdr2rB4YIM,,,,,
M_Aklwlhneo,슬픔,0.14,0.27,0.18,0.31
z03N44VldDM,,,,,
sCmgbmyuKYY,슬픔,0.0,0.22,0.03,0.45
TzV95Nd2KhY,공포,0.0,0.0,0.23,0.04
mJXeb5iHSAg,슬픔,0.01,0.2,0.21,0.37
AcT21BYshsk,놀람,0.0,0.01,0.14,0.02
5FaprXdeiFA,중립,0.18,0.12,0.41,0.21
qx9y50MK_Oc,슬픔,0.04,0.07,0.13,0.66
wxMGP3488Cw,,,,,
br8NIS_TNpU,중립,0.0,0.04,0.6,0.36
uRULmi6FTeA,중립,0.0,0.04,0.59,0.1
iTS_-XrCurU,중립,0.0,0.0,0.89,0.09
EVHrrT7WME0,슬픔,0.0,0.22,0.09,0.63
6dmOHjl3oyI,기쁨,0.98,0.0,0.02,0.0
G73u6wdMp_w,기쁨,0.48,0.04,0.18,0.14
zUNANl9eMJU,기쁨,0.64,0.0,0.21,0.02
MWuF7vW3P_4,기쁨,0.98,0.01,0.01,0.01
qxOOP0lPU1U,기쁨,0.99,0.0,0.01,0.0
ILIsV701-H8,슬픔,0.03,0.33,0.06,0.4
FLNZkm07A0c,중립,0.26,0.05,0.62,0.03
J0Z8eD2Lp94,기쁨,0.6,0.0,0.37,0.01
xbDEVs6LH9o,기쁨,0.51,0.07,0.28,0.09
acR0_y0NJRI,놀람,0.13,0.03,0.22,0.09
Dmt1p7qbDqk,기쁨,0.99,0.0,0.01,0.0
u7dfqDxPlEA,,,,,
eUHQrPZk6LU,기쁨,0.45,0.33,0.08,0.02
UDt2rQ6qpuo,분노,0.0,0.41,0.35,0.22
D_WzBPHZlxY,기쁨,1.0,0.0,0.0,0.0
-kDaRi9wx04,분노,0.08,0.39,0.13,0.17
uLXHOuXs06Q,기쁨,0.99,0.0,0.0,0.0
e2RcMEmROoQ,기쁨,0.97,0.0,0.02,0.0
O_9Js1k71f0,기쁨,0.99,0.0,0.0,0.0
3y3IOxhXFf0,기쁨,0.92,0.0,0.07,0.0
Tw0FBX606hM,중립,0.0,0.07,0.6,0.28
4O3WPqQEGfw,기쁨,0.99,0.0,0.01,0.0
7EZqammYmN8,중립,0.17,0.02,0.78,0.02
1KRN5xlNLoI,기쁨,0.97,0.0,0.02,0.01
CuNvKy-BrA0,,,,,
pg7Id0rQ1Ss,놀람,0.0,0.1,0.01,0.02
I43K_yDNsZg,,,,,
6nrqZIovCYg,,,,,
oJxlWfq0rZw,,,,,
bj9bpAFXX3s,,,,,
5l6rKgcDuv4,,,,,
FGWcEpt20Og,,,,,
DTAJiGQru-s,,,,,
dGa6dw59424,공포,0.0,0.34,0.0,0.03
F3P6jFklKu4,슬픔,0.0,0.06,0.01,0.78
hEtEWEb8Cyo,분노,0.0,0.64,0.0,0.03
uFSw8M6RqHE,분노,0.0,0.91,0.0,0.0
di3O2e-WuPY,분노,0.0,0.57,0.0,0.01
DY4eMr4qWXw,공포,0.0,0.03,0.0,0.11
OXEaaMIEkkU,슬픔,0.0,0.19,0.0,0.62
K4Me3KqNa_U,슬픔,0.04,0.07,0.02,0.49
e8fa9UwKl6E,슬픔,0.0,0.07,0.02,0.64
tfgjUDFgVwk,슬픔,0.01,0.19,0.2,0.52
CMIAq8SZvBQ,슬픔,0.2,0.03,0.28,0.44
GXxmggCERJg,슬픔,0.15,0.23,0.16,0.4
TbAblawKsRM,기쁨,1.0,0.0,0.0,0.0
kI7Z5pdMj9Y,슬픔,0.0,0.04,0.01,0.92
hcXI5Evb2L8,,,,,
G1mCYSo2rnQ,슬픔,0.01,0.02,0.01,0.72
jNT019W7pwU,중립,0.01,0.09,0.4,0.27
INsYJqXQyc8,분노,0.0,0.62,0.08,0.08
eYKquE7Ud5I,슬픔,0.0,0.06,0.02,0.63
EQDsiTdZPV4,슬픔,0.0,0.04,0.01,0.87
v2s5eWiQ3yA,놀람,0.01,0.02,0.01,0.05
__UO_tvB78U,분노,0.0,0.84,0.0,0.07
o4BzP7ZJpB0,기쁨,0.25,0.04,0.23,0.22
OBEBc7TpvLY,놀람,0.0,0.0,0.0,0.05
Go_3BARGX4Y,공포,0.32,0.23,0.02,0.02
2MyRtla9QZs,공포,0.0,0.02,0.0,0.11
gSo52sTN-dQ,공포,0.0,0.04,0.0,0.14
S17AjMosQzc,,,,,
dGKvhBGOyQ0,공포,0.04,0.1,0.0,0.01
gAqd87fvgRM,,,,,
YVQCRALfb0A,기쁨,0.94,0.0,0.04,0.01
Plz1Q_hvSic,슬픔,0.07,0.03,0.4,0.48
UGlJ8MZrPms,중립,0.01,0.13,0.66,0.06
gCNHDYb0KfI,슬픔,0.07,0.03,0.4,0.48
misLisjHtpY,슬픔,0.07,0.03,0.4,0.48
bUQ-bss_jYg,,,,,
k-5948N_fOA,중립,0.0,0.29,0.32,0.28
1BqbK5nMFfo,공포,0.04,0.12,0.14,0.24
Euxwwjl5W1U,슬픔,0.0,0.05,0.1,0.82
C4P_3oTs95o,기쁨,1.0,0.0,0.0,0.0
Nfkxb3482LA,중립,0.0,0.31,0.47,0.15
ejKo4QcM_rg,중립,0.0,0.02,0.92,0.0
mtP-X3eYSws,기쁨,0.67,0.21,0.06,0.01
voh8h6-4TnU,중립,0.16,0.04,0.74,0.04
bVj4kgTJn_Y,중립,0.08,0.02,0.83,0.05
K-dGNdNnBNk,분노,0.0,0.56,0.07,0.16
tCii51xz-20,슬픔,0.0,0.05,0.1,0.72
XfcablKT_SM,중립,0.0,0.23,0.66,0.1
SzUWFl4JF4I,,,,,
v8ACKD4_F_4,공포,0.03,0.13,0.2,0.17
l6DWdf76vuk,분노,0.05,0.37,0.19,0.26
xlgZx6DjAhg,중립,0.1,0.0,0.87,0.03
wQaBcNWj5BY,,,,,
8lorGg2HVdI,,,,,
FNGhIj-oFok,슬픔,0.01,0.02,0.17,0.65
AooCGatVR9A,기쁨,0.76,0.01,0.11,0.07
SRv7XvRNguY,기쁨,0.67,0.0,0.32,0.0
EZEZEzWNBmU,슬픔,0.09,0.03,0.2,0.57
DsAKPYyXWO4,중립,0.36,0.01,0.61,0.01
54TOwyn5rvg,기쁨,0.43,0.01,0.25,0.28
DsCh6jq-FDo,기쁨,0.52,0.02,0.29,0.14
ACv_z616QBA,중립,0.08,0.02,0.88,0.01
L9mufsuQ2l4,중립,0.01,0.01,0.94,0.02
j6LDp_Pqy6M,중립,0.0,0.05,0.87,0.05
N91NSaZrA24,중립,0.0,0.01,0.71,0.21
o30aVAI0INA,,,,,
zQR-18Iv78I,,,,,
wUF1N7DEG5I,공포,0.0,0.11,0.04,0.06
9Nx-If40uQ0,중립,0.02,0.09,0.53,0.31
UD84auPgxe8,중립,0.24,0.04,0.59,0.07
F0JhIdqqAo4,,,,,
mM57qJw0UAk,중립,0.0,0.01,0.87,0.11
VUF6PZEsXqs,슬픔,0.0,0.11,0.24,0.61
baxo8F9BD0I,슬픔,0.01,0.13,0.02,0.79
XaA9RND_zis,중립,0.0,0.04,0.61,0.24
98sU4zm_kc4,,,,,
vfRpOok9ZNA,슬픔,0.0,0.01,0.05,0.9
pi9RCeE7lzU,슬픔,0.0,0.35,0.02,0.5
CGO4CYXhmig,슬픔,0.01,0.04,0.16,0.74
c-ZiNmLW1u4,분노,0.05,0.4,0.24,0.24
XDIGgeAdWbk,중립,0.01,0.02,0.35,0.28
sdDHGOnrpZ0,중립,0.02,0.01,0.79,0.15
eupugvigK2s,분노,0.01,0.54,0.21,0.19
w614ccmGdlQ,기쁨,0.95,0.0,0.04,0.01
ZLFWfQ46BXE,슬픔,0.0,0.01,0.26,0.42
zw_OPQRDMAs,기쁨,0.77,0.03,0.18,0.01
KO7qLjBnct0,,,,,
7klGo_s4ID0,,,,,
AeF7ApRIM1s,기쁨,0.99,0.0,0.0,0.0
PjFI4kuu6qg,기쁨,0.93,0.0,0.06,0.0
A62o6uOicVU,중립,0.24,0.21,0.51,0.01
7KxN6QUUJfI,중립,0.0,0.0,0.92,0.06
rbJkd4RRyVw,,,,,
dTemtLA9nn4,중립,0.01,0.14,0.62,0.15
YoZVMpgXKB0,혐오,0.2,0.01,0.07,0.02
6XzN1a60jj8,중립,0.01,0.22,0.69,0.06
CVv5ytx4w2g,기쁨,0.94,0.01,0.01,0.03
cF28FU5gDHs,,,,,
cY6gObaxtMY,슬픔,0.03,0.04,0.01,0.65
NVL91cYnaAU,,,,,
Cn__o3rac74,,,,,
QAaymvAetp8,공포,0.01,0.02,0.0,0.01
tZneX5KBf6g,분노,0.0,0.77,0.0,0.04
-Vwo9otFE6c,중립,0.23,0.23,0.35,0.17
NVVxkjLgoKQ,중립,0.04,0.21,0.67,0.01
LIad4TJludk,놀람,0.1,0.02,0.04,0.01
cLxRXdIP4os,기쁨,0.5,0.08,0.34,0.08
-_eZd47DffE,기쁨,0.51,0.07,0.29,0.05
uvyvGTutW8I,기쁨,0.96,0.0,0.0,0.03
di1LeWsPBmM,기쁨,0.98,0.0,0.02,0.0
o00kB7gcUPc,기쁨,0.77,0.02,0.13,0.07
RdUQOpGuA0s,기쁨,0.39,0.01,0.28,0.12
fgmGcON5gZE,,,,,
mlbunYgdjDE,,,,,
Il0NmpMK8Gk,중립,0.22,0.07,0.38,0.21
7Jjj1212MyI,중립,0.0,0.03,0.91,0.04
DSr9a4G-POk,기쁨,0.98,0.01,0.01,0.01
VZOwtmP2RGA,슬픔,0.2,0.26,0.1,0.41
aarvVwkmmiM,,,,,
fEsq7An6HpA,중립,0.02,0.05,0.6,0.25
TWlRKbdj0zA,,,,,
2MdNKTybjZc,분노,0.17,0.27,0.21,0.25
ks0H4tHma5I,중립,0.0,0.02,0.66,0.22
xRck8d5pcA8,중립,0.05,0.25,0.37,0.27
qgVkvqdtET4,슬픔,0.24,0.2,0.02,0.42
mUTLSo4-Plw,중립,0.24,0.01,0.51,0.17
qwAMLnuRpDs,기쁨,0.99,0.0,0.0,0.0
B0EjAFmzS_0,분노,0.26,0.39,0.08,0.21
hPZCBSuGiAs,분노,0.0,0.46,0.02,0.34
CuJcC3fpeyk,,,,,
oRaFNqaj9rg,분노,0.0,0.86,0.0,0.07
qD1oN4U93VI,,,,,
l3YkvMFGrZo,,,,,
s4c6-gM04sw,기쁨,0.96,0.0,0.0,0.0
YCtKe8zMc4k,분노,0.04,0.53,0.13,0.15
UztcY3XQJ8s,기쁨,1.0,0.0,0.0,0.0
KE6Zwd10Zqo,기쁨,0.84,0.0,0.13,0.0
xVPIeLZTZ6g,기쁨,0.99,0.0,0.0,0.0
mYoY6Dgbim8,놀람,0.02,0.13,0.23,0.21
7YaZO4zqJbg,,,,,
zX7sGCt8ke8,중립,0.0,0.16,0.68,0.16
qZoxjZckQhM,슬픔,0.0,0.05,0.29,0.33
OeQKiBEGVhI,,,,,
YWNtrfxeIxE,,,,,
KWUL0iQCIH8,,,,,
TT2z7Z9Yqm0,분노,0.01,0.36,0.17,0.06
HQcLRz2AZIU,,,,,
bx0RN6C7T5A,,,,,
mlpclT89Gmc,,,,,
snICgdjccMs,공포,0.04,0.31,0.05,0.26
_qKPHw9d1Kk,슬픔,0.03,0.03,0.23,0.7
iaCwtdQNXuI,중립,0.0,0.11,0.76,0.1
TEefWqlWoIQ,,,,,
TddtuhGi4-Y,,,,,
dS2zVtosKI4,,,,,
s-c_cJHA7cg,슬픔,0.06,0.04,0.28,0.6
jJcmm65ZpGs,중립,0.0,0.06,0.48,0.42
8a6As7bHdRY,중립,0.0,0.0,0.92,0.07
zrGyOacLGgs,중립,0.0,0.03,0.9,0.06
ZXiKBRWPl6I,중립,0.03,0.1,0.72,0.1
Fd5oeYK6yps,공포,0.15,0.13,0.06,0.3
AKEDF6DNgTY,,,,,
a4jPTw7gAu4,놀람,0.0,0.08,0.2,0.07
J9U41ygUZyk,,,,,
23kpDCPU95g,공포,0.0,0.31,0.0,0.32
_d2iidaSz4I,놀람,0.0,0.15,0.21,0.18
ECjYCdJ6tX4,,,,,
u7JcnxevYwI,슬픔,0.07,0.32,0.03,0.44
s3SPbhhmxgA,,,,,
_hIv74fft8M,분노,0.0,0.42,0.19,0.17
oj1-RTKFTsU,중립,0.14,0.2,0.36,0.07
pfxyS_DRgWc,분노,0.03,0.28,0.25,0.09
jh4C91S7BQw,중립,0.02,0.06,0.75,0.12
7cKBbqFtEAw,중립,0.0,0.25,0.44,0.17
V39tB1BJzVA,놀람,0.01,0.12,0.03,0.02
aLxak8NliYI,중립,0.0,0.04,0.76,0.1
Y0KwXciuJ6Q,중립,0.0,0.31,0.39,0.15
7QhYc5jRt8I,중립,0.32,0.06,0.41,0.16
lB5xa7yoJws,슬픔,0.0,0.0,0.01,0.98
0mKla2wDY-o,기쁨,0.34,0.08,0.3,0.21
9j-dcs-e6rg,슬픔,0.0,0.09,0.17,0.49
_GN-SvaHqAw,중립,0.06,0.01,0.45,0.43
h0J19o3mAmU,슬픔,0.0,0.0,0.01,0.69
HrJ14ZMN6W0,슬픔,0.07,0.15,0.14,0.3
Dqj1zioX47c,슬픔,0.0,0.24,0.08,0.37
k-cP0d_HstI,슬픔,0.0,0.02,0.03,0.84
5_byjzH6MaE,슬픔,0.0,0.01,0.01,0.65
08pGcrMRJJI,중립,0.0,0.13,0.54,0.16
zLqkI_5rXSU,분노,0.01,0.28,0.19,0.16
h5vJ4F4UnxI,기쁨,0.82,0.03,0.05,0.07
j9YdKAb82tM,기쁨,0.85,0.03,0.07,0.01
6GWtgLrk0lo,,,,,
PUgmM0TDk7g,공포,0.19,0.1,0.07,0.17
vQQ72JCOtLY,슬픔,0.0,0.02,0.44,0.47
rzuOJSbizb8,슬픔,0.04,0.23,0.08,0.28
ydDqVwQOg5s,중립,0.18,0.13,0.29,0.23
WKk_FlU8a74,,,,,
nS-5InL8JoM,,,,,
nyMbjggGp3s,슬픔,0.01,0.11,0.02,0.82
T5bugXWWc0M,,,,,
-1fBb6wF0xw,슬픔,0.01,0.11,0.2,0.41
5RSua0haEis,중립,0.03,0.08,0.65,0.16
GdkudpI741Q,분노,0.03,0.78,0.13,0.04
TN5fG38U0qE,,,,,
4wm9pldGMng,,,,,
JZ3k8UuwiV4,,,,,
8-cDP9Kk4u0,기쁨,0.41,0.1,0.08,0.36
XppRFFzAOhk,분노,0.0,0.45,0.01,0.01
xFjyizicfSc,기쁨,0.44,0.08,0.12,0.22
PKODS5NOKJo,중립,0.19,0.14,0.49,0.13
XN1kU7i7v3M,중립,0.01,0.04,0.73,0.2
lyCVxkxpwDo,분노,0.0,0.73,0.13,0.05
8xmqzIX3afM,중립,0.0,0.08,0.56,0.31
S2MmZEm9k3I,중립,0.11,0.05,0.66,0.06
1DSXKFKfX1I,중립,0.16,0.08,0.73,0.03
vWbByGEi054,기쁨,0.97,0.0,0.01,0.01
2SnRPcwea78,중립,0.12,0.0,0.86,0.01
EFnLls-uwrE,공포,0.0,0.01,0.23,0.13
AapiwIJYdOw,중립,0.11,0.01,0.87,0.01
gJehW5wTztY,기쁨,0.46,0.04,0.12,0.33
AmCWtDzGLfA,분노,0.0,0.81,0.08,0.07
LApXf8pWH8Y,중립,0.15,0.01,0.81,0.02
i6mGSDXwoT8,기쁨,0.96,0.0,0.03,0.0
KUM59EMxPq0,중립,0.01,0.02,0.86,0.08
U_Zfe079aKc,중립,0.01,0.02,0.93,0.03
UxLioKBzSBM,중립,0.01,0.02,0.94,0.01
lW5RQK7GIt4,기쁨,0.99,0.0,0.01,0.0
sg2r9Xfqw7g,중립,0.0,0.01,0.96,0.02
WzHx3lf14u8,,,,,
yTWpFJgw2Kc,,,,,
Ggryb_I-EKE,,,,,
YNOk5KQkp0g,슬픔,0.09,0.03,0.1,0.49
ZNyqN0sKC38,,,,,
iVQyhfxqSTY,,,,,
WNHgX5FSNs8,,,,,
Mb06v1_MrwY,기쁨,0.87,0.02,0.03,0.05
gBIVQ7ttcS0,,,,,
VJwlWuRSCUE,분노,0.01,0.4,0.15,0.26
aKZEPN2Z4as,,,,,
2u2IGUC7pY8,슬픔,0.0,0.03,0.03,0.88
2D_F22lWGoc,슬픔,0.0,0.29,0.1,0.38
sK6BodEDJ8U,슬픔,0.04,0.04,0.1,0.35
NEfLFmuCNTM,,,,,
kCCoO6fq4ew,중립,0.0,0.04,0.61,0.18
ynCCtcbA_rw,놀람,0.0,0.0,0.0,0.0
DYSBrIkVHCg,슬픔,0.0,0.13,0.02,0.5
X2t6ow2PWxk,놀람,0.0,0.0,0.0,0.0
K4F5w_RQOHo,슬픔,0.0,0.19,0.02,0.55
3Vrhy2ZLmFw,중립,0.11,0.17,0.26,0.17
lS2fyjgdBxg,중립,0.0,0.06,0.89,0.05
0s_AsoPmmCk,,,,,
TAUGP0gXOaY,,,,,
hGGlD-Q8uHc,기쁨,0.34,0.24,0.09,0.31
oxJK9VtyI94,,,,,
5yNpflYu6IQ,중립,0.06,0.05,0.85,0.03
WhWqLTcLZeg,중립,0.08,0.16,0.4,0.17
Z8QWtqmyMag,기쁨,0.93,0.0,0.06,0.01
IpRDyiMCsKo,중립,0.05,0.01,0.58,0.24
r6i-neJarDY,중립,0.08,0.05,0.46,0.41
Jz4iBpKzxTw,기쁨,0.98,0.0,0.02,0.0
rElzhzwBXic,기쁨,0.5,0.05,0.37,0.08
pdBaB_CuH78,기쁨,0.89,0.0,0.1,0.0
LNF3uZ2jT_s,기쁨,0.92,0.02,0.04,0.01
CZyPDrjZB_I,중립,0.17,0.03,0.78,0.03
MEK-BBrVRZM,,,,,
YaCgN1Idwos,,,,,
u5gNFS1C0GA,,,,,
FRDZ1vG1pp0,,,,,
J6oi2tBGu8o,,,,,
kXZrgDhv3J4,,,,,
o-nl62JMU5A,,,,,
3kjiXMAfsj0,,,,,
9eocoJQU91E,,,,,
muubzE0wGkY,,,,,
uphhxYhyyN8,,,,,
DNvBCDlc1Mw,기쁨,0.54,0.06,0.04,0.35
3O4q33BDxWc,,,,,
9lOSjqlKHo0,,,,,
g4DeILpWxds,슬픔,0.01,0.01,0.02,0.52
kXjp1AN2vK0,,,,,
vOHr0aaWJBM,중립,0.0,0.01,0.9,0.08
rR9iz-N2mlA,,,,,
g7CK42YJByE,슬픔,0.1,0.07,0.09,0.58
XwFZfJha9qY,기쁨,0.97,0.0,0.03,0.0
BdbFKBgUV5I,중립,0.03,0.1,0.72,0.05
6g5_fV2xI0s,,,,,
IIislO87YjM,슬픔,0.02,0.17,0.2,0.56
TFftThtJoNs,기쁨,0.84,0.0,0.15,0.0
U7AQN4eepQw,슬픔,0.06,0.11,0.26,0.55
X0-HKFgh39g,기쁨,1.0,0.0,0.0,0.0
nSliiPJmviA,기쁨,0.34,0.17,0.33,0.08
u_znczUyJJU,기쁨,1.0,0.0,0.0,0.0
x2r-pN7W1Mg,기쁨,0.83,0.06,0.02,0.02
2JyPck83wb8,,,,,
aeScH_X9cXU,중립,0.0,0.01,0.76,0.13
vTECWJHS3Wc,중립,0.11,0.01,0.64,0.22
g7ePkbanQA0,중립,0.06,0.04,0.71,0.17
FBqo3OE1OF4,슬픔,0.0,0.03,0.37,0.56
TiXVzIVwGI8,,,,,
DOKsbwKMh48,중립,0.44,0.03,0.46,0.05
5vm55_99KXY,기쁨,0.98,0.0,0.01,0.0
cJhDQg2jORg,중립,0.11,0.13,0.51,0.07
CmuiQJoXkDQ,슬픔,0.16,0.1,0.08,0.56
HMDpyK85CxE,중립,0.01,0.03,0.61,0.31
N2etFpsO8_8,,,,,
Vpj4HTLESQM,,,,,
y5iHjVAWKSk,,,,,
Od113Ung1i0,,,,,
koXXF-D54Ik,,,,,
Q-m6FNMAbYk,,,,,
6mR-wNS7QGU,슬픔,0.02,0.2,0.19,0.33
1cS2A7pBTkw,,,,,
5mX1mt-JBj8,,,,,
VFtNdjgDdAY,놀람,0.02,0.37,0.03,0.03
7FYg-fWDaFg,슬픔,0.35,0.01,0.18,0.37
v2tmR56uoLQ,,,,,
9PYFAO9QZBY,,,,,
At7OkyM8-WU,,,,,
uNJwUhEK4QM,,,,,
9mvTG8FDsns,,,,,
N5KNPUuykwg,기쁨,0.56,0.02,0.09,0.03
tyLF886TWVo,,,,,
5bP6kpiUM40,,,,,
xNrCHTeHHE4,기쁨,0.32,0.17,0.13,0.24
sYbsuW9PFmc,중립,0.0,0.0,0.87,0.09
Vtdud1ALKIo,중립,0.12,0.05,0.49,0.31
N0AMYgRfzhc,기쁨,0.98,0.0,0.01,0.0
ImPk439_gPU,슬픔,0.01,0.28,0.23,0.4
z2s4A-1_w8A,,,,,
hLmPwwL2FUM,중립,0.02,0.04,0.69,0.16
XeKOxIFTC1s,놀람,0.13,0.02,0.03,0.22
XYXxDLlLkDM,,,,,
pIN9ynwGpM0,슬픔,0.01,0.03,0.13,0.81
txIgk4tuf3o,중립,0.09,0.1,0.36,0.35
QYE4oeqMBx0,슬픔,0.01,0.24,0.05,0.39
-NRwz2DKCyM,슬픔,0.01,0.02,0.08,0.66
zWl7ZNIye9o,중립,0.03,0.0,0.9,0.07
R73E3BxliQA,중립,0.04,0.01,0.86,0.06
GoUnyN4UTMs,기쁨,0.84,0.0,0.15,0.01
5yOWtFZcSRc,기쁨,0.84,0.0,0.15,0.01
_YpdrUIw8oU,슬픔,0.0,0.05,0.01,0.84
Byy3Uu71JmI,공포,0.03,0.21,0.13,0.2
Z8StcoVC5Bs,슬픔,0.0,0.04,0.26,0.66
HWgOtymbJnw,슬픔,0.0,0.0,0.01,0.99
rivBMQ_Z2Us,,,,,
phaHI7g9wzI,,,,,
FI627nTeE60,분노,0.04,0.48,0.06,0.27
4h6l2qajp-U,슬픔,0.0,0.03,0.39,0.5
L6SonnGCbu0,중립,0.06,0.01,0.91,0.02
2OclFr34Jfw,중립,0.0,0.02,0.51,0.35
jo3sqVbseZw,중립,0.03,0.02,0.69,0.06
euQNhrSzAYU,,,,,
WsovJpYuWq8,기쁨,0.31,0.05,0.12,0.31
Z-fTn791tK4,기쁨,0.93,0.01,0.04,0.01
Rj77WBisgZw,슬픔,0.02,0.16,0.38,0.39
Oefn_3uRK7s,혐오,0.33,0.06,0.02,0.01
JOlEDfmSEkk,,,,,
78gex6KFpzw,공포,0.02,0.17,0.07,0.17
VmOHe01pe04,,,,,
mchc83blPXI,,,,,
xONytkb8SqE,,,,,
zlJ0CrYTULQ,,,,,
r5utpD790lA,,,,,
Bby8FG9eZz0,,,,,
AJFHpZUzavw,중립,0.03,0.22,0.66,0.02
E-PP6U3HSsc,분노,0.11,0.76,0.01,0.05
8o6KoYtRUKM,중립,0.0,0.09,0.61,0.18
96X2_BLGW0c,,,,,
41bew5ml8zE,중립,0.02,0.1,0.41,0.4
ShnhronADEg,중립,0.01,0.05,0.49,0.38
oV6GTiFpBNU,중립,0.14,0.1,0.36,0.34
9tFaUL3gWHE,기쁨,0.95,0.01,0.0,0.0
ABvS-1z9zb4,분노,0.02,0.38,0.07,0.3
5t-JDVwJjj4,분노,0.0,0.91,0.0,0.0
ISnpVpqboRs,공포,0.04,0.31,0.01,0.06
-c-HlJFhEt8,혐오,0.01,0.04,0.06,0.11
aRm9V6d-HhQ,공포,0.03,0.05,0.1,0.12
3Vj88Szuw8I,기쁨,0.66,0.04,0.1,0.08
NKuxNYwfRS4,슬픔,0.01,0.02,0.12,0.68
0m4lOuwh2m4,기쁨,1.0,0.0,0.0,0.0
It5H7Dgbd5Q,공포,0.02,0.03,0.21,0.14
_VyKd16_dFM,놀람,0.0,0.02,0.03,0.04
vbGhNMk4js8,기쁨,0.98,0.0,0.0,0.0
ndD5YZnLcvw,,,,,
QpAMIVHsWGA,,,,,
3BEilqPrVKg,슬픔,0.01,0.01,0.33,0.53
Hl4MVIL7xFo,중립,0.0,0.26,0.48,0.25
tQixaQoYFYE,,,,,
3MCZEYjMN_k,중립,0.11,0.01,0.77,0.09
1ayzdWAuqlo,기쁨,0.99,0.0,0.01,0.0
r5TpBmKj5s0,공포,0.01,0.01,0.04,0.15
IQKC65V6nOY,공포,0.01,0.05,0.01,0.1
eSIvDsLEW4Y,중립,0.0,0.04,0.46,0.35
4yqXowrNqIk,분노,0.0,0.68,0.01,0.21
dQ7p3Rrn8jA,,,,,
chdsBqNu5IU,,,,,
pwOGDl6YZK8,중립,0.04,0.25,0.34,0.17
pYishGzKV9o,,,,,
XP3TgOUKiDI,분노,0.01,0.54,0.22,0.18
2D8zOLYbbL0,중립,0.0,0.03,0.86,0.08
ZS0R8TXIAl8,분노,0.0,0.44,0.21,0.11
doc3ZsfSJ50,공포,0.0,0.08,0.08,0.18
5eNt0D_6Ydg,분노,0.0,0.42,0.21,0.29
8Zny4gE0pVc,중립,0.3,0.01,0.68,0.0
KrzUvMogtK8,분노,0.01,0.45,0.28,0.21
JMFk5Z1f9xw,공포,0.13,0.05,0.04,0.26
cR880buLZ2o,공포,0.0,0.14,0.03,0.06
JrCFNijnA5I,기쁨,0.98,0.0,0.01,0.01
x_A7aEyNp9Y,중립,0.01,0.17,0.51,0.19
twWoRjdtQeg,놀람,0.0,0.2,0.1,0.03
SQCT_-H511g,,,,,
UHXzGBhp_iI,분노,0.0,0.9,0.01,0.02
-YRMuwiFTVE,,,,,
T2oPQjH5tJU,,,,,
hIxGZ0lFkQA,,,,,
ZVQ_Sk9ggPE,,,,,
5VEuXn8Sva4,,,,,
krYYA7WRRn0,,,,,
HqTyVcQEda4,슬픔,0.32,0.05,0.09,0.51
w5cdlyHeuz8,슬픔,0.08,0.05,0.28,0.43
xv5a10qVxvo,기쁨,0.92,0.01,0.04,0.02
1IlT12R4MjM,기쁨,1.0,0.0,0.0,0.0
PnlpmWfxjg8,공포,0.02,0.23,0.23,0.16
y4kBcpxXhbc,기쁨,1.0,0.0,0.0,0.0
M8FYbe6KO14,기쁨,1.0,0.0,0.0,0.0
IZtz99QRXIk,분노,0.01,0.6,0.09,0.08
2lmAmBki5Fo,분노,0.02,0.3,0.11,0.26
MdBMQ1UP54s,중립,0.03,0.17,0.69,0.01
rFvDjN3XFUQ,놀람,0.0,0.11,0.23,0.01
tPA6J06RkWM,중립,0.19,0.02,0.76,0.02
OP8XpCUqh3o,기쁨,0.31,0.23,0.25,0.17
YYLmAMFWYlw,중립,0.19,0.13,0.49,0.15
1SGCuE6_xJ4,슬픔,0.02,0.23,0.08,0.29
jnzve0GWcy4,기쁨,0.94,0.05,0.0,0.0
WZyuVkbRPzI,놀람,0.01,0.1,0.03,0.13
CPlyOPb82aY,놀람,0.0,0.06,0.1,0.08
U3R4nUS6W5s,중립,0.09,0.11,0.67,0.08
RWIzx2D5jTE,중립,0.0,0.03,0.48,0.29
ZYuuh15Ssdc,중립,0.07,0.19,0.62,0.11
2Tj85xGZYbY,공포,0.02,0.27,0.07,0.18
7XrFWTNVzfs,,,,,
4eC7WGvrfJ8,,,,,
YHqJ2d6_cVg,기쁨,0.95,0.03,0.0,0.01
sWlSlkKhn3Q,슬픔,0.03,0.21,0.05,0.51
x2So-0mDneM,슬픔,0.01,0.09,0.07,0.75
9nzXz7LI-Jg,기쁨,0.34,0.22,0.03,0.3
yCCvMBPqCJA,,,,,
x2g5CZjjTFs,,,,,
3YvsMpIzmjQ,,,,,
QNPgZfO11kg,기쁨,0.34,0.22,0.14,0.27
3j9KNo5v05Y,공포,0.04,0.24,0.21,0.23
HAggwnBvSpI,,,,,
5gwQaCkv7CA,중립,0.0,0.01,0.93,0.01
Z7GnVJ0xP_s,중립,0.0,0.03,0.9,0.03
RWGpXdWQoGw,분노,0.0,0.48,0.05,0.14
07YnmO82Ouk,중립,0.0,0.22,0.62,0.14
iZDrDnzKUeU,중립,0.0,0.19,0.6,0.12
Ie-XxGJPXLI,기쁨,0.8,0.0,0.2,0.0
vQACtHCQyWA,중립,0.01,0.04,0.57,0.24
oAXH0rMYBUY,분노,0.21,0.37,0.01,0.08
ZWCrvtl28RA,중립,0.04,0.07,0.6,0.26
JBCND1Rr6mw,중립,0.0,0.06,0.57,0.34
GV1n86EDxKU,중립,0.06,0.01,0.85,0.05
6keaAMpChUM,슬픔,0.01,0.1,0.24,0.34
Ff7easkHHA8,분노,0.02,0.44,0.1,0.22
vqUZkuwOr_s,슬픔,0.01,0.06,0.35,0.38
JvujPeN53Uw,슬픔,0.19,0.13,0.1,0.39
zso2XeOrbC8,,,,,
3nEhFjwqgTY,,,,,
Gt7WyLnVV2M,중립,0.31,0.01,0.53,0.12
pC6BnMUVWiI,놀람,0.22,0.03,0.14,0.07
P-5neo4BTvQ,,,,,
mqRUr5ACMtQ,슬픔,0.0,0.01,0.05,0.89
KCuOtB8-W-k,슬픔,0.24,0.06,0.1,0.54
UPqMfcCLmuo,중립,0.35,0.03,0.58,0.02
TNjbD-3qTbc,중립,0.01,0.37,0.49,0.12
gjQIk3CiGSI,중립,0.32,0.02,0.65,0.01
3lAYbSKOvlU,중립,0.39,0.01,0.59,0.0
R_AZ_mkJUIE,,,,,
nj2ufEPWV_4,,,,,
sbIvgPOFo0w,중립,0.17,0.01,0.79,0.01
7ULmcNmMlLE,중립,0.02,0.07,0.59,0.31
2FhMD5tMa9g,분노,0.04,0.61,0.02,0.05
nn-7w8xebeo,기쁨,0.35,0.34,0.04,0.07
pwfUXHhSVSs,중립,0.02,0.0,0.97,0.0
ieBkrmPbNp4,중립,0.04,0.33,0.56,0.05
Sf9ycUqesLI,기쁨,0.32,0.08,0.29,0.11
vNIBi36mNlY,분노,0.04,0.76,0.01,0.02
vJzWzno-VGo,,,,,
kR9n-jAYDrw,,,,,
rxo4p9SHY4s,,,,,
VQ_FDKOw6oE,중립,0.02,0.02,0.82,0.09
04GaXi4YZTk,기쁨,0.48,0.04,0.04,0.22
SgMVVv2dISM,중립,0.0,0.24,0.54,0.07
_HTM1O4ZS_Y,공포,0.11,0.11,0.23,0.09
Z5T-Q_C9od8,,,,,
M45sZl7-_No,슬픔,0.05,0.04,0.12,0.58
NUBM9UPmL9c,분노,0.03,0.46,0.01,0.42
R8Qo4jtZCew,슬픔,0.29,0.18,0.07,0.43
K9XzG_Rd21w,,,,,
P7w7EDhnnlg,기쁨,0.99,0.0,0.0,0.0
8pkggl8nmLo,중립,0.0,0.03,0.58,0.05
cBWNNL908Cg,공포,0.0,0.1,0.21,0.11
jQ1RTeIlSLM,중립,0.01,0.3,0.49,0.15
QQ2VWI4-fWM,슬픔,0.0,0.07,0.18,0.74
8VVnbBelJGk,중립,0.02,0.11,0.74,0.09
l3rZ_SInD4c,중립,0.0,0.01,0.96,0.03
9BBZgcm1tBQ,중립,0.08,0.1,0.78,0.03
l7sw9kKlfzU,중립,0.03,0.12,0.74,0.04
cp0ohgEb3FQ,중립,0.0,0.01,0.82,0.04
cMnTZ5ry4ko,놀람,0.01,0.03,0.24,0.05
CY1A3SOo6dc,중립,0.1,0.13,0.59,0.15
rrddHga-FjU,슬픔,0.02,0.12,0.06,0.44
SuZ_2-3DiE4,중립,0.06,0.03,0.61,0.27
3EpBsXjF7Tw,,,,,
uFoHF5jy504,,,,,
ir-8WyKofWg,중립,0.43,0.02,0.46,0.09
ClKpgRkkxEE,중립,0.0,0.11,0.68,0.11
ll1v1cEi1cA,분노,0.24,0.35,0.24,0.13
WDGdwCCtXvY,기쁨,0.91,0.04,0.02,0.02
3Xbr5uaHByY,분노,0.0,0.48,0.44,0.05
ZofYiurLtA0,슬픔,0.0,0.02,0.32,0.63
22nT1Tj50Xg,중립,0.0,0.06,0.65,0.28
PuI1ip8-mtM,기쁨,0.99,0.0,0.0,0.0
zu8tFfPywtc,기쁨,1.0,0.0,0.0,0.0
P1ZYkL8P45E,기쁨,0.46,0.09,0.09,0.2
kejbe9ejpCw,기쁨,0.93,0.06,0.0,0.01
IzP-wmU999o,슬픔,0.0,0.07,0.42,0.47
hs7P1o0geNc,분노,0.0,0.85,0.01,0.02
q5gKNH1o8RI,기쁨,1.0,0.0,0.0,0.0
mgG3aq32k1s,기쁨,0.71,0.0,0.27,0.01
2dwRHRyl9Uo,중립,0.02,0.0,0.94,0.03
QzwNTwWvALU,중립,0.02,0.0,0.95,0.02
aKrYl65h-GU,중립,0.02,0.0,0.85,0.11
GOzjNaci6bU,중립,0.01,0.03,0.9,0.04
PFGjc4Qh5SE,중립,0.02,0.0,0.94,0.03
pC3iZ4YAakI,중립,0.02,0.0,0.94,0.03
pkjB-YnKGtY,중립,0.02,0.0,0.94,0.03
eFvKJhTdT0Y,중립,0.02,0.0,0.94,0.03
Mas2yQOVB5w,중립,0.01,0.01,0.41,0.14
KATIVYduXM4,,,,,
5mg_zUGDMmc,슬픔,0.13,0.03,0.13,0.58
PHWwTDAn3AY,,,,,
7FhtdTmgCVs,슬픔,0.0,0.29,0.02,0.57
rfTlSLTKWVo,중립,0.12,0.03,0.53,0.23
6x24HmsYcCQ,중립,0.37,0.01,0.6,0.01
8NvTp4ct3_g,중립,0.11,0.17,0.29,0.11
75L2sON2smA,,,,,
NS8xrWAc5UM,슬픔,0.01,0.24,0.03,0.71
0fLTHBnX4ME,중립,0.03,0.23,0.37,0.27
zA86nFF4ik8,슬픔,0.04,0.15,0.24,0.55
R-kLHirzl14,,,,,
-FYVEjItgu0,,,,,
QBYHPJiGfx0,중립,0.15,0.1,0.65,0.01
McSq7p8qOKo,기쁨,0.73,0.01,0.16,0.07
0PyZZLtS3bo,중립,0.09,0.02,0.41,0.19
eA3FSlZBKgI,,,,,
B_5XOroVpvY,기쁨,0.79,0.01,0.0,0.0
YdGvM93XvIw,,,,,
hyhwI-jaTnA,중립,0.13,0.18,0.29,0.21
PGWiMU1_Nl0,공포,0.0,0.03,0.0,0.04
cOmvjhhkS6g,중립,0.01,0.21,0.57,0.17
QJ447BaOSPI,기쁨,1.0,0.0,0.0,0.0
5AvSL_HJtX4,슬픔,0.0,0.04,0.08,0.83
J1YCAUAlUBg,분노,0.0,0.95,0.0,0.02
Te9EuoMHxOs,분노,0.24,0.45,0.05,0.21
5S9riHW1XJA,,,,,
X3dNYNkm9R8,슬픔,0.0,0.13,0.22,0.59
YZIrbmBt2lo,기쁨,0.83,0.02,0.11,0.02
X3EDXvtGVEI,중립,0.0,0.02,0.36,0.3
l6o5bE1WY9k,중립,0.0,0.04,0.65,0.28
gul64jX1fno,중립,0.0,0.07,0.32,0.17
1fx8UnFE78I,슬픔,0.0,0.12,0.01,0.81
ltT49qUlxDo,중립,0.0,0.08,0.55,0.31
x9DjW6i4Nuo,,,,,
K74ZeNGlnn0,공포,0.0,0.03,0.25,0.16
5xj3YruCcxc,중립,0.0,0.06,0.32,0.19
a7TFXxpLF70,슬픔,0.0,0.04,0.12,0.78
0D0JaQAOhsc,기쁨,0.76,0.0,0.19,0.03
stJvD18XVf4,기쁨,1.0,0.0,0.0,0.0
3m-mxhLU9As,,,,,
8K5HOehr1AY,,,,,
m2dgVYOe7AQ,중립,0.04,0.01,0.92,0.02
NlaBPYg_S_M,슬픔,0.18,0.15,0.23,0.23
rbLt87hqi5Q,중립,0.29,0.07,0.54,0.08
nlkXso69vQo,중립,0.02,0.2,0.41,0.12
kydu3_MkiPk,기쁨,0.55,0.02,0.23,0.05
Mnp1_uM1ikE,중립,0.0,0.04,0.9,0.04
9Uey_nawoI8,중립,0.03,0.05,0.64,0.26
Hm_MyIbEqKQ,기쁨,0.9,0.0,0.09,0.01
oBpJw03kpnM,슬픔,0.0,0.01,0.31,0.6
5_LGTVy7pj0,중립,0.1,0.27,0.32,0.28
wgyekVZZjQg,슬픔,0.0,0.17,0.07,0.51
DBQCOmU43Xw,분노,0.0,0.78,0.06,0.13
H5nbGLl4roE,중립,0.02,0.06,0.68,0.18
Qpgj5svIyAw,공포,0.0,0.0,0.0,0.01
VfmvPFb3cvA,공포,0.02,0.17,0.08,0.32
mcFl8Xo1nlc,놀람,0.02,0.01,0.03,0.03
zOF2YwzwLF4,분노,0.01,0.72,0.06,0.14
qXSoopn3_bc,기쁨,0.46,0.13,0.3,0.0
GJGXCcVy6AU,공포,0.0,0.01,0.36,0.15
hbHC6LHFm_k,슬픔,0.0,0.11,0.06,0.82
l87LO3bMMCs,,,,,
f6jHLUU23O4,,,,,
8NLmefnoXM0,,,,,
GsBW9ezShMo,중립,0.09,0.25,0.35,0.17
PbV9szmLIaI,,,,,
_gUIvN174uI,분노,0.09,0.47,0.18,0.24
p10PZLrV33w,,,,,
fX7Og18N-Wk,중립,0.0,0.09,0.48,0.37
eOb1dOW3JSI,중립,0.14,0.02,0.7,0.12
_nZyW2ZHZfY,중립,0.01,0.03,0.79,0.12
Ym4OeoV6_U8,중립,0.0,0.01,0.41,0.4
Oj2oS_7PZHU,기쁨,0.64,0.01,0.07,0.22
tTn1ZaFNaUM,슬픔,0.0,0.0,0.33,0.48
ayydiM-J7Jw,슬픔,0.01,0.01,0.19,0.41
xfdtuH0J67Q,중립,0.0,0.0,0.95,0.04
EmRKoZn7sR0,분노,0.14,0.38,0.02,0.19
OVSW9m2NHoY,공포,0.01,0.28,0.03,0.12
eB5XEEglB_Q,중립,0.0,0.0,0.53,0.4
4yrUKXBI65A,중립,0.0,0.0,0.85,0.05
OOBRA2dEQFo,,,,,
-6W7VqSd4Ro,분노,0.04,0.34,0.06,0.2
OZ88S5PR7sg,분노,0.0,0.37,0.14,0.09
OicgIztfY6c,분노,0.0,0.76,0.07,0.12
7inrFtLw7z8,분노,0.03,0.42,0.01,0.07
R5YGWgX0HgU,,,,,
dMFmxYUl4iI,놀람,0.0,0.08,0.02,0.03
hwizYs0Fako,,,,,
aIdgx82mzSo,슬픔,0.05,0.07,0.03,0.74
_dmQFBGXvTM,중립,0.02,0.01,0.41,0.13
w-1amBKX28I,슬픔,0.0,0.05,0.38,0.52
c1et-0n7kSc,기쁨,0.9,0.01,0.08,0.01
PcP3Kr2yylY,기쁨,0.9,0.01,0.01,0.01
oNEelJ4Q_hw,기쁨,0.86,0.0,0.14,0.0
3cayxnKr8ng,중립,0.1,0.12,0.61,0.08
H--cKpd6x7A,슬픔,0.02,0.04,0.11,0.8
BYZ7DxIx61c,슬픔,0.0,0.01,0.21,0.55
X03EQdGr9rE,,,,,
n2JatR01tRM,,,,,
6zKHuFbviEI,분노,0.02,0.4,0.03,0.38
bvkm1Z3nLNE,중립,0.01,0.12,0.66,0.02
O9X0hm9ycSA,분노,0.0,0.36,0.14,0.27
yHvGRkKkQug,공포,0.13,0.12,0.16,0.11
ulYxZ-vpXpE,슬픔,0.0,0.08,0.21,0.52
5EqUCWUfZ6g,놀람,0.01,0.02,0.3,0.01
cdhsMU4RUeo,,,,,
DQi_Ak8zesk,중립,0.15,0.04,0.5,0.11
oTYmcAFQ9tQ,,,,,
-jBXtkSEJFk,공포,0.03,0.09,0.22,0.3
EJ_J3XFV3a4,,,,,
sk1XhUnHbAw,,,,,
C5K9YRXjmGo,,,,,
Z6snejLlKKs,,,,,
bBwJ9IGiVCU,중립,0.0,0.14,0.5,0.14
LflHf1MJyuc,,,,,
E5XNn3gex6I,,,,,
QAke_cFfGYo,기쁨,0.78,0.07,0.08,0.07
mJo2eedU4ew,,,,,
D1Adkv3hVTE,기쁨,0.38,0.26,0.07,0.26
CmL-9npnE_4,,,,,
8JTKJ1SyWsg,,,,,
_IqBNk2CQG0,,,,,
H5-mj-g5lL0,,,,,
R1lvS63dEIc,,,,,
3eugOFigKcA,,,,,
nYcMdaTx4y0,,,,,
8p5fHvihHuA,,,,,
s52plX6XkZU,,,,,
x4vmUVaaW0g,,,,,
73Qp0ziCn68,,,,,
xPozJB4e2tY,,,,,
HTn7UMvGOCk,,,,,
eP2w0jSzrec,,,,,
fGmcE__sbkE,,,,,
M0xaUlqYwYY,슬픔,0.02,0.04,0.4,0.53
0oCv7cMniiE,분노,0.02,0.49,0.22,0.19
WeGV1U1-mPg,중립,0.02,0.04,0.43,0.02
FxjSmpx_Diw,,,,,
h4hTZu42rLk,중립,0.02,0.05,0.5,0.23
WgUyKlsfK7U,기쁨,0.99,0.0,0.0,0.0
q4RhxVU52u4,중립,0.02,0.12,0.41,0.2
UcymJ1AvRjg,중립,0.01,0.09,0.79,0.07
WKxQpCxlFSE,분노,0.07,0.56,0.03,0.22
3XewFhV6824,슬픔,0.08,0.1,0.35,0.39
B2CbDm4eUcg,,,,,
QcAhGWenIoM,슬픔,0.04,0.05,0.29,0.31
Gd_axjskHYw,중립,0.0,0.03,0.75,0.2
hc1_Q9zrlYk,슬픔,0.04,0.05,0.29,0.31
yy38pTDlh9E,슬픔,0.0,0.02,0.16,0.81
5CnVYVfBB80,중립,0.03,0.28,0.62,0.07
o85Pmm4LMtw,슬픔,0.08,0.15,0.08,0.66
VgIB1eAdxkk,분노,0.0,0.43,0.38,0.13
Hpv2j1tjqc0,중립,0.0,0.06,0.62,0.3
fcTPu969KQs,중립,0.02,0.03,0.73,0.2
WjutdAePN2w,중립,0.0,0.13,0.67,0.13
DKUEM6SC5tg,,,,,
u-_DiM1yW5Q,,,,,
d9bnD__KqMo,슬픔,0.2,0.05,0.22,0.49
LBJC2ccGkA8,,,,,
bhR3KkIEiCo,중립,0.0,0.08,0.76,0.12
1FNbEwwX57o,중립,0.01,0.06,0.75,0.11
qBtuQqytJVI,놀람,0.26,0.02,0.14,0.08
kQx0CwMCZQM,중립,0.0,0.02,0.94,0.02
hQGFgU1HThY,,,,,
8lViPpiaQYo,중립,0.01,0.03,0.68,0.25
h5Nz1Kkm3Fk,중립,0.01,0.01,0.84,0.12
pvOFAriiUJQ,중립,0.0,0.1,0.7,0.16
PqlbDH6nTJA,슬픔,0.0,0.02,0.39,0.42
00gRX90st3g,슬픔,0.0,0.0,0.35,0.61
yCUgNopFayw,공포,0.0,0.1,0.08,0.04
Gv1UOCOkCW0,공포,0.0,0.02,0.09,0.29
LHKlVLkxq-o,중립,0.0,0.02,0.61,0.34
_wAwtGYuetA,슬픔,0.0,0.0,0.39,0.44
XpG-0VnEeMI,중립,0.0,0.09,0.47,0.37
dOLm6seRFSI,,,,,
KYRWCYFRINk,중립,0.0,0.01,0.52,0.15
3vXYZqncCIY,중립,0.3,0.01,0.66,0.01
rlCslCNmSos,기쁨,0.93,0.0,0.06,0.0
vm2C2dwN6pY,기쁨,1.0,0.0,0.0,0.0
VbFqRWtRlJI,놀람,0.0,0.01,0.01,0.0
5c3sI7AGCNg,중립,0.02,0.16,0.46,0.19
o7SHPgyyCO0,기쁨,0.66,0.0,0.31,0.02
1Pxn72tl4X0,기쁨,0.58,0.01,0.36,0.01
lUke0hccimM,기쁨,0.99,0.0,0.01,0.0
ubJSGl1-DXw,슬픔,0.02,0.07,0.27,0.54
956hl5tk4io,,,,,
E5U2cO_WN_I,분노,0.0,0.45,0.0,0.33
aI8gr8W-Sv4,기쁨,0.62,0.01,0.1,0.27
x1vT5ErETu8,기쁨,0.77,0.07,0.02,0.14
SqT4J-iqgrE,기쁨,0.46,0.02,0.19,0.07
XpXhI5orAmU,중립,0.14,0.03,0.39,0.37
tINpQM3LtsU,슬픔,0.0,0.08,0.15,0.39
ceUuqpYjxWo,기쁨,0.98,0.01,0.0,0.01
Ezd6Sk5YcKE,중립,0.07,0.17,0.56,0.15
gWhr2QwJkkE,중립,0.0,0.05,0.88,0.06
kJOAAl2-tZU,기쁨,0.94,0.01,0.04,0.01
xr9Qf94r4Z8,중립,0.03,0.13,0.76,0.04
7cRb6DIIoQQ,기쁨,0.87,0.0,0.1,0.01
FDfar0GPmdE,중립,0.01,0.09,0.32,0.16
CUKrBkBJu4Q,기쁨,0.89,0.01,0.08,0.0
JZL8CL3M-Jo,중립,0.04,0.07,0.74,0.03
DRUV1qbbU50,기쁨,0.59,0.15,0.06,0.07
duBvSWL1kUI,공포,0.0,0.2,0.28,0.11
mYsJlY_Wuso,공포,0.17,0.06,0.22,0.22
j868hnFU86s,슬픔,0.0,0.28,0.07,0.33
qAWFdew4714,놀람,0.01,0.16,0.06,0.03
1n91SjfRwyE,중립,0.07,0.0,0.39,0.26
lc09kGd4Xbw,공포,0.06,0.0,0.09,0.18
dFnaxNooLFs,슬픔,0.02,0.04,0.1,0.44
h741Sw7s2dQ,슬픔,0.0,0.03,0.04,0.86
sFk6SN8NePg,중립,0.11,0.14,0.55,0.19
f7RFoQ2p98g,기쁨,0.38,0.12,0.05,0.21
PrCVzB4I430,,,,,
kN6O4GvaclY,중립,0.25,0.01,0.72,0.02
6TsxzV9yabk,,,,,
m7rSdwRLoEc,슬픔,0.01,0.04,0.05,0.51
mo5M-MCTZ58,기쁨,0.31,0.26,0.01,0.01
Sf89o_NRJ-U,슬픔,0.02,0.02,0.27,0.42
TiHg03cI9Ko,슬픔,0.04,0.28,0.03,0.43
dN-LOzxfOpE,,,,,
gEX-06T_tdk,중립,0.07,0.05,0.58,0.09
W7CRXwP2Y2s,기쁨,0.92,0.02,0.05,0.02
MIZtg2ld6-s,분노,0.24,0.33,0.22,0.14
gA6wz7CyVRY,기쁨,0.86,0.02,0.04,0.07
AuEVcD2NvXg,슬픔,0.04,0.26,0.31,0.31
mXAe8wn990A,중립,0.0,0.06,0.73,0.06
cTo769Yv1ZA,,,,,
eIYwHltovwg,공포,0.01,0.25,0.0,0.2
Rx4hEjpkmxk,,,,,
sg6M-RvGPtg,기쁨,0.66,0.05,0.03,0.14
ewI9fc3kVBw,중립,0.06,0.03,0.77,0.1
t_p-OcFs2a0,기쁨,0.99,0.0,0.0,0.0
ZplLcGG5Ulo,슬픔,0.0,0.06,0.2,0.72
Jb7O5iIccUE,중립,0.01,0.1,0.47,0.26
yT_g_ef6z2M,,,,,
lOn_bsyTOvA,놀람,0.19,0.02,0.12,0.12
pC1R1jqqU7U,공포,0.02,0.37,0.16,0.04
MvsgXqpFjAc,중립,0.06,0.05,0.69,0.04
dvJ0-YsHw_E,분노,0.01,0.69,0.07,0.12
xNNaP5G2r2k,중립,0.01,0.05,0.48,0.26
w-vTNuN-zq4,중립,0.0,0.0,0.87,0.12
AP9km3eGsT4,슬픔,0.2,0.08,0.25,0.26
dvd8TSUJHmk,기쁨,0.43,0.03,0.26,0.15
JdxogIjKQAc,공포,0.0,0.11,0.32,0.13
L5sPkoDPc_M,중립,0.01,0.24,0.4,0.28
G1-qH8NOigg,기쁨,0.97,0.01,0.01,0.0
eFQQUWMMGEE,,,,,
2YpQdeL7Pyg,기쁨,0.95,0.0,0.04,0.0
cwNelylddVw,중립,0.07,0.01,0.75,0.14
2xIDXB101gs,,,,,
QqU9kn3tk7s,슬픔,0.01,0.01,0.29,0.67
wdFivjp2Ps4,,,,,
wyZz-vLO-IY,기쁨,1.0,0.0,0.0,0.0
oeaKtbqiia8,중립,0.14,0.27,0.3,0.17
A8w2SdDrqsc,중립,0.01,0.07,0.42,0.26
AoM9FFOAQgo,중립,0.0,0.14,0.44,0.38
nOc9902KD5M,기쁨,0.34,0.1,0.23,0.16
L-_FmjBnQBc,중립,0.04,0.01,0.91,0.02
vRvS6SXfqlE,기쁨,0.98,0.0,0.01,0.0
2_5-cI1PnAY,,,,,
IgviT7Vh6AQ,중립,0.13,0.01,0.46,0.38
-O2SZFET1jk,슬픔,0.2,0.04,0.11,0.62
aX4wxeTCzAY,,,,,
CRNWU4hGmt0,분노,0.17,0.42,0.06,0.2
bY85k0bpmyc,분노,0.09,0.39,0.11,0.24
0C8InxyUUXw,,,,,
Jn1b0_fbG5U,슬픔,0.07,0.21,0.21,0.4
oAyVYB5Z284,중립,0.0,0.05,0.56,0.25
4zT5h2D1Ymk,중립,0.16,0.09,0.64,0.09
ZCzfTKD2LxM,기쁨,0.91,0.0,0.09,0.0
EwBThkoZ6Lk,중립,0.03,0.06,0.31,0.07
fa8TXte9h9s,분노,0.02,0.4,0.12,0.23
Hlq7SLNUgI8,슬픔,0.0,0.35,0.15,0.46
Wa621CsXQIU,,,,,
RZoHxxI3pSg,기쁨,0.23,0.12,0.17,0.16
L0Jlr5tKJIM,놀람,0.0,0.04,0.07,0.28
HD85Ce-6Bvc,분노,0.0,0.66,0.0,0.05
DeN4-kjHbcQ,분노,0.28,0.46,0.06,0.03
4czd40T9SUw,,,,,
jFBfcSDo82k,기쁨,0.68,0.03,0.12,0.08
edIZzfwsUvI,공포,0.05,0.07,0.1,0.24
SNTte95CzgQ,,,,,
hpFHWGdUMLc,중립,0.0,0.11,0.35,0.11
PWpOBOHQXpM,중립,0.01,0.1,0.63,0.19
i4TKGfKX_WE,중립,0.0,0.07,0.87,0.05
xAPgRA841Ls,중립,0.0,0.01,0.92,0.06
uN1Gg1xafPQ,기쁨,0.44,0.05,0.3,0.2
vkDaJARRulM,분노,0.1,0.48,0.07,0.09
wNGyvDteTTI,,,,,
rn_lobR1KNk,중립,0.02,0.06,0.88,0.01
ATmXxERL2yM,중립,0.0,0.04,0.7,0.19
TqupLvCV2cY,,,,,
T_WRSbTAY90,,,,,
TZTgU7g5Ms4,기쁨,0.94,0.0,0.05,0.01
38Wg3-y2mjs,중립,0.33,0.01,0.6,0.05
Vs_kAL6yLxA,,,,,
6p7ckZdUB8Y,중립,0.33,0.01,0.6,0.05
iKNeCivUCl8,중립,0.33,0.01,0.6,0.05
hdnrcUuV3w4,중립,0.33,0.01,0.6,0.05
wb7bZis2FHA,분노,0.06,0.49,0.01,0.34
z2VckSB7CwY,,,,,
qiPB1CYh088,,,,,
Kunh7N7jWuk,중립,0.08,0.01,0.75,0.14
NDdDqwHsxWg,중립,0.11,0.08,0.74,0.04
cCACcPoqS8c,분노,0.01,0.32,0.16,0.3
dW2dVuQIYoQ,기쁨,0.56,0.05,0.12,0.2
pAAI2WlFmcA,중립,0.05,0.02,0.46,0.1
aa1LFrH4phw,,,,,
3NYPxiDpKtk,,,,,
045RPTggMFc,중립,0.04,0.02,0.77,0.12
AMjVImPUDoY,중립,0.09,0.06,0.8,0.04
-tV947WIYCE,,,,,
8L2kPaqGIFA,,,,,
2Zhx9SVKCV4,,,,,
HalvAe5KOq8,,,,,
JsirPQkaQp4,중립,0.01,0.2,0.72,0.02
JWB7XVho7iY,분노,0.0,0.53,0.25,0.17
7OscwWbPSag,기쁨,0.88,0.01,0.04,0.02
DdLzoYj3uK4,중립,0.03,0.07,0.6,0.2
lpkg0SMBXGc,중립,0.01,0.29,0.36,0.31
iu5VSCaU8MQ,슬픔,0.01,0.07,0.11,0.35
TwH6zVHWrys,분노,0.0,0.5,0.01,0.42
S2Z_1duj_TY,슬픔,0.0,0.08,0.01,0.55
_YtcZeU2mCA,,,,,
ypv6cP9ss58,,,,,
zu854aXvTF8,,,,,
XsZomMYDMAI,,,,,
ZYT_e4GMmUI,,,,,
tzsze5z-UFw,,,,,
A2F_Te4AlQ0,,,,,
o3NvxcUAkwg,,,,,
PuVkZWoRvas,,,,,
DkMHdF960RU,,,,,
PN1S7Yxdjw4,,,,,
FMs1Vhhcjoc,,,,,
6nEB9VwVsh0,,,,,
8QuEWOu6Shs,슬픔,0.01,0.11,0.16,0.41
IMLCqT2y_GU,중립,0.03,0.15,0.61,0.09
MNT934lX5_o,중립,0.1,0.15,0.43,0.14
--U1S7J88cU,놀람,0.01,0.01,0.03,0.02
CTuuTKrLzo8,,,,,
Egy4X48Mz_k,슬픔,0.0,0.14,0.4,0.42
RdyTrsluGjQ,슬픔,0.0,0.07,0.31,0.57
OMllWpi_Hvs,슬픔,0.0,0.01,0.21,0.77
jSV82lUYJEA,,,,,
XzRrKFQ2q1w,슬픔,0.0,0.21,0.17,0.39
2XQ1iKTH8e8,기쁨,0.61,0.06,0.11,0.18
P9G-CD7u9qY,중립,0.05,0.09,0.37,0.35
DAw2Eh7HwMY,,,,,
IbABZCFfYys,,,,,
zqXlX7PIcIs,기쁨,0.79,0.01,0.12,0.06
H2NWaD-zMeI,중립,0.0,0.04,0.55,0.41
3av7iZiCVxE,중립,0.18,0.04,0.29,0.26
VLGugowZ1Ao,,,,,
BbYJth9g9I8,기쁨,0.99,0.0,0.0,0.0
aSX53og16Is,,,,,
dJraArK-EQM,,,,,
q5wJ1IOz_ZY,중립,0.39,0.01,0.48,0.02
YzjGyVOZQIQ,놀람,0.28,0.03,0.29,0.01
qwW9ljxdEUQ,분노,0.03,0.51,0.03,0.2
RebHNKsTHzg,분노,0.03,0.38,0.06,0.36
PSS2aRbxqQw,,,,,
g6v3zDlLCQE,,,,,
Yr8awCuUQ5U,분노,0.23,0.32,0.1,0.1
Fa9qHPQ-fSU,슬픔,0.04,0.19,0.07,0.53
h6K959r3sRg,중립,0.01,0.09,0.44,0.24
-LW3LbAGDNQ,공포,0.0,0.06,0.02,0.02
8GAIz0JQB-g,기쁨,0.44,0.12,0.17,0.17
f5L2E8_dcq0,분노,0.0,0.99,0.0,0.0
3nniET7sxyQ,슬픔,0.02,0.08,0.26,0.59
-GsShTfnPX4,공포,0.0,0.03,0.0,0.0
BcJ5tlox7RA,중립,0.01,0.14,0.62,0.2
w95XgEIoShE,중립,0.02,0.0,0.95,0.02
a36XrvMTiYk,공포,0.15,0.07,0.19,0.26
GelTPMr7iO8,중립,0.04,0.0,0.95,0.0
k1PPKZ3zzmU,기쁨,0.26,0.2,0.13,0.08
849d-Z7NQ5o,중립,0.05,0.0,0.95,0.0
3-aW_BOQhL0,중립,0.19,0.21,0.27,0.09
8NpepDe6j1A,슬픔,0.0,0.05,0.33,0.55
1CxFvuTtc5g,기쁨,0.9,0.0,0.1,0.0
FmBEwcVLAvI,슬픔,0.05,0.0,0.01,0.89
HIQbAHQXl7A,슬픔,0.0,0.03,0.04,0.77
oaUHQ44brjs,,,,,
VfZSU2_I514,슬픔,0.2,0.07,0.13,0.29
WEb3e2CzVNc,중립,0.0,0.01,0.89,0.1
XXulZoHvz0c,,,,,
BWUEXSLBi-4,,,,,
U30u2bdcO5A,분노,0.18,0.46,0.02,0.11
VNYwRyGYYrk,,,,,
akUB16b5jYg,중립,0.0,0.0,0.97,0.02
W5rkjkTrvB4,슬픔,0.0,0.08,0.12,0.79
IY3NaAuVg7g,,,,,
dTsCOh1NHPc,분노,0.05,0.59,0.13,0.12
R-wkZsSmugc,중립,0.26,0.25,0.31,0.14
eLxnhkRZbVc,,,,,
QdiW5KybC34,슬픔,0.0,0.01,0.41,0.58
hECYgjkq32k,슬픔,0.0,0.07,0.01,0.9
ft9RP8tStqs,분노,0.0,0.42,0.17,0.38
yoByAl9zros,슬픔,0.0,0.07,0.0,0.76
f5SCowy6RaQ,슬픔,0.03,0.1,0.08,0.65
oL6297yo5lQ,슬픔,0.1,0.22,0.14,0.29
N96VQkE-PsY,,,,,
bvlFM7fCOQo,슬픔,0.15,0.09,0.08,0.54
CYpJdMB16DY,슬픔,0.01,0.02,0.1,0.78
k7DNiFGPGHw,공포,0.02,0.19,0.09,0.33
u7SeOPOKXRc,,,,,
Wbc0iYOkpy4,기쁨,0.35,0.06,0.13,0.3
2tPCkfC3rUc,슬픔,0.15,0.06,0.15,0.31
xNb3HAmlgeY,,,,,
Fc070mUpmzI,,,,,
e3BQqFebUeA,중립,0.03,0.19,0.51,0.18
3cQa5WUEBH0,중립,0.01,0.1,0.77,0.05
qtZeTEUkx5Y,분노,0.0,0.8,0.16,0.02
ePKrGqmjDQU,중립,0.08,0.21,0.3,0.26
2XJn0wJnA18,기쁨,1.0,0.0,0.0,0.0
_eYR2IilAZk,중립,0.05,0.23,0.44,0.07
UrFSGqOuSPg,기쁨,0.98,0.01,0.0,0.0
70Y6ZqBHGPI,기쁨,0.31,0.06,0.28,0.27
SYkEWLNzjf0,,,,,
EnSdW1V3Msk,,,,,
ePzYhyldeMU,,,,,
UwWECtrEt8Q,중립,0.09,0.01,0.84,0.04
awkFdAz66sA,,,,,
xQP8nXdQyk0,,,,,
6sMAwfv4bOo,중립,0.19,0.2,0.25,0.11
ZcrHNDslxhY,놀람,0.03,0.03,0.04,0.02
jje7Ylzkmq8,기쁨,0.8,0.07,0.03,0.03
sIYso0lb74g,,,,,
7mzhq75GW90,중립,0.01,0.04,0.84,0.04
1v2-nQIfiPA,,,,,
5FCRKAmbZuc,기쁨,0.6,0.08,0.15,0.07
YR2qgWHls0E,기쁨,0.61,0.12,0.14,0.07
-5_QoKdvLbg,중립,0.06,0.2,0.54,0.13
eA50Byk0UWw,중립,0.28,0.01,0.67,0.03
9Zu5fX3Tvlg,기쁨,0.44,0.15,0.11,0.21
51-8L4zBnDI,중립,0.0,0.0,0.94,0.05
ePX6ry4k1Xc,중립,0.07,0.01,0.55,0.36
B2BpkTmC3ZM,중립,0.01,0.04,0.49,0.19
B1qfEM9WAFc,공포,0.02,0.24,0.22,0.21
xdJMgUd3MhI,,,,,
ZUqysNT4N_M,슬픔,0.08,0.02,0.24,0.62
hc-OlJB3KGM,분노,0.01,0.97,0.0,0.01
NuwJL1DmWIc,분노,0.0,0.96,0.0,0.02
wO4fl-5uxao,중립,0.0,0.13,0.68,0.14
B6z5Q0Y8L3E,,,,,
zgVRbP2fi4I,분노,0.0,0.9,0.0,0.02
acUQNRQVGA8,분노,0.0,0.98,0.0,0.01
r68OgkU1eYk,분노,0.0,0.99,0.0,0.0
z8AqEOZY9wY,분노,0.0,0.43,0.39,0.09
i95Tr0sjQN8,분노,0.0,0.98,0.0,0.01
FT2mrxMsS5k,중립,0.01,0.03,0.46,0.3
FAnxU4Nus8o,중립,0.01,0.03,0.84,0.1
UB-5O5Z2kh4,,,,,
CyOI_6LiyAY,중립,0.01,0.15,0.48,0.26
UmheA7KISBU,기쁨,1.0,0.0,0.0,0.0
1Ixh5g-jf1U,분노,0.0,0.5,0.28,0.18
37gfanJ_PsQ,기쁨,1.0,0.0,0.0,0.0
ghzYNo-GuSo,중립,0.0,0.01,0.8,0.01
7o_HwOwgrak,,,,,
d_JSOTkqQbU,,,,,
0Af_c5BGieY,,,,,
Mm9pNFMogi0,,,,,
quYbDhoSlCw,중립,0.04,0.27,0.35,0.16
5kugJQUyORQ,중립,0.08,0.09,0.74,0.06
yWKo9m05Tso,기쁨,0.69,0.0,0.29,0.0
SLkM6hENTnU,기쁨,1.0,0.0,0.0,0.0
Ad1NW9ndn5o,기쁨,0.99,0.0,0.01,0.0
Agg_eLs_M7w,중립,0.05,0.14,0.42,0.13
acT4A2cLiwQ,중립,0.2,0.03,0.62,0.12
kRZvrvK-oyM,중립,0.04,0.16,0.3,0.28
4aWIqjPHdaQ,중립,0.01,0.02,0.91,0.01
Tl6fKa1r6gA,중립,0.03,0.0,0.95,0.01
bymWrpWPE4g,,,,,
Nv_73VJy9s4,,,,,
FqHOh1Rb6C4,중립,0.03,0.01,0.54,0.41
M9YRpAP691w,공포,0.05,0.02,0.01,0.06
9b-S0zBlstc,기쁨,0.85,0.02,0.04,0.08
V0Iof3sI2lU,중립,0.37,0.04,0.39,0.16
QxPu385HQ38,중립,0.0,0.05,0.86,0.08
PPakv4IXYMk,놀람,0.0,0.21,0.25,0.07
NlCCL9YrMzo,놀람,0.0,0.03,0.08,0.09
hQES3BqEUio,중립,0.02,0.03,0.84,0.04
-ccVt52oGQo,중립,0.04,0.02,0.82,0.08
IZu_sTo9I1k,중립,0.01,0.05,0.46,0.2
ZRhi4AKxR1M,중립,0.0,0.02,0.56,0.4
FDnohnhbxVE,중립,0.0,0.02,0.43,0.1
zI6XiY7N9us,놀람,0.0,0.05,0.25,0.09
xlygXNp6URw,슬픔,0.0,0.0,0.43,0.48
Fh8KYVOD0uo,중립,0.2,0.08,0.48,0.21
abC_4Vbid-s,,,,,
Mvi3V__TlnQ,중립,0.03,0.29,0.4,0.1
aaAiXOLS4bQ,중립,0.01,0.19,0.43,0.32
F9IP53I2xok,중립,0.0,0.04,0.48,0.35
E34pFaG-i6Y,,,,,
lJZ37tcbqYo,분노,0.0,0.83,0.01,0.06
QByB2no5Sek,중립,0.0,0.0,0.67,0.28
JH4kZqjc8vM,기쁨,0.47,0.02,0.47,0.03
x_K1NGJwhaQ,기쁨,0.45,0.07,0.38,0.08
Op3x9xWGmPk,중립,0.14,0.15,0.47,0.17
sGISG7TMEjw,,,,,
locYAJLlayU,분노,0.14,0.33,0.2,0.31
QpsXKjts43k,중립,0.05,0.06,0.84,0.05
cHAlS-poBwk,,,,,
-Qv1c-3CGLQ,,,,,
CRcO_IUoioU,기쁨,0.48,0.04,0.22,0.19
BZCHP1X7I7M,중립,0.19,0.09,0.36,0.3
E0_eXcvUIao,기쁨,0.64,0.04,0.14,0.16
S6uULexPAF8,,,,,
M8wjBqsvVvY,기쁨,0.83,0.01,0.03,0.02
Jp3MF32fzyc,,,,,
8BGBPaME1aM,,,,,
u2nV4e7h1z4,,,,,
W9NQ006imjM,,,,,
Xx4VsRdbbxs,,,,,
RXEr8rGGmcM,슬픔,0.0,0.11,0.35,0.39
dSJTclHiOZU,기쁨,0.36,0.19,0.11,0.29
JhX8L27_M3A,슬픔,0.0,0.18,0.36,0.45
fN--tPIEiGw,기쁨,0.99,0.0,0.01,0.0
KuiTpSqif3A,중립,0.05,0.23,0.55,0.1
Pu1Bgx0ek1w,,,,,
AqmtwC0BSfg,,,,,
Ihq0GUMWins,기쁨,0.64,0.02,0.29,0.04
1I7Rf9PspBs,슬픔,0.06,0.15,0.16,0.59
K7k52iXEApU,,,,,
gPivXzoiGHU,,,,,
cmmLusyxHVg,분노,0.01,0.63,0.35,0.01
xA-ePG6WqH4,중립,0.0,0.04,0.89,0.07
hq9bSExIWU4,슬픔,0.12,0.3,0.03,0.51
tRWMz8utY9w,중립,0.06,0.03,0.57,0.3
ZYbJQtknOk0,중립,0.03,0.01,0.84,0.08
EwrhHZQZgYY,중립,0.01,0.11,0.6,0.23
KjU67IP_MPA,기쁨,0.99,0.0,0.01,0.0
t3P8nVqPALc,기쁨,0.96,0.0,0.03,0.0
lm5-QNjFtow,기쁨,1.0,0.0,0.0,0.0
h5XpvToW4N8,분노,0.0,0.52,0.25,0.18
y5q1egTOIb8,기쁨,0.98,0.0,0.01,0.0
Z320bYdFJmY,기쁨,0.33,0.12,0.21,0.3
hoWKIxMlWxk,슬픔,0.02,0.03,0.21,0.64
CysPZKSuiew,,,,,
UICAwnHMI3A,,,,,
PDiVklaCENo,슬픔,0.0,0.01,0.06,0.92
PeRUaTVoTJ4,기쁨,0.6,0.02,0.27,0.1
NfjBAlCAoBg,슬픔,0.05,0.06,0.22,0.6
Bq7cmRAknpY,중립,0.41,0.0,0.53,0.01
oRAyEnlloOA,중립,0.07,0.04,0.77,0.07
vqZdKU0m4pc,중립,0.0,0.1,0.5,0.39
B7RW1TkF8g8,중립,0.4,0.01,0.5,0.01
gsYda4yIAg8,중립,0.23,0.02,0.63,0.03
zrc43dwT1Y4,중립,0.03,0.08,0.47,0.27
8z5gPlIy3j0,슬픔,0.0,0.01,0.15,0.5
AtIfW-5CxGg,,,,,
xP4uvrbpKSg,슬픔,0.01,0.28,0.02,0.5
uZl2OSGNGFQ,슬픔,0.01,0.01,0.16,0.51
U2wAyLCuSPY,중립,0.0,0.23,0.4,0.3
QPiTOhxmt34,,,,,
L1IPPVFnqJ4,공포,0.0,0.01,0.0,0.0
c7i4aEhreQs,슬픔,0.02,0.16,0.1,0.63
H8G5-N6TXWA,중립,0.01,0.01,0.48,0.46
lzgcFYeuc2I,슬픔,0.07,0.03,0.4,0.45
xSDtSj1muuk,슬픔,0.08,0.18,0.24,0.44
fhoc3bsWrY0,중립,0.09,0.19,0.53,0.18
fD74roS4aJw,중립,0.0,0.01,0.9,0.08
qjkosA-wE5w,중립,0.01,0.16,0.56,0.25
xH3geQ4UcNw,중립,0.02,0.35,0.36,0.08
0Khox0YjytU,중립,0.04,0.2,0.66,0.06
aXhMzcb_7DE,중립,0.3,0.01,0.39,0.04
1GQsV7Ml6T8,놀람,0.09,0.12,0.22,0.09
I-AYt3CNIkQ,,,,,
iFEy2mxixjU,중립,0.01,0.01,0.97,0.01
xHDJO5qFccY,,,,,
jymdKzbWCrI,놀람,0.21,0.07,0.05,0.11
TnPCE11WiV8,,,,,
XO1PX4IBjvU,,,,,
VZCyE2VHNAQ,중립,0.21,0.03,0.36,0.07
1ye2svShRSc,공포,0.05,0.03,0.09,0.22
yaUBq8IeEpA,기쁨,0.61,0.01,0.25,0.05
rNmC-Ca5-Rs,기쁨,0.55,0.01,0.14,0.11
yXZvu8HU_4M,슬픔,0.19,0.01,0.16,0.59
SFGfvBL6jUo,기쁨,0.29,0.17,0.18,0.23
6i9F590gZFo,,,,,
FNDNvRUqdBc,,,,,
K9DqdzsjA4A,기쁨,0.9,0.0,0.0,0.0
ntpa1NPBnwg,기쁨,0.94,0.0,0.0,0.0
P4i5-X8s-nw,분노,0.03,0.57,0.04,0.19
Zp1NpUxHlww,기쁨,1.0,0.0,0.0,0.0
6SWKhY1h6VI,기쁨,0.99,0.0,0.0,0.0
TuBoZxHIvrU,기쁨,0.88,0.03,0.06,0.02
_iFIqnN8S0I,기쁨,1.0,0.0,0.0,0.0
zUbV1ZBEwG4,기쁨,0.31,0.25,0.07,0.26
JE9hKoInKQU,기쁨,0.9,0.0,0.1,0.0
I_qkZbMmyJw,중립,0.02,0.02,0.92,0.04
lKBlnfQiO98,,,,,
P3dpoZPfaPw,기쁨,0.99,0.0,0.0,0.0
E9DbMMwiAHU,슬픔,0.01,0.05,0.41,0.5
GhTBnGfdmXU,슬픔,0.01,0.01,0.25,0.53
nsUMn02humo,,,,,
EfQBU7bSv5o,기쁨,0.99,0.0,0.01,0.0
_YMOx3hMTgU,기쁨,0.93,0.01,0.04,0.01
wr3nLH-V_yA,공포,0.0,0.03,0.13,0.09
xldO39ZSyVE,,,,,
nprImqMYPEo,놀람,0.04,0.06,0.16,0.09
48FfaHjWdp8,기쁨,1.0,0.0,0.0,0.0
WLK5i2Wu0go,중립,0.06,0.01,0.8,0.11
iMPYYaLxANE,슬픔,0.01,0.01,0.47,0.47
o_V_UaRzCFg,기쁨,0.92,0.05,0.01,0.01
paY6yrZ6qmo,기쁨,0.97,0.0,0.01,0.02
0BVIqnOal34,놀람,0.0,0.12,0.12,0.01
3Qdto9pVKWw,기쁨,0.99,0.0,0.0,0.0
iGWns0bVUqs,놀람,0.06,0.04,0.02,0.01
6begNsXBDWI,,,,,
l_QnK6U9dZc,기쁨,0.98,0.01,0.0,0.01
eg5oBai_A-Q,슬픔,0.0,0.01,0.0,0.66
eKgMAgkaMo8,분노,0.0,0.87,0.04,0.03
Mt5U4g3uRek,분노,0.0,1.0,0.0,0.0
qo89A-XUmrE,놀람,0.02,0.02,0.04,0.26
xUdvdOGEfR0,슬픔,0.01,0.02,0.0,0.86
DEPyPw7gwas,슬픔,0.0,0.02,0.06,0.83
0n9DB4lqRG8,기쁨,0.44,0.25,0.02,0.14
KO3IXCsvgr8,슬픔,0.0,0.21,0.02,0.67
ujanewV56Qg,슬픔,0.0,0.01,0.33,0.5
fbNoBlKz_0o,,,,,
4iYFnp4sCLQ,중립,0.03,0.06,0.64,0.17
IGc4NrvsDik,중립,0.14,0.02,0.67,0.06
OTbyDnFYwXs,,,,,
houSAtx0rWs,중립,0.04,0.29,0.62,0.01
E5bRe-rng3Y,,,,,
4S141noqeKk,기쁨,0.96,0.0,0.04,0.0
QQAkpfMATto,,,,,
LWoxHINta0E,,,,,
63oBduWCVxM,중립,0.19,0.01,0.53,0.17
U184n5jCPZg,중립,0.13,0.02,0.68,0.11
dfW_GV3AScE,중립,0.07,0.01,0.75,0.15
ZMypfqLo94w,,,,,
ZyGmo8WIB6k,,,,,
UZ8vb9GVdAQ,,,,,
qEaVo0BRZA8,중립,0.17,0.15,0.36,0.22
BVBYlmre1XY,공포,0.23,0.01,0.0,0.04
fjWmvz1pak0,기쁨,0.99,0.01,0.0,0.0
0T5Po6b2TBQ,놀람,0.01,0.03,0.19,0.13
ZNG6dc1r3CA,슬픔,0.0,0.13,0.16,0.54
zkwiRbtiCQw,공포,0.0,0.09,0.03,0.25
NYsFPtIRsgo,분노,0.0,0.98,0.0,0.0
FDITq-gOmG4,기쁨,0.97,0.03,0.0,0.0
bmsPPHu_EqA,,,,,
TgFDGwo5wPc,기쁨,0.99,0.0,0.0,0.0
mw4vgpu8-zQ,,,,,
1BMDixSOyLo,중립,0.02,0.25,0.46,0.16
bfLUL-Q64JI,,,,,
nxR6sQpmoNc,,,,,
Uc-yvtvrmUM,슬픔,0.0,0.03,0.12,0.67
iEd6k6OWmmA,분노,0.05,0.42,0.16,0.24
HIqTgK0Nc40,중립,0.1,0.17,0.36,0.34
Jpe02hFrTyA,중립,0.1,0.01,0.79,0.09
KnZkeweyfH8,슬픔,0.01,0.05,0.13,0.67
wiMfsElB2sY,중립,0.01,0.15,0.6,0.2
NWYFuXqzbkQ,중립,0.0,0.27,0.46,0.19
ZryBbNsDS5s,,,,,
Gy9aJg1uYMI,기쁨,0.99,0.0,0.01,0.0
0d4DBPBuvMI,기쁨,0.73,0.03,0.16,0.06
ynlZHPRMp3M,,,,,
lBl1z0PoCCI,놀람,0.02,0.0,0.06,0.01
DIku6AE3-EE,,,,,
rRTNS8lCf9U,기쁨,1.0,0.0,0.0,0.0
x73KnI9Pt2w,,,,,
go3BXCY-8b0,슬픔,0.02,0.06,0.08,0.68
_STBClJN4SI,,,,,
Si5eSDM31xI,중립,0.05,0.04,0.85,0.03
rvGJVdaoUPQ,,,,,
5OA7rkmWkag,,,,,
4hHmoV77tiM,,,,,
Dr2AuWZ5hro,슬픔,0.13,0.21,0.18,0.25
TL7v1ArlARM,,,,,
_L8QModusl8,,,,,
FgQODYg_wgM,,,,,
tjz0gWcJwhE,,,,,
dI7X8Oajj-Q,,,,,
h0mdOQ0ilNc,슬픔,0.13,0.21,0.18,0.25
IcqtGIdue_M,슬픔,0.08,0.09,0.36,0.38
HGcme8_oA2g,중립,0.4,0.02,0.53,0.04
5t5l4mOiTn4,중립,0.02,0.19,0.37,0.08
03V_v1-4BPw,중립,0.02,0.03,0.57,0.1
nmBBLqgZyJE,중립,0.01,0.17,0.31,0.28
1EtaT0edlPc,공포,0.01,0.11,0.12,0.29
JAslfqIWU_I,슬픔,0.02,0.04,0.31,0.35
d4V5Jesht0c,중립,0.09,0.05,0.52,0.16
YBABLV-NH5c,중립,0.07,0.06,0.33,0.3
MeT_fbBoNpU,중립,0.02,0.06,0.41,0.34
AHFRSp7k78c,분노,0.0,0.53,0.03,0.32
3L9UuZJD3Gs,슬픔,0.0,0.37,0.03,0.49
EpYqJ8nuGCE,슬픔,0.04,0.01,0.11,0.78
w_XLaomfJ8M,슬픔,0.02,0.22,0.1,0.32
eNp_KJX8eOc,기쁨,1.0,0.0,0.0,0.0
z8GRGzC5ooE,,,,,
vhg8k1lexOY,슬픔,0.0,0.02,0.32,0.65
1HCReb4ecso,중립,0.01,0.13,0.69,0.16
h1GdVQuafCk,슬픔,0.03,0.16,0.25,0.41
F5piKX3HPC8,분노,0.04,0.33,0.3,0.14
f0aEr2ykcy8,슬픔,0.08,0.23,0.23,0.37
alA6a__WMF4,,,,,
knLNh7mGLDk,기쁨,0.72,0.06,0.03,0.11
_V0lBFkQww0,,,,,
lZWsCBYwBLo,슬픔,0.09,0.24,0.04,0.5
xuOCpy92LJk,,,,,
GKNV0UX3dIU,,,,,
2haQ0qtAJB8,,,,,
rrQ3rjnfrCg,,,,,
jvMqpBiLWcI,중립,0.11,0.0,0.84,0.01
WAITAAJx-b0,중립,0.01,0.14,0.85,0.0
ODhJWtUXCow,중립,0.0,0.12,0.81,0.04
EdG4lzeECH4,분노,0.0,0.51,0.15,0.16
ckpefZgt_EQ,슬픔,0.0,0.01,0.03,0.9
nUSUUvu47mo,,,,,
4uzN2qlj17c,분노,0.01,0.47,0.12,0.16
DQaWHwRSZy4,슬픔,0.23,0.04,0.13,0.44
_DcTgwa52Qc,분노,0.0,0.53,0.25,0.12
oIQK28hfsGA,,,,,
Iab11RTMizk,슬픔,0.17,0.19,0.1,0.45
NWfCIOGttF4,공포,0.0,0.33,0.09,0.1
Jtf5SIXjqX0,슬픔,0.0,0.03,0.15,0.62
DNUUnXlnAek,놀람,0.07,0.05,0.05,0.01
8VcvdSctMPc,,,,,
lPPlpc_XH_s,슬픔,0.0,0.18,0.33,0.43
kW5x0uq-jhM,분노,0.0,0.82,0.02,0.08
W4nVARFGpaI,중립,0.0,0.05,0.56,0.27
-8NrqM33ypM,기쁨,0.71,0.05,0.17,0.03
K2BgSBLC9iw,,,,,
SOCfYkjTyV0,중립,0.0,0.29,0.4,0.24
l-wkQwlF6vk,기쁨,0.39,0.13,0.09,0.19
PDFraO2ZP_s,공포,0.0,0.01,0.01,0.36
Bzhpt5dbnLY,슬픔,0.0,0.04,0.46,0.46
IJoRW4bum4Q,공포,0.0,0.01,0.01,0.09
rwYwuvYGlPs,분노,0.0,0.99,0.01,0.0
zLjWrH9_Un0,슬픔,0.0,0.1,0.09,0.76
AMBhQVl2Hb4,공포,0.0,0.0,0.0,0.0
VKpBRqbEA_k,공포,0.0,0.06,0.0,0.47
EynbOLEhO10,슬픔,0.0,0.0,0.18,0.76
BeILJ5KDhEE,놀람,0.02,0.07,0.12,0.05
Uowl7ufZZ4E,중립,0.05,0.22,0.59,0.1
xqlqXjycF3I,중립,0.0,0.06,0.83,0.07
6jWxqMrV1-g,중립,0.01,0.0,0.93,0.01
V5rOm6dBfFw,중립,0.05,0.02,0.79,0.05
XwX3Axch7mM,중립,0.04,0.01,0.57,0.15
gHxJUfbawRs,중립,0.03,0.05,0.69,0.17
UB-g4URbt_Y,슬픔,0.08,0.24,0.16,0.31
vNECxnf-230,중립,0.0,0.01,0.91,0.06
Y4XkYAtCyjg,슬픔,0.01,0.01,0.23,0.69
f634_njyW8g,,,,,
u_RRfX0n-L0,,,,,
wjC-qgyOdug,기쁨,0.72,0.01,0.24,0.03
LQOwN0xtm54,슬픔,0.0,0.01,0.41,0.54
7M4YHLP3hEE,기쁨,0.93,0.0,0.06,0.01
vfq2rrSjweU,슬픔,0.0,0.11,0.15,0.36
1v5fA0Ce4Wo,놀람,0.05,0.0,0.12,0.04
Ght1vcCpOFI,기쁨,0.89,0.02,0.08,0.0
YMFyyolOQr8,기쁨,0.76,0.02,0.1,0.07
BDMkfeMRaE8,공포,0.0,0.02,0.0,0.07
QisJWXJuM9U,중립,0.06,0.02,0.6,0.29
K0Bzl9Lopgw,공포,0.04,0.09,0.12,0.19
I7CWaJQobYU,중립,0.0,0.13,0.49,0.27
NS3ujcS_ICI,중립,0.0,0.2,0.58,0.18
vOyWld8EUXE,놀람,0.01,0.0,0.02,0.1
W51kUy5AgRU,중립,0.0,0.03,0.75,0.2
r7htT8KbtWI,슬픔,0.01,0.08,0.15,0.42
5bciKMcAvTk,슬픔,0.04,0.13,0.12,0.66
P4TZtQ2-M9o,분노,0.1,0.5,0.15,0.2
ya3qJa_8Scw,중립,0.04,0.41,0.48,0.06
JfSl7fiDd5s,놀람,0.0,0.21,0.08,0.24
X18gqFeeOGg,기쁨,0.35,0.05,0.17,0.06
4wubneGCvS8,슬픔,0.02,0.05,0.03,0.83
5BmKjHS6xZk,,,,,
R8D7PbXDkdo,,,,,
pF2S1vQQq5g,,,,,
tYhJzB4zuig,,,,,
VETk_E8vBME,,,,,
uUiTojUSzJU,,,,,
h0dJxsz5PkU,,,,,
V5a2gfaIwKM,,,,,
4_QsPPh8mkc,,,,,
_Al57VY9UBg,,,,,
nv2dXz7_CqE,,,,,
X3ubQGGSEqM,,,,,
_b2G7kIi_dw,공포,0.0,0.15,0.0,0.16
cyQt-zbIp-I,중립,0.0,0.01,0.95,0.02
RZt5asDE2Vc,중립,0.0,0.13,0.55,0.27
6ap784z3-wE,분노,0.01,0.45,0.17,0.13
6qA-AIg5zyg,기쁨,1.0,0.0,0.0,0.0
r2OlJTSVJC8,중립,0.03,0.06,0.67,0.19
0D2cBT50ZFc,중립,0.0,0.02,0.5,0.45
B_DDLWQf-MU,중립,0.01,0.16,0.68,0.08
POg-bktsUqY,슬픔,0.01,0.23,0.07,0.37
RBNSG9qbEKA,중립,0.01,0.23,0.4,0.32
DshZaLf0qSk,슬픔,0.06,0.04,0.42,0.47
CuNzatJzR64,,,,,
VG1hn--JEZQ,,,,,
TufOyFnlSKE,중립,0.0,0.24,0.47,0.28
M6iRJagbPG4,,,,,
2FKiwPPK36M,슬픔,0.02,0.21,0.3,0.32
euQ0PbveD7U,중립,0.01,0.01,0.9,0.0
mQNV59ZuaY0,놀람,0.0,0.01,0.03,0.02
q0N4ErAti0k,중립,0.01,0.03,0.85,0.1
VGlLlknVqGU,중립,0.03,0.04,0.86,0.04
3hWNTlNGlb8,놀람,0.0,0.02,0.28,0.07
fOo-SmmE0V0,중립,0.0,0.01,0.89,0.08
JF0HUwtO7O4,중립,0.01,0.01,0.7,0.08
efuu3aX0m3E,중립,0.01,0.03,0.78,0.16
4srq487ZdFA,중립,0.0,0.0,0.89,0.05
jn0Y7kxG7HQ,중립,0.0,0.01,0.83,0.07
ba8l9f8p0HU,중립,0.0,0.01,0.92,0.02
F5wrHFuLaoM,중립,0.05,0.11,0.38,0.08
7K-Ce0Ser7c,중립,0.03,0.17,0.46,0.11
OUKo9oeLRkU,분노,0.16,0.54,0.15,0.12
6M8ghq7lL1A,분노,0.19,0.47,0.09,0.14
ukZw79qUMno,,,,,
-w_Ad72Lm4w,,,,,
CqdC3L5O9Wo,,,,,
CFzX8vBTZXY,,,,,
L4OfYGUYMHU,,,,,
MRrucw3VUYA,,,,,
P5Qc9EhGq68,,,,,
AqefrprBYPw,분노,0.0,0.68,0.25,0.07
ias0IzrzFks,,,,,
9hiZ5CwLtkI,슬픔,0.01,0.35,0.1,0.45
HPTAudsV1YE,,,,,
DA_MSaeJkFw,기쁨,0.89,0.04,0.02,0.04
vbN3lI2oSt8,분노,0.01,0.37,0.17,0.36
21pgkXwVjzs,중립,0.01,0.01,0.91,0.04
p26rEyBefvU,분노,0.12,0.37,0.26,0.21
gseG33XCn1E,분노,0.0,0.59,0.15,0.08
yZIXF6H3i8I,,,,,
THTVfd9EO2k,,,,,
vG-SpD1W768,,,,,
Va5FaRAMZ8s,,,,,
1ZKxtkRgxpA,,,,,
YGdX9KZqM2s,중립,0.08,0.08,0.34,0.21
lR5lIqvPknY,중립,0.02,0.1,0.53,0.31
GyPqbAV9Gi8,,,,,
zq9kyCoMHwk,슬픔,0.06,0.22,0.3,0.32
nYqFYfYjdRU,기쁨,1.0,0.0,0.0,0.0
5NkSbzul_wM,중립,0.03,0.11,0.47,0.14
ZMmhvs-y1Cg,,,,,
FSJLYZILbsI,분노,0.01,0.68,0.0,0.11
448R17M69Ic,분노,0.0,0.94,0.01,0.02
OBcEQQaznPU,기쁨,0.53,0.16,0.02,0.01
_Tb3ltwJ3-M,,,,,
v-5DneRR16c,슬픔,0.26,0.14,0.02,0.53
i139UIdpU4k,기쁨,0.45,0.23,0.14,0.14
YFnOdMRKIfw,분노,0.18,0.59,0.01,0.06
dB2M_gVrs98,,,,,
l7-mTKqDx3Q,,,,,
pQ7GlFXXOlY,슬픔,0.09,0.01,0.05,0.45
eKkO9UZ_LAY,슬픔,0.17,0.24,0.1,0.38
R-dwIr8ZdCQ,,,,,
T2w7EOCXUOg,분노,0.2,0.34,0.1,0.31
ZN0s4Gaw6eA,슬픔,0.02,0.1,0.04,0.44
JhVHRqKucR0,분노,0.03,0.51,0.03,0.28
DqHN3wBakeI,,,,,
Yyjkx4erUpA,중립,0.12,0.04,0.34,0.32
PU5UJ5Vugrw,놀람,0.0,0.03,0.13,0.23
pho6lHR0z0A,,,,,
sLeyvQfwnH0,,,,,
xv52A3zRNaM,분노,0.02,0.45,0.06,0.32
wrhIHAe8-4Q,중립,0.0,0.06,0.83,0.1
vMEEJn1cnt0,중립,0.12,0.06,0.77,0.03
k_0Rb05eIy8,중립,0.0,0.01,0.97,0.02
SEHc8lZoJOE,분노,0.24,0.36,0.09,0.1
tTfIkMfBqn0,분노,0.04,0.48,0.08,0.31
G_iH7Sq_mao,중립,0.04,0.1,0.38,0.32
_BHiZWXYoxA,,,,,
lNSuujCOApE,기쁨,0.84,0.0,0.02,0.0
2oUuDVdeBWM,기쁨,1.0,0.0,0.0,0.0
sNT05DwdluU,,,,,
2Zu6t7ZJIa4,기쁨,0.78,0.0,0.21,0.0
7SzjZRonBEM,,,,,
LJF3gZAZ2-g,분노,0.0,0.37,0.18,0.3
M-FrOedsXig,기쁨,1.0,0.0,0.0,0.0
L_sGsFgql00,기쁨,0.99,0.0,0.0,0.0
UtKfdmFWqmA,분노,0.0,1.0,0.0,0.0
rXKYrO79OlI,중립,0.09,0.05,0.71,0.04
KqouwyXsW6A,중립,0.16,0.22,0.53,0.08
l9tkYDmrGLk,슬픔,0.0,0.07,0.0,0.7
Zc79mylwcd4,중립,0.01,0.04,0.68,0.1
_ZYz6GhCyMQ,기쁨,0.99,0.0,0.01,0.0
otXX1qK8mlI,슬픔,0.03,0.18,0.2,0.38
uDTGbYM91KI,중립,0.0,0.01,0.55,0.43
liwVXKAaRak,중립,0.07,0.0,0.82,0.1
r5alH4WWf2g,중립,0.0,0.01,0.97,0.02
wW51pVAPXA4,중립,0.0,0.0,0.71,0.26
PMJIgaPoo00,중립,0.0,0.23,0.56,0.13
RfldWQ7FpAw,중립,0.0,0.03,0.85,0.09
lHcKfm3HRAY,공포,0.15,0.15,0.27,0.06
wak2ocghk5o,중립,0.0,0.1,0.51,0.37
tRppzn3dtK4,중립,0.06,0.11,0.72,0.1
mrFgT4Kp7s4,슬픔,0.0,0.02,0.17,0.47
sNu5BguHh7o,중립,0.1,0.02,0.41,0.17
yg0DSTet2As,중립,0.01,0.05,0.72,0.15
2Ol6X7rRhMM,슬픔,0.03,0.04,0.04,0.54
pD3_A2bRziU,기쁨,0.53,0.0,0.46,0.0
eohT5z11p8Q,중립,0.01,0.14,0.38,0.11
45Vj_T19mBc,중립,0.05,0.12,0.48,0.07
ENS0Q6vec9s,기쁨,0.49,0.06,0.27,0.04
rD2IgMjuLzg,슬픔,0.03,0.02,0.17,0.57
4dZULX05x0Y,,,,,
md-jLNnAbrw,기쁨,0.73,0.01,0.24,0.01
YdlR0sMY36Q,기쁨,0.9,0.0,0.08,0.01
RearCtU611o,슬픔,0.0,0.27,0.21,0.39
Kw7Y5DV1GCE,,,,,
w0hH4VNR_Tw,,,,,
TCjZU3d_kQs,,,,,
rA-rQwLJG4I,놀람,0.26,0.03,0.09,0.02
11fHmB9-8Y4,,,,,
DTiAS9oSc_w,슬픔,0.0,0.03,0.09,0.67
X2T58_D_Gqs,중립,0.1,0.04,0.36,0.22
WYbTJNPr3V4,중립,0.01,0.1,0.56,0.23
aUWJl9nwhSI,슬픔,0.05,0.02,0.03,0.86
23BwOdfaIwo,중립,0.02,0.11,0.51,0.14
33NyyDF0bCg,기쁨,0.98,0.0,0.0,0.02
ZU11Xcp8Ndo,중립,0.01,0.1,0.33,0.26
uSZXzuS4RkE,기쁨,1.0,0.0,0.0,0.0
FtaH20y0LBQ,슬픔,0.0,0.17,0.11,0.63
dpdAA3IvlrM,슬픔,0.17,0.28,0.05,0.44
4WvVHQ980DM,기쁨,0.95,0.0,0.05,0.0
U8PSy-9e_ug,기쁨,0.95,0.0,0.04,0.0
V5Rmp3JNJZc,기쁨,0.94,0.0,0.06,0.0
cgoeZJo1YYg,,,,,
5G2_B4DnX9c,기쁨,0.99,0.0,0.01,0.0
M1a6OusaUcQ,기쁨,0.88,0.06,0.03,0.02
5CL-FbES6zI,분노,0.05,0.67,0.08,0.18
7v57YaXMPdk,분노,0.0,0.54,0.04,0.25
W7Jp0PwoaEo,분노,0.0,0.57,0.0,0.0
bwf0vKhFz1c,중립,0.01,0.2,0.5,0.2
zqnsZnLG74M,공포,0.01,0.23,0.0,0.08
_1lopl8lPO0,기쁨,0.77,0.22,0.0,0.0
MlPQ-qx1TX4,분노,0.34,0.37,0.0,0.04
YeKsauAWheY,놀람,0.0,0.0,0.0,0.15
Q3Qtq8p120I,공포,0.01,0.01,0.02,0.2
R6jLRyQ5pbg,중립,0.01,0.1,0.66,0.22
g4IX-7BUaXo,공포,0.0,0.08,0.02,0.02
YF1pYvsB_wU,기쁨,0.86,0.0,0.01,0.0
taT4x7o5TUc,중립,0.0,0.02,0.94,0.03
kUrLDZ_mj-0,중립,0.03,0.07,0.85,0.04
SZJCd9h0R6Q,중립,0.0,0.1,0.72,0.18
ZlPIKNGFkaM,슬픔,0.0,0.06,0.35,0.37
PW4KMuBXGH0,슬픔,0.0,0.05,0.44,0.48
zFEBRE25QKk,놀람,0.02,0.09,0.09,0.19
e8su8Ko_ZDE,놀람,0.01,0.07,0.05,0.13
qnrXGgiJFIg,중립,0.01,0.12,0.53,0.34
2tZ8Zzf2t5g,중립,0.02,0.12,0.72,0.12
mOP5Uc8X87o,슬픔,0.0,0.06,0.39,0.54
ZJcFLngixUw,슬픔,0.0,0.15,0.31,0.5
Q3HMPOyA4OE,중립,0.05,0.13,0.49,0.31
4lJ6R5vs5sY,,,,,
noMw5MBeC1Q,,,,,
k4XfX9LTf1g,기쁨,0.56,0.07,0.17,0.03
olxk9d9AIkw,,,,,
GFcqLl6bIhU,공포,0.1,0.06,0.23,0.24
pwBDoNOmHVs,중립,0.05,0.11,0.51,0.29
Gg6cMAuiqV4,,,,,
ZKZNK-9J0Ys,기쁨,0.84,0.06,0.06,0.02
oxYYcrYFRnE,기쁨,0.84,0.06,0.06,0.02
iv1sGiKPywY,기쁨,0.84,0.06,0.06,0.02
TRUmVGNVfsc,기쁨,0.84,0.06,0.06,0.02
fmOBD07r_Uw,슬픔,0.05,0.02,0.0,0.63
HdD5Aphep9Y,기쁨,0.52,0.01,0.47,0.0
sl5Fk84R53s,분노,0.0,0.96,0.01,0.02
rH8JCQPWMS4,분노,0.0,0.93,0.01,0.02
tTC5M74nAxY,중립,0.01,0.01,0.97,0.01
BNMQJoZcXec,기쁨,0.97,0.0,0.02,0.0
DazkcoYXGQo,기쁨,0.99,0.0,0.01,0.0
S9p8ZBEqmtU,기쁨,0.97,0.0,0.02,0.0
r6xlDKMj0fQ,중립,0.01,0.03,0.91,0.04
PE2X8IOjzbk,기쁨,1.0,0.0,0.0,0.0
zNaPmiaetIE,중립,0.0,0.02,0.82,0.13
gb9oJI3FdQw,분노,0.0,0.82,0.09,0.06
YjF4uT9AZH0,기쁨,1.0,0.0,0.0,0.0
EmRjBDOMIzI,기쁨,1.0,0.0,0.0,0.0
BM0dXkN9FSw,기쁨,1.0,0.0,0.0,0.0
z7ZWU1-PHJE,기쁨,1.0,0.0,0.0,0.0
Ah9tjzbE534,기쁨,0.91,0.07,0.0,0.0
J1BSU-_G5ac,슬픔,0.0,0.01,0.4,0.42
tFDGBRW2-kA,중립,0.03,0.01,0.78,0.06
etS_iukmp74,중립,0.02,0.02,0.76,0.17
_SOl97Dvxdk,중립,0.02,0.02,0.67,0.26
2JTU6KdTA_M,중립,0.0,0.0,0.82,0.1
nz6VKTt6mPE,중립,0.04,0.01,0.58,0.16
wK1xEsfI-CU,중립,0.03,0.0,0.49,0.06
gIJ_eDQookw,중립,0.02,0.0,0.72,0.07
dngP0N_PkVw,중립,0.01,0.01,0.68,0.17
Ds6lmVc0mPw,분노,0.01,0.73,0.0,0.08
gqK6iSrXnW4,중립,0.01,0.01,0.72,0.11
0cdbD0EMoy4,,,,,
z2zQK5Szr_o,,,,,
l4Ufd5uK5WM,,,,,
EqEtQGa9wHI,슬픔,0.13,0.02,0.18,0.58
_G8v1Ywd4g8,중립,0.18,0.04,0.31,0.06
KKWs9i26LdU,슬픔,0.01,0.08,0.07,0.75
KIOf2KcnIgc,공포,0.01,0.05,0.05,0.1
MFu5PLOAzWk,기쁨,0.86,0.0,0.11,0.01
CCt_0EoVR9Q,,,,,
cz0P6kuDOb8,중립,0.04,0.01,0.91,0.03
v8QF_OJxlF4,슬픔,0.01,0.04,0.09,0.75
Y1jJyHLGf3I,공포,0.0,0.06,0.25,0.21
LQk45_297ek,중립,0.01,0.07,0.89,0.03
u-_Wj6KnX80,놀람,0.02,0.02,0.07,0.01
efulKG-2WHU,,,,,
Efi6sPCUMrQ,,,,,
6BvgsZt2ljI,,,,,
78U5qXmj2Xs,,,,,
oe1YEMo1dUs,,,,,
Qiuwk5TDUlQ,분노,0.1,0.73,0.06,0.06
soYyt_y2i5o,공포,0.0,0.0,0.0,0.0
hyLKlLzSjVc,,,,,
TaOCFY3GVQk,슬픔,0.17,0.34,0.04,0.39
RQoykoJRVUI,공포,0.01,0.33,0.01,0.1
pAxtupaRmVc,슬픔,0.0,0.0,0.0,0.96
IKcZpv6lfIA,공포,0.03,0.17,0.01,0.06
4IHvIif_uE8,공포,0.01,0.05,0.04,0.36
fu6vlY96yZA,슬픔,0.11,0.12,0.03,0.6
Lv-UShGHHn4,,,,,
7M1Q9GMMrUQ,중립,0.06,0.06,0.44,0.35
LEULDcIxn4U,슬픔,0.01,0.07,0.25,0.44
rS4quoKLBjg,중립,0.06,0.06,0.44,0.35
rgYzt8fUDY4,분노,0.21,0.24,0.18,0.09
bqCldLszUFI,,,,,
87INUP8LGSA,분노,0.22,0.27,0.15,0.08
7vLlh_CHRaU,,,,,
mh-JTlD5_5A,,,,,
gtMoiKxZ-FM,,,,,
6iL96LtvgLM,분노,0.04,0.62,0.0,0.02
h74SIZ8mmCE,공포,0.02,0.33,0.05,0.19
AXCclBUt43I,놀람,0.01,0.02,0.1,0.08
8VgtDGp9D0E,,,,,
lJaU-ShLbdI,,,,,
PpSJzIeaap0,중립,0.36,0.01,0.6,0.02
4_lu2G99e4Q,기쁨,0.9,0.1,0.0,0.0
db4mKnWrzoo,중립,0.28,0.01,0.59,0.09
qnYdrvQqBQ0,중립,0.03,0.03,0.89,0.02
Wm-713-SFyI,슬픔,0.01,0.02,0.16,0.7
01g3wm7d_0U,,,,,
q67Q63Vynig,,,,,
odw1xv5HbVk,슬픔,0.01,0.21,0.2,0.35
D210EzqZARQ,중립,0.0,0.01,0.7,0.17
m6RlxWFFoEc,,,,,
sffdXCqTyiU,,,,,
TQyGwJvJbxU,,,,,
z1grZ4Ay8r4,,,,,
RXs4xhSzsEs,중립,0.01,0.14,0.75,0.09
MkpR5REsStE,분노,0.33,0.4,0.15,0.09
Bq7N0bPf7tM,분노,0.0,0.95,0.0,0.01
YwV8r3LnFcs,,,,,
2OZQo9rV0Qk,기쁨,0.5,0.05,0.31,0.1
BzzX5OIifh4,기쁨,0.63,0.0,0.11,0.04
9f7MjJfYx0k,공포,0.0,0.31,0.11,0.1
HimzxwH2D5M,,,,,
Q-AFSG0szOM,분노,0.06,0.5,0.32,0.02
3Nc3aY7ke44,중립,0.38,0.0,0.61,0.0
Z06jbQW6C38,분노,0.03,0.81,0.02,0.01
BFUNVI0pOtw,,,,,
98Kfx2ddFhI,중립,0.08,0.3,0.42,0.19
UmVdR9oHCEg,중립,0.25,0.08,0.47,0.16
gOpPWK5kLjE,기쁨,0.81,0.01,0.16,0.01
xYo4JzmQyVg,분노,0.0,0.86,0.0,0.04
cEVGMC_O7Rc,기쁨,0.92,0.01,0.07,0.01
ydBuJnyMa04,기쁨,0.34,0.02,0.33,0.21
16CCPcb3cUM,놀람,0.01,0.03,0.01,0.02
QAN2U42N8co,슬픔,0.21,0.1,0.12,0.35
lgnwTBO4EWs,슬픔,0.04,0.09,0.22,0.32
Ul14Xa9rX9Y,공포,0.01,0.09,0.0,0.15
3g8gn7y5AwY,기쁨,0.94,0.01,0.03,0.01
K2_a0S1DYNE,슬픔,0.0,0.21,0.24,0.29
HY7TFGO-4PQ,슬픔,0.01,0.2,0.2,0.57
Dvt91Mcec9Q,놀람,0.17,0.01,0.16,0.09
qLtHlrWvCfc,기쁨,0.3,0.22,0.03,0.3
y8HelOiCUMM,,,,,
mt8ZACxHqhA,,,,,
B_QGxD3Iu4Y,,,,,
tqTgcDuTeIg,중립,0.01,0.28,0.39,0.12
4rL1yMOi5io,,,,,
sriF_uMnKD0,기쁨,0.97,0.0,0.02,0.0
AbRPQ_mbJho,슬픔,0.32,0.13,0.04,0.47
sxVjSkbPips,분노,0.04,0.81,0.0,0.02
L3d65lz7NOs,기쁨,0.66,0.15,0.04,0.12
-d1Y8HXByz0,기쁨,0.85,0.0,0.13,0.01
AtuSRbce32k,,,,,
NzFQ2KJ0PgI,,,,,
W5ByBeh6Cng,,,,,
lwAJqDqJfGI,,,,,
XCtHwGECWOQ,,,,,
KDvbkQhHFoA,,,,,
l7HdCjHlAcQ,,,,,
Ek7MmeTMYb8,,,,,
_r6X-820Z0Q,,,,,
bmCxlnIri8o,,,,,
l2Rqx54UXdU,기쁨,0.98,0.0,0.02,0.01
5c1WcisHwkM,기쁨,0.98,0.0,0.02,0.0
Ce2-wJL32rk,기쁨,0.99,0.0,0.01,0.0
a7gzOd8sFAw,슬픔,0.01,0.02,0.14,0.4
eBC9sJ8QHgY,분노,0.01,0.86,0.02,0.04
CawwastVpiI,분노,0.0,0.73,0.18,0.05
TCBkvWBfvA0,,,,,
paR3B1Gk2tI,슬픔,0.0,0.0,0.01,0.98
oNiYoJTl57g,중립,0.0,0.22,0.65,0.06
P0e364Q4OJE,분노,0.0,0.91,0.01,0.05
i_YeJN5e7WI,기쁨,0.98,0.0,0.02,0.0
lI447l3Ixo8,기쁨,0.98,0.0,0.01,0.0
_Zn2P1EI1Tc,기쁨,0.51,0.0,0.48,0.0
g1jL2zqvKro,,,,,
F44_TKFLEtA,슬픔,0.01,0.28,0.24,0.34
y4akv2PJ8eg,,,,,
_FbBEuDL-Do,슬픔,0.01,0.17,0.33,0.44
SgdKQB1OGms,분노,0.01,0.35,0.29,0.17
hTR2vF6xlXw,중립,0.01,0.15,0.77,0.05
bXN0nndoRv0,중립,0.04,0.1,0.41,0.11
NQgqY5WoPZ0,,,,,
UdiSzMnV_Yo,,,,,
lvOvVzYhFSQ,,,,,
fCqOpnI3Flc,분노,0.0,0.75,0.01,0.02
AADbsv5JkCY,,,,,
rmNs1ORt57w,중립,0.0,0.11,0.73,0.11
8hV5JhTspjI,중립,0.02,0.1,0.52,0.31
nQOsRsm6zA0,공포,0.0,0.04,0.0,0.0
1Q1iV-I3tA8,,,,,
VXE9A3F69LM,,,,,
WusJWWhoMIA,중립,0.28,0.03,0.57,0.05
blBbqYTUxJQ,기쁨,0.98,0.01,0.0,0.0
XzwBo4Ob5CQ,공포,0.02,0.02,0.01,0.24
9Ci-002zRj8,중립,0.07,0.23,0.36,0.21
AURBQ5AJkcg,분노,0.02,0.48,0.08,0.23
viAyftbTWLw,중립,0.03,0.09,0.38,0.22
xw1L1EhkUVQ,분노,0.13,0.38,0.2,0.15
jvxQjYx9wWU,슬픔,0.12,0.05,0.23,0.42
HJu8hMwNXzc,슬픔,0.03,0.1,0.18,0.63
LNNZvo9kqMA,기쁨,0.84,0.0,0.14,0.01
D0IWsKorKvY,기쁨,0.88,0.0,0.02,0.03
eMnZElPHU-g,기쁨,0.46,0.24,0.2,0.09
dABrRG-lO98,슬픔,0.03,0.12,0.07,0.36
MB97E8kmotE,분노,0.01,0.74,0.04,0.1
AtgXgiC7IKE,중립,0.0,0.02,0.48,0.41
WXGKHOsYpBI,중립,0.02,0.08,0.78,0.07
t_eNBGHEcBA,중립,0.38,0.03,0.49,0.1
NBWXsi_hR68,중립,0.01,0.01,0.91,0.06
628sLSeelYM,,,,,
810j4iwiYX8,기쁨,0.37,0.19,0.09,0.25
czvRx1Jdf6E,,,,,
nmwQiKMN4Yo,분노,0.0,0.98,0.0,0.0
dBT3C74zpGE,,,,,
sDeaf_Cpxns,공포,0.0,0.0,0.08,0.1
wnKA5iaj7jA,중립,0.0,0.05,0.66,0.22
nefpRiEDXkU,,,,,
Mj3rooC4Ibk,공포,0.0,0.16,0.22,0.25
XhAx26v75R0,,,,,
GxgFUYiFQ44,,,,,
Nj8HqXzUN6o,슬픔,0.06,0.11,0.27,0.36
asB9qRXbZo0,분노,0.0,0.59,0.12,0.03
Yg5ZtUGvrLA,기쁨,0.37,0.03,0.21,0.01
Dkj0FaOHxfo,중립,0.0,0.19,0.68,0.11
74q0Jixa5DM,슬픔,0.0,0.07,0.41,0.45
bYjC-PekGh4,중립,0.18,0.05,0.49,0.23
cA6k0Ko3MjU,중립,0.03,0.04,0.6,0.15
1ZJqXCWqIvI,,,,,
9v4ob7Mvi0U,중립,0.22,0.02,0.68,0.06
d11Uh4UYXEQ,슬픔,0.0,0.05,0.11,0.7
wZJ84e26d7c,슬픔,0.01,0.01,0.13,0.33
eH0P05i2x8E,중립,0.09,0.03,0.46,0.25
iVgJjOFhEj8,중립,0.01,0.01,0.97,0.0
k0CM299X2PI,기쁨,0.35,0.17,0.25,0.05
KXwqhEfVpWk,기쁨,0.65,0.08,0.09,0.09
gPp7ISh4waY,중립,0.01,0.0,0.55,0.41
kEHzksgLjE8,슬픔,0.15,0.23,0.24,0.32
Bp9robemiew,중립,0.01,0.07,0.38,0.03
01YFfoUHZSE,기쁨,0.45,0.06,0.01,0.09
FfFr3GqRGNE,공포,0.02,0.31,0.09,0.18
q0SNRN9wvrI,,,,,
2Sv2GWvLZ48,분노,0.11,0.61,0.18,0.04
nIVLyn1osRw,기쁨,0.61,0.03,0.02,0.08
dwlwq5KxRo0,중립,0.0,0.04,0.56,0.39
WT79nXrgg64,슬픔,0.0,0.02,0.04,0.9
qe3jhTh-bA8,공포,0.0,0.1,0.02,0.27
iQOx3R0S_K8,중립,0.0,0.01,0.83,0.09
q94vbWDXs5I,분노,0.02,0.86,0.0,0.0
18yf_WJjpoU,공포,0.01,0.18,0.01,0.08
wSq5mU_Jw1w,공포,0.27,0.22,0.02,0.04
jqmg_i0oJPE,기쁨,0.45,0.08,0.02,0.01
FCH10q48YL0,중립,0.11,0.23,0.31,0.08
vqDjnsODYDk,공포,0.0,0.28,0.07,0.02
EDrnUKsJmXk,슬픔,0.02,0.34,0.07,0.44
n2YvCKdXVIA,분노,0.0,0.74,0.02,0.16
sOv-ffWZ5-k,분노,0.0,0.85,0.0,0.02
g8LKnP8sv-8,기쁨,0.86,0.08,0.05,0.01
0cUp77Yzbbs,공포,0.0,0.09,0.2,0.25
nZYcsSY85d0,공포,0.13,0.16,0.01,0.01
STBN96UpnSY,분노,0.24,0.46,0.29,0.0
umtKy34kIeM,슬픔,0.0,0.04,0.0,0.9
5-LpxwO7Qg8,기쁨,0.61,0.02,0.33,0.03
Ed0wxNnwTC0,기쁨,0.47,0.36,0.08,0.04
4FA92hidywE,중립,0.0,0.0,0.97,0.03
-34ZThXoWxQ,중립,0.0,0.01,0.78,0.1
stkBs1g3y6g,기쁨,1.0,0.0,0.0,0.0
u6eLNNeMZsE,기쁨,0.51,0.11,0.3,0.02
LWVp0RMj-Q8,중립,0.06,0.2,0.55,0.13
-Z13YhNSkqk,분노,0.02,0.37,0.22,0.26
yr_6_VXtkEw,슬픔,0.01,0.06,0.1,0.82
7nyPoksuuyA,슬픔,0.04,0.07,0.24,0.33
kasXQqWsbq4,중립,0.0,0.02,0.96,0.02
10RJSpLJsuw,,,,,
I6BZEtmQajk,분노,0.25,0.42,0.3,0.02
xm9U8Iq5X5g,공포,0.0,0.22,0.21,0.18
VeDpC8eJYbE,슬픔,0.01,0.01,0.12,0.83
QVhoBMJbev4,중립,0.01,0.05,0.77,0.13
NPLWWBU4Hj4,,,,,
6mxcZ6C6A20,중립,0.1,0.32,0.42,0.06
wSNnQxOfJGw,,,,,
OoLie--L6vY,,,,,
2WD2WaLyk4Q,중립,0.17,0.16,0.42,0.19
2CmT-dx6TZs,중립,0.17,0.16,0.42,0.19
3qKGTWFfDsM,중립,0.17,0.16,0.42,0.19
bHFXprLGJDE,,,,,
9zhwRqTBjrA,놀람,0.07,0.03,0.05,0.03
Tr1HygI-Q2w,놀람,0.03,0.01,0.04,0.04
Xy9Ad2JlLr4,놀람,0.05,0.04,0.2,0.04
LByI-DOTbl0,놀람,0.02,0.05,0.01,0.03
Fqg2AUC7lfg,,,,,
H2I9DB9MeoY,기쁨,0.65,0.01,0.04,0.01
rmJvLQyghL0,기쁨,0.65,0.01,0.04,0.01
NNelxlW7nzc,기쁨,0.65,0.01,0.04,0.01
s4vGu_dpa_M,중립,0.0,0.07,0.47,0.29
u_IUgkQdvVE,,,,,
819GY4Y8VuQ,,,,,
UxgygBC3VZw,,,,,
CCpVq0NGPjY,,,,,
xFSltiTQNgk,기쁨,0.99,0.0,0.0,0.0
Q9fMJlssPKY,기쁨,0.99,0.0,0.0,0.0
yyGIimACsVo,,,,,
Kr0bHmuEdao,,,,,
j127IIFXWvs,기쁨,0.99,0.0,0.0,0.0
8oPfI3w7syQ,슬픔,0.01,0.01,0.13,0.51
9ZVHdPQWCyA,기쁨,0.41,0.33,0.05,0.08
1zeRQHQhwHo,슬픔,0.09,0.1,0.23,0.38
dXqe7CMTDEc,슬픔,0.0,0.14,0.15,0.44
OUncrP54WoU,중립,0.11,0.04,0.62,0.04
iQdOag7LGsQ,슬픔,0.06,0.12,0.17,0.46
h9nQKu_MsjY,분노,0.01,0.32,0.14,0.3
Ypi94FMlGKU,슬픔,0.0,0.03,0.18,0.5
u9ugD2Cptjs,기쁨,0.37,0.09,0.35,0.16
92XNcD3M3eU,,,,,
v0mhFX2UbeI,분노,0.02,0.55,0.21,0.05
Qv4GkPLsinc,중립,0.0,0.0,0.9,0.02
2WFOQNIMEQI,분노,0.05,0.36,0.24,0.22
i81PMZgG7Es,중립,0.0,0.0,0.96,0.02
6DShmNUeYXI,기쁨,1.0,0.0,0.0,0.0
eh5fRHr-ULk,중립,0.0,0.01,0.92,0.06
6jL-rjAMpIc,중립,0.0,0.0,0.95,0.02
t6V2mfi2B-s,중립,0.0,0.0,0.98,0.01
-hbS8A0zyK8,중립,0.06,0.02,0.84,0.05
NV4IZVI_Jg0,슬픔,0.01,0.1,0.01,0.81
X1G-qMcl8m4,기쁨,0.35,0.09,0.15,0.18
4_mdvW3M6IA,기쁨,0.95,0.0,0.01,0.02
PUFr29Jedas,기쁨,0.65,0.0,0.09,0.16
TtHhEC9qDnU,슬픔,0.09,0.06,0.11,0.49
naTnzCJVc38,기쁨,0.52,0.02,0.15,0.17
jn75slQM240,슬픔,0.12,0.02,0.03,0.47
EH-KffQBTN0,중립,0.0,0.02,0.56,0.15
A3SwFv_vdTE,놀람,0.05,0.06,0.17,0.18
qyNzz85XHd8,슬픔,0.0,0.02,0.4,0.44
GvjWP3NHkIQ,공포,0.09,0.06,0.04,0.3
ywMXVXYZfqw,중립,0.05,0.09,0.74,0.08
iG4h62Ha0No,중립,0.0,0.09,0.36,0.19
Eos8KaAdYr0,공포,0.21,0.14,0.16,0.2
T5VzEKU0sDc,기쁨,0.95,0.0,0.02,0.02
pYTofESWT3Q,중립,0.02,0.08,0.53,0.33
sSGa2ij34K0,슬픔,0.03,0.08,0.23,0.41
TGp96AQ0rNk,,,,,
IMQq64tWxeA,중립,0.01,0.11,0.8,0.06
hf-KMp3p6b8,기쁨,1.0,0.0,0.0,0.0
l_9DsKFJKvA,기쁨,1.0,0.0,0.0,0.0
ODO3jNmMYeg,분노,0.0,0.67,0.24,0.03
Dzx5yJd1x-c,공포,0.34,0.06,0.15,0.08
8nTxztKIJhQ,중립,0.02,0.14,0.5,0.17
3Y_C4ShxCiA,중립,0.0,0.03,0.43,0.36
-NKbLaBq5m0,기쁨,0.52,0.0,0.48,0.0
_D5YOg7aR4I,,,,,
8td633I4prE,,,,,
GMG8XW5T6RI,기쁨,0.4,0.22,0.08,0.07
lSX3Rs6Y_WQ,,,,,
FIRPZDLJdp8,,,,,
AV5PmxqlOjY,공포,0.21,0.26,0.0,0.02
vqsW3k031uY,,,,,
CUcAATkSirg,분노,0.23,0.25,0.24,0.13
k1BnXidNoFo,,,,,
Z_NTw4AEQIs,,,,,
AmXpNqrTFO4,중립,0.01,0.22,0.41,0.11
xeYoiFb3Cng,공포,0.0,0.08,0.01,0.31
YzlXryBpkro,중립,0.0,0.11,0.47,0.3
YIg1X6ZI5nc,슬픔,0.04,0.07,0.1,0.7
18-Q2k2ZK78,분노,0.02,0.59,0.05,0.08
H6wsuCzaEdY,분노,0.02,0.93,0.02,0.01
tU0wodBypoc,공포,0.22,0.1,0.16,0.14
ZUz-kWRLMEg,분노,0.0,0.63,0.1,0.1
RTWXkzppXxA,분노,0.0,0.69,0.12,0.08
rfiQogCkUXo,중립,0.0,0.24,0.53,0.09
WKDkoN77k2g,기쁨,0.43,0.06,0.4,0.05
TrWaSqo6rgM,중립,0.01,0.01,0.93,0.03
3U7A3yW5-lc,,,,,
ywh7Bb2MxYY,,,,,
qvnHwQ-RTHY,,,,,
o9HvbijQb8I,기쁨,0.72,0.19,0.04,0.03
1BajUNnvG6w,,,,,
Tj5QZel3Fk8,중립,0.06,0.02,0.84,0.04
cvjf5beIlHQ,중립,0.0,0.09,0.79,0.11
ZSrZoknEc3o,기쁨,0.97,0.0,0.02,0.0
IkTKi5Z9gcM,중립,0.02,0.06,0.62,0.06
jw84i-nfOAw,,,,,
sGtw2K95YRY,,,,,
KASql4-pnt4,중립,0.19,0.04,0.49,0.21
JR5JJ1wn0Dc,중립,0.43,0.0,0.5,0.07
4Igwug7nJo8,,,,,
zNFnMKF2kDo,분노,0.02,0.35,0.17,0.32
16ypJe7Fksg,슬픔,0.0,0.32,0.05,0.53
SsJZ0jNOMqw,중립,0.04,0.03,0.63,0.29
MYOp6_4b-ys,공포,0.01,0.03,0.06,0.09
qlJXviHp7jk,슬픔,0.0,0.09,0.39,0.4
lGPRdqxBnMo,,,,,
gN4_pGQd9dU,기쁨,0.83,0.02,0.01,0.02
OXv1oHNkJT4,,,,,
E80G2xX8G1Q,기쁨,0.99,0.0,0.0,0.0
M03LCJ-Bkp0,기쁨,1.0,0.0,0.0,0.0
v-EkO5YIXNU,기쁨,0.99,0.0,0.0,0.0
AykVyVvfabw,기쁨,0.41,0.13,0.04,0.39
ELDz30jcpIc,기쁨,0.93,0.01,0.01,0.01
RU6ZQ6dEYhM,기쁨,1.0,0.0,0.0,0.0
84ZPGquHc6c,기쁨,0.99,0.0,0.0,0.0
Z0PlZlF4vPs,기쁨,0.98,0.0,0.01,0.0
vitsAB3J98E,기쁨,0.99,0.0,0.0,0.0
qCA_ORd4iB4,,,,,
NYPu_VTb0eY,슬픔,0.0,0.0,0.22,0.61
94S11vHui7E,놀람,0.0,0.0,0.0,0.0
AZfeATtNnzA,슬픔,0.0,0.04,0.17,0.74
dWTRzVi_FZU,중립,0.03,0.03,0.45,0.41
b4rB5K7CLZM,분노,0.0,0.79,0.02,0.09
GULx8nS1aTw,분노,0.03,0.35,0.05,0.24
FTL8Ct8JJMA,,,,,
5DGiDs9Xn8s,,,,,
1C6d8qokyEU,놀람,0.01,0.09,0.09,0.29
MbEMeDDhwLo,공포,0.0,0.05,0.28,0.26
M-OCVzyH1Nk,공포,0.06,0.01,0.05,0.18
s_2TtTJxXCM,기쁨,0.98,0.0,0.02,0.0
RRQ4Yl29XEk,슬픔,0.0,0.13,0.32,0.36
C2W8AYyJWSI,기쁨,0.99,0.0,0.01,0.0
93HFjHjRsHI,중립,0.0,0.09,0.6,0.22
GfNA7f_OueI,놀람,0.05,0.11,0.13,0.1
cCcj67AoJW4,중립,0.01,0.05,0.57,0.21
TOcO4-bbCzk,,,,,
crBgEigY1zA,,,,,
f-G_q7o9hog,,,,,
iqLPzpf9v38,,,,,
5bs_XXCtMOs,중립,0.02,0.02,0.94,0.01
CcChcmhqex8,중립,0.03,0.01,0.94,0.0
ZtwBekaz57E,기쁨,0.32,0.14,0.32,0.17
h0fb3N9GjAA,중립,0.03,0.02,0.88,0.01
3zAvxB0LzTk,기쁨,0.32,0.14,0.32,0.17
_Z5BQ3qJ8Pw,중립,0.03,0.01,0.94,0.01
B2bKl2teOME,기쁨,0.32,0.14,0.32,0.17
WPdLzebvxzA,중립,0.05,0.03,0.87,0.02
dahv_Jt6Xp0,기쁨,0.32,0.14,0.32,0.17
Cpxk-0spEzg,중립,0.01,0.06,0.92,0.0
Brr5gT6K2Oo,,,,,
Vqe-Bb8XAyI,슬픔,0.01,0.18,0.13,0.67
BF20WzRiVRk,중립,0.24,0.05,0.54,0.12
3O-U2gWbNFI,슬픔,0.19,0.02,0.31,0.41
3YgeP7pZisA,분노,0.03,0.79,0.1,0.05
jUhsHR8i7_I,,,,,
2DuoS9t8i1I,중립,0.09,0.02,0.47,0.37
52nq02YMIwk,슬픔,0.0,0.09,0.0,0.51
5rzKeULDPNs,공포,0.0,0.03,0.01,0.14
djl-12RGeFw,,,,,
VM8BzR4A_VI,기쁨,0.93,0.01,0.04,0.01
2QakeVDiMwY,기쁨,0.82,0.0,0.14,0.03
SItUkDmj6OM,중립,0.01,0.44,0.45,0.04
vWfOxlgX4J8,,,,,
zl932QbFMvU,슬픔,0.0,0.06,0.14,0.75
YPZTcJDEGwk,슬픔,0.0,0.21,0.33,0.33
VPJ-0bqxQvE,분노,0.01,0.86,0.02,0.01
2XDznwjhNFY,중립,0.0,0.09,0.64,0.22
X7wrxBxwiuw,슬픔,0.0,0.13,0.08,0.76
1yIHW5UhUSE,슬픔,0.0,0.01,0.12,0.86
mJJngdYNkWo,중립,0.33,0.01,0.55,0.02
og-jE1DgmpA,기쁨,0.82,0.0,0.16,0.01
sUDtTg2XWiM,슬픔,0.02,0.15,0.14,0.43
HDR_vGqkiUE,슬픔,0.03,0.27,0.23,0.44
12BlU9rmpp8,중립,0.01,0.01,0.75,0.23
YYHzMn0U3NU,기쁨,0.27,0.24,0.08,0.1
WYQnICHcFKU,중립,0.25,0.01,0.71,0.02
djc-Jo8al3c,중립,0.0,0.02,0.8,0.17
9YAvkHLfD_Y,기쁨,0.65,0.18,0.06,0.02
Pt0W3erUOjw,중립,0.01,0.01,0.8,0.18
EHntI1bfUOY,슬픔,0.03,0.06,0.05,0.83
CyIW6ol-0cQ,놀람,0.0,0.0,0.0,0.04
jYK9L4wUaHs,공포,0.0,0.0,0.0,0.01
wR7DH6Phdyw,공포,0.0,0.11,0.01,0.05
bjnKTqbBWhY,놀람,0.0,0.11,0.04,0.07
M3p_qU111CU,기쁨,0.96,0.02,0.01,0.01
d2y7BiZ16hk,분노,0.0,0.33,0.21,0.1
knGwZ2ytRRs,공포,0.0,0.1,0.0,0.1
QifvCTnVd0A,중립,0.38,0.01,0.53,0.04
p_F9k3y_uVU,,,,,
cv_3KFr9-RU,중립,0.0,0.01,0.76,0.08
XbIYchAGSN8,,,,,
4-1drlBun4A,,,,,
39lwNdLBwd0,기쁨,1.0,0.0,0.0,0.0
1kwqaFeyquo,,,,,
2ByJl7svcfY,,,,,
19uEavxMabI,슬픔,0.12,0.07,0.14,0.42
CjEYiNSxUYc,,,,,
lkLs_s-RN0s,놀람,0.0,0.0,0.0,0.0
2-AxYt5L5fg,,,,,
yNKwTSA5DcY,공포,0.0,0.14,0.1,0.3
GOtylfzA2aI,중립,0.03,0.01,0.79,0.12
fnqaosFhsVE,기쁨,0.67,0.04,0.08,0.17
8zfPZAkateY,,,,,
tsaQ6yJDymk,분노,0.0,0.62,0.0,0.04
ULCZZK0h0f0,기쁨,0.44,0.06,0.07,0.19
hD6AVoNj3R0,기쁨,0.99,0.0,0.0,0.0
K5vyy3qbJJo,공포,0.0,0.0,0.02,0.06
8ERc6eDAkIM,기쁨,0.43,0.12,0.08,0.12
mNdNo1YC1C8,놀람,0.0,0.02,0.04,0.03
Nhtuucuk6h4,분노,0.09,0.5,0.21,0.09
RWZJ_I2lEQ0,슬픔,0.02,0.07,0.08,0.71
FoK4zH6QmsU,중립,0.0,0.26,0.71,0.02
w5Ar4kwcds4,중립,0.01,0.17,0.6,0.13
aGCtBPCbumE,슬픔,0.02,0.06,0.34,0.44
Kyl879bYZqo,공포,0.0,0.03,0.12,0.33
4_KNn5tyflk,중립,0.0,0.2,0.48,0.2
o5ICDUldb68,기쁨,0.92,0.01,0.04,0.03
nJDYSsAk6LI,,,,,
kLckeW61zfE,,,,,
D7BRe8FR1bQ,중립,0.41,0.0,0.56,0.01
B-e_z7sAw24,중립,0.23,0.05,0.49,0.13
FWZmzgneSGI,슬픔,0.31,0.07,0.09,0.4
ZZCCQ33JGLg,중립,0.02,0.3,0.35,0.06
AB4DGTUT7Uw,,,,,
4PzSUAadyg8,중립,0.08,0.21,0.58,0.07
GpweDeD0FGQ,중립,0.01,0.05,0.88,0.06
edLl9L6gYlk,분노,0.01,0.43,0.18,0.22
-_ze1nlfGtA,놀람,0.13,0.03,0.03,0.19
ym32WRx7P6o,중립,0.03,0.09,0.57,0.28
tQQqAjFk66k,기쁨,0.46,0.08,0.03,0.06
CBOM8u9aF08,분노,0.0,0.96,0.0,0.0
fU34BBecPyY,공포,0.0,0.03,0.01,0.35
rqTJvlnEByM,슬픔,0.0,0.0,0.0,0.55
K1tp6ekEPDs,슬픔,0.0,0.02,0.02,0.86
Ondyuvu9ZF8,중립,0.0,0.15,0.46,0.21
NSkwW2JEe08,슬픔,0.0,0.04,0.05,0.86
BREz1fj4IW0,슬픔,0.0,0.03,0.06,0.78
8atM-KW31Lk,슬픔,0.0,0.02,0.02,0.79
ZRlvFDd5x5E,슬픔,0.0,0.05,0.0,0.71
bCjRdKfyLt4,슬픔,0.0,0.03,0.05,0.79
cLDtRrM9To8,기쁨,0.35,0.03,0.32,0.15
2NtDigxLFQY,,,,,
sIDgKpkLIjs,분노,0.0,0.53,0.04,0.35
YwRoabhKeVA,분노,0.0,0.94,0.0,0.03
_eQ74ItXqHw,중립,0.01,0.25,0.43,0.13
QBFIQrZjEUo,슬픔,0.0,0.0,0.0,1.0
BWWsdkMtUzY,공포,0.0,0.02,0.0,0.37
gUQ033c0Snw,기쁨,0.39,0.31,0.06,0.09
U3700WttUNg,,,,,
wLi70GM9uGw,슬픔,0.0,0.0,0.01,0.81
GSZC11_iBGg,슬픔,0.0,0.0,0.0,1.0
mkpLTplEB4g,기쁨,0.49,0.0,0.47,0.03
wT08yRDT9ws,놀람,0.0,0.06,0.0,0.0
KwBhGCkLE8E,슬픔,0.0,0.01,0.0,0.97
251uNpN4zbs,슬픔,0.0,0.21,0.02,0.75
XJCHhLBazRw,중립,0.01,0.19,0.44,0.31
tu-C1lox9t0,기쁨,0.39,0.08,0.13,0.15
dhNbGAajqLo,중립,0.25,0.06,0.63,0.05
Iu49eiTUgLA,놀람,0.08,0.17,0.02,0.09
4YZ8Dp45EO0,기쁨,0.9,0.01,0.03,0.0
WNs3Xw8njcg,,,,,
hlswef4p1HQ,기쁨,0.31,0.07,0.09,0.21
DV3EkX8vHa4,중립,0.0,0.05,0.58,0.26
C0JPOpC_K3s,중립,0.11,0.07,0.6,0.09
s4z_ZuOEBiA,기쁨,0.97,0.01,0.01,0.01
45SnBloLtQs,기쁨,0.87,0.01,0.08,0.03
gLpqrEBc5WI,기쁨,0.72,0.01,0.09,0.12
J78PCHbVkrg,기쁨,0.98,0.01,0.01,0.0
4ogteezxnJI,공포,0.01,0.15,0.08,0.17
qeaqEdrLSuw,기쁨,0.85,0.0,0.15,0.0
WLo4TPiWvQY,중립,0.03,0.03,0.41,0.39
_PmfGF2WQZ4,기쁨,0.51,0.08,0.19,0.18
G_Ep1V-5IeU,놀람,0.01,0.0,0.03,0.01
qwDR9oIENEE,기쁨,1.0,0.0,0.0,0.0
SPCOVaoZgfQ,중립,0.0,0.02,0.58,0.07
f5W7g0zw7hg,,,,,
EQtwlDIyy-M,,,,,
JdCdDJozV-Q,,,,,
Qp_TrocAATk,기쁨,0.48,0.03,0.35,0.13
HpzhZRtVPKE,,,,,
f7rD7NqyoW0,,,,,
VXHHcZH0KhA,슬픔,0.05,0.11,0.22,0.59
vEv5Zez8vvA,,,,,
e9iERSXOV5g,중립,0.0,0.16,0.41,0.33
K4hufHJVMRg,,,,,
ZDY788MpXOo,중립,0.05,0.03,0.85,0.02
9tFKiGkGwhE,중립,0.38,0.01,0.6,0.01
btHdcI8s8Ik,중립,0.01,0.05,0.7,0.13
N6fNs-_DouU,중립,0.28,0.05,0.55,0.03
p2A5Nc_MCx0,중립,0.0,0.01,0.81,0.08
0UgspF6zrpQ,중립,0.41,0.01,0.54,0.02
ck91eE-xiW0,분노,0.02,0.5,0.04,0.11
UucRParlIp0,공포,0.06,0.05,0.3,0.18
hGo4BDo-5fk,중립,0.11,0.05,0.75,0.02
P6-6oG9NKHc,기쁨,0.88,0.02,0.02,0.06
UeVTjbbJ8MU,슬픔,0.06,0.04,0.36,0.48
eTEK_aNMBuI,,,,,
SVh0yBRGZf8,,,,,
yyy-tWloR_0,,,,,
kDJtfxdg9fE,슬픔,0.05,0.05,0.2,0.46
RfvPrLtPofo,,,,,
1i753BwD8ao,,,,,
ZRkG6qxsUc0,,,,,
R5J-gggxl1E,,,,,
AUGLi9il7dU,,,,,
5Ug96SXiyOA,분노,0.01,0.43,0.36,0.12
Y3f5PagXAf4,분노,0.0,0.56,0.29,0.14
Fzn2-76c07k,슬픔,0.0,0.02,0.4,0.56
A8Er_xBTTUA,기쁨,1.0,0.0,0.0,0.0
VPQLo1dvNtk,기쁨,0.58,0.03,0.18,0.13
Y89P6r_63Sw,기쁨,1.0,0.0,0.0,0.0
gpg0vvVMEOI,중립,0.07,0.22,0.44,0.25
VwcPKWr7F30,슬픔,0.0,0.41,0.03,0.43
vOeGH7S3xa8,,,,,
uYciiunsa7Y,분노,0.05,0.59,0.23,0.05
zSvlKDEy-6Y,분노,0.05,0.47,0.07,0.23
1X1YntREJIQ,슬픔,0.38,0.03,0.14,0.39
7_DqqENhws0,슬픔,0.25,0.11,0.07,0.31
ZHubihPi0JY,,,,,
ESjOa0TXHmI,,,,,
A-rXuER_3p8,,,,,
X6VfssBIZeM,,,,,
08YlvfE6yEc,,,,,
QZAVaDcKpgc,,,,,
nDBjOITRA1Y,,,,,
lLLL4lA6IXU,,,,,
Bmub19eWwzA,,,,,
_W9WCBGo1D0,분노,0.02,0.39,0.04,0.13
mF-zb2Dujno,슬픔,0.13,0.15,0.22,0.37
Jd9V1KS5XLA,중립,0.01,0.15,0.48,0.23
8VIWWT5tA04,분노,0.0,0.52,0.02,0.22
_YT4mXgDiFM,분노,0.0,0.74,0.04,0.12
xoVBAJpKQgE,분노,0.0,0.61,0.04,0.17
QtrsKmlBaK4,분노,0.0,0.49,0.1,0.27
29YyeAlsjpU,분노,0.0,0.83,0.03,0.07
L1FAqRA8_4M,분노,0.0,0.41,0.36,0.19
nJD5kUrbRxM,중립,0.19,0.01,0.49,0.06
DhNBXefQdhE,기쁨,0.47,0.02,0.12,0.03
DDA0FHaAazE,기쁨,0.44,0.11,0.04,0.04
O-3XHbVUHR4,기쁨,0.98,0.0,0.01,0.0
wbOW_XBy3zc,중립,0.31,0.02,0.49,0.1
_qcjbljEWNQ,기쁨,1.0,0.0,0.0,0.0
HJirj3WytPc,슬픔,0.02,0.01,0.23,0.7
JtLpQV8RY8Y,슬픔,0.0,0.07,0.0,0.66
UiELpNuNZzY,슬픔,0.0,0.14,0.0,0.64
d_jEoc20eaY,중립,0.02,0.07,0.39,0.02
9OeOe_Re7l4,놀람,0.27,0.01,0.05,0.02
10t9gxRhWv0,기쁨,1.0,0.0,0.0,0.0
V4hSeWxuVVE,기쁨,0.95,0.0,0.03,0.01
0nVC71AYX2o,분노,0.14,0.3,0.29,0.09
6HNAUhkUKc8,,,,,
0CzXy9EMutw,중립,0.02,0.4,0.44,0.1
MTry4mvgrW0,슬픔,0.09,0.01,0.24,0.54
QFAEMc4evtI,슬픔,0.01,0.29,0.19,0.43
YEb-1CJCHU0,기쁨,0.93,0.01,0.0,0.04
hFl7lYRX4kg,놀람,0.0,0.01,0.01,0.03
cpAuwj2jxKE,분노,0.11,0.68,0.01,0.01
ddasss8VGFU,기쁨,0.77,0.03,0.15,0.03
FcH92jy1RjY,분노,0.19,0.79,0.0,0.0
DOunPrOgEv4,,,,,
4CzXGQyzDCk,,,,,
mevjFUFlAE8,,,,,
gS01ifyEy0o,분노,0.0,0.99,0.0,0.0
MrQ8fEspE64,,,,,
BnqsXxuvn38,,,,,
5R5yL-O-Nns,중립,0.0,0.29,0.35,0.14
4voye7L3Bxo,중립,0.0,0.2,0.64,0.11
cuSVICj20xY,슬픔,0.04,0.07,0.33,0.43
lsgHS7A9Eys,중립,0.16,0.08,0.64,0.06
VDYlqVOA9F8,기쁨,0.68,0.04,0.17,0.05
6phZSpzfsLA,중립,0.02,0.15,0.56,0.14
r5D5-FzfIp4,중립,0.0,0.02,0.89,0.01
EDP-7SHbYNQ,기쁨,0.98,0.0,0.01,0.0
wsk6Bp4bIPU,,,,,
voZjRIlEfP8,분노,0.01,0.83,0.02,0.11
BVMhJNOcHp8,분노,0.01,0.42,0.12,0.15
kfbCDxDcToM,중립,0.05,0.06,0.41,0.17
VvlGWvFu3BY,중립,0.01,0.13,0.52,0.33
GnqVwwj3czQ,기쁨,0.99,0.0,0.01,0.0
mDKieDnHVGk,분노,0.0,0.97,0.0,0.01
ed0E2GBj9es,분노,0.05,0.88,0.0,0.06
7lhDyFeu61E,분노,0.0,0.96,0.0,0.01
Pq2JG-xF3cw,분노,0.0,0.89,0.0,0.01
C2N3ANWFm9w,중립,0.01,0.02,0.89,0.06
uW0EHAcuqRw,기쁨,0.99,0.0,0.01,0.0
WXWKxCXMJfY,슬픔,0.01,0.07,0.3,0.59
auseq_4pJUI,중립,0.0,0.01,0.98,0.01
X8z0fIZaeLA,중립,0.03,0.01,0.8,0.11
AeT7DQ5uOFY,중립,0.0,0.1,0.51,0.36
LXnOUqmcsLE,공포,0.03,0.08,0.16,0.26
Zhq1r3F7Qdk,중립,0.0,0.2,0.56,0.23
ZBAGwPq_SIs,공포,0.0,0.13,0.04,0.18
bnr6efUtNEg,중립,0.0,0.15,0.62,0.23
4ZrBtHjma1I,공포,0.02,0.13,0.21,0.29
g8fUcMshhns,중립,0.0,0.04,0.66,0.17
dCmYUdYFN6g,슬픔,0.0,0.03,0.2,0.71
cRyT1lQtk9M,,,,,
lRS27xm99CI,슬픔,0.02,0.12,0.04,0.78
wYsDy7JCJdo,기쁨,0.45,0.19,0.1,0.06
eVffHLsSWPw,,,,,
hTce2fIhT5I,분노,0.0,0.73,0.0,0.19
e4iQfsxV_w0,공포,0.03,0.3,0.01,0.26
NPROTYabOVA,중립,0.0,0.01,0.77,0.18
PRh2n5FvVAs,중립,0.0,0.01,0.62,0.27
9-aIOmN6DbA,분노,0.03,0.61,0.01,0.14
tj2_Ld8hcnk,기쁨,1.0,0.0,0.0,0.0
0MGciUy4eCs,기쁨,0.94,0.0,0.0,0.0
DI3k2Z8zJ5A,중립,0.33,0.0,0.65,0.01
sw9i8vZP1bE,기쁨,0.98,0.0,0.01,0.0
3jeLOmBpEZU,기쁨,0.96,0.0,0.04,0.01
Z7wIKQC3TZg,기쁨,0.92,0.0,0.08,0.0
Jec7HJhuNw8,기쁨,0.97,0.0,0.0,0.0
Mk1gERIqMWc,중립,0.0,0.01,0.54,0.41
PUFdRFn4pFw,중립,0.01,0.01,0.76,0.18
OyTmzxksKMs,기쁨,0.82,0.0,0.18,0.01
f6HRrsQWhZE,중립,0.12,0.14,0.49,0.24
PgZ7ZZOsKr0,중립,0.0,0.02,0.94,0.02
Ga-ad5GZ_-0,중립,0.12,0.16,0.58,0.02
OT61_cOWwZU,중립,0.0,0.01,0.93,0.03
dgjZvbVJFYU,중립,0.07,0.03,0.88,0.03
_8tfkakCJ-s,분노,0.06,0.39,0.15,0.3
en1d7duj6AY,공포,0.0,0.04,0.09,0.13
a8ZNdbX75wQ,분노,0.18,0.43,0.13,0.21
skyTUg4FBPs,기쁨,0.7,0.0,0.27,0.02
kxv1Bfm79RM,중립,0.01,0.15,0.65,0.14
vBcXa1lKz1o,중립,0.0,0.02,0.97,0.01
DsxBW1GddKU,기쁨,0.45,0.26,0.14,0.1
xRt9fnfrd_U,분노,0.2,0.42,0.27,0.08
6wTlT0l4tNE,슬픔,0.0,0.29,0.26,0.35
utTePbLIzxY,중립,0.0,0.18,0.41,0.36
WCn_puEMXzA,슬픔,0.1,0.02,0.34,0.38
WXDiAL6svxw,슬픔,0.01,0.1,0.03,0.75
5IQvydF3hLs,슬픔,0.02,0.18,0.24,0.47
fUYnJPQFq3A,분노,0.0,0.84,0.01,0.08
Giga3Xzo1Ck,기쁨,1.0,0.0,0.0,0.0
14AAocAxFOc,중립,0.1,0.06,0.51,0.19
QS8FpuxweKw,기쁨,0.98,0.0,0.02,0.0
Fyh5AqiK9ec,기쁨,0.98,0.0,0.02,0.0
CM1v1J5whyE,기쁨,0.98,0.0,0.02,0.0
A8er5hSCfv8,기쁨,0.98,0.0,0.02,0.0
6xpw9O2hlJM,기쁨,0.98,0.0,0.02,0.0
JwpC8rlMzdM,슬픔,0.16,0.2,0.19,0.31
kKLaGZE3KWU,슬픔,0.0,0.03,0.03,0.65
zQray4ihnxc,중립,0.0,0.35,0.44,0.17
spyB-FEzyR0,슬픔,0.11,0.2,0.25,0.3
ZAl8_6kzCEs,,,,,
H0UcD7t887c,중립,0.0,0.02,0.55,0.36
v2Fh2xFAD2c,슬픔,0.0,0.01,0.02,0.91
cklaSgOmqr4,중립,0.19,0.13,0.33,0.23
LFbCskOp8w0,슬픔,0.04,0.04,0.03,0.53
RaZGWElCsVA,슬픔,0.0,0.01,0.18,0.78
8-HL0vPy9qQ,,,,,
ckxP78jZ7FQ,,,,,
QBjwRlOpKok,중립,0.37,0.01,0.59,0.02
u5DBgYb1EBA,슬픔,0.12,0.08,0.1,0.64
YH99PfkAFeA,슬픔,0.13,0.12,0.24,0.41
2w-Fqryahzw,,,,,
MPaNJLnR9tU,,,,,
uQxpeBioGn8,,,,,
mR6EZHTWcso,슬픔,0.04,0.19,0.17,0.48
2oPbiGLFLdI,,,,,
ZFC8x3OvdPM,분노,0.04,0.8,0.15,0.0
LApetHLifS0,분노,0.0,0.97,0.0,0.01
bJHKv3b3q3c,중립,0.01,0.05,0.46,0.43
bIDohAK1Nk0,중립,0.07,0.29,0.32,0.22
HFVYbMwX03g,기쁨,0.72,0.0,0.26,0.01
UqhdsRFB-hg,,,,,
QCCI5Z6uX44,슬픔,0.06,0.15,0.26,0.48
yzhuD2N5tlc,기쁨,0.84,0.01,0.11,0.02
YRdJxgHUz8c,놀람,0.0,0.05,0.1,0.08
ZwjnIccxSP8,,,,,
0dYDKsrx11A,중립,0.01,0.01,0.87,0.08
FmvBU7N10a4,분노,0.0,0.64,0.12,0.07
RLhBJ6E8s0s,중립,0.0,0.05,0.42,0.32
xfrs1wOnJ0k,분노,0.0,0.56,0.27,0.11
vIxUOfPQEOk,중립,0.01,0.23,0.49,0.17
M5AyZGNPiCg,슬픔,0.0,0.04,0.37,0.55
PUCmbYvKpL8,중립,0.0,0.04,0.79,0.16
atf7AwuX45M,슬픔,0.04,0.07,0.38,0.45
OgwMUJeIIQU,분노,0.09,0.4,0.34,0.13
ONov1HtUfdA,분노,0.23,0.33,0.23,0.18
EogjNd2AcM8,기쁨,1.0,0.0,0.0,0.0
2tODAtRUzug,중립,0.0,0.11,0.41,0.38
Ti9-HRAdCgc,슬픔,0.0,0.11,0.2,0.5
nD8E6WGXhsg,공포,0.04,0.01,0.07,0.05
cr7HqdMFqOU,분노,0.02,0.83,0.08,0.02
XK97kn9VD_0,중립,0.0,0.01,0.82,0.16
D37NOTgNh5w,놀람,0.07,0.2,0.2,0.02
VgjurkqX3yM,,,,,
4fO7wteEiNA,공포,0.0,0.18,0.16,0.22
UgEXSX5yLcc,중립,0.0,0.01,0.81,0.11
VIBgTu_qizo,기쁨,0.67,0.0,0.32,0.0
We249jhP7S4,분노,0.1,0.36,0.21,0.13
AItOaLw2j08,중립,0.01,0.03,0.88,0.07
opXoiWsnWdI,기쁨,0.89,0.0,0.09,0.0
UNXLkmcVTlc,분노,0.33,0.64,0.0,0.01
aVTrAJjt7tY,,,,,
csEKGf7DpFw,중립,0.02,0.02,0.41,0.19
Of6UiRUxlSQ,,,,,
TpYr-PKG3VU,놀람,0.0,0.0,0.0,0.0
67UtCBXfY38,슬픔,0.08,0.08,0.06,0.6
4QcnxeqmrVM,,,,,
2w0DC-OYH0A,,,,,
WaZvurEHdvI,,,,,
PRWkJjDKxqc,,,,,
UqH1XuwYXRA,,,,,
IrMRJemo7Qk,,,,,
qPwyVWpWlmQ,공포,0.14,0.26,0.08,0.09
jIezsxoQm3A,중립,0.0,0.18,0.45,0.14
_FgylXXQ7qE,슬픔,0.03,0.11,0.32,0.36
yk65W-VrgXA,,,,,
nXYPxGqTySo,,,,,
1SZHvxEkIfM,,,,,
prtOC5feT9c,슬픔,0.02,0.02,0.24,0.62
IcgeaPPiOBU,슬픔,0.07,0.04,0.22,0.59
vHkl0KggkiM,,,,,
r7fSvzbMpD4,,,,,
2G7InclFe08,슬픔,0.04,0.19,0.02,0.65
NlBXzT7NrVU,,,,,
MWCcIji7bqo,중립,0.16,0.06,0.45,0.32
pPt4zOtj_as,중립,0.25,0.02,0.34,0.14
jKVfIjTWJlU,,,,,
tih4AAA2bU8,,,,,
AD_zkeffZS8,,,,,
htq90LFdXPo,슬픔,0.0,0.26,0.16,0.52
cedsFe6ITc4,중립,0.04,0.18,0.42,0.2
IG3Q1Jk_gBI,중립,0.01,0.42,0.53,0.03
Zr5qDhvwxKQ,슬픔,0.0,0.08,0.24,0.62
7L4EhcCJ8GQ,분노,0.18,0.42,0.01,0.28
K04425SzY9w,중립,0.01,0.03,0.79,0.12
tpc9-OgrzvY,중립,0.23,0.16,0.28,0.23
nGxpConnLjQ,기쁨,0.85,0.0,0.15,0.0
io3tlBhATN0,분노,0.02,0.4,0.37,0.14
wSRWXtC6bps,공포,0.08,0.06,0.02,0.15
co_FXGX6lR8,중립,0.02,0.2,0.63,0.1
QiFVcmvwLlA,,,,,
saucM-yrehA,기쁨,0.91,0.0,0.08,0.01
m47EPJN9bhA,슬픔,0.0,0.04,0.01,0.55
w3oUKNe5QTY,놀람,0.0,0.0,0.0,0.01
ZL65qSPCcRw,중립,0.0,0.08,0.35,0.32
exBV6mJudRI,슬픔,0.09,0.08,0.24,0.36
IKdM7e_LKnU,중립,0.0,0.28,0.34,0.27
BXGr1ZB0lA4,분노,0.0,0.83,0.01,0.1
9Kmm5yomJfw,기쁨,0.65,0.29,0.0,0.04
IGO6Vf_BrCg,슬픔,0.08,0.11,0.07,0.69
Z_B0_j7sBZ8,기쁨,0.64,0.15,0.09,0.1
PyEM_LvUVEM,,,,,
9Gye35RlOVo,,,,,
zE9GHZq78WE,분노,0.12,0.31,0.17,0.16
49RM6HrmPbo,,,,,
2PQIG410kng,슬픔,0.0,0.16,0.06,0.7
zqCbYctSo-U,분노,0.0,0.87,0.0,0.02
Ix-6gJMJ16Y,중립,0.34,0.0,0.44,0.13
3Ya5ead_00c,기쁨,0.53,0.0,0.46,0.01
sIYwnZUNsZA,중립,0.0,0.03,0.4,0.15
NOwzKEwTSZg,기쁨,0.71,0.0,0.23,0.02
VwwHQPR9G0g,슬픔,0.0,0.0,0.37,0.62
832cb2H13bw,슬픔,0.0,0.05,0.18,0.54
NXIGJxizCR0,중립,0.0,0.07,0.83,0.1
5XsUmr8LfWc,슬픔,0.0,0.05,0.39,0.47
OG1I0O2u3Rk,슬픔,0.0,0.03,0.34,0.54
GrbHR_LTAoU,슬픔,0.0,0.0,0.44,0.51
SMiwNb-3NQA,중립,0.02,0.08,0.5,0.24
EsFsmNttS-c,슬픔,0.02,0.13,0.07,0.7
n4xG7U_DxYk,공포,0.01,0.22,0.07,0.22
e5lCTiWLy5k,기쁨,1.0,0.0,0.0,0.0
ghnbaODZTVI,기쁨,1.0,0.0,0.0,0.0
wMRQMwmXpj0,중립,0.01,0.22,0.41,0.13
kN056zDnMNE,중립,0.01,0.04,0.64,0.24
SOQroH-IAqc,기쁨,0.6,0.02,0.28,0.06
kTHVWfoVvtw,중립,0.01,0.05,0.46,0.32
klwehN-Jluw,중립,0.05,0.07,0.61,0.13
RkzMzrudm4Q,중립,0.16,0.01,0.65,0.08
uiOKiP82vSw,슬픔,0.01,0.14,0.02,0.8
QLZg1KpFSK0,중립,0.03,0.07,0.58,0.25
CIIGjkZ3oOE,슬픔,0.02,0.05,0.38,0.5
oeGLv6Oscy8,분노,0.0,0.7,0.22,0.02
xb3GEBAL-iE,슬픔,0.0,0.2,0.12,0.5
ABKZDOKSz4A,슬픔,0.07,0.1,0.3,0.51
Aph6Uqpm9D8,분노,0.06,0.68,0.12,0.03
vy3fRWwbdxQ,,,,,
pVlYwYOY2jM,분노,0.26,0.44,0.23,0.05
sW3Wil6xPmE,,,,,
J8ycrqPy5kQ,,,,,
Vb0HbCdTwRk,중립,0.01,0.03,0.75,0.11
motkIbWVCsM,분노,0.07,0.82,0.02,0.02
A45lpGjRSRU,슬픔,0.14,0.03,0.04,0.66
EYOtcIvW36Q,중립,0.05,0.15,0.7,0.03
c6jHU5xgVF4,중립,0.01,0.17,0.59,0.1
ZTtldiiro4w,기쁨,0.81,0.05,0.06,0.03
leW2QsyhthM,,,,,
360sWIQBUvc,중립,0.0,0.02,0.95,0.02
vpu3Tb10CKI,중립,0.04,0.04,0.82,0.07
G4m5lcYOlvU,기쁨,0.91,0.0,0.0,0.0
PlQ49wmYjDA,중립,0.07,0.03,0.82,0.05
m_1Xrex--Nk,중립,0.08,0.04,0.8,0.04
s-WtdkAUhag,중립,0.03,0.02,0.92,0.01
xkI_I0LNfPQ,중립,0.11,0.03,0.73,0.04
OFg6YlhNArY,기쁨,0.93,0.0,0.07,0.0
nAnyhnp87aQ,중립,0.01,0.18,0.46,0.28
q49gtfaXaCE,기쁨,0.94,0.0,0.03,0.0
qb6A1Gyp4GU,공포,0.0,0.08,0.23,0.14
eEZJVKw4WKQ,중립,0.01,0.09,0.54,0.3
VwZa8lTzZ3w,,,,,
LMEnCDf-qLw,슬픔,0.01,0.02,0.2,0.52
s_uvyq6Oois,기쁨,0.53,0.11,0.14,0.18
ARghEa_Ksck,슬픔,0.0,0.08,0.23,0.52
LFZlR-3KJ58,슬픔,0.0,0.02,0.03,0.86
BV1-C_w8_EY,놀람,0.03,0.1,0.05,0.26
HzPFaVEzxFw,공포,0.0,0.05,0.06,0.08
OTXoonhPgTQ,분노,0.18,0.31,0.1,0.19
KLqxNdpLRoQ,공포,0.0,0.13,0.01,0.21
OoUHfCULQm4,기쁨,0.83,0.0,0.03,0.04
8SB5lMdQoCU,놀람,0.16,0.04,0.07,0.05
IZPKjb1Kuao,중립,0.01,0.12,0.66,0.17
6K_I2ADjzYc,중립,0.03,0.06,0.61,0.21
G6viwyrwKOw,중립,0.01,0.06,0.42,0.35
5XN08YjgGJ0,,,,,
k6yPoIT_rAg,,,,,
IWaZ5xY_m8Y,분노,0.0,0.39,0.05,0.08
uwrQGPNwcI8,기쁨,1.0,0.0,0.0,0.0
sPPdp3mOPpE,기쁨,0.86,0.0,0.01,0.0
XT0jT6AY1iA,,,,,
tL9-GYZPB0I,중립,0.07,0.05,0.74,0.12
wtQ3Chz7h-0,분노,0.07,0.4,0.04,0.07
S3CrrEQ7PS0,,,,,
0tWInbQe1LY,기쁨,0.37,0.05,0.23,0.28
uvq9fixTizU,,,,,
Fwt9UHYYjl0,,,,,
dAwPC-JOPlQ,슬픔,0.04,0.29,0.09,0.52
ziTmmqvZTAY,,,,,
_v38tFbLT9s,,,,,
mFmtriaNtmM,,,,,
5ryjMsaifG4,기쁨,0.57,0.03,0.28,0.08
ivJjrt--uX8,기쁨,0.71,0.04,0.05,0.1
23Wrn6oKVBc,기쁨,0.58,0.01,0.32,0.02
x6oXJISsHGY,기쁨,0.68,0.01,0.11,0.01
pLJG9A4VU18,중립,0.2,0.12,0.53,0.07
omYAMbJ2e5o,중립,0.12,0.14,0.4,0.06
TMZfzncDzvQ,기쁨,1.0,0.0,0.0,0.0
9BRIZuTqK_A,슬픔,0.09,0.0,0.29,0.47
XfZ8wxvM2eY,,,,,
uo3APHqbq7Q,공포,0.0,0.23,0.0,0.06
MftRuGPyvpE,슬픔,0.03,0.06,0.28,0.44
EfzmRR-t9VQ,슬픔,0.16,0.15,0.01,0.43
_nwnpQ951pM,슬픔,0.06,0.05,0.25,0.36
WsO89FWYS78,슬픔,0.0,0.0,0.01,0.8
QJ7NfbgbApw,기쁨,0.42,0.24,0.0,0.09
J3PbidGsXRU,슬픔,0.0,0.02,0.08,0.78
3P98HfbemKI,슬픔,0.01,0.12,0.3,0.42
9fpl3muEvZY,중립,0.03,0.01,0.9,0.05
LB6FZg8Lm-w,슬픔,0.0,0.04,0.42,0.47
l0aJnBGTPV8,,,,,
5HcYzijq2kI,기쁨,0.88,0.01,0.06,0.0
iBs16xm-d3E,,,,,
6GZRHvQW08k,,,,,
E9jxGWKAsPs,슬픔,0.04,0.16,0.24,0.49
o1jCgtHbNrI,중립,0.01,0.1,0.78,0.09
CQ-SiF8SEXw,중립,0.14,0.07,0.64,0.03
cgUcG7dhJqg,,,,,
3xTi3JRoMFo,중립,0.11,0.02,0.64,0.21
FueENERHC9Y,중립,0.01,0.04,0.73,0.14
vWEM1fFxxmQ,분노,0.0,0.61,0.01,0.3
Yzc7vRxdEm8,,,,,
DgIYi1rpymY,,,,,
STwXFfl7UXc,중립,0.07,0.03,0.38,0.07
-Tod9ikeQ1c,,,,,
4uXqXshtuyI,기쁨,0.86,0.02,0.06,0.05
3qOQLFJ1MBE,중립,0.12,0.11,0.31,0.28
v-WEnPpmdUw,,,,,
li3sXz11nFk,,,,,
EHvkQqB5IyY,기쁨,0.39,0.05,0.36,0.12
xIV8YoIlM8M,,,,,
ntwxXEemwXs,기쁨,1.0,0.0,0.0,0.0
hKnZwBEpY0w,중립,0.11,0.19,0.41,0.11
3iCXLO905mk,기쁨,0.56,0.0,0.04,0.37
q0dXQp1LoPM,공포,0.0,0.3,0.01,0.25
HLi0XwMAMgo,슬픔,0.04,0.02,0.2,0.71
6SA9y3BO-TU,기쁨,0.65,0.01,0.33,0.01
RqUrYBa-bP0,중립,0.09,0.06,0.69,0.08
Sa8yjeCphLM,기쁨,0.99,0.0,0.01,0.0
GAPcTlvh5RE,기쁨,0.99,0.0,0.01,0.0
oXnWqj4GKJY,기쁨,0.98,0.0,0.01,0.0
L5YKi9gJTE0,중립,0.05,0.02,0.61,0.16
v-fBRnOvz6s,기쁨,0.99,0.0,0.0,0.0
D-4XF3sbj4E,슬픔,0.01,0.03,0.28,0.59
IN4AcqsJHs8,중립,0.05,0.06,0.65,0.09
LPKIbMtEGSw,중립,0.02,0.01,0.83,0.11
7NNcchQ1CNY,공포,0.03,0.07,0.1,0.38
5YEUR9dR66Y,중립,0.07,0.04,0.57,0.06
Knhuh79oIis,분노,0.0,0.45,0.05,0.26
H3mPAlecd4E,중립,0.31,0.04,0.57,0.07
r5MGl2HrFSc,슬픔,0.14,0.21,0.1,0.29
MS7nrpoJVD4,기쁨,0.73,0.01,0.03,0.17
rBD1s-mpi78,놀람,0.01,0.03,0.24,0.16
2exwRzdPLtw,중립,0.04,0.01,0.86,0.07
6LqPxLKRFPM,기쁨,0.68,0.02,0.23,0.06
HKqzFTU7xwE,중립,0.38,0.07,0.52,0.02
IBSv4xvuimI,기쁨,0.88,0.07,0.02,0.0
Tw7bgJtNL54,,,,,
aeNShzP-SCg,,,,,
otiZRzk6Gdc,,,,,
R0UD6UcCEs4,중립,0.2,0.12,0.36,0.29
BVUdwa-BtP0,기쁨,0.97,0.0,0.0,0.01
5OUJmqloQm4,중립,0.37,0.03,0.39,0.18
9ZQNPiS-1qY,중립,0.01,0.38,0.48,0.1
oiG9a7-I-Ps,기쁨,0.5,0.1,0.23,0.08
86biTJbxKmw,분노,0.01,0.43,0.02,0.16
DJ6OiVsr6TA,,,,,
ealmm6NklIs,중립,0.27,0.01,0.28,0.19
e9OmJKLXW3Y,분노,0.08,0.38,0.01,0.36
59J0wfXEC2U,분노,0.0,0.46,0.1,0.21
ylrXryBVAUk,중립,0.01,0.03,0.7,0.23
UYSZD_mfm7A,기쁨,0.78,0.12,0.01,0.01
1x8cOvGJhlU,분노,0.03,0.35,0.3,0.13
AmkhpDXjqNk,슬픔,0.21,0.01,0.05,0.7
bauDMiFTirs,중립,0.04,0.06,0.45,0.13
WAwRjcDQ45s,기쁨,0.99,0.0,0.0,0.0
sCG4Zhi8PAc,,,,,
ksGVfMkGg4A,,,,,
dfINeS3wrrk,중립,0.0,0.2,0.68,0.11
BTSvWP2Rjy4,,,,,
GsKAq333rcQ,기쁨,0.61,0.01,0.08,0.0
9ehWjRSCBz8,기쁨,0.67,0.01,0.14,0.02
IGUZEzsd0qc,기쁨,0.61,0.0,0.32,0.02
t-lkhqiFcj0,중립,0.07,0.05,0.76,0.09
U5IapAugDIo,중립,0.07,0.07,0.72,0.09
zNOeex4D-Zc,중립,0.4,0.0,0.57,0.01
LMrEgEu6MCw,분노,0.01,0.35,0.18,0.1
yr9VfJNBpBA,공포,0.02,0.32,0.12,0.13
PA-1u3fhu8k,놀람,0.02,0.03,0.16,0.27
7jQvy2UdvRg,슬픔,0.02,0.05,0.32,0.37
6qBpKxmiaaI,슬픔,0.03,0.23,0.29,0.32
tdmByuA_7zg,기쁨,0.41,0.29,0.19,0.08
gfDR0V-pvKM,중립,0.06,0.03,0.51,0.31
HssVM_6vg9c,기쁨,0.43,0.26,0.05,0.15
gNDsEgIXlGU,,,,,
l2qAZXr9erA,,,,,
qWIk_NW49ms,,,,,
xa6m5wDuuHU,,,,,
uDLY7121et0,,,,,
UC9NDO65Hlc,,,,,
U1IsH1925WI,,,,,
qzTEXmyLlOk,,,,,
EveOvGmvVtc,,,,,
tU18GOpJkCk,중립,0.19,0.08,0.57,0.08
YDQCWjaPWcM,,,,,
n-5IzSZnTxI,,,,,
I2vlJZkEY4E,,,,,
9b9y67O1P6Q,,,,,
TTCQnZyX9h8,,,,,
rO2aA4enWd8,,,,,
3c016plJ8CU,,,,,
95HnwnvleGE,,,,,
Lz6dnG7NC6E,,,,,
1H_QqumpiYc,기쁨,0.43,0.19,0.07,0.18
XCSQoW03fCY,놀람,0.0,0.26,0.04,0.02
SXoreBhH3ig,슬픔,0.0,0.27,0.1,0.46
Ad3h0cC3JAg,중립,0.01,0.07,0.78,0.13
0W7ozeL8sKE,분노,0.0,0.67,0.07,0.18
N9b4SQ21i14,혐오,0.0,0.24,0.08,0.11
0blHWQ0qZR4,분노,0.03,0.36,0.03,0.25
1pMjKSZckgs,슬픔,0.0,0.09,0.27,0.48
sNvBSh3PhDQ,중립,0.0,0.27,0.51,0.17
OIRbK0fW4gs,공포,0.01,0.03,0.28,0.3
B26ib1wl46o,중립,0.11,0.13,0.56,0.18
oF6RQFaCv4U,중립,0.0,0.18,0.46,0.12
LIVZAqdLnrs,중립,0.01,0.02,0.43,0.28
GpIqo33L--Y,분노,0.01,0.78,0.14,0.03
CA12fTuuGn8,중립,0.03,0.07,0.53,0.22
z1M8AQz8IOM,공포,0.0,0.14,0.0,0.05
KfN7fiQ40BI,공포,0.0,0.08,0.01,0.06
vcIuYx2h-AY,공포,0.03,0.25,0.04,0.19
TlgmQwFriQM,슬픔,0.19,0.15,0.09,0.27
m_pXKoONwls,슬픔,0.0,0.0,0.02,0.88
-9qmPGdSIRY,슬픔,0.37,0.03,0.01,0.4
ozKdB_57SkY,중립,0.0,0.13,0.39,0.32
BnBPCJgs17c,분노,0.0,0.73,0.02,0.19
kOB_bmhGBzI,슬픔,0.0,0.13,0.05,0.42
wzbFTZ3iV_M,기쁨,0.96,0.0,0.03,0.0
DVUhrKMqLq0,놀람,0.01,0.17,0.22,0.01
y8wyOBcFbdI,중립,0.01,0.01,0.91,0.03
gyVasjLE-DY,,,,,
FpsRiYzT2ME,중립,0.0,0.01,0.97,0.01
uzRZcKMpOvM,,,,,
bqlPFHQJKGI,기쁨,0.84,0.0,0.12,0.01
5BXeNWrn54Y,슬픔,0.0,0.13,0.23,0.57
8fTvKaXXQP8,기쁨,1.0,0.0,0.0,0.0
-QOv_4GrDgc,놀람,0.09,0.03,0.16,0.02
lvz4CrE4Jv0,중립,0.05,0.05,0.51,0.27
VVLHIyzsSyY,,,,,
hLCbymqaMcQ,분노,0.09,0.37,0.19,0.26
bylehQ2VWC4,중립,0.0,0.06,0.43,0.11
6Y63sSR8qbo,분노,0.0,0.94,0.03,0.03
I7HyoZrkYZI,,,,,
eXKfjmTW3Tg,중립,0.02,0.16,0.41,0.17
uHeWvHyh7G8,중립,0.22,0.08,0.52,0.13
Z5xKtZE7ZDM,분노,0.11,0.43,0.16,0.18
jYmWO_o4npo,,,,,
sSRs07BKZCY,공포,0.03,0.14,0.04,0.08
rr_OeErzwOw,기쁨,0.61,0.0,0.36,0.01
oEHrTN6tuZo,중립,0.33,0.0,0.67,0.0
xxb_RGEopxo,기쁨,0.56,0.0,0.37,0.05
vmEt_k08LUk,중립,0.11,0.0,0.76,0.12
TKpRDVOOtnM,중립,0.12,0.01,0.8,0.02
d1vJ4Ajzykg,중립,0.26,0.0,0.72,0.01
hQ01_CYCiIM,기쁨,0.46,0.01,0.42,0.04
qnD_31pehmA,기쁨,0.89,0.0,0.1,0.0
904tw4XwHNk,기쁨,0.85,0.0,0.1,0.02
bbW3EJOds9I,기쁨,0.86,0.01,0.08,0.04
FaJ89OojzTo,,,,,
tiWYyY_AD9A,,,,,
cyRY8XChqdA,,,,,
3d2Oqom4cDc,중립,0.22,0.18,0.3,0.28
fegdSIs3uXU,중립,0.23,0.0,0.73,0.03
DxHmjyfnvVE,,,,,
TKxDTtoc7WQ,,,,,
tVR_CFoAOm8,중립,0.06,0.29,0.39,0.26
v1ms-rhVPlA,,,,,
k0yaUi4YLDc,,,,,
YQfThPBfBO4,,,,,
B_TNBMnd25U,,,,,
VgTL67BOLkY,,,,,
axCAzi8ZGtk,분노,0.01,0.47,0.2,0.31
HXaPMkAPOGU,공포,0.01,0.39,0.0,0.12
IJoMrFDxY-s,분노,0.0,0.39,0.29,0.29
iOSDR930NIQ,중립,0.0,0.29,0.45,0.25
0rXchOGfPb8,중립,0.0,0.25,0.45,0.29
OLOdXHxXN3c,분노,0.0,0.39,0.38,0.21
4ZoM9fftbYk,중립,0.0,0.12,0.67,0.21
m-Y7LLCrK44,기쁨,0.33,0.19,0.23,0.18
TXFlF9HU3qY,중립,0.31,0.02,0.6,0.04
QHVC9srZ100,중립,0.01,0.29,0.45,0.24
LiTNZX9Pook,,,,,
IjENscPSV90,,,,,
1X-7W_jljSc,,,,,
f-s67-pqsyw,,,,,
do_EPsV6eNY,기쁨,0.97,0.0,0.02,0.0
ZyYyrrXDwKY,기쁨,0.93,0.0,0.04,0.0
Xqh398R5YlM,중립,0.01,0.11,0.62,0.2
HrQyO_Hl2Vs,기쁨,0.87,0.03,0.03,0.06
VLh99G0uyDk,슬픔,0.02,0.11,0.17,0.6
ef9617oCZww,슬픔,0.03,0.14,0.11,0.48
DOjLh3Dzygk,기쁨,0.87,0.0,0.12,0.01
pNW4-KTivQc,중립,0.08,0.04,0.43,0.07
5GROkoYD5ho,기쁨,1.0,0.0,0.0,0.0
8IftUkF9Dx4,중립,0.07,0.07,0.78,0.04
fJScZ9Hhf9Q,분노,0.06,0.54,0.05,0.22
S6hvKpSXBBo,분노,0.07,0.5,0.01,0.16
pEv5wq27CsA,공포,0.01,0.08,0.3,0.14
uxWkpWHqUpI,슬픔,0.0,0.2,0.07,0.34
3FfeGpB8vu0,중립,0.01,0.0,0.86,0.1
qRS_OsRzmng,기쁨,0.56,0.26,0.05,0.08
l6u2Vj8QP6Q,중립,0.01,0.01,0.94,0.04
nvg_OV-VSh0,중립,0.01,0.05,0.68,0.22
_Pa0Y-2eNNY,중립,0.01,0.06,0.72,0.16
k9g9-5klD1M,분노,0.0,0.89,0.01,0.06
TErClBx0EhU,중립,0.0,0.01,0.86,0.06
ivQOIWi6X5Q,중립,0.06,0.02,0.72,0.11
aDtB48O0CJQ,슬픔,0.0,0.14,0.05,0.5
9axnhnBFQbQ,분노,0.04,0.79,0.02,0.05
47he6UHqtQc,,,,,
hD93pSMB3g8,,,,,
S9Eh1-t5_Uk,,,,,
APyuvMa1QsM,,,,,
JyfQvNdERy4,슬픔,0.06,0.24,0.18,0.37
FfHmc1yfegY,,,,,
osSt4MECANI,분노,0.0,0.47,0.27,0.11
lHuFxQafZZQ,기쁨,0.98,0.0,0.01,0.01
KDmM8TSKAGg,중립,0.02,0.09,0.35,0.34
o3coM7IvWVE,슬픔,0.36,0.11,0.05,0.38
11GgLsVVADE,중립,0.0,0.03,0.94,0.03
7g_EW7RKI8o,중립,0.02,0.14,0.57,0.23
dhnF7vUZnE0,분노,0.0,0.3,0.3,0.21
3blqvoF1zr8,,,,,
GWYrD75I_Zs,중립,0.0,0.12,0.49,0.37
dUIEJ72A1f4,중립,0.0,0.02,0.83,0.07
k1PBkLq1v60,중립,0.0,0.01,0.73,0.2
toYeKoTvzVI,중립,0.0,0.01,0.72,0.22
4X9UDL4LLHU,중립,0.01,0.02,0.83,0.12
A0FqO5jigxM,중립,0.01,0.02,0.9,0.04
cXfZ4tGb9cg,중립,0.0,0.02,0.67,0.25
k3MNtbvbsMI,중립,0.0,0.05,0.73,0.19
FIV4aFrGsyc,중립,0.0,0.03,0.78,0.16
WMFi4wk_sOs,중립,0.0,0.1,0.5,0.33
Dlb_zqNOVqE,중립,0.01,0.21,0.62,0.13
e_bsmUK9JM0,공포,0.0,0.05,0.08,0.05
PTaDH0owEnA,놀람,0.0,0.03,0.01,0.0
WMME6xJlsGA,공포,0.0,0.24,0.29,0.11
SSytUqzzb-I,놀람,0.0,0.01,0.0,0.0
D9h2NDISGy0,공포,0.0,0.1,0.05,0.05
mSqyF6mgaqw,슬픔,0.09,0.06,0.27,0.34
TRkQ1os1R14,공포,0.02,0.04,0.22,0.17
WuDFIaBhaxg,중립,0.01,0.01,0.85,0.09
9b4ZLnYacok,공포,0.07,0.07,0.05,0.37
7nbnpCIE9VU,중립,0.05,0.04,0.5,0.21
oFzQ5QBClKo,슬픔,0.0,0.14,0.13,0.68
m7yahHPedxM,,,,,
17O9UvGNXgg,중립,0.01,0.04,0.93,0.01
vX5RKwJbuX4,슬픔,0.01,0.19,0.04,0.39
WDWQDAuGiV8,공포,0.0,0.02,0.0,0.0
I6RJLnEO13M,중립,0.02,0.01,0.72,0.08
cK7WB6TTREo,슬픔,0.02,0.25,0.04,0.52
814doqnSty4,공포,0.0,0.26,0.0,0.0
vKVcPiQbWBA,중립,0.06,0.38,0.43,0.07
bA0RtRYZBlc,기쁨,1.0,0.0,0.0,0.0
5-CheApCNSk,슬픔,0.05,0.1,0.38,0.41
mwFH_67RC4Q,공포,0.08,0.26,0.13,0.12
CwCvyyM3klU,기쁨,0.93,0.0,0.06,0.0
iNjpotJ6Mew,슬픔,0.02,0.05,0.17,0.7
FkC1pvdIP9A,공포,0.01,0.11,0.1,0.12
7-jQVZco418,놀람,0.01,0.05,0.0,0.03
Vi7ZhO-YSsM,중립,0.0,0.04,0.63,0.3
uEYFtyHoDXA,슬픔,0.01,0.15,0.34,0.44
1PZim0oS9J8,중립,0.31,0.01,0.67,0.01
9l93cFXii3w,슬픔,0.0,0.11,0.14,0.66
16Ye8axXT1s,,,,,
qJj5dEuAn4E,,,,,
sbhy8lO6Rzg,,,,,
BAN2fufqCRY,분노,0.0,1.0,0.0,0.0
qo35BiD0vSQ,,,,,
HNKeLacS2FQ,,,,,
bNhE03vgvm8,중립,0.14,0.17,0.2,0.19
vJdgUoQuaZw,기쁨,0.97,0.0,0.02,0.0
xNoYvoEqwCQ,놀람,0.0,0.01,0.26,0.03
70AIqJi6kVs,,,,,
si4WjhjykYM,,,,,
tDDEEtROYio,중립,0.0,0.08,0.55,0.25
FoUImdos5ag,중립,0.1,0.02,0.78,0.0
4PGwNlf7_1U,놀람,0.23,0.07,0.09,0.14
hm3ST_Q9dyM,,,,,
vDmXB6glyaE,분노,0.02,0.53,0.3,0.05
0idMR4HFdvA,분노,0.01,0.38,0.36,0.13
PikBen30ang,,,,,
sbUWUuPSu-o,슬픔,0.0,0.33,0.04,0.58
e1h9dIHsqhc,슬픔,0.02,0.13,0.03,0.56
gfmWwYOxO2s,중립,0.05,0.03,0.81,0.02
ub87dh3mz_M,놀람,0.0,0.0,0.0,0.0
OoLmx24pXh4,,,,,
-OcohY6C-Ic,,,,,
WYaQgLwXp6I,슬픔,0.0,0.23,0.29,0.33
i72YFYEM55E,,,,,
3xMWhVR66iA,,,,,
OeWOodzNEXs,,,,,
6gTbfBKb4x0,중립,0.12,0.03,0.77,0.07
3-a_T37ISjM,중립,0.03,0.27,0.43,0.19
VDRtH__P2Dg,,,,,
lmHZhUPkr2w,중립,0.01,0.02,0.93,0.03
RxHuq1qAiBQ,공포,0.01,0.07,0.3,0.29
FaZ__cdIJks,중립,0.0,0.06,0.57,0.32
OHDlctiHSQg,슬픔,0.0,0.16,0.33,0.33
CQ0qUrQA8Wk,중립,0.24,0.04,0.49,0.16
wzjlEOUud4E,슬픔,0.01,0.24,0.21,0.42
7G8GI_eIbx4,기쁨,0.69,0.02,0.1,0.17
vM1t8bCaufo,,,,,
PE6jBlLo_hk,기쁨,0.94,0.0,0.0,0.01
Neq0k_jyJlw,기쁨,0.97,0.02,0.01,0.0
7YkEYA6fzWI,중립,0.01,0.09,0.47,0.25
fKkqGrKSSQA,공포,0.05,0.2,0.2,0.19
yy-sqy9k9pQ,놀람,0.0,0.03,0.02,0.01
4U-BwJ7Lim4,분노,0.12,0.35,0.1,0.32
zaGIUdwR3Ys,슬픔,0.01,0.28,0.02,0.54
mg_zMplBzLI,중립,0.0,0.15,0.5,0.04
woq5T3imjOI,분노,0.05,0.32,0.07,0.21
GSSjsRgyhBQ,놀람,0.0,0.07,0.34,0.04
2D1d5YtCRV4,분노,0.0,0.38,0.15,0.29
qesnSAaPR_0,중립,0.0,0.19,0.5,0.06
xx2GTUVdwbE,,,,,
yLyDYjdNtKA,슬픔,0.0,0.1,0.31,0.39
C6vE2NCCis0,,,,,
_zGZCjYev7Y,중립,0.0,0.05,0.47,0.37
Ng1Gl9aZSQ0,분노,0.02,0.82,0.05,0.05
WfucOM_Wp8Y,슬픔,0.0,0.01,0.0,0.97
4HEctjb_8c8,슬픔,0.0,0.03,0.05,0.88
9EjjTn8x--g,,,,,
rvopWZ6pJis,슬픔,0.01,0.26,0.04,0.44
i_V7feZwHJg,슬픔,0.0,0.02,0.27,0.66
PcSAtg8zPXM,분노,0.03,0.91,0.01,0.02
pfC_AUWQBN0,놀람,0.0,0.06,0.01,0.01
a2z3LApGQZU,놀람,0.01,0.08,0.17,0.09
b0ixAI1eTIk,,,,,
vY8MA3XomYU,,,,,
-ScJ62vVrqU,,,,,
lzBi5h4F69w,,,,,
C0tZm3txRLE,기쁨,0.99,0.0,0.0,0.0
7Jfwk_vam6s,,,,,
bt5vdmwl3aY,,,,,
Yu--ekd14Qs,슬픔,0.0,0.13,0.03,0.63
lgvnQ-z3PzE,,,,,
PG756fV5t3M,,,,,
216gHnHfB3k,중립,0.0,0.16,0.6,0.15
2Nsq0qu8-wQ,중립,0.13,0.03,0.81,0.02
976Ks9WKfzQ,중립,0.01,0.2,0.56,0.22
Q-buomvh9tw,중립,0.01,0.06,0.73,0.18
TqcI_P_xP0U,슬픔,0.01,0.08,0.28,0.54
LXxgU1QdOfo,기쁨,0.62,0.03,0.27,0.02
sJnsHfbZFCE,중립,0.01,0.18,0.62,0.18
9xuL9NdPQaw,중립,0.03,0.23,0.67,0.06
KcCapPoe4us,기쁨,0.5,0.08,0.24,0.01
Sqzm1Soa0Hc,기쁨,1.0,0.0,0.0,0.0
roz94lZyfOA,슬픔,0.04,0.33,0.15,0.44
0pt3gGCnVeo,중립,0.03,0.03,0.89,0.03
-p8zwmieHE4,중립,0.03,0.03,0.89,0.02
yEHQb-V7i6U,기쁨,0.93,0.0,0.07,0.0
lOA4tHX34MQ,기쁨,0.71,0.01,0.25,0.03
8_polqOKop8,기쁨,0.71,0.01,0.25,0.03
-wESlICYikE,중립,0.0,0.01,0.53,0.45
jRL4kzupRgY,슬픔,0.0,0.04,0.23,0.7
3hwgmA_9G-s,중립,0.0,0.14,0.79,0.05
misq-vsH6Oo,중립,0.04,0.09,0.47,0.38
JJAJAWJMegQ,중립,0.09,0.07,0.52,0.23
tfmsaBpNzcU,기쁨,0.4,0.06,0.27,0.21
kyfLyq6Xq04,중립,0.09,0.16,0.44,0.16
4AmKgqydA4w,기쁨,0.65,0.01,0.17,0.14
toC3VSjkPPA,슬픔,0.0,0.33,0.03,0.38
4clTtdDFuZ4,,,,,
Swbd5v4SENY,분노,0.0,0.89,0.01,0.02
paewFZufaG4,놀람,0.0,0.0,0.0,0.0
xCIZJaSPSWw,공포,0.0,0.02,0.08,0.06
Wt3TUusap_E,,,,,
2P-Evk9znl8,,,,,
f22yNOgVliw,기쁨,0.45,0.19,0.0,0.19
vSGqjXvL7BY,중립,0.11,0.04,0.45,0.32
yJC6fcmNo4g,기쁨,0.32,0.03,0.31,0.3
yjjIYcP0m60,슬픔,0.0,0.34,0.0,0.6
tUD1mcgBDHs,슬픔,0.03,0.14,0.2,0.62
gP53-dmtY1U,슬픔,0.07,0.25,0.19,0.42
uZeszIUPstk,,,,,
MnLsDRQoLno,중립,0.01,0.0,0.96,0.02
KpGaHtpgpTA,,,,,
T1ncONyCf-Y,공포,0.01,0.02,0.2,0.15
MVN5T8d_G5E,중립,0.01,0.03,0.74,0.2
pGbM8pWiABU,기쁨,1.0,0.0,0.0,0.0
CwblesTqWUU,,,,,
c-gS7y85ghs,기쁨,0.51,0.34,0.0,0.03
OXOj0i2DiwA,,,,,
VFSHeIF0Y4M,중립,0.03,0.28,0.5,0.14
i9R0XoofDLs,중립,0.16,0.0,0.83,0.0
ee34jFqWqx4,,,,,
XxJsCNkJExw,,,,,
SQ6MMtMGsYg,,,,,
G2DGfo9czGY,슬픔,0.08,0.06,0.16,0.44
CqqqAzDcDKs,,,,,
_3p4sfM9UJA,,,,,
ld2m4icJTx0,,,,,
BHBbkcH-ku0,,,,,
lPF0LQHrp8E,중립,0.02,0.07,0.88,0.02
HxiACEnCsTA,,,,,
4rV_4zbLCmk,,,,,
qpCj3A0BUQo,분노,0.0,0.73,0.01,0.03
N_A5S1gkI70,,,,,
zzk9pGSH7VM,슬픔,0.0,0.15,0.23,0.58
_KhKR709c68,중립,0.0,0.01,0.56,0.42
1WLhf18bHEE,중립,0.0,0.03,0.69,0.25
yoHCh15wH5Q,슬픔,0.0,0.0,0.45,0.52
O1OmByfqlDs,슬픔,0.01,0.09,0.38,0.39
SrajIJ8v2hQ,분노,0.13,0.38,0.15,0.3
L69sn_TBckc,슬픔,0.07,0.2,0.22,0.32
LysYLH9kIwE,슬픔,0.0,0.01,0.0,0.92
u4tNJZ4OIBE,슬픔,0.0,0.12,0.22,0.45
WsHWfDzScEA,중립,0.08,0.13,0.29,0.22
9yS8FUJ098o,,,,,
43HeOBf3CWY,기쁨,0.79,0.0,0.2,0.01
x06WJKnWD5o,,,,,
3Rlh2r1GHvU,슬픔,0.0,0.23,0.15,0.37
SWgCZ1Kvu-k,중립,0.33,0.04,0.56,0.04
MsIYUPXAz4o,중립,0.05,0.18,0.4,0.28
thVsLsAh88o,슬픔,0.01,0.2,0.05,0.37
RrrTQqTcF-4,슬픔,0.0,0.04,0.0,0.79
U61iNOqe18w,중립,0.01,0.05,0.65,0.28
SWNG2H69qbU,중립,0.01,0.08,0.64,0.21
sJWDOstzJPw,중립,0.08,0.15,0.47,0.04
N-F-RXIkBMU,중립,0.0,0.03,0.47,0.34
4zu9LvVZPW4,중립,0.09,0.08,0.54,0.07
54S9IRtto_E,중립,0.02,0.03,0.56,0.36
y9B2BbKHpak,기쁨,1.0,0.0,0.0,0.0
uW6KUaWIvGc,중립,0.0,0.14,0.69,0.14
EKltAgJ3ojE,기쁨,0.94,0.0,0.06,0.0
UqhuJrUEs-c,기쁨,0.99,0.01,0.0,0.0
3SzFUsSXfuM,중립,0.03,0.23,0.34,0.29
sAmNm52cVVs,중립,0.03,0.03,0.89,0.03
GgckTgV4yeo,기쁨,0.58,0.0,0.3,0.11
0RPkD2qGR6E,기쁨,0.58,0.0,0.3,0.11
OvPIiKTZIc8,기쁨,0.58,0.0,0.3,0.11
RrlzQEkEBZU,,,,,
BhI50PDGZoQ,중립,0.34,0.0,0.64,0.01
bm9Kgx_kwhw,중립,0.34,0.0,0.64,0.01
oEzjY3eM12A,중립,0.36,0.0,0.63,0.0
-704bwqTFDU,중립,0.16,0.0,0.83,0.0
JX2oVWDLn9c,중립,0.25,0.0,0.75,0.0
hwda-mrtU_Y,기쁨,0.99,0.0,0.01,0.0
pCHA89igLV8,,,,,
RDRQ3YQZTG0,,,,,
bz6Dn12PdzQ,,,,,
dKPCjvP9XBY,,,,,
1faAnebKNjA,,,,,
JFIVxoQtA4k,,,,,
wH-3awdo_0s,,,,,
NLRcl_XSOXk,,,,,
eREyAixJ9Lg,,,,,
Os7qod_RoQ8,,,,,
O4Txy3fZbYk,,,,,
wCcF0iQ414U,,,,,
yBODgqeB8N0,중립,0.0,0.12,0.81,0.05
wiLMahmEEgY,중립,0.01,0.05,0.85,0.06
itO5G9BYOBo,중립,0.16,0.23,0.56,0.03
3aBgSCBqCPk,중립,0.09,0.27,0.29,0.27
Yz2xQOjvWig,중립,0.03,0.14,0.69,0.09
nO7ud93CsqE,중립,0.02,0.15,0.46,0.07
DKwlsqOew5Q,슬픔,0.0,0.0,0.31,0.67
eeC36WjnFOg,중립,0.01,0.04,0.81,0.11
d0L-DKT4zZ8,,,,,
hRFZHuq0dEs,,,,,
l3HY0XysRyU,,,,,
Wd48U8hK4Xg,중립,0.0,0.11,0.6,0.02
brbiOBqBP5s,놀람,0.08,0.05,0.01,0.0
lzkJ3IYxYyk,,,,,
cl1nmVIuo5c,분노,0.0,0.84,0.13,0.01
1jnudC9gWZA,,,,,
7FZOliq5OUA,,,,,
hOYJeD-Ob14,,,,,
N_XU7nKjb_8,,,,,
5WezysdVvXA,,,,,
TlBqkpWlppE,,,,,
tdPt4y3vFx4,슬픔,0.0,0.03,0.02,0.65
39IIXteVsKk,분노,0.0,0.94,0.0,0.03
TVJlznzE51c,중립,0.0,0.05,0.56,0.33
XDY4IL4vOqM,,,,,
EGOweX27QZE,,,,,
Hkz7-fUViIc,중립,0.14,0.08,0.46,0.06
mi4-l-g_Y2s,중립,0.11,0.12,0.38,0.34
d1YYp8yBALY,중립,0.07,0.11,0.35,0.26
f7yXzyz8QmI,,,,,
vPXvDrAyamY,중립,0.0,0.02,0.96,0.02
XN9TzvUNi9Q,기쁨,0.93,0.0,0.06,0.0
Yfrf3KuTmu4,,,,,
3XRsqg1SCHY,,,,,
CJNu-UkS_iA,슬픔,0.06,0.23,0.12,0.45
1MGc-yPZG9o,,,,,
RPmjWiufWE4,슬픔,0.07,0.2,0.04,0.48
6I1-ykMhSLc,,,,,
C5j7r8liDnM,중립,0.08,0.01,0.88,0.03
jIXiQeHoGFg,,,,,
-wh-uUnETlY,,,,,
V70i0mvXD58,,,,,
TT59fGHKuSs,,,,,
jGTYYPH0_KQ,,,,,
EkBNi6UpYR4,,,,,
juDP_qyeUts,,,,,
DggjpNy660U,,,,,
h0rCrIn6LnA,,,,,
fCIEiI4ux6Y,,,,,
oyHCo0L2khQ,슬픔,0.0,0.05,0.01,0.84
JlMG66ZeTnw,공포,0.2,0.05,0.1,0.04
TzIHJWltois,,,,,
tdNsaCFrGFs,,,,,
yodByZ02dSc,기쁨,0.96,0.0,0.0,0.0
oAyuTFTP1eQ,슬픔,0.0,0.01,0.17,0.81
D6DKfKZv9Ag,슬픔,0.02,0.09,0.42,0.45
F0V3HPhNtms,중립,0.02,0.04,0.7,0.09
pbupi6m6MUs,중립,0.02,0.04,0.7,0.09
LFOmMuMqLTw,중립,0.02,0.04,0.7,0.09
JqL96JURd7s,중립,0.02,0.04,0.7,0.09
cnoyhAdET7k,중립,0.02,0.04,0.7,0.09
kAMGBLqAa14,중립,0.02,0.04,0.7,0.09
ZZm2MgIC8ss,중립,0.02,0.04,0.7,0.09
df-LzzWIz0M,중립,0.02,0.04,0.7,0.09
KvhwCba8FJ0,중립,0.02,0.04,0.7,0.09
hZxwgjlc-9c,중립,0.02,0.04,0.7,0.09
7HVByXo2AF4,중립,0.0,0.01,0.75,0.19
ytXqQNq07n8,,,,,
vlMrRD1o4l4,슬픔,0.0,0.26,0.15,0.54
QEU16DgRlWM,중립,0.0,0.02,0.83,0.13
kbMAgMl8Z1M,슬픔,0.0,0.01,0.33,0.65
4e7oZVOBuPo,중립,0.01,0.05,0.59,0.26
1tdFNjJZ4iM,슬픔,0.04,0.34,0.14,0.4
tsbsSu4zmZA,공포,0.0,0.0,0.0,0.0
kloHmQalfmE,중립,0.02,0.03,0.52,0.39
RjniML9sJ3I,,,,,
OXDZfNHpKPg,공포,0.0,0.0,0.0,0.1
QtLPYdf17Iw,,,,,
CuK6xnl6kiQ,공포,0.0,0.08,0.01,0.17
DdTtHsLBXRM,슬픔,0.01,0.0,0.02,0.5
e7pnJ2SLbCk,공포,0.0,0.0,0.0,0.03
QPMTwoZruGg,슬픔,0.01,0.1,0.13,0.67
Lfgq_289ynI,공포,0.02,0.06,0.01,0.44
lNb2PoqQSFU,중립,0.0,0.02,0.67,0.31
OKzeesRUvnQ,슬픔,0.01,0.03,0.01,0.6
RmvLIV8fAVs,슬픔,0.0,0.01,0.07,0.88
s4Jzpz5ZnHE,슬픔,0.01,0.07,0.01,0.48
RlN1BLwRySQ,중립,0.11,0.01,0.7,0.17
nC48JUJs6Xg,슬픔,0.02,0.09,0.02,0.46
vkNZqTmgtXw,슬픔,0.02,0.07,0.02,0.48
gnsEAECGfvE,슬픔,0.15,0.08,0.03,0.63
PUd2Km0vDWo,기쁨,0.68,0.0,0.3,0.01
-6KkEjAmJ9s,기쁨,0.97,0.0,0.01,0.01
ZCWSzFzS3zA,분노,0.0,0.43,0.01,0.41
LorTQ4V83bw,,,,,
0N_9niX-fZ4,기쁨,0.61,0.02,0.01,0.22
VdqFSK-j-50,중립,0.1,0.07,0.53,0.21
zriIDAhoXNM,기쁨,0.75,0.0,0.25,0.0
Hbrq5ZlA388,중립,0.02,0.02,0.29,0.27
RfUB0M7MpLE,공포,0.15,0.05,0.03,0.03
tEpj9wYmgOk,기쁨,0.56,0.0,0.02,0.01
XGBrixCnARU,기쁨,1.0,0.0,0.0,0.0
dvJB4XphsZo,중립,0.27,0.07,0.33,0.04
JOGao2h3z_Q,,,,,
IXfn4KOhurI,중립,0.27,0.07,0.33,0.04
zRSu9pxjd0k,,,,,
4h1yNxPcRic,,,,,
N4I1iSSD0zc,,,,,
d24iK6Dln8c,,,,,
vqLxMa6Qnf0,공포,0.13,0.31,0.01,0.01
3w4OReenZOw,,,,,
9YxwjmLGtxk,,,,,
TICXsDEO1ps,,,,,
UPRp9623UNY,기쁨,0.97,0.0,0.02,0.0
yKjqWMAxNsU,,,,,
BoZXDZdIb24,기쁨,1.0,0.0,0.0,0.0
kQh2Nzik-d8,중립,0.0,0.07,0.58,0.32
eJg1QS-8msM,분노,0.0,0.53,0.22,0.08
hkwTudBiwA4,기쁨,0.66,0.01,0.17,0.15
xIXWp09tPyI,,,,,
xQQs8b1SRcQ,기쁨,0.56,0.01,0.31,0.02
H6Jy7ttilUI,,,,,
mRHX5zAqFEs,중립,0.14,0.0,0.85,0.0
j6U2jo6NU14,중립,0.03,0.39,0.47,0.1
FIqvc2CxsR8,,,,,
z0yACpAA0tY,,,,,
-_He1ulTuZc,중립,0.34,0.02,0.57,0.03
C9p3rol2YRk,,,,,
2zkzBr3TINc,기쁨,1.0,0.0,0.0,0.0
lxR2YgwyW0w,기쁨,0.94,0.0,0.06,0.0
1lfstp3WOe0,기쁨,0.29,0.25,0.13,0.1
REQwLSXIH2o,,,,,
IrzLnKyhwcI,기쁨,0.95,0.03,0.0,0.0
FSkNUzwmlUk,공포,0.01,0.05,0.03,0.17
NUDxjVL-cgE,슬픔,0.0,0.18,0.07,0.5
e2hZW-bEOzU,공포,0.0,0.03,0.0,0.07
Opa2aEMOo60,,,,,
pIkIquZEu9c,기쁨,0.97,0.0,0.0,0.01
EttW7yYwBkI,슬픔,0.02,0.0,0.15,0.63
zKYXQisf7Fg,슬픔,0.02,0.0,0.09,0.68
AanPWfnizUU,공포,0.0,0.0,0.01,0.26
2fjOJVokelU,공포,0.02,0.03,0.1,0.17
aLDFbNFXIhE,중립,0.16,0.02,0.52,0.18
Cq0DB3IAZqw,놀람,0.01,0.14,0.06,0.1
sr9wu7XgGM4,슬픔,0.0,0.19,0.07,0.65
21IEhKqkwyI,중립,0.0,0.01,0.88,0.09
05lNt7FDaEA,중립,0.28,0.01,0.39,0.31
xL1vIdQv56A,중립,0.01,0.06,0.51,0.37
uLcOFJFoE9I,중립,0.1,0.05,0.67,0.1
AMnZ5bx46yk,,,,,
LHJGnsx-vHA,중립,0.01,0.02,0.82,0.14
zRjCOfxnrPM,중립,0.05,0.01,0.75,0.09
Y4CNoCvgTm8,중립,0.01,0.07,0.49,0.3
t2Wp9SjPnqE,놀람,0.07,0.0,0.09,0.0
RTvZlEefMKA,,,,,
eUhh-KbE3QA,슬픔,0.0,0.05,0.08,0.69
JxuFzqMYkBE,슬픔,0.02,0.17,0.33,0.38
VHks-uv_GEo,분노,0.03,0.84,0.01,0.05
zhB7K2_dzys,기쁨,0.88,0.0,0.03,0.0
VZZVcOLZcbA,중립,0.01,0.0,0.69,0.29
Mn7s_sNb0Vw,공포,0.03,0.04,0.01,0.36
-BEqA_KW7-s,슬픔,0.0,0.16,0.2,0.31
r1kxuGT-Wb4,,,,,
QGnp2aA2dVk,,,,,
r-Gzv7K_DVk,중립,0.01,0.04,0.69,0.2
DhemKP6QOww,,,,,
79OAgbhkWJo,기쁨,0.78,0.0,0.21,0.01
QE5wPdUBynY,놀람,0.02,0.08,0.15,0.15
YI1rzE5ELzE,기쁨,0.61,0.01,0.36,0.01
gxF_Vps-V_I,분노,0.0,0.55,0.01,0.25
6vlN0gg2HFs,기쁨,0.57,0.01,0.41,0.02
SmjkaetLwo8,기쁨,0.6,0.01,0.38,0.01
tUPuV-HxZB0,기쁨,0.64,0.0,0.34,0.01
jrif88Sbu_o,중립,0.16,0.01,0.8,0.02
SiI_OhG9Z0E,기쁨,0.55,0.0,0.43,0.0
RETE3tWCf-I,놀람,0.02,0.08,0.15,0.15
2MfnBSunBBM,중립,0.0,0.0,0.94,0.03
I37idQn9hFw,중립,0.4,0.02,0.54,0.02
_F2Q55Wl-xQ,중립,0.0,0.04,0.28,0.26
ep3o6FWcAwY,중립,0.04,0.11,0.56,0.12
xmBrxDxz7FA,공포,0.0,0.04,0.04,0.19
iqiNJJ-MIMY,중립,0.03,0.02,0.93,0.01
vFBppoiStkQ,중립,0.05,0.04,0.83,0.02
k218gMaXGj8,기쁨,0.65,0.04,0.23,0.03
WnHnqzux0Pg,중립,0.11,0.03,0.5,0.03
7v57wD0uXfI,기쁨,0.91,0.0,0.08,0.0
24pdf5trhD8,중립,0.0,0.03,0.34,0.31
ij89o_X9jbY,슬픔,0.0,0.06,0.27,0.63
-7c_tQLB8S8,슬픔,0.01,0.08,0.27,0.53
VISJT-CiFXg,슬픔,0.01,0.03,0.29,0.61
Vha1SW-TJCk,중립,0.0,0.01,0.45,0.44
wqSr3Q1zD1M,중립,0.0,0.1,0.52,0.25
pjaQz-2RkFk,공포,0.0,0.0,0.01,0.3
LDZWu3NbjzI,슬픔,0.0,0.0,0.12,0.72
87jJJs81xmw,슬픔,0.0,0.03,0.4,0.51
iB969LK23Wc,슬픔,0.0,0.07,0.14,0.74
QXyQgOfuaEM,기쁨,0.73,0.0,0.16,0.08
gD6tja8PuxA,기쁨,0.93,0.0,0.02,0.02
LW5g4ZwzBVM,기쁨,0.6,0.01,0.08,0.28
IJPdXWsXgh0,중립,0.2,0.0,0.76,0.03
SMWNDtvJQ74,기쁨,1.0,0.0,0.0,0.0
qEgfocl0zxg,,,,,
hllsastuZ2U,중립,0.0,0.06,0.6,0.13
PFFjUmOD0kQ,중립,0.0,0.27,0.41,0.25
aLWL5tz1C7E,기쁨,0.46,0.02,0.36,0.08
4aE4sffFE_4,놀람,0.0,0.01,0.04,0.2
t4UzEp5efuo,슬픔,0.0,0.15,0.34,0.48
tDYfRMIvu3I,슬픔,0.0,0.15,0.34,0.48
n_tJf674wjc,슬픔,0.0,0.15,0.34,0.48
UMgLOQu3Wxs,슬픔,0.0,0.15,0.34,0.48
4eNg7CBNlhw,슬픔,0.0,0.15,0.34,0.48
uS-zR_-HSM8,슬픔,0.0,0.15,0.34,0.48
HdQfuVzT2Xg,슬픔,0.0,0.15,0.34,0.48
YlkalY0h7OM,슬픔,0.0,0.15,0.36,0.47
cnlQtgWW5ws,중립,0.0,0.12,0.61,0.25
sFBTxQx3McI,중립,0.0,0.12,0.61,0.25
cl-SdubwEa8,슬픔,0.01,0.08,0.08,0.5
EcqKrlFD03M,슬픔,0.0,0.16,0.02,0.62
dSL7nTiq4C4,분노,0.0,0.78,0.01,0.05
6hc9DeC05SA,중립,0.21,0.04,0.47,0.19
wqLZDVnu-tY,중립,0.12,0.02,0.57,0.2
MWRrB-aAY9I,분노,0.0,0.51,0.05,0.08
Xuke2pRun4w,분노,0.09,0.78,0.01,0.03
PUajCmV0VlY,중립,0.07,0.03,0.73,0.1
DPKrE39TvxE,중립,0.0,0.14,0.73,0.09
Sc9ZQRHw12s,중립,0.07,0.13,0.3,0.22
Vvg_tS-uDTo,슬픔,0.03,0.11,0.24,0.5
nl17a1HpCm4,,,,,
oIxsM-swGOM,,,,,
7GoI7Q3wCwo,,,,,
CSNq2nRCfWk,공포,0.0,0.05,0.04,0.06
6SiUlvC-SCE,슬픔,0.0,0.04,0.01,0.93
u4z00JlfxrQ,슬픔,0.02,0.35,0.05,0.44
CU0GdaTgacQ,기쁨,0.95,0.02,0.0,0.02
uHPBwImDkII,슬픔,0.03,0.1,0.02,0.44
6vAE3KWLAME,중립,0.0,0.21,0.33,0.32
0qqhKEBryNQ,,,,,
xOuFC_UsBsI,중립,0.0,0.04,0.64,0.27
A6WOZDuZO9k,슬픔,0.02,0.16,0.2,0.37
NPOcpDr3U8s,기쁨,0.5,0.01,0.22,0.03
Amcf9KMcowI,,,,,
PQ9BFnn230s,기쁨,0.3,0.18,0.09,0.25
xpTThS3bAbc,,,,,
ptLCp99IDSE,기쁨,0.72,0.11,0.14,0.01
4HQL2rlj_40,슬픔,0.0,0.06,0.29,0.64
IKIMb0ZWPlQ,중립,0.18,0.01,0.8,0.01
S07oIREw3x0,중립,0.06,0.24,0.54,0.13
JW871epo2FY,슬픔,0.17,0.05,0.28,0.38
cJukvDPQ2v8,,,,,
Q7SxfyXBlPk,,,,,
tTmr5SwQ97U,,,,,
RIH_aIsySeA,중립,0.0,0.05,0.51,0.17
YNmwAc6YYEI,기쁨,0.83,0.0,0.04,0.0
xCUCOTGs8RY,중립,0.11,0.14,0.58,0.01
2XZI4rYOLfc,기쁨,0.43,0.1,0.34,0.01
kUNbX7h9Jbo,중립,0.32,0.02,0.63,0.02
eO17T085rFY,슬픔,0.0,0.03,0.38,0.48
o7H1JAF0XgQ,슬픔,0.0,0.03,0.38,0.48
9Z5nr1TXfUI,중립,0.0,0.01,0.78,0.18
pqdEJLRPzsg,슬픔,0.0,0.03,0.38,0.48
Exr6rVbjRGo,기쁨,0.95,0.0,0.04,0.0
IYev2mWOOGs,기쁨,0.98,0.02,0.0,0.0
GoBsZ7_z9f8,공포,0.0,0.12,0.06,0.35
e_f4OiOwNl4,기쁨,0.65,0.0,0.18,0.15
vShH-yJLjT8,기쁨,0.48,0.13,0.13,0.13
G90aRNZXYjI,중립,0.01,0.01,0.97,0.01
u00-6ZVlmIw,기쁨,0.65,0.0,0.18,0.15
h7pZkqhCges,중립,0.0,0.13,0.48,0.38
5BK4sL6gbck,중립,0.0,0.02,0.73,0.22
-Lmd5t8y40A,,,,,
7jkyVB7q5B0,기쁨,0.65,0.0,0.18,0.15
IBLH2WzTTK8,기쁨,0.65,0.0,0.18,0.15
q-UZk343z4A,,,,,
FhEu60O9N-k,중립,0.0,0.0,0.99,0.01
jdlluQ_5SHU,중립,0.02,0.04,0.35,0.25
QuOpJob5HWc,,,,,
TME_abNnBt4,공포,0.06,0.06,0.28,0.3
eOxcnAveH20,기쁨,0.77,0.0,0.23,0.0
HjYVSSMqVTM,중립,0.15,0.12,0.66,0.03
Kp2V02z50Y8,중립,0.08,0.02,0.74,0.09
Yi0Xv2CSLeQ,,,,,
HZR95GbwL_g,,,,,
ljx9yvyFW7c,,,,,
PWe2n74PPso,,,,,
RYblrsr3TB8,공포,0.13,0.12,0.06,0.29
jIIybghpJ0c,중립,0.02,0.05,0.71,0.21
4_0RbxGG6mU,슬픔,0.0,0.07,0.06,0.45
_GTXIZRySjU,중립,0.0,0.02,0.81,0.15
BDI8NEV3rxE,슬픔,0.03,0.09,0.3,0.42
9FzWhRQYmOA,중립,0.0,0.07,0.71,0.16
PbgeIYO-JKA,놀람,0.0,0.07,0.0,0.01
m9S7LLWujkU,중립,0.29,0.05,0.59,0.05
B3SujCcHJTw,중립,0.01,0.11,0.56,0.14
FubRi2jNvQ8,공포,0.0,0.04,0.07,0.07
3VnScRFsQhU,놀람,0.0,0.14,0.03,0.03
-WFJfse210A,분노,0.04,0.28,0.22,0.11
ND0QGWzdyY4,슬픔,0.06,0.15,0.3,0.3
KF8RUM_WBpI,공포,0.0,0.11,0.09,0.3
TSMgsw8jTtQ,분노,0.0,0.6,0.12,0.05
-lRd8vtmkx4,슬픔,0.0,0.12,0.01,0.55
WBBdh5rJbWI,기쁨,0.99,0.0,0.0,0.0
_fEO49-vDRA,공포,0.04,0.31,0.04,0.14
BI8XunqEYEY,중립,0.05,0.31,0.44,0.04
KrBgIVzGml0,중립,0.07,0.08,0.76,0.02
1EbJ_1_ZRyw,중립,0.01,0.28,0.34,0.05
xJZtgo5a9Gs,중립,0.06,0.12,0.46,0.31
9QTZ2CmJBiQ,중립,0.0,0.41,0.5,0.08
Zv-pf63v5Js,슬픔,0.04,0.33,0.14,0.42
FSXRtHTmzQ4,중립,0.0,0.19,0.45,0.25
FVbUoJ9E9YE,중립,0.01,0.04,0.71,0.16
o9h7m3eg-PY,,,,,
aIL3FMzJgD4,놀람,0.2,0.08,0.13,0.17
yPGJwKV15bs,슬픔,0.01,0.07,0.16,0.65
tQzukqjO5oY,분노,0.0,0.42,0.09,0.14
WJybHiDB9L0,놀람,0.03,0.1,0.23,0.27
jL9VJI7WM3k,슬픔,0.02,0.15,0.25,0.39
R9qQ9SxFD1A,공포,0.01,0.1,0.17,0.1
SJ7zkp4CEBA,기쁨,0.54,0.21,0.02,0.01
rh9YlXKTRvY,기쁨,0.31,0.19,0.14,0.05
iEwAoBRGXW0,슬픔,0.07,0.24,0.12,0.29
Oh2bJWMl4q0,분노,0.0,0.55,0.03,0.01
jrW1zhLz8WI,,,,,
HlhqP2XeNp0,,,,,
qm_1CAcmLDE,,,,,
eL-N1aBvbQA,중립,0.01,0.01,0.77,0.11
PeS6sPKPqSI,,,,,
km6tkf6om4M,기쁨,0.33,0.14,0.22,0.18
5wtUlndOsDQ,중립,0.04,0.12,0.53,0.23
bqtBbk4TYsc,중립,0.0,0.07,0.35,0.34
gTOeIcODCiI,,,,,
L6FSfYQbZdY,,,,,
5Kk8zzeOMGU,분노,0.01,0.81,0.03,0.06
UOSeaGrpz2Y,기쁨,0.57,0.06,0.01,0.18
p-RQt7Opksw,,,,,
7Xy3fwwNHD4,,,,,
fETJqEjQ2kU,슬픔,0.0,0.03,0.0,0.66
rjhf8mfCbi0,슬픔,0.05,0.07,0.11,0.76
pEz12zVWb-g,기쁨,0.43,0.21,0.14,0.12
aNgIHW2CG4U,,,,,
h_hbk4XysNE,,,,,
xwHC1lO8_ZI,중립,0.02,0.06,0.88,0.02
hRT22vVIDCQ,분노,0.0,0.42,0.11,0.31
84UOE4REUyA,슬픔,0.01,0.12,0.24,0.33
mrQYtaDG5z4,,,,,
-7mCBkieToU,중립,0.0,0.04,0.42,0.17
JRG42AnhNWs,슬픔,0.01,0.1,0.24,0.34
-vnGWIvEGzI,,,,,
BnEZrfTswqQ,,,,,
d2dsSFWg3ys,,,,,
oCuGeg9zyj8,,,,,
SIxawPynW5k,,,,,
WvWwfkawwQ8,,,,,
T3gklwaHnow,중립,0.03,0.08,0.52,0.14
q6IonJAP9Jw,,,,,
vtrao-MF_XY,,,,,
aBXT-G6qU2s,,,,,
ySeO3BUHvRk,,,,,
lW8JSpxELow,중립,0.07,0.01,0.89,0.03
eLiQlcxctVk,중립,0.0,0.15,0.45,0.39
-UdLeL9Sf6Q,중립,0.03,0.15,0.4,0.09
-3UJ0IuLpUc,분노,0.04,0.34,0.04,0.24
8j_PJssMqm4,슬픔,0.02,0.19,0.13,0.49
gq4Zpmc7mic,슬픔,0.23,0.02,0.19,0.55
GJLA69M-qIg,분노,0.09,0.37,0.26,0.09
jzneO1rIQQc,기쁨,0.76,0.01,0.01,0.04
Yx4f_IjdYOQ,놀람,0.0,0.02,0.01,0.01
0A3qpdOhfSY,,,,,
mq4_EVLASls,기쁨,1.0,0.0,0.0,0.0
zhy8tLaS8aU,중립,0.0,0.1,0.8,0.05
A2COL65Fj3w,,,,,
0yx2_ZktS3k,기쁨,0.75,0.0,0.24,0.0
zFpa6muvCo8,기쁨,0.98,0.0,0.02,0.0
Qq_T3nPNVYQ,슬픔,0.0,0.0,0.22,0.75
QU95uKK8cuI,슬픔,0.31,0.11,0.02,0.52
-l4BagafZEY,기쁨,0.97,0.0,0.03,0.0
uCCjm9Ym4kQ,중립,0.0,0.02,0.78,0.15
N2ujUWsXvCk,중립,0.04,0.04,0.72,0.14
H-GImi8lS_A,,,,,
9CZS11Z_b0I,기쁨,0.39,0.15,0.28,0.01
qGvCS0sDAcA,,,,,
FV7TyqFzHAg,,,,,
R7F4bRJOFY0,,,,,
WNaGAW7GSO8,,,,,
MMWQCgyrGsE,,,,,
KeLuk5zPCi4,,,,,
ms_YUlKniOg,기쁨,1.0,0.0,0.0,0.0
AERoNENEU7M,기쁨,0.97,0.01,0.01,0.0
A88s00j-RgE,슬픔,0.09,0.25,0.31,0.33
jH_42nAVqJM,기쁨,1.0,0.0,0.0,0.0
vZrffbeoJgc,분노,0.01,0.78,0.01,0.16
6aW--sW9Idw,,,,,
mDS--7jYAlA,기쁨,0.9,0.02,0.07,0.01
E4kFJuq54jY,슬픔,0.0,0.01,0.03,0.49
lqcrvDagvnU,분노,0.0,0.89,0.08,0.02
er0NyTv84No,공포,0.0,0.05,0.09,0.3
TqVXOipW3f0,슬픔,0.01,0.14,0.01,0.6
nSY3aqQ8eIs,슬픔,0.0,0.0,0.01,0.92
1aycpHgAnTs,슬픔,0.0,0.02,0.03,0.88
nrZE2RWdZXw,놀람,0.0,0.01,0.02,0.28
KCa47tqqEF4,슬픔,0.0,0.01,0.11,0.54
zuTVK6s2Xxw,슬픔,0.0,0.0,0.01,0.98
D5LdNGF0F3I,,,,,
qUiKInvvD9I,중립,0.13,0.05,0.64,0.1
KLf_rtX1PyM,중립,0.03,0.04,0.78,0.13
2VQqEOoknTM,,,,,
dd6W66oujYk,슬픔,0.0,0.02,0.38,0.54
V9WHmfTIlBg,,,,,
9m0TEP-n2Q8,,,,,
yu4VgAONA8I,,,,,
EzcJZcogS38,중립,0.0,0.1,0.64,0.23
Yt2aVaYmP7g,,,,,
wP5Dl-KRT4M,슬픔,0.01,0.06,0.32,0.51
b1Rf-wZcebg,,,,,
-pafcReiNoc,중립,0.0,0.04,0.74,0.21
e5sIKuL5Zvk,중립,0.1,0.11,0.5,0.2
OdBUsJjRGpQ,놀람,0.0,0.0,0.0,0.0
WHY7TV2Vhho,슬픔,0.0,0.15,0.24,0.55
6k7TZzeSVN4,중립,0.0,0.04,0.61,0.34
gFkeNx5Qjuk,중립,0.01,0.02,0.75,0.07
XEzhGjFhEoE,기쁨,0.99,0.0,0.01,0.0
OBVIlXWTVSY,슬픔,0.01,0.05,0.12,0.6
KZHn8D2ZX80,기쁨,0.34,0.27,0.07,0.28
76Fzgb7CgFI,기쁨,0.92,0.0,0.02,0.01
vGq8K1hG_c0,중립,0.04,0.11,0.79,0.03
bwjMo9IBMCQ,중립,0.0,0.17,0.47,0.12
vX25hI6ssSE,슬픔,0.01,0.02,0.42,0.54
F0LQCbYHwds,중립,0.01,0.02,0.74,0.21
mcN8Qx-jM4k,,,,,
-qB46KiH39Q,,,,,
zjoKnOzIhD0,공포,0.0,0.04,0.04,0.03
S9RngnZpmqE,중립,0.0,0.05,0.89,0.05
rOZ1uJLW4Xk,기쁨,0.99,0.0,0.01,0.0
utkojZ4binA,중립,0.05,0.09,0.6,0.11
1hsktXZndhI,중립,0.31,0.1,0.38,0.06
V2QcjodDNMA,슬픔,0.0,0.02,0.02,0.55
EWYe4CugFr0,중립,0.02,0.07,0.51,0.08
frMWLGcbGFk,공포,0.0,0.12,0.07,0.15
R9S1JlVxJTA,분노,0.01,0.52,0.01,0.03
SywzHfbOUAk,,,,,
KFs5tQdEF60,,,,,
ku2h4_moaEg,,,,,
z5MXoNmMMBc,슬픔,0.0,0.01,0.01,0.7
Q-SBkEKMCOE,,,,,
yhLQOsrKy2Y,기쁨,1.0,0.0,0.0,0.0
yrDc4762-mo,,,,,
4a-_W-D0QLw,슬픔,0.01,0.33,0.1,0.36
KBj12jznLsY,슬픔,0.03,0.13,0.28,0.48
h8AeELT2IAk,공포,0.0,0.09,0.01,0.3
QZit7dSQ2wg,중립,0.09,0.1,0.34,0.25
fDeLmzHsa6I,슬픔,0.0,0.04,0.1,0.85
l_-3TXGzSbU,슬픔,0.06,0.06,0.09,0.43
azGvpVXNwsM,,,,,
tkFp27AP6Q8,기쁨,1.0,0.0,0.0,0.0
9KoAkYYv4sg,중립,0.01,0.04,0.45,0.2
tJZpXvzqaaQ,중립,0.02,0.07,0.85,0.03
9TASYhG0Y0I,,,,,
p6VbLWo04kU,,,,,
dP3eYCgmVvA,,,,,
5QGddUKiCes,중립,0.23,0.05,0.6,0.11
3C9XyETWDQk,중립,0.0,0.01,0.82,0.07
VZxXwBvVnmQ,,,,,
lhD2NVP3DgQ,,,,,
u4lGrl9L-tE,중립,0.0,0.0,0.97,0.02
Se7prodt0_Y,중립,0.0,0.0,0.95,0.04
NVaJjYVAUqA,중립,0.0,0.02,0.87,0.06
IeRBENFcE3Y,슬픔,0.0,0.21,0.01,0.58
V3CAJSIcwdo,슬픔,0.0,0.09,0.23,0.66
Jyg1SxDWl5I,기쁨,0.93,0.05,0.01,0.0
A9bbeRK95_U,,,,,
8zA7IrCrY-4,분노,0.05,0.39,0.17,0.2
iRfopO_yjiU,,,,,
J_xrk6Ha-pk,중립,0.01,0.02,0.59,0.11
6tU-FE-nk-Y,중립,0.04,0.1,0.62,0.22
MgtzhgfMVXo,,,,,
_mYLfnyApts,기쁨,0.95,0.0,0.02,0.0
KN77wRBWyI8,기쁨,0.99,0.0,0.0,0.0
p31F1EHv58g,기쁨,0.52,0.0,0.0,0.0
v8aBVQs0iNE,놀람,0.0,0.0,0.0,0.0
jEZ5Spjacd4,기쁨,0.99,0.0,0.0,0.0
2u4lHKvsqMo,기쁨,0.62,0.0,0.12,0.01
bZXu0BXDRO8,기쁨,0.99,0.0,0.01,0.0
sVrdr3c6e8M,,,,,
TgR06ZxUrxc,슬픔,0.0,0.18,0.02,0.28
gPE-PTrek3I,슬픔,0.17,0.12,0.28,0.35
yWzo456z39E,슬픔,0.0,0.32,0.13,0.36
jfdyY0EH41Q,분노,0.0,0.56,0.0,0.27
bW19jzjxEbM,놀람,0.01,0.02,0.01,0.0
-eb94dKn4Mc,슬픔,0.0,0.02,0.06,0.86
NeqFkQJiPrI,놀람,0.0,0.0,0.0,0.0
nTwfebb5rNs,,,,,
33HOpBGuKtg,기쁨,0.37,0.3,0.12,0.06
_lo04jZtYOg,,,,,
iel9vCQutys,,,,,
DPheG3ADSes,,,,,
EhxBPoifFE8,기쁨,0.64,0.08,0.11,0.05
zn7iIck9ce4,,,,,
ZjgkDwDoq6E,슬픔,0.02,0.19,0.05,0.59
7pLic17CKHo,공포,0.02,0.02,0.24,0.15
fGhS68_wY30,,,,,
2jltvnc-Fno,,,,,
Lr4kG_1MlFs,기쁨,0.99,0.0,0.0,0.0
19WFtOPHje4,중립,0.01,0.02,0.29,0.26
B0CHDWBY7TY,분노,0.01,0.44,0.15,0.15
XO3wNu0S4tM,기쁨,0.86,0.01,0.13,0.01
bBbH7qvqYag,중립,0.07,0.02,0.82,0.08
ftM0kL0fz7c,중립,0.02,0.14,0.37,0.34
GumfBpi7GQY,중립,0.41,0.02,0.51,0.01
8gfkLeF3B-s,,,,,
tve72SACDw4,분노,0.05,0.24,0.24,0.23
GvspBmwdVVQ,,,,,
jKz6l1X5nAk,,,,,
J4nuFKK7_9E,슬픔,0.01,0.02,0.28,0.45
TDWrL8Qhntc,기쁨,0.76,0.0,0.22,0.01
Gbh8n3XE_ks,슬픔,0.07,0.02,0.28,0.44
IHZrHhaMD68,중립,0.08,0.02,0.74,0.08
tdztCMRZCgE,중립,0.02,0.02,0.57,0.34
4LvU3FB-Kkw,공포,0.02,0.06,0.21,0.27
ge12QnL3FYc,중립,0.11,0.05,0.48,0.28
6qY8h1ISZeo,중립,0.2,0.01,0.54,0.2
K92p3K9pxXg,기쁨,0.97,0.0,0.03,0.0
8bpqTWZscXw,중립,0.06,0.04,0.6,0.22
idNgnMS2xvA,기쁨,0.72,0.08,0.03,0.13
Jfe-msHVCxg,중립,0.01,0.06,0.82,0.1
B8fBK5VjE84,기쁨,0.93,0.0,0.05,0.01
Ky1h5lugtKA,,,,,
fV4-AawPs44,중립,0.27,0.11,0.41,0.18
X3pNoFfSNm4,중립,0.24,0.0,0.66,0.08
9tZeiepmXBw,중립,0.18,0.06,0.45,0.14
6RSZ29g-y28,슬픔,0.0,0.09,0.05,0.85
IrP3f8ixuak,,,,,
7M7_q6BV50A,슬픔,0.06,0.18,0.18,0.44
vtczGMeNOo4,,,,,
idgYxVOch0w,공포,0.08,0.18,0.26,0.11
u8B_XeSWoJg,공포,0.08,0.18,0.26,0.11
n1LrRAQm7dg,,,,,
0cQNOXRgpmU,,,,,
6qliu4yLUu8,중립,0.01,0.16,0.45,0.19
iQmqIf0mLfw,중립,0.0,0.0,0.92,0.03
Ikk9psRowgw,슬픔,0.01,0.03,0.22,0.38
4B3fJ141Cww,중립,0.01,0.0,0.98,0.01
NxnWYDLnSjI,,,,,
TZOahmOluns,중립,0.01,0.06,0.53,0.13
Tb03R1PtXO8,기쁨,0.77,0.04,0.03,0.04
7ewucch7Lt8,,,,,
soB_GQgXiXs,중립,0.01,0.02,0.7,0.13
UkmqPkBwQdA,놀람,0.05,0.01,0.09,0.17
cCCoPogBYCI,중립,0.3,0.03,0.58,0.07
KhC6K_LQ9yM,놀람,0.28,0.01,0.21,0.02
hY2daG6QByU,중립,0.02,0.04,0.31,0.24
lxLZSGQlCOQ,중립,0.03,0.05,0.78,0.11
gMaE_w-uY80,분노,0.22,0.48,0.05,0.07
lTuho-05kJE,기쁨,1.0,0.0,0.0,0.0
xd6yBMccljc,공포,0.0,0.01,0.01,0.15
PQgkTLv6Ces,슬픔,0.01,0.24,0.19,0.39
uuFDkGzcHjY,,,,,
0cKX3tLtqA8,놀람,0.0,0.06,0.31,0.08
-wXVq5sjhOg,슬픔,0.0,0.01,0.33,0.65
gXEuEqAiLaQ,중립,0.02,0.4,0.53,0.01
aBvc4WCbKoA,기쁨,0.67,0.14,0.06,0.11
O1x2U16U_1w,중립,0.04,0.03,0.73,0.07
zE_1yKNu8Dk,분노,0.0,0.34,0.25,0.07
ndFGTZVbucQ,기쁨,0.96,0.0,0.02,0.01
bpBGbqBRaM4,,,,,
-GEL_gTHIHE,,,,,
UrZF70_Kh2g,놀람,0.02,0.15,0.16,0.11
HCyduz0g_U0,기쁨,0.95,0.01,0.0,0.01
9zOQGk7NPXo,중립,0.13,0.13,0.31,0.14
0AdzY5fqzM8,,,,,
9nBrTFuljB4,중립,0.0,0.03,0.54,0.31
l5JaS0FOH8c,,,,,
opqS_OxbTg4,,,,,
QP3B6bqJPlI,,,,,
uo9H9Zu_lxc,,,,,
jYWLFEggRvc,,,,,
hLadKgHUOsU,중립,0.03,0.07,0.59,0.28
_2sfaoSI8cg,분노,0.16,0.31,0.24,0.24
de2lEwU8Fdk,기쁨,0.42,0.37,0.05,0.12
V5JCBBnkCLo,,,,,
IQSUID53o5I,,,,,
Y7IXj0zi7Sg,,,,,
LAGLj6KOQ0M,,,,,
xZtcO5wzQ-I,슬픔,0.05,0.08,0.3,0.55
VwcaOPaAbf8,기쁨,0.97,0.0,0.0,0.0
bW7HnH19_IQ,기쁨,0.34,0.03,0.04,0.12
1ftrfjriJRQ,,,,,
m7CI-X3sZDE,,,,,
V5uwdhkfksg,슬픔,0.08,0.06,0.31,0.5
0HfrNyiugls,놀람,0.06,0.3,0.17,0.02
VHWG9wxYa2c,분노,0.09,0.68,0.04,0.16
hCJbR33EqmQ,분노,0.01,0.99,0.0,0.0
qZppKBng64o,기쁨,0.28,0.15,0.19,0.02
KCUQPnF4iKk,슬픔,0.02,0.08,0.24,0.49
BojWF5rhOK8,중립,0.08,0.02,0.74,0.11
0kePpcCmbow,중립,0.11,0.03,0.53,0.15
2WcrsrkbfvY,공포,0.02,0.16,0.05,0.21
RhtXS7Pr-Oo,,,,,
2g0RqFVJtSg,분노,0.0,0.48,0.06,0.4
-CvQ4WKW9no,중립,0.01,0.04,0.88,0.07
rAbfk-C0sDg,분노,0.0,0.88,0.01,0.06
MX8zAg-i0tM,공포,0.08,0.23,0.06,0.28
h2yI7jp7S50,기쁨,0.96,0.04,0.0,0.0
cBo892YCzYo,중립,0.14,0.11,0.35,0.18
CQlcSzMBX8U,분노,0.0,0.42,0.06,0.3
VGC-ovb7Uww,,,,,
hEg7slic28E,분노,0.03,0.43,0.14,0.17
YSg3oVmKC84,슬픔,0.06,0.2,0.12,0.29
d4SgO8zy7-E,,,,,
KSE3QRax3rg,,,,,
LuAw1Elulfk,,,,,
ZWdcGEEI3bM,,,,,
tr9m0bTcOYQ,,,,,
7crzUf6GT2o,,,,,
kvkXy5UkTS8,,,,,
ocPS7gA7G6s,,,,,
VVG-KxlBZv4,중립,0.11,0.07,0.63,0.17
UEdzX3bWtfI,놀람,0.29,0.05,0.16,0.03
spT_9OH2Ioc,놀람,0.04,0.07,0.12,0.04
a4tUHOxob-A,슬픔,0.0,0.25,0.24,0.46
GGgMJA7XHC8,,,,,
7_heFYRohdY,,,,,
X9bzRX8A4GY,중립,0.05,0.05,0.74,0.13
l9f9ebHhDk8,,,,,
A25Q6A6YIr8,,,,,
LZ6ShWhDvjE,,,,,
suaUR6avAfg,,,,,
_XSzqCI_B5g,,,,,
vj_jbfjyM5M,,,,,
zOq_OYLiqEc,,,,,
4mtouA82n_Q,기쁨,0.47,0.26,0.01,0.19
DavQcfiUUrU,,,,,
_MJrmixP0Bg,,,,,
NTMUph0knrM,기쁨,0.38,0.09,0.21,0.31
8CVPc8WBuBQ,슬픔,0.0,0.01,0.06,0.92
aoNRaFx8Hjk,공포,0.03,0.3,0.19,0.11
2tyiLAIOMF4,중립,0.02,0.02,0.43,0.21
NnXz8CP_ZUY,공포,0.0,0.07,0.28,0.06
9omXQnB5J4M,기쁨,0.97,0.01,0.01,0.0
fJv_sAlCgbU,기쁨,0.78,0.01,0.18,0.02
9hA5tcNsa8Y,기쁨,0.68,0.0,0.27,0.03
GRuw5RvTfYQ,기쁨,0.98,0.0,0.01,0.0
JLuNANzqAME,중립,0.18,0.2,0.47,0.01
Y8UKwLJLDd4,분노,0.14,0.37,0.15,0.17
WzE9BfL1NPw,놀람,0.0,0.0,0.0,0.01
NIvsnGKeecI,공포,0.0,0.03,0.2,0.25
geh3X-tLcbU,중립,0.01,0.01,0.6,0.31
VslESjiVdeo,기쁨,1.0,0.0,0.0,0.0
fq7bu02IuQs,기쁨,1.0,0.0,0.0,0.0
c6gSTytPu4k,,,,,
EdqSlblymEQ,,,,,
txTYBiMfGQQ,,,,,
UInAWt2YGSg,,,,,
Mu5FJnA9VUc,기쁨,0.33,0.27,0.13,0.21
WNJeFctQVRs,,,,,
1M3w6TrSs5o,,,,,
G9f3C8dDp70,중립,0.02,0.14,0.45,0.17
Yi5eJ_naPuQ,,,,,
bOzWtWU9GZs,슬픔,0.07,0.13,0.26,0.43
v9RzcO7-l-o,중립,0.35,0.07,0.51,0.04
Wg9bhbezmlw,기쁨,0.63,0.0,0.26,0.1
PbTc9M8RUvE,분노,0.0,0.91,0.05,0.0
w02grOl0eBA,슬픔,0.0,0.1,0.01,0.74
wQWiWDwAgLQ,,,,,
J85SZY4Gd40,,,,,
K-_ca5adqVk,공포,0.25,0.1,0.12,0.22
2c9UT5RqrSo,,,,,
xDsW3RH7s98,중립,0.02,0.05,0.48,0.39
CWLNtt8CKfU,분노,0.0,0.45,0.39,0.11
s3BTAxypm-w,기쁨,0.99,0.0,0.0,0.01
VV_SSd_pQFU,공포,0.07,0.09,0.05,0.07
wAYr-RqPQBg,기쁨,0.95,0.0,0.04,0.0
ZHtGwSkGafc,기쁨,0.41,0.03,0.28,0.22
Hz6bo_CkBwc,,,,,
1OJJuIMDbkE,분노,0.27,0.42,0.07,0.12
QgVYVLQMpXM,공포,0.0,0.07,0.03,0.15
RlQDa32DQfU,슬픔,0.0,0.02,0.03,0.52
4wRYMA1yQFc,놀람,0.0,0.01,0.01,0.0
ZWeeSPlm6VI,기쁨,1.0,0.0,0.0,0.0
qp8A547Ng4c,공포,0.0,0.0,0.0,0.01
uoNGPKjWiBc,슬픔,0.07,0.04,0.05,0.55
9KBO4hyNvvs,공포,0.0,0.02,0.0,0.22
doIa5_BX7zA,공포,0.0,0.02,0.02,0.15
fSnLVm2v3Zk,기쁨,0.95,0.0,0.05,0.0
BB-M6rfmya0,공포,0.02,0.05,0.13,0.1
Em9O0HXCUh8,분노,0.01,0.7,0.11,0.16
o5mI8GFxpT0,분노,0.02,0.55,0.28,0.12
8exh3rMOgBs,중립,0.03,0.01,0.81,0.07
xDcaexZ9_7s,기쁨,0.82,0.01,0.15,0.01
yKyGM7CAo_E,슬픔,0.0,0.05,0.0,0.85
uTz1IcnOBgY,슬픔,0.01,0.04,0.21,0.64
izfRrY1MU2w,기쁨,0.95,0.0,0.04,0.01
XCGacvNT2zo,기쁨,0.79,0.0,0.19,0.0
F1sTs8zn1QE,기쁨,0.98,0.0,0.02,0.0
RWd28sJtOLI,기쁨,0.9,0.0,0.07,0.02
376WryiKTCQ,기쁨,0.99,0.0,0.01,0.0
5YL_T6maoOQ,기쁨,0.95,0.0,0.05,0.0
q6m-4LpgLHA,중립,0.0,0.05,0.86,0.08
n-MJrqMp0dw,중립,0.0,0.27,0.52,0.15
-P_FsGo46pE,기쁨,0.99,0.0,0.0,0.0
X8szgeNBss4,슬픔,0.08,0.11,0.2,0.38
JO_F7u2s5xc,,,,,
uYMzV6p--xA,슬픔,0.05,0.29,0.19,0.43
pstl-MkLX4I,,,,,
xRNmxZpJdJU,중립,0.0,0.01,0.96,0.02
GLQBue8IY8Y,중립,0.01,0.05,0.67,0.11
CBI4fw1uvmw,중립,0.01,0.01,0.95,0.02
3F0paZ8QsqU,중립,0.02,0.09,0.78,0.07
cjCqW52LeXs,,,,,
MeVy1w5sivQ,중립,0.02,0.01,0.93,0.03
6LJ8fJ2Z8e0,중립,0.0,0.02,0.94,0.03
gD6HuBLA-wY,중립,0.02,0.04,0.74,0.04
0PaC82xpI-4,중립,0.0,0.02,0.96,0.02
5uNl5nm0DZw,공포,0.0,0.3,0.01,0.05
HdLO3QZUJfI,중립,0.05,0.02,0.87,0.03
9EAiNt4vlio,슬픔,0.0,0.0,0.04,0.95
8qfpZHvN4iY,,,,,
98Rvv4bEz2Q,기쁨,0.99,0.0,0.01,0.0
Ea3xm-SAeMo,중립,0.13,0.23,0.45,0.15
sxVUPS8ZYaI,,,,,
_UNeUVf06PA,슬픔,0.0,0.02,0.38,0.59
ETTofLTMjGI,공포,0.28,0.25,0.02,0.12
xXh-iKkGQzY,슬픔,0.07,0.05,0.28,0.48
HH4tatQoG9w,기쁨,0.56,0.0,0.42,0.01
ycLjo9iVrSI,,,,,
YTeWJMoFdbw,기쁨,0.64,0.03,0.21,0.08
41wXXVXdNLM,놀람,0.0,0.19,0.16,0.03
1AW8Kfl5ZQQ,기쁨,0.29,0.24,0.21,0.08
--LLBMnvJrI,슬픔,0.0,0.01,0.0,0.99
MEa3MuBH1R8,,,,,
paUEBV4gIxY,중립,0.11,0.1,0.55,0.18
-gtydB2aeLM,기쁨,0.72,0.02,0.08,0.08
3lICCWnnPLo,기쁨,0.94,0.01,0.01,0.02
3RvxDIQUrPw,기쁨,0.55,0.05,0.19,0.11
LhqrlcsG6KQ,공포,0.0,0.41,0.02,0.14
hHa10tZT4CQ,기쁨,0.53,0.37,0.05,0.03
cwTPjNCpqtY,공포,0.26,0.15,0.03,0.16
fd-Tvy03txo,슬픔,0.28,0.1,0.15,0.35
OXA6d-icMIs,기쁨,0.55,0.22,0.16,0.03
m9dqw3MJl-0,공포,0.02,0.01,0.03,0.24
mf7TW_UEj2g,공포,0.0,0.13,0.06,0.28
gp_frhNa0yc,슬픔,0.0,0.26,0.1,0.37
FixCYhYAcbI,분노,0.01,0.74,0.03,0.05
eki8jDZrPI0,,,,,
02ncuMNUvEU,분노,0.0,0.55,0.04,0.05
sC-i68Xd_Sg,,,,,
RPW0qgkngNI,기쁨,0.24,0.18,0.12,0.16
7topzmVXpWc,,,,,
cnODItyrqCY,중립,0.03,0.04,0.57,0.31
z7SwCWiejGY,,,,,
DnAnyWy63AI,,,,,
hWwPXTnfdak,,,,,
SLNGzmtEGL0,,,,,
LS5R3U-1tdo,,,,,
4lEcsFeolGs,,,,,
AE6UQhQyuRA,,,,,
jkEqUZXp6sg,,,,,
BDEW-MxRPlw,기쁨,0.65,0.03,0.21,0.09
16T29EOkGVg,,,,,
U-ef4d6Qae4,슬픔,0.01,0.0,0.01,0.72
UEZUhngYC08,,,,,
rtRK6flYuuM,공포,0.01,0.08,0.13,0.13
EDo73qNM-8I,기쁨,0.58,0.11,0.04,0.05
9YdZ8qdFrLM,중립,0.0,0.13,0.82,0.04
GiCyQen1wKw,공포,0.0,0.01,0.0,0.19
slQvVOD1l_4,기쁨,0.52,0.19,0.0,0.0
ICWE0nbVOE0,분노,0.0,0.48,0.01,0.35
Ny33RFC_sgk,공포,0.0,0.03,0.0,0.02
LMls-eVwn7g,중립,0.01,0.04,0.51,0.41
sx7By7V9ji0,기쁨,0.76,0.08,0.14,0.02
yJSzD3V1KGY,중립,0.22,0.06,0.52,0.09
z90ylzJ2gdw,중립,0.31,0.02,0.66,0.01
S60_8CLcJkE,기쁨,0.4,0.1,0.35,0.1
65nDac6TBQA,공포,0.0,0.37,0.03,0.14
Smz4jo9hM_o,기쁨,0.98,0.0,0.02,0.0
VA3N8Qob6RA,중립,0.03,0.06,0.48,0.43
4AwH8B94dn8,중립,0.03,0.03,0.65,0.25
INpK_zm7mMI,슬픔,0.0,0.07,0.12,0.36
jgUX8_2ljzw,공포,0.03,0.05,0.27,0.13
YaGXhAcqfLA,기쁨,0.99,0.0,0.0,0.0
cULNNk-VDJA,중립,0.01,0.1,0.84,0.05
vcIUCiuLB3s,공포,0.01,0.17,0.05,0.35
GEsgFYsnde4,분노,0.0,0.4,0.13,0.14
tkAXZc_-OAc,중립,0.0,0.05,0.87,0.08
XNdcywz61Ac,기쁨,0.38,0.11,0.3,0.1
o2OVATdqjnw,중립,0.0,0.21,0.58,0.16
W09s_C2BiOo,슬픔,0.0,0.09,0.31,0.59
302sio56cCM,놀람,0.01,0.01,0.09,0.07
CjPy7iZQZYs,놀람,0.0,0.03,0.04,0.03
2MavQIbI5TI,중립,0.15,0.04,0.38,0.07
d5L_EmCLCt0,공포,0.02,0.03,0.29,0.24
xovCPEm-Cu4,중립,0.03,0.08,0.55,0.29
QarSamQKRlk,슬픔,0.28,0.22,0.03,0.35
QsuXPsu3aEA,공포,0.0,0.19,0.23,0.27
DcjQcF7mgDg,중립,0.21,0.0,0.5,0.28
qKFQ7WxuJ5o,기쁨,0.8,0.0,0.17,0.01
N80nsl8NDeA,기쁨,0.45,0.01,0.29,0.14
FyncAmrZzuc,분노,0.01,0.52,0.21,0.25
XXzsV_IjojE,공포,0.0,0.1,0.0,0.03
oBpVq0PLfqM,놀람,0.0,0.04,0.0,0.0
CZ7yN31J9Vk,슬픔,0.42,0.01,0.1,0.43
pZqKpIEj59I,기쁨,0.64,0.05,0.28,0.02
gU2gQDvrCIY,기쁨,0.76,0.0,0.22,0.01
PTmj7Ym2FKQ,놀람,0.02,0.06,0.17,0.08
n-TklZ1pwAw,,,,,
MITzb-qlcjU,,,,,
3EmtiFGOi4A,,,,,
EYg6l_efmbQ,중립,0.01,0.41,0.56,0.02
6U-iz4Lik8w,중립,0.02,0.13,0.58,0.12
dZKOLGTk8oA,중립,0.05,0.01,0.49,0.05
oCV5b-y5ngs,슬픔,0.01,0.27,0.1,0.28
QroT5eJi_nU,중립,0.2,0.01,0.58,0.19
nHpmONrk2dw,중립,0.0,0.04,0.67,0.13
34w8j0HJMjQ,공포,0.0,0.01,0.28,0.18
AsUIV4bQXtk,기쁨,0.98,0.0,0.02,0.0
PsE3j0FXtP0,,,,,
PvHkO8drBVc,기쁨,0.98,0.0,0.02,0.0
rohn1sxBgEQ,기쁨,1.0,0.0,0.0,0.0
51rPSZky_ag,중립,0.24,0.0,0.61,0.1
fcYCHeZbFBs,,,,,
PDv6SA3kH_k,슬픔,0.0,0.0,0.2,0.48
kOd24SkbJps,중립,0.0,0.0,0.97,0.02
ntJY56ZiO20,중립,0.0,0.05,0.38,0.28
J5OC1tkywaY,중립,0.0,0.02,0.89,0.03
sHPiTz23mGs,중립,0.0,0.02,0.89,0.03
9qP6LP-Wyx4,중립,0.02,0.03,0.59,0.31
uZfYDddPXD0,중립,0.04,0.05,0.56,0.04
w5JGxcQc0e8,,,,,
NHo1ceJyh60,,,,,
zZ2WM3buBzk,,,,,
-u0kZQyGA9c,,,,,
1O73z1-hmGc,기쁨,0.93,0.02,0.03,0.0
HAxxcUnnSI8,,,,,
OuSgXVn0_BM,슬픔,0.05,0.21,0.11,0.57
bOTxI_MuwC0,공포,0.02,0.07,0.25,0.28
1vYLdh1Azgc,중립,0.32,0.0,0.61,0.06
4rq-VpfN00U,분노,0.0,0.94,0.01,0.02
8GkL0BMPwGw,,,,,
agjrV6K83ig,기쁨,1.0,0.0,0.0,0.0
77DBY2FsvVs,기쁨,1.0,0.0,0.0,0.0
dWAg5XTfHc0,,,,,
dUj9W1TzZuo,중립,0.03,0.32,0.38,0.17
tjQod2uCVkw,분노,0.07,0.43,0.2,0.27
k_Yf7XD9GCE,,,,,
CbNLhsEMxWc,슬픔,0.01,0.23,0.02,0.36
RQGe3SlM6Bw,,,,,
1pomkgCedto,기쁨,0.79,0.0,0.2,0.0
EgXhr8-vQk4,기쁨,1.0,0.0,0.0,0.0
GYiKcyF_QWM,슬픔,0.23,0.03,0.02,0.55
2pMyFzA054U,슬픔,0.02,0.0,0.02,0.95
U0UNe6I0_0g,기쁨,0.99,0.0,0.0,0.0
XgpzkNjwk7U,중립,0.09,0.01,0.78,0.06
6Kug90LJX5c,중립,0.03,0.01,0.89,0.05
4Qz41c0-b7U,중립,0.07,0.02,0.79,0.08
-yGiEehY72Q,,,,,
wMAlJyQQy-Y,중립,0.04,0.15,0.79,0.02
hhX2475-LDw,기쁨,0.41,0.07,0.34,0.11
NqG_X_dO4jU,중립,0.1,0.33,0.45,0.07
OTmTRyBYNR8,,,,,
Wjrx1qbktbI,분노,0.0,0.45,0.09,0.1
g4JYRcb_TGM,,,,,
fNSZOVRVZfE,,,,,
mI5Enn8iwLw,,,,,
Z5_C-RjU63w,,,,,
s7nPxB7Nl70,,,,,
avChIvoK4xE,,,,,
Xw4wJPmEhLY,중립,0.0,0.03,0.83,0.04
ZMKjTTNhImw,,,,,
Xz8G5U6wujk,,,,,
cG8HPjy_NxY,,,,,
c6I2ANTMVr4,놀람,0.0,0.11,0.14,0.14
bjjPzQRdJSE,기쁨,0.49,0.12,0.19,0.08
M56OzlFBGq0,기쁨,0.32,0.16,0.17,0.2
vVNlbQwOh-o,,,,,
-NZfybYuHKE,슬픔,0.02,0.17,0.2,0.48
blaKkw_lCdE,중립,0.1,0.21,0.26,0.17
oZ5u0YpwsSM,중립,0.12,0.03,0.69,0.11
rWuq8MzmllY,,,,,
u5ikwnty7ZI,,,,,
WxnxELiTiyQ,,,,,
mhoM1SrVUrQ,,,,,
_-BWv_iystg,,,,,
vsyBbESK-gA,중립,0.11,0.26,0.44,0.18
9W4E4bDjKDw,공포,0.1,0.1,0.23,0.21
ZyGkUax8uU0,,,,,
_sqTWOvkTRg,분노,0.0,0.92,0.01,0.03
MizPdvi-tCs,중립,0.0,0.23,0.41,0.3
zAp_VhX6TII,,,,,
zTy49YcHwhA,슬픔,0.0,0.11,0.07,0.63
sMcdoWTtCzQ,기쁨,0.86,0.02,0.11,0.01
MniUP-yF1R0,기쁨,0.84,0.01,0.13,0.01
G5sD0kom2gY,분노,0.01,0.55,0.13,0.08
W89JjCcb1Ms,분노,0.0,0.77,0.0,0.01
Xnd5h-wRb9A,,,,,
FtS0JAhwcGE,슬픔,0.07,0.01,0.27,0.45
la2zKz11HVA,중립,0.22,0.08,0.44,0.22
OcIlLEIsdUk,분노,0.01,0.47,0.29,0.07
cY6FyPF1Afo,기쁨,0.64,0.04,0.24,0.05
UhFgkeAX58o,공포,0.05,0.07,0.16,0.18
fAV11gynFB8,중립,0.01,0.0,0.45,0.04
2lIwnBnM62Y,,,,,
iX71igdxmSE,기쁨,0.72,0.02,0.23,0.01
tm5tS4R_TZE,,,,,
ZNtKYdYql-I,기쁨,0.66,0.2,0.0,0.0
MKkP72Wd3-g,중립,0.07,0.01,0.88,0.01
rbgePC9D6t0,,,,,
ECJEDXT9D9o,,,,,
tztL-r9Dsr8,슬픔,0.3,0.15,0.06,0.43
_eRBkmMO8Vo,,,,,
Ma0qA4t-4bE,슬픔,0.0,0.0,0.39,0.58
B9HbNo16rbc,분노,0.01,0.56,0.1,0.21
1d0HaTy9Ybg,기쁨,0.79,0.05,0.05,0.05
7dpnZfY_9G0,,,,,
dRSt5r-BCmY,,,,,
orF7YREVKg0,,,,,
Ogni9CIRq-M,슬픔,0.1,0.12,0.08,0.66
P4oeL9XXf3s,,,,,
-8zvFTmBm7w,,,,,
kXZt5Hy8gxs,,,,,
93rEb33xvFg,,,,,
xaNV2fBFNY0,공포,0.06,0.18,0.11,0.28
23TW6I8HSXs,중립,0.0,0.01,0.95,0.02
Q8SeRoRGqik,중립,0.04,0.28,0.5,0.12
Gld6Ivvrh-g,기쁨,0.94,0.02,0.01,0.02
oegkDiDPeiw,중립,0.03,0.05,0.72,0.18
tXQe-qqc4NQ,슬픔,0.27,0.15,0.2,0.35
t2i4UN04IQc,공포,0.0,0.14,0.0,0.0
iSfcSHuA3Ms,공포,0.0,0.14,0.0,0.0
t-NxRumfs74,놀람,0.0,0.16,0.0,0.0
uEz4gmEPzGc,중립,0.18,0.03,0.33,0.14
ussu8hYcW_M,슬픔,0.01,0.08,0.05,0.64
XTdAiRcMQ-k,슬픔,0.01,0.18,0.31,0.41
m0KVfY_xipA,중립,0.02,0.08,0.68,0.07
3gUT9xyDUd8,기쁨,1.0,0.0,0.0,0.0
PCLdBllhsNE,중립,0.0,0.09,0.56,0.05
fqheqw-lwMw,,,,,
hXaoJmXhMFo,슬픔,0.05,0.1,0.31,0.46
sWkg4rX-OCw,슬픔,0.01,0.21,0.06,0.37
Th4c_-divU8,중립,0.09,0.0,0.87,0.02
DwfGiAmFXgc,슬픔,0.0,0.18,0.01,0.58
JR7ghaEL2dE,공포,0.0,0.09,0.11,0.17
L6FqtDUZF10,기쁨,0.99,0.0,0.0,0.0
uv11f0j_2Pg,기쁨,0.38,0.12,0.06,0.25
z0FybCxix9w,중립,0.04,0.09,0.76,0.05
g4IWnWtHa3Y,기쁨,1.0,0.0,0.0,0.0
qzIx7qAXwzE,기쁨,1.0,0.0,0.0,0.0
ZuSGO7lrpVg,놀람,0.0,0.08,0.04,0.08
TIBkpW3pSB4,,,,,
uu4hZIPGiiw,슬픔,0.0,0.11,0.03,0.62
1OMDqsiCbhg,기쁨,0.81,0.02,0.09,0.04
TdTh-slEGAI,중립,0.0,0.0,0.89,0.09
g-MHJ4SbsbU,중립,0.03,0.01,0.65,0.1
_TwiGdvpi2I,놀람,0.04,0.1,0.05,0.31
PnE40ioWqJs,놀람,0.01,0.03,0.24,0.13
1b7reXCZmOQ,중립,0.0,0.1,0.59,0.08
pYjP6GXlUyo,중립,0.03,0.01,0.82,0.02
9_SBclU51kQ,분노,0.06,0.35,0.03,0.04
LsqIlNTDOl4,공포,0.02,0.24,0.16,0.12
bg3pAIeBG5U,중립,0.2,0.03,0.61,0.14
EpgF8QG_1Bo,기쁨,1.0,0.0,0.0,0.0
VZmxP2KPg3w,분노,0.11,0.65,0.04,0.04
0yx3tCcfpQg,중립,0.01,0.15,0.49,0.03
LuPv03BwCNo,분노,0.21,0.45,0.15,0.09
ILn001Ie7Ko,공포,0.01,0.2,0.03,0.08
-eviXBslbAs,분노,0.05,0.4,0.04,0.18
4Xn6nQkLz40,공포,0.1,0.09,0.02,0.24
Co4Cbc180a0,슬픔,0.0,0.22,0.13,0.3
fjFqk7whRnU,분노,0.08,0.6,0.14,0.06
WxOeciWO3Oc,,,,,
7bDx8PSx3VY,,,,,
iNJ3DDWFKFk,공포,0.04,0.18,0.12,0.24
29Q-DULbFk8,,,,,
mu-dlNXdul8,,,,,
RjLUdT0UDAE,,,,,
bHnEn_wE4BU,,,,,
A6zxW4QebGQ,,,,,
aqsKTBU4WtU,슬픔,0.0,0.07,0.09,0.78
VkpgPRZV87M,,,,,
k6ztptYih9c,,,,,
aePZXOsG-1M,슬픔,0.0,0.08,0.0,0.81
fGGhtzg2lwk,슬픔,0.03,0.15,0.05,0.61
XbELDNGxSl4,,,,,
tMP13Fdz_Ww,,,,,
lHF6EeNC5Uk,슬픔,0.16,0.22,0.18,0.37
uhGFXqUyYoc,기쁨,0.68,0.08,0.08,0.1
n_JTR0Tfxh8,기쁨,0.98,0.01,0.0,0.01
ZqvMY_jddvQ,중립,0.02,0.11,0.55,0.29
j6i7AapVQ8c,,,,,
6XQ_ooKSYZ8,분노,0.08,0.37,0.1,0.21
ZC57npwRnB4,,,,,
K_I6zCyQxnk,분노,0.15,0.43,0.13,0.2
PxATo9Dq6TU,기쁨,1.0,0.0,0.0,0.0
tTtMgmWYeW8,,,,,
HHODhP_bPLA,,,,,
dETPHkwp7tw,놀람,0.02,0.16,0.09,0.0
45TOg_NM46g,놀람,0.01,0.0,0.02,0.01
6fyf5d2sPmM,슬픔,0.01,0.11,0.32,0.43
lN95-bukMms,분노,0.01,0.34,0.29,0.32
NWortpufWc0,중립,0.0,0.19,0.43,0.24
akiLtQB7lfU,중립,0.01,0.38,0.54,0.01
Rf5xm3ZM0S4,중립,0.07,0.01,0.44,0.09
yNURnK3Xa3o,중립,0.0,0.1,0.37,0.32
u-ZgfN71mzs,중립,0.02,0.09,0.61,0.21
F4LsgyRQEKs,중립,0.05,0.15,0.49,0.25
oOo3IPrvc58,중립,0.04,0.1,0.42,0.36
Jyh_qmMMR9k,중립,0.04,0.13,0.49,0.27
KwYvBcdb-pw,중립,0.01,0.04,0.86,0.06
9XJ_e8-hx5M,중립,0.01,0.04,0.86,0.06
x-02O_1YnmE,중립,0.05,0.03,0.82,0.08
XgjfWQCwULE,슬픔,0.0,0.01,0.13,0.75
Wk_wBcwMVWo,기쁨,0.63,0.0,0.02,0.0
beXN6XLA5pI,중립,0.17,0.17,0.33,0.3
M5aYmD6uJD4,기쁨,0.54,0.01,0.21,0.1
TS1bIcZPQJM,분노,0.1,0.37,0.03,0.28
3BNTAM0Fecs,,,,,
BdP_0tJoEhM,,,,,
y4jflWhjGAk,분노,0.0,0.83,0.03,0.02
v9EB0-eAFOo,슬픔,0.0,0.11,0.03,0.81
jnT7qv07n0w,공포,0.0,0.11,0.01,0.04
EHHDzD7Aw2w,,,,,
lepM3PcQu94,중립,0.0,0.13,0.39,0.16
nA9qaPed-W0,,,,,
-646D3GVPh8,슬픔,0.04,0.06,0.17,0.61
tmEVQq-AoU8,중립,0.04,0.04,0.62,0.24
FG_JTFET0ok,기쁨,1.0,0.0,0.0,0.0
PuEBqBi8wtI,중립,0.0,0.03,0.93,0.03
3hQBT_Qx0YM,,,,,
qwMl16TD8gM,중립,0.03,0.17,0.6,0.15
afsYt2dP6Bc,중립,0.0,0.04,0.73,0.16
fqH3CWT3bFs,기쁨,0.62,0.08,0.08,0.09
GFN9sJDs4Tw,공포,0.08,0.09,0.16,0.07
pXkkKu93nWE,,,,,
3eKlDrgCruk,,,,,
kL4BBbaOnew,기쁨,0.54,0.0,0.42,0.03
cEJD8QC-Z8I,기쁨,0.99,0.0,0.01,0.0
s4-8QtF2gUg,공포,0.0,0.07,0.04,0.29
nDFgVZnAzEA,,,,,
9exvK8YeLm8,,,,,
dwHfuZy0gXo,,,,,
sne1zoFER3Y,,,,,
cR2WDH2Nf3E,중립,0.11,0.07,0.54,0.03
TMAwma_RFOI,기쁨,0.95,0.03,0.0,0.01
fR3e6Ur6FnM,슬픔,0.19,0.05,0.22,0.33
XA19X-siepc,중립,0.04,0.0,0.8,0.14
xpnxYEvsJ7w,공포,0.0,0.02,0.17,0.37
yRXxTEmv6PU,중립,0.01,0.09,0.47,0.24
WIOUKfBWh_0,중립,0.06,0.04,0.87,0.02
6Xg6ZdmSeSo,,,,,
w1hhPtzsDMs,기쁨,0.42,0.06,0.09,0.02
I7MzSwmHMqw,공포,0.02,0.02,0.13,0.09
Y_uxEdBFWg0,기쁨,1.0,0.0,0.0,0.0
bQxa4nyXJ-Y,놀람,0.0,0.08,0.07,0.05
M3CtisHtFXw,분노,0.01,0.42,0.03,0.27
_3avQin2zZg,기쁨,0.69,0.0,0.3,0.0
GyFhQub_GV8,,,,,
77OlzvSFEQ0,놀람,0.06,0.18,0.11,0.17
kLMn796SK5s,슬픔,0.01,0.01,0.48,0.48
J43L6tZ7yaA,기쁨,0.46,0.24,0.03,0.22
Xo6nqRJnDTE,기쁨,0.58,0.0,0.41,0.0
MMIu1hWjFGI,중립,0.07,0.01,0.84,0.07
Xj9RDYntUYE,중립,0.01,0.01,0.76,0.09
_y6rgEMU_18,,,,,
FReILhhE0As,공포,0.0,0.01,0.03,0.03
Wy5Zj4lNw9Q,슬픔,0.24,0.12,0.12,0.48
TAhqXg-M4Wg,,,,,
flREABdWLtw,놀람,0.0,0.01,0.0,0.0
XJxtRY1HHpc,슬픔,0.05,0.17,0.05,0.54
AD77HSlP_KA,중립,0.15,0.02,0.6,0.18
5tT3JvJW-yI,,,,,
J5g2n5Ogz9w,,,,,
lHXtxPNwdQA,슬픔,0.06,0.01,0.02,0.63
UlBzxh1X_jU,중립,0.16,0.19,0.35,0.27
5J_2abR3SDQ,놀람,0.0,0.07,0.35,0.04
RTB7YQI1Zzs,중립,0.01,0.01,0.74,0.13
QxvhjF6aaSM,놀람,0.02,0.02,0.27,0.06
pPAfVYl0KB0,중립,0.01,0.08,0.31,0.29
B88E0nwLBTM,슬픔,0.0,0.03,0.25,0.49
nMwvr9ezEuU,중립,0.0,0.01,0.6,0.2
c4m5mweX3QE,중립,0.0,0.02,0.49,0.31
g6cpCaakBXQ,기쁨,0.97,0.0,0.01,0.01
rpJT8sY4_mw,중립,0.02,0.03,0.46,0.06
Dm6vGzzPM8Y,슬픔,0.0,0.04,0.34,0.4
m6eLZEc6bZc,슬픔,0.02,0.19,0.3,0.39
YpfAKHWLzFs,,,,,
5BN7D8IqQIk,,,,,
rVZ43sq9nyA,분노,0.0,0.38,0.05,0.09
tCmmBu7e50w,중립,0.01,0.32,0.49,0.05
UwUTe2pSKUg,슬픔,0.15,0.05,0.38,0.38
rBso9oeuPeI,슬픔,0.01,0.15,0.14,0.54
FJQ_SUgAQEU,중립,0.0,0.05,0.55,0.33
Tn0MPXAe8hU,기쁨,0.99,0.0,0.0,0.0
tyQlqKOf1TA,중립,0.01,0.11,0.46,0.27
Niy-wsYdEMI,슬픔,0.0,0.27,0.21,0.48
ix94Se7UkgY,슬픔,0.0,0.2,0.2,0.54
bPX2V03Y3aM,기쁨,0.96,0.0,0.01,0.02
flFkNOtBTKI,중립,0.0,0.04,0.48,0.42
hXHoaiJ4s0M,중립,0.03,0.11,0.61,0.12
2h8ysAGOKag,공포,0.01,0.08,0.27,0.12
qh2-560iPCo,슬픔,0.18,0.05,0.24,0.33
oKkgYXIZOKM,놀람,0.02,0.01,0.05,0.13
xP8S-zI4cME,,,,,
Du7FoccJ5C4,슬픔,0.05,0.03,0.29,0.51
MuWr3eQsKaU,기쁨,0.52,0.03,0.34,0.01
YwEh-jYdcgg,놀람,0.04,0.12,0.02,0.01
BH25IZcItvI,놀람,0.0,0.23,0.02,0.03
5SG0wF0lVVo,슬픔,0.0,0.07,0.06,0.49
VsKtBvcL-Xg,공포,0.26,0.11,0.08,0.16
4vpyKDJxKM8,기쁨,0.99,0.0,0.0,0.0
Gr5i9Py0phM,중립,0.07,0.05,0.78,0.06
JZBrU0nDALo,기쁨,0.99,0.0,0.0,0.0
llijMVBw2Fs,분노,0.0,0.41,0.12,0.22
KWy1L9_0VEk,슬픔,0.01,0.02,0.09,0.81
mekPWUz7v2U,기쁨,0.53,0.0,0.46,0.0
HQ_Q8UqvGDI,분노,0.0,0.95,0.0,0.01
lkrove1l_1Q,중립,0.01,0.25,0.53,0.1
ysw2U7EmRWk,분노,0.01,0.64,0.13,0.02
rdQQhT8H0CE,공포,0.01,0.25,0.02,0.07
umuwPQO161I,분노,0.0,0.85,0.06,0.06
VDwWH7yg1MU,놀람,0.01,0.11,0.19,0.18
SAJYEzk_wA0,중립,0.14,0.12,0.34,0.17
4zDUQnFJhGA,슬픔,0.03,0.16,0.24,0.52
mLv6lGyyeZw,중립,0.09,0.01,0.57,0.13
9YAPZ7ms7Jk,중립,0.08,0.06,0.56,0.27
z3Fy6GQ3jtE,분노,0.19,0.46,0.03,0.16
_RGY_yg6oiE,,,,,
SjJUDbEvVJo,분노,0.0,0.94,0.0,0.04
LZimzNpRsU0,중립,0.07,0.33,0.34,0.14
TGSgcS05aAQ,,,,,
QmoWahLrXs4,중립,0.0,0.02,0.86,0.1
W5vNKN_spVQ,,,,,
RnrhdX_FWlA,슬픔,0.07,0.02,0.38,0.45
Zyf7VaEUI94,,,,,
wGUo_40gh14,분노,0.01,0.36,0.05,0.18
vfiKFfDEBCA,슬픔,0.05,0.23,0.11,0.56
_JLSgZPYMag,중립,0.01,0.03,0.9,0.05
tdII7_ajnkQ,분노,0.0,0.79,0.08,0.09
Dp0HHw0C4Pk,중립,0.02,0.02,0.91,0.03
2lf12AgfuX0,분노,0.06,0.47,0.16,0.09
m5b2hQc5wlM,중립,0.02,0.09,0.78,0.07
5jbEf9d4x-8,기쁨,0.99,0.0,0.01,0.0
wYE3CNNICRY,중립,0.05,0.01,0.86,0.03
huvEYO-RCNc,중립,0.04,0.2,0.48,0.13
8Um0b-qmBe8,기쁨,0.99,0.0,0.01,0.0
jbNrf8-iriI,기쁨,0.98,0.0,0.01,0.0
8fJYuX4d9Fs,중립,0.02,0.11,0.52,0.32
NrU_LVXgVp8,,,,,
lxOvykcHhcc,중립,0.0,0.01,0.84,0.14
8lMvgA04TyY,기쁨,0.99,0.0,0.01,0.0
STxGI2yzox0,공포,0.0,0.2,0.08,0.23
Patj7aef38M,놀람,0.02,0.05,0.04,0.01
rH_xtxYvHOQ,분노,0.01,0.35,0.08,0.3
zUhAXkhcoj4,중립,0.0,0.02,0.71,0.25
IuigKEs1zWI,,,,,
ikTb21DRLEo,슬픔,0.03,0.17,0.01,0.71
uWyQ9-96A9w,분노,0.1,0.41,0.14,0.19
x1C48zqgl_s,,,,,
f9lviDZoam0,,,,,
IBjL2eLMpD0,,,,,
bMY_sLP5yo0,,,,,
tjchQLuixXI,,,,,
DNg7-8wbBhM,,,,,
Y81Yyt7PHTA,,,,,
RomdUfv8KOg,,,,,
twoK2kFBtx0,,,,,
tQEjyHqi9E8,,,,,
O7iXynq82qE,중립,0.2,0.02,0.3,0.25
4cEgkMpF3Ik,,,,,
VoDjK9ypSgE,슬픔,0.01,0.13,0.29,0.29
_9oLjWH00yQ,중립,0.01,0.14,0.54,0.15
XpfnkG3OKyQ,,,,,
cxF9OBFi9LE,기쁨,0.91,0.02,0.05,0.01
sGbPFQ6g4og,슬픔,0.12,0.09,0.07,0.59
BO2gZG-TpGA,기쁨,1.0,0.0,0.0,0.0
Ak1NgTAcD5A,슬픔,0.0,0.01,0.01,0.97
b-ymspcI5h4,,,,,
VR41OShh-TQ,슬픔,0.0,0.05,0.12,0.78
50v1r7DckG4,분노,0.0,0.45,0.31,0.21
dJntbYXPgbU,,,,,
X3dGFyQwkkE,슬픔,0.0,0.02,0.33,0.47
rILEpOMFOQc,중립,0.01,0.01,0.91,0.07
Uc4K0V2bEHw,공포,0.0,0.17,0.0,0.0
FEDRXnJmuJU,놀람,0.21,0.06,0.3,0.03
kUvgxQ42_X0,,,,,
mEAWlDcIDeY,놀람,0.03,0.01,0.09,0.03
ZddD5z8E6s0,,,,,
3oXe0bUmrpA,슬픔,0.2,0.08,0.25,0.35
efxpdNsV7Ng,기쁨,0.57,0.04,0.32,0.06
yEDL5MUsQ_o,분노,0.02,0.43,0.32,0.19
pYnamFKBTSk,슬픔,0.0,0.03,0.01,0.95
1g9fI4K_wYQ,,,,,
0tZBEgiE9G4,슬픔,0.09,0.34,0.03,0.47
4ouEB9eqMB8,분노,0.02,0.87,0.03,0.04
2jNR1WE9FAY,슬픔,0.0,0.0,0.05,0.89
sZ8FGUTzZfY,,,,,
O4xTb-L20mQ,슬픔,0.0,0.11,0.16,0.44
odvqGvtE9xE,,,,,
apB1en3icPc,공포,0.01,0.01,0.01,0.15
r_vbqFX3tho,,,,,
61sOx6bf94M,기쁨,0.3,0.23,0.07,0.29
YwPsKX4Or8Q,슬픔,0.1,0.03,0.04,0.58
LUzfH7WqMuo,슬픔,0.01,0.22,0.14,0.53
Elvq3Cmxrf8,공포,0.01,0.05,0.08,0.35
_03Lrgj_ISg,중립,0.02,0.03,0.56,0.03
ZcH8ew6vtxQ,중립,0.07,0.0,0.9,0.01
U9gYQbO8kGs,중립,0.0,0.09,0.79,0.07
Hguh8ZmBxxo,놀람,0.0,0.1,0.1,0.0
TXnE1f4-VcQ,기쁨,0.75,0.04,0.04,0.16
WdKRNPFJcI4,기쁨,0.83,0.04,0.06,0.03
uh_2wIbWyMg,중립,0.01,0.01,0.55,0.3
vXdhiZ58zrM,기쁨,0.98,0.01,0.0,0.0
GZjPjqjHYi0,기쁨,0.65,0.0,0.34,0.01
zyOKSNtplFA,,,,,
J7zUNdZsAXc,분노,0.04,0.59,0.02,0.19
tSP1BJg2SXU,,,,,
af9B5K0mAIE,기쁨,0.26,0.16,0.17,0.18
L1Gf3MFqWZ4,,,,,
-PQVUO8OFgY,슬픔,0.21,0.23,0.02,0.32
OJNLGPyc-Ww,분노,0.02,0.58,0.21,0.1
gaAuGC5cPb4,공포,0.02,0.13,0.24,0.28
aDHo6Yap5Yo,중립,0.12,0.11,0.58,0.18
je3HH3Aeo_8,중립,0.03,0.05,0.66,0.24
3DDYa1NpYUM,기쁨,0.97,0.0,0.0,0.01
-K2y0NPs14E,중립,0.04,0.05,0.69,0.21
hGi7IShbs6I,중립,0.04,0.13,0.76,0.06
hPFPYmk6GhQ,중립,0.04,0.14,0.76,0.04
kwjBBFDTTt8,중립,0.0,0.03,0.95,0.02
UF7-kG3uYVM,,,,,
-gyPozlcc_k,기쁨,0.94,0.0,0.05,0.0
fSFc4StGWvA,기쁨,0.95,0.01,0.04,0.0
SPWoHQyO7iE,중립,0.09,0.06,0.73,0.03
cCuKx6j3rHY,기쁨,1.0,0.0,0.0,0.0
990b--R-lNo,기쁨,0.98,0.0,0.01,0.0
2-O5RgJ_nzU,기쁨,0.75,0.02,0.19,0.01
1s6dq2cMXc0,중립,0.04,0.28,0.45,0.19
um8YKCbHy_E,놀람,0.47,0.0,0.0,0.0
zQzf_FbaoUA,중립,0.39,0.0,0.6,0.01
kLHJXRxFHHw,중립,0.01,0.05,0.77,0.14
8FoCeGSzh18,중립,0.02,0.11,0.81,0.05
gFPZpSU4GNY,슬픔,0.07,0.02,0.27,0.54
NYNPtVAopxQ,기쁨,0.99,0.0,0.0,0.0
-0DodBqk0No,기쁨,0.95,0.0,0.0,0.0
v2Za_7Nl5ic,공포,0.0,0.05,0.32,0.27
TVsY1ZnxIEQ,,,,,
LO_P-AOYzGw,기쁨,1.0,0.0,0.0,0.0
Fyem6Zzg6L4,,,,,
ihfwZU7kc2E,기쁨,1.0,0.0,0.0,0.0
dLZWJ89sdFQ,중립,0.01,0.1,0.34,0.33
6vbDRRoX9bs,기쁨,0.61,0.0,0.24,0.03
YwirR_WBdD8,중립,0.0,0.01,0.84,0.03
FD6eKeFPqPc,중립,0.39,0.0,0.59,0.01
Gwm5G99feSU,중립,0.42,0.02,0.51,0.04
dNbHzorHubE,공포,0.02,0.02,0.2,0.36
QiSOy1Pl4so,중립,0.25,0.13,0.28,0.09
1N2UD9xgrW4,기쁨,0.9,0.0,0.09,0.0
CM1nRQJXr74,공포,0.0,0.02,0.0,0.07
_gMUTKbiQ4I,슬픔,0.0,0.0,0.0,1.0
hip2Te-Om7c,슬픔,0.08,0.07,0.33,0.51
fsM4AIdMHUo,슬픔,0.07,0.12,0.05,0.61
JdoyiFqM4MM,기쁨,0.99,0.0,0.01,0.0
5NP29RaTauE,놀람,0.0,0.0,0.0,0.0
AkY1PY_GOlE,슬픔,0.08,0.22,0.02,0.41
PJQteOOJdjQ,슬픔,0.04,0.13,0.06,0.54
yjlTKarNw_c,,,,,
QQ10ffjF67E,,,,,
_h_putg9Jg0,,,,,
7p6MpuB-Twc,,,,,
UNkULXuhAVA,슬픔,0.23,0.2,0.22,0.25
76CELGsKPcM,,,,,
0LZ3ZENyakI,,,,,
mLh27m5q3WU,중립,0.31,0.14,0.33,0.16
_hWT7jEnfw4,슬픔,0.0,0.04,0.11,0.8
T_dzU3Kfpb4,놀람,0.0,0.03,0.03,0.05
Pabjo_CMX88,기쁨,0.44,0.09,0.18,0.14
AfWdcwmrQxM,기쁨,0.7,0.01,0.27,0.01
uzvrc4xefS4,놀람,0.0,0.43,0.03,0.01
O-sS9LB-YUU,,,,,
wxvrBzqgl24,기쁨,0.7,0.01,0.27,0.01
s3pfvN_0Kw8,,,,,
2u1oOOXTe5s,슬픔,0.01,0.12,0.17,0.64
Wc7Fixs6yvI,,,,,
VYSx7SpiDG4,기쁨,0.32,0.08,0.24,0.32
U19eEnFYPdk,중립,0.0,0.19,0.57,0.24
qME-kDeLWvU,,,,,
lN8YFGbf2yM,기쁨,1.0,0.0,0.0,0.0
lHdRlDCYJcQ,슬픔,0.03,0.12,0.28,0.47
HneF3xb2VVw,,,,,
z-qsOcKi3FM,기쁨,0.97,0.0,0.03,0.0
-eIrRN8NUao,공포,0.27,0.09,0.04,0.12
WaZm3e8YYWw,중립,0.0,0.23,0.54,0.15
H3Pu4goQYkw,공포,0.0,0.12,0.1,0.16
3-MzP6dwrGk,분노,0.0,0.54,0.04,0.19
ktb0Xbogvm0,중립,0.02,0.16,0.53,0.14
Ip7QqN1Vxuk,슬픔,0.01,0.02,0.29,0.65
KyFPMeQk9dU,슬픔,0.13,0.16,0.28,0.4
Ut0ofKkDtxo,,,,,
T_UyZ8b9kKA,슬픔,0.0,0.16,0.21,0.48
u6AlkN1sxKw,중립,0.06,0.18,0.6,0.03
37HmacbVTJA,,,,,
J-owsu9u6Jw,,,,,
_xjz0Swy2Bo,,,,,
YnH8_a3k4Oc,,,,,
A43hIqCK8pU,,,,,
7-KoKvVuJCY,,,,,
lPp2xzqUF_A,중립,0.03,0.01,0.66,0.21
hTON5kMXJVg,분노,0.11,0.67,0.01,0.0
dAuagkuFGSY,놀람,0.0,0.04,0.06,0.33
SYMTgvpROvk,,,,,
CD7y91Rysq0,중립,0.03,0.07,0.38,0.37
Hhu-FpDyghs,중립,0.0,0.02,0.48,0.31
6Whw7h2BqF8,슬픔,0.0,0.05,0.07,0.8
yeG-goKoR-g,분노,0.0,0.54,0.0,0.09
UxFdFjq_Ang,놀람,0.0,0.0,0.0,0.01
aJpSP9j9aJU,공포,0.03,0.11,0.27,0.15
l1Hm2h5ppaA,슬픔,0.0,0.11,0.14,0.44
GGlUp1Jr8iM,슬픔,0.02,0.14,0.03,0.4
B-aDUDNcf-I,슬픔,0.0,0.01,0.0,0.94
75Ou4QtpE1E,슬픔,0.0,0.0,0.19,0.8
Omf2Mg2NuH0,중립,0.0,0.06,0.76,0.17
1a4sWA1ewyE,분노,0.09,0.35,0.05,0.27
Yn_VhnUhK4s,기쁨,1.0,0.0,0.0,0.0
2nZbAUlZoaA,기쁨,0.99,0.0,0.0,0.0
4lYVs1GgVDE,기쁨,0.99,0.0,0.01,0.0
qoIyPvXT0WI,기쁨,0.99,0.0,0.01,0.0
3G7taFxyzFA,기쁨,0.99,0.0,0.0,0.0
ZTbioznmx5o,기쁨,1.0,0.0,0.0,0.0
xRjqJkzQTqQ,기쁨,1.0,0.0,0.0,0.0
14ucz6AGJm8,,,,,
IxksG31VPU8,,,,,
V4_KanHWcCY,분노,0.03,0.39,0.28,0.26
leRVcelGkMs,,,,,
Qz3tdvC-C5I,슬픔,0.07,0.13,0.11,0.53
rtmO3dhcWbo,놀람,0.0,0.0,0.01,0.02
jZb0eyOrqxU,,,,,
z5ZbPZeYILo,,,,,
F8tPuEyD0tI,,,,,
C3zdyKz-iMU,슬픔,0.0,0.18,0.03,0.65
hZzB5-w8QSw,,,,,
C-RI3uo7y7o,슬픔,0.08,0.07,0.11,0.49
NeXqQVs7ToU,기쁨,0.97,0.0,0.03,0.0
gE7hEOSL1NA,슬픔,0.04,0.03,0.04,0.48
VGSDbCANR_E,슬픔,0.09,0.03,0.17,0.5
yNAn3bAmPXM,분노,0.13,0.32,0.03,0.25
SSFRQHqu_EY,,,,,
PNG6aG71DOs,분노,0.01,0.64,0.12,0.12
GilXqhERkd8,중립,0.0,0.12,0.64,0.16
Xk4hdUt4IgY,공포,0.0,0.02,0.03,0.12
iqLMzrW_SI8,중립,0.01,0.12,0.61,0.2
-Zde8hOL-mE,분노,0.01,0.65,0.12,0.13
X-bSoYUiVhg,기쁨,0.99,0.0,0.0,0.0
pR6of9bi_Xw,중립,0.01,0.12,0.61,0.2
uT7_JZf-MKw,기쁨,0.83,0.02,0.0,0.03
6oNfKq93T2M,기쁨,0.84,0.06,0.07,0.02
kU1dzD8c43A,중립,0.0,0.07,0.66,0.22
1xgObCyCv4s,중립,0.01,0.15,0.38,0.06
bH9BBHvmvYY,중립,0.01,0.05,0.85,0.05
8RHWj97O9YM,공포,0.05,0.21,0.24,0.1
cYwMkVmONWs,중립,0.03,0.05,0.67,0.18
jn_pxIikZDQ,중립,0.08,0.24,0.43,0.2
GRlXa4Gg3G0,놀람,0.0,0.13,0.03,0.11
AvrX739FgdE,중립,0.0,0.04,0.47,0.45
hg-5OI-bua0,중립,0.07,0.22,0.29,0.28
RJdpi6yZXMo,,,,,
thCHXaazAIc,슬픔,0.0,0.13,0.22,0.61
FECtj1nO8Kc,중립,0.12,0.25,0.41,0.05
dYZReMe2LX0,분노,0.0,0.37,0.1,0.14
UcmdiK2lQGc,기쁨,0.99,0.0,0.01,0.0
DnmzTsCY-r0,중립,0.01,0.06,0.59,0.05
kjPqim6yEuM,중립,0.06,0.27,0.35,0.28
_VfsE8gZcFo,분노,0.16,0.64,0.1,0.08
v5QshjVKKH8,슬픔,0.04,0.15,0.33,0.41
jBqs5f26eT8,중립,0.03,0.02,0.58,0.3
Ke5uTQNiSQQ,,,,,
7wMLaSBHaIA,기쁨,0.62,0.14,0.11,0.01
B2uFfgBr4sQ,슬픔,0.0,0.04,0.13,0.47
vIQvH2MLc5M,중립,0.0,0.17,0.42,0.18
87Vc55kiyRA,기쁨,0.98,0.02,0.0,0.0
Q2cQIdt9lPk,분노,0.0,0.6,0.19,0.02
58hx0o8LTco,공포,0.0,0.15,0.04,0.09
Q3TLo1qUpU8,중립,0.0,0.03,0.7,0.25
WLOCBdUatko,,,,,
RvXmnfRzCwQ,,,,,
WpM5yjD2YvA,,,,,
sLimU-IAWTE,,,,,
DBEfdzhci3o,,,,,
vtdTV06J7_k,,,,,
y5f2ax_WgHw,기쁨,0.81,0.01,0.12,0.05
Uen1NGBZrU0,,,,,
PxTORb0kioo,,,,,
6F-yUutgxjE,,,,,
es8d9tJqT8Q,놀람,0.02,0.16,0.26,0.1
5SFikMDf6SM,놀람,0.02,0.09,0.25,0.19
yZt-Pr7UN_4,,,,,
o_mEo1XkHkc,,,,,
yEdtA0oz4oY,,,,,
FP6blbR5OLg,,,,,
yeAsglzJQJQ,공포,0.01,0.09,0.15,0.21
taT5ibS1Phc,공포,0.0,0.02,0.01,0.02
OChbrDXA6OE,슬픔,0.0,0.06,0.21,0.61
m4fzQDYQXWg,중립,0.1,0.05,0.8,0.04
kPClJ2fMmp0,중립,0.04,0.24,0.46,0.19
JW0SrFb-yFQ,놀람,0.0,0.01,0.0,0.0
GrfWgPEBudQ,,,,,
cDQpStl0Oak,기쁨,0.67,0.0,0.06,0.01
QheF3R0mpTg,,,,,
U07aNA5JoEw,,,,,
16hW_-tGeD0,중립,0.0,0.07,0.58,0.23
ZwFXsVV3l1A,분노,0.03,0.34,0.13,0.26
n76DbRWpAbQ,기쁨,0.49,0.31,0.05,0.13
Ok56Mw2Tpow,중립,0.01,0.01,0.96,0.01
V1KGQZ8YEAI,,,,,
jNesbJB28xU,,,,,
Oe3TK8YeR5Y,중립,0.3,0.05,0.57,0.06
W1C4CWKoj4E,중립,0.03,0.0,0.95,0.02
zzFon8fn798,슬픔,0.04,0.19,0.31,0.35
pX75a0xDIUo,,,,,
gCeZX3odWjc,놀람,0.0,0.01,0.0,0.02
l9cbe5QO-Vk,기쁨,0.5,0.0,0.45,0.01
Myja_C4M6CU,공포,0.0,0.03,0.21,0.28
oy-WM6BBeyc,슬픔,0.0,0.03,0.0,0.89
4sOvRPxne8k,공포,0.0,0.01,0.0,0.0
rRLpEwIPz24,공포,0.0,0.02,0.04,0.19
0R-MEUcQpFE,기쁨,0.92,0.01,0.04,0.01
llEutMdfcDU,기쁨,0.99,0.0,0.01,0.0
JEcxriIeX5Q,기쁨,0.97,0.0,0.0,0.02
h11PSp5T3sc,중립,0.01,0.14,0.67,0.0
JnCrC8OjH1o,분노,0.0,0.73,0.03,0.09
da-9F1V5ez0,,,,,
Ep4wjqVHoa0,슬픔,0.16,0.11,0.05,0.34
_biaLzLlvnc,기쁨,0.53,0.13,0.16,0.09
HIkgNH6HbFI,,,,,
wILCLuAdLxE,기쁨,0.94,0.02,0.01,0.01
ws_qEhiZIaA,공포,0.03,0.07,0.11,0.29
HrG1-AmItVw,중립,0.0,0.13,0.58,0.26
lt6p6wrMVjg,,,,,
wvqJ4rVBjJ4,,,,,
D9LuT1dpo_o,슬픔,0.0,0.06,0.16,0.7
IgB4FdL7WIg,,,,,
VDHwHnm-MMg,분노,0.1,0.36,0.16,0.31
MxN6gqg9e8Y,,,,,
iZRE0myh_WE,,,,,
kt6M0Pmc6Wg,,,,,
Kqb5YLvX4bU,,,,,
x0AViU8zBD0,공포,0.01,0.07,0.02,0.18
KYrN2QPg37U,분노,0.04,0.6,0.05,0.12
AW79FQNKoW8,분노,0.01,0.94,0.01,0.03
AFN6c6267iE,중립,0.08,0.1,0.61,0.18
q81QxrDwRgw,,,,,
Ey4esr6mXa4,,,,,
SwcJ26tQi-w,,,,,
uUowpUAu13Y,분노,0.01,0.78,0.04,0.09
kfgFzgi5grc,,,,,
kSlXb4Mlj5M,놀람,0.1,0.14,0.08,0.04
Hp4MxLDfZvs,분노,0.06,0.47,0.13,0.18
9LxiC83KfGo,,,,,
iuKWRx05ddQ,,,,,
ZxSd2hkV0Zw,,,,,
ZCQzDTp5v4c,,,,,
jQR2AnGuIoM,중립,0.11,0.07,0.39,0.16
s0snwe4YTp0,,,,,
PJnXj9HTp24,중립,0.01,0.27,0.39,0.31
GENRWpHjA04,,,,,
uDPygj5baRg,,,,,
uyba9aSw-WM,중립,0.05,0.02,0.72,0.19
dcGx4DZ7LXU,중립,0.06,0.01,0.79,0.09
9olo504bXrk,분노,0.01,0.84,0.03,0.07
BFqx3gavi3Y,,,,,
P-NPqoKP740,,,,,
-A9JyXkuOj4,,,,,
ryIspJUIad4,분노,0.09,0.48,0.17,0.15
6zeWumxmsHM,중립,0.13,0.04,0.75,0.06
uv0vdtR1aqI,,,,,
3T2rwcbtZCs,,,,,
PuRkZUs9ZWs,,,,,
WAbFG_TAx0A,,,,,
ZNdXrRdSP94,,,,,
R-RaaVlyN2s,,,,,
ZnPOD0UvGrU,,,,,
f7XdtcpBHwM,,,,,
WPWDswYTD7Q,,,,,
M7gtrCC0RyM,,,,,
VzI3g06PU2E,,,,,
Moaiz5zbwCQ,슬픔,0.03,0.04,0.13,0.35
-HYMNQoGFuY,분노,0.0,0.35,0.27,0.23
J6HQTM5ARC0,,,,,
QFfflsN97sQ,,,,,
mTyMMDHFH3E,중립,0.07,0.03,0.81,0.07
5IXFEzfxaa8,,,,,
8QI258XbZGQ,,,,,
DEWzCe-LwzQ,중립,0.06,0.01,0.83,0.07
pgXOOfBzrM4,슬픔,0.17,0.16,0.16,0.34
X9Pg8xC37i0,기쁨,0.97,0.01,0.01,0.01
lOktUVtt8Lg,,,,,
IlHxu5pHZCE,중립,0.01,0.1,0.49,0.29
t4SutCcaN8A,슬픔,0.06,0.15,0.05,0.39
9aZkZmEbLOY,,,,,
lIUBmUBTPhA,기쁨,0.44,0.12,0.07,0.08
mS3_ltkLgto,기쁨,0.81,0.03,0.03,0.03
cYwM6u7-v2o,슬픔,0.02,0.2,0.19,0.55
pnBtWLPdjPI,,,,,
L6gUDQzwpGA,,,,,
5dOxJ0h5tbk,,,,,
l3CQwIbsby8,슬픔,0.05,0.14,0.21,0.37
FcG7zYIfy8A,,,,,
E26cHVXT2i4,,,,,
RvzurQq_AqI,,,,,
sdj5HqIyzVw,,,,,
JQj0iZ_aXTg,,,,,
Y40ZyAgLoz0,,,,,
WjJecuRy0Hc,,,,,
ZQPcWi5EUwk,분노,0.01,0.38,0.02,0.35
8OeBYqsPbks,,,,,
o_6_s3ni78A,,,,,
c22DpyyP_qA,슬픔,0.03,0.07,0.04,0.41
Gj2KWWUFFxA,,,,,
c_fh8mRNTg0,,,,,
4lavqEYXc5w,,,,,
4DfPI8AAUXk,,,,,
8OLlfyVu49A,기쁨,0.53,0.15,0.03,0.16
4G780csTigU,,,,,
DBMn36dcbIg,,,,,
GhEMs2Ua994,분노,0.0,0.55,0.01,0.33
qz6o8RFcQQM,슬픔,0.0,0.09,0.26,0.59
PquzikAK-IM,,,,,
zwbPHw3fz1k,놀람,0.05,0.31,0.01,0.09
YXOpAJMP03Q,,,,,
oBFSeYjN6B0,슬픔,0.0,0.05,0.02,0.9
iDBhcr9ppco,,,,,
ZHWFUS-WQlw,슬픔,0.01,0.09,0.23,0.44
4D7aPkd10xw,슬픔,0.0,0.09,0.09,0.73
c5CmAQn2Fxg,중립,0.0,0.06,0.62,0.3
rjbh9AqkIYQ,슬픔,0.04,0.13,0.31,0.4
oTdnWR7c2-4,슬픔,0.01,0.04,0.14,0.75
aJYIXt5VMX0,,,,,
1N_IwUIr7Bs,기쁨,0.3,0.1,0.11,0.16
5sX-nFwfbj4,,,,,
8JJBkRz_eAY,슬픔,0.0,0.01,0.01,0.63
6voaJ3kgL6I,슬픔,0.01,0.15,0.05,0.44
7v6wjqxfibs,슬픔,0.03,0.08,0.26,0.59
Zp6Q7EunlQ0,중립,0.0,0.02,0.52,0.38
glF4AhZ8Kxg,분노,0.02,0.73,0.03,0.09
ignZyYuYT6E,기쁨,0.97,0.01,0.01,0.01
c7ViZTb0-hU,기쁨,0.48,0.19,0.01,0.21
otsGOEd8WXE,놀람,0.2,0.18,0.24,0.11
EZvETge0mYY,,,,,
Ivx82yDAkvE,,,,,
P7NcrdEOL9c,,,,,
5WuVLsUAn40,중립,0.0,0.05,0.86,0.03
mNyFFVgPSow,,,,,
AgwXe-OA-jI,,,,,
SthW_iYC7So,기쁨,0.55,0.11,0.19,0.04
CSIhs_xNf4M,,,,,
ZRCXj4723hM,슬픔,0.02,0.06,0.3,0.53
56Ji-oiiI2I,슬픔,0.0,0.14,0.32,0.51
dOdT4wmZte0,,,,,
Ru8jHmOP3oE,슬픔,0.0,0.04,0.24,0.63
xJr7ZfDmYkw,슬픔,0.0,0.12,0.03,0.78
RV1o3m_K5vI,,,,,
fRZ3F7_fDmw,슬픔,0.01,0.1,0.0,0.64
5yhx5hqd4d8,,,,,
hPEi2iAaouc,,,,,
GCaHMTr80qo,,,,,
WSmuIEWhBl4,분노,0.01,0.61,0.03,0.17
aNj3Sf52R8Y,슬픔,0.04,0.07,0.14,0.7
X2aPYd7UoIY,,,,,
be8JKykL5Z8,분노,0.02,0.9,0.0,0.01
8YYmWinU11U,,,,,
r0OIe12MU4k,슬픔,0.01,0.17,0.39,0.42
DkEgXYJ7hqk,슬픔,0.05,0.05,0.35,0.47
prvyg3-PeX4,놀람,0.0,0.22,0.0,0.24
93DmAwNR_Ak,중립,0.19,0.08,0.39,0.31
p63Cp70RJLg,중립,0.12,0.08,0.73,0.04
xQbaBhQrEG4,중립,0.0,0.43,0.46,0.08
WrOvNXGjdE4,공포,0.06,0.37,0.03,0.11
vM0mk1qt0CI,분노,0.0,0.45,0.27,0.11
zpP50JoeScY,슬픔,0.07,0.2,0.11,0.45
fT24N3iJokU,공포,0.01,0.12,0.11,0.35
go4uDMQSDFk,슬픔,0.0,0.13,0.32,0.41
Hzy-eaKl93E,공포,0.0,0.03,0.1,0.13
XhLSVHGwoRM,중립,0.0,0.03,0.54,0.2
VuX5sjSAH0E,중립,0.0,0.02,0.75,0.1
zGrs_XIRcGA,슬픔,0.0,0.12,0.14,0.48
u0QgDicgyl8,중립,0.0,0.02,0.88,0.08
fFseGvy3n4o,중립,0.0,0.02,0.93,0.04
kf04RYeXuag,중립,0.0,0.04,0.62,0.16
FwpEFGzIUCg,중립,0.0,0.02,0.85,0.07
OiQwLgyL4Is,중립,0.0,0.02,0.94,0.02
5vnI75ud_8Q,중립,0.01,0.04,0.62,0.17
H_WpcehEzO4,기쁨,0.99,0.01,0.0,0.0
WzJvBtrKozc,기쁨,0.76,0.02,0.12,0.07
hk6uaZsGVZw,기쁨,0.71,0.04,0.08,0.13
1ZgrIUQvbOs,공포,0.11,0.11,0.05,0.29
zc3hFzin3C8,,,,,
QskB3hOn2BU,중립,0.08,0.1,0.4,0.34
CjFiGypZUw4,중립,0.12,0.07,0.62,0.14
C9UZwyXTti4,,,,,
gOmUao9HbgY,,,,,
eqEMi8ZdFVo,중립,0.01,0.03,0.91,0.04
Koeh8fM58ts,중립,0.17,0.16,0.32,0.27
Dn-vtDmLGQc,기쁨,0.95,0.01,0.0,0.01
C0NPNmDiKI8,슬픔,0.06,0.08,0.14,0.67
x-Do4ke5Pw8,중립,0.17,0.11,0.37,0.24
GJxe8uWN6zg,중립,0.16,0.05,0.6,0.11
s3Y6JwqPg2Y,중립,0.05,0.11,0.6,0.13
5N74httT7Bk,,,,,
CzjylAq_o4U,기쁨,0.86,0.0,0.07,0.05
-jnoV57b1DA,중립,0.04,0.24,0.31,0.29
2V0ai5sFBOo,기쁨,0.88,0.0,0.05,0.04
-op3GPeCfpk,슬픔,0.15,0.13,0.14,0.54
qhlIpVoJvdo,중립,0.43,0.01,0.51,0.05
sql_j2stmCM,중립,0.25,0.04,0.48,0.23
gAZbRQtf1v4,,,,,
VpaQvplXxug,중립,0.17,0.09,0.57,0.14
GzMQ6U7DHfA,분노,0.0,0.34,0.23,0.34
TFZF36sYHMI,분노,0.03,0.43,0.02,0.37
aLDsk5nl07o,중립,0.17,0.19,0.41,0.07
JA5ChCU6Q7o,,,,,
f6DNtWIWKTY,,,,,
bMkxqS5mcr0,,,,,
bwzcYtFoMEQ,,,,,
dne83jB3xYY,,,,,
Z9oOYp9wG2g,,,,,
WruNjTEhlac,분노,0.03,0.39,0.28,0.07
ZIUoJhivNX0,슬픔,0.0,0.0,0.11,0.88
wrhYLlHZ9aU,기쁨,0.53,0.05,0.41,0.0
TKWpbjelgBs,슬픔,0.18,0.24,0.13,0.28
S1s1Yzd2PEk,기쁨,0.99,0.0,0.0,0.0
Y6ZK_5yoC-Y,중립,0.01,0.06,0.72,0.09
zLjbTC3mcik,중립,0.01,0.12,0.43,0.06
EaJHVcTR1sU,슬픔,0.0,0.13,0.35,0.47
WTgytg0BwJs,중립,0.0,0.07,0.9,0.02
llGMcFKCB-8,,,,,
-jNXtGvU7Vk,분노,0.02,0.54,0.28,0.01
TmQKnfaKK40,슬픔,0.0,0.03,0.05,0.86
DtQ0zg19gDE,공포,0.01,0.39,0.1,0.02
ji8lLEyI2Mg,분노,0.0,0.86,0.02,0.0
5xpI84_QQtM,분노,0.0,0.85,0.0,0.0
ULX9K_UvIU4,혐오,0.0,0.22,0.01,0.18
jVYk5elnFmw,슬픔,0.0,0.02,0.09,0.86
Bqhf9LJhb1M,중립,0.0,0.01,0.64,0.25
Jw8TZPT5mrs,슬픔,0.0,0.03,0.0,0.53
piz3ajzLRLk,놀람,0.0,0.0,0.0,0.0
Q35gCTFC7rc,기쁨,0.75,0.0,0.07,0.02
9_vHvL-ql5s,기쁨,0.98,0.0,0.02,0.0
FCRu7OsWR6o,기쁨,0.99,0.0,0.01,0.0
ZV_-8pFbzpk,기쁨,0.99,0.0,0.01,0.0
ZfkcAsYWyEo,기쁨,1.0,0.0,0.0,0.0
afG78IMBKco,기쁨,0.85,0.01,0.1,0.03
oHARmg8X7J0,기쁨,1.0,0.0,0.0,0.0
MANwantFz8k,기쁨,1.0,0.0,0.0,0.0
3-68a8HTGh0,,,,,
w2ECr6PfNXw,중립,0.21,0.08,0.63,0.06
GCCLTWv23O4,공포,0.01,0.02,0.01,0.03
kIhbx3AbdTc,슬픔,0.17,0.02,0.08,0.55
jdmp6rqrFcw,중립,0.33,0.02,0.51,0.09
Sfa9PGw2qoQ,중립,0.25,0.0,0.71,0.01
J1sJkRmza0c,,,,,
riQ11ahuqn4,,,,,
y9XdGi6WNos,,,,,
tNxdc_JzAhw,,,,,
3l1tiMZLNh0,,,,,
9rHEsFNS9Bg,,,,,
fo8cH8F9qFY,,,,,
MBmE7dqAYLo,기쁨,0.47,0.19,0.07,0.16
TXkaFrwpsYg,놀람,0.0,0.01,0.0,0.01
fhbNvBlsWnE,슬픔,0.01,0.01,0.01,0.94
XmksvkDpIn0,분노,0.0,0.35,0.26,0.3
ibv9QrWnXBA,중립,0.14,0.27,0.5,0.06
2MqP2GlMzlY,중립,0.0,0.08,0.65,0.22
-F7FQco4MzQ,중립,0.0,0.01,0.8,0.14
HfsppMNSDdA,중립,0.0,0.07,0.43,0.41
xcPHlkxHGs0,중립,0.0,0.03,0.77,0.18
AP8p-y8uz8U,중립,0.0,0.01,0.8,0.18
uQNEGplYpxA,중립,0.0,0.01,0.66,0.31
7dq2yqG1Xf4,중립,0.0,0.0,0.69,0.29
P8nQm2M0KAs,슬픔,0.0,0.02,0.38,0.59
a8PPAux_iaE,중립,0.0,0.01,0.49,0.48
tF3UtfYYdK8,슬픔,0.19,0.16,0.1,0.36
yyuXomRb8-o,놀람,0.0,0.04,0.14,0.24
t-clSA9YdRo,,,,,
dOmSh9Aqfe8,,,,,
WT2odkXriQo,기쁨,0.51,0.1,0.33,0.04
0rVo0320gpg,,,,,
oZeXLhAQFJE,,,,,
OXW_Jvx6uyU,,,,,
Uz-pTj5gx8Y,,,,,
o8nRKLlopN4,중립,0.0,0.0,0.93,0.07
vP3ZlF_PAK8,,,,,
uvAHrMSu3M0,,,,,
oetDG5eFfeI,기쁨,0.98,0.02,0.0,0.0
2jIibVcPkG4,중립,0.0,0.04,0.74,0.14
i7IAtZF3bRg,중립,0.0,0.05,0.71,0.19
ElqvKUC4STM,중립,0.0,0.05,0.63,0.23
GvadD_LXRj8,중립,0.01,0.03,0.76,0.11
hHwrdEqagWg,중립,0.02,0.1,0.67,0.2
m2UMfmHgzuQ,중립,0.0,0.03,0.71,0.22
lKdt1RBQTzo,중립,0.0,0.01,0.64,0.22
yuMv64hJY90,,,,,
06wR16XkmUA,중립,0.01,0.02,0.71,0.16
w38Nm4UNWAY,,,,,
4lYTFI2r_OQ,슬픔,0.12,0.22,0.13,0.51
fevHxjM58JU,분노,0.06,0.51,0.15,0.14
Ii33LgZFkow,슬픔,0.09,0.16,0.29,0.38
z42gCf4zw1s,분노,0.0,0.98,0.0,0.01
g2MTKeWcLHc,,,,,
yZr-71XlBw4,슬픔,0.18,0.15,0.2,0.24
fz-goXmsuUI,,,,,
oQ3po-9r_ak,기쁨,0.82,0.03,0.04,0.1
nXCvNH93sWs,중립,0.02,0.15,0.39,0.38
n68mipf6UpU,분노,0.03,0.8,0.13,0.02
ovP5S-xXcLE,분노,0.01,0.59,0.02,0.01
b2Be5_bJNac,중립,0.26,0.01,0.71,0.01
6w4e_3ddaMg,,,,,
DOKqR9Y_hZY,공포,0.0,0.11,0.09,0.01
RVjZJIV3KDo,기쁨,0.51,0.02,0.17,0.28
iCTm-hBSYAc,슬픔,0.04,0.02,0.09,0.81
ik5ua3A-a0Y,슬픔,0.15,0.35,0.06,0.39
8rARdKalJ2U,슬픔,0.02,0.08,0.3,0.5
vSpfcSfVU28,슬픔,0.07,0.01,0.16,0.75
6fAy3TZa-QE,중립,0.0,0.01,0.66,0.33
Xjlt7WhLGbM,분노,0.03,0.38,0.25,0.32
BCFQsXOIXyc,중립,0.01,0.03,0.82,0.05
putXb8ReEDE,슬픔,0.05,0.03,0.42,0.48
aZEEkwG48xc,중립,0.02,0.12,0.49,0.31
185czUSRQOU,공포,0.0,0.04,0.07,0.24
DuwQpbDEU-o,중립,0.0,0.29,0.35,0.26
nQWjyMuoikI,공포,0.0,0.19,0.04,0.12
TLHzn2XyBbY,공포,0.02,0.27,0.03,0.17
Q5lXpikvpTw,중립,0.41,0.01,0.49,0.07
O2Arp_2lGAs,기쁨,0.32,0.1,0.09,0.15
VVigIPnK1QM,중립,0.12,0.06,0.71,0.1
OdiqA1AFK30,슬픔,0.01,0.02,0.24,0.7
b4cVqnc7_Wg,,,,,
WkxE5gQ2SaU,기쁨,0.82,0.03,0.13,0.02
FuODzyrV19U,기쁨,0.86,0.07,0.06,0.01
okk3Y_0RryY,기쁨,0.86,0.05,0.07,0.01
tgKys7tRzcI,,,,,
KVs-hy984hk,기쁨,0.77,0.15,0.06,0.02
K3yTD3rG-5U,분노,0.09,0.47,0.03,0.39
8XxgvwuACIA,,,,,
WYcd0Y3WwUE,기쁨,0.98,0.01,0.01,0.0
IB9tbmVbFNI,슬픔,0.05,0.1,0.15,0.43
GMst9Gm3i34,슬픔,0.05,0.11,0.03,0.55
YgzFfvn1x14,,,,,
tP62gd1QuW4,,,,,
YsybXmzNvRs,분노,0.0,0.63,0.25,0.11
M3s1EQGHVE4,,,,,
yCqKm48WkUw,분노,0.01,0.62,0.05,0.23
nlZ7sBdUpN4,중립,0.0,0.03,0.81,0.03
CJBD9vyD76g,슬픔,0.02,0.24,0.24,0.25
rk4KZVLPSK8,기쁨,0.36,0.23,0.11,0.14
ufXD6my1r-A,슬픔,0.01,0.04,0.04,0.8
tIWe4oHgRk4,중립,0.0,0.01,0.9,0.08
OBhSGgQeHLE,,,,,
iheRNKS3xCc,슬픔,0.0,0.02,0.03,0.9
_he9pWkR8zU,슬픔,0.0,0.09,0.04,0.81
JZZrNP1K8eg,,,,,
3SqoGQJ4pYs,,,,,
XSsLwnkKlbQ,중립,0.16,0.07,0.66,0.09
l_xaN1Wk0uw,중립,0.1,0.02,0.85,0.02
CJKyrI_EhTE,중립,0.04,0.15,0.64,0.11
M4ekNDrcXHo,분노,0.0,0.41,0.15,0.26
QN6fyifVQqo,놀람,0.02,0.17,0.18,0.07
mxai7ZJLB7M,,,,,
CE7HjQh2Pt8,중립,0.11,0.06,0.7,0.11
iiQEoWVOvc4,슬픔,0.0,0.3,0.07,0.61
SHh8M7KbQBo,중립,0.16,0.04,0.71,0.08
GC4LKUYfJz0,중립,0.0,0.01,0.7,0.12
ThgLo3-f6ZQ,공포,0.01,0.13,0.06,0.37
gN8gRKiqFaM,,,,,
mNoPVzqzqog,공포,0.02,0.06,0.04,0.12
uLAjZeqClaQ,,,,,
ohmPFDraYwg,,,,,
x5rQXrvb3Vo,슬픔,0.09,0.09,0.22,0.46
hjN08I1Gu7U,,,,,
zh3Bjozbm-c,,,,,
Qy6yXEYn0Bw,분노,0.06,0.5,0.05,0.17
NWDwckPWERU,,,,,
AgpOfCdA1p8,기쁨,0.99,0.0,0.0,0.0
9ecbeRgTjBo,분노,0.15,0.3,0.07,0.15
RuEfVJFOYwY,놀람,0.0,0.01,0.03,0.02
q2eb0fZgHf8,중립,0.4,0.08,0.44,0.06
xgR5pT6OwDY,분노,0.17,0.6,0.1,0.1
dEXyZ_OnbN4,슬픔,0.04,0.15,0.29,0.47
IXl-HVUC2mU,공포,0.01,0.16,0.0,0.13
_TTj24cHipI,슬픔,0.01,0.04,0.25,0.47
8nN39WBDseY,슬픔,0.16,0.2,0.01,0.23
DhxsR_gy6GM,,,,,
NkGO3FKk_qo,,,,,
-JRGAdu3XRI,중립,0.03,0.06,0.64,0.21
5640Sd4tFsQ,중립,0.01,0.11,0.29,0.07
UkmwMVOevf8,기쁨,0.68,0.07,0.21,0.02
36xuWDElIDE,,,,,
Q8cv2zIIWwM,,,,,
k71PdxKDRYM,중립,0.0,0.03,0.92,0.05
dUgyQgSrsRc,분노,0.02,0.48,0.03,0.12
gXycttTv6ww,분노,0.0,0.74,0.01,0.02
ndlWr49bNJs,,,,,
EK-QAJWFlDI,,,,,
Ge3dkhP1HMo,중립,0.08,0.05,0.55,0.17
73NUbqJzgfk,슬픔,0.02,0.2,0.2,0.37
wBGOm_je3rs,중립,0.01,0.2,0.36,0.15
BVhHSK1JnpU,중립,0.07,0.05,0.44,0.39
b2eJb9Y4Qrs,슬픔,0.04,0.05,0.36,0.49
DYVmi98rtZo,중립,0.19,0.03,0.48,0.26
tEX8LNVyLbE,중립,0.02,0.26,0.68,0.02
7L3HOvTrMws,중립,0.0,0.26,0.39,0.18
RoDk7Rvp7Ho,중립,0.03,0.15,0.35,0.27
WkEh6rajScc,놀람,0.0,0.0,0.03,0.0
qU1Z_lIpBjU,기쁨,0.9,0.01,0.02,0.02
l0kkMyzKRY8,기쁨,0.98,0.0,0.0,0.0
DBIzITq4J0w,놀람,0.18,0.08,0.07,0.12
aHmIxML5kqg,중립,0.03,0.14,0.42,0.33
OP8363syWrU,공포,0.03,0.1,0.11,0.22
W06swVy9wmE,슬픔,0.02,0.09,0.31,0.46
Wgd7FWdHdKM,놀람,0.08,0.1,0.13,0.11
lP2_dg6PlQM,공포,0.0,0.34,0.16,0.14
IJwk3EUXC-4,,,,,
TcFXAhO92ow,기쁨,0.51,0.01,0.45,0.01
JSK37w5KSBg,놀람,0.05,0.12,0.14,0.02
9sIivp6T3yQ,기쁨,0.82,0.07,0.06,0.01
9r3RK-p9dKc,중립,0.06,0.28,0.31,0.11
_1ukpbriNXU,기쁨,0.73,0.0,0.02,0.0
jX3nC_55YDc,분노,0.08,0.39,0.12,0.33
FB9loBgegfw,슬픔,0.13,0.13,0.28,0.38
6Sf3fL3sBDs,,,,,
3FqgPQyd3S0,중립,0.0,0.02,0.92,0.05
RyvNnlLy6QU,중립,0.01,0.0,0.98,0.0
R-SVNyuXfmQ,슬픔,0.02,0.19,0.23,0.49
klC9nZ2yNzw,기쁨,0.8,0.01,0.14,0.01
oN0ONy2UVKs,공포,0.01,0.04,0.18,0.14
pF3utlaS8vg,슬픔,0.0,0.08,0.2,0.67
GnvPfWPJ3E4,슬픔,0.31,0.09,0.24,0.32
WJ1mrinrewI,슬픔,0.24,0.25,0.13,0.36
Ul2w00Tub_c,,,,,
102dUdCZVnU,슬픔,0.01,0.21,0.17,0.3
-cAl0YePiAM,기쁨,0.99,0.0,0.01,0.0
zW8wEWWVfR8,분노,0.0,0.41,0.26,0.26
MbkuXy8MRAM,기쁨,0.55,0.2,0.03,0.14
MZBDhXf9BQc,중립,0.16,0.04,0.61,0.17
BQ-UASsVJIo,중립,0.28,0.01,0.61,0.08
uep5bh0PEOY,중립,0.02,0.1,0.64,0.17
Txv9dOZ3McY,공포,0.0,0.17,0.31,0.08
rB8YU5E1SLc,슬픔,0.02,0.17,0.34,0.36
AVoS0wbiBNc,중립,0.19,0.06,0.63,0.08
fhlBkNFgKvE,기쁨,0.99,0.0,0.01,0.0
1-SP7fCLFZo,기쁨,0.99,0.0,0.0,0.0
pw801F4WsLE,중립,0.0,0.04,0.75,0.17
T2Nkf-jC6So,중립,0.47,0.01,0.5,0.01
ncPBXM9ZGjA,기쁨,1.0,0.0,0.0,0.0
gJ8c5R7dQ2g,중립,0.0,0.0,0.85,0.14
Sj7bauanWWk,중립,0.04,0.02,0.58,0.31
WsAq--ylQwQ,슬픔,0.0,0.0,0.01,0.9
U8JYeieCGJw,공포,0.02,0.02,0.29,0.25
ZnCkJJo6bdA,분노,0.0,0.6,0.25,0.14
TRs3megbgnw,기쁨,0.98,0.0,0.0,0.0
UxqzZPeIzCc,,,,,
8PhPvSIYao4,슬픔,0.0,0.0,0.45,0.5
FcT_HkCDL_4,슬픔,0.25,0.04,0.12,0.5
HqKD0_4aNdw,분노,0.01,0.39,0.37,0.23
FRJt7YkPE9I,분노,0.09,0.5,0.09,0.12
CLUILvSgdsM,,,,,
9zEm_pH1e7o,,,,,
3ciXVtKwb50,,,,,
VvsPirBs1x4,,,,,
fdbhfGmKXOc,,,,,
JA7MvDB6gG0,중립,0.04,0.11,0.82,0.03
3n1wbwaWNDc,중립,0.03,0.04,0.83,0.04
lUWGbSDbwhs,기쁨,0.76,0.1,0.1,0.02
ThMF_Va3Psg,기쁨,0.87,0.02,0.07,0.02
D2MQ1jlTxKM,중립,0.21,0.03,0.48,0.2
VtgbKcvAojM,,,,,
OOFnf096gw4,기쁨,0.48,0.05,0.34,0.1
ADpZ2_pvygo,슬픔,0.01,0.04,0.25,0.55
BmEyWuEczWA,,,,,
RjAlyYBZyqQ,중립,0.04,0.05,0.71,0.18
9R5ixrTQN6o,기쁨,0.77,0.04,0.12,0.01
wsPNPf7aIM8,중립,0.09,0.09,0.45,0.08
v5jTzokEL-0,슬픔,0.0,0.02,0.15,0.77
D1d5SeKbHEU,기쁨,0.91,0.0,0.04,0.03
wKkDUF3rGnE,중립,0.25,0.04,0.49,0.2
Q-QmOPeS2so,놀람,0.0,0.24,0.06,0.1
ukbHSTKYqow,분노,0.13,0.57,0.22,0.05
LdJbFXD_nLo,중립,0.24,0.01,0.42,0.29
GAWgjMojhxo,분노,0.03,0.45,0.11,0.39
5ra7Ja8PF7I,,,,,
gLjQsIx1YgY,슬픔,0.27,0.04,0.07,0.55
fDd7RrgwGDg,,,,,
XG81E36zAuQ,슬픔,0.04,0.19,0.16,0.55
clXggcV8mL0,기쁨,0.76,0.1,0.04,0.08
FBKItK3k_bs,분노,0.24,0.39,0.03,0.21
P1Lm6BnHJ6I,기쁨,0.78,0.05,0.02,0.1
NhFnVvpuLBU,중립,0.0,0.01,0.8,0.17
d_dtCrGyFQA,중립,0.01,0.04,0.77,0.16
FMUUMEaxsTI,중립,0.08,0.02,0.83,0.06
SGhub1GWsvU,중립,0.01,0.02,0.88,0.08
PZI6HBmY1hg,중립,0.0,0.07,0.71,0.18
pYErZ2GuY5c,중립,0.02,0.12,0.54,0.3
-YT7uWmB36g,기쁨,0.45,0.01,0.36,0.02
YG4KYA9AGwg,중립,0.01,0.19,0.67,0.1
6K_27C0i9LI,분노,0.0,0.65,0.3,0.04
lrsaEQ8CjPg,중립,0.0,0.13,0.69,0.15
lujR1lgTwNA,,,,,
ZZDIShJrTgU,중립,0.46,0.01,0.52,0.02
aNv6JJlwuVQ,,,,,
3iOknoRLOH8,,,,,
yVc8a0QGThs,,,,,
BOe7OEvpADY,,,,,
zKpwRrRcWiw,,,,,
kD04asanBgk,,,,,
Q1j_I69bTFY,,,,,
Of6xbWGPxZU,분노,0.06,0.63,0.2,0.03
5Dq3wHVR68E,,,,,
8enFlLTNNXI,,,,,
9OMq5XCD9aQ,,,,,
BwT-ndO-C5A,,,,,
IIY23Cl8oIQ,슬픔,0.03,0.01,0.37,0.58
Y3aQ3uLWBBE,기쁨,0.96,0.03,0.0,0.0
9Q_QC8kteGs,기쁨,0.66,0.05,0.21,0.07
eUYY-O9PyRQ,기쁨,0.5,0.33,0.0,0.07
8uG5OEm7X38,기쁨,0.97,0.02,0.0,0.0
sKJT8i50oM8,기쁨,1.0,0.0,0.0,0.0
Uoqb0I88fOE,분노,0.09,0.48,0.04,0.26
UX2nVXNvj-4,슬픔,0.04,0.16,0.15,0.52
eeip3j1wVPc,,,,,
RmKsP6YRehk,,,,,
-YcEuFnr01k,중립,0.27,0.04,0.67,0.02
Rm5UvkMkfLg,기쁨,0.93,0.01,0.04,0.01
o7Gf6Q9Hue0,기쁨,0.95,0.0,0.04,0.0
kJXLtoja3Aw,기쁨,0.93,0.01,0.05,0.01
XAs6D9gc7QE,기쁨,0.92,0.0,0.07,0.0
5dnBtlz7QmQ,슬픔,0.0,0.05,0.16,0.55
xZTvcY3hr0A,슬픔,0.0,0.01,0.01,0.59
rrm7GN_Y8V8,슬픔,0.0,0.01,0.02,0.73
v78jRK3FYC8,슬픔,0.01,0.03,0.03,0.92
XncAjD6SRa8,공포,0.0,0.0,0.0,0.0
1_pos1lUl9I,,,,,
pjvYm7nWxBA,공포,0.0,0.02,0.05,0.19
mc2E9c4Sc-0,분노,0.0,0.74,0.0,0.04
qbU7EQE1bTI,기쁨,0.66,0.0,0.26,0.0
F8aT9M6OdA4,기쁨,0.99,0.0,0.0,0.0
TtGcttKYaSs,공포,0.14,0.06,0.26,0.05
EeH90Ma0Y34,,,,,
WIu6fQF_hFw,기쁨,0.43,0.4,0.01,0.1
8FHIl6SJDoE,중립,0.0,0.02,0.38,0.19
j6bdXJkHunw,공포,0.12,0.08,0.15,0.22
9D5dxwhIa_o,중립,0.0,0.26,0.48,0.22
-5xu7Wmxejg,기쁨,0.84,0.01,0.13,0.01
2jdoVWoXX20,기쁨,0.6,0.0,0.4,0.0
yKtUKqtuYqk,,,,,
K0elb13iDfA,,,,,
k7oynoteI4o,중립,0.2,0.14,0.44,0.19
kbhnf1knVro,,,,,
W_35AQXGzlM,중립,0.0,0.03,0.9,0.04
BUYZW2yc5Jw,슬픔,0.0,0.08,0.14,0.64
-RPWSw27VDU,,,,,
jw9mcBSY1Zg,슬픔,0.07,0.2,0.04,0.59
VSKbjDZhwOU,중립,0.02,0.02,0.71,0.24
26Xt4aoEXsM,슬픔,0.01,0.06,0.21,0.69
2o-Wnx58OD8,,,,,
u9TiyfyUBrY,기쁨,0.64,0.06,0.1,0.17
UuDcTRMSAjk,,,,,
_OJTMQ5avbI,,,,,
5JSVEidHVlU,중립,0.04,0.14,0.5,0.24
jTxvWnPLE4Q,기쁨,0.87,0.1,0.0,0.0
meReG59PLeY,기쁨,1.0,0.0,0.0,0.0
lB-2r0SuDMc,,,,,
Tl3VGX5PudA,중립,0.0,0.15,0.63,0.08
5MjAzDaxHIY,,,,,
3tHkVlbSuzU,,,,,
IFqUswVkong,,,,,
KWEhmQu4tmw,슬픔,0.14,0.03,0.26,0.44
SAlSA8lo8PQ,슬픔,0.02,0.1,0.08,0.78
oIS-tM9Sh_8,슬픔,0.02,0.1,0.08,0.78
aodS3dcEYjs,,,,,
ARDqOjHH1YY,중립,0.06,0.03,0.68,0.11
8WIrObMLqj8,,,,,
MWq8ZurRKIA,,,,,
mM4G-YODbag,중립,0.0,0.14,0.82,0.04
yciNrLtd5XQ,,,,,
o4g-wXn6S0U,슬픔,0.0,0.01,0.02,0.91
KeEuED3AfGg,기쁨,0.53,0.33,0.04,0.06
EaSgTQL-tSk,중립,0.0,0.01,0.7,0.29
6OLkYOvkRgw,슬픔,0.03,0.13,0.09,0.64
oRHMQT02xsU,슬픔,0.0,0.02,0.0,0.8
OjDgx3T6TQg,기쁨,0.47,0.1,0.19,0.07
chEnDWgYnYw,슬픔,0.09,0.33,0.02,0.46
PCR-1IEhCLM,공포,0.0,0.01,0.0,0.08
q-kOxZ9NO_A,,,,,
Wr0vKXvNaVE,,,,,
QdQFVh75Cy8,기쁨,0.37,0.0,0.37,0.25
VnBjZIOIdIc,기쁨,0.78,0.08,0.02,0.09
gUD88Sk-n6c,,,,,
RpGqPtvVFn4,중립,0.2,0.02,0.64,0.13
mWd4EKPcfkM,,,,,
PF6PaEHPZhk,기쁨,0.94,0.01,0.01,0.03
b408cXUEXB4,기쁨,0.6,0.01,0.29,0.09
xB6-EXgYYlo,중립,0.11,0.02,0.63,0.23
QgeKUjXrWg4,중립,0.04,0.01,0.82,0.12
S86zsN4PDD4,중립,0.01,0.04,0.64,0.3
6fpVtpcIE6Y,,,,,
dTJXJXjFLgU,분노,0.05,0.7,0.08,0.15
F_6yl6V8sKc,,,,,
JFdIsUbQFwg,기쁨,1.0,0.0,0.0,0.0
d3-ZFovytBc,슬픔,0.0,0.03,0.35,0.54
APFuzbAX3-Y,중립,0.03,0.02,0.69,0.24
YBHyguCyPeQ,기쁨,1.0,0.0,0.0,0.0
R0u25wB-ODI,,,,,
cnd8uo836J0,슬픔,0.0,0.0,0.0,1.0
sYDlCx2qDF4,기쁨,0.63,0.03,0.24,0.02
sPbaJegYOpE,기쁨,0.57,0.07,0.25,0.06
nknuY1OnlHY,기쁨,0.99,0.0,0.0,0.01
HIaZ4mk5Lrs,기쁨,1.0,0.0,0.0,0.0
f_plYc3M5FA,기쁨,0.59,0.21,0.13,0.03
aAJTu4nf9YM,분노,0.24,0.28,0.18,0.26
6l0UynTTqKw,,,,,
IDo8Sr_a7yE,,,,,
1ryxA43R3Bg,중립,0.02,0.16,0.33,0.31
rYpG-whmE1U,중립,0.01,0.12,0.37,0.23
xK5DttBv1XE,중립,0.0,0.04,0.53,0.28
qDjWjse9V4Y,공포,0.0,0.1,0.12,0.35
XFrzXWVWNWk,슬픔,0.0,0.12,0.32,0.47
TavdGHco-A4,중립,0.0,0.07,0.44,0.36
D4QyPM0XZ64,중립,0.15,0.12,0.4,0.15
1TXhRy-gAXo,중립,0.09,0.01,0.88,0.01
rO3lE5Wresg,중립,0.09,0.01,0.88,0.01
wkn64UuWlGs,중립,0.09,0.01,0.88,0.01
NUBkOPqvue0,중립,0.23,0.01,0.72,0.01
mAli4S-VE_w,중립,0.09,0.0,0.88,0.01
RP37QBIRxwI,중립,0.09,0.0,0.88,0.01
GLVAJkxq1jk,중립,0.09,0.0,0.88,0.01
SX5IjqgO3uo,중립,0.1,0.0,0.87,0.01
KKio4ElQPlE,기쁨,0.57,0.09,0.29,0.02
p3C2wm7mntg,기쁨,0.8,0.03,0.06,0.04
1mQ1H_zvVDg,중립,0.04,0.18,0.35,0.18
9GDTreudxwo,슬픔,0.01,0.04,0.26,0.43
J4bO2Hr7QCI,중립,0.05,0.12,0.51,0.28
d9kjAbQyY4A,중립,0.06,0.19,0.48,0.26
CdjkSjwpCmQ,기쁨,0.56,0.0,0.42,0.01
HvNPykB4agc,중립,0.2,0.02,0.33,0.32
Nm3xMkU8lRk,중립,0.02,0.02,0.92,0.04
e1mIuciZatQ,중립,0.03,0.08,0.68,0.08
34marTKtlEg,기쁨,1.0,0.0,0.0,0.0
t-GU--2D7Zc,기쁨,0.94,0.02,0.01,0.01
dP5PjYSHZYM,분노,0.02,0.5,0.13,0.14
YsqvH0rrNoQ,슬픔,0.0,0.24,0.16,0.31
uLo3ZzRMJok,분노,0.0,0.71,0.12,0.13
BO6vKqDVoLs,,,,,
s3wTKU7Pxo4,,,,,
i8yOzI7EFzY,,,,,
I7o1VEIlBko,중립,0.0,0.1,0.85,0.04
ngKb9XXhyuQ,기쁨,0.24,0.2,0.05,0.07
inspT4fs6gM,중립,0.01,0.02,0.91,0.04
afkE3Yt_E1w,중립,0.01,0.22,0.73,0.03
B8YjhlLz6sI,분노,0.02,0.43,0.15,0.36
rvW0EEF5JLc,중립,0.02,0.07,0.83,0.06
gpandjiFjAo,슬픔,0.0,0.05,0.33,0.6
3uLJNqF0qMs,슬픔,0.0,0.22,0.12,0.6
zEDDsb9VA6E,중립,0.15,0.15,0.59,0.02
izN_n1oUAH8,분노,0.02,0.47,0.38,0.09
79dQooqR8JU,기쁨,0.77,0.03,0.06,0.04
xkKjYJZhIW4,분노,0.11,0.29,0.29,0.24
f9xGr1LWQ0Y,분노,0.06,0.43,0.16,0.15
SXUsiyafRWM,분노,0.06,0.82,0.01,0.04
tzZXlOWzDZw,분노,0.02,0.47,0.38,0.09
biXzjE8_TpQ,중립,0.12,0.2,0.5,0.11
lfCYXek-yGw,중립,0.08,0.17,0.47,0.14
oqVf9FNJ71E,분노,0.06,0.49,0.11,0.29
FKecGo-_vGk,분노,0.24,0.38,0.01,0.1
Va4B3FXxxMA,기쁨,0.99,0.0,0.01,0.0
qL2l-Xwusj0,기쁨,0.99,0.0,0.01,0.0
cWTf5AOESv0,,,,,
lugbsnevAPg,슬픔,0.0,0.23,0.27,0.27
vvvz9UHBpLA,슬픔,0.01,0.18,0.04,0.34
nCKo4cIpoX4,기쁨,0.88,0.04,0.05,0.01
1aaXuYHFFu0,공포,0.25,0.02,0.1,0.14
ZDR6LBKt14A,기쁨,1.0,0.0,0.0,0.0
_WGKdQ6Oz8E,중립,0.0,0.01,0.48,0.43
iuuSX5UVTXU,중립,0.01,0.0,0.45,0.41
ilpBBHNqAQs,중립,0.01,0.0,0.95,0.03
HIx26kXe1yo,,,,,
5XUV-P5IuWU,슬픔,0.1,0.2,0.28,0.28
DYnWSyu3GzA,중립,0.02,0.31,0.56,0.06
blxTOAg8ZJE,놀람,0.05,0.09,0.07,0.04
YTywPuFmR8E,,,,,
osuUcNuvDFQ,기쁨,0.57,0.02,0.09,0.26
V09e5UzuLVU,,,,,
1Sf2epEiRaQ,,,,,
fphmvmckMz4,,,,,
wJ9XYva5eis,공포,0.27,0.24,0.01,0.1
__2Z0PW2DHg,분노,0.0,0.42,0.01,0.41
u7NX8f6hes0,,,,,
K3Ctvt5jooQ,기쁨,0.42,0.12,0.3,0.11
hRTRagy-F5k,공포,0.0,0.06,0.0,0.1
rsE7RLw7BjE,슬픔,0.01,0.09,0.06,0.81
ddVqGpaTqPU,,,,,
gZb5pojCVpQ,중립,0.0,0.06,0.43,0.42
7cHC5_tisnw,슬픔,0.0,0.02,0.04,0.93
60HiZwOg68c,기쁨,0.99,0.0,0.01,0.0
fZOWTbh7zRE,슬픔,0.0,0.02,0.33,0.63
bRosf8fE1G8,기쁨,1.0,0.0,0.0,0.0
Na9rWpJEOV8,,,,,
IkT_fEAzHN4,중립,0.0,0.0,0.81,0.03
ihvxXbS4n4c,슬픔,0.0,0.09,0.15,0.71
IXMlj9tcsRw,기쁨,0.71,0.0,0.23,0.03
A5JfFcgVUWQ,기쁨,0.71,0.0,0.23,0.03
DRxLZmdykJE,,,,,
XRYTjDAAOoI,,,,,
sP10kNsIyKI,중립,0.08,0.2,0.37,0.16
8Kg_Hbm4GKM,중립,0.01,0.02,0.38,0.06
oa-A9pje0qY,슬픔,0.02,0.02,0.12,0.57
mHfkXLotMeE,중립,0.01,0.05,0.85,0.06
HbXTtY6DyKg,,,,,
z3Jb3gAlZl0,,,,,
GPK6ot6zR74,,,,,
IfVuICxBwTM,,,,,
5EvX8BW4JsQ,기쁨,0.31,0.25,0.14,0.2
1NOUGkRSy2U,,,,,
MzRP2T9F6ro,,,,,
6y9d0Fgeslk,기쁨,0.63,0.02,0.13,0.17
f5-Hr6nlOlA,기쁨,0.29,0.19,0.09,0.24
GnQYdMZzBX0,기쁨,0.52,0.0,0.43,0.02
_s81TbnJCIc,,,,,
qT-_rFOWpGQ,중립,0.1,0.04,0.44,0.03
K_EuR7Aeqak,슬픔,0.2,0.26,0.05,0.34
JlijNE2NQnM,,,,,
JA0ENljeeRk,공포,0.01,0.18,0.08,0.15
RWnRegSSHXM,중립,0.01,0.23,0.46,0.25
CJ-t9J_68E4,분노,0.01,0.48,0.23,0.12
vJk3H_gUO6U,중립,0.01,0.17,0.48,0.08
K73dBEteRTk,중립,0.01,0.03,0.54,0.41
k9GfAzrffUU,슬픔,0.0,0.26,0.09,0.52
or0zD4h9Gn0,슬픔,0.0,0.13,0.3,0.46
4yHtTnkGmlc,중립,0.0,0.04,0.46,0.39
cPZUEDVG7X8,공포,0.0,0.09,0.03,0.1
-XSbqdSqfQE,슬픔,0.0,0.33,0.1,0.34
x-YvkmrXY5w,분노,0.09,0.64,0.0,0.0
HaHGUXpQ8Ho,중립,0.03,0.06,0.43,0.19
Lml9h4K9tgo,기쁨,0.82,0.01,0.15,0.01
TZMY1Unesjw,기쁨,0.52,0.14,0.2,0.05
c9r-rzuITXs,,,,,
VMQGXPsI8Iw,기쁨,0.98,0.01,0.01,0.01
c1eCQNvmQRM,놀람,0.01,0.03,0.01,0.0
lBclmk7Hn_U,,,,,
JEesxLppBrE,슬픔,0.11,0.21,0.03,0.61
INQYJxQY8Ik,기쁨,0.85,0.0,0.13,0.01
fALn8Vi51wc,,,,,
CqCBMInABFE,기쁨,0.56,0.19,0.01,0.02
YLD2a95lsRw,,,,,
sKX5V1ieGOc,,,,,
pwzxVaBXX1A,슬픔,0.05,0.09,0.29,0.39
CbKUrfK0cUM,,,,,
eYJZJfXniEE,,,,,
3M1sZMf0JJc,기쁨,0.8,0.09,0.03,0.02
Y58yxrN4xoA,공포,0.03,0.23,0.03,0.08
uBmoc_O9FAc,슬픔,0.0,0.02,0.07,0.81
wQiq6kGWGwE,중립,0.14,0.2,0.3,0.02
YfGWKssV4-o,중립,0.04,0.06,0.78,0.12
213Cg3ML20I,중립,0.04,0.01,0.94,0.01
wEw9nrqqqTY,중립,0.03,0.07,0.36,0.28
-dp2FDZxToY,,,,,
LtMg3gJoGsY,슬픔,0.03,0.25,0.03,0.51
A0BX6zb5TfE,슬픔,0.25,0.29,0.07,0.35
IkqHMhQ_NXs,기쁨,0.96,0.01,0.02,0.0
_43dYG5f1uA,슬픔,0.06,0.26,0.14,0.37
nkPlh-E0uKU,기쁨,0.76,0.07,0.03,0.13
oM-dfzPzltI,기쁨,0.76,0.07,0.03,0.13
y6FuH-7COj4,,,,,
L-SMM59Cjw8,분노,0.01,0.94,0.01,0.01
eNhH__ZTtf8,,,,,
bJlqLMPpYKM,분노,0.01,0.69,0.01,0.04
aPMZ_DGuLp4,기쁨,0.98,0.01,0.01,0.0
WmHTdhfvb9A,공포,0.13,0.18,0.03,0.2
NL7LWwO475I,,,,,
BRCGydIMT64,,,,,
gVHpB8p9W20,중립,0.01,0.24,0.53,0.12
hVcZkFK8xG8,,,,,
9ZJYdEPdGX4,중립,0.0,0.07,0.59,0.01
KvR77L_66Ns,중립,0.0,0.08,0.57,0.02
_trvcE69Ie8,기쁨,0.81,0.0,0.19,0.0
hKFLJkynSuM,중립,0.01,0.01,0.73,0.14
vgp_gtEBeTI,기쁨,0.91,0.02,0.07,0.01
-Un7gIKJAMk,,,,,
NCGXh1UEqAo,공포,0.03,0.08,0.03,0.3
FISnk4JmZi8,놀람,0.08,0.01,0.02,0.03
9lLeCLASp38,슬픔,0.27,0.04,0.21,0.4
02H43ZMGCXM,슬픔,0.18,0.05,0.23,0.46
zM9l6JTNWcY,,,,,
jo9yMRk9tig,,,,,
EqNdAorczCs,,,,,
vZhMKHfQ0bg,,,,,
ZqWVMYw3gYA,,,,,
nZmKdyZ0bbc,슬픔,0.06,0.12,0.01,0.68
QkOGzBgB2ds,기쁨,0.7,0.04,0.09,0.14
pnaZP7gI4EY,기쁨,0.99,0.0,0.0,0.0
KeO-2a49Geg,슬픔,0.08,0.15,0.08,0.47
dgce-iFtBDU,분노,0.0,0.72,0.02,0.2
2R3xgO488Go,중립,0.01,0.08,0.43,0.12
qZSgOpx3DNs,,,,,
Ketk7O9wHtE,,,,,
LNoZuoNLZHg,기쁨,0.56,0.07,0.19,0.13
xDYozCsSUDs,슬픔,0.0,0.01,0.25,0.53
PE-mD79o754,기쁨,0.56,0.01,0.03,0.01
6J7mfQL7bxk,공포,0.0,0.02,0.23,0.1
b886Tdu2Ql8,놀람,0.05,0.02,0.19,0.18
RPF9e4RwaCg,중립,0.01,0.08,0.69,0.17
0r8j7SXf8UQ,중립,0.06,0.05,0.43,0.19
CP0xLPOvomY,기쁨,0.99,0.0,0.01,0.0
JjlypwCIeeA,기쁨,0.97,0.01,0.0,0.01
qVnW6OPTx9Y,기쁨,0.45,0.04,0.43,0.01
k6aYz4ViYhU,슬픔,0.03,0.02,0.12,0.58
BSm0zI3qDTw,기쁨,0.4,0.08,0.09,0.31
UkNdAJx3CuA,기쁨,0.79,0.01,0.14,0.05
S87coonKtlo,중립,0.05,0.03,0.85,0.02
BCl2iYjUzEA,중립,0.06,0.01,0.86,0.05
XKr4OQkLviw,기쁨,0.96,0.0,0.04,0.0
EElviKDgi1Q,슬픔,0.24,0.15,0.05,0.39
wldnGEuzfnM,,,,,
1wbN-A4UE70,분노,0.02,0.8,0.11,0.03
nVzG2HA29P8,,,,,
l8L-j8_nGqE,,,,,
HrsR6vsp9s8,분노,0.0,0.9,0.02,0.04
6JMP4EEXOmk,슬픔,0.0,0.1,0.25,0.56
pU2ppHyDJxk,,,,,
qbDBD_aMWEk,,,,,
xTgzuk93uA8,슬픔,0.01,0.01,0.39,0.48
MQQ6KO3YEv0,기쁨,0.69,0.01,0.09,0.05
UO0R0rZ4ZpU,중립,0.03,0.01,0.91,0.03
c2YAfYjZ-nk,기쁨,0.58,0.03,0.15,0.1
6R4_X3MtB_M,중립,0.0,0.35,0.52,0.04
2ofAbBnW5u8,중립,0.05,0.0,0.94,0.01
8TeRF7PV0Oo,중립,0.01,0.0,0.97,0.01
sUfHYIXg1UQ,중립,0.29,0.02,0.63,0.03
dYLuLgqagC8,중립,0.01,0.01,0.94,0.02
C_Ear_1dVOQ,,,,,
BGvCqnHIfmg,분노,0.09,0.42,0.14,0.14
2lTuTmiEZxk,,,,,
I_e2IGGUZ78,중립,0.0,0.03,0.39,0.25
epTLhd_qo6U,중립,0.0,0.07,0.84,0.05
41vv4FpQvgs,,,,,
71kSMyT1I9k,슬픔,0.31,0.17,0.03,0.36
lefxqTaymeU,중립,0.01,0.07,0.84,0.05
FWrkbF_ExWA,중립,0.35,0.02,0.54,0.05
ckIVpOlr2qg,기쁨,1.0,0.0,0.0,0.0
qcNNj3LsRg0,중립,0.15,0.01,0.74,0.08
1FlX5wnJ4ms,중립,0.06,0.01,0.79,0.11
7R_nBxzaTp0,중립,0.15,0.01,0.74,0.08
XWhiRKgtJeM,공포,0.0,0.0,0.0,0.32
tg4Fs7mlSkY,중립,0.09,0.0,0.84,0.05
mZihfxoMg5o,슬픔,0.0,0.0,0.09,0.89
5iaSaEiyZyQ,놀람,0.0,0.02,0.01,0.01
uR4WJNHIvdg,분노,0.0,0.59,0.37,0.03
KNvAgvaRBh0,슬픔,0.01,0.08,0.26,0.57
EhYYpA0xmN4,슬픔,0.01,0.03,0.11,0.68
SRRuOtkOOpE,,,,,
HK99oLevNoo,중립,0.0,0.02,0.34,0.25
leG9AZkla2A,중립,0.0,0.01,0.66,0.27
I7SUxMvj7NY,공포,0.0,0.07,0.0,0.07
186tbIK5qMg,놀람,0.0,0.0,0.0,0.0
HeEx73jzPHk,슬픔,0.01,0.01,0.08,0.9
AKWrhGEz4HY,슬픔,0.0,0.02,0.06,0.78
WhIQC_IPq_E,슬픔,0.0,0.01,0.01,0.96
7NHNiXlwGgc,슬픔,0.0,0.02,0.0,0.83
4hu-qggZCTw,슬픔,0.0,0.0,0.01,0.99
tWfDAfK_A0Y,슬픔,0.0,0.0,0.0,1.0
vc081knoMiI,슬픔,0.0,0.01,0.02,0.91
D1rGgl-vJq4,슬픔,0.0,0.0,0.11,0.87
aSKyVuPsim4,슬픔,0.0,0.02,0.03,0.94
3umyarQbxyw,,,,,
geRIOzRjbo0,중립,0.03,0.02,0.86,0.08
_Bwf9FaDELA,슬픔,0.0,0.16,0.23,0.45
ZHov9HBmQQU,기쁨,0.79,0.16,0.0,0.03
bnY-psWDvq0,기쁨,0.79,0.16,0.0,0.03
S9wVABHaFdY,중립,0.0,0.03,0.89,0.05
EmWyy5j76TY,중립,0.0,0.05,0.9,0.03
745hXV0lOBk,기쁨,0.6,0.0,0.38,0.01
mT2yC1GRE3I,중립,0.0,0.03,0.77,0.16
VKjRlWsFQbc,기쁨,0.84,0.0,0.16,0.0
OrHVsDUTGyU,기쁨,1.0,0.0,0.0,0.0
J_raY-S0rg4,슬픔,0.01,0.26,0.04,0.53
DuPtkvutvWE,슬픔,0.0,0.03,0.38,0.57
b6-QhgiB0L8,공포,0.0,0.01,0.0,0.01
hMe-Lbfpd_I,슬픔,0.09,0.03,0.21,0.59
4Is79qRBA9M,분노,0.01,0.88,0.02,0.05
jr1xewq7w40,슬픔,0.09,0.1,0.21,0.53
C4MncIQJCRk,분노,0.0,0.5,0.01,0.36
5tbp0EC_V6c,슬픔,0.01,0.05,0.02,0.75
WZBJSHJv65A,슬픔,0.01,0.11,0.02,0.45
8XLqkgyL_cM,슬픔,0.01,0.35,0.01,0.41
8iw6nZW1uAg,슬픔,0.0,0.06,0.04,0.75
8LWjUSCpY5U,공포,0.02,0.24,0.04,0.2
52jYzHRw6lE,슬픔,0.04,0.26,0.09,0.42
UCLssDXohQo,분노,0.0,0.38,0.2,0.35
QGUgO0simfo,슬픔,0.02,0.02,0.4,0.49
xZZRJygPdmY,중립,0.0,0.02,0.77,0.03
TQfD9VRxFGI,,,,,
0kUMgbdgFQQ,,,,,
ll3eg4x8IYw,중립,0.33,0.06,0.52,0.08
w1SUAU8tdME,분노,0.15,0.37,0.08,0.19
kJEneRIRgP0,공포,0.04,0.27,0.01,0.04
9Fc9V0qyvEY,중립,0.03,0.07,0.53,0.17
R06Wn2Ras2E,분노,0.0,0.79,0.04,0.13
k70IXokUPs0,슬픔,0.0,0.02,0.0,0.71
8iA88TtO4MI,슬픔,0.0,0.32,0.0,0.53
zUdS86dZZGQ,분노,0.01,0.64,0.01,0.09
iV37PuDOiU4,,,,,
GX0V7PWcUu8,기쁨,0.65,0.01,0.3,0.03
BDd-6tYnErs,기쁨,0.54,0.12,0.16,0.17
gQf2A1K8vuY,중립,0.16,0.09,0.43,0.27
dXAEOYsJoAs,중립,0.01,0.0,0.79,0.09
6KUcMfnJu_E,중립,0.06,0.01,0.85,0.07
vR_DB-SrmOw,공포,0.01,0.05,0.03,0.04
rLa2gKfS1-c,슬픔,0.0,0.02,0.04,0.64
TtyE9ItT6yY,슬픔,0.0,0.02,0.3,0.55
-isidxTRCFY,슬픔,0.0,0.02,0.23,0.56
myjTFY7G7as,슬픔,0.01,0.01,0.06,0.76
wX_-edODBP4,기쁨,1.0,0.0,0.0,0.0
FPSSOEjww6g,슬픔,0.0,0.17,0.29,0.36
SAn8gDLapMI,중립,0.17,0.01,0.5,0.31
_gbH95lfKTE,슬픔,0.01,0.24,0.28,0.38
rCxFpykJlMk,중립,0.23,0.01,0.5,0.2
w0QhpbJgeco,슬픔,0.0,0.12,0.01,0.65
j1BOMF3G5OA,슬픔,0.0,0.18,0.04,0.61
ojj1Dhc5rI0,공포,0.0,0.01,0.03,0.15
WHJn0nAEJQI,슬픔,0.0,0.01,0.03,0.9
4W635ibxaFs,공포,0.07,0.01,0.11,0.07
kuy96DBlTxk,기쁨,1.0,0.0,0.0,0.0
N6VfX58JEdo,공포,0.0,0.06,0.09,0.33
8zC32AJkKGY,중립,0.01,0.33,0.39,0.22
f8wx8Lk-T-U,중립,0.2,0.01,0.76,0.02
rFxUbHfpEHM,중립,0.33,0.03,0.37,0.24
FZvLdSQrlgg,기쁨,1.0,0.0,0.0,0.0
MEO-8-70lMI,슬픔,0.0,0.08,0.07,0.75
zE5zrtCuxYI,기쁨,0.98,0.0,0.01,0.0
iiXreAqeQQo,,,,,
N4nHcezWI5Y,기쁨,0.85,0.01,0.05,0.02
w04HFoOdRvg,중립,0.0,0.1,0.72,0.17
5mF7PKNw4Ns,,,,,
jDoMKKjhFgk,기쁨,0.96,0.0,0.04,0.0
X-ft-uBGex0,기쁨,1.0,0.0,0.0,0.0
i6xONEzuRjE,중립,0.01,0.14,0.58,0.14
Mh1HxOm1xsM,,,,,
dAXMXGMsCMI,중립,0.47,0.0,0.5,0.01
U1MMGkibi7I,,,,,
4lZXBRNPe5w,,,,,
-hqjrmSxy14,중립,0.05,0.07,0.77,0.05
K8HDFkoBkSE,,,,,
NHEE_LAZZEU,,,,,
VxuECx0FEwQ,중립,0.2,0.0,0.75,0.03
pwGIJ4DILgA,분노,0.11,0.67,0.05,0.12
69EBRdTtArA,,,,,
raHRz6rReXs,분노,0.03,0.41,0.04,0.14
npHfOR0YJ4s,,,,,
zpFHozWV5oU,,,,,
cc4cAy99dEQ,슬픔,0.06,0.25,0.02,0.42
PYuIwhS6As8,,,,,
rK88GPcaFNw,분노,0.05,0.55,0.02,0.34
RFyjZJvBjJM,,,,,
hzMRfbyxhxQ,,,,,
_rHcfqUKc-c,,,,,
1tP8PnaGLMM,,,,,
KZIXzSSmloY,분노,0.0,0.88,0.01,0.06
hiOfoHII1o8,슬픔,0.0,0.03,0.35,0.6
J7RTN9JS4B0,중립,0.02,0.07,0.68,0.2
ZhjVeiu4nRQ,,,,,
LMPX377SqBI,,,,,
CKIxT6zowQM,,,,,
Evsl7NyIx9A,,,,,
IGlZOuxRh44,,,,,
y4-4EC7ENbU,,,,,
2i4Sd5123RE,,,,,
YZSkrG3FpJ4,공포,0.11,0.19,0.26,0.13
yo4lQ4xrnYI,슬픔,0.03,0.06,0.17,0.58
73iRIceKwOc,,,,,
pB2a7nJpOxY,중립,0.02,0.14,0.73,0.08
lrMaqjn7yKA,기쁨,1.0,0.0,0.0,0.0
r9ej2PN5Azc,기쁨,0.99,0.0,0.01,0.0
1tYtLtSvqYQ,슬픔,0.0,0.03,0.41,0.48
lQrG9fVnae0,공포,0.11,0.12,0.12,0.17
JhlD99ZimP8,중립,0.31,0.04,0.44,0.1
YN0a3QC99ek,기쁨,0.81,0.02,0.12,0.02
nIr7q5oRJPk,중립,0.06,0.04,0.6,0.24
L2Br3WXkHTM,중립,0.0,0.05,0.81,0.12
3AppstLkF-A,중립,0.04,0.27,0.34,0.27
db-HjoH89vI,,,,,
06zNz5WcXCc,놀람,0.02,0.1,0.25,0.22
kbryqNSC0_A,,,,,
aaz2htdSQZM,중립,0.0,0.02,0.47,0.46
anN9blCYyW4,기쁨,0.56,0.0,0.44,0.0
YtVISnT7EXY,놀람,0.14,0.12,0.0,0.08
U4uIyt4t3sg,놀람,0.16,0.02,0.03,0.01
NpFqjI1Hvus,,,,,
zUqFnLLwVfg,,,,,
pr8zZ_8YO9U,기쁨,0.27,0.19,0.19,0.24
4Ic-prSFHq4,중립,0.01,0.29,0.44,0.1
JQlJ13I3GyM,분노,0.03,0.39,0.26,0.25
sGVl7llSWio,,,,,
w6QMctwijRo,공포,0.01,0.2,0.24,0.18
ZS1fgs9e4G8,슬픔,0.0,0.06,0.0,0.81
NwxQS4jhyIo,슬픔,0.02,0.03,0.17,0.75
KhAcvocw3dA,공포,0.02,0.08,0.14,0.25
7UE2yqXmq7I,중립,0.02,0.06,0.66,0.08
pj3HrJCyh4o,슬픔,0.0,0.08,0.19,0.56
EmA7edGYWew,분노,0.05,0.52,0.0,0.16
kR8jChG1WUs,기쁨,0.3,0.08,0.12,0.19
4FJt8c5ZCnI,슬픔,0.0,0.03,0.06,0.48
GudDmPRf1ss,슬픔,0.01,0.03,0.43,0.48
-VGHFvR4qkE,슬픔,0.0,0.05,0.22,0.61
KF3twVZEgWU,슬픔,0.0,0.3,0.2,0.4
HlpgqVRcm_I,중립,0.01,0.18,0.5,0.25
tjXUPNE9Svk,슬픔,0.37,0.02,0.02,0.47
T_QfoFNimto,기쁨,0.87,0.01,0.1,0.0
8mYav6ABvoI,공포,0.22,0.0,0.31,0.01
6wVzpH_AU5A,기쁨,0.88,0.01,0.1,0.01
QgyfQof0isU,슬픔,0.15,0.08,0.13,0.47
g7XdGu16rdQ,,,,,
consNr0FwJs,,,,,
MUtSA_J155Y,중립,0.0,0.03,0.65,0.31
viOspNvfIao,중립,0.0,0.03,0.75,0.13
0p6mA45xX34,,,,,
O4AYx5OiqQU,놀람,0.01,0.01,0.09,0.03
GVT0pZGaNG8,,,,,
f8RbRMv8oa8,,,,,
WO9E8XxZcPo,중립,0.1,0.13,0.49,0.07
8gzSxXepayM,분노,0.19,0.49,0.13,0.06
qEXjzf7bNOE,,,,,
fm67X3nb4_4,,,,,
7nI8nbPONr8,,,,,
sMevdXoRdUY,슬픔,0.25,0.04,0.22,0.35
VTipurCm-6c,,,,,
2oz8IpZzjOA,중립,0.01,0.09,0.39,0.3
b5mYp4zddbY,슬픔,0.0,0.08,0.27,0.52
6XI3TqW4PFE,슬픔,0.01,0.0,0.11,0.73
ys6kq8uqyyA,슬픔,0.04,0.11,0.29,0.33
_F70sqEiO1Q,기쁨,0.31,0.25,0.09,0.08
yCZ-7XXtx2Y,중립,0.0,0.2,0.62,0.09
LDjLrJiUssQ,슬픔,0.0,0.04,0.44,0.52
LuxtckA2xoQ,중립,0.1,0.0,0.75,0.1
sHlGVrhyCUY,중립,0.18,0.04,0.73,0.04
DpDnlHdYZR4,슬픔,0.0,0.02,0.05,0.81
D548Trv0ip4,슬픔,0.0,0.03,0.28,0.67
1j38YuP7d-U,기쁨,0.99,0.01,0.0,0.0
aTlC2J7QMyE,중립,0.39,0.0,0.6,0.01
WtDiDKwFM1Q,슬픔,0.0,0.05,0.13,0.75
A1iVNksP65c,기쁨,0.99,0.0,0.01,0.0
1XOWJSdUm0k,슬픔,0.0,0.05,0.12,0.8
NYv_Bg0rJ00,,,,,
xGPIdIEOPoU,중립,0.44,0.04,0.45,0.06
1vOSNSttc8k,중립,0.07,0.15,0.42,0.28
jpB9qV7rhoM,기쁨,0.54,0.23,0.13,0.06
vVNlKHiKYMY,,,,,
Ku_n8wEqaDg,슬픔,0.12,0.24,0.22,0.31
7mrYQ3HxfAY,기쁨,0.99,0.0,0.0,0.0
tQwDx3-w04k,,,,,
yg6gKNVjdgM,기쁨,0.9,0.0,0.06,0.02
eSuULK4Z47k,기쁨,0.56,0.0,0.42,0.02
xq5TrBjsEmE,기쁨,0.97,0.0,0.01,0.02
2XPVf9F8tzA,기쁨,1.0,0.0,0.0,0.0
3KoBPiR0_NE,,,,,
m1OcI9v6DbM,분노,0.05,0.31,0.19,0.2
W1Ll8bZd22c,슬픔,0.05,0.14,0.06,0.49
g520hvvAFcc,중립,0.04,0.02,0.56,0.27
0C3t7_lBWSM,슬픔,0.01,0.03,0.09,0.69
B7amFHXe0kw,공포,0.01,0.02,0.27,0.03
F-G9ukxlItM,중립,0.03,0.2,0.42,0.2
UjR89NKB62U,중립,0.23,0.01,0.68,0.05
_u7tlFOxi2s,기쁨,0.98,0.0,0.01,0.0
ghFTFvdToSo,기쁨,0.43,0.24,0.08,0.16
2YEAHSm3jXg,공포,0.12,0.21,0.06,0.28
nIZo-zdPb_s,중립,0.02,0.05,0.57,0.07
7du0HBouBGg,놀람,0.02,0.05,0.29,0.02
3vETnDHMah8,중립,0.04,0.0,0.79,0.14
8tl5iHjUfDU,분노,0.01,0.91,0.0,0.03
6vIkHRRrkjc,중립,0.16,0.15,0.41,0.21
sGps0-6cIWM,분노,0.01,0.39,0.24,0.07
HmGbFS4u2_U,중립,0.29,0.01,0.69,0.0
2QitDNfF3hU,중립,0.01,0.26,0.6,0.1
AahlWu3J_s0,기쁨,0.87,0.0,0.1,0.02
r87tQfPTgrQ,중립,0.05,0.11,0.76,0.06
8q462nVhPtQ,중립,0.0,0.32,0.33,0.17
YxPF9lL9sMw,중립,0.07,0.15,0.62,0.05
9yZHvjN_FL8,중립,0.0,0.27,0.37,0.3
F44qqfItiqY,중립,0.0,0.26,0.56,0.09
R4n-Ys47Wm0,,,,,
z44b1IskBMM,슬픔,0.05,0.09,0.22,0.58
vEZZS1GSM94,,,,,
r6CFOS_d7nI,기쁨,0.61,0.01,0.36,0.02
fPwxu8vBkRE,,,,,
J3Mj5_ofpqg,공포,0.0,0.27,0.2,0.15
iTC1kOhtyh4,중립,0.0,0.01,0.9,0.07
AA67R2FrCms,기쁨,0.67,0.05,0.23,0.05
h49-kEXTMU0,중립,0.01,0.05,0.68,0.15
g0iGJ_PPVbs,중립,0.02,0.05,0.64,0.17
__suUE1C0pc,중립,0.2,0.09,0.61,0.09
mT9A1LAVhNo,분노,0.06,0.34,0.31,0.12
MaiZKN-ul9o,중립,0.08,0.08,0.72,0.06
0FMmx882Pls,중립,0.12,0.13,0.4,0.31
IFIkNLoKG0A,,,,,
bT8HW8kQ8bY,슬픔,0.05,0.26,0.13,0.36
3BU8axDdCEw,,,,,
q1viT5RD-U4,,,,,
59GYNdmbWT8,슬픔,0.03,0.15,0.07,0.61
bP5gY3OcHeQ,중립,0.01,0.22,0.43,0.18
aJcNq-DBqKQ,슬픔,0.0,0.24,0.01,0.65
SgjIl7DIpNc,중립,0.04,0.02,0.66,0.26
OFCGY_5nP5k,슬픔,0.0,0.01,0.04,0.73
pdnhCs_H6Vs,기쁨,0.52,0.04,0.05,0.31
0ozSDaC5LIY,,,,,
oLS0kEpRN6E,중립,0.0,0.1,0.76,0.12
bw2nvG68rEk,슬픔,0.0,0.01,0.12,0.81
dJg6PoafE9M,중립,0.04,0.0,0.89,0.04
Gb0mn7FD658,슬픔,0.09,0.08,0.29,0.49
Clv54G1_R2g,슬픔,0.0,0.0,0.19,0.8
RXtf_8YyRv0,중립,0.01,0.2,0.41,0.34
LDkTdemTDo4,,,,,
eqFCe6fP0ig,슬픔,0.01,0.26,0.2,0.43
JR8oqRpqNOs,슬픔,0.0,0.23,0.16,0.52
kpk85RBsFAo,중립,0.0,0.17,0.47,0.28
hU-w-hmSExE,분노,0.0,0.36,0.28,0.23
zEzUFhRxI3c,슬픔,0.0,0.29,0.22,0.31
rO74e9FSJjc,중립,0.01,0.15,0.61,0.2
tIJZjXGi4QU,슬픔,0.0,0.21,0.35,0.36
u-BoulcO0ME,슬픔,0.16,0.09,0.25,0.49
XQ9QsdaxLvo,공포,0.0,0.04,0.39,0.1
3t-LaJyuvu4,중립,0.0,0.02,0.81,0.13
YnCtF7H9akg,중립,0.05,0.24,0.33,0.09
bw3AkP5Sjws,중립,0.0,0.29,0.44,0.25
_BmA_FIZm_4,중립,0.0,0.01,0.91,0.06
hI5h4Iy37y8,중립,0.0,0.03,0.6,0.27
pQimdzW8pME,중립,0.0,0.04,0.85,0.1
9D__FKBdiQk,중립,0.01,0.06,0.67,0.16
SfSu63ISOTc,중립,0.0,0.12,0.49,0.27
jQSZTDRt_DE,중립,0.01,0.05,0.84,0.06
8aS1oGyQGoA,중립,0.01,0.16,0.66,0.14
RzC_yhXj6iQ,중립,0.0,0.02,0.89,0.04
W68lfN1aPro,슬픔,0.0,0.02,0.03,0.82
n97umJ3bRSw,기쁨,0.58,0.14,0.06,0.09
OPdWxTsTRXk,기쁨,1.0,0.0,0.0,0.0
ayrC9-FmjWA,,,,,
jvX-44l73Z8,,,,,
Nqz_ISPutSU,기쁨,1.0,0.0,0.0,0.0
Q7q4-dRbw0U,기쁨,0.95,0.01,0.02,0.01
Z6yeWC6VYeM,기쁨,0.58,0.14,0.06,0.09
cVadq2lFNRk,기쁨,1.0,0.0,0.0,0.0
34SBC71zVhI,기쁨,0.99,0.0,0.0,0.0
fOri-iK-XpE,중립,0.09,0.07,0.6,0.21
UenQOME-cgM,공포,0.0,0.0,0.0,0.01
5RCWK2wFi7U,중립,0.0,0.04,0.57,0.3
zQJZya8x0cM,놀람,0.0,0.02,0.0,0.03
lMQ0lJdR0YY,슬픔,0.04,0.06,0.02,0.53
_an-gZ9mdGc,중립,0.0,0.41,0.58,0.01
DZFOWoYDIDc,,,,,
_KAmVKUzTq0,기쁨,0.25,0.2,0.2,0.22
SsRtKrjkOfA,,,,,
oiFqklEpwgg,중립,0.04,0.09,0.54,0.09
MwHrAPA3xKE,,,,,
69GAebugzbk,공포,0.03,0.25,0.06,0.11
qVHaw2UMn5U,,,,,
AKgFWSwc2II,,,,,
IebHqTOTtHA,,,,,
yR-XP5pt22k,,,,,
h-tnD1HoX5I,,,,,
XclxS_sP9HU,,,,,
4QeXsr5S81I,,,,,
9lGcBNL6Mrc,,,,,
mH2iHYAjo2U,,,,,
4UtCX_L--PE,,,,,
NQkIP9Io_Vw,기쁨,0.99,0.0,0.0,0.0
JzfYVexwsWI,,,,,
c7GreLZntJ0,,,,,
sTVC9I3gT6E,,,,,
z0xCOUgwkx0,,,,,
l9R44NzPGQg,,,,,
CSVamqWHFq4,,,,,
3T6bOtCHy9U,,,,,
ZxfxZJDG0IA,,,,,
tY7QtEwZVAs,중립,0.12,0.07,0.5,0.23
-_HkGNRW-Gw,,,,,
ODeBMfGGL-U,분노,0.01,0.81,0.02,0.04
ezJakqlU-sE,슬픔,0.16,0.15,0.09,0.42
F7JpSGHUZ_I,슬픔,0.0,0.28,0.04,0.6
YP8yd-If27E,슬픔,0.0,0.03,0.38,0.57
n0R273oVnMo,슬픔,0.08,0.16,0.04,0.46
udZSTgnaIRI,,,,,
dMAFs63CwmY,,,,,
eVSeHecZ-bU,,,,,
ECz4fADjkAA,중립,0.0,0.01,0.88,0.1
t4KHpcZxhp0,슬픔,0.0,0.07,0.17,0.66
nTOZndnzr0I,공포,0.01,0.11,0.16,0.29
9BotRZP0QhQ,중립,0.01,0.05,0.71,0.2
RjSlhDYwGrY,분노,0.04,0.8,0.07,0.04
qv_j_OWSHpU,분노,0.0,0.36,0.34,0.17
GO7CU1i4jd8,중립,0.01,0.02,0.43,0.37
FGtqrfSowTM,기쁨,0.99,0.0,0.0,0.0
S5f5TtDThyU,중립,0.02,0.03,0.9,0.01
H0MTDCuPVTg,공포,0.0,0.06,0.2,0.12
_PYnU32L1KE,분노,0.05,0.46,0.14,0.07
sN6lOpr1XNA,,,,,
YU7D6euGSpw,기쁨,0.77,0.12,0.08,0.02
thx2rhcmckQ,놀람,0.0,0.0,0.04,0.02
cFdIBC-Rfu8,기쁨,0.97,0.01,0.01,0.0
jypQDW88xVk,분노,0.46,0.46,0.0,0.01
MwFZKbvKtCU,슬픔,0.01,0.03,0.08,0.86
DUUl-NwuK-A,중립,0.0,0.0,0.83,0.16
RFM1PgM1o-Q,슬픔,0.13,0.18,0.06,0.59
ab6kV1h14Ic,,,,,
6_H3X1QGlsc,,,,,
QPED-Qjp7GA,분노,0.06,0.34,0.06,0.25
6Agck04XlhA,슬픔,0.26,0.21,0.11,0.32
BPPMk3-9zVU,중립,0.01,0.24,0.39,0.25
00RlPb_5oTs,,,,,
SkkOqb-uqCI,,,,,
J1IwQQlylE8,중립,0.25,0.02,0.7,0.02
cWzZRxwf6B4,분노,0.04,0.73,0.01,0.08
fG4dz6odC2Q,,,,,
noVyP83d-x8,,,,,
42Uwd90R7ks,,,,,
Wq5U6VN9rlA,슬픔,0.37,0.13,0.03,0.4
xeuIP9ykYIU,기쁨,1.0,0.0,0.0,0.0
7wdL2yFBBXY,공포,0.0,0.02,0.0,0.03
Ez4mYEdJVmo,기쁨,0.96,0.0,0.0,0.01
RzWCk4og2C4,기쁨,0.79,0.17,0.0,0.01
9NC9yKvCAMk,기쁨,0.73,0.01,0.18,0.07
bprFrvY7HIE,기쁨,1.0,0.0,0.0,0.0
wPcKo8waKlM,중립,0.01,0.07,0.6,0.12
QvB2nrqX6ek,슬픔,0.03,0.14,0.27,0.43
5ealJJXPMlQ,기쁨,1.0,0.0,0.0,0.0
Bmq6OW0ouME,,,,,
awAy6b-38Rc,공포,0.07,0.09,0.02,0.37
k3z0HYOnyoo,,,,,
gVllWMgkhNc,중립,0.05,0.23,0.55,0.14
_jdUD_ec7WY,중립,0.05,0.17,0.42,0.22
2oxDjoWqTtU,슬픔,0.0,0.1,0.38,0.47
8eLHWuYmiC8,슬픔,0.01,0.16,0.15,0.43
7zAV0TUAb2g,슬픔,0.01,0.18,0.18,0.47
hXzmVFpjMA8,중립,0.02,0.08,0.55,0.3
k1YraoPCHyc,중립,0.11,0.05,0.49,0.2
QJmHGi1wDJA,공포,0.0,0.07,0.27,0.16
T_S4k37DS6U,중립,0.0,0.16,0.47,0.32
mjqsK4D_RzY,분노,0.0,0.46,0.37,0.11
Jg71YWjG0cM,분노,0.07,0.58,0.03,0.13
M2ZESDAjEbY,,,,,
eibwD6Vsaro,,,,,
82DkHq3q2j0,기쁨,0.96,0.0,0.04,0.0
-0IUnQIkP-w,기쁨,0.96,0.01,0.0,0.0
UsQ2gMCVH9I,,,,,
tZqYksYdugI,,,,,
LS4X-2I83V0,중립,0.16,0.04,0.49,0.28
xkthbeh2EgQ,,,,,
FztMwD1owEY,,,,,
lbO7JrQ-IGk,,,,,
f0VB1oUrt9o,,,,,
oaZpjRYyKsc,슬픔,0.02,0.15,0.03,0.74
IcauDxxv8-c,,,,,
PJwFFIeBV34,기쁨,0.43,0.02,0.06,0.12
HQHVf0TGdq0,중립,0.01,0.01,0.87,0.07
EnRe_ORbyLM,공포,0.03,0.15,0.19,0.18
ZY6Fj_2lXiM,중립,0.01,0.21,0.49,0.18
7y3s1Q1inZc,분노,0.03,0.59,0.16,0.13
ekvOwBJzE6Y,슬픔,0.0,0.14,0.12,0.49
qSR_enHLEvE,슬픔,0.0,0.08,0.04,0.86
RVYJ_XUTKPQ,,,,,
cI9zO4h75xw,,,,,
4_a2c07-Suo,슬픔,0.01,0.15,0.09,0.58
GDCvaXUtwxE,슬픔,0.04,0.03,0.24,0.63
Kuyv-MdZgE8,중립,0.04,0.34,0.37,0.08
i5zPN4QxSBM,분노,0.01,0.92,0.01,0.05
CmgaGExbYRg,슬픔,0.17,0.07,0.25,0.43
DfFD-SySIUg,기쁨,0.58,0.02,0.35,0.04
bOLdcF5pMYs,공포,0.0,0.17,0.15,0.09
VXBiu0eXOFs,,,,,
jj2R-M1a5Ds,분노,0.04,0.86,0.01,0.08
FDasKmljgkY,슬픔,0.03,0.18,0.1,0.45
IBrH2VfOOjM,분노,0.0,0.57,0.0,0.0
aAyvOilSNxY,놀람,0.12,0.2,0.17,0.09
8Whvmenun-0,,,,,
jln3einoV3M,분노,0.0,0.59,0.23,0.15
XXvCfUlMsN4,슬픔,0.0,0.13,0.12,0.41
gZ21Yoav1Pg,중립,0.0,0.28,0.31,0.28
9ll4M9VKGJ0,중립,0.01,0.21,0.49,0.23
BngrR60B0OM,분노,0.01,0.53,0.28,0.14
M_Pa5PEimdM,분노,0.01,0.53,0.23,0.2
CWofi6_iJXE,분노,0.0,0.52,0.0,0.4
XLMqpcEyjeg,슬픔,0.2,0.09,0.1,0.58
66n23ngabbg,,,,,
eDrxwWfSDq4,기쁨,0.8,0.01,0.03,0.1
omRlkELeap8,슬픔,0.0,0.18,0.0,0.44
p8VC-WDZBpk,기쁨,1.0,0.0,0.0,0.0
w5QZ3gXvXdE,기쁨,0.53,0.34,0.0,0.09
u_evjzVVJAY,기쁨,0.93,0.01,0.04,0.01
a0BoyZJu14I,,,,,
EzXx3MZM4tg,슬픔,0.0,0.0,0.02,0.84
Y5WYv-Sdcao,기쁨,0.63,0.03,0.34,0.0
PAp_qBM-M64,기쁨,0.66,0.01,0.11,0.12
5tOAMKZ__IE,중립,0.01,0.04,0.89,0.06
BoVdQh5wsa8,기쁨,0.82,0.02,0.11,0.01
4TGVWFtpgkw,중립,0.0,0.02,0.73,0.23
2Vy-QTaotjE,슬픔,0.0,0.33,0.13,0.51
cWuXkRUDFmQ,중립,0.23,0.02,0.67,0.08
ebDaRa9XAOo,놀람,0.02,0.02,0.14,0.32
o1-JJZ4mVtI,,,,,
y5FmJ9d-Xy0,,,,,
dIe501FkhrQ,,,,,
XY4i2U9vYqQ,,,,,
SDlOPvp_rls,분노,0.0,0.65,0.03,0.09
z6MDV_gNSQQ,,,,,
as4tzs5FJEU,기쁨,0.7,0.04,0.21,0.05
cwyPezcbDmQ,기쁨,0.98,0.0,0.02,0.0
Mx8oMo3eG70,공포,0.0,0.1,0.04,0.26
EGahju304RY,슬픔,0.0,0.04,0.0,0.83
ruav9MHn5GQ,기쁨,1.0,0.0,0.0,0.0
617tUiWWxK8,기쁨,1.0,0.0,0.0,0.0
8VTAi7jZ2ms,기쁨,1.0,0.0,0.0,0.0
Bj3tybSblvQ,기쁨,1.0,0.0,0.0,0.0
qntZKUdTW-U,,,,,
v1jya_7AsCc,,,,,
3bcgdmL52cc,,,,,
qpmxsaWlNog,슬픔,0.0,0.08,0.02,0.66
0Ntww-Sw2Pk,,,,,
DZhZRfwij2E,분노,0.02,0.4,0.19,0.31
dpOn8UDeJ1s,중립,0.0,0.16,0.53,0.24
-GsSGD6Mkro,슬픔,0.02,0.08,0.2,0.51
JPe31Pg9fTY,공포,0.0,0.04,0.25,0.05
P1Y-7YW4qX0,중립,0.0,0.15,0.52,0.23
R9VYiTXMZO4,슬픔,0.0,0.14,0.16,0.61
0gwbGPaeY9I,중립,0.02,0.06,0.67,0.17
BF1F9mVEXDM,중립,0.0,0.13,0.41,0.37
r7altNth62c,중립,0.0,0.25,0.57,0.05
WIAVH8Nipj4,중립,0.0,0.26,0.45,0.17
l2izO4vqfyM,분노,0.0,0.45,0.29,0.07
xwuga7k8JzY,중립,0.02,0.12,0.76,0.09
ar7ifqklrRs,중립,0.01,0.04,0.69,0.21
evtWjDXcUw4,기쁨,0.99,0.0,0.0,0.0
KYpV8MRSzN4,중립,0.01,0.05,0.69,0.19
_gF6alxCv5Q,기쁨,0.61,0.05,0.25,0.05
pmWw1XmaFN0,,,,,
SDcGVXHNOvA,,,,,
nMe3ie2ua8Q,,,,,
ISHBtQp0hFg,,,,,
0va2Itv0c44,,,,,
2IwjADu2l5Y,,,,,
FQLVrfTYu08,기쁨,0.41,0.01,0.15,0.37
SSuqMsOQ2_w,,,,,
dvRZB522WDw,,,,,
5W57Iir3Kzg,슬픔,0.06,0.08,0.06,0.69
38vz28PmKOY,놀람,0.0,0.0,0.0,0.01
oX4PFhWco9M,슬픔,0.01,0.23,0.14,0.54
JD7aHzsDhN0,기쁨,0.97,0.0,0.01,0.01
zKtKqCL1RfQ,기쁨,0.81,0.02,0.17,0.01
rR6qNhYb7qU,슬픔,0.0,0.0,0.05,0.91
aH0y9-txgdU,슬픔,0.04,0.06,0.13,0.36
RxhqIUWoE_o,분노,0.04,0.76,0.08,0.09
3RiYSlzH5ZU,,,,,
Nj5y3HjWa3w,중립,0.02,0.13,0.34,0.33
Xksz2NLxk9Y,,,,,
5cLrIskvcSk,슬픔,0.0,0.14,0.26,0.56
3r6AaseDchE,중립,0.02,0.09,0.75,0.07
PYbLyZUrscA,중립,0.03,0.08,0.7,0.11
2O6B3G9mdsg,중립,0.03,0.06,0.81,0.05
PEAgmwBUMqw,중립,0.02,0.08,0.73,0.1
-FxHjz-98ZM,공포,0.24,0.21,0.06,0.18
4GP2KEllAWg,중립,0.11,0.02,0.73,0.07
N4Ek7cHDTCo,중립,0.15,0.01,0.75,0.03
r_FQWgOn55c,중립,0.14,0.01,0.75,0.03
lfQ9xKbuJhM,중립,0.03,0.09,0.45,0.19
qZVAmlLK4Ic,공포,0.0,0.03,0.12,0.19
BAzrIhm3QQs,중립,0.01,0.05,0.72,0.09
05kKgmg2Umc,중립,0.0,0.0,0.86,0.12
BwwFipxdeY0,중립,0.01,0.01,0.79,0.15
sIak5e3Xk-g,중립,0.01,0.01,0.79,0.15
PJ4LkIBG3Ag,중립,0.0,0.01,0.77,0.19
Yba1vP9Jij0,중립,0.0,0.02,0.93,0.04
P-mkMDyEQ1E,,,,,
jkjJbUoIhaY,중립,0.01,0.01,0.96,0.01
jSLBLRMIOhw,중립,0.0,0.01,0.97,0.01
WQC0DH1TUgE,중립,0.17,0.0,0.83,0.0
RKGUCHkrf-A,중립,0.03,0.08,0.51,0.25
HYeQKuJBIQU,,,,,
Me5jGTLTGag,중립,0.01,0.02,0.78,0.13
090MPmkIId4,놀람,0.0,0.04,0.0,0.0
BLgdvM3gLgc,분노,0.04,0.75,0.1,0.09
qaakUJ7nPhI,기쁨,0.96,0.0,0.0,0.0
kMmkuIlDaRw,중립,0.01,0.01,0.73,0.24
FLm3YwTP4XU,분노,0.15,0.36,0.17,0.23
MOTxP5wPavQ,중립,0.0,0.01,0.93,0.05
THIUM0enTA4,중립,0.03,0.22,0.38,0.28
dYzc1xvBFBs,기쁨,1.0,0.0,0.0,0.0
AzIBchmkG8Q,,,,,
piAsw11n7oo,분노,0.0,0.6,0.05,0.12
JEJlfwxgoLU,분노,0.01,0.56,0.16,0.12
6EixKFSqFZY,분노,0.04,0.81,0.04,0.05
gplJCDyON_A,,,,,
Aq_t5ch5FzY,슬픔,0.01,0.08,0.16,0.5
a6ndLyruS_k,,,,,
HgbUv-pD73c,,,,,
s88MD3fIWoY,중립,0.01,0.16,0.81,0.02
00cb7cJ2NiI,분노,0.0,0.64,0.04,0.12
YTMx9lE-Gw4,중립,0.07,0.05,0.6,0.24
oIy99vrdWO0,기쁨,0.49,0.15,0.31,0.01
_tZXHmNJVtU,슬픔,0.19,0.21,0.21,0.32
a0PqX20_QMc,중립,0.28,0.0,0.35,0.0
HHDLPj-hRTA,,,,,
FdXpCVarDC8,분노,0.14,0.5,0.04,0.15
Ho99T9qNF_s,기쁨,0.92,0.0,0.07,0.01
Z5XBePPk8Lo,중립,0.08,0.0,0.66,0.26
tYENCEBGRWk,기쁨,0.59,0.0,0.4,0.01
CHkmige74nE,기쁨,0.85,0.0,0.09,0.04
dfwxv-zDW8k,슬픔,0.0,0.2,0.31,0.38
8bUboNPFgh4,중립,0.37,0.0,0.62,0.0
Q81rPgJiEnQ,중립,0.08,0.01,0.85,0.04
Hj03fIk9hOY,분노,0.11,0.31,0.13,0.22
QRnGeC3puKY,,,,,
66vNQjGqvUA,놀람,0.0,0.01,0.09,0.19
-9CKlTEAFss,중립,0.01,0.26,0.59,0.08
EhsRwqPjLJ4,중립,0.0,0.07,0.58,0.29
YtfCZCe7D9U,,,,,
6iPpS1Y_d6c,공포,0.03,0.33,0.0,0.0
LXnptMZZ-U0,중립,0.0,0.04,0.57,0.37
O4mSQo-9gB4,슬픔,0.0,0.05,0.02,0.87
nbQ75bmP4fc,중립,0.03,0.2,0.68,0.05
36BUac588Vo,,,,,
bF_wNPZsYNo,중립,0.04,0.08,0.47,0.21
KmKI87rhLCE,중립,0.06,0.08,0.55,0.3
EP1XWtKa84k,슬픔,0.01,0.09,0.38,0.48
Fwf7yLkrrlQ,,,,,
i1cYxXWDaaw,슬픔,0.04,0.26,0.15,0.36
jc1pLy7QfRQ,공포,0.03,0.34,0.02,0.13
iM56vOQA1c8,슬픔,0.0,0.05,0.0,0.83
OscWJooVI2w,기쁨,0.53,0.06,0.16,0.07
GKzAVRH8gYo,슬픔,0.01,0.05,0.4,0.52
fHfztsiOnWk,기쁨,0.47,0.0,0.43,0.03
HC-Tt3QGE_s,놀람,0.0,0.11,0.07,0.05
xRcEOaX8ygE,슬픔,0.0,0.01,0.03,0.77
PKawUiUJO58,,,,,
A2DNg4sHFGw,슬픔,0.0,0.19,0.02,0.76
anZJmqbL5vQ,분노,0.0,0.39,0.0,0.33
U6ckWa-eHKw,,,,,
TqTSD42rx8U,슬픔,0.0,0.05,0.03,0.9
7epIbeBHo5s,슬픔,0.0,0.01,0.01,0.98
y_FgMpMPOgM,슬픔,0.12,0.02,0.31,0.36
-rUM_G_NW2o,,,,,
SR16MUQ4AIw,분노,0.04,0.34,0.27,0.31
RwSJ3s2RzTM,공포,0.0,0.02,0.03,0.27
54pxZ5vRDp8,중립,0.13,0.26,0.41,0.13
d1v5YLST28c,분노,0.07,0.65,0.07,0.07
2CXAnWLpb_o,,,,,
gYgjHpxKm_U,놀람,0.17,0.07,0.25,0.17
cbQcuKQVPts,,,,,
uJxNQL07f44,놀람,0.0,0.07,0.07,0.14
LICmAG9_VfQ,분노,0.03,0.74,0.04,0.06
TlJ630WApmA,,,,,
aWorlbF6cSM,공포,0.0,0.1,0.0,0.01
RB_Jly5bHGs,슬픔,0.05,0.25,0.03,0.32
5hoA2EWEvtI,슬픔,0.0,0.01,0.25,0.66
uEn2lEL7c8E,슬픔,0.1,0.3,0.11,0.37
7ZeWUpr1f80,놀람,0.0,0.02,0.0,0.12
zrS7y1nCxAE,놀람,0.01,0.1,0.13,0.21
pSn2k9wuanU,중립,0.0,0.05,0.79,0.15
iEYZjiSB1nQ,슬픔,0.04,0.03,0.04,0.82
F2IMQB3hDf8,분노,0.0,0.43,0.17,0.36
JZ-q4t9R3tw,,,,,
7_0gzHWrwGw,,,,,
IdLD4_QYY2A,슬픔,0.0,0.13,0.22,0.63
Qv9WfA9KklM,놀람,0.0,0.17,0.21,0.08
6KgdjoIHUG4,중립,0.12,0.13,0.38,0.25
jveYwkEQF5w,중립,0.0,0.16,0.76,0.03
XX3HtN6al6s,,,,,
AjAIt16ieO4,,,,,
jvpJ5hh3HO4,분노,0.01,0.51,0.1,0.07
NcipadQ0cZo,,,,,
O3YlyPx1rIA,,,,,
MafxhJ8VPak,,,,,
nV_eDHJ4yMc,중립,0.13,0.02,0.74,0.09
Juwj1OjFscM,분노,0.01,0.37,0.12,0.31
UDOfgXPGKso,,,,,
gJ2136-_wic,기쁨,0.76,0.06,0.15,0.01
MwZ_hy5eJ7s,중립,0.15,0.07,0.52,0.03
MxG1vKd6cG4,중립,0.35,0.07,0.52,0.05
kvmKW0X086U,중립,0.0,0.07,0.91,0.02
JH4P8CGyg_A,기쁨,0.37,0.19,0.31,0.1
4lyld_SOJ_0,분노,0.02,0.74,0.02,0.07
0dTUcRMLwao,중립,0.06,0.05,0.54,0.17
BqBDC5Og1M8,놀람,0.18,0.03,0.03,0.1
JoXl9gbarQg,,,,,
iBGBGBwwsZ0,중립,0.16,0.01,0.78,0.05
5a5w7mxsacc,분노,0.0,0.38,0.29,0.2
Bq0bg3g6siU,중립,0.02,0.09,0.71,0.14
5-lhBrDc5SI,,,,,
5Ujm_nCGsbw,기쁨,0.86,0.02,0.0,0.1
cY8KheUj4LI,,,,,
0wz8q0wQlJk,중립,0.2,0.25,0.26,0.13
CP-vVmwSdE8,중립,0.0,0.31,0.52,0.02
iF6z9gTY1hU,,,,,
aZjGAjiZvrM,중립,0.27,0.1,0.36,0.06
5c_1lE0n1Ks,,,,,
9NKlMPoQTY8,,,,,
bR4A7wPqkAM,중립,0.0,0.45,0.49,0.04
7TjcJcybBzU,,,,,
Cd-X3wOh8bU,공포,0.09,0.06,0.18,0.24
sp637N857V8,,,,,
NiiKGas6b2c,,,,,
a9LWiraGHdk,중립,0.03,0.07,0.43,0.3
Mk-Tz4-U4l4,공포,0.03,0.03,0.03,0.08
gJT6cuJHxSA,,,,,
n6a9cdp8TZQ,,,,,
7lX3gVWxu_M,중립,0.01,0.01,0.54,0.21
U1ZqlZq_Q7Q,중립,0.02,0.05,0.49,0.22
p4EHDns761c,,,,,
cGEoxWEtK40,공포,0.02,0.04,0.13,0.28
l_7J_a3cEgE,,,,,
bBGOqMX92dY,중립,0.0,0.05,0.65,0.19
yZY9B84Nagw,분노,0.03,0.45,0.04,0.18
SxeCxmtK76M,분노,0.23,0.5,0.04,0.03
rFW179yXck4,기쁨,0.92,0.01,0.03,0.04
bGHPyOMIk-o,슬픔,0.25,0.1,0.07,0.56
Lj9LYzLjk_o,기쁨,0.4,0.17,0.17,0.18
VVFtNduJ1Sk,,,,,
ZA9RZbfweWY,기쁨,0.96,0.01,0.01,0.01
9vFRBJfV3BA,중립,0.18,0.1,0.54,0.13
4bF1M-ePzlU,기쁨,0.97,0.0,0.03,0.0
t2s1mx4EPqc,공포,0.0,0.0,0.0,0.0
w5QtcJnxyac,중립,0.03,0.01,0.54,0.39
5dMhcaUjj5Y,기쁨,0.96,0.0,0.04,0.0
2v-6AG6p0VU,분노,0.02,0.56,0.01,0.08
bb4Skiq9WQY,기쁨,0.8,0.13,0.01,0.03
K1LquSr0YDU,슬픔,0.29,0.11,0.02,0.41
vt7GqXfz8Ak,분노,0.0,0.9,0.0,0.01
uUhzRWSrixw,,,,,
kdat9IZvW4g,슬픔,0.0,0.04,0.01,0.89
TTulDslORlQ,슬픔,0.0,0.13,0.04,0.78
s24406xRGjk,,,,,
p1EWk793r28,,,,,
DQWurKlb8x8,중립,0.02,0.01,0.56,0.27
Z8s2-xDZJzs,,,,,
i9tMNb1MkDk,기쁨,0.3,0.2,0.11,0.27
mLiAy6nrD5g,,,,,
-14ZXPmHMSs,,,,,
JF7rdndC8oI,중립,0.03,0.01,0.67,0.23
o190uXIivxI,중립,0.07,0.01,0.72,0.15
IB0s_u2cvO4,슬픔,0.01,0.01,0.4,0.55
K6qj5JfXcaM,슬픔,0.15,0.23,0.19,0.32
xnpCglhfGbk,,,,,
ML-FmsTztPc,기쁨,0.8,0.0,0.09,0.02
3Xi_jty0xNY,슬픔,0.0,0.01,0.08,0.69
OrCosXMb97U,기쁨,0.92,0.01,0.02,0.0
oh2FFAE7cPE,기쁨,0.92,0.05,0.0,0.02
6c1Ao8cII9g,슬픔,0.02,0.04,0.29,0.49
GlLnbD2KM3U,슬픔,0.0,0.01,0.25,0.62
RGgX2K8zM_s,공포,0.0,0.05,0.07,0.1
8_kiBfZ-x0w,놀람,0.01,0.2,0.22,0.16
RY2rHLRVGKQ,슬픔,0.0,0.05,0.27,0.46
XCxF3kD1rhA,중립,0.12,0.02,0.42,0.14
24uHwQFLpjg,슬픔,0.01,0.14,0.29,0.47
lO3tA4Zp6Og,중립,0.0,0.14,0.52,0.07
A1KKWmssOAs,중립,0.05,0.04,0.55,0.07
ihZlpXQosuM,공포,0.0,0.19,0.21,0.24
4yCpNqoxEC0,중립,0.0,0.07,0.75,0.05
cGBC_ORFirs,기쁨,0.65,0.01,0.34,0.0
QFd08ZetynA,기쁨,0.71,0.1,0.13,0.01
hGeI7OTHZhM,,,,,
iQgFOys1mxc,분노,0.01,0.89,0.0,0.03
vXKcfzzk3nE,분노,0.03,0.8,0.01,0.05
JzAQixVx_KE,분노,0.08,0.86,0.01,0.01
xbRZp_YlNSY,분노,0.29,0.6,0.03,0.04
JEaffD-KBu8,분노,0.09,0.81,0.01,0.02
WFMV6lJfuIo,분노,0.13,0.47,0.01,0.1
MYSE55eLQaY,분노,0.04,0.73,0.01,0.14
oeZRkNS1aaQ,기쁨,0.48,0.4,0.03,0.03
7ho7A2ii42M,분노,0.18,0.74,0.02,0.01
RpKAwpkKCPc,공포,0.14,0.01,0.23,0.02
EUp5FSpmEdA,,,,,
bMZfdW4RULc,,,,,
p2QKmhpAAx4,,,,,
H_-yisGslK8,,,,,
_2jf3Dx8UFY,중립,0.02,0.09,0.45,0.29
Qi2EzznuyNQ,,,,,
QSXCV8aWO7A,분노,0.07,0.32,0.21,0.28
kFhotFYjZhY,분노,0.07,0.32,0.21,0.28
Qyxnv5OcPAw,,,,,
dzjHQyTf2vg,중립,0.02,0.15,0.63,0.15
0ySm5eJKO_Y,,,,,
gFTfOdpSsBg,분노,0.12,0.59,0.04,0.09
WGfXOOihAVI,,,,,
7_2NiQaET2s,,,,,
VSJMCqCjEVk,놀람,0.0,0.03,0.04,0.07
9pG8Rl9L16U,중립,0.01,0.04,0.8,0.11
HANwOA38bSg,,,,,
xH8l1vFQY58,,,,,
iXiE8MFropk,분노,0.01,0.44,0.44,0.06
F5ySuWMIecc,기쁨,0.97,0.01,0.01,0.01
26CltEvnHFU,중립,0.18,0.18,0.31,0.27
Z6MUEdj6IUM,분노,0.06,0.38,0.11,0.22
Iz1B569ZltI,분노,0.06,0.38,0.11,0.22
gstiRd5FoLw,슬픔,0.02,0.03,0.4,0.53
PiU7W-sEdXo,분노,0.09,0.53,0.28,0.08
IMiBak7nVzY,공포,0.0,0.05,0.14,0.12
GlzPAy3KmGs,기쁨,0.99,0.0,0.0,0.0
Ethbw-tV8zQ,슬픔,0.0,0.2,0.36,0.41
SQe3ll0JQOA,슬픔,0.05,0.11,0.34,0.43
Fq7X3Ovhth4,분노,0.05,0.64,0.01,0.01
R6-6yyoNO9c,기쁨,0.83,0.0,0.14,0.01
kGTbxjVuPZE,,,,,
sXM2GBR4IlQ,기쁨,0.93,0.0,0.05,0.01
2yqyGq3FJbc,슬픔,0.01,0.18,0.33,0.46
lBdfhmGPjbE,슬픔,0.03,0.02,0.09,0.81
rhs-S3DR3i0,,,,,
w35gg6jS7-Q,,,,,
Xwc9UVn9DFs,,,,,
vbqgBcV4A80,공포,0.0,0.28,0.0,0.08
S42irLIrbCA,,,,,
jlPms4LeRGI,슬픔,0.02,0.03,0.11,0.62
wX7avMnXSvc,중립,0.04,0.06,0.61,0.14
iQxaOH6I8tc,슬픔,0.0,0.07,0.06,0.86
YCwvxYO-5dw,슬픔,0.1,0.26,0.07,0.38
NFp2HHu1gIY,분노,0.17,0.35,0.3,0.12
ZUcrkBLEB6E,놀람,0.0,0.09,0.06,0.04
oEmGLnrsFgg,중립,0.02,0.03,0.82,0.04
dtrQ7lkVjW4,공포,0.09,0.11,0.22,0.11
mUdCMyN8wzc,중립,0.34,0.01,0.36,0.29
4SPTR8HXDNs,기쁨,0.99,0.0,0.01,0.0
D8E0QRTNFZc,기쁨,0.6,0.0,0.22,0.0
8uRrGlPK580,기쁨,0.8,0.04,0.02,0.13
StIPfo9KT4o,공포,0.03,0.06,0.24,0.23
8n_-dfYQ6dA,기쁨,0.71,0.02,0.03,0.0
ICrclnJelE4,기쁨,1.0,0.0,0.0,0.0
n-DKttyBRn8,기쁨,0.82,0.0,0.18,0.0
wgQjPE_rvPw,기쁨,0.59,0.0,0.21,0.0
cYFJeIpwgc4,기쁨,0.98,0.0,0.02,0.0
GBY7zlrItKQ,슬픔,0.0,0.02,0.14,0.83
hDcbjNiNH8M,중립,0.0,0.0,0.97,0.01
52mjeKTFew0,중립,0.02,0.05,0.61,0.12
9FtKi3GA6ZQ,중립,0.01,0.01,0.9,0.02
IrM6PpOJFag,기쁨,1.0,0.0,0.0,0.0
uXCHkSJQW-k,중립,0.01,0.05,0.78,0.14
rV3RNsjkha4,중립,0.12,0.06,0.63,0.16
dqdh87XS1H8,중립,0.01,0.07,0.59,0.22
n0c2Dt0-ejw,중립,0.09,0.12,0.7,0.02
ghjarhsyESg,놀람,0.0,0.17,0.0,0.0
DxHqr4es0Ok,슬픔,0.0,0.13,0.02,0.66
xlB2S8NSU84,슬픔,0.34,0.12,0.12,0.36
fHhNkwySLBo,기쁨,0.77,0.01,0.18,0.0
xx3rQhVngxo,기쁨,0.7,0.05,0.14,0.06
pxtOaVnr6p0,중립,0.04,0.12,0.65,0.13
QeZTh0BwTYI,기쁨,1.0,0.0,0.0,0.0
gooIzLDvkCo,중립,0.03,0.14,0.57,0.15
Csz0JTjJ00Y,,,,,
wPvOPyQKtBI,기쁨,0.48,0.02,0.19,0.09
hMdjNpS5RQI,기쁨,0.98,0.0,0.01,0.01
pLs6BL_nIOI,중립,0.01,0.02,0.51,0.18
hWijACy0O3c,놀람,0.06,0.06,0.11,0.03
m3Zh9WSFJX8,놀람,0.07,0.05,0.07,0.06
gZbhMeTt4oY,슬픔,0.0,0.17,0.18,0.35
iBRw0kvxyUs,기쁨,0.99,0.0,0.01,0.0
HYq5jgCQHrU,중립,0.14,0.13,0.49,0.08
rFXuvPYIEXI,기쁨,0.34,0.03,0.32,0.26
1zHSqxgO-pw,기쁨,1.0,0.0,0.0,0.0
BEz-CTZA9lU,기쁨,1.0,0.0,0.0,0.0
UR6M-Qxa6Tg,기쁨,1.0,0.0,0.0,0.0
7Q930G6Biio,,,,,
nI_X3voy-9U,중립,0.04,0.0,0.74,0.19
EH1_EzJ2_vE,기쁨,0.95,0.01,0.02,0.01
4zInCIJBBpE,,,,,
l3GkFvqE4Wc,,,,,
AMlrkPSXKOY,슬픔,0.0,0.05,0.3,0.32
ewRf0pfsS9s,분노,0.0,0.35,0.01,0.17
YVztVrNAEIY,중립,0.0,0.05,0.49,0.35
qQkN3qDhVdA,중립,0.0,0.08,0.74,0.03
4dkXmAE_Zy0,,,,,
Z3w-88CjaTo,슬픔,0.0,0.06,0.3,0.55
AnQLWsXzUZw,슬픔,0.01,0.04,0.31,0.59
i6GTiGWEkIs,기쁨,1.0,0.0,0.0,0.0
_N3YZ4-R9PU,분노,0.0,0.56,0.01,0.03
os0QXzDuMOE,기쁨,0.99,0.0,0.01,0.0
WgESRKw8Ges,분노,0.0,0.47,0.08,0.25
EoqAGCigQSM,중립,0.02,0.32,0.35,0.11
1vaPVKWyDUc,중립,0.09,0.05,0.45,0.36
GefPTAN0z7E,슬픔,0.01,0.21,0.07,0.49
1T2RQqm7YIY,,,,,
-IEiBtNrlLg,공포,0.0,0.18,0.0,0.08
iUDod5mQZsg,중립,0.0,0.08,0.55,0.32
khV0BajGQZQ,,,,,
TTL45IeHRcQ,,,,,
VfBUySl7RqQ,,,,,
JZ-6yOOSlCg,,,,,
CR4kD7TsGmc,,,,,
lkrvYpRftNI,,,,,
bi2Oytd0tWk,,,,,
e6siS13__24,슬픔,0.01,0.17,0.14,0.34
vh86fjjIAz0,,,,,
0q_BOPHHprI,공포,0.01,0.03,0.02,0.14
2C08xdE797g,,,,,
g3vHLURwRfg,,,,,
Vye--n6qGE0,기쁨,0.71,0.11,0.03,0.12
tmvpEfzo18M,,,,,
9fmqHMfABbQ,,,,,
qwQY4G03WBc,기쁨,0.31,0.12,0.09,0.25
OidBW_WnmBs,놀람,0.12,0.15,0.0,0.15
JrO_Sous_p8,기쁨,0.35,0.08,0.24,0.12
z9v5Y3BDHLo,,,,,
_v-c-SHWZSg,,,,,
fqBULRQkLNc,중립,0.09,0.17,0.46,0.27
VIdz15yNjK8,놀람,0.0,0.0,0.0,0.0
xok8RtwtRy0,슬픔,0.11,0.07,0.23,0.52
uRDsKWhxLOA,슬픔,0.11,0.07,0.23,0.52
9ro8Zvf0uTA,중립,0.02,0.35,0.37,0.1
vCrjDEGNTvA,놀람,0.0,0.0,0.0,0.0
WndurVVncS8,놀람,0.0,0.0,0.0,0.0
zaltUkbUKZw,놀람,0.0,0.0,0.0,0.0
M92lfVBR-pY,분노,0.18,0.52,0.08,0.15
lkUcimaIwAY,기쁨,0.36,0.07,0.32,0.16
aoTnKt2ykKY,슬픔,0.0,0.09,0.14,0.48
q8njDWYDU84,,,,,
Rem1kF3arYw,,,,,
YHfJQhXF78A,중립,0.31,0.04,0.52,0.12
3I-JZW9h-vc,중립,0.33,0.01,0.43,0.21
5-BWAIP3K-Y,중립,0.0,0.0,0.82,0.16
9i7XS2QEDxE,기쁨,0.7,0.09,0.15,0.03
7--Hye06MwY,분노,0.0,0.42,0.12,0.28
OrCtf9YlCFc,슬픔,0.0,0.19,0.1,0.46
-Z7ehNI-teI,중립,0.1,0.02,0.74,0.09
ErAAGclwocg,기쁨,0.85,0.01,0.09,0.04
azTvmjer-_Y,중립,0.01,0.01,0.73,0.22
UaoBYcOTT4w,공포,0.03,0.13,0.14,0.18
vbWfgFFO3kA,슬픔,0.0,0.04,0.01,0.63
8JkMDSjOQ90,중립,0.13,0.04,0.74,0.09
huoDphXIEGI,슬픔,0.0,0.22,0.01,0.42
cyypp3hD4Rw,중립,0.07,0.05,0.82,0.05
waeNVSXPnNU,공포,0.0,0.18,0.01,0.12
pGtBgXb5Mh0,중립,0.05,0.25,0.57,0.09
lhvi7vD2CZo,,,,,
yfIqvFZQeHI,중립,0.0,0.03,0.71,0.24
v_hKsJEY9b0,중립,0.02,0.06,0.81,0.09
ABdV9ygbnsw,중립,0.0,0.03,0.8,0.14
tCPwrjzqk1A,중립,0.0,0.01,0.84,0.15
W48WA7V7bmo,중립,0.0,0.03,0.78,0.18
wEizJxpcLKo,기쁨,0.99,0.0,0.0,0.0
--M9ikK97OM,분노,0.03,0.37,0.25,0.16
KKpvUr8Mwjk,,,,,
5BEso8NHkpc,기쁨,0.27,0.14,0.11,0.24
5kA8daNcmC0,분노,0.01,0.51,0.14,0.1
vbSsyGv10ds,분노,0.0,0.84,0.0,0.13
kSMjrtVjuMI,공포,0.0,0.16,0.0,0.03
dmd_prk3-_g,공포,0.0,0.19,0.02,0.32
DyyxLwa5WCo,슬픔,0.0,0.25,0.01,0.56
CKNpz4e5f14,,,,,
wc9o8toP-lw,분노,0.23,0.46,0.23,0.01
rPtLcjEw1A8,,,,,
vvGF31RwPQ8,슬픔,0.12,0.2,0.04,0.32
q02G3QywI4w,중립,0.01,0.4,0.48,0.1
qh6IQ2j9YJs,공포,0.0,0.26,0.0,0.17
x20H2oU_n3A,분노,0.01,0.59,0.22,0.1
_36WWtEhGVI,중립,0.08,0.26,0.38,0.11
fnvOzYrHI18,기쁨,1.0,0.0,0.0,0.0
Fg5Hw4cvN7E,기쁨,1.0,0.0,0.0,0.0
p9y-cvyKSYs,,,,,
40WSOWHdXs0,공포,0.01,0.01,0.01,0.12
ms5B5fCxXSw,슬픔,0.0,0.01,0.07,0.83
XeDeBOXrcDc,분노,0.29,0.38,0.07,0.13
QVa6rWKLlCE,공포,0.29,0.01,0.05,0.06
jFRMrq2Ak2M,중립,0.01,0.04,0.8,0.12
cnHoZeCM4l0,슬픔,0.0,0.19,0.18,0.52
P2BnXSSR5kA,분노,0.03,0.42,0.18,0.12
YIU2c869K6s,슬픔,0.0,0.02,0.16,0.6
8mkjq1PWMM0,,,,,
ivz33m0gONc,슬픔,0.03,0.0,0.08,0.5
oAjTn4LnvlI,,,,,
jDDB8p334no,,,,,
CSd75AopPm0,분노,0.03,0.45,0.11,0.35
Z9nvUenSJXs,놀람,0.09,0.15,0.25,0.1
v27fxPnATlY,분노,0.14,0.84,0.0,0.01
LHIFbgaIE8c,슬픔,0.18,0.14,0.15,0.31
HrqC20q82og,,,,,
dzuPESrNC5w,기쁨,1.0,0.0,0.0,0.0
OitfVbMNxcA,분노,0.03,0.63,0.0,0.21
8AQsBEHmtLM,,,,,
05i1jMf3WRI,중립,0.0,0.1,0.41,0.4
PiBLUtVCvB4,분노,0.0,0.44,0.23,0.26
yFuh5vhY65A,,,,,
0VOxqlp3UNo,놀람,0.05,0.04,0.34,0.0
vI3EJuEzGWA,중립,0.01,0.05,0.62,0.26
MohKlUTUCSA,중립,0.05,0.04,0.48,0.42
AgN7bO7v2PY,,,,,
2Z81ge_ehlA,분노,0.0,0.45,0.08,0.26
DlZlB4PBciY,슬픔,0.0,0.01,0.16,0.79
3kspk8yA-zU,분노,0.0,0.81,0.01,0.17
t0M5wIw1Zjo,슬픔,0.0,0.04,0.05,0.82
HXlqp338eM0,놀람,0.0,0.04,0.0,0.0
PFMoG_Yj4g8,,,,,
-uyCMvTMuV8,슬픔,0.0,0.01,0.01,0.97
8OtR3OT8zeE,슬픔,0.0,0.02,0.01,0.93
KQ1EOkbn6MY,슬픔,0.0,0.01,0.09,0.78
8fulnVtodjg,분노,0.07,0.48,0.21,0.22
_uSZlmDsn3A,,,,,
G_8tYxdhFdM,중립,0.01,0.02,0.76,0.14
sJpI-yuqJLU,중립,0.04,0.08,0.59,0.07
qYcNnK5m2Ow,기쁨,0.96,0.0,0.04,0.0
ExIURIzYBt4,혐오,0.25,0.08,0.09,0.02
RgcqMCqts6c,기쁨,0.8,0.01,0.16,0.01
DWWWbzhLSg4,기쁨,0.96,0.0,0.03,0.0
nKNBO5_p3ww,기쁨,0.75,0.0,0.23,0.01
RHLCxb-lqHw,기쁨,1.0,0.0,0.0,0.0
xQWqFTpC14A,분노,0.0,0.79,0.01,0.05
q6mV-1tmmTU,슬픔,0.19,0.25,0.02,0.27
DN2PcjIRarY,슬픔,0.0,0.04,0.32,0.33
YKex7jttDKI,기쁨,0.51,0.01,0.16,0.27
0N57cgk4TEY,,,,,
Wrv2LvQxVLA,중립,0.02,0.02,0.62,0.25
tALZEUKC7zA,슬픔,0.02,0.12,0.05,0.57
e665hcbtVVU,,,,,
xG0a9VD6_PI,슬픔,0.07,0.3,0.07,0.33
gmOYegSZa0Y,기쁨,0.87,0.09,0.02,0.0
GROeaC8X2S8,분노,0.31,0.45,0.05,0.01
Pr3KHWT3SXQ,분노,0.01,0.9,0.01,0.0
15LzmR-hdsQ,슬픔,0.03,0.23,0.12,0.43
47esgu9asAM,분노,0.12,0.76,0.01,0.01
f4LtVXBAc-E,기쁨,0.85,0.0,0.15,0.0
ID8Fh5CCoZg,중립,0.15,0.02,0.76,0.05
be1qVE1wAvk,중립,0.11,0.04,0.68,0.13
9HucTlTy75E,중립,0.17,0.01,0.69,0.04
gxl523_4Sq8,중립,0.07,0.01,0.55,0.31
nnUJeqJwq6E,중립,0.01,0.01,0.66,0.11
VVb_FQR9g5M,,,,,
ZLeB98_bnFA,기쁨,0.99,0.0,0.0,0.0
f2nssbm3d5k,,,,,
qR5fz1wsrDI,,,,,
sucjT1Q8i4Y,슬픔,0.0,0.06,0.35,0.52
5w6PJS2gjCQ,,,,,
i1c3ROdJAyM,중립,0.16,0.06,0.52,0.17
D6vOft2b-Hg,슬픔,0.18,0.06,0.22,0.49
A7JfO49Hids,기쁨,0.4,0.04,0.1,0.16
ZPYMfxTEkfE,,,,,
qaMy8X45mxs,,,,,
pbXEASWMSdo,기쁨,0.97,0.0,0.02,0.0
ZnTmB3kngsc,,,,,
10w2Kp5VPXU,,,,,
aVJGMvwZYqw,공포,0.01,0.05,0.14,0.03
Sv8bD0M1b9w,분노,0.02,0.36,0.08,0.24
-SeDuAHyIbI,중립,0.06,0.02,0.39,0.3
vO3L8eez6h0,공포,0.0,0.11,0.13,0.05
N6esKKyGQPA,중립,0.04,0.09,0.65,0.21
dIARihvx1kM,공포,0.13,0.02,0.0,0.02
MgZ8766IZBw,중립,0.04,0.19,0.65,0.04
1zZ0I7hOYbI,분노,0.01,0.37,0.25,0.05
yosWkx99cxc,,,,,
TQvh4Ab3eEo,,,,,
fYnEmeA9Vc0,중립,0.01,0.01,0.86,0.07
lSmiqFQGjuw,슬픔,0.0,0.01,0.34,0.6
yGNalXZo7A4,중립,0.0,0.06,0.68,0.23
vILildG4FMQ,슬픔,0.0,0.02,0.01,0.94
awPDRt88w84,중립,0.01,0.03,0.79,0.1
3He421Lve2A,,,,,
KXOHdlFz-ak,슬픔,0.0,0.02,0.42,0.54
UaFerBsiesI,공포,0.14,0.1,0.22,0.11
o-lPH2Flx_M,슬픔,0.0,0.23,0.01,0.55
2WZt26-48IE,,,,,
XzadJqqSkW4,기쁨,0.97,0.0,0.03,0.0
xJZ7dD4qtl0,,,,,
RNTGbZEjpCg,기쁨,0.48,0.04,0.2,0.26
Hty2Bz5yMmE,중립,0.19,0.3,0.36,0.13
VyJob5YPXCM,기쁨,0.64,0.14,0.13,0.03
jykDlsZgEvE,슬픔,0.0,0.03,0.25,0.63
Vd6HSk36g-s,슬픔,0.01,0.33,0.06,0.38
RbhItyD3k5U,중립,0.04,0.04,0.42,0.29
16qWdcEGNVw,기쁨,0.99,0.0,0.0,0.0
nzRdp4LZxnc,기쁨,1.0,0.0,0.0,0.0
Zu-4021yYns,기쁨,0.47,0.05,0.03,0.25
acjZokgWOBA,기쁨,0.41,0.09,0.06,0.08
ju-zYxF0OFI,기쁨,0.35,0.05,0.34,0.18
7HNVkqGpEeA,분노,0.03,0.4,0.13,0.15
aLH51ZVOhCs,,,,,
ExysHvEuRtU,,,,,
KBFO8acbm1s,분노,0.03,0.61,0.05,0.03
qFkTfRxwLs4,슬픔,0.06,0.24,0.06,0.51
2wIGdSB8XUo,,,,,
NBYIRee4F2c,기쁨,0.48,0.1,0.24,0.11
DD_0oa7AWqo,,,,,
vAK2vCWVihw,,,,,
M2uHSmNhowo,중립,0.24,0.02,0.7,0.04
rSzzKAfirJk,분노,0.06,0.47,0.07,0.2
av9n1_ikYvg,중립,0.0,0.04,0.6,0.3
naPkf7W9Nd4,슬픔,0.0,0.09,0.28,0.45
JhYT1XzE1mU,놀람,0.0,0.02,0.21,0.14
sQbbQw7YjT0,중립,0.03,0.2,0.31,0.28
rXhU6fM6Q3s,놀람,0.0,0.22,0.12,0.06
5NokWO7muO0,중립,0.11,0.04,0.71,0.12
Q7wq38rcEEQ,슬픔,0.25,0.03,0.01,0.37
S_6mi9yC4_I,슬픔,0.15,0.04,0.03,0.68
tsaLqi-nWgk,슬픔,0.22,0.11,0.16,0.35
vVHlXAhfOeM,,,,,
sf9Y3GDBjZo,,,,,
RmDMPwVxuBA,,,,,
GH4PyohB_1g,공포,0.01,0.1,0.09,0.26
bTbqV0YU3m4,슬픔,0.01,0.05,0.28,0.34
sFTHtuc3oqY,중립,0.0,0.08,0.48,0.1
kl9yA8rbFQ0,중립,0.0,0.17,0.75,0.04
hLje7b09IZw,중립,0.06,0.1,0.5,0.15
rEPHqEoIosY,중립,0.0,0.01,0.91,0.03
UwD3Snkzlqc,중립,0.0,0.06,0.77,0.08
K8Sc532ehr8,슬픔,0.01,0.04,0.06,0.62
hmw-mdsIhLo,,,,,
pqU7Op-6fQM,,,,,
g9numTaPRko,놀람,0.06,0.02,0.13,0.18
wfNgsw0V9y0,기쁨,0.42,0.3,0.15,0.1
_k8lgyCEKK8,놀람,0.16,0.03,0.2,0.1
SjdUJfKJIm8,슬픔,0.06,0.2,0.16,0.43
bTjlLvUCk1c,중립,0.02,0.14,0.52,0.15
I4mtSvsLuMY,공포,0.03,0.02,0.34,0.09
BCmHM___bdE,슬픔,0.02,0.16,0.02,0.62
6heIjkSffTo,중립,0.03,0.03,0.76,0.09
0JY4Y1f8dQQ,,,,,
-kXMzh75Yok,공포,0.02,0.08,0.08,0.1
0PEnpSY1bU0,중립,0.04,0.02,0.92,0.01
XWSX4gDTvZk,중립,0.0,0.15,0.81,0.02
o4M09VTSh_I,중립,0.07,0.06,0.79,0.03
_KI0J_GCq2A,중립,0.1,0.13,0.64,0.04
VW8fejh1uf8,중립,0.01,0.04,0.92,0.01
DFUGSj4wihU,중립,0.18,0.02,0.62,0.12
KeSyQ3pXeEE,중립,0.2,0.01,0.78,0.0
TMdbInxWaFw,중립,0.24,0.0,0.75,0.0
MEcRd9dmL0w,슬픔,0.01,0.04,0.41,0.49
B6aUODxS0ZU,분노,0.01,0.53,0.35,0.03
tXuRT3c92u8,놀람,0.07,0.16,0.04,0.1
eQGfDG9nTp8,분노,0.0,0.39,0.07,0.35
aRd1o0SQqL0,중립,0.02,0.27,0.51,0.11
IwOEXe4VxMw,중립,0.13,0.01,0.77,0.04
iy9MhcjqpGc,중립,0.28,0.0,0.64,0.03
hxjskoMFqrQ,중립,0.0,0.0,0.67,0.3
ml998PKZ9Zw,기쁨,0.82,0.01,0.14,0.01
VhLBVvbR3Ps,중립,0.23,0.0,0.77,0.0
FOuM8WSlqp4,기쁨,0.99,0.0,0.0,0.01
rJHxjUAlQvQ,중립,0.01,0.0,0.96,0.02
KCTYhV_Ky8M,기쁨,1.0,0.0,0.0,0.0
OSWuuEcsBug,기쁨,0.97,0.0,0.02,0.0
04D6IMk1Ps4,슬픔,0.1,0.2,0.17,0.46
yhvRBtyF34A,분노,0.0,0.83,0.04,0.07
ft6thp1-Irs,분노,0.0,0.77,0.04,0.01
9wViMBL0VNM,분노,0.01,0.45,0.33,0.11
0E3goh8ze34,기쁨,0.99,0.0,0.01,0.0
5ba1m658oLk,기쁨,1.0,0.0,0.0,0.0
ctpYpc9P7Bc,기쁨,0.63,0.01,0.19,0.0
s8wq_gf3Lqc,기쁨,1.0,0.0,0.0,0.0
FJ-7xTZj5QY,중립,0.0,0.04,0.73,0.11
ZN-67G-YOeY,공포,0.0,0.02,0.0,0.06
RAxsYvmz9OE,기쁨,1.0,0.0,0.0,0.0
3Tj9LKWOAvo,중립,0.01,0.15,0.65,0.11
J4FYvrGHpmY,기쁨,0.95,0.0,0.04,0.01
hzmvFskJJcE,슬픔,0.0,0.1,0.0,0.6
FFNkuIb0EVw,슬픔,0.04,0.01,0.35,0.53
N-db_c8OhV0,기쁨,0.3,0.25,0.27,0.06
NZC3UgK0bAc,중립,0.0,0.04,0.49,0.25
aHvL9MA9VzE,혐오,0.0,0.18,0.0,0.13
5e4Su1uA2eg,슬픔,0.0,0.0,0.18,0.81
6fOITv0Y4n4,슬픔,0.12,0.08,0.18,0.43
oIE-lQAiz1I,중립,0.01,0.01,0.43,0.16
_6rF4OE4lgs,중립,0.0,0.05,0.55,0.18
QOnVP2s1jIM,공포,0.14,0.26,0.02,0.14
OEjKKY1X2-A,공포,0.0,0.17,0.05,0.32
peL6OkbMr_g,중립,0.01,0.01,0.36,0.06
M4gDwPjULWo,중립,0.0,0.01,0.78,0.06
rBfcc6VD_Ko,중립,0.0,0.13,0.79,0.04
qFC5ibSr_b4,분노,0.04,0.34,0.01,0.17
MLHj0l1a5Hs,기쁨,1.0,0.0,0.0,0.0
V0JAe5UkyNg,기쁨,1.0,0.0,0.0,0.0
8gh2qgZbw-Q,기쁨,1.0,0.0,0.0,0.0
z0rmB0_uOec,기쁨,0.42,0.24,0.17,0.11
vS1MpCkjUg4,기쁨,1.0,0.0,0.0,0.0
uXyqNRIYay0,기쁨,1.0,0.0,0.0,0.0
oTGzDQ39bqE,기쁨,1.0,0.0,0.0,0.0
giAzdKYWUkg,기쁨,1.0,0.0,0.0,0.0
V57IPwkgAY4,,,,,
Q7drigarWgw,중립,0.0,0.05,0.53,0.34
bo6ekSIhZBc,슬픔,0.01,0.2,0.09,0.38
YflWQoN4fmc,기쁨,0.63,0.0,0.36,0.01
8YOUatnwtQg,분노,0.02,0.86,0.0,0.07
gxkolLqo8fY,기쁨,0.99,0.0,0.0,0.0
FW-NDiDFANs,분노,0.0,0.56,0.0,0.03
kYDSx7b3bR8,중립,0.26,0.01,0.72,0.01
NtxHcl-5cFY,공포,0.0,0.15,0.0,0.0
eE6CeJa0Xsw,기쁨,0.99,0.0,0.0,0.0
oIgIgl2jdVc,,,,,
fZctTV1l8mY,중립,0.01,0.09,0.43,0.37
NnHslX5-4QA,혐오,0.02,0.03,0.15,0.0
BA3h2DL8BCw,기쁨,0.98,0.0,0.01,0.0
dDIEkdgF21A,기쁨,1.0,0.0,0.0,0.0
s9uKI2MFcvQ,중립,0.0,0.04,0.87,0.08
iEgQ0cLch9c,,,,,
LNtajevE4i4,기쁨,0.99,0.0,0.0,0.0
Jye1_lHG8d8,분노,0.0,0.45,0.33,0.11
BDL207TQqOU,중립,0.02,0.12,0.77,0.07
9A2CktOn-Dw,기쁨,1.0,0.0,0.0,0.0
BRf7A3UFdHM,중립,0.34,0.18,0.38,0.02
SdL4NnoDhAk,,,,,
V8Bheql-bho,혐오,0.0,0.21,0.05,0.15
r1OUPc_wN3k,슬픔,0.02,0.01,0.3,0.35
aw9sNSlsi3o,공포,0.0,0.12,0.0,0.22
h8lUCUXfJXo,중립,0.34,0.0,0.65,0.0
PURYqLq3Lf8,중립,0.04,0.33,0.44,0.17
GuWf6jY04eU,슬픔,0.01,0.01,0.24,0.69
gjdJqCQinzg,,,,,
lAPHrCxFqmI,슬픔,0.32,0.04,0.05,0.53
F9KYkAp_NLA,,,,,
ABuS-3DOBzI,슬픔,0.0,0.12,0.08,0.42
92_mrOso8-U,중립,0.01,0.28,0.32,0.13
rFbwpQH6VmY,,,,,
c_pSthiltTk,,,,,
TrYs6yM6yPo,슬픔,0.11,0.06,0.36,0.4
0xJX9es24C8,기쁨,0.81,0.01,0.17,0.01
GlDu4DqFtJw,기쁨,0.49,0.0,0.34,0.14
uRVH1-WS2iI,중립,0.0,0.03,0.68,0.23
XjTlKySSyXA,중립,0.35,0.01,0.61,0.03
w0-7PBnpKN8,중립,0.03,0.05,0.4,0.2
QtY7O6Dxcrk,,,,,
zFbEeGuix1k,공포,0.0,0.27,0.08,0.28
ZKUrbUywsd4,슬픔,0.05,0.18,0.04,0.49
Kf_siaAv5P8,,,,,
kI-coSjfxLg,기쁨,0.76,0.09,0.05,0.07
Nw2Jyb53Aqc,기쁨,0.99,0.0,0.0,0.0
7nk38qYk5jQ,분노,0.0,0.88,0.03,0.04
isN8IXiCnbU,,,,,
at90WhvkYAY,중립,0.0,0.0,0.96,0.03
JMOQ7zr4J3s,,,,,
PPwvpo1d7wY,슬픔,0.01,0.08,0.22,0.4
QvjU3TJ9c-0,슬픔,0.0,0.03,0.14,0.81
CreUAuFGg1M,중립,0.0,0.11,0.71,0.14
j8JMEfI9mlU,슬픔,0.01,0.14,0.22,0.38
SFvDiL9TiXE,슬픔,0.21,0.24,0.11,0.37
5XPuk1S13GI,기쁨,1.0,0.0,0.0,0.0
PtU6ag3aaw0,중립,0.4,0.01,0.49,0.06
j25VpfvdI9Q,,,,,
RoKCqiiOqtE,기쁨,1.0,0.0,0.0,0.0
-i8kFPQcEoM,기쁨,0.59,0.03,0.06,0.24
FhSqb9wVe3w,기쁨,0.78,0.12,0.01,0.02
GYefICA1Y8s,중립,0.22,0.01,0.44,0.22
pzIgYNnZhgk,슬픔,0.21,0.28,0.08,0.31
7Ag-d5P6spI,기쁨,0.79,0.0,0.19,0.01
qFyEhR2mdAo,놀람,0.13,0.04,0.29,0.06
TuJcNqXoYRw,중립,0.0,0.14,0.28,0.22
DkC-DxkSUNo,슬픔,0.08,0.1,0.11,0.58
4-_KYxEl7hc,슬픔,0.0,0.25,0.25,0.36
fqLJfCmQBw4,중립,0.01,0.06,0.71,0.05
OaCLocVK3Ik,분노,0.01,0.81,0.14,0.01
rk4zgxeuUwM,중립,0.11,0.15,0.52,0.15
lam_UuHID0Y,중립,0.24,0.06,0.58,0.09
QM-inwOi--8,기쁨,0.46,0.22,0.06,0.16
bEf36yPP_2I,기쁨,0.68,0.03,0.2,0.05
q4RaZ1xGiJw,분노,0.17,0.34,0.1,0.15
eKnJEGvOzk0,중립,0.02,0.03,0.65,0.24
Vy0h_nz5jPc,기쁨,0.94,0.01,0.0,0.0
rQBcH6wkcLA,,,,,
83ZGYNGV4MM,슬픔,0.21,0.05,0.19,0.4
YEP3MccrkFg,기쁨,1.0,0.0,0.0,0.0
qzmIa0-nQZE,,,,,
lYtgQsg69e8,슬픔,0.05,0.17,0.06,0.37
ssbg9Cmk8SQ,,,,,
Wh4-ZBb24YU,중립,0.15,0.0,0.84,0.0
9OO0sS5aDn8,중립,0.06,0.03,0.89,0.01
5OibLoOdong,,,,,
9zqPrM2uuEk,기쁨,0.99,0.01,0.0,0.0
vPDjCJ-rQv4,중립,0.22,0.0,0.59,0.18
aB4MzDz7c2w,기쁨,0.95,0.0,0.04,0.0
c6rYTGoPcyQ,,,,,
73iHhtWYTY8,분노,0.0,0.81,0.16,0.01
nk2M1n7U8cY,,,,,
cSJ2lSRVvKk,,,,,
B_65SwRjv8A,,,,,
oo3lY483tM8,분노,0.03,0.42,0.14,0.17
opBCu1_5wPE,중립,0.02,0.11,0.48,0.34
aMR7cI20zYU,기쁨,0.52,0.09,0.25,0.1
k3DHQyJdafQ,중립,0.0,0.18,0.41,0.34
6_2IAlO_eK4,중립,0.01,0.02,0.63,0.01
NeRhUp8SM7I,기쁨,0.99,0.0,0.0,0.0
iEQtBmrMSmY,,,,,
YZSMhMKEaHg,,,,,
a-tiVcsRASo,,,,,
a9Fdfpj9fVE,,,,,
aL3YuSmNNbk,기쁨,1.0,0.0,0.0,0.0
QfXFexCfZYk,기쁨,0.63,0.11,0.16,0.06
9CY2q3N-KqE,슬픔,0.01,0.08,0.27,0.55
Vd96h1s4Kg4,,,,,
ZKbZ_1JYRMw,,,,,
NSKAlY7X39g,중립,0.0,0.33,0.34,0.11
G65ajnjDabc,기쁨,0.43,0.05,0.05,0.36
dPoEaFXG9FQ,기쁨,0.54,0.02,0.27,0.08
JhwvhJvR7xw,기쁨,0.88,0.04,0.02,0.05
GNaLtDyIXk4,중립,0.0,0.24,0.42,0.27
3otRe1Bozo4,,,,,
wVltYaZISnE,기쁨,0.77,0.06,0.04,0.06
lH6pSsq4yNk,중립,0.01,0.09,0.55,0.18
Q1AqQ6jCIB4,중립,0.02,0.06,0.52,0.35
YptHBgkguP0,중립,0.17,0.19,0.51,0.11
L48O2ZgfKSE,기쁨,0.59,0.05,0.21,0.08
tS-lVJlJPJw,기쁨,0.58,0.08,0.22,0.06
VSUmLjygDec,중립,0.03,0.19,0.73,0.01
tht4Jvs-Gbo,슬픔,0.0,0.28,0.1,0.3
P2QScZNqYpQ,슬픔,0.12,0.06,0.32,0.44
gOwR8qmW8EQ,기쁨,0.9,0.01,0.06,0.03
PO1BfxQ6XoQ,슬픔,0.22,0.17,0.06,0.43
5KCJ3bkde7s,,,,,
eKQCmJ_gzWI,,,,,
EQsCP6CNhgo,중립,0.05,0.06,0.79,0.07
exuqlRoeLrI,,,,,
J4qlDSkVfXU,중립,0.03,0.29,0.62,0.04
9-TDm2h-LW4,,,,,
ggTSeHZROuo,,,,,
uaNWfqw-PLI,중립,0.0,0.0,0.97,0.02
UX-U9__aRVM,기쁨,0.97,0.0,0.01,0.0
CUnSzFdXiak,,,,,
Y3rR_XTtzZg,,,,,
n5nqbxNajAk,놀람,0.03,0.13,0.16,0.13
Lrj8q5-xmIQ,,,,,
4pUl_dxSu-g,,,,,
odAepcgdpAE,,,,,
r3dIYj17pV4,,,,,
WbLxgEGiIfM,,,,,
S4QK3N6DU3Q,기쁨,0.99,0.0,0.0,0.0
hCH4S2LgjRU,기쁨,0.34,0.05,0.31,0.3
vfxzngtNUpQ,중립,0.39,0.08,0.49,0.03
2vNq7r013uc,,,,,
z2cUA4cNCDg,기쁨,0.5,0.0,0.49,0.0
Lls-jPsa2fY,중립,0.0,0.04,0.74,0.14
0FQG9rz9nqU,중립,0.04,0.02,0.72,0.04
HiHQicEolBM,중립,0.01,0.1,0.48,0.07
abkwEVRjoYs,중립,0.17,0.08,0.4,0.06
6B6bvTpoSy4,중립,0.01,0.03,0.53,0.06
zd8uZxY9Uzg,중립,0.02,0.09,0.55,0.05
qQReCbnx5y4,중립,0.14,0.01,0.78,0.06
RO_CNTV-gqw,놀람,0.0,0.16,0.21,0.04
jTPbiudWirI,중립,0.0,0.01,0.82,0.15
ZcSLRoa_urU,공포,0.0,0.06,0.27,0.24
r75udm42_30,기쁨,0.92,0.0,0.07,0.01
z0Sm68s4iTs,기쁨,0.97,0.01,0.02,0.0
Tjo1_qPcY2Q,기쁨,0.29,0.15,0.23,0.29
z3S_xC2Qddw,기쁨,0.57,0.11,0.19,0.1
_CG37SkIMkc,중립,0.02,0.07,0.63,0.21
k99Wc5l9c6I,기쁨,0.72,0.11,0.07,0.04
v0fTW37bNog,중립,0.0,0.01,0.63,0.26
ADsYnIZI0Jw,중립,0.02,0.0,0.97,0.01
PYAX2P14gkE,중립,0.17,0.02,0.75,0.03
hO-ualnErP4,중립,0.02,0.01,0.41,0.2
jw9zbpQdm0c,중립,0.01,0.11,0.37,0.26
9VlcDodCeYU,슬픔,0.05,0.08,0.31,0.49
y3h_j4v82nQ,중립,0.01,0.01,0.55,0.36
D80fzI22JQw,기쁨,0.9,0.0,0.09,0.0
BTiXb4M63Xo,,,,,
OkF09_CqRfo,기쁨,0.5,0.16,0.27,0.05
kytK1l-k61I,슬픔,0.09,0.05,0.24,0.55
q9qFbDMfZu4,분노,0.25,0.54,0.05,0.08
49Jq3y_O2Wo,,,,,
baes-SZOBqs,슬픔,0.01,0.38,0.02,0.52
rezNjTZFROw,,,,,
K6kzfYnzLNQ,슬픔,0.0,0.22,0.01,0.5
IjenWujwIdA,중립,0.13,0.03,0.62,0.2
fOInmJBrMTU,,,,,
s5BWZGTescU,,,,,
b5ukPm-nh1w,,,,,
WFZ_W93i_UU,슬픔,0.01,0.16,0.22,0.36
vx3M0y4kjhY,,,,,
hgoPuSIU2Lc,슬픔,0.03,0.05,0.1,0.58
ICW6QtgXvNU,기쁨,1.0,0.0,0.0,0.0
hetl1Cm8cco,공포,0.23,0.07,0.03,0.18
_Q5UD5Ria08,중립,0.01,0.09,0.6,0.18
BzN-hh10viw,중립,0.0,0.09,0.77,0.08
BxjNzg-ep-Q,기쁨,0.49,0.15,0.29,0.04
Q7HZb_vDT-s,중립,0.02,0.04,0.81,0.04
0L36EAj2lko,중립,0.01,0.04,0.89,0.03
YflunoGG_v0,중립,0.02,0.12,0.61,0.18
anNUCRDN4Mc,중립,0.1,0.12,0.61,0.04
oTNL0J3jJ1k,중립,0.4,0.01,0.43,0.01
72RshvGzScc,중립,0.01,0.01,0.95,0.02
PC3fqwRDQ-Y,기쁨,1.0,0.0,0.0,0.0
3M7SLMxwMDU,,,,,
a50GOJOamV4,,,,,
9FXzYX2EqfQ,슬픔,0.0,0.06,0.1,0.37
uVtejaS-N5k,중립,0.03,0.2,0.69,0.06
mH-lGuqO-OQ,중립,0.42,0.05,0.49,0.03
Dg6-bzEvXns,기쁨,0.9,0.0,0.09,0.0
kwOG_b2C3XU,슬픔,0.01,0.13,0.28,0.4
KreSg1TmaA8,놀람,0.0,0.1,0.05,0.06
AMMYBIppdU4,,,,,
cW6waVIVT0Q,,,,,
fxPtdh3OW1A,,,,,
tP-cAoBN9OI,,,,,
L9YLyHrsnUU,,,,,
PPeVg444iqQ,중립,0.0,0.07,0.89,0.01
LUWmfsSqa2o,중립,0.03,0.05,0.6,0.19
lyjmrMiKDfc,,,,,
kY4HyTPbbJQ,,,,,
2dkYZgF0V40,,,,,
iwc9tR-2hsY,슬픔,0.0,0.04,0.16,0.54
q1JrXWZ1oMQ,,,,,
iuXcU_ea34M,기쁨,0.97,0.0,0.01,0.02
UmjTEJXBaNA,중립,0.0,0.04,0.82,0.08
Usy-clM_Ptc,슬픔,0.0,0.43,0.01,0.47
tHhSQzuukCA,중립,0.02,0.02,0.54,0.21
yEcnrOP0jaw,기쁨,0.94,0.01,0.01,0.01
RX6ytn3fpJQ,기쁨,0.66,0.17,0.09,0.05
qnV6oIrLIzU,중립,0.02,0.01,0.91,0.05
1FJZIWKvypU,중립,0.03,0.3,0.37,0.17
fTWOTHhnVUs,중립,0.35,0.04,0.39,0.17
UbHkWe776bw,분노,0.0,0.8,0.03,0.02
8oEJUoocH7E,기쁨,0.38,0.2,0.06,0.17
mm33oWNTBu8,중립,0.07,0.09,0.59,0.21
5clluZtJ2vM,분노,0.0,0.54,0.03,0.01
KyeDl-zd_j4,,,,,
UHKrXj0Tyow,슬픔,0.2,0.02,0.23,0.34
wZVsSdO9gs0,,,,,
grjx0ElohDg,중립,0.0,0.0,0.9,0.07
g082_sRaj8s,분노,0.0,0.45,0.41,0.08
OggCHnwzIlU,,,,,
b9EDnFcBQEs,중립,0.0,0.09,0.59,0.17
aKIU_FXLIXQ,,,,,
S8duzb8YWK0,슬픔,0.02,0.03,0.1,0.84
myiH--Vmqno,기쁨,0.51,0.39,0.01,0.06
mddbNCfImtY,,,,,
XAb0kZFg_Rk,,,,,
CsaGpezahsI,,,,,
jlDFIGQGsEU,,,,,
tQgjEPK81r4,,,,,
5Q7F_vcECTM,슬픔,0.19,0.1,0.31,0.37
2l2uYrCPx6g,공포,0.0,0.04,0.01,0.05
p9Qldjcd_20,기쁨,0.97,0.0,0.01,0.0
FeI-ah8Yi_8,공포,0.02,0.08,0.03,0.1
nKguOybqK6A,중립,0.0,0.16,0.41,0.2
9OVkNGRzVY4,중립,0.11,0.06,0.29,0.16
1Ug0TAXkOEA,기쁨,0.81,0.0,0.07,0.02
TQj4HDc49kY,슬픔,0.16,0.28,0.07,0.38
vQhIMETV6mo,기쁨,0.41,0.14,0.06,0.23
_HcM11WxqDo,,,,,
OZY8Vc7ajMc,,,,,
i7kC_iSxREI,,,,,
vuTLnuthPkw,중립,0.05,0.24,0.57,0.1
Vj6PB28Zwgg,,,,,
_DmIoyfhrh8,,,,,
p3ErSYFHdIA,,,,,
BSZjtW6R56o,,,,,
hHL3IC-wkg4,중립,0.28,0.0,0.58,0.05
-2maTdIQnIo,중립,0.29,0.03,0.35,0.07
c6IJX_p62Ns,중립,0.08,0.1,0.54,0.06
ytvUXAa59aI,슬픔,0.1,0.04,0.25,0.32
vVvrpGa7VTo,기쁨,0.84,0.0,0.15,0.0
CLL5wAvXXQk,중립,0.01,0.01,0.8,0.1
88E2kzZpgSg,슬픔,0.0,0.3,0.13,0.39
RW22YkryR7M,공포,0.0,0.11,0.05,0.19
Ya6DrQrsQ98,슬픔,0.0,0.01,0.07,0.85
VGgc5M5MTCc,슬픔,0.09,0.11,0.3,0.35
3gyTlCYDmzQ,기쁨,0.98,0.0,0.0,0.01
oyGCh3Shmu8,중립,0.01,0.29,0.42,0.28
BnX4wnp3n-s,슬픔,0.05,0.08,0.15,0.68
OThWfDYG9Sw,기쁨,0.81,0.05,0.04,0.02
7GnNMOkGQKc,기쁨,0.75,0.0,0.23,0.01
vc5DCY62AtA,기쁨,0.98,0.0,0.02,0.0
MoOKs3mV6LM,슬픔,0.0,0.08,0.27,0.42
1m9FVPvKDqU,기쁨,0.31,0.26,0.09,0.22
12b1xYDaEmU,기쁨,0.89,0.0,0.09,0.02
Hg827B174P4,슬픔,0.0,0.04,0.24,0.59
4RRCJXem4ew,기쁨,0.74,0.0,0.26,0.0
jis5Y6o4JF4,기쁨,0.86,0.0,0.12,0.02
nwfkLcofDfA,,,,,
Ppchf3xW-Is,,,,,
6l99YQxHgcw,슬픔,0.06,0.01,0.21,0.59
vg5HZMEdJ3M,기쁨,0.51,0.03,0.26,0.17
oTg4y-fgqkw,,,,,
f2vcjlZBIYU,공포,0.02,0.17,0.03,0.25
cEoiQPIzqd0,,,,,
J7o4mpjIU2M,,,,,
i2yt1cDXjxQ,분노,0.0,0.62,0.24,0.08
Ca4C2oFm0eE,중립,0.0,0.09,0.71,0.2
s7becflzXwc,중립,0.0,0.11,0.82,0.06
s6cDH1y3YHg,기쁨,0.97,0.0,0.03,0.0
kbS2WRZSfJU,중립,0.14,0.11,0.69,0.06
F17HsPNhlqE,중립,0.0,0.01,0.52,0.27
ssu-hck8gNc,슬픔,0.04,0.02,0.17,0.57
PcMNG-OBl_Q,중립,0.01,0.01,0.78,0.16
C45kFzIWVME,분노,0.0,0.5,0.09,0.29
u9N4D1O9IgU,슬픔,0.18,0.16,0.17,0.4
5b1FHNVXQyE,분노,0.05,0.87,0.0,0.01
3FuTfeaLT7c,,,,,
D_lad9vDIXU,분노,0.01,0.74,0.11,0.03
rWVnTU1tSB8,슬픔,0.01,0.0,0.01,0.92
YbPsIMZhLyI,분노,0.02,0.73,0.01,0.07
YfBTglIVarw,,,,,
mtovQllSYnw,슬픔,0.0,0.01,0.08,0.89
-LJVvD_vmig,놀람,0.09,0.09,0.2,0.11
1nw-7AYXjmE,분노,0.0,0.8,0.03,0.12
q2EUnHwQ7fs,슬픔,0.01,0.06,0.07,0.43
wdMygaJZM60,중립,0.07,0.08,0.7,0.08
i91mZ3iKgqE,중립,0.02,0.01,0.88,0.03
xC94QYAdjow,기쁨,0.87,0.04,0.06,0.01
m9emRHXRzqg,,,,,
rJDJl6jSEEo,공포,0.01,0.31,0.04,0.03
A3YaDe1EEmo,공포,0.01,0.27,0.12,0.03
3gEJL31qIdI,중립,0.08,0.02,0.44,0.38
X-aDrYEg3uA,공포,0.0,0.24,0.06,0.35
JgRwoA9Ktno,슬픔,0.01,0.15,0.08,0.41
ekqW2QthX40,,,,,
QTNEeii3uVc,공포,0.0,0.06,0.27,0.17
k9Pg9k27vwo,기쁨,0.76,0.01,0.19,0.03
OZqDMYiEH5A,중립,0.01,0.15,0.54,0.26
UiCqRUuysRY,중립,0.42,0.0,0.58,0.0
-u3VlpjSJWs,,,,,
aFsPRhsgNoI,,,,,
kMdjacXBY2Q,분노,0.01,0.72,0.08,0.11
29Sj3wMp4Qk,,,,,
eFlMcNAy6DA,중립,0.0,0.02,0.75,0.22
a8YAmzlguks,공포,0.01,0.04,0.21,0.31
3lZKOjpvWCk,분노,0.0,0.96,0.0,0.0
IqRlN2mdzSw,중립,0.01,0.02,0.92,0.0
sM0BOcDmo28,중립,0.0,0.02,0.9,0.05
0Bauc0tNuis,중립,0.06,0.08,0.42,0.21
vkfK2Kjyhk8,놀람,0.0,0.0,0.0,0.0
1DU1zWLl7FM,분노,0.27,0.32,0.05,0.27
j242WK7HGFA,중립,0.0,0.0,0.68,0.26
-GHdO6UzsGE,중립,0.02,0.01,0.74,0.17
Mz-AU9X3CTw,기쁨,0.92,0.0,0.06,0.01
XSqToq8nIyU,중립,0.0,0.01,0.92,0.06
hjP6NNAxMf8,,,,,
zNCnxwEp7-E,,,,,
NJNwE_6VxtA,공포,0.01,0.32,0.02,0.25
FZ416tomUMI,슬픔,0.12,0.06,0.12,0.47
UZCh2DwsB7o,중립,0.17,0.03,0.71,0.06
uIEAeZt75Z8,중립,0.21,0.03,0.46,0.25
pFbRybiEZGU,중립,0.03,0.02,0.74,0.14
2l5cW3YVja8,중립,0.21,0.03,0.64,0.07
JCO4X1M0VPE,기쁨,0.65,0.03,0.19,0.11
CcOOmcKvN0U,중립,0.0,0.03,0.58,0.27
q_uK82_8NNY,기쁨,0.5,0.08,0.12,0.19
WT6k8iSKV68,슬픔,0.01,0.31,0.04,0.45
CfoXgzy8khY,기쁨,0.66,0.29,0.02,0.01
-8j_jzz_z2M,중립,0.0,0.11,0.76,0.11
0zQlhE1ilVA,,,,,
5ZIgqa0q2bw,중립,0.04,0.31,0.35,0.2
gl9XZK04sSo,중립,0.0,0.02,0.88,0.09
Yc94yOzfJ2M,,,,,
5M83pl9uzWE,놀람,0.0,0.01,0.43,0.06
CmI5WChQTR8,슬픔,0.0,0.03,0.33,0.62
jK1QN9q07js,중립,0.14,0.03,0.5,0.25
IG-_K9WYYRM,공포,0.0,0.17,0.0,0.05
e9gegPj49bw,분노,0.0,0.45,0.07,0.34
povglbK09Nw,슬픔,0.0,0.27,0.23,0.43
NNMsY0-Ssp4,중립,0.01,0.01,0.76,0.19
4xjyeKJ-0O0,슬픔,0.0,0.01,0.24,0.6
F7Yu9DOFa6U,중립,0.01,0.15,0.4,0.32
w-MqgWcAYp8,,,,,
Ay1uHa0lHSU,,,,,
HkpI3GEWExE,기쁨,0.45,0.01,0.09,0.16
lzHhU2GF6us,중립,0.0,0.07,0.51,0.39
s5fBWkyC6hU,기쁨,1.0,0.0,0.0,0.0
eumrbVJjsvM,,,,,
sgQQ8C2BUAk,,,,,
Oltg_kbR2no,,,,,
jkhU4bRZMrk,,,,,
fQwYqJiBgRc,기쁨,1.0,0.0,0.0,0.0
EfM63Ir4DNw,분노,0.12,0.54,0.2,0.1
y6BLJOI84Kc,기쁨,0.39,0.02,0.14,0.27
Dp7AA3nUZHA,,,,,
LX0GKUjnzy0,중립,0.0,0.02,0.44,0.06
KJjvUsBYDFo,슬픔,0.14,0.1,0.27,0.32
1-PoiKYWT-g,슬픔,0.0,0.03,0.22,0.61
VH5OgJ_Eixg,중립,0.12,0.07,0.44,0.35
COvxUos9j3w,중립,0.1,0.02,0.68,0.19
-U8VyECjCgA,슬픔,0.4,0.05,0.07,0.44
7D6FK3RDdls,,,,,
nKfEa9qKe5k,중립,0.01,0.07,0.6,0.25
Zgi7vITQ2DY,기쁨,0.36,0.08,0.09,0.29
yXlsf7mcwZk,중립,0.02,0.23,0.6,0.09
n1bCwCdDL3Y,기쁨,1.0,0.0,0.0,0.0
hfKWjpfay-M,중립,0.0,0.01,0.71,0.27
jPjNbgQZBNk,슬픔,0.01,0.02,0.22,0.7
cMtyhlbTTWk,분노,0.01,0.78,0.01,0.18
mtd2v9kSLC8,중립,0.0,0.04,0.7,0.07
-DK2YIdXPRs,중립,0.0,0.02,0.79,0.16
RjtYvjUUM7g,,,,,
uKX_mNC9SZs,기쁨,0.97,0.01,0.0,0.01
flrDSOefgGc,슬픔,0.02,0.0,0.45,0.51
MBY7EV1sGGw,슬픔,0.0,0.05,0.07,0.53
245JofHz3dU,놀람,0.02,0.01,0.01,0.01
wt4Wh_Ivljw,중립,0.01,0.01,0.88,0.09
yy2Epe_78C8,기쁨,0.95,0.0,0.03,0.01
OVsAIYTfMQs,기쁨,0.72,0.02,0.1,0.04
saar29KeR2U,기쁨,0.95,0.0,0.03,0.0
rr4DVczHXXA,기쁨,0.66,0.07,0.09,0.13
GDCr7vegzPA,,,,,
n716S9UOypQ,기쁨,0.95,0.01,0.02,0.01
yVxQQuGGTME,기쁨,0.96,0.01,0.02,0.0
lp9i-8jeqhg,기쁨,0.98,0.01,0.01,0.0
yJUWe5uWoeQ,중립,0.05,0.27,0.54,0.06
h4dAL2zfVBk,,,,,
kmdp332Tk5E,,,,,
Kh1_GaI7wYY,기쁨,0.97,0.0,0.01,0.01
3B5MDbfN3vA,,,,,
VZlYoAjpGyc,공포,0.06,0.05,0.02,0.03
rpWHynd6jQ0,,,,,
xgrVJY48F78,중립,0.29,0.13,0.38,0.04
qWm-OZcE5xE,,,,,
uv4Xp6WNwkI,기쁨,0.97,0.01,0.02,0.0
izXlq2TRjAU,기쁨,0.9,0.02,0.04,0.01
TZ68MFjWyXg,기쁨,0.25,0.2,0.11,0.07
HZePHsX5L64,기쁨,0.66,0.09,0.12,0.01
mXcQIcd_rkg,슬픔,0.0,0.02,0.13,0.8
jjr1U7rVUt0,공포,0.0,0.01,0.0,0.09
Uam4a1rJfp0,,,,,
fql6lan-Oj8,기쁨,0.82,0.01,0.15,0.02
DqbSwUS-Xds,분노,0.0,0.79,0.0,0.03
GC0WBGPObaw,공포,0.01,0.06,0.13,0.23
228cOoNl-dM,,,,,
JCaOqTi948g,,,,,
QOsE_GR3XfE,,,,,
ao6uHU2aaqQ,,,,,
7MDp4w_H3ac,,,,,
6-dxI1clasg,슬픔,0.15,0.14,0.14,0.53
GTkkfA3KFtM,분노,0.01,0.96,0.01,0.01
jLOJJM28MnM,,,,,
bkAVFbIevhQ,중립,0.0,0.05,0.49,0.42
bpCXXPIdVl4,기쁨,0.62,0.0,0.37,0.0
Ur-dxQD4rIo,중립,0.07,0.13,0.35,0.28
SUXD490Sp8Q,공포,0.0,0.04,0.05,0.12
pc4xt-526v8,기쁨,0.97,0.0,0.01,0.0
ylrddEzRhKI,중립,0.1,0.02,0.72,0.13
lPGNgHdazf8,중립,0.01,0.02,0.51,0.02
bIMY0QuClcU,슬픔,0.0,0.02,0.02,0.66
6Ob2BmUbEIw,슬픔,0.0,0.0,0.4,0.53
aLUASKGnJCQ,슬픔,0.0,0.04,0.09,0.47
gc6a9enxXGw,공포,0.0,0.12,0.0,0.01
Y9Ktimwx5-k,놀람,0.0,0.03,0.01,0.01
-jooV4lAKu8,,,,,
yoZEehxGxEw,,,,,
zAKcUhqt7MU,,,,,
Co-R11-frfA,분노,0.02,0.45,0.33,0.16
1GIcJlZNzAQ,,,,,
LJ8RFjHJI0k,,,,,
PPWXGdF5uv8,,,,,
J-rnYSQmttE,,,,,
8c7LzvmbjjY,슬픔,0.22,0.04,0.22,0.26
vB9_n-nw1H8,중립,0.08,0.03,0.71,0.15
lrNaYw_nIIc,기쁨,0.99,0.0,0.01,0.0
_9BgC4vkk5o,중립,0.28,0.0,0.54,0.04
R_xzFBj1c3U,중립,0.03,0.03,0.42,0.14
URv3pl_yzZ0,분노,0.15,0.23,0.23,0.23
06ON4m0nO9I,,,,,
rAvC3uFN0eg,,,,,
GFVAQegfgyQ,,,,,
q19lc4xv3xE,,,,,
0_vaKS-qOII,,,,,
5n6ZATkTHfw,,,,,
dOLtuvZ1CaU,,,,,
1jK-4lc75q8,,,,,
Ga5GTjscXNs,중립,0.0,0.06,0.75,0.18
iTes5xZi-SA,기쁨,0.69,0.01,0.28,0.02
6Vcve9zf0f8,,,,,
eIZ5XIk8LD0,,,,,
3mSFt4t_I-Q,중립,0.07,0.05,0.64,0.06
livp78c5spk,중립,0.06,0.03,0.53,0.04
4Q5AUQbDHBM,기쁨,0.89,0.02,0.02,0.01
V_H6IzahEKI,슬픔,0.0,0.04,0.36,0.54
hJUKH6SDsgQ,,,,,
YUu45_YPPYI,중립,0.03,0.06,0.69,0.2
Vay_VwXWE3g,중립,0.07,0.1,0.43,0.34
132E1-VhhCo,,,,,
TTQahxL3-ic,,,,,
NVab3ixv26k,,,,,
vKTxGEiM_As,슬픔,0.05,0.13,0.09,0.58
NtaoTezIJHc,,,,,
20auWVG-sWM,,,,,
q8rTAB_Z7jw,,,,,
9TaB701ezEg,슬픔,0.0,0.0,0.06,0.87
sunepFPhjO8,기쁨,0.69,0.01,0.21,0.02
p5CMGdGUcbk,슬픔,0.02,0.12,0.27,0.37
A9VYYc8yaDk,슬픔,0.0,0.01,0.1,0.81
SZzP8I6Ay80,,,,,
UK_RTOfgeWs,,,,,
CxhUC3Q0hhM,중립,0.01,0.2,0.59,0.16
qmFZ8jEmQyE,중립,0.08,0.29,0.56,0.05
wrOGCktnnRE,중립,0.13,0.1,0.42,0.28
HO_JULHeMGs,공포,0.0,0.11,0.21,0.15
bjjnJ2Zsv_w,중립,0.02,0.06,0.43,0.15
rV1P-7FSFwY,중립,0.0,0.01,0.95,0.03
BNtWwzTi0Vw,중립,0.0,0.0,0.96,0.02
TOMWjgW4snI,중립,0.0,0.08,0.79,0.09
-d027mSAhv8,중립,0.01,0.09,0.7,0.12
vK3CmAaOSfY,중립,0.01,0.08,0.48,0.38
z3u78jgr2KU,놀람,0.03,0.16,0.02,0.1
562fXJiY3Vc,중립,0.01,0.04,0.73,0.15
I9Qb5z6pbZ4,기쁨,0.97,0.01,0.0,0.0
MAOA52zaNQQ,기쁨,0.98,0.0,0.0,0.01
skgS_R7hvSw,기쁨,0.56,0.0,0.42,0.01
8oADE4iQTHE,,,,,
cis452CvdkI,,,,,
R3HaNkWaomI,,,,,
wDvj0mn7Xxo,,,,,
V0wrjRycGlk,슬픔,0.23,0.05,0.13,0.35
cTgI6rm7Z-Y,,,,,
1_hMcAjDTIg,슬픔,0.08,0.02,0.32,0.55
aO6J4lq3cZA,기쁨,0.84,0.02,0.09,0.03
04wbfFRmCAo,,,,,
_6pMRhDDZWg,분노,0.24,0.36,0.11,0.13
Q7COdjY5dGE,,,,,
9yyk8TlLiCo,,,,,
Tem4pFmEwa0,,,,,
-OBK1UDLW3k,,,,,
PAM4e3j5Ip0,,,,,
63kqB3Qmyno,,,,,
hVihd68mrL8,,,,,
Bg9x62FerJc,,,,,
svHAX0REIc4,,,,,
X_dY3gMiWe0,,,,,
uqlRpPNyHP4,,,,,
jZ3YT0x5Tdc,슬픔,0.01,0.06,0.4,0.45
dQLeJmqXUmE,슬픔,0.24,0.17,0.08,0.39
eXSAJkvfohg,,,,,
NEGTdrcx8O8,,,,,
9TK0NHtzVO8,중립,0.08,0.15,0.38,0.18
wcPyBEd3Zjw,,,,,
2hIyxP55OrI,중립,0.06,0.17,0.46,0.04
T65r9qkvepI,기쁨,0.72,0.01,0.21,0.02
LK9P8L4F2dE,중립,0.13,0.07,0.63,0.07
MP7KESdGG-U,중립,0.1,0.02,0.85,0.03
u95avziYwMY,중립,0.0,0.1,0.32,0.31
cc1LWEftXOs,기쁨,0.54,0.08,0.15,0.21
CHz88DpoKTg,기쁨,0.3,0.23,0.24,0.12
olnmxORvOOY,중립,0.11,0.06,0.48,0.27
Bpjiedzdc-0,기쁨,0.43,0.02,0.13,0.01
UETGqAzCwog,,,,,
P4QtlZFwIo8,기쁨,0.85,0.02,0.12,0.01
mv13HkkKDoE,기쁨,0.67,0.0,0.33,0.0
3XNlHm-CIhs,슬픔,0.01,0.14,0.12,0.7
lWEsyWh5Qnw,기쁨,0.66,0.0,0.33,0.01
TXU9ej_tL3o,분노,0.04,0.42,0.12,0.31
E-MqwyPC2LM,분노,0.0,0.66,0.01,0.03
r7tUEgQTSKw,슬픔,0.0,0.04,0.13,0.62
JVNej9_j-wI,공포,0.0,0.09,0.01,0.02
8VCfGymr0WM,슬픔,0.01,0.04,0.02,0.74
ui3PenERGPw,분노,0.05,0.43,0.11,0.09
_ge1XUDWYus,슬픔,0.04,0.02,0.22,0.41
ZMkSHZa6_zc,,,,,
k4HN8tLpCAQ,슬픔,0.05,0.01,0.05,0.84
k4nJVPVszxI,슬픔,0.02,0.18,0.04,0.51
-rbr53DFxLs,슬픔,0.01,0.07,0.12,0.64
rydVD_MxWYs,슬픔,0.0,0.0,0.4,0.45
TzCFROgBPb8,슬픔,0.0,0.0,0.4,0.45
D3IJ-09Edl4,중립,0.03,0.05,0.62,0.16
uYOY6VVEjiM,중립,0.01,0.04,0.37,0.27
wV8aqxR4X2U,기쁨,1.0,0.0,0.0,0.0
hVPPzmE69uQ,슬픔,0.21,0.14,0.05,0.49
Ei3VR54rcSQ,,,,,
l_0UfINiVn4,,,,,
OeP8gg9V0ms,기쁨,0.48,0.0,0.33,0.14
4JYz5FHCMcA,,,,,
DVhuV03Zuag,중립,0.07,0.01,0.55,0.32
VLLYBccrHJ4,,,,,
l1yKOuaz4H4,,,,,
55cZZ8Lh3KA,,,,,
MZZJih2WDAE,,,,,
-K95Q-nx_K4,기쁨,0.69,0.0,0.3,0.01
JjBPt4OQuO4,슬픔,0.02,0.09,0.18,0.43
-5fRICDuxBk,기쁨,1.0,0.0,0.0,0.0
HKOyJ_raG-g,슬픔,0.02,0.07,0.04,0.77
KLdNjIVGMdg,분노,0.0,0.87,0.02,0.04
QrHyxODOWHw,기쁨,0.55,0.0,0.43,0.0
G22vUEPq9uc,,,,,
CKp43FjK638,기쁨,0.8,0.0,0.01,0.02
JALWyjpH1Wg,기쁨,0.54,0.05,0.16,0.11
zo9y2FdRonk,슬픔,0.08,0.13,0.06,0.5
2ymjqhmo8Rs,중립,0.0,0.01,0.43,0.2
_M1NRrqjNuY,중립,0.0,0.02,0.66,0.24
JlennOez2zc,중립,0.0,0.07,0.44,0.4
FBHL-xn7Pck,중립,0.01,0.0,0.89,0.06
zTVsC9oVzXU,기쁨,0.97,0.0,0.02,0.01
fInnaYo7lEU,중립,0.25,0.05,0.57,0.03
C9v-s49zEXI,기쁨,0.63,0.1,0.04,0.02
z8PXk72E0U4,,,,,
D9YrxaUYtio,,,,,
S-s2VVz6mH4,중립,0.0,0.02,0.96,0.02
eu2hvn66Q8o,,,,,
dBKV3LggpVM,,,,,
QPGRF5qsnnY,슬픔,0.14,0.07,0.16,0.53
R9EtRlRfU1g,기쁨,0.88,0.09,0.01,0.01
yrBcSvlkdDc,,,,,
o8QROAl8rEU,,,,,
ptI2tkCC1DA,기쁨,1.0,0.0,0.0,0.0
tTgNBvg8xOQ,기쁨,1.0,0.0,0.0,0.0
vkWEk48IPUA,,,,,
4SBl--2A0v0,,,,,
FE1sLBqS2-o,,,,,
cHtzGGRzIC8,,,,,
TIFZv-EiiYA,슬픔,0.32,0.02,0.07,0.48
Kjyc74ajb8w,,,,,
HF7NvGdu7gg,,,,,
nTpcyt19zL8,중립,0.01,0.03,0.95,0.01
laorDiwhS6M,중립,0.06,0.04,0.74,0.07
R1D6EiwbkM8,슬픔,0.02,0.04,0.29,0.46
I2KbY2dDiKI,,,,,
NgoOTDbJYow,중립,0.01,0.25,0.39,0.27
O2eMNWegSPk,중립,0.01,0.29,0.38,0.2
94-b5CShQhk,중립,0.02,0.22,0.51,0.2
Cmq13p0egss,,,,,
6mAxa3kfY9Q,중립,0.01,0.05,0.5,0.41
csz3Ow_7VrY,중립,0.02,0.18,0.52,0.21
MSfRyNY2h-s,중립,0.07,0.17,0.58,0.15
WfNH2PEZTgQ,중립,0.1,0.28,0.38,0.19
7BuaersK2Js,슬픔,0.02,0.06,0.1,0.56
tPHM8Mp0SwA,기쁨,0.25,0.08,0.25,0.21
7Gl7HdLi0Js,중립,0.08,0.02,0.8,0.07
l2T9ehjVBaM,기쁨,0.81,0.13,0.03,0.01
SeT0Yg7pEpo,중립,0.02,0.1,0.69,0.11
ixOvED3or-8,중립,0.0,0.03,0.76,0.16
FN2tHzPtPgA,공포,0.0,0.04,0.23,0.08
HvLLSu6mQ00,분노,0.0,0.37,0.06,0.32
3w6ua2hmL94,중립,0.0,0.32,0.5,0.1
KW0oVil1X50,분노,0.0,0.53,0.36,0.05
xbevr_aISR4,,,,,
6ogUP-p9Nwk,,,,,
2sGw_SCh9Xc,,,,,
ekI5bgtAhjw,분노,0.18,0.34,0.21,0.23
R9EZi45eGA0,,,,,
b1XGfjtohfQ,,,,,
wGuqf8nE1UA,중립,0.12,0.16,0.61,0.07
1mkKpFRfev0,,,,,
QmwOFNySOSU,,,,,
2pduSIyqWho,,,,,
ZHe-Zvj_lS4,,,,,
RkJExYVqyvM,중립,0.05,0.1,0.54,0.05
DsAi9ESWr8w,,,,,
BinRyDnnefk,,,,,
GG-dAoen8bw,,,,,
RaFYpCavGyc,슬픔,0.22,0.02,0.11,0.62
b_DnTENuwrY,중립,0.19,0.1,0.65,0.04
iOspV3AbZnY,기쁨,0.52,0.01,0.23,0.2
93v57fTtEF0,중립,0.1,0.05,0.79,0.05
plX8WRCxZyM,분노,0.32,0.35,0.13,0.07
RcxkiYISgrc,기쁨,0.4,0.08,0.13,0.33
SzxYBa22aH4,,,,,
Dy2HfPRGrj0,,,,,
TdMMYghyrws,중립,0.06,0.09,0.51,0.31
Qr6A8FW5M5Y,,,,,
oAu9_7iwqTY,슬픔,0.0,0.01,0.23,0.6
c78MF4ftNqI,중립,0.0,0.04,0.86,0.07
y8nBZRVj10U,중립,0.0,0.04,0.47,0.34
sPXBs-cStD4,슬픔,0.01,0.09,0.35,0.48
MWAZTAG3bDE,슬픔,0.0,0.05,0.35,0.52
Ran1m4f9la8,슬픔,0.0,0.06,0.35,0.36
4emdAK2Afd4,기쁨,0.67,0.07,0.21,0.02
SScNHxc5EuY,,,,,
FDPc2qD4-6Q,공포,0.19,0.1,0.06,0.08
h4Zxzgs7Z7Q,중립,0.21,0.19,0.31,0.25
625uKUtstkE,,,,,
np3Tc5EJBjk,놀람,0.05,0.21,0.07,0.0
I97TC15T_Kg,기쁨,0.66,0.0,0.02,0.0
2JDoZAuAx9g,기쁨,0.66,0.0,0.19,0.01
c4iIxqFoixM,,,,,
kEwMsoLlTRo,,,,,
GijOGTDsK-E,슬픔,0.02,0.08,0.18,0.68
3vdp7iScbUg,,,,,
3q4EISxy1m8,슬픔,0.0,0.01,0.07,0.79
47Noliboj8g,분노,0.1,0.48,0.34,0.04
Hn0alRLxeZI,,,,,
2sy3wtQRmtI,,,,,
iI2CbUCJ3y8,,,,,
e59E4wRHRGA,,,,,
NVYOp962w2s,슬픔,0.07,0.14,0.29,0.36
jwM7g7LMMks,,,,,
BxTwy3WIDec,분노,0.1,0.46,0.14,0.17
STctxk4_B4s,,,,,
iGTImMz3Xbk,,,,,
BAdY2cU4J7o,슬픔,0.06,0.23,0.2,0.41
3aN0f479Uoc,분노,0.0,0.65,0.0,0.2
7xY5aqdgo5w,슬픔,0.0,0.03,0.14,0.75
RAHhMkhSwec,슬픔,0.0,0.12,0.11,0.52
wQycwggH9bA,중립,0.01,0.07,0.49,0.38
mdcD-_LK7jQ,,,,,
Dv0HxOYhrT4,슬픔,0.0,0.11,0.1,0.58
IP7bT6iZ29w,슬픔,0.0,0.02,0.17,0.65
FJUMQF6EtLs,,,,,
hk3klstfVUs,슬픔,0.02,0.02,0.13,0.62
hO4Ep5EuwdA,슬픔,0.01,0.01,0.27,0.66
j-LadYcYTc0,,,,,
FmPrWn2pHZk,분노,0.02,0.37,0.04,0.3
2bZke0mgd0Q,분노,0.0,0.56,0.05,0.09
2tgapKLuHTI,중립,0.0,0.19,0.67,0.06
w1tcyZNvfYg,기쁨,0.69,0.03,0.14,0.0
SxxebUz6iSs,기쁨,0.39,0.08,0.14,0.0
I91-_OG3iK4,기쁨,0.39,0.08,0.14,0.0
_hqN0zj20Ls,기쁨,0.82,0.02,0.08,0.0
9eZUJZBozOI,,,,,
zZSlqpHQkG4,,,,,
dJvqnNpLevo,,,,,
qpMxwnH28xw,,,,,
r6wxCA5Sz9Y,기쁨,0.4,0.26,0.04,0.07
e5HqGm91UbU,공포,0.0,0.16,0.06,0.1
WIICg1XWzEE,중립,0.03,0.03,0.88,0.05
qfMLXg2CIcI,중립,0.09,0.04,0.49,0.31
FO5_PAFDgr4,,,,,
Xed8ej_6kMQ,,,,,
zbH_P-nVq-I,,,,,
tOgPxiMGWDE,슬픔,0.0,0.05,0.32,0.33
P0iwL8ZnAfM,중립,0.02,0.01,0.55,0.35
9xE9g6zVRQM,기쁨,0.8,0.03,0.02,0.01
9ne-NOHuObc,중립,0.0,0.41,0.43,0.13
HnWvDYBT7F0,슬픔,0.01,0.13,0.11,0.67
WRL42oQbtVA,중립,0.12,0.11,0.32,0.2
XEmcJUHh4fo,중립,0.01,0.01,0.94,0.03
DvoLngTLzSw,기쁨,0.91,0.0,0.08,0.01
ds4AoOVbBic,,,,,
TH-5MwnJoaI,공포,0.05,0.09,0.17,0.22
0IStXXEpHPU,공포,0.01,0.01,0.21,0.1
h0FB7hcFr6U,중립,0.02,0.08,0.85,0.03
9czeqG0GetQ,슬픔,0.01,0.02,0.01,0.84
AddAUUpDcsA,기쁨,0.58,0.01,0.37,0.01
8KQ_UKY-tC4,분노,0.0,0.98,0.0,0.0
wekaqGvhl1w,기쁨,0.7,0.01,0.24,0.04
SluRmM8drU8,기쁨,0.92,0.01,0.05,0.02
D6DMMLg0nQU,중립,0.0,0.35,0.39,0.23
LvXZehiThek,,,,,
i1WXUj1mClY,기쁨,0.91,0.0,0.08,0.0
7JCJUsjFtSg,기쁨,1.0,0.0,0.0,0.0
W-rNZmJY_fg,슬픔,0.01,0.04,0.3,0.5
zqQyjBcQvm4,슬픔,0.03,0.05,0.08,0.75
1mqzqiDj6jk,,,,,
Kc3eYrg9nus,슬픔,0.0,0.06,0.12,0.76
Z7Tbja5zito,슬픔,0.0,0.06,0.12,0.76
EzSFSrN9vTU,슬픔,0.0,0.04,0.06,0.72
YdyKMbotqfk,,,,,
ltVT5BwmGQg,,,,,
LRPmXIiFEno,슬픔,0.2,0.16,0.2,0.29
ga_NYdUG4do,,,,,
CD7ymRt2aS0,,,,,
qbYj51DLdOY,슬픔,0.0,0.02,0.07,0.86
hqEtipen5hE,슬픔,0.01,0.0,0.09,0.89
HjYf3MvQtxo,기쁨,0.97,0.01,0.02,0.0
UGy_5Vr5QsE,기쁨,0.93,0.0,0.04,0.02
5WVvDmBfExM,기쁨,0.98,0.0,0.0,0.01
01dpzVaWHPI,슬픔,0.01,0.1,0.01,0.45
7IYFvgqibpo,중립,0.2,0.01,0.59,0.06
IKyKrSdt2MU,기쁨,0.92,0.01,0.01,0.04
9eA1sSjTJbU,슬픔,0.02,0.2,0.04,0.44
d0z0ZLaNCYE,분노,0.0,1.0,0.0,0.0
H7jQi-TMego,,,,,
9UEscjX_2oQ,중립,0.04,0.01,0.87,0.04
vzjktil2UtQ,분노,0.0,0.5,0.06,0.18
qFZpxIFRTFU,,,,,
STWhipRg-0Y,중립,0.01,0.19,0.45,0.31
8a2F_c3hK58,중립,0.01,0.14,0.53,0.3
sUjwrxiLR4E,분노,0.02,0.33,0.12,0.3
qWRmBmseY9k,분노,0.13,0.33,0.26,0.13
GHsCz5YaADo,중립,0.06,0.07,0.74,0.06
w_RkJysWASw,중립,0.07,0.04,0.83,0.03
ajxWXs1eR5U,슬픔,0.0,0.3,0.15,0.54
vEejqtfTtgg,슬픔,0.0,0.16,0.17,0.66
1KUWZLBUV8U,슬픔,0.02,0.11,0.16,0.6
ZkAl8pR_5O8,기쁨,1.0,0.0,0.0,0.0
OYmVvE0WXVE,중립,0.0,0.01,0.98,0.01
fJ3UOANa2o8,기쁨,0.76,0.0,0.2,0.03
uBQJtkyMfgc,기쁨,1.0,0.0,0.0,0.0
WsIvDioWjR0,중립,0.14,0.09,0.43,0.12
sSZTthJG_L8,중립,0.25,0.05,0.35,0.31
vLwdt4jmn0Y,중립,0.0,0.0,0.97,0.03
fWwJjIg1DB4,중립,0.08,0.02,0.46,0.44
aEfnHO1Rx04,,,,,
TBfLqesjW0Q,중립,0.11,0.01,0.75,0.07
NDPdl8oBp1U,공포,0.09,0.02,0.12,0.14
nROHBbb7D4A,중립,0.0,0.13,0.73,0.05
HDJmru8AyfQ,중립,0.0,0.01,0.65,0.31
-uh7gGVBucA,중립,0.36,0.01,0.55,0.04
CKpFaF-e68Q,중립,0.17,0.05,0.42,0.13
QRZysfNO3pg,슬픔,0.0,0.13,0.01,0.55
qiikNBFSjhg,,,,,
u7f2XbiPIQg,,,,,
jSqi-79u0Mw,,,,,
bqThrwhxy78,,,,,
Efua_GWdpW0,,,,,
FAnQgMrk4l0,,,,,
DP670u9ix_c,,,,,
EphYxSKLPL4,슬픔,0.02,0.3,0.09,0.31
Mc7HgS2pPeQ,분노,0.0,0.83,0.01,0.05
TF4L_z6Zv7A,,,,,
XrV5BmogUdU,,,,,
fI3IEpf4nIc,,,,,
fLAcvBNF0U0,공포,0.01,0.05,0.1,0.41
fO8Zx9jEVbA,중립,0.01,0.04,0.51,0.38
YSl6CvhWy5I,,,,,
32o2cGZ0MlA,,,,,
3uKeKkI3Ht0,놀람,0.13,0.02,0.27,0.09
zE0LVGgcgxA,분노,0.0,0.99,0.01,0.0
v2c7vHraiDI,,,,,
wjwscYUmMro,,,,,
iuDOTqtnDh8,,,,,
0E2jSo-Oecc,,,,,
AVHt--blSJg,놀람,0.33,0.07,0.02,0.11
Exuj4RUgXjM,기쁨,0.32,0.18,0.23,0.16
W_WaRSssojM,슬픔,0.4,0.05,0.04,0.44
9nfIVZYf-_s,,,,,
Q8e8K6lF3lM,,,,,
Bv4YGbNnW5E,,,,,
fLp9SNFOjhA,,,,,
dnjfjnRHwq4,공포,0.02,0.23,0.2,0.25
l90V1P2dfQQ,중립,0.23,0.2,0.25,0.19
t44DBuz7-kE,,,,,
1s-B74PsrMA,슬픔,0.2,0.02,0.24,0.33
vqaDudKPG_4,놀람,0.05,0.03,0.22,0.21
i20euYREpRc,,,,,
7eRQW05u4cA,,,,,
5YWQh4zDg8g,,,,,
WlIn6T7KaSM,슬픔,0.01,0.05,0.28,0.58
SZDjXeXk5O4,,,,,
-02GpzhiwBU,기쁨,1.0,0.0,0.0,0.0
yeH3yzEr1aw,공포,0.04,0.07,0.1,0.25
-LY3FKa90lQ,기쁨,0.61,0.0,0.38,0.0
jTM_HSSphNE,슬픔,0.18,0.01,0.31,0.38
WRzEsEtcILs,기쁨,0.76,0.0,0.0,0.01
caWAbvX-wRc,,,,,
nAN2AZS0egY,,,,,
O7pFKcN58W0,,,,,
QYEGqoMRP-I,,,,,
k6_uDzFyuC8,슬픔,0.24,0.06,0.11,0.36
L56hM-L69S0,기쁨,0.78,0.02,0.1,0.01
OEvZSmKjhN8,중립,0.01,0.01,0.46,0.17
hU0Bjvrlurc,중립,0.29,0.01,0.43,0.09
8LJU6FnOaJk,,,,,
ufjtaVKAahs,,,,,
AfCgsI1TRoI,,,,,
uDmMgkSxLJk,,,,,
mD2d-J1kmfY,,,,,
RqeMfTmslrk,,,,,
1bS8CeUBHdk,,,,,
zUOWAuholF4,,,,,
Pr3OgCd7RK0,슬픔,0.29,0.22,0.07,0.39
FsVqUCwH3EQ,공포,0.21,0.21,0.05,0.15
vpTnXc6zgMg,공포,0.21,0.21,0.05,0.15
3oDZdbA21rk,기쁨,0.39,0.01,0.1,0.36
7-Tr-OoUbX4,공포,0.21,0.21,0.05,0.15
PRZxQjpIApE,공포,0.21,0.21,0.05,0.15
bRVRsOOi2J8,공포,0.24,0.2,0.05,0.15
ejd7HhPMZiA,공포,0.22,0.2,0.05,0.16
ItOQDEDTJ38,공포,0.22,0.2,0.05,0.15
8hFtw-SLSLY,공포,0.24,0.19,0.05,0.15
UBC7PFjDsuA,공포,0.22,0.24,0.05,0.1
WoBoH86SvDI,기쁨,0.99,0.0,0.01,0.0
iYBgpmxic0k,,,,,
DDGQpKkHWp0,,,,,
G58_02YjGiA,,,,,
HkBZ3eKRc4M,슬픔,0.0,0.2,0.08,0.65
M9SXFtEv-OI,혐오,0.0,0.23,0.0,0.1
hVxVdsG8uzE,,,,,
Qd9_HYtJ6ho,,,,,
WITW-Q9woLM,분노,0.0,0.79,0.04,0.11
NJet67VWFXA,공포,0.01,0.23,0.3,0.06
B9mbl4HvWK0,기쁨,0.98,0.01,0.0,0.0
SGtS-BLU4D4,슬픔,0.0,0.05,0.03,0.7
neac5D4mzQY,중립,0.03,0.19,0.49,0.27
tWBfFrvF1iM,기쁨,0.94,0.0,0.05,0.01
BTEtvcecGdE,슬픔,0.07,0.06,0.35,0.4
QTA-CzQ9LZg,기쁨,0.98,0.0,0.01,0.01
dWf6CmUWW5s,놀람,0.09,0.08,0.02,0.2
M7wPbjysyJA,중립,0.3,0.1,0.37,0.1
CrevQJBkvig,중립,0.29,0.04,0.62,0.04
XxtcRC6ZTOw,,,,,
PezzuDm75Zs,기쁨,0.99,0.0,0.01,0.0
VTcnk9UnJJE,,,,,
600y9dtoWEo,,,,,
lWGMBIFbX_k,,,,,
lpSHlP1VDKw,,,,,
PP0sFfj-ZkQ,,,,,
qDgxtqnVLhE,기쁨,0.37,0.34,0.03,0.11
oXGrXhipi54,중립,0.0,0.11,0.5,0.11
u1jU-ad7r2g,중립,0.2,0.02,0.7,0.06
caBZsh9ulME,,,,,
QCbAmSjP_PU,,,,,
OyVyQCQ8LM0,공포,0.0,0.01,0.0,0.0
J7YjoqBobDk,기쁨,0.52,0.1,0.07,0.05
qOJCQtoAHyg,놀람,0.04,0.07,0.17,0.11
qG4p2VjKrt4,분노,0.26,0.51,0.05,0.17
HnuD_UGDNW8,놀람,0.07,0.03,0.07,0.09
dVWjza4mi3I,놀람,0.08,0.04,0.15,0.1
yozbm22kwjk,중립,0.01,0.03,0.87,0.09
UUiHYGMd2-c,슬픔,0.01,0.05,0.14,0.51
YSQTllZvJFA,슬픔,0.01,0.06,0.3,0.6
1yiKCJg-x5A,슬픔,0.0,0.06,0.3,0.3
0D1i2H9KNbI,놀람,0.0,0.01,0.02,0.16
WaWA46trG6I,중립,0.0,0.01,0.93,0.05
56Tfd9aAcIE,슬픔,0.0,0.11,0.17,0.68
ojdv4kcEXPU,놀람,0.0,0.0,0.0,0.05
aaE_PEecIh8,중립,0.02,0.07,0.68,0.17
IfRD_vVx0OI,기쁨,0.94,0.0,0.0,0.0
IlTvDqk5oH8,기쁨,0.57,0.23,0.03,0.12
U4px3SPM41o,,,,,
tgTKmW8G8jI,,,,,
DIdfceGELU0,,,,,
p1QIU3RyuDk,,,,,
2c4Dhd-RkvI,중립,0.0,0.05,0.4,0.38
Qu83apXUnOY,,,,,
Fq1PLJx1THM,,,,,
npERMLIUYNI,,,,,
KhTfIzEd_qU,,,,,
yXj0lt3qu0U,중립,0.03,0.06,0.65,0.22
MJDtveAviLA,기쁨,0.71,0.02,0.24,0.02
hTwkMZ4Uwdw,중립,0.07,0.04,0.8,0.08
LzvD8nzyRvc,슬픔,0.05,0.01,0.21,0.66
dMInqiqohQE,기쁨,0.99,0.0,0.01,0.0
SjwDYXQZUVc,기쁨,0.96,0.0,0.03,0.0
ZOBVo2pCZm8,기쁨,0.72,0.06,0.02,0.13
IK64t4tuGQY,놀람,0.01,0.03,0.09,0.06
2lMHcVVxg3Y,분노,0.15,0.24,0.18,0.21
C6zvYAarg1w,,,,,
5PG_epZLie8,기쁨,0.98,0.0,0.02,0.0
A_sl7dVgjFY,,,,,
6ME36rpgDRc,기쁨,0.95,0.0,0.05,0.0
wURl9tSShbM,공포,0.12,0.3,0.04,0.18
R-owQFo8NoY,기쁨,0.7,0.06,0.22,0.0
4xXTAbwKVoM,기쁨,0.86,0.0,0.13,0.0
Im0oFH-oNuc,,,,,
E4LQhAbx3uk,슬픔,0.02,0.09,0.13,0.46
FJy6A_VkjyA,기쁨,0.96,0.0,0.03,0.0
5jMPuj5WKSo,기쁨,0.71,0.01,0.2,0.05
sartdcJO08I,기쁨,0.45,0.02,0.19,0.02
I2TiByTPPyA,기쁨,0.52,0.05,0.01,0.34
uzVGT-ASYRI,,,,,
BsVrXtHhTbw,공포,0.0,0.31,0.05,0.09
BQbJKuBY7Ds,,,,,
9aNTuSA8mFs,중립,0.09,0.06,0.61,0.15
USZV3L2AN-s,,,,,
E9IIzzpdJiY,,,,,
bGgG5Hqb1nE,,,,,
Kl7gCqvwYyg,중립,0.28,0.07,0.62,0.01
9NYjbPJWOSE,중립,0.22,0.05,0.69,0.03
ycx_R4warzE,기쁨,0.51,0.07,0.36,0.01
kULUuFWigSQ,기쁨,0.63,0.0,0.34,0.01
KRMxCI592o0,기쁨,0.33,0.03,0.24,0.14
A-tK-6SqBDY,기쁨,0.33,0.18,0.1,0.09
N-UQQAT9bj8,중립,0.01,0.06,0.71,0.14
auZyRIX5AmU,,,,,
1qCBMjV3Jb8,중립,0.0,0.06,0.52,0.34
EFdfBLw3ezM,슬픔,0.0,0.09,0.14,0.48
ZH2Mzs3x6bY,,,,,
ykYbkRUirWk,,,,,
lj4Fo6agcZs,기쁨,0.82,0.01,0.05,0.06
hy8ugca3978,,,,,
6dhgHkTRJ-E,,,,,
uKN0ClCKfPI,놀람,0.0,0.01,0.0,0.0
dywaddm3HW8,슬픔,0.0,0.01,0.43,0.56
xM5P98246-k,기쁨,0.84,0.0,0.07,0.06
JMaTdPSoIV4,기쁨,1.0,0.0,0.0,0.0
0EgHV6O2fNo,공포,0.0,0.4,0.02,0.11
l6OFinrSn34,슬픔,0.0,0.0,0.01,0.99
J43IVMuFEy0,기쁨,0.83,0.02,0.04,0.09
ceK1q1bDgDc,슬픔,0.0,0.01,0.08,0.89
aICB8uZKSEs,중립,0.05,0.15,0.56,0.17
Zy7iD8siEeo,,,,,
A8LpXYLa4hM,중립,0.0,0.03,0.85,0.1
BZRlAIAVtEw,분노,0.01,0.75,0.05,0.01
FkQaF8xi2Wg,공포,0.0,0.33,0.0,0.17
XaNgadXXATY,분노,0.01,0.58,0.06,0.05
h9C_ZPBuyW0,,,,,
jKqDHMN7ufU,,,,,
hUMf7KRXNHQ,,,,,
OkMMdtywK8c,슬픔,0.0,0.03,0.05,0.81
tOSTvkqOlXc,기쁨,0.93,0.01,0.07,0.0
waYanoLN-hI,중립,0.09,0.01,0.89,0.01
QJUhDFXWO5Y,기쁨,0.53,0.0,0.41,0.05
p1sALQDieGA,놀람,0.28,0.12,0.01,0.03
xwjPeUdS9mU,중립,0.01,0.01,0.91,0.03
tarTpfUlHhI,중립,0.03,0.01,0.75,0.02
TwspAnZMPDs,기쁨,0.69,0.02,0.05,0.01
fS0DsqZnOxI,기쁨,0.58,0.1,0.04,0.1
XIOHnmjbxEQ,분노,0.0,0.58,0.11,0.27
XOLlhBObJMM,기쁨,0.81,0.09,0.0,0.02
FXeTdHAYlU4,,,,,
kCgIup4gMhU,기쁨,0.98,0.0,0.01,0.0
WVGFQhQOhlA,슬픔,0.29,0.06,0.22,0.3
0JRzV8Ubopg,,,,,
DU8maIsOYC4,슬픔,0.09,0.28,0.06,0.35
5Qaxc42Z3Tk,,,,,
zxVH4nWqc-A,슬픔,0.07,0.3,0.16,0.32
i8haw6AP89w,,,,,
VhYkvqM1yiU,,,,,
aUPu8gwwMgc,분노,0.01,0.53,0.03,0.24
hHgzMFm2jIw,공포,0.21,0.15,0.02,0.02
0JRp7o7J_CE,중립,0.02,0.07,0.51,0.24
CRAC4ZTc3Ww,,,,,
GyCtPkqQCZU,,,,,
grTPBOH6jgo,놀람,0.0,0.03,0.33,0.08
ZvsQo4fFVys,,,,,
71IVo4ukvPk,분노,0.21,0.53,0.18,0.04
XG0eDzNfAB4,,,,,
V7BPZk5pe1M,,,,,
fuXzy_Qa5Bg,슬픔,0.0,0.03,0.43,0.49
zwyMqVLjcLM,기쁨,0.7,0.0,0.07,0.0
WG6ab7k9CUo,슬픔,0.04,0.1,0.11,0.6
nR_iXyzRyuk,슬픔,0.32,0.05,0.17,0.39
BfbKs_fP_ZM,,,,,
oXTqwwi2SAU,중립,0.02,0.16,0.38,0.06
3-WkF_mQ1UA,공포,0.06,0.2,0.15,0.12
FtJp3Sl0qbI,공포,0.01,0.08,0.05,0.24
lQK_QG2Ustc,분노,0.18,0.44,0.03,0.01
f1EJBndtBRs,중립,0.02,0.03,0.3,0.18
FiiDKNrqRbo,분노,0.15,0.35,0.04,0.34
8w6WKTo-tZM,,,,,
9lnR7lNO8pA,중립,0.22,0.01,0.69,0.03
v1FksycfAFE,,,,,
dW8sjplY858,슬픔,0.0,0.21,0.12,0.5
VdjdgR8vPhA,중립,0.0,0.11,0.75,0.11
BsXxrluhHPs,중립,0.03,0.28,0.42,0.18
xo9Oh0uHWp4,중립,0.36,0.02,0.6,0.02
_454XhyCL88,공포,0.0,0.2,0.02,0.07
-dJjuKtLQkk,분노,0.02,0.36,0.36,0.08
DTTFj-cL1kU,,,,,
WfCKcchxaRQ,,,,,
Sj8xrz_fXCE,슬픔,0.22,0.04,0.07,0.59
Zc_E__WwHp4,공포,0.28,0.09,0.27,0.04
iPNO8elc-js,기쁨,0.8,0.05,0.11,0.04
pW_cGQtuJQ8,,,,,
xTB5LrQ_sw0,기쁨,0.48,0.02,0.2,0.06
YXOsIF5riAk,,,,,
9u2vP2jnbyA,,,,,
pjKAanAWP8g,,,,,
sfTUzobhawI,중립,0.09,0.03,0.71,0.06
5HGvAFIVPIU,중립,0.07,0.38,0.41,0.11
MiIdw99WV4o,,,,,
_7QaTcN9gig,슬픔,0.04,0.07,0.1,0.42
5xX8joAqoiM,,,,,
WE-ZkIz7eOA,기쁨,1.0,0.0,0.0,0.0
kIjymYS68Ps,중립,0.01,0.02,0.9,0.04
gVry0VNjOIM,기쁨,0.46,0.04,0.44,0.05
EVU4meKQoMs,중립,0.01,0.02,0.89,0.07
TQscSKKNWno,중립,0.02,0.0,0.93,0.02
D3jnlvt77_0,중립,0.07,0.13,0.65,0.11
GAQavEkWD-g,슬픔,0.0,0.21,0.31,0.32
ZCUZAjG8QGA,중립,0.0,0.03,0.79,0.15
aAIHXhP9dFY,공포,0.01,0.14,0.24,0.27
-mcOIDllqKo,중립,0.0,0.1,0.44,0.28
Hx6ZjsvwMjA,중립,0.1,0.07,0.48,0.34
c5DG_zYW7go,중립,0.41,0.0,0.59,0.0
TmRhD5H1VYo,중립,0.0,0.06,0.54,0.39
FtQ8jDXz8-0,,,,,
wtaV9--EWi8,슬픔,0.0,0.03,0.23,0.63
91805E9y-f4,중립,0.2,0.07,0.26,0.05
wHDgjCF8fbY,놀람,0.02,0.05,0.04,0.01
QdMyZx7FXww,기쁨,0.52,0.08,0.18,0.05
mAEe4NYUl9M,놀람,0.02,0.05,0.04,0.01
MH1MYgce4fw,놀람,0.0,0.02,0.08,0.04
jbhhkPZVbuc,공포,0.02,0.13,0.04,0.07
msrXUkollEo,공포,0.05,0.02,0.06,0.08
ReVLrIlRCZ8,중립,0.01,0.06,0.55,0.36
zyTj-uWaC8g,놀람,0.05,0.04,0.19,0.04
Msnu659k-xU,중립,0.0,0.0,0.52,0.2
ScTP9nV0Bt8,,,,,
GE-540B_lck,,,,,
Y1ESyI7hxa4,분노,0.11,0.72,0.06,0.0
0DIvZIy98bo,,,,,
coEa14L7vak,,,,,
7jnQ9xmPing,중립,0.07,0.03,0.72,0.08
9uh8vTG3urY,기쁨,0.54,0.28,0.05,0.09
wON9xOVY6u8,기쁨,0.79,0.08,0.03,0.02
meSCyhzWh-I,기쁨,0.72,0.08,0.06,0.04
e5aOyotkOUg,,,,,
TQUCo3Dvn9k,기쁨,0.44,0.03,0.08,0.08
ecfoqLQLztQ,슬픔,0.11,0.07,0.19,0.37
piPyYG53PT4,기쁨,0.88,0.02,0.01,0.0
SjWANMqpP8A,슬픔,0.0,0.09,0.17,0.6
iavVylrSgdM,슬픔,0.0,0.29,0.27,0.38
Ne7ai5L2cMs,놀람,0.01,0.07,0.32,0.06
zFxxiuH4yYY,중립,0.1,0.03,0.68,0.13
x7Vlc5c4pTU,분노,0.16,0.41,0.13,0.14
6VDEeu62row,슬픔,0.0,0.23,0.21,0.51
pqKyFLH7j24,놀람,0.0,0.0,0.0,0.0
flApGstyMZY,놀람,0.0,0.0,0.0,0.0
FZJidpn3N7k,기쁨,0.82,0.03,0.08,0.05
nOwbthAgPes,슬픔,0.0,0.26,0.01,0.57
-WzbDIDGK1w,공포,0.0,0.0,0.0,0.0
_EH9EdcBzmQ,중립,0.06,0.02,0.89,0.03
btdx7S4HRzE,공포,0.0,0.0,0.0,0.0
5lCOeqpYdkw,기쁨,0.99,0.0,0.0,0.0
vRqGY5Xcdd8,슬픔,0.01,0.02,0.02,0.5
x8SXqwJOO6M,슬픔,0.01,0.04,0.22,0.69
ob2LwHTH5N0,기쁨,0.74,0.0,0.23,0.02
CNDs-HRVqtY,슬픔,0.0,0.02,0.0,0.9
5YlFSVC7AOU,슬픔,0.01,0.07,0.06,0.63
kOXo8b6vFow,슬픔,0.0,0.11,0.01,0.5
E8nFg5fs1xY,슬픔,0.0,0.19,0.03,0.65
qwNmRLX0AyY,슬픔,0.0,0.15,0.01,0.66
0Th814C-GpQ,기쁨,0.81,0.0,0.15,0.0
OyqSQoxUMyg,중립,0.01,0.17,0.33,0.15
7lUMgxU7qn4,슬픔,0.03,0.03,0.26,0.4
aeMZn8bN5tA,중립,0.11,0.09,0.28,0.05
WqbDsq3Ef2Y,중립,0.01,0.02,0.83,0.12
ebZJN-jkUbw,기쁨,1.0,0.0,0.0,0.0
ZtYGsCdrQaM,공포,0.06,0.14,0.21,0.15
h023ggUkk4Y,중립,0.18,0.02,0.73,0.06
P-ORYoMVpQA,기쁨,1.0,0.0,0.0,0.0
9Ru_VMZ3wuY,놀람,0.0,0.04,0.19,0.31
2IV9ouWzwAw,슬픔,0.08,0.1,0.04,0.49
GXlpU1uF8Wc,기쁨,0.68,0.08,0.01,0.05
K8_XDE5nKK4,중립,0.28,0.03,0.48,0.17
uQNkpJVXcSs,슬픔,0.0,0.15,0.02,0.67
5CpEgJ1kv5Q,기쁨,0.96,0.0,0.03,0.01
hiHtGwAQsBI,기쁨,0.59,0.22,0.15,0.04
jef8V8gFitk,,,,,
HiqHSWae5JY,슬픔,0.0,0.31,0.03,0.34
jK8h48wHpds,,,,,
X6uwHpz4k7c,,,,,
r1GMR-tNDvY,중립,0.01,0.05,0.75,0.17
pEwRnxgGDM0,공포,0.18,0.14,0.11,0.25
tAmt3bfzOFs,기쁨,0.84,0.01,0.1,0.03
AliefUtud14,기쁨,0.88,0.02,0.04,0.01
lv1S6YwTv3w,,,,,
Fii75l4Mvzg,슬픔,0.01,0.14,0.12,0.56
nl2AI2VXuDc,,,,,
XRprgg-KW98,슬픔,0.0,0.02,0.39,0.48
sCka99GiF0k,슬픔,0.18,0.06,0.14,0.53
U9M2hujJ_x4,공포,0.14,0.08,0.18,0.25
kBPWcXvdlpk,슬픔,0.0,0.01,0.19,0.73
YkRHQn8S8zE,슬픔,0.01,0.05,0.32,0.41
GoUsOOo8-ZU,,,,,
QpdzNwdlsho,슬픔,0.03,0.13,0.11,0.37
gjsf5EYkfAc,슬픔,0.0,0.04,0.29,0.66
WfINHQKyJOk,슬픔,0.04,0.11,0.02,0.65
bupDdBYQU-U,,,,,
WrE6SViPqiE,중립,0.04,0.08,0.56,0.23
EPzzzkjYSQ8,슬픔,0.01,0.02,0.16,0.43
NeQfV9VZBi4,중립,0.02,0.15,0.63,0.11
JaGkbC_QF8A,,,,,
SoSwMPLBlM4,분노,0.05,0.87,0.03,0.05
HODoBSweSj0,슬픔,0.0,0.17,0.03,0.68
KhXKG_6mB_o,놀람,0.0,0.05,0.11,0.2
qKAV-T3yzRU,슬픔,0.0,0.01,0.0,0.9
xhbiWBPkHcE,분노,0.0,0.71,0.06,0.08
TLDdVmkJ34s,슬픔,0.01,0.13,0.29,0.46
HpkvofVXWak,분노,0.0,0.48,0.06,0.25
xw_x3oR2Nuw,중립,0.0,0.26,0.44,0.2
cI0N0_lXPZI,중립,0.35,0.04,0.55,0.06
3mEllxZyOUI,분노,0.0,0.7,0.16,0.08
DvcygTKC3Hc,중립,0.0,0.36,0.48,0.1
5dYXZkfD1Uc,기쁨,0.94,0.0,0.01,0.04
FjVX_uvpyWA,분노,0.06,0.46,0.16,0.07
-ZQNUD8Pobc,중립,0.04,0.15,0.41,0.36
GzI5HfwhAfM,분노,0.0,0.43,0.41,0.05
5yltpggOjNo,놀람,0.0,0.2,0.23,0.06
VxWqRi4dpOo,분노,0.0,0.35,0.13,0.3
xORnpIdP3Qg,놀람,0.01,0.01,0.0,0.0
YjUiag8R0_A,분노,0.0,0.89,0.01,0.09
um6yCrOyIV0,,,,,
L-Zax2IgMJM,슬픔,0.0,0.02,0.08,0.72
kpQj4NR9aKQ,중립,0.04,0.05,0.88,0.01
iFF_Jp3XfYA,,,,,
UD3O5P3wYsg,,,,,
_HKLDOmSOag,,,,,
vRgen6qzAto,기쁨,1.0,0.0,0.0,0.0
d-SxY_2zYAA,중립,0.01,0.1,0.53,0.26
28FiY8My34Y,중립,0.01,0.07,0.53,0.16
DoKGuG6pPLI,분노,0.04,0.52,0.13,0.12
mjKWkQ4vGc4,공포,0.0,0.2,0.07,0.18
PaRFAqDf0-g,중립,0.03,0.01,0.9,0.04
uI0FiIfqXb0,중립,0.02,0.24,0.62,0.07
6ITLKvhSjok,중립,0.0,0.0,1.0,0.0
zFJDZPaIoPs,공포,0.02,0.05,0.03,0.4
0ELDu0NYrlk,슬픔,0.01,0.17,0.04,0.51
wzZHxtvjCs8,,,,,
i5ZNcV27d44,중립,0.03,0.0,0.95,0.02
nUQQ_2-bY4U,,,,,
36XSUkqh1QI,,,,,
FNXFYTIXxdw,기쁨,0.66,0.04,0.09,0.2
v9Xqr0x3qjg,,,,,
EwqPkTkOX1I,,,,,
N8g2mjk53q4,슬픔,0.2,0.15,0.16,0.45
xnaucNjdfp0,,,,,
hQRQWyK3OXE,,,,,
FfRSJ34jnUY,기쁨,0.44,0.04,0.11,0.18
FbaxMZDDHJw,기쁨,0.98,0.01,0.01,0.0
s_s5rIK3cy0,,,,,
WMqq_mx-Kzw,공포,0.01,0.17,0.11,0.08
la1SsLUX2og,,,,,
Iz0bOTZrnhM,슬픔,0.15,0.2,0.1,0.37
0kfoTaeJwq0,분노,0.08,0.47,0.21,0.05
XzO9WvZNggw,기쁨,0.81,0.0,0.15,0.03
UX82SjZeq5E,,,,,
GGn6CosM0do,,,,,
qzSCfexxuXs,기쁨,0.99,0.0,0.01,0.0
_XI-iQwNlbc,기쁨,0.98,0.0,0.01,0.0
RUmbzUj_QFY,기쁨,0.43,0.17,0.12,0.09
RIA11d9XqVo,중립,0.06,0.02,0.85,0.02
MUnA_TpvEng,중립,0.32,0.08,0.57,0.02
7B5-nbwa8k4,중립,0.2,0.06,0.52,0.1
cr0eV0LgMUI,,,,,
WIdXXY9CdkI,중립,0.02,0.01,0.58,0.06
1wILTRtrooo,,,,,
khqUV2gkoc8,중립,0.05,0.28,0.41,0.25
bR5-mniJcgE,,,,,
0uCUs1qO1-g,슬픔,0.03,0.07,0.14,0.67
tSH17aJe-K4,슬픔,0.0,0.05,0.01,0.9
WXne0rBeH6I,,,,,
w5ml583EjKM,,,,,
_uQsBtpgFts,중립,0.01,0.01,0.57,0.09
kN4NVL9lv7c,공포,0.02,0.18,0.25,0.19
ZbWV3abucFk,중립,0.01,0.14,0.39,0.33
WnRju654xRE,,,,,
If2ZVCCa-Y0,중립,0.0,0.15,0.59,0.18
zE1ypgeFdb4,기쁨,0.63,0.13,0.08,0.06
PPynxxV82mI,슬픔,0.0,0.11,0.23,0.47
VAmBrkdKXK0,기쁨,0.77,0.03,0.11,0.07
ejissgumejY,공포,0.01,0.09,0.11,0.2
W0rOQ8KiqLs,기쁨,0.79,0.0,0.17,0.03
P6hYH2GnXxE,기쁨,1.0,0.0,0.0,0.0
F8LXY4DNU-k,중립,0.15,0.06,0.63,0.13
AmTG5WOmQtw,중립,0.23,0.03,0.53,0.2
NZ_e76po_bc,기쁨,0.45,0.05,0.08,0.28
svCIS0OgOpg,기쁨,0.29,0.2,0.08,0.15
yChdTOpgQ8c,,,,,
hvxcwxiz8vU,기쁨,0.26,0.14,0.16,0.19
lcArbDOUJlE,,,,,
Y037VNV9nbg,,,,,
lfNUuFP7qrA,,,,,
qfXFnfGic4s,,,,,
cgpNwGoapeo,,,,,
8YrbyF7INts,슬픔,0.12,0.16,0.13,0.3
eT1c7mtV9xM,,,,,
etmfuvcGcT4,,,,,
99oWR8WUhXA,슬픔,0.14,0.07,0.06,0.6
bH7lZp7eaXU,중립,0.0,0.07,0.8,0.09
Z_gZtap-iX4,슬픔,0.04,0.06,0.15,0.64
v0AnNdXU5_4,중립,0.0,0.01,0.98,0.01
hKKMgqtnxMU,중립,0.29,0.03,0.59,0.08
7yUigzM4WNQ,중립,0.0,0.07,0.85,0.06
zBtlv9J9Ueo,중립,0.0,0.02,0.77,0.16
KLeoxD2MXS4,중립,0.01,0.02,0.65,0.26
1xpx0aZ1Cao,중립,0.0,0.02,0.9,0.07
AhGYLNAQ7vE,중립,0.01,0.02,0.93,0.04
5aoyxpKILFI,중립,0.0,0.02,0.96,0.02
gFsJ_9AvAQQ,,,,,
KcGRbzISQsc,중립,0.15,0.04,0.59,0.22
_4PZQFopv10,,,,,
mQCG5F3YWTU,,,,,
2_NoOnUmyrA,슬픔,0.01,0.06,0.06,0.66
yPWncPw15-U,분노,0.01,0.94,0.0,0.01
ololiKaRPIE,기쁨,1.0,0.0,0.0,0.0
_uDCLcfYWXg,중립,0.4,0.04,0.48,0.04
xNLMY5gosGc,중립,0.01,0.06,0.76,0.13
LDUtCOngqyQ,중립,0.01,0.04,0.72,0.14
ZfaOfLkGRyA,분노,0.04,0.46,0.1,0.31
dfFFpYatjtI,,,,,
iSahbSLWgqw,,,,,
DoxdZWGYiRQ,,,,,
p43_Qck3WdU,,,,,
FXyfrLb4Doc,,,,,
lLhk27nlG24,,,,,
p9vawXz6kj8,중립,0.03,0.02,0.89,0.04
hUFws972vKw,슬픔,0.0,0.04,0.38,0.56
s4lqqjEV4uY,,,,,
zwwyvyxAmoA,중립,0.02,0.01,0.93,0.02
u4zmNJbBw4w,슬픔,0.0,0.06,0.1,0.53
m1R2nrwrCY8,분노,0.01,0.62,0.04,0.07
n4bAksUh9TQ,슬픔,0.01,0.2,0.11,0.45
9Pwv0WxMpG4,중립,0.03,0.17,0.77,0.03
7N57Q8tnIo8,중립,0.0,0.07,0.72,0.2
k5nYXIasfag,중립,0.11,0.3,0.45,0.1
O7m_u_2OvwI,중립,0.01,0.09,0.52,0.31
p9zqL88RraA,,,,,
jGrnG-ywPWI,,,,,
wNmUZK0aZbo,,,,,
s9Xk77f3oUE,분노,0.34,0.37,0.05,0.04
vYIjVxlQN3A,,,,,
k7wA6-XHQAE,,,,,
Uln8A2RINKQ,,,,,
cLDru3Flk3Q,,,,,
QByg1Vj0n-U,,,,,
iIpaCtn69GQ,,,,,
2Ebs_0_8nZE,기쁨,0.52,0.12,0.26,0.06
aYdyYLTmkwE,기쁨,0.93,0.0,0.01,0.0
uV-BInKacqQ,분노,0.04,0.7,0.04,0.03
j5cAjwlTckY,놀람,0.0,0.0,0.0,0.0
cA36pa5fJKk,중립,0.02,0.06,0.79,0.11
Lv8JanqOVl0,기쁨,0.63,0.12,0.19,0.05
w4ZY6D7PYgM,기쁨,0.71,0.05,0.22,0.01
ww2RsdtPlE8,기쁨,0.64,0.11,0.19,0.03
OfPZtyC_4zA,중립,0.02,0.33,0.47,0.09
i8hrK0Qs6AA,중립,0.04,0.17,0.65,0.1
fzRfFycF6Pg,중립,0.12,0.05,0.78,0.03
Nj-gYj1lCSw,중립,0.0,0.01,0.84,0.13
q50dvDqHRjE,슬픔,0.0,0.07,0.43,0.47
mPCIyEdi59U,중립,0.09,0.07,0.41,0.21
p864u6MqmP8,공포,0.01,0.13,0.06,0.26
vwI20E3DuzI,중립,0.08,0.14,0.53,0.03
_xLLP2dMYzA,,,,,
PXNbY9Aaf3E,중립,0.01,0.05,0.64,0.16
mkRTkzoYN88,중립,0.03,0.02,0.86,0.03
mWX7Yiz8xl4,중립,0.13,0.15,0.45,0.2
2w23XcfsR0k,놀람,0.0,0.11,0.03,0.03
_LhzAyeHxJM,기쁨,0.42,0.02,0.42,0.09
Wu_sBJcmOEY,기쁨,0.82,0.05,0.02,0.09
Yf1NI-FHieQ,슬픔,0.18,0.02,0.17,0.56
DQZ21fyLVkQ,,,,,
kmSJvWI-Frk,분노,0.07,0.74,0.02,0.02
nN_enzixACA,중립,0.0,0.13,0.46,0.13
VHbqD3A3lqY,,,,,
-R-D_hxYYNo,,,,,
P_g3jQXVW9g,,,,,
ezrTDm-z0WI,슬픔,0.0,0.11,0.26,0.53
bBUg6XqzmVU,,,,,
DEIB4x2Nt6s,중립,0.14,0.01,0.84,0.0
xzqOnq4u-fc,,,,,
sT2C1QEqAkU,슬픔,0.01,0.05,0.16,0.64
1k3Hnu64_84,,,,,
nFgDp2VecK0,,,,,
LPNU3nDSTtY,중립,0.0,0.02,0.46,0.13
6ad9b__-JlU,슬픔,0.0,0.18,0.35,0.41
t5Xs64Ge5S8,,,,,
yjdAOFPZC-o,,,,,
9CmoRW1OTm4,중립,0.01,0.01,0.89,0.07
lg3dcDXXttM,,,,,
Xod5Qkn_wMU,,,,,
aQ6MUnk6Zc0,,,,,
ijvZ7vGuUTQ,슬픔,0.02,0.12,0.15,0.33
ijtHsNutKzY,공포,0.12,0.1,0.14,0.2
Y2bgZBtn9Lk,,,,,
-oS9XH4BMmQ,,,,,
su7sH2sN6kM,,,,,
3K_71REq0S0,슬픔,0.0,0.02,0.16,0.77
6VueFaMIceU,,,,,
aKHOm0dUvPE,중립,0.17,0.05,0.73,0.02
A9TSP2LabVc,,,,,
UikvdWRnfns,공포,0.0,0.09,0.01,0.09
ZI0pFT6IVtA,슬픔,0.0,0.02,0.37,0.43
8tFWpUq-SbE,공포,0.32,0.06,0.0,0.0
gx62SwkK0dI,놀람,0.0,0.03,0.21,0.17
1DXkTt7Izvc,분노,0.03,0.55,0.1,0.05
svgAEp9vTs8,슬픔,0.05,0.36,0.07,0.4
iKoJsmLhGBY,슬픔,0.0,0.04,0.01,0.59
DVoWFfRXb68,,,,,
DjOzkCbK8bQ,기쁨,0.86,0.02,0.05,0.07
pKfRGcs0Ouw,중립,0.08,0.03,0.72,0.13
3ShnJO3DUTg,기쁨,0.56,0.01,0.42,0.01
h4pJDRo7ZZM,중립,0.0,0.01,0.58,0.4
8gayxWMcvz4,중립,0.01,0.01,0.78,0.2
eFUZTLlyRSA,슬픔,0.0,0.11,0.0,0.67
pvkX1GAjVtg,,,,,
qGGsNRFzpCs,,,,,
iBd6JTJlhXc,공포,0.2,0.19,0.14,0.19
No-U5xFJPqM,중립,0.01,0.09,0.79,0.1
qGJwzyI8ykE,분노,0.01,0.37,0.26,0.23
RxODpCVYCt8,기쁨,0.56,0.03,0.38,0.02
C8zsuJLiiRE,중립,0.01,0.28,0.36,0.29
hqLvmcFv0Ng,공포,0.02,0.16,0.26,0.19
sr7O_SQ4MV8,중립,0.01,0.08,0.78,0.1
rCd_ZdIVRr0,공포,0.1,0.23,0.25,0.09
DLqT4qoCnYY,분노,0.15,0.48,0.11,0.09
_N0um8gD77c,,,,,
PJ_rNPgIyY0,,,,,
inEtfTFBBrk,,,,,
WeWIMGfFe0w,,,,,
QSvdOyjVAdM,기쁨,0.46,0.01,0.11,0.37
xtOgkaPdg9M,,,,,
VAAjzpQMMkg,,,,,
lLOsAA_NYzM,,,,,
CQhFtV7F71g,중립,0.13,0.06,0.41,0.08
9YwDIPtmHCA,,,,,
KDNo-JedDHE,슬픔,0.01,0.01,0.11,0.44
WVe6S50hylI,,,,,
Vh3cq4Wg6x0,기쁨,0.53,0.03,0.02,0.04
rprX5fhhSC0,슬픔,0.01,0.01,0.1,0.41
8ubfLO4-5dw,분노,0.03,0.69,0.03,0.13
kp5Qf2AjFCQ,,,,,
JaNn5JDxkzI,분노,0.01,0.79,0.02,0.05
6D2RqPPLVqE,중립,0.01,0.23,0.67,0.08
mTPbv7cOZXc,중립,0.04,0.12,0.65,0.15
PXGz15BxSA0,,,,,
lmuIR_rctzY,,,,,
EqFdE0Hfk2Q,,,,,
D7mXfzRguU0,중립,0.12,0.08,0.3,0.19
uN-5Wm_5N3E,,,,,
TPP8n2xxYsY,중립,0.01,0.25,0.58,0.09
5CLfkhfsP9c,,,,,
GaYcmDaaEEM,중립,0.02,0.28,0.54,0.12
nQMybx4q1Ws,중립,0.0,0.1,0.66,0.22
m3Sxo-4WgYc,기쁨,0.7,0.01,0.26,0.02
r_KOG5jK_H8,,,,,
yTQzo_b1zCg,,,,,
SkpKCt_p7Hw,,,,,
CLqgWp1QGcA,슬픔,0.0,0.18,0.02,0.61
4z8Eim1UWqI,,,,,
4zJO8ftuKmY,,,,,
tKNjie_VDHU,기쁨,1.0,0.0,0.0,0.0
BNY_UXUTXSU,,,,,
rcXIEAse-T8,기쁨,0.36,0.11,0.08,0.21
PPTlnz6oB9Y,중립,0.01,0.02,0.92,0.05
lrjWoU1l7F8,중립,0.14,0.25,0.5,0.09
AORFRekzcrM,중립,0.09,0.05,0.58,0.24
9k3VU9pnVn0,중립,0.01,0.0,0.91,0.07
RkK-dv5LXGU,기쁨,0.54,0.01,0.43,0.01
i9GPRBKmto8,중립,0.03,0.0,0.94,0.01
IncGTd0L93o,슬픔,0.17,0.04,0.37,0.38
WnW-HP8d2XY,중립,0.04,0.08,0.59,0.27
ha7TuTQwpt8,기쁨,0.8,0.0,0.19,0.0
mgiRxa1Uw-Q,,,,,
Bkbk88q4Arc,중립,0.16,0.01,0.81,0.01
e6T_oMKbrMs,기쁨,0.72,0.04,0.03,0.02
26-QWakh11I,,,,,
6bMR--vqigk,중립,0.03,0.09,0.5,0.28
LmeLeeUOMmo,,,,,
KbhVFjBZvc4,슬픔,0.0,0.28,0.23,0.43
MIGy6VpZ6o4,,,,,
vN6NghNi3Qs,,,,,
5fCDe4x0HC4,중립,0.02,0.04,0.82,0.09
bEpu2vKZqLU,중립,0.0,0.03,0.85,0.11
QurXRR-ki04,중립,0.01,0.03,0.77,0.03
hIjrmCD7ZEk,중립,0.27,0.03,0.67,0.02
Ok0fU3YcbsM,공포,0.05,0.11,0.21,0.15
3JjU3QZJH44,,,,,
68R6zcRqXIQ,,,,,
viJ-cSjp0aI,기쁨,0.99,0.0,0.0,0.0
RgzWqFRnwdc,기쁨,0.96,0.0,0.04,0.0
dayHzlnUbT8,중립,0.02,0.2,0.45,0.28
IiQuGUWhCng,,,,,
fPHH5gYjB40,기쁨,0.77,0.08,0.05,0.04
RZuiDb1EhNY,중립,0.02,0.02,0.75,0.07
cpa9gcq6JVg,놀람,0.0,0.01,0.16,0.04
gTiUPrxpWso,슬픔,0.01,0.0,0.09,0.82
kbjkuZfZjq4,슬픔,0.16,0.17,0.15,0.32
TbVh-2FyH6A,,,,,
00eQJP9BnCs,기쁨,0.39,0.09,0.12,0.22
HIz032ziVWs,슬픔,0.02,0.21,0.1,0.5
gCUJdhcfdmY,,,,,
oMBzpXCsfvA,슬픔,0.03,0.35,0.07,0.43
2Q10DwmpqtE,기쁨,0.59,0.01,0.29,0.03
XVsUBET0VeY,중립,0.03,0.01,0.95,0.0
jIcwBxy66zU,중립,0.0,0.0,0.98,0.01
tgMMl1lahDw,,,,,
qp9s9i6n7VQ,기쁨,0.76,0.0,0.17,0.02
vsoHg0wJTVE,슬픔,0.0,0.11,0.25,0.45
L32UDbnYbIw,기쁨,1.0,0.0,0.0,0.0
PPAejQ2wJxE,기쁨,0.99,0.0,0.0,0.0
IPUelJWGdKE,중립,0.01,0.01,0.86,0.11
ErHbq0QuElY,기쁨,1.0,0.0,0.0,0.0
yuz0ByGSAf8,기쁨,0.7,0.0,0.27,0.02
a2buNt_0_BA,기쁨,0.44,0.12,0.32,0.04
_HuimUJCNm4,분노,0.09,0.36,0.36,0.11
3xCme8gLVHo,슬픔,0.0,0.02,0.14,0.83
jMdi91NnxX0,슬픔,0.01,0.28,0.07,0.6
bkK0synp8tQ,슬픔,0.0,0.17,0.24,0.54
z2XlScA8pRg,공포,0.0,0.23,0.01,0.04
-k9XElxBqbc,기쁨,0.49,0.03,0.18,0.27
iMSVxCqZOXQ,슬픔,0.0,0.04,0.21,0.69
5YdvqKDCX4Q,기쁨,0.49,0.39,0.03,0.03
dVLsxdMVuCY,중립,0.03,0.21,0.54,0.18
CW0OtanF33s,분노,0.0,0.97,0.0,0.0
sMBmgUi-o_E,,,,,
Cr3zAdsMo9c,중립,0.05,0.01,0.6,0.28
QKDyWGen6Y0,,,,,
XrOQ3r0N6vg,,,,,
wBYetF6WkTE,,,,,
8Gmhj1bjx1Y,,,,,
aDxLUv7IkZQ,,,,,
XjfBsa25yF8,분노,0.02,0.8,0.01,0.03
shfmYaTFsOQ,기쁨,0.67,0.24,0.0,0.04
J7cciKZHB_o,,,,,
2QVf0V3HvCI,공포,0.03,0.02,0.05,0.31
lvyaZLwbJEs,,,,,
WrjlgDCYjvU,,,,,
1TYm5l-bLXU,,,,,
UYeA3oiKtk4,,,,,
jYbRRwoFQWs,슬픔,0.0,0.13,0.16,0.43
OKvrBw3-pbQ,,,,,
csS0a96j71Q,,,,,
65URcg-7tcE,,,,,
07Mz6SUn7iM,놀람,0.0,0.01,0.07,0.01
I5D9nVCBzKc,중립,0.0,0.13,0.54,0.19
l0eKNLJg8uc,,,,,
kRCqHgeZXyU,,,,,
dK2UKQD8K4c,공포,0.06,0.17,0.09,0.2
459C3Cna6QY,중립,0.01,0.02,0.87,0.02
eTdjsxzi558,분노,0.0,0.77,0.07,0.13
dlWtPn2aH_A,중립,0.07,0.09,0.43,0.34
yL3M-Tj7axY,중립,0.01,0.03,0.78,0.03
_d3CAKJERbY,분노,0.07,0.41,0.08,0.3
Z_zVm7QbX_Y,,,,,
kBe6fqSqE4A,놀람,0.02,0.14,0.14,0.1
v4kAAi9Rjo8,기쁨,0.88,0.01,0.11,0.0
IPSinVjberY,기쁨,0.85,0.01,0.11,0.01
Ypob5vWvNK4,중립,0.23,0.13,0.48,0.08
-pZLcmfh1hM,중립,0.43,0.02,0.49,0.02
BBR-JHIvBCo,슬픔,0.23,0.18,0.17,0.28
cPGWVw-_YBI,기쁨,0.87,0.0,0.12,0.01
gF4aga1iP7I,기쁨,0.99,0.0,0.01,0.0
gseEMEYwPQM,기쁨,1.0,0.0,0.0,0.0
92qPjHZs6Kk,중립,0.0,0.05,0.63,0.27
tAApotVyjoY,슬픔,0.01,0.05,0.29,0.5
8gmz1I1nFNY,,,,,
CxJyvEb4Jfw,,,,,
a9GjVRQa_zo,,,,,
kHOVLhxEFcg,,,,,
0Nl3QY3FCsA,기쁨,0.98,0.01,0.0,0.0
uVAO5N3DtPA,기쁨,0.95,0.01,0.02,0.01
ESpZHLv-OLU,중립,0.0,0.02,0.73,0.21
1AW4u9aD49E,공포,0.01,0.12,0.04,0.31
b8P_D8XVx78,중립,0.0,0.11,0.49,0.2
uS8gNe1_sZ4,기쁨,1.0,0.0,0.0,0.0
l6zC3RVaAJ0,분노,0.0,0.43,0.01,0.4
ZxQHoutg9N0,놀람,0.0,0.03,0.02,0.03
3B6vlcX2VYM,중립,0.22,0.02,0.69,0.04
ZK55LN1HWaE,기쁨,1.0,0.0,0.0,0.0
dugNZeI4130,기쁨,0.66,0.0,0.31,0.0
hIfsXv1UXSE,,,,,
YKwdKigHe4c,중립,0.05,0.07,0.57,0.18
FEJLVjkU4Z8,,,,,
-j2mNzZtnso,슬픔,0.02,0.03,0.34,0.43
L5NYetsix6s,슬픔,0.18,0.23,0.05,0.32
6mdBA8132-U,공포,0.27,0.15,0.12,0.1
YeewBjJYN1g,,,,,
B5CszwBSsLg,,,,,
Kecf4RFEiNs,,,,,
BaP-bEXRNec,공포,0.0,0.28,0.11,0.02
p54OM3Wm9w0,슬픔,0.0,0.01,0.0,0.98
SHFkypBMZ8w,슬픔,0.03,0.09,0.3,0.55
SpCcjbdoX1Q,중립,0.0,0.03,0.51,0.43
LZEmzn5vqz0,기쁨,0.42,0.07,0.06,0.21
CboUgF5r5bI,중립,0.17,0.14,0.35,0.24
1jx2GfDRt4c,기쁨,0.85,0.0,0.14,0.01
jmHUHr1WyYo,,,,,
4OhVPT5TGHg,,,,,
cZufoQj79Rg,기쁨,0.82,0.01,0.08,0.08
vyHMmpn_HCE,,,,,
AXaHYUgy-rw,,,,,
mBvQlL8zgfU,,,,,
K1Ac-1dgqyU,,,,,
dn8J7PPoYXs,,,,,
FoopLovbdck,슬픔,0.02,0.03,0.11,0.75
9E0UWexrKKY,슬픔,0.01,0.06,0.07,0.36
uPjTFVNcYq4,,,,,
jyDe5wI3WQ8,,,,,
nTHRohHp8EY,,,,,
CkT_P4CcRmc,슬픔,0.0,0.03,0.16,0.76
odvrYxQcIUk,슬픔,0.05,0.07,0.25,0.52
uFs_TBBcHCc,슬픔,0.03,0.1,0.18,0.51
FoRiM3-CmgE,슬픔,0.0,0.05,0.09,0.79
57LcLiSpt1c,슬픔,0.0,0.12,0.11,0.73
0_wikR-4ApQ,슬픔,0.0,0.07,0.11,0.8
D-Em-2YKyag,슬픔,0.01,0.13,0.24,0.62
hVOPYd6PUaU,분노,0.06,0.3,0.24,0.29
L3I--H_TrSk,중립,0.0,0.08,0.59,0.29
6x6nN62jZI0,슬픔,0.03,0.05,0.2,0.59
qCfp9XHnE5Q,슬픔,0.0,0.1,0.03,0.78
YWop2GEfUn8,중립,0.0,0.04,0.61,0.32
crb8mO9CCnQ,,,,,
Er1yLmcTsRQ,,,,,
IxfmtIckAKI,중립,0.04,0.04,0.76,0.13
9nCxoxJeUos,,,,,
qhJS7AW3quc,기쁨,0.81,0.01,0.01,0.01
TiHqZzuIY9Y,,,,,
cUIweYpplbg,,,,,
twyQv2ydrJc,,,,,
mWrSozf4rjQ,슬픔,0.26,0.08,0.22,0.33
50nc3OI94qQ,슬픔,0.12,0.11,0.1,0.56
LI7_gvRzmJw,공포,0.07,0.05,0.21,0.13
zTbjy2cMrug,기쁨,0.84,0.01,0.02,0.11
4_NLaa3sTaM,,,,,
tYfYyQQP9YA,슬픔,0.02,0.17,0.02,0.63
MotiUoFdmjQ,,,,,
9OxEqxS_O1Y,,,,,
cfemVmxWKsQ,슬픔,0.0,0.2,0.07,0.53
2JMfxRxO3Fs,분노,0.0,0.44,0.09,0.14
E35KrNHunNk,슬픔,0.0,0.09,0.06,0.67
sXUufILgUAo,분노,0.0,0.9,0.01,0.07
evhCqN75_AM,중립,0.03,0.1,0.86,0.01
LScVySS9Izs,분노,0.03,0.39,0.04,0.2
hYan80ZnAXg,중립,0.0,0.05,0.71,0.22
o0JqAQwvxEw,,,,,
p3w0AZG6vu8,,,,,
D0U4Pud4iZA,,,,,
FDroT-w9krY,중립,0.16,0.07,0.61,0.13
RA7Wn6KCoCE,중립,0.02,0.02,0.75,0.15
83XD8xTe0Fs,,,,,
HHafCgCVDl0,기쁨,0.31,0.17,0.05,0.2
XT0jepJlReo,공포,0.04,0.24,0.11,0.19
1KDJsGM6UhI,,,,,
BxPvMxhKydM,기쁨,0.92,0.04,0.0,0.01
89G953REgjQ,놀람,0.0,0.2,0.0,0.02
KQZ8a163tKw,슬픔,0.03,0.05,0.36,0.41
_jB8UJ7uiJk,기쁨,0.93,0.0,0.06,0.01
meAxTarfmyg,,,,,
vt4Yq15R5zc,,,,,
p1aUgBycS7w,혐오,0.0,0.02,0.0,0.11
wZWDDsqokNE,공포,0.03,0.27,0.0,0.06
P2WC9aQVm88,기쁨,0.9,0.01,0.0,0.02
AccQM2qSQk4,중립,0.0,0.26,0.35,0.23
DLX1wbYzGIA,분노,0.06,0.67,0.18,0.04
wvGMIarTGnI,,,,,
lv2EsScPhlc,,,,,
eSgGuoiL0AE,기쁨,0.41,0.03,0.09,0.02
usOXYIK7eco,중립,0.01,0.08,0.84,0.04
HGCWINK8X8k,슬픔,0.13,0.08,0.12,0.57
-zTRKdoe7b0,중립,0.03,0.23,0.54,0.15
5q4z-xL7IyE,,,,,
6Rvwl5gcCJE,,,,,
luXMwG_SFLw,중립,0.28,0.05,0.4,0.26
K77JlIO5R-M,공포,0.01,0.17,0.04,0.16
xink8-pNDNU,중립,0.01,0.33,0.57,0.02
ipJqvVGEEkE,슬픔,0.14,0.05,0.06,0.63
0ucrWgDY8vo,중립,0.09,0.15,0.37,0.04
MO5RZQ8vb8s,슬픔,0.02,0.04,0.11,0.63
_hiDDrsTauo,슬픔,0.0,0.04,0.14,0.75
9TjUch1pZBs,중립,0.02,0.17,0.36,0.17
pvTjzNGIlOY,기쁨,1.0,0.0,0.0,0.0
zvz_xCu_htU,기쁨,0.48,0.0,0.15,0.15
wuCftwW6MEA,기쁨,0.59,0.01,0.37,0.03
8PClT7xiN6E,기쁨,0.72,0.06,0.02,0.11
8TMjyZMCS2g,슬픔,0.01,0.22,0.21,0.33
Ziz-c1P5a7w,,,,,
7a9bdCKCGbE,중립,0.01,0.09,0.88,0.01
Eliw6lcwZoY,슬픔,0.0,0.06,0.35,0.39
pG4XO3__PiY,공포,0.0,0.01,0.38,0.11
ZTunNJEVF6g,중립,0.0,0.15,0.4,0.11
pgWJXGQcoXs,중립,0.0,0.07,0.71,0.16
vAYGCrJYyzc,기쁨,0.99,0.0,0.01,0.0
CKLLLOsxmh8,중립,0.07,0.01,0.84,0.05
nT1zpva6aCU,분노,0.25,0.42,0.03,0.22
t2_md4eZyQg,중립,0.01,0.04,0.58,0.16
OsK4a7vv3ZE,혐오,0.0,0.04,0.01,0.23
BQE5eRiO19I,,,,,
pe_JJW_5TP8,중립,0.02,0.01,0.96,0.01
8iwTcLQBH8g,중립,0.02,0.01,0.96,0.01
bTuu_M-Fvos,중립,0.02,0.01,0.96,0.01
nrq-foG8oNo,중립,0.02,0.01,0.96,0.01
keI_LEUy3qY,중립,0.02,0.01,0.96,0.01
Mqo8iAVgTUU,기쁨,0.59,0.14,0.16,0.07
_uF8KsdrNuI,,,,,
zbaVAnv5Ikw,슬픔,0.06,0.21,0.06,0.5
3LYi1_cKrs4,중립,0.07,0.01,0.89,0.02
-xTyRO-GVcY,,,,,
AdfAy4Yl430,,,,,
FFe3_RMpNkM,중립,0.04,0.26,0.47,0.09
Fxzh1fMD35Y,,,,,
0FP87aIdKqY,중립,0.14,0.04,0.5,0.17
zNJ1WA0bDyQ,,,,,
0AB0ZFIU7xw,,,,,
2IYvJcmc9vE,중립,0.0,0.04,0.91,0.04
774i0oh6744,기쁨,0.69,0.07,0.06,0.16
R3YnypNQJhQ,기쁨,0.68,0.01,0.29,0.01
eBg07JPmaQM,기쁨,0.83,0.03,0.09,0.03
xDuEGv6LE2c,중립,0.24,0.07,0.51,0.06
fXv3z2l-8xk,,,,,
iq5XqF08QeM,,,,,
0auGUKOAq7o,,,,,
4cik9e1vs6U,중립,0.04,0.02,0.74,0.18
KqpPuumHUlI,,,,,
SgnlZCfH-fo,,,,,
XHmJXbUwT9g,,,,,
pyN2uw7SeQg,중립,0.0,0.03,0.77,0.07
G_HlxipjIqY,중립,0.13,0.1,0.45,0.28
9CG3teI8Gsc,,,,,
c6sH02daIWE,중립,0.16,0.07,0.44,0.18
x-xiVn1Rt24,,,,,
H1LG4fl7ptg,,,,,
A1NqS_ydk9g,슬픔,0.0,0.16,0.08,0.64
oJlkGRu0Dbs,분노,0.0,0.6,0.03,0.02
N8x8yrp8ads,슬픔,0.01,0.05,0.23,0.59
LbYAprlWLXQ,기쁨,0.86,0.0,0.0,0.01
ByK9n3_mHvo,,,,,
6p9nc58CZpc,슬픔,0.03,0.22,0.03,0.53
anTzufjKEoI,기쁨,0.73,0.05,0.07,0.05
IdmMCc4WwAo,기쁨,0.92,0.0,0.01,0.0
7LNmPl6QJGs,공포,0.29,0.02,0.1,0.08
nGo4vUyfNO8,분노,0.03,0.26,0.2,0.21
STmXvE-nyzU,,,,,
9_D8eAEF2ak,,,,,
b0HJWomzl8M,공포,0.0,0.03,0.0,0.05
9wG0MoqfS7Q,공포,0.0,0.02,0.0,0.22
bGjue-qiV5c,중립,0.29,0.12,0.31,0.18
XBIJio9NcwI,슬픔,0.01,0.01,0.05,0.76
d3D51EH3fMk,슬픔,0.01,0.09,0.42,0.46
9869q-WXh_M,슬픔,0.11,0.0,0.4,0.43
Citt-0bkSMA,슬픔,0.24,0.05,0.19,0.39
ArJAENKS7gc,놀람,0.17,0.05,0.12,0.17
jqaS1u9mcSU,,,,,
c4SoTZMLNFA,,,,,
hsjEsjAEcIs,기쁨,0.85,0.0,0.14,0.0
HOFV-P0SYk8,중립,0.4,0.05,0.52,0.01
GMG9fkGex2c,,,,,
dKI78BQZlsY,,,,,
gFpr_Mw_FBE,슬픔,0.06,0.23,0.28,0.34
ivXBnbJSphM,분노,0.01,0.61,0.11,0.13
ie8UNOdODdI,기쁨,0.71,0.0,0.22,0.01
3UavGHh72bg,기쁨,0.74,0.0,0.24,0.0
Kv-RK8LkXcM,기쁨,0.8,0.0,0.2,0.0
tSwFvkg7RDU,중립,0.03,0.07,0.77,0.07
unxuEDQJWc8,기쁨,0.8,0.0,0.13,0.0
TTs9nNbT_QI,기쁨,0.81,0.0,0.18,0.0
ddYbOgsUkuk,기쁨,0.84,0.0,0.12,0.01
8tr6Am8ls0E,,,,,
hCYlvznmZUg,중립,0.01,0.01,0.72,0.04
RTK_T7Pi1G4,중립,0.0,0.02,0.53,0.17
UKaNkTwyXvI,중립,0.03,0.05,0.56,0.19
Bk33180woZM,중립,0.0,0.15,0.76,0.07
6En7tVs22tg,중립,0.0,0.02,0.61,0.26
zM9GnG7sM74,슬픔,0.0,0.09,0.04,0.56
LReUEy_Tj28,중립,0.02,0.25,0.33,0.11
lhd_sEZjUGI,중립,0.02,0.01,0.71,0.13
ynmxNZb5H54,,,,,
BhjdLzHKovQ,,,,,
bD-GON2ochA,분노,0.01,0.49,0.03,0.35
Vh1XKdYwgyo,,,,,
_QYo8FeLJgw,중립,0.01,0.0,0.59,0.13
UtAiesGjuK0,,,,,
Zj7lhZ0H-EM,중립,0.04,0.17,0.62,0.15
gerj7P0npHk,,,,,
0J1M3Uj-O2U,,,,,
jqLWe48YdQg,,,,,
cWZCfbwcQGA,기쁨,1.0,0.0,0.0,0.0
5eZ3e7Iz1ak,중립,0.0,0.04,0.88,0.03
caN6Niqf0ro,기쁨,0.99,0.0,0.0,0.0
YGtbeD5MJk8,공포,0.0,0.16,0.08,0.18
gJRcAtllGts,놀람,0.0,0.18,0.07,0.14
Dww7hqUBKyM,놀람,0.0,0.18,0.09,0.11
AYnfNzBuGzU,기쁨,0.97,0.01,0.02,0.0
nlmIlEfCTJU,슬픔,0.24,0.09,0.1,0.35
ddbPJaEsez0,기쁨,0.71,0.04,0.09,0.14
9Guxyn7Ya6U,,,,,
OqPYmYpI6qU,슬픔,0.08,0.19,0.2,0.3
btvHYBLMhTc,중립,0.0,0.06,0.45,0.35
1G1u5Dwirg4,슬픔,0.02,0.06,0.05,0.78
XMlkAMaHbj4,중립,0.01,0.08,0.46,0.37
XTYR81kO2GI,,,,,
3ZDjPFZL4U4,공포,0.01,0.18,0.02,0.21
jATCZ1vXjUk,,,,,
q8HHu9u1o0s,기쁨,0.51,0.0,0.48,0.01
l9dL1CQ2XiE,공포,0.0,0.18,0.26,0.04
v24N5UQCEys,중립,0.0,0.01,0.97,0.01
p6xItYAT5TI,슬픔,0.01,0.06,0.11,0.57
sh4p4nESzjs,,,,,
iV-2WkJna8g,슬픔,0.07,0.19,0.08,0.46
4nQ5aZcZMz8,중립,0.0,0.43,0.44,0.03
BcAORW5BRqU,분노,0.0,0.37,0.17,0.35
6q-NkPD9QWc,,,,,
Ahx3EDnSoys,,,,,
wovIz1mViGw,,,,,
XZxa5CC3D-8,,,,,
VtpFjlR-HdY,공포,0.05,0.22,0.08,0.11
B7hapjokQIQ,놀람,0.07,0.02,0.07,0.02
zOpmKmUrry8,슬픔,0.02,0.1,0.08,0.65
zUe2bkXKfMs,공포,0.15,0.14,0.23,0.2
W9bjNkjs7Nk,중립,0.08,0.01,0.51,0.03
m1sp9IsyJ9M,중립,0.02,0.07,0.42,0.33
ZwGIJzAUOz0,놀람,0.03,0.03,0.33,0.02
JmIN6mzsHU4,슬픔,0.0,0.13,0.06,0.51
kW250Y03YdU,중립,0.03,0.15,0.76,0.05
0qghFWChGpM,분노,0.09,0.58,0.19,0.06
zxullYXlMW0,,,,,
pVGvSn41gIg,,,,,
1b0BthpHVSw,,,,,
Xyo6mgJYzds,,,,,
gW9flrB8mWM,중립,0.21,0.12,0.46,0.1
Lgc_hirI-oA,중립,0.06,0.01,0.76,0.14
CgcGHR789XQ,중립,0.01,0.01,0.94,0.04
dFaJdOMK_WI,기쁨,0.78,0.02,0.14,0.03
v97ineEnk7M,슬픔,0.0,0.3,0.01,0.4
v0d_cC7WRVY,슬픔,0.0,0.04,0.25,0.63
9095sZLk0QU,기쁨,0.82,0.0,0.18,0.0
_absqBgVw2Q,기쁨,0.91,0.01,0.06,0.0
5xtapz5TC10,중립,0.0,0.22,0.51,0.22
IvaLHl6xb1I,슬픔,0.03,0.28,0.23,0.36
QjCMwh6giPc,중립,0.0,0.17,0.45,0.33
1vs3eSPCywo,슬픔,0.23,0.04,0.26,0.45
UOJB0uvEhJQ,슬픔,0.0,0.1,0.37,0.43
QiPo0nuGUVk,공포,0.0,0.0,0.0,0.11
PHPjGJgbfz8,슬픔,0.01,0.08,0.01,0.81
yNHS8GcbqHw,슬픔,0.0,0.03,0.0,0.84
7Gw4i4xJhyU,기쁨,0.57,0.01,0.1,0.23
pc5W54KKQNg,기쁨,0.6,0.0,0.36,0.02
PHsE74TgogI,,,,,
1ljX81JZGpg,공포,0.06,0.03,0.03,0.36
mob0Dmd6H2g,,,,,
iYfJKg3Xwd4,슬픔,0.12,0.25,0.1,0.46
kNEzgJph1fQ,,,,,
sWEXBS8tLCM,슬픔,0.0,0.17,0.02,0.62
IYJbf1UnXuQ,중립,0.0,0.03,0.56,0.4
iwzcIFtAvBM,중립,0.06,0.05,0.67,0.07
EHm3l4tNlSY,중립,0.0,0.01,0.96,0.01
a-9s--tzfX4,중립,0.01,0.06,0.72,0.19
gcKxLP8shgA,중립,0.02,0.01,0.93,0.02
OmK9hvGO5H8,중립,0.13,0.09,0.73,0.03
pOJWxo2282s,기쁨,0.73,0.0,0.25,0.01
jK1EfCZ31fk,중립,0.02,0.08,0.83,0.04
gSFw5dAVzfY,,,,,
0FEVaalplNc,기쁨,0.94,0.02,0.04,0.0
FE4XIGNhHVs,중립,0.0,0.05,0.78,0.12
02_ODQyC0xI,중립,0.31,0.0,0.69,0.0
E25AbORosx8,,,,,
oUccpheCOXc,,,,,
H88gL5RBtzE,분노,0.38,0.39,0.06,0.03
nf7guWiSSm4,기쁨,0.99,0.0,0.01,0.0
4h0-ilKh4wU,기쁨,1.0,0.0,0.0,0.0
qZW1d_S_2hk,분노,0.01,0.4,0.11,0.26
3-A0LojplIc,,,,,
67_6ZAe6x3s,분노,0.27,0.5,0.02,0.12
51QjOTnVFkA,,,,,
ILW8BXJagkc,기쁨,0.39,0.07,0.07,0.33
HcBT-sx8g44,분노,0.0,0.62,0.02,0.21
FcoLh5b4CvA,,,,,
3Do16vk7wsA,슬픔,0.01,0.01,0.34,0.48
ljUVtydHDnY,슬픔,0.22,0.05,0.16,0.32
L8enTN8VttA,,,,,
lWYlwEyCjHA,중립,0.11,0.11,0.43,0.31
AxGzDnAwmnk,슬픔,0.04,0.16,0.07,0.5
WlsQrBVzs_U,,,,,
42JZ72Qepy8,슬픔,0.12,0.08,0.18,0.42
RB71gcczzU0,분노,0.03,0.32,0.12,0.3
NFED4l_yfyc,중립,0.0,0.04,0.88,0.03
M7OvBQ-SZ7s,중립,0.0,0.02,0.9,0.06
xP7gm7Nfqo8,분노,0.16,0.3,0.28,0.07
VsFpKN2p2bs,분노,0.06,0.61,0.03,0.12
u-2IsZfyC8w,슬픔,0.03,0.11,0.26,0.47
dmcjDH-E6Bk,중립,0.02,0.01,0.77,0.12
B-zRTapDArc,중립,0.03,0.15,0.34,0.31
Km6S4ORv8Ws,중립,0.01,0.07,0.72,0.06
5Pgufq1Aydo,중립,0.03,0.04,0.89,0.03
RRMWCE93G_s,공포,0.03,0.06,0.19,0.17
sec1j3OqzQo,중립,0.01,0.17,0.68,0.11
FUqNuc3gcr0,중립,0.27,0.03,0.4,0.22
9otI7IxM40Y,중립,0.02,0.12,0.65,0.09
y-T7lKEq6Bs,,,,,
WmztoPUs9fg,슬픔,0.0,0.08,0.38,0.41
LV_6fskbCQY,중립,0.0,0.08,0.75,0.14
bdFEnsjRVos,,,,,
kDyPRhRQhi4,,,,,
_L48zWoU_dc,중립,0.01,0.0,0.9,0.09
abzsmwc-Dfs,,,,,
kPKwyqQ3Qvw,분노,0.04,0.81,0.01,0.01
24QZOy-disc,분노,0.25,0.66,0.01,0.03
VecvJ7h5nV8,분노,0.0,0.53,0.02,0.23
EuCBHnh9XQU,,,,,
xeJXGy0N9Xg,분노,0.05,0.89,0.0,0.01
pY8AYfVWSbQ,,,,,
CH7uMYBHyAw,기쁨,0.59,0.04,0.14,0.12
L6OEr9fJh8k,중립,0.0,0.23,0.48,0.12
0zIae_-A3BY,중립,0.01,0.24,0.46,0.16
X_RiT3_5CBI,중립,0.02,0.12,0.43,0.14
L36w-7G5OiE,중립,0.0,0.23,0.5,0.19
P91TqeIdx94,,,,,
05wAAA6PTmc,기쁨,0.49,0.02,0.48,0.01
bhUn57NYqhc,,,,,
IzLchPxXmcY,중립,0.0,0.04,0.65,0.3
GEQf40C74og,,,,,
ngCbggR16u4,,,,,
2Q7NpTySNPs,,,,,
qfHpPiobvwg,분노,0.02,0.4,0.01,0.15
ZH2dwqpHp2U,분노,0.01,0.6,0.05,0.01
EyQ9Wjbdi3I,기쁨,0.91,0.01,0.04,0.01
uZM0TOvXNS8,중립,0.0,0.04,0.76,0.14
Nf7rTUH1vRM,기쁨,0.96,0.0,0.04,0.0
pGYtf583-AA,공포,0.02,0.13,0.2,0.23
p7R0V-YbyOE,놀람,0.11,0.01,0.03,0.13
-iU0FO8tmk0,기쁨,1.0,0.0,0.0,0.0
pO6E3bIYvXc,,,,,
UAY6R-fK8Ok,슬픔,0.17,0.14,0.08,0.57
uzDHqmbzsMY,중립,0.01,0.01,0.89,0.05
HQTWLmrmV5c,분노,0.15,0.43,0.36,0.03
upcapYZhehM,,,,,
s3ZL6DsI3Po,분노,0.06,0.27,0.1,0.22
MRg_KuvYk5o,,,,,
4T359lbprKw,중립,0.4,0.0,0.59,0.01
N62r1yYO5FU,공포,0.11,0.01,0.03,0.01
nLajQFA74Nc,기쁨,0.49,0.01,0.08,0.01
fZT4BpA3Qnw,기쁨,0.54,0.0,0.45,0.01
QwjAkfMwZxI,기쁨,0.67,0.0,0.32,0.01
wKPYh1-uaTE,기쁨,0.67,0.0,0.32,0.01
V4OTP3E8E2s,기쁨,0.41,0.02,0.36,0.16
JE8oPU4845c,기쁨,0.48,0.02,0.3,0.15
wHUr_ufC21E,중립,0.2,0.04,0.69,0.05
tkRAOvJkDDQ,중립,0.11,0.09,0.69,0.07
Tl-HPhwd6iM,기쁨,0.97,0.0,0.02,0.0
3oxWHSgmKm8,기쁨,0.41,0.07,0.07,0.41
Y6waaJdYroM,,,,,
HbYQSeW3uUU,공포,0.0,0.21,0.04,0.12
7GwWM1VJuxo,중립,0.09,0.14,0.68,0.07
fciYyhORCTw,기쁨,0.26,0.25,0.15,0.19
TfhvdRpu5Y4,기쁨,0.64,0.06,0.14,0.11
fQm211LNOMc,슬픔,0.0,0.01,0.15,0.83
ZDr6efjm-V0,중립,0.02,0.28,0.29,0.05
aZ-sfnKdCgw,슬픔,0.0,0.23,0.31,0.38
IEPVlqICbpk,공포,0.03,0.06,0.11,0.23
6lMSHiQ5vpk,중립,0.0,0.02,0.91,0.03
n5laEeVFeeA,,,,,
gsBwJtcvAdM,,,,,
2dddRvTz0LM,,,,,
v1K2nAclCaY,,,,,
bRb22DbnFIM,,,,,
Cs9FEh0ioDI,,,,,
E6tHB4Lihlo,,,,,
qUotFC2z63I,,,,,
Oj_ZaB4TZSA,,,,,
PYPn_HIwxro,,,,,
mso0PeETKNA,,,,,
YFUOKHE0hdY,슬픔,0.02,0.05,0.13,0.71
lxI6elSZ3Vc,중립,0.04,0.27,0.38,0.18
tC2oYm0GgbI,슬픔,0.0,0.07,0.17,0.63
Yi5zZ-MjhYY,공포,0.14,0.19,0.03,0.1
vfJPWSER6GQ,기쁨,0.5,0.28,0.05,0.11
Bv7PYSqaJyQ,기쁨,0.9,0.01,0.04,0.01
p78pwSYfzsU,기쁨,0.99,0.0,0.0,0.0
PpB7PdM4RLY,분노,0.22,0.4,0.12,0.13
ub1wI4Nzqeg,분노,0.0,0.4,0.13,0.05
IxT7uoPwgOE,,,,,
R_sCtbBIN0U,,,,,
5JQuOZ3T_HY,,,,,
Ye9eYFZ8B6U,슬픔,0.0,0.24,0.22,0.33
0565zIOpyzk,,,,,
Q0JS8FsnPgc,,,,,
xt9BuMYcPcI,,,,,
UCtuhQ64ryg,기쁨,0.61,0.03,0.12,0.21
-k9Cxa1fEOs,기쁨,0.78,0.0,0.21,0.0
DfW9Vb0fIBE,,,,,
TcO8IHcUXig,,,,,
i9kKnf1hpzo,중립,0.01,0.03,0.59,0.11
5c_pqJbCZvo,공포,0.02,0.11,0.27,0.09
kJAdpKd97jo,중립,0.07,0.06,0.35,0.08
usWmPJlEOC8,중립,0.0,0.02,0.85,0.1
V-EWUCCznLc,공포,0.0,0.1,0.21,0.21
Pj9COa9EEUo,중립,0.13,0.1,0.53,0.09
6i1a-lTfM3o,중립,0.03,0.01,0.85,0.02
xgs8Gz6ci70,중립,0.01,0.01,0.9,0.04
jwsyUKO44q4,중립,0.06,0.02,0.77,0.12
QTWIIr7A_Yo,중립,0.0,0.08,0.44,0.31
U2uADH6dLeg,,,,,
KtjJJ8z3-YM,,,,,
O3FJXM4qCKw,슬픔,0.0,0.02,0.03,0.93
-7t-f7yoS0g,,,,,
MI63Yz1vHf0,중립,0.01,0.06,0.77,0.06
0IidJfL_eJ0,기쁨,0.6,0.13,0.24,0.02
pygliQtoCD4,중립,0.0,0.02,0.65,0.21
LkN-1bqIfHM,중립,0.24,0.02,0.57,0.11
nC20dRX_mp8,중립,0.0,0.06,0.49,0.35
_RFCKxOs4Ak,,,,,
4DH7c6aYvho,,,,,
z6Gtk9Lg0dE,,,,,
0BgrWXFLx8M,,,,,
HLctyR_sJ8g,,,,,
B9T7W-MCFCc,기쁨,0.57,0.13,0.04,0.21
KFB4Y52M6WY,기쁨,0.66,0.21,0.01,0.03
MThVg_-LT0A,기쁨,0.27,0.25,0.27,0.08
4bFPLDn31-A,중립,0.12,0.06,0.62,0.17
VWOuARyfOjA,,,,,
lnni0uxGXVI,중립,0.2,0.13,0.5,0.12
J7TLVJlinKw,중립,0.07,0.04,0.51,0.32
pCkP7p_NWoY,,,,,
--XgLGi9YmU,기쁨,0.95,0.01,0.01,0.01
itCjJ5Qmv7E,기쁨,1.0,0.0,0.0,0.0
iXbRtPcxqBw,기쁨,1.0,0.0,0.0,0.0
QfM0oycRzTo,기쁨,0.56,0.06,0.02,0.35
gq6JDhD3XE0,,,,,
QVChfSoDkGs,,,,,
fzhDu1-W76Y,기쁨,0.53,0.01,0.45,0.01
yTF9xqybtnU,기쁨,0.81,0.0,0.15,0.01
29qBuaURXDw,기쁨,0.98,0.0,0.01,0.0
l7lR9WCFWo0,중립,0.01,0.04,0.87,0.05
chniFQgxjus,,,,,
SOO07o-Hcfc,공포,0.0,0.27,0.0,0.21
_w_0Dip3A04,,,,,
unru6poupCo,슬픔,0.01,0.07,0.02,0.72
-VuBfc6xpqc,,,,,
skRkEocLhDM,분노,0.01,0.63,0.09,0.07
hO0a2NDaE9U,,,,,
ouL3eunIO1U,중립,0.4,0.05,0.49,0.03
pSnEcJv4JfI,기쁨,0.96,0.01,0.01,0.01
O88lFhCdMDA,슬픔,0.01,0.1,0.05,0.54
SqHYakXAph8,놀람,0.43,0.0,0.0,0.0
uWMFhkzDixM,중립,0.21,0.06,0.65,0.07
D1TywemT7ZA,분노,0.01,0.55,0.02,0.15
ciNBoX-YVp0,중립,0.0,0.08,0.74,0.08
9Rf_mDfSUxU,,,,,
nXovisOlxPs,,,,,
GQj_PpLXzCw,중립,0.03,0.05,0.53,0.19
1K7FfLp0sds,기쁨,0.97,0.01,0.02,0.0
4_aO0a8l8Co,중립,0.06,0.11,0.65,0.1
GPo2UxwGIM0,중립,0.01,0.04,0.53,0.35
ZRb17liv8F8,기쁨,0.99,0.0,0.0,0.01
56bpXp0aLjo,기쁨,0.92,0.0,0.07,0.0
3-_39p4Mzok,중립,0.1,0.0,0.89,0.0
vPCw0zD1mJA,기쁨,0.67,0.01,0.29,0.0
bIykuvba-_U,중립,0.13,0.12,0.53,0.13
gD4ieirbwv4,기쁨,0.96,0.01,0.02,0.0
jdoVyK8f-eM,중립,0.01,0.01,0.93,0.02
xuHV0HXyEPA,공포,0.0,0.19,0.0,0.19
Q5zBuSzc7B0,중립,0.02,0.01,0.95,0.0
L9FEn1oemYA,기쁨,1.0,0.0,0.0,0.0
5oY8Kh1Eg9s,기쁨,0.94,0.0,0.05,0.0
iVh31SCNtiU,슬픔,0.0,0.02,0.06,0.48
_aXsZqTANTs,공포,0.0,0.17,0.01,0.21
Xhx7zmrFG4U,,,,,
ltKNrsmLI-A,,,,,
FyF5KOCz514,슬픔,0.01,0.18,0.35,0.42
ZrfVRNe7mkk,,,,,
NXboBpQuXsY,중립,0.0,0.0,0.97,0.03
7N8hgMEMq_8,슬픔,0.0,0.06,0.03,0.62
rbIJS8xAmtM,중립,0.13,0.3,0.34,0.08
rePp5yQrN4U,,,,,
50kou1W1bqU,슬픔,0.1,0.31,0.04,0.5
1WuaHHPX7w0,슬픔,0.0,0.02,0.0,0.58
mZN-4OSUEtE,,,,,
QmueiTsyqiQ,중립,0.02,0.06,0.43,0.24
0KQdxmz0P8c,슬픔,0.05,0.18,0.24,0.3
TW3OCW-X8YY,기쁨,0.7,0.01,0.28,0.01
qkQrQS6DAxs,기쁨,0.86,0.01,0.13,0.01
zO3mIz1cSys,중립,0.0,0.01,0.5,0.46
KxmilqHLuYY,기쁨,1.0,0.0,0.0,0.0
0Te4GrUn3nA,중립,0.03,0.03,0.89,0.04
xYcIP7WYdRc,기쁨,0.91,0.02,0.05,0.01
jQ3CdT7U3kI,기쁨,0.89,0.0,0.11,0.0
SqDKtZvIp3c,기쁨,0.96,0.0,0.04,0.0
X-Mdb2X31u8,슬픔,0.04,0.15,0.12,0.39
0coKu_a_BMs,,,,,
0Tu11kDsvPc,,,,,
eOrUS7ZrwhQ,분노,0.05,0.32,0.28,0.13
RkB7sIQ38N4,,,,,
LJsL9M38Bkc,,,,,
L4Qyzu7BJUQ,,,,,
yABeygQqqSU,,,,,
YqfBK0-wuSg,,,,,
H9HvfZps7KM,,,,,
4_FKr6l4IQ4,,,,,
aoro3uiXckc,기쁨,0.96,0.0,0.02,0.02
y9kQh6Hwk_Q,기쁨,0.89,0.02,0.0,0.01
Ne_chrvc_gc,놀람,0.01,0.05,0.03,0.16
QDmy3K6LQps,분노,0.0,0.36,0.25,0.24
3Ohi2246_6I,분노,0.0,0.42,0.04,0.05
VXygY9eCo7M,,,,,
iyMrvcX_Bl0,놀람,0.0,0.04,0.07,0.06
tbstVo8VeQU,중립,0.0,0.06,0.59,0.09
bIIOrbW_HH8,중립,0.01,0.15,0.54,0.21
BZZsC61z4fg,슬픔,0.02,0.19,0.33,0.4
hO5SYvNqKB4,,,,,
ECW99NZcijo,기쁨,0.56,0.16,0.07,0.08
wzqLvJYwdJI,기쁨,0.49,0.04,0.09,0.15
zJWgQsbFLYk,중립,0.31,0.0,0.54,0.12
8LGILzOTpoU,중립,0.07,0.01,0.53,0.24
zZMbkBmsj18,,,,,
woydsSbXyvs,,,,,
hciMKsZPfOU,,,,,
4RdPhGaPPbk,,,,,
zc0z5TUod6M,슬픔,0.02,0.08,0.04,0.8
FylOwMOmo2g,,,,,
nVpYMz2ylHQ,기쁨,0.97,0.03,0.0,0.0
2N_I6IHpoRU,슬픔,0.09,0.2,0.07,0.55
w7LHGbFtZWs,,,,,
ZoWsTB4_KR0,중립,0.39,0.04,0.49,0.05
4OWyZnn-LdY,,,,,
YZAXXQpAAco,,,,,
NJuj7owftKI,기쁨,0.99,0.0,0.0,0.0
PS8m0YIT4UA,슬픔,0.1,0.22,0.09,0.45
qi_M1rDKF34,슬픔,0.0,0.01,0.08,0.88
toFthMnEAq8,중립,0.08,0.09,0.44,0.24
b2GKt5WK9hI,중립,0.0,0.11,0.72,0.12
9cv_Q4X3004,중립,0.01,0.02,0.93,0.01
hIAWmGasmxc,중립,0.0,0.15,0.49,0.22
MOYUr6iMxkI,중립,0.0,0.25,0.48,0.22
YyFe9KCStig,중립,0.02,0.01,0.92,0.02
Ki2CZBjsjfc,중립,0.01,0.21,0.57,0.19
vDVEknwThLg,중립,0.02,0.11,0.78,0.06
tmU0u-i4sxw,기쁨,0.35,0.25,0.14,0.15
zqzLS69nB5E,중립,0.01,0.03,0.85,0.07
J5A1iLSs3Ac,기쁨,0.95,0.0,0.05,0.0
CfXcagZ6QJo,,,,,
txt2LZiKuug,중립,0.01,0.11,0.82,0.03
0B-BSnq4Z74,놀람,0.28,0.01,0.05,0.01
3Tls764Sces,기쁨,0.73,0.01,0.17,0.01
FMcd8gBuZxM,기쁨,0.43,0.01,0.27,0.1
IV3CPMz2go0,중립,0.12,0.01,0.48,0.11
9hg8sWNOsvc,중립,0.13,0.01,0.6,0.19
WKvhKohx7C8,중립,0.01,0.0,0.48,0.2
Fl7ApKQhBCA,중립,0.02,0.0,0.67,0.13
ZCiQtK90qG4,중립,0.03,0.01,0.51,0.07
DtIUwdKvmWU,중립,0.21,0.02,0.65,0.05
orDCMs6iE7M,놀람,0.0,0.0,0.07,0.03
UoheJER8Jw4,공포,0.0,0.08,0.32,0.17
CggmmQA9gl8,분노,0.01,0.46,0.21,0.05
h_KGNfOZjNc,,,,,
a7e7-cRjxWI,중립,0.01,0.01,0.66,0.08
BF2WgIJbPXw,기쁨,0.96,0.0,0.02,0.01
rdRT3U5QoCw,기쁨,0.99,0.0,0.0,0.0
tpNUTSiBIpE,기쁨,1.0,0.0,0.0,0.0
3Jd-rMh8bN0,기쁨,0.99,0.0,0.0,0.0
eaQwlK2C9-Y,기쁨,0.71,0.0,0.28,0.0
Re4EZZDpM5k,기쁨,1.0,0.0,0.0,0.0
SP-6-mhYLho,기쁨,0.87,0.0,0.13,0.0
a8CWsTWpf7E,기쁨,0.84,0.0,0.15,0.0
qonl6GdIP5w,,,,,
_Y7UoJY9f2Q,기쁨,0.91,0.0,0.06,0.01
1wyfU5BCeQ8,기쁨,0.94,0.0,0.03,0.03
gltKbU-4dXI,기쁨,0.28,0.14,0.27,0.23
yv1j8GX92xw,,,,,
2GPCu9JeCCI,중립,0.4,0.0,0.59,0.0
6dDzULbPnrE,중립,0.33,0.0,0.66,0.01
5_qbWwdRe3s,중립,0.43,0.0,0.57,0.01
8K-_iKi7mtM,중립,0.36,0.0,0.63,0.01
redALBIuuvg,중립,0.25,0.0,0.74,0.01
JhIN3YOEnFs,중립,0.3,0.0,0.69,0.01
GyDnGoruoc4,중립,0.28,0.0,0.68,0.03
MH5KkrWCysc,중립,0.44,0.0,0.56,0.01
k9mCYKBKx0M,중립,0.35,0.0,0.64,0.0
vvI3RwPMhEA,중립,0.08,0.04,0.5,0.25
w-g_B8XgTNg,중립,0.0,0.05,0.59,0.21
lUh7yCSxJFM,슬픔,0.07,0.12,0.26,0.51
oqMGg5mbBDQ,,,,,
8BkWHdj2jW0,,,,,
fDa6OcTGba4,기쁨,0.63,0.08,0.08,0.15
mwCMBWDEJBE,,,,,
0bnK_dHGzdo,,,,,
kDYyrKSPjkM,기쁨,0.96,0.0,0.03,0.0
nZ0yM1Ks6A4,,,,,
R4WJ2VsHHW8,,,,,
-OYdBKtzS8g,기쁨,0.96,0.0,0.04,0.0
DSTDUDV0w5c,기쁨,1.0,0.0,0.0,0.0
TiQuzmd_M0M,기쁨,0.66,0.01,0.1,0.05
7Hjd47KgIcw,,,,,
aLQOpwIi0_k,기쁨,0.89,0.04,0.01,0.01
G5XsYTaNRvM,공포,0.02,0.07,0.07,0.32
4bO1eRfijnM,,,,,
epyq0L4i-Qg,,,,,
j4xO1eJvuxY,기쁨,0.38,0.15,0.16,0.17
LTyF4wE78Hc,놀람,0.03,0.08,0.0,0.01
oHGXjsX2brM,,,,,
FRdX5aaLY2M,,,,,
vhtTtJzCFCU,기쁨,0.84,0.07,0.02,0.07
vG5DNhkFb_g,,,,,
WH5-LKj-ArU,,,,,
EKDoM9Kghmw,공포,0.15,0.13,0.23,0.16
X4sJQLVafVc,,,,,
1z43_a7RY4w,중립,0.03,0.06,0.78,0.08
mBMUwn4zqqI,,,,,
7L24wOJhcSA,,,,,
lcmJCr2WBqs,,,,,
FmU-AmwJSdY,,,,,
V6iXvy5Ex8A,중립,0.0,0.0,0.98,0.02
6oO1f7X838s,,,,,
0z0wT5JW3zI,중립,0.34,0.02,0.35,0.01
HyMrSlfK4Kc,기쁨,1.0,0.0,0.0,0.0
OhXWrnhnhm0,중립,0.0,0.07,0.72,0.18
GjXTxgibrco,기쁨,0.99,0.0,0.0,0.0
QRHINpV2CW8,,,,,
mdpO81Lp_w0,분노,0.0,0.57,0.38,0.04
pCt1v2nyxLQ,기쁨,0.99,0.0,0.01,0.0
wUphJlUgAPE,기쁨,0.97,0.01,0.0,0.0
fppKNLJWiaU,중립,0.01,0.03,0.5,0.33
yADvGQoFvs4,공포,0.03,0.08,0.03,0.07
kTZYQesVJZY,,,,,
0oWNos30ICg,기쁨,0.98,0.0,0.01,0.0
xNvnmkJ3eRo,,,,,
j1JuUZLeEEU,슬픔,0.1,0.22,0.07,0.42
Nfac4Jm9498,,,,,
w7j-vUWRDVw,슬픔,0.02,0.1,0.14,0.48
raR4VKQo0MU,기쁨,0.52,0.06,0.13,0.24
Y0niFChwMqk,,,,,
DPMzUtFAEO0,슬픔,0.0,0.12,0.37,0.46
3Xh76CxDrOQ,,,,,
6DGttLY7aYg,,,,,
f9o7ovr87LY,,,,,
gbnmTOBSHMU,슬픔,0.27,0.08,0.13,0.37
6LOcGLBV36A,공포,0.06,0.19,0.09,0.25
fk0uYQah-fo,,,,,
TIDoB5iYzVA,기쁨,1.0,0.0,0.0,0.0
Gva6Avq5IhM,분노,0.0,0.26,0.21,0.24
jA24f8dT4zA,기쁨,0.81,0.03,0.14,0.02
ZzhUMYurwzg,분노,0.0,0.38,0.05,0.14
0pO4A0WYSws,기쁨,0.51,0.02,0.04,0.01
MzjRGdsjCHU,놀람,0.01,0.03,0.08,0.13
w3cVTqJzwB8,슬픔,0.0,0.02,0.0,0.96
ddWyeu9kr1E,중립,0.0,0.09,0.43,0.03
6kKgjpf3Ihc,공포,0.01,0.03,0.18,0.05
Gvaw88ysVHM,기쁨,0.68,0.12,0.13,0.06
IQ6qXY9gIRE,기쁨,0.79,0.1,0.02,0.06
OWjplMXTrQk,중립,0.23,0.18,0.38,0.11
fH_lwShRSfc,,,,,
2XzIYPVgXPM,,,,,
ZkfrsVj-LPk,,,,,
T7S09XQUHlo,,,,,
Zc9nBTQw2GM,슬픔,0.14,0.04,0.09,0.62
NsxffCD49lQ,중립,0.0,0.0,0.89,0.11
V5jVVhrF0YY,중립,0.19,0.02,0.63,0.12
b3IBr3-xGv0,중립,0.1,0.08,0.35,0.28
rSuWixbLFjY,기쁨,0.96,0.0,0.02,0.01
hO7FzPwJlHw,중립,0.09,0.02,0.67,0.18
ZaL99ZWFoi8,중립,0.09,0.01,0.88,0.02
p4okL7rPTq8,,,,,
AtRDuOKy4Rs,공포,0.13,0.22,0.14,0.21
q8pj5W2xhg0,,,,,
Mdq6VTpqKTo,기쁨,0.26,0.1,0.19,0.19
p5Lx6WMmLeg,분노,0.17,0.22,0.19,0.19
3lfFNypAPHU,분노,0.05,0.52,0.03,0.34
aP7jZ92pvEE,기쁨,0.97,0.0,0.01,0.0
_DfHfOJGjto,중립,0.03,0.07,0.79,0.05
roqGNBtEWNs,기쁨,0.45,0.03,0.19,0.02
xlctktTtE9I,공포,0.07,0.07,0.25,0.05
ZMipbolvIfw,기쁨,0.91,0.0,0.08,0.0
kZIB_izbsz4,공포,0.04,0.04,0.29,0.04
s9FYLKlIevM,기쁨,0.84,0.0,0.0,0.0
y9VFJ04OzKI,기쁨,0.49,0.01,0.47,0.01
kKduy1Wwjzs,기쁨,0.86,0.0,0.12,0.01
zGzQY1Y6oA0,중립,0.07,0.0,0.91,0.01
Z25re2Wqpzs,,,,,
ezCihKC_NEM,중립,0.04,0.06,0.53,0.28
btrMk9nR-rk,,,,,
NIzxazrFZAo,,,,,
6iSFA3-I4hg,분노,0.02,0.94,0.01,0.02
ECgpkgZPgEI,중립,0.0,0.0,0.46,0.4
HWbCB4VUH_Q,중립,0.0,0.0,0.82,0.17
VJeFof6z88I,,,,,
ssXsnmKZtSo,,,,,
3SXk--BNHHU,슬픔,0.0,0.08,0.14,0.77
nql5Anu4vwU,기쁨,0.61,0.09,0.11,0.1
s12c66wE-xg,,,,,
Nitic0q7rsQ,,,,,
FhA5ITcNM1I,중립,0.05,0.1,0.66,0.12
h8OsCq4Yb9k,,,,,
_yUHPD_CE48,기쁨,0.72,0.09,0.05,0.07
8f1nRizTCBw,,,,,
LazIdKtDLA0,,,,,
hVWjJYyET4Q,,,,,
t_dzZOT_SmQ,,,,,
AJYaKShKkuU,,,,,
-qbjP5Rs70U,슬픔,0.0,0.16,0.05,0.71
7timrgCsRLA,,,,,
cWdsVNE6vg8,슬픔,0.06,0.01,0.04,0.88
Y4c66WLNx5E,중립,0.03,0.13,0.45,0.38
Fsz4LTnx1oU,,,,,
3bi6rN4Aht4,공포,0.0,0.07,0.0,0.03
qrePauTQDo0,슬픔,0.01,0.18,0.07,0.38
kJe9fjRr48g,,,,,
ztn4H5EaSx0,,,,,
cQjDkC0uBwI,중립,0.16,0.01,0.4,0.39
MV0VFFodHjw,,,,,
E_K50D0rN-g,,,,,
fgfy1lxDtC8,,,,,
JvBHiyfW394,,,,,
NM9oQ_kePMM,,,,,
m-1IJQ9IjRQ,,,,,
pwSfR34hoVA,,,,,
3hX8H5m9b9A,,,,,
GWnohCzdWwY,,,,,
7MCzD-BoS5I,,,,,
GuCGuvNB1ks,중립,0.26,0.12,0.47,0.12
lxoYOm4MP2I,기쁨,0.84,0.04,0.08,0.03
W_Cst469iIQ,중립,0.02,0.04,0.44,0.43
dcvKZ_VTJXs,슬픔,0.0,0.01,0.01,0.94
pKWnCIFSCT8,,,,,
rqC6e2D7lIc,,,,,
EvOnRgqtT9M,놀람,0.0,0.09,0.01,0.1
plzitzGhsFk,,,,,
HC6j3CC-T9c,,,,,
a2U2RPnwnJY,,,,,
ARwadgWctko,,,,,
FG3YjNfoDuI,,,,,
mp2rbNgWh_U,,,,,
4UyJ3-XCYQ4,기쁨,0.89,0.0,0.08,0.03
B9oOh-xSEY4,기쁨,0.99,0.0,0.0,0.0
jQV36iM6kyY,기쁨,1.0,0.0,0.0,0.0
e1cCvBqsWbg,중립,0.1,0.21,0.38,0.18
xvilMx1j348,중립,0.06,0.21,0.42,0.22
omiasoEjZfw,중립,0.06,0.06,0.59,0.24
H9tbOYwbzJg,기쁨,1.0,0.0,0.0,0.0
EK614CKiM3k,기쁨,0.68,0.04,0.14,0.13
0oCqRFK5rLQ,중립,0.0,0.03,0.86,0.09
SMMz1e6QhYc,기쁨,0.44,0.09,0.07,0.26
Opxda6NqmNM,중립,0.07,0.03,0.7,0.17
doLZrCHEX7I,,,,,
YuT1OjKFbPE,중립,0.02,0.01,0.57,0.32
HfMXRJU7ujU,슬픔,0.02,0.14,0.18,0.57
iwaqqgj73B8,중립,0.0,0.0,0.55,0.43
ecTQZU1GblM,,,,,
BGkoBGp8N6s,슬픔,0.29,0.24,0.03,0.33
lXUJga_pE5U,,,,,
XsH_ZCG0rJo,중립,0.23,0.0,0.7,0.05
Z1y70IOaKXs,기쁨,0.53,0.0,0.46,0.01
U2wHeqG6T0s,기쁨,0.93,0.0,0.07,0.0
exdFp_2dkMY,중립,0.06,0.0,0.8,0.11
ITNvSrFwAjg,중립,0.1,0.0,0.86,0.03
sl6-esJSRqQ,중립,0.04,0.04,0.8,0.09
ZUxwosQ97vg,중립,0.05,0.0,0.92,0.02
UCSfy5mB24g,중립,0.16,0.0,0.81,0.02
rVEosly7hrk,중립,0.02,0.01,0.58,0.33
Isw8_cgt6wQ,기쁨,0.32,0.09,0.31,0.24
CT7G3YhLFe0,,,,,
cZrtb7vMPz4,중립,0.29,0.03,0.52,0.15
s8GE9oqBzDo,기쁨,0.38,0.13,0.03,0.2
xJE0UiRtlak,슬픔,0.1,0.24,0.11,0.42
_P1swfGa0Ug,,,,,
LY_8FhrrRqc,기쁨,0.92,0.02,0.05,0.01
LFIOWQqobns,중립,0.1,0.07,0.53,0.27
dlyom_W4h8o,분노,0.01,0.3,0.11,0.26
cYQ3t7fN3Js,슬픔,0.23,0.04,0.06,0.62
nppLS7uTtUY,중립,0.06,0.05,0.69,0.03
ODUWFj8jJN0,,,,,
UxzZZJh6sHc,,,,,
vH96roG8CDg,중립,0.38,0.03,0.41,0.16
teXl9oDLYEQ,,,,,
c144m948oh0,,,,,
uSImVQNXSek,슬픔,0.0,0.01,0.3,0.66
4wQTDuHdEKY,분노,0.17,0.34,0.13,0.23
CAQrEFhmGvQ,슬픔,0.0,0.03,0.14,0.54
CgX_wZTMgCg,슬픔,0.0,0.0,0.05,0.86
8iiYez0tPH0,슬픔,0.38,0.06,0.06,0.41
zj73WaQhu5A,기쁨,0.75,0.01,0.17,0.05
AS37_LC9tYw,공포,0.0,0.03,0.01,0.42
kn1wIZZNuMM,,,,,
uXk7cSXOG-o,,,,,
1Mpt_5Xj7ns,기쁨,0.92,0.02,0.02,0.03
_wmDx62X-sU,,,,,
ia6Axu6raMk,,,,,
XQ9f55vryao,,,,,
ylC4TgGGypM,,,,,
I-LCYC-0zXo,,,,,
NOMy_WcqzzE,,,,,
bLTwxRc0oeA,슬픔,0.09,0.23,0.27,0.31
mE8mZYQyo-Y,,,,,
3rlx883yo-w,,,,,
sU67GNvJgqs,분노,0.0,0.42,0.08,0.42
BUsnW1yaNrs,,,,,
eFzWLezXLHk,슬픔,0.0,0.06,0.04,0.59
jm-l9pQF6Uc,기쁨,0.43,0.1,0.06,0.34
qkPSOQkQuSI,분노,0.05,0.51,0.22,0.15
M9iSwgEk9Kg,슬픔,0.07,0.2,0.04,0.54
HUX_uKxtxxw,,,,,
acHGj8Yd7sY,,,,,
QdamOFHl2uk,,,,,
_5kh1KBfzag,,,,,
BrKr9rawkNQ,,,,,
_t4Dl-kkm_A,분노,0.23,0.37,0.17,0.21
ciRvNy7IVzY,,,,,
zNF2bRCJUR0,중립,0.05,0.2,0.28,0.25
Plk-LWTUZjA,중립,0.13,0.04,0.8,0.01
NUK-YvryznQ,기쁨,0.55,0.03,0.38,0.04
mTdHqCW8PtA,중립,0.02,0.03,0.88,0.05
-IUkHSdKw9o,중립,0.41,0.01,0.45,0.11
FT-DAN-_D0A,기쁨,0.94,0.0,0.05,0.0
wANA4t12GgY,기쁨,0.98,0.0,0.01,0.0
3CvSCcXLeiU,공포,0.02,0.06,0.22,0.32
wXdztVix76Q,공포,0.02,0.06,0.22,0.32
h4TZKq2wMoY,공포,0.02,0.06,0.24,0.31
1QCxnGs5C7E,분노,0.0,0.65,0.28,0.04
HYb1iZlM6dk,기쁨,0.85,0.01,0.11,0.02
4k4L41un4UA,분노,0.0,0.52,0.43,0.02
TeVmy21hoX0,분노,0.0,0.79,0.08,0.1
xrE-9QkW9fE,슬픔,0.01,0.02,0.16,0.76
j4KHDgyVenE,중립,0.01,0.02,0.82,0.05
DUX6Wjdp1x0,,,,,
MjOKozJtaKY,분노,0.14,0.38,0.04,0.28
J8CXCLYRbd8,,,,,
ue2TUd4coBU,분노,0.15,0.46,0.18,0.18
odsC2nQwB8c,,,,,
qn6Q0mzEjDg,기쁨,0.52,0.01,0.23,0.04
8V-yia1iLBc,,,,,
6XPNdjVmh6U,,,,,
50pkLQJLcUA,,,,,
CfwXf-oivFU,기쁨,0.41,0.01,0.34,0.05
yZgKdDxckTY,,,,,
2oDHPgO-lAw,중립,0.19,0.09,0.45,0.15
CgsaoObug04,중립,0.41,0.0,0.58,0.0
aNaZBOgbev0,기쁨,1.0,0.0,0.0,0.0
mm7kA_cBpjw,기쁨,0.62,0.02,0.25,0.01
hPyP6fqRVoQ,중립,0.18,0.15,0.54,0.06
GXbdgN8qw4c,놀람,0.0,0.02,0.21,0.06
2JyPLThmbn8,,,,,
wjL5iB1nBYY,,,,,
A0cnlIgtK_A,,,,,
ubUIBvZmunw,,,,,
HxxUKjME3o0,,,,,
QBdy5R-3xfk,슬픔,0.01,0.07,0.03,0.5
ttLi7Awl5-c,,,,,
qRYIoAoQ6DM,기쁨,0.56,0.06,0.02,0.02
RTYfZZGFsfg,기쁨,0.5,0.1,0.0,0.0
MCGTKs1OyCg,놀람,0.0,0.02,0.0,0.06
dkAaIfC1JrE,,,,,
3RJ3nGKtvwk,분노,0.02,0.35,0.31,0.13
aw4t1u9OocQ,기쁨,0.66,0.21,0.03,0.05
WmPjKMLTtfY,,,,,
yfQRl7Z-QO4,,,,,
-p6ZwYivqcM,분노,0.0,0.5,0.11,0.24
aq5hArusON0,,,,,
5G1HgadHM04,중립,0.01,0.08,0.73,0.14
OIxqbaCMZVs,기쁨,1.0,0.0,0.0,0.0
Dd27YxmMJRM,중립,0.03,0.05,0.5,0.35
ldPz5cgqAwY,분노,0.01,0.63,0.09,0.11
1PpECjv_8Ik,기쁨,0.97,0.0,0.03,0.0
Yc2xq-xhYww,중립,0.12,0.08,0.35,0.29
cj18EceXuJQ,기쁨,0.48,0.33,0.04,0.11
uM2hZo51gSI,슬픔,0.04,0.28,0.09,0.3
XGbVF5uydtM,기쁨,0.24,0.13,0.14,0.1
lAibICwcSFo,슬픔,0.3,0.05,0.08,0.5
37cQ9MrNYSc,기쁨,0.35,0.04,0.14,0.28
dOWBcbwkceE,중립,0.47,0.01,0.51,0.01
WvZuyhvkmIM,슬픔,0.11,0.17,0.15,0.4
82N_Q_Ndssw,,,,,
OWWPivZzOFI,,,,,
uGwwecfcVKU,중립,0.0,0.02,0.58,0.37
f0GedNZRaU0,슬픔,0.09,0.05,0.09,0.72
OBaegZvGX5k,슬픔,0.0,0.01,0.19,0.73
xKtj73QNnuE,슬픔,0.0,0.01,0.41,0.57
M5a7WFkwymY,슬픔,0.0,0.01,0.04,0.91
l43we64W9AA,중립,0.02,0.01,0.46,0.03
T9l5ZoWaRoI,공포,0.01,0.04,0.07,0.29
50B76yf6MXg,기쁨,1.0,0.0,0.0,0.0
Nwzj-9OyiY4,중립,0.01,0.01,0.89,0.04
6UmY6Dong6Q,중립,0.0,0.27,0.33,0.21
h5zN_snvU8w,중립,0.02,0.02,0.46,0.07
HVOEc6ipzAU,중립,0.09,0.04,0.62,0.09
IdL0tQsWOZg,중립,0.02,0.01,0.89,0.06
3l_6y3J5_Pk,중립,0.04,0.06,0.75,0.13
AhXMkUfz5Og,중립,0.0,0.02,0.77,0.19
wHRqZNvWzWI,,,,,
Ws-ZPqVHsxk,,,,,
vXVysLnw1g0,기쁨,0.44,0.14,0.26,0.13
xqNFzqVuXAI,,,,,
qiC_Go9K1xk,분노,0.06,0.48,0.11,0.2
NGc-VpX1rZU,,,,,
z_-jmX3qrHk,,,,,
a-YksUtjpqI,중립,0.01,0.34,0.4,0.14
wl6ievJJFEw,,,,,
7Dsm5Dgx1mo,분노,0.0,0.75,0.01,0.08
jMpAtxhWArw,기쁨,1.0,0.0,0.0,0.0
2vLvCNWiLTQ,,,,,
KrmMW337u-E,,,,,
LB44EitvkHY,슬픔,0.0,0.14,0.21,0.56
eWE8O2KVJe0,기쁨,1.0,0.0,0.0,0.0
S2AEBhUnJS0,놀람,0.12,0.11,0.22,0.2
BRM3OUNKZZU,기쁨,0.83,0.02,0.02,0.1
yOKYh2L09JE,,,,,
IfqtCKQ0bHQ,,,,,
PaeNORL-G8o,분노,0.0,0.6,0.06,0.28
bJ96aLU64CQ,,,,,
Cz25F6lbi84,중립,0.07,0.04,0.78,0.09
rpP_UxkUZx0,,,,,
lk6CjO8Wpt0,,,,,
Js3N44MSVSI,,,,,
BeZAYh0wris,슬픔,0.36,0.06,0.03,0.5
VL3chPT1SQ4,슬픔,0.29,0.03,0.2,0.39
mmj-RfonnkE,중립,0.26,0.01,0.52,0.18
a7ifDqs9czE,중립,0.02,0.28,0.35,0.02
abt7N19JfuE,공포,0.0,0.07,0.04,0.33
Fzg4Jt_TdmE,중립,0.08,0.03,0.43,0.39
iHV2inJp3cs,슬픔,0.01,0.26,0.04,0.55
-vTuutuliec,중립,0.06,0.01,0.56,0.33
tAw6mqKQB44,중립,0.0,0.09,0.63,0.24
p4nxaKFN1q4,,,,,
LkaWvjSP2bI,,,,,
y8SrKRv4SHk,,,,,
1gX0wP0CVQs,,,,,
lNcr0KMt_JE,기쁨,0.94,0.03,0.0,0.01
qE1wBeJvSH0,,,,,
miWSzRMMXZQ,,,,,
QpjJve0ps9s,중립,0.05,0.38,0.42,0.09
Da1xiMQ_T64,,,,,
oPfyn3AJSck,기쁨,0.45,0.04,0.45,0.06
EkAS_DmNkJs,놀람,0.01,0.04,0.0,0.01
fN1nqI0OShE,기쁨,1.0,0.0,0.0,0.0
OoTS5NdNMrA,기쁨,0.99,0.0,0.01,0.0
5qS0j1PQOOA,중립,0.0,0.09,0.88,0.02
-u2li6LWJAo,분노,0.02,0.52,0.12,0.12
hkvwISlvR-E,기쁨,0.98,0.0,0.02,0.0
9by_r9NjIzs,중립,0.19,0.0,0.79,0.01
sRIwWTvPGQY,중립,0.0,0.1,0.77,0.12
SliiXMAYouQ,슬픔,0.01,0.01,0.17,0.41
dQgJrXAeYls,슬픔,0.0,0.38,0.07,0.49
xQhkDCNlLzY,중립,0.2,0.01,0.74,0.04
Am6qLasyxk0,중립,0.02,0.01,0.73,0.0
bL9ylX7gXRk,분노,0.0,0.33,0.09,0.06
7GMKUk_Z3fw,중립,0.01,0.2,0.25,0.21
Jl3IsniSaW0,중립,0.0,0.04,0.65,0.26
-C4vg0LcCUs,공포,0.0,0.05,0.01,0.14
i58XerAmrGg,,,,,
D1aFtp1MqUo,,,,,
l8sVF1bQ4LA,,,,,
qY9Q2r6Unug,,,,,
u6oktR--Yxk,중립,0.02,0.02,0.49,0.24
4ENoQIWL8-E,중립,0.01,0.03,0.4,0.38
Xu1Du1rEFls,슬픔,0.0,0.01,0.42,0.49
vZuETL7OM1E,기쁨,0.6,0.08,0.21,0.1
87rP6XxZHbg,,,,,
iHUnkk00Q14,공포,0.0,0.06,0.14,0.05
2T5J32-Ziv0,분노,0.01,0.43,0.39,0.14
RMapihxhe9Q,중립,0.0,0.02,0.87,0.07
xv7WsfS7sDU,중립,0.0,0.11,0.82,0.04
FeDzmIHXqik,,,,,
rmrEvR7Quoc,슬픔,0.01,0.06,0.13,0.78
V133LkosJPo,중립,0.05,0.03,0.9,0.02
fKGtYVBIrsE,중립,0.04,0.03,0.79,0.11
cp_O0i3SgvQ,,,,,
eVef1JI-vaI,기쁨,0.52,0.29,0.05,0.06
IRUZFU6b7wY,분노,0.01,0.91,0.01,0.0
4iEUbSAT9dM,분노,0.01,0.98,0.0,0.0
1aQorq_fS4U,분노,0.01,0.98,0.0,0.0
ZFaiJuaXUJE,슬픔,0.0,0.03,0.04,0.69
ReeYO6Uggxk,슬픔,0.05,0.01,0.04,0.54
CeluASmaghk,슬픔,0.02,0.22,0.07,0.55
4FuxdCrLDcc,슬픔,0.02,0.17,0.07,0.64
uKesA7B7IZc,슬픔,0.02,0.17,0.07,0.64
27gT_MAV05A,,,,,
giW_UFOE_iM,중립,0.04,0.16,0.44,0.35
57CMk0pI9ec,슬픔,0.14,0.03,0.06,0.63
TTTqRs6cITI,슬픔,0.0,0.02,0.05,0.77
kBXcWbYBLQ0,슬픔,0.0,0.03,0.03,0.77
-2xa-Xu5eaI,,,,,
gxKcQyobF1k,분노,0.01,0.61,0.21,0.17
8QtgGzt-Ink,중립,0.01,0.08,0.65,0.21
8yLEhS-tg7I,슬픔,0.01,0.15,0.21,0.37
-8o2hbZdgAk,중립,0.05,0.14,0.59,0.19
ECKmgl6Tlek,중립,0.02,0.03,0.58,0.28
e0lghYubNvE,중립,0.05,0.06,0.48,0.29
v1ljSDmRsu4,슬픔,0.01,0.03,0.01,0.73
ana2rPO7qfU,중립,0.03,0.13,0.36,0.16
IY6clQAYqKg,중립,0.09,0.04,0.76,0.05
GjlQCGMh4-8,중립,0.08,0.05,0.53,0.31
msO2QUaSK1M,슬픔,0.07,0.26,0.02,0.38
t9MIGJOjTl0,기쁨,0.76,0.01,0.01,0.0
c20kNKtEytA,중립,0.41,0.02,0.51,0.05
yngVBZ7dLYg,중립,0.01,0.01,0.46,0.01
3Ne2fze8xOc,중립,0.0,0.03,0.83,0.07
zfWWe6k4Cjc,기쁨,0.54,0.02,0.4,0.03
TcM8UlQq--w,중립,0.01,0.06,0.79,0.07
t2ibS2fD5Ek,분노,0.22,0.47,0.23,0.06
AEv5h-qNFCs,기쁨,0.4,0.29,0.07,0.14
mIyuI4yGFeE,,,,,
GGN10z1rXWc,중립,0.0,0.07,0.87,0.05
5boln8klI-g,,,,,
m2WvesYODR4,중립,0.0,0.06,0.82,0.11
J284pOf55mo,슬픔,0.02,0.09,0.09,0.65
7ZAi8gwYD2c,슬픔,0.01,0.04,0.07,0.79
llHJ3X9G73Y,중립,0.15,0.0,0.82,0.03
fs5MRV96qdk,중립,0.01,0.14,0.44,0.16
61sZmCF5Wyo,중립,0.07,0.0,0.91,0.01
PNGHOAwFC2Q,중립,0.0,0.02,0.75,0.17
4IeI9ATVHXM,중립,0.02,0.02,0.91,0.03
j-VPuBm2_PE,슬픔,0.0,0.04,0.14,0.57
6PcrsGeTvfE,중립,0.02,0.02,0.59,0.21
KwbqbUCmtvI,공포,0.17,0.05,0.05,0.31
T1u52rnL9-g,공포,0.01,0.06,0.1,0.3
pqicKVQoHyE,기쁨,0.42,0.02,0.25,0.25
Wkmyh7_yJyg,,,,,
s56zzazZM2Q,분노,0.04,0.61,0.06,0.16
g5hlp5l_Ib8,기쁨,0.36,0.07,0.09,0.19
MKljC9DvmZ0,공포,0.01,0.17,0.11,0.1
JyeTrbMOrD0,,,,,
JCLzRvVO0Uw,슬픔,0.01,0.24,0.17,0.28
z5s0zdpdz98,분노,0.0,0.93,0.02,0.02
MsW45DqYSik,공포,0.12,0.02,0.12,0.11
KoANWu85V5E,중립,0.01,0.19,0.4,0.36
emPvVqbywCI,중립,0.0,0.26,0.52,0.14
zsyJ9stX5WA,중립,0.0,0.25,0.35,0.29
uknnbPq8hYQ,슬픔,0.0,0.1,0.27,0.38
HBnWD6X8trM,중립,0.01,0.03,0.55,0.18
MjUT2ZTbAIk,중립,0.01,0.18,0.37,0.21
gPIgGFTbVXA,중립,0.02,0.05,0.57,0.06
7Wio39ycx2Y,놀람,0.03,0.34,0.05,0.01
7nqKa5nf3Js,슬픔,0.0,0.05,0.27,0.65
AWcZqq1mPWY,,,,,
KRpPoMYgxyc,,,,,
BnZp-d32yfg,슬픔,0.06,0.05,0.28,0.53
SNn4XsTMLRc,분노,0.0,0.56,0.27,0.15
LTx0wzMP1YA,중립,0.03,0.05,0.51,0.32
C_GoNGVF3_Q,,,,,
R0UEWLCI1WU,,,,,
r4NeFzEjRds,,,,,
cFnFVQtkL_U,분노,0.0,0.51,0.08,0.39
O34zJFpxar8,,,,,
6Mzyc9-DVEk,,,,,
n6BugTa8DK0,분노,0.23,0.43,0.23,0.02
R6lfR8rwCAA,,,,,
WZ0JNETJ4Qc,슬픔,0.07,0.01,0.12,0.77
EZqBL7POXw4,,,,,
0w_EcET0szw,,,,,
BDOiwasqhhs,,,,,
hBpNprDP60o,,,,,
w7fDmIDpTvQ,슬픔,0.01,0.09,0.28,0.55
Ikcr1-tZBWc,,,,,
7mg6JUKMp0Y,,,,,
CVl3_4dTwfY,공포,0.06,0.1,0.07,0.3
3QVoeF4pkNY,놀람,0.12,0.01,0.02,0.02
AlRAFPQ0C9I,,,,,
JOoCt4iXKPU,,,,,
f5MwmDYsKqw,,,,,
vioFL8wDbhU,,,,,
QNg9c9mBVh4,,,,,
aPfsrfMqetU,놀람,0.3,0.01,0.09,0.0
ZHytmSz8TBQ,,,,,
6W-xlSmcods,,,,,
P7PzsLURZnk,,,,,
a3AUiAuqzX0,놀람,0.0,0.03,0.07,0.05
3EREfECd4JQ,중립,0.01,0.06,0.82,0.04
fJziyqckxYg,중립,0.09,0.14,0.57,0.04
7ooZGiBYDz0,분노,0.02,0.46,0.16,0.19
c4iA1miEj84,놀람,0.02,0.0,0.1,0.01
iq2wxrMqJ7k,중립,0.11,0.02,0.53,0.21
iajmvcKltec,중립,0.0,0.11,0.37,0.18
oRdcI8lyZss,놀람,0.06,0.0,0.02,0.02
UpkCmWWX0pI,분노,0.0,0.46,0.11,0.19
Aq9DcdU7Hp0,중립,0.03,0.08,0.59,0.27
mEPkiinWln4,기쁨,0.35,0.23,0.09,0.23
6_LJx2Vw17Y,슬픔,0.0,0.23,0.13,0.51
93Uit9HmXSg,중립,0.27,0.09,0.58,0.05
TfumSA_XZc0,슬픔,0.0,0.21,0.08,0.38
KmJY99GtF3I,중립,0.07,0.29,0.38,0.18
o3HsXWaAkUs,기쁨,0.67,0.0,0.31,0.02
rk3D_SihouE,,,,,
VsIjVTrYw2M,,,,,
y_gWKClhx-M,슬픔,0.01,0.03,0.36,0.38
EJCEVDnQQhQ,,,,,
LVllMCVNxZ8,슬픔,0.01,0.12,0.17,0.69
OPyYbKRoia0,,,,,
v3xybyXGuR0,,,,,
ZdnbeJk3F54,,,,,
5V_OQvDaKfs,기쁨,0.49,0.39,0.03,0.04
_JvtBJBKvDI,,,,,
eC1BsVskc4U,,,,,
dbOOqkxV8mE,기쁨,0.99,0.01,0.0,0.0
eyoIptdUozg,,,,,
dyc8cR1_q9k,,,,,
YZc6KUImnM0,슬픔,0.02,0.09,0.29,0.36
8-CeqMs7Gag,,,,,
0ocqJ_4eaQU,,,,,
sPFJglcN3_I,중립,0.01,0.01,0.91,0.06
lP7BKZsL2oA,중립,0.01,0.01,0.91,0.06
nfcoE1_7wsY,중립,0.01,0.01,0.91,0.06
78nFMmcGizQ,중립,0.1,0.02,0.66,0.21
v6gWDB1Q4Ws,,,,,
T8LGD7gFODU,분노,0.01,0.66,0.06,0.05
O77bfroKOjI,중립,0.19,0.15,0.49,0.17
k529wUXnQYc,,,,,
Z-OAF99hK10,공포,0.0,0.03,0.13,0.13
4L2G9WPEkok,슬픔,0.0,0.04,0.31,0.62
hqkUVRmwYe8,중립,0.0,0.03,0.41,0.15
HMrshiZajes,중립,0.14,0.02,0.74,0.08
zMR_FPeKkYU,중립,0.0,0.11,0.62,0.25
JMHJHF2_eAI,슬픔,0.0,0.0,0.05,0.93
ZDG5u2ioqKQ,슬픔,0.0,0.11,0.42,0.46
R9uz3Y_z1G0,중립,0.0,0.02,0.75,0.23
Hg-CyNFvtHg,중립,0.0,0.33,0.47,0.19
a9tKGbrg7dg,중립,0.0,0.31,0.45,0.21
dTkOyIqJl7o,중립,0.01,0.27,0.6,0.11
EA-2xQMNepU,중립,0.3,0.0,0.62,0.08
MA7WgdZNkjw,중립,0.01,0.24,0.54,0.21
kBsMEvTZr2g,분노,0.0,0.47,0.18,0.34
b0r2QgSWkUE,,,,,
9dIHuZvulnU,슬픔,0.24,0.07,0.18,0.47
e2KRHLoCcW8,기쁨,0.57,0.22,0.03,0.0
L_B3F6V7Fqg,슬픔,0.01,0.05,0.05,0.68
2pdQvsRTteo,,,,,
NeiAklK4bcY,,,,,
zcXHA6lm3DE,,,,,
_ITpmwNS-QI,중립,0.01,0.01,0.97,0.0
0BgVDr_tkro,기쁨,0.78,0.12,0.02,0.03
V8RG_4xJ0Q4,,,,,
Ap54CRPCNYE,중립,0.0,0.05,0.58,0.32
Yw9PEQ2qo44,중립,0.03,0.02,0.89,0.01
-Btu3BydQbI,중립,0.0,0.01,0.79,0.06
UBE_aXPAR14,중립,0.01,0.0,0.95,0.03
6Flr4qFhwDc,중립,0.01,0.0,0.96,0.02
kQCfR5tpx80,중립,0.21,0.01,0.74,0.03
3Zp92nDv5Tk,중립,0.29,0.01,0.6,0.1
GQ7p3PmW4Mo,중립,0.0,0.0,0.84,0.14
hfxSMxiiadc,중립,0.0,0.02,0.75,0.22
nXinDtOQMLM,,,,,
vHomae7AsTQ,기쁨,0.64,0.13,0.09,0.05
jV7XEqbZjZg,슬픔,0.03,0.36,0.11,0.42
zexXTLiB7KM,슬픔,0.0,0.15,0.05,0.46
jsMLUoNjBPA,,,,,
YSOz3rFeFbY,분노,0.08,0.34,0.17,0.17
oR18OQOuA0o,,,,,
hs85_AROSuY,슬픔,0.24,0.21,0.18,0.27
pBipnPALMyY,중립,0.01,0.01,0.85,0.08
yCcy01mZ8oA,슬픔,0.03,0.38,0.1,0.4
YuhzMNWvN74,,,,,
QjAOYPLsbMU,,,,,
cWBDnm4XKek,슬픔,0.05,0.05,0.07,0.59
zEd_GAZ-jQU,슬픔,0.05,0.06,0.08,0.53
O9YWPyC79pE,,,,,
KORJliBqT5U,공포,0.01,0.03,0.01,0.24
0457pbjhHLg,공포,0.0,0.01,0.01,0.4
gLRfngO22ok,,,,,
qmtooKkBMoY,슬픔,0.02,0.01,0.06,0.83
eitZR1FjDsw,,,,,
Yv_FzDgkVtk,기쁨,1.0,0.0,0.0,0.0
Aiuru-VUpeU,중립,0.01,0.02,0.65,0.19
Hordv_OgLcE,중립,0.24,0.03,0.54,0.05
SulC6Qfw6gs,중립,0.13,0.0,0.81,0.04
LoaVHcAlt2A,기쁨,1.0,0.0,0.0,0.0
JLd4lekHMBE,,,,,
h75ZvvoS4nU,중립,0.14,0.11,0.39,0.35
iS-WqVTwEAE,기쁨,0.55,0.0,0.33,0.11
fOhjD92bWp4,기쁨,0.88,0.0,0.11,0.0
c3EgU_MOpHM,슬픔,0.02,0.24,0.02,0.37
gBM4Dq9U_io,기쁨,0.81,0.06,0.03,0.06
xKhFYAL6hUE,슬픔,0.1,0.07,0.27,0.4
TEIsmHi0amw,,,,,
0zmFmnFwzZ0,,,,,
i_DBL_hHGMs,슬픔,0.26,0.22,0.13,0.37
EG1I4Y-Hf-s,,,,,
toQOgWrAjCs,중립,0.0,0.04,0.79,0.14
sNaZNE_rubg,슬픔,0.2,0.2,0.12,0.27
JIHYRv-hbsc,분노,0.0,0.99,0.0,0.0
l7KupfrsyPw,공포,0.16,0.21,0.14,0.17
n9cRAurbQ88,,,,,
0cbknpLxJq8,,,,,
Nb8F0rImis4,,,,,
KGcHXjuz8ZQ,,,,,
SWdUjXQcs-U,,,,,
73x_l1OwQ6A,,,,,
puZVQ_2iLyM,,,,,
kZgQZLAIjz0,,,,,
NHHnhkGxvx8,슬픔,0.04,0.04,0.13,0.62
FZkHI64Xs8U,,,,,
RFy8q_5KM3w,,,,,
BVEXmUajHfo,기쁨,0.88,0.06,0.02,0.03
ArfaTMAhQnA,,,,,
19cNy1Boeok,중립,0.01,0.02,0.87,0.08
aGnZpr38_BA,,,,,
xtPfRWM74Fs,분노,0.01,0.65,0.24,0.09
4_Gu29F_r2g,슬픔,0.0,0.13,0.12,0.38
MP5IOd6ccXE,중립,0.01,0.22,0.54,0.21
y_7dVUKsfyg,,,,,
aNAx8uYKKH8,,,,,
N1-suNmrwf0,분노,0.03,0.56,0.23,0.1
u16H2uGhtAg,슬픔,0.01,0.04,0.09,0.43
8R-bS0_Q4UM,기쁨,0.98,0.0,0.01,0.0
A40sP8sgSGM,기쁨,0.8,0.01,0.01,0.03
lV7jf01ScC0,공포,0.0,0.07,0.21,0.26
3UWrMZyPt5A,놀람,0.02,0.16,0.23,0.19
7Cpp6ckefac,놀람,0.1,0.2,0.17,0.14
iK98lZW1194,중립,0.01,0.07,0.48,0.39
i91p0HCgcKA,중립,0.06,0.01,0.56,0.18
PAFt4mMn0Cs,중립,0.03,0.03,0.73,0.16
JPjEjBtpBHc,슬픔,0.0,0.14,0.25,0.57
eiQU0YQ9Z4A,슬픔,0.12,0.22,0.17,0.37
il0s8kucXrc,슬픔,0.12,0.22,0.17,0.37
81H63zK-WCg,슬픔,0.12,0.22,0.17,0.37
dHTL3skqLNE,슬픔,0.12,0.22,0.17,0.37
zt3wt3sowNI,기쁨,0.99,0.0,0.0,0.0
Oj6QWmLkIVI,,,,,
hNFe5Y7nFhU,슬픔,0.18,0.09,0.1,0.48
NcEEuJqoDH8,분노,0.23,0.25,0.18,0.2
nvEBgZg32jM,공포,0.08,0.12,0.26,0.14
gw8oybaa6GY,슬픔,0.07,0.14,0.04,0.62
gdUjFKyafrY,,,,,
eai-iOJUc8c,분노,0.14,0.69,0.13,0.02
2LgsOQTt1jQ,중립,0.04,0.2,0.35,0.34
x2uvavKNoG4,,,,,
QreIjspAI-k,,,,,
ZJ4w4O02Mi4,중립,0.0,0.09,0.73,0.15
yy_oV38-Wo4,중립,0.12,0.0,0.73,0.1
JBNX68XsEOA,중립,0.01,0.12,0.53,0.22
Nc3HWBHtsic,,,,,
UJYMb4nvLu8,,,,,
bCZ2RcD2EJc,슬픔,0.03,0.08,0.39,0.44
7OpHnwYP-50,,,,,
xQM0nZ2w6Fg,,,,,
L5yIMaIg05A,놀람,0.0,0.01,0.09,0.1
EIF4gsdfVj8,기쁨,0.99,0.0,0.01,0.0
-aDlMeQ-CgA,분노,0.01,0.49,0.16,0.05
4m2GFzVkJaQ,공포,0.02,0.14,0.11,0.33
PZG2d948zWY,중립,0.0,0.01,0.74,0.19
JHs5EsvG9OY,중립,0.0,0.06,0.66,0.24
FB3EFt5mHLQ,,,,,
1WIvE0NNWh4,공포,0.0,0.01,0.16,0.09
Rq10OgsQ_Zg,,,,,
mSJzM7jfaCk,,,,,
DTK5wTbKmkI,,,,,
W2p31l1Uf2Q,중립,0.17,0.02,0.68,0.13
Z-rhvADNTm8,중립,0.09,0.18,0.64,0.08
SYmux6SMFwg,,,,,
kJEN5j7vdKM,슬픔,0.01,0.03,0.12,0.78
XgQMDCHNI2M,기쁨,0.54,0.21,0.0,0.02
lr0q4deTtbQ,,,,,
oWZsCtTq0RA,,,,,
ZM-Sb-6Ln14,,,,,
PlLJu0MUmOI,,,,,
FRI1hhBuFQ8,분노,0.0,0.92,0.0,0.02
8lmQGOZ2iT8,분노,0.0,0.95,0.0,0.01
5ouh-aMY2e0,,,,,
C6cfr6w6H8g,,,,,
8NxMl7U8vj8,,,,,
4VqhKiG6Q6Y,,,,,
J_DZMd3fLgA,,,,,
6IIoCaO9jBM,,,,,
nkdjfyNhYfw,,,,,
h54H7dqE1c4,,,,,
mj6NCf-ytCM,,,,,
NRpFiAgD2Nk,,,,,
As9PkwcI_mo,기쁨,0.84,0.0,0.15,0.0
xw_y64ARnh8,기쁨,0.49,0.0,0.49,0.01
PfUJ3fST3VY,,,,,
dSnPg_q_2o8,기쁨,0.99,0.0,0.0,0.0
gaEXF-_Axtc,기쁨,0.65,0.0,0.34,0.0
J1z__GvkjvY,중립,0.34,0.01,0.62,0.02
eUR7AKo5P5I,놀람,0.14,0.01,0.03,0.11
dXOR_ScD-5I,중립,0.08,0.02,0.79,0.01
7kpNNaK4jpU,분노,0.01,0.54,0.04,0.13
-G59KaEKgAU,분노,0.16,0.44,0.08,0.26
6_i7wUuyx-w,분노,0.01,0.97,0.0,0.0
p1UgHLSfqh8,분노,0.0,0.31,0.26,0.11
pqo-h481mJI,기쁨,0.6,0.0,0.23,0.04
kc7B8HQHd08,,,,,
QLOm8crs7G4,슬픔,0.05,0.05,0.29,0.52
DlKjfMJ9S88,기쁨,0.99,0.0,0.0,0.0
pEcF-9JJqHE,기쁨,0.34,0.16,0.14,0.21
RJliY4zbo_I,기쁨,0.91,0.03,0.04,0.01
YSK4mT1QHFE,공포,0.01,0.11,0.05,0.09
_vRiQX-i5Jg,중립,0.0,0.01,0.62,0.36
4wSiU_tVPcs,중립,0.0,0.09,0.82,0.06
f7LmoB9aEsE,분노,0.0,0.38,0.04,0.02
5ekU7AGJoDo,슬픔,0.07,0.05,0.39,0.46
rqqEELXtm4c,중립,0.0,0.17,0.42,0.16
N84Ze0l5UcA,공포,0.0,0.25,0.11,0.05
zEL6afroEF4,분노,0.0,0.57,0.13,0.1
q_iCxsJLzM0,분노,0.01,0.59,0.21,0.08
yCUSufxqLcs,기쁨,0.85,0.02,0.1,0.02
K0Di0TGFmik,,,,,
ijPDHUG6uZc,,,,,
P1BWt1LqRNE,놀람,0.03,0.22,0.21,0.05
Blo-eiXJtDI,,,,,
vTlMkNVHHCQ,기쁨,1.0,0.0,0.0,0.0
KESVavDx1-o,,,,,
y5qI_SY7sA0,,,,,
vhgG7B87kdY,슬픔,0.05,0.32,0.12,0.37
p6KDt8iXBF4,분노,0.0,0.93,0.0,0.03
m3cPIlBGVs0,슬픔,0.07,0.08,0.28,0.37
X_ied34jYkc,놀람,0.0,0.04,0.01,0.01
2BafPD2PYQM,중립,0.2,0.02,0.56,0.2
k2n9yiMiXNk,슬픔,0.04,0.12,0.36,0.41
ttmlDd17tUM,분노,0.0,0.91,0.0,0.0
BuWFEaQ7ejk,중립,0.0,0.27,0.41,0.22
EVhT9W5fVng,,,,,
FAoLywybL_k,중립,0.01,0.04,0.74,0.13
tXVWXO4LuEE,기쁨,0.99,0.0,0.01,0.0
WfNQj1OUAKM,분노,0.01,0.93,0.0,0.0
f-ZHEo97QvY,슬픔,0.0,0.2,0.02,0.52
enAX6OKQ1aQ,기쁨,0.9,0.01,0.0,0.02
KOMEIoCSa6w,슬픔,0.0,0.05,0.0,0.6
yvft80eiCrU,슬픔,0.0,0.18,0.27,0.41
IQo_yKUkdic,,,,,
yDgG4_iPFeU,중립,0.0,0.03,0.52,0.38
pA3tWIaBn7s,슬픔,0.0,0.0,0.01,0.96
JdZrDD4RbC0,중립,0.05,0.07,0.81,0.06
1_F21esR7aE,,,,,
v-XZWe8dNeE,중립,0.19,0.03,0.56,0.11
tkqNomzmLZE,,,,,
U4jz4v14K8c,중립,0.03,0.21,0.55,0.14
kbl-ZtT0qW4,기쁨,0.91,0.05,0.02,0.02
tkdKMrCEqRo,슬픔,0.02,0.1,0.23,0.35
MeRBY4N1ug4,중립,0.0,0.01,0.7,0.25
S4u5BndFe-U,,,,,
3LPQiCCn62g,중립,0.02,0.01,0.85,0.07
BhqTkw9tYVE,,,,,
3mv125VDq9c,,,,,
_93Q50vwdyg,공포,0.01,0.15,0.04,0.11
_HofbYlAIoA,,,,,
ZIF6twG96h8,기쁨,0.98,0.01,0.0,0.0
VlckFDf57R0,슬픔,0.0,0.09,0.07,0.77
QlQ1H4PdVO8,기쁨,0.92,0.0,0.07,0.0
qingY73HO0A,중립,0.01,0.16,0.51,0.3
Z73K9UIwMHI,,,,,
3346C8AIIsU,공포,0.0,0.2,0.15,0.17
hDGDvEGHlhA,기쁨,0.78,0.06,0.04,0.03
QUGHCgHXZBo,,,,,
ALVW2T3L1bs,,,,,
bc9YawOMtaE,,,,,
TLI_g7HsxUg,슬픔,0.11,0.25,0.28,0.32
KP-CbWfOMbY,,,,,
rmed48vZHgc,슬픔,0.02,0.15,0.17,0.55
h18YroFLMqQ,기쁨,0.8,0.0,0.02,0.14
L1U4IRpkUbw,슬픔,0.0,0.07,0.04,0.88
1vfUpoMrBJE,중립,0.01,0.03,0.81,0.13
nMfIr4sxg2I,기쁨,0.43,0.13,0.11,0.15
F8hrRsP16mA,,,,,
ESS8B2-1RGM,슬픔,0.07,0.1,0.15,0.4
EPZlR4nEjrs,기쁨,0.95,0.0,0.01,0.03
PcYXAs47FEk,중립,0.28,0.0,0.65,0.04
RPMPqZd4qGs,,,,,
3_Xvq776NLw,공포,0.0,0.05,0.01,0.05
BZ3FONxtS0o,공포,0.01,0.05,0.28,0.13
Y7CF2sq9JZY,중립,0.0,0.02,0.91,0.04
opPHcZ__6fc,중립,0.15,0.03,0.57,0.2
ZJSiNQPe5Js,기쁨,0.53,0.03,0.4,0.02
gSnALNIVVzg,슬픔,0.01,0.09,0.01,0.56
QvH3latR1ZA,기쁨,0.75,0.05,0.06,0.09
QgeBTF8-C9w,기쁨,0.8,0.04,0.06,0.06
yD1_eXMcZu0,,,,,
dbyGgWLPLyg,,,,,
X0z_VHVMfH8,분노,0.01,0.63,0.02,0.27
VgpS_UqzYRs,기쁨,0.75,0.05,0.06,0.09
5HpobeAlq6M,기쁨,0.32,0.05,0.16,0.22
Be0YvRF_M44,슬픔,0.02,0.03,0.28,0.63
RD1qRk4wKVY,,,,,
8hOrwVhxF_4,,,,,
xpoRKzVejgw,슬픔,0.08,0.07,0.17,0.54
XMjIgB5lA0A,기쁨,0.82,0.02,0.05,0.05
sPpjQ8Y7Oeg,기쁨,0.6,0.08,0.04,0.11
b62z3KmOAko,기쁨,0.55,0.0,0.44,0.0
qu3pnaWMhOQ,,,,,
eLlUVAKiI_I,,,,,
aswP3Hfh3nU,,,,,
PmOpXom0hto,,,,,
hqgjZvnFC4M,,,,,
Jw31qzvvqbk,,,,,
gwXuUXfp8Zo,,,,,
v0EULaNr-9I,슬픔,0.0,0.04,0.05,0.46
V2qeDKqbKGk,슬픔,0.0,0.04,0.05,0.46
yIdZU3G3O5Y,슬픔,0.0,0.06,0.14,0.45
qhu8P6mm5SE,,,,,
gfh0-DQ_2Hs,,,,,
Pob7w6UyV7M,,,,,
-N4pa0KRk9M,중립,0.11,0.25,0.38,0.01
bLCejghM7ew,,,,,
CKfk3-mccF0,,,,,
_RUYWZIONPg,,,,,
QGf9K0XN5kQ,,,,,
OyaN5g5aws8,,,,,
lLtHbZg9m_g,,,,,
YUioeXeZOcs,,,,,
_1qTiq2rC18,슬픔,0.01,0.1,0.27,0.41
KR2mVXBg6MY,,,,,
-C3K4FGLcoE,중립,0.12,0.09,0.47,0.31
eeuPmEw2uKs,,,,,
PQ1nlH0hqMs,,,,,
5ly64ejjJ0E,,,,,
nrLFiqhqnMk,,,,,
hW9HPYbYXd8,중립,0.0,0.07,0.32,0.31
8hiRqcbpOB8,,,,,
kmXbrGYGwvk,기쁨,0.79,0.0,0.19,0.01
DbFmrtHo2eg,슬픔,0.03,0.17,0.22,0.53
lBvWcDiIyIQ,슬픔,0.0,0.05,0.03,0.76
8m63mMBcwl8,슬픔,0.09,0.17,0.18,0.49
pQRz19ZcwL8,분노,0.0,0.89,0.0,0.01
yel6E414UjI,기쁨,0.99,0.0,0.01,0.0
snzxqMjxToQ,,,,,
UXfOKezCqM4,슬픔,0.0,0.16,0.06,0.41
e84vXP_Y4B4,,,,,
-xAnHDGIdQA,기쁨,0.97,0.0,0.0,0.02
J2zcBFJMauk,슬픔,0.01,0.2,0.03,0.65
feURb6_nfCY,,,,,
a1qm1c8MnIM,슬픔,0.13,0.22,0.07,0.34
GzzqMcUI4K0,,,,,
kb-qag3GUOw,공포,0.0,0.04,0.06,0.16
X-yRByBq68A,,,,,
HlmDzGFKRZQ,놀람,0.0,0.0,0.0,0.0
mW9t4IPnCfA,중립,0.0,0.0,0.45,0.05
Xb_FF1HEsD0,놀람,0.03,0.08,0.31,0.03
6G7QNa5DUYU,중립,0.06,0.09,0.46,0.18
d-5xgBcT8bU,중립,0.08,0.09,0.45,0.1
Pu6SY3nkkK4,놀람,0.1,0.06,0.04,0.11
Vp_Nbq-pNhk,중립,0.14,0.28,0.45,0.07
oRi_Y53nX54,,,,,
wCTt-UBEhyY,슬픔,0.0,0.07,0.26,0.61
OgwrVcTbTHo,슬픔,0.03,0.1,0.29,0.36
7TbSvQFtkMs,,,,,
VMMXdDu4Jfk,,,,,
2OrgvEbNgo0,분노,0.2,0.43,0.13,0.14
lK5JUsc8G0A,슬픔,0.25,0.13,0.04,0.55
WzpXYGFv_AE,놀람,0.19,0.04,0.08,0.02
gHFgiCpyYqM,,,,,
45bB-j4aI7o,슬픔,0.01,0.22,0.02,0.7
iPD_b7PdvfA,,,,,
L-iFqRY2ZV0,,,,,
6grt2LIwLhM,슬픔,0.06,0.24,0.01,0.48
MAaNUw2_j-M,,,,,
y3geCritVfM,슬픔,0.0,0.07,0.13,0.62
s1OyaMJXMqI,,,,,
1vcvF3wOwcM,,,,,
EWSoM0y7HGI,분노,0.09,0.43,0.07,0.23
Rbd70gtl5Hc,놀람,0.24,0.01,0.28,0.12
p9t5fkDFBm0,기쁨,0.81,0.02,0.16,0.01
9hscEh6F3LE,공포,0.24,0.05,0.21,0.07
gvNBHN1FReg,중립,0.07,0.01,0.83,0.05
Y0cPpGBDZG4,,,,,
D8df3vGiX9g,중립,0.07,0.06,0.85,0.01
CUa1MD8qmTI,슬픔,0.06,0.3,0.09,0.33
8vkAiq-dcKM,,,,,
fvbjNLG8N_M,,,,,
Bbh7T58LKtQ,,,,,
Qh5yct5uMeE,기쁨,0.77,0.0,0.18,0.02
O7s3rGpBcyg,슬픔,0.11,0.15,0.09,0.52
vUZSuD9IHpw,,,,,
vKc5mKtAIz0,분노,0.11,0.25,0.2,0.22
gwOtWrJ1-xI,기쁨,0.88,0.0,0.11,0.0
CS7RFKg9Jgw,,,,,
fmCdIS5YpcA,,,,,
rGaCct-HGxQ,기쁨,0.46,0.04,0.03,0.18
H4SCuKZJ0Vs,중립,0.0,0.04,0.58,0.29
T3nlp_k_FRQ,중립,0.03,0.01,0.9,0.01
cQeeOsdjbaU,공포,0.0,0.15,0.02,0.34
yJBpWwwAyWo,분노,0.06,0.59,0.09,0.12
ogpLC2VwQYE,중립,0.05,0.1,0.3,0.16
Lb3HwIm4OqY,공포,0.0,0.03,0.0,0.01
mJs_Tc1OXMA,중립,0.0,0.0,0.81,0.19
HPA0kP3J5nQ,공포,0.01,0.13,0.27,0.17
aD9Kb7ZjesE,,,,,
9bRVeE110Bw,분노,0.01,0.6,0.24,0.13
GEcGkCOukpI,,,,,
94QeOny-xR8,기쁨,0.97,0.0,0.02,0.0
gSzruRMpiak,,,,,
XVWgn9uYwjI,,,,,
6kJbf_JUigQ,,,,,
nC9rwoZIhjI,,,,,
p7QeAY9wYiM,,,,,
fsDuWsPho5c,,,,,
2juRvRpYqQg,,,,,
0qbXaeo_VeA,중립,0.05,0.01,0.93,0.01
C3VvoL7ohfE,,,,,
-9eRA1QjxGU,,,,,
kxdVRU53MJw,,,,,
ArhYHNY6SEw,,,,,
glq-T9HUNPA,,,,,
NLRLSAJWf18,,,,,
9ltzBMPrLX8,중립,0.02,0.03,0.65,0.26
kOzlXvjgy1k,슬픔,0.0,0.01,0.11,0.74
3Ce8dE6Sd6w,중립,0.0,0.03,0.64,0.28
eV0yJA8_UCA,중립,0.0,0.04,0.52,0.41
rbNopJV6-xA,슬픔,0.02,0.02,0.06,0.72
DoGGm3OuXyY,슬픔,0.05,0.11,0.04,0.47
gIpicTU8Emk,중립,0.07,0.01,0.89,0.02
kaDudkGFqUo,놀람,0.0,0.06,0.01,0.01
4Y2TbPYZ2Ig,중립,0.09,0.14,0.28,0.14
m643e-nqA6s,기쁨,0.99,0.0,0.0,0.01
VycRhg8NWUE,중립,0.16,0.12,0.32,0.22
-CGx12_rSx4,기쁨,0.98,0.0,0.02,0.0
9Lyg73hXe58,기쁨,0.81,0.0,0.09,0.02
uG3t0vbVfmY,기쁨,0.9,0.0,0.07,0.0
-cMCofCbC-o,,,,,
yGeYQX4AQ-o,,,,,
VRdNMiCeEN4,중립,0.0,0.06,0.82,0.11
oicGZYNcwp0,,,,,
Px94ZFVeYqs,,,,,
10nlYrp2Klo,중립,0.0,0.22,0.42,0.21
brAKAd_mzj4,공포,0.0,0.03,0.01,0.18
a42tmNagTTI,슬픔,0.0,0.27,0.06,0.37
LAdb-GvSiMc,기쁨,0.59,0.0,0.1,0.0
3uJwnHhnWeE,슬픔,0.0,0.18,0.28,0.37
8NZfhZsH9bI,슬픔,0.02,0.04,0.18,0.73
Q9B4Z3TRHMU,슬픔,0.0,0.03,0.02,0.81
467LHV1f1cU,중립,0.01,0.02,0.7,0.14
23l_eMCceVs,슬픔,0.0,0.33,0.11,0.43
j2emQdQLjDo,놀람,0.0,0.05,0.12,0.05
ydqkj-R0vyw,,,,,
ttzKWy0wCdU,중립,0.02,0.04,0.71,0.19
ASEGGbfq6Xk,,,,,
_Sgao6EUozA,,,,,
K96nCuCju9g,,,,,
K-Ntgt1fyI8,,,,,
mskZBimG6rI,중립,0.05,0.07,0.59,0.13
6i3V9A0vtIQ,공포,0.23,0.07,0.11,0.2
k_SLqJdz7vU,슬픔,0.0,0.01,0.33,0.64
i8frJrIPCMA,기쁨,0.99,0.0,0.01,0.0
hqWFBC2Q9HY,슬픔,0.02,0.07,0.07,0.72
vBHd-dPDNyA,분노,0.0,0.59,0.3,0.09
neyJUIm15BM,슬픔,0.0,0.0,0.01,0.96
5y_UaENC1es,중립,0.0,0.18,0.71,0.07
D3uAwsXOzaM,슬픔,0.03,0.13,0.15,0.57
wNIzfaG5t2o,공포,0.0,0.0,0.0,0.01
WvPCQHqTrHw,슬픔,0.0,0.1,0.16,0.68
V09ELGen0a8,,,,,
jAylVky1A9Y,슬픔,0.27,0.05,0.25,0.39
47Nhnb5E1go,중립,0.08,0.07,0.36,0.12
AM1P-nNe6qk,중립,0.22,0.04,0.5,0.21
yyUPrGwR0Ho,슬픔,0.13,0.09,0.29,0.4
qR1o2qrMQG4,기쁨,0.68,0.11,0.15,0.05
10whyVMThtM,,,,,
cpPRK-vnDi0,,,,,
751VjOF1lTM,중립,0.13,0.04,0.55,0.25
cr5dpEbHEz8,중립,0.17,0.21,0.35,0.16
xXLVuADtflM,중립,0.21,0.01,0.74,0.04
P9OZH7OlgEk,놀람,0.18,0.21,0.17,0.16
IXGtQ0rz04I,슬픔,0.0,0.04,0.17,0.71
z-zlI6Zvt3k,,,,,
e3Y32JhhkyI,,,,,
1ErfgAwcDiw,중립,0.02,0.07,0.8,0.1
LMpGHmsskiI,기쁨,0.82,0.01,0.12,0.01
rvEBB5_kYgM,기쁨,0.86,0.0,0.09,0.0
yPLy7NOA8FU,기쁨,0.82,0.0,0.13,0.0
R58ZnT63dPI,기쁨,0.87,0.0,0.11,0.0
BGPSJcQCw7w,기쁨,0.82,0.0,0.13,0.0
iZs6d0OIoA4,기쁨,0.86,0.0,0.11,0.0
-O_8qq6QNCU,기쁨,0.85,0.0,0.12,0.0
xgzGwFrY58s,분노,0.0,0.86,0.08,0.06
-KVYK5G-lxw,중립,0.01,0.02,0.88,0.06
o2rNCxbpSMg,중립,0.04,0.01,0.86,0.08
EaS-zCbZfX8,,,,,
vDtybxcqI8Q,중립,0.01,0.13,0.42,0.3
PPJNk02MY2I,,,,,
VPaZmnHsB1c,중립,0.01,0.04,0.63,0.32
nLTwAcfxBgw,중립,0.0,0.02,0.94,0.03
D4440kd8X_k,,,,,
UtkoDVMSFxE,,,,,
Fyx0k3FagRc,분노,0.07,0.65,0.05,0.08
DYroEP0OD_E,,,,,
vJs9c_cOjds,기쁨,0.6,0.04,0.25,0.05
LPYGORVgMb4,기쁨,0.96,0.01,0.0,0.01
HNF4wGkvblA,공포,0.11,0.0,0.34,0.06
2rIDsnftmac,슬픔,0.14,0.01,0.08,0.75
EsOthVSJIMM,기쁨,0.96,0.0,0.0,0.01
_2AZMULR0ek,중립,0.0,0.0,0.93,0.06
W24uhpUxNF0,,,,,
Rxm0WEvGYvE,중립,0.31,0.02,0.49,0.07
kbMD36qHdso,슬픔,0.0,0.15,0.25,0.56
Qu9vzWXZVeI,기쁨,0.99,0.0,0.01,0.0
6gdxIt-WVdk,슬픔,0.0,0.04,0.01,0.54
ODQen2G4pv0,기쁨,0.99,0.0,0.01,0.0
s-c4H4GNlBE,기쁨,1.0,0.0,0.0,0.0
2b7ZxTQTUrA,슬픔,0.0,0.12,0.01,0.75
hpYZlZ8IXa4,슬픔,0.04,0.01,0.04,0.83
FDHnwOp2O9Y,공포,0.0,0.33,0.06,0.21
SH3Ft5KHed4,중립,0.0,0.06,0.71,0.15
rw0Z7wyoFUo,분노,0.01,0.88,0.04,0.02
kNiL5I6vbj0,,,,,
g8kH2GANedg,기쁨,0.62,0.09,0.14,0.06
D2F6XFlkR9o,,,,,
4lBdHVK_W1A,중립,0.0,0.02,0.83,0.11
fNEaogb4eZc,놀람,0.0,0.01,0.04,0.18
MJblWi-9DYI,,,,,
Q7LRvuYHSqQ,중립,0.01,0.16,0.47,0.12
kOs9uoUoQK0,중립,0.01,0.01,0.78,0.11
Hy4Blnk0n4s,중립,0.01,0.01,0.94,0.03
tq9_cnXCQ0I,중립,0.0,0.02,0.86,0.09
Aa4xXWfEyDM,중립,0.0,0.03,0.53,0.15
k12KYzbeXLg,공포,0.0,0.01,0.04,0.1
cWBY23_UTq0,중립,0.03,0.03,0.84,0.03
bycXtZsiHis,슬픔,0.0,0.03,0.26,0.58
w-wlOcmEAxs,중립,0.0,0.0,0.9,0.08
24lw0mbWAhc,공포,0.0,0.06,0.03,0.04
tT4q751pPVo,기쁨,0.67,0.0,0.32,0.01
LommeKz2u3A,기쁨,0.67,0.0,0.32,0.01
EaksAw_LJ_w,,,,,
xKmESne4Qno,중립,0.01,0.02,0.63,0.33
lJ3mH2AJyO4,,,,,
Q7hV4usiaNc,,,,,
kqPTDbOCIWQ,슬픔,0.11,0.28,0.06,0.46
Cte6dJlt9X4,중립,0.3,0.05,0.34,0.22
mhnEYyhi6gE,중립,0.02,0.24,0.39,0.18
06HpdK2hb58,,,,,
YWYwnxXA9vs,,,,,
PFfQQCLTeMg,슬픔,0.17,0.05,0.17,0.28
kA4ndpUe6Qg,분노,0.02,0.48,0.19,0.06
3zlFpEPQ8yE,기쁨,0.94,0.0,0.05,0.0
wnYPIR_PF14,중립,0.03,0.01,0.92,0.04
hZqwq--W7a0,기쁨,0.55,0.26,0.1,0.03
IUC8ohbMnK8,분노,0.09,0.66,0.08,0.02
8lT3-29yg-8,공포,0.0,0.03,0.28,0.05
ort2RQ2TF7Y,,,,,
Jm9ZVi0WXKA,분노,0.0,0.66,0.02,0.18
qTsyW1kGbW4,분노,0.04,0.27,0.18,0.24
UyMWei86-Es,,,,,
Kx_9_3sIfZQ,,,,,
hqVkuNgVBmc,기쁨,0.26,0.17,0.1,0.09
1tFbEPUhdJM,분노,0.02,0.35,0.05,0.31
1-P9r3Fy69c,,,,,
KCB72o3QCI0,,,,,
sP-FUB2GNkE,기쁨,0.93,0.03,0.02,0.01
QXg_-1us1o8,,,,,
6F8Bg0SVSE0,중립,0.02,0.03,0.61,0.16
o8TaHQw9R3s,놀람,0.09,0.02,0.01,0.07
10y5poVAjYo,슬픔,0.0,0.22,0.06,0.47
VZU8OTUmWDM,,,,,
3nVD5zPizEA,분노,0.0,0.32,0.2,0.32
LFylneb3_Wg,기쁨,0.48,0.07,0.18,0.01
pUrANyddDok,,,,,
97fLiYU80VY,슬픔,0.23,0.05,0.21,0.46
gAElu_aqr7E,슬픔,0.04,0.32,0.15,0.43
_9rDGH-NE_8,,,,,
yK7gYljTdpI,기쁨,0.5,0.06,0.14,0.18
z-0xibqFYJE,,,,,
QC7MiXBQlAs,분노,0.23,0.38,0.02,0.21
T6PnSHBSMUk,,,,,
ExkS7oxEHgE,기쁨,0.37,0.17,0.11,0.07
8Zc9nZH2how,중립,0.0,0.0,0.92,0.07
TB3-sWbDAX4,슬픔,0.0,0.01,0.01,0.8
uVWK0KufR-k,중립,0.02,0.14,0.64,0.12
GATNgmujHBM,공포,0.0,0.02,0.0,0.4
qvmbObXo8wI,기쁨,0.88,0.02,0.04,0.04
c0MzJKWzwWQ,놀람,0.0,0.12,0.02,0.08
_Q1fxHQbRH0,슬픔,0.0,0.02,0.01,0.87
MOdmd0zsbCw,기쁨,0.66,0.14,0.03,0.1
Hxl3NXMz_l8,기쁨,0.93,0.0,0.02,0.04
3aLvHefTzsQ,중립,0.0,0.06,0.79,0.13
MqcQDVnnz-Q,슬픔,0.0,0.27,0.16,0.57
mnm-Z-Nri0k,기쁨,0.94,0.0,0.03,0.0
6sSUqOZY2E8,중립,0.05,0.01,0.65,0.02
daXYTFZHRLc,기쁨,0.88,0.0,0.11,0.0
2i4zm3VEY_A,기쁨,0.95,0.0,0.04,0.0
OrsJDCg0JG4,기쁨,0.6,0.0,0.38,0.0
7DBMXogM-nA,기쁨,0.92,0.0,0.08,0.0
w4v5YeO43Pw,기쁨,0.96,0.0,0.01,0.0
chHIi_JSuoY,,,,,
B3JHR3ysxIY,분노,0.01,0.44,0.09,0.22
-TNAOSACRbA,분노,0.02,0.79,0.05,0.04
FCn3u9n1tas,분노,0.19,0.52,0.14,0.05
W7mr2Opm2T4,중립,0.07,0.03,0.84,0.04
E94qkDw860Q,분노,0.0,0.43,0.06,0.31
SjqKx3DPZ0Y,슬픔,0.04,0.24,0.16,0.51
FagOMzGcoF8,,,,,
Wg0sihp71M0,,,,,
AZ1_ovjXokw,,,,,
uACbrgP0fEI,중립,0.0,0.01,0.96,0.02
-_H5wkUWkQo,슬픔,0.09,0.07,0.14,0.46
UaYwAI9YZH4,,,,,
UXc7mahYya0,분노,0.01,0.52,0.17,0.18
4cc8Sa6ydqg,,,,,
pegsZcr0CZ4,분노,0.04,0.7,0.03,0.08
KYkrejdYCIQ,기쁨,0.99,0.0,0.01,0.0
RKO-Yn2l3dU,슬픔,0.01,0.12,0.27,0.36
yjV7lFO0dZU,,,,,
YO-QXpZwCtA,,,,,
j5hCTA8vbdg,,,,,
XK_MH3v9gsg,,,,,
9fQJ8fWKUYA,분노,0.14,0.49,0.01,0.24
LSnSEcqUsew,분노,0.03,0.33,0.26,0.27
g3B1yoK8gS8,기쁨,0.69,0.1,0.1,0.05
oKeLybeRxg0,,,,,
CX5vrxdcT1A,,,,,
cj8Mqe5dvfE,,,,,
q53J-zVZF6k,,,,,
R4OsFwSAp-c,,,,,
-ylZNfBrTGk,,,,,
hZZJfh6VAIg,기쁨,0.49,0.15,0.09,0.25
sw-bF2khpu0,기쁨,0.77,0.01,0.03,0.19
7eCZzcOcHnQ,,,,,
fjudKejphn8,,,,,
YxhjzRJ6Syc,,,,,
RbdBlPiydyo,,,,,
Jcni9bXN9hg,기쁨,1.0,0.0,0.0,0.0
5RXKPz7bVuk,중립,0.09,0.22,0.39,0.21
DWcVAJwGd2I,,,,,
x-n8njNJStA,,,,,
6ir84pi67i8,중립,0.0,0.04,0.68,0.25
z7htQg1oJ_w,기쁨,0.47,0.04,0.45,0.03
Li0cGyRZfpY,,,,,
rFMvn8lnH_A,분노,0.0,0.36,0.1,0.33
DkV5xQLfK5o,놀람,0.0,0.01,0.02,0.12
2snLVZdSG8E,슬픔,0.0,0.0,0.0,0.99
JnZ5TWrpvJ0,슬픔,0.0,0.01,0.01,0.98
NeubEt1LeV0,슬픔,0.0,0.01,0.01,0.91
5efERE70jSw,슬픔,0.14,0.19,0.08,0.51
9xKI-N-o8Zg,중립,0.13,0.22,0.35,0.26
8LZAaNaoxYU,중립,0.2,0.03,0.43,0.11
B_2bshGHUa4,기쁨,0.32,0.04,0.32,0.05
L7N2JLqfbPc,놀람,0.03,0.06,0.19,0.08
_BuS5CF8Tqo,기쁨,0.61,0.07,0.09,0.15
gjS7RR37j2M,,,,,
WCkUq3w4Muw,,,,,
c5hN5sFoHpc,기쁨,0.63,0.04,0.19,0.13
C5elSj1LcFQ,중립,0.01,0.01,0.37,0.34
pquDL2sl2rs,,,,,
AavKjZWEzFI,,,,,
ulw8cUGR9NI,,,,,
YkB-ZoFbGag,기쁨,0.41,0.19,0.12,0.23
Jg9vNHjE-Zo,,,,,
42ev14W_MiI,,,,,
RF_als0rUtY,슬픔,0.02,0.02,0.01,0.53
xfVxxGWomFs,기쁨,0.54,0.0,0.45,0.0
43MKeWxO1VA,중립,0.01,0.0,0.96,0.03
N-EgLClykpA,기쁨,0.69,0.02,0.2,0.01
09a2qe4R-8c,공포,0.02,0.22,0.06,0.11
PjItSpaxRgo,중립,0.25,0.04,0.52,0.14
1Sy5MjfwTVA,중립,0.07,0.09,0.74,0.08
8KLa-Cylhfg,중립,0.03,0.05,0.71,0.14
X9itAvMNXBA,기쁨,0.74,0.01,0.16,0.0
cPFumWyw6ts,중립,0.04,0.25,0.32,0.11
dnJkUCCjg6I,기쁨,0.82,0.0,0.1,0.01
LLCEgQflWNk,중립,0.0,0.0,0.95,0.03
sFmWvGCw7_o,중립,0.01,0.0,0.67,0.31
s_zkkUmP99E,기쁨,0.8,0.01,0.19,0.01
HIwUw6IxS-8,중립,0.09,0.08,0.42,0.14
4FU9rROA4fs,,,,,
50IzB1s6z1g,놀람,0.07,0.12,0.16,0.1
sFleVu_ZGKc,,,,,
UkaBEri495g,,,,,
QepiR-2fuug,중립,0.08,0.23,0.4,0.24
iSMAj1nwQXc,,,,,
gsCpCSF_BYc,,,,,
sQiiT6klvCE,,,,,
H3UQwclPbuA,분노,0.03,0.54,0.01,0.01
jVYeZBd3CV0,분노,0.0,0.94,0.01,0.04
5TULzqyf4oo,,,,,
AZZEwbDYknM,중립,0.01,0.07,0.63,0.07
2HL4ej-3sNQ,기쁨,0.41,0.27,0.02,0.17
guhum8z9frg,분노,0.04,0.86,0.0,0.01
iaalqIwEtM4,슬픔,0.0,0.06,0.17,0.69
xcwG9gj_0-Q,중립,0.0,0.08,0.78,0.1
ktFPEliSXh4,슬픔,0.0,0.04,0.37,0.47
Hrh3JMEjuyk,슬픔,0.0,0.09,0.22,0.61
Ujcd_B6jCFU,,,,,
9SXAL87UwPk,,,,,
uqMPOdGe1dc,,,,,
a4l4fLgik_c,,,,,
WQdfUgbvECw,,,,,
oxbaJ_v4FoQ,중립,0.35,0.24,0.38,0.01
Tz46614jEfI,중립,0.23,0.09,0.62,0.03
dlXdFOJwfgo,,,,,
OTfrj9VX5fw,중립,0.01,0.05,0.81,0.11
z0B0Bs2PQCw,중립,0.24,0.0,0.75,0.0
4Lq5py2bulk,공포,0.13,0.16,0.13,0.2
0FsdULITzZI,기쁨,0.46,0.06,0.42,0.05
dh5i8XZPg4I,중립,0.09,0.37,0.48,0.04
7PXPR01oyMQ,중립,0.11,0.08,0.77,0.02
N1fWWLhuGgk,기쁨,0.87,0.01,0.12,0.01
tN46pFw6MG0,슬픔,0.01,0.15,0.19,0.5
vT_vK2IiSNA,,,,,
fcPu2SnZ-j0,공포,0.01,0.28,0.16,0.14
Q8h1nra2COE,슬픔,0.13,0.34,0.1,0.41
RW1j0flhlZQ,슬픔,0.0,0.01,0.28,0.57
tJp04ppJJAQ,슬픔,0.0,0.0,0.08,0.66
v3Fj4TmtcVY,공포,0.0,0.0,0.0,0.43
4C9bABSqjJo,슬픔,0.01,0.03,0.13,0.76
dV3q-DdXGwI,중립,0.07,0.19,0.43,0.17
5JVzWcNccYM,슬픔,0.0,0.02,0.06,0.43
1F7WmSAvWVw,중립,0.04,0.21,0.57,0.17
uK-iAbM4EbY,중립,0.04,0.37,0.39,0.18
m4i5VUWQ4bs,중립,0.01,0.1,0.63,0.22
EUmFKw711R8,중립,0.02,0.14,0.64,0.17
9DyZZ4QmuBQ,중립,0.04,0.21,0.57,0.17
hr1OVN5LvuU,중립,0.04,0.35,0.41,0.19
nPiQf747R6o,중립,0.0,0.12,0.72,0.15
kbZqTfO1KZc,슬픔,0.0,0.17,0.13,0.49
X5WpAmT8-QM,중립,0.02,0.08,0.4,0.28
GCbLIdcuxfY,중립,0.11,0.06,0.64,0.16
I3NmBJ_lgLs,중립,0.0,0.17,0.37,0.21
zQu4I0D_r_c,,,,,
ndErFoJiUDg,기쁨,0.59,0.07,0.27,0.04
q-nSYvUy4wI,분노,0.04,0.33,0.1,0.33
yOUUcom7-zo,슬픔,0.25,0.1,0.12,0.28
cBCu6Oglt1c,공포,0.01,0.13,0.06,0.33
gzlGKJfcfpo,,,,,
o1KyoTFn_n8,슬픔,0.0,0.01,0.35,0.41
GkWeWx6kO5E,,,,,
VeIffo1-XGg,슬픔,0.0,0.01,0.44,0.48
dP46ktpgWzI,슬픔,0.14,0.18,0.01,0.64
mxmtPpaygzs,분노,0.01,0.58,0.12,0.28
agAGHoHnWcM,분노,0.03,0.45,0.38,0.08
0dQ2xlbTrKI,슬픔,0.02,0.06,0.05,0.47
umlFXxSmB0g,슬픔,0.01,0.0,0.16,0.7
YUmLe0zOciw,분노,0.0,1.0,0.0,0.0
7f7LMZPDMAU,중립,0.08,0.06,0.5,0.23
-WCrQlEY-xM,중립,0.01,0.01,0.88,0.08
-tOGVa7ZS3o,중립,0.01,0.05,0.67,0.2
EPJKOS23qf8,중립,0.03,0.08,0.86,0.02
dAS54yXJV9g,놀람,0.0,0.03,0.31,0.01
uGVRtRFxZMc,중립,0.01,0.01,0.73,0.21
N2aoHjNYHO0,중립,0.03,0.05,0.53,0.33
Abx5n0zQ0H8,중립,0.0,0.05,0.78,0.09
gYB5GnYinDI,중립,0.02,0.04,0.7,0.13
4ZpuhZud05E,분노,0.27,0.31,0.25,0.13
13w_peqqxZ0,중립,0.0,0.15,0.69,0.14
PwjB3CfDivw,,,,,
mvNcn7VKFzc,슬픔,0.03,0.07,0.31,0.34
hdq-iRK1kfs,놀람,0.09,0.03,0.24,0.18
fyqEs4dUK7M,,,,,
tJPdUC8recI,분노,0.12,0.35,0.13,0.24
Cnnf2yvT-mw,중립,0.02,0.02,0.89,0.06
8Os2cBwyG60,놀람,0.0,0.0,0.0,0.0
SyclOxmVuH4,중립,0.09,0.18,0.34,0.29
TwUbt3f8bV4,공포,0.0,0.07,0.18,0.34
MDXDdSONCYQ,놀람,0.0,0.07,0.02,0.01
I4oBqUr_cUI,분노,0.0,0.96,0.0,0.02
YKmWQySRKuM,,,,,
VPwuOICSW-Y,슬픔,0.0,0.35,0.11,0.49
AHqOWo1DlTI,슬픔,0.0,0.05,0.0,0.83
cTD6VAt0wSY,슬픔,0.01,0.05,0.06,0.76
uuytL6WlDX4,슬픔,0.0,0.01,0.02,0.97
0Akh02mWEbQ,,,,,
MicHgIebq1s,기쁨,0.77,0.14,0.01,0.01
z5vC1Dcsoag,기쁨,0.61,0.03,0.11,0.12
6vcWhWVJM3Q,,,,,
xuLu6EGfhn4,중립,0.1,0.06,0.76,0.07
PHTm0IoX6AQ,분노,0.03,0.4,0.06,0.14
iHo48cuxjD0,중립,0.11,0.01,0.72,0.1
PTcxfmEEnQI,중립,0.13,0.05,0.67,0.12
Z_UURiwo5zw,슬픔,0.0,0.04,0.09,0.48
oqZoOgiHc10,슬픔,0.01,0.03,0.14,0.72
66HfVn-KaT8,슬픔,0.0,0.18,0.11,0.45
IzIduAfZ6-k,분노,0.02,0.35,0.07,0.34
p4hQT8_xxwQ,놀람,0.0,0.0,0.0,0.0
xC49KdJVCnk,슬픔,0.0,0.02,0.09,0.87
ISbCHCtx-hU,분노,0.03,0.42,0.04,0.2
3hOB6IWCt7M,분노,0.05,0.8,0.0,0.0
D9smwMcrZss,슬픔,0.04,0.01,0.37,0.47
GRzIzx3JSjc,분노,0.0,0.47,0.3,0.11
OIa-4BbRrmg,중립,0.02,0.2,0.47,0.24
yHJvhjZPEOk,중립,0.0,0.12,0.46,0.18
0ex_ISVpV9Y,놀람,0.0,0.01,0.01,0.0
5GDUJ7omMQw,중립,0.0,0.19,0.65,0.08
ZK1WKdga6-g,분노,0.05,0.52,0.05,0.27
kdrNfZBJF6U,,,,,
YBAQBAGbGHc,,,,,
vBp3mj3lEI0,,,,,
9gcMMzzUj-g,분노,0.01,0.91,0.02,0.04
7UN1TyVLgfk,,,,,
Vw9KvIPUmiw,,,,,
PKLZHMgxRxw,분노,0.31,0.63,0.01,0.01
rIthnQ1zoQw,,,,,
une-1PL0Mh8,,,,,
ScygPBPz7R4,중립,0.05,0.14,0.58,0.18
sLHSFcMGJhU,,,,,
AsaV_oY6Y0U,중립,0.04,0.03,0.69,0.13
Devz5E0ZUJ0,분노,0.01,0.76,0.11,0.05
jxK4tRc36CE,,,,,
SLGaRImtkNk,,,,,
E1tBI3-M_7A,중립,0.03,0.05,0.81,0.08
JOhrLSvk8UU,분노,0.02,0.97,0.0,0.0
CdzFLDsW-YY,중립,0.01,0.07,0.86,0.03
ke4dq7i1xV8,놀람,0.01,0.01,0.01,0.02
DRvssYxAIfU,,,,,
f1bXqIhb3r8,슬픔,0.01,0.12,0.08,0.37
eBCaV_h55Lg,중립,0.0,0.03,0.6,0.06
fQv1EcIhTL0,중립,0.0,0.01,0.98,0.01
zMo0yBYhKSs,,,,,
Wg3NbI3hecg,중립,0.0,0.01,0.95,0.03
5WiooKtNGQU,,,,,
zUPNnbfD1-I,,,,,
Fu2x2W1SFbg,,,,,
V-_CzzPdigk,,,,,
lgNKPG-9zsA,,,,,
lbE4XqACsVc,,,,,
9DMCIUEwVsk,,,,,
ww06_7mjtRg,공포,0.01,0.15,0.04,0.23
Q4ZHzHARab8,중립,0.19,0.05,0.65,0.04
UiBfIM_84OE,중립,0.22,0.04,0.62,0.07
OfaG8GxrulE,기쁨,0.88,0.0,0.11,0.0
FomrZ7qCzok,,,,,
iGiFr_7q_7w,중립,0.06,0.31,0.59,0.04
QanYLmlasc4,,,,,
wuUZ5wuvsjo,기쁨,0.97,0.01,0.02,0.0
owAOue1Wm6Q,,,,,
Ed67Os3dr-E,중립,0.02,0.06,0.88,0.04
7s7k6vvA1wE,기쁨,0.66,0.02,0.27,0.01
vbnnnUixGX4,중립,0.07,0.04,0.82,0.06
D28PfrcN31g,,,,,
SV-IsgP0Tkc,슬픔,0.06,0.14,0.05,0.68
73fo5cqMyJA,놀람,0.0,0.02,0.02,0.12
oslTsLhPeZQ,,,,,
0gjajyZopIk,슬픔,0.02,0.09,0.31,0.5
suLmI-KntgQ,분노,0.0,0.84,0.01,0.01
45RXn3wmMTI,,,,,
k_ModvHMqXM,,,,,
CYIX7oodVEc,기쁨,0.54,0.06,0.0,0.26
VRHhNacoMEg,기쁨,0.87,0.01,0.04,0.01
U7gaFcR5lw8,,,,,
WvsXMYdwCcQ,기쁨,1.0,0.0,0.0,0.0
c5kb6D_NiXE,기쁨,1.0,0.0,0.0,0.0
IkB9pJ7MlDI,기쁨,1.0,0.0,0.0,0.0
Zst5WKnmd_4,기쁨,1.0,0.0,0.0,0.0
hgSEPXU3hUA,기쁨,1.0,0.0,0.0,0.0
mRN6fk3237c,기쁨,1.0,0.0,0.0,0.0
xiFVeQx4Mw8,기쁨,1.0,0.0,0.0,0.0
kZwgMiU36-U,공포,0.0,0.0,0.0,0.0
DMD95k9_JH4,슬픔,0.0,0.09,0.17,0.51
OanmC6USA4k,,,,,
5v8Ujk391b8,,,,,
pSIl2n9A1dA,기쁨,0.98,0.0,0.02,0.0
C1SKMULC97E,슬픔,0.09,0.05,0.13,0.36
Q2rkVHMXWPU,,,,,
5qgFbx6RSh8,중립,0.12,0.02,0.68,0.18
E0g1GQkwmig,슬픔,0.0,0.03,0.05,0.83
7EErSCPPcL0,,,,,
H4iurGUkgM0,기쁨,0.99,0.0,0.0,0.0
D5Cc2vLBkEM,기쁨,0.69,0.0,0.3,0.0
hYTAjUkb12s,,,,,
HVRp7ewsAVw,분노,0.03,0.43,0.09,0.24
QdqksuR437M,기쁨,0.96,0.0,0.01,0.02
EH8kMdOYgqE,슬픔,0.04,0.05,0.01,0.84
mzT4oYtx7Yw,,,,,
Xz1V2DE6neA,기쁨,1.0,0.0,0.0,0.0
_YNOkkZmQUY,기쁨,0.98,0.0,0.02,0.0
CxQSwkcqEDw,기쁨,1.0,0.0,0.0,0.0
tw8PW-0e8qA,슬픔,0.01,0.31,0.2,0.42
UsSmDMIvkt8,슬픔,0.07,0.15,0.17,0.51
M6ONU1pDmkc,기쁨,0.95,0.01,0.03,0.01
zCvQKZhK-40,중립,0.04,0.05,0.4,0.17
94djiUVpzxY,슬픔,0.0,0.05,0.01,0.87
xRMtp2c_rkg,슬픔,0.02,0.05,0.02,0.89
FH-qMSiLc0s,슬픔,0.01,0.34,0.17,0.35
fkiKYMl2MGM,슬픔,0.01,0.07,0.03,0.81
a02agu4Rw9A,슬픔,0.0,0.25,0.09,0.55
rTu9W1ehTCI,,,,,
-4Ik7B87Tbc,슬픔,0.14,0.13,0.18,0.31
I5YDmqCLP6w,분노,0.2,0.66,0.06,0.05
oIgrHAfBqGg,,,,,
PxcM8EfEq_o,중립,0.0,0.05,0.38,0.37
y13_RmNOlHw,기쁨,0.96,0.0,0.0,0.0
RKRivByzThg,,,,,
oSoV114yKMI,,,,,
HkktDmjaW4s,,,,,
Gn7qB-G6msA,,,,,
7W2FgSkjy-s,기쁨,1.0,0.0,0.0,0.0
ic9WCufr29Q,공포,0.01,0.07,0.05,0.4
PkzCochXzOI,중립,0.02,0.07,0.84,0.06
SypeaUl1k4g,,,,,
Y7Ub1bhECMM,기쁨,0.75,0.11,0.01,0.05
VTFDDKVL2Vo,놀람,0.02,0.19,0.0,0.04
dRhs6uxslf8,중립,0.0,0.25,0.56,0.1
5OkaPzay6Ac,기쁨,0.99,0.0,0.0,0.0
EHq1xSyjD7A,슬픔,0.0,0.08,0.03,0.34
_oQvvdEpz2c,기쁨,0.98,0.01,0.01,0.0
ci5tt7T3xvo,중립,0.25,0.07,0.56,0.07
8_I2THX8YO4,분노,0.0,0.88,0.0,0.05
lnyqY-f2zQE,분노,0.01,0.76,0.0,0.0
Hd3hQXY4HZI,,,,,
l_P55KZMClY,분노,0.0,0.56,0.06,0.36
Lq82_0RiZew,분노,0.0,0.76,0.01,0.11
-FZynavUocA,슬픔,0.0,0.2,0.13,0.49
WqIOS1eOiBA,슬픔,0.0,0.3,0.14,0.52
JhqUHxGF4BY,슬픔,0.19,0.14,0.18,0.35
MB7GFTBPyWc,분노,0.0,0.73,0.04,0.15
Yi2txJ_ZWpo,중립,0.0,0.11,0.65,0.11
eoVLepyHGQM,분노,0.0,0.76,0.01,0.11
M8g0tVqWI14,슬픔,0.0,0.2,0.13,0.49
id6cogJz1yw,슬픔,0.0,0.3,0.14,0.52
YIzz2gm6vJA,분노,0.02,0.38,0.12,0.28
-TaZUUscUWE,중립,0.0,0.0,0.88,0.11
-v3EQcPAG1w,놀람,0.16,0.03,0.06,0.04
mZiuJjUfeDM,슬픔,0.01,0.17,0.33,0.35
aWTgtGR7Ndg,분노,0.21,0.52,0.05,0.07
nClHUTlj73w,기쁨,0.74,0.02,0.0,0.13
utZxSFjx370,중립,0.1,0.16,0.28,0.26
J-rwL18aIwI,중립,0.08,0.11,0.6,0.19
ibNzVj6kbjc,중립,0.01,0.01,0.92,0.06
aATtBIRiKVI,중립,0.01,0.05,0.79,0.13
YH3FBoBf3uw,중립,0.1,0.03,0.5,0.32
eTlUDiCDgkg,슬픔,0.01,0.08,0.36,0.51
5qf3GUkUYW8,슬픔,0.01,0.04,0.46,0.46
GEJoGYDJAgs,슬픔,0.05,0.36,0.05,0.39
Iw4Y7bDKFvY,중립,0.18,0.11,0.33,0.2
fzVqzglkKEo,중립,0.01,0.02,0.68,0.29
HpfFgzZg_1E,중립,0.01,0.05,0.46,0.45
Xofs3PNqi3o,슬픔,0.13,0.04,0.35,0.41
CbuI1EIY7t4,,,,,
Hv2lXy2ENTo,슬픔,0.04,0.24,0.04,0.44
-v99ssaPNaM,기쁨,0.98,0.02,0.0,0.0
ZW-fN9jwZdk,,,,,
ho_Zp4RhL1Q,기쁨,0.67,0.06,0.23,0.02
rhrmEMJ__30,기쁨,1.0,0.0,0.0,0.0
7ue-cC121wI,중립,0.03,0.06,0.52,0.24
R3pjBk30Tgw,기쁨,0.51,0.01,0.38,0.06
TcALsna5o0g,슬픔,0.27,0.1,0.05,0.52
ojw0rCuUDi0,중립,0.04,0.09,0.65,0.11
4YPM0xriaqY,슬픔,0.16,0.12,0.28,0.3
Dk-Po8yMOwo,기쁨,0.52,0.03,0.17,0.24
dsYQ5yjtuNU,공포,0.29,0.1,0.05,0.16
pa5Zjkk7dzk,,,,,
DfZ_XmmMO4c,중립,0.0,0.03,0.54,0.03
m-5Onax800g,중립,0.02,0.09,0.61,0.2
dEVmkT2ZQ1I,분노,0.02,0.75,0.03,0.13
MY6t35FvVeM,중립,0.01,0.05,0.45,0.34
4yoINPBnOUQ,,,,,
GdRss48PG_E,중립,0.06,0.18,0.48,0.04
vRBswwno0IQ,,,,,
vTdbTLO8aK0,기쁨,0.59,0.19,0.13,0.07
D-4ZsU5QXhA,슬픔,0.04,0.13,0.33,0.48
lapQ0DpTPXg,분노,0.04,0.76,0.14,0.01
_TU__CZMG30,,,,,
x6MNx2Qyzwc,중립,0.0,0.02,0.92,0.05
2iPBfv0kSxg,기쁨,0.53,0.04,0.37,0.03
aWURmvtH9BA,기쁨,0.77,0.02,0.11,0.09
SmRdfm_mAqM,,,,,
JmmDwW94W30,,,,,
7xCePivi6LE,,,,,
84tON6AXHJQ,,,,,
R9fM54wzBxo,중립,0.08,0.05,0.76,0.04
sapvCmFNG5k,놀람,0.01,0.26,0.22,0.09
TD9rAkFnD6o,슬픔,0.0,0.02,0.12,0.85
xCtUuxd3AYk,,,,,
zWtQQc7vQiI,,,,,
OVW6wQZNWcE,,,,,
LSlQ9zrLxuk,,,,,
QmXCvjhpUr0,,,,,
QociD6IJkN4,,,,,
AfmgmlnPLD4,,,,,
7Pq-_qk2C6M,기쁨,0.78,0.07,0.03,0.03
YdkGePalm-M,기쁨,0.76,0.01,0.07,0.13
ZO1tmBFKdX8,분노,0.0,0.53,0.02,0.19
8hDbEmxNjRk,놀람,0.34,0.0,0.0,0.0
74ftCBfEQR8,중립,0.02,0.03,0.51,0.01
J2cbDjnqA24,공포,0.03,0.18,0.01,0.17
3nISKOnGXoo,공포,0.0,0.01,0.21,0.25
nuJyUOes0Kg,기쁨,0.8,0.01,0.05,0.11
XqWsEhCOD88,중립,0.0,0.09,0.88,0.02
tmP8S0Nxdtc,중립,0.0,0.09,0.88,0.02
rpS1TJDgW90,기쁨,1.0,0.0,0.0,0.0
UjFAlT751Lk,중립,0.01,0.02,0.66,0.05
VWPoiOgEKGc,,,,,
-fAsO6c5WdA,기쁨,1.0,0.0,0.0,0.0
6TGGl2Nsdkc,,,,,
f33LhI3WM-M,슬픔,0.02,0.19,0.31,0.46
Rq5vWjJngIo,,,,,
Lza5oW0lQZQ,분노,0.0,0.52,0.0,0.14
n949uQPIzUg,기쁨,0.46,0.01,0.38,0.13
wQriWLMZ4sU,,,,,
LvqD3C6awdY,슬픔,0.0,0.2,0.18,0.46
Mq_5d24LXLk,공포,0.01,0.28,0.18,0.18
CoAUp_3A9Xc,기쁨,1.0,0.0,0.0,0.0
FSMUXwkBHA0,슬픔,0.01,0.17,0.04,0.45
_EUCt0Lvwgc,분노,0.0,0.36,0.0,0.01
JAFmrm2a1n0,슬픔,0.24,0.03,0.24,0.38
dM7xcvxd7LY,놀람,0.0,0.0,0.0,0.0
ljWikaibPvM,중립,0.0,0.04,0.88,0.07
ExDlMvzREOs,중립,0.0,0.17,0.61,0.21
9P_hmCB0JFw,,,,,
wUPRRFU1uEc,기쁨,0.97,0.0,0.03,0.0
qRB71J1y02M,분노,0.22,0.28,0.09,0.28
FwiSQ4jvlCQ,중립,0.0,0.02,0.46,0.15
WwzLue_Zam4,공포,0.34,0.02,0.0,0.0
L-G2gYvbtK4,기쁨,0.77,0.17,0.02,0.0
RuJRbe6TZoE,중립,0.04,0.01,0.78,0.04
qoK5jHFf8P8,중립,0.04,0.02,0.48,0.41
gk9-c5639Rk,슬픔,0.0,0.36,0.04,0.48
26ac6E9PVA0,중립,0.0,0.04,0.44,0.29
j1FgYqzNtKo,기쁨,0.97,0.0,0.03,0.0
erN7Dj1yOUM,,,,,
1Yr1MyXDtZc,기쁨,0.98,0.0,0.0,0.0
3_2KJha6zPw,놀람,0.03,0.16,0.28,0.14
czZQs3xoHBg,,,,,
8KxBzoebfX4,기쁨,0.9,0.0,0.03,0.02
9QSyX9cUHhk,기쁨,1.0,0.0,0.0,0.0
8cNE2h0tn_E,슬픔,0.11,0.11,0.07,0.39
ZB0Z2z4kU04,기쁨,0.65,0.02,0.02,0.26
4gSz-NlJgag,중립,0.01,0.02,0.39,0.34
5CBt-GvClwM,기쁨,0.78,0.02,0.15,0.04
vuP-c_kx_xs,기쁨,0.59,0.0,0.41,0.0
sca0zMf8xzA,기쁨,0.99,0.0,0.01,0.0
i71GRJ-h2e4,기쁨,0.99,0.0,0.01,0.0
ZiOdZNaCJ6w,,,,,
HPcYtrW5Eao,기쁨,1.0,0.0,0.0,0.0
LwZB6wd7tIU,,,,,
euE5up_vonk,,,,,
ZZ2x7jpbADU,중립,0.01,0.11,0.38,0.22
X2JGKR1bPck,,,,,
9uAxzSe-Vhk,슬픔,0.1,0.13,0.09,0.63
eQlFkacn2ys,중립,0.01,0.05,0.68,0.12
f63oe1RspZM,,,,,
XJEKrwYcWuM,,,,,
CoeaekOu95o,,,,,
KTAVY5J2gXo,,,,,
cISjoBpE9YY,슬픔,0.13,0.1,0.22,0.38
tjf7uSAIytI,중립,0.29,0.04,0.61,0.04
9nyrv1G8UEQ,중립,0.0,0.01,0.87,0.07
hoYjTLD4uXk,,,,,
52x1CSLx-60,분노,0.14,0.59,0.04,0.13
DpV3gy7bTxQ,중립,0.01,0.08,0.45,0.04
0TOa0LMM9uY,중립,0.09,0.01,0.5,0.25
KHNwOvyDR68,중립,0.0,0.28,0.47,0.12
lmstelFK__U,,,,,
zCa1jn1P6-g,슬픔,0.04,0.05,0.02,0.63
8FIxYiWzMFs,슬픔,0.12,0.18,0.1,0.35
KIP1yTenSyk,,,,,
lZqOtlRuWXA,,,,,
rMG71__BlD8,,,,,
1O83ZpWinkk,,,,,
BL6hcqn4ZNA,슬픔,0.18,0.09,0.19,0.53
OHapKDjKE5o,기쁨,0.67,0.16,0.03,0.11
aEyrmKtWmqs,,,,,
LZ0sRPRjc-w,기쁨,0.31,0.02,0.08,0.25
ylCIBJrLUhA,중립,0.03,0.02,0.85,0.02
L1eYTv-kShE,분노,0.0,0.61,0.02,0.25
wvbmfoFl-eM,중립,0.01,0.18,0.52,0.12
HQZDkjF_IXw,중립,0.16,0.05,0.69,0.09
kRPqcQ9tNM0,중립,0.15,0.05,0.61,0.15
I0HZVsmXVmU,중립,0.1,0.02,0.63,0.04
SLv8MAqTXAw,슬픔,0.04,0.05,0.08,0.73
dUmjji0Lb8I,슬픔,0.0,0.11,0.03,0.8
NuOA-AHlsQc,슬픔,0.03,0.16,0.14,0.62
ugyrAYcU-oo,중립,0.1,0.1,0.37,0.23
wZbMmVPnQWg,,,,,
5f1ve_QVmjg,,,,,
_VsZX-AqU0s,분노,0.19,0.63,0.05,0.04
VsAjykcI2es,,,,,
olnDNq4fEzI,,,,,
sHCPwiJZ18A,,,,,
4y9mCPC6mMw,,,,,
DUmJ0XIALCM,슬픔,0.07,0.11,0.05,0.61
5J71SnkDTgU,공포,0.03,0.03,0.01,0.32
hp1YdRSYsko,,,,,
BmNeRtN-2wY,중립,0.03,0.0,0.73,0.22
xRoJTXR9las,슬픔,0.02,0.03,0.31,0.55
htBRhhTwXOA,,,,,
rVxwZMXEtOo,기쁨,0.5,0.03,0.07,0.22
0Wgypyz9mCk,슬픔,0.01,0.11,0.08,0.78
2w9tS-dVqic,공포,0.0,0.04,0.03,0.41
tzDF4F2yFPI,슬픔,0.0,0.0,0.06,0.93
IU05jdhoxWI,슬픔,0.22,0.14,0.09,0.47
WezKuP_KL_Y,,,,,
QKY8pU7NBTU,슬픔,0.0,0.03,0.01,0.58
mXvIEiFT1Bo,기쁨,0.6,0.01,0.37,0.02
jA7Flea8frY,슬픔,0.02,0.06,0.04,0.82
qierITW9hzQ,슬픔,0.04,0.03,0.11,0.77
E81oN_Nw_iw,슬픔,0.11,0.01,0.05,0.81
qQis_b59Dqw,중립,0.0,0.01,0.89,0.03
m4uneQ4Cpl4,중립,0.01,0.01,0.69,0.24
mp15l6E6QXQ,중립,0.28,0.19,0.3,0.19
5voKqCx8CJs,기쁨,1.0,0.0,0.0,0.0
fMnWs361Opc,공포,0.0,0.15,0.04,0.25
ToTq_EII7W4,기쁨,0.99,0.0,0.0,0.0
fK8gWnPb128,중립,0.03,0.09,0.38,0.3
4k-s2hmeVuU,슬픔,0.21,0.05,0.31,0.41
daA7yjHjon0,슬픔,0.0,0.01,0.4,0.54
iZsE6E7XpVI,기쁨,1.0,0.0,0.0,0.0
_RCfkZJXr_w,,,,,
7M9U_DqEO_Y,중립,0.14,0.17,0.35,0.13
_F8zdT8APyM,,,,,
QPies3xgX-I,,,,,
DJr-_lhuafY,슬픔,0.06,0.02,0.09,0.78
_q6-IikORZQ,분노,0.0,0.52,0.07,0.03
4KQw2il-9iw,기쁨,0.33,0.31,0.18,0.04
xg6pg5BH7Us,,,,,
TEmCoYwsDxQ,,,,,
drXOkeOcR9E,슬픔,0.0,0.02,0.06,0.63
DVds1Ah0384,중립,0.0,0.19,0.49,0.28
S7Kelqw8Q6s,중립,0.01,0.1,0.7,0.06
HrpyVlpkSfE,중립,0.01,0.03,0.83,0.09
jaCZdeFNSM4,슬픔,0.01,0.09,0.28,0.45
yiKmKlsoy24,공포,0.0,0.13,0.17,0.26
K6t37yQPlu8,중립,0.01,0.23,0.64,0.11
wk7UzH8q5IQ,분노,0.0,0.46,0.12,0.4
-67IBTJPfn8,기쁨,0.81,0.03,0.14,0.0
Q4fNq7gaoI4,슬픔,0.0,0.01,0.01,0.95
_ot52m9g1zo,슬픔,0.15,0.2,0.26,0.3
D-Nn_5ccKgI,기쁨,0.75,0.03,0.05,0.14
KzcF8AJ0iBk,슬픔,0.03,0.0,0.14,0.81
tMZ3bvvftN0,,,,,
R56zRDfxt80,기쁨,0.45,0.09,0.28,0.16
LbyRsy_7szU,,,,,
F8cnM4CbeOo,슬픔,0.01,0.08,0.15,0.53
rZ9h422oDK4,분노,0.02,0.63,0.06,0.21
LOCedy-ZaB4,공포,0.05,0.09,0.18,0.11
wozNALsnBmM,분노,0.0,0.89,0.0,0.0
-oFZxNXbWXA,중립,0.0,0.14,0.43,0.16
LOF_4Y9IV-M,중립,0.07,0.28,0.49,0.12
6hdwLhyDIow,놀람,0.01,0.02,0.2,0.06
SoakmnHIEl8,놀람,0.0,0.23,0.07,0.11
tasgGoxh1o4,분노,0.0,0.6,0.02,0.01
siaG-su3xDY,슬픔,0.09,0.19,0.31,0.35
Pa0NOMyh3bs,중립,0.0,0.09,0.31,0.17
l9RF6VFHwzk,중립,0.23,0.03,0.39,0.1
kwq7LwwJeak,중립,0.03,0.17,0.37,0.23
IZDXVbjH-aI,중립,0.03,0.09,0.46,0.05
EVDxgIDcFHE,중립,0.29,0.01,0.56,0.04
Vng--tUojdw,중립,0.0,0.03,0.79,0.1
XnEGCOlBDHA,공포,0.0,0.01,0.02,0.03
Jo9nKR2AwFY,중립,0.01,0.12,0.45,0.34
HkKTtE9VKnE,중립,0.0,0.03,0.93,0.02
iTR1Mtp2B0k,슬픔,0.0,0.02,0.05,0.47
nE1A_QK2E1c,분노,0.0,0.5,0.17,0.14
W2eo5eEeBXo,중립,0.0,0.0,0.97,0.02
5Qm8jHRY8uc,기쁨,0.73,0.0,0.27,0.0
nVa4gjOL3Bc,중립,0.01,0.12,0.56,0.1
AEGBmVUdtvE,공포,0.06,0.23,0.1,0.12
yORTSuzZkIU,기쁨,0.48,0.08,0.22,0.14
Whdk8gtfGL4,기쁨,0.37,0.27,0.1,0.15
TD-HjVNtx2A,,,,,
-rIxOqh6C38,슬픔,0.01,0.01,0.01,0.91
2gFFhgVVLOs,슬픔,0.06,0.09,0.3,0.36
fNnfADIfGEY,중립,0.22,0.0,0.73,0.01
Ho6beo4LpJ4,,,,,
yB3kN2XyKI8,,,,,
DZ5rrk2CARk,슬픔,0.0,0.19,0.11,0.57
uIFlQw4XZxU,슬픔,0.03,0.36,0.06,0.45
g9__L0emiik,,,,,
IjXU3aaUuZ8,,,,,
YFL-L-AIcq4,,,,,
0_6tyduqiKU,,,,,
-DikKgLrfTg,,,,,
nvY3m4OXKqA,,,,,
dVWKQ2ygJVE,,,,,
LomD1oODjXQ,,,,,
EwmUF8tHQd8,,,,,
stXh8eS1cgU,,,,,
pmgUazxM_3s,분노,0.25,0.47,0.06,0.19
MqjTgN3Ql-Q,,,,,
0uo0R_7_EKo,,,,,
bcurOQ6SuYM,중립,0.02,0.02,0.85,0.05
8SrbKUh6xF4,중립,0.0,0.05,0.45,0.29
n3qF9gJ0Tik,기쁨,0.84,0.0,0.08,0.03
IUydWIWrOL0,공포,0.01,0.07,0.11,0.13
5MRe_rgAisA,분노,0.04,0.87,0.02,0.01
WHxqy3kUWbE,분노,0.01,0.44,0.31,0.13
gGp8hMlD9oo,중립,0.3,0.2,0.48,0.01
73wrCJ2S5XM,,,,,
FBV1au4h_R0,,,,,
97ubl124hiM,,,,,
RPWpBDj11qU,기쁨,0.7,0.03,0.06,0.2
3re5onPrfQQ,기쁨,0.43,0.07,0.26,0.09
P11h2FpLt8w,기쁨,0.38,0.12,0.27,0.13
SwLcWWr9KGk,중립,0.03,0.05,0.58,0.31
w-trYhppZq4,기쁨,0.66,0.06,0.17,0.03
8Ptkx_3MW_M,기쁨,0.52,0.05,0.12,0.07
hehKXtNq9Zg,놀람,0.0,0.04,0.06,0.19
bSyr7BKOv8M,슬픔,0.05,0.31,0.06,0.39
4sbKjiFiQmA,중립,0.0,0.05,0.53,0.35
clDVK0Vi9yA,공포,0.06,0.1,0.14,0.14
FPfO2MnKQD8,중립,0.0,0.02,0.72,0.23
naPYZlaHB54,슬픔,0.0,0.13,0.19,0.6
K1UqCB4_gro,슬픔,0.0,0.09,0.29,0.49
J49pIQLqxTM,중립,0.01,0.08,0.51,0.15
Bpl0oSf8pI8,슬픔,0.01,0.15,0.37,0.43
8EE2uBLzYx8,중립,0.0,0.07,0.51,0.28
1TIuor-aUII,중립,0.0,0.17,0.54,0.25
NFHDAHX__dQ,분노,0.0,0.43,0.01,0.29
LIU-2XKXSU4,슬픔,0.0,0.03,0.11,0.72
NXWACGHYg10,중립,0.0,0.11,0.65,0.19
aBjXFsCZchI,슬픔,0.0,0.22,0.07,0.39
Yo4jv7qoLD8,기쁨,0.58,0.0,0.35,0.0
0JcjCyBaEEc,중립,0.03,0.05,0.63,0.14
jVnD6H56OsY,기쁨,0.75,0.13,0.03,0.04
bW10LCh__TM,기쁨,1.0,0.0,0.0,0.0
Nml3EXGcPic,,,,,
-Ks48zv9bNo,기쁨,0.99,0.0,0.01,0.0
56hPgabY-dw,중립,0.11,0.03,0.65,0.2
k9L8FG8Df_w,기쁨,0.56,0.17,0.0,0.19
cz7MQkvwNt0,,,,,
5S6ayw4mivA,,,,,
SvogQkWP_CE,,,,,
PnPNOLHWZuk,중립,0.14,0.03,0.82,0.0
NtLUB0JPQo4,기쁨,0.81,0.13,0.03,0.01
JwUin1NlXZQ,,,,,
D_b2aOVFLoQ,중립,0.03,0.06,0.68,0.18
xLmuRJxwY38,슬픔,0.01,0.13,0.33,0.49
pNRH72X2ecM,중립,0.0,0.03,0.75,0.12
1jxwPr4WyTE,중립,0.01,0.08,0.79,0.11
x6kjE36ayJw,분노,0.0,0.34,0.04,0.31
ng5CEzV4Olc,공포,0.0,0.15,0.28,0.24
_DDUAB6JWFI,슬픔,0.01,0.27,0.34,0.34
RRml6QrVjpM,슬픔,0.02,0.09,0.29,0.53
UPuc4jxLS_g,기쁨,0.61,0.01,0.07,0.03
AaDA7IEtuCw,중립,0.01,0.04,0.69,0.24
9PnnfSCHxC4,기쁨,1.0,0.0,0.0,0.0
bcKENu7RVKk,중립,0.03,0.07,0.78,0.05
zvbMm7D3kbs,,,,,
OdvAz0eJYy0,공포,0.0,0.12,0.0,0.41
-JaxjEh76ik,중립,0.01,0.03,0.49,0.42
okSjo4TRHp4,기쁨,1.0,0.0,0.0,0.0
T3mOBrg4L28,슬픔,0.0,0.11,0.17,0.62
kSn0Vj1X2pQ,중립,0.0,0.13,0.56,0.25
tH8NyvyGMO4,기쁨,1.0,0.0,0.0,0.0
0Gu1m7DYsfk,놀람,0.0,0.03,0.01,0.04
59utufGk9Vw,중립,0.0,0.09,0.58,0.29
a01CAFrHOEY,,,,,
MCJrfQ8LTqs,중립,0.09,0.09,0.47,0.25
B1hdYRzAP9s,기쁨,0.25,0.23,0.17,0.18
3AGy2R0-8G8,,,,,
RkHL8ta_UJE,기쁨,0.42,0.07,0.02,0.01
4KrXduFPXcE,기쁨,0.38,0.37,0.12,0.1
guTeMddD6YM,,,,,
ve3ZPdJ8z5U,기쁨,0.3,0.1,0.09,0.28
0sXqIsYv0J0,중립,0.14,0.21,0.33,0.09
nYlJnKl-sww,분노,0.03,0.37,0.15,0.27
o2kMwZQsqSs,중립,0.06,0.22,0.32,0.12
xkpXAYDMsv8,공포,0.0,0.05,0.08,0.2
UZ_xPb02PjI,놀람,0.03,0.04,0.39,0.05
0itbD02RrO4,기쁨,1.0,0.0,0.0,0.0
O8q4gtFy8DQ,기쁨,1.0,0.0,0.0,0.0
wZJdps1P9D0,,,,,
gtLB7WqF39c,분노,0.01,0.68,0.03,0.11
ZUSUw8-ugpo,슬픔,0.21,0.14,0.09,0.42
ZggEfXHRRuo,,,,,
6Ys1QzTMVog,분노,0.11,0.37,0.11,0.27
nHEBTbzCino,중립,0.01,0.02,0.96,0.01
DL3ul_uTCvU,중립,0.0,0.08,0.65,0.18
J1ninF8zTxg,중립,0.06,0.13,0.5,0.14
VtNiGHYtHrU,슬픔,0.1,0.17,0.14,0.35
VoXoikaEAf0,,,,,
Qt3k4hbdUyI,분노,0.11,0.69,0.02,0.16
FbU7SmIBx8M,기쁨,0.68,0.03,0.15,0.12
KbyCg0YKgk0,기쁨,0.94,0.0,0.0,0.0
ovdjL3xIltM,공포,0.13,0.02,0.13,0.18
lPgc5nKle2A,,,,,
AlZ0gmhKJjA,슬픔,0.18,0.13,0.1,0.54
58pOnf6GSPA,기쁨,0.88,0.01,0.05,0.05
nlSuSPyw9y8,기쁨,0.95,0.0,0.05,0.0
PtEkOAhcQts,기쁨,0.59,0.04,0.15,0.14
3sfHRvf20vA,슬픔,0.05,0.16,0.24,0.49
NfHWSAlC-Y0,,,,,
qvphnRQGdtw,,,,,
0jqAIhLBf2w,,,,,
Kf3g9YhVkbQ,,,,,
XJPHrlgsbWs,,,,,
9AGM_HPxiTo,슬픔,0.16,0.13,0.13,0.23
pP0SS_GhXUs,기쁨,0.75,0.07,0.02,0.1
lRNOyAOyOl8,슬픔,0.13,0.03,0.23,0.48
TuV5G7ico_M,,,,,
7eNLMj7SfdM,,,,,
nYp3ElUi5SQ,,,,,
AcXbmcDMIcw,,,,,
Pxw2fh5af5M,슬픔,0.25,0.09,0.18,0.31
rDZ_e0y8Qng,중립,0.13,0.02,0.48,0.27
qSNQHNqmtYY,기쁨,0.52,0.01,0.43,0.03
GqXZJunkqRw,,,,,
i0PMDZRueDQ,슬픔,0.01,0.01,0.12,0.83
DNEXR-AlSBU,,,,,
-PDRCtfLcHU,기쁨,0.92,0.02,0.03,0.01
9xe_t-9RUIc,기쁨,0.99,0.0,0.0,0.0
W4VKRXTnqMI,기쁨,0.52,0.02,0.25,0.13
ETwwVOIGZSs,기쁨,1.0,0.0,0.0,0.0
RV_Lenb7pfY,기쁨,0.94,0.01,0.02,0.0
IuSHwWorK0g,,,,,
IVtosRixUSI,공포,0.02,0.07,0.13,0.27
9v41oXcod8s,슬픔,0.04,0.02,0.06,0.44
TBDXQmT-ymc,,,,,
KCEjnl3Wvq8,,,,,
H4CU-MvHaHM,,,,,
aLvdC-117nw,,,,,
_O7Y_O4cdtE,,,,,
pDzLykqhu0A,,,,,
P5L0l57NU1Q,중립,0.01,0.11,0.75,0.07
aAK9tFOBQeg,,,,,
rm3FG1m5-zs,,,,,
xNXLkKwM4T0,,,,,
9I1XiDSf9tU,,,,,
94kFiAZs_30,중립,0.0,0.08,0.51,0.27
kHWRENB5lNg,중립,0.43,0.0,0.52,0.04
v-ubIvId-hM,중립,0.03,0.01,0.52,0.4
_Qyplsx4P64,중립,0.0,0.01,0.52,0.28
XCDAeyIsbcg,기쁨,0.88,0.0,0.0,0.0
p-WURGgGuaQ,기쁨,0.99,0.0,0.0,0.0
el7GemtgDdI,기쁨,1.0,0.0,0.0,0.0
lhIK0ZDQ0dw,중립,0.03,0.25,0.31,0.19
x67f8bo183U,슬픔,0.0,0.01,0.06,0.92
im0-iGOI2YI,놀람,0.02,0.01,0.0,0.0
e-lvu9hcJxg,슬픔,0.03,0.22,0.06,0.52
ITWw62r9oaI,분노,0.05,0.5,0.34,0.09
AudyaZCfTRI,,,,,
DRjXQjeRm0Q,,,,,
jgF59qBzqp4,,,,,
qkx3zqQY_eY,,,,,
BXpvxKlAh4M,,,,,
TfKrg26oyqk,,,,,
2VRI9aLPYNg,놀람,0.0,0.02,0.11,0.05
5LXfn0HXpb8,중립,0.01,0.09,0.58,0.24
MWIBlXq5neE,,,,,
pkyphsU45pQ,중립,0.02,0.06,0.6,0.23
TSORw5PyZsk,중립,0.02,0.08,0.7,0.12
ZzeiQ8P5BgA,공포,0.0,0.07,0.13,0.29
BmKDZFxrLII,중립,0.01,0.15,0.49,0.2
y1heGOOSVAU,중립,0.01,0.05,0.67,0.13
qrCPmkCqIxk,,,,,
VPcJUi-LUeI,놀람,0.0,0.05,0.05,0.03
ChCM7y8FQ3Y,중립,0.01,0.03,0.66,0.27
YQHFGptpSpQ,,,,,
XFN1kSzNX58,,,,,
c9Qy4SwPcEQ,슬픔,0.09,0.32,0.04,0.37
pRAykxwnCq0,슬픔,0.29,0.18,0.01,0.4
16nrifkK66w,기쁨,0.85,0.01,0.09,0.02
J05x8hauL2U,분노,0.07,0.44,0.03,0.12
GusuyDMAVAs,분노,0.03,0.55,0.01,0.38
lUf9ZIY3854,공포,0.01,0.01,0.01,0.04
Q7TDuTzcTdk,중립,0.09,0.06,0.56,0.12
mrgRbE3M_70,,,,,
tZQD_1YRPyg,기쁨,0.96,0.02,0.01,0.01
K6JEhrTKat8,기쁨,0.76,0.02,0.2,0.03
CHDeoJ1rv8k,기쁨,0.73,0.02,0.23,0.02
oe8jQRsFIPs,,,,,
yYe6-VBNgjA,,,,,
b25YM1YXrz8,중립,0.0,0.17,0.47,0.29
wlyMJ1-SsF4,중립,0.0,0.09,0.66,0.21
SOeyrSJi-nk,분노,0.19,0.35,0.06,0.21
t0XYg3CYtbY,중립,0.05,0.08,0.47,0.35
SOxHbtjzMiI,중립,0.0,0.05,0.76,0.11
BMxA1yWCqRw,,,,,
jPR-pma7XZA,분노,0.03,0.5,0.05,0.24
azo-qmHoa2o,슬픔,0.1,0.21,0.01,0.39
VAlJAE2zlLI,,,,,
Rn2fnFi6zPI,슬픔,0.0,0.22,0.18,0.35
Zu0bmAUw5Bg,,,,,
uR__95XnQJQ,슬픔,0.02,0.11,0.02,0.58
npGhq54cp2I,,,,,
F3xAtJqHCm4,,,,,
PNK9mGJ7v0c,,,,,
1wSMcqGmlGg,슬픔,0.0,0.12,0.22,0.63
yr8UTrg1yuA,중립,0.0,0.08,0.48,0.28
PcNZAuEOsoE,공포,0.0,0.01,0.0,0.12
hSj05mPMMUc,,,,,
gryx9xHlSrc,분노,0.01,0.74,0.01,0.02
4mA0SLh-TGs,,,,,
9XyvTzhGhEc,슬픔,0.07,0.22,0.08,0.58
gM_UDjgsmn8,슬픔,0.13,0.23,0.14,0.41
RwpjKJ2zyCw,기쁨,0.72,0.04,0.17,0.04
yhdzimov2aI,공포,0.0,0.04,0.01,0.02
ZYkhfhdRwCo,,,,,
2ob0_tXZd4g,중립,0.19,0.04,0.37,0.32
F3HT6386qDQ,,,,,
eHlwAcJ3i8c,중립,0.01,0.02,0.94,0.03
VjzKGcFXiI8,중립,0.08,0.08,0.77,0.04
QL59b0uw1b8,,,,,
E8O4V_4sHFs,,,,,
cQYW5UMD430,중립,0.0,0.02,0.87,0.09
9NsZHCAXqFE,중립,0.0,0.01,0.89,0.09
PsRoOtspfn8,,,,,
HhPApAS4FkU,중립,0.03,0.09,0.33,0.26
e6WpP5lZM-A,,,,,
1e9W-N1HSt4,슬픔,0.0,0.08,0.31,0.45
ExgIqrs_P1s,슬픔,0.0,0.03,0.02,0.41
0rrzBrJavtc,슬픔,0.0,0.04,0.08,0.37
tF1Ta_TpEuo,슬픔,0.05,0.13,0.18,0.32
4uZPbvfZJUw,분노,0.04,0.64,0.0,0.01
lztEBa8KuZ8,중립,0.06,0.06,0.77,0.11
mj_5jNPnqow,분노,0.01,0.74,0.06,0.04
tfG_aemvb9I,분노,0.01,0.83,0.04,0.03
TAGinlIWEsw,,,,,
R-K9bC2OQp4,공포,0.0,0.19,0.06,0.01
qCkOzYVIKqI,,,,,
1GNaszWOjz0,,,,,
s8LThuiJIsE,기쁨,0.97,0.0,0.01,0.0
z64XYDd4uiQ,기쁨,0.99,0.0,0.0,0.0
EpuR1FQKvuc,슬픔,0.01,0.28,0.26,0.32
l5H_6rvyzWg,슬픔,0.18,0.07,0.25,0.43
q6yY8YEk1Yk,,,,,
39eBXkW2PAI,슬픔,0.13,0.28,0.1,0.36
vG69U_dN208,중립,0.02,0.09,0.42,0.41
9dypba5OfIg,기쁨,0.56,0.01,0.41,0.01
9voPLYr07to,중립,0.46,0.0,0.53,0.0
UcEFrpAU67Q,기쁨,0.37,0.03,0.21,0.32
rdWsWvQOwwc,,,,,
tVHxmaMkLrQ,,,,,
4JcUtGVcbF0,,,,,
yQWBh0D79ig,,,,,
N8-GyF9AqLU,,,,,
DWGYaZBY2LQ,,,,,
HrR1gAe5mZk,,,,,
7qBynotWaOE,,,,,
omBoqJP9oz8,,,,,
ZBMCmNsqBJU,,,,,
aWoIX6HxPiI,,,,,
W2f9CFs0G1E,분노,0.14,0.26,0.21,0.26
saf08szlpos,중립,0.21,0.1,0.24,0.19
9iM3DPfRjt0,중립,0.01,0.2,0.36,0.27
GXrfOz9ZJjY,분노,0.09,0.35,0.27,0.19
EnpNYB6dsEo,기쁨,0.9,0.01,0.06,0.02
kf7hhRvGphU,중립,0.2,0.09,0.61,0.08
RRTp-V7NZzM,중립,0.17,0.08,0.48,0.25
jRepMLldCok,공포,0.22,0.05,0.25,0.2
fh6YLpQ2vvo,중립,0.17,0.14,0.5,0.13
exr6UMy2rxM,공포,0.01,0.12,0.03,0.41
fp0ZToX41Zk,기쁨,0.71,0.09,0.13,0.04
k7ayFC2hnOQ,중립,0.03,0.02,0.93,0.02
uSX6zMbM1XM,슬픔,0.0,0.03,0.42,0.46
Xo4bchD0nfI,기쁨,0.62,0.27,0.03,0.08
VbPCRh9TTj0,기쁨,0.7,0.14,0.07,0.08
30nVpEbxJFc,기쁨,0.5,0.28,0.05,0.16
LqEKTPt3WVo,기쁨,0.56,0.31,0.03,0.09
AyG7EZWM0q4,기쁨,0.42,0.3,0.14,0.11
74mUbbCsa6w,슬픔,0.23,0.32,0.03,0.39
zim3CuoCUcc,슬픔,0.08,0.07,0.18,0.54
PWyUQejvlKg,기쁨,0.34,0.32,0.05,0.24
WdWN6cKfegc,기쁨,0.54,0.23,0.11,0.11
68nwmm3mX7s,기쁨,0.75,0.15,0.04,0.04
E-qXbtYjoIQ,중립,0.0,0.06,0.49,0.32
xJQh6psuI68,중립,0.0,0.12,0.34,0.13
Ycfyr7uV6DA,분노,0.06,0.82,0.03,0.04
34OYb1blsi8,중립,0.02,0.04,0.84,0.03
tDVQTJBt3-E,중립,0.13,0.07,0.4,0.27
w0np8b7i1p0,중립,0.18,0.01,0.7,0.1
1lBFubSXnRI,분노,0.0,0.39,0.3,0.14
QI6s8FhTY9U,중립,0.06,0.04,0.66,0.16
yb-Vm0CeKyY,기쁨,0.85,0.01,0.1,0.02
xqSA3g6rDRQ,슬픔,0.01,0.2,0.13,0.35
tEoBYyk4QC0,중립,0.03,0.12,0.33,0.21
WyWaCPuUG70,중립,0.07,0.12,0.31,0.26
RMipk7JPNvM,중립,0.04,0.07,0.56,0.32
NEkbqcaw1b8,,,,,
XjbAjXqEH7Q,공포,0.01,0.08,0.04,0.09
Gnp0qkvc2Rk,슬픔,0.0,0.01,0.01,0.78
3nMf14rLTy8,중립,0.01,0.29,0.39,0.14
faXVhCMudLQ,중립,0.02,0.04,0.65,0.12
MeLeu5YbMME,슬픔,0.0,0.05,0.03,0.82
rBxMfNpmLVw,기쁨,0.94,0.03,0.02,0.01
qHP7kQZh5Hc,놀람,0.0,0.02,0.0,0.19
_FEofsaKslw,,,,,
qhMk6Q9l0PE,,,,,
zYbh50y-mEE,,,,,
Om2aWcZbx5Y,,,,,
7lBpvjRdt8E,놀람,0.01,0.02,0.02,0.01
dM79jex_5aY,,,,,
NTcLLZJkEeQ,기쁨,0.95,0.0,0.04,0.0
E9cQgWiO5EY,,,,,
DGIzRsa_pAw,중립,0.04,0.09,0.68,0.18
AexlkotOgjs,슬픔,0.02,0.04,0.18,0.71
A8ufdV00Cqg,중립,0.04,0.24,0.35,0.09
Fy8dr3IZFog,중립,0.0,0.04,0.77,0.15
dyAmrProy7Q,,,,,
kgAMnk_UVPg,분노,0.03,0.33,0.13,0.3
FwwTQyOdPqo,기쁨,0.42,0.05,0.2,0.27
yY1XPotPlrs,중립,0.0,0.07,0.72,0.17
1LudiyevztE,슬픔,0.0,0.05,0.02,0.88
BIT2qGHapBM,슬픔,0.0,0.05,0.03,0.52
dxUUc3_dX8E,기쁨,0.73,0.06,0.17,0.02
0QzEzeA34B0,중립,0.01,0.05,0.48,0.35
-Ze4_bYiEFc,중립,0.1,0.0,0.74,0.11
7LIQ2hYd0lQ,중립,0.0,0.01,0.71,0.2
wQVBrVjhsdg,중립,0.0,0.01,0.9,0.06
OzByQO98Qc4,기쁨,0.59,0.0,0.34,0.06
DDCvdBbjGOs,중립,0.04,0.0,0.85,0.1
QNre1HJXRLI,기쁨,0.99,0.01,0.0,0.0
KkCgnhgGXwQ,,,,,
ndab0B9VU2s,,,,,
TvtEYmMvBvc,,,,,
0xlDHkpi49c,,,,,
Sv138blOHM4,,,,,
lCPcbNg_7pg,,,,,
fwclTgDyxcs,중립,0.04,0.02,0.58,0.35
OTZ2pT_Rnlo,,,,,
1d1q_wjsJIc,,,,,
Sdpv9Qfa0MU,기쁨,1.0,0.0,0.0,0.0
pyWMb1MBGPM,,,,,
3ZLYJ9qE-Uk,중립,0.05,0.11,0.79,0.04
ez2MplBQXeE,,,,,
v_vYi9w0pxg,슬픔,0.07,0.02,0.37,0.49
xea7v4yh76k,슬픔,0.22,0.12,0.16,0.4
DNXtqnOSrUc,분노,0.05,0.79,0.05,0.06
OOJgqxJIQhs,중립,0.02,0.16,0.47,0.26
UUcrAKA4auI,,,,,
3HdJ6vIPXOU,,,,,
0mTjdHXfR7s,기쁨,0.54,0.04,0.26,0.04
rWQifZ5S_98,,,,,
vA3Vf0weiMk,,,,,
GUPOpOJ5NJQ,분노,0.04,0.44,0.14,0.33
2M4WqyMGbWI,분노,0.08,0.42,0.12,0.31
-zhgOWzp4oI,,,,,
x9OGEF-secM,,,,,
CMVbhotFZQg,,,,,
qcA0E7rhYyg,,,,,
LLRDOSLA3BY,,,,,
B0syBaS8mcY,,,,,
hipPojCkB9k,,,,,
SgDgzA-tDhU,,,,,
NT8SxlfISdc,,,,,
SDDJ0RhNhio,,,,,
gPriEIuEhIk,,,,,
k4VBx2Bz2RI,,,,,
IUtChMMxjKA,,,,,
3PEzSphRJ1k,,,,,
OE5Fu4GrDLA,,,,,
dGoehL0Xo8k,,,,,
JmTib0VvF3o,,,,,
SYxGZMKA7AU,,,,,
LdbdWtUb_qM,,,,,
qLel6ZTE2P4,,,,,
QqEs_T6KbeM,,,,,
o9BIyGMh5lY,슬픔,0.37,0.05,0.09,0.44
umXkbIDG_2k,중립,0.13,0.02,0.33,0.23
mxsflVZ68vY,,,,,
Vr57T1oJCSI,중립,0.0,0.02,0.81,0.15
XlxHWLRBiqQ,기쁨,0.65,0.0,0.35,0.0
3XjFa6TU75s,공포,0.1,0.12,0.02,0.27
hv5_QMra8cA,기쁨,0.87,0.0,0.08,0.01
bvG0WpA7SLU,,,,,
p5B_xs8mMxI,중립,0.01,0.01,0.92,0.05
NAP_wB3_z7I,,,,,
Oclf9PHOhjA,기쁨,0.5,0.03,0.43,0.0
4USKiTcNuSU,중립,0.04,0.13,0.47,0.21
JDx5R-YvOgg,놀람,0.01,0.34,0.2,0.01
V-aOoR7fx3E,분노,0.0,0.52,0.18,0.22
INJIetoeWOU,중립,0.02,0.25,0.39,0.3
1Fv_fSni3uU,분노,0.02,0.7,0.25,0.04
77omcVt59NE,중립,0.03,0.05,0.72,0.18
s_0Ct0wUocA,,,,,
SKtc732MhMM,중립,0.0,0.16,0.47,0.31
ArHTv6lzmhc,,,,,
5D6XqokMo_U,슬픔,0.0,0.14,0.21,0.56
1wvcA-Wd_iA,,,,,
mtidEGXDaE8,,,,,
DwJ8qQZbqlQ,,,,,
KAmoTulyngg,,,,,
C5saqbDvUFo,슬픔,0.08,0.1,0.08,0.71
5iVK6z9Rrp8,기쁨,0.95,0.01,0.03,0.01
Yzraugq7AAg,기쁨,0.76,0.02,0.18,0.02
V3wrt2DzftQ,,,,,
kovJx95Yz3Y,기쁨,0.92,0.02,0.02,0.03
ZmXDM8rJG-g,,,,,
vlqDUiPRIog,공포,0.27,0.01,0.23,0.21
GmjH7KowewA,,,,,
OME-jwfhiVY,기쁨,0.99,0.0,0.01,0.0
0pJ6RsiA_OQ,,,,,
cPWLwO-c2fs,분노,0.12,0.57,0.11,0.08
dDrNe45WXYY,중립,0.01,0.11,0.72,0.09
suAHFh9ofyY,기쁨,0.92,0.02,0.04,0.01
WIAEySrtd2g,기쁨,0.97,0.0,0.02,0.0
2pKjAlYXbPY,중립,0.3,0.06,0.37,0.19
0FaXESC90pU,기쁨,0.56,0.01,0.41,0.01
aswBAhQ2gXo,기쁨,0.91,0.01,0.03,0.04
Tx30JSP6AVA,중립,0.33,0.03,0.39,0.13
cIqXpmPEnEs,기쁨,0.41,0.06,0.12,0.26
6I-9onbPW1Y,,,,,
05EOtP9M5fo,기쁨,0.59,0.0,0.37,0.0
pNA6zWYmaV0,,,,,
YM88JhwOGeY,기쁨,0.42,0.04,0.09,0.29
_6hyedo5Nys,슬픔,0.04,0.08,0.08,0.48
0CR3M5FrLlg,기쁨,0.42,0.02,0.07,0.21
oeRi70YJYOI,슬픔,0.17,0.08,0.19,0.46
ItlGvGQEu6I,슬픔,0.29,0.02,0.2,0.38
rsZplv72tQo,슬픔,0.16,0.04,0.26,0.33
koK9kIVP9lI,기쁨,0.32,0.01,0.3,0.25
nhWkAi6fGAE,,,,,
SEmQNc2aTyQ,,,,,
-DFOWUYVTiA,,,,,
xumWHqoQInI,,,,,
V-_o4spdXoA,,,,,
igVykD0JFIs,,,,,
O252ifbFpCg,,,,,
a2kQXIwEi_g,,,,,
_yrl6EWJQYk,슬픔,0.01,0.17,0.13,0.57
CwwiAerfxmk,기쁨,0.44,0.22,0.03,0.26
PJEkfoL9SZY,슬픔,0.01,0.12,0.1,0.65
46fiaYQetbU,기쁨,0.72,0.15,0.1,0.01
IYJu6gsBjvY,중립,0.05,0.09,0.48,0.23
PXrGi-h9mQU,,,,,
c2H5nGXn5FU,,,,,
U-3tweKBY5c,분노,0.27,0.32,0.2,0.17
BGIsba2BUg4,,,,,
5x7dMFL9MM4,기쁨,0.32,0.1,0.15,0.27
mSsDGiASGqw,,,,,
2UXqB_lmJa0,중립,0.0,0.01,0.86,0.13
5gIDiCxdSfA,기쁨,0.82,0.0,0.1,0.06
sV9rkwZshWw,기쁨,0.89,0.06,0.0,0.01
IxLwviR3qfI,분노,0.0,0.46,0.29,0.16
LtK33Z8xn-Y,슬픔,0.01,0.1,0.2,0.66
guoQBx6DV04,기쁨,1.0,0.0,0.0,0.0
SOJjSKz83uQ,기쁨,0.51,0.06,0.19,0.02
cEHsgnx9rkw,분노,0.01,0.83,0.03,0.01
vx0rlLrDYc8,중립,0.03,0.01,0.94,0.01
jyed6s9IGGs,중립,0.0,0.2,0.53,0.22
yZGpmQGSvAY,중립,0.0,0.01,0.91,0.07
RK1Md1sbf5I,,,,,
PytfMEpn-v0,,,,,
A25O34HGHRg,중립,0.06,0.18,0.46,0.29
0hb_qTtPFo8,기쁨,0.42,0.08,0.2,0.18
A3fxNjc4BBU,중립,0.17,0.22,0.41,0.15
Ggoccww3DtY,기쁨,0.57,0.04,0.07,0.25
TKd9Bxp8bjk,중립,0.0,0.03,0.78,0.18
GQfKfuEwyto,분노,0.06,0.35,0.29,0.28
Ngq7d3We3Xs,슬픔,0.0,0.03,0.15,0.63
YdLZfEFlf1A,중립,0.01,0.01,0.87,0.07
WD9Fe9imdz0,슬픔,0.17,0.11,0.17,0.28
Z0Indhkby4U,,,,,
o2MV0FCLuuQ,중립,0.31,0.09,0.53,0.06
VhtmBFQmej8,기쁨,0.98,0.0,0.02,0.0
GaYiwPJ0e0A,기쁨,0.86,0.0,0.12,0.01
SFeR0fX4udw,공포,0.01,0.0,0.07,0.11
qDKRawi9zyY,중립,0.29,0.08,0.57,0.05
pSmxTjciFpA,기쁨,0.92,0.0,0.06,0.01
-Rx7-A0tRHY,슬픔,0.0,0.01,0.27,0.66
nLCLw3MXhwA,놀람,0.01,0.01,0.12,0.03
P8dfCiaufZk,중립,0.0,0.05,0.78,0.15
VNrprrJRt6A,중립,0.01,0.16,0.34,0.16
54z12xlygTE,분노,0.0,0.52,0.0,0.08
QJwkel8dCt8,중립,0.06,0.36,0.43,0.03
l3D9sLWD7lE,분노,0.0,0.63,0.04,0.2
eBBJIcX0fLA,중립,0.27,0.06,0.37,0.14
JUF5Tlls_GI,중립,0.03,0.02,0.53,0.06
YvmRUeM6jsA,중립,0.0,0.01,0.73,0.02
QKGKgOFS57o,중립,0.0,0.03,0.71,0.05
5aXJmBbAoPQ,중립,0.0,0.01,0.86,0.02
L_xts1AJke8,중립,0.09,0.13,0.68,0.01
xdctI004f3k,,,,,
N6cQxAiHXnM,중립,0.01,0.0,0.77,0.04
yHLg5RBxgv4,놀람,0.0,0.0,0.34,0.02
3KLrDoi8iK8,중립,0.06,0.01,0.67,0.2
HS9LNtIckpc,중립,0.0,0.01,0.66,0.12
sZrx_epWaqk,,,,,
k_rMLPHaK7k,,,,,
6ZwmZgJwCy0,중립,0.01,0.02,0.55,0.32
JYuzu1N45hs,중립,0.0,0.25,0.38,0.2
9_jra7f9sk4,,,,,
d3fVTjG95wc,중립,0.03,0.04,0.75,0.12
Ykc_xMeYnu8,중립,0.0,0.06,0.53,0.39
4JNvoVk2CCk,슬픔,0.05,0.03,0.17,0.47
hUgDcjX0Z1I,놀람,0.07,0.27,0.18,0.06
1JGJSP7MIoo,분노,0.01,0.4,0.29,0.16
6Vlj5y86cUE,,,,,
IgaPHmb5CHQ,,,,,
RFz3-tg-09M,,,,,
o4WGMCZVgjs,,,,,
TrHNLN2O5ww,슬픔,0.02,0.06,0.08,0.61
wq2XMJ0Yd1M,,,,,
EMuvyF3rje8,공포,0.0,0.05,0.0,0.03
63T8sdyd5JM,,,,,
c7Fb8GsFJVc,분노,0.16,0.56,0.04,0.03
rYaobD4Bgd8,공포,0.03,0.18,0.03,0.27
BiLUVB1rXz0,슬픔,0.01,0.2,0.29,0.34
2CuBZzBIC3A,슬픔,0.0,0.05,0.24,0.4
9FKUEFQPpis,분노,0.06,0.35,0.19,0.15
YEBuUDUeSOU,슬픔,0.0,0.11,0.33,0.44
YIPsJiVhhtg,중립,0.01,0.1,0.42,0.22
pE7N_gT6Oi4,중립,0.0,0.07,0.47,0.35
18CxFkz3I7A,슬픔,0.0,0.07,0.2,0.4
Fs9R5heBVnA,분노,0.11,0.53,0.21,0.09
0SvodBBpdMA,중립,0.04,0.26,0.59,0.08
NabBOFhem_c,,,,,
Ro_zUjWelgA,공포,0.2,0.11,0.14,0.25
MPJswtKgB6s,중립,0.06,0.12,0.36,0.25
Oh4YTBz13sc,중립,0.03,0.08,0.75,0.12
ERgxSEfeAM8,슬픔,0.01,0.1,0.15,0.61
cRE_qQxZ8vQ,,,,,
ZlTyHrFNCiI,중립,0.02,0.15,0.55,0.18
LQMjopN4rO8,분노,0.18,0.47,0.09,0.15
Ij2NFuaQICw,기쁨,0.94,0.02,0.02,0.01
T7ZT65Un9kU,중립,0.0,0.1,0.42,0.02
Pm97K0V7O2Q,중립,0.01,0.21,0.33,0.1
eopo0b2b0P4,,,,,
OEOfwNIOrpw,공포,0.0,0.02,0.39,0.1
btgfIGDMtoI,분노,0.01,0.31,0.1,0.1
gVSTvZDiswE,,,,,
GNTEUoPJrQo,,,,,
DEG4ooXNnc0,분노,0.0,0.79,0.01,0.13
SeQAyCYsNrU,중립,0.07,0.21,0.34,0.11
P85UwZrivRc,슬픔,0.04,0.03,0.09,0.51
hbNdExbziKk,중립,0.22,0.15,0.47,0.11
akAJFdJYt-k,분노,0.0,0.6,0.02,0.01
CK3LQrkw5q0,,,,,
VBw3sIMaFIo,기쁨,0.31,0.16,0.23,0.2
-QPZ4BCD2PA,,,,,
cGjP8nvra0E,슬픔,0.0,0.11,0.16,0.7
kNXx09Dpjt4,기쁨,0.81,0.07,0.08,0.02
rBxdsO70uLo,,,,,
cbyN00YOGdA,중립,0.05,0.14,0.54,0.15
Ij05fPBR2Xg,,,,,
GcLqLxzpJv8,슬픔,0.01,0.19,0.02,0.52
L4QC3XZB0lA,,,,,
DXdLgZObf1s,중립,0.36,0.06,0.54,0.04
JmXVJS47SWc,슬픔,0.0,0.11,0.37,0.4
uH-pUqU_-E0,,,,,
zP57S0bXH9A,중립,0.14,0.04,0.65,0.17
dtGcouA-W44,,,,,
Df88Zc4eZms,,,,,
HULd8GOl6yQ,중립,0.0,0.0,0.99,0.01
2ccWDxPyNRQ,,,,,
L4CUoN84t9A,중립,0.0,0.0,0.99,0.0
Z0sk1ie5KP0,기쁨,1.0,0.0,0.0,0.0
qj69Bl_qvSY,공포,0.03,0.19,0.21,0.12
QQOxH80t0o8,놀람,0.1,0.11,0.2,0.14
pX7pQbVgp90,기쁨,1.0,0.0,0.0,0.0
En8i2Hb4H5Y,기쁨,0.99,0.0,0.0,0.0
VlZB97M2Bg0,,,,,
MU2DGylxKOk,,,,,
VF5NEr8mLS8,중립,0.03,0.03,0.4,0.29
PCrg6iDGY38,기쁨,0.32,0.23,0.02,0.16
edH0rD5Pjdc,슬픔,0.05,0.27,0.06,0.43
ePwUxnFhXrg,,,,,
lXfdTvlyfkI,놀람,0.01,0.01,0.01,0.03
VkbRIRhpWGI,분노,0.0,0.69,0.09,0.09
hPcBZqVT61Y,중립,0.17,0.04,0.53,0.14
j39r67s1zXc,중립,0.01,0.01,0.8,0.14
5V8Ly4_02mc,놀람,0.04,0.03,0.19,0.08
WyCDdVhjR-Q,중립,0.01,0.02,0.77,0.17
hIywGdBuI4k,중립,0.0,0.21,0.6,0.18
Mfx-nAYAD74,중립,0.17,0.05,0.68,0.09
l5oKi5Yp6VE,공포,0.0,0.04,0.02,0.08
9-SSV0ICkrI,중립,0.0,0.02,0.82,0.05
X06Y4iS0waE,중립,0.0,0.0,0.84,0.08
liRa-bmPI4E,기쁨,0.68,0.03,0.12,0.12
Rje0SpONSKM,중립,0.22,0.24,0.33,0.15
LeK8S-CoQr4,,,,,
JMWnqMwEWa0,분노,0.11,0.33,0.03,0.12
1BhpXjuZY5A,슬픔,0.0,0.01,0.13,0.68
-haeZy72oXM,공포,0.0,0.0,0.03,0.19
mppIbVwPVzU,공포,0.05,0.11,0.03,0.33
NOnuIp32ulE,기쁨,0.44,0.12,0.12,0.15
AHsYMf58GJU,,,,,
HXsb034qKQ4,분노,0.01,0.4,0.09,0.19
na35SfboHOg,슬픔,0.09,0.09,0.37,0.43
KqkcQgG3svU,,,,,
yW0tjvWXxoQ,,,,,
rAtVzobdlSE,,,,,
1tjG4qfnOSg,분노,0.01,0.63,0.07,0.07
fk4zwTmNVJA,기쁨,1.0,0.0,0.0,0.0
uIZPXz7jX2g,,,,,
5-nHGP_f6F0,기쁨,0.73,0.0,0.12,0.12
rWCrwmBMT2s,,,,,
yLPt0GA4Pws,,,,,
YUYv8yflu6A,,,,,
zOnMer_vc5g,공포,0.03,0.02,0.13,0.31
thZCD1UKsHE,중립,0.46,0.0,0.53,0.01
0M-X3jyqZ-c,기쁨,0.88,0.0,0.1,0.01
rXjiix28pzs,분노,0.25,0.67,0.02,0.01
hg2g0Tog9cc,슬픔,0.0,0.08,0.13,0.75
UIc5Yvw9BoE,,,,,
qIVehc7oihI,중립,0.01,0.0,0.61,0.04
TE553yck18U,기쁨,0.65,0.0,0.34,0.01
OFFPsphBXyc,슬픔,0.06,0.18,0.35,0.35
WoYYfRkH15g,,,,,
mCLEp7PC77A,중립,0.01,0.21,0.58,0.06
_VqyS23yEwI,중립,0.0,0.12,0.63,0.18
FCsji6t00_k,중립,0.0,0.03,0.94,0.03
0yrkW-5R9Ok,중립,0.0,0.03,0.84,0.12
F9p21Z_iQ1E,,,,,
CqWa3DGMqeA,중립,0.0,0.03,0.84,0.12
qe2sUUpwlI0,분노,0.0,0.95,0.0,0.02
waiSXnKZegw,중립,0.01,0.02,0.91,0.05
58wHBezDdc8,슬픔,0.06,0.24,0.15,0.44
brY1-CnkaZI,공포,0.01,0.27,0.07,0.19
pWXyIO7yPqQ,공포,0.0,0.26,0.26,0.19
sJJOTJRU3Gc,슬픔,0.06,0.14,0.34,0.39
Os-ezT0N6zc,분노,0.19,0.32,0.01,0.29
74TnV9LBv1M,,,,,
IHFLntRX_ZE,분노,0.0,0.85,0.0,0.01
o7c_aIIgqFk,기쁨,0.5,0.2,0.09,0.15
CSxrjH4aV90,슬픔,0.0,0.06,0.45,0.48
jMHu3ERvGns,분노,0.26,0.56,0.04,0.09
sZ5nEfnGHS4,중립,0.01,0.07,0.73,0.16
W9n8OyOCb4g,분노,0.07,0.37,0.28,0.21
aKoWDkiPQ34,,,,,
IH4QQ4Q0c8s,슬픔,0.01,0.1,0.07,0.61
RjWPlO6rC4k,,,,,
jNTbpERvluw,분노,0.06,0.45,0.08,0.21
wEqgUUjnMow,,,,,
vS0Vf5X7I8U,,,,,
5s7b7UaQykU,기쁨,0.46,0.11,0.14,0.17
Z2dM6NK-PX8,중립,0.06,0.08,0.39,0.38
4JqD4LQmPO8,,,,,
bkzq0I3L2GQ,중립,0.0,0.04,0.88,0.04
3yev2bFWO2Y,중립,0.05,0.03,0.67,0.23
4P05mTTx_eE,슬픔,0.09,0.08,0.16,0.44
W3HZU-273WM,중립,0.02,0.02,0.36,0.32
vvE2lIlbddU,중립,0.01,0.01,0.69,0.19
UT5rBdHSML0,중립,0.04,0.0,0.84,0.1
C5_vw0gzr28,기쁨,0.34,0.04,0.18,0.29
stbKaSidlEM,슬픔,0.04,0.04,0.12,0.55
uWifzxfSaDE,슬픔,0.06,0.06,0.19,0.39
vMmm8jCvw24,중립,0.17,0.03,0.45,0.04
FMdpCn_32xI,슬픔,0.04,0.05,0.02,0.4
c4mEnnuCrCM,,,,,
lq0xBL5PPF8,슬픔,0.15,0.05,0.17,0.52
IBo0LGhrDYI,,,,,
6C3io42vVXg,,,,,
-PAO6iPqIcY,중립,0.04,0.07,0.48,0.24
f2sigMXyi2Y,슬픔,0.0,0.0,0.36,0.63
BoGbECdvpsk,공포,0.26,0.03,0.28,0.12
kS-_r3ZieY8,중립,0.01,0.13,0.61,0.15
G84r0PfZKxw,분노,0.19,0.37,0.21,0.13
YMKbDk79Tvs,,,,,
_rAqu1CjriM,기쁨,0.45,0.02,0.41,0.1
uJ7ejt_s-GY,,,,,
5KS9qOiDLXo,,,,,
GYwBwgNaGls,,,,,
fi28v405bOE,,,,,
G_47JvhWkLE,중립,0.0,0.03,0.9,0.06
rZ8UOvoY4Gc,중립,0.0,0.01,0.89,0.04
ZtChH0PT_WU,슬픔,0.09,0.14,0.02,0.4
64IhQWX4w4c,기쁨,0.78,0.07,0.05,0.08
qiPQ_VWd0jA,놀람,0.02,0.04,0.05,0.06
xEcwbN_jISA,놀람,0.01,0.03,0.04,0.0
I2NQ-2wkNy4,중립,0.08,0.04,0.7,0.11
XYmJ3ideS-Y,중립,0.0,0.07,0.89,0.03
TsCWjh-XPzc,,,,,
LH2GOZvn6gM,슬픔,0.27,0.05,0.17,0.38
Wj8wOUxfCwA,,,,,
96siX_MzM9s,,,,,
owPcxuMYmS4,중립,0.02,0.2,0.32,0.22
uGZ0zS8sFwQ,슬픔,0.02,0.15,0.04,0.61
8oBzfgq_2JA,,,,,
TN5hgLF76So,,,,,
ORZUnSlMq1I,,,,,
8D1EvWE7I0Y,공포,0.23,0.08,0.03,0.27
sqltJcyeJxA,,,,,
FUM7vbtrvec,,,,,
IdxAZ3CQH6k,,,,,
3HBFWs9vfXo,,,,,
rm8qa7FDMYU,슬픔,0.37,0.02,0.19,0.41
fsCVXE84SIQ,,,,,
EiIQ7GRb9g0,,,,,
amK5OiRip0A,중립,0.11,0.23,0.48,0.13
KlYi-zw898I,분노,0.07,0.32,0.23,0.27
YKeMjR85lDg,,,,,
FxrEM8NeRSs,슬픔,0.11,0.13,0.04,0.53
Yt4EciHC0Fw,슬픔,0.08,0.28,0.04,0.37
ydXWvIjv0JA,슬픔,0.16,0.18,0.06,0.38
PSXooW7qsYk,슬픔,0.09,0.2,0.05,0.38
0tQjXlb7umo,기쁨,0.93,0.0,0.06,0.0
VmArkAVr2cA,중립,0.01,0.01,0.78,0.11
WJtl9PSRjO8,,,,,
W17aCC12a1Q,,,,,
AQlN5IFiGbM,기쁨,0.83,0.01,0.04,0.02
bpXw7Gslkuk,중립,0.02,0.03,0.81,0.05
vdaJyjNQZnA,중립,0.25,0.01,0.72,0.01
OjjJMFvElVg,기쁨,0.83,0.0,0.15,0.0
rm27-4GFyjU,슬픔,0.05,0.03,0.17,0.74
N33T-BEy6mM,분노,0.01,0.51,0.08,0.33
Wp-sCCqhoDo,중립,0.37,0.02,0.54,0.03
X900FaZsPaA,중립,0.22,0.02,0.61,0.15
Lq1-QlpF6J0,중립,0.05,0.05,0.55,0.31
JsN2mfu_lRY,기쁨,1.0,0.0,0.0,0.0
fSpqPPKiuog,기쁨,0.99,0.0,0.01,0.0
i3K5fQvYMOw,기쁨,1.0,0.0,0.0,0.0
UyfpmKMzQfI,기쁨,1.0,0.0,0.0,0.0
JWV3WeR8IJI,기쁨,1.0,0.0,0.0,0.0
EJ4zVR2y48M,기쁨,1.0,0.0,0.0,0.0
S2LPXZ2qUNA,기쁨,1.0,0.0,0.0,0.0
pX231t7bc-s,기쁨,1.0,0.0,0.0,0.0
u1vmxZ_Q7yk,기쁨,1.0,0.0,0.0,0.0
SL23aL87aSM,기쁨,1.0,0.0,0.0,0.0
6g4fACL2cac,놀람,0.0,0.0,0.0,0.0
vBJQvQBTveI,슬픔,0.04,0.02,0.21,0.69
KWY4n3Vr7iA,,,,,
S-jP0HxwFMg,,,,,
uZ8sXyUOB5Y,중립,0.01,0.01,0.57,0.15
f6zyy6VoKuQ,놀람,0.0,0.09,0.02,0.26
GVq9R11nM0w,기쁨,1.0,0.0,0.0,0.0
rQzDfmSo6Ms,놀람,0.01,0.03,0.32,0.18
S328lRsky3E,공포,0.08,0.2,0.09,0.13
-O9Me7uDNIY,공포,0.05,0.12,0.0,0.07
W6lI9rPq6t0,중립,0.02,0.06,0.71,0.07
pzVNsxq2uyA,슬픔,0.01,0.07,0.07,0.81
_0stf69jN0I,공포,0.0,0.01,0.03,0.43
XwWSTnY2KXE,슬픔,0.01,0.21,0.38,0.39
6aMZWxrQzI4,기쁨,0.66,0.27,0.05,0.02
VCC_a-19qww,중립,0.0,0.01,0.77,0.15
u-zANDPT_fA,중립,0.08,0.02,0.79,0.09
VEoFCjo9Xyk,,,,,
1m32v2TB-c4,,,,,
MIBALk5VZQo,중립,0.29,0.05,0.36,0.2
3glN5aoKtZk,,,,,
gsMSVM0AIko,중립,0.0,0.0,0.46,0.06
LTlLC1JBtBI,,,,,
P5PGvQawObk,중립,0.07,0.1,0.72,0.09
NBNRXDM1n8g,,,,,
Ujy9BYJVRMU,,,,,
G-rvl6u8s1Q,슬픔,0.0,0.12,0.18,0.56
zu0Cf1BKVl8,중립,0.02,0.16,0.47,0.18
tRvRokWvuaU,,,,,
I2VteqNGUqE,중립,0.02,0.07,0.78,0.09
E88hk-wnTfo,중립,0.0,0.01,0.56,0.35
ukjahvXGFo4,중립,0.04,0.0,0.9,0.04
WLvgGFFbIwU,,,,,
GHWdS3ROO3s,기쁨,0.71,0.04,0.19,0.02
3Lnh7VqMLaQ,,,,,
bTNP4Qz3Yhk,,,,,
SvaWGNPGwsA,중립,0.06,0.01,0.54,0.38
iz432e4ss0I,기쁨,0.48,0.01,0.46,0.03
LBlDCK9r9cY,중립,0.0,0.02,0.88,0.09
s2Ayl-KrZZg,,,,,
thB-ymw998U,슬픔,0.0,0.0,0.0,0.81
dLUd9EmNq1Y,슬픔,0.03,0.03,0.28,0.58
2j8vR2BrzS4,슬픔,0.03,0.02,0.09,0.76
jvguB805AxM,슬픔,0.0,0.01,0.0,0.97
Y0YdonmybUU,,,,,
GBeGVR4sKmc,놀람,0.11,0.08,0.0,0.0
fudCUbdkQmg,슬픔,0.0,0.01,0.01,0.92
RpcAQKsimFs,놀람,0.03,0.05,0.02,0.27
j-Icw1-ghhk,중립,0.06,0.07,0.36,0.27
0iAwO9bwLt8,,,,,
8Ur_TfvkBVU,슬픔,0.06,0.16,0.09,0.62
ygbQU6Nx-5U,,,,,
Zc3_dUillVw,,,,,
wbTfqPjEWzA,슬픔,0.05,0.12,0.17,0.51
baavwkIXyqY,슬픔,0.0,0.11,0.03,0.73
al5Mw5zwsxc,슬픔,0.0,0.0,0.0,0.99
svLn_bZ-JEs,,,,,
ySMp2ZXyLoQ,슬픔,0.0,0.0,0.01,0.98
pRq33-4_qZE,,,,,
N-5Jrr89FjM,,,,,
Jpq5Xcc5jmw,,,,,
9smKlUPG2e0,,,,,
Vf7S54bds10,슬픔,0.01,0.01,0.3,0.63
Ilk8VNMa1mo,중립,0.01,0.0,0.96,0.03
dwOgqdgwNXI,중립,0.0,0.01,0.97,0.02
gkcOMMn9DzA,기쁨,0.83,0.0,0.16,0.0
Ax4T3Jcy6z0,중립,0.0,0.08,0.51,0.24
v0tKQIGqjPk,슬픔,0.01,0.25,0.23,0.43
VlKaHiLA668,공포,0.02,0.15,0.03,0.05
mJiNXmTytdc,분노,0.0,0.55,0.02,0.28
gZpq_-9mZM0,분노,0.04,0.54,0.02,0.11
SMotd_naJig,,,,,
0nQV1AJr-8Y,,,,,
a2lmR-MrsT0,공포,0.0,0.02,0.2,0.15
w76pohQStZQ,분노,0.03,0.55,0.09,0.28
c7vlhUFL2yo,분노,0.0,0.4,0.36,0.13
7KXjFYBNiWg,,,,,
uAXg00wIYzM,분노,0.0,0.92,0.0,0.02
XiEmiyFIObs,기쁨,0.99,0.0,0.01,0.0
HXZD8LDfwns,기쁨,0.66,0.01,0.33,0.01
UlO3rq6Jc3E,중립,0.0,0.14,0.63,0.19
UlL4xdyZDrA,중립,0.29,0.01,0.6,0.05
Vy5TgPDUjqs,기쁨,0.5,0.01,0.36,0.1
DvcMEItkrfs,,,,,
w9eLXVCGBnU,슬픔,0.04,0.04,0.18,0.59
3sv1KX6iR-w,기쁨,0.39,0.03,0.19,0.3
J3YAsrB4mjM,중립,0.02,0.12,0.38,0.36
YVv9SQlz6ec,,,,,
SnsASnBAdT8,슬픔,0.01,0.22,0.04,0.46
Cu9dciCAfJQ,놀람,0.01,0.03,0.12,0.07
X_Ju0wXcAxw,공포,0.0,0.0,0.0,0.0
B8PhKlsapkE,공포,0.0,0.0,0.0,0.13
LmRjGQvjpwM,중립,0.02,0.17,0.45,0.3
qjixfqJijoI,공포,0.0,0.02,0.0,0.2
nukfMMou5bM,중립,0.01,0.19,0.35,0.18
PbRLqx_ZjcI,공포,0.0,0.08,0.01,0.21
vUuJTSU7bdU,슬픔,0.07,0.15,0.07,0.52
LlyXMmJpqy8,슬픔,0.01,0.0,0.04,0.89
4AWPDYQkjtM,기쁨,0.54,0.08,0.07,0.07
tLbh0dhEwOk,,,,,
C5V_snEwriA,슬픔,0.05,0.07,0.19,0.66
Cnxus-7CMqM,,,,,
LKywCxnBB08,,,,,
DfMKZUosU-8,,,,,
JsqvvZAzeOU,,,,,
meQkEqWSP4w,,,,,
lwegRqy35BY,,,,,
c-znHIQrSdY,,,,,
_gImTR69YAo,분노,0.04,0.65,0.1,0.14
oLgiFW0K7tI,,,,,
I5zTSoomBBU,,,,,
kk3-1bs-ZqA,,,,,
r3RtC81-lAA,중립,0.43,0.04,0.47,0.03
mKBtDLQ4rso,,,,,
dFHRP7dTk8A,중립,0.01,0.01,0.63,0.3
ADzeLg6XR0c,,,,,
I9HxgSaHJt4,,,,,
aLwzbBGPOA0,,,,,
MpnAEl2cdFI,중립,0.0,0.03,0.53,0.1
IQkEWmO0VEQ,,,,,
iJvrxt0nwSE,슬픔,0.01,0.13,0.02,0.46
1a-vQDDQT4I,,,,,
1wqRjI2_8J0,,,,,
G1M7DBmwzHo,,,,,
QZvA5u_XHDk,,,,,
GrXNLzJcpG8,기쁨,0.42,0.07,0.16,0.27
wGh6X5uxedk,중립,0.31,0.08,0.39,0.2
OQT8ONVC0YA,기쁨,0.77,0.09,0.0,0.01
Y2Mzmvwm1RA,,,,,
FQRBCc58J88,,,,,
fo_ZWUNXoWc,,,,,
D1jK21a2jGE,,,,,
Qb7PV4_BhkY,슬픔,0.0,0.13,0.23,0.38
UbjYgG_MgZI,기쁨,0.93,0.0,0.03,0.0
LXelgnZmB1Y,중립,0.18,0.08,0.28,0.2
3jx-4RrpEFY,기쁨,0.86,0.0,0.14,0.0
UzEjVR7l-G4,중립,0.0,0.06,0.74,0.15
_ZmzsW01YCU,중립,0.0,0.16,0.58,0.11
JUUbiH689rc,공포,0.0,0.01,0.02,0.4
nKU31daLc3Q,,,,,
mVtQUUFuIW4,슬픔,0.01,0.0,0.03,0.7
AsJm_2Puxto,공포,0.3,0.01,0.07,0.06
XWoIolGIJKE,,,,,
lYJtb3EjAGQ,놀람,0.02,0.14,0.29,0.02
jiJwnXCbtfQ,중립,0.0,0.0,0.98,0.01
EJbMa-QdrEU,기쁨,0.88,0.0,0.1,0.0
_3K2F5HcmsQ,중립,0.46,0.0,0.53,0.01
7ZrEap-uvLA,분노,0.0,0.74,0.1,0.1
r8i07gWRodQ,,,,,
MPf3V9RzqaY,,,,,
xDUO1YAoFgk,,,,,
l044pmDu-RA,,,,,
WU0udw-u-UI,,,,,
lG7T8Gigxuw,,,,,
6kDdMSJ5hhY,,,,,
jZ233sosldY,,,,,
bhvR4wFbytw,,,,,
XwJH3azj1P8,슬픔,0.06,0.05,0.14,0.35
UaPEGh8xm_Y,,,,,
q81Kwp1vVVk,,,,,
BnU6mB2p6aA,,,,,
p33NRFbJdwE,기쁨,0.87,0.03,0.08,0.02
9kMSWDMEJlI,중립,0.02,0.2,0.53,0.15
Z6lF1v-UpAs,분노,0.0,0.38,0.36,0.18
MHko5TJakoE,분노,0.12,0.67,0.02,0.05
gAymhNw80CY,분노,0.12,0.67,0.02,0.05
uzseqMYo_OE,,,,,
T_xnIKGCwNE,분노,0.0,0.73,0.04,0.02
2GEuEYuDK78,중립,0.02,0.2,0.53,0.15
w2XtcMyvn9g,중립,0.02,0.2,0.53,0.15
YaqCxjQp6QM,중립,0.05,0.23,0.51,0.11
HI63C24AONY,,,,,
WxS2YhO1wZ8,,,,,
QEAqHQALsL4,기쁨,0.96,0.01,0.0,0.0
F9ZnufTgd60,슬픔,0.0,0.12,0.1,0.69
Da1Wqa6vBUI,기쁨,0.75,0.0,0.22,0.01
B-QpgBvvIz4,중립,0.01,0.23,0.66,0.07
iPWgj2Ooowc,,,,,
QQ00noXOVnY,분노,0.07,0.53,0.03,0.31
SkoOicYxgjs,중립,0.07,0.23,0.49,0.05
ULVLuI8oJ6c,,,,,
um8f0uZ_7tQ,분노,0.0,0.4,0.01,0.12
j9E00CZPKvo,중립,0.0,0.15,0.71,0.06
R54QUKW6Trw,,,,,
hAS6F1J5VE8,기쁨,0.28,0.25,0.1,0.08
mvVlheXwjso,중립,0.0,0.04,0.79,0.11
zw0oLx0Wl5U,슬픔,0.01,0.03,0.07,0.74
ysNYSIv-vL0,,,,,
Rn1Aq5mhOxw,,,,,
Ct4RuMz4_PE,기쁨,0.4,0.33,0.08,0.04
4968-kz-eR8,중립,0.32,0.09,0.38,0.17
lT8mXvZKjHc,슬픔,0.21,0.01,0.3,0.41
J7RjpGIG5j8,기쁨,1.0,0.0,0.0,0.0
uw5CxsNTQbM,중립,0.11,0.08,0.6,0.08
5WygQJB9T-g,슬픔,0.03,0.05,0.09,0.65
nDYhogT2cvk,,,,,
hOKa7zFz9TQ,,,,,
xW6gSlQrdqo,기쁨,0.38,0.1,0.08,0.27
QFfqqbS2bac,,,,,
r74mLPk9Alk,기쁨,0.93,0.05,0.01,0.0
43r40uaw_z8,공포,0.06,0.2,0.06,0.12
6ZDilnDOWf0,,,,,
RmSQQeViXOQ,중립,0.09,0.05,0.79,0.06
BrBgNvPBRA4,기쁨,0.95,0.0,0.05,0.0
48V9iKEIxpA,기쁨,0.89,0.01,0.05,0.01
iE7aLLnngx4,기쁨,0.42,0.03,0.24,0.05
eIqqa4tOhP0,공포,0.0,0.09,0.17,0.3
BibjJP9gcxQ,공포,0.14,0.15,0.09,0.24
r-DAw-gde8c,기쁨,0.72,0.01,0.09,0.13
VbsM9LyfMYU,슬픔,0.13,0.13,0.22,0.45
gGDNEGyLvGs,중립,0.01,0.02,0.48,0.28
HzYPWYpjFPw,기쁨,0.81,0.05,0.07,0.05
6-q0wIBIMOE,슬픔,0.01,0.0,0.01,0.96
EqzNHgNhQ3E,중립,0.01,0.05,0.54,0.33
seB6BO_C6UY,분노,0.06,0.35,0.04,0.25
ZKAZW-vpBG0,중립,0.0,0.03,0.65,0.26
oaxf25rs2tk,,,,,
JtUQKsqmWpg,중립,0.02,0.08,0.8,0.07
D8QRh-k9SnQ,중립,0.05,0.11,0.8,0.04
xX_MJGZui-g,중립,0.0,0.16,0.69,0.14
VjguPOXdQpE,중립,0.15,0.06,0.41,0.28
g9DTyTDgkKI,공포,0.01,0.19,0.07,0.14
cJeagcGKx5k,슬픔,0.01,0.07,0.08,0.72
k1UXI3oughE,중립,0.14,0.04,0.74,0.08
H_M6y9yI3Ng,중립,0.35,0.0,0.52,0.1
sH2spSs-Dwk,기쁨,0.98,0.0,0.01,0.0
By0wqL3EQvU,슬픔,0.26,0.07,0.1,0.55
GDvLYgxNmn8,,,,,
20z22EzFhGQ,기쁨,0.64,0.0,0.35,0.01
QvYU6Rh1Gv0,중립,0.0,0.43,0.44,0.09
_tFA2bKG644,중립,0.01,0.12,0.37,0.01
WERS8qVHt_k,공포,0.01,0.22,0.26,0.01
R6d7xrdZuAw,슬픔,0.24,0.14,0.06,0.34
uIBOQ12MsTA,놀람,0.0,0.02,0.04,0.01
wXCViGUqR1A,중립,0.0,0.04,0.86,0.02
QagtBoFJiFQ,중립,0.0,0.08,0.55,0.07
mT_u3f47W7c,놀람,0.0,0.05,0.02,0.1
sFsXiC3Wixw,,,,,
KltwnNEH48o,중립,0.0,0.02,0.95,0.02
KEgsChGaNlE,,,,,
49O9T5uuT6Y,,,,,
F8rdTlFGKPQ,기쁨,0.98,0.0,0.01,0.0
EWeA15aow1M,,,,,
9ZBWcXbQ1To,중립,0.1,0.27,0.47,0.06
dZimCzYEKuM,기쁨,0.7,0.01,0.26,0.02
KEbNfRjMNjg,기쁨,1.0,0.0,0.0,0.0
8vNJBcJJ4vU,기쁨,1.0,0.0,0.0,0.0
-Lo2ggPAiMc,기쁨,1.0,0.0,0.0,0.0
UriLknBngBo,기쁨,1.0,0.0,0.0,0.0
i0dIFPKubMA,,,,,
gE6AjHXnkZE,기쁨,0.93,0.0,0.04,0.0
mu9rMo68kXA,중립,0.0,0.17,0.46,0.15
QbyntnWGhmU,공포,0.0,0.2,0.22,0.23
Q0ey_YE7MNs,기쁨,0.97,0.0,0.02,0.01
cVbsedZchwQ,슬픔,0.06,0.17,0.31,0.36
9noElnkUZfw,중립,0.0,0.07,0.59,0.21
sE8n5mpVUlA,분노,0.04,0.48,0.06,0.19
XzyeQbJRvOA,슬픔,0.0,0.06,0.44,0.48
PV11BWbe_CQ,분노,0.02,0.38,0.03,0.3
_aykr0iaFoA,중립,0.01,0.04,0.91,0.03
cDM5i8CeES8,중립,0.06,0.09,0.52,0.3
pwkzxNjzlSY,슬픔,0.03,0.15,0.16,0.59
ah2YGO8rhvo,,,,,
42NpgLgzbPw,놀람,0.0,0.02,0.0,0.01
6B0Ton-W5y4,중립,0.03,0.06,0.71,0.18
ksvLgV1e8Pk,공포,0.04,0.07,0.13,0.11
NPwkaZf8e_U,기쁨,0.67,0.01,0.23,0.03
w7oI_vrfsPw,중립,0.4,0.02,0.43,0.1
ltbTV8QOnsg,,,,,
B93Yp9xqUk0,,,,,
yLZ-l53RMiI,중립,0.0,0.02,0.6,0.31
RhJBEgWC-2A,슬픔,0.0,0.01,0.39,0.54
dkxYhp_5HWk,놀람,0.01,0.05,0.19,0.12
EvFKqp0RcCI,기쁨,0.45,0.3,0.2,0.02
iij4YK6tmPQ,,,,,
uyQji-sVGWo,슬픔,0.01,0.15,0.33,0.5
2v9HsC3HM8o,슬픔,0.02,0.13,0.26,0.57
pefdNLhZc9A,기쁨,1.0,0.0,0.0,0.0
lVnApUax8yE,기쁨,0.83,0.0,0.07,0.09
znLhk1-ivRY,,,,,
nQpfTI4Bhbg,,,,,
FQSM7uzchWY,,,,,
a-4l91RmF8A,,,,,
aqD9QBceGO0,공포,0.01,0.29,0.16,0.08
dsOgX_HpXBk,분노,0.0,0.38,0.06,0.02
THmggvdDyJ0,중립,0.0,0.07,0.7,0.22
5xxc3CZ000E,중립,0.31,0.12,0.49,0.05
jgMPz3umVHc,중립,0.01,0.03,0.88,0.07
mYvXHb5E0FA,,,,,
FvWuYyygiuo,,,,,
Vf4ZCYL4KOg,슬픔,0.02,0.25,0.11,0.44
nsX-ORop9is,중립,0.4,0.01,0.47,0.03
0q6b8LRHE9Y,,,,,
inpK_Lx_OTU,분노,0.05,0.36,0.09,0.18
w0W5ThCWfq0,,,,,
qzB8jtZERos,,,,,
sO76CrOofAI,,,,,
-5bBuCHdZVw,분노,0.0,0.95,0.03,0.0
ad7sRYPyyVA,중립,0.02,0.07,0.75,0.1
cKp0LVe8cpA,,,,,
qk9cjHPyzEU,,,,,
6x4eYRGSSKg,분노,0.21,0.31,0.02,0.2
XNGto_SDflM,공포,0.01,0.03,0.3,0.06
Iwg9lROe2v0,,,,,
ynXS4lS-EjE,중립,0.01,0.07,0.76,0.07
6tjSNk8swnY,공포,0.02,0.25,0.14,0.19
llyN5B7hz5s,중립,0.01,0.17,0.68,0.1
n82K9j-jcgE,중립,0.02,0.02,0.43,0.21
kFSW96YdviM,중립,0.33,0.11,0.37,0.13
zjmXmuf7LqM,놀람,0.26,0.04,0.11,0.06
SxtW3H1nV5I,놀람,0.01,0.0,0.01,0.0
nf0iXDqLWy0,놀람,0.0,0.0,0.0,0.01
nYRTpDX_l6A,기쁨,0.81,0.02,0.15,0.01
PGsAiT2JriQ,슬픔,0.0,0.02,0.02,0.74
341TWIZbWCI,분노,0.3,0.55,0.07,0.02
h_SDOrgkrB0,,,,,
YRONknXFvfY,기쁨,0.5,0.0,0.43,0.05
Cg8Mu-igUM0,기쁨,0.79,0.05,0.09,0.03
G78o5oVnPa8,,,,,
46E_NvsBC64,공포,0.02,0.17,0.06,0.37
IKyQzvamGDk,,,,,
kRFi74M1NTY,,,,,
qlBzqcx4z4s,슬픔,0.01,0.03,0.09,0.8
hLB9xYogIqY,,,,,
SQEaWfXtQ6M,,,,,
rI_j4G-Tz3Q,,,,,
j9j7umEyUcw,,,,,
yI-91kCtt80,,,,,
OlNixk_RQoE,중립,0.44,0.01,0.53,0.01
GhQWUJaX0C0,,,,,
odkuuQwADPA,,,,,
nprsCSE7ejs,슬픔,0.01,0.07,0.18,0.69
rplArTua3ws,분노,0.0,0.46,0.1,0.37
sePvAMqhk5k,,,,,
xex49s6upjM,분노,0.02,0.96,0.0,0.01
IFXDx6UcXbs,,,,,
U42r3aJaaoU,,,,,
7EEEbwpq8sM,슬픔,0.0,0.01,0.24,0.74
1isCAwp9NFk,슬픔,0.0,0.04,0.32,0.56
tzRTTJcNgP8,슬픔,0.0,0.01,0.33,0.64
Puj_2mP_pBM,중립,0.0,0.02,0.62,0.33
gh8NSApCRJk,중립,0.0,0.0,0.64,0.35
b2Zkw8KeRgI,공포,0.0,0.16,0.22,0.23
tilxlhdabS4,슬픔,0.0,0.01,0.2,0.75
UZD6jSWYEX4,중립,0.0,0.02,0.5,0.46
PPkogVWdgaQ,슬픔,0.0,0.01,0.2,0.77
zjDeUcmdevc,슬픔,0.12,0.2,0.05,0.32
7E19Dn1CHsc,중립,0.01,0.15,0.38,0.24
wH6nZD9Mzcc,,,,,
fwSJ77wbZdQ,기쁨,0.97,0.01,0.0,0.01
a9egQcWcRsY,슬픔,0.17,0.16,0.16,0.39
ne7kqY7VK0M,기쁨,0.71,0.0,0.23,0.05
I8XellDl3wY,슬픔,0.21,0.01,0.3,0.48
KgpW2SfeNRg,,,,,
3-NbifEiGQE,중립,0.15,0.02,0.47,0.33
qdpRi_TIXaQ,중립,0.07,0.01,0.62,0.17
4WBMmSHsDag,중립,0.0,0.04,0.74,0.13
Q1koTI8MUuM,중립,0.03,0.05,0.85,0.03
GFwkUwyCEDs,슬픔,0.01,0.08,0.25,0.46
Ig-x3Aa-v-o,중립,0.02,0.06,0.61,0.25
R44ArKysJyU,중립,0.01,0.03,0.47,0.41
_P_BOj0X_Co,중립,0.01,0.04,0.63,0.16
MxCksCpqE_c,중립,0.02,0.03,0.48,0.23
KcroocCqrws,공포,0.0,0.01,0.2,0.27
6p-B_AL15NM,기쁨,0.68,0.03,0.06,0.18
tUttpNgtQwM,슬픔,0.01,0.03,0.24,0.63
pw3dJl1Hc50,중립,0.1,0.02,0.5,0.23
UxTWVi77OXQ,놀람,0.47,0.01,0.01,0.01
B0NclMo2oCM,,,,,
BP0fPkylNrU,,,,,
clk8jSdne6Y,중립,0.09,0.01,0.55,0.24
gBWUFE5maeA,중립,0.01,0.1,0.46,0.35
PeGGvITKPv0,,,,,
8K048uZr1Xk,분노,0.14,0.27,0.27,0.2
VHbdRB73ZRs,기쁨,0.75,0.0,0.16,0.01
fYIcp3BSEfk,기쁨,0.76,0.14,0.04,0.01
ZaXpHIVvPds,분노,0.07,0.82,0.0,0.02
JT7vBDIg1eA,중립,0.0,0.02,0.55,0.41
iBN1mfLhlsU,,,,,
Kf82y9W7Xkc,,,,,
hMImWH9i6oI,,,,,
MNah1esN9Vo,,,,,
HCVskp0UWEU,,,,,
R2ZwsSA58Hs,,,,,
qmIy5v9tDyA,,,,,
sRvQv_Xz7C8,,,,,
mMHbYV6OcZ8,,,,,
Ko4AM2pnr-E,,,,,
Ptho1uF9KTM,,,,,
NrPNcRZoAAA,,,,,
d2CVsju31sw,,,,,
y_Nd6JutqOQ,중립,0.04,0.02,0.54,0.37
wwKk2c5zmH8,중립,0.07,0.06,0.68,0.18
bD7uiuervOI,중립,0.03,0.02,0.85,0.09
KqAIBZaT0VQ,기쁨,0.61,0.01,0.34,0.04
RcDEr2nO6N4,중립,0.12,0.01,0.72,0.13
zQjMrPaM4W8,중립,0.02,0.03,0.51,0.4
WwOwUA4MzFU,공포,0.01,0.1,0.13,0.11
9oYsjb4y32E,,,,,
kISocp_eU-Q,,,,,
nTosbmL1qRw,슬픔,0.0,0.08,0.22,0.61
GV_vUyLI8lI,중립,0.01,0.09,0.83,0.07
z5OI8pvp05M,,,,,
LbDD6XyqJG4,놀람,0.0,0.28,0.01,0.01
4JQRTNfi_sw,공포,0.0,0.24,0.02,0.23
omMP_ExJrxo,분노,0.0,0.97,0.0,0.01
qa85SgeC1j8,슬픔,0.0,0.17,0.23,0.41
0rfT0Qmla1E,,,,,
26sKLtN1STE,기쁨,0.73,0.07,0.0,0.07
0GlJhVJSmkI,슬픔,0.03,0.13,0.18,0.45
obBy-fKqsB8,기쁨,0.96,0.0,0.03,0.0
_kDE0-5ydfI,중립,0.02,0.08,0.72,0.11
aeLa5sNI1S8,,,,,
StXRpZBrnKo,분노,0.03,0.34,0.13,0.32
OnUFMhwIELQ,슬픔,0.02,0.28,0.05,0.49
je83Oir4zG4,중립,0.0,0.02,0.89,0.03
sOoSVKax8ls,중립,0.01,0.01,0.94,0.02
ypwCeaCo7zQ,,,,,
5wrUQ6wPDJk,기쁨,0.75,0.13,0.01,0.1
vxNIaZVoyjo,중립,0.33,0.01,0.62,0.04
7_kZuwFDfOA,,,,,
pSFF3K1fRzY,중립,0.42,0.03,0.48,0.07
QZMTRCkpkoc,기쁨,0.67,0.03,0.09,0.19
oy7QFb_PRq4,슬픔,0.0,0.09,0.44,0.44
Mm07qsdeCf8,공포,0.0,0.28,0.0,0.35
okw5smHQpxA,슬픔,0.0,0.07,0.18,0.73
hREktewZNRg,분노,0.0,0.47,0.01,0.35
1Y_-FpIYohY,,,,,
sUR0OPFGN_Y,슬픔,0.0,0.21,0.16,0.55
sqi5Cr4uEM0,기쁨,0.42,0.01,0.23,0.29
Ab-roME1z3A,슬픔,0.06,0.11,0.04,0.62
E9yXEExRp6g,중립,0.15,0.03,0.78,0.03
CDvETeDrlRI,슬픔,0.02,0.04,0.27,0.64
aOYSe4xCtrk,,,,,
fA3GXmv5jX4,,,,,
DmjmeobyBkw,,,,,
w0ga8reqGEg,기쁨,1.0,0.0,0.0,0.0
0RtOi56R-04,슬픔,0.05,0.23,0.06,0.54
BWJr_pUYpe0,,,,,
C-Cl3Po63Sc,,,,,
gn4Q5aSUv6w,,,,,
CeMIMbn-lA0,,,,,
fiqd1Z7oMPQ,,,,,
5L8r-13ZKh8,,,,,
SVG3ryFQ9js,중립,0.35,0.02,0.47,0.13
-uMAk0-bsKo,중립,0.01,0.23,0.34,0.25
jq7BwCVoUx0,,,,,
NdSTSODdJ4M,기쁨,0.99,0.0,0.01,0.0
2deHhSSpDB8,기쁨,0.96,0.0,0.03,0.0
MtJVhGdS3A4,분노,0.05,0.59,0.03,0.17
t5LWx-JcfMI,분노,0.05,0.39,0.26,0.09
-6OXTnorvJk,중립,0.0,0.01,0.95,0.04
yzJCeAlgMyI,중립,0.0,0.01,0.75,0.22
VmewGFJ9po8,중립,0.0,0.0,0.92,0.07
if0fWDg6jUA,중립,0.01,0.1,0.57,0.18
ckT5tfg4x7Q,중립,0.0,0.0,0.93,0.07
Sf_EWasGTi4,중립,0.0,0.01,0.88,0.08
ejbnm56SaJc,중립,0.0,0.0,0.96,0.03
m-2DqwNFtPM,중립,0.0,0.0,0.87,0.03
TEmaDgEQLpE,중립,0.0,0.0,0.95,0.03
HcGPk4ltxLA,중립,0.0,0.0,0.99,0.01
IkixXMZQ_08,중립,0.0,0.31,0.45,0.23
8EhoGniGifA,기쁨,0.74,0.06,0.03,0.1
-KW5K6HDeQM,,,,,
nlrtfLWrH0w,기쁨,1.0,0.0,0.0,0.0
jXfF2P4nLd8,슬픔,0.03,0.06,0.29,0.51
CDDgKJJWpBo,중립,0.02,0.08,0.8,0.08
_JP3mGTM6sU,중립,0.03,0.11,0.61,0.19
yYjuGJJrrLM,,,,,
2kLrVOU8Mqs,,,,,
-_HjKzBMuDo,,,,,
GRVyux3dy0I,기쁨,0.94,0.0,0.05,0.0
wi5Nq-vxdCk,,,,,
a9clJ2pzd-g,기쁨,0.41,0.01,0.37,0.15
Ovt9ZR2dNsU,중립,0.33,0.09,0.38,0.19
9dGu30a4bxE,,,,,
x64Ka-sWIEw,중립,0.0,0.04,0.9,0.05
oSnbVIE8swo,중립,0.0,0.27,0.33,0.31
PruDq1iR_jU,,,,,
oHyAJrlXwiI,,,,,
j9LwY76yFwU,,,,,
BkTQddzrDm0,슬픔,0.14,0.08,0.19,0.37
ASxlirN2h_0,,,,,
m3IQX7LnVh0,,,,,
BbhBaDs0AAA,슬픔,0.0,0.11,0.2,0.56
IBPQvTEyr54,,,,,
zZq0DNhoLoE,,,,,
utK6qo6NuaQ,,,,,
rjnzU8gUFGY,기쁨,0.83,0.02,0.09,0.05
dMjJV0PnE3Q,,,,,
D0IyYuL1Zfo,슬픔,0.13,0.08,0.31,0.43
M4PxzR0ptDk,,,,,
jKtw2YR4ytM,기쁨,0.85,0.02,0.07,0.05
mp9RQHeBzy8,중립,0.0,0.06,0.83,0.06
x_szdL-aU9Q,,,,,
07wCNDm22vg,중립,0.18,0.02,0.38,0.29
1p_CuxD5L0o,중립,0.18,0.02,0.38,0.29
lQ4jkjrfIqs,중립,0.24,0.02,0.33,0.31
7-S92FQBlic,중립,0.21,0.02,0.4,0.22
UuYc3lRlaic,중립,0.11,0.17,0.41,0.2
gG1ESmcIMqw,슬픔,0.24,0.01,0.21,0.45
RFE3MG9qTLE,기쁨,0.45,0.01,0.2,0.26
d-O7Wv7M0ng,,,,,
c-1mv1yitCM,슬픔,0.21,0.02,0.2,0.42
Upruzo6fMAk,,,,,
59gMsphTDzM,중립,0.21,0.03,0.71,0.04
zNWR6s_HgqI,분노,0.05,0.73,0.04,0.09
36ldUy49Joo,중립,0.2,0.04,0.67,0.07
Oeh07n48pv4,,,,,
Li4WMgEohOA,,,,,
CzCRS9fVnk4,중립,0.0,0.18,0.77,0.03
ZNbpLEhN234,기쁨,0.91,0.07,0.0,0.0
0gjzyFGhipU,중립,0.18,0.02,0.64,0.06
kjgYZgQOMF8,슬픔,0.28,0.09,0.27,0.33
qfjQg9hX5J0,기쁨,0.71,0.0,0.28,0.0
CVaCLINtPRg,슬픔,0.11,0.08,0.2,0.4
Q8Y4HeHPjSo,중립,0.15,0.07,0.75,0.01
KdrlslOHa2U,중립,0.1,0.0,0.89,0.01
B4GX-OpuLMw,중립,0.1,0.3,0.44,0.11
EgkYO_RmKqU,중립,0.0,0.02,0.73,0.22
nGxRu-fVBtw,슬픔,0.02,0.05,0.33,0.37
KWLX1vyZsh0,,,,,
oUGncTpFcTU,분노,0.0,0.48,0.23,0.23
kj-S489Vj-M,,,,,
iwXTLMq0vgc,,,,,
-qSzb5-3XqA,,,,,
MuttVOdhlkY,,,,,
A4H89MYOeEU,,,,,
xlsFOi1J7Mg,중립,0.01,0.15,0.53,0.19
3VGR_Yjzwsk,,,,,
hzwX2OmfzSY,,,,,
Y9zom_1W6xU,,,,,
O1eX4s2Iw70,,,,,
msbWoC4Dxo4,분노,0.02,0.43,0.19,0.21
32U85EKaZZs,,,,,
0d5kPv_I9f0,슬픔,0.0,0.02,0.14,0.73
L-QV_rwG9ps,슬픔,0.01,0.01,0.02,0.79
uda8KV11qXE,공포,0.0,0.01,0.0,0.03
sujG45HDHPA,놀람,0.0,0.05,0.16,0.34
0zWFbr4eT3E,기쁨,0.56,0.06,0.11,0.2
qe7ij4BUBI0,공포,0.0,0.0,0.0,0.02
xHC-ZEV7aqs,중립,0.1,0.1,0.6,0.12
v-bH3sqrD1A,슬픔,0.02,0.02,0.19,0.58
BCjT9YW9RjA,공포,0.01,0.17,0.0,0.01
CrERm1XZPiE,공포,0.0,0.01,0.0,0.01
YNcuSHY70K4,,,,,
2L3zRC1nfjQ,중립,0.0,0.17,0.57,0.19
E_9nn06FkN8,,,,,
9YuV9vwYp4w,,,,,
qXGaiqgFKS4,공포,0.03,0.25,0.03,0.1
gVm4j2RkFkg,중립,0.03,0.02,0.84,0.11
dmu0DnP9Fa4,중립,0.06,0.09,0.81,0.03
gxYyQSBZJAg,중립,0.05,0.06,0.6,0.1
cXSs_AeERog,기쁨,0.51,0.09,0.37,0.02
19BTBHahhCU,놀람,0.0,0.02,0.02,0.03
WnMLIbYXNN4,기쁨,0.47,0.01,0.34,0.02
LhasXbY0IfY,기쁨,0.45,0.06,0.39,0.08
VxuT7hWWBng,슬픔,0.07,0.18,0.28,0.44
LZLXwRBb0wk,중립,0.0,0.0,0.99,0.01
4GAt0cE4nO0,슬픔,0.0,0.01,0.03,0.96
TBRmi3FGFRA,,,,,
gvpWXv5KW48,,,,,
f_cSroHtRNo,중립,0.03,0.04,0.86,0.04
CHZjZdw0ZUQ,공포,0.0,0.14,0.01,0.05
mX_vIVyQKug,공포,0.0,0.1,0.3,0.13
nFoiYqe0XMY,공포,0.02,0.16,0.01,0.3
NLeETPXTbTM,분노,0.12,0.71,0.01,0.01
IF67AaZLzmM,공포,0.19,0.05,0.01,0.26
JEdi_-YE6jc,,,,,
WfoHMRh56U8,기쁨,0.77,0.06,0.01,0.03
RS_axMJ0I1Q,슬픔,0.04,0.02,0.01,0.89
CmyJ4vIHOes,분노,0.0,0.99,0.0,0.01
rYMindQgP18,기쁨,0.99,0.0,0.0,0.0
loQxbgYwq1c,기쁨,0.56,0.11,0.23,0.03
dJ9puH8-3Mg,분노,0.09,0.54,0.02,0.05
Mko6-zZTDr0,기쁨,0.68,0.04,0.16,0.09
oTx8oXPNo5I,기쁨,0.63,0.02,0.24,0.1
Jhzqcx1hBEo,,,,,
rF3qBNtSi6Y,중립,0.02,0.22,0.53,0.2
yVXy5DwpTTM,중립,0.0,0.02,0.94,0.01
zCJUXypNXO8,,,,,
1157jJqYXfg,,,,,
Gzk0GuytKAo,분노,0.0,0.95,0.01,0.03
qRnLhefnnTs,,,,,
zGHJZpzJwzc,,,,,
HSujmnIpfAA,,,,,
WdIHng-vZcI,중립,0.0,0.01,0.95,0.03
8k7YD4Jswxg,슬픔,0.12,0.01,0.21,0.63
jMBxCr9nXS8,분노,0.09,0.56,0.06,0.21
PNwnZCxLvMc,슬픔,0.08,0.06,0.06,0.61
l_mTgQQ8NXI,놀람,0.01,0.16,0.29,0.07
gE1vz_uYIAc,놀람,0.0,0.02,0.0,0.0
7EAX3qaCtVw,분노,0.0,0.39,0.16,0.11
lR_xUMHpIOk,놀람,0.0,0.13,0.15,0.02
SRGoVRmirhU,슬픔,0.0,0.04,0.03,0.93
KPIOPN4tnMI,기쁨,0.65,0.01,0.34,0.01
AusLRUVAizc,,,,,
COeO2TmubBI,,,,,
vW5K3nS_z6k,슬픔,0.06,0.22,0.22,0.4
34FIB_dHHyM,슬픔,0.06,0.22,0.22,0.4
m8XkX_WCj1s,,,,,
iYBtKaSE1YQ,,,,,
9xHJrHywpFQ,,,,,
CJ_qxPbhufw,,,,,
gCjm37Lz_Kc,,,,,
2tQPk2bbFP8,슬픔,0.02,0.25,0.08,0.59
sXHlLJ3kHnM,슬픔,0.0,0.3,0.13,0.31
9ypvx02DBHM,중립,0.04,0.14,0.5,0.06
ElMqQ6UkBbE,중립,0.08,0.09,0.69,0.06
6_n31a1pECo,중립,0.2,0.07,0.65,0.06
-5MNaJAGVdk,,,,,
AMqU0bOQaB8,분노,0.0,0.45,0.05,0.16
JXkKJ_hZYKo,분노,0.0,0.97,0.01,0.01
8WdhLohW_xs,중립,0.01,0.05,0.67,0.07
OeWTRBJt2HE,분노,0.21,0.56,0.18,0.03
o5UMysi6XOE,중립,0.05,0.3,0.33,0.12
Evwi5-77klQ,중립,0.0,0.03,0.62,0.33
c2D2QSeQ8Hw,,,,,
u7JXG_a7-QM,슬픔,0.02,0.32,0.13,0.36
ELhP5ocPH3Y,,,,,
AT8qlebOUTc,분노,0.08,0.35,0.12,0.25
WRI1PUnhY9s,,,,,
Pz-aP7CHNs0,공포,0.22,0.13,0.08,0.11
pwPwH0O5pD8,분노,0.0,0.75,0.06,0.03
dx0joW__UKE,,,,,
KotY3ESM5y8,,,,,
cozQyw9iyLQ,,,,,
f0bpRtAeh6w,분노,0.12,0.64,0.1,0.09
CDYTZb1yIls,놀람,0.01,0.22,0.06,0.06
pjfVFjvKsdc,,,,,
gVk-0YQyApY,중립,0.23,0.05,0.41,0.22
MVkD3e3mkLg,,,,,
lP8kLaal6_o,,,,,
4Ly1UobAJzE,놀람,0.01,0.04,0.15,0.24
NGTNhz9pLzk,기쁨,0.91,0.01,0.04,0.03
ntD6iMorHac,공포,0.04,0.27,0.13,0.15
6APgx5AfhuM,기쁨,1.0,0.0,0.0,0.0
1wQFrcI-7SE,,,,,
sz7F-B1iUpE,,,,,
EFkQfn70F-U,,,,,
5rU7xlDHhcc,,,,,
JZD7_9OqQVU,,,,,
GvaHPDGKTYw,분노,0.07,0.9,0.02,0.01
t9iNn_2aup8,기쁨,0.43,0.09,0.14,0.24
i_Jy0QVhhv8,슬픔,0.27,0.27,0.04,0.3
uRbmtzipRlc,중립,0.0,0.12,0.81,0.04
8RKWhl-DOJg,,,,,
4SGorcxEjVE,,,,,
awUVpiYOlcE,,,,,
d6OHoJ-yZ0c,슬픔,0.06,0.18,0.09,0.49
eLxe9CwUAUM,슬픔,0.2,0.14,0.18,0.35
8rGSqGjnKCQ,기쁨,0.51,0.04,0.38,0.05
StdVp8T8NUg,기쁨,0.51,0.04,0.38,0.05
w1QRK8tqmqo,기쁨,0.51,0.04,0.38,0.05
o_ZAwVSt6is,기쁨,0.51,0.04,0.38,0.05
JhdLgWJHu6s,,,,,
UoocDBTad5s,기쁨,0.51,0.04,0.38,0.05
6ZhnPuBhRgM,기쁨,0.51,0.04,0.38,0.05
9fS0oSMtYdo,기쁨,0.51,0.04,0.38,0.05
MA7VmsgvMbA,슬픔,0.01,0.06,0.2,0.37
5YaQvP5XFAA,중립,0.25,0.02,0.49,0.11
Awk6R5wQt5Y,기쁨,0.37,0.06,0.21,0.33
A9BPhBIpa44,공포,0.0,0.07,0.06,0.18
IxAxEhYBOQA,분노,0.01,0.43,0.26,0.24
R5ryjgQaaOg,중립,0.0,0.18,0.42,0.36
bmauQd7YrQ8,슬픔,0.06,0.15,0.03,0.57
iLNRpkMEpzQ,공포,0.0,0.21,0.02,0.16
qOwEO8A7GYM,,,,,
DIKx0v7qsrE,공포,0.13,0.03,0.2,0.29
1a67gW8rueo,중립,0.18,0.0,0.77,0.03
g94CpdUr1FI,슬픔,0.0,0.01,0.05,0.64
ogwME4Jwrx4,중립,0.02,0.14,0.32,0.09
E3_mLA5q-44,,,,,
aflgAux_PzU,,,,,
QuAcK7YJBrY,중립,0.13,0.0,0.85,0.02
bhzkT2RbCQM,,,,,
dWurwvbXF_E,,,,,
BSpJ_P4fKIc,,,,,
BWhdPodmkfg,,,,,
m7XwejjBhP4,중립,0.16,0.08,0.45,0.25
0aE17yUrfX0,기쁨,0.94,0.0,0.0,0.0
6-7IG6TBJBI,중립,0.02,0.05,0.64,0.12
eIYvFW9TJJk,기쁨,0.96,0.0,0.02,0.0
HB4ZjMVSV2o,중립,0.27,0.05,0.62,0.04
6_7Z_EMC-8I,중립,0.0,0.2,0.46,0.14
LweZeHK5ffc,기쁨,0.96,0.0,0.0,0.01
URoEVpkYBM8,기쁨,0.47,0.04,0.03,0.24
MCLOfzDVodM,,,,,
NDDZ06tWIBI,,,,,
lxiALIidWuM,,,,,
mz2nfn5Q92s,,,,,
u2-BpPS-aPw,,,,,
ps2hyBx_JLA,,,,,
rqegOb_EhjY,,,,,
oXLDv7nAEgg,,,,,
_jPgEZOpr4Y,,,,,
aAreaSwKc-c,,,,,
Qctde4kPhmI,중립,0.09,0.23,0.37,0.08
sIhzHmcO0Vo,슬픔,0.2,0.14,0.24,0.3
HSq4pSSap0o,분노,0.02,0.44,0.13,0.08
KMN10Okq_vA,,,,,
26jtVD_o8oI,,,,,
nHgyhpErpug,,,,,
rtzUWJswEME,,,,,
R6v0vn7eosc,,,,,
3gI9wV3PcRc,분노,0.02,0.32,0.27,0.29
jYWdJrfQAx8,,,,,
QWpWqTBY1qM,,,,,
5jt7RZUOQjg,기쁨,0.51,0.3,0.01,0.02
PCHR8RQJri8,,,,,
eq9s4HU0dy4,중립,0.03,0.28,0.31,0.13
3iuiHAw1TZM,,,,,
Mj6fJHB8dQA,,,,,
iM1n4Hcwnp0,,,,,
mKV_ccnazMU,,,,,
Oz9-v2i9xNY,,,,,
fElGatnu1-s,,,,,
v7_-poPb2Co,,,,,
8OgHGK0QwJ0,,,,,
RDP4LOqwNyw,기쁨,0.99,0.01,0.01,0.0
ZE3g0Y--xNk,,,,,
xhda4Q-tXNs,기쁨,0.87,0.09,0.01,0.0
l94dQw6X2P8,중립,0.07,0.08,0.75,0.08
fk2R1-7_UvA,,,,,
_tbRtgc7eKg,기쁨,0.43,0.37,0.04,0.08
DC7JUNOyrAk,기쁨,0.6,0.04,0.19,0.07
NC70t09pBZQ,중립,0.0,0.01,0.96,0.02
7oR4HbfWbaY,중립,0.0,0.0,0.75,0.16
Q8yqlUHkwmI,중립,0.14,0.15,0.24,0.2
9Ei4YxDjfKs,기쁨,0.8,0.02,0.08,0.01
qwsUzOecftw,,,,,
I1yAGFmjfPQ,,,,,
y1biBLKfZI0,,,,,
s7ttMdOG-aU,,,,,
F1o7vjG-U20,,,,,
43sO1VBt3pM,기쁨,0.61,0.01,0.17,0.18
d8vpK56yHHI,기쁨,0.97,0.0,0.0,0.01
EgNSHTgzn-o,슬픔,0.01,0.19,0.04,0.38
Ye31o4ZdIxE,,,,,
ncRJ2k_Q-e4,중립,0.18,0.04,0.7,0.07
Mh6DbgnTjbE,,,,,
QtxspldUjZQ,공포,0.0,0.06,0.01,0.09
RM-S7aFJORI,기쁨,0.56,0.0,0.09,0.32
7JL7G6dzpYQ,기쁨,1.0,0.0,0.0,0.0
RUf7W6fVB2Y,기쁨,0.47,0.27,0.21,0.03
SAO15yYdRFg,공포,0.0,0.22,0.05,0.18
RF6_ZPUVVFs,기쁨,1.0,0.0,0.0,0.0
2u69VsTNG8o,,,,,
ZhIKLzxzgmw,기쁨,0.99,0.0,0.01,0.0
urPF2LwGgSQ,슬픔,0.02,0.07,0.29,0.37
I1jjIhrnouY,기쁨,0.36,0.08,0.35,0.13
Eog0xtoH_-c,,,,,
EVVpITeNpp0,슬픔,0.01,0.1,0.2,0.43
a2xt5kCAmHk,슬픔,0.0,0.05,0.14,0.73
DdaBmbRP2Pk,중립,0.03,0.4,0.42,0.06
1yQxT2xxlFw,분노,0.0,0.43,0.09,0.09
zcD4ELaI9XI,중립,0.0,0.05,0.61,0.24
ehs2A3QIULU,중립,0.03,0.0,0.96,0.0
QlMYK845mIg,중립,0.01,0.02,0.93,0.01
lz9_6T0K9X0,,,,,
4VNLkZuumaE,기쁨,0.67,0.07,0.11,0.04
NWV7Kx4XYQE,,,,,
485v5rHRS7w,,,,,
VMt9EsqMwhE,,,,,
NBlUuD5H6tk,슬픔,0.24,0.13,0.1,0.43
zLQXyKjQLoM,슬픔,0.12,0.16,0.08,0.51
-EbXNmJxQjw,,,,,
yepRhBQykBU,분노,0.0,0.77,0.0,0.01
qhEUsSdx8oA,기쁨,0.65,0.28,0.02,0.03
NopUItF6fSw,슬픔,0.11,0.11,0.17,0.43
BiY6PF-egik,중립,0.44,0.0,0.54,0.02
Tv1wB3S_pHU,슬픔,0.0,0.09,0.43,0.43
9gGJpa4YlD4,중립,0.08,0.17,0.59,0.14
aVzIJklYrQc,중립,0.13,0.04,0.46,0.29
PFcdNtbpP4E,분노,0.0,0.44,0.41,0.11
EIHjAduvSgg,중립,0.38,0.01,0.41,0.14
AYa4kiVWlgE,기쁨,0.95,0.0,0.05,0.0
4I9O4V_Xf6w,중립,0.22,0.03,0.65,0.02
oYjgb6X0yQU,중립,0.0,0.01,0.73,0.26
zpI2bfjTQps,기쁨,0.93,0.0,0.05,0.0
8IFLNUHGaHI,중립,0.06,0.04,0.45,0.38
fr-tR8QwKKs,기쁨,1.0,0.0,0.0,0.0
EbSNWQyPMGc,중립,0.0,0.0,0.98,0.02
OWUuX0K7iFc,중립,0.04,0.05,0.88,0.02
LGW4P_RjQUc,,,,,
MjPKbBtiXaU,중립,0.02,0.01,0.92,0.05
aFzoH6VEZOM,중립,0.11,0.08,0.71,0.05
kYJetTM5Mgo,기쁨,1.0,0.0,0.0,0.0
FQeyQ782oo4,기쁨,0.77,0.0,0.14,0.0
IewFgIbGWM4,공포,0.0,0.03,0.25,0.29
Djdr9h3gRRk,,,,,
0E4lval4t70,,,,,
-hy-wan4vG4,,,,,
EhYc87lDONQ,중립,0.01,0.11,0.35,0.3
uny2eTyO5bI,슬픔,0.0,0.02,0.23,0.73
VTD-CEpWdpE,슬픔,0.02,0.14,0.12,0.29
LmZO3ZgZza8,분노,0.21,0.32,0.07,0.24
DidjbSz6n80,슬픔,0.0,0.02,0.01,0.94
-L85uy7PZWQ,슬픔,0.01,0.2,0.15,0.34
IbM4HhsjH9E,슬픔,0.0,0.05,0.02,0.59
ESDMlJPELlU,슬픔,0.01,0.07,0.05,0.83
8gJxKU4d6ls,,,,,
RNUTZYdVt-g,분노,0.01,0.62,0.03,0.3
AjjlaFzHZrc,,,,,
sCmqSdmDJZM,,,,,
nvlTFGSvc6o,기쁨,0.68,0.09,0.1,0.09
JV8ggH_S_io,,,,,
Uz9JXI96vps,슬픔,0.04,0.09,0.27,0.41
YgbnaDhKxAI,기쁨,0.47,0.15,0.11,0.12
gzK_F5390pc,,,,,
Rkk2MWWzUG0,놀람,0.2,0.02,0.0,0.0
yKzln42zz4Q,기쁨,0.97,0.0,0.03,0.0
HHpvm0udBkU,놀람,0.22,0.11,0.06,0.0
kFJ-ONDt_Do,분노,0.01,0.67,0.04,0.08
SzkwV3LLQq0,,,,,
3Fy0wG-XoA0,,,,,
8HiZnyNen9s,중립,0.34,0.08,0.43,0.11
6BjMNkCoXWU,,,,,
CrOvii1vgpE,,,,,
aggkBxQ9JsA,슬픔,0.01,0.01,0.34,0.39
GTNdKhNUrc4,중립,0.02,0.0,0.87,0.06
5vEWioUuDPY,,,,,
23iILZmAcnQ,,,,,
gW-_9ShdBKI,,,,,
mvZSV9d45fo,,,,,
Tk3gGr4YQvQ,,,,,
wGgWr4_ZBdo,기쁨,0.81,0.02,0.03,0.13
_Rv75eB0-jo,,,,,
MqvQA7FZRIc,슬픔,0.0,0.17,0.25,0.43
EzFDgoFjbHs,기쁨,0.63,0.03,0.27,0.06
fPkAOqy_pm8,,,,,
A8tYROh42aI,중립,0.43,0.01,0.47,0.0
qNhCOMEgcJM,중립,0.03,0.05,0.76,0.11
YWq70aStq8E,놀람,0.1,0.04,0.36,0.0
CS9vNd8zpgU,중립,0.26,0.03,0.67,0.02
eT83Xd0aV-c,,,,,
ofYap0rS6rw,,,,,
twAeLY6zXeU,,,,,
PuTGfJE07Rs,,,,,
uEd42LI-ey0,,,,,
7JxX42BV5wg,,,,,
eRUDGMg4aZs,,,,,
nCMcVdRdFZg,,,,,
SV1EfWU0YUg,,,,,
CeWNOUWFmwc,중립,0.11,0.03,0.34,0.32
_I8Dw_5zdfY,,,,,
5N4Du0W-xqU,,,,,
_GHc2jP2uW4,,,,,
JTyFPWNqNhc,,,,,
EasuQ0Oh8EI,,,,,
zmRCQBIjTLU,,,,,
jIXjHy7qD5s,,,,,
RsrfYwbg7XM,,,,,
vGEErxRMNvo,슬픔,0.13,0.26,0.02,0.46
uc7N4vF-_wU,놀람,0.01,0.02,0.0,0.03
xRFaDX7KYl4,,,,,
uG-Lp1HSOE8,분노,0.05,0.61,0.29,0.05
LJJcU2YVbd8,슬픔,0.04,0.18,0.36,0.39
NlXJnQHR1h4,,,,,
OwplQUTED9Y,,,,,
lvXM7U_KxIc,분노,0.1,0.43,0.18,0.14
p4zYqwmXBXY,,,,,
cuTRsDWYAqA,,,,,
WLFmfP48hZc,기쁨,0.41,0.33,0.07,0.13
YYFgiqT0ljg,,,,,
SuNtRD0N4Ow,슬픔,0.02,0.05,0.02,0.61
AaLkFrfjOOQ,공포,0.02,0.18,0.22,0.15
YvvUZUjQWsg,공포,0.0,0.0,0.12,0.17
_bRm9OWQ1rk,,,,,
uG-bLumxZOE,중립,0.0,0.01,0.96,0.03
ZzZldXJtL68,,,,,
XFDMqpQ5IF8,공포,0.01,0.03,0.03,0.03
GkVj1b0wb3M,,,,,
o_yS-adfydY,,,,,
3Y0Zd1I_WJg,기쁨,0.98,0.0,0.0,0.0
gJoUrdYMuJI,기쁨,0.84,0.0,0.14,0.01
e7qQeKg7Ejc,중립,0.24,0.02,0.58,0.05
DfTMUOCXYJc,중립,0.32,0.02,0.49,0.14
WvRZ1nrTEkQ,,,,,
6iPuPgOBFnU,기쁨,0.97,0.01,0.02,0.0
0F4t5oXUocA,중립,0.38,0.02,0.55,0.02
xHMdGGCQoA4,,,,,
fMKuRZMyeN4,,,,,
yn4aMWcUtmk,기쁨,0.85,0.0,0.13,0.01
3yJUfwTMBxI,,,,,
tTX4OCo_jJ0,분노,0.02,0.91,0.03,0.03
ktIMTX8LWSI,공포,0.0,0.11,0.15,0.16
LRPajtosxGU,중립,0.04,0.03,0.46,0.44
da63vbVQdJw,중립,0.07,0.08,0.72,0.05
3_aq8-FH3xk,,,,,
xD8_UOScOIc,,,,,
odbdm5RnH8Y,기쁨,0.88,0.11,0.0,0.0
7QqGmf7JUPM,,,,,
upaEZdsyUjA,중립,0.05,0.04,0.44,0.14
D1zWRhOzcaA,,,,,
g1G0Xokzg7k,중립,0.01,0.25,0.59,0.09
dgMPcmp0fgg,슬픔,0.1,0.02,0.21,0.53
bLKvlsbiuBM,분노,0.0,0.95,0.0,0.01
ZurommnljLM,공포,0.0,0.01,0.03,0.09
976hPTCaxsg,분노,0.0,0.88,0.0,0.0
qW8QxOKLiVI,기쁨,0.65,0.13,0.02,0.1
R1zZOIShsZY,슬픔,0.01,0.07,0.12,0.72
3PfXNUbPQq4,공포,0.01,0.01,0.0,0.0
uAg4F4vmS5Q,중립,0.0,0.17,0.5,0.23
e6KvwJVA_nw,놀람,0.0,0.09,0.07,0.03
nUjmj7HJcXg,,,,,
suuWqUG6BoE,중립,0.0,0.01,0.76,0.02
wm-dCj0ZXH0,슬픔,0.02,0.19,0.24,0.42
EGLEw4SlAtA,,,,,
HIN0nSvmrPM,슬픔,0.0,0.02,0.13,0.83
QbOVj_nLZTA,놀람,0.01,0.03,0.1,0.09
LeGxecPkf_M,중립,0.23,0.0,0.73,0.02
ao-cJ6P8vLQ,,,,,
wQ4-veY8OgU,기쁨,0.99,0.0,0.01,0.0
gBFfeLQtfQ8,,,,,
rF6jTkR_pOw,중립,0.05,0.05,0.75,0.11
HxeqSf8_Oto,중립,0.17,0.05,0.38,0.14
yjAp1keRxjU,기쁨,0.46,0.04,0.42,0.07
8QvbD7CYq54,기쁨,0.64,0.17,0.03,0.11
-PUqlbyKGYI,중립,0.01,0.01,0.94,0.04
4jIIdeJ0tyk,슬픔,0.05,0.08,0.13,0.59
L-06VgkXOt0,중립,0.01,0.03,0.88,0.07
UDcxIm9dtOc,기쁨,0.87,0.02,0.07,0.0
Xeo6JyAxGNs,슬픔,0.1,0.11,0.07,0.65
wEelQS_MGJ0,,,,,
yXLzuot4ghA,,,,,
IHdnCnuL-BU,,,,,
QcVB1_m2zVQ,,,,,
5GDwKxcMKMQ,,,,,
X07Jz_VpKyI,,,,,
ygqifwGjaJ0,,,,,
86UL6XN5D-A,슬픔,0.0,0.03,0.08,0.84
Ns7ydIh7Zu4,중립,0.04,0.03,0.82,0.08
pI4L8errrII,분노,0.02,0.64,0.07,0.17
jAfXjhKuOhk,,,,,
AzPV9jPItJQ,,,,,
AZtIpF2U2YA,슬픔,0.0,0.34,0.04,0.54
VozRLpCLVaA,기쁨,0.98,0.01,0.0,0.0
7WQssRRzLTI,공포,0.22,0.11,0.2,0.1
vNK37jO8VvI,슬픔,0.05,0.19,0.19,0.51
JctAEw4mj3Y,기쁨,0.47,0.07,0.22,0.21
O4ImvEzA5lA,,,,,
ffxkzXexIy8,,,,,
k2et6H2IagI,,,,,
UKmsPHvhKtY,분노,0.01,0.59,0.02,0.19
ySAjyM-gNhE,,,,,
Ghn4fv5HDss,중립,0.07,0.03,0.58,0.25
velkFV2ki4g,,,,,
9updvwo-e-U,슬픔,0.18,0.08,0.12,0.51
6x3L9lqA2Dk,중립,0.16,0.22,0.35,0.18
rzFDo782sng,중립,0.0,0.37,0.51,0.08
9m-7gVsmCk8,기쁨,0.97,0.0,0.0,0.0
xkqwJuzldNs,공포,0.11,0.2,0.16,0.22
arsg5QSMLrg,,,,,
TT5HKfxc6-w,,,,,
Xe6YRoLf58Y,,,,,
Mwm7QCiaBvM,,,,,
0FC0rMQLYU0,,,,,
Zbz54gnge2s,,,,,
LrKM1lyk8Bo,기쁨,1.0,0.0,0.0,0.0
2ZGRiKWFE1k,,,,,
Fk_wVp6LDuU,,,,,
yx-tV4k3J88,슬픔,0.03,0.02,0.32,0.6
8PdWBmudVHM,,,,,
oGZezZZC6Ag,,,,,
q9wMwPo1h0A,,,,,
TZDthnXSbr0,,,,,
K5PGvfXzUkA,슬픔,0.0,0.04,0.04,0.66
pZYwm2w50kk,,,,,
-1hYgRYBVjQ,,,,,
lx35_13YfMk,중립,0.33,0.01,0.58,0.03
y2kNBBdAoyM,슬픔,0.05,0.1,0.1,0.43
Ofd05F8j6RA,기쁨,1.0,0.0,0.0,0.0
wAJEXkCGMkg,,,,,
N8KhVmoaipw,,,,,
q1giviTXx5I,,,,,
dpl2Y0VbBfw,기쁨,0.38,0.07,0.09,0.23
FyM7St8M8po,기쁨,0.35,0.04,0.2,0.34
LZuJM7XToQk,,,,,
pQ2324gKVF4,기쁨,0.96,0.02,0.01,0.0
kNUcA4GwjHE,,,,,
2SahAGyp3Us,중립,0.0,0.0,0.97,0.01
hUM3ZtsQbPE,중립,0.02,0.0,0.92,0.05
3H30jOgM3Es,공포,0.21,0.03,0.06,0.11
7_HLtg0kzHc,중립,0.0,0.05,0.45,0.42
Zc4UDPpJ2hI,분노,0.0,0.45,0.31,0.1
CwwrwC1HJkw,공포,0.01,0.16,0.21,0.25
rhrZdsSVTbs,슬픔,0.01,0.21,0.16,0.44
hm-bRI2ypGY,중립,0.0,0.01,0.54,0.34
VYdjrymQ_9o,중립,0.0,0.23,0.61,0.15
6aGlg0ZHXmo,슬픔,0.01,0.09,0.31,0.43
YnUaDA8PZVs,슬픔,0.01,0.25,0.14,0.28
fQslBC__AKE,놀람,0.03,0.08,0.21,0.1
beyHFVRhb5g,슬픔,0.11,0.24,0.27,0.27
ehGsILRg5ig,,,,,
dhamtyK_z9U,기쁨,0.99,0.0,0.0,0.0
Ht3-ZoIpmhI,슬픔,0.0,0.0,0.01,0.89
494WHeEx7cM,중립,0.0,0.02,0.93,0.03
mVPpqin1VDM,,,,,
jvxLb6DtwQE,중립,0.02,0.05,0.85,0.05
7kTVs-cH5Y4,중립,0.09,0.02,0.65,0.19
dld2Q2Uc0Lo,중립,0.18,0.0,0.74,0.03
WW4pYw3MI7g,,,,,
4P0uK4gAMUE,슬픔,0.02,0.02,0.3,0.34
M-Z5YcY7btk,놀람,0.0,0.0,0.0,0.0
kFDXnhFbq0E,공포,0.0,0.02,0.21,0.27
-aKcsxclbVA,놀람,0.0,0.0,0.0,0.02
kfN6g4ig_7I,놀람,0.01,0.04,0.28,0.12
31yAAJV2Zvo,놀람,0.0,0.0,0.01,0.03
byqZwjw3aVQ,놀람,0.0,0.0,0.02,0.01
GG84Pw3Bqv4,놀람,0.0,0.07,0.07,0.15
7C0Km8Hqxuo,놀람,0.0,0.01,0.07,0.12
f0WolR2C7qM,중립,0.05,0.08,0.49,0.3
3SSW_brXjHQ,,,,,
kMH2X45N14o,분노,0.01,0.75,0.2,0.01
t896jzs3tS8,중립,0.0,0.13,0.57,0.15
wVS712NaVa8,분노,0.0,0.41,0.1,0.38
_cHGtZN7mfM,기쁨,0.89,0.03,0.02,0.02
Q3nGw3jDsIc,공포,0.0,0.02,0.03,0.34
oY6Gj3pXQN8,슬픔,0.0,0.07,0.09,0.46
OIZIt3FzLaY,중립,0.36,0.01,0.61,0.0
vJtU0leGrzw,공포,0.0,0.05,0.01,0.08
uqtXdUkSme0,중립,0.07,0.2,0.43,0.15
Io3SOSVqqqg,슬픔,0.01,0.03,0.24,0.65
OZLogcNrq5A,기쁨,0.99,0.0,0.0,0.0
nH0H7niEBsc,,,,,
1-IbTKRB25I,기쁨,0.98,0.01,0.01,0.0
jYLTDnXrzTA,슬픔,0.05,0.1,0.26,0.54
fkdUxJapi8Q,기쁨,1.0,0.0,0.0,0.0
j1J5Lc-usyI,분노,0.01,0.43,0.0,0.05
u1Oej6MLumI,,,,,
Ogqf2kepodk,,,,,
8Vw8tBr-YTQ,분노,0.1,0.44,0.07,0.28
VdMB5uuFEK4,,,,,
2o7vswPvyOU,,,,,
uS7PVJ2Ag0Y,,,,,
z8dRKeY_vo4,,,,,
dZwVoJ6EcAY,슬픔,0.07,0.09,0.0,0.48
chSmbTdywVk,중립,0.28,0.12,0.41,0.12
sp1tjJDqSuU,중립,0.07,0.31,0.37,0.17
4q1dSwdTpRw,,,,,
p1kd_IPRI5M,,,,,
Ea1jfUDxvHM,슬픔,0.0,0.05,0.02,0.77
wigJBPerPAA,,,,,
44S19mbzaVA,중립,0.0,0.01,0.54,0.34
tw6rDaAimXY,중립,0.01,0.0,0.67,0.01
2NfgDzUapbA,슬픔,0.0,0.02,0.3,0.56
Xh3iAFaWmrg,분노,0.01,0.47,0.03,0.42
qjlGIq5yy9s,중립,0.04,0.04,0.56,0.19
36IdooTxPB4,슬픔,0.0,0.01,0.0,0.98
4UJfn5wwZQE,슬픔,0.0,0.18,0.02,0.57
CapdqAygdAk,기쁨,0.75,0.01,0.21,0.01
wMx-_t4nKEo,슬픔,0.04,0.04,0.05,0.79
R_H6G-V6ulc,슬픔,0.0,0.05,0.01,0.88
wQwkSHKKo1A,슬픔,0.0,0.13,0.11,0.7
FYznOioaUfc,슬픔,0.01,0.07,0.25,0.61
U0W2GtIsRmI,슬픔,0.0,0.04,0.0,0.78
8VUJ56Y4qKM,놀람,0.18,0.02,0.31,0.01
Eym1OlL0Bz4,슬픔,0.0,0.0,0.08,0.83
wkUd5P4bng8,기쁨,0.53,0.01,0.46,0.0
dewRK-bnIdo,공포,0.0,0.03,0.0,0.3
xgkC63Qw7Ho,중립,0.08,0.13,0.6,0.09
SKND93OyO0A,중립,0.02,0.21,0.44,0.26
iUZURG1f0yY,슬픔,0.0,0.09,0.32,0.53
dFmvlTkHb7c,,,,,
-2rOvVyILhQ,,,,,
o-WOi6ZoI7Q,,,,,
c38DKTueYtg,슬픔,0.0,0.07,0.23,0.59
OCRYjwBdJfo,기쁨,0.83,0.0,0.16,0.0
VcsBy_OwGcE,중립,0.0,0.02,0.78,0.18
CeNwJLU-cKg,놀람,0.31,0.08,0.1,0.01
aIvK1TACCWI,기쁨,0.6,0.03,0.31,0.06
ArIQzqlzdAE,분노,0.0,0.74,0.01,0.12
-X5iyKvTYu4,슬픔,0.01,0.03,0.27,0.68
-8J0M6P9q8U,분노,0.0,0.87,0.05,0.07
E-44Z5mWhiI,슬픔,0.07,0.06,0.27,0.56
UrAkWlbA-nY,슬픔,0.0,0.05,0.0,0.92
cXaGj3lNof8,중립,0.0,0.01,0.84,0.14
Cmy0qRFdoRI,기쁨,0.95,0.0,0.0,0.03
kkr8y6BYPEk,슬픔,0.0,0.04,0.01,0.86
kza_oeTSZuk,슬픔,0.18,0.24,0.26,0.28
zwAObAr7ZNM,,,,,
fejv1X6-opI,,,,,
ilMuOSKGMFQ,,,,,
RAjCDxzjIDc,,,,,
GokilEqdujc,슬픔,0.13,0.15,0.25,0.45
bE7ZqH4DE0Y,슬픔,0.13,0.15,0.25,0.45
XaCzWpF_j2Y,,,,,
-h7O9Xr-nAU,분노,0.02,0.39,0.34,0.21
yac3dckuYEU,기쁨,0.86,0.03,0.01,0.05
N1oEFZS6tgA,중립,0.02,0.42,0.48,0.05
x7EUsVcUJYU,중립,0.0,0.01,0.92,0.06
M196OYKRfCc,중립,0.01,0.29,0.37,0.21
BAvaJi59aok,중립,0.01,0.25,0.53,0.14
_oFk8MEG938,중립,0.02,0.16,0.49,0.24
Jvrf4G2JCvk,기쁨,0.91,0.04,0.0,0.01
ECX23zjCGp8,중립,0.01,0.24,0.46,0.23
5yBUUd24P9A,중립,0.02,0.14,0.62,0.19
1chpzAPxP6o,기쁨,0.54,0.24,0.06,0.09
I5_GBWIGIRk,,,,,
tZkA4d7MicY,,,,,
96mbiXDcUBs,기쁨,0.42,0.06,0.35,0.15
FsHI0tvzhXQ,,,,,
y9PYah4YLF8,기쁨,0.35,0.11,0.12,0.19
1Akz0U3e89Y,기쁨,0.97,0.0,0.03,0.0
fMegGhjTrV0,,,,,
_g0Qr-4-ZOo,슬픔,0.02,0.17,0.39,0.39
I0fFySsjwYY,중립,0.11,0.08,0.35,0.3
5IPKYiZYx6I,슬픔,0.01,0.07,0.15,0.61
Gy5hbQeBQ6s,기쁨,0.76,0.09,0.07,0.01
kwVxyYdBamk,중립,0.25,0.04,0.28,0.27
S7ujKMl8aGw,놀람,0.17,0.07,0.17,0.08
APjV2iixw9s,슬픔,0.0,0.02,0.02,0.91
4wdAYrrXjTI,공포,0.0,0.01,0.03,0.1
5Y3T-OSI8Wk,기쁨,0.99,0.0,0.01,0.0
RnHCmQfYcuw,,,,,
02aNi9gJNck,분노,0.0,0.97,0.01,0.01
MrxLFLYGE-k,중립,0.15,0.02,0.45,0.35
_9Wi3OYs4xU,분노,0.0,0.79,0.01,0.01
lRg9OmW8fwc,기쁨,1.0,0.0,0.0,0.0
hzze8xuswbA,기쁨,0.36,0.27,0.03,0.26
fAUEAk_uZSA,기쁨,0.99,0.0,0.0,0.0
z4FC5dbIkHk,,,,,
xkZ179lfySA,기쁨,0.52,0.06,0.27,0.11
tocg6GxgUCA,기쁨,0.48,0.05,0.11,0.15
r1V9Hpvpc1Q,중립,0.0,0.02,0.85,0.11
4r41HYqMsN8,중립,0.0,0.01,0.97,0.01
YOut_eN1hOw,중립,0.0,0.02,0.9,0.08
Xk3_nOFESeM,분노,0.0,0.71,0.06,0.17
n4ZJVUEio-E,중립,0.0,0.03,0.93,0.04
bjhuSCtlgsI,,,,,
SnijXJa-epA,중립,0.02,0.02,0.75,0.16
DlCV7d2ckVs,중립,0.11,0.06,0.66,0.11
0nwC2zSnyqk,중립,0.03,0.12,0.48,0.16
YshEhgXXVR4,중립,0.01,0.21,0.38,0.09
aGrj4ASQjmY,,,,,
6pZ_trlnAG0,중립,0.33,0.02,0.59,0.05
9VFA0557xds,,,,,
rMkajm1s_1o,,,,,
3gt7KGK3N6Y,,,,,
Z21s0OTC52w,기쁨,0.7,0.03,0.15,0.09
7qDKPiWfx3Y,중립,0.17,0.13,0.66,0.03
o3xoqd8jcHI,기쁨,0.44,0.22,0.26,0.04
e8xrhNZkunI,기쁨,1.0,0.0,0.0,0.0
52utIaMwPig,기쁨,0.95,0.0,0.02,0.0
5conPpQkNvk,기쁨,0.47,0.1,0.25,0.16
5omyyfQhtiA,놀람,0.02,0.03,0.04,0.05
RMe39nyuU88,기쁨,0.82,0.02,0.08,0.05
CCFPkZ--kWc,공포,0.03,0.16,0.14,0.22
_oOdPTRxMM0,기쁨,0.99,0.01,0.0,0.0
h77t48YHMRs,기쁨,0.57,0.02,0.28,0.12
6HpIU92RmRw,,,,,
AaRtb3rnj8Y,분노,0.2,0.35,0.07,0.13
ooa0aSFlF5k,기쁨,0.41,0.15,0.09,0.19
OSQCzZULGSU,,,,,
-t2ZV_taEU8,,,,,
WPz89dR3WOM,중립,0.01,0.08,0.38,0.23
J9v9iBq6SSg,,,,,
7WTOCB-fDJ8,,,,,
Ylu030n3QZ0,,,,,
AWxe5VNlZ20,슬픔,0.05,0.2,0.15,0.5
KsOiQyJeQTY,분노,0.01,0.92,0.02,0.01
j1U8OlLNlaw,슬픔,0.03,0.25,0.1,0.45
_BErGnOsW54,분노,0.01,0.83,0.0,0.06
-7d5WTrUFVc,,,,,
VUkqfR446Jg,,,,,
6Xjb-Egs1X4,,,,,
i0wysidlLNc,중립,0.05,0.21,0.5,0.22
dY3GNa-vNlo,,,,,
bXTP611oXd4,기쁨,0.82,0.08,0.02,0.03
ocAXcqCpYys,슬픔,0.1,0.16,0.11,0.51
XtEbibBM0-Y,기쁨,1.0,0.0,0.0,0.0
HfqrF8K3QAU,기쁨,0.99,0.0,0.01,0.0
Cy4ccpO2ViA,기쁨,0.99,0.0,0.0,0.0
qWguvXm_vNE,기쁨,0.96,0.0,0.04,0.0
igzmGtF0Cws,놀람,0.0,0.02,0.03,0.04
p-srmbLXzKg,놀람,0.0,0.14,0.16,0.09
y4XxzUrhX2s,슬픔,0.02,0.07,0.2,0.58
iOt5nyB7zCU,기쁨,0.96,0.0,0.0,0.0
dvIZkbuOV2A,중립,0.0,0.06,0.54,0.19
MkJC3-EZEck,중립,0.01,0.01,0.93,0.03
oVF1dada0oI,분노,0.01,0.48,0.22,0.03
CGbRwH_pgPY,슬픔,0.01,0.05,0.36,0.52
EkO6IRKGfB8,슬픔,0.0,0.13,0.19,0.54
5Jr70Q5UnFc,슬픔,0.01,0.17,0.09,0.4
1G7oCd6TGzI,슬픔,0.0,0.08,0.28,0.56
yZtt8AGJ7hU,,,,,
GJXCHOSAcoM,슬픔,0.03,0.2,0.17,0.47
tCTmNFsF28o,중립,0.07,0.32,0.5,0.1
bBNCzF4r2RY,슬픔,0.26,0.02,0.31,0.4
FgfGgJIWIas,기쁨,1.0,0.0,0.0,0.0
8AyD7rwCV1I,슬픔,0.02,0.27,0.16,0.4
F0Dk2Yw0GXY,,,,,
xM8t6acaDUw,슬픔,0.01,0.05,0.02,0.73
3u6FOaiIM6E,기쁨,0.85,0.01,0.04,0.05
5MkekqpKb7M,,,,,
24T__SOl8ac,기쁨,1.0,0.0,0.0,0.0
ARHvx_Ag4Kc,기쁨,0.43,0.03,0.18,0.3
2USmvnsIUsA,기쁨,1.0,0.0,0.0,0.0
3IdASaKgyb4,기쁨,0.94,0.0,0.02,0.0
8MyOSMbIHuQ,기쁨,0.51,0.04,0.09,0.27
ctIgN7fuI6M,기쁨,0.84,0.03,0.01,0.03
kkiRRLITEfw,기쁨,0.88,0.0,0.07,0.02
v-y-YtcK--4,기쁨,0.96,0.0,0.03,0.0
YJ1nYnC1qc4,중립,0.29,0.12,0.42,0.05
X7OtYqOl2L0,기쁨,0.83,0.0,0.03,0.01
YFABs5nl4Dg,,,,,
pdGmuYWIxZ0,,,,,
d0IW51yBjB8,분노,0.0,0.58,0.0,0.11
sdmeZ4XJGeY,기쁨,0.79,0.02,0.03,0.07
P0krPoDYbH4,,,,,
EiwaH_FyD-w,,,,,
ixTzbJJl3nU,슬픔,0.0,0.01,0.22,0.68
-cJI0W89r0s,,,,,
kkBRWXcwU1g,,,,,
Dz-ZYhfeYXk,공포,0.08,0.26,0.05,0.08
syA3WINtx9I,,,,,
nEL89jTQ8Dw,,,,,
gKzap0LychQ,,,,,
kzbQ-TsQ76g,슬픔,0.02,0.04,0.06,0.71
8sQH1_5-LBI,,,,,
zd4SbP8IMw0,,,,,
LZLr1CAwWFc,슬픔,0.0,0.06,0.22,0.51
pSSxl9VymmA,중립,0.03,0.05,0.73,0.1
PQ8Z_P0awpI,중립,0.0,0.09,0.84,0.06
pNdPSu6_j68,,,,,
rYfB6q0KdfM,중립,0.01,0.1,0.67,0.13
iq2fdky9_-4,슬픔,0.0,0.04,0.34,0.53
4q5DQ0A0ahs,중립,0.01,0.05,0.64,0.06
IZpSUo2xZK8,중립,0.25,0.01,0.69,0.04
hl8Sg77OKSw,,,,,
yzqaRX1fDQQ,,,,,
50bZbttFPyg,중립,0.03,0.04,0.91,0.02
MudYzIbX-dQ,기쁨,0.33,0.22,0.09,0.17
aEH3sItXtCk,,,,,
JJc94BMzgWA,슬픔,0.03,0.03,0.08,0.59
8d6ZVPmIuHM,기쁨,0.99,0.0,0.01,0.0
5BpAYNM_isw,중립,0.26,0.12,0.45,0.1
g6uBLfUCSo4,기쁨,0.99,0.0,0.01,0.0
3zvDQkKaet0,기쁨,0.61,0.02,0.34,0.0
bxRmVKRyMw8,중립,0.11,0.04,0.66,0.02
0EubPvApGNk,놀람,0.02,0.02,0.01,0.03
sEO9QDz0P0c,기쁨,0.64,0.05,0.06,0.04
sdMsOGdXmtU,,,,,
1odtVb7MKHE,,,,,
Xto-5iK21i4,기쁨,1.0,0.0,0.0,0.0
zydHdonKG5E,기쁨,0.83,0.01,0.14,0.0
3x-Z9g1Bexo,기쁨,0.55,0.04,0.34,0.06
DPQbA6T1vfE,,,,,
iDEPJAIC7UM,공포,0.01,0.04,0.19,0.12
iaHyE0e6sTc,,,,,
ydlZfLOhXdQ,놀람,0.07,0.02,0.17,0.04
K7_Kp08fpFM,기쁨,0.68,0.03,0.19,0.08
2WaTvVlAqic,,,,,
W91jBcfKCII,,,,,
TbYWnz-wl-w,,,,,
0LaVTbvpIJw,,,,,
XosshbRu8A8,,,,,
d6BtdBMyGeQ,분노,0.35,0.37,0.04,0.1
zi7aWiXsIQo,기쁨,1.0,0.0,0.0,0.0
noDnyV8k8lQ,중립,0.0,0.43,0.48,0.03
fWD5NmIn4d4,기쁨,0.54,0.02,0.33,0.02
lc9I2y-67Qk,중립,0.03,0.17,0.36,0.32
o6A8FwyIU4k,슬픔,0.01,0.2,0.21,0.36
-gsEQkSBGrk,,,,,
9W5IATEfzZw,기쁨,0.9,0.02,0.05,0.01
75l_CqC5BDQ,중립,0.07,0.13,0.42,0.28
b8wHdcgzg7E,,,,,
effCHa9pSP0,,,,,
t-Ts3Avr_2Y,중립,0.1,0.02,0.5,0.34
sc_g_duy9Jg,,,,,
X7dvZ5HPqvw,기쁨,0.71,0.0,0.24,0.0
WQhYk3jRSSY,,,,,
BweHxIlCTqY,,,,,
VH583CK4KZM,중립,0.21,0.0,0.52,0.25
Xb_6BZBlKxM,슬픔,0.07,0.04,0.03,0.75
FU_InmRKsRA,,,,,
skkQqIgc9Qc,기쁨,0.56,0.01,0.37,0.04
-OwapDEniw0,슬픔,0.01,0.21,0.02,0.53
PjKPByn4zVA,슬픔,0.26,0.08,0.18,0.27
n1b3MMB9E6I,중립,0.08,0.04,0.54,0.28
Yy5O0600YXA,슬픔,0.05,0.19,0.06,0.36
-0tDZMSMuHE,기쁨,0.68,0.03,0.01,0.01
qkgQqHe0ekw,슬픔,0.07,0.02,0.22,0.59
3cUKwbn-6Oc,슬픔,0.13,0.11,0.11,0.5
sDfSLbKCTMw,분노,0.2,0.44,0.02,0.19
bWHMgaAlHpk,공포,0.03,0.08,0.24,0.26
N2GEWOTjWWU,기쁨,0.96,0.0,0.01,0.02
6C8DgGzL6ew,분노,0.0,0.47,0.36,0.11
mp_jxxhNmUY,중립,0.01,0.14,0.46,0.3
9ARHB3f0gDo,놀람,0.0,0.04,0.14,0.01
xfDCghdJkHg,중립,0.0,0.04,0.74,0.11
n1U_Ajc116s,중립,0.0,0.04,0.72,0.2
WW4v5ZHI8wE,중립,0.02,0.07,0.83,0.07
AXaxd94smu8,중립,0.02,0.16,0.69,0.08
S-KtluVkDVk,중립,0.02,0.19,0.67,0.07
YEcBfc7Gmo4,중립,0.0,0.06,0.77,0.02
FFsTc_K9w5A,중립,0.0,0.01,0.95,0.02
AgDq4cZiRFY,중립,0.01,0.01,0.93,0.02
nc02MUyKVLA,중립,0.0,0.01,0.91,0.05
bcTTd7WQFUU,,,,,
rHhyQcBsHzY,중립,0.04,0.27,0.42,0.15
kPPtHgtrR_o,기쁨,0.4,0.07,0.35,0.05
URsaitnwoQU,중립,0.09,0.12,0.51,0.12
uRC2HyZc9jg,,,,,
NdSwdqF30OI,기쁨,0.52,0.19,0.26,0.01
BjWswGnE15I,,,,,
oslNJVFi93A,중립,0.01,0.3,0.63,0.04
lbTanWRLcYI,놀람,0.06,0.14,0.32,0.08
qXHJTuJH3ug,기쁨,0.9,0.0,0.09,0.0
YlVtpLDz4os,분노,0.24,0.24,0.11,0.01
sdTbL3g6J64,기쁨,0.8,0.05,0.05,0.05
FeX6geyyxNM,슬픔,0.0,0.28,0.14,0.38
ZNJYztLwaC0,분노,0.02,0.39,0.27,0.15
rbPu3V7otUM,슬픔,0.0,0.19,0.01,0.65
Ka9yYVMGH4k,기쁨,0.43,0.04,0.22,0.21
D6DGI9dR254,슬픔,0.03,0.16,0.17,0.42
EYmFBXGwExY,기쁨,0.99,0.0,0.0,0.01
sD5nMQJUGik,기쁨,0.78,0.01,0.13,0.01
e5kzDz3OqHU,공포,0.0,0.21,0.09,0.21
JOrBf980KJY,중립,0.0,0.02,0.89,0.08
fc69svpMS8k,분노,0.02,0.34,0.15,0.28
fXRjnO-1F8w,공포,0.09,0.07,0.26,0.22
52nDUPuXotY,슬픔,0.12,0.18,0.24,0.43
UYEiiBPBaFo,분노,0.04,0.56,0.04,0.17
A9DiHJrrbSQ,중립,0.23,0.0,0.55,0.03
wLyE1dVWqCs,중립,0.02,0.44,0.45,0.06
V08MUo7-dQE,,,,,
lapoo7YXeJA,,,,,
XV2fWv2xSwg,중립,0.0,0.15,0.4,0.19
gUNEY9XqeMM,중립,0.0,0.02,0.67,0.29
04LqOu-4eYY,중립,0.18,0.04,0.61,0.0
hM2WyQE95sQ,기쁨,0.61,0.02,0.04,0.06
uXcvy3gYYX8,중립,0.11,0.21,0.34,0.2
OX9_FMjUsDU,중립,0.03,0.04,0.74,0.17
eUuqC3CDGfY,중립,0.01,0.3,0.56,0.12
vM-laQTYa-Y,슬픔,0.16,0.08,0.06,0.56
AfHTQHE5vfg,슬픔,0.1,0.12,0.11,0.55
08t_NGmiqXQ,중립,0.24,0.01,0.71,0.02
1O0fRZHmVu0,기쁨,1.0,0.0,0.0,0.0
AcNuIKukJPg,,,,,
CVwI8u3x9DY,,,,,
OauRncidH_U,슬픔,0.13,0.15,0.08,0.54
nYENn-D8l9o,,,,,
G9Q8qf37t0M,,,,,
jN-g6b24bGQ,,,,,
MQGwW9kSqx0,슬픔,0.19,0.21,0.15,0.41
jm2zL5b4Ytk,슬픔,0.0,0.1,0.12,0.77
giywTG6Wu00,중립,0.06,0.12,0.36,0.33
2KTJ_vZLLCI,슬픔,0.19,0.04,0.03,0.72
2gQSisf76_I,공포,0.0,0.09,0.14,0.18
gax_O4BfiV0,혐오,0.02,0.06,0.29,0.15
6Mty7RssuL4,공포,0.01,0.01,0.05,0.17
1M2xI2QUHIA,슬픔,0.0,0.05,0.02,0.8
6kgmcp--oZQ,공포,0.01,0.03,0.09,0.32
wd7W9s8bSAc,공포,0.0,0.05,0.0,0.02
Sxk_sLz93dE,중립,0.0,0.0,0.95,0.04
Ae_jBK-GN4I,공포,0.01,0.18,0.06,0.07
BLGYNLdoY_A,슬픔,0.0,0.24,0.05,0.57
nfHpes48liU,중립,0.08,0.03,0.81,0.07
GPu9aIwl-A4,중립,0.01,0.06,0.64,0.23
nuYde2GxqAE,놀람,0.02,0.21,0.05,0.02
ueVlwV8CeJs,공포,0.0,0.01,0.08,0.25
3No_5lvCsT8,놀람,0.0,0.0,0.02,0.01
Bkqj4Wl8kaI,슬픔,0.0,0.01,0.04,0.49
Xn7amq23_hU,중립,0.02,0.0,0.93,0.04
S_6wqEACBd4,슬픔,0.01,0.01,0.02,0.69
-dwGk_9EFZM,기쁨,1.0,0.0,0.0,0.0
JS9j-tZM-yQ,중립,0.04,0.22,0.54,0.13
TOhW_aoq3o8,기쁨,0.98,0.02,0.0,0.0
-llxw-UzuZI,슬픔,0.09,0.05,0.27,0.39
0MTNXzBdkYg,중립,0.08,0.0,0.92,0.01
OqjNn6OBPpg,중립,0.01,0.15,0.44,0.25
FXy5DsFLUrk,중립,0.0,0.09,0.42,0.37
j-zDnC0jJBs,슬픔,0.0,0.06,0.23,0.66
YJtxkOCULpw,공포,0.01,0.01,0.06,0.02
aCmIqAfDNHk,,,,,
a6ga1uPyJf4,중립,0.02,0.1,0.55,0.18
vT0cKSPAXVw,슬픔,0.01,0.07,0.19,0.68
N3zKFsVU06s,중립,0.02,0.17,0.36,0.34
jnxZni0txGY,슬픔,0.0,0.0,0.01,0.98
fmVCroAAh_8,,,,,
kPQHLMhHOYk,,,,,
YdPRGrYRYGg,,,,,
aqedIqECra4,슬픔,0.05,0.06,0.02,0.55
OLJcZSAKlyM,분노,0.01,0.32,0.3,0.24
GV_4u0sYC0E,,,,,
tXEQ10BESHw,,,,,
rh-sKvkKYi8,,,,,
EEARoeuF0E8,,,,,
LSRJGLfghoc,,,,,
ovDq1o94sGQ,슬픔,0.01,0.15,0.3,0.46
63Y_OgqgSlk,분노,0.0,0.73,0.24,0.02
UNou0g82HdA,기쁨,0.98,0.0,0.01,0.0
IpnCF_DSq7M,중립,0.13,0.13,0.69,0.04
12xT2b_wK3g,중립,0.01,0.04,0.67,0.26
EhJjviKaCKo,기쁨,0.93,0.0,0.06,0.01
_Mr5v--LB80,공포,0.03,0.05,0.2,0.33
mwZs1h33prc,기쁨,0.99,0.0,0.0,0.0
6nWkLv4_XE4,중립,0.03,0.1,0.48,0.33
MtjN-Sy0EhI,분노,0.07,0.92,0.0,0.0
dS3XiUUpsdM,,,,,
HZJZuUNklQY,,,,,
ovdsmqqHEzU,,,,,
OnE7jlgBUNc,,,,,
Lsyt8-EENV0,,,,,
qTo7DdBAU3A,,,,,
pBiUiJIaGgw,,,,,
qbeKjaFBWG0,,,,,
WJ3wki34z6I,기쁨,0.94,0.0,0.05,0.0
iaAtIxowH5g,,,,,
b7ryEvvYrdc,중립,0.34,0.02,0.47,0.1
jLuH7nABzb8,기쁨,0.67,0.0,0.33,0.0
s7Tn5fnHCmw,기쁨,0.79,0.0,0.19,0.0
1Tdww_M7J0w,기쁨,0.96,0.0,0.03,0.0
IiweqiuJeYQ,분노,0.0,0.72,0.0,0.0
rCVIsdwtrHg,공포,0.0,0.18,0.0,0.17
ZaEqU3tHBMc,슬픔,0.0,0.04,0.05,0.75
l0zPZgV6wYc,공포,0.0,0.32,0.0,0.03
N_7CIEAmpFM,슬픔,0.0,0.03,0.13,0.46
G5sABijTC9A,기쁨,0.67,0.05,0.02,0.25
kehgayJIYUk,공포,0.0,0.26,0.0,0.16
lJspQJvMoAE,공포,0.0,0.02,0.05,0.23
zN8tmLRXJcU,기쁨,0.77,0.03,0.02,0.06
6E2P8fhdy3Y,중립,0.01,0.08,0.53,0.2
IckywAOR0IU,공포,0.01,0.11,0.0,0.25
hh03p4cPuu4,공포,0.01,0.14,0.02,0.06
74cuc67FGZU,슬픔,0.0,0.05,0.03,0.76
hYp_FUMDXoY,놀람,0.0,0.04,0.02,0.06
BixfaCPu2K8,기쁨,0.86,0.0,0.04,0.07
VTjuGRM0yG8,,,,,
WvJ4ha2CUYM,공포,0.01,0.17,0.15,0.27
XPHBiCKLr3A,기쁨,0.55,0.13,0.06,0.16
ic8327mclOI,슬픔,0.01,0.01,0.06,0.91
Z293-EMK6as,분노,0.14,0.3,0.03,0.23
knEALWTt7Xw,,,,,
G5YLgWGBo4Q,,,,,
wVO-1Hzvdbo,슬픔,0.0,0.07,0.08,0.83
uTts4AWD62k,기쁨,0.96,0.02,0.01,0.01
0rv2wK1zwGY,기쁨,1.0,0.0,0.0,0.0
4hoeMnPKTpc,기쁨,0.99,0.0,0.0,0.0
3xbp_iQMlqs,중립,0.0,0.23,0.38,0.26
TDOlfbp7uFA,중립,0.41,0.04,0.45,0.05
LY2Myws7cFY,,,,,
kJ9WJbkKPeE,기쁨,0.48,0.13,0.09,0.2
J9TWIp7ypDw,,,,,
uGrMdA50zPw,중립,0.01,0.02,0.53,0.4
3vX-MYrnsm4,,,,,
JIZn3I-2WKc,,,,,
1FeEZcI85aw,중립,0.02,0.05,0.73,0.14
Y3_-1es1WJE,,,,,
dUy-HVwXPQI,,,,,
BvWPoK1f1zk,,,,,
uCD53TU3zDU,,,,,
uzWTe--rmU0,,,,,
bi0ebweJr-E,,,,,
1Nk-4YI3sUw,중립,0.09,0.15,0.36,0.09
4qR4HII3oFQ,중립,0.0,0.04,0.64,0.3
BFa2uvg8v1I,,,,,
_hge4Aw-Lck,분노,0.01,0.88,0.01,0.01
9iYDVyclV4g,분노,0.07,0.78,0.0,0.09
HkRKMmZQbSM,공포,0.01,0.27,0.01,0.06
1jwPHgVstyY,,,,,
Uj8BkXe2v1Q,기쁨,0.58,0.01,0.39,0.02
OXps_BPiGNM,중립,0.0,0.07,0.88,0.02
JQqLF06m2wA,중립,0.0,0.01,0.92,0.05
2EXy8fPKk74,,,,,
KDLwgtQm8zg,중립,0.0,0.03,0.81,0.09
QxiZTFAqNpc,놀람,0.01,0.04,0.05,0.23
yfszp1d68iQ,분노,0.08,0.29,0.12,0.27
IYxmEUwe7IE,,,,,
55QktaLvOBc,,,,,
o-A7S8MC8ck,분노,0.0,0.31,0.27,0.16
o8u3MDxH4JY,슬픔,0.09,0.2,0.07,0.49
ZxC2y4ItnPQ,,,,,
b7wyZYuZGTI,놀람,0.19,0.14,0.17,0.1
MkVV-mDi_MY,놀람,0.23,0.03,0.08,0.08
5NU37parMjA,,,,,
J-YiqpEtgQ4,중립,0.11,0.02,0.57,0.13
El5Djf2KEjs,,,,,
eeEhQcVeLFI,,,,,
UoyPMI9sbC4,슬픔,0.01,0.11,0.16,0.57
aNYwVtlEWws,,,,,
fR3ppcdDQ38,중립,0.17,0.16,0.35,0.24
GKhnJerBs6I,,,,,
JTRgCed7qOU,중립,0.0,0.11,0.67,0.19
k4nfNIQq1sE,,,,,
Vrjg7jqmh5s,,,,,
LNgi3LD-D0Y,,,,,
g_KQv4XPK5Y,분노,0.0,0.86,0.02,0.05
PTGGmCObjnQ,,,,,
BZcpK2R6gQg,,,,,
rc_1GIc6KCc,중립,0.09,0.12,0.56,0.18
NQC3WjC6DE0,중립,0.01,0.23,0.44,0.17
Ke-iGdkChZE,중립,0.07,0.0,0.71,0.2
fzbrY1Ey2JM,중립,0.21,0.02,0.6,0.03
pyx-E96si3A,공포,0.02,0.22,0.06,0.09
KF1JbrV589A,슬픔,0.02,0.07,0.22,0.57
kUVjO4w1MQI,,,,,
dfw-i0910o8,중립,0.12,0.04,0.82,0.02
cxafXr_cSZc,슬픔,0.23,0.04,0.1,0.44
LvqgF_FFV9k,,,,,
Y0jCBkydcZM,중립,0.0,0.28,0.44,0.24
65ypsRvUYyw,,,,,
YHCUILni9ko,,,,,
-hWIbnehsNM,중립,0.15,0.15,0.53,0.14
Yn-vOjVB_-Y,기쁨,0.85,0.01,0.13,0.01
nRk160wgvqg,,,,,
cIvqu4BPbao,기쁨,0.48,0.09,0.04,0.26
b60ZBCbEpRY,슬픔,0.02,0.08,0.14,0.71
q1OGCqM9uVY,중립,0.08,0.05,0.56,0.19
SB48Ach1Qgk,중립,0.01,0.06,0.42,0.41
l-Z4GRGaI30,슬픔,0.04,0.09,0.28,0.47
-y1eRcwJEiY,놀람,0.09,0.02,0.14,0.25
A54Vt9VXEfc,놀람,0.23,0.01,0.14,0.24
nUgd7lAVHOQ,놀람,0.04,0.01,0.05,0.29
OKJt5PNzUXY,,,,,
lqbT3ZsSvZM,,,,,
AqGvuMk0Kpk,기쁨,1.0,0.0,0.0,0.0
kFFG1Akm1TQ,기쁨,0.98,0.0,0.01,0.0
AtkhzF3ubQQ,기쁨,0.6,0.03,0.19,0.08
fps8YbXGSec,기쁨,0.76,0.0,0.13,0.09
NFavxK4ZuT0,공포,0.18,0.05,0.13,0.11
i5i3SjMfokw,슬픔,0.08,0.14,0.27,0.33
Vy4CxFzZL3A,기쁨,0.5,0.08,0.21,0.15
AS-ZSrb63hI,기쁨,0.77,0.01,0.21,0.01
lCzBaFc7pAo,슬픔,0.0,0.01,0.27,0.39
izBr2_mdtnA,,,,,
85mD8h6MTUE,슬픔,0.0,0.17,0.06,0.68
AeJrnL7CqlU,중립,0.05,0.18,0.44,0.31
pYgMGjUToz4,,,,,
FGcRsaJ8kSI,,,,,
BZb4fR2P4K4,,,,,
3WYVuZDozx8,,,,,
6SbUpAvopxo,,,,,
aYvkzGIMr6I,,,,,
ybZDL5Oe-OU,,,,,
yJAL-T-ZbTc,,,,,
amaRZhXSvv8,슬픔,0.05,0.04,0.4,0.5
1yWAqvpEIoo,기쁨,0.99,0.0,0.0,0.0
ZLu0okKPnk4,슬픔,0.16,0.07,0.25,0.44
jcX1QoYOtNo,중립,0.05,0.18,0.53,0.13
bCoIpgE0x0Y,공포,0.03,0.08,0.0,0.11
YGQdCYGBqoQ,,,,,
NrmOQOYbaUc,,,,,
YrdUiBcOnDU,,,,,
_0JjmopC2nM,공포,0.02,0.11,0.19,0.28
g55Bxp4Q8CI,,,,,
nObPViogvVE,중립,0.0,0.02,0.8,0.17
fHbG-nsGXrU,,,,,
1S_vw10nGcQ,기쁨,0.95,0.0,0.04,0.0
KhpHFy8f6W4,슬픔,0.0,0.34,0.16,0.42
XejxyYNXoDg,중립,0.01,0.17,0.5,0.27
v_oTSFhNDb0,기쁨,0.44,0.04,0.36,0.12
ORivOupUzBM,기쁨,0.46,0.13,0.24,0.13
oKqpjHRpJLw,중립,0.07,0.14,0.36,0.31
OsjmlAtIAdI,기쁨,0.36,0.07,0.29,0.23
SsW16gcKzH8,중립,0.0,0.06,0.68,0.09
dKAm6B18-_w,,,,,
edZfefHoAmE,,,,,
9Ko8T8sTyaM,,,,,
lvtYVJLGWSU,,,,,
k-CJ7Wudp8o,,,,,
CbnoTvPckRA,,,,,
O9GG_q72_Ow,,,,,
CzDqj58oYJk,분노,0.23,0.31,0.1,0.26
BtiI07o4Pjs,,,,,
gSUhHaFOfjg,분노,0.01,0.73,0.06,0.14
c_k8Guq7zxI,슬픔,0.02,0.06,0.1,0.39
fD6-YWjyyeU,,,,,
iJzlrN2WrPk,기쁨,0.34,0.06,0.3,0.3
nKN2mZEqhpg,,,,,
VO6tHAmJrVY,기쁨,0.28,0.25,0.0,0.09
pVAufc95Ego,공포,0.0,0.28,0.14,0.15
VXn2YKEDFV0,슬픔,0.01,0.13,0.15,0.52
wVuFfkfzRt4,중립,0.0,0.05,0.63,0.19
9K4OpI2hzEQ,기쁨,0.48,0.18,0.09,0.19
CLgu0WbnerE,기쁨,0.97,0.0,0.03,0.0
Xlwpn4IoWyA,,,,,
C399-29Ksd0,기쁨,0.6,0.01,0.19,0.16
gFtXwAKfVEI,기쁨,0.86,0.03,0.07,0.01
ON_PVEwbXF8,기쁨,0.99,0.0,0.0,0.0
B7nLmdAopbw,,,,,
btGWJbNIwzA,분노,0.16,0.63,0.04,0.12
6j4uxLxZK6I,,,,,
s9kBoSyBsT8,슬픔,0.13,0.06,0.02,0.47
oKP53Vge-X8,슬픔,0.01,0.02,0.27,0.65
IYnUfb9V2aQ,,,,,
Shy1y31ljoM,,,,,
dg6bVgbY0MQ,슬픔,0.08,0.02,0.29,0.57
JkGcu0mTEak,기쁨,0.45,0.03,0.13,0.33
NaZyXW6Ga4c,중립,0.0,0.08,0.67,0.13
MfFS2QPmvTc,기쁨,0.8,0.09,0.06,0.05
FQq8ma64-wo,중립,0.04,0.1,0.51,0.29
GjaCS2OBOpg,슬픔,0.1,0.02,0.21,0.52
ZyGZP8denEQ,슬픔,0.1,0.02,0.21,0.52
1_tabJnAmNY,,,,,
5noqJnmaQJI,,,,,
j312fOVXNpA,,,,,
aarZRtGWikY,,,,,
bTTHubx6yX8,기쁨,0.23,0.06,0.1,0.2
xr43LoXGv8I,슬픔,0.0,0.26,0.03,0.61
o23qjjWM0kk,,,,,
DQYHIWcYeeQ,,,,,
My2p-2-rg_s,기쁨,0.76,0.01,0.12,0.01
28dGwRzNW5g,분노,0.17,0.24,0.04,0.21
bdmAbt_-Vek,기쁨,0.35,0.07,0.14,0.21
oYLbvvxGjfs,,,,,
i_MLJ_0y9hg,기쁨,0.52,0.02,0.4,0.03
8NcvL5UzzAw,,,,,
qMQFvfz9rlk,슬픔,0.36,0.02,0.04,0.4
bKw2J6MfL9Y,,,,,
IUjahbiWv0g,분노,0.26,0.4,0.11,0.1
4h4357-zSxM,,,,,
Tql14q9ca3s,,,,,
ytmKSUM52G0,,,,,
0Tong5p42k4,기쁨,1.0,0.0,0.0,0.0
D4DNUyQ5mSg,기쁨,0.86,0.07,0.02,0.04
0PAy-tu6qs0,기쁨,0.76,0.18,0.02,0.04
CPyxwryWV2U,기쁨,0.87,0.01,0.06,0.02
TGGLd2_-lyw,기쁨,0.93,0.02,0.02,0.01
EIZl3345DXY,공포,0.13,0.04,0.04,0.06
uPLPXVAvZcE,공포,0.17,0.02,0.06,0.06
oQhTVrIeKIg,공포,0.16,0.09,0.06,0.04
ocDebpJexNE,공포,0.14,0.02,0.05,0.06
6-6sRVInJNw,놀람,0.17,0.04,0.06,0.04
ruwiVEzbpIo,놀람,0.09,0.05,0.22,0.09
iDbxWZ6V3Ys,놀람,0.21,0.01,0.04,0.01
BttCDMkkuSE,슬픔,0.0,0.05,0.1,0.8
e_SI7GJT-PA,중립,0.09,0.26,0.38,0.23
pFuIvDBROsc,중립,0.04,0.1,0.4,0.23
lOChuKRcv1c,중립,0.14,0.13,0.51,0.16
7lYAuUjVYao,중립,0.04,0.0,0.93,0.02
7t2HyaKe0FY,기쁨,0.88,0.02,0.02,0.08
tB0wbKWhf0Q,중립,0.02,0.05,0.83,0.1
vYRkceLRcNc,중립,0.02,0.05,0.83,0.1
Wi-QZJE4sj0,분노,0.01,0.37,0.25,0.08
ARIQYT1EB-Y,슬픔,0.01,0.23,0.1,0.58
bwo5Axn6zhU,분노,0.0,0.55,0.01,0.11
93lN2yoSCMY,기쁨,1.0,0.0,0.0,0.0
ySHIx-PbNGI,슬픔,0.01,0.21,0.12,0.52
zcZfrnu-twA,,,,,
KUngfJa1LUA,공포,0.0,0.0,0.0,0.0
LS0zXs0CS2g,공포,0.08,0.08,0.21,0.05
IpDw6hIrc3s,공포,0.04,0.13,0.2,0.16
8KWRo1TpYuc,기쁨,0.98,0.0,0.0,0.01
cCllBDuesdI,슬픔,0.0,0.09,0.04,0.82
dagS5Xmqkrk,슬픔,0.01,0.03,0.15,0.78
1lr5CWo7rIs,슬픔,0.0,0.27,0.0,0.52
JbONWY3YmWY,기쁨,0.97,0.0,0.0,0.02
mr-4Xecl_WY,공포,0.0,0.14,0.0,0.38
KdKjVgaGMXU,슬픔,0.0,0.12,0.01,0.48
BGZdjqQyVVQ,공포,0.2,0.15,0.2,0.19
ps1pG1GwqlA,기쁨,0.82,0.01,0.14,0.03
4-y78ipBY9Y,,,,,
HAYeklgkaqs,,,,,
TfTxUOPex9c,중립,0.35,0.01,0.59,0.02
i6t2qzVsfwU,슬픔,0.0,0.02,0.22,0.73
GFYUmLI5cuc,슬픔,0.11,0.05,0.33,0.36
V8eSeZkBfpI,슬픔,0.0,0.01,0.07,0.8
U0KFTfWbv_I,기쁨,1.0,0.0,0.0,0.0
cp4WEPYZWSg,,,,,
WR2tXUuFmy0,기쁨,0.97,0.0,0.02,0.0
s_JPpFTKuVo,중립,0.03,0.05,0.84,0.06
Z5FmcMrQ-mw,분노,0.01,0.51,0.4,0.07
1Le458eD35A,,,,,
T5a-oCmTB8U,슬픔,0.2,0.04,0.16,0.48
p05jxUiScwQ,슬픔,0.1,0.06,0.17,0.6
3qWEpFfKr_E,,,,,
s2zxDoIvX2s,기쁨,0.34,0.22,0.09,0.22
2Nfw7Z9hjEs,,,,,
L6eFygwnUlI,중립,0.12,0.11,0.35,0.31
Se6JSBwqihA,기쁨,0.99,0.0,0.0,0.0
cvV2qGRJ5VY,중립,0.15,0.14,0.51,0.1
EdSPyHCWeLs,슬픔,0.04,0.04,0.15,0.71
FoI1o8mlWns,,,,,
ozV8UXIFkEs,놀람,0.11,0.01,0.3,0.06
bqq15UjW5xs,,,,,
A5lZiSCsj3c,기쁨,0.25,0.19,0.12,0.24
ksz6ZMmUYM0,놀람,0.0,0.07,0.1,0.22
ohmDxRAslRQ,중립,0.13,0.04,0.61,0.07
Js7_tliLjO0,,,,,
j-5T8hn89P0,중립,0.07,0.05,0.32,0.3
S-J3uSOk2Ug,,,,,
BCtKybVINB4,분노,0.02,0.41,0.07,0.41
wDIka7Y7U2M,공포,0.0,0.14,0.05,0.35
-DwrfAO_Exg,,,,,
KDjkMP7KoUk,공포,0.16,0.11,0.11,0.09
PbKZArNoP10,,,,,
DUszQI4AyS4,슬픔,0.12,0.08,0.05,0.7
MwhS_MnGrVE,중립,0.37,0.03,0.4,0.1
Teq58NMe2GY,분노,0.0,0.6,0.0,0.32
GEHvRI8t9Pk,기쁨,0.41,0.22,0.15,0.15
lgfCdEiMU5I,기쁨,0.67,0.01,0.24,0.06
Lk9t9XH6fEY,중립,0.05,0.08,0.55,0.16
PvKQt10eYQg,분노,0.0,0.39,0.39,0.16
qHazHFwMCDo,중립,0.0,0.02,0.89,0.06
ShOQlXe9S-8,중립,0.17,0.29,0.35,0.08
c16_sqSS0Bk,기쁨,0.9,0.0,0.07,0.01
qITnNH-KOvY,분노,0.0,0.47,0.39,0.11
CBM2gMWs0ls,슬픔,0.01,0.02,0.33,0.35
bYbzLQlu76c,,,,,
eyJpAInKur8,기쁨,0.8,0.0,0.2,0.0
QoUrI8SXc8Q,기쁨,0.89,0.0,0.09,0.01
fFPJ5rk1Bho,,,,,
C8TFgNuggmM,,,,,
HVmgok628R4,,,,,
8IZ9XqPose8,분노,0.01,0.56,0.03,0.28
6FIUU306_Q0,기쁨,0.69,0.04,0.19,0.05
CunyzqHXn2E,,,,,
duF7Q7dtLCs,분노,0.15,0.31,0.19,0.14
PdUxylfqiGI,,,,,
mzftyZ8EhFU,중립,0.0,0.1,0.64,0.11
uW9lJe_Fhv4,중립,0.0,0.1,0.47,0.29
YYxpE8sQ7Dk,중립,0.0,0.03,0.53,0.08
V9XipzTxwQI,공포,0.0,0.13,0.24,0.15
GjEz5NpvfEU,중립,0.0,0.08,0.36,0.26
8GdvnQwxwdw,중립,0.01,0.05,0.84,0.04
h4xeFi-6gbY,중립,0.0,0.1,0.87,0.01
925WvNd0PNQ,중립,0.0,0.02,0.46,0.04
oH0a-Cw7cU0,기쁨,0.8,0.03,0.07,0.02
sGW59HObNRY,중립,0.03,0.09,0.44,0.21
cnHQXsYgXE4,,,,,
zxy8TrdZ45E,,,,,
qH7KDivAUfk,,,,,
PxtEta71q40,슬픔,0.16,0.18,0.13,0.33
QM6Q5dV0uwQ,,,,,
GEUjRDujoSU,슬픔,0.09,0.05,0.18,0.67
AAn4XRhHslA,슬픔,0.02,0.08,0.02,0.69
PEk484oK7yA,,,,,
DAqx3ZyRZmg,,,,,
GKVNBFIQAi0,슬픔,0.02,0.08,0.3,0.48
qkUvsHTIMHY,공포,0.06,0.05,0.08,0.27
8rMt_rn7DbA,공포,0.0,0.08,0.12,0.11
4nDOK6lR7-w,,,,,
oNIckishsmA,,,,,
AjpT8ZKAIlI,,,,,
81RbN489hqw,,,,,
wwGvmGK-mXU,,,,,
UsR6VaD72dQ,,,,,
VtNd0MK9Fh4,,,,,
rmY-G9Ic_3o,,,,,
YDfGkzY-4DY,,,,,
l9ZlRG7_stY,슬픔,0.03,0.18,0.06,0.4
CiUO16dcOi8,슬픔,0.01,0.31,0.08,0.51
9K_FXDVMg5s,,,,,
QR4XJpPOiUQ,슬픔,0.09,0.09,0.11,0.55
BNIJsAHM-T4,분노,0.0,0.86,0.04,0.05
Fwft1E25YGk,,,,,
oQKGuzbtwEo,,,,,
dzKVANmCgQ8,,,,,
mc-JqAc2EoQ,슬픔,0.01,0.07,0.14,0.58
M1HIyb-hmyU,놀람,0.11,0.08,0.03,0.02
1UT5Yw3j4c8,슬픔,0.01,0.07,0.14,0.58
t1h3t6j46rc,슬픔,0.01,0.07,0.14,0.58
v88AGXC2tFc,놀람,0.11,0.08,0.03,0.02
u-jFjMqAGG8,,,,,
X40YhxQrfK0,슬픔,0.01,0.07,0.14,0.58
TvRZQyXzfQg,슬픔,0.01,0.07,0.14,0.58
yhmMTg24iok,놀람,0.11,0.08,0.03,0.02
f3BYnNc_T10,,,,,
yn_zaiUjPd4,분노,0.19,0.26,0.14,0.24
Sm7alFRtMfc,중립,0.05,0.07,0.7,0.04
aiINpCASSQU,기쁨,0.5,0.0,0.47,0.02
EL9PnTIRWGk,중립,0.04,0.03,0.84,0.03
iQPNwFx1j7Y,,,,,
bwg9dtj1f6c,분노,0.02,0.36,0.35,0.24
YnYhAHnHmgA,중립,0.04,0.16,0.67,0.12
qN3NPkZXCcE,,,,,
UO8tlsIZXa0,,,,,
wo-5XYtujbs,중립,0.04,0.02,0.39,0.33
JwcilHSyefE,슬픔,0.12,0.07,0.2,0.51
rnfG1Q159r0,기쁨,0.64,0.0,0.27,0.02
zbRxORiQvmM,기쁨,0.96,0.0,0.0,0.02
YnaQqQ5mcUM,공포,0.01,0.18,0.25,0.14
Kpl0xaiNH9o,슬픔,0.01,0.24,0.22,0.41
EqXz-Ftc-Xo,슬픔,0.03,0.2,0.13,0.52
Y3pjxm7T8lA,중립,0.0,0.0,0.6,0.39
Y8_7Vza7BqQ,기쁨,0.6,0.0,0.3,0.05
I9rei5P_AZY,,,,,
k9eBs7iYjmM,,,,,
o1rujqZF8dQ,,,,,
cRWWsPtwmYM,분노,0.06,0.5,0.08,0.29
d53joh65k4Q,,,,,
psExJKSJxFs,혐오,0.0,0.09,0.06,0.13
WfA_VPULtxk,기쁨,0.99,0.0,0.0,0.0
mijWinadiCM,기쁨,0.89,0.0,0.0,0.0
XDWz8pHG1jg,,,,,
C_j8ifIiqHQ,분노,0.01,0.78,0.03,0.08
yvKEX8xstJc,,,,,
vI68SBnoWF8,중립,0.0,0.01,0.91,0.02
ykrW8GcKYkg,,,,,
S5Q0R8Pci1M,,,,,
jietR5wz4E0,,,,,
_du5WTDuRfU,중립,0.0,0.05,0.84,0.03
IqyodhibLvI,기쁨,0.8,0.03,0.1,0.05
oUKQF8kEvGg,분노,0.01,0.7,0.01,0.07
oEVpf1bXEPU,,,,,
HD6kul6JwWg,,,,,
5fM3tN_AV-I,,,,,
GO5GvYs8fjM,,,,,
3Apn3dCsFXQ,,,,,
qRNAbZDUG6I,,,,,
WZS61d0XJCc,중립,0.17,0.02,0.74,0.06
mA829mXsovQ,,,,,
4jzJCqUtO74,중립,0.12,0.0,0.78,0.07
3tTvfavvGgE,,,,,
DuDqStgt150,슬픔,0.1,0.06,0.39,0.41
q13yrrhBv2c,분노,0.04,0.55,0.06,0.34
1Db76hChIGU,분노,0.14,0.66,0.06,0.02
E4e9To5XPVg,,,,,
eKKRFZjuUTQ,기쁨,0.85,0.0,0.14,0.01
D7V-7UQcxiY,분노,0.04,0.32,0.31,0.25
b4iVaQHTYS0,기쁨,0.98,0.0,0.02,0.0
91bUwCBKc1w,공포,0.0,0.05,0.06,0.11
pfdzW9pUWjE,,,,,
vQ8Fp7yf1pg,중립,0.01,0.22,0.29,0.24
i_lTZdDkp9M,,,,,
x08l-XkSr9I,,,,,
5xKkmPTFE2U,슬픔,0.17,0.13,0.12,0.48
dbsNMbORfYw,,,,,
zEQDQWufbdE,기쁨,0.25,0.24,0.13,0.17
1NVaseTv36w,,,,,
s_P1X-hfyXQ,,,,,
WZyvjaM2184,공포,0.01,0.07,0.04,0.42
9XAXWLJNs8M,중립,0.02,0.01,0.72,0.2
9pFtLEOeUkI,기쁨,1.0,0.0,0.0,0.0
jb9mwdNvh-w,중립,0.01,0.03,0.41,0.16
Y0wssbcdUME,슬픔,0.0,0.25,0.11,0.6
Lz_1NVRJlqI,중립,0.06,0.01,0.56,0.27
YsqljU8q2DQ,기쁨,0.99,0.0,0.01,0.0
e6t9Uo88pRs,중립,0.09,0.01,0.77,0.03
Fme8Y1-NP-A,기쁨,0.65,0.0,0.34,0.0
WmdX-dhBwWo,중립,0.06,0.01,0.81,0.06
x_k0tZlO5G4,슬픔,0.19,0.02,0.13,0.65
KBQsw_eDneE,기쁨,0.49,0.03,0.47,0.01
SL7-jimAB7w,슬픔,0.0,0.07,0.18,0.68
5GH91FPsMVI,기쁨,0.86,0.05,0.05,0.01
NehMOq-VYIU,중립,0.0,0.04,0.84,0.09
ioIdMTe1hhg,기쁨,0.9,0.0,0.08,0.01
VwIlUBtnX9M,분노,0.14,0.36,0.17,0.21
6iP5V-RcY9Q,중립,0.03,0.02,0.59,0.29
c1SmkUGlmoE,공포,0.0,0.26,0.07,0.17
LMK-4t8nJZk,중립,0.22,0.04,0.4,0.21
9AOAgaPK5hw,,,,,
XRsjWKJw5ro,공포,0.0,0.29,0.0,0.18
UBASHWoB4mI,분노,0.02,0.78,0.05,0.07
gf4FidvSGgo,,,,,
cDtlNgnGEx0,,,,,
geR9wH_2PsQ,놀람,0.1,0.11,0.09,0.18
zVwC0ABLUrg,,,,,
ZEfKE9-N00E,분노,0.05,0.36,0.27,0.24
noNb2UfZ8ao,공포,0.01,0.03,0.39,0.08
mp-1czKOyPQ,분노,0.05,0.67,0.1,0.1
b7J93IxTWW0,슬픔,0.13,0.14,0.07,0.52
Ut93iZMafxs,,,,,
z9VB4YJl4QU,분노,0.0,0.54,0.15,0.08
iLLcc8yjIIY,슬픔,0.0,0.18,0.0,0.64
I6Qqbmd0RAU,놀람,0.19,0.02,0.12,0.05
BCsNQmFszV4,중립,0.29,0.05,0.42,0.21
aSGSHcGQ3uo,,,,,
WItrVdjR8LE,중립,0.09,0.17,0.61,0.1
X334y0X6E3c,,,,,
7MYyxoDngmU,슬픔,0.19,0.17,0.08,0.43
UDBtd6q9nzI,,,,,
JHwM7Ey4qQo,놀람,0.02,0.16,0.19,0.09
VVY8FtdB1Jk,,,,,
TnWpB4glvbM,,,,,
r1DQ8KwbUe0,슬픔,0.13,0.02,0.16,0.44
Tp3KiVDHBtM,슬픔,0.0,0.0,0.12,0.82
jxJ4qCLuoX8,놀람,0.01,0.02,0.04,0.05
n0vVXqDW16g,슬픔,0.14,0.02,0.26,0.36
RHG0gxLpwB4,공포,0.0,0.0,0.0,0.01
qd2Ewymqt44,슬픔,0.05,0.16,0.31,0.37
he7mg5kFd-U,분노,0.03,0.81,0.01,0.1
qhsqars6f9c,슬픔,0.21,0.09,0.23,0.26
g5a3OwNs-ZY,기쁨,0.58,0.01,0.32,0.09
zWd9Tce_-s8,기쁨,0.82,0.03,0.04,0.05
gNynzvC-GH0,슬픔,0.11,0.13,0.14,0.53
6VzFnqcVyz4,,,,,
ApoqmYHv6F4,,,,,
T7miMnLo0Ic,,,,,
P0erwvYWHcM,분노,0.02,0.89,0.02,0.05
pgFQ6ox8w1c,분노,0.02,0.53,0.03,0.07
-58LkJBFFHo,슬픔,0.03,0.05,0.18,0.68
o-PqKgbHMog,슬픔,0.0,0.01,0.13,0.85
caPy1vVujGo,슬픔,0.0,0.08,0.01,0.79
caf4Cv1a_HE,기쁨,1.0,0.0,0.0,0.0
52Rr6pJxwoM,슬픔,0.0,0.01,0.0,0.99
PNXSrUt9GfM,슬픔,0.0,0.01,0.12,0.73
m47QGH_ybu0,분노,0.0,0.45,0.05,0.22
t9wW62Cz3DM,슬픔,0.0,0.09,0.03,0.74
kq5MVQAMmrU,,,,,
p-0WEw6E7Ec,중립,0.29,0.01,0.42,0.0
I6NYYBPYNUA,중립,0.05,0.11,0.42,0.2
TJJxvZ3XX7I,놀람,0.0,0.05,0.01,0.0
gdmrPmwTNy0,,,,,
Eddl_Fg3-9o,,,,,
QnOFgsqFTcM,분노,0.01,0.3,0.19,0.28
Om-HdOS4QzU,기쁨,0.89,0.02,0.05,0.03
REQy1kdr-Tw,,,,,
cxVAenYmPEg,,,,,
E38a85xVR1I,혐오,0.08,0.25,0.04,0.11
cAmQvi3o8Jo,중립,0.21,0.21,0.32,0.02
rm7bib2vx0s,,,,,
vgBI-3v4pdI,분노,0.17,0.25,0.18,0.05
NYGXpUDhxqg,슬픔,0.0,0.16,0.21,0.23
jkCqkNuiNy4,,,,,
uknYjvjQjHA,중립,0.32,0.03,0.46,0.08
iajy4Vneil0,,,,,
zyFgQJLsgIo,기쁨,0.31,0.14,0.17,0.17
3a9my3D6ER4,기쁨,0.3,0.21,0.11,0.22
7YjKA7jKPfs,중립,0.33,0.01,0.47,0.19
NIZLMmyvE1U,,,,,
QRZHJpZPAoQ,중립,0.0,0.09,0.58,0.3
qGRADYyExtE,,,,,
r4GOnqsjZqA,,,,,
P4l7dKgaLGI,,,,,
3G0aggFSXiI,중립,0.02,0.03,0.48,0.4
Jwgh4mNnPPw,기쁨,0.92,0.01,0.06,0.01
W4FUIpcx8QI,,,,,
PTWNiD-JVQM,슬픔,0.25,0.25,0.1,0.33
suVD6yc1whI,중립,0.0,0.03,0.57,0.39
IiIJ82PJh4Y,중립,0.0,0.01,0.94,0.04
NswaJHIXo-A,슬픔,0.0,0.02,0.04,0.6
e20WJ1FLnjY,분노,0.08,0.3,0.19,0.2
8Qtx8Y8Uyug,,,,,
hE0hHvCCHV4,기쁨,0.41,0.29,0.0,0.03
SWt69rxCLmk,놀람,0.0,0.01,0.31,0.03
5CN2eyAVHZI,,,,,
4Q5ouQVVP08,,,,,
inneSNWT-lU,슬픔,0.01,0.2,0.07,0.43
P6be6NYswj4,,,,,
-eX8rs6_iqw,중립,0.13,0.05,0.73,0.06
mAM1WJmptDU,,,,,
ZLRibWzrpDY,분노,0.0,0.97,0.0,0.01
zFOhb5fqu5k,분노,0.09,0.47,0.03,0.23
7r0DM7A9cS8,,,,,
5RM9dxvPEHE,,,,,
cSy8-VWSkhM,기쁨,0.43,0.08,0.11,0.08
rA593Qzd5SM,중립,0.01,0.0,0.93,0.05
YUTIoNg9wGA,중립,0.01,0.01,0.89,0.09
HhJ8O0pjoaE,기쁨,0.98,0.0,0.01,0.0
wFtavS_E-vo,기쁨,0.68,0.0,0.25,0.05
IXa0hD5_Gsc,중립,0.03,0.02,0.38,0.1
CP864ds_EnE,슬픔,0.01,0.1,0.05,0.55
VRcn8rhFwAs,공포,0.06,0.22,0.19,0.17
eyVfgkQ6HJc,슬픔,0.01,0.06,0.13,0.74
q7JwkQUiU5o,,,,,
crS2ZHv18uE,,,,,
VrOp-4SlSKs,중립,0.02,0.12,0.59,0.18
zb5yYtjLMDM,,,,,
iLtL1miLj6Y,공포,0.0,0.02,0.01,0.39
oA1tkQYSMVU,중립,0.03,0.08,0.64,0.07
s9ggq5oW9hA,,,,,
eF9Kjm3L4I8,슬픔,0.0,0.01,0.0,0.96
FwwdYpwnsco,슬픔,0.02,0.05,0.42,0.44
vkVsyF9U-24,슬픔,0.08,0.11,0.14,0.56
0hmExXJwvPM,,,,,
gL1UWlgcHzg,분노,0.0,0.75,0.0,0.13
oOCXRBTjvoQ,놀람,0.03,0.01,0.39,0.05
--uiPtAzTME,공포,0.0,0.09,0.01,0.33
jTBdaqrxkMo,슬픔,0.0,0.0,0.0,0.61
a0vnxkolCnY,슬픔,0.18,0.03,0.16,0.37
5qxUuPyKkWk,슬픔,0.01,0.14,0.2,0.59
syK7p2wO9Yo,,,,,
37ntp2cHg98,분노,0.21,0.4,0.08,0.23
cGqJkrSm0g8,기쁨,0.41,0.12,0.09,0.15
mJstyDHHerw,,,,,
d6WVkQ4Civw,,,,,
jt29BauW75o,슬픔,0.0,0.03,0.03,0.83
Dwp6q0dqa58,중립,0.29,0.02,0.46,0.19
koQLqHOV6Tg,중립,0.31,0.03,0.36,0.25
jjJpaosW8No,중립,0.05,0.02,0.46,0.19
zQXtUpZ6Hlw,중립,0.0,0.06,0.62,0.29
KjU-5teXn2I,슬픔,0.14,0.1,0.17,0.46
ddCYfmXKFbc,놀람,0.0,0.13,0.08,0.04
LjCdV02l2ZY,공포,0.01,0.09,0.35,0.13
ZUek_DRVp9g,슬픔,0.05,0.13,0.13,0.34
3XEPPeHPXHI,중립,0.02,0.05,0.79,0.11
8uzlzPBe57A,,,,,
ygFKMxnn4-c,슬픔,0.01,0.14,0.14,0.29
taQdfTk_MeY,중립,0.33,0.1,0.49,0.06
9kMHQAv8xok,,,,,
R0NlFzalnpY,,,,,
1jnatUEvqmc,중립,0.01,0.35,0.57,0.05
4oyo3NmZo1M,,,,,
rfAOMYHuph8,기쁨,0.99,0.0,0.01,0.0
IjOKy0MmtNU,슬픔,0.0,0.0,0.2,0.78
mjQ_CyKnSOM,중립,0.11,0.07,0.62,0.08
QsdHy_UoLNQ,분노,0.4,0.46,0.0,0.02
11c0PkAm3cQ,분노,0.28,0.67,0.01,0.01
65QnjNawos4,놀람,0.0,0.07,0.07,0.13
UHVfteJoYqo,,,,,
2A1u_kdqpts,중립,0.3,0.02,0.53,0.12
Zv2HCBR1KZM,슬픔,0.0,0.06,0.17,0.64
QQic0o3MrDI,중립,0.05,0.24,0.43,0.09
Ug3qyvqsbsI,,,,,
reU4_1lBNMM,,,,,
8Xnwg5XUOos,슬픔,0.13,0.14,0.22,0.22
LZYsSr6LIU8,슬픔,0.0,0.25,0.13,0.51
W8riiYQzs0M,,,,,
zY20SgwM7EY,,,,,
nSJDQRi3FR8,중립,0.0,0.02,0.66,0.29
KX6hu8MtUMI,분노,0.0,0.49,0.09,0.34
kYqaQ-fjjNo,,,,,
ykeGbt3F70M,분노,0.01,0.41,0.05,0.29
CRdcb4IQiEU,,,,,
EYYto30vuFQ,분노,0.02,0.58,0.24,0.11
brEiYGCA9mw,슬픔,0.0,0.07,0.05,0.8
nndBu2H8lJI,중립,0.0,0.22,0.47,0.26
Z8Fs4vMglHI,,,,,
IdmNRYVEePw,기쁨,0.68,0.19,0.02,0.08
72bNbXVQz-Y,분노,0.27,0.65,0.01,0.06
wnQ7FJmcGqs,기쁨,0.66,0.11,0.07,0.13
k6Tq9SUsP4w,,,,,
HcARgcdsgkk,기쁨,0.83,0.01,0.09,0.02
8go5AFuYWHo,,,,,
-UKfyhtmdtE,,,,,
55fEshPADh0,,,,,
qMqvT1D3_T4,,,,,
2j2hLFxRgOk,,,,,
X_LL4-wYiVE,,,,,
y3dAaBiSl_A,,,,,
SWAuV4VPsoo,,,,,
g4bqtVVEghU,중립,0.29,0.03,0.36,0.15
bfszjeBMXO8,,,,,
XYXQjTYuiig,,,,,
jUL5fztoKNA,,,,,
oDqvgQE_f64,,,,,
25NeyOuv8mE,,,,,
n1Hcf0tgMSQ,중립,0.16,0.01,0.8,0.01
pp2r9rCUZEo,,,,,
Sdv5z7Eh_k8,,,,,
eOl5lEGyuPw,기쁨,0.4,0.0,0.4,0.19
S3JVLkpBtwM,기쁨,0.67,0.0,0.15,0.16
V3LJ27YyCFw,중립,0.01,0.0,0.9,0.07
C0IrlHM9k3c,중립,0.01,0.02,0.81,0.11
e9FPIcvSSRg,중립,0.07,0.0,0.91,0.02
krEI05HOJgY,슬픔,0.0,0.12,0.22,0.55
LWpcmkcoBDc,놀람,0.0,0.0,0.02,0.02
qKJCWqTSTq4,슬픔,0.0,0.09,0.22,0.53
eqoo4075teE,공포,0.11,0.09,0.01,0.02
qb4GS9jUNzA,슬픔,0.07,0.03,0.24,0.64
zU6GGAaZPNo,중립,0.14,0.09,0.59,0.14
ycmUaywcfvY,슬픔,0.0,0.04,0.01,0.89
SypDF2WE0AY,놀람,0.0,0.27,0.04,0.01
eolp0fNmH5c,놀람,0.0,0.41,0.04,0.01
_xDW-Z9sSrI,슬픔,0.33,0.01,0.0,0.64
7aWbPsLcKOM,공포,0.0,0.02,0.01,0.44
Rq-hQIMCeIc,놀람,0.15,0.02,0.21,0.21
VuB9PN6Wd-c,공포,0.06,0.08,0.06,0.35
WiPgaWEYzM4,공포,0.0,0.01,0.0,0.36
MoBwDCL5Er8,기쁨,0.34,0.25,0.0,0.01
bGn29w-2BzI,슬픔,0.0,0.01,0.03,0.85
Ie9FTB2_KN4,기쁨,0.8,0.04,0.0,0.0
9b91BczDC0A,공포,0.07,0.02,0.03,0.07
dgXLmS6U-Ls,기쁨,0.84,0.07,0.0,0.01
ZPYWQSKWKt8,슬픔,0.03,0.34,0.05,0.38
tUlaGA9_Wnc,,,,,
9cyjfr9PU_A,슬픔,0.1,0.08,0.37,0.39
SBx_-f68ixk,공포,0.0,0.0,0.0,0.01
FGp1rsDjjZk,슬픔,0.0,0.18,0.05,0.64
yxNg_BdypfI,놀람,0.0,0.0,0.0,0.01
Q0QI_xUtaKE,분노,0.05,0.69,0.12,0.02
lpxgtuxiEXc,슬픔,0.0,0.0,0.16,0.76
_OVYtYbyINE,,,,,
1OEci8uOm3o,중립,0.07,0.14,0.66,0.1
UT7UAjsK83Y,분노,0.09,0.53,0.05,0.04
29RKqIOlTKs,분노,0.15,0.29,0.22,0.06
Ej0IerxzV0c,슬픔,0.07,0.08,0.11,0.67
FqXuxi5cftI,,,,,
jyPGf9MxPKo,,,,,
SvxRqeHT9do,슬픔,0.0,0.1,0.12,0.7
vX6d7wU_jr8,분노,0.04,0.45,0.12,0.33
8tIWpG7uTcg,슬픔,0.0,0.13,0.28,0.43
B97FqB1aHeM,분노,0.0,0.97,0.02,0.01
XvtklkkyWE4,기쁨,0.71,0.08,0.19,0.02
0jJdKLuF45g,기쁨,0.6,0.0,0.1,0.04
w5GRRccVKQw,중립,0.01,0.04,0.76,0.18
8Er1N82naRk,기쁨,0.76,0.0,0.23,0.01
2YSo6vp64MQ,기쁨,0.96,0.0,0.0,0.0
ylH0S8ClPRw,중립,0.02,0.02,0.93,0.02
on0YvL5_YtI,중립,0.01,0.25,0.6,0.07
Eha3k35vkfg,놀람,0.0,0.01,0.0,0.0
zlpr_ioo_U4,슬픔,0.32,0.06,0.03,0.56
VFwOD-MU1R8,기쁨,0.38,0.09,0.11,0.34
aBKQVRG-CSo,,,,,
764O5i6kf_k,슬픔,0.19,0.12,0.25,0.43
8zKMLDqhU6Y,,,,,
n4fPwK9GQII,,,,,
SlTuYcdmIxE,,,,,
RKiQFVR21Ps,기쁨,0.97,0.0,0.01,0.01
bpOMEapE02A,,,,,
7JisjQKFABI,,,,,
dsuVESrNY7Q,기쁨,0.91,0.0,0.08,0.0
jbTO4gSkhjE,분노,0.01,0.94,0.01,0.03
7ic3-z1hL1w,,,,,
6bAV3ciqEuk,,,,,
3RHUhhSeLFM,,,,,
sHcIfYu0SL4,슬픔,0.08,0.02,0.16,0.33
UQygvMBe3rs,슬픔,0.04,0.02,0.3,0.35
Qk3QsPWgycs,슬픔,0.01,0.2,0.16,0.38
FdDl2nbV_u0,,,,,
ou_G6W3L_pw,슬픔,0.02,0.27,0.15,0.42
_7SakQ1NNCk,,,,,
9Z-0NtX6VGE,슬픔,0.15,0.36,0.03,0.43
eHwc90brlo0,슬픔,0.0,0.02,0.01,0.78
ZiguiNHfHo4,슬픔,0.07,0.07,0.06,0.56
w_OVoJLgPl0,놀람,0.0,0.11,0.05,0.01
1cFscHX3zUg,놀람,0.0,0.01,0.0,0.0
oXMweDWQJhg,놀람,0.0,0.0,0.01,0.0
aYCVRLZFT-U,놀람,0.0,0.04,0.01,0.01
dOagGAVrEv0,공포,0.0,0.0,0.0,0.0
1xMT9bzVaOQ,중립,0.25,0.07,0.48,0.09
RSznKiRMtng,분노,0.11,0.83,0.01,0.01
lNQIfUgZag4,,,,,
5-EcsCRHsW4,중립,0.19,0.1,0.45,0.12
y0qL0hDOw2c,중립,0.0,0.14,0.58,0.23
l-GZdnY8j_8,중립,0.0,0.06,0.76,0.18
3GkffOSboaU,놀람,0.04,0.07,0.19,0.03
AZ-0WW6ypQc,분노,0.03,0.47,0.09,0.22
ln0mLVgUMUU,,,,,
C6naI5vVBn0,,,,,
2Q1sM0kZV5c,슬픔,0.01,0.01,0.24,0.36
ZYzesOkz070,중립,0.05,0.1,0.51,0.19
M4490FEuEG0,,,,,
hRXtHch8zZA,중립,0.05,0.23,0.46,0.22
ugbI42-23t8,슬픔,0.24,0.17,0.03,0.38
2zP91bu3Yug,혐오,0.01,0.17,0.01,0.21
Y3jyWdKgLHs,기쁨,0.63,0.02,0.31,0.03
AgtAFjYMSvc,,,,,
HdZWLYiQWPw,,,,,
9FUHjaV5RZY,중립,0.05,0.3,0.39,0.19
rI2XMwctrw8,,,,,
3BJaZmxWhk4,중립,0.09,0.12,0.3,0.19
t65Gz3wS6-Y,,,,,
sbIirSj5JN8,,,,,
DPNM8xJFBwk,,,,,
HBV_KiopSxM,슬픔,0.0,0.07,0.24,0.4
JkhWKszPgW0,슬픔,0.0,0.07,0.24,0.4
C33w850z7dM,중립,0.01,0.11,0.57,0.24
MneYPNRlGVk,중립,0.01,0.09,0.6,0.16
gEbyPHKV-zk,,,,,
V7KB7-09TCU,중립,0.02,0.12,0.69,0.08
UCvR3rz_03U,,,,,
y8BY_EaNAvI,중립,0.06,0.27,0.44,0.2
M6IiKMRRczM,,,,,
sO0sFX-w7mU,,,,,
bGOsKhCjKNY,,,,,
cDEJXZMnyKs,,,,,
TVZMZs57FxU,,,,,
J0LJ4UEqXVw,,,,,
KZuSyMjtMNc,,,,,
SJCicCFb2ms,,,,,
AnR_yx6lrC4,분노,0.07,0.36,0.33,0.11
tOMi89SWP7c,,,,,
Tebkf1r7Cp8,,,,,
qqCZdgbMk5s,,,,,
yWJFVm2IL5g,,,,,
URL8BdaY4JY,,,,,
2vmfM3sniqY,중립,0.09,0.06,0.46,0.03
X59TUU16IKw,공포,0.02,0.18,0.01,0.36
pSU5m1GTkSU,,,,,
OjPlR8qC4ZM,,,,,
7sFayhOhjXE,슬픔,0.0,0.05,0.11,0.54
WlRgqa4YoBI,,,,,
gISnpac7K6w,,,,,
CskK_vLF8xM,중립,0.04,0.12,0.33,0.21
MQZuEnrEu1Q,슬픔,0.09,0.01,0.11,0.66
baM5NnHdp5I,슬픔,0.06,0.19,0.2,0.29
3bMMfwXnEMc,중립,0.32,0.07,0.47,0.11
Xp33ySS96cE,기쁨,0.97,0.0,0.02,0.01
TB7ymlbmHuA,중립,0.25,0.04,0.49,0.08
2L8LoWDd2ik,기쁨,0.42,0.04,0.35,0.05
bRPNRd3qQJQ,중립,0.26,0.03,0.47,0.04
-T4yruHjgUU,슬픔,0.09,0.23,0.23,0.37
lCWLYnyYeN8,기쁨,0.4,0.33,0.2,0.05
hFfQHkmZWhI,슬픔,0.14,0.11,0.06,0.5
zPs1ZCFlX4o,슬픔,0.31,0.04,0.15,0.48
XNYEcV4gdE0,,,,,
6DqnFRE-nyU,중립,0.09,0.06,0.54,0.27
cJW2beXVNdw,분노,0.07,0.37,0.33,0.16
3hQNXEi_KJQ,,,,,
suMgaaifwu8,슬픔,0.2,0.18,0.16,0.41
D88o2pL3llc,기쁨,0.78,0.01,0.08,0.12
eSPTQE26JMg,,,,,
Qyig7PJUE9Q,중립,0.1,0.02,0.51,0.27
JHTqyqdtVvc,기쁨,0.77,0.02,0.17,0.04
HItHywONMoM,,,,,
mxT0LD3oGO0,중립,0.0,0.01,0.65,0.18
G2P9AToZyGc,중립,0.01,0.01,0.9,0.09
tKkxr5ggUnU,,,,,
Kb0lpvOy-qs,중립,0.1,0.01,0.88,0.01
eD_5hcs71r4,중립,0.01,0.06,0.6,0.12
x1kRbjd2lNA,기쁨,0.98,0.0,0.01,0.0
mR5eTNJ0LgQ,기쁨,1.0,0.0,0.0,0.0
6DtXkj_Tcvo,기쁨,0.52,0.19,0.13,0.04
Op1VAzJfYqM,기쁨,0.52,0.19,0.13,0.04
_jNVkW2Fwm8,기쁨,0.52,0.19,0.13,0.04
mb38ogjYKUM,기쁨,0.85,0.0,0.11,0.01
Jw5vwGgEjG0,분노,0.0,0.55,0.14,0.3
wdOTY8tOvRA,중립,0.16,0.01,0.81,0.01
FIyfOE-KsOM,기쁨,0.72,0.0,0.27,0.0
2RkI5wLJXV0,기쁨,0.43,0.02,0.41,0.05
WnQRV6q503I,,,,,
cVkiDW5yG5Y,중립,0.32,0.02,0.59,0.02
47kGX4J41ds,기쁨,0.98,0.0,0.0,0.0
yVcYd04cpnk,기쁨,0.76,0.11,0.07,0.02
WpsYLikKK5E,분노,0.01,0.87,0.01,0.05
SggzObH8Gcc,기쁨,0.85,0.0,0.08,0.0
XT5hP6A315Y,슬픔,0.0,0.06,0.31,0.41
9GTvUUzun7Q,중립,0.0,0.03,0.83,0.11
TjCEljJ5E5o,중립,0.03,0.02,0.8,0.12
BcQ-_NeGrfY,분노,0.03,0.37,0.27,0.08
z4PGgFdBRF0,기쁨,0.99,0.0,0.01,0.0
749q5PtSB8k,중립,0.0,0.01,0.93,0.04
1l82hVlMirA,공포,0.01,0.06,0.17,0.35
mPZ1S5eBYOU,중립,0.3,0.01,0.43,0.25
i6v-KTovFeA,,,,,
kaDP_sqnk4A,기쁨,0.97,0.02,0.01,0.0
g5rmIu-SBIY,,,,,
IeL1IaOAPHM,,,,,
WdErBtsLRWs,기쁨,0.59,0.02,0.13,0.26
hce3zqor3pM,중립,0.0,0.02,0.55,0.26
6Q92DGgEaTc,중립,0.04,0.02,0.77,0.12
_W4S45_arDs,,,,,
amPl5r_X-H4,,,,,
M8ZGVnWuNB0,,,,,
e_bq-yTTGl0,,,,,
pYGzBw9Vk-Y,,,,,
86Uj83c5JRs,중립,0.04,0.3,0.32,0.28
Rgk-p1cB_l8,중립,0.19,0.06,0.32,0.17
boTPtM2XPSo,,,,,
Y9EFPx89tY4,기쁨,0.94,0.0,0.04,0.0
KlAVTevHG_E,기쁨,0.64,0.0,0.06,0.15
9JMLKzVf8kI,슬픔,0.01,0.1,0.13,0.5
zgclk8X5X-I,공포,0.12,0.22,0.16,0.1
UtC0_qI0hBk,슬픔,0.03,0.07,0.3,0.38
SVqoFPId73U,기쁨,0.91,0.0,0.04,0.01
h6hH9DscGt0,기쁨,1.0,0.0,0.0,0.0
F6zn6qr3Zcg,공포,0.07,0.33,0.01,0.17
cbIsbjp6skU,,,,,
ewfzO-j6v8c,중립,0.01,0.01,0.54,0.14
um0RhlEHHDw,공포,0.0,0.1,0.07,0.33
rWc6HIQnRco,중립,0.1,0.04,0.51,0.33
rHfIfsTIJf8,슬픔,0.0,0.09,0.18,0.46
WSQaOo2zGng,슬픔,0.01,0.03,0.23,0.71
ck21rzZyQAI,슬픔,0.16,0.15,0.09,0.57
8ly77_ZIaiQ,중립,0.0,0.02,0.55,0.38
rtUKsBPEx1I,슬픔,0.01,0.38,0.1,0.42
aUomvk0oORk,중립,0.02,0.04,0.63,0.05
3RfkynfA61I,,,,,
pttMrAhEt6Q,,,,,
3U7RWLnpw80,,,,,
4wzhY30jgLY,공포,0.0,0.13,0.17,0.08
J-UOo9tVGZw,,,,,
nuHtPVhnJs8,,,,,
ln_yBqateWs,,,,,
LRx3u0hZg7c,기쁨,0.86,0.0,0.08,0.0
Hzqwo5y8cFw,,,,,
h31bRucz_gY,,,,,
BxkYyBK7Oks,,,,,
xYpo0D-hrV0,,,,,
ocLhmDcR-GY,,,,,
Uu0Ri-Awh3g,기쁨,0.34,0.1,0.03,0.18
UUazi8BbBJQ,슬픔,0.09,0.16,0.11,0.36
Q0Qw6e27uZw,,,,,
Jk8qObYv2qM,중립,0.15,0.17,0.36,0.12
3Od7B9jkoaI,슬픔,0.14,0.33,0.05,0.37
2WBrLpR2-5o,,,,,
J3lBExo1DZY,슬픔,0.0,0.24,0.2,0.44
frDFtfuSyFQ,분노,0.0,0.89,0.02,0.04
iej7C7d-cvI,분노,0.0,0.89,0.0,0.01
DZ_WYjmFZeU,공포,0.04,0.03,0.02,0.04
93-7Io_CtAk,슬픔,0.0,0.01,0.01,0.91
IUDX15xM0AA,슬픔,0.06,0.13,0.34,0.44
R4PtLn1ju_Q,놀람,0.07,0.03,0.02,0.01
CXxWAz2jWUY,슬픔,0.07,0.06,0.18,0.57
3jq1-20rbU8,중립,0.07,0.05,0.42,0.18
xd9-WzcgGa8,슬픔,0.0,0.12,0.13,0.41
qNwgb13Tgic,중립,0.1,0.03,0.54,0.24
rSh9wE9Z6Ts,중립,0.01,0.0,0.94,0.04
xvgaHRzFiho,슬픔,0.0,0.13,0.28,0.33
avJUWBjmLpQ,,,,,
GuEk10gRjb4,기쁨,0.99,0.0,0.0,0.0
ZC0HAJh3mRI,중립,0.18,0.01,0.68,0.09
vXegeaQInXM,기쁨,0.71,0.0,0.03,0.0
vXll_B3bFXw,기쁨,0.91,0.0,0.09,0.0
B5NWuJDq81U,기쁨,0.92,0.0,0.0,0.0
BEky-56vlq8,기쁨,0.89,0.0,0.1,0.0
BCfvXFe5Xas,,,,,
i9LxHrawA1A,슬픔,0.04,0.13,0.07,0.61
jGhlIkmtPMk,,,,,
WrhDcSiuKYg,,,,,
AeSmMgQNa0Q,놀람,0.16,0.02,0.3,0.08
lc3O8ulAfpY,중립,0.02,0.01,0.79,0.13
RRRoGS8xVvo,중립,0.1,0.01,0.83,0.05
iat9SmeVcE4,,,,,
1BuHVoAHdC8,중립,0.06,0.03,0.81,0.09
DM1k6D03EVs,중립,0.41,0.0,0.55,0.02
lc7KQ7vbdIU,기쁨,0.85,0.0,0.13,0.02
g02z7Tz7Nbg,중립,0.07,0.0,0.82,0.1
MuPsaINB2jk,슬픔,0.04,0.22,0.17,0.49
C8VeWMJ3X1U,,,,,
BPLiLb755cI,,,,,
67H9vXWrk5I,기쁨,0.96,0.01,0.01,0.0
Y3D8u1FQWhI,,,,,
Qo1K3mYm0kI,중립,0.03,0.06,0.7,0.17
W7th1PdlP-0,,,,,
k6542qjHLYk,기쁨,0.45,0.11,0.19,0.05
tHBp_3dk7H0,,,,,
PCvvuv3IFpw,,,,,
Xwu1tKYjQxY,,,,,
MgPO26Ukpg4,,,,,
cV87BXFRTns,,,,,
IY7cgwTlhrI,,,,,
d7kveqd-2D4,공포,0.0,0.08,0.28,0.21
wmii0Ph4DVI,슬픔,0.08,0.09,0.32,0.34
PnULYWMmECg,슬픔,0.02,0.19,0.23,0.41
Ib18ab1kyp4,,,,,
XNpqwBvQtcM,,,,,
TvwKP2quJ6U,중립,0.0,0.04,0.8,0.04
gnipCcfAjw4,중립,0.0,0.01,0.95,0.02
-2NP4S1NtGA,슬픔,0.32,0.0,0.08,0.59
R__GAOE6GX8,,,,,
em1ixphi2o8,기쁨,0.64,0.0,0.35,0.0
NJN2TL68M48,,,,,
liovRF8pjA8,기쁨,0.55,0.04,0.0,0.03
BN9oaRiTJdM,분노,0.21,0.3,0.12,0.3
Y0HUn-XFgaY,기쁨,0.68,0.0,0.32,0.0
WTHr4eEN2T4,슬픔,0.01,0.03,0.37,0.55
p00Se71zmI8,,,,,
6RTrCie1--Q,중립,0.45,0.01,0.49,0.05
_c3tRS388bU,중립,0.0,0.03,0.85,0.08
7FFGpYhaPnY,,,,,
8ZIgQylS3QY,중립,0.39,0.02,0.56,0.02
NI4p8iDKRKg,,,,,
0CIKkGn74p0,기쁨,0.65,0.16,0.11,0.05
Y8ABSlF9ogI,,,,,
wcvkFkYgsGg,분노,0.0,0.55,0.07,0.14
IVRLpzCDvWI,,,,,
mchqD0GomOc,,,,,
K1nlzR2xl40,,,,,
vcdOxLtGX7k,중립,0.23,0.0,0.75,0.0
tPosMxb_8h4,슬픔,0.06,0.03,0.25,0.52
jo_HsA-0ENQ,,,,,
uZo1-316Jw8,,,,,
n9J87Ilcbv8,,,,,
1Fq7gmsh59c,,,,,
8JPpiBCpsyQ,기쁨,0.94,0.0,0.01,0.0
cE_zqGd_a3U,기쁨,1.0,0.0,0.0,0.0
hp7A9IzpEzo,,,,,
V5jTwBvNWOw,,,,,
-p6K59MTD30,,,,,
-9FJWK8hSyY,,,,,
fFBYwC3c8IA,,,,,
uqwzxT3YRjs,,,,,
2rh1MPHgEjM,,,,,
D-Ep0UOB-5s,,,,,
yxQFmwQQlYc,슬픔,0.07,0.04,0.18,0.52
Z5maza7vh8s,중립,0.26,0.21,0.28,0.05
iHmlSyY5DSk,중립,0.04,0.08,0.8,0.04
_a8ONuwaFkI,,,,,
HdbxSpjStxQ,,,,,
JEn4J7JiPfw,중립,0.03,0.36,0.51,0.08
kAoxjSgYO0w,분노,0.03,0.48,0.17,0.15
IVHtwA8dMk8,분노,0.03,0.48,0.17,0.15
w_sGJ-gn3nI,분노,0.03,0.48,0.17,0.15
qgVPiV7km0I,중립,0.07,0.14,0.43,0.22
DSqcIM2l424,분노,0.03,0.48,0.17,0.15
zzLCi7ozj3Y,중립,0.04,0.33,0.53,0.08
ZlmvdkEAh7w,중립,0.04,0.21,0.34,0.31
jFTwkYHgf7I,,,,,
JEf1iC9lZzo,,,,,
P0_GRiLMfN0,,,,,
KM1ZVHrpWuU,,,,,
n5JEk0zhtuI,,,,,
wOAwsJF5KNU,,,,,
DrHcV2X_RJg,,,,,
3HmnGihVvBQ,,,,,
LNKi_HZZfeY,,,,,
FZEQZA2J2rk,기쁨,0.3,0.25,0.26,0.08
6Te-WUm3CQY,공포,0.29,0.19,0.06,0.16
kXfvX19Cyxo,,,,,
A8p8eGpC2fA,중립,0.21,0.21,0.41,0.13
XwHZcFrm7SQ,놀람,0.2,0.08,0.26,0.09
AlG4pQpfkDE,기쁨,0.9,0.0,0.07,0.02
7DS1ePvVW1Y,기쁨,0.99,0.0,0.01,0.0
zWch5i3o28o,,,,,
wcJjd6p5Jcw,기쁨,0.57,0.01,0.37,0.02
8AsPkbkdpkc,,,,,
NpTQNmHPXc0,분노,0.04,0.5,0.03,0.3
KAVII6pVeb4,슬픔,0.01,0.14,0.1,0.64
ERLZRDGZfVs,중립,0.09,0.01,0.64,0.16
MZlYAFyxnXA,중립,0.01,0.15,0.46,0.16
PH4zKvBSR_0,중립,0.07,0.04,0.73,0.08
un-LmNY5pIs,,,,,
Wu4EXf2_stI,중립,0.09,0.04,0.79,0.06
JRCwBoqZ_1Q,기쁨,0.99,0.0,0.0,0.0
NrFR-1ZKxqk,기쁨,0.58,0.02,0.38,0.0
rwBwSnt7EcA,중립,0.22,0.03,0.37,0.11
uoHZd4QTdiM,공포,0.28,0.03,0.15,0.06
h6WPdhHSN10,,,,,
eqMjM1FccSA,중립,0.08,0.08,0.42,0.29
vL73-MWONoM,중립,0.01,0.08,0.65,0.02
lq4LP_tR6h0,슬픔,0.2,0.01,0.14,0.26
Nwv7eUZm1wM,중립,0.0,0.09,0.57,0.31
dyvLZ42esb8,중립,0.13,0.06,0.36,0.14
F4cAJQeiMw8,슬픔,0.11,0.1,0.18,0.44
94625DbU3Vw,놀람,0.01,0.01,0.02,0.0
wsA9BjVeb_0,놀람,0.0,0.0,0.01,0.0
wlcKHhIvXA0,공포,0.03,0.02,0.04,0.1
7glf3Olrnv0,분노,0.01,0.42,0.16,0.32
oUglg3ZsnK0,중립,0.0,0.13,0.5,0.12
vExFiJz2wnI,기쁨,0.96,0.0,0.03,0.0
r6VBE-rK0Y4,,,,,
WMUDfRdEtcU,,,,,
P9xHo7fpFjo,분노,0.32,0.36,0.09,0.12
KLLenEKAbXo,,,,,
-rKVWmk2fBo,공포,0.03,0.12,0.04,0.13
EBL5Bwvq0mA,,,,,
zB-QglOHKCU,기쁨,1.0,0.0,0.0,0.0
C1o4kFJTx4g,공포,0.06,0.26,0.01,0.32
Sd6nbdDsNTA,기쁨,0.68,0.1,0.02,0.06
Ep_b5HVrGbY,,,,,
7PpU2VMXFiQ,기쁨,1.0,0.0,0.0,0.0
pDn-DwW6Tjc,슬픔,0.02,0.06,0.23,0.39
MW6QGxIYehk,슬픔,0.0,0.04,0.26,0.29
SsM4xh_Tqh8,공포,0.01,0.19,0.25,0.12
SwvGK3H3QXM,놀람,0.06,0.19,0.1,0.14
3GSM9wiOB2M,슬픔,0.07,0.15,0.17,0.54
OaRVMcZgtk8,분노,0.03,0.36,0.1,0.24
uX7EACEZrxw,기쁨,0.88,0.01,0.08,0.0
yxRbJgXrlwc,분노,0.0,0.71,0.03,0.02
MpTflH3U5cQ,기쁨,1.0,0.0,0.0,0.0
SOlEGxVD9Cg,,,,,
HmI02BlwMME,,,,,
O5sm1ni6e8s,중립,0.0,0.03,0.9,0.06
1lHze1-otj0,중립,0.17,0.01,0.42,0.18
DOd4-VWWnZY,기쁨,0.98,0.0,0.0,0.0
3NfifUtDckE,놀람,0.16,0.09,0.0,0.02
3tihcawZOhg,놀람,0.0,0.01,0.01,0.0
gfjvGy3PDGQ,기쁨,0.48,0.07,0.17,0.21
spD5r06_Ty4,놀람,0.03,0.02,0.27,0.11
QPmLYYU4rLI,놀람,0.12,0.08,0.0,0.0
TOeb5bUB3aw,슬픔,0.01,0.05,0.28,0.31
jvK8Us2kf4E,분노,0.0,0.46,0.07,0.27
nlFJZJAs7Zw,중립,0.03,0.05,0.4,0.08
yx-94m-nllI,중립,0.44,0.0,0.54,0.01
3Dueg1hKwig,중립,0.21,0.11,0.55,0.1
w97N7r9v9n8,중립,0.0,0.19,0.52,0.27
rWY5H4ee-lE,슬픔,0.0,0.08,0.14,0.35
Jle0DfvshQ4,중립,0.0,0.1,0.8,0.1
TYDe4hqoTC4,,,,,
zA22Ydd2PrQ,분노,0.0,0.69,0.09,0.13
W5zdYbzFTfs,분노,0.03,0.55,0.01,0.21
49reWbKaKTU,중립,0.06,0.01,0.83,0.07
vN8ODRseg7w,,,,,
x6QQxwClR8s,,,,,
RMjDG24lS8c,중립,0.01,0.11,0.52,0.31
Zd60m9ee9Ts,슬픔,0.05,0.16,0.08,0.47
Y3PgT1e5G8o,슬픔,0.04,0.27,0.25,0.28
s28GUCLCQ1k,슬픔,0.01,0.1,0.3,0.49
fQMJjXnhmUk,,,,,
6j5rvGhi2fk,,,,,
OzF4BF5DoqQ,중립,0.01,0.08,0.41,0.18
eLnluRu5Np4,기쁨,0.73,0.01,0.03,0.23
VoGPsXji-AQ,,,,,
JsRm7E5TVvs,기쁨,1.0,0.0,0.0,0.0
Lzv5V-kXzec,기쁨,0.93,0.0,0.06,0.0
DeMJMqVuFRM,,,,,
QnhVP5TNQIE,기쁨,0.99,0.0,0.01,0.0
GeL7fyMfWRY,기쁨,0.72,0.01,0.11,0.12
3s5LZkcVyTQ,공포,0.37,0.05,0.03,0.05
YsR0uDpBTzo,기쁨,0.71,0.05,0.0,0.05
YwkkRz1PPaU,기쁨,1.0,0.0,0.0,0.0
oJdFO4JCYJQ,기쁨,0.75,0.08,0.0,0.06
U52ytm_zafM,기쁨,1.0,0.0,0.0,0.0
iA-sub0WGrY,기쁨,0.65,0.0,0.33,0.0
FZZ4Zbf4rdM,,,,,
vJ99-SpOayA,중립,0.03,0.08,0.56,0.27
ATDwJcWGMHY,,,,,
NykxQtm-bO4,중립,0.03,0.18,0.32,0.16
z3NSGwtp42s,,,,,
bJsYbiHuXd8,공포,0.13,0.04,0.07,0.28
Zv7uIPe8xjM,분노,0.0,0.97,0.01,0.0
MFKymOVtbLM,놀람,0.38,0.09,0.02,0.0
8y8nWuNT734,중립,0.01,0.04,0.67,0.17
g-8oftMIFpg,분노,0.0,0.43,0.0,0.13
fasRGwm9J5g,중립,0.02,0.11,0.51,0.11
afpywkOExvk,,,,,
wb6awv4I1MQ,,,,,
MxhYkyjCzUI,,,,,
dps8-bGHMSU,,,,,
QVv1VQwrv5s,기쁨,0.52,0.29,0.04,0.02
FO-_YLfMO_4,중립,0.01,0.06,0.63,0.18
WcWMTCiXFI8,,,,,
DZSUodxLWls,중립,0.0,0.04,0.84,0.04
4g02wo4IdKk,중립,0.01,0.05,0.81,0.08
-PpPQxCdpbc,중립,0.0,0.01,0.92,0.04
Om6GC8JPgEI,중립,0.01,0.02,0.93,0.02
k3UjrhmlqYQ,중립,0.01,0.0,0.93,0.05
yEyyOatumAs,,,,,
cEGM6IOL5Qg,,,,,
9oI1EzW78mc,,,,,
H8j8eh40VgI,,,,,
1wjPM0_F4PE,,,,,
D6NNRz7FMQM,공포,0.0,0.15,0.03,0.03
2__H8835vmo,슬픔,0.19,0.04,0.11,0.54
C2DjETjHTtY,기쁨,0.99,0.0,0.0,0.0
Gae0viviFiA,,,,,
epTwJRp9MaU,,,,,
DrJs_z04sCc,놀람,0.11,0.01,0.04,0.01
nwJXubHLXzY,,,,,
S3AvpHS9-xs,중립,0.0,0.03,0.68,0.08
h6u-VUqHPk0,,,,,
hl4SWwAwpFI,공포,0.04,0.21,0.11,0.13
scQFfgValjw,,,,,
n3_vjzzLU84,,,,,
PW9Zx7SfoHc,분노,0.0,0.49,0.17,0.27
tzG3ebgWyZg,,,,,
V0LKg0q0qWU,분노,0.13,0.43,0.2,0.14
dHArIKqTh5o,,,,,
wA0zC4zv2GQ,슬픔,0.0,0.01,0.13,0.79
FpBWNIzrQlg,기쁨,0.87,0.03,0.02,0.03
jUJUZAsw66k,기쁨,0.77,0.02,0.13,0.04
Vd59ub9VHhg,중립,0.02,0.01,0.86,0.11
4YQL5adVizc,기쁨,0.86,0.02,0.09,0.01
14vn1wjOtoM,,,,,
AnWZBxn_BDI,기쁨,0.77,0.0,0.2,0.02
esa5yQO9gp4,,,,,
kC9oPnZUPzE,분노,0.0,0.53,0.01,0.29
QyGEjm0P-ps,기쁨,0.45,0.14,0.18,0.1
dGk4jTzIExU,슬픔,0.0,0.3,0.15,0.48
_hbF40v_S0k,,,,,
9gHtgXv0whk,,,,,
yOYJ0ectwVI,,,,,
wHnqvmTqYR4,중립,0.02,0.26,0.45,0.15
yabnBDEEirs,,,,,
uFy9MCZSi9w,기쁨,0.4,0.18,0.09,0.11
DfQNu7I2Rfs,분노,0.04,0.46,0.11,0.3
fM5_IkVTT7s,기쁨,0.91,0.02,0.01,0.05
qEnDWhFXgn4,,,,,
gonrs7I-Vwc,중립,0.01,0.01,0.77,0.15
t3elqm2xVIA,기쁨,0.96,0.0,0.04,0.0
dd91hS98UN4,중립,0.01,0.4,0.49,0.04
ip93kZWk5lo,,,,,
mXB-nf_Ls_Y,중립,0.02,0.27,0.63,0.06
pKU-1t-pF68,중립,0.11,0.25,0.5,0.12
BxcoyJT7kbk,,,,,
fsLhRnK-7Wg,슬픔,0.08,0.17,0.23,0.49
slyPVIckjv8,기쁨,0.31,0.2,0.17,0.1
TwZrkJ15_nE,기쁨,0.7,0.01,0.21,0.01
g0p7XlEotgE,중립,0.0,0.05,0.66,0.25
TLmQ3aeAJFM,기쁨,0.99,0.0,0.01,0.0
LUbIDixWBZU,중립,0.04,0.06,0.75,0.14
4IhLfIbGRo0,기쁨,1.0,0.0,0.0,0.0
vklXYd2XgDs,기쁨,0.95,0.03,0.0,0.01
SiRqf6DfPLI,기쁨,0.78,0.0,0.2,0.02
6JSt-c5Qipw,,,,,
JvwHZRfVs7s,기쁨,1.0,0.0,0.0,0.0
oGZiA9x2Ci0,분노,0.05,0.57,0.1,0.09
QRx-f0E4bcU,,,,,
bF59eTxm9cg,,,,,
HuIGXH3xyl8,,,,,
J7AptGB4QT8,슬픔,0.28,0.17,0.1,0.32
fWpAsT_m69w,,,,,
Vnr3oh1TKwA,,,,,
WMYjJwIiGNw,기쁨,0.62,0.0,0.37,0.0
Fa-7sCzqzFk,,,,,
ikcIaQBueRU,,,,,
x6Fl5SsmLwI,,,,,
-x-DJM-t4uA,,,,,
urMBv6h0WJo,공포,0.01,0.11,0.02,0.1
ds_v7M7ByoQ,,,,,
AxD_m2qKfLs,,,,,
2UJxgbK2RL0,분노,0.12,0.78,0.01,0.04
ui-9Xpwahdw,,,,,
u4XZNntWP9c,,,,,
4bs0XfK9YQg,,,,,
1h-fTWRBhPM,분노,0.02,0.49,0.02,0.26
pt2VQaPQS7g,슬픔,0.02,0.22,0.1,0.53
RBMzE2K3S94,,,,,
dGBf1ZI3haA,,,,,
h7MA3qKncX0,중립,0.3,0.06,0.33,0.2
aYdRyn3gnpk,기쁨,0.79,0.02,0.05,0.01
TrxsH7oc25Q,,,,,
a-OnnFAMjO0,슬픔,0.01,0.1,0.08,0.77
FA-v8scEj1E,,,,,
18MB9UCQ1hs,,,,,
gIY7DrSclQk,,,,,
fcwUDi4dIk0,분노,0.0,0.62,0.02,0.15
xunyXempa54,분노,0.11,0.51,0.07,0.06
Vu7QMo-qDTQ,,,,,
BZHxGYGffcY,,,,,
ul88CN9JvFE,중립,0.0,0.24,0.31,0.11
SXc6FzN5lUQ,기쁨,1.0,0.0,0.0,0.0
rMJ67sAuHmA,분노,0.0,0.5,0.04,0.13
5nVqCih6rTo,,,,,
tlvIN4aCZDI,중립,0.0,0.0,0.99,0.01
udNdstVXWiY,기쁨,1.0,0.0,0.0,0.0
0i_Sp7FfFu4,중립,0.02,0.24,0.45,0.05
_aMNX42a0QQ,,,,,
j2bKLj8WR2g,,,,,
8V85n4LDz_E,,,,,
IlZE-KaI5Rg,놀람,0.01,0.07,0.03,0.01
CtVVskGYv60,,,,,
M000KyX_FUE,,,,,
TFvSO0H40Ag,,,,,
4E4JPf8q-YE,,,,,
J_iIDqPZb94,기쁨,0.59,0.02,0.1,0.05
UjJilC4kk4A,중립,0.25,0.04,0.61,0.08
RZrxUeiP83Y,중립,0.0,0.0,0.73,0.13
vZmsvb8VADA,,,,,
dyoRjlizwic,기쁨,0.76,0.04,0.02,0.14
l7jCPqzojyA,,,,,
McjZTmUTUOA,분노,0.07,0.46,0.08,0.33
qPyP4Qc7sKs,,,,,
mNpTBGqIRxc,,,,,
Fpx0hbIpB4Q,,,,,
nH8T2JhbZQk,,,,,
NuYm1lLEtxk,,,,,
3eUdQ5ImLec,중립,0.18,0.03,0.55,0.2
nXXBgYkWCBU,,,,,
pkZwCDpgbsE,,,,,
sK1E2g06P0k,슬픔,0.14,0.02,0.26,0.37
ApnpGqx8ccc,,,,,
Uf3KEnCJw3E,,,,,
Iw1vb-Sq6vo,,,,,
17xm_m8Nl6A,,,,,
S90Z0NIzPo8,,,,,
8Eon2aUCdWc,기쁨,0.68,0.04,0.05,0.21
KQDnJ9Q98ZI,,,,,
bGxgzfeeKfE,중립,0.16,0.05,0.53,0.14
3jC6Fc9WB4A,중립,0.13,0.04,0.43,0.2
pvDTb--oCKk,,,,,
mxUNOXsLmfA,,,,,
tpha-kfab-8,중립,0.13,0.2,0.42,0.11
z9I2RIXS-XA,,,,,
pqpP2wpJSis,,,,,
uXK3iPTYQXA,,,,,
65KMXwIzH8o,중립,0.01,0.2,0.55,0.06
EXpyjJULoiE,,,,,
t0G8FK0DxoQ,,,,,
Cfow5DnXA2c,중립,0.06,0.14,0.45,0.32
HYkdsY27PK8,,,,,
5Ebr4kQJk6g,분노,0.0,0.46,0.23,0.25
w75C1SsTRRc,슬픔,0.03,0.04,0.03,0.84
CfVGiHTd6Kc,슬픔,0.38,0.04,0.06,0.48
lrL3_kWcSj4,,,,,
CmwfVfzkue4,,,,,
o6BR47b4nqU,기쁨,0.97,0.01,0.0,0.0
QXSG2V2nuaM,기쁨,0.94,0.02,0.01,0.02
lMskjRfSBJc,기쁨,0.97,0.01,0.0,0.01
PyrJtIkJLsE,기쁨,0.97,0.01,0.0,0.01
LkokE7f3qkg,기쁨,0.97,0.01,0.0,0.01
K_quI_5-b8I,기쁨,0.94,0.02,0.01,0.02
HvuKPiHgHLo,,,,,
cmgCFRUQLXI,,,,,
v-PfepPsSUs,,,,,
WTetr_o5Lq4,중립,0.0,0.01,0.59,0.37
E3tLwRIIMVw,중립,0.01,0.06,0.46,0.39
GW_a2JocwIc,중립,0.02,0.0,0.93,0.03
C2094JepiPk,,,,,
E6tB-u-GiL8,,,,,
zfbAQBi_I60,분노,0.0,0.86,0.02,0.08
BK9Ctnsgvdg,슬픔,0.03,0.3,0.02,0.48
SiYVCL65GGU,분노,0.0,0.99,0.01,0.0
0iU3P5k2duI,슬픔,0.0,0.08,0.4,0.43
qrBVXG6XiZM,분노,0.0,0.53,0.4,0.05
FlM2OitUZzY,분노,0.0,0.75,0.01,0.12
FTzKChIsbUU,분노,0.0,0.96,0.01,0.03
C7dYM5rNUv8,분노,0.01,0.52,0.3,0.11
iK1UkMfzxXY,슬픔,0.0,0.0,0.01,0.81
tVQQKxsJEOk,공포,0.0,0.26,0.04,0.06
QJS_S_6CX3o,슬픔,0.03,0.26,0.27,0.33
5YyfohE3cuU,분노,0.0,0.43,0.35,0.14
HGScvQDvh90,놀람,0.0,0.19,0.0,0.07
5B6qWgWt3yk,공포,0.0,0.04,0.09,0.37
tpGUwstaEbs,중립,0.0,0.14,0.48,0.32
aOwwBpSVX7w,기쁨,0.66,0.13,0.15,0.05
C3C4JAHQAy0,슬픔,0.04,0.04,0.24,0.59
lvvFUiy8c80,,,,,
HIHvscex6f0,기쁨,0.73,0.17,0.02,0.04
eexdIYIfsFo,기쁨,0.56,0.16,0.11,0.16
19xSqnCdutk,슬픔,0.01,0.1,0.17,0.39
HVltX3gxbPU,중립,0.13,0.15,0.53,0.1
wiqMY8kUloU,,,,,
vyFO_IJPdmg,분노,0.01,0.53,0.36,0.07
wRvuToCi-Lk,,,,,
USTXmmAo1xA,중립,0.02,0.08,0.71,0.18
cKP6D30zSyU,,,,,
5MdFoewIsIM,기쁨,0.68,0.02,0.16,0.09
jCrzO45GVB0,,,,,
Xq9oj2b668E,기쁨,0.99,0.0,0.01,0.0
IEbCXs2OTJ0,공포,0.06,0.03,0.32,0.08
YC2VL4BL_m0,,,,,
c5w_tSYXeZg,슬픔,0.01,0.37,0.05,0.49
1bOEpnGV2JU,,,,,
Mcg9E9FuBSE,분노,0.08,0.38,0.28,0.07
zCPkJvecGB0,,,,,
2LEHgTyqJrU,기쁨,0.97,0.01,0.0,0.0
UZij_WOW_mI,공포,0.03,0.24,0.08,0.24
jklc-uWUDi8,,,,,
tOqOQR9OCZg,중립,0.1,0.04,0.65,0.1
97HIzB0570Y,,,,,
kd5gF1T0N0w,공포,0.27,0.03,0.0,0.13
-d_1PSRcz3k,,,,,
Xwc9ZRETz4g,슬픔,0.22,0.03,0.27,0.46
pZH23syB4pY,기쁨,0.45,0.12,0.14,0.26
s0mZsRcwEj4,,,,,
0GdSZ3oWoHs,,,,,
a7CgtfqcJoU,슬픔,0.0,0.17,0.29,0.37
AOlwL2lZomc,,,,,
Qc-YiMxlbco,중립,0.0,0.0,0.79,0.15
UQBajf88fEM,중립,0.0,0.09,0.73,0.12
-65p10bDyII,중립,0.02,0.03,0.94,0.01
7gqXAy_Z3Io,중립,0.0,0.03,0.49,0.4
OeU5sWrP_Bo,중립,0.0,0.0,0.99,0.01
_fUhyndyNAU,중립,0.0,0.01,0.95,0.03
zuhThydHnKo,중립,0.0,0.0,0.95,0.04
taq-7WzEP8Q,기쁨,0.91,0.0,0.08,0.0
ledUG0WDkiQ,공포,0.05,0.03,0.21,0.31
X86CUCPPa58,중립,0.01,0.04,0.89,0.02
ltY00X-s9F0,중립,0.03,0.37,0.49,0.06
0YM9cjQjjIs,,,,,
BCKMVcvb0Mg,중립,0.06,0.17,0.3,0.16
OIfVNIy9Iac,,,,,
It3iO-dGQlU,,,,,
tuMC7DZAr44,기쁨,0.38,0.03,0.38,0.11
R7CxhBJxbmw,기쁨,0.53,0.03,0.31,0.12
c8oQc4_Cw1o,중립,0.01,0.27,0.3,0.28
i7Haf5LG28Q,,,,,
gCXeuNORHcc,,,,,
Ebcllhji-Cw,,,,,
RD3buhJmqOg,,,,,
gB31ePrak5k,,,,,
OGgLHa7ziMw,기쁨,0.35,0.12,0.31,0.21
omlkkL8IiJI,,,,,
EgLFLO5ymbY,기쁨,0.81,0.01,0.02,0.04
HI8d4-sFS04,슬픔,0.07,0.18,0.05,0.42
qx_DWxeVfrM,,,,,
yzfrTtH0REI,,,,,
AnwPRztipxM,,,,,
eTuUdRDd0Vs,,,,,
lXutlcuI9C8,,,,,
ja-GSMYmxlU,,,,,
5z3ZOqYWAMw,,,,,
b0-OrsqgrC0,,,,,
DWfEFU7bhIE,,,,,
9tI2FJMhypo,,,,,
7fNN4lf6_sY,,,,,
8mIbX4OV3_g,,,,,
fRF7RENuA6M,,,,,
n-DgfJxN534,기쁨,0.48,0.05,0.15,0.21
cOHEgs3sQgw,공포,0.12,0.07,0.18,0.2
uS_NSd1mWxU,중립,0.1,0.08,0.63,0.06
2ioqh6-xRog,기쁨,0.5,0.05,0.16,0.27
th6ZiV0O13A,,,,,
S6EYmlgNjWQ,,,,,
cz55KmJaUPY,,,,,
ZPacOTiOSI0,기쁨,0.46,0.12,0.23,0.15
grzD-p6Eou8,중립,0.33,0.01,0.61,0.02
POoOhnPAF0c,기쁨,1.0,0.0,0.0,0.0
TOR7qSJUvos,기쁨,0.74,0.15,0.0,0.01
K03X4Chnf90,기쁨,1.0,0.0,0.0,0.0
Pj7CC-ao2iA,슬픔,0.03,0.02,0.1,0.49
tDtID0X4Ms8,슬픔,0.04,0.02,0.29,0.62
j0ZGtCd9ZoI,슬픔,0.01,0.38,0.07,0.41
GXqMAK06tZg,기쁨,0.99,0.0,0.01,0.0
2_rKhP5DSKE,중립,0.0,0.09,0.74,0.14
-oJVLqvIWQg,공포,0.22,0.17,0.22,0.13
bxhQ21ureo4,중립,0.2,0.19,0.39,0.18
e9TEpksyvkY,,,,,
xzByNZpMI7w,,,,,
Y9bTCCQRs3g,,,,,
Mth2aQO9WRM,기쁨,0.79,0.11,0.01,0.06
IDshNUGteOQ,,,,,
QhC3IOf6n1U,,,,,
yDiDM3aGeO0,기쁨,0.54,0.08,0.3,0.08
JQZrmWUV66I,슬픔,0.0,0.19,0.01,0.45
FjbMnCwB9l4,슬픔,0.23,0.13,0.08,0.3
MgUkJXQ3_k0,슬픔,0.0,0.01,0.38,0.5
HEDb1DrmBSo,중립,0.0,0.02,0.64,0.3
Unl_verxQyY,중립,0.01,0.1,0.59,0.26
vNfjqcPNkHo,기쁨,0.84,0.0,0.14,0.01
a6LeOsGBBWA,중립,0.01,0.1,0.69,0.15
MLBc3SZ1wqk,슬픔,0.0,0.07,0.38,0.52
RjszoguuWfU,,,,,
tixxus8GiEk,,,,,
EnPSxLP1AVc,,,,,
T626HAAJ7D0,슬픔,0.16,0.18,0.17,0.4
1rHQU7Lztis,슬픔,0.06,0.23,0.17,0.35
2Vu6fX1BoCQ,,,,,
diFQ0SGYNRo,슬픔,0.04,0.22,0.16,0.31
FTQ9xQDoDvI,,,,,
uIHMuzXwF-U,기쁨,0.33,0.03,0.23,0.11
z3p5l3aVOyw,,,,,
KjxFW0Gt7xo,,,,,
PQ1U7jRCvSg,분노,0.01,0.46,0.08,0.34
jNn7hvyBSYs,공포,0.0,0.21,0.01,0.01
8VY3bojHrLc,기쁨,0.82,0.05,0.06,0.02
DDqO2icctNw,슬픔,0.02,0.01,0.4,0.42
jzQVO7w3j0c,,,,,
4bk2x4ty488,,,,,
fIt9QCpghZQ,중립,0.01,0.08,0.61,0.22
wVBkD9aoRBY,분노,0.2,0.44,0.06,0.11
H8Gpc5neGRU,,,,,
TLlbQcgJ1gk,,,,,
IlCLNg1kRKA,중립,0.0,0.09,0.78,0.05
O6JPHAlvxbw,중립,0.09,0.28,0.36,0.25
CueQ4xn5OG8,중립,0.11,0.05,0.43,0.32
cmzZ-kRPMgw,,,,,
ETvTir66WZI,기쁨,0.84,0.01,0.13,0.02
kcdWtLF3WyY,슬픔,0.13,0.3,0.1,0.39
O7mkUJvQ4xo,슬픔,0.0,0.07,0.08,0.56
nStJguoTAD8,,,,,
iVO0WJTBaXo,,,,,
zQZ5gSeMUs4,,,,,
XEFKLtOF_X4,,,,,
RB3euBtHXRk,,,,,
PxyA5FIoj7Q,기쁨,0.48,0.03,0.35,0.13
q5cK1HTTeaM,기쁨,0.59,0.02,0.28,0.09
MVqu43sXcO4,기쁨,0.44,0.03,0.28,0.23
klrQmbLkuuo,중립,0.44,0.02,0.46,0.07
HPPdNIvu6iY,기쁨,0.6,0.01,0.26,0.12
EtwCdnPpnZ8,기쁨,0.51,0.01,0.37,0.09
P4zeF_xQfrU,중립,0.35,0.02,0.41,0.19
dPzP7RpIYm8,기쁨,0.56,0.01,0.32,0.1
ywNM51AoqRE,기쁨,0.48,0.03,0.32,0.14
k89fgGQGyhU,중립,0.23,0.04,0.45,0.23
en-i0mUK7ss,중립,0.01,0.05,0.64,0.19
nrX961S78jk,놀람,0.0,0.0,0.0,0.0
9IpLbzCCN2w,놀람,0.02,0.02,0.14,0.01
PVp3t058kko,놀람,0.0,0.0,0.0,0.0
Z-q595gwnxY,중립,0.0,0.03,0.53,0.32
OCt9ysEJLRU,공포,0.0,0.04,0.05,0.07
5OebDZ9GKk0,,,,,
LQsLOV7xm8k,슬픔,0.0,0.05,0.11,0.55
wkv7zTYoAT4,놀람,0.0,0.0,0.0,0.01
LPzQ29wl-lY,공포,0.0,0.0,0.01,0.01
PEl2XHLRQ-c,기쁨,0.38,0.03,0.2,0.32
UV_d1cJM998,기쁨,0.72,0.01,0.07,0.02
M2n-zEclIwI,중립,0.16,0.06,0.6,0.15
vq637TLUd9A,분노,0.01,0.44,0.34,0.1
2KdUPsMCEXA,,,,,
RbqtQuha3pQ,슬픔,0.27,0.03,0.32,0.33
j_ZnTAzOI7Y,,,,,
NFRefNZYUQE,,,,,
jJOewHCnDdY,,,,,
FqWU5q-gpP4,슬픔,0.06,0.07,0.29,0.51
GZqvYOrkiIM,,,,,
w_rKrfmjT-I,,,,,
t6ocwfetbPI,분노,0.03,0.58,0.09,0.22
7-WXZRn91ww,중립,0.08,0.2,0.6,0.08
0ZfAPTIrQCQ,,,,,
P6rfrM4TNvM,공포,0.01,0.05,0.1,0.39
68qXaKAKfVw,,,,,
CgzqHwT6AFA,슬픔,0.04,0.01,0.27,0.59
IRbsZQj0GoY,분노,0.38,0.57,0.0,0.02
DK52M2guqUo,,,,,
SuoydmZNBek,기쁨,0.48,0.06,0.01,0.03
H2pa-ISlkxI,중립,0.02,0.47,0.48,0.03
w2kSGfPTYLU,놀람,0.01,0.07,0.0,0.03
PWsYq77e6Vg,슬픔,0.28,0.04,0.02,0.51
tLjyFSZLmAo,,,,,
vwGIZQsGLek,중립,0.02,0.04,0.69,0.12
aDc1rth4fcs,분노,0.0,0.83,0.0,0.05
I4nB-9vEXLY,분노,0.0,0.89,0.0,0.04
NphpLCT-Wgk,기쁨,0.56,0.18,0.07,0.13
u62JeCyhANU,중립,0.03,0.22,0.32,0.28
SWIfgoC8pNs,중립,0.0,0.11,0.84,0.02
wyt2wAhzwPE,,,,,
lligL3YiWn8,기쁨,0.89,0.0,0.1,0.0
M7e4xkCgNsM,중립,0.0,0.03,0.94,0.02
H4loAuUAxdk,,,,,
8MxUnHncrWw,슬픔,0.16,0.02,0.08,0.57
30BzrxInYDs,,,,,
DGMkfnD_Lsk,중립,0.01,0.01,0.93,0.03
2K49HfMP9kg,중립,0.04,0.0,0.92,0.02
xPFXZ_2ng4s,놀람,0.04,0.02,0.1,0.02
73c14Jz1u5Q,기쁨,0.97,0.0,0.01,0.01
MK6rWLoeBmc,슬픔,0.01,0.0,0.42,0.47
H_bj6FuCxYU,기쁨,0.45,0.02,0.23,0.25
m0T1YzQ4dWk,슬픔,0.21,0.03,0.2,0.32
L1TUPQJ01C0,중립,0.08,0.02,0.55,0.09
1iM8L-aaReM,기쁨,0.88,0.0,0.11,0.0
1egTdLyQe8M,중립,0.07,0.12,0.41,0.17
dM3tF6RYBEQ,중립,0.04,0.14,0.36,0.2
WLVok1MtaN8,중립,0.1,0.11,0.37,0.21
euq5Z-zuahE,중립,0.06,0.09,0.38,0.22
jWTz_YNFhp8,공포,0.14,0.14,0.14,0.2
0HmhBvtRo5M,중립,0.06,0.12,0.32,0.2
0lCQ4M2BQe8,중립,0.05,0.1,0.34,0.18
DOhgkQwotHo,중립,0.03,0.11,0.33,0.18
w4qFyPHcRH0,슬픔,0.04,0.16,0.13,0.33
ln_j-CUblu4,기쁨,0.99,0.0,0.0,0.0
J4fu80NQCUI,기쁨,0.93,0.03,0.01,0.01
RN8QERFvaU0,중립,0.17,0.01,0.52,0.14
u0E7oGGyXhg,중립,0.01,0.28,0.46,0.09
VBfudEsio54,중립,0.03,0.15,0.37,0.06
g-v2uakV0Fo,중립,0.0,0.0,0.95,0.04
o3oD32zeBPA,중립,0.0,0.09,0.64,0.24
0uTlnLpMxqk,중립,0.0,0.09,0.79,0.05
mv0ye1t7jIM,,,,,
sDDG24kaXdI,기쁨,0.54,0.24,0.13,0.06
wgaNEqeZFqI,공포,0.07,0.03,0.07,0.32
rC3LfgcUxUM,분노,0.07,0.44,0.05,0.41
_XaApXvHMO8,분노,0.0,0.46,0.0,0.22
yKZbp_Yaow8,중립,0.06,0.03,0.81,0.02
O2umTAXtfCU,중립,0.08,0.09,0.64,0.12
lItNNNTsry0,중립,0.03,0.04,0.79,0.08
h_WGSL3riDI,중립,0.0,0.11,0.45,0.41
CYbsBAm0Csw,,,,,
5lqEO9xyt28,,,,,
dJi6llKTiyg,중립,0.04,0.2,0.66,0.01
OVnwA_RGpWU,놀람,0.0,0.01,0.08,0.03
iifCaU8tQ9k,중립,0.0,0.12,0.39,0.07
Lbd-zWv3r6U,중립,0.13,0.01,0.67,0.02
-C5fRs9nn-I,공포,0.0,0.05,0.16,0.02
71vam98vn-I,놀람,0.0,0.14,0.21,0.04
yolnkBn8e-w,공포,0.0,0.13,0.08,0.03
oovBzzNEFMo,놀람,0.0,0.0,0.04,0.01
YQtdqbhfORY,중립,0.02,0.01,0.89,0.04
8QCuo6lgWls,공포,0.02,0.02,0.14,0.11
VN4huUPvBFw,중립,0.06,0.05,0.64,0.04
GZB0DwNO0uw,슬픔,0.0,0.31,0.01,0.44
SdqWwn6XeK0,중립,0.01,0.01,0.73,0.23
0MT_1gn-lrk,,,,,
GwaXOAsFADM,분노,0.01,0.47,0.03,0.24
wxKUCTm9XWc,중립,0.09,0.01,0.86,0.02
7JkK1POkBIE,중립,0.02,0.17,0.72,0.06
SWvXzLkuIyw,기쁨,0.81,0.06,0.05,0.05
Mv0LspNA4pY,중립,0.08,0.09,0.39,0.38
5TF-4IxfmqE,,,,,
8-9C66LVdSo,,,,,
ies8JgLTcFE,슬픔,0.07,0.21,0.06,0.44
4ZoQx9DiW4c,분노,0.09,0.24,0.16,0.22
quXw3USnrsE,,,,,
25-q2NWz2Vo,분노,0.09,0.73,0.04,0.1
bmfyZj5D9Us,,,,,
CsNHQtzCFJM,,,,,
YIj5os90kDU,,,,,
DfptP2lhNmY,,,,,
nbWQErnDzZc,,,,,
JMq-yWY72PQ,기쁨,0.33,0.21,0.13,0.25
ObGo-uv9m3I,,,,,
sLRuRCpyLm0,분노,0.07,0.44,0.18,0.23
r8CK_GshP4A,슬픔,0.0,0.26,0.29,0.39
tSOmqUnr39w,슬픔,0.13,0.25,0.1,0.42
JM6TmhAifNc,슬픔,0.0,0.3,0.09,0.33
sZ3GWoL2mu0,기쁨,0.55,0.06,0.3,0.03
n_KhiOIhvZI,공포,0.0,0.27,0.01,0.14
ToVR4lW3BuI,기쁨,0.99,0.0,0.01,0.0
NCnXYrfCAvg,슬픔,0.0,0.29,0.15,0.35
UT-5SXNdR4E,,,,,
QnTDk4AQ2VY,,,,,
7CQrOTTkl5w,슬픔,0.0,0.36,0.1,0.45
317nV3hgFYI,슬픔,0.18,0.28,0.02,0.44
8hDKPsB-MHg,중립,0.04,0.07,0.56,0.19
4Ai_HVvlj84,,,,,
ZTHi5AMciqQ,,,,,
el8hZcJsqDc,,,,,
3aupfPrSd1E,중립,0.02,0.01,0.63,0.29
NbHBMNL1h5A,분노,0.35,0.37,0.2,0.05
iFE1n7N8NaQ,중립,0.0,0.16,0.76,0.05
MjWjpUbhxsM,슬픔,0.28,0.13,0.22,0.3
ivGSvzzSM2g,기쁨,0.87,0.01,0.05,0.02
Nao6AJEuPHU,분노,0.0,0.37,0.13,0.17
029hXF08XNs,공포,0.08,0.01,0.01,0.03
v2rHTWOWo1k,,,,,
kzMecK_P2Ls,,,,,
Gu3jaiL8nCo,,,,,
Dbf9InojZDM,,,,,
-YB7mIDob0g,,,,,
X1EaN0F98Pc,,,,,
eH4kPue92jA,,,,,
EmK7dcc5D84,,,,,
_C-kGbK7kEM,,,,,
yJnGd54OBNM,,,,,
0dkwexatNqc,,,,,
mmM2JpCdcMQ,중립,0.13,0.22,0.43,0.09
x23M-5Mg7No,중립,0.01,0.01,0.35,0.24
5FvfXGETTOI,중립,0.03,0.17,0.64,0.07
U8MRKTk55DA,중립,0.16,0.02,0.57,0.16
X4FoyR37ndA,,,,,
VGPunatTVS8,슬픔,0.01,0.23,0.09,0.52
6vNS8TyFgk4,,,,,
-3QzVS-ohx0,슬픔,0.01,0.06,0.07,0.48
IrnOTIpGnVQ,,,,,
G2134VCrleQ,슬픔,0.04,0.38,0.02,0.48
_JilDwcxRQ8,중립,0.02,0.17,0.66,0.1
ToOV5tMuYKU,기쁨,0.99,0.0,0.0,0.0
1ndU8JAi4cw,중립,0.0,0.06,0.76,0.12
_buJ0y0iQ6M,,,,,
3Bmvh0YPynk,중립,0.01,0.04,0.85,0.09
n919ePr0ZEo,슬픔,0.19,0.15,0.29,0.3
YUV6vSVpdH4,,,,,
IQo6dy-T6U4,,,,,
IehMYyGvnGg,분노,0.06,0.34,0.29,0.09
Vl1c0Rc7c7U,공포,0.03,0.02,0.23,0.06
rnpFiRpgsNs,,,,,
IF9DPtYklLQ,중립,0.01,0.12,0.44,0.26
_yP3NFITY90,기쁨,0.93,0.01,0.05,0.01
iY6pMe0mtQ4,,,,,
ZxVBg45ENe0,중립,0.03,0.12,0.65,0.14
P4v3XKA9lkU,,,,,
gy8wuI7sL04,기쁨,0.99,0.0,0.01,0.0
ykPykZFFr9A,중립,0.01,0.02,0.71,0.19
1tIVpMtdUhE,놀람,0.0,0.01,0.12,0.14
cvt5uY-Zk44,공포,0.01,0.03,0.12,0.2
pkghWO_uG7g,중립,0.0,0.03,0.42,0.12
50yKswfp_oc,중립,0.04,0.05,0.42,0.32
meido5KtyTc,놀람,0.01,0.02,0.24,0.23
kMQwGMosKTg,공포,0.01,0.02,0.17,0.09
QxCgc2fgbHw,,,,,
ZIePM0oiawY,분노,0.0,0.79,0.02,0.03
Xks6f66l_KY,공포,0.08,0.11,0.26,0.16
wrOcvLm6uFE,,,,,
h3zElKJ3Q_Y,슬픔,0.03,0.09,0.11,0.71
yqm8VsfZjLM,,,,,
EbU4EamtqO0,,,,,
0FwjIG7PWRo,슬픔,0.27,0.07,0.06,0.56
Ylmnv6hFCPM,,,,,
jXFraDwiOc0,,,,,
iIsb035h4FE,슬픔,0.03,0.04,0.42,0.46
EOHd9DPFAwo,슬픔,0.13,0.1,0.09,0.3
AkfazSqXQuY,,,,,
uzZrDmy7OqA,분노,0.0,0.6,0.2,0.19
TVmgCAERDUY,공포,0.02,0.04,0.1,0.32
7DF5DoDX3vc,,,,,
rUlcpYx0S3Q,,,,,
K76UD6brUlA,,,,,
OiC3im5i32c,기쁨,0.55,0.05,0.36,0.03
0EP6NkFj2Kg,분노,0.0,0.37,0.36,0.11
zhCveohP8xc,슬픔,0.01,0.16,0.02,0.73
UxpIy5RsKjo,분노,0.0,0.47,0.15,0.06
3lb2utBWBFw,슬픔,0.0,0.3,0.29,0.38
rzbGpcNFhGI,중립,0.0,0.05,0.91,0.04
3Qy_X7pTEhw,,,,,
PYzHddx_Z9w,중립,0.01,0.02,0.88,0.08
cjyxnj9cIwg,,,,,
8PKUOGPZWMc,,,,,
bUAYqFChPYY,,,,,
qvA9LH-jCrk,,,,,
BEAOSYtP4GM,중립,0.02,0.07,0.58,0.31
CusQlEPPD0A,,,,,
cfXyPXW2wt8,중립,0.17,0.26,0.35,0.15
uhzLi5RMSDg,슬픔,0.02,0.02,0.2,0.65
dHO65813dQ4,놀람,0.0,0.02,0.0,0.01
5KkofrhZuQ4,슬픔,0.0,0.06,0.18,0.65
L9XNxaLpezo,기쁨,1.0,0.0,0.0,0.0
tPMBKlFbTDA,중립,0.01,0.08,0.64,0.1
mDe1ptn_STM,기쁨,1.0,0.0,0.0,0.0
BusEBV3X7BA,슬픔,0.13,0.1,0.29,0.39
_PxzLm4r7mo,기쁨,0.97,0.01,0.0,0.0
EtN4DspcOUs,공포,0.0,0.11,0.01,0.13
yOf77YctpN0,분노,0.0,0.73,0.15,0.06
7RuMAgWa4lg,기쁨,0.81,0.08,0.03,0.05
lq1ww_Oh_5Y,기쁨,0.99,0.01,0.0,0.0
3ZuUO_oNPQw,,,,,
m9lJhNMmzDo,기쁨,1.0,0.0,0.0,0.0
n-B6fEEWsYU,,,,,
mZpydOph3BI,,,,,
KNhWGq7cJUI,,,,,
EXs734S9FrQ,놀람,0.01,0.01,0.0,0.0
wesrdOhgBKg,슬픔,0.01,0.06,0.45,0.47
HfmzOTaOfd4,슬픔,0.01,0.04,0.3,0.52
UZwO1NUaPg4,공포,0.01,0.05,0.03,0.01
eE7bSjALUBc,,,,,
9lk4iAGVwRA,공포,0.03,0.12,0.01,0.02
HrNm7Mv_jFk,,,,,
09omadJ4Hqo,,,,,
R31KmMjoSb8,,,,,
6SDdpER1PKA,슬픔,0.0,0.12,0.2,0.66
rD7hGthFyZo,분노,0.0,0.76,0.0,0.0
QEoEIR629eM,,,,,
XsHuKlOrguI,,,,,
q0CS1bOQxfI,,,,,
S2B9SHw3LkY,기쁨,0.54,0.03,0.43,0.01
VtePqByZ_SM,,,,,
j_eYOc8U9F4,,,,,
WV6EfoRw3qY,,,,,
G5Dms_SGNHU,,,,,
WtjVlO6m0lA,중립,0.01,0.07,0.48,0.42
YcpJrk5wwGI,,,,,
tqfSf9tWUbc,,,,,
PJJIoUlz_vA,,,,,
ZiZHnSK4VAk,슬픔,0.0,0.03,0.12,0.68
ymMgMdjFoVE,슬픔,0.0,0.01,0.44,0.49
j9LCpN9gDYk,중립,0.0,0.0,0.84,0.14
75-SkWM26k4,슬픔,0.08,0.05,0.37,0.41
CNW_7oS3j5s,기쁨,0.33,0.22,0.1,0.32
y6oXIC4-cv8,중립,0.07,0.11,0.63,0.18
_07l_07m6xQ,분노,0.0,0.5,0.15,0.24
bshYHxm0odc,,,,,
vPiXDzHo6nQ,기쁨,0.46,0.01,0.45,0.03
VoyhcGx0kwg,공포,0.09,0.25,0.09,0.13
BpK8ICL6Rik,,,,,
4ixiMRInQmM,기쁨,0.51,0.15,0.1,0.13
rkIVA00GOh8,,,,,
SBJb-vxkFps,기쁨,0.48,0.45,0.0,0.04
WDN_v2OkmeA,기쁨,0.5,0.18,0.01,0.23
hurWktvwUyo,중립,0.01,0.17,0.68,0.05
OufEc1pHpxc,중립,0.02,0.06,0.72,0.1
-olm-ksCvEM,중립,0.0,0.08,0.8,0.03
Xa9QY5iH7OE,중립,0.0,0.03,0.87,0.05
EKtQYe2kQk0,중립,0.0,0.02,0.84,0.06
186MJ6cjBZI,,,,,
m6QtJVOJQYE,놀람,0.13,0.0,0.03,0.01
0VDlD0hGWiU,슬픔,0.01,0.32,0.09,0.35
YWc1pjduPGA,,,,,
2rjgirlUt9g,중립,0.01,0.03,0.63,0.14
ZWAlFVb8qQM,공포,0.1,0.18,0.09,0.05
oqg7MOeB84c,,,,,
JSxwt33tB2Q,,,,,
W7sujeX-6pY,슬픔,0.0,0.14,0.19,0.44
yXGZdgc2uXI,중립,0.0,0.19,0.65,0.09
HmKRi6_06Qo,중립,0.01,0.05,0.52,0.39
NgIZrVuIX5A,슬픔,0.0,0.04,0.31,0.61
Zi_nEZveso8,중립,0.0,0.01,0.89,0.08
MK-BT-Oe1Us,중립,0.02,0.01,0.87,0.09
GD1ZE0sQ-Mk,기쁨,0.95,0.0,0.05,0.0
i7_Op8_SDwM,슬픔,0.0,0.15,0.27,0.55
znsqF4fBlhE,공포,0.0,0.08,0.0,0.07
TyYh_4J5bZo,공포,0.0,0.31,0.0,0.31
UKhPvzdRpbI,분노,0.0,0.95,0.0,0.02
quDTtBSmPKc,분노,0.12,0.63,0.03,0.03
AAEaUAgxjvg,,,,,
IXZIrvmJECs,,,,,
_KuWzXmt1_4,중립,0.02,0.21,0.48,0.2
9b3AOwjzxlc,슬픔,0.0,0.3,0.05,0.48
IKVIWg5HvbY,중립,0.0,0.01,0.94,0.03
4L7TQs0hFuA,슬픔,0.03,0.21,0.02,0.42
oDMIEa7VYj0,기쁨,1.0,0.0,0.0,0.0
RrEzyYHZLNk,,,,,
ZgKQGjqPAEw,중립,0.0,0.09,0.69,0.19
d50CIxRk-i4,분노,0.0,0.34,0.15,0.23
bAALQ19eMUE,,,,,
u65H_dA7dvM,중립,0.0,0.38,0.52,0.04
ooFSIF5c06w,놀람,0.0,0.0,0.0,0.0
QV_U7rTOWjk,놀람,0.0,0.01,0.0,0.0
WR_Lm-IFE7U,,,,,
8R5s8Pc7t9E,,,,,
wMpgmTm5RSI,,,,,
MLmTRlrZ1BM,,,,,
xIpSrDlNt9A,기쁨,0.37,0.13,0.26,0.05
IBTbgsVFW0Y,혐오,0.0,0.15,0.19,0.08
L-sRAUyrZQ0,중립,0.14,0.14,0.33,0.3
J1QMbAV5eRo,분노,0.01,0.55,0.08,0.27
VgpyGeOzY6M,슬픔,0.02,0.15,0.2,0.34
419bd2cRqiE,슬픔,0.01,0.13,0.22,0.38
OU-2qQwBpwY,슬픔,0.09,0.24,0.03,0.53
GaO6VNxjxM0,,,,,
fUj0NRr8msw,분노,0.02,0.46,0.18,0.23
fR0Bnf1gGUg,공포,0.13,0.02,0.09,0.27
G4S3gu42NSU,,,,,
VNkWezWOBZo,슬픔,0.22,0.06,0.15,0.34
1xFJEOTkB68,슬픔,0.01,0.07,0.01,0.83
8YMVvzeSMbU,슬픔,0.0,0.0,0.0,0.99
Vl2ttCGIY8E,슬픔,0.04,0.16,0.05,0.46
LzHtz7NouJE,슬픔,0.0,0.02,0.07,0.85
1IPWzYtxkpk,,,,,
bbfHPhp6Cjg,슬픔,0.0,0.31,0.15,0.34
RrjTRAVzJxc,공포,0.0,0.14,0.04,0.14
2KEPjKT77Uw,슬픔,0.0,0.07,0.19,0.67
y7C96ik-El8,,,,,
IJUUAfEMRQw,기쁨,0.95,0.0,0.04,0.01
9EWktjAvPFg,,,,,
NTH69eWTFxs,,,,,
gMj2zVJfSek,,,,,
J1l5EC0edzc,,,,,
_Cp2O9gkBpo,,,,,
z5eryEhlABo,기쁨,0.99,0.0,0.0,0.0
E5b13bg__IM,,,,,
hIPdllLiXK8,중립,0.02,0.23,0.58,0.16
Eom7iN8mkBA,공포,0.12,0.13,0.15,0.21
Kynu_4dS6Sg,기쁨,1.0,0.0,0.0,0.0
eii44Wvzc0k,공포,0.0,0.01,0.11,0.15
8CZLl-AYi2M,,,,,
KdKNT619bz0,기쁨,0.48,0.02,0.11,0.12
GRcpP_Rmkhg,,,,,
vbYfX8OMzHg,중립,0.06,0.04,0.86,0.04
g9YB00MSWBk,기쁨,0.96,0.01,0.01,0.01
mAUhsvOyCyA,기쁨,0.5,0.0,0.48,0.01
CH6egjruYmo,중립,0.2,0.01,0.77,0.01
y9SUl9NtLq8,기쁨,0.73,0.01,0.24,0.01
vLZPFvHdwPw,기쁨,0.9,0.01,0.07,0.01
FIH77NLgZfc,,,,,
-xiOfMMwRSY,,,,,
HIxMMVbyY-c,기쁨,0.87,0.02,0.07,0.01
-BCPTdAsUn8,,,,,
JGWFImZGgUw,분노,0.09,0.34,0.2,0.13
pQnLFE6IS8s,,,,,
2pLK0sfjsXU,놀람,0.0,0.12,0.07,0.08
RieciDLBALA,중립,0.01,0.11,0.42,0.08
h85-zDvNG2k,,,,,
PWdXSlcCNxE,중립,0.05,0.03,0.65,0.21
JkvLQZLrTH0,기쁨,0.55,0.04,0.02,0.05
AiKbtkzPa3c,,,,,
M7Ju19d7_SI,기쁨,1.0,0.0,0.0,0.0
fOCSCR9pEQw,,,,,
x2iuomgaswE,슬픔,0.0,0.15,0.33,0.41
k_HlalQdBKA,슬픔,0.0,0.0,0.01,0.94
2TYT1Tc835g,중립,0.37,0.02,0.6,0.01
GeihafFdb4M,놀람,0.0,0.03,0.12,0.07
Kkm9IVm0Ino,중립,0.0,0.27,0.42,0.23
-kxjbg3KK7o,중립,0.01,0.03,0.82,0.12
FtI29DJbbIQ,중립,0.01,0.03,0.8,0.1
KOPJunxj_L8,공포,0.0,0.2,0.03,0.07
zXvJ7OKqC3k,,,,,
Oxof219hjIo,놀람,0.0,0.02,0.09,0.13
noWo1Hv2NJg,,,,,
lA5wXSVPYbo,,,,,
kjpsAHb8Xi4,,,,,
RJSn3FmcL40,,,,,
eKPzFrui-uY,기쁨,0.89,0.01,0.07,0.01
6EIVg8aZLXE,,,,,
81VS9fH95Xw,중립,0.12,0.03,0.57,0.18
b_ptvaR1U_8,놀람,0.0,0.04,0.01,0.05
tePvlXHMef8,,,,,
11WyLu9njas,,,,,
lrW14A-3z-Y,,,,,
jAzimNtmBIc,,,,,
RwmXGWE_wPY,,,,,
UgRm3I-BB4k,,,,,
lwjPXZd0Kdk,슬픔,0.04,0.16,0.02,0.31
HRTKdnEXGCE,,,,,
Nu7qkj-xqZc,,,,,
xk60Wow0oO8,,,,,
wiGrF_BsxfE,중립,0.38,0.0,0.58,0.0
U9T6rdViTPQ,기쁨,0.99,0.0,0.0,0.0
nv_Yhwnk7Zw,기쁨,1.0,0.0,0.0,0.0
mGGCP_9JKWg,기쁨,0.96,0.0,0.01,0.02
fNCxPY0X2vw,,,,,
ZEO1J4d895Y,,,,,
DwwM_4NAdqk,,,,,
PGTKrBD2H9U,기쁨,0.26,0.18,0.1,0.23
kA791AO4ZEE,,,,,
GhCoVmUD_do,,,,,
tgBveNWpgCM,,,,,
VWrpFeq1ZEM,기쁨,0.62,0.04,0.09,0.22
jA6DhgVcILs,슬픔,0.3,0.03,0.18,0.44
88hV-jPz5XM,기쁨,0.73,0.03,0.14,0.09
JOZ5SPA21dw,,,,,
FuBNZmOSxus,,,,,
boadg6eQA08,,,,,
AEAKXH6Sxf8,,,,,
fZkn5Atww38,,,,,
mAqprIZl6bk,분노,0.01,0.27,0.27,0.14
K-vRa6d2hMo,,,,,
vvfgOQ80NCo,,,,,
f_pnC65BkfU,,,,,
HzB3LRAuS4w,,,,,
i26qBTriZNU,,,,,
AnPOla9y98s,,,,,
HoYjghYL9ho,,,,,
Xdw8rd1nHNc,,,,,
7SPKvIyurhk,,,,,
nnbA2Nm7AuU,기쁨,1.0,0.0,0.0,0.0
vdZvdUgKhHE,기쁨,0.98,0.0,0.0,0.01
3DsezYjLS-I,슬픔,0.0,0.11,0.2,0.61
tNQbuxGabXA,중립,0.07,0.05,0.66,0.21
bMhd2Hm-jIY,기쁨,0.89,0.0,0.09,0.01
T0AhpCIjhis,기쁨,0.94,0.0,0.05,0.01
WXE4CQzNCcI,기쁨,0.95,0.0,0.03,0.01
L4jCT4CDx1Q,중립,0.26,0.06,0.54,0.02
r2C9ICkETNY,슬픔,0.0,0.13,0.35,0.35
7ZCPzElK0zU,중립,0.0,0.25,0.53,0.2
63T-rDgWR3Y,슬픔,0.14,0.03,0.11,0.64
1l3h5Dy-0-k,기쁨,0.58,0.03,0.33,0.03
X-kDTxZPjdg,,,,,
i08fh8ME9kg,,,,,
KrDQ4xHmP7o,,,,,
vSJ9XOYRCos,,,,,
vu4_zyFahew,,,,,
zyPzetrxW8s,,,,,
oiDI9uTpmrE,기쁨,0.64,0.01,0.31,0.03
Zxc8W4w9ATc,공포,0.05,0.12,0.17,0.22
YtjAaMY-UTc,슬픔,0.12,0.13,0.14,0.53
A4r7NA23TY0,기쁨,0.84,0.09,0.02,0.04
Cve32KV_7PQ,중립,0.03,0.06,0.57,0.09
eKo4IB-dsME,기쁨,0.35,0.02,0.26,0.26
RREU3EenkMs,중립,0.28,0.02,0.67,0.02
bgrjsh3lXcQ,분노,0.18,0.36,0.06,0.18
XNPRiQsA7S0,,,,,
llbih1KZwjg,,,,,
prSufsq1ohE,기쁨,0.37,0.15,0.06,0.17
JORVdvlsGQU,,,,,
16fZ2jP-zN0,중립,0.21,0.14,0.43,0.02
WGJXVFwB7co,,,,,
SYkpTFwhWu4,기쁨,0.68,0.01,0.2,0.03
BsztF8GGrjA,공포,0.0,0.05,0.0,0.05
c78EPIZgoI4,,,,,
e5BunXo4guA,분노,0.02,0.55,0.08,0.13
FyCQj4vOzvE,분노,0.18,0.59,0.04,0.01
NDoUGZWKI8o,공포,0.0,0.01,0.0,0.02
Kabh-FHOAyo,,,,,
LJ4legHHwK8,슬픔,0.12,0.07,0.08,0.67
enL_OTGRwYU,,,,,
xWqr8qeV1qY,,,,,
sM8npDJHYkA,,,,,
HAL3JLf4vVs,기쁨,0.56,0.02,0.34,0.06
8rPffPi1glI,,,,,
ah9NC__dNUU,,,,,
Il3ldNxTRS8,중립,0.18,0.04,0.72,0.05
94NLnyU5JGk,기쁨,1.0,0.0,0.0,0.0
9jpBgKNlWUo,기쁨,1.0,0.0,0.0,0.0
c980GzFOYrk,분노,0.05,0.8,0.07,0.05
9cLrh9VKKCA,놀람,0.0,0.0,0.0,0.0
1_oGk2yrN-U,놀람,0.0,0.01,0.01,0.03
i8c3fYiCpTU,,,,,
h02OGZv9yhA,,,,,
qtvS1DyryfM,,,,,
urvGFyfatIE,공포,0.01,0.01,0.15,0.4
mnv-y3Tfycs,기쁨,0.73,0.01,0.2,0.04
SDiYJfCAIUk,슬픔,0.03,0.22,0.09,0.59
YS7kfxIaQH8,기쁨,0.3,0.21,0.24,0.18
fsViXLttsR0,기쁨,1.0,0.0,0.0,0.0
ssceveCNHR4,기쁨,0.82,0.0,0.18,0.0
zcAkY3zkDHc,기쁨,0.52,0.01,0.14,0.01
i0Giqn_rvaA,중립,0.08,0.01,0.79,0.09
Aj20aPpzE40,분노,0.19,0.44,0.04,0.29
6ksyvbyNUUA,기쁨,0.33,0.29,0.26,0.04
-1_7FLMlZI8,기쁨,1.0,0.0,0.0,0.0
jCFOdbe7x_s,기쁨,1.0,0.0,0.0,0.0
IsPStBQBgJE,,,,,
Cyb71rYDv48,기쁨,1.0,0.0,0.0,0.0
NHdIpR5edfY,기쁨,0.92,0.0,0.07,0.01
QWNWG2lc6kI,,,,,
BUPbUsftM2s,,,,,
6WdqfIIZGT4,기쁨,0.97,0.0,0.01,0.0
XAvf3hyJTEU,기쁨,0.99,0.0,0.0,0.0
uJqU1buDldU,놀람,0.07,0.03,0.05,0.09
yU8l8V9VGew,,,,,
ObsdeBkalbc,중립,0.01,0.02,0.9,0.07
Ii_jRjzwOJg,,,,,
ddazQ9f0MmM,슬픔,0.0,0.03,0.19,0.75
BJLRv8XVLqs,기쁨,0.8,0.06,0.12,0.02
iBFy9fUIxBo,중립,0.0,0.24,0.7,0.04
eAZwCRfr7h8,,,,,
rKhXzakXnxs,슬픔,0.0,0.05,0.04,0.6
02SfUh9I57Y,기쁨,0.97,0.0,0.03,0.01
3Uvccoq2Czs,기쁨,0.95,0.01,0.03,0.0
O1fcYk1to8M,,,,,
wj07j28Y11Y,기쁨,0.28,0.16,0.18,0.19
P3Sd6Qnbwok,슬픔,0.0,0.09,0.13,0.68
XpgJ6DvjuI8,분노,0.0,0.44,0.03,0.08
YvtcYOdbjYY,놀람,0.01,0.03,0.28,0.27
vL0cEZ6fEuE,,,,,
qtGPvlhUVGE,중립,0.05,0.08,0.58,0.29
FfdxSeM8V9g,기쁨,1.0,0.0,0.0,0.0
SWaFVS2s23A,기쁨,1.0,0.0,0.0,0.0
A3kS5Pkd6QU,기쁨,1.0,0.0,0.0,0.0
tqiEuf-Mnng,,,,,
EUTGv8JWLd8,기쁨,1.0,0.0,0.0,0.0
NZG6h2BX2ik,,,,,
0Mx_qanw-xk,,,,,
mdAT1B51-DY,,,,,
3cOXo6XlJLc,,,,,
XGaVT7KND3E,중립,0.01,0.01,0.85,0.12
nvoZvz2na4c,중립,0.02,0.03,0.48,0.41
9710Elyn7KM,중립,0.04,0.01,0.72,0.19
MtigY9Yv3cc,중립,0.0,0.02,0.78,0.18
N6TC7xwfgLc,중립,0.11,0.0,0.87,0.02
lGduPo6KwiM,슬픔,0.01,0.03,0.39,0.57
f3iGzrb5MwM,중립,0.01,0.01,0.96,0.02
Js6mgwkSPA0,,,,,
A6V4b7jq_vI,기쁨,0.64,0.32,0.02,0.01
--nYQqvVXkk,,,,,
vNQJzpx7OxU,중립,0.01,0.06,0.61,0.13
nvAz1GjP2jk,중립,0.0,0.08,0.48,0.13
4K_cVc6KkYI,슬픔,0.0,0.01,0.04,0.82
Kpr1Db1nZk0,중립,0.0,0.07,0.69,0.16
2LO2_iasFoc,중립,0.0,0.01,0.79,0.12
2LCU2O41JLw,슬픔,0.0,0.08,0.03,0.44
qMoz7SNhbgI,중립,0.01,0.17,0.49,0.04
9ok8KVjezy0,중립,0.0,0.07,0.82,0.06
iIwKSHv6p9s,,,,,
-C_wdiEWAK4,,,,,
umDM3Kgw6GI,,,,,
rEYPtCp5ZE8,,,,,
Ow0gGg1aBKA,,,,,
h0QWZQ6A9aY,슬픔,0.1,0.11,0.3,0.33
VRqxrRnPz80,,,,,
XdVKPcIJU50,중립,0.43,0.05,0.51,0.01
2OpWo-A2iok,,,,,
n-jsb0PtC9k,,,,,
1h04Ujpo89U,기쁨,1.0,0.0,0.0,0.0
PCKDEVwmZJc,,,,,
gTDfen7TL4U,,,,,
2f0tLEh8Smk,중립,0.25,0.05,0.59,0.1
LjYd7Z7R6yg,,,,,
SvpFjGVuj9c,,,,,
maUMHs0qLEg,중립,0.06,0.15,0.55,0.1
E4X7-pYN9bE,중립,0.0,0.05,0.75,0.19
M5lyAjne6aM,,,,,
dkv0gc_OmMc,슬픔,0.17,0.12,0.18,0.46
nPIKMPOyIIM,기쁨,0.75,0.05,0.04,0.14
1tTcRikNEng,슬픔,0.01,0.13,0.04,0.46
CXD1Lm_4IWg,슬픔,0.15,0.15,0.04,0.58
mhR9QjY2u4Q,,,,,
q5EFkqK4dlQ,슬픔,0.0,0.02,0.02,0.83
tEUZlWgw0DQ,슬픔,0.0,0.08,0.05,0.81
lmcgE_g3Jyw,,,,,
DTWjlSyyr4g,슬픔,0.23,0.16,0.02,0.33
TiBtM5qXGoE,중립,0.01,0.04,0.68,0.21
nRABbojwkWg,중립,0.0,0.11,0.83,0.05
MBgeWN0QbyY,슬픔,0.0,0.1,0.31,0.58
MTrKtzYG5_A,중립,0.0,0.22,0.49,0.12
CT8xDr3jMrU,,,,,
IBje8YCoxrs,기쁨,0.63,0.01,0.08,0.25
SAQExK5SFxI,분노,0.01,0.73,0.0,0.06
hRArRv3IOFs,분노,0.0,0.43,0.03,0.06
IEURX1xKR3I,기쁨,1.0,0.0,0.0,0.0
3dQQ2Q-J6GY,기쁨,0.42,0.18,0.07,0.22
ZyI5ci52A3g,중립,0.07,0.16,0.37,0.3
JJG9YIyFk-Q,,,,,
Ar5YCZaCQHY,,,,,
X_CARBq9lWc,중립,0.29,0.09,0.37,0.21
tRn0BDJ8I2A,분노,0.0,0.42,0.03,0.26
kyt-eEdElgA,중립,0.0,0.02,0.46,0.4
TRxbWPCCfVU,기쁨,0.91,0.02,0.05,0.02
x642K-8037Q,놀람,0.02,0.27,0.05,0.04
HGrCgUToKCM,중립,0.02,0.17,0.43,0.16
Ny-mDW03Ai8,공포,0.01,0.05,0.26,0.21
aK78kxryh6w,중립,0.14,0.05,0.31,0.29
UuiVPOYTx60,중립,0.02,0.33,0.35,0.14
Nd6F4Y0FCTI,중립,0.05,0.29,0.31,0.09
tPvzhnwc_Ig,슬픔,0.01,0.01,0.09,0.89
PozHJbWzDug,중립,0.0,0.05,0.88,0.04
5IqhF3BAQZg,슬픔,0.01,0.04,0.14,0.6
32YJFdO4e1c,슬픔,0.03,0.16,0.1,0.68
EItjgHdbilA,분노,0.01,0.45,0.02,0.06
UCiaEdlJ1y8,중립,0.05,0.1,0.33,0.19
U-3aeCcFqOE,분노,0.04,0.49,0.07,0.03
5lKxykfUQfA,분노,0.01,0.42,0.11,0.18
NOr4VNtOO_0,슬픔,0.0,0.02,0.0,0.8
7zwTmp8LBTg,슬픔,0.0,0.18,0.1,0.62
r7C6D_pHv8A,놀람,0.0,0.02,0.0,0.01
nmJFxQQeFT0,중립,0.14,0.22,0.52,0.05
y6m0z3ajOA8,놀람,0.0,0.25,0.03,0.02
Ek09No6ZxJs,슬픔,0.01,0.06,0.09,0.38
Fn-IPfxE5HU,,,,,
NuMwQg8yELQ,,,,,
4AxivHK8jHU,슬픔,0.0,0.0,0.0,0.99
Oyj0_sKslY8,슬픔,0.0,0.0,0.01,0.94
CODkNi-yBO0,슬픔,0.0,0.0,0.23,0.65
rdg0ieCOnaA,슬픔,0.01,0.02,0.16,0.75
v4vrr5OfR2k,,,,,
AhD-bB1oADM,,,,,
qjRgExSY93I,,,,,
xm_pd1udpcE,기쁨,0.82,0.05,0.07,0.03
PQ0s489p8zM,,,,,
uXCS8Se2yaE,슬픔,0.16,0.09,0.21,0.5
Q0G5KTtPb-s,슬픔,0.19,0.2,0.04,0.31
YPLFW7QbQQQ,공포,0.08,0.27,0.12,0.2
th33dlWF3FM,중립,0.24,0.06,0.53,0.05
roRc3JHfucM,기쁨,0.43,0.07,0.11,0.34
YUFCJarzWJw,분노,0.04,0.3,0.29,0.3
UnqJytzSzPE,중립,0.31,0.1,0.4,0.04
53ElAGpRQEI,중립,0.09,0.28,0.59,0.0
fe9i-NBOa3Q,슬픔,0.01,0.04,0.22,0.72
Lbb0E7e2g1E,슬픔,0.0,0.04,0.05,0.81
GFn8a1O8BNQ,슬픔,0.14,0.07,0.1,0.63
OtBHXcod0sQ,슬픔,0.0,0.01,0.05,0.72
vSatuJ99PHk,,,,,
7FJhBkk91_E,공포,0.0,0.13,0.23,0.23
_ZLxiPOSmaM,,,,,
eq2MN2MWphs,,,,,
4TIUQggazVw,,,,,
cwN9vMNY1q4,,,,,
r3eBZ73uzmQ,중립,0.07,0.09,0.45,0.35
rRO0eCY1eis,슬픔,0.01,0.06,0.01,0.72
EKAKu235sw0,중립,0.19,0.14,0.38,0.05
HwiP-1O0RDg,기쁨,0.87,0.07,0.02,0.0
q4tKOT81qhU,기쁨,0.3,0.15,0.1,0.07
5VlbTCjA5ks,,,,,
66XlJwu45Us,,,,,
091SWONRg-U,슬픔,0.0,0.11,0.32,0.47
0qLOHQ3-syA,,,,,
m0l6YGIYI9I,,,,,
xKT5GmXYJfM,,,,,
FoVYXylTIJY,중립,0.15,0.0,0.82,0.03
WPqQ6x5_nrA,중립,0.25,0.0,0.7,0.05
RjDGQCj5ucA,,,,,
sFJOCJ_J7DI,중립,0.25,0.0,0.66,0.08
H35YXFYpCsQ,중립,0.06,0.01,0.87,0.06
2jiX1kJKl98,중립,0.36,0.01,0.56,0.06
0rN0w90L5eo,,,,,
n70_5nrBGTM,중립,0.25,0.0,0.7,0.05
2NUGuMVzS7k,,,,,
zgfBN79ggWE,중립,0.23,0.0,0.72,0.04
nLKYdj3l74w,중립,0.0,0.36,0.41,0.12
G030ZoL6HSM,,,,,
xNKtd68A2QM,,,,,
9beXRqIWiWI,,,,,
Pbh6Y532WLE,슬픔,0.13,0.03,0.21,0.62
BALELXv9LQ8,놀람,0.14,0.21,0.14,0.11
DGhN1A-IO9w,중립,0.23,0.03,0.71,0.03
i20Byg--4iQ,,,,,
RvI9shaBr1I,,,,,
O-jjgqC2_qc,중립,0.02,0.28,0.43,0.13
9NL0j8-UT4o,기쁨,0.99,0.0,0.01,0.0
ooLpcNiFXCQ,슬픔,0.1,0.23,0.17,0.29
P5SkjLbmpbU,슬픔,0.11,0.12,0.22,0.28
EKwnLp6ts6c,기쁨,0.44,0.02,0.35,0.01
d1JdKuxEd_U,기쁨,1.0,0.0,0.0,0.0
jkBY5NNOAeE,중립,0.03,0.01,0.93,0.03
7CYK6Al9raQ,중립,0.02,0.01,0.82,0.14
V9nw4InA_go,중립,0.0,0.13,0.8,0.07
6dCqDDPbd8g,,,,,
psAQocD06mE,중립,0.35,0.01,0.51,0.02
17zv0axKAmk,분노,0.06,0.4,0.21,0.25
-kHDcmTZ6qo,,,,,
Dfk1_BzTqBE,,,,,
to3mcPswf5g,슬픔,0.01,0.15,0.1,0.64
8JzslTJ2y8M,슬픔,0.0,0.06,0.22,0.64
t97kZDdSiMg,공포,0.03,0.06,0.08,0.36
_sWI5ra0H7s,중립,0.18,0.17,0.36,0.24
Cp0XT74lTNc,,,,,
lEQeHPl2-0Q,,,,,
0leQ2tMx_IE,중립,0.14,0.02,0.51,0.01
c9ud9I_IPwo,,,,,
d1iLzWGagVI,기쁨,1.0,0.0,0.0,0.0
DhsRomC-nIs,기쁨,0.97,0.0,0.02,0.0
UPIymEsvX6w,,,,,
2Ws193udCUc,,,,,
afCY2yExOLU,,,,,
cybw2-pvqmw,중립,0.0,0.02,0.56,0.39
k21HyhlDbUw,,,,,
WmB2KH46uKY,슬픔,0.01,0.03,0.15,0.66
jJSG0_Eei-M,분노,0.13,0.77,0.03,0.05
Yop6G94UJJw,공포,0.08,0.2,0.07,0.17
TOrbHRbuids,분노,0.0,0.8,0.03,0.05
mGDiik4hlhw,,,,,
yiKy4gWjoyk,기쁨,0.82,0.02,0.11,0.01
nVy2pBFqgyM,,,,,
Uota9G0P17E,기쁨,0.63,0.08,0.15,0.14
GPwj77wL87g,,,,,
8qwYZfQ_2qw,슬픔,0.2,0.21,0.18,0.36
X-vbT6a63LA,분노,0.03,0.59,0.05,0.27
jUAXO3H6tXQ,슬픔,0.06,0.04,0.2,0.59
iOPTE-rNMmk,,,,,
DEaOOtJG0Xs,,,,,
rYh8u95s680,기쁨,0.38,0.09,0.15,0.34
-EcBRe1RaIs,,,,,
k2oVbQWcCy8,공포,0.0,0.05,0.0,0.08
5lt7h1V4uZE,공포,0.0,0.06,0.0,0.05
mYJVH5ZvMII,놀람,0.1,0.01,0.01,0.0
_R2afqgn_o8,,,,,
8YwJrqWgBAg,,,,,
zfn7vC10ffE,,,,,
soUo98MTWU8,기쁨,0.56,0.16,0.12,0.14
XE6egX8h3bo,기쁨,0.56,0.01,0.41,0.02
Did3YvNkvVQ,,,,,
2GH9YuAeqE4,기쁨,0.41,0.23,0.05,0.13
AYwGOcOOf7g,,,,,
AE00rH07Gnc,공포,0.28,0.1,0.12,0.12
Igu9xwV8vZU,,,,,
W89drJpglcQ,중립,0.01,0.1,0.58,0.24
Xi-xtVq4IDg,슬픔,0.02,0.07,0.15,0.65
TPIgAq9_Wxs,중립,0.0,0.0,0.94,0.05
PRv2FyClhok,분노,0.11,0.37,0.33,0.01
9Ny-865_Rl0,슬픔,0.0,0.06,0.01,0.48
Z2-VCMyI6-s,중립,0.0,0.1,0.76,0.09
JidaCYuBPbw,분노,0.11,0.42,0.26,0.12
CYo5fto2kiY,중립,0.0,0.31,0.56,0.09
BH0PhStvzck,중립,0.31,0.07,0.48,0.05
cNtJPH1oWOk,중립,0.0,0.02,0.72,0.15
0S4XXeUyk8c,,,,,
iZIaUd1MSgs,중립,0.01,0.05,0.44,0.04
RYIgMEwLtFA,,,,,
DkWDH4vKAZU,기쁨,0.63,0.06,0.1,0.1
ePEwJMC1VMk,,,,,
ivzEHYi2wHc,,,,,
p7shEQaxVDc,분노,0.18,0.41,0.03,0.26
zN78Hm-Q5Ks,기쁨,0.97,0.0,0.02,0.0
8veO0_w58rA,중립,0.15,0.1,0.5,0.09
5pkHK-dVP-8,,,,,
NrdTU0lByLs,,,,,
C-Ym0OLYEs4,,,,,
wnfegxuBdYg,,,,,
uWpWSPM5Ly4,기쁨,0.96,0.03,0.0,0.0
p6EJE7OzWVs,중립,0.02,0.19,0.72,0.04
f91GIh2OFC0,,,,,
baNbiAw9E8A,,,,,
QuyPS-SYMiE,기쁨,0.64,0.06,0.17,0.08
Y5sPZrGLTKY,중립,0.22,0.05,0.38,0.33
v7GP0T5mdVY,,,,,
ng0WD_ydrXw,기쁨,0.31,0.28,0.2,0.13
_T-vC9tXJMw,,,,,
o5ELfA4Vid8,,,,,
3RlrKqp-EPA,슬픔,0.22,0.25,0.11,0.41
aqi_0cjLg0E,슬픔,0.16,0.01,0.18,0.55
69k0lLxlcbQ,,,,,
8V7vOuCaONw,,,,,
cRvhFO8t-ag,,,,,
QWH-baKTRKg,,,,,
uM2D38wjEC4,,,,,
cPmuzzq4ErI,,,,,
FTrqaoZAFo4,,,,,
thttj0yFiBA,,,,,
uKpWQ1-65UM,중립,0.08,0.34,0.48,0.08
pyZeonG6XYk,공포,0.01,0.16,0.11,0.26
4eGy5oAj7hg,,,,,
C6AAY5DDYb8,분노,0.29,0.58,0.0,0.12
H2bz65cwRHk,기쁨,0.29,0.11,0.29,0.29
gRYJDkm2Cns,,,,,
HvihS-BdLio,,,,,
hvZcwJjjr7s,슬픔,0.17,0.14,0.12,0.44
sQE7o549D_I,중립,0.08,0.02,0.64,0.23
j2DsqT8L6x0,,,,,
WZGgIWa9aWA,공포,0.25,0.09,0.27,0.08
M_QsAdlRSP4,분노,0.01,0.35,0.28,0.12
vsifS7UIn74,기쁨,0.62,0.01,0.33,0.02
ntFScl1HzbM,중립,0.07,0.05,0.68,0.09
tUhucGzN4Fs,슬픔,0.11,0.19,0.19,0.44
6wUZn2a0PMw,,,,,
_-mvuu2LOZM,슬픔,0.0,0.32,0.05,0.56
DP2bTy0YIQ0,중립,0.0,0.09,0.77,0.1
IRbyyQ4Gk5M,중립,0.01,0.01,0.76,0.18
2lbbiSdoB-o,공포,0.0,0.03,0.05,0.27
s7NnZuVnKnw,중립,0.01,0.01,0.58,0.27
ULAqXD7-P5o,중립,0.33,0.01,0.45,0.17
tqYQQIPbmsk,분노,0.0,0.68,0.02,0.15
EnaS29sRz7E,중립,0.14,0.01,0.77,0.05
AtbcQhBNPLk,중립,0.0,0.03,0.48,0.47
cU44enVwgkA,,,,,
wErEM6WhXxg,기쁨,0.92,0.08,0.0,0.0
pmZBy-z-d5A,기쁨,0.96,0.01,0.01,0.01
Z-Wdd8PRWRo,중립,0.03,0.0,0.65,0.28
2qWr5RFS-Rg,중립,0.01,0.08,0.52,0.04
3gUsXsscQ90,놀람,0.0,0.07,0.0,0.04
G4He1QSM7h0,분노,0.0,0.72,0.27,0.0
rK8t3F9MxpY,기쁨,0.98,0.0,0.02,0.0
OEDvtDZYIU4,분노,0.0,0.78,0.04,0.13
soYMTyEh9jo,공포,0.0,0.01,0.08,0.24
IDm53lI4Z6I,놀람,0.18,0.02,0.09,0.01
1F_9R220UHI,중립,0.0,0.06,0.83,0.06
33E7-DJaqYM,기쁨,0.78,0.0,0.2,0.0
diRn8D5KLKU,,,,,
S4zqdBUoe0o,중립,0.01,0.08,0.58,0.11
4kNxi1_umIo,기쁨,0.75,0.0,0.23,0.01
ijmeYsLmm3k,중립,0.27,0.1,0.28,0.15
-L1-QxKS9fg,,,,,
pA_Ce7iWe-o,중립,0.02,0.01,0.95,0.02
3Uqsv-nz0HE,,,,,
KRS5c4SPix8,기쁨,0.48,0.03,0.09,0.21
TXko5O09nmA,,,,,
HCB0jceQjwo,,,,,
mYJSGjU0hT4,,,,,
rwD3wGlWkbc,,,,,
Lxnkvi3cD3Y,중립,0.0,0.31,0.42,0.1
ycuMaElplwU,,,,,
YPZBmG7h3YQ,,,,,
dWmu9qkADjg,중립,0.21,0.05,0.62,0.05
u1gulmAyWOo,중립,0.02,0.03,0.87,0.06
owm0_8ZBZeA,중립,0.04,0.32,0.36,0.26
A3b-XlXgU1g,중립,0.07,0.11,0.74,0.05
qDTfAK_OlSc,중립,0.05,0.05,0.8,0.06
aStdlFpY5LI,중립,0.01,0.01,0.95,0.02
kwLHtg5uzd0,중립,0.04,0.05,0.81,0.06
XEPA-wxyFCQ,중립,0.01,0.1,0.75,0.1
6DhYbAp2X2k,중립,0.01,0.02,0.91,0.04
7bXQaPLRYNg,중립,0.01,0.05,0.87,0.06
8FnweVEPftY,분노,0.0,0.27,0.24,0.18
u_1W54XHK3E,중립,0.06,0.01,0.71,0.2
f_OK73hTMII,중립,0.03,0.01,0.89,0.06
mNS7o43Ai1g,,,,,
wRF66erebGY,슬픔,0.01,0.11,0.06,0.74
Z_sNzSBoMMA,기쁨,0.64,0.04,0.2,0.06
cwzUfGkT5u0,슬픔,0.0,0.02,0.01,0.62
AmiBS8H_N2g,,,,,
0x3vp4VDaQU,놀람,0.01,0.21,0.19,0.07
ovPrI-AF2PA,,,,,
tkUsxXz_w0c,기쁨,0.43,0.01,0.38,0.17
S8DDKp98MVw,기쁨,0.77,0.1,0.06,0.02
cXg7TWZ5fYw,슬픔,0.05,0.1,0.3,0.31
ktozahyCv2U,,,,,
Z3dVqoSmC80,,,,,
ZuFVvGXMCDk,중립,0.35,0.12,0.39,0.12
KGLZQY5d1Ss,중립,0.35,0.12,0.39,0.12
yw0e9EFODLY,중립,0.35,0.12,0.39,0.12
nMwjrIwLjvM,중립,0.35,0.12,0.39,0.12
OxAWyrz010A,중립,0.35,0.12,0.39,0.12
I8iw6UwOCt4,,,,,
V2YFolThgT0,,,,,
JYfSZAeem1g,,,,,
sYySIFYHW0k,,,,,
63ZbfHVrLZs,,,,,
17Upfk6Kla8,,,,,
6pIr0PTMKUQ,,,,,
QlD9eY6vG1Y,기쁨,0.27,0.22,0.06,0.25
lfD0mM0Wavg,,,,,
ptbbyS-TNRk,,,,,
KuQfSkF0ajk,슬픔,0.05,0.19,0.11,0.44
jY4rTF0LSDE,,,,,
iRaZ-7pBsok,,,,,
nOR0q0e7ei8,,,,,
7AO4f4j-rfo,,,,,
1wUVb94Yus4,,,,,
H5OKfwl8Lx8,,,,,
RG6C2wHwAI0,기쁨,0.98,0.0,0.02,0.0
T5mQHAVmF7k,공포,0.0,0.12,0.01,0.27
TKhLNx5pGtM,슬픔,0.02,0.26,0.15,0.34
P0NK1RroCqM,기쁨,0.75,0.15,0.03,0.05
pikgCOEeApk,놀람,0.46,0.0,0.0,0.0
jYTgCOBa8ws,기쁨,0.82,0.12,0.04,0.0
u93nFc1QcMQ,,,,,
lxB-r1fSaQA,슬픔,0.03,0.14,0.13,0.44
GPeIGcwNUGk,공포,0.0,0.1,0.18,0.09
qP0olgBorbA,중립,0.06,0.04,0.66,0.18
jIGmsNHbMe8,중립,0.0,0.15,0.72,0.09
tDNDhBxcfJ0,놀람,0.01,0.17,0.16,0.17
gB-6QybpzJU,,,,,
wVekKaxp8vQ,중립,0.0,0.0,0.71,0.06
3ZYxwDaJ6GU,,,,,
nRNwa5cR5zU,중립,0.07,0.04,0.66,0.17
kVEL56DRK-4,중립,0.09,0.21,0.25,0.22
L_MVYV9oBV0,공포,0.01,0.04,0.05,0.34
sLQ035DWxHA,공포,0.04,0.0,0.33,0.05
Yz7IA6F1STk,중립,0.1,0.09,0.65,0.05
ek_oiN2gHQs,중립,0.01,0.02,0.85,0.07
uJMlnhArrOA,중립,0.0,0.01,0.84,0.15
FX5K7KmUJGg,슬픔,0.01,0.21,0.25,0.29
XqmvLq1r11g,분노,0.09,0.84,0.02,0.03
0r1nKRuQ9pg,기쁨,0.96,0.01,0.01,0.0
ZjQqY2xJWBY,,,,,
PuKqE12pQNA,,,,,
qFY2xQPzjyk,,,,,
9cHNBtRof2Y,,,,,
9tW1rxtt7ww,,,,,
UM94zr-4_Hg,중립,0.29,0.15,0.37,0.06
6rPhE5ibszA,공포,0.0,0.12,0.01,0.14
chFvvjdcK_4,기쁨,0.99,0.0,0.01,0.0
eQGUCQRBWTA,놀람,0.17,0.0,0.31,0.02
x5u8OwJCaz4,슬픔,0.03,0.03,0.33,0.44
mEGmq0INZrI,중립,0.01,0.03,0.83,0.12
JhvOMSHkCgg,,,,,
7EetGmtM0Lg,,,,,
kel27q6lmNc,중립,0.01,0.14,0.56,0.16
ghRARJDY0Ns,공포,0.0,0.0,0.0,0.2
l_QT3pFQKBA,공포,0.02,0.03,0.1,0.35
MscLMMlaOUo,분노,0.0,0.79,0.0,0.16
7Ts8UW7SSRY,슬픔,0.0,0.02,0.02,0.94
Nw30zR3vBmE,중립,0.0,0.04,0.53,0.4
SUXrUpqdyGk,중립,0.06,0.02,0.52,0.4
F-Xm3-0uCbU,슬픔,0.01,0.01,0.43,0.53
1j3wh-wpVas,기쁨,1.0,0.0,0.0,0.0
vU45m5SYypM,분노,0.01,0.39,0.19,0.28
jFrzxn8xm4M,슬픔,0.05,0.32,0.09,0.38
Mtf15gRxUm4,중립,0.2,0.0,0.75,0.04
u0trH0MupWM,중립,0.0,0.03,0.55,0.25
aBVRoujxe_Q,기쁨,0.82,0.11,0.03,0.01
FHJJfQ1uQ9s,놀람,0.17,0.09,0.08,0.06
Qz8or_CE7yI,분노,0.14,0.37,0.13,0.05
6UEpR1XdFck,,,,,
UTujzYOReaM,,,,,
aDozHAnZEPE,,,,,
b2ZqZdIbE2w,,,,,
O6UIajBOQbg,,,,,
SK8WMHpQEYs,,,,,
wR9_KUQ7jJU,,,,,
TOarQ2Vd2o4,분노,0.09,0.34,0.1,0.14
x6mTXEH2ZmM,슬픔,0.0,0.0,0.09,0.89
Hrm46mkgN2g,놀람,0.01,0.07,0.02,0.29
_cu9SJGp4A0,슬픔,0.0,0.11,0.28,0.55
jbjyr9HOheo,중립,0.04,0.14,0.44,0.22
ySdKWaYt99o,슬픔,0.15,0.04,0.26,0.53
k3n3qqaLz9A,슬픔,0.13,0.02,0.07,0.74
DojOLOdZWC4,슬픔,0.0,0.05,0.12,0.8
JPgafHjbPss,슬픔,0.08,0.04,0.09,0.72
27gMQ-ypLvs,기쁨,0.41,0.09,0.09,0.32
4n_JeAjwOJ4,슬픔,0.0,0.0,0.29,0.6
46eycq5IJ-Q,중립,0.01,0.0,0.73,0.23
xeSw0JRQRS8,중립,0.0,0.0,0.78,0.21
BKPVI6PUUGs,슬픔,0.0,0.14,0.08,0.51
94AxMwMCgZI,슬픔,0.01,0.01,0.08,0.86
u6xN7OxnDL0,슬픔,0.0,0.01,0.26,0.71
R2YA3F1Xr8w,,,,,
OJioNHyA0ZE,중립,0.04,0.02,0.79,0.13
Ti1tp865z3w,중립,0.0,0.03,0.65,0.3
y1ITEpETaWM,중립,0.0,0.12,0.63,0.23
G0hAco-cu_M,,,,,
sX5_lfF8mZI,기쁨,0.9,0.02,0.0,0.01
44e1Hs1VDAc,기쁨,0.96,0.02,0.0,0.0
lClH2GkYl2w,중립,0.03,0.11,0.83,0.02
eHXFBFv-KIg,,,,,
jtIV4mIY_D4,중립,0.08,0.03,0.51,0.09
_hF1sCQ9W6k,슬픔,0.07,0.13,0.31,0.35
ezq97RA6DDk,기쁨,0.62,0.0,0.36,0.01
9t0vJxHiolU,분노,0.21,0.35,0.18,0.2
IX22pwqWF2o,,,,,
LJ1DBiXZ6jo,놀람,0.01,0.02,0.27,0.01
l7qI1U6KZcw,,,,,
aG7qUvxitvs,기쁨,0.83,0.0,0.17,0.0
udp5kUZisKw,분노,0.15,0.76,0.03,0.03
9L9mbM3BkpA,중립,0.01,0.13,0.42,0.17
5jmz5M4pP3c,,,,,
z4ZmxW5XSLk,,,,,
4XEsQiWivwA,,,,,
lvoxeJkSyqg,,,,,
_jxKcxzFGa4,,,,,
v00bFVrCwlY,,,,,
5PoQbsP6NGM,놀람,0.04,0.0,0.16,0.13
Ww2QjU_zo8M,분노,0.15,0.41,0.16,0.1
YJvVGN59fFs,중립,0.03,0.01,0.58,0.36
VGFCiDfA5_c,,,,,
JQ_SZ08NdgM,중립,0.14,0.03,0.47,0.26
mAxE1t2FNYM,,,,,
udMBvu4026Q,기쁨,0.98,0.0,0.01,0.0
_3Ktj3_8G6w,,,,,
l8fRAUvvJjc,중립,0.03,0.05,0.56,0.33
9YiF4QcYb_k,슬픔,0.21,0.07,0.19,0.39
M3B-PaNZ8tg,,,,,
9-YuKEa9urs,,,,,
uVFeVQwsLjs,슬픔,0.07,0.06,0.16,0.6
bm-HGXuuAB8,,,,,
xpGkZqys0nU,분노,0.18,0.35,0.05,0.3
w9-tHbjXVug,,,,,
SHVsyAjEsTs,,,,,
MBTUi_EZJ-A,,,,,
Bc7kwv4_Kqc,슬픔,0.04,0.09,0.22,0.44
tBTsl-_OHXs,놀람,0.03,0.13,0.22,0.18
d6OOtrtAzvo,공포,0.02,0.06,0.14,0.09
LN2RsgGeRTs,놀람,0.05,0.21,0.19,0.02
754CWRC6548,중립,0.0,0.04,0.46,0.01
FldHME7wSEM,놀람,0.01,0.27,0.04,0.02
2FRjyVVYS_U,중립,0.11,0.05,0.71,0.03
QWWXWvIrbiM,기쁨,0.7,0.01,0.06,0.01
nUEc9mfAu7M,기쁨,0.99,0.0,0.0,0.0
9X5gvYIy2gQ,놀람,0.0,0.0,0.38,0.09
DSiIX8VeCdk,놀람,0.02,0.01,0.01,0.02
Xa7Et84-VIs,기쁨,0.97,0.02,0.01,0.0
CPSwZlchLHI,기쁨,0.99,0.0,0.0,0.0
z-BEYmQ46R8,기쁨,1.0,0.0,0.0,0.0
RdU7DKT216Q,분노,0.0,0.65,0.06,0.21
IRGC7d6ecr0,중립,0.0,0.07,0.51,0.39
YJcVWnfTS6w,중립,0.11,0.17,0.28,0.22
d2wpKxmp3X4,분노,0.0,0.91,0.01,0.02
XjxzOxNP124,기쁨,0.5,0.01,0.48,0.0
70ZJ4pKieXc,분노,0.01,0.98,0.0,0.0
j2x2A7tLV0s,분노,0.03,0.92,0.0,0.04
d0UDmCnbpqA,기쁨,0.55,0.0,0.22,0.14
D7GRuhgs_bw,기쁨,0.44,0.05,0.16,0.25
t8SKIu54tiQ,슬픔,0.07,0.07,0.13,0.68
-10dTzJKfhA,중립,0.05,0.05,0.85,0.04
almvzVC_RWY,공포,0.0,0.3,0.03,0.16
ERl1TWVI_q0,기쁨,0.88,0.01,0.06,0.03
NajOTD0Jyc4,기쁨,0.9,0.0,0.06,0.0
dRxreQmdFfk,,,,,
ido2YVLsf7w,중립,0.04,0.11,0.52,0.15
1RszSETemwg,공포,0.09,0.01,0.0,0.03
97DEaKPcYCA,중립,0.0,0.0,0.84,0.12
60Jpq3zYXKY,기쁨,0.83,0.02,0.02,0.11
GBe01KuYVnk,분노,0.0,0.63,0.29,0.07
xwRBVMq8hG8,,,,,
73J8rv1CCW0,슬픔,0.0,0.01,0.35,0.63
ycK9QXPoN6w,슬픔,0.0,0.01,0.01,0.69
maDYXIXs3pU,슬픔,0.01,0.11,0.35,0.52
ui9vMptqSdg,공포,0.0,0.03,0.0,0.02
CDKeOk-J3NI,슬픔,0.0,0.21,0.17,0.54
Eys2JAHPo08,중립,0.0,0.01,0.91,0.08
SmYPfSpmW04,중립,0.0,0.18,0.58,0.23
MyEZBHAFolw,슬픔,0.09,0.05,0.06,0.77
n1axIQwVuK0,,,,,
9j3SRfuXkxA,,,,,
s829hrzNkRs,기쁨,0.98,0.0,0.02,0.0
OdPbrNSuRGA,슬픔,0.0,0.0,0.32,0.6
zThW-Td8zc0,공포,0.0,0.01,0.04,0.28
1E070kbPSxo,기쁨,0.99,0.0,0.01,0.0
JLcSK4L9PWE,,,,,
GVliJG-SEBY,기쁨,0.43,0.03,0.13,0.31
sj3QjSsyGIE,기쁨,0.86,0.02,0.06,0.01
HlG-71d_oI8,,,,,
h8cXaaMFbTU,슬픔,0.08,0.13,0.05,0.55
yIesqa3lIhk,기쁨,0.88,0.07,0.01,0.02
AREqO78EpeM,,,,,
w0yJk3yS_a4,기쁨,0.59,0.23,0.08,0.08
3OMvTZvzv_E,분노,0.01,0.65,0.03,0.07
CpbcpS3rIds,슬픔,0.0,0.36,0.12,0.44
GRCrFb9MSHA,중립,0.03,0.03,0.8,0.1
u1yynq8b4QY,,,,,
9YW2WxPGxOc,,,,,
uXiEjYrnY3U,,,,,
rm24AIkotYU,,,,,
9rQy8l11CO0,중립,0.25,0.01,0.58,0.12
xtdTkNH8meQ,슬픔,0.19,0.08,0.27,0.35
O5JWSVwoZYc,기쁨,0.47,0.08,0.17,0.25
P9tqwGONxpg,,,,,
3Phem0ZoHII,,,,,
fdg8qeL5TSQ,기쁨,0.75,0.03,0.03,0.17
fgetRbPokL0,놀람,0.08,0.04,0.24,0.24
LZ1annr9PP0,,,,,
7r9ESJ92JPY,중립,0.16,0.04,0.64,0.07
8JbJUPsmLvY,기쁨,1.0,0.0,0.0,0.0
l2wVO8oHQrI,분노,0.11,0.26,0.22,0.21
uGbkOC09V0Q,기쁨,0.48,0.02,0.11,0.21
OmXPqXwfYno,,,,,
OyTSbHvAfdQ,,,,,
Zye_gzAu9PU,,,,,
aj1DhqesM78,,,,,
yIomyKPio1Y,기쁨,0.82,0.02,0.04,0.08
lD6VaIkizBA,,,,,
wVxN4nG36Yk,기쁨,0.86,0.02,0.06,0.04
UmJsCSOR7uE,기쁨,0.79,0.01,0.13,0.06
tRlPEvOqb1M,,,,,
EcJBvAxNJRE,슬픔,0.14,0.17,0.1,0.45
HztZarBMcqI,,,,,
YTG9y0Gcyjg,,,,,
SsXkDLuDvCI,,,,,
YdxrePRy3wg,,,,,
bzLeWn9WPwU,,,,,
dLUzbOgkk9w,슬픔,0.03,0.13,0.39,0.43
tf3uD0MirCY,공포,0.0,0.18,0.2,0.18
JvuAd5ZEbmU,,,,,
bXw8erHQVmA,슬픔,0.32,0.02,0.0,0.57
UA2fDWj26Tg,,,,,
Tfew5QnFPW0,기쁨,0.44,0.11,0.05,0.32
2UE6IG-lmSw,,,,,
LKxHKQdvvhI,기쁨,0.99,0.0,0.01,0.0
XASuXLItCs4,,,,,
lMV3UgXs5ag,,,,,
Qx1alG6ASp8,분노,0.01,0.85,0.13,0.01
lkTLx9eKu1k,슬픔,0.12,0.35,0.03,0.39
bemFZD9F8ow,,,,,
2f1Ue8WE2UI,,,,,
E74Ca6UT7kM,중립,0.02,0.02,0.51,0.42
QMj8Jgh6aPc,분노,0.0,0.41,0.28,0.22
Jx1xzL0FUGM,,,,,
79VRfRZdzQ0,,,,,
gl8j0Q1Z-vg,중립,0.0,0.18,0.78,0.03
MnVr2hU-7e8,,,,,
Pl_S3ZMXkq0,분노,0.04,0.33,0.07,0.27
X4n3TIFUSXM,,,,,
E3Ccrkc5P-g,공포,0.05,0.13,0.19,0.26
V080WViuML0,,,,,
pyTgcHCrEQs,분노,0.03,0.32,0.27,0.23
y5-7KOBdG_E,기쁨,0.98,0.01,0.01,0.0
SEQJXveaMLI,중립,0.09,0.05,0.71,0.06
9awmWFaFfFY,기쁨,0.85,0.0,0.12,0.0
D2nWkvduaf4,,,,,
3XNmsBdnHQQ,공포,0.32,0.01,0.16,0.05
f-kziwgVr0Q,기쁨,0.64,0.13,0.07,0.01
ZGkncDUQNlo,기쁨,0.92,0.02,0.03,0.01
4xJIShUIvyc,중립,0.0,0.07,0.43,0.13
lz_KryBw31w,,,,,
PKz4HMV0n2I,기쁨,0.93,0.0,0.05,0.01
UQMXIkdm7-A,,,,,
ngdCyo-V4pM,분노,0.05,0.39,0.04,0.37
dTyqWzLZwlg,중립,0.02,0.01,0.68,0.14
G8Sy0OSO5uk,슬픔,0.0,0.08,0.2,0.49
epIOlllbZ8A,기쁨,0.58,0.01,0.4,0.01
b49AbYg7iDU,슬픔,0.02,0.14,0.13,0.4
6r4312qreYc,슬픔,0.0,0.13,0.27,0.5
1KIIS1hTT1I,분노,0.02,0.28,0.16,0.21
HV1MkLxt3sI,중립,0.0,0.04,0.9,0.04
xVdEhiUjKMc,공포,0.01,0.08,0.35,0.03
UmDlrYVz7gg,중립,0.03,0.02,0.56,0.35
S_epDAL8HeU,중립,0.02,0.17,0.32,0.22
3iHqh2n5j2U,중립,0.01,0.02,0.91,0.05
FD31Ci6816w,분노,0.04,0.57,0.11,0.24
QnWDorJOkic,기쁨,0.98,0.01,0.01,0.0
lNqlLE48IyU,기쁨,0.99,0.0,0.0,0.0
wUTbIgcp4pU,기쁨,0.99,0.0,0.0,0.0
_CWvwYbKe2c,,,,,
stG2nUdpxJU,기쁨,0.59,0.01,0.25,0.13
WcOLByokbMI,슬픔,0.3,0.12,0.22,0.31
Jm1zv1-D29k,,,,,
fw0dvmKiwDQ,분노,0.04,0.5,0.05,0.14
Wzvd6DUSZY8,분노,0.04,0.41,0.03,0.15
osE570KFXLE,기쁨,0.99,0.0,0.01,0.0
aUU1uy9XQHQ,분노,0.0,0.38,0.01,0.31
5G-T_vOarkI,기쁨,0.78,0.02,0.06,0.09
Dg4jsix8Qso,슬픔,0.01,0.05,0.44,0.48
DrUZqTLOOCU,놀람,0.06,0.14,0.17,0.03
8oBXv9xvA54,중립,0.04,0.05,0.78,0.11
P-umVwqLJDk,기쁨,0.53,0.07,0.0,0.01
Mn74b_5WfP0,기쁨,0.69,0.23,0.02,0.02
-HN3tVn22LY,기쁨,0.49,0.09,0.36,0.03
V7zarcWTG7k,중립,0.02,0.09,0.55,0.21
aINDIgnnv4A,기쁨,1.0,0.0,0.0,0.0
vsUmcj9e7f0,중립,0.06,0.04,0.82,0.06
513kUooBRcw,,,,,
PJGBjuoEkP0,,,,,
1N5rW7VNmVs,분노,0.0,0.6,0.0,0.18
EAgtk9Jx0u4,,,,,
g3TdGz_-6Uk,중립,0.3,0.15,0.49,0.03
m0ehoOur1KM,,,,,
zIO778_Dwdw,분노,0.0,0.87,0.0,0.03
Hp0jLOi3jlg,분노,0.0,0.94,0.01,0.04
EiBr_-5FE7U,슬픔,0.06,0.08,0.03,0.51
nngC-N6LsSE,슬픔,0.01,0.13,0.06,0.54
_r3BQ2--Q-E,중립,0.22,0.02,0.48,0.21
Vtdrj_-Y0m4,,,,,
RpqKn3709ac,기쁨,0.47,0.19,0.06,0.08
liBjlYpjYuA,분노,0.02,0.39,0.16,0.28
UfBn2CZJj_s,,,,,
vAl6u-_Kwvc,,,,,
gnrPX56FqnE,,,,,
u6TcgQajbh4,,,,,
sOyKNqr_OTc,중립,0.22,0.09,0.34,0.27
svuQnF7-JFU,중립,0.24,0.16,0.31,0.22
WTjaU7ZxNB0,중립,0.11,0.08,0.41,0.17
t2OiYoWL9p8,중립,0.11,0.08,0.41,0.17
YVcyOgeiPSQ,슬픔,0.2,0.14,0.29,0.3
nI_0PGcbRfA,슬픔,0.2,0.14,0.29,0.3
vMYaYRMaW9s,슬픔,0.2,0.14,0.29,0.3
wdpea57QCwg,슬픔,0.16,0.08,0.33,0.36
pML3obIGYyc,,,,,
oeFc5zPX9uk,,,,,
TzVyXdfZBIg,,,,,
NJYZZLgKzIs,,,,,
rUjQA1oDL6c,공포,0.18,0.26,0.06,0.09
q1Bv2HJ5UME,공포,0.18,0.26,0.06,0.09
j1ZZ4NhsTlE,공포,0.18,0.26,0.06,0.09
UUUstPmpWak,공포,0.18,0.26,0.06,0.09
ZpXsNwYM0kk,공포,0.18,0.26,0.06,0.09
4R369_272mA,공포,0.18,0.26,0.06,0.09
K9y5Hui1ljs,중립,0.05,0.12,0.65,0.14
bKM1LC23jlc,기쁨,0.7,0.04,0.18,0.04
S0rdTzgd-os,기쁨,0.7,0.04,0.18,0.04
ZeFiSqr_X7Q,분노,0.03,0.47,0.38,0.11
ih-O_O31MYM,슬픔,0.31,0.05,0.08,0.5
c5NrndxENr8,중립,0.21,0.01,0.77,0.0
CVcc25muFpI,슬픔,0.0,0.12,0.02,0.67
DlNnKbaQtak,슬픔,0.0,0.12,0.02,0.67
KVUb__WHw7o,,,,,
v0PUP-RXWZg,,,,,
M59YwerNMr8,,,,,
6W8mRjERsKo,슬픔,0.02,0.05,0.19,0.71
NFpvt02RJZQ,기쁨,0.55,0.01,0.1,0.09
Cxh7KykjOY8,공포,0.1,0.07,0.11,0.23
H_2wau5fHrk,슬픔,0.0,0.24,0.04,0.47
bBe4ga0jFVM,기쁨,0.79,0.02,0.17,0.02
dsbdehqClEE,슬픔,0.29,0.04,0.1,0.42
QthuEAOuAo4,,,,,
_Kozm7vg_Zg,분노,0.02,0.35,0.27,0.3
0xkvM5MnbCc,,,,,
Fv0mWP0TWqs,기쁨,0.52,0.01,0.23,0.05
3knjv_2IW3k,기쁨,0.55,0.03,0.37,0.01
rj_NtSYHCcA,중립,0.03,0.07,0.8,0.09
4j6NA-wNYfE,중립,0.23,0.13,0.41,0.1
ZzFfll-gAl0,중립,0.01,0.1,0.44,0.32
QelWPPzpdAs,,,,,
3fCFkaewfBU,중립,0.44,0.04,0.48,0.02
awXc6ZxEuwQ,놀람,0.19,0.06,0.03,0.06
k5uHoOMshXw,중립,0.19,0.09,0.59,0.04
eOxqOXj-xXo,놀람,0.45,0.02,0.0,0.02
ZQ7XRNtnQOM,중립,0.27,0.01,0.71,0.01
5c66Vi4dIAM,중립,0.02,0.01,0.93,0.01
UYLkAXnKeH0,,,,,
ifI1g7u4TH0,기쁨,0.56,0.01,0.41,0.02
xLu77MJ5kt4,중립,0.02,0.02,0.95,0.01
DWOph1Y6A-c,,,,,
jQmt-rEEtac,놀람,0.0,0.0,0.0,0.0
cooUAkF8TvM,슬픔,0.0,0.02,0.04,0.81
RQiRxfPB-2w,,,,,
x3hx5_3jD5s,공포,0.18,0.13,0.17,0.06
5dTOQakkPJM,,,,,
CX4Zhd3ZKKE,,,,,
Ezo_bbVSCcE,,,,,
5gWlxdYtdAY,슬픔,0.03,0.03,0.13,0.36
fAAlxGJ6Mvg,,,,,
BonHTn4ApSs,,,,,
K2ro-AIC_4A,,,,,
33pk0xf9LD0,,,,,
2vHqWvPn-0w,,,,,
Xr7pRotT3Do,,,,,
fo1oT5jfsEk,분노,0.21,0.26,0.15,0.14
dYZG0j8vSU0,분노,0.06,0.74,0.07,0.1
SKsHU9b8lPA,중립,0.06,0.08,0.6,0.1
vBwr8RPNjtg,분노,0.01,0.38,0.07,0.33
ingn42QooxI,,,,,
UjvA3VEMTks,,,,,
6FV5TZ32cEc,,,,,
Cr7QPvgpd0s,,,,,
SRyVEGlAeSo,중립,0.0,0.04,0.46,0.08
OCHBl_ZnHNI,,,,,
CwVU9ukOT-8,기쁨,0.98,0.01,0.0,0.0
OBHLQ6oNDSI,중립,0.04,0.3,0.41,0.07
jEqnsZYqQzY,중립,0.05,0.02,0.86,0.06
KJBghKg4_iI,공포,0.05,0.23,0.02,0.08
KIvGZrl_ym0,중립,0.01,0.09,0.73,0.06
9V0V1dB7QXE,중립,0.0,0.07,0.85,0.06
4Cex9GJeoTI,기쁨,0.53,0.04,0.37,0.06
0-Ti23B-gno,공포,0.03,0.06,0.31,0.05
iLLHXcjIatQ,,,,,
w8RZo0d15wA,,,,,
1v2OsLOXFI4,기쁨,0.67,0.03,0.22,0.06
4qM69WTjELU,분노,0.08,0.36,0.07,0.35
jb4I8c5yxwk,중립,0.15,0.18,0.36,0.25
_dTixQ9TTrY,중립,0.0,0.02,0.81,0.16
VG_82ZNTNi0,중립,0.0,0.01,0.79,0.19
JNlelcePaQg,,,,,
v1foIUvCc8c,중립,0.26,0.01,0.52,0.16
JEVadBMK7Jc,기쁨,0.97,0.0,0.0,0.01
9vWin8n-J2U,분노,0.02,0.32,0.3,0.31
EjhY2uUDuCU,분노,0.09,0.42,0.07,0.21
bMiq9RBx8lU,,,,,
RJWhWspycus,기쁨,0.43,0.02,0.4,0.11
E3hLNJcW9m4,기쁨,0.81,0.04,0.04,0.08
jk0reAZBOt4,,,,,
gCjt8Q_YQg0,슬픔,0.13,0.15,0.17,0.38
nH_DiQMO94I,,,,,
6_SLlxr4TIU,,,,,
7Te3ooXcKZE,,,,,
izhLxd-TzNg,,,,,
DTl-KZpMEqI,중립,0.0,0.23,0.72,0.04
tDecn3t5rWs,,,,,
TGZoeOOK9CA,,,,,
whdkUkeuAec,,,,,
_0fqECzZueE,,,,,
Fg4Jkf8r49s,,,,,
1JaEEWop0W8,,,,,
mRIkr8ezFQM,놀람,0.06,0.07,0.04,0.37
8EKOQS7SMJk,기쁨,0.97,0.0,0.0,0.01
u07QbYT1d_o,분노,0.0,0.88,0.03,0.07
6iPGdvRpqCc,기쁨,0.29,0.07,0.08,0.29
S11TAoJqyaQ,,,,,
8JOy2Av8DlQ,중립,0.08,0.15,0.34,0.29
x-BguHAJk74,슬픔,0.2,0.05,0.15,0.32
OvgJ1myC_JQ,,,,,
vFvDn5cU0gc,중립,0.06,0.14,0.59,0.12
FtXwLTZaE3M,중립,0.04,0.04,0.85,0.07
9NGMrKNNZxU,슬픔,0.21,0.22,0.02,0.25
E49wrO-wvzo,중립,0.26,0.07,0.52,0.12
svs_crMJU2M,기쁨,0.39,0.25,0.18,0.12
cKd1SQc7UZQ,중립,0.02,0.01,0.94,0.01
dQZ0fj05yaY,공포,0.0,0.16,0.0,0.22
PQm9jForqSI,중립,0.0,0.02,0.82,0.11
Br1DwFDw0vQ,슬픔,0.0,0.04,0.02,0.83
kcuXq1Xq2Yw,기쁨,0.97,0.0,0.03,0.0
jKcHLP_cqNg,놀람,0.02,0.03,0.32,0.03
qMmjJcGlUaY,슬픔,0.0,0.1,0.2,0.69
qHjOHT_m3zs,기쁨,0.99,0.0,0.01,0.0
VvUNH3varhE,기쁨,0.96,0.0,0.03,0.0
GXYeSNqrrGs,슬픔,0.0,0.0,0.0,0.99
K3dlMvzgm9Q,슬픔,0.0,0.2,0.08,0.53
XgJBZvHm0cE,분노,0.0,0.39,0.0,0.19
5CXdqWJIXZY,기쁨,0.53,0.07,0.08,0.22
hMIxhpzrbxY,슬픔,0.0,0.19,0.0,0.52
a95L9K2-EYA,기쁨,0.99,0.0,0.0,0.0
KaJKt8jtH-c,중립,0.25,0.01,0.44,0.24
NLb2ClX3Epk,,,,,
wjpmq7BMDvk,중립,0.01,0.12,0.43,0.42
QeD8s8e2sqY,,,,,
o5GhDCBj3wY,분노,0.08,0.45,0.14,0.12
VnooiKI2O0I,슬픔,0.0,0.19,0.25,0.53
GKlVo9n2cWA,기쁨,0.84,0.03,0.05,0.05
EbCHdKtiNAE,,,,,
tB8rYH6OXRI,슬픔,0.02,0.15,0.02,0.61
jyskXE2adHI,슬픔,0.02,0.3,0.07,0.44
FuUgK33E4v8,중립,0.01,0.11,0.71,0.1
YYfEyjxqkv8,슬픔,0.15,0.1,0.06,0.55
1Q9PzgCTIsE,중립,0.01,0.06,0.73,0.16
_eEbfh39eFw,분노,0.0,0.76,0.1,0.08
S7vKy6qVlrs,분노,0.0,0.91,0.01,0.04
ayCQOuwE-sM,분노,0.33,0.49,0.04,0.09
7Z8nWnsst-o,슬픔,0.0,0.01,0.0,0.89
WU-pLQOJ6R0,중립,0.0,0.12,0.71,0.06
3y0Oqxt81Ak,중립,0.01,0.02,0.72,0.23
O29dGIjpfZI,슬픔,0.0,0.01,0.04,0.85
jYDbMyWIglo,놀람,0.0,0.25,0.0,0.0
jmBWpMSUgpE,공포,0.0,0.0,0.0,0.0
hyxuaIrFdus,기쁨,0.82,0.0,0.0,0.0
4rCk_wvgmqI,중립,0.14,0.11,0.38,0.1
BvbuNob4VHA,,,,,
Fuv3pQFI31g,,,,,
MFVZMUJ1T3s,공포,0.01,0.12,0.27,0.19
Zcrs0urwlFs,,,,,
BAkkh19ScOw,,,,,
omvGSrog-mo,분노,0.16,0.24,0.19,0.15
2cO9dm0v0cY,,,,,
RwG98BFFiok,기쁨,0.8,0.12,0.04,0.01
FfdH8XHvgw0,놀람,0.2,0.02,0.03,0.23
cuvWmCP4CnQ,기쁨,0.84,0.01,0.09,0.03
eoWAWxmX6d8,중립,0.01,0.28,0.44,0.13
24Cd-8uZiJk,중립,0.15,0.01,0.72,0.12
dnDdByOaQmE,슬픔,0.15,0.2,0.02,0.47
fkfoW1Dyheg,기쁨,0.6,0.0,0.39,0.0
2UNTTl1IlGM,중립,0.07,0.05,0.81,0.06
NK5ZIlTkIVQ,공포,0.16,0.14,0.09,0.2
n6jOVeOAAN0,,,,,
_qM2rl5wbN0,분노,0.19,0.43,0.06,0.22
6Ze3Yz0t2r8,슬픔,0.29,0.05,0.19,0.42
AtmRP5PJTMI,,,,,
nQGsORo7swQ,슬픔,0.15,0.15,0.06,0.44
c49DcKo2W1o,,,,,
iofEsSr2_Xs,기쁨,0.85,0.02,0.01,0.07
XwMl1AyKCgo,슬픔,0.05,0.03,0.12,0.7
deQ5o4FJbQA,기쁨,0.57,0.03,0.19,0.11
-Ln8aXH9eEc,,,,,
24KCVwT5Lj0,분노,0.01,0.34,0.26,0.27
ni-uHOgn5Es,중립,0.02,0.36,0.56,0.01
_QGWxHNLqS8,중립,0.03,0.3,0.53,0.08
ZrfeDHPF1UM,중립,0.0,0.08,0.76,0.1
0z3rzWI0MDs,분노,0.02,0.37,0.09,0.12
oblGUnoxjHo,중립,0.12,0.14,0.32,0.25
QDCUWPniE9I,기쁨,0.74,0.02,0.2,0.02
OeRmK_4sk9E,,,,,
Fpb0UpWGdQY,중립,0.02,0.13,0.54,0.26
LDN9zuzahNc,기쁨,0.62,0.06,0.21,0.08
a-B6mXct4Cc,중립,0.0,0.08,0.46,0.4
KMcuA0F675s,중립,0.02,0.02,0.91,0.04
sCsQc2ipzCg,기쁨,0.67,0.0,0.32,0.0
lAt4gXT0t3I,중립,0.06,0.03,0.84,0.04
ykitzIkEFcA,중립,0.0,0.04,0.86,0.09
w5bjALejpq8,중립,0.1,0.05,0.62,0.03
KJ-TUn6pF1Q,중립,0.01,0.05,0.75,0.04
N6vcmZq2ZiU,중립,0.0,0.01,0.89,0.04
W4T60dDDzgk,슬픔,0.08,0.02,0.31,0.38
ZLcb9fyt1d4,중립,0.0,0.02,0.52,0.45
nSOWMHuSmdI,중립,0.05,0.11,0.37,0.08
cnpPSzVPcGU,,,,,
bW5C1TnMFDY,슬픔,0.02,0.16,0.05,0.44
pNy7fcZGBcs,중립,0.19,0.11,0.36,0.2
emTD9nRUjkk,기쁨,0.44,0.09,0.17,0.15
sIoJFFGpyuU,기쁨,0.55,0.12,0.06,0.17
pYz3zqSyDw0,,,,,
ou-dCXoyBU8,기쁨,0.92,0.0,0.07,0.0
vqPZqA-fSUA,기쁨,0.97,0.0,0.02,0.0
duNyajGCAsg,중립,0.02,0.03,0.86,0.05
SMRmuKuschY,,,,,
tZVy1iE8kwk,중립,0.02,0.13,0.49,0.28
Vh0RgqpeBT0,기쁨,1.0,0.0,0.0,0.0
Ip3i4FVRTig,슬픔,0.01,0.15,0.34,0.44
yd0QZlHst9E,기쁨,0.71,0.01,0.19,0.05
Khbiwis7DjE,기쁨,0.3,0.18,0.22,0.11
9zxS3vNmoVs,중립,0.04,0.02,0.92,0.02
f92RrfuxuO8,분노,0.01,0.52,0.12,0.17
KhElpx9hH70,놀람,0.02,0.06,0.1,0.1
prKNkcBIWU8,공포,0.0,0.24,0.09,0.25
lRk9kwVIXKg,,,,,
VwCqHiUT7Rc,기쁨,0.42,0.1,0.04,0.12
2URzwrUEjtw,기쁨,0.29,0.27,0.24,0.17
P5CT1_l2h0E,슬픔,0.06,0.05,0.13,0.59
c_BZCAwQhpU,중립,0.09,0.04,0.34,0.23
b5VeqB0aqec,기쁨,0.38,0.05,0.05,0.26
aujbutc08Eg,기쁨,0.92,0.01,0.06,0.0
8sTqTPrarCM,슬픔,0.12,0.09,0.18,0.51
o2JsUejJOKE,기쁨,0.97,0.0,0.0,0.0
P6DEnmaodME,,,,,
isWLv0j3Y_o,기쁨,0.97,0.0,0.03,0.0
1IL1z1W-FCs,슬픔,0.06,0.08,0.06,0.54
awx3oZoJwAc,기쁨,0.74,0.11,0.09,0.05
_trt4ClogXI,슬픔,0.04,0.04,0.2,0.65
AMbOW1S-Ajw,슬픔,0.36,0.01,0.13,0.46
LvK3TZB_XYM,분노,0.01,0.52,0.01,0.22
jEkZPRIwz_k,슬픔,0.02,0.33,0.06,0.37
0jE5zdC_wVg,중립,0.27,0.04,0.41,0.24
SMV0KEDcMZU,기쁨,0.35,0.23,0.04,0.1
wP9CizLiilM,,,,,
OKnxt_4kpKY,슬픔,0.12,0.05,0.04,0.55
4ppaLBtC9CE,기쁨,0.76,0.03,0.16,0.04
v2l0YA676ZY,기쁨,0.91,0.0,0.09,0.0
OiwfKctVVOo,기쁨,0.96,0.01,0.01,0.01
yjquFz5e2_g,중립,0.05,0.05,0.73,0.17
Hoh2EDHU1dg,슬픔,0.06,0.03,0.03,0.7
ZA3mKgcu0rs,기쁨,0.74,0.03,0.18,0.04
s7UaQbAMsFw,기쁨,0.89,0.0,0.1,0.0
_Zf_YssuqrU,기쁨,0.97,0.0,0.0,0.01
AItqf5_zmGM,중립,0.06,0.05,0.74,0.15
qpKj0XDigEk,분노,0.0,0.88,0.0,0.08
ElJP2_OqRWs,슬픔,0.0,0.25,0.33,0.34
QEX1uAjc66U,기쁨,0.98,0.0,0.0,0.0
1yZjIqJSexA,공포,0.09,0.15,0.0,0.2
zxQytWXTS5c,,,,,
8mx7eIWcHH0,,,,,
4G8hduWVdWA,슬픔,0.06,0.25,0.07,0.55
dru-HRKTQVo,,,,,
LxM07KucAyQ,기쁨,0.98,0.0,0.01,0.0
mD2NxxLT7ZM,,,,,
o1W2EoccKc8,기쁨,0.99,0.0,0.01,0.0
R3kmimCYlpA,,,,,
EBPiqJh4odQ,기쁨,0.98,0.0,0.0,0.02
HfsgFq4xmIs,,,,,
Vt2wtT7a1qs,중립,0.11,0.0,0.78,0.07
Xz4mlKRefKA,,,,,
pf0Q3TygP9Q,기쁨,0.99,0.0,0.0,0.0
vjsTKmP_ZIY,분노,0.24,0.46,0.04,0.15
w8FZa9YzmYM,,,,,
6_7W2Wyldsg,슬픔,0.12,0.04,0.06,0.43
8yemnzoIkHs,분노,0.05,0.46,0.13,0.12
0aOxFxF8c8Q,슬픔,0.02,0.09,0.15,0.72
jVELTG8NdqQ,슬픔,0.0,0.29,0.07,0.51
vACWjnkweHk,기쁨,0.55,0.24,0.05,0.04
el1IGH1Qrxs,슬픔,0.0,0.02,0.01,0.87
_R5Xj3kG7ow,,,,,
jXrCYx6vbK0,슬픔,0.01,0.0,0.15,0.43
shbA2e5tZNA,슬픔,0.01,0.15,0.09,0.63
HImPMXkUvgg,슬픔,0.0,0.07,0.01,0.67
nq-p-VzhtZE,기쁨,0.75,0.02,0.11,0.09
HcYMVcw6uvs,기쁨,0.33,0.18,0.27,0.17
XXDgu5L8ZJc,슬픔,0.0,0.08,0.11,0.7
FP1U_9Hhccs,,,,,
6P7xpX3uKEA,분노,0.21,0.28,0.12,0.26
pXJQCKj6eh0,슬픔,0.21,0.19,0.11,0.3
E-ESSiIZwVg,기쁨,0.39,0.15,0.09,0.15
o5i-Rxl_UzA,슬픔,0.16,0.03,0.19,0.54
pBvPKwK3LkI,슬픔,0.01,0.05,0.36,0.38
1g1f5uQFmGk,분노,0.0,0.38,0.09,0.1
fhkScmNLwSs,공포,0.05,0.05,0.1,0.07
RrFHct6vJgA,중립,0.0,0.02,0.59,0.08
4LxCZUenIM0,기쁨,0.34,0.16,0.33,0.04
8nhEPitREG0,중립,0.01,0.02,0.72,0.18
oqh0-Leo36E,중립,0.0,0.01,0.92,0.05
ngbNAv6a2Ek,중립,0.02,0.05,0.81,0.06
4YAHASbKfL4,슬픔,0.0,0.06,0.27,0.54
g_6WlzMl_QI,중립,0.0,0.02,0.68,0.11
BAzEcAZXcGs,슬픔,0.23,0.1,0.16,0.4
U3_0cDmApj8,,,,,
8k338ZOM5Kc,중립,0.26,0.04,0.53,0.14
2QiabFEtHWs,슬픔,0.05,0.06,0.35,0.42
J5XU37hcocA,,,,,
dt6LRI3cPJA,,,,,
5ZGndbl9JCo,,,,,
UhszI29e_Ic,기쁨,0.47,0.19,0.08,0.07
dU8FmNWUgLE,중립,0.03,0.02,0.84,0.06
rHMc38hz3-A,중립,0.02,0.05,0.91,0.01
RRxmbvJ6j7k,중립,0.01,0.06,0.87,0.05
ShOwtqPW5vo,중립,0.05,0.04,0.32,0.3
b4vbDNfLRGQ,중립,0.04,0.02,0.85,0.07
NeMN2UWEqOc,놀람,0.04,0.01,0.01,0.0
xorK0zQK4hQ,중립,0.04,0.11,0.41,0.06
FAbv_RjaBvY,기쁨,0.75,0.03,0.16,0.04
Su9kZTRpZ_Q,중립,0.26,0.02,0.68,0.02
PB4tbc32JQ4,중립,0.05,0.03,0.85,0.04
CuNWtOfRArw,,,,,
dS2dktPO27U,,,,,
Jv5pE-Up5o8,,,,,
V9zrD4vIZBI,,,,,
ztBKhGAul9Y,,,,,
_dE4GqauOUA,,,,,
r4fQl_5cqWE,,,,,
VJtZkTbSEGI,분노,0.25,0.49,0.08,0.03
-dhbC7j8pmI,슬픔,0.05,0.06,0.13,0.74
H7rMsfjq_lc,분노,0.03,0.43,0.19,0.2
19m1eVifcpY,중립,0.03,0.06,0.51,0.25
46HxwYUZ5rU,중립,0.24,0.31,0.33,0.1
xK7cwB1wGjU,중립,0.01,0.04,0.73,0.1
huhqQFTdwhs,슬픔,0.0,0.0,0.0,0.99
PsQf56VNh_o,공포,0.18,0.16,0.17,0.05
_eORmuXWq7g,중립,0.03,0.05,0.49,0.4
KTtZYq64wzo,분노,0.0,0.8,0.05,0.12
h3DhoUHB0G4,중립,0.1,0.21,0.27,0.14
